accident_id,datetime,annee,mois,jour,heure,minute,departement,commune_insee,adresse,latitude,longitude,luminosite,agglomeration,intersection,meteo,collision,nb_vehicules,nb_usagers,nb_indemnes,nb_tues,nb_blesses_hosp,nb_blesses_legers,age_cond_1,age_cond_2,veh_type_cond_1,veh_type_cond_2,lum_code,agg_code,int_code,atm_code,col_code
201300000527,0013-07-29 03:00:00,13,7,29,3,0,600,139,,,,Nuit sans éclairage public,Hors agglomération,Hors intersection,Normale,Deux véhicules - arrière,,,,,,,,,,,3,1,1,1.0,2
201300000528,0013-09-21 17:00:00,13,9,21,17,0,600,139,rue du 11 novembre RD924,,,Plein jour,En agglomération,Hors intersection,Normale,Deux véhicules - côté,,,,,,,,,,,1,2,1,1.0,3
201300000529,0013-10-26 20:45:00,13,10,26,20,45,600,197,,,,Nuit sans éclairage public,Hors agglomération,Hors intersection,Normale,Deux véhicules - frontale,,,,,,,,,,,3,1,1,1.0,1
201300000530,0013-11-19 06:30:00,13,11,19,6,30,600,139,,49.176,2.218,Nuit avec éclairage non allumé,Hors agglomération,Hors intersection,Pluie légère,Deux véhicules - frontale,,,,,,,,,,,4,1,1,2.0,1
201300000531,0013-04-22 09:00:00,13,4,22,9,0,600,141,Avenue du General Lecler,,,Plein jour,En agglomération,Intersection en T,Normale,Deux véhicules - côté,,,,,,,,,,,1,2,3,1.0,3
201300000532,0013-05-11 01:15:00,13,5,11,1,15,600,695,route de Senlis,,,Nuit avec éclairage allumé,En agglomération,Hors intersection,Normale,Autre collision,,,,,,,,,,,5,2,1,1.0,6
201300000533,0013-07-09 21:00:00,13,7,9,21,0,600,282,,,,Plein jour,Hors agglomération,Hors intersection,Normale,Autre collision,,,,,,,,,,,1,1,1,1.0,6
201300000534,0013-07-31 16:45:00,13,7,31,16,45,600,282,,,,Plein jour,Hors agglomération,Hors intersection,Pluie légère,Deux véhicules - frontale,,,,,,,,,,,1,1,1,2.0,1
201300000535,0013-09-26 08:00:00,13,9,26,8,0,600,141,av du General Leclerc,,,Plein jour,En agglomération,Hors intersection,Temps couvert,Deux véhicules - côté,,,,,,,,,,,1,2,1,8.0,3
201300000536,0013-10-15 11:00:00,13,10,15,11,0,600,346,chemin des peupliers,,,Plein jour,En agglomération,Hors intersection,Normale,Autre collision,,,,,,,,,,,1,2,1,1.0,6
201300000537,0013-10-17 13:30:00,13,10,17,13,30,600,141,AVENUE GENERAL LECLERC,,,Plein jour,En agglomération,Hors intersection,Normale,Deux véhicules - frontale,,,,,,,,,,,1,2,1,1.0,1
201300000538,0013-12-23 16:45:00,13,12,23,16,45,600,282,35 RUE DE LA MAIRIE,,,Plein jour,En agglomération,Hors intersection,Normale,Autre collision,,,,,,,,,,,1,2,1,1.0,6
201300000539,0013-03-10 20:45:00,13,3,10,20,45,600,238,,,,Nuit avec éclairage allumé,En agglomération,Intersection en X,Normale,Deux véhicules - côté,,,,,,,,,,,5,2,2,1.0,3
201300000540,0013-05-01 22:15:00,13,5,1,22,15,600,238,,,,Nuit avec éclairage allumé,Hors agglomération,Hors intersection,Pluie légère,Deux véhicules - arrière,,,,,,,,,,,5,1,1,2.0,2
201300000541,0013-05-23 08:30:00,13,5,23,8,30,600,589,rue de la solidarite,,,Plein jour,En agglomération,Giratoire,Pluie légère,Deux véhicules - frontale,,,,,,,,,,,1,2,6,2.0,1
201300000542,0013-07-13 22:45:00,13,7,13,22,45,600,670,,,,Nuit sans éclairage public,En agglomération,Hors intersection,Normale,Autre collision,,,,,,,,,,,3,2,1,1.0,6
201300000543,0013-07-15 16:45:00,13,7,15,16,45,600,589,rue claire lacombe,,,Plein jour,En agglomération,Hors intersection,Normale,Deux véhicules - arrière,,,,,,,,,,,1,2,1,1.0,2
201300000544,0013-07-21 18:00:00,13,7,21,18,0,600,589,rue Claire LACOMBE,,,Plein jour,En agglomération,Giratoire,Normale,Deux véhicules - frontale,,,,,,,,,,,1,2,6,1.0,1
201300000545,0013-11-18 19:30:00,13,11,18,19,30,600,670,,,,Nuit avec éclairage allumé,Hors agglomération,Hors intersection,Normale,Deux véhicules - côté,,,,,,,,,,,5,1,1,1.0,3
201300000546,0013-02-24 17:00:00,13,2,24,17,0,600,661,,,,Plein jour,Hors agglomération,Intersection en T,Normale,Deux véhicules - côté,,,,,,,,,,,1,1,3,1.0,3
201300000547,0013-03-15 17:45:00,13,3,15,17,45,600,176,boulevard Victor Hugo,,,Plein jour,En agglomération,Hors intersection,Normale,Autre collision,,,,,,,,,,,1,2,1,1.0,6
201300000548,0013-03-20 20:45:00,13,3,20,20,45,600,656,D 20,,,Nuit avec éclairage allumé,En agglomération,Intersection en X,Normale,Sans collision,,,,,,,,,,,5,2,2,1.0,7
201300000549,0013-03-29 22:45:00,13,3,29,22,45,600,176,Rue de la sablonniere,,,Nuit avec éclairage allumé,En agglomération,Hors intersection,Normale,Deux véhicules - côté,,,,,,,,,,,5,2,1,1.0,3
201300000550,0013-03-31 17:00:00,13,3,31,17,0,600,231,,,,Plein jour,Hors agglomération,Hors intersection,Normale,Sans collision,,,,,,,,,,,1,1,1,1.0,7
201300000551,0013-08-10 20:00:00,13,8,10,20,0,600,69,,,,Plein jour,Hors agglomération,Hors intersection,Normale,Autre collision,,,,,,,,,,,1,1,1,1.0,6
201300000552,0013-03-13 22:15:00,13,3,13,22,15,600,79,,,,Nuit sans éclairage public,Hors agglomération,Hors intersection,Neige / grêle,Deux véhicules - arrière,,,,,,,,,,,3,1,1,4.0,2
201300000553,0013-07-31 17:30:00,13,7,31,17,30,600,341,,,,Plein jour,Hors agglomération,Hors intersection,Normale,Deux véhicules - arrière,,,,,,,,,,,1,1,1,1.0,2
201300000554,0013-08-18 07:30:00,13,8,18,7,30,600,500,,,,Plein jour,Hors agglomération,Hors intersection,Normale,Deux véhicules - arrière,,,,,,,,,,,1,1,1,1.0,2
201300000555,0013-09-16 09:30:00,13,9,16,9,30,600,79,,,,Plein jour,Hors agglomération,Hors intersection,Temps couvert,Deux véhicules - côté,,,,,,,,,,,1,1,1,8.0,3
201300000556,0013-10-24 11:45:00,13,10,24,11,45,600,79,,,,Plein jour,Hors agglomération,Hors intersection,Normale,Deux véhicules - côté,,,,,,,,,,,1,1,1,1.0,3
201300000557,0013-11-04 15:45:00,13,11,4,15,45,600,489,,,,Plein jour,Hors agglomération,Hors intersection,Pluie légère,Autre collision,,,,,,,,,,,1,1,1,2.0,6
201300000558,0013-12-05 07:45:00,13,12,5,7,45,600,500,,49.097,2.749,Crépuscule ou aube,En agglomération,Hors intersection,Brouillard / fumée,Deux véhicules - côté,,,,,,,,,,,2,2,1,5.0,3
201300000559,0013-12-14 15:15:00,13,12,14,15,15,600,226,,,,Plein jour,Hors agglomération,Hors intersection,Normale,Sans collision,,,,,,,,,,,1,1,1,1.0,7
201300000560,0013-12-18 12:00:00,13,12,18,12,0,600,47,,,,Plein jour,Hors agglomération,Hors intersection,Normale,Trois véhicules et plus - collisions multiples,,,,,,,,,,,1,1,1,1.0,5
201300000561,0013-12-21 21:00:00,13,12,21,21,0,600,446,Rue Jules DUBRULLE,,,Nuit avec éclairage allumé,En agglomération,Hors intersection,Normale,Sans collision,,,,,,,,,,,5,2,1,1.0,7
201300000562,0013-03-22 17:30:00,13,3,22,17,30,600,667,,,,Plein jour,Hors agglomération,Intersection en X,Temps couvert,Deux véhicules - côté,,,,,,,,,,,1,1,2,8.0,3
201300000563,0013-10-12 18:30:00,13,10,12,18,30,600,508,,,,Plein jour,En agglomération,Hors intersection,Normale,Trois véhicules et plus - collisions multiples,,,,,,,,,,,1,2,1,1.0,5
201300000564,0013-10-29 18:15:00,13,10,29,18,15,600,509,,,,Crépuscule ou aube,Hors agglomération,Hors intersection,Normale,Deux véhicules - frontale,,,,,,,,,,,2,1,1,1.0,1
201300000565,0013-06-05 10:15:00,13,6,5,10,15,760,728,,49.47516,1.02272,Plein jour,Hors agglomération,Hors intersection,Normale,Trois véhicules et plus - en chaîne,,,,,,,,,,,1,1,1,1.0,4
201300000566,0013-06-07 12:15:00,13,6,7,12,15,760,503,,49.53015,1.01302,Plein jour,Hors agglomération,Hors intersection,Normale,Deux véhicules - frontale,,,,,,,,,,,1,1,1,1.0,1
201300000567,0013-06-23 16:00:00,13,6,23,16,0,760,367,,49.50406,1.09055,Plein jour,Hors agglomération,Hors intersection,Normale,Deux véhicules - arrière,,,,,,,,,,,1,1,1,1.0,2
201300000568,0013-06-27 22:15:00,13,6,27,22,15,760,354,,49.46781,0.95166,Crépuscule ou aube,Hors agglomération,Hors intersection,Normale,Deux véhicules - côté,,,,,,,,,,,2,1,1,1.0,3
201300000569,0013-09-09 08:15:00,13,9,9,8,15,760,503,,49.51817,0.99915,Plein jour,Hors agglomération,Hors intersection,Normale,Deux véhicules - arrière,,,,,,,,,,,1,1,1,1.0,2
201300000570,0013-10-04 20:45:00,13,10,4,20,45,760,354,,49.47518,0.94495,Nuit sans éclairage public,Hors agglomération,Hors intersection,Normale,Autre collision,,,,,,,,,,,3,1,1,1.0,6
201300000571,0013-02-16 16:30:00,13,2,16,16,30,760,547,,49.56143,1.26409,Plein jour,Hors agglomération,Intersection en X,Normale,Deux véhicules - côté,,,,,,,,,,,1,1,2,1.0,3
201300000572,0013-03-31 04:15:00,13,3,31,4,15,760,443,,49.56304,1.12238,Nuit sans éclairage public,Hors agglomération,Hors intersection,Autre,Autre collision,,,,,,,,,,,3,1,1,9.0,6
201300000573,0013-07-09 17:30:00,13,7,9,17,30,760,377,"948, RTE DE NEUFCHATEL",49.49328,1.14609,Plein jour,En agglomération,Hors intersection,Normale,Deux véhicules - frontale,,,,,,,,,,,1,2,1,1.0,1
201300000574,0013-07-23 21:45:00,13,7,23,21,45,760,271,,49.55936,1.12027,Crépuscule ou aube,Hors agglomération,Hors intersection,Normale,Sans collision,,,,,,,,,,,2,1,1,1.0,7
201300000575,0013-08-26 14:45:00,13,8,26,14,45,760,547,,49.57029,1.27045,Plein jour,Hors agglomération,Hors intersection,Normale,Deux véhicules - côté,,,,,,,,,,,1,1,1,1.0,3
201300000576,0013-09-19 17:45:00,13,9,19,17,45,760,105,RTE DE CLERES,49.60234,1.08171,Plein jour,En agglomération,Intersection en X,Temps couvert,Deux véhicules - côté,,,,,,,,,,,1,2,2,8.0,3
201300000577,0013-09-26 10:15:00,13,9,26,10,15,760,179,R EDMOND SPALIKOWSKI,49.60131,1.11714,Plein jour,En agglomération,Intersection en T,Pluie légère,Deux véhicules - côté,,,,,,,,,,,1,2,3,2.0,3
201300000578,0013-12-06 11:15:00,13,12,6,11,15,760,377,R DE L EGLISE,49.49693,1.1471,Plein jour,En agglomération,Hors intersection,Temps éblouissant,Autre collision,,,,,,,,,,,1,2,1,7.0,6
201300000579,0013-12-23 08:45:00,13,12,23,8,45,760,675,,49.58131,1.04955,Plein jour,Hors agglomération,Hors intersection,Normale,Trois véhicules et plus - collisions multiples,,,,,,,,,,,1,1,1,1.0,5
201300000580,0013-05-09 18:30:00,13,5,9,18,30,760,81,R JEANNE D ARC,49.95912,1.18784,Plein jour,En agglomération,Intersection en T,Normale,Deux véhicules - frontale,,,,,,,,,,,1,2,3,1.0,1
201300000581,0013-06-27 17:30:00,13,6,27,17,30,760,235,,49.89769,1.28086,Plein jour,Hors agglomération,Hors intersection,Normale,Autre collision,,,,,,,,,,,1,1,1,1.0,6
201300000582,0013-11-27 13:30:00,13,11,27,13,30,760,582,,49.82719,1.20152,Plein jour,Hors agglomération,Hors intersection,Normale,Autre collision,,,,,,,,,,,1,1,1,1.0,6
201300000583,0013-10-07 10:30:00,13,10,7,10,30,760,235,"39, R DES CANADIENS",49.89781,1.25623,Plein jour,En agglomération,Hors intersection,Temps éblouissant,Autre collision,,,,,,,,,,,1,2,1,7.0,6
201300000584,0013-07-05 19:00:00,13,7,5,19,0,760,605,,49.90989,0.94192,Plein jour,Hors agglomération,Hors intersection,Normale,Autre collision,,,,,,,,,,,1,1,1,1.0,6
201300000585,0013-12-05 14:00:00,13,12,5,14,0,760,731,RUE DE L EGLISE,49.79435,0.9054,Plein jour,En agglomération,Intersection en X,Normale,Deux véhicules - côté,,,,,,,,,,,1,2,2,1.0,3
201300000586,0013-07-14 05:45:00,13,7,14,5,45,760,34,,49.72046,1.12831,Crépuscule ou aube,Hors agglomération,Hors intersection,Brouillard / fumée,Autre collision,,,,,,,,,,,2,1,1,5.0,6
201300000587,0013-08-08 15:30:00,13,8,8,15,30,760,96,,49.70663,1.05011,Plein jour,Hors agglomération,Hors intersection,Normale,Deux véhicules - arrière,,,,,,,,,,,1,1,1,1.0,2
201300000588,0013-08-18 12:15:00,13,8,18,12,15,760,602,ROUTE D ORDEMARE,49.69212,1.11048,Plein jour,Hors agglomération,Hors intersection,Normale,Autre collision,,,,,,,,,,,1,1,1,1.0,6
201300000589,0013-01-25 16:15:00,13,1,25,16,15,760,448,,49.41415,1.25909,Plein jour,Hors agglomération,Hors intersection,Normale,Deux véhicules - frontale,,,,,,,,,,,1,1,1,1.0,1
201300000590,0013-02-23 18:00:00,13,2,23,18,0,760,514,,49.36593,1.17668,Plein jour,Hors agglomération,Hors intersection,Temps couvert,Sans collision,,,,,,,,,,,1,1,1,8.0,7
201300000591,0013-03-06 13:00:00,13,3,6,13,0,760,69,,49.3973,1.15422,Plein jour,Hors agglomération,Hors intersection,Normale,Autre collision,,,,,,,,,,,1,1,1,1.0,6
201300000592,0013-06-04 19:15:00,13,6,4,19,15,760,313,,49.35498,1.12979,Plein jour,Hors agglomération,Hors intersection,Normale,Deux véhicules - côté,,,,,,,,,,,1,1,1,1.0,3
201300000593,0013-06-26 07:30:00,13,6,26,7,30,760,514,,49.36693,1.17543,Plein jour,Hors agglomération,Hors intersection,Normale,Deux véhicules - côté,,,,,,,,,,,1,1,1,1.0,3
201300000594,0013-07-08 08:15:00,13,7,8,8,15,760,475,"1361, RTE DE PARIS",49.39967,1.17194,Plein jour,En agglomération,Hors intersection,Normale,Deux véhicules - côté,,,,,,,,,,,1,2,1,1.0,3
201300000595,0013-07-30 18:15:00,13,7,30,18,15,760,448,,49.40969,1.23964,Crépuscule ou aube,En agglomération,Hors intersection,Pluie légère,Autre collision,,,,,,,,,,,2,2,1,2.0,6
201300000596,0013-08-04 15:15:00,13,8,4,15,15,760,116,99 route de Paris,49.38871,1.20198,Plein jour,En agglomération,Intersection en Y,Normale,Deux véhicules - frontale,,,,,,,,,,,1,2,4,1.0,1
201300000597,0013-11-27 10:00:00,13,11,27,10,0,760,558,,49.39356,1.17143,Plein jour,Hors agglomération,Hors intersection,Normale,Deux véhicules - frontale,,,,,,,,,,,1,1,1,1.0,1
201300000598,0013-12-10 19:15:00,13,12,10,19,15,760,285,,49.41327,1.31386,Nuit sans éclairage public,Hors agglomération,Intersection en X,Normale,Autre collision,,,,,,,,,,,3,1,2,1.0,6
201300000599,0013-06-16 18:30:00,13,6,16,18,30,760,473,RD 65,49.49224,0.76528,Plein jour,En agglomération,Hors intersection,Normale,Autre collision,,,,,,,,,,,1,2,1,1.0,6
201300000600,0013-06-17 10:45:00,13,6,17,10,45,760,750,,49.45907,0.8241,Plein jour,Hors agglomération,Hors intersection,Pluie légère,Autre collision,,,,,,,,,,,1,1,1,2.0,6
201300000601,0013-07-09 15:30:00,13,7,9,15,30,760,222,"142, R DE VERDUN",49.48216,0.8743,Plein jour,En agglomération,Intersection en T,Normale,Autre collision,,,,,,,,,,,1,2,3,1.0,6
201300000602,0013-07-12 14:30:00,13,7,12,14,30,760,20,,49.44956,0.88669,Plein jour,Hors agglomération,Intersection en X,Normale,Deux véhicules - côté,,,,,,,,,,,1,1,2,1.0,3
201300000603,0013-12-17 13:00:00,13,12,17,13,0,760,608,D64,49.5147,0.81708,Plein jour,Hors agglomération,Giratoire,Normale,Deux véhicules - côté,,,,,,,,,,,1,1,6,1.0,3
201300000604,0013-12-07 20:00:00,13,12,7,20,0,760,20,"280, RTE DE BOURG ACHARD",49.45428,0.88745,Nuit avec éclairage allumé,Hors agglomération,Hors intersection,Normale,Deux véhicules - arrière,,,,,,,,,,,5,1,1,1.0,2
201300000605,0013-01-12 01:45:00,13,1,12,1,45,760,726,RTE D YPORT,49.7283,0.28037,Nuit sans éclairage public,En agglomération,Intersection en T,Normale,Autre collision,,,,,,,,,,,3,2,3,1.0,6
201300000606,0013-02-15 16:15:00,13,2,15,16,15,760,302,,49.63442,0.33787,Plein jour,Hors agglomération,Intersection en X,Temps éblouissant,Deux véhicules - côté,,,,,,,,,,,1,1,2,7.0,3
201300000607,0013-04-01 14:45:00,13,4,1,14,45,760,14,,49.58491,0.28394,Plein jour,Hors agglomération,Hors intersection,Normale,Deux véhicules - frontale,,,,,,,,,,,1,1,1,1.0,1
201300000608,0013-04-02 15:45:00,13,4,2,15,45,760,143,,49.66091,0.35912,Plein jour,Hors agglomération,Hors intersection,Normale,Deux véhicules - frontale,,,,,,,,,,,1,1,1,1.0,1
201300000609,0013-04-07 02:00:00,13,4,7,2,0,760,224,,49.6465,0.30658,Nuit sans éclairage public,Hors agglomération,Hors intersection,Normale,Autre collision,,,,,,,,,,,3,1,1,1.0,6
201300000610,0013-04-18 13:30:00,13,4,18,13,30,760,254,Intersection CD39-CD940,49.70701,0.20559,Plein jour,En agglomération,Intersection en X,Normale,Deux véhicules - côté,,,,,,,,,,,1,2,2,1.0,3
201300000611,0013-06-08 16:30:00,13,6,8,16,30,760,196,,49.63094,0.26078,Plein jour,Hors agglomération,Hors intersection,Normale,Deux véhicules - côté,,,,,,,,,,,1,1,1,1.0,3
201300000612,0013-06-29 19:30:00,13,6,29,19,30,760,254,R NOTRE DAME,49.70784,0.20884,Plein jour,En agglomération,Hors intersection,Normale,Autre collision,,,,,,,,,,,1,2,1,1.0,6
201300000613,0013-08-21 15:15:00,13,8,21,15,15,760,716,,49.61521,0.23573,Plein jour,Hors agglomération,Hors intersection,Normale,Deux véhicules - côté,,,,,,,,,,,1,1,1,1.0,3
201300000614,0013-10-08 07:15:00,13,10,8,7,15,760,196,RTE DE VERGETOT,49.6416,0.26744,Nuit avec éclairage allumé,En agglomération,Intersection en T,Normale,Autre collision,,,,,,,,,,,5,2,3,1.0,6
201300000615,0013-10-27 20:15:00,13,10,27,20,15,760,254,R ADOLPHE BOISSAYE,49.7086,0.20319,Nuit avec éclairage allumé,En agglomération,Intersection en X,Pluie légère,Autre collision,,,,,,,,,,,5,2,2,2.0,6
201300000616,0013-10-28 18:30:00,13,10,28,18,30,760,196,,49.62918,0.26104,Nuit sans éclairage public,Hors agglomération,Hors intersection,Pluie légère,Autre collision,,,,,,,,,,,3,1,1,2.0,6
201300000617,0013-02-08 07:15:00,13,2,8,7,15,760,715,,49.59839,0.59476,Crépuscule ou aube,Hors agglomération,Hors intersection,Temps couvert,Deux véhicules - côté,,,,,,,,,,,2,1,1,8.0,3
201300000618,0013-04-14 20:30:00,13,4,14,20,30,760,90,,49.58546,0.43952,Plein jour,Hors agglomération,Hors intersection,Normale,Deux véhicules - côté,,,,,,,,,,,1,1,1,1.0,3
201300000619,0013-05-24 18:45:00,13,5,24,18,45,760,182,,49.68123,0.6553,Plein jour,Hors agglomération,Intersection en X,Pluie forte,Deux véhicules - côté,,,,,,,,,,,1,1,2,3.0,3
201300000620,0013-09-23 21:00:00,13,9,23,21,0,760,468,,49.59497,0.48424,Nuit sans éclairage public,Hors agglomération,Hors intersection,Normale,Deux véhicules - frontale,,,,,,,,,,,3,1,1,1.0,1
201300000621,0013-10-14 07:15:00,13,10,14,7,15,760,715,,49.58201,0.59817,Nuit avec éclairage allumé,Hors agglomération,Hors intersection,Pluie légère,Autre collision,,,,,,,,,,,5,1,1,2.0,6
201300000622,0013-10-15 08:15:00,13,10,15,8,15,760,90,,49.59846,0.41873,Crépuscule ou aube,Hors agglomération,Hors intersection,Temps couvert,Deux véhicules - frontale,,,,,,,,,,,2,1,1,8.0,1
201300000623,0013-12-18 05:45:00,13,12,18,5,45,760,751,,49.62755,0.52575,Nuit sans éclairage public,Hors agglomération,Hors intersection,Normale,Sans collision,,,,,,,,,,,3,1,1,1.0,7
201300000624,0013-12-31 04:15:00,13,12,31,4,15,760,627,ROUTE DE LILLEBONNE,49.53026,0.48948,Nuit avec éclairage allumé,En agglomération,Hors intersection,Pluie légère,Autre collision,,,,,,,,,,,5,2,1,2.0,6
201300000625,0013-01-05 14:15:00,13,1,5,14,15,760,303,R DE LA BRULERIE,49.5536,0.35025,Plein jour,Hors agglomération,Intersection en X,Pluie légère,Deux véhicules - côté,,,,,,,,,,,1,1,2,2.0,3
201300000626,0013-01-10 13:30:00,13,1,10,13,30,760,647,,49.54264,0.38573,Plein jour,Hors agglomération,Intersection en T,Pluie légère,Trois véhicules et plus - collisions multiples,,,,,,,,,,,1,1,3,2.0,5
201300000627,0013-02-12 10:30:00,13,2,12,10,30,760,533,RTE INDUSTRIELLE,49.47915,0.2598,Crépuscule ou aube,Hors agglomération,Hors intersection,Pluie forte,Autre collision,,,,,,,,,,,2,1,1,3.0,6
201300000628,0013-06-20 23:45:00,13,6,20,23,45,760,647,,49.52802,0.33755,Nuit sans éclairage public,Hors agglomération,Hors intersection,Pluie légère,Trois véhicules et plus - collisions multiples,,,,,,,,,,,3,1,1,2.0,5
201300000629,0013-07-08 14:45:00,13,7,8,14,45,760,303,,49.54373,0.35387,Plein jour,Hors agglomération,Hors intersection,Normale,Deux véhicules - côté,,,,,,,,,,,1,1,1,1.0,3
201300000630,0013-07-29 13:15:00,13,7,29,13,15,760,647,"13, R DUBOIS",49.53158,0.35305,Plein jour,En agglomération,Hors intersection,Normale,Autre collision,,,,,,,,,,,1,2,1,1.0,6
201300000631,0013-09-08 11:15:00,13,9,8,11,15,760,303,,49.56093,0.37468,Plein jour,Hors agglomération,Hors intersection,Normale,Deux véhicules - côté,,,,,,,,,,,1,1,1,1.0,3
201300000632,0013-10-07 17:00:00,13,10,7,17,0,760,303,D31/D80,49.55452,0.36336,Plein jour,En agglomération,Giratoire,Normale,Deux véhicules - côté,,,,,,,,,,,1,2,6,1.0,3
201300000633,0013-10-21 17:15:00,13,10,21,17,15,760,684,,49.4753,0.45861,Plein jour,Hors agglomération,Intersection en X,Normale,Deux véhicules - côté,,,,,,,,,,,1,1,2,1.0,3
201300000634,0013-11-03 05:00:00,13,11,3,5,0,760,657,,49.48721,0.31413,Nuit sans éclairage public,Hors agglomération,Hors intersection,Pluie légère,Autre collision,,,,,,,,,,,3,1,1,2.0,6
201300000635,0013-12-13 04:15:00,13,12,13,4,15,760,563,,49.52592,0.33004,Nuit sans éclairage public,Hors agglomération,Intersection en X,Pluie légère,Autre collision,,,,,,,,,,,3,1,2,2.0,6
201300000636,0013-07-09 19:00:00,13,7,9,19,0,760,487,,49.78283,1.28404,Plein jour,Hors agglomération,Intersection en T,Normale,Deux véhicules - côté,,,,,,,,,,,1,1,3,1.0,3
201300000637,0013-08-14 16:30:00,13,8,14,16,30,760,262,,49.78644,1.50403,Plein jour,Hors agglomération,Hors intersection,Normale,Deux véhicules - frontale,,,,,,,,,,,1,1,1,1.0,1
201300000638,0013-10-24 19:00:00,13,10,24,19,0,760,649,,49.68095,1.50275,Nuit sans éclairage public,Hors agglomération,Hors intersection,Temps couvert,Sans collision,,,,,,,,,,,3,1,1,8.0,7
201300000639,0013-10-26 05:00:00,13,10,26,5,0,760,677,,49.83659,1.48866,Nuit sans éclairage public,Hors agglomération,Hors intersection,Normale,Sans collision,,,,,,,,,,,3,1,1,1.0,7
201300000640,0013-11-23 15:45:00,13,11,23,15,45,760,462,ZONE INDUSTRIELLE,49.72903,1.43537,Plein jour,En agglomération,Hors intersection,Normale,Autre collision,,,,,,,,,,,1,2,1,1.0,6
201300000641,0013-11-30 07:00:00,13,11,30,7,0,760,427,,49.75163,1.40545,Nuit sans éclairage public,Hors agglomération,Hors intersection,Autre,Deux véhicules - frontale,,,,,,,,,,,3,1,1,9.0,1
201300000642,0013-12-20 17:00:00,13,12,20,17,0,760,147,1170 ROUTE DE PARIS,49.71267,1.35133,Crépuscule ou aube,En agglomération,Intersection en X,Normale,Deux véhicules - frontale,,,,,,,,,,,2,2,2,1.0,1
201300000643,0013-01-16 07:45:00,13,1,16,7,45,760,460,CD116,49.9017,1.66349,Crépuscule ou aube,En agglomération,Hors intersection,Autre,Autre collision,,,,,,,,,,,2,2,1,9.0,6
201300000644,0013-04-03 19:00:00,13,4,3,19,0,760,500,Hameau La Folie,49.87516,1.64312,Crépuscule ou aube,Hors agglomération,Hors intersection,Normale,Deux véhicules - frontale,,,,,,,,,,,2,1,1,1.0,1
201300000645,0013-06-12 08:00:00,13,6,12,8,0,760,527,,49.7976,1.67397,Plein jour,Hors agglomération,Hors intersection,Normale,Sans collision,,,,,,,,,,,1,1,1,1.0,7
201300000646,0013-11-30 17:15:00,13,11,30,17,15,760,278,R CHARLES DESJONQUIERES,49.84997,1.57007,Crépuscule ou aube,En agglomération,Hors intersection,Normale,Autre collision,,,,,,,,,,,2,2,1,1.0,6
201300000647,0013-12-07 16:45:00,13,12,7,16,45,760,372,,49.74997,1.61644,Crépuscule ou aube,Hors agglomération,Intersection en X,Pluie légère,Trois véhicules et plus - collisions multiples,,,,,,,,,,,2,1,2,2.0,5
201300000648,0013-05-30 16:15:00,13,5,30,16,15,760,532,,49.61613,1.3161,Plein jour,Hors agglomération,Intersection en X,Normale,Deux véhicules - côté,,,,,,,,,,,1,1,2,1.0,3
201300000649,0013-06-17 09:00:00,13,6,17,9,0,760,276,,49.6109,1.54667,Plein jour,En agglomération,Intersection en T,Pluie légère,Autre collision,,,,,,,,,,,1,2,3,2.0,6
201300000650,0013-06-30 18:00:00,13,6,30,18,0,760,532,,49.61295,1.32596,Plein jour,Hors agglomération,Intersection en Y,Normale,Deux véhicules - frontale,,,,,,,,,,,1,1,4,1.0,1
201300000651,0013-08-05 19:15:00,13,8,5,19,15,760,420,,49.5932,1.45016,Plein jour,Hors agglomération,Hors intersection,Normale,Deux véhicules - frontale,,,,,,,,,,,1,1,1,1.0,1
201300000652,0013-08-08 14:00:00,13,8,8,14,0,760,276,"15 bis, R DE LA LIBERATI",49.61239,1.5479,Plein jour,En agglomération,Intersection en T,Normale,Deux véhicules - côté,,,,,,,,,,,1,2,3,1.0,3
201300000653,0013-09-03 13:15:00,13,9,3,13,15,760,578,,49.65128,1.42001,Plein jour,Hors agglomération,Hors intersection,Normale,Deux véhicules - frontale,,,,,,,,,,,1,1,1,1.0,1
201300000654,0013-11-08 11:00:00,13,11,8,11,0,760,691,,49.63499,1.59125,Plein jour,Hors agglomération,Hors intersection,Pluie légère,Autre collision,,,,,,,,,,,1,1,1,2.0,6
201300000655,0013-10-13 19:00:00,13,10,13,19,0,760,345,,49.58685,1.68442,Nuit sans éclairage public,Hors agglomération,Hors intersection,Pluie forte,Deux véhicules - frontale,,,,,,,,,,,3,1,1,3.0,1
201300000656,0013-12-16 06:45:00,13,12,16,6,45,760,648,,49.65884,1.2404,Crépuscule ou aube,Hors agglomération,Hors intersection,Normale,Autre collision,,,,,,,,,,,2,1,1,1.0,6
201300000657,0013-12-12 14:30:00,13,12,12,14,30,760,432,,49.65646,1.51941,Plein jour,Hors agglomération,Hors intersection,Temps couvert,Deux véhicules - côté,,,,,,,,,,,1,1,1,8.0,3