accident_id,datetime,annee,mois,jour,heure,minute,departement,commune_insee,adresse,latitude,longitude,luminosite,agglomeration,intersection,meteo,collision,nb_vehicules,nb_usagers,nb_indemnes,nb_tues,nb_blesses_hosp,nb_blesses_legers,age_cond_1,age_cond_2,veh_type_cond_1,veh_type_cond_2,lum_code,agg_code,int_code,atm_code,col_code
201300000658,0013-06-15 19:15:00,13,6,15,19,15,760,67,,49.46601,1.62911,Plein jour,Hors agglomération,Hors intersection,Normale,Deux véhicules - frontale,,,,,,,,,,,1,1,1,1.0,1
201300000659,0013-10-11 13:15:00,13,10,11,13,15,760,312,BD MONTMORENCY,49.48058,1.72358,Plein jour,En agglomération,Hors intersection,Normale,Autre collision,,,,,,,,,,,1,2,1,1.0,6
201300000660,0013-12-06 17:45:00,13,12,6,17,45,760,229,,49.49317,1.67262,Nuit sans éclairage public,Hors agglomération,Intersection en Y,Normale,Autre collision,,,,,,,,,,,3,1,4,1.0,6
201300000661,0013-12-06 20:15:00,13,12,6,20,15,760,208,,49.51014,1.70788,Nuit sans éclairage public,Hors agglomération,Hors intersection,Temps couvert,Autre collision,,,,,,,,,,,3,1,1,8.0,6
201300000662,0013-02-10 15:00:00,13,2,10,15,0,760,718,,49.61584,0.7006,Plein jour,Hors agglomération,Hors intersection,Neige / grêle,Deux véhicules - frontale,,,,,,,,,,,1,1,1,4.0,1
201300000663,0013-03-08 20:45:00,13,3,8,20,45,760,223,,49.62081,0.82471,Nuit sans éclairage public,Hors agglomération,Intersection en X,Temps couvert,Deux véhicules - côté,,,,,,,,,,,3,1,2,8.0,3
201300000664,0013-05-27 14:30:00,13,5,27,14,30,760,718,,49.62703,0.73191,Plein jour,Hors agglomération,Intersection en T,Normale,Deux véhicules - côté,,,,,,,,,,,1,1,3,1.0,3
201300000665,0013-09-29 17:45:00,13,9,29,17,45,760,758,"45, R DES CHAMPS",49.62439,0.74998,Plein jour,En agglomération,Intersection en X,Normale,Deux véhicules - frontale,,,,,,,,,,,1,2,2,1.0,1
201300000666,0013-02-17 15:00:00,13,2,17,15,0,760,57,,49.5579,0.94879,Plein jour,Hors agglomération,Hors intersection,Normale,Deux véhicules - côté,,,,,,,,,,,1,1,1,1.0,3
201300000667,0013-03-19 14:45:00,13,3,19,14,45,760,289,CD 20 PK 15+800,49.57125,0.83469,Plein jour,En agglomération,Hors intersection,Normale,Deux véhicules - côté,,,,,,,,,,,1,2,1,1.0,3
201300000668,0013-03-23 20:00:00,13,3,23,20,0,760,135,CD 22,49.56391,0.90674,Nuit sans éclairage public,Hors agglomération,Hors intersection,Normale,Autre collision,,,,,,,,,,,3,1,1,1.0,6
201300000669,0013-04-12 09:00:00,13,4,12,9,0,760,57,"60, AV ARISTIDE BRIAND",49.54004,0.9568,Plein jour,En agglomération,Hors intersection,Normale,Autre collision,,,,,,,,,,,1,2,1,1.0,6
201300000670,0013-05-22 10:45:00,13,5,22,10,45,760,135,,49.57271,0.90497,Plein jour,En agglomération,Hors intersection,Normale,Autre collision,,,,,,,,,,,1,2,1,1.0,6
201300000671,0013-07-16 13:45:00,13,7,16,13,45,760,57,AV VICTOR HUGO,49.54695,0.95248,Plein jour,En agglomération,Intersection en T,Normale,Deux véhicules - côté,,,,,,,,,,,1,2,3,1.0,3
201300000672,0013-07-19 07:45:00,13,7,19,7,45,760,57,R DU GENERAL GIRAUD,49.54554,0.95316,Plein jour,En agglomération,Intersection en T,Temps éblouissant,Autre collision,,,,,,,,,,,1,2,3,7.0,6
201300000673,0013-07-24 16:30:00,13,7,24,16,30,760,495,RUE DE L HOSPICE,49.56356,0.95619,Plein jour,En agglomération,Hors intersection,Normale,Autre collision,,,,,,,,,,,1,2,1,1.0,6
201300000674,0013-08-03 18:45:00,13,8,3,18,45,760,99,,49.55183,0.84948,Plein jour,Hors agglomération,Intersection en T,Normale,Deux véhicules - côté,,,,,,,,,,,1,1,3,1.0,3
201300000675,0013-09-26 10:00:00,13,9,26,10,0,760,57,R SAINT HELLIER,49.54498,0.95755,Plein jour,En agglomération,Intersection en T,Pluie légère,Deux véhicules - frontale,,,,,,,,,,,1,2,3,2.0,1
201300000676,0013-09-26 13:30:00,13,9,26,13,30,760,385,RTE DE YERVILLE,49.61747,0.92372,Plein jour,En agglomération,Hors intersection,Normale,Deux véhicules - frontale,,,,,,,,,,,1,2,1,1.0,1
201300000677,0013-11-21 12:45:00,13,11,21,12,45,760,433,RD 6015,49.59171,0.87368,Plein jour,En agglomération,Hors intersection,Normale,Autre collision,,,,,,,,,,,1,2,1,1.0,6
201300000678,0013-01-13 18:00:00,13,1,13,18,0,760,159,,49.76637,0.65415,Nuit sans éclairage public,Hors agglomération,Intersection en Y,Pluie légère,Autre collision,,,,,,,,,,,3,1,4,2.0,6
201300000679,0013-01-23 14:30:00,13,1,23,14,30,760,664,,49.78975,0.67717,Plein jour,Hors agglomération,Hors intersection,Normale,Deux véhicules - côté,,,,,,,,,,,1,1,1,1.0,3
201300000680,0013-06-01 02:00:00,13,6,1,2,0,760,655,,49.86339,0.72612,Nuit avec éclairage allumé,En agglomération,Hors intersection,Normale,Autre collision,,,,,,,,,,,5,2,1,1.0,6
201300000681,0013-08-31 00:15:00,13,8,31,0,15,760,365,,49.81061,0.78841,Nuit sans éclairage public,Hors agglomération,Intersection en X,Normale,Deux véhicules - frontale,,,,,,,,,,,3,1,2,1.0,1
201300000682,0013-01-01 10:15:00,13,1,1,10,15,760,13,,49.77716,0.48766,Plein jour,Hors agglomération,Intersection en X,Normale,Deux véhicules - côté,,,,,,,,,,,1,1,2,1.0,3
201300000683,0013-01-12 12:30:00,13,1,12,12,30,760,755,,49.67696,0.51457,Plein jour,Hors agglomération,Intersection en X,Normale,Deux véhicules - côté,,,,,,,,,,,1,1,2,1.0,3
201300000684,0013-04-05 16:30:00,13,4,5,16,30,760,240,,49.71738,0.36646,Plein jour,Hors agglomération,Hors intersection,Pluie légère,Deux véhicules - frontale,,,,,,,,,,,1,1,1,2.0,1
201300000685,0013-05-20 19:00:00,13,5,20,19,0,760,68,,49.71531,0.42177,Crépuscule ou aube,Hors agglomération,Hors intersection,Pluie légère,Autre collision,,,,,,,,,,,2,1,1,2.0,6
201300000686,0013-06-02 13:00:00,13,6,2,13,0,760,529,,49.72065,0.54248,Plein jour,Hors agglomération,Hors intersection,Normale,Deux véhicules - frontale,,,,,,,,,,,1,1,1,1.0,1
201300000687,0013-06-16 15:30:00,13,6,16,15,30,760,680,RTE DU CHATEAU,49.70411,0.55243,Plein jour,En agglomération,Hors intersection,Normale,Autre collision,,,,,,,,,,,1,2,1,1.0,6
201300000688,0013-08-10 10:15:00,13,8,10,10,15,760,291,,49.718,0.34383,Plein jour,Hors agglomération,Intersection en X,Normale,Deux véhicules - côté,,,,,,,,,,,1,1,2,1.0,3
201300000689,0013-10-01 14:30:00,13,10,1,14,30,760,187,,49.72054,0.44544,Plein jour,Hors agglomération,Hors intersection,Normale,Deux véhicules - frontale,,,,,,,,,,,1,1,1,1.0,1
201300000690,0013-03-05 19:15:00,13,3,5,19,15,760,456,,49.64925,0.85088,Crépuscule ou aube,Hors agglomération,Intersection en T,Normale,Trois véhicules et plus - collisions multiples,,,,,,,,,,,2,1,3,1.0,5
201300000691,0013-08-02 15:45:00,13,8,2,15,45,760,10,,49.65444,0.95894,Plein jour,Hors agglomération,Intersection en X,Normale,Deux véhicules - côté,,,,,,,,,,,1,1,2,1.0,3
201300000692,0013-12-08 20:00:00,13,12,8,20,0,760,385,,49.62899,0.90374,Nuit sans éclairage public,Hors agglomération,Intersection en X,Normale,Autre collision,,,,,,,,,,,3,1,2,1.0,6
201300000693,0013-04-25 15:00:00,13,4,25,15,0,270,287,,48.584,1.00099,Plein jour,Hors agglomération,Hors intersection,Normale,Sans collision,,,,,,,,,,,1,1,1,1.0,7
201300000694,0013-07-07 18:45:00,13,7,7,18,45,270,238,,,,Plein jour,Hors agglomération,Hors intersection,Normale,Sans collision,,,,,,,,,,,1,1,1,1.0,7
201300000695,0013-07-08 09:15:00,13,7,8,9,15,270,99,1 route de louviers,,,Plein jour,En agglomération,Intersection en X,Normale,Deux véhicules - côté,,,,,,,,,,,1,2,2,1.0,3
201300000696,0013-07-27 18:45:00,13,7,27,18,45,270,165,,48.572,0.565,Plein jour,Hors agglomération,Hors intersection,Normale,Sans collision,,,,,,,,,,,1,1,1,1.0,7
201300000697,0013-09-03 10:30:00,13,9,3,10,30,270,165,,,,Plein jour,Hors agglomération,Hors intersection,Normale,Deux véhicules - côté,,,,,,,,,,,1,1,1,1.0,3
201300000698,0013-09-26 19:15:00,13,9,26,19,15,270,504,,,,Crépuscule ou aube,Hors agglomération,Hors intersection,Normale,Deux véhicules - côté,,,,,,,,,,,2,1,1,1.0,3
201300000699,0013-10-08 21:00:00,13,10,8,21,0,270,165,,,,Nuit sans éclairage public,Hors agglomération,Hors intersection,Normale,Deux véhicules - côté,,,,,,,,,,,3,1,1,1.0,3
201300000700,0013-09-21 10:00:00,13,9,21,10,0,270,165,,,,Plein jour,En agglomération,Hors intersection,Normale,Deux véhicules - frontale,,,,,,,,,,,1,2,1,1.0,1
201300000701,0013-02-12 08:15:00,13,2,12,8,15,270,507,rue de melleville,,,Plein jour,En agglomération,Hors intersection,Pluie légère,Autre collision,,,,,,,,,,,1,2,1,2.0,6
201300000702,0013-04-26 15:00:00,13,4,26,15,0,270,278,rue de l'ob?lisque D163,48.917,1.407,Plein jour,En agglomération,Hors intersection,Temps couvert,Autre collision,,,,,,,,,,,1,2,1,8.0,6
201300000703,0013-05-04 14:45:00,13,5,4,14,45,270,183,,48.524,1.243,Plein jour,Hors agglomération,Hors intersection,Normale,Deux véhicules - arrière,,,,,,,,,,,1,1,1,1.0,2
201300000704,0013-05-14 17:15:00,13,5,14,17,15,270,507,rue de Quessigny,48.915,1.278,Plein jour,En agglomération,Intersection en X,Normale,Deux véhicules - côté,,,,,,,,,,,1,2,2,1.0,3
201300000705,0013-07-14 03:15:00,13,7,14,3,15,270,183,,48.888,1.408,Nuit sans éclairage public,Hors agglomération,Hors intersection,Normale,Autre collision,,,,,,,,,,,3,1,1,1.0,6
201300000706,0013-08-06 19:30:00,13,8,6,19,30,270,421,,,,Plein jour,Hors agglomération,Hors intersection,Normale,Autre collision,,,,,,,,,,,1,1,1,1.0,6
201300000707,0013-09-17 18:15:00,13,9,17,18,15,270,27,,48.915,1.242,Plein jour,Hors agglomération,Intersection en X,Pluie légère,Deux véhicules - côté,,,,,,,,,,,1,1,2,2.0,3
201300000708,0013-09-25 12:30:00,13,9,25,12,30,270,478,,48.988,1.263,Plein jour,Hors agglomération,Hors intersection,Normale,Deux véhicules - côté,,,,,,,,,,,1,1,1,1.0,3
201300000709,0013-10-01 22:00:00,13,10,1,22,0,270,144,Hameau d'Osmoy,48.867,1.273,Nuit sans éclairage public,En agglomération,Hors intersection,Pluie légère,Autre collision,,,,,,,,,,,3,2,1,2.0,6
201300000710,0013-12-18 20:30:00,13,12,18,20,30,270,183,,,,Nuit sans éclairage public,Hors agglomération,Hors intersection,Normale,Deux véhicules - frontale,,,,,,,,,,,3,1,1,1.0,1
201300000711,0013-01-14 23:00:00,13,1,14,23,0,270,503,,48.532,1.042,Nuit sans éclairage public,Hors agglomération,Hors intersection,Pluie légère,Sans collision,,,,,,,,,,,3,1,1,2.0,7
201300000712,0013-03-11 17:00:00,13,3,11,17,0,270,293,,48.511,1.02,Plein jour,Hors agglomération,Hors intersection,Neige / grêle,Trois véhicules et plus - collisions multiples,,,,,,,,,,,1,1,1,4.0,5
201300000713,0013-07-23 11:45:00,13,7,23,11,45,270,181,,48.81,1.271,Plein jour,Hors agglomération,Intersection en X,Normale,Deux véhicules - côté,,,,,,,,,,,1,1,2,1.0,3
201300000714,0013-07-28 20:00:00,13,7,28,20,0,270,438,,48.771,1.221,Plein jour,Hors agglomération,Hors intersection,Pluie légère,Deux véhicules - côté,,,,,,,,,,,1,1,1,2.0,3
201300000715,0013-10-04 18:15:00,13,10,4,18,15,270,181,,48.817,1.28,Plein jour,Hors agglomération,Hors intersection,Normale,Deux véhicules - côté,,,,,,,,,,,1,1,1,1.0,3
201300000716,0013-11-26 07:15:00,13,11,26,7,15,270,423,Rte de NONANCOURT - CD50,,,Nuit avec éclairage allumé,En agglomération,Hors intersection,Normale,Autre collision,,,,,,,,,,,5,2,1,1.0,6
201300000717,0013-11-29 07:00:00,13,11,29,7,0,270,198,route de verneuil,,,Nuit avec éclairage allumé,En agglomération,Intersection en T,Normale,Deux véhicules - côté,,,,,,,,,,,5,2,3,1.0,3
201300000718,0013-06-08 22:45:00,13,6,8,22,45,270,119,50 GRANDE RUE,48.555,1.262,Nuit avec éclairage allumé,En agglomération,Hors intersection,Normale,Deux véhicules - frontale,,,,,,,,,,,5,2,1,1.0,1
201300000719,0013-10-23 19:00:00,13,10,23,19,0,270,448,rue isambard,,,Nuit avec éclairage allumé,En agglomération,Hors intersection,Normale,Deux véhicules - côté,,,,,,,,,,,5,2,1,1.0,3
201300000720,0013-01-12 21:15:00,13,1,12,21,15,270,508,,48.5,0.4,Nuit sans éclairage public,Hors agglomération,Hors intersection,Normale,Sans collision,,,,,,,,,,,3,1,1,1.0,7
201300000721,0013-02-03 00:15:00,13,2,3,0,15,270,108,,48.445,0.472,Nuit sans éclairage public,Hors agglomération,Hors intersection,Normale,Deux véhicules - arrière,,,,,,,,,,,3,1,1,1.0,2
201300000722,0013-04-05 13:45:00,13,4,5,13,45,270,578,,48.472,0.552,Plein jour,Hors agglomération,Hors intersection,Neige / grêle,Deux véhicules - frontale,,,,,,,,,,,1,1,1,4.0,1
201300000723,0013-06-04 22:00:00,13,6,4,22,0,270,643,c?te de verneuil,48.452,1.032,Crépuscule ou aube,En agglomération,Hors intersection,Normale,Sans collision,,,,,,,,,,,2,2,1,1.0,7
201300000724,0013-06-10 10:45:00,13,6,10,10,45,270,685,,48.545,0.435,Plein jour,Hors agglomération,Intersection en X,Normale,Deux véhicules - côté,,,,,,,,,,,1,1,2,1.0,3
201300000725,0013-06-25 07:45:00,13,6,25,7,45,270,265,rue des trois ponts,48.474,0.504,Plein jour,En agglomération,Intersection en T,Normale,Deux véhicules - côté,,,,,,,,,,,1,2,3,1.0,3
201300000726,0013-07-14 23:00:00,13,7,14,23,0,270,643,,48.79,1.018,Crépuscule ou aube,Hors agglomération,Hors intersection,Normale,Sans collision,,,,,,,,,,,2,1,1,1.0,7
201300000727,0013-07-13 06:15:00,13,7,13,6,15,270,679,,48.722,0.923,Crépuscule ou aube,Hors agglomération,Hors intersection,Normale,Autre collision,,,,,,,,,,,2,1,1,1.0,6
201300000728,0013-09-10 11:45:00,13,9,10,11,45,270,383,,48.749,0.833,Plein jour,Hors agglomération,Hors intersection,Normale,Deux véhicules - côté,,,,,,,,,,,1,1,1,1.0,3
201300000729,0013-10-15 15:15:00,13,10,15,15,15,270,481,,,,Plein jour,Hors agglomération,Hors intersection,Normale,Autre collision,,,,,,,,,,,1,1,1,1.0,6
201300000730,0013-12-28 11:15:00,13,12,28,11,15,270,685,,48.924,0.75,Plein jour,Hors agglomération,Hors intersection,Normale,Deux véhicules - frontale,,,,,,,,,,,1,1,1,1.0,1
201300000731,0013-03-20 05:30:00,13,3,20,5,30,270,16,,49.151,1.282,Nuit sans éclairage public,Hors agglomération,Hors intersection,Pluie légère,Deux véhicules - frontale,,,,,,,,,,,3,1,1,2.0,1
201300000732,0013-06-20 14:45:00,13,6,20,14,45,270,16,,49.193,1.311,Plein jour,Hors agglomération,Hors intersection,Normale,Sans collision,,,,,,,,,,,1,1,1,1.0,7
201300000733,0013-09-03 16:00:00,13,9,3,16,0,270,315,,,,Plein jour,Hors agglomération,Hors intersection,Normale,Deux véhicules - arrière,,,,,,,,,,,1,1,1,1.0,2
201300000734,0013-01-12 13:15:00,13,1,12,13,15,270,122,,49.122,1.353,Plein jour,Hors agglomération,Hors intersection,Pluie légère,Autre collision,,,,,,,,,,,1,1,1,2.0,6
201300000735,0013-02-23 20:45:00,13,2,23,20,45,270,213,,49.075,1.355,Nuit sans éclairage public,Hors agglomération,Hors intersection,Normale,Deux véhicules - côté,,,,,,,,,,,3,1,1,1.0,3
201300000736,0013-05-01 02:45:00,13,5,1,2,45,270,72,,49.054,1.325,Nuit sans éclairage public,Hors agglomération,Hors intersection,Normale,Autre collision,,,,,,,,,,,3,1,1,1.0,6
201300000737,0013-07-12 08:45:00,13,7,12,8,45,270,197,,49.169,1.653,Plein jour,Hors agglomération,Hors intersection,Normale,Deux véhicules - frontale,,,,,,,,,,,1,1,1,1.0,1
201300000738,0013-08-16 02:30:00,13,8,16,2,30,270,477,rue Harel,,,Nuit avec éclairage allumé,En agglomération,Hors intersection,Normale,Autre collision,,,,,,,,,,,5,2,1,1.0,6
201300000739,0013-08-16 20:45:00,13,8,16,20,45,270,449,,49.266,1.88,Plein jour,Hors agglomération,Intersection en X,Temps éblouissant,Deux véhicules - côté,,,,,,,,,,,1,1,2,7.0,3
201300000740,0013-09-30 05:45:00,13,9,30,5,45,270,644,,,,Nuit sans éclairage public,Hors agglomération,Hors intersection,Normale,Deux véhicules - frontale,,,,,,,,,,,3,1,1,1.0,1
201300000741,0013-10-21 17:30:00,13,10,21,17,30,270,128,,,,Plein jour,Hors agglomération,Hors intersection,Normale,Deux véhicules - côté,,,,,,,,,,,1,1,1,1.0,3
201300000742,0013-12-07 13:00:00,13,12,7,13,0,270,285,,,,Plein jour,Hors agglomération,Hors intersection,Temps couvert,Autre collision,,,,,,,,,,,1,1,1,8.0,6
201300000743,0013-03-03 19:00:00,13,3,3,19,0,270,214,,49.183,1.234,Nuit sans éclairage public,Hors agglomération,Intersection en X,Normale,Deux véhicules - côté,,,,,,,,,,,3,1,2,1.0,3
201300000744,0013-06-16 16:45:00,13,6,16,16,45,270,294,,,,Plein jour,Hors agglomération,Hors intersection,Normale,Sans collision,,,,,,,,,,,1,1,1,1.0,7
201300000745,0013-08-02 11:00:00,13,8,2,11,0,270,454,,49.254,1.22,Plein jour,Hors agglomération,Hors intersection,Normale,Autre collision,,,,,,,,,,,1,1,1,1.0,6
201300000746,0013-09-01 07:15:00,13,9,1,7,15,270,151,grande rue,,,Plein jour,En agglomération,Hors intersection,Normale,Deux véhicules - frontale,,,,,,,,,,,1,2,1,1.0,1
201300000747,0013-09-18 07:30:00,13,9,18,7,30,270,366,,,,Plein jour,Hors agglomération,Hors intersection,Pluie légère,Deux véhicules - côté,,,,,,,,,,,1,1,1,2.0,3
201300000748,0013-10-06 16:45:00,13,10,6,16,45,270,377,,,,Plein jour,Hors agglomération,Hors intersection,Normale,Autre collision,,,,,,,,,,,1,1,1,1.0,6
201300000749,0013-12-16 17:45:00,13,12,16,17,45,270,487,,,,Nuit sans éclairage public,Hors agglomération,Hors intersection,Normale,Autre collision,,,,,,,,,,,3,1,1,1.0,6
201300000750,0013-05-05 02:45:00,13,5,5,2,45,270,533,,,,Nuit sans éclairage public,Hors agglomération,Hors intersection,Normale,Autre collision,,,,,,,,,,,3,1,1,1.0,6
201300000751,0013-07-13 19:30:00,13,7,13,19,30,270,59,,,,Plein jour,Hors agglomération,Hors intersection,Normale,Deux véhicules - côté,,,,,,,,,,,1,1,1,1.0,3
201300000752,0013-08-02 18:00:00,13,8,2,18,0,270,392,,,,Plein jour,Hors agglomération,Hors intersection,Normale,Autre collision,,,,,,,,,,,1,1,1,1.0,6
201300000753,0013-09-04 17:45:00,13,9,4,17,45,270,226,,,,Plein jour,Hors agglomération,Hors intersection,Normale,Deux véhicules - frontale,,,,,,,,,,,1,1,1,1.0,1
201300000754,0013-09-15 15:45:00,13,9,15,15,45,270,437,,,,Plein jour,Hors agglomération,Hors intersection,Normale,Autre collision,,,,,,,,,,,1,1,1,1.0,6
201300000755,0013-10-08 20:30:00,13,10,8,20,30,270,632,,,,Nuit sans éclairage public,Hors agglomération,Hors intersection,Temps couvert,Autre collision,,,,,,,,,,,3,1,1,8.0,6
201300000756,0013-10-18 13:15:00,13,10,18,13,15,270,372,,,,Plein jour,Hors agglomération,Intersection en X,Normale,Deux véhicules - côté,,,,,,,,,,,1,1,2,1.0,3
201300000757,0013-12-10 13:30:00,13,12,10,13,30,270,226,,,,Plein jour,Hors agglomération,Hors intersection,Normale,Deux véhicules - frontale,,,,,,,,,,,1,1,1,1.0,1
201300000758,0013-05-13 06:15:00,13,5,13,6,15,270,179,,49.071,0.325,Plein jour,Hors agglomération,Hors intersection,Normale,Sans collision,,,,,,,,,,,1,1,1,1.0,7
201300000759,0013-06-26 21:45:00,13,6,26,21,45,270,149,,49.124,0.444,Plein jour,Hors agglomération,Hors intersection,Normale,Autre collision,,,,,,,,,,,1,1,1,1.0,6
201300000760,0013-03-24 06:00:00,13,3,24,6,0,270,296,,49.024,0.391,Nuit sans éclairage public,Hors agglomération,Hors intersection,Normale,Autre collision,,,,,,,,,,,3,1,1,1.0,6
201300000761,0013-05-08 10:30:00,13,5,8,10,30,270,74,,49.091,0.375,Plein jour,Hors agglomération,Hors intersection,Normale,Deux véhicules - frontale,,,,,,,,,,,1,1,1,1.0,1
201300000762,0013-05-17 20:30:00,13,5,17,20,30,270,433,,49.115,0.365,Plein jour,Hors agglomération,Intersection en X,Pluie légère,Deux véhicules - frontale,,,,,,,,,,,1,1,2,2.0,1
201300000763,0013-05-20 20:30:00,13,5,20,20,30,270,628,,48.581,0.442,Plein jour,Hors agglomération,Hors intersection,Pluie légère,Autre collision,,,,,,,,,,,1,1,1,2.0,6
201300000764,0013-07-12 16:15:00,13,7,12,16,15,270,95,,,,Plein jour,Hors agglomération,Hors intersection,Normale,Sans collision,,,,,,,,,,,1,1,1,1.0,7
201300000765,0013-07-25 18:30:00,13,7,25,18,30,270,131,,49.075,0.401,Plein jour,Hors agglomération,Hors intersection,Normale,Deux véhicules - côté,,,,,,,,,,,1,1,1,1.0,3
201300000766,0013-07-26 08:30:00,13,7,26,8,30,270,515,,49.025,0.41,Plein jour,Hors agglomération,Hors intersection,Pluie légère,Deux véhicules - côté,,,,,,,,,,,1,1,1,2.0,3
201300000767,0013-11-16 10:15:00,13,11,16,10,15,270,444,,,,Nuit avec éclairage non allumé,Hors agglomération,Hors intersection,Brouillard / fumée,Autre collision,,,,,,,,,,,4,1,1,5.0,6
201300000768,0013-04-07 16:30:00,13,4,7,16,30,270,15,ROUTE DE MUIDS,49.135,1.144,Plein jour,En agglomération,Hors intersection,Normale,Deux véhicules - frontale,,,,,,,,,,,1,2,1,1.0,1
201300000769,0013-05-11 10:00:00,13,5,11,10,0,270,3,,49.095,1.091,Plein jour,Hors agglomération,Hors intersection,Normale,Autre collision,,,,,,,,,,,1,1,1,1.0,6
201300000770,0013-06-08 16:30:00,13,6,8,16,30,270,598,rue du foss? cav?,49.14,1.131,Plein jour,En agglomération,Hors intersection,Normale,Sans collision,,,,,,,,,,,1,2,1,1.0,7
201300000771,0013-07-05 14:45:00,13,7,5,14,45,270,14,,,,Plein jour,Hors agglomération,Hors intersection,Normale,Deux véhicules - frontale,,,,,,,,,,,1,1,1,1.0,1
201300000772,0013-03-14 18:15:00,13,3,14,18,15,270,517,,49.072,1.184,Crépuscule ou aube,Hors agglomération,Hors intersection,Normale,Autre collision,,,,,,,,,,,2,1,1,1.0,6
201300000773,0013-06-18 20:45:00,13,6,18,20,45,270,676,,49.115,1.18,Plein jour,Hors agglomération,Hors intersection,Normale,Deux véhicules - frontale,,,,,,,,,,,1,1,1,1.0,1
201300000774,0013-06-30 12:00:00,13,6,30,12,0,270,517,,49.08,1.184,Plein jour,Hors agglomération,Hors intersection,Normale,Deux véhicules - frontale,,,,,,,,,,,1,1,1,1.0,1
201300000775,0013-10-09 15:15:00,13,10,9,15,15,270,275,Avenue Mar?chal Leclerc,,,Plein jour,En agglomération,Hors intersection,Temps couvert,Deux véhicules - arrière,,,,,,,,,,,1,2,1,8.0,2
201300000776,0013-12-06 18:30:00,13,12,6,18,30,270,275,Avenue de l'europe,,,Nuit avec éclairage allumé,En agglomération,Giratoire,Normale,Deux véhicules - côté,,,,,,,,,,,5,2,6,1.0,3
201300000777,0013-12-07 19:00:00,13,12,7,19,0,270,687,Route nationale 15,,,Nuit avec éclairage allumé,En agglomération,Hors intersection,Normale,Deux véhicules - arrière,,,,,,,,,,,5,2,1,1.0,2
201300000778,0013-03-03 12:15:00,13,3,3,12,15,270,188,,49.18,1.04499,Plein jour,Hors agglomération,Hors intersection,Normale,Autre collision,,,,,,,,,,,1,1,1,1.0,6
201300000779,0013-07-01 09:00:00,13,7,1,9,0,270,458,,,,Plein jour,Hors agglomération,Hors intersection,Normale,Deux véhicules - arrière,,,,,,,,,,,1,1,1,1.0,2
201300000780,0013-08-27 08:30:00,13,8,27,8,30,270,458,,49.193,1.13,Plein jour,Hors agglomération,Hors intersection,Normale,Deux véhicules - frontale,,,,,,,,,,,1,1,1,1.0,1
201300000781,0013-11-22 08:15:00,13,11,22,8,15,270,348,,,,Crépuscule ou aube,Hors agglomération,Hors intersection,Normale,Autre collision,,,,,,,,,,,2,1,1,1.0,6
201300000782,0013-05-13 21:00:00,13,5,13,21,0,270,654,,49.13,0.535,Crépuscule ou aube,Hors agglomération,Hors intersection,Normale,Sans collision,,,,,,,,,,,2,1,1,1.0,7
201300000783,0013-05-17 16:00:00,13,5,17,16,0,270,428,rue de la paix,49.09,0.541,Plein jour,En agglomération,Intersection en X,Normale,Deux véhicules - côté,,,,,,,,,,,1,2,2,1.0,3
201300000784,0013-07-14 18:45:00,13,7,14,18,45,270,185,,,,Plein jour,Hors agglomération,Hors intersection,Normale,Autre collision,,,,,,,,,,,1,1,1,1.0,6
201300000785,0013-06-28 14:15:00,13,6,28,14,15,270,101,,49.232,0.273,Plein jour,Hors agglomération,Hors intersection,Temps couvert,Autre collision,,,,,,,,,,,1,1,1,8.0,6
201300000786,0013-07-08 18:15:00,13,7,8,18,15,270,518,,,,Plein jour,Hors agglomération,Hors intersection,Normale,Deux véhicules - arrière,,,,,,,,,,,1,1,1,1.0,2
201300000787,0013-07-14 15:45:00,13,7,14,15,45,270,174,,,,Plein jour,Hors agglomération,Hors intersection,Normale,Sans collision,,,,,,,,,,,1,1,1,1.0,7
201300000788,0013-07-18 15:30:00,13,7,18,15,30,270,467,Rue Saint Ulfrant,,,Plein jour,En agglomération,Hors intersection,Normale,Deux véhicules - frontale,,,,,,,,,,,1,2,1,1.0,1
201300000789,0013-07-27 14:00:00,13,7,27,14,0,270,646,,49.211,0.222,Plein jour,Hors agglomération,Hors intersection,Pluie forte,Deux véhicules - frontale,,,,,,,,,,,1,1,1,3.0,1
201300000790,0013-08-06 16:30:00,13,8,6,16,30,270,597,,,,Plein jour,Hors agglomération,Intersection en X,Normale,Deux véhicules - côté,,,,,,,,,,,1,1,2,1.0,3
201300000791,0013-09-17 17:30:00,13,9,17,17,30,270,597,,,,Plein jour,Hors agglomération,Hors intersection,Pluie forte,Deux véhicules - frontale,,,,,,,,,,,1,1,1,3.0,1
201300000792,0013-10-06 12:45:00,13,10,6,12,45,270,107,place de la mairie,,,Plein jour,En agglomération,Hors intersection,Normale,Autre collision,,,,,,,,,,,1,2,1,1.0,6