accident_id,datetime,annee,mois,jour,heure,minute,departement,commune_insee,adresse,latitude,longitude,luminosite,agglomeration,intersection,meteo,collision,nb_vehicules,nb_usagers,nb_indemnes,nb_tues,nb_blesses_hosp,nb_blesses_legers,age_cond_1,age_cond_2,veh_type_cond_1,veh_type_cond_2,lum_code,agg_code,int_code,atm_code,col_code
201300000793,0013-10-11 08:15:00,13,10,11,8,15,270,174,,,,Plein jour,Hors agglomération,Hors intersection,Pluie légère,Deux véhicules - côté,,,,,,,,,,,1,1,1,2.0,3
201300000794,0013-11-23 17:15:00,13,11,23,17,15,270,563,,,,Crépuscule ou aube,Hors agglomération,Hors intersection,Pluie légère,Deux véhicules - frontale,,,,,,,,,,,2,1,1,2.0,1
201300000795,0013-11-29 11:45:00,13,11,29,11,45,270,107,Route de Trouville,,,Plein jour,En agglomération,Hors intersection,Normale,Autre collision,,,,,,,,,,,1,2,1,1.0,6
201300000796,0013-12-05 19:00:00,13,12,5,19,0,270,467,90 route de Rouen,,,Nuit avec éclairage allumé,En agglomération,Hors intersection,Pluie légère,Deux véhicules - côté,,,,,,,,,,,5,2,1,2.0,3
201300000797,0013-01-02 17:45:00,13,1,2,17,45,270,102,,49.357,0.789,Nuit sans éclairage public,Hors agglomération,Hors intersection,Pluie légère,Deux véhicules - frontale,,,,,,,,,,,3,1,1,2.0,1
201300000798,0013-01-08 17:30:00,13,1,8,17,30,270,105,,49.28,0.882,Crépuscule ou aube,Hors agglomération,Hors intersection,Temps couvert,Deux véhicules - frontale,,,,,,,,,,,2,1,1,8.0,1
201300000799,0013-04-14 10:00:00,13,4,14,10,0,270,637,,49.185,0.504,Plein jour,Hors agglomération,Hors intersection,Normale,Sans collision,,,,,,,,,,,1,1,1,1.0,7
201300000800,0013-04-17 07:00:00,13,4,17,7,0,270,105,,49.184,0.533,Plein jour,Hors agglomération,Hors intersection,Normale,Deux véhicules - côté,,,,,,,,,,,1,1,1,1.0,3
201300000801,0013-05-15 07:30:00,13,5,15,7,30,270,580,,49.205,0.554,Plein jour,Hors agglomération,Intersection en T,Normale,Deux véhicules - côté,,,,,,,,,,,1,1,3,1.0,3
201300000802,0013-06-01 23:45:00,13,6,1,23,45,270,102,,49.214,0.463,Nuit avec éclairage allumé,Hors agglomération,Hors intersection,Pluie légère,Sans collision,,,,,,,,,,,5,1,1,2.0,7
201300000803,0013-06-03 17:30:00,13,6,3,17,30,270,103,ROUTE DE ROUEN,49.212,0.491,Plein jour,En agglomération,Hors intersection,Normale,Deux véhicules - frontale,,,,,,,,,,,1,2,1,1.0,1
201300000804,0013-06-13 07:15:00,13,6,13,7,15,270,105,PLACE JACQUES RAFFIN,49.175,0.552,Plein jour,En agglomération,Hors intersection,Normale,Deux véhicules - côté,,,,,,,,,,,1,2,1,1.0,3
201300000805,0013-06-29 18:30:00,13,6,29,18,30,270,90,,49.174,0.561,Plein jour,Hors agglomération,Hors intersection,Normale,Deux véhicules - côté,,,,,,,,,,,1,1,1,1.0,3
201300000806,0013-08-08 17:15:00,13,8,8,17,15,270,105,,,,Plein jour,Hors agglomération,Autre intersection,Normale,Deux véhicules - frontale,,,,,,,,,,,1,1,9,1.0,1
201300000807,0013-08-09 12:30:00,13,8,9,12,30,270,103,,49.204,0.492,Plein jour,Hors agglomération,Hors intersection,Normale,Deux véhicules - côté,,,,,,,,,,,1,1,1,1.0,3
201300000808,0013-10-22 10:00:00,13,10,22,10,0,270,103,,,,Plein jour,Hors agglomération,Hors intersection,Normale,Deux véhicules - frontale,,,,,,,,,,,1,1,1,1.0,1
201300000809,0013-10-30 18:45:00,13,10,30,18,45,270,316,,,,Nuit sans éclairage public,Hors agglomération,Intersection en T,Normale,Deux véhicules - côté,,,,,,,,,,,3,1,3,1.0,3
201300000810,0013-12-13 14:45:00,13,12,13,14,45,270,62,,,,Plein jour,Hors agglomération,Intersection en X,Temps couvert,Deux véhicules - côté,,,,,,,,,,,1,1,2,8.0,3
201300000811,0013-03-17 16:45:00,13,3,17,16,45,270,18,,49.315,0.661,Plein jour,Hors agglomération,Hors intersection,Pluie légère,Autre collision,,,,,,,,,,,1,1,1,2.0,6
201300000812,0013-05-18 20:15:00,13,5,18,20,15,270,269,,49.209,0.49,Plein jour,Hors agglomération,Intersection en X,Pluie légère,Deux véhicules - côté,,,,,,,,,,,1,1,2,2.0,3
201300000813,0013-07-24 19:00:00,13,7,24,19,0,270,587,,,,Crépuscule ou aube,Hors agglomération,Hors intersection,Pluie forte,Deux véhicules - arrière,,,,,,,,,,,2,1,1,3.0,2
201300000814,0013-10-15 13:45:00,13,10,15,13,45,270,170,rue torse rue,,,Plein jour,En agglomération,Hors intersection,Normale,Deux véhicules - frontale,,,,,,,,,,,1,2,1,1.0,1
201300000815,0013-08-09 04:00:00,13,8,9,4,0,350,47,D44 rond point,,,Nuit sans éclairage public,En agglomération,Giratoire,Normale,Autre collision,,,,,,,,,,,3,2,6,1.0,6
201300000816,0013-09-25 17:15:00,13,9,25,17,15,350,363,Chemin de la vigne,48.01133,-1.71441,Plein jour,Hors agglomération,Hors intersection,Normale,Deux véhicules - frontale,,,,,,,,,,,1,1,1,1.0,1
201300000817,0013-10-09 19:45:00,13,10,9,19,45,350,47,,48.06204,-1.75527,Nuit sans éclairage public,Hors agglomération,Giratoire,Normale,Deux véhicules - côté,,,,,,,,,,,3,1,6,1.0,3
201300000818,0013-04-12 13:30:00,13,4,12,13,30,350,326,Avenue Philippe de Volvi,48.33251,-1.53555,Plein jour,En agglomération,Hors intersection,Normale,Autre collision,,,,,,,,,,,1,2,1,1.0,6
201300000819,0013-09-09 15:00:00,13,9,9,15,0,350,195,,,,Nuit sans éclairage public,Hors agglomération,Hors intersection,Normale,Autre collision,,,,,,,,,,,3,1,1,1.0,6
201300000820,0013-11-01 18:45:00,13,11,1,18,45,350,146,,48.24646,-1.82123,Nuit sans éclairage public,Hors agglomération,Hors intersection,Brouillard / fumée,Deux véhicules - arrière,,,,,,,,,,,3,1,1,5.0,2
201300000821,0013-11-02 20:15:00,13,11,2,20,15,350,355,,48.3403,-1.47898,Nuit sans éclairage public,Hors agglomération,Hors intersection,Temps couvert,Autre collision,,,,,,,,,,,3,1,1,8.0,6
201300000822,0013-12-20 18:15:00,13,12,20,18,15,350,94,,48.354,-1.778,Nuit sans éclairage public,Hors agglomération,Intersection en X,Normale,Deux véhicules - frontale,,,,,,,,,,,3,1,2,1.0,1
201300000823,0013-10-31 09:30:00,13,10,31,9,30,350,1,,,,Plein jour,Hors agglomération,Intersection en T,Normale,Deux véhicules - côté,,,,,,,,,,,1,1,3,1.0,3
201300000824,0013-12-11 08:30:00,13,12,11,8,30,350,152,,48.23988,-1.54692,Crépuscule ou aube,Hors agglomération,Hors intersection,Autre,Autre collision,,,,,,,,,,,2,1,1,9.0,6
201300000825,0013-01-09 15:30:00,13,1,9,15,30,350,234,,48.22652,-2.17695,Plein jour,Hors agglomération,Hors intersection,Pluie légère,Deux véhicules - côté,,,,,,,,,,,1,1,1,2.0,3
201300000826,0013-09-28 06:00:00,13,9,28,6,0,350,184,,48.18917,-2.0352,Nuit sans éclairage public,Hors agglomération,Hors intersection,Normale,Sans collision,,,,,,,,,,,3,1,1,1.0,7
201300000827,0013-12-23 17:40:00,13,12,23,17,40,350,117,,48.16006,-2.21174,Nuit sans éclairage public,Hors agglomération,Hors intersection,Pluie forte,Deux véhicules - frontale,,,,,,,,,,,3,1,1,3.0,1
201300000828,0013-08-22 16:10:00,13,8,22,16,10,350,223,,48.00409,-2.0858,Plein jour,Hors agglomération,Hors intersection,Normale,Deux véhicules - côté,,,,,,,,,,,1,1,1,1.0,3
201300000829,0013-09-21 00:01:00,13,9,21,0,1,350,223,LE GUE,48.006,-2.11,Nuit avec éclairage allumé,En agglomération,Hors intersection,Normale,Autre collision,,,,,,,,,,,5,2,1,1.0,6
201300000830,0013-10-15 07:00:00,13,10,15,7,0,350,188,16 rue Saint Nicolas,48.13783,-1.95399,Nuit avec éclairage non allumé,En agglomération,Hors intersection,Pluie légère,Autre collision,,,,,,,,,,,4,2,1,2.0,6
201300000831,0013-10-29 16:30:00,13,10,29,16,30,350,188,Rue de Saint Nicolas,48.143,-1.956,Plein jour,En agglomération,Autre intersection,Temps éblouissant,Autre collision,,,,,,,,,,,1,2,9,7.0,6
201300000832,0013-03-19 12:15:00,13,3,19,12,15,350,196,BARREAU EST,48.07847,-1.8343,Plein jour,En agglomération,Giratoire,Normale,Autre collision,,,,,,,,,,,1,2,6,1.0,6
201300000833,0013-04-13 12:00:00,13,4,13,12,0,350,196,,48.07116,-1.84938,Plein jour,En agglomération,Autre intersection,Normale,Autre collision,,,,,,,,,,,1,2,9,1.0,6
201300000834,0013-07-22 07:00:00,13,7,22,7,0,350,240,,48.09853,-1.7577,Plein jour,Hors agglomération,Intersection en Y,Normale,Sans collision,,,,,,,,,,,1,1,4,1.0,7
201300000835,0013-10-26 23:30:00,13,10,26,23,30,350,240,,48.09748,-1.75862,Nuit sans éclairage public,Hors agglomération,Hors intersection,Pluie forte,Deux véhicules - arrière,,,,,,,,,,,3,1,1,3.0,2
201300000836,0013-11-13 11:15:00,13,11,13,11,15,350,76,,48.06375,-1.79052,Plein jour,Hors agglomération,Hors intersection,Temps éblouissant,Deux véhicules - frontale,,,,,,,,,,,1,1,1,7.0,1
201300000837,0013-12-03 19:45:00,13,12,3,19,45,350,240,,,,Nuit sans éclairage public,Hors agglomération,Hors intersection,Normale,Deux véhicules - frontale,,,,,,,,,,,3,1,1,1.0,1
201300000838,0013-01-12 16:30:00,13,1,12,16,30,350,100,,48.27713,-1.15117,Plein jour,Hors agglomération,Intersection en X,Normale,Deux véhicules - côté,,,,,,,,,,,1,1,2,1.0,3
201300000839,0013-04-20 14:30:00,13,4,20,14,30,350,137,Les Fontaines,48.31125,-1.179,Plein jour,Hors agglomération,Intersection en T,Normale,Autre collision,,,,,,,,,,,1,1,3,1.0,6
201300000840,0013-06-14 18:45:00,13,6,14,18,45,350,243,,48.35821,-1.24692,Plein jour,Hors agglomération,Hors intersection,Normale,Deux véhicules - frontale,,,,,,,,,,,1,1,1,1.0,1
201300000841,0013-06-25 12:00:00,13,6,25,12,0,350,137,,48.30619,-1.16874,Plein jour,Hors agglomération,Hors intersection,Normale,Deux véhicules - frontale,,,,,,,,,,,1,1,1,1.0,1
201300000842,0013-09-09 14:15:00,13,9,9,14,15,350,163,,48.28997,-1.15625,Plein jour,Hors agglomération,Hors intersection,Normale,Autre collision,,,,,,,,,,,1,1,1,1.0,6
201300000843,0013-01-29 18:30:00,13,1,29,18,30,350,178,,48.30884,-1.46887,Nuit sans éclairage public,Hors agglomération,Hors intersection,Pluie légère,Trois véhicules et plus - collisions multiples,,,,,,,,,,,3,1,1,2.0,5
201300000844,0013-03-06 14:30:00,13,3,6,14,30,350,267,,48.3715,-1.32879,Plein jour,Hors agglomération,Hors intersection,Pluie légère,Deux véhicules - côté,,,,,,,,,,,1,1,1,2.0,3
201300000845,0013-04-14 14:15:00,13,4,14,14,15,350,257,,48.41597,-1.36058,Plein jour,Hors agglomération,Hors intersection,Normale,Deux véhicules - côté,,,,,,,,,,,1,1,1,1.0,3
201300000846,0013-05-30 11:45:00,13,5,30,11,45,350,178,,48.2793,-1.42748,Plein jour,Hors agglomération,Hors intersection,Pluie forte,Sans collision,,,,,,,,,,,1,1,1,3.0,7
201300000847,0013-06-26 15:30:00,13,6,26,15,30,350,304,,48.31289,-1.42958,Plein jour,Hors agglomération,Hors intersection,Normale,Deux véhicules - frontale,,,,,,,,,,,1,1,1,1.0,1
201300000848,0013-07-25 13:00:00,13,7,25,13,0,350,257,rue Joseph Tronchot,48.41086,-1.36642,Plein jour,En agglomération,Hors intersection,Normale,Deux véhicules - côté,,,,,,,,,,,1,2,1,1.0,3
201300000849,0013-08-23 17:30:00,13,8,23,17,30,350,293,,48.30203,-1.35744,Plein jour,Hors agglomération,Intersection en X,Normale,Deux véhicules - côté,,,,,,,,,,,1,1,2,1.0,3
201300000850,0013-08-30 13:15:00,13,8,30,13,15,350,304,,48.32035,-1.42812,Plein jour,Hors agglomération,Hors intersection,Normale,Deux véhicules - frontale,,,,,,,,,,,1,1,1,1.0,1
201300000851,0013-09-20 20:45:00,13,9,20,20,45,350,253,,48.25622,-1.4119,Nuit sans éclairage public,Hors agglomération,Intersection en X,Normale,Deux véhicules - côté,,,,,,,,,,,3,1,2,1.0,3
201300000852,0013-09-27 00:45:00,13,9,27,0,45,350,253,,,,Nuit avec éclairage allumé,Hors agglomération,Hors intersection,Normale,Sans collision,,,,,,,,,,,5,1,1,1.0,7
201300000853,0013-10-23 15:00:00,13,10,23,15,0,350,19,le lion d'or,,,Plein jour,En agglomération,Hors intersection,Normale,Deux véhicules - côté,,,,,,,,,,,1,2,1,1.0,3
201300000854,0013-10-25 20:00:00,13,10,25,20,0,350,282,,,,Nuit sans éclairage public,Hors agglomération,Hors intersection,Normale,Autre collision,,,,,,,,,,,3,1,1,1.0,6
201300000855,0013-10-27 09:15:00,13,10,27,9,15,350,242,,,,Crépuscule ou aube,Hors agglomération,Hors intersection,Normale,Autre collision,,,,,,,,,,,2,1,1,1.0,6
201300000856,0013-12-02 09:45:00,13,12,2,9,45,350,191,,48.455,-1.29526,Plein jour,Hors agglomération,Hors intersection,Normale,Sans collision,,,,,,,,,,,1,1,1,1.0,7
201300000857,0013-12-23 18:15:00,13,12,23,18,15,350,11,,48.38337,-1.37412,Nuit sans éclairage public,Hors agglomération,Hors intersection,Pluie forte,Autre collision,,,,,,,,,,,3,1,1,3.0,6
201300000858,0013-05-26 19:00:00,13,5,26,19,0,350,64,Grande rue,47.698,-1.89376,Plein jour,En agglomération,Hors intersection,Normale,Autre collision,,,,,,,,,,,1,2,1,1.0,6
201300000859,0013-07-01 10:45:00,13,7,1,10,45,350,237,,47.71863,-1.97317,Plein jour,Hors agglomération,Intersection en X,Normale,Deux véhicules - côté,,,,,,,,,,,1,1,2,1.0,3
201300000860,0013-07-06 12:00:00,13,7,6,12,0,350,236,rue des douves,47.65079,-2.08602,Plein jour,En agglomération,Intersection en X,Normale,Autre collision,,,,,,,,,,,1,2,2,1.0,6
201300000861,0013-08-30 20:15:00,13,8,30,20,15,350,236,rue de cour?e,47.67111,-2.08768,Plein jour,En agglomération,Hors intersection,Normale,Deux véhicules - frontale,,,,,,,,,,,1,2,1,1.0,1
201300000862,0013-10-14 18:30:00,13,10,14,18,30,350,237,,47.71531,-1.98002,Plein jour,Hors agglomération,Hors intersection,Normale,Deux véhicules - frontale,,,,,,,,,,,1,1,1,1.0,1
201300000863,0013-11-08 17:30:00,13,11,8,17,30,350,13,,47.70661,-2.05413,Plein jour,Hors agglomération,Intersection en X,Pluie forte,Trois véhicules et plus - collisions multiples,,,,,,,,,,,1,1,2,3.0,5
201300000864,0013-03-18 18:45:00,13,3,18,18,45,350,343,,,,Crépuscule ou aube,Hors agglomération,Hors intersection,Normale,Autre collision,,,,,,,,,,,2,1,1,1.0,6
201300000865,0013-05-12 18:00:00,13,5,12,18,0,350,322,,47.90711,-1.59859,Plein jour,Hors agglomération,Hors intersection,Normale,Trois véhicules et plus - collisions multiples,,,,,,,,,,,1,1,1,1.0,5
201300000866,0013-05-13 17:45:00,13,5,13,17,45,350,343,,47.89249,-1.54332,Plein jour,Hors agglomération,Hors intersection,Normale,Deux véhicules - arrière,,,,,,,,,,,1,1,1,1.0,2
201300000867,0013-05-15 17:30:00,13,5,15,17,30,350,249,,47.74116,-1.81135,Plein jour,Hors agglomération,Hors intersection,Normale,Autre collision,,,,,,,,,,,1,1,1,1.0,6
201300000868,0013-06-16 23:00:00,13,6,16,23,0,350,12,,47.81961,-1.7239,Nuit sans éclairage public,Hors agglomération,Hors intersection,Pluie légère,Autre collision,,,,,,,,,,,3,1,1,2.0,6
201300000869,0013-07-21 12:00:00,13,7,21,12,0,350,12,rue sabin,,,Plein jour,En agglomération,Hors intersection,Temps éblouissant,Deux véhicules - frontale,,,,,,,,,,,1,2,1,7.0,1
201300000870,0013-09-12 17:45:00,13,9,12,17,45,350,321,,47.9189,-1.57068,Plein jour,Hors agglomération,Intersection en Y,Normale,Deux véhicules - arrière,,,,,,,,,,,1,1,4,1.0,2
201300000871,0013-11-06 21:00:00,13,11,6,21,0,350,221,rue du sapin,47.88782,-1.74654,Nuit sans éclairage public,En agglomération,Hors intersection,Pluie légère,Autre collision,,,,,,,,,,,3,2,1,2.0,6
201300000872,0013-04-13 00:30:00,13,4,13,0,30,350,126,,47.97401,-1.81377,Nuit avec éclairage non allumé,Hors agglomération,Giratoire,Normale,Autre collision,,,,,,,,,,,4,1,6,1.0,6
201300000873,0013-04-25 07:45:00,13,4,25,7,45,350,312,,47.91044,-1.79525,Plein jour,Hors agglomération,Hors intersection,Normale,Deux véhicules - arrière,,,,,,,,,,,1,1,1,1.0,2
201300000874,0013-05-09 15:15:00,13,5,9,15,15,350,312,,47.9166,-1.80454,Plein jour,Hors agglomération,Hors intersection,Normale,Deux véhicules - frontale,,,,,,,,,,,1,1,1,1.0,1
201300000875,0013-06-25 07:15:00,13,6,25,7,15,350,123,,48.03268,-1.81108,Plein jour,Hors agglomération,Intersection en X,Normale,Deux véhicules - frontale,,,,,,,,,,,1,1,2,1.0,1
201300000876,0013-09-03 13:45:00,13,9,3,13,45,350,127,,47.8907,-1.86935,Plein jour,Hors agglomération,Hors intersection,Normale,Deux véhicules - frontale,,,,,,,,,,,1,1,1,1.0,1
201300000877,0013-11-22 14:45:00,13,11,22,14,45,350,126,D 131 - PONT REAN,,,Plein jour,En agglomération,Autre intersection,Normale,Deux véhicules - côté,,,,,,,,,,,1,2,9,1.0,3
201300000878,0013-03-05 21:15:00,13,3,5,21,15,350,160,,47.93844,-2.08189,Nuit avec éclairage allumé,Hors agglomération,Hors intersection,Normale,Autre collision,,,,,,,,,,,5,1,1,1.0,6
201300000879,0013-06-02 19:00:00,13,6,2,19,0,350,45,,47.79562,-2.00788,Plein jour,Hors agglomération,Hors intersection,Temps éblouissant,Deux véhicules - frontale,,,,,,,,,,,1,1,1,7.0,1
201300000880,0013-07-01 16:30:00,13,7,1,16,30,350,155,,,,Plein jour,Hors agglomération,Hors intersection,Normale,Autre collision,,,,,,,,,,,1,1,1,1.0,6
201300000881,0013-06-25 04:30:00,13,6,25,4,30,350,328,,47.77821,-2.06557,Nuit sans éclairage public,Hors agglomération,Hors intersection,Normale,Deux véhicules - côté,,,,,,,,,,,3,1,1,1.0,3
201300000882,0013-07-16 18:00:00,13,7,16,18,0,350,219,,,,Plein jour,Hors agglomération,Hors intersection,Normale,Trois véhicules et plus - en chaîne,,,,,,,,,,,1,1,1,1.0,4
201300000883,0013-10-06 07:00:00,13,10,6,7,0,350,129,,47.83629,-1.8831,Nuit sans éclairage public,Hors agglomération,Hors intersection,Normale,Autre collision,,,,,,,,,,,3,1,1,1.0,6
201300000884,0013-11-06 18:15:00,13,11,6,18,15,350,160,,47.94665,-2.06737,Crépuscule ou aube,Hors agglomération,Intersection en X,Pluie légère,Deux véhicules - côté,,,,,,,,,,,2,1,2,2.0,3
201300000885,0013-11-08 07:00:00,13,11,8,7,0,350,168,,47.9237,-2.07623,Nuit sans éclairage public,Hors agglomération,Hors intersection,Pluie forte,Autre collision,,,,,,,,,,,3,1,1,3.0,6
201300000886,0013-12-12 19:00:00,13,12,12,19,0,350,129,Avenue du port,,,Crépuscule ou aube,En agglomération,Hors intersection,Normale,Autre collision,,,,,,,,,,,2,2,1,1.0,6
201300000887,0013-01-26 08:15:00,13,1,26,8,15,350,49,LES PETITES CROIX,48.67837,-1.86029,Plein jour,En agglomération,Giratoire,Normale,Deux véhicules - arrière,,,,,,,,,,,1,2,6,1.0,2
201300000888,0013-08-09 18:00:00,13,8,9,18,0,350,122,Lieu dit Les Prous,48.59056,-1.9043,Plein jour,Hors agglomération,Intersection en Y,Normale,Deux véhicules - frontale,,,,,,,,,,,1,1,4,1.0,1
201300000889,0013-10-17 14:15:00,13,10,17,14,15,350,255,28 rue du bord de mer,48.61994,-1.85137,Plein jour,En agglomération,Hors intersection,Normale,Deux véhicules - côté,,,,,,,,,,,1,2,1,1.0,3
201300000890,0013-01-12 17:45:00,13,1,12,17,45,350,308,,,,Nuit sans éclairage public,Hors agglomération,Hors intersection,Normale,Autre collision,,,,,,,,,,,3,1,1,1.0,6
201300000891,0013-01-17 18:15:00,13,1,17,18,15,350,85,Rue de la Lib?ration,48.416,-1.745,Nuit avec éclairage allumé,En agglomération,Hors intersection,Normale,Deux véhicules - côté,,,,,,,,,,,5,2,1,1.0,3
201300000892,0013-05-17 18:45:00,13,5,17,18,45,350,225,,48.43519,-1.94063,Plein jour,Hors agglomération,Hors intersection,Normale,Deux véhicules - frontale,,,,,,,,,,,1,1,1,1.0,1
201300000893,0013-02-12 09:30:00,13,2,12,9,30,350,247,,48.59542,-1.60292,Plein jour,Hors agglomération,Hors intersection,Normale,Sans collision,,,,,,,,,,,1,1,1,1.0,7
201300000894,0013-04-06 18:45:00,13,4,6,18,45,350,95,,48.53695,-1.76586,Plein jour,Hors agglomération,Intersection en T,Normale,Deux véhicules - côté,,,,,,,,,,,1,1,3,1.0,3
201300000895,0013-06-06 10:45:00,13,6,6,10,45,350,246,,48.53429,-1.80778,Plein jour,Hors agglomération,Intersection en X,Normale,Deux véhicules - côté,,,,,,,,,,,1,1,2,1.0,3
201300000896,0013-06-23 11:30:00,13,6,23,11,30,350,186,,48.58713,-1.77873,Plein jour,Hors agglomération,Hors intersection,Pluie légère,Autre collision,,,,,,,,,,,1,1,1,2.0,6
201300000897,0013-08-02 19:00:00,13,8,2,19,0,350,247,,48.5934,-1.59617,Plein jour,Hors agglomération,Hors intersection,Temps éblouissant,Deux véhicules - côté,,,,,,,,,,,1,1,1,7.0,3
201300000898,0013-10-17 09:00:00,13,10,17,9,0,350,186,Crois? Juin,48.5714,-1.76069,Plein jour,En agglomération,Hors intersection,Normale,Deux véhicules - frontale,,,,,,,,,,,1,2,1,1.0,1
201300000899,0013-11-14 20:00:00,13,11,14,20,0,350,29,,,,Nuit sans éclairage public,Hors agglomération,Hors intersection,Pluie légère,Autre collision,,,,,,,,,,,3,1,1,2.0,6
201300000900,0013-12-03 19:00:00,13,12,3,19,0,350,9,,,,Nuit sans éclairage public,Hors agglomération,Hors intersection,Normale,Deux véhicules - côté,,,,,,,,,,,3,1,1,1.0,3
201300000901,0013-12-15 13:15:00,13,12,15,13,15,350,246,,,,Plein jour,Hors agglomération,Hors intersection,Normale,Deux véhicules - frontale,,,,,,,,,,,1,1,1,1.0,1
201300000902,0013-03-27 15:00:00,13,3,27,15,0,350,228,,48.61296,-2.0653,Plein jour,Hors agglomération,Hors intersection,Normale,Deux véhicules - frontale,,,,,,,,,,,1,1,1,1.0,1
201300000903,0013-09-25 18:15:00,13,9,25,18,15,350,228,,,,Plein jour,Hors agglomération,Hors intersection,Normale,Deux véhicules - côté,,,,,,,,,,,1,1,1,1.0,3
201300000904,0013-03-09 16:30:00,13,3,9,16,30,350,105,,48.11052,-1.11572,Plein jour,Hors agglomération,Hors intersection,Normale,Trois véhicules et plus - collisions multiples,,,,,,,,,,,1,1,1,1.0,5
201300000905,0013-05-24 11:15:00,13,5,24,11,15,350,192,,48.24705,-1.22398,Plein jour,En agglomération,Hors intersection,Pluie légère,Autre collision,,,,,,,,,,,1,2,1,2.0,6
201300000906,0013-06-05 15:00:00,13,6,5,15,0,350,109,RD 777,48.08911,-1.23405,Plein jour,En agglomération,Hors intersection,Normale,Deux véhicules - côté,,,,,,,,,,,1,2,1,1.0,3
201300000907,0013-08-02 20:45:00,13,8,2,20,45,350,360,rue de Redon,,,Plein jour,En agglomération,Hors intersection,Normale,Autre collision,,,,,,,,,,,1,2,1,1.0,6
201300000908,0013-08-05 20:00:00,13,8,5,20,0,350,194,,48.14776,-1.22007,Plein jour,Hors agglomération,Hors intersection,Normale,Sans collision,,,,,,,,,,,1,1,1,1.0,7
201300000909,0013-09-22 08:15:00,13,9,22,8,15,350,6,la croix perrault,48.05611,-1.13177,Plein jour,En agglomération,Hors intersection,Temps éblouissant,Deux véhicules - arrière,,,,,,,,,,,1,2,1,7.0,2
201300000910,0013-09-25 06:45:00,13,9,25,6,45,350,119,,48.0229,-1.13775,Crépuscule ou aube,Hors agglomération,Intersection en X,Normale,Deux véhicules - frontale,,,,,,,,,,,2,1,2,1.0,1
201300000911,0013-09-29 20:00:00,13,9,29,20,0,350,141,,48.16319,-1.27483,Nuit sans éclairage public,Hors agglomération,Intersection en X,Normale,Deux véhicules - arrière,,,,,,,,,,,3,1,2,1.0,2
201300000912,0013-10-05 17:45:00,13,10,5,17,45,350,360,,48.09739,-1.1901,Plein jour,Hors agglomération,Hors intersection,Normale,Deux véhicules - côté,,,,,,,,,,,1,1,1,1.0,3
201300000913,0013-10-10 12:00:00,13,10,10,12,0,350,72,,48.21858,-1.16964,Plein jour,Hors agglomération,Intersection en X,Normale,Trois véhicules et plus - en chaîne,,,,,,,,,,,1,1,2,1.0,4
201300000914,0013-11-15 17:15:00,13,11,15,17,15,350,360,rue de la Guerche,48.113,-1.208,Crépuscule ou aube,En agglomération,Hors intersection,Normale,Deux véhicules - arrière,,,,,,,,,,,2,2,1,1.0,2
201300000915,0013-01-01 17:30:00,13,1,1,17,30,350,69,CD 463 26 rue de Rennes,48.05476,-1.5154,Crépuscule ou aube,En agglomération,Hors intersection,Pluie légère,Deux véhicules - côté,,,,,,,,,,,2,2,1,2.0,3
201300000916,0013-03-22 11:15:00,13,3,22,11,15,350,204,,48.04374,-1.54411,Plein jour,Hors agglomération,Intersection en X,Normale,Trois véhicules et plus - collisions multiples,,,,,,,,,,,1,1,2,1.0,5
201300000917,0013-04-01 13:15:00,13,4,1,13,15,350,69,,48.01799,-1.5065,Plein jour,Hors agglomération,Intersection en X,Temps éblouissant,Deux véhicules - côté,,,,,,,,,,,1,1,2,7.0,3
201300000918,0013-04-28 17:00:00,13,4,28,17,0,350,327,,48.10231,-1.44439,Plein jour,Hors agglomération,Hors intersection,Normale,Sans collision,,,,,,,,,,,1,1,1,1.0,7
201300000919,0013-08-27 19:30:00,13,8,27,19,30,350,204,,48.04369,-1.54409,Plein jour,Hors agglomération,Intersection en X,Normale,Deux véhicules - frontale,,,,,,,,,,,1,1,2,1.0,1
201300000920,0013-12-06 17:15:00,13,12,6,17,15,350,283,rue de rennes,,,Plein jour,En agglomération,Hors intersection,Normale,Deux véhicules - frontale,,,,,,,,,,,1,2,1,1.0,1
201300000921,0013-12-15 18:45:00,13,12,15,18,45,350,204,,,,Nuit sans éclairage public,Hors agglomération,Hors intersection,Pluie légère,Deux véhicules - côté,,,,,,,,,,,3,1,1,2.0,3
201300000922,0013-02-02 17:00:00,13,2,2,17,0,350,239,rue Mal De Lattre,47.91403,-1.37856,Plein jour,En agglomération,Hors intersection,Temps éblouissant,Autre collision,,,,,,,,,,,1,2,1,7.0,6
201300000923,0013-04-30 12:15:00,13,4,30,12,15,350,167,,47.83175,-1.32844,Plein jour,Hors agglomération,Intersection en X,Normale,Deux véhicules - côté,,,,,,,,,,,1,1,2,1.0,3