accident_id,datetime,annee,mois,jour,heure,minute,departement,commune_insee,adresse,latitude,longitude,luminosite,agglomeration,intersection,meteo,collision,nb_vehicules,nb_usagers,nb_indemnes,nb_tues,nb_blesses_hosp,nb_blesses_legers,age_cond_1,age_cond_2,veh_type_cond_1,veh_type_cond_2,lum_code,agg_code,int_code,atm_code,col_code
201300000924,0013-06-28 14:15:00,13,6,28,14,15,350,167,,47.81563,-1.29391,Plein jour,Hors agglomération,Hors intersection,Normale,Autre collision,,,,,,,,,,,1,1,1,1.0,6
201300000925,0013-08-18 20:30:00,13,8,18,20,30,350,167,Avenue F?lix BROCHET,47.837,-1.32,Plein jour,En agglomération,Hors intersection,Normale,Sans collision,,,,,,,,,,,1,2,1,1.0,7
201300000926,0013-11-23 18:15:00,13,11,23,18,15,350,167,,47.87598,-1.35133,Nuit sans éclairage public,Hors agglomération,Hors intersection,Normale,Trois véhicules et plus - collisions multiples,,,,,,,,,,,3,1,1,1.0,5
201300000927,0013-01-04 12:00:00,13,1,4,12,0,350,220,,48.01298,-1.43747,Plein jour,Hors agglomération,Hors intersection,Normale,Deux véhicules - frontale,,,,,,,,,,,1,1,1,1.0,1
201300000928,0013-02-01 11:15:00,13,2,1,11,15,350,136,25 rue de Villoutreys,47.96178,-1.50147,Plein jour,En agglomération,Hors intersection,Pluie légère,Autre collision,,,,,,,,,,,1,2,1,2.0,6
201300000929,0013-03-07 16:00:00,13,3,7,16,0,350,136,8 rue de villoutreys,47.96026,-1.50079,Plein jour,En agglomération,Hors intersection,Normale,Autre collision,,,,,,,,,,,1,2,1,1.0,6
201300000930,0013-03-09 17:45:00,13,3,9,17,45,350,2,,,,Plein jour,Hors agglomération,Hors intersection,Normale,Sans collision,,,,,,,,,,,1,1,1,1.0,7
201300000931,0013-04-14 21:45:00,13,4,14,21,45,350,82,,47.86683,-1.39504,Nuit sans éclairage public,Hors agglomération,Hors intersection,Normale,Autre collision,,,,,,,,,,,3,1,1,1.0,6
201300000932,0013-05-30 19:00:00,13,5,30,19,0,350,220,Le Vaubrault,48.03295,-1.42664,Plein jour,Hors agglomération,Intersection en X,Normale,Deux véhicules - côté,,,,,,,,,,,1,1,2,1.0,3
201300000933,0013-06-15 17:15:00,13,6,15,17,15,350,136,,47.94832,-1.49762,Plein jour,Hors agglomération,Intersection en X,Normale,Deux véhicules - arrière,,,,,,,,,,,1,1,2,1.0,2
201300000934,0013-06-22 09:15:00,13,6,22,9,15,350,262,,47.89012,-1.43787,Plein jour,Hors agglomération,Hors intersection,Temps couvert,Deux véhicules - frontale,,,,,,,,,,,1,1,1,8.0,1
201300000935,0013-09-22 20:00:00,13,9,22,20,0,350,2,La Touche Neron,47.97988,-1.46456,Plein jour,Hors agglomération,Hors intersection,Normale,Sans collision,,,,,,,,,,,1,1,1,1.0,7
201300000936,0013-11-20 07:30:00,13,11,20,7,30,350,136,,47.953,-1.52,Crépuscule ou aube,Hors agglomération,Hors intersection,Autre,Deux véhicules - frontale,,,,,,,,,,,2,1,1,9.0,1
201300000937,0013-12-05 17:15:00,13,12,5,17,15,350,136,15 rue de villoutrey,47.9607,-1.50102,Crépuscule ou aube,En agglomération,Hors intersection,Normale,Sans collision,,,,,,,,,,,2,2,1,1.0,7
201300000938,0013-12-08 19:15:00,13,12,8,19,15,350,198,,47.975,-1.323,Nuit sans éclairage public,Hors agglomération,Hors intersection,Normale,Deux véhicules - frontale,,,,,,,,,,,3,1,1,1.0,1
201300000939,0013-10-03 21:15:00,13,10,3,21,15,220,182,,,,Nuit sans éclairage public,Hors agglomération,Hors intersection,Normale,Deux véhicules - frontale,,,,,,,,,,,3,1,1,1.0,1
201300000940,0013-07-25 13:30:00,13,7,25,13,30,220,47,rue de la Gare,48.31912,-3.05643,Plein jour,En agglomération,Intersection en T,Normale,Sans collision,,,,,,,,,,,1,2,3,1.0,7
201300000941,0013-08-29 14:45:00,13,8,29,14,45,220,107,HAUT KERRAULT,48.23686,-3.16251,Plein jour,Hors agglomération,Hors intersection,Normale,Deux véhicules - frontale,,,,,,,,,,,1,1,1,1.0,1
201300000942,0013-10-21 21:00:00,13,10,21,21,0,220,74,,48.323,-3.066,Nuit avec éclairage allumé,En agglomération,Hors intersection,Temps couvert,Autre collision,,,,,,,,,,,5,2,1,8.0,6
201300000943,0013-05-05 18:00:00,13,5,5,18,0,220,63,,,,Plein jour,Hors agglomération,Hors intersection,Normale,Sans collision,,,,,,,,,,,1,1,1,1.0,7
201300000944,0013-07-16 15:00:00,13,7,16,15,0,220,377,,48.664,-2.877,Plein jour,Hors agglomération,Intersection en X,Normale,Trois véhicules et plus - collisions multiples,,,,,,,,,,,1,1,2,1.0,5
201300000945,0013-08-24 12:30:00,13,8,24,12,30,220,178,rue de la Goelette,,,Plein jour,En agglomération,Hors intersection,Normale,Autre collision,,,,,,,,,,,1,2,1,1.0,6
201300000946,0013-02-04 07:45:00,13,2,4,7,45,220,142,LA SUETTE,48.44805,-2.55382,Crépuscule ou aube,Hors agglomération,Intersection en X,Pluie légère,Deux véhicules - côté,,,,,,,,,,,2,1,2,2.0,3
201300000947,0013-02-08 07:30:00,13,2,8,7,30,220,142,KER AN ROCK,48.43077,-2.50893,Crépuscule ou aube,Hors agglomération,Hors intersection,Pluie légère,Deux véhicules - frontale,,,,,,,,,,,2,1,1,2.0,1
201300000948,0013-03-09 17:30:00,13,3,9,17,30,220,93,l'etang,48.42812,-2.50824,Plein jour,Hors agglomération,Intersection en X,Normale,Deux véhicules - côté,,,,,,,,,,,1,1,2,1.0,3
201300000949,0013-07-11 23:00:00,13,7,11,23,0,220,140,Route de Lamballe,,,Nuit sans éclairage public,En agglomération,Hors intersection,Normale,Sans collision,,,,,,,,,,,3,2,1,1.0,7
201300000950,0013-08-10 17:45:00,13,8,10,17,45,220,2,,48.5015,-2.51908,Plein jour,Hors agglomération,Hors intersection,Normale,Deux véhicules - frontale,,,,,,,,,,,1,1,1,1.0,1
201300000951,0013-09-22 18:00:00,13,9,22,18,0,220,326,RUE DE LA CROIX VERTE,48.44035,-2.41986,Plein jour,Hors agglomération,Hors intersection,Normale,Deux véhicules - frontale,,,,,,,,,,,1,1,1,1.0,1
201300000952,0013-09-30 13:15:00,13,9,30,13,15,220,93,Rue de la ville es lan,48.46787,-2.54509,Plein jour,En agglomération,Autre intersection,Normale,Sans collision,,,,,,,,,,,1,2,9,1.0,7
201300000953,0013-11-09 11:00:00,13,11,9,11,0,220,355,,48.46142,-2.40166,Plein jour,Hors agglomération,Hors intersection,Temps couvert,Sans collision,,,,,,,,,,,1,1,1,8.0,7
201300000954,0013-11-13 07:15:00,13,11,13,7,15,220,44,10 rue des Landes,48.48016,-2.58259,Nuit avec éclairage allumé,Hors agglomération,Hors intersection,Normale,Autre collision,,,,,,,,,,,5,1,1,1.0,6
201300000955,0013-12-09 11:30:00,13,12,9,11,30,220,93,,48.47896,-2.49894,Plein jour,Hors agglomération,Hors intersection,Normale,Deux véhicules - frontale,,,,,,,,,,,1,1,1,1.0,1
201300000956,0013-12-31 14:15:00,13,12,31,14,15,220,93,PAS DOS GEO,48.45186,-2.54212,Plein jour,Hors agglomération,Hors intersection,Normale,Deux véhicules - frontale,,,,,,,,,,,1,1,1,1.0,1
201300000957,0013-04-09 09:00:00,13,4,9,9,0,220,79,LES QUATRE VENTS,,,Plein jour,Hors agglomération,Hors intersection,Normale,Deux véhicules - frontale,,,,,,,,,,,1,1,1,1.0,1
201300000958,0013-04-10 19:00:00,13,4,10,19,0,220,203,LA BELLE ETOILE,48.34887,-2.72875,Plein jour,Hors agglomération,Hors intersection,Pluie légère,Deux véhicules - frontale,,,,,,,,,,,1,1,1,2.0,1
201300000959,0013-04-24 16:00:00,13,4,24,16,0,220,203,Rue Butter,48.34752,-2.75691,Plein jour,En agglomération,Autre intersection,Normale,Autre collision,,,,,,,,,,,1,2,9,1.0,6
201300000960,0013-05-10 16:15:00,13,5,10,16,15,220,203,,48.34959,-2.72552,Plein jour,Hors agglomération,Hors intersection,Normale,Deux véhicules - côté,,,,,,,,,,,1,1,1,1.0,3
201300000961,0013-08-19 18:45:00,13,8,19,18,45,220,184,,,,Plein jour,Hors agglomération,Hors intersection,Normale,Deux véhicules - côté,,,,,,,,,,,1,1,1,1.0,3
201300000962,0013-10-01 13:15:00,13,10,1,13,15,220,80,,48.36778,-2.87736,Plein jour,Hors agglomération,Hors intersection,Temps couvert,Autre collision,,,,,,,,,,,1,1,1,8.0,6
201300000963,0013-12-02 07:15:00,13,12,2,7,15,220,281,La Croix Cabaret,48.41175,-2.74345,Nuit sans éclairage public,Hors agglomération,Intersection en X,Normale,Deux véhicules - côté,,,,,,,,,,,3,1,2,1.0,3
201300000964,0013-03-25 17:45:00,13,3,25,17,45,220,376,QUENEHA,48.21206,-2.77692,Plein jour,Hors agglomération,Intersection en X,Normale,Deux véhicules - frontale,,,,,,,,,,,1,1,2,1.0,1
201300000965,0013-06-06 17:45:00,13,6,6,17,45,220,136,Bd H. CASTEL/LE BRAS,48.18568,-2.76134,Plein jour,En agglomération,Giratoire,Normale,Deux véhicules - côté,,,,,,,,,,,1,2,6,1.0,3
201300000966,0013-09-15 17:15:00,13,9,15,17,15,220,384,LE PAS TRANCHANT,48.27901,-2.83115,Plein jour,Hors agglomération,Intersection en X,Normale,Deux véhicules - côté,,,,,,,,,,,1,1,2,1.0,3
201300000967,0013-10-12 19:30:00,13,10,12,19,30,220,136,rue de la trinit?,48.183,-2.755,Nuit avec éclairage allumé,En agglomération,Hors intersection,Normale,Autre collision,,,,,,,,,,,5,2,1,1.0,6
201300000968,0013-11-02 22:30:00,13,11,2,22,30,220,136,,48.1765,-2.70927,Nuit sans éclairage public,Hors agglomération,Hors intersection,Autre,Autre collision,,,,,,,,,,,3,1,1,9.0,6
201300000969,0013-11-07 17:30:00,13,11,7,17,30,220,136,Boulevard de  Penthièvre,48.18347,-2.75678,Nuit avec éclairage non allumé,En agglomération,Hors intersection,Pluie légère,Autre collision,,,,,,,,,,,4,2,1,2.0,6
201300000970,0013-01-05 17:45:00,13,1,5,17,45,220,86,,48.7456,-3.03802,Nuit sans éclairage public,Hors agglomération,Hors intersection,Normale,Autre collision,,,,,,,,,,,3,1,1,1.0,6
201300000971,0013-02-21 07:45:00,13,2,21,7,45,220,162,rue de poulgo?c,,,Crépuscule ou aube,En agglomération,Hors intersection,Normale,Autre collision,,,,,,,,,,,2,2,1,1.0,6
201300000972,0013-06-14 15:45:00,13,6,14,15,45,220,16,,48.845,-3.003,Plein jour,Hors agglomération,Hors intersection,Normale,Autre collision,,,,,,,,,,,1,1,1,1.0,6
201300000973,0013-06-20 20:45:00,13,6,20,20,45,220,162,Chemin de GUILBEN,48.78099,-3.01484,Plein jour,Hors agglomération,Hors intersection,Normale,Deux véhicules - côté,,,,,,,,,,,1,1,1,1.0,3
201300000974,0013-06-29 19:45:00,13,6,29,19,45,220,86,,48.73259,-3.02773,Plein jour,Hors agglomération,Hors intersection,Normale,Deux véhicules - frontale,,,,,,,,,,,1,1,1,1.0,1
201300000975,0013-09-22 06:30:00,13,9,22,6,30,220,214,,,,Nuit sans éclairage public,Hors agglomération,Hors intersection,Brouillard / fumée,Autre collision,,,,,,,,,,,3,1,1,5.0,6
201300000976,0013-10-13 14:15:00,13,10,13,14,15,220,162,,48.76724,-3.06507,Plein jour,Hors agglomération,Hors intersection,Normale,Sans collision,,,,,,,,,,,1,1,1,1.0,7
201300000977,0013-11-22 14:45:00,13,11,22,14,45,220,162,Quay morand,48.78027,-3.0446,Plein jour,En agglomération,Hors intersection,Temps couvert,Sans collision,,,,,,,,,,,1,2,1,8.0,7
201300000978,0013-01-26 11:30:00,13,1,26,11,30,220,242,,,,Plein jour,Hors agglomération,Hors intersection,Normale,Deux véhicules - côté,,,,,,,,,,,1,1,1,1.0,3
201300000979,0013-03-23 14:45:00,13,3,23,14,45,220,186,Rd Pt de BIEN ASSIS,48.58729,-2.50207,Plein jour,Hors agglomération,Giratoire,Normale,Deux véhicules - côté,,,,,,,,,,,1,1,6,1.0,3
201300000980,0013-04-18 22:00:00,13,4,18,22,0,220,173,,48.56,-2.578,Nuit sans éclairage public,Hors agglomération,Hors intersection,Normale,Autre collision,,,,,,,,,,,3,1,1,1.0,6
201300000981,0013-05-15 11:45:00,13,5,15,11,45,220,389,rue de penthièvre,48.48234,-2.67447,Plein jour,En agglomération,Hors intersection,Normale,Autre collision,,,,,,,,,,,1,2,1,1.0,6
201300000982,0013-06-17 09:45:00,13,6,17,9,45,220,186,LE PEHOUET,48.58457,-2.52508,Plein jour,Hors agglomération,Intersection en X,Normale,Deux véhicules - côté,,,,,,,,,,,1,1,2,1.0,3
201300000983,0013-07-16 18:15:00,13,7,16,18,15,220,273,CD786 RUE DE TOURNEMINE,,,Plein jour,En agglomération,Hors intersection,Normale,Trois véhicules et plus - collisions multiples,,,,,,,,,,,1,2,1,1.0,5
201300000984,0013-08-28 17:30:00,13,8,28,17,30,220,389,,,,Plein jour,Hors agglomération,Hors intersection,Normale,Autre collision,,,,,,,,,,,1,1,1,1.0,6
201300000985,0013-08-29 20:45:00,13,8,29,20,45,220,54,,,,Nuit sans éclairage public,Hors agglomération,Hors intersection,Normale,Deux véhicules - frontale,,,,,,,,,,,3,1,1,1.0,1
201300000986,0013-11-23 13:45:00,13,11,23,13,45,220,173,rue des ponts neufs,48.53137,-2.57695,Plein jour,En agglomération,Intersection en Y,Normale,Deux véhicules - côté,,,,,,,,,,,1,2,4,1.0,3
201300000987,0013-04-11 13:30:00,13,4,11,13,30,220,277,,,,Plein jour,Hors agglomération,Hors intersection,Normale,Deux véhicules - côté,,,,,,,,,,,1,1,1,1.0,3
201300000988,0013-04-12 19:00:00,13,4,12,19,0,220,176,rue du 8 mai 1945,48.44462,-2.74042,Plein jour,En agglomération,Intersection en T,Normale,Sans collision,,,,,,,,,,,1,2,3,1.0,7
201300000989,0013-06-10 16:45:00,13,6,10,16,45,220,262,Rue des Crois Jarrots,48.40806,-2.90718,Plein jour,En agglomération,Hors intersection,Normale,Autre collision,,,,,,,,,,,1,2,1,1.0,6
201300000990,0013-08-06 11:30:00,13,8,6,11,30,220,277,LANVIA,48.38952,-2.83188,Plein jour,Hors agglomération,Hors intersection,Normale,Trois véhicules et plus - en chaîne,,,,,,,,,,,1,1,1,1.0,4
201300000991,0013-09-15 13:45:00,13,9,15,13,45,220,171,,48.417,-2.822,Plein jour,Hors agglomération,Hors intersection,Normale,Deux véhicules - frontale,,,,,,,,,,,1,1,1,1.0,1
201300000992,0013-11-20 08:00:00,13,11,20,8,0,220,171,,48.40077,-2.78829,Crépuscule ou aube,Hors agglomération,Hors intersection,Temps couvert,Deux véhicules - frontale,,,,,,,,,,,2,1,1,8.0,1
201300000993,0013-01-23 11:45:00,13,1,23,11,45,220,8,LA VILLE ORIA,48.41388,-2.10924,Plein jour,Hors agglomération,Intersection en Y,Normale,Deux véhicules - côté,,,,,,,,,,,1,1,4,1.0,3
201300000994,0013-01-24 16:15:00,13,1,24,16,15,220,259,rue de L'aublette,48.44761,-2.08343,Plein jour,En agglomération,Hors intersection,Normale,Deux véhicules - côté,,,,,,,,,,,1,2,1,1.0,3
201300000995,0013-02-07 08:00:00,13,2,7,8,0,220,306,Le Bois de la Garde,48.35462,-1.96861,Plein jour,Hors agglomération,Hors intersection,Normale,Deux véhicules - frontale,,,,,,,,,,,1,1,1,1.0,1
201300000996,0013-02-18 15:45:00,13,2,18,15,45,220,317,La Ville Auffret,48.42585,-2.25618,Plein jour,Hors agglomération,Hors intersection,Normale,Sans collision,,,,,,,,,,,1,1,1,1.0,7
201300000997,0013-02-19 17:45:00,13,2,19,17,45,220,299,,48.48219,-1.96166,Plein jour,Hors agglomération,Intersection en X,Normale,Deux véhicules - côté,,,,,,,,,,,1,1,2,1.0,3
201300000998,0013-03-01 17:45:00,13,3,1,17,45,220,208,LA DELECHE,48.33741,-1.96369,Plein jour,Hors agglomération,Intersection en X,Normale,Deux véhicules - côté,,,,,,,,,,,1,1,2,1.0,3
201300000999,0013-03-21 18:15:00,13,3,21,18,15,220,339,La Mereil,48.468,-2.06006,Plein jour,En agglomération,Hors intersection,Pluie légère,Deux véhicules - arrière,,,,,,,,,,,1,2,1,2.0,2
201300001000,0013-06-30 00:01:00,13,6,30,0,1,220,306,Le Bourg,48.367,-1.954,Nuit sans éclairage public,En agglomération,Hors intersection,Normale,Autre collision,,,,,,,,,,,3,2,1,1.0,6
201300001001,0013-07-10 07:45:00,13,7,10,7,45,220,259,Avenue de l'Aublette,,,Plein jour,En agglomération,Hors intersection,Temps éblouissant,Autre collision,,,,,,,,,,,1,2,1,7.0,6
201300001002,0013-07-12 11:15:00,13,7,12,11,15,220,123,Rue de la Cochais,48.43562,-2.06788,Plein jour,En agglomération,Hors intersection,Normale,Deux véhicules - arrière,,,,,,,,,,,1,2,1,1.0,2
201300001003,0013-07-27 16:30:00,13,7,27,16,30,220,118,BELLEVUE,48.44378,-2.01968,Plein jour,Hors agglomération,Hors intersection,Pluie forte,Sans collision,,,,,,,,,,,1,1,1,3.0,7
201300001004,0013-08-01 23:00:00,13,8,1,23,0,220,308,,48.385,-2.04199,Nuit sans éclairage public,Hors agglomération,Hors intersection,Normale,Autre collision,,,,,,,,,,,3,1,1,1.0,6
201300001005,0013-09-04 16:00:00,13,9,4,16,0,220,197,LA VILLE REGNIER,48.50954,-1.93314,Plein jour,Hors agglomération,Intersection en X,Normale,Deux véhicules - côté,,,,,,,,,,,1,1,2,1.0,3
201300001006,0013-09-30 18:15:00,13,9,30,18,15,220,50,rue de brest,48.458,-2.052,Plein jour,En agglomération,Autre intersection,Temps éblouissant,Autre collision,,,,,,,,,,,1,2,9,7.0,6
201300001007,0013-11-16 09:00:00,13,11,16,9,0,220,263,lieu dit la busardière,48.35201,-1.9998,Plein jour,En agglomération,Hors intersection,Temps éblouissant,Autre collision,,,,,,,,,,,1,2,1,7.0,6
201300001008,0013-12-20 11:15:00,13,12,20,11,15,220,50,Rue de BrestPAS DOS GEO,48.45295,-2.05663,Plein jour,En agglomération,Intersection en X,Temps éblouissant,Deux véhicules - côté,,,,,,,,,,,1,2,2,7.0,3
201300001009,0013-12-30 19:30:00,13,12,30,19,30,220,259,D 795 - CC PAS DOS GEO,48.4476,-2.07423,Nuit avec éclairage allumé,En agglomération,Hors intersection,Temps couvert,Autre collision,,,,,,,,,,,5,2,1,8.0,6
201300001010,0013-06-03 19:30:00,13,6,3,19,30,220,185,,48.37258,-2.37755,Plein jour,Hors agglomération,Hors intersection,Normale,Deux véhicules - frontale,,,,,,,,,,,1,1,1,1.0,1
201300001011,0013-11-24 21:15:00,13,11,24,21,15,220,12,rue de l'Auge,48.57401,-2.43371,Nuit avec éclairage allumé,En agglomération,Hors intersection,Normale,Autre collision,,,,,,,,,,,5,2,1,1.0,6
201300001012,0013-04-10 14:45:00,13,4,10,14,45,220,77,La Ville Moussard,48.53624,-2.44355,Plein jour,Hors agglomération,Hors intersection,Pluie forte,Deux véhicules - frontale,,,,,,,,,,,1,1,1,3.0,1
201300001013,0013-05-06 19:30:00,13,5,6,19,30,220,143,Rue du Heume,48.59639,-2.29542,Plein jour,En agglomération,Hors intersection,Normale,Autre collision,,,,,,,,,,,1,2,1,1.0,6
201300001014,0013-06-10 20:00:00,13,6,10,20,0,220,143,LA BROCHARDINE,48.61828,-2.28797,Plein jour,Hors agglomération,Hors intersection,Normale,Autre collision,,,,,,,,,,,1,1,1,1.0,6
201300001015,0013-06-16 14:45:00,13,6,16,14,45,220,282,,48.60306,-2.24464,Plein jour,Hors agglomération,Hors intersection,Normale,Deux véhicules - frontale,,,,,,,,,,,1,1,1,1.0,1
201300001016,0013-06-24 15:00:00,13,6,24,15,0,220,200,rue pierre Heuze,48.48942,-2.32126,Plein jour,En agglomération,Hors intersection,Normale,Deux véhicules - frontale,,,,,,,,,,,1,2,1,1.0,1
201300001017,0013-07-18 03:30:00,13,7,18,3,30,220,282,"Rue des nouettes, 69",48.63493,-2.27048,Nuit avec éclairage allumé,En agglomération,Hors intersection,Normale,Autre collision,,,,,,,,,,,5,2,1,1.0,6
201300001018,0013-07-21 05:45:00,13,7,21,5,45,220,237,,48.505,-2.286,Crépuscule ou aube,Hors agglomération,Hors intersection,Normale,Autre collision,,,,,,,,,,,2,1,1,1.0,6
201300001019,0013-09-03 18:45:00,13,9,3,18,45,220,200,LE FEMULON,48.49773,-2.32474,Plein jour,Hors agglomération,Hors intersection,Normale,Sans collision,,,,,,,,,,,1,1,1,1.0,7
201300001020,0013-02-05 18:15:00,13,2,5,18,15,220,62,LA CROIX DU TALOIR,48.19859,-2.48308,Plein jour,Hors agglomération,Intersection en T,Normale,Deux véhicules - côté,,,,,,,,,,,1,1,3,1.0,3
201300001021,0013-02-11 08:30:00,13,2,11,8,30,220,241,LE BOIS COURTEL,48.117,-2.60667,Plein jour,Hors agglomération,Hors intersection,Autre,Deux véhicules - frontale,,,,,,,,,,,1,1,1,9.0,1
201300001022,0013-07-16 13:30:00,13,7,16,13,30,220,66,,48.315,-2.514,Plein jour,Hors agglomération,Hors intersection,Normale,Sans collision,,,,,,,,,,,1,1,1,1.0,7
201300001023,0013-08-29 22:15:00,13,8,29,22,15,220,147,,,,Nuit avec éclairage allumé,Hors agglomération,Hors intersection,Normale,Deux véhicules - côté,,,,,,,,,,,5,1,1,1.0,3
201300001024,0013-10-07 09:45:00,13,10,7,9,45,220,66,,48.343,-2.478,Plein jour,Hors agglomération,Hors intersection,Normale,Deux véhicules - côté,,,,,,,,,,,1,1,1,1.0,3
201300001025,0013-10-18 15:30:00,13,10,18,15,30,220,183,,48.183,-2.61,Plein jour,Hors agglomération,Intersection en X,Normale,Deux véhicules - frontale,,,,,,,,,,,1,1,2,1.0,1
201300001026,0013-11-10 08:30:00,13,11,10,8,30,220,147,,48.199,-2.382,Crépuscule ou aube,Hors agglomération,Hors intersection,Pluie légère,Autre collision,,,,,,,,,,,2,1,1,2.0,6
201300001027,0013-09-30 17:30:00,13,9,30,17,30,220,172,,,,Plein jour,Hors agglomération,Hors intersection,Normale,Sans collision,,,,,,,,,,,1,1,1,1.0,7
201300001028,0013-10-17 08:30:00,13,10,17,8,30,220,180,13 rue des rouairies,48.435,-2.216,Crépuscule ou aube,En agglomération,Hors intersection,Temps couvert,Autre collision,,,,,,,,,,,2,2,1,8.0,6
201300001029,0013-10-17 06:15:00,13,10,17,6,15,220,14,,48.451,-2.285,Nuit sans éclairage public,Hors agglomération,Hors intersection,Normale,Deux véhicules - frontale,,,,,,,,,,,3,1,1,1.0,1
201300001030,0013-11-09 11:15:00,13,11,9,11,15,220,48,,48.50108,-2.22799,Plein jour,Hors agglomération,Hors intersection,Normale,Deux véhicules - côté,,,,,,,,,,,1,1,1,1.0,3
201300001031,0013-11-10 05:00:00,13,11,10,5,0,220,237,les troix croix,48.533,-2.295,Nuit sans éclairage public,En agglomération,Place,Pluie forte,Autre collision,,,,,,,,,,,3,2,7,3.0,6
201300001032,0013-11-16 14:15:00,13,11,16,14,15,220,97,la tombe,48.43016,-2.1776,Plein jour,En agglomération,Hors intersection,Temps éblouissant,Deux véhicules - arrière,,,,,,,,,,,1,2,1,7.0,2
201300001033,0013-12-13 07:15:00,13,12,13,7,15,220,190,,48.53564,-2.06806,Nuit sans éclairage public,Hors agglomération,Hors intersection,Pluie légère,Sans collision,,,,,,,,,,,3,1,1,2.0,7
201300001034,0013-02-15 10:15:00,13,2,15,10,15,220,70,venelle de Traouzac'h,48.56345,-3.1572,Plein jour,En agglomération,Hors intersection,Normale,Autre collision,,,,,,,,,,,1,2,1,1.0,6
201300001035,0013-06-30 18:30:00,13,6,30,18,30,220,225,RUE DE PARC ROUZES,48.54163,-3.13285,Plein jour,En agglomération,Hors intersection,Normale,Autre collision,,,,,,,,,,,1,2,1,1.0,6
201300001036,0013-10-06 11:45:00,13,10,6,11,45,220,161,rond point du croissant,48.576,-3.146,Plein jour,En agglomération,Giratoire,Normale,Autre collision,,,,,,,,,,,1,2,6,1.0,6
201300001037,0013-12-26 13:00:00,13,12,26,13,0,220,225,Place du centrePAS GEO,48.54477,-3.13209,Plein jour,En agglomération,Intersection en T,Normale,Sans collision,,,,,,,,,,,1,2,3,1.0,7
201300001038,0013-08-23 17:00:00,13,8,23,17,0,220,13,SAINT JUDE,48.44949,-3.14424,Plein jour,Hors agglomération,Hors intersection,Normale,Sans collision,,,,,,,,,,,1,1,1,1.0,7
201300001039,0013-12-02 07:15:00,13,12,2,7,15,220,5,PAS DOS GEO,48.554,-3.381,Nuit sans éclairage public,Hors agglomération,Hors intersection,Normale,Autre collision,,,,,,,,,,,3,1,1,1.0,6
201300001040,0013-05-25 19:30:00,13,5,25,19,30,220,61,,48.25656,-3.43627,Plein jour,Hors agglomération,Hors intersection,Normale,Autre collision,,,,,,,,,,,1,1,1,1.0,6
201300001041,0013-07-03 09:00:00,13,7,3,9,0,220,137,L'Enseigne,48.29353,-3.44279,Plein jour,Hors agglomération,Intersection en T,Pluie légère,Trois véhicules et plus - en chaîne,,,,,,,,,,,1,1,3,2.0,4
201300001042,0013-08-06 08:15:00,13,8,6,8,15,220,61,Keranflec'h,48.25733,-3.39956,Plein jour,Hors agglomération,Hors intersection,Temps couvert,Deux véhicules - arrière,,,,,,,,,,,1,1,1,8.0,2
201300001043,0013-03-05 11:00:00,13,3,5,11,0,220,194,,48.64552,-3.65621,Plein jour,Hors agglomération,Hors intersection,Normale,Deux véhicules - frontale,,,,,,,,,,,1,1,1,1.0,1
201300001044,0013-04-18 19:00:00,13,4,18,19,0,220,194,KERDAVID,48.62425,-3.64284,Plein jour,Hors agglomération,Hors intersection,Normale,Sans collision,,,,,,,,,,,1,1,1,1.0,7
201300001045,0013-04-18 20:15:00,13,4,18,20,15,220,226,Traou ar pont,48.69386,-3.5236,Plein jour,Hors agglomération,Hors intersection,Normale,Deux véhicules - arrière,,,,,,,,,,,1,1,1,1.0,2
201300001046,0013-06-16 09:15:00,13,6,16,9,15,220,119,Goas Arou,48.62735,-3.54567,Plein jour,Hors agglomération,Hors intersection,Pluie légère,Sans collision,,,,,,,,,,,1,1,1,2.0,7
201300001047,0013-12-10 07:45:00,13,12,10,7,45,220,265,dogmaelpas dos geo,48.73093,-3.40664,Crépuscule ou aube,Hors agglomération,Intersection en T,Normale,Deux véhicules - côté,,,,,,,,,,,2,1,3,1.0,3
201300001048,0013-12-08 15:15:00,13,12,8,15,15,220,194,rue St Roch,48.65849,-3.62833,Plein jour,En agglomération,Intersection en T,Temps éblouissant,Deux véhicules - côté,,,,,,,,,,,1,2,3,7.0,3
201300001049,0013-12-10 17:45:00,13,12,10,17,45,220,207,F. m luzelpas dos geo,48.61088,-3.47282,Plein jour,En agglomération,Hors intersection,Normale,Autre collision,,,,,,,,,,,1,2,1,1.0,6
201300001050,0013-03-21 07:45:00,13,3,21,7,45,220,134,,48.78195,-3.39029,Plein jour,Hors agglomération,Intersection en T,Temps couvert,Deux véhicules - côté,,,,,,,,,,,1,1,3,8.0,3