accident_id,datetime,annee,mois,jour,heure,minute,departement,commune_insee,adresse,latitude,longitude,luminosite,agglomeration,intersection,meteo,collision,nb_vehicules,nb_usagers,nb_indemnes,nb_tues,nb_blesses_hosp,nb_blesses_legers,age_cond_1,age_cond_2,veh_type_cond_1,veh_type_cond_2,lum_code,agg_code,int_code,atm_code,col_code
201300001179,0013-11-06 18:15:00,13,11,6,18,15,560,158,,,,Nuit sans éclairage public,Hors agglomération,Intersection en T,Pluie légère,Deux véhicules - côté,,,,,,,,,,,3,1,3,2.0,3
201300001180,0013-12-22 17:45:00,13,12,22,17,45,560,67,,,,Crépuscule ou aube,Hors agglomération,Hors intersection,Temps couvert,Autre collision,,,,,,,,,,,2,1,1,8.0,6
201300001181,0013-01-13 01:30:00,13,1,13,1,30,560,221,,47.6701,-2.21448,Nuit sans éclairage public,Hors agglomération,Hors intersection,Brouillard / fumée,Autre collision,,,,,,,,,,,3,1,1,5.0,6
201300001182,0013-01-12 10:15:00,13,1,12,10,15,560,229,,,,Plein jour,Hors agglomération,Hors intersection,Temps éblouissant,Autre collision,,,,,,,,,,,1,1,1,7.0,6
201300001183,0013-06-01 16:15:00,13,6,1,16,15,560,1,,47.63474,-2.15367,Plein jour,Hors agglomération,Intersection en X,Normale,Deux véhicules - côté,,,,,,,,,,,1,1,2,1.0,3
201300001184,0013-06-07 08:15:00,13,6,7,8,15,560,229,,,,Plein jour,Hors agglomération,Hors intersection,Normale,Deux véhicules - côté,,,,,,,,,,,1,1,1,1.0,3
201300001185,0013-07-11 20:15:00,13,7,11,20,15,560,221,rue sainte Anne,47.68473,-2.2171,Plein jour,En agglomération,Hors intersection,Normale,Deux véhicules - côté,,,,,,,,,,,1,2,1,1.0,3
201300001186,0013-08-07 21:15:00,13,8,7,21,15,560,229,centre bourg,,,Plein jour,En agglomération,Hors intersection,Pluie légère,Sans collision,,,,,,,,,,,1,2,1,2.0,7
201300001187,0013-08-09 14:30:00,13,8,9,14,30,560,1,,,,Plein jour,Hors agglomération,Hors intersection,Normale,Sans collision,,,,,,,,,,,1,1,1,1.0,7
201300001188,0013-08-13 17:30:00,13,8,13,17,30,560,1,,,,Plein jour,Hors agglomération,Hors intersection,Normale,Sans collision,,,,,,,,,,,1,1,1,1.0,7
201300001189,0013-09-20 17:15:00,13,9,20,17,15,560,1,,47.63542,-2.18169,Plein jour,Hors agglomération,Hors intersection,Normale,Autre collision,,,,,,,,,,,1,1,1,1.0,6
201300001190,0013-10-10 17:45:00,13,10,10,17,45,560,61,08 RUE DE L HOTEL DE VIL,47.7663,-2.13481,Plein jour,En agglomération,Hors intersection,Temps éblouissant,Deux véhicules - côté,,,,,,,,,,,1,2,1,7.0,3
201300001191,0013-11-19 19:45:00,13,11,19,19,45,560,232,rue du clos ressac,47.67336,-2.10669,Nuit avec éclairage allumé,En agglomération,Intersection en T,Pluie légère,Deux véhicules - côté,,,,,,,,,,,5,2,3,2.0,3
201300001192,0013-01-07 14:15:00,13,1,7,14,15,560,143,,,,Plein jour,Hors agglomération,Hors intersection,Temps couvert,Autre collision,,,,,,,,,,,1,1,1,8.0,6
201300001193,0013-07-14 10:45:00,13,7,14,10,45,560,155,,47.467,-2.477,Crépuscule ou aube,Hors agglomération,Hors intersection,Normale,Deux véhicules - frontale,,,,,,,,,,,2,1,1,1.0,1
201300001194,0013-11-28 14:15:00,13,11,28,14,15,560,52,route de Muzillac,,,Plein jour,En agglomération,Hors intersection,Normale,Sans collision,,,,,,,,,,,1,2,1,1.0,7
201300001195,0013-02-11 18:45:00,13,2,11,18,45,560,53,,,,Plein jour,Hors agglomération,Hors intersection,Normale,Deux véhicules - frontale,,,,,,,,,,,1,1,1,1.0,1
201300001196,0013-02-14 18:00:00,13,2,14,18,0,560,135,,,,Plein jour,Hors agglomération,Hors intersection,Normale,Sans collision,,,,,,,,,,,1,1,1,1.0,7
201300001197,0013-02-22 07:45:00,13,2,22,7,45,560,53,,,,Crépuscule ou aube,Hors agglomération,Intersection en X,Normale,Deux véhicules - côté,,,,,,,,,,,2,1,2,1.0,3
201300001198,0013-03-20 17:00:00,13,3,20,17,0,560,159,rue de paris,,,Plein jour,En agglomération,Hors intersection,Normale,Autre collision,,,,,,,,,,,1,2,1,1.0,6
201300001199,0013-04-14 18:15:00,13,4,14,18,15,560,53,,,,Plein jour,Hors agglomération,Hors intersection,Normale,Autre collision,,,,,,,,,,,1,1,1,1.0,6
201300001200,0013-05-24 11:30:00,13,5,24,11,30,560,261,,47.69648,-2.54107,Plein jour,Hors agglomération,Intersection en X,Normale,Deux véhicules - côté,,,,,,,,,,,1,1,2,1.0,3
201300001201,0013-06-14 05:45:00,13,6,14,5,45,560,184,,47.66186,-2.43965,Crépuscule ou aube,Hors agglomération,Hors intersection,Normale,Autre collision,,,,,,,,,,,2,1,1,1.0,6
201300001202,0013-08-17 17:45:00,13,8,17,17,45,560,255,,,,Plein jour,Hors agglomération,Hors intersection,Normale,Autre collision,,,,,,,,,,,1,1,1,1.0,6
201300001203,0013-09-06 18:45:00,13,9,6,18,45,560,184,rue de la gare,,,Plein jour,En agglomération,Hors intersection,Normale,Deux véhicules - côté,,,,,,,,,,,1,2,1,1.0,3
201300001204,0013-11-20 16:15:00,13,11,20,16,15,560,171,,,,Plein jour,Hors agglomération,Hors intersection,Pluie légère,Trois véhicules et plus - collisions multiples,,,,,,,,,,,1,1,1,2.0,5
201300001205,0013-01-19 22:30:00,13,1,19,22,30,560,23,,,,Nuit sans éclairage public,Hors agglomération,Hors intersection,Temps couvert,Deux véhicules - frontale,,,,,,,,,,,3,1,1,8.0,1
201300001206,0013-01-25 18:30:00,13,1,25,18,30,560,7,rue Philippe LE GALL,47.67188,-2.99534,Nuit avec éclairage allumé,En agglomération,Hors intersection,Pluie forte,Autre collision,,,,,,,,,,,5,2,1,3.0,6
201300001207,0013-03-14 10:00:00,13,3,14,10,0,560,46,,47.63461,-3.01535,Plein jour,Hors agglomération,Hors intersection,Normale,Deux véhicules - côté,,,,,,,,,,,1,1,1,1.0,3
201300001208,0013-03-30 17:45:00,13,3,30,17,45,560,7,41 rue  Joseph MARTIN,47.65883,-2.97967,Plein jour,En agglomération,Hors intersection,Normale,Autre collision,,,,,,,,,,,1,2,1,1.0,6
201300001209,0013-04-11 09:30:00,13,4,11,9,30,560,176,,47.69272,-2.9332,Plein jour,Hors agglomération,Hors intersection,Normale,Deux véhicules - frontale,,,,,,,,,,,1,1,1,1.0,1
201300001210,0013-06-18 17:00:00,13,6,18,17,0,560,7,rue colonel manceau,47.66345,-2.99715,Plein jour,En agglomération,Hors intersection,Normale,Deux véhicules - frontale,,,,,,,,,,,1,2,1,1.0,1
201300001211,0013-07-02 16:30:00,13,7,2,16,30,560,23,,47.6865,-3.0135,Plein jour,Hors agglomération,Hors intersection,Normale,Deux véhicules - côté,,,,,,,,,,,1,1,1,1.0,3
201300001212,0013-07-10 22:45:00,13,7,10,22,45,560,167,,,,Nuit avec éclairage allumé,Hors agglomération,Intersection en X,Normale,Deux véhicules - côté,,,,,,,,,,,5,1,2,1.0,3
201300001213,0013-08-24 11:30:00,13,8,24,11,30,560,7,Rue du lait,47.6667,-2.98509,Plein jour,En agglomération,Hors intersection,Normale,Autre collision,,,,,,,,,,,1,2,1,1.0,6
201300001214,0013-09-14 16:00:00,13,9,14,16,0,560,7,rue du lait,47.66703,-2.98606,Plein jour,En agglomération,Hors intersection,Normale,Autre collision,,,,,,,,,,,1,2,1,1.0,6
201300001215,0013-04-25 16:15:00,13,4,25,16,15,560,241,,,,Plein jour,Hors agglomération,Hors intersection,Normale,Deux véhicules - frontale,,,,,,,,,,,1,1,1,1.0,1
201300001216,0013-03-07 15:15:00,13,3,7,15,15,560,258,cour des quais,47.58721,-3.02914,Plein jour,En agglomération,Hors intersection,Normale,Deux véhicules - côté,,,,,,,,,,,1,2,1,1.0,3
201300001217,0013-04-20 01:00:00,13,4,20,1,0,560,116,,47.56051,-2.96462,Nuit sans éclairage public,Hors agglomération,Hors intersection,Normale,Sans collision,,,,,,,,,,,3,1,1,1.0,7
201300001218,0013-05-04 03:00:00,13,5,4,3,0,560,34,,,,Nuit sans éclairage public,Hors agglomération,Hors intersection,Normale,Autre collision,,,,,,,,,,,3,1,1,1.0,6
201300001219,0013-05-26 09:30:00,13,5,26,9,30,560,34,43 avenue des druides,47.57361,-3.07655,Nuit avec éclairage allumé,En agglomération,Hors intersection,Normale,Autre collision,,,,,,,,,,,5,2,1,1.0,6
201300001220,0013-06-14 18:45:00,13,6,14,18,45,560,186,25 AV DU G. de Gaulle,47.4902,-3.12126,Plein jour,En agglomération,Giratoire,Normale,Autre collision,,,,,,,,,,,1,2,6,1.0,6
201300001221,0013-07-10 09:00:00,13,7,10,9,0,560,116,,,,Plein jour,Hors agglomération,Hors intersection,Normale,Deux véhicules - frontale,,,,,,,,,,,1,1,1,1.0,1
201300001222,0013-07-19 14:45:00,13,7,19,14,45,560,34,Avenue de Port en Dro,47.57161,-3.07601,Plein jour,En agglomération,Intersection en T,Normale,Deux véhicules - côté,,,,,,,,,,,1,2,3,1.0,3
201300001223,0013-08-01 22:30:00,13,8,1,22,30,560,34,,,,Nuit sans éclairage public,Hors agglomération,Hors intersection,Normale,Deux véhicules - frontale,,,,,,,,,,,3,1,1,1.0,1
201300001224,0013-08-17 14:30:00,13,8,17,14,30,560,234,Avenue des druides,47.51579,-3.1319,Plein jour,En agglomération,Hors intersection,Normale,Sans collision,,,,,,,,,,,1,2,1,1.0,7
201300001225,0013-08-24 05:30:00,13,8,24,5,30,560,34,,47.62563,-3.09886,Nuit sans éclairage public,Hors agglomération,Hors intersection,Normale,Autre collision,,,,,,,,,,,3,1,1,1.0,6
201300001226,0013-09-05 11:45:00,13,9,5,11,45,560,116,,47.58115,-2.97468,Plein jour,Hors agglomération,Hors intersection,Normale,Deux véhicules - côté,,,,,,,,,,,1,1,1,1.0,3
201300001227,0013-09-27 23:45:00,13,9,27,23,45,560,34,,,,Nuit sans éclairage public,Hors agglomération,Hors intersection,Normale,Deux véhicules - arrière,,,,,,,,,,,3,1,1,1.0,2
201300001228,0013-10-10 18:00:00,13,10,10,18,0,560,233,,47.5721,-3.00829,Plein jour,Hors agglomération,Hors intersection,Normale,Deux véhicules - côté,,,,,,,,,,,1,1,1,1.0,3
201300001229,0013-08-19 11:15:00,13,8,19,11,15,560,69,route des plages,,,Plein jour,En agglomération,Hors intersection,Normale,Deux véhicules - côté,,,,,,,,,,,1,2,1,1.0,3
201300001230,0013-06-07 11:15:00,13,6,7,11,15,560,13,Rond point 4 chemins,47.67565,-3.17139,Plein jour,En agglomération,Giratoire,Pluie forte,Autre collision,,,,,,,,,,,1,2,6,3.0,6
201300001231,0013-07-11 09:00:00,13,7,11,9,0,560,161,,,,Plein jour,Hors agglomération,Hors intersection,Normale,Deux véhicules - côté,,,,,,,,,,,1,1,1,1.0,3
201300001232,0013-08-14 13:00:00,13,8,14,13,0,560,181,avenue de la cote rouge,,,Plein jour,En agglomération,Hors intersection,Normale,Deux véhicules - frontale,,,,,,,,,,,1,2,1,1.0,1
201300001233,0013-09-22 14:00:00,13,9,22,14,0,560,54,Rue TENAT ER VELIN,,,Plein jour,En agglomération,Intersection en X,Normale,Deux véhicules - côté,,,,,,,,,,,1,2,2,1.0,3
201300001234,0013-12-11 11:45:00,13,12,11,11,45,560,193,,,,Plein jour,Hors agglomération,Hors intersection,Normale,Trois véhicules et plus - collisions multiples,,,,,,,,,,,1,1,1,1.0,5
201300001235,0013-12-24 16:15:00,13,12,24,16,15,560,13,,47.67347,-3.14124,Plein jour,Hors agglomération,Hors intersection,Temps couvert,Deux véhicules - côté,,,,,,,,,,,1,1,1,8.0,3
201300001236,0013-12-29 21:15:00,13,12,29,21,15,560,169,,,,Nuit avec éclairage non allumé,Hors agglomération,Hors intersection,Normale,Autre collision,,,,,,,,,,,4,1,1,1.0,6
201300001237,0013-01-11 20:15:00,13,1,11,20,15,560,165,,47.90253,-2.37383,Nuit sans éclairage public,Hors agglomération,Hors intersection,Normale,Autre collision,,,,,,,,,,,3,1,1,1.0,6
201300001238,0013-03-07 17:30:00,13,3,7,17,30,560,80,,,,Plein jour,Hors agglomération,Hors intersection,Pluie légère,Sans collision,,,,,,,,,,,1,1,1,2.0,7
201300001239,0013-04-05 17:15:00,13,4,5,17,15,560,165,,,,Plein jour,Hors agglomération,Hors intersection,Temps couvert,Autre collision,,,,,,,,,,,1,1,1,8.0,6
201300001240,0013-06-08 07:00:00,13,6,8,7,0,560,80,RUE DE PERHAN D.13,,,Crépuscule ou aube,En agglomération,Hors intersection,Pluie légère,Autre collision,,,,,,,,,,,2,2,1,2.0,6
201300001241,0013-08-09 19:15:00,13,8,9,19,15,560,249,Avenue du porhoet,,,Plein jour,En agglomération,Hors intersection,Normale,Deux véhicules - frontale,,,,,,,,,,,1,2,1,1.0,1
201300001242,0013-08-29 07:45:00,13,8,29,7,45,560,129,,,,Plein jour,Hors agglomération,Hors intersection,Brouillard / fumée,Sans collision,,,,,,,,,,,1,1,1,5.0,7
201300001243,0013-09-09 11:45:00,13,9,9,11,45,560,32,,,,Plein jour,Hors agglomération,Hors intersection,Normale,Sans collision,,,,,,,,,,,1,1,1,1.0,7
201300001244,0013-09-14 17:30:00,13,9,14,17,30,560,165,Giratoire R & L GUILLOIS,47.93052,-2.39302,Plein jour,En agglomération,Giratoire,Normale,Deux véhicules - côté,,,,,,,,,,,1,2,6,1.0,3
201300001245,0013-09-27 13:15:00,13,9,27,13,15,560,32,,,,Plein jour,Hors agglomération,Hors intersection,Normale,Deux véhicules - côté,,,,,,,,,,,1,1,1,1.0,3
201300001246,0013-09-27 17:30:00,13,9,27,17,30,560,165,Rue Monseigneur GUILLOUX,47.93537,-2.40082,Plein jour,En agglomération,Hors intersection,Normale,Deux véhicules - côté,,,,,,,,,,,1,2,1,1.0,3
201300001247,0013-11-16 11:30:00,13,11,16,11,30,560,37,rue de la liberation,,,Plein jour,En agglomération,Hors intersection,Normale,Autre collision,,,,,,,,,,,1,2,1,1.0,6
201300001248,0013-11-30 12:15:00,13,11,30,12,15,560,80,,,,Plein jour,Hors agglomération,Hors intersection,Normale,Deux véhicules - frontale,,,,,,,,,,,1,1,1,1.0,1
201300001249,0013-12-20 10:00:00,13,12,20,10,0,560,165,Place du senechal Perret,47.93331,-2.39922,Plein jour,En agglomération,Place,Pluie légère,Autre collision,,,,,,,,,,,1,2,7,2.0,6
201300001250,0013-01-02 19:15:00,13,1,2,19,15,560,20,,,,Nuit sans éclairage public,Hors agglomération,Hors intersection,Temps couvert,Deux véhicules - côté,,,,,,,,,,,3,1,1,8.0,3
201300001251,0013-06-18 21:15:00,13,6,18,21,15,560,219,,,,Crépuscule ou aube,Hors agglomération,Hors intersection,Normale,Autre collision,,,,,,,,,,,2,1,1,1.0,6
201300001252,0013-08-01 16:15:00,13,8,1,16,15,560,244,,,,Plein jour,Hors agglomération,Intersection en T,Temps éblouissant,Deux véhicules - côté,,,,,,,,,,,1,1,3,7.0,3
201300001253,0013-08-11 16:00:00,13,8,11,16,0,560,230,,,,Plein jour,Hors agglomération,Intersection en X,Normale,Trois véhicules et plus - collisions multiples,,,,,,,,,,,1,1,2,1.0,5
201300001254,0013-09-03 08:00:00,13,9,3,8,0,560,75,,47.94606,-2.15802,Plein jour,Hors agglomération,Hors intersection,Temps éblouissant,Autre collision,,,,,,,,,,,1,1,1,7.0,6
201300001255,0013-09-04 16:30:00,13,9,4,16,30,560,124,rue de la mennais,47.81005,-2.38716,Plein jour,En agglomération,Giratoire,Normale,Deux véhicules - côté,,,,,,,,,,,1,2,6,1.0,3
201300001256,0013-09-23 06:20:00,13,9,23,6,20,560,200,,,,Nuit sans éclairage public,Hors agglomération,Hors intersection,Brouillard / fumée,Autre collision,,,,,,,,,,,3,1,1,5.0,6
201300001257,0013-09-29 18:45:00,13,9,29,18,45,560,244,,,,Plein jour,Hors agglomération,Hors intersection,Normale,Autre collision,,,,,,,,,,,1,1,1,1.0,6
201300001258,0013-10-07 19:00:00,13,10,7,19,0,560,124,Rue du Bois Solon,47.80775,-2.38873,Plein jour,En agglomération,Hors intersection,Normale,Deux véhicules - côté,,,,,,,,,,,1,2,1,1.0,3
201300001259,0013-11-22 17:45:00,13,11,22,17,45,560,75,40 rue de saint cyr,,,Nuit avec éclairage allumé,En agglomération,Hors intersection,Pluie légère,Deux véhicules - côté,,,,,,,,,,,5,2,1,2.0,3
201300001260,0013-01-19 00:15:00,13,1,19,0,15,560,47,,,,Nuit sans éclairage public,Hors agglomération,Hors intersection,Brouillard / fumée,Autre collision,,,,,,,,,,,3,1,1,5.0,6
201300001261,0013-06-02 10:00:00,13,6,2,10,0,560,172,D126,,,Plein jour,En agglomération,Hors intersection,Normale,Deux véhicules - frontale,,,,,,,,,,,1,2,1,1.0,1
201300001262,0013-06-05 23:15:00,13,6,5,23,15,560,172,,,,Nuit sans éclairage public,Hors agglomération,Hors intersection,Normale,Autre collision,,,,,,,,,,,3,1,1,1.0,6
201300001263,0013-06-02 23:15:00,13,6,2,23,15,560,24,,,,Nuit sans éclairage public,Hors agglomération,Hors intersection,Normale,Sans collision,,,,,,,,,,,3,1,1,1.0,7
201300001264,0013-07-29 23:00:00,13,7,29,23,0,560,47,,,,Nuit sans éclairage public,Hors agglomération,Hors intersection,Normale,Autre collision,,,,,,,,,,,3,1,1,1.0,6
201300001265,0013-09-07 20:00:00,13,9,7,20,0,560,19,,,,Crépuscule ou aube,Hors agglomération,Hors intersection,Normale,Deux véhicules - côté,,,,,,,,,,,2,1,1,1.0,3
201300001266,0013-10-28 12:45:00,13,10,28,12,45,560,17,,,,Plein jour,Hors agglomération,Intersection en T,Temps éblouissant,Deux véhicules - côté,,,,,,,,,,,1,1,3,7.0,3
201300001267,0013-11-11 11:15:00,13,11,11,11,15,560,172,,,,Plein jour,Hors agglomération,Hors intersection,Pluie légère,Deux véhicules - côté,,,,,,,,,,,1,1,1,2.0,3
201300001268,0013-12-01 22:40:00,13,12,1,22,40,560,236,,,,Nuit avec éclairage non allumé,Hors agglomération,Hors intersection,Normale,Autre collision,,,,,,,,,,,4,1,1,1.0,6
201300001269,0013-12-30 11:00:00,13,12,30,11,0,560,79,,47.91469,-2.43995,Plein jour,Hors agglomération,Hors intersection,Pluie légère,Autre collision,,,,,,,,,,,1,1,1,2.0,6
201300001270,0013-01-16 19:30:00,13,1,16,19,30,560,178,rue du pont - recollets,48.06899,-2.96719,Nuit avec éclairage allumé,En agglomération,Hors intersection,Normale,Deux véhicules - arrière,,,,,,,,,,,5,2,1,1.0,2
201300001271,0013-02-05 10:30:00,13,2,5,10,30,560,178,rue Francois Mitterand,48.06493,-2.96709,Plein jour,En agglomération,Hors intersection,Pluie légère,Autre collision,,,,,,,,,,,1,2,1,2.0,6
201300001272,0013-02-14 15:45:00,13,2,14,15,45,560,151,,,,Plein jour,Hors agglomération,Hors intersection,Normale,Trois véhicules et plus - collisions multiples,,,,,,,,,,,1,1,1,1.0,5
201300001273,0013-05-04 20:00:00,13,5,4,20,0,560,213,route de COET NOSTRA,48.10787,-2.89336,Plein jour,En agglomération,Giratoire,Normale,Deux véhicules - côté,,,,,,,,,,,1,2,6,1.0,3
201300001274,0013-07-10 09:00:00,13,7,10,9,0,560,178,11 quai niemen,48.06643,-2.96826,Plein jour,En agglomération,Hors intersection,Normale,Autre collision,,,,,,,,,,,1,2,1,1.0,6
201300001275,0013-07-25 02:30:00,13,7,25,2,30,560,178,Quai Plessis PONTIVY,,,Nuit avec éclairage allumé,En agglomération,Hors intersection,Normale,Deux véhicules - côté,,,,,,,,,,,5,2,1,1.0,3
201300001276,0013-11-05 17:30:00,13,11,5,17,30,560,146,,,,Crépuscule ou aube,Hors agglomération,Hors intersection,Temps couvert,Deux véhicules - frontale,,,,,,,,,,,2,1,1,8.0,1
201300001277,0013-12-07 18:15:00,13,12,7,18,15,560,73,Rue Mathurin et Fortune,,,Nuit avec éclairage non allumé,En agglomération,Hors intersection,Normale,Autre collision,,,,,,,,,,,4,2,1,1.0,6
201300001278,0013-04-18 10:45:00,13,4,18,10,45,560,10,rue de la mairie,,,Plein jour,En agglomération,Hors intersection,Normale,Autre collision,,,,,,,,,,,1,2,1,1.0,6
201300001279,0013-06-29 23:45:00,13,6,29,23,45,560,140,,,,Nuit sans éclairage public,Hors agglomération,Hors intersection,Normale,Autre collision,,,,,,,,,,,3,1,1,1.0,6
201300001280,0013-07-17 16:00:00,13,7,17,16,0,560,140,,,,Plein jour,Hors agglomération,Hors intersection,Normale,Autre collision,,,,,,,,,,,1,1,1,1.0,6
201300001281,0013-08-05 17:30:00,13,8,5,17,30,560,10,Route d'Auray,47.86848,-3.02277,Plein jour,En agglomération,Hors intersection,Normale,Deux véhicules - côté,,,,,,,,,,,1,2,1,1.0,3
201300001282,0013-09-20 17:45:00,13,9,20,17,45,560,144,,,,Plein jour,Hors agglomération,Hors intersection,Temps éblouissant,Deux véhicules - côté,,,,,,,,,,,1,1,1,7.0,3
201300001283,0013-10-01 15:45:00,13,10,1,15,45,560,74,,,,Plein jour,Hors agglomération,Hors intersection,Pluie forte,Autre collision,,,,,,,,,,,1,1,1,3.0,6
201300001284,0013-11-13 08:30:00,13,11,13,8,30,560,140,,,,Plein jour,Hors agglomération,Hors intersection,Normale,Trois véhicules et plus - en chaîne,,,,,,,,,,,1,1,1,1.0,4
201300001285,0013-12-13 13:45:00,13,12,13,13,45,560,74,,,,Plein jour,Hors agglomération,Hors intersection,Pluie forte,Sans collision,,,,,,,,,,,1,1,1,3.0,7
201300001286,0013-12-14 09:30:00,13,12,14,9,30,560,173,,47.95875,-2.97515,Plein jour,Hors agglomération,Hors intersection,Normale,Autre collision,,,,,,,,,,,1,1,1,1.0,6
201300001287,0013-01-10 17:45:00,13,1,10,17,45,560,199,,,,Plein jour,Hors agglomération,Hors intersection,Normale,Deux véhicules - frontale,,,,,,,,,,,1,1,1,1.0,1
201300001288,0013-01-27 23:30:00,13,1,27,23,30,560,182,,,,Nuit sans éclairage public,Hors agglomération,Hors intersection,Pluie légère,Autre collision,,,,,,,,,,,3,1,1,2.0,6
201300001289,0013-04-08 07:15:00,13,4,8,7,15,560,14,,,,Crépuscule ou aube,Hors agglomération,Hors intersection,Brouillard / fumée,Deux véhicules - arrière,,,,,,,,,,,2,1,1,5.0,2
201300001290,0013-06-15 00:45:00,13,6,15,0,45,560,100,,,,Nuit sans éclairage public,Hors agglomération,Hors intersection,Pluie forte,Deux véhicules - côté,,,,,,,,,,,3,1,1,3.0,3
201300001291,0013-07-31 18:15:00,13,7,31,18,15,560,81,,48.04929,-3.64776,Plein jour,Hors agglomération,Hors intersection,Normale,Deux véhicules - frontale,,,,,,,,,,,1,1,1,1.0,1
201300001292,0013-08-17 22:15:00,13,8,17,22,15,560,131,,,,Nuit sans éclairage public,Hors agglomération,Intersection en X,Normale,Deux véhicules - côté,,,,,,,,,,,3,1,2,1.0,3
201300001293,0013-11-02 16:00:00,13,11,2,16,0,560,81,,,,Crépuscule ou aube,Hors agglomération,Hors intersection,Pluie forte,Autre collision,,,,,,,,,,,2,1,1,3.0,6
201300001294,0013-04-23 18:15:00,13,4,23,18,15,140,228,CD 404-CD 83 DOUVRES,49.2838,-0.40855,Plein jour,Hors agglomération,Intersection en X,Normale,Deux véhicules - côté,,,,,,,,,,,1,1,2,1.0,3
201300001295,0013-07-07 19:15:00,13,7,7,19,15,140,354,Route de Luc,,,Plein jour,En agglomération,Hors intersection,Normale,Trois véhicules et plus - collisions multiples,,,,,,,,,,,1,2,1,1.0,5
201300001296,0013-07-27 00:30:00,13,7,27,0,30,140,15,,,,Nuit sans éclairage public,Hors agglomération,Hors intersection,Normale,Deux véhicules - frontale,,,,,,,,,,,3,1,1,1.0,1
201300001297,0013-07-31 17:00:00,13,7,31,17,0,140,228,,,,Plein jour,Hors agglomération,Hors intersection,Normale,Sans collision,,,,,,,,,,,1,1,1,1.0,7
201300001298,0013-08-04 15:15:00,13,8,4,15,15,140,66,,,,Plein jour,Hors agglomération,Intersection en T,Temps éblouissant,Deux véhicules - côté,,,,,,,,,,,1,1,3,7.0,3
201300001299,0013-11-18 17:30:00,13,11,18,17,30,140,15,,,,Crépuscule ou aube,Hors agglomération,Intersection en X,Normale,Deux véhicules - côté,,,,,,,,,,,2,1,2,1.0,3
201300001300,0013-01-20 01:30:00,13,1,20,1,30,140,721,,,,Nuit sans éclairage public,Hors agglomération,Hors intersection,Normale,Sans collision,,,,,,,,,,,3,1,1,1.0,7
201300001301,0013-02-02 14:00:00,13,2,2,14,0,140,249,,49.1122,-0.48506,Plein jour,Hors agglomération,Hors intersection,Vent fort / tempête,Deux véhicules - frontale,,,,,,,,,,,1,1,1,6.0,1
201300001302,0013-02-03 19:30:00,13,2,3,19,30,140,274,,,,Nuit sans éclairage public,Hors agglomération,Hors intersection,Pluie légère,Deux véhicules - côté,,,,,,,,,,,3,1,1,2.0,3
201300001303,0013-04-24 18:45:00,13,4,24,18,45,140,592,RD36B STE HONORINE DU FA,49.0721,-0.51393,Plein jour,Hors agglomération,Hors intersection,Temps éblouissant,Deux véhicules - côté,,,,,,,,,,,1,1,1,7.0,3
201300001304,0013-06-04 17:45:00,13,6,4,17,45,140,42,LIEU DIT TOURMEAUVILLE,49.1305,-0.49896,Plein jour,En agglomération,Hors intersection,Normale,Sans collision,,,,,,,,,,,1,2,1,1.0,7
201300001305,0013-10-09 12:45:00,13,10,9,12,45,140,738,ALLEE JACQUES PREVERT,,,Plein jour,En agglomération,Autre intersection,Pluie légère,Sans collision,,,,,,,,,,,1,2,9,2.0,7
201300001306,0013-10-13 12:00:00,13,10,13,12,0,140,747,,,,Plein jour,Hors agglomération,Hors intersection,Temps couvert,Deux véhicules - arrière,,,,,,,,,,,1,1,1,8.0,2
201300001307,0013-10-14 13:15:00,13,10,14,13,15,140,288,,,,Plein jour,Hors agglomération,Hors intersection,Pluie forte,Deux véhicules - frontale,,,,,,,,,,,1,1,1,3.0,1
201300001308,0013-10-30 09:45:00,13,10,30,9,45,140,123,rd22,,,Plein jour,En agglomération,Intersection en T,Normale,Deux véhicules - côté,,,,,,,,,,,1,2,3,1.0,3
201300001309,0013-11-07 17:00:00,13,11,7,17,0,140,266,,,,Plein jour,Hors agglomération,Hors intersection,Pluie forte,Sans collision,,,,,,,,,,,1,1,1,3.0,7
201300001310,0013-12-18 18:30:00,13,12,18,18,30,140,747,,,,Nuit sans éclairage public,Hors agglomération,Hors intersection,Vent fort / tempête,Deux véhicules - frontale,,,,,,,,,,,3,1,1,6.0,1
201300001311,0013-02-18 07:45:00,13,2,18,7,45,140,277,,,,Crépuscule ou aube,Hors agglomération,Hors intersection,Normale,Deux véhicules - frontale,,,,,,,,,,,2,1,1,1.0,1
201300001312,0013-03-13 17:45:00,13,3,13,17,45,140,119,,49.1562,-0.28227,Plein jour,Hors agglomération,Hors intersection,Temps couvert,Deux véhicules - frontale,,,,,,,,,,,1,1,1,8.0,1
201300001313,0013-04-14 12:50:00,13,4,14,12,50,140,268,FIERVILLE BRAY,49.0506,-0.1744,Plein jour,Hors agglomération,Hors intersection,Vent fort / tempête,Deux véhicules - frontale,,,,,,,,,,,1,1,1,6.0,1