accident_id,datetime,annee,mois,jour,heure,minute,departement,commune_insee,adresse,latitude,longitude,luminosite,agglomeration,intersection,meteo,collision,nb_vehicules,nb_usagers,nb_indemnes,nb_tues,nb_blesses_hosp,nb_blesses_legers,age_cond_1,age_cond_2,veh_type_cond_1,veh_type_cond_2,lum_code,agg_code,int_code,atm_code,col_code
201300001314,0013-07-12 17:00:00,13,7,12,17,0,140,57,,49.135,-0.222,Plein jour,Hors agglomération,Hors intersection,Normale,Trois véhicules et plus - en chaîne,,,,,,,,,,,1,1,1,1.0,4
201300001315,0013-08-20 13:45:00,13,8,20,13,45,140,623,route d'harcourt,49.119,-0.373,Plein jour,En agglomération,Hors intersection,Normale,Deux véhicules - frontale,,,,,,,,,,,1,2,1,1.0,1
201300001316,0013-09-08 10:30:00,13,9,8,10,30,140,100,,49.064,-0.31,Plein jour,Hors agglomération,Hors intersection,Normale,Deux véhicules - arrière,,,,,,,,,,,1,1,1,1.0,2
201300001317,0013-10-13 01:30:00,13,10,13,1,30,140,408,Rue St Andr?,49.111,-0.378,Nuit sans éclairage public,En agglomération,Hors intersection,Normale,Autre collision,,,,,,,,,,,3,2,1,1.0,6
201300001318,0013-10-02 16:00:00,13,10,2,16,0,140,290,Intersection D238C-D238B,,,Plein jour,En agglomération,Hors intersection,Normale,Deux véhicules - arrière,,,,,,,,,,,1,2,1,1.0,2
201300001319,0013-12-05 17:30:00,13,12,5,17,30,140,57,,49.138,-0.201,Nuit sans éclairage public,Hors agglomération,Hors intersection,Normale,Deux véhicules - frontale,,,,,,,,,,,3,1,1,1.0,1
201300001320,0013-01-22 11:45:00,13,1,22,11,45,140,495,RUE DU TEMPLE,49.258,-0.3444,Plein jour,En agglomération,Giratoire,Pluie légère,Autre collision,,,,,,,,,,,1,2,6,2.0,6
201300001321,0013-06-07 20:30:00,13,6,7,20,30,140,166,RUE PORTE MORIN,,,Crépuscule ou aube,En agglomération,Place,Temps éblouissant,Autre collision,,,,,,,,,,,2,2,7,7.0,6
201300001322,0013-08-05 16:30:00,13,8,5,16,30,140,488,Route de Caen,,,Plein jour,En agglomération,Autre intersection,Normale,Deux véhicules - côté,,,,,,,,,,,1,2,9,1.0,3
201300001323,0013-09-03 17:00:00,13,9,3,17,0,140,76,rue G?n?ral LECLERC,,,Plein jour,En agglomération,Hors intersection,Temps éblouissant,Deux véhicules - frontale,,,,,,,,,,,1,2,1,7.0,1
201300001324,0013-10-15 09:00:00,13,10,15,9,0,140,488,24 BLD WINSTON CHURCHILL,,,Plein jour,En agglomération,Intersection en X,Normale,Deux véhicules - côté,,,,,,,,,,,1,2,2,1.0,3
201300001325,0013-12-28 13:15:00,13,12,28,13,15,140,60,,,,Plein jour,Hors agglomération,Hors intersection,Normale,Autre collision,,,,,,,,,,,1,1,1,1.0,6
201300001326,0013-05-19 22:30:00,13,5,19,22,30,140,684,LA PEPINERIE,49.1553,-0.57007,Nuit sans éclairage public,Hors agglomération,Hors intersection,Temps couvert,Deux véhicules - frontale,,,,,,,,,,,3,1,1,8.0,1
201300001327,0013-09-07 14:45:00,13,9,7,14,45,140,336,route de Caumont,,,Plein jour,En agglomération,Hors intersection,Normale,Deux véhicules - côté,,,,,,,,,,,1,2,1,1.0,3
201300001328,0013-10-05 07:45:00,13,10,5,7,45,140,143,,,,Crépuscule ou aube,Hors agglomération,Hors intersection,Temps couvert,Deux véhicules - arrière,,,,,,,,,,,2,1,1,8.0,2
201300001329,0013-10-12 16:15:00,13,10,12,16,15,140,348,,49.658,-0.629,Plein jour,Hors agglomération,Hors intersection,Normale,Deux véhicules - frontale,,,,,,,,,,,1,1,1,1.0,1
201300001330,0013-11-24 06:45:00,13,11,24,6,45,140,46,,,,Nuit sans éclairage public,Hors agglomération,Hors intersection,Pluie forte,Deux véhicules - frontale,,,,,,,,,,,3,1,1,3.0,1
201300001331,0013-12-03 22:15:00,13,12,3,22,15,140,46,,,,Nuit sans éclairage public,Hors agglomération,Hors intersection,Pluie légère,Autre collision,,,,,,,,,,,3,1,1,2.0,6
201300001332,0013-03-26 09:30:00,13,3,26,9,30,140,680,,49.2991,-0.73166,Plein jour,Hors agglomération,Intersection en X,Normale,Deux véhicules - côté,,,,,,,,,,,1,1,2,1.0,3
201300001333,0013-05-12 19:00:00,13,5,12,19,0,140,130,,,,Plein jour,Hors agglomération,Hors intersection,Normale,Deux véhicules - côté,,,,,,,,,,,1,1,1,1.0,3
201300001334,0013-07-09 09:45:00,13,7,9,9,45,140,47,Rue Saint Patrice,,,Plein jour,En agglomération,Hors intersection,Normale,Autre collision,,,,,,,,,,,1,2,1,1.0,6
201300001335,0013-09-21 02:15:00,13,9,21,2,15,140,47,Rue Marcel Dassault,,,Nuit avec éclairage allumé,En agglomération,Hors intersection,Normale,Autre collision,,,,,,,,,,,5,2,1,1.0,6
201300001336,0013-12-02 18:30:00,13,12,2,18,30,140,663,,49.305,-0.685,Nuit sans éclairage public,Hors agglomération,Hors intersection,Normale,Autre collision,,,,,,,,,,,3,1,1,1.0,6
201300001337,0013-12-09 15:15:00,13,12,9,15,15,140,663,Rue Kennedy,,,Nuit avec éclairage allumé,En agglomération,Hors intersection,Normale,Deux véhicules - côté,,,,,,,,,,,5,2,1,1.0,3
201300001338,0013-02-19 17:00:00,13,2,19,17,0,140,298,,,,Plein jour,Hors agglomération,Hors intersection,Normale,Deux véhicules - frontale,,,,,,,,,,,1,1,1,1.0,1
201300001339,0013-04-10 22:45:00,13,4,10,22,45,140,462,ROUTE DE CASTILLY,,,Nuit sans éclairage public,En agglomération,Hors intersection,Temps couvert,Sans collision,,,,,,,,,,,3,2,1,8.0,7
201300001340,0013-04-17 08:00:00,13,4,17,8,0,140,272,LA FOLIE 14710,49.257,-0.96821,Plein jour,Hors agglomération,Intersection en T,Normale,Deux véhicules - frontale,,,,,,,,,,,1,1,3,1.0,1
201300001341,0013-08-09 17:45:00,13,8,9,17,45,140,462,,,,Plein jour,Hors agglomération,Hors intersection,Normale,Sans collision,,,,,,,,,,,1,1,1,1.0,7
201300001342,0013-09-28 12:15:00,13,9,28,12,15,140,716,,,,Plein jour,Hors agglomération,Hors intersection,Pluie légère,Sans collision,,,,,,,,,,,1,1,1,2.0,7
201300001343,0013-11-11 18:45:00,13,11,11,18,45,140,272,,,,Nuit sans éclairage public,Hors agglomération,Hors intersection,Normale,Deux véhicules - arrière,,,,,,,,,,,3,1,1,1.0,2
201300001344,0013-11-18 17:15:00,13,11,18,17,15,140,551,,,,Plein jour,Hors agglomération,Hors intersection,Normale,Deux véhicules - côté,,,,,,,,,,,1,1,1,1.0,3
201300001345,0013-11-26 06:45:00,13,11,26,6,45,140,586,,,,Crépuscule ou aube,Hors agglomération,Hors intersection,Temps couvert,Autre collision,,,,,,,,,,,2,1,1,8.0,6
201300001346,0013-12-31 20:15:00,13,12,31,20,15,140,737,,,,Nuit avec éclairage allumé,Hors agglomération,Hors intersection,Pluie légère,Deux véhicules - côté,,,,,,,,,,,5,1,1,2.0,3
201300001347,0013-02-18 17:40:00,13,2,18,17,40,140,88,"""LE HAUT DU BONS""",48.9583,-0.23735,Plein jour,En agglomération,Hors intersection,Normale,Deux véhicules - frontale,,,,,,,,,,,1,2,1,1.0,1
201300001348,0013-02-24 07:45:00,13,2,24,7,45,140,759,,,,Plein jour,Hors agglomération,Hors intersection,Neige / grêle,Sans collision,,,,,,,,,,,1,1,1,4.0,7
201300001349,0013-03-22 12:00:00,13,3,22,12,0,140,258,,,,Plein jour,Hors agglomération,Hors intersection,Normale,Sans collision,,,,,,,,,,,1,1,1,1.0,7
201300001350,0013-06-17 15:45:00,13,6,17,15,45,140,332,LIEU DIT LE BOSQ D658,48.8378,-0.15099,Plein jour,Hors agglomération,Hors intersection,Normale,Autre collision,,,,,,,,,,,1,1,1,1.0,6
201300001351,0013-08-29 01:00:00,13,8,29,1,0,140,258,77 rue Aristide Briand,,,Nuit avec éclairage allumé,En agglomération,Hors intersection,Normale,Autre collision,,,,,,,,,,,5,2,1,1.0,6
201300001352,0013-09-02 20:15:00,13,9,2,20,15,140,25,,,,Plein jour,Hors agglomération,Hors intersection,Normale,Deux véhicules - côté,,,,,,,,,,,1,1,1,1.0,3
201300001353,0013-11-30 19:15:00,13,11,30,19,15,140,244,,,,Nuit sans éclairage public,Hors agglomération,Hors intersection,Normale,Autre collision,,,,,,,,,,,3,1,1,1.0,6
201300001354,0013-01-21 14:15:00,13,1,21,14,15,140,162,,48.9211,-0.4987,Plein jour,Hors agglomération,Hors intersection,Neige / grêle,Deux véhicules - frontale,,,,,,,,,,,1,1,1,4.0,1
201300001355,0013-02-10 11:00:00,13,2,10,11,0,140,749,,49.0483,-0.11112,Plein jour,Hors agglomération,Intersection en X,Pluie légère,Deux véhicules - côté,,,,,,,,,,,1,1,2,2.0,3
201300001356,0013-02-21 09:10:00,13,2,21,9,10,140,654,BOULEVARD COLLAS,49.0203,-0.03478,Plein jour,En agglomération,Intersection en T,Temps éblouissant,Deux véhicules - côté,,,,,,,,,,,1,2,3,7.0,3
201300001357,0013-04-12 18:30:00,13,4,12,18,30,140,208,BISSI?RES 14730,49.1012,-0.09483,Plein jour,Hors agglomération,Intersection en T,Normale,Deux véhicules - côté,,,,,,,,,,,1,1,3,1.0,3
201300001358,0013-07-30 07:45:00,13,7,30,7,45,140,81,,,,Crépuscule ou aube,Hors agglomération,Hors intersection,Normale,Autre collision,,,,,,,,,,,2,1,1,1.0,6
201300001359,0013-08-05 19:15:00,13,8,5,19,15,140,489,voie communale 24,,,Plein jour,En agglomération,Hors intersection,Normale,Autre collision,,,,,,,,,,,1,2,1,1.0,6
201300001360,0013-08-26 19:45:00,13,8,26,19,45,140,749,,,,Plein jour,Hors agglomération,Intersection en X,Normale,Deux véhicules - côté,,,,,,,,,,,1,1,2,1.0,3
201300001361,0013-09-10 12:15:00,13,9,10,12,15,140,654,Lieu dit CAREL,,,Plein jour,En agglomération,Hors intersection,Normale,Deux véhicules - arrière,,,,,,,,,,,1,2,1,1.0,2
201300001362,0013-09-20 09:45:00,13,9,20,9,45,140,697,,49.05,0.002,Plein jour,Hors agglomération,Hors intersection,Normale,Autre collision,,,,,,,,,,,1,1,1,1.0,6
201300001363,0013-12-02 07:00:00,13,12,2,7,0,140,431,,,,Nuit avec éclairage allumé,En agglomération,Hors intersection,Normale,Deux véhicules - frontale,,,,,,,,,,,5,2,1,1.0,1
201300001364,0013-12-27 19:00:00,13,12,27,19,0,140,435,,,,Nuit sans éclairage public,Hors agglomération,Hors intersection,Pluie forte,Trois véhicules et plus - collisions multiples,,,,,,,,,,,3,1,1,3.0,5
201300001365,0013-03-23 15:30:00,13,3,23,15,30,140,270,,49.1441,0.3245,Plein jour,Hors agglomération,Hors intersection,Normale,Deux véhicules - arrière,,,,,,,,,,,1,1,1,1.0,2
201300001366,0013-01-09 11:30:00,13,1,9,11,30,140,514,,49.2621,0.1739,Plein jour,Hors agglomération,Hors intersection,Pluie légère,Autre collision,,,,,,,,,,,1,1,1,2.0,6
201300001367,0013-01-15 19:00:00,13,1,15,19,0,140,578,CARREFOUR DE LA VIERGE,49.3553,0.17072,Nuit avec éclairage allumé,Hors agglomération,Intersection en X,Pluie légère,Deux véhicules - côté,,,,,,,,,,,5,1,2,2.0,3
201300001368,0013-06-17 17:15:00,13,6,17,17,15,140,161,LA CROIX AUX AUBERTS,49.2325,0.13019,Plein jour,Hors agglomération,Hors intersection,Normale,Autre collision,,,,,,,,,,,1,1,1,1.0,6
201300001369,0013-08-03 19:00:00,13,8,3,19,0,140,492,,,,Plein jour,Hors agglomération,Hors intersection,Normale,Deux véhicules - frontale,,,,,,,,,,,1,1,1,1.0,1
201300001370,0013-08-20 15:00:00,13,8,20,15,0,140,578,CD 74,,,Plein jour,En agglomération,Hors intersection,Normale,Deux véhicules - frontale,,,,,,,,,,,1,2,1,1.0,1
201300001371,0013-08-21 14:30:00,13,8,21,14,30,140,578,,,,Plein jour,Hors agglomération,Hors intersection,Normale,Autre collision,,,,,,,,,,,1,1,1,1.0,6
201300001372,0013-11-09 15:45:00,13,11,9,15,45,140,286,,,,Plein jour,En agglomération,Hors intersection,Pluie légère,Deux véhicules - frontale,,,,,,,,,,,1,2,1,2.0,1
201300001373,0013-12-11 14:45:00,13,12,11,14,45,140,514,Rue Hamelin,,,Plein jour,En agglomération,Hors intersection,Normale,Autre collision,,,,,,,,,,,1,2,1,1.0,6
201300001374,0013-12-19 11:15:00,13,12,19,11,15,140,514,,,,Plein jour,Hors agglomération,Autre intersection,Normale,Deux véhicules - côté,,,,,,,,,,,1,1,9,1.0,3
201300001375,0013-02-24 03:15:00,13,2,24,3,15,140,398,,49.1829,0.16975,Nuit sans éclairage public,Hors agglomération,Hors intersection,Neige / grêle,Autre collision,,,,,,,,,,,3,1,1,4.0,6
201300001376,0013-04-18 14:15:00,13,4,18,14,15,140,474,NOTRE DAME D'ESTREES,49.1369,-0.00562,Plein jour,Hors agglomération,Hors intersection,Normale,Autre collision,,,,,,,,,,,1,1,1,1.0,6
201300001377,0013-04-25 04:30:00,13,4,25,4,30,140,473,D613 NOTRE DAME DE LIVAY,49.1143,0.0482,Nuit sans éclairage public,Hors agglomération,Hors intersection,Brouillard / fumée,Deux véhicules - côté,,,,,,,,,,,3,1,1,5.0,3
201300001378,0013-04-24 11:45:00,13,4,24,11,45,140,494,RD400 PERIERS EN AUGE,49.2727,-0.10254,Plein jour,Hors agglomération,Hors intersection,Normale,Deux véhicules - arrière,,,,,,,,,,,1,1,1,1.0,2
201300001379,0013-05-26 05:15:00,13,5,26,5,15,140,754,CD 118 AVENUE DE LA GARE,49.3173,0.01141,Crépuscule ou aube,En agglomération,Passage à niveau,Normale,Autre collision,,,,,,,,,,,2,2,8,1.0,6
201300001380,0013-11-22 16:15:00,13,11,22,16,15,140,494,,,,Plein jour,Hors agglomération,Hors intersection,Normale,Deux véhicules - côté,,,,,,,,,,,1,1,1,1.0,3
201300001381,0013-12-26 08:45:00,13,12,26,8,45,140,474,,,,Crépuscule ou aube,Hors agglomération,Hors intersection,Normale,Deux véhicules - arrière,,,,,,,,,,,2,1,1,1.0,2
201300001382,0013-03-06 13:30:00,13,3,6,13,30,140,545,,48.832,-0.86475,Plein jour,Hors agglomération,Intersection en X,Pluie légère,Deux véhicules - côté,,,,,,,,,,,1,1,2,2.0,3
201300001383,0013-03-28 08:30:00,13,3,28,8,30,140,762,RUE DE L'ARTISANAT,,,Plein jour,En agglomération,Hors intersection,Normale,Deux véhicules - frontale,,,,,,,,,,,1,2,1,1.0,1
201300001384,0013-04-21 15:45:00,13,4,21,15,45,140,762,ST MARTIN DE TALLEVENDE,48.8447,-0.91371,Plein jour,Hors agglomération,Hors intersection,Temps éblouissant,Deux véhicules - arrière,,,,,,,,,,,1,1,1,7.0,2
201300001385,0013-06-29 15:15:00,13,6,29,15,15,140,762,RUE EMILE CHESNEL,48.835,-0.88719,Plein jour,En agglomération,Hors intersection,Normale,Autre collision,,,,,,,,,,,1,2,1,1.0,6
201300001386,0013-06-30 07:45:00,13,6,30,7,45,140,762,,,,Plein jour,Hors agglomération,Hors intersection,Normale,Autre collision,,,,,,,,,,,1,1,1,1.0,6
201300001387,0013-08-07 17:00:00,13,8,7,17,0,140,658,,,,Plein jour,Hors agglomération,Hors intersection,Pluie forte,Deux véhicules - arrière,,,,,,,,,,,1,1,1,3.0,2
201300001388,0013-08-23 12:30:00,13,8,23,12,30,140,717,,,,Plein jour,Hors agglomération,Hors intersection,Normale,Trois véhicules et plus - collisions multiples,,,,,,,,,,,1,1,1,1.0,5
201300001389,0013-11-08 10:45:00,13,11,8,10,45,140,762,rue ancienne brasserie,,,Plein jour,En agglomération,Hors intersection,Pluie légère,Deux véhicules - arrière,,,,,,,,,,,1,2,1,2.0,2
201300001390,0013-11-09 16:00:00,13,11,9,16,0,140,127,,,,Plein jour,Hors agglomération,Intersection en X,Pluie légère,Deux véhicules - côté,,,,,,,,,,,1,1,2,2.0,3
201300001391,0013-12-30 15:00:00,13,12,30,15,0,140,412,,,,Plein jour,Hors agglomération,Intersection en T,Normale,Deux véhicules - côté,,,,,,,,,,,1,1,3,1.0,3
201300001392,0013-01-15 14:45:00,13,1,15,14,45,140,579,,,,Plein jour,Hors agglomération,Hors intersection,Neige / grêle,Autre collision,,,,,,,,,,,1,1,1,4.0,6
201300001393,0013-04-14 17:30:00,13,4,14,17,30,140,27,AUNAY SUR ODON,49.0043,-0.61881,Plein jour,Hors agglomération,Hors intersection,Normale,Autre collision,,,,,,,,,,,1,1,1,1.0,6
201300001394,0013-06-01 19:15:00,13,6,1,19,15,140,655,(LA VAUTELIEREDDD),48.9543,-0.7948,Plein jour,Hors agglomération,Hors intersection,Normale,Autre collision,,,,,,,,,,,1,1,1,1.0,6
201300001395,0013-07-18 19:15:00,13,7,18,19,15,140,27,le petit hamel,49.021,-0.646,Plein jour,En agglomération,Hors intersection,Normale,Deux véhicules - frontale,,,,,,,,,,,1,2,1,1.0,1
201300001396,0013-08-16 08:45:00,13,8,16,8,45,140,632,,,,Plein jour,Hors agglomération,Hors intersection,Normale,Autre collision,,,,,,,,,,,1,1,1,1.0,6
201300001397,0013-09-12 08:15:00,13,9,12,8,15,140,27,,49.024,-0.607,Plein jour,Hors agglomération,Hors intersection,Normale,Deux véhicules - frontale,,,,,,,,,,,1,1,1,1.0,1
201300001398,0013-04-24 10:00:00,13,4,24,10,0,140,442,RD56 MONTCHAMP,48.9181,-0.76319,Plein jour,Hors agglomération,Hors intersection,Normale,Deux véhicules - frontale,,,,,,,,,,,1,1,1,1.0,1
201300001399,0013-06-04 17:45:00,13,6,4,17,45,140,65,L'EPINE MOTTE,48.8288,-0.76118,Plein jour,Hors agglomération,Intersection en T,Normale,Deux véhicules - frontale,,,,,,,,,,,1,1,3,1.0,1
201300001400,0013-07-05 18:45:00,13,7,5,18,45,140,746,,,,Plein jour,Hors agglomération,Autre intersection,Normale,Deux véhicules - côté,,,,,,,,,,,1,1,9,1.0,3
201300001401,0013-07-08 11:30:00,13,7,8,11,30,140,746,LA MERCERIE,,,Plein jour,En agglomération,Hors intersection,Normale,Trois véhicules et plus - collisions multiples,,,,,,,,,,,1,2,1,1.0,5
201300001402,0013-12-26 17:45:00,13,12,26,17,45,140,572,,,,Crépuscule ou aube,Hors agglomération,Hors intersection,Normale,Deux véhicules - arrière,,,,,,,,,,,2,1,1,1.0,2
201300001403,0013-07-14 15:45:00,13,7,14,15,45,500,470,LES LANDES,49.2325,-1.27687,Plein jour,Hors agglomération,Hors intersection,Normale,Sans collision,,,,,,,,,,,1,1,1,1.0,7
201300001404,0013-07-23 16:30:00,13,7,23,16,30,500,470,RUE DES BOHONS,49.2536,-1.27337,Plein jour,En agglomération,Hors intersection,Normale,Deux véhicules - frontale,,,,,,,,,,,1,2,1,1.0,1
201300001405,0013-02-07 19:15:00,13,2,7,19,15,500,606,HAMEAU SAINT MARTIN,49.1975,-1.23842,Nuit sans éclairage public,Hors agglomération,Hors intersection,Normale,Deux véhicules - arrière,,,,,,,,,,,3,1,1,1.0,2
201300001406,0013-02-26 17:00:00,13,2,26,17,0,500,119,,49.1826,-1.22989,Nuit sans éclairage public,Hors agglomération,Intersection en X,Normale,Deux véhicules - côté,,,,,,,,,,,3,1,2,1.0,3
201300001407,0013-07-27 17:30:00,13,7,27,17,30,500,110,RUE DES HALLES,49.1936,-0.93588,Plein jour,En agglomération,Hors intersection,Normale,Autre collision,,,,,,,,,,,1,2,1,1.0,6
201300001408,0013-09-22 06:45:00,13,9,22,6,45,500,248,LA TERETTE,49.1898,-1.20044,Crépuscule ou aube,Hors agglomération,Hors intersection,Pluie légère,Autre collision,,,,,,,,,,,2,1,1,2.0,6
201300001409,0013-11-22 12:15:00,13,11,22,12,15,500,292,RUE DU 13 JUIN 1944,49.0986,-1.23988,Plein jour,En agglomération,Hors intersection,Temps couvert,Autre collision,,,,,,,,,,,1,2,1,8.0,6
201300001410,0013-02-10 21:10:00,13,2,10,21,10,940,54,RUE MARYSE HILSZ,48.7308,2.36251,Nuit avec éclairage allumé,Hors agglomération,Hors intersection,Pluie légère,Autre collision,,,,,,,,,,,5,1,1,2.0,6
201300001411,0013-02-11 11:40:00,13,2,11,11,40,940,54,RUE DE ROME,,,Plein jour,Hors agglomération,Hors intersection,Pluie légère,Autre collision,,,,,,,,,,,1,1,1,2.0,6
201300001412,0013-03-24 18:10:00,13,3,24,18,10,940,54,RUE DES TRANSPORTEURS,,,Plein jour,Hors agglomération,Hors intersection,Normale,Autre collision,,,,,,,,,,,1,1,1,1.0,6
201300001413,0013-03-18 12:15:00,13,3,18,12,15,940,54,RUE DE LA CHAPELLE,48.7377,2.37305,Plein jour,Hors agglomération,Hors intersection,Pluie légère,Autre collision,,,,,,,,,,,1,1,1,2.0,6
201300001414,0013-05-14 20:55:00,13,5,14,20,55,940,54,AVE DE L'UNION,48.7288,2.36411,Plein jour,Hors agglomération,Hors intersection,Normale,Autre collision,,,,,,,,,,,1,1,1,1.0,6
201300001415,0013-05-17 18:15:00,13,5,17,18,15,940,54,VOIE DE SECOURS OUEST,48.7302,2.36038,Plein jour,Hors agglomération,Hors intersection,Normale,Autre collision,,,,,,,,,,,1,1,1,1.0,6
201300001416,0013-04-29 20:00:00,13,4,29,20,0,500,224,LE SAUSSEY,48.9824,-0.9564,Plein jour,Hors agglomération,Hors intersection,Normale,Sans collision,,,,,,,,,,,1,1,1,1.0,7
201300001417,0013-05-23 23:15:00,13,5,23,23,15,940,54,AV LOUIS BLERIOT,48.7404,2.36051,Nuit avec éclairage allumé,Hors agglomération,Hors intersection,Temps couvert,Autre collision,,,,,,,,,,,5,1,1,8.0,6
201300001418,0013-05-27 20:00:00,13,5,27,20,0,500,139,LA HUE DE LOUP,49.0766,-1.0317,Plein jour,En agglomération,Hors intersection,Normale,Deux véhicules - frontale,,,,,,,,,,,1,2,1,1.0,1
201300001419,0013-07-09 15:00:00,13,7,9,15,0,940,54,AV DE L'AEROPORT,48.7364,2.36474,Plein jour,Hors agglomération,Hors intersection,Normale,Sans collision,,,,,,,,,,,1,1,1,1.0,7
201300001420,0013-07-10 15:50:00,13,7,10,15,50,940,54,ROME/FABRE,48.7295,2.3637,Plein jour,Hors agglomération,Intersection en T,Normale,Deux véhicules - côté,,,,,,,,,,,1,1,3,1.0,3
201300001421,0013-07-17 17:25:00,13,7,17,17,25,940,54,AV DE PARIS,48.7303,2.36953,Plein jour,Hors agglomération,Hors intersection,Normale,Deux véhicules - arrière,,,,,,,,,,,1,1,1,1.0,2
201300001422,0013-07-31 20:25:00,13,7,31,20,25,940,54,AV DE PARIS,48.7375,2.36482,Plein jour,Hors agglomération,Hors intersection,Normale,Trois véhicules et plus - en chaîne,,,,,,,,,,,1,1,1,1.0,4
201300001423,0013-07-07 11:15:00,13,7,7,11,15,500,75,ROUTE DES ROCHES DU HAM,49.0216,-1.0348,Plein jour,Hors agglomération,Hors intersection,Normale,Deux véhicules - frontale,,,,,,,,,,,1,1,1,1.0,1
201300001424,0013-09-27 14:40:00,13,9,27,14,40,940,54,R M ALBERT,48.744,2.36484,Plein jour,Hors agglomération,Hors intersection,Normale,Deux véhicules - frontale,,,,,,,,,,,1,1,1,1.0,1
201300001425,0013-09-29 14:55:00,13,9,29,14,55,940,54,AV DE PARIS,48.7367,2.36516,Plein jour,Hors agglomération,Hors intersection,Normale,Deux véhicules - arrière,,,,,,,,,,,1,1,1,1.0,2
201300001426,0013-10-18 09:10:00,13,10,18,9,10,940,54,RUE DES TRANSPORTEURS,48.7288,2.35982,Plein jour,Hors agglomération,Hors intersection,Brouillard / fumée,Autre collision,,,,,,,,,,,1,1,1,5.0,6
201300001427,0013-11-02 15:30:00,13,11,2,15,30,940,54,AV JACQUELINE AURIOL,48.7424,2.35941,Plein jour,Hors agglomération,Hors intersection,Normale,Sans collision,,,,,,,,,,,1,1,1,1.0,7
201300001428,0013-11-07 18:15:00,13,11,7,18,15,940,54,PARKING P0,48.7287,2.36188,Nuit avec éclairage allumé,Hors agglomération,Hors intersection,Pluie légère,Autre collision,,,,,,,,,,,5,1,1,2.0,6
201300001429,0013-11-19 14:10:00,13,11,19,14,10,940,54,RUE DU MUSEE,48.7308,2.36861,Plein jour,Hors agglomération,Hors intersection,Temps couvert,Autre collision,,,,,,,,,,,1,1,1,8.0,6
201300001430,0013-11-24 15:45:00,13,11,24,15,45,940,54,RUE CLEMENT ADER,48.7319,2.36571,Plein jour,Hors agglomération,Intersection en T,Temps couvert,Deux véhicules - côté,,,,,,,,,,,1,1,3,8.0,3
201300001431,0013-11-27 10:50:00,13,11,27,10,50,940,54,RUE DU MUSEE,48.7307,2.3685,Plein jour,Hors agglomération,Hors intersection,Temps couvert,Autre collision,,,,,,,,,,,1,1,1,8.0,6
201300001432,0013-12-19 13:40:00,13,12,19,13,40,940,54,PARKING P5,48.7312,2.36318,Plein jour,Hors agglomération,Hors intersection,Normale,Autre collision,,,,,,,,,,,1,1,1,1.0,6
201300001433,0013-04-07 17:45:00,13,4,7,17,45,500,612,,48.6746,-1.40968,Plein jour,Hors agglomération,Intersection en X,Normale,Deux véhicules - côté,,,,,,,,,,,1,1,2,1.0,3
201300001434,0013-06-18 03:45:00,13,6,18,3,45,500,584,LE BOIS DES MONTS,48.7342,-1.34889,Nuit sans éclairage public,Hors agglomération,Hors intersection,Normale,Autre collision,,,,,,,,,,,3,1,1,1.0,6
201300001435,0013-08-02 16:00:00,13,8,2,16,0,500,554,RUE JEANNE PAISNEL,48.6798,-1.27819,Plein jour,Hors agglomération,Hors intersection,Normale,Deux véhicules - côté,,,,,,,,,,,1,1,1,1.0,3
201300001436,0013-08-12 07:45:00,13,8,12,7,45,500,554,RUE JEANNE PAISNEL,48.6788,-1.29047,Plein jour,Hors agglomération,Hors intersection,Temps éblouissant,Deux véhicules - arrière,,,,,,,,,,,1,1,1,7.0,2
201300001437,0013-09-04 09:00:00,13,9,4,9,0,500,25,BOULEVARD FOCH,48.6828,-1.35984,Plein jour,En agglomération,Hors intersection,Temps éblouissant,Autre collision,,,,,,,,,,,1,2,1,7.0,6
201300001438,0013-09-20 11:15:00,13,9,20,11,15,500,597,LE CHENE AU LOUP,48.709,-1.31988,Plein jour,Hors agglomération,Intersection en T,Normale,Deux véhicules - frontale,,,,,,,,,,,1,1,3,1.0,1
201300001439,0013-10-26 02:30:00,13,10,26,2,30,500,25,,48.6893,-1.36135,Nuit avec éclairage allumé,En agglomération,Autre intersection,Normale,Autre collision,,,,,,,,,,,5,2,9,1.0,6
201300001440,0013-12-08 20:15:00,13,12,8,20,15,500,516,ROUTE DES M,48.6628,-1.3534,Nuit sans éclairage public,Hors agglomération,Hors intersection,Normale,Autre collision,,,,,,,,,,,3,1,1,1.0,6
201300001441,0013-01-26 21:00:00,13,1,26,21,0,500,540,LE CHATEAU,48.7825,-1.49902,Nuit sans éclairage public,Hors agglomération,Hors intersection,Pluie légère,Deux véhicules - arrière,,,,,,,,,,,3,1,1,2.0,2
201300001442,0013-04-22 20:30:00,13,4,22,20,30,500,282,LA MEDECINIERE,48.762,-1.33012,Plein jour,Hors agglomération,Hors intersection,Normale,Autre collision,,,,,,,,,,,1,1,1,1.0,6
201300001443,0013-05-26 03:30:00,13,5,26,3,30,500,38,VILLAGE AU MONNIER,48.8291,-1.38052,Nuit sans éclairage public,Hors agglomération,Hors intersection,Normale,Autre collision,,,,,,,,,,,3,1,1,1.0,6