accident_id,datetime,annee,mois,jour,heure,minute,departement,commune_insee,adresse,latitude,longitude,luminosite,agglomeration,intersection,meteo,collision,nb_vehicules,nb_usagers,nb_indemnes,nb_tues,nb_blesses_hosp,nb_blesses_legers,age_cond_1,age_cond_2,veh_type_cond_1,veh_type_cond_2,lum_code,agg_code,int_code,atm_code,col_code
201300001568,0013-04-02 08:10:00,13,4,2,8,10,10,451,RD 975,46.2333,5.20013,Plein jour,Hors agglomération,Hors intersection,Normale,Trois véhicules et plus - en chaîne,,,,,,,,,,,1,1,1,1.0,4
201300001569,0013-04-06 16:55:00,13,4,6,16,55,10,53,"14, MONTESQUIEU (RUE)",,,Plein jour,En agglomération,Hors intersection,Normale,Deux véhicules - frontale,,,,,,,,,,,1,2,1,1.0,1
201300001570,0013-04-07 15:20:00,13,4,7,15,20,10,53,ALSACE LORRAINE (AVENUE,,,Plein jour,En agglomération,Intersection en X,Normale,Deux véhicules - côté,,,,,,,,,,,1,2,2,1.0,3
201300001571,0013-04-08 16:10:00,13,4,8,16,10,10,344,", TREVOUX (AVENUE DE)",46.1994,5.18558,Plein jour,En agglomération,Intersection en X,Normale,Deux véhicules - arrière,,,,,,,,,,,1,2,2,1.0,2
201300001572,0013-04-08 16:55:00,13,4,8,16,55,10,53,PONT DES CHEVRES ( RUE D,46.2103,5.22161,Plein jour,En agglomération,Intersection en X,Normale,Deux véhicules - frontale,,,,,,,,,,,1,2,2,1.0,1
201300001573,0013-04-15 08:30:00,13,4,15,8,30,10,451,"290, GARE ( CHEMIN DE LA",,,Plein jour,Hors agglomération,Hors intersection,Normale,Autre collision,,,,,,,,,,,1,1,1,1.0,6
201300001574,0013-04-17 14:40:00,13,4,17,14,40,10,344,"1250, TREVOUX (AVENUE DE",46.1994,5.18539,Plein jour,En agglomération,Hors intersection,Normale,Deux véhicules - arrière,,,,,,,,,,,1,2,1,1.0,2
201300001575,0013-04-17 17:48:00,13,4,17,17,48,10,53,LECLERC (BVD  MARECHAL C,,,Plein jour,En agglomération,Intersection en X,Normale,Autre collision,,,,,,,,,,,1,2,2,1.0,6
201300001576,0013-04-19 17:50:00,13,4,19,17,50,10,53,"84, BROU ( BD N 68 A 182",,,Plein jour,En agglomération,Hors intersection,Normale,Trois véhicules et plus - collisions multiples,,,,,,,,,,,1,2,1,1.0,5
201300001577,0013-04-22 12:50:00,13,4,22,12,50,10,53,"6, BRIAND ( RUE ARISTIDE",,,Plein jour,En agglomération,Hors intersection,Normale,Autre collision,,,,,,,,,,,1,2,1,1.0,6
201300001578,0013-04-25 17:35:00,13,4,25,17,35,10,289,LENT ( ROUTE DE ),46.1768,5.23436,Plein jour,Hors agglomération,Intersection en X,Normale,Deux véhicules - côté,,,,,,,,,,,1,1,2,1.0,3
201300001579,0013-04-27 20:55:00,13,4,27,20,55,10,451,"0, MARBOZ RD 996 ( ROUTE",46.2391,5.22897,Nuit avec éclairage allumé,En agglomération,Giratoire,Pluie légère,Sans collision,,,,,,,,,,,5,2,6,2.0,7
201300001580,0013-04-29 13:25:00,13,4,29,13,25,10,53,"0, BARBEROT PAUL ( AVENU",,,Plein jour,En agglomération,Intersection en T,Pluie légère,Sans collision,,,,,,,,,,,1,2,3,2.0,7
201300001581,0013-05-06 12:45:00,13,5,6,12,45,10,289,ROCADE (LA) COTE OUEST,46.1698,5.19128,Plein jour,Hors agglomération,Intersection en X,Normale,Deux véhicules - côté,,,,,,,,,,,1,1,2,1.0,3
201300001582,0013-05-10 09:00:00,13,5,10,9,0,10,451,STRASBOURG (ROUTE DE),46.2292,5.25704,Plein jour,Hors agglomération,Giratoire,Pluie légère,Deux véhicules - arrière,,,,,,,,,,,1,1,6,2.0,2
201300001583,0013-05-11 19:25:00,13,5,11,19,25,10,53,"128, ERABLES (RUES DES)",,,Plein jour,En agglomération,Hors intersection,Normale,Autre collision,,,,,,,,,,,1,2,1,1.0,6
201300001584,0013-05-12 17:55:00,13,5,12,17,55,10,53,BASILIQUE ( RUE DE LA,,,Plein jour,En agglomération,Intersection en X,Normale,Deux véhicules - côté,,,,,,,,,,,1,2,2,1.0,3
201300001585,0013-05-14 16:00:00,13,5,14,16,0,10,53,"04, CHAMP DE FOIRE ( AVE",,,Plein jour,En agglomération,Intersection en T,Normale,Deux véhicules - côté,,,,,,,,,,,1,2,3,1.0,3
201300001586,0013-05-17 05:55:00,13,5,17,5,55,10,53,BROU ( BD N 65 B A FIN),46.1938,5.23928,Nuit avec éclairage allumé,En agglomération,Hors intersection,Pluie légère,Trois véhicules et plus - collisions multiples,,,,,,,,,,,5,2,1,2.0,5
201300001587,0013-05-17 20:10:00,13,5,17,20,10,10,53,KENNEDY BVD J  - PAIR ),46.2054,5.24278,Plein jour,En agglomération,Hors intersection,Temps couvert,Deux véhicules - frontale,,,,,,,,,,,1,2,1,8.0,1
201300001588,0013-05-19 10:49:00,13,5,19,10,49,10,289,"1200, LYON (AVE DE) JUSQ",46.1752,5.19967,Plein jour,En agglomération,Giratoire,Pluie légère,Deux véhicules - arrière,,,,,,,,,,,1,2,6,2.0,2
201300001589,0013-05-25 16:40:00,13,5,25,16,40,10,451,"282, MACON ( AVE DE)",,,Plein jour,En agglomération,Hors intersection,Normale,Trois véhicules et plus - en chaîne,,,,,,,,,,,1,2,1,1.0,4
201300001590,0013-05-27 14:35:00,13,5,27,14,35,10,53,17RUE DU 4 SEPTEMBRE,,,Plein jour,En agglomération,Hors intersection,Normale,Autre collision,,,,,,,,,,,1,2,1,1.0,6
201300001591,0013-06-02 06:35:00,13,6,2,6,35,10,289,,46.1728,5.26014,Crépuscule ou aube,Hors agglomération,Hors intersection,Pluie légère,Deux véhicules - frontale,,,,,,,,,,,2,1,1,2.0,1
201300001592,0013-06-09 09:45:00,13,6,9,9,45,10,53,PELOUX ( RUE DU ),,,Plein jour,En agglomération,Hors intersection,Normale,Deux véhicules - côté,,,,,,,,,,,1,2,1,1.0,3
201300001593,0013-06-13 09:30:00,13,6,13,9,30,10,53,MERCIER (AVENUE AMEDEE D,46.1999,5.2545,Plein jour,En agglomération,Intersection en T,Normale,Deux véhicules - côté,,,,,,,,,,,1,2,3,1.0,3
201300001594,0013-06-18 19:45:00,13,6,18,19,45,10,53,JOLIOT CURIE ( BOULEVARD,46.2081,5.2366,Plein jour,En agglomération,Intersection en X,Normale,Deux véhicules - frontale,,,,,,,,,,,1,2,2,1.0,1
201300001595,0013-06-20 07:30:00,13,6,20,7,30,10,53,PARME  ( AVENUE DE,,,Plein jour,Hors agglomération,Hors intersection,Normale,Deux véhicules - côté,,,,,,,,,,,1,1,1,1.0,3
201300001596,0013-06-21 13:35:00,13,6,21,13,35,10,344,BRESSE (AVENUE DE),46.203,5.19748,Plein jour,Hors agglomération,Hors intersection,Normale,Autre collision,,,,,,,,,,,1,1,1,1.0,6
201300001597,0013-06-24 15:05:00,13,6,24,15,5,10,451,"1, GOUVERNEUR LOUIS VABR",,,Plein jour,En agglomération,Intersection en T,Normale,Deux véhicules - côté,,,,,,,,,,,1,2,3,1.0,3
201300001598,0013-06-25 08:05:00,13,6,25,8,5,10,289,"SN, ROCADE ( LA) COTE ES",46.1875,5.19377,Plein jour,Hors agglomération,Hors intersection,Normale,Deux véhicules - frontale,,,,,,,,,,,1,1,1,1.0,1
201300001599,0013-06-25 08:45:00,13,6,25,8,45,10,53,"2, JOLIOT CURIE ( BOULEV",46.2093,5.23393,Plein jour,En agglomération,Hors intersection,Normale,Autre collision,,,,,,,,,,,1,2,1,1.0,6
201300001600,0013-07-05 10:00:00,13,7,5,10,0,10,451,"SANS, MEILLONNAS ( CHEMI",46.2396,5.27599,Plein jour,Hors agglomération,Hors intersection,Normale,Deux véhicules - côté,,,,,,,,,,,1,1,1,1.0,3
201300001601,0013-07-09 16:05:00,13,7,9,16,5,10,53,STAND ( RUE DU ),,,Plein jour,En agglomération,Intersection en T,Normale,Deux véhicules - côté,,,,,,,,,,,1,2,3,1.0,3
201300001602,0013-07-09 16:40:00,13,7,9,16,40,10,53,HERRIOT ( BOULEVARD EDOU,46.2103,5.22161,Plein jour,En agglomération,Intersection en X,Normale,Deux véhicules - côté,,,,,,,,,,,1,2,2,1.0,3
201300001603,0013-07-10 14:45:00,13,7,10,14,45,10,451,STRASBOURG (ROUTE DE),46.2265,5.25455,Plein jour,Hors agglomération,Hors intersection,Normale,Deux véhicules - arrière,,,,,,,,,,,1,1,1,1.0,2
201300001604,0013-07-11 22:20:00,13,7,11,22,20,10,53,"13, STAND ( RUE DU )",,,Nuit avec éclairage allumé,En agglomération,Hors intersection,Normale,Autre collision,,,,,,,,,,,5,2,1,1.0,6
201300001605,0013-07-13 02:10:00,13,7,13,2,10,10,344,DOMBES (AVENUE DE LA),46.1907,5.19714,Nuit avec éclairage allumé,Hors agglomération,Intersection en X,Normale,Deux véhicules - côté,,,,,,,,,,,5,1,2,1.0,3
201300001606,0013-07-14 15:10:00,13,7,14,15,10,10,53,,46.2209,5.2492,Plein jour,Hors agglomération,Giratoire,Normale,Deux véhicules - côté,,,,,,,,,,,1,1,6,1.0,3
201300001607,0013-07-27 13:05:00,13,7,27,13,5,10,53,BAUDIN (AVENUE ALPHONSE),,,Plein jour,En agglomération,Hors intersection,Normale,Deux véhicules - côté,,,,,,,,,,,1,2,1,1.0,3
201300001608,0013-07-31 22:15:00,13,7,31,22,15,10,344,"1500, TREVOUX (AVENUE DE",,,Nuit avec éclairage allumé,En agglomération,Hors intersection,Normale,Deux véhicules - frontale,,,,,,,,,,,5,2,1,1.0,1
201300001609,0013-08-05 13:15:00,13,8,5,13,15,10,53,CRETS ( ROND POINT DES),46.2417,5.2293,Plein jour,En agglomération,Giratoire,Normale,Deux véhicules - côté,,,,,,,,,,,1,2,6,1.0,3
201300001610,0013-08-07 13:50:00,13,8,7,13,50,10,53,DHONNE ( AVE CAPITAINE),,,Plein jour,En agglomération,Intersection en T,Pluie forte,Deux véhicules - côté,,,,,,,,,,,1,2,3,3.0,3
201300001611,0013-08-08 12:30:00,13,8,8,12,30,10,451,"5600, PARIS (ROUTE DE)",46.2597,5.17689,Plein jour,Hors agglomération,Hors intersection,Pluie forte,Deux véhicules - côté,,,,,,,,,,,1,1,1,3.0,3
201300001612,0013-08-12 10:40:00,13,8,12,10,40,10,344,"480, TREVOUX (AVENUE DE)",,,Plein jour,En agglomération,Intersection en T,Normale,Deux véhicules - arrière,,,,,,,,,,,1,2,3,1.0,2
201300001613,0013-08-13 19:53:00,13,8,13,19,53,10,451,STRASBOURG (ROUTE DE),46.225,5.25313,Plein jour,Hors agglomération,Hors intersection,Normale,Trois véhicules et plus - collisions multiples,,,,,,,,,,,1,1,1,1.0,5
201300001614,0013-08-15 19:55:00,13,8,15,19,55,10,53,"SANS, ANCIENS COMBATTANT",,,Plein jour,En agglomération,Hors intersection,Normale,Deux véhicules - arrière,,,,,,,,,,,1,2,1,1.0,2
201300001615,0013-08-27 12:10:00,13,8,27,12,10,10,53,"22, ALSACE LORRAINE (AVE",,,Plein jour,En agglomération,Hors intersection,Pluie légère,Autre collision,,,,,,,,,,,1,2,1,2.0,6
201300001616,0013-09-03 17:15:00,13,9,3,17,15,10,451,PARIS (ROUTE DE),,,Plein jour,En agglomération,Giratoire,Normale,Deux véhicules - côté,,,,,,,,,,,1,2,6,1.0,3
201300001617,0013-09-07 19:25:00,13,9,7,19,25,10,451,PARIS (ROUTE DE),,,Crépuscule ou aube,Hors agglomération,Intersection à plus de 4 branches,Pluie légère,Trois véhicules et plus - collisions multiples,,,,,,,,,,,2,1,5,2.0,5
201300001618,0013-09-13 18:34:00,13,9,13,18,34,10,53,"0, JUIN (AVENUE MARECHAL",,,Plein jour,En agglomération,Hors intersection,Normale,Deux véhicules - arrière,,,,,,,,,,,1,2,1,1.0,2
201300001619,0013-09-13 21:20:00,13,9,13,21,20,10,53,LYON (AVENUE DE - N? IMP,,,Nuit avec éclairage allumé,En agglomération,Intersection en X,Normale,Deux véhicules - côté,,,,,,,,,,,5,2,2,1.0,3
201300001620,0013-09-23 09:46:00,13,9,23,9,46,10,53,MAGINOT ( AVENUE) COTE P,,,Plein jour,En agglomération,Intersection en T,Brouillard / fumée,Deux véhicules - côté,,,,,,,,,,,1,2,3,5.0,3
201300001621,0013-09-23 19:05:00,13,9,23,19,5,10,53,"9, JASSERON (AVENUE DE -",,,Plein jour,En agglomération,Hors intersection,Normale,Sans collision,,,,,,,,,,,1,2,1,1.0,7
201300001622,0013-09-27 18:00:00,13,9,27,18,0,10,53,"sans, CHARTREUSE ( RUE D",,,Plein jour,En agglomération,Intersection en X,Temps éblouissant,Deux véhicules - côté,,,,,,,,,,,1,2,2,7.0,3
201300001623,0013-10-13 06:30:00,13,10,13,6,30,10,289,GRANGE MAGNIEN (RUE DE L,,,Nuit avec éclairage allumé,Hors agglomération,Hors intersection,Brouillard / fumée,Autre collision,,,,,,,,,,,5,1,1,5.0,6
201300001624,0013-10-20 17:40:00,13,10,20,17,40,10,53,MONTESQUIEU (RUE),,,Plein jour,En agglomération,Intersection en T,Normale,Deux véhicules - côté,,,,,,,,,,,1,2,3,1.0,3
201300001625,0013-10-22 12:35:00,13,10,22,12,35,10,344,BRESSE (AVENUE DE),,,Plein jour,Hors agglomération,Intersection à plus de 4 branches,Temps éblouissant,Deux véhicules - côté,,,,,,,,,,,1,1,5,7.0,3
201300001626,0013-11-03 17:30:00,13,11,3,17,30,10,53,"5 bis, SPORTS ((AVENUE D",,,Plein jour,En agglomération,Hors intersection,Normale,Autre collision,,,,,,,,,,,1,2,1,1.0,6
201300001627,0013-11-08 19:25:00,13,11,8,19,25,10,53,"0, MARBOZ (AVENUEDE - PA",,,Nuit avec éclairage allumé,En agglomération,Hors intersection,Pluie légère,Deux véhicules - frontale,,,,,,,,,,,5,2,1,2.0,1
201300001628,0013-11-09 14:45:00,13,11,9,14,45,10,53,ALBERT 1ER (RUE),,,Plein jour,En agglomération,Intersection en X,Normale,Deux véhicules - côté,,,,,,,,,,,1,2,2,1.0,3
201300001629,0013-11-13 07:20:00,13,11,13,7,20,10,53,"sans, HERRIOT ( BOULEVAR",,,Plein jour,En agglomération,Intersection en T,Normale,Deux véhicules - côté,,,,,,,,,,,1,2,3,1.0,3
201300001630,0013-11-23 05:15:00,13,11,23,5,15,10,53,BROU ( BD N?65 B A FIN),,,Nuit avec éclairage allumé,En agglomération,Intersection en X,Normale,Deux véhicules - côté,,,,,,,,,,,5,2,2,1.0,3
201300001631,0013-11-23 15:20:00,13,11,23,15,20,10,53,BARBEROT Paul ( Avenue),,,Plein jour,En agglomération,Hors intersection,Temps couvert,Sans collision,,,,,,,,,,,1,2,1,8.0,7
201300001632,0013-11-30 15:10:00,13,11,30,15,10,10,451,LEPINE ( RUE ),,,Plein jour,Hors agglomération,Place,Normale,Deux véhicules - côté,,,,,,,,,,,1,1,7,1.0,3
201300001633,0013-12-01 13:55:00,13,12,1,13,55,10,53,DE GAULLE ( BD GAL) IMPA,,,Plein jour,En agglomération,Hors intersection,Normale,Deux véhicules - arrière,,,,,,,,,,,1,2,1,1.0,2
201300001634,0013-12-02 02:15:00,13,12,2,2,15,10,451,"616, MARBOZ RD 996 ( ROU",,,Nuit avec éclairage allumé,En agglomération,Hors intersection,Normale,Autre collision,,,,,,,,,,,5,2,1,1.0,6
201300001635,0013-12-02 07:30:00,13,12,2,7,30,10,451,STRASBOURG (ROUTE DE),,,Plein jour,Hors agglomération,Hors intersection,Normale,Deux véhicules - arrière,,,,,,,,,,,1,1,1,1.0,2
201300001636,0013-12-02 08:55:00,13,12,2,8,55,10,53,"0, ALAGNIER ( RUE DE L')",,,Crépuscule ou aube,En agglomération,Hors intersection,Normale,Deux véhicules - frontale,,,,,,,,,,,2,2,1,1.0,1
201300001637,0013-12-04 12:35:00,13,12,4,12,35,10,53,"23, BROU ( BD DU N?1 A 6",,,Plein jour,En agglomération,Intersection en T,Normale,Deux véhicules - côté,,,,,,,,,,,1,2,3,1.0,3
201300001638,0013-12-05 15:25:00,13,12,5,15,25,10,451,PARIS (ROUTE DE),,,Plein jour,Hors agglomération,Giratoire,Brouillard / fumée,Deux véhicules - arrière,,,,,,,,,,,1,1,6,5.0,2
201300001639,0013-12-09 15:35:00,13,12,9,15,35,10,53,VAVRES ( RUE DE ),,,Plein jour,En agglomération,Hors intersection,Normale,Autre collision,,,,,,,,,,,1,2,1,1.0,6
201300001640,0013-12-11 14:45:00,13,12,11,14,45,10,289,LYON (AVE DE) JUSQ' N,,,Plein jour,Hors agglomération,Giratoire,Brouillard / fumée,Sans collision,,,,,,,,,,,1,1,6,5.0,7
201300001641,0013-12-16 19:35:00,13,12,16,19,35,10,53,"0, HERRIOT ( BOULEVARD E",,,Nuit avec éclairage allumé,En agglomération,Intersection en T,Normale,Deux véhicules - côté,,,,,,,,,,,5,2,3,1.0,3
201300001642,0013-12-23 17:25:00,13,12,23,17,25,10,53,MERCIER (AVENUE AMEDEE D,,,Nuit avec éclairage allumé,Hors agglomération,Passage à niveau,Normale,Autre collision,,,,,,,,,,,5,1,8,1.0,6
201300001643,0013-12-31 13:40:00,13,12,31,13,40,10,53,"SANS, EUROPE ( CARREFOUR",,,Plein jour,En agglomération,Hors intersection,Normale,Deux véhicules - arrière,,,,,,,,,,,1,2,1,1.0,2
201300001644,0013-03-18 13:45:00,13,3,18,13,45,610,357,LE BOULAY,48.53788,-0.07646,Plein jour,Hors agglomération,Hors intersection,Pluie légère,Deux véhicules - arrière,,,,,,,,,,,1,1,1,2.0,2
201300001645,0013-10-30 14:30:00,13,10,30,14,30,610,213,L'AULNAIE,48.47655,-0.15283,Plein jour,Hors agglomération,Hors intersection,Normale,Deux véhicules - frontale,,,,,,,,,,,1,1,1,1.0,1
201300001646,0013-04-10 10:30:00,13,4,10,10,30,610,412,30 route de PARIS,48.50765,0.36068,Plein jour,En agglomération,Hors intersection,Normale,Autre collision,,,,,,,,,,,1,2,1,1.0,6
201300001647,0013-11-24 08:00:00,13,11,24,8,0,610,133,,48.6123,0.3426,Nuit sans éclairage public,Hors agglomération,Hors intersection,Normale,Sans collision,,,,,,,,,,,3,1,1,1.0,7
201300001648,0013-11-25 09:45:00,13,11,25,9,45,610,464,,48.61207,0.16552,Plein jour,Hors agglomération,Intersection en X,Normale,Deux véhicules - côté,,,,,,,,,,,1,1,2,1.0,3
201300001649,0013-12-13 09:15:00,13,12,13,9,15,610,412,L'ENFER,48.49841,0.355,Plein jour,Hors agglomération,Hors intersection,Autre,Sans collision,,,,,,,,,,,1,1,1,9.0,7
201300001650,0013-12-21 16:00:00,13,12,21,16,0,610,288,le bourg,48.76196,-0.09212,Plein jour,En agglomération,Intersection en X,Normale,Deux véhicules - côté,,,,,,,,,,,1,2,2,1.0,3
201300001651,0013-02-17 05:45:00,13,2,17,5,45,610,474,40 LES FIEFFES,48.7424,0.10474,Nuit sans éclairage public,Hors agglomération,Hors intersection,Normale,Sans collision,,,,,,,,,,,3,1,1,1.0,7
201300001652,0013-03-21 07:30:00,13,3,21,7,30,610,494,54 RUE DE LA REPUBLIQUE,48.84376,0.03185,Crépuscule ou aube,En agglomération,Hors intersection,Normale,Autre collision,,,,,,,,,,,2,2,1,1.0,6
201300001653,0013-09-02 09:00:00,13,9,2,9,0,610,283,,48.8108,-0.06456,Plein jour,Hors agglomération,Hors intersection,Normale,Autre collision,,,,,,,,,,,1,1,1,1.0,6
201300001654,0013-10-20 00:15:00,13,10,20,0,15,610,496,,48.7488,0.00082,Nuit sans éclairage public,Hors agglomération,Hors intersection,Normale,Autre collision,,,,,,,,,,,3,1,1,1.0,6
201300001655,0013-12-19 10:45:00,13,12,19,10,45,610,179,,48.75384,-0.24061,Plein jour,Hors agglomération,Hors intersection,Normale,Trois véhicules et plus - collisions multiples,,,,,,,,,,,1,1,1,1.0,5
201300001656,0013-12-31 08:15:00,13,12,31,8,15,610,138,,48.74129,0.28657,Crépuscule ou aube,Hors agglomération,Intersection en T,Normale,Deux véhicules - côté,,,,,,,,,,,2,1,3,1.0,3
201300001657,0013-03-11 20:00:00,13,3,11,20,0,610,485,LA PRINCETIERE,48.90165,0.25423,Nuit sans éclairage public,Hors agglomération,Hors intersection,Neige / grêle,Deux véhicules - frontale,,,,,,,,,,,3,1,1,4.0,1
201300001658,0013-08-16 18:15:00,13,8,16,18,15,610,157,,48.76309,0.17159,Plein jour,Hors agglomération,Hors intersection,Normale,Deux véhicules - frontale,,,,,,,,,,,1,1,1,1.0,1
201300001659,0013-08-25 21:30:00,13,8,25,21,30,610,54,CARDAIE,48.89813,0.30502,Nuit sans éclairage public,Hors agglomération,Hors intersection,Pluie légère,Autre collision,,,,,,,,,,,3,1,1,2.0,6
201300001660,0013-09-11 23:30:00,13,9,11,23,30,610,253,,48.67261,0.20387,Nuit sans éclairage public,Hors agglomération,Intersection en T,Pluie légère,Deux véhicules - côté,,,,,,,,,,,3,1,3,2.0,3
201300001661,0013-03-15 17:30:00,13,3,15,17,30,610,163,LE BAS BOURG,48.66049,-0.51946,Plein jour,En agglomération,Intersection en X,Pluie légère,Trois véhicules et plus - collisions multiples,,,,,,,,,,,1,2,2,2.0,5
201300001662,0013-08-10 12:00:00,13,8,10,12,0,610,201,LA BRETONNIERE,48.58598,-0.66758,Plein jour,Hors agglomération,Hors intersection,Normale,Deux véhicules - arrière,,,,,,,,,,,1,1,1,1.0,2
201300001663,0013-11-04 17:00:00,13,11,4,17,0,610,75,LA SIMONERIE,48.50112,-0.59745,Plein jour,Hors agglomération,Hors intersection,Temps éblouissant,Autre collision,,,,,,,,,,,1,1,1,7.0,6
201300001664,0013-01-03 10:30:00,13,1,3,10,30,610,243,,48.58524,-0.30444,Plein jour,Hors agglomération,Hors intersection,Normale,Deux véhicules - arrière,,,,,,,,,,,1,1,1,1.0,2
201300001665,0013-01-16 18:30:00,13,1,16,18,30,610,211,,48.55148,-0.5201,Nuit sans éclairage public,Hors agglomération,Hors intersection,Normale,Trois véhicules et plus - collisions multiples,,,,,,,,,,,3,1,1,1.0,5
201300001666,0013-02-06 14:15:00,13,2,6,14,15,610,260,,48.65936,-0.38008,Plein jour,Hors agglomération,Hors intersection,Normale,Sans collision,,,,,,,,,,,1,1,1,1.0,7
201300001667,0013-06-26 17:00:00,13,6,26,17,0,610,428,,48.61028,-0.38902,Plein jour,Hors agglomération,Intersection en T,Normale,Deux véhicules - arrière,,,,,,,,,,,1,1,3,1.0,2
201300001668,0013-07-18 12:00:00,13,7,18,12,0,610,168,,48.58694,-0.36512,Plein jour,En agglomération,Hors intersection,Normale,Deux véhicules - côté,,,,,,,,,,,1,2,1,1.0,3
201300001669,0013-08-17 12:00:00,13,8,17,12,0,610,332,LE CHENEVAL,48.68941,-0.34475,Plein jour,Hors agglomération,Intersection en T,Normale,Deux véhicules - côté,,,,,,,,,,,1,1,3,1.0,3
201300001670,0013-08-25 08:45:00,13,8,25,8,45,610,431,LE BOURG,48.57977,-0.41739,Plein jour,En agglomération,Intersection en T,Normale,Autre collision,,,,,,,,,,,1,2,3,1.0,6
201300001671,0013-09-02 17:15:00,13,9,2,17,15,610,260,LA HUDAIRIE,48.65944,-0.35867,Plein jour,Hors agglomération,Hors intersection,Normale,Sans collision,,,,,,,,,,,1,1,1,1.0,7
201300001672,0013-11-05 18:00:00,13,11,5,18,0,610,35,LES MERCERIES,48.62276,-0.35967,Crépuscule ou aube,Hors agglomération,Hors intersection,Pluie légère,Deux véhicules - frontale,,,,,,,,,,,2,1,1,2.0,1
201300001673,0013-01-24 07:00:00,13,1,24,7,0,610,376,,48.70408,-0.64303,Crépuscule ou aube,Hors agglomération,Hors intersection,Pluie légère,Sans collision,,,,,,,,,,,2,1,1,2.0,7
201300001674,0013-03-05 02:30:00,13,3,5,2,30,610,486,LA HOGNERIE,48.74172,-0.71763,Nuit sans éclairage public,Hors agglomération,Hors intersection,Normale,Sans collision,,,,,,,,,,,3,1,1,1.0,7
201300001675,0013-03-17 14:15:00,13,3,17,14,15,610,221,,48.74317,-0.46938,Plein jour,Hors agglomération,Hors intersection,Normale,Autre collision,,,,,,,,,,,1,1,1,1.0,6
201300001676,0013-07-27 18:00:00,13,7,27,18,0,610,281,LA HALBOUDIERE,48.83011,-0.6653,Plein jour,Hors agglomération,Hors intersection,Normale,Deux véhicules - côté,,,,,,,,,,,1,1,1,1.0,3
201300001677,0013-09-07 15:30:00,13,9,7,15,30,610,287,LE PONT,48.82849,-0.58124,Plein jour,Hors agglomération,Intersection en X,Normale,Deux véhicules - frontale,,,,,,,,,,,1,1,2,1.0,1
201300001678,0013-03-02 22:05:00,13,3,2,22,5,610,29,LE BOIS,48.56179,0.47509,Nuit sans éclairage public,Hors agglomération,Hors intersection,Normale,Autre collision,,,,,,,,,,,3,1,1,1.0,6
201300001679,0013-03-04 18:10:00,13,3,4,18,10,610,129,LE TELLIER,48.47821,0.59889,Plein jour,Hors agglomération,Intersection en T,Normale,Deux véhicules - côté,,,,,,,,,,,1,1,3,1.0,3
201300001680,0013-04-20 18:15:00,13,4,20,18,15,610,293,43 FAUBOURG SAINT ELOI,48.523,0.54039,Plein jour,En agglomération,Hors intersection,Normale,Deux véhicules - côté,,,,,,,,,,,1,2,1,1.0,3
201300001681,0013-04-22 09:30:00,13,4,22,9,30,610,329,12 RUE DES MOULINS,48.44156,0.5488,Plein jour,En agglomération,Hors intersection,Normale,Sans collision,,,,,,,,,,,1,2,1,1.0,7
201300001682,0013-03-09 23:15:00,13,3,9,23,15,610,337,LA GRILLE D AMILLY,48.32862,0.73079,Nuit sans éclairage public,Hors agglomération,Intersection en X,Temps couvert,Deux véhicules - côté,,,,,,,,,,,3,1,2,8.0,3
201300001683,0013-05-29 16:30:00,13,5,29,16,30,610,409,,48.36448,0.65053,Plein jour,Hors agglomération,Intersection en X,Normale,Deux véhicules - côté,,,,,,,,,,,1,1,2,1.0,3
201300001684,0013-07-08 18:45:00,13,7,8,18,45,610,43,ST QUENTIN,48.36115,0.72324,Plein jour,Hors agglomération,Hors intersection,Normale,Sans collision,,,,,,,,,,,1,1,1,1.0,7
201300001685,0013-10-09 21:15:00,13,10,9,21,15,610,185,LES BASSES BROSSES,48.3011,0.60993,Nuit sans éclairage public,Hors agglomération,Hors intersection,Normale,Deux véhicules - frontale,,,,,,,,,,,3,1,1,1.0,1
201300001686,0013-10-26 05:45:00,13,10,26,5,45,610,246,,48.27342,0.77338,Nuit sans éclairage public,Hors agglomération,Hors intersection,Pluie légère,Deux véhicules - frontale,,,,,,,,,,,3,1,1,2.0,1
201300001687,0013-11-18 09:30:00,13,11,18,9,30,610,426,CHAMP MOUSSE,48.3635,0.55689,Plein jour,Hors agglomération,Intersection en T,Normale,Deux véhicules - côté,,,,,,,,,,,1,1,3,1.0,3
201300001688,0013-12-27 09:30:00,13,12,27,9,30,610,79,MAROISSE,48.24964,0.69537,Plein jour,Hors agglomération,Hors intersection,Pluie légère,Deux véhicules - frontale,,,,,,,,,,,1,1,1,2.0,1
201300001689,0013-03-03 15:30:00,13,3,3,15,30,610,214,Avenue comtesse de Segur,48.76567,0.61627,Plein jour,En agglomération,Intersection en X,Normale,Deux véhicules - côté,,,,,,,,,,,1,2,2,1.0,3
201300001690,0013-03-17 10:15:00,13,3,17,10,15,610,187,LA CHERAUDERIE,48.65867,0.58312,Plein jour,Hors agglomération,Intersection en T,Pluie légère,Deux véhicules - côté,,,,,,,,,,,1,1,3,2.0,3
201300001691,0013-07-31 18:45:00,13,7,31,18,45,610,100,,48.70449,0.61578,Plein jour,Hors agglomération,Intersection en X,Normale,Deux véhicules - côté,,,,,,,,,,,1,1,2,1.0,3
201300001692,0013-08-09 23:45:00,13,8,9,23,45,610,425,LES BROSSES,48.63463,0.49962,Nuit sans éclairage public,Hors agglomération,Hors intersection,Normale,Sans collision,,,,,,,,,,,3,1,1,1.0,7