accident_id,datetime,annee,mois,jour,heure,minute,departement,commune_insee,adresse,latitude,longitude,luminosite,agglomeration,intersection,meteo,collision,nb_vehicules,nb_usagers,nb_indemnes,nb_tues,nb_blesses_hosp,nb_blesses_legers,age_cond_1,age_cond_2,veh_type_cond_1,veh_type_cond_2,lum_code,agg_code,int_code,atm_code,col_code
201300001693,0013-10-14 07:30:00,13,10,14,7,30,610,342,LA MAISONNETTE,48.75639,0.52384,Crépuscule ou aube,Hors agglomération,Hors intersection,Normale,Sans collision,,,,,,,,,,,2,1,1,1.0,7
201300001694,0013-12-18 11:45:00,13,12,18,11,45,610,116,LES SOUCHES,48.36406,0.8759,Plein jour,Hors agglomération,Hors intersection,Normale,Deux véhicules - frontale,,,,,,,,,,,1,1,1,1.0,1
201300001695,0013-04-21 03:00:00,13,4,21,3,0,440,172,74 route de Paris,47.267,-1.492,Nuit avec éclairage allumé,En agglomération,Hors intersection,Normale,Autre collision,,,,,,,,,,,5,2,1,1.0,6
201300001696,0013-09-01 08:00:00,13,9,1,8,0,440,204,,47.279,-1.467,Plein jour,Hors agglomération,Giratoire,Normale,Deux véhicules - côté,,,,,,,,,,,1,1,6,1.0,3
201300001697,0013-09-02 15:30:00,13,9,2,15,30,440,204,ROND-POINT DE HOMBERG,,,Plein jour,En agglomération,Giratoire,Normale,Deux véhicules - côté,,,,,,,,,,,1,2,6,1.0,3
201300001698,0013-10-05 10:30:00,13,10,5,10,30,440,204,lieu dit la Buye,47.282,-1.456,Plein jour,En agglomération,Hors intersection,Normale,Deux véhicules - côté,,,,,,,,,,,1,2,1,1.0,3
201300001699,0013-11-09 03:15:00,13,11,9,3,15,440,172,RD723,47.275,-1.476,Nuit avec éclairage non allumé,En agglomération,Hors intersection,Pluie légère,Autre collision,,,,,,,,,,,4,2,1,2.0,6
201300001700,0013-11-23 17:45:00,13,11,23,17,45,440,204,,,,Nuit sans éclairage public,Hors agglomération,Hors intersection,Normale,Trois véhicules et plus - collisions multiples,,,,,,,,,,,3,1,1,1.0,5
201300001701,0013-12-16 06:00:00,13,12,16,6,0,440,172,,,,Nuit avec éclairage non allumé,Hors agglomération,Hors intersection,Normale,Deux véhicules - côté,,,,,,,,,,,4,1,1,1.0,3
201300001702,0013-12-27 09:00:00,13,12,27,9,0,440,204,La Poste,,,Plein jour,En agglomération,Autre intersection,Pluie forte,Autre collision,,,,,,,,,,,1,2,9,3.0,6
201300001703,0013-01-23 19:45:00,13,1,23,19,45,440,26,boulevard des europ?ens,,,Plein jour,En agglomération,Hors intersection,Normale,Deux véhicules - frontale,,,,,,,,,,,1,2,1,1.0,1
201300001704,0013-02-03 02:00:00,13,2,3,2,0,440,26,Echangeur madeleine,,,Nuit avec éclairage allumé,Hors agglomération,Hors intersection,Normale,Trois véhicules et plus - collisions multiples,,,,,,,,,,,5,1,1,1.0,5
201300001705,0013-05-06 19:30:00,13,5,6,19,30,440,26,rte de thouaré,,,Plein jour,Hors agglomération,Hors intersection,Normale,Deux véhicules - côté,,,,,,,,,,,1,1,1,1.0,3
201300001706,0013-09-03 18:45:00,13,9,3,18,45,440,26,parking moulin boisseau,,,Plein jour,En agglomération,Autre intersection,Normale,Deux véhicules - frontale,,,,,,,,,,,1,2,9,1.0,1
201300001707,0013-11-16 09:30:00,13,11,16,9,30,440,26,,,,Plein jour,Hors agglomération,Giratoire,Temps éblouissant,Deux véhicules - côté,,,,,,,,,,,1,1,6,7.0,3
201300001708,0013-01-12 10:00:00,13,1,12,10,0,440,14,La forêt de toufou,47.136,-1.504,Plein jour,Hors agglomération,Hors intersection,Pluie forte,Deux véhicules - frontale,,,,,,,,,,,1,1,1,3.0,1
201300001709,0013-04-23 22:30:00,13,4,23,22,30,440,22,,,,Nuit sans éclairage public,Hors agglomération,Hors intersection,Normale,Autre collision,,,,,,,,,,,3,1,1,1.0,6
201300001710,0013-04-28 15:15:00,13,4,28,15,15,440,216,le patis,47.01,-1.454,Plein jour,Hors agglomération,Hors intersection,Normale,Deux véhicules - frontale,,,,,,,,,,,1,1,1,1.0,1
201300001711,0013-05-30 08:45:00,13,5,30,8,45,440,216,La Cantinière,,,Plein jour,Hors agglomération,Hors intersection,Pluie légère,Sans collision,,,,,,,,,,,1,1,1,2.0,7
201300001712,0013-06-01 18:45:00,13,6,1,18,45,440,63,AVENUE XAVIER RINEAU,,,Plein jour,En agglomération,Autre intersection,Normale,Deux véhicules - arrière,,,,,,,,,,,1,2,9,1.0,2
201300001713,0013-07-13 23:15:00,13,7,13,23,15,440,102,la noisetterie,47.044,-1.471,Nuit sans éclairage public,Hors agglomération,Hors intersection,Normale,Deux véhicules - côté,,,,,,,,,,,3,1,1,1.0,3
201300001714,0013-09-09 18:45:00,13,9,9,18,45,440,14,,47.104,-1.472,Plein jour,Hors agglomération,Hors intersection,Normale,Deux véhicules - frontale,,,,,,,,,,,1,1,1,1.0,1
201300001715,0013-11-12 08:45:00,13,11,12,8,45,440,22,,,,Plein jour,Hors agglomération,Intersection en T,Brouillard / fumée,Deux véhicules - côté,,,,,,,,,,,1,1,3,5.0,3
201300001716,0013-02-01 16:15:00,13,2,1,16,15,440,174,le grand clavier,47.044,-1.708,Plein jour,Hors agglomération,Hors intersection,Pluie forte,Deux véhicules - frontale,,,,,,,,,,,1,1,1,3.0,1
201300001717,0013-03-16 03:30:00,13,3,16,3,30,440,41,la buchetière,47.081,-1.571,Nuit sans éclairage public,Hors agglomération,Hors intersection,Normale,Autre collision,,,,,,,,,,,3,1,1,1.0,6
201300001718,0013-05-18 19:30:00,13,5,18,19,30,440,83,carrefour Les Jarries,47.002,-1.663,Plein jour,Hors agglomération,Intersection en X,Pluie légère,Deux véhicules - côté,,,,,,,,,,,1,1,2,2.0,3
201300001719,0013-06-23 18:30:00,13,6,23,18,30,440,156,Le Petit Coin,,,Plein jour,Hors agglomération,Hors intersection,Normale,Sans collision,,,,,,,,,,,1,1,1,1.0,7
201300001720,0013-10-05 02:30:00,13,10,5,2,30,440,83,21 RUE GAZET DE LA NOE,,,Nuit sans éclairage public,En agglomération,Hors intersection,Normale,Autre collision,,,,,,,,,,,3,2,1,1.0,6
201300001721,0013-01-16 19:30:00,13,1,16,19,30,440,198,,,,Crépuscule ou aube,Hors agglomération,Hors intersection,Temps couvert,Trois véhicules et plus - collisions multiples,,,,,,,,,,,2,1,1,8.0,5
201300001722,0013-02-14 20:45:00,13,2,14,20,45,440,215,La Chênaie,,,Nuit sans éclairage public,Hors agglomération,Intersection en X,Normale,Deux véhicules - côté,,,,,,,,,,,3,1,2,1.0,3
201300001723,0013-07-10 15:00:00,13,7,10,15,0,440,215,Boulevard Auguste PRIOU,,,Plein jour,En agglomération,Giratoire,Normale,Deux véhicules - côté,,,,,,,,,,,1,2,6,1.0,3
201300001724,0013-07-11 15:30:00,13,7,11,15,30,440,198,rue georges Clemenceau,,,Plein jour,En agglomération,Hors intersection,Normale,Autre collision,,,,,,,,,,,1,2,1,1.0,6
201300001725,0013-08-20 10:00:00,13,8,20,10,0,440,215,,,,Plein jour,Hors agglomération,Giratoire,Normale,Deux véhicules - côté,,,,,,,,,,,1,1,6,1.0,3
201300001726,0013-09-03 14:00:00,13,9,3,14,0,440,215,route de la gare,,,Plein jour,En agglomération,Hors intersection,Normale,Deux véhicules - côté,,,,,,,,,,,1,2,1,1.0,3
201300001727,0013-09-28 14:30:00,13,9,28,14,30,440,198,,,,Plein jour,Hors agglomération,Hors intersection,Pluie légère,Trois véhicules et plus - collisions multiples,,,,,,,,,,,1,1,1,2.0,5
201300001728,0013-11-23 05:45:00,13,11,23,5,45,440,198,Route de NANTES,,,Nuit avec éclairage allumé,En agglomération,Hors intersection,Normale,Autre collision,,,,,,,,,,,5,2,1,1.0,6
201300001729,0013-12-01 02:30:00,13,12,1,2,30,440,198,,,,Nuit sans éclairage public,Hors agglomération,Hors intersection,Autre,Autre collision,,,,,,,,,,,3,1,1,9.0,6
201300001730,0013-04-25 08:00:00,13,4,25,8,0,440,213,La gilleterie,,,Crépuscule ou aube,Hors agglomération,Hors intersection,Temps éblouissant,Sans collision,,,,,,,,,,,2,1,1,7.0,7
201300001731,0013-05-19 01:30:00,13,5,19,1,30,440,3,la marchanderie,,,Nuit sans éclairage public,Hors agglomération,Giratoire,Pluie forte,Autre collision,,,,,,,,,,,3,1,6,3.0,6
201300001732,0013-05-26 20:30:00,13,5,26,20,30,440,213,chemin vert,,,Crépuscule ou aube,Hors agglomération,Hors intersection,Temps éblouissant,Deux véhicules - côté,,,,,,,,,,,2,1,1,7.0,3
201300001733,0013-06-30 17:45:00,13,6,30,17,45,440,96,la coutume,,,Plein jour,Hors agglomération,Hors intersection,Normale,Deux véhicules - côté,,,,,,,,,,,1,1,1,1.0,3
201300001734,0013-08-31 17:15:00,13,8,31,17,15,440,3,,,,Plein jour,Hors agglomération,Intersection en X,Normale,Deux véhicules - côté,,,,,,,,,,,1,1,2,1.0,3
201300001735,0013-09-13 09:00:00,13,9,13,9,0,440,213,rue mar?chal foch,,,Plein jour,En agglomération,Hors intersection,Normale,Autre collision,,,,,,,,,,,1,2,1,1.0,6
201300001736,0013-10-02 20:45:00,13,10,2,20,45,440,213,,,,Nuit sans éclairage public,Hors agglomération,Hors intersection,Normale,Autre collision,,,,,,,,,,,3,1,1,1.0,6
201300001737,0013-10-05 20:45:00,13,10,5,20,45,440,160,,,,Nuit sans éclairage public,Hors agglomération,Hors intersection,Normale,Deux véhicules - frontale,,,,,,,,,,,3,1,1,1.0,1
201300001738,0013-11-28 12:15:00,13,11,28,12,15,440,3,Boulevard pasteur,,,Plein jour,En agglomération,Hors intersection,Normale,Autre collision,,,,,,,,,,,1,2,1,1.0,6
201300001739,0013-12-01 18:30:00,13,12,1,18,30,440,4,,,,Nuit sans éclairage public,Hors agglomération,Hors intersection,Normale,Deux véhicules - côté,,,,,,,,,,,3,1,1,1.0,3
201300001740,0013-12-20 09:00:00,13,12,20,9,0,440,96,,,,Plein jour,Hors agglomération,Hors intersection,Normale,Autre collision,,,,,,,,,,,1,1,1,1.0,6
201300001741,0013-02-05 20:00:00,13,2,5,20,0,440,212,Les roseaux,,,Nuit sans éclairage public,Hors agglomération,Hors intersection,Normale,Deux véhicules - côté,,,,,,,,,,,3,1,1,1.0,3
201300001742,0013-02-09 12:15:00,13,2,9,12,15,440,32,,,,Plein jour,Hors agglomération,Intersection en X,Normale,Deux véhicules - côté,,,,,,,,,,,1,1,2,1.0,3
201300001743,0013-03-30 02:45:00,13,3,30,2,45,440,84,Le Pré Neuf,,,Nuit sans éclairage public,Hors agglomération,Hors intersection,Pluie légère,Sans collision,,,,,,,,,,,3,1,1,2.0,7
201300001744,0013-05-23 00:15:00,13,5,23,0,15,440,79,10 route de la cale,,,Nuit sans éclairage public,Hors agglomération,Hors intersection,Normale,Autre collision,,,,,,,,,,,3,1,1,1.0,6
201300001745,0013-07-02 22:15:00,13,7,2,22,15,440,212,le poirou,,,Crépuscule ou aube,Hors agglomération,Hors intersection,Pluie légère,Sans collision,,,,,,,,,,,2,1,1,2.0,7
201300001746,0013-08-08 10:45:00,13,8,8,10,45,440,108,la frechotiere,,,Plein jour,Hors agglomération,Hors intersection,Normale,Deux véhicules - arrière,,,,,,,,,,,1,1,1,1.0,2
201300001747,0013-10-06 01:15:00,13,10,6,1,15,440,29,,,,Nuit avec éclairage non allumé,Hors agglomération,Hors intersection,Brouillard / fumée,Deux véhicules - côté,,,,,,,,,,,4,1,1,5.0,3
201300001748,0013-04-19 13:30:00,13,4,19,13,30,440,107,Le Pont Esnault,,,Plein jour,Hors agglomération,Hors intersection,Normale,Autre collision,,,,,,,,,,,1,1,1,1.0,6
201300001749,0013-07-13 17:15:00,13,7,13,17,15,440,77,,,,Plein jour,Hors agglomération,Hors intersection,Normale,Sans collision,,,,,,,,,,,1,1,1,1.0,7
201300001750,0013-07-23 09:00:00,13,7,23,9,0,440,77,L'Orgerais,,,Plein jour,Hors agglomération,Hors intersection,Pluie légère,Deux véhicules - frontale,,,,,,,,,,,1,1,1,2.0,1
201300001751,0013-08-25 03:00:00,13,8,25,3,0,440,82,rue de la Libert?,,,Nuit avec éclairage allumé,En agglomération,Hors intersection,Normale,Autre collision,,,,,,,,,,,5,2,1,1.0,6
201300001752,0013-10-06 23:30:00,13,10,6,23,30,440,28,,,,Plein jour,Hors agglomération,Hors intersection,Normale,Autre collision,,,,,,,,,,,1,1,1,1.0,6
201300001753,0013-10-30 08:15:00,13,10,30,8,15,440,207,,,,Plein jour,Hors agglomération,Hors intersection,Temps éblouissant,Deux véhicules - côté,,,,,,,,,,,1,1,1,7.0,3
201300001754,0013-11-27 23:00:00,13,11,27,23,0,440,144,,,,Nuit sans éclairage public,Hors agglomération,Hors intersection,Normale,Autre collision,,,,,,,,,,,3,1,1,1.0,6
201300001755,0013-07-06 15:45:00,13,7,6,15,45,440,199,Le Jarrier,47.709,-1.28,Plein jour,Hors agglomération,Hors intersection,Normale,Sans collision,,,,,,,,,,,1,1,1,1.0,7
201300001756,0013-07-29 11:30:00,13,7,29,11,30,440,199,bel air dougilard,47.749,-1.27,Plein jour,Hors agglomération,Hors intersection,Normale,Deux véhicules - frontale,,,,,,,,,,,1,1,1,1.0,1
201300001757,0013-09-30 09:00:00,13,9,30,9,0,440,36,boulevard de R?publique,,,Plein jour,En agglomération,Hors intersection,Normale,Autre collision,,,,,,,,,,,1,2,1,1.0,6
201300001758,0013-11-19 19:15:00,13,11,19,19,15,440,112,,,,Nuit avec éclairage non allumé,Hors agglomération,Hors intersection,Normale,Deux véhicules - côté,,,,,,,,,,,4,1,1,1.0,3
201300001759,0013-11-20 00:30:00,13,11,20,0,30,440,54,,,,Nuit sans éclairage public,Hors agglomération,Hors intersection,Normale,Autre collision,,,,,,,,,,,3,1,1,1.0,6
201300001760,0013-12-22 12:45:00,13,12,22,12,45,440,199,RD 20,,,Plein jour,En agglomération,Hors intersection,Normale,Deux véhicules - frontale,,,,,,,,,,,1,2,1,1.0,1
201300001761,0013-01-02 11:15:00,13,1,2,11,15,440,67,rue de l'hotel de ville,,,Plein jour,En agglomération,Autre intersection,Normale,Autre collision,,,,,,,,,,,1,2,9,1.0,6
201300001762,0013-01-15 11:45:00,13,1,15,11,45,440,15,rue de la forêt,,,Plein jour,En agglomération,Hors intersection,Temps éblouissant,Deux véhicules - côté,,,,,,,,,,,1,2,1,7.0,3
201300001763,0013-02-05 08:15:00,13,2,5,8,15,440,185,RD 164 - Face à Fiat,47.641,-2.059,Plein jour,En agglomération,Hors intersection,Pluie forte,Deux véhicules - côté,,,,,,,,,,,1,2,1,3.0,3
201300001764,0013-02-11 07:15:00,13,2,11,7,15,440,23,rue E Couetoux du Tertre,47.422,-1.847,Crépuscule ou aube,En agglomération,Hors intersection,Normale,Autre collision,,,,,,,,,,,2,2,1,1.0,6
201300001765,0013-02-23 15:00:00,13,2,23,15,0,440,56,La gergauderie,,,Plein jour,Hors agglomération,Intersection en X,Normale,Deux véhicules - côté,,,,,,,,,,,1,1,2,1.0,3
201300001766,0013-03-02 18:30:00,13,3,2,18,30,440,57,le moulin aumée,,,Crépuscule ou aube,Hors agglomération,Hors intersection,Normale,Deux véhicules - côté,,,,,,,,,,,2,1,1,1.0,3
201300001767,0013-03-14 14:45:00,13,3,14,14,45,440,185,60 avenue Jean Burel,,,Plein jour,En agglomération,Hors intersection,Normale,Deux véhicules - arrière,,,,,,,,,,,1,2,1,1.0,2
201300001768,0013-03-25 18:30:00,13,3,25,18,30,440,128,Le Pigeon Blanc,47.566,-1.862,Plein jour,Hors agglomération,Hors intersection,Normale,Deux véhicules - frontale,,,,,,,,,,,1,1,1,1.0,1
201300001769,0013-04-26 17:30:00,13,4,26,17,30,440,15,Le Chene Rond,47.48,-1.71,Plein jour,Hors agglomération,Hors intersection,Normale,Trois véhicules et plus - collisions multiples,,,,,,,,,,,1,1,1,1.0,5
201300001770,0013-06-11 17:30:00,13,6,11,17,30,440,15,La Moutonnerie,47.491,-1.757,Plein jour,Hors agglomération,Hors intersection,Pluie légère,Sans collision,,,,,,,,,,,1,1,1,2.0,7
201300001771,0013-06-15 19:45:00,13,6,15,19,45,440,44,Le Foy,47.664,-1.78,Plein jour,Hors agglomération,Hors intersection,Normale,Autre collision,,,,,,,,,,,1,1,1,1.0,6
201300001772,0013-07-02 15:45:00,13,7,2,15,45,440,56,la buchere,47.421,-1.802,Plein jour,Hors agglomération,Hors intersection,Normale,Deux véhicules - frontale,,,,,,,,,,,1,1,1,1.0,1
201300001773,0013-07-21 16:45:00,13,7,21,16,45,440,44,,,,Plein jour,Hors agglomération,Hors intersection,Normale,Deux véhicules - arrière,,,,,,,,,,,1,1,1,1.0,2
201300001774,0013-08-06 18:00:00,13,8,6,18,0,440,15,le perche,,,Plein jour,Hors agglomération,Intersection en X,Normale,Deux véhicules - côté,,,,,,,,,,,1,1,2,1.0,3
201300001775,0013-08-12 19:00:00,13,8,12,19,0,440,128,,47.542,-1.927,Plein jour,Hors agglomération,Intersection en X,Normale,Trois véhicules et plus - collisions multiples,,,,,,,,,,,1,1,2,1.0,5
201300001776,0013-11-12 15:30:00,13,11,12,15,30,440,7,,,,Plein jour,Hors agglomération,Hors intersection,Temps couvert,Deux véhicules - côté,,,,,,,,,,,1,1,1,8.0,3
201300001777,0013-11-13 18:30:00,13,11,13,18,30,440,15,,,,Nuit sans éclairage public,Hors agglomération,Hors intersection,Normale,Autre collision,,,,,,,,,,,3,1,1,1.0,6
201300001778,0013-11-23 17:45:00,13,11,23,17,45,440,57,,47.592,-2.003,Nuit sans éclairage public,Hors agglomération,Hors intersection,Normale,Deux véhicules - côté,,,,,,,,,,,3,1,1,1.0,3
201300001779,0013-12-13 02:00:00,13,12,13,2,0,440,56,,47.385,-1.79,Nuit sans éclairage public,Hors agglomération,Hors intersection,Brouillard / fumée,Autre collision,,,,,,,,,,,3,1,1,5.0,6
201300001780,0013-12-16 16:00:00,13,12,16,16,0,440,15,rue Pierre Morin,47.479,-1.756,Plein jour,En agglomération,Hors intersection,Temps éblouissant,Autre collision,,,,,,,,,,,1,2,1,7.0,6
201300001781,0013-12-18 19:00:00,13,12,18,19,0,440,185,avenue jean burel,47.651,-2.081,Nuit avec éclairage allumé,En agglomération,Hors intersection,Pluie forte,Autre collision,,,,,,,,,,,5,2,1,3.0,6
201300001782,0013-01-23 19:00:00,13,1,23,19,0,440,205,le meix,47.467,-1.465,Nuit sans éclairage public,Hors agglomération,Hors intersection,Normale,Autre collision,,,,,,,,,,,3,1,1,1.0,6
201300001783,0013-02-02 00:15:00,13,2,2,0,15,440,179,la grée,,,Nuit sans éclairage public,Hors agglomération,Hors intersection,Pluie légère,Autre collision,,,,,,,,,,,3,1,1,2.0,6
201300001784,0013-05-04 19:00:00,13,5,4,19,0,440,110,le lindron,,,Plein jour,Hors agglomération,Hors intersection,Temps éblouissant,Deux véhicules - côté,,,,,,,,,,,1,1,1,7.0,3
201300001785,0013-05-08 19:00:00,13,5,8,19,0,440,110,rue des brosses,,,Plein jour,En agglomération,Hors intersection,Normale,Deux véhicules - côté,,,,,,,,,,,1,2,1,1.0,3
201300001786,0013-06-22 17:30:00,13,6,22,17,30,440,110,Route d' HERIC,,,Plein jour,En agglomération,Hors intersection,Temps couvert,Deux véhicules - arrière,,,,,,,,,,,1,2,1,8.0,2
201300001787,0013-07-17 21:45:00,13,7,17,21,45,440,73,rue Anne de Bretagne,,,Plein jour,En agglomération,Giratoire,Normale,Autre collision,,,,,,,,,,,1,2,6,1.0,6
201300001788,0013-08-29 10:45:00,13,8,29,10,45,440,179,,,,Plein jour,Hors agglomération,Hors intersection,Normale,Deux véhicules - arrière,,,,,,,,,,,1,1,1,1.0,2
201300001789,0013-10-01 21:15:00,13,10,1,21,15,440,110,,,,Nuit sans éclairage public,Hors agglomération,Hors intersection,Temps couvert,Deux véhicules - frontale,,,,,,,,,,,3,1,1,8.0,1
201300001790,0013-11-13 19:00:00,13,11,13,19,0,440,179,,,,Nuit sans éclairage public,Hors agglomération,Hors intersection,Normale,Deux véhicules - frontale,,,,,,,,,,,3,1,1,1.0,1
201300001791,0013-11-17 21:30:00,13,11,17,21,30,440,110,,,,Nuit sans éclairage public,Hors agglomération,Hors intersection,Normale,Deux véhicules - frontale,,,,,,,,,,,3,1,1,1.0,1
201300001792,0013-12-14 11:15:00,13,12,14,11,15,440,122,RUE DE NANTES,,,Plein jour,En agglomération,Hors intersection,Normale,Autre collision,,,,,,,,,,,1,2,1,1.0,6
201300001793,0013-12-30 17:15:00,13,12,30,17,15,440,73,,,,Crépuscule ou aube,Hors agglomération,Intersection en X,Normale,Deux véhicules - côté,,,,,,,,,,,2,1,2,1.0,3
201300001794,0013-06-26 16:30:00,13,6,26,16,30,440,149,beaujour,,,Plein jour,Hors agglomération,Intersection en X,Normale,Deux véhicules - côté,,,,,,,,,,,1,1,2,1.0,3
201300001795,0013-06-28 07:30:00,13,6,28,7,30,440,113,Rond point de DIA - CD2,,,Plein jour,En agglomération,Giratoire,Normale,Deux véhicules - côté,,,,,,,,,,,1,2,6,1.0,3
201300001796,0013-01-11 12:45:00,13,1,11,12,45,440,101,rue de la Haie d'Anchete,,,Plein jour,En agglomération,Hors intersection,Normale,Deux véhicules - côté,,,,,,,,,,,1,2,1,1.0,3
201300001797,0013-05-09 21:00:00,13,5,9,21,0,440,166,,47.294,1.169,Plein jour,Hors agglomération,Hors intersection,Normale,Deux véhicules - arrière,,,,,,,,,,,1,1,1,1.0,2
201300001798,0013-06-08 20:00:00,13,6,8,20,0,440,18,les mimosas,,,Plein jour,Hors agglomération,Intersection en T,Normale,Deux véhicules - frontale,,,,,,,,,,,1,1,3,1.0,1
201300001799,0013-07-29 09:15:00,13,7,29,9,15,440,130,,,,Plein jour,Hors agglomération,Intersection en X,Normale,Trois véhicules et plus - collisions multiples,,,,,,,,,,,1,1,2,1.0,5
201300001800,0013-08-01 20:30:00,13,8,1,20,30,440,130,les heuderies,,,Plein jour,Hors agglomération,Hors intersection,Temps éblouissant,Trois véhicules et plus - collisions multiples,,,,,,,,,,,1,1,1,7.0,5
201300001801,0013-09-16 07:45:00,13,9,16,7,45,440,24,,,,Plein jour,Hors agglomération,Intersection en T,Normale,Deux véhicules - côté,,,,,,,,,,,1,1,3,1.0,3
201300001802,0013-09-18 18:00:00,13,9,18,18,0,440,18,,,,Plein jour,Hors agglomération,Hors intersection,Normale,Deux véhicules - frontale,,,,,,,,,,,1,1,1,1.0,1
201300001803,0013-10-26 19:00:00,13,10,26,19,0,440,24,,,,Nuit sans éclairage public,Hors agglomération,Hors intersection,Pluie légère,Deux véhicules - arrière,,,,,,,,,,,3,1,1,2.0,2
201300001804,0013-11-22 10:00:00,13,11,22,10,0,440,18,72 rue de Nantes,,,Plein jour,En agglomération,Hors intersection,Normale,Deux véhicules - côté,,,,,,,,,,,1,2,1,1.0,3
201300001805,0013-12-23 20:00:00,13,12,23,20,0,440,130,,,,Nuit sans éclairage public,Hors agglomération,Autre intersection,Pluie forte,Deux véhicules - frontale,,,,,,,,,,,3,1,9,3.0,1
201300001806,0013-02-17 17:45:00,13,2,17,17,45,440,21,,,,Plein jour,Hors agglomération,Hors intersection,Normale,Deux véhicules - arrière,,,,,,,,,,,1,1,1,1.0,2
201300001807,0013-07-24 17:15:00,13,7,24,17,15,440,164,la maison bertin,,,Plein jour,Hors agglomération,Hors intersection,Normale,Deux véhicules - frontale,,,,,,,,,,,1,1,1,1.0,1
201300001808,0013-08-07 14:45:00,13,8,7,14,45,440,12,rue Georges Cl?menceau,,,Plein jour,En agglomération,Intersection en T,Normale,Deux véhicules - côté,,,,,,,,,,,1,2,3,1.0,3
201300001809,0013-08-25 11:45:00,13,8,25,11,45,440,131,rue du hameau pecheur,,,Plein jour,En agglomération,Hors intersection,Normale,Autre collision,,,,,,,,,,,1,2,1,1.0,6
201300001810,0013-08-30 18:45:00,13,8,30,18,45,440,12,,,,Plein jour,Hors agglomération,Hors intersection,Normale,Autre collision,,,,,,,,,,,1,1,1,1.0,6
201300001811,0013-09-15 09:00:00,13,9,15,9,0,440,59,,,,Plein jour,Hors agglomération,Hors intersection,Normale,Sans collision,,,,,,,,,,,1,1,1,1.0,7
201300001812,0013-10-06 04:15:00,13,10,6,4,15,440,131,,,,Nuit sans éclairage public,Hors agglomération,Hors intersection,Pluie légère,Autre collision,,,,,,,,,,,3,1,1,2.0,6
201300001813,0013-11-27 18:30:00,13,11,27,18,30,440,164,,,,Nuit sans éclairage public,Hors agglomération,Hors intersection,Normale,Deux véhicules - frontale,,,,,,,,,,,3,1,1,1.0,1
201300001814,0013-01-13 14:00:00,13,1,13,14,0,440,187,,,,Plein jour,Hors agglomération,Intersection en X,Normale,Deux véhicules - côté,,,,,,,,,,,1,1,2,1.0,3
201300001815,0013-02-06 09:00:00,13,2,6,9,0,440,5,Haute perche,,,Plein jour,Hors agglomération,Hors intersection,Temps éblouissant,Autre collision,,,,,,,,,,,1,1,1,7.0,6
201300001816,0013-02-23 19:00:00,13,2,23,19,0,440,46,Le grand perret,,,Crépuscule ou aube,Hors agglomération,Intersection en X,Normale,Deux véhicules - côté,,,,,,,,,,,2,1,2,1.0,3
201300001817,0013-06-14 17:00:00,13,6,14,17,0,440,5,Belle Vue,,,Plein jour,Hors agglomération,Hors intersection,Temps couvert,Deux véhicules - frontale,,,,,,,,,,,1,1,1,8.0,1
201300001818,0013-07-01 17:00:00,13,7,1,17,0,440,61,rue de Nantes,,,Plein jour,En agglomération,Hors intersection,Normale,Deux véhicules - frontale,,,,,,,,,,,1,2,1,1.0,1
201300001819,0013-07-12 00:30:00,13,7,12,0,30,440,154,Avenue de Mindi,,,Nuit avec éclairage allumé,En agglomération,Giratoire,Normale,Autre collision,,,,,,,,,,,5,2,6,1.0,6
201300001820,0013-09-19 20:45:00,13,9,19,20,45,440,5,,,,Nuit sans éclairage public,Hors agglomération,Hors intersection,Pluie légère,Deux véhicules - côté,,,,,,,,,,,3,1,1,2.0,3
201300001821,0013-09-18 08:15:00,13,9,18,8,15,440,5,,,,Plein jour,Hors agglomération,Hors intersection,Pluie légère,Deux véhicules - frontale,,,,,,,,,,,1,1,1,2.0,1
201300001822,0013-09-24 15:45:00,13,9,24,15,45,440,154,,,,Crépuscule ou aube,Hors agglomération,Intersection en X,Normale,Deux véhicules - côté,,,,,,,,,,,2,1,2,1.0,3
201300001823,0013-10-15 11:00:00,13,10,15,11,0,440,46,,,,Plein jour,Hors agglomération,Hors intersection,Pluie légère,Deux véhicules - frontale,,,,,,,,,,,1,1,1,2.0,1
201300001824,0013-11-25 16:45:00,13,11,25,16,45,440,46,,,,Plein jour,Hors agglomération,Hors intersection,Normale,Deux véhicules - frontale,,,,,,,,,,,1,1,1,1.0,1
201300001825,0013-01-04 22:30:00,13,1,4,22,30,440,186,Port Faisant,,,Nuit sans éclairage public,Hors agglomération,Hors intersection,Normale,Deux véhicules - frontale,,,,,,,,,,,3,1,1,1.0,1