accident_id,datetime,annee,mois,jour,heure,minute,departement,commune_insee,adresse,latitude,longitude,luminosite,agglomeration,intersection,meteo,collision,nb_vehicules,nb_usagers,nb_indemnes,nb_tues,nb_blesses_hosp,nb_blesses_legers,age_cond_1,age_cond_2,veh_type_cond_1,veh_type_cond_2,lum_code,agg_code,int_code,atm_code,col_code
201300001826,0013-07-18 18:00:00,13,7,18,18,0,440,133,les planchettes,,,Plein jour,Hors agglomération,Hors intersection,Normale,Autre collision,,,,,,,,,,,1,1,1,1.0,6
201300001827,0013-07-26 06:30:00,13,7,26,6,30,440,186,,47.116,-1.82,Crépuscule ou aube,Hors agglomération,Hors intersection,Normale,Deux véhicules - frontale,,,,,,,,,,,2,1,1,1.0,1
201300001828,0013-07-31 00:45:00,13,7,31,0,45,440,87,,,,Nuit sans éclairage public,Hors agglomération,Hors intersection,Normale,Deux véhicules - frontale,,,,,,,,,,,3,1,1,1.0,1
201300001829,0013-08-25 15:30:00,13,8,25,15,30,440,145,la grigotte,,,Plein jour,Hors agglomération,Hors intersection,Normale,Autre collision,,,,,,,,,,,1,1,1,1.0,6
201300001830,0013-08-29 03:45:00,13,8,29,3,45,440,220,la fosse des prés,,,Nuit sans éclairage public,Hors agglomération,Hors intersection,Normale,Deux véhicules - frontale,,,,,,,,,,,3,1,1,1.0,1
201300001831,0013-08-30 14:00:00,13,8,30,14,0,440,87,24 rue Marcel Bruneliere,,,Plein jour,En agglomération,Hors intersection,Normale,Deux véhicules - arrière,,,,,,,,,,,1,2,1,1.0,2
201300001832,0013-10-11 11:00:00,13,10,11,11,0,440,178,,,,Plein jour,Hors agglomération,Hors intersection,Normale,Deux véhicules - côté,,,,,,,,,,,1,1,1,1.0,3
201300001833,0013-10-20 11:00:00,13,10,20,11,0,440,181,,,,Plein jour,Hors agglomération,Hors intersection,Autre,Autre collision,,,,,,,,,,,1,1,1,9.0,6
201300001834,0013-11-05 20:15:00,13,11,5,20,15,440,133,,,,Nuit sans éclairage public,Hors agglomération,Hors intersection,Pluie légère,Autre collision,,,,,,,,,,,3,1,1,2.0,6
201300001835,0013-11-05 20:15:00,13,11,5,20,15,440,133,,,,Nuit sans éclairage public,Hors agglomération,Intersection en X,Pluie légère,Deux véhicules - côté,,,,,,,,,,,3,1,2,2.0,3
201300001836,0013-11-14 16:45:00,13,11,14,16,45,440,186,rue de la marche,,,Plein jour,En agglomération,Hors intersection,Normale,Deux véhicules - côté,,,,,,,,,,,1,2,1,1.0,3
201300001837,0013-11-30 15:00:00,13,11,30,15,0,440,186,,47.101,-1.792,Plein jour,Hors agglomération,Hors intersection,Normale,Autre collision,,,,,,,,,,,1,1,1,1.0,6
201300001838,0013-12-05 18:00:00,13,12,5,18,0,440,181,,,,Nuit sans éclairage public,Hors agglomération,Intersection en X,Normale,Deux véhicules - côté,,,,,,,,,,,3,1,2,1.0,3
201300001839,0013-12-15 02:30:00,13,12,15,2,30,440,157,,,,Nuit sans éclairage public,Hors agglomération,Hors intersection,Normale,Autre collision,,,,,,,,,,,3,1,1,1.0,6
201300001840,0013-12-20 19:15:00,13,12,20,19,15,440,133,,,,Nuit sans éclairage public,Hors agglomération,Hors intersection,Normale,Deux véhicules - frontale,,,,,,,,,,,3,1,1,1.0,1
201300001841,0013-01-02 08:15:00,13,1,2,8,15,440,47,bd de la Liberation,,,Crépuscule ou aube,En agglomération,Hors intersection,Normale,Autre collision,,,,,,,,,,,2,2,1,1.0,6
201300001842,0013-03-20 16:15:00,13,3,20,16,15,440,47,Boulevard Blancho,,,Plein jour,En agglomération,Giratoire,Normale,Deux véhicules - arrière,,,,,,,,,,,1,2,6,1.0,2
201300001843,0013-04-25 18:15:00,13,4,25,18,15,440,47,Les mares jaunes,,,Plein jour,Hors agglomération,Hors intersection,Normale,Deux véhicules - côté,,,,,,,,,,,1,1,1,1.0,3
201300001844,0013-05-10 14:00:00,13,5,10,14,0,440,47,Rues Gautier et gare,,,Plein jour,En agglomération,Intersection en X,Normale,Deux véhicules - frontale,,,,,,,,,,,1,2,2,1.0,1
201300001845,0013-08-04 09:45:00,13,8,4,9,45,440,47,rue Jean Jacques Audubon,,,Plein jour,En agglomération,Hors intersection,Normale,Autre collision,,,,,,,,,,,1,2,1,1.0,6
201300001846,0013-09-07 03:30:00,13,9,7,3,30,440,47,,,,Nuit sans éclairage public,Hors agglomération,Hors intersection,Normale,Autre collision,,,,,,,,,,,3,1,1,1.0,6
201300001847,0013-10-01 17:00:00,13,10,1,17,0,440,47,Rue de la Min?e,,,Plein jour,En agglomération,Giratoire,Pluie forte,Sans collision,,,,,,,,,,,1,2,6,3.0,7
201300001848,0013-10-01 18:30:00,13,10,1,18,30,440,47,Booulevard Blancho,,,Crépuscule ou aube,En agglomération,Hors intersection,Pluie forte,Autre collision,,,,,,,,,,,2,2,1,3.0,6
201300001849,0013-11-30 22:30:00,13,11,30,22,30,440,74,,,,Nuit avec éclairage allumé,Hors agglomération,Giratoire,Normale,Autre collision,,,,,,,,,,,5,1,6,1.0,6
201300001850,0013-01-29 15:00:00,13,1,29,15,0,440,69,carrefour kerbignon,47.378,-2.401,Plein jour,Hors agglomération,Intersection en X,Normale,Deux véhicules - côté,,,,,,,,,,,1,1,2,1.0,3
201300001851,0013-02-09 00:15:00,13,2,9,0,15,440,69,,47.327,-2.413,Nuit sans éclairage public,Hors agglomération,Hors intersection,Normale,Deux véhicules - arrière,,,,,,,,,,,3,1,1,1.0,2
201300001852,0013-03-20 12:45:00,13,3,20,12,45,440,69,rte de la turballe,47.332,-2.439,Plein jour,En agglomération,Hors intersection,Normale,Deux véhicules - côté,,,,,,,,,,,1,2,1,1.0,3
201300001853,0013-04-21 07:30:00,13,4,21,7,30,440,183,La Salle,,,Crépuscule ou aube,Hors agglomération,Hors intersection,Normale,Sans collision,,,,,,,,,,,2,1,1,1.0,7
201300001854,0013-04-27 21:00:00,13,4,27,21,0,440,6,rue de la fontaine,,,Plein jour,En agglomération,Intersection en T,Normale,Deux véhicules - côté,,,,,,,,,,,1,2,3,1.0,3
201300001855,0013-07-06 14:00:00,13,7,6,14,0,440,183,Rue des Landes,47.394,-2.424,Plein jour,En agglomération,Hors intersection,Normale,Deux véhicules - frontale,,,,,,,,,,,1,2,1,1.0,1
201300001856,0013-07-08 15:00:00,13,7,8,15,0,440,72,pompas,,,Plein jour,Hors agglomération,Hors intersection,Normale,Deux véhicules - frontale,,,,,,,,,,,1,1,1,1.0,1
201300001857,0013-07-13 13:45:00,13,7,13,13,45,440,175,,,,Plein jour,Hors agglomération,Hors intersection,Normale,Trois véhicules et plus - collisions multiples,,,,,,,,,,,1,1,1,1.0,5
201300001858,0013-09-05 16:45:00,13,9,5,16,45,440,69,,47.297,-2.436,Plein jour,Hors agglomération,Hors intersection,Normale,Deux véhicules - côté,,,,,,,,,,,1,1,1,1.0,3
201300001859,0013-09-06 17:30:00,13,9,6,17,30,440,72,,47.415,-2.35,Plein jour,Hors agglomération,Intersection en X,Normale,Deux véhicules - côté,,,,,,,,,,,1,1,2,1.0,3
201300001860,0013-09-11 11:00:00,13,9,11,11,0,440,69,,47.308,-2.408,Plein jour,Hors agglomération,Intersection en T,Normale,Deux véhicules - côté,,,,,,,,,,,1,1,3,1.0,3
201300001861,0013-10-05 13:00:00,13,10,5,13,0,440,69,,47.301,-2.434,Plein jour,Hors agglomération,Hors intersection,Normale,Sans collision,,,,,,,,,,,1,1,1,1.0,7
201300001862,0013-10-17 15:00:00,13,10,17,15,0,440,69,,47.348,-2.488,Plein jour,En agglomération,Hors intersection,Normale,Deux véhicules - frontale,,,,,,,,,,,1,2,1,1.0,1
201300001863,0013-11-06 09:45:00,13,11,6,9,45,440,10,rond point de la pigeonn,47.28,-2.476,Plein jour,En agglomération,Giratoire,Normale,Deux véhicules - côté,,,,,,,,,,,1,2,6,1.0,3
201300001864,0013-11-08 07:30:00,13,11,8,7,30,440,175,,,,Crépuscule ou aube,Hors agglomération,Hors intersection,Pluie forte,Autre collision,,,,,,,,,,,2,1,1,3.0,6
201300001865,0013-11-12 18:00:00,13,11,12,18,0,440,69,,47.328,-2.396,Crépuscule ou aube,Hors agglomération,Hors intersection,Normale,Deux véhicules - côté,,,,,,,,,,,2,1,1,1.0,3
201300001866,0013-11-15 08:45:00,13,11,15,8,45,440,211,Chemin du Barbotin,47.311,-2.5,Plein jour,En agglomération,Hors intersection,Temps éblouissant,Autre collision,,,,,,,,,,,1,2,1,7.0,6
201300001867,0013-11-30 19:45:00,13,11,30,19,45,440,72,,47.436,-2.31,Nuit sans éclairage public,Hors agglomération,Hors intersection,Autre,Trois véhicules et plus - en chaîne,,,,,,,,,,,3,1,1,9.0,4
201300001868,0013-12-01 12:00:00,13,12,1,12,0,440,97,giratoire rue de Ho?dic,,,Plein jour,En agglomération,Giratoire,Normale,Deux véhicules - côté,,,,,,,,,,,1,2,6,1.0,3
201300001869,0013-12-14 10:15:00,13,12,14,10,15,440,69,avenue Anne de Bretagne,47.329,-2.42,Plein jour,En agglomération,Giratoire,Normale,Trois véhicules et plus - en chaîne,,,,,,,,,,,1,2,6,1.0,4
201300001870,0013-12-31 20:45:00,13,12,31,20,45,440,69,,,,Nuit sans éclairage public,Hors agglomération,Giratoire,Normale,Trois véhicules et plus - collisions multiples,,,,,,,,,,,3,1,6,1.0,5
201300001871,0013-01-13 15:30:00,13,1,13,15,30,440,52,Les Grandes Landes,,,Plein jour,Hors agglomération,Hors intersection,Normale,Deux véhicules - frontale,,,,,,,,,,,1,1,1,1.0,1
201300001872,0013-01-14 17:15:00,13,1,14,17,15,440,103,15 rue de la chalandière,47.333,-2.178,Nuit sans éclairage public,Hors agglomération,Intersection en X,Pluie légère,Deux véhicules - côté,,,,,,,,,,,3,1,2,2.0,3
201300001873,0013-03-28 13:45:00,13,3,28,13,45,440,210,38 rue louis pasteur,,,Plein jour,En agglomération,Hors intersection,Normale,Deux véhicules - côté,,,,,,,,,,,1,2,1,1.0,3
201300001874,0013-07-18 19:15:00,13,7,18,19,15,440,210,20 rue du brivet,47.324,-2.191,Plein jour,En agglomération,Hors intersection,Normale,Deux véhicules - arrière,,,,,,,,,,,1,2,1,1.0,2
201300001875,0013-08-03 01:30:00,13,8,3,1,30,440,168,aignac,,,Nuit sans éclairage public,Hors agglomération,Hors intersection,Normale,Deux véhicules - frontale,,,,,,,,,,,3,1,1,1.0,1
201300001876,0013-10-03 04:45:00,13,10,3,4,45,440,103,,,,Nuit avec éclairage allumé,Hors agglomération,Hors intersection,Temps couvert,Autre collision,,,,,,,,,,,5,1,1,8.0,6
201300001877,0013-07-31 11:15:00,13,7,31,11,15,440,129,la pile,,,Plein jour,Hors agglomération,Hors intersection,Normale,Deux véhicules - frontale,,,,,,,,,,,1,1,1,1.0,1
201300001878,0013-08-06 18:30:00,13,8,6,18,30,440,98,la regaudais,,,Plein jour,Hors agglomération,Hors intersection,Normale,Autre collision,,,,,,,,,,,1,1,1,1.0,6
201300001879,0013-10-17 07:30:00,13,10,17,7,30,440,50,,,,Crépuscule ou aube,Hors agglomération,Hors intersection,Brouillard / fumée,Deux véhicules - côté,,,,,,,,,,,2,1,1,5.0,3
201300001880,0013-01-08 16:30:00,13,1,8,16,30,440,194,Bel Abord,,,Plein jour,Hors agglomération,Hors intersection,Normale,Deux véhicules - arrière,,,,,,,,,,,1,1,1,1.0,2
201300001881,0013-01-15 12:15:00,13,1,15,12,15,440,45,la croix morzel,,,Plein jour,Hors agglomération,Giratoire,Normale,Deux véhicules - frontale,,,,,,,,,,,1,1,6,1.0,1
201300001882,0013-02-14 08:15:00,13,2,14,8,15,440,217,le bois macé,,,Crépuscule ou aube,Hors agglomération,Hors intersection,Pluie forte,Autre collision,,,,,,,,,,,2,1,1,3.0,6
201300001883,0013-02-19 12:45:00,13,2,19,12,45,440,158,L'oiselais,47.291,1.756,Plein jour,Hors agglomération,Hors intersection,Normale,Sans collision,,,,,,,,,,,1,1,1,1.0,7
201300001884,0013-05-28 11:45:00,13,5,28,11,45,440,217,RUE ANNE DE BRETAGNE,,,Plein jour,En agglomération,Intersection en Y,Normale,Deux véhicules - côté,,,,,,,,,,,1,2,4,1.0,3
201300001885,0013-06-09 16:30:00,13,6,9,16,30,440,158,,,,Plein jour,Hors agglomération,Hors intersection,Normale,Deux véhicules - côté,,,,,,,,,,,1,1,1,1.0,3
201300001886,0013-06-29 22:30:00,13,6,29,22,30,440,203,16  Rue de la Chapelle,,,Plein jour,En agglomération,Hors intersection,Normale,Autre collision,,,,,,,,,,,1,2,1,1.0,6
201300001887,0013-07-15 13:30:00,13,7,15,13,30,440,217,la saulce,,,Plein jour,Hors agglomération,Intersection en X,Normale,Deux véhicules - côté,,,,,,,,,,,1,1,2,1.0,3
201300001888,0013-12-03 09:00:00,13,12,3,9,0,440,158,,,,Plein jour,Hors agglomération,Hors intersection,Normale,Deux véhicules - côté,,,,,,,,,,,1,1,1,1.0,3
201300001889,0013-03-09 01:15:00,13,3,9,1,15,440,80,,47.311,-1.97,Nuit sans éclairage public,Hors agglomération,Hors intersection,Normale,Autre collision,,,,,,,,,,,3,1,1,1.0,6
201300001890,0013-07-07 00:45:00,13,7,7,0,45,440,195,,47.371,-1.908,Nuit sans éclairage public,Hors agglomération,Hors intersection,Normale,Trois véhicules et plus - collisions multiples,,,,,,,,,,,3,1,1,1.0,5
201300001891,0013-08-09 16:45:00,13,8,9,16,45,440,19,la carriaud,,,Plein jour,Hors agglomération,Hors intersection,Normale,Deux véhicules - frontale,,,,,,,,,,,1,1,1,1.0,1
201300001892,0013-11-26 17:45:00,13,11,26,17,45,440,195,Boulevard Edouard Branly,,,Nuit avec éclairage allumé,En agglomération,Hors intersection,Normale,Deux véhicules - côté,,,,,,,,,,,5,2,1,1.0,3
201300001893,0013-05-17 20:00:00,13,5,17,20,0,490,196,,47.52005,-0.66999,Plein jour,En agglomération,Hors intersection,Normale,Deux véhicules - frontale,,,,,,,,,,,1,2,1,1.0,1
201300001894,0013-06-30 19:00:00,13,6,30,19,0,490,196,La Gloutière,47.50826,-0.64395,Plein jour,Hors agglomération,Hors intersection,Normale,Trois véhicules et plus - collisions multiples,,,,,,,,,,,1,1,1,1.0,5
201300001895,0013-02-14 16:30:00,13,2,14,16,30,490,194,,47.43502,-0.29524,Plein jour,Hors agglomération,Hors intersection,Vent fort / tempête,Deux véhicules - frontale,,,,,,,,,,,1,1,1,6.0,1
201300001896,0013-07-19 16:45:00,13,7,19,16,45,490,194,,47.477,-0.271,Plein jour,Hors agglomération,Intersection en X,Normale,Deux véhicules - côté,,,,,,,,,,,1,1,2,1.0,3
201300001897,0013-09-20 17:15:00,13,9,20,17,15,490,49,,47.451,-0.16148,Plein jour,Hors agglomération,Intersection en X,Temps éblouissant,Deux véhicules - côté,,,,,,,,,,,1,1,2,7.0,3
201300001898,0013-10-01 13:00:00,13,10,1,13,0,490,106,,47.47413,-0.3197,Plein jour,Hors agglomération,Intersection en X,Pluie légère,Trois véhicules et plus - en chaîne,,,,,,,,,,,1,1,2,2.0,4
201300001899,0013-11-09 16:00:00,13,11,9,16,0,490,106,Les trois quartiers,47.47418,-0.33508,Plein jour,Hors agglomération,Hors intersection,Temps éblouissant,Trois véhicules et plus - collisions multiples,,,,,,,,,,,1,1,1,7.0,5
201300001900,0013-04-07 11:30:00,13,4,7,11,30,490,345,Bonnezeaux,47.2772,-0.48412,Plein jour,Hors agglomération,Hors intersection,Normale,Sans collision,,,,,,,,,,,1,1,1,1.0,7
201300001901,0013-04-19 19:00:00,13,4,19,19,0,490,292,,47.31147,-0.61676,Plein jour,Hors agglomération,Hors intersection,Normale,Trois véhicules et plus - collisions multiples,,,,,,,,,,,1,1,1,1.0,5
201300001902,0013-05-22 15:45:00,13,5,22,15,45,490,167,Martigneau,47.38487,-0.4847,Plein jour,Hors agglomération,Intersection en X,Normale,Deux véhicules - côté,,,,,,,,,,,1,1,2,1.0,3
201300001903,0013-06-17 18:15:00,13,6,17,18,15,490,345,,47.26773,-0.49709,Plein jour,En agglomération,Hors intersection,Normale,Deux véhicules - frontale,,,,,,,,,,,1,2,1,1.0,1
201300001904,0013-07-16 17:45:00,13,7,16,17,45,490,318,,47.40151,-0.42971,Plein jour,Hors agglomération,Hors intersection,Normale,Autre collision,,,,,,,,,,,1,1,1,1.0,6
201300001905,0013-07-26 17:30:00,13,7,26,17,30,490,50,,,,Plein jour,Hors agglomération,Hors intersection,Normale,Deux véhicules - arrière,,,,,,,,,,,1,1,1,1.0,2
201300001906,0013-10-13 11:45:00,13,10,13,11,45,490,167,GRAND RUE,,,Plein jour,En agglomération,Hors intersection,Normale,Deux véhicules - côté,,,,,,,,,,,1,2,1,1.0,3
201300001907,0013-02-13 11:30:00,13,2,13,11,30,490,289,Les Rocheries,47.45534,-0.65543,Plein jour,Hors agglomération,Hors intersection,Normale,Deux véhicules - frontale,,,,,,,,,,,1,1,1,1.0,1
201300001908,0013-05-27 18:15:00,13,5,27,18,15,490,265,,47.30594,-0.67893,Plein jour,Hors agglomération,Hors intersection,Normale,Deux véhicules - frontale,,,,,,,,,,,1,1,1,1.0,1
201300001909,0013-08-14 11:30:00,13,8,14,11,30,490,212,rue vieille du chateau,47.38776,-0.85914,Plein jour,En agglomération,Hors intersection,Normale,Autre collision,,,,,,,,,,,1,2,1,1.0,6
201300001910,0013-09-28 15:00:00,13,9,28,15,0,490,63,la grande chauvière,47.33665,-0.78913,Plein jour,Hors agglomération,Hors intersection,Temps couvert,Deux véhicules - frontale,,,,,,,,,,,1,1,1,8.0,1
201300001911,0013-10-10 21:15:00,13,10,10,21,15,490,68,Les grandes rivettes,47.40893,-0.84759,Nuit sans éclairage public,Hors agglomération,Intersection en X,Normale,Deux véhicules - côté,,,,,,,,,,,3,1,2,1.0,3
201300001912,0013-05-04 15:00:00,13,5,4,15,0,490,220,grande rue,47.74313,-0.41649,Plein jour,En agglomération,Hors intersection,Normale,Autre collision,,,,,,,,,,,1,2,1,1.0,6
201300001913,0013-08-20 05:45:00,13,8,20,5,45,490,127,,47.682,-0.22,Nuit sans éclairage public,Hors agglomération,Hors intersection,Normale,Deux véhicules - frontale,,,,,,,,,,,3,1,1,1.0,1
201300001914,0013-11-16 14:45:00,13,11,16,14,45,490,110,,47.564,-0.373,Plein jour,Hors agglomération,Hors intersection,Normale,Trois véhicules et plus - collisions multiples,,,,,,,,,,,1,1,1,1.0,5
201300001915,0013-02-16 09:00:00,13,2,16,9,0,490,72,,47.18337,-1.01093,Plein jour,Hors agglomération,Hors intersection,Normale,Sans collision,,,,,,,,,,,1,1,1,1.0,7
201300001916,0013-06-26 19:30:00,13,6,26,19,30,490,375,23 rue des mauges,47.14497,-1.06151,Plein jour,En agglomération,Hors intersection,Normale,Autre collision,,,,,,,,,,,1,2,1,1.0,6
201300001917,0013-07-11 01:00:00,13,7,11,1,0,490,165,6 rue du commerce,47.17221,-0.8915,Nuit sans éclairage public,En agglomération,Hors intersection,Normale,Autre collision,,,,,,,,,,,3,2,1,1.0,6
201300001918,0013-12-07 10:15:00,13,12,7,10,15,490,312,,47.165,-1.01499,Nuit sans éclairage public,Hors agglomération,Hors intersection,Normale,Autre collision,,,,,,,,,,,3,1,1,1.0,6
201300001919,0013-01-16 17:45:00,13,1,16,17,45,490,92,,47.21917,-0.76027,Crépuscule ou aube,Hors agglomération,Hors intersection,Normale,Deux véhicules - frontale,,,,,,,,,,,2,1,1,1.0,1
201300001920,0013-04-17 12:30:00,13,4,17,12,30,490,111,6 Avenue du Gd Perigne,47.16364,-0.677,Plein jour,En agglomération,Hors intersection,Normale,Deux véhicules - côté,,,,,,,,,,,1,2,1,1.0,3
201300001921,0013-04-20 10:45:00,13,4,20,10,45,490,355,Place Abbé Thuillier,47.1219,-0.78846,Plein jour,En agglomération,Hors intersection,Normale,Autre collision,,,,,,,,,,,1,2,1,1.0,6
201300001922,0013-04-03 14:30:00,13,4,3,14,30,490,301,le petit bois girard,47.11582,-1.0207,Plein jour,Hors agglomération,Hors intersection,Normale,Sans collision,,,,,,,,,,,1,1,1,1.0,7
201300001923,0013-04-17 16:30:00,13,4,17,16,30,490,193,,47.14307,-0.84771,Plein jour,Hors agglomération,Hors intersection,Normale,Sans collision,,,,,,,,,,,1,1,1,1.0,7
201300001924,0013-05-24 06:15:00,13,5,24,6,15,490,258,,47.1139,-1.05709,Crépuscule ou aube,Hors agglomération,Hors intersection,Normale,Deux véhicules - arrière,,,,,,,,,,,2,1,1,1.0,2
201300001925,0013-06-10 19:15:00,13,6,10,19,15,490,193,l'ardonnière,47.12502,-0.89466,Plein jour,Hors agglomération,Hors intersection,Normale,Deux véhicules - frontale,,,,,,,,,,,1,1,1,1.0,1
201300001926,0013-08-08 12:00:00,13,8,8,12,0,490,301,Rond-point de Strasbourg,,,Plein jour,En agglomération,Giratoire,Normale,Deux véhicules - frontale,,,,,,,,,,,1,2,6,1.0,1
201300001927,0013-10-30 17:45:00,13,10,30,17,45,490,332,Etang de ruiné,47.08447,-0.95269,Plein jour,Hors agglomération,Intersection en X,Temps couvert,Deux véhicules - côté,,,,,,,,,,,1,1,2,8.0,3
201300001928,0013-11-20 21:15:00,13,11,20,21,15,490,285,,,,Nuit avec éclairage allumé,Hors agglomération,Hors intersection,Normale,Autre collision,,,,,,,,,,,5,1,1,1.0,6
201300001929,0013-11-25 15:45:00,13,11,25,15,45,490,179,,47.02066,-1.02935,Plein jour,Hors agglomération,Intersection en X,Normale,Deux véhicules - côté,,,,,,,,,,,1,1,2,1.0,3
201300001930,0013-12-14 08:15:00,13,12,14,8,15,490,260,,,,Crépuscule ou aube,Hors agglomération,Hors intersection,Normale,Deux véhicules - frontale,,,,,,,,,,,2,1,1,1.0,1
201300001931,0013-01-03 18:30:00,13,1,3,18,30,490,276,Avenue de l' Europe,47.36138,-1.01418,Nuit avec éclairage allumé,En agglomération,Hors intersection,Normale,Autre collision,,,,,,,,,,,5,2,1,1.0,6
201300001932,0013-03-23 20:15:00,13,3,23,20,15,490,313,rue de la chapelle,47.27318,-1.029,Crépuscule ou aube,En agglomération,Intersection en Y,Normale,Deux véhicules - frontale,,,,,,,,,,,2,2,4,1.0,1
201300001933,0013-03-24 16:30:00,13,3,24,16,30,490,313,,47.30703,-1.03328,Plein jour,Hors agglomération,Hors intersection,Normale,Sans collision,,,,,,,,,,,1,1,1,1.0,7
201300001934,0013-06-21 23:45:00,13,6,21,23,45,490,276,25 avenue de l'Europe,47.36056,-1.00912,Nuit avec éclairage allumé,En agglomération,Hors intersection,Normale,Deux véhicules - frontale,,,,,,,,,,,5,2,1,1.0,1
201300001935,0013-07-06 15:30:00,13,7,6,15,30,490,40,,47.34267,-1.10262,Plein jour,Hors agglomération,Hors intersection,Normale,Autre collision,,,,,,,,,,,1,1,1,1.0,6
201300001936,0013-08-08 12:15:00,13,8,8,12,15,490,40,,47.348,-1.082,Plein jour,Hors agglomération,Hors intersection,Normale,Deux véhicules - frontale,,,,,,,,,,,1,1,1,1.0,1
201300001937,0013-08-17 12:00:00,13,8,17,12,0,490,276,ROUTE DE BAUPREAU,47.35833,-1.01599,Plein jour,En agglomération,Hors intersection,Normale,Deux véhicules - côté,,,,,,,,,,,1,2,1,1.0,3
201300001938,0013-08-22 17:15:00,13,8,22,17,15,490,296,,,,Plein jour,Hors agglomération,Hors intersection,Normale,Deux véhicules - frontale,,,,,,,,,,,1,1,1,1.0,1
201300001939,0013-09-16 18:00:00,13,9,16,18,0,490,83,Le bois de l'Odiere,47.30151,-0.94787,Plein jour,Hors agglomération,Hors intersection,Temps couvert,Deux véhicules - frontale,,,,,,,,,,,1,1,1,8.0,1
201300001940,0013-12-07 15:00:00,13,12,7,15,0,490,190,,47.359,-1.049,Plein jour,Hors agglomération,Hors intersection,Normale,Sans collision,,,,,,,,,,,1,1,1,1.0,7
201300001941,0013-12-09 07:15:00,13,12,9,7,15,490,204,RUE NATIONALE,47.36646,-0.93464,Nuit avec éclairage allumé,En agglomération,Hors intersection,Brouillard / fumée,Sans collision,,,,,,,,,,,5,2,1,5.0,7
201300001942,0013-12-10 09:15:00,13,12,10,9,15,490,69,rue du docteur Giffard,,,Plein jour,En agglomération,Hors intersection,Brouillard / fumée,Sans collision,,,,,,,,,,,1,2,1,5.0,7
201300001943,0013-01-21 17:00:00,13,1,21,17,0,490,18,Parking magasin Super U,47.54584,-0.11221,Plein jour,En agglomération,Hors intersection,Pluie légère,Autre collision,,,,,,,,,,,1,2,1,2.0,6
201300001944,0013-07-25 23:00:00,13,7,25,23,0,490,369,D58 rue de la Roche,47.38569,0.08157,Nuit sans éclairage public,En agglomération,Intersection en X,Normale,Deux véhicules - côté,,,,,,,,,,,3,2,2,1.0,3
201300001945,0013-08-11 16:45:00,13,8,11,16,45,490,234,le merdron,47.43599,0.14877,Plein jour,Hors agglomération,Hors intersection,Normale,Sans collision,,,,,,,,,,,1,1,1,1.0,7
201300001946,0013-10-12 15:00:00,13,10,12,15,0,490,98,L'Aurière,47.58748,0.13981,Plein jour,Hors agglomération,Hors intersection,Normale,Deux véhicules - frontale,,,,,,,,,,,1,1,1,1.0,1
201300001947,0013-10-20 20:00:00,13,10,20,20,0,490,245,La Bohardière,47.52967,-0.03776,Nuit sans éclairage public,Hors agglomération,Hors intersection,Pluie légère,Trois véhicules et plus - collisions multiples,,,,,,,,,,,3,1,1,2.0,5
201300001948,0013-10-21 22:45:00,13,10,21,22,45,490,197,08 RUE DE LA GARE,,,Nuit avec éclairage allumé,En agglomération,Hors intersection,Normale,Autre collision,,,,,,,,,,,5,2,1,1.0,6
201300001949,0013-11-26 16:15:00,13,11,26,16,15,490,157,,,,Plein jour,Hors agglomération,Hors intersection,Normale,Sans collision,,,,,,,,,,,1,1,1,1.0,7
201300001950,0013-12-24 08:00:00,13,12,24,8,0,490,368,,,,Crépuscule ou aube,Hors agglomération,Hors intersection,Pluie forte,Autre collision,,,,,,,,,,,2,1,1,3.0,6
201300001951,0013-01-28 07:30:00,13,1,28,7,30,490,47,La Pichardière,47.23065,-0.38159,Crépuscule ou aube,Hors agglomération,Intersection en X,Normale,Deux véhicules - côté,,,,,,,,,,,2,1,2,1.0,3
201300001952,0013-03-17 18:30:00,13,3,17,18,30,490,109,les vitres,47.10979,-0.61699,Plein jour,Hors agglomération,Hors intersection,Temps couvert,Deux véhicules - frontale,,,,,,,,,,,1,1,1,8.0,1
201300001953,0013-04-07 17:30:00,13,4,7,17,30,490,191,Millé,47.25174,-0.44137,Plein jour,Hors agglomération,Hors intersection,Normale,Deux véhicules - frontale,,,,,,,,,,,1,1,1,1.0,1
201300001954,0013-04-12 17:15:00,13,4,12,17,15,490,125,,47.17997,-0.27106,Plein jour,Hors agglomération,Hors intersection,Normale,Deux véhicules - frontale,,,,,,,,,,,1,1,1,1.0,1
201300001955,0013-05-03 19:45:00,13,5,3,19,45,490,59,Les Brosses,47.08709,-0.46237,Plein jour,Hors agglomération,Hors intersection,Normale,Deux véhicules - frontale,,,,,,,,,,,1,1,1,1.0,1