accident_id,datetime,annee,mois,jour,heure,minute,departement,commune_insee,adresse,latitude,longitude,luminosite,agglomeration,intersection,meteo,collision,nb_vehicules,nb_usagers,nb_indemnes,nb_tues,nb_blesses_hosp,nb_blesses_legers,age_cond_1,age_cond_2,veh_type_cond_1,veh_type_cond_2,lum_code,agg_code,int_code,atm_code,col_code
201300001956,0013-06-03 05:30:00,13,6,3,5,30,490,373,,47.14525,-0.60373,Nuit sans éclairage public,Hors agglomération,Hors intersection,Normale,Autre collision,,,,,,,,,,,3,1,1,1.0,6
201300001957,0013-06-25 13:15:00,13,6,25,13,15,490,125,,47.19371,-0.31763,Plein jour,Hors agglomération,Hors intersection,Normale,Autre collision,,,,,,,,,,,1,1,1,1.0,6
201300001958,0013-06-27 12:15:00,13,6,27,12,15,490,370,,47.26796,-0.18611,Plein jour,Hors agglomération,Hors intersection,Normale,Autre collision,,,,,,,,,,,1,1,1,1.0,6
201300001959,0013-07-13 07:30:00,13,7,13,7,30,490,230,,,,Plein jour,Hors agglomération,Hors intersection,Normale,Autre collision,,,,,,,,,,,1,1,1,1.0,6
201300001960,0013-07-15 07:15:00,13,7,15,7,15,490,373,,47.1181,-0.56093,Plein jour,Hors agglomération,Hors intersection,Normale,Deux véhicules - frontale,,,,,,,,,,,1,1,1,1.0,1
201300001961,0013-09-24 21:30:00,13,9,24,21,30,490,191,,,,Nuit sans éclairage public,Hors agglomération,Hors intersection,Normale,Autre collision,,,,,,,,,,,3,1,1,1.0,6
201300001962,0013-11-20 20:00:00,13,11,20,20,0,490,125,RUE DE CHOLET,,,Nuit avec éclairage allumé,En agglomération,Intersection en X,Pluie légère,Deux véhicules - côté,,,,,,,,,,,5,2,2,2.0,3
201300001963,0013-01-04 15:15:00,13,1,4,15,15,490,378,le moulin à vent,47.3107,-0.04858,Plein jour,Hors agglomération,Hors intersection,Normale,Sans collision,,,,,,,,,,,1,1,1,1.0,7
201300001964,0013-01-09 17:30:00,13,1,9,17,30,490,180,,47.37123,-0.12051,Crépuscule ou aube,Hors agglomération,Hors intersection,Normale,Deux véhicules - frontale,,,,,,,,,,,2,1,1,1.0,1
201300001965,0013-02-16 01:00:00,13,2,16,1,0,490,304,,47.30623,-0.13339,Nuit sans éclairage public,Hors agglomération,Giratoire,Brouillard / fumée,Autre collision,,,,,,,,,,,3,1,6,5.0,6
201300001966,0013-04-20 12:00:00,13,4,20,12,0,490,2,rue Albert Pottier,47.29377,0.02181,Plein jour,En agglomération,Intersection en T,Normale,Deux véhicules - frontale,,,,,,,,,,,1,2,3,1.0,1
201300001967,0013-05-04 17:30:00,13,5,4,17,30,490,311,,47.39092,-0.02737,Plein jour,Hors agglomération,Hors intersection,Normale,Sans collision,,,,,,,,,,,1,1,1,1.0,7
201300001968,0013-06-12 10:00:00,13,6,12,10,0,490,2,Le Gué de Louet,47.32974,0.02198,Plein jour,Hors agglomération,Intersection en X,Normale,Deux véhicules - côté,,,,,,,,,,,1,1,2,1.0,3
201300001969,0013-06-15 20:30:00,13,6,15,20,30,490,378,D347,47.33146,-0.0613,Plein jour,En agglomération,Hors intersection,Normale,Autre collision,,,,,,,,,,,1,2,1,1.0,6
201300001970,0013-07-26 15:45:00,13,7,26,15,45,490,180,La gare,47.38689,-0.1145,Plein jour,Hors agglomération,Intersection en T,Normale,Deux véhicules - arrière,,,,,,,,,,,1,1,3,1.0,2
201300001971,0013-07-29 06:15:00,13,7,29,6,15,490,261,,47.38577,-0.21536,Crépuscule ou aube,Hors agglomération,Hors intersection,Normale,Deux véhicules - frontale,,,,,,,,,,,2,1,1,1.0,1
201300001972,0013-07-31 20:30:00,13,7,31,20,30,490,180,Pont de la Trone,47.36738,-0.1226,Plein jour,Hors agglomération,Hors intersection,Normale,Deux véhicules - frontale,,,,,,,,,,,1,1,1,1.0,1
201300001973,0013-08-29 18:30:00,13,8,29,18,30,490,41,rue des maligrattes,47.3025,0.05889,Plein jour,En agglomération,Intersection en T,Normale,Deux véhicules - côté,,,,,,,,,,,1,2,3,1.0,3
201300001974,0013-09-26 15:00:00,13,9,26,15,0,490,261,,47.397,-0.207,Plein jour,Hors agglomération,Hors intersection,Normale,Autre collision,,,,,,,,,,,1,1,1,1.0,6
201300001975,0013-10-31 11:30:00,13,10,31,11,30,490,180,,47.399,-0.113,Plein jour,Hors agglomération,Intersection en X,Normale,Deux véhicules - côté,,,,,,,,,,,1,1,2,1.0,3
201300001976,0013-11-04 08:45:00,13,11,4,8,45,490,378,,,,Plein jour,Hors agglomération,Hors intersection,Pluie légère,Deux véhicules - côté,,,,,,,,,,,1,1,1,2.0,3
201300001977,0013-12-03 07:45:00,13,12,3,7,45,490,261,,,,Crépuscule ou aube,Hors agglomération,Hors intersection,Brouillard / fumée,Deux véhicules - arrière,,,,,,,,,,,2,1,1,5.0,2
201300001978,0013-12-20 23:00:00,13,12,20,23,0,490,2,,47.31,0.02,Nuit sans éclairage public,Hors agglomération,Hors intersection,Normale,Deux véhicules - frontale,,,,,,,,,,,3,1,1,1.0,1
201300001979,0013-03-23 05:00:00,13,3,23,5,0,490,215,AVENUE PAUL PAINLEVE,47.1325,-0.16526,Nuit sans éclairage public,En agglomération,Hors intersection,Normale,Autre collision,,,,,,,,,,,3,2,1,1.0,6
201300001980,0013-07-06 23:15:00,13,7,6,23,15,490,274,,,,Nuit sans éclairage public,Hors agglomération,Intersection en X,Normale,Deux véhicules - côté,,,,,,,,,,,3,1,2,1.0,3
201300001981,0013-10-29 14:15:00,13,10,29,14,15,490,140,,,,Plein jour,Hors agglomération,Hors intersection,Normale,Autre collision,,,,,,,,,,,1,1,1,1.0,6
201300001982,0013-11-22 20:45:00,13,11,22,20,45,490,131,,,,Nuit sans éclairage public,Hors agglomération,Hors intersection,Temps couvert,Deux véhicules - frontale,,,,,,,,,,,3,1,1,8.0,1
201300001983,0013-06-18 17:30:00,13,6,18,17,30,490,305,,47.7169,-0.70914,Plein jour,Hors agglomération,Hors intersection,Normale,Deux véhicules - frontale,,,,,,,,,,,1,1,1,1.0,1
201300001984,0013-07-09 12:00:00,13,7,9,12,0,490,161,,,,Plein jour,Hors agglomération,Hors intersection,Normale,Deux véhicules - frontale,,,,,,,,,,,1,1,1,1.0,1
201300001985,0013-10-03 20:30:00,13,10,3,20,30,490,77,,,,Nuit sans éclairage public,Hors agglomération,Hors intersection,Pluie forte,Autre collision,,,,,,,,,,,3,1,1,3.0,6
201300001986,0013-06-08 19:45:00,13,6,8,19,45,490,155,La Gautellerie,47.60743,-0.70391,Crépuscule ou aube,Hors agglomération,Hors intersection,Normale,Autre collision,,,,,,,,,,,2,1,1,1.0,6
201300001987,0013-06-19 11:45:00,13,6,19,11,45,490,271,Haras de la poissardiere,47.51778,-0.73678,Plein jour,Hors agglomération,Hors intersection,Normale,Autre collision,,,,,,,,,,,1,1,1,1.0,6
201300001988,0013-07-06 22:15:00,13,7,6,22,15,490,176,RD770 - l'hippodrome,,,Nuit sans éclairage public,En agglomération,Giratoire,Normale,Sans collision,,,,,,,,,,,3,2,6,1.0,7
201300001989,0013-08-04 19:00:00,13,8,4,19,0,490,367,,,,Plein jour,Hors agglomération,Hors intersection,Normale,Sans collision,,,,,,,,,,,1,1,1,1.0,7
201300001990,0013-11-24 01:30:00,13,11,24,1,30,490,266,,,,Nuit sans éclairage public,Hors agglomération,Hors intersection,Normale,Sans collision,,,,,,,,,,,3,1,1,1.0,7
201300001991,0013-01-29 17:30:00,13,1,29,17,30,490,132,La Gare,47.65595,-0.46326,Plein jour,Hors agglomération,Hors intersection,Normale,Autre collision,,,,,,,,,,,1,1,1,1.0,6
201300001992,0013-02-08 00:30:00,13,2,8,0,30,490,80,rue Allard,47.68475,-0.48661,Nuit avec éclairage allumé,En agglomération,Hors intersection,Pluie légère,Sans collision,,,,,,,,,,,5,2,1,2.0,7
201300001993,0013-02-15 07:00:00,13,2,15,7,0,490,80,La Louvrette,47.6672,-0.49962,Nuit sans éclairage public,Hors agglomération,Hors intersection,Brouillard / fumée,Deux véhicules - côté,,,,,,,,,,,3,1,1,5.0,3
201300001994,0013-03-13 08:30:00,13,3,13,8,30,490,347,Rue du Bourg Joly,47.6145,-0.46631,Plein jour,En agglomération,Hors intersection,Temps éblouissant,Autre collision,,,,,,,,,,,1,2,1,7.0,6
201300001995,0013-03-19 08:45:00,13,3,19,8,45,490,132,,47.65353,-0.46142,Plein jour,Hors agglomération,Hors intersection,Normale,Deux véhicules - frontale,,,,,,,,,,,1,1,1,1.0,1
201300001996,0013-03-24 04:45:00,13,3,24,4,45,490,189,,47.73479,-0.61182,Nuit sans éclairage public,Hors agglomération,Hors intersection,Normale,Sans collision,,,,,,,,,,,3,1,1,1.0,7
201300001997,0013-05-29 02:45:00,13,5,29,2,45,490,48,La rétusière,47.5896,-0.47264,Nuit sans éclairage public,Hors agglomération,Hors intersection,Normale,Autre collision,,,,,,,,,,,3,1,1,1.0,6
201300001998,0013-07-11 10:15:00,13,7,11,10,15,490,347,la chauvinière,47.60539,-0.47696,Plein jour,Hors agglomération,Hors intersection,Normale,Deux véhicules - côté,,,,,,,,,,,1,1,1,1.0,3
201300001999,0013-08-10 12:30:00,13,8,10,12,30,490,80,,,,Plein jour,Hors agglomération,Hors intersection,Normale,Deux véhicules - côté,,,,,,,,,,,1,1,1,1.0,3
201300002000,0013-09-30 07:15:00,13,9,30,7,15,490,80,,,,Crépuscule ou aube,Hors agglomération,Hors intersection,Brouillard / fumée,Deux véhicules - frontale,,,,,,,,,,,2,1,1,5.0,1
201300002001,0013-10-27 15:30:00,13,10,27,15,30,490,216,D74,,,Plein jour,En agglomération,Hors intersection,Pluie légère,Autre collision,,,,,,,,,,,1,2,1,2.0,6
201300002002,0013-12-12 12:00:00,13,12,12,12,0,490,130,,47.61415,-0.57129,Plein jour,Hors agglomération,Hors intersection,Brouillard / fumée,Sans collision,,,,,,,,,,,1,1,1,5.0,7
201300002003,0013-12-26 14:00:00,13,12,26,14,0,490,347,carrefour D52-D68,47.62028,-0.46645,Plein jour,En agglomération,Intersection en X,Normale,Deux véhicules - côté,,,,,,,,,,,1,2,2,1.0,3
201300002004,0013-01-24 18:45:00,13,1,24,18,45,530,1,,48.03591,-0.89763,Crépuscule ou aube,Hors agglomération,Intersection en X,Normale,Deux véhicules - côté,,,,,,,,,,,2,1,2,1.0,3
201300002005,0013-03-18 06:45:00,13,3,18,6,45,530,130,,47.967,-0.703,Crépuscule ou aube,Hors agglomération,Hors intersection,Normale,Autre collision,,,,,,,,,,,2,1,1,1.0,6
201300002006,0013-04-20 20:30:00,13,4,20,20,30,530,119,le bocage,48.0225,-0.79385,Crépuscule ou aube,Hors agglomération,Hors intersection,Normale,Deux véhicules - frontale,,,,,,,,,,,2,1,1,1.0,1
201300002007,0013-09-06 11:15:00,13,9,6,11,15,530,157,,48.00895,-0.83327,Plein jour,Hors agglomération,Hors intersection,Normale,Autre collision,,,,,,,,,,,1,1,1,1.0,6
201300002008,0013-09-24 17:15:00,13,9,24,17,15,530,158,,48.01674,-0.93807,Plein jour,Hors agglomération,Hors intersection,Normale,Deux véhicules - frontale,,,,,,,,,,,1,1,1,1.0,1
201300002009,0013-10-30 17:00:00,13,10,30,17,0,530,1,,48.03416,-0.90135,Plein jour,Hors agglomération,Hors intersection,Normale,Deux véhicules - frontale,,,,,,,,,,,1,1,1,1.0,1
201300002010,0013-05-13 19:30:00,13,5,13,19,30,530,34,,48.09966,-0.68547,Plein jour,Hors agglomération,Hors intersection,Normale,Deux véhicules - côté,,,,,,,,,,,1,1,1,1.0,3
201300002011,0013-06-01 17:15:00,13,6,1,17,15,530,267,,48.05948,-0.4523,Plein jour,Hors agglomération,Hors intersection,Normale,Autre collision,,,,,,,,,,,1,1,1,1.0,6
201300002012,0013-07-04 10:00:00,13,7,4,10,0,530,152,Carrefour CD21 - CD152,47.95187,-0.5568,Plein jour,En agglomération,Hors intersection,Pluie légère,Autre collision,,,,,,,,,,,1,2,1,2.0,6
201300002013,0013-08-07 13:30:00,13,8,7,13,30,530,76,,47.98366,-0.32461,Plein jour,Hors agglomération,Hors intersection,Pluie légère,Sans collision,,,,,,,,,,,1,1,1,2.0,7
201300002014,0013-11-25 01:45:00,13,11,25,1,45,530,140,,48.10875,-0.7419,Nuit sans éclairage public,Hors agglomération,Autre intersection,Normale,Autre collision,,,,,,,,,,,3,1,9,1.0,6
201300002015,0013-12-29 12:00:00,13,12,29,12,0,530,264,,48.03303,-0.35075,Plein jour,Hors agglomération,Intersection en X,Normale,Deux véhicules - côté,,,,,,,,,,,1,1,2,1.0,3
201300002016,0013-02-08 10:45:00,13,2,8,10,45,530,97,rue Wildeshausen,48.1561,-0.39942,Plein jour,En agglomération,Place,Normale,Autre collision,,,,,,,,,,,1,2,7,1.0,6
201300002017,0013-05-27 04:30:00,13,5,27,4,30,530,207,,48.12647,-0.44822,Nuit sans éclairage public,Hors agglomération,Hors intersection,Normale,Deux véhicules - frontale,,,,,,,,,,,3,1,1,1.0,1
201300002018,0013-11-12 18:15:00,13,11,12,18,15,530,97,34 boulevard rochemado,48.15547,-0.3959,Nuit avec éclairage allumé,En agglomération,Hors intersection,Pluie légère,Autre collision,,,,,,,,,,,5,2,1,2.0,6
201300002019,0013-01-22 18:30:00,13,1,22,18,30,530,215,rue felix Marchand,47.81654,-0.69867,Nuit avec éclairage allumé,En agglomération,Hors intersection,Normale,Sans collision,,,,,,,,,,,5,2,1,1.0,7
201300002020,0013-04-20 19:45:00,13,4,20,19,45,530,89,,47.75798,-0.63961,Plein jour,Hors agglomération,Hors intersection,Normale,Deux véhicules - frontale,,,,,,,,,,,1,1,1,1.0,1
201300002021,0013-04-27 10:00:00,13,4,27,10,0,530,62,avenue Georges Pompidou,47.82319,-0.69772,Plein jour,En agglomération,Giratoire,Normale,Deux véhicules - côté,,,,,,,,,,,1,2,6,1.0,3
201300002022,0013-06-05 09:00:00,13,6,5,9,0,530,62,,47.84697,-0.75178,Plein jour,Hors agglomération,Hors intersection,Normale,Deux véhicules - côté,,,,,,,,,,,1,1,1,1.0,3
201300002023,0013-07-21 03:00:00,13,7,21,3,0,530,150,,47.74805,-0.7089,Nuit sans éclairage public,Hors agglomération,Hors intersection,Normale,Sans collision,,,,,,,,,,,3,1,1,1.0,7
201300002024,0013-07-22 16:30:00,13,7,22,16,30,530,4,,47.81251,-0.82297,Plein jour,Hors agglomération,Hors intersection,Normale,Sans collision,,,,,,,,,,,1,1,1,1.0,7
201300002025,0013-07-26 22:00:00,13,7,26,22,0,530,36,,47.86969,-0.46225,Crépuscule ou aube,Hors agglomération,Hors intersection,Normale,Deux véhicules - côté,,,,,,,,,,,2,1,1,1.0,3
201300002026,0013-09-21 22:15:00,13,9,21,22,15,530,63,,47.80892,-0.61387,Nuit sans éclairage public,Hors agglomération,Hors intersection,Normale,Deux véhicules - frontale,,,,,,,,,,,3,1,1,1.0,1
201300002027,0013-10-04 12:15:00,13,10,4,12,15,530,215,,47.81171,-0.71186,Plein jour,Hors agglomération,Hors intersection,Normale,Autre collision,,,,,,,,,,,1,1,1,1.0,6
201300002028,0013-11-12 13:00:00,13,11,12,13,0,530,110,,47.87056,-0.53826,Plein jour,Hors agglomération,Intersection en X,Temps couvert,Deux véhicules - côté,,,,,,,,,,,1,1,2,8.0,3
201300002029,0013-12-20 12:00:00,13,12,20,12,0,530,62,Boulevard des capucins,47.83154,-0.71316,Plein jour,En agglomération,Hors intersection,Temps éblouissant,Autre collision,,,,,,,,,,,1,2,1,7.0,6
201300002030,0013-06-24 18:15:00,13,6,24,18,15,530,35,,47.80413,-0.96668,Plein jour,Hors agglomération,Hors intersection,Normale,Deux véhicules - côté,,,,,,,,,,,1,1,1,1.0,3
201300002031,0013-06-25 18:15:00,13,6,25,18,15,530,75,,47.91751,-0.88607,Plein jour,Hors agglomération,Hors intersection,Normale,Autre collision,,,,,,,,,,,1,1,1,1.0,6
201300002032,0013-07-26 20:00:00,13,7,26,20,0,530,75,,47.92829,-0.87416,Plein jour,Hors agglomération,Hors intersection,Normale,Sans collision,,,,,,,,,,,1,1,1,1.0,7
201300002033,0013-08-15 22:45:00,13,8,15,22,45,530,188,LA FONTAINE,47.78603,-1.05994,Nuit sans éclairage public,En agglomération,Hors intersection,Normale,Trois véhicules et plus - collisions multiples,,,,,,,,,,,3,2,1,1.0,5
201300002034,0013-08-28 05:00:00,13,8,28,5,0,530,88,,47.96152,-1.08085,Nuit sans éclairage public,Hors agglomération,Hors intersection,Brouillard / fumée,Sans collision,,,,,,,,,,,3,1,1,5.0,7
201300002035,0013-11-20 18:30:00,13,11,20,18,30,530,98,,47.90154,-1.14401,Nuit sans éclairage public,Hors agglomération,Hors intersection,Pluie forte,Deux véhicules - côté,,,,,,,,,,,3,1,1,3.0,3
201300002036,0013-11-27 19:00:00,13,11,27,19,0,530,240,,47.81337,-1.04729,Nuit sans éclairage public,Hors agglomération,Hors intersection,Normale,Autre collision,,,,,,,,,,,3,1,1,1.0,6
201300002037,0013-12-29 05:45:00,13,12,29,5,45,530,12,,47.8901,-0.93481,Nuit sans éclairage public,Hors agglomération,Hors intersection,Pluie légère,Sans collision,,,,,,,,,,,3,1,1,2.0,7
201300002038,0013-03-05 18:30:00,13,3,5,18,30,530,147,,48.32087,-0.6202,Crépuscule ou aube,Hors agglomération,Hors intersection,Normale,Deux véhicules - frontale,,,,,,,,,,,2,1,1,1.0,1
201300002039,0013-03-09 16:45:00,13,3,9,16,45,530,122,,48.24853,-0.49303,Plein jour,Hors agglomération,Hors intersection,Normale,Deux véhicules - frontale,,,,,,,,,,,1,1,1,1.0,1
201300002040,0013-03-11 20:00:00,13,3,11,20,0,530,72,,48.25326,-0.62267,Nuit sans éclairage public,Hors agglomération,Hors intersection,Pluie forte,Autre collision,,,,,,,,,,,3,1,1,3.0,6
201300002041,0013-04-15 23:30:00,13,4,15,23,30,530,8,,48.33441,-0.54709,Nuit avec éclairage non allumé,Hors agglomération,Intersection en X,Normale,Deux véhicules - côté,,,,,,,,,,,4,1,2,1.0,3
201300002042,0013-06-16 04:30:00,13,6,16,4,30,530,216,,48.32783,-0.56133,Nuit sans éclairage public,Hors agglomération,Hors intersection,Normale,Autre collision,,,,,,,,,,,3,1,1,1.0,6
201300002043,0013-06-19 08:00:00,13,6,19,8,0,530,239,,48.21415,-0.23911,Plein jour,Hors agglomération,Hors intersection,Temps couvert,Autre collision,,,,,,,,,,,1,1,1,8.0,6
201300002044,0013-07-01 17:15:00,13,7,1,17,15,530,2,,48.22122,-0.76983,Plein jour,Hors agglomération,Intersection en X,Normale,Deux véhicules - côté,,,,,,,,,,,1,1,2,1.0,3
201300002045,0013-08-01 21:00:00,13,8,1,21,0,530,147,quai CARNOT,48.3028,-0.61755,Plein jour,En agglomération,Hors intersection,Normale,Deux véhicules - frontale,,,,,,,,,,,1,2,1,1.0,1
201300002046,0013-08-02 17:30:00,13,8,2,17,30,530,120,,48.22002,-0.27676,Plein jour,Hors agglomération,Hors intersection,Normale,Autre collision,,,,,,,,,,,1,1,1,1.0,6
201300002047,0013-08-21 08:00:00,13,8,21,8,0,530,147,,48.28877,-0.65298,Plein jour,Hors agglomération,Intersection en X,Normale,Deux véhicules - côté,,,,,,,,,,,1,1,2,1.0,3
201300002048,0013-10-19 23:45:00,13,10,19,23,45,530,122,30 rue henri barbe,48.25371,-0.49644,Nuit sans éclairage public,En agglomération,Hors intersection,Normale,Autre collision,,,,,,,,,,,3,2,1,1.0,6
201300002049,0013-10-26 10:30:00,13,10,26,10,30,530,174,,48.3219,-0.65774,Plein jour,Hors agglomération,Hors intersection,Normale,Deux véhicules - frontale,,,,,,,,,,,1,1,1,1.0,1
201300002050,0013-11-18 14:30:00,13,11,18,14,30,530,249,,48.23621,-0.16979,Plein jour,Hors agglomération,Hors intersection,Normale,Deux véhicules - frontale,,,,,,,,,,,1,1,1,1.0,1
201300002051,0013-01-15 09:15:00,13,1,15,9,15,530,269,,48.303,-0.84931,Nuit sans éclairage public,Hors agglomération,Hors intersection,Neige / grêle,Deux véhicules - frontale,,,,,,,,,,,3,1,1,4.0,1
201300002052,0013-05-25 14:45:00,13,5,25,14,45,530,211,,48.33998,-0.83223,Plein jour,Hors agglomération,Hors intersection,Normale,Autre collision,,,,,,,,,,,1,1,1,1.0,6
201300002053,0013-07-07 05:45:00,13,7,7,5,45,530,71,,48.37362,-0.82028,Plein jour,Hors agglomération,Hors intersection,Normale,Autre collision,,,,,,,,,,,1,1,1,1.0,6
201300002054,0013-09-13 15:00:00,13,9,13,15,0,530,126,,48.33921,-1.03213,Plein jour,Hors agglomération,Hors intersection,Pluie légère,Deux véhicules - frontale,,,,,,,,,,,1,1,1,2.0,1
201300002055,0013-03-29 17:45:00,13,3,29,17,45,530,176,,48.41697,-0.67287,Plein jour,Hors agglomération,Hors intersection,Normale,Autre collision,,,,,,,,,,,1,1,1,1.0,6
201300002056,0013-07-04 14:45:00,13,7,4,14,45,530,216,,48.33007,-0.55637,Plein jour,Hors agglomération,Hors intersection,Temps éblouissant,Deux véhicules - frontale,,,,,,,,,,,1,1,1,7.0,1
201300002057,0013-11-22 09:00:00,13,11,22,9,0,530,112,,48.37653,-0.36597,Plein jour,Hors agglomération,Intersection en T,Temps couvert,Deux véhicules - frontale,,,,,,,,,,,1,1,3,8.0,1
201300002058,0013-01-17 02:30:00,13,1,17,2,30,530,121,,48.41338,-0.35188,Nuit sans éclairage public,Hors agglomération,Hors intersection,Normale,Autre collision,,,,,,,,,,,3,1,1,1.0,6
201300002059,0013-03-08 17:00:00,13,3,8,17,0,530,246,,48.38324,-0.13886,Plein jour,Hors agglomération,Hors intersection,Normale,Deux véhicules - frontale,,,,,,,,,,,1,1,1,1.0,1
201300002060,0013-04-19 13:00:00,13,4,19,13,0,530,185,1 rue Aristide BRIAND,48.46168,-0.19361,Plein jour,En agglomération,Hors intersection,Normale,Deux véhicules - côté,,,,,,,,,,,1,2,1,1.0,3
201300002061,0013-05-03 15:00:00,13,5,3,15,0,530,271,1 rue des ecoles,48.34587,-0.28619,Plein jour,En agglomération,Hors intersection,Normale,Deux véhicules - côté,,,,,,,,,,,1,2,1,1.0,3
201300002062,0013-08-30 10:45:00,13,8,30,10,45,530,246,,48.3881,-0.13287,Plein jour,Hors agglomération,Hors intersection,Normale,Deux véhicules - frontale,,,,,,,,,,,1,1,1,1.0,1
201300002063,0013-12-22 16:00:00,13,12,22,16,0,10,283,"09, VANDEL",,,Plein jour,En agglomération,Hors intersection,Normale,Autre collision,,,,,,,,,,,1,2,1,1.0,6
201300002064,0013-01-14 07:40:00,13,1,14,7,40,10,283,"29, NICOD (RUE DU 0 AU 2",,,Nuit sans éclairage public,En agglomération,Intersection en X,Autre,Autre collision,,,,,,,,,,,3,2,2,9.0,6
201300002065,0013-02-18 13:20:00,13,2,18,13,20,10,283,"5, COURTELINE",,,Plein jour,En agglomération,Hors intersection,Normale,Sans collision,,,,,,,,,,,1,2,1,1.0,7
201300002066,0013-03-01 21:45:00,13,3,1,21,45,10,14,"100, GENERAL ANDREA (RUE",46.2928,5.67733,Nuit avec éclairage allumé,En agglomération,Giratoire,Normale,Autre collision,,,,,,,,,,,5,2,6,1.0,6
201300002067,0013-03-19 08:35:00,13,3,19,8,35,10,31,HUGO ( AVENUE VICTOR ),,,Crépuscule ou aube,En agglomération,Intersection en X,Normale,Deux véhicules - arrière,,,,,,,,,,,2,2,2,1.0,2
201300002068,0013-04-01 16:00:00,13,4,1,16,0,10,14,"901, POINT B (RUE DU)",46.2851,5.66218,Plein jour,En agglomération,Giratoire,Normale,Deux véhicules - côté,,,,,,,,,,,1,2,6,1.0,3
201300002069,0013-04-04 00:15:00,13,4,4,0,15,10,283,"61, FORGE (ROUTE DE LA)",46.2543,5.63716,Nuit avec éclairage allumé,En agglomération,Giratoire,Normale,Sans collision,,,,,,,,,,,5,2,6,1.0,7
201300002070,0013-04-11 19:00:00,13,4,11,19,0,10,283,"11, VANDEL",,,Plein jour,En agglomération,Intersection en T,Normale,Autre collision,,,,,,,,,,,1,2,3,1.0,6
201300002071,0013-04-24 19:00:00,13,4,24,19,0,10,283,"0, CLEMENT (RUE J.BAPTIS",,,Plein jour,En agglomération,Intersection en T,Normale,Autre collision,,,,,,,,,,,1,2,3,1.0,6
201300002072,0013-05-27 13:10:00,13,5,27,13,10,10,283,"40, CASTELLION",46.2506,5.64871,Plein jour,En agglomération,Hors intersection,Normale,Autre collision,,,,,,,,,,,1,2,1,1.0,6
201300002073,0013-05-24 17:05:00,13,5,24,17,5,10,283,"52, BRILLAT SAVARIN",,,Plein jour,En agglomération,Hors intersection,Normale,Autre collision,,,,,,,,,,,1,2,1,1.0,6
201300002074,0013-06-08 12:00:00,13,6,8,12,0,10,283,"0, VERDUN (COURS DE DU 5",,,Plein jour,En agglomération,Intersection en T,Normale,Deux véhicules - côté,,,,,,,,,,,1,2,3,1.0,3
201300002075,0013-06-15 19:30:00,13,6,15,19,30,10,283,"1, CD 31",46.2683,5.65989,Plein jour,Hors agglomération,Hors intersection,Normale,Deux véhicules - frontale,,,,,,,,,,,1,1,1,1.0,1
201300002076,0013-09-28 05:20:00,13,9,28,5,20,10,283,"7, COURTELINE",,,Nuit avec éclairage allumé,En agglomération,Autre intersection,Normale,Autre collision,,,,,,,,,,,5,2,9,1.0,6
201300002077,0013-10-04 16:35:00,13,10,4,16,35,10,283,CASTELLION,,,Plein jour,En agglomération,Giratoire,Normale,Deux véhicules - côté,,,,,,,,,,,1,2,6,1.0,3
201300002078,0013-10-11 16:35:00,13,10,11,16,35,10,283,VAUGELAS (RUE PAS DE N?,,,Plein jour,En agglomération,Hors intersection,Normale,Autre collision,,,,,,,,,,,1,2,1,1.0,6
201300002079,0013-10-28 18:00:00,13,10,28,18,0,10,283,"12, CLEMENCEAU (RUE G. D",,,Nuit sans éclairage public,En agglomération,Hors intersection,Pluie forte,Autre collision,,,,,,,,,,,3,2,1,3.0,6
201300002080,0013-11-28 18:25:00,13,11,28,18,25,10,283,NORMANDIE NIEMEN (AVENUE,,,Nuit avec éclairage allumé,En agglomération,Hors intersection,Normale,Autre collision,,,,,,,,,,,5,2,1,1.0,6
201300002081,0013-12-07 09:05:00,13,12,7,9,5,10,14,DORTAN (ROUTE DE),,,Plein jour,Hors agglomération,Hors intersection,Temps éblouissant,Trois véhicules et plus - collisions multiples,,,,,,,,,,,1,1,1,7.0,5
201300002082,0013-12-05 21:45:00,13,12,5,21,45,10,283,"26, JAURES(AVENUE JEAN)",,,Nuit avec éclairage allumé,En agglomération,Hors intersection,Normale,Deux véhicules - frontale,,,,,,,,,,,5,2,1,1.0,1
201300002083,0013-06-14 06:45:00,13,6,14,6,45,720,269,Rue Fernand Poignant,,,Plein jour,En agglomération,Hors intersection,Normale,Deux véhicules - côté,,,,,,,,,,,1,2,1,1.0,3
201300002084,0013-09-09 13:30:00,13,9,9,13,30,720,269,,,,Plein jour,Hors agglomération,Hors intersection,Pluie légère,Deux véhicules - frontale,,,,,,,,,,,1,1,1,2.0,1
201300002085,0013-12-11 03:00:00,13,12,11,3,0,720,303,,48.019,0.582,Nuit sans éclairage public,Hors agglomération,Hors intersection,Autre,Autre collision,,,,,,,,,,,3,1,1,9.0,6
201300002086,0013-01-12 11:15:00,13,1,12,11,15,720,224,,,,Plein jour,Hors agglomération,Hors intersection,Normale,Deux véhicules - frontale,,,,,,,,,,,1,1,1,1.0,1