accident_id,datetime,annee,mois,jour,heure,minute,departement,commune_insee,adresse,latitude,longitude,luminosite,agglomeration,intersection,meteo,collision,nb_vehicules,nb_usagers,nb_indemnes,nb_tues,nb_blesses_hosp,nb_blesses_legers,age_cond_1,age_cond_2,veh_type_cond_1,veh_type_cond_2,lum_code,agg_code,int_code,atm_code,col_code
201300002354,0013-09-25 15:30:00,13,9,25,15,30,850,12,LA FORTINIERE,,,Plein jour,Hors agglomération,Hors intersection,Normale,Deux véhicules - arrière,,,,,,,,,,,1,1,1,1.0,2
201300002355,0013-12-13 13:45:00,13,12,13,13,45,850,29,,,,Plein jour,Hors agglomération,Hors intersection,Normale,Deux véhicules - frontale,,,,,,,,,,,1,1,1,1.0,1
201300002356,0013-12-16 16:00:00,13,12,16,16,0,850,234,59 ROUTE DE LA PIBOLE,46.79674,-2.0316,Plein jour,Hors agglomération,Hors intersection,Temps éblouissant,Deux véhicules - arrière,,,,,,,,,,,1,1,1,7.0,2
201300002357,0013-02-23 20:30:00,13,2,23,20,30,850,26,LA POIRAUDIERE,,,Nuit sans éclairage public,Hors agglomération,Hors intersection,Normale,Trois véhicules et plus - collisions multiples,,,,,,,,,,,3,1,1,1.0,5
201300002358,0013-03-08 17:30:00,13,3,8,17,30,850,294,,46.35098,-1.4483,Plein jour,Hors agglomération,Hors intersection,Normale,Deux véhicules - frontale,,,,,,,,,,,1,1,1,1.0,1
201300002359,0013-04-20 17:00:00,13,4,20,17,0,850,307,61 AVENUE DE LA PLAGE,46.33253,-1.32347,Plein jour,En agglomération,Hors intersection,Normale,Autre collision,,,,,,,,,,,1,2,1,1.0,6
201300002360,0013-04-28 16:00:00,13,4,28,16,0,850,127,CHEMIN GRANDES PLANTES,46.4033,-1.50048,Plein jour,En agglomération,Hors intersection,Normale,Autre collision,,,,,,,,,,,1,2,1,1.0,6
201300002361,0013-05-18 19:45:00,13,5,18,19,45,850,288,AVENUE DE L'ATLANTIQUE,,,Plein jour,Hors agglomération,Hors intersection,Normale,Trois véhicules et plus - collisions multiples,,,,,,,,,,,1,1,1,1.0,5
201300002362,0013-05-27 13:15:00,13,5,27,13,15,850,10,L'ISABELLIERE,,,Plein jour,Hors agglomération,Hors intersection,Normale,Autre collision,,,,,,,,,,,1,1,1,1.0,6
201300002363,0013-06-19 18:15:00,13,6,19,18,15,850,26,RUE DE LA PETITE CROIX,46.5679,-1.45797,Plein jour,Hors agglomération,Hors intersection,Normale,Deux véhicules - frontale,,,,,,,,,,,1,1,1,1.0,1
201300002364,0013-07-01 10:45:00,13,7,1,10,45,850,127,4 BD DU 8 MAI 1945,46.42202,-1.49175,Plein jour,En agglomération,Hors intersection,Normale,Deux véhicules - côté,,,,,,,,,,,1,2,1,1.0,3
201300002365,0013-07-03 18:45:00,13,7,3,18,45,850,294,,,,Plein jour,Hors agglomération,Hors intersection,Normale,Deux véhicules - frontale,,,,,,,,,,,1,1,1,1.0,1
201300002366,0013-07-08 10:00:00,13,7,8,10,0,850,294,ROND-POINT DES JONCS,,,Plein jour,En agglomération,Giratoire,Normale,Autre collision,,,,,,,,,,,1,2,6,1.0,6
201300002367,0013-07-13 07:15:00,13,7,13,7,15,850,22,,,,Plein jour,Hors agglomération,Intersection en X,Normale,Deux véhicules - côté,,,,,,,,,,,1,1,2,1.0,3
201300002368,0013-08-15 23:45:00,13,8,15,23,45,850,288,AVENUE DU MOULIN,46.44861,-1.66887,Nuit avec éclairage allumé,En agglomération,Hors intersection,Normale,Autre collision,,,,,,,,,,,5,2,1,1.0,6
201300002369,0013-08-23 06:00:00,13,8,23,6,0,850,127,,,,Nuit sans éclairage public,Hors agglomération,Hors intersection,Brouillard / fumée,Autre collision,,,,,,,,,,,3,1,1,5.0,6
201300002370,0013-09-02 07:15:00,13,9,2,7,15,850,26,LE MOULIN CASSE,,,Crépuscule ou aube,Hors agglomération,Hors intersection,Normale,Deux véhicules - frontale,,,,,,,,,,,2,1,1,1.0,1
201300002371,0013-09-14 14:30:00,13,9,14,14,30,850,101,CHAMP DU CHENE,,,Plein jour,Hors agglomération,Intersection en X,Pluie forte,Deux véhicules - côté,,,,,,,,,,,1,1,2,3.0,3
201300002372,0013-09-29 17:45:00,13,9,29,17,45,850,294,RUE DU PHARE,46.3434,-1.4457,Crépuscule ou aube,En agglomération,Hors intersection,Temps éblouissant,Trois véhicules et plus - collisions multiples,,,,,,,,,,,2,2,1,7.0,5
201300002373,0013-10-17 18:15:00,13,10,17,18,15,850,288,LA MARZELLE,46.5067,-1.57881,Crépuscule ou aube,Hors agglomération,Hors intersection,Normale,Sans collision,,,,,,,,,,,2,1,1,1.0,7
201300002374,0013-12-21 05:15:00,13,12,21,5,15,850,103,LES BARBIERES,,,Crépuscule ou aube,Hors agglomération,Hors intersection,Normale,Deux véhicules - frontale,,,,,,,,,,,2,1,1,1.0,1
201300002375,0013-03-19 17:45:00,13,3,19,17,45,330,436,,,,Plein jour,Hors agglomération,Hors intersection,Normale,Deux véhicules - côté,,,,,,,,,,,1,1,1,1.0,3
201300002376,0013-04-14 17:15:00,13,4,14,17,15,330,436,,,,Plein jour,Hors agglomération,Hors intersection,Normale,Deux véhicules - côté,,,,,,,,,,,1,1,1,1.0,3
201300002377,0013-05-17 20:00:00,13,5,17,20,0,330,498,rue va au champ,44.554,-0.869,Crépuscule ou aube,En agglomération,Intersection en X,Pluie forte,Deux véhicules - côté,,,,,,,,,,,2,2,2,3.0,3
201300002378,0013-07-14 09:00:00,13,7,14,9,0,330,42,,44.528,-0.8,Plein jour,Hors agglomération,Hors intersection,Normale,Deux véhicules - frontale,,,,,,,,,,,1,1,1,1.0,1
201300002379,0013-08-04 16:15:00,13,8,4,16,15,330,29,Avenue des Pyr?n?es,,,Plein jour,En agglomération,Hors intersection,Normale,Deux véhicules - frontale,,,,,,,,,,,1,2,1,1.0,1
201300002380,0013-10-22 17:00:00,13,10,22,17,0,330,29,,,,Plein jour,Hors agglomération,Hors intersection,Pluie légère,Deux véhicules - frontale,,,,,,,,,,,1,1,1,2.0,1
201300002381,0013-01-26 18:15:00,13,1,26,18,15,330,19,rue de Bordeaux,44.696,-0.989,Plein jour,En agglomération,Hors intersection,Normale,Deux véhicules - côté,,,,,,,,,,,1,2,1,1.0,3
201300002382,0013-03-15 15:30:00,13,3,15,15,30,330,19,,44.684,-1.01,Plein jour,Hors agglomération,Hors intersection,Normale,Deux véhicules - arrière,,,,,,,,,,,1,1,1,1.0,2
201300002383,0013-03-24 19:45:00,13,3,24,19,45,330,555,,44.714,-0.822,Crépuscule ou aube,Hors agglomération,Hors intersection,Pluie légère,Sans collision,,,,,,,,,,,2,1,1,2.0,7
201300002384,0013-03-28 13:30:00,13,3,28,13,30,330,284,,44.603,-0.939,Plein jour,Hors agglomération,Hors intersection,Normale,Deux véhicules - arrière,,,,,,,,,,,1,1,1,1.0,2
201300002385,0013-04-14 22:30:00,13,4,14,22,30,330,284,,44.562,-0.981,Nuit sans éclairage public,Hors agglomération,Hors intersection,Normale,Deux véhicules - frontale,,,,,,,,,,,3,1,1,1.0,1
201300002386,0013-04-13 11:30:00,13,4,13,11,30,330,555,,44.714,-0.823,Plein jour,Hors agglomération,Hors intersection,Normale,Autre collision,,,,,,,,,,,1,1,1,1.0,6
201300002387,0013-07-11 17:00:00,13,7,11,17,0,330,19,37 rue ernest de boissie,44.692,-1.01899,Plein jour,En agglomération,Hors intersection,Normale,Deux véhicules - frontale,,,,,,,,,,,1,2,1,1.0,1
201300002388,0013-12-16 18:00:00,13,12,16,18,0,330,284,RUE DE TESTAROUCH,,,Nuit avec éclairage allumé,En agglomération,Hors intersection,Normale,Autre collision,,,,,,,,,,,5,2,1,1.0,6
201300002389,0013-03-02 11:15:00,13,3,2,11,15,330,56,rue jeanne d'arc,,,Plein jour,En agglomération,Hors intersection,Normale,Autre collision,,,,,,,,,,,1,2,1,1.0,6
201300002390,0013-03-16 18:00:00,13,3,16,18,0,330,56,,,,Plein jour,Hors agglomération,Hors intersection,Pluie légère,Autre collision,,,,,,,,,,,1,1,1,2.0,6
201300002391,0013-04-06 00:30:00,13,4,6,0,30,330,519,,,,Nuit sans éclairage public,Hors agglomération,Hors intersection,Normale,Deux véhicules - côté,,,,,,,,,,,3,1,1,1.0,3
201300002392,0013-04-24 18:45:00,13,4,24,18,45,330,519,49 Rue du stade,,,Plein jour,En agglomération,Hors intersection,Normale,Deux véhicules - frontale,,,,,,,,,,,1,2,1,1.0,1
201300002393,0013-09-27 07:00:00,13,9,27,7,0,330,519,,,,Crépuscule ou aube,Hors agglomération,Intersection en X,Normale,Deux véhicules - côté,,,,,,,,,,,2,1,2,1.0,3
201300002394,0013-10-08 09:00:00,13,10,8,9,0,330,519,13 avenue de la boetie,,,Plein jour,En agglomération,Hors intersection,Temps éblouissant,Autre collision,,,,,,,,,,,1,2,1,7.0,6
201300002395,0013-10-21 08:15:00,13,10,21,8,15,330,56,rue de guyenne,,,Plein jour,En agglomération,Hors intersection,Normale,Autre collision,,,,,,,,,,,1,2,1,1.0,6
201300002396,0013-11-19 13:00:00,13,11,19,13,0,330,56,,,,Plein jour,Hors agglomération,Hors intersection,Pluie légère,Deux véhicules - frontale,,,,,,,,,,,1,1,1,2.0,1
201300002397,0013-04-29 09:30:00,13,4,29,9,30,330,236,,,,Plein jour,Hors agglomération,Hors intersection,Normale,Deux véhicules - frontale,,,,,,,,,,,1,1,1,1.0,1
201300002398,0013-05-04 06:00:00,13,5,4,6,0,330,11,76 avenue Gnl de Gaulle,,,Nuit avec éclairage allumé,En agglomération,Hors intersection,Brouillard / fumée,Autre collision,,,,,,,,,,,5,2,1,5.0,6
201300002399,0013-05-26 12:30:00,13,5,26,12,30,330,236,"int. D106, rte truc vert",,,Plein jour,En agglomération,Hors intersection,Normale,Deux véhicules - côté,,,,,,,,,,,1,2,1,1.0,3
201300002400,0013-06-27 08:30:00,13,6,27,8,30,330,236,ROUTE DU CAP FERRET,,,Plein jour,En agglomération,Hors intersection,Normale,Deux véhicules - côté,,,,,,,,,,,1,2,1,1.0,3
201300002401,0013-07-15 02:30:00,13,7,15,2,30,330,236,,,,Nuit avec éclairage allumé,Hors agglomération,Hors intersection,Normale,Deux véhicules - frontale,,,,,,,,,,,5,1,1,1.0,1
201300002402,0013-12-26 09:45:00,13,12,26,9,45,330,236,,44.735,-1.196,Plein jour,Hors agglomération,Hors intersection,Pluie forte,Autre collision,,,,,,,,,,,1,1,1,3.0,6
201300002403,0013-07-06 15:00:00,13,7,6,15,0,330,422,691 avenue du las,,,Plein jour,En agglomération,Hors intersection,Normale,Trois véhicules et plus - collisions multiples,,,,,,,,,,,1,2,1,1.0,5
201300002404,0013-03-28 17:45:00,13,3,28,17,45,330,449,,,,Plein jour,Hors agglomération,Hors intersection,Normale,Deux véhicules - frontale,,,,,,,,,,,1,1,1,1.0,1
201300002405,0013-04-14 17:45:00,13,4,14,17,45,330,449,avenue Descartes,,,Plein jour,En agglomération,Hors intersection,Normale,Deux véhicules - frontale,,,,,,,,,,,1,2,1,1.0,1
201300002406,0013-05-28 16:30:00,13,5,28,16,30,330,449,RUE CLEMENT DESSALLES,,,Plein jour,En agglomération,Hors intersection,Normale,Deux véhicules - côté,,,,,,,,,,,1,2,1,1.0,3
201300002407,0013-06-02 04:45:00,13,6,2,4,45,330,376,,,,Nuit sans éclairage public,Hors agglomération,Hors intersection,Normale,Deux véhicules - frontale,,,,,,,,,,,3,1,1,1.0,1
201300002408,0013-06-16 10:45:00,13,6,16,10,45,330,449,avenue descartes,,,Plein jour,En agglomération,Hors intersection,Normale,Deux véhicules - frontale,,,,,,,,,,,1,2,1,1.0,1
201300002409,0013-06-24 15:30:00,13,6,24,15,30,330,449,,,,Plein jour,Hors agglomération,Intersection en T,Normale,Deux véhicules - côté,,,,,,,,,,,1,1,3,1.0,3
201300002410,0013-07-05 10:30:00,13,7,5,10,30,330,449,RUE PAUL BERNIARD,,,Plein jour,En agglomération,Hors intersection,Normale,Deux véhicules - frontale,,,,,,,,,,,1,2,1,1.0,1
201300002411,0013-08-14 13:15:00,13,8,14,13,15,330,449,CHEMIN LAFON,,,Plein jour,En agglomération,Hors intersection,Normale,Deux véhicules - côté,,,,,,,,,,,1,2,1,1.0,3
201300002412,0013-10-09 00:30:00,13,10,9,0,30,330,376,,,,Nuit avec éclairage allumé,En agglomération,Hors intersection,Normale,Autre collision,,,,,,,,,,,5,2,1,1.0,6
201300002413,0013-11-23 10:00:00,13,11,23,10,0,330,449,avenue de capeyron,,,Plein jour,En agglomération,Intersection en X,Normale,Deux véhicules - côté,,,,,,,,,,,1,2,2,1.0,3
201300002414,0013-06-26 07:30:00,13,6,26,7,30,330,47,,,,Plein jour,Hors agglomération,Hors intersection,Normale,Deux véhicules - frontale,,,,,,,,,,,1,1,1,1.0,1
201300002415,0013-07-08 15:30:00,13,7,8,15,30,330,47,,45.127,-0.579,Plein jour,Hors agglomération,Hors intersection,Normale,Trois véhicules et plus - collisions multiples,,,,,,,,,,,1,1,1,1.0,5
201300002416,0013-07-19 12:30:00,13,7,19,12,30,330,47,,45.127,-0.582,Plein jour,Hors agglomération,Hors intersection,Normale,Trois véhicules et plus - collisions multiples,,,,,,,,,,,1,1,1,1.0,5
201300002417,0013-04-01 16:00:00,13,4,1,16,0,330,67,,,,Plein jour,Hors agglomération,Hors intersection,Normale,Deux véhicules - frontale,,,,,,,,,,,1,1,1,1.0,1
201300002418,0013-05-14 17:45:00,13,5,14,17,45,330,551,,45.084,-0.635,Plein jour,Hors agglomération,Intersection en X,Normale,Deux véhicules - frontale,,,,,,,,,,,1,1,2,1.0,1
201300002419,0013-10-25 18:15:00,13,10,25,18,15,330,228,,,,Nuit sans éclairage public,Hors agglomération,Hors intersection,Pluie forte,Autre collision,,,,,,,,,,,3,1,1,3.0,6
201300002420,0013-10-28 18:00:00,13,10,28,18,0,330,530,,,,Nuit sans éclairage public,Hors agglomération,Intersection en X,Pluie légère,Deux véhicules - arrière,,,,,,,,,,,3,1,2,2.0,2
201300002421,0013-12-07 08:00:00,13,12,7,8,0,330,500,,45.074,-0.568,Nuit sans éclairage public,Hors agglomération,Hors intersection,Normale,Autre collision,,,,,,,,,,,3,1,1,1.0,6
201300002422,0013-12-12 12:15:00,13,12,12,12,15,330,67,All?es Fran?ois Daleau,,,Plein jour,En agglomération,Hors intersection,Normale,Autre collision,,,,,,,,,,,1,2,1,1.0,6
201300002423,0013-01-08 02:15:00,13,1,8,2,15,330,389,30 av de la R?publique,,,Nuit avec éclairage allumé,En agglomération,Hors intersection,Pluie légère,Autre collision,,,,,,,,,,,5,2,1,2.0,6
201300002424,0013-03-18 11:00:00,13,3,18,11,0,330,389,AVENUE DE LA REPUBLIQUE,45.293,-0.609,Plein jour,En agglomération,Hors intersection,Normale,Deux véhicules - frontale,,,,,,,,,,,1,2,1,1.0,1
201300002425,0013-03-30 18:30:00,13,3,30,18,30,330,389,Rue Antoine Saint Exup?r,,,Plein jour,En agglomération,Hors intersection,Normale,Deux véhicules - frontale,,,,,,,,,,,1,2,1,1.0,1
201300002426,0013-05-13 01:00:00,13,5,13,1,0,330,389,,45.266,-0.628,Nuit sans éclairage public,Hors agglomération,Autre intersection,Normale,Autre collision,,,,,,,,,,,3,1,9,1.0,6
201300002427,0013-05-28 08:00:00,13,5,28,8,0,330,380,,45.293,-0.567,Plein jour,Hors agglomération,Hors intersection,Normale,Deux véhicules - côté,,,,,,,,,,,1,1,1,1.0,3
201300002428,0013-10-10 18:30:00,13,10,10,18,30,330,267,1 La Cafourche,45.274,-0.516,Plein jour,En agglomération,Hors intersection,Normale,Deux véhicules - côté,,,,,,,,,,,1,2,1,1.0,3
201300002429,0013-11-21 21:15:00,13,11,21,21,15,330,389,,,,Nuit sans éclairage public,Hors agglomération,Hors intersection,Normale,Autre collision,,,,,,,,,,,3,1,1,1.0,6
201300002430,0013-02-02 09:00:00,13,2,2,9,0,330,473,,45.139,-0.485,Plein jour,Hors agglomération,Hors intersection,Autre,Autre collision,,,,,,,,,,,1,1,1,9.0,6
201300002431,0013-02-21 11:15:00,13,2,21,11,15,330,126,,45.112,-0.461,Plein jour,Hors agglomération,Intersection en Y,Normale,Deux véhicules - frontale,,,,,,,,,,,1,1,4,1.0,1
201300002432,0013-05-14 23:15:00,13,5,14,23,15,330,439,,45.113,-0.396,Nuit sans éclairage public,Hors agglomération,Hors intersection,Pluie légère,Autre collision,,,,,,,,,,,3,1,1,2.0,6
201300002433,0013-05-26 15:45:00,13,5,26,15,45,330,439,,45.139,-0.423,Plein jour,Hors agglomération,Hors intersection,Normale,Autre collision,,,,,,,,,,,1,1,1,1.0,6
201300002434,0013-06-27 19:30:00,13,6,27,19,30,330,114,,45.096,-0.399,Plein jour,Hors agglomération,Hors intersection,Normale,Autre collision,,,,,,,,,,,1,1,1,1.0,6
201300002435,0013-07-12 16:30:00,13,7,12,16,30,330,382,,45.151,-0.478,Plein jour,Hors agglomération,Hors intersection,Normale,Deux véhicules - frontale,,,,,,,,,,,1,1,1,1.0,1
201300002436,0013-08-01 06:30:00,13,8,1,6,30,330,233,,45.15,-0.357,Crépuscule ou aube,Hors agglomération,Hors intersection,Normale,Sans collision,,,,,,,,,,,2,1,1,1.0,7
201300002437,0013-08-12 18:45:00,13,8,12,18,45,330,473,,45.095,-0.398,Plein jour,Hors agglomération,Hors intersection,Normale,Sans collision,,,,,,,,,,,1,1,1,1.0,7
201300002438,0013-08-26 15:15:00,13,8,26,15,15,330,439,,45.119,-0.416,Plein jour,Hors agglomération,Hors intersection,Normale,Deux véhicules - frontale,,,,,,,,,,,1,1,1,1.0,1
201300002439,0013-09-04 14:00:00,13,9,4,14,0,330,151,,45.256,-0.484,Plein jour,Hors agglomération,Hors intersection,Normale,Autre collision,,,,,,,,,,,1,1,1,1.0,6
201300002440,0013-09-18 16:30:00,13,9,18,16,30,330,473,,,,Plein jour,Hors agglomération,Hors intersection,Normale,Autre collision,,,,,,,,,,,1,1,1,1.0,6
201300002441,0013-09-27 16:45:00,13,9,27,16,45,330,126,,45.117,-0.46,Plein jour,Hors agglomération,Hors intersection,Normale,Deux véhicules - côté,,,,,,,,,,,1,1,1,1.0,3
201300002442,0013-10-03 18:45:00,13,10,3,18,45,330,492,,45.143,-0.427,Plein jour,Hors agglomération,Intersection en X,Normale,Deux véhicules - côté,,,,,,,,,,,1,1,2,1.0,3
201300002443,0013-10-28 20:45:00,13,10,28,20,45,330,151,,45.214,-0.418,Nuit sans éclairage public,Hors agglomération,Hors intersection,Normale,Autre collision,,,,,,,,,,,3,1,1,1.0,6
201300002444,0013-10-16 10:30:00,13,10,16,10,30,330,473,,45.163,-0.449,Plein jour,Hors agglomération,Hors intersection,Normale,Deux véhicules - côté,,,,,,,,,,,1,1,1,1.0,3
201300002445,0013-11-21 18:15:00,13,11,21,18,15,330,114,CD249,45.098,-0.391,Nuit avec éclairage allumé,En agglomération,Hors intersection,Pluie légère,Autre collision,,,,,,,,,,,5,2,1,2.0,6
201300002446,0013-12-20 15:00:00,13,12,20,15,0,330,123,,,,Plein jour,Hors agglomération,Hors intersection,Normale,Autre collision,,,,,,,,,,,1,1,1,1.0,6
201300002447,0013-01-11 06:45:00,13,1,11,6,45,330,433,,,,Nuit avec éclairage allumé,Hors agglomération,Hors intersection,Temps couvert,Deux véhicules - arrière,,,,,,,,,,,5,1,1,8.0,2
201300002448,0013-06-19 12:45:00,13,6,19,12,45,330,3,,,,Plein jour,Hors agglomération,Hors intersection,Normale,Deux véhicules - frontale,,,,,,,,,,,1,1,1,1.0,1
201300002449,0013-10-23 20:00:00,13,10,23,20,0,330,4,,,,Nuit sans éclairage public,Hors agglomération,Hors intersection,Temps couvert,Autre collision,,,,,,,,,,,3,1,1,8.0,6
201300002450,0013-03-24 02:15:00,13,3,24,2,15,330,293,,,,Nuit sans éclairage public,Hors agglomération,Hors intersection,Normale,Deux véhicules - arrière,,,,,,,,,,,3,1,1,1.0,2
201300002451,0013-09-04 07:30:00,13,9,4,7,30,330,554,AV DES TABERNOTTES D115,,,Plein jour,En agglomération,Intersection en T,Normale,Deux véhicules - côté,,,,,,,,,,,1,2,3,1.0,3
201300002452,0013-09-24 07:45:00,13,9,24,7,45,330,483,43 route de Cameyrac,,,Plein jour,En agglomération,Hors intersection,Normale,Deux véhicules - côté,,,,,,,,,,,1,2,1,1.0,3
201300002453,0013-10-11 20:00:00,13,10,11,20,0,330,397,,,,Nuit sans éclairage public,Hors agglomération,Giratoire,Normale,Deux véhicules - côté,,,,,,,,,,,3,1,6,1.0,3
201300002454,0013-10-20 11:30:00,13,10,20,11,30,330,397,,,,Plein jour,En agglomération,Hors intersection,Normale,Autre collision,,,,,,,,,,,1,2,1,1.0,6
201300002455,0013-02-20 13:45:00,13,2,20,13,45,330,454,lieu dit La Cassagne,,,Plein jour,En agglomération,Hors intersection,Normale,Deux véhicules - côté,,,,,,,,,,,1,2,1,1.0,3
201300002456,0013-03-31 14:45:00,13,3,31,14,45,330,109,,44.697,-0.452,Plein jour,Hors agglomération,Hors intersection,Normale,Autre collision,,,,,,,,,,,1,1,1,1.0,6
201300002457,0013-04-19 16:00:00,13,4,19,16,0,330,37,,44.701,-0.462,Plein jour,Hors agglomération,Hors intersection,Normale,Autre collision,,,,,,,,,,,1,1,1,1.0,6
201300002458,0013-05-29 15:45:00,13,5,29,15,45,330,109,,44.647,-0.526,Plein jour,Hors agglomération,Hors intersection,Temps couvert,Autre collision,,,,,,,,,,,1,1,1,8.0,6
201300002459,0013-07-02 06:00:00,13,7,2,6,0,330,474,27 ROUTE DES GRAVES,44.691,-0.482,Crépuscule ou aube,En agglomération,Hors intersection,Normale,Autre collision,,,,,,,,,,,2,2,1,1.0,6
201300002460,0013-09-09 18:15:00,13,9,9,18,15,330,213,,,,Plein jour,Hors agglomération,Hors intersection,Normale,Deux véhicules - frontale,,,,,,,,,,,1,1,1,1.0,1
201300002461,0013-03-08 02:30:00,13,3,8,2,30,330,505,46 RUE ST JEAN,,,Nuit avec éclairage allumé,En agglomération,Hors intersection,Pluie forte,Deux véhicules - côté,,,,,,,,,,,5,2,1,3.0,3
201300002462,0013-04-24 08:15:00,13,4,24,8,15,330,140,AVENUE SUZANNE SALVET,,,Plein jour,En agglomération,Hors intersection,Temps éblouissant,Autre collision,,,,,,,,,,,1,2,1,7.0,6
201300002463,0013-07-31 09:15:00,13,7,31,9,15,330,311,CD10 route de cadillac,,,Plein jour,En agglomération,Hors intersection,Normale,Deux véhicules - frontale,,,,,,,,,,,1,2,1,1.0,1
201300002464,0013-08-20 22:00:00,13,8,20,22,0,330,83,12 route de bergerac,,,Nuit avec éclairage allumé,En agglomération,Hors intersection,Normale,Deux véhicules - côté,,,,,,,,,,,5,2,1,1.0,3
201300002465,0013-10-06 15:15:00,13,10,6,15,15,330,93,,,,Plein jour,Hors agglomération,Hors intersection,Normale,Autre collision,,,,,,,,,,,1,1,1,1.0,6
201300002466,0013-02-09 06:45:00,13,2,9,6,45,330,496,,,,Plein jour,Hors agglomération,Hors intersection,Autre,Autre collision,,,,,,,,,,,1,1,1,9.0,6
201300002467,0013-10-25 03:30:00,13,10,25,3,30,330,330,"05, chemin de Bellevue",,,Nuit avec éclairage allumé,En agglomération,Hors intersection,Normale,Autre collision,,,,,,,,,,,5,2,1,1.0,6
201300002468,0013-11-07 21:00:00,13,11,7,21,0,330,535,1 chemin de petrus,,,Nuit avec éclairage allumé,En agglomération,Hors intersection,Temps couvert,Autre collision,,,,,,,,,,,5,2,1,8.0,6
201300002469,0013-11-17 03:30:00,13,11,17,3,30,330,535,Av Branne Rd Pt M?lac,,,Nuit avec éclairage allumé,En agglomération,Giratoire,Normale,Autre collision,,,,,,,,,,,5,2,6,1.0,6
201300002470,0013-10-06 12:15:00,13,10,6,12,15,330,238,19 AVENUE DE BORDEAUX,,,Plein jour,En agglomération,Hors intersection,Normale,Trois véhicules et plus - collisions multiples,,,,,,,,,,,1,2,1,1.0,5
201300002471,0013-12-08 05:15:00,13,12,8,5,15,330,80,,,,Nuit sans éclairage public,Hors agglomération,Hors intersection,Normale,Deux véhicules - frontale,,,,,,,,,,,3,1,1,1.0,1
201300002472,0013-12-15 08:45:00,13,12,15,8,45,330,80,Avenue de TOULOUSE,,,Plein jour,En agglomération,Hors intersection,Temps éblouissant,Deux véhicules - arrière,,,,,,,,,,,1,2,1,7.0,2
201300002473,0013-01-25 17:00:00,13,1,25,17,0,330,343,,,,Plein jour,Hors agglomération,Hors intersection,Normale,Deux véhicules - arrière,,,,,,,,,,,1,1,1,1.0,2
201300002474,0013-01-27 12:45:00,13,1,27,12,45,330,98,,,,Plein jour,Hors agglomération,Hors intersection,Pluie légère,Deux véhicules - côté,,,,,,,,,,,1,1,1,2.0,3
201300002475,0013-02-17 02:15:00,13,2,17,2,15,330,334,40 route des Graves,,,Nuit avec éclairage allumé,En agglomération,Hors intersection,Normale,Autre collision,,,,,,,,,,,5,2,1,1.0,6
201300002476,0013-04-27 02:15:00,13,4,27,2,15,330,81,ROUTE DE BRANNE,,,Nuit avec éclairage allumé,En agglomération,Hors intersection,Normale,Autre collision,,,,,,,,,,,5,2,1,1.0,6
201300002477,0013-06-03 06:30:00,13,6,3,6,30,330,334,,,,Plein jour,Hors agglomération,Intersection en X,Normale,Deux véhicules - côté,,,,,,,,,,,1,1,2,1.0,3
201300002478,0013-07-11 22:45:00,13,7,11,22,45,330,30,,,,Nuit sans éclairage public,Hors agglomération,Hors intersection,Normale,Deux véhicules - frontale,,,,,,,,,,,3,1,1,1.0,1
201300002479,0013-07-23 03:45:00,13,7,23,3,45,330,30,,,,Nuit sans éclairage public,Hors agglomération,Hors intersection,Normale,Autre collision,,,,,,,,,,,3,1,1,1.0,6
201300002480,0013-09-21 07:15:00,13,9,21,7,15,330,355,rd10 le stade,44.672,-0.349,Crépuscule ou aube,En agglomération,Hors intersection,Brouillard / fumée,Autre collision,,,,,,,,,,,2,2,1,5.0,6
201300002481,0013-12-21 09:00:00,13,12,21,9,0,330,81,30 route de branne,44.638,-0.308,Plein jour,En agglomération,Hors intersection,Temps couvert,Autre collision,,,,,,,,,,,1,2,1,8.0,6
201300002482,0013-01-25 11:30:00,13,1,25,11,30,330,415,,,,Plein jour,Hors agglomération,Hors intersection,Normale,Deux véhicules - frontale,,,,,,,,,,,1,1,1,1.0,1
201300002483,0013-03-08 10:30:00,13,3,8,10,30,330,366,,,,Plein jour,En agglomération,Place,Normale,Autre collision,,,,,,,,,,,1,2,7,1.0,6
201300002484,0013-04-29 14:30:00,13,4,29,14,30,330,143,,,,Plein jour,Hors agglomération,Hors intersection,Normale,Sans collision,,,,,,,,,,,1,1,1,1.0,7
201300002485,0013-07-26 18:30:00,13,7,26,18,30,330,366,rue dantagnan,,,Plein jour,En agglomération,Hors intersection,Normale,Deux véhicules - côté,,,,,,,,,,,1,2,1,1.0,3
201300002486,0013-07-24 08:00:00,13,7,24,8,0,330,366,route du Bouilh,,,Plein jour,En agglomération,Hors intersection,Normale,Deux véhicules - côté,,,,,,,,,,,1,2,1,1.0,3