accident_id,datetime,annee,mois,jour,heure,minute,departement,commune_insee,adresse,latitude,longitude,luminosite,agglomeration,intersection,meteo,collision,nb_vehicules,nb_usagers,nb_indemnes,nb_tues,nb_blesses_hosp,nb_blesses_legers,age_cond_1,age_cond_2,veh_type_cond_1,veh_type_cond_2,lum_code,agg_code,int_code,atm_code,col_code
201300002625,0013-10-12 14:30:00,13,10,12,14,30,240,484,LES TAUPINIES,45.0959,0.84152,Plein jour,Hors agglomération,Hors intersection,Pluie légère,Sans collision,,,,,,,,,,,1,1,1,2.0,7
201300002626,0013-01-23 17:00:00,13,1,23,17,0,240,10,LA CH?TAIGNERAIE,45.1687,0.61194,Crépuscule ou aube,Hors agglomération,Hors intersection,Temps couvert,Autre collision,,,,,,,,,,,2,1,1,8.0,6
201300002627,0013-02-11 17:45:00,13,2,11,17,45,240,266,ROUTE DE RIB?RAC,45.2256,0.5593,Crépuscule ou aube,Hors agglomération,Hors intersection,Pluie forte,Deux véhicules - frontale,,,,,,,,,,,2,1,1,3.0,1
201300002628,0013-05-09 16:15:00,13,5,9,16,15,240,552,ROUTE DU MOULIN,45.1277,0.63365,Plein jour,Hors agglomération,Hors intersection,Pluie forte,Deux véhicules - côté,,,,,,,,,,,1,1,1,3.0,3
201300002629,0013-05-26 11:00:00,13,5,26,11,0,240,266,LA CROIX BLANCHE,45.2213,0.55363,Plein jour,En agglomération,Intersection en T,Normale,Deux véhicules - frontale,,,,,,,,,,,1,2,3,1.0,1
201300002630,0013-10-08 18:00:00,13,10,8,18,0,240,372,LA BASSE VAURE,45.1315,0.50739,Plein jour,Hors agglomération,Hors intersection,Normale,Deux véhicules - arrière,,,,,,,,,,,1,1,1,1.0,2
201300002631,0013-12-09 16:45:00,13,12,9,16,45,240,266,LES JARTHES,45.2227,0.55653,Plein jour,En agglomération,Hors intersection,Temps éblouissant,Deux véhicules - arrière,,,,,,,,,,,1,2,1,7.0,2
201300002632,0013-04-02 20:45:00,13,4,2,20,45,240,302,,45.21161,1.157,Nuit sans éclairage public,Hors agglomération,Hors intersection,Normale,Autre collision,,,,,,,,,,,3,1,1,1.0,6
201300002633,0013-05-08 11:30:00,13,5,8,11,30,240,540,,45.2751,0.86155,Plein jour,Hors agglomération,Hors intersection,Normale,Deux véhicules - côté,,,,,,,,,,,1,1,1,1.0,3
201300002634,0013-08-28 16:30:00,13,8,28,16,30,240,401,LES BIARDONNAS,45.2374,1.03106,Plein jour,Hors agglomération,Hors intersection,Normale,Autre collision,,,,,,,,,,,1,1,1,1.0,6
201300002635,0013-04-14 06:45:00,13,4,14,6,45,240,340,PEYMILOU,44.8854,0.40978,Plein jour,Hors agglomération,Hors intersection,Normale,Autre collision,,,,,,,,,,,1,1,1,1.0,6
201300002636,0013-06-22 17:00:00,13,6,22,17,0,240,182,LE MAINE,44.8769,0.24017,Plein jour,Hors agglomération,Hors intersection,Normale,Deux véhicules - frontale,,,,,,,,,,,1,1,1,1.0,1
201300002637,0013-08-01 01:00:00,13,8,1,1,0,240,234,LA FOUILLOUSE,44.9914,0.36632,Nuit sans éclairage public,Hors agglomération,Hors intersection,Normale,Autre collision,,,,,,,,,,,3,1,1,1.0,6
201300002638,0013-11-11 17:30:00,13,11,11,17,30,240,420,LE BREUIL,44.99948,0.33141,Crépuscule ou aube,Hors agglomération,Hors intersection,Normale,Autre collision,,,,,,,,,,,2,1,1,1.0,6
201300002639,0013-08-21 02:30:00,13,8,21,2,30,240,28,,44.76404,0.76909,Nuit avec éclairage allumé,Hors agglomération,Hors intersection,Normale,Autre collision,,,,,,,,,,,5,1,1,1.0,6
201300002640,0013-09-01 08:00:00,13,9,1,8,0,240,273,MARS,44.7955,0.81752,Crépuscule ou aube,Hors agglomération,Hors intersection,Normale,Autre collision,,,,,,,,,,,2,1,1,1.0,6
201300002641,0013-09-05 10:30:00,13,9,5,10,30,240,142,CD29 ET CD51E,44.8521,0.91063,Plein jour,En agglomération,Intersection en X,Normale,Deux véhicules - côté,,,,,,,,,,,1,2,2,1.0,3
201300002642,0013-08-18 09:30:00,13,8,18,9,30,240,228,LA ROUGETTE,44.8253,0.6814,Plein jour,Hors agglomération,Hors intersection,Normale,Autre collision,,,,,,,,,,,1,1,1,1.0,6
201300002643,0013-08-23 10:15:00,13,8,23,10,15,240,407,LA REYNIE,44.9303,0.76516,Plein jour,Hors agglomération,Hors intersection,Normale,Autre collision,,,,,,,,,,,1,1,1,1.0,6
201300002644,0013-10-05 02:15:00,13,10,5,2,15,240,223,CHEMIN DES GABARRIERS,44.8368,0.72323,Nuit sans éclairage public,Hors agglomération,Hors intersection,Normale,Autre collision,,,,,,,,,,,3,1,1,1.0,6
201300002645,0013-06-17 17:30:00,13,6,17,17,30,240,274,,44.80112,0.45451,Plein jour,Hors agglomération,Hors intersection,Pluie forte,Autre collision,,,,,,,,,,,1,1,1,3.0,6
201300002646,0013-07-07 02:30:00,13,7,7,2,30,240,349,LE GALATEAU,44.8067,0.27859,Nuit sans éclairage public,Hors agglomération,Hors intersection,Normale,Autre collision,,,,,,,,,,,3,1,1,1.0,6
201300002647,0013-08-18 10:45:00,13,8,18,10,45,240,168,FONTENELLE,44.702,0.56135,Plein jour,Hors agglomération,Hors intersection,Normale,Trois véhicules et plus - collisions multiples,,,,,,,,,,,1,1,1,1.0,5
201300002648,0013-08-29 17:15:00,13,8,29,17,15,240,168,,44.69664,0.56616,Plein jour,Hors agglomération,Intersection en X,Normale,Deux véhicules - côté,,,,,,,,,,,1,1,2,1.0,3
201300002649,0013-09-26 15:15:00,13,9,26,15,15,240,385,LES DUCOTTES,44.75059,0.61258,Plein jour,Hors agglomération,Hors intersection,Normale,Deux véhicules - frontale,,,,,,,,,,,1,1,1,1.0,1
201300002650,0013-09-27 17:15:00,13,9,27,17,15,240,274,poulevere,44.80423,0.49429,Plein jour,Hors agglomération,Hors intersection,Normale,Deux véhicules - frontale,,,,,,,,,,,1,1,1,1.0,1
201300002651,0013-06-26 11:45:00,13,6,26,11,45,240,189,,44.8498,0.18635,Plein jour,Hors agglomération,Hors intersection,Normale,Autre collision,,,,,,,,,,,1,1,1,1.0,6
201300002652,0013-07-14 17:45:00,13,7,14,17,45,240,272,TROMPETTE,44.9247,0.03958,Plein jour,Hors agglomération,Intersection en T,Normale,Deux véhicules - côté,,,,,,,,,,,1,1,3,1.0,3
201300002653,0013-08-25 07:45:00,13,8,25,7,45,240,584,LE PONT LA PEYRE,44.9432,0.05132,Plein jour,Hors agglomération,Hors intersection,Normale,Deux véhicules - frontale,,,,,,,,,,,1,1,1,1.0,1
201300002654,0013-09-27 22:00:00,13,9,27,22,0,240,272,ROUTE DE VILLEFRANCHE,44.9898,0.04041,Nuit avec éclairage allumé,Hors agglomération,Hors intersection,Normale,Autre collision,,,,,,,,,,,5,1,1,1.0,6
201300002655,0013-09-26 10:30:00,13,9,26,10,30,240,501,,44.8378,0.04715,Plein jour,Hors agglomération,Intersection en T,Normale,Deux véhicules - côté,,,,,,,,,,,1,1,3,1.0,3
201300002656,0013-10-29 16:15:00,13,10,29,16,15,240,370,PRENTYGARDE,44.8493,0.11548,Plein jour,Hors agglomération,Hors intersection,Normale,Trois véhicules et plus - collisions multiples,,,,,,,,,,,1,1,1,1.0,5
201300002657,0013-05-06 08:00:00,13,5,6,8,0,240,26,NEUIL,45.4964,0.72183,Plein jour,Hors agglomération,Autre intersection,Normale,Deux véhicules - côté,,,,,,,,,,,1,1,9,1.0,3
201300002658,0013-07-21 17:15:00,13,7,21,17,15,240,565,ROUTE DU GRAND MOULIN,45.593,0.52388,Plein jour,Hors agglomération,Hors intersection,Temps éblouissant,Autre collision,,,,,,,,,,,1,1,1,7.0,6
201300002659,0013-11-10 02:00:00,13,11,10,2,0,240,1,LA BROUSSE,45.57208,0.74542,Nuit sans éclairage public,Hors agglomération,Hors intersection,Pluie forte,Autre collision,,,,,,,,,,,3,1,1,3.0,6
201300002660,0013-11-25 17:00:00,13,11,25,17,0,240,398,BOIS DE PUYROCHER,45.63942,0.66262,Crépuscule ou aube,Hors agglomération,Hors intersection,Normale,Autre collision,,,,,,,,,,,2,1,1,1.0,6
201300002661,0013-12-08 05:15:00,13,12,8,5,15,240,451,,45.50406,0.63286,Nuit sans éclairage public,Hors agglomération,Hors intersection,Normale,Autre collision,,,,,,,,,,,3,1,1,1.0,6
201300002662,0013-01-13 01:15:00,13,1,13,1,15,240,304,L'HOMME MORT,45.4408,0.93422,Nuit sans éclairage public,Hors agglomération,Hors intersection,Temps couvert,Autre collision,,,,,,,,,,,3,1,1,8.0,6
201300002663,0013-01-18 17:30:00,13,1,18,17,30,240,551,L'HOMME MORT,45.4346,0.93199,Nuit sans éclairage public,Hors agglomération,Hors intersection,Autre,Deux véhicules - côté,,,,,,,,,,,3,1,1,9.0,3
201300002664,0013-02-19 12:45:00,13,2,19,12,45,240,304,,45.39843,0.94667,Plein jour,Hors agglomération,Hors intersection,Normale,Deux véhicules - frontale,,,,,,,,,,,1,1,1,1.0,1
201300002665,0013-05-22 12:45:00,13,5,22,12,45,240,134,BAZOLS,45.3931,0.94044,Plein jour,Hors agglomération,Hors intersection,Normale,Deux véhicules - frontale,,,,,,,,,,,1,1,1,1.0,1
201300002666,0013-06-30 18:45:00,13,6,30,18,45,240,551,RUE JULES THEULIER,45.4143,0.92061,Plein jour,En agglomération,Hors intersection,Normale,Autre collision,,,,,,,,,,,1,2,1,1.0,6
201300002667,0013-07-25 19:00:00,13,7,25,19,0,240,218,LA PERDICIE,45.498,1.07494,Plein jour,En agglomération,Hors intersection,Normale,Deux véhicules - frontale,,,,,,,,,,,1,2,1,1.0,1
201300002668,0013-08-14 11:30:00,13,8,14,11,30,240,180,LE RATY,45.5732,0.97219,Plein jour,Hors agglomération,Hors intersection,Normale,Autre collision,,,,,,,,,,,1,1,1,1.0,6
201300002669,0013-10-10 17:00:00,13,10,10,17,0,240,8,LA VEYSSIÈRE,45.46155,1.15543,Plein jour,Hors agglomération,Hors intersection,Temps éblouissant,Deux véhicules - frontale,,,,,,,,,,,1,1,1,7.0,1
201300002670,0013-12-07 19:00:00,13,12,7,19,0,240,218,BELLECROIX,45.4793,1.0832,Nuit sans éclairage public,Hors agglomération,Hors intersection,Normale,Autre collision,,,,,,,,,,,3,1,1,1.0,6
201300002671,0013-01-23 17:00:00,13,1,23,17,0,240,57,FONTEILLAC,45.33387,0.43059,Plein jour,Hors agglomération,Hors intersection,Pluie légère,Autre collision,,,,,,,,,,,1,1,1,2.0,6
201300002672,0013-04-19 17:00:00,13,4,19,17,0,240,564,,45.228,0.29,Plein jour,Hors agglomération,Intersection en X,Normale,Deux véhicules - côté,,,,,,,,,,,1,1,2,1.0,3
201300002673,0013-05-03 12:15:00,13,5,3,12,15,240,270,LA SERVE,45.2472,0.45945,Plein jour,Hors agglomération,Intersection en T,Normale,Deux véhicules - côté,,,,,,,,,,,1,1,3,1.0,3
201300002674,0013-07-09 11:45:00,13,7,9,11,45,240,199,,45.4159,0.3916,Plein jour,Hors agglomération,Intersection en X,Normale,Deux véhicules - côté,,,,,,,,,,,1,1,2,1.0,3
201300002675,0013-08-07 16:45:00,13,8,7,16,45,240,154,,45.21375,0.44161,Plein jour,Hors agglomération,Hors intersection,Pluie légère,Autre collision,,,,,,,,,,,1,1,1,2.0,6
201300002676,0013-08-20 01:15:00,13,8,20,1,15,240,573,Avenue d'Aquitaine,45.35082,0.36548,Nuit sans éclairage public,En agglomération,Hors intersection,Normale,Deux véhicules - côté,,,,,,,,,,,3,2,1,1.0,3
201300002677,0013-09-25 10:00:00,13,9,25,10,0,240,93,,45.364,0.486,Plein jour,Hors agglomération,Intersection en T,Normale,Deux véhicules - frontale,,,,,,,,,,,1,1,3,1.0,1
201300002678,0013-09-26 02:15:00,13,9,26,2,15,240,200,CANDULOU,45.30229,0.49961,Nuit sans éclairage public,Hors agglomération,Hors intersection,Temps couvert,Autre collision,,,,,,,,,,,3,1,1,8.0,6
201300002679,0013-09-29 17:15:00,13,9,29,17,15,240,434,,45.32723,0.49734,Plein jour,Hors agglomération,Hors intersection,Temps couvert,Sans collision,,,,,,,,,,,1,1,1,8.0,7
201300002680,0013-11-14 14:30:00,13,11,14,14,30,240,199,,45.416,0.392,Plein jour,Hors agglomération,Intersection en X,Normale,Deux véhicules - côté,,,,,,,,,,,1,1,2,1.0,3
201300002681,0013-12-10 09:30:00,13,12,10,9,30,240,286,PUY DE LA GRANGE,45.2922,0.48415,Plein jour,Hors agglomération,Hors intersection,Autre,Autre collision,,,,,,,,,,,1,1,1,9.0,6
201300002682,0013-12-11 22:30:00,13,12,11,22,30,240,200,,45.2991,0.48957,Nuit sans éclairage public,Hors agglomération,Hors intersection,Normale,Sans collision,,,,,,,,,,,3,1,1,1.0,7
201300002683,0013-08-08 18:45:00,13,8,8,18,45,240,294,"D 6089, RTE DE BORDEAUX",45.008,0.14684,Plein jour,En agglomération,Hors intersection,Normale,Trois véhicules et plus - collisions multiples,,,,,,,,,,,1,2,1,1.0,5
201300002684,0013-09-03 20:30:00,13,9,3,20,30,240,264,LA CROIX DE PIERRE,45.0131,0.11686,Plein jour,Hors agglomération,Intersection en X,Normale,Deux véhicules - côté,,,,,,,,,,,1,1,2,1.0,3
201300002685,0013-09-15 06:30:00,13,9,15,6,30,240,294,LES DUCHES,45.0286,0.10645,Crépuscule ou aube,Hors agglomération,Hors intersection,Pluie légère,Deux véhicules - frontale,,,,,,,,,,,2,1,1,2.0,1
201300002686,0013-11-03 01:15:00,13,11,3,1,15,240,104,,45.1585,0.39747,Nuit sans éclairage public,Hors agglomération,Hors intersection,Pluie légère,Autre collision,,,,,,,,,,,3,1,1,2.0,6
201300002687,0013-11-29 10:15:00,13,11,29,10,15,240,299,LA FREUNIE,45.0256,0.37423,Plein jour,Hors agglomération,Hors intersection,Temps éblouissant,Deux véhicules - côté,,,,,,,,,,,1,1,1,7.0,3
201300002688,0013-10-06 19:45:00,13,10,6,19,45,240,354,lotissement les acacias,45.1488,0.00151,Plein jour,En agglomération,Hors intersection,Normale,Autre collision,,,,,,,,,,,1,2,1,1.0,6
201300002689,0013-02-24 04:00:00,13,2,24,4,0,240,392,LE POUJOL,44.96759,1.27784,Plein jour,Hors agglomération,Hors intersection,Normale,Autre collision,,,,,,,,,,,1,1,1,1.0,6
201300002690,0013-02-28 16:45:00,13,2,28,16,45,240,520,AVENUE KAUFFMANN,44.9051,1.18951,Plein jour,Hors agglomération,Hors intersection,Normale,Deux véhicules - côté,,,,,,,,,,,1,1,1,1.0,3
201300002691,0013-05-10 17:15:00,13,5,10,17,15,240,82,LE PECH DE LAZE,44.859,1.25144,Plein jour,Hors agglomération,Hors intersection,Normale,Trois véhicules et plus - en chaîne,,,,,,,,,,,1,1,1,1.0,4
201300002692,0013-06-17 11:15:00,13,6,17,11,15,240,355,GAILLARDOU,44.82319,1.21349,Plein jour,Hors agglomération,Hors intersection,Normale,Sans collision,,,,,,,,,,,1,1,1,1.0,7
201300002693,0013-07-06 21:15:00,13,7,6,21,15,240,520,AVENUE DE SELVES,44.8954,1.21416,Plein jour,En agglomération,Hors intersection,Normale,Deux véhicules - côté,,,,,,,,,,,1,2,1,1.0,3
201300002694,0013-07-22 18:30:00,13,7,22,18,30,240,520,RUE DE L'ABB? BREUIL,44.9007,1.21115,Plein jour,En agglomération,Hors intersection,Normale,Trois véhicules et plus - collisions multiples,,,,,,,,,,,1,2,1,1.0,5
201300002695,0013-08-16 00:45:00,13,8,16,0,45,240,392,LE POUJOL,44.9673,1.27763,Nuit sans éclairage public,Hors agglomération,Hors intersection,Normale,Sans collision,,,,,,,,,,,3,1,1,1.0,7
201300002696,0013-09-01 18:30:00,13,9,1,18,30,240,520,BOULEVARD NESSMANN,,,Plein jour,En agglomération,Hors intersection,Normale,Sans collision,,,,,,,,,,,1,2,1,1.0,7
201300002697,0013-12-05 15:15:00,13,12,5,15,15,240,341,LE VERIL,44.934,1.278,Plein jour,Hors agglomération,Hors intersection,Brouillard / fumée,Autre collision,,,,,,,,,,,1,1,1,5.0,6
201300002698,0013-01-09 16:00:00,13,1,9,16,0,240,130,RUE LACOMBE LAGARDE,45.1278,1.21771,Plein jour,En agglomération,Intersection en T,Normale,Deux véhicules - côté,,,,,,,,,,,1,2,3,1.0,3
201300002699,0013-04-12 16:00:00,13,4,12,16,0,240,450,LE BOURG,44.74629,1.25495,Plein jour,En agglomération,Hors intersection,Normale,Autre collision,,,,,,,,,,,1,2,1,1.0,6
201300002700,0013-05-06 16:15:00,13,5,6,16,15,240,74,FONGALOP,44.7261,0.96069,Plein jour,Hors agglomération,Hors intersection,Normale,Autre collision,,,,,,,,,,,1,1,1,1.0,6
201300002701,0013-10-22 10:30:00,13,10,22,10,30,240,91,VC 125 - Les melieres,,,Plein jour,En agglomération,Intersection en X,Normale,Deux véhicules - côté,,,,,,,,,,,1,2,2,1.0,3
201300002702,0013-11-05 14:30:00,13,11,5,14,30,240,142,LE BOURG,44.8195,0.99235,Plein jour,Hors agglomération,Hors intersection,Pluie forte,Deux véhicules - côté,,,,,,,,,,,1,1,1,3.0,3
201300002703,0013-12-10 22:45:00,13,12,10,22,45,240,263,LES MAZADES,44.67513,0.99446,Nuit sans éclairage public,Hors agglomération,Hors intersection,Neige / grêle,Autre collision,,,,,,,,,,,3,1,1,4.0,6
201300002704,0013-12-31 19:00:00,13,12,31,19,0,240,404,,45.0362,0.89712,Nuit sans éclairage public,Hors agglomération,Intersection en T,Normale,Deux véhicules - frontale,,,,,,,,,,,3,1,3,1.0,1
201300002705,0013-05-20 15:15:00,13,5,20,15,15,240,510,,44.83603,1.11003,Plein jour,Hors agglomération,Hors intersection,Normale,Deux véhicules - frontale,,,,,,,,,,,1,1,1,1.0,1
201300002706,0013-05-23 12:30:00,13,5,23,12,30,240,388,,44.89051,0.91496,Plein jour,Hors agglomération,Hors intersection,Normale,Autre collision,,,,,,,,,,,1,1,1,1.0,6
201300002707,0013-05-25 22:45:00,13,5,25,22,45,240,254,,45.836,1.01899,Nuit sans éclairage public,Hors agglomération,Hors intersection,Normale,Autre collision,,,,,,,,,,,3,1,1,1.0,6
201300002708,0013-06-15 20:15:00,13,6,15,20,15,240,142,BOURG NORD,44.84041,0.97626,Plein jour,Hors agglomération,Hors intersection,Normale,Sans collision,,,,,,,,,,,1,1,1,1.0,7
201300002709,0013-10-14 12:30:00,13,10,14,12,30,240,326,LE BOURG,44.9943,1.0591,Plein jour,En agglomération,Autre intersection,Temps couvert,Deux véhicules - frontale,,,,,,,,,,,1,2,9,8.0,1
201300002710,0013-10-31 12:30:00,13,10,31,12,30,240,76,LE MOULIN DE PORTEIL,44.9038,0.9629,Plein jour,Hors agglomération,Intersection en T,Normale,Deux véhicules - frontale,,,,,,,,,,,1,1,3,1.0,1
201300002711,0013-11-28 17:15:00,13,11,28,17,15,240,67,ROUTE DE CAMPAGNE,44.9049,0.95276,Crépuscule ou aube,Hors agglomération,Hors intersection,Normale,Deux véhicules - côté,,,,,,,,,,,2,1,1,1.0,3
201300002712,0013-05-17 01:15:00,13,5,17,1,15,240,563,ROUTE DE SERGEAC,45.0304,1.13003,Nuit sans éclairage public,Hors agglomération,Hors intersection,Normale,Autre collision,,,,,,,,,,,3,1,1,1.0,6
201300002713,0013-09-20 16:00:00,13,9,20,16,0,240,291,Quai Merilhou,45.0657,1.16173,Plein jour,En agglomération,Hors intersection,Normale,Autre collision,,,,,,,,,,,1,2,1,1.0,6
201300002714,0013-09-09 17:00:00,13,9,9,17,0,400,292,,43.61518,-1.32189,Plein jour,Hors agglomération,Hors intersection,Normale,Deux véhicules - frontale,,,,,,,,,,,1,1,1,1.0,1
201300002715,0013-10-06 19:15:00,13,10,6,19,15,400,44,,43.55417,-1.29652,Crépuscule ou aube,Hors agglomération,Hors intersection,Normale,Autre collision,,,,,,,,,,,2,1,1,1.0,6
201300002716,0013-11-11 17:15:00,13,11,11,17,15,400,266,,44.07914,-1.24651,Crépuscule ou aube,Hors agglomération,Hors intersection,Temps couvert,Autre collision,,,,,,,,,,,2,1,1,8.0,6
201300002717,0013-12-21 18:45:00,13,12,21,18,45,400,261,,43.67895,-1.25277,Nuit sans éclairage public,Hors agglomération,Hors intersection,Normale,Deux véhicules - frontale,,,,,,,,,,,3,1,1,1.0,1
201300002718,0013-02-25 10:35:00,13,2,25,10,35,400,14,,44.05786,-0.31652,Plein jour,Hors agglomération,Hors intersection,Temps couvert,Deux véhicules - frontale,,,,,,,,,,,1,1,1,8.0,1
201300002719,0013-03-04 16:15:00,13,3,4,16,15,400,111,,43.98192,-0.65824,Plein jour,Hors agglomération,Hors intersection,Normale,Sans collision,,,,,,,,,,,1,1,1,1.0,7
201300002720,0013-05-18 18:45:00,13,5,18,18,45,400,274,D 38,43.9333,-0.65686,Plein jour,En agglomération,Hors intersection,Pluie forte,Autre collision,,,,,,,,,,,1,2,1,3.0,6
201300002721,0013-06-01 16:15:00,13,6,1,16,15,400,250,,43.91715,-0.45217,Plein jour,Hors agglomération,Giratoire,Normale,Sans collision,,,,,,,,,,,1,1,6,1.0,7
201300002722,0013-07-31 09:00:00,13,7,31,9,0,400,250,,43.9358,-0.41868,Plein jour,Hors agglomération,Intersection en X,Normale,Deux véhicules - frontale,,,,,,,,,,,1,1,2,1.0,1
201300002723,0013-08-06 14:15:00,13,8,6,14,15,400,250,,43.93395,-0.42195,Plein jour,Hors agglomération,Hors intersection,Normale,Deux véhicules - arrière,,,,,,,,,,,1,1,1,1.0,2
201300002724,0013-08-11 11:15:00,13,8,11,11,15,400,274,D38,43.92656,-0.63696,Plein jour,En agglomération,Hors intersection,Normale,Autre collision,,,,,,,,,,,1,2,1,1.0,6
201300002725,0013-11-25 16:15:00,13,11,25,16,15,400,14,,44.04846,-0.36848,Plein jour,Hors agglomération,Hors intersection,Temps couvert,Autre collision,,,,,,,,,,,1,1,1,8.0,6
201300002726,0013-12-03 19:15:00,13,12,3,19,15,400,62,,43.90886,-0.54807,Nuit sans éclairage public,Hors agglomération,Hors intersection,Normale,Autre collision,,,,,,,,,,,3,1,1,1.0,6
201300002727,0013-12-16 05:15:00,13,12,16,5,15,400,250,,43.93454,-0.42093,Nuit sans éclairage public,Hors agglomération,Hors intersection,Temps couvert,Trois véhicules et plus - collisions multiples,,,,,,,,,,,3,1,1,8.0,5
201300002728,0013-12-29 17:30:00,13,12,29,17,30,400,58,,44.05636,-0.38811,Plein jour,Hors agglomération,Hors intersection,Pluie légère,Sans collision,,,,,,,,,,,1,1,1,2.0,7
201300002729,0013-09-29 12:30:00,13,9,29,12,30,400,96,,44.24429,-0.12302,Plein jour,Hors agglomération,Hors intersection,Temps couvert,Deux véhicules - côté,,,,,,,,,,,1,1,1,8.0,3
201300002730,0013-01-18 07:30:00,13,1,18,7,30,400,151,,,,Nuit sans éclairage public,Hors agglomération,Passage à niveau,Pluie légère,Deux véhicules - côté,,,,,,,,,,,3,1,8,2.0,3
201300002731,0013-03-18 09:30:00,13,3,18,9,30,400,18,,43.81101,-0.82292,Plein jour,Hors agglomération,Hors intersection,Neige / grêle,Deux véhicules - côté,,,,,,,,,,,1,1,1,4.0,3
201300002732,0013-04-17 19:20:00,13,4,17,19,20,400,66,,43.84408,-0.78245,Plein jour,Hors agglomération,Hors intersection,Normale,Autre collision,,,,,,,,,,,1,1,1,1.0,6
201300002733,0013-07-06 07:30:00,13,7,6,7,30,400,230,,43.80003,-0.92017,Nuit sans éclairage public,Hors agglomération,Hors intersection,Brouillard / fumée,Autre collision,,,,,,,,,,,3,1,1,5.0,6
201300002734,0013-08-14 18:30:00,13,8,14,18,30,400,309,,43.80328,-0.76144,Plein jour,Hors agglomération,Hors intersection,Normale,Deux véhicules - côté,,,,,,,,,,,1,1,1,1.0,3
201300002735,0013-08-24 18:30:00,13,8,24,18,30,400,143,,43.80646,-0.6546,Plein jour,Hors agglomération,Hors intersection,Normale,Autre collision,,,,,,,,,,,1,1,1,1.0,6
201300002736,0013-01-10 13:00:00,13,1,10,13,0,400,283,,43.75189,-1.00794,Plein jour,Hors agglomération,Intersection en T,Normale,Deux véhicules - côté,,,,,,,,,,,1,1,3,1.0,3
201300002737,0013-09-26 22:15:00,13,9,26,22,15,400,283,,43.80463,-1.00127,Nuit sans éclairage public,Hors agglomération,Hors intersection,Normale,Sans collision,,,,,,,,,,,3,1,1,1.0,7
201300002738,0013-10-23 11:55:00,13,10,23,11,55,400,123,,43.79609,-1.12545,Plein jour,Hors agglomération,Hors intersection,Normale,Deux véhicules - frontale,,,,,,,,,,,1,1,1,1.0,1
201300002739,0013-12-02 18:30:00,13,12,2,18,30,400,202,CD 947 route des Pyrenee,43.69847,-1.02373,Nuit avec éclairage allumé,En agglomération,Intersection en T,Normale,Deux véhicules - côté,,,,,,,,,,,5,2,3,1.0,3
201300002740,0013-12-05 07:00:00,13,12,5,7,0,400,179,,43.71804,-1.13095,Crépuscule ou aube,Hors agglomération,Hors intersection,Normale,Autre collision,,,,,,,,,,,2,1,1,1.0,6
201300002741,0013-01-07 08:10:00,13,1,7,8,10,400,65,,43.64359,-1.42639,Crépuscule ou aube,En agglomération,Giratoire,Temps couvert,Autre collision,,,,,,,,,,,2,2,6,8.0,6
201300002742,0013-01-29 16:00:00,13,1,29,16,0,400,296,,43.70984,-1.41903,Plein jour,Hors agglomération,Hors intersection,Normale,Deux véhicules - côté,,,,,,,,,,,1,1,1,1.0,3
201300002743,0013-05-05 03:40:00,13,5,5,3,40,400,296,,43.73558,-1.41202,Nuit sans éclairage public,Hors agglomération,Hors intersection,Normale,Deux véhicules - frontale,,,,,,,,,,,3,1,1,1.0,1
201300002744,0013-06-23 04:00:00,13,6,23,4,0,400,304,,43.66642,-1.40731,Nuit sans éclairage public,En agglomération,Hors intersection,Pluie légère,Autre collision,,,,,,,,,,,3,2,1,2.0,6
201300002745,0013-06-22 18:15:00,13,6,22,18,15,400,133,,43.59172,-1.42674,Plein jour,En agglomération,Hors intersection,Normale,Deux véhicules - arrière,,,,,,,,,,,1,2,1,1.0,2
201300002746,0013-08-09 14:15:00,13,8,9,14,15,400,304,avenue de Bordeaux,43.66463,-1.39794,Plein jour,En agglomération,Hors intersection,Normale,Deux véhicules - frontale,,,,,,,,,,,1,2,1,1.0,1
201300002747,0013-08-17 19:00:00,13,8,17,19,0,400,304,,43.67371,-1.38844,Plein jour,Hors agglomération,Hors intersection,Normale,Deux véhicules - frontale,,,,,,,,,,,1,1,1,1.0,1
201300002748,0013-09-17 21:00:00,13,9,17,21,0,400,65,avenue du Mal LECLERC,43.6504,-1.43086,Nuit avec éclairage allumé,En agglomération,Hors intersection,Pluie légère,Deux véhicules - frontale,,,,,,,,,,,5,2,1,2.0,1
201300002749,0013-10-25 19:45:00,13,10,25,19,45,400,304,Avenue du Touring Club,43.66746,-1.42658,Nuit avec éclairage allumé,En agglomération,Hors intersection,Normale,Deux véhicules - frontale,,,,,,,,,,,5,2,1,1.0,1
201300002750,0013-11-13 08:15:00,13,11,13,8,15,400,296,rue Pierre de Coubertin,43.68852,-1.37228,Crépuscule ou aube,En agglomération,Giratoire,Brouillard / fumée,Deux véhicules - côté,,,,,,,,,,,2,2,6,5.0,3