accident_id,datetime,annee,mois,jour,heure,minute,departement,commune_insee,adresse,latitude,longitude,luminosite,agglomeration,intersection,meteo,collision,nb_vehicules,nb_usagers,nb_indemnes,nb_tues,nb_blesses_hosp,nb_blesses_legers,age_cond_1,age_cond_2,veh_type_cond_1,veh_type_cond_2,lum_code,agg_code,int_code,atm_code,col_code
201300002880,0013-07-14 04:00:00,13,7,14,4,0,470,325,PONT CANAL,44.3626,0.27253,Nuit sans éclairage public,En agglomération,Hors intersection,Normale,Autre collision,,,,,,,,,,,3,2,1,1.0,6
201300002881,0013-07-28 10:30:00,13,7,28,10,30,470,159,PLACE DE LA HALLE,44.412,0.21745,Plein jour,En agglomération,Hors intersection,Normale,Autre collision,,,,,,,,,,,1,2,1,1.0,6
201300002882,0013-09-14 05:00:00,13,9,14,5,0,470,159,LE PONT D'ACC?S,44.4107,0.22084,Nuit sans éclairage public,En agglomération,Hors intersection,Brouillard / fumée,Autre collision,,,,,,,,,,,3,2,1,5.0,6
201300002883,0013-09-16 19:15:00,13,9,16,19,15,470,54,,44.4046,0.5169,Plein jour,Hors agglomération,Hors intersection,Normale,Autre collision,,,,,,,,,,,1,1,1,1.0,6
201300002884,0013-10-25 10:30:00,13,10,25,10,30,470,118,,44.4571,0.39527,Plein jour,Hors agglomération,Hors intersection,Normale,Autre collision,,,,,,,,,,,1,1,1,1.0,6
201300002885,0013-10-29 09:15:00,13,10,29,9,15,470,110,,44.4567,0.28084,Plein jour,Hors agglomération,Hors intersection,Normale,Deux véhicules - arrière,,,,,,,,,,,1,1,1,1.0,2
201300002886,0013-01-19 16:15:00,13,1,19,16,15,470,58,,44.2689,0.2207,Plein jour,Hors agglomération,Intersection en X,Normale,Deux véhicules - côté,,,,,,,,,,,1,1,2,1.0,3
201300002887,0013-03-18 15:45:00,13,3,18,15,45,470,93,LIEU-DIT LE PLACIOT,44.2168,0.18641,Plein jour,Hors agglomération,Hors intersection,Pluie forte,Autre collision,,,,,,,,,,,1,1,1,3.0,6
201300002888,0013-04-19 18:45:00,13,4,19,18,45,470,52,CD933 - PLACE GAMBETTA,44.3142,0.08609,Plein jour,En agglomération,Place,Normale,Deux véhicules - arrière,,,,,,,,,,,1,2,7,1.0,2
201300002889,0013-05-06 00:01:00,13,5,6,0,1,470,148,paches,44.331,0.165,Nuit sans éclairage public,En agglomération,Hors intersection,Normale,Sans collision,,,,,,,,,,,3,2,1,1.0,7
201300002890,0013-08-22 18:00:00,13,8,22,18,0,470,320,,,,Plein jour,Hors agglomération,Hors intersection,Normale,Sans collision,,,,,,,,,,,1,1,1,1.0,7
201300002891,0013-09-20 17:45:00,13,9,20,17,45,470,52,,44.296,0.081,Plein jour,Hors agglomération,Hors intersection,Normale,Deux véhicules - côté,,,,,,,,,,,1,1,1,1.0,3
201300002892,0013-09-24 14:15:00,13,9,24,14,15,470,52,,44.337,0.116,Plein jour,Hors agglomération,Hors intersection,Normale,Deux véhicules - frontale,,,,,,,,,,,1,1,1,1.0,1
201300002893,0013-10-02 08:00:00,13,10,2,8,0,470,119,AVENUE LOUISE NADEAU,44.1935,0.02479,Plein jour,En agglomération,Intersection en T,Normale,Deux véhicules - côté,,,,,,,,,,,1,2,3,1.0,3
201300002894,0013-03-07 20:00:00,13,3,7,20,0,470,175,,44.5373,0.70488,Nuit sans éclairage public,Hors agglomération,Hors intersection,Pluie légère,Deux véhicules - frontale,,,,,,,,,,,3,1,1,2.0,1
201300002895,0013-03-26 14:15:00,13,3,26,14,15,470,146,,44.4551,0.65906,Plein jour,Hors agglomération,Hors intersection,Normale,Autre collision,,,,,,,,,,,1,1,1,1.0,6
201300002896,0013-06-22 10:00:00,13,6,22,10,0,470,280,lagarenne,,,Plein jour,En agglomération,Intersection en X,Normale,Deux véhicules - côté,,,,,,,,,,,1,2,2,1.0,3
201300002897,0013-07-11 15:15:00,13,7,11,15,15,470,80,,44.5548,0.77753,Plein jour,Hors agglomération,Hors intersection,Normale,Deux véhicules - frontale,,,,,,,,,,,1,1,1,1.0,1
201300002898,0013-08-12 14:45:00,13,8,12,14,45,470,237,,44.3638,0.65708,Plein jour,Hors agglomération,Intersection en T,Temps éblouissant,Deux véhicules - frontale,,,,,,,,,,,1,1,3,7.0,1
201300002899,0013-09-02 16:45:00,13,9,2,16,45,470,291,,44.4621,0.72005,Plein jour,Hors agglomération,Hors intersection,Normale,Autre collision,,,,,,,,,,,1,1,1,1.0,6
201300002900,0013-10-03 10:15:00,13,10,3,10,15,470,117,Rue Principale,44.325,0.786,Plein jour,En agglomération,Hors intersection,Pluie légère,Autre collision,,,,,,,,,,,1,2,1,2.0,6
201300002901,0013-03-10 16:00:00,13,3,10,16,0,470,324,,44.6396,0.76523,Plein jour,Hors agglomération,Hors intersection,Normale,Deux véhicules - frontale,,,,,,,,,,,1,1,1,1.0,1
201300002902,0013-05-16 20:15:00,13,5,16,20,15,470,48,,,,Plein jour,Hors agglomération,Hors intersection,Normale,Deux véhicules - frontale,,,,,,,,,,,1,1,1,1.0,1
201300002903,0013-05-21 16:45:00,13,5,21,16,45,470,164,,,,Plein jour,Hors agglomération,Hors intersection,Pluie forte,Autre collision,,,,,,,,,,,1,1,1,3.0,6
201300002904,0013-07-13 00:01:00,13,7,13,0,1,470,44,LIEU-DIT LES GRANGES,44.6637,0.55663,Nuit sans éclairage public,Hors agglomération,Hors intersection,Normale,Autre collision,,,,,,,,,,,3,1,1,1.0,6
201300002905,0013-10-06 17:30:00,13,10,6,17,30,470,324,RUE ROGER BISSIERE,44.6364,,Plein jour,En agglomération,Intersection en X,Temps éblouissant,Deux véhicules - côté,,,,,,,,,,,1,2,2,7.0,3
201300002906,0013-11-24 17:15:00,13,11,24,17,15,470,170,,,,Crépuscule ou aube,Hors agglomération,Hors intersection,Normale,Deux véhicules - côté,,,,,,,,,,,2,1,1,1.0,3
201300002907,0013-05-26 14:00:00,13,5,26,14,0,470,185,,44.4885,0.98186,Plein jour,Hors agglomération,Giratoire,Normale,Autre collision,,,,,,,,,,,1,1,6,1.0,6
201300002908,0013-08-04 17:30:00,13,8,4,17,30,470,185,,44.4597,0.95894,Plein jour,Hors agglomération,Hors intersection,Normale,Sans collision,,,,,,,,,,,1,1,1,1.0,7
201300002909,0013-10-16 17:00:00,13,10,16,17,0,470,106,72 AVENUE DE L'USINE,44.4911,0.95973,Crépuscule ou aube,En agglomération,Hors intersection,Pluie légère,Autre collision,,,,,,,,,,,2,2,1,2.0,6
201300002910,0013-02-11 18:45:00,13,2,11,18,45,470,49,ALL?E DES CRAMATS,44.4456,0.62347,Nuit avec éclairage allumé,En agglomération,Intersection en T,Pluie forte,Deux véhicules - côté,,,,,,,,,,,5,2,3,3.0,3
201300002911,0013-03-30 19:45:00,13,3,30,19,45,470,252,LIEU-DIT PAUCHOU,44.3955,0.60503,Nuit sans éclairage public,Hors agglomération,Hors intersection,Normale,Trois véhicules et plus - collisions multiples,,,,,,,,,,,3,1,1,1.0,5
201300002912,0013-04-08 11:00:00,13,4,8,11,0,470,306,ROUTE DE BORDEAUX,44.3805,0.52714,Plein jour,En agglomération,Hors intersection,Normale,Autre collision,,,,,,,,,,,1,2,1,1.0,6
201300002913,0013-10-25 21:30:00,13,10,25,21,30,470,206,,44.4234,0.57697,Nuit sans éclairage public,Hors agglomération,Hors intersection,Autre,Sans collision,,,,,,,,,,,3,1,1,9.0,7
201300002914,0013-11-16 01:00:00,13,11,16,1,0,470,309,,,,Nuit sans éclairage public,En agglomération,Hors intersection,Normale,Deux véhicules - côté,,,,,,,,,,,3,2,1,1.0,3
201300002915,0013-02-22 07:30:00,13,2,22,7,30,640,376,route de PAU RD 937,43.27,-0.313,Crépuscule ou aube,En agglomération,Hors intersection,Normale,Autre collision,,,,,,,,,,,2,2,1,1.0,6
201300002916,0013-05-08 09:30:00,13,5,8,9,30,640,230,,43.2447,-0.38798,Plein jour,Hors agglomération,Giratoire,Normale,Deux véhicules - côté,,,,,,,,,,,1,1,6,1.0,3
201300002917,0013-06-29 15:15:00,13,6,29,15,15,640,324,,43.2244,-0.438,Plein jour,Hors agglomération,Hors intersection,Temps couvert,Autre collision,,,,,,,,,,,1,1,1,8.0,6
201300002918,0013-07-03 12:30:00,13,7,3,12,30,640,230,,43.2565,-0.39032,Plein jour,Hors agglomération,Hors intersection,Normale,Deux véhicules - frontale,,,,,,,,,,,1,1,1,1.0,1
201300002919,0013-07-19 14:45:00,13,7,19,14,45,640,230,,,,Plein jour,Hors agglomération,Hors intersection,Normale,Deux véhicules - frontale,,,,,,,,,,,1,1,1,1.0,1
201300002920,0013-07-22 13:30:00,13,7,22,13,30,640,230,,43.1794,-0.42873,Plein jour,Hors agglomération,Hors intersection,Normale,Deux véhicules - côté,,,,,,,,,,,1,1,1,1.0,3
201300002921,0013-11-15 18:45:00,13,11,15,18,45,640,67,,,,Nuit sans éclairage public,Hors agglomération,Hors intersection,Pluie forte,Autre collision,,,,,,,,,,,3,1,1,3.0,6
201300002922,0013-12-21 11:45:00,13,12,21,11,45,640,413,2 ROUTE DE NAY D 37,,,Plein jour,En agglomération,Hors intersection,Normale,Deux véhicules - arrière,,,,,,,,,,,1,2,1,1.0,2
201300002923,0013-01-22 18:45:00,13,1,22,18,45,640,454,,43.3743,-0.05873,Crépuscule ou aube,Hors agglomération,Hors intersection,Neige / grêle,Autre collision,,,,,,,,,,,2,1,1,4.0,6
201300002924,0013-03-13 17:15:00,13,3,13,17,15,640,262,,,,Plein jour,Hors agglomération,Hors intersection,Temps couvert,Deux véhicules - frontale,,,,,,,,,,,1,1,1,8.0,1
201300002925,0013-04-23 16:30:00,13,4,23,16,30,640,238,,43.2482,-0.08238,Plein jour,Hors agglomération,Hors intersection,Normale,Deux véhicules - côté,,,,,,,,,,,1,1,1,1.0,3
201300002926,0013-05-04 01:00:00,13,5,4,1,0,640,370,,,,Nuit avec éclairage non allumé,Hors agglomération,Autre intersection,Normale,Autre collision,,,,,,,,,,,4,1,9,1.0,6
201300002927,0013-07-05 20:15:00,13,7,5,20,15,640,405,RUE DE LA BASTIDE,43.358,-0.268,Crépuscule ou aube,En agglomération,Intersection en T,Temps éblouissant,Deux véhicules - côté,,,,,,,,,,,2,2,3,7.0,3
201300002928,0013-07-27 15:30:00,13,7,27,15,30,640,451,RD202/RD62,43.3331,-0.05611,Plein jour,Hors agglomération,Hors intersection,Normale,Deux véhicules - côté,,,,,,,,,,,1,1,1,1.0,3
201300002929,0013-08-10 03:15:00,13,8,10,3,15,640,27,RD 39,,,Nuit sans éclairage public,En agglomération,Hors intersection,Normale,Autre collision,,,,,,,,,,,3,2,1,1.0,6
201300002930,0013-11-21 19:00:00,13,11,21,19,0,640,238,,,,Nuit avec éclairage allumé,Hors agglomération,Hors intersection,Pluie forte,Deux véhicules - arrière,,,,,,,,,,,5,1,1,3.0,2
201300002931,0013-01-06 02:45:00,13,1,6,2,45,640,23,RUE DES PYRENEES,43.2346,-0.25228,Nuit avec éclairage allumé,En agglomération,Hors intersection,Normale,Autre collision,,,,,,,,,,,5,2,1,1.0,6
201300002932,0013-01-20 22:45:00,13,1,20,22,45,640,270,,43.147,-0.23606,Nuit sans éclairage public,Hors agglomération,Hors intersection,Pluie légère,Sans collision,,,,,,,,,,,3,1,1,2.0,7
201300002933,0013-02-15 18:00:00,13,2,15,18,0,640,191,,43.1809,-0.24022,Plein jour,Hors agglomération,Hors intersection,Normale,Deux véhicules - arrière,,,,,,,,,,,1,1,1,1.0,2
201300002934,0013-04-08 17:30:00,13,4,8,17,30,640,101,ROUTE DE PAU,43.1964,-0.25407,Plein jour,En agglomération,Hors intersection,Normale,Deux véhicules - arrière,,,,,,,,,,,1,2,1,1.0,2
201300002935,0013-05-07 09:45:00,13,5,7,9,45,640,68,RD 35 RD126,,,Plein jour,En agglomération,Hors intersection,Normale,Deux véhicules - côté,,,,,,,,,,,1,2,1,1.0,3
201300002936,0013-06-24 11:15:00,13,6,24,11,15,640,270,AV DU PIC DU MIDI,43.166,-0.23285,Plein jour,En agglomération,Hors intersection,Normale,Autre collision,,,,,,,,,,,1,2,1,1.0,6
201300002937,0013-07-01 09:15:00,13,7,1,9,15,640,417,PLACE SAINT ROCH.,43.1841,-0.26124,Plein jour,En agglomération,Hors intersection,Normale,Autre collision,,,,,,,,,,,1,2,1,1.0,6
201300002938,0013-07-09 15:00:00,13,7,9,15,0,640,339,CD 937,43.1337,-0.2126,Plein jour,En agglomération,Hors intersection,Normale,Autre collision,,,,,,,,,,,1,2,1,1.0,6
201300002939,0013-10-03 08:15:00,13,10,3,8,15,640,133,RUE HENRI IV/RUE COTEAUX,43.2266,-0.27207,Plein jour,En agglomération,Autre intersection,Normale,Deux véhicules - côté,,,,,,,,,,,1,2,9,1.0,3
201300002940,0013-01-16 12:15:00,13,1,16,12,15,640,78,,,,Plein jour,Hors agglomération,Hors intersection,Temps couvert,Deux véhicules - côté,,,,,,,,,,,1,1,1,8.0,3
201300002941,0013-04-13 17:15:00,13,4,13,17,15,640,560,,43.4582,-0.39095,Plein jour,Hors agglomération,Hors intersection,Normale,Deux véhicules - côté,,,,,,,,,,,1,1,1,1.0,3
201300002942,0013-06-14 17:30:00,13,6,14,17,30,640,190,,,,Plein jour,Hors agglomération,Hors intersection,Normale,Autre collision,,,,,,,,,,,1,1,1,1.0,6
201300002943,0013-06-16 10:30:00,13,6,16,10,30,640,470,,43.4047,-0.31613,Plein jour,Hors agglomération,Hors intersection,Normale,Deux véhicules - côté,,,,,,,,,,,1,1,1,1.0,3
201300002944,0013-10-27 02:45:00,13,10,27,2,45,640,234,,43.5023,-0.48407,Nuit sans éclairage public,Hors agglomération,Hors intersection,Normale,Autre collision,,,,,,,,,,,3,1,1,1.0,6
201300002945,0013-12-13 19:30:00,13,12,13,19,30,640,455,A 420 M DU D16/D143,43.558,-0.20518,Nuit sans éclairage public,Hors agglomération,Hors intersection,Pluie légère,Autre collision,,,,,,,,,,,3,1,1,2.0,6
201300002946,0013-05-06 17:00:00,13,5,6,17,0,640,407,,43.483,-1.42378,Plein jour,Hors agglomération,Hors intersection,Normale,Deux véhicules - côté,,,,,,,,,,,1,1,1,1.0,3
201300002947,0013-06-30 19:30:00,13,6,30,19,30,640,102,AVENUE DU LABOURD,43.4809,-1.46359,Plein jour,En agglomération,Hors intersection,Normale,Deux véhicules - frontale,,,,,,,,,,,1,2,1,1.0,1
201300002948,0013-10-17 17:15:00,13,10,17,17,15,640,407,,,,Plein jour,Hors agglomération,Hors intersection,Normale,Deux véhicules - côté,,,,,,,,,,,1,1,1,1.0,3
201300002949,0013-03-02 13:15:00,13,3,2,13,15,640,377,,43.3606,-1.26911,Plein jour,Hors agglomération,Hors intersection,Normale,Deux véhicules - côté,,,,,,,,,,,1,1,1,1.0,3
201300002950,0013-03-20 08:00:00,13,3,20,8,0,640,147,,43.4717,-1.29411,Plein jour,Hors agglomération,Hors intersection,Pluie légère,Deux véhicules - frontale,,,,,,,,,,,1,1,1,2.0,1
201300002951,0013-08-14 20:00:00,13,8,14,20,0,640,250,,43.5309,-1.21266,Plein jour,Hors agglomération,Hors intersection,Normale,Autre collision,,,,,,,,,,,1,1,1,1.0,6
201300002952,0013-01-29 10:30:00,13,1,29,10,30,640,483,,,,Plein jour,Hors agglomération,Hors intersection,Normale,Deux véhicules - côté,,,,,,,,,,,1,1,1,1.0,3
201300002953,0013-01-30 15:30:00,13,1,30,15,30,640,495,,43.3682,-1.56665,Plein jour,Hors agglomération,Hors intersection,Normale,Deux véhicules - frontale,,,,,,,,,,,1,1,1,1.0,1
201300002954,0013-02-20 15:45:00,13,2,20,15,45,640,495,,43.3657,-1.5929,Plein jour,Hors agglomération,Hors intersection,Normale,Deux véhicules - frontale,,,,,,,,,,,1,1,1,1.0,1
201300002955,0013-04-14 17:30:00,13,4,14,17,30,640,65,,,,Plein jour,Hors agglomération,Hors intersection,Normale,Sans collision,,,,,,,,,,,1,1,1,1.0,7
201300002956,0013-06-22 19:15:00,13,6,22,19,15,640,504,,,,Plein jour,Hors agglomération,Hors intersection,Normale,Deux véhicules - côté,,,,,,,,,,,1,1,1,1.0,3
201300002957,0013-07-19 08:45:00,13,7,19,8,45,640,495,RD 918,43.3542,-1.55035,Plein jour,En agglomération,Intersection en X,Normale,Deux véhicules - côté,,,,,,,,,,,1,2,2,1.0,3
201300002958,0013-09-21 16:30:00,13,9,21,16,30,640,495,,43.3553,-1.63123,Plein jour,Hors agglomération,Hors intersection,Normale,Deux véhicules - côté,,,,,,,,,,,1,1,1,1.0,3
201300002959,0013-11-12 09:15:00,13,11,12,9,15,640,495,RP DU CHISTERA,,,Plein jour,En agglomération,Giratoire,Pluie forte,Autre collision,,,,,,,,,,,1,2,6,3.0,6
201300002960,0013-12-10 07:45:00,13,12,10,7,45,640,495,,,,Nuit avec éclairage non allumé,Hors agglomération,Autre intersection,Normale,Autre collision,,,,,,,,,,,4,1,9,1.0,6
201300002961,0013-12-29 15:45:00,13,12,29,15,45,640,504,Istilarte,,,Plein jour,En agglomération,Hors intersection,Temps couvert,Autre collision,,,,,,,,,,,1,2,1,8.0,6
201300002962,0013-01-11 18:15:00,13,1,11,18,15,640,317,,,,Nuit avec éclairage allumé,Hors agglomération,Giratoire,Normale,Autre collision,,,,,,,,,,,5,1,6,1.0,6
201300002963,0013-01-15 16:00:00,13,1,15,16,0,640,279,,43.3271,-1.40438,Plein jour,Hors agglomération,Hors intersection,Pluie légère,Autre collision,,,,,,,,,,,1,1,1,2.0,6
201300002964,0013-02-03 17:45:00,13,2,3,17,45,640,547,,,,Plein jour,Hors agglomération,Hors intersection,Normale,Sans collision,,,,,,,,,,,1,1,1,1.0,7
201300002965,0013-02-03 14:00:00,13,2,3,14,0,640,38,CHEMIN DU BOSQUET,,,Plein jour,Hors agglomération,Hors intersection,Normale,Deux véhicules - frontale,,,,,,,,,,,1,1,1,1.0,1
201300002966,0013-06-13 17:45:00,13,6,13,17,45,640,213,,43.331,-1.46651,Plein jour,Hors agglomération,Hors intersection,Temps couvert,Deux véhicules - côté,,,,,,,,,,,1,1,1,8.0,3
201300002967,0013-07-05 10:15:00,13,7,5,10,15,640,38,COTE DE CHAPELET,43.4567,-1.53499,Plein jour,En agglomération,Hors intersection,Normale,Deux véhicules - frontale,,,,,,,,,,,1,2,1,1.0,1
201300002968,0013-07-09 10:00:00,13,7,9,10,0,640,213,,43.3676,-1.46479,Plein jour,Hors agglomération,Hors intersection,Normale,Deux véhicules - côté,,,,,,,,,,,1,1,1,1.0,3
201300002969,0013-07-12 13:15:00,13,7,12,13,15,640,547,D. 932,43.3837,-1.44354,Plein jour,En agglomération,Hors intersection,Normale,Deux véhicules - côté,,,,,,,,,,,1,2,1,1.0,3
201300002970,0013-09-14 07:15:00,13,9,14,7,15,640,160,,43.3637,-1.36954,Crépuscule ou aube,Hors agglomération,Hors intersection,Brouillard / fumée,Autre collision,,,,,,,,,,,2,1,1,5.0,6
201300002971,0013-09-16 13:30:00,13,9,16,13,30,640,527,,,,Plein jour,Hors agglomération,Hors intersection,Normale,Autre collision,,,,,,,,,,,1,1,1,1.0,6
201300002972,0013-11-20 18:15:00,13,11,20,18,15,640,160,AV D'ESPAGNE,43.3601,-1.4014,Nuit avec éclairage allumé,En agglomération,Hors intersection,Pluie légère,Autre collision,,,,,,,,,,,5,2,1,2.0,6
201300002973,0013-05-31 14:00:00,13,5,31,14,0,640,475,,43.0367,-0.88265,Plein jour,Hors agglomération,Hors intersection,Pluie forte,Sans collision,,,,,,,,,,,1,1,1,3.0,7
201300002974,0013-06-22 15:15:00,13,6,22,15,15,640,188,2 AV GENERAL DE GAULLE,,,Plein jour,En agglomération,Hors intersection,Normale,Deux véhicules - côté,,,,,,,,,,,1,2,1,1.0,3
201300002975,0013-07-07 18:30:00,13,7,7,18,30,640,188,,43.246,-0.872,Plein jour,Hors agglomération,Hors intersection,Normale,Deux véhicules - côté,,,,,,,,,,,1,1,1,1.0,3
201300002976,0013-07-12 22:30:00,13,7,12,22,30,640,214,,43.2858,-0.87488,Crépuscule ou aube,Hors agglomération,Hors intersection,Normale,Deux véhicules - frontale,,,,,,,,,,,2,1,1,1.0,1
201300002977,0013-08-04 15:30:00,13,8,4,15,30,640,404,RD918,43.098,-0.81923,Plein jour,En agglomération,Giratoire,Normale,Sans collision,,,,,,,,,,,1,2,6,1.0,7
201300002978,0013-08-22 15:45:00,13,8,22,15,45,640,404,,,,Plein jour,Hors agglomération,Hors intersection,Normale,Trois véhicules et plus - collisions multiples,,,,,,,,,,,1,1,1,1.0,5
201300002979,0013-10-19 22:45:00,13,10,19,22,45,640,424,,,,Nuit sans éclairage public,Hors agglomération,Hors intersection,Normale,Sans collision,,,,,,,,,,,3,1,1,1.0,7
201300002980,0013-11-15 18:45:00,13,11,15,18,45,640,371,14 AV DE BELZUNCE,43.2245,-0.88088,Nuit avec éclairage allumé,En agglomération,Hors intersection,Pluie forte,Autre collision,,,,,,,,,,,5,2,1,3.0,6
201300002981,0013-01-25 07:45:00,13,1,25,7,45,640,47,,43.1175,-1.26979,Crépuscule ou aube,Hors agglomération,Hors intersection,Autre,Deux véhicules - frontale,,,,,,,,,,,2,1,1,9.0,1
201300002982,0013-10-21 07:00:00,13,10,21,7,0,640,13,,43.2018,-1.14898,Nuit avec éclairage allumé,Hors agglomération,Intersection en T,Normale,Deux véhicules - côté,,,,,,,,,,,5,1,3,1.0,3
201300002983,0013-02-11 08:30:00,13,2,11,8,30,640,235,,43.3517,-1.0623,Plein jour,Hors agglomération,Hors intersection,Pluie légère,Sans collision,,,,,,,,,,,1,1,1,2.0,7
201300002984,0013-04-15 19:45:00,13,4,15,19,45,640,51,,43.4085,-1.1118,Crépuscule ou aube,Hors agglomération,Hors intersection,Normale,Sans collision,,,,,,,,,,,2,1,1,1.0,7
201300002985,0013-06-29 18:30:00,13,6,29,18,30,640,436,,43.2511,-1.31835,Plein jour,Hors agglomération,Hors intersection,Normale,Trois véhicules et plus - collisions multiples,,,,,,,,,,,1,1,1,1.0,5
201300002986,0013-09-16 18:15:00,13,9,16,18,15,640,271,,43.2802,-1.18834,Plein jour,Hors agglomération,Hors intersection,Pluie légère,Sans collision,,,,,,,,,,,1,1,1,2.0,7
201300002987,0013-04-30 16:00:00,13,4,30,16,0,640,422,RUE DE L'UNION/AMP?RE,43.1855,-0.60754,Plein jour,En agglomération,Hors intersection,Normale,Deux véhicules - frontale,,,,,,,,,,,1,2,1,1.0,1
201300002988,0013-05-24 16:45:00,13,5,24,16,45,640,422,RUE DE SEGUES,43.1983,-0.6029,Plein jour,En agglomération,Hors intersection,Pluie légère,Deux véhicules - côté,,,,,,,,,,,1,2,1,2.0,3
201300002989,0013-05-26 12:30:00,13,5,26,12,30,640,422,,,,Plein jour,Hors agglomération,Hors intersection,Normale,Autre collision,,,,,,,,,,,1,1,1,1.0,6
201300002990,0013-07-10 11:45:00,13,7,10,11,45,640,409,,,,Plein jour,Hors agglomération,Hors intersection,Normale,Trois véhicules et plus - en chaîne,,,,,,,,,,,1,1,1,1.0,4
201300002991,0013-07-12 09:30:00,13,7,12,9,30,640,422,,43.1993,-0.62668,Plein jour,En agglomération,Autre intersection,Normale,Deux véhicules - côté,,,,,,,,,,,1,2,9,1.0,3
201300002992,0013-07-19 01:30:00,13,7,19,1,30,640,252,RN 134 route du Somport,,,Nuit avec éclairage allumé,En agglomération,Hors intersection,Normale,Autre collision,,,,,,,,,,,5,2,1,1.0,6
201300002993,0013-07-26 19:00:00,13,7,26,19,0,640,209,,43.1809,-0.56945,Plein jour,Hors agglomération,Hors intersection,Normale,Deux véhicules - frontale,,,,,,,,,,,1,1,1,1.0,1
201300002994,0013-12-06 08:15:00,13,12,6,8,15,640,422,RP DE LA JAO,43.1977,-0.60452,Plein jour,En agglomération,Giratoire,Normale,Deux véhicules - côté,,,,,,,,,,,1,2,6,1.0,3
201300002995,0013-12-10 17:30:00,13,12,10,17,30,640,328,,43.2222,-0.63319,Nuit sans éclairage public,Hors agglomération,Hors intersection,Normale,Deux véhicules - frontale,,,,,,,,,,,3,1,1,1.0,1
201300002996,0013-04-21 06:15:00,13,4,21,6,15,640,116,,43.1204,-0.43351,Nuit sans éclairage public,Hors agglomération,Hors intersection,Normale,Autre collision,,,,,,,,,,,3,1,1,1.0,6
201300002997,0013-07-21 10:45:00,13,7,21,10,45,640,463,,43.1539,-0.40458,Plein jour,Hors agglomération,Hors intersection,Normale,Sans collision,,,,,,,,,,,1,1,1,1.0,7
201300002998,0013-06-12 17:30:00,13,6,12,17,30,640,535,CD 2002 ROUTE D ABOS,43.355,-0.53031,Plein jour,En agglomération,Hors intersection,Temps éblouissant,Trois véhicules et plus - collisions multiples,,,,,,,,,,,1,2,1,7.0,5
201300002999,0013-07-23 14:15:00,13,7,23,14,15,640,535,,43.3498,-0.52327,Plein jour,Hors agglomération,Hors intersection,Normale,Autre collision,,,,,,,,,,,1,1,1,1.0,6
201300003000,0013-07-30 13:15:00,13,7,30,13,15,640,306,CD9,43.3602,-0.62272,Plein jour,En agglomération,Intersection en T,Normale,Deux véhicules - côté,,,,,,,,,,,1,2,3,1.0,3
201300003001,0013-10-05 15:15:00,13,10,5,15,15,640,359,,43.252,-0.62,Plein jour,Hors agglomération,Hors intersection,Normale,Deux véhicules - frontale,,,,,,,,,,,1,1,1,1.0,1
201300003002,0013-12-04 08:00:00,13,12,4,8,0,640,178,,43.3404,-0.78272,Crépuscule ou aube,Hors agglomération,Hors intersection,Normale,Deux véhicules - frontale,,,,,,,,,,,2,1,1,1.0,1
201300003003,0013-12-07 13:00:00,13,12,7,13,0,640,420,,,,Plein jour,Hors agglomération,Hors intersection,Normale,Deux véhicules - frontale,,,,,,,,,,,1,1,1,1.0,1
201300003004,0013-02-16 18:45:00,13,2,16,18,45,640,430,399 RUE LA CARRERE,43.4767,-0.80603,Plein jour,En agglomération,Hors intersection,Normale,Deux véhicules - frontale,,,,,,,,,,,1,2,1,1.0,1
201300003005,0013-05-17 15:15:00,13,5,17,15,15,640,430,RD 817,,,Plein jour,En agglomération,Hors intersection,Temps couvert,Deux véhicules - frontale,,,,,,,,,,,1,2,1,8.0,1
201300003006,0013-05-19 11:15:00,13,5,19,11,15,640,510,,43.5361,-0.69022,Plein jour,Hors agglomération,Hors intersection,Temps couvert,Deux véhicules - frontale,,,,,,,,,,,1,1,1,8.0,1
201300003007,0013-11-23 15:30:00,13,11,23,15,30,640,135,,,,Plein jour,Hors agglomération,Hors intersection,Normale,Sans collision,,,,,,,,,,,1,1,1,1.0,7
201300003008,0013-12-23 12:00:00,13,12,23,12,0,640,430,,,,Plein jour,Hors agglomération,Hors intersection,Normale,Deux véhicules - frontale,,,,,,,,,,,1,1,1,1.0,1
201300003009,0013-10-31 15:30:00,13,10,31,15,30,640,499,,43.444,-0.92837,Plein jour,Hors agglomération,Hors intersection,Normale,Deux véhicules - frontale,,,,,,,,,,,1,1,1,1.0,1
201300003010,0013-11-15 10:45:00,13,11,15,10,45,640,499,,43.4445,-0.9283,Plein jour,Hors agglomération,Hors intersection,Normale,Deux véhicules - côté,,,,,,,,,,,1,1,1,1.0,3
201300003011,0013-01-25 15:45:00,13,1,25,15,45,860,276,,,,Plein jour,Hors agglomération,Hors intersection,Normale,Sans collision,,,,,,,,,,,1,1,1,1.0,7
201300003012,0013-02-28 13:00:00,13,2,28,13,0,860,62,Bd Pierre et Marie Curie,,,Plein jour,En agglomération,Hors intersection,Normale,Autre collision,,,,,,,,,,,1,2,1,1.0,6