accident_id,datetime,annee,mois,jour,heure,minute,departement,commune_insee,adresse,latitude,longitude,luminosite,agglomeration,intersection,meteo,collision,nb_vehicules,nb_usagers,nb_indemnes,nb_tues,nb_blesses_hosp,nb_blesses_legers,age_cond_1,age_cond_2,veh_type_cond_1,veh_type_cond_2,lum_code,agg_code,int_code,atm_code,col_code
201300003142,0013-07-25 07:15:00,13,7,25,7,15,160,348,La Croix du Fils,45.67049,0.02499,Plein jour,Hors agglomération,Hors intersection,Normale,Deux véhicules - côté,,,,,,,,,,,1,1,1,1.0,3
201300003143,0013-09-01 09:15:00,13,9,1,9,15,160,138,La cotede Sainte Barbe,45.67397,0.10576,Plein jour,En agglomération,Hors intersection,Normale,Autre collision,,,,,,,,,,,1,2,1,1.0,6
201300003144,0013-10-25 10:00:00,13,10,25,10,0,160,187,Chez Siret,45.64982,0.07687,Plein jour,En agglomération,Hors intersection,Pluie légère,Autre collision,,,,,,,,,,,1,2,1,2.0,6
201300003145,0013-11-25 07:45:00,13,11,25,7,45,160,163,CHEMIN DU PARC,45.6732,0.00542,Crépuscule ou aube,En agglomération,Hors intersection,Normale,Deux véhicules - côté,,,,,,,,,,,2,2,1,1.0,3
201300003146,0013-02-10 01:00:00,13,2,10,1,0,160,206,La Gagnarderie,45.8804,0.18235,Nuit avec éclairage non allumé,En agglomération,Hors intersection,Brouillard / fumée,Sans collision,,,,,,,,,,,4,2,1,5.0,7
201300003147,0013-02-12 08:15:00,13,2,12,8,15,160,272,Les Molières,45.87754,0.23896,Plein jour,Hors agglomération,Hors intersection,Neige / grêle,Deux véhicules - frontale,,,,,,,,,,,1,1,1,4.0,1
201300003148,0013-03-17 14:45:00,13,3,17,14,45,160,68,Les Pins,45.89275,0.33801,Plein jour,Hors agglomération,Hors intersection,Normale,Sans collision,,,,,,,,,,,1,1,1,1.0,7
201300003149,0013-06-22 19:45:00,13,6,22,19,45,160,140,Les Coirards,45.89301,0.19528,Plein jour,Hors agglomération,Hors intersection,Pluie légère,Autre collision,,,,,,,,,,,1,1,1,2.0,6
201300003150,0013-10-21 11:45:00,13,10,21,11,45,160,383,Coeur Joyeux,45.80389,-0.21689,Plein jour,Hors agglomération,Intersection en X,Vent fort / tempête,Deux véhicules - côté,,,,,,,,,,,1,1,2,6.0,3
201300003151,0013-12-15 10:45:00,13,12,15,10,45,160,318,Les Grands Genets,45.90431,0.2672,Plein jour,Hors agglomération,Hors intersection,Autre,Autre collision,,,,,,,,,,,1,1,1,9.0,6
201300003152,0013-01-03 13:30:00,13,1,3,13,30,160,406,LE PANISSAUD,45.67709,0.40683,Plein jour,En agglomération,Hors intersection,Normale,Deux véhicules - côté,,,,,,,,,,,1,2,1,1.0,3
201300003153,0013-05-22 04:15:00,13,5,22,4,15,160,137,La petite Motte Chateau,45.6057,0.48287,Nuit sans éclairage public,Hors agglomération,Hors intersection,Pluie légère,Autre collision,,,,,,,,,,,3,1,1,2.0,6
201300003154,0013-11-11 16:45:00,13,11,11,16,45,160,372,,45.61105,0.50256,Plein jour,Hors agglomération,Intersection en X,Normale,Deux véhicules - côté,,,,,,,,,,,1,1,2,1.0,3
201300003155,0013-01-30 18:45:00,13,1,30,18,45,160,122,La Font des marais,45.94902,0.04715,Nuit sans éclairage public,Hors agglomération,Intersection en X,Normale,Deux véhicules - côté,,,,,,,,,,,3,1,2,1.0,3
201300003156,0013-05-27 11:15:00,13,5,27,11,15,160,221,45.87168,45.87168,-0.01252,Plein jour,Hors agglomération,Hors intersection,Normale,Deux véhicules - frontale,,,,,,,,,,,1,1,1,1.0,1
201300003157,0013-07-01 13:45:00,13,7,1,13,45,160,390,Le Magnou,45.92947,0.07896,Plein jour,Hors agglomération,Intersection en X,Normale,Deux véhicules - côté,,,,,,,,,,,1,1,2,1.0,3
201300003158,0013-08-08 02:00:00,13,8,8,2,0,160,194,Les Marais des Gours,45.94583,-0.06428,Nuit sans éclairage public,Hors agglomération,Hors intersection,Normale,Sans collision,,,,,,,,,,,3,1,1,1.0,7
201300003159,0013-08-10 16:30:00,13,8,10,16,30,160,194,l'Ager,45.9436,-0.8553,Plein jour,Hors agglomération,Intersection en T,Normale,Deux véhicules - côté,,,,,,,,,,,1,1,3,1.0,3
201300003160,0013-05-18 18:45:00,13,5,18,18,45,170,193,,46.10949,-1.08428,Plein jour,Hors agglomération,Hors intersection,Pluie forte,Deux véhicules - frontale,,,,,,,,,,,1,1,1,3.0,1
201300003161,0013-06-06 07:30:00,13,6,6,7,30,170,109,,46.1365,-1.01574,Plein jour,Hors agglomération,Hors intersection,Normale,Deux véhicules - côté,,,,,,,,,,,1,1,1,1.0,3
201300003162,0013-07-09 19:45:00,13,7,9,19,45,170,194,,46.13556,-1.00941,Plein jour,Hors agglomération,Intersection en X,Normale,Deux véhicules - côté,,,,,,,,,,,1,1,2,1.0,3
201300003163,0013-08-16 12:30:00,13,8,16,12,30,170,94,,46.09197,-1.09928,Plein jour,Hors agglomération,Hors intersection,Normale,Deux véhicules - côté,,,,,,,,,,,1,1,1,1.0,3
201300003164,0013-12-23 19:15:00,13,12,23,19,15,170,315,,46.13607,-0.93745,Nuit sans éclairage public,Hors agglomération,Hors intersection,Vent fort / tempête,Trois véhicules et plus - collisions multiples,,,,,,,,,,,3,1,1,6.0,5
201300003165,0013-02-18 12:45:00,13,2,18,12,45,170,267,,46.232,-0.917,Plein jour,Hors agglomération,Hors intersection,Normale,Deux véhicules - frontale,,,,,,,,,,,1,1,1,1.0,1
201300003166,0013-07-18 14:00:00,13,7,18,14,0,170,91,,46.27371,-1.06787,Plein jour,Hors agglomération,Hors intersection,Normale,Trois véhicules et plus - collisions multiples,,,,,,,,,,,1,1,1,1.0,5
201300003167,0013-08-01 18:45:00,13,8,1,18,45,170,439,,46.3361,-0.82553,Plein jour,Hors agglomération,Hors intersection,Normale,Autre collision,,,,,,,,,,,1,1,1,1.0,6
201300003168,0013-09-22 10:00:00,13,9,22,10,0,170,439,,46.322,-0.836,Plein jour,Hors agglomération,Hors intersection,Normale,Trois véhicules et plus - collisions multiples,,,,,,,,,,,1,1,1,1.0,5
201300003169,0013-10-09 08:00:00,13,10,9,8,0,170,267,,46.22637,-0.90685,Nuit sans éclairage public,Hors agglomération,Hors intersection,Normale,Autre collision,,,,,,,,,,,3,1,1,1.0,6
201300003170,0013-10-10 13:45:00,13,10,10,13,45,170,322,,46.257,-0.835,Plein jour,Hors agglomération,Intersection en X,Normale,Deux véhicules - côté,,,,,,,,,,,1,1,2,1.0,3
201300003171,0013-05-03 07:45:00,13,5,3,7,45,170,121,,46.19872,-1.42535,Plein jour,Hors agglomération,Hors intersection,Normale,Trois véhicules et plus - collisions multiples,,,,,,,,,,,1,1,1,1.0,5
201300003172,0013-05-29 09:45:00,13,5,29,9,45,170,161,rue de la touche,46.18989,-1.33838,Plein jour,En agglomération,Hors intersection,Normale,Deux véhicules - frontale,,,,,,,,,,,1,2,1,1.0,1
201300003173,0013-06-28 14:00:00,13,6,28,14,0,170,121,,46.19798,-1.42726,Plein jour,Hors agglomération,Intersection en X,Normale,Deux véhicules - côté,,,,,,,,,,,1,1,2,1.0,3
201300003174,0013-07-09 02:00:00,13,7,9,2,0,170,360,,46.16449,-1.35181,Nuit sans éclairage public,Hors agglomération,Hors intersection,Normale,Autre collision,,,,,,,,,,,3,1,1,1.0,6
201300003175,0013-08-01 10:00:00,13,8,1,10,0,170,369,avenue des Corsaires,46.20097,-1.3528,Plein jour,En agglomération,Hors intersection,Normale,Deux véhicules - côté,,,,,,,,,,,1,2,1,1.0,3
201300003176,0013-08-03 01:30:00,13,8,3,1,30,170,19,,46.20603,-1.52028,Nuit sans éclairage public,Hors agglomération,Hors intersection,Normale,Autre collision,,,,,,,,,,,3,1,1,1.0,6
201300003177,0013-09-28 11:30:00,13,9,28,11,30,170,318,,46.23756,-1.54453,Plein jour,Hors agglomération,Hors intersection,Temps couvert,Sans collision,,,,,,,,,,,1,1,1,8.0,7
201300003178,0013-10-30 19:00:00,13,10,30,19,0,170,19,,46.20202,-1.48459,Nuit sans éclairage public,Hors agglomération,Hors intersection,Normale,Deux véhicules - arrière,,,,,,,,,,,3,1,1,1.0,2
201300003179,0013-11-07 19:30:00,13,11,7,19,30,170,161,,46.18485,-1.30415,Nuit sans éclairage public,Hors agglomération,Hors intersection,Normale,Deux véhicules - côté,,,,,,,,,,,3,1,1,1.0,3
201300003180,0013-12-11 08:00:00,13,12,11,8,0,170,51,,46.17582,-1.37823,Crépuscule ou aube,Hors agglomération,Hors intersection,Normale,Autre collision,,,,,,,,,,,2,1,1,1.0,6
201300003181,0013-12-12 08:45:00,13,12,12,8,45,170,51,,46.191,-1.368,Plein jour,Hors agglomération,Hors intersection,Temps couvert,Trois véhicules et plus - collisions multiples,,,,,,,,,,,1,1,1,8.0,5
201300003182,0013-03-10 10:30:00,13,3,10,10,30,170,204,,45.38248,-0.33991,Plein jour,Hors agglomération,Hors intersection,Normale,Deux véhicules - arrière,,,,,,,,,,,1,1,1,1.0,2
201300003183,0013-05-07 19:45:00,13,5,7,19,45,170,197,13 avenue gal De gaulle,45.44082,-0.43786,Plein jour,En agglomération,Hors intersection,Normale,Deux véhicules - frontale,,,,,,,,,,,1,2,1,1.0,1
201300003184,0013-07-18 09:30:00,13,7,18,9,30,170,192,,45.55874,-0.38169,Plein jour,Hors agglomération,Hors intersection,Normale,Trois véhicules et plus - collisions multiples,,,,,,,,,,,1,1,1,1.0,5
201300003185,0013-08-04 17:30:00,13,8,4,17,30,170,339,,45.48617,-0.41647,Plein jour,Hors agglomération,Intersection en X,Normale,Deux véhicules - côté,,,,,,,,,,,1,1,2,1.0,3
201300003186,0013-08-15 20:00:00,13,8,15,20,0,170,403,,45.39595,-0.45168,Plein jour,Hors agglomération,Hors intersection,Normale,Deux véhicules - arrière,,,,,,,,,,,1,1,1,1.0,2
201300003187,0013-10-07 17:30:00,13,10,7,17,30,170,197,Avenue Gambetta,,,Plein jour,En agglomération,Hors intersection,Normale,Autre collision,,,,,,,,,,,1,2,1,1.0,6
201300003188,0013-11-12 10:30:00,13,11,12,10,30,170,16,,45.52496,-0.30899,Plein jour,Hors agglomération,Hors intersection,Pluie légère,Sans collision,,,,,,,,,,,1,1,1,2.0,7
201300003189,0013-02-02 10:30:00,13,2,2,10,30,170,250,,45.5021,-0.52461,Plein jour,Hors agglomération,Hors intersection,Normale,Deux véhicules - côté,,,,,,,,,,,1,1,1,1.0,3
201300003190,0013-04-13 20:30:00,13,4,13,20,30,170,331,,45.48673,-0.58499,Nuit sans éclairage public,Hors agglomération,Hors intersection,Normale,Sans collision,,,,,,,,,,,3,1,1,1.0,7
201300003191,0013-04-20 19:00:00,13,4,20,19,0,170,210,,45.47843,-0.67369,Plein jour,Hors agglomération,Hors intersection,Normale,Sans collision,,,,,,,,,,,1,1,1,1.0,7
201300003192,0013-04-21 15:00:00,13,4,21,15,0,170,210,,45.46707,-0.67587,Plein jour,Hors agglomération,Hors intersection,Normale,Deux véhicules - frontale,,,,,,,,,,,1,1,1,1.0,1
201300003193,0013-04-24 10:15:00,13,4,24,10,15,170,129,,45.3262,-0.48249,Plein jour,Hors agglomération,Hors intersection,Normale,Deux véhicules - frontale,,,,,,,,,,,1,1,1,1.0,1
201300003194,0013-05-13 08:15:00,13,5,13,8,15,170,362,,45.36356,-0.59745,Plein jour,Hors agglomération,Autre intersection,Normale,Autre collision,,,,,,,,,,,1,1,9,1.0,6
201300003195,0013-09-01 02:15:00,13,9,1,2,15,170,250,,45.49648,-0.51782,Nuit sans éclairage public,Hors agglomération,Hors intersection,Normale,Autre collision,,,,,,,,,,,3,1,1,1.0,6
201300003196,0013-09-25 16:15:00,13,9,25,16,15,170,405,,45.37405,-0.69164,Plein jour,Hors agglomération,Hors intersection,Normale,Deux véhicules - côté,,,,,,,,,,,1,1,1,1.0,3
201300003197,0013-10-13 16:15:00,13,10,13,16,15,170,331,Avenue de Bordeaux D 137,45.47727,-0.5698,Plein jour,En agglomération,Autre intersection,Normale,Autre collision,,,,,,,,,,,1,2,9,1.0,6
201300003198,0013-12-06 22:30:00,13,12,6,22,30,170,111,,45.46228,-0.50125,Nuit sans éclairage public,Hors agglomération,Hors intersection,Brouillard / fumée,Autre collision,,,,,,,,,,,3,1,1,5.0,6
201300003199,0013-01-18 18:15:00,13,1,18,18,15,170,240,Boulevard de la R?publiq,45.2846,-0.40621,Nuit avec éclairage allumé,En agglomération,Hors intersection,Pluie forte,Autre collision,,,,,,,,,,,5,2,1,3.0,6
201300003200,0013-05-01 20:30:00,13,5,1,20,30,170,243,,45.24543,-0.28127,Plein jour,Hors agglomération,Hors intersection,Normale,Autre collision,,,,,,,,,,,1,1,1,1.0,6
201300003201,0013-06-19 07:45:00,13,6,19,7,45,170,282,,45.32905,-0.35448,Plein jour,Hors agglomération,Hors intersection,Normale,Deux véhicules - frontale,,,,,,,,,,,1,1,1,1.0,1
201300003202,0013-06-25 21:45:00,13,6,25,21,45,170,287,,45.2615,-0.25792,Crépuscule ou aube,Hors agglomération,Hors intersection,Normale,Autre collision,,,,,,,,,,,2,1,1,1.0,6
201300003203,0013-07-16 16:00:00,13,7,16,16,0,170,38,,45.172,-0.336,Plein jour,Hors agglomération,Hors intersection,Normale,Autre collision,,,,,,,,,,,1,1,1,1.0,6
201300003204,0013-03-17 14:30:00,13,3,17,14,30,170,351,,45.80781,-0.99048,Plein jour,Hors agglomération,Hors intersection,Normale,Autre collision,,,,,,,,,,,1,1,1,1.0,6
201300003205,0013-07-06 14:45:00,13,7,6,14,45,170,351,,45.8221,-1.0764,Plein jour,Hors agglomération,Hors intersection,Normale,Deux véhicules - frontale,,,,,,,,,,,1,1,1,1.0,1
201300003206,0013-08-13 11:00:00,13,8,13,11,0,170,219,,45.831,-1.11496,Plein jour,Hors agglomération,Intersection en T,Normale,Deux véhicules - côté,,,,,,,,,,,1,1,3,1.0,3
201300003207,0013-08-16 18:30:00,13,8,16,18,30,170,219,,45.83363,-1.09438,Plein jour,Hors agglomération,Hors intersection,Normale,Deux véhicules - côté,,,,,,,,,,,1,1,1,1.0,3
201300003208,0013-09-12 14:45:00,13,9,12,14,45,170,219,,45.805,-1.137,Plein jour,Hors agglomération,Autre intersection,Normale,Autre collision,,,,,,,,,,,1,1,9,1.0,6
201300003209,0013-10-27 17:45:00,13,10,27,17,45,170,351,,45.82274,-1.06994,Crépuscule ou aube,Hors agglomération,Hors intersection,Normale,Deux véhicules - frontale,,,,,,,,,,,2,1,1,1.0,1
201300003210,0013-10-31 16:30:00,13,10,31,16,30,170,406,,45.76327,-0.97965,Crépuscule ou aube,Hors agglomération,Intersection en T,Normale,Trois véhicules et plus - collisions multiples,,,,,,,,,,,2,1,3,1.0,5
201300003211,0013-11-08 18:15:00,13,11,8,18,15,170,219,La Chainade,45.83283,-1.12593,Nuit avec éclairage allumé,En agglomération,Hors intersection,Pluie légère,Deux véhicules - arrière,,,,,,,,,,,5,2,1,2.0,2
201300003212,0013-07-05 18:30:00,13,7,5,18,30,170,308,,45.85485,-0.97989,Plein jour,Hors agglomération,Hors intersection,Normale,Deux véhicules - frontale,,,,,,,,,,,1,1,1,1.0,1
201300003213,0013-10-29 16:45:00,13,10,29,16,45,170,348,,45.83412,-0.94187,Plein jour,Hors agglomération,Hors intersection,Normale,Deux véhicules - côté,,,,,,,,,,,1,1,1,1.0,3
201300003214,0013-11-03 18:00:00,13,11,3,18,0,170,348,,45.8375,-0.94519,Nuit sans éclairage public,Hors agglomération,Hors intersection,Pluie forte,Deux véhicules - côté,,,,,,,,,,,3,1,1,3.0,3
201300003215,0013-05-11 10:15:00,13,5,11,10,15,170,337,508 rue de la giberti?re,45.97112,-1.29475,Plein jour,En agglomération,Hors intersection,Normale,Autre collision,,,,,,,,,,,1,2,1,1.0,6
201300003216,0013-05-16 09:00:00,13,5,16,9,0,170,93,D734,45.88786,-1.20026,Plein jour,En agglomération,Giratoire,Temps couvert,Deux véhicules - côté,,,,,,,,,,,1,2,6,8.0,3
201300003217,0013-05-31 22:00:00,13,5,31,22,0,170,385,,45.93705,-1.35687,Nuit sans éclairage public,En agglomération,Hors intersection,Normale,Deux véhicules - frontale,,,,,,,,,,,3,2,1,1.0,1
201300003218,0013-06-12 22:45:00,13,6,12,22,45,170,385,,45.92437,-1.29978,Nuit sans éclairage public,Hors agglomération,Hors intersection,Normale,Sans collision,,,,,,,,,,,3,1,1,1.0,7
201300003219,0013-06-14 03:00:00,13,6,14,3,0,170,385,avenue des pins,45.92047,-1.33889,Nuit avec éclairage allumé,En agglomération,Hors intersection,Normale,Autre collision,,,,,,,,,,,5,2,1,1.0,6
201300003220,0013-07-05 06:00:00,13,7,5,6,0,170,385,,45.92696,-1.28366,Crépuscule ou aube,Hors agglomération,Hors intersection,Normale,Deux véhicules - côté,,,,,,,,,,,2,1,1,1.0,3
201300003221,0013-08-05 12:30:00,13,8,5,12,30,170,323,,46.04105,-1.39144,Plein jour,Hors agglomération,Hors intersection,Temps couvert,Deux véhicules - côté,,,,,,,,,,,1,1,1,8.0,3
201300003222,0013-08-12 00:30:00,13,8,12,0,30,170,140,,45.90283,-1.25081,Nuit avec éclairage allumé,Hors agglomération,Hors intersection,Normale,Sans collision,,,,,,,,,,,5,1,1,1.0,7
201300003223,0013-08-28 08:00:00,13,8,28,8,0,170,385,,45.94021,-1.2852,Nuit sans éclairage public,Hors agglomération,Hors intersection,Normale,Autre collision,,,,,,,,,,,3,1,1,1.0,6
201300003224,0013-08-29 18:00:00,13,8,29,18,0,170,93,,45.86521,-1.19989,Plein jour,Hors agglomération,Intersection en X,Normale,Deux véhicules - côté,,,,,,,,,,,1,1,2,1.0,3
201300003225,0013-09-06 22:15:00,13,9,6,22,15,170,323,PLACE DU MOULIN,46.02985,-1.37861,Nuit avec éclairage allumé,En agglomération,Hors intersection,Normale,Autre collision,,,,,,,,,,,5,2,1,1.0,6
201300003226,0013-09-13 19:00:00,13,9,13,19,0,170,411,avenue des bouillats,45.85011,-1.21631,Plein jour,En agglomération,Hors intersection,Normale,Deux véhicules - côté,,,,,,,,,,,1,2,1,1.0,3
201300003227,0013-09-26 14:15:00,13,9,26,14,15,170,385,19 ROUTE DES CHATELIERS,45.93334,-1.32543,Plein jour,En agglomération,Hors intersection,Normale,Deux véhicules - côté,,,,,,,,,,,1,2,1,1.0,3
201300003228,0013-11-10 11:00:00,13,11,10,11,0,170,486,,46.02064,-1.36188,Plein jour,Hors agglomération,Hors intersection,Temps couvert,Sans collision,,,,,,,,,,,1,1,1,8.0,7
201300003229,0013-12-31 16:00:00,13,12,31,16,0,170,385,,45.91609,-1.29911,Plein jour,Hors agglomération,Hors intersection,Pluie forte,Autre collision,,,,,,,,,,,1,1,1,3.0,6
201300003230,0013-01-07 19:00:00,13,1,7,19,0,170,155,rue charles herv?,45.7321,-1.09889,Nuit avec éclairage allumé,En agglomération,Hors intersection,Pluie légère,Deux véhicules - côté,,,,,,,,,,,5,2,1,2.0,3
201300003231,0013-01-22 17:15:00,13,1,22,17,15,170,409,,45.6874,-1.00796,Plein jour,Hors agglomération,Hors intersection,Pluie légère,Deux véhicules - côté,,,,,,,,,,,1,1,1,2.0,3
201300003232,0013-04-30 14:45:00,13,4,30,14,45,170,21,,45.743,-1.134,Plein jour,Hors agglomération,Hors intersection,Pluie légère,Deux véhicules - frontale,,,,,,,,,,,1,1,1,2.0,1
201300003233,0013-04-30 16:00:00,13,4,30,16,0,170,409,,45.685,-0.992,Plein jour,Hors agglomération,Hors intersection,Pluie légère,Deux véhicules - frontale,,,,,,,,,,,1,1,1,2.0,1
201300003234,0013-06-14 16:30:00,13,6,14,16,30,170,225,,45.726,-1.226,Plein jour,Hors agglomération,Hors intersection,Normale,Sans collision,,,,,,,,,,,1,1,1,1.0,7
201300003235,0013-06-16 15:30:00,13,6,16,15,30,170,452,,45.7897,-1.20657,Plein jour,Hors agglomération,Hors intersection,Normale,Autre collision,,,,,,,,,,,1,1,1,1.0,6
201300003236,0013-06-22 23:45:00,13,6,22,23,45,170,452,Av du G?n?ral de Gaulle,45.78481,-1.15695,Nuit avec éclairage allumé,En agglomération,Hors intersection,Normale,Deux véhicules - côté,,,,,,,,,,,5,2,1,1.0,3
201300003237,0013-07-07 16:30:00,13,7,7,16,30,170,225,,45.68495,-1.16558,Plein jour,Hors agglomération,Hors intersection,Normale,Trois véhicules et plus - collisions multiples,,,,,,,,,,,1,1,1,1.0,5
201300003238,0013-07-31 10:00:00,13,7,31,10,0,170,225,,45.702,-1.2,Plein jour,Hors agglomération,Hors intersection,Normale,Deux véhicules - côté,,,,,,,,,,,1,1,1,1.0,3
201300003239,0013-07-31 14:00:00,13,7,31,14,0,170,409,,45.695,-1.024,Plein jour,Hors agglomération,Hors intersection,Normale,Deux véhicules - arrière,,,,,,,,,,,1,1,1,1.0,2
201300003240,0013-08-04 10:15:00,13,8,4,10,15,170,452,,45.76483,-1.21275,Plein jour,Hors agglomération,Hors intersection,Normale,Sans collision,,,,,,,,,,,1,1,1,1.0,7
201300003241,0013-09-04 15:30:00,13,9,4,15,30,170,64,,45.69585,-1.04647,Plein jour,Hors agglomération,Hors intersection,Normale,Trois véhicules et plus - collisions multiples,,,,,,,,,,,1,1,1,1.0,5
201300003242,0013-09-05 16:30:00,13,9,5,16,30,170,452,,45.78546,-1.15803,Plein jour,Hors agglomération,Hors intersection,Normale,Deux véhicules - côté,,,,,,,,,,,1,1,1,1.0,3
201300003243,0013-09-24 18:30:00,13,9,24,18,30,170,155,Avenue SORIGNET,45.743,-1.106,Plein jour,En agglomération,Hors intersection,Normale,Autre collision,,,,,,,,,,,1,2,1,1.0,6
201300003244,0013-10-24 19:30:00,13,10,24,19,30,170,21,18 AVENUE DE L'ETRADE,45.756,-1.137,Nuit avec éclairage allumé,En agglomération,Hors intersection,Pluie légère,Deux véhicules - frontale,,,,,,,,,,,5,2,1,2.0,1
201300003245,0013-11-09 03:15:00,13,11,9,3,15,170,409,,45.68797,-1.01065,Nuit sans éclairage public,Hors agglomération,Hors intersection,Pluie forte,Sans collision,,,,,,,,,,,3,1,1,3.0,7
201300003246,0013-12-08 10:45:00,13,12,8,10,45,170,452,avenue de l'Etrade,45.76122,-1.14172,Plein jour,Hors agglomération,Intersection en X,Normale,Deux véhicules - côté,,,,,,,,,,,1,1,2,1.0,3
201300003247,0013-12-11 06:45:00,13,12,11,6,45,170,21,,45.75133,-1.12697,Nuit avec éclairage non allumé,En agglomération,Hors intersection,Autre,Autre collision,,,,,,,,,,,4,2,1,9.0,6
201300003248,0013-01-02 09:15:00,13,1,2,9,15,170,346,,45.9193,-0.88562,Nuit sans éclairage public,Hors agglomération,Hors intersection,Normale,Deux véhicules - frontale,,,,,,,,,,,3,1,1,1.0,1
201300003249,0013-11-09 17:00:00,13,11,9,17,0,170,353,,45.99117,-1.03756,Crépuscule ou aube,Hors agglomération,Autre intersection,Pluie légère,Deux véhicules - côté,,,,,,,,,,,2,1,9,2.0,3
201300003250,0013-11-24 22:30:00,13,11,24,22,30,170,320,,45.94973,-0.79112,Nuit sans éclairage public,Hors agglomération,Hors intersection,Normale,Sans collision,,,,,,,,,,,3,1,1,1.0,7
201300003251,0013-12-15 20:00:00,13,12,15,20,0,170,320,,45.96007,-0.78842,Nuit sans éclairage public,Hors agglomération,Hors intersection,Normale,Deux véhicules - frontale,,,,,,,,,,,3,1,1,1.0,1
201300003252,0013-01-02 17:00:00,13,1,2,17,0,170,338,,46.1622,-0.73874,Plein jour,Hors agglomération,Hors intersection,Temps éblouissant,Deux véhicules - côté,,,,,,,,,,,1,1,1,7.0,3
201300003253,0013-01-24 23:00:00,13,1,24,23,0,170,434,24 rue Olivier Brillouet,46.2029,-0.75259,Nuit avec éclairage allumé,En agglomération,Intersection en X,Normale,Deux véhicules - côté,,,,,,,,,,,5,2,2,1.0,3
201300003254,0013-01-26 21:45:00,13,1,26,21,45,170,57,,46.15728,-0.86173,Nuit sans éclairage public,Hors agglomération,Hors intersection,Normale,Autre collision,,,,,,,,,,,3,1,1,1.0,6
201300003255,0013-02-03 07:00:00,13,2,3,7,0,170,18,,46.05796,-0.8899,Nuit sans éclairage public,En agglomération,Hors intersection,Normale,Autre collision,,,,,,,,,,,3,2,1,1.0,6
201300003256,0013-02-19 18:30:00,13,2,19,18,30,170,434,,46.10753,-0.75047,Crépuscule ou aube,En agglomération,Intersection en X,Normale,Deux véhicules - côté,,,,,,,,,,,2,2,2,1.0,3
201300003257,0013-04-11 14:00:00,13,4,11,14,0,170,3,,46.10537,-0.97924,Plein jour,Hors agglomération,Hors intersection,Pluie légère,Deux véhicules - frontale,,,,,,,,,,,1,1,1,2.0,1
201300003258,0013-04-15 21:15:00,13,4,15,21,15,170,447,,46.09573,-0.94163,Nuit avec éclairage non allumé,Hors agglomération,Giratoire,Normale,Autre collision,,,,,,,,,,,4,1,6,1.0,6
201300003259,0013-04-20 06:15:00,13,4,20,6,15,170,107,,46.02538,-0.94471,Plein jour,Hors agglomération,Autre intersection,Normale,Deux véhicules - arrière,,,,,,,,,,,1,1,9,1.0,2
201300003260,0013-05-16 00:30:00,13,5,16,0,30,170,107,,46.0301,-0.94372,Nuit sans éclairage public,Hors agglomération,Hors intersection,Normale,Sans collision,,,,,,,,,,,3,1,1,1.0,7
201300003261,0013-05-17 19:45:00,13,5,17,19,45,170,482,,46.13509,-0.78953,Crépuscule ou aube,Hors agglomération,Hors intersection,Normale,Deux véhicules - côté,,,,,,,,,,,2,1,1,1.0,3
201300003262,0013-06-03 06:45:00,13,6,3,6,45,170,340,,46.07216,-0.78741,Plein jour,Hors agglomération,Hors intersection,Normale,Trois véhicules et plus - collisions multiples,,,,,,,,,,,1,1,1,1.0,5
201300003263,0013-06-08 17:15:00,13,6,8,17,15,170,57,,46.14364,-0.85647,Plein jour,Hors agglomération,Intersection en X,Normale,Deux véhicules - côté,,,,,,,,,,,1,1,2,1.0,3
201300003264,0013-06-16 10:30:00,13,6,16,10,30,170,447,,46.06724,-0.93951,Plein jour,Hors agglomération,Hors intersection,Normale,Autre collision,,,,,,,,,,,1,1,1,1.0,6
201300003265,0013-07-15 00:01:00,13,7,15,0,1,170,166,CD939,46.10115,-0.91132,Nuit avec éclairage allumé,En agglomération,Hors intersection,Normale,Trois véhicules et plus - collisions multiples,,,,,,,,,,,5,2,1,1.0,5
201300003266,0013-08-01 11:00:00,13,8,1,11,0,170,480,9 rue du pas de clerc,46.14282,-0.89695,Plein jour,En agglomération,Autre intersection,Normale,Sans collision,,,,,,,,,,,1,2,9,1.0,7
201300003267,0013-07-29 23:15:00,13,7,29,23,15,170,447,Rue du champ de foire,46.08442,-0.91745,Nuit sans éclairage public,En agglomération,Hors intersection,Normale,Autre collision,,,,,,,,,,,3,2,1,1.0,6
201300003268,0013-08-09 16:45:00,13,8,9,16,45,170,394,,46.1471,-0.64315,Plein jour,Hors agglomération,Intersection en X,Pluie légère,Deux véhicules - côté,,,,,,,,,,,1,1,2,2.0,3
201300003269,0013-09-01 20:00:00,13,9,1,20,0,170,447,,46.06569,-0.93599,Plein jour,Hors agglomération,Hors intersection,Normale,Sans collision,,,,,,,,,,,1,1,1,1.0,7