accident_id,datetime,annee,mois,jour,heure,minute,departement,commune_insee,adresse,latitude,longitude,luminosite,agglomeration,intersection,meteo,collision,nb_vehicules,nb_usagers,nb_indemnes,nb_tues,nb_blesses_hosp,nb_blesses_legers,age_cond_1,age_cond_2,veh_type_cond_1,veh_type_cond_2,lum_code,agg_code,int_code,atm_code,col_code
201300003270,0013-09-21 13:15:00,13,9,21,13,15,170,434,rue Jean Philippe Rameau,46.1104,-0.74054,Plein jour,En agglomération,Hors intersection,Normale,Autre collision,,,,,,,,,,,1,2,1,1.0,6
201300003271,0013-09-26 17:15:00,13,9,26,17,15,170,107,,46.06269,-0.93951,Plein jour,Hors agglomération,Hors intersection,Normale,Deux véhicules - frontale,,,,,,,,,,,1,1,1,1.0,1
201300003272,0013-10-09 15:30:00,13,10,9,15,30,170,447,,46.079,-0.938,Plein jour,Hors agglomération,Hors intersection,Normale,Deux véhicules - arrière,,,,,,,,,,,1,1,1,1.0,2
201300003273,0013-10-26 05:00:00,13,10,26,5,0,170,434,avenue amiral courbet,46.116,-0.745,Nuit avec éclairage allumé,En agglomération,Hors intersection,Temps couvert,Autre collision,,,,,,,,,,,5,2,1,8.0,6
201300003274,0013-11-04 21:45:00,13,11,4,21,45,170,80,,46.10317,-0.84476,Nuit sans éclairage public,Hors agglomération,Hors intersection,Pluie forte,Autre collision,,,,,,,,,,,3,1,1,3.0,6
201300003275,0013-11-12 07:45:00,13,11,12,7,45,170,63,,46.06653,-0.67845,Crépuscule ou aube,Hors agglomération,Intersection en X,Brouillard / fumée,Deux véhicules - côté,,,,,,,,,,,2,1,2,5.0,3
201300003276,0013-12-06 19:30:00,13,12,6,19,30,170,457,D107 / rue Boulangerie,46.062,-0.766,Nuit avec éclairage allumé,En agglomération,Hors intersection,Normale,Autre collision,,,,,,,,,,,5,2,1,1.0,6
201300003277,0013-01-05 17:15:00,13,1,5,17,15,170,444,,45.703,-0.642,Plein jour,Hors agglomération,Hors intersection,Normale,Autre collision,,,,,,,,,,,1,1,1,1.0,6
201300003278,0013-01-21 07:00:00,13,1,21,7,0,170,86,,45.7336,-0.53762,Crépuscule ou aube,Hors agglomération,Hors intersection,Normale,Trois véhicules et plus - collisions multiples,,,,,,,,,,,2,1,1,1.0,5
201300003279,0013-01-23 02:45:00,13,1,23,2,45,170,453,Rue de la Renaissance,45.906,-0.923,Nuit sans éclairage public,En agglomération,Hors intersection,Temps couvert,Autre collision,,,,,,,,,,,3,2,1,8.0,6
201300003280,0013-02-14 09:45:00,13,2,14,9,45,170,45,,45.87357,-0.86233,Plein jour,Hors agglomération,Intersection en X,Temps couvert,Deux véhicules - côté,,,,,,,,,,,1,1,2,8.0,3
201300003281,0013-04-10 15:30:00,13,4,10,15,30,170,179,,45.6839,-0.61028,Plein jour,Hors agglomération,Hors intersection,Pluie légère,Deux véhicules - frontale,,,,,,,,,,,1,1,1,2.0,1
201300003282,0013-04-16 18:45:00,13,4,16,18,45,170,284,rue du chemin vert,45.82909,-0.86526,Plein jour,En agglomération,Giratoire,Normale,Deux véhicules - côté,,,,,,,,,,,1,2,6,1.0,3
201300003283,0013-07-11 11:30:00,13,7,11,11,30,170,164,,45.75351,-0.59545,Plein jour,Hors agglomération,Hors intersection,Normale,Deux véhicules - arrière,,,,,,,,,,,1,1,1,1.0,2
201300003284,0013-08-13 12:45:00,13,8,13,12,45,170,143,,45.81,-0.58,Plein jour,Hors agglomération,Intersection en X,Normale,Deux véhicules - frontale,,,,,,,,,,,1,1,2,1.0,1
201300003285,0013-08-29 11:45:00,13,8,29,11,45,170,171,,45.8575,-0.75946,Plein jour,Hors agglomération,Hors intersection,Normale,Deux véhicules - frontale,,,,,,,,,,,1,1,1,1.0,1
201300003286,0013-09-02 17:15:00,13,9,2,17,15,170,330,,45.75315,-0.92768,Plein jour,Hors agglomération,Hors intersection,Normale,Trois véhicules et plus - collisions multiples,,,,,,,,,,,1,1,1,1.0,5
201300003287,0013-10-02 07:30:00,13,10,2,7,30,170,86,lieu dit chez P?rineau,45.72473,-0.57271,Plein jour,En agglomération,Intersection en T,Normale,Deux véhicules - côté,,,,,,,,,,,1,2,3,1.0,3
201300003288,0013-10-05 06:15:00,13,10,5,6,15,170,86,,45.73641,-0.53902,Nuit sans éclairage public,Hors agglomération,Hors intersection,Normale,Autre collision,,,,,,,,,,,3,1,1,1.0,6
201300003289,0013-12-03 12:00:00,13,12,3,12,0,170,330,,45.75228,-0.94693,Plein jour,Hors agglomération,Hors intersection,Normale,Deux véhicules - frontale,,,,,,,,,,,1,1,1,1.0,1
201300003290,0013-12-05 08:30:00,13,12,5,8,30,170,89,D131,45.764,-0.542,Plein jour,En agglomération,Hors intersection,Normale,Deux véhicules - frontale,,,,,,,,,,,1,2,1,1.0,1
201300003291,0013-12-06 16:45:00,13,12,6,16,45,170,164,,45.77077,-0.61787,Plein jour,Hors agglomération,Hors intersection,Normale,Autre collision,,,,,,,,,,,1,1,1,1.0,6
201300003292,0013-12-09 14:00:00,13,12,9,14,0,170,141,,45.717,-0.471,Plein jour,Hors agglomération,Intersection en X,Normale,Deux véhicules - côté,,,,,,,,,,,1,1,2,1.0,3
201300003293,0013-12-20 21:15:00,13,12,20,21,15,170,330,,45.783,-0.887,Nuit avec éclairage allumé,Hors agglomération,Hors intersection,Normale,Autre collision,,,,,,,,,,,5,1,1,1.0,6
201300003294,0013-12-24 17:15:00,13,12,24,17,15,170,100,,45.72596,-0.41927,Nuit sans éclairage public,Hors agglomération,Hors intersection,Pluie forte,Autre collision,,,,,,,,,,,3,1,1,3.0,6
201300003295,0013-12-30 09:30:00,13,12,30,9,30,170,45,,45.87395,-0.86451,Nuit sans éclairage public,Hors agglomération,Hors intersection,Normale,Deux véhicules - frontale,,,,,,,,,,,3,1,1,1.0,1
201300003296,0013-01-21 11:00:00,13,1,21,11,0,170,172,,45.5568,-0.68731,Plein jour,Hors agglomération,Hors intersection,Normale,Deux véhicules - frontale,,,,,,,,,,,1,1,1,1.0,1
201300003297,0013-02-08 08:00:00,13,2,8,8,0,170,404,route de la coudaignerie,45.6133,-0.69727,Plein jour,En agglomération,Hors intersection,Pluie légère,Autre collision,,,,,,,,,,,1,2,1,2.0,6
201300003298,0013-04-08 09:00:00,13,4,8,9,0,170,425,,45.57581,-0.89337,Plein jour,Hors agglomération,Hors intersection,Normale,Sans collision,,,,,,,,,,,1,1,1,1.0,7
201300003299,0013-04-24 20:30:00,13,4,24,20,30,170,244,,45.63879,-0.77151,Crépuscule ou aube,Hors agglomération,Hors intersection,Normale,Sans collision,,,,,,,,,,,2,1,1,1.0,7
201300003300,0013-05-22 17:30:00,13,5,22,17,30,170,131,boulevard des Dandonneau,45.58455,-0.83543,Plein jour,En agglomération,Hors intersection,Normale,Deux véhicules - frontale,,,,,,,,,,,1,2,1,1.0,1
201300003301,0013-07-22 11:00:00,13,7,22,11,0,170,131,Route de Royan,45.58266,-0.83423,Plein jour,En agglomération,Hors intersection,Normale,Autre collision,,,,,,,,,,,1,2,1,1.0,6
201300003302,0013-08-31 11:30:00,13,8,31,11,30,170,172,Intersection D732 / D248,45.57684,-0.68187,Plein jour,En agglomération,Intersection en T,Normale,Deux véhicules - côté,,,,,,,,,,,1,2,3,1.0,3
201300003303,0013-09-17 12:15:00,13,9,17,12,15,170,425,,45.60263,-0.90643,Plein jour,Hors agglomération,Hors intersection,Temps couvert,Deux véhicules - arrière,,,,,,,,,,,1,1,1,8.0,2
201300003304,0013-11-06 20:45:00,13,11,6,20,45,170,131,,45.57959,-0.83718,Nuit sans éclairage public,Hors agglomération,Hors intersection,Pluie légère,Deux véhicules - frontale,,,,,,,,,,,3,1,1,2.0,1
201300003305,0013-11-30 17:45:00,13,11,30,17,45,170,152,Les Gorces - D730,45.56418,-0.80398,Crépuscule ou aube,En agglomération,Hors intersection,Normale,Autre collision,,,,,,,,,,,2,2,1,1.0,6
201300003306,0013-03-05 10:45:00,13,3,5,10,45,170,283,,45.60111,-0.55539,Plein jour,Hors agglomération,Hors intersection,Normale,Trois véhicules et plus - en chaîne,,,,,,,,,,,1,1,1,1.0,4
201300003307,0013-04-19 01:30:00,13,4,19,1,30,170,283,,45.54571,-0.55801,Nuit sans éclairage public,Hors agglomération,Hors intersection,Normale,Deux véhicules - frontale,,,,,,,,,,,3,1,1,1.0,1
201300003308,0013-08-13 00:45:00,13,8,13,0,45,170,242,,45.67986,-0.53589,Nuit sans éclairage public,Hors agglomération,Hors intersection,Normale,Sans collision,,,,,,,,,,,3,1,1,1.0,7
201300003309,0013-10-19 06:00:00,13,10,19,6,0,170,56,,45.60096,-0.50136,Nuit sans éclairage public,Hors agglomération,Hors intersection,Normale,Deux véhicules - frontale,,,,,,,,,,,3,1,1,1.0,1
201300003310,0013-10-20 10:30:00,13,10,20,10,30,170,283,,45.577,-0.585,Plein jour,Hors agglomération,Hors intersection,Normale,Deux véhicules - frontale,,,,,,,,,,,1,1,1,1.0,1
201300003311,0013-10-31 18:00:00,13,10,31,18,0,170,78,,45.546,-0.435,Nuit sans éclairage public,Hors agglomération,Hors intersection,Pluie légère,Deux véhicules - côté,,,,,,,,,,,3,1,1,2.0,3
201300003312,0013-01-02 21:30:00,13,1,2,21,30,170,421,,45.6808,-0.91429,Nuit sans éclairage public,Hors agglomération,Hors intersection,Normale,Deux véhicules - arrière,,,,,,,,,,,3,1,1,1.0,2
201300003313,0013-02-22 04:15:00,13,2,22,4,15,170,421,,45.6676,-0.9378,Nuit sans éclairage public,Hors agglomération,Hors intersection,Normale,Autre collision,,,,,,,,,,,3,1,1,1.0,6
201300003314,0013-04-07 02:45:00,13,4,7,2,45,170,421,,45.69396,-0.97289,Nuit sans éclairage public,Hors agglomération,Hors intersection,Normale,Autre collision,,,,,,,,,,,3,1,1,1.0,6
201300003315,0013-04-14 15:45:00,13,4,14,15,45,170,228,,45.66228,-0.94636,Plein jour,Hors agglomération,Hors intersection,Normale,Deux véhicules - côté,,,,,,,,,,,1,1,1,1.0,3
201300003316,0013-08-03 14:30:00,13,8,3,14,30,170,421,,45.67745,-0.91025,Plein jour,En agglomération,Hors intersection,Normale,Deux véhicules - frontale,,,,,,,,,,,1,2,1,1.0,1
201300003317,0013-09-10 12:00:00,13,9,10,12,0,170,393,,45.68268,-0.87805,Plein jour,Hors agglomération,Hors intersection,Normale,Sans collision,,,,,,,,,,,1,1,1,1.0,7
201300003318,0013-09-12 23:00:00,13,9,12,23,0,170,393,,45.69011,-0.83235,Nuit sans éclairage public,Hors agglomération,Hors intersection,Normale,Sans collision,,,,,,,,,,,3,1,1,1.0,7
201300003319,0013-01-18 10:45:00,13,1,18,10,45,170,344,,45.85147,-0.5296,Plein jour,Hors agglomération,Hors intersection,Neige / grêle,Autre collision,,,,,,,,,,,1,1,1,4.0,6
201300003320,0013-06-28 15:30:00,13,6,28,15,30,170,294,,46.02402,-0.68004,Plein jour,Hors agglomération,Hors intersection,Normale,Sans collision,,,,,,,,,,,1,1,1,1.0,7
201300003321,0013-08-01 18:15:00,13,8,1,18,15,170,347,,45.93521,-0.52518,Plein jour,Hors agglomération,Hors intersection,Normale,Deux véhicules - côté,,,,,,,,,,,1,1,1,1.0,3
201300003322,0013-08-19 09:00:00,13,8,19,9,0,170,352,,46.03203,-0.69873,Plein jour,Hors agglomération,Hors intersection,Normale,Autre collision,,,,,,,,,,,1,1,1,1.0,6
201300003323,0013-09-17 09:00:00,13,9,17,9,0,170,347,,45.95565,-0.5152,Crépuscule ou aube,Hors agglomération,Hors intersection,Pluie légère,Deux véhicules - côté,,,,,,,,,,,2,1,1,2.0,3
201300003324,0013-09-29 02:45:00,13,9,29,2,45,170,347,av Ali?nor d'Aquitaine,45.93427,-0.52644,Nuit avec éclairage allumé,En agglomération,Intersection en X,Pluie légère,Deux véhicules - côté,,,,,,,,,,,5,2,2,2.0,3
201300003325,0013-10-09 20:30:00,13,10,9,20,30,170,344,,45.83841,-0.5364,Crépuscule ou aube,Hors agglomération,Hors intersection,Normale,Deux véhicules - arrière,,,,,,,,,,,2,1,1,1.0,2
201300003326,0013-11-22 14:30:00,13,11,22,14,30,170,459,,45.90878,-0.42473,Plein jour,Hors agglomération,Intersection en X,Normale,Deux véhicules - côté,,,,,,,,,,,1,1,2,1.0,3
201300003327,0013-12-28 06:15:00,13,12,28,6,15,170,46,,45.93353,-0.6114,Nuit avec éclairage allumé,Hors agglomération,Hors intersection,Pluie légère,Autre collision,,,,,,,,,,,5,1,1,2.0,6
201300003328,0013-12-28 11:30:00,13,12,28,11,30,170,252,,45.87446,-0.70669,Plein jour,Hors agglomération,Intersection en T,Normale,Deux véhicules - côté,,,,,,,,,,,1,1,3,1.0,3
201300003329,0013-02-08 18:45:00,13,2,8,18,45,170,24,,46.00095,-0.30261,Crépuscule ou aube,Hors agglomération,Hors intersection,Normale,Sans collision,,,,,,,,,,,2,1,1,1.0,7
201300003330,0013-05-18 01:15:00,13,5,18,1,15,170,139,rue du Stade,46.12796,-0.54017,Nuit sans éclairage public,En agglomération,Hors intersection,Normale,Deux véhicules - frontale,,,,,,,,,,,3,2,1,1.0,1
201300003331,0013-06-05 12:00:00,13,6,5,12,0,170,139,,46.12132,-0.53001,Plein jour,Hors agglomération,Hors intersection,Normale,Deux véhicules - frontale,,,,,,,,,,,1,1,1,1.0,1
201300003332,0013-09-10 17:30:00,13,9,10,17,30,170,234,,46.07865,-0.57224,Plein jour,Hors agglomération,Hors intersection,Normale,Deux véhicules - frontale,,,,,,,,,,,1,1,1,1.0,1
201300003333,0013-10-12 20:45:00,13,10,12,20,45,170,327,,46.09819,-0.6457,Nuit sans éclairage public,Hors agglomération,Intersection en T,Normale,Autre collision,,,,,,,,,,,3,1,3,1.0,6
201300003334,0013-10-18 07:30:00,13,10,18,7,30,170,422,,45.96429,-0.19741,Crépuscule ou aube,Hors agglomération,Hors intersection,Normale,Sans collision,,,,,,,,,,,2,1,1,1.0,7
201300003335,0013-11-07 18:15:00,13,11,7,18,15,170,464,,46.076,-0.536,Nuit avec éclairage allumé,Hors agglomération,Hors intersection,Normale,Deux véhicules - frontale,,,,,,,,,,,5,1,1,1.0,1
201300003336,0013-12-08 16:45:00,13,12,8,16,45,170,367,,45.954,-0.341,Plein jour,Hors agglomération,Intersection en X,Normale,Deux véhicules - côté,,,,,,,,,,,1,1,2,1.0,3
201300003337,0013-04-23 17:45:00,13,4,23,17,45,170,126,,45.8517,-0.34842,Plein jour,Hors agglomération,Hors intersection,Normale,Deux véhicules - côté,,,,,,,,,,,1,1,1,1.0,3
201300003338,0013-06-18 19:00:00,13,6,18,19,0,170,212,,45.84141,-0.22845,Plein jour,Hors agglomération,Hors intersection,Pluie forte,Deux véhicules - frontale,,,,,,,,,,,1,1,1,3.0,1
201300003339,0013-06-24 12:15:00,13,6,24,12,15,170,224,,45.85938,-0.31371,Plein jour,Hors agglomération,Hors intersection,Normale,Deux véhicules - arrière,,,,,,,,,,,1,1,1,1.0,2
201300003340,0013-08-09 19:30:00,13,8,9,19,30,170,71,,45.9083,-0.33845,Plein jour,Hors agglomération,Hors intersection,Normale,Deux véhicules - arrière,,,,,,,,,,,1,1,1,1.0,2
201300003341,0013-09-04 12:00:00,13,9,4,12,0,170,25,,45.89523,-0.41195,Plein jour,Hors agglomération,Hors intersection,Normale,Deux véhicules - frontale,,,,,,,,,,,1,1,1,1.0,1
201300003342,0013-09-22 11:15:00,13,9,22,11,15,170,224,R MARC JEANJEAN,45.86709,-0.31038,Plein jour,En agglomération,Intersection en X,Normale,Deux véhicules - côté,,,,,,,,,,,1,2,2,1.0,3
201300003343,0013-10-15 14:00:00,13,10,15,14,0,170,224,32 rue andr? brugerolles,45.8711,-0.31701,Plein jour,En agglomération,Hors intersection,Pluie légère,Autre collision,,,,,,,,,,,1,2,1,2.0,6
201300003344,0013-10-29 15:30:00,13,10,29,15,30,170,147,,45.82659,-0.54189,Plein jour,Hors agglomération,Hors intersection,Autre,Autre collision,,,,,,,,,,,1,1,1,9.0,6
201300003345,0013-03-08 17:45:00,13,3,8,17,45,790,351,Route de Niort,,,Plein jour,Hors agglomération,Hors intersection,Normale,Sans collision,,,,,,,,,,,1,1,1,1.0,7
201300003346,0013-01-13 02:00:00,13,1,13,2,0,790,257,6 ROUTE DU PONT PAIRE,,,Nuit sans éclairage public,En agglomération,Hors intersection,Normale,Autre collision,,,,,,,,,,,3,2,1,1.0,6
201300003347,0013-02-16 19:30:00,13,2,16,19,30,790,216,RUE DE L'AUMONERIE,,,Nuit sans éclairage public,En agglomération,Hors intersection,Normale,Autre collision,,,,,,,,,,,3,2,1,1.0,6
201300003348,0013-06-06 05:30:00,13,6,6,5,30,790,170,,,,Crépuscule ou aube,Hors agglomération,Hors intersection,Normale,Trois véhicules et plus - collisions multiples,,,,,,,,,,,2,1,1,1.0,5
201300003349,0013-07-06 12:00:00,13,7,6,12,0,790,170,,,,Plein jour,Hors agglomération,Hors intersection,Normale,Deux véhicules - frontale,,,,,,,,,,,1,1,1,1.0,1
201300003350,0013-08-08 13:45:00,13,8,8,13,45,790,34,RUE DES CHARMES,,,Plein jour,Hors agglomération,Hors intersection,Normale,Deux véhicules - frontale,,,,,,,,,,,1,1,1,1.0,1
201300003351,0013-08-31 16:30:00,13,8,31,16,30,790,257,,,,Plein jour,Hors agglomération,Hors intersection,Normale,Sans collision,,,,,,,,,,,1,1,1,1.0,7
201300003352,0013-03-28 01:45:00,13,3,28,1,45,790,316,"LD ""VILLEDIEU-DU-PERRON""",,,Nuit sans éclairage public,En agglomération,Hors intersection,Normale,Autre collision,,,,,,,,,,,3,2,1,1.0,6
201300003353,0013-05-05 18:30:00,13,5,5,18,30,790,24,,,,Plein jour,Hors agglomération,Intersection en X,Normale,Deux véhicules - côté,,,,,,,,,,,1,1,2,1.0,3
201300003354,0013-05-09 04:30:00,13,5,9,4,30,790,270,47 AVENUE DE BLOSSAC,,,Nuit avec éclairage allumé,En agglomération,Hors intersection,Normale,Autre collision,,,,,,,,,,,5,2,1,1.0,6
201300003355,0013-05-19 22:30:00,13,5,19,22,30,790,48,ROUTE DE L'ATLANTIQUE,,,Nuit avec éclairage allumé,En agglomération,Hors intersection,Normale,Autre collision,,,,,,,,,,,5,2,1,1.0,6
201300003356,0013-07-13 02:15:00,13,7,13,2,15,790,48,RUE DE L'ANCIENNE LAITER,,,Nuit sans éclairage public,En agglomération,Hors intersection,Normale,Autre collision,,,,,,,,,,,3,2,1,1.0,6
201300003357,0013-09-20 22:30:00,13,9,20,22,30,790,48,,,,Nuit sans éclairage public,Hors agglomération,Intersection en T,Normale,Deux véhicules - frontale,,,,,,,,,,,3,1,3,1.0,1
201300003358,0013-01-24 14:45:00,13,1,24,14,45,790,49,BD DE L'EUROPE,,,Plein jour,En agglomération,Giratoire,Normale,Deux véhicules - côté,,,,,,,,,,,1,2,6,1.0,3
201300003359,0013-02-03 05:45:00,13,2,3,5,45,790,88,RUE DU STADE,,,Nuit avec éclairage allumé,En agglomération,Intersection en T,Normale,Deux véhicules - frontale,,,,,,,,,,,5,2,3,1.0,1
201300003360,0013-03-21 21:45:00,13,3,21,21,45,790,49,Sauveur-de-Givres-en-Mai,,,Nuit sans éclairage public,Hors agglomération,Hors intersection,Pluie légère,Deux véhicules - frontale,,,,,,,,,,,3,1,1,2.0,1
201300003361,0013-04-23 15:45:00,13,4,23,15,45,790,49,-,,,Plein jour,Hors agglomération,Hors intersection,Normale,Sans collision,,,,,,,,,,,1,1,1,1.0,7
201300003362,0013-06-28 12:15:00,13,6,28,12,15,790,38,,,,Plein jour,Hors agglomération,Hors intersection,Normale,Deux véhicules - frontale,,,,,,,,,,,1,1,1,1.0,1
201300003363,0013-07-18 21:00:00,13,7,18,21,0,790,49,"LD ""RIDJEU""",,,Plein jour,Hors agglomération,Hors intersection,Normale,Trois véhicules et plus - collisions multiples,,,,,,,,,,,1,1,1,1.0,5
201300003364,0013-07-25 10:45:00,13,7,25,10,45,790,49,BOULEVARD YOURI GAGARINE,,,Plein jour,En agglomération,Hors intersection,Normale,Deux véhicules - frontale,,,,,,,,,,,1,2,1,1.0,1
201300003365,0013-08-04 07:00:00,13,8,4,7,0,790,49,RUE DE LA MAIRIE,,,Plein jour,Hors agglomération,Hors intersection,Normale,Autre collision,,,,,,,,,,,1,1,1,1.0,6
201300003366,0013-08-16 08:30:00,13,8,16,8,30,790,49,BOULEVARD YOURI GAGARINE,,,Plein jour,En agglomération,Hors intersection,Normale,Autre collision,,,,,,,,,,,1,2,1,1.0,6
201300003367,0013-09-28 16:45:00,13,9,28,16,45,790,131,,,,Plein jour,Hors agglomération,Intersection en X,Temps couvert,Deux véhicules - frontale,,,,,,,,,,,1,1,2,8.0,1
201300003368,0013-11-20 06:30:00,13,11,20,6,30,790,49,12 RUE DU PERE,,,Nuit avec éclairage allumé,En agglomération,Hors intersection,Normale,Autre collision,,,,,,,,,,,5,2,1,1.0,6
201300003369,0013-07-26 07:45:00,13,7,26,7,45,790,210,,,,Plein jour,Hors agglomération,Hors intersection,Normale,Trois véhicules et plus - collisions multiples,,,,,,,,,,,1,1,1,1.0,5
201300003370,0013-01-14 16:30:00,13,1,14,16,30,790,280,,,,Plein jour,Hors agglomération,Hors intersection,Normale,Autre collision,,,,,,,,,,,1,1,1,1.0,6
201300003371,0013-01-11 09:45:00,13,1,11,9,45,790,299,"LD ""BOUCOEUR""",,,Plein jour,Hors agglomération,Intersection en X,Temps éblouissant,Deux véhicules - côté,,,,,,,,,,,1,1,2,7.0,3
201300003372,0013-01-21 10:30:00,13,1,21,10,30,790,250,,,,Plein jour,Hors agglomération,Hors intersection,Pluie légère,Sans collision,,,,,,,,,,,1,1,1,2.0,7
201300003373,0013-02-18 08:30:00,13,2,18,8,30,790,157,"LD ""VITRAY""",,,Nuit sans éclairage public,Hors agglomération,Hors intersection,Normale,Sans collision,,,,,,,,,,,3,1,1,1.0,7
201300003374,0013-03-14 19:30:00,13,3,14,19,30,790,99,"LD ""Sans Chien""",,,Nuit sans éclairage public,Hors agglomération,Hors intersection,Normale,Sans collision,,,,,,,,,,,3,1,1,1.0,7
201300003375,0013-03-18 10:15:00,13,3,18,10,15,790,299,,,,Plein jour,Hors agglomération,Hors intersection,Pluie forte,Deux véhicules - frontale,,,,,,,,,,,1,1,1,3.0,1
201300003376,0013-04-08 17:30:00,13,4,8,17,30,790,53,,,,Plein jour,Hors agglomération,Hors intersection,Normale,Autre collision,,,,,,,,,,,1,1,1,1.0,6
201300003377,0013-05-24 17:00:00,13,5,24,17,0,790,63,,,,Plein jour,Hors agglomération,Hors intersection,Temps couvert,Autre collision,,,,,,,,,,,1,1,1,8.0,6
201300003378,0013-07-05 22:20:00,13,7,5,22,20,790,134,,,,Nuit sans éclairage public,Hors agglomération,Intersection en X,Normale,Deux véhicules - côté,,,,,,,,,,,3,1,2,1.0,3
201300003379,0013-07-06 17:45:00,13,7,6,17,45,790,171,,,,Plein jour,Hors agglomération,Hors intersection,Normale,Sans collision,,,,,,,,,,,1,1,1,1.0,7
201300003380,0013-07-10 14:15:00,13,7,10,14,15,790,13,PONT DE CIRON,,,Plein jour,En agglomération,Hors intersection,Normale,Autre collision,,,,,,,,,,,1,2,1,1.0,6
201300003381,0013-09-22 10:15:00,13,9,22,10,15,790,5,,,,Plein jour,Hors agglomération,Intersection en X,Normale,Deux véhicules - côté,,,,,,,,,,,1,1,2,1.0,3
201300003382,0013-02-18 16:00:00,13,2,18,16,0,790,353,,,,Plein jour,Hors agglomération,Hors intersection,Normale,Deux véhicules - côté,,,,,,,,,,,1,1,1,1.0,3
201300003383,0013-03-24 12:15:00,13,3,24,12,15,790,343,,,,Plein jour,Hors agglomération,Hors intersection,Normale,Deux véhicules - côté,,,,,,,,,,,1,1,1,1.0,3
201300003384,0013-05-09 03:00:00,13,5,9,3,0,790,327,,,,Nuit sans éclairage public,Hors agglomération,Hors intersection,Normale,Autre collision,,,,,,,,,,,3,1,1,1.0,6
201300003385,0013-06-18 07:45:00,13,6,18,7,45,790,348,,,,Crépuscule ou aube,Hors agglomération,Hors intersection,Pluie forte,Deux véhicules - frontale,,,,,,,,,,,2,1,1,3.0,1
201300003386,0013-07-02 13:30:00,13,7,2,13,30,790,204,ROUTE DE MELLE,,,Plein jour,En agglomération,Hors intersection,Normale,Autre collision,,,,,,,,,,,1,2,1,1.0,6
201300003387,0013-07-06 16:15:00,13,7,6,16,15,790,279,"LD ""LE BOUCHET DU NAC""",,,Plein jour,Hors agglomération,Hors intersection,Normale,Deux véhicules - côté,,,,,,,,,,,1,1,1,1.0,3
201300003388,0013-01-28 15:30:00,13,1,28,15,30,790,297,,,,Plein jour,Hors agglomération,Hors intersection,Temps couvert,Autre collision,,,,,,,,,,,1,1,1,8.0,6
201300003389,0013-02-15 13:15:00,13,2,15,13,15,790,163,"LD ""LES BROUSSES""",,,Plein jour,Hors agglomération,Hors intersection,Normale,Deux véhicules - frontale,,,,,,,,,,,1,1,1,1.0,1
201300003390,0013-06-02 19:00:00,13,6,2,19,0,790,18,"LD ""PREMORIN""",,,Plein jour,Hors agglomération,Hors intersection,Normale,Autre collision,,,,,,,,,,,1,1,1,1.0,6
201300003391,0013-06-12 18:15:00,13,6,12,18,15,790,230,"LD ""LA ROCHE GOUPILLAUD""",,,Plein jour,Hors agglomération,Hors intersection,Normale,Deux véhicules - frontale,,,,,,,,,,,1,1,1,1.0,1
201300003392,0013-07-21 16:00:00,13,7,21,16,0,790,163,ROUTE DE MELLE,,,Plein jour,Hors agglomération,Intersection en T,Normale,Deux véhicules - côté,,,,,,,,,,,1,1,3,1.0,3
201300003393,0013-07-28 17:15:00,13,7,28,17,15,790,136,11 RUE DU CENTRE,,,Plein jour,En agglomération,Hors intersection,Normale,Deux véhicules - frontale,,,,,,,,,,,1,2,1,1.0,1
201300003394,0013-08-11 18:45:00,13,8,11,18,45,790,150,,,,Plein jour,Hors agglomération,Giratoire,Normale,Sans collision,,,,,,,,,,,1,1,6,1.0,7
201300003395,0013-10-29 21:00:00,13,10,29,21,0,790,95,,,,Nuit sans éclairage public,Hors agglomération,Hors intersection,Normale,Deux véhicules - frontale,,,,,,,,,,,3,1,1,1.0,1
201300003396,0013-01-10 20:15:00,13,1,10,20,15,790,172,"LD ""FOUGERET""",,,Nuit sans éclairage public,Hors agglomération,Hors intersection,Temps couvert,Autre collision,,,,,,,,,,,3,1,1,8.0,6
201300003397,0013-01-13 15:30:00,13,1,13,15,30,790,172,,,,Plein jour,Hors agglomération,Hors intersection,Normale,Deux véhicules - côté,,,,,,,,,,,1,1,1,1.0,3
201300003398,0013-01-14 07:30:00,13,1,14,7,30,790,80,AVENUE SAINTE-ANNE,,,Nuit sans éclairage public,En agglomération,Hors intersection,Normale,Deux véhicules - côté,,,,,,,,,,,3,2,1,1.0,3
201300003399,0013-03-22 18:00:00,13,3,22,18,0,790,253,"LD ""TUILLERIE DU DEFENS""",,,Plein jour,Hors agglomération,Hors intersection,Normale,Sans collision,,,,,,,,,,,1,1,1,1.0,7
201300003400,0013-04-06 18:15:00,13,4,6,18,15,790,121,,,,Plein jour,En agglomération,Place,Normale,Deux véhicules - côté,,,,,,,,,,,1,2,7,1.0,3