accident_id,datetime,annee,mois,jour,heure,minute,departement,commune_insee,adresse,latitude,longitude,luminosite,agglomeration,intersection,meteo,collision,nb_vehicules,nb_usagers,nb_indemnes,nb_tues,nb_blesses_hosp,nb_blesses_legers,age_cond_1,age_cond_2,veh_type_cond_1,veh_type_cond_2,lum_code,agg_code,int_code,atm_code,col_code
201300003800,0013-09-01 19:00:00,13,9,1,19,0,120,254,,,,Plein jour,Hors agglomération,Hors intersection,Normale,Deux véhicules - côté,,,,,,,,,,,1,1,1,1.0,3
201300003801,0013-11-04 09:45:00,13,11,4,9,45,120,288,,44.448,2.439,Plein jour,Hors agglomération,Hors intersection,Pluie forte,Trois véhicules et plus - collisions multiples,,,,,,,,,,,1,1,1,3.0,5
201300003802,0013-11-09 21:30:00,13,11,9,21,30,120,16,,,,Nuit sans éclairage public,Hors agglomération,Hors intersection,Pluie forte,Trois véhicules et plus - en chaîne,,,,,,,,,,,3,1,1,3.0,4
201300003803,0013-11-18 14:45:00,13,11,18,14,45,120,288,,,,Plein jour,Hors agglomération,Hors intersection,Pluie légère,Deux véhicules - côté,,,,,,,,,,,1,1,1,2.0,3
201300003804,0013-08-29 14:00:00,13,8,29,14,0,120,290,,44.437,2.194,Plein jour,Hors agglomération,Hors intersection,Normale,Deux véhicules - frontale,,,,,,,,,,,1,1,1,1.0,1
201300003805,0013-06-16 15:45:00,13,6,16,15,45,120,177,,44.41,2.856,Plein jour,Hors agglomération,Hors intersection,Normale,Autre collision,,,,,,,,,,,1,1,1,1.0,6
201300003806,0013-09-22 05:00:00,13,9,22,5,0,120,33,,,,Nuit sans éclairage public,Hors agglomération,Hors intersection,Normale,Deux véhicules - côté,,,,,,,,,,,3,1,1,1.0,3
201300003807,0013-08-19 13:00:00,13,8,19,13,0,120,88,,44.657,2.851,Plein jour,Hors agglomération,Hors intersection,Pluie légère,Autre collision,,,,,,,,,,,1,1,1,2.0,6
201300003808,0013-10-05 09:30:00,13,10,5,9,30,120,112,,,,Plein jour,Hors agglomération,Hors intersection,Pluie légère,Deux véhicules - frontale,,,,,,,,,,,1,1,1,2.0,1
201300003809,0013-08-13 18:30:00,13,8,13,18,30,120,280,,,,Plein jour,Hors agglomération,Hors intersection,Normale,Sans collision,,,,,,,,,,,1,1,1,1.0,7
201300003810,0013-08-21 18:30:00,13,8,21,18,30,120,94,"1, quai notre dame",,,Plein jour,En agglomération,Hors intersection,Normale,Autre collision,,,,,,,,,,,1,2,1,1.0,6
201300003811,0013-10-11 10:00:00,13,10,11,10,0,120,94,Rue de la poste,,,Plein jour,En agglomération,Hors intersection,Normale,Autre collision,,,,,,,,,,,1,2,1,1.0,6
201300003812,0013-01-11 15:15:00,13,1,11,15,15,120,219,La Montberte,,,Plein jour,En agglomération,Hors intersection,Normale,Deux véhicules - frontale,,,,,,,,,,,1,2,1,1.0,1
201300003813,0013-05-13 11:30:00,13,5,13,11,30,120,224,PLACE DU GENERAL DE GAUL,,,Plein jour,En agglomération,Hors intersection,Normale,Autre collision,,,,,,,,,,,1,2,1,1.0,6
201300003814,0013-01-02 15:30:00,13,1,2,15,30,120,168,,44.023,3.343,Plein jour,Hors agglomération,Hors intersection,Temps éblouissant,Deux véhicules - côté,,,,,,,,,,,1,1,1,7.0,3
201300003815,0013-06-22 14:45:00,13,6,22,14,45,120,200,Route des Gorges du Tarn,,,Plein jour,En agglomération,Hors intersection,Normale,Autre collision,,,,,,,,,,,1,2,1,1.0,6
201300003816,0013-06-26 09:00:00,13,6,26,9,0,120,145,,,,Nuit sans éclairage public,Hors agglomération,Hors intersection,Normale,Deux véhicules - frontale,,,,,,,,,,,3,1,1,1.0,1
201300003817,0013-07-25 19:30:00,13,7,25,19,30,120,160,Route d?partementale 907,,,Plein jour,En agglomération,Hors intersection,Normale,Sans collision,,,,,,,,,,,1,2,1,1.0,7
201300003818,0013-08-18 17:45:00,13,8,18,17,45,120,204,,,,Plein jour,Hors agglomération,Autre intersection,Normale,Deux véhicules - côté,,,,,,,,,,,1,1,9,1.0,3
201300003819,0013-08-26 10:30:00,13,8,26,10,30,120,160,,,,Plein jour,Hors agglomération,Hors intersection,Normale,Deux véhicules - côté,,,,,,,,,,,1,1,1,1.0,3
201300003820,0013-09-18 17:15:00,13,9,18,17,15,120,168,,,,Plein jour,Hors agglomération,Hors intersection,Pluie légère,Autre collision,,,,,,,,,,,1,1,1,2.0,6
201300003821,0013-10-03 12:30:00,13,10,3,12,30,120,260,,,,Plein jour,Hors agglomération,Hors intersection,Normale,Deux véhicules - frontale,,,,,,,,,,,1,1,1,1.0,1
201300003822,0013-10-10 14:00:00,13,10,10,14,0,120,145,,,,Plein jour,Hors agglomération,Hors intersection,Temps couvert,Sans collision,,,,,,,,,,,1,1,1,8.0,7
201300003823,0013-10-11 16:30:00,13,10,11,16,30,120,225,,,,Plein jour,Hors agglomération,Hors intersection,Normale,Autre collision,,,,,,,,,,,1,1,1,1.0,6
201300003824,0013-10-20 12:00:00,13,10,20,12,0,120,204,,,,Plein jour,Hors agglomération,Hors intersection,Temps couvert,Sans collision,,,,,,,,,,,1,1,1,8.0,7
201300003825,0013-11-15 16:30:00,13,11,15,16,30,120,178,,44.148,3.107,Plein jour,Hors agglomération,Hors intersection,Normale,Autre collision,,,,,,,,,,,1,1,1,1.0,6
201300003826,0013-02-19 18:15:00,13,2,19,18,15,120,6,,,,Plein jour,Hors agglomération,Hors intersection,Normale,Autre collision,,,,,,,,,,,1,1,1,1.0,6
201300003827,0013-05-09 17:00:00,13,5,9,17,0,120,213,,,,Plein jour,Hors agglomération,Hors intersection,Pluie forte,Sans collision,,,,,,,,,,,1,1,1,3.0,7
201300003828,0013-08-02 11:30:00,13,8,2,11,30,120,213,,44.181,3.009,Plein jour,Hors agglomération,Hors intersection,Normale,Trois véhicules et plus - en chaîne,,,,,,,,,,,1,1,1,1.0,4
201300003829,0013-07-19 13:45:00,13,7,19,13,45,120,237,Canet d'Olt,,,Plein jour,En agglomération,Hors intersection,Normale,Deux véhicules - côté,,,,,,,,,,,1,2,1,1.0,3
201300003830,0013-07-26 19:45:00,13,7,26,19,45,120,247,,,,Plein jour,Hors agglomération,Hors intersection,Normale,Deux véhicules - frontale,,,,,,,,,,,1,1,1,1.0,1
201300003831,0013-07-29 19:00:00,13,7,29,19,0,120,237,,,,Plein jour,Hors agglomération,Hors intersection,Normale,Autre collision,,,,,,,,,,,1,1,1,1.0,6
201300003832,0013-12-31 16:45:00,13,12,31,16,45,120,284,,44.082,2.733,Crépuscule ou aube,Hors agglomération,Hors intersection,Normale,Deux véhicules - frontale,,,,,,,,,,,2,1,1,1.0,1
201300003833,0013-05-25 13:00:00,13,5,25,13,0,120,208,Boulevard Emile BOREL,43.959,2.894,Plein jour,En agglomération,Hors intersection,Temps couvert,Deux véhicules - côté,,,,,,,,,,,1,2,1,8.0,3
201300003834,0013-08-31 19:30:00,13,8,31,19,30,120,77,,43.905,3.175,Plein jour,Hors agglomération,Hors intersection,Normale,Sans collision,,,,,,,,,,,1,1,1,1.0,7
201300003835,0013-09-03 16:30:00,13,9,3,16,30,120,286,,43.922,2.825,Plein jour,Hors agglomération,Hors intersection,Normale,Deux véhicules - arrière,,,,,,,,,,,1,1,1,1.0,2
201300003836,0013-09-10 19:45:00,13,9,10,19,45,120,208,333 avenue Jean Jaur?s,43.956,2.895,Plein jour,En agglomération,Hors intersection,Normale,Autre collision,,,,,,,,,,,1,2,1,1.0,6
201300003837,0013-09-14 19:15:00,13,9,14,19,15,120,244,,44.062,2.901,Plein jour,Hors agglomération,Hors intersection,Normale,Autre collision,,,,,,,,,,,1,1,1,1.0,6
201300003838,0013-09-16 15:15:00,13,9,16,15,15,120,286,,43.948,2.826,Plein jour,Hors agglomération,Hors intersection,Normale,Deux véhicules - frontale,,,,,,,,,,,1,1,1,1.0,1
201300003839,0013-10-11 16:45:00,13,10,11,16,45,120,155,,43.877,3.118,Plein jour,Hors agglomération,Hors intersection,Normale,Deux véhicules - arrière,,,,,,,,,,,1,1,1,1.0,2
201300003840,0013-06-07 07:30:00,13,6,7,7,30,120,44,,43.84,2.849,Plein jour,Hors agglomération,Hors intersection,Normale,Deux véhicules - côté,,,,,,,,,,,1,1,1,1.0,3
201300003841,0013-01-03 18:30:00,13,1,3,18,30,120,136,,,,Nuit sans éclairage public,Hors agglomération,Hors intersection,Normale,Deux véhicules - côté,,,,,,,,,,,3,1,1,1.0,3
201300003842,0013-03-07 15:30:00,13,3,7,15,30,120,300,2 all?es Aristide briand,,,Plein jour,En agglomération,Hors intersection,Normale,Autre collision,,,,,,,,,,,1,2,1,1.0,6
201300003843,0013-07-13 09:45:00,13,7,13,9,45,120,300,ROUTE DE LAURIERE,,,Plein jour,En agglomération,Hors intersection,Normale,Sans collision,,,,,,,,,,,1,2,1,1.0,7
201300003844,0013-09-14 09:15:00,13,9,14,9,15,120,300,,,,Plein jour,En agglomération,Place,Normale,Autre collision,,,,,,,,,,,1,2,7,1.0,6
201300003845,0013-11-28 15:45:00,13,11,28,15,45,120,136,,,,Plein jour,Hors agglomération,Hors intersection,Normale,Autre collision,,,,,,,,,,,1,1,1,1.0,6
201300003846,0013-12-07 17:45:00,13,12,7,17,45,120,300,,,,Nuit sans éclairage public,Hors agglomération,Hors intersection,Normale,Deux véhicules - frontale,,,,,,,,,,,3,1,1,1.0,1
201300003847,0013-03-05 15:45:00,13,3,5,15,45,120,52,Rue Ars?ne Lugan,44.58,2.085,Plein jour,En agglomération,Hors intersection,Normale,Autre collision,,,,,,,,,,,1,2,1,1.0,6
201300003848,0013-06-06 15:15:00,13,6,6,15,15,120,52,,44.558,2.085,Plein jour,Hors agglomération,Hors intersection,Normale,Deux véhicules - arrière,,,,,,,,,,,1,1,1,1.0,2
201300003849,0013-06-22 22:30:00,13,6,22,22,30,120,257,,44.542,1.981,Nuit sans éclairage public,Hors agglomération,Hors intersection,Normale,Deux véhicules - côté,,,,,,,,,,,3,1,1,1.0,3
201300003850,0013-10-16 13:00:00,13,10,16,13,0,120,52,,44.562,2.032,Plein jour,Hors agglomération,Hors intersection,Normale,Deux véhicules - côté,,,,,,,,,,,1,1,1,1.0,3
201300003851,0013-12-10 12:15:00,13,12,10,12,15,120,3,,,,Plein jour,Hors agglomération,Hors intersection,Normale,Deux véhicules - frontale,,,,,,,,,,,1,1,1,1.0,1
201300003852,0013-08-11 10:00:00,13,8,11,10,0,120,259,,44.285,2.017,Plein jour,Hors agglomération,Hors intersection,Normale,Autre collision,,,,,,,,,,,1,1,1,1.0,6
201300003853,0013-08-21 19:00:00,13,8,21,19,0,120,167,,44.227,2.005,Plein jour,Hors agglomération,Hors intersection,Normale,Deux véhicules - côté,,,,,,,,,,,1,1,1,1.0,3
201300003854,0013-08-24 16:45:00,13,8,24,16,45,120,189,,44.266,2.264,Plein jour,Hors agglomération,Hors intersection,Pluie forte,Sans collision,,,,,,,,,,,1,1,1,3.0,7
201300003855,0013-11-10 17:30:00,13,11,10,17,30,120,198,axe RD 612 LD Feni?s,44.309,2.217,Crépuscule ou aube,En agglomération,Hors intersection,Normale,Sans collision,,,,,,,,,,,2,2,1,1.0,7
201300003856,0013-12-15 17:00:00,13,12,15,17,0,120,150,,44.273,1.98,Plein jour,Hors agglomération,Hors intersection,Normale,Autre collision,,,,,,,,,,,1,1,1,1.0,6
201300003857,0013-03-02 16:30:00,13,3,2,16,30,320,29,,43.6383,0.47686,Plein jour,Hors agglomération,Hors intersection,Normale,Deux véhicules - frontale,,,,,,,,,,,1,1,1,1.0,1
201300003858,0013-05-18 13:15:00,13,5,18,13,15,320,117,NASQUES CHEMIN CABANDE,43.6795,0.56192,Plein jour,Hors agglomération,Hors intersection,Temps couvert,Autre collision,,,,,,,,,,,1,1,1,8.0,6
201300003859,0013-05-30 08:20:00,13,5,30,8,20,320,381,,43.5668,0.53255,Plein jour,Hors agglomération,Hors intersection,Pluie légère,Deux véhicules - frontale,,,,,,,,,,,1,1,1,2.0,1
201300003860,0013-07-02 15:00:00,13,7,2,15,0,320,207,LD EMMARRE,43.6618,0.65286,Plein jour,Hors agglomération,Hors intersection,Normale,Sans collision,,,,,,,,,,,1,1,1,1.0,7
201300003861,0013-07-09 17:00:00,13,7,9,17,0,320,300,LD LA BRANA,43.555,0.61048,Plein jour,Hors agglomération,Hors intersection,Normale,Sans collision,,,,,,,,,,,1,1,1,1.0,7
201300003862,0013-08-07 12:45:00,13,8,7,12,45,320,312,LD LE CROS,43.6169,0.67579,Plein jour,Hors agglomération,Hors intersection,Normale,Autre collision,,,,,,,,,,,1,1,1,1.0,6
201300003863,0013-10-11 13:15:00,13,10,11,13,15,320,117,,43.6733,0.54396,Plein jour,Hors agglomération,Hors intersection,Normale,Deux véhicules - frontale,,,,,,,,,,,1,1,1,1.0,1
201300003864,0013-12-13 21:45:00,13,12,13,21,45,320,312,ROUTE D AUCH,43.6208,0.64687,Nuit avec éclairage allumé,En agglomération,Hors intersection,Pluie forte,Autre collision,,,,,,,,,,,5,2,1,3.0,6
201300003865,0013-12-29 02:15:00,13,12,29,2,15,320,312,,,,Nuit sans éclairage public,Hors agglomération,Hors intersection,Pluie légère,Deux véhicules - frontale,,,,,,,,,,,3,1,1,2.0,1
201300003866,0013-01-23 16:30:00,13,1,23,16,30,320,249,,43.7437,0.87239,Plein jour,Hors agglomération,Hors intersection,Temps couvert,Deux véhicules - côté,,,,,,,,,,,1,1,1,8.0,3
201300003867,0013-04-17 14:15:00,13,4,17,14,15,320,288,,43.5799,0.86875,Plein jour,Hors agglomération,Hors intersection,Normale,Deux véhicules - frontale,,,,,,,,,,,1,1,1,1.0,1
201300003868,0013-06-09 04:15:00,13,6,9,4,15,320,147,,43.6231,0.90811,Nuit sans éclairage public,Hors agglomération,Hors intersection,Normale,Autre collision,,,,,,,,,,,3,1,1,1.0,6
201300003869,0013-08-06 20:30:00,13,8,6,20,30,320,165,,43.5957,0.81864,Plein jour,Hors agglomération,Hors intersection,Normale,Sans collision,,,,,,,,,,,1,1,1,1.0,7
201300003870,0013-10-31 16:15:00,13,10,31,16,15,320,147,,43.625,0.912,Plein jour,Hors agglomération,Hors intersection,Normale,Deux véhicules - frontale,,,,,,,,,,,1,1,1,1.0,1
201300003871,0013-01-01 18:30:00,13,1,1,18,30,320,160,,43.6418,1.05432,Nuit sans éclairage public,Hors agglomération,Hors intersection,Pluie légère,Deux véhicules - frontale,,,,,,,,,,,3,1,1,2.0,1
201300003872,0013-03-30 06:00:00,13,3,30,6,0,320,377,,,,Nuit sans éclairage public,Hors agglomération,Hors intersection,Pluie légère,Autre collision,,,,,,,,,,,3,1,1,2.0,6
201300003873,0013-06-07 16:45:00,13,6,7,16,45,320,160,,43.6222,1.10699,Plein jour,En agglomération,Intersection en T,Normale,Deux véhicules - arrière,,,,,,,,,,,1,2,3,1.0,2
201300003874,0013-06-24 08:00:00,13,6,24,8,0,320,210,,43.5612,1.12799,Plein jour,Hors agglomération,Hors intersection,Normale,Autre collision,,,,,,,,,,,1,1,1,1.0,6
201300003875,0013-07-27 11:15:00,13,7,27,11,15,320,268,,43.603,1.00678,Plein jour,Hors agglomération,Hors intersection,Normale,Deux véhicules - côté,,,,,,,,,,,1,1,1,1.0,3
201300003876,0013-07-29 17:30:00,13,7,29,17,30,320,160,,,,Plein jour,Hors agglomération,Giratoire,Normale,Sans collision,,,,,,,,,,,1,1,6,1.0,7
201300003877,0013-09-19 07:15:00,13,9,19,7,15,320,268,,43.6085,0.96868,Crépuscule ou aube,Hors agglomération,Hors intersection,Temps couvert,Trois véhicules et plus - collisions multiples,,,,,,,,,,,2,1,1,8.0,5
201300003878,0013-09-22 20:15:00,13,9,22,20,15,320,160,,43.6247,1.11421,Nuit avec éclairage allumé,Hors agglomération,Giratoire,Normale,Autre collision,,,,,,,,,,,5,1,6,1.0,6
201300003879,0013-12-13 17:30:00,13,12,13,17,30,320,16,,43.5774,1.04964,Crépuscule ou aube,Hors agglomération,Hors intersection,Normale,Sans collision,,,,,,,,,,,2,1,1,1.0,7
201300003880,0013-01-11 22:30:00,13,1,11,22,30,320,51,,43.5179,0.89413,Nuit sans éclairage public,Hors agglomération,Hors intersection,Normale,Sans collision,,,,,,,,,,,3,1,1,1.0,7
201300003881,0013-01-16 14:45:00,13,1,16,14,45,320,321,,43.5209,0.87312,Plein jour,Hors agglomération,Hors intersection,Vent fort / tempête,Autre collision,,,,,,,,,,,1,1,1,6.0,6
201300003882,0013-03-22 22:30:00,13,3,22,22,30,320,356,AU VILLAGE,43.5623,0.85643,Nuit sans éclairage public,En agglomération,Hors intersection,Pluie légère,Autre collision,,,,,,,,,,,3,2,1,2.0,6
201300003883,0013-05-04 18:45:00,13,5,4,18,45,320,410,RTE LOMBEZ/CHEM ESQUIRON,43.4894,0.92755,Plein jour,En agglomération,Intersection en T,Normale,Deux véhicules - côté,,,,,,,,,,,1,2,3,1.0,3
201300003884,0013-06-30 10:30:00,13,6,30,10,30,320,213,la ramondere,,,Plein jour,En agglomération,Intersection en Y,Normale,Deux véhicules - côté,,,,,,,,,,,1,2,4,1.0,3
201300003885,0013-08-15 18:30:00,13,8,15,18,30,320,261,,43.445,1.0004,Plein jour,Hors agglomération,Hors intersection,Normale,Autre collision,,,,,,,,,,,1,1,1,1.0,6
201300003886,0013-08-17 20:15:00,13,8,17,20,15,320,213,BOULEVARD DES PYRENEES,43.4756,0.9116,Plein jour,En agglomération,Hors intersection,Temps éblouissant,Autre collision,,,,,,,,,,,1,2,1,7.0,6
201300003887,0013-08-27 12:30:00,13,8,27,12,30,320,410,,43.4986,0.88463,Plein jour,Hors agglomération,Hors intersection,Normale,Deux véhicules - frontale,,,,,,,,,,,1,1,1,1.0,1
201300003888,0013-12-31 23:45:00,13,12,31,23,45,320,462,,43.761,0.335,Nuit sans éclairage public,Hors agglomération,Hors intersection,Normale,Sans collision,,,,,,,,,,,3,1,1,1.0,7
201300003889,0013-01-13 23:30:00,13,1,13,23,30,320,462,,43.772,0.265,Nuit sans éclairage public,Hors agglomération,Hors intersection,Normale,Autre collision,,,,,,,,,,,3,1,1,1.0,6
201300003890,0013-02-08 09:00:00,13,2,8,9,0,320,462,,43.7581,0.30038,Plein jour,En agglomération,Hors intersection,Normale,Autre collision,,,,,,,,,,,1,2,1,1.0,6
201300003891,0013-02-14 15:15:00,13,2,14,15,15,320,301,,43.715,0.443,Plein jour,Hors agglomération,Hors intersection,Normale,Deux véhicules - frontale,,,,,,,,,,,1,1,1,1.0,1
201300003892,0013-04-21 05:00:00,13,4,21,5,0,320,384,,43.7177,0.50172,Nuit sans éclairage public,Hors agglomération,Hors intersection,Normale,Sans collision,,,,,,,,,,,3,1,1,1.0,7
201300003893,0013-06-11 17:30:00,13,6,11,17,30,320,301,,43.7083,0.44497,Plein jour,Hors agglomération,Hors intersection,Normale,Sans collision,,,,,,,,,,,1,1,1,1.0,7
201300003894,0013-06-21 08:45:00,13,6,21,8,45,320,462,PLACE CRESPIN,43.7579,0.29926,Plein jour,En agglomération,Intersection en T,Pluie légère,Autre collision,,,,,,,,,,,1,2,3,2.0,6
201300003895,0013-07-12 18:00:00,13,7,12,18,0,320,462,LD GIMAT,43.7707,0.30248,Plein jour,Hors agglomération,Hors intersection,Normale,Autre collision,,,,,,,,,,,1,1,1,1.0,6
201300003896,0013-07-13 10:45:00,13,7,13,10,45,320,462,,43.7332,0.30887,Plein jour,Hors agglomération,Hors intersection,Normale,Autre collision,,,,,,,,,,,1,1,1,1.0,6
201300003897,0013-09-29 17:00:00,13,9,29,17,0,320,301,LA HUMADE,43.7122,0.43619,Plein jour,Hors agglomération,Hors intersection,Temps couvert,Sans collision,,,,,,,,,,,1,1,1,8.0,7
201300003898,0013-10-16 08:15:00,13,10,16,8,15,320,54,LD LA HUMADE,43.7137,0.42979,Crépuscule ou aube,Hors agglomération,Hors intersection,Pluie légère,Autre collision,,,,,,,,,,,2,1,1,2.0,6
201300003899,0013-11-24 05:45:00,13,11,24,5,45,320,54,,43.691,0.389,Nuit sans éclairage public,Hors agglomération,Hors intersection,Normale,Autre collision,,,,,,,,,,,3,1,1,1.0,6
201300003900,0013-01-16 19:00:00,13,1,16,19,0,320,44,,43.9323,0.40049,Nuit sans éclairage public,Hors agglomération,Hors intersection,Pluie forte,Deux véhicules - frontale,,,,,,,,,,,3,1,1,3.0,1
201300003901,0013-02-22 11:45:00,13,2,22,11,45,320,402,,43.7871,0.37702,Plein jour,Hors agglomération,Intersection en X,Normale,Deux véhicules - côté,,,,,,,,,,,1,1,2,1.0,3
201300003902,0013-03-26 12:45:00,13,3,26,12,45,320,79,,43.9151,0.09523,Plein jour,Hors agglomération,Hors intersection,Normale,Autre collision,,,,,,,,,,,1,1,1,1.0,6
201300003903,0013-04-02 05:45:00,13,4,2,5,45,320,83,,,,Nuit sans éclairage public,Hors agglomération,Hors intersection,Normale,Autre collision,,,,,,,,,,,3,1,1,1.0,6
201300003904,0013-05-08 18:15:00,13,5,8,18,15,320,107,RUE DE LA REPUBLIQUE,43.9559,0.36619,Plein jour,En agglomération,Hors intersection,Temps couvert,Trois véhicules et plus - collisions multiples,,,,,,,,,,,1,2,1,8.0,5
201300003905,0013-05-18 10:15:00,13,5,18,10,15,320,107,,43.9685,0.30281,Plein jour,Hors agglomération,Hors intersection,Normale,Autre collision,,,,,,,,,,,1,1,1,1.0,6
201300003906,0013-06-04 09:30:00,13,6,4,9,30,320,352,,43.8121,0.3863,Plein jour,Hors agglomération,Intersection en X,Temps éblouissant,Deux véhicules - côté,,,,,,,,,,,1,1,2,7.0,3
201300003907,0013-06-29 00:15:00,13,6,29,0,15,320,404,,43.8775,0.456,Nuit sans éclairage public,Hors agglomération,Hors intersection,Normale,Autre collision,,,,,,,,,,,3,1,1,1.0,6
201300003908,0013-07-16 09:30:00,13,7,16,9,30,320,133,CD114/PLACE A. FALLIERES,43.9928,0.22979,Plein jour,En agglomération,Hors intersection,Normale,Autre collision,,,,,,,,,,,1,2,1,1.0,6
201300003909,0013-07-16 15:45:00,13,7,16,15,45,320,197,LD LA BOURDETTE,43.9717,0.29841,Plein jour,Hors agglomération,Hors intersection,Normale,Sans collision,,,,,,,,,,,1,1,1,1.0,7
201300003910,0013-09-05 22:15:00,13,9,5,22,15,320,107,AVENUE DES MOUSQUETAIRES,43.9546,0.3642,Nuit avec éclairage allumé,En agglomération,Hors intersection,Normale,Autre collision,,,,,,,,,,,5,2,1,1.0,6
201300003911,0013-10-16 16:30:00,13,10,16,16,30,320,107,,43.9286,0.35528,Plein jour,Hors agglomération,Hors intersection,Temps couvert,Deux véhicules - côté,,,,,,,,,,,1,1,1,8.0,3
201300003912,0013-10-27 14:15:00,13,10,27,14,15,320,459,,43.8668,0.3599,Plein jour,Hors agglomération,Hors intersection,Normale,Autre collision,,,,,,,,,,,1,1,1,1.0,6
201300003913,0013-01-02 18:15:00,13,1,2,18,15,320,119,,43.8951,0.09528,Nuit sans éclairage public,Hors agglomération,Hors intersection,Normale,Sans collision,,,,,,,,,,,3,1,1,1.0,7
201300003914,0013-05-05 22:30:00,13,5,5,22,30,320,264,,43.9365,-0.12406,Nuit sans éclairage public,Hors agglomération,Hors intersection,Normale,Autre collision,,,,,,,,,,,3,1,1,1.0,6
201300003915,0013-06-26 18:30:00,13,6,26,18,30,320,96,,43.9359,-0.08598,Plein jour,Hors agglomération,Intersection en T,Normale,Deux véhicules - frontale,,,,,,,,,,,1,1,3,1.0,1
201300003916,0013-07-19 11:30:00,13,7,19,11,30,320,296,,43.7543,-0.04825,Plein jour,Hors agglomération,Intersection en X,Normale,Deux véhicules - frontale,,,,,,,,,,,1,1,2,1.0,1
201300003917,0013-07-30 09:00:00,13,7,30,9,0,320,264,,43.9318,-0.11313,Plein jour,Hors agglomération,Hors intersection,Normale,Deux véhicules - frontale,,,,,,,,,,,1,1,1,1.0,1
201300003918,0013-08-16 11:30:00,13,8,16,11,30,320,119,BD G?N?RAL BALLON,43.8605,0.09903,Plein jour,En agglomération,Hors intersection,Normale,Autre collision,,,,,,,,,,,1,2,1,1.0,6
201300003919,0013-12-11 05:00:00,13,12,11,5,0,320,119,,43.8489,0.13039,Nuit sans éclairage public,Hors agglomération,Hors intersection,Normale,Autre collision,,,,,,,,,,,3,1,1,1.0,6
201300003920,0013-02-27 14:45:00,13,2,27,14,45,320,208,,43.9537,0.65104,Plein jour,Hors agglomération,Intersection en Y,Normale,Autre collision,,,,,,,,,,,1,1,4,1.0,6
201300003921,0013-03-27 17:45:00,13,3,27,17,45,320,208,,43.9178,0.62677,Plein jour,Hors agglomération,Intersection en T,Normale,Deux véhicules - côté,,,,,,,,,,,1,1,3,1.0,3
201300003922,0013-04-03 12:00:00,13,4,3,12,0,320,286,,43.804,0.64185,Plein jour,Hors agglomération,Intersection en T,Normale,Deux véhicules - frontale,,,,,,,,,,,1,1,3,1.0,1
201300003923,0013-04-05 08:00:00,13,4,5,8,0,320,208,,43.924,0.62361,Plein jour,Hors agglomération,Intersection en Y,Normale,Deux véhicules - côté,,,,,,,,,,,1,1,4,1.0,3
201300003924,0013-05-06 17:15:00,13,5,6,17,15,320,241,,43.8964,0.54098,Plein jour,Hors agglomération,Hors intersection,Normale,Autre collision,,,,,,,,,,,1,1,1,1.0,6
201300003925,0013-05-13 06:30:00,13,5,13,6,30,320,208,,43.952,0.61177,Plein jour,Hors agglomération,Hors intersection,Normale,Autre collision,,,,,,,,,,,1,1,1,1.0,6
201300003926,0013-05-23 19:00:00,13,5,23,19,0,320,208,RN.21 - ROUTE D'AGEN,43.936,0.6426,Plein jour,En agglomération,Hors intersection,Normale,Deux véhicules - frontale,,,,,,,,,,,1,2,1,1.0,1
201300003927,0013-06-08 23:00:00,13,6,8,23,0,320,208,LD BOURDIEU DE COMBARRAU,43.9746,0.63934,Nuit sans éclairage public,Hors agglomération,Hors intersection,Pluie légère,Autre collision,,,,,,,,,,,3,1,1,2.0,6
201300003928,0013-06-16 15:15:00,13,6,16,15,15,320,208,,43.9415,0.59847,Plein jour,Hors agglomération,Hors intersection,Normale,Sans collision,,,,,,,,,,,1,1,1,1.0,7
201300003929,0013-08-09 18:30:00,13,8,9,18,30,320,132,LD PERISSE,43.8502,0.64262,Plein jour,Hors agglomération,Hors intersection,Normale,Autre collision,,,,,,,,,,,1,1,1,1.0,6
201300003930,0013-08-22 11:00:00,13,8,22,11,0,320,47,LD LES CLAUS,44.0175,0.53657,Plein jour,Hors agglomération,Hors intersection,Normale,Deux véhicules - côté,,,,,,,,,,,1,1,1,1.0,3
201300003931,0013-08-27 12:00:00,13,8,27,12,0,320,239,LD CAUBOUE,43.9365,0.517,Plein jour,Hors agglomération,Hors intersection,Normale,Autre collision,,,,,,,,,,,1,1,1,1.0,6
201300003932,0013-09-04 17:30:00,13,9,4,17,30,320,132,LD MARIDAT,43.864,0.63294,Plein jour,Hors agglomération,Hors intersection,Normale,Autre collision,,,,,,,,,,,1,1,1,1.0,6
201300003933,0013-10-03 11:15:00,13,10,3,11,15,320,132,,43.8583,0.66077,Plein jour,En agglomération,Hors intersection,Pluie légère,Deux véhicules - côté,,,,,,,,,,,1,2,1,2.0,3
201300003934,0013-11-13 14:30:00,13,11,13,14,30,320,208,,43.93,0.58114,Plein jour,Hors agglomération,Hors intersection,Normale,Deux véhicules - frontale,,,,,,,,,,,1,1,1,1.0,1