accident_id,datetime,annee,mois,jour,heure,minute,departement,commune_insee,adresse,latitude,longitude,luminosite,agglomeration,intersection,meteo,collision,nb_vehicules,nb_usagers,nb_indemnes,nb_tues,nb_blesses_hosp,nb_blesses_legers,age_cond_1,age_cond_2,veh_type_cond_1,veh_type_cond_2,lum_code,agg_code,int_code,atm_code,col_code
201300003935,0013-09-28 20:45:00,13,9,28,20,45,320,405,LD EN RAU,43.8518,0.605,Nuit sans éclairage public,Hors agglomération,Hors intersection,Normale,Sans collision,,,,,,,,,,,3,1,1,1.0,7
201300003936,0013-10-15 06:15:00,13,10,15,6,15,320,208,LD BIDON,43.9619,0.69834,Nuit sans éclairage public,Hors agglomération,Hors intersection,Normale,Sans collision,,,,,,,,,,,3,1,1,1.0,7
201300003937,0013-01-11 21:00:00,13,1,11,21,0,320,397,,43.4515,0.41009,Nuit sans éclairage public,Hors agglomération,Hors intersection,Normale,Sans collision,,,,,,,,,,,3,1,1,1.0,7
201300003938,0013-01-17 08:00:00,13,1,17,8,0,320,256,RUE DES CLARISSES,43.5158,0.40639,Crépuscule ou aube,En agglomération,Hors intersection,Normale,Autre collision,,,,,,,,,,,2,2,1,1.0,6
201300003939,0013-01-28 07:45:00,13,1,28,7,45,320,426,AV GENERAL DE GAULLE,43.4958,0.59377,Nuit avec éclairage allumé,En agglomération,Hors intersection,Temps couvert,Autre collision,,,,,,,,,,,5,2,1,8.0,6
201300003940,0013-02-06 16:15:00,13,2,6,16,15,320,185,CD228,43.3435,0.65294,Plein jour,En agglomération,Intersection en T,Pluie forte,Deux véhicules - côté,,,,,,,,,,,1,2,3,3.0,3
201300003941,0013-02-27 18:30:00,13,2,27,18,30,320,122,LE MOUN?T?,43.4235,0.56078,Plein jour,Hors agglomération,Hors intersection,Normale,Deux véhicules - frontale,,,,,,,,,,,1,1,1,1.0,1
201300003942,0013-05-18 13:45:00,13,5,18,13,45,320,53,,43.378,0.61636,Plein jour,Hors agglomération,Hors intersection,Pluie légère,Autre collision,,,,,,,,,,,1,1,1,2.0,6
201300003943,0013-05-22 11:15:00,13,5,22,11,15,320,254,LD LE RAT,43.5453,0.46951,Plein jour,Hors agglomération,Hors intersection,Pluie forte,Trois véhicules et plus - collisions multiples,,,,,,,,,,,1,1,1,3.0,5
201300003944,0013-06-09 17:00:00,13,6,9,17,0,320,254,,43.5452,0.46945,Plein jour,Hors agglomération,Hors intersection,Pluie légère,Deux véhicules - frontale,,,,,,,,,,,1,1,1,2.0,1
201300003945,0013-07-16 17:15:00,13,7,16,17,15,320,254,LD SAHUQUET,43.5372,0.44522,Plein jour,Hors agglomération,Intersection en T,Pluie légère,Deux véhicules - arrière,,,,,,,,,,,1,1,3,2.0,2
201300003946,0013-09-22 01:30:00,13,9,22,1,30,320,397,LD CHRISTAU,43.4477,0.4147,Nuit sans éclairage public,Hors agglomération,Hors intersection,Normale,Autre collision,,,,,,,,,,,3,1,1,1.0,6
201300003947,0013-10-26 00:45:00,13,10,26,0,45,320,256,,43.516,0.602,Nuit sans éclairage public,Hors agglomération,Hors intersection,Normale,Deux véhicules - arrière,,,,,,,,,,,3,1,1,1.0,2
201300003948,0013-11-14 09:30:00,13,11,14,9,30,320,254,,,,Plein jour,Hors agglomération,Hors intersection,Normale,Deux véhicules - frontale,,,,,,,,,,,1,1,1,1.0,1
201300003949,0013-01-21 16:45:00,13,1,21,16,45,320,446,,43.4872,0.26182,Plein jour,Hors agglomération,Hors intersection,Temps couvert,Sans collision,,,,,,,,,,,1,1,1,8.0,7
201300003950,0013-03-03 06:45:00,13,3,3,6,45,320,373,,43.4058,0.39581,Plein jour,Hors agglomération,Hors intersection,Normale,Autre collision,,,,,,,,,,,1,1,1,1.0,6
201300003951,0013-03-06 11:30:00,13,3,6,11,30,320,278,RTE DE SAUVIAC,43.4,0.43855,Plein jour,Hors agglomération,Hors intersection,Normale,Autre collision,,,,,,,,,,,1,1,1,1.0,6
201300003952,0013-05-26 10:30:00,13,5,26,10,30,320,205,,,,Plein jour,Hors agglomération,Hors intersection,Temps éblouissant,Autre collision,,,,,,,,,,,1,1,1,7.0,6
201300003953,0013-07-03 05:45:00,13,7,3,5,45,320,159,,,,Crépuscule ou aube,Hors agglomération,Hors intersection,Normale,Autre collision,,,,,,,,,,,2,1,1,1.0,6
201300003954,0013-09-28 09:45:00,13,9,28,9,45,320,252,,43.428,0.297,Plein jour,Hors agglomération,Hors intersection,Temps couvert,Sans collision,,,,,,,,,,,1,1,1,8.0,7
201300003955,0013-10-11 16:15:00,13,10,11,16,15,320,30,,43.51,0.28345,Plein jour,Hors agglomération,Intersection en Y,Normale,Deux véhicules - frontale,,,,,,,,,,,1,1,4,1.0,1
201300003956,0013-10-25 14:45:00,13,10,25,14,45,320,252,PLACE JEAN SENAC,43.4296,0.30762,Plein jour,En agglomération,Place,Normale,Autre collision,,,,,,,,,,,1,2,7,1.0,6
201300003957,0013-12-08 18:05:00,13,12,8,18,5,320,273,,43.4999,0.23378,Nuit sans éclairage public,Hors agglomération,Hors intersection,Normale,Deux véhicules - frontale,,,,,,,,,,,3,1,1,1.0,1
201300003958,0013-02-01 17:00:00,13,2,1,17,0,320,245,,43.6041,-0.08238,Plein jour,Hors agglomération,Hors intersection,Normale,Autre collision,,,,,,,,,,,1,1,1,1.0,6
201300003959,0013-03-11 14:30:00,13,3,11,14,30,320,235,,,,Plein jour,Hors agglomération,Hors intersection,Normale,Autre collision,,,,,,,,,,,1,1,1,1.0,6
201300003960,0013-03-29 07:45:00,13,3,29,7,45,320,344,RUE DE LA MENOUE,43.6535,-0.08799,Plein jour,En agglomération,Intersection en X,Normale,Deux véhicules - côté,,,,,,,,,,,1,2,2,1.0,3
201300003961,0013-05-07 19:45:00,13,5,7,19,45,320,46,,43.669,-0.22796,Plein jour,Hors agglomération,Hors intersection,Normale,Deux véhicules - frontale,,,,,,,,,,,1,1,1,1.0,1
201300003962,0013-08-03 14:45:00,13,8,3,14,45,320,414,,,,Crépuscule ou aube,Hors agglomération,Hors intersection,Normale,Deux véhicules - frontale,,,,,,,,,,,2,1,1,1.0,1
201300003963,0013-08-13 10:45:00,13,8,13,10,45,320,344,ROUTE D'AQUITAINE,43.6681,-0.07953,Plein jour,En agglomération,Hors intersection,Normale,Deux véhicules - côté,,,,,,,,,,,1,2,1,1.0,3
201300003964,0013-01-31 21:15:00,13,1,31,21,15,460,109,,44.34091,1.50022,Nuit sans éclairage public,Hors agglomération,Hors intersection,Normale,Deux véhicules - arrière,,,,,,,,,,,3,1,1,1.0,2
201300003965,0013-03-02 01:45:00,13,3,2,1,45,460,202,,,,Nuit sans éclairage public,Hors agglomération,Hors intersection,Normale,Deux véhicules - arrière,,,,,,,,,,,3,1,1,1.0,2
201300003966,0013-06-28 15:45:00,13,6,28,15,45,460,323,,44.607,1.50134,Plein jour,Hors agglomération,Hors intersection,Normale,Deux véhicules - arrière,,,,,,,,,,,1,1,1,1.0,2
201300003967,0013-08-15 12:45:00,13,8,15,12,45,460,210,,44.56391,1.51327,Plein jour,Hors agglomération,Hors intersection,Normale,Autre collision,,,,,,,,,,,1,1,1,1.0,6
201300003968,0013-01-04 16:45:00,13,1,4,16,45,460,329,,44.32534,1.63708,Plein jour,Hors agglomération,Hors intersection,Temps couvert,Autre collision,,,,,,,,,,,1,1,1,8.0,6
201300003969,0013-02-02 05:30:00,13,2,2,5,30,460,329,,44.33608,1.6418,Nuit sans éclairage public,Hors agglomération,Hors intersection,Temps couvert,Autre collision,,,,,,,,,,,3,1,1,8.0,6
201300003970,0013-02-16 05:45:00,13,2,16,5,45,460,202,,44.305,1.472,Nuit sans éclairage public,Hors agglomération,Hors intersection,Normale,Autre collision,,,,,,,,,,,3,1,1,1.0,6
201300003971,0013-07-21 08:30:00,13,7,21,8,30,460,262,,44.31518,1.288,Plein jour,Hors agglomération,Hors intersection,Normale,Deux véhicules - côté,,,,,,,,,,,1,1,1,1.0,3
201300003972,0013-11-18 17:15:00,13,11,18,17,15,460,137,,44.40392,1.41641,Crépuscule ou aube,Hors agglomération,Hors intersection,Pluie légère,Autre collision,,,,,,,,,,,2,1,1,2.0,6
201300003973,0013-11-19 18:15:00,13,11,19,18,15,460,201,,44.32174,1.17801,Nuit sans éclairage public,Hors agglomération,Hors intersection,Normale,Autre collision,,,,,,,,,,,3,1,1,1.0,6
201300003974,0013-01-12 12:45:00,13,1,12,12,45,460,335,,44.40407,1.338,Plein jour,Hors agglomération,Hors intersection,Pluie légère,Deux véhicules - frontale,,,,,,,,,,,1,1,1,2.0,1
201300003975,0013-02-10 11:15:00,13,2,10,11,15,460,184,,44.65666,1.15381,Plein jour,Hors agglomération,Hors intersection,Pluie légère,Autre collision,,,,,,,,,,,1,1,1,2.0,6
201300003976,0013-04-20 17:45:00,13,4,20,17,45,460,126,,44.57523,1.20423,Plein jour,Hors agglomération,Hors intersection,Normale,Autre collision,,,,,,,,,,,1,1,1,1.0,6
201300003977,0013-04-25 21:00:00,13,4,25,21,0,460,62,,,,Nuit sans éclairage public,Hors agglomération,Hors intersection,Normale,Autre collision,,,,,,,,,,,3,1,1,1.0,6
201300003978,0013-04-26 18:45:00,13,4,26,18,45,460,335,,44.38773,1.32951,Plein jour,Hors agglomération,Hors intersection,Pluie légère,Deux véhicules - frontale,,,,,,,,,,,1,1,1,2.0,1
201300003979,0013-05-01 22:45:00,13,5,1,22,45,460,114,,44.57152,1.14538,Nuit sans éclairage public,Hors agglomération,Hors intersection,Normale,Autre collision,,,,,,,,,,,3,1,1,1.0,6
201300003980,0013-09-03 09:15:00,13,9,3,9,15,460,184,,44.66425,1.19707,Plein jour,Hors agglomération,Hors intersection,Normale,Deux véhicules - frontale,,,,,,,,,,,1,1,1,1.0,1
201300003981,0013-09-08 10:15:00,13,9,8,10,15,460,89,,44.51433,1.06599,Plein jour,Hors agglomération,Hors intersection,Pluie forte,Autre collision,,,,,,,,,,,1,1,1,3.0,6
201300003982,0013-12-23 19:30:00,13,12,23,19,30,460,307,le bourg,44.48903,1.01801,Nuit avec éclairage allumé,En agglomération,Hors intersection,Normale,Deux véhicules - arrière,,,,,,,,,,,5,2,1,1.0,2
201300003983,0013-01-15 11:45:00,13,1,15,11,45,460,100,,44.56266,2.02568,Plein jour,Hors agglomération,Hors intersection,Neige / grêle,Autre collision,,,,,,,,,,,1,1,1,4.0,6
201300003984,0013-03-22 16:00:00,13,3,22,16,0,460,15,avenue Joseph Canteloube,44.66806,2.15905,Plein jour,En agglomération,Hors intersection,Normale,Deux véhicules - arrière,,,,,,,,,,,1,2,1,1.0,2
201300003985,0013-04-16 16:15:00,13,4,16,16,15,460,221,,44.64152,2.04288,Plein jour,Hors agglomération,Hors intersection,Normale,Autre collision,,,,,,,,,,,1,1,1,1.0,6
201300003986,0013-04-25 09:30:00,13,4,25,9,30,460,15,,44.64589,2.1554,Plein jour,Hors agglomération,Hors intersection,Normale,Deux véhicules - frontale,,,,,,,,,,,1,1,1,1.0,1
201300003987,0013-04-29 19:00:00,13,4,29,19,0,460,102,07 av du P G. Pompidou,44.60673,2.02405,Plein jour,En agglomération,Hors intersection,Normale,Autre collision,,,,,,,,,,,1,2,1,1.0,6
201300003988,0013-05-27 17:30:00,13,5,27,17,30,460,102,Avenue Casimir Marcenac,44.61072,2.02937,Plein jour,En agglomération,Hors intersection,Normale,Deux véhicules - côté,,,,,,,,,,,1,2,1,1.0,3
201300003989,0013-06-26 08:30:00,13,6,26,8,30,460,108,,44.67698,1.94616,Plein jour,Hors agglomération,Hors intersection,Normale,Deux véhicules - frontale,,,,,,,,,,,1,1,1,1.0,1
201300003990,0013-09-06 19:15:00,13,9,6,19,15,460,102,,44.59953,2.01552,Plein jour,En agglomération,Hors intersection,Normale,Deux véhicules - côté,,,,,,,,,,,1,2,1,1.0,3
201300003991,0013-10-05 10:00:00,13,10,5,10,0,460,15,,44.65633,2.13317,Plein jour,Hors agglomération,Hors intersection,Pluie légère,Trois véhicules et plus - collisions multiples,,,,,,,,,,,1,1,1,2.0,5
201300003992,0013-11-15 09:00:00,13,11,15,9,0,460,108,,44.65389,1.98019,Nuit sans éclairage public,Hors agglomération,Hors intersection,Normale,Trois véhicules et plus - collisions multiples,,,,,,,,,,,3,1,1,1.0,5
201300003993,0013-01-31 18:45:00,13,1,31,18,45,460,132,,44.257,1.302,Nuit sans éclairage public,Hors agglomération,Hors intersection,Pluie légère,Deux véhicules - frontale,,,,,,,,,,,3,1,1,2.0,1
201300003994,0013-06-02 08:30:00,13,6,2,8,30,460,45,,44.50557,1.86216,Plein jour,Hors agglomération,Hors intersection,Normale,Deux véhicules - frontale,,,,,,,,,,,1,1,1,1.0,1
201300003995,0013-06-13 18:15:00,13,6,13,18,15,460,51,,44.6285,1.90936,Plein jour,Hors agglomération,Hors intersection,Normale,Sans collision,,,,,,,,,,,1,1,1,1.0,7
201300003996,0013-07-06 14:30:00,13,7,6,14,30,460,21,,44.58523,1.9608,Plein jour,Hors agglomération,Hors intersection,Normale,Sans collision,,,,,,,,,,,1,1,1,1.0,7
201300003997,0013-07-09 08:30:00,13,7,9,8,30,460,319,,44.73392,1.85114,Plein jour,Hors agglomération,Hors intersection,Normale,Deux véhicules - frontale,,,,,,,,,,,1,1,1,1.0,1
201300003998,0013-07-22 19:15:00,13,7,22,19,15,460,34,,44.71316,1.9109,Plein jour,Hors agglomération,Hors intersection,Normale,Autre collision,,,,,,,,,,,1,1,1,1.0,6
201300003999,0013-07-28 01:30:00,13,7,28,1,30,460,133,,44.57726,1.29965,Nuit sans éclairage public,Hors agglomération,Hors intersection,Normale,Autre collision,,,,,,,,,,,3,1,1,1.0,6
201300004000,0013-08-21 15:15:00,13,8,21,15,15,460,143,,44.73131,1.94224,Plein jour,Hors agglomération,Hors intersection,Normale,Sans collision,,,,,,,,,,,1,1,1,1.0,7
201300004001,0013-11-05 12:45:00,13,11,5,12,45,460,12,,44.7997,1.83955,Plein jour,Hors agglomération,Hors intersection,Pluie forte,Sans collision,,,,,,,,,,,1,1,1,3.0,7
201300004002,0013-11-15 13:45:00,13,11,15,13,45,460,34,,44.69687,1.92081,Plein jour,Hors agglomération,Hors intersection,Pluie légère,Autre collision,,,,,,,,,,,1,1,1,2.0,6
201300004003,0013-12-26 04:15:00,13,12,26,4,15,460,143,,44.73911,1.92257,Nuit sans éclairage public,Hors agglomération,Intersection en T,Pluie légère,Autre collision,,,,,,,,,,,3,1,3,2.0,6
201300004004,0013-01-11 16:45:00,13,1,11,16,45,460,229,les prats sud,44.92183,1.77827,Plein jour,En agglomération,Hors intersection,Normale,Autre collision,,,,,,,,,,,1,2,1,1.0,6
201300004005,0013-01-14 14:00:00,13,1,14,14,0,460,229,,44.91202,1.79306,Plein jour,Hors agglomération,Hors intersection,Temps couvert,Deux véhicules - côté,,,,,,,,,,,1,1,1,8.0,3
201300004006,0013-01-24 12:00:00,13,1,24,12,0,460,251,avenue victor hugo,44.85784,1.8934,Plein jour,En agglomération,Hors intersection,Normale,Deux véhicules - frontale,,,,,,,,,,,1,2,1,1.0,1
201300004007,0013-06-25 16:45:00,13,6,25,16,45,460,284,,44.89722,1.85866,Plein jour,Hors agglomération,Hors intersection,Temps couvert,Deux véhicules - arrière,,,,,,,,,,,1,1,1,8.0,2
201300004008,0013-07-06 12:30:00,13,7,6,12,30,460,124,,44.91957,1.86147,Plein jour,Hors agglomération,Hors intersection,Normale,Deux véhicules - frontale,,,,,,,,,,,1,1,1,1.0,1
201300004009,0013-08-01 09:30:00,13,8,1,9,30,460,29,AVENUE DE LA REPUBLIQUE,44.93192,1.84874,Plein jour,En agglomération,Intersection en X,Normale,Deux véhicules - côté,,,,,,,,,,,1,2,2,1.0,3
201300004010,0013-08-05 18:15:00,13,8,5,18,15,460,282,,,,Plein jour,Hors agglomération,Hors intersection,Normale,Deux véhicules - côté,,,,,,,,,,,1,1,1,1.0,3
201300004011,0013-08-05 19:30:00,13,8,5,19,30,460,177,,44.83612,1.81297,Plein jour,Hors agglomération,Hors intersection,Normale,Deux véhicules - frontale,,,,,,,,,,,1,1,1,1.0,1
201300004012,0013-09-20 14:15:00,13,9,20,14,15,460,251,,44.85566,1.89333,Plein jour,Hors agglomération,Intersection en T,Normale,Deux véhicules - côté,,,,,,,,,,,1,1,3,1.0,3
201300004013,0013-11-27 09:30:00,13,11,27,9,30,460,229,Route Nationale,44.91692,1.77331,Plein jour,En agglomération,Hors intersection,Normale,Deux véhicules - côté,,,,,,,,,,,1,2,1,1.0,3
201300004014,0013-12-12 09:00:00,13,12,12,9,0,460,38,71 impasse SAINT MARTIN,,,Plein jour,En agglomération,Hors intersection,Normale,Deux véhicules - arrière,,,,,,,,,,,1,2,1,1.0,2
201300004015,0013-02-01 10:30:00,13,2,1,10,30,460,334,,44.74343,1.45856,Plein jour,Hors agglomération,Hors intersection,Normale,Autre collision,,,,,,,,,,,1,1,1,1.0,6
201300004016,0013-03-05 19:30:00,13,3,5,19,30,460,127,,44.739,1.355,Nuit sans éclairage public,Hors agglomération,Hors intersection,Normale,Autre collision,,,,,,,,,,,3,1,1,1.0,6
201300004017,0013-05-26 17:45:00,13,5,26,17,45,460,216,RD 47 PK 11+700,44.75855,1.35195,Plein jour,En agglomération,Hors intersection,Normale,Deux véhicules - frontale,,,,,,,,,,,1,2,1,1.0,1
201300004018,0013-10-25 15:45:00,13,10,25,15,45,460,216,,44.75682,1.36383,Plein jour,Hors agglomération,Hors intersection,Normale,Deux véhicules - côté,,,,,,,,,,,1,1,1,1.0,3
201300004019,0013-11-07 17:15:00,13,11,7,17,15,460,169,,44.71048,1.30196,Plein jour,Hors agglomération,Hors intersection,Normale,Sans collision,,,,,,,,,,,1,1,1,1.0,7
201300004020,0013-02-21 15:30:00,13,2,21,15,30,460,138,7 route de Gramat,44.64947,1.57134,Crépuscule ou aube,En agglomération,Hors intersection,Temps éblouissant,Deux véhicules - côté,,,,,,,,,,,2,2,1,7.0,3
201300004021,0013-04-28 11:15:00,13,4,28,11,15,460,240,,44.81899,1.65993,Plein jour,Hors agglomération,Hors intersection,Normale,Autre collision,,,,,,,,,,,1,1,1,1.0,6
201300004022,0013-04-29 16:00:00,13,4,29,16,0,460,78,,44.76495,1.64974,Plein jour,Hors agglomération,Hors intersection,Normale,Deux véhicules - côté,,,,,,,,,,,1,1,1,1.0,3
201300004023,0013-05-21 17:00:00,13,5,21,17,0,460,240,,44.80581,1.61381,Plein jour,Hors agglomération,Hors intersection,Pluie légère,Deux véhicules - côté,,,,,,,,,,,1,1,1,2.0,3
201300004024,0013-06-12 19:30:00,13,6,12,19,30,460,128,45 Avenue Louis CONTE,44.7811,1.72129,Plein jour,En agglomération,Hors intersection,Normale,Autre collision,,,,,,,,,,,1,2,1,1.0,6
201300004025,0013-07-06 13:00:00,13,7,6,13,0,460,240,,44.82067,1.65737,Plein jour,Hors agglomération,Intersection en X,Normale,Deux véhicules - côté,,,,,,,,,,,1,1,2,1.0,3
201300004026,0013-08-20 10:15:00,13,8,20,10,15,460,138,16 PLACE DE LA MAIRIE,,,Plein jour,En agglomération,Autre intersection,Normale,Autre collision,,,,,,,,,,,1,2,9,1.0,6
201300004027,0013-01-12 06:15:00,13,1,12,6,15,460,298,,45.01573,1.61358,Nuit sans éclairage public,Hors agglomération,Passage à niveau,Pluie légère,Deux véhicules - frontale,,,,,,,,,,,3,1,8,2.0,1
201300004028,0013-06-07 17:45:00,13,6,7,17,45,460,145,71 route de martel,44.906,1.481,Plein jour,En agglomération,Hors intersection,Normale,Autre collision,,,,,,,,,,,1,2,1,1.0,6
201300004029,0013-07-02 19:45:00,13,7,2,19,45,460,185,,44.93631,1.60354,Plein jour,Hors agglomération,Hors intersection,Normale,Autre collision,,,,,,,,,,,1,1,1,1.0,6
201300004030,0013-08-10 23:00:00,13,8,10,23,0,460,208,,44.89578,1.62099,Nuit sans éclairage public,Hors agglomération,Intersection en T,Normale,Deux véhicules - côté,,,,,,,,,,,3,1,3,1.0,3
201300004031,0013-12-12 13:15:00,13,12,12,13,15,460,185,,44.947,1.596,Plein jour,Hors agglomération,Hors intersection,Normale,Deux véhicules - côté,,,,,,,,,,,1,1,1,1.0,3
201300004032,0013-12-15 14:00:00,13,12,15,14,0,460,298,,45.01623,1.61377,Plein jour,Hors agglomération,Hors intersection,Normale,Deux véhicules - frontale,,,,,,,,,,,1,1,1,1.0,1
201300004033,0013-01-31 17:45:00,13,1,31,17,45,650,48,,43.31111,0.09731,Crépuscule ou aube,Hors agglomération,Hors intersection,Normale,Autre collision,,,,,,,,,,,2,1,1,1.0,6
201300004034,0013-06-10 22:45:00,13,6,10,22,45,650,257,,43.16051,-0.01538,Nuit sans éclairage public,Hors agglomération,Hors intersection,Normale,Sans collision,,,,,,,,,,,3,1,1,1.0,7
201300004035,0013-08-02 12:45:00,13,8,2,12,45,650,62,,43.19981,0.11098,Plein jour,En agglomération,Hors intersection,Normale,Sans collision,,,,,,,,,,,1,2,1,1.0,7
201300004036,0013-08-17 16:45:00,13,8,17,16,45,650,2,,43.15685,-0.01981,Plein jour,Hors agglomération,Hors intersection,Normale,Deux véhicules - côté,,,,,,,,,,,1,1,1,1.0,3
201300004037,0013-10-08 08:30:00,13,10,8,8,30,650,257,LANNE/N21,43.1613,-0.0143,Plein jour,Hors agglomération,Hors intersection,Normale,Deux véhicules - côté,,,,,,,,,,,1,1,1,1.0,3
201300004038,0013-11-20 00:01:00,13,11,20,0,1,650,422,,43.3166,-0.11024,Nuit sans éclairage public,Hors agglomération,Hors intersection,Pluie légère,Autre collision,,,,,,,,,,,3,1,1,2.0,6
201300004039,0013-12-03 18:15:00,13,12,3,18,15,650,2,route de Lourdes,43.13254,-0.02705,Nuit avec éclairage allumé,En agglomération,Hors intersection,Normale,Autre collision,,,,,,,,,,,5,2,1,1.0,6
201300004040,0013-12-13 00:45:00,13,12,13,0,45,650,2,,43.15724,-0.0195,Nuit sans éclairage public,Hors agglomération,Hors intersection,Normale,Trois véhicules et plus - collisions multiples,,,,,,,,,,,3,1,1,1.0,5
201300004041,0013-01-12 20:00:00,13,1,12,20,0,650,184,,43.17098,0.39879,Nuit sans éclairage public,Hors agglomération,Hors intersection,Pluie légère,Deux véhicules - côté,,,,,,,,,,,3,1,1,2.0,3
201300004042,0013-08-06 07:30:00,13,8,6,7,30,650,452,Route de Mi?lan,43.32685,0.36202,Crépuscule ou aube,En agglomération,Hors intersection,Normale,Autre collision,,,,,,,,,,,2,2,1,1.0,6
201300004043,0013-07-07 07:30:00,13,7,7,7,30,650,303,"D5, PR 014+200",,,Plein jour,En agglomération,Hors intersection,Normale,Autre collision,,,,,,,,,,,1,2,1,1.0,6
201300004044,0013-07-20 20:00:00,13,7,20,20,0,650,303,D 817,43.19582,0.16889,Plein jour,Hors agglomération,Hors intersection,Normale,Deux véhicules - côté,,,,,,,,,,,1,1,1,1.0,3
201300004045,0013-09-14 19:30:00,13,9,14,19,30,650,409,,43.38647,0.12061,Crépuscule ou aube,Hors agglomération,Hors intersection,Normale,Sans collision,,,,,,,,,,,2,1,1,1.0,7
201300004046,0013-11-11 16:45:00,13,11,11,16,45,650,457,D 8,43.33746,0.09823,Plein jour,En agglomération,Hors intersection,Normale,Autre collision,,,,,,,,,,,1,2,1,1.0,6
201300004047,0013-04-10 10:30:00,13,4,10,10,30,650,362,2 route de CAUTERETS,42.9613,-0.07903,Plein jour,En agglomération,Hors intersection,Normale,Autre collision,,,,,,,,,,,1,2,1,1.0,6
201300004048,0013-08-28 05:30:00,13,8,28,5,30,650,168,PONT DE PESCADERE,42.88538,-0.01595,Crépuscule ou aube,Hors agglomération,Hors intersection,Normale,Sans collision,,,,,,,,,,,2,1,1,1.0,7
201300004049,0013-01-29 19:00:00,13,1,29,19,0,650,59,place G. Clémenceau,43.06671,0.14894,Nuit avec éclairage allumé,En agglomération,Intersection en T,Normale,Deux véhicules - côté,,,,,,,,,,,5,2,3,1.0,3
201300004050,0013-06-24 06:30:00,13,6,24,6,30,650,198,Carrefour RD 8 / RD 208,43.05419,0.16121,Plein jour,En agglomération,Intersection en X,Normale,Deux véhicules - côté,,,,,,,,,,,1,2,2,1.0,3
201300004051,0013-06-25 15:15:00,13,6,25,15,15,650,123,,42.92475,0.19815,Plein jour,Hors agglomération,Hors intersection,Normale,Deux véhicules - arrière,,,,,,,,,,,1,1,1,1.0,2
201300004052,0013-10-30 10:30:00,13,10,30,10,30,650,370,POUZAC/AV. DE LA MONGIE,43.0822,0.13824,Plein jour,En agglomération,Intersection en T,Normale,Deux véhicules - frontale,,,,,,,,,,,1,2,3,1.0,1
201300004053,0013-01-12 19:15:00,13,1,12,19,15,650,258,,43.10527,0.40171,Nuit sans éclairage public,Hors agglomération,Hors intersection,Neige / grêle,Deux véhicules - frontale,,,,,,,,,,,3,1,1,4.0,1
201300004054,0013-02-05 17:30:00,13,2,5,17,30,650,307,,43.08991,0.5279,Crépuscule ou aube,Hors agglomération,Hors intersection,Pluie légère,Sans collision,,,,,,,,,,,2,1,1,2.0,7
201300004055,0013-03-10 11:15:00,13,3,10,11,15,650,363,CENTRE VILLAGE,43.11627,0.43381,Plein jour,En agglomération,Hors intersection,Normale,Autre collision,,,,,,,,,,,1,2,1,1.0,6
201300004056,0013-05-06 12:00:00,13,5,6,12,0,650,455,,43.06964,0.45419,Plein jour,Hors agglomération,Hors intersection,Normale,Sans collision,,,,,,,,,,,1,1,1,1.0,7
201300004057,0013-07-09 14:00:00,13,7,9,14,0,650,394,CHEMIN DE SANTAFE,43.07682,0.51066,Plein jour,En agglomération,Hors intersection,Normale,Deux véhicules - frontale,,,,,,,,,,,1,2,1,1.0,1
201300004058,0013-07-25 12:15:00,13,7,25,12,15,650,305,,42.94617,0.56733,Plein jour,Hors agglomération,Hors intersection,Normale,Deux véhicules - frontale,,,,,,,,,,,1,1,1,1.0,1
201300004059,0013-08-11 06:30:00,13,8,11,6,30,650,389,,43.09597,0.49084,Crépuscule ou aube,Hors agglomération,Hors intersection,Normale,Sans collision,,,,,,,,,,,2,1,1,1.0,7
201300004060,0013-09-16 07:15:00,13,9,16,7,15,650,258,giratoire de pinaouet,43.12246,0.38787,Crépuscule ou aube,En agglomération,Giratoire,Normale,Deux véhicules - côté,,,,,,,,,,,2,2,6,1.0,3
201300004061,0013-10-25 17:45:00,13,10,25,17,45,650,125,CAMPISTROUS,43.1154,0.36528,Plein jour,Hors agglomération,Hors intersection,Normale,Trois véhicules et plus - collisions multiples,,,,,,,,,,,1,1,1,1.0,5
201300004062,0013-10-30 22:00:00,13,10,30,22,0,650,258,LANNEMEZAN/74 RUE THIERS,43.1246,0.38377,Nuit avec éclairage allumé,En agglomération,Hors intersection,Normale,Deux véhicules - frontale,,,,,,,,,,,5,2,1,1.0,1
201300004063,0013-11-23 15:15:00,13,11,23,15,15,650,363,,43.12655,0.43685,Plein jour,Hors agglomération,Hors intersection,Temps couvert,Deux véhicules - côté,,,,,,,,,,,1,1,1,8.0,3
201300004064,0013-01-13 17:45:00,13,1,13,17,45,650,283,,42.79997,0.4553,Crépuscule ou aube,Hors agglomération,Hors intersection,Vent fort / tempête,Sans collision,,,,,,,,,,,2,1,1,6.0,7