accident_id,datetime,annee,mois,jour,heure,minute,departement,commune_insee,adresse,latitude,longitude,luminosite,agglomeration,intersection,meteo,collision,nb_vehicules,nb_usagers,nb_indemnes,nb_tues,nb_blesses_hosp,nb_blesses_legers,age_cond_1,age_cond_2,veh_type_cond_1,veh_type_cond_2,lum_code,agg_code,int_code,atm_code,col_code
201300004065,0013-03-30 04:45:00,13,3,30,4,45,650,199,STATION DE PEYRAGUDES,42.79427,0.44241,Nuit sans éclairage public,Hors agglomération,Hors intersection,Normale,Autre collision,,,,,,,,,,,3,1,1,1.0,6
201300004066,0013-06-05 16:30:00,13,6,5,16,30,650,388,,42.81231,0.31745,Plein jour,Hors agglomération,Hors intersection,Normale,Autre collision,,,,,,,,,,,1,1,1,1.0,6
201300004067,0013-06-30 17:30:00,13,6,30,17,30,650,212,,42.86934,0.33657,Plein jour,Hors agglomération,Hors intersection,Normale,Autre collision,,,,,,,,,,,1,1,1,1.0,6
201300004068,0013-08-16 03:00:00,13,8,16,3,0,650,17,LIEU DIT CHAUBERE,42.78021,0.19662,Nuit avec éclairage allumé,Hors agglomération,Hors intersection,Normale,Sans collision,,,,,,,,,,,5,1,1,1.0,7
201300004069,0013-11-04 20:00:00,13,11,4,20,0,650,211,,42.83954,0.34307,Nuit sans éclairage public,Hors agglomération,Hors intersection,Pluie forte,Deux véhicules - arrière,,,,,,,,,,,3,1,1,3.0,2
201300004070,0013-11-06 09:30:00,13,11,6,9,30,650,408,,42.98057,0.3749,Plein jour,Hors agglomération,Hors intersection,Temps couvert,Deux véhicules - frontale,,,,,,,,,,,1,1,1,8.0,1
201300004071,0013-03-11 18:30:00,13,3,11,18,30,810,101,RD 988 - PK 23 + 500,44.0117,2.15873,Crépuscule ou aube,En agglomération,Giratoire,Pluie forte,Deux véhicules - côté,,,,,,,,,,,2,2,6,3.0,3
201300004072,0013-05-22 07:00:00,13,5,22,7,0,810,291,,44.01,2.123,Plein jour,Hors agglomération,Hors intersection,Pluie légère,Autre collision,,,,,,,,,,,1,1,1,2.0,6
201300004073,0013-10-06 17:45:00,13,10,6,17,45,810,63,,43.952,2.118,Plein jour,Hors agglomération,Hors intersection,Normale,Deux véhicules - arrière,,,,,,,,,,,1,1,1,1.0,2
201300004074,0013-12-10 10:15:00,13,12,10,10,15,810,48,,,,Plein jour,Hors agglomération,Hors intersection,Normale,Autre collision,,,,,,,,,,,1,1,1,1.0,6
201300004075,0013-01-22 06:30:00,13,1,22,6,30,810,218,,43.8886,2.16502,Nuit sans éclairage public,Hors agglomération,Hors intersection,Temps couvert,Deux véhicules - frontale,,,,,,,,,,,3,1,1,8.0,1
201300004076,0013-03-29 08:30:00,13,3,29,8,30,810,147,,43.8157,2.16782,Plein jour,Hors agglomération,Hors intersection,Normale,Deux véhicules - côté,,,,,,,,,,,1,1,1,1.0,3
201300004077,0013-11-30 19:30:00,13,11,30,19,30,810,79,,43.841,2.188,Nuit sans éclairage public,Hors agglomération,Hors intersection,Normale,Trois véhicules et plus - collisions multiples,,,,,,,,,,,3,1,1,1.0,5
201300004078,0013-03-27 12:30:00,13,3,27,12,30,810,277,,44.013,2.247,Plein jour,Hors agglomération,Hors intersection,Normale,Deux véhicules - arrière,,,,,,,,,,,1,1,1,1.0,2
201300004079,0013-07-31 06:45:00,13,7,31,6,45,810,186,,,,Crépuscule ou aube,Hors agglomération,Hors intersection,Temps éblouissant,Sans collision,,,,,,,,,,,2,1,1,7.0,7
201300004080,0013-11-07 14:00:00,13,11,7,14,0,810,230,,44.036,2.187,Plein jour,Hors agglomération,Hors intersection,Normale,Deux véhicules - frontale,,,,,,,,,,,1,1,1,1.0,1
201300004081,0013-03-10 18:45:00,13,3,10,18,45,810,74,,,,Plein jour,Hors agglomération,Hors intersection,Normale,Deux véhicules - côté,,,,,,,,,,,1,1,1,1.0,3
201300004082,0013-04-14 18:45:00,13,4,14,18,45,810,317,,43.8855,2.33291,Plein jour,Hors agglomération,Hors intersection,Normale,Autre collision,,,,,,,,,,,1,1,1,1.0,6
201300004083,0013-04-22 14:30:00,13,4,22,14,30,810,3,,43.8879,2.45121,Plein jour,Hors agglomération,Hors intersection,Normale,Deux véhicules - frontale,,,,,,,,,,,1,1,1,1.0,1
201300004084,0013-06-22 18:45:00,13,6,22,18,45,810,203,,43.885,2.39789,Plein jour,Hors agglomération,Hors intersection,Normale,Deux véhicules - frontale,,,,,,,,,,,1,1,1,1.0,1
201300004085,0013-07-20 19:30:00,13,7,20,19,30,810,295,,43.864,2.338,Plein jour,Hors agglomération,Hors intersection,Normale,Sans collision,,,,,,,,,,,1,1,1,1.0,7
201300004086,0013-10-20 09:15:00,13,10,20,9,15,810,96,,43.9,2.417,Plein jour,Hors agglomération,Hors intersection,Normale,Trois véhicules et plus - en chaîne,,,,,,,,,,,1,1,1,1.0,4
201300004087,0013-12-15 07:45:00,13,12,15,7,45,810,3,,43.892,2.456,Crépuscule ou aube,Hors agglomération,Hors intersection,Normale,Autre collision,,,,,,,,,,,2,1,1,1.0,6
201300004088,0013-02-16 09:00:00,13,2,16,9,0,810,105,AVENUE RHIN ET DANUBE,43.7605,1.97185,Plein jour,En agglomération,Hors intersection,Temps éblouissant,Sans collision,,,,,,,,,,,1,2,1,7.0,7
201300004089,0013-05-15 16:15:00,13,5,15,16,15,810,105,ROUTE DE LAVAUR,43.764,1.966,Plein jour,En agglomération,Hors intersection,Pluie forte,Deux véhicules - arrière,,,,,,,,,,,1,2,1,3.0,2
201300004090,0013-06-28 16:15:00,13,6,28,16,15,810,39,route du saout,43.756,1.906,Plein jour,En agglomération,Hors intersection,Normale,Deux véhicules - frontale,,,,,,,,,,,1,2,1,1.0,1
201300004091,0013-07-04 19:00:00,13,7,4,19,0,810,105,,43.742,2.03399,Plein jour,Hors agglomération,Intersection en X,Normale,Deux véhicules - côté,,,,,,,,,,,1,1,2,1.0,3
201300004092,0013-08-21 16:00:00,13,8,21,16,0,810,105,,43.741,2.037,Plein jour,Hors agglomération,Hors intersection,Normale,Deux véhicules - frontale,,,,,,,,,,,1,1,1,1.0,1
201300004093,0013-09-10 14:00:00,13,9,10,14,0,810,124,RUE ANDRE THERON,,,Plein jour,En agglomération,Hors intersection,Normale,Deux véhicules - côté,,,,,,,,,,,1,2,1,1.0,3
201300004094,0013-09-20 18:45:00,13,9,20,18,45,810,31,,43.612,2.465,Plein jour,Hors agglomération,Intersection en X,Normale,Deux véhicules - côté,,,,,,,,,,,1,1,2,1.0,3
201300004095,0013-01-19 21:00:00,13,1,19,21,0,810,140,RUE DE L'HOPITAL,43.7005,1.81827,Nuit avec éclairage allumé,En agglomération,Hors intersection,Pluie forte,Autre collision,,,,,,,,,,,5,2,1,3.0,6
201300004096,0013-07-05 16:15:00,13,7,5,16,15,810,104,,43.769,1.77,Plein jour,Hors agglomération,Hors intersection,Normale,Autre collision,,,,,,,,,,,1,1,1,1.0,6
201300004097,0013-07-17 09:00:00,13,7,17,9,0,810,324,,,,Plein jour,Hors agglomération,Hors intersection,Normale,Autre collision,,,,,,,,,,,1,1,1,1.0,6
201300004098,0013-07-17 13:15:00,13,7,17,13,15,810,324,,,,Plein jour,Hors agglomération,Hors intersection,Normale,Sans collision,,,,,,,,,,,1,1,1,1.0,7
201300004099,0013-09-21 01:15:00,13,9,21,1,15,810,271,81 route de roqueseriere,,,Nuit avec éclairage allumé,En agglomération,Hors intersection,Normale,Sans collision,,,,,,,,,,,5,2,1,1.0,7
201300004100,0013-09-28 01:30:00,13,9,28,1,30,810,298,,,,Nuit sans éclairage public,Hors agglomération,Hors intersection,Normale,Autre collision,,,,,,,,,,,3,1,1,1.0,6
201300004101,0013-10-25 20:15:00,13,10,25,20,15,810,271,,,,Nuit sans éclairage public,Hors agglomération,Hors intersection,Normale,Deux véhicules - frontale,,,,,,,,,,,3,1,1,1.0,1
201300004102,0013-12-08 12:30:00,13,12,8,12,30,810,140,Avenue Raymond CAYRE,,,Plein jour,En agglomération,Hors intersection,Normale,Autre collision,,,,,,,,,,,1,2,1,1.0,6
201300004103,0013-03-08 09:00:00,13,3,8,9,0,810,177,,43.7001,2.2126,Crépuscule ou aube,Hors agglomération,Hors intersection,Normale,Deux véhicules - frontale,,,,,,,,,,,2,1,1,1.0,1
201300004104,0013-03-30 10:45:00,13,3,30,10,45,810,221,,43.7885,2.42607,Plein jour,Hors agglomération,Hors intersection,Pluie légère,Deux véhicules - frontale,,,,,,,,,,,1,1,1,2.0,1
201300004105,0013-03-31 09:00:00,13,3,31,9,0,810,268,,43.7863,2.61963,Plein jour,Hors agglomération,Hors intersection,Temps couvert,Autre collision,,,,,,,,,,,1,1,1,8.0,6
201300004106,0013-06-30 11:30:00,13,6,30,11,30,810,177,,,,Crépuscule ou aube,Hors agglomération,Hors intersection,Temps couvert,Deux véhicules - frontale,,,,,,,,,,,2,1,1,8.0,1
201300004107,0013-06-30 15:15:00,13,6,30,15,15,810,252,,43.669,2.232,Plein jour,Hors agglomération,Intersection en X,Normale,Deux véhicules - côté,,,,,,,,,,,1,1,2,1.0,3
201300004108,0013-08-15 17:00:00,13,8,15,17,0,810,182,Av des Docteurs Lavergne,43.723,2.334,Plein jour,En agglomération,Hors intersection,Normale,Autre collision,,,,,,,,,,,1,2,1,1.0,6
201300004109,0013-05-06 08:15:00,13,5,6,8,15,810,98,,,,Plein jour,Hors agglomération,Hors intersection,Normale,Deux véhicules - côté,,,,,,,,,,,1,1,1,1.0,3
201300004110,0013-06-21 17:00:00,13,6,21,17,0,810,40,,,,Plein jour,Hors agglomération,Hors intersection,Normale,Deux véhicules - frontale,,,,,,,,,,,1,1,1,1.0,1
201300004111,0013-07-20 20:15:00,13,7,20,20,15,810,281,,,,Plein jour,Hors agglomération,Hors intersection,Normale,Deux véhicules - frontale,,,,,,,,,,,1,1,1,1.0,1
201300004112,0013-08-02 13:00:00,13,8,2,13,0,810,266,,43.65,1.987,Plein jour,Hors agglomération,Hors intersection,Normale,Deux véhicules - frontale,,,,,,,,,,,1,1,1,1.0,1
201300004113,0013-08-10 14:30:00,13,8,10,14,30,810,159,,,,Plein jour,Hors agglomération,Hors intersection,Normale,Deux véhicules - frontale,,,,,,,,,,,1,1,1,1.0,1
201300004114,0013-10-26 11:15:00,13,10,26,11,15,810,139,,,,Plein jour,Hors agglomération,Hors intersection,Normale,Autre collision,,,,,,,,,,,1,1,1,1.0,6
201300004115,0013-10-27 15:30:00,13,10,27,15,30,810,132,rue des jardins,,,Plein jour,En agglomération,Hors intersection,Normale,Autre collision,,,,,,,,,,,1,2,1,1.0,6
201300004116,0013-03-21 21:15:00,13,3,21,21,15,810,46,,43.8559,1.97374,Nuit sans éclairage public,Hors agglomération,Hors intersection,Normale,Autre collision,,,,,,,,,,,3,1,1,1.0,6
201300004117,0013-03-24 05:45:00,13,3,24,5,45,810,131,,43.906,2.01399,Nuit sans éclairage public,Hors agglomération,Hors intersection,Normale,Autre collision,,,,,,,,,,,3,1,1,1.0,6
201300004118,0013-04-26 18:45:00,13,4,26,18,45,810,41,,43.959,1.875,Crépuscule ou aube,Hors agglomération,Hors intersection,Pluie légère,Autre collision,,,,,,,,,,,2,1,1,2.0,6
201300004119,0013-05-06 18:40:00,13,5,6,18,40,810,99,av M pagnol ch poujoular,43.908,1.897,Plein jour,En agglomération,Intersection en X,Normale,Deux véhicules - côté,,,,,,,,,,,1,2,2,1.0,3
201300004120,0013-06-01 00:45:00,13,6,1,0,45,810,99,,43.914,1.865,Nuit sans éclairage public,Hors agglomération,Hors intersection,Normale,Sans collision,,,,,,,,,,,3,1,1,1.0,7
201300004121,0013-06-26 16:45:00,13,6,26,16,45,810,225,RD 21,43.919,1.963,Plein jour,En agglomération,Hors intersection,Normale,Deux véhicules - côté,,,,,,,,,,,1,2,1,1.0,3
201300004122,0013-09-21 17:30:00,13,9,21,17,30,810,99,,43.912,1.906,Plein jour,Hors agglomération,Hors intersection,Normale,Deux véhicules - frontale,,,,,,,,,,,1,1,1,1.0,1
201300004123,0013-09-25 20:30:00,13,9,25,20,30,810,38,,43.884,1.909,Nuit sans éclairage public,Hors agglomération,Hors intersection,Normale,Deux véhicules - côté,,,,,,,,,,,3,1,1,1.0,3
201300004124,0013-10-21 17:45:00,13,10,21,17,45,810,99,,43.923,1.968,Plein jour,Hors agglomération,Intersection en X,Normale,Deux véhicules - côté,,,,,,,,,,,1,1,2,1.0,3
201300004125,0013-10-31 17:30:00,13,10,31,17,30,810,29,,43.959,1.993,Plein jour,Hors agglomération,Hors intersection,Normale,Deux véhicules - frontale,,,,,,,,,,,1,1,1,1.0,1
201300004126,0013-11-18 16:45:00,13,11,18,16,45,810,99,,,,Plein jour,Hors agglomération,Hors intersection,Pluie légère,Deux véhicules - frontale,,,,,,,,,,,1,1,1,2.0,1
201300004127,0013-01-17 07:45:00,13,1,17,7,45,690,89,Av. du chater/Taffignon,45.728,4.781,Plein jour,En agglomération,Hors intersection,Normale,Deux véhicules - côté,,,,,,,,,,,1,2,1,1.0,3
201300004128,0013-01-23 14:15:00,13,1,23,14,15,690,69,rue centrale,,,Plein jour,En agglomération,Intersection en X,Normale,Trois véhicules et plus - collisions multiples,,,,,,,,,,,1,2,2,1.0,5
201300004129,0013-05-17 18:45:00,13,5,17,18,45,690,205,rue des usclards,45.765,4.733,Plein jour,En agglomération,Hors intersection,Normale,Sans collision,,,,,,,,,,,1,2,1,1.0,7
201300004130,0013-07-24 11:00:00,13,7,24,11,0,690,69,Pl. Andr?e Marie PERRIN,,,Plein jour,En agglomération,Hors intersection,Normale,Autre collision,,,,,,,,,,,1,2,1,1.0,6
201300004131,0013-12-10 08:30:00,13,12,10,8,30,690,89,Avenue de Taffignon,45.739,4.766,Crépuscule ou aube,En agglomération,Hors intersection,Temps couvert,Deux véhicules - côté,,,,,,,,,,,2,2,1,8.0,3
201300004132,0013-03-09 11:25:00,13,3,9,11,25,20,408,"0, ROMANETTE (RUELLE)",49.55338,3.6067,Plein jour,En agglomération,Hors intersection,Normale,Autre collision,,,,,,,,,,,1,2,1,1.0,6
201300004133,0013-04-02 18:12:00,13,4,2,18,12,20,408,"1, LUCIE AUBRAC (RUE)",49.57122,3.63553,Plein jour,En agglomération,Hors intersection,Normale,Autre collision,,,,,,,,,,,1,2,1,1.0,6
201300004134,0013-04-03 18:22:00,13,4,3,18,22,20,408,"1, BRIMBEUF (RUE ARMAND)",49.5873,3.64441,Plein jour,En agglomération,Hors intersection,Normale,Autre collision,,,,,,,,,,,1,2,1,1.0,6
201300004135,0013-04-11 15:25:00,13,4,11,15,25,20,157,RUE JEAN JAURES,49.58695,3.64954,Plein jour,En agglomération,Hors intersection,Normale,Autre collision,,,,,,,,,,,1,2,1,1.0,6
201300004136,0013-04-29 16:15:00,13,4,29,16,15,20,408,RD 1044,,,Plein jour,Hors agglomération,Intersection en Y,Normale,Deux véhicules - côté,,,,,,,,,,,1,1,4,1.0,3
201300004137,0013-05-26 04:24:00,13,5,26,4,24,20,408,"34BIS, GAMBETTA (AVENUE)",49.56661,3.6313,Nuit avec éclairage allumé,En agglomération,Hors intersection,Pluie légère,Autre collision,,,,,,,,,,,5,2,1,2.0,6
201300004138,0013-05-27 10:25:00,13,5,27,10,25,20,408,"61, MENDES-FRANCE (AVENU",49.57375,3.63549,Plein jour,En agglomération,Hors intersection,Normale,Deux véhicules - côté,,,,,,,,,,,1,2,1,1.0,3
201300004139,0013-06-04 21:10:00,13,6,4,21,10,20,408,faubourg de leuilly,49.5393,3.60425,Plein jour,Hors agglomération,Hors intersection,Normale,Autre collision,,,,,,,,,,,1,1,1,1.0,6
201300004140,0013-04-14 01:10:00,13,4,14,1,10,20,408,8 boulevard de lyon,49.56956,3.62477,Nuit avec éclairage non allumé,En agglomération,Hors intersection,Normale,Autre collision,,,,,,,,,,,4,2,1,1.0,6
201300004141,0013-05-30 16:25:00,13,5,30,16,25,20,408,DE GAULLE (AVENUE CHARLE,49.56871,3.64709,Plein jour,En agglomération,Giratoire,Normale,Deux véhicules - côté,,,,,,,,,,,1,2,6,1.0,3
201300004142,0013-06-09 18:30:00,13,6,9,18,30,20,408,BRIAND (AVENUE ARISTIDE),49.56831,3.624,Plein jour,En agglomération,Giratoire,Pluie légère,Deux véhicules - côté,,,,,,,,,,,1,2,6,2.0,3
201300004143,0013-06-09 19:35:00,13,6,9,19,35,20,408,RN2,,,Plein jour,Hors agglomération,Giratoire,Pluie légère,Deux véhicules - frontale,,,,,,,,,,,1,1,6,2.0,1
201300004144,0013-06-14 15:25:00,13,6,14,15,25,20,408,,,,Plein jour,Hors agglomération,Giratoire,Normale,Deux véhicules - côté,,,,,,,,,,,1,1,6,1.0,3
201300004145,0013-07-04 21:45:00,13,7,4,21,45,20,408,rue fernand christ,49.572,3.60134,Nuit avec éclairage allumé,En agglomération,Intersection en T,Normale,Deux véhicules - côté,,,,,,,,,,,5,2,3,1.0,3
201300004146,0013-07-05 18:50:00,13,7,5,18,50,20,408,,49.5719,3.60119,Plein jour,Hors agglomération,Hors intersection,Normale,Deux véhicules - frontale,,,,,,,,,,,1,1,1,1.0,1
201300004147,0013-07-18 07:50:00,13,7,18,7,50,20,408,"01, ARDON A LEUILLY (CHE",49.54885,3.62237,Plein jour,En agglomération,Hors intersection,Normale,Autre collision,,,,,,,,,,,1,2,1,1.0,6
201300004148,0013-07-19 14:50:00,13,7,19,14,50,20,408,RD 1044,,,Plein jour,Hors agglomération,Intersection en Y,Normale,Deux véhicules - côté,,,,,,,,,,,1,1,4,1.0,3
201300004149,0013-07-23 10:55:00,13,7,23,10,55,20,408,"18, CARNOT (AVENUE)",49.56942,3.62421,Plein jour,En agglomération,Hors intersection,Normale,Autre collision,,,,,,,,,,,1,2,1,1.0,6
201300004150,0013-07-29 09:15:00,13,7,29,9,15,20,408,ARDON (CHEMIN D'),49.54656,3.61654,Plein jour,Hors agglomération,Giratoire,Normale,Deux véhicules - frontale,,,,,,,,,,,1,1,6,1.0,1
201300004151,0013-08-23 17:30:00,13,8,23,17,30,20,408,D 1044,,,Plein jour,Hors agglomération,Intersection en X,Normale,Deux véhicules - côté,,,,,,,,,,,1,1,2,1.0,3
201300004152,0013-08-29 22:10:00,13,8,29,22,10,20,408,"2, DOUMER (RUE PAUL)",49.56433,3.62104,Crépuscule ou aube,En agglomération,Hors intersection,Normale,Autre collision,,,,,,,,,,,2,2,1,1.0,6
201300004153,0013-09-30 13:00:00,13,9,30,13,0,20,408,DROITS DE L'HOMME (PLACE,,,Plein jour,En agglomération,Giratoire,Normale,Deux véhicules - côté,,,,,,,,,,,1,2,6,1.0,3
201300004154,0013-09-30 16:45:00,13,9,30,16,45,20,408,"34, TARPIN (RUE DANIEL)",49.56796,3.59922,Plein jour,En agglomération,Hors intersection,Normale,Deux véhicules - arrière,,,,,,,,,,,1,2,1,1.0,2
201300004155,0013-10-10 20:44:00,13,10,10,20,44,20,408,HUGO (PLACE VICTOR),49.57002,3.63383,Nuit avec éclairage allumé,En agglomération,Giratoire,Pluie forte,Deux véhicules - côté,,,,,,,,,,,5,2,6,3.0,3
201300004156,0013-10-21 07:55:00,13,10,21,7,55,20,408,"113, BROSSOLETTE (BOULEV",49.56934,3.61866,Crépuscule ou aube,En agglomération,Hors intersection,Normale,Autre collision,,,,,,,,,,,2,2,1,1.0,6
201300004157,0013-11-06 12:00:00,13,11,6,12,0,20,408,pont de vaux,49.57052,3.63544,Plein jour,En agglomération,Hors intersection,Pluie légère,Deux véhicules - frontale,,,,,,,,,,,1,2,1,2.0,1
201300004158,0013-12-12 11:00:00,13,12,12,11,0,20,408,DE GAULLE (AVENUE CHARLE,49.56997,3.63815,Plein jour,En agglomération,Giratoire,Temps couvert,Deux véhicules - arrière,,,,,,,,,,,1,2,6,8.0,2
201300004159,0013-12-16 17:15:00,13,12,16,17,15,20,408,Place robert Aumont,49.5619,3.61155,Nuit avec éclairage allumé,En agglomération,Hors intersection,Normale,Autre collision,,,,,,,,,,,5,2,1,1.0,6
201300004160,0013-04-26 18:00:00,13,4,26,18,0,810,64,,43.955,1.823,Plein jour,Hors agglomération,Hors intersection,Normale,Deux véhicules - frontale,,,,,,,,,,,1,1,1,1.0,1
201300004161,0013-09-22 14:45:00,13,9,22,14,45,810,206,,,,Plein jour,Hors agglomération,Hors intersection,Normale,Deux véhicules - côté,,,,,,,,,,,1,1,1,1.0,3
201300004162,0013-01-18 15:30:00,13,1,18,15,30,810,276,,43.9144,1.69264,Plein jour,Hors agglomération,Intersection en X,Normale,Deux véhicules - côté,,,,,,,,,,,1,1,2,1.0,3
201300004163,0013-02-16 06:30:00,13,2,16,6,30,810,171,,43.8397,1.85168,Nuit sans éclairage public,Hors agglomération,Hors intersection,Normale,Autre collision,,,,,,,,,,,3,1,1,1.0,6
201300004164,0013-03-16 10:45:00,13,3,16,10,45,810,220,26 AVENUE DE TOULOUSE,43.8193,1.7186,Plein jour,En agglomération,Intersection en X,Normale,Deux véhicules - côté,,,,,,,,,,,1,2,2,1.0,3
201300004165,0013-06-01 13:45:00,13,6,1,13,45,810,208,,43.84,1.867,Plein jour,Hors agglomération,Hors intersection,Normale,Deux véhicules - côté,,,,,,,,,,,1,1,1,1.0,3
201300004166,0013-08-10 14:45:00,13,8,10,14,45,810,276,,43.913,1.686,Plein jour,Hors agglomération,Hors intersection,Normale,Sans collision,,,,,,,,,,,1,1,1,1.0,7
201300004167,0013-10-04 14:30:00,13,10,4,14,30,810,145,,43.857,1.805,Plein jour,Hors agglomération,Hors intersection,Pluie forte,Deux véhicules - côté,,,,,,,,,,,1,1,1,3.0,3
201300004168,0013-12-12 12:15:00,13,12,12,12,15,810,220,,43.891,1.775,Plein jour,Hors agglomération,Hors intersection,Normale,Sans collision,,,,,,,,,,,1,1,1,1.0,7
201300004169,0013-12-13 08:15:00,13,12,13,8,15,810,145,,43.864,1.811,Plein jour,Hors agglomération,Hors intersection,Normale,Deux véhicules - côté,,,,,,,,,,,1,1,1,1.0,3
201300004170,0013-01-11 18:15:00,13,1,11,18,15,810,2,,43.4949,2.33933,Nuit sans éclairage public,Hors agglomération,Hors intersection,Normale,Deux véhicules - frontale,,,,,,,,,,,3,1,1,1.0,1
201300004171,0013-06-12 16:15:00,13,6,12,16,15,810,204,,43.563,2.326,Plein jour,Hors agglomération,Hors intersection,Normale,Deux véhicules - frontale,,,,,,,,,,,1,1,1,1.0,1
201300004172,0013-07-30 09:00:00,13,7,30,9,0,810,120,Avenue du 8 mai 1945,,,Plein jour,En agglomération,Hors intersection,Normale,Autre collision,,,,,,,,,,,1,2,1,1.0,6
201300004173,0013-11-10 16:00:00,13,11,10,16,0,810,312,,,,Plein jour,Hors agglomération,Hors intersection,Normale,Autre collision,,,,,,,,,,,1,1,1,1.0,6
201300004174,0013-03-10 02:20:00,13,3,10,2,20,810,127,,43.5667,1.92903,Nuit sans éclairage public,Hors agglomération,Hors intersection,Normale,Autre collision,,,,,,,,,,,3,1,1,1.0,6
201300004175,0013-03-10 16:00:00,13,3,10,16,0,810,251,,43.5579,2.06928,Plein jour,Hors agglomération,Hors intersection,Normale,Deux véhicules - arrière,,,,,,,,,,,1,1,1,1.0,2
201300004176,0013-04-13 17:45:00,13,4,13,17,45,810,100,,43.4828,1.99554,Plein jour,Hors agglomération,Intersection en X,Normale,Deux véhicules - côté,,,,,,,,,,,1,1,2,1.0,3
201300004177,0013-06-20 17:15:00,13,6,20,17,15,810,179,"lieu dit la c?te, C.V 18",43.517,1.932,Plein jour,En agglomération,Hors intersection,Normale,Sans collision,,,,,,,,,,,1,2,1,1.0,7
201300004178,0013-07-02 11:30:00,13,7,2,11,30,810,143,,43.535,2.101,Plein jour,Hors agglomération,Hors intersection,Normale,Deux véhicules - frontale,,,,,,,,,,,1,1,1,1.0,1
201300004179,0013-07-31 18:00:00,13,7,31,18,0,810,50,,43.58,1.86,Plein jour,Hors agglomération,Hors intersection,Normale,Deux véhicules - côté,,,,,,,,,,,1,1,1,1.0,3
201300004180,0013-11-06 12:30:00,13,11,6,12,30,810,219,,43.578,2.02599,Plein jour,Hors agglomération,Hors intersection,Normale,Autre collision,,,,,,,,,,,1,1,1,1.0,6
201300004181,0013-12-16 19:00:00,13,12,16,19,0,810,219,,43.556,2.028,Nuit sans éclairage public,Hors agglomération,Hors intersection,Normale,Autre collision,,,,,,,,,,,3,1,1,1.0,6
201300004182,0013-02-06 10:45:00,13,2,6,10,45,820,87,,,,Plein jour,Hors agglomération,Hors intersection,Pluie légère,Deux véhicules - côté,,,,,,,,,,,1,1,1,2.0,3
201300004183,0013-02-27 08:00:00,13,2,27,8,0,820,87,D20 - route de Moli?res,,,Plein jour,En agglomération,Hors intersection,Brouillard / fumée,Autre collision,,,,,,,,,,,1,2,1,5.0,6
201300004184,0013-03-09 19:30:00,13,3,9,19,30,820,87,,,,Crépuscule ou aube,Hors agglomération,Hors intersection,Normale,Deux véhicules - frontale,,,,,,,,,,,2,1,1,1.0,1
201300004185,0013-03-21 09:15:00,13,3,21,9,15,820,126,,44.1664,1.56682,Plein jour,Hors agglomération,Hors intersection,Normale,Autre collision,,,,,,,,,,,1,1,1,1.0,6
201300004186,0013-04-04 14:15:00,13,4,4,14,15,820,144,,,,Plein jour,Hors agglomération,Hors intersection,Pluie forte,Autre collision,,,,,,,,,,,1,1,1,3.0,6
201300004187,0013-05-04 00:01:00,13,5,4,0,1,820,144,,,,Nuit sans éclairage public,Hors agglomération,Hors intersection,Normale,Autre collision,,,,,,,,,,,3,1,1,1.0,6
201300004188,0013-05-10 14:30:00,13,5,10,14,30,820,39,,,,Plein jour,Hors agglomération,Hors intersection,Normale,Deux véhicules - frontale,,,,,,,,,,,1,1,1,1.0,1
201300004189,0013-05-13 08:45:00,13,5,13,8,45,820,119,,,,Plein jour,Hors agglomération,Hors intersection,Normale,Trois véhicules et plus - collisions multiples,,,,,,,,,,,1,1,1,1.0,5
201300004190,0013-06-05 09:45:00,13,6,5,9,45,820,179,Cours Sady Carnot,,,Plein jour,En agglomération,Intersection en X,Normale,Deux véhicules - côté,,,,,,,,,,,1,2,2,1.0,3
201300004191,0013-06-02 11:45:00,13,6,2,11,45,820,76,,,,Plein jour,Hors agglomération,Hors intersection,Normale,Sans collision,,,,,,,,,,,1,1,1,1.0,7
201300004192,0013-06-21 03:30:00,13,6,21,3,30,820,87,,,,Nuit sans éclairage public,Hors agglomération,Hors intersection,Normale,Autre collision,,,,,,,,,,,3,1,1,1.0,6
201300004193,0013-06-25 12:00:00,13,6,25,12,0,820,131,,,,Plein jour,Hors agglomération,Hors intersection,Normale,Autre collision,,,,,,,,,,,1,1,1,1.0,6
201300004194,0013-06-29 09:45:00,13,6,29,9,45,820,37,58 rue Dr OLIVE,,,Plein jour,En agglomération,Hors intersection,Normale,Autre collision,,,,,,,,,,,1,2,1,1.0,6
201300004195,0013-07-13 13:30:00,13,7,13,13,30,820,37,,,,Plein jour,Hors agglomération,Hors intersection,Normale,Deux véhicules - frontale,,,,,,,,,,,1,1,1,1.0,1
201300004196,0013-07-13 13:15:00,13,7,13,13,15,820,149,,,,Plein jour,Hors agglomération,Hors intersection,Normale,Sans collision,,,,,,,,,,,1,1,1,1.0,7
201300004197,0013-07-13 21:15:00,13,7,13,21,15,820,87,,,,Crépuscule ou aube,Hors agglomération,Hors intersection,Normale,Autre collision,,,,,,,,,,,2,1,1,1.0,6