accident_id,datetime,annee,mois,jour,heure,minute,departement,commune_insee,adresse,latitude,longitude,luminosite,agglomeration,intersection,meteo,collision,nb_vehicules,nb_usagers,nb_indemnes,nb_tues,nb_blesses_hosp,nb_blesses_legers,age_cond_1,age_cond_2,veh_type_cond_1,veh_type_cond_2,lum_code,agg_code,int_code,atm_code,col_code
201300004474,0013-05-12 10:15:00,13,5,12,10,15,10,163,,,,Plein jour,En agglomération,Place,Pluie légère,Autre collision,,,,,,,,,,,1,2,7,2.0,6
201300004475,0013-05-13 18:30:00,13,5,13,18,30,10,352,,46.4158,4.99291,Plein jour,Hors agglomération,Hors intersection,Normale,Deux véhicules - frontale,,,,,,,,,,,1,1,1,1.0,1
201300004476,0013-06-01 21:30:00,13,6,1,21,30,10,266,LE VILLAGE,46.4111,5.26615,Nuit avec éclairage allumé,En agglomération,Hors intersection,Normale,Autre collision,,,,,,,,,,,5,2,1,1.0,6
201300004477,0013-06-16 12:00:00,13,6,16,12,0,10,115,,46.2548,5.07065,Plein jour,Hors agglomération,Hors intersection,Normale,Trois véhicules et plus - collisions multiples,,,,,,,,,,,1,1,1,1.0,5
201300004478,0013-06-21 13:45:00,13,6,21,13,45,10,102,,46.3984,4.94426,Plein jour,Hors agglomération,Hors intersection,Normale,Deux véhicules - côté,,,,,,,,,,,1,1,1,1.0,3
201300004479,0013-06-27 18:30:00,13,6,27,18,30,10,266,,46.3036,5.15484,Plein jour,Hors agglomération,Hors intersection,Normale,Deux véhicules - côté,,,,,,,,,,,1,1,1,1.0,3
201300004480,0013-06-28 08:30:00,13,6,28,8,30,10,24,,,,Plein jour,Hors agglomération,Hors intersection,Pluie légère,Deux véhicules - frontale,,,,,,,,,,,1,1,1,2.0,1
201300004481,0013-09-28 20:30:00,13,9,28,20,30,10,230,,,,Nuit avec éclairage allumé,Hors agglomération,Hors intersection,Normale,Deux véhicules - côté,,,,,,,,,,,5,1,1,1.0,3
201300004482,0013-10-14 17:30:00,13,10,14,17,30,10,367,,,,Plein jour,Hors agglomération,Hors intersection,Normale,Deux véhicules - côté,,,,,,,,,,,1,1,1,1.0,3
201300004483,0013-11-09 18:00:00,13,11,9,18,0,10,337,,,,Nuit avec éclairage allumé,En agglomération,Hors intersection,Pluie légère,Deux véhicules - côté,,,,,,,,,,,5,2,1,2.0,3
201300004484,0013-02-27 19:45:00,13,2,27,19,45,10,68,,46.0739,5.44684,Nuit sans éclairage public,Hors agglomération,Hors intersection,Normale,Autre collision,,,,,,,,,,,3,1,1,1.0,6
201300004485,0013-03-09 17:00:00,13,3,9,17,0,10,303,,46.0826,5.40701,Plein jour,Hors agglomération,Intersection en T,Normale,Deux véhicules - frontale,,,,,,,,,,,1,1,3,1.0,1
201300004486,0013-10-01 18:15:00,13,10,1,18,15,10,151,,,,Plein jour,Hors agglomération,Hors intersection,Normale,Deux véhicules - côté,,,,,,,,,,,1,1,1,1.0,3
201300004487,0013-11-26 08:00:00,13,11,26,8,0,10,314,,,,Plein jour,Hors agglomération,Hors intersection,Autre,Autre collision,,,,,,,,,,,1,1,1,9.0,6
201300004488,0013-04-23 19:00:00,13,4,23,19,0,10,159,ROUTE DES DIMES,,,Plein jour,En agglomération,Hors intersection,Temps éblouissant,Deux véhicules - côté,,,,,,,,,,,1,2,1,7.0,3
201300004489,0013-04-29 12:30:00,13,4,29,12,30,10,25,,46.3462,4.94003,Plein jour,Hors agglomération,Intersection en X,Pluie légère,Deux véhicules - côté,,,,,,,,,,,1,1,2,2.0,3
201300004490,0013-06-02 19:00:00,13,6,2,19,0,10,355,,46.2673,5.00596,Plein jour,Hors agglomération,Intersection en X,Normale,Deux véhicules - côté,,,,,,,,,,,1,1,2,1.0,3
201300004491,0013-12-13 06:15:00,13,12,13,6,15,10,355,,,,Crépuscule ou aube,Hors agglomération,Hors intersection,Brouillard / fumée,Deux véhicules - frontale,,,,,,,,,,,2,1,1,5.0,1
201300004492,0013-01-11 15:30:00,13,1,11,15,30,10,310,,45.668,5.6223,Plein jour,Hors agglomération,Hors intersection,Neige / grêle,Sans collision,,,,,,,,,,,1,1,1,4.0,7
201300004493,0013-06-18 07:45:00,13,6,18,7,45,10,34,ROUTE DE LYON,45.7406,5.67675,Plein jour,En agglomération,Hors intersection,Temps éblouissant,Sans collision,,,,,,,,,,,1,2,1,7.0,7
201300004494,0013-01-01 06:30:00,13,1,1,6,30,10,329,,45.8365,5.58664,Nuit sans éclairage public,Hors agglomération,Hors intersection,Normale,Sans collision,,,,,,,,,,,3,1,1,1.0,7
201300004495,0013-01-15 09:30:00,13,1,15,9,30,10,22,,45.8775,5.69091,Plein jour,Hors agglomération,Hors intersection,Neige / grêle,Deux véhicules - côté,,,,,,,,,,,1,1,1,4.0,3
201300004496,0013-06-27 20:30:00,13,6,27,20,30,10,118,,,,Crépuscule ou aube,Hors agglomération,Hors intersection,Normale,Autre collision,,,,,,,,,,,2,1,1,1.0,6
201300004497,0013-06-25 09:00:00,13,6,25,9,0,10,73,,45.8388,5.71293,Plein jour,Hors agglomération,Hors intersection,Normale,Sans collision,,,,,,,,,,,1,1,1,1.0,7
201300004498,0013-08-10 16:45:00,13,8,10,16,45,10,442,536 ROUTE DE LA CASCADE,45.8793,5.68463,Plein jour,En agglomération,Intersection en T,Normale,Deux véhicules - frontale,,,,,,,,,,,1,2,3,1.0,1
201300004499,0013-08-21 18:00:00,13,8,21,18,0,10,66,RD1504 PK27+900,45.868,5.53376,Plein jour,En agglomération,Hors intersection,Normale,Autre collision,,,,,,,,,,,1,2,1,1.0,6
201300004500,0013-10-13 20:00:00,13,10,13,20,0,10,407,,,,Nuit avec éclairage allumé,Hors agglomération,Hors intersection,Pluie légère,Deux véhicules - frontale,,,,,,,,,,,5,1,1,2.0,1
201300004501,0013-06-09 18:00:00,13,6,9,18,0,10,185,,46.0098,5.59088,Plein jour,Hors agglomération,Hors intersection,Normale,Deux véhicules - côté,,,,,,,,,,,1,1,1,1.0,3
201300004502,0013-06-15 08:30:00,13,6,15,8,30,10,185,SALLE DES FETES,45.9803,5.596,Plein jour,En agglomération,Hors intersection,Normale,Autre collision,,,,,,,,,,,1,2,1,1.0,6
201300004503,0013-07-23 07:45:00,13,7,23,7,45,10,185,,45.9811,5.57459,Plein jour,Hors agglomération,Hors intersection,Normale,Deux véhicules - frontale,,,,,,,,,,,1,1,1,1.0,1
201300004504,0013-07-24 16:30:00,13,7,24,16,30,10,101,,46.113,5.56837,Plein jour,Hors agglomération,Hors intersection,Normale,Deux véhicules - frontale,,,,,,,,,,,1,1,1,1.0,1
201300004505,0013-12-31 12:00:00,13,12,31,12,0,10,4,,45.966,5.334,Plein jour,Hors agglomération,Hors intersection,Normale,Deux véhicules - arrière,,,,,,,,,,,1,1,1,1.0,2
201300004506,0013-04-01 16:15:00,13,4,1,16,15,10,8,,45.9414,5.33096,Plein jour,Hors agglomération,Hors intersection,Normale,Deux véhicules - frontale,,,,,,,,,,,1,1,1,1.0,1
201300004507,0013-04-14 16:15:00,13,4,14,16,15,10,4,AVENUE DE LA LIBERATION,45.9564,5.33268,Plein jour,En agglomération,Intersection en X,Normale,Deux véhicules - côté,,,,,,,,,,,1,2,2,1.0,3
201300004508,0013-06-02 18:00:00,13,6,2,18,0,10,416,,45.9213,5.50399,Plein jour,Hors agglomération,Hors intersection,Normale,Deux véhicules - côté,,,,,,,,,,,1,1,1,1.0,3
201300004509,0013-06-17 15:00:00,13,6,17,15,0,10,444,,45.8374,5.43438,Plein jour,Hors agglomération,Hors intersection,Normale,Sans collision,,,,,,,,,,,1,1,1,1.0,7
201300004510,0013-06-18 19:30:00,13,6,18,19,30,10,416,,,,Plein jour,Hors agglomération,Hors intersection,Normale,Deux véhicules - frontale,,,,,,,,,,,1,1,1,1.0,1
201300004511,0013-06-20 17:15:00,13,6,20,17,15,10,384,AVENUE DE L EUROPE,45.9446,5.435,Plein jour,En agglomération,Hors intersection,Normale,Deux véhicules - frontale,,,,,,,,,,,1,2,1,1.0,1
201300004512,0013-07-16 15:15:00,13,7,16,15,15,10,224,,45.8029,5.21272,Plein jour,Hors agglomération,Hors intersection,Normale,Deux véhicules - côté,,,,,,,,,,,1,1,1,1.0,3
201300004513,0013-09-11 11:30:00,13,9,11,11,30,10,4,,,,Plein jour,En agglomération,Hors intersection,Normale,Trois véhicules et plus - collisions multiples,,,,,,,,,,,1,2,1,1.0,5
201300004514,0013-09-18 16:00:00,13,9,18,16,0,10,444,,45.84,5.438,Plein jour,Hors agglomération,Hors intersection,Pluie légère,Deux véhicules - frontale,,,,,,,,,,,1,1,1,2.0,1
201300004515,0013-10-12 17:15:00,13,10,12,17,15,10,4,Rue de la R?sistance,,,Plein jour,En agglomération,Hors intersection,Pluie forte,Deux véhicules - frontale,,,,,,,,,,,1,2,1,3.0,1
201300004516,0013-10-18 07:00:00,13,10,18,7,0,10,99,,45.916,5.253,Nuit sans éclairage public,Hors agglomération,Hors intersection,Brouillard / fumée,Deux véhicules - frontale,,,,,,,,,,,3,1,1,5.0,1
201300004517,0013-12-17 16:30:00,13,12,17,16,30,10,431,Route de Vaux F?vroux,45.932,5.357,Plein jour,En agglomération,Hors intersection,Normale,Deux véhicules - frontale,,,,,,,,,,,1,2,1,1.0,1
201300004518,0013-12-23 16:45:00,13,12,23,16,45,10,202,,45.832,5.284,Nuit sans éclairage public,Hors agglomération,Hors intersection,Normale,Deux véhicules - frontale,,,,,,,,,,,3,1,1,1.0,1
201300004519,0013-12-25 19:15:00,13,12,25,19,15,10,89,,,,Nuit sans éclairage public,Hors agglomération,Hors intersection,Pluie forte,Autre collision,,,,,,,,,,,3,1,1,3.0,6
201300004520,0013-08-23 09:00:00,13,8,23,9,0,10,214,,46.1734,5.48415,Plein jour,Hors agglomération,Hors intersection,Normale,Deux véhicules - frontale,,,,,,,,,,,1,1,1,1.0,1
201300004521,0013-10-17 17:45:00,13,10,17,17,45,10,240,159 route des bateliers,,,Plein jour,En agglomération,Hors intersection,Normale,Sans collision,,,,,,,,,,,1,2,1,1.0,7
201300004522,0013-10-18 13:30:00,13,10,18,13,30,10,265,avenue de bresse,,,Plein jour,En agglomération,Hors intersection,Normale,Trois véhicules et plus - collisions multiples,,,,,,,,,,,1,2,1,1.0,5
201300004523,0013-10-20 17:30:00,13,10,20,17,30,10,228,,,,Plein jour,Hors agglomération,Hors intersection,Pluie légère,Autre collision,,,,,,,,,,,1,1,1,2.0,6
201300004524,0013-10-23 05:45:00,13,10,23,5,45,10,148,,,,Nuit sans éclairage public,Hors agglomération,Hors intersection,Normale,Autre collision,,,,,,,,,,,3,1,1,1.0,6
201300004525,0013-11-09 20:00:00,13,11,9,20,0,10,237,,,,Nuit sans éclairage public,Hors agglomération,Hors intersection,Pluie légère,Autre collision,,,,,,,,,,,3,1,1,2.0,6
201300004526,0013-01-02 17:15:00,13,1,2,17,15,10,143,RUE VOLTAIRE,,,Nuit avec éclairage allumé,En agglomération,Hors intersection,Normale,Deux véhicules - côté,,,,,,,,,,,5,2,1,1.0,3
201300004527,0013-03-03 18:45:00,13,3,3,18,45,10,173,200 RUE DE GEX LA VILLE,46.337,6.059,Nuit avec éclairage allumé,En agglomération,Hors intersection,Normale,Deux véhicules - côté,,,,,,,,,,,5,2,1,1.0,3
201300004528,0013-05-27 17:00:00,13,5,27,17,0,10,399,,46.2941,6.0776,Plein jour,Hors agglomération,Giratoire,Normale,Sans collision,,,,,,,,,,,1,1,6,1.0,7
201300004529,0013-06-28 22:45:00,13,6,28,22,45,10,399,CD 1005,46.3002,6.06984,Nuit avec éclairage allumé,En agglomération,Hors intersection,Normale,Deux véhicules - côté,,,,,,,,,,,5,2,1,1.0,3
201300004530,0013-07-31 14:30:00,13,7,31,14,30,10,153,rue Fran?ois Estier,,,Plein jour,En agglomération,Intersection en X,Normale,Deux véhicules - côté,,,,,,,,,,,1,2,2,1.0,3
201300004531,0013-11-29 18:00:00,13,11,29,18,0,10,71,rue de la mairie,,,Nuit avec éclairage allumé,En agglomération,Hors intersection,Normale,Autre collision,,,,,,,,,,,5,2,1,1.0,6
201300004532,0013-11-22 14:45:00,13,11,22,14,45,10,143,Avenue des voirons,,,Plein jour,En agglomération,Giratoire,Temps couvert,Deux véhicules - côté,,,,,,,,,,,1,2,6,8.0,3
201300004533,0013-12-21 20:30:00,13,12,21,20,30,10,143,,,,Nuit avec éclairage allumé,Hors agglomération,Hors intersection,Temps couvert,Deux véhicules - frontale,,,,,,,,,,,5,1,1,8.0,1
201300004534,0013-03-21 18:30:00,13,3,21,18,30,10,160,,,,Crépuscule ou aube,En agglomération,Hors intersection,Normale,Deux véhicules - arrière,,,,,,,,,,,2,2,1,1.0,2
201300004535,0013-04-10 18:00:00,13,4,10,18,0,10,160,13 CHEMIN DU LEVANT,,,Plein jour,En agglomération,Autre intersection,Temps couvert,Autre collision,,,,,,,,,,,1,2,9,8.0,6
201300004536,0013-08-30 05:00:00,13,8,30,5,0,10,281,RUE DE GEN?VE,46.2756,6.09316,Nuit avec éclairage allumé,En agglomération,Giratoire,Normale,Sans collision,,,,,,,,,,,5,2,6,1.0,7
201300004537,0013-09-01 12:00:00,13,9,1,12,0,10,397,,,,Plein jour,Hors agglomération,Hors intersection,Normale,Deux véhicules - frontale,,,,,,,,,,,1,1,1,1.0,1
201300004538,0013-08-14 14:45:00,13,8,14,14,45,10,160,AVENUE DU JURA,46.2596,6.11124,Plein jour,En agglomération,Giratoire,Normale,Deux véhicules - frontale,,,,,,,,,,,1,2,6,1.0,1
201300004539,0013-10-07 08:30:00,13,10,7,8,30,10,435,,,,Plein jour,Hors agglomération,Hors intersection,Normale,Deux véhicules - frontale,,,,,,,,,,,1,1,1,1.0,1
201300004540,0013-10-13 15:00:00,13,10,13,15,0,10,160,,,,Plein jour,Hors agglomération,Hors intersection,Normale,Deux véhicules - frontale,,,,,,,,,,,1,1,1,1.0,1
201300004541,0013-12-24 21:00:00,13,12,24,21,0,10,313,,,,Nuit sans éclairage public,Hors agglomération,Hors intersection,Normale,Autre collision,,,,,,,,,,,3,1,1,1.0,6
201300004542,0013-04-14 18:30:00,13,4,14,18,30,10,194,291 AVENUE DE LA PLAGE,45.984,4.762,Plein jour,En agglomération,Hors intersection,Temps éblouissant,Sans collision,,,,,,,,,,,1,2,1,7.0,7
201300004543,0013-07-13 14:30:00,13,7,13,14,30,10,322,,45.9386,4.86323,Plein jour,Hors agglomération,Hors intersection,Normale,Deux véhicules - frontale,,,,,,,,,,,1,1,1,1.0,1
201300004544,0013-07-13 21:00:00,13,7,13,21,0,10,194,,,,Crépuscule ou aube,Hors agglomération,Hors intersection,Normale,Sans collision,,,,,,,,,,,2,1,1,1.0,7
201300004545,0013-11-09 10:30:00,13,11,9,10,30,10,427,avenue du 1er R.F.M,45.942,4.782,Plein jour,En agglomération,Place,Normale,Autre collision,,,,,,,,,,,1,2,7,1.0,6
201300004546,0013-11-15 05:45:00,13,11,15,5,45,10,322,203 rte veissieux le bas,45.937,4.825,Nuit avec éclairage allumé,En agglomération,Hors intersection,Normale,Autre collision,,,,,,,,,,,5,2,1,1.0,6
201300004547,0013-02-10 09:45:00,13,2,10,9,45,10,449,,46.0046,5.23325,Plein jour,Hors agglomération,Intersection en X,Neige / grêle,Deux véhicules - côté,,,,,,,,,,,1,1,2,4.0,3
201300004548,0013-04-24 18:15:00,13,4,24,18,15,10,235,,46.0371,5.06601,Plein jour,Hors agglomération,Hors intersection,Normale,Sans collision,,,,,,,,,,,1,1,1,1.0,7
201300004549,0013-05-09 17:30:00,13,5,9,17,30,10,299,"""LA CARRONNI?RE""",46.0175,5.05954,Plein jour,Hors agglomération,Intersection en T,Pluie légère,Deux véhicules - côté,,,,,,,,,,,1,1,3,2.0,3
201300004550,0013-05-03 21:15:00,13,5,3,21,15,10,299,LA CARRONI?RE,46.0194,5.06556,Nuit sans éclairage public,Hors agglomération,Hors intersection,Pluie légère,Sans collision,,,,,,,,,,,3,1,1,2.0,7
201300004551,0013-05-17 07:45:00,13,5,17,7,45,10,383,,46.1004,5.1433,Plein jour,Hors agglomération,Hors intersection,Temps couvert,Deux véhicules - côté,,,,,,,,,,,1,1,1,8.0,3
201300004552,0013-07-17 22:45:00,13,7,17,22,45,10,434,,45.9772,5.093,Nuit sans éclairage public,Hors agglomération,Hors intersection,Normale,Autre collision,,,,,,,,,,,3,1,1,1.0,6
201300004553,0013-07-29 12:30:00,13,7,29,12,30,10,359,"""VILETTE""",46.0921,5.07121,Plein jour,Hors agglomération,Hors intersection,Normale,Autre collision,,,,,,,,,,,1,1,1,1.0,6
201300004554,0013-08-21 17:00:00,13,8,21,17,0,10,90,,46.0252,5.2359,Plein jour,Hors agglomération,Hors intersection,Normale,Sans collision,,,,,,,,,,,1,1,1,1.0,7
201300004555,0013-08-25 16:15:00,13,8,25,16,15,10,383,,46.111,5.09916,Plein jour,Hors agglomération,Hors intersection,Normale,Autre collision,,,,,,,,,,,1,1,1,1.0,6
201300004556,0013-09-11 17:00:00,13,9,11,17,0,10,74,,,,Plein jour,En agglomération,Giratoire,Pluie légère,Deux véhicules - côté,,,,,,,,,,,1,2,6,2.0,3
201300004557,0013-09-16 16:00:00,13,9,16,16,0,10,434,,,,Plein jour,Hors agglomération,Hors intersection,Normale,Autre collision,,,,,,,,,,,1,1,1,1.0,6
201300004558,0013-01-10 08:00:00,13,1,10,8,0,10,1,,46.1618,4.91723,Plein jour,Hors agglomération,Intersection en T,Pluie légère,Trois véhicules et plus - collisions multiples,,,,,,,,,,,1,1,3,2.0,5
201300004559,0013-02-24 03:30:00,13,2,24,3,30,10,113,,46.1401,5.07891,Nuit sans éclairage public,Hors agglomération,Hors intersection,Neige / grêle,Autre collision,,,,,,,,,,,3,1,1,4.0,6
201300004560,0013-02-24 19:15:00,13,2,24,19,15,10,246,,,,Nuit sans éclairage public,Hors agglomération,Hors intersection,Neige / grêle,Autre collision,,,,,,,,,,,3,1,1,4.0,6
201300004561,0013-04-29 09:30:00,13,4,29,9,30,10,96,,46.1924,5.06387,Plein jour,Hors agglomération,Hors intersection,Pluie légère,Autre collision,,,,,,,,,,,1,1,1,2.0,6
201300004562,0013-05-01 03:45:00,13,5,1,3,45,10,46,,46.2157,4.94737,Nuit sans éclairage public,Hors agglomération,Hors intersection,Pluie légère,Autre collision,,,,,,,,,,,3,1,1,2.0,6
201300004563,0013-05-29 18:30:00,13,5,29,18,30,10,457,"""BEOST""",46.1848,4.99875,Plein jour,Hors agglomération,Hors intersection,Normale,Sans collision,,,,,,,,,,,1,1,1,1.0,7
201300004564,0013-06-15 14:00:00,13,6,15,14,0,10,368,,46.2163,4.97285,Plein jour,Hors agglomération,Hors intersection,Normale,Autre collision,,,,,,,,,,,1,1,1,1.0,6
201300004565,0013-08-01 20:45:00,13,8,1,20,45,10,457,,46.2318,4.97602,Nuit sans éclairage public,Hors agglomération,Hors intersection,Normale,Autre collision,,,,,,,,,,,3,1,1,1.0,6
201300004566,0013-09-14 00:30:00,13,9,14,0,30,10,1,,,,Nuit sans éclairage public,Hors agglomération,Hors intersection,Normale,Autre collision,,,,,,,,,,,3,1,1,1.0,6
201300004567,0013-10-17 10:45:00,13,10,17,10,45,10,412,,,,Plein jour,Hors agglomération,Hors intersection,Normale,Deux véhicules - côté,,,,,,,,,,,1,1,1,1.0,3
201300004568,0013-11-01 19:45:00,13,11,1,19,45,10,85,,,,Nuit sans éclairage public,Hors agglomération,Hors intersection,Normale,Autre collision,,,,,,,,,,,3,1,1,1.0,6
201300004569,0013-01-18 22:30:00,13,1,18,22,30,10,450,,45.903,5.23368,Nuit sans éclairage public,Hors agglomération,Hors intersection,Neige / grêle,Sans collision,,,,,,,,,,,3,1,1,4.0,7
201300004570,0013-01-26 14:45:00,13,1,26,14,45,10,244,,45.8955,5.18196,Plein jour,Hors agglomération,Hors intersection,Normale,Sans collision,,,,,,,,,,,1,1,1,1.0,7
201300004571,0013-03-11 17:30:00,13,3,11,17,30,10,290,,45.8802,5.21781,Plein jour,Hors agglomération,Hors intersection,Normale,Deux véhicules - arrière,,,,,,,,,,,1,1,1,1.0,2
201300004572,0013-03-19 06:30:00,13,3,19,6,30,10,290,,45.8593,5.1914,Crépuscule ou aube,Hors agglomération,Hors intersection,Normale,Deux véhicules - frontale,,,,,,,,,,,2,1,1,1.0,1
201300004573,0013-03-28 19:00:00,13,3,28,19,0,10,450,,45.9067,5.2296,Crépuscule ou aube,Hors agglomération,Hors intersection,Pluie forte,Deux véhicules - frontale,,,,,,,,,,,2,1,1,3.0,1
201300004574,0013-04-07 21:15:00,13,4,7,21,15,10,361,ROUTE DE PEROUGES,45.8443,5.21739,Nuit avec éclairage non allumé,En agglomération,Hors intersection,Normale,Autre collision,,,,,,,,,,,4,2,1,1.0,6
201300004575,0013-04-28 20:00:00,13,4,28,20,0,10,290,,45.8687,5.182,Crépuscule ou aube,Hors agglomération,Hors intersection,Pluie légère,Trois véhicules et plus - en chaîne,,,,,,,,,,,2,1,1,2.0,4
201300004576,0013-05-14 16:45:00,13,5,14,16,45,10,244,RUE DE LYON,,,Plein jour,En agglomération,Hors intersection,Normale,Trois véhicules et plus - collisions multiples,,,,,,,,,,,1,2,1,1.0,5
201300004577,0013-05-27 08:20:00,13,5,27,8,20,10,450,,45.9069,5.23267,Plein jour,En agglomération,Intersection en X,Normale,Deux véhicules - côté,,,,,,,,,,,1,2,2,1.0,3
201300004578,0013-07-15 07:15:00,13,7,15,7,15,10,378,,45.8209,5.17089,Plein jour,Hors agglomération,Hors intersection,Normale,Deux véhicules - frontale,,,,,,,,,,,1,1,1,1.0,1
201300004579,0013-08-10 14:00:00,13,8,10,14,0,10,290,,45.8931,5.17889,Plein jour,Hors agglomération,Intersection en T,Normale,Deux véhicules - côté,,,,,,,,,,,1,1,3,1.0,3
201300004580,0013-08-16 06:15:00,13,8,16,6,15,10,54,,45.877,5.16044,Plein jour,Hors agglomération,Hors intersection,Normale,Deux véhicules - frontale,,,,,,,,,,,1,1,1,1.0,1
201300004581,0013-09-06 07:45:00,13,9,6,7,45,10,450,89 rue du bottet,,,Plein jour,En agglomération,Hors intersection,Normale,Deux véhicules - côté,,,,,,,,,,,1,2,1,1.0,3
201300004582,0013-11-12 18:30:00,13,11,12,18,30,10,290,RD 22a et RD 4,,,Nuit avec éclairage allumé,En agglomération,Hors intersection,Normale,Deux véhicules - frontale,,,,,,,,,,,5,2,1,1.0,1
201300004583,0013-11-18 13:00:00,13,11,18,13,0,10,290,,,,Plein jour,Hors agglomération,Hors intersection,Normale,Autre collision,,,,,,,,,,,1,1,1,1.0,6
201300004584,0013-01-26 20:45:00,13,1,26,20,45,10,249,613 GRANDE RUE,45.8223,4.94864,Nuit avec éclairage allumé,En agglomération,Hors intersection,Pluie légère,Deux véhicules - côté,,,,,,,,,,,5,2,1,2.0,3
201300004585,0013-02-25 08:45:00,13,2,25,8,45,10,43,346 CHEMIN GRANGE DEBOUT,,,Plein jour,En agglomération,Hors intersection,Neige / grêle,Sans collision,,,,,,,,,,,1,2,1,4.0,7
201300004586,0013-06-03 13:00:00,13,6,3,13,0,10,249,PARKING LECLERC,,,Plein jour,En agglomération,Hors intersection,Normale,Deux véhicules - côté,,,,,,,,,,,1,2,1,1.0,3
201300004587,0013-06-25 15:45:00,13,6,25,15,45,10,249,,,,Plein jour,Hors agglomération,Hors intersection,Normale,Deux véhicules - côté,,,,,,,,,,,1,1,1,1.0,3
201300004588,0013-07-07 14:30:00,13,7,7,14,30,10,275,,,,Plein jour,Hors agglomération,Hors intersection,Normale,Deux véhicules - arrière,,,,,,,,,,,1,1,1,1.0,2
201300004589,0013-07-07 16:30:00,13,7,7,16,30,10,249,,45.8456,4.95698,Plein jour,Hors agglomération,Hors intersection,Normale,Autre collision,,,,,,,,,,,1,1,1,1.0,6
201300004590,0013-07-16 22:30:00,13,7,16,22,30,10,43,ROUTE DE GEN?VE,45.8344,4.99647,Nuit avec éclairage allumé,En agglomération,Intersection en X,Normale,Deux véhicules - côté,,,,,,,,,,,5,2,2,1.0,3
201300004591,0013-07-17 03:45:00,13,7,17,3,45,10,249,304 GRANDE RUE,45.8207,4.94454,Nuit avec éclairage non allumé,En agglomération,Hors intersection,Normale,Autre collision,,,,,,,,,,,4,2,1,1.0,6
201300004592,0013-07-18 12:15:00,13,7,18,12,15,10,43,ROND POINT DE LA DOMBES,45.8336,4.99339,Plein jour,En agglomération,Giratoire,Normale,Deux véhicules - côté,,,,,,,,,,,1,2,6,1.0,3
201300004593,0013-08-28 22:15:00,13,8,28,22,15,10,43,2199 ROUTE DE GEN?VE,45.832,4.98746,Nuit avec éclairage allumé,En agglomération,Hors intersection,Normale,Deux véhicules - côté,,,,,,,,,,,5,2,1,1.0,3
201300004594,0013-10-08 05:00:00,13,10,8,5,0,10,275,RD1084,,,Nuit avec éclairage allumé,En agglomération,Hors intersection,Normale,Autre collision,,,,,,,,,,,5,2,1,1.0,6
201300004595,0013-11-02 14:00:00,13,11,2,14,0,10,376,72 route de gen?ve,,,Plein jour,En agglomération,Intersection en T,Normale,Deux véhicules - côté,,,,,,,,,,,1,2,3,1.0,3
201300004596,0013-12-03 17:30:00,13,12,3,17,30,10,275,103 route de gen?ve,,,Plein jour,En agglomération,Hors intersection,Normale,Autre collision,,,,,,,,,,,1,2,1,1.0,6
201300004597,0013-06-26 17:00:00,13,6,26,17,0,10,297,,45.8945,5.09686,Plein jour,Hors agglomération,Hors intersection,Normale,Deux véhicules - arrière,,,,,,,,,,,1,1,1,1.0,2
201300004598,0013-07-06 18:30:00,13,7,6,18,30,10,262,,45.927,5.04003,Plein jour,Hors agglomération,Intersection en X,Normale,Deux véhicules - côté,,,,,,,,,,,1,1,2,1.0,3
201300004599,0013-07-26 19:30:00,13,7,26,19,30,10,27,,45.8431,5.10971,Plein jour,Hors agglomération,Hors intersection,Normale,Deux véhicules - frontale,,,,,,,,,,,1,1,1,1.0,1
201300004600,0013-01-14 08:00:00,13,1,14,8,0,10,398,,46.0124,4.84265,Plein jour,Hors agglomération,Hors intersection,Temps couvert,Deux véhicules - frontale,,,,,,,,,,,1,1,1,8.0,1
201300004601,0013-03-01 19:15:00,13,3,1,19,15,10,333,,45.9148,4.95539,Nuit sans éclairage public,Hors agglomération,Hors intersection,Normale,Deux véhicules - arrière,,,,,,,,,,,3,1,1,1.0,2
201300004602,0013-04-11 07:15:00,13,4,11,7,15,10,398,,45.9985,4.83585,Plein jour,Hors agglomération,Hors intersection,Pluie légère,Deux véhicules - frontale,,,,,,,,,,,1,1,1,2.0,1
201300004603,0013-05-23 08:45:00,13,5,23,8,45,10,318,,45.9713,4.85264,Plein jour,Hors agglomération,Intersection en X,Normale,Deux véhicules - côté,,,,,,,,,,,1,1,2,1.0,3
201300004604,0013-06-17 10:45:00,13,6,17,10,45,10,443,,45.9717,5.009,Plein jour,Hors agglomération,Hors intersection,Vent fort / tempête,Deux véhicules - frontale,,,,,,,,,,,1,1,1,6.0,1
201300004605,0013-09-07 13:00:00,13,9,7,13,0,10,21,,,,Plein jour,Hors agglomération,Hors intersection,Normale,Trois véhicules et plus - en chaîne,,,,,,,,,,,1,1,1,1.0,4
201300004606,0013-10-18 08:00:00,13,10,18,8,0,10,52,,,,Crépuscule ou aube,Hors agglomération,Hors intersection,Brouillard / fumée,Deux véhicules - frontale,,,,,,,,,,,2,1,1,5.0,1