accident_id,datetime,annee,mois,jour,heure,minute,departement,commune_insee,adresse,latitude,longitude,luminosite,agglomeration,intersection,meteo,collision,nb_vehicules,nb_usagers,nb_indemnes,nb_tues,nb_blesses_hosp,nb_blesses_legers,age_cond_1,age_cond_2,veh_type_cond_1,veh_type_cond_2,lum_code,agg_code,int_code,atm_code,col_code
201300004607,0013-05-04 11:00:00,13,5,4,11,0,10,263,2237 RUE DE MACON,46.0975,4.76368,Plein jour,En agglomération,Intersection en T,Pluie légère,Deux véhicules - côté,,,,,,,,,,,1,2,3,2.0,3
201300004608,0013-06-03 08:15:00,13,6,3,8,15,10,83,,46.0967,4.8326,Plein jour,Hors agglomération,Hors intersection,Normale,Deux véhicules - arrière,,,,,,,,,,,1,1,1,1.0,2
201300004609,0013-06-26 10:45:00,13,6,26,10,45,10,351,RUE DE L'ETANG,46.1473,4.8659,Plein jour,En agglomération,Hors intersection,Normale,Deux véhicules - côté,,,,,,,,,,,1,2,1,1.0,3
201300004610,0013-07-18 19:00:00,13,7,18,19,0,10,169,"""AUX RIVAUX""",46.1256,4.79036,Plein jour,Hors agglomération,Intersection en X,Temps couvert,Trois véhicules et plus - collisions multiples,,,,,,,,,,,1,1,2,8.0,5
201300004611,0013-08-05 12:45:00,13,8,5,12,45,10,165,,46.0707,4.80984,Plein jour,Hors agglomération,Hors intersection,Normale,Autre collision,,,,,,,,,,,1,1,1,1.0,6
201300004612,0013-08-10 20:15:00,13,8,10,20,15,10,169,PLACE DE LA MAIRIE RD933,46.1096,4.77989,Crépuscule ou aube,En agglomération,Intersection en T,Normale,Deux véhicules - côté,,,,,,,,,,,2,2,3,1.0,3
201300004613,0013-11-18 19:15:00,13,11,18,19,15,10,389,,,,Nuit sans éclairage public,Hors agglomération,Hors intersection,Brouillard / fumée,Trois véhicules et plus - collisions multiples,,,,,,,,,,,3,1,1,5.0,5
201300004614,0013-06-28 14:30:00,13,6,28,14,30,70,289,rue du Luol,,,Plein jour,En agglomération,Hors intersection,Normale,Autre collision,,,,,,,,,,,1,2,1,1.0,6
201300004615,0013-08-05 14:15:00,13,8,5,14,15,70,93,,,,Plein jour,Hors agglomération,Hors intersection,Normale,Autre collision,,,,,,,,,,,1,1,1,1.0,6
201300004616,0013-08-10 22:15:00,13,8,10,22,15,70,230,,,,Nuit sans éclairage public,Hors agglomération,Hors intersection,Normale,Sans collision,,,,,,,,,,,3,1,1,1.0,7
201300004617,0013-08-17 13:00:00,13,8,17,13,0,70,3,,,,Plein jour,Hors agglomération,Hors intersection,Normale,Deux véhicules - frontale,,,,,,,,,,,1,1,1,1.0,1
201300004618,0013-08-30 16:00:00,13,8,30,16,0,70,339,,,,Plein jour,Hors agglomération,Hors intersection,Normale,Deux véhicules - côté,,,,,,,,,,,1,1,1,1.0,3
201300004619,0013-12-23 17:30:00,13,12,23,17,30,70,122,Route d'Ales,,,Crépuscule ou aube,En agglomération,Hors intersection,Normale,Deux véhicules - frontale,,,,,,,,,,,2,2,1,1.0,1
201300004620,0013-02-15 19:00:00,13,2,15,19,0,70,259,,,,Nuit sans éclairage public,Hors agglomération,Hors intersection,Normale,Deux véhicules - frontale,,,,,,,,,,,3,1,1,1.0,1
201300004621,0013-03-19 13:45:00,13,3,19,13,45,70,264,,,,Plein jour,Hors agglomération,Hors intersection,Normale,Deux véhicules - arrière,,,,,,,,,,,1,1,1,1.0,2
201300004622,0013-06-15 17:00:00,13,6,15,17,0,70,279,,,,Plein jour,Hors agglomération,Hors intersection,Normale,Deux véhicules - côté,,,,,,,,,,,1,1,1,1.0,3
201300004623,0013-07-01 17:00:00,13,7,1,17,0,70,233,,,,Plein jour,Hors agglomération,Hors intersection,Normale,Deux véhicules - côté,,,,,,,,,,,1,1,1,1.0,3
201300004624,0013-08-05 11:00:00,13,8,5,11,0,70,167,,,,Plein jour,Hors agglomération,Hors intersection,Normale,Sans collision,,,,,,,,,,,1,1,1,1.0,7
201300004625,0013-08-31 18:15:00,13,8,31,18,15,70,167,,,,Plein jour,Hors agglomération,Hors intersection,Normale,Deux véhicules - arrière,,,,,,,,,,,1,1,1,1.0,2
201300004626,0013-09-23 21:15:00,13,9,23,21,15,70,30,,44.883,4.53,Nuit sans éclairage public,Hors agglomération,Hors intersection,Normale,Autre collision,,,,,,,,,,,3,1,1,1.0,6
201300004627,0013-10-12 18:00:00,13,10,12,18,0,70,295,,,,Plein jour,Hors agglomération,Hors intersection,Pluie légère,Autre collision,,,,,,,,,,,1,1,1,2.0,6
201300004628,0013-12-14 13:00:00,13,12,14,13,0,70,96,,,,Plein jour,Hors agglomération,Hors intersection,Normale,Deux véhicules - frontale,,,,,,,,,,,1,1,1,1.0,1
201300004629,0013-12-27 09:00:00,13,12,27,9,0,70,167,,,,Plein jour,Hors agglomération,Hors intersection,Normale,Autre collision,,,,,,,,,,,1,1,1,1.0,6
201300004630,0013-03-15 14:45:00,13,3,15,14,45,70,302,,,,Plein jour,Hors agglomération,Hors intersection,Normale,Deux véhicules - côté,,,,,,,,,,,1,1,1,1.0,3
201300004631,0013-05-14 15:45:00,13,5,14,15,45,70,191,,,,Plein jour,Hors agglomération,Hors intersection,Normale,Deux véhicules - frontale,,,,,,,,,,,1,1,1,1.0,1
201300004632,0013-05-25 12:45:00,13,5,25,12,45,70,319,62 rue de la R?publique,,,Plein jour,En agglomération,Hors intersection,Normale,Autre collision,,,,,,,,,,,1,2,1,1.0,6
201300004633,0013-06-15 16:00:00,13,6,15,16,0,70,346,,,,Plein jour,Hors agglomération,Hors intersection,Normale,Deux véhicules - frontale,,,,,,,,,,,1,1,1,1.0,1
201300004634,0013-08-11 18:45:00,13,8,11,18,45,70,300,,44.51,4.609,Plein jour,Hors agglomération,Hors intersection,Temps éblouissant,Deux véhicules - frontale,,,,,,,,,,,1,1,1,7.0,1
201300004635,0013-12-09 11:30:00,13,12,9,11,30,70,319,BOULEVARD STALINGRAD,,,Plein jour,En agglomération,Hors intersection,Normale,Autre collision,,,,,,,,,,,1,2,1,1.0,6
201300004636,0013-12-12 13:30:00,13,12,12,13,30,70,346,,44.452,4.698,Plein jour,Hors agglomération,Hors intersection,Normale,Sans collision,,,,,,,,,,,1,1,1,1.0,7
201300004637,0013-04-14 11:00:00,13,4,14,11,0,70,138,,,,Plein jour,En agglomération,Hors intersection,Normale,Trois véhicules et plus - collisions multiples,,,,,,,,,,,1,2,1,1.0,5
201300004638,0013-06-17 08:00:00,13,6,17,8,0,70,241,,,,Plein jour,Hors agglomération,Hors intersection,Temps éblouissant,Deux véhicules - côté,,,,,,,,,,,1,1,1,7.0,3
201300004639,0013-09-13 16:30:00,13,9,13,16,30,70,272,,,,Plein jour,Hors agglomération,Hors intersection,Normale,Sans collision,,,,,,,,,,,1,1,1,1.0,7
201300004640,0013-04-05 10:00:00,13,4,5,10,0,70,349,,,,Plein jour,Hors agglomération,Hors intersection,Pluie légère,Deux véhicules - côté,,,,,,,,,,,1,1,1,2.0,3
201300004641,0013-04-08 08:00:00,13,4,8,8,0,70,349,Avenue du 11 novembre,,,Plein jour,En agglomération,Hors intersection,Temps couvert,Autre collision,,,,,,,,,,,1,2,1,8.0,6
201300004642,0013-05-05 15:00:00,13,5,5,15,0,70,260,,,,Plein jour,Hors agglomération,Hors intersection,Normale,Autre collision,,,,,,,,,,,1,1,1,1.0,6
201300004643,0013-06-10 16:45:00,13,6,10,16,45,70,349,rue ?cole des cit?s,,,Plein jour,En agglomération,Hors intersection,Normale,Autre collision,,,,,,,,,,,1,2,1,1.0,6
201300004644,0013-06-16 17:45:00,13,6,16,17,45,70,237,,,,Plein jour,Hors agglomération,Hors intersection,Normale,Deux véhicules - côté,,,,,,,,,,,1,1,1,1.0,3
201300004645,0013-08-07 14:45:00,13,8,7,14,45,70,240,,,,Plein jour,Hors agglomération,Giratoire,Normale,Deux véhicules - frontale,,,,,,,,,,,1,1,6,1.0,1
201300004646,0013-09-02 17:30:00,13,9,2,17,30,70,22,,,,Plein jour,Hors agglomération,Hors intersection,Normale,Deux véhicules - frontale,,,,,,,,,,,1,1,1,1.0,1
201300004647,0013-10-31 09:45:00,13,10,31,9,45,70,260,,,,Plein jour,Hors agglomération,Intersection en X,Normale,Deux véhicules - côté,,,,,,,,,,,1,1,2,1.0,3
201300004648,0013-12-06 20:45:00,13,12,6,20,45,70,298,,,,Nuit sans éclairage public,Hors agglomération,Hors intersection,Normale,Autre collision,,,,,,,,,,,3,1,1,1.0,6
201300004649,0013-12-11 11:00:00,13,12,11,11,0,70,27,,,,Plein jour,Hors agglomération,Giratoire,Normale,Deux véhicules - frontale,,,,,,,,,,,1,1,6,1.0,1
201300004650,0013-01-20 18:15:00,13,1,20,18,15,70,117,,,,Nuit sans éclairage public,Hors agglomération,Hors intersection,Normale,Autre collision,,,,,,,,,,,3,1,1,1.0,6
201300004651,0013-11-09 23:00:00,13,11,9,23,0,70,235,,,,Nuit sans éclairage public,Hors agglomération,Hors intersection,Pluie légère,Autre collision,,,,,,,,,,,3,1,1,2.0,6
201300004652,0013-12-29 18:15:00,13,12,29,18,15,70,153,,,,Nuit sans éclairage public,Hors agglomération,Hors intersection,Neige / grêle,Autre collision,,,,,,,,,,,3,1,1,4.0,6
201300004653,0013-01-02 15:30:00,13,1,2,15,30,70,182,,,,Plein jour,Hors agglomération,Hors intersection,Normale,Deux véhicules - côté,,,,,,,,,,,1,1,1,1.0,3
201300004654,0013-02-20 23:45:00,13,2,20,23,45,70,182,,,,Nuit sans éclairage public,Hors agglomération,Hors intersection,Normale,Autre collision,,,,,,,,,,,3,1,1,1.0,6
201300004655,0013-05-12 16:15:00,13,5,12,16,15,70,203,,,,Plein jour,Hors agglomération,Hors intersection,Normale,Deux véhicules - frontale,,,,,,,,,,,1,1,1,1.0,1
201300004656,0013-07-21 14:30:00,13,7,21,14,30,70,200,,,,Plein jour,Hors agglomération,Hors intersection,Normale,Autre collision,,,,,,,,,,,1,1,1,1.0,6
201300004657,0013-09-13 14:30:00,13,9,13,14,30,70,156,NEYRAC LES BAINS,,,Plein jour,En agglomération,Hors intersection,Normale,Deux véhicules - frontale,,,,,,,,,,,1,2,1,1.0,1
201300004658,0013-10-20 08:30:00,13,10,20,8,30,70,45,RD 26,,,Plein jour,En agglomération,Hors intersection,Pluie forte,Autre collision,,,,,,,,,,,1,2,1,3.0,6
201300004659,0013-03-31 10:15:00,13,3,31,10,15,70,328,,,,Plein jour,Hors agglomération,Hors intersection,Normale,Deux véhicules - côté,,,,,,,,,,,1,1,1,1.0,3
201300004660,0013-05-20 11:15:00,13,5,20,11,15,70,207,,,,Plein jour,Hors agglomération,Hors intersection,Normale,Deux véhicules - côté,,,,,,,,,,,1,1,1,1.0,3
201300004661,0013-07-06 18:30:00,13,7,6,18,30,70,201,,44.471,4.347,Plein jour,Hors agglomération,Hors intersection,Normale,Deux véhicules - côté,,,,,,,,,,,1,1,1,1.0,3
201300004662,0013-08-04 02:00:00,13,8,4,2,0,70,23,,,,Nuit sans éclairage public,Hors agglomération,Hors intersection,Normale,Autre collision,,,,,,,,,,,3,1,1,1.0,6
201300004663,0013-09-19 14:45:00,13,9,19,14,45,70,201,,44.468,4.346,Plein jour,Hors agglomération,Hors intersection,Normale,Deux véhicules - côté,,,,,,,,,,,1,1,1,1.0,3
201300004664,0013-12-25 16:45:00,13,12,25,16,45,70,183,,44.491,4.382,Crépuscule ou aube,Hors agglomération,Hors intersection,Temps couvert,Deux véhicules - frontale,,,,,,,,,,,2,1,1,8.0,1
201300004665,0013-06-13 12:00:00,13,6,13,12,0,70,334,,,,Plein jour,Hors agglomération,Hors intersection,Normale,Deux véhicules - frontale,,,,,,,,,,,1,1,1,1.0,1
201300004666,0013-08-02 13:15:00,13,8,2,13,15,70,24,,,,Plein jour,Hors agglomération,Hors intersection,Normale,Autre collision,,,,,,,,,,,1,1,1,1.0,6
201300004667,0013-10-21 15:00:00,13,10,21,15,0,70,24,,,,Plein jour,Hors agglomération,Hors intersection,Temps couvert,Deux véhicules - frontale,,,,,,,,,,,1,1,1,8.0,1
201300004668,0013-04-10 16:45:00,13,4,10,16,45,70,324,,,,Plein jour,Hors agglomération,Hors intersection,Normale,Deux véhicules - frontale,,,,,,,,,,,1,1,1,1.0,1
201300004669,0013-04-14 11:30:00,13,4,14,11,30,70,324,,45.061,4.784,Plein jour,Hors agglomération,Hors intersection,Normale,Deux véhicules - frontale,,,,,,,,,,,1,1,1,1.0,1
201300004670,0013-04-23 13:00:00,13,4,23,13,0,70,324,,,,Plein jour,En agglomération,Hors intersection,Normale,Deux véhicules - frontale,,,,,,,,,,,1,2,1,1.0,1
201300004671,0013-05-21 07:45:00,13,5,21,7,45,70,324,quai Charles de Gaulle,,,Plein jour,En agglomération,Hors intersection,Normale,Deux véhicules - frontale,,,,,,,,,,,1,2,1,1.0,1
201300004672,0013-06-30 15:30:00,13,6,30,15,30,70,324,chemin imbert,,,Plein jour,En agglomération,Hors intersection,Normale,Sans collision,,,,,,,,,,,1,2,1,1.0,7
201300004673,0013-11-09 18:45:00,13,11,9,18,45,70,323,ROUTE MONSANO,,,Nuit sans éclairage public,En agglomération,Hors intersection,Pluie légère,Deux véhicules - côté,,,,,,,,,,,3,2,1,2.0,3
201300004674,0013-03-02 14:30:00,13,3,2,14,30,70,10,,,,Plein jour,Hors agglomération,Hors intersection,Normale,Sans collision,,,,,,,,,,,1,1,1,1.0,7
201300004675,0013-03-12 16:45:00,13,3,12,16,45,70,10,Avenue Beauregard,,,Plein jour,En agglomération,Hors intersection,Normale,Autre collision,,,,,,,,,,,1,2,1,1.0,6
201300004676,0013-04-23 14:15:00,13,4,23,14,15,70,10,,,,Plein jour,Hors agglomération,Hors intersection,Normale,Autre collision,,,,,,,,,,,1,1,1,1.0,6
201300004677,0013-05-21 10:15:00,13,5,21,10,15,70,78,rue de quebec,,,Plein jour,En agglomération,Hors intersection,Pluie forte,Deux véhicules - frontale,,,,,,,,,,,1,2,1,3.0,1
201300004678,0013-07-19 23:45:00,13,7,19,23,45,70,310,,,,Nuit sans éclairage public,Hors agglomération,Hors intersection,Normale,Autre collision,,,,,,,,,,,3,1,1,1.0,6
201300004679,0013-11-21 04:15:00,13,11,21,4,15,70,10,,,,Nuit sans éclairage public,En agglomération,Hors intersection,Pluie légère,Deux véhicules - côté,,,,,,,,,,,3,2,1,2.0,3
201300004680,0013-12-10 16:00:00,13,12,10,16,0,70,10,rue L?o Lagrange,,,Plein jour,En agglomération,Hors intersection,Normale,Autre collision,,,,,,,,,,,1,2,1,1.0,6
201300004681,0013-05-04 10:15:00,13,5,4,10,15,70,220,,44.877,4.413,Nuit sans éclairage public,Hors agglomération,Hors intersection,Normale,Autre collision,,,,,,,,,,,3,1,1,1.0,6
201300004682,0013-08-16 19:30:00,13,8,16,19,30,70,82,,44.869,4.365,Plein jour,Hors agglomération,Hors intersection,Normale,Deux véhicules - frontale,,,,,,,,,,,1,1,1,1.0,1
201300004683,0013-12-01 06:00:00,13,12,1,6,0,70,1,,,,Nuit sans éclairage public,Hors agglomération,Hors intersection,Pluie légère,Deux véhicules - frontale,,,,,,,,,,,3,1,1,2.0,1
201300004684,0013-05-14 07:45:00,13,5,14,7,45,70,338,LE PETIT ST JEAN CD 14,,,Plein jour,En agglomération,Hors intersection,Normale,Sans collision,,,,,,,,,,,1,2,1,1.0,7
201300004685,0013-08-04 03:30:00,13,8,4,3,30,70,205,,,,Nuit sans éclairage public,Hors agglomération,Hors intersection,Normale,Sans collision,,,,,,,,,,,3,1,1,1.0,7
201300004686,0013-08-10 21:00:00,13,8,10,21,0,70,292,,45.173,4.695,Crépuscule ou aube,Hors agglomération,Intersection en X,Normale,Deux véhicules - côté,,,,,,,,,,,2,1,2,1.0,3
201300004687,0013-10-07 11:15:00,13,10,7,11,15,70,292,,45.169,4.694,Plein jour,Hors agglomération,Hors intersection,Normale,Deux véhicules - frontale,,,,,,,,,,,1,1,1,1.0,1
201300004688,0013-07-21 21:15:00,13,7,21,21,15,260,27,26027,,,Nuit sans éclairage public,Hors agglomération,Hors intersection,Normale,Autre collision,,,,,,,,,,,3,1,1,1.0,6
201300004689,0013-08-16 15:30:00,13,8,16,15,30,260,167,26167,,,Plein jour,Hors agglomération,Hors intersection,Temps couvert,Deux véhicules - arrière,,,,,,,,,,,1,1,1,8.0,2
201300004690,0013-11-07 13:15:00,13,11,7,13,15,260,365,26365,,,Plein jour,Hors agglomération,Hors intersection,Normale,Sans collision,,,,,,,,,,,1,1,1,1.0,7
201300004691,0013-11-23 16:00:00,13,11,23,16,0,260,108,QUAI MAURICE FAURE,,,Crépuscule ou aube,En agglomération,Hors intersection,Pluie forte,Autre collision,,,,,,,,,,,2,2,1,3.0,6
201300004692,0013-07-27 17:00:00,13,7,27,17,0,260,289,26289,,,Plein jour,Hors agglomération,Hors intersection,Normale,Deux véhicules - côté,,,,,,,,,,,1,1,1,1.0,3
201300004693,0013-07-28 22:00:00,13,7,28,22,0,260,365,26365,,,Nuit sans éclairage public,Hors agglomération,Autre intersection,Pluie forte,Deux véhicules - frontale,,,,,,,,,,,3,1,9,3.0,1
201300004694,0013-08-01 17:45:00,13,8,1,17,45,260,262,26262,,,Plein jour,Hors agglomération,Hors intersection,Normale,Autre collision,,,,,,,,,,,1,1,1,1.0,6
201300004695,0013-08-05 21:30:00,13,8,5,21,30,260,108,26108,44.7352,5.0139,Crépuscule ou aube,En agglomération,Hors intersection,Normale,Autre collision,,,,,,,,,,,2,2,1,1.0,6
201300004696,0013-08-11 18:00:00,13,8,11,18,0,260,234,26234,,,Plein jour,Hors agglomération,Hors intersection,Normale,Deux véhicules - côté,,,,,,,,,,,1,1,1,1.0,3
201300004697,0013-09-15 11:45:00,13,9,15,11,45,260,241,26241,,,Plein jour,Hors agglomération,Hors intersection,Temps couvert,Autre collision,,,,,,,,,,,1,1,1,8.0,6
201300004698,0013-10-19 20:15:00,13,10,19,20,15,260,113,26113,,,Nuit sans éclairage public,Hors agglomération,Hors intersection,Normale,Sans collision,,,,,,,,,,,3,1,1,1.0,7
201300004699,0013-10-24 17:15:00,13,10,24,17,15,260,289,26289,,,Plein jour,Hors agglomération,Hors intersection,Normale,Deux véhicules - frontale,,,,,,,,,,,1,1,1,1.0,1
201300004700,0013-11-30 06:15:00,13,11,30,6,15,260,234,26234,,,Nuit sans éclairage public,Hors agglomération,Hors intersection,Temps couvert,Deux véhicules - côté,,,,,,,,,,,3,1,1,8.0,3
201300004701,0013-04-09 17:15:00,13,4,9,17,15,260,64,QUARTIER LES BLANCHARDS,44.927,4.9622,Plein jour,Hors agglomération,Intersection en X,Normale,Deux véhicules - côté,,,,,,,,,,,1,1,2,1.0,3
201300004702,0013-06-08 15:00:00,13,6,8,15,0,260,81,26081,,,Plein jour,Hors agglomération,Hors intersection,Temps couvert,Sans collision,,,,,,,,,,,1,1,1,8.0,7
201300004703,0013-06-18 20:00:00,13,6,18,20,0,260,313,22 RUE DE LA FONTAINE,44.9692,4.9576,Plein jour,En agglomération,Hors intersection,Normale,Deux véhicules - frontale,,,,,,,,,,,1,2,1,1.0,1
201300004704,0013-09-09 17:30:00,13,9,9,17,30,260,108,,44.735,4.9868,Plein jour,Hors agglomération,Hors intersection,Normale,Deux véhicules - côté,,,,,,,,,,,1,1,1,1.0,3
201300004705,0013-10-06 00:15:00,13,10,6,0,15,260,183,26183,,,Nuit sans éclairage public,Hors agglomération,Hors intersection,Temps couvert,Sans collision,,,,,,,,,,,3,1,1,8.0,7
201300004706,0013-10-25 22:15:00,13,10,25,22,15,260,183,QUARTIER FOULON,,,Nuit sans éclairage public,Hors agglomération,Hors intersection,Normale,Autre collision,,,,,,,,,,,3,1,1,1.0,6
201300004707,0013-11-06 16:30:00,13,11,6,16,30,260,108,AVENUE ARMORIN CHARLES,,,Plein jour,En agglomération,Autre intersection,Normale,Autre collision,,,,,,,,,,,1,2,9,1.0,6
201300004708,0013-02-22 19:00:00,13,2,22,19,0,260,196,26196,,,Nuit sans éclairage public,Hors agglomération,Hors intersection,Normale,Deux véhicules - côté,,,,,,,,,,,3,1,1,1.0,3
201300004709,0013-06-07 19:30:00,13,6,7,19,30,260,166,GRANDE RUE,44.7518,4.8222,Plein jour,En agglomération,Hors intersection,Temps éblouissant,Autre collision,,,,,,,,,,,1,2,1,7.0,6
201300004710,0013-06-26 18:00:00,13,6,26,18,0,260,289,26289,,,Plein jour,Hors agglomération,Hors intersection,Normale,Deux véhicules - frontale,,,,,,,,,,,1,1,1,1.0,1
201300004711,0013-07-14 22:15:00,13,7,14,22,15,260,113,BOULEVARD DU BALLON,44.755,5.371,Nuit avec éclairage allumé,En agglomération,Hors intersection,Normale,Autre collision,,,,,,,,,,,5,2,1,1.0,6
201300004712,0013-01-08 10:15:00,13,1,8,10,15,260,243,26243,,,Plein jour,Hors agglomération,Hors intersection,Normale,Trois véhicules et plus - collisions multiples,,,,,,,,,,,1,1,1,1.0,5
201300004713,0013-03-06 14:15:00,13,3,6,14,15,260,45,26045,,,Plein jour,Hors agglomération,Hors intersection,Pluie légère,Deux véhicules - frontale,,,,,,,,,,,1,1,1,2.0,1
201300004714,0013-06-29 19:00:00,13,6,29,19,0,260,202,26202,,,Plein jour,Hors agglomération,Hors intersection,Normale,Deux véhicules - côté,,,,,,,,,,,1,1,1,1.0,3
201300004715,0013-01-07 18:30:00,13,1,7,18,30,260,85,26085,,,Nuit avec éclairage allumé,Hors agglomération,Hors intersection,Normale,Autre collision,,,,,,,,,,,5,1,1,1.0,6
201300004716,0013-01-13 07:30:00,13,1,13,7,30,260,85,26085,,,Nuit sans éclairage public,Hors agglomération,Hors intersection,Normale,Autre collision,,,,,,,,,,,3,1,1,1.0,6
201300004717,0013-02-10 10:00:00,13,2,10,10,0,260,169,LES JOANINS,,,Crépuscule ou aube,Hors agglomération,Hors intersection,Normale,Sans collision,,,,,,,,,,,2,1,1,1.0,7
201300004718,0013-06-06 06:30:00,13,6,6,6,30,260,85,26085,44.4999,4.7164,Plein jour,Hors agglomération,Hors intersection,Normale,Sans collision,,,,,,,,,,,1,1,1,1.0,7
201300004719,0013-03-14 17:45:00,13,3,14,17,45,260,235,26235,,,Plein jour,Hors agglomération,Hors intersection,Normale,Deux véhicules - côté,,,,,,,,,,,1,1,1,1.0,3
201300004720,0013-01-18 23:30:00,13,1,18,23,30,260,357,26357,,,Nuit sans éclairage public,Hors agglomération,Hors intersection,Neige / grêle,Autre collision,,,,,,,,,,,3,1,1,4.0,6
201300004721,0013-12-31 18:00:00,13,12,31,18,0,260,182,,,,Nuit avec éclairage non allumé,Hors agglomération,Hors intersection,Normale,Deux véhicules - côté,,,,,,,,,,,4,1,1,1.0,3
201300004722,0013-02-26 18:45:00,13,2,26,18,45,260,367,26367,,,Nuit sans éclairage public,Hors agglomération,Intersection en X,Normale,Deux véhicules - frontale,,,,,,,,,,,3,1,2,1.0,1
201300004723,0013-04-19 12:30:00,13,4,19,12,30,260,220,26220,,,Plein jour,Hors agglomération,Hors intersection,Normale,Deux véhicules - frontale,,,,,,,,,,,1,1,1,1.0,1
201300004724,0013-07-30 11:30:00,13,7,30,11,30,260,220,67 AVENUE PAUL LAURENS,44.3602,5.1335,Plein jour,En agglomération,Hors intersection,Normale,Autre collision,,,,,,,,,,,1,2,1,1.0,6
201300004725,0013-01-11 18:30:00,13,1,11,18,30,20,691,bd Dr Camille Guérin,49.83365,3.30116,Nuit avec éclairage allumé,En agglomération,Hors intersection,Temps couvert,Autre collision,,,,,,,,,,,5,2,1,8.0,6
201300004726,0013-01-28 18:50:00,13,1,28,18,50,20,691,rue du Gal Leclerc,49.84199,3.29497,Nuit avec éclairage allumé,En agglomération,Intersection en T,Normale,Deux véhicules - côté,,,,,,,,,,,5,2,3,1.0,3
201300004727,0013-02-10 01:25:00,13,2,10,1,25,20,691,"35, ISLE (RUE D')",49.84482,3.29065,Nuit avec éclairage allumé,En agglomération,Hors intersection,Normale,Autre collision,,,,,,,,,,,5,2,1,1.0,6
201300004728,0013-03-02 15:10:00,13,3,2,15,10,20,549,"02 bis, MESNIL (RUE DU)",49.82511,3.33074,Plein jour,En agglomération,Hors intersection,Normale,Autre collision,,,,,,,,,,,1,2,1,1.0,6
201300004729,0013-03-05 14:35:00,13,3,5,14,35,20,659,rue du calvaire,49.85218,3.32857,Plein jour,Hors agglomération,Hors intersection,Normale,Deux véhicules - arrière,,,,,,,,,,,1,1,1,1.0,2
201300004730,0013-03-06 15:50:00,13,3,6,15,50,20,691,GAYANT (QUAI),49.84142,3.29591,Plein jour,En agglomération,Hors intersection,Normale,Autre collision,,,,,,,,,,,1,2,1,1.0,6
201300004731,0013-05-17 09:35:00,13,5,17,9,35,20,340,"18, BARBUSSE (RUE HENRI)",49.82176,3.28564,Plein jour,En agglomération,Hors intersection,Normale,Autre collision,,,,,,,,,,,1,2,1,1.0,6
201300004732,0013-06-04 18:00:00,13,6,4,18,0,20,691,"74, SCHUMAN (AV. ROBERT)",49.86115,3.29981,Plein jour,En agglomération,Hors intersection,Normale,Autre collision,,,,,,,,,,,1,2,1,1.0,6
201300004733,0013-06-05 11:25:00,13,6,5,11,25,20,691,GUERIN (Bd Dr Camille),49.83365,3.30116,Plein jour,En agglomération,Intersection en X,Normale,Deux véhicules - côté,,,,,,,,,,,1,2,2,1.0,3
201300004734,0013-06-22 22:15:00,13,6,22,22,15,20,691,DENFERT-ROCHEREAU (RUE),49.85172,3.27979,Nuit avec éclairage allumé,En agglomération,Intersection en X,Pluie légère,Deux véhicules - côté,,,,,,,,,,,5,2,2,2.0,3
201300004735,0013-06-25 21:00:00,13,6,25,21,0,20,691,"5, CODOS (RUE PAUL)",49.85317,3.26846,Plein jour,En agglomération,Hors intersection,Normale,Autre collision,,,,,,,,,,,1,2,1,1.0,6
201300004736,0013-07-01 19:15:00,13,7,1,19,15,20,691,":, SCHUMAN (AV. ROBERT)",49.86012,3.2975,Plein jour,En agglomération,Intersection en T,Normale,Autre collision,,,,,,,,,,,1,2,3,1.0,6
201300004737,0013-07-05 20:30:00,13,7,5,20,30,20,691,rue de fayet,,,Plein jour,En agglomération,Intersection en T,Normale,Deux véhicules - côté,,,,,,,,,,,1,2,3,1.0,3
201300004738,0013-08-14 14:30:00,13,8,14,14,30,20,691,"24, COCTEAU (RUE JEAN)",49.83605,3.29758,Plein jour,En agglomération,Hors intersection,Normale,Autre collision,,,,,,,,,,,1,2,1,1.0,6
201300004739,0013-08-28 21:15:00,13,8,28,21,15,20,691,"17, BACHY (RUE DU DR-G-)",,,Nuit avec éclairage allumé,En agglomération,Intersection en T,Normale,Autre collision,,,,,,,,,,,5,2,3,1.0,6
201300004740,0013-10-05 18:55:00,13,10,5,18,55,20,371,rue de guise,49.84087,3.31904,Nuit avec éclairage allumé,En agglomération,Intersection en T,Normale,Deux véhicules - côté,,,,,,,,,,,5,2,3,1.0,3
201300004741,0013-11-04 13:00:00,13,11,4,13,0,20,691,rue chaussee romaine,49.84501,3.27357,Plein jour,En agglomération,Intersection en T,Pluie forte,Deux véhicules - côté,,,,,,,,,,,1,2,3,3.0,3
201300004742,0013-11-15 08:45:00,13,11,15,8,45,20,691,rue docteur cordier,49.84279,3.26644,Plein jour,En agglomération,Intersection en T,Normale,Deux véhicules - côté,,,,,,,,,,,1,2,3,1.0,3