accident_id,datetime,annee,mois,jour,heure,minute,departement,commune_insee,adresse,latitude,longitude,luminosite,agglomeration,intersection,meteo,collision,nb_vehicules,nb_usagers,nb_indemnes,nb_tues,nb_blesses_hosp,nb_blesses_legers,age_cond_1,age_cond_2,veh_type_cond_1,veh_type_cond_2,lum_code,agg_code,int_code,atm_code,col_code
201300004743,0013-12-12 13:50:00,13,12,12,13,50,20,691,rue 3EME D.I.M,49.84868,3.27747,Plein jour,En agglomération,Hors intersection,Normale,Autre collision,,,,,,,,,,,1,2,1,1.0,6
201300004744,0013-01-07 12:15:00,13,1,7,12,15,260,360,26360,,,Plein jour,Hors agglomération,Intersection en T,Normale,Deux véhicules - frontale,,,,,,,,,,,1,1,3,1.0,1
201300004745,0013-03-07 07:45:00,13,3,7,7,45,260,360,26360,,,Plein jour,Hors agglomération,Hors intersection,Normale,Deux véhicules - frontale,,,,,,,,,,,1,1,1,1.0,1
201300004746,0013-06-15 14:00:00,13,6,15,14,0,260,264,26264,,,Plein jour,Hors agglomération,Hors intersection,Normale,Deux véhicules - côté,,,,,,,,,,,1,1,1,1.0,3
201300004747,0013-08-18 17:00:00,13,8,18,17,0,260,112,26112,,,Plein jour,Hors agglomération,Hors intersection,Normale,Trois véhicules et plus - collisions multiples,,,,,,,,,,,1,1,1,1.0,5
201300004748,0013-10-27 12:00:00,13,10,27,12,0,260,264,26264,,,Plein jour,En agglomération,Hors intersection,Pluie légère,Autre collision,,,,,,,,,,,1,2,1,2.0,6
201300004749,0013-01-05 18:00:00,13,1,5,18,0,260,49,26049,,,Nuit sans éclairage public,Hors agglomération,Hors intersection,Vent fort / tempête,Autre collision,,,,,,,,,,,3,1,1,6.0,6
201300004750,0013-01-11 06:00:00,13,1,11,6,0,260,88,D2532 N,,,Crépuscule ou aube,En agglomération,Hors intersection,Temps couvert,Autre collision,,,,,,,,,,,2,2,1,8.0,6
201300004751,0013-01-12 15:30:00,13,1,12,15,30,260,79,CHEMIN LESJONCS VACHES,44.9482,5.0718,Plein jour,Hors agglomération,Intersection en X,Normale,Deux véhicules - côté,,,,,,,,,,,1,1,2,1.0,3
201300004752,0013-01-01 11:45:00,13,1,1,11,45,260,231,26231,,,Plein jour,Hors agglomération,Hors intersection,Pluie légère,Autre collision,,,,,,,,,,,1,1,1,2.0,6
201300004753,0013-02-02 18:15:00,13,2,2,18,15,260,88,26088,,,Nuit sans éclairage public,Hors agglomération,Intersection en Y,Pluie légère,Deux véhicules - frontale,,,,,,,,,,,3,1,4,2.0,1
201300004754,0013-05-21 16:15:00,13,5,21,16,15,260,34,26034,,,Plein jour,Hors agglomération,Hors intersection,Normale,Trois véhicules et plus - en chaîne,,,,,,,,,,,1,1,1,1.0,4
201300004755,0013-05-28 12:45:00,13,5,28,12,45,260,57,CHEM DES MONTS DU MATIN,,,Plein jour,En agglomération,Hors intersection,Normale,Deux véhicules - frontale,,,,,,,,,,,1,2,1,1.0,1
201300004756,0013-06-25 18:15:00,13,6,25,18,15,260,88,RTE DU 45 PARALLELE,,,Plein jour,En agglomération,Hors intersection,Vent fort / tempête,Sans collision,,,,,,,,,,,1,2,1,6.0,7
201300004757,0013-05-13 14:30:00,13,5,13,14,30,260,331,26331,,,Plein jour,Hors agglomération,Hors intersection,Normale,Deux véhicules - arrière,,,,,,,,,,,1,1,1,1.0,2
201300004758,0013-06-23 14:30:00,13,6,23,14,30,260,320,RD 532,,,Plein jour,En agglomération,Hors intersection,Normale,Deux véhicules - frontale,,,,,,,,,,,1,2,1,1.0,1
201300004759,0013-01-20 13:45:00,13,1,20,13,45,260,295,26295,,,Plein jour,Hors agglomération,Intersection en X,Normale,Deux véhicules - côté,,,,,,,,,,,1,1,2,1.0,3
201300004760,0013-02-08 14:00:00,13,2,8,14,0,260,325,26325,45.2778,4.8302,Plein jour,Hors agglomération,Hors intersection,Neige / grêle,Deux véhicules - frontale,,,,,,,,,,,1,1,1,4.0,1
201300004761,0013-03-30 03:00:00,13,3,30,3,0,260,160,26160,,,Nuit avec éclairage allumé,Hors agglomération,Hors intersection,Pluie légère,Deux véhicules - côté,,,,,,,,,,,5,1,1,2.0,3
201300004762,0013-06-05 16:45:00,13,6,5,16,45,260,333,LE PONT DE PIERRE,45.1775,4.8143,Plein jour,En agglomération,Hors intersection,Normale,Autre collision,,,,,,,,,,,1,2,1,1.0,6
201300004763,0013-06-08 15:30:00,13,6,8,15,30,260,10,26010,45.2793,4.8835,Plein jour,Hors agglomération,Hors intersection,Normale,Autre collision,,,,,,,,,,,1,1,1,1.0,6
201300004764,0013-12-14 14:30:00,13,12,14,14,30,260,10,RUE PASTEUR,,,Plein jour,En agglomération,Hors intersection,Normale,Deux véhicules - côté,,,,,,,,,,,1,2,1,1.0,3
201300004765,0013-03-16 02:30:00,13,3,16,2,30,260,84,LE SAUT DES CHEVRES,,,Nuit sans éclairage public,Hors agglomération,Hors intersection,Normale,Deux véhicules - frontale,,,,,,,,,,,3,1,1,1.0,1
201300004766,0013-06-05 19:30:00,13,6,5,19,30,260,179,26179,,,Plein jour,Hors agglomération,Hors intersection,Normale,Autre collision,,,,,,,,,,,1,1,1,1.0,6
201300004767,0013-10-01 17:30:00,13,10,1,17,30,260,380,26380,,,Plein jour,Hors agglomération,Hors intersection,Normale,Autre collision,,,,,,,,,,,1,1,1,1.0,6
201300004768,0013-01-28 15:45:00,13,1,28,15,45,20,722,12 bd de Metz,49.38366,3.3357,Plein jour,En agglomération,Hors intersection,Normale,Autre collision,,,,,,,,,,,1,2,1,1.0,6
201300004769,0013-01-18 12:35:00,13,1,18,12,35,20,722,"9, SAINT-QUENTIN (RUE )",49.38236,3.32851,Plein jour,En agglomération,Hors intersection,Normale,Autre collision,,,,,,,,,,,1,2,1,1.0,6
201300004770,0013-11-29 18:40:00,13,11,29,18,40,20,722,"1, GAMBETTA ( BOULEVARD",49.37656,3.32972,Nuit avec éclairage allumé,En agglomération,Giratoire,Pluie légère,Autre collision,,,,,,,,,,,5,2,6,2.0,6
201300004771,0013-02-12 09:20:00,13,2,12,9,20,20,722,3 av château thierry,49.37387,3.32902,Plein jour,En agglomération,Hors intersection,Normale,Autre collision,,,,,,,,,,,1,2,1,1.0,6
201300004772,0013-12-19 21:35:00,13,12,19,21,35,20,722,REPUBLIQUE  (PLACE DE LA,49.37642,3.32964,Nuit avec éclairage allumé,En agglomération,Giratoire,Normale,Autre collision,,,,,,,,,,,5,2,6,1.0,6
201300004773,0013-03-06 17:20:00,13,3,6,17,20,20,722,"477, REIMS Avenue de",49.37322,3.34348,Plein jour,En agglomération,Intersection en T,Normale,Deux véhicules - côté,,,,,,,,,,,1,2,3,1.0,3
201300004774,0013-03-14 18:25:00,13,3,14,18,25,20,722,"2, BELLEU (RUE DE )",49.36924,3.33741,Plein jour,En agglomération,Intersection en T,Normale,Autre collision,,,,,,,,,,,1,2,3,1.0,6
201300004775,0013-03-19 19:30:00,13,3,19,19,30,20,722,"2, GAMBETTA ( BOULEVARD",49.37659,3.32972,Crépuscule ou aube,En agglomération,Giratoire,Pluie légère,Autre collision,,,,,,,,,,,2,2,6,2.0,6
201300004776,0013-03-19 19:50:00,13,3,19,19,50,20,722,"24, GENERAL DE GAULLE (",49.37369,3.33266,Nuit avec éclairage allumé,En agglomération,Intersection en X,Pluie légère,Deux véhicules - côté,,,,,,,,,,,5,2,2,2.0,3
201300004777,0013-03-20 13:39:00,13,3,20,13,39,20,805,"247, avenue de Reims",49.37399,3.3409,Plein jour,En agglomération,Intersection en T,Normale,Deux véhicules - arrière,,,,,,,,,,,1,2,3,1.0,2
201300004778,0013-03-21 15:03:00,13,3,21,15,3,20,722,"92, JEANNE D'ARC ( BOULE",49.37424,3.3255,Plein jour,En agglomération,Intersection en Y,Normale,Deux véhicules - arrière,,,,,,,,,,,1,2,4,1.0,2
201300004779,0013-03-21 16:27:00,13,3,21,16,27,20,722,"52, MENEAU ( RUE DE )",49.3831,3.31608,Plein jour,En agglomération,Intersection en X,Normale,Deux véhicules - côté,,,,,,,,,,,1,2,2,1.0,3
201300004780,0013-04-22 09:22:00,13,4,22,9,22,20,722,"44, COUCY ( AVENUE DE )",49.39038,3.33276,Plein jour,En agglomération,Intersection en T,Normale,Deux véhicules - côté,,,,,,,,,,,1,2,3,1.0,3
201300004781,0013-05-01 05:45:00,13,5,1,5,45,20,243,"62bis, Laon(Route de)",49.40637,3.36586,Crépuscule ou aube,En agglomération,Hors intersection,Normale,Autre collision,,,,,,,,,,,2,2,1,1.0,6
201300004782,0013-05-02 18:00:00,13,5,2,18,0,20,722,CHEVREUX (ROUTE DE ),49.36298,3.31697,Plein jour,En agglomération,Intersection en T,Normale,Autre collision,,,,,,,,,,,1,2,3,1.0,6
201300004783,0013-05-03 19:10:00,13,5,3,19,10,20,722,"51, PARADIS ( RUE DU)",49.38252,3.30903,Plein jour,En agglomération,Intersection en T,Normale,Deux véhicules - côté,,,,,,,,,,,1,2,3,1.0,3
201300004784,0013-05-10 18:30:00,13,5,10,18,30,20,722,"13, PRESLES ( BOULEVARD",49.37522,3.30875,Plein jour,En agglomération,Hors intersection,Normale,Autre collision,,,,,,,,,,,1,2,1,1.0,6
201300004785,0013-05-12 05:35:00,13,5,12,5,35,20,805,"589, REIMS (AVENUE DE )",49.37306,3.34457,Crépuscule ou aube,En agglomération,Hors intersection,Normale,Autre collision,,,,,,,,,,,2,2,1,1.0,6
201300004786,0013-05-22 15:35:00,13,5,22,15,35,20,64,"173 bis, CHATEAU-THIERRY",49.36336,3.32625,Plein jour,En agglomération,Hors intersection,Normale,Autre collision,,,,,,,,,,,1,2,1,1.0,6
201300004787,0013-06-26 07:40:00,13,6,26,7,40,20,805,ROUTE NATIONALE 2,,,Plein jour,Hors agglomération,Hors intersection,Normale,Autre collision,,,,,,,,,,,1,1,1,1.0,6
201300004788,0013-05-31 19:40:00,13,5,31,19,40,20,722,"17, SALVADORE ALLENDE (R",49.36548,3.32502,Plein jour,En agglomération,Hors intersection,Normale,Autre collision,,,,,,,,,,,1,2,1,1.0,6
201300004789,0013-08-23 21:00:00,13,8,23,21,0,20,64,PASTEUR ( RUE ),49.36226,3.3307,Nuit avec éclairage allumé,En agglomération,Intersection en T,Normale,Deux véhicules - frontale,,,,,,,,,,,5,2,3,1.0,1
201300004790,0013-07-04 07:40:00,13,7,4,7,40,20,722,"13, COUCY ( AVENUE DE )",49.38788,3.33271,Plein jour,En agglomération,Intersection en T,Temps éblouissant,Deux véhicules - côté,,,,,,,,,,,1,2,3,7.0,3
201300004791,0013-07-31 10:05:00,13,7,31,10,5,20,722,"14, SAINT-QUENTIN (RUE )",49.38238,3.32846,Plein jour,En agglomération,Hors intersection,Temps couvert,Autre collision,,,,,,,,,,,1,2,1,8.0,6
201300004792,0013-08-05 18:30:00,13,8,5,18,30,20,722,"39, PASLY ( AVENUE DE )",49.38949,3.31277,Plein jour,En agglomération,Intersection en X,Normale,Deux véhicules - côté,,,,,,,,,,,1,2,2,1.0,3
201300004793,0013-09-23 19:15:00,13,9,23,19,15,20,805,av flandres dunkerque,49.37267,3.3661,Crépuscule ou aube,Hors agglomération,Hors intersection,Normale,Deux véhicules - arrière,,,,,,,,,,,2,1,1,1.0,2
201300004794,0013-09-21 05:25:00,13,9,21,5,25,20,243,Laon(Avenue de ),,,Nuit avec éclairage allumé,En agglomération,Intersection en T,Normale,Deux véhicules - côté,,,,,,,,,,,5,2,3,1.0,3
201300004795,0013-09-10 19:30:00,13,9,10,19,30,20,722,JEANNE D'ARC ( BOULEVARD,49.37452,3.32679,Crépuscule ou aube,En agglomération,Hors intersection,Normale,Deux véhicules - arrière,,,,,,,,,,,2,2,1,1.0,2
201300004796,0013-10-09 19:10:00,13,10,9,19,10,20,722,EUROPE ( ROND POINT DE L,49.38196,3.27994,Nuit avec éclairage allumé,En agglomération,Giratoire,Normale,Deux véhicules - côté,,,,,,,,,,,5,2,6,1.0,3
201300004797,0013-10-10 13:25:00,13,10,10,13,25,20,722,"36, PRESIDENT KENNEDY",49.37114,3.31337,Plein jour,En agglomération,Intersection en X,Pluie forte,Deux véhicules - frontale,,,,,,,,,,,1,2,2,3.0,1
201300004798,0013-10-20 09:15:00,13,10,20,9,15,20,722,"19, MARECHAL DE LATTRE (",49.38909,3.32589,Plein jour,En agglomération,Intersection en X,Pluie légère,Deux véhicules - côté,,,,,,,,,,,1,2,2,2.0,3
201300004799,0013-10-20 04:50:00,13,10,20,4,50,20,722,"11, PAUL DEVAUCHELLE",49.38995,3.32518,Nuit avec éclairage allumé,En agglomération,Hors intersection,Pluie légère,Autre collision,,,,,,,,,,,5,2,1,2.0,6
201300004800,0013-10-25 09:49:00,13,10,25,9,49,20,722,SAINT-JUST (RUE),49.38816,3.31715,Plein jour,En agglomération,Intersection en X,Normale,Deux véhicules - côté,,,,,,,,,,,1,2,2,1.0,3
201300004801,0013-11-20 19:40:00,13,11,20,19,40,20,722,"21, ALEXANDRE DUMAS (BOU",49.38696,3.3218,Nuit avec éclairage allumé,En agglomération,Intersection en X,Pluie légère,Deux véhicules - côté,,,,,,,,,,,5,2,2,2.0,3
201300004802,0013-10-29 18:15:00,13,10,29,18,15,20,722,LAON ( AVENUE DE ),49.39771,3.35056,Nuit avec éclairage allumé,En agglomération,Intersection en Y,Normale,Deux véhicules - côté,,,,,,,,,,,5,2,4,1.0,3
201300004803,0013-12-06 18:10:00,13,12,6,18,10,20,722,"9, VILLENEUVE ( RUE DE )",49.37021,3.33932,Nuit avec éclairage allumé,En agglomération,Hors intersection,Pluie légère,Deux véhicules - côté,,,,,,,,,,,5,2,1,2.0,3
201300004804,0013-12-07 17:25:00,13,12,7,17,25,20,722,"5, MARCEL PAUL ( RUE )",49.36747,3.31529,Nuit avec éclairage allumé,En agglomération,Giratoire,Temps couvert,Autre collision,,,,,,,,,,,5,2,6,8.0,6
201300004805,0013-12-13 23:30:00,13,12,13,23,30,20,131,ROUTE NATIONALE 2,,,Nuit sans éclairage public,Hors agglomération,Hors intersection,Pluie forte,Deux véhicules - frontale,,,,,,,,,,,3,1,1,3.0,1
201300004806,0013-12-15 21:20:00,13,12,15,21,20,20,805,ROUTE NATIONALE 2,,,Nuit sans éclairage public,Hors agglomération,Hors intersection,Normale,Deux véhicules - frontale,,,,,,,,,,,3,1,1,1.0,1
201300004807,0013-12-17 23:10:00,13,12,17,23,10,20,805,", REIMS Avenue de",49.37434,3.33964,Nuit avec éclairage allumé,En agglomération,Intersection en X,Normale,Deux véhicules - côté,,,,,,,,,,,5,2,2,1.0,3
201300004808,0013-08-30 16:15:00,13,8,30,16,15,20,722,"4, MATIGNY ( RUE )",49.38314,3.32385,Plein jour,En agglomération,Hors intersection,Normale,Autre collision,,,,,,,,,,,1,2,1,1.0,6
201300004809,0013-01-14 18:15:00,13,1,14,18,15,380,150,R CH DE GAULLE/AV GARE,45.2016,5.83827,Nuit avec éclairage allumé,En agglomération,Intersection en X,Pluie légère,Autre collision,,,,,,,,,,,5,2,2,2.0,6
201300004810,0013-03-12 13:30:00,13,3,12,13,30,380,150,RUE ALPES,,,Plein jour,En agglomération,Hors intersection,Normale,Deux véhicules - frontale,,,,,,,,,,,1,2,1,1.0,1
201300004811,0013-04-13 18:00:00,13,4,13,18,0,380,150,,,,Plein jour,Hors agglomération,Hors intersection,Normale,Autre collision,,,,,,,,,,,1,1,1,1.0,6
201300004812,0013-10-14 17:45:00,13,10,14,17,45,380,422,ROUTE DE CHAMROUSSE,,,Plein jour,En agglomération,Hors intersection,Normale,Deux véhicules - frontale,,,,,,,,,,,1,2,1,1.0,1
201300004813,0013-11-06 17:30:00,13,11,6,17,30,380,422,route d'uriage,45.146,5.834,Crépuscule ou aube,En agglomération,Hors intersection,Normale,Deux véhicules - frontale,,,,,,,,,,,2,2,1,1.0,1
201300004814,0013-05-27 12:30:00,13,5,27,12,30,380,158,avenue Jean Jaures,,,Plein jour,En agglomération,Intersection en X,Normale,Deux véhicules - côté,,,,,,,,,,,1,2,2,1.0,3
201300004815,0013-06-08 20:15:00,13,6,8,20,15,380,317,,,,Plein jour,Hors agglomération,Hors intersection,Pluie légère,Deux véhicules - frontale,,,,,,,,,,,1,1,1,2.0,1
201300004816,0013-06-15 17:15:00,13,6,15,17,15,380,317,,,,Plein jour,En agglomération,Hors intersection,Normale,Deux véhicules - frontale,,,,,,,,,,,1,2,1,1.0,1
201300004817,0013-02-12 20:45:00,13,2,12,20,45,380,75,RTE GRESIVAUDAN/AV GRENO,45.459,5.99749,Nuit avec éclairage allumé,Hors agglomération,Intersection en Y,Normale,Deux véhicules - côté,,,,,,,,,,,5,1,4,1.0,3
201300004818,0013-03-02 20:15:00,13,3,2,20,15,380,75,,,,Nuit sans éclairage public,Hors agglomération,Hors intersection,Normale,Deux véhicules - frontale,,,,,,,,,,,3,1,1,1.0,1
201300004819,0013-03-12 18:45:00,13,3,12,18,45,380,314,"488, avenue de la gare",45.437,6.015,Crépuscule ou aube,En agglomération,Hors intersection,Normale,Deux véhicules - arrière,,,,,,,,,,,2,2,1,1.0,2
201300004820,0013-04-06 17:30:00,13,4,6,17,30,380,314,CD 523,,,Plein jour,En agglomération,Giratoire,Normale,Sans collision,,,,,,,,,,,1,2,6,1.0,7
201300004821,0013-04-19 12:30:00,13,4,19,12,30,380,314,,,,Plein jour,Hors agglomération,Hors intersection,Pluie forte,Autre collision,,,,,,,,,,,1,1,1,3.0,6
201300004822,0013-05-09 02:15:00,13,5,9,2,15,380,6,,45.4124,6.09,Nuit sans éclairage public,Hors agglomération,Hors intersection,Normale,Autre collision,,,,,,,,,,,3,1,1,1.0,6
201300004823,0013-06-15 10:30:00,13,6,15,10,30,380,27,all?e de beauregard,,,Plein jour,En agglomération,Hors intersection,Normale,Sans collision,,,,,,,,,,,1,2,1,1.0,7
201300004824,0013-06-30 01:45:00,13,6,30,1,45,380,314,lieu dit villard benoit,,,Nuit sans éclairage public,En agglomération,Hors intersection,Pluie légère,Sans collision,,,,,,,,,,,3,2,1,2.0,7
201300004825,0013-07-12 07:00:00,13,7,12,7,0,380,439,,,,Plein jour,Hors agglomération,Hors intersection,Normale,Autre collision,,,,,,,,,,,1,1,1,1.0,6
201300004826,0013-07-17 12:00:00,13,7,17,12,0,380,6,RD109,,,Plein jour,En agglomération,Autre intersection,Normale,Deux véhicules - côté,,,,,,,,,,,1,2,9,1.0,3
201300004827,0013-08-02 11:45:00,13,8,2,11,45,380,314,"930, avenue Champollion",,,Plein jour,En agglomération,Hors intersection,Normale,Deux véhicules - côté,,,,,,,,,,,1,2,1,1.0,3
201300004828,0013-08-21 16:45:00,13,8,21,16,45,380,27,,,,Plein jour,Hors agglomération,Hors intersection,Normale,Deux véhicules - frontale,,,,,,,,,,,1,1,1,1.0,1
201300004829,0013-09-13 21:15:00,13,9,13,21,15,380,439,,,,Nuit sans éclairage public,Hors agglomération,Hors intersection,Normale,Sans collision,,,,,,,,,,,3,1,1,1.0,7
201300004830,0013-03-22 16:45:00,13,3,22,16,45,380,382,15 rue des Glaireaux,,,Plein jour,En agglomération,Hors intersection,Normale,Deux véhicules - côté,,,,,,,,,,,1,2,1,1.0,3
201300004831,0013-07-02 16:30:00,13,7,2,16,30,380,382,Rue de l'Is?re,45.23,5.678,Plein jour,En agglomération,Hors intersection,Normale,Sans collision,,,,,,,,,,,1,2,1,1.0,7
201300004832,0013-04-25 20:15:00,13,4,25,20,15,380,442,,,,Crépuscule ou aube,Hors agglomération,Hors intersection,Normale,Sans collision,,,,,,,,,,,2,1,1,1.0,7
201300004833,0013-05-09 19:00:00,13,5,9,19,0,380,405,,,,Crépuscule ou aube,Hors agglomération,Hors intersection,Temps couvert,Deux véhicules - frontale,,,,,,,,,,,2,1,1,8.0,1
201300004834,0013-06-21 14:45:00,13,6,21,14,45,380,442,,,,Crépuscule ou aube,Hors agglomération,Hors intersection,Normale,Sans collision,,,,,,,,,,,2,1,1,1.0,7
201300004835,0013-06-22 15:15:00,13,6,22,15,15,380,446,,,,Plein jour,Hors agglomération,Hors intersection,Normale,Sans collision,,,,,,,,,,,1,1,1,1.0,7
201300004836,0013-06-25 20:00:00,13,6,25,20,0,380,412,RD 28 Rue Jules Ferry,,,Plein jour,En agglomération,Intersection en X,Normale,Deux véhicules - côté,,,,,,,,,,,1,2,2,1.0,3
201300004837,0013-08-05 18:00:00,13,8,5,18,0,380,405,,,,Plein jour,Hors agglomération,Hors intersection,Normale,Autre collision,,,,,,,,,,,1,1,1,1.0,6
201300004838,0013-09-04 15:00:00,13,9,4,15,0,380,155,,,,Plein jour,Hors agglomération,Hors intersection,Normale,Deux véhicules - côté,,,,,,,,,,,1,1,1,1.0,3
201300004839,0013-09-10 16:30:00,13,9,10,16,30,380,376,,,,Plein jour,Hors agglomération,Hors intersection,Normale,Autre collision,,,,,,,,,,,1,1,1,1.0,6
201300004840,0013-10-08 20:30:00,13,10,8,20,30,380,412,,,,Plein jour,Hors agglomération,Hors intersection,Temps couvert,Deux véhicules - arrière,,,,,,,,,,,1,1,1,8.0,2
201300004841,0013-12-30 16:30:00,13,12,30,16,30,380,446,LE GRAND CHENEVEY,45.3953,5.85546,Plein jour,Hors agglomération,Hors intersection,Temps couvert,Autre collision,,,,,,,,,,,1,1,1,8.0,6
201300004842,0013-05-07 21:15:00,13,5,7,21,15,380,281,chemin de pra paris,,,Nuit sans éclairage public,En agglomération,Hors intersection,Normale,Sans collision,,,,,,,,,,,3,2,1,1.0,7
201300004843,0013-06-07 16:00:00,13,6,7,16,0,380,153,,45.202,5.629,Plein jour,Hors agglomération,Hors intersection,Normale,Autre collision,,,,,,,,,,,1,1,1,1.0,6
201300004844,0013-07-12 20:15:00,13,7,12,20,15,380,474,,,,Plein jour,Hors agglomération,Hors intersection,Normale,Deux véhicules - frontale,,,,,,,,,,,1,1,1,1.0,1
201300004845,0013-09-18 12:30:00,13,9,18,12,30,380,474,SASSENAGE,,,Plein jour,En agglomération,Place,Normale,Autre collision,,,,,,,,,,,1,2,7,1.0,6
201300004846,0013-09-23 09:45:00,13,9,23,9,45,380,474,,,,Plein jour,Hors agglomération,Hors intersection,Normale,Deux véhicules - côté,,,,,,,,,,,1,1,1,1.0,3
201300004847,0013-09-26 07:45:00,13,9,26,7,45,380,474,rue Vinay/Billery,45.211,5.673,Plein jour,En agglomération,Intersection en X,Normale,Deux véhicules - côté,,,,,,,,,,,1,2,2,1.0,3
201300004848,0013-12-05 18:15:00,13,12,5,18,15,380,540,,,,Nuit sans éclairage public,Hors agglomération,Hors intersection,Normale,Deux véhicules - frontale,,,,,,,,,,,3,1,1,1.0,1
201300004849,0013-01-04 08:15:00,13,1,4,8,15,380,504,LE BOUQUEYRON,45.3043,5.99841,Plein jour,En agglomération,Hors intersection,Normale,Sans collision,,,,,,,,,,,1,2,1,1.0,7
201300004850,0013-04-04 16:45:00,13,4,4,16,45,380,511,,,,Plein jour,Hors agglomération,Hors intersection,Normale,Deux véhicules - côté,,,,,,,,,,,1,1,1,1.0,3
201300004851,0013-07-14 23:00:00,13,7,14,23,0,380,262,,,,Nuit sans éclairage public,Hors agglomération,Hors intersection,Normale,Trois véhicules et plus - collisions multiples,,,,,,,,,,,3,1,1,1.0,5
201300004852,0013-07-21 15:00:00,13,7,21,15,0,380,511,,,,Plein jour,Hors agglomération,Hors intersection,Normale,Deux véhicules - arrière,,,,,,,,,,,1,1,1,1.0,2
201300004853,0013-09-04 09:30:00,13,9,4,9,30,380,303,,,,Plein jour,Hors agglomération,Hors intersection,Normale,Autre collision,,,,,,,,,,,1,1,1,1.0,6
201300004854,0013-11-02 06:30:00,13,11,2,6,30,380,100,,,,Crépuscule ou aube,En agglomération,Hors intersection,Pluie forte,Deux véhicules - frontale,,,,,,,,,,,2,2,1,3.0,1
201300004855,0013-11-02 18:45:00,13,11,2,18,45,380,181,,,,Nuit sans éclairage public,Hors agglomération,Hors intersection,Pluie légère,Deux véhicules - arrière,,,,,,,,,,,3,1,1,2.0,2
201300004856,0013-03-07 15:30:00,13,3,7,15,30,380,524,,,,Plein jour,Hors agglomération,Hors intersection,Normale,Autre collision,,,,,,,,,,,1,1,1,1.0,6
201300004857,0013-05-31 12:45:00,13,5,31,12,45,380,545,,,,Plein jour,Hors agglomération,Hors intersection,Normale,Trois véhicules et plus - en chaîne,,,,,,,,,,,1,1,1,1.0,4
201300004858,0013-06-15 02:15:00,13,6,15,2,15,380,545,boulevard FAIDHERBE,,,Nuit avec éclairage allumé,En agglomération,Hors intersection,Normale,Autre collision,,,,,,,,,,,5,2,1,1.0,6
201300004859,0013-01-07 18:15:00,13,1,7,18,15,380,21,RTE DE MEAUDRE,45.1655,5.5336,Nuit sans éclairage public,Hors agglomération,Hors intersection,Normale,Deux véhicules - frontale,,,,,,,,,,,3,1,1,1.0,1
201300004860,0013-01-28 06:45:00,13,1,28,6,45,380,548,,,,Crépuscule ou aube,Hors agglomération,Hors intersection,Normale,Deux véhicules - frontale,,,,,,,,,,,2,1,1,1.0,1
201300004861,0013-09-16 01:45:00,13,9,16,1,45,380,548,,,,Nuit sans éclairage public,Hors agglomération,Hors intersection,Temps couvert,Autre collision,,,,,,,,,,,3,1,1,8.0,6
201300004862,0013-02-07 12:15:00,13,2,7,12,15,20,59,MOULIN (RUE DU),49.64679,3.35265,Plein jour,Hors agglomération,Intersection en X,Normale,Trois véhicules et plus - collisions multiples,,,,,,,,,,,1,1,2,1.0,5
201300004863,0013-02-15 10:10:00,13,2,15,10,10,20,738,70 bd gambetta,49.65327,3.29009,Plein jour,En agglomération,Hors intersection,Normale,Autre collision,,,,,,,,,,,1,2,1,1.0,6
201300004864,0013-02-22 23:45:00,13,2,22,23,45,20,165,ront point,49.64502,3.39533,Nuit sans éclairage public,Hors agglomération,Hors intersection,Normale,Deux véhicules - frontale,,,,,,,,,,,3,1,1,1.0,1
201300004865,0013-02-23 17:30:00,13,2,23,17,30,20,165,"1, LAON (ROUTE DE)",49.65812,3.38326,Plein jour,Hors agglomération,Intersection en Y,Temps couvert,Deux véhicules - arrière,,,,,,,,,,,1,1,4,8.0,2
201300004866,0013-03-05 10:50:00,13,3,5,10,50,20,738,"217, GAMBETTA (BOULEVARD",49.65041,3.27967,Plein jour,En agglomération,Hors intersection,Normale,Autre collision,,,,,,,,,,,1,2,1,1.0,6
201300004867,0013-03-22 16:05:00,13,3,22,16,5,20,738,"87, GAMBETTA (BOULEVARD)",49.65316,3.28977,Plein jour,En agglomération,Hors intersection,Normale,Autre collision,,,,,,,,,,,1,2,1,1.0,6
201300004868,0013-03-22 14:50:00,13,3,22,14,50,20,738,"01, REPOS (ALLEE DU)",49.65908,3.27574,Plein jour,En agglomération,Intersection en T,Normale,Autre collision,,,,,,,,,,,1,2,3,1.0,6
201300004869,0013-04-06 12:20:00,13,4,6,12,20,20,738,PLACE LIONEL LEFEVRE,49.65923,3.29746,Plein jour,En agglomération,Hors intersection,Normale,Autre collision,,,,,,,,,,,1,2,1,1.0,6
201300004870,0013-05-17 20:50:00,13,5,17,20,50,20,738,"37, GRASSE",49.6526,3.27952,Plein jour,En agglomération,Hors intersection,Normale,Deux véhicules - côté,,,,,,,,,,,1,2,1,1.0,3
201300004871,0013-05-21 07:40:00,13,5,21,7,40,20,738,RN 32,49.66738,3.26453,Plein jour,Hors agglomération,Hors intersection,Normale,Deux véhicules - frontale,,,,,,,,,,,1,1,1,1.0,1
201300004872,0013-05-22 14:35:00,13,5,22,14,35,20,738,rue J.Jaurès (Fargniers),49.65672,3.30345,Plein jour,En agglomération,Hors intersection,Normale,Autre collision,,,,,,,,,,,1,2,1,1.0,6