accident_id,datetime,annee,mois,jour,heure,minute,departement,commune_insee,adresse,latitude,longitude,luminosite,agglomeration,intersection,meteo,collision,nb_vehicules,nb_usagers,nb_indemnes,nb_tues,nb_blesses_hosp,nb_blesses_legers,age_cond_1,age_cond_2,veh_type_cond_1,veh_type_cond_2,lum_code,agg_code,int_code,atm_code,col_code
201300005268,0013-01-11 17:15:00,13,1,11,17,15,740,2,,,,Nuit sans éclairage public,Hors agglomération,Hors intersection,Pluie légère,Autre collision,,,,,,,,,,,3,1,1,2.0,6
201300005269,0013-07-11 20:45:00,13,7,11,20,45,740,117,ROUTE D'ETERCY,45.901,5.996,Crépuscule ou aube,Hors agglomération,Hors intersection,Normale,Autre collision,,,,,,,,,,,2,1,1,1.0,6
201300005270,0013-07-21 03:15:00,13,7,21,3,15,740,142,LA VOITURAZ,,,Nuit avec éclairage non allumé,Hors agglomération,Hors intersection,Normale,Autre collision,,,,,,,,,,,4,1,1,1.0,6
201300005271,0013-10-05 03:00:00,13,10,5,3,0,740,289,,,,Nuit sans éclairage public,Hors agglomération,Hors intersection,Pluie forte,Sans collision,,,,,,,,,,,3,1,1,3.0,7
201300005272,0013-10-12 14:45:00,13,10,12,14,45,740,225,BOULEVARD DE L'EUROPE,,,Plein jour,En agglomération,Hors intersection,Pluie légère,Deux véhicules - côté,,,,,,,,,,,1,2,1,2.0,3
201300005273,0013-10-17 18:00:00,13,10,17,18,0,740,225,11 RUE RENE CASSIN,,,Plein jour,En agglomération,Hors intersection,Normale,Deux véhicules - côté,,,,,,,,,,,1,2,1,1.0,3
201300005274,0013-12-08 10:30:00,13,12,8,10,30,740,255,,,,Plein jour,Hors agglomération,Hors intersection,Normale,Autre collision,,,,,,,,,,,1,1,1,1.0,6
201300005275,0013-10-31 00:30:00,13,10,31,0,30,740,280,LE GRAND BORNAND,,,Nuit avec éclairage allumé,En agglomération,Hors intersection,Normale,Autre collision,,,,,,,,,,,5,2,1,1.0,6
201300005276,0013-11-24 01:30:00,13,11,24,1,30,740,80,,,,Nuit sans éclairage public,En agglomération,Hors intersection,Normale,Autre collision,,,,,,,,,,,3,2,1,1.0,6
201300005277,0013-02-09 01:00:00,13,2,9,1,0,740,42,,,,Nuit avec éclairage allumé,Hors agglomération,Hors intersection,Temps couvert,Deux véhicules - arrière,,,,,,,,,,,5,1,1,8.0,2
201300005278,0013-04-02 17:15:00,13,4,2,17,15,740,212,CD 12 - Tour du Bargy,,,Plein jour,En agglomération,Hors intersection,Normale,Deux véhicules - frontale,,,,,,,,,,,1,2,1,1.0,1
201300005279,0013-04-27 18:30:00,13,4,27,18,30,740,42,,,,Plein jour,Hors agglomération,Hors intersection,Pluie forte,Autre collision,,,,,,,,,,,1,1,1,3.0,6
201300005280,0013-05-16 14:15:00,13,5,16,14,15,740,42,,46.117,6.36,Plein jour,Hors agglomération,Hors intersection,Normale,Sans collision,,,,,,,,,,,1,1,1,1.0,7
201300005281,0013-05-17 11:00:00,13,5,17,11,0,740,42,,46.078,6.417,Plein jour,Hors agglomération,Hors intersection,Temps couvert,Deux véhicules - arrière,,,,,,,,,,,1,1,1,8.0,2
201300005282,0013-06-13 12:30:00,13,6,13,12,30,740,42,,,,Plein jour,Hors agglomération,Hors intersection,Normale,Deux véhicules - frontale,,,,,,,,,,,1,1,1,1.0,1
201300005283,0013-06-21 18:45:00,13,6,21,18,45,740,42,2 AVENUE DES GLIERES,,,Plein jour,En agglomération,Hors intersection,Normale,Autre collision,,,,,,,,,,,1,2,1,1.0,6
201300005284,0013-07-12 11:30:00,13,7,12,11,30,740,42,ROND POINT IUFM,46.085,6.396,Plein jour,En agglomération,Giratoire,Normale,Deux véhicules - côté,,,,,,,,,,,1,2,6,1.0,3
201300005285,0013-07-20 15:30:00,13,7,20,15,30,740,42,,,,Plein jour,Hors agglomération,Hors intersection,Normale,Autre collision,,,,,,,,,,,1,1,1,1.0,6
201300005286,0013-07-20 21:15:00,13,7,20,21,15,740,87,RD 1205 / BLANCHARD,,,Crépuscule ou aube,En agglomération,Intersection en T,Normale,Deux véhicules - côté,,,,,,,,,,,2,2,3,1.0,3
201300005287,0013-08-14 11:45:00,13,8,14,11,45,740,212,LA VILLE,45.969,6.386,Plein jour,Hors agglomération,Hors intersection,Normale,Deux véhicules - côté,,,,,,,,,,,1,1,1,1.0,3
201300005288,0013-10-02 21:00:00,13,10,2,21,0,740,24,,,,Nuit avec éclairage allumé,Hors agglomération,Hors intersection,Normale,Deux véhicules - côté,,,,,,,,,,,5,1,1,1.0,3
201300005289,0013-10-15 22:45:00,13,10,15,22,45,740,42,78 AVENUE DE PONTCHY,,,Nuit avec éclairage allumé,En agglomération,Hors intersection,Pluie légère,Deux véhicules - arrière,,,,,,,,,,,5,2,1,2.0,2
201300005290,0013-11-10 11:00:00,13,11,10,11,0,740,42,PLACE DE L'HOTEL DE VILL,46.084,6.407,Plein jour,En agglomération,Hors intersection,Normale,Autre collision,,,,,,,,,,,1,2,1,1.0,6
201300005291,0013-06-30 15:00:00,13,6,30,15,0,740,56,,,,Plein jour,Hors agglomération,Hors intersection,Normale,Sans collision,,,,,,,,,,,1,1,1,1.0,7
201300005292,0013-07-07 22:45:00,13,7,7,22,45,740,56,CHEMIN DES TISSIERES,,,Nuit sans éclairage public,Hors agglomération,Hors intersection,Normale,Deux véhicules - côté,,,,,,,,,,,3,1,1,1.0,3
201300005293,0013-08-05 10:15:00,13,8,5,10,15,740,56,909  ROUTE DES PELERINS,,,Plein jour,En agglomération,Hors intersection,Normale,Autre collision,,,,,,,,,,,1,2,1,1.0,6
201300005294,0013-10-02 16:00:00,13,10,2,16,0,740,290,LES LIERRES,,,Plein jour,En agglomération,Hors intersection,Normale,Autre collision,,,,,,,,,,,1,2,1,1.0,6
201300005295,0013-11-05 19:15:00,13,11,5,19,15,740,56,ALLEE RECTEUR PAYOT,,,Nuit avec éclairage allumé,En agglomération,Hors intersection,Pluie légère,Autre collision,,,,,,,,,,,5,2,1,2.0,6
201300005296,0013-01-25 10:30:00,13,1,25,10,30,740,83,ROUTE DE LA BARME,,,Plein jour,Hors agglomération,Hors intersection,Normale,Autre collision,,,,,,,,,,,1,1,1,1.0,6
201300005297,0013-04-01 08:50:00,13,4,1,8,50,740,215,route de megeve,,,Plein jour,En agglomération,Hors intersection,Normale,Deux véhicules - côté,,,,,,,,,,,1,2,1,1.0,3
201300005298,0013-07-08 19:00:00,13,7,8,19,0,740,236,CHEMIN DES CHEVREUILS,,,Plein jour,Hors agglomération,Hors intersection,Pluie forte,Sans collision,,,,,,,,,,,1,1,1,3.0,7
201300005299,0013-10-17 18:30:00,13,10,17,18,30,740,236,,,,Crépuscule ou aube,Hors agglomération,Hors intersection,Autre,Deux véhicules - frontale,,,,,,,,,,,2,1,1,9.0,1
201300005300,0013-12-18 13:15:00,13,12,18,13,15,740,173,721 Route Nationale,,,Plein jour,En agglomération,Hors intersection,Normale,Deux véhicules - arrière,,,,,,,,,,,1,2,1,1.0,2
201300005301,0013-02-16 22:00:00,13,2,16,22,0,740,7,,,,Nuit avec éclairage allumé,Hors agglomération,Hors intersection,Normale,Deux véhicules - frontale,,,,,,,,,,,5,1,1,1.0,1
201300005302,0013-02-18 16:30:00,13,2,18,16,30,740,224,Rond point candello,,,Plein jour,En agglomération,Giratoire,Normale,Autre collision,,,,,,,,,,,1,2,6,1.0,6
201300005303,0013-03-16 04:15:00,13,3,16,4,15,740,250,,,,Nuit sans éclairage public,Hors agglomération,Intersection en T,Normale,Trois véhicules et plus - collisions multiples,,,,,,,,,,,3,1,3,1.0,5
201300005304,0013-04-17 09:00:00,13,4,17,9,0,740,224,Avenue de la Gare,,,Plein jour,En agglomération,Hors intersection,Normale,Autre collision,,,,,,,,,,,1,2,1,1.0,6
201300005305,0013-06-18 09:00:00,13,6,18,9,0,740,7,Route de Bonneville,,,Plein jour,Hors agglomération,Hors intersection,Normale,Deux véhicules - côté,,,,,,,,,,,1,1,1,1.0,3
201300005306,0013-06-22 20:00:00,13,6,22,20,0,740,250,476 rue de Blansin,,,Plein jour,En agglomération,Hors intersection,Normale,Deux véhicules - côté,,,,,,,,,,,1,2,1,1.0,3
201300005307,0013-06-21 18:30:00,13,6,21,18,30,740,224,FBG ST MARTIN/BERGERIE,,,Plein jour,En agglomération,Intersection en T,Normale,Deux véhicules - frontale,,,,,,,,,,,1,2,3,1.0,1
201300005308,0013-07-20 16:00:00,13,7,20,16,0,740,244,ROUTE ANCIENNE POSTE,,,Plein jour,En agglomération,Intersection en T,Normale,Deux véhicules - côté,,,,,,,,,,,1,2,3,1.0,3
201300005309,0013-11-19 09:30:00,13,11,19,9,30,740,250,1101 rue des crets,,,Plein jour,En agglomération,Hors intersection,Temps couvert,Deux véhicules - côté,,,,,,,,,,,1,2,1,8.0,3
201300005310,0013-05-02 14:30:00,13,5,2,14,30,740,256,carrefour de l'Europe,,,Plein jour,En agglomération,Giratoire,Normale,Deux véhicules - frontale,,,,,,,,,,,1,2,6,1.0,1
201300005311,0013-06-14 17:15:00,13,6,14,17,15,740,256,AVENUE ALBERT GRUFFAT,,,Plein jour,En agglomération,Hors intersection,Normale,Deux véhicules - frontale,,,,,,,,,,,1,2,1,1.0,1
201300005312,0013-06-22 09:45:00,13,6,22,9,45,740,256,1420 AV ANDRE LASQUI,,,Plein jour,En agglomération,Autre intersection,Normale,Deux véhicules - côté,,,,,,,,,,,1,2,9,1.0,3
201300005313,0013-08-21 15:15:00,13,8,21,15,15,740,256,RUE DES ANCIENS COM AFDN,,,Plein jour,En agglomération,Intersection en T,Normale,Deux véhicules - côté,,,,,,,,,,,1,2,3,1.0,3
201300005314,0013-09-08 20:15:00,13,9,8,20,15,740,256,,,,Nuit avec éclairage allumé,Hors agglomération,Giratoire,Pluie forte,Deux véhicules - frontale,,,,,,,,,,,5,1,6,3.0,1
201300005315,0013-11-27 12:45:00,13,11,27,12,45,740,208,,,,Plein jour,Hors agglomération,Hors intersection,Normale,Deux véhicules - frontale,,,,,,,,,,,1,1,1,1.0,1
201300005316,0013-12-23 14:00:00,13,12,23,14,0,740,256,ANCIENNE ROUTE IMPERIALE,,,Plein jour,En agglomération,Hors intersection,Normale,Deux véhicules - arrière,,,,,,,,,,,1,2,1,1.0,2
201300005317,0013-03-18 12:30:00,13,3,18,12,30,740,183,,46.121,6.552,Plein jour,Hors agglomération,Hors intersection,Pluie légère,Sans collision,,,,,,,,,,,1,1,1,2.0,7
201300005318,0013-04-08 21:15:00,13,4,8,21,15,740,276,,46.103,6.648,Nuit sans éclairage public,Hors agglomération,Hors intersection,Normale,Deux véhicules - arrière,,,,,,,,,,,3,1,1,1.0,2
201300005319,0013-06-15 14:15:00,13,6,15,14,15,740,276,,46.128,6.623,Plein jour,Hors agglomération,Hors intersection,Normale,Deux véhicules - frontale,,,,,,,,,,,1,1,1,1.0,1
201300005320,0013-06-29 18:15:00,13,6,29,18,15,740,223,,46.109,6.623,Plein jour,Hors agglomération,Hors intersection,Pluie forte,Trois véhicules et plus - collisions multiples,,,,,,,,,,,1,1,1,3.0,5
201300005321,0013-07-12 16:30:00,13,7,12,16,30,740,183,,46.172,6.496,Plein jour,Hors agglomération,Hors intersection,Normale,Deux véhicules - frontale,,,,,,,,,,,1,1,1,1.0,1
201300005322,0013-08-24 05:00:00,13,8,24,5,0,740,276,,46.126,6.62,Nuit sans éclairage public,Hors agglomération,Hors intersection,Normale,Autre collision,,,,,,,,,,,3,1,1,1.0,6
201300005323,0013-08-23 17:00:00,13,8,23,17,0,740,183,,46.116,6.557,Plein jour,Hors agglomération,Hors intersection,Normale,Sans collision,,,,,,,,,,,1,1,1,1.0,7
201300005324,0013-08-26 19:45:00,13,8,26,19,45,740,273,,46.062,6.752,Plein jour,Hors agglomération,Hors intersection,Normale,Sans collision,,,,,,,,,,,1,1,1,1.0,7
201300005325,0013-01-07 23:45:00,13,1,7,23,45,740,243,avenue louis armand,46.145,6.081,Nuit avec éclairage allumé,En agglomération,Intersection en X,Normale,Autre collision,,,,,,,,,,,5,2,2,1.0,6
201300005326,0013-10-06 12:15:00,13,10,6,12,15,740,243,,,,Plein jour,En agglomération,Intersection en X,Normale,Deux véhicules - côté,,,,,,,,,,,1,2,2,1.0,3
201300005327,0013-10-04 07:15:00,13,10,4,7,15,740,243,,46.147,6.107,Crépuscule ou aube,Hors agglomération,Intersection en T,Pluie forte,Deux véhicules - côté,,,,,,,,,,,2,1,3,3.0,3
201300005328,0013-10-21 15:30:00,13,10,21,15,30,740,201,chemin rural de  Creuse,46.125,6.102,Plein jour,En agglomération,Hors intersection,Normale,Sans collision,,,,,,,,,,,1,2,1,1.0,7
201300005329,0013-02-18 09:15:00,13,2,18,9,15,740,21,,,,Plein jour,En agglomération,Intersection en T,Normale,Deux véhicules - côté,,,,,,,,,,,1,2,3,1.0,3
201300005330,0013-04-21 07:30:00,13,4,21,7,30,740,94,,,,Plein jour,Hors agglomération,Hors intersection,Normale,Deux véhicules - frontale,,,,,,,,,,,1,1,1,1.0,1
201300005331,0013-07-03 15:15:00,13,7,3,15,15,740,128,PONT DE FILLINGES,,,Plein jour,En agglomération,Hors intersection,Temps couvert,Deux véhicules - côté,,,,,,,,,,,1,2,1,8.0,3
201300005332,0013-07-08 11:45:00,13,7,8,11,45,740,220,,,,Plein jour,Hors agglomération,Hors intersection,Normale,Sans collision,,,,,,,,,,,1,1,1,1.0,7
201300005333,0013-07-25 08:15:00,13,7,25,8,15,740,229,,,,Crépuscule ou aube,Hors agglomération,Hors intersection,Normale,Deux véhicules - frontale,,,,,,,,,,,2,1,1,1.0,1
201300005334,0013-07-28 02:30:00,13,7,28,2,30,740,94,,,,Nuit sans éclairage public,Hors agglomération,Hors intersection,Normale,Deux véhicules - frontale,,,,,,,,,,,3,1,1,1.0,1
201300005335,0013-08-02 00:45:00,13,8,2,0,45,740,15,456 ROUTE CHEZ LE MAGNIN,,,Nuit sans éclairage public,Hors agglomération,Intersection en T,Normale,Deux véhicules - côté,,,,,,,,,,,3,1,3,1.0,3
201300005336,0013-09-20 16:00:00,13,9,20,16,0,740,220,IMPASSE DU BREVENT,,,Plein jour,En agglomération,Intersection en T,Normale,Autre collision,,,,,,,,,,,1,2,3,1.0,6
201300005337,0013-11-20 06:45:00,13,11,20,6,45,740,211,,,,Nuit sans éclairage public,Hors agglomération,Hors intersection,Neige / grêle,Autre collision,,,,,,,,,,,3,1,1,4.0,6
201300005338,0013-11-29 22:45:00,13,11,29,22,45,740,211,1951 ROUTE D'ARBUSIGNY,,,Nuit sans éclairage public,Hors agglomération,Hors intersection,Normale,Autre collision,,,,,,,,,,,3,1,1,1.0,6
201300005339,0013-12-01 05:00:00,13,12,1,5,0,740,94,,,,Nuit sans éclairage public,Hors agglomération,Hors intersection,Normale,Deux véhicules - arrière,,,,,,,,,,,3,1,1,1.0,2
201300005340,0013-01-10 09:15:00,13,1,10,9,15,740,9,,,,Plein jour,Hors agglomération,Hors intersection,Brouillard / fumée,Deux véhicules - côté,,,,,,,,,,,1,1,1,5.0,3
201300005341,0013-06-19 17:45:00,13,6,19,17,45,740,52,,46.077,6.027,Plein jour,En agglomération,Hors intersection,Normale,Deux véhicules - côté,,,,,,,,,,,1,2,1,1.0,3
201300005342,0013-07-17 15:00:00,13,7,17,15,0,740,309,,,,Plein jour,Hors agglomération,Hors intersection,Normale,Trois véhicules et plus - collisions multiples,,,,,,,,,,,1,1,1,1.0,5
201300005343,0013-08-27 12:00:00,13,8,27,12,0,740,314,,,,Plein jour,En agglomération,Hors intersection,Normale,Autre collision,,,,,,,,,,,1,2,1,1.0,6
201300005344,0013-10-15 06:45:00,13,10,15,6,45,740,309,,46.146,6.009,Crépuscule ou aube,Hors agglomération,Hors intersection,Normale,Deux véhicules - frontale,,,,,,,,,,,2,1,1,1.0,1
201300005345,0013-10-12 22:15:00,13,10,12,22,15,740,69,,,,Nuit avec éclairage allumé,Hors agglomération,Intersection en X,Pluie forte,Deux véhicules - côté,,,,,,,,,,,5,1,2,3.0,3
201300005346,0013-10-28 17:45:00,13,10,28,17,45,740,309,,,,Plein jour,Hors agglomération,Hors intersection,Normale,Trois véhicules et plus - en chaîne,,,,,,,,,,,1,1,1,1.0,4
201300005347,0013-12-11 19:00:00,13,12,11,19,0,740,88,,,,Nuit sans éclairage public,Hors agglomération,Hors intersection,Normale,Deux véhicules - côté,,,,,,,,,,,3,1,1,1.0,3
201300005348,0013-12-27 00:45:00,13,12,27,0,45,740,9,Lieu-dit Jussy,,,Nuit avec éclairage allumé,En agglomération,Hors intersection,Normale,Deux véhicules - côté,,,,,,,,,,,5,2,1,1.0,3
201300005349,0013-09-17 15:45:00,13,9,17,15,45,740,68,,,,Plein jour,Hors agglomération,Hors intersection,Pluie forte,Deux véhicules - côté,,,,,,,,,,,1,1,1,3.0,3
201300005350,0013-11-16 15:30:00,13,11,16,15,30,740,269,RUE DE SAVOIE,,,Plein jour,En agglomération,Hors intersection,Normale,Autre collision,,,,,,,,,,,1,2,1,1.0,6
201300005351,0013-12-08 15:15:00,13,12,8,15,15,740,269,,,,Plein jour,Hors agglomération,Hors intersection,Normale,Sans collision,,,,,,,,,,,1,1,1,1.0,7
201300005352,0013-12-08 16:30:00,13,12,8,16,30,740,269,,,,Plein jour,Hors agglomération,Hors intersection,Autre,Deux véhicules - frontale,,,,,,,,,,,1,1,1,9.0,1
201300005353,0013-01-05 22:00:00,13,1,5,22,0,740,63,LE CLOS DE LA TOUR,46.271,6.836,Nuit sans éclairage public,En agglomération,Hors intersection,Normale,Autre collision,,,,,,,,,,,3,2,1,1.0,6
201300005354,0013-01-10 18:00:00,13,1,10,18,0,740,58,,,,Nuit avec éclairage allumé,En agglomération,Hors intersection,Neige / grêle,Deux véhicules - frontale,,,,,,,,,,,5,2,1,4.0,1
201300005355,0013-01-25 12:15:00,13,1,25,12,15,740,73,,46.339,6.64,Plein jour,Hors agglomération,Hors intersection,Normale,Sans collision,,,,,,,,,,,1,1,1,1.0,7
201300005356,0013-01-28 11:45:00,13,1,28,11,45,740,1,,46.286,6.73,Plein jour,Hors agglomération,Hors intersection,Normale,Deux véhicules - frontale,,,,,,,,,,,1,1,1,1.0,1
201300005357,0013-03-28 07:45:00,13,3,28,7,45,740,1,lieu-dit Richebourg,46.294,6.75,Plein jour,Hors agglomération,Hors intersection,Normale,Deux véhicules - frontale,,,,,,,,,,,1,1,1,1.0,1
201300005358,0013-04-02 16:30:00,13,4,2,16,30,740,1,Richebourg,46.294,6.753,Plein jour,En agglomération,Hors intersection,Normale,Autre collision,,,,,,,,,,,1,2,1,1.0,6
201300005359,0013-04-28 16:30:00,13,4,28,16,30,740,1,,,,Plein jour,Hors agglomération,Hors intersection,Temps couvert,Deux véhicules - frontale,,,,,,,,,,,1,1,1,8.0,1
201300005360,0013-06-16 21:30:00,13,6,16,21,30,740,286,,46.331,6.67,Crépuscule ou aube,Hors agglomération,Hors intersection,Normale,Sans collision,,,,,,,,,,,2,1,1,1.0,7
201300005361,0013-11-10 21:30:00,13,11,10,21,30,740,63,ROUTE DE VONNES,,,Nuit avec éclairage non allumé,En agglomération,Hors intersection,Neige / grêle,Deux véhicules - frontale,,,,,,,,,,,4,2,1,4.0,1
201300005362,0013-11-27 18:15:00,13,11,27,18,15,740,1,Chef lieu ABONDANCE,46.286,6.724,Nuit sans éclairage public,En agglomération,Hors intersection,Normale,Autre collision,,,,,,,,,,,3,2,1,1.0,6
201300005363,0013-11-30 15:00:00,13,11,30,15,0,740,286,,46.325,6.673,Plein jour,Hors agglomération,Hors intersection,Neige / grêle,Deux véhicules - côté,,,,,,,,,,,1,1,1,4.0,3
201300005364,0013-12-30 11:45:00,13,12,30,11,45,740,41,,46.306,6.675,Plein jour,Hors agglomération,Hors intersection,Temps éblouissant,Deux véhicules - frontale,,,,,,,,,,,1,1,1,7.0,1
201300005365,0013-07-04 17:30:00,13,7,4,17,30,740,301,,,,Plein jour,Hors agglomération,Hors intersection,Normale,Autre collision,,,,,,,,,,,1,1,1,1.0,6
201300005366,0013-10-05 08:45:00,13,10,5,8,45,740,226,,,,Plein jour,Hors agglomération,Hors intersection,Normale,Trois véhicules et plus - collisions multiples,,,,,,,,,,,1,1,1,1.0,5
201300005367,0013-10-19 03:00:00,13,10,19,3,0,740,38,,,,Plein jour,Hors agglomération,Hors intersection,Normale,Autre collision,,,,,,,,,,,1,1,1,1.0,6
201300005368,0013-11-17 07:45:00,13,11,17,7,45,740,226,,,,Crépuscule ou aube,Hors agglomération,Hors intersection,Normale,Autre collision,,,,,,,,,,,2,1,1,1.0,6
201300005369,0013-10-30 09:00:00,13,10,30,9,0,740,293,2525 ROUTE DES VOIRONS,46.273,6.281,Plein jour,Hors agglomération,Hors intersection,Normale,Autre collision,,,,,,,,,,,1,1,1,1.0,6
201300005370,0013-01-05 18:15:00,13,1,5,18,15,740,166,,,,Nuit sans éclairage public,Hors agglomération,Hors intersection,Normale,Autre collision,,,,,,,,,,,3,1,1,1.0,6
201300005371,0013-02-24 02:15:00,13,2,24,2,15,740,249,D.52 lieu-dit La Beunaz,46.374,6.648,Nuit sans éclairage public,Hors agglomération,Hors intersection,Neige / grêle,Autre collision,,,,,,,,,,,3,1,1,4.0,6
201300005372,0013-07-09 07:15:00,13,7,9,7,15,740,249,LIEU DIT LYONNET,,,Plein jour,En agglomération,Hors intersection,Normale,Deux véhicules - frontale,,,,,,,,,,,1,2,1,1.0,1
201300005373,0013-08-26 18:00:00,13,8,26,18,0,740,146,CRE BOUCHE,,,Plein jour,Hors agglomération,Hors intersection,Normale,Autre collision,,,,,,,,,,,1,1,1,1.0,6
201300005374,0013-09-03 08:00:00,13,9,3,8,0,740,166,CD32,,,Plein jour,En agglomération,Intersection en Y,Normale,Deux véhicules - côté,,,,,,,,,,,1,2,4,1.0,3
201300005375,0013-12-18 12:00:00,13,12,18,12,0,740,218,1460 route du Gavot,,,Plein jour,En agglomération,Hors intersection,Brouillard / fumée,Deux véhicules - frontale,,,,,,,,,,,1,2,1,5.0,1
201300005376,0013-02-27 08:45:00,13,2,27,8,45,630,307,,,,Plein jour,Hors agglomération,Hors intersection,Normale,Deux véhicules - côté,,,,,,,,,,,1,1,1,1.0,3
201300005377,0013-03-24 23:00:00,13,3,24,23,0,630,42,Route de Nohanent,,,Nuit sans éclairage public,En agglomération,Hors intersection,Normale,Autre collision,,,,,,,,,,,3,2,1,1.0,6
201300005378,0013-06-14 19:30:00,13,6,14,19,30,630,141,,45.78795,3.0522,Plein jour,Hors agglomération,Hors intersection,Normale,Deux véhicules - côté,,,,,,,,,,,1,1,1,1.0,3
201300005379,0013-12-03 17:30:00,13,12,3,17,30,630,307,,,,Nuit sans éclairage public,Hors agglomération,Hors intersection,Normale,Autre collision,,,,,,,,,,,3,1,1,1.0,6
201300005380,0013-02-19 16:30:00,13,2,19,16,30,630,168,,45.72857,3.35536,Plein jour,Hors agglomération,Hors intersection,Normale,Autre collision,,,,,,,,,,,1,1,1,1.0,6
201300005381,0013-05-24 16:30:00,13,5,24,16,30,630,40,chemin de la planchette,45.732,3.348,Plein jour,En agglomération,Hors intersection,Normale,Autre collision,,,,,,,,,,,1,2,1,1.0,6
201300005382,0013-05-30 15:00:00,13,5,30,15,0,630,239,,45.689,3.347,Plein jour,Hors agglomération,Hors intersection,Pluie légère,Sans collision,,,,,,,,,,,1,1,1,2.0,7
201300005383,0013-06-07 08:45:00,13,6,7,8,45,630,273,,45.742,3.23,Plein jour,Hors agglomération,Hors intersection,Normale,Deux véhicules - frontale,,,,,,,,,,,1,1,1,1.0,1
201300005384,0013-06-23 11:45:00,13,6,23,11,45,630,40,,,,Plein jour,Hors agglomération,Hors intersection,Normale,Deux véhicules - frontale,,,,,,,,,,,1,1,1,1.0,1
201300005385,0013-08-06 12:15:00,13,8,6,12,15,630,438,,45.717,3.466,Plein jour,Hors agglomération,Intersection en X,Normale,Deux véhicules - côté,,,,,,,,,,,1,1,2,1.0,3
201300005386,0013-08-16 13:15:00,13,8,16,13,15,630,96,,45.725,3.301,Plein jour,Hors agglomération,Hors intersection,Normale,Trois véhicules et plus - collisions multiples,,,,,,,,,,,1,1,1,1.0,5
201300005387,0013-08-29 07:45:00,13,8,29,7,45,630,226,,45.76,3.236,Plein jour,Hors agglomération,Hors intersection,Normale,Autre collision,,,,,,,,,,,1,1,1,1.0,6
201300005388,0013-09-07 07:45:00,13,9,7,7,45,630,453,,,,Plein jour,Hors agglomération,Hors intersection,Pluie légère,Autre collision,,,,,,,,,,,1,1,1,2.0,6
201300005389,0013-09-26 13:45:00,13,9,26,13,45,630,273,,45.733,3.218,Plein jour,Hors agglomération,Hors intersection,Normale,Deux véhicules - côté,,,,,,,,,,,1,1,1,1.0,3
201300005390,0013-09-28 17:15:00,13,9,28,17,15,630,368,,45.708,3.312,Plein jour,Hors agglomération,Hors intersection,Normale,Deux véhicules - côté,,,,,,,,,,,1,1,1,1.0,3
201300005391,0013-10-19 07:45:00,13,10,19,7,45,630,106,place Lafayette,45.755,3.281,Plein jour,En agglomération,Place,Normale,Autre collision,,,,,,,,,,,1,2,7,1.0,6
201300005392,0013-11-27 10:15:00,13,11,27,10,15,630,334,,45.676,3.486,Plein jour,Hors agglomération,Hors intersection,Autre,Autre collision,,,,,,,,,,,1,1,1,9.0,6
201300005393,0013-12-16 05:00:00,13,12,16,5,0,630,146,,,,Nuit sans éclairage public,Hors agglomération,Hors intersection,Normale,Autre collision,,,,,,,,,,,3,1,1,1.0,6
201300005394,0013-12-18 21:15:00,13,12,18,21,15,630,273,,45.732,3.239,Nuit sans éclairage public,Hors agglomération,Hors intersection,Vent fort / tempête,Deux véhicules - frontale,,,,,,,,,,,3,1,1,6.0,1
201300005395,0013-12-23 13:45:00,13,12,23,13,45,630,168,,,,Plein jour,Hors agglomération,Hors intersection,Normale,Sans collision,,,,,,,,,,,1,1,1,1.0,7
201300005396,0013-01-29 10:00:00,13,1,29,10,0,630,279,,,,Plein jour,Hors agglomération,Hors intersection,Pluie forte,Sans collision,,,,,,,,,,,1,1,1,3.0,7
201300005397,0013-02-17 08:00:00,13,2,17,8,0,630,192,D645,,,Crépuscule ou aube,En agglomération,Hors intersection,Temps éblouissant,Autre collision,,,,,,,,,,,2,2,1,7.0,6
201300005398,0013-08-16 17:30:00,13,8,16,17,30,630,397,,,,Plein jour,Hors agglomération,Hors intersection,Normale,Deux véhicules - côté,,,,,,,,,,,1,1,1,1.0,3
201300005399,0013-05-28 16:15:00,13,5,28,16,15,630,263,route des domes,,,Plein jour,En agglomération,Autre intersection,Normale,Deux véhicules - côté,,,,,,,,,,,1,2,9,1.0,3
201300005400,0013-06-15 17:00:00,13,6,15,17,0,630,263,route du Puy de D?me,,,Plein jour,En agglomération,Hors intersection,Temps éblouissant,Autre collision,,,,,,,,,,,1,2,1,7.0,6
201300005401,0013-09-03 19:15:00,13,9,3,19,15,630,307,,,,Plein jour,Hors agglomération,Hors intersection,Normale,Deux véhicules - côté,,,,,,,,,,,1,1,1,1.0,3
201300005402,0013-10-29 15:00:00,13,10,29,15,0,630,263,,45.786,3.036,Plein jour,Hors agglomération,Hors intersection,Pluie légère,Autre collision,,,,,,,,,,,1,1,1,2.0,6