accident_id,datetime,annee,mois,jour,heure,minute,departement,commune_insee,adresse,latitude,longitude,luminosite,agglomeration,intersection,meteo,collision,nb_vehicules,nb_usagers,nb_indemnes,nb_tues,nb_blesses_hosp,nb_blesses_legers,age_cond_1,age_cond_2,veh_type_cond_1,veh_type_cond_2,lum_code,agg_code,int_code,atm_code,col_code
201300006066,0013-12-20 09:30:00,13,12,20,9,30,880,175,,48.22225,6.58664,Crépuscule ou aube,Hors agglomération,Hors intersection,Temps couvert,Autre collision,,,,,,,,,,,2,1,1,8.0,6
201300006067,0013-12-26 17:00:00,13,12,26,17,0,880,76,,48.22827,6.72589,Crépuscule ou aube,Hors agglomération,Hors intersection,Temps couvert,Autre collision,,,,,,,,,,,2,1,1,8.0,6
201300006068,0013-01-09 18:00:00,13,1,9,18,0,880,90,rue Maurice Barr?s,48.37036,6.93066,Nuit avec éclairage allumé,En agglomération,Hors intersection,Normale,Autre collision,,,,,,,,,,,5,2,1,1.0,6
201300006069,0013-01-26 06:00:00,13,1,26,6,0,880,513,,48.33709,6.31778,Nuit sans éclairage public,Hors agglomération,Hors intersection,Normale,Autre collision,,,,,,,,,,,3,1,1,1.0,6
201300006070,0013-06-06 14:15:00,13,6,6,14,15,880,173,,48.3624,6.26322,Plein jour,Hors agglomération,Intersection en Y,Normale,Deux véhicules - frontale,,,,,,,,,,,1,1,4,1.0,1
201300006071,0013-06-09 17:15:00,13,6,9,17,15,880,73,,48.34725,6.27709,Plein jour,Hors agglomération,Intersection en X,Normale,Deux véhicules - côté,,,,,,,,,,,1,1,2,1.0,3
201300006072,0013-07-15 15:15:00,13,7,15,15,15,880,90,route de chamagne,48.38212,6.29267,Plein jour,En agglomération,Hors intersection,Normale,Sans collision,,,,,,,,,,,1,2,1,1.0,7
201300006073,0013-10-04 20:00:00,13,10,4,20,0,880,513,,48.34167,6.33333,Nuit avec éclairage allumé,Hors agglomération,Intersection en T,Pluie légère,Deux véhicules - côté,,,,,,,,,,,5,1,3,2.0,3
201300006074,0013-12-13 08:00:00,13,12,13,8,0,880,90,,48.38727,6.28769,Crépuscule ou aube,Hors agglomération,Hors intersection,Autre,Deux véhicules - frontale,,,,,,,,,,,2,1,1,9.0,1
201300006075,0013-03-03 16:15:00,13,3,3,16,15,880,289,,48.133,5.85,Plein jour,Hors agglomération,Hors intersection,Normale,Deux véhicules - frontale,,,,,,,,,,,1,1,1,1.0,1
201300006076,0013-04-21 00:15:00,13,4,21,0,15,880,61,"11, rue du moulin",48.06229,5.96484,Nuit sans éclairage public,En agglomération,Hors intersection,Normale,Autre collision,,,,,,,,,,,3,2,1,1.0,6
201300006077,0013-04-23 08:15:00,13,4,23,8,15,880,421,,48.00255,5.88888,Plein jour,Hors agglomération,Hors intersection,Normale,Deux véhicules - frontale,,,,,,,,,,,1,1,1,1.0,1
201300006078,0013-05-02 08:30:00,13,5,2,8,30,880,258,,48.08073,5.80321,Plein jour,Hors agglomération,Hors intersection,Brouillard / fumée,Deux véhicules - frontale,,,,,,,,,,,1,1,1,5.0,1
201300006079,0013-05-23 17:15:00,13,5,23,17,15,880,517,,48.12064,5.94919,Plein jour,Hors agglomération,Hors intersection,Normale,Deux véhicules - côté,,,,,,,,,,,1,1,1,1.0,3
201300006080,0013-07-10 09:45:00,13,7,10,9,45,880,238,44 rue abbes mathis et m,48.05953,6.11129,Plein jour,En agglomération,Hors intersection,Temps éblouissant,Deux véhicules - côté,,,,,,,,,,,1,2,1,7.0,3
201300006081,0013-09-02 15:15:00,13,9,2,15,15,880,61,,48.0604,5.96178,Plein jour,Hors agglomération,Hors intersection,Normale,Autre collision,,,,,,,,,,,1,1,1,1.0,6
201300006082,0013-09-25 18:00:00,13,9,25,18,0,880,65,,48.09577,6.05991,Plein jour,Hors agglomération,Hors intersection,Normale,Sans collision,,,,,,,,,,,1,1,1,1.0,7
201300006083,0013-12-11 09:00:00,13,12,11,9,0,880,291,,47.98099,5.99361,Plein jour,Hors agglomération,Hors intersection,Autre,Sans collision,,,,,,,,,,,1,1,1,9.0,7
201300006084,0013-03-25 11:30:00,13,3,25,11,30,880,21,,48.31312,6.68238,Plein jour,Hors agglomération,Hors intersection,Temps couvert,Autre collision,,,,,,,,,,,1,1,1,8.0,6
201300006085,0013-06-18 22:30:00,13,6,18,22,30,880,367,avenue du 11 novembre,48.33282,6.63686,Nuit avec éclairage allumé,En agglomération,Hors intersection,Normale,Deux véhicules - côté,,,,,,,,,,,5,2,1,1.0,3
201300006086,0013-07-06 19:00:00,13,7,6,19,0,880,367,,48.3462,6.62184,Plein jour,Hors agglomération,Hors intersection,Normale,Autre collision,,,,,,,,,,,1,1,1,1.0,6
201300006087,0013-07-24 22:15:00,13,7,24,22,15,880,318,5 route de Charmes,48.35151,6.54091,Nuit avec éclairage allumé,En agglomération,Hors intersection,Normale,Sans collision,,,,,,,,,,,5,2,1,1.0,7
201300006088,0013-12-19 15:30:00,13,12,19,15,30,880,410,,48.38921,6.73935,Plein jour,Hors agglomération,Hors intersection,Pluie légère,Autre collision,,,,,,,,,,,1,1,1,2.0,6
201300006089,0013-01-24 10:15:00,13,1,24,10,15,880,465,"2, rue de Lorraine",48.25172,6.41965,Plein jour,En agglomération,Hors intersection,Temps couvert,Deux véhicules - côté,,,,,,,,,,,1,2,1,8.0,3
201300006090,0013-02-13 14:30:00,13,2,13,14,30,880,465,38 Rue de Lorraine,48.25337,6.4172,Plein jour,En agglomération,Hors intersection,Normale,Autre collision,,,,,,,,,,,1,2,1,1.0,6
201300006091,0013-03-07 16:15:00,13,3,7,16,15,880,454,,48.245,6.525,Plein jour,Hors agglomération,Hors intersection,Normale,Trois véhicules et plus - collisions multiples,,,,,,,,,,,1,1,1,1.0,5
201300006092,0013-04-15 16:15:00,13,4,15,16,15,880,94,6 route d'Hadigny,48.31431,6.39973,Plein jour,En agglomération,Hors intersection,Normale,Autre collision,,,,,,,,,,,1,2,1,1.0,6
201300006093,0013-05-17 15:15:00,13,5,17,15,15,880,99,,48.22369,6.43561,Plein jour,En agglomération,Hors intersection,Normale,Deux véhicules - arrière,,,,,,,,,,,1,2,1,1.0,2
201300006094,0013-05-18 14:00:00,13,5,18,14,0,880,99,RUE D'EPINAL,48.2303,6.43652,Plein jour,En agglomération,Hors intersection,Normale,Deux véhicules - arrière,,,,,,,,,,,1,2,1,1.0,2
201300006095,0013-05-18 12:45:00,13,5,18,12,45,880,465,"82, Rue d'Alsace",48.24843,6.42248,Plein jour,Hors agglomération,Hors intersection,Normale,Deux véhicules - frontale,,,,,,,,,,,1,1,1,1.0,1
201300006096,0013-06-21 14:45:00,13,6,21,14,45,880,204,,48.24399,6.44515,Plein jour,Hors agglomération,Hors intersection,Normale,Autre collision,,,,,,,,,,,1,1,1,1.0,6
201300006097,0013-07-11 09:30:00,13,7,11,9,30,880,465,"61, Rue d'Alsace",48.24911,6.42193,Plein jour,En agglomération,Hors intersection,Normale,Deux véhicules - côté,,,,,,,,,,,1,2,1,1.0,3
201300006098,0013-06-16 08:15:00,13,6,16,8,15,880,465,,48.25334,6.41128,Plein jour,Hors agglomération,Hors intersection,Normale,Deux véhicules - frontale,,,,,,,,,,,1,1,1,1.0,1
201300006099,0013-07-30 16:00:00,13,7,30,16,0,880,204,rue Moselle,48.25574,6.43486,Plein jour,En agglomération,Hors intersection,Normale,Deux véhicules - frontale,,,,,,,,,,,1,2,1,1.0,1
201300006100,0013-08-14 13:45:00,13,8,14,13,45,880,190,,48.30281,6.38217,Plein jour,Hors agglomération,Hors intersection,Normale,Deux véhicules - frontale,,,,,,,,,,,1,1,1,1.0,1
201300006101,0013-08-17 13:30:00,13,8,17,13,30,880,454,,48.26431,6.54819,Plein jour,Hors agglomération,Hors intersection,Temps éblouissant,Sans collision,,,,,,,,,,,1,1,1,7.0,7
201300006102,0013-08-20 15:45:00,13,8,20,15,45,880,94,,48.30271,6.38361,Plein jour,Hors agglomération,Intersection en X,Normale,Deux véhicules - frontale,,,,,,,,,,,1,1,2,1.0,1
201300006103,0013-11-09 14:15:00,13,11,9,14,15,880,465,,48.27723,6.44157,Plein jour,Hors agglomération,Hors intersection,Normale,Autre collision,,,,,,,,,,,1,1,1,1.0,6
201300006104,0013-12-01 09:30:00,13,12,1,9,30,880,327,1 rue général De Gaulle,48.30593,6.38665,Plein jour,En agglomération,Hors intersection,Temps éblouissant,Autre collision,,,,,,,,,,,1,2,1,7.0,6
201300006105,0013-07-31 23:00:00,13,7,31,23,0,880,225,,48.06834,6.48335,Nuit sans éclairage public,Hors agglomération,Hors intersection,Normale,Sans collision,,,,,,,,,,,3,1,1,1.0,7
201300006106,0013-09-25 15:30:00,13,9,25,15,30,880,225,intersection RD34 et rue,,,Plein jour,En agglomération,Hors intersection,Normale,Deux véhicules - côté,,,,,,,,,,,1,2,1,1.0,3
201300006107,0013-04-14 19:00:00,13,4,14,19,0,880,150,,48.33474,5.89524,Plein jour,Hors agglomération,Hors intersection,Normale,Deux véhicules - côté,,,,,,,,,,,1,1,1,1.0,3
201300006108,0013-04-25 15:00:00,13,4,25,15,0,880,460,RD 674 - RD 3,48.40115,5.73107,Plein jour,En agglomération,Intersection en X,Normale,Deux véhicules - côté,,,,,,,,,,,1,2,2,1.0,3
201300006109,0013-06-06 20:00:00,13,6,6,20,0,880,401,,48.30206,5.76718,Plein jour,Hors agglomération,Intersection en T,Temps éblouissant,Autre collision,,,,,,,,,,,1,1,3,7.0,6
201300006110,0013-06-16 06:00:00,13,6,16,6,0,880,321,,48.34972,5.6763,Plein jour,Hors agglomération,Hors intersection,Normale,Autre collision,,,,,,,,,,,1,1,1,1.0,6
201300006111,0013-07-05 12:00:00,13,7,5,12,0,880,137,,48.34399,5.81293,Plein jour,Hors agglomération,Hors intersection,Normale,Deux véhicules - frontale,,,,,,,,,,,1,1,1,1.0,1
201300006112,0013-07-07 12:00:00,13,7,7,12,0,880,270,,48.30535,5.55738,Plein jour,Hors agglomération,Hors intersection,Vent fort / tempête,Autre collision,,,,,,,,,,,1,1,1,6.0,6
201300006113,0013-07-12 07:30:00,13,7,12,7,30,880,363,,48.46231,5.81722,Plein jour,Hors agglomération,Hors intersection,Normale,Deux véhicules - frontale,,,,,,,,,,,1,1,1,1.0,1
201300006114,0013-07-21 22:15:00,13,7,21,22,15,880,270,Route de Neufchateau,48.31739,5.59629,Nuit avec éclairage allumé,En agglomération,Hors intersection,Normale,Autre collision,,,,,,,,,,,5,2,1,1.0,6
201300006115,0013-08-07 16:15:00,13,8,7,16,15,880,270,2 bis route de Joinville,48.32239,5.5759,Plein jour,En agglomération,Autre intersection,Normale,Autre collision,,,,,,,,,,,1,2,9,1.0,6
201300006116,0013-08-14 14:00:00,13,8,14,14,0,880,321,chemin du Saulcy,48.37057,5.69779,Plein jour,En agglomération,Hors intersection,Normale,Deux véhicules - frontale,,,,,,,,,,,1,2,1,1.0,1
201300006117,0013-10-08 17:30:00,13,10,8,17,30,880,366,,48.36314,5.90224,Plein jour,Hors agglomération,Hors intersection,Normale,Sans collision,,,,,,,,,,,1,1,1,1.0,7
201300006118,0013-11-25 13:15:00,13,11,25,13,15,880,206,,48.30297,5.91385,Plein jour,Hors agglomération,Hors intersection,Normale,Deux véhicules - côté,,,,,,,,,,,1,1,1,1.0,3
201300006119,0013-12-17 09:00:00,13,12,17,9,0,880,118,,48.42199,5.6835,Plein jour,Hors agglomération,Hors intersection,Temps éblouissant,Autre collision,,,,,,,,,,,1,1,1,7.0,6
201300006120,0013-12-21 18:00:00,13,12,21,18,0,880,321,Avenue Jean Jaur?s,48.36056,5.69411,Nuit avec éclairage allumé,En agglomération,Hors intersection,Normale,Deux véhicules - côté,,,,,,,,,,,5,2,1,1.0,3
201300006121,0013-01-23 05:00:00,13,1,23,5,0,880,155,,48.30412,6.07383,Nuit sans éclairage public,Hors agglomération,Hors intersection,Brouillard / fumée,Autre collision,,,,,,,,,,,3,1,1,5.0,6
201300006122,0013-02-04 18:45:00,13,2,4,18,45,880,389,,48.34152,5.98838,Nuit sans éclairage public,Hors agglomération,Hors intersection,Normale,Deux véhicules - frontale,,,,,,,,,,,3,1,1,1.0,1
201300006123,0013-03-02 20:00:00,13,3,2,20,0,880,155,,48.3043,6.08069,Nuit sans éclairage public,Hors agglomération,Hors intersection,Normale,Deux véhicules - arrière,,,,,,,,,,,3,1,1,1.0,2
201300006124,0013-07-14 17:15:00,13,7,14,17,15,880,334,,48.33573,6.02429,Plein jour,En agglomération,Intersection en T,Normale,Deux véhicules - frontale,,,,,,,,,,,1,2,3,1.0,1
201300006125,0013-07-22 22:45:00,13,7,22,22,45,880,357,,48.33231,6.12212,Nuit sans éclairage public,Hors agglomération,Hors intersection,Normale,Sans collision,,,,,,,,,,,3,1,1,1.0,7
201300006126,0013-08-15 13:45:00,13,8,15,13,45,880,237,,48.23048,6.29856,Plein jour,Hors agglomération,Hors intersection,Normale,Trois véhicules et plus - collisions multiples,,,,,,,,,,,1,1,1,1.0,5
201300006127,0013-08-31 18:00:00,13,8,31,18,0,880,58,GRAND RUE,48.32275,5.95362,Plein jour,En agglomération,Intersection en X,Normale,Deux véhicules - frontale,,,,,,,,,,,1,2,2,1.0,1
201300006128,0013-09-15 00:15:00,13,9,15,0,15,880,129,,48.25219,6.24929,Nuit sans éclairage public,Hors agglomération,Hors intersection,Pluie forte,Sans collision,,,,,,,,,,,3,1,1,3.0,7
201300006129,0013-10-14 07:30:00,13,10,14,7,30,880,304,Avenue Duch?ne,48.29727,6.13373,Crépuscule ou aube,En agglomération,Hors intersection,Normale,Autre collision,,,,,,,,,,,2,2,1,1.0,6
201300006130,0013-10-19 12:45:00,13,10,19,12,45,880,304,Avenue Gambetta,48.30151,6.14434,Plein jour,En agglomération,Hors intersection,Normale,Deux véhicules - côté,,,,,,,,,,,1,2,1,1.0,3
201300006131,0013-11-08 16:30:00,13,11,8,16,30,880,499,,48.26983,6.15856,Crépuscule ou aube,Hors agglomération,Hors intersection,Pluie forte,Deux véhicules - frontale,,,,,,,,,,,2,1,1,3.0,1
201300006132,0013-11-12 11:45:00,13,11,12,11,45,880,55,,48.30492,6.32464,Plein jour,Hors agglomération,Hors intersection,Normale,Deux véhicules - côté,,,,,,,,,,,1,1,1,1.0,3
201300006133,0013-01-02 09:00:00,13,1,2,9,0,880,516,Rue Winston Churchill,48.20964,5.95079,Plein jour,En agglomération,Intersection en X,Normale,Deux véhicules - côté,,,,,,,,,,,1,2,2,1.0,3
201300006134,0013-03-01 01:45:00,13,3,1,1,45,880,430,"33, Rue de la corvée",48.1852,5.76923,Nuit sans éclairage public,En agglomération,Hors intersection,Normale,Autre collision,,,,,,,,,,,3,2,1,1.0,6
201300006135,0013-10-05 13:30:00,13,10,5,13,30,880,516,,48.19162,5.9323,Plein jour,Hors agglomération,Hors intersection,Pluie forte,Deux véhicules - frontale,,,,,,,,,,,1,1,1,3.0,1
201300006136,0013-12-13 16:15:00,13,12,13,16,15,880,114,,48.18884,5.8829,Crépuscule ou aube,Hors agglomération,Giratoire,Brouillard / fumée,Deux véhicules - côté,,,,,,,,,,,2,1,6,5.0,3
201300006137,0013-06-15 15:00:00,13,6,15,15,0,880,158,,48.10208,6.59916,Plein jour,Hors agglomération,Hors intersection,Normale,Deux véhicules - côté,,,,,,,,,,,1,1,1,1.0,3
201300006138,0013-10-03 13:15:00,13,10,3,13,15,880,148,,48.0042,6.63321,Plein jour,Hors agglomération,Hors intersection,Normale,Deux véhicules - côté,,,,,,,,,,,1,1,1,1.0,3
201300006139,0013-12-18 21:30:00,13,12,18,21,30,880,11,2 rue de la gare,48.11872,6.52799,Nuit avec éclairage allumé,En agglomération,Hors intersection,Normale,Autre collision,,,,,,,,,,,5,2,1,1.0,6
201300006140,0013-02-27 18:30:00,13,2,27,18,30,880,470,,48.08433,6.76966,Nuit avec éclairage allumé,Hors agglomération,Hors intersection,Normale,Deux véhicules - frontale,,,,,,,,,,,5,1,1,1.0,1
201300006141,0013-04-24 14:15:00,13,4,24,14,15,880,75,Route de Gérardmer,48.01941,6.89007,Plein jour,Hors agglomération,Intersection en Y,Normale,Autre collision,,,,,,,,,,,1,1,4,1.0,6
201300006142,0013-06-23 16:45:00,13,6,23,16,45,880,75,,48.00366,6.9365,Plein jour,Hors agglomération,Hors intersection,Normale,Deux véhicules - frontale,,,,,,,,,,,1,1,1,1.0,1
201300006143,0013-07-09 18:45:00,13,7,9,18,45,880,116,5 RUE DU DAVAL,47.96353,6.83531,Plein jour,En agglomération,Hors intersection,Normale,Autre collision,,,,,,,,,,,1,2,1,1.0,6
201300006144,0013-07-21 23:00:00,13,7,21,23,0,880,75,,47.99805,6.84952,Plein jour,Hors agglomération,Hors intersection,Normale,Deux véhicules - frontale,,,,,,,,,,,1,1,1,1.0,1
201300006145,0013-08-10 04:30:00,13,8,10,4,30,880,109,,48.05701,6.66911,Nuit sans éclairage public,Hors agglomération,Hors intersection,Temps couvert,Autre collision,,,,,,,,,,,3,1,1,8.0,6
201300006146,0013-12-16 15:30:00,13,12,16,15,30,880,447,,47.95577,6.74425,Plein jour,Hors agglomération,Hors intersection,Normale,Deux véhicules - côté,,,,,,,,,,,1,1,1,1.0,3
201300006147,0013-04-06 13:45:00,13,4,6,13,45,880,426,,47.84165,6.83522,Plein jour,Hors agglomération,Hors intersection,Normale,Sans collision,,,,,,,,,,,1,1,1,1.0,7
201300006148,0013-11-01 00:15:00,13,11,1,0,15,880,468,32 rue de la Gare,47.87628,6.76452,Nuit avec éclairage allumé,En agglomération,Hors intersection,Normale,Autre collision,,,,,,,,,,,5,2,1,1.0,6
201300006149,0013-11-16 05:45:00,13,11,16,5,45,880,408,,47.90942,6.69425,Nuit sans éclairage public,Hors agglomération,Giratoire,Brouillard / fumée,Autre collision,,,,,,,,,,,3,1,6,5.0,6
201300006150,0013-11-16 22:00:00,13,11,16,22,0,880,302,16 grande rue,47.89786,6.7878,Nuit avec éclairage allumé,En agglomération,Hors intersection,Normale,Autre collision,,,,,,,,,,,5,2,1,1.0,6
201300006151,0013-11-19 13:15:00,13,11,19,13,15,880,468,"1, Avenue de Verdun",47.88083,6.76317,Plein jour,En agglomération,Autre intersection,Pluie forte,Deux véhicules - frontale,,,,,,,,,,,1,2,9,3.0,1
201300006152,0013-05-14 04:45:00,13,5,14,4,45,880,361,,48.30242,7.07536,Nuit sans éclairage public,Hors agglomération,Hors intersection,Normale,Deux véhicules - frontale,,,,,,,,,,,3,1,1,1.0,1
201300006153,0013-08-30 11:00:00,13,8,30,11,0,880,445,,48.25244,6.95818,Plein jour,Hors agglomération,Hors intersection,Normale,Deux véhicules - frontale,,,,,,,,,,,1,1,1,1.0,1
201300006154,0013-09-20 15:00:00,13,9,20,15,0,880,445,D58 / Vaucourt,48.23789,6.96539,Plein jour,En agglomération,Intersection en T,Normale,Deux véhicules - frontale,,,,,,,,,,,1,2,3,1.0,1
201300006155,0013-01-11 17:15:00,13,1,11,17,15,880,181,,48.17814,6.93066,Nuit sans éclairage public,Hors agglomération,Hors intersection,Pluie légère,Deux véhicules - frontale,,,,,,,,,,,3,1,1,2.0,1
201300006156,0013-02-21 21:30:00,13,2,21,21,30,880,218,1 route de G?rardmer,48.14147,6.79712,Nuit avec éclairage allumé,En agglomération,Hors intersection,Normale,Autre collision,,,,,,,,,,,5,2,1,1.0,6
201300006157,0013-03-24 10:15:00,13,3,24,10,15,880,106,345 route D?p 73,48.17765,6.97594,Plein jour,En agglomération,Hors intersection,Normale,Deux véhicules - frontale,,,,,,,,,,,1,2,1,1.0,1
201300006158,0013-03-30 10:45:00,13,3,30,10,45,880,9,,48.1803,6.93707,Plein jour,Hors agglomération,Hors intersection,Normale,Deux véhicules - frontale,,,,,,,,,,,1,1,1,1.0,1
201300006159,0013-05-08 06:15:00,13,5,8,6,15,880,284,,48.2222,6.98287,Plein jour,Hors agglomération,Hors intersection,Normale,Autre collision,,,,,,,,,,,1,1,1,1.0,6
201300006160,0013-06-09 07:15:00,13,6,9,7,15,880,505,,48.17587,6.83155,Crépuscule ou aube,Hors agglomération,Intersection en T,Temps couvert,Autre collision,,,,,,,,,,,2,1,3,8.0,6
201300006161,0013-06-15 14:30:00,13,6,15,14,30,880,181,,48.18013,7.02387,Plein jour,Hors agglomération,Hors intersection,Normale,Trois véhicules et plus - en chaîne,,,,,,,,,,,1,1,1,1.0,4
201300006162,0013-08-01 07:30:00,13,8,1,7,30,880,106,,48.18355,6.97335,Plein jour,Hors agglomération,Intersection en T,Normale,Deux véhicules - côté,,,,,,,,,,,1,1,3,1.0,3
201300006163,0013-09-09 06:45:00,13,9,9,6,45,880,9,1917 route de St Dié,48.20361,6.94444,Plein jour,En agglomération,Hors intersection,Normale,Trois véhicules et plus - en chaîne,,,,,,,,,,,1,2,1,1.0,4
201300006164,0013-09-13 07:30:00,13,9,13,7,30,880,198,,48.10656,6.91025,Plein jour,Hors agglomération,Hors intersection,Normale,Autre collision,,,,,,,,,,,1,1,1,1.0,6
201300006165,0013-10-29 18:00:00,13,10,29,18,0,880,423,Mardichamp,48.22216,6.96526,Nuit avec éclairage allumé,En agglomération,Hors intersection,Normale,Deux véhicules - frontale,,,,,,,,,,,5,2,1,1.0,1
201300006166,0013-10-30 08:15:00,13,10,30,8,15,880,9,75 rue des acacias,48.18548,6.94865,Plein jour,En agglomération,Hors intersection,Temps éblouissant,Autre collision,,,,,,,,,,,1,2,1,7.0,6
201300006167,0013-11-29 00:45:00,13,11,29,0,45,880,18,Route de Granges,48.16968,6.77514,Nuit sans éclairage public,En agglomération,Hors intersection,Normale,Trois véhicules et plus - en chaîne,,,,,,,,,,,3,2,1,1.0,4
201300006168,0013-12-28 18:45:00,13,12,28,18,45,880,115,rue d 'alsace,48.16989,6.88521,Nuit avec éclairage allumé,En agglomération,Hors intersection,Pluie légère,Deux véhicules - frontale,,,,,,,,,,,5,2,1,2.0,1
201300006169,0013-02-16 11:45:00,13,2,16,11,45,880,196,rue de Lorraine,,,Plein jour,En agglomération,Intersection en X,Normale,Deux véhicules - côté,,,,,,,,,,,1,2,2,1.0,3
201300006170,0013-09-21 14:45:00,13,9,21,14,45,880,196,Route du Tour du Lac,48.073,6.83939,Plein jour,Hors agglomération,Intersection en Y,Normale,Deux véhicules - côté,,,,,,,,,,,1,1,4,1.0,3
201300006171,0013-02-13 00:15:00,13,2,13,0,15,880,165,,48.36115,6.82043,Nuit sans éclairage public,Hors agglomération,Hors intersection,Normale,Autre collision,,,,,,,,,,,3,1,1,1.0,6
201300006172,0013-04-18 08:00:00,13,4,18,8,0,880,451,avenue de salm,48.38953,6.95533,Plein jour,En agglomération,Hors intersection,Normale,Deux véhicules - arrière,,,,,,,,,,,1,2,1,1.0,2
201300006173,0013-04-27 21:15:00,13,4,27,21,15,880,165,8 rue de l'abbaye,48.36461,6.86778,Nuit avec éclairage allumé,En agglomération,Hors intersection,Pluie légère,Autre collision,,,,,,,,,,,5,2,1,2.0,6
201300006174,0013-05-17 10:00:00,13,5,17,10,0,880,435,,48.34992,6.83213,Plein jour,Hors agglomération,Hors intersection,Pluie légère,Sans collision,,,,,,,,,,,1,1,1,2.0,7
201300006175,0013-06-05 15:00:00,13,6,5,15,0,880,435,Route d'Etival,48.35352,6.83364,Plein jour,Hors agglomération,Intersection en T,Normale,Deux véhicules - côté,,,,,,,,,,,1,1,3,1.0,3
201300006176,0013-06-23 11:45:00,13,6,23,11,45,880,53,Col du Hantz,48.40817,7.0684,Plein jour,Hors agglomération,Hors intersection,Normale,Autre collision,,,,,,,,,,,1,1,1,1.0,6
201300006177,0013-08-29 18:30:00,13,8,29,18,30,880,451,11 rue du mar?chal Foch,48.40334,6.98741,Plein jour,En agglomération,Hors intersection,Temps éblouissant,Deux véhicules - frontale,,,,,,,,,,,1,2,1,7.0,1
201300006178,0013-09-05 16:00:00,13,9,5,16,0,880,372,59 avenue du 21?me BCP,48.40765,6.85908,Plein jour,En agglomération,Hors intersection,Normale,Deux véhicules - côté,,,,,,,,,,,1,2,1,1.0,3
201300006179,0013-09-03 17:45:00,13,9,3,17,45,880,451,place mar?chal vautrin,48.39568,6.98066,Plein jour,En agglomération,Passage à niveau,Temps éblouissant,Autre collision,,,,,,,,,,,1,2,8,7.0,6
201300006180,0013-09-22 02:45:00,13,9,22,2,45,880,372,107 rue stalingrad,48.41009,6.85282,Nuit avec éclairage allumé,En agglomération,Hors intersection,Temps couvert,Autre collision,,,,,,,,,,,5,2,1,8.0,6
201300006181,0013-09-27 17:00:00,13,9,27,17,0,880,53,,48.40998,7.04759,Plein jour,Hors agglomération,Hors intersection,Normale,Deux véhicules - frontale,,,,,,,,,,,1,1,1,1.0,1
201300006182,0013-12-17 17:30:00,13,12,17,17,30,880,372,,48.39901,6.85476,Plein jour,Hors agglomération,Hors intersection,Normale,Deux véhicules - frontale,,,,,,,,,,,1,1,1,1.0,1
201300006183,0013-01-22 17:45:00,13,1,22,17,45,670,28,CD5 PK 10+500,,,Nuit avec éclairage allumé,En agglomération,Giratoire,Temps couvert,Deux véhicules - frontale,,,,,,,,,,,5,2,6,8.0,1
201300006184,0013-03-08 19:30:00,13,3,8,19,30,670,246,,48.334,7.561,Nuit sans éclairage public,Hors agglomération,Hors intersection,Pluie légère,Autre collision,,,,,,,,,,,3,1,1,2.0,6
201300006185,0013-06-23 17:15:00,13,6,23,17,15,670,28,intersection,48.375,7.592,Crépuscule ou aube,En agglomération,Hors intersection,Normale,Deux véhicules - côté,,,,,,,,,,,2,2,1,1.0,3
201300006186,0013-06-27 16:30:00,13,6,27,16,30,670,28,Rue S?lestat,48.375,7.591,Plein jour,En agglomération,Intersection en T,Normale,Deux véhicules - côté,,,,,,,,,,,1,2,3,1.0,3
201300006187,0013-07-29 01:15:00,13,7,29,1,15,670,90,,,,Nuit sans éclairage public,Hors agglomération,Hors intersection,Pluie légère,Autre collision,,,,,,,,,,,3,1,1,2.0,6
201300006188,0013-08-01 10:45:00,13,8,1,10,45,670,216,02 rue du gal De Gaulle,,,Plein jour,En agglomération,Hors intersection,Temps éblouissant,Autre collision,,,,,,,,,,,1,2,1,7.0,6
201300006189,0013-09-17 20:15:00,13,9,17,20,15,670,216,,,,Nuit avec éclairage allumé,Hors agglomération,Hors intersection,Pluie forte,Deux véhicules - arrière,,,,,,,,,,,5,1,1,3.0,2
201300006190,0013-10-10 08:15:00,13,10,10,8,15,670,28,,48.367,7.611,Crépuscule ou aube,Hors agglomération,Hors intersection,Pluie forte,Deux véhicules - frontale,,,,,,,,,,,2,1,1,3.0,1
201300006191,0013-10-16 13:00:00,13,10,16,13,0,670,55,,48.341,7.665,Plein jour,Hors agglomération,Hors intersection,Normale,Autre collision,,,,,,,,,,,1,1,1,1.0,6
201300006192,0013-10-26 07:15:00,13,10,26,7,15,670,28,Rue de la digue,,,Nuit sans éclairage public,En agglomération,Hors intersection,Normale,Deux véhicules - côté,,,,,,,,,,,3,2,1,1.0,3
201300006193,0013-11-22 17:15:00,13,11,22,17,15,670,146,,48.317,7.691,Nuit sans éclairage public,Hors agglomération,Hors intersection,Autre,Autre collision,,,,,,,,,,,3,1,1,9.0,6