accident_id,datetime,annee,mois,jour,heure,minute,departement,commune_insee,adresse,latitude,longitude,luminosite,agglomeration,intersection,meteo,collision,nb_vehicules,nb_usagers,nb_indemnes,nb_tues,nb_blesses_hosp,nb_blesses_legers,age_cond_1,age_cond_2,veh_type_cond_1,veh_type_cond_2,lum_code,agg_code,int_code,atm_code,col_code
201300006194,0013-12-11 15:30:00,13,12,11,15,30,670,192,,48.361,7.619,Nuit sans éclairage public,Hors agglomération,Hors intersection,Brouillard / fumée,Trois véhicules et plus - collisions multiples,,,,,,,,,,,3,1,1,5.0,5
201300006195,0013-12-17 22:00:00,13,12,17,22,0,670,216,,48.367,7.578,Nuit sans éclairage public,En agglomération,Hors intersection,Normale,Autre collision,,,,,,,,,,,3,2,1,1.0,6
201300006196,0013-07-14 05:30:00,13,7,14,5,30,670,131,Brigade Alsace Lorraine,48.485,7.712,Crépuscule ou aube,En agglomération,Hors intersection,Normale,Autre collision,,,,,,,,,,,2,2,1,1.0,6
201300006197,0013-08-05 18:30:00,13,8,5,18,30,670,268,RUE DU GENERAL DE GAULLE,48.496,7.668,Plein jour,En agglomération,Hors intersection,Temps éblouissant,Deux véhicules - frontale,,,,,,,,,,,1,2,1,7.0,1
201300006198,0013-08-14 17:30:00,13,8,14,17,30,670,137,,48.493,7.683,Plein jour,En agglomération,Autre intersection,Normale,Deux véhicules - frontale,,,,,,,,,,,1,2,9,1.0,1
201300006199,0013-01-25 06:30:00,13,1,25,6,30,670,130,rue du rempart,,,Crépuscule ou aube,En agglomération,Hors intersection,Normale,Autre collision,,,,,,,,,,,2,2,1,1.0,6
201300006200,0013-02-07 07:45:00,13,2,7,7,45,670,130,08 rue merci?re,,,Plein jour,En agglomération,Hors intersection,Temps couvert,Autre collision,,,,,,,,,,,1,2,1,8.0,6
201300006201,0013-02-26 09:15:00,13,2,26,9,15,670,130,,,,Crépuscule ou aube,Hors agglomération,Hors intersection,Autre,Deux véhicules - arrière,,,,,,,,,,,2,1,1,9.0,2
201300006202,0013-03-10 11:00:00,13,3,10,11,0,670,526,,,,Plein jour,Hors agglomération,Hors intersection,Pluie légère,Autre collision,,,,,,,,,,,1,1,1,2.0,6
201300006203,0013-03-28 20:00:00,13,3,28,20,0,670,197,,,,Nuit sans éclairage public,Hors agglomération,Hors intersection,Normale,Autre collision,,,,,,,,,,,3,1,1,1.0,6
201300006204,0013-05-04 16:45:00,13,5,4,16,45,670,438,,,,Plein jour,Hors agglomération,Hors intersection,Pluie légère,Sans collision,,,,,,,,,,,1,1,1,2.0,7
201300006205,0013-05-18 16:30:00,13,5,18,16,30,670,130,,,,Plein jour,Hors agglomération,Hors intersection,Normale,Deux véhicules - côté,,,,,,,,,,,1,1,1,1.0,3
201300006206,0013-05-27 10:30:00,13,5,27,10,30,670,200,rue saint ludan,,,Plein jour,En agglomération,Hors intersection,Normale,Sans collision,,,,,,,,,,,1,2,1,1.0,7
201300006207,0013-06-18 09:15:00,13,6,18,9,15,670,217,,,,Plein jour,Hors agglomération,Hors intersection,Normale,Trois véhicules et plus - en chaîne,,,,,,,,,,,1,1,1,1.0,4
201300006208,0013-07-08 20:15:00,13,7,8,20,15,670,154,,,,Plein jour,Hors agglomération,Hors intersection,Normale,Sans collision,,,,,,,,,,,1,1,1,1.0,7
201300006209,0013-08-02 19:00:00,13,8,2,19,0,670,130,03 RUE JEAN GEORGES ABRY,,,Plein jour,En agglomération,Hors intersection,Normale,Deux véhicules - frontale,,,,,,,,,,,1,2,1,1.0,1
201300006210,0013-08-21 07:45:00,13,8,21,7,45,670,438,,,,Plein jour,Hors agglomération,Hors intersection,Normale,Deux véhicules - côté,,,,,,,,,,,1,1,1,1.0,3
201300006211,0013-09-17 10:00:00,13,9,17,10,0,670,217,,,,Plein jour,Hors agglomération,Intersection en X,Normale,Deux véhicules - côté,,,,,,,,,,,1,1,2,1.0,3
201300006212,0013-04-23 17:15:00,13,4,23,17,15,670,286,,,,Plein jour,Hors agglomération,Hors intersection,Normale,Deux véhicules - côté,,,,,,,,,,,1,1,1,1.0,3
201300006213,0013-05-24 07:45:00,13,5,24,7,45,670,348,Avenue de gail,,,Plein jour,En agglomération,Hors intersection,Normale,Autre collision,,,,,,,,,,,1,2,1,1.0,6
201300006214,0013-09-01 16:00:00,13,9,1,16,0,670,286,,,,Plein jour,Hors agglomération,Hors intersection,Normale,Autre collision,,,,,,,,,,,1,1,1,1.0,6
201300006215,0013-11-22 23:15:00,13,11,22,23,15,670,504,Rue du Moulin,,,Nuit avec éclairage allumé,En agglomération,Hors intersection,Normale,Autre collision,,,,,,,,,,,5,2,1,1.0,6
201300006216,0013-12-16 12:30:00,13,12,16,12,30,670,286,,48.442,7.546,Plein jour,Hors agglomération,Hors intersection,Normale,Autre collision,,,,,,,,,,,1,1,1,1.0,6
201300006217,0013-01-08 18:00:00,13,1,8,18,0,670,523,,,,Nuit sans éclairage public,Hors agglomération,Hors intersection,Pluie légère,Trois véhicules et plus - collisions multiples,,,,,,,,,,,3,1,1,2.0,5
201300006218,0013-04-26 18:45:00,13,4,26,18,45,670,203,,,,Plein jour,Hors agglomération,Hors intersection,Pluie forte,Deux véhicules - côté,,,,,,,,,,,1,1,1,3.0,3
201300006219,0013-05-07 23:15:00,13,5,7,23,15,670,458,rue du g?n?ral de Gaulle,,,Nuit avec éclairage allumé,En agglomération,Giratoire,Normale,Sans collision,,,,,,,,,,,5,2,6,1.0,7
201300006220,0013-08-01 08:00:00,13,8,1,8,0,670,523,,,,Plein jour,Hors agglomération,Hors intersection,Normale,Deux véhicules - frontale,,,,,,,,,,,1,1,1,1.0,1
201300006221,0013-08-01 10:30:00,13,8,1,10,30,670,230,42 rue de la Libert?,,,Plein jour,En agglomération,Intersection en X,Normale,Deux véhicules - côté,,,,,,,,,,,1,2,2,1.0,3
201300006222,0013-10-29 08:30:00,13,10,29,8,30,670,458,,,,Nuit sans éclairage public,Hors agglomération,Hors intersection,Normale,Deux véhicules - arrière,,,,,,,,,,,3,1,1,1.0,2
201300006223,0013-04-06 10:15:00,13,4,6,10,15,670,46,,,,Plein jour,Hors agglomération,Hors intersection,Normale,Autre collision,,,,,,,,,,,1,1,1,1.0,6
201300006224,0013-04-27 22:15:00,13,4,27,22,15,670,46,,,,Nuit avec éclairage allumé,En agglomération,Autre intersection,Pluie légère,Deux véhicules - arrière,,,,,,,,,,,5,2,9,2.0,2
201300006225,0013-05-10 17:15:00,13,5,10,17,15,670,46,rue de rohrwiller,48.77,7.865,Plein jour,En agglomération,Intersection en T,Normale,Deux véhicules - côté,,,,,,,,,,,1,2,3,1.0,3
201300006226,0013-05-23 04:00:00,13,5,23,4,0,670,449,153 RUE PRINCIPALE,,,Nuit avec éclairage allumé,En agglomération,Hors intersection,Normale,Sans collision,,,,,,,,,,,5,2,1,1.0,7
201300006227,0013-07-11 10:45:00,13,7,11,10,45,670,169,,,,Plein jour,Hors agglomération,Giratoire,Normale,Deux véhicules - côté,,,,,,,,,,,1,1,6,1.0,3
201300006228,0013-10-04 18:45:00,13,10,4,18,45,670,450,,,,Nuit sans éclairage public,Hors agglomération,Hors intersection,Normale,Deux véhicules - frontale,,,,,,,,,,,3,1,1,1.0,1
201300006229,0013-02-26 07:30:00,13,2,26,7,30,670,473,Ru de STRASBOURG,,,Plein jour,En agglomération,Hors intersection,Normale,Autre collision,,,,,,,,,,,1,2,1,1.0,6
201300006230,0013-05-21 17:00:00,13,5,21,17,0,670,300,Avenue de la gare,,,Plein jour,En agglomération,Hors intersection,Normale,Deux véhicules - côté,,,,,,,,,,,1,2,1,1.0,3
201300006231,0013-07-12 16:15:00,13,7,12,16,15,670,313,3 A rue des Trois Pics,,,Plein jour,En agglomération,Hors intersection,Temps éblouissant,Deux véhicules - côté,,,,,,,,,,,1,2,1,7.0,3
201300006232,0013-08-01 16:45:00,13,8,1,16,45,670,101,,,,Plein jour,Hors agglomération,Hors intersection,Normale,Deux véhicules - côté,,,,,,,,,,,1,1,1,1.0,3
201300006233,0013-08-15 16:30:00,13,8,15,16,30,670,112,RUE DE LA FORET,,,Plein jour,En agglomération,Hors intersection,Normale,Autre collision,,,,,,,,,,,1,2,1,1.0,6
201300006234,0013-08-21 10:30:00,13,8,21,10,30,670,300,Carrefour Rue des Sports,,,Plein jour,En agglomération,Giratoire,Pluie légère,Deux véhicules - côté,,,,,,,,,,,1,2,6,2.0,3
201300006235,0013-08-23 08:00:00,13,8,23,8,0,670,300,Rue du G?n?ral LECLERC,48.545,7.489,Plein jour,En agglomération,Hors intersection,Normale,Autre collision,,,,,,,,,,,1,2,1,1.0,6
201300006236,0013-09-03 14:30:00,13,9,3,14,30,670,300,rue du g?n?ral leclerc,48.545,7.49,Plein jour,En agglomération,Hors intersection,Temps éblouissant,Deux véhicules - frontale,,,,,,,,,,,1,2,1,7.0,1
201300006237,0013-09-25 21:00:00,13,9,25,21,0,670,80,,,,Nuit avec éclairage non allumé,Hors agglomération,Hors intersection,Normale,Autre collision,,,,,,,,,,,4,1,1,1.0,6
201300006238,0013-12-17 17:30:00,13,12,17,17,30,670,168,,,,Nuit sans éclairage public,Hors agglomération,Hors intersection,Normale,Trois véhicules et plus - en chaîne,,,,,,,,,,,3,1,1,1.0,4
201300006239,0013-01-15 13:00:00,13,1,15,13,0,670,411,rue Marie Anne Reibel,48.5,7.46,Plein jour,En agglomération,Hors intersection,Temps couvert,Autre collision,,,,,,,,,,,1,2,1,8.0,6
201300006240,0013-04-18 15:30:00,13,4,18,15,30,670,45,,,,Plein jour,Hors agglomération,Hors intersection,Normale,Deux véhicules - frontale,,,,,,,,,,,1,1,1,1.0,1
201300006241,0013-05-09 17:45:00,13,5,9,17,45,670,411,,,,Plein jour,Hors agglomération,Hors intersection,Normale,Autre collision,,,,,,,,,,,1,1,1,1.0,6
201300006242,0013-07-23 12:30:00,13,7,23,12,30,670,411,,48.512,7.499,Plein jour,Hors agglomération,Hors intersection,Normale,Deux véhicules - frontale,,,,,,,,,,,1,1,1,1.0,1
201300006243,0013-04-28 15:45:00,13,4,28,15,45,670,377,,,,Plein jour,Hors agglomération,Hors intersection,Normale,Deux véhicules - frontale,,,,,,,,,,,1,1,1,1.0,1
201300006244,0013-08-26 18:45:00,13,8,26,18,45,670,520,,48.634,7.473,Plein jour,Hors agglomération,Hors intersection,Normale,Deux véhicules - frontale,,,,,,,,,,,1,1,1,1.0,1
201300006245,0013-09-02 10:30:00,13,9,2,10,30,670,122,,48.634,7.335,Plein jour,Hors agglomération,Hors intersection,Normale,Deux véhicules - côté,,,,,,,,,,,1,1,1,1.0,3
201300006246,0013-09-29 13:15:00,13,9,29,13,15,670,18,,48.586,7.426,Plein jour,Hors agglomération,Hors intersection,Normale,Trois véhicules et plus - collisions multiples,,,,,,,,,,,1,1,1,1.0,5
201300006247,0013-09-30 16:30:00,13,9,30,16,30,670,442,,48.601,7.515,Plein jour,Hors agglomération,Hors intersection,Normale,Autre collision,,,,,,,,,,,1,1,1,1.0,6
201300006248,0013-03-08 13:15:00,13,3,8,13,15,670,352,,,,Plein jour,Hors agglomération,Hors intersection,Normale,Autre collision,,,,,,,,,,,1,1,1,1.0,6
201300006249,0013-06-02 13:00:00,13,6,2,13,0,670,61,,,,Plein jour,Hors agglomération,Hors intersection,Normale,Deux véhicules - frontale,,,,,,,,,,,1,1,1,1.0,1
201300006250,0013-08-23 13:30:00,13,8,23,13,30,670,322,,,,Plein jour,Hors agglomération,Hors intersection,Normale,Autre collision,,,,,,,,,,,1,1,1,1.0,6
201300006251,0013-10-22 02:15:00,13,10,22,2,15,670,469,,,,Nuit avec éclairage allumé,Hors agglomération,Giratoire,Normale,Autre collision,,,,,,,,,,,5,1,6,1.0,6
201300006252,0013-12-16 16:30:00,13,12,16,16,30,670,61,9 rue des mines,,,Crépuscule ou aube,En agglomération,Hors intersection,Normale,Autre collision,,,,,,,,,,,2,2,1,1.0,6
201300006253,0013-03-06 16:15:00,13,3,6,16,15,670,437,36 rue du Mar?chal Joffr,,,Plein jour,En agglomération,Hors intersection,Normale,Autre collision,,,,,,,,,,,1,2,1,1.0,6
201300006254,0013-04-17 18:00:00,13,4,17,18,0,670,437,,,,Plein jour,Hors agglomération,Hors intersection,Normale,Deux véhicules - frontale,,,,,,,,,,,1,1,1,1.0,1
201300006255,0013-05-03 16:30:00,13,5,3,16,30,670,478,,,,Plein jour,Hors agglomération,Hors intersection,Pluie légère,Deux véhicules - frontale,,,,,,,,,,,1,1,1,2.0,1
201300006256,0013-06-17 20:45:00,13,6,17,20,45,670,89,,,,Plein jour,Hors agglomération,Hors intersection,Normale,Sans collision,,,,,,,,,,,1,1,1,1.0,7
201300006257,0013-06-19 13:45:00,13,6,19,13,45,670,78,,,,Plein jour,Hors agglomération,Hors intersection,Normale,Trois véhicules et plus - collisions multiples,,,,,,,,,,,1,1,1,1.0,5
201300006258,0013-06-29 10:00:00,13,6,29,10,0,670,275,,,,Plein jour,Hors agglomération,Hors intersection,Normale,Autre collision,,,,,,,,,,,1,1,1,1.0,6
201300006259,0013-07-12 13:30:00,13,7,12,13,30,670,437,,,,Plein jour,Hors agglomération,Hors intersection,Normale,Deux véhicules - côté,,,,,,,,,,,1,1,1,1.0,3
201300006260,0013-09-02 12:00:00,13,9,2,12,0,670,367,,,,Plein jour,Hors agglomération,Hors intersection,Normale,Deux véhicules - côté,,,,,,,,,,,1,1,1,1.0,3
201300006261,0013-11-17 11:00:00,13,11,17,11,0,670,437,4 rue des cl?s,48.744,7.369,Plein jour,En agglomération,Hors intersection,Temps couvert,Autre collision,,,,,,,,,,,1,2,1,8.0,6
201300006262,0013-12-22 10:45:00,13,12,22,10,45,670,437,,,,Plein jour,Hors agglomération,Hors intersection,Pluie légère,Deux véhicules - frontale,,,,,,,,,,,1,1,1,2.0,1
201300006263,0013-02-11 10:45:00,13,2,11,10,45,670,488,,,,Plein jour,Hors agglomération,Hors intersection,Neige / grêle,Deux véhicules - côté,,,,,,,,,,,1,1,1,4.0,3
201300006264,0013-03-01 20:00:00,13,3,1,20,0,670,456,,,,Nuit sans éclairage public,Hors agglomération,Hors intersection,Normale,Autre collision,,,,,,,,,,,3,1,1,1.0,6
201300006265,0013-03-12 09:15:00,13,3,12,9,15,670,183,,48.923,7.031,Plein jour,Hors agglomération,Hors intersection,Temps couvert,Autre collision,,,,,,,,,,,1,1,1,8.0,6
201300006266,0013-04-11 18:15:00,13,4,11,18,15,670,434,,48.81,7.112,Plein jour,Hors agglomération,Hors intersection,Pluie légère,Autre collision,,,,,,,,,,,1,1,1,2.0,6
201300006267,0013-05-05 13:15:00,13,5,5,13,15,670,371,,48.854,7.318,Plein jour,Hors agglomération,Hors intersection,Temps éblouissant,Sans collision,,,,,,,,,,,1,1,1,7.0,7
201300006268,0013-05-12 19:15:00,13,5,12,19,15,670,191,,49.047,7.089,Plein jour,Hors agglomération,Hors intersection,Normale,Deux véhicules - frontale,,,,,,,,,,,1,1,1,1.0,1
201300006269,0013-06-17 16:15:00,13,6,17,16,15,670,95,rue paul Paray,,,Plein jour,En agglomération,Hors intersection,Temps éblouissant,Deux véhicules - côté,,,,,,,,,,,1,2,1,7.0,3
201300006270,0013-07-21 01:15:00,13,7,21,1,15,670,483,82 rue principale,48.894,7.256,Nuit avec éclairage allumé,En agglomération,Hors intersection,Normale,Sans collision,,,,,,,,,,,5,2,1,1.0,7
201300006271,0013-09-21 20:00:00,13,9,21,20,0,670,524,rue de neuwiller,,,Nuit sans éclairage public,En agglomération,Hors intersection,Normale,Autre collision,,,,,,,,,,,3,2,1,1.0,6
201300006272,0013-10-03 18:45:00,13,10,3,18,45,670,105,25 rue de phalsbourg,,,Plein jour,En agglomération,Hors intersection,Normale,Autre collision,,,,,,,,,,,1,2,1,1.0,6
201300006273,0013-11-25 07:00:00,13,11,25,7,0,670,234,,,,Crépuscule ou aube,Hors agglomération,Hors intersection,Normale,Autre collision,,,,,,,,,,,2,1,1,1.0,6
201300006274,0013-02-25 07:45:00,13,2,25,7,45,670,298,,,,Plein jour,Hors agglomération,Hors intersection,Neige / grêle,Sans collision,,,,,,,,,,,1,1,1,4.0,7
201300006275,0013-03-05 21:30:00,13,3,5,21,30,670,67,115 AVENUE DE STRASBOURG,48.729,7.709,Nuit avec éclairage allumé,En agglomération,Hors intersection,Normale,Trois véhicules et plus - collisions multiples,,,,,,,,,,,5,2,1,1.0,5
201300006276,0013-05-15 12:00:00,13,5,15,12,0,670,67,9 RUE DE PFAFENHOFFEN,,,Plein jour,En agglomération,Hors intersection,Normale,Deux véhicules - côté,,,,,,,,,,,1,2,1,1.0,3
201300006277,0013-06-02 10:30:00,13,6,2,10,30,670,67,RUE DE L ABATTOIR,,,Plein jour,En agglomération,Hors intersection,Normale,Autre collision,,,,,,,,,,,1,2,1,1.0,6
201300006278,0013-06-26 18:00:00,13,6,26,18,0,670,67,,,,Plein jour,En agglomération,Hors intersection,Normale,Deux véhicules - frontale,,,,,,,,,,,1,2,1,1.0,1
201300006279,0013-07-16 14:00:00,13,7,16,14,0,670,67,141 Avenue de Strasbourg,48.734,7.713,Plein jour,En agglomération,Hors intersection,Normale,Deux véhicules - arrière,,,,,,,,,,,1,2,1,1.0,2
201300006280,0013-08-11 19:45:00,13,8,11,19,45,670,39,,48.71,7.66,Plein jour,Hors agglomération,Hors intersection,Normale,Deux véhicules - côté,,,,,,,,,,,1,1,1,1.0,3
201300006281,0013-11-30 08:00:00,13,11,30,8,0,670,67,103 Avenue de Strasbourg,48.728,7.71,Plein jour,En agglomération,Hors intersection,Brouillard / fumée,Autre collision,,,,,,,,,,,1,2,1,5.0,6
201300006282,0013-03-07 07:30:00,13,3,7,7,30,670,548,,48.644,7.608,Plein jour,Hors agglomération,Autre intersection,Normale,Autre collision,,,,,,,,,,,1,1,9,1.0,6
201300006283,0013-03-28 17:45:00,13,3,28,17,45,670,460,,48.771,7.594,Plein jour,Hors agglomération,Hors intersection,Normale,Autre collision,,,,,,,,,,,1,1,1,1.0,6
201300006284,0013-04-16 06:30:00,13,4,16,6,30,670,225,,48.808,7.534,Plein jour,Hors agglomération,Hors intersection,Normale,Deux véhicules - frontale,,,,,,,,,,,1,1,1,1.0,1
201300006285,0013-04-17 14:15:00,13,4,17,14,15,670,548,,48.639,7.594,Plein jour,Hors agglomération,Hors intersection,Normale,Autre collision,,,,,,,,,,,1,1,1,1.0,6
201300006286,0013-05-13 07:45:00,13,5,13,7,45,670,363,,48.59,7.562,Plein jour,Hors agglomération,Hors intersection,Normale,Autre collision,,,,,,,,,,,1,1,1,1.0,6
201300006287,0013-08-05 11:00:00,13,8,5,11,0,670,460,Rue de WALTENHEIM,,,Plein jour,En agglomération,Passage à niveau,Normale,Sans collision,,,,,,,,,,,1,2,8,1.0,7
201300006288,0013-08-13 19:30:00,13,8,13,19,30,670,495,Rue de la Gare,,,Plein jour,En agglomération,Hors intersection,Normale,Deux véhicules - frontale,,,,,,,,,,,1,2,1,1.0,1
201300006289,0013-09-07 22:45:00,13,9,7,22,45,670,374,,48.671,7.637,Nuit sans éclairage public,Hors agglomération,Hors intersection,Normale,Deux véhicules - arrière,,,,,,,,,,,3,1,1,1.0,2
201300006290,0013-09-21 14:00:00,13,9,21,14,0,670,375,,48.65,7.678,Plein jour,Hors agglomération,Hors intersection,Normale,Autre collision,,,,,,,,,,,1,1,1,1.0,6
201300006291,0013-12-19 08:30:00,13,12,19,8,30,670,382,,,,Plein jour,Hors agglomération,Hors intersection,Temps couvert,Autre collision,,,,,,,,,,,1,1,1,8.0,6
201300006292,0013-12-22 02:15:00,13,12,22,2,15,670,495,,,,Nuit sans éclairage public,Hors agglomération,Hors intersection,Normale,Sans collision,,,,,,,,,,,3,1,1,1.0,7
201300006293,0013-04-01 21:30:00,13,4,1,21,30,670,151,16 rue Nationale,48.693,7.874,Nuit avec éclairage non allumé,En agglomération,Hors intersection,Normale,Deux véhicules - côté,,,,,,,,,,,4,2,1,1.0,3
201300006294,0013-07-17 14:45:00,13,7,17,14,45,670,205,,48.688,7.78,Plein jour,Hors agglomération,Hors intersection,Normale,Deux véhicules - frontale,,,,,,,,,,,1,1,1,1.0,1
201300006295,0013-07-25 15:00:00,13,7,25,15,0,670,519,,48.646,7.787,Plein jour,Hors agglomération,Hors intersection,Normale,Deux véhicules - frontale,,,,,,,,,,,1,1,1,1.0,1
201300006296,0013-02-01 14:15:00,13,2,1,14,15,670,65,,,,Plein jour,Hors agglomération,Hors intersection,Pluie légère,Deux véhicules - frontale,,,,,,,,,,,1,1,1,2.0,1
201300006297,0013-03-28 11:45:00,13,3,28,11,45,670,226,,,,Plein jour,Hors agglomération,Hors intersection,Normale,Deux véhicules - frontale,,,,,,,,,,,1,1,1,1.0,1
201300006298,0013-04-27 06:15:00,13,4,27,6,15,670,118,rue du canal,,,Crépuscule ou aube,En agglomération,Hors intersection,Pluie légère,Deux véhicules - frontale,,,,,,,,,,,2,2,1,2.0,1
201300006299,0013-05-09 18:00:00,13,5,9,18,0,670,226,,,,Plein jour,Hors agglomération,Hors intersection,Normale,Deux véhicules - arrière,,,,,,,,,,,1,1,1,1.0,2
201300006300,0013-05-27 10:30:00,13,5,27,10,30,670,1,rue du Holtzheim,,,Plein jour,En agglomération,Hors intersection,Normale,Deux véhicules - côté,,,,,,,,,,,1,2,1,1.0,3
201300006301,0013-06-29 16:00:00,13,6,29,16,0,670,551,Rue du G?n?ral LECLERC,48.591,7.667,Plein jour,En agglomération,Autre intersection,Normale,Deux véhicules - côté,,,,,,,,,,,1,2,9,1.0,3
201300006302,0013-08-12 09:15:00,13,8,12,9,15,670,226,16 Route de Parie,,,Plein jour,En agglomération,Hors intersection,Normale,Autre collision,,,,,,,,,,,1,2,1,1.0,6
201300006303,0013-09-02 21:15:00,13,9,2,21,15,670,182,,48.559,7.629,Nuit sans éclairage public,Hors agglomération,Hors intersection,Normale,Autre collision,,,,,,,,,,,3,1,1,1.0,6
201300006304,0013-09-15 08:30:00,13,9,15,8,30,670,226,route de Paris,,,Plein jour,En agglomération,Autre intersection,Pluie légère,Autre collision,,,,,,,,,,,1,2,9,2.0,6
201300006305,0013-10-07 07:30:00,13,10,7,7,30,670,551,Route de Paris - D45,,,Crépuscule ou aube,En agglomération,Giratoire,Normale,Deux véhicules - frontale,,,,,,,,,,,2,2,6,1.0,1
201300006306,0013-10-18 12:00:00,13,10,18,12,0,670,118,,,,Plein jour,Hors agglomération,Hors intersection,Normale,Trois véhicules et plus - collisions multiples,,,,,,,,,,,1,1,1,1.0,5
201300006307,0013-01-02 08:15:00,13,1,2,8,15,670,20,,,,Plein jour,Hors agglomération,Hors intersection,Normale,Deux véhicules - frontale,,,,,,,,,,,1,1,1,1.0,1
201300006308,0013-02-15 07:45:00,13,2,15,7,45,670,115,,48.316,7.495,Crépuscule ou aube,Hors agglomération,Hors intersection,Neige / grêle,Autre collision,,,,,,,,,,,2,1,1,4.0,6
201300006309,0013-02-25 08:30:00,13,2,25,8,30,670,239,,48.281,7.349,Plein jour,Hors agglomération,Hors intersection,Temps couvert,Deux véhicules - frontale,,,,,,,,,,,1,1,1,8.0,1
201300006310,0013-05-12 10:30:00,13,5,12,10,30,670,239,,48.286,7.362,Plein jour,Hors agglomération,Hors intersection,Temps couvert,Deux véhicules - côté,,,,,,,,,,,1,1,1,8.0,3
201300006311,0013-07-12 08:15:00,13,7,12,8,15,670,115,,48.302,7.493,Plein jour,Hors agglomération,Hors intersection,Normale,Deux véhicules - côté,,,,,,,,,,,1,1,1,1.0,3
201300006312,0013-07-13 19:45:00,13,7,13,19,45,670,115,,48.317,7.507,Plein jour,Hors agglomération,Intersection en T,Normale,Deux véhicules - côté,,,,,,,,,,,1,1,3,1.0,3
201300006313,0013-09-02 03:00:00,13,9,2,3,0,670,317,,48.317,7.352,Nuit sans éclairage public,Hors agglomération,Hors intersection,Normale,Sans collision,,,,,,,,,,,3,1,1,1.0,7
201300006314,0013-04-15 19:00:00,13,4,15,19,0,670,21,,,,Plein jour,Hors agglomération,Hors intersection,Normale,Autre collision,,,,,,,,,,,1,1,1,1.0,6
201300006315,0013-06-20 19:45:00,13,6,20,19,45,670,481,,,,Plein jour,Hors agglomération,Intersection en X,Normale,Deux véhicules - côté,,,,,,,,,,,1,1,2,1.0,3
201300006316,0013-07-21 05:45:00,13,7,21,5,45,670,481,,48.387,7.529,Crépuscule ou aube,Hors agglomération,Hors intersection,Normale,Autre collision,,,,,,,,,,,2,1,1,1.0,6
201300006317,0013-08-21 09:30:00,13,8,21,9,30,670,227,,,,Plein jour,Hors agglomération,Hors intersection,Normale,Deux véhicules - frontale,,,,,,,,,,,1,1,1,1.0,1
201300006318,0013-09-01 05:15:00,13,9,1,5,15,670,10,,48.397,7.409,Nuit sans éclairage public,Hors agglomération,Hors intersection,Normale,Sans collision,,,,,,,,,,,3,1,1,1.0,7
201300006319,0013-09-20 13:30:00,13,9,20,13,30,670,84,,48.316,7.472,Plein jour,Hors agglomération,Hors intersection,Normale,Deux véhicules - frontale,,,,,,,,,,,1,1,1,1.0,1
201300006320,0013-01-17 11:30:00,13,1,17,11,30,670,547,1 rue de Muttersholtz,,,Plein jour,En agglomération,Hors intersection,Temps couvert,Autre collision,,,,,,,,,,,1,2,1,8.0,6
201300006321,0013-01-19 14:45:00,13,1,19,14,45,670,311,,,,Plein jour,Hors agglomération,Hors intersection,Temps couvert,Autre collision,,,,,,,,,,,1,1,1,8.0,6
201300006322,0013-02-28 22:00:00,13,2,28,22,0,670,196,,,,Plein jour,En agglomération,Hors intersection,Normale,Autre collision,,,,,,,,,,,1,2,1,1.0,6
201300006323,0013-08-03 14:45:00,13,8,3,14,45,670,281,8 rue du Rhin,,,Plein jour,En agglomération,Hors intersection,Normale,Autre collision,,,,,,,,,,,1,2,1,1.0,6
201300006324,0013-08-11 00:01:00,13,8,11,0,1,670,453,,,,Nuit avec éclairage allumé,Hors agglomération,Hors intersection,Normale,Deux véhicules - arrière,,,,,,,,,,,5,1,1,1.0,2
201300006325,0013-09-16 17:45:00,13,9,16,17,45,670,281,12 rue cl?menceau,,,Plein jour,En agglomération,Hors intersection,Pluie forte,Deux véhicules - côté,,,,,,,,,,,1,2,1,3.0,3
201300006326,0013-10-22 15:15:00,13,10,22,15,15,670,310,,,,Plein jour,Hors agglomération,Intersection en X,Normale,Deux véhicules - côté,,,,,,,,,,,1,1,2,1.0,3
201300006327,0013-12-01 18:45:00,13,12,1,18,45,670,277,,,,Nuit sans éclairage public,Hors agglomération,Hors intersection,Normale,Deux véhicules - frontale,,,,,,,,,,,3,1,1,1.0,1
201300006328,0013-12-10 16:15:00,13,12,10,16,15,670,311,,,,Plein jour,Hors agglomération,Hors intersection,Normale,Autre collision,,,,,,,,,,,1,1,1,1.0,6
201300006329,0013-03-05 14:30:00,13,3,5,14,30,670,544,AVENUE DE LA GARE,,,Plein jour,En agglomération,Hors intersection,Normale,Autre collision,,,,,,,,,,,1,2,1,1.0,6
201300006330,0013-03-25 17:30:00,13,3,25,17,30,670,400,,49.0,7.955,Plein jour,Hors agglomération,Hors intersection,Normale,Sans collision,,,,,,,,,,,1,1,1,1.0,7