accident_id,datetime,annee,mois,jour,heure,minute,departement,commune_insee,adresse,latitude,longitude,luminosite,agglomeration,intersection,meteo,collision,nb_vehicules,nb_usagers,nb_indemnes,nb_tues,nb_blesses_hosp,nb_blesses_legers,age_cond_1,age_cond_2,veh_type_cond_1,veh_type_cond_2,lum_code,agg_code,int_code,atm_code,col_code
201300006331,0013-05-14 13:00:00,13,5,14,13,0,670,451,Rue principale,48.997,8.02699,Plein jour,En agglomération,Hors intersection,Normale,Deux véhicules - frontale,,,,,,,,,,,1,2,1,1.0,1
201300006332,0013-09-07 22:45:00,13,9,7,22,45,670,544,,49.014,7.98,Nuit sans éclairage public,Hors agglomération,Hors intersection,Normale,Autre collision,,,,,,,,,,,3,1,1,1.0,6
201300006333,0013-12-01 01:45:00,13,12,1,1,45,670,74,,,,Nuit sans éclairage public,Hors agglomération,Hors intersection,Normale,Autre collision,,,,,,,,,,,3,1,1,1.0,6
201300006334,0013-02-03 15:15:00,13,2,3,15,15,670,463,1 rue de Strasbourg,48.903,8.111,Plein jour,En agglomération,Hors intersection,Normale,Deux véhicules - côté,,,,,,,,,,,1,2,1,1.0,3
201300006335,0013-03-12 16:45:00,13,3,12,16,45,670,346,,,,Plein jour,Hors agglomération,Hors intersection,Neige / grêle,Deux véhicules - frontale,,,,,,,,,,,1,1,1,4.0,1
201300006336,0013-10-25 08:15:00,13,10,25,8,15,670,494,,,,Plein jour,Hors agglomération,Hors intersection,Normale,Deux véhicules - frontale,,,,,,,,,,,1,1,1,1.0,1
201300006337,0013-10-22 00:15:00,13,10,22,0,15,670,235,,,,Nuit sans éclairage public,Hors agglomération,Hors intersection,Normale,Sans collision,,,,,,,,,,,3,1,1,1.0,7
201300006338,0013-10-26 15:15:00,13,10,26,15,15,670,327,,,,Plein jour,Hors agglomération,Hors intersection,Normale,Trois véhicules et plus - collisions multiples,,,,,,,,,,,1,1,1,1.0,5
201300006339,0013-11-26 06:45:00,13,11,26,6,45,670,25,,,,Nuit avec éclairage non allumé,Hors agglomération,Hors intersection,Autre,Deux véhicules - frontale,,,,,,,,,,,4,1,1,9.0,1
201300006340,0013-01-02 07:15:00,13,1,2,7,15,670,474,,48.949,7.894,Crépuscule ou aube,Hors agglomération,Intersection en X,Normale,Deux véhicules - côté,,,,,,,,,,,2,1,2,1.0,3
201300006341,0013-01-12 16:00:00,13,1,12,16,0,670,184,,48.893,7.987,Plein jour,Hors agglomération,Hors intersection,Normale,Deux véhicules - frontale,,,,,,,,,,,1,1,1,1.0,1
201300006342,0013-02-23 18:45:00,13,2,23,18,45,670,487,,48.908,7.861,Crépuscule ou aube,Hors agglomération,Hors intersection,Normale,Deux véhicules - frontale,,,,,,,,,,,2,1,1,1.0,1
201300006343,0013-07-01 12:00:00,13,7,1,12,0,670,474,,48.937,7.88,Plein jour,Hors agglomération,Hors intersection,Normale,Sans collision,,,,,,,,,,,1,1,1,1.0,7
201300006344,0013-09-22 15:45:00,13,9,22,15,45,670,213,,,,Plein jour,Hors agglomération,Hors intersection,Normale,Deux véhicules - côté,,,,,,,,,,,1,1,1,1.0,3
201300006345,0013-12-30 23:45:00,13,12,30,23,45,670,184,,48.918,7.983,Nuit sans éclairage public,Hors agglomération,Hors intersection,Brouillard / fumée,Autre collision,,,,,,,,,,,3,1,1,5.0,6
201300006346,0013-05-18 14:00:00,13,5,18,14,0,670,160,,48.964,7.756,Plein jour,Hors agglomération,Hors intersection,Normale,Deux véhicules - côté,,,,,,,,,,,1,1,1,1.0,3
201300006347,0013-07-31 17:00:00,13,7,31,17,0,670,257,,48.954,7.827,Plein jour,Hors agglomération,Hors intersection,Normale,Deux véhicules - côté,,,,,,,,,,,1,1,1,1.0,3
201300006348,0013-01-25 10:00:00,13,1,25,10,0,680,7,,48.06032,7.4248,Plein jour,Hors agglomération,Autre intersection,Normale,Deux véhicules - frontale,,,,,,,,,,,1,1,9,1.0,1
201300006349,0013-03-13 15:15:00,13,3,13,15,15,680,145,A hauteur 86 Grand'Rue,48.08005,7.39825,Plein jour,En agglomération,Hors intersection,Normale,Deux véhicules - frontale,,,,,,,,,,,1,2,1,1.0,1
201300006350,0013-04-24 15:15:00,13,4,24,15,15,680,9,,48.10965,7.57025,Plein jour,Hors agglomération,Hors intersection,Normale,Autre collision,,,,,,,,,,,1,1,1,1.0,6
201300006351,0013-05-10 14:45:00,13,5,10,14,45,680,331,rue des acacias,48.04597,7.41506,Plein jour,En agglomération,Intersection en T,Normale,Deux véhicules - frontale,,,,,,,,,,,1,2,3,1.0,1
201300006352,0013-06-17 16:45:00,13,6,17,16,45,680,227,,48.10858,7.47367,Plein jour,Hors agglomération,Intersection en Y,Normale,Deux véhicules - frontale,,,,,,,,,,,1,1,4,1.0,1
201300006353,0013-07-01 21:45:00,13,7,1,21,45,680,146,RUE DE LATTRE DE TASSIGN,48.12493,7.37828,Crépuscule ou aube,En agglomération,Intersection en X,Normale,Deux véhicules - frontale,,,,,,,,,,,2,2,2,1.0,1
201300006354,0013-07-02 19:30:00,13,7,2,19,30,680,227,,48.10808,7.48291,Plein jour,Hors agglomération,Intersection en X,Normale,Deux véhicules - côté,,,,,,,,,,,1,1,2,1.0,3
201300006355,0013-07-26 10:45:00,13,7,26,10,45,680,331,,48.04968,7.40435,Plein jour,Hors agglomération,Hors intersection,Normale,Trois véhicules et plus - collisions multiples,,,,,,,,,,,1,1,1,1.0,5
201300006356,0013-12-23 15:00:00,13,12,23,15,0,680,145,GRAND RUE,,,Nuit avec éclairage allumé,En agglomération,Hors intersection,Normale,Deux véhicules - frontale,,,,,,,,,,,5,2,1,1.0,1
201300006357,0013-01-22 07:45:00,13,1,22,7,45,680,249,route de colmar,48.12858,7.16734,Crépuscule ou aube,En agglomération,Hors intersection,Normale,Autre collision,,,,,,,,,,,2,2,1,1.0,6
201300006358,0013-06-07 21:00:00,13,6,7,21,0,680,26,rue de jegun,48.14166,7.33094,Crépuscule ou aube,En agglomération,Intersection en X,Normale,Deux véhicules - arrière,,,,,,,,,,,2,2,2,1.0,2
201300006359,0013-08-21 18:30:00,13,8,21,18,30,680,26,Rue des romains,48.152,7.334,Plein jour,En agglomération,Hors intersection,Normale,Deux véhicules - côté,,,,,,,,,,,1,2,1,1.0,3
201300006360,0013-10-02 16:00:00,13,10,2,16,0,680,310,,48.137,7.319,Plein jour,Hors agglomération,Giratoire,Temps éblouissant,Deux véhicules - côté,,,,,,,,,,,1,1,6,7.0,3
201300006361,0013-12-11 17:30:00,13,12,11,17,30,680,44,,,,Plein jour,Hors agglomération,Hors intersection,Neige / grêle,Sans collision,,,,,,,,,,,1,1,1,4.0,7
201300006362,0013-01-20 21:45:00,13,1,20,21,45,680,368,route Nationale,48.04657,7.20852,Nuit avec éclairage allumé,En agglomération,Hors intersection,Pluie légère,Autre collision,,,,,,,,,,,5,2,1,2.0,6
201300006363,0013-03-23 23:30:00,13,3,23,23,30,680,368,,48.04615,7.20768,Nuit avec éclairage allumé,Hors agglomération,Hors intersection,Normale,Deux véhicules - arrière,,,,,,,,,,,5,1,1,1.0,2
201300006364,0013-04-15 16:30:00,13,4,15,16,30,680,368,rue de Walbach,48.05304,7.20741,Plein jour,En agglomération,Hors intersection,Normale,Deux véhicules - frontale,,,,,,,,,,,1,2,1,1.0,1
201300006365,0013-07-07 13:45:00,13,7,7,13,45,680,329,,48.06069,7.08641,Plein jour,Hors agglomération,Intersection en T,Normale,Deux véhicules - côté,,,,,,,,,,,1,1,3,1.0,3
201300006366,0013-09-01 09:45:00,13,9,1,9,45,680,142,,48.067,7.137,Plein jour,Hors agglomération,Hors intersection,Normale,Deux véhicules - frontale,,,,,,,,,,,1,1,1,1.0,1
201300006367,0013-09-28 22:00:00,13,9,28,22,0,680,51,"1, route de Munster",48.02771,7.10151,Nuit sans éclairage public,En agglomération,Hors intersection,Normale,Autre collision,,,,,,,,,,,3,2,1,1.0,6
201300006368,0013-09-28 16:30:00,13,9,28,16,30,680,311,,47.99189,7.06965,Plein jour,Hors agglomération,Hors intersection,Normale,Deux véhicules - côté,,,,,,,,,,,1,1,1,1.0,3
201300006369,0013-10-02 09:45:00,13,10,2,9,45,680,117,16 B rue de MUNSTER,,,Plein jour,En agglomération,Hors intersection,Normale,Deux véhicules - frontale,,,,,,,,,,,1,2,1,1.0,1
201300006370,0013-11-12 08:15:00,13,11,12,8,15,680,117,,48.047,7.169,Plein jour,Hors agglomération,Hors intersection,Normale,Deux véhicules - côté,,,,,,,,,,,1,1,1,1.0,3
201300006371,0013-12-04 18:15:00,13,12,4,18,15,680,226,38 grand'rue,48.045,7.136,Nuit avec éclairage allumé,En agglomération,Hors intersection,Normale,Autre collision,,,,,,,,,,,5,2,1,1.0,6
201300006372,0013-01-30 08:00:00,13,1,30,8,0,680,379,,48.0374,7.482,Plein jour,Hors agglomération,Hors intersection,Temps couvert,Deux véhicules - frontale,,,,,,,,,,,1,1,1,8.0,1
201300006373,0013-02-08 16:19:00,13,2,8,16,19,680,351,,48.01012,7.5846,Plein jour,Hors agglomération,Hors intersection,Normale,Autre collision,,,,,,,,,,,1,1,1,1.0,6
201300006374,0013-04-17 19:45:00,13,4,17,19,45,680,36,RD12/RUE DES PECHEURS,48.04033,7.54741,Plein jour,En agglomération,Intersection en Y,Normale,Deux véhicules - frontale,,,,,,,,,,,1,2,4,1.0,1
201300006375,0013-07-28 18:00:00,13,7,28,18,0,680,230,RD468- Route thierhurst,47.94198,7.54373,Plein jour,En agglomération,Intersection en Y,Temps couvert,Deux véhicules - côté,,,,,,,,,,,1,2,4,8.0,3
201300006376,0013-08-22 09:45:00,13,8,22,9,45,680,189,1 Rue de Dinsheim,48.02001,7.40667,Plein jour,En agglomération,Autre intersection,Normale,Autre collision,,,,,,,,,,,1,2,9,1.0,6
201300006377,0013-09-03 14:15:00,13,9,3,14,15,680,69,,47.96127,7.49528,Plein jour,Hors agglomération,Hors intersection,Normale,Autre collision,,,,,,,,,,,1,1,1,1.0,6
201300006378,0013-10-16 12:15:00,13,10,16,12,15,680,36,,48.056,7.556,Plein jour,Hors agglomération,Intersection en X,Normale,Deux véhicules - frontale,,,,,,,,,,,1,1,2,1.0,1
201300006379,0013-10-17 16:00:00,13,10,17,16,0,680,231,route de B?le,48.017,7.531,Plein jour,En agglomération,Hors intersection,Temps éblouissant,Autre collision,,,,,,,,,,,1,2,1,7.0,6
201300006380,0013-10-20 02:30:00,13,10,20,2,30,680,36,,48.056,7.537,Nuit sans éclairage public,Hors agglomération,Hors intersection,Normale,Autre collision,,,,,,,,,,,3,1,1,1.0,6
201300006381,0013-10-26 17:00:00,13,10,26,17,0,680,130,rue du Rhin et 7 f?vrier,47.974,7.547,Plein jour,En agglomération,Hors intersection,Normale,Deux véhicules - côté,,,,,,,,,,,1,2,1,1.0,3
201300006382,0013-11-08 17:15:00,13,11,8,17,15,680,351,,48.013,7.588,Nuit sans éclairage public,Hors agglomération,Hors intersection,Pluie légère,Deux véhicules - côté,,,,,,,,,,,3,1,1,2.0,3
201300006383,0013-11-18 06:15:00,13,11,18,6,15,680,69,,47.997,7.5033,Crépuscule ou aube,Hors agglomération,Hors intersection,Brouillard / fumée,Autre collision,,,,,,,,,,,2,1,1,5.0,6
201300006384,0013-12-16 15:00:00,13,12,16,15,0,680,352,,48.021,7.539,Plein jour,En agglomération,Intersection en T,Normale,Deux véhicules - côté,,,,,,,,,,,1,2,3,1.0,3
201300006385,0013-12-21 12:30:00,13,12,21,12,30,680,36,,,,Plein jour,Hors agglomération,Hors intersection,Normale,Deux véhicules - frontale,,,,,,,,,,,1,1,1,1.0,1
201300006386,0013-04-22 18:30:00,13,4,22,18,30,680,296,,48.21832,7.40084,Plein jour,Hors agglomération,Intersection en T,Normale,Deux véhicules - côté,,,,,,,,,,,1,1,3,1.0,3
201300006387,0013-05-19 17:15:00,13,5,19,17,15,680,23,,48.1678,7.34923,Plein jour,Hors agglomération,Hors intersection,Pluie légère,Autre collision,,,,,,,,,,,1,1,1,2.0,6
201300006388,0013-06-18 16:30:00,13,6,18,16,30,680,269,,,,Plein jour,Hors agglomération,Hors intersection,Temps éblouissant,Deux véhicules - frontale,,,,,,,,,,,1,1,1,7.0,1
201300006389,0013-07-06 17:00:00,13,7,6,17,0,680,269,,48.19265,7.22524,Plein jour,Hors agglomération,Hors intersection,Normale,Sans collision,,,,,,,,,,,1,1,1,1.0,7
201300006390,0013-07-20 16:00:00,13,7,20,16,0,680,280,,48.22552,7.36243,Plein jour,Hors agglomération,Intersection en X,Normale,Deux véhicules - côté,,,,,,,,,,,1,1,2,1.0,3
201300006391,0013-09-03 16:45:00,13,9,3,16,45,680,147,,48.181,7.324,Plein jour,Hors agglomération,Hors intersection,Normale,Sans collision,,,,,,,,,,,1,1,1,1.0,7
201300006392,0013-03-03 15:45:00,13,3,3,15,45,680,298,,48.24772,7.15739,Plein jour,Hors agglomération,Hors intersection,Normale,Deux véhicules - frontale,,,,,,,,,,,1,1,1,1.0,1
201300006393,0013-02-27 07:15:00,13,2,27,7,15,680,78,route de Wettolsheim,48.04575,7.31035,Plein jour,En agglomération,Hors intersection,Normale,Sans collision,,,,,,,,,,,1,2,1,1.0,7
201300006394,0013-04-21 22:15:00,13,4,21,22,15,680,374,RD 83 rue de Colmar,48.0684,7.30975,Nuit avec éclairage allumé,En agglomération,Intersection en X,Normale,Deux véhicules - frontale,,,,,,,,,,,5,2,2,1.0,1
201300006395,0013-05-21 12:00:00,13,5,21,12,0,680,155,RUE SCHUMANN 68040,48.09403,7.30678,Plein jour,En agglomération,Giratoire,Normale,Deux véhicules - côté,,,,,,,,,,,1,2,6,1.0,3
201300006396,0013-06-29 06:00:00,13,6,29,6,0,680,161,,48.10972,2.29574,Crépuscule ou aube,Hors agglomération,Hors intersection,Pluie légère,Autre collision,,,,,,,,,,,2,1,1,2.0,6
201300006397,0013-07-03 15:45:00,13,7,3,15,45,680,155,,48.09666,7.31385,Plein jour,Hors agglomération,Hors intersection,Pluie légère,Autre collision,,,,,,,,,,,1,1,1,2.0,6
201300006398,0013-08-30 11:15:00,13,8,30,11,15,680,338,,48.09233,7.23874,Plein jour,Hors agglomération,Hors intersection,Normale,Deux véhicules - frontale,,,,,,,,,,,1,1,1,1.0,1
201300006399,0013-09-03 18:15:00,13,9,3,18,15,680,338,route des trois épis,48.08384,7.25846,Plein jour,En agglomération,Hors intersection,Temps éblouissant,Deux véhicules - côté,,,,,,,,,,,1,2,1,7.0,3
201300006400,0013-10-15 15:15:00,13,10,15,15,15,680,374,,48.07855,7.31188,Plein jour,Hors agglomération,Hors intersection,Normale,Deux véhicules - côté,,,,,,,,,,,1,1,1,1.0,3
201300006401,0013-12-03 22:30:00,13,12,3,22,30,680,155,,,,Nuit sans éclairage public,Hors agglomération,Hors intersection,Brouillard / fumée,Deux véhicules - frontale,,,,,,,,,,,3,1,1,5.0,1
201300006402,0013-07-11 06:00:00,13,7,11,6,0,680,133,,47.56948,7.29252,Crépuscule ou aube,Hors agglomération,Hors intersection,Normale,Autre collision,,,,,,,,,,,2,1,1,1.0,6
201300006403,0013-08-10 14:15:00,13,8,10,14,15,680,333,,47.61767,7.31105,Plein jour,Hors agglomération,Hors intersection,Normale,Deux véhicules - côté,,,,,,,,,,,1,1,1,1.0,3
201300006404,0013-09-21 18:45:00,13,9,21,18,45,680,222,D463,,,Plein jour,En agglomération,Intersection en X,Normale,Trois véhicules et plus - collisions multiples,,,,,,,,,,,1,2,2,1.0,5
201300006405,0013-10-31 23:15:00,13,10,31,23,15,680,10,route de Thann,47.63773,7.23359,Nuit avec éclairage allumé,En agglomération,Hors intersection,Normale,Autre collision,,,,,,,,,,,5,2,1,1.0,6
201300006406,0013-12-16 14:15:00,13,12,16,14,15,680,17,,,,Plein jour,Hors agglomération,Hors intersection,Normale,Deux véhicules - frontale,,,,,,,,,,,1,1,1,1.0,1
201300006407,0013-01-27 03:00:00,13,1,27,3,0,680,332,,47.65381,7.26535,Nuit avec éclairage allumé,En agglomération,Hors intersection,Normale,Autre collision,,,,,,,,,,,5,2,1,1.0,6
201300006408,0013-02-03 00:15:00,13,2,3,0,15,680,99,77 RUE PRINCIPALE,47.69258,7.27367,Nuit sans éclairage public,En agglomération,Hors intersection,Normale,Deux véhicules - frontale,,,,,,,,,,,3,2,1,1.0,1
201300006409,0013-03-31 00:15:00,13,3,31,0,15,680,99,D18V,47.68657,7.26623,Nuit avec éclairage allumé,En agglomération,Hors intersection,Pluie légère,Deux véhicules - côté,,,,,,,,,,,5,2,1,2.0,3
201300006410,0013-05-18 18:45:00,13,5,18,18,45,680,65,,47.64408,7.03669,Plein jour,Hors agglomération,Hors intersection,Normale,Sans collision,,,,,,,,,,,1,1,1,1.0,7
201300006411,0013-06-17 09:00:00,13,6,17,9,0,680,319,15 rue d'illfurth,47.6719,7.22908,Plein jour,En agglomération,Hors intersection,Normale,Deux véhicules - frontale,,,,,,,,,,,1,2,1,1.0,1
201300006412,0013-10-26 19:00:00,13,10,26,19,0,680,245,,47.642,7.305,Nuit sans éclairage public,Hors agglomération,Hors intersection,Normale,Deux véhicules - côté,,,,,,,,,,,3,1,1,1.0,3
201300006413,0013-12-06 15:00:00,13,12,6,15,0,680,268,,47.639,7.0931,Plein jour,Hors agglomération,Hors intersection,Normale,Sans collision,,,,,,,,,,,1,1,1,1.0,7
201300006414,0013-05-08 13:45:00,13,5,8,13,45,680,49,,47.50566,7.33226,Plein jour,Hors agglomération,Hors intersection,Normale,Sans collision,,,,,,,,,,,1,1,1,1.0,7
201300006415,0013-05-18 15:00:00,13,5,18,15,0,680,165,,47.44071,7.32732,Plein jour,Hors agglomération,Hors intersection,Normale,Sans collision,,,,,,,,,,,1,1,1,1.0,7
201300006416,0013-05-20 21:00:00,13,5,20,21,0,680,330,,47.57948,7.12975,Nuit sans éclairage public,Hors agglomération,Hors intersection,Normale,Sans collision,,,,,,,,,,,3,1,1,1.0,7
201300006417,0013-06-19 09:45:00,13,6,19,9,45,680,306,"5, rue de BALE",47.53441,7.18034,Plein jour,En agglomération,Hors intersection,Normale,Deux véhicules - arrière,,,,,,,,,,,1,2,1,1.0,2
201300006418,0013-06-22 02:00:00,13,6,22,2,0,680,340,,47.54508,7.15103,Nuit sans éclairage public,Hors agglomération,Hors intersection,Normale,Sans collision,,,,,,,,,,,3,1,1,1.0,7
201300006419,0013-06-30 17:00:00,13,6,30,17,0,680,259,,47.47118,7.34474,Plein jour,Hors agglomération,Hors intersection,Normale,Autre collision,,,,,,,,,,,1,1,1,1.0,6
201300006420,0013-07-28 01:30:00,13,7,28,1,30,680,176,rue de Seppois,47.55854,7.1867,Nuit avec éclairage allumé,En agglomération,Hors intersection,Temps couvert,Autre collision,,,,,,,,,,,5,2,1,8.0,6
201300006421,0013-10-19 15:00:00,13,10,19,15,0,680,67,,47.47019,7.2109,Plein jour,Hors agglomération,Hors intersection,Normale,Deux véhicules - frontale,,,,,,,,,,,1,1,1,1.0,1
201300006422,0013-02-09 19:15:00,13,2,9,19,15,680,82,faubourg de Belfort,47.863,7.341,Nuit avec éclairage allumé,En agglomération,Hors intersection,Neige / grêle,Autre collision,,,,,,,,,,,5,2,1,4.0,6
201300006423,0013-03-02 06:00:00,13,3,2,6,0,680,82,,47.875,7.372,Nuit sans éclairage public,Hors agglomération,Hors intersection,Normale,Autre collision,,,,,,,,,,,3,1,1,1.0,6
201300006424,0013-04-05 08:45:00,13,4,5,8,45,680,235,,,,Plein jour,Hors agglomération,Hors intersection,Normale,Deux véhicules - frontale,,,,,,,,,,,1,1,1,1.0,1
201300006425,0013-06-09 18:00:00,13,6,9,18,0,680,82,,47.84923,7.32347,Plein jour,Hors agglomération,Hors intersection,Normale,Autre collision,,,,,,,,,,,1,1,1,1.0,6
201300006426,0013-06-16 17:30:00,13,6,16,17,30,680,281,,47.88861,7.4481,Plein jour,Hors agglomération,Intersection en X,Normale,Deux véhicules - côté,,,,,,,,,,,1,1,2,1.0,3
201300006427,0013-06-20 14:45:00,13,6,20,14,45,680,281,,47.8882,7.4581,Plein jour,Hors agglomération,Hors intersection,Normale,Deux véhicules - frontale,,,,,,,,,,,1,1,1,1.0,1
201300006428,0013-06-28 12:15:00,13,6,28,12,15,680,205,,47.91345,7.35974,Plein jour,Hors agglomération,Hors intersection,Normale,Deux véhicules - frontale,,,,,,,,,,,1,1,1,1.0,1
201300006429,0013-08-17 13:45:00,13,8,17,13,45,680,41,,47.888,7.547,Plein jour,Hors agglomération,Hors intersection,Normale,Sans collision,,,,,,,,,,,1,1,1,1.0,7
201300006430,0013-08-20 11:45:00,13,8,20,11,45,680,205,,47.92247,7.35666,Plein jour,Hors agglomération,Hors intersection,Normale,Deux véhicules - frontale,,,,,,,,,,,1,1,1,1.0,1
201300006431,0013-08-23 16:00:00,13,8,23,16,0,680,82,,47.86825,7.33615,Plein jour,Hors agglomération,Hors intersection,Normale,Deux véhicules - côté,,,,,,,,,,,1,1,1,1.0,3
201300006432,0013-09-19 15:30:00,13,9,19,15,30,680,82,,47.87663,7.38651,Plein jour,Hors agglomération,Hors intersection,Normale,Deux véhicules - côté,,,,,,,,,,,1,1,1,1.0,3
201300006433,0013-09-29 14:30:00,13,9,29,14,30,680,91,,,,Plein jour,Hors agglomération,Hors intersection,Normale,Deux véhicules - côté,,,,,,,,,,,1,1,1,1.0,3
201300006434,0013-11-16 18:15:00,13,11,16,18,15,680,91,,47.91933,7.50483,Nuit sans éclairage public,Hors agglomération,Hors intersection,Normale,Trois véhicules et plus - collisions multiples,,,,,,,,,,,3,1,1,1.0,5
201300006435,0013-01-14 17:30:00,13,1,14,17,30,680,364,,47.95437,7.25557,Nuit avec éclairage allumé,Hors agglomération,Hors intersection,Normale,Trois véhicules et plus - en chaîne,,,,,,,,,,,5,1,1,1.0,4
201300006436,0013-09-28 12:00:00,13,9,28,12,0,680,251,Place du Waldacker,47.994,7.214,Plein jour,En agglomération,Hors intersection,Normale,Deux véhicules - frontale,,,,,,,,,,,1,2,1,1.0,1
201300006437,0013-12-09 19:45:00,13,12,9,19,45,680,318,,47.96165,7.21277,Nuit sans éclairage public,Hors agglomération,Hors intersection,Autre,Sans collision,,,,,,,,,,,3,1,1,9.0,7
201300006438,0013-12-22 10:00:00,13,12,22,10,0,680,318,,,,Plein jour,Hors agglomération,Hors intersection,Temps couvert,Autre collision,,,,,,,,,,,1,1,1,8.0,6
201300006439,0013-03-15 08:15:00,13,3,15,8,15,680,318,,47.95745,7.19967,Plein jour,Hors agglomération,Hors intersection,Normale,Deux véhicules - frontale,,,,,,,,,,,1,1,1,1.0,1
201300006440,0013-06-08 20:15:00,13,6,8,20,15,680,203,,47.911,7.302,Plein jour,Hors agglomération,Hors intersection,Normale,Deux véhicules - frontale,,,,,,,,,,,1,1,1,1.0,1
201300006441,0013-06-27 02:45:00,13,6,27,2,45,680,381,,47.874,7.185,Nuit sans éclairage public,Hors agglomération,Hors intersection,Normale,Autre collision,,,,,,,,,,,3,1,1,1.0,6
201300006442,0013-06-30 14:00:00,13,6,30,14,0,680,203,,47.90727,7.29947,Plein jour,Hors agglomération,Hors intersection,Normale,Sans collision,,,,,,,,,,,1,1,1,1.0,7
201300006443,0013-03-15 18:30:00,13,3,15,18,30,680,154,rue de la hardt,,,Plein jour,En agglomération,Hors intersection,Normale,Sans collision,,,,,,,,,,,1,2,1,1.0,7
201300006444,0013-02-10 15:15:00,13,2,10,15,15,680,267,rue de mulhouse,47.756,7.238,Plein jour,En agglomération,Hors intersection,Normale,Deux véhicules - frontale,,,,,,,,,,,1,2,1,1.0,1
201300006445,0013-03-22 12:00:00,13,3,22,12,0,680,384,69 faubourg de MULHOUSE,47.69548,7.30373,Plein jour,En agglomération,Hors intersection,Normale,Deux véhicules - arrière,,,,,,,,,,,1,2,1,1.0,2
201300006446,0013-06-12 14:30:00,13,6,12,14,30,680,195,,47.76299,7.27947,Plein jour,En agglomération,Intersection en X,Normale,Deux véhicules - côté,,,,,,,,,,,1,2,2,1.0,3
201300006447,0013-08-30 09:30:00,13,8,30,9,30,680,267,,47.774,7.244,Plein jour,Hors agglomération,Hors intersection,Normale,Deux véhicules - arrière,,,,,,,,,,,1,1,1,1.0,2
201300006448,0013-10-11 15:30:00,13,10,11,15,30,680,195,rue du Gal de Gaulle,47.763,7.283,Plein jour,En agglomération,Hors intersection,Normale,Deux véhicules - arrière,,,,,,,,,,,1,2,1,1.0,2
201300006449,0013-12-20 00:45:00,13,12,20,0,45,680,70,rue de Hochstatt,47.724,7.3,Nuit avec éclairage allumé,En agglomération,Hors intersection,Pluie forte,Deux véhicules - frontale,,,,,,,,,,,5,2,1,3.0,1
201300006450,0013-01-10 13:30:00,13,1,10,13,30,680,135,RD419 / RUE DES TULIPES,,,Plein jour,En agglomération,Intersection en T,Normale,Deux véhicules - côté,,,,,,,,,,,1,2,3,1.0,3
201300006451,0013-05-02 18:00:00,13,5,2,18,0,680,208,,,,Plein jour,Hors agglomération,Hors intersection,Normale,Deux véhicules - côté,,,,,,,,,,,1,1,1,1.0,3
201300006452,0013-05-11 17:30:00,13,5,11,17,30,680,135,,,,Plein jour,Hors agglomération,Hors intersection,Normale,Sans collision,,,,,,,,,,,1,1,1,1.0,7
201300006453,0013-06-09 12:30:00,13,6,9,12,30,680,135,,47.58143,7.53497,Plein jour,Hors agglomération,Hors intersection,Temps éblouissant,Deux véhicules - frontale,,,,,,,,,,,1,1,1,7.0,1
201300006454,0013-08-13 02:00:00,13,8,13,2,0,680,349,,,,Nuit sans éclairage public,Hors agglomération,Hors intersection,Normale,Autre collision,,,,,,,,,,,3,1,1,1.0,6
201300006455,0013-08-25 21:00:00,13,8,25,21,0,680,126,82 RUE DE BOURGFELDEN,,,Nuit avec éclairage allumé,En agglomération,Hors intersection,Normale,Autre collision,,,,,,,,,,,5,2,1,1.0,6
201300006456,0013-02-10 00:15:00,13,2,10,0,15,680,324,rue principale,47.65704,7.34553,Nuit avec éclairage allumé,En agglomération,Intersection en X,Normale,Deux véhicules - côté,,,,,,,,,,,5,2,2,1.0,3
201300006457,0013-03-06 12:15:00,13,3,6,12,15,680,72,,47.69725,7.42251,Plein jour,Hors agglomération,Hors intersection,Normale,Trois véhicules et plus - en chaîne,,,,,,,,,,,1,1,1,1.0,4
201300006458,0013-06-10 01:30:00,13,6,10,1,30,680,309,21 rue Rogg Haas,,,Nuit avec éclairage allumé,En agglomération,Hors intersection,Pluie forte,Autre collision,,,,,,,,,,,5,2,1,3.0,6
201300006459,0013-10-30 20:45:00,13,10,30,20,45,680,21,,47.62961,7.48891,Nuit sans éclairage public,Hors agglomération,Hors intersection,Normale,Deux véhicules - arrière,,,,,,,,,,,3,1,1,1.0,2
201300006460,0013-11-09 09:15:00,13,11,9,9,15,680,103,,47.70301,7.42297,Plein jour,Hors agglomération,Hors intersection,Normale,Trois véhicules et plus - en chaîne,,,,,,,,,,,1,1,1,1.0,4
201300006461,0013-09-25 08:00:00,13,9,25,8,0,680,334,,,,Crépuscule ou aube,Hors agglomération,Hors intersection,Normale,Deux véhicules - côté,,,,,,,,,,,2,1,1,1.0,3