accident_id,datetime,annee,mois,jour,heure,minute,departement,commune_insee,adresse,latitude,longitude,luminosite,agglomeration,intersection,meteo,collision,nb_vehicules,nb_usagers,nb_indemnes,nb_tues,nb_blesses_hosp,nb_blesses_legers,age_cond_1,age_cond_2,veh_type_cond_1,veh_type_cond_2,lum_code,agg_code,int_code,atm_code,col_code
201300006597,0013-07-26 21:00:00,13,7,26,21,0,80,468,,49.784,4.463,Crépuscule ou aube,Hors agglomération,Hors intersection,Normale,Sans collision,,,,,,,,,,,2,1,1,1.0,7
201300006598,0013-08-21 18:45:00,13,8,21,18,45,80,125,,49.829,4.6,Plein jour,Hors agglomération,Hors intersection,Normale,Deux véhicules - côté,,,,,,,,,,,1,1,1,1.0,3
201300006599,0013-10-06 07:15:00,13,10,6,7,15,80,370,170 RUE DE L'ENCLOS,49.8451,4.37578,Crépuscule ou aube,En agglomération,Hors intersection,Normale,Autre collision,,,,,,,,,,,2,2,1,1.0,6
201300006600,0013-10-07 23:45:00,13,10,7,23,45,80,361,,49.8544,4.62142,Nuit sans éclairage public,Hors agglomération,Hors intersection,Normale,Autre collision,,,,,,,,,,,3,1,1,1.0,6
201300006601,0013-10-22 09:15:00,13,10,22,9,15,80,450,,49.773,4.611,Plein jour,Hors agglomération,Hors intersection,Normale,Deux véhicules - frontale,,,,,,,,,,,1,1,1,1.0,1
201300006602,0013-04-10 17:15:00,13,4,10,17,15,80,363,rue FERRER,,,Plein jour,En agglomération,Hors intersection,Normale,Deux véhicules - frontale,,,,,,,,,,,1,2,1,1.0,1
201300006603,0013-07-16 10:00:00,13,7,16,10,0,80,185,RUE DES EVIGNES,49.996,4.697,Plein jour,En agglomération,Hors intersection,Normale,Autre collision,,,,,,,,,,,1,2,1,1.0,6
201300006604,0013-09-09 21:00:00,13,9,9,21,0,80,185,rue des Evignes,49.992,4.692,Nuit avec éclairage non allumé,En agglomération,Hors intersection,Pluie forte,Autre collision,,,,,,,,,,,4,2,1,3.0,6
201300006605,0013-12-10 12:15:00,13,12,10,12,15,80,363,339 AVENUE D'ORZY,49.9322,4.64926,Plein jour,En agglomération,Hors intersection,Normale,Deux véhicules - arrière,,,,,,,,,,,1,2,1,1.0,2
201300006606,0013-04-01 14:45:00,13,4,1,14,45,80,207,,,,Plein jour,Hors agglomération,Giratoire,Normale,Sans collision,,,,,,,,,,,1,1,6,1.0,7
201300006607,0013-06-02 19:45:00,13,6,2,19,45,80,226,,,,Plein jour,Hors agglomération,Hors intersection,Normale,Deux véhicules - arrière,,,,,,,,,,,1,1,1,1.0,2
201300006608,0013-07-13 17:45:00,13,7,13,17,45,80,190,rue DE TIVOLI,,,Plein jour,En agglomération,Hors intersection,Normale,Deux véhicules - frontale,,,,,,,,,,,1,2,1,1.0,1
201300006609,0013-07-19 15:15:00,13,7,19,15,15,80,190,all?e des bergeronnette,,,Plein jour,En agglomération,Hors intersection,Normale,Sans collision,,,,,,,,,,,1,2,1,1.0,7
201300006610,0013-01-04 09:30:00,13,1,4,9,30,80,367,,,,Plein jour,Hors agglomération,Hors intersection,Pluie légère,Autre collision,,,,,,,,,,,1,1,1,2.0,6
201300006611,0013-06-21 16:30:00,13,6,21,16,30,80,37,rue des buttes,,,Plein jour,En agglomération,Hors intersection,Pluie légère,Autre collision,,,,,,,,,,,1,2,1,2.0,6
201300006612,0013-06-22 08:30:00,13,6,22,8,30,80,367,,,,Plein jour,Hors agglomération,Hors intersection,Normale,Deux véhicules - côté,,,,,,,,,,,1,1,1,1.0,3
201300006613,0013-10-20 13:45:00,13,10,20,13,45,80,78,,,,Plein jour,Hors agglomération,Hors intersection,Temps couvert,Deux véhicules - frontale,,,,,,,,,,,1,1,1,8.0,1
201300006614,0013-03-02 20:30:00,13,3,2,20,30,80,67,,49.62,5.212,Nuit sans éclairage public,Hors agglomération,Hors intersection,Normale,Deux véhicules - frontale,,,,,,,,,,,3,1,1,1.0,1
201300006615,0013-03-11 19:45:00,13,3,11,19,45,80,34,,49.6047,5.05526,Nuit sans éclairage public,Hors agglomération,Hors intersection,Temps couvert,Autre collision,,,,,,,,,,,3,1,1,8.0,6
201300006616,0013-03-25 02:00:00,13,3,25,2,0,80,375,RD 8043,,,Nuit avec éclairage allumé,En agglomération,Hors intersection,Normale,Deux véhicules - côté,,,,,,,,,,,5,2,1,1.0,3
201300006617,0013-04-21 17:15:00,13,4,21,17,15,80,9,RUE DE LA PIERIE,49.6279,5.0568,Plein jour,En agglomération,Hors intersection,Normale,Deux véhicules - côté,,,,,,,,,,,1,2,1,1.0,3
201300006618,0013-09-30 07:15:00,13,9,30,7,15,80,53,RD 129,49.6754,4.97852,Crépuscule ou aube,En agglomération,Intersection en X,Normale,Deux véhicules - côté,,,,,,,,,,,2,2,2,1.0,3
201300006619,0013-12-23 08:00:00,13,12,23,8,0,80,90,RUE HABLOT,49.6315,5.16678,Nuit avec éclairage allumé,En agglomération,Hors intersection,Pluie légère,Autre collision,,,,,,,,,,,5,2,1,2.0,6
201300006620,0013-05-20 14:30:00,13,5,20,14,30,80,142,,,,Plein jour,Hors agglomération,Intersection en X,Normale,Deux véhicules - côté,,,,,,,,,,,1,1,2,1.0,3
201300006621,0013-05-25 18:30:00,13,5,25,18,30,80,142,RUE DE L'ATELIER,49.7015,4.87209,Plein jour,En agglomération,Hors intersection,Normale,Autre collision,,,,,,,,,,,1,2,1,1.0,6
201300006622,0013-06-09 06:00:00,13,6,9,6,0,80,211,,49.6284,4.96534,Plein jour,Hors agglomération,Hors intersection,Normale,Sans collision,,,,,,,,,,,1,1,1,1.0,7
201300006623,0013-07-03 12:15:00,13,7,3,12,15,80,488,Rue rene Gouverneur,49.7341,4.8279,Plein jour,En agglomération,Intersection en X,Normale,Deux véhicules - côté,,,,,,,,,,,1,2,2,1.0,3
201300006624,0013-08-07 11:45:00,13,8,7,11,45,80,391,,49.742,4.937,Plein jour,Hors agglomération,Hors intersection,Pluie légère,Deux véhicules - frontale,,,,,,,,,,,1,1,1,2.0,1
201300006625,0013-08-29 14:45:00,13,8,29,14,45,80,491,LIEU DIT LA MAL CAMPEE,,,Plein jour,En agglomération,Hors intersection,Normale,Autre collision,,,,,,,,,,,1,2,1,1.0,6
201300006626,0013-09-22 15:00:00,13,9,22,15,0,80,115,,49.5986,4.84274,Plein jour,Hors agglomération,Hors intersection,Normale,Deux véhicules - frontale,,,,,,,,,,,1,1,1,1.0,1
201300006627,0013-12-09 07:45:00,13,12,9,7,45,80,357,,49.6687,4.95501,Crépuscule ou aube,En agglomération,Hors intersection,Normale,Autre collision,,,,,,,,,,,2,2,1,1.0,6
201300006628,0013-09-26 08:45:00,13,9,26,8,45,80,151,,49.537,4.611,Plein jour,Hors agglomération,Hors intersection,Brouillard / fumée,Deux véhicules - frontale,,,,,,,,,,,1,1,1,5.0,1
201300006629,0013-02-25 04:30:00,13,2,25,4,30,80,33,,49.456,4.88,Nuit sans éclairage public,Hors agglomération,Hors intersection,Neige / grêle,Sans collision,,,,,,,,,,,3,1,1,4.0,7
201300006630,0013-01-19 19:30:00,13,1,19,19,30,80,362,4 AVENUE GAMBETTA,49.5072,4.3641,Nuit avec éclairage allumé,En agglomération,Hors intersection,Normale,Autre collision,,,,,,,,,,,5,2,1,1.0,6
201300006631,0013-03-22 16:00:00,13,3,22,16,0,80,48,,49.517,4.349,Plein jour,Hors agglomération,Hors intersection,Normale,Deux véhicules - frontale,,,,,,,,,,,1,1,1,1.0,1
201300006632,0013-03-30 12:00:00,13,3,30,12,0,80,452,,49.496,4.426,Plein jour,Hors agglomération,Hors intersection,Normale,Deux véhicules - frontale,,,,,,,,,,,1,1,1,1.0,1
201300006633,0013-06-03 10:15:00,13,6,3,10,15,80,362,rue Colbert /r?publique,49.513,4.367,Plein jour,En agglomération,Hors intersection,Temps éblouissant,Autre collision,,,,,,,,,,,1,2,1,7.0,6
201300006634,0013-10-13 11:45:00,13,10,13,11,45,80,1,,49.5067,4.38192,Plein jour,Hors agglomération,Hors intersection,Normale,Sans collision,,,,,,,,,,,1,1,1,1.0,7
201300006635,0013-10-31 15:45:00,13,10,31,15,45,80,8,BLD CALMETTE,49.5192,4.49259,Plein jour,En agglomération,Intersection en X,Normale,Deux véhicules - côté,,,,,,,,,,,1,2,2,1.0,3
201300006636,0013-02-18 06:45:00,13,2,18,6,45,80,107,,49.5225,4.24512,Nuit sans éclairage public,Hors agglomération,Autre intersection,Brouillard / fumée,Autre collision,,,,,,,,,,,3,1,9,5.0,6
201300006637,0013-03-15 17:45:00,13,3,15,17,45,80,473,,,,Plein jour,Hors agglomération,Hors intersection,Normale,Sans collision,,,,,,,,,,,1,1,1,1.0,7
201300006638,0013-04-09 07:45:00,13,4,9,7,45,80,239,,,,Plein jour,Hors agglomération,Hors intersection,Pluie forte,Autre collision,,,,,,,,,,,1,1,1,3.0,6
201300006639,0013-04-29 19:15:00,13,4,29,19,15,80,66,,49.3995,4.41316,Plein jour,Hors agglomération,Hors intersection,Normale,Autre collision,,,,,,,,,,,1,1,1,1.0,6
201300006640,0013-04-09 16:00:00,13,4,9,16,0,80,124,,,,Plein jour,Hors agglomération,Hors intersection,Normale,Sans collision,,,,,,,,,,,1,1,1,1.0,7
201300006641,0013-07-17 23:30:00,13,7,17,23,30,80,402,Rue relais de la poste,,,Nuit sans éclairage public,En agglomération,Hors intersection,Normale,Sans collision,,,,,,,,,,,3,2,1,1.0,7
201300006642,0013-03-14 07:30:00,13,3,14,7,30,100,4,,,,Crépuscule ou aube,Hors agglomération,Hors intersection,Normale,Trois véhicules et plus - collisions multiples,,,,,,,,,,,2,1,1,1.0,5
201300006643,0013-04-19 14:45:00,13,4,19,14,45,100,299,,,,Plein jour,Hors agglomération,Hors intersection,Normale,Autre collision,,,,,,,,,,,1,1,1,1.0,6
201300006644,0013-06-14 13:45:00,13,6,14,13,45,100,269,,,,Plein jour,Hors agglomération,Hors intersection,Normale,Autre collision,,,,,,,,,,,1,1,1,1.0,6
201300006645,0013-03-03 14:15:00,13,3,3,14,15,100,51,,,,Plein jour,Hors agglomération,Hors intersection,Normale,Sans collision,,,,,,,,,,,1,1,1,1.0,7
201300006646,0013-03-23 14:00:00,13,3,23,14,0,100,251,jonction rue basse coudr,,,Plein jour,En agglomération,Hors intersection,Temps couvert,Deux véhicules - frontale,,,,,,,,,,,1,2,1,8.0,1
201300006647,0013-05-17 16:30:00,13,5,17,16,30,100,98,04 route d'Etourvy,,,Plein jour,En agglomération,Hors intersection,Temps couvert,Deux véhicules - côté,,,,,,,,,,,1,2,1,8.0,3
201300006648,0013-05-20 05:00:00,13,5,20,5,0,100,312,,,,Nuit sans éclairage public,Hors agglomération,Hors intersection,Pluie forte,Autre collision,,,,,,,,,,,3,1,1,3.0,6
201300006649,0013-06-06 16:30:00,13,6,6,16,30,100,51,,,,Plein jour,Hors agglomération,Hors intersection,Pluie forte,Sans collision,,,,,,,,,,,1,1,1,3.0,7
201300006650,0013-06-23 19:15:00,13,6,23,19,15,100,202,,,,Plein jour,Hors agglomération,Hors intersection,Normale,Autre collision,,,,,,,,,,,1,1,1,1.0,6
201300006651,0013-07-01 09:45:00,13,7,1,9,45,100,359,,48.13993,4.00254,Plein jour,Hors agglomération,Hors intersection,Normale,Deux véhicules - côté,,,,,,,,,,,1,1,1,1.0,3
201300006652,0013-01-22 20:00:00,13,1,22,20,0,100,349,,,,Nuit sans éclairage public,Hors agglomération,Hors intersection,Normale,Deux véhicules - arrière,,,,,,,,,,,3,1,1,1.0,2
201300006653,0013-03-03 22:30:00,13,3,3,22,30,100,282,,,,Nuit sans éclairage public,Hors agglomération,Giratoire,Normale,Autre collision,,,,,,,,,,,3,1,6,1.0,6
201300006654,0013-05-10 17:45:00,13,5,10,17,45,100,349,,,,Plein jour,Hors agglomération,Hors intersection,Normale,Deux véhicules - frontale,,,,,,,,,,,1,1,1,1.0,1
201300006655,0013-06-25 16:30:00,13,6,25,16,30,100,115,RD960,,,Plein jour,En agglomération,Giratoire,Normale,Deux véhicules - côté,,,,,,,,,,,1,2,6,1.0,3
201300006656,0013-08-01 17:30:00,13,8,1,17,30,100,352,,,,Plein jour,Hors agglomération,Hors intersection,Normale,Trois véhicules et plus - collisions multiples,,,,,,,,,,,1,1,1,1.0,5
201300006657,0013-08-19 08:45:00,13,8,19,8,45,100,282,,,,Plein jour,Hors agglomération,Hors intersection,Pluie légère,Trois véhicules et plus - collisions multiples,,,,,,,,,,,1,1,1,2.0,5
201300006658,0013-09-24 08:15:00,13,9,24,8,15,100,409,,,,Plein jour,Hors agglomération,Hors intersection,Normale,Deux véhicules - frontale,,,,,,,,,,,1,1,1,1.0,1
201300006659,0013-12-20 12:00:00,13,12,20,12,0,100,115,,,,Plein jour,Hors agglomération,Hors intersection,Normale,Autre collision,,,,,,,,,,,1,1,1,1.0,6
201300006660,0013-05-05 13:00:00,13,5,5,13,0,100,142,,,,Plein jour,Hors agglomération,Hors intersection,Normale,Autre collision,,,,,,,,,,,1,1,1,1.0,6
201300006661,0013-07-24 20:30:00,13,7,24,20,30,100,263,,48.253,3.762,Plein jour,Hors agglomération,Hors intersection,Temps couvert,Autre collision,,,,,,,,,,,1,1,1,8.0,6
201300006662,0013-01-03 18:15:00,13,1,3,18,15,100,100,,,,Nuit sans éclairage public,Hors agglomération,Hors intersection,Pluie légère,Sans collision,,,,,,,,,,,3,1,1,2.0,7
201300006663,0013-06-13 21:00:00,13,6,13,21,0,100,375,,48.282,4.198,Plein jour,Hors agglomération,Hors intersection,Temps éblouissant,Deux véhicules - frontale,,,,,,,,,,,1,1,1,7.0,1
201300006664,0013-08-10 18:45:00,13,8,10,18,45,100,287,8 pl anciens combattants,48.35852,4.33448,Plein jour,En agglomération,Hors intersection,Normale,Autre collision,,,,,,,,,,,1,2,1,1.0,6
201300006665,0013-08-14 21:15:00,13,8,14,21,15,100,129,10 rue fontaine des cham,48.31938,4.25167,Crépuscule ou aube,En agglomération,Hors intersection,Normale,Autre collision,,,,,,,,,,,2,2,1,1.0,6
201300006666,0013-08-17 18:30:00,13,8,17,18,30,100,209,,,,Plein jour,Hors agglomération,Hors intersection,Normale,Sans collision,,,,,,,,,,,1,1,1,1.0,7
201300006667,0013-10-23 17:30:00,13,10,23,17,30,100,238,Rue du lac,48.26,4.342,Plein jour,En agglomération,Hors intersection,Normale,Deux véhicules - frontale,,,,,,,,,,,1,2,1,1.0,1
201300006668,0013-10-30 15:00:00,13,10,30,15,0,100,255,,48.223,4.27,Plein jour,Hors agglomération,Hors intersection,Normale,Trois véhicules et plus - collisions multiples,,,,,,,,,,,1,1,1,1.0,5
201300006669,0013-12-20 19:30:00,13,12,20,19,30,100,209,,,,Nuit sans éclairage public,Hors agglomération,Hors intersection,Normale,Trois véhicules et plus - collisions multiples,,,,,,,,,,,3,1,1,1.0,5
201300006670,0013-08-16 18:45:00,13,8,16,18,45,100,33,,,,Plein jour,Hors agglomération,Hors intersection,Normale,Sans collision,,,,,,,,,,,1,1,1,1.0,7
201300006671,0013-03-05 17:00:00,13,3,5,17,0,100,326,,48.454,4.493,Plein jour,Hors agglomération,Hors intersection,Normale,Deux véhicules - frontale,,,,,,,,,,,1,1,1,1.0,1
201300006672,0013-03-08 16:45:00,13,3,8,16,45,100,64,,48.384,4.556,Plein jour,Hors agglomération,Hors intersection,Pluie légère,Autre collision,,,,,,,,,,,1,1,1,2.0,6
201300006673,0013-07-23 21:45:00,13,7,23,21,45,100,428,,,,Crépuscule ou aube,Hors agglomération,Hors intersection,Normale,Autre collision,,,,,,,,,,,2,1,1,1.0,6
201300006674,0013-09-05 13:00:00,13,9,5,13,0,100,63,,48.387,4.546,Plein jour,Hors agglomération,Hors intersection,Normale,Sans collision,,,,,,,,,,,1,1,1,1.0,7
201300006675,0013-10-07 08:45:00,13,10,7,8,45,100,345,,48.42138,4.47747,Plein jour,Hors agglomération,Intersection en T,Brouillard / fumée,Deux véhicules - côté,,,,,,,,,,,1,1,3,5.0,3
201300006676,0013-02-15 08:15:00,13,2,15,8,15,100,213,,48.179,4.432,Plein jour,Hors agglomération,Hors intersection,Brouillard / fumée,Deux véhicules - frontale,,,,,,,,,,,1,1,1,5.0,1
201300006677,0013-05-05 18:15:00,13,5,5,18,15,100,399,,,,Plein jour,Hors agglomération,Hors intersection,Normale,Deux véhicules - arrière,,,,,,,,,,,1,1,1,1.0,2
201300006678,0013-05-05 17:30:00,13,5,5,17,30,100,317,,,,Plein jour,Hors agglomération,Hors intersection,Normale,Deux véhicules - frontale,,,,,,,,,,,1,1,1,1.0,1
201300006679,0013-06-11 16:00:00,13,6,11,16,0,100,358,,,,Plein jour,Hors agglomération,Hors intersection,Normale,Deux véhicules - frontale,,,,,,,,,,,1,1,1,1.0,1
201300006680,0013-06-21 20:30:00,13,6,21,20,30,100,71,,,,Plein jour,Hors agglomération,Intersection en X,Normale,Deux véhicules - frontale,,,,,,,,,,,1,1,2,1.0,1
201300006681,0013-07-11 20:00:00,13,7,11,20,0,100,34,,,,Plein jour,Hors agglomération,Hors intersection,Normale,Sans collision,,,,,,,,,,,1,1,1,1.0,7
201300006682,0013-09-01 06:15:00,13,9,1,6,15,100,358,,,,Crépuscule ou aube,Hors agglomération,Hors intersection,Normale,Deux véhicules - arrière,,,,,,,,,,,2,1,1,1.0,2
201300006683,0013-09-03 16:30:00,13,9,3,16,30,100,29,,,,Plein jour,Hors agglomération,Hors intersection,Normale,Sans collision,,,,,,,,,,,1,1,1,1.0,7
201300006684,0013-09-27 14:45:00,13,9,27,14,45,100,29,,,,Plein jour,Hors agglomération,Hors intersection,Normale,Deux véhicules - frontale,,,,,,,,,,,1,1,1,1.0,1
201300006685,0013-09-27 14:15:00,13,9,27,14,15,100,317,,,,Plein jour,Hors agglomération,Hors intersection,Normale,Deux véhicules - frontale,,,,,,,,,,,1,1,1,1.0,1
201300006686,0013-10-02 17:45:00,13,10,2,17,45,100,433,,,,Plein jour,Hors agglomération,Hors intersection,Normale,Sans collision,,,,,,,,,,,1,1,1,1.0,7
201300006687,0013-12-16 12:00:00,13,12,16,12,0,100,295,,48.078,4.389,Plein jour,Hors agglomération,Intersection en X,Normale,Deux véhicules - côté,,,,,,,,,,,1,1,2,1.0,3
201300006688,0013-07-09 14:30:00,13,7,9,14,30,100,181,,,,Plein jour,Hors agglomération,Hors intersection,Normale,Sans collision,,,,,,,,,,,1,1,1,1.0,7
201300006689,0013-01-10 18:45:00,13,1,10,18,45,100,268,,,,Nuit sans éclairage public,Hors agglomération,Hors intersection,Pluie légère,Trois véhicules et plus - collisions multiples,,,,,,,,,,,3,1,1,2.0,5
201300006690,0013-02-08 17:15:00,13,2,8,17,15,100,268,,48.492,3.516,Plein jour,Hors agglomération,Hors intersection,Normale,Deux véhicules - frontale,,,,,,,,,,,1,1,1,1.0,1
201300006691,0013-02-24 09:00:00,13,2,24,9,0,100,54,,,,Nuit sans éclairage public,Hors agglomération,Hors intersection,Neige / grêle,Sans collision,,,,,,,,,,,3,1,1,4.0,7
201300006692,0013-03-18 22:00:00,13,3,18,22,0,100,20,,48.449,3.556,Nuit sans éclairage public,Hors agglomération,Hors intersection,Normale,Sans collision,,,,,,,,,,,3,1,1,1.0,7
201300006693,0013-04-15 06:30:00,13,4,15,6,30,100,355,,,,Crépuscule ou aube,Hors agglomération,Hors intersection,Normale,Deux véhicules - arrière,,,,,,,,,,,2,1,1,1.0,2
201300006694,0013-06-30 21:45:00,13,6,30,21,45,100,367,20 Rue Pave,48.5444,3.50048,Nuit avec éclairage allumé,En agglomération,Hors intersection,Normale,Autre collision,,,,,,,,,,,5,2,1,1.0,6
201300006695,0013-09-03 17:45:00,13,9,3,17,45,100,153,,,,Plein jour,Hors agglomération,Hors intersection,Normale,Sans collision,,,,,,,,,,,1,1,1,1.0,7
201300006696,0013-10-24 16:45:00,13,10,24,16,45,100,259,,,,Plein jour,Hors agglomération,Hors intersection,Normale,Trois véhicules et plus - collisions multiples,,,,,,,,,,,1,1,1,1.0,5
201300006697,0013-11-27 17:15:00,13,11,27,17,15,100,355,,,,Crépuscule ou aube,Hors agglomération,Hors intersection,Normale,Sans collision,,,,,,,,,,,2,1,1,1.0,7
201300006698,0013-12-21 23:10:00,13,12,21,23,10,100,225,,48.507,3.556,Nuit sans éclairage public,Hors agglomération,Hors intersection,Pluie forte,Deux véhicules - frontale,,,,,,,,,,,3,1,1,3.0,1
201300006699,0013-12-23 22:45:00,13,12,23,22,45,100,106,,,,Nuit sans éclairage public,Hors agglomération,Hors intersection,Vent fort / tempête,Sans collision,,,,,,,,,,,3,1,1,6.0,7
201300006700,0013-05-08 16:30:00,13,5,8,16,30,520,297,,48.06029,5.18075,Plein jour,Hors agglomération,Hors intersection,Pluie légère,Autre collision,,,,,,,,,,,1,1,1,2.0,6
201300006701,0013-06-01 13:15:00,13,6,1,13,15,520,514,,48.06853,5.17841,Plein jour,Hors agglomération,Hors intersection,Normale,Deux véhicules - côté,,,,,,,,,,,1,1,1,1.0,3
201300006702,0013-07-05 13:15:00,13,7,5,13,15,520,17,,47.95598,5.00198,Plein jour,Hors agglomération,Hors intersection,Normale,Sans collision,,,,,,,,,,,1,1,1,1.0,7
201300006703,0013-07-22 12:30:00,13,7,22,12,30,520,297,,48.05471,5.17849,Plein jour,Hors agglomération,Hors intersection,Normale,Autre collision,,,,,,,,,,,1,1,1,1.0,6
201300006704,0013-08-01 14:30:00,13,8,1,14,30,520,82,,47.93512,5.09851,Plein jour,Hors agglomération,Hors intersection,Normale,Deux véhicules - côté,,,,,,,,,,,1,1,1,1.0,3
201300006705,0013-08-08 17:00:00,13,8,8,17,0,520,422,,48.02906,5.04793,Plein jour,Hors agglomération,Hors intersection,Normale,Deux véhicules - frontale,,,,,,,,,,,1,1,1,1.0,1
201300006706,0013-09-22 18:15:00,13,9,22,18,15,520,72,D200,48.16102,5.13826,Plein jour,En agglomération,Hors intersection,Normale,Deux véhicules - côté,,,,,,,,,,,1,2,1,1.0,3
201300006707,0013-10-06 20:15:00,13,10,6,20,15,520,22,,47.92133,4.95927,Nuit sans éclairage public,Hors agglomération,Hors intersection,Autre,Sans collision,,,,,,,,,,,3,1,1,9.0,7
201300006708,0013-10-22 14:15:00,13,10,22,14,15,520,272,,48.01916,4.78324,Plein jour,Hors agglomération,Hors intersection,Normale,Deux véhicules - côté,,,,,,,,,,,1,1,1,1.0,3
201300006709,0013-12-20 20:45:00,13,12,20,20,45,520,494,,48.13524,5.23544,Nuit sans éclairage public,Hors agglomération,Hors intersection,Normale,Autre collision,,,,,,,,,,,3,1,1,1.0,6
201300006710,0013-02-06 09:15:00,13,2,6,9,15,520,313,,48.19099,5.25166,Plein jour,Hors agglomération,Hors intersection,Neige / grêle,Deux véhicules - frontale,,,,,,,,,,,1,1,1,4.0,1
201300006711,0013-06-07 22:00:00,13,6,7,22,0,520,444,,48.27022,5.41956,Nuit sans éclairage public,Hors agglomération,Hors intersection,Normale,Sans collision,,,,,,,,,,,3,1,1,1.0,7
201300006712,0013-08-03 18:15:00,13,8,3,18,15,520,95,Grande rue,48.24228,5.47605,Plein jour,En agglomération,Intersection en X,Normale,Deux véhicules - frontale,,,,,,,,,,,1,2,2,1.0,1
201300006713,0013-11-12 18:00:00,13,11,12,18,0,520,289,,48.29854,5.5377,Nuit sans éclairage public,Hors agglomération,Hors intersection,Normale,Autre collision,,,,,,,,,,,3,1,1,1.0,6
201300006714,0013-06-07 20:45:00,13,6,7,20,45,520,50,,48.11278,5.26682,Plein jour,Hors agglomération,Hors intersection,Normale,Sans collision,,,,,,,,,,,1,1,1,1.0,7
201300006715,0013-07-29 21:00:00,13,7,29,21,0,520,50,,48.10819,5.30292,Plein jour,Hors agglomération,Hors intersection,Normale,Sans collision,,,,,,,,,,,1,1,1,1.0,7
201300006716,0013-08-09 20:30:00,13,8,9,20,30,520,353,,48.01116,5.32963,Plein jour,Hors agglomération,Hors intersection,Temps couvert,Deux véhicules - frontale,,,,,,,,,,,1,1,1,8.0,1
201300006717,0013-09-12 16:15:00,13,9,12,16,15,520,139,Route de Damblain - CD23,48.06983,5.62708,Plein jour,En agglomération,Hors intersection,Normale,Autre collision,,,,,,,,,,,1,2,1,1.0,6
201300006718,0013-09-21 17:00:00,13,9,21,17,0,520,401,,48.03864,5.23379,Plein jour,Hors agglomération,Intersection en T,Normale,Trois véhicules et plus - collisions multiples,,,,,,,,,,,1,1,3,1.0,5
201300006719,0013-10-01 14:45:00,13,10,1,14,45,520,248,,48.0356,5.41667,Plein jour,Hors agglomération,Hors intersection,Normale,Deux véhicules - frontale,,,,,,,,,,,1,1,1,1.0,1
201300006720,0013-11-30 11:30:00,13,11,30,11,30,520,127,,48.06865,5.5918,Plein jour,Hors agglomération,Hors intersection,Temps couvert,Autre collision,,,,,,,,,,,1,1,1,8.0,6
201300006721,0013-07-13 15:30:00,13,7,13,15,30,520,140,,48.22177,4.89586,Plein jour,En agglomération,Hors intersection,Normale,Deux véhicules - frontale,,,,,,,,,,,1,2,1,1.0,1
201300006722,0013-09-15 20:30:00,13,9,15,20,30,520,140,,48.19517,4.86121,Nuit sans éclairage public,Hors agglomération,Hors intersection,Autre,Autre collision,,,,,,,,,,,3,1,1,9.0,6
201300006723,0013-09-29 11:45:00,13,9,29,11,45,520,140,voir sens ? et pas RD22,48.26651,4.93761,Plein jour,Hors agglomération,Hors intersection,Normale,Autre collision,,,,,,,,,,,1,1,1,1.0,6
201300006724,0013-09-24 16:45:00,13,9,24,16,45,520,322,,48.19716,5.05927,Plein jour,Hors agglomération,Hors intersection,Normale,Autre collision,,,,,,,,,,,1,1,1,1.0,6
201300006725,0013-11-03 16:30:00,13,11,3,16,30,520,524,,48.29129,5.12281,Plein jour,Hors agglomération,Hors intersection,Normale,Sans collision,,,,,,,,,,,1,1,1,1.0,7
201300006726,0013-01-15 12:45:00,13,1,15,12,45,520,269,avenue de l'Europe,47.87022,5.34034,Plein jour,En agglomération,Giratoire,Pluie légère,Deux véhicules - frontale,,,,,,,,,,,1,2,6,2.0,1
201300006727,0013-03-08 10:45:00,13,3,8,10,45,520,269,6 rue Minot,47.86008,5.33288,Plein jour,En agglomération,Hors intersection,Normale,Autre collision,,,,,,,,,,,1,2,1,1.0,6
201300006728,0013-03-20 14:15:00,13,3,20,14,15,520,269,Mis permis valide  2Co,47.85746,5.35698,Plein jour,Hors agglomération,Hors intersection,Normale,Deux véhicules - arrière,,,,,,,,,,,1,1,1,1.0,2
201300006729,0013-04-16 09:30:00,13,4,16,9,30,520,432,,47.95831,5.2741,Plein jour,Hors agglomération,Hors intersection,Normale,Deux véhicules - frontale,,,,,,,,,,,1,1,1,1.0,1
201300006730,0013-05-10 16:00:00,13,5,10,16,0,520,307,rue de bourgogne,47.92785,5.19506,Plein jour,En agglomération,Hors intersection,Normale,Autre collision,,,,,,,,,,,1,2,1,1.0,6
201300006731,0013-06-19 09:30:00,13,6,19,9,30,520,102,,47.88452,5.35511,Plein jour,Hors agglomération,Hors intersection,Normale,Autre collision,,,,,,,,,,,1,1,1,1.0,6
201300006732,0013-08-01 19:00:00,13,8,1,19,0,520,380,,47.87681,5.37353,Plein jour,Hors agglomération,Hors intersection,Normale,Sans collision,,,,,,,,,,,1,1,1,1.0,7