accident_id,datetime,annee,mois,jour,heure,minute,departement,commune_insee,adresse,latitude,longitude,luminosite,agglomeration,intersection,meteo,collision,nb_vehicules,nb_usagers,nb_indemnes,nb_tues,nb_blesses_hosp,nb_blesses_legers,age_cond_1,age_cond_2,veh_type_cond_1,veh_type_cond_2,lum_code,agg_code,int_code,atm_code,col_code
201300006867,0013-09-06 15:15:00,13,9,6,15,15,580,285,,47.061,3.716,Plein jour,Hors agglomération,Hors intersection,Normale,Deux véhicules - côté,,,,,,,,,,,1,1,1,1.0,3
201300006868,0013-12-20 17:30:00,13,12,20,17,30,580,65,,,,Crépuscule ou aube,Hors agglomération,Hors intersection,Temps couvert,Sans collision,,,,,,,,,,,2,1,1,8.0,7
201300006869,0013-01-07 16:30:00,13,1,7,16,30,580,182,,46.975,3.805,Plein jour,Hors agglomération,Hors intersection,Normale,Sans collision,,,,,,,,,,,1,1,1,1.0,7
201300006870,0013-02-22 14:00:00,13,2,22,14,0,580,63,,47.055,3.942,Plein jour,Hors agglomération,Hors intersection,Normale,Deux véhicules - frontale,,,,,,,,,,,1,1,1,1.0,1
201300006871,0013-03-06 16:00:00,13,3,6,16,0,580,62,place Gudin,47.068,3.93,Plein jour,En agglomération,Place,Pluie légère,Autre collision,,,,,,,,,,,1,2,7,2.0,6
201300006872,0013-04-07 15:30:00,13,4,7,15,30,580,277,,,,Plein jour,Hors agglomération,Hors intersection,Normale,Trois véhicules et plus - en chaîne,,,,,,,,,,,1,1,1,1.0,4
201300006873,0013-04-16 19:00:00,13,4,16,19,0,580,66,,47.118,3.893,Plein jour,Hors agglomération,Hors intersection,Normale,Autre collision,,,,,,,,,,,1,1,1,1.0,6
201300006874,0013-04-17 17:30:00,13,4,17,17,30,580,246,Avenue Jean MERMOZ,46.911,3.835,Plein jour,En agglomération,Hors intersection,Normale,Autre collision,,,,,,,,,,,1,2,1,1.0,6
201300006875,0013-06-03 11:15:00,13,6,3,11,15,580,182,,46.993,3.813,Plein jour,Hors agglomération,Hors intersection,Normale,Autre collision,,,,,,,,,,,1,1,1,1.0,6
201300006876,0013-10-11 08:15:00,13,10,11,8,15,580,63,,47.071,3.926,Plein jour,Hors agglomération,Hors intersection,Temps couvert,Autre collision,,,,,,,,,,,1,1,1,8.0,6
201300006877,0013-01-26 00:15:00,13,1,26,0,15,580,190,le Bourg,,,Nuit avec éclairage non allumé,En agglomération,Hors intersection,Normale,Autre collision,,,,,,,,,,,4,2,1,1.0,6
201300006878,0013-02-08 06:15:00,13,2,8,6,15,580,304,,,,Nuit sans éclairage public,Hors agglomération,Hors intersection,Neige / grêle,Trois véhicules et plus - collisions multiples,,,,,,,,,,,3,1,1,4.0,5
201300006879,0013-04-25 18:00:00,13,4,25,18,0,580,103,D951 / Rue du Commerce,,,Plein jour,En agglomération,Hors intersection,Normale,Deux véhicules - côté,,,,,,,,,,,1,2,1,1.0,3
201300006880,0013-05-04 08:30:00,13,5,4,8,30,580,98,Croix de saint andre,,,Plein jour,En agglomération,Passage à niveau,Normale,Deux véhicules - côté,,,,,,,,,,,1,2,8,1.0,3
201300006881,0013-05-28 17:00:00,13,5,28,17,0,580,312,,,,Plein jour,Hors agglomération,Hors intersection,Normale,Sans collision,,,,,,,,,,,1,1,1,1.0,7
201300006882,0013-06-01 04:45:00,13,6,1,4,45,580,165,,,,Nuit sans éclairage public,Hors agglomération,Hors intersection,Normale,Autre collision,,,,,,,,,,,3,1,1,1.0,6
201300006883,0013-07-03 11:45:00,13,7,3,11,45,580,109,,,,Plein jour,Hors agglomération,Hors intersection,Pluie légère,Deux véhicules - frontale,,,,,,,,,,,1,1,1,2.0,1
201300006884,0013-10-06 09:15:00,13,10,6,9,15,580,304,12 rue Saint Jean,,,Plein jour,En agglomération,Hors intersection,Normale,Deux véhicules - côté,,,,,,,,,,,1,2,1,1.0,3
201300006885,0013-11-23 12:00:00,13,11,23,12,0,580,79,avenue du g?n?ral lecler,,,Plein jour,En agglomération,Hors intersection,Normale,Deux véhicules - côté,,,,,,,,,,,1,2,1,1.0,3
201300006886,0013-02-16 10:00:00,13,2,16,10,0,580,229,,,,Plein jour,Hors agglomération,Hors intersection,Brouillard / fumée,Sans collision,,,,,,,,,,,1,1,1,5.0,7
201300006887,0013-03-23 08:30:00,13,3,23,8,30,580,153,,,,Plein jour,Hors agglomération,Hors intersection,Pluie légère,Deux véhicules - frontale,,,,,,,,,,,1,1,1,2.0,1
201300006888,0013-04-02 03:15:00,13,4,2,3,15,580,180,,,,Nuit sans éclairage public,Hors agglomération,Hors intersection,Normale,Sans collision,,,,,,,,,,,3,1,1,1.0,7
201300006889,0013-05-22 16:00:00,13,5,22,16,0,580,145,,,,Plein jour,Hors agglomération,Hors intersection,Normale,Deux véhicules - côté,,,,,,,,,,,1,1,1,1.0,3
201300006890,0013-05-24 18:15:00,13,5,24,18,15,580,47,,,,Plein jour,Hors agglomération,Hors intersection,Pluie légère,Deux véhicules - côté,,,,,,,,,,,1,1,1,2.0,3
201300006891,0013-05-31 03:00:00,13,5,31,3,0,580,129,,47.4,4.09999,Nuit sans éclairage public,Hors agglomération,Hors intersection,Pluie légère,Sans collision,,,,,,,,,,,3,1,1,2.0,7
201300006892,0013-06-01 23:45:00,13,6,1,23,45,580,37,,,,Nuit sans éclairage public,Hors agglomération,Hors intersection,Normale,Autre collision,,,,,,,,,,,3,1,1,1.0,6
201300006893,0013-07-17 10:30:00,13,7,17,10,30,580,3,,,,Plein jour,Hors agglomération,Hors intersection,Normale,Sans collision,,,,,,,,,,,1,1,1,1.0,7
201300006894,0013-08-03 16:45:00,13,8,3,16,45,580,145,,,,Plein jour,Hors agglomération,Hors intersection,Normale,Sans collision,,,,,,,,,,,1,1,1,1.0,7
201300006895,0013-09-11 10:15:00,13,9,11,10,15,580,180,,47.037,4.00399,Plein jour,Hors agglomération,Hors intersection,Pluie légère,Deux véhicules - frontale,,,,,,,,,,,1,1,1,2.0,1
201300006896,0013-09-14 06:45:00,13,9,14,6,45,580,145,,,,Crépuscule ou aube,Hors agglomération,Hors intersection,Temps couvert,Deux véhicules - frontale,,,,,,,,,,,2,1,1,8.0,1
201300006897,0013-01-21 14:45:00,13,1,21,14,45,580,187,,,,Plein jour,Hors agglomération,Hors intersection,Pluie légère,Autre collision,,,,,,,,,,,1,1,1,2.0,6
201300006898,0013-04-04 14:30:00,13,4,4,14,30,580,261,,,,Plein jour,Hors agglomération,Hors intersection,Normale,Sans collision,,,,,,,,,,,1,1,1,1.0,7
201300006899,0013-04-22 10:15:00,13,4,22,10,15,580,227,,,,Plein jour,Hors agglomération,Hors intersection,Normale,Sans collision,,,,,,,,,,,1,1,1,1.0,7
201300006900,0013-05-03 13:15:00,13,5,3,13,15,580,36,,47.501,3.162,Plein jour,Hors agglomération,Hors intersection,Normale,Autre collision,,,,,,,,,,,1,1,1,1.0,6
201300006901,0013-05-10 21:30:00,13,5,10,21,30,580,2,,,,Nuit sans éclairage public,Hors agglomération,Hors intersection,Normale,Autre collision,,,,,,,,,,,3,1,1,1.0,6
201300006902,0013-07-14 20:30:00,13,7,14,20,30,580,86,rue du mar?chal leclerc,,,Crépuscule ou aube,En agglomération,Intersection en X,Temps éblouissant,Deux véhicules - frontale,,,,,,,,,,,2,2,2,7.0,1
201300006903,0013-11-28 18:15:00,13,11,28,18,15,580,86,avenue de la paix,,,Nuit avec éclairage allumé,En agglomération,Hors intersection,Normale,Deux véhicules - côté,,,,,,,,,,,5,2,1,1.0,3
201300006904,0013-04-20 22:00:00,13,4,20,22,0,580,295,,47.346,2.892,Nuit sans éclairage public,Hors agglomération,Hors intersection,Normale,Sans collision,,,,,,,,,,,3,1,1,1.0,7
201300006905,0013-11-08 11:30:00,13,11,8,11,30,580,59,Grande rue,,,Plein jour,En agglomération,Hors intersection,Temps couvert,Deux véhicules - côté,,,,,,,,,,,1,2,1,8.0,3
201300006906,0013-03-02 18:15:00,13,3,2,18,15,710,350,,46.32765,4.66715,Nuit sans éclairage public,Hors agglomération,Hors intersection,Normale,Autre collision,,,,,,,,,,,3,1,1,1.0,6
201300006907,0013-04-12 23:15:00,13,4,12,23,15,710,169,,,,Nuit sans éclairage public,Hors agglomération,Hors intersection,Normale,Deux véhicules - frontale,,,,,,,,,,,3,1,1,1.0,1
201300006908,0013-06-16 17:45:00,13,6,16,17,45,710,583,,,,Plein jour,Hors agglomération,Hors intersection,Normale,Deux véhicules - côté,,,,,,,,,,,1,1,1,1.0,3
201300006909,0013-07-06 06:45:00,13,7,6,6,45,710,90,,,,Crépuscule ou aube,Hors agglomération,Hors intersection,Normale,Deux véhicules - frontale,,,,,,,,,,,2,1,1,1.0,1
201300006910,0013-08-03 20:00:00,13,8,3,20,0,710,481,,46.19784,4.76356,Plein jour,Hors agglomération,Hors intersection,Normale,Deux véhicules - frontale,,,,,,,,,,,1,1,1,1.0,1
201300006911,0013-09-17 22:15:00,13,9,17,22,15,710,150,866 RD 906,46.24304,4.78747,Nuit avec éclairage allumé,En agglomération,Hors intersection,Pluie légère,Trois véhicules et plus - collisions multiples,,,,,,,,,,,5,2,1,2.0,5
201300006912,0013-06-16 04:15:00,13,6,16,4,15,710,287,,,,Plein jour,Hors agglomération,Hors intersection,Normale,Autre collision,,,,,,,,,,,1,1,1,1.0,6
201300006913,0013-08-19 19:15:00,13,8,19,19,15,710,582,,,,Plein jour,Hors agglomération,Hors intersection,Normale,Sans collision,,,,,,,,,,,1,1,1,1.0,7
201300006914,0013-08-22 19:45:00,13,8,22,19,45,710,137,RD981 route de massilly,,,Plein jour,En agglomération,Hors intersection,Normale,Deux véhicules - frontale,,,,,,,,,,,1,2,1,1.0,1
201300006915,0013-09-23 16:30:00,13,9,23,16,30,710,137,,,,Plein jour,Hors agglomération,Hors intersection,Normale,Autre collision,,,,,,,,,,,1,1,1,1.0,6
201300006916,0013-09-23 12:00:00,13,9,23,12,0,710,397,,,,Plein jour,Hors agglomération,Hors intersection,Normale,Autre collision,,,,,,,,,,,1,1,1,1.0,6
201300006917,0013-04-01 18:45:00,13,4,1,18,45,710,145,,,,Plein jour,Hors agglomération,Hors intersection,Normale,Autre collision,,,,,,,,,,,1,1,1,1.0,6
201300006918,0013-08-23 16:45:00,13,8,23,16,45,710,521,,46.56452,4.55401,Plein jour,Hors agglomération,Hors intersection,Normale,Deux véhicules - côté,,,,,,,,,,,1,1,1,1.0,3
201300006919,0013-02-15 12:15:00,13,2,15,12,15,710,14,2 RUE DE LA BARRE,46.9488,4.29121,Plein jour,En agglomération,Giratoire,Normale,Autre collision,,,,,,,,,,,1,2,6,1.0,6
201300006920,0013-04-04 14:00:00,13,4,4,14,0,710,162,,,,Plein jour,Hors agglomération,Hors intersection,Temps éblouissant,Sans collision,,,,,,,,,,,1,1,1,7.0,7
201300006921,0013-05-11 15:45:00,13,5,11,15,45,710,9,,47.10636,4.07234,Plein jour,Hors agglomération,Hors intersection,Pluie légère,Sans collision,,,,,,,,,,,1,1,1,2.0,7
201300006922,0013-06-18 15:15:00,13,6,18,15,15,710,535,,,,Plein jour,Hors agglomération,Hors intersection,Temps éblouissant,Deux véhicules - côté,,,,,,,,,,,1,1,1,7.0,3
201300006923,0013-07-22 11:30:00,13,7,22,11,30,710,14,,,,Plein jour,Hors agglomération,Hors intersection,Temps éblouissant,Autre collision,,,,,,,,,,,1,1,1,7.0,6
201300006924,0013-08-09 17:00:00,13,8,9,17,0,710,14,AVENUE DU THEATRE ROMAIN,,,Plein jour,En agglomération,Hors intersection,Normale,Deux véhicules - frontale,,,,,,,,,,,1,2,1,1.0,1
201300006925,0013-08-14 10:30:00,13,8,14,10,30,710,14,36 r de la croix blanche,46.95719,4.30453,Plein jour,En agglomération,Hors intersection,Normale,Deux véhicules - côté,,,,,,,,,,,1,2,1,1.0,3
201300006926,0013-08-27 14:30:00,13,8,27,14,30,710,14,RUE DE LA GRANGE VERTU,46.95284,4.29423,Plein jour,En agglomération,Intersection en X,Normale,Deux véhicules - côté,,,,,,,,,,,1,2,2,1.0,3
201300006927,0013-10-06 13:45:00,13,10,6,13,45,710,14,rue guerin,46.95237,4.30033,Plein jour,En agglomération,Hors intersection,Normale,Deux véhicules - frontale,,,,,,,,,,,1,2,1,1.0,1
201300006928,0013-10-14 20:30:00,13,10,14,20,30,710,10,,,,Nuit avec éclairage allumé,Hors agglomération,Hors intersection,Temps couvert,Deux véhicules - côté,,,,,,,,,,,5,1,1,8.0,3
201300006929,0013-10-20 18:00:00,13,10,20,18,0,710,14,rue de parpas,46.95233,4.29305,Plein jour,En agglomération,Intersection en X,Normale,Deux véhicules - côté,,,,,,,,,,,1,2,2,1.0,3
201300006930,0013-10-20 17:45:00,13,10,20,17,45,710,251,,46.9192,4.18867,Crépuscule ou aube,Hors agglomération,Hors intersection,Pluie forte,Deux véhicules - côté,,,,,,,,,,,2,1,1,3.0,3
201300006931,0013-03-22 19:30:00,13,3,22,19,30,710,73,RD906,,,Crépuscule ou aube,En agglomération,Hors intersection,Normale,Autre collision,,,,,,,,,,,2,2,1,1.0,6
201300006932,0013-05-31 15:00:00,13,5,31,15,0,710,378,,46.87018,4.75243,Plein jour,Hors agglomération,Hors intersection,Pluie forte,Trois véhicules et plus - collisions multiples,,,,,,,,,,,1,1,1,3.0,5
201300006933,0013-01-19 02:45:00,13,1,19,2,45,710,404,,,,Nuit sans éclairage public,Hors agglomération,Hors intersection,Autre,Deux véhicules - arrière,,,,,,,,,,,3,1,1,9.0,2
201300006934,0013-04-04 16:00:00,13,4,4,16,0,710,247,,,,Plein jour,Hors agglomération,Hors intersection,Normale,Deux véhicules - côté,,,,,,,,,,,1,1,1,1.0,3
201300006935,0013-04-14 00:01:00,13,4,14,0,1,710,70,Route de Chalon,,,Nuit avec éclairage allumé,En agglomération,Hors intersection,Normale,Deux véhicules - arrière,,,,,,,,,,,5,2,1,1.0,2
201300006936,0013-11-27 16:30:00,13,11,27,16,30,710,426,,,,Plein jour,Hors agglomération,Hors intersection,Normale,Trois véhicules et plus - collisions multiples,,,,,,,,,,,1,1,1,1.0,5
201300006937,0013-01-01 09:00:00,13,1,1,9,0,710,548,,,,Plein jour,Hors agglomération,Hors intersection,Pluie légère,Autre collision,,,,,,,,,,,1,1,1,2.0,6
201300006938,0013-06-16 03:30:00,13,6,16,3,30,710,3,route  de beaune,,,Nuit avec éclairage non allumé,En agglomération,Hors intersection,Normale,Sans collision,,,,,,,,,,,4,2,1,1.0,7
201300006939,0013-06-19 08:15:00,13,6,19,8,15,710,355,,,,Plein jour,Hors agglomération,Hors intersection,Normale,Autre collision,,,,,,,,,,,1,1,1,1.0,6
201300006940,0013-06-26 14:45:00,13,6,26,14,45,710,167,,,,Plein jour,Hors agglomération,Hors intersection,Normale,Deux véhicules - arrière,,,,,,,,,,,1,1,1,1.0,2
201300006941,0013-07-24 11:45:00,13,7,24,11,45,710,355,,,,Plein jour,Hors agglomération,Hors intersection,Normale,Sans collision,,,,,,,,,,,1,1,1,1.0,7
201300006942,0013-07-26 19:45:00,13,7,26,19,45,710,2,,,,Plein jour,Hors agglomération,Hors intersection,Normale,Deux véhicules - côté,,,,,,,,,,,1,1,1,1.0,3
201300006943,0013-08-21 10:30:00,13,8,21,10,30,710,256,,46.74312,5.0719,Plein jour,Hors agglomération,Hors intersection,Normale,Autre collision,,,,,,,,,,,1,1,1,1.0,6
201300006944,0013-10-31 19:45:00,13,10,31,19,45,710,215,185 route de virey,46.85952,4.91143,Nuit sans éclairage public,En agglomération,Hors intersection,Normale,Deux véhicules - frontale,,,,,,,,,,,3,2,1,1.0,1
201300006945,0013-12-13 05:45:00,13,12,13,5,45,710,336,route de Chalon,,,Nuit sans éclairage public,En agglomération,Hors intersection,Brouillard / fumée,Autre collision,,,,,,,,,,,3,2,1,5.0,6
201300006946,0013-12-23 14:45:00,13,12,23,14,45,710,336,58 route de colombey,46.73228,4.94576,Plein jour,En agglomération,Hors intersection,Normale,Deux véhicules - côté,,,,,,,,,,,1,2,1,1.0,3
201300006947,0013-04-14 11:45:00,13,4,14,11,45,710,555,,46.71988,4.86145,Plein jour,Hors agglomération,Hors intersection,Normale,Trois véhicules et plus - collisions multiples,,,,,,,,,,,1,1,1,1.0,5
201300006948,0013-05-03 18:45:00,13,5,3,18,45,710,26,,46.66973,4.87053,Plein jour,Hors agglomération,Hors intersection,Pluie légère,Trois véhicules et plus - en chaîne,,,,,,,,,,,1,1,1,2.0,4
201300006949,0013-08-09 14:30:00,13,8,9,14,30,710,512,intersecti Rue St Martin,46.64044,4.86978,Plein jour,En agglomération,Intersection en X,Normale,Deux véhicules - côté,,,,,,,,,,,1,2,2,1.0,3
201300006950,0013-10-16 07:00:00,13,10,16,7,0,710,384,,,,Nuit sans éclairage public,Hors agglomération,Hors intersection,Temps couvert,Trois véhicules et plus - collisions multiples,,,,,,,,,,,3,1,1,8.0,5
201300006951,0013-04-09 11:30:00,13,4,9,11,30,710,21,chamoge,46.47991,4.27728,Plein jour,Hors agglomération,Intersection en X,Pluie légère,Deux véhicules - frontale,,,,,,,,,,,1,1,2,2.0,1
201300006952,0013-05-22 11:15:00,13,5,22,11,15,710,106,avenue du 08 juin 1944,,,Plein jour,En agglomération,Hors intersection,Normale,Deux véhicules - côté,,,,,,,,,,,1,2,1,1.0,3
201300006953,0013-08-24 11:15:00,13,8,24,11,15,710,586,,,,Plein jour,Hors agglomération,Hors intersection,Normale,Deux véhicules - frontale,,,,,,,,,,,1,1,1,1.0,1
201300006954,0013-11-19 13:30:00,13,11,19,13,30,710,82,,,,Plein jour,Hors agglomération,Hors intersection,Pluie légère,Deux véhicules - frontale,,,,,,,,,,,1,1,1,2.0,1
201300006955,0013-12-31 16:30:00,13,12,31,16,30,710,116,,,,Plein jour,Hors agglomération,Hors intersection,Normale,Autre collision,,,,,,,,,,,1,1,1,1.0,6
201300006956,0013-05-12 15:30:00,13,5,12,15,30,710,176,Place du Verdier,46.49918,3.98771,Plein jour,En agglomération,Hors intersection,Normale,Autre collision,,,,,,,,,,,1,2,1,1.0,6
201300006957,0013-06-08 14:00:00,13,6,8,14,0,710,176,,,,Plein jour,Hors agglomération,Hors intersection,Normale,Deux véhicules - frontale,,,,,,,,,,,1,1,1,1.0,1
201300006958,0013-06-28 13:45:00,13,6,28,13,45,710,176,2 rue de la FAIENCERIE,46.48543,3.98932,Plein jour,En agglomération,Hors intersection,Temps couvert,Autre collision,,,,,,,,,,,1,2,1,8.0,6
201300006959,0013-07-07 17:45:00,13,7,7,17,45,710,176,route des sables,,,Plein jour,Hors agglomération,Hors intersection,Normale,Deux véhicules - frontale,,,,,,,,,,,1,1,1,1.0,1
201300006960,0013-07-17 18:30:00,13,7,17,18,30,710,325,,,,Plein jour,Hors agglomération,Hors intersection,Normale,Deux véhicules - frontale,,,,,,,,,,,1,1,1,1.0,1
201300006961,0013-07-12 14:15:00,13,7,12,14,15,710,71,les roussins,,,Plein jour,Hors agglomération,Hors intersection,Normale,Autre collision,,,,,,,,,,,1,1,1,1.0,6
201300006962,0013-07-15 07:45:00,13,7,15,7,45,710,24,,,,Plein jour,Hors agglomération,Hors intersection,Normale,Deux véhicules - côté,,,,,,,,,,,1,1,1,1.0,3
201300006963,0013-08-20 13:00:00,13,8,20,13,0,710,11,,46.24279,4.01406,Plein jour,Hors agglomération,Hors intersection,Normale,Autre collision,,,,,,,,,,,1,1,1,1.0,6
201300006964,0013-09-01 17:45:00,13,9,1,17,45,710,11,,46.32927,4.08065,Plein jour,Hors agglomération,Hors intersection,Normale,Deux véhicules - frontale,,,,,,,,,,,1,1,1,1.0,1
201300006965,0013-10-27 09:00:00,13,10,27,9,0,710,291,,,,Plein jour,Hors agglomération,Hors intersection,Temps couvert,Deux véhicules - frontale,,,,,,,,,,,1,1,1,8.0,1
201300006966,0013-11-02 05:30:00,13,11,2,5,30,710,510,la cray,,,Plein jour,Hors agglomération,Hors intersection,Temps couvert,Deux véhicules - frontale,,,,,,,,,,,1,1,1,8.0,1
201300006967,0013-01-23 15:15:00,13,1,23,15,15,710,342,parc de la basilique,46.44914,4.12422,Plein jour,En agglomération,Hors intersection,Normale,Autre collision,,,,,,,,,,,1,2,1,1.0,6
201300006968,0013-04-02 13:15:00,13,4,2,13,15,710,342,rue  pierre lathuiliere,46.454,4.10534,Plein jour,En agglomération,Hors intersection,Normale,Deux véhicules - côté,,,,,,,,,,,1,2,1,1.0,3
201300006969,0013-04-20 10:30:00,13,4,20,10,30,710,590,,,,Plein jour,Hors agglomération,Hors intersection,Pluie forte,Autre collision,,,,,,,,,,,1,1,1,3.0,6
201300006970,0013-06-10 09:00:00,13,6,10,9,0,710,588,,,,Plein jour,Hors agglomération,Hors intersection,Normale,Sans collision,,,,,,,,,,,1,1,1,1.0,7
201300006971,0013-07-19 20:45:00,13,7,19,20,45,710,588,,,,Crépuscule ou aube,Hors agglomération,Intersection en X,Normale,Deux véhicules - côté,,,,,,,,,,,2,1,2,1.0,3
201300006972,0013-09-23 07:00:00,13,9,23,7,0,710,590,,,,Plein jour,Hors agglomération,Hors intersection,Brouillard / fumée,Deux véhicules - côté,,,,,,,,,,,1,1,1,5.0,3
201300006973,0013-04-04 11:45:00,13,4,4,11,45,710,480,,,,Plein jour,Hors agglomération,Hors intersection,Normale,Sans collision,,,,,,,,,,,1,1,1,1.0,7
201300006974,0013-10-29 14:30:00,13,10,29,14,30,710,412,,46.72613,4.45838,Plein jour,Hors agglomération,Hors intersection,Normale,Autre collision,,,,,,,,,,,1,1,1,1.0,6
201300006975,0013-02-14 19:00:00,13,2,14,19,0,710,220,,,,Crépuscule ou aube,Hors agglomération,Hors intersection,Pluie légère,Deux véhicules - frontale,,,,,,,,,,,2,1,1,2.0,1
201300006976,0013-05-16 09:15:00,13,5,16,9,15,710,47,les alouettes,46.62885,3.73604,Plein jour,En agglomération,Giratoire,Pluie légère,Deux véhicules - côté,,,,,,,,,,,1,2,6,2.0,3
201300006977,0013-10-01 21:30:00,13,10,1,21,30,710,47,69 Avenue Puzenat,46.62555,3.7521,Nuit avec éclairage allumé,En agglomération,Hors intersection,Normale,Deux véhicules - côté,,,,,,,,,,,5,2,1,1.0,3
201300006978,0013-06-17 13:30:00,13,6,17,13,30,710,230,rue de la convention,46.59704,4.06737,Plein jour,En agglomération,Hors intersection,Normale,Deux véhicules - côté,,,,,,,,,,,1,2,1,1.0,3
201300006979,0013-09-05 16:30:00,13,9,5,16,30,710,230,,46.6003,4.05177,Plein jour,Hors agglomération,Hors intersection,Normale,Deux véhicules - côté,,,,,,,,,,,1,1,1,1.0,3
201300006980,0013-02-04 06:45:00,13,2,4,6,45,710,263,Rue du guidon,,,Crépuscule ou aube,En agglomération,Hors intersection,Pluie légère,Deux véhicules - frontale,,,,,,,,,,,2,2,1,2.0,1
201300006981,0013-04-26 08:15:00,13,4,26,8,15,710,558,,,,Plein jour,Hors agglomération,Hors intersection,Pluie légère,Autre collision,,,,,,,,,,,1,1,1,2.0,6
201300006982,0013-01-16 15:30:00,13,1,16,15,30,710,13,,,,Plein jour,Hors agglomération,Intersection en X,Temps éblouissant,Deux véhicules - côté,,,,,,,,,,,1,1,2,7.0,3
201300006983,0013-01-29 18:15:00,13,1,29,18,15,710,222,,,,Nuit sans éclairage public,Hors agglomération,Hors intersection,Pluie légère,Deux véhicules - frontale,,,,,,,,,,,3,1,1,2.0,1
201300006984,0013-07-09 15:30:00,13,7,9,15,30,710,363,LE BOURG,,,Plein jour,En agglomération,Hors intersection,Normale,Autre collision,,,,,,,,,,,1,2,1,1.0,6
201300006985,0013-09-03 17:30:00,13,9,3,17,30,710,222,,,,Plein jour,Hors agglomération,Hors intersection,Normale,Autre collision,,,,,,,,,,,1,1,1,1.0,6
201300006986,0013-10-10 20:15:00,13,10,10,20,15,710,413,,,,Nuit sans éclairage public,Hors agglomération,Hors intersection,Pluie forte,Deux véhicules - frontale,,,,,,,,,,,3,1,1,3.0,1
201300006987,0013-10-21 17:15:00,13,10,21,17,15,710,412,,,,Plein jour,Hors agglomération,Hors intersection,Normale,Trois véhicules et plus - en chaîne,,,,,,,,,,,1,1,1,1.0,4
201300006988,0013-02-01 16:55:00,13,2,1,16,55,890,484,,47.91139,3.32696,Plein jour,Hors agglomération,Hors intersection,Pluie forte,Trois véhicules et plus - collisions multiples,,,,,,,,,,,1,1,1,3.0,5
201300006989,0013-02-16 08:15:00,13,2,16,8,15,890,438,,47.80059,3.64587,Plein jour,Hors agglomération,Hors intersection,Brouillard / fumée,Deux véhicules - arrière,,,,,,,,,,,1,1,1,5.0,2
201300006990,0013-02-19 05:45:00,13,2,19,5,45,890,24,,47.84164,3.61304,Nuit sans éclairage public,Hors agglomération,Hors intersection,Normale,Deux véhicules - arrière,,,,,,,,,,,3,1,1,1.0,2
201300006991,0013-02-23 19:00:00,13,2,23,19,0,890,484,,47.91233,3.2948,Nuit sans éclairage public,Hors agglomération,Hors intersection,Neige / grêle,Sans collision,,,,,,,,,,,3,1,1,4.0,7
201300006992,0013-03-28 12:40:00,13,3,28,12,40,890,341,,47.71898,3.76036,Plein jour,Hors agglomération,Hors intersection,Normale,Deux véhicules - arrière,,,,,,,,,,,1,1,1,1.0,2
201300006993,0013-04-05 07:10:00,13,4,5,7,10,890,384,,47.90441,3.34571,Plein jour,Hors agglomération,Hors intersection,Normale,Deux véhicules - arrière,,,,,,,,,,,1,1,1,1.0,2
201300006994,0013-05-28 16:30:00,13,5,28,16,30,890,13,,47.85813,3.53955,Plein jour,Hors agglomération,Hors intersection,Pluie légère,Sans collision,,,,,,,,,,,1,1,1,2.0,7
201300006995,0013-07-16 04:00:00,13,7,16,4,0,890,313,,,,Nuit sans éclairage public,Hors agglomération,Hors intersection,Normale,Trois véhicules et plus - collisions multiples,,,,,,,,,,,3,1,1,1.0,5
201300006996,0013-08-05 19:45:00,13,8,5,19,45,890,341,,47.73433,3.73779,Plein jour,Hors agglomération,Hors intersection,Pluie forte,Autre collision,,,,,,,,,,,1,1,1,3.0,6
201300006997,0013-09-02 01:00:00,13,9,2,1,0,890,213,,47.89433,3.40103,Nuit sans éclairage public,Hors agglomération,Hors intersection,Normale,Deux véhicules - arrière,,,,,,,,,,,3,1,1,1.0,2
201300006998,0013-10-07 10:00:00,13,10,7,10,0,890,384,,,,Plein jour,Hors agglomération,Hors intersection,Normale,Autre collision,,,,,,,,,,,1,1,1,1.0,6
201300006999,0013-10-16 11:30:00,13,10,16,11,30,890,263,,,,Plein jour,Hors agglomération,Hors intersection,Normale,Autre collision,,,,,,,,,,,1,1,1,1.0,6
201300007000,0013-11-04 12:30:00,13,11,4,12,30,890,167,,47.87909,3.45665,Plein jour,Hors agglomération,Hors intersection,Pluie forte,Autre collision,,,,,,,,,,,1,1,1,3.0,6
201300007001,0013-11-08 11:45:00,13,11,8,11,45,890,388,,,,Plein jour,Hors agglomération,Hors intersection,Pluie légère,Deux véhicules - arrière,,,,,,,,,,,1,1,1,2.0,2