accident_id,datetime,annee,mois,jour,heure,minute,departement,commune_insee,adresse,latitude,longitude,luminosite,agglomeration,intersection,meteo,collision,nb_vehicules,nb_usagers,nb_indemnes,nb_tues,nb_blesses_hosp,nb_blesses_legers,age_cond_1,age_cond_2,veh_type_cond_1,veh_type_cond_2,lum_code,agg_code,int_code,atm_code,col_code
201300007271,0013-10-29 17:45:00,13,10,29,17,45,390,397,CHEMIN DES ALLAMANS,,,Nuit avec éclairage allumé,En agglomération,Intersection en T,Normale,Deux véhicules - côté,,,,,,,,,,,5,2,3,1.0,3
201300007272,0013-08-05 12:15:00,13,8,5,12,15,390,422,,,,Plein jour,Hors agglomération,Hors intersection,Normale,Autre collision,,,,,,,,,,,1,1,1,1.0,6
201300007273,0013-04-02 10:15:00,13,4,2,10,15,390,88,,,,Plein jour,Hors agglomération,Hors intersection,Normale,Sans collision,,,,,,,,,,,1,1,1,1.0,7
201300007274,0013-06-22 18:30:00,13,6,22,18,30,390,475,avenue Franche Comt?,46.736,5.571,Plein jour,En agglomération,Autre intersection,Normale,Deux véhicules - côté,,,,,,,,,,,1,2,9,1.0,3
201300007275,0013-07-26 18:30:00,13,7,26,18,30,390,466,,,,Plein jour,Hors agglomération,Hors intersection,Normale,Autre collision,,,,,,,,,,,1,1,1,1.0,6
201300007276,0013-10-26 11:45:00,13,10,26,11,45,390,474,,,,Plein jour,Hors agglomération,Intersection en X,Normale,Deux véhicules - côté,,,,,,,,,,,1,1,2,1.0,3
201300007277,0013-04-04 15:30:00,13,4,4,15,30,390,9,,,,Plein jour,Hors agglomération,Hors intersection,Normale,Deux véhicules - frontale,,,,,,,,,,,1,1,1,1.0,1
201300007278,0013-05-03 14:45:00,13,5,3,14,45,390,376,,,,Plein jour,Hors agglomération,Hors intersection,Pluie légère,Autre collision,,,,,,,,,,,1,1,1,2.0,6
201300007279,0013-06-10 11:00:00,13,6,10,11,0,390,545,,,,Plein jour,Hors agglomération,Hors intersection,Temps couvert,Deux véhicules - frontale,,,,,,,,,,,1,1,1,8.0,1
201300007280,0013-02-07 08:15:00,13,2,7,8,15,390,227,,46.638,6.03,Plein jour,Hors agglomération,Hors intersection,Neige / grêle,Deux véhicules - côté,,,,,,,,,,,1,1,1,4.0,3
201300007281,0013-05-03 10:15:00,13,5,3,10,15,390,116,,46.87,5.812,Plein jour,Hors agglomération,Hors intersection,Normale,Deux véhicules - côté,,,,,,,,,,,1,1,1,1.0,3
201300007282,0013-05-20 17:15:00,13,5,20,17,15,390,81,,46.886,5.72,Plein jour,Hors agglomération,Hors intersection,Temps couvert,Trois véhicules et plus - collisions multiples,,,,,,,,,,,1,1,1,8.0,5
201300007283,0013-06-30 15:45:00,13,6,30,15,45,390,49,,46.865,5.606,Plein jour,Hors agglomération,Hors intersection,Normale,Autre collision,,,,,,,,,,,1,1,1,1.0,6
201300007284,0013-07-13 02:00:00,13,7,13,2,0,390,13,,46.919,5.771,Nuit sans éclairage public,Hors agglomération,Hors intersection,Normale,Deux véhicules - frontale,,,,,,,,,,,3,1,1,1.0,1
201300007285,0013-07-27 14:15:00,13,7,27,14,15,390,81,,,,Plein jour,Hors agglomération,Hors intersection,Normale,Deux véhicules - frontale,,,,,,,,,,,1,1,1,1.0,1
201300007286,0013-07-27 17:15:00,13,7,27,17,15,390,49,rue de la poste,46.865,5.604,Plein jour,En agglomération,Hors intersection,Normale,Deux véhicules - côté,,,,,,,,,,,1,2,1,1.0,3
201300007287,0013-08-09 18:45:00,13,8,9,18,45,390,13,,46.903,5.745,Plein jour,Hors agglomération,Hors intersection,Normale,Deux véhicules - côté,,,,,,,,,,,1,1,1,1.0,3
201300007288,0013-08-29 07:00:00,13,8,29,7,0,390,13,,46.901,5.738,Crépuscule ou aube,Hors agglomération,Hors intersection,Normale,Deux véhicules - côté,,,,,,,,,,,2,1,1,1.0,3
201300007289,0013-11-04 14:00:00,13,11,4,14,0,390,434,,46.822,5.74,Plein jour,Hors agglomération,Hors intersection,Pluie forte,Deux véhicules - frontale,,,,,,,,,,,1,1,1,3.0,1
201300007290,0013-11-11 17:15:00,13,11,11,17,15,390,434,,46.84,5.696,Crépuscule ou aube,Hors agglomération,Hors intersection,Temps couvert,Deux véhicules - côté,,,,,,,,,,,2,1,1,8.0,3
201300007291,0013-06-04 18:15:00,13,6,4,18,15,390,176,,,,Plein jour,Hors agglomération,Hors intersection,Normale,Autre collision,,,,,,,,,,,1,1,1,1.0,6
201300007292,0013-06-14 18:45:00,13,6,14,18,45,390,436,Route de Champagnole,46.876,5.9,Plein jour,En agglomération,Hors intersection,Normale,Autre collision,,,,,,,,,,,1,2,1,1.0,6
201300007293,0013-07-08 08:15:00,13,7,8,8,15,390,500,,,,Plein jour,Hors agglomération,Hors intersection,Normale,Deux véhicules - frontale,,,,,,,,,,,1,1,1,1.0,1
201300007294,0013-08-29 23:45:00,13,8,29,23,45,390,439,,46.996,5.822,Nuit sans éclairage public,Hors agglomération,Hors intersection,Normale,Sans collision,,,,,,,,,,,3,1,1,1.0,7
201300007295,0013-09-08 19:30:00,13,9,8,19,30,390,500,,,,Crépuscule ou aube,Hors agglomération,Hors intersection,Pluie forte,Deux véhicules - frontale,,,,,,,,,,,2,1,1,3.0,1
201300007296,0013-09-27 07:45:00,13,9,27,7,45,390,500,,,,Plein jour,Hors agglomération,Intersection en T,Normale,Deux véhicules - côté,,,,,,,,,,,1,1,3,1.0,3
201300007297,0013-10-28 17:30:00,13,10,28,17,30,390,202,,,,Crépuscule ou aube,Hors agglomération,Hors intersection,Pluie légère,Autre collision,,,,,,,,,,,2,1,1,2.0,6
201300007298,0013-01-24 22:00:00,13,1,24,22,0,390,526,39 rue de chalon,47.036,5.402,Nuit avec éclairage allumé,En agglomération,Hors intersection,Normale,Deux véhicules - côté,,,,,,,,,,,5,2,1,1.0,3
201300007299,0013-04-10 20:45:00,13,4,10,20,45,390,233,,47.095,5.453,Nuit sans éclairage public,Hors agglomération,Hors intersection,Pluie forte,Sans collision,,,,,,,,,,,3,1,1,3.0,7
201300007300,0013-05-11 08:15:00,13,5,11,8,15,390,233,,,,Plein jour,Hors agglomération,Hors intersection,Normale,Trois véhicules et plus - collisions multiples,,,,,,,,,,,1,1,1,1.0,5
201300007301,0013-06-20 18:15:00,13,6,20,18,15,390,270,,47.142,5.475,Plein jour,Hors agglomération,Hors intersection,Normale,Deux véhicules - frontale,,,,,,,,,,,1,1,1,1.0,1
201300007302,0013-07-12 07:30:00,13,7,12,7,30,390,405,RD 905,47.027,5.494,Plein jour,En agglomération,Hors intersection,Normale,Deux véhicules - côté,,,,,,,,,,,1,2,1,1.0,3
201300007303,0013-07-12 17:45:00,13,7,12,17,45,390,476,,47.029,5.338,Plein jour,En agglomération,Hors intersection,Normale,Deux véhicules - frontale,,,,,,,,,,,1,2,1,1.0,1
201300007304,0013-10-05 05:15:00,13,10,5,5,15,390,150,,,,Nuit sans éclairage public,Hors agglomération,Giratoire,Normale,Deux véhicules - côté,,,,,,,,,,,3,1,6,1.0,3
201300007305,0013-11-10 07:00:00,13,11,10,7,0,390,101,route de foucherans,,,Crépuscule ou aube,En agglomération,Hors intersection,Pluie légère,Autre collision,,,,,,,,,,,2,2,1,2.0,6
201300007306,0013-11-08 17:00:00,13,11,8,17,0,390,412,route de chaussin,,,Crépuscule ou aube,En agglomération,Hors intersection,Pluie forte,Autre collision,,,,,,,,,,,2,2,1,3.0,6
201300007307,0013-02-11 08:15:00,13,2,11,8,15,390,48,,47.023,5.615,Plein jour,Hors agglomération,Hors intersection,Neige / grêle,Deux véhicules - frontale,,,,,,,,,,,1,1,1,4.0,1
201300007308,0013-04-15 10:30:00,13,4,15,10,30,390,387,,,,Plein jour,Hors agglomération,Hors intersection,Normale,Deux véhicules - frontale,,,,,,,,,,,1,1,1,1.0,1
201300007309,0013-07-16 23:30:00,13,7,16,23,30,390,149,,47.023,5.727,Nuit sans éclairage public,Hors agglomération,Hors intersection,Normale,Sans collision,,,,,,,,,,,3,1,1,1.0,7
201300007310,0013-08-22 21:45:00,13,8,22,21,45,390,415,,46.923,5.343,Nuit sans éclairage public,Hors agglomération,Hors intersection,Normale,Sans collision,,,,,,,,,,,3,1,1,1.0,7
201300007311,0013-11-07 16:15:00,13,11,7,16,15,390,415,rue de la louvi?re,,,Plein jour,En agglomération,Hors intersection,Normale,Deux véhicules - côté,,,,,,,,,,,1,2,1,1.0,3
201300007312,0013-03-17 12:15:00,13,3,17,12,15,390,74,,47.247,5.554,Plein jour,Hors agglomération,Intersection en X,Pluie légère,Deux véhicules - frontale,,,,,,,,,,,1,1,2,2.0,1
201300007313,0013-05-17 07:45:00,13,5,17,7,45,390,449,rue Gabriel Toytot,47.158,5.484,Plein jour,En agglomération,Hors intersection,Pluie légère,Deux véhicules - frontale,,,,,,,,,,,1,2,1,2.0,1
201300007314,0013-06-30 15:00:00,13,6,30,15,0,390,188,,47.266,5.545,Plein jour,Hors agglomération,Hors intersection,Normale,Deux véhicules - côté,,,,,,,,,,,1,1,1,1.0,3
201300007315,0013-07-16 20:15:00,13,7,16,20,15,390,499,,47.237,5.639,Plein jour,Hors agglomération,Hors intersection,Normale,Deux véhicules - côté,,,,,,,,,,,1,1,1,1.0,3
201300007316,0013-08-30 14:15:00,13,8,30,14,15,390,235,,47.151,5.749,Plein jour,Hors agglomération,Hors intersection,Normale,Deux véhicules - frontale,,,,,,,,,,,1,1,1,1.0,1
201300007317,0013-02-12 17:30:00,13,2,12,17,30,390,510,,,,Plein jour,Hors agglomération,Hors intersection,Autre,Trois véhicules et plus - collisions multiples,,,,,,,,,,,1,1,1,9.0,5
201300007318,0013-02-20 23:45:00,13,2,20,23,45,390,478,rue de la poyat,46.39,5.86,Nuit avec éclairage allumé,En agglomération,Hors intersection,Normale,Autre collision,,,,,,,,,,,5,2,1,1.0,6
201300007319,0013-04-25 12:30:00,13,4,25,12,30,390,102,RUE DU JURA,,,Plein jour,En agglomération,Hors intersection,Normale,Deux véhicules - frontale,,,,,,,,,,,1,2,1,1.0,1
201300007320,0013-07-20 13:00:00,13,7,20,13,0,390,157,,,,Plein jour,Hors agglomération,Hors intersection,Normale,Deux véhicules - arrière,,,,,,,,,,,1,1,1,1.0,2
201300007321,0013-09-27 15:30:00,13,9,27,15,30,390,491,,,,Plein jour,Hors agglomération,Hors intersection,Normale,Autre collision,,,,,,,,,,,1,1,1,1.0,6
201300007322,0013-11-28 09:00:00,13,11,28,9,0,390,547,,,,Plein jour,Hors agglomération,Hors intersection,Temps couvert,Deux véhicules - frontale,,,,,,,,,,,1,1,1,8.0,1
201300007323,0013-07-02 08:00:00,13,7,2,8,0,390,441,,46.433,6.023,Plein jour,Hors agglomération,Hors intersection,Normale,Deux véhicules - côté,,,,,,,,,,,1,1,1,1.0,3
201300007324,0013-07-19 14:00:00,13,7,19,14,0,390,59,1867 RUE FRANCHE COMTE,,,Plein jour,En agglomération,Hors intersection,Pluie légère,Deux véhicules - arrière,,,,,,,,,,,1,2,1,2.0,2
201300007325,0013-07-21 16:30:00,13,7,21,16,30,390,470,RN5 - ROUTE BLANCHE,,,Plein jour,En agglomération,Hors intersection,Normale,Deux véhicules - côté,,,,,,,,,,,1,2,1,1.0,3
201300007326,0013-08-20 17:00:00,13,8,20,17,0,390,131,,,,Plein jour,Hors agglomération,Hors intersection,Normale,Autre collision,,,,,,,,,,,1,1,1,1.0,6
201300007327,0013-08-23 20:15:00,13,8,23,20,15,390,368,100 RUE DE LA REPUBLIQUE,,,Crépuscule ou aube,En agglomération,Hors intersection,Normale,Deux véhicules - côté,,,,,,,,,,,2,2,1,1.0,3
201300007328,0013-09-15 16:45:00,13,9,15,16,45,390,258,,,,Plein jour,Hors agglomération,Hors intersection,Temps couvert,Sans collision,,,,,,,,,,,1,1,1,8.0,7
201300007329,0013-10-09 07:15:00,13,10,9,7,15,390,115,Rue du faye parcours,,,Crépuscule ou aube,En agglomération,Hors intersection,Normale,Autre collision,,,,,,,,,,,2,2,1,1.0,6
201300007330,0013-10-30 14:15:00,13,10,30,14,15,390,487,5 rue des pesi?res,,,Plein jour,En agglomération,Hors intersection,Normale,Deux véhicules - côté,,,,,,,,,,,1,2,1,1.0,3
201300007331,0013-11-26 17:45:00,13,11,26,17,45,390,470,,46.48,6.065,Nuit avec éclairage non allumé,En agglomération,Hors intersection,Normale,Autre collision,,,,,,,,,,,4,2,1,1.0,6
201300007332,0013-12-26 17:30:00,13,12,26,17,30,390,470,,46.489,6.043,Nuit sans éclairage public,Hors agglomération,Hors intersection,Neige / grêle,Deux véhicules - côté,,,,,,,,,,,3,1,1,4.0,3
201300007333,0013-06-20 07:40:00,13,6,20,7,40,40,112,"417, DEPARTEMENTALE 4096",,,Plein jour,En agglomération,Autre intersection,Normale,Deux véhicules - côté,,,,,,,,,,,1,2,9,1.0,3
201300007334,0013-06-17 12:30:00,13,6,17,12,30,40,112,POMPIDOU (AV.GEORGES),,,Plein jour,En agglomération,Hors intersection,Normale,Autre collision,,,,,,,,,,,1,2,1,1.0,6
201300007335,0013-06-22 14:50:00,13,6,22,14,50,40,112,HAUTE PROVENCE (BD. DE),,,Plein jour,En agglomération,Hors intersection,Normale,Autre collision,,,,,,,,,,,1,2,1,1.0,6
201300007336,0013-06-17 09:10:00,13,6,17,9,10,40,112,"15, CAIRE (PL. DR.)",,,Plein jour,En agglomération,Intersection en T,Normale,Deux véhicules - côté,,,,,,,,,,,1,2,3,1.0,3
201300007337,0013-06-23 18:11:00,13,6,23,18,11,40,112,RYCKBUSCH(AVENUE),,,Plein jour,En agglomération,Hors intersection,Normale,Deux véhicules - côté,,,,,,,,,,,1,2,1,1.0,3
201300007338,0013-07-05 18:25:00,13,7,5,18,25,40,112,ROBERT (CH.DE),,,Plein jour,Hors agglomération,Intersection en X,Normale,Deux véhicules - côté,,,,,,,,,,,1,1,2,1.0,3
201300007339,0013-07-15 00:15:00,13,7,15,0,15,700,42,,,,Nuit sans éclairage public,Hors agglomération,Hors intersection,Normale,Autre collision,,,,,,,,,,,3,1,1,1.0,6
201300007340,0013-08-09 20:15:00,13,8,9,20,15,700,433,,,,Plein jour,Hors agglomération,Hors intersection,Normale,Deux véhicules - frontale,,,,,,,,,,,1,1,1,1.0,1
201300007341,0013-08-21 14:00:00,13,8,21,14,0,700,42,,,,Plein jour,Hors agglomération,Hors intersection,Normale,Autre collision,,,,,,,,,,,1,1,1,1.0,6
201300007342,0013-11-24 17:45:00,13,11,24,17,45,700,517,,,,Nuit sans éclairage public,Hors agglomération,Giratoire,Normale,Sans collision,,,,,,,,,,,3,1,6,1.0,7
201300007343,0013-08-26 10:15:00,13,8,26,10,15,700,329,,,,Plein jour,Hors agglomération,Hors intersection,Pluie légère,Autre collision,,,,,,,,,,,1,1,1,2.0,6
201300007344,0013-12-08 07:30:00,13,12,8,7,30,700,292,rue victor hugo,,,Crépuscule ou aube,En agglomération,Hors intersection,Normale,Autre collision,,,,,,,,,,,2,2,1,1.0,6
201300007345,0013-02-21 18:45:00,13,2,21,18,45,700,566,,,,Nuit sans éclairage public,Hors agglomération,Intersection en X,Normale,Deux véhicules - côté,,,,,,,,,,,3,1,2,1.0,3
201300007346,0013-03-30 02:00:00,13,3,30,2,0,700,457,,,,Nuit sans éclairage public,Hors agglomération,Hors intersection,Pluie légère,Sans collision,,,,,,,,,,,3,1,1,2.0,7
201300007347,0013-04-16 12:15:00,13,4,16,12,15,700,235,,,,Plein jour,Hors agglomération,Hors intersection,Normale,Trois véhicules et plus - collisions multiples,,,,,,,,,,,1,1,1,1.0,5
201300007348,0013-04-19 12:00:00,13,4,19,12,0,700,167,rue des communailles,,,Plein jour,En agglomération,Hors intersection,Normale,Deux véhicules - frontale,,,,,,,,,,,1,2,1,1.0,1
201300007349,0013-05-27 12:15:00,13,5,27,12,15,700,278,,,,Plein jour,Hors agglomération,Hors intersection,Normale,Deux véhicules - frontale,,,,,,,,,,,1,1,1,1.0,1
201300007350,0013-06-10 08:15:00,13,6,10,8,15,700,421,Rue Francois MITTERRAND,,,Plein jour,En agglomération,Hors intersection,Normale,Deux véhicules - côté,,,,,,,,,,,1,2,1,1.0,3
201300007351,0013-08-23 17:15:00,13,8,23,17,15,700,482,,,,Plein jour,Hors agglomération,Hors intersection,Normale,Deux véhicules - côté,,,,,,,,,,,1,1,1,1.0,3
201300007352,0013-08-27 12:15:00,13,8,27,12,15,700,44,,,,Plein jour,Hors agglomération,Hors intersection,Normale,Deux véhicules - frontale,,,,,,,,,,,1,1,1,1.0,1
201300007353,0013-01-05 17:30:00,13,1,5,17,30,700,431,,,,Crépuscule ou aube,Hors agglomération,Hors intersection,Temps couvert,Deux véhicules - frontale,,,,,,,,,,,2,1,1,8.0,1
201300007354,0013-01-08 16:15:00,13,1,8,16,15,700,208,,,,Plein jour,Hors agglomération,Hors intersection,Temps couvert,Deux véhicules - frontale,,,,,,,,,,,1,1,1,8.0,1
201300007355,0013-04-25 07:45:00,13,4,25,7,45,700,441,rue de fondremand,,,Plein jour,En agglomération,Hors intersection,Normale,Deux véhicules - frontale,,,,,,,,,,,1,2,1,1.0,1
201300007356,0013-09-21 07:30:00,13,9,21,7,30,700,109,,,,Crépuscule ou aube,Hors agglomération,Hors intersection,Brouillard / fumée,Deux véhicules - frontale,,,,,,,,,,,2,1,1,5.0,1
201300007357,0013-10-10 13:00:00,13,10,10,13,0,700,383,,,,Plein jour,Hors agglomération,Hors intersection,Pluie légère,Deux véhicules - frontale,,,,,,,,,,,1,1,1,2.0,1
201300007358,0013-11-15 07:00:00,13,11,15,7,0,700,407,,,,Crépuscule ou aube,Hors agglomération,Hors intersection,Normale,Deux véhicules - frontale,,,,,,,,,,,2,1,1,1.0,1
201300007359,0013-11-27 10:00:00,13,11,27,10,0,700,493,,,,Plein jour,Hors agglomération,Intersection à plus de 4 branches,Normale,Trois véhicules et plus - collisions multiples,,,,,,,,,,,1,1,5,1.0,5
201300007360,0013-12-12 17:00:00,13,12,12,17,0,700,493,,,,Crépuscule ou aube,Hors agglomération,Hors intersection,Normale,Deux véhicules - frontale,,,,,,,,,,,2,1,1,1.0,1
201300007361,0013-01-13 08:15:00,13,1,13,8,15,700,432,,,,Plein jour,Hors agglomération,Hors intersection,Neige / grêle,Autre collision,,,,,,,,,,,1,1,1,4.0,6
201300007362,0013-03-27 16:00:00,13,3,27,16,0,700,577,,,,Plein jour,Hors agglomération,Hors intersection,Normale,Deux véhicules - côté,,,,,,,,,,,1,1,1,1.0,3
201300007363,0013-04-05 18:30:00,13,4,5,18,30,700,4,Rue des genevriers,,,Plein jour,En agglomération,Hors intersection,Temps couvert,Sans collision,,,,,,,,,,,1,2,1,8.0,7
201300007364,0013-04-05 12:30:00,13,4,5,12,30,700,310,,,,Plein jour,Hors agglomération,Hors intersection,Normale,Sans collision,,,,,,,,,,,1,1,1,1.0,7
201300007365,0013-05-11 15:30:00,13,5,11,15,30,700,262,,,,Plein jour,Hors agglomération,Hors intersection,Normale,Deux véhicules - frontale,,,,,,,,,,,1,1,1,1.0,1
201300007366,0013-06-05 18:45:00,13,6,5,18,45,700,310,13 RUE MARSOT,,,Plein jour,En agglomération,Hors intersection,Normale,Sans collision,,,,,,,,,,,1,2,1,1.0,7
201300007367,0013-07-31 16:30:00,13,7,31,16,30,700,432,,,,Plein jour,Hors agglomération,Hors intersection,Normale,Autre collision,,,,,,,,,,,1,1,1,1.0,6
201300007368,0013-09-03 17:00:00,13,9,3,17,0,700,310,100 avenue Carnot,,,Plein jour,En agglomération,Hors intersection,Normale,Deux véhicules - côté,,,,,,,,,,,1,2,1,1.0,3
201300007369,0013-10-19 17:00:00,13,10,19,17,0,700,260,,,,Plein jour,Hors agglomération,Hors intersection,Normale,Deux véhicules - côté,,,,,,,,,,,1,1,1,1.0,3
201300007370,0013-11-22 17:45:00,13,11,22,17,45,700,321,10 rue du lac,,,Nuit avec éclairage allumé,En agglomération,Hors intersection,Normale,Autre collision,,,,,,,,,,,5,2,1,1.0,6
201300007371,0013-01-04 15:15:00,13,1,4,15,15,700,313,,,,Plein jour,Hors agglomération,Hors intersection,Brouillard / fumée,Trois véhicules et plus - collisions multiples,,,,,,,,,,,1,1,1,5.0,5
201300007372,0013-04-05 14:30:00,13,4,5,14,30,700,451,rue pasteur,,,Plein jour,En agglomération,Intersection en T,Normale,Deux véhicules - frontale,,,,,,,,,,,1,2,3,1.0,1
201300007373,0013-07-08 17:15:00,13,7,8,17,15,700,339,38 Grande Rue,,,Plein jour,En agglomération,Hors intersection,Normale,Deux véhicules - arrière,,,,,,,,,,,1,2,1,1.0,2
201300007374,0013-09-09 17:15:00,13,9,9,17,15,700,451,32 rue des mineurs,47.699,6.632,Plein jour,En agglomération,Hors intersection,Normale,Deux véhicules - frontale,,,,,,,,,,,1,2,1,1.0,1
201300007375,0013-11-03 17:45:00,13,11,3,17,45,700,256,,,,Nuit sans éclairage public,Hors agglomération,Hors intersection,Pluie légère,Deux véhicules - arrière,,,,,,,,,,,3,1,1,2.0,2
201300007376,0013-11-22 22:15:00,13,11,22,22,15,700,120,,,,Nuit avec éclairage allumé,En agglomération,Passage à niveau,Normale,Deux véhicules - côté,,,,,,,,,,,5,2,8,1.0,3
201300007377,0013-02-10 09:15:00,13,2,10,9,15,700,31,,,,Plein jour,Hors agglomération,Hors intersection,Normale,Trois véhicules et plus - collisions multiples,,,,,,,,,,,1,1,1,1.0,5
201300007378,0013-09-07 11:15:00,13,9,7,11,15,700,506,04 rue du charmois,,,Plein jour,En agglomération,Hors intersection,Normale,Deux véhicules - frontale,,,,,,,,,,,1,2,1,1.0,1
201300007379,0013-09-29 07:30:00,13,9,29,7,30,700,96,,,,Plein jour,Hors agglomération,Hors intersection,Pluie légère,Autre collision,,,,,,,,,,,1,1,1,2.0,6
201300007380,0013-11-08 23:45:00,13,11,8,23,45,700,477,rue de l'eglise,,,Nuit avec éclairage allumé,En agglomération,Hors intersection,Pluie légère,Deux véhicules - côté,,,,,,,,,,,5,2,1,2.0,3
201300007381,0013-12-05 19:45:00,13,12,5,19,45,700,530,,,,Nuit sans éclairage public,Hors agglomération,Hors intersection,Autre,Deux véhicules - côté,,,,,,,,,,,3,1,1,9.0,3
201300007382,0013-01-06 09:30:00,13,1,6,9,30,700,141,,,,Plein jour,Hors agglomération,Hors intersection,Pluie légère,Autre collision,,,,,,,,,,,1,1,1,2.0,6
201300007383,0013-03-16 16:00:00,13,3,16,16,0,700,473,,,,Plein jour,Hors agglomération,Hors intersection,Normale,Deux véhicules - côté,,,,,,,,,,,1,1,1,1.0,3
201300007384,0013-06-04 17:45:00,13,6,4,17,45,700,311,12 rue Grammont,,,Plein jour,En agglomération,Hors intersection,Temps éblouissant,Deux véhicules - frontale,,,,,,,,,,,1,2,1,7.0,1
201300007385,0013-12-10 05:50:00,13,12,10,5,50,700,537,,,,Nuit sans éclairage public,Hors agglomération,Hors intersection,Autre,Sans collision,,,,,,,,,,,3,1,1,9.0,7
201300007386,0013-01-25 08:15:00,13,1,25,8,15,700,240,,,,Plein jour,Hors agglomération,Hors intersection,Temps couvert,Deux véhicules - arrière,,,,,,,,,,,1,1,1,8.0,2
201300007387,0013-04-04 21:30:00,13,4,4,21,30,700,171,,,,Nuit sans éclairage public,Hors agglomération,Hors intersection,Normale,Sans collision,,,,,,,,,,,3,1,1,1.0,7
201300007388,0013-06-24 01:30:00,13,6,24,1,30,700,245,,,,Nuit sans éclairage public,Hors agglomération,Hors intersection,Normale,Trois véhicules et plus - collisions multiples,,,,,,,,,,,3,1,1,1.0,5
201300007389,0013-09-05 15:15:00,13,9,5,15,15,700,97,D28,,,Plein jour,En agglomération,Intersection en T,Normale,Trois véhicules et plus - collisions multiples,,,,,,,,,,,1,2,3,1.0,5
201300007390,0013-10-06 16:15:00,13,10,6,16,15,700,245,,,,Plein jour,Hors agglomération,Hors intersection,Normale,Deux véhicules - frontale,,,,,,,,,,,1,1,1,1.0,1
201300007391,0013-12-10 11:00:00,13,12,10,11,0,700,526,28 GRande Rue,,,Plein jour,En agglomération,Hors intersection,Normale,Autre collision,,,,,,,,,,,1,2,1,1.0,6
201300007392,0013-01-15 19:30:00,13,1,15,19,30,700,331,,,,Nuit sans éclairage public,Hors agglomération,Hors intersection,Neige / grêle,Autre collision,,,,,,,,,,,3,1,1,4.0,6
201300007393,0013-02-06 19:30:00,13,2,6,19,30,700,132,,,,Nuit sans éclairage public,Hors agglomération,Hors intersection,Neige / grêle,Sans collision,,,,,,,,,,,3,1,1,4.0,7
201300007394,0013-04-28 01:15:00,13,4,28,1,15,700,279,Rond point  Hauts Pres,,,Nuit avec éclairage allumé,En agglomération,Giratoire,Pluie légère,Autre collision,,,,,,,,,,,5,2,6,2.0,6
201300007395,0013-07-27 22:30:00,13,7,27,22,30,700,24,,,,Nuit sans éclairage public,Hors agglomération,Hors intersection,Normale,Sans collision,,,,,,,,,,,3,1,1,1.0,7
201300007396,0013-07-27 12:15:00,13,7,27,12,15,700,279,Avenue Carnot,,,Plein jour,En agglomération,Hors intersection,Normale,Deux véhicules - frontale,,,,,,,,,,,1,2,1,1.0,1
201300007397,0013-07-27 11:15:00,13,7,27,11,15,700,279,,,,Plein jour,Hors agglomération,Hors intersection,Normale,Trois véhicules et plus - collisions multiples,,,,,,,,,,,1,1,1,1.0,5
201300007398,0013-08-01 01:00:00,13,8,1,1,0,700,26,AVENUE DES PARC,,,Nuit avec éclairage allumé,En agglomération,Hors intersection,Normale,Sans collision,,,,,,,,,,,5,2,1,1.0,7
201300007399,0013-08-30 17:30:00,13,8,30,17,30,700,331,,,,Plein jour,Hors agglomération,Hors intersection,Normale,Deux véhicules - frontale,,,,,,,,,,,1,1,1,1.0,1
201300007400,0013-10-19 12:00:00,13,10,19,12,0,700,26,49avenue Jean Jaures,,,Plein jour,En agglomération,Hors intersection,Normale,Deux véhicules - frontale,,,,,,,,,,,1,2,1,1.0,1
201300007401,0013-10-21 00:15:00,13,10,21,0,15,700,220,,,,Nuit sans éclairage public,Hors agglomération,Hors intersection,Normale,Autre collision,,,,,,,,,,,3,1,1,1.0,6
201300007402,0013-10-28 11:50:00,13,10,28,11,50,700,279,,,,Plein jour,Hors agglomération,Hors intersection,Temps couvert,Deux véhicules - frontale,,,,,,,,,,,1,1,1,8.0,1
201300007403,0013-11-08 18:00:00,13,11,8,18,0,700,26,,,,Nuit sans éclairage public,Hors agglomération,Hors intersection,Pluie forte,Deux véhicules - frontale,,,,,,,,,,,3,1,1,3.0,1
201300007404,0013-01-27 18:45:00,13,1,27,18,45,700,53,route de Fretigney,,,Nuit sans éclairage public,En agglomération,Hors intersection,Pluie légère,Autre collision,,,,,,,,,,,3,2,1,2.0,6
201300007405,0013-08-18 20:15:00,13,8,18,20,15,700,568,rue de la grapinet,,,Crépuscule ou aube,En agglomération,Hors intersection,Normale,Autre collision,,,,,,,,,,,2,2,1,1.0,6
201300007406,0013-12-02 18:45:00,13,12,2,18,45,700,299,,,,Nuit sans éclairage public,Hors agglomération,Hors intersection,Normale,Sans collision,,,,,,,,,,,3,1,1,1.0,7