accident_id,datetime,annee,mois,jour,heure,minute,departement,commune_insee,adresse,latitude,longitude,luminosite,agglomeration,intersection,meteo,collision,nb_vehicules,nb_usagers,nb_indemnes,nb_tues,nb_blesses_hosp,nb_blesses_legers,age_cond_1,age_cond_2,veh_type_cond_1,veh_type_cond_2,lum_code,agg_code,int_code,atm_code,col_code
201300007545,0013-04-19 16:00:00,13,4,19,16,0,130,72,,,,Plein jour,Hors agglomération,Hors intersection,Normale,Deux véhicules - arrière,,,,,,,,,,,1,1,1,1.0,2
201300007546,0013-06-04 15:00:00,13,6,4,15,0,130,87,,,,Plein jour,Hors agglomération,Intersection en T,Normale,Sans collision,,,,,,,,,,,1,1,3,1.0,7
201300007547,0013-06-20 06:00:00,13,6,20,6,0,130,79,,,,Plein jour,Hors agglomération,Hors intersection,Normale,Deux véhicules - frontale,,,,,,,,,,,1,1,1,1.0,1
201300007548,0013-08-19 09:45:00,13,8,19,9,45,130,110,,,,Plein jour,Hors agglomération,Hors intersection,Normale,Deux véhicules - côté,,,,,,,,,,,1,1,1,1.0,3
201300007549,0013-09-14 08:30:00,13,9,14,8,30,130,72,CD 56 B,,,Plein jour,En agglomération,Intersection en Y,Normale,Deux véhicules - côté,,,,,,,,,,,1,2,4,1.0,3
201300007550,0013-10-31 18:15:00,13,10,31,18,15,130,72,,43.46321,5.61096,Nuit avec éclairage allumé,Hors agglomération,Autre intersection,Normale,Deux véhicules - côté,,,,,,,,,,,5,1,9,1.0,3
201300007551,0013-10-31 19:00:00,13,10,31,19,0,130,110,,,,Nuit sans éclairage public,Hors agglomération,Hors intersection,Normale,Deux véhicules - arrière,,,,,,,,,,,3,1,1,1.0,2
201300007552,0013-12-01 17:15:00,13,12,1,17,15,130,110,,43.45144,5.69423,Nuit sans éclairage public,Hors agglomération,Hors intersection,Normale,Trois véhicules et plus - en chaîne,,,,,,,,,,,3,1,1,1.0,4
201300007553,0013-12-19 21:30:00,13,12,19,21,30,130,110,,,,Nuit avec éclairage allumé,Hors agglomération,Intersection en Y,Pluie légère,Autre collision,,,,,,,,,,,5,1,4,2.0,6
201300007554,0013-01-06 18:30:00,13,1,6,18,30,130,4,,,,Nuit sans éclairage public,Hors agglomération,Hors intersection,Vent fort / tempête,Autre collision,,,,,,,,,,,3,1,1,6.0,6
201300007555,0013-03-31 00:15:00,13,3,31,0,15,130,4,,,,Nuit sans éclairage public,Hors agglomération,Hors intersection,Normale,Autre collision,,,,,,,,,,,3,1,1,1.0,6
201300007556,0013-06-05 17:45:00,13,6,5,17,45,130,4,,,,Plein jour,En agglomération,Hors intersection,Normale,Deux véhicules - côté,,,,,,,,,,,1,2,1,1.0,3
201300007557,0013-06-16 16:45:00,13,6,16,16,45,130,4,,,,Plein jour,Hors agglomération,Hors intersection,Normale,Trois véhicules et plus - collisions multiples,,,,,,,,,,,1,1,1,1.0,5
201300007558,0013-07-03 13:30:00,13,7,3,13,30,130,4,,,,Plein jour,Hors agglomération,Hors intersection,Normale,Autre collision,,,,,,,,,,,1,1,1,1.0,6
201300007559,0013-08-02 16:00:00,13,8,2,16,0,130,4,,,,Plein jour,Hors agglomération,Hors intersection,Normale,Deux véhicules - frontale,,,,,,,,,,,1,1,1,1.0,1
201300007560,0013-09-14 09:45:00,13,9,14,9,45,130,4,,,,Plein jour,Hors agglomération,Hors intersection,Normale,Deux véhicules - frontale,,,,,,,,,,,1,1,1,1.0,1
201300007561,0013-09-20 23:00:00,13,9,20,23,0,130,4,,,,Nuit avec éclairage allumé,Hors agglomération,Autre intersection,Normale,Autre collision,,,,,,,,,,,5,1,9,1.0,6
201300007562,0013-10-14 18:00:00,13,10,14,18,0,130,4,,,,Plein jour,Hors agglomération,Hors intersection,Normale,Deux véhicules - arrière,,,,,,,,,,,1,1,1,1.0,2
201300007563,0013-10-20 21:45:00,13,10,20,21,45,130,4,rd453,,,Nuit sans éclairage public,En agglomération,Hors intersection,Normale,Autre collision,,,,,,,,,,,3,2,1,1.0,6
201300007564,0013-10-31 09:00:00,13,10,31,9,0,130,4,,,,Plein jour,Hors agglomération,Hors intersection,Normale,Autre collision,,,,,,,,,,,1,1,1,1.0,6
201300007565,0013-11-03 10:15:00,13,11,3,10,15,130,4,,,,Plein jour,Hors agglomération,Hors intersection,Normale,Autre collision,,,,,,,,,,,1,1,1,1.0,6
201300007566,0013-03-09 05:00:00,13,3,9,5,0,130,27,,,,Nuit sans éclairage public,Hors agglomération,Intersection en Y,Pluie légère,Deux véhicules - frontale,,,,,,,,,,,3,1,4,2.0,1
201300007567,0013-05-18 06:00:00,13,5,18,6,0,130,27,,43.85922,4.80427,Crépuscule ou aube,Hors agglomération,Hors intersection,Pluie légère,Autre collision,,,,,,,,,,,2,1,1,2.0,6
201300007568,0013-07-13 10:45:00,13,7,13,10,45,130,66,,,,Plein jour,Hors agglomération,Hors intersection,Normale,Trois véhicules et plus - collisions multiples,,,,,,,,,,,1,1,1,1.0,5
201300007569,0013-08-22 08:15:00,13,8,22,8,15,130,66,,43.88435,4.89783,Plein jour,Hors agglomération,Hors intersection,Normale,Deux véhicules - côté,,,,,,,,,,,1,1,1,1.0,3
201300007570,0013-11-09 04:00:00,13,11,9,4,0,130,27,,,,Nuit sans éclairage public,Hors agglomération,Hors intersection,Temps couvert,Autre collision,,,,,,,,,,,3,1,1,8.0,6
201300007571,0013-03-03 16:45:00,13,3,3,16,45,130,96,,,,Plein jour,Hors agglomération,Hors intersection,Normale,Deux véhicules - frontale,,,,,,,,,,,1,1,1,1.0,1
201300007572,0013-04-10 21:15:00,13,4,10,21,15,130,96,d570,,,Nuit sans éclairage public,Hors agglomération,Hors intersection,Normale,Autre collision,,,,,,,,,,,3,1,1,1.0,6
201300007573,0013-08-03 04:00:00,13,8,3,4,0,130,96,,43.54429,4.3551,Nuit sans éclairage public,Hors agglomération,Hors intersection,Normale,Deux véhicules - frontale,,,,,,,,,,,3,1,1,1.0,1
201300007574,0013-08-25 13:30:00,13,8,25,13,30,130,96,avenue d'Arles,43.45319,4.42797,Plein jour,En agglomération,Hors intersection,Normale,Autre collision,,,,,,,,,,,1,2,1,1.0,6
201300007575,0013-02-19 22:15:00,13,2,19,22,15,130,97,,,,Nuit sans éclairage public,Hors agglomération,Hors intersection,Normale,Trois véhicules et plus - collisions multiples,,,,,,,,,,,3,1,1,1.0,5
201300007576,0013-03-26 08:15:00,13,3,26,8,15,130,97,,,,Plein jour,Hors agglomération,Hors intersection,Normale,Deux véhicules - côté,,,,,,,,,,,1,1,1,1.0,3
201300007577,0013-04-22 20:00:00,13,4,22,20,0,130,97,vers distribike,43.62501,4.79703,Plein jour,Hors agglomération,Intersection en T,Normale,Deux véhicules - côté,,,,,,,,,,,1,1,3,1.0,3
201300007578,0013-05-26 18:15:00,13,5,26,18,15,130,97,,,,Plein jour,Hors agglomération,Hors intersection,Normale,Deux véhicules - arrière,,,,,,,,,,,1,1,1,1.0,2
201300007579,0013-07-15 19:45:00,13,7,15,19,45,130,97,,43.62509,4.7495,Plein jour,Hors agglomération,Autre intersection,Normale,Sans collision,,,,,,,,,,,1,1,9,1.0,7
201300007580,0013-07-17 16:30:00,13,7,17,16,30,130,97,,,,Plein jour,Hors agglomération,Hors intersection,Normale,Autre collision,,,,,,,,,,,1,1,1,1.0,6
201300007581,0013-08-22 16:00:00,13,8,22,16,0,130,97,Place du Gnl DE GAULLE,43.63729,4.80812,Plein jour,En agglomération,Place,Normale,Autre collision,,,,,,,,,,,1,2,7,1.0,6
201300007582,0013-10-15 14:45:00,13,10,15,14,45,130,97,,,,Plein jour,Hors agglomération,Hors intersection,Normale,Sans collision,,,,,,,,,,,1,1,1,1.0,7
201300007583,0013-11-14 16:30:00,13,11,14,16,30,130,97,Avenue C?sar Bernaudon,43.63849,4.81097,Plein jour,En agglomération,Hors intersection,Normale,Trois véhicules et plus - collisions multiples,,,,,,,,,,,1,2,1,1.0,5
201300007584,0013-11-26 11:45:00,13,11,26,11,45,130,97,,,,Plein jour,Hors agglomération,Hors intersection,Normale,Deux véhicules - côté,,,,,,,,,,,1,1,1,1.0,3
201300007585,0013-02-03 14:45:00,13,2,3,14,45,130,94,,,,Plein jour,Hors agglomération,Hors intersection,Normale,Autre collision,,,,,,,,,,,1,1,1,1.0,6
201300007586,0013-02-28 13:45:00,13,2,28,13,45,130,100,chemin de pegomas,43.79093,4.84074,Plein jour,En agglomération,Autre intersection,Normale,Deux véhicules - côté,,,,,,,,,,,1,2,9,1.0,3
201300007587,0013-03-09 02:15:00,13,3,9,2,15,130,100,,,,Nuit sans éclairage public,Hors agglomération,Hors intersection,Normale,Sans collision,,,,,,,,,,,3,1,1,1.0,7
201300007588,0013-06-26 01:15:00,13,6,26,1,15,130,36,,,,Nuit sans éclairage public,Hors agglomération,Hors intersection,Normale,Autre collision,,,,,,,,,,,3,1,1,1.0,6
201300007589,0013-12-21 16:15:00,13,12,21,16,15,130,100,,43.80474,4.82424,Plein jour,Hors agglomération,Hors intersection,Normale,Autre collision,,,,,,,,,,,1,1,1,1.0,6
201300007590,0013-01-13 17:00:00,13,1,13,17,0,130,42,,,,Crépuscule ou aube,Hors agglomération,Hors intersection,Pluie légère,Deux véhicules - frontale,,,,,,,,,,,2,1,1,2.0,1
201300007591,0013-03-22 07:45:00,13,3,22,7,45,130,42,chemin des graviers,,,Plein jour,En agglomération,Hors intersection,Normale,Deux véhicules - côté,,,,,,,,,,,1,2,1,1.0,3
201300007592,0013-04-09 18:45:00,13,4,9,18,45,130,30,,43.26593,5.74826,Plein jour,Hors agglomération,Hors intersection,Normale,Deux véhicules - frontale,,,,,,,,,,,1,1,1,1.0,1
201300007593,0013-05-06 19:15:00,13,5,6,19,15,130,42,,,,Plein jour,Hors agglomération,Hors intersection,Normale,Autre collision,,,,,,,,,,,1,1,1,1.0,6
201300007594,0013-06-02 10:45:00,13,6,2,10,45,130,30,,,,Plein jour,Hors agglomération,Hors intersection,Temps éblouissant,Deux véhicules - frontale,,,,,,,,,,,1,1,1,7.0,1
201300007595,0013-06-05 16:45:00,13,6,5,16,45,130,30,,,,Plein jour,Hors agglomération,Hors intersection,Normale,Autre collision,,,,,,,,,,,1,1,1,1.0,6
201300007596,0013-09-03 09:45:00,13,9,3,9,45,130,42,D 396 - av. 2? cuir.,,,Plein jour,En agglomération,Hors intersection,Normale,Deux véhicules - arrière,,,,,,,,,,,1,2,1,1.0,2
201300007597,0013-10-29 09:45:00,13,10,29,9,45,130,42,,,,Plein jour,Hors agglomération,Hors intersection,Pluie forte,Deux véhicules - frontale,,,,,,,,,,,1,1,1,3.0,1
201300007598,0013-10-29 13:15:00,13,10,29,13,15,130,30,,,,Plein jour,Hors agglomération,Hors intersection,Pluie légère,Autre collision,,,,,,,,,,,1,1,1,2.0,6
201300007599,0013-11-29 12:15:00,13,11,29,12,15,130,42,,43.2801,5.62104,Plein jour,Hors agglomération,Hors intersection,Normale,Deux véhicules - frontale,,,,,,,,,,,1,1,1,1.0,1
201300007600,0013-02-27 16:15:00,13,2,27,16,15,130,22,,,,Plein jour,Hors agglomération,Hors intersection,Normale,Deux véhicules - côté,,,,,,,,,,,1,1,1,1.0,3
201300007601,0013-03-09 17:30:00,13,3,9,17,30,130,23,2909-3477ChemidelaCiotat,43.23004,5.65816,Plein jour,Hors agglomération,Hors intersection,Normale,Sans collision,,,,,,,,,,,1,1,1,1.0,7
201300007602,0013-04-06 16:15:00,13,4,6,16,15,130,23,,,,Plein jour,Hors agglomération,Hors intersection,Pluie légère,Autre collision,,,,,,,,,,,1,1,1,2.0,6
201300007603,0013-05-12 15:45:00,13,5,12,15,45,130,22,avenue de carnux,,,Plein jour,Hors agglomération,Hors intersection,Vent fort / tempête,Sans collision,,,,,,,,,,,1,1,1,6.0,7
201300007604,0013-05-24 06:45:00,13,5,24,6,45,130,23,Avenue Louis JULIEN,,,Plein jour,En agglomération,Hors intersection,Normale,Deux véhicules - frontale,,,,,,,,,,,1,2,1,1.0,1
201300007605,0013-07-21 01:15:00,13,7,21,1,15,130,22,,,,Nuit sans éclairage public,Hors agglomération,Hors intersection,Normale,Deux véhicules - frontale,,,,,,,,,,,3,1,1,1.0,1
201300007606,0013-08-11 07:45:00,13,8,11,7,45,130,22,AVENUE ALPHONSE DAUDET,43.21803,5.53627,Plein jour,En agglomération,Hors intersection,Normale,Deux véhicules - côté,,,,,,,,,,,1,2,1,1.0,3
201300007607,0013-09-10 17:45:00,13,9,10,17,45,130,22,AVENUE MARECHAL FOCH,,,Plein jour,En agglomération,Hors intersection,Normale,Deux véhicules - côté,,,,,,,,,,,1,2,1,1.0,3
201300007608,0013-10-17 10:00:00,13,10,17,10,0,130,22,avenue du 11 novembre 18,43.21639,5.54278,Plein jour,En agglomération,Hors intersection,Normale,Autre collision,,,,,,,,,,,1,2,1,1.0,6
201300007609,0013-06-02 15:45:00,13,6,2,15,45,130,85,,,,Plein jour,Hors agglomération,Hors intersection,Normale,Deux véhicules - frontale,,,,,,,,,,,1,1,1,1.0,1
201300007610,0013-07-11 12:30:00,13,7,11,12,30,130,85,,,,Plein jour,Hors agglomération,Intersection en T,Normale,Deux véhicules - côté,,,,,,,,,,,1,1,3,1.0,3
201300007611,0013-08-04 19:00:00,13,8,4,19,0,130,119,,43.25196,5.55703,Plein jour,En agglomération,Autre intersection,Normale,Deux véhicules - frontale,,,,,,,,,,,1,2,9,1.0,1
201300007612,0013-09-26 17:45:00,13,9,26,17,45,130,85,avenue Ghirardelli,,,Plein jour,En agglomération,Hors intersection,Normale,Deux véhicules - côté,,,,,,,,,,,1,2,1,1.0,3
201300007613,0013-06-12 18:30:00,13,6,12,18,30,130,73,AVENUE DE LA LIBERATION,,,Plein jour,En agglomération,Intersection en X,Normale,Deux véhicules - côté,,,,,,,,,,,1,2,2,1.0,3
201300007614,0013-06-16 18:00:00,13,6,16,18,0,130,13,,,,Plein jour,Hors agglomération,Hors intersection,Normale,Deux véhicules - frontale,,,,,,,,,,,1,1,1,1.0,1
201300007615,0013-01-25 20:00:00,13,1,25,20,0,130,86,,,,Nuit sans éclairage public,Hors agglomération,Hors intersection,Normale,Trois véhicules et plus - collisions multiples,,,,,,,,,,,3,1,1,1.0,5
201300007616,0013-02-16 19:30:00,13,2,16,19,30,130,86,Pont de l'Etoile,,,Nuit avec éclairage allumé,En agglomération,Intersection en T,Normale,Deux véhicules - côté,,,,,,,,,,,5,2,3,1.0,3
201300007617,0013-05-31 15:45:00,13,5,31,15,45,130,86,10 RD 96  ch de GAULLE,,,Plein jour,En agglomération,Hors intersection,Normale,Autre collision,,,,,,,,,,,1,2,1,1.0,6
201300007618,0013-06-24 15:30:00,13,6,24,15,30,130,7,,43.33005,5.68249,Plein jour,Hors agglomération,Hors intersection,Normale,Sans collision,,,,,,,,,,,1,1,1,1.0,7
201300007619,0013-09-12 08:30:00,13,9,12,8,30,130,31,,43.391,5.59,Plein jour,Hors agglomération,Hors intersection,Normale,Deux véhicules - côté,,,,,,,,,,,1,1,1,1.0,3
201300007620,0013-09-27 12:00:00,13,9,27,12,0,130,7,Quartier Le Serre Rd 560,,,Plein jour,En agglomération,Hors intersection,Normale,Deux véhicules - arrière,,,,,,,,,,,1,2,1,1.0,2
201300007621,0013-10-14 07:30:00,13,10,14,7,30,130,7,,,,Crépuscule ou aube,Hors agglomération,Hors intersection,Normale,Deux véhicules - frontale,,,,,,,,,,,2,1,1,1.0,1
201300007622,0013-10-30 12:00:00,13,10,30,12,0,130,86,Av des Alli?s,,,Plein jour,En agglomération,Hors intersection,Normale,Autre collision,,,,,,,,,,,1,2,1,1.0,6
201300007623,0013-11-09 18:45:00,13,11,9,18,45,130,7,RN96 PR 9+300,,,Nuit avec éclairage allumé,En agglomération,Hors intersection,Temps couvert,Deux véhicules - côté,,,,,,,,,,,5,2,1,8.0,3
201300007624,0013-11-15 20:00:00,13,11,15,20,0,130,7,,,,Nuit sans éclairage public,Hors agglomération,Hors intersection,Normale,Deux véhicules - frontale,,,,,,,,,,,3,1,1,1.0,1
201300007625,0013-11-20 06:45:00,13,11,20,6,45,130,7,,43.36537,5.61173,Nuit avec éclairage allumé,Hors agglomération,Hors intersection,Normale,Autre collision,,,,,,,,,,,5,1,1,1.0,6
201300007626,0013-12-29 15:00:00,13,12,29,15,0,130,86,RD96 _ Pont de l'Etoile,,,Plein jour,En agglomération,Hors intersection,Normale,Trois véhicules et plus - collisions multiples,,,,,,,,,,,1,2,1,1.0,5
201300007627,0013-02-19 06:30:00,13,2,19,6,30,130,14,,,,Crépuscule ou aube,Hors agglomération,Hors intersection,Normale,Sans collision,,,,,,,,,,,2,1,1,1.0,7
201300007628,0013-04-22 16:15:00,13,4,22,16,15,130,14,,43.49011,5.19944,Plein jour,Hors agglomération,Hors intersection,Normale,Deux véhicules - arrière,,,,,,,,,,,1,1,1,1.0,2
201300007629,0013-06-17 15:15:00,13,6,17,15,15,130,92,,,,Plein jour,Hors agglomération,Hors intersection,Normale,Deux véhicules - frontale,,,,,,,,,,,1,1,1,1.0,1
201300007630,0013-07-25 23:00:00,13,7,25,23,0,130,14,,,,Nuit sans éclairage public,Hors agglomération,Passage à niveau,Normale,Autre collision,,,,,,,,,,,3,1,8,1.0,6
201300007631,0013-08-02 08:30:00,13,8,2,8,30,130,14,place Jean Moulin,43.47602,5.16781,Plein jour,En agglomération,Hors intersection,Normale,Autre collision,,,,,,,,,,,1,2,1,1.0,6
201300007632,0013-01-11 19:00:00,13,1,11,19,0,130,3,,,,Nuit sans éclairage public,Hors agglomération,Hors intersection,Normale,Deux véhicules - frontale,,,,,,,,,,,3,1,1,1.0,1
201300007633,0013-10-03 09:45:00,13,10,3,9,45,130,35,,,,Plein jour,Hors agglomération,Hors intersection,Normale,Deux véhicules - frontale,,,,,,,,,,,1,1,1,1.0,1
201300007634,0013-05-17 08:30:00,13,5,17,8,30,130,53,,,,Plein jour,Hors agglomération,Hors intersection,Normale,Trois véhicules et plus - collisions multiples,,,,,,,,,,,1,1,1,1.0,5
201300007635,0013-07-28 10:30:00,13,7,28,10,30,130,53,,43.71761,5.18771,Plein jour,Hors agglomération,Hors intersection,Temps éblouissant,Autre collision,,,,,,,,,,,1,1,1,7.0,6
201300007636,0013-09-18 13:30:00,13,9,18,13,30,130,3,,,,Plein jour,Hors agglomération,Hors intersection,Normale,Deux véhicules - côté,,,,,,,,,,,1,1,1,1.0,3
201300007637,0013-10-07 17:45:00,13,10,7,17,45,130,115,,,,Plein jour,Hors agglomération,Hors intersection,Normale,Deux véhicules - frontale,,,,,,,,,,,1,1,1,1.0,1
201300007638,0013-01-10 07:45:00,13,1,10,7,45,130,67,,,,Crépuscule ou aube,Hors agglomération,Hors intersection,Normale,Deux véhicules - côté,,,,,,,,,,,2,1,1,1.0,3
201300007639,0013-02-16 22:00:00,13,2,16,22,0,130,67,,,,Nuit sans éclairage public,Hors agglomération,Hors intersection,Normale,Sans collision,,,,,,,,,,,3,1,1,1.0,7
201300007640,0013-06-13 03:45:00,13,6,13,3,45,130,67,,,,Nuit avec éclairage allumé,Hors agglomération,Hors intersection,Normale,Autre collision,,,,,,,,,,,5,1,1,1.0,6
201300007641,0013-06-14 17:45:00,13,6,14,17,45,130,76,,,,Plein jour,En agglomération,Hors intersection,Normale,Autre collision,,,,,,,,,,,1,2,1,1.0,6
201300007642,0013-06-22 16:00:00,13,6,22,16,0,130,89,,,,Plein jour,Hors agglomération,Hors intersection,Normale,Deux véhicules - frontale,,,,,,,,,,,1,1,1,1.0,1
201300007643,0013-07-20 05:30:00,13,7,20,5,30,130,67,,43.77751,5.05318,Crépuscule ou aube,Hors agglomération,Hors intersection,Normale,Autre collision,,,,,,,,,,,2,1,1,1.0,6
201300007644,0013-07-22 09:30:00,13,7,22,9,30,130,34,,,,Plein jour,Hors agglomération,Hors intersection,Normale,Deux véhicules - frontale,,,,,,,,,,,1,1,1,1.0,1
201300007645,0013-08-09 17:30:00,13,8,9,17,30,130,67,,43.77551,5.0545,Plein jour,Hors agglomération,Hors intersection,Normale,Deux véhicules - frontale,,,,,,,,,,,1,1,1,1.0,1
201300007646,0013-08-12 18:30:00,13,8,12,18,30,130,64,rond-point MOLLEGES-gare,,,Plein jour,En agglomération,Giratoire,Normale,Deux véhicules - frontale,,,,,,,,,,,1,2,6,1.0,1
201300007647,0013-08-29 19:30:00,13,8,29,19,30,130,67,,,,Plein jour,Hors agglomération,Hors intersection,Normale,Trois véhicules et plus - collisions multiples,,,,,,,,,,,1,1,1,1.0,5
201300007648,0013-09-15 13:00:00,13,9,15,13,0,130,76,,,,Plein jour,En agglomération,Hors intersection,Normale,Deux véhicules - côté,,,,,,,,,,,1,2,1,1.0,3
201300007649,0013-10-03 16:15:00,13,10,3,16,15,130,76,,,,Plein jour,Hors agglomération,Hors intersection,Normale,Autre collision,,,,,,,,,,,1,1,1,1.0,6
201300007650,0013-10-18 03:00:00,13,10,18,3,0,130,64,,,,Nuit sans éclairage public,Hors agglomération,Hors intersection,Normale,Autre collision,,,,,,,,,,,3,1,1,1.0,6
201300007651,0013-11-05 23:00:00,13,11,5,23,0,130,76,,,,Nuit sans éclairage public,Hors agglomération,Hors intersection,Pluie légère,Autre collision,,,,,,,,,,,3,1,1,2.0,6
201300007652,0013-01-24 01:15:00,13,1,24,1,15,130,117,,,,Plein jour,Hors agglomération,Hors intersection,Normale,Deux véhicules - côté,,,,,,,,,,,1,1,1,1.0,3
201300007653,0013-06-11 11:30:00,13,6,11,11,30,130,81,,,,Plein jour,Hors agglomération,Hors intersection,Normale,Deux véhicules - frontale,,,,,,,,,,,1,1,1,1.0,1
201300007654,0013-09-03 06:30:00,13,9,3,6,30,130,81,,,,Crépuscule ou aube,Hors agglomération,Hors intersection,Normale,Deux véhicules - côté,,,,,,,,,,,2,1,1,1.0,3
201300007655,0013-12-14 05:15:00,13,12,14,5,15,130,81,,,,Nuit sans éclairage public,Hors agglomération,Hors intersection,Normale,Deux véhicules - côté,,,,,,,,,,,3,1,1,1.0,3
201300007656,0013-02-13 19:45:00,13,2,13,19,45,130,82,,,,Nuit sans éclairage public,Hors agglomération,Hors intersection,Normale,Deux véhicules - côté,,,,,,,,,,,3,1,1,1.0,3
201300007657,0013-09-30 08:15:00,13,9,30,8,15,130,84,,43.72565,5.28691,Plein jour,Hors agglomération,Intersection en X,Normale,Deux véhicules - frontale,,,,,,,,,,,1,1,2,1.0,1
201300007658,0013-10-16 15:15:00,13,10,16,15,15,130,84,,,,Plein jour,Hors agglomération,Hors intersection,Normale,Deux véhicules - arrière,,,,,,,,,,,1,1,1,1.0,2
201300007659,0013-10-25 08:45:00,13,10,25,8,45,130,93,RD 561,,,Crépuscule ou aube,En agglomération,Hors intersection,Temps éblouissant,Deux véhicules - côté,,,,,,,,,,,2,2,1,7.0,3
201300007660,0013-01-05 01:45:00,13,1,5,1,45,40,122,,,,Nuit sans éclairage public,Hors agglomération,Hors intersection,Normale,Autre collision,,,,,,,,,,,3,1,1,1.0,6
201300007661,0013-01-11 11:00:00,13,1,11,11,0,40,1,,,,Plein jour,Hors agglomération,Hors intersection,Normale,Deux véhicules - arrière,,,,,,,,,,,1,1,1,1.0,2
201300007662,0013-08-04 10:15:00,13,8,4,10,15,40,24,,,,Plein jour,Hors agglomération,Hors intersection,Normale,Deux véhicules - frontale,,,,,,,,,,,1,1,1,1.0,1
201300007663,0013-08-13 15:00:00,13,8,13,15,0,40,70,,,,Plein jour,Hors agglomération,Hors intersection,Normale,Trois véhicules et plus - en chaîne,,,,,,,,,,,1,1,1,1.0,4
201300007664,0013-09-06 11:45:00,13,9,6,11,45,40,24,,,,Plein jour,Hors agglomération,Hors intersection,Normale,Sans collision,,,,,,,,,,,1,1,1,1.0,7
201300007665,0013-09-08 12:45:00,13,9,8,12,45,40,97,,,,Plein jour,Hors agglomération,Autre intersection,Normale,Deux véhicules - côté,,,,,,,,,,,1,1,9,1.0,3
201300007666,0013-09-18 09:00:00,13,9,18,9,0,40,122,,,,Crépuscule ou aube,Hors agglomération,Hors intersection,Normale,Deux véhicules - frontale,,,,,,,,,,,2,1,1,1.0,1
201300007667,0013-02-22 21:00:00,13,2,22,21,0,40,94,,,,Nuit sans éclairage public,Hors agglomération,Hors intersection,Normale,Deux véhicules - frontale,,,,,,,,,,,3,1,1,1.0,1
201300007668,0013-03-22 17:00:00,13,3,22,17,0,40,230,,,,Plein jour,Hors agglomération,Hors intersection,Normale,Trois véhicules et plus - collisions multiples,,,,,,,,,,,1,1,1,1.0,5
201300007669,0013-05-12 09:30:00,13,5,12,9,30,40,94,,,,Plein jour,Hors agglomération,Hors intersection,Normale,Trois véhicules et plus - collisions multiples,,,,,,,,,,,1,1,1,1.0,5
201300007670,0013-05-24 22:15:00,13,5,24,22,15,40,189,,,,Nuit sans éclairage public,Hors agglomération,Hors intersection,Normale,Deux véhicules - frontale,,,,,,,,,,,3,1,1,1.0,1
201300007671,0013-08-01 00:45:00,13,8,1,0,45,40,230,,,,Nuit sans éclairage public,Hors agglomération,Hors intersection,Normale,Autre collision,,,,,,,,,,,3,1,1,1.0,6
201300007672,0013-08-07 18:00:00,13,8,7,18,0,40,230,,,,Plein jour,Hors agglomération,Hors intersection,Normale,Deux véhicules - côté,,,,,,,,,,,1,1,1,1.0,3
201300007673,0013-09-27 21:45:00,13,9,27,21,45,40,230,,,,Nuit sans éclairage public,Hors agglomération,Hors intersection,Normale,Sans collision,,,,,,,,,,,3,1,1,1.0,7
201300007674,0013-10-12 06:30:00,13,10,12,6,30,40,94,parking Villa Borghese,,,Nuit sans éclairage public,En agglomération,Hors intersection,Normale,Autre collision,,,,,,,,,,,3,2,1,1.0,6
201300007675,0013-01-27 05:00:00,13,1,27,5,0,40,143,rue GIAI MINIET,,,Nuit avec éclairage allumé,En agglomération,Place,Normale,Autre collision,,,,,,,,,,,5,2,7,1.0,6
201300007676,0013-04-22 18:45:00,13,4,22,18,45,40,116,,,,Plein jour,Hors agglomération,Hors intersection,Pluie forte,Sans collision,,,,,,,,,,,1,1,1,3.0,7
201300007677,0013-05-06 13:45:00,13,5,6,13,45,40,106,,,,Plein jour,Hors agglomération,Hors intersection,Normale,Autre collision,,,,,,,,,,,1,1,1,1.0,6
201300007678,0013-05-20 19:30:00,13,5,20,19,30,40,143,,,,Plein jour,Hors agglomération,Hors intersection,Normale,Deux véhicules - côté,,,,,,,,,,,1,1,1,1.0,3
201300007679,0013-06-14 14:00:00,13,6,14,14,0,40,41,,,,Plein jour,Hors agglomération,Hors intersection,Normale,Deux véhicules - frontale,,,,,,,,,,,1,1,1,1.0,1
201300007680,0013-08-01 15:45:00,13,8,1,15,45,40,149,Avenue de la lib?ration,,,Plein jour,En agglomération,Hors intersection,Normale,Deux véhicules - frontale,,,,,,,,,,,1,2,1,1.0,1
201300007681,0013-09-16 16:45:00,13,9,16,16,45,40,91,,,,Plein jour,Hors agglomération,Hors intersection,Normale,Autre collision,,,,,,,,,,,1,1,1,1.0,6
201300007682,0013-09-26 00:45:00,13,9,26,0,45,40,91,,,,Nuit sans éclairage public,Hors agglomération,Hors intersection,Normale,Autre collision,,,,,,,,,,,3,1,1,1.0,6