accident_id,datetime,annee,mois,jour,heure,minute,departement,commune_insee,adresse,latitude,longitude,luminosite,agglomeration,intersection,meteo,collision,nb_vehicules,nb_usagers,nb_indemnes,nb_tues,nb_blesses_hosp,nb_blesses_legers,age_cond_1,age_cond_2,veh_type_cond_1,veh_type_cond_2,lum_code,agg_code,int_code,atm_code,col_code
201300007683,0013-11-17 06:00:00,13,11,17,6,0,40,116,,,,Nuit sans éclairage public,Hors agglomération,Hors intersection,Temps couvert,Autre collision,,,,,,,,,,,3,1,1,8.0,6
201300007684,0013-12-19 11:45:00,13,12,19,11,45,40,34,,,,Plein jour,Hors agglomération,Hors intersection,Pluie légère,Deux véhicules - frontale,,,,,,,,,,,1,1,1,2.0,1
201300007685,0013-12-24 11:15:00,13,12,24,11,15,40,116,,,,Plein jour,Hors agglomération,Hors intersection,Normale,Autre collision,,,,,,,,,,,1,1,1,1.0,6
201300007686,0013-06-10 07:30:00,13,6,10,7,30,40,74,,,,Plein jour,Hors agglomération,Hors intersection,Normale,Autre collision,,,,,,,,,,,1,1,1,1.0,6
201300007687,0013-06-14 15:00:00,13,6,14,15,0,40,22,,,,Plein jour,Hors agglomération,Hors intersection,Normale,Sans collision,,,,,,,,,,,1,1,1,1.0,7
201300007688,0013-06-30 23:45:00,13,6,30,23,45,40,84,,,,Nuit sans éclairage public,Hors agglomération,Hors intersection,Normale,Sans collision,,,,,,,,,,,3,1,1,1.0,7
201300007689,0013-10-05 16:45:00,13,10,5,16,45,40,74,,44.028,6.254,Plein jour,Hors agglomération,Hors intersection,Normale,Autre collision,,,,,,,,,,,1,1,1,1.0,6
201300007690,0013-11-03 15:00:00,13,11,3,15,0,40,54,,,,Plein jour,Hors agglomération,Hors intersection,Normale,Autre collision,,,,,,,,,,,1,1,1,1.0,6
201300007691,0013-05-31 17:40:00,13,5,31,17,40,40,100,,44.44,6.872,Plein jour,Hors agglomération,Hors intersection,Normale,Autre collision,,,,,,,,,,,1,1,1,1.0,6
201300007692,0013-06-16 16:45:00,13,6,16,16,45,40,96,cd 900,,,Plein jour,En agglomération,Hors intersection,Normale,Deux véhicules - frontale,,,,,,,,,,,1,2,1,1.0,1
201300007693,0013-06-22 11:30:00,13,6,22,11,30,40,62,,,,Plein jour,Hors agglomération,Hors intersection,Normale,Deux véhicules - frontale,,,,,,,,,,,1,1,1,1.0,1
201300007694,0013-06-22 15:45:00,13,6,22,15,45,40,62,,,,Plein jour,Hors agglomération,Hors intersection,Normale,Deux véhicules - frontale,,,,,,,,,,,1,1,1,1.0,1
201300007695,0013-08-05 15:15:00,13,8,5,15,15,40,96,,,,Plein jour,Hors agglomération,Hors intersection,Normale,Deux véhicules - frontale,,,,,,,,,,,1,1,1,1.0,1
201300007696,0013-09-30 16:15:00,13,9,30,16,15,40,96,Col de La Bonette,44.339,6.791,Plein jour,En agglomération,Hors intersection,Normale,Deux véhicules - côté,,,,,,,,,,,1,2,1,1.0,3
201300007697,0013-12-23 11:00:00,13,12,23,11,0,40,19,place aimé gassier,,,Plein jour,En agglomération,Place,Normale,Autre collision,,,,,,,,,,,1,2,7,1.0,6
201300007698,0013-03-17 17:30:00,13,3,17,17,30,40,237,,,,Plein jour,Hors agglomération,Hors intersection,Neige / grêle,Deux véhicules - frontale,,,,,,,,,,,1,1,1,4.0,1
201300007699,0013-05-05 13:45:00,13,5,5,13,45,40,126,,,,Plein jour,Hors agglomération,Hors intersection,Normale,Sans collision,,,,,,,,,,,1,1,1,1.0,7
201300007700,0013-07-11 11:15:00,13,7,11,11,15,40,203,,,,Plein jour,Hors agglomération,Hors intersection,Normale,Deux véhicules - arrière,,,,,,,,,,,1,1,1,1.0,2
201300007701,0013-06-15 13:15:00,13,6,15,13,15,40,69,,,,Plein jour,Hors agglomération,Hors intersection,Normale,Deux véhicules - frontale,,,,,,,,,,,1,1,1,1.0,1
201300007702,0013-07-07 10:30:00,13,7,7,10,30,40,171,,,,Plein jour,Hors agglomération,Hors intersection,Normale,Autre collision,,,,,,,,,,,1,1,1,1.0,6
201300007703,0013-07-06 14:45:00,13,7,6,14,45,40,171,,,,Plein jour,Hors agglomération,Hors intersection,Normale,Autre collision,,,,,,,,,,,1,1,1,1.0,6
201300007704,0013-08-06 17:15:00,13,8,6,17,15,40,183,,43.917,6.549,Plein jour,Hors agglomération,Hors intersection,Normale,Autre collision,,,,,,,,,,,1,1,1,1.0,6
201300007705,0013-08-14 17:45:00,13,8,14,17,45,40,39,,,,Plein jour,Hors agglomération,Autre intersection,Pluie légère,Autre collision,,,,,,,,,,,1,1,9,2.0,6
201300007706,0013-08-31 13:15:00,13,8,31,13,15,40,39,,,,Plein jour,Hors agglomération,Hors intersection,Normale,Deux véhicules - frontale,,,,,,,,,,,1,1,1,1.0,1
201300007707,0013-09-06 14:15:00,13,9,6,14,15,40,148,,,,Plein jour,Hors agglomération,Hors intersection,Normale,Sans collision,,,,,,,,,,,1,1,1,1.0,7
201300007708,0013-11-07 17:00:00,13,11,7,17,0,40,39,avenue sous prefecture,,,Plein jour,En agglomération,Hors intersection,Normale,Autre collision,,,,,,,,,,,1,2,1,1.0,6
201300007709,0013-11-11 11:30:00,13,11,11,11,30,40,171,,43.808,6.442,Plein jour,Hors agglomération,Hors intersection,Normale,Sans collision,,,,,,,,,,,1,1,1,1.0,7
201300007710,0013-11-22 14:15:00,13,11,22,14,15,40,148,,,,Plein jour,Hors agglomération,Hors intersection,Normale,Autre collision,,,,,,,,,,,1,1,1,1.0,6
201300007711,0013-09-22 17:00:00,13,9,22,17,0,40,42,,,,Plein jour,Hors agglomération,Hors intersection,Normale,Deux véhicules - frontale,,,,,,,,,,,1,1,1,1.0,1
201300007712,0013-09-27 06:30:00,13,9,27,6,30,40,236,,43.916,6.605,Crépuscule ou aube,Hors agglomération,Hors intersection,Normale,Deux véhicules - côté,,,,,,,,,,,2,1,1,1.0,3
201300007713,0013-03-03 17:30:00,13,3,3,17,30,40,173,,43.944,6.523,Crépuscule ou aube,Hors agglomération,Hors intersection,Normale,Deux véhicules - frontale,,,,,,,,,,,2,1,1,1.0,1
201300007714,0013-08-15 23:45:00,13,8,15,23,45,40,61,,,,Nuit sans éclairage public,Hors agglomération,Hors intersection,Normale,Deux véhicules - frontale,,,,,,,,,,,3,1,1,1.0,1
201300007715,0013-08-23 17:15:00,13,8,23,17,15,40,6,croisement du lac RD.908,44.2386,6.62904,Plein jour,En agglomération,Hors intersection,Normale,Deux véhicules - frontale,,,,,,,,,,,1,2,1,1.0,1
201300007716,0013-06-15 14:45:00,13,6,15,14,45,40,124,,,,Plein jour,Hors agglomération,Hors intersection,Normale,Deux véhicules - côté,,,,,,,,,,,1,1,1,1.0,3
201300007717,0013-01-11 14:45:00,13,1,11,14,45,40,88,,,,Plein jour,Hors agglomération,Hors intersection,Normale,Deux véhicules - côté,,,,,,,,,,,1,1,1,1.0,3
201300007718,0013-05-25 04:00:00,13,5,25,4,0,40,88,Avenue de la Paix,43.95241,5.77382,Nuit sans éclairage public,En agglomération,Hors intersection,Normale,Autre collision,,,,,,,,,,,3,2,1,1.0,6
201300007719,0013-06-27 06:45:00,13,6,27,6,45,40,160,,,,Crépuscule ou aube,Hors agglomération,Hors intersection,Normale,Sans collision,,,,,,,,,,,2,1,1,1.0,7
201300007720,0013-10-10 17:45:00,13,10,10,17,45,40,88,Rue Louis ANDRIEUX,,,Plein jour,En agglomération,Hors intersection,Temps couvert,Autre collision,,,,,,,,,,,1,2,1,8.0,6
201300007721,0013-12-09 12:00:00,13,12,9,12,0,40,88,,,,Plein jour,Hors agglomération,Hors intersection,Normale,Deux véhicules - frontale,,,,,,,,,,,1,1,1,1.0,1
201300007722,0013-07-20 05:30:00,13,7,20,5,30,40,130,,,,Crépuscule ou aube,Hors agglomération,Hors intersection,Normale,Deux véhicules - côté,,,,,,,,,,,2,1,1,1.0,3
201300007723,0013-08-19 15:00:00,13,8,19,15,0,40,163,route de sault,,,Plein jour,En agglomération,Hors intersection,Normale,Sans collision,,,,,,,,,,,1,2,1,1.0,7
201300007724,0013-01-29 08:15:00,13,1,29,8,15,40,152,,,,Plein jour,Hors agglomération,Hors intersection,Pluie légère,Autre collision,,,,,,,,,,,1,1,1,2.0,6
201300007725,0013-03-12 16:45:00,13,3,12,16,45,40,197,,,,Plein jour,Hors agglomération,Hors intersection,Normale,Deux véhicules - côté,,,,,,,,,,,1,1,1,1.0,3
201300007726,0013-04-05 09:30:00,13,4,5,9,30,40,152,,,,Plein jour,Hors agglomération,Hors intersection,Normale,Autre collision,,,,,,,,,,,1,1,1,1.0,6
201300007727,0013-04-18 09:30:00,13,4,18,9,30,40,197,,,,Plein jour,Hors agglomération,Hors intersection,Normale,Autre collision,,,,,,,,,,,1,1,1,1.0,6
201300007728,0013-06-18 08:45:00,13,6,18,8,45,40,63,,,,Plein jour,Hors agglomération,Hors intersection,Normale,Deux véhicules - frontale,,,,,,,,,,,1,1,1,1.0,1
201300007729,0013-08-20 02:30:00,13,8,20,2,30,40,112,,,,Nuit sans éclairage public,Hors agglomération,Hors intersection,Normale,Autre collision,,,,,,,,,,,3,1,1,1.0,6
201300007730,0013-10-09 15:15:00,13,10,9,15,15,40,152,"RD 06, route la Bastide",,,Plein jour,En agglomération,Hors intersection,Normale,Deux véhicules - frontale,,,,,,,,,,,1,2,1,1.0,1
201300007731,0013-11-09 17:45:00,13,11,9,17,45,40,118,,,,Plein jour,Hors agglomération,Hors intersection,Normale,Autre collision,,,,,,,,,,,1,1,1,1.0,6
201300007732,0013-02-15 15:15:00,13,2,15,15,15,40,209,,,,Plein jour,Hors agglomération,Hors intersection,Normale,Autre collision,,,,,,,,,,,1,1,1,1.0,6
201300007733,0013-03-03 04:00:00,13,3,3,4,0,40,123,,,,Nuit avec éclairage non allumé,Hors agglomération,Hors intersection,Normale,Autre collision,,,,,,,,,,,4,1,1,1.0,6
201300007734,0013-03-09 20:45:00,13,3,9,20,45,40,209,,,,Nuit sans éclairage public,Hors agglomération,Giratoire,Normale,Autre collision,,,,,,,,,,,3,1,6,1.0,6
201300007735,0013-05-11 15:45:00,13,5,11,15,45,40,79,,,,Plein jour,Hors agglomération,Hors intersection,Normale,Deux véhicules - arrière,,,,,,,,,,,1,1,1,1.0,2
201300007736,0013-07-28 19:45:00,13,7,28,19,45,40,49,RD4096  PK48+100 Avenue,,,Plein jour,En agglomération,Autre intersection,Normale,Deux véhicules - côté,,,,,,,,,,,1,2,9,1.0,3
201300007737,0013-06-06 14:00:00,13,6,6,14,0,50,160,,44.24708,5.69183,Plein jour,Hors agglomération,Hors intersection,Normale,Deux véhicules - arrière,,,,,,,,,,,1,1,1,1.0,2
201300007738,0013-12-19 12:00:00,13,12,19,12,0,50,148,,44.65099,6.08886,Plein jour,Hors agglomération,Hors intersection,Autre,Sans collision,,,,,,,,,,,1,1,1,9.0,7
201300007739,0013-12-23 09:45:00,13,12,23,9,45,50,132,rue de chaillol RD43,44.68329,6.07963,Plein jour,En agglomération,Hors intersection,Normale,Autre collision,,,,,,,,,,,1,2,1,1.0,6
201300007740,0013-12-29 23:00:00,13,12,29,23,0,50,2,,,,Nuit sans éclairage public,Hors agglomération,Hors intersection,Neige / grêle,Sans collision,,,,,,,,,,,3,1,1,4.0,7
201300007741,0013-05-12 12:00:00,13,5,12,12,0,50,50,,44.4639,6.22181,Plein jour,Hors agglomération,Intersection en X,Normale,Deux véhicules - côté,,,,,,,,,,,1,1,2,1.0,3
201300007742,0013-06-09 18:15:00,13,6,9,18,15,50,170,petit collet,44.46335,6.04415,Plein jour,Hors agglomération,Hors intersection,Pluie légère,Deux véhicules - frontale,,,,,,,,,,,1,1,1,2.0,1
201300007743,0013-06-15 18:15:00,13,6,15,18,15,50,127,,44.46812,6.25721,Plein jour,Hors agglomération,Hors intersection,Normale,Deux véhicules - arrière,,,,,,,,,,,1,1,1,1.0,2
201300007744,0013-06-22 10:45:00,13,6,22,10,45,50,184,CD 20 PAN DE VITROLLES,44.4128,5.95332,Plein jour,En agglomération,Hors intersection,Normale,Deux véhicules - côté,,,,,,,,,,,1,2,1,1.0,3
201300007745,0013-06-23 18:45:00,13,6,23,18,45,50,68,,44.50717,6.07982,Plein jour,Hors agglomération,Hors intersection,Normale,Deux véhicules - frontale,,,,,,,,,,,1,1,1,1.0,1
201300007746,0013-06-29 13:30:00,13,6,29,13,30,50,168,,,,Plein jour,Hors agglomération,Hors intersection,Normale,Deux véhicules - frontale,,,,,,,,,,,1,1,1,1.0,1
201300007747,0013-08-07 00:15:00,13,8,7,0,15,50,166,parking de la libert?,44.429,5.717,Nuit avec éclairage allumé,En agglomération,Place,Normale,Deux véhicules - frontale,,,,,,,,,,,5,2,7,1.0,1
201300007748,0013-07-15 10:45:00,13,7,15,10,45,50,87,,,,Plein jour,Hors agglomération,Hors intersection,Normale,Deux véhicules - côté,,,,,,,,,,,1,1,1,1.0,3
201300007749,0013-08-06 15:45:00,13,8,6,15,45,50,146,,44.62034,5.70118,Plein jour,Hors agglomération,Hors intersection,Normale,Trois véhicules et plus - collisions multiples,,,,,,,,,,,1,1,1,1.0,5
201300007750,0013-08-23 17:00:00,13,8,23,17,0,50,8,,44.49632,5.72925,Plein jour,Hors agglomération,Hors intersection,Normale,Deux véhicules - frontale,,,,,,,,,,,1,1,1,1.0,1
201300007751,0013-09-15 19:45:00,13,9,15,19,45,50,154,,,,Crépuscule ou aube,Hors agglomération,Hors intersection,Normale,Sans collision,,,,,,,,,,,2,1,1,1.0,7
201300007752,0013-09-29 17:45:00,13,9,29,17,45,50,146,,44.64164,5.69838,Plein jour,Hors agglomération,Hors intersection,Normale,Deux véhicules - frontale,,,,,,,,,,,1,1,1,1.0,1
201300007753,0013-01-13 16:45:00,13,1,13,16,45,50,151,,44.84289,6.57703,Plein jour,Hors agglomération,Hors intersection,Normale,Deux véhicules - côté,,,,,,,,,,,1,1,1,1.0,3
201300007754,0013-01-31 19:00:00,13,1,31,19,0,50,180,La Batie des Vigneaux,44.81096,6.55982,Nuit sans éclairage public,Hors agglomération,Hors intersection,Normale,Deux véhicules - frontale,,,,,,,,,,,3,1,1,1.0,1
201300007755,0013-07-06 16:15:00,13,7,6,16,15,50,63,,45.049,6.303,Plein jour,Hors agglomération,Hors intersection,Normale,Deux véhicules - frontale,,,,,,,,,,,1,1,1,1.0,1
201300007756,0013-08-15 10:30:00,13,8,15,10,30,50,63,,45.043,6.255,Plein jour,Hors agglomération,Hors intersection,Normale,Deux véhicules - côté,,,,,,,,,,,1,1,1,1.0,3
201300007757,0013-08-19 21:30:00,13,8,19,21,30,50,133,,44.92676,6.60135,Nuit sans éclairage public,Hors agglomération,Hors intersection,Normale,Autre collision,,,,,,,,,,,3,1,1,1.0,6
201300007758,0013-09-29 04:00:00,13,9,29,4,0,50,79,,44.95935,6.54073,Nuit sans éclairage public,Hors agglomération,Hors intersection,Normale,Sans collision,,,,,,,,,,,3,1,1,1.0,7
201300007759,0013-06-21 12:15:00,13,6,21,12,15,50,164,,44.55792,6.37808,Plein jour,Hors agglomération,Hors intersection,Normale,Sans collision,,,,,,,,,,,1,1,1,1.0,7
201300007760,0013-06-27 14:15:00,13,6,27,14,15,50,46,,44.56266,6.49125,Plein jour,En agglomération,Hors intersection,Normale,Autre collision,,,,,,,,,,,1,2,1,1.0,6
201300007761,0013-07-13 15:45:00,13,7,13,15,45,50,163,,44.47035,6.3284,Plein jour,Hors agglomération,Hors intersection,Normale,Deux véhicules - côté,,,,,,,,,,,1,1,1,1.0,3
201300007762,0013-08-06 03:00:00,13,8,6,3,0,50,46,"N2094, pont de frache",44.56994,6.50258,Nuit avec éclairage allumé,En agglomération,Hors intersection,Normale,Autre collision,,,,,,,,,,,5,2,1,1.0,6
201300007763,0013-06-14 13:30:00,13,6,14,13,30,50,7,,44.70645,6.72568,Plein jour,Hors agglomération,Hors intersection,Normale,Deux véhicules - côté,,,,,,,,,,,1,1,1,1.0,3
201300007764,0013-10-19 15:00:00,13,10,19,15,0,50,38,,,,Plein jour,Hors agglomération,Hors intersection,Normale,Deux véhicules - frontale,,,,,,,,,,,1,1,1,1.0,1
201300007765,0013-01-31 10:15:00,13,1,31,10,15,50,17,05230,44.56354,6.19624,Plein jour,Hors agglomération,Hors intersection,Normale,Deux véhicules - côté,,,,,,,,,,,1,1,1,1.0,3
201300007766,0013-02-13 14:30:00,13,2,13,14,30,50,17,05230,44.57324,6.17307,Plein jour,Hors agglomération,Hors intersection,Neige / grêle,Deux véhicules - côté,,,,,,,,,,,1,1,1,4.0,3
201300007767,0013-04-08 15:15:00,13,4,8,15,15,50,17,05230,44.5683,6.18796,Plein jour,Hors agglomération,Hors intersection,Pluie forte,Deux véhicules - frontale,,,,,,,,,,,1,1,1,3.0,1
201300007768,0013-04-08 13:45:00,13,4,8,13,45,50,11,05230,44.52722,6.17972,Plein jour,Hors agglomération,Hors intersection,Pluie forte,Deux véhicules - frontale,,,,,,,,,,,1,1,1,3.0,1
201300007769,0013-08-14 00:45:00,13,8,14,0,45,50,40,,44.53048,6.31453,Nuit sans éclairage public,Hors agglomération,Hors intersection,Normale,Autre collision,,,,,,,,,,,3,1,1,1.0,6
201300007770,0013-08-16 17:15:00,13,8,16,17,15,50,17,,44.56958,6.18315,Plein jour,Hors agglomération,Hors intersection,Normale,Deux véhicules - frontale,,,,,,,,,,,1,1,1,1.0,1
201300007771,0013-09-08 08:30:00,13,9,8,8,30,50,124,,44.57721,6.15355,Plein jour,Hors agglomération,Hors intersection,Normale,Deux véhicules - frontale,,,,,,,,,,,1,1,1,1.0,1
201300007772,0013-12-28 08:45:00,13,12,28,8,45,50,40,,44.55152,6.25543,Plein jour,Hors agglomération,Hors intersection,Pluie légère,Autre collision,,,,,,,,,,,1,1,1,2.0,6
201300007773,0013-06-30 17:45:00,13,6,30,17,45,50,65,rond point du Chagne,44.6558,6.64537,Plein jour,En agglomération,Hors intersection,Normale,Deux véhicules - frontale,,,,,,,,,,,1,2,1,1.0,1
201300007774,0013-07-11 16:00:00,13,7,11,16,0,50,136,,44.68763,6.61342,Plein jour,Hors agglomération,Hors intersection,Normale,Deux véhicules - frontale,,,,,,,,,,,1,1,1,1.0,1
201300007775,0013-01-28 11:45:00,13,1,28,11,45,60,48,,,,Crépuscule ou aube,Hors agglomération,Hors intersection,Pluie légère,Autre collision,,,,,,,,,,,2,1,1,2.0,6
201300007776,0013-06-14 20:00:00,13,6,14,20,0,60,48,Av flaminius raiberti,,,Plein jour,En agglomération,Hors intersection,Normale,Deux véhicules - frontale,,,,,,,,,,,1,2,1,1.0,1
201300007777,0013-06-16 16:45:00,13,6,16,16,45,60,48,300 avenue bourriglione,,,Plein jour,En agglomération,Hors intersection,Normale,Deux véhicules - frontale,,,,,,,,,,,1,2,1,1.0,1
201300007778,0013-07-23 11:30:00,13,7,23,11,30,60,14,Avenue Ren? Fatou,,,Plein jour,En agglomération,Hors intersection,Normale,Deux véhicules - arrière,,,,,,,,,,,1,2,1,1.0,2
201300007779,0013-09-17 16:15:00,13,9,17,16,15,60,48,4451 ROUTE DE SCLOS,,,Plein jour,En agglomération,Hors intersection,Normale,Deux véhicules - frontale,,,,,,,,,,,1,2,1,1.0,1
201300007780,0013-09-24 08:45:00,13,9,24,8,45,60,43,route du soleil,,,Plein jour,En agglomération,Hors intersection,Normale,Deux véhicules - arrière,,,,,,,,,,,1,2,1,1.0,2
201300007781,0013-11-05 10:00:00,13,11,5,10,0,60,19,17 route nationale,,,Plein jour,En agglomération,Hors intersection,Normale,Autre collision,,,,,,,,,,,1,2,1,1.0,6
201300007782,0013-06-11 14:30:00,13,6,11,14,30,60,57,,,,Plein jour,Hors agglomération,Hors intersection,Normale,Deux véhicules - côté,,,,,,,,,,,1,1,1,1.0,3
201300007783,0013-07-23 17:15:00,13,7,23,17,15,60,92,,,,Plein jour,Hors agglomération,Hors intersection,Normale,Autre collision,,,,,,,,,,,1,1,1,1.0,6
201300007784,0013-07-30 17:30:00,13,7,30,17,30,60,91,,,,Plein jour,Hors agglomération,Hors intersection,Normale,Deux véhicules - frontale,,,,,,,,,,,1,1,1,1.0,1
201300007785,0013-09-11 18:00:00,13,9,11,18,0,60,142,,,,Plein jour,Hors agglomération,Hors intersection,Normale,Deux véhicules - côté,,,,,,,,,,,1,1,1,1.0,3
201300007786,0013-10-16 18:30:00,13,10,16,18,30,60,77,,,,Plein jour,Hors agglomération,Hors intersection,Normale,Deux véhicules - frontale,,,,,,,,,,,1,1,1,1.0,1
201300007787,0013-10-18 15:30:00,13,10,18,15,30,60,48,,,,Plein jour,Hors agglomération,Hors intersection,Normale,Deux véhicules - frontale,,,,,,,,,,,1,1,1,1.0,1
201300007788,0013-10-13 12:15:00,13,10,13,12,15,60,117,,43.819,7.229,Plein jour,Hors agglomération,Hors intersection,Normale,Deux véhicules - côté,,,,,,,,,,,1,1,1,1.0,3
201300007789,0013-01-11 19:30:00,13,1,11,19,30,60,54,2 avenue G?n?ral de Gaul,,,Nuit avec éclairage allumé,En agglomération,Giratoire,Normale,Autre collision,,,,,,,,,,,5,2,6,1.0,6
201300007790,0013-02-05 07:30:00,13,2,5,7,30,60,31,,,,Nuit avec éclairage allumé,Hors agglomération,Hors intersection,Normale,Deux véhicules - côté,,,,,,,,,,,5,1,1,1.0,3
201300007791,0013-03-27 20:15:00,13,3,27,20,15,60,149,Bd de la Roma,44.726,7.319,Nuit avec éclairage allumé,En agglomération,Hors intersection,Normale,Deux véhicules - frontale,,,,,,,,,,,5,2,1,1.0,1
201300007792,0013-09-18 07:15:00,13,9,18,7,15,60,31,,,,Plein jour,Hors agglomération,Hors intersection,Normale,Deux véhicules - côté,,,,,,,,,,,1,1,1,1.0,3
201300007793,0013-06-20 10:15:00,13,6,20,10,15,60,121,Mont?e Mireille Delfino,,,Plein jour,En agglomération,Hors intersection,Normale,Autre collision,,,,,,,,,,,1,2,1,1.0,6
201300007794,0013-03-02 14:00:00,13,3,2,14,0,60,79,,,,Plein jour,Hors agglomération,Hors intersection,Normale,Autre collision,,,,,,,,,,,1,1,1,1.0,6
201300007795,0013-04-03 01:30:00,13,4,3,1,30,60,79,157 av anciens combattan,,,Plein jour,En agglomération,Hors intersection,Normale,Deux véhicules - frontale,,,,,,,,,,,1,2,1,1.0,1
201300007796,0013-03-27 10:45:00,13,3,27,10,45,60,90,rond point de l ecluse,,,Plein jour,En agglomération,Giratoire,Normale,Deux véhicules - côté,,,,,,,,,,,1,2,6,1.0,3
201300007797,0013-04-13 20:30:00,13,4,13,20,30,60,79,292 AVENUE DE CANNES,,,Nuit avec éclairage allumé,En agglomération,Hors intersection,Normale,Deux véhicules - côté,,,,,,,,,,,5,2,1,1.0,3
201300007798,0013-04-19 18:30:00,13,4,19,18,30,60,79,AVENUE DE FREJUS,,,Crépuscule ou aube,En agglomération,Hors intersection,Pluie légère,Deux véhicules - côté,,,,,,,,,,,2,2,1,2.0,3
201300007799,0013-04-19 17:15:00,13,4,19,17,15,60,79,,,,Plein jour,Hors agglomération,Hors intersection,Normale,Deux véhicules - arrière,,,,,,,,,,,1,1,1,1.0,2
201300007800,0013-05-15 11:00:00,13,5,15,11,0,60,108,place Jos? Thomas,,,Plein jour,En agglomération,Place,Normale,Autre collision,,,,,,,,,,,1,2,7,1.0,6
201300007801,0013-06-11 18:00:00,13,6,11,18,0,60,108,avenue de la r?publique,,,Plein jour,En agglomération,Hors intersection,Normale,Deux véhicules - côté,,,,,,,,,,,1,2,1,1.0,3
201300007802,0013-07-18 11:30:00,13,7,18,11,30,60,7,,,,Plein jour,En agglomération,Hors intersection,Normale,Deux véhicules - côté,,,,,,,,,,,1,2,1,1.0,3
201300007803,0013-08-01 12:45:00,13,8,1,12,45,60,108,1003 Avenue du 08 Mai,,,Plein jour,En agglomération,Hors intersection,Normale,Deux véhicules - côté,,,,,,,,,,,1,2,1,1.0,3
201300007804,0013-08-04 20:00:00,13,8,4,20,0,60,7,d509 PK 0+250,,,Plein jour,En agglomération,Hors intersection,Normale,Deux véhicules - frontale,,,,,,,,,,,1,2,1,1.0,1
201300007805,0013-08-20 10:30:00,13,8,20,10,30,60,138,,,,Plein jour,Hors agglomération,Hors intersection,Normale,Deux véhicules - côté,,,,,,,,,,,1,1,1,1.0,3
201300007806,0013-08-21 19:30:00,13,8,21,19,30,60,79,rond poind de la canardi,,,Plein jour,En agglomération,Giratoire,Normale,Deux véhicules - côté,,,,,,,,,,,1,2,6,1.0,3
201300007807,0013-08-27 08:30:00,13,8,27,8,30,60,79,rue marcel pagnol,,,Plein jour,En agglomération,Hors intersection,Normale,Deux véhicules - côté,,,,,,,,,,,1,2,1,1.0,3
201300007808,0013-09-04 13:15:00,13,9,4,13,15,60,79,BOULEVARD CORNICHE D OR,,,Plein jour,En agglomération,Hors intersection,Normale,Deux véhicules - frontale,,,,,,,,,,,1,2,1,1.0,1
201300007809,0013-09-06 12:30:00,13,9,6,12,30,60,79,,,,Plein jour,Hors agglomération,Hors intersection,Normale,Deux véhicules - côté,,,,,,,,,,,1,1,1,1.0,3
201300007810,0013-09-17 19:00:00,13,9,17,19,0,60,138,,,,Plein jour,Hors agglomération,Hors intersection,Normale,Deux véhicules - côté,,,,,,,,,,,1,1,1,1.0,3
201300007811,0013-09-24 17:30:00,13,9,24,17,30,60,79,,,,Plein jour,En agglomération,Hors intersection,Normale,Deux véhicules - côté,,,,,,,,,,,1,2,1,1.0,3
201300007812,0013-10-01 17:30:00,13,10,1,17,30,60,108,1120 avenue de la r?publ,,,Plein jour,En agglomération,Hors intersection,Normale,Autre collision,,,,,,,,,,,1,2,1,1.0,6
201300007813,0013-10-12 07:15:00,13,10,12,7,15,60,90,route de Grasse,,,Crépuscule ou aube,En agglomération,Hors intersection,Normale,Deux véhicules - côté,,,,,,,,,,,2,2,1,1.0,3
201300007814,0013-10-17 15:30:00,13,10,17,15,30,60,79,1645 avenue de fr?jus,,,Crépuscule ou aube,En agglomération,Hors intersection,Normale,Deux véhicules - frontale,,,,,,,,,,,2,2,1,1.0,1
201300007815,0013-11-27 07:15:00,13,11,27,7,15,60,79,av de cannes,,,Crépuscule ou aube,En agglomération,Hors intersection,Normale,Deux véhicules - arrière,,,,,,,,,,,2,2,1,1.0,2
201300007816,0013-11-29 11:45:00,13,11,29,11,45,60,79,520 ave janvier passero,,,Plein jour,En agglomération,Hors intersection,Normale,Deux véhicules - côté,,,,,,,,,,,1,2,1,1.0,3
201300007817,0013-12-21 05:00:00,13,12,21,5,0,60,79,,,,Nuit avec éclairage allumé,Hors agglomération,Hors intersection,Normale,Autre collision,,,,,,,,,,,5,1,1,1.0,6
201300007818,0013-12-22 19:30:00,13,12,22,19,30,60,79,,,,Nuit avec éclairage allumé,Hors agglomération,Hors intersection,Normale,Autre collision,,,,,,,,,,,5,1,1,1.0,6
201300007819,0013-06-07 14:00:00,13,6,7,14,0,60,58,,,,Plein jour,Hors agglomération,Hors intersection,Normale,Deux véhicules - frontale,,,,,,,,,,,1,1,1,1.0,1
201300007820,0013-08-22 14:00:00,13,8,22,14,0,60,3,,43.778,6.838,Plein jour,Hors agglomération,Hors intersection,Normale,Deux véhicules - frontale,,,,,,,,,,,1,1,1,1.0,1
201300007821,0013-10-11 11:00:00,13,10,11,11,0,60,70,,,,Plein jour,Hors agglomération,Hors intersection,Normale,Autre collision,,,,,,,,,,,1,1,1,1.0,6
201300007822,0013-12-29 11:45:00,13,12,29,11,45,60,70,,,,Plein jour,Hors agglomération,Hors intersection,Autre,Sans collision,,,,,,,,,,,1,1,1,9.0,7