accident_id,datetime,annee,mois,jour,heure,minute,departement,commune_insee,adresse,latitude,longitude,luminosite,agglomeration,intersection,meteo,collision,nb_vehicules,nb_usagers,nb_indemnes,nb_tues,nb_blesses_hosp,nb_blesses_legers,age_cond_1,age_cond_2,veh_type_cond_1,veh_type_cond_2,lum_code,agg_code,int_code,atm_code,col_code
201300007823,0013-02-06 09:15:00,13,2,6,9,15,60,157,avenue emile hugues,,,Plein jour,En agglomération,Hors intersection,Normale,Autre collision,,,,,,,,,,,1,2,1,1.0,6
201300007824,0013-04-03 19:15:00,13,4,3,19,15,60,157,avenue Ricolfi,,,Plein jour,En agglomération,Hors intersection,Normale,Sans collision,,,,,,,,,,,1,2,1,1.0,7
201300007825,0013-05-30 19:30:00,13,5,30,19,30,60,122,2925 route de Vence,,,Plein jour,En agglomération,Hors intersection,Pluie légère,Deux véhicules - frontale,,,,,,,,,,,1,2,1,2.0,1
201300007826,0013-08-01 01:00:00,13,8,1,1,0,60,157,,,,Nuit sans éclairage public,Hors agglomération,Hors intersection,Normale,Deux véhicules - côté,,,,,,,,,,,3,1,1,1.0,3
201300007827,0013-08-16 15:15:00,13,8,16,15,15,60,50,,,,Plein jour,Hors agglomération,Hors intersection,Normale,Autre collision,,,,,,,,,,,1,1,1,1.0,6
201300007828,0013-08-20 01:15:00,13,8,20,1,15,60,157,201 g?n?ral leclerc,,,Nuit avec éclairage allumé,En agglomération,Hors intersection,Normale,Autre collision,,,,,,,,,,,5,2,1,1.0,6
201300007829,0013-10-23 19:30:00,13,10,23,19,30,60,128,,,,Nuit sans éclairage public,Hors agglomération,Hors intersection,Pluie légère,Deux véhicules - frontale,,,,,,,,,,,3,1,1,2.0,1
201300007830,0013-11-09 13:45:00,13,11,9,13,45,60,128,,,,Plein jour,Hors agglomération,Hors intersection,Normale,Autre collision,,,,,,,,,,,1,1,1,1.0,6
201300007831,0013-12-03 09:30:00,13,12,3,9,30,60,157,44 avenue foch,,,Plein jour,En agglomération,Hors intersection,Normale,Autre collision,,,,,,,,,,,1,2,1,1.0,6
201300007832,0013-03-12 21:15:00,13,3,12,21,15,60,33,,,,Nuit sans éclairage public,Hors agglomération,Hors intersection,Normale,Deux véhicules - frontale,,,,,,,,,,,3,1,1,1.0,1
201300007833,0013-07-07 15:30:00,13,7,7,15,30,60,33,,,,Plein jour,Hors agglomération,Hors intersection,Normale,Deux véhicules - côté,,,,,,,,,,,1,1,1,1.0,3
201300007834,0013-07-26 14:15:00,13,7,26,14,15,60,34,,,,Plein jour,Hors agglomération,Autre intersection,Normale,Deux véhicules - frontale,,,,,,,,,,,1,1,9,1.0,1
201300007835,0013-08-16 16:00:00,13,8,16,16,0,60,6,,,,Plein jour,Hors agglomération,Hors intersection,Normale,Deux véhicules - frontale,,,,,,,,,,,1,1,1,1.0,1
201300007836,0013-11-18 14:45:00,13,11,18,14,45,60,34,,,,Plein jour,Hors agglomération,Hors intersection,Pluie légère,Deux véhicules - frontale,,,,,,,,,,,1,1,1,2.0,1
201300007837,0013-05-23 11:30:00,13,5,23,11,30,60,36,,,,Plein jour,Hors agglomération,Hors intersection,Normale,Autre collision,,,,,,,,,,,1,1,1,1.0,6
201300007838,0013-07-19 12:15:00,13,7,19,12,15,60,36,,,,Plein jour,Hors agglomération,Hors intersection,Pluie légère,Autre collision,,,,,,,,,,,1,1,1,2.0,6
201300007839,0013-01-05 16:15:00,13,1,5,16,15,60,23,,,,Plein jour,Hors agglomération,Hors intersection,Normale,Deux véhicules - frontale,,,,,,,,,,,1,1,1,1.0,1
201300007840,0013-03-03 15:00:00,13,3,3,15,0,60,23,33 boulevard Rouvier,,,Plein jour,En agglomération,Hors intersection,Normale,Autre collision,,,,,,,,,,,1,2,1,1.0,6
201300007841,0013-08-18 12:45:00,13,8,18,12,45,60,132,RD 6204 PK 14+900,43.991,7.547,Plein jour,En agglomération,Hors intersection,Normale,Autre collision,,,,,,,,,,,1,2,1,1.0,6
201300007842,0013-01-08 08:30:00,13,1,8,8,30,60,32,Bd jardin Exotique,,,Plein jour,En agglomération,Hors intersection,Normale,Autre collision,,,,,,,,,,,1,2,1,1.0,6
201300007843,0013-03-23 08:00:00,13,3,23,8,0,60,150,,,,Plein jour,Hors agglomération,Hors intersection,Temps éblouissant,Deux véhicules - côté,,,,,,,,,,,1,1,1,7.0,3
201300007844,0013-04-30 01:00:00,13,4,30,1,0,60,59,12 avenue de la Libert?,,,Nuit avec éclairage allumé,En agglomération,Hors intersection,Pluie forte,Autre collision,,,,,,,,,,,5,2,1,3.0,6
201300007845,0013-05-26 18:30:00,13,5,26,18,30,60,32,6 avenue du 03 septembre,,,Plein jour,En agglomération,Hors intersection,Normale,Autre collision,,,,,,,,,,,1,2,1,1.0,6
201300007846,0013-07-03 12:30:00,13,7,3,12,30,60,32,,,,Plein jour,En agglomération,Hors intersection,Normale,Autre collision,,,,,,,,,,,1,2,1,1.0,6
201300007847,0013-07-19 22:00:00,13,7,19,22,0,60,150,,,,Nuit sans éclairage public,Hors agglomération,Hors intersection,Normale,Sans collision,,,,,,,,,,,3,1,1,1.0,7
201300007848,0013-09-04 08:45:00,13,9,4,8,45,60,59,,,,Plein jour,Hors agglomération,Hors intersection,Normale,Sans collision,,,,,,,,,,,1,1,1,1.0,7
201300007849,0013-09-19 23:15:00,13,9,19,23,15,60,32,,43.213,7.664,Nuit sans éclairage public,Hors agglomération,Hors intersection,Normale,Autre collision,,,,,,,,,,,3,1,1,1.0,6
201300007850,0013-10-02 08:00:00,13,10,2,8,0,60,32,,,,Plein jour,Hors agglomération,Hors intersection,Normale,Deux véhicules - arrière,,,,,,,,,,,1,1,1,1.0,2
201300007851,0013-08-02 11:00:00,13,8,2,11,0,60,146,,,,Plein jour,Hors agglomération,Hors intersection,Normale,Autre collision,,,,,,,,,,,1,1,1,1.0,6
201300007852,0013-05-14 14:30:00,13,5,14,14,30,60,71,,44.095,6.855,Plein jour,Hors agglomération,Hors intersection,Normale,Deux véhicules - frontale,,,,,,,,,,,1,1,1,1.0,1
201300007853,0013-06-02 12:15:00,13,6,2,12,15,60,160,,44.122,6.804,Plein jour,Hors agglomération,Hors intersection,Normale,Autre collision,,,,,,,,,,,1,1,1,1.0,6
201300007854,0013-06-24 11:45:00,13,6,24,11,45,60,71,,44.089,6.858,Plein jour,Hors agglomération,Hors intersection,Normale,Deux véhicules - côté,,,,,,,,,,,1,1,1,1.0,3
201300007855,0013-08-11 15:30:00,13,8,11,15,30,60,71,,44.088,6.867,Plein jour,Hors agglomération,Hors intersection,Normale,Deux véhicules - frontale,,,,,,,,,,,1,1,1,1.0,1
201300007856,0013-08-15 16:15:00,13,8,15,16,15,60,16,,44.073,6.986,Plein jour,Hors agglomération,Hors intersection,Normale,Deux véhicules - frontale,,,,,,,,,,,1,1,1,1.0,1
201300007857,0013-09-18 17:15:00,13,9,18,17,15,60,141,,43.867,7.116,Plein jour,Hors agglomération,Hors intersection,Normale,Deux véhicules - frontale,,,,,,,,,,,1,1,1,1.0,1
201300007858,0013-08-15 09:45:00,13,8,15,9,45,60,73,,,,Plein jour,Hors agglomération,Hors intersection,Normale,Trois véhicules et plus - collisions multiples,,,,,,,,,,,1,1,1,1.0,5
201300007859,0013-01-25 07:45:00,13,1,25,7,45,830,4,Boulevard Peymarlier,43.45167,6.48502,Plein jour,En agglomération,Hors intersection,Normale,Deux véhicules - arrière,,,,,,,,,,,1,2,1,1.0,2
201300007860,0013-01-28 17:00:00,13,1,28,17,0,830,4,,,,Plein jour,Hors agglomération,Hors intersection,Temps éblouissant,Deux véhicules - frontale,,,,,,,,,,,1,1,1,7.0,1
201300007861,0013-03-08 19:45:00,13,3,8,19,45,830,8,390 chemin des combes,43.53736,6.68827,Nuit sans éclairage public,En agglomération,Hors intersection,Pluie légère,Autre collision,,,,,,,,,,,3,2,1,2.0,6
201300007862,0013-06-25 16:30:00,13,6,25,16,30,830,8,,,,Plein jour,Hors agglomération,Hors intersection,Normale,Deux véhicules - frontale,,,,,,,,,,,1,1,1,1.0,1
201300007863,0013-07-27 15:00:00,13,7,27,15,0,830,86,,,,Plein jour,Hors agglomération,Hors intersection,Normale,Deux véhicules - frontale,,,,,,,,,,,1,1,1,1.0,1
201300007864,0013-09-10 23:45:00,13,9,10,23,45,830,86,,,,Nuit sans éclairage public,Hors agglomération,Hors intersection,Normale,Autre collision,,,,,,,,,,,3,1,1,1.0,6
201300007865,0013-09-28 12:15:00,13,9,28,12,15,830,4,,,,Plein jour,Hors agglomération,Hors intersection,Normale,Deux véhicules - frontale,,,,,,,,,,,1,1,1,1.0,1
201300007866,0013-11-08 16:30:00,13,11,8,16,30,830,148,,,,Plein jour,Hors agglomération,Hors intersection,Normale,Deux véhicules - côté,,,,,,,,,,,1,1,1,1.0,3
201300007867,0013-11-09 10:45:00,13,11,9,10,45,830,134,,,,Plein jour,Hors agglomération,Hors intersection,Normale,Autre collision,,,,,,,,,,,1,1,1,1.0,6
201300007868,0013-11-14 16:00:00,13,11,14,16,0,830,134,,43.467,6.438,Plein jour,Hors agglomération,Hors intersection,Normale,Autre collision,,,,,,,,,,,1,1,1,1.0,6
201300007869,0013-05-08 12:45:00,13,5,8,12,45,830,74,,,,Plein jour,Hors agglomération,Hors intersection,Normale,Autre collision,,,,,,,,,,,1,1,1,1.0,6
201300007870,0013-06-05 17:45:00,13,6,5,17,45,830,85,,,,Plein jour,Hors agglomération,Hors intersection,Normale,Autre collision,,,,,,,,,,,1,1,1,1.0,6
201300007871,0013-06-30 12:45:00,13,6,30,12,45,830,38,,,,Plein jour,Hors agglomération,Hors intersection,Normale,Sans collision,,,,,,,,,,,1,1,1,1.0,7
201300007872,0013-07-07 18:45:00,13,7,7,18,45,830,40,,,,Plein jour,Hors agglomération,Hors intersection,Autre,Deux véhicules - frontale,,,,,,,,,,,1,1,1,9.0,1
201300007873,0013-07-21 15:45:00,13,7,21,15,45,830,82,,43.619,6.551,Plein jour,Hors agglomération,Hors intersection,Normale,Deux véhicules - côté,,,,,,,,,,,1,1,1,1.0,3
201300007874,0013-08-07 11:30:00,13,8,7,11,30,830,13,,,,Plein jour,Hors agglomération,Hors intersection,Normale,Autre collision,,,,,,,,,,,1,1,1,1.0,6
201300007875,0013-08-11 18:45:00,13,8,11,18,45,830,28,,,,Plein jour,Hors agglomération,Hors intersection,Normale,Deux véhicules - frontale,,,,,,,,,,,1,1,1,1.0,1
201300007876,0013-10-04 14:00:00,13,10,4,14,0,830,85,,,,Plein jour,Hors agglomération,Hors intersection,Normale,Deux véhicules - côté,,,,,,,,,,,1,1,1,1.0,3
201300007877,0013-10-06 17:30:00,13,10,6,17,30,830,82,,,,Plein jour,Hors agglomération,Hors intersection,Pluie légère,Autre collision,,,,,,,,,,,1,1,1,2.0,6
201300007878,0013-11-03 17:45:00,13,11,3,17,45,830,82,,,,Plein jour,Hors agglomération,Hors intersection,Normale,Sans collision,,,,,,,,,,,1,1,1,1.0,7
201300007879,0013-01-03 21:15:00,13,1,3,21,15,830,138,,,,Nuit sans éclairage public,Hors agglomération,Hors intersection,Normale,Autre collision,,,,,,,,,,,3,1,1,1.0,6
201300007880,0013-04-19 07:45:00,13,4,19,7,45,830,133,,,,Plein jour,Hors agglomération,Hors intersection,Normale,Deux véhicules - frontale,,,,,,,,,,,1,1,1,1.0,1
201300007881,0013-04-20 12:15:00,13,4,20,12,15,830,133,,,,Plein jour,Hors agglomération,Hors intersection,Normale,Deux véhicules - frontale,,,,,,,,,,,1,1,1,1.0,1
201300007882,0013-05-04 06:45:00,13,5,4,6,45,830,29,,43.61543,6.74613,Crépuscule ou aube,Hors agglomération,Hors intersection,Normale,Deux véhicules - frontale,,,,,,,,,,,2,1,1,1.0,1
201300007883,0013-05-16 10:30:00,13,5,16,10,30,830,81,,,,Plein jour,Hors agglomération,Hors intersection,Temps couvert,Deux véhicules - frontale,,,,,,,,,,,1,1,1,8.0,1
201300007884,0013-06-26 18:30:00,13,6,26,18,30,830,80,,,,Plein jour,Hors agglomération,Hors intersection,Normale,Sans collision,,,,,,,,,,,1,1,1,1.0,7
201300007885,0013-08-26 20:15:00,13,8,26,20,15,830,55,,,,Crépuscule ou aube,Hors agglomération,Hors intersection,Normale,Deux véhicules - frontale,,,,,,,,,,,2,1,1,1.0,1
201300007886,0013-10-13 10:30:00,13,10,13,10,30,830,138,,,,Plein jour,Hors agglomération,Hors intersection,Normale,Deux véhicules - arrière,,,,,,,,,,,1,1,1,1.0,2
201300007887,0013-10-23 18:15:00,13,10,23,18,15,830,55,,,,Plein jour,Hors agglomération,Hors intersection,Normale,Deux véhicules - côté,,,,,,,,,,,1,1,1,1.0,3
201300007888,0013-11-06 15:45:00,13,11,6,15,45,830,81,,,,Plein jour,Hors agglomération,Hors intersection,Normale,Deux véhicules - arrière,,,,,,,,,,,1,1,1,1.0,2
201300007889,0013-03-06 08:00:00,13,3,6,8,0,830,136,,,,Plein jour,Hors agglomération,Hors intersection,Pluie légère,Deux véhicules - frontale,,,,,,,,,,,1,1,1,2.0,1
201300007890,0013-03-14 10:30:00,13,3,14,10,30,830,72,,,,Plein jour,En agglomération,Hors intersection,Normale,Deux véhicules - arrière,,,,,,,,,,,1,2,1,1.0,2
201300007891,0013-08-26 08:45:00,13,8,26,8,45,830,72,,,,Plein jour,Hors agglomération,Hors intersection,Normale,Sans collision,,,,,,,,,,,1,1,1,1.0,7
201300007892,0013-10-24 07:15:00,13,10,24,7,15,830,72,,,,Crépuscule ou aube,Hors agglomération,Hors intersection,Normale,Autre collision,,,,,,,,,,,2,1,1,1.0,6
201300007893,0013-05-22 18:45:00,13,5,22,18,45,830,31,Rond point ESCOTA,,,Plein jour,En agglomération,Giratoire,Temps éblouissant,Deux véhicules - côté,,,,,,,,,,,1,2,6,7.0,3
201300007894,0013-06-06 18:15:00,13,6,6,18,15,830,73,Parking - Av. Barbaroux,43.39382,6.31516,Plein jour,En agglomération,Hors intersection,Normale,Autre collision,,,,,,,,,,,1,2,1,1.0,6
201300007895,0013-06-12 15:30:00,13,6,12,15,30,830,31,,43.393,6.377,Plein jour,Hors agglomération,Hors intersection,Normale,Autre collision,,,,,,,,,,,1,1,1,1.0,6
201300007896,0013-07-21 10:45:00,13,7,21,10,45,830,57,,,,Plein jour,Hors agglomération,Hors intersection,Normale,Deux véhicules - frontale,,,,,,,,,,,1,1,1,1.0,1
201300007897,0013-09-26 14:30:00,13,9,26,14,30,830,92,,,,Plein jour,Hors agglomération,Hors intersection,Normale,Deux véhicules - côté,,,,,,,,,,,1,1,1,1.0,3
201300007898,0013-12-10 07:00:00,13,12,10,7,0,830,92,D78 Chemin des Platri?re,,,Crépuscule ou aube,En agglomération,Hors intersection,Brouillard / fumée,Deux véhicules - frontale,,,,,,,,,,,2,2,1,5.0,1
201300007899,0013-04-16 15:00:00,13,4,16,15,0,830,128,,,,Plein jour,Hors agglomération,Hors intersection,Normale,Deux véhicules - frontale,,,,,,,,,,,1,1,1,1.0,1
201300007900,0013-05-20 11:00:00,13,5,20,11,0,830,7,,,,Plein jour,Hors agglomération,Hors intersection,Normale,Deux véhicules - côté,,,,,,,,,,,1,1,1,1.0,3
201300007901,0013-06-16 02:00:00,13,6,16,2,0,830,139,,,,Nuit sans éclairage public,Hors agglomération,Hors intersection,Normale,Sans collision,,,,,,,,,,,3,1,1,1.0,7
201300007902,0013-06-17 14:15:00,13,6,17,14,15,830,121,,,,Plein jour,Hors agglomération,Hors intersection,Normale,Autre collision,,,,,,,,,,,1,1,1,1.0,6
201300007903,0013-08-10 22:00:00,13,8,10,22,0,830,15,,,,Nuit sans éclairage public,Hors agglomération,Hors intersection,Normale,Autre collision,,,,,,,,,,,3,1,1,1.0,6
201300007904,0013-10-07 16:45:00,13,10,7,16,45,830,149,,,,Plein jour,Hors agglomération,Hors intersection,Normale,Deux véhicules - frontale,,,,,,,,,,,1,1,1,1.0,1
201300007905,0013-10-20 16:00:00,13,10,20,16,0,830,15,,,,Plein jour,Hors agglomération,Hors intersection,Temps couvert,Deux véhicules - frontale,,,,,,,,,,,1,1,1,8.0,1
201300007906,0013-10-26 01:15:00,13,10,26,1,15,830,7,,,,Nuit sans éclairage public,Hors agglomération,Hors intersection,Normale,Autre collision,,,,,,,,,,,3,1,1,1.0,6
201300007907,0013-10-29 10:00:00,13,10,29,10,0,830,102,ROND POINT DE ST JEAN,,,Plein jour,En agglomération,Giratoire,Pluie légère,Sans collision,,,,,,,,,,,1,2,6,2.0,7
201300007908,0013-11-05 17:15:00,13,11,5,17,15,830,15,,,,Crépuscule ou aube,Hors agglomération,Hors intersection,Normale,Autre collision,,,,,,,,,,,2,1,1,1.0,6
201300007909,0013-12-16 09:30:00,13,12,16,9,30,830,149,,,,Crépuscule ou aube,Hors agglomération,Hors intersection,Normale,Deux véhicules - côté,,,,,,,,,,,2,1,1,1.0,3
201300007910,0013-01-07 17:45:00,13,1,7,17,45,830,23,avenue mar?chal foch,43.40817,6.06877,Nuit avec éclairage non allumé,En agglomération,Place,Normale,Deux véhicules - frontale,,,,,,,,,,,4,2,7,1.0,1
201300007911,0013-04-06 13:30:00,13,4,6,13,30,830,23,,,,Plein jour,Hors agglomération,Hors intersection,Normale,Deux véhicules - frontale,,,,,,,,,,,1,1,1,1.0,1
201300007912,0013-04-21 15:00:00,13,4,21,15,0,830,23,,,,Plein jour,Hors agglomération,Hors intersection,Normale,Trois véhicules et plus - collisions multiples,,,,,,,,,,,1,1,1,1.0,5
201300007913,0013-04-24 06:00:00,13,4,24,6,0,830,23,RDN7,,,Crépuscule ou aube,En agglomération,Giratoire,Normale,Sans collision,,,,,,,,,,,2,2,6,1.0,7
201300007914,0013-05-03 16:30:00,13,5,3,16,30,830,37,D405,,,Plein jour,En agglomération,Hors intersection,Normale,Deux véhicules - frontale,,,,,,,,,,,1,2,1,1.0,1
201300007915,0013-05-07 12:15:00,13,5,7,12,15,830,30,,,,Plein jour,Hors agglomération,Hors intersection,Normale,Sans collision,,,,,,,,,,,1,1,1,1.0,7
201300007916,0013-05-09 19:15:00,13,5,9,19,15,830,23,,,,Plein jour,Hors agglomération,Hors intersection,Normale,Deux véhicules - côté,,,,,,,,,,,1,1,1,1.0,3
201300007917,0013-05-11 10:30:00,13,5,11,10,30,830,23,,,,Plein jour,Hors agglomération,Giratoire,Normale,Deux véhicules - côté,,,,,,,,,,,1,1,6,1.0,3
201300007918,0013-06-04 14:45:00,13,6,4,14,45,830,23,,,,Plein jour,Hors agglomération,Hors intersection,Normale,Deux véhicules - frontale,,,,,,,,,,,1,1,1,1.0,1
201300007919,0013-06-10 15:30:00,13,6,10,15,30,830,23,,,,Plein jour,Hors agglomération,Hors intersection,Normale,Autre collision,,,,,,,,,,,1,1,1,1.0,6
201300007920,0013-07-11 13:45:00,13,7,11,13,45,830,23,,,,Plein jour,Hors agglomération,Intersection en T,Normale,Deux véhicules - côté,,,,,,,,,,,1,1,3,1.0,3
201300007921,0013-07-15 10:00:00,13,7,15,10,0,830,23,av de la burliere,43.40842,6.06425,Plein jour,En agglomération,Hors intersection,Normale,Autre collision,,,,,,,,,,,1,2,1,1.0,6
201300007922,0013-08-14 19:00:00,13,8,14,19,0,830,23,Chemin de ceinture,43.4032,6.05259,Plein jour,En agglomération,Hors intersection,Normale,Deux véhicules - côté,,,,,,,,,,,1,2,1,1.0,3
201300007923,0013-08-25 17:00:00,13,8,25,17,0,830,23,,,,Plein jour,Hors agglomération,Hors intersection,Normale,Deux véhicules - frontale,,,,,,,,,,,1,1,1,1.0,1
201300007924,0013-08-25 20:45:00,13,8,25,20,45,830,23,,,,Nuit sans éclairage public,Hors agglomération,Hors intersection,Normale,Trois véhicules et plus - collisions multiples,,,,,,,,,,,3,1,1,1.0,5
201300007925,0013-08-28 11:45:00,13,8,28,11,45,830,23,Avenue DREO,43.40596,6.06677,Plein jour,En agglomération,Hors intersection,Normale,Autre collision,,,,,,,,,,,1,2,1,1.0,6
201300007926,0013-09-22 17:15:00,13,9,22,17,15,830,143,,,,Plein jour,Hors agglomération,Hors intersection,Normale,Deux véhicules - côté,,,,,,,,,,,1,1,1,1.0,3
201300007927,0013-10-07 08:45:00,13,10,7,8,45,830,37,,,,Plein jour,Hors agglomération,Hors intersection,Normale,Autre collision,,,,,,,,,,,1,1,1,1.0,6
201300007928,0013-11-05 18:30:00,13,11,5,18,30,830,23,"49, rue barbaroux",43.4085,6.06403,Nuit avec éclairage allumé,En agglomération,Hors intersection,Normale,Autre collision,,,,,,,,,,,5,2,1,1.0,6
201300007929,0013-12-13 14:15:00,13,12,13,14,15,830,30,,,,Plein jour,Hors agglomération,Hors intersection,Normale,Deux véhicules - côté,,,,,,,,,,,1,1,1,1.0,3
201300007930,0013-04-15 17:15:00,13,4,15,17,15,830,45,RD45 PR6,,,Plein jour,En agglomération,Intersection en T,Normale,Deux véhicules - côté,,,,,,,,,,,1,2,3,1.0,3
201300007931,0013-05-10 08:45:00,13,5,10,8,45,830,95,Passage du Mont Olympe,,,Plein jour,En agglomération,Intersection en T,Pluie légère,Autre collision,,,,,,,,,,,1,2,3,2.0,6
201300007932,0013-08-14 18:45:00,13,8,14,18,45,830,32,,,,Plein jour,Hors agglomération,Hors intersection,Temps couvert,Sans collision,,,,,,,,,,,1,1,1,8.0,7
201300007933,0013-09-03 16:45:00,13,9,3,16,45,830,46,,,,Plein jour,Hors agglomération,Hors intersection,Normale,Autre collision,,,,,,,,,,,1,1,1,1.0,6
201300007934,0013-10-03 15:30:00,13,10,3,15,30,830,60,,,,Plein jour,Hors agglomération,Hors intersection,Normale,Autre collision,,,,,,,,,,,1,1,1,1.0,6
201300007935,0013-12-05 17:45:00,13,12,5,17,45,830,46,,,,Nuit sans éclairage public,Hors agglomération,Hors intersection,Normale,Autre collision,,,,,,,,,,,3,1,1,1.0,6
201300007936,0013-05-02 16:15:00,13,5,2,16,15,830,104,rd3 la roquette,,,Plein jour,En agglomération,Hors intersection,Normale,Deux véhicules - frontale,,,,,,,,,,,1,2,1,1.0,1
201300007937,0013-03-17 18:15:00,13,3,17,18,15,830,108,,,,Plein jour,Hors agglomération,Hors intersection,Normale,Trois véhicules et plus - collisions multiples,,,,,,,,,,,1,1,1,1.0,5
201300007938,0013-04-27 19:45:00,13,4,27,19,45,830,106,,,,Plein jour,Hors agglomération,Hors intersection,Normale,Deux véhicules - frontale,,,,,,,,,,,1,1,1,1.0,1
201300007939,0013-04-30 08:15:00,13,4,30,8,15,830,88,,,,Plein jour,Hors agglomération,Hors intersection,Pluie légère,Deux véhicules - frontale,,,,,,,,,,,1,1,1,2.0,1
201300007940,0013-05-06 18:15:00,13,5,6,18,15,830,59,,,,Plein jour,Hors agglomération,Hors intersection,Normale,Deux véhicules - arrière,,,,,,,,,,,1,1,1,1.0,2
201300007941,0013-05-11 12:15:00,13,5,11,12,15,830,76,,,,Plein jour,Hors agglomération,Hors intersection,Normale,Sans collision,,,,,,,,,,,1,1,1,1.0,7
201300007942,0013-06-07 17:15:00,13,6,7,17,15,830,59,,,,Plein jour,Hors agglomération,Intersection en X,Normale,Deux véhicules - côté,,,,,,,,,,,1,1,2,1.0,3
201300007943,0013-06-29 11:45:00,13,6,29,11,45,830,88,,,,Plein jour,Hors agglomération,Hors intersection,Normale,Sans collision,,,,,,,,,,,1,1,1,1.0,7
201300007944,0013-07-10 11:30:00,13,7,10,11,30,830,64,rond point de la piscine,,,Plein jour,En agglomération,Giratoire,Normale,Deux véhicules - côté,,,,,,,,,,,1,2,6,1.0,3
201300007945,0013-07-12 12:45:00,13,7,12,12,45,830,64,,,,Plein jour,En agglomération,Giratoire,Normale,Deux véhicules - arrière,,,,,,,,,,,1,2,6,1.0,2
201300007946,0013-07-29 09:30:00,13,7,29,9,30,830,77,,,,Plein jour,Hors agglomération,Hors intersection,Normale,Autre collision,,,,,,,,,,,1,1,1,1.0,6
201300007947,0013-08-17 18:30:00,13,8,17,18,30,830,106,,,,Plein jour,Hors agglomération,Giratoire,Normale,Autre collision,,,,,,,,,,,1,1,6,1.0,6
201300007948,0013-09-30 18:45:00,13,9,30,18,45,830,108,CD 05 PK 04+900,,,Plein jour,En agglomération,Hors intersection,Normale,Deux véhicules - arrière,,,,,,,,,,,1,2,1,1.0,2
201300007949,0013-10-20 14:00:00,13,10,20,14,0,830,106,,,,Plein jour,Hors agglomération,Hors intersection,Normale,Deux véhicules - frontale,,,,,,,,,,,1,1,1,1.0,1
201300007950,0013-10-28 11:45:00,13,10,28,11,45,830,106,,,,Plein jour,Hors agglomération,Hors intersection,Normale,Sans collision,,,,,,,,,,,1,1,1,1.0,7
201300007951,0013-12-07 13:15:00,13,12,7,13,15,830,106,,,,Plein jour,Hors agglomération,Hors intersection,Normale,Trois véhicules et plus - collisions multiples,,,,,,,,,,,1,1,1,1.0,5
201300007952,0013-12-17 18:00:00,13,12,17,18,0,830,77,,,,Nuit sans éclairage public,Hors agglomération,Hors intersection,Normale,Autre collision,,,,,,,,,,,3,1,1,1.0,6
201300007953,0013-01-27 01:15:00,13,1,27,1,15,830,87,,,,Nuit sans éclairage public,Hors agglomération,Hors intersection,Autre,Autre collision,,,,,,,,,,,3,1,1,9.0,6
201300007954,0013-02-21 17:30:00,13,2,21,17,30,830,116,15 Rue Colbert,43.45211,5.86252,Plein jour,En agglomération,Hors intersection,Normale,Autre collision,,,,,,,,,,,1,2,1,1.0,6
201300007955,0013-03-09 19:30:00,13,3,9,19,30,830,97,D23 PK 23,,,Nuit avec éclairage allumé,En agglomération,Hors intersection,Normale,Deux véhicules - frontale,,,,,,,,,,,5,2,1,1.0,1
201300007956,0013-05-05 07:00:00,13,5,5,7,0,830,120,44 rue Augustin Juramy,,,Crépuscule ou aube,En agglomération,Hors intersection,Normale,Autre collision,,,,,,,,,,,2,2,1,1.0,6
201300007957,0013-05-19 02:45:00,13,5,19,2,45,830,21,,,,Nuit sans éclairage public,Hors agglomération,Hors intersection,Normale,Autre collision,,,,,,,,,,,3,1,1,1.0,6
201300007958,0013-06-18 17:30:00,13,6,18,17,30,830,116,intersection D69 D560,,,Plein jour,En agglomération,Hors intersection,Normale,Deux véhicules - côté,,,,,,,,,,,1,2,1,1.0,3
201300007959,0013-09-11 15:15:00,13,9,11,15,15,830,140,,,,Plein jour,Hors agglomération,Hors intersection,Normale,Deux véhicules - frontale,,,,,,,,,,,1,1,1,1.0,1
201300007960,0013-09-23 06:30:00,13,9,23,6,30,830,97,,,,Crépuscule ou aube,Hors agglomération,Giratoire,Normale,Deux véhicules - frontale,,,,,,,,,,,2,1,6,1.0,1
201300007961,0013-10-01 17:00:00,13,10,1,17,0,830,116,,,,Plein jour,Hors agglomération,Hors intersection,Temps éblouissant,Deux véhicules - frontale,,,,,,,,,,,1,1,1,7.0,1
201300007962,0013-10-13 17:45:00,13,10,13,17,45,830,89,,,,Plein jour,Hors agglomération,Hors intersection,Normale,Deux véhicules - frontale,,,,,,,,,,,1,1,1,1.0,1
201300007963,0013-11-06 16:30:00,13,11,6,16,30,830,140,,,,Plein jour,Hors agglomération,Autre intersection,Normale,Deux véhicules - frontale,,,,,,,,,,,1,1,9,1.0,1
201300007964,0013-11-20 14:30:00,13,11,20,14,30,830,116,,43.427,5.427,Plein jour,Hors agglomération,Hors intersection,Normale,Deux véhicules - frontale,,,,,,,,,,,1,1,1,1.0,1