accident_id,datetime,annee,mois,jour,heure,minute,departement,commune_insee,adresse,latitude,longitude,luminosite,agglomeration,intersection,meteo,collision,nb_vehicules,nb_usagers,nb_indemnes,nb_tues,nb_blesses_hosp,nb_blesses_legers,age_cond_1,age_cond_2,veh_type_cond_1,veh_type_cond_2,lum_code,agg_code,int_code,atm_code,col_code
201300008506,0013-02-08 17:00:00,13,2,8,17,0,300,258,rue de la terre du port,43.68003,4.43851,Plein jour,En agglomération,Hors intersection,Normale,Autre collision,,,,,,,,,,,1,2,1,1.0,6
201300008507,0013-03-17 06:00:00,13,3,17,6,0,300,258,16 BVD CHANZY,43.67332,4.43408,Nuit avec éclairage allumé,En agglomération,Hors intersection,Pluie légère,Autre collision,,,,,,,,,,,5,2,1,2.0,6
201300008508,0013-07-12 14:30:00,13,7,12,14,30,300,128,,43.70865,4.37061,Plein jour,Hors agglomération,Hors intersection,Normale,Sans collision,,,,,,,,,,,1,1,1,1.0,7
201300008509,0013-09-14 17:45:00,13,9,14,17,45,300,258,,43.77371,4.41297,Plein jour,Hors agglomération,Hors intersection,Normale,Sans collision,,,,,,,,,,,1,1,1,1.0,7
201300008510,0013-09-22 00:30:00,13,9,22,0,30,300,258,,43.62457,4.42373,Nuit sans éclairage public,Hors agglomération,Hors intersection,Normale,Sans collision,,,,,,,,,,,3,1,1,1.0,7
201300008511,0013-09-20 17:45:00,13,9,20,17,45,300,128,chemin des sources,43.7315,4.33188,Plein jour,En agglomération,Hors intersection,Normale,Deux véhicules - frontale,,,,,,,,,,,1,2,1,1.0,1
201300008512,0013-01-23 08:15:00,13,1,23,8,15,300,123,RUE FREDERIC MISTRAL.,,,Nuit avec éclairage allumé,En agglomération,Hors intersection,Normale,Deux véhicules - côté,,,,,,,,,,,5,2,1,1.0,3
201300008513,0013-02-21 19:30:00,13,2,21,19,30,300,344,,43.71982,4.26175,Nuit sans éclairage public,Hors agglomération,Intersection en T,Normale,Deux véhicules - côté,,,,,,,,,,,3,1,3,1.0,3
201300008514,0013-02-23 10:30:00,13,2,23,10,30,300,33,PLACE DE L'HORLOGE,43.71846,4.32304,Plein jour,En agglomération,Place,Normale,Autre collision,,,,,,,,,,,1,2,7,1.0,6
201300008515,0013-03-28 08:00:00,13,3,28,8,0,300,341,,43.70457,4.25965,Plein jour,Hors agglomération,Hors intersection,Pluie forte,Deux véhicules - frontale,,,,,,,,,,,1,1,1,3.0,1
201300008516,0013-04-29 14:15:00,13,4,29,14,15,300,341,rue Moulin d'Etienne,43.6957,4.27127,Plein jour,En agglomération,Hors intersection,Pluie légère,Autre collision,,,,,,,,,,,1,2,1,2.0,6
201300008517,0013-05-26 13:00:00,13,5,26,13,0,300,344,Rue de Verg?ze,43.73448,4.21987,Plein jour,En agglomération,Hors intersection,Normale,Deux véhicules - côté,,,,,,,,,,,1,2,1,1.0,3
201300008518,0013-06-01 17:30:00,13,6,1,17,30,300,347,,43.74741,4.2558,Plein jour,Hors agglomération,Giratoire,Vent fort / tempête,Autre collision,,,,,,,,,,,1,1,6,6.0,6
201300008519,0013-06-02 14:45:00,13,6,2,14,45,300,347,,43.71532,4.2744,Plein jour,Hors agglomération,Hors intersection,Normale,Deux véhicules - frontale,,,,,,,,,,,1,1,1,1.0,1
201300008520,0013-06-05 13:15:00,13,6,5,13,15,300,169,chemin des creux,43.78471,4.30481,Plein jour,En agglomération,Hors intersection,Normale,Sans collision,,,,,,,,,,,1,2,1,1.0,7
201300008521,0013-06-10 22:30:00,13,6,10,22,30,300,6,,43.6782,4.19026,Nuit avec éclairage allumé,Hors agglomération,Hors intersection,Normale,Sans collision,,,,,,,,,,,5,1,1,1.0,7
201300008522,0013-06-15 18:15:00,13,6,15,18,15,300,83,,43.71022,4.22908,Plein jour,Hors agglomération,Intersection en X,Normale,Deux véhicules - côté,,,,,,,,,,,1,1,2,1.0,3
201300008523,0013-06-23 16:45:00,13,6,23,16,45,300,185,,43.72794,4.21268,Plein jour,Hors agglomération,Hors intersection,Normale,Deux véhicules - côté,,,,,,,,,,,1,1,1,1.0,3
201300008524,0013-07-03 18:45:00,13,7,3,18,45,300,169,,43.78336,4.29882,Plein jour,Hors agglomération,Hors intersection,Normale,Deux véhicules - arrière,,,,,,,,,,,1,1,1,1.0,2
201300008525,0013-07-07 03:45:00,13,7,7,3,45,300,347,,43.73265,4.2744,Nuit sans éclairage public,Hors agglomération,Hors intersection,Normale,Autre collision,,,,,,,,,,,3,1,1,1.0,6
201300008526,0013-07-07 03:30:00,13,7,7,3,30,300,333,,43.73867,4.28798,Nuit sans éclairage public,Hors agglomération,Hors intersection,Normale,Sans collision,,,,,,,,,,,3,1,1,1.0,7
201300008527,0013-07-17 06:15:00,13,7,17,6,15,300,36,,43.76173,4.2796,Crépuscule ou aube,Hors agglomération,Hors intersection,Normale,Deux véhicules - frontale,,,,,,,,,,,2,1,1,1.0,1
201300008528,0013-08-01 02:45:00,13,8,1,2,45,300,4,,43.71595,4.20156,Nuit sans éclairage public,Hors agglomération,Hors intersection,Normale,Autre collision,,,,,,,,,,,3,1,1,1.0,6
201300008529,0013-08-10 14:15:00,13,8,10,14,15,300,169,,43.78865,4.31799,Plein jour,Hors agglomération,Hors intersection,Temps éblouissant,Trois véhicules et plus - collisions multiples,,,,,,,,,,,1,1,1,7.0,5
201300008530,0013-08-10 11:30:00,13,8,10,11,30,300,344,,43.73282,4.23169,Plein jour,Hors agglomération,Hors intersection,Normale,Deux véhicules - arrière,,,,,,,,,,,1,1,1,1.0,2
201300008531,0013-08-24 15:30:00,13,8,24,15,30,300,6,,43.6945,4.16809,Plein jour,Hors agglomération,Hors intersection,Normale,Deux véhicules - frontale,,,,,,,,,,,1,1,1,1.0,1
201300008532,0013-08-28 19:00:00,13,8,28,19,0,300,4,,43.706,4.19125,Plein jour,Hors agglomération,Giratoire,Normale,Deux véhicules - arrière,,,,,,,,,,,1,1,6,1.0,2
201300008533,0013-09-03 12:45:00,13,9,3,12,45,300,341,,43.71604,4.28421,Plein jour,Hors agglomération,Hors intersection,Normale,Autre collision,,,,,,,,,,,1,1,1,1.0,6
201300008534,0013-09-18 17:00:00,13,9,18,17,0,300,344,,43.69923,4.20502,Plein jour,Hors agglomération,Hors intersection,Normale,Deux véhicules - côté,,,,,,,,,,,1,1,1,1.0,3
201300008535,0013-09-30 08:30:00,13,9,30,8,30,300,83,,43.732,4.21137,Plein jour,Hors agglomération,Hors intersection,Normale,Deux véhicules - frontale,,,,,,,,,,,1,1,1,1.0,1
201300008536,0013-10-20 19:00:00,13,10,20,19,0,300,347,,43.72095,4.26944,Crépuscule ou aube,Hors agglomération,Hors intersection,Pluie légère,Deux véhicules - frontale,,,,,,,,,,,2,1,1,2.0,1
201300008537,0013-11-15 08:15:00,13,11,15,8,15,300,276,,43.64172,4.19531,Plein jour,Hors agglomération,Hors intersection,Normale,Autre collision,,,,,,,,,,,1,1,1,1.0,6
201300008538,0013-11-23 07:15:00,13,11,23,7,15,300,59,,43.68765,4.21982,Plein jour,Hors agglomération,Hors intersection,Normale,Autre collision,,,,,,,,,,,1,1,1,1.0,6
201300008539,0013-11-28 13:00:00,13,11,28,13,0,300,4,,43.71684,4.20227,Plein jour,Hors agglomération,Hors intersection,Normale,Autre collision,,,,,,,,,,,1,1,1,1.0,6
201300008540,0013-12-13 18:45:00,13,12,13,18,45,300,341,avenue maurice privat,43.69015,4.2747,Crépuscule ou aube,En agglomération,Hors intersection,Normale,Autre collision,,,,,,,,,,,2,2,1,1.0,6
201300008541,0013-12-26 05:15:00,13,12,26,5,15,300,344,,43.73313,4.22312,Nuit sans éclairage public,Hors agglomération,Hors intersection,Normale,Autre collision,,,,,,,,,,,3,1,1,1.0,6
201300008542,0013-03-14 15:00:00,13,3,14,15,0,300,214,,44.05104,4.09591,Plein jour,Hors agglomération,Hors intersection,Pluie légère,Autre collision,,,,,,,,,,,1,1,1,2.0,6
201300008543,0013-03-26 12:00:00,13,3,26,12,0,300,214,,44.038,4.08985,Plein jour,Hors agglomération,Hors intersection,Normale,Autre collision,,,,,,,,,,,1,1,1,1.0,6
201300008544,0013-04-14 01:00:00,13,4,14,1,0,300,330,,44.01551,3.99433,Nuit sans éclairage public,Hors agglomération,Hors intersection,Normale,Trois véhicules et plus - collisions multiples,,,,,,,,,,,3,1,1,1.0,5
201300008545,0013-05-25 00:15:00,13,5,25,0,15,300,42,,44.0659,4.03034,Nuit sans éclairage public,Hors agglomération,Hors intersection,Normale,Deux véhicules - arrière,,,,,,,,,,,3,1,1,1.0,2
201300008546,0013-06-02 12:45:00,13,6,2,12,45,300,330,,44.0112,3.99108,Plein jour,Hors agglomération,Hors intersection,Normale,Deux véhicules - côté,,,,,,,,,,,1,1,1,1.0,3
201300008547,0013-06-22 03:15:00,13,6,22,3,15,300,330,RD 907,44.03766,4.00056,Nuit sans éclairage public,En agglomération,Hors intersection,Normale,Deux véhicules - frontale,,,,,,,,,,,3,2,1,1.0,1
201300008548,0013-06-24 15:45:00,13,6,24,15,45,300,269,,44.12536,3.90158,Plein jour,Hors agglomération,Hors intersection,Normale,Deux véhicules - frontale,,,,,,,,,,,1,1,1,1.0,1
201300008549,0013-07-26 11:00:00,13,7,26,11,0,300,269,,44.09495,3.9147,Plein jour,Hors agglomération,Passage à niveau,Normale,Sans collision,,,,,,,,,,,1,1,8,1.0,7
201300008550,0013-08-06 02:30:00,13,8,6,2,30,300,329,,44.07658,3.9288,Nuit sans éclairage public,Hors agglomération,Hors intersection,Normale,Sans collision,,,,,,,,,,,3,1,1,1.0,7
201300008551,0013-10-07 08:00:00,13,10,7,8,0,300,94,,44.07194,3.95335,Plein jour,Hors agglomération,Hors intersection,Normale,Trois véhicules et plus - collisions multiples,,,,,,,,,,,1,1,1,1.0,5
201300008552,0013-12-14 21:15:00,13,12,14,21,15,300,10,,44.03967,3.96001,Nuit sans éclairage public,Hors agglomération,Hors intersection,Normale,Autre collision,,,,,,,,,,,3,1,1,1.0,6
201300008553,0013-12-28 19:15:00,13,12,28,19,15,300,330,,44.01684,3.99276,Nuit sans éclairage public,Hors agglomération,Hors intersection,Pluie légère,Deux véhicules - frontale,,,,,,,,,,,3,1,1,2.0,1
201300008554,0013-01-06 15:45:00,13,1,6,15,45,300,239,,44.24558,3.9852,Plein jour,Hors agglomération,Hors intersection,Normale,Trois véhicules et plus - collisions multiples,,,,,,,,,,,1,1,1,1.0,5
201300008555,0013-08-13 17:45:00,13,8,13,17,45,300,132,,44.23055,4.05455,Plein jour,Hors agglomération,Autre intersection,Normale,Deux véhicules - côté,,,,,,,,,,,1,1,9,1.0,3
201300008556,0013-09-08 15:00:00,13,9,8,15,0,300,203,RD 906,44.2704,4.02142,Plein jour,En agglomération,Hors intersection,Pluie légère,Sans collision,,,,,,,,,,,1,2,1,2.0,7
201300008557,0013-01-12 18:00:00,13,1,12,18,0,300,173,,44.13443,4.17152,Nuit avec éclairage allumé,Hors agglomération,Hors intersection,Normale,Autre collision,,,,,,,,,,,5,1,1,1.0,6
201300008558,0013-02-12 17:45:00,13,2,12,17,45,300,77,CD 916 la blaqui?re,,,Crépuscule ou aube,En agglomération,Hors intersection,Normale,Deux véhicules - côté,,,,,,,,,,,2,2,1,1.0,3
201300008559,0013-05-27 17:30:00,13,5,27,17,30,300,77,,44.15899,4.05714,Plein jour,Hors agglomération,Hors intersection,Normale,Deux véhicules - côté,,,,,,,,,,,1,1,1,1.0,3
201300008560,0013-07-08 16:30:00,13,7,8,16,30,300,294,,44.16097,4.11986,Plein jour,Hors agglomération,Hors intersection,Normale,Sans collision,,,,,,,,,,,1,1,1,1.0,7
201300008561,0013-07-23 18:30:00,13,7,23,18,30,300,270,,44.11654,4.0529,Plein jour,Hors agglomération,Hors intersection,Normale,Trois véhicules et plus - collisions multiples,,,,,,,,,,,1,1,1,1.0,5
201300008562,0013-08-01 18:00:00,13,8,1,18,0,300,305,,44.16007,4.12836,Plein jour,Hors agglomération,Hors intersection,Normale,Deux véhicules - côté,,,,,,,,,,,1,1,1,1.0,3
201300008563,0013-08-09 15:00:00,13,8,9,15,0,300,318,,44.13997,4.18397,Crépuscule ou aube,Hors agglomération,Hors intersection,Normale,Deux véhicules - côté,,,,,,,,,,,2,1,1,1.0,3
201300008564,0013-09-13 16:45:00,13,9,13,16,45,300,305,,44.14802,4.16296,Plein jour,Hors agglomération,Hors intersection,Normale,Deux véhicules - frontale,,,,,,,,,,,1,1,1,1.0,1
201300008565,0013-09-27 16:15:00,13,9,27,16,15,300,223,,44.18845,4.12947,Plein jour,Hors agglomération,Hors intersection,Normale,Deux véhicules - côté,,,,,,,,,,,1,1,1,1.0,3
201300008566,0013-10-05 11:30:00,13,10,5,11,30,300,294,,44.16548,4.12814,Plein jour,Hors agglomération,Hors intersection,Normale,Deux véhicules - côté,,,,,,,,,,,1,1,1,1.0,3
201300008567,0013-10-07 12:15:00,13,10,7,12,15,300,284,,,,Plein jour,Hors agglomération,Hors intersection,Normale,Sans collision,,,,,,,,,,,1,1,1,1.0,7
201300008568,0013-10-31 01:00:00,13,10,31,1,0,300,274,,44.1659,4.0999,Nuit sans éclairage public,Hors agglomération,Hors intersection,Normale,Sans collision,,,,,,,,,,,3,1,1,1.0,7
201300008569,0013-11-13 20:15:00,13,11,13,20,15,300,223,,44.19307,4.13199,Nuit sans éclairage public,Hors agglomération,Hors intersection,Normale,Autre collision,,,,,,,,,,,3,1,1,1.0,6
201300008570,0013-11-17 18:45:00,13,11,17,18,45,300,173,,44.13138,4.15671,Nuit sans éclairage public,Hors agglomération,Hors intersection,Pluie légère,Deux véhicules - arrière,,,,,,,,,,,3,1,1,2.0,2
201300008571,0013-02-18 13:15:00,13,2,18,13,15,300,146,,43.98336,4.1147,Plein jour,Hors agglomération,Hors intersection,Pluie légère,Autre collision,,,,,,,,,,,1,1,1,2.0,6
201300008572,0013-03-16 18:45:00,13,3,16,18,45,300,2,,43.96982,4.10086,Nuit sans éclairage public,Hors agglomération,Hors intersection,Pluie légère,Autre collision,,,,,,,,,,,3,1,1,2.0,6
201300008573,0013-04-24 15:30:00,13,4,24,15,30,300,46,70 rue de la Plaine,43.99538,4.18412,Plein jour,En agglomération,Hors intersection,Normale,Deux véhicules - côté,,,,,,,,,,,1,2,1,1.0,3
201300008574,0013-05-04 11:00:00,13,5,4,11,0,300,348,CD936/CHEMIN DE LA PIOLE,44.05015,4.13536,Plein jour,En agglomération,Intersection en T,Normale,Deux véhicules - côté,,,,,,,,,,,1,2,3,1.0,3
201300008575,0013-05-08 19:15:00,13,5,8,19,15,300,348,,44.04848,4.14797,Plein jour,Hors agglomération,Giratoire,Normale,Deux véhicules - côté,,,,,,,,,,,1,1,6,1.0,3
201300008576,0013-05-08 21:45:00,13,5,8,21,45,300,46,,43.99662,4.18806,Nuit sans éclairage public,Hors agglomération,Hors intersection,Normale,Deux véhicules - frontale,,,,,,,,,,,3,1,1,1.0,1
201300008577,0013-06-09 05:30:00,13,6,9,5,30,300,160,,44.00692,4.13766,Crépuscule ou aube,Hors agglomération,Hors intersection,Temps couvert,Autre collision,,,,,,,,,,,2,1,1,8.0,6
201300008578,0013-08-03 15:45:00,13,8,3,15,45,300,146,"47, grand Rue",43.98818,4.10693,Plein jour,En agglomération,Hors intersection,Normale,Deux véhicules - frontale,,,,,,,,,,,1,2,1,1.0,1
201300008579,0013-08-21 15:15:00,13,8,21,15,15,300,2,,43.957,4.09924,Plein jour,Hors agglomération,Hors intersection,Normale,Deux véhicules - côté,,,,,,,,,,,1,1,1,1.0,3
201300008580,0013-10-16 17:45:00,13,10,16,17,45,300,259,Route de N?mes,44.09493,4.10726,Plein jour,En agglomération,Hors intersection,Normale,Deux véhicules - frontale,,,,,,,,,,,1,2,1,1.0,1
201300008581,0013-11-19 16:00:00,13,11,19,16,0,300,2,,43.96927,4.10095,Plein jour,Hors agglomération,Hors intersection,Pluie légère,Trois véhicules et plus - collisions multiples,,,,,,,,,,,1,1,1,2.0,5
201300008582,0013-12-29 15:30:00,13,12,29,15,30,300,2,,43.96218,4.09834,Plein jour,Hors agglomération,Hors intersection,Normale,Deux véhicules - arrière,,,,,,,,,,,1,1,1,1.0,2
201300008583,0013-02-22 15:45:00,13,2,22,15,45,300,153,Lieu dit Le Faget,44.42313,4.03794,Plein jour,En agglomération,Hors intersection,Normale,Sans collision,,,,,,,,,,,1,2,1,1.0,7
201300008584,0013-04-07 16:00:00,13,4,7,16,0,300,90,RD 906,44.38455,3.93948,Plein jour,En agglomération,Hors intersection,Normale,Autre collision,,,,,,,,,,,1,2,1,1.0,6
201300008585,0013-07-20 17:30:00,13,7,20,17,30,300,345,la tavernole,44.28213,3.99634,Plein jour,En agglomération,Hors intersection,Normale,Deux véhicules - côté,,,,,,,,,,,1,2,1,1.0,3
201300008586,0013-08-08 11:00:00,13,8,8,11,0,300,345,,44.27109,4.01734,Plein jour,Hors agglomération,Hors intersection,Pluie légère,Deux véhicules - côté,,,,,,,,,,,1,1,1,2.0,3
201300008587,0013-08-16 09:45:00,13,8,16,9,45,300,44,,44.36258,4.04179,Plein jour,Hors agglomération,Hors intersection,Normale,Autre collision,,,,,,,,,,,1,1,1,1.0,6
201300008588,0013-11-28 16:00:00,13,11,28,16,0,300,130,,44.3408,3.94965,Plein jour,Hors agglomération,Hors intersection,Normale,Sans collision,,,,,,,,,,,1,1,1,1.0,7
201300008589,0013-01-08 14:15:00,13,1,8,14,15,300,227,rue docteur bastide,44.2596,4.19546,Plein jour,En agglomération,Hors intersection,Normale,Autre collision,,,,,,,,,,,1,2,1,1.0,6
201300008590,0013-01-08 14:15:00,13,1,8,14,15,300,152,,44.2172,4.17464,Plein jour,Hors agglomération,Hors intersection,Normale,Autre collision,,,,,,,,,,,1,1,1,1.0,6
201300008591,0013-02-04 19:45:00,13,2,4,19,45,300,37,05 RUE PAUL VERMALE,44.28686,4.10569,Nuit avec éclairage allumé,En agglomération,Hors intersection,Normale,Sans collision,,,,,,,,,,,5,2,1,1.0,7
201300008592,0013-02-23 09:15:00,13,2,23,9,15,300,204,,44.23029,4.22206,Nuit avec éclairage non allumé,Hors agglomération,Hors intersection,Normale,Autre collision,,,,,,,,,,,4,1,1,1.0,6
201300008593,0013-04-22 17:45:00,13,4,22,17,45,300,8,,44.21042,4.25561,Plein jour,Hors agglomération,Hors intersection,Normale,Deux véhicules - frontale,,,,,,,,,,,1,1,1,1.0,1
201300008594,0013-05-28 21:00:00,13,5,28,21,0,300,152,,44.22294,4.16174,Crépuscule ou aube,Hors agglomération,Hors intersection,Pluie légère,Trois véhicules et plus - collisions multiples,,,,,,,,,,,2,1,1,2.0,5
201300008595,0013-06-11 13:15:00,13,6,11,13,15,300,167,,44.27164,4.18518,Plein jour,Hors agglomération,Hors intersection,Normale,Autre collision,,,,,,,,,,,1,1,1,1.0,6
201300008596,0013-06-26 18:15:00,13,6,26,18,15,300,152,Avenue du Moulin,44.22924,4.1674,Plein jour,En agglomération,Hors intersection,Normale,Autre collision,,,,,,,,,,,1,2,1,1.0,6
201300008597,0013-07-03 17:00:00,13,7,3,17,0,300,227,"20 Route d'Uzes, RD 37",44.25042,4.19974,Plein jour,En agglomération,Hors intersection,Normale,Deux véhicules - frontale,,,,,,,,,,,1,2,1,1.0,1
201300008598,0013-08-01 18:15:00,13,8,1,18,15,300,8,,44.22883,4.22551,Plein jour,Hors agglomération,Hors intersection,Normale,Deux véhicules - frontale,,,,,,,,,,,1,1,1,1.0,1
201300008599,0013-08-21 08:00:00,13,8,21,8,0,300,227,ROUTE D'ALES,44.24975,4.18128,Plein jour,En agglomération,Hors intersection,Normale,Deux véhicules - frontale,,,,,,,,,,,1,2,1,1.0,1
201300008600,0013-09-22 05:00:00,13,9,22,5,0,300,237,,44.29306,4.18264,Nuit sans éclairage public,Hors agglomération,Hors intersection,Normale,Autre collision,,,,,,,,,,,3,1,1,1.0,6
201300008601,0013-10-02 09:45:00,13,10,2,9,45,300,227,faubourg du paradis,44.2665,4.1979,Plein jour,En agglomération,Hors intersection,Normale,Autre collision,,,,,,,,,,,1,2,1,1.0,6
201300008602,0013-10-19 09:00:00,13,10,19,9,0,300,48,,44.13107,4.31837,Plein jour,Hors agglomération,Hors intersection,Pluie légère,Deux véhicules - côté,,,,,,,,,,,1,1,1,2.0,3
201300008603,0013-10-26 17:15:00,13,10,26,17,15,300,164,,44.22714,4.36358,Plein jour,Hors agglomération,Hors intersection,Normale,Deux véhicules - côté,,,,,,,,,,,1,1,1,1.0,3
201300008604,0013-12-01 15:15:00,13,12,1,15,15,300,187,,44.14814,4.24554,Plein jour,Hors agglomération,Hors intersection,Normale,Autre collision,,,,,,,,,,,1,1,1,1.0,6
201300008605,0013-12-06 00:01:00,13,12,6,0,1,300,227,,44.27164,4.19151,Nuit sans éclairage public,Hors agglomération,Hors intersection,Normale,Autre collision,,,,,,,,,,,3,1,1,1.0,6
201300008606,0013-01-27 18:15:00,13,1,27,18,15,300,286,,43.98696,4.4499,Plein jour,Hors agglomération,Hors intersection,Pluie légère,Deux véhicules - frontale,,,,,,,,,,,1,1,1,2.0,1
201300008607,0013-02-22 19:15:00,13,2,22,19,15,300,319,,44.03865,4.32001,Nuit sans éclairage public,Hors agglomération,Autre intersection,Normale,Deux véhicules - frontale,,,,,,,,,,,3,1,9,1.0,1
201300008608,0013-03-16 05:15:00,13,3,16,5,15,300,295,chemin de Montaren,44.04572,4.43256,Nuit avec éclairage allumé,En agglomération,Hors intersection,Normale,Autre collision,,,,,,,,,,,5,2,1,1.0,6
201300008609,0013-04-07 22:30:00,13,4,7,22,30,300,338,,44.1318,4.3686,Nuit sans éclairage public,Hors agglomération,Hors intersection,Normale,Autre collision,,,,,,,,,,,3,1,1,1.0,6
201300008610,0013-06-04 12:45:00,13,6,4,12,45,300,41,,43.95629,4.38226,Plein jour,Hors agglomération,Hors intersection,Normale,Sans collision,,,,,,,,,,,1,1,1,1.0,7
201300008611,0013-06-05 11:45:00,13,6,5,11,45,300,334,ZI Pont des Charettes,43.99474,4.42403,Plein jour,En agglomération,Hors intersection,Normale,Autre collision,,,,,,,,,,,1,2,1,1.0,6
201300008612,0013-06-07 11:45:00,13,6,7,11,45,300,1,,44.05115,4.34345,Plein jour,Hors agglomération,Hors intersection,Normale,Deux véhicules - côté,,,,,,,,,,,1,1,1,1.0,3
201300008613,0013-06-11 07:45:00,13,6,11,7,45,300,151,,44.1398,4.35631,Plein jour,Hors agglomération,Hors intersection,Normale,Autre collision,,,,,,,,,,,1,1,1,1.0,6
201300008614,0013-06-10 11:45:00,13,6,10,11,45,300,334,,44.04097,4.40702,Plein jour,Hors agglomération,Intersection en X,Normale,Deux véhicules - côté,,,,,,,,,,,1,1,2,1.0,3
201300008615,0013-06-22 00:15:00,13,6,22,0,15,300,334,,44.02666,4.47017,Nuit sans éclairage public,Hors agglomération,Hors intersection,Normale,Autre collision,,,,,,,,,,,3,1,1,1.0,6
201300008616,0013-06-29 12:45:00,13,6,29,12,45,300,334,liberation (av),,,Plein jour,En agglomération,Hors intersection,Normale,Autre collision,,,,,,,,,,,1,2,1,1.0,6
201300008617,0013-07-14 13:45:00,13,7,14,13,45,300,308,,43.9831,4.41286,Plein jour,Hors agglomération,Hors intersection,Normale,Sans collision,,,,,,,,,,,1,1,1,1.0,7
201300008618,0013-07-17 20:15:00,13,7,17,20,15,300,334,,43.99975,4.39879,Plein jour,Hors agglomération,Hors intersection,Pluie légère,Autre collision,,,,,,,,,,,1,1,1,2.0,6
201300008619,0013-07-21 09:00:00,13,7,21,9,0,300,41,,43.9543,4.38019,Plein jour,Hors agglomération,Hors intersection,Normale,Autre collision,,,,,,,,,,,1,1,1,1.0,6
201300008620,0013-07-20 10:30:00,13,7,20,10,30,300,334,,44.02104,4.43724,Plein jour,Hors agglomération,Hors intersection,Normale,Sans collision,,,,,,,,,,,1,1,1,1.0,7
201300008621,0013-08-03 17:15:00,13,8,3,17,15,300,30,CD 981 PK 17+410,44.05421,4.28557,Plein jour,En agglomération,Hors intersection,Normale,Deux véhicules - frontale,,,,,,,,,,,1,2,1,1.0,1
201300008622,0013-08-05 06:30:00,13,8,5,6,30,300,174,,44.05598,4.40112,Crépuscule ou aube,Hors agglomération,Hors intersection,Normale,Trois véhicules et plus - collisions multiples,,,,,,,,,,,2,1,1,1.0,5
201300008623,0013-12-12 20:00:00,13,12,12,20,0,300,337,,44.05304,4.46529,Nuit sans éclairage public,Hors agglomération,Hors intersection,Normale,Sans collision,,,,,,,,,,,3,1,1,1.0,7
201300008624,0013-03-12 21:00:00,13,3,12,21,0,300,202,CHEMIN DE CRUSSOL,,,Nuit avec éclairage allumé,En agglomération,Hors intersection,Normale,Sans collision,,,,,,,,,,,5,2,1,1.0,7
201300008625,0013-05-30 11:15:00,13,5,30,11,15,300,287,,44.19811,4.53844,Plein jour,Hors agglomération,Hors intersection,Normale,Deux véhicules - côté,,,,,,,,,,,1,1,1,1.0,3
201300008626,0013-06-07 11:15:00,13,6,7,11,15,300,202,avenue Kennedy,44.25643,4.64757,Plein jour,En agglomération,Hors intersection,Normale,Autre collision,,,,,,,,,,,1,2,1,1.0,6
201300008627,0013-06-08 15:15:00,13,6,8,15,15,300,202,654 Rue d'Uz?s,44.26049,4.6391,Plein jour,En agglomération,Hors intersection,Pluie légère,Deux véhicules - frontale,,,,,,,,,,,1,2,1,2.0,1
201300008628,0013-06-30 09:30:00,13,6,30,9,30,300,143,,44.2966,4.52384,Plein jour,Hors agglomération,Hors intersection,Normale,Autre collision,,,,,,,,,,,1,1,1,1.0,6
201300008629,0013-06-30 16:30:00,13,6,30,16,30,300,226,,44.22151,4.63351,Plein jour,Hors agglomération,Hors intersection,Normale,Autre collision,,,,,,,,,,,1,1,1,1.0,6
201300008630,0013-07-15 10:30:00,13,7,15,10,30,300,5,,44.29578,4.5558,Plein jour,Hors agglomération,Hors intersection,Normale,Deux véhicules - frontale,,,,,,,,,,,1,1,1,1.0,1
201300008631,0013-07-19 21:30:00,13,7,19,21,30,300,304,,44.27012,4.53478,Crépuscule ou aube,Hors agglomération,Hors intersection,Normale,Autre collision,,,,,,,,,,,2,1,1,1.0,6
201300008632,0013-08-21 09:45:00,13,8,21,9,45,300,202,,44.27939,4.62058,Plein jour,Hors agglomération,Hors intersection,Normale,Deux véhicules - frontale,,,,,,,,,,,1,1,1,1.0,1
201300008633,0013-08-22 17:00:00,13,8,22,17,0,300,251,,44.15794,4.71398,Plein jour,Hors agglomération,Hors intersection,Normale,Autre collision,,,,,,,,,,,1,1,1,1.0,6
201300008634,0013-08-31 16:00:00,13,8,31,16,0,300,256,,44.18046,4.57752,Plein jour,Hors agglomération,Intersection en T,Normale,Deux véhicules - côté,,,,,,,,,,,1,1,3,1.0,3
201300008635,0013-09-10 14:15:00,13,9,10,14,15,300,96,,44.21155,4.51411,Plein jour,Hors agglomération,Hors intersection,Normale,Deux véhicules - arrière,,,,,,,,,,,1,1,1,1.0,2
201300008636,0013-10-19 23:00:00,13,10,19,23,0,300,290,,44.26295,4.5971,Nuit avec éclairage allumé,Hors agglomération,Hors intersection,Normale,Deux véhicules - côté,,,,,,,,,,,5,1,1,1.0,3