accident_id,datetime,annee,mois,jour,heure,minute,departement,commune_insee,adresse,latitude,longitude,luminosite,agglomeration,intersection,meteo,collision,nb_vehicules,nb_usagers,nb_indemnes,nb_tues,nb_blesses_hosp,nb_blesses_legers,age_cond_1,age_cond_2,veh_type_cond_1,veh_type_cond_2,lum_code,agg_code,int_code,atm_code,col_code
201300008637,0013-10-28 18:00:00,13,10,28,18,0,300,202,CD 6086,44.26541,4.63871,Nuit avec éclairage allumé,En agglomération,Hors intersection,Normale,Autre collision,,,,,,,,,,,5,2,1,1.0,6
201300008638,0013-11-30 02:45:00,13,11,30,2,45,300,230,,44.24013,4.41558,Nuit sans éclairage public,Hors agglomération,Hors intersection,Autre,Autre collision,,,,,,,,,,,3,1,1,9.0,6
201300008639,0013-11-30 18:15:00,13,11,30,18,15,300,70,"CD 306, CARSAN OUEST",44.24081,4.59487,Nuit sans éclairage public,En agglomération,Hors intersection,Vent fort / tempête,Autre collision,,,,,,,,,,,3,2,1,6.0,6
201300008640,0013-12-20 22:00:00,13,12,20,22,0,300,202,39 Av Gaston Doumergue,44.25462,4.64344,Nuit avec éclairage allumé,En agglomération,Hors intersection,Pluie légère,Autre collision,,,,,,,,,,,5,2,1,2.0,6
201300008641,0013-02-12 19:30:00,13,2,12,19,30,300,145,,43.889,4.5463,Nuit avec éclairage non allumé,Hors agglomération,Hors intersection,Normale,Deux véhicules - frontale,,,,,,,,,,,4,1,1,1.0,1
201300008642,0013-03-12 17:45:00,13,3,12,17,45,300,328,,43.9008,4.68684,Plein jour,Hors agglomération,Hors intersection,Normale,Deux véhicules - frontale,,,,,,,,,,,1,1,1,1.0,1
201300008643,0013-04-20 14:30:00,13,4,20,14,30,300,85,,,,Plein jour,Hors agglomération,Hors intersection,Pluie légère,Deux véhicules - frontale,,,,,,,,,,,1,1,1,2.0,1
201300008644,0013-06-24 14:00:00,13,6,24,14,0,300,89,,43.84266,4.62136,Plein jour,Hors agglomération,Hors intersection,Vent fort / tempête,Trois véhicules et plus - collisions multiples,,,,,,,,,,,1,1,1,6.0,5
201300008645,0013-07-06 10:00:00,13,7,6,10,0,300,212,,43.93876,4.56174,Plein jour,En agglomération,Hors intersection,Normale,Autre collision,,,,,,,,,,,1,2,1,1.0,6
201300008646,0013-07-14 19:45:00,13,7,14,19,45,300,85,237 ROUTE D UZES,43.95608,4.48093,Plein jour,En agglomération,Hors intersection,Normale,Autre collision,,,,,,,,,,,1,2,1,1.0,6
201300008647,0013-07-17 09:45:00,13,7,17,9,45,300,107,,43.95226,4.64221,Plein jour,Hors agglomération,Hors intersection,Normale,Deux véhicules - frontale,,,,,,,,,,,1,1,1,1.0,1
201300008648,0013-09-29 11:00:00,13,9,29,11,0,300,116,,43.93947,4.59379,Nuit sans éclairage public,Hors agglomération,Hors intersection,Pluie légère,Autre collision,,,,,,,,,,,3,1,1,2.0,6
201300008649,0013-11-27 16:45:00,13,11,27,16,45,300,103,,43.95233,4.66529,Plein jour,Hors agglomération,Hors intersection,Normale,Autre collision,,,,,,,,,,,1,1,1,1.0,6
201300008650,0013-12-08 18:15:00,13,12,8,18,15,300,212,D?partementale 6101,43.94155,4.52275,Nuit sans éclairage public,En agglomération,Autre intersection,Normale,Autre collision,,,,,,,,,,,3,2,9,1.0,6
201300008651,0013-12-14 23:30:00,13,12,14,23,30,300,346,D227,43.96513,4.52817,Nuit sans éclairage public,En agglomération,Hors intersection,Normale,Autre collision,,,,,,,,,,,3,2,1,1.0,6
201300008652,0013-02-12 18:30:00,13,2,12,18,30,300,254,,44.05513,4.76035,Nuit sans éclairage public,Hors agglomération,Hors intersection,Normale,Deux véhicules - côté,,,,,,,,,,,3,1,1,1.0,3
201300008653,0013-02-17 20:15:00,13,2,17,20,15,300,326,,44.00165,4.71326,Nuit sans éclairage public,Hors agglomération,Hors intersection,Normale,Sans collision,,,,,,,,,,,3,1,1,1.0,7
201300008654,0013-03-10 01:00:00,13,3,10,1,0,300,209,,44.01309,4.75313,Plein jour,Hors agglomération,Hors intersection,Normale,Autre collision,,,,,,,,,,,1,1,1,1.0,6
201300008655,0013-03-17 14:30:00,13,3,17,14,30,300,209,,43.98693,4.77573,Plein jour,Hors agglomération,Hors intersection,Pluie légère,Autre collision,,,,,,,,,,,1,1,1,2.0,6
201300008656,0013-03-22 08:00:00,13,3,22,8,0,300,221,,44.06739,4.76825,Plein jour,Hors agglomération,Hors intersection,Normale,Deux véhicules - arrière,,,,,,,,,,,1,1,1,1.0,2
201300008657,0013-03-28 10:00:00,13,3,28,10,0,300,221,,44.05521,4.75977,Plein jour,Hors agglomération,Hors intersection,Pluie légère,Deux véhicules - côté,,,,,,,,,,,1,1,1,2.0,3
201300008658,0013-05-08 13:45:00,13,5,8,13,45,300,278,,44.0619,4.70864,Plein jour,Hors agglomération,Hors intersection,Normale,Deux véhicules - arrière,,,,,,,,,,,1,1,1,1.0,2
201300008659,0013-06-21 04:15:00,13,6,21,4,15,300,315,,43.94907,4.69872,Nuit sans éclairage public,Hors agglomération,Hors intersection,Normale,Sans collision,,,,,,,,,,,3,1,1,1.0,7
201300008660,0013-07-14 17:15:00,13,7,14,17,15,300,315,,43.94672,4.68219,Plein jour,Hors agglomération,Hors intersection,Normale,Sans collision,,,,,,,,,,,1,1,1,1.0,7
201300008661,0013-08-24 19:30:00,13,8,24,19,30,300,221,,,,Plein jour,Hors agglomération,Hors intersection,Normale,Deux véhicules - côté,,,,,,,,,,,1,1,1,1.0,3
201300008662,0013-08-31 10:30:00,13,8,31,10,30,300,221,,44.05487,4.76267,Plein jour,Hors agglomération,Hors intersection,Normale,Deux véhicules - frontale,,,,,,,,,,,1,1,1,1.0,1
201300008663,0013-09-05 19:15:00,13,9,5,19,15,300,254,Chemin de Montfaucon,44.06458,4.72574,Plein jour,En agglomération,Hors intersection,Normale,Autre collision,,,,,,,,,,,1,2,1,1.0,6
201300008664,0013-10-20 04:45:00,13,10,20,4,45,300,315,,43.94009,4.7105,Nuit sans éclairage public,Hors agglomération,Hors intersection,Temps couvert,Deux véhicules - frontale,,,,,,,,,,,3,1,1,8.0,1
201300008665,0013-10-22 21:15:00,13,10,22,21,15,300,217,1 boulevard Alber 1er,43.95921,4.73848,Nuit avec éclairage allumé,En agglomération,Hors intersection,Normale,Autre collision,,,,,,,,,,,5,2,1,1.0,6
201300008666,0013-11-07 15:15:00,13,11,7,15,15,300,178,34 Rue des DEUX COMMUNES,44.06475,4.75642,Plein jour,En agglomération,Intersection en Y,Normale,Autre collision,,,,,,,,,,,1,2,4,1.0,6
201300008667,0013-01-20 17:30:00,13,1,20,17,30,300,193,ROUTE DE NIMES,43.87434,4.20556,Crépuscule ou aube,En agglomération,Hors intersection,Temps couvert,Sans collision,,,,,,,,,,,2,2,1,8.0,7
201300008668,0013-01-23 08:15:00,13,1,23,8,15,300,224,,43.92782,4.22601,Plein jour,Hors agglomération,Hors intersection,Pluie forte,Deux véhicules - frontale,,,,,,,,,,,1,1,1,3.0,1
201300008669,0013-02-09 19:45:00,13,2,9,19,45,300,182,,43.85874,4.16999,Nuit sans éclairage public,Hors agglomération,Hors intersection,Normale,Trois véhicules et plus - collisions multiples,,,,,,,,,,,3,1,1,1.0,5
201300008670,0013-03-02 15:00:00,13,3,2,15,0,300,241,,43.95365,4.26878,Plein jour,Hors agglomération,Hors intersection,Normale,Sans collision,,,,,,,,,,,1,1,1,1.0,7
201300008671,0013-04-29 18:00:00,13,4,29,18,0,300,354,,43.94464,4.14271,Plein jour,Hors agglomération,Hors intersection,Pluie légère,Deux véhicules - côté,,,,,,,,,,,1,1,1,2.0,3
201300008672,0013-07-19 18:45:00,13,7,19,18,45,300,228,,43.93861,4.383,Plein jour,Hors agglomération,Hors intersection,Normale,Deux véhicules - frontale,,,,,,,,,,,1,1,1,1.0,1
201300008673,0013-07-25 16:15:00,13,7,25,16,15,300,281,,43.88268,4.18999,Plein jour,Hors agglomération,Hors intersection,Temps éblouissant,Deux véhicules - frontale,,,,,,,,,,,1,1,1,7.0,1
201300008674,0013-12-22 11:00:00,13,12,22,11,0,300,88,,43.86,4.13998,Plein jour,Hors agglomération,Hors intersection,Normale,Deux véhicules - frontale,,,,,,,,,,,1,1,1,1.0,1
201300008675,0013-12-21 23:45:00,13,12,21,23,45,300,228,,43.92443,4.39358,Nuit sans éclairage public,Hors agglomération,Hors intersection,Brouillard / fumée,Deux véhicules - frontale,,,,,,,,,,,3,1,1,5.0,1
201300008676,0013-04-10 14:30:00,13,4,10,14,30,300,350,CD999,43.99083,3.60767,Plein jour,En agglomération,Hors intersection,Normale,Deux véhicules - côté,,,,,,,,,,,1,2,1,1.0,3
201300008677,0013-06-11 18:15:00,13,6,11,18,15,300,350,place du march?,43.99215,3.6064,Plein jour,En agglomération,Hors intersection,Normale,Autre collision,,,,,,,,,,,1,2,1,1.0,6
201300008678,0013-07-09 19:30:00,13,7,9,19,30,300,350,,43.9922,3.60837,Plein jour,Hors agglomération,Hors intersection,Normale,Trois véhicules et plus - collisions multiples,,,,,,,,,,,1,1,1,1.0,5
201300008679,0013-09-01 11:30:00,13,9,1,11,30,300,38,,43.97181,3.51321,Plein jour,Hors agglomération,Hors intersection,Normale,Autre collision,,,,,,,,,,,1,1,1,1.0,6
201300008680,0013-09-14 11:30:00,13,9,14,11,30,300,229,,44.01476,3.68044,Plein jour,Hors agglomération,Hors intersection,Normale,Autre collision,,,,,,,,,,,1,1,1,1.0,6
201300008681,0013-10-26 17:30:00,13,10,26,17,30,300,325,,43.99347,3.68736,Crépuscule ou aube,Hors agglomération,Hors intersection,Pluie légère,Deux véhicules - frontale,,,,,,,,,,,2,1,1,2.0,1
201300008682,0013-11-06 18:15:00,13,11,6,18,15,300,350,RUE DU PONT DE LA CROIX,43.99156,3.62745,Crépuscule ou aube,En agglomération,Hors intersection,Normale,Autre collision,,,,,,,,,,,2,2,1,1.0,6
201300008683,0013-11-08 18:00:00,13,11,8,18,0,300,272,,43.97717,3.68663,Nuit sans éclairage public,Hors agglomération,Hors intersection,Temps couvert,Deux véhicules - côté,,,,,,,,,,,3,1,1,8.0,3
201300008684,0013-12-21 15:00:00,13,12,21,15,0,300,350,cd 999,43.98577,3.60433,Plein jour,En agglomération,Giratoire,Pluie légère,Sans collision,,,,,,,,,,,1,2,6,2.0,7
201300008685,0013-11-24 15:00:00,13,11,24,15,0,300,140,,44.04639,3.87399,Plein jour,Hors agglomération,Hors intersection,Normale,Sans collision,,,,,,,,,,,1,1,1,1.0,7
201300008686,0013-12-01 18:15:00,13,12,1,18,15,300,140,rue de la croisette,44.04366,3.85739,Nuit avec éclairage allumé,En agglomération,Hors intersection,Normale,Autre collision,,,,,,,,,,,5,2,1,1.0,6
201300008687,0013-02-12 20:00:00,13,2,12,20,0,300,349,,43.87655,4.07439,Nuit sans éclairage public,Hors agglomération,Hors intersection,Normale,Sans collision,,,,,,,,,,,3,1,1,1.0,7
201300008688,0013-04-02 11:15:00,13,4,2,11,15,300,58,,43.95009,3.78971,Plein jour,Hors agglomération,Hors intersection,Normale,Autre collision,,,,,,,,,,,1,1,1,1.0,6
201300008689,0013-04-27 13:30:00,13,4,27,13,30,300,349,,43.85451,4.09687,Plein jour,Hors agglomération,Hors intersection,Pluie légère,Trois véhicules et plus - collisions multiples,,,,,,,,,,,1,1,1,2.0,5
201300008690,0013-05-03 09:00:00,13,5,3,9,0,300,263,8 BOULEVARD DES REMPARTS,43.9635,3.85459,Plein jour,En agglomération,Hors intersection,Normale,Autre collision,,,,,,,,,,,1,2,1,1.0,6
201300008691,0013-07-09 11:00:00,13,7,9,11,0,300,93,,43.94851,3.8969,Plein jour,Hors agglomération,Hors intersection,Normale,Trois véhicules et plus - en chaîne,,,,,,,,,,,1,1,1,1.0,4
201300008692,0013-07-24 09:30:00,13,7,24,9,30,300,121,,43.85847,4.01703,Plein jour,Hors agglomération,Hors intersection,Normale,Deux véhicules - côté,,,,,,,,,,,1,1,1,1.0,3
201300008693,0013-08-07 16:00:00,13,8,7,16,0,300,349,CD 999,43.87855,4.06525,Plein jour,En agglomération,Hors intersection,Pluie légère,Sans collision,,,,,,,,,,,1,2,1,2.0,7
201300008694,0013-08-20 10:15:00,13,8,20,10,15,300,93,,43.96302,3.91257,Plein jour,Hors agglomération,Autre intersection,Normale,Deux véhicules - côté,,,,,,,,,,,1,1,9,1.0,3
201300008695,0013-10-28 18:15:00,13,10,28,18,15,300,263,,43.96048,3.90029,Nuit sans éclairage public,Hors agglomération,Hors intersection,Normale,Autre collision,,,,,,,,,,,3,1,1,1.0,6
201300008696,0013-12-01 03:45:00,13,12,1,3,45,300,121,,43.86119,4.01694,Nuit sans éclairage public,Hors agglomération,Hors intersection,Normale,Autre collision,,,,,,,,,,,3,1,1,1.0,6
201300008697,0013-12-14 23:15:00,13,12,14,23,15,300,210,45 avenue des Cevennes,43.9101,4.00232,Nuit avec éclairage allumé,En agglomération,Hors intersection,Normale,Autre collision,,,,,,,,,,,5,2,1,1.0,6
201300008698,0013-12-20 20:30:00,13,12,20,20,30,300,69,,43.84074,3.9941,Nuit sans éclairage public,Hors agglomération,Hors intersection,Normale,Sans collision,,,,,,,,,,,3,1,1,1.0,7
201300008699,0013-04-12 07:30:00,13,4,12,7,30,300,105,rue de l'Eglise,44.06891,3.44572,Crépuscule ou aube,En agglomération,Hors intersection,Normale,Autre collision,,,,,,,,,,,2,2,1,1.0,6
201300008700,0013-08-21 18:00:00,13,8,21,18,0,300,297,,44.09035,3.51554,Plein jour,Hors agglomération,Hors intersection,Normale,Autre collision,,,,,,,,,,,1,1,1,1.0,6
201300008701,0013-11-03 13:30:00,13,11,3,13,30,300,139,,44.12792,3.4111,Plein jour,Hors agglomération,Hors intersection,Temps couvert,Sans collision,,,,,,,,,,,1,1,1,8.0,7
201300008702,0013-04-19 15:00:00,13,4,19,15,0,480,111,,,,Plein jour,Hors agglomération,Hors intersection,Pluie légère,Deux véhicules - frontale,,,,,,,,,,,1,1,1,2.0,1
201300008703,0013-05-18 11:30:00,13,5,18,11,30,480,16,,,,Plein jour,Hors agglomération,Hors intersection,Normale,Deux véhicules - frontale,,,,,,,,,,,1,1,1,1.0,1
201300008704,0013-06-06 16:15:00,13,6,6,16,15,480,42,,,,Plein jour,Hors agglomération,Hors intersection,Normale,Sans collision,,,,,,,,,,,1,1,1,1.0,7
201300008705,0013-06-12 11:45:00,13,6,12,11,45,480,147,Centre Village,,,Plein jour,En agglomération,Hors intersection,Normale,Autre collision,,,,,,,,,,,1,2,1,1.0,6
201300008706,0013-06-23 12:15:00,13,6,23,12,15,480,157,,,,Plein jour,Hors agglomération,Hors intersection,Normale,Sans collision,,,,,,,,,,,1,1,1,1.0,7
201300008707,0013-08-25 17:00:00,13,8,25,17,0,480,16,,44.509,3.46,Plein jour,Hors agglomération,Hors intersection,Normale,Deux véhicules - frontale,,,,,,,,,,,1,1,1,1.0,1
201300008708,0013-09-13 19:00:00,13,9,13,19,0,480,189,,,,Plein jour,Hors agglomération,Intersection en X,Normale,Deux véhicules - côté,,,,,,,,,,,1,1,2,1.0,3
201300008709,0013-09-24 19:30:00,13,9,24,19,30,480,37,,,,Nuit sans éclairage public,Hors agglomération,Hors intersection,Normale,Autre collision,,,,,,,,,,,3,1,1,1.0,6
201300008710,0013-11-04 08:45:00,13,11,4,8,45,480,53,,,,Plein jour,Hors agglomération,Hors intersection,Pluie légère,Sans collision,,,,,,,,,,,1,1,1,2.0,7
201300008711,0013-07-05 18:30:00,13,7,5,18,30,480,82,,,,Plein jour,Hors agglomération,Hors intersection,Normale,Autre collision,,,,,,,,,,,1,1,1,1.0,6
201300008712,0013-10-10 09:45:00,13,10,10,9,45,480,80,,,,Nuit sans éclairage public,Hors agglomération,Hors intersection,Pluie légère,Autre collision,,,,,,,,,,,3,1,1,2.0,6
201300008713,0013-01-24 11:45:00,13,1,24,11,45,480,15,,44.487,3.973,Plein jour,Hors agglomération,Hors intersection,Normale,Sans collision,,,,,,,,,,,1,1,1,1.0,7
201300008714,0013-04-14 14:45:00,13,4,14,14,45,480,135,,44.413,3.936,Plein jour,Hors agglomération,Hors intersection,Normale,Autre collision,,,,,,,,,,,1,1,1,1.0,6
201300008715,0013-05-18 07:15:00,13,5,18,7,15,480,119,,44.546,3.917,Plein jour,Hors agglomération,Hors intersection,Pluie forte,Sans collision,,,,,,,,,,,1,1,1,3.0,7
201300008716,0013-07-09 13:15:00,13,7,9,13,15,480,119,,44.558,3.915,Plein jour,Hors agglomération,Hors intersection,Normale,Sans collision,,,,,,,,,,,1,1,1,1.0,7
201300008717,0013-08-20 18:00:00,13,8,20,18,0,480,4,,44.466,3.886,Plein jour,Hors agglomération,Hors intersection,Normale,Deux véhicules - côté,,,,,,,,,,,1,1,1,1.0,3
201300008718,0013-12-30 18:00:00,13,12,30,18,0,480,135,,44.409,3.935,Nuit sans éclairage public,Hors agglomération,Hors intersection,Normale,Autre collision,,,,,,,,,,,3,1,1,1.0,6
201300008719,0013-04-08 13:45:00,13,4,8,13,45,480,75,,,,Plein jour,Hors agglomération,Hors intersection,Pluie légère,Sans collision,,,,,,,,,,,1,1,1,2.0,7
201300008720,0013-06-08 11:00:00,13,6,8,11,0,480,193,,,,Plein jour,Hors agglomération,Hors intersection,Normale,Autre collision,,,,,,,,,,,1,1,1,1.0,6
201300008721,0013-06-21 12:30:00,13,6,21,12,30,480,166,,,,Plein jour,Hors agglomération,Hors intersection,Normale,Deux véhicules - frontale,,,,,,,,,,,1,1,1,1.0,1
201300008722,0013-06-29 13:15:00,13,6,29,13,15,480,116,,,,Plein jour,Hors agglomération,Hors intersection,Normale,Sans collision,,,,,,,,,,,1,1,1,1.0,7
201300008723,0013-07-03 01:15:00,13,7,3,1,15,480,61,,,,Plein jour,En agglomération,Hors intersection,Pluie légère,Deux véhicules - frontale,,,,,,,,,,,1,2,1,2.0,1
201300008724,0013-07-10 11:30:00,13,7,10,11,30,480,186,,,,Plein jour,Hors agglomération,Hors intersection,Normale,Sans collision,,,,,,,,,,,1,1,1,1.0,7
201300008725,0013-08-01 11:00:00,13,8,1,11,0,480,75,,,,Plein jour,Hors agglomération,Hors intersection,Normale,Sans collision,,,,,,,,,,,1,1,1,1.0,7
201300008726,0013-08-22 16:45:00,13,8,22,16,45,480,75,,,,Plein jour,Hors agglomération,Hors intersection,Normale,Deux véhicules - frontale,,,,,,,,,,,1,1,1,1.0,1
201300008727,0013-09-16 16:45:00,13,9,16,16,45,480,166,,,,Plein jour,Hors agglomération,Hors intersection,Normale,Sans collision,,,,,,,,,,,1,1,1,1.0,7
201300008728,0013-10-12 18:00:00,13,10,12,18,0,480,75,,,,Plein jour,Hors agglomération,Hors intersection,Normale,Sans collision,,,,,,,,,,,1,1,1,1.0,7
201300008729,0013-10-26 11:15:00,13,10,26,11,15,480,75,,,,Plein jour,Hors agglomération,Hors intersection,Pluie légère,Deux véhicules - frontale,,,,,,,,,,,1,1,1,2.0,1
201300008730,0013-11-28 20:00:00,13,11,28,20,0,480,75,,,,Nuit sans éclairage public,Hors agglomération,Hors intersection,Normale,Sans collision,,,,,,,,,,,3,1,1,1.0,7
201300008731,0013-07-07 17:30:00,13,7,7,17,30,480,67,,,,Plein jour,Hors agglomération,Hors intersection,Normale,Autre collision,,,,,,,,,,,1,1,1,1.0,6
201300008732,0013-07-20 12:15:00,13,7,20,12,15,480,115,,,,Plein jour,Hors agglomération,Hors intersection,Normale,Deux véhicules - frontale,,,,,,,,,,,1,1,1,1.0,1
201300008733,0013-08-03 18:15:00,13,8,3,18,15,480,146,,,,Plein jour,Hors agglomération,Hors intersection,Normale,Deux véhicules - frontale,,,,,,,,,,,1,1,1,1.0,1
201300008734,0013-03-29 23:30:00,13,3,29,23,30,480,18,,,,Nuit sans éclairage public,Hors agglomération,Hors intersection,Pluie légère,Autre collision,,,,,,,,,,,3,1,1,2.0,6
201300008735,0013-01-23 16:00:00,13,1,23,16,0,660,182,,,,Plein jour,Hors agglomération,Hors intersection,Normale,Deux véhicules - frontale,,,,,,,,,,,1,1,1,1.0,1
201300008736,0013-02-22 19:00:00,13,2,22,19,0,660,182,,,,Nuit sans éclairage public,Hors agglomération,Hors intersection,Normale,Trois véhicules et plus - collisions multiples,,,,,,,,,,,3,1,1,1.0,5
201300008737,0013-03-14 17:00:00,13,3,14,17,0,660,37,Bd Carrere vieille,42.6978,3.03332,Plein jour,En agglomération,Hors intersection,Normale,Autre collision,,,,,,,,,,,1,2,1,1.0,6
201300008738,0013-07-08 19:15:00,13,7,8,19,15,660,37,,42.70648,2.99152,Plein jour,Hors agglomération,Hors intersection,Normale,Deux véhicules - frontale,,,,,,,,,,,1,1,1,1.0,1
201300008739,0013-07-14 03:45:00,13,7,14,3,45,660,37,,,,Nuit sans éclairage public,Hors agglomération,Hors intersection,Normale,Autre collision,,,,,,,,,,,3,1,1,1.0,6
201300008740,0013-08-12 18:30:00,13,8,12,18,30,660,37,avenue de catalogne,42.69554,3.03246,Plein jour,En agglomération,Hors intersection,Temps éblouissant,Autre collision,,,,,,,,,,,1,2,1,7.0,6
201300008741,0013-08-20 19:30:00,13,8,20,19,30,660,37,,,,Plein jour,Hors agglomération,Hors intersection,Temps éblouissant,Sans collision,,,,,,,,,,,1,1,1,7.0,7
201300008742,0013-12-02 21:00:00,13,12,2,21,0,660,37,avenue Mediterranee,42.69825,3.02707,Nuit avec éclairage allumé,En agglomération,Hors intersection,Normale,Deux véhicules - côté,,,,,,,,,,,5,2,1,1.0,3
201300008743,0013-01-31 16:30:00,13,1,31,16,30,660,129,,,,Plein jour,Hors agglomération,Hors intersection,Normale,Deux véhicules - frontale,,,,,,,,,,,1,1,1,1.0,1
201300008744,0013-04-28 18:15:00,13,4,28,18,15,660,114,RUE DU CANIGOU,42.60804,2.93139,Plein jour,En agglomération,Intersection en Y,Normale,Deux véhicules - côté,,,,,,,,,,,1,2,4,1.0,3
201300008745,0013-05-21 16:45:00,13,5,21,16,45,660,208,,,,Plein jour,Hors agglomération,Hors intersection,Normale,Trois véhicules et plus - collisions multiples,,,,,,,,,,,1,1,1,1.0,5
201300008746,0013-06-17 07:45:00,13,6,17,7,45,660,59,,,,Plein jour,Hors agglomération,Intersection en T,Normale,Deux véhicules - côté,,,,,,,,,,,1,1,3,1.0,3
201300008747,0013-08-18 09:00:00,13,8,18,9,0,660,11,,,,Plein jour,Hors agglomération,Hors intersection,Normale,Deux véhicules - arrière,,,,,,,,,,,1,1,1,1.0,2
201300008748,0013-05-08 18:15:00,13,5,8,18,15,660,174,,,,Plein jour,Hors agglomération,Hors intersection,Pluie légère,Autre collision,,,,,,,,,,,1,1,1,2.0,6
201300008749,0013-08-29 10:15:00,13,8,29,10,15,660,173,,,,Plein jour,Hors agglomération,Intersection en T,Normale,Deux véhicules - côté,,,,,,,,,,,1,1,3,1.0,3
201300008750,0013-01-04 07:15:00,13,1,4,7,15,660,190,,,,Plein jour,Hors agglomération,Hors intersection,Normale,Deux véhicules - arrière,,,,,,,,,,,1,1,1,1.0,2
201300008751,0013-05-17 15:00:00,13,5,17,15,0,660,164,avenue des Pyrenees,42.76555,2.86912,Plein jour,En agglomération,Hors intersection,Normale,Deux véhicules - côté,,,,,,,,,,,1,2,1,1.0,3
201300008752,0013-05-25 00:15:00,13,5,25,0,15,660,231,,42.838,2.804,Nuit sans éclairage public,Hors agglomération,Hors intersection,Normale,Deux véhicules - frontale,,,,,,,,,,,3,1,1,1.0,1
201300008753,0013-05-26 10:15:00,13,5,26,10,15,660,190,D5b,,,Plein jour,En agglomération,Hors intersection,Normale,Deux véhicules - côté,,,,,,,,,,,1,2,1,1.0,3
201300008754,0013-06-22 20:15:00,13,6,22,20,15,660,69,,,,Plein jour,Hors agglomération,Hors intersection,Normale,Sans collision,,,,,,,,,,,1,1,1,1.0,7
201300008755,0013-07-10 18:15:00,13,7,10,18,15,660,164,,,,Plein jour,Hors agglomération,Hors intersection,Normale,Trois véhicules et plus - en chaîne,,,,,,,,,,,1,1,1,1.0,4
201300008756,0013-09-01 19:30:00,13,9,1,19,30,660,14,,,,Plein jour,Hors agglomération,Hors intersection,Normale,Deux véhicules - frontale,,,,,,,,,,,1,1,1,1.0,1
201300008757,0013-09-04 06:45:00,13,9,4,6,45,660,190,,,,Crépuscule ou aube,Hors agglomération,Hors intersection,Normale,Deux véhicules - côté,,,,,,,,,,,2,1,1,1.0,3
201300008758,0013-09-13 23:00:00,13,9,13,23,0,660,190,,,,Nuit sans éclairage public,En agglomération,Hors intersection,Normale,Autre collision,,,,,,,,,,,3,2,1,1.0,6
201300008759,0013-09-26 12:15:00,13,9,26,12,15,660,190,,,,Plein jour,Hors agglomération,Hors intersection,Normale,Deux véhicules - côté,,,,,,,,,,,1,1,1,1.0,3
201300008760,0013-10-01 12:15:00,13,10,1,12,15,660,14,,,,Plein jour,Hors agglomération,Intersection en X,Normale,Deux véhicules - côté,,,,,,,,,,,1,1,2,1.0,3
201300008761,0013-10-15 15:45:00,13,10,15,15,45,660,127,Route de Vingrau,42.86995,2.87181,Plein jour,En agglomération,Intersection en T,Normale,Deux véhicules - frontale,,,,,,,,,,,1,2,3,1.0,1
201300008762,0013-10-17 23:15:00,13,10,17,23,15,660,190,,,,Nuit sans éclairage public,Hors agglomération,Hors intersection,Normale,Deux véhicules - frontale,,,,,,,,,,,3,1,1,1.0,1
201300008763,0013-11-24 17:45:00,13,11,24,17,45,660,69,,,,Nuit sans éclairage public,Hors agglomération,Hors intersection,Normale,Deux véhicules - arrière,,,,,,,,,,,3,1,1,1.0,2
201300008764,0013-06-28 17:15:00,13,6,28,17,15,660,171,rue Francis CARCO,42.63189,3.02377,Plein jour,En agglomération,Hors intersection,Normale,Autre collision,,,,,,,,,,,1,2,1,1.0,6
201300008765,0013-07-21 12:15:00,13,7,21,12,15,660,2,,,,Plein jour,Hors agglomération,Hors intersection,Normale,Autre collision,,,,,,,,,,,1,1,1,1.0,6
201300008766,0013-08-17 00:30:00,13,8,17,0,30,660,171,Rue Andre Maurois,42.62305,3.03451,Nuit avec éclairage allumé,En agglomération,Hors intersection,Normale,Trois véhicules et plus - en chaîne,,,,,,,,,,,5,2,1,1.0,4
201300008767,0013-09-03 19:15:00,13,9,3,19,15,660,171,avenue Armand Lanoux,42.6006,3.03724,Plein jour,En agglomération,Hors intersection,Temps éblouissant,Autre collision,,,,,,,,,,,1,2,1,7.0,6
201300008768,0013-09-17 19:00:00,13,9,17,19,0,660,94,,42.60609,3.01973,Plein jour,Hors agglomération,Hors intersection,Normale,Sans collision,,,,,,,,,,,1,1,1,1.0,7
201300008769,0013-11-18 07:15:00,13,11,18,7,15,660,171,rue ROLAND,42.62004,3.00013,Plein jour,En agglomération,Hors intersection,Normale,Trois véhicules et plus - collisions multiples,,,,,,,,,,,1,2,1,1.0,5
201300008770,0013-12-04 10:15:00,13,12,4,10,15,660,171,,,,Plein jour,En agglomération,Giratoire,Normale,Deux véhicules - côté,,,,,,,,,,,1,2,6,1.0,3