accident_id,datetime,annee,mois,jour,heure,minute,departement,commune_insee,adresse,latitude,longitude,luminosite,agglomeration,intersection,meteo,collision,nb_vehicules,nb_usagers,nb_indemnes,nb_tues,nb_blesses_hosp,nb_blesses_legers,age_cond_1,age_cond_2,veh_type_cond_1,veh_type_cond_2,lum_code,agg_code,int_code,atm_code,col_code
201300008771,0013-12-23 16:00:00,13,12,23,16,0,660,171,AVENUE ARMAND LANOUX,42.61077,3.02843,Plein jour,En agglomération,Hors intersection,Normale,Autre collision,,,,,,,,,,,1,2,1,1.0,6
201300008772,0013-06-09 23:45:00,13,6,9,23,45,660,180,,,,Nuit sans éclairage public,Hors agglomération,Hors intersection,Normale,Sans collision,,,,,,,,,,,3,1,1,1.0,7
201300008773,0013-06-15 22:00:00,13,6,15,22,0,660,180,rue des commercants,42.78373,2.96636,Nuit avec éclairage allumé,En agglomération,Hors intersection,Normale,Autre collision,,,,,,,,,,,5,2,1,1.0,6
201300008774,0013-08-06 13:45:00,13,8,6,13,45,660,212,,,,Plein jour,En agglomération,Hors intersection,Normale,Autre collision,,,,,,,,,,,1,2,1,1.0,6
201300008775,0013-08-06 15:00:00,13,8,6,15,0,660,180,BD DE LA COTE VERMEILLE,,,Plein jour,En agglomération,Hors intersection,Normale,Autre collision,,,,,,,,,,,1,2,1,1.0,6
201300008776,0013-08-17 13:00:00,13,8,17,13,0,660,180,Avenue Annibal,42.80608,3.03729,Plein jour,En agglomération,Giratoire,Pluie légère,Deux véhicules - arrière,,,,,,,,,,,1,2,6,2.0,2
201300008777,0013-10-24 12:15:00,13,10,24,12,15,660,180,CHEMIN DE LEUCATE,42.72746,2.98534,Plein jour,En agglomération,Giratoire,Normale,Deux véhicules - côté,,,,,,,,,,,1,2,6,1.0,3
201300008778,0013-04-22 19:00:00,13,4,22,19,0,660,99,rue des cerisiers,42.54954,2.7451,Plein jour,En agglomération,Hors intersection,Normale,Sans collision,,,,,,,,,,,1,2,1,1.0,7
201300008779,0013-09-23 17:15:00,13,9,23,17,15,660,210,Avenue louis nogueres,42.63186,2.75029,Plein jour,En agglomération,Autre intersection,Normale,Autre collision,,,,,,,,,,,1,2,9,1.0,6
201300008780,0013-11-15 04:45:00,13,11,15,4,45,660,33,,,,Nuit sans éclairage public,Hors agglomération,Hors intersection,Vent fort / tempête,Deux véhicules - frontale,,,,,,,,,,,3,1,1,6.0,1
201300008781,0013-12-26 12:15:00,13,12,26,12,15,660,210,route de thuir,,,Plein jour,En agglomération,Giratoire,Normale,Deux véhicules - arrière,,,,,,,,,,,1,2,6,1.0,2
201300008782,0013-02-19 21:30:00,13,2,19,21,30,660,160,,42.48547,2.69848,Nuit avec éclairage non allumé,Hors agglomération,Hors intersection,Normale,Autre collision,,,,,,,,,,,4,1,1,1.0,6
201300008783,0013-02-24 18:30:00,13,2,24,18,30,660,160,,,,Nuit sans éclairage public,Hors agglomération,Hors intersection,Normale,Trois véhicules et plus - collisions multiples,,,,,,,,,,,3,1,1,1.0,5
201300008784,0013-01-11 16:45:00,13,1,11,16,45,660,168,,,,Plein jour,Hors agglomération,Giratoire,Temps éblouissant,Autre collision,,,,,,,,,,,1,1,6,7.0,6
201300008785,0013-02-28 16:15:00,13,2,28,16,15,660,8,,,,Plein jour,Hors agglomération,Hors intersection,Pluie légère,Deux véhicules - frontale,,,,,,,,,,,1,1,1,2.0,1
201300008786,0013-06-27 13:00:00,13,6,27,13,0,660,8,,,,Plein jour,Hors agglomération,Hors intersection,Normale,Deux véhicules - côté,,,,,,,,,,,1,1,1,1.0,3
201300008787,0013-12-24 02:30:00,13,12,24,2,30,660,8,,,,Nuit sans éclairage public,Hors agglomération,Hors intersection,Normale,Autre collision,,,,,,,,,,,3,1,1,1.0,6
201300008788,0013-03-07 17:45:00,13,3,7,17,45,660,175,5 rue de la scirie,42.54151,2.92562,Plein jour,En agglomération,Hors intersection,Normale,Autre collision,,,,,,,,,,,1,2,1,1.0,6
201300008789,0013-08-06 00:01:00,13,8,6,0,1,660,214,,,,Nuit sans éclairage public,Hors agglomération,Hors intersection,Normale,Deux véhicules - arrière,,,,,,,,,,,3,1,1,1.0,2
201300008790,0013-09-18 12:00:00,13,9,18,12,0,660,115,,42.5378,2.87873,Plein jour,Hors agglomération,Intersection en X,Normale,Deux véhicules - frontale,,,,,,,,,,,1,1,2,1.0,1
201300008791,0013-09-22 17:45:00,13,9,22,17,45,660,196,,,,Plein jour,Hors agglomération,Hors intersection,Normale,Sans collision,,,,,,,,,,,1,1,1,1.0,7
201300008792,0013-09-24 22:00:00,13,9,24,22,0,660,93,,,,Nuit sans éclairage public,Hors agglomération,Hors intersection,Normale,Sans collision,,,,,,,,,,,3,1,1,1.0,7
201300008793,0013-08-05 12:30:00,13,8,5,12,30,660,9,,,,Plein jour,Hors agglomération,Hors intersection,Normale,Deux véhicules - frontale,,,,,,,,,,,1,1,1,1.0,1
201300008794,0013-01-01 05:00:00,13,1,1,5,0,660,178,,,,Nuit sans éclairage public,Hors agglomération,Hors intersection,Normale,Sans collision,,,,,,,,,,,3,1,1,1.0,7
201300008795,0013-07-04 14:00:00,13,7,4,14,0,660,214,,42.54192,2.84886,Plein jour,Hors agglomération,Hors intersection,Normale,Deux véhicules - frontale,,,,,,,,,,,1,1,1,1.0,1
201300008796,0013-10-05 12:15:00,13,10,5,12,15,660,63,,,,Plein jour,Hors agglomération,Hors intersection,Normale,Deux véhicules - frontale,,,,,,,,,,,1,1,1,1.0,1
201300008797,0013-08-17 10:00:00,13,8,17,10,0,660,178,,,,Plein jour,Hors agglomération,Hors intersection,Normale,Trois véhicules et plus - collisions multiples,,,,,,,,,,,1,1,1,1.0,5
201300008798,0013-09-20 10:45:00,13,9,20,10,45,660,63,,,,Plein jour,Hors agglomération,Hors intersection,Normale,Deux véhicules - frontale,,,,,,,,,,,1,1,1,1.0,1
201300008799,0013-10-10 12:00:00,13,10,10,12,0,660,15,,,,Plein jour,Hors agglomération,Hors intersection,Normale,Deux véhicules - frontale,,,,,,,,,,,1,1,1,1.0,1
201300008800,0013-10-29 09:30:00,13,10,29,9,30,660,178,,,,Plein jour,Hors agglomération,Hors intersection,Normale,Autre collision,,,,,,,,,,,1,1,1,1.0,6
201300008801,0013-11-01 09:45:00,13,11,1,9,45,660,15,,,,Plein jour,Hors agglomération,Hors intersection,Normale,Sans collision,,,,,,,,,,,1,1,1,1.0,7
201300008802,0013-12-03 17:45:00,13,12,3,17,45,660,24,,,,Plein jour,Hors agglomération,Hors intersection,Normale,Deux véhicules - frontale,,,,,,,,,,,1,1,1,1.0,1
201300008803,0013-12-18 11:45:00,13,12,18,11,45,660,24,rue menant au centre com,42.53287,2.83982,Plein jour,En agglomération,Hors intersection,Normale,Autre collision,,,,,,,,,,,1,2,1,1.0,6
201300008804,0013-12-27 15:30:00,13,12,27,15,30,660,106,,,,Plein jour,Hors agglomération,Hors intersection,Normale,Sans collision,,,,,,,,,,,1,1,1,1.0,7
201300008805,0013-03-10 02:30:00,13,3,10,2,30,660,53,route de la consolation,42.52477,3.07456,Nuit sans éclairage public,En agglomération,Hors intersection,Normale,Deux véhicules - frontale,,,,,,,,,,,3,2,1,1.0,1
201300008806,0013-10-19 16:30:00,13,10,19,16,30,660,16,13 RUE JOLIOT CURIE,42.47922,3.13013,Plein jour,En agglomération,Hors intersection,Normale,Autre collision,,,,,,,,,,,1,2,1,1.0,6
201300008807,0013-12-04 14:45:00,13,12,4,14,45,660,16,Avenue de la Republique,42.4829,3.12902,Plein jour,En agglomération,Hors intersection,Temps éblouissant,Autre collision,,,,,,,,,,,1,2,1,7.0,6
201300008808,0013-05-10 07:00:00,13,5,10,7,0,660,45,,,,Crépuscule ou aube,Hors agglomération,Hors intersection,Normale,Sans collision,,,,,,,,,,,2,1,1,1.0,7
201300008809,0013-06-25 12:45:00,13,6,25,12,45,660,149,,42.61801,2.4275,Plein jour,En agglomération,Hors intersection,Normale,Autre collision,,,,,,,,,,,1,2,1,1.0,6
201300008810,0013-06-27 17:15:00,13,6,27,17,15,660,161,,,,Plein jour,Hors agglomération,Hors intersection,Normale,Deux véhicules - frontale,,,,,,,,,,,1,1,1,1.0,1
201300008811,0013-11-02 03:45:00,13,11,2,3,45,660,34,,,,Nuit sans éclairage public,Hors agglomération,Hors intersection,Normale,Autre collision,,,,,,,,,,,3,1,1,1.0,6
201300008812,0013-01-15 12:00:00,13,1,15,12,0,660,218,,,,Plein jour,Hors agglomération,Hors intersection,Neige / grêle,Autre collision,,,,,,,,,,,1,1,1,4.0,6
201300008813,0013-03-03 00:30:00,13,3,3,0,30,660,181,,,,Nuit sans éclairage public,Hors agglomération,Hors intersection,Normale,Autre collision,,,,,,,,,,,3,1,1,1.0,6
201300008814,0013-04-27 11:45:00,13,4,27,11,45,660,75,,42.47397,2.09044,Plein jour,Hors agglomération,Hors intersection,Neige / grêle,Autre collision,,,,,,,,,,,1,1,1,4.0,6
201300008815,0013-05-19 07:30:00,13,5,19,7,30,660,181,,,,Plein jour,Hors agglomération,Hors intersection,Normale,Autre collision,,,,,,,,,,,1,1,1,1.0,6
201300008816,0013-08-04 07:30:00,13,8,4,7,30,660,146,,,,Plein jour,Hors agglomération,Hors intersection,Normale,Deux véhicules - frontale,,,,,,,,,,,1,1,1,1.0,1
201300008817,0013-12-26 11:45:00,13,12,26,11,45,660,167,,,,Plein jour,Hors agglomération,Hors intersection,Neige / grêle,Deux véhicules - frontale,,,,,,,,,,,1,1,1,4.0,1
201300008818,0013-04-06 15:15:00,13,4,6,15,15,660,82,5  route de Mont-Louis,,,Plein jour,En agglomération,Hors intersection,Neige / grêle,Autre collision,,,,,,,,,,,1,2,1,4.0,6
201300008819,0013-11-01 09:45:00,13,11,1,9,45,660,124,BD FRANCOIS ARAGO,,,Nuit avec éclairage non allumé,En agglomération,Hors intersection,Normale,Deux véhicules - frontale,,,,,,,,,,,4,2,1,1.0,1
201300008820,0013-03-11 15:00:00,13,3,11,15,0,660,23,,,,Plein jour,Hors agglomération,Hors intersection,Pluie légère,Deux véhicules - frontale,,,,,,,,,,,1,1,1,2.0,1
201300008821,0013-04-12 05:45:00,13,4,12,5,45,660,230,,,,Plein jour,Hors agglomération,Hors intersection,Normale,Deux véhicules - frontale,,,,,,,,,,,1,1,1,1.0,1
201300008822,0013-04-21 12:15:00,13,4,21,12,15,660,165,,,,Plein jour,Hors agglomération,Hors intersection,Normale,Deux véhicules - frontale,,,,,,,,,,,1,1,1,1.0,1
201300008823,0013-07-11 18:30:00,13,7,11,18,30,660,88,,42.67216,2.631,Plein jour,Hors agglomération,Passage à niveau,Normale,Deux véhicules - côté,,,,,,,,,,,1,1,8,1.0,3
201300008824,0013-08-27 12:15:00,13,8,27,12,15,660,23,,,,Plein jour,Hors agglomération,Hors intersection,Normale,Deux véhicules - côté,,,,,,,,,,,1,1,1,1.0,3
201300008825,0013-01-14 09:45:00,13,1,14,9,45,201,85,20117,41.91187,8.93589,Plein jour,Hors agglomération,Hors intersection,Pluie légère,Deux véhicules - frontale,,,,,,,,,,,1,1,1,2.0,1
201300008826,0013-05-01 22:15:00,13,5,1,22,15,201,32,20129,41.92202,8.82815,Nuit avec éclairage allumé,En agglomération,Hors intersection,Normale,Sans collision,,,,,,,,,,,5,2,1,1.0,7
201300008827,0013-05-17 19:45:00,13,5,17,19,45,201,130,Boulevard M.J Bozzi,41.88197,8.78842,Plein jour,En agglomération,Hors intersection,Normale,Deux véhicules - frontale,,,,,,,,,,,1,2,1,1.0,1
201300008828,0013-05-26 10:45:00,13,5,26,10,45,201,130,porticcio,41.889,8.923,Plein jour,En agglomération,Hors intersection,Normale,Deux véhicules - arrière,,,,,,,,,,,1,2,1,1.0,2
201300008829,0013-10-28 10:45:00,13,10,28,10,45,201,85,20117,,,Crépuscule ou aube,En agglomération,Hors intersection,Normale,Autre collision,,,,,,,,,,,2,2,1,1.0,6
201300008830,0013-01-28 16:00:00,13,1,28,16,0,201,209,20167,42.00097,8.85385,Plein jour,Hors agglomération,Hors intersection,Normale,Deux véhicules - frontale,,,,,,,,,,,1,1,1,1.0,1
201300008831,0013-02-09 15:00:00,13,2,9,15,0,201,271,20167,41.97207,8.81978,Plein jour,Hors agglomération,Hors intersection,Normale,Deux véhicules - arrière,,,,,,,,,,,1,1,1,1.0,2
201300008832,0013-02-17 03:15:00,13,2,17,3,15,201,209,20167,42.00031,8.85844,Nuit avec éclairage allumé,Hors agglomération,Hors intersection,Normale,Autre collision,,,,,,,,,,,5,1,1,1.0,6
201300008833,0013-02-18 14:15:00,13,2,18,14,15,201,6,20167,41.97042,8.77877,Plein jour,Hors agglomération,Hors intersection,Normale,Sans collision,,,,,,,,,,,1,1,1,1.0,7
201300008834,0013-03-20 18:45:00,13,3,20,18,45,201,6,20167,41.96198,8.78025,Nuit sans éclairage public,Hors agglomération,Hors intersection,Pluie forte,Deux véhicules - frontale,,,,,,,,,,,3,1,1,3.0,1
201300008835,0013-04-27 16:45:00,13,4,27,16,45,201,271,RN193 Gare de Mezzana,41.98031,8.83497,Plein jour,Hors agglomération,Intersection en T,Normale,Deux véhicules - arrière,,,,,,,,,,,1,1,3,1.0,2
201300008836,0013-04-28 06:15:00,13,4,28,6,15,201,271,20167,,,Plein jour,En agglomération,Hors intersection,Normale,Autre collision,,,,,,,,,,,1,2,1,1.0,6
201300008837,0013-06-25 12:45:00,13,6,25,12,45,201,209,20167,42.00534,8.85876,Plein jour,Hors agglomération,Hors intersection,Normale,Deux véhicules - frontale,,,,,,,,,,,1,1,1,1.0,1
201300008838,0013-07-09 18:30:00,13,7,9,18,30,201,6,Lieu dit Scumundaccia,41.97201,8.74281,Plein jour,En agglomération,Hors intersection,Normale,Autre collision,,,,,,,,,,,1,2,1,1.0,6
201300008839,0013-08-04 02:45:00,13,8,4,2,45,201,271,20167,41.978,8.823,Nuit sans éclairage public,Hors agglomération,Hors intersection,Normale,Deux véhicules - frontale,,,,,,,,,,,3,1,1,1.0,1
201300008840,0013-10-13 09:15:00,13,10,13,9,15,201,271,20167,,,Plein jour,Hors agglomération,Hors intersection,Normale,Deux véhicules - côté,,,,,,,,,,,1,1,1,1.0,3
201300008841,0013-11-17 06:00:00,13,11,17,6,0,201,271,20167,41.95685,8.79953,Nuit avec éclairage allumé,En agglomération,Hors intersection,Normale,Autre collision,,,,,,,,,,,5,2,1,1.0,6
201300008842,0013-12-11 13:00:00,13,12,11,13,0,201,323,,42.023,8.891,Plein jour,Hors agglomération,Hors intersection,Normale,Sans collision,,,,,,,,,,,1,1,1,1.0,7
201300008843,0013-12-27 11:45:00,13,12,27,11,45,201,40,,42.09828,9.10455,Plein jour,Hors agglomération,Hors intersection,Normale,Trois véhicules et plus - collisions multiples,,,,,,,,,,,1,1,1,1.0,5
201300008844,0013-05-11 02:15:00,13,5,11,2,15,201,198,Av. de la Marina - RD 84,42.271,8.698,Nuit avec éclairage allumé,En agglomération,Hors intersection,Normale,Sans collision,,,,,,,,,,,5,2,1,1.0,7
201300008845,0013-07-11 05:00:00,13,7,11,5,0,201,279,20147,42.299,8.701,Crépuscule ou aube,Hors agglomération,Hors intersection,Normale,Autre collision,,,,,,,,,,,2,1,1,1.0,6
201300008846,0013-07-11 19:15:00,13,7,11,19,15,201,203,20147,42.309,8.681,Plein jour,Hors agglomération,Hors intersection,Temps éblouissant,Deux véhicules - frontale,,,,,,,,,,,1,1,1,7.0,1
201300008847,0013-08-22 15:45:00,13,8,22,15,45,201,198,20150,,,Plein jour,Hors agglomération,Hors intersection,Normale,Sans collision,,,,,,,,,,,1,1,1,1.0,7
201300008848,0013-09-03 12:15:00,13,9,3,12,15,201,212,20115,42.189,8.62,Plein jour,Hors agglomération,Hors intersection,Normale,Autre collision,,,,,,,,,,,1,1,1,1.0,6
201300008849,0013-01-25 08:30:00,13,1,25,8,30,201,215,20131,41.49676,9.04634,Plein jour,Hors agglomération,Hors intersection,Temps couvert,Autre collision,,,,,,,,,,,1,1,1,8.0,6
201300008850,0013-05-19 03:00:00,13,5,19,3,0,201,215,20131,41.502,9.047,Nuit sans éclairage public,Hors agglomération,Hors intersection,Normale,Autre collision,,,,,,,,,,,3,1,1,1.0,6
201300008851,0013-05-24 10:15:00,13,5,24,10,15,201,41,20169,41.41299,9.175,Plein jour,Hors agglomération,Hors intersection,Normale,Deux véhicules - côté,,,,,,,,,,,1,1,1,1.0,3
201300008852,0013-08-17 19:30:00,13,8,17,19,30,201,41,Rte de l'hopital,41.40278,9.16063,Crépuscule ou aube,Hors agglomération,Intersection en T,Temps éblouissant,Deux véhicules - frontale,,,,,,,,,,,2,1,3,7.0,1
201300008853,0013-02-22 05:00:00,13,2,22,5,0,201,247,20137,41.51193,9.25608,Nuit sans éclairage public,Hors agglomération,Hors intersection,Normale,Sans collision,,,,,,,,,,,3,1,1,1.0,7
201300008854,0013-03-10 09:30:00,13,3,10,9,30,201,269,20145,,,Plein jour,En agglomération,Hors intersection,Normale,Deux véhicules - côté,,,,,,,,,,,1,2,1,1.0,3
201300008855,0013-03-23 23:30:00,13,3,23,23,30,201,247,20137,41.59793,9.2669,Nuit avec éclairage allumé,En agglomération,Giratoire,Normale,Autre collision,,,,,,,,,,,5,2,6,1.0,6
201300008856,0013-04-08 04:15:00,13,4,8,4,15,201,247,Rte de Via Notte,41.56616,9.27731,Nuit avec éclairage allumé,Hors agglomération,Hors intersection,Normale,Autre collision,,,,,,,,,,,5,1,1,1.0,6
201300008857,0013-05-04 18:00:00,13,5,4,18,0,201,247,,41.556,9.271,Plein jour,Hors agglomération,Hors intersection,Normale,Autre collision,,,,,,,,,,,1,1,1,1.0,6
201300008858,0013-06-04 18:30:00,13,6,4,18,30,201,247,20137,41.65,9.208,Plein jour,Hors agglomération,Hors intersection,Normale,Deux véhicules - frontale,,,,,,,,,,,1,1,1,1.0,1
201300008859,0013-06-14 10:45:00,13,6,14,10,45,201,247,20137,,,Plein jour,En agglomération,Hors intersection,Normale,Deux véhicules - côté,,,,,,,,,,,1,2,1,1.0,3
201300008860,0013-06-18 16:15:00,13,6,18,16,15,201,247,20137,,,Plein jour,En agglomération,Hors intersection,Normale,Deux véhicules - arrière,,,,,,,,,,,1,2,1,1.0,2
201300008861,0013-06-27 09:15:00,13,6,27,9,15,201,247,20137,41.648,9.278,Plein jour,Hors agglomération,Hors intersection,Normale,Deux véhicules - frontale,,,,,,,,,,,1,1,1,1.0,1
201300008862,0013-06-30 19:15:00,13,6,30,19,15,201,247,20137,41.56675,9.25432,Plein jour,Hors agglomération,Hors intersection,Normale,Autre collision,,,,,,,,,,,1,1,1,1.0,6
201300008863,0013-07-01 10:00:00,13,7,1,10,0,201,247,20137,,,Plein jour,En agglomération,Giratoire,Normale,Deux véhicules - côté,,,,,,,,,,,1,2,6,1.0,3
201300008864,0013-07-28 00:30:00,13,7,28,0,30,201,247,CD 468 RTE DE CALA ROSSA,,,Nuit sans éclairage public,En agglomération,Hors intersection,Normale,Deux véhicules - côté,,,,,,,,,,,3,2,1,1.0,3
201300008865,0013-07-25 17:00:00,13,7,25,17,0,201,247,20137,,,Plein jour,En agglomération,Hors intersection,Normale,Deux véhicules - côté,,,,,,,,,,,1,2,1,1.0,3
201300008866,0013-08-05 23:15:00,13,8,5,23,15,201,247,camping golfo di sognu,,,Nuit sans éclairage public,Hors agglomération,Hors intersection,Normale,Autre collision,,,,,,,,,,,3,1,1,1.0,6
201300008867,0013-08-07 22:00:00,13,8,7,22,0,201,247,avenue georges pompidou,41.597,9.285,Nuit avec éclairage allumé,En agglomération,Hors intersection,Normale,Deux véhicules - côté,,,,,,,,,,,5,2,1,1.0,3
201300008868,0013-08-17 12:30:00,13,8,17,12,30,201,247,20137,41.55799,9.273,Plein jour,Hors agglomération,Hors intersection,Normale,Trois véhicules et plus - collisions multiples,,,,,,,,,,,1,1,1,1.0,5
201300008869,0013-09-03 10:45:00,13,9,3,10,45,201,247,20137,,,Plein jour,Hors agglomération,Hors intersection,Normale,Deux véhicules - côté,,,,,,,,,,,1,1,1,1.0,3
201300008870,0013-09-27 16:45:00,13,9,27,16,45,201,247,20137,41.5845,9.26415,Plein jour,Hors agglomération,Hors intersection,Normale,Deux véhicules - côté,,,,,,,,,,,1,1,1,1.0,3
201300008871,0013-10-30 18:45:00,13,10,30,18,45,201,247,20137,41.59623,9.23926,Nuit sans éclairage public,Hors agglomération,Hors intersection,Normale,Autre collision,,,,,,,,,,,3,1,1,1.0,6
201300008872,0013-11-08 18:30:00,13,11,8,18,30,201,247,20137,41.602,9.276,Plein jour,En agglomération,Giratoire,Normale,Deux véhicules - côté,,,,,,,,,,,1,2,6,1.0,3
201300008873,0013-11-22 08:30:00,13,11,22,8,30,201,247,20137,41.566,9.236,Plein jour,Hors agglomération,Hors intersection,Pluie légère,Deux véhicules - frontale,,,,,,,,,,,1,1,1,2.0,1
201300008874,0013-12-07 17:15:00,13,12,7,17,15,201,247,RUE PIERRE ANDREANI,41.62048,9.28329,Nuit sans éclairage public,En agglomération,Hors intersection,Normale,Deux véhicules - arrière,,,,,,,,,,,3,2,1,1.0,2
201300008875,0013-12-07 18:45:00,13,12,7,18,45,201,247,,,,Nuit sans éclairage public,Hors agglomération,Hors intersection,Normale,Deux véhicules - frontale,,,,,,,,,,,3,1,1,1.0,1
201300008876,0013-03-27 10:30:00,13,3,27,10,30,201,272,20100,41.65499,8.92658,Plein jour,Hors agglomération,Hors intersection,Normale,Deux véhicules - frontale,,,,,,,,,,,1,1,1,1.0,1
201300008877,0013-03-28 10:15:00,13,3,28,10,15,201,272,20100,41.62609,8.95706,Plein jour,Hors agglomération,Hors intersection,Pluie légère,Autre collision,,,,,,,,,,,1,1,1,2.0,6
201300008878,0013-05-12 08:45:00,13,5,12,8,45,201,272,20100,,,Plein jour,Hors agglomération,Hors intersection,Normale,Autre collision,,,,,,,,,,,1,1,1,1.0,6
201300008879,0013-07-05 06:30:00,13,7,5,6,30,201,272,20100,,,Plein jour,Hors agglomération,Hors intersection,Normale,Autre collision,,,,,,,,,,,1,1,1,1.0,6
201300008880,0013-07-15 12:30:00,13,7,15,12,30,201,272,20100,,,Plein jour,En agglomération,Hors intersection,Normale,Autre collision,,,,,,,,,,,1,2,1,1.0,6
201300008881,0013-08-31 12:15:00,13,8,31,12,15,201,272,20100,41.63119,8.95762,Plein jour,Hors agglomération,Hors intersection,Normale,Deux véhicules - côté,,,,,,,,,,,1,1,1,1.0,3
201300008882,0013-09-02 09:30:00,13,9,2,9,30,201,272,20100,,,Plein jour,En agglomération,Hors intersection,Normale,Deux véhicules - côté,,,,,,,,,,,1,2,1,1.0,3
201300008883,0013-12-10 09:00:00,13,12,10,9,0,201,272,,41.604,8.939,Plein jour,Hors agglomération,Hors intersection,Normale,Autre collision,,,,,,,,,,,1,1,1,1.0,6
201300008884,0013-07-24 16:00:00,13,7,24,16,0,201,362,20124,41.76894,9.17355,Plein jour,Hors agglomération,Hors intersection,Normale,Autre collision,,,,,,,,,,,1,1,1,1.0,6
201300008885,0013-11-29 11:30:00,13,11,29,11,30,201,56,20142,41.893,9.004,Plein jour,Hors agglomération,Hors intersection,Normale,Deux véhicules - frontale,,,,,,,,,,,1,1,1,1.0,1
201300008886,0013-04-17 15:15:00,13,4,17,15,15,201,189,20113,41.70165,8.90683,Plein jour,Hors agglomération,Hors intersection,Normale,Trois véhicules et plus - collisions multiples,,,,,,,,,,,1,1,1,1.0,5
201300008887,0013-05-19 04:00:00,13,5,19,4,0,201,189,,41.68896,8.93452,Nuit sans éclairage public,Hors agglomération,Hors intersection,Normale,Sans collision,,,,,,,,,,,3,1,1,1.0,7
201300008888,0013-07-10 09:30:00,13,7,10,9,30,201,189,,41.713,8.916,Plein jour,Hors agglomération,Hors intersection,Normale,Deux véhicules - côté,,,,,,,,,,,1,1,1,1.0,3
201300008889,0013-07-15 18:30:00,13,7,15,18,30,201,189,ABARTELLO,41.707,8.838,Plein jour,Hors agglomération,Hors intersection,Normale,Deux véhicules - côté,,,,,,,,,,,1,1,1,1.0,3
201300008890,0013-08-02 08:30:00,13,8,2,8,30,201,189,20113,41.701,8.905,Plein jour,Hors agglomération,Hors intersection,Normale,Deux véhicules - arrière,,,,,,,,,,,1,1,1,1.0,2
201300008891,0013-09-04 10:45:00,13,9,4,10,45,201,189,20113,41.70427,8.91192,Plein jour,Hors agglomération,Hors intersection,Normale,Deux véhicules - côté,,,,,,,,,,,1,1,1,1.0,3
201300008892,0013-09-07 17:45:00,13,9,7,17,45,201,189,20113,41.6938,8.91189,Plein jour,Hors agglomération,Hors intersection,Normale,Trois véhicules et plus - collisions multiples,,,,,,,,,,,1,1,1,1.0,5
201300008893,0013-10-18 00:30:00,13,10,18,0,30,201,189,Abartello,41.69748,8.84517,Nuit avec éclairage allumé,En agglomération,Hors intersection,Normale,Autre collision,,,,,,,,,,,5,2,1,1.0,6
201300008894,0013-11-17 09:15:00,13,11,17,9,15,201,189,20113,41.705,8.912,Plein jour,Hors agglomération,Hors intersection,Normale,Trois véhicules et plus - collisions multiples,,,,,,,,,,,1,1,1,1.0,5
201300008895,0013-01-07 11:30:00,13,1,7,11,30,202,42,,,,Plein jour,Hors agglomération,Hors intersection,Normale,Deux véhicules - arrière,,,,,,,,,,,1,1,1,1.0,2
201300008896,0013-01-26 15:30:00,13,1,26,15,30,202,148,,,,Plein jour,Hors agglomération,Hors intersection,Normale,Deux véhicules - frontale,,,,,,,,,,,1,1,1,1.0,1
201300008897,0013-05-04 18:15:00,13,5,4,18,15,202,42,,,,Plein jour,Hors agglomération,Hors intersection,Normale,Deux véhicules - arrière,,,,,,,,,,,1,1,1,1.0,2
201300008898,0013-05-18 23:00:00,13,5,18,23,0,202,42,,,,Nuit sans éclairage public,Hors agglomération,Hors intersection,Pluie forte,Deux véhicules - frontale,,,,,,,,,,,3,1,1,3.0,1
201300008899,0013-05-17 08:45:00,13,5,17,8,45,202,148,route de l aeroport,,,Plein jour,En agglomération,Hors intersection,Normale,Deux véhicules - côté,,,,,,,,,,,1,2,1,1.0,3
201300008900,0013-06-13 11:45:00,13,6,13,11,45,202,42,,,,Plein jour,Hors agglomération,Hors intersection,Normale,Deux véhicules - côté,,,,,,,,,,,1,1,1,1.0,3
201300008901,0013-08-10 10:30:00,13,8,10,10,30,202,148,,,,Plein jour,Hors agglomération,Hors intersection,Normale,Deux véhicules - côté,,,,,,,,,,,1,1,1,1.0,3
201300008902,0013-08-15 15:45:00,13,8,15,15,45,202,55,,,,Plein jour,Hors agglomération,Hors intersection,Normale,Deux véhicules - côté,,,,,,,,,,,1,1,1,1.0,3
201300008903,0013-08-24 14:00:00,13,8,24,14,0,202,148,,,,Plein jour,Hors agglomération,Hors intersection,Normale,Autre collision,,,,,,,,,,,1,1,1,1.0,6
201300008904,0013-09-29 13:30:00,13,9,29,13,30,202,55,,,,Plein jour,Hors agglomération,Hors intersection,Normale,Deux véhicules - frontale,,,,,,,,,,,1,1,1,1.0,1