accident_id,datetime,annee,mois,jour,heure,minute,departement,commune_insee,adresse,latitude,longitude,luminosite,agglomeration,intersection,meteo,collision,nb_vehicules,nb_usagers,nb_indemnes,nb_tues,nb_blesses_hosp,nb_blesses_legers,age_cond_1,age_cond_2,veh_type_cond_1,veh_type_cond_2,lum_code,agg_code,int_code,atm_code,col_code
201300008905,0013-11-25 16:00:00,13,11,25,16,0,202,355,,42.515,9.393,Plein jour,Hors agglomération,Hors intersection,Temps couvert,Trois véhicules et plus - collisions multiples,,,,,,,,,,,1,1,1,8.0,5
201300008906,0013-12-18 13:00:00,13,12,18,13,0,202,42,RN 193 CRUCETTA,42.555,9.443,Plein jour,En agglomération,Hors intersection,Normale,Autre collision,,,,,,,,,,,1,2,1,1.0,6
201300008907,0013-01-23 14:45:00,13,1,23,14,45,202,43,Strada Vecchia,,,Plein jour,En agglomération,Autre intersection,Pluie légère,Autre collision,,,,,,,,,,,1,2,9,2.0,6
201300008908,0013-06-08 21:15:00,13,6,8,21,15,202,281,,,,Crépuscule ou aube,Hors agglomération,Hors intersection,Normale,Autre collision,,,,,,,,,,,2,1,1,1.0,6
201300008909,0013-08-31 14:15:00,13,8,31,14,15,202,159,,,,Plein jour,Hors agglomération,Hors intersection,Normale,Deux véhicules - côté,,,,,,,,,,,1,1,1,1.0,3
201300008910,0013-09-03 16:45:00,13,9,3,16,45,202,309,66 route du bord de mer,,,Plein jour,En agglomération,Hors intersection,Normale,Deux véhicules - côté,,,,,,,,,,,1,2,1,1.0,3
201300008911,0013-11-04 22:15:00,13,11,4,22,15,202,43,,42.898,9.447,Nuit sans éclairage public,Hors agglomération,Hors intersection,Vent fort / tempête,Autre collision,,,,,,,,,,,3,1,1,6.0,6
201300008912,0013-11-26 10:00:00,13,11,26,10,0,202,43,,42.798,9.491,Plein jour,Hors agglomération,Hors intersection,Normale,Deux véhicules - côté,,,,,,,,,,,1,1,1,1.0,3
201300008913,0013-12-04 12:00:00,13,12,4,12,0,202,43,,,,Plein jour,Hors agglomération,Hors intersection,Normale,Deux véhicules - frontale,,,,,,,,,,,1,1,1,1.0,1
201300008914,0013-03-16 12:45:00,13,3,16,12,45,202,314,,,,Plein jour,Hors agglomération,Hors intersection,Normale,Sans collision,,,,,,,,,,,1,1,1,1.0,7
201300008915,0013-08-15 07:30:00,13,8,15,7,30,202,265,,,,Plein jour,Hors agglomération,Hors intersection,Normale,Deux véhicules - frontale,,,,,,,,,,,1,1,1,1.0,1
201300008916,0013-10-18 02:15:00,13,10,18,2,15,202,298,Route de BASTIA,,,Nuit avec éclairage allumé,En agglomération,Hors intersection,Normale,Autre collision,,,,,,,,,,,5,2,1,1.0,6
201300008917,0013-02-20 22:45:00,13,2,20,22,45,202,150,RN 197 PK 09+100,,,Nuit avec éclairage allumé,En agglomération,Autre intersection,Normale,Trois véhicules et plus - collisions multiples,,,,,,,,,,,5,2,9,1.0,5
201300008918,0013-05-06 15:15:00,13,5,6,15,15,202,50,,,,Plein jour,Hors agglomération,Hors intersection,Normale,Deux véhicules - frontale,,,,,,,,,,,1,1,1,1.0,1
201300008919,0013-05-06 15:30:00,13,5,6,15,30,202,121,,,,Plein jour,Hors agglomération,Hors intersection,Normale,Deux véhicules - frontale,,,,,,,,,,,1,1,1,1.0,1
201300008920,0013-05-15 11:00:00,13,5,15,11,0,202,50,,,,Plein jour,Hors agglomération,Hors intersection,Normale,Deux véhicules - arrière,,,,,,,,,,,1,1,1,1.0,2
201300008921,0013-07-24 22:45:00,13,7,24,22,45,202,50,,,,Nuit avec éclairage allumé,Hors agglomération,Hors intersection,Normale,Sans collision,,,,,,,,,,,5,1,1,1.0,7
201300008922,0013-08-02 16:45:00,13,8,2,16,45,202,150,,,,Plein jour,Hors agglomération,Hors intersection,Normale,Trois véhicules et plus - collisions multiples,,,,,,,,,,,1,1,1,1.0,5
201300008923,0013-08-18 10:30:00,13,8,18,10,30,202,49,,,,Plein jour,Hors agglomération,Hors intersection,Normale,Deux véhicules - frontale,,,,,,,,,,,1,1,1,1.0,1
201300008924,0013-09-11 15:45:00,13,9,11,15,45,202,150,,,,Plein jour,Hors agglomération,Hors intersection,Normale,Deux véhicules - frontale,,,,,,,,,,,1,1,1,1.0,1
201300008925,0013-09-21 15:00:00,13,9,21,15,0,202,150,,,,Plein jour,Hors agglomération,Hors intersection,Normale,Deux véhicules - frontale,,,,,,,,,,,1,1,1,1.0,1
201300008926,0013-10-23 16:30:00,13,10,23,16,30,202,50,,,,Plein jour,En agglomération,Hors intersection,Normale,Autre collision,,,,,,,,,,,1,2,1,1.0,6
201300008927,0013-11-18 17:00:00,13,11,18,17,0,202,150,,,,Nuit sans éclairage public,Hors agglomération,Hors intersection,Pluie forte,Deux véhicules - côté,,,,,,,,,,,3,1,1,3.0,3
201300008928,0013-03-13 12:45:00,13,3,13,12,45,202,93,,,,Plein jour,Hors agglomération,Hors intersection,Pluie légère,Deux véhicules - frontale,,,,,,,,,,,1,1,1,2.0,1
201300008929,0013-12-20 17:45:00,13,12,20,17,45,202,93,,42.613,8.886,Nuit sans éclairage public,Hors agglomération,Hors intersection,Normale,Deux véhicules - côté,,,,,,,,,,,3,1,1,1.0,3
201300008930,0013-04-15 09:00:00,13,4,15,9,0,202,329,,,,Plein jour,Hors agglomération,Hors intersection,Normale,Sans collision,,,,,,,,,,,1,1,1,1.0,7
201300008931,0013-04-28 10:00:00,13,4,28,10,0,202,341,,,,Plein jour,Hors agglomération,Hors intersection,Normale,Autre collision,,,,,,,,,,,1,1,1,1.0,6
201300008932,0013-05-26 18:00:00,13,5,26,18,0,202,96,,,,Plein jour,Hors agglomération,Hors intersection,Normale,Trois véhicules et plus - collisions multiples,,,,,,,,,,,1,1,1,1.0,5
201300008933,0013-06-14 14:30:00,13,6,14,14,30,202,201,,,,Plein jour,Hors agglomération,Hors intersection,Normale,Deux véhicules - côté,,,,,,,,,,,1,1,1,1.0,3
201300008934,0013-08-18 13:00:00,13,8,18,13,0,202,329,,,,Plein jour,Hors agglomération,Hors intersection,Normale,Deux véhicules - frontale,,,,,,,,,,,1,1,1,1.0,1
201300008935,0013-08-20 13:15:00,13,8,20,13,15,202,201,,,,Plein jour,Hors agglomération,Hors intersection,Normale,Sans collision,,,,,,,,,,,1,1,1,1.0,7
201300008936,0013-09-27 12:00:00,13,9,27,12,0,202,96,,,,Plein jour,Hors agglomération,Hors intersection,Normale,Deux véhicules - arrière,,,,,,,,,,,1,1,1,1.0,2
201300008937,0013-09-29 10:45:00,13,9,29,10,45,202,341,,,,Plein jour,Hors agglomération,Hors intersection,Pluie forte,Sans collision,,,,,,,,,,,1,1,1,3.0,7
201300008938,0013-09-28 18:00:00,13,9,28,18,0,202,96,route du Calvaire,,,Plein jour,En agglomération,Hors intersection,Normale,Deux véhicules - côté,,,,,,,,,,,1,2,1,1.0,3
201300008939,0013-10-12 09:15:00,13,10,12,9,15,202,341,RN 193,,,Plein jour,En agglomération,Hors intersection,Normale,Deux véhicules - frontale,,,,,,,,,,,1,2,1,1.0,1
201300008940,0013-02-01 07:30:00,13,2,1,7,30,202,337,,,,Plein jour,Hors agglomération,Hors intersection,Normale,Deux véhicules - frontale,,,,,,,,,,,1,1,1,1.0,1
201300008941,0013-04-02 10:30:00,13,4,2,10,30,202,59,,,,Plein jour,Hors agglomération,Hors intersection,Pluie forte,Deux véhicules - côté,,,,,,,,,,,1,1,1,3.0,3
201300008942,0013-08-24 03:15:00,13,8,24,3,15,202,79,,,,Nuit sans éclairage public,Hors agglomération,Hors intersection,Normale,Autre collision,,,,,,,,,,,3,1,1,1.0,6
201300008943,0013-09-22 13:00:00,13,9,22,13,0,202,162,,,,Plein jour,Hors agglomération,Hors intersection,Normale,Autre collision,,,,,,,,,,,1,1,1,1.0,6
201300008944,0013-09-23 06:45:00,13,9,23,6,45,202,220,,,,Crépuscule ou aube,Hors agglomération,Hors intersection,Normale,Autre collision,,,,,,,,,,,2,1,1,1.0,6
201300008945,0013-10-06 17:30:00,13,10,6,17,30,202,289,,,,Plein jour,Hors agglomération,Hors intersection,Normale,Deux véhicules - frontale,,,,,,,,,,,1,1,1,1.0,1
201300008946,0013-10-18 07:00:00,13,10,18,7,0,202,193,,,,Crépuscule ou aube,Hors agglomération,Hors intersection,Normale,Autre collision,,,,,,,,,,,2,1,1,1.0,6
201300008947,0013-10-08 13:30:00,13,10,8,13,30,202,289,,,,Plein jour,Hors agglomération,Hors intersection,Normale,Autre collision,,,,,,,,,,,1,1,1,1.0,6
201300008948,0013-03-01 07:45:00,13,3,1,7,45,202,123,,,,Plein jour,Hors agglomération,Hors intersection,Pluie légère,Sans collision,,,,,,,,,,,1,1,1,2.0,7
201300008949,0013-05-04 19:45:00,13,5,4,19,45,202,123,,,,Crépuscule ou aube,Hors agglomération,Hors intersection,Pluie légère,Autre collision,,,,,,,,,,,2,1,1,2.0,6
201300008950,0013-06-04 12:30:00,13,6,4,12,30,202,342,,,,Plein jour,Hors agglomération,Hors intersection,Normale,Deux véhicules - arrière,,,,,,,,,,,1,1,1,1.0,2
201300008951,0013-06-10 02:45:00,13,6,10,2,45,202,123,RN198,,,Nuit sans éclairage public,En agglomération,Hors intersection,Normale,Autre collision,,,,,,,,,,,3,2,1,1.0,6
201300008952,0013-08-27 20:30:00,13,8,27,20,30,202,277,,,,Crépuscule ou aube,Hors agglomération,Hors intersection,Normale,Deux véhicules - côté,,,,,,,,,,,2,1,1,1.0,3
201300008953,0013-08-28 15:15:00,13,8,28,15,15,202,283,,,,Plein jour,Hors agglomération,Hors intersection,Normale,Deux véhicules - côté,,,,,,,,,,,1,1,1,1.0,3
201300008954,0013-08-28 16:30:00,13,8,28,16,30,202,123,Chemin de Gattone,,,Plein jour,En agglomération,Hors intersection,Normale,Deux véhicules - côté,,,,,,,,,,,1,2,1,1.0,3
201300008955,0013-10-04 10:15:00,13,10,4,10,15,202,123,,,,Plein jour,Hors agglomération,Hors intersection,Normale,Deux véhicules - côté,,,,,,,,,,,1,1,1,1.0,3
201300008956,0013-12-16 18:00:00,13,12,16,18,0,202,123,,,,Nuit avec éclairage allumé,Hors agglomération,Hors intersection,Normale,Autre collision,,,,,,,,,,,5,1,1,1.0,6
201300008957,0013-01-06 22:30:00,13,1,6,22,30,202,143,,,,Nuit sans éclairage public,Hors agglomération,Hors intersection,Normale,Autre collision,,,,,,,,,,,3,1,1,1.0,6
201300008958,0013-07-03 11:00:00,13,7,3,11,0,202,143,,,,Plein jour,Hors agglomération,Hors intersection,Normale,Deux véhicules - arrière,,,,,,,,,,,1,1,1,1.0,2
201300008959,0013-07-23 11:30:00,13,7,23,11,30,202,143,,,,Plein jour,Hors agglomération,Hors intersection,Normale,Deux véhicules - côté,,,,,,,,,,,1,1,1,1.0,3
201300008960,0013-08-20 17:00:00,13,8,20,17,0,202,9,,,,Plein jour,Hors agglomération,Hors intersection,Normale,Deux véhicules - frontale,,,,,,,,,,,1,1,1,1.0,1
201300008961,0013-10-14 11:45:00,13,10,14,11,45,202,177,,,,Plein jour,Hors agglomération,Hors intersection,Normale,Deux véhicules - frontale,,,,,,,,,,,1,1,1,1.0,1
201300008962,0013-11-03 14:15:00,13,11,3,14,15,202,143,,,,Plein jour,Hors agglomération,Hors intersection,Normale,Deux véhicules - arrière,,,,,,,,,,,1,1,1,1.0,2
201300008963,0013-12-03 17:45:00,13,12,3,17,45,202,9,,,,Nuit sans éclairage public,Hors agglomération,Hors intersection,Normale,Deux véhicules - frontale,,,,,,,,,,,3,1,1,1.0,1
201300008964,0013-02-21 14:30:00,13,2,21,14,30,202,87,,,,Plein jour,Hors agglomération,Hors intersection,Normale,Deux véhicules - frontale,,,,,,,,,,,1,1,1,1.0,1
201300008965,0013-04-13 06:30:00,13,4,13,6,30,202,57,,,,Plein jour,Hors agglomération,Hors intersection,Normale,Autre collision,,,,,,,,,,,1,1,1,1.0,6
201300008966,0013-05-07 08:45:00,13,5,7,8,45,202,307,,,,Plein jour,Hors agglomération,Hors intersection,Normale,Deux véhicules - côté,,,,,,,,,,,1,1,1,1.0,3
201300008967,0013-05-20 15:30:00,13,5,20,15,30,202,303,,,,Plein jour,Hors agglomération,Hors intersection,Normale,Deux véhicules - côté,,,,,,,,,,,1,1,1,1.0,3
201300008968,0013-09-10 11:45:00,13,9,10,11,45,202,307,,,,Plein jour,Hors agglomération,Hors intersection,Normale,Autre collision,,,,,,,,,,,1,1,1,1.0,6
201300008969,0013-10-01 15:00:00,13,10,1,15,0,202,303,,,,Plein jour,Hors agglomération,Hors intersection,Normale,Autre collision,,,,,,,,,,,1,1,1,1.0,6
201300008970,0013-12-13 11:45:00,13,12,13,11,45,202,313,,,,Plein jour,Hors agglomération,Hors intersection,Normale,Deux véhicules - côté,,,,,,,,,,,1,1,1,1.0,3
201300008971,0013-05-14 17:45:00,13,5,14,17,45,202,207,,,,Plein jour,Hors agglomération,Hors intersection,Normale,Deux véhicules - côté,,,,,,,,,,,1,1,1,1.0,3
201300008972,0013-10-05 14:15:00,13,10,5,14,15,202,343,,,,Plein jour,Hors agglomération,Hors intersection,Normale,Deux véhicules - frontale,,,,,,,,,,,1,1,1,1.0,1
201300008973,0013-10-19 07:15:00,13,10,19,7,15,202,343,,,,Plein jour,Hors agglomération,Hors intersection,Normale,Autre collision,,,,,,,,,,,1,1,1,1.0,6
201300008974,0013-12-05 12:00:00,13,12,5,12,0,202,286,,42.488,9.481,Plein jour,En agglomération,Hors intersection,Normale,Autre collision,,,,,,,,,,,1,2,1,1.0,6
201300008975,0013-02-23 18:10:00,13,2,23,18,10,50,23,FORGUES (AVENUE DU PROF.,44.90557,6.63033,Plein jour,En agglomération,Hors intersection,Normale,Autre collision,,,,,,,,,,,1,2,1,1.0,6
201300008976,0013-03-09 00:01:00,13,3,9,0,1,50,23,ITALIE (ROUTE D'),44.90143,6.6436,Nuit avec éclairage allumé,En agglomération,Giratoire,Normale,Autre collision,,,,,,,,,,,5,2,6,1.0,6
201300008977,0013-04-17 10:23:00,13,4,17,10,23,50,23,DAUPHINE (AVENUE DU),44.9033,6.63039,Plein jour,En agglomération,Intersection en T,Normale,Deux véhicules - côté,,,,,,,,,,,1,2,3,1.0,3
201300008978,0013-05-12 09:35:00,13,5,12,9,35,50,23,FONTENIL (ROUTE DU),44.90259,6.64949,Plein jour,En agglomération,Hors intersection,Normale,Deux véhicules - frontale,,,,,,,,,,,1,2,1,1.0,1
201300008979,0013-05-27 03:53:00,13,5,27,3,53,50,23,IZOARD (AVENUE DU COL D',,,Nuit sans éclairage public,Hors agglomération,Hors intersection,Normale,Autre collision,,,,,,,,,,,3,1,1,1.0,6
201300008980,0013-06-08 06:20:00,13,6,8,6,20,50,23,"1, MONDET (RUE ALFRED)",44.88721,6.63365,Plein jour,En agglomération,Giratoire,Normale,Autre collision,,,,,,,,,,,1,2,6,1.0,6
201300008981,0013-06-25 16:20:00,13,6,25,16,20,50,23,DE GAULLE (AVENUE DU GEN,44.89497,6.6331,Plein jour,En agglomération,Hors intersection,Normale,Autre collision,,,,,,,,,,,1,2,1,1.0,6
201300008982,0013-07-05 09:20:00,13,7,5,9,20,50,23,REPUBLIQUE (AVENUE DE LA,44.89668,6.63485,Plein jour,En agglomération,Hors intersection,Temps éblouissant,Autre collision,,,,,,,,,,,1,2,1,7.0,6
201300008983,0013-07-11 10:10:00,13,7,11,10,10,50,23,FONTAINIERS (RUE DES),44.8848,6.62421,Plein jour,En agglomération,Hors intersection,Normale,Deux véhicules - arrière,,,,,,,,,,,1,2,1,1.0,2
201300008984,0013-07-12 11:10:00,13,7,12,11,10,50,23,FORGUES (AVENUE DU PROF.,44.90564,6.6295,Plein jour,En agglomération,Intersection en T,Normale,Deux véhicules - côté,,,,,,,,,,,1,2,3,1.0,3
201300008985,0013-07-19 17:00:00,13,7,19,17,0,50,23,SAVOIE (AVENUE DE),44.91666,6.62234,Plein jour,En agglomération,Intersection en Y,Pluie légère,Deux véhicules - côté,,,,,,,,,,,1,2,4,2.0,3
201300008986,0013-07-22 09:55:00,13,7,22,9,55,50,23,PETSCHE (AVENUE MAURICE),44.89581,6.63298,Plein jour,En agglomération,Hors intersection,Normale,Trois véhicules et plus - en chaîne,,,,,,,,,,,1,2,1,1.0,4
201300008987,0013-07-25 21:10:00,13,7,25,21,10,50,23,ITALIE (ROUTE D'),44.90789,6.66201,Nuit sans éclairage public,Hors agglomération,Hors intersection,Normale,Autre collision,,,,,,,,,,,3,1,1,1.0,6
201300008988,0013-08-13 12:55:00,13,8,13,12,55,50,23,BARBOT (AVENUE DU GENERA,44.9012,6.63209,Plein jour,En agglomération,Intersection en T,Normale,Deux véhicules - côté,,,,,,,,,,,1,2,3,1.0,3
201300008989,0013-08-24 15:55:00,13,8,24,15,55,50,23,DAUPHINE (AVENUE DU),44.90321,6.6305,Plein jour,En agglomération,Hors intersection,Pluie légère,Deux véhicules - côté,,,,,,,,,,,1,2,1,2.0,3
201300008990,0013-10-02 10:00:00,13,10,2,10,0,50,23,"23, BERMOND GONNET (RUE)",44.89113,6.63138,Plein jour,En agglomération,Autre intersection,Normale,Deux véhicules - côté,,,,,,,,,,,1,2,9,1.0,3
201300008991,0013-10-04 18:50:00,13,10,4,18,50,50,23,DAUPHINE (AVENUE DU),44.90341,6.6299,Crépuscule ou aube,En agglomération,Hors intersection,Pluie légère,Deux véhicules - côté,,,,,,,,,,,2,2,1,2.0,3
201300008992,0013-12-20 19:30:00,13,12,20,19,30,50,23,PETSCHE (AVE MAURICE),44.89522,6.63085,Nuit avec éclairage allumé,En agglomération,Intersection en T,Neige / grêle,Sans collision,,,,,,,,,,,5,2,3,4.0,7
201300008993,0013-12-29 19:50:00,13,12,29,19,50,50,23,REPUBLIQUE (AVENUE DE LA,44.89888,6.64089,Nuit avec éclairage allumé,En agglomération,Hors intersection,Normale,Deux véhicules - frontale,,,,,,,,,,,5,2,1,1.0,1
201300008994,0013-12-30 05:30:00,13,12,30,5,30,50,23,"27, MAISONS BLANCHES (RU",44.88464,6.62891,Nuit avec éclairage allumé,En agglomération,Hors intersection,Normale,Deux véhicules - frontale,,,,,,,,,,,5,2,1,1.0,1
201300008995,0013-12-18 09:45:00,13,12,18,9,45,50,61,CD 900B,44.51002,6.06962,Plein jour,Hors agglomération,Hors intersection,Normale,Deux véhicules - côté,,,,,,,,,,,1,1,1,1.0,3
201300008996,0013-01-09 10:20:00,13,1,9,10,20,50,61,"6, MANTEYER ( PLACE )",44.55769,6.0776,Plein jour,En agglomération,Hors intersection,Normale,Autre collision,,,,,,,,,,,1,2,1,1.0,6
201300008997,0013-01-22 16:45:00,13,1,22,16,45,50,61,EMBRUN ( AVENUE D'),44.5691,6.10187,Plein jour,En agglomération,Hors intersection,Normale,Autre collision,,,,,,,,,,,1,2,1,1.0,6
201300008998,0013-02-08 18:26:00,13,2,8,18,26,50,61,GUILLAUME FAREL ( AVENUE,44.55985,6.07534,Nuit avec éclairage allumé,En agglomération,Hors intersection,Normale,Autre collision,,,,,,,,,,,5,2,1,1.0,6
201300008999,0013-02-09 21:36:00,13,2,9,21,36,50,61,RN 85,44.50993,6.04589,Nuit sans éclairage public,Hors agglomération,Hors intersection,Normale,Trois véhicules et plus - en chaîne,,,,,,,,,,,3,1,1,1.0,4
201300009000,0013-02-22 12:30:00,13,2,22,12,30,50,61,Chemin du Clos de Charen,44.57623,6.06253,Plein jour,En agglomération,Hors intersection,Normale,Deux véhicules - frontale,,,,,,,,,,,1,2,1,1.0,1
201300009001,0013-01-18 10:15:00,13,1,18,10,15,50,61,LUYE ( ROUTE DE LA ),,,Plein jour,Hors agglomération,Hors intersection,Normale,Trois véhicules et plus - collisions multiples,,,,,,,,,,,1,1,1,1.0,5
201300009002,0013-03-28 16:55:00,13,3,28,16,55,50,61,GEORGES POUGET ( RUE),44.55803,6.06857,Plein jour,En agglomération,Hors intersection,Pluie légère,Autre collision,,,,,,,,,,,1,2,1,2.0,6
201300009003,0013-04-08 08:30:00,13,4,8,8,30,50,61,JEAN JAURES ( AVENUE ),44.54872,6.06712,Plein jour,En agglomération,Hors intersection,Normale,Deux véhicules - arrière,,,,,,,,,,,1,2,1,1.0,2
201300009004,0013-04-14 12:20:00,13,4,14,12,20,50,61,FAUVINS ( ROUTE  DES ),44.56392,6.10037,Plein jour,En agglomération,Giratoire,Normale,Deux véhicules - côté,,,,,,,,,,,1,2,6,1.0,3
201300009005,0013-05-20 17:15:00,13,5,20,17,15,50,61,VEYNES ( ROUTE DE ),44.54857,6.03819,Plein jour,Hors agglomération,Hors intersection,Normale,Deux véhicules - côté,,,,,,,,,,,1,1,1,1.0,3
201300009006,0013-05-27 17:30:00,13,5,27,17,30,50,61,RN 85,44.58876,6.08119,Plein jour,Hors agglomération,Intersection en T,Normale,Deux véhicules - côté,,,,,,,,,,,1,1,3,1.0,3
201300009007,0013-05-30 12:30:00,13,5,30,12,30,50,61,ST ARNOUX ( PLACE ),44.55736,6.07717,Plein jour,En agglomération,Hors intersection,Normale,Deux véhicules - côté,,,,,,,,,,,1,2,1,1.0,3
201300009008,0013-06-01 15:55:00,13,6,1,15,55,50,61,JEAN JAURES ( AVENUE ),44.5532,6.07262,Plein jour,En agglomération,Hors intersection,Normale,Deux véhicules - arrière,,,,,,,,,,,1,2,1,1.0,2
201300009009,0013-07-16 08:20:00,13,7,16,8,20,50,61,EMBRUN ( AVENUE D'),44.56863,6.10007,Plein jour,En agglomération,Hors intersection,Normale,Deux véhicules - côté,,,,,,,,,,,1,2,1,1.0,3
201300009010,0013-06-25 15:15:00,13,6,25,15,15,50,61,COMMANDANT DUMONT ( AVEN,44.56565,6.08361,Plein jour,En agglomération,Hors intersection,Normale,Autre collision,,,,,,,,,,,1,2,1,1.0,6
201300009011,0013-08-02 16:20:00,13,8,2,16,20,50,61,JEAN JAURES ( AVENUE ),44.55351,6.073,Plein jour,En agglomération,Intersection en T,Normale,Deux véhicules - côté,,,,,,,,,,,1,2,3,1.0,3
201300009012,0013-08-21 17:10:00,13,8,21,17,10,50,61,JEAN JAURES ( AVENUE ),44.55295,6.07231,Plein jour,En agglomération,Hors intersection,Normale,Deux véhicules - côté,,,,,,,,,,,1,2,1,1.0,3
201300009013,0013-08-28 09:05:00,13,8,28,9,5,50,61,SOLEIL ( RUE DU ),44.54068,6.05725,Plein jour,En agglomération,Intersection en T,Normale,Autre collision,,,,,,,,,,,1,2,3,1.0,6
201300009014,0013-09-06 06:50:00,13,9,6,6,50,50,61,EYSSAGNIERES ( ROUTE DES,44.53803,6.05171,Plein jour,En agglomération,Hors intersection,Normale,Deux véhicules - arrière,,,,,,,,,,,1,2,1,1.0,2
201300009015,0013-09-19 14:45:00,13,9,19,14,45,50,61,FRANCOIS MITTERAND (AVEN,44.54279,6.05984,Plein jour,En agglomération,Hors intersection,Normale,Autre collision,,,,,,,,,,,1,2,1,1.0,6
201300009016,0013-09-22 13:00:00,13,9,22,13,0,50,61,GEORGES POMPIDOU ( BD),44.55666,6.07978,Plein jour,En agglomération,Hors intersection,Normale,Autre collision,,,,,,,,,,,1,2,1,1.0,6
201300009017,0013-10-03 12:25:00,13,10,3,12,25,50,61,COMMANDANT DUMONT ( AVEN,44.56322,6.08389,Plein jour,En agglomération,Intersection en T,Normale,Deux véhicules - côté,,,,,,,,,,,1,2,3,1.0,3
201300009018,0013-10-08 07:21:00,13,10,8,7,21,50,61,RN 85,44.62086,6.08223,Crépuscule ou aube,Hors agglomération,Hors intersection,Temps couvert,Deux véhicules - côté,,,,,,,,,,,2,1,1,8.0,3
201300009019,0013-10-08 17:48:00,13,10,8,17,48,50,61,RD944,44.6065,6.11807,Plein jour,Hors agglomération,Hors intersection,Normale,Deux véhicules - frontale,,,,,,,,,,,1,1,1,1.0,1
201300009020,0013-10-30 12:30:00,13,10,30,12,30,50,61,COMMANDANT DUMONT ( AVEN,44.56729,6.08343,Plein jour,En agglomération,Intersection en T,Normale,Deux véhicules - côté,,,,,,,,,,,1,2,3,1.0,3
201300009021,0013-11-14 17:20:00,13,11,14,17,20,50,61,FRANCOIS MITTERAND (AVEN,44.54623,6.06407,Crépuscule ou aube,En agglomération,Intersection en T,Normale,Deux véhicules - côté,,,,,,,,,,,2,2,3,1.0,3
201300009022,0013-02-02 18:00:00,13,2,2,18,0,780,255,rue des vergers,,,Crépuscule ou aube,En agglomération,Hors intersection,Normale,Autre collision,,,,,,,,,,,2,2,1,1.0,6
201300009023,0013-04-11 21:30:00,13,4,11,21,30,780,320,,,,Nuit sans éclairage public,Hors agglomération,Hors intersection,Normale,Deux véhicules - frontale,,,,,,,,,,,3,1,1,1.0,1
201300009024,0013-04-24 08:15:00,13,4,24,8,15,780,89,avenue Aristide Briand,,,Plein jour,En agglomération,Hors intersection,Normale,Deux véhicules - arrière,,,,,,,,,,,1,2,1,1.0,2
201300009025,0013-06-07 15:00:00,13,6,7,15,0,780,503,RD915,,,Plein jour,En agglomération,Hors intersection,Normale,Deux véhicules - côté,,,,,,,,,,,1,2,1,1.0,3
201300009026,0013-08-01 19:45:00,13,8,1,19,45,780,255,Rue des Alpes,,,Plein jour,En agglomération,Hors intersection,Normale,Autre collision,,,,,,,,,,,1,2,1,1.0,6
201300009027,0013-09-24 18:45:00,13,9,24,18,45,780,385,,,,Plein jour,Hors agglomération,Hors intersection,Normale,Deux véhicules - frontale,,,,,,,,,,,1,1,1,1.0,1
201300009028,0013-11-05 18:00:00,13,11,5,18,0,780,107,2 ROUTE DE LONGNES,,,Nuit avec éclairage allumé,En agglomération,Hors intersection,Pluie légère,Autre collision,,,,,,,,,,,5,2,1,2.0,6
201300009029,0013-06-30 15:00:00,13,6,30,15,0,780,107,,,,Crépuscule ou aube,Hors agglomération,Hors intersection,Normale,Autre collision,,,,,,,,,,,2,1,1,1.0,6
201300009030,0013-08-06 17:30:00,13,8,6,17,30,780,536,,,,Plein jour,Hors agglomération,Hors intersection,Normale,Deux véhicules - côté,,,,,,,,,,,1,1,1,1.0,3
201300009031,0013-11-02 18:15:00,13,11,2,18,15,780,246,,49.037,1.749,Nuit sans éclairage public,Hors agglomération,Intersection en X,Normale,Deux véhicules - côté,,,,,,,,,,,3,1,2,1.0,3
201300009032,0013-05-08 12:30:00,13,5,8,12,30,780,206,,,,Plein jour,Hors agglomération,Hors intersection,Normale,Deux véhicules - côté,,,,,,,,,,,1,1,1,1.0,3
201300009033,0013-10-11 12:45:00,13,10,11,12,45,780,206,,,,Plein jour,Hors agglomération,Hors intersection,Pluie légère,Deux véhicules - côté,,,,,,,,,,,1,1,1,2.0,3
201300009034,0013-01-17 18:00:00,13,1,17,18,0,780,381,,48.799,1.619,Nuit sans éclairage public,Hors agglomération,Hors intersection,Normale,Deux véhicules - frontale,,,,,,,,,,,3,1,1,1.0,1
201300009035,0013-02-28 17:30:00,13,2,28,17,30,780,310,68 rue de Paris,48.798,1.602,Plein jour,En agglomération,Hors intersection,Normale,Autre collision,,,,,,,,,,,1,2,1,1.0,6
201300009036,0013-03-28 08:00:00,13,3,28,8,0,780,310,rue Saint-Mathieu,,,Plein jour,En agglomération,Hors intersection,Normale,Deux véhicules - frontale,,,,,,,,,,,1,2,1,1.0,1
201300009037,0013-05-01 06:00:00,13,5,1,6,0,780,310,Route d'Anet,48.812,1.591,Nuit avec éclairage allumé,En agglomération,Hors intersection,Normale,Autre collision,,,,,,,,,,,5,2,1,1.0,6
201300009038,0013-05-25 11:45:00,13,5,25,11,45,780,381,,48.796,1.631,Plein jour,Hors agglomération,Hors intersection,Normale,Autre collision,,,,,,,,,,,1,1,1,1.0,6