accident_id,datetime,annee,mois,jour,heure,minute,departement,commune_insee,adresse,latitude,longitude,luminosite,agglomeration,intersection,meteo,collision,nb_vehicules,nb_usagers,nb_indemnes,nb_tues,nb_blesses_hosp,nb_blesses_legers,age_cond_1,age_cond_2,veh_type_cond_1,veh_type_cond_2,lum_code,agg_code,int_code,atm_code,col_code
201300009039,0013-05-30 21:00:00,13,5,30,21,0,780,171,,48.736,1.639,Plein jour,En agglomération,Intersection en X,Temps couvert,Deux véhicules - côté,,,,,,,,,,,1,2,2,8.0,3
201300009040,0013-06-10 13:00:00,13,6,10,13,0,780,48,,48.798,1.649,Plein jour,Hors agglomération,Hors intersection,Normale,Trois véhicules et plus - en chaîne,,,,,,,,,,,1,1,1,1.0,4
201300009041,0013-06-18 22:00:00,13,6,18,22,0,780,381,,,,Crépuscule ou aube,Hors agglomération,Hors intersection,Normale,Autre collision,,,,,,,,,,,2,1,1,1.0,6
201300009042,0013-07-21 03:15:00,13,7,21,3,15,780,263,,,,Nuit sans éclairage public,Hors agglomération,Hors intersection,Normale,Autre collision,,,,,,,,,,,3,1,1,1.0,6
201300009043,0013-09-24 20:00:00,13,9,24,20,0,780,381,,48.797,1.634,Crépuscule ou aube,Hors agglomération,Hors intersection,Normale,Autre collision,,,,,,,,,,,2,1,1,1.0,6
201300009044,0013-10-01 08:00:00,13,10,1,8,0,780,381,,,,Crépuscule ou aube,Hors agglomération,Hors intersection,Brouillard / fumée,Autre collision,,,,,,,,,,,2,1,1,5.0,6
201300009045,0013-11-13 09:30:00,13,11,13,9,30,780,310,rue de paris,,,Plein jour,En agglomération,Hors intersection,Normale,Autre collision,,,,,,,,,,,1,2,1,1.0,6
201300009046,0013-11-29 00:30:00,13,11,29,0,30,780,171,,48.744,1.656,Nuit avec éclairage allumé,En agglomération,Hors intersection,Brouillard / fumée,Autre collision,,,,,,,,,,,5,2,1,5.0,6
201300009047,0013-12-07 15:15:00,13,12,7,15,15,780,310,151 rue clos de l'ecu,48.796,1.606,Plein jour,En agglomération,Hors intersection,Normale,Deux véhicules - frontale,,,,,,,,,,,1,2,1,1.0,1
201300009048,0013-12-12 17:00:00,13,12,12,17,0,780,310,,48.799,1.603,Nuit avec éclairage allumé,En agglomération,Giratoire,Normale,Autre collision,,,,,,,,,,,5,2,6,1.0,6
201300009049,0013-12-12 19:00:00,13,12,12,19,0,780,381,,48.784,1.624,Nuit avec éclairage allumé,Hors agglomération,Hors intersection,Autre,Trois véhicules et plus - en chaîne,,,,,,,,,,,5,1,1,9.0,4
201300009050,0013-12-13 16:00:00,13,12,13,16,0,780,381,,,,Plein jour,Hors agglomération,Autre intersection,Normale,Autre collision,,,,,,,,,,,1,1,9,1.0,6
201300009051,0013-06-21 12:00:00,13,6,21,12,0,780,368,1 rue Christian Pouillar,,,Plein jour,En agglomération,Hors intersection,Normale,Autre collision,,,,,,,,,,,1,2,1,1.0,6
201300009052,0013-07-18 12:45:00,13,7,18,12,45,780,380,,,,Plein jour,Hors agglomération,Hors intersection,Normale,Sans collision,,,,,,,,,,,1,1,1,1.0,7
201300009053,0013-09-03 19:15:00,13,9,3,19,15,780,368,,,,Plein jour,Hors agglomération,Hors intersection,Normale,Deux véhicules - arrière,,,,,,,,,,,1,1,1,1.0,2
201300009054,0013-09-22 18:00:00,13,9,22,18,0,780,33,RD 191,48.937,1.846,Plein jour,En agglomération,Hors intersection,Normale,Deux véhicules - frontale,,,,,,,,,,,1,2,1,1.0,1
201300009055,0013-11-01 04:00:00,13,11,1,4,0,780,305,,,,Nuit sans éclairage public,Hors agglomération,Hors intersection,Pluie légère,Sans collision,,,,,,,,,,,3,1,1,2.0,7
201300009056,0013-07-23 08:45:00,13,7,23,8,45,780,163,,,,Plein jour,Hors agglomération,Hors intersection,Normale,Deux véhicules - frontale,,,,,,,,,,,1,1,1,1.0,1
201300009057,0013-10-08 06:45:00,13,10,8,6,45,780,591,rue de Houdan,,,Nuit avec éclairage allumé,En agglomération,Hors intersection,Pluie légère,Autre collision,,,,,,,,,,,5,2,1,2.0,6
201300009058,0013-05-26 22:45:00,13,5,26,22,45,780,464,,,,Nuit sans éclairage public,Hors agglomération,Hors intersection,Normale,Deux véhicules - arrière,,,,,,,,,,,3,1,1,1.0,2
201300009059,0013-06-26 11:15:00,13,6,26,11,15,780,557,,,,Plein jour,Hors agglomération,Hors intersection,Normale,Autre collision,,,,,,,,,,,1,1,1,1.0,6
201300009060,0013-09-25 15:15:00,13,9,25,15,15,780,108,,,,Plein jour,Hors agglomération,Hors intersection,Normale,Deux véhicules - côté,,,,,,,,,,,1,1,1,1.0,3
201300009061,0013-09-30 17:30:00,13,9,30,17,30,780,108,,,,Plein jour,Hors agglomération,Hors intersection,Normale,Deux véhicules - frontale,,,,,,,,,,,1,1,1,1.0,1
201300009062,0013-10-18 09:15:00,13,10,18,9,15,780,209,,,,Crépuscule ou aube,Hors agglomération,Hors intersection,Brouillard / fumée,Deux véhicules - frontale,,,,,,,,,,,2,1,1,5.0,1
201300009063,0013-01-24 10:30:00,13,1,24,10,30,780,478,RN 191,48.46573,1.87593,Plein jour,Hors agglomération,Hors intersection,Brouillard / fumée,Deux véhicules - frontale,,,,,,,,,,,1,1,1,5.0,1
201300009064,0013-02-17 03:45:00,13,2,17,3,45,780,3,RN 10,48.52723,1.83086,Nuit sans éclairage public,Hors agglomération,Hors intersection,Temps couvert,Autre collision,,,,,,,,,,,3,1,1,8.0,6
201300009065,0013-06-22 20:00:00,13,6,22,20,0,780,164,,,,Crépuscule ou aube,Hors agglomération,Hors intersection,Normale,Deux véhicules - côté,,,,,,,,,,,2,1,1,1.0,3
201300009066,0013-09-05 16:30:00,13,9,5,16,30,780,470,,48.582,1.8,Plein jour,Hors agglomération,Intersection en X,Temps éblouissant,Deux véhicules - côté,,,,,,,,,,,1,1,2,7.0,3
201300009067,0013-10-08 11:15:00,13,10,8,11,15,780,506,,,,Plein jour,Hors agglomération,Hors intersection,Normale,Autre collision,,,,,,,,,,,1,1,1,1.0,6
201300009068,0013-11-21 05:15:00,13,11,21,5,15,780,3,RN191,48.521,1.828,Nuit sans éclairage public,En agglomération,Hors intersection,Pluie légère,Sans collision,,,,,,,,,,,3,2,1,2.0,7
201300009069,0013-01-09 08:15:00,13,1,9,8,15,780,160,RD 906,48.68482,2.00416,Crépuscule ou aube,Hors agglomération,Hors intersection,Temps couvert,Autre collision,,,,,,,,,,,2,1,1,8.0,6
201300009070,0013-01-24 16:30:00,13,1,24,16,30,780,128,,,,Plein jour,Hors agglomération,Intersection en X,Temps couvert,Deux véhicules - côté,,,,,,,,,,,1,1,2,8.0,3
201300009071,0013-03-03 16:00:00,13,3,3,16,0,780,128,RD 149/RD 906,48.67721,1.98927,Plein jour,Hors agglomération,Intersection en T,Normale,Deux véhicules - côté,,,,,,,,,,,1,1,3,1.0,3
201300009072,0013-04-24 17:30:00,13,4,24,17,30,780,128,,,,Plein jour,Hors agglomération,Hors intersection,Normale,Deux véhicules - arrière,,,,,,,,,,,1,1,1,1.0,2
201300009073,0013-07-02 20:30:00,13,7,2,20,30,780,162,cd 40 - pk +00.500,,,Plein jour,En agglomération,Hors intersection,Normale,Sans collision,,,,,,,,,,,1,2,1,1.0,7
201300009074,0013-07-14 18:00:00,13,7,14,18,0,780,128,,,,Plein jour,Hors agglomération,Hors intersection,Normale,Autre collision,,,,,,,,,,,1,1,1,1.0,6
201300009075,0013-07-13 19:45:00,13,7,13,19,45,780,30,,,,Plein jour,Hors agglomération,Hors intersection,Normale,Sans collision,,,,,,,,,,,1,1,1,1.0,7
201300009076,0013-08-09 13:15:00,13,8,9,13,15,780,548,,,,Plein jour,Hors agglomération,Hors intersection,Normale,Autre collision,,,,,,,,,,,1,1,1,1.0,6
201300009077,0013-09-11 07:00:00,13,9,11,7,0,780,575,RUE DITTE,,,Crépuscule ou aube,En agglomération,Hors intersection,Normale,Sans collision,,,,,,,,,,,2,2,1,1.0,7
201300009078,0013-10-15 18:45:00,13,10,15,18,45,780,575,chemin de coubertin,,,Crépuscule ou aube,En agglomération,Hors intersection,Normale,Trois véhicules et plus - collisions multiples,,,,,,,,,,,2,2,1,1.0,5
201300009079,0013-10-19 18:00:00,13,10,19,18,0,780,193,,48.167,1.567,Plein jour,Hors agglomération,Hors intersection,Normale,Sans collision,,,,,,,,,,,1,1,1,1.0,7
201300009080,0013-02-22 05:00:00,13,2,22,5,0,780,389,,48.805,1.816,Nuit sans éclairage public,Hors agglomération,Hors intersection,Normale,Autre collision,,,,,,,,,,,3,1,1,1.0,6
201300009081,0013-02-28 19:30:00,13,2,28,19,30,780,50,,48.785,1.846,Nuit avec éclairage allumé,Hors agglomération,Hors intersection,Normale,Autre collision,,,,,,,,,,,5,1,1,1.0,6
201300009082,0013-03-12 15:30:00,13,3,12,15,30,780,398,RD 191,48.74647,1.83188,Plein jour,En agglomération,Hors intersection,Neige / grêle,Trois véhicules et plus - collisions multiples,,,,,,,,,,,1,2,1,4.0,5
201300009083,0013-04-02 23:30:00,13,4,2,23,30,780,443,,48.837,1.853,Nuit sans éclairage public,Hors agglomération,Hors intersection,Normale,Trois véhicules et plus - collisions multiples,,,,,,,,,,,3,1,1,1.0,5
201300009084,0013-04-14 17:45:00,13,4,14,17,45,780,389,,48.8,1.814,Plein jour,Hors agglomération,Hors intersection,Normale,Deux véhicules - arrière,,,,,,,,,,,1,1,1,1.0,2
201300009085,0013-04-19 17:45:00,13,4,19,17,45,780,366,RN 12,48.79834,1.86006,Plein jour,Hors agglomération,Hors intersection,Normale,Autre collision,,,,,,,,,,,1,1,1,1.0,6
201300009086,0013-11-23 05:30:00,13,11,23,5,30,780,264,,48.763,1.738,Nuit sans éclairage public,Hors agglomération,Hors intersection,Normale,Autre collision,,,,,,,,,,,3,1,1,1.0,6
201300009087,0013-12-12 09:45:00,13,12,12,9,45,780,653,,48.819,1.829,Plein jour,Hors agglomération,Hors intersection,Normale,Deux véhicules - arrière,,,,,,,,,,,1,1,1,1.0,2
201300009088,0013-12-23 18:45:00,13,12,23,18,45,780,562,,48.721,1.769,Nuit avec éclairage allumé,En agglomération,Hors intersection,Vent fort / tempête,Autre collision,,,,,,,,,,,5,2,1,6.0,6
201300009089,0013-02-28 23:00:00,13,2,28,23,0,780,62,route de beynes,,,Nuit avec éclairage non allumé,En agglomération,Hors intersection,Normale,Sans collision,,,,,,,,,,,4,2,1,1.0,7
201300009090,0013-11-01 13:45:00,13,11,1,13,45,780,321,,,,Plein jour,Hors agglomération,Hors intersection,Pluie légère,Autre collision,,,,,,,,,,,1,1,1,2.0,6
201300009091,0013-01-13 14:00:00,13,1,13,14,0,780,404,,,,Plein jour,Hors agglomération,Hors intersection,Temps couvert,Autre collision,,,,,,,,,,,1,1,1,8.0,6
201300009092,0013-02-15 08:15:00,13,2,15,8,15,780,616,RD 45,48.87596,1.81151,Plein jour,Hors agglomération,Hors intersection,Temps couvert,Autre collision,,,,,,,,,,,1,1,1,8.0,6
201300009093,0013-04-20 19:45:00,13,4,20,19,45,780,513,,,,Plein jour,Hors agglomération,Hors intersection,Normale,Deux véhicules - arrière,,,,,,,,,,,1,1,1,1.0,2
201300009094,0013-09-05 15:45:00,13,9,5,15,45,780,262,,,,Plein jour,Hors agglomération,Hors intersection,Normale,Deux véhicules - côté,,,,,,,,,,,1,1,1,1.0,3
201300009095,0013-10-24 18:45:00,13,10,24,18,45,780,513,,,,Crépuscule ou aube,En agglomération,Hors intersection,Normale,Autre collision,,,,,,,,,,,2,2,1,1.0,6
201300009096,0013-11-07 17:15:00,13,11,7,17,15,780,265,parking intermarche,,,Crépuscule ou aube,En agglomération,Autre intersection,Pluie légère,Deux véhicules - arrière,,,,,,,,,,,2,2,9,2.0,2
201300009097,0013-03-31 00:30:00,13,3,31,0,30,780,87,,,,Nuit sans éclairage public,Hors agglomération,Hors intersection,Normale,Autre collision,,,,,,,,,,,3,1,1,1.0,6
201300009098,0013-04-10 23:00:00,13,4,10,23,0,780,499,,,,Nuit sans éclairage public,Hors agglomération,Intersection en X,Pluie légère,Deux véhicules - côté,,,,,,,,,,,3,1,2,2.0,3
201300009099,0013-06-19 02:00:00,13,6,19,2,0,780,87,,,,Nuit sans éclairage public,Hors agglomération,Hors intersection,Normale,Autre collision,,,,,,,,,,,3,1,1,1.0,6
201300009100,0013-07-20 19:30:00,13,7,20,19,30,780,537,rue du doc Camescasse,,,Plein jour,En agglomération,Hors intersection,Normale,Deux véhicules - frontale,,,,,,,,,,,1,2,1,1.0,1
201300009101,0013-07-10 07:00:00,13,7,10,7,0,910,235,Avenue du docteur FICHEZ,48.642,2.362,Plein jour,En agglomération,Hors intersection,Normale,Deux véhicules - arrière,,,,,,,,,,,1,2,1,1.0,2
201300009102,0013-10-13 14:30:00,13,10,13,14,30,910,235,AV DE L'HUREPOIX,48.623,2.35,Plein jour,En agglomération,Hors intersection,Normale,Deux véhicules - frontale,,,,,,,,,,,1,2,1,1.0,1
201300009103,0013-02-05 16:15:00,13,2,5,16,15,910,386,Avenue de villeroy,48.57,2.428,Plein jour,En agglomération,Hors intersection,Normale,Autre collision,,,,,,,,,,,1,2,1,1.0,6
201300009104,0013-05-16 20:00:00,13,5,16,20,0,910,179,N7,48.563,2.499,Plein jour,Hors agglomération,Hors intersection,Normale,Deux véhicules - frontale,,,,,,,,,,,1,1,1,1.0,1
201300009105,0013-07-23 11:00:00,13,7,23,11,0,910,386,avenue Darblay.,,,Plein jour,En agglomération,Giratoire,Normale,Autre collision,,,,,,,,,,,1,2,6,1.0,6
201300009106,0013-09-21 10:45:00,13,9,21,10,45,910,179,rue de MILLY,48.567,2.495,Plein jour,En agglomération,Hors intersection,Normale,Deux véhicules - frontale,,,,,,,,,,,1,2,1,1.0,1
201300009107,0013-11-24 10:00:00,13,11,24,10,0,910,179,RN7,48.568,2.49,Plein jour,En agglomération,Hors intersection,Temps éblouissant,Deux véhicules - arrière,,,,,,,,,,,1,2,1,7.0,2
201300009108,0013-03-15 11:45:00,13,3,15,11,45,910,405,D837,,,Plein jour,Hors agglomération,Hors intersection,Normale,Deux véhicules - arrière,,,,,,,,,,,1,1,1,1.0,2
201300009109,0013-04-24 19:30:00,13,4,24,19,30,910,405,D837 / D105,,,Plein jour,Hors agglomération,Intersection en X,Normale,Trois véhicules et plus - collisions multiples,,,,,,,,,,,1,1,2,1.0,5
201300009110,0013-05-15 07:15:00,13,5,15,7,15,910,599,D2,,,Crépuscule ou aube,Hors agglomération,Hors intersection,Normale,Deux véhicules - frontale,,,,,,,,,,,2,1,1,1.0,1
201300009111,0013-05-16 12:45:00,13,5,16,12,45,910,405,D837,,,Plein jour,Hors agglomération,Hors intersection,Normale,Deux véhicules - côté,,,,,,,,,,,1,1,1,1.0,3
201300009112,0013-07-16 17:00:00,13,7,16,17,0,910,405,,,,Plein jour,Hors agglomération,Hors intersection,Normale,Deux véhicules - frontale,,,,,,,,,,,1,1,1,1.0,1
201300009113,0013-09-08 01:30:00,13,9,8,1,30,910,599,D948,48.485,2.474,Nuit sans éclairage public,Hors agglomération,Hors intersection,Normale,Deux véhicules - frontale,,,,,,,,,,,3,1,1,1.0,1
201300009114,0013-09-14 22:00:00,13,9,14,22,0,910,180,D372,48.441,2.481,Nuit sans éclairage public,Hors agglomération,Hors intersection,Pluie forte,Deux véhicules - arrière,,,,,,,,,,,3,1,1,3.0,2
201300009115,0013-09-21 03:15:00,13,9,21,3,15,910,121,Route de MAISSE,,,Nuit avec éclairage non allumé,En agglomération,Hors intersection,Normale,Autre collision,,,,,,,,,,,4,2,1,1.0,6
201300009116,0013-11-10 17:30:00,13,11,10,17,30,910,405,Rue Langlois,,,Nuit avec éclairage allumé,En agglomération,Intersection en T,Normale,Deux véhicules - frontale,,,,,,,,,,,5,2,3,1.0,1
201300009117,0013-01-28 08:45:00,13,1,28,8,45,910,130,D21,48.43,2.113,Plein jour,Hors agglomération,Hors intersection,Autre,Deux véhicules - côté,,,,,,,,,,,1,1,1,9.0,3
201300009118,0013-03-20 07:45:00,13,3,20,7,45,910,200,D836,48.506,2.031,Plein jour,Hors agglomération,Hors intersection,Normale,Deux véhicules - frontale,,,,,,,,,,,1,1,1,1.0,1
201300009119,0013-05-03 18:15:00,13,5,3,18,15,910,200,D21,48.428,2.028,Plein jour,Hors agglomération,Hors intersection,Normale,Deux véhicules - côté,,,,,,,,,,,1,1,1,1.0,3
201300009120,0013-07-06 13:45:00,13,7,6,13,45,910,200,75 avenue de Paris,48.534,2.02,Plein jour,En agglomération,Hors intersection,Normale,Deux véhicules - côté,,,,,,,,,,,1,2,1,1.0,3
201300009121,0013-10-29 18:00:00,13,10,29,18,0,910,200,Boulevard des alliés,48.536,2.01399,Nuit avec éclairage allumé,En agglomération,Hors intersection,Normale,Autre collision,,,,,,,,,,,5,2,1,1.0,6
201300009122,0013-11-03 08:45:00,13,11,3,8,45,910,547,D838,48.432,1.963,Crépuscule ou aube,Hors agglomération,Hors intersection,Normale,Autre collision,,,,,,,,,,,2,1,1,1.0,6
201300009123,0013-11-21 15:30:00,13,11,21,15,30,910,130,route de boutervilliers,48.437,2.071,Crépuscule ou aube,En agglomération,Hors intersection,Temps couvert,Deux véhicules - arrière,,,,,,,,,,,2,2,1,8.0,2
201300009124,0013-12-21 20:45:00,13,12,21,20,45,910,393,RD 21,48.422,1.999,Nuit sans éclairage public,Hors agglomération,Hors intersection,Normale,Sans collision,,,,,,,,,,,3,1,1,1.0,7
201300009125,0013-01-25 07:00:00,13,1,25,7,0,910,226,N 20,48.483,2.191,Crépuscule ou aube,Hors agglomération,Hors intersection,Temps couvert,Autre collision,,,,,,,,,,,2,1,1,8.0,6
201300009126,0013-09-10 08:15:00,13,9,10,8,15,910,330,D 449,48.536,2.294,Plein jour,En agglomération,Hors intersection,Normale,Deux véhicules - côté,,,,,,,,,,,1,2,1,1.0,3
201300009127,0013-01-18 19:45:00,13,1,18,19,45,910,80,D 191,48.475,2.287,Nuit sans éclairage public,Hors agglomération,Hors intersection,Neige / grêle,Deux véhicules - frontale,,,,,,,,,,,3,1,1,4.0,1
201300009128,0013-03-22 15:45:00,13,3,22,15,45,910,100,,48.43,2.284,Plein jour,Hors agglomération,Hors intersection,Normale,Sans collision,,,,,,,,,,,1,1,1,1.0,7
201300009129,0013-05-16 16:30:00,13,5,16,16,30,910,232,av du général leclerc,,,Plein jour,En agglomération,Hors intersection,Normale,Autre collision,,,,,,,,,,,1,2,1,1.0,6
201300009130,0013-10-14 18:15:00,13,10,14,18,15,910,99,PAS LOUP CD105,,,Plein jour,En agglomération,Hors intersection,Normale,Deux véhicules - frontale,,,,,,,,,,,1,2,1,1.0,1
201300009131,0013-11-28 22:15:00,13,11,28,22,15,910,99,116 route de LA FERTE AL,48.448,2.363,Nuit avec éclairage allumé,En agglomération,Hors intersection,Temps couvert,Autre collision,,,,,,,,,,,5,2,1,8.0,6
201300009132,0013-01-12 17:00:00,13,1,12,17,0,910,294,N20,,,Crépuscule ou aube,Hors agglomération,Hors intersection,Normale,Autre collision,,,,,,,,,,,2,1,1,1.0,6
201300009133,0013-01-30 13:00:00,13,1,30,13,0,910,222,D18,48.309,2.123,Plein jour,Hors agglomération,Hors intersection,Pluie légère,Deux véhicules - frontale,,,,,,,,,,,1,1,1,2.0,1
201300009134,0013-02-23 12:30:00,13,2,23,12,30,910,533,,,,Plein jour,Hors agglomération,Hors intersection,Temps couvert,Autre collision,,,,,,,,,,,1,1,1,8.0,6
201300009135,0013-06-06 17:00:00,13,6,6,17,0,910,79,D721,,,Plein jour,Hors agglomération,Hors intersection,Normale,Deux véhicules - frontale,,,,,,,,,,,1,1,1,1.0,1
201300009136,0013-12-01 08:45:00,13,12,1,8,45,910,544,,,,Plein jour,Hors agglomération,Hors intersection,Normale,Autre collision,,,,,,,,,,,1,1,1,1.0,6
201300009137,0013-12-03 23:30:00,13,12,3,23,30,910,533,RUE DES GRAVIERS,48.362,2.125,Nuit avec éclairage allumé,En agglomération,Hors intersection,Normale,Deux véhicules - côté,,,,,,,,,,,5,2,1,1.0,3
201300009138,0013-12-13 17:45:00,13,12,13,17,45,910,79,D 721,48.388,2.169,Nuit sans éclairage public,Hors agglomération,Hors intersection,Brouillard / fumée,Deux véhicules - frontale,,,,,,,,,,,3,1,1,5.0,1
201300009139,0013-05-17 15:45:00,13,5,17,15,45,910,546,D27,48.573,2.02999,Plein jour,Hors agglomération,Hors intersection,Normale,Deux véhicules - arrière,,,,,,,,,,,1,1,1,1.0,2
201300009140,0013-09-17 16:45:00,13,9,17,16,45,910,630,D132,48.574,2.097,Plein jour,Hors agglomération,Hors intersection,Pluie légère,Deux véhicules - frontale,,,,,,,,,,,1,1,1,2.0,1
201300009141,0013-10-31 07:30:00,13,10,31,7,30,910,546,rue des Maisons Hautes,,,Crépuscule ou aube,En agglomération,Hors intersection,Normale,Deux véhicules - frontale,,,,,,,,,,,2,2,1,1.0,1
201300009142,0013-12-07 01:15:00,13,12,7,1,15,910,630,rue du village face au 7,,,Nuit avec éclairage allumé,En agglomération,Hors intersection,Normale,Autre collision,,,,,,,,,,,5,2,1,1.0,6
201300009143,0013-08-22 08:15:00,13,8,22,8,15,910,661,rue du grand dôme,48.693,2.229,Plein jour,Hors agglomération,Hors intersection,Normale,Autre collision,,,,,,,,,,,1,1,1,1.0,6
201300009144,0013-11-30 14:30:00,13,11,30,14,30,910,661,rue de villiers.,48.703,2.246,Plein jour,En agglomération,Hors intersection,Normale,Deux véhicules - côté,,,,,,,,,,,1,2,1,1.0,3
201300009145,0013-02-06 15:15:00,13,2,6,15,15,910,292,D26,48.573,2.268,Plein jour,Hors agglomération,Hors intersection,Normale,Autre collision,,,,,,,,,,,1,1,1,1.0,6
201300009146,0013-06-07 11:30:00,13,6,7,11,30,910,115,rue de la liberation,,,Plein jour,En agglomération,Intersection en Y,Normale,Deux véhicules - côté,,,,,,,,,,,1,2,4,1.0,3
201300009147,0013-06-13 22:00:00,13,6,13,22,0,910,461,,,,Plein jour,Hors agglomération,Hors intersection,Normale,Deux véhicules - arrière,,,,,,,,,,,1,1,1,1.0,2
201300009148,0013-07-12 19:15:00,13,7,12,19,15,910,115,D97,,,Plein jour,Hors agglomération,Hors intersection,Temps éblouissant,Deux véhicules - côté,,,,,,,,,,,1,1,1,7.0,3
201300009149,0013-08-05 15:00:00,13,8,5,15,0,910,292,D26,48.573,2.273,Plein jour,Hors agglomération,Hors intersection,Normale,Deux véhicules - frontale,,,,,,,,,,,1,1,1,1.0,1
201300009150,0013-10-04 19:45:00,13,10,4,19,45,910,207,Avenue d'Arpajon,48.586,2.232,Nuit avec éclairage allumé,En agglomération,Hors intersection,Normale,Deux véhicules - côté,,,,,,,,,,,5,2,1,1.0,3
201300009151,0013-07-28 06:45:00,13,7,28,6,45,910,579,rue de la Libération,,,Plein jour,En agglomération,Hors intersection,Normale,Autre collision,,,,,,,,,,,1,2,1,1.0,6
201300009152,0013-10-07 07:45:00,13,10,7,7,45,910,579,D31,,,Plein jour,Hors agglomération,Hors intersection,Normale,Deux véhicules - côté,,,,,,,,,,,1,1,1,1.0,3
201300009153,0013-10-20 09:15:00,13,10,20,9,15,910,376,Route de Leuville,,,Plein jour,En agglomération,Giratoire,Pluie légère,Deux véhicules - côté,,,,,,,,,,,1,2,6,2.0,3
201300009154,0013-11-08 17:15:00,13,11,8,17,15,910,494,,,,Plein jour,En agglomération,Hors intersection,Normale,Autre collision,,,,,,,,,,,1,2,1,1.0,6
201300009155,0013-12-29 14:45:00,13,12,29,14,45,910,494,D19,,,Plein jour,Hors agglomération,Hors intersection,Normale,Deux véhicules - frontale,,,,,,,,,,,1,1,1,1.0,1
201300009156,0013-01-01 21:45:00,13,1,1,21,45,910,338,3 rue du ruisseau,,,Nuit avec éclairage allumé,En agglomération,Hors intersection,Normale,Autre collision,,,,,,,,,,,5,2,1,1.0,6
201300009157,0013-01-11 21:15:00,13,1,11,21,15,910,338,D988,,,Crépuscule ou aube,Hors agglomération,Intersection en X,Normale,Deux véhicules - côté,,,,,,,,,,,2,1,2,1.0,3
201300009158,0013-04-05 21:00:00,13,4,5,21,0,910,249,D988,,,Plein jour,En agglomération,Hors intersection,Normale,Deux véhicules - frontale,,,,,,,,,,,1,2,1,1.0,1
201300009159,0013-05-06 17:45:00,13,5,6,17,45,910,338,,,,Plein jour,Hors agglomération,Intersection en X,Normale,Deux véhicules - côté,,,,,,,,,,,1,1,2,1.0,3
201300009160,0013-05-11 14:00:00,13,5,11,14,0,910,249,D838,48.634,2.067,Plein jour,Hors agglomération,Hors intersection,Normale,Deux véhicules - frontale,,,,,,,,,,,1,1,1,1.0,1
201300009161,0013-05-14 16:30:00,13,5,14,16,30,910,338,D988,,,Plein jour,Hors agglomération,Intersection en X,Normale,Deux véhicules - côté,,,,,,,,,,,1,1,2,1.0,3
201300009162,0013-06-15 11:45:00,13,6,15,11,45,910,186,D152,48.598,2.153,Plein jour,Hors agglomération,Hors intersection,Normale,Deux véhicules - côté,,,,,,,,,,,1,1,1,1.0,3
201300009163,0013-07-02 12:30:00,13,7,2,12,30,910,111,RD97,48.625,2.139,Plein jour,Hors agglomération,Hors intersection,Normale,Trois véhicules et plus - collisions multiples,,,,,,,,,,,1,1,1,1.0,5
201300009164,0013-09-05 21:15:00,13,9,5,21,15,910,186,D152,48.609,2.138,Nuit sans éclairage public,Hors agglomération,Hors intersection,Normale,Sans collision,,,,,,,,,,,3,1,1,1.0,7
201300009165,0013-09-16 07:00:00,13,9,16,7,0,910,338,D988,,,Crépuscule ou aube,Hors agglomération,Hors intersection,Temps couvert,Autre collision,,,,,,,,,,,2,1,1,8.0,6
201300009166,0013-09-21 19:15:00,13,9,21,19,15,910,338,rue Clos des Fontaines,,,Plein jour,En agglomération,Intersection en T,Normale,Deux véhicules - frontale,,,,,,,,,,,1,2,3,1.0,1
201300009167,0013-10-13 08:15:00,13,10,13,8,15,910,243,rue du Mont Louvet,48.613,2.167,Crépuscule ou aube,En agglomération,Hors intersection,Brouillard / fumée,Deux véhicules - frontale,,,,,,,,,,,2,2,1,5.0,1
201300009168,0013-10-18 19:15:00,13,10,18,19,15,910,338,CD988 PK 19+720,48.647,2.06599,Nuit avec éclairage allumé,En agglomération,Hors intersection,Normale,Deux véhicules - côté,,,,,,,,,,,5,2,1,1.0,3
201300009169,0013-11-08 09:45:00,13,11,8,9,45,910,338,,,,Plein jour,Hors agglomération,Intersection en X,Pluie forte,Deux véhicules - côté,,,,,,,,,,,1,1,2,3.0,3
201300009170,0013-11-20 06:00:00,13,11,20,6,0,910,338,D988,,,Nuit avec éclairage allumé,Hors agglomération,Hors intersection,Normale,Sans collision,,,,,,,,,,,5,1,1,1.0,7
201300009171,0013-12-04 14:15:00,13,12,4,14,15,910,111,D 97 / rue M. QUINET,48.627,2.125,Plein jour,Hors agglomération,Hors intersection,Normale,Autre collision,,,,,,,,,,,1,1,1,1.0,6
201300009172,0013-12-11 12:45:00,13,12,11,12,45,910,111,D97,,,Plein jour,Hors agglomération,Hors intersection,Normale,Deux véhicules - frontale,,,,,,,,,,,1,1,1,1.0,1