accident_id,datetime,annee,mois,jour,heure,minute,departement,commune_insee,adresse,latitude,longitude,luminosite,agglomeration,intersection,meteo,collision,nb_vehicules,nb_usagers,nb_indemnes,nb_tues,nb_blesses_hosp,nb_blesses_legers,age_cond_1,age_cond_2,veh_type_cond_1,veh_type_cond_2,lum_code,agg_code,int_code,atm_code,col_code
201300009435,0013-10-06 14:00:00,13,10,6,14,0,450,21,D 950/VC,48.10543,2.40224,Plein jour,Hors agglomération,Intersection en X,Normale,Trois véhicules et plus - collisions multiples,,,,,,,,,,,1,1,2,1.0,5
201300009436,0013-10-08 07:30:00,13,10,8,7,30,450,233,,48.20309,2.42702,Crépuscule ou aube,Hors agglomération,Hors intersection,Normale,Deux véhicules - côté,,,,,,,,,,,2,1,1,1.0,3
201300009437,0013-06-08 09:00:00,13,6,8,9,0,450,310,25 ROUTE D' ENZENVILLE,48.30901,2.23217,Plein jour,En agglomération,Hors intersection,Normale,Deux véhicules - frontale,,,,,,,,,,,1,2,1,1.0,1
201300009438,0013-09-06 17:15:00,13,9,6,17,15,450,191,R DES COLLEGES,48.29617,2.41165,Plein jour,En agglomération,Hors intersection,Normale,Autre collision,,,,,,,,,,,1,2,1,1.0,6
201300009439,0013-10-25 22:15:00,13,10,25,22,15,450,263,,48.33343,2.19326,Nuit sans éclairage public,Hors agglomération,Hors intersection,Pluie légère,Trois véhicules et plus - collisions multiples,,,,,,,,,,,3,1,1,2.0,5
201300009440,0013-04-30 11:15:00,13,4,30,11,15,180,75,24 Grand rue,47.02716,3.03163,Plein jour,En agglomération,Hors intersection,Temps couvert,Deux véhicules - frontale,,,,,,,,,,,1,2,1,8.0,1
201300009441,0013-05-19 02:30:00,13,5,19,2,30,180,240,D72/RUE ANCIENNE LIGNE,47.15445,2.91134,Nuit avec éclairage non allumé,En agglomération,Intersection en X,Normale,Deux véhicules - côté,,,,,,,,,,,4,2,2,1.0,3
201300009442,0013-06-21 19:30:00,13,6,21,19,30,180,139,,47.071,3.012,Plein jour,Hors agglomération,Hors intersection,Normale,Autre collision,,,,,,,,,,,1,1,1,1.0,6
201300009443,0013-06-28 20:00:00,13,6,28,20,0,180,241,,,,Plein jour,Hors agglomération,Hors intersection,Pluie légère,Autre collision,,,,,,,,,,,1,1,1,2.0,6
201300009444,0013-04-05 19:45:00,13,4,5,19,45,180,29,,,,Plein jour,Hors agglomération,Hors intersection,Normale,Autre collision,,,,,,,,,,,1,1,1,1.0,6
201300009445,0013-01-17 10:30:00,13,1,17,10,30,180,252,,46.524,2.317,Plein jour,Hors agglomération,Intersection en T,Normale,Deux véhicules - côté,,,,,,,,,,,1,1,3,1.0,3
201300009446,0013-01-18 17:30:00,13,1,18,17,30,180,165,Les grands coullons,47.356,2.239,Nuit sans éclairage public,Hors agglomération,Hors intersection,Neige / grêle,Autre collision,,,,,,,,,,,3,1,1,4.0,6
201300009447,0013-06-14 19:00:00,13,6,14,19,0,180,210,,,,Plein jour,Hors agglomération,Hors intersection,Normale,Autre collision,,,,,,,,,,,1,1,1,1.0,6
201300009448,0013-04-15 14:15:00,13,4,15,14,15,180,133,ROSIERES,46.95431,2.25203,Plein jour,Hors agglomération,Hors intersection,Normale,Sans collision,,,,,,,,,,,1,1,1,1.0,7
201300009449,0013-07-12 21:00:00,13,7,12,21,0,180,137,,46.884,2.128,Crépuscule ou aube,Hors agglomération,Hors intersection,Normale,Autre collision,,,,,,,,,,,2,1,1,1.0,6
201300009450,0013-01-14 06:15:00,13,1,14,6,15,280,177,,48.43146,1.52892,Crépuscule ou aube,Hors agglomération,Hors intersection,Temps couvert,Deux véhicules - côté,,,,,,,,,,,2,1,1,8.0,3
201300009451,0013-03-09 21:45:00,13,3,9,21,45,280,6,,48.43585,1.40644,Nuit sans éclairage public,Hors agglomération,Intersection en T,Normale,Deux véhicules - côté,,,,,,,,,,,3,1,3,1.0,3
201300009452,0013-05-24 17:45:00,13,5,24,17,45,280,6,,48.458,1.404,Plein jour,Hors agglomération,Intersection en X,Pluie légère,Deux véhicules - côté,,,,,,,,,,,1,1,2,2.0,3
201300009453,0013-05-23 14:30:00,13,5,23,14,30,280,358,,,,Plein jour,Hors agglomération,Intersection en X,Normale,Trois véhicules et plus - collisions multiples,,,,,,,,,,,1,1,2,1.0,5
201300009454,0013-05-26 15:00:00,13,5,26,15,0,280,358,Avenue de la Gare,48.485,1.522,Plein jour,En agglomération,Hors intersection,Normale,Deux véhicules - côté,,,,,,,,,,,1,2,1,1.0,3
201300009455,0013-06-07 01:30:00,13,6,7,1,30,280,6,,,,Nuit sans éclairage public,Hors agglomération,Hors intersection,Normale,Autre collision,,,,,,,,,,,3,1,1,1.0,6
201300009456,0013-06-10 19:30:00,13,6,10,19,30,280,388,,,,Plein jour,Hors agglomération,Hors intersection,Normale,Sans collision,,,,,,,,,,,1,1,1,1.0,7
201300009457,0013-06-07 17:00:00,13,6,7,17,0,280,253,,,,Plein jour,Hors agglomération,Hors intersection,Normale,Sans collision,,,,,,,,,,,1,1,1,1.0,7
201300009458,0013-06-15 05:15:00,13,6,15,5,15,280,24,,,,Crépuscule ou aube,Hors agglomération,Hors intersection,Normale,Sans collision,,,,,,,,,,,2,1,1,1.0,7
201300009459,0013-06-18 18:15:00,13,6,18,18,15,280,269,,,,Plein jour,Hors agglomération,Intersection en X,Normale,Deux véhicules - côté,,,,,,,,,,,1,1,2,1.0,3
201300009460,0013-06-30 18:30:00,13,6,30,18,30,280,48,,,,Plein jour,Hors agglomération,Hors intersection,Normale,Autre collision,,,,,,,,,,,1,1,1,1.0,6
201300009461,0013-07-15 12:00:00,13,7,15,12,0,280,6,,,,Plein jour,Hors agglomération,Hors intersection,Normale,Deux véhicules - côté,,,,,,,,,,,1,1,1,1.0,3
201300009462,0013-08-23 11:00:00,13,8,23,11,0,280,388,route nationale 10,,,Plein jour,En agglomération,Hors intersection,Normale,Deux véhicules - côté,,,,,,,,,,,1,2,1,1.0,3
201300009463,0013-09-09 16:30:00,13,9,9,16,30,280,35,,,,Plein jour,Hors agglomération,Hors intersection,Pluie légère,Deux véhicules - frontale,,,,,,,,,,,1,1,1,2.0,1
201300009464,0013-10-01 19:30:00,13,10,1,19,30,280,35,,48.396,1.57,Nuit sans éclairage public,Hors agglomération,Hors intersection,Pluie forte,Trois véhicules et plus - collisions multiples,,,,,,,,,,,3,1,1,3.0,5
201300009465,0013-10-06 20:00:00,13,10,6,20,0,280,6,,,,Nuit avec éclairage allumé,Hors agglomération,Giratoire,Normale,Deux véhicules - arrière,,,,,,,,,,,5,1,6,1.0,2
201300009466,0013-10-12 05:15:00,13,10,12,5,15,280,48,3 ROUTE NATIONALE 10,,,Nuit avec éclairage allumé,En agglomération,Hors intersection,Pluie légère,Autre collision,,,,,,,,,,,5,2,1,2.0,6
201300009467,0013-10-20 15:15:00,13,10,20,15,15,280,309,,48.36926,1.63188,Plein jour,Hors agglomération,Hors intersection,Normale,Sans collision,,,,,,,,,,,1,1,1,1.0,7
201300009468,0013-10-07 16:30:00,13,10,7,16,30,280,6,,,,Plein jour,Hors agglomération,Intersection en T,Normale,Deux véhicules - côté,,,,,,,,,,,1,1,3,1.0,3
201300009469,0013-11-22 17:45:00,13,11,22,17,45,280,122,RUE DE CHARTRES,,,Nuit avec éclairage allumé,En agglomération,Hors intersection,Normale,Autre collision,,,,,,,,,,,5,2,1,1.0,6
201300009470,0013-12-09 14:45:00,13,12,9,14,45,280,388,,,,Plein jour,Hors agglomération,Hors intersection,Normale,Deux véhicules - côté,,,,,,,,,,,1,1,1,1.0,3
201300009471,0013-12-13 13:45:00,13,12,13,13,45,280,48,,,,Plein jour,Hors agglomération,Hors intersection,Brouillard / fumée,Trois véhicules et plus - en chaîne,,,,,,,,,,,1,1,1,5.0,4
201300009472,0013-12-18 18:30:00,13,12,18,18,30,280,173,,48.445,1.552,Nuit sans éclairage public,Hors agglomération,Hors intersection,Pluie légère,Deux véhicules - frontale,,,,,,,,,,,3,1,1,2.0,1
201300009473,0013-12-21 05:30:00,13,12,21,5,30,280,358,,,,Nuit sans éclairage public,Hors agglomération,Hors intersection,Normale,Autre collision,,,,,,,,,,,3,1,1,1.0,6
201300009474,0013-12-06 11:30:00,13,12,6,11,30,280,100,,,,Plein jour,Hors agglomération,Hors intersection,Pluie légère,Deux véhicules - frontale,,,,,,,,,,,1,1,1,2.0,1
201300009475,0013-07-27 16:45:00,13,7,27,16,45,280,116,Rue de l'?cu,48.44849,1.24166,Plein jour,En agglomération,Hors intersection,Normale,Autre collision,,,,,,,,,,,1,2,1,1.0,6
201300009476,0013-09-28 12:00:00,13,9,28,12,0,280,116,,48.46869,1.24157,Plein jour,Hors agglomération,Hors intersection,Pluie légère,Sans collision,,,,,,,,,,,1,1,1,2.0,7
201300009477,0013-04-18 21:00:00,13,4,18,21,0,280,242,,48.29,1.175,Nuit sans éclairage public,Hors agglomération,Hors intersection,Normale,Sans collision,,,,,,,,,,,3,1,1,1.0,7
201300009478,0013-07-07 20:15:00,13,7,7,20,15,280,398,,48.22301,1.06848,Crépuscule ou aube,Hors agglomération,Hors intersection,Normale,Deux véhicules - côté,,,,,,,,,,,2,1,1,1.0,3
201300009479,0013-11-01 17:30:00,13,11,1,17,30,280,424,,48.216,1.254,Crépuscule ou aube,Hors agglomération,Hors intersection,Pluie forte,Deux véhicules - frontale,,,,,,,,,,,2,1,1,3.0,1
201300009480,0013-01-27 19:00:00,13,1,27,19,0,280,249,,48.568,1.593,Nuit sans éclairage public,Hors agglomération,Hors intersection,Normale,Autre collision,,,,,,,,,,,3,1,1,1.0,6
201300009481,0013-05-04 16:45:00,13,5,4,16,45,280,140,rue prieur? saint thomas,,,Plein jour,En agglomération,Hors intersection,Normale,Autre collision,,,,,,,,,,,1,2,1,1.0,6
201300009482,0013-06-03 11:15:00,13,6,3,11,15,280,285,,,,Plein jour,Hors agglomération,Hors intersection,Normale,Sans collision,,,,,,,,,,,1,1,1,1.0,7
201300009483,0013-06-05 19:15:00,13,6,5,19,15,280,208,21 GRANDE RUE,,,Plein jour,En agglomération,Hors intersection,Normale,Deux véhicules - côté,,,,,,,,,,,1,2,1,1.0,3
201300009484,0013-06-07 09:00:00,13,6,7,9,0,280,357,,,,Plein jour,Hors agglomération,Hors intersection,Normale,Deux véhicules - frontale,,,,,,,,,,,1,1,1,1.0,1
201300009485,0013-07-24 14:15:00,13,7,24,14,15,280,168,6 Rue Guy Pouill?,48.52382,1.69116,Plein jour,En agglomération,Hors intersection,Normale,Autre collision,,,,,,,,,,,1,2,1,1.0,6
201300009486,0013-08-08 20:00:00,13,8,8,20,0,280,140,,48.61339,1.66662,Plein jour,Hors agglomération,Hors intersection,Normale,Deux véhicules - arrière,,,,,,,,,,,1,1,1,1.0,2
201300009487,0013-09-01 11:45:00,13,9,1,11,45,280,168,,,,Plein jour,Hors agglomération,Hors intersection,Normale,Deux véhicules - frontale,,,,,,,,,,,1,1,1,1.0,1
201300009488,0013-09-05 08:30:00,13,9,5,8,30,280,191,,,,Plein jour,Hors agglomération,Hors intersection,Normale,Deux véhicules - arrière,,,,,,,,,,,1,1,1,1.0,2
201300009489,0013-09-19 16:30:00,13,9,19,16,30,280,208,,48.50464,1.75343,Plein jour,Hors agglomération,Hors intersection,Normale,Deux véhicules - frontale,,,,,,,,,,,1,1,1,1.0,1
201300009490,0013-10-02 12:15:00,13,10,2,12,15,280,23,avenue de la gare,,,Plein jour,En agglomération,Intersection en X,Normale,Deux véhicules - côté,,,,,,,,,,,1,2,2,1.0,3
201300009491,0013-10-17 13:30:00,13,10,17,13,30,280,352,,,,Plein jour,Hors agglomération,Hors intersection,Normale,Autre collision,,,,,,,,,,,1,1,1,1.0,6
201300009492,0013-10-29 19:45:00,13,10,29,19,45,280,73,28700,48.49,1.662,Nuit sans éclairage public,Hors agglomération,Hors intersection,Normale,Deux véhicules - frontale,,,,,,,,,,,3,1,1,1.0,1
201300009493,0013-11-18 07:15:00,13,11,18,7,15,280,361,,48.506,1.73,Plein jour,Hors agglomération,Hors intersection,Normale,Deux véhicules - frontale,,,,,,,,,,,1,1,1,1.0,1
201300009494,0013-01-16 19:15:00,13,1,16,19,15,280,391,,,,Nuit sans éclairage public,Hors agglomération,Hors intersection,Normale,Deux véhicules - arrière,,,,,,,,,,,3,1,1,1.0,2
201300009495,0013-01-17 10:30:00,13,1,17,10,30,280,189,,,,Plein jour,Hors agglomération,Hors intersection,Normale,Deux véhicules - côté,,,,,,,,,,,1,1,1,1.0,3
201300009496,0013-02-14 14:00:00,13,2,14,14,0,280,258,,,,Plein jour,Hors agglomération,Hors intersection,Normale,Deux véhicules - côté,,,,,,,,,,,1,1,1,1.0,3
201300009497,0013-02-15 09:15:00,13,2,15,9,15,280,391,,,,Plein jour,Hors agglomération,Hors intersection,Temps éblouissant,Deux véhicules - côté,,,,,,,,,,,1,1,1,7.0,3
201300009498,0013-04-02 11:45:00,13,4,2,11,45,280,311,,,,Plein jour,Hors agglomération,Hors intersection,Normale,Deux véhicules - côté,,,,,,,,,,,1,1,1,1.0,3
201300009499,0013-06-11 13:00:00,13,6,11,13,0,280,313,,,,Plein jour,Hors agglomération,Hors intersection,Normale,Deux véhicules - côté,,,,,,,,,,,1,1,1,1.0,3
201300009500,0013-07-24 10:45:00,13,7,24,10,45,280,199,Rue pierre  marie curie,48.20524,1.87581,Plein jour,En agglomération,Hors intersection,Normale,Sans collision,,,,,,,,,,,1,2,1,1.0,7
201300009501,0013-08-04 15:45:00,13,8,4,15,45,280,304,Rue de la Lib?ration,,,Plein jour,En agglomération,Hors intersection,Normale,Deux véhicules - frontale,,,,,,,,,,,1,2,1,1.0,1
201300009502,0013-08-09 14:15:00,13,8,9,14,15,280,164,,48.25864,1.83737,Plein jour,Hors agglomération,Hors intersection,Normale,Sans collision,,,,,,,,,,,1,1,1,1.0,7
201300009503,0013-08-17 16:15:00,13,8,17,16,15,280,391,,,,Plein jour,Hors agglomération,Hors intersection,Normale,Deux véhicules - frontale,,,,,,,,,,,1,1,1,1.0,1
201300009504,0013-08-18 10:15:00,13,8,18,10,15,280,392,,,,Plein jour,Hors agglomération,Hors intersection,Normale,Deux véhicules - côté,,,,,,,,,,,1,1,1,1.0,3
201300009505,0013-08-16 19:00:00,13,8,16,19,0,280,311,,,,Plein jour,Hors agglomération,Intersection en Y,Normale,Deux véhicules - côté,,,,,,,,,,,1,1,4,1.0,3
201300009506,0013-08-18 22:15:00,13,8,18,22,15,280,284,,,,Nuit sans éclairage public,Hors agglomération,Hors intersection,Pluie légère,Sans collision,,,,,,,,,,,3,1,1,2.0,7
201300009507,0013-08-27 19:45:00,13,8,27,19,45,280,284,,,,Plein jour,Hors agglomération,Hors intersection,Temps couvert,Deux véhicules - côté,,,,,,,,,,,1,1,1,8.0,3
201300009508,0013-09-09 18:30:00,13,9,9,18,30,280,25,,,,Plein jour,Hors agglomération,Hors intersection,Normale,Autre collision,,,,,,,,,,,1,1,1,1.0,6
201300009509,0013-10-28 06:30:00,13,10,28,6,30,280,304,,,,Nuit sans éclairage public,Hors agglomération,Intersection en X,Pluie forte,Deux véhicules - côté,,,,,,,,,,,3,1,2,3.0,3
201300009510,0013-12-24 18:00:00,13,12,24,18,0,280,391,,,,Crépuscule ou aube,Hors agglomération,Hors intersection,Pluie forte,Deux véhicules - frontale,,,,,,,,,,,2,1,1,3.0,1
201300009511,0013-01-09 14:15:00,13,1,9,14,15,280,75,,48.058,1.325,Plein jour,Hors agglomération,Hors intersection,Normale,Deux véhicules - frontale,,,,,,,,,,,1,1,1,1.0,1
201300009512,0013-01-22 05:30:00,13,1,22,5,30,280,211,,,,Nuit sans éclairage public,Hors agglomération,Hors intersection,Normale,Deux véhicules - côté,,,,,,,,,,,3,1,1,1.0,3
201300009513,0013-04-01 17:30:00,13,4,1,17,30,280,389,,48.04,1.351,Plein jour,Hors agglomération,Hors intersection,Normale,Trois véhicules et plus - collisions multiples,,,,,,,,,,,1,1,1,1.0,5
201300009514,0013-04-28 19:45:00,13,4,28,19,45,280,233,30 rue de la gare,48.11,1.34,Plein jour,En agglomération,Hors intersection,Normale,Autre collision,,,,,,,,,,,1,2,1,1.0,6
201300009515,0013-07-05 20:45:00,13,7,5,20,45,280,88,boulevard schweitzer,48.08115,1.34901,Plein jour,En agglomération,Hors intersection,Normale,Deux véhicules - frontale,,,,,,,,,,,1,2,1,1.0,1
201300009516,0013-07-19 12:15:00,13,7,19,12,15,280,75,,,,Plein jour,Hors agglomération,Hors intersection,Normale,Trois véhicules et plus - collisions multiples,,,,,,,,,,,1,1,1,1.0,5
201300009517,0013-08-26 08:45:00,13,8,26,8,45,280,334,croisement D927/31,,,Plein jour,En agglomération,Hors intersection,Normale,Deux véhicules - côté,,,,,,,,,,,1,2,1,1.0,3
201300009518,0013-11-29 16:00:00,13,11,29,16,0,280,17,,,,Plein jour,Hors agglomération,Hors intersection,Normale,Deux véhicules - frontale,,,,,,,,,,,1,1,1,1.0,1
201300009519,0013-11-24 06:15:00,13,11,24,6,15,280,340,Rue dunoise,,,Nuit avec éclairage allumé,En agglomération,Hors intersection,Normale,Autre collision,,,,,,,,,,,5,2,1,1.0,6
201300009520,0013-01-15 08:15:00,13,1,15,8,15,280,51,rue de la dime,48.1864,1.39918,Crépuscule ou aube,En agglomération,Hors intersection,Normale,Deux véhicules - frontale,,,,,,,,,,,2,2,1,1.0,1
201300009521,0013-01-20 05:30:00,13,1,20,5,30,280,259,,,,Nuit sans éclairage public,Hors agglomération,Hors intersection,Neige / grêle,Autre collision,,,,,,,,,,,3,1,1,4.0,6
201300009522,0013-06-07 18:45:00,13,6,7,18,45,280,51,1 rue de chartres,,,Plein jour,En agglomération,Hors intersection,Normale,Deux véhicules - côté,,,,,,,,,,,1,2,1,1.0,3
201300009523,0013-06-22 07:15:00,13,6,22,7,15,280,51,,,,Plein jour,Hors agglomération,Hors intersection,Normale,Deux véhicules - côté,,,,,,,,,,,1,1,1,1.0,3
201300009524,0013-07-29 08:00:00,13,7,29,8,0,280,212,,48.12985,1.72522,Plein jour,Hors agglomération,Hors intersection,Normale,Autre collision,,,,,,,,,,,1,1,1,1.0,6
201300009525,0013-08-27 21:30:00,13,8,27,21,30,280,51,,,,Nuit sans éclairage public,Hors agglomération,Hors intersection,Normale,Deux véhicules - arrière,,,,,,,,,,,3,1,1,1.0,2
201300009526,0013-11-02 09:00:00,13,11,2,9,0,280,259,,,,Plein jour,Hors agglomération,Hors intersection,Normale,Sans collision,,,,,,,,,,,1,1,1,1.0,7
201300009527,0013-12-01 15:45:00,13,12,1,15,45,280,57,,,,Plein jour,Hors agglomération,Hors intersection,Normale,Autre collision,,,,,,,,,,,1,1,1,1.0,6
201300009528,0013-09-13 11:45:00,13,9,13,11,45,280,409,,48.2528,1.21393,Plein jour,Hors agglomération,Hors intersection,Pluie légère,Autre collision,,,,,,,,,,,1,1,1,2.0,6
201300009529,0013-09-15 20:15:00,13,9,15,20,15,280,21,,48.37149,1.33691,Crépuscule ou aube,Hors agglomération,Hors intersection,Temps couvert,Sans collision,,,,,,,,,,,2,1,1,8.0,7
201300009530,0013-09-30 14:30:00,13,9,30,14,30,280,326,,48.26861,1.24366,Plein jour,Hors agglomération,Intersection en X,Normale,Deux véhicules - côté,,,,,,,,,,,1,1,2,1.0,3
201300009531,0013-12-16 16:45:00,13,12,16,16,45,280,61,Avenue du Gal de Gaulle,,,Plein jour,En agglomération,Hors intersection,Normale,Autre collision,,,,,,,,,,,1,2,1,1.0,6
201300009532,0013-01-30 12:45:00,13,1,30,12,45,280,98,,,,Plein jour,Hors agglomération,Hors intersection,Pluie forte,Sans collision,,,,,,,,,,,1,1,1,3.0,7
201300009533,0013-02-11 20:15:00,13,2,11,20,15,280,359,16 bis RN 12,,,Nuit avec éclairage allumé,En agglomération,Hors intersection,Normale,Autre collision,,,,,,,,,,,5,2,1,1.0,6
201300009534,0013-02-13 15:00:00,13,2,13,15,0,280,124,,,,Plein jour,Hors agglomération,Hors intersection,Temps couvert,Autre collision,,,,,,,,,,,1,1,1,8.0,6
201300009535,0013-03-09 07:00:00,13,3,9,7,0,280,267,,48.773,1.374,Plein jour,Hors agglomération,Hors intersection,Normale,Sans collision,,,,,,,,,,,1,1,1,1.0,7
201300009536,0013-04-24 15:45:00,13,4,24,15,45,280,251,,,,Plein jour,Hors agglomération,Hors intersection,Normale,Autre collision,,,,,,,,,,,1,1,1,1.0,6
201300009537,0013-05-04 09:45:00,13,5,4,9,45,280,239,,48.68825,1.39027,Plein jour,Hors agglomération,Hors intersection,Normale,Sans collision,,,,,,,,,,,1,1,1,1.0,7
201300009538,0013-05-24 15:00:00,13,5,24,15,0,280,171,,,,Plein jour,Hors agglomération,Intersection en X,Pluie forte,Trois véhicules et plus - collisions multiples,,,,,,,,,,,1,1,2,3.0,5
201300009539,0013-06-23 17:15:00,13,6,23,17,15,280,348,,,,Plein jour,En agglomération,Hors intersection,Normale,Deux véhicules - côté,,,,,,,,,,,1,2,1,1.0,3
201300009540,0013-08-06 07:45:00,13,8,6,7,45,280,14,,48.65568,1.29922,Plein jour,Hors agglomération,Hors intersection,Normale,Autre collision,,,,,,,,,,,1,1,1,1.0,6
201300009541,0013-08-24 12:00:00,13,8,24,12,0,280,98,,48.75099,1.4472,Plein jour,Hors agglomération,Hors intersection,Normale,Deux véhicules - côté,,,,,,,,,,,1,1,1,1.0,3
201300009542,0013-09-09 22:00:00,13,9,9,22,0,280,98,,,,Nuit sans éclairage public,Hors agglomération,Hors intersection,Temps couvert,Deux véhicules - côté,,,,,,,,,,,3,1,1,8.0,3
201300009543,0013-09-19 12:00:00,13,9,19,12,0,280,178,,48.74336,1.44673,Plein jour,Hors agglomération,Intersection en X,Normale,Deux véhicules - côté,,,,,,,,,,,1,1,2,1.0,3
201300009544,0013-09-21 15:00:00,13,9,21,15,0,280,239,,48.67804,1.38312,Plein jour,Hors agglomération,Hors intersection,Normale,Deux véhicules - côté,,,,,,,,,,,1,1,1,1.0,3
201300009545,0013-12-06 20:15:00,13,12,6,20,15,280,124,,,,Nuit sans éclairage public,En agglomération,Hors intersection,Normale,Autre collision,,,,,,,,,,,3,2,1,1.0,6
201300009546,0013-12-06 17:45:00,13,12,6,17,45,280,348,rue de la Baronnie,48.76543,1.19781,Nuit avec éclairage allumé,En agglomération,Hors intersection,Normale,Deux véhicules - côté,,,,,,,,,,,5,2,1,1.0,3
201300009547,0013-12-22 22:30:00,13,12,22,22,30,280,405,,48.748,1.292,Nuit sans éclairage public,Hors agglomération,Hors intersection,Pluie légère,Deux véhicules - côté,,,,,,,,,,,3,1,1,2.0,3
201300009548,0013-12-31 09:30:00,13,12,31,9,30,280,98,,48.731,1.443,Plein jour,Hors agglomération,Intersection en X,Pluie légère,Deux véhicules - côté,,,,,,,,,,,1,1,2,2.0,3
201300009549,0013-02-13 17:45:00,13,2,13,17,45,280,7,,,,Plein jour,Hors agglomération,Hors intersection,Normale,Sans collision,,,,,,,,,,,1,1,1,1.0,7
201300009550,0013-04-15 17:45:00,13,4,15,17,45,280,64,,,,Plein jour,Hors agglomération,Hors intersection,Normale,Sans collision,,,,,,,,,,,1,1,1,1.0,7
201300009551,0013-09-09 14:00:00,13,9,9,14,0,280,247,,,,Plein jour,Hors agglomération,Hors intersection,Temps couvert,Autre collision,,,,,,,,,,,1,1,1,8.0,6
201300009552,0013-02-03 15:15:00,13,2,3,15,15,280,373,,,,Plein jour,Hors agglomération,Hors intersection,Temps couvert,Autre collision,,,,,,,,,,,1,1,1,8.0,6
201300009553,0013-04-23 16:15:00,13,4,23,16,15,280,373,,48.546,1.071,Plein jour,Hors agglomération,Intersection en X,Normale,Deux véhicules - côté,,,,,,,,,,,1,1,2,1.0,3
201300009554,0013-05-19 20:30:00,13,5,19,20,30,280,206,,48.707,1.159,Crépuscule ou aube,Hors agglomération,Hors intersection,Pluie légère,Sans collision,,,,,,,,,,,2,1,1,2.0,7
201300009555,0013-05-21 21:45:00,13,5,21,21,45,280,90,D 316.2,48.65029,1.01294,Nuit avec éclairage non allumé,En agglomération,Hors intersection,Normale,Autre collision,,,,,,,,,,,4,2,1,1.0,6
201300009556,0013-07-20 02:00:00,13,7,20,2,0,280,226,,,,Nuit sans éclairage public,Hors agglomération,Hors intersection,Normale,Deux véhicules - frontale,,,,,,,,,,,3,1,1,1.0,1
201300009557,0013-02-26 02:15:00,13,2,26,2,15,280,94,49 rue des Graviers,,,Nuit avec éclairage allumé,En agglomération,Hors intersection,Neige / grêle,Autre collision,,,,,,,,,,,5,2,1,4.0,6
201300009558,0013-07-03 14:15:00,13,7,3,14,15,280,374,,48.61162,1.43516,Plein jour,Hors agglomération,Intersection en X,Normale,Deux véhicules - côté,,,,,,,,,,,1,1,2,1.0,3
201300009559,0013-07-19 16:00:00,13,7,19,16,0,280,279,,,,Plein jour,Hors agglomération,Hors intersection,Normale,Deux véhicules - frontale,,,,,,,,,,,1,1,1,1.0,1
201300009560,0013-09-29 04:15:00,13,9,29,4,15,280,113,,48.6561,1.54401,Nuit sans éclairage public,En agglomération,Hors intersection,Temps couvert,Autre collision,,,,,,,,,,,3,2,1,8.0,6
201300009561,0013-11-30 13:45:00,13,11,30,13,45,280,374,,48.61,1.423,Plein jour,Hors agglomération,Hors intersection,Normale,Deux véhicules - côté,,,,,,,,,,,1,1,1,1.0,3
201300009562,0013-02-11 11:15:00,13,2,11,11,15,280,378,,,,Plein jour,Hors agglomération,Hors intersection,Normale,Deux véhicules - côté,,,,,,,,,,,1,1,1,1.0,3
201300009563,0013-02-15 18:00:00,13,2,15,18,0,280,63,,,,Crépuscule ou aube,Hors agglomération,Hors intersection,Normale,Autre collision,,,,,,,,,,,2,1,1,1.0,6
201300009564,0013-04-14 22:30:00,13,4,14,22,30,280,378,,48.276,0.854,Nuit sans éclairage public,Hors agglomération,Hors intersection,Normale,Autre collision,,,,,,,,,,,3,1,1,1.0,6
201300009565,0013-04-28 20:15:00,13,4,28,20,15,280,236,,48.354,0.863,Crépuscule ou aube,Hors agglomération,Hors intersection,Normale,Trois véhicules et plus - collisions multiples,,,,,,,,,,,2,1,1,1.0,5
201300009566,0013-05-16 19:15:00,13,5,16,19,15,280,27,,48.147,0.935,Plein jour,Hors agglomération,Hors intersection,Pluie légère,Deux véhicules - frontale,,,,,,,,,,,1,1,1,2.0,1
201300009567,0013-08-04 12:45:00,13,8,4,12,45,280,280,,,,Plein jour,Hors agglomération,Hors intersection,Normale,Deux véhicules - frontale,,,,,,,,,,,1,1,1,1.0,1
201300009568,0013-08-05 21:15:00,13,8,5,21,15,280,407,,48.26087,0.92977,Crépuscule ou aube,Hors agglomération,Hors intersection,Normale,Deux véhicules - frontale,,,,,,,,,,,2,1,1,1.0,1
201300009569,0013-10-26 18:15:00,13,10,26,18,15,280,280,111 rue saint hilaire,48.32327,0.82042,Plein jour,En agglomération,Hors intersection,Normale,Deux véhicules - côté,,,,,,,,,,,1,2,1,1.0,3