accident_id,datetime,annee,mois,jour,heure,minute,departement,commune_insee,adresse,latitude,longitude,luminosite,agglomeration,intersection,meteo,collision,nb_vehicules,nb_usagers,nb_indemnes,nb_tues,nb_blesses_hosp,nb_blesses_legers,age_cond_1,age_cond_2,veh_type_cond_1,veh_type_cond_2,lum_code,agg_code,int_code,atm_code,col_code
201300009703,0013-08-16 11:15:00,13,8,16,11,15,370,276,,,,Plein jour,Hors agglomération,Hors intersection,Normale,Deux véhicules - frontale,,,,,,,,,,,1,1,1,1.0,1
201300009704,0013-09-02 16:30:00,13,9,2,16,30,370,153,,,,Plein jour,Hors agglomération,Hors intersection,Normale,Deux véhicules - côté,,,,,,,,,,,1,1,1,1.0,3
201300009705,0013-09-09 19:00:00,13,9,9,19,0,370,153,CARREFOUR RD 910/28,,,Plein jour,En agglomération,Intersection en X,Normale,Deux véhicules - frontale,,,,,,,,,,,1,2,2,1.0,1
201300009706,0013-09-20 06:00:00,13,9,20,6,0,370,179,,,,Nuit sans éclairage public,Hors agglomération,Hors intersection,Normale,Deux véhicules - arrière,,,,,,,,,,,3,1,1,1.0,2
201300009707,0013-09-24 15:00:00,13,9,24,15,0,370,224,,,,Plein jour,Hors agglomération,Intersection en X,Normale,Deux véhicules - côté,,,,,,,,,,,1,1,2,1.0,3
201300009708,0013-11-06 21:00:00,13,11,6,21,0,370,169,,,,Nuit sans éclairage public,Hors agglomération,Hors intersection,Pluie légère,Autre collision,,,,,,,,,,,3,1,1,2.0,6
201300009709,0013-01-09 18:30:00,13,1,9,18,30,370,72,rue gambetta,,,Crépuscule ou aube,En agglomération,Hors intersection,Normale,Deux véhicules - côté,,,,,,,,,,,2,2,1,1.0,3
201300009710,0013-01-13 17:15:00,13,1,13,17,15,370,74,LA GRAVIERE,,,Crépuscule ou aube,Hors agglomération,Hors intersection,Normale,Sans collision,,,,,,,,,,,2,1,1,1.0,7
201300009711,0013-01-23 22:00:00,13,1,23,22,0,370,11,AVENUE DE LA REPUBLIQUE,,,Nuit avec éclairage allumé,En agglomération,Giratoire,Normale,Sans collision,,,,,,,,,,,5,2,6,1.0,7
201300009712,0013-02-27 17:30:00,13,2,27,17,30,370,31,rue Picard,,,Plein jour,En agglomération,Hors intersection,Normale,Deux véhicules - côté,,,,,,,,,,,1,2,1,1.0,3
201300009713,0013-04-01 23:00:00,13,4,1,23,0,370,11,,,,Nuit sans éclairage public,Hors agglomération,Intersection en X,Normale,Deux véhicules - côté,,,,,,,,,,,3,1,2,1.0,3
201300009714,0013-04-13 09:30:00,13,4,13,9,30,370,120,30 rue de la galotiere,,,Plein jour,En agglomération,Hors intersection,Temps couvert,Autre collision,,,,,,,,,,,1,2,1,8.0,6
201300009715,0013-04-17 23:30:00,13,4,17,23,30,370,72,rue Diderot,,,Nuit sans éclairage public,En agglomération,Hors intersection,Normale,Autre collision,,,,,,,,,,,3,2,1,1.0,6
201300009716,0013-06-04 03:00:00,13,6,4,3,0,370,72,rue pierre galle,,,Nuit sans éclairage public,Hors agglomération,Hors intersection,Normale,Deux véhicules - frontale,,,,,,,,,,,3,1,1,1.0,1
201300009717,0013-06-22 10:45:00,13,6,22,10,45,370,31,,,,Plein jour,En agglomération,Hors intersection,Normale,Deux véhicules - arrière,,,,,,,,,,,1,2,1,1.0,2
201300009718,0013-07-14 20:00:00,13,7,14,20,0,370,72,lieudit Parilly,,,Plein jour,Hors agglomération,Hors intersection,Normale,Sans collision,,,,,,,,,,,1,1,1,1.0,7
201300009719,0013-07-17 16:30:00,13,7,17,16,30,370,72,Quai Jeanne d'Arc,,,Plein jour,En agglomération,Hors intersection,Normale,Autre collision,,,,,,,,,,,1,2,1,1.0,6
201300009720,0013-08-08 18:45:00,13,8,8,18,45,370,31,07 route de gizeux,,,Plein jour,En agglomération,Hors intersection,Normale,Autre collision,,,,,,,,,,,1,2,1,1.0,6
201300009721,0013-08-16 19:00:00,13,8,16,19,0,370,228,,,,Plein jour,Hors agglomération,Hors intersection,Normale,Autre collision,,,,,,,,,,,1,1,1,1.0,6
201300009722,0013-09-05 15:30:00,13,9,5,15,30,370,118,,,,Plein jour,Hors agglomération,Giratoire,Normale,Sans collision,,,,,,,,,,,1,1,6,1.0,7
201300009723,0013-09-21 09:45:00,13,9,21,9,45,370,144,,,,Plein jour,Hors agglomération,Hors intersection,Normale,Autre collision,,,,,,,,,,,1,1,1,1.0,6
201300009724,0013-10-01 18:30:00,13,10,1,18,30,370,58,,,,Plein jour,Hors agglomération,Hors intersection,Normale,Deux véhicules - frontale,,,,,,,,,,,1,1,1,1.0,1
201300009725,0013-12-09 08:00:00,13,12,9,8,0,370,58,,,,Crépuscule ou aube,Hors agglomération,Hors intersection,Brouillard / fumée,Deux véhicules - côté,,,,,,,,,,,2,1,1,5.0,3
201300009726,0013-08-26 09:30:00,13,8,26,9,30,370,14,,,,Plein jour,Hors agglomération,Hors intersection,Normale,Deux véhicules - frontale,,,,,,,,,,,1,1,1,1.0,1
201300009727,0013-09-27 20:45:00,13,9,27,20,45,370,123,PLACE DU 14 JUILLET,,,Nuit avec éclairage allumé,En agglomération,Hors intersection,Pluie légère,Sans collision,,,,,,,,,,,5,2,1,2.0,7
201300009728,0013-11-15 08:45:00,13,11,15,8,45,370,232,,,,Plein jour,Hors agglomération,Hors intersection,Temps couvert,Deux véhicules - frontale,,,,,,,,,,,1,1,1,8.0,1
201300009729,0013-12-01 17:30:00,13,12,1,17,30,370,205,rue sainte anne,,,Nuit avec éclairage allumé,En agglomération,Hors intersection,Normale,Autre collision,,,,,,,,,,,5,2,1,1.0,6
201300009730,0013-02-03 17:00:00,13,2,3,17,0,370,226,,,,Plein jour,Hors agglomération,Hors intersection,Normale,Autre collision,,,,,,,,,,,1,1,1,1.0,6
201300009731,0013-02-07 10:00:00,13,2,7,10,0,370,119,quai de la poissonnerie,,,Plein jour,En agglomération,Hors intersection,Temps éblouissant,Autre collision,,,,,,,,,,,1,2,1,7.0,6
201300009732,0013-04-10 20:45:00,13,4,10,20,45,370,40,,,,Crépuscule ou aube,Hors agglomération,Hors intersection,Pluie forte,Deux véhicules - côté,,,,,,,,,,,2,1,1,3.0,3
201300009733,0013-05-29 20:30:00,13,5,29,20,30,370,125,,,,Plein jour,Hors agglomération,Intersection en T,Normale,Deux véhicules - côté,,,,,,,,,,,1,1,3,1.0,3
201300009734,0013-06-01 13:45:00,13,6,1,13,45,370,278,LES BERGEONS,,,Plein jour,Hors agglomération,Hors intersection,Normale,Autre collision,,,,,,,,,,,1,1,1,1.0,6
201300009735,0013-06-15 02:00:00,13,6,15,2,0,370,65,15 route de tours,,,Nuit sans éclairage public,En agglomération,Hors intersection,Normale,Autre collision,,,,,,,,,,,3,2,1,1.0,6
201300009736,0013-07-15 15:45:00,13,7,15,15,45,370,34,,,,Plein jour,Hors agglomération,Hors intersection,Normale,Autre collision,,,,,,,,,,,1,1,1,1.0,6
201300009737,0013-07-27 18:15:00,13,7,27,18,15,370,178,RUE DE LA VIENNE,,,Plein jour,Hors agglomération,Hors intersection,Normale,Sans collision,,,,,,,,,,,1,1,1,1.0,7
201300009738,0013-08-15 04:30:00,13,8,15,4,30,370,165,,,,Nuit sans éclairage public,Hors agglomération,Hors intersection,Normale,Autre collision,,,,,,,,,,,3,1,1,1.0,6
201300009739,0013-08-25 20:30:00,13,8,25,20,30,370,5,,,,Nuit sans éclairage public,Hors agglomération,Hors intersection,Pluie légère,Sans collision,,,,,,,,,,,3,1,1,2.0,7
201300009740,0013-09-18 12:45:00,13,9,18,12,45,370,226,AVENUE DU GL DE GAULLE,,,Plein jour,En agglomération,Giratoire,Temps couvert,Deux véhicules - côté,,,,,,,,,,,1,2,6,8.0,3
201300009741,0013-11-27 11:15:00,13,11,27,11,15,370,199,,,,Plein jour,Hors agglomération,Hors intersection,Normale,Deux véhicules - côté,,,,,,,,,,,1,1,1,1.0,3
201300009742,0013-12-23 11:30:00,13,12,23,11,30,370,212,,,,Plein jour,Hors agglomération,Hors intersection,Normale,Deux véhicules - côté,,,,,,,,,,,1,1,1,1.0,3
201300009743,0013-02-09 19:45:00,13,2,9,19,45,370,16,,,,Nuit sans éclairage public,Hors agglomération,Hors intersection,Pluie forte,Trois véhicules et plus - en chaîne,,,,,,,,,,,3,1,1,3.0,4
201300009744,0013-03-20 12:45:00,13,3,20,12,45,370,49,,,,Plein jour,Hors agglomération,Hors intersection,Normale,Deux véhicules - frontale,,,,,,,,,,,1,1,1,1.0,1
201300009745,0013-03-31 17:30:00,13,3,31,17,30,370,132,,,,Plein jour,Hors agglomération,Hors intersection,Normale,Sans collision,,,,,,,,,,,1,1,1,1.0,7
201300009746,0013-05-15 08:00:00,13,5,15,8,0,370,132,,,,Plein jour,Hors agglomération,Hors intersection,Normale,Deux véhicules - côté,,,,,,,,,,,1,1,1,1.0,3
201300009747,0013-06-08 11:15:00,13,6,8,11,15,370,108,,,,Plein jour,Hors agglomération,Autre intersection,Normale,Deux véhicules - côté,,,,,,,,,,,1,1,9,1.0,3
201300009748,0013-06-20 17:30:00,13,6,20,17,30,370,192,CROISEMENT D17 ET D58,,,Plein jour,En agglomération,Hors intersection,Normale,Autre collision,,,,,,,,,,,1,2,1,1.0,6
201300009749,0013-07-05 21:00:00,13,7,5,21,0,370,111,,,,Plein jour,Hors agglomération,Intersection en X,Normale,Deux véhicules - côté,,,,,,,,,,,1,1,2,1.0,3
201300009750,0013-07-10 14:45:00,13,7,10,14,45,370,132,,,,Plein jour,Hors agglomération,Hors intersection,Normale,Trois véhicules et plus - collisions multiples,,,,,,,,,,,1,1,1,1.0,5
201300009751,0013-08-22 19:00:00,13,8,22,19,0,370,222,,,,Plein jour,Hors agglomération,Hors intersection,Normale,Deux véhicules - frontale,,,,,,,,,,,1,1,1,1.0,1
201300009752,0013-09-13 16:00:00,13,9,13,16,0,370,132,rue de l'Amiral de Point,47.142,1.002,Plein jour,En agglomération,Hors intersection,Normale,Deux véhicules - arrière,,,,,,,,,,,1,2,1,1.0,2
201300009753,0013-09-20 08:15:00,13,9,20,8,15,370,183,RD943,,,Plein jour,En agglomération,Intersection en X,Normale,Deux véhicules - frontale,,,,,,,,,,,1,2,2,1.0,1
201300009754,0013-11-24 15:30:00,13,11,24,15,30,370,269,NON PRECISEE,,,Plein jour,Hors agglomération,Hors intersection,Normale,Deux véhicules - frontale,,,,,,,,,,,1,1,1,1.0,1
201300009755,0013-02-16 07:45:00,13,2,16,7,45,370,61,,,,Crépuscule ou aube,Hors agglomération,Hors intersection,Brouillard / fumée,Trois véhicules et plus - collisions multiples,,,,,,,,,,,2,1,1,5.0,5
201300009756,0013-06-16 06:30:00,13,6,16,6,30,370,113,Avenue andre theuriet,,,Crépuscule ou aube,En agglomération,Passage à niveau,Normale,Sans collision,,,,,,,,,,,2,2,8,1.0,7
201300009757,0013-04-07 17:45:00,13,4,7,17,45,370,1,3 rue Bellevue,46.946,0.729,Plein jour,En agglomération,Hors intersection,Normale,Autre collision,,,,,,,,,,,1,2,1,1.0,6
201300009758,0013-06-19 18:30:00,13,6,19,18,30,370,98,,,,Plein jour,Hors agglomération,Hors intersection,Normale,Deux véhicules - côté,,,,,,,,,,,1,1,1,1.0,3
201300009759,0013-04-16 10:00:00,13,4,16,10,0,370,159,33 RUE DES GRANGES,,,Plein jour,En agglomération,Hors intersection,Normale,Autre collision,,,,,,,,,,,1,2,1,1.0,6
201300009760,0013-06-25 08:30:00,13,6,25,8,30,370,159,28 rue de la foret,,,Plein jour,En agglomération,Hors intersection,Normale,Deux véhicules - arrière,,,,,,,,,,,1,2,1,1.0,2
201300009761,0013-07-07 16:15:00,13,7,7,16,15,370,104,,,,Plein jour,Hors agglomération,Hors intersection,Normale,Sans collision,,,,,,,,,,,1,1,1,1.0,7
201300009762,0013-09-16 17:30:00,13,9,16,17,30,410,32,15 RUE DE BAS RIVIERE,47.5585,1.31114,Plein jour,En agglomération,Hors intersection,Normale,Deux véhicules - frontale,,,,,,,,,,,1,2,1,1.0,1
201300009763,0013-09-29 17:15:00,13,9,29,17,15,410,67,,47.4986,1.47001,Plein jour,Hors agglomération,Hors intersection,Normale,Deux véhicules - côté,,,,,,,,,,,1,1,1,1.0,3
201300009764,0013-06-01 12:30:00,13,6,1,12,30,410,6,,47.8953,1.4399,Plein jour,Hors agglomération,Hors intersection,Normale,Sans collision,,,,,,,,,,,1,1,1,1.0,7
201300009765,0013-11-01 18:45:00,13,11,1,18,45,410,253,29 rue du moulin,47.772,1.449,Nuit avec éclairage non allumé,En agglomération,Hors intersection,Pluie forte,Autre collision,,,,,,,,,,,4,2,1,3.0,6
201300009766,0013-01-04 12:00:00,13,1,4,12,0,410,206,,47.6431,1.36992,Plein jour,Hors agglomération,Hors intersection,Normale,Deux véhicules - frontale,,,,,,,,,,,1,1,1,1.0,1
201300009767,0013-01-07 16:15:00,13,1,7,16,15,410,220,,,,Plein jour,Hors agglomération,Hors intersection,Pluie légère,Deux véhicules - arrière,,,,,,,,,,,1,1,1,2.0,2
201300009768,0013-03-03 17:00:00,13,3,3,17,0,410,220,,47.6927,1.57042,Plein jour,Hors agglomération,Hors intersection,Normale,Autre collision,,,,,,,,,,,1,1,1,1.0,6
201300009769,0013-04-25 07:30:00,13,4,25,7,30,410,252,RUE LUCIEN MIGNAT,47.6673,1.46204,Plein jour,En agglomération,Hors intersection,Temps éblouissant,Autre collision,,,,,,,,,,,1,2,1,7.0,6
201300009770,0013-04-27 21:45:00,13,4,27,21,45,410,39,,,,Nuit sans éclairage public,Hors agglomération,Hors intersection,Normale,Autre collision,,,,,,,,,,,3,1,1,1.0,6
201300009771,0013-07-07 10:30:00,13,7,7,10,30,410,136,,,,Plein jour,Hors agglomération,Hors intersection,Temps éblouissant,Deux véhicules - frontale,,,,,,,,,,,1,1,1,7.0,1
201300009772,0013-08-21 17:15:00,13,8,21,17,15,410,252,,47.6865,1.48838,Plein jour,Hors agglomération,Hors intersection,Normale,Sans collision,,,,,,,,,,,1,1,1,1.0,7
201300009773,0013-09-04 18:15:00,13,9,4,18,15,410,220,,47.7351,1.64732,Plein jour,Hors agglomération,Intersection en X,Normale,Deux véhicules - frontale,,,,,,,,,,,1,1,2,1.0,1
201300009774,0013-10-05 23:45:00,13,10,5,23,45,410,136,RD 2152 CROISEMENT RD112,47.7006,1.51027,Nuit avec éclairage allumé,En agglomération,Hors intersection,Normale,Autre collision,,,,,,,,,,,5,2,1,1.0,6
201300009775,0013-10-16 18:30:00,13,10,16,18,30,410,136,ROUTE DE BLOIS,47.699,1.50378,Plein jour,En agglomération,Hors intersection,Normale,Autre collision,,,,,,,,,,,1,2,1,1.0,6
201300009776,0013-11-06 20:15:00,13,11,6,20,15,410,71,,,,Nuit sans éclairage public,Hors agglomération,Intersection en T,Temps couvert,Deux véhicules - côté,,,,,,,,,,,3,1,3,8.0,3
201300009777,0013-11-11 16:30:00,13,11,11,16,30,410,130,D924 PK 25+200,47.7396,1.33402,Plein jour,En agglomération,Hors intersection,Temps couvert,Autre collision,,,,,,,,,,,1,2,1,8.0,6
201300009778,0013-11-28 05:30:00,13,11,28,5,30,410,136,,47.7145,1.53153,Nuit sans éclairage public,Hors agglomération,Hors intersection,Normale,Deux véhicules - arrière,,,,,,,,,,,3,1,1,1.0,2
201300009779,0013-01-13 14:15:00,13,1,13,14,15,410,9,,,,Plein jour,Hors agglomération,Hors intersection,Pluie légère,Sans collision,,,,,,,,,,,1,1,1,2.0,7
201300009780,0013-03-14 16:45:00,13,3,14,16,45,410,167,,47.4917,1.19978,Plein jour,Hors agglomération,Hors intersection,Normale,Deux véhicules - frontale,,,,,,,,,,,1,1,1,1.0,1
201300009781,0013-07-14 01:00:00,13,7,14,1,0,410,137,16 ROUTE DE TOURAINE,47.5067,1.122,Nuit avec éclairage allumé,En agglomération,Hors intersection,Normale,Autre collision,,,,,,,,,,,5,2,1,1.0,6
201300009782,0013-08-22 08:15:00,13,8,22,8,15,410,55,,47.5073,1.24398,Plein jour,Hors agglomération,Hors intersection,Normale,Deux véhicules - frontale,,,,,,,,,,,1,1,1,1.0,1
201300009783,0013-09-11 19:45:00,13,9,11,19,45,410,234,,47.5899,1.12893,Nuit sans éclairage public,Hors agglomération,Hors intersection,Normale,Autre collision,,,,,,,,,,,3,1,1,1.0,6
201300009784,0013-10-30 17:45:00,13,10,30,17,45,410,55,,47.5221,1.25342,Crépuscule ou aube,Hors agglomération,Intersection en T,Normale,Deux véhicules - frontale,,,,,,,,,,,2,1,3,1.0,1
201300009785,0013-11-11 05:00:00,13,11,11,5,0,410,272,RD 752,47.4721,1.12749,Nuit sans éclairage public,En agglomération,Hors intersection,Brouillard / fumée,Sans collision,,,,,,,,,,,3,2,1,5.0,7
201300009786,0013-02-06 07:45:00,13,2,6,7,45,410,106,ROUTE DE VIERZON,47.5914,2.02361,Crépuscule ou aube,En agglomération,Hors intersection,Temps éblouissant,Deux véhicules - côté,,,,,,,,,,,2,2,1,7.0,3
201300009787,0013-05-22 16:00:00,13,5,22,16,0,410,296,,47.6311,2.04833,Plein jour,Hors agglomération,Hors intersection,Temps couvert,Deux véhicules - côté,,,,,,,,,,,1,1,1,8.0,3
201300009788,0013-06-22 14:00:00,13,6,22,14,0,410,232,IMPASSE DE LA COTONERIE,,,Plein jour,En agglomération,Autre intersection,Normale,Autre collision,,,,,,,,,,,1,2,9,1.0,6
201300009789,0013-09-05 21:30:00,13,9,5,21,30,410,232,AVENUE D ORLEANS,47.4337,2.04956,Nuit avec éclairage allumé,En agglomération,Hors intersection,Normale,Trois véhicules et plus - collisions multiples,,,,,,,,,,,5,2,1,1.0,5
201300009790,0013-10-14 06:15:00,13,10,14,6,15,410,159,,,,Nuit sans éclairage public,Hors agglomération,Hors intersection,Temps couvert,Deux véhicules - frontale,,,,,,,,,,,3,1,1,8.0,1
201300009791,0013-12-05 07:30:00,13,12,5,7,30,410,46,,47.6682,1.91632,Crépuscule ou aube,Hors agglomération,Hors intersection,Normale,Deux véhicules - frontale,,,,,,,,,,,2,1,1,1.0,1
201300009792,0013-03-02 12:15:00,13,3,2,12,15,410,242,AVENUE DU TPG ALBERT,,,Plein jour,En agglomération,Hors intersection,Normale,Deux véhicules - côté,,,,,,,,,,,1,2,1,1.0,3
201300009793,0013-07-06 20:45:00,13,7,6,20,45,410,140,,47.4346,1.81132,Plein jour,Hors agglomération,Hors intersection,Normale,Autre collision,,,,,,,,,,,1,1,1,1.0,6
201300009794,0013-07-06 23:15:00,13,7,6,23,15,410,271,,47.4805,1.72575,Nuit sans éclairage public,Hors agglomération,Hors intersection,Normale,Autre collision,,,,,,,,,,,3,1,1,1.0,6
201300009795,0013-07-24 22:45:00,13,7,24,22,45,410,185,,47.3747,1.69119,Nuit sans éclairage public,Hors agglomération,Hors intersection,Normale,Deux véhicules - frontale,,,,,,,,,,,3,1,1,1.0,1
201300009796,0013-09-20 06:15:00,13,9,20,6,15,410,287,,47.7443,1.03796,Crépuscule ou aube,Hors agglomération,Intersection en X,Normale,Deux véhicules - arrière,,,,,,,,,,,2,1,2,1.0,2
201300009797,0013-01-05 10:30:00,13,1,5,10,30,410,248,,48.0626,0.83168,Plein jour,Hors agglomération,Hors intersection,Temps couvert,Sans collision,,,,,,,,,,,1,1,1,8.0,7
201300009798,0013-01-23 15:45:00,13,1,23,15,45,410,143,57 RUE LEROY,47.9826,0.90701,Plein jour,En agglomération,Hors intersection,Normale,Deux véhicules - côté,,,,,,,,,,,1,2,1,1.0,3
201300009799,0013-02-16 19:00:00,13,2,16,19,0,410,28,RD 357,47.893,1.12849,Nuit sans éclairage public,En agglomération,Hors intersection,Brouillard / fumée,Deux véhicules - frontale,,,,,,,,,,,3,2,1,5.0,1
201300009800,0013-04-17 13:15:00,13,4,17,13,15,410,41,,47.9835,1.00442,Plein jour,Hors agglomération,Intersection en X,Normale,Deux véhicules - côté,,,,,,,,,,,1,1,2,1.0,3
201300009801,0013-06-29 21:30:00,13,6,29,21,30,410,275,,47.8922,1.08241,Crépuscule ou aube,Hors agglomération,Intersection en X,Normale,Deux véhicules - côté,,,,,,,,,,,2,1,2,1.0,3
201300009802,0013-01-24 08:45:00,13,1,24,8,45,330,214,,,,Plein jour,Hors agglomération,Autre intersection,Temps couvert,Deux véhicules - frontale,,,,,,,,,,,1,1,9,8.0,1
201300009803,0013-07-19 19:15:00,13,7,19,19,15,330,214,,,,Plein jour,Hors agglomération,Hors intersection,Normale,Deux véhicules - frontale,,,,,,,,,,,1,1,1,1.0,1
201300009804,0013-09-22 19:30:00,13,9,22,19,30,330,503,,,,Crépuscule ou aube,Hors agglomération,Hors intersection,Normale,Deux véhicules - frontale,,,,,,,,,,,2,1,1,1.0,1
201300009805,0013-02-19 15:30:00,13,2,19,15,30,290,234,,47.82954,-3.49722,Plein jour,Hors agglomération,Hors intersection,Normale,Deux véhicules - côté,,,,,,,,,,,1,1,1,1.0,3
201300009806,0013-03-31 06:30:00,13,3,31,6,30,290,233,IMPASSE DE TRELIVALAIRE,47.86386,-3.56977,Nuit avec éclairage non allumé,Hors agglomération,Hors intersection,Normale,Autre collision,,,,,,,,,,,4,1,1,1.0,6
201300009807,0013-04-23 09:00:00,13,4,23,9,0,290,2,,47.88842,-3.41252,Plein jour,Hors agglomération,Hors intersection,Normale,Deux véhicules - côté,,,,,,,,,,,1,1,1,1.0,3
201300009808,0013-06-19 21:00:00,13,6,19,21,0,290,233,,47.86957,-3.56124,Plein jour,En agglomération,Hors intersection,Pluie légère,Autre collision,,,,,,,,,,,1,2,1,2.0,6
201300009809,0013-07-10 06:15:00,13,7,10,6,15,290,234,,47.8553,-3.48298,Crépuscule ou aube,Hors agglomération,Hors intersection,Normale,Autre collision,,,,,,,,,,,2,1,1,1.0,6
201300009810,0013-09-17 14:00:00,13,9,17,14,0,290,297,,47.91812,-3.51658,Plein jour,Hors agglomération,Hors intersection,Pluie légère,Deux véhicules - frontale,,,,,,,,,,,1,1,1,2.0,1
201300009811,0013-09-24 16:30:00,13,9,24,16,30,290,233,Route de Lorient,47.86406,-3.5243,Plein jour,En agglomération,Hors intersection,Normale,Sans collision,,,,,,,,,,,1,2,1,1.0,7
201300009812,0013-10-16 14:15:00,13,10,16,14,15,290,230,,47.94599,-3.50806,Plein jour,Hors agglomération,Hors intersection,Temps couvert,Autre collision,,,,,,,,,,,1,1,1,8.0,6
201300009813,0013-04-29 14:30:00,13,4,29,14,30,290,31,,47.81401,-3.5621,Plein jour,Hors agglomération,Hors intersection,Normale,Deux véhicules - côté,,,,,,,,,,,1,1,1,1.0,3
201300009814,0013-05-02 22:30:00,13,5,2,22,30,290,293,,47.81758,-3.82976,Nuit sans éclairage public,Hors agglomération,Hors intersection,Normale,Autre collision,,,,,,,,,,,3,1,1,1.0,6
201300009815,0013-06-09 00:30:00,13,6,9,0,30,290,300,,47.87723,-3.65335,Nuit sans éclairage public,Hors agglomération,Hors intersection,Normale,Deux véhicules - arrière,,,,,,,,,,,3,1,1,1.0,2
201300009816,0013-06-30 01:15:00,13,6,30,1,15,290,217,,47.84869,-3.78675,Nuit sans éclairage public,Hors agglomération,Hors intersection,Normale,Autre collision,,,,,,,,,,,3,1,1,1.0,6
201300009817,0013-09-01 18:30:00,13,9,1,18,30,290,31,,47.78139,-3.5919,Plein jour,Hors agglomération,Hors intersection,Normale,Deux véhicules - frontale,,,,,,,,,,,1,1,1,1.0,1
201300009818,0013-09-02 07:30:00,13,9,2,7,30,290,293,Kereven,47.85338,-3.83081,Plein jour,Hors agglomération,Hors intersection,Normale,Deux véhicules - côté,,,,,,,,,,,1,1,1,1.0,3
201300009819,0013-09-04 09:15:00,13,9,4,9,15,290,293,rue de Pont Aven,47.85692,-3.78156,Plein jour,En agglomération,Hors intersection,Temps éblouissant,Autre collision,,,,,,,,,,,1,2,1,7.0,6
201300009820,0013-09-07 18:30:00,13,9,7,18,30,290,236,,47.83215,-3.73308,Plein jour,Hors agglomération,Hors intersection,Temps éblouissant,Autre collision,,,,,,,,,,,1,1,1,7.0,6
201300009821,0013-11-20 17:30:00,13,11,20,17,30,290,300,,47.87752,-3.63951,Crépuscule ou aube,Hors agglomération,Hors intersection,Pluie légère,Deux véhicules - arrière,,,,,,,,,,,2,1,1,2.0,2
201300009822,0013-03-15 13:30:00,13,3,15,13,30,290,4,PLACE DES FUSILLES,47.93249,-3.69794,Plein jour,En agglomération,Hors intersection,Normale,Autre collision,,,,,,,,,,,1,2,1,1.0,6
201300009823,0013-04-14 06:45:00,13,4,14,6,45,290,269,,47.9788,-3.63386,Crépuscule ou aube,Hors agglomération,Hors intersection,Normale,Autre collision,,,,,,,,,,,2,1,1,1.0,6
201300009824,0013-04-26 15:30:00,13,4,26,15,30,290,4,,47.95959,-3.65307,Plein jour,Hors agglomération,Hors intersection,Normale,Deux véhicules - frontale,,,,,,,,,,,1,1,1,1.0,1
201300009825,0013-05-06 19:30:00,13,5,6,19,30,290,241,,47.95238,-3.86834,Plein jour,Hors agglomération,Hors intersection,Normale,Autre collision,,,,,,,,,,,1,1,1,1.0,6
201300009826,0013-06-16 20:30:00,13,6,16,20,30,290,4,,47.92317,-3.67358,Plein jour,Hors agglomération,Hors intersection,Normale,Sans collision,,,,,,,,,,,1,1,1,1.0,7
201300009827,0013-06-27 08:30:00,13,6,27,8,30,290,281,,48.02304,-3.82837,Plein jour,En agglomération,Hors intersection,Normale,Deux véhicules - frontale,,,,,,,,,,,1,2,1,1.0,1
201300009828,0013-08-31 05:45:00,13,8,31,5,45,290,146,,47.90654,-3.85389,Nuit sans éclairage public,Hors agglomération,Hors intersection,Normale,Sans collision,,,,,,,,,,,3,1,1,1.0,7
201300009829,0013-08-14 19:45:00,13,8,14,19,45,290,274,,48.00598,-3.75003,Crépuscule ou aube,Hors agglomération,Intersection en Y,Temps éblouissant,Deux véhicules - frontale,,,,,,,,,,,2,1,4,7.0,1
201300009830,0013-08-20 09:30:00,13,8,20,9,30,290,300,,47.89421,-3.61795,Plein jour,Hors agglomération,Hors intersection,Normale,Deux véhicules - frontale,,,,,,,,,,,1,1,1,1.0,1
201300009831,0013-10-13 10:45:00,13,10,13,10,45,290,4,,47.93914,-3.7489,Plein jour,Hors agglomération,Hors intersection,Normale,Deux véhicules - côté,,,,,,,,,,,1,1,1,1.0,3
201300009832,0013-12-14 19:30:00,13,12,14,19,30,290,49,,48.04367,-3.97465,Nuit sans éclairage public,Hors agglomération,Hors intersection,Temps couvert,Autre collision,,,,,,,,,,,3,1,1,8.0,6
201300009833,0013-12-22 23:30:00,13,12,22,23,30,290,241,Rue Saint Eloi,47.95783,-3.84873,Nuit avec éclairage non allumé,En agglomération,Hors intersection,Pluie légère,Autre collision,,,,,,,,,,,4,2,1,2.0,6
201300009834,0013-01-11 23:30:00,13,1,11,23,30,130,88,,,,Nuit sans éclairage public,Hors agglomération,Hors intersection,Normale,Autre collision,,,,,,,,,,,3,1,1,1.0,6
201300009835,0013-07-26 19:15:00,13,7,26,19,15,130,33,,43.37832,5.18741,Plein jour,Hors agglomération,Hors intersection,Normale,Deux véhicules - côté,,,,,,,,,,,1,1,1,1.0,3
201300009836,0013-12-10 15:30:00,13,12,10,15,30,130,33,,,,Plein jour,Hors agglomération,Hors intersection,Normale,Deux véhicules - côté,,,,,,,,,,,1,1,1,1.0,3