accident_id,datetime,annee,mois,jour,heure,minute,departement,commune_insee,adresse,latitude,longitude,luminosite,agglomeration,intersection,meteo,collision,nb_vehicules,nb_usagers,nb_indemnes,nb_tues,nb_blesses_hosp,nb_blesses_legers,age_cond_1,age_cond_2,veh_type_cond_1,veh_type_cond_2,lum_code,agg_code,int_code,atm_code,col_code
201300010229,0013-10-12 18:40:00,13,10,12,18,40,60,123,BORD DE MER RN 98,,,Plein jour,En agglomération,Hors intersection,Normale,Deux véhicules - arrière,,,,,,,,,,,1,2,1,1.0,2
201300010230,0013-10-16 12:30:00,13,10,16,12,30,60,27,NICE AVENUE DE (RN7),,,Plein jour,En agglomération,Intersection en X,Normale,Deux véhicules - côté,,,,,,,,,,,1,2,2,1.0,3
201300010231,0013-10-22 09:50:00,13,10,22,9,50,60,123,"190, DECHAME EMILE AVENU",,,Plein jour,En agglomération,Hors intersection,Normale,Autre collision,,,,,,,,,,,1,2,1,1.0,6
201300010232,0013-10-22 14:20:00,13,10,22,14,20,60,123,GUYNEMER AVENUE,,,Plein jour,En agglomération,Giratoire,Normale,Deux véhicules - côté,,,,,,,,,,,1,2,6,1.0,3
201300010233,0013-10-23 18:45:00,13,10,23,18,45,60,27,"44, ST LAURENT CHEMIN DE",,,Nuit avec éclairage allumé,En agglomération,Intersection en T,Normale,Deux véhicules - arrière,,,,,,,,,,,5,2,3,1.0,2
201300010234,0013-10-24 14:30:00,13,10,24,14,30,60,27,"31, RENOIR AVENUE AUGUST",,,Plein jour,En agglomération,Hors intersection,Normale,Trois véhicules et plus - en chaîne,,,,,,,,,,,1,2,1,1.0,4
201300010235,0013-10-26 13:50:00,13,10,26,13,50,60,27,ESPARTES CHEMIN DES,,,Plein jour,En agglomération,Hors intersection,Normale,Sans collision,,,,,,,,,,,1,2,1,1.0,7
201300010236,0013-10-28 10:15:00,13,10,28,10,15,60,123,COMBATTANTS AFN AVENUE D,,,Plein jour,En agglomération,Intersection en T,Normale,Deux véhicules - frontale,,,,,,,,,,,1,2,3,1.0,1
201300010237,0013-10-30 15:35:00,13,10,30,15,35,60,123,GARE ROUTE DE LA,,,Plein jour,En agglomération,Hors intersection,Normale,Deux véhicules - côté,,,,,,,,,,,1,2,1,1.0,3
201300010238,0013-11-01 20:15:00,13,11,1,20,15,60,27,CITRONNIERS AVENUE DES,,,Nuit avec éclairage allumé,En agglomération,Intersection en T,Normale,Deux véhicules - côté,,,,,,,,,,,5,2,3,1.0,3
201300010239,0013-11-02 09:45:00,13,11,2,9,45,60,27,CANNES AVENUE DE (RN7),,,Plein jour,En agglomération,Autre intersection,Normale,Deux véhicules - côté,,,,,,,,,,,1,2,9,1.0,3
201300010240,0013-11-03 12:20:00,13,11,3,12,20,60,123,"242, PUGETS AVENUE DES",,,Plein jour,En agglomération,Hors intersection,Normale,Autre collision,,,,,,,,,,,1,2,1,1.0,6
201300010241,0013-11-07 07:00:00,13,11,7,7,0,60,27,PLAGE BOULEVARD DE LA,,,Plein jour,En agglomération,Hors intersection,Normale,Deux véhicules - frontale,,,,,,,,,,,1,2,1,1.0,1
201300010242,0013-11-11 15:00:00,13,11,11,15,0,60,123,"906, DE GAULLE GENERAL A",,,Plein jour,En agglomération,Hors intersection,Normale,Autre collision,,,,,,,,,,,1,2,1,1.0,6
201300010243,0013-11-11 19:00:00,13,11,11,19,0,60,27,"72, GRASSE AVENUE DE",,,Crépuscule ou aube,En agglomération,Hors intersection,Normale,Deux véhicules - côté,,,,,,,,,,,2,2,1,1.0,3
201300010244,0013-11-12 07:45:00,13,11,12,7,45,60,123,POMPIDOU GEORGES BOULEVA,,,Crépuscule ou aube,En agglomération,Hors intersection,Normale,Autre collision,,,,,,,,,,,2,2,1,1.0,6
201300010245,0013-11-12 16:05:00,13,11,12,16,5,60,123,COUSTEAU JEAN YVES PROME,,,Plein jour,En agglomération,Hors intersection,Normale,Deux véhicules - côté,,,,,,,,,,,1,2,1,1.0,3
201300010246,0013-11-15 14:20:00,13,11,15,14,20,60,123,"300, MOSCHETTI RUE",,,Plein jour,En agglomération,Hors intersection,Normale,Autre collision,,,,,,,,,,,1,2,1,1.0,6
201300010247,0013-11-18 11:50:00,13,11,18,11,50,60,27,"28 Bis, GAUDE AVENUE DE",,,Plein jour,En agglomération,Hors intersection,Normale,Deux véhicules - côté,,,,,,,,,,,1,2,1,1.0,3
201300010248,0013-11-26 19:15:00,13,11,26,19,15,60,27,VAL EN SOL AVENUE DE,,,Nuit sans éclairage public,En agglomération,Hors intersection,Normale,Autre collision,,,,,,,,,,,3,2,1,1.0,6
201300010249,0013-11-27 09:30:00,13,11,27,9,30,60,123,SAUVAIGO PIERRE AVENUE,,,Plein jour,En agglomération,Intersection en T,Normale,Deux véhicules - côté,,,,,,,,,,,1,2,3,1.0,3
201300010250,0013-11-27 17:30:00,13,11,27,17,30,60,27,"159, NICE AVENUE DE (RN7",,,Nuit avec éclairage allumé,En agglomération,Intersection en T,Normale,Deux véhicules - côté,,,,,,,,,,,5,2,3,1.0,3
201300010251,0013-12-02 08:25:00,13,12,2,8,25,60,123,"500, VESPINS ROUTE DES",,,Plein jour,En agglomération,Hors intersection,Normale,Deux véhicules - côté,,,,,,,,,,,1,2,1,1.0,3
201300010252,0013-12-03 08:45:00,13,12,3,8,45,60,123,"163, 11 NOVEMBRE AVENUE",,,Plein jour,En agglomération,Intersection en T,Normale,Deux véhicules - côté,,,,,,,,,,,1,2,3,1.0,3
201300010253,0013-12-04 11:45:00,13,12,4,11,45,60,123,POMPIDOU GEORGES BOULEVA,,,Plein jour,En agglomération,Hors intersection,Normale,Deux véhicules - arrière,,,,,,,,,,,1,2,1,1.0,2
201300010254,0013-12-05 13:05:00,13,12,5,13,5,60,27,GARE AVENUE DE LA,,,Plein jour,En agglomération,Intersection en X,Normale,Deux véhicules - côté,,,,,,,,,,,1,2,2,1.0,3
201300010255,0013-12-07 14:30:00,13,12,7,14,30,60,123,MISTRAL FREDERIC AVENUE,,,Plein jour,En agglomération,Giratoire,Normale,Deux véhicules - côté,,,,,,,,,,,1,2,6,1.0,3
201300010256,0013-12-09 11:45:00,13,12,9,11,45,60,27,PLAGE BOULEVARD DE LA,,,Plein jour,En agglomération,Hors intersection,Normale,Deux véhicules - arrière,,,,,,,,,,,1,2,1,1.0,2
201300010257,0013-12-10 16:10:00,13,12,10,16,10,60,123,SAUVAIGO PIERRE AVENUE,,,Plein jour,En agglomération,Hors intersection,Normale,Deux véhicules - côté,,,,,,,,,,,1,2,1,1.0,3
201300010258,0013-12-12 10:00:00,13,12,12,10,0,60,27,PROMENADE DE L HIPPODROM,,,Plein jour,En agglomération,Hors intersection,Normale,Deux véhicules - côté,,,,,,,,,,,1,2,1,1.0,3
201300010259,0013-12-12 11:23:00,13,12,12,11,23,60,123,BORD DE MER RN 98,,,Plein jour,En agglomération,Hors intersection,Normale,Autre collision,,,,,,,,,,,1,2,1,1.0,6
201300010260,0013-12-13 07:25:00,13,12,13,7,25,60,123,DE GAULLE GENERAL AVENUE,,,Crépuscule ou aube,En agglomération,Hors intersection,Normale,Deux véhicules - côté,,,,,,,,,,,2,2,1,1.0,3
201300010261,0013-12-13 08:20:00,13,12,13,8,20,60,123,CURIE PIERRE ET MARIE AV,,,Plein jour,En agglomération,Hors intersection,Normale,Deux véhicules - côté,,,,,,,,,,,1,2,1,1.0,3
201300010262,0013-12-21 04:00:00,13,12,21,4,0,60,27,LECLERCAVENUE GENERAL,,,Nuit avec éclairage allumé,En agglomération,Intersection en X,Normale,Deux véhicules - côté,,,,,,,,,,,5,2,2,1.0,3
201300010263,0013-12-22 16:00:00,13,12,22,16,0,60,123,JUIN MARECHAL AVENUE,,,Plein jour,En agglomération,Hors intersection,Normale,Deux véhicules - côté,,,,,,,,,,,1,2,1,1.0,3
201300010264,0013-12-24 11:20:00,13,12,24,11,20,60,27,GARE AVENUE DE LA,,,Plein jour,En agglomération,Hors intersection,Normale,Trois véhicules et plus - collisions multiples,,,,,,,,,,,1,2,1,1.0,5
201300010265,0013-12-24 19:20:00,13,12,24,19,20,60,27,"76, GRASSE AVENUE DE",,,Nuit avec éclairage allumé,En agglomération,Hors intersection,Pluie légère,Deux véhicules - côté,,,,,,,,,,,5,2,1,2.0,3
201300010266,0013-01-07 10:55:00,13,1,7,10,55,60,30,CAMPON (RUE,,,Plein jour,En agglomération,Hors intersection,Normale,Autre collision,,,,,,,,,,,1,2,1,1.0,6
201300010267,0013-01-08 17:15:00,13,1,8,17,15,60,29,"25/27, VAUTRIN (BOULEVAR",,,Crépuscule ou aube,En agglomération,Hors intersection,Normale,Sans collision,,,,,,,,,,,2,2,1,1.0,7
201300010268,0013-01-14 09:18:00,13,1,14,9,18,60,29,MERLE (RUE),,,Plein jour,En agglomération,Hors intersection,Normale,Deux véhicules - côté,,,,,,,,,,,1,2,1,1.0,3
201300010269,0013-01-14 17:45:00,13,1,14,17,45,60,29,"78, CARNOT (BOULEVARD)",,,Nuit avec éclairage allumé,En agglomération,Hors intersection,Pluie légère,Deux véhicules - côté,,,,,,,,,,,5,2,1,2.0,3
201300010270,0013-01-14 18:44:00,13,1,14,18,44,60,29,"00, JOURDAN (AVENUE MICH",,,Nuit avec éclairage allumé,En agglomération,Hors intersection,Pluie forte,Autre collision,,,,,,,,,,,5,2,1,3.0,6
201300010271,0013-01-07 09:18:00,13,1,7,9,18,60,29,JUIN (AVENUE MARECHAL),,,Plein jour,En agglomération,Hors intersection,Normale,Deux véhicules - côté,,,,,,,,,,,1,2,1,1.0,3
201300010272,0013-01-19 07:30:00,13,1,19,7,30,60,29,REPUBLIQUE (BOULEVARD DE,,,Plein jour,En agglomération,Hors intersection,Pluie légère,Sans collision,,,,,,,,,,,1,2,1,2.0,7
201300010273,0013-01-19 17:32:00,13,1,19,17,32,60,30,"104, ROOSEVELT (AVENUE F",,,Nuit avec éclairage allumé,En agglomération,Hors intersection,Pluie forte,Autre collision,,,,,,,,,,,5,2,1,3.0,6
201300010274,0013-01-22 10:40:00,13,1,22,10,40,60,29,MAUBERT (RONT POINT GAL),,,Plein jour,En agglomération,Hors intersection,Temps éblouissant,Deux véhicules - côté,,,,,,,,,,,1,2,1,7.0,3
201300010275,0013-01-22 14:55:00,13,1,22,14,55,60,29,POESIE (AVENUE PIERRE),,,Plein jour,En agglomération,Hors intersection,Normale,Autre collision,,,,,,,,,,,1,2,1,1.0,6
201300010276,0013-01-24 17:00:00,13,1,24,17,0,60,29,BORDE (AVENUE DE LA)(BOC,,,Plein jour,En agglomération,Hors intersection,Normale,Deux véhicules - côté,,,,,,,,,,,1,2,1,1.0,3
201300010277,0013-01-25 11:30:00,13,1,25,11,30,60,29,MIDI (BOULEVARD DU),,,Plein jour,En agglomération,Hors intersection,Normale,Deux véhicules - côté,,,,,,,,,,,1,2,1,1.0,3
201300010278,0013-01-25 13:50:00,13,1,25,13,50,60,29,LEADER (BOULEVARD),,,Plein jour,En agglomération,Hors intersection,Normale,Deux véhicules - frontale,,,,,,,,,,,1,2,1,1.0,1
201300010279,0013-01-29 12:20:00,13,1,29,12,20,60,29,QUATORZE JUILLET (RUE DU,,,Plein jour,En agglomération,Hors intersection,Normale,Autre collision,,,,,,,,,,,1,2,1,1.0,6
201300010280,0013-02-01 13:20:00,13,2,1,13,20,60,29,CROISETTE (BOULEVARD DE,,,Plein jour,En agglomération,Hors intersection,Normale,Deux véhicules - arrière,,,,,,,,,,,1,2,1,1.0,2
201300010281,0013-02-02 16:11:00,13,2,2,16,11,60,29,LACOUR (RUE),,,Plein jour,En agglomération,Hors intersection,Pluie forte,Autre collision,,,,,,,,,,,1,2,1,3.0,6
201300010282,0013-02-08 18:00:00,13,2,8,18,0,60,29,COTEAUX (AVENUE DES),,,Nuit avec éclairage allumé,En agglomération,Hors intersection,Normale,Deux véhicules - côté,,,,,,,,,,,5,2,1,1.0,3
201300010283,0013-02-12 20:00:00,13,2,12,20,0,60,29,ALSACE ( BOULEVARD D'),,,Plein jour,En agglomération,Hors intersection,Normale,Autre collision,,,,,,,,,,,1,2,1,1.0,6
201300010284,0013-02-13 13:40:00,13,2,13,13,40,60,30,"48, CAMPELIERES (CHEMIN",,,Plein jour,En agglomération,Hors intersection,Normale,Sans collision,,,,,,,,,,,1,2,1,1.0,7
201300010285,0013-02-16 09:25:00,13,2,16,9,25,60,29,"329, GRASSE (AVENUE DE)",,,Plein jour,En agglomération,Hors intersection,Normale,Deux véhicules - côté,,,,,,,,,,,1,2,1,1.0,3
201300010286,0013-02-19 17:00:00,13,2,19,17,0,60,29,MORGON (CHEMIN),,,Crépuscule ou aube,En agglomération,Hors intersection,Normale,Deux véhicules - arrière,,,,,,,,,,,2,2,1,1.0,2
201300010287,0013-03-03 17:20:00,13,3,3,17,20,60,29,CROISETTE (BOULEVARD DE),,,Nuit avec éclairage non allumé,En agglomération,Hors intersection,Normale,Sans collision,,,,,,,,,,,4,2,1,1.0,7
201300010288,0013-03-04 19:25:00,13,3,4,19,25,60,29,PANTIERO (PROMENADE DE L,,,Nuit avec éclairage allumé,En agglomération,Hors intersection,Normale,Deux véhicules - arrière,,,,,,,,,,,5,2,1,1.0,2
201300010289,0013-03-07 18:25:00,13,3,7,18,25,60,30,"38, MONTJOLI (AVENUE DU)",,,Crépuscule ou aube,En agglomération,Hors intersection,Pluie forte,Deux véhicules - frontale,,,,,,,,,,,2,2,1,3.0,1
201300010290,0013-03-11 15:20:00,13,3,11,15,20,60,29,"8, PICAUD (AVENUE DU DOC",,,Plein jour,En agglomération,Hors intersection,Normale,Autre collision,,,,,,,,,,,1,2,1,1.0,6
201300010291,0013-03-12 08:10:00,13,3,12,8,10,60,29,PERIER (BOULEVARD DU),,,Plein jour,En agglomération,Giratoire,Normale,Deux véhicules - côté,,,,,,,,,,,1,2,6,1.0,3
201300010292,0013-03-13 07:00:00,13,3,13,7,0,60,30,ROOSEVELT (AVENUE FRANKL,,,Plein jour,En agglomération,Hors intersection,Normale,Deux véhicules - côté,,,,,,,,,,,1,2,1,1.0,3
201300010293,0013-03-14 15:12:00,13,3,14,15,12,60,29,"19-25, FERRAGE (BOULEVAR",,,Plein jour,En agglomération,Hors intersection,Normale,Autre collision,,,,,,,,,,,1,2,1,1.0,6
201300010294,0013-03-16 00:53:00,13,3,16,0,53,60,30,FOUR A CHAUX (BD DU),,,Nuit avec éclairage allumé,En agglomération,Intersection en T,Normale,Deux véhicules - côté,,,,,,,,,,,5,2,3,1.0,3
201300010295,0013-03-21 15:36:00,13,3,21,15,36,60,29,GABRES (PONT DES),,,Plein jour,En agglomération,Hors intersection,Normale,Deux véhicules - arrière,,,,,,,,,,,1,2,1,1.0,2
201300010296,0013-03-25 08:55:00,13,3,25,8,55,60,29,"30, CROISETTE (BOULEVARD",,,Plein jour,En agglomération,Hors intersection,Normale,Deux véhicules - côté,,,,,,,,,,,1,2,1,1.0,3
201300010297,0013-03-27 16:55:00,13,3,27,16,55,60,29,"24, CALMETTE (RUE DU DR)",,,Plein jour,En agglomération,Hors intersection,Normale,Autre collision,,,,,,,,,,,1,2,1,1.0,6
201300010298,0013-04-10 14:30:00,13,4,10,14,30,60,29,CROISETTE (BOULEVARD DE,,,Plein jour,En agglomération,Hors intersection,Normale,Autre collision,,,,,,,,,,,1,2,1,1.0,6
201300010299,0013-04-12 08:20:00,13,4,12,8,20,60,29,"1, STE ANNE (CHEMIN)",,,Plein jour,En agglomération,Hors intersection,Normale,Deux véhicules - frontale,,,,,,,,,,,1,2,1,1.0,1
201300010300,0013-04-12 16:50:00,13,4,12,16,50,60,29,"19, OXFORD (BOULEVARD D'",,,Plein jour,En agglomération,Hors intersection,Normale,Autre collision,,,,,,,,,,,1,2,1,1.0,6
201300010301,0013-04-13 16:10:00,13,4,13,16,10,60,29,MONTE-CARLO (AVENUE),,,Plein jour,En agglomération,Intersection en T,Normale,Autre collision,,,,,,,,,,,1,2,3,1.0,6
201300010302,0013-04-19 14:36:00,13,4,19,14,36,60,29,REPUBLIQUE (BOULEVARD DE,,,Plein jour,En agglomération,Intersection en X,Normale,Deux véhicules - côté,,,,,,,,,,,1,2,2,1.0,3
201300010303,0013-04-22 13:20:00,13,4,22,13,20,60,29,MIDI (BOULEVARD DU),,,Plein jour,En agglomération,Hors intersection,Normale,Deux véhicules - arrière,,,,,,,,,,,1,2,1,1.0,2
201300010304,0013-04-23 09:00:00,13,4,23,9,0,60,29,BACHAGA SAID BOUALAM (AV,,,Plein jour,En agglomération,Hors intersection,Normale,Deux véhicules - arrière,,,,,,,,,,,1,2,1,1.0,2
201300010305,0013-04-29 12:40:00,13,4,29,12,40,60,29,"162, GRASSE (AVENUE DE)",,,Plein jour,En agglomération,Hors intersection,Normale,Autre collision,,,,,,,,,,,1,2,1,1.0,6
201300010306,0013-05-02 09:45:00,13,5,2,9,45,60,29,TONNER (AVENUE FRANCIS),,,Plein jour,En agglomération,Hors intersection,Normale,Deux véhicules - côté,,,,,,,,,,,1,2,1,1.0,3
201300010307,0013-05-02 19:20:00,13,5,2,19,20,60,29,"10, ANGLAIS (AVENUE DES)",,,Plein jour,En agglomération,Hors intersection,Normale,Autre collision,,,,,,,,,,,1,2,1,1.0,6
201300010308,0013-05-03 08:30:00,13,5,3,8,30,60,29,"15, DOZOL (AVENUE ANTHON",,,Plein jour,En agglomération,Hors intersection,Normale,Deux véhicules - côté,,,,,,,,,,,1,2,1,1.0,3
201300010309,0013-05-03 19:30:00,13,5,3,19,30,60,29,GRASSE (AVENUE DE),,,Plein jour,En agglomération,Hors intersection,Normale,Autre collision,,,,,,,,,,,1,2,1,1.0,6
201300010310,0013-05-04 05:50:00,13,5,4,5,50,60,29,ESTEREL (BOULEVARD DE L',,,Crépuscule ou aube,En agglomération,Hors intersection,Normale,Deux véhicules - côté,,,,,,,,,,,2,2,1,1.0,3
201300010311,0013-05-04 14:00:00,13,5,4,14,0,60,29,MIDI (BOULEVARD DU),,,Plein jour,En agglomération,Hors intersection,Normale,Deux véhicules - côté,,,,,,,,,,,1,2,1,1.0,3
201300010312,0013-05-12 04:05:00,13,5,12,4,5,60,29,MIDI (BOULEVARD DU),,,Nuit avec éclairage allumé,En agglomération,Hors intersection,Normale,Autre collision,,,,,,,,,,,5,2,1,1.0,6
201300010313,0013-05-12 12:35:00,13,5,12,12,35,60,29,BUISSONS ARDENTS,,,Plein jour,En agglomération,Hors intersection,Normale,Autre collision,,,,,,,,,,,1,2,1,1.0,6
201300010314,0013-05-14 14:35:00,13,5,14,14,35,60,30,"46, ROOSEVELT (AVENUE FR",,,Plein jour,En agglomération,Hors intersection,Normale,Autre collision,,,,,,,,,,,1,2,1,1.0,6
201300010315,0013-05-15 23:35:00,13,5,15,23,35,60,29,COUVERTURE VOIE FERREE,,,Nuit avec éclairage allumé,En agglomération,Hors intersection,Pluie forte,Sans collision,,,,,,,,,,,5,2,1,3.0,7
201300010316,0013-05-17 20:15:00,13,5,17,20,15,60,29,PANTIERO (PROMENADE DE L,,,Plein jour,En agglomération,Hors intersection,Normale,Autre collision,,,,,,,,,,,1,2,1,1.0,6
201300010317,0013-05-18 05:05:00,13,5,18,5,5,60,29,"44, CROISETTE (BOULEVARD",,,Nuit avec éclairage allumé,En agglomération,Hors intersection,Pluie légère,Deux véhicules - frontale,,,,,,,,,,,5,2,1,2.0,1
201300010318,0013-05-22 07:45:00,13,5,22,7,45,60,30,"551, ST JOSEPH (CHEMIN)",,,Plein jour,En agglomération,Hors intersection,Normale,Deux véhicules - arrière,,,,,,,,,,,1,2,1,1.0,2
201300010319,0013-05-22 09:50:00,13,5,22,9,50,60,29,COTEAUX (AVENUE DES),,,Plein jour,En agglomération,Hors intersection,Normale,Deux véhicules - côté,,,,,,,,,,,1,2,1,1.0,3
201300010320,0013-05-22 10:58:00,13,5,22,10,58,60,29,PICAUD (AVENUE DR) BOCCA,,,Plein jour,En agglomération,Hors intersection,Normale,Autre collision,,,,,,,,,,,1,2,1,1.0,6
201300010321,0013-05-22 14:00:00,13,5,22,14,0,60,29,LACOUR (RUE),,,Plein jour,En agglomération,Hors intersection,Normale,Deux véhicules - arrière,,,,,,,,,,,1,2,1,1.0,2
201300010322,0013-05-23 19:57:00,13,5,23,19,57,60,29,"15, JOURDAN (AVENUE MICH",,,Plein jour,En agglomération,Hors intersection,Normale,Autre collision,,,,,,,,,,,1,2,1,1.0,6
201300010323,0013-05-17 19:00:00,13,5,17,19,0,60,29,AURELIENNE (RUE),,,Plein jour,En agglomération,Hors intersection,Normale,Deux véhicules - côté,,,,,,,,,,,1,2,1,1.0,3
201300010324,0013-05-26 15:10:00,13,5,26,15,10,60,30,"14, AUBAREDE (CHEMIN DE",,,Plein jour,En agglomération,Hors intersection,Normale,Autre collision,,,,,,,,,,,1,2,1,1.0,6
201300010325,0013-05-28 16:10:00,13,5,28,16,10,60,29,JOURDAN (AVENUE MICHEL),,,Plein jour,En agglomération,Hors intersection,Normale,Autre collision,,,,,,,,,,,1,2,1,1.0,6
201300010326,0013-05-29 11:16:00,13,5,29,11,16,60,30,CITE JARDIN (RUE),,,Plein jour,En agglomération,Hors intersection,Normale,Autre collision,,,,,,,,,,,1,2,1,1.0,6
201300010327,0013-06-04 17:55:00,13,6,4,17,55,60,30,SADI CARNOT (BOULEVARD),,,Plein jour,En agglomération,Hors intersection,Normale,Deux véhicules - côté,,,,,,,,,,,1,2,1,1.0,3
201300010328,0013-06-07 17:12:00,13,6,7,17,12,60,30,MOULIN (BOULEVARD JEAN),,,Plein jour,En agglomération,Hors intersection,Normale,Deux véhicules - côté,,,,,,,,,,,1,2,1,1.0,3
201300010329,0013-06-10 10:55:00,13,6,10,10,55,60,29,JOURDAN (AVENUE MICHEL),,,Plein jour,En agglomération,Hors intersection,Normale,Deux véhicules - côté,,,,,,,,,,,1,2,1,1.0,3
201300010330,0013-06-13 08:15:00,13,6,13,8,15,60,29,"00, BACHAGA SAID BOUALAM",,,Plein jour,En agglomération,Hors intersection,Normale,Deux véhicules - côté,,,,,,,,,,,1,2,1,1.0,3
201300010331,0013-06-15 10:05:00,13,6,15,10,5,60,30,CAMPON (RUE,,,Plein jour,En agglomération,Hors intersection,Normale,Deux véhicules - côté,,,,,,,,,,,1,2,1,1.0,3
201300010332,0013-06-07 11:15:00,13,6,7,11,15,60,30,SADI CARNOT (BOULEVARD),,,Plein jour,En agglomération,Hors intersection,Normale,Autre collision,,,,,,,,,,,1,2,1,1.0,6
201300010333,0013-06-18 15:34:00,13,6,18,15,34,60,30,"11, NOTRE DAME DES ANGES",,,Plein jour,En agglomération,Hors intersection,Normale,Deux véhicules - arrière,,,,,,,,,,,1,2,1,1.0,2
201300010334,0013-06-22 16:00:00,13,6,22,16,0,60,29,CARNOT (BOULEVARD),,,Plein jour,En agglomération,Hors intersection,Normale,Autre collision,,,,,,,,,,,1,2,1,1.0,6
201300010335,0013-06-23 04:50:00,13,6,23,4,50,60,29,"55, PETIT JUAS (AVENUE D",,,Nuit avec éclairage allumé,En agglomération,Hors intersection,Normale,Deux véhicules - frontale,,,,,,,,,,,5,2,1,1.0,1
201300010336,0013-06-24 16:55:00,13,6,24,16,55,60,29,"73, CROISETTE (BOULEVARD",,,Plein jour,En agglomération,Hors intersection,Normale,Autre collision,,,,,,,,,,,1,2,1,1.0,6
201300010337,0013-06-28 02:10:00,13,6,28,2,10,60,29,"24, MIDI (BOULEVARD DU)",,,Nuit avec éclairage allumé,En agglomération,Hors intersection,Normale,Deux véhicules - frontale,,,,,,,,,,,5,2,1,1.0,1
201300010338,0013-06-28 11:30:00,13,6,28,11,30,60,29,PICAUD (AVENUE DU DOCTEU,,,Plein jour,En agglomération,Hors intersection,Normale,Deux véhicules - côté,,,,,,,,,,,1,2,1,1.0,3
201300010339,0013-06-30 19:15:00,13,6,30,19,15,60,29,BORDE (AVENUE DE LA)(BOC,,,Plein jour,En agglomération,Hors intersection,Normale,Deux véhicules - côté,,,,,,,,,,,1,2,1,1.0,3
201300010340,0013-07-02 21:00:00,13,7,2,21,0,60,30,CAMPON (RUE,,,Crépuscule ou aube,En agglomération,Hors intersection,Normale,Deux véhicules - côté,,,,,,,,,,,2,2,1,1.0,3
201300010341,0013-07-05 14:25:00,13,7,5,14,25,60,29,"26, MIDI (BOULEVARD DU)",,,Plein jour,En agglomération,Hors intersection,Normale,Deux véhicules - côté,,,,,,,,,,,1,2,1,1.0,3
201300010342,0013-07-07 23:40:00,13,7,7,23,40,60,29,JUIN (AVENUE MARECHAL),,,Nuit avec éclairage allumé,En agglomération,Hors intersection,Normale,Autre collision,,,,,,,,,,,5,2,1,1.0,6
201300010343,0013-07-09 13:10:00,13,7,9,13,10,60,29,TONNER (AVENUE FRANCIS),,,Plein jour,En agglomération,Hors intersection,Normale,Deux véhicules - côté,,,,,,,,,,,1,2,1,1.0,3
201300010344,0013-07-09 16:20:00,13,7,9,16,20,60,29,RIOU (BOULEVARD DU),,,Plein jour,En agglomération,Hors intersection,Normale,Deux véhicules - côté,,,,,,,,,,,1,2,1,1.0,3
201300010345,0013-07-12 09:05:00,13,7,12,9,5,60,29,NEGRIN (BOULEVARD),,,Plein jour,En agglomération,Hors intersection,Normale,Deux véhicules - côté,,,,,,,,,,,1,2,1,1.0,3
201300010346,0013-07-13 14:30:00,13,7,13,14,30,60,29,"272, JOURDAN (AVENUE MIC",,,Plein jour,En agglomération,Hors intersection,Normale,Autre collision,,,,,,,,,,,1,2,1,1.0,6
201300010347,0013-07-22 10:39:00,13,7,22,10,39,60,29,"16, VIDAL (RUE DU COMMAN",,,Plein jour,En agglomération,Hors intersection,Normale,Autre collision,,,,,,,,,,,1,2,1,1.0,6
201300010348,0013-07-25 14:55:00,13,7,25,14,55,60,29,COUBERTIN (AVENUE PIERRE,,,Plein jour,En agglomération,Hors intersection,Normale,Deux véhicules - arrière,,,,,,,,,,,1,2,1,1.0,2
201300010349,0013-07-26 18:00:00,13,7,26,18,0,60,29,"30 34, GAZAGNAIRE (BL EU",,,Plein jour,En agglomération,Hors intersection,Normale,Deux véhicules - côté,,,,,,,,,,,1,2,1,1.0,3
201300010350,0013-07-30 18:00:00,13,7,30,18,0,60,29,"14, VALLOMBROSA (BOULEBA",,,Plein jour,En agglomération,Hors intersection,Normale,Autre collision,,,,,,,,,,,1,2,1,1.0,6
201300010351,0013-07-31 11:00:00,13,7,31,11,0,60,29,"14, MIDI (BOULEVARD DU)",,,Plein jour,En agglomération,Hors intersection,Normale,Autre collision,,,,,,,,,,,1,2,1,1.0,6
201300010352,0013-08-03 17:59:00,13,8,3,17,59,60,29,"00, LEADER (BOULEVARD)",,,Plein jour,En agglomération,Hors intersection,Normale,Autre collision,,,,,,,,,,,1,2,1,1.0,6
201300010353,0013-08-01 11:00:00,13,8,1,11,0,60,30,FOCH (PLACE MARECHAL),,,Plein jour,En agglomération,Hors intersection,Normale,Autre collision,,,,,,,,,,,1,2,1,1.0,6
201300010354,0013-08-07 05:18:00,13,8,7,5,18,60,29,STRASBOURG (BOULEVARD DE,,,Crépuscule ou aube,En agglomération,Hors intersection,Normale,Deux véhicules - côté,,,,,,,,,,,2,2,1,1.0,3
201300010355,0013-08-08 08:20:00,13,8,8,8,20,60,29,COUVERTURE VOIE FERREE,,,Plein jour,En agglomération,Hors intersection,Pluie forte,Deux véhicules - côté,,,,,,,,,,,1,2,1,3.0,3
201300010356,0013-08-10 07:45:00,13,8,10,7,45,60,29,GAZAGNAIRE (RUE DU DR),,,Plein jour,En agglomération,Hors intersection,Normale,Autre collision,,,,,,,,,,,1,2,1,1.0,6
201300010357,0013-08-10 10:00:00,13,8,10,10,0,60,29,QUATORZE JUILLET (RUE DU,,,Plein jour,En agglomération,Hors intersection,Normale,Autre collision,,,,,,,,,,,1,2,1,1.0,6
201300010358,0013-08-16 10:00:00,13,8,16,10,0,60,29,GRASSE (AVENUE DE),,,Plein jour,En agglomération,Intersection en T,Normale,Trois véhicules et plus - collisions multiples,,,,,,,,,,,1,2,3,1.0,5
201300010359,0013-08-19 14:20:00,13,8,19,14,20,60,30,"34, ROOSEVELT (AVENUE FR",,,Plein jour,En agglomération,Hors intersection,Normale,Autre collision,,,,,,,,,,,1,2,1,1.0,6
201300010360,0013-08-20 18:30:00,13,8,20,18,30,60,29,MISTRAL (AVENUE FREDERIC,,,Plein jour,En agglomération,Hors intersection,Normale,Autre collision,,,,,,,,,,,1,2,1,1.0,6