accident_id,datetime,annee,mois,jour,heure,minute,departement,commune_insee,adresse,latitude,longitude,luminosite,agglomeration,intersection,meteo,collision,nb_vehicules,nb_usagers,nb_indemnes,nb_tues,nb_blesses_hosp,nb_blesses_legers,age_cond_1,age_cond_2,veh_type_cond_1,veh_type_cond_2,lum_code,agg_code,int_code,atm_code,col_code
201300010491,0013-06-06 19:10:00,13,6,6,19,10,60,69,"25, PAOUTE (ROUTE ET TRA",,,Plein jour,En agglomération,Hors intersection,Normale,Deux véhicules - frontale,,,,,,,,,,,1,2,1,1.0,1
201300010492,0013-06-10 14:05:00,13,6,10,14,5,60,69,"20, DUVAL (AVENUE MATHIA",,,Plein jour,En agglomération,Hors intersection,Normale,Sans collision,,,,,,,,,,,1,2,1,1.0,7
201300010493,0013-06-11 15:50:00,13,6,11,15,50,60,69,"X, Route de PLASCASSIER",,,Plein jour,En agglomération,Hors intersection,Normale,Deux véhicules - côté,,,,,,,,,,,1,2,1,1.0,3
201300010494,0013-06-11 17:05:00,13,6,11,17,5,60,69,"X, VALBONNE (ROUTE)",,,Plein jour,En agglomération,Hors intersection,Normale,Trois véhicules et plus - en chaîne,,,,,,,,,,,1,2,1,1.0,4
201300010495,0013-06-12 07:55:00,13,6,12,7,55,60,69,"113, SAINT FRANCOIS (PLA",,,Plein jour,En agglomération,Hors intersection,Normale,Deux véhicules - côté,,,,,,,,,,,1,2,1,1.0,3
201300010496,0013-06-13 08:50:00,13,6,13,8,50,60,69,"179, RENOIR (AVENUE AUGU",,,Plein jour,En agglomération,Hors intersection,Normale,Deux véhicules - arrière,,,,,,,,,,,1,2,1,1.0,2
201300010497,0013-06-13 17:15:00,13,6,13,17,15,60,69,"352, PLASCASSIER (route",,,Plein jour,En agglomération,Hors intersection,Normale,Autre collision,,,,,,,,,,,1,2,1,1.0,6
201300010498,0013-06-18 08:00:00,13,6,18,8,0,60,69,"10, PLAN (ROUTE DU) -D30",,,Plein jour,En agglomération,Hors intersection,Normale,Deux véhicules - côté,,,,,,,,,,,1,2,1,1.0,3
201300010499,0013-06-18 08:55:00,13,6,18,8,55,60,69,"49, PEGOMAS (ROUTE DE)",,,Plein jour,En agglomération,Hors intersection,Normale,Deux véhicules - côté,,,,,,,,,,,1,2,1,1.0,3
201300010500,0013-06-20 16:00:00,13,6,20,16,0,60,69,"x, JEU DE BALLON (BOULEV",,,Plein jour,En agglomération,Hors intersection,Normale,Deux véhicules - arrière,,,,,,,,,,,1,2,1,1.0,2
201300010501,0013-06-21 11:45:00,13,6,21,11,45,60,69,"x, NAPOLEON (ROUTE)",,,Plein jour,En agglomération,Hors intersection,Normale,Sans collision,,,,,,,,,,,1,2,1,1.0,7
201300010502,0013-06-21 13:35:00,13,6,21,13,35,60,69,"x, CAPUCINS (CHEMIN ET I",,,Plein jour,En agglomération,Giratoire,Normale,Deux véhicules - côté,,,,,,,,,,,1,2,6,1.0,3
201300010503,0013-06-23 15:40:00,13,6,23,15,40,60,69,"2, GRAND CASTELLAS (AVEN",,,Plein jour,En agglomération,Hors intersection,Normale,Sans collision,,,,,,,,,,,1,2,1,1.0,7
201300010504,0013-06-24 15:20:00,13,6,24,15,20,60,69,"26, VICTORIA (AVENUE ET",,,Plein jour,En agglomération,Hors intersection,Normale,Autre collision,,,,,,,,,,,1,2,1,1.0,6
201300010505,0013-06-27 12:50:00,13,6,27,12,50,60,69,"19, ROUQUIER (BOULEVARD",,,Plein jour,En agglomération,Hors intersection,Normale,Deux véhicules - arrière,,,,,,,,,,,1,2,1,1.0,2
201300010506,0013-06-27 18:00:00,13,6,27,18,0,60,69,"x, P?n?trante",,,Plein jour,En agglomération,Hors intersection,Normale,Deux véhicules - arrière,,,,,,,,,,,1,2,1,1.0,2
201300010507,0013-06-28 15:23:00,13,6,28,15,23,60,69,"158, CANNES (ROUTE DE)",,,Plein jour,En agglomération,Hors intersection,Normale,Deux véhicules - côté,,,,,,,,,,,1,2,1,1.0,3
201300010508,0013-06-28 16:40:00,13,6,28,16,40,60,69,"4, CHENES (CHEMIN DES)",,,Plein jour,En agglomération,Hors intersection,Normale,Deux véhicules - arrière,,,,,,,,,,,1,2,1,1.0,2
201300010509,0013-06-29 15:15:00,13,6,29,15,15,60,69,"119, ZILLER (AVENUE PIER",,,Plein jour,En agglomération,Hors intersection,Normale,Deux véhicules - côté,,,,,,,,,,,1,2,1,1.0,3
201300010510,0013-07-06 14:43:00,13,7,6,14,43,60,69,"35, DRAGUIGNAN (ROUTE DE",,,Plein jour,En agglomération,Hors intersection,Normale,Sans collision,,,,,,,,,,,1,2,1,1.0,7
201300010511,0013-07-06 21:20:00,13,7,6,21,20,60,69,"313, PEGOMAS (ROUTE DE)",,,Plein jour,Hors agglomération,Hors intersection,Normale,Sans collision,,,,,,,,,,,1,1,1,1.0,7
201300010512,0013-07-10 14:00:00,13,7,10,14,0,60,69,"60, POMPIDOU (AVENUE GEO",,,Plein jour,En agglomération,Hors intersection,Normale,Deux véhicules - côté,,,,,,,,,,,1,2,1,1.0,3
201300010513,0013-07-11 13:30:00,13,7,11,13,30,60,69,"140, SIDI BRAHIM (AVENUE",,,Plein jour,En agglomération,Hors intersection,Normale,Deux véhicules - côté,,,,,,,,,,,1,2,1,1.0,3
201300010514,0013-07-12 13:20:00,13,7,12,13,20,60,69,"5, PEGOMAS (ROUTE DE)",,,Plein jour,En agglomération,Hors intersection,Normale,Deux véhicules - arrière,,,,,,,,,,,1,2,1,1.0,2
201300010515,0013-07-12 15:45:00,13,7,12,15,45,60,69,"x, CAPUCINS (CHEMIN ET I",,,Plein jour,En agglomération,Hors intersection,Normale,Deux véhicules - frontale,,,,,,,,,,,1,2,1,1.0,1
201300010516,0013-07-12 20:00:00,13,7,12,20,0,60,69,"X, CANNES (ROUTE DE)   R",,,Plein jour,En agglomération,Hors intersection,Normale,Autre collision,,,,,,,,,,,1,2,1,1.0,6
201300010517,0013-07-13 17:30:00,13,7,13,17,30,60,69,"77, VICTOR HUGO  (BD)",,,Plein jour,En agglomération,Hors intersection,Normale,Autre collision,,,,,,,,,,,1,2,1,1.0,6
201300010518,0013-07-15 08:00:00,13,7,15,8,0,60,69,"x, SAINT EXUPERY (AVENUE",,,Plein jour,En agglomération,Hors intersection,Normale,Deux véhicules - côté,,,,,,,,,,,1,2,1,1.0,3
201300010519,0013-07-15 17:55:00,13,7,15,17,55,60,69,"318, CANNES (ROUTE DE)",,,Plein jour,En agglomération,Hors intersection,Normale,Deux véhicules - arrière,,,,,,,,,,,1,2,1,1.0,2
201300010520,0013-07-16 13:15:00,13,7,16,13,15,60,69,"X, DUVAL (AVENUE MATHIAS",,,Plein jour,En agglomération,Hors intersection,Normale,Deux véhicules - frontale,,,,,,,,,,,1,2,1,1.0,1
201300010521,0013-07-17 19:55:00,13,7,17,19,55,60,69,"25, ROUQUIER (BOULEVARD",,,Plein jour,En agglomération,Hors intersection,Normale,Deux véhicules - côté,,,,,,,,,,,1,2,1,1.0,3
201300010522,0013-07-19 11:05:00,13,7,19,11,5,60,69,"90, PAOUTE (ROUTE ET TRA",,,Plein jour,En agglomération,Hors intersection,Normale,Deux véhicules - côté,,,,,,,,,,,1,2,1,1.0,3
201300010523,0013-07-19 12:00:00,13,7,19,12,0,60,69,"x, MONTMAYAN (CHEMIN)",,,Plein jour,En agglomération,Hors intersection,Normale,Autre collision,,,,,,,,,,,1,2,1,1.0,6
201300010524,0013-07-19 18:45:00,13,7,19,18,45,60,69,"x, MARIGARDE (ROUTE DE L",,,Plein jour,En agglomération,Hors intersection,Normale,Sans collision,,,,,,,,,,,1,2,1,1.0,7
201300010525,0013-07-20 16:15:00,13,7,20,16,15,60,69,"x, CANNES (ROUTE DE)  -R",,,Plein jour,En agglomération,Hors intersection,Normale,Deux véhicules - arrière,,,,,,,,,,,1,2,1,1.0,2
201300010526,0013-07-20 15:00:00,13,7,20,15,0,60,69,"24, DUVAL (AVENUE MATHIA",,,Plein jour,En agglomération,Hors intersection,Normale,Autre collision,,,,,,,,,,,1,2,1,1.0,6
201300010527,0013-07-22 13:20:00,13,7,22,13,20,60,69,"199, RENOIR (AVENUE AUGU",,,Plein jour,En agglomération,Hors intersection,Normale,Deux véhicules - côté,,,,,,,,,,,1,2,1,1.0,3
201300010528,0013-07-26 10:45:00,13,7,26,10,45,60,69,"x, CHASSEURS ALPINS (RON",,,Plein jour,En agglomération,Giratoire,Normale,Deux véhicules - côté,,,,,,,,,,,1,2,6,1.0,3
201300010529,0013-07-29 14:10:00,13,7,29,14,10,60,69,"93, MARIGARDE (ROUTE DE",,,Plein jour,En agglomération,Hors intersection,Normale,Deux véhicules - arrière,,,,,,,,,,,1,2,1,1.0,2
201300010530,0013-08-04 15:50:00,13,8,4,15,50,60,69,"x, SAINT MATHIEU (ROUTE",,,Plein jour,En agglomération,Hors intersection,Normale,Sans collision,,,,,,,,,,,1,2,1,1.0,7
201300010531,0013-08-05 12:00:00,13,8,5,12,0,60,69,"x, LIBERATION (AVENUE DE",,,Plein jour,En agglomération,Hors intersection,Normale,Autre collision,,,,,,,,,,,1,2,1,1.0,6
201300010532,0013-08-06 08:45:00,13,8,6,8,45,60,69,"1, TASSIGNY (AVENUE DELA",,,Plein jour,En agglomération,Hors intersection,Normale,Sans collision,,,,,,,,,,,1,2,1,1.0,7
201300010533,0013-08-07 09:30:00,13,8,7,9,30,60,69,"x, CAMP DE LA BESSE (CHE",,,Plein jour,En agglomération,Hors intersection,Normale,Deux véhicules - arrière,,,,,,,,,,,1,2,1,1.0,2
201300010534,0013-08-07 19:30:00,13,8,7,19,30,60,69,"13, POMPIDOU (AVENUE GEO",,,Plein jour,En agglomération,Hors intersection,Normale,Trois véhicules et plus - en chaîne,,,,,,,,,,,1,2,1,1.0,4
201300010535,0013-08-06 08:55:00,13,8,6,8,55,60,69,"46, SAINT JEAN (CHEMIN,",,,Plein jour,En agglomération,Hors intersection,Normale,Sans collision,,,,,,,,,,,1,2,1,1.0,7
201300010536,0013-08-08 09:46:00,13,8,8,9,46,60,69,"x, GRAND CHENE (CHEMIN D",,,Plein jour,En agglomération,Hors intersection,Normale,Sans collision,,,,,,,,,,,1,2,1,1.0,7
201300010537,0013-08-08 10:25:00,13,8,8,10,25,60,69,"3, SIDI BRAHIM (AVENUE E",,,Plein jour,En agglomération,Hors intersection,Normale,Autre collision,,,,,,,,,,,1,2,1,1.0,6
201300010538,0013-08-10 23:40:00,13,8,10,23,40,60,69,"x, NAPOLEON (ROUTE)",,,Nuit avec éclairage allumé,En agglomération,Hors intersection,Normale,Autre collision,,,,,,,,,,,5,2,1,1.0,6
201300010539,0013-08-11 19:35:00,13,8,11,19,35,60,69,"x, SEMARD (AVENUE PIERRE",,,Plein jour,En agglomération,Hors intersection,Normale,Sans collision,,,,,,,,,,,1,2,1,1.0,7
201300010540,0013-08-12 14:30:00,13,8,12,14,30,60,69,"169, CERCLE (CHEMIN DU)",,,Plein jour,En agglomération,Hors intersection,Normale,Sans collision,,,,,,,,,,,1,2,1,1.0,7
201300010541,0013-08-14 08:30:00,13,8,14,8,30,60,69,"x, JEU DE BALLON (BOULEV",,,Plein jour,En agglomération,Hors intersection,Normale,Trois véhicules et plus - en chaîne,,,,,,,,,,,1,2,1,1.0,4
201300010542,0013-08-16 17:21:00,13,8,16,17,21,60,69,"60, POMPIDOU (AVENUE GEO",,,Plein jour,En agglomération,Hors intersection,Normale,Trois véhicules et plus - collisions multiples,,,,,,,,,,,1,2,1,1.0,5
201300010543,0013-08-17 14:30:00,13,8,17,14,30,60,69,"x, CHENES (CHEMIN DES)",,,Plein jour,En agglomération,Hors intersection,Normale,Trois véhicules et plus - en chaîne,,,,,,,,,,,1,2,1,1.0,4
201300010544,0013-08-22 11:30:00,13,8,22,11,30,60,69,"117, CANNES (ROUTE DE)",,,Plein jour,En agglomération,Hors intersection,Normale,Trois véhicules et plus - en chaîne,,,,,,,,,,,1,2,1,1.0,4
201300010545,0013-08-23 01:40:00,13,8,23,1,40,60,69,"77, VICTOR HUGO  (BD)",,,Nuit avec éclairage allumé,En agglomération,Hors intersection,Normale,Sans collision,,,,,,,,,,,5,2,1,1.0,7
201300010546,0013-08-24 13:00:00,13,8,24,13,0,60,69,"x, DE LATTRE DE TASSIGNY",,,Plein jour,En agglomération,Hors intersection,Normale,Trois véhicules et plus - en chaîne,,,,,,,,,,,1,2,1,1.0,4
201300010547,0013-08-26 18:20:00,13,8,26,18,20,60,69,"89, ROUQUIER (BOULEVARD",,,Plein jour,En agglomération,Intersection en T,Normale,Deux véhicules - côté,,,,,,,,,,,1,2,3,1.0,3
201300010548,0013-08-27 10:00:00,13,8,27,10,0,60,69,"78, CANNES (ROUTE DE)  -",,,Plein jour,En agglomération,Hors intersection,Normale,Deux véhicules - côté,,,,,,,,,,,1,2,1,1.0,3
201300010549,0013-08-28 15:25:00,13,8,28,15,25,60,69,"11, RIOU BLANQUET (AVENU",,,Plein jour,En agglomération,Hors intersection,Normale,Deux véhicules - arrière,,,,,,,,,,,1,2,1,1.0,2
201300010550,0013-08-28 16:15:00,13,8,28,16,15,60,69,"x, NAPOLEON (ROUTE)",,,Plein jour,En agglomération,Hors intersection,Normale,Sans collision,,,,,,,,,,,1,2,1,1.0,7
201300010551,0013-08-29 12:00:00,13,8,29,12,0,60,69,"45, ORME (CHEMIN DE L')",,,Plein jour,En agglomération,Hors intersection,Normale,Deux véhicules - arrière,,,,,,,,,,,1,2,1,1.0,2
201300010552,0013-08-30 14:50:00,13,8,30,14,50,60,69,"x, SAINT EXUPERY (AVENUE",,,Plein jour,En agglomération,Intersection en X,Normale,Trois véhicules et plus - collisions multiples,,,,,,,,,,,1,2,2,1.0,5
201300010553,0013-08-30 18:50:00,13,8,30,18,50,60,69,"10-12, LIONS (AVENUE HON",,,Plein jour,En agglomération,Hors intersection,Normale,Deux véhicules - frontale,,,,,,,,,,,1,2,1,1.0,1
201300010554,0013-09-03 19:00:00,13,9,3,19,0,60,69,"x, COMTESSES (CHEMIN ET",,,Plein jour,En agglomération,Intersection en X,Normale,Deux véhicules - côté,,,,,,,,,,,1,2,2,1.0,3
201300010555,0013-09-03 20:10:00,13,9,3,20,10,60,69,BARTHOU (BOULEVARD ET ES,,,Plein jour,En agglomération,Hors intersection,Normale,Sans collision,,,,,,,,,,,1,2,1,1.0,7
201300010556,0013-09-05 09:05:00,13,9,5,9,5,60,69,"8, DUVAL (AVENUE MATHIAS",,,Plein jour,En agglomération,Hors intersection,Normale,Deux véhicules - frontale,,,,,,,,,,,1,2,1,1.0,1
201300010557,0013-09-05 12:50:00,13,9,5,12,50,60,69,"15, THIERS (AVENUE)",,,Plein jour,En agglomération,Hors intersection,Normale,Autre collision,,,,,,,,,,,1,2,1,1.0,6
201300010558,0013-09-05 13:20:00,13,9,5,13,20,60,69,"x, ROUQUIER (BOULEVARD E",,,Plein jour,En agglomération,Hors intersection,Normale,Trois véhicules et plus - en chaîne,,,,,,,,,,,1,2,1,1.0,4
201300010559,0013-09-05 18:15:00,13,9,5,18,15,60,69,"25, COLLET DE SAINT MARC",,,Plein jour,En agglomération,Hors intersection,Normale,Sans collision,,,,,,,,,,,1,2,1,1.0,7
201300010560,0013-09-05 21:15:00,13,9,5,21,15,60,69,"X, ROUQUIER (BOULEVARD E",,,Crépuscule ou aube,En agglomération,Hors intersection,Normale,Deux véhicules - arrière,,,,,,,,,,,2,2,1,1.0,2
201300010561,0013-09-06 16:50:00,13,9,6,16,50,60,69,"29, DE LATTRE DE TASSIGN",,,Plein jour,En agglomération,Hors intersection,Normale,Autre collision,,,,,,,,,,,1,2,1,1.0,6
201300010562,0013-09-12 18:30:00,13,9,12,18,30,60,69,"x, PEGOMAS (ROUTE DE)",,,Plein jour,En agglomération,Hors intersection,Normale,Deux véhicules - côté,,,,,,,,,,,1,2,1,1.0,3
201300010563,0013-09-14 11:10:00,13,9,14,11,10,60,69,"89, ROUQUIER (BOULEVARD",,,Plein jour,En agglomération,Hors intersection,Normale,Sans collision,,,,,,,,,,,1,2,1,1.0,7
201300010564,0013-09-14 11:15:00,13,9,14,11,15,60,69,"89, ROUQUIER (BOULEVARD",,,Plein jour,En agglomération,Hors intersection,Normale,Deux véhicules - arrière,,,,,,,,,,,1,2,1,1.0,2
201300010565,0013-09-14 18:50:00,13,9,14,18,50,60,69,"93, MISTRAL (AVENUE ET P",,,Plein jour,En agglomération,Hors intersection,Normale,Autre collision,,,,,,,,,,,1,2,1,1.0,6
201300010566,0013-09-15 09:40:00,13,9,15,9,40,60,69,"56, DE LATTRE DE TASSIGN",,,Plein jour,En agglomération,Hors intersection,Normale,Sans collision,,,,,,,,,,,1,2,1,1.0,7
201300010567,0013-09-17 11:00:00,13,9,17,11,0,60,69,"96, POMPIDOU (AVENUE GEO",,,Plein jour,En agglomération,Hors intersection,Normale,Autre collision,,,,,,,,,,,1,2,1,1.0,6
201300010568,0013-09-17 18:50:00,13,9,17,18,50,60,69,"x, PROVENCE (AVENUE DE)",,,Plein jour,En agglomération,Hors intersection,Normale,Deux véhicules - arrière,,,,,,,,,,,1,2,1,1.0,2
201300010569,0013-09-18 17:45:00,13,9,18,17,45,60,69,"55, PROVENCE (AVENUE DE)",,,Plein jour,En agglomération,Hors intersection,Normale,Deux véhicules - frontale,,,,,,,,,,,1,2,1,1.0,1
201300010570,0013-09-19 12:22:00,13,9,19,12,22,60,69,"116, ORME (CHEMIN DE L')",,,Plein jour,En agglomération,Hors intersection,Normale,Deux véhicules - arrière,,,,,,,,,,,1,2,1,1.0,2
201300010571,0013-09-20 18:55:00,13,9,20,18,55,60,69,"27, THIERS (AVENUE)",,,Plein jour,En agglomération,Hors intersection,Normale,Deux véhicules - arrière,,,,,,,,,,,1,2,1,1.0,2
201300010572,0013-09-24 08:20:00,13,9,24,8,20,60,69,"6, CAPUCINS (CHEMIN ET I",,,Plein jour,En agglomération,Hors intersection,Normale,Deux véhicules - arrière,,,,,,,,,,,1,2,1,1.0,2
201300010573,0013-09-24 08:40:00,13,9,24,8,40,60,69,"50, CROISSET (AVENUE FR.",,,Plein jour,En agglomération,Hors intersection,Normale,Sans collision,,,,,,,,,,,1,2,1,1.0,7
201300010574,0013-09-24 17:55:00,13,9,24,17,55,60,69,"9, MISTRAL (AVENUE ET PL",,,Plein jour,En agglomération,Hors intersection,Temps éblouissant,Autre collision,,,,,,,,,,,1,2,1,7.0,6
201300010575,0013-09-25 20:40:00,13,9,25,20,40,60,69,"3, BAUDOIN (AVENUE YVES",,,Crépuscule ou aube,En agglomération,Hors intersection,Normale,Autre collision,,,,,,,,,,,2,2,1,1.0,6
201300010576,0013-09-25 07:55:00,13,9,25,7,55,60,69,"105, MISTRAL (AVENUE ET",,,Plein jour,En agglomération,Hors intersection,Normale,Deux véhicules - côté,,,,,,,,,,,1,2,1,1.0,3
201300010577,0013-09-25 08:15:00,13,9,25,8,15,60,69,"34, CAVALERIE (CHEMIN ET",,,Plein jour,En agglomération,Hors intersection,Normale,Deux véhicules - côté,,,,,,,,,,,1,2,1,1.0,3
201300010578,0013-09-25 10:55:00,13,9,25,10,55,60,69,"x, CARNOT (BOULEVARD ET",,,Plein jour,En agglomération,Hors intersection,Normale,Sans collision,,,,,,,,,,,1,2,1,1.0,7
201300010579,0013-09-25 13:50:00,13,9,25,13,50,60,69,"270, CANNES (ROUTE DE)",,,Plein jour,En agglomération,Hors intersection,Normale,Trois véhicules et plus - collisions multiples,,,,,,,,,,,1,2,1,1.0,5
201300010580,0013-09-25 14:50:00,13,9,25,14,50,60,69,"66, POMPIDOU (AVENUE GEO",,,Plein jour,En agglomération,Hors intersection,Normale,Deux véhicules - côté,,,,,,,,,,,1,2,1,1.0,3
201300010581,0013-09-26 08:45:00,13,9,26,8,45,60,69,"18, VICTOR HUGO  (BD)",,,Plein jour,En agglomération,Hors intersection,Normale,Autre collision,,,,,,,,,,,1,2,1,1.0,6
201300010582,0013-09-26 17:05:00,13,9,26,17,5,60,69,"5, SAINT EXUPERY (AVENUE",,,Plein jour,En agglomération,Hors intersection,Normale,Sans collision,,,,,,,,,,,1,2,1,1.0,7
201300010583,0013-09-29 15:00:00,13,9,29,15,0,60,69,"x, DRAGUIGNAN (ROUTE DE)",,,Plein jour,En agglomération,Hors intersection,Pluie forte,Autre collision,,,,,,,,,,,1,2,1,3.0,6
201300010584,0013-10-01 11:25:00,13,10,1,11,25,60,69,"3, DE GAULLE (AVENUE DU",,,Plein jour,En agglomération,Hors intersection,Normale,Deux véhicules - frontale,,,,,,,,,,,1,2,1,1.0,1
201300010585,0013-10-03 13:30:00,13,10,3,13,30,60,69,"x, LECLERC (BOULEVARD DU",,,Plein jour,En agglomération,Giratoire,Normale,Deux véhicules - côté,,,,,,,,,,,1,2,6,1.0,3
201300010586,0013-10-04 16:25:00,13,10,4,16,25,60,69,"x, AURIBEAU (ROUTE D') -",,,Plein jour,En agglomération,Hors intersection,Normale,Sans collision,,,,,,,,,,,1,2,1,1.0,7
201300010587,0013-10-04 16:45:00,13,10,4,16,45,60,69,"57, ORME (CHEMIN DE L')",,,Plein jour,En agglomération,Hors intersection,Normale,Deux véhicules - côté,,,,,,,,,,,1,2,1,1.0,3
201300010588,0013-10-07 08:15:00,13,10,7,8,15,60,69,"x, LIBERATION (AVENUE DE",,,Plein jour,En agglomération,Hors intersection,Normale,Deux véhicules - côté,,,,,,,,,,,1,2,1,1.0,3
201300010589,0013-10-08 13:40:00,13,10,8,13,40,60,69,"40, MISTRAL (AVENUE ET P",,,Plein jour,En agglomération,Hors intersection,Normale,Deux véhicules - côté,,,,,,,,,,,1,2,1,1.0,3
201300010590,0013-10-09 11:15:00,13,10,9,11,15,60,69,"3, MOUANS (ROUTE DE)",,,Plein jour,En agglomération,Hors intersection,Normale,Autre collision,,,,,,,,,,,1,2,1,1.0,6
201300010591,0013-10-09 12:50:00,13,10,9,12,50,60,69,"70, ORME (CHEMIN DE L')",,,Plein jour,En agglomération,Hors intersection,Normale,Deux véhicules - côté,,,,,,,,,,,1,2,1,1.0,3
201300010592,0013-10-10 15:20:00,13,10,10,15,20,60,69,"134, CANNES (ROUTE DE)",,,Plein jour,En agglomération,Hors intersection,Normale,Deux véhicules - côté,,,,,,,,,,,1,2,1,1.0,3
201300010593,0013-10-14 20:30:00,13,10,14,20,30,60,69,"22, PROVENCE (AVENUE DE)",,,Nuit avec éclairage allumé,En agglomération,Hors intersection,Normale,Deux véhicules - côté,,,,,,,,,,,5,2,1,1.0,3
201300010594,0013-10-21 08:55:00,13,10,21,8,55,60,69,"x, PEGOMAS (ROUTE DE)",,,Plein jour,En agglomération,Hors intersection,Normale,Deux véhicules - arrière,,,,,,,,,,,1,2,1,1.0,2
201300010595,0013-10-21 14:50:00,13,10,21,14,50,60,69,"59, ORME (CHEMIN DE L')",,,Plein jour,En agglomération,Hors intersection,Normale,Deux véhicules - côté,,,,,,,,,,,1,2,1,1.0,3
201300010596,0013-10-22 13:37:00,13,10,22,13,37,60,69,"22, MOULIN DE BRUN (CHEM",,,Plein jour,En agglomération,Hors intersection,Normale,Sans collision,,,,,,,,,,,1,2,1,1.0,7
201300010597,0013-10-22 18:35:00,13,10,22,18,35,60,69,"x, ROUQUIER (BOULEVARD E",,,Crépuscule ou aube,En agglomération,Hors intersection,Normale,Deux véhicules - frontale,,,,,,,,,,,2,2,1,1.0,1
201300010598,0013-10-22 19:45:00,13,10,22,19,45,60,69,"x, ROUQUIER (BOULEVARD E",,,Nuit avec éclairage allumé,En agglomération,Hors intersection,Normale,Sans collision,,,,,,,,,,,5,2,1,1.0,7
201300010599,0013-10-23 19:30:00,13,10,23,19,30,60,69,"x, DRAGUIGNAN (ROUTE DE)",,,Crépuscule ou aube,En agglomération,Hors intersection,Pluie légère,Deux véhicules - côté,,,,,,,,,,,2,2,1,2.0,3
201300010600,0013-10-24 09:15:00,13,10,24,9,15,60,69,"x, NAPOLEON (ROUTE)",,,Plein jour,En agglomération,Hors intersection,Normale,Sans collision,,,,,,,,,,,1,2,1,1.0,7
201300010601,0013-10-27 18:20:00,13,10,27,18,20,60,69,"x, TOURACHE (CHEMIN DE L",,,Crépuscule ou aube,En agglomération,Hors intersection,Normale,Sans collision,,,,,,,,,,,2,2,1,1.0,7
201300010602,0013-10-28 12:35:00,13,10,28,12,35,60,69,"1, DE LATTRE DE TASSIGNY",,,Plein jour,En agglomération,Hors intersection,Normale,Autre collision,,,,,,,,,,,1,2,1,1.0,6
201300010603,0013-10-29 10:05:00,13,10,29,10,5,60,69,"50, CANNES (ROUTE DE)  -",,,Plein jour,En agglomération,Hors intersection,Pluie légère,Sans collision,,,,,,,,,,,1,2,1,2.0,7
201300010604,0013-10-30 19:35:00,13,10,30,19,35,60,69,"X, DRAGUIGNAN (ROUTE DE)",,,Nuit sans éclairage public,En agglomération,Hors intersection,Pluie légère,Deux véhicules - frontale,,,,,,,,,,,3,2,1,2.0,1
201300010605,0013-11-02 01:30:00,13,11,2,1,30,60,69,"x, CANNES (ROUTE DE)  -R",,,Nuit avec éclairage allumé,En agglomération,Hors intersection,Normale,Autre collision,,,,,,,,,,,5,2,1,1.0,6
201300010606,0013-11-03 16:45:00,13,11,3,16,45,60,69,"16, VICTORIA (AVENUE ET",,,Plein jour,En agglomération,Intersection en Y,Normale,Deux véhicules - côté,,,,,,,,,,,1,2,4,1.0,3
201300010607,0013-11-03 17:50:00,13,11,3,17,50,60,69,"72, BELLETRUD (BOULEVARD",,,Crépuscule ou aube,En agglomération,Hors intersection,Vent fort / tempête,Deux véhicules - arrière,,,,,,,,,,,2,2,1,6.0,2
201300010608,0013-11-06 15:40:00,13,11,6,15,40,60,69,"3, DE GAULLE (AVENUE DU",,,Plein jour,En agglomération,Hors intersection,Temps éblouissant,Autre collision,,,,,,,,,,,1,2,1,7.0,6
201300010609,0013-11-06 18:30:00,13,11,6,18,30,60,69,"x, SAINT LAURENT (AVENUE",,,Crépuscule ou aube,En agglomération,Hors intersection,Normale,Trois véhicules et plus - en chaîne,,,,,,,,,,,2,2,1,1.0,4
201300010610,0013-11-08 18:50:00,13,11,8,18,50,60,69,"X, PLAN (ROUTE DU) -D304",,,Plein jour,En agglomération,Intersection en T,Normale,Deux véhicules - frontale,,,,,,,,,,,1,2,3,1.0,1
201300010611,0013-11-10 12:05:00,13,11,10,12,5,60,69,"126, PLASCASSIER (route",,,Plein jour,En agglomération,Hors intersection,Normale,Sans collision,,,,,,,,,,,1,2,1,1.0,7
201300010612,0013-11-15 09:00:00,13,11,15,9,0,60,69,"x, MARIGARDE (ROUTE DE L",,,Plein jour,En agglomération,Hors intersection,Pluie légère,Trois véhicules et plus - en chaîne,,,,,,,,,,,1,2,1,2.0,4
201300010613,0013-11-18 17:25:00,13,11,18,17,25,60,69,"117, CANNES (ROUTE DE)",,,Nuit avec éclairage allumé,En agglomération,Hors intersection,Pluie légère,Autre collision,,,,,,,,,,,5,2,1,2.0,6
201300010614,0013-11-19 15:45:00,13,11,19,15,45,60,69,"50, CANNES (ROUTE DE)",,,Plein jour,En agglomération,Giratoire,Pluie légère,Deux véhicules - côté,,,,,,,,,,,1,2,6,2.0,3
201300010615,0013-11-20 12:10:00,13,11,20,12,10,60,69,"x, CANNES (ROUTE DE)  -R",,,Plein jour,En agglomération,Intersection en T,Normale,Deux véhicules - côté,,,,,,,,,,,1,2,3,1.0,3
201300010616,0013-11-22 12:30:00,13,11,22,12,30,60,69,"25, ROUQUIER (BOULEVARD",,,Plein jour,En agglomération,Hors intersection,Temps couvert,Deux véhicules - côté,,,,,,,,,,,1,2,1,8.0,3
201300010617,0013-11-25 11:10:00,13,11,25,11,10,60,69,"309, CANNES (ROUTE DE)",,,Plein jour,En agglomération,Hors intersection,Normale,Deux véhicules - arrière,,,,,,,,,,,1,2,1,1.0,2
201300010618,0013-11-27 08:00:00,13,11,27,8,0,60,69,"20, SAINTE LORETTE (AVEN",,,Plein jour,En agglomération,Hors intersection,Normale,Deux véhicules - arrière,,,,,,,,,,,1,2,1,1.0,2
201300010619,0013-11-27 09:50:00,13,11,27,9,50,60,69,"122, CANNES (ROUTE DE)",,,Plein jour,En agglomération,Hors intersection,Normale,Autre collision,,,,,,,,,,,1,2,1,1.0,6
201300010620,0013-11-27 16:50:00,13,11,27,16,50,60,69,"3, BAUDOIN (AVENUE YVES",,,Plein jour,En agglomération,Hors intersection,Normale,Deux véhicules - arrière,,,,,,,,,,,1,2,1,1.0,2