accident_id,datetime,annee,mois,jour,heure,minute,departement,commune_insee,adresse,latitude,longitude,luminosite,agglomeration,intersection,meteo,collision,nb_vehicules,nb_usagers,nb_indemnes,nb_tues,nb_blesses_hosp,nb_blesses_legers,age_cond_1,age_cond_2,veh_type_cond_1,veh_type_cond_2,lum_code,agg_code,int_code,atm_code,col_code
201300010621,0013-11-28 11:07:00,13,11,28,11,7,60,69,"x, CARIGNANT (CHEMIN DU)",,,Plein jour,Hors agglomération,Hors intersection,Normale,Trois véhicules et plus - collisions multiples,,,,,,,,,,,1,1,1,1.0,5
201300010622,0013-11-28 12:40:00,13,11,28,12,40,60,69,"x, PEGOMAS (ROUTE DE)",,,Plein jour,En agglomération,Hors intersection,Normale,Deux véhicules - arrière,,,,,,,,,,,1,2,1,1.0,2
201300010623,0013-11-28 17:55:00,13,11,28,17,55,60,69,"270, CANNES (ROUTE DE)",,,Nuit avec éclairage allumé,En agglomération,Hors intersection,Normale,Deux véhicules - frontale,,,,,,,,,,,5,2,1,1.0,1
201300010624,0013-11-29 07:55:00,13,11,29,7,55,60,69,"x, SIDI BRAHIM (AVENUE)",,,Crépuscule ou aube,En agglomération,Hors intersection,Normale,Autre collision,,,,,,,,,,,2,2,1,1.0,6
201300010625,0013-11-29 23:25:00,13,11,29,23,25,60,69,"X, DRAGUIGNAN (ROUTE DE)",,,Nuit avec éclairage allumé,En agglomération,Hors intersection,Normale,Trois véhicules et plus - collisions multiples,,,,,,,,,,,5,2,1,1.0,5
201300010626,0013-11-30 10:55:00,13,11,30,10,55,60,69,"x, RIOU BLANQUET (TRAVER",,,Plein jour,En agglomération,Hors intersection,Pluie légère,Sans collision,,,,,,,,,,,1,2,1,2.0,7
201300010627,0013-11-30 18:05:00,13,11,30,18,5,60,69,"45, MISTRAL (AVENUE ET P",,,Crépuscule ou aube,En agglomération,Hors intersection,Normale,Deux véhicules - arrière,,,,,,,,,,,2,2,1,1.0,2
201300010628,0013-12-07 11:25:00,13,12,7,11,25,60,69,"57, PAGNOL (BOULEVARD MA",,,Plein jour,En agglomération,Hors intersection,Normale,Autre collision,,,,,,,,,,,1,2,1,1.0,6
201300010629,0013-12-07 13:00:00,13,12,7,13,0,60,69,"47, DUVAL (AVENUE MATHIA",,,Plein jour,En agglomération,Hors intersection,Normale,Deux véhicules - côté,,,,,,,,,,,1,2,1,1.0,3
201300010630,0013-12-12 08:00:00,13,12,12,8,0,60,69,"18, SAINT LAURENT (AVENU",,,Plein jour,En agglomération,Hors intersection,Normale,Sans collision,,,,,,,,,,,1,2,1,1.0,7
201300010631,0013-12-12 14:40:00,13,12,12,14,40,60,69,"158, CANNES (ROUTE DE)",,,Plein jour,En agglomération,Hors intersection,Normale,Autre collision,,,,,,,,,,,1,2,1,1.0,6
201300010632,0013-12-12 16:20:00,13,12,12,16,20,60,69,"23, CANTEPERDRIX (CHEMIN",,,Plein jour,En agglomération,Hors intersection,Temps éblouissant,Autre collision,,,,,,,,,,,1,2,1,7.0,6
201300010633,0013-12-13 14:00:00,13,12,13,14,0,60,69,"192, PEGOMAS (ROUTE DE)",,,Plein jour,En agglomération,Hors intersection,Normale,Sans collision,,,,,,,,,,,1,2,1,1.0,7
201300010634,0013-12-15 14:10:00,13,12,15,14,10,60,69,"33, LIBERATION (AVENUE D",,,Plein jour,En agglomération,Hors intersection,Normale,Deux véhicules - côté,,,,,,,,,,,1,2,1,1.0,3
201300010635,0013-12-16 10:15:00,13,12,16,10,15,60,69,"25, PAOUTE (ROUTE ET TRA",,,Plein jour,En agglomération,Hors intersection,Temps éblouissant,Autre collision,,,,,,,,,,,1,2,1,7.0,6
201300010636,0013-12-19 09:50:00,13,12,19,9,50,60,69,"x, DRAGUIGNAN (ROUTE DE)",,,Plein jour,En agglomération,Hors intersection,Pluie légère,Trois véhicules et plus - collisions multiples,,,,,,,,,,,1,2,1,2.0,5
201300010637,0013-12-19 16:15:00,13,12,19,16,15,60,69,"70, PASTEUR (BOULEVARD)",,,Plein jour,En agglomération,Hors intersection,Pluie légère,Sans collision,,,,,,,,,,,1,2,1,2.0,7
201300010638,0013-12-21 10:00:00,13,12,21,10,0,60,69,"117, PASTEUR (BOULEVARD)",,,Plein jour,En agglomération,Hors intersection,Pluie légère,Sans collision,,,,,,,,,,,1,2,1,2.0,7
201300010639,0013-12-22 13:30:00,13,12,22,13,30,60,69,"x, DRAGUIGNAN (ROUTE DE)",,,Plein jour,En agglomération,Hors intersection,Pluie légère,Trois véhicules et plus - collisions multiples,,,,,,,,,,,1,2,1,2.0,5
201300010640,0013-12-23 05:15:00,13,12,23,5,15,60,69,"65, DRAGUIGNAN (ROUTE DE",,,Nuit avec éclairage allumé,En agglomération,Hors intersection,Normale,Sans collision,,,,,,,,,,,5,2,1,1.0,7
201300010641,0013-12-28 21:10:00,13,12,28,21,10,60,69,"x, NAPOLEON (ROUTE)",,,Nuit sans éclairage public,Hors agglomération,Hors intersection,Normale,Autre collision,,,,,,,,,,,3,1,1,1.0,6
201300010642,0013-12-30 11:35:00,13,12,30,11,35,60,69,"24, GRAND CHENE (CHEMIN",,,Plein jour,En agglomération,Hors intersection,Normale,Deux véhicules - côté,,,,,,,,,,,1,2,1,1.0,3
201300010643,0013-01-08 18:45:00,13,1,8,18,45,60,83,"649, SOLEIL (PROMENADE D",,,Nuit avec éclairage allumé,En agglomération,Hors intersection,Normale,Autre collision,,,,,,,,,,,5,2,1,1.0,6
201300010644,0013-01-09 18:50:00,13,1,9,18,50,60,83,"5, FAURE (AVENUE FELIX)",,,Nuit avec éclairage allumé,En agglomération,Intersection en T,Normale,Deux véhicules - côté,,,,,,,,,,,5,2,3,1.0,3
201300010645,0013-12-14 16:20:00,13,12,14,16,20,60,104,"2, KENNEDY (AVENUE PRESI",,,Crépuscule ou aube,En agglomération,Intersection en Y,Normale,Deux véhicules - frontale,,,,,,,,,,,2,2,4,1.0,1
201300010646,0013-01-18 07:00:00,13,1,18,7,0,60,104,"7, FRANCE (AVENUE DE)",,,Crépuscule ou aube,En agglomération,Hors intersection,Normale,Deux véhicules - côté,,,,,,,,,,,2,2,1,1.0,3
201300010647,0013-01-17 19:30:00,13,1,17,19,30,60,104,"0, AGERBOL (AVENUE D')",,,Nuit sans éclairage public,En agglomération,Hors intersection,Normale,Deux véhicules - côté,,,,,,,,,,,3,2,1,1.0,3
201300010648,0013-01-29 15:15:00,13,1,29,15,15,60,83,"96, ALLIES (AVENUE DES)",,,Plein jour,En agglomération,Hors intersection,Normale,Autre collision,,,,,,,,,,,1,2,1,1.0,6
201300010649,0013-01-31 15:20:00,13,1,31,15,20,60,12,"0, AGERBOL (AVENUE D')",,,Plein jour,En agglomération,Intersection en T,Normale,Deux véhicules - arrière,,,,,,,,,,,1,2,3,1.0,2
201300010650,0013-02-08 11:40:00,13,2,8,11,40,60,83,"1292, SOLEIL (PROMENADE",,,Plein jour,En agglomération,Hors intersection,Normale,Deux véhicules - côté,,,,,,,,,,,1,2,1,1.0,3
201300010651,0013-03-01 19:53:00,13,3,1,19,53,60,83,"1, COTY (COURS RENE, SEN",,,Nuit avec éclairage allumé,En agglomération,Intersection en T,Normale,Autre collision,,,,,,,,,,,5,2,3,1.0,6
201300010652,0013-03-21 17:05:00,13,3,21,17,5,60,104,"392, PLAGE (AVENUE DE LA",,,Plein jour,En agglomération,Hors intersection,Normale,Autre collision,,,,,,,,,,,1,2,1,1.0,6
201300010653,0013-03-29 11:00:00,13,3,29,11,0,60,104,"1400, SERRET (AVENUE DU)",,,Plein jour,Hors agglomération,Intersection en T,Normale,Sans collision,,,,,,,,,,,1,1,3,1.0,7
201300010654,0013-04-06 23:30:00,13,4,6,23,30,60,104,"21, DOUMER (AVENUE PAUL)",,,Nuit avec éclairage allumé,En agglomération,Hors intersection,Normale,Autre collision,,,,,,,,,,,5,2,1,1.0,6
201300010655,0013-04-14 05:30:00,13,4,14,5,30,60,12,"14, CENTRE (BRETELLE DU)",,,Nuit avec éclairage allumé,En agglomération,Hors intersection,Normale,Deux véhicules - frontale,,,,,,,,,,,5,2,1,1.0,1
201300010656,0013-04-16 11:15:00,13,4,16,11,15,60,83,"7, LOUVRE (RUE DU)",,,Plein jour,En agglomération,Hors intersection,Normale,Deux véhicules - côté,,,,,,,,,,,1,2,1,1.0,3
201300010657,0013-04-28 22:20:00,13,4,28,22,20,60,83,"18, BOYER (AVENUE)",,,Nuit avec éclairage allumé,En agglomération,Intersection en T,Temps couvert,Deux véhicules - côté,,,,,,,,,,,5,2,3,8.0,3
201300010658,0013-04-11 06:55:00,13,4,11,6,55,60,104,"171, PASTEUR (AVENUE, N?",,,Crépuscule ou aube,En agglomération,Hors intersection,Normale,Deux véhicules - côté,,,,,,,,,,,2,2,1,1.0,3
201300010659,0013-05-10 10:45:00,13,5,10,10,45,60,104,"37, HANOTEAUX (AVENUE GA",,,Plein jour,En agglomération,Hors intersection,Normale,Autre collision,,,,,,,,,,,1,2,1,1.0,6
201300010660,0013-05-12 13:15:00,13,5,12,13,15,60,83,BOSANO (RUE LIEUTENANT),,,Plein jour,En agglomération,Hors intersection,Normale,Sans collision,,,,,,,,,,,1,2,1,1.0,7
201300010661,0013-05-04 19:45:00,13,5,4,19,45,60,104,HANOTEAUX (AVENUE GABRIE,,,Crépuscule ou aube,En agglomération,Hors intersection,Normale,Autre collision,,,,,,,,,,,2,2,1,1.0,6
201300010662,0013-05-05 18:25:00,13,5,5,18,25,60,83,DE GAULLE (AVENUE GENERA,,,Plein jour,En agglomération,Intersection en T,Normale,Deux véhicules - côté,,,,,,,,,,,1,2,3,1.0,3
201300010663,0013-05-06 14:40:00,13,5,6,14,40,60,104,"36, FRANCE (AVENUE DE)",,,Plein jour,En agglomération,Hors intersection,Normale,Deux véhicules - côté,,,,,,,,,,,1,2,1,1.0,3
201300010664,0013-05-06 10:00:00,13,5,6,10,0,60,83,"400, CENTENAIRE (COURS D",,,Plein jour,En agglomération,Intersection en T,Normale,Deux véhicules - côté,,,,,,,,,,,1,2,3,1.0,3
201300010665,0013-05-09 00:04:00,13,5,9,0,4,60,83,"SOLEIL (PROMENADE DU, N?",,,Nuit avec éclairage allumé,En agglomération,Intersection en X,Normale,Deux véhicules - côté,,,,,,,,,,,5,2,2,1.0,3
201300010666,0013-05-11 10:45:00,13,5,11,10,45,60,83,"11, FRANCE (AVENUE PORTE",,,Plein jour,En agglomération,Hors intersection,Normale,Autre collision,,,,,,,,,,,1,2,1,1.0,6
201300010667,0013-05-20 18:45:00,13,5,20,18,45,60,83,DELATTRE DE TASSIGNY (AL,,,Plein jour,En agglomération,Hors intersection,Normale,Autre collision,,,,,,,,,,,1,2,1,1.0,6
201300010668,0013-05-21 18:15:00,13,5,21,18,15,60,83,"8, MAGENTA (RUE, N? 5 ET",,,Plein jour,En agglomération,Hors intersection,Normale,Deux véhicules - côté,,,,,,,,,,,1,2,1,1.0,3
201300010669,0013-05-22 04:45:00,13,5,22,4,45,60,104,"23, FRANCE (AVENUE DE)",,,Crépuscule ou aube,En agglomération,Hors intersection,Normale,Autre collision,,,,,,,,,,,2,2,1,1.0,6
201300010670,0013-05-22 17:30:00,13,5,22,17,30,60,104,"23, FRANCE (AVENUE DE)",,,Plein jour,En agglomération,Hors intersection,Pluie légère,Deux véhicules - côté,,,,,,,,,,,1,2,1,2.0,3
201300010671,0013-05-24 10:55:00,13,5,24,10,55,60,83,"10, REPUBLIQUE (RUE DE L",,,Plein jour,En agglomération,Intersection en T,Normale,Autre collision,,,,,,,,,,,1,2,3,1.0,6
201300010672,0013-05-31 13:40:00,13,5,31,13,40,60,104,"63 bis, SCHUMANN (PROMEN",,,Plein jour,En agglomération,Hors intersection,Normale,Autre collision,,,,,,,,,,,1,2,1,1.0,6
201300010673,0013-06-06 09:50:00,13,6,6,9,50,60,83,"45, ST ROMAN (AVENUE)",,,Plein jour,En agglomération,Intersection en T,Normale,Trois véhicules et plus - collisions multiples,,,,,,,,,,,1,2,3,1.0,5
201300010674,0013-06-13 11:40:00,13,6,13,11,40,60,104,"198 bis, VERDUN (AVENUE",,,Plein jour,En agglomération,Hors intersection,Normale,Deux véhicules - côté,,,,,,,,,,,1,2,1,1.0,3
201300010675,0013-06-12 12:10:00,13,6,12,12,10,60,104,"40, CHURCHILL (AVENUE WI",,,Plein jour,En agglomération,Hors intersection,Normale,Deux véhicules - côté,,,,,,,,,,,1,2,1,1.0,3
201300010676,0013-06-18 21:45:00,13,6,18,21,45,60,83,"48, LECLERC (PROMENADE M",43.7804,7.49416,Nuit avec éclairage allumé,En agglomération,Hors intersection,Normale,Autre collision,,,,,,,,,,,5,2,1,1.0,6
201300010677,0013-06-20 10:30:00,13,6,20,10,30,60,12,PRINCE RAINIER III (AVEN,,,Plein jour,En agglomération,Hors intersection,Pluie forte,Deux véhicules - frontale,,,,,,,,,,,1,2,1,3.0,1
201300010678,0013-06-22 11:00:00,13,6,22,11,0,60,104,DOUMER (AVENUE PAUL),,,Plein jour,Hors agglomération,Hors intersection,Normale,Autre collision,,,,,,,,,,,1,1,1,1.0,6
201300010679,0013-06-20 20:10:00,13,6,20,20,10,60,83,"1131, SOLEIL (PROMENADE",,,Plein jour,En agglomération,Hors intersection,Normale,Deux véhicules - arrière,,,,,,,,,,,1,2,1,1.0,2
201300010680,0013-07-04 15:44:00,13,7,4,15,44,60,83,"19, VICTOIRES (PLACE DES",,,Plein jour,En agglomération,Giratoire,Normale,Autre collision,,,,,,,,,,,1,2,6,1.0,6
201300010681,0013-07-11 00:30:00,13,7,11,0,30,60,104,KENNEDY (AVENUE PRESIDEN,,,Nuit avec éclairage allumé,En agglomération,Hors intersection,Normale,Trois véhicules et plus - collisions multiples,,,,,,,,,,,5,2,1,1.0,5
201300010682,0013-07-20 00:01:00,13,7,20,0,1,60,104,KENNEDY (AVENUE PRESIDEN,,,Nuit avec éclairage allumé,Hors agglomération,Hors intersection,Normale,Autre collision,,,,,,,,,,,5,1,1,1.0,6
201300010683,0013-07-20 17:20:00,13,7,20,17,20,60,83,"0, GUYAU (RUE)",,,Plein jour,En agglomération,Intersection en X,Normale,Trois véhicules et plus - collisions multiples,,,,,,,,,,,1,2,2,1.0,5
201300010684,0013-07-28 00:35:00,13,7,28,0,35,60,83,"10, MONLEON (QUAI)",,,Nuit avec éclairage allumé,En agglomération,Hors intersection,Normale,Autre collision,,,,,,,,,,,5,2,1,1.0,6
201300010685,0013-07-28 04:00:00,13,7,28,4,0,60,104,AGERBOL (AVENUE D'),,,Nuit sans éclairage public,Hors agglomération,Hors intersection,Normale,Deux véhicules - frontale,,,,,,,,,,,3,1,1,1.0,1
201300010686,0013-08-04 04:30:00,13,8,4,4,30,60,83,MADONE (AVENUE DE LA),,,Nuit avec éclairage allumé,En agglomération,Intersection en T,Normale,Deux véhicules - côté,,,,,,,,,,,5,2,3,1.0,3
201300010687,0013-08-10 23:10:00,13,8,10,23,10,60,83,"2, BOSANO (RUE LIEUTENAN",,,Nuit avec éclairage allumé,En agglomération,Intersection en T,Normale,Deux véhicules - côté,,,,,,,,,,,5,2,3,1.0,3
201300010688,0013-08-07 19:30:00,13,8,7,19,30,60,83,"43, GORBIO (ROUTE DE)",,,Plein jour,En agglomération,Hors intersection,Normale,Deux véhicules - arrière,,,,,,,,,,,1,2,1,1.0,2
201300010689,0013-08-18 09:55:00,13,8,18,9,55,60,104,"36, CHURCHILL (AVENUE WI",,,Plein jour,En agglomération,Hors intersection,Normale,Deux véhicules - côté,,,,,,,,,,,1,2,1,1.0,3
201300010690,0013-08-23 21:16:00,13,8,23,21,16,60,83,MADONE (AVENUE DE LA),,,Nuit avec éclairage allumé,En agglomération,Intersection en T,Normale,Deux véhicules - côté,,,,,,,,,,,5,2,3,1.0,3
201300010691,0013-08-06 08:05:00,13,8,6,8,5,60,12,PRINCE RAINIER III (AVEN,,,Plein jour,En agglomération,Intersection en T,Normale,Deux véhicules - côté,,,,,,,,,,,1,2,3,1.0,3
201300010692,0013-09-09 16:30:00,13,9,9,16,30,60,83,GREVILLE (RUE HENRI),,,Plein jour,En agglomération,Intersection en T,Normale,Autre collision,,,,,,,,,,,1,2,3,1.0,6
201300010693,0013-09-15 03:35:00,13,9,15,3,35,60,104,"81, PEGLION (RUE ANTOINE",,,Nuit avec éclairage allumé,En agglomération,Hors intersection,Normale,Sans collision,,,,,,,,,,,5,2,1,1.0,7
201300010694,0013-10-01 02:15:00,13,10,1,2,15,60,83,"0, FAURE (AVENUE FELIX)",,,Nuit avec éclairage allumé,En agglomération,Hors intersection,Normale,Sans collision,,,,,,,,,,,5,2,1,1.0,7
201300010695,0013-09-30 17:35:00,13,9,30,17,35,60,104,"131, VERDUN (AVENUE DE,",,,Plein jour,En agglomération,Hors intersection,Normale,Deux véhicules - côté,,,,,,,,,,,1,2,1,1.0,3
201300010696,0013-08-26 08:45:00,13,8,26,8,45,60,83,GUYAU (RUE),,,Plein jour,En agglomération,Intersection en X,Normale,Deux véhicules - côté,,,,,,,,,,,1,2,2,1.0,3
201300010697,0013-09-24 17:15:00,13,9,24,17,15,60,104,"83, AZUR (AVENUE DE LA C",,,Nuit avec éclairage allumé,En agglomération,Hors intersection,Normale,Sans collision,,,,,,,,,,,5,2,1,1.0,7
201300010698,0013-10-22 23:45:00,13,10,22,23,45,60,83,"1, EUGENIE (QUAI IMPERAT",,,Nuit avec éclairage allumé,En agglomération,Hors intersection,Normale,Deux véhicules - frontale,,,,,,,,,,,5,2,1,1.0,1
201300010699,0013-10-23 11:00:00,13,10,23,11,0,60,12,"35, GUYNEMER (BOULEVARD)",,,Plein jour,En agglomération,Hors intersection,Pluie légère,Trois véhicules et plus - collisions multiples,,,,,,,,,,,1,2,1,2.0,5
201300010700,0013-11-07 17:00:00,13,11,7,17,0,60,104,MONLEON (AVENUE SYLVIO D,,,Crépuscule ou aube,En agglomération,Hors intersection,Normale,Deux véhicules - frontale,,,,,,,,,,,2,2,1,1.0,1
201300010701,0013-11-13 20:34:00,13,11,13,20,34,60,83,SOSPEL (ROUTE DE ),,,Nuit sans éclairage public,En agglomération,Hors intersection,Normale,Sans collision,,,,,,,,,,,3,2,1,1.0,7
201300010702,0013-11-16 00:30:00,13,11,16,0,30,60,83,TARDIEU (CORNICHE ANDRE),,,Nuit avec éclairage allumé,En agglomération,Hors intersection,Normale,Autre collision,,,,,,,,,,,5,2,1,1.0,6
201300010703,0013-11-16 05:40:00,13,11,16,5,40,60,104,"145, VERDUN (AVENUE DE,",,,Nuit avec éclairage allumé,En agglomération,Hors intersection,Normale,Deux véhicules - frontale,,,,,,,,,,,5,2,1,1.0,1
201300010704,0013-11-10 19:55:00,13,11,10,19,55,60,104,"ANGLE, VERDUN (AVENUE DE",,,Nuit avec éclairage allumé,En agglomération,Intersection en T,Normale,Deux véhicules - côté,,,,,,,,,,,5,2,3,1.0,3
201300010705,0013-12-12 20:50:00,13,12,12,20,50,60,12,PRINCE RAINIER III (AVEN,,,Nuit avec éclairage allumé,Hors agglomération,Intersection en T,Normale,Deux véhicules - frontale,,,,,,,,,,,5,1,3,1.0,1
201300010706,0013-12-19 08:30:00,13,12,19,8,30,60,83,"SOLEIL (PROMENADE DU, N?",,,Plein jour,En agglomération,Hors intersection,Pluie légère,Autre collision,,,,,,,,,,,1,2,1,2.0,6
201300010707,0013-12-17 10:00:00,13,12,17,10,0,60,83,"1, MUNET (RUE DES SOEURS",,,Plein jour,En agglomération,Intersection en T,Normale,Autre collision,,,,,,,,,,,1,2,3,1.0,6
201300010708,0013-12-29 17:30:00,13,12,29,17,30,60,12,"CORNICHE (MOYENNE, N? 1",,,Crépuscule ou aube,En agglomération,Intersection en T,Normale,Deux véhicules - arrière,,,,,,,,,,,2,2,3,1.0,2
201300010709,0013-01-02 10:00:00,13,1,2,10,0,60,88,"0, COTY (PONT RENE)",,,Plein jour,En agglomération,Hors intersection,Normale,Trois véhicules et plus - en chaîne,,,,,,,,,,,1,2,1,1.0,4
201300010710,0013-01-02 18:40:00,13,1,2,18,40,60,88,"0, GRENOBLE (ROUTE DE)",,,Nuit avec éclairage allumé,En agglomération,Hors intersection,Normale,Deux véhicules - arrière,,,,,,,,,,,5,2,1,1.0,2
201300010711,0013-01-03 10:00:00,13,1,3,10,0,60,88,"762, RD 6202",,,Plein jour,En agglomération,Hors intersection,Normale,Autre collision,,,,,,,,,,,1,2,1,1.0,6
201300010712,0013-01-03 10:30:00,13,1,3,10,30,60,88,"0, RD 6202",,,Plein jour,Hors agglomération,Hors intersection,Normale,Autre collision,,,,,,,,,,,1,1,1,1.0,6
201300010713,0013-01-03 14:20:00,13,1,3,14,20,60,88,"0, TURIN (RTE DE)",,,Plein jour,En agglomération,Hors intersection,Normale,Deux véhicules - côté,,,,,,,,,,,1,2,1,1.0,3
201300010714,0013-01-04 12:20:00,13,1,4,12,20,60,88,"0, HUGO (BD VICTOR)",,,Plein jour,En agglomération,Hors intersection,Normale,Autre collision,,,,,,,,,,,1,2,1,1.0,6
201300010715,0013-01-05 20:40:00,13,1,5,20,40,60,88,"5, DELOYE (RUE GUSTAVE)",,,Nuit avec éclairage allumé,En agglomération,Hors intersection,Normale,Deux véhicules - côté,,,,,,,,,,,5,2,1,1.0,3
201300010716,0013-01-05 21:35:00,13,1,5,21,35,60,88,"0, PAPE JEAN XXIII (BD)",,,Nuit avec éclairage allumé,En agglomération,Hors intersection,Normale,Autre collision,,,,,,,,,,,5,2,1,1.0,6
201300010717,0013-01-07 08:30:00,13,1,7,8,30,60,88,"0, CASSIN (BD RENE)",,,Plein jour,En agglomération,Hors intersection,Normale,Autre collision,,,,,,,,,,,1,2,1,1.0,6
201300010718,0013-01-07 11:25:00,13,1,7,11,25,60,88,"61, STE-MARGUERITE (AV.)",,,Plein jour,En agglomération,Hors intersection,Normale,Deux véhicules - côté,,,,,,,,,,,1,2,1,1.0,3
201300010719,0013-01-07 16:45:00,13,1,7,16,45,60,88,"0, ETATS UNIS (QUAI DES)",,,Plein jour,En agglomération,Intersection en T,Normale,Deux véhicules - côté,,,,,,,,,,,1,2,3,1.0,3
201300010720,0013-01-08 11:15:00,13,1,8,11,15,60,88,"18, SAINT-JEAN BAPTISTE",,,Plein jour,En agglomération,Hors intersection,Normale,Deux véhicules - côté,,,,,,,,,,,1,2,1,1.0,3
201300010721,0013-01-08 18:15:00,13,1,8,18,15,60,88,"0, MEDECIN (AV. JEAN)",,,Nuit avec éclairage allumé,En agglomération,Hors intersection,Normale,Autre collision,,,,,,,,,,,5,2,1,1.0,6
201300010722,0013-01-11 08:15:00,13,1,11,8,15,60,88,ABATTOIRS (PASS. DES),,,Plein jour,En agglomération,Hors intersection,Normale,Deux véhicules - côté,,,,,,,,,,,1,2,1,1.0,3
201300010723,0013-01-11 08:30:00,13,1,11,8,30,60,88,"41, LANTERNE (AV. DE LA)",,,Plein jour,En agglomération,Hors intersection,Normale,Autre collision,,,,,,,,,,,1,2,1,1.0,6
201300010724,0013-01-12 14:40:00,13,1,12,14,40,60,88,"0, ASPREMONT (RTE D')",,,Plein jour,Hors agglomération,Hors intersection,Normale,Autre collision,,,,,,,,,,,1,1,1,1.0,6
201300010725,0013-01-13 18:15:00,13,1,13,18,15,60,88,"0, ANGLAIS (A PARTIR DU",,,Nuit avec éclairage allumé,En agglomération,Hors intersection,Normale,Deux véhicules - côté,,,,,,,,,,,5,2,1,1.0,3
201300010726,0013-01-14 07:45:00,13,1,14,7,45,60,88,"130, PESSICART (JUSQU'AU",,,Crépuscule ou aube,En agglomération,Hors intersection,Normale,Deux véhicules - arrière,,,,,,,,,,,2,2,1,1.0,2
201300010727,0013-01-14 14:00:00,13,1,14,14,0,60,88,"0, MARSHALL (PL. GENERAL",,,Plein jour,En agglomération,Intersection en X,Pluie légère,Deux véhicules - côté,,,,,,,,,,,1,2,2,2.0,3
201300010728,0013-01-14 14:00:00,13,1,14,14,0,60,88,"0, SAINT-PHILIPPE (PL.)",,,Plein jour,En agglomération,Intersection en X,Normale,Deux véhicules - côté,,,,,,,,,,,1,2,2,1.0,3
201300010729,0013-01-15 17:40:00,13,1,15,17,40,60,88,"39, LAMARTINE (R.)",,,Nuit avec éclairage allumé,En agglomération,Hors intersection,Normale,Deux véhicules - arrière,,,,,,,,,,,5,2,1,1.0,2
201300010730,0013-01-16 03:10:00,13,1,16,3,10,60,88,"0, BAREL (PLACE MAX)",,,Nuit avec éclairage allumé,En agglomération,Giratoire,Normale,Deux véhicules - côté,,,,,,,,,,,5,2,6,1.0,3
201300010731,0013-01-16 10:30:00,13,1,16,10,30,60,88,"0, ALPHONSE 1ER (RUE)",,,Plein jour,En agglomération,Hors intersection,Normale,Autre collision,,,,,,,,,,,1,2,1,1.0,6
201300010732,0013-01-16 15:40:00,13,1,16,15,40,60,88,"9, LISERONS (IMPASSE DES",,,Plein jour,En agglomération,Hors intersection,Normale,Deux véhicules - frontale,,,,,,,,,,,1,2,1,1.0,1
201300010733,0013-01-16 18:39:00,13,1,16,18,39,60,88,"28, MADELEINE (BD DE LA)",,,Nuit avec éclairage allumé,En agglomération,Hors intersection,Normale,Autre collision,,,,,,,,,,,5,2,1,1.0,6
201300010734,0013-01-17 06:45:00,13,1,17,6,45,60,88,"26, MADELEINE (BD DE LA)",,,Nuit avec éclairage allumé,En agglomération,Hors intersection,Neige / grêle,Deux véhicules - arrière,,,,,,,,,,,5,2,1,4.0,2
201300010735,0013-01-17 11:25:00,13,1,17,11,25,60,88,"0, VOIE RAPIDE",,,Plein jour,En agglomération,Hors intersection,Normale,Trois véhicules et plus - en chaîne,,,,,,,,,,,1,2,1,1.0,4
201300010736,0013-01-17 13:45:00,13,1,17,13,45,60,88,"58, SAINT-AUGUSTIN (AV.",,,Plein jour,En agglomération,Hors intersection,Normale,Deux véhicules - côté,,,,,,,,,,,1,2,1,1.0,3
201300010737,0013-01-18 20:10:00,13,1,18,20,10,60,88,"0, GAMBETTA (A PARTIR DU",,,Nuit avec éclairage allumé,En agglomération,Hors intersection,Normale,Autre collision,,,,,,,,,,,5,2,1,1.0,6
201300010738,0013-01-19 17:30:00,13,1,19,17,30,60,88,"1, CARLONE (BD)",,,Nuit avec éclairage non allumé,En agglomération,Hors intersection,Pluie légère,Autre collision,,,,,,,,,,,4,2,1,2.0,6
201300010739,0013-01-20 17:00:00,13,1,20,17,0,60,88,"52 bis, RIQUIER (BD DE)",,,Crépuscule ou aube,En agglomération,Hors intersection,Pluie forte,Autre collision,,,,,,,,,,,2,2,1,3.0,6
201300010740,0013-01-20 17:50:00,13,1,20,17,50,60,88,"81, PAILLOS (RTE DE LA)",,,Plein jour,En agglomération,Hors intersection,Pluie forte,Autre collision,,,,,,,,,,,1,2,1,3.0,6
201300010741,0013-01-21 12:30:00,13,1,21,12,30,60,88,"79, BESSET (AV.) (A PART",,,Plein jour,En agglomération,Intersection en T,Normale,Deux véhicules - côté,,,,,,,,,,,1,2,3,1.0,3
201300010742,0013-01-21 17:05:00,13,1,21,17,5,60,88,"0, GRENOBLE (ROUTE DE)",,,Nuit avec éclairage non allumé,En agglomération,Hors intersection,Normale,Deux véhicules - arrière,,,,,,,,,,,4,2,1,1.0,2
201300010743,0013-01-22 07:45:00,13,1,22,7,45,60,88,"0, PENETRANTE DU PAILLON",,,Plein jour,Hors agglomération,Hors intersection,Normale,Trois véhicules et plus - en chaîne,,,,,,,,,,,1,1,1,1.0,4
201300010744,0013-01-22 17:50:00,13,1,22,17,50,60,88,"0, VERANY (BD J.B.)",,,Nuit avec éclairage allumé,En agglomération,Hors intersection,Normale,Autre collision,,,,,,,,,,,5,2,1,1.0,6
201300010745,0013-01-23 10:00:00,13,1,23,10,0,60,88,"0, LANTERNE (AV. DE LA)",,,Plein jour,En agglomération,Intersection en X,Pluie forte,Deux véhicules - côté,,,,,,,,,,,1,2,2,3.0,3
201300010746,0013-01-23 13:14:00,13,1,23,13,14,60,88,"276, ANGLAIS PLAGE (DU 2",,,Plein jour,En agglomération,Hors intersection,Pluie légère,Autre collision,,,,,,,,,,,1,2,1,2.0,6