accident_id,datetime,annee,mois,jour,heure,minute,departement,commune_insee,adresse,latitude,longitude,luminosite,agglomeration,intersection,meteo,collision,nb_vehicules,nb_usagers,nb_indemnes,nb_tues,nb_blesses_hosp,nb_blesses_legers,age_cond_1,age_cond_2,veh_type_cond_1,veh_type_cond_2,lum_code,agg_code,int_code,atm_code,col_code
201300010747,0013-01-24 09:30:00,13,1,24,9,30,60,88,"82, BESSET (AV.) (A PART",,,Plein jour,En agglomération,Hors intersection,Normale,Autre collision,,,,,,,,,,,1,2,1,1.0,6
201300010748,0013-01-24 09:40:00,13,1,24,9,40,60,88,"0, GINESTIERE (CH. DE LA",,,Plein jour,En agglomération,Hors intersection,Normale,Deux véhicules - arrière,,,,,,,,,,,1,2,1,1.0,2
201300010749,0013-01-24 14:35:00,13,1,24,14,35,60,88,"0, ALLEGRE (AV. JEAN)",,,Plein jour,En agglomération,Hors intersection,Normale,Deux véhicules - côté,,,,,,,,,,,1,2,1,1.0,3
201300010750,0013-01-25 08:30:00,13,1,25,8,30,60,88,"0, MARCEAU (R.)",,,Plein jour,En agglomération,Hors intersection,Normale,Deux véhicules - côté,,,,,,,,,,,1,2,1,1.0,3
201300010751,0013-01-25 13:30:00,13,1,25,13,30,60,88,"0, ARSON (RUE)",,,Plein jour,En agglomération,Hors intersection,Normale,Autre collision,,,,,,,,,,,1,2,1,1.0,6
201300010752,0013-01-25 15:15:00,13,1,25,15,15,60,88,"39, GAMBETTA (JUSQU'AU N",,,Plein jour,En agglomération,Hors intersection,Normale,Autre collision,,,,,,,,,,,1,2,1,1.0,6
201300010753,0013-01-25 22:40:00,13,1,25,22,40,60,88,"0, FAURE (AV. FELIX)",,,Nuit avec éclairage allumé,En agglomération,Intersection en T,Normale,Deux véhicules - côté,,,,,,,,,,,5,2,3,1.0,3
201300010754,0013-01-26 05:20:00,13,1,26,5,20,60,88,"37, MATISSE (AV. HENRI)",,,Nuit avec éclairage allumé,En agglomération,Hors intersection,Normale,Autre collision,,,,,,,,,,,5,2,1,1.0,6
201300010755,0013-01-28 16:20:00,13,1,28,16,20,60,88,"0, TURIN (RTE DE)",,,Plein jour,En agglomération,Hors intersection,Normale,Deux véhicules - côté,,,,,,,,,,,1,2,1,1.0,3
201300010756,0013-01-29 13:50:00,13,1,29,13,50,60,88,"0, TURIN (RTE DE)",,,Plein jour,En agglomération,Hors intersection,Normale,Autre collision,,,,,,,,,,,1,2,1,1.0,6
201300010757,0013-01-29 18:00:00,13,1,29,18,0,60,88,"5, FERAUD (R. RAYMOND)",,,Crépuscule ou aube,En agglomération,Hors intersection,Normale,Deux véhicules - côté,,,,,,,,,,,2,2,1,1.0,3
201300010758,0013-01-30 08:35:00,13,1,30,8,35,60,88,"12, PASTEUR (BD)",,,Plein jour,En agglomération,Hors intersection,Normale,Deux véhicules - côté,,,,,,,,,,,1,2,1,1.0,3
201300010759,0013-01-30 15:45:00,13,1,30,15,45,60,88,"6, BARLA (RUE)",,,Plein jour,En agglomération,Intersection en T,Normale,Deux véhicules - côté,,,,,,,,,,,1,2,3,1.0,3
201300010760,0013-01-31 11:45:00,13,1,31,11,45,60,88,"223, ANGLAIS (DU N? 114",,,Plein jour,En agglomération,Hors intersection,Normale,Deux véhicules - arrière,,,,,,,,,,,1,2,1,1.0,2
201300010761,0013-01-31 15:20:00,13,1,31,15,20,60,88,"0, VOIE RAPIDE",,,Plein jour,En agglomération,Hors intersection,Normale,Trois véhicules et plus - en chaîne,,,,,,,,,,,1,2,1,1.0,4
201300010762,0013-01-31 17:05:00,13,1,31,17,5,60,88,"39, MATISSE (AV. HENRI)",,,Plein jour,En agglomération,Hors intersection,Normale,Autre collision,,,,,,,,,,,1,2,1,1.0,6
201300010763,0013-02-01 13:30:00,13,2,1,13,30,60,88,FAURE (AV. FELIX),,,Plein jour,En agglomération,Intersection en X,Normale,Deux véhicules - côté,,,,,,,,,,,1,2,2,1.0,3
201300010764,0013-02-01 15:00:00,13,2,1,15,0,60,88,"0, DIABLES BLEUS (AV. DE",,,Plein jour,En agglomération,Intersection en X,Normale,Autre collision,,,,,,,,,,,1,2,2,1.0,6
201300010765,0013-02-01 18:10:00,13,2,1,18,10,60,88,"93, BESSET (AV.) (A PART",,,Plein jour,En agglomération,Hors intersection,Normale,Deux véhicules - côté,,,,,,,,,,,1,2,1,1.0,3
201300010766,0013-02-02 10:30:00,13,2,2,10,30,60,88,"17, ARMEE DES ALPES (BD",,,Plein jour,En agglomération,Hors intersection,Normale,Deux véhicules - côté,,,,,,,,,,,1,2,1,1.0,3
201300010767,0013-02-03 16:25:00,13,2,3,16,25,60,88,"0, SLAMA (RUE MAURICE)",,,Plein jour,En agglomération,Intersection en X,Normale,Deux véhicules - côté,,,,,,,,,,,1,2,2,1.0,3
201300010768,0013-02-04 09:05:00,13,2,4,9,5,60,88,"0, FAURE (AV. FELIX)",,,Plein jour,En agglomération,Intersection en X,Normale,Autre collision,,,,,,,,,,,1,2,2,1.0,6
201300010769,0013-02-04 10:00:00,13,2,4,10,0,60,88,"0, SAND (AV. GEORGE) (DU",,,Plein jour,En agglomération,Giratoire,Normale,Deux véhicules - côté,,,,,,,,,,,1,2,6,1.0,3
201300010770,0013-02-04 17:30:00,13,2,4,17,30,60,88,"17, JOLY (CORNICHE ANDRE",,,Plein jour,En agglomération,Hors intersection,Normale,Autre collision,,,,,,,,,,,1,2,1,1.0,6
201300010771,0013-02-05 07:55:00,13,2,5,7,55,60,88,"1757, BELLA VISTA (AV.)",,,Plein jour,En agglomération,Hors intersection,Normale,Autre collision,,,,,,,,,,,1,2,1,1.0,6
201300010772,0013-02-05 10:05:00,13,2,5,10,5,60,88,"0, TURIN (RTE DE)",,,Plein jour,En agglomération,Intersection en X,Normale,Deux véhicules - côté,,,,,,,,,,,1,2,2,1.0,3
201300010773,0013-02-05 11:35:00,13,2,5,11,35,60,88,"0, MONTEL (BD PAUL)",,,Plein jour,En agglomération,Hors intersection,Normale,Autre collision,,,,,,,,,,,1,2,1,1.0,6
201300010774,0013-02-05 16:30:00,13,2,5,16,30,60,88,"0, VOIE RAPIDE",,,Plein jour,En agglomération,Hors intersection,Normale,Trois véhicules et plus - en chaîne,,,,,,,,,,,1,2,1,1.0,4
201300010775,0013-02-06 10:30:00,13,2,6,10,30,60,88,"17, AMEDEE VII (COMTE RO",,,Plein jour,En agglomération,Hors intersection,Normale,Autre collision,,,,,,,,,,,1,2,1,1.0,6
201300010776,0013-02-06 15:55:00,13,2,6,15,55,60,88,"0, GRENOBLE (ROUTE DE)",,,Plein jour,En agglomération,Hors intersection,Normale,Deux véhicules - côté,,,,,,,,,,,1,2,1,1.0,3
201300010777,0013-02-07 07:15:00,13,2,7,7,15,60,88,"0, FAURE (AV. FELIX)",,,Crépuscule ou aube,En agglomération,Intersection en X,Normale,Deux véhicules - côté,,,,,,,,,,,2,2,2,1.0,3
201300010778,0013-02-07 10:50:00,13,2,7,10,50,60,88,"0, ANGLAIS (A PARTIR DU",,,Plein jour,En agglomération,Hors intersection,Normale,Deux véhicules - côté,,,,,,,,,,,1,2,1,1.0,3
201300010779,0013-02-07 11:11:00,13,2,7,11,11,60,88,"42, ROMAINE (AV. DE LA V",,,Plein jour,En agglomération,Hors intersection,Normale,Deux véhicules - côté,,,,,,,,,,,1,2,1,1.0,3
201300010780,0013-02-07 15:15:00,13,2,7,15,15,60,88,"58, CORNICHE FLEURIE (AV",,,Plein jour,En agglomération,Hors intersection,Normale,Deux véhicules - arrière,,,,,,,,,,,1,2,1,1.0,2
201300010781,0013-02-07 16:30:00,13,2,7,16,30,60,88,"69, SAPPIA (AV. HENRI)",,,Plein jour,En agglomération,Hors intersection,Normale,Deux véhicules - frontale,,,,,,,,,,,1,2,1,1.0,1
201300010782,0013-02-07 18:20:00,13,2,7,18,20,60,88,"0, VOIE RAPIDE",,,Nuit avec éclairage allumé,En agglomération,Hors intersection,Normale,Autre collision,,,,,,,,,,,5,2,1,1.0,6
201300010783,0013-02-07 19:15:00,13,2,7,19,15,60,88,"101, ARENES DE CIMIEZ (A",,,Plein jour,En agglomération,Hors intersection,Normale,Autre collision,,,,,,,,,,,1,2,1,1.0,6
201300010784,0013-02-08 17:00:00,13,2,8,17,0,60,88,"71, ETATS UNIS (QUAI DES",,,Crépuscule ou aube,En agglomération,Hors intersection,Normale,Deux véhicules - côté,,,,,,,,,,,2,2,1,1.0,3
201300010785,0013-02-11 14:15:00,13,2,11,14,15,60,88,"36, TRACHEL (RUE)",,,Plein jour,En agglomération,Hors intersection,Pluie légère,Autre collision,,,,,,,,,,,1,2,1,2.0,6
201300010786,0013-02-11 18:10:00,13,2,11,18,10,60,88,"0, BESSET (AV.) (A PARTI",,,Plein jour,En agglomération,Hors intersection,Normale,Autre collision,,,,,,,,,,,1,2,1,1.0,6
201300010787,0013-02-12 07:15:00,13,2,12,7,15,60,88,"0, BARLA (TRAV.)",,,Plein jour,En agglomération,Hors intersection,Normale,Deux véhicules - arrière,,,,,,,,,,,1,2,1,1.0,2
201300010788,0013-02-12 15:50:00,13,2,12,15,50,60,88,"0, KARR (R. ALPHONSE)",,,Plein jour,En agglomération,Hors intersection,Normale,Autre collision,,,,,,,,,,,1,2,1,1.0,6
201300010789,0013-02-12 17:55:00,13,2,12,17,55,60,88,"49, RAY (AV. DU)",,,Crépuscule ou aube,En agglomération,Hors intersection,Normale,Autre collision,,,,,,,,,,,2,2,1,1.0,6
201300010790,0013-02-12 23:52:00,13,2,12,23,52,60,88,"0, FODERE (R. ET IMP.)",,,Nuit avec éclairage allumé,En agglomération,Intersection en X,Normale,Deux véhicules - côté,,,,,,,,,,,5,2,2,1.0,3
201300010791,0013-02-13 10:10:00,13,2,13,10,10,60,88,"54, ESTIENNE -D'ORVES (A",,,Plein jour,En agglomération,Hors intersection,Normale,Autre collision,,,,,,,,,,,1,2,1,1.0,6
201300010792,0013-02-13 15:46:00,13,2,13,15,46,60,88,"0, ARIANE (BD DE L')",43.73455,7.29681,Plein jour,En agglomération,Hors intersection,Normale,Autre collision,,,,,,,,,,,1,2,1,1.0,6
201300010793,0013-02-13 17:00:00,13,2,13,17,0,60,88,"0, RD 6202",,,Plein jour,En agglomération,Hors intersection,Normale,Autre collision,,,,,,,,,,,1,2,1,1.0,6
201300010794,0013-02-14 12:35:00,13,2,14,12,35,60,88,"38, MADELEINE (BD DE LA)",,,Plein jour,En agglomération,Hors intersection,Normale,Autre collision,,,,,,,,,,,1,2,1,1.0,6
201300010795,0013-02-14 13:15:00,13,2,14,13,15,60,88,"144, CARNOT (BD)",,,Plein jour,En agglomération,Hors intersection,Normale,Autre collision,,,,,,,,,,,1,2,1,1.0,6
201300010796,0013-02-14 17:45:00,13,2,14,17,45,60,88,"52 bis, BRANCOLAR (AV.)",,,Crépuscule ou aube,En agglomération,Hors intersection,Normale,Trois véhicules et plus - en chaîne,,,,,,,,,,,2,2,1,1.0,4
201300010797,0013-02-14 20:45:00,13,2,14,20,45,60,88,"0, GRENOBLE (ROUTE DE)",,,Nuit avec éclairage allumé,En agglomération,Hors intersection,Normale,Autre collision,,,,,,,,,,,5,2,1,1.0,6
201300010798,0013-02-15 07:00:00,13,2,15,7,0,60,88,"0, PENETRANTE DU PAILLON",,,Nuit avec éclairage allumé,En agglomération,Hors intersection,Normale,Deux véhicules - arrière,,,,,,,,,,,5,2,1,1.0,2
201300010799,0013-02-15 13:50:00,13,2,15,13,50,60,88,"0, GRENOBLE (ROUTE DE)",,,Plein jour,En agglomération,Hors intersection,Normale,Deux véhicules - arrière,,,,,,,,,,,1,2,1,1.0,2
201300010800,0013-02-16 18:45:00,13,2,16,18,45,60,88,"32, BRAILLE (BD LOUIS)",,,Nuit avec éclairage allumé,En agglomération,Hors intersection,Normale,Autre collision,,,,,,,,,,,5,2,1,1.0,6
201300010801,0013-02-16 23:35:00,13,2,16,23,35,60,88,"0, ANGLAIS (A PARTIR DU",,,Nuit avec éclairage allumé,En agglomération,Hors intersection,Pluie légère,Autre collision,,,,,,,,,,,5,2,1,2.0,6
201300010802,0013-02-17 12:20:00,13,2,17,12,20,60,88,"0, MALRAUX (VOIE ET TUNN",,,Plein jour,En agglomération,Hors intersection,Normale,Trois véhicules et plus - en chaîne,,,,,,,,,,,1,2,1,1.0,4
201300010803,0013-02-17 18:10:00,13,2,17,18,10,60,88,"12, CESSOLE (BD DE) (JUS",,,Nuit avec éclairage non allumé,En agglomération,Hors intersection,Pluie légère,Autre collision,,,,,,,,,,,4,2,1,2.0,6
201300010804,0013-02-18 08:30:00,13,2,18,8,30,60,88,"21, VAUBAN (R. MARECHAL)",,,Plein jour,En agglomération,Hors intersection,Normale,Autre collision,,,,,,,,,,,1,2,1,1.0,6
201300010805,0013-02-19 08:45:00,13,2,19,8,45,60,88,"0, VILLE (R. GEORGES)",,,Plein jour,En agglomération,Intersection en T,Normale,Autre collision,,,,,,,,,,,1,2,3,1.0,6
201300010806,0013-02-19 12:05:00,13,2,19,12,5,60,88,"1, SAND (AV. GEORGE) (DU",,,Plein jour,En agglomération,Hors intersection,Normale,Autre collision,,,,,,,,,,,1,2,1,1.0,6
201300010807,0013-02-20 16:00:00,13,2,20,16,0,60,88,"0, ROQUEBILLIERE (R. DE)",,,Plein jour,En agglomération,Intersection en T,Normale,Deux véhicules - côté,,,,,,,,,,,1,2,3,1.0,3
201300010808,0013-02-20 18:10:00,13,2,20,18,10,60,88,"38, CIMIEZ (BD) A PARTIR",,,Crépuscule ou aube,En agglomération,Hors intersection,Normale,Deux véhicules - côté,,,,,,,,,,,2,2,1,1.0,3
201300010809,0013-02-20 19:00:00,13,2,20,19,0,60,88,"89, ETATS UNIS (QUAI DES",,,Nuit avec éclairage allumé,En agglomération,Intersection en X,Normale,Deux véhicules - côté,,,,,,,,,,,5,2,2,1.0,3
201300010810,0013-02-21 07:50:00,13,2,21,7,50,60,88,"244, TURIN (RTE DE)",,,Plein jour,En agglomération,Hors intersection,Normale,Deux véhicules - côté,,,,,,,,,,,1,2,1,1.0,3
201300010811,0013-02-21 10:15:00,13,2,21,10,15,60,88,"101, ANGLAIS (DU N? 45 A",,,Plein jour,En agglomération,Hors intersection,Normale,Deux véhicules - arrière,,,,,,,,,,,1,2,1,1.0,2
201300010812,0013-02-22 08:30:00,13,2,22,8,30,60,88,"1, PASTEUR (BD)",,,Plein jour,En agglomération,Hors intersection,Normale,Autre collision,,,,,,,,,,,1,2,1,1.0,6
201300010813,0013-02-22 19:10:00,13,2,22,19,10,60,88,"272, CALIFORNIE (AV.) (A",,,Nuit avec éclairage allumé,En agglomération,Hors intersection,Pluie légère,Deux véhicules - côté,,,,,,,,,,,5,2,1,2.0,3
201300010814,0013-02-23 07:15:00,13,2,23,7,15,60,88,"0, RIVOLI (R. DE)",,,Crépuscule ou aube,En agglomération,Hors intersection,Normale,Autre collision,,,,,,,,,,,2,2,1,1.0,6
201300010815,0013-02-25 16:05:00,13,2,25,16,5,60,88,"105, ANGLAIS (DU N? 45 A",,,Plein jour,En agglomération,Hors intersection,Normale,Autre collision,,,,,,,,,,,1,2,1,1.0,6
201300010816,0013-02-24 20:40:00,13,2,24,20,40,60,88,"0, RAIMBALDI (BD)",,,Nuit avec éclairage allumé,En agglomération,Intersection en X,Pluie forte,Deux véhicules - côté,,,,,,,,,,,5,2,2,3.0,3
201300010817,0013-02-25 01:45:00,13,2,25,1,45,60,88,"259, FABRON (AV. DE) (A",,,Nuit avec éclairage allumé,En agglomération,Hors intersection,Pluie légère,Autre collision,,,,,,,,,,,5,2,1,2.0,6
201300010818,0013-02-25 14:30:00,13,2,25,14,30,60,88,"17, ROQUEBILLIERE (R. DE",,,Plein jour,En agglomération,Hors intersection,Normale,Autre collision,,,,,,,,,,,1,2,1,1.0,6
201300010819,0013-02-25 17:05:00,13,2,25,17,5,60,88,"0, MASSENA (PLACE)",,,Plein jour,En agglomération,Hors intersection,Normale,Autre collision,,,,,,,,,,,1,2,1,1.0,6
201300010820,0013-02-26 16:15:00,13,2,26,16,15,60,88,"3, FREMONT (AV.)",,,Plein jour,En agglomération,Hors intersection,Normale,Autre collision,,,,,,,,,,,1,2,1,1.0,6
201300010821,0013-02-26 22:44:00,13,2,26,22,44,60,88,"0, DABRAY (RUE ET IMP.)",,,Nuit avec éclairage allumé,En agglomération,Intersection en X,Normale,Deux véhicules - côté,,,,,,,,,,,5,2,2,1.0,3
201300010822,0013-02-28 07:55:00,13,2,28,7,55,60,88,"0, SAINT-SYLVESTRE (AV.",,,Plein jour,En agglomération,Intersection en X,Normale,Deux véhicules - côté,,,,,,,,,,,1,2,2,1.0,3
201300010823,0013-03-02 10:50:00,13,3,2,10,50,60,88,"2, ROSSINI (R.)",,,Plein jour,En agglomération,Hors intersection,Normale,Autre collision,,,,,,,,,,,1,2,1,1.0,6
201300010824,0013-03-02 11:40:00,13,3,2,11,40,60,88,"12, CESSOLE (BD DE) (JUS",,,Plein jour,En agglomération,Hors intersection,Normale,Deux véhicules - frontale,,,,,,,,,,,1,2,1,1.0,1
201300010825,0013-03-02 13:45:00,13,3,2,13,45,60,88,"45, GAMBETTA (JUSQU'AU N",,,Plein jour,En agglomération,Hors intersection,Normale,Deux véhicules - côté,,,,,,,,,,,1,2,1,1.0,3
201300010826,0013-03-04 14:45:00,13,3,4,14,45,60,88,"144, CESSOLE (BD DE) (A",,,Plein jour,En agglomération,Intersection en X,Normale,Autre collision,,,,,,,,,,,1,2,2,1.0,6
201300010827,0013-03-04 16:30:00,13,3,4,16,30,60,88,"123, BRANCOLAR (AV.) (A",,,Plein jour,En agglomération,Hors intersection,Normale,Deux véhicules - côté,,,,,,,,,,,1,2,1,1.0,3
201300010828,0013-03-05 08:05:00,13,3,5,8,5,60,88,"396, STE-MARGUERITE (AV.",,,Plein jour,En agglomération,Hors intersection,Normale,Deux véhicules - côté,,,,,,,,,,,1,2,1,1.0,3
201300010829,0013-03-05 08:30:00,13,3,5,8,30,60,88,"3, MEDECIN (PL. ALEXANDR",,,Plein jour,En agglomération,Hors intersection,Normale,Autre collision,,,,,,,,,,,1,2,1,1.0,6
201300010830,0013-03-05 08:55:00,13,3,5,8,55,60,88,"84, JOLY (CORNICHE ANDRE",,,Plein jour,Hors agglomération,Hors intersection,Normale,Deux véhicules - côté,,,,,,,,,,,1,1,1,1.0,3
201300010831,0013-03-06 07:15:00,13,3,6,7,15,60,88,"0, DIABLES BLEUS (AV. DE",,,Plein jour,En agglomération,Giratoire,Normale,Deux véhicules - côté,,,,,,,,,,,1,2,6,1.0,3
201300010832,0013-03-06 07:45:00,13,3,6,7,45,60,88,"230, TURIN (RTE DE)",,,Plein jour,En agglomération,Hors intersection,Pluie légère,Trois véhicules et plus - en chaîne,,,,,,,,,,,1,2,1,2.0,4
201300010833,0013-03-06 11:35:00,13,3,6,11,35,60,88,"0, ANGLAIS (DU N? 265 AU",,,Plein jour,En agglomération,Hors intersection,Pluie forte,Deux véhicules - arrière,,,,,,,,,,,1,2,1,3.0,2
201300010834,0013-03-06 17:05:00,13,3,6,17,5,60,88,"59, ETATS UNIS (QUAI DES",,,Plein jour,En agglomération,Hors intersection,Pluie légère,Deux véhicules - arrière,,,,,,,,,,,1,2,1,2.0,2
201300010835,0013-03-07 08:26:00,13,3,7,8,26,60,88,"8, CARABACEL (BD)",,,Plein jour,En agglomération,Hors intersection,Pluie forte,Deux véhicules - côté,,,,,,,,,,,1,2,1,3.0,3
201300010836,0013-03-07 08:30:00,13,3,7,8,30,60,88,"2, JOLY (CORNICHE ANDRE",,,Plein jour,En agglomération,Hors intersection,Pluie forte,Autre collision,,,,,,,,,,,1,2,1,3.0,6
201300010837,0013-03-07 09:40:00,13,3,7,9,40,60,88,"0, TUNNEL ET VOIE MALRAU",,,Nuit sans éclairage public,En agglomération,Hors intersection,Normale,Trois véhicules et plus - en chaîne,,,,,,,,,,,3,2,1,1.0,4
201300010838,0013-03-07 18:40:00,13,3,7,18,40,60,88,"0, CASSIN (BD RENE)",,,Crépuscule ou aube,En agglomération,Hors intersection,Normale,Deux véhicules - côté,,,,,,,,,,,2,2,1,1.0,3
201300010839,0013-03-08 02:36:00,13,3,8,2,36,60,88,"0, TUNNEL DU PAILLON",,,Nuit avec éclairage allumé,En agglomération,Hors intersection,Pluie légère,Autre collision,,,,,,,,,,,5,2,1,2.0,6
201300010840,0013-03-09 16:00:00,13,3,9,16,0,60,88,"0, BANVILLE (RUE THEODOR",,,Plein jour,En agglomération,Hors intersection,Normale,Autre collision,,,,,,,,,,,1,2,1,1.0,6
201300010841,0013-03-09 23:45:00,13,3,9,23,45,60,88,"9, THIERS (AV.)",,,Nuit avec éclairage allumé,En agglomération,Hors intersection,Normale,Deux véhicules - frontale,,,,,,,,,,,5,2,1,1.0,1
201300010842,0013-03-10 01:35:00,13,3,10,1,35,60,88,"0, AUBER (AV.)",,,Nuit avec éclairage allumé,En agglomération,Intersection en X,Normale,Deux véhicules - côté,,,,,,,,,,,5,2,2,1.0,3
201300010843,0013-03-10 17:20:00,13,3,10,17,20,60,88,"0, SAINT-SYLVESTRE (AV.",,,Plein jour,En agglomération,Intersection en T,Normale,Deux véhicules - côté,,,,,,,,,,,1,2,3,1.0,3
201300010844,0013-03-11 07:50:00,13,3,11,7,50,60,88,"68, RAYNAUD (BD AUGUSTE)",,,Plein jour,En agglomération,Hors intersection,Normale,Deux véhicules - côté,,,,,,,,,,,1,2,1,1.0,3
201300010845,0013-03-11 17:20:00,13,3,11,17,20,60,88,"230, CALIFORNIE (AV.) (J",,,Plein jour,En agglomération,Hors intersection,Normale,Deux véhicules - arrière,,,,,,,,,,,1,2,1,1.0,2
201300010846,0013-03-12 09:55:00,13,3,12,9,55,60,88,"4, CIMIEZ (BD) JUSQU'AU",,,Plein jour,En agglomération,Hors intersection,Normale,Deux véhicules - arrière,,,,,,,,,,,1,2,1,1.0,2
201300010847,0013-03-12 18:35:00,13,3,12,18,35,60,88,"0, FAURE (AV. FELIX)",,,Plein jour,En agglomération,Intersection en X,Normale,Deux véhicules - côté,,,,,,,,,,,1,2,2,1.0,3
201300010848,0013-03-13 08:15:00,13,3,13,8,15,60,88,"06, DELVALLE (RUE PROF.)",,,Plein jour,En agglomération,Hors intersection,Normale,Autre collision,,,,,,,,,,,1,2,1,1.0,6
201300010849,0013-03-13 12:00:00,13,3,13,12,0,60,88,"50, BRANCOLAR (AV.) (A P",,,Plein jour,En agglomération,Hors intersection,Normale,Deux véhicules - côté,,,,,,,,,,,1,2,1,1.0,3
201300010850,0013-03-15 09:45:00,13,3,15,9,45,60,88,"0, TURIN (RTE DE)",,,Plein jour,En agglomération,Hors intersection,Normale,Autre collision,,,,,,,,,,,1,2,1,1.0,6
201300010851,0013-03-15 15:00:00,13,3,15,15,0,60,88,"301, ANGLAIS (DU N? 265",,,Plein jour,En agglomération,Hors intersection,Normale,Deux véhicules - arrière,,,,,,,,,,,1,2,1,1.0,2
201300010852,0013-03-15 16:10:00,13,3,15,16,10,60,88,"0, DIGUE DES FRANCAIS (T",,,Plein jour,En agglomération,Hors intersection,Normale,Deux véhicules - arrière,,,,,,,,,,,1,2,1,1.0,2
201300010853,0013-03-16 14:15:00,13,3,16,14,15,60,88,"0, ANGLAIS (DU N? 114 AU",,,Plein jour,En agglomération,Hors intersection,Autre,Autre collision,,,,,,,,,,,1,2,1,9.0,6
201300010854,0013-03-16 14:30:00,13,3,16,14,30,60,88,"30, CESSOLE (BD DE) (JUS",,,Plein jour,En agglomération,Hors intersection,Normale,Deux véhicules - côté,,,,,,,,,,,1,2,1,1.0,3
201300010855,0013-03-18 09:25:00,13,3,18,9,25,60,88,"0, HUGO (BD VICTOR)",,,Plein jour,En agglomération,Hors intersection,Pluie forte,Autre collision,,,,,,,,,,,1,2,1,3.0,6
201300010856,0013-03-18 15:15:00,13,3,18,15,15,60,88,"0, WILSON (PL.)",,,Plein jour,En agglomération,Hors intersection,Normale,Autre collision,,,,,,,,,,,1,2,1,1.0,6
201300010857,0013-03-18 16:20:00,13,3,18,16,20,60,88,"0, CESSOLE (BD DE) (A PA",,,Plein jour,En agglomération,Hors intersection,Normale,Deux véhicules - côté,,,,,,,,,,,1,2,1,1.0,3
201300010858,0013-03-18 17:40:00,13,3,18,17,40,60,88,"0, PARC MARIA (AV. DU)",,,Plein jour,En agglomération,Hors intersection,Pluie légère,Deux véhicules - frontale,,,,,,,,,,,1,2,1,2.0,1
201300010859,0013-03-18 18:12:00,13,3,18,18,12,60,88,"21, JOLY (CORNICHE ANDRE",,,Plein jour,En agglomération,Hors intersection,Normale,Deux véhicules - côté,,,,,,,,,,,1,2,1,1.0,3
201300010860,0013-03-19 14:50:00,13,3,19,14,50,60,88,"0, BINET (RUE ALFRED)",,,Plein jour,En agglomération,Hors intersection,Normale,Deux véhicules - côté,,,,,,,,,,,1,2,1,1.0,3
201300010861,0013-03-19 15:45:00,13,3,19,15,45,60,88,"0, JAURES (BD JEAN)",,,Plein jour,En agglomération,Hors intersection,Normale,Deux véhicules - arrière,,,,,,,,,,,1,2,1,1.0,2
201300010862,0013-03-19 15:35:00,13,3,19,15,35,60,88,"0, RD 6202",,,Plein jour,En agglomération,Hors intersection,Normale,Trois véhicules et plus - en chaîne,,,,,,,,,,,1,2,1,1.0,4
201300010863,0013-03-20 13:20:00,13,3,20,13,20,60,88,"0, CASSIN (BD RENE)",,,Plein jour,En agglomération,Hors intersection,Normale,Deux véhicules - côté,,,,,,,,,,,1,2,1,1.0,3
201300010864,0013-03-20 18:15:00,13,3,20,18,15,60,88,"0, MEDECIN (AV. JEAN)",,,Plein jour,En agglomération,Intersection en X,Normale,Deux véhicules - côté,,,,,,,,,,,1,2,2,1.0,3
201300010865,0013-03-21 08:00:00,13,3,21,8,0,60,88,"0, VAUBAN (R. MARECHAL)",,,Plein jour,En agglomération,Hors intersection,Normale,Deux véhicules - côté,,,,,,,,,,,1,2,1,1.0,3
201300010866,0013-03-21 10:40:00,13,3,21,10,40,60,88,"0, HOTEL DES POSTES (R.)",,,Plein jour,En agglomération,Hors intersection,Normale,Deux véhicules - côté,,,,,,,,,,,1,2,1,1.0,3
201300010867,0013-03-21 11:10:00,13,3,21,11,10,60,88,ALLEGRE (AV. JEAN),,,Plein jour,En agglomération,Hors intersection,Normale,Deux véhicules - côté,,,,,,,,,,,1,2,1,1.0,3
201300010868,0013-03-22 13:20:00,13,3,22,13,20,60,88,"08, GERMAIN (AV. HENRI)",,,Plein jour,En agglomération,Hors intersection,Normale,Deux véhicules - arrière,,,,,,,,,,,1,2,1,1.0,2
201300010869,0013-03-24 16:25:00,13,3,24,16,25,60,88,"0, VERNIER (R.)",,,Plein jour,En agglomération,Intersection en X,Pluie forte,Trois véhicules et plus - en chaîne,,,,,,,,,,,1,2,2,3.0,4
201300010870,0013-03-24 18:00:00,13,3,24,18,0,60,88,"0, CALIFORNIE (AV.) (DU",,,Plein jour,En agglomération,Hors intersection,Pluie légère,Deux véhicules - côté,,,,,,,,,,,1,2,1,2.0,3
201300010871,0013-03-24 19:00:00,13,3,24,19,0,60,88,"27, JOLY (CORNICHE ANDRE",,,Nuit avec éclairage allumé,En agglomération,Hors intersection,Pluie forte,Autre collision,,,,,,,,,,,5,2,1,3.0,6
201300010872,0013-03-25 22:00:00,13,3,25,22,0,60,88,"0, GAMBETTA (JUSQU'AU N?",,,Nuit avec éclairage allumé,En agglomération,Intersection en X,Normale,Deux véhicules - frontale,,,,,,,,,,,5,2,2,1.0,1
201300010873,0013-03-26 07:50:00,13,3,26,7,50,60,88,"38, ESTIENNE -D'ORVES (A",,,Plein jour,En agglomération,Hors intersection,Autre,Autre collision,,,,,,,,,,,1,2,1,9.0,6
201300010874,0013-03-26 14:30:00,13,3,26,14,30,60,88,"0, GAUTHIER (R. ANTOINE)",,,Plein jour,En agglomération,Hors intersection,Normale,Deux véhicules - côté,,,,,,,,,,,1,2,1,1.0,3
201300010875,0013-03-28 09:00:00,13,3,28,9,0,60,88,"88, POMPIDOU (BD GEORGES",,,Plein jour,En agglomération,Hors intersection,Normale,Trois véhicules et plus - en chaîne,,,,,,,,,,,1,2,1,1.0,4
201300010876,0013-03-27 11:30:00,13,3,27,11,30,60,88,"0, DIABLES BLEUS (AV. DE",,,Plein jour,En agglomération,Hors intersection,Normale,Deux véhicules - côté,,,,,,,,,,,1,2,1,1.0,3
201300010877,0013-03-27 20:00:00,13,3,27,20,0,60,88,"0, MAETERLINCK (BD M.)",,,Nuit avec éclairage allumé,En agglomération,Hors intersection,Normale,Deux véhicules - côté,,,,,,,,,,,5,2,1,1.0,3