accident_id,datetime,annee,mois,jour,heure,minute,departement,commune_insee,adresse,latitude,longitude,luminosite,agglomeration,intersection,meteo,collision,nb_vehicules,nb_usagers,nb_indemnes,nb_tues,nb_blesses_hosp,nb_blesses_legers,age_cond_1,age_cond_2,veh_type_cond_1,veh_type_cond_2,lum_code,agg_code,int_code,atm_code,col_code
201300011140,0013-07-26 19:35:00,13,7,26,19,35,60,88,"0, RIPERT (EMILE)",,,Plein jour,En agglomération,Intersection en X,Normale,Deux véhicules - frontale,,,,,,,,,,,1,2,2,1.0,1
201300011141,0013-07-27 15:50:00,13,7,27,15,50,60,88,"23, BORRIGLIONE (A PARTI",,,Plein jour,En agglomération,Intersection en X,Normale,Deux véhicules - côté,,,,,,,,,,,1,2,2,1.0,3
201300011142,0013-07-27 17:00:00,13,7,27,17,0,60,88,"0, PENETRANTE DU PAILLON",,,Plein jour,En agglomération,Hors intersection,Normale,Deux véhicules - côté,,,,,,,,,,,1,2,1,1.0,3
201300011143,0013-07-27 19:20:00,13,7,27,19,20,60,88,"0, TURIN (RTE DE)",,,Plein jour,En agglomération,Intersection en X,Normale,Deux véhicules - côté,,,,,,,,,,,1,2,2,1.0,3
201300011144,0013-07-29 16:00:00,13,7,29,16,0,60,88,"82, GAMBETTA (A PARTIR D",,,Plein jour,En agglomération,Hors intersection,Normale,Autre collision,,,,,,,,,,,1,2,1,1.0,6
201300011145,0013-07-30 16:15:00,13,7,30,16,15,60,88,"194, MADELEINE (BD DE LA",,,Plein jour,En agglomération,Hors intersection,Normale,Autre collision,,,,,,,,,,,1,2,1,1.0,6
201300011146,0013-07-30 19:30:00,13,7,30,19,30,60,88,"28, CARABACEL (BD)",,,Plein jour,En agglomération,Hors intersection,Normale,Deux véhicules - côté,,,,,,,,,,,1,2,1,1.0,3
201300011147,0013-07-31 02:25:00,13,7,31,2,25,60,88,"0, VOIE RAPIDE",,,Nuit avec éclairage allumé,En agglomération,Hors intersection,Normale,Autre collision,,,,,,,,,,,5,2,1,1.0,6
201300011148,0013-07-31 09:45:00,13,7,31,9,45,60,88,"0, VOIE RAPIDE",,,Plein jour,En agglomération,Hors intersection,Normale,Deux véhicules - côté,,,,,,,,,,,1,2,1,1.0,3
201300011149,0013-07-31 21:40:00,13,7,31,21,40,60,88,"68, DUFY (RUE RAOUL)",,,Plein jour,En agglomération,Hors intersection,Normale,Autre collision,,,,,,,,,,,1,2,1,1.0,6
201300011150,0013-08-01 09:45:00,13,8,1,9,45,60,88,"0, MAGNAN (PASS. DU SQ.)",,,Plein jour,En agglomération,Hors intersection,Normale,Autre collision,,,,,,,,,,,1,2,1,1.0,6
201300011151,0013-08-01 16:45:00,13,8,1,16,45,60,88,"0, PINS (AV. DES)",,,Plein jour,En agglomération,Intersection en X,Normale,Deux véhicules - côté,,,,,,,,,,,1,2,2,1.0,3
201300011152,0013-08-02 09:50:00,13,8,2,9,50,60,159,"34, ALBERT 1ER (AVENUE)",,,Plein jour,En agglomération,Hors intersection,Normale,Deux véhicules - arrière,,,,,,,,,,,1,2,1,1.0,2
201300011153,0013-08-02 12:15:00,13,8,2,12,15,60,88,HOPITAL DE CIMIEZ,,,Plein jour,En agglomération,Hors intersection,Normale,Autre collision,,,,,,,,,,,1,2,1,1.0,6
201300011154,0013-08-02 12:50:00,13,8,2,12,50,60,88,"39, ETATS UNIS (QUAI DES",,,Plein jour,En agglomération,Hors intersection,Normale,Deux véhicules - côté,,,,,,,,,,,1,2,1,1.0,3
201300011155,0013-08-03 00:15:00,13,8,3,0,15,60,88,"305, ANGLAIS (DU N? 265",,,Nuit avec éclairage allumé,En agglomération,Hors intersection,Normale,Autre collision,,,,,,,,,,,5,2,1,1.0,6
201300011156,0013-08-03 15:20:00,13,8,3,15,20,60,88,"133, GAMBETTA (A PARTIR",,,Plein jour,En agglomération,Hors intersection,Normale,Autre collision,,,,,,,,,,,1,2,1,1.0,6
201300011157,0013-08-03 18:30:00,13,8,3,18,30,60,88,"12, BUFFA (RUE DE LA)",,,Plein jour,En agglomération,Hors intersection,Normale,Deux véhicules - côté,,,,,,,,,,,1,2,1,1.0,3
201300011158,0013-08-04 15:50:00,13,8,4,15,50,60,88,"0, CREMAT (CH. DE)",,,Plein jour,En agglomération,Intersection en X,Normale,Autre collision,,,,,,,,,,,1,2,2,1.0,6
201300011159,0013-08-05 11:50:00,13,8,5,11,50,60,88,"0, SAINT-PHILIPPE (PL.)",,,Plein jour,En agglomération,Intersection en X,Normale,Deux véhicules - côté,,,,,,,,,,,1,2,2,1.0,3
201300011160,0013-08-05 15:15:00,13,8,5,15,15,60,88,"03, BARLA (RUE)",,,Plein jour,En agglomération,Hors intersection,Normale,Deux véhicules - arrière,,,,,,,,,,,1,2,1,1.0,2
201300011161,0013-08-05 20:10:00,13,8,5,20,10,60,88,"0, FALICON (BD COMTE DE)",,,Plein jour,En agglomération,Hors intersection,Normale,Autre collision,,,,,,,,,,,1,2,1,1.0,6
201300011162,0013-08-06 08:20:00,13,8,6,8,20,60,88,"12, CHATEAUNEUF (RUE)",,,Plein jour,En agglomération,Hors intersection,Normale,Autre collision,,,,,,,,,,,1,2,1,1.0,6
201300011163,0013-08-07 16:00:00,13,8,7,16,0,60,88,"0, SAINT-PHILIPPE (PL.)",,,Plein jour,En agglomération,Hors intersection,Normale,Deux véhicules - côté,,,,,,,,,,,1,2,1,1.0,3
201300011164,0013-08-07 22:25:00,13,8,7,22,25,60,88,"400, ANGLAIS (A PARTIR D",,,Nuit avec éclairage allumé,En agglomération,Hors intersection,Normale,Deux véhicules - arrière,,,,,,,,,,,5,2,1,1.0,2
201300011165,0013-08-08 10:00:00,13,8,8,10,0,60,88,"0, CASSIN (BD RENE)",,,Plein jour,En agglomération,Hors intersection,Normale,Deux véhicules - arrière,,,,,,,,,,,1,2,1,1.0,2
201300011166,0013-08-08 18:31:00,13,8,8,18,31,60,88,"0, MIOLLIS (R.)",,,Plein jour,En agglomération,Intersection en X,Normale,Deux véhicules - côté,,,,,,,,,,,1,2,2,1.0,3
201300011167,0013-08-10 10:45:00,13,8,10,10,45,60,88,"0, SAINT-ISIDORE (QUART.",,,Plein jour,En agglomération,Giratoire,Normale,Deux véhicules - côté,,,,,,,,,,,1,2,6,1.0,3
201300011168,0013-08-13 00:31:00,13,8,13,0,31,60,88,"11, LYAUTEY (AV. DU MAL)",,,Nuit avec éclairage allumé,En agglomération,Hors intersection,Normale,Autre collision,,,,,,,,,,,5,2,1,1.0,6
201300011169,0013-08-16 09:30:00,13,8,16,9,30,60,88,"37, BARLA (RUE)",,,Plein jour,En agglomération,Hors intersection,Normale,Autre collision,,,,,,,,,,,1,2,1,1.0,6
201300011170,0013-08-16 18:50:00,13,8,16,18,50,60,88,"400, ANGLAIS (A PARTIR D",,,Plein jour,En agglomération,Hors intersection,Normale,Autre collision,,,,,,,,,,,1,2,1,1.0,6
201300011171,0013-08-17 10:45:00,13,8,17,10,45,60,88,"400, ANGLAIS (A PARTIR D",,,Plein jour,En agglomération,Hors intersection,Normale,Deux véhicules - côté,,,,,,,,,,,1,2,1,1.0,3
201300011172,0013-08-17 11:35:00,13,8,17,11,35,60,88,"0, EIFFEL (AV. GUSTAVE)",,,Plein jour,En agglomération,Hors intersection,Normale,Deux véhicules - frontale,,,,,,,,,,,1,2,1,1.0,1
201300011173,0013-08-17 18:30:00,13,8,17,18,30,60,88,"4, FALICON (BD COMTE DE)",,,Plein jour,En agglomération,Hors intersection,Normale,Deux véhicules - arrière,,,,,,,,,,,1,2,1,1.0,2
201300011174,0013-08-19 06:40:00,13,8,19,6,40,60,88,"0, ILE-DE-BEAUTE (PL. DE",,,Crépuscule ou aube,En agglomération,Hors intersection,Normale,Deux véhicules - côté,,,,,,,,,,,2,2,1,1.0,3
201300011175,0013-08-19 14:30:00,13,8,19,14,30,60,88,"sans, MONTEL (BD PAUL)",,,Plein jour,En agglomération,Hors intersection,Normale,Autre collision,,,,,,,,,,,1,2,1,1.0,6
201300011176,0013-08-19 18:10:00,13,8,19,18,10,60,88,"53, RAYBAUD JOSEPH",,,Plein jour,En agglomération,Hors intersection,Normale,Autre collision,,,,,,,,,,,1,2,1,1.0,6
201300011177,0013-08-19 19:00:00,13,8,19,19,0,60,88,"289, PESSICART (DU 272/2",,,Plein jour,En agglomération,Hors intersection,Normale,Deux véhicules - côté,,,,,,,,,,,1,2,1,1.0,3
201300011178,0013-08-23 17:30:00,13,8,23,17,30,60,88,"0, GALLIENI (AV.)",,,Plein jour,En agglomération,Hors intersection,Normale,Deux véhicules - arrière,,,,,,,,,,,1,2,1,1.0,2
201300011179,0013-08-25 15:15:00,13,8,25,15,15,60,88,"0, ETATS UNIS (QUAI DES)",,,Plein jour,En agglomération,Hors intersection,Normale,Deux véhicules - côté,,,,,,,,,,,1,2,1,1.0,3
201300011180,0013-08-26 12:30:00,13,8,26,12,30,60,88,"31, CREMAT (CH. DE)",,,Plein jour,En agglomération,Hors intersection,Normale,Deux véhicules - arrière,,,,,,,,,,,1,2,1,1.0,2
201300011181,0013-08-26 21:00:00,13,8,26,21,0,60,88,"44, SAPPIA (AV. HENRI)",,,Plein jour,En agglomération,Hors intersection,Normale,Autre collision,,,,,,,,,,,1,2,1,1.0,6
201300011182,0013-08-27 06:15:00,13,8,27,6,15,60,88,"0, BISCHOFFSHEIM (BD)",,,Plein jour,En agglomération,Intersection en X,Normale,Deux véhicules - côté,,,,,,,,,,,1,2,2,1.0,3
201300011183,0013-08-27 10:50:00,13,8,27,10,50,60,88,"1, ANGLAIS PLAGE (N?1 AU",,,Plein jour,En agglomération,Hors intersection,Normale,Deux véhicules - côté,,,,,,,,,,,1,2,1,1.0,3
201300011184,0013-08-27 20:20:00,13,8,27,20,20,60,88,"75, GROSSO (A PARTIR DU",,,Plein jour,En agglomération,Hors intersection,Normale,Deux véhicules - côté,,,,,,,,,,,1,2,1,1.0,3
201300011185,0013-08-28 08:50:00,13,8,28,8,50,60,88,"0, BLANQUI (PL. AUGUSTE)",,,Plein jour,En agglomération,Hors intersection,Normale,Deux véhicules - côté,,,,,,,,,,,1,2,1,1.0,3
201300011186,0013-08-28 17:50:00,13,8,28,17,50,60,88,"336, TURIN (RTE DE)",,,Plein jour,En agglomération,Hors intersection,Normale,Deux véhicules - côté,,,,,,,,,,,1,2,1,1.0,3
201300011187,0013-08-29 21:10:00,13,8,29,21,10,60,88,"0, BLANCON (RUE PIERRE)",,,Nuit avec éclairage allumé,En agglomération,Intersection en X,Normale,Autre collision,,,,,,,,,,,5,2,2,1.0,6
201300011188,0013-08-30 14:30:00,13,8,30,14,30,60,88,BELLA VISTA (AV.),,,Plein jour,En agglomération,Hors intersection,Normale,Deux véhicules - côté,,,,,,,,,,,1,2,1,1.0,3
201300011189,0013-08-31 04:10:00,13,8,31,4,10,60,88,"2, MAETERLINCK (BD M.)",,,Nuit avec éclairage allumé,En agglomération,Hors intersection,Normale,Autre collision,,,,,,,,,,,5,2,1,1.0,6
201300011190,0013-08-31 17:30:00,13,8,31,17,30,60,88,"75, CARNOT (BD)",,,Plein jour,En agglomération,Hors intersection,Normale,Autre collision,,,,,,,,,,,1,2,1,1.0,6
201300011191,0013-08-31 19:20:00,13,8,31,19,20,60,88,"15, ITALIE (R. D')",,,Plein jour,En agglomération,Hors intersection,Normale,Autre collision,,,,,,,,,,,1,2,1,1.0,6
201300011192,0013-09-01 05:00:00,13,9,1,5,0,60,88,"47, ANGLAIS (DU N? 45 AU",,,Nuit avec éclairage allumé,En agglomération,Hors intersection,Normale,Deux véhicules - arrière,,,,,,,,,,,5,2,1,1.0,2
201300011193,0013-09-02 02:15:00,13,9,2,2,15,60,88,"0, GRENOUILLERES (AV. DE",,,Nuit avec éclairage non allumé,En agglomération,Hors intersection,Normale,Autre collision,,,,,,,,,,,4,2,1,1.0,6
201300011194,0013-09-04 02:00:00,13,9,4,2,0,60,88,"5, GARIBALDI (PL.)",,,Nuit avec éclairage allumé,En agglomération,Hors intersection,Normale,Autre collision,,,,,,,,,,,5,2,1,1.0,6
201300011195,0013-09-04 06:00:00,13,9,4,6,0,60,88,"0, ARSON (RUE)",,,Nuit avec éclairage allumé,En agglomération,Intersection en X,Normale,Autre collision,,,,,,,,,,,5,2,2,1.0,6
201300011196,0013-09-04 08:30:00,13,9,4,8,30,60,88,"0, SAINT-LAMBERT (AV.) (",,,Plein jour,En agglomération,Hors intersection,Normale,Deux véhicules - côté,,,,,,,,,,,1,2,1,1.0,3
201300011197,0013-09-04 10:45:00,13,9,4,10,45,60,88,"28, JAURES (BD JEAN)",,,Plein jour,En agglomération,Hors intersection,Normale,Autre collision,,,,,,,,,,,1,2,1,1.0,6
201300011198,0013-09-04 12:45:00,13,9,4,12,45,60,88,"66, PESSICART (A PARTIR",,,Plein jour,En agglomération,Hors intersection,Normale,Trois véhicules et plus - collisions multiples,,,,,,,,,,,1,2,1,1.0,5
201300011199,0013-09-05 12:30:00,13,9,5,12,30,60,88,"169, MADELEINE (BD DE LA",,,Plein jour,En agglomération,Hors intersection,Normale,Deux véhicules - côté,,,,,,,,,,,1,2,1,1.0,3
201300011200,0013-09-05 13:10:00,13,9,5,13,10,60,88,GARIGLIANO (PONTS),,,Plein jour,En agglomération,Hors intersection,Normale,Deux véhicules - arrière,,,,,,,,,,,1,2,1,1.0,2
201300011201,0013-09-05 17:30:00,13,9,5,17,30,60,88,"14, MAHONIAS (R. DES)",,,Plein jour,En agglomération,Hors intersection,Normale,Autre collision,,,,,,,,,,,1,2,1,1.0,6
201300011202,0013-09-05 18:00:00,13,9,5,18,0,60,88,"0, SCOFFIER (R. EDOUARD)",,,Plein jour,En agglomération,Hors intersection,Normale,Autre collision,,,,,,,,,,,1,2,1,1.0,6
201300011203,0013-09-06 07:50:00,13,9,6,7,50,60,88,"0, VOIE RAPIDE",,,Plein jour,En agglomération,Hors intersection,Normale,Deux véhicules - arrière,,,,,,,,,,,1,2,1,1.0,2
201300011204,0013-09-06 10:10:00,13,9,6,10,10,60,88,"32, JAURES (BD JEAN)",,,Plein jour,En agglomération,Hors intersection,Normale,Autre collision,,,,,,,,,,,1,2,1,1.0,6
201300011205,0013-09-06 13:00:00,13,9,6,13,0,60,88,"115, ANGLAIS (DU N? 114",,,Plein jour,En agglomération,Intersection en T,Normale,Autre collision,,,,,,,,,,,1,2,3,1.0,6
201300011206,0013-09-06 13:30:00,13,9,6,13,30,60,88,"0, CHAPEL (RUE GEORGES)",,,Plein jour,En agglomération,Hors intersection,Normale,Deux véhicules - côté,,,,,,,,,,,1,2,1,1.0,3
201300011207,0013-09-07 10:00:00,13,9,7,10,0,60,88,"0, BAQUIS (AV.)",,,Plein jour,En agglomération,Intersection en X,Normale,Autre collision,,,,,,,,,,,1,2,2,1.0,6
201300011208,0013-09-07 11:20:00,13,9,7,11,20,60,88,"0, ANGLAIS (DU N? 114 AU",,,Plein jour,En agglomération,Hors intersection,Normale,Deux véhicules - arrière,,,,,,,,,,,1,2,1,1.0,2
201300011209,0013-09-07 12:20:00,13,9,7,12,20,60,159,CORNE D OR (BOULEVARD DE,,,Plein jour,En agglomération,Hors intersection,Normale,Autre collision,,,,,,,,,,,1,2,1,1.0,6
201300011210,0013-09-09 13:00:00,13,9,9,13,0,60,88,"0, COMBOUL (AV. RAYMOND)",,,Plein jour,En agglomération,Hors intersection,Normale,Deux véhicules - côté,,,,,,,,,,,1,2,1,1.0,3
201300011211,0013-09-09 22:50:00,13,9,9,22,50,60,88,"62, PESSICART (JUSQU'AU",,,Nuit avec éclairage allumé,En agglomération,Hors intersection,Normale,Deux véhicules - côté,,,,,,,,,,,5,2,1,1.0,3
201300011212,0013-09-13 14:05:00,13,9,13,14,5,60,88,"121, MANTEGA-RIGHI (BD)",,,Plein jour,En agglomération,Hors intersection,Normale,Deux véhicules - frontale,,,,,,,,,,,1,2,1,1.0,1
201300011213,0013-09-13 21:00:00,13,9,13,21,0,60,88,"0, BARBERIS (RUE)",,,Nuit avec éclairage allumé,En agglomération,Hors intersection,Normale,Autre collision,,,,,,,,,,,5,2,1,1.0,6
201300011214,0013-09-14 05:15:00,13,9,14,5,15,60,88,"313, FABRON (AV. DE) (JU",,,Nuit avec éclairage allumé,En agglomération,Hors intersection,Normale,Autre collision,,,,,,,,,,,5,2,1,1.0,6
201300011215,0013-09-14 08:45:00,13,9,14,8,45,60,88,"0, POMPIDOU (BD GEORGES)",,,Plein jour,En agglomération,Hors intersection,Normale,Deux véhicules - arrière,,,,,,,,,,,1,2,1,1.0,2
201300011216,0013-09-14 15:45:00,13,9,14,15,45,60,88,"0, ARENE (AV. PAUL)",,,Plein jour,En agglomération,Hors intersection,Normale,Autre collision,,,,,,,,,,,1,2,1,1.0,6
201300011217,0013-09-14 16:10:00,13,9,14,16,10,60,88,"19, AUGUSTA (AV. ANTONIA",,,Plein jour,En agglomération,Hors intersection,Normale,Autre collision,,,,,,,,,,,1,2,1,1.0,6
201300011218,0013-09-15 00:40:00,13,9,15,0,40,60,88,"0, ANGLAIS PLAGE (N? 113",,,Nuit avec éclairage allumé,En agglomération,Hors intersection,Normale,Autre collision,,,,,,,,,,,5,2,1,1.0,6
201300011219,0013-09-15 11:20:00,13,9,15,11,20,60,88,"0, TZAREWITCH (BD DU)",,,Plein jour,En agglomération,Intersection en T,Normale,Deux véhicules - côté,,,,,,,,,,,1,2,3,1.0,3
201300011220,0013-09-15 17:25:00,13,9,15,17,25,60,88,"265, CALIFORNIE (AV.) (A",,,Plein jour,En agglomération,Hors intersection,Normale,Autre collision,,,,,,,,,,,1,2,1,1.0,6
201300011221,0013-09-17 19:05:00,13,9,17,19,5,60,88,"0, CARLONE (BD)",,,Plein jour,En agglomération,Hors intersection,Normale,Autre collision,,,,,,,,,,,1,2,1,1.0,6
201300011222,0013-09-18 12:00:00,13,9,18,12,0,60,88,"52/54, MATISSE (AV. HENR",,,Plein jour,En agglomération,Hors intersection,Normale,Deux véhicules - côté,,,,,,,,,,,1,2,1,1.0,3
201300011223,0013-09-18 14:25:00,13,9,18,14,25,60,88,"0, VALOMBROSE (AV. DE)",,,Plein jour,En agglomération,Hors intersection,Normale,Trois véhicules et plus - collisions multiples,,,,,,,,,,,1,2,1,1.0,5
201300011224,0013-09-19 10:30:00,13,9,19,10,30,60,88,"156, OLIVIERS (CORNICHE",,,Plein jour,En agglomération,Hors intersection,Normale,Deux véhicules - côté,,,,,,,,,,,1,2,1,1.0,3
201300011225,0013-09-19 17:40:00,13,9,19,17,40,60,159,"1, ALBERT 1ER (AVENUE)",,,Plein jour,En agglomération,Hors intersection,Normale,Deux véhicules - côté,,,,,,,,,,,1,2,1,1.0,3
201300011226,0013-09-19 18:00:00,13,9,19,18,0,60,88,"0, ANGLAIS (A PARTIR DU",,,Plein jour,En agglomération,Hors intersection,Normale,Autre collision,,,,,,,,,,,1,2,1,1.0,6
201300011227,0013-09-19 23:02:00,13,9,19,23,2,60,88,"0, ANGLAIS (A PARTIR DU",,,Nuit avec éclairage allumé,En agglomération,Hors intersection,Normale,Deux véhicules - côté,,,,,,,,,,,5,2,1,1.0,3
201300011228,0013-09-22 13:30:00,13,9,22,13,30,60,88,"79, SAINT-AUGUSTIN (AV.",,,Plein jour,En agglomération,Hors intersection,Normale,Autre collision,,,,,,,,,,,1,2,1,1.0,6
201300011229,0013-09-23 10:10:00,13,9,23,10,10,60,88,"54, TRACHEL (RUE)",,,Plein jour,En agglomération,Hors intersection,Normale,Autre collision,,,,,,,,,,,1,2,1,1.0,6
201300011230,0013-09-23 16:10:00,13,9,23,16,10,60,88,"14, THIERS (AV.)",,,Plein jour,En agglomération,Hors intersection,Normale,Deux véhicules - arrière,,,,,,,,,,,1,2,1,1.0,2
201300011231,0013-09-23 19:40:00,13,9,23,19,40,60,88,"0, COMBOUL (AV. RAYMOND)",,,Nuit avec éclairage allumé,En agglomération,Hors intersection,Normale,Autre collision,,,,,,,,,,,5,2,1,1.0,6
201300011232,0013-09-24 09:15:00,13,9,24,9,15,60,88,"0, REPUBLIQUE (AV. DE LA",,,Plein jour,En agglomération,Hors intersection,Normale,Deux véhicules - côté,,,,,,,,,,,1,2,1,1.0,3
201300011233,0013-09-24 17:00:00,13,9,24,17,0,60,88,"12, ESTIENNE -D'ORVES (A",,,Plein jour,En agglomération,Hors intersection,Normale,Trois véhicules et plus - collisions multiples,,,,,,,,,,,1,2,1,1.0,5
201300011234,0013-09-24 20:20:00,13,9,24,20,20,60,88,"4, CALIFORNIE (AV.) (JUS",,,Nuit avec éclairage allumé,En agglomération,Hors intersection,Normale,Autre collision,,,,,,,,,,,5,2,1,1.0,6
201300011235,0013-09-24 22:40:00,13,9,24,22,40,60,88,"7, THIERS (AV.)",,,Nuit avec éclairage allumé,En agglomération,Hors intersection,Normale,Deux véhicules - arrière,,,,,,,,,,,5,2,1,1.0,2
201300011236,0013-09-25 16:30:00,13,9,25,16,30,60,88,"122, BRANCOLAR (AV.) (A",,,Plein jour,En agglomération,Hors intersection,Normale,Deux véhicules - côté,,,,,,,,,,,1,2,1,1.0,3
201300011237,0013-09-26 13:45:00,13,9,26,13,45,60,88,"288, MADELEINE (BD DE LA",,,Plein jour,En agglomération,Hors intersection,Normale,Autre collision,,,,,,,,,,,1,2,1,1.0,6
201300011238,0013-09-26 14:45:00,13,9,26,14,45,60,88,"33, CIMIEZ (BD) A PARTIR",,,Plein jour,En agglomération,Hors intersection,Normale,Deux véhicules - frontale,,,,,,,,,,,1,2,1,1.0,1
201300011239,0013-09-26 15:00:00,13,9,26,15,0,60,88,"10, FOCH (AV. MARECHAL)",,,Plein jour,En agglomération,Hors intersection,Normale,Deux véhicules - arrière,,,,,,,,,,,1,2,1,1.0,2
201300011240,0013-09-26 19:00:00,13,9,26,19,0,60,88,"0, SEMERIA (AV. DENIS)",,,Plein jour,En agglomération,Intersection en X,Normale,Deux véhicules - côté,,,,,,,,,,,1,2,2,1.0,3
201300011241,0013-09-29 12:15:00,13,9,29,12,15,60,88,"76, BAREL (BD VIRGILE)",,,Plein jour,En agglomération,Hors intersection,Normale,Deux véhicules - arrière,,,,,,,,,,,1,2,1,1.0,2
201300011242,0013-09-29 15:00:00,13,9,29,15,0,60,88,"54, TURIN (RTE DE)",,,Plein jour,En agglomération,Hors intersection,Pluie forte,Deux véhicules - arrière,,,,,,,,,,,1,2,1,3.0,2
201300011243,0013-09-30 09:54:00,13,9,30,9,54,60,88,DURANDY (AV. JOSEPH),,,Plein jour,En agglomération,Hors intersection,Normale,Deux véhicules - arrière,,,,,,,,,,,1,2,1,1.0,2
201300011244,0013-09-30 11:15:00,13,9,30,11,15,60,88,"0, GARIBALDI (PL.)",,,Plein jour,En agglomération,Hors intersection,Normale,Autre collision,,,,,,,,,,,1,2,1,1.0,6
201300011245,0013-09-30 12:30:00,13,9,30,12,30,60,88,"0, VERNIER (R.)",,,Plein jour,En agglomération,Intersection en X,Normale,Deux véhicules - côté,,,,,,,,,,,1,2,2,1.0,3
201300011246,0013-09-30 13:50:00,13,9,30,13,50,60,88,"93, ANGLAIS (DU N? 45 AU",,,Plein jour,En agglomération,Hors intersection,Normale,Deux véhicules - côté,,,,,,,,,,,1,2,1,1.0,3
201300011247,0013-10-01 09:55:00,13,10,1,9,55,60,88,"0, VILLE (R. GEORGES)",,,Plein jour,En agglomération,Intersection en X,Normale,Autre collision,,,,,,,,,,,1,2,2,1.0,6
201300011248,0013-10-01 14:15:00,13,10,1,14,15,60,88,"366, GRENOBLE (ROUTE DE)",,,Plein jour,En agglomération,Hors intersection,Normale,Autre collision,,,,,,,,,,,1,2,1,1.0,6
201300011249,0013-10-01 18:15:00,13,10,1,18,15,60,88,"27, PAULIANI (AV.)",,,Plein jour,En agglomération,Hors intersection,Normale,Autre collision,,,,,,,,,,,1,2,1,1.0,6
201300011250,0013-10-03 16:30:00,13,10,3,16,30,60,88,"0, REINE-VICTORIA (AV.)",,,Plein jour,En agglomération,Hors intersection,Normale,Autre collision,,,,,,,,,,,1,2,1,1.0,6
201300011251,0013-10-04 23:00:00,13,10,4,23,0,60,88,"0, BARBERIS (RUE)",,,Nuit avec éclairage allumé,En agglomération,Intersection en X,Normale,Autre collision,,,,,,,,,,,5,2,2,1.0,6
201300011252,0013-10-05 13:40:00,13,10,5,13,40,60,88,"145, FRANCE (R. DE) A PA",,,Plein jour,En agglomération,Hors intersection,Normale,Deux véhicules - côté,,,,,,,,,,,1,2,1,1.0,3
201300011253,0013-10-05 15:00:00,13,10,5,15,0,60,88,"0, ALBERTI (RUE)",,,Plein jour,En agglomération,Intersection en X,Normale,Deux véhicules - côté,,,,,,,,,,,1,2,2,1.0,3
201300011254,0013-10-06 23:35:00,13,10,6,23,35,60,88,"0, PILATTE (BD FRANCK)",,,Nuit avec éclairage allumé,En agglomération,Hors intersection,Normale,Deux véhicules - côté,,,,,,,,,,,5,2,1,1.0,3
201300011255,0013-10-07 11:42:00,13,10,7,11,42,60,88,"22, MEDECIN (AV. JEAN)",,,Plein jour,En agglomération,Hors intersection,Normale,Deux véhicules - côté,,,,,,,,,,,1,2,1,1.0,3
201300011256,0013-10-07 13:30:00,13,10,7,13,30,60,88,"0, GOUNOD (RUE)",,,Plein jour,En agglomération,Intersection en X,Normale,Deux véhicules - côté,,,,,,,,,,,1,2,2,1.0,3
201300011257,0013-10-07 19:00:00,13,10,7,19,0,60,88,SAINT-JEAN BAPTISTE (AV.,,,Plein jour,En agglomération,Intersection en X,Normale,Deux véhicules - côté,,,,,,,,,,,1,2,2,1.0,3
201300011258,0013-10-08 06:45:00,13,10,8,6,45,60,159,"1720, CAROUBIERS (AVENUE",,,Plein jour,En agglomération,Hors intersection,Normale,Deux véhicules - frontale,,,,,,,,,,,1,2,1,1.0,1
201300011259,0013-10-08 09:00:00,13,10,8,9,0,60,88,"56, DUNANT (AV. HENRI)",,,Plein jour,En agglomération,Hors intersection,Normale,Sans collision,,,,,,,,,,,1,2,1,1.0,7
201300011260,0013-10-08 10:05:00,13,10,8,10,5,60,88,"0, JOLY (CORNICHE ANDRE",,,Plein jour,En agglomération,Hors intersection,Normale,Autre collision,,,,,,,,,,,1,2,1,1.0,6
201300011261,0013-10-08 12:10:00,13,10,8,12,10,60,88,"49, CALIFORNIE (AV.) (A",,,Plein jour,En agglomération,Hors intersection,Normale,Deux véhicules - côté,,,,,,,,,,,1,2,1,1.0,3
201300011262,0013-10-09 09:40:00,13,10,9,9,40,60,88,"0, POMPIDOU (BD GEORGES)",,,Plein jour,En agglomération,Hors intersection,Normale,Deux véhicules - arrière,,,,,,,,,,,1,2,1,1.0,2
201300011263,0013-10-09 12:55:00,13,10,9,12,55,60,88,"27, ROQUEBILLIERE (R. DE",,,Plein jour,En agglomération,Hors intersection,Normale,Deux véhicules - arrière,,,,,,,,,,,1,2,1,1.0,2
201300011264,0013-10-09 18:20:00,13,10,9,18,20,60,88,"0, BUFFA (RUE DE LA)",,,Plein jour,En agglomération,Hors intersection,Normale,Deux véhicules - côté,,,,,,,,,,,1,2,1,1.0,3
201300011265,0013-10-10 10:15:00,13,10,10,10,15,60,88,"4, CLEMENCEAU (AV. GEORG",,,Plein jour,En agglomération,Hors intersection,Normale,Autre collision,,,,,,,,,,,1,2,1,1.0,6
201300011266,0013-10-10 20:20:00,13,10,10,20,20,60,88,"254, STE MARGUERITE (AV.",,,Nuit avec éclairage non allumé,En agglomération,Hors intersection,Normale,Autre collision,,,,,,,,,,,4,2,1,1.0,6
201300011267,0013-10-11 06:45:00,13,10,11,6,45,60,88,"0, MATISSE (AV. HENRI)",,,Nuit avec éclairage allumé,En agglomération,Hors intersection,Normale,Deux véhicules - frontale,,,,,,,,,,,5,2,1,1.0,1
201300011268,0013-10-11 07:20:00,13,10,11,7,20,60,88,"0, DELFINO (BD GENERAL)",,,Plein jour,En agglomération,Hors intersection,Normale,Autre collision,,,,,,,,,,,1,2,1,1.0,6
201300011269,0013-10-11 12:00:00,13,10,11,12,0,60,88,"0, GUISOL (R. FRANCOIS)",,,Plein jour,En agglomération,Hors intersection,Normale,Autre collision,,,,,,,,,,,1,2,1,1.0,6
201300011270,0013-10-11 17:20:00,13,10,11,17,20,60,88,"0, PENETRANTE DU PAILLON",,,Plein jour,Hors agglomération,Hors intersection,Normale,Deux véhicules - arrière,,,,,,,,,,,1,1,1,1.0,2