accident_id,datetime,annee,mois,jour,heure,minute,departement,commune_insee,adresse,latitude,longitude,luminosite,agglomeration,intersection,meteo,collision,nb_vehicules,nb_usagers,nb_indemnes,nb_tues,nb_blesses_hosp,nb_blesses_legers,age_cond_1,age_cond_2,veh_type_cond_1,veh_type_cond_2,lum_code,agg_code,int_code,atm_code,col_code
201300011400,0013-12-05 17:35:00,13,12,5,17,35,60,88,"0, GRENOBLE (ROUTE DE)",,,Plein jour,En agglomération,Hors intersection,Normale,Deux véhicules - côté,,,,,,,,,,,1,2,1,1.0,3
201300011401,0013-12-05 19:45:00,13,12,5,19,45,60,88,"36, DIGUE DES FRANCAIS (",,,Nuit avec éclairage allumé,En agglomération,Hors intersection,Normale,Deux véhicules - arrière,,,,,,,,,,,5,2,1,1.0,2
201300011402,0013-12-06 08:55:00,13,12,6,8,55,60,88,"17, JOLY (CORNICHE ANDRE",,,Plein jour,En agglomération,Hors intersection,Normale,Deux véhicules - arrière,,,,,,,,,,,1,2,1,1.0,2
201300011403,0013-12-06 16:40:00,13,12,6,16,40,60,88,"0, RICHELMI (R. DR P.)",,,Plein jour,En agglomération,Intersection en X,Normale,Deux véhicules - côté,,,,,,,,,,,1,2,2,1.0,3
201300011404,0013-12-06 20:15:00,13,12,6,20,15,60,88,"12, JAURES (BD JEAN)",,,Nuit avec éclairage allumé,En agglomération,Hors intersection,Normale,Deux véhicules - arrière,,,,,,,,,,,5,2,1,1.0,2
201300011405,0013-12-06 21:25:00,13,12,6,21,25,60,88,"34, GAL (R. AUGUSTE)",,,Nuit avec éclairage allumé,En agglomération,Hors intersection,Normale,Deux véhicules - arrière,,,,,,,,,,,5,2,1,1.0,2
201300011406,0013-12-08 15:15:00,13,12,8,15,15,60,88,"107, QUAI DES ETATS UNIS",,,Plein jour,En agglomération,Hors intersection,Normale,Deux véhicules - côté,,,,,,,,,,,1,2,1,1.0,3
201300011407,0013-12-09 08:25:00,13,12,9,8,25,60,88,"14, CHEVALIERS DE MALTE",,,Plein jour,En agglomération,Hors intersection,Normale,Autre collision,,,,,,,,,,,1,2,1,1.0,6
201300011408,0013-12-09 08:45:00,13,12,9,8,45,60,88,"0, DANTE (RUE)",,,Plein jour,En agglomération,Intersection en X,Normale,Deux véhicules - côté,,,,,,,,,,,1,2,2,1.0,3
201300011409,0013-12-09 09:30:00,13,12,9,9,30,60,88,"0, CALIFORNIE (AV.) (A P",,,Plein jour,En agglomération,Intersection en T,Normale,Autre collision,,,,,,,,,,,1,2,3,1.0,6
201300011410,0013-12-09 11:15:00,13,12,9,11,15,60,88,"0, RISSO (BD)",,,Plein jour,En agglomération,Hors intersection,Normale,Deux véhicules - côté,,,,,,,,,,,1,2,1,1.0,3
201300011411,0013-12-10 17:05:00,13,12,10,17,5,60,88,"0, CIMIEZ (BD) A PARTIR",,,Plein jour,En agglomération,Hors intersection,Normale,Deux véhicules - côté,,,,,,,,,,,1,2,1,1.0,3
201300011412,0013-12-10 20:00:00,13,12,10,20,0,60,88,"31, PAILLOS (RTE DE LA)",,,Nuit avec éclairage allumé,En agglomération,Hors intersection,Normale,Autre collision,,,,,,,,,,,5,2,1,1.0,6
201300011413,0013-12-10 21:45:00,13,12,10,21,45,60,88,"250, TURIN (RTE DE)",,,Nuit avec éclairage allumé,En agglomération,Hors intersection,Normale,Autre collision,,,,,,,,,,,5,2,1,1.0,6
201300011414,0013-12-11 09:15:00,13,12,11,9,15,60,88,"112, TURIN (RTE DE)",,,Plein jour,En agglomération,Hors intersection,Normale,Trois véhicules et plus - collisions multiples,,,,,,,,,,,1,2,1,1.0,5
201300011415,0013-12-11 14:15:00,13,12,11,14,15,60,88,"0, GAMBETTA (JUSQU'AU N?",,,Plein jour,En agglomération,Hors intersection,Normale,Autre collision,,,,,,,,,,,1,2,1,1.0,6
201300011416,0013-12-11 14:20:00,13,12,11,14,20,60,88,"14, THIERS (AV.)",,,Plein jour,En agglomération,Hors intersection,Normale,Autre collision,,,,,,,,,,,1,2,1,1.0,6
201300011417,0013-12-11 15:00:00,13,12,11,15,0,60,88,"0, BARLA (RUE)",,,Plein jour,En agglomération,Hors intersection,Normale,Deux véhicules - côté,,,,,,,,,,,1,2,1,1.0,3
201300011418,0013-12-12 00:25:00,13,12,12,0,25,60,88,"0, RAYBAUD JOSEPH",,,Nuit avec éclairage allumé,En agglomération,Hors intersection,Normale,Autre collision,,,,,,,,,,,5,2,1,1.0,6
201300011419,0013-12-12 07:40:00,13,12,12,7,40,60,88,"34, ARSON (RUE)",,,Plein jour,En agglomération,Hors intersection,Normale,Autre collision,,,,,,,,,,,1,2,1,1.0,6
201300011420,0013-12-12 08:45:00,13,12,12,8,45,60,88,"15, CAVELL (AV. EDITH)",,,Plein jour,En agglomération,Hors intersection,Normale,Trois véhicules et plus - collisions multiples,,,,,,,,,,,1,2,1,1.0,5
201300011421,0013-12-12 14:40:00,13,12,12,14,40,60,88,"0, GRACE DE MONACO (BD P",,,Plein jour,En agglomération,Intersection en Y,Normale,Deux véhicules - arrière,,,,,,,,,,,1,2,4,1.0,2
201300011422,0013-12-13 10:55:00,13,12,13,10,55,60,88,"0, JOFFRE (R. MARECHAL)",,,Plein jour,En agglomération,Hors intersection,Normale,Autre collision,,,,,,,,,,,1,2,1,1.0,6
201300011423,0013-12-13 13:00:00,13,12,13,13,0,60,88,"0, BARBERIS (RUE)",,,Plein jour,En agglomération,Hors intersection,Normale,Autre collision,,,,,,,,,,,1,2,1,1.0,6
201300011424,0013-12-13 17:20:00,13,12,13,17,20,60,88,"0, GRINDA (AV. EDOUARD)",,,Crépuscule ou aube,En agglomération,Hors intersection,Normale,Autre collision,,,,,,,,,,,2,2,1,1.0,6
201300011425,0013-12-13 20:20:00,13,12,13,20,20,60,88,SAINT-SYLVESTRE (AV. DE),,,Nuit avec éclairage allumé,En agglomération,Intersection en X,Normale,Deux véhicules - côté,,,,,,,,,,,5,2,2,1.0,3
201300011426,0013-12-15 21:19:00,13,12,15,21,19,60,88,"0, VOIE RAPIDE",,,Nuit avec éclairage allumé,En agglomération,Hors intersection,Normale,Autre collision,,,,,,,,,,,5,2,1,1.0,6
201300011427,0013-12-16 11:10:00,13,12,16,11,10,60,88,"265, MADELEINE (BD DE LA",,,Plein jour,En agglomération,Hors intersection,Normale,Deux véhicules - côté,,,,,,,,,,,1,2,1,1.0,3
201300011428,0013-12-16 13:15:00,13,12,16,13,15,60,88,"42, TRACHEL (RUE)",,,Plein jour,En agglomération,Hors intersection,Normale,Trois véhicules et plus - en chaîne,,,,,,,,,,,1,2,1,1.0,4
201300011429,0013-12-16 21:20:00,13,12,16,21,20,60,88,"0, ANGLAIS PLAGE(  PARTI",,,Nuit avec éclairage allumé,En agglomération,Hors intersection,Normale,Autre collision,,,,,,,,,,,5,2,1,1.0,6
201300011430,0013-12-17 10:00:00,13,12,17,10,0,60,88,"0, CANAVESE (RUE JEAN)",,,Plein jour,En agglomération,Hors intersection,Normale,Autre collision,,,,,,,,,,,1,2,1,1.0,6
201300011431,0013-12-17 12:15:00,13,12,17,12,15,60,88,"0, MAISTRE (AV. J. ET X.",,,Plein jour,En agglomération,Hors intersection,Normale,Autre collision,,,,,,,,,,,1,2,1,1.0,6
201300011432,0013-12-17 15:30:00,13,12,17,15,30,60,88,"0, GUBERNATIS (R.)",,,Plein jour,En agglomération,Hors intersection,Normale,Autre collision,,,,,,,,,,,1,2,1,1.0,6
201300011433,0013-12-18 12:30:00,13,12,18,12,30,60,88,"23, SAINT-ROCH (BD DE)",,,Plein jour,En agglomération,Hors intersection,Normale,Autre collision,,,,,,,,,,,1,2,1,1.0,6
201300011434,0013-12-18 18:15:00,13,12,18,18,15,60,88,"228, TURIN (RTE DE)",,,Nuit avec éclairage allumé,En agglomération,Hors intersection,Normale,Autre collision,,,,,,,,,,,5,2,1,1.0,6
201300011435,0013-12-18 22:20:00,13,12,18,22,20,60,88,"60, SAINTE-ROSALIE (CORN",,,Nuit avec éclairage allumé,En agglomération,Hors intersection,Normale,Deux véhicules - frontale,,,,,,,,,,,5,2,1,1.0,1
201300011436,0013-12-19 06:50:00,13,12,19,6,50,60,88,"188 bis, SAINT-PIERRE DE",,,Crépuscule ou aube,En agglomération,Hors intersection,Pluie légère,Deux véhicules - frontale,,,,,,,,,,,2,2,1,2.0,1
201300011437,0013-12-22 08:10:00,13,12,22,8,10,60,159,"0, PRINCESSE GRACE DE MO",,,Plein jour,En agglomération,Hors intersection,Normale,Deux véhicules - frontale,,,,,,,,,,,1,2,1,1.0,1
201300011438,0013-12-23 12:15:00,13,12,23,12,15,60,88,"274, ANGLAIS PLAGE (DU 2",,,Plein jour,En agglomération,Hors intersection,Normale,Deux véhicules - arrière,,,,,,,,,,,1,2,1,1.0,2
201300011439,0013-12-23 13:05:00,13,12,23,13,5,60,88,"30, GRINDA (AV. EDOUARD)",,,Plein jour,En agglomération,Hors intersection,Normale,Autre collision,,,,,,,,,,,1,2,1,1.0,6
201300011440,0013-12-23 17:00:00,13,12,23,17,0,60,88,"2, GORBELLA (BD DE)",,,Crépuscule ou aube,En agglomération,Hors intersection,Normale,Autre collision,,,,,,,,,,,2,2,1,1.0,6
201300011441,0013-12-23 17:20:00,13,12,23,17,20,60,88,"0, GAMBETTA (A PARTIR DU",,,Nuit avec éclairage allumé,En agglomération,Hors intersection,Normale,Deux véhicules - côté,,,,,,,,,,,5,2,1,1.0,3
201300011442,0013-12-24 09:20:00,13,12,24,9,20,60,88,"0, CASSIN (BD RENE)",,,Plein jour,En agglomération,Hors intersection,Pluie forte,Deux véhicules - côté,,,,,,,,,,,1,2,1,3.0,3
201300011443,0013-12-26 09:00:00,13,12,26,9,0,60,88,"0, GARIGLIANO (PONTS)",,,Plein jour,En agglomération,Hors intersection,Pluie forte,Deux véhicules - côté,,,,,,,,,,,1,2,1,3.0,3
201300011444,0013-12-26 16:32:00,13,12,26,16,32,60,88,"41, BUFFA (RUE DE LA)",,,Crépuscule ou aube,En agglomération,Hors intersection,Normale,Deux véhicules - arrière,,,,,,,,,,,2,2,1,1.0,2
201300011445,0013-12-27 08:45:00,13,12,27,8,45,60,88,"0, JOLY (CORNICHE ANDRE",,,Plein jour,En agglomération,Intersection en Y,Normale,Deux véhicules - côté,,,,,,,,,,,1,2,4,1.0,3
201300011446,0013-12-27 10:00:00,13,12,27,10,0,60,159,"0, PRINCESSE GRACE DE MO",,,Plein jour,En agglomération,Hors intersection,Normale,Deux véhicules - côté,,,,,,,,,,,1,2,1,1.0,3
201300011447,0013-12-29 11:45:00,13,12,29,11,45,60,88,"0, RD 6202",,,Plein jour,En agglomération,Hors intersection,Normale,Deux véhicules - côté,,,,,,,,,,,1,2,1,1.0,3
201300011448,0013-12-30 09:20:00,13,12,30,9,20,60,88,CASSIN (BD RENE),,,Plein jour,En agglomération,Hors intersection,Normale,Autre collision,,,,,,,,,,,1,2,1,1.0,6
201300011449,0013-12-30 15:45:00,13,12,30,15,45,60,88,"241, GRENOBLE (ROUTE DE)",,,Plein jour,En agglomération,Hors intersection,Normale,Deux véhicules - côté,,,,,,,,,,,1,2,1,1.0,3
201300011450,0013-04-09 12:15:00,13,4,9,12,15,330,99,18 ROUTE DE LIGNAN,,,Plein jour,En agglomération,Hors intersection,Normale,Deux véhicules - frontale,,,,,,,,,,,1,2,1,1.0,1
201300011451,0013-06-04 11:15:00,13,6,4,11,15,330,99,17 route de latresne,44.816,-0.477,Plein jour,En agglomération,Hors intersection,Normale,Deux véhicules - frontale,,,,,,,,,,,1,2,1,1.0,1
201300011452,0013-01-08 09:45:00,13,1,8,9,45,580,303,Route de FOURCHMABAULT,,,Plein jour,En agglomération,Hors intersection,Normale,Deux véhicules - arrière,,,,,,,,,,,1,2,1,1.0,2
201300011453,0013-01-15 18:00:00,13,1,15,18,0,580,303,,,,Nuit sans éclairage public,Hors agglomération,Hors intersection,Neige / grêle,Autre collision,,,,,,,,,,,3,1,1,4.0,6
201300011454,0013-02-28 15:45:00,13,2,28,15,45,580,88,place de la libert?,,,Plein jour,En agglomération,Hors intersection,Normale,Deux véhicules - côté,,,,,,,,,,,1,2,1,1.0,3
201300011455,0013-04-13 05:30:00,13,4,13,5,30,580,88,,,,Nuit sans éclairage public,Hors agglomération,Hors intersection,Temps couvert,Autre collision,,,,,,,,,,,3,1,1,8.0,6
201300011456,0013-05-19 14:15:00,13,5,19,14,15,580,300,,,,Plein jour,Hors agglomération,Hors intersection,Pluie légère,Autre collision,,,,,,,,,,,1,1,1,2.0,6
201300011457,0013-06-05 19:30:00,13,6,5,19,30,580,303,D907,47.013,3.153,Plein jour,En agglomération,Hors intersection,Normale,Deux véhicules - arrière,,,,,,,,,,,1,2,1,1.0,2
201300011458,0013-06-13 15:00:00,13,6,13,15,0,580,300,,47.032,3.213,Plein jour,Hors agglomération,Hors intersection,Pluie forte,Trois véhicules et plus - collisions multiples,,,,,,,,,,,1,1,1,3.0,5
201300011459,0013-08-08 11:45:00,13,8,8,11,45,580,131,27 GRANDE RUE,,,Plein jour,En agglomération,Hors intersection,Normale,Autre collision,,,,,,,,,,,1,2,1,1.0,6
201300011460,0013-10-12 15:30:00,13,10,12,15,30,580,231,,,,Plein jour,Hors agglomération,Hors intersection,Pluie légère,Deux véhicules - frontale,,,,,,,,,,,1,1,1,2.0,1
201300011461,0013-06-11 11:00:00,13,6,11,11,0,210,515,avenue de l'universit?,,,Plein jour,En agglomération,Hors intersection,Normale,Autre collision,,,,,,,,,,,1,2,1,1.0,6
201300011462,0013-06-11 17:00:00,13,6,11,17,0,210,171,Avenue de la R?publique,,,Plein jour,En agglomération,Hors intersection,Normale,Trois véhicules et plus - en chaîne,,,,,,,,,,,1,2,1,1.0,4
201300011463,0013-08-31 22:45:00,13,8,31,22,45,210,473,,47.271,5.063,Nuit sans éclairage public,Hors agglomération,Hors intersection,Normale,Deux véhicules - arrière,,,,,,,,,,,3,1,1,1.0,2
201300011464,0013-10-27 20:30:00,13,10,27,20,30,210,515,avenue de l'universit?,47.318,5.109,Nuit avec éclairage allumé,En agglomération,Hors intersection,Temps couvert,Autre collision,,,,,,,,,,,5,2,1,8.0,6
201300011465,0013-11-28 14:15:00,13,11,28,14,15,210,515,Avenue du Ch?teau,47.318,5.114,Plein jour,En agglomération,Hors intersection,Normale,Autre collision,,,,,,,,,,,1,2,1,1.0,6
201300011466,0013-01-06 15:00:00,13,1,6,15,0,130,40,,43.47886,5.54346,Plein jour,Hors agglomération,Intersection en T,Normale,Deux véhicules - côté,,,,,,,,,,,1,1,3,1.0,3
201300011467,0013-02-01 14:15:00,13,2,1,14,15,130,40,chemin des mines,43.44036,5.56139,Plein jour,En agglomération,Hors intersection,Temps couvert,Autre collision,,,,,,,,,,,1,2,1,8.0,6
201300011468,0013-02-06 17:45:00,13,2,6,17,45,130,40,,,,Crépuscule ou aube,Hors agglomération,Hors intersection,Normale,Deux véhicules - frontale,,,,,,,,,,,2,1,1,1.0,1
201300011469,0013-06-02 16:15:00,13,6,2,16,15,130,40,,,,Plein jour,Hors agglomération,Hors intersection,Normale,Deux véhicules - côté,,,,,,,,,,,1,1,1,1.0,3
201300011470,0013-06-04 09:15:00,13,6,4,9,15,130,40,,,,Plein jour,Hors agglomération,Hors intersection,Normale,Deux véhicules - frontale,,,,,,,,,,,1,1,1,1.0,1
201300011471,0013-07-07 13:00:00,13,7,7,13,0,130,40,,43.44961,5.53676,Plein jour,Hors agglomération,Hors intersection,Normale,Deux véhicules - frontale,,,,,,,,,,,1,1,1,1.0,1
201300011472,0013-08-21 20:30:00,13,8,21,20,30,130,40,,,,Plein jour,Hors agglomération,Hors intersection,Normale,Deux véhicules - frontale,,,,,,,,,,,1,1,1,1.0,1
201300011473,0013-10-07 07:45:00,13,10,7,7,45,130,40,,,,Crépuscule ou aube,Hors agglomération,Hors intersection,Normale,Autre collision,,,,,,,,,,,2,1,1,1.0,6
201300011474,0013-11-23 10:30:00,13,11,23,10,30,130,25,,,,Plein jour,Hors agglomération,Intersection en X,Normale,Deux véhicules - côté,,,,,,,,,,,1,1,2,1.0,3
201300011475,0013-12-08 12:00:00,13,12,8,12,0,130,90,,,,Plein jour,Hors agglomération,Hors intersection,Normale,Autre collision,,,,,,,,,,,1,1,1,1.0,6
201300011476,0013-01-04 17:45:00,13,1,4,17,45,470,318,BOULEVARD DES REMPARTS,44.1981,0.32292,Nuit avec éclairage non allumé,En agglomération,Autre intersection,Normale,Deux véhicules - côté,,,,,,,,,,,4,2,9,1.0,3
201300011477,0013-04-21 10:30:00,13,4,21,10,30,470,266,,43.9857,0.08921,Plein jour,Hors agglomération,Hors intersection,Normale,Deux véhicules - frontale,,,,,,,,,,,1,1,1,1.0,1
201300011478,0013-09-07 21:30:00,13,9,7,21,30,470,195,,44.131,0.339,Nuit sans éclairage public,Hors agglomération,Hors intersection,Temps couvert,Deux véhicules - côté,,,,,,,,,,,3,1,1,8.0,3
201300011479,0013-09-13 17:15:00,13,9,13,17,15,470,143,,44.173,0.298,Plein jour,Hors agglomération,Hors intersection,Normale,Deux véhicules - frontale,,,,,,,,,,,1,1,1,1.0,1
201300011480,0013-11-29 19:30:00,13,11,29,19,30,470,195,AVENUE GEORGES CLEMENCEA,44.1322,0.35026,Nuit sans éclairage public,En agglomération,Hors intersection,Normale,Autre collision,,,,,,,,,,,3,2,1,1.0,6
201300011481,0013-12-21 12:45:00,13,12,21,12,45,470,195,,44.1416,0.35257,Plein jour,Hors agglomération,Hors intersection,Normale,Autre collision,,,,,,,,,,,1,1,1,1.0,6
201300011482,0013-04-23 19:50:00,13,4,23,19,50,70,19,"37, RN 102",,,Plein jour,En agglomération,Hors intersection,Normale,Trois véhicules et plus - en chaîne,,,,,,,,,,,1,2,1,1.0,4
201300011483,0013-01-26 11:00:00,13,1,26,11,0,70,325,RD 578 BIS,,,Plein jour,Hors agglomération,Hors intersection,Normale,Deux véhicules - arrière,,,,,,,,,,,1,1,1,1.0,2
201300011484,0013-02-28 08:15:00,13,2,28,8,15,70,116,102 ( ROUTE NATIONALE ),,,Plein jour,Hors agglomération,Hors intersection,Normale,Deux véhicules - frontale,,,,,,,,,,,1,1,1,1.0,1
201300011485,0013-06-13 09:05:00,13,6,13,9,5,70,19,"02, PAIX (PLACE DE LA)",,,Plein jour,En agglomération,Place,Normale,Autre collision,,,,,,,,,,,1,2,7,1.0,6
201300011486,0013-10-07 15:00:00,13,10,7,15,0,70,19,"15, GUINGUETTE (ALLEE DE",,,Plein jour,En agglomération,Hors intersection,Normale,Deux véhicules - côté,,,,,,,,,,,1,2,1,1.0,3
201300011487,0013-10-27 02:45:00,13,10,27,2,45,70,19,"44, BELLANDE (AVENUE DE",,,Nuit avec éclairage allumé,En agglomération,Hors intersection,Normale,Autre collision,,,,,,,,,,,5,2,1,1.0,6
201300011488,0013-12-09 00:20:00,13,12,9,0,20,70,19,"101, RN 102",,,Nuit avec éclairage allumé,Hors agglomération,Hors intersection,Normale,Autre collision,,,,,,,,,,,5,1,1,1.0,6
201300011489,0013-02-14 09:55:00,13,2,14,9,55,70,102,"1471, SADI-CARNOT (AVEN.",,,Plein jour,En agglomération,Hors intersection,Normale,Deux véhicules - côté,,,,,,,,,,,1,2,1,1.0,3
201300011490,0013-03-06 04:45:00,13,3,6,4,45,70,102,MISTRAL (PONT FREDERIC),,,Nuit avec éclairage allumé,Hors agglomération,Hors intersection,Pluie légère,Deux véhicules - frontale,,,,,,,,,,,5,1,1,2.0,1
201300011491,0013-05-09 17:55:00,13,5,9,17,55,70,281,ROND-POINT POLE 2000,,,Plein jour,En agglomération,Giratoire,Pluie légère,Deux véhicules - côté,,,,,,,,,,,1,2,6,2.0,3
201300011492,0013-06-08 02:10:00,13,6,8,2,10,70,102,"93, SADI-CARNOT (AV.) [D",,,Nuit avec éclairage allumé,En agglomération,Intersection en X,Normale,Sans collision,,,,,,,,,,,5,2,2,1.0,7
201300011493,0013-09-03 08:00:00,13,9,3,8,0,70,70,"121, COLONNEL ROUSSET (A",,,Plein jour,En agglomération,Hors intersection,Normale,Deux véhicules - frontale,,,,,,,,,,,1,2,1,1.0,1
201300011494,0013-11-01 02:40:00,13,11,1,2,40,70,102,"1330, REPUBLIQUE (AV.DE",,,Nuit avec éclairage allumé,En agglomération,Giratoire,Normale,Autre collision,,,,,,,,,,,5,2,6,1.0,6
201300011495,0013-07-09 14:45:00,13,7,9,14,45,110,202,,,,Plein jour,Hors agglomération,Hors intersection,Normale,Deux véhicules - côté,,,,,,,,,,,1,1,1,1.0,3
201300011496,0013-02-01 17:15:00,13,2,1,17,15,570,678,51 rue charles peguy,49.41606,6.00179,Nuit avec éclairage allumé,En agglomération,Hors intersection,Pluie légère,Autre collision,,,,,,,,,,,5,2,1,2.0,6
201300011497,0013-03-05 16:30:00,13,3,5,16,30,570,731,Avenue de la Liberte,,,Plein jour,En agglomération,Hors intersection,Normale,Deux véhicules - frontale,,,,,,,,,,,1,2,1,1.0,1
201300011498,0013-03-24 17:00:00,13,3,24,17,0,570,38,258 rue Clemenceau,49.47102,5.95375,Plein jour,En agglomération,Hors intersection,Normale,Deux véhicules - côté,,,,,,,,,,,1,2,1,1.0,3
201300011499,0013-05-19 00:15:00,13,5,19,0,15,570,305,,,,Nuit avec éclairage allumé,Hors agglomération,Hors intersection,Normale,Deux véhicules - côté,,,,,,,,,,,5,1,1,1.0,3
201300011500,0013-06-25 19:45:00,13,6,25,19,45,570,38,rue Napoleon Ier,49.48558,5.96685,Plein jour,En agglomération,Hors intersection,Normale,Deux véhicules - côté,,,,,,,,,,,1,2,1,1.0,3
201300011501,0013-08-18 18:45:00,13,8,18,18,45,570,38,rue st michel/vieux colo,49.46567,5.95512,Plein jour,En agglomération,Hors intersection,Normale,Trois véhicules et plus - collisions multiples,,,,,,,,,,,1,2,1,1.0,5
201300011502,0013-10-19 05:00:00,13,10,19,5,0,570,678,GN 49.696 6.002,,,Nuit sans éclairage public,Hors agglomération,Hors intersection,Normale,Sans collision,,,,,,,,,,,3,1,1,1.0,7
201300011503,0013-10-26 20:00:00,13,10,26,20,0,570,731,avenue de la libert?,49.44372,6.08129,Nuit avec éclairage allumé,En agglomération,Hors intersection,Pluie forte,Autre collision,,,,,,,,,,,5,2,1,3.0,6
201300011504,0013-11-01 17:00:00,13,11,1,17,0,570,529,,,,Crépuscule ou aube,Hors agglomération,Hors intersection,Pluie légère,Deux véhicules - côté,,,,,,,,,,,2,1,1,2.0,3
201300011505,0013-11-23 20:15:00,13,11,23,20,15,570,96,27 rue Emile Zola,49.38516,5.94013,Nuit avec éclairage allumé,En agglomération,Hors intersection,Normale,Deux véhicules - côté,,,,,,,,,,,5,2,1,1.0,3
201300011506,0013-04-08 20:50:00,13,4,8,20,50,70,186,"29, LANCELOT (BLD. DE L'",,,Nuit sans éclairage public,En agglomération,Hors intersection,Normale,Autre collision,,,,,,,,,,,3,2,1,1.0,6
201300011507,0013-02-14 08:45:00,13,2,14,8,45,70,186,CHOMERAC (ROUTE DE),,,Plein jour,En agglomération,Hors intersection,Normale,Deux véhicules - frontale,,,,,,,,,,,1,2,1,1.0,1
201300011508,0013-02-20 09:00:00,13,2,20,9,0,70,186,DEPARTEMENTALE D2,,,Plein jour,En agglomération,Hors intersection,Normale,Deux véhicules - arrière,,,,,,,,,,,1,2,1,1.0,2
201300011509,0013-04-10 10:00:00,13,4,10,10,0,70,340,RUISSOL (LE),,,Plein jour,Hors agglomération,Intersection en T,Normale,Deux véhicules - côté,,,,,,,,,,,1,1,3,1.0,3
201300011510,0013-03-30 16:50:00,13,3,30,16,50,70,186,INDUSTRIE (AVENUE DE L'),,,Plein jour,En agglomération,Giratoire,Pluie forte,Deux véhicules - côté,,,,,,,,,,,1,2,6,3.0,3
201300011511,0013-06-24 17:45:00,13,6,24,17,45,70,72,CHASSAGNE (BAS),,,Plein jour,Hors agglomération,Hors intersection,Normale,Deux véhicules - côté,,,,,,,,,,,1,1,1,1.0,3
201300011512,0013-07-13 19:15:00,13,7,13,19,15,70,8,"287, BLACHES  ( QUARTIER",,,Plein jour,En agglomération,Hors intersection,Temps éblouissant,Deux véhicules - côté,,,,,,,,,,,1,2,1,7.0,3
201300011513,0013-07-12 11:30:00,13,7,12,11,30,70,186,"5, CHOMERAC (AVENUE DE)",,,Plein jour,En agglomération,Intersection en Y,Normale,Deux véhicules - côté,,,,,,,,,,,1,2,4,1.0,3
201300011514,0013-09-07 10:15:00,13,9,7,10,15,70,186,"416, PASTE (BLD. DE)",,,Plein jour,En agglomération,Hors intersection,Pluie légère,Autre collision,,,,,,,,,,,1,2,1,2.0,6
201300011515,0013-07-13 16:00:00,13,7,13,16,0,340,259,,,,Plein jour,Hors agglomération,Hors intersection,Normale,Sans collision,,,,,,,,,,,1,1,1,1.0,7
201300011516,0013-07-27 17:15:00,13,7,27,17,15,340,259,,,,Plein jour,Hors agglomération,Hors intersection,Normale,Deux véhicules - côté,,,,,,,,,,,1,1,1,1.0,3
201300011517,0013-04-11 11:30:00,13,4,11,11,30,350,334,ZA BELLEVUE,48.15212,-1.58598,Plein jour,En agglomération,Hors intersection,Normale,Deux véhicules - côté,,,,,,,,,,,1,2,1,1.0,3
201300011518,0013-06-28 18:00:00,13,6,28,18,0,350,51,,48.14006,-1.62766,Plein jour,Hors agglomération,Giratoire,Normale,Deux véhicules - côté,,,,,,,,,,,1,1,6,1.0,3
201300011519,0013-07-18 09:30:00,13,7,18,9,30,350,51,,48.11447,-1.5604,Plein jour,Hors agglomération,Hors intersection,Normale,Trois véhicules et plus - collisions multiples,,,,,,,,,,,1,1,1,1.0,5
201300011520,0013-01-11 16:45:00,13,1,11,16,45,110,151,,43.194,2.474,Plein jour,Hors agglomération,Hors intersection,Temps éblouissant,Deux véhicules - frontale,,,,,,,,,,,1,1,1,7.0,1
201300011521,0013-06-14 10:15:00,13,6,14,10,15,110,68,,,,Plein jour,Hors agglomération,Hors intersection,Normale,Trois véhicules et plus - collisions multiples,,,,,,,,,,,1,1,1,1.0,5
201300011522,0013-07-11 01:15:00,13,7,11,1,15,110,151,,,,Nuit sans éclairage public,Hors agglomération,Hors intersection,Normale,Autre collision,,,,,,,,,,,3,1,1,1.0,6
201300011523,0013-08-19 08:45:00,13,8,19,8,45,110,261,,,,Plein jour,Hors agglomération,Hors intersection,Normale,Deux véhicules - côté,,,,,,,,,,,1,1,1,1.0,3
201300011524,0013-09-08 21:30:00,13,9,8,21,30,110,397,,43.203,2.494,Nuit sans éclairage public,Hors agglomération,Hors intersection,Normale,Autre collision,,,,,,,,,,,3,1,1,1.0,6
201300011525,0013-10-11 08:30:00,13,10,11,8,30,110,88,rue victor hugo,43.178,2.377,Plein jour,En agglomération,Hors intersection,Normale,Autre collision,,,,,,,,,,,1,2,1,1.0,6
201300011526,0013-10-30 00:30:00,13,10,30,0,30,110,272,36 las ortas,43.175,2.393,Nuit avec éclairage allumé,En agglomération,Hors intersection,Normale,Autre collision,,,,,,,,,,,5,2,1,1.0,6
201300011527,0013-12-01 08:00:00,13,12,1,8,0,110,397,,43.207,2.415,Crépuscule ou aube,Hors agglomération,Hors intersection,Normale,Sans collision,,,,,,,,,,,2,1,1,1.0,7
201300011528,0013-12-25 12:45:00,13,12,25,12,45,110,397,,,,Plein jour,Hors agglomération,Hors intersection,Normale,Deux véhicules - frontale,,,,,,,,,,,1,1,1,1.0,1
201300011529,0013-03-01 13:45:00,13,3,1,13,45,230,227,,45.931,1.842,Plein jour,Hors agglomération,Hors intersection,Normale,Deux véhicules - côté,,,,,,,,,,,1,1,1,1.0,3