accident_id,datetime,annee,mois,jour,heure,minute,departement,commune_insee,adresse,latitude,longitude,luminosite,agglomeration,intersection,meteo,collision,nb_vehicules,nb_usagers,nb_indemnes,nb_tues,nb_blesses_hosp,nb_blesses_legers,age_cond_1,age_cond_2,veh_type_cond_1,veh_type_cond_2,lum_code,agg_code,int_code,atm_code,col_code
201300011671,0013-08-28 16:15:00,13,8,28,16,15,710,542,,46.71294,4.13271,Plein jour,Hors agglomération,Hors intersection,Temps éblouissant,Deux véhicules - côté,,,,,,,,,,,1,1,1,7.0,3
201300011672,0013-11-25 13:30:00,13,11,25,13,30,710,335,,46.36241,4.31284,Plein jour,Hors agglomération,Hors intersection,Normale,Autre collision,,,,,,,,,,,1,1,1,1.0,6
201300011673,0013-07-20 00:15:00,13,7,20,0,15,250,56,,,,Nuit sans éclairage public,Hors agglomération,Hors intersection,Normale,Trois véhicules et plus - collisions multiples,,,,,,,,,,,3,1,1,1.0,5
201300011674,0013-01-29 12:45:00,13,1,29,12,45,760,484,,49.33943,1.06931,Plein jour,Hors agglomération,Hors intersection,Normale,Sans collision,,,,,,,,,,,1,1,1,1.0,7
201300011675,0013-02-08 17:15:00,13,2,8,17,15,760,682,,49.31797,1.1054,Plein jour,Hors agglomération,Hors intersection,Normale,Deux véhicules - arrière,,,,,,,,,,,1,1,1,1.0,2
201300011676,0013-03-22 08:30:00,13,3,22,8,30,760,391,,49.34157,0.93161,Plein jour,Hors agglomération,Hors intersection,Normale,Autre collision,,,,,,,,,,,1,1,1,1.0,6
201300011677,0013-07-19 09:00:00,13,7,19,9,0,270,497,,49.374,0.722,Plein jour,Hors agglomération,Hors intersection,Normale,Autre collision,,,,,,,,,,,1,1,1,1.0,6
201300011678,0013-07-25 19:30:00,13,7,25,19,30,270,656,,49.205,0.261,Plein jour,Hors agglomération,Hors intersection,Normale,Autre collision,,,,,,,,,,,1,1,1,1.0,6
201300011679,0013-08-06 20:15:00,13,8,6,20,15,270,228,,,,Plein jour,Hors agglomération,Hors intersection,Normale,Autre collision,,,,,,,,,,,1,1,1,1.0,6
201300011680,0013-08-15 15:45:00,13,8,15,15,45,270,65,,,,Plein jour,Hors agglomération,Hors intersection,Normale,Deux véhicules - arrière,,,,,,,,,,,1,1,1,1.0,2
201300011681,0013-09-07 13:30:00,13,9,7,13,30,270,340,,,,Plein jour,Hors agglomération,Hors intersection,Normale,Deux véhicules - arrière,,,,,,,,,,,1,1,1,1.0,2
201300011682,0013-10-12 10:00:00,13,10,12,10,0,270,227,,,,Plein jour,Hors agglomération,Hors intersection,Normale,Deux véhicules - côté,,,,,,,,,,,1,1,1,1.0,3
201300011683,0013-10-19 03:45:00,13,10,19,3,45,760,484,,49.33846,1.07111,Nuit sans éclairage public,Hors agglomération,Hors intersection,Normale,Autre collision,,,,,,,,,,,3,1,1,1.0,6
201300011684,0013-12-01 06:45:00,13,12,1,6,45,760,484,,49.34519,1.04054,Nuit sans éclairage public,Hors agglomération,Hors intersection,Normale,Autre collision,,,,,,,,,,,3,1,1,1.0,6
201300011685,0013-12-03 14:00:00,13,12,3,14,0,270,228,,49.377,0.686,Plein jour,Hors agglomération,Hors intersection,Brouillard / fumée,Autre collision,,,,,,,,,,,1,1,1,5.0,6
201300011686,0013-02-15 11:30:00,13,2,15,11,30,780,68,,49.042,1.46,Plein jour,Hors agglomération,Hors intersection,Normale,Deux véhicules - arrière,,,,,,,,,,,1,1,1,1.0,2
201300011687,0013-03-06 20:15:00,13,3,6,20,15,270,351,,49.272,1.138,Nuit sans éclairage public,Hors agglomération,Hors intersection,Pluie légère,Deux véhicules - frontale,,,,,,,,,,,3,1,1,2.0,1
201300011688,0013-03-22 19:30:00,13,3,22,19,30,270,351,,49.254,1.173,Nuit sans éclairage public,Hors agglomération,Hors intersection,Normale,Autre collision,,,,,,,,,,,3,1,1,1.0,6
201300011689,0013-05-10 07:45:00,13,5,10,7,45,270,612,,49.077,1.399,Plein jour,Hors agglomération,Hors intersection,Normale,Autre collision,,,,,,,,,,,1,1,1,1.0,6
201300011690,0013-05-16 14:15:00,13,5,16,14,15,780,668,,,,Plein jour,Hors agglomération,Hors intersection,Normale,Deux véhicules - arrière,,,,,,,,,,,1,1,1,1.0,2
201300011691,0013-06-11 16:15:00,13,6,11,16,15,270,203,,49.064,1.428,Plein jour,Hors agglomération,Hors intersection,Normale,Sans collision,,,,,,,,,,,1,1,1,1.0,7
201300011692,0013-07-10 07:45:00,13,7,10,7,45,270,188,,49.308,1.118,Plein jour,Hors agglomération,Autre intersection,Normale,Autre collision,,,,,,,,,,,1,1,9,1.0,6
201300011693,0013-08-03 00:30:00,13,8,3,0,30,270,203,,49.05,1.45,Nuit sans éclairage public,Hors agglomération,Hors intersection,Normale,Autre collision,,,,,,,,,,,3,1,1,1.0,6
201300011694,0013-08-31 07:15:00,13,8,31,7,15,270,332,,49.196,1.233,Plein jour,Hors agglomération,Hors intersection,Normale,Autre collision,,,,,,,,,,,1,1,1,1.0,6
201300011695,0013-10-03 16:15:00,13,10,3,16,15,270,701,,49.238,1.201,Plein jour,Hors agglomération,Hors intersection,Normale,Deux véhicules - arrière,,,,,,,,,,,1,1,1,1.0,2
201300011696,0013-12-25 16:45:00,13,12,25,16,45,270,701,,49.251,1.18,Plein jour,Hors agglomération,Hors intersection,Normale,Autre collision,,,,,,,,,,,1,1,1,1.0,6
201300011697,0013-12-22 16:45:00,13,12,22,16,45,780,531,,48.998,1.625,Plein jour,Hors agglomération,Hors intersection,Pluie légère,Autre collision,,,,,,,,,,,1,1,1,2.0,6
201300011698,0013-01-20 19:45:00,13,1,20,19,45,600,254,,,,Nuit sans éclairage public,Hors agglomération,Hors intersection,Temps couvert,Deux véhicules - frontale,,,,,,,,,,,3,1,1,8.0,1
201300011699,0013-02-03 08:30:00,13,2,3,8,30,600,71,,,,Plein jour,Hors agglomération,Hors intersection,Normale,Autre collision,,,,,,,,,,,1,1,1,1.0,6
201300011700,0013-02-12 04:45:00,13,2,12,4,45,600,125,,,,Nuit sans éclairage public,Hors agglomération,Hors intersection,Normale,Deux véhicules - arrière,,,,,,,,,,,3,1,1,1.0,2
201300011701,0013-02-18 15:15:00,13,2,18,15,15,600,19,,,,Plein jour,Hors agglomération,Hors intersection,Normale,Deux véhicules - arrière,,,,,,,,,,,1,1,1,1.0,2
201300011702,0013-03-05 00:15:00,13,3,5,0,15,600,100,,,,Nuit sans éclairage public,Hors agglomération,Hors intersection,Normale,Sans collision,,,,,,,,,,,3,1,1,1.0,7
201300011703,0013-03-20 02:15:00,13,3,20,2,15,600,531,,,,Nuit sans éclairage public,Hors agglomération,Hors intersection,Normale,Deux véhicules - arrière,,,,,,,,,,,3,1,1,1.0,2
201300011704,0013-04-06 09:45:00,13,4,6,9,45,600,533,,,,Plein jour,Hors agglomération,Hors intersection,Normale,Deux véhicules - côté,,,,,,,,,,,1,1,1,1.0,3
201300011705,0013-04-08 16:30:00,13,4,8,16,30,600,19,,,,Plein jour,Hors agglomération,Hors intersection,Normale,Deux véhicules - arrière,,,,,,,,,,,1,1,1,1.0,2
201300011706,0013-06-19 23:15:00,13,6,19,23,15,600,125,,,,Nuit sans éclairage public,Hors agglomération,Hors intersection,Pluie légère,Autre collision,,,,,,,,,,,3,1,1,2.0,6
201300011707,0013-07-01 00:01:00,13,7,1,0,1,600,538,,,,Nuit sans éclairage public,Hors agglomération,Hors intersection,Normale,Trois véhicules et plus - collisions multiples,,,,,,,,,,,3,1,1,1.0,5
201300011708,0013-07-06 16:00:00,13,7,6,16,0,600,424,,,,Plein jour,Hors agglomération,Hors intersection,Normale,Deux véhicules - arrière,,,,,,,,,,,1,1,1,1.0,2
201300011709,0013-07-18 08:15:00,13,7,18,8,15,600,138,,,,Plein jour,Hors agglomération,Hors intersection,Normale,Trois véhicules et plus - collisions multiples,,,,,,,,,,,1,1,1,1.0,5
201300011710,0013-08-08 17:30:00,13,8,8,17,30,600,541,,,,Plein jour,Hors agglomération,Hors intersection,Normale,Deux véhicules - arrière,,,,,,,,,,,1,1,1,1.0,2
201300011711,0013-09-06 06:45:00,13,9,6,6,45,600,508,,,,Crépuscule ou aube,Hors agglomération,Hors intersection,Normale,Deux véhicules - arrière,,,,,,,,,,,2,1,1,1.0,2
201300011712,0013-09-28 02:45:00,13,9,28,2,45,600,100,,,,Nuit sans éclairage public,Hors agglomération,Hors intersection,Normale,Deux véhicules - arrière,,,,,,,,,,,3,1,1,1.0,2
201300011713,0013-10-02 14:45:00,13,10,2,14,45,600,138,,,,Plein jour,Hors agglomération,Hors intersection,Normale,Autre collision,,,,,,,,,,,1,1,1,1.0,6
201300011714,0013-10-21 18:00:00,13,10,21,18,0,600,558,,,,Plein jour,Hors agglomération,Hors intersection,Normale,Deux véhicules - arrière,,,,,,,,,,,1,1,1,1.0,2
201300011715,0013-11-11 23:15:00,13,11,11,23,15,600,541,,,,Nuit sans éclairage public,Hors agglomération,Hors intersection,Normale,Autre collision,,,,,,,,,,,3,1,1,1.0,6
201300011716,0013-12-01 11:15:00,13,12,1,11,15,600,138,,,,Plein jour,Hors agglomération,Hors intersection,Normale,Sans collision,,,,,,,,,,,1,1,1,1.0,7
201300011717,0013-03-01 20:30:00,13,3,1,20,30,210,27,,,,Nuit sans éclairage public,Hors agglomération,Hors intersection,Normale,Deux véhicules - côté,,,,,,,,,,,3,1,1,1.0,3
201300011718,0013-04-01 18:15:00,13,4,1,18,15,210,227,,47.657,4.572,Plein jour,Hors agglomération,Hors intersection,Normale,Sans collision,,,,,,,,,,,1,1,1,1.0,7
201300011719,0013-04-25 17:30:00,13,4,25,17,30,210,27,,47.404,5.041,Plein jour,Hors agglomération,Hors intersection,Normale,Deux véhicules - côté,,,,,,,,,,,1,1,1,1.0,3
201300011720,0013-07-12 13:00:00,13,7,12,13,0,210,142,Hameau de Courceau,,,Plein jour,En agglomération,Hors intersection,Normale,Deux véhicules - côté,,,,,,,,,,,1,2,1,1.0,3
201300011721,0013-08-05 19:30:00,13,8,5,19,30,210,408,,47.428,4.971,Plein jour,Hors agglomération,Hors intersection,Normale,Deux véhicules - frontale,,,,,,,,,,,1,1,1,1.0,1
201300011722,0013-09-24 08:00:00,13,9,24,8,0,210,27,,47.378,5.037,Plein jour,Hors agglomération,Hors intersection,Normale,Deux véhicules - côté,,,,,,,,,,,1,1,1,1.0,3
201300011723,0013-01-29 07:00:00,13,1,29,7,0,690,206,,,,Crépuscule ou aube,Hors agglomération,Hors intersection,Normale,Trois véhicules et plus - en chaîne,,,,,,,,,,,2,1,1,1.0,4
201300011724,0013-03-23 07:30:00,13,3,23,7,30,690,13,,,,Crépuscule ou aube,Hors agglomération,Hors intersection,Pluie légère,Deux véhicules - arrière,,,,,,,,,,,2,1,1,2.0,2
201300011725,0013-07-26 12:15:00,13,7,26,12,15,690,242,,,,Plein jour,Hors agglomération,Hors intersection,Normale,Autre collision,,,,,,,,,,,1,1,1,1.0,6
201300011726,0013-08-28 07:00:00,13,8,28,7,0,690,206,,,,Plein jour,Hors agglomération,Hors intersection,Normale,Deux véhicules - côté,,,,,,,,,,,1,1,1,1.0,3
201300011727,0013-08-30 07:00:00,13,8,30,7,0,690,242,,,,Plein jour,Hors agglomération,Hors intersection,Normale,Deux véhicules - arrière,,,,,,,,,,,1,1,1,1.0,2
201300011728,0013-11-06 07:45:00,13,11,6,7,45,690,242,,,,Crépuscule ou aube,Hors agglomération,Hors intersection,Pluie forte,Sans collision,,,,,,,,,,,2,1,1,3.0,7
201300011729,0013-12-16 02:00:00,13,12,16,2,0,690,242,,,,Nuit sans éclairage public,Hors agglomération,Hors intersection,Normale,Sans collision,,,,,,,,,,,3,1,1,1.0,7
201300011730,0013-12-30 18:15:00,13,12,30,18,15,690,19,,,,Nuit sans éclairage public,Hors agglomération,Hors intersection,Normale,Autre collision,,,,,,,,,,,3,1,1,1.0,6
201300011731,0013-11-14 06:30:00,13,11,14,6,30,590,492,Autoroute,50.2087,3.22885,Nuit sans éclairage public,Hors agglomération,Hors intersection,Autre,Deux véhicules - arrière,,,,,,,,,,,3,1,1,9.0,2
201300011732,0013-01-06 09:45:00,13,1,6,9,45,380,381,,45.565,5.472,Plein jour,Hors agglomération,Hors intersection,Normale,Sans collision,,,,,,,,,,,1,1,1,1.0,7
201300011733,0013-02-22 19:30:00,13,2,22,19,30,380,530,A43 PK0027+0800,45.6169,5.19249,Nuit sans éclairage public,Hors agglomération,Hors intersection,Normale,Deux véhicules - côté,,,,,,,,,,,3,1,1,1.0,3
201300011734,0013-02-23 23:00:00,13,2,23,23,0,380,193,,45.6128,5.21112,Nuit sans éclairage public,Hors agglomération,Hors intersection,Neige / grêle,Sans collision,,,,,,,,,,,3,1,1,4.0,7
201300011735,0013-04-08 15:00:00,13,4,8,15,0,380,53,,45.613,5.234,Plein jour,Hors agglomération,Hors intersection,Temps couvert,Deux véhicules - arrière,,,,,,,,,,,1,1,1,8.0,2
201300011736,0013-05-16 22:45:00,13,5,16,22,45,380,53,,,,Nuit sans éclairage public,Hors agglomération,Hors intersection,Pluie forte,Trois véhicules et plus - collisions multiples,,,,,,,,,,,3,1,1,3.0,5
201300011737,0013-08-26 01:00:00,13,8,26,1,0,380,530,,45.629,5.178,Nuit sans éclairage public,Hors agglomération,Hors intersection,Normale,Deux véhicules - frontale,,,,,,,,,,,3,1,1,1.0,1
201300011738,0013-11-02 14:30:00,13,11,2,14,30,380,537,,,,Plein jour,Hors agglomération,Hors intersection,Temps couvert,Deux véhicules - frontale,,,,,,,,,,,1,1,1,8.0,1
201300011739,0013-12-08 01:00:00,13,12,8,1,0,380,348,,,,Nuit sans éclairage public,Hors agglomération,Hors intersection,Normale,Autre collision,,,,,,,,,,,3,1,1,1.0,6
201300011740,0013-12-09 07:15:00,13,12,9,7,15,380,537,,,,Crépuscule ou aube,Hors agglomération,Autre intersection,Normale,Autre collision,,,,,,,,,,,2,1,9,1.0,6
201300011741,0013-12-27 07:45:00,13,12,27,7,45,380,553,,,,Plein jour,Hors agglomération,Hors intersection,Temps couvert,Sans collision,,,,,,,,,,,1,1,1,8.0,7
201300011742,0013-12-27 20:00:00,13,12,27,20,0,380,537,,,,Nuit sans éclairage public,Hors agglomération,Hors intersection,Normale,Trois véhicules et plus - collisions multiples,,,,,,,,,,,3,1,1,1.0,5
201300011743,0013-03-08 15:00:00,13,3,8,15,0,680,278,,,,Plein jour,Hors agglomération,Hors intersection,Normale,Deux véhicules - frontale,,,,,,,,,,,1,1,1,1.0,1
201300011744,0013-04-29 22:30:00,13,4,29,22,30,680,278,rue ile Napol?on,,,Nuit avec éclairage allumé,En agglomération,Hors intersection,Normale,Deux véhicules - frontale,,,,,,,,,,,5,2,1,1.0,1
201300011745,0013-05-19 13:15:00,13,5,19,13,15,680,118,123 rue du gnl de Gaulle,,,Plein jour,En agglomération,Hors intersection,Normale,Deux véhicules - frontale,,,,,,,,,,,1,2,1,1.0,1
201300011746,0013-08-05 10:30:00,13,8,5,10,30,680,278,,,,Plein jour,Hors agglomération,Hors intersection,Normale,Deux véhicules - arrière,,,,,,,,,,,1,1,1,1.0,2
201300011747,0013-12-14 05:00:00,13,12,14,5,0,680,84,rue de Mulhouse,,,Nuit avec éclairage allumé,En agglomération,Autre intersection,Normale,Autre collision,,,,,,,,,,,5,2,9,1.0,6
201300011748,0013-02-15 19:45:00,13,2,15,19,45,950,580,RD 317,49.0901,2.5304,Plein jour,Hors agglomération,Hors intersection,Normale,Deux véhicules - côté,,,,,,,,,,,1,1,1,1.0,3
201300011749,0013-03-11 16:45:00,13,3,11,16,45,950,250,AV DE BEAUMONT,49.1026,2.5176,Plein jour,En agglomération,Hors intersection,Pluie forte,Deux véhicules - arrière,,,,,,,,,,,1,2,1,3.0,2
201300011750,0013-04-19 08:30:00,13,4,19,8,30,950,580,RD 16,49.0857,2.5435,Crépuscule ou aube,Hors agglomération,Hors intersection,Normale,Deux véhicules - frontale,,,,,,,,,,,2,1,1,1.0,1
201300011751,0013-04-21 10:15:00,13,4,21,10,15,950,604,R JEAN JAURES,49.0976,2.5466,Plein jour,En agglomération,Hors intersection,Normale,Deux véhicules - arrière,,,,,,,,,,,1,2,1,1.0,2
201300011752,0013-06-18 18:45:00,13,6,18,18,45,950,604,RD 317,49.1095,2.5321,Plein jour,Hors agglomération,Hors intersection,Normale,Deux véhicules - côté,,,,,,,,,,,1,1,1,1.0,3
201300011753,0013-07-31 19:00:00,13,7,31,19,0,950,604,R DE LA GARE,49.0985,2.5379,Plein jour,En agglomération,Hors intersection,Normale,Trois véhicules et plus - collisions multiples,,,,,,,,,,,1,2,1,1.0,5
201300011754,0013-09-14 20:00:00,13,9,14,20,0,950,580,RD 16,49.095,2.531,Crépuscule ou aube,Hors agglomération,Hors intersection,Pluie légère,Trois véhicules et plus - en chaîne,,,,,,,,,,,2,1,1,2.0,4
201300011755,0013-09-19 08:15:00,13,9,19,8,15,950,250,R DE LA PRAIRIE ROCOURT,49.0959,2.4909,Plein jour,En agglomération,Hors intersection,Temps couvert,Trois véhicules et plus - collisions multiples,,,,,,,,,,,1,2,1,8.0,5
201300011756,0013-10-20 08:45:00,13,10,20,8,45,950,371,R GABRIEL PERI,49.0732,2.4988,Plein jour,Hors agglomération,Hors intersection,Normale,Deux véhicules - frontale,,,,,,,,,,,1,1,1,1.0,1
201300011757,0013-10-22 11:30:00,13,10,22,11,30,950,371,R GABRIEL PERI,49.0779,2.4991,Plein jour,En agglomération,Hors intersection,Normale,Deux véhicules - frontale,,,,,,,,,,,1,2,1,1.0,1
201300011758,0013-09-14 07:30:00,13,9,14,7,30,760,502,,49.54554,1.24177,Crépuscule ou aube,Hors agglomération,Hors intersection,Pluie légère,Deux véhicules - arrière,,,,,,,,,,,2,1,1,2.0,2
201300011759,0013-09-27 16:30:00,13,9,27,16,30,760,705,,49.33354,1.08022,Plein jour,Hors agglomération,Hors intersection,Normale,Deux véhicules - arrière,,,,,,,,,,,1,1,1,1.0,2
201300011760,0013-12-22 15:00:00,13,12,22,15,0,760,547,,49.56645,1.27326,Plein jour,Hors agglomération,Hors intersection,Normale,Autre collision,,,,,,,,,,,1,1,1,1.0,6
201300011761,0013-08-04 00:30:00,13,8,4,0,30,170,396,RUE DE L'AUNIS FACE N?33,46.22166,-0.88361,Nuit avec éclairage non allumé,En agglomération,Hors intersection,Normale,Autre collision,,,,,,,,,,,4,2,1,1.0,6
201300011762,0013-09-08 10:30:00,13,9,8,10,30,170,394,,46.14713,-0.64317,Plein jour,Hors agglomération,Intersection en X,Normale,Deux véhicules - côté,,,,,,,,,,,1,1,2,1.0,3
201300011763,0013-08-05 07:00:00,13,8,5,7,0,170,280,,45.84811,-0.71892,Crépuscule ou aube,Hors agglomération,Hors intersection,Normale,Autre collision,,,,,,,,,,,2,1,1,1.0,6
201300011764,0013-08-23 16:30:00,13,8,23,16,30,170,213,,46.04038,-0.53683,Plein jour,Hors agglomération,Hors intersection,Normale,Autre collision,,,,,,,,,,,1,1,1,1.0,6
201300011765,0013-12-01 02:15:00,13,12,1,2,15,170,465,,45.95819,-0.55319,Nuit sans éclairage public,Hors agglomération,Hors intersection,Normale,Trois véhicules et plus - en chaîne,,,,,,,,,,,3,1,1,1.0,4
201300011766,0013-01-25 07:30:00,13,1,25,7,30,310,116,rue de l'aste,43.6866,1.44171,Crépuscule ou aube,En agglomération,Hors intersection,Normale,Deux véhicules - côté,,,,,,,,,,,2,2,1,1.0,3
201300011767,0013-02-17 10:45:00,13,2,17,10,45,310,282,,,,Plein jour,Hors agglomération,Hors intersection,Normale,Autre collision,,,,,,,,,,,1,1,1,1.0,6
201300011768,0013-06-16 08:15:00,13,6,16,8,15,310,116,,,,Plein jour,Hors agglomération,Hors intersection,Normale,Deux véhicules - frontale,,,,,,,,,,,1,1,1,1.0,1
201300011769,0013-07-28 19:15:00,13,7,28,19,15,310,282,CHEMIN DE VIREBENT,43.6658,1.44138,Plein jour,En agglomération,Hors intersection,Pluie forte,Deux véhicules - frontale,,,,,,,,,,,1,2,1,3.0,1
201300011770,0013-02-16 13:30:00,13,2,16,13,30,830,140,,,,Plein jour,Hors agglomération,Hors intersection,Normale,Deux véhicules - côté,,,,,,,,,,,1,1,1,1.0,3
201300011771,0013-02-21 17:00:00,13,2,21,17,0,830,140,,,,Plein jour,Hors agglomération,Hors intersection,Normale,Autre collision,,,,,,,,,,,1,1,1,1.0,6
201300011772,0013-03-02 11:30:00,13,3,2,11,30,830,23,,,,Plein jour,Hors agglomération,Autre intersection,Normale,Autre collision,,,,,,,,,,,1,1,9,1.0,6
201300011773,0013-04-12 18:30:00,13,4,12,18,30,130,87,,,,Plein jour,Hors agglomération,Hors intersection,Normale,Deux véhicules - arrière,,,,,,,,,,,1,1,1,1.0,2
201300011774,0013-04-15 21:00:00,13,4,15,21,0,830,140,,,,Nuit sans éclairage public,Hors agglomération,Hors intersection,Normale,Trois véhicules et plus - collisions multiples,,,,,,,,,,,3,1,1,1.0,5
201300011775,0013-05-22 16:30:00,13,5,22,16,30,130,110,,,,Plein jour,Hors agglomération,Hors intersection,Normale,Autre collision,,,,,,,,,,,1,1,1,1.0,6
201300011776,0013-05-27 11:30:00,13,5,27,11,30,830,116,,,,Plein jour,Hors agglomération,Hors intersection,Normale,Sans collision,,,,,,,,,,,1,1,1,1.0,7
201300011777,0013-08-11 19:45:00,13,8,11,19,45,830,140,,,,Plein jour,Hors agglomération,Hors intersection,Normale,Sans collision,,,,,,,,,,,1,1,1,1.0,7
201300011778,0013-08-21 22:30:00,13,8,21,22,30,830,96,,,,Nuit sans éclairage public,Hors agglomération,Hors intersection,Normale,Deux véhicules - côté,,,,,,,,,,,3,1,1,1.0,3
201300011779,0013-08-23 21:00:00,13,8,23,21,0,830,116,,,,Nuit sans éclairage public,Hors agglomération,Hors intersection,Normale,Trois véhicules et plus - collisions multiples,,,,,,,,,,,3,1,1,1.0,5
201300011780,0013-08-26 05:45:00,13,8,26,5,45,830,116,,,,Nuit sans éclairage public,Hors agglomération,Hors intersection,Normale,Deux véhicules - arrière,,,,,,,,,,,3,1,1,1.0,2
201300011781,0013-08-26 19:15:00,13,8,26,19,15,830,116,,,,Plein jour,Hors agglomération,Hors intersection,Normale,Autre collision,,,,,,,,,,,1,1,1,1.0,6
201300011782,0013-09-01 10:15:00,13,9,1,10,15,830,116,,,,Plein jour,Hors agglomération,Hors intersection,Normale,Autre collision,,,,,,,,,,,1,1,1,1.0,6
201300011783,0013-02-08 17:00:00,13,2,8,17,0,740,21,,,,Plein jour,Hors agglomération,Hors intersection,Normale,Trois véhicules et plus - en chaîne,,,,,,,,,,,1,1,1,1.0,4
201300011784,0013-04-14 09:30:00,13,4,14,9,30,740,197,,,,Plein jour,Hors agglomération,Hors intersection,Normale,Autre collision,,,,,,,,,,,1,1,1,1.0,6
201300011785,0013-04-24 15:15:00,13,4,24,15,15,740,118,,,,Plein jour,Hors agglomération,Hors intersection,Normale,Autre collision,,,,,,,,,,,1,1,1,1.0,6
201300011786,0013-06-05 13:00:00,13,6,5,13,0,740,197,PEAGE,,,Plein jour,Hors agglomération,Hors intersection,Normale,Deux véhicules - arrière,,,,,,,,,,,1,1,1,1.0,2
201300011787,0013-07-25 09:15:00,13,7,25,9,15,740,256,,45.943,6.643,Plein jour,Hors agglomération,Hors intersection,Normale,Deux véhicules - arrière,,,,,,,,,,,1,1,1,1.0,2
201300011788,0013-08-29 14:15:00,13,8,29,14,15,740,197,,,,Plein jour,Hors agglomération,Hors intersection,Normale,Deux véhicules - arrière,,,,,,,,,,,1,1,1,1.0,2
201300011789,0013-01-06 19:00:00,13,1,6,19,0,340,22,,43.65667,3.99607,Nuit sans éclairage public,Hors agglomération,Hors intersection,Normale,Deux véhicules - côté,,,,,,,,,,,3,1,1,1.0,3
201300011790,0013-01-12 20:30:00,13,1,12,20,30,300,34,,43.7385,4.45978,Nuit sans éclairage public,Hors agglomération,Hors intersection,Pluie légère,Deux véhicules - arrière,,,,,,,,,,,3,1,1,2.0,2
201300011791,0013-02-07 21:30:00,13,2,7,21,30,300,123,,43.72708,4.18214,Nuit avec éclairage allumé,Hors agglomération,Hors intersection,Normale,Deux véhicules - arrière,,,,,,,,,,,5,1,1,1.0,2
201300011792,0013-02-08 06:45:00,13,2,8,6,45,340,146,,43.69465,4.08403,Nuit sans éclairage public,Hors agglomération,Hors intersection,Normale,Deux véhicules - arrière,,,,,,,,,,,3,1,1,1.0,2
201300011793,0013-02-15 04:00:00,13,2,15,4,0,300,36,,43.78245,4.29135,Nuit sans éclairage public,Hors agglomération,Hors intersection,Normale,Trois véhicules et plus - collisions multiples,,,,,,,,,,,3,1,1,1.0,5
201300011794,0013-04-06 06:45:00,13,4,6,6,45,300,344,,43.75065,4.22558,Nuit sans éclairage public,Hors agglomération,Hors intersection,Pluie légère,Deux véhicules - frontale,,,,,,,,,,,3,1,1,2.0,1
201300011795,0013-04-22 05:30:00,13,4,22,5,30,300,123,,43.72443,4.16675,Nuit sans éclairage public,Hors agglomération,Hors intersection,Normale,Deux véhicules - arrière,,,,,,,,,,,3,1,1,1.0,2
201300011796,0013-04-29 16:15:00,13,4,29,16,15,300,36,,43.77669,4.28566,Plein jour,Hors agglomération,Hors intersection,Normale,Trois véhicules et plus - en chaîne,,,,,,,,,,,1,1,1,1.0,4
201300011797,0013-05-14 16:45:00,13,5,14,16,45,300,317,,43.91507,4.57301,Plein jour,Hors agglomération,Hors intersection,Normale,Deux véhicules - arrière,,,,,,,,,,,1,1,1,1.0,2
201300011798,0013-05-26 20:35:00,13,5,26,20,35,340,321,,43.68017,4.0394,Plein jour,Hors agglomération,Hors intersection,Normale,Deux véhicules - frontale,,,,,,,,,,,1,1,1,1.0,1
201300011799,0013-07-20 19:30:00,13,7,20,19,30,300,189,,43.80448,4.32723,Plein jour,Hors agglomération,Hors intersection,Normale,Sans collision,,,,,,,,,,,1,1,1,1.0,7
201300011800,0013-07-24 10:45:00,13,7,24,10,45,300,189,,43.80715,4.3579,Plein jour,Hors agglomération,Hors intersection,Normale,Trois véhicules et plus - en chaîne,,,,,,,,,,,1,1,1,1.0,4
201300011801,0013-07-28 10:45:00,13,7,28,10,45,300,123,,43.72441,4.16195,Plein jour,Hors agglomération,Hors intersection,Normale,Deux véhicules - frontale,,,,,,,,,,,1,1,1,1.0,1
201300011802,0013-08-18 10:45:00,13,8,18,10,45,300,344,,43.75031,4.22788,Plein jour,Hors agglomération,Hors intersection,Normale,Trois véhicules et plus - collisions multiples,,,,,,,,,,,1,1,1,1.0,5
201300011803,0013-08-23 14:00:00,13,8,23,14,0,300,145,,43.90037,4.52172,Plein jour,Hors agglomération,Hors intersection,Normale,Trois véhicules et plus - collisions multiples,,,,,,,,,,,1,1,1,1.0,5
201300011804,0013-09-01 07:30:00,13,9,1,7,30,300,123,,43.80642,4.36653,Plein jour,Hors agglomération,Hors intersection,Normale,Trois véhicules et plus - en chaîne,,,,,,,,,,,1,1,1,1.0,4