accident_id,datetime,annee,mois,jour,heure,minute,departement,commune_insee,adresse,latitude,longitude,luminosite,agglomeration,intersection,meteo,collision,nb_vehicules,nb_usagers,nb_indemnes,nb_tues,nb_blesses_hosp,nb_blesses_legers,age_cond_1,age_cond_2,veh_type_cond_1,veh_type_cond_2,lum_code,agg_code,int_code,atm_code,col_code
201300011805,0013-09-09 12:45:00,13,9,9,12,45,300,189,,43.79948,4.30986,Plein jour,Hors agglomération,Hors intersection,Normale,Deux véhicules - frontale,,,,,,,,,,,1,1,1,1.0,1
201300011806,0013-09-21 10:45:00,13,9,21,10,45,300,189,,43.81807,4.37148,Plein jour,Hors agglomération,Hors intersection,Normale,Deux véhicules - arrière,,,,,,,,,,,1,1,1,1.0,2
201300011807,0013-10-05 09:15:00,13,10,5,9,15,300,344,,43.74635,4.20252,Plein jour,Hors agglomération,Hors intersection,Brouillard / fumée,Autre collision,,,,,,,,,,,1,1,1,5.0,6
201300011808,0013-10-18 18:15:00,13,10,18,18,15,300,347,,43.74345,4.19896,Plein jour,Hors agglomération,Hors intersection,Temps couvert,Autre collision,,,,,,,,,,,1,1,1,8.0,6
201300011809,0013-11-04 20:45:00,13,11,4,20,45,300,145,,43.89983,4.51984,Nuit sans éclairage public,Hors agglomération,Hors intersection,Normale,Trois véhicules et plus - collisions multiples,,,,,,,,,,,3,1,1,1.0,5
201300011810,0013-11-04 23:45:00,13,11,4,23,45,300,189,,43.82529,4.38639,Nuit sans éclairage public,Hors agglomération,Hors intersection,Normale,Deux véhicules - frontale,,,,,,,,,,,3,1,1,1.0,1
201300011811,0013-11-12 23:00:00,13,11,12,23,0,340,172,,,,Nuit avec éclairage allumé,Hors agglomération,Hors intersection,Normale,Autre collision,,,,,,,,,,,5,1,1,1.0,6
201300011812,0013-01-10 05:45:00,13,1,10,5,45,110,441,,43.202,3.077,Nuit sans éclairage public,Hors agglomération,Hors intersection,Vent fort / tempête,Sans collision,,,,,,,,,,,3,1,1,6.0,7
201300011813,0013-03-15 14:30:00,13,3,15,14,30,110,144,,,,Plein jour,Hors agglomération,Hors intersection,Normale,Deux véhicules - côté,,,,,,,,,,,1,1,1,1.0,3
201300011814,0013-03-21 14:30:00,13,3,21,14,30,110,379,,,,Plein jour,Hors agglomération,Hors intersection,Normale,Deux véhicules - côté,,,,,,,,,,,1,1,1,1.0,3
201300011815,0013-04-03 08:00:00,13,4,3,8,0,110,441,,43.196,3.069,Plein jour,Hors agglomération,Hors intersection,Normale,Autre collision,,,,,,,,,,,1,1,1,1.0,6
201300011816,0013-06-24 13:00:00,13,6,24,13,0,110,262,,43.168,2.999,Plein jour,Hors agglomération,Hors intersection,Normale,Deux véhicules - arrière,,,,,,,,,,,1,1,1,1.0,2
201300011817,0013-07-19 18:30:00,13,7,19,18,30,110,40,,43.168,2.846,Plein jour,Hors agglomération,Hors intersection,Normale,Trois véhicules et plus - en chaîne,,,,,,,,,,,1,1,1,1.0,4
201300011818,0013-08-11 01:00:00,13,8,11,1,0,110,144,,,,Nuit sans éclairage public,Hors agglomération,Hors intersection,Normale,Autre collision,,,,,,,,,,,3,1,1,1.0,6
201300011819,0013-09-06 10:45:00,13,9,6,10,45,110,295,,43.08,2.938,Plein jour,Hors agglomération,Hors intersection,Normale,Autre collision,,,,,,,,,,,1,1,1,1.0,6
201300011820,0013-04-18 06:45:00,13,4,18,6,45,370,8,,,,Crépuscule ou aube,Hors agglomération,Intersection en T,Normale,Deux véhicules - côté,,,,,,,,,,,2,1,3,1.0,3
201300011821,0013-05-11 16:15:00,13,5,11,16,15,370,8,,,,Plein jour,Hors agglomération,Hors intersection,Normale,Deux véhicules - frontale,,,,,,,,,,,1,1,1,1.0,1
201300011822,0013-05-19 08:45:00,13,5,19,8,45,370,91,,,,Plein jour,Hors agglomération,Hors intersection,Normale,Deux véhicules - frontale,,,,,,,,,,,1,1,1,1.0,1
201300011823,0013-05-19 11:45:00,13,5,19,11,45,370,91,rue de Chenonceaux,,,Plein jour,En agglomération,Hors intersection,Normale,Deux véhicules - côté,,,,,,,,,,,1,2,1,1.0,3
201300011824,0013-08-26 18:45:00,13,8,26,18,45,370,267,,,,Plein jour,Hors agglomération,Hors intersection,Normale,Autre collision,,,,,,,,,,,1,1,1,1.0,6
201300011825,0013-11-02 13:30:00,13,11,2,13,30,370,156,4 RUE ALBERT BAILLET,,,Plein jour,En agglomération,Hors intersection,Normale,Deux véhicules - côté,,,,,,,,,,,1,2,1,1.0,3
201300011826,0013-11-24 19:00:00,13,11,24,19,0,370,8,,,,Nuit sans éclairage public,Hors agglomération,Hors intersection,Normale,Deux véhicules - frontale,,,,,,,,,,,3,1,1,1.0,1
201300011827,0013-01-07 12:45:00,13,1,7,12,45,450,8,,48.07214,1.84882,Plein jour,Hors agglomération,Hors intersection,Normale,Autre collision,,,,,,,,,,,1,1,1,1.0,6
201300011828,0013-01-28 12:00:00,13,1,28,12,0,280,311,,,,Plein jour,Hors agglomération,Hors intersection,Normale,Sans collision,,,,,,,,,,,1,1,1,1.0,7
201300011829,0013-02-22 17:45:00,13,2,22,17,45,280,2,,,,Plein jour,Hors agglomération,Hors intersection,Normale,Deux véhicules - arrière,,,,,,,,,,,1,1,1,1.0,2
201300011830,0013-04-08 17:00:00,13,4,8,17,0,450,93,,48.03355,1.84009,Plein jour,Hors agglomération,Hors intersection,Normale,Deux véhicules - arrière,,,,,,,,,,,1,1,1,1.0,2
201300011831,0013-04-14 07:15:00,13,4,14,7,15,280,276,,,,Plein jour,Hors agglomération,Hors intersection,Normale,Autre collision,,,,,,,,,,,1,1,1,1.0,6
201300011832,0013-05-19 08:15:00,13,5,19,8,15,450,8,,48.06601,1.84681,Plein jour,Hors agglomération,Hors intersection,Normale,Trois véhicules et plus - en chaîne,,,,,,,,,,,1,1,1,1.0,4
201300011833,0013-05-31 08:45:00,13,5,31,8,45,280,121,,,,Plein jour,Hors agglomération,Hors intersection,Normale,Deux véhicules - côté,,,,,,,,,,,1,1,1,1.0,3
201300011834,0013-06-02 17:15:00,13,6,2,17,15,280,121,,,,Plein jour,Hors agglomération,Hors intersection,Normale,Deux véhicules - frontale,,,,,,,,,,,1,1,1,1.0,1
201300011835,0013-06-04 07:00:00,13,6,4,7,0,280,2,,,,Plein jour,Hors agglomération,Hors intersection,Normale,Deux véhicules - arrière,,,,,,,,,,,1,1,1,1.0,2
201300011836,0013-06-14 18:00:00,13,6,14,18,0,450,20,,47.83798,1.671,Plein jour,Hors agglomération,Hors intersection,Normale,Autre collision,,,,,,,,,,,1,1,1,1.0,6
201300011837,0013-06-22 08:45:00,13,6,22,8,45,280,367,,,,Plein jour,Hors agglomération,Hors intersection,Normale,Trois véhicules et plus - collisions multiples,,,,,,,,,,,1,1,1,1.0,5
201300011838,0013-07-18 11:15:00,13,7,18,11,15,450,93,,48.03246,1.83999,Plein jour,Hors agglomération,Hors intersection,Normale,Autre collision,,,,,,,,,,,1,1,1,1.0,6
201300011839,0013-09-05 14:15:00,13,9,5,14,15,450,344,,47.79401,1.60751,Plein jour,Hors agglomération,Hors intersection,Normale,Autre collision,,,,,,,,,,,1,1,1,1.0,6
201300011840,0013-10-08 04:30:00,13,10,8,4,30,280,303,,,,Nuit sans éclairage public,Hors agglomération,Hors intersection,Normale,Deux véhicules - frontale,,,,,,,,,,,3,1,1,1.0,1
201300011841,0013-10-26 09:45:00,13,10,26,9,45,450,6,,47.76709,1.85219,Plein jour,Hors agglomération,Hors intersection,Normale,Deux véhicules - arrière,,,,,,,,,,,1,1,1,1.0,2
201300011842,0013-11-13 14:15:00,13,11,13,14,15,280,367,,48.159,1.855,Plein jour,Hors agglomération,Hors intersection,Normale,Deux véhicules - frontale,,,,,,,,,,,1,1,1,1.0,1
201300011843,0013-12-02 14:45:00,13,12,2,14,45,450,317,,47.77089,1.57461,Plein jour,Hors agglomération,Hors intersection,Normale,Autre collision,,,,,,,,,,,1,1,1,1.0,6
201300011844,0013-12-22 01:30:00,13,12,22,1,30,450,317,,47.76373,1.56101,Nuit sans éclairage public,Hors agglomération,Hors intersection,Pluie légère,Autre collision,,,,,,,,,,,3,1,1,2.0,6
201300011845,0013-03-29 18:30:00,13,3,29,18,30,130,114,,43.53328,5.28066,Plein jour,Hors agglomération,Hors intersection,Normale,Autre collision,,,,,,,,,,,1,1,1,1.0,6
201300011846,0013-04-19 15:45:00,13,4,19,15,45,130,32,av. p?re sylvain giraud,43.57053,5.35599,Plein jour,En agglomération,Hors intersection,Normale,Deux véhicules - côté,,,,,,,,,,,1,2,1,1.0,3
201300011847,0013-06-03 18:15:00,13,6,3,18,15,130,114,,,,Plein jour,Hors agglomération,Hors intersection,Normale,Deux véhicules - côté,,,,,,,,,,,1,1,1,1.0,3
201300011848,0013-07-17 16:45:00,13,7,17,16,45,130,114,,43.54691,5.29052,Plein jour,Hors agglomération,Hors intersection,Normale,Sans collision,,,,,,,,,,,1,1,1,1.0,7
201300011849,0013-07-23 16:00:00,13,7,23,16,0,130,32,,,,Plein jour,Hors agglomération,Hors intersection,Normale,Sans collision,,,,,,,,,,,1,1,1,1.0,7
201300011850,0013-10-09 08:45:00,13,10,9,8,45,130,32,avenue paul magalon,,,Plein jour,En agglomération,Hors intersection,Normale,Autre collision,,,,,,,,,,,1,2,1,1.0,6
201300011851,0013-10-25 14:30:00,13,10,25,14,30,130,32,D17 ? hauteur La C?bo,43.56649,5.374,Plein jour,En agglomération,Hors intersection,Normale,Autre collision,,,,,,,,,,,1,2,1,1.0,6
201300011852,0013-03-05 07:15:00,13,3,5,7,15,670,472,,,,Crépuscule ou aube,Hors agglomération,Autre intersection,Normale,Deux véhicules - arrière,,,,,,,,,,,2,1,9,1.0,2
201300011853,0013-04-06 13:30:00,13,4,6,13,30,670,194,Rue de la gare,,,Plein jour,En agglomération,Place,Normale,Deux véhicules - côté,,,,,,,,,,,1,2,7,1.0,3
201300011854,0013-05-04 09:45:00,13,5,4,9,45,670,465,rue Roethe,,,Plein jour,En agglomération,Intersection en T,Pluie légère,Deux véhicules - côté,,,,,,,,,,,1,2,3,2.0,3
201300011855,0013-08-04 16:45:00,13,8,4,16,45,670,319,,,,Plein jour,Hors agglomération,Hors intersection,Normale,Trois véhicules et plus - collisions multiples,,,,,,,,,,,1,1,1,1.0,5
201300011856,0013-10-07 10:30:00,13,10,7,10,30,670,180,,,,Plein jour,Hors agglomération,Hors intersection,Pluie légère,Sans collision,,,,,,,,,,,1,1,1,2.0,7
201300011857,0013-10-15 16:30:00,13,10,15,16,30,670,194,route de Gambsheim,,,Plein jour,En agglomération,Hors intersection,Pluie forte,Deux véhicules - frontale,,,,,,,,,,,1,2,1,3.0,1
201300011858,0013-10-30 12:00:00,13,10,30,12,0,670,465,rue du stade,,,Nuit sans éclairage public,En agglomération,Hors intersection,Normale,Autre collision,,,,,,,,,,,3,2,1,1.0,6
201300011859,0013-01-02 08:45:00,13,1,2,8,45,210,54,BRETELLE A6 A 550M A6,47.0304,4.86967,Plein jour,Hors agglomération,Hors intersection,Autre,Autre collision,,,,,,,,,,,1,1,1,9.0,6
201300011860,0013-01-05 05:00:00,13,1,5,5,0,210,347,,47.0063,4.86264,Nuit sans éclairage public,Hors agglomération,Hors intersection,Normale,Autre collision,,,,,,,,,,,3,1,1,1.0,6
201300011861,0013-04-30 06:30:00,13,4,30,6,30,210,590,,47.0569,4.82694,Crépuscule ou aube,Hors agglomération,Hors intersection,Pluie légère,Autre collision,,,,,,,,,,,2,1,1,2.0,6
201300011862,0013-06-19 22:15:00,13,6,19,22,15,210,54,,47.00089,4.85938,Nuit sans éclairage public,Hors agglomération,Hors intersection,Pluie légère,Autre collision,,,,,,,,,,,3,1,1,2.0,6
201300011863,0013-08-04 13:00:00,13,8,4,13,0,210,347,,47.00336,4.8537,Plein jour,Hors agglomération,Hors intersection,Normale,Sans collision,,,,,,,,,,,1,1,1,1.0,7
201300011864,0013-08-18 14:45:00,13,8,18,14,45,210,423,,,,Plein jour,Hors agglomération,Hors intersection,Normale,Deux véhicules - arrière,,,,,,,,,,,1,1,1,1.0,2
201300011865,0013-10-21 21:00:00,13,10,21,21,0,390,29,,47.127,5.547,Nuit sans éclairage public,Hors agglomération,Hors intersection,Normale,Deux véhicules - arrière,,,,,,,,,,,3,1,1,1.0,2
201300011866,0013-01-15 09:45:00,13,1,15,9,45,730,239,,45.7836,5.96412,Plein jour,Hors agglomération,Hors intersection,Neige / grêle,Autre collision,,,,,,,,,,,1,1,1,4.0,6
201300011867,0013-02-04 22:00:00,13,2,4,22,0,730,239,,45.78766,5.96656,Nuit sans éclairage public,Hors agglomération,Hors intersection,Temps couvert,Deux véhicules - frontale,,,,,,,,,,,3,1,1,8.0,1
201300011868,0013-04-01 00:30:00,13,4,1,0,30,730,103,,45.67494,5.92917,Nuit sans éclairage public,Hors agglomération,Hors intersection,Normale,Deux véhicules - côté,,,,,,,,,,,3,1,1,1.0,3
201300011869,0013-04-29 16:45:00,13,4,29,16,45,730,128,,45.719,5.925,Plein jour,Hors agglomération,Hors intersection,Pluie légère,Autre collision,,,,,,,,,,,1,1,1,2.0,6
201300011870,0013-05-16 14:00:00,13,5,16,14,0,730,103,,45.67608,5.92984,Plein jour,Hors agglomération,Autre intersection,Pluie forte,Autre collision,,,,,,,,,,,1,1,9,3.0,6
201300011871,0013-05-30 11:15:00,13,5,30,11,15,730,128,,45.7058,5.92709,Plein jour,Hors agglomération,Hors intersection,Normale,Autre collision,,,,,,,,,,,1,1,1,1.0,6
201300011872,0013-07-16 20:00:00,13,7,16,20,0,730,179,,45.60272,5.87683,Plein jour,Hors agglomération,Hors intersection,Normale,Autre collision,,,,,,,,,,,1,1,1,1.0,6
201300011873,0013-07-17 20:00:00,13,7,17,20,0,730,182,,45.6961,5.93004,Crépuscule ou aube,Hors agglomération,Hors intersection,Pluie forte,Autre collision,,,,,,,,,,,2,1,1,3.0,6
201300011874,0013-07-18 09:00:00,13,7,18,9,0,730,65,,45.60885,5.88799,Plein jour,Hors agglomération,Hors intersection,Normale,Deux véhicules - arrière,,,,,,,,,,,1,1,1,1.0,2
201300011875,0013-12-25 14:00:00,13,12,25,14,0,730,27,,45.566,5.762,Plein jour,Hors agglomération,Hors intersection,Pluie forte,Autre collision,,,,,,,,,,,1,1,1,3.0,6
201300011876,0013-03-30 08:15:00,13,3,30,8,15,740,307,,,,Plein jour,Hors agglomération,Hors intersection,Normale,Deux véhicules - frontale,,,,,,,,,,,1,1,1,1.0,1
201300011877,0013-05-25 16:00:00,13,5,25,16,0,740,224,,,,Plein jour,Hors agglomération,Hors intersection,Neige / grêle,Trois véhicules et plus - collisions multiples,,,,,,,,,,,1,1,1,4.0,5
201300011878,0013-07-12 01:15:00,13,7,12,1,15,740,61,,45.87,6.06,Nuit sans éclairage public,Hors agglomération,Hors intersection,Normale,Sans collision,,,,,,,,,,,3,1,1,1.0,7
201300011879,0013-09-15 21:00:00,13,9,15,21,0,740,120,,,,Nuit sans éclairage public,Hors agglomération,Hors intersection,Temps couvert,Autre collision,,,,,,,,,,,3,1,1,8.0,6
201300011880,0013-02-08 08:00:00,13,2,8,8,0,380,257,,45.466,5.402,Plein jour,Hors agglomération,Hors intersection,Temps couvert,Autre collision,,,,,,,,,,,1,1,1,8.0,6
201300011881,0013-03-03 06:30:00,13,3,3,6,30,380,368,,,,Nuit sans éclairage public,Hors agglomération,Hors intersection,Normale,Sans collision,,,,,,,,,,,3,1,1,1.0,7
201300011882,0013-03-04 04:00:00,13,3,4,4,0,380,508,,45.50842,5.40201,Nuit sans éclairage public,Hors agglomération,Hors intersection,Normale,Autre collision,,,,,,,,,,,3,1,1,1.0,6
201300011883,0013-04-10 18:00:00,13,4,10,18,0,380,565,,45.273,5.627,Plein jour,Hors agglomération,Hors intersection,Normale,Trois véhicules et plus - en chaîne,,,,,,,,,,,1,1,1,1.0,4
201300011884,0013-10-17 09:00:00,13,10,17,9,0,380,382,,45.246,5.659,Plein jour,Hors agglomération,Hors intersection,Normale,Deux véhicules - arrière,,,,,,,,,,,1,1,1,1.0,2
201300011885,0013-12-23 14:15:00,13,12,23,14,15,380,170,A48 PK 0088+0700,45.2542,5.64662,Plein jour,Hors agglomération,Hors intersection,Normale,Trois véhicules et plus - collisions multiples,,,,,,,,,,,1,1,1,1.0,5
201300011886,0013-03-07 10:45:00,13,3,7,10,45,550,497,,,,Plein jour,Hors agglomération,Hors intersection,Temps couvert,Deux véhicules - côté,,,,,,,,,,,1,1,1,8.0,3
201300011887,0013-08-03 16:15:00,13,8,3,16,15,550,237,,,,Plein jour,Hors agglomération,Hors intersection,Temps éblouissant,Deux véhicules - côté,,,,,,,,,,,1,1,1,7.0,3
201300011888,0013-01-17 16:20:00,13,1,17,16,20,80,105,NOUZONVILLE,49.7945,4.74421,Plein jour,Hors agglomération,Hors intersection,Normale,Autre collision,,,,,,,,,,,1,1,1,1.0,6
201300011889,0013-02-08 19:15:00,13,2,8,19,15,80,105,"3, DE GAULLE AVENUE",49.7664,4.71872,Crépuscule ou aube,En agglomération,Hors intersection,Pluie légère,Sans collision,,,,,,,,,,,2,2,1,2.0,7
201300011890,0013-02-08 19:20:00,13,2,8,19,20,80,105,"1, ETION RUE",49.7809,4.70777,Nuit avec éclairage allumé,En agglomération,Intersection en T,Normale,Deux véhicules - côté,,,,,,,,,,,5,2,3,1.0,3
201300011891,0013-02-18 09:55:00,13,2,18,9,55,80,105,"2, DE GAULLE AVENUE",49.7664,4.71864,Plein jour,En agglomération,Hors intersection,Normale,Autre collision,,,,,,,,,,,1,2,1,1.0,6
201300011892,0013-02-19 09:20:00,13,2,19,9,20,80,105,"1, JACQUEMART TEMPLEUX",49.7705,4.72451,Plein jour,En agglomération,Intersection en T,Normale,Autre collision,,,,,,,,,,,1,2,3,1.0,6
201300011893,0013-03-01 17:35:00,13,3,1,17,35,80,105,"105, CARNOT AVENUE",49.7508,4.72433,Plein jour,En agglomération,Hors intersection,Normale,Autre collision,,,,,,,,,,,1,2,1,1.0,6
201300011894,0013-03-26 06:40:00,13,3,26,6,40,80,105,EVIGNY,49.7288,4.71307,Crépuscule ou aube,En agglomération,Intersection en T,Normale,Deux véhicules - côté,,,,,,,,,,,2,2,3,1.0,3
201300011895,0013-05-13 07:45:00,13,5,13,7,45,80,105,"12, DE GAULLE AVENUE",49.7665,4.71858,Plein jour,En agglomération,Hors intersection,Normale,Autre collision,,,,,,,,,,,1,2,1,1.0,6
201300011896,0013-05-18 19:00:00,13,5,18,19,0,80,105,"5, MUGUET AVENUE",49.7458,4.72471,Plein jour,En agglomération,Hors intersection,Normale,Deux véhicules - arrière,,,,,,,,,,,1,2,1,1.0,2
201300011897,0013-06-05 09:25:00,13,6,5,9,25,80,105,"54, BOUTET C. AVENUE",49.7752,4.71257,Plein jour,En agglomération,Hors intersection,Normale,Autre collision,,,,,,,,,,,1,2,1,1.0,6
201300011898,0013-06-09 17:15:00,13,6,9,17,15,80,105,"2, CARDOT J.",49.7763,4.71524,Plein jour,En agglomération,Hors intersection,Pluie forte,Deux véhicules - frontale,,,,,,,,,,,1,2,1,3.0,1
201300011899,0013-06-14 18:55:00,13,6,14,18,55,80,180,"26, PARIS ROUTE",49.7218,4.71381,Plein jour,En agglomération,Hors intersection,Temps éblouissant,Autre collision,,,,,,,,,,,1,2,1,7.0,6
201300011900,0013-06-18 09:00:00,13,6,18,9,0,80,105,"145, DE GAULLE AVENUE",49.7735,4.70455,Plein jour,En agglomération,Intersection à plus de 4 branches,Normale,Deux véhicules - côté,,,,,,,,,,,1,2,5,1.0,3
201300011901,0013-06-23 06:20:00,13,6,23,6,20,80,105,"20, RUE DES PAQUIS",49.7798,4.72037,Plein jour,En agglomération,Hors intersection,Pluie légère,Sans collision,,,,,,,,,,,1,2,1,2.0,7
201300011902,0013-07-06 18:20:00,13,7,6,18,20,80,105,"1, SARTRE J.P.",49.7401,4.71141,Plein jour,En agglomération,Giratoire,Normale,Deux véhicules - côté,,,,,,,,,,,1,2,6,1.0,3
201300011903,0013-06-11 11:30:00,13,6,11,11,30,80,105,"9, A34",,,Plein jour,Hors agglomération,Hors intersection,Normale,Sans collision,,,,,,,,,,,1,1,1,1.0,7
201300011904,0013-09-01 12:15:00,13,9,1,12,15,80,497,RN43,49.7859,4.67821,Plein jour,En agglomération,Hors intersection,Normale,Deux véhicules - frontale,,,,,,,,,,,1,2,1,1.0,1
201300011905,0013-09-02 21:25:00,13,9,2,21,25,80,105,"1, HACHETTE RUE",49.7631,4.72036,Nuit avec éclairage allumé,En agglomération,Intersection en X,Normale,Deux véhicules - côté,,,,,,,,,,,5,2,2,1.0,3
201300011906,0013-09-27 19:45:00,13,9,27,19,45,80,105,"0, NOUZONVILLE",49.7806,4.71523,Crépuscule ou aube,En agglomération,Hors intersection,Normale,Trois véhicules et plus - collisions multiples,,,,,,,,,,,2,2,1,1.0,5
201300011907,0013-12-06 18:15:00,13,12,6,18,15,350,331,,48.12639,-1.93729,Nuit sans éclairage public,Hors agglomération,Hors intersection,Normale,Sans collision,,,,,,,,,,,3,1,1,1.0,7
201300011908,0013-02-28 17:55:00,13,2,28,17,55,140,536,,49.4099,0.26818,Plein jour,Hors agglomération,Hors intersection,Normale,Autre collision,,,,,,,,,,,1,1,1,1.0,6
201300011909,0013-05-21 08:30:00,13,5,21,8,30,140,12,A13 ANGERVILLE,49.2413,-0.02792,Plein jour,Hors agglomération,Hors intersection,Temps couvert,Autre collision,,,,,,,,,,,1,1,1,8.0,6
201300011910,0013-08-02 17:45:00,13,8,2,17,45,140,682,,,,Plein jour,Hors agglomération,Hors intersection,Normale,Deux véhicules - arrière,,,,,,,,,,,1,1,1,1.0,2
201300011911,0013-09-15 12:15:00,13,9,15,12,15,140,185,,,,Plein jour,Hors agglomération,Hors intersection,Normale,Autre collision,,,,,,,,,,,1,1,1,1.0,6
201300011912,0013-11-01 21:45:00,13,11,1,21,45,140,203,,,,Nuit sans éclairage public,Hors agglomération,Hors intersection,Pluie forte,Sans collision,,,,,,,,,,,3,1,1,3.0,7
201300011913,0013-11-20 07:00:00,13,11,20,7,0,140,682,,,,Nuit sans éclairage public,Hors agglomération,Hors intersection,Autre,Deux véhicules - frontale,,,,,,,,,,,3,1,1,9.0,1
201300011914,0013-12-06 16:45:00,13,12,6,16,45,140,437,,,,Nuit sans éclairage public,Hors agglomération,Hors intersection,Normale,Trois véhicules et plus - en chaîne,,,,,,,,,,,3,1,1,1.0,4
201300011915,0013-02-19 16:00:00,13,2,19,16,0,130,65,,,,Plein jour,Hors agglomération,Hors intersection,Normale,Deux véhicules - frontale,,,,,,,,,,,1,1,1,1.0,1
201300011916,0013-04-30 18:30:00,13,4,30,18,30,130,65,AVE*Jaures/poissonniers,43.68652,4.86554,Plein jour,En agglomération,Intersection en X,Normale,Deux véhicules - côté,,,,,,,,,,,1,2,2,1.0,3
201300011917,0013-06-21 07:45:00,13,6,21,7,45,130,58,,,,Plein jour,Hors agglomération,Hors intersection,Normale,Deux véhicules - côté,,,,,,,,,,,1,1,1,1.0,3
201300011918,0013-07-21 10:45:00,13,7,21,10,45,130,11,,,,Plein jour,Hors agglomération,Hors intersection,Normale,Deux véhicules - frontale,,,,,,,,,,,1,1,1,1.0,1
201300011919,0013-09-06 11:15:00,13,9,6,11,15,130,11,,43.74794,4.83115,Plein jour,Hors agglomération,Hors intersection,Normale,Sans collision,,,,,,,,,,,1,1,1,1.0,7
201300011920,0013-12-14 10:30:00,13,12,14,10,30,130,65,,,,Plein jour,En agglomération,Intersection en X,Normale,Deux véhicules - frontale,,,,,,,,,,,1,2,2,1.0,1
201300011921,0013-12-20 18:15:00,13,12,20,18,15,130,65,Roger SALENGRO,,,Nuit avec éclairage allumé,En agglomération,Hors intersection,Pluie légère,Autre collision,,,,,,,,,,,5,2,1,2.0,6
201300011922,0013-01-05 01:15:00,13,1,5,1,15,280,85,,,,Nuit sans éclairage public,Hors agglomération,Hors intersection,Temps couvert,Deux véhicules - arrière,,,,,,,,,,,3,1,1,8.0,2
201300011923,0013-04-10 14:15:00,13,4,10,14,15,410,295,,47.617,1.39132,Plein jour,Hors agglomération,Hors intersection,Normale,Autre collision,,,,,,,,,,,1,1,1,1.0,6
201300011924,0013-05-09 16:45:00,13,5,9,16,45,410,67,,47.4944,1.52012,Plein jour,Hors agglomération,Intersection en T,Normale,Deux véhicules - côté,,,,,,,,,,,1,1,3,1.0,3
201300011925,0013-06-04 17:30:00,13,6,4,17,30,410,50,,47.4913,1.43545,Plein jour,Hors agglomération,Hors intersection,Normale,Autre collision,,,,,,,,,,,1,1,1,1.0,6
201300011926,0013-05-10 12:45:00,13,5,10,12,45,690,27,Rue du g?n?ral de gaulle,,,Plein jour,En agglomération,Hors intersection,Normale,Deux véhicules - arrière,,,,,,,,,,,1,2,1,1.0,2
201300011927,0013-05-14 18:00:00,13,5,14,18,0,690,27,152 av gnle de gaulle,,,Plein jour,En agglomération,Hors intersection,Normale,Deux véhicules - frontale,,,,,,,,,,,1,2,1,1.0,1
201300011928,0013-07-22 22:30:00,13,7,22,22,30,690,27,rue g?n?ral de gaulle,,,Nuit avec éclairage allumé,En agglomération,Hors intersection,Normale,Deux véhicules - frontale,,,,,,,,,,,5,2,1,1.0,1
201300011929,0013-09-27 15:15:00,13,9,27,15,15,690,43,BD DU DOCTEUR reydellet,,,Plein jour,En agglomération,Giratoire,Normale,Deux véhicules - côté,,,,,,,,,,,1,2,6,1.0,3
201300011930,0013-11-11 05:30:00,13,11,11,5,30,690,27,ROUTE D'IRIGNY,,,Nuit avec éclairage allumé,En agglomération,Hors intersection,Normale,Autre collision,,,,,,,,,,,5,2,1,1.0,6
201300011931,0013-12-22 10:00:00,13,12,22,10,0,690,268,rue louis querbes,,,Plein jour,En agglomération,Hors intersection,Normale,Sans collision,,,,,,,,,,,1,2,1,1.0,7
201300011932,0013-02-17 15:30:00,13,2,17,15,30,290,212,rue du 8 mai 1945,48.38033,-4.59811,Plein jour,En agglomération,Hors intersection,Normale,Deux véhicules - côté,,,,,,,,,,,1,2,1,1.0,3
201300011933,0013-04-25 15:30:00,13,4,25,15,30,290,130,,48.36101,-4.64885,Plein jour,Hors agglomération,Hors intersection,Normale,Deux véhicules - arrière,,,,,,,,,,,1,1,1,1.0,2
201300011934,0013-06-17 19:15:00,13,6,17,19,15,290,201,,48.41412,-4.65073,Plein jour,Hors agglomération,Hors intersection,Pluie forte,Deux véhicules - frontale,,,,,,,,,,,1,1,1,3.0,1
201300011935,0013-07-05 15:15:00,13,7,5,15,15,290,212,,48.40467,-4.6194,Plein jour,Hors agglomération,Hors intersection,Normale,Deux véhicules - côté,,,,,,,,,,,1,1,1,1.0,3
201300011936,0013-07-07 18:30:00,13,7,7,18,30,290,69,,48.42114,-4.56476,Nuit sans éclairage public,Hors agglomération,Hors intersection,Normale,Autre collision,,,,,,,,,,,3,1,1,1.0,6
201300011937,0013-07-22 18:15:00,13,7,22,18,15,290,201,,48.42125,-4.68888,Plein jour,Hors agglomération,Hors intersection,Normale,Deux véhicules - côté,,,,,,,,,,,1,1,1,1.0,3
201300011938,0013-08-19 10:45:00,13,8,19,10,45,290,19,,48.37333,-4.56102,Plein jour,Hors agglomération,Giratoire,Normale,Sans collision,,,,,,,,,,,1,1,6,1.0,7