accident_id,datetime,annee,mois,jour,heure,minute,departement,commune_insee,adresse,latitude,longitude,luminosite,agglomeration,intersection,meteo,collision,nb_vehicules,nb_usagers,nb_indemnes,nb_tues,nb_blesses_hosp,nb_blesses_legers,age_cond_1,age_cond_2,veh_type_cond_1,veh_type_cond_2,lum_code,agg_code,int_code,atm_code,col_code
201300011939,0013-10-09 04:45:00,13,10,9,4,45,290,212,,48.39192,-4.6157,Nuit sans éclairage public,Hors agglomération,Hors intersection,Brouillard / fumée,Autre collision,,,,,,,,,,,3,1,1,5.0,6
201300011940,0013-10-19 17:15:00,13,10,19,17,15,290,201,,48.38051,-4.71202,Plein jour,Hors agglomération,Intersection en X,Normale,Deux véhicules - côté,,,,,,,,,,,1,1,2,1.0,3
201300011941,0013-10-20 14:00:00,13,10,20,14,0,290,201,,48.37939,-4.75468,Plein jour,Hors agglomération,Hors intersection,Normale,Autre collision,,,,,,,,,,,1,1,1,1.0,6
201300011942,0013-11-30 17:15:00,13,11,30,17,15,290,212,ROUTE DE LA TRINITE,48.38146,-4.61539,Plein jour,En agglomération,Hors intersection,Normale,Autre collision,,,,,,,,,,,1,2,1,1.0,6
201300011943,0013-01-02 11:30:00,13,1,2,11,30,340,172,,43.60074,3.91949,Plein jour,Hors agglomération,Hors intersection,Normale,Deux véhicules - arrière,,,,,,,,,,,1,1,1,1.0,2
201300011944,0013-01-13 10:00:00,13,1,13,10,0,340,143,,43.46339,3.63029,Plein jour,Hors agglomération,Hors intersection,Normale,Autre collision,,,,,,,,,,,1,1,1,1.0,6
201300011945,0013-04-14 02:45:00,13,4,14,2,45,340,31,,43.368,3.39073,Nuit sans éclairage public,Hors agglomération,Hors intersection,Normale,Deux véhicules - arrière,,,,,,,,,,,3,1,1,1.0,2
201300011946,0013-05-12 15:45:00,13,5,12,15,45,340,129,,43.5829,3.88772,Plein jour,Hors agglomération,Hors intersection,Normale,Trois véhicules et plus - collisions multiples,,,,,,,,,,,1,1,1,1.0,5
201300011947,0013-05-14 03:45:00,13,5,14,3,45,340,172,,43.60468,3.92951,Nuit sans éclairage public,Hors agglomération,Hors intersection,Normale,Autre collision,,,,,,,,,,,3,1,1,1.0,6
201300011948,0013-05-15 10:15:00,13,5,15,10,15,340,32,,43.34844,3.27884,Plein jour,Hors agglomération,Autre intersection,Pluie légère,Deux véhicules - arrière,,,,,,,,,,,1,1,9,2.0,2
201300011949,0013-05-15 19:30:00,13,5,15,19,30,340,172,,43.60201,3.92266,Crépuscule ou aube,Hors agglomération,Hors intersection,Pluie légère,Trois véhicules et plus - collisions multiples,,,,,,,,,,,2,1,1,2.0,5
201300011950,0013-06-03 14:45:00,13,6,3,14,45,340,172,,43.612,3.936,Plein jour,Hors agglomération,Hors intersection,Normale,Deux véhicules - arrière,,,,,,,,,,,1,1,1,1.0,2
201300011951,0013-06-07 11:15:00,13,6,7,11,15,340,172,,43.59928,3.91673,Plein jour,Hors agglomération,Hors intersection,Normale,Sans collision,,,,,,,,,,,1,1,1,1.0,7
201300011952,0013-07-01 17:45:00,13,7,1,17,45,340,172,,43.598,3.906,Plein jour,Hors agglomération,Hors intersection,Normale,Deux véhicules - côté,,,,,,,,,,,1,1,1,1.0,3
201300011953,0013-07-16 17:00:00,13,7,16,17,0,340,207,,43.412,3.492,Plein jour,Hors agglomération,Hors intersection,Normale,Deux véhicules - côté,,,,,,,,,,,1,1,1,1.0,3
201300011954,0013-07-19 11:15:00,13,7,19,11,15,340,166,,43.59,3.897,Plein jour,Hors agglomération,Autre intersection,Normale,Deux véhicules - arrière,,,,,,,,,,,1,1,9,1.0,2
201300011955,0013-07-28 15:45:00,13,7,28,15,45,340,203,,43.421,3.526,Plein jour,Hors agglomération,Hors intersection,Normale,Autre collision,,,,,,,,,,,1,1,1,1.0,6
201300011956,0013-07-30 10:30:00,13,7,30,10,30,340,95,,43.549,3.792,Plein jour,Hors agglomération,Hors intersection,Normale,Autre collision,,,,,,,,,,,1,1,1,1.0,6
201300011957,0013-08-02 20:00:00,13,8,2,20,0,340,172,,43.584,3.884,Plein jour,Hors agglomération,Hors intersection,Normale,Trois véhicules et plus - collisions multiples,,,,,,,,,,,1,1,1,1.0,5
201300011958,0013-08-14 16:15:00,13,8,14,16,15,340,135,,43.282,3.184,Plein jour,Hors agglomération,Hors intersection,Normale,Deux véhicules - frontale,,,,,,,,,,,1,1,1,1.0,1
201300011959,0013-08-26 15:00:00,13,8,26,15,0,340,101,,43.404,3.474,Plein jour,Hors agglomération,Hors intersection,Normale,Trois véhicules et plus - en chaîne,,,,,,,,,,,1,1,1,1.0,4
201300011960,0013-09-23 11:00:00,13,9,23,11,0,340,32,,,,Nuit sans éclairage public,Hors agglomération,Hors intersection,Normale,Autre collision,,,,,,,,,,,3,1,1,1.0,6
201300011961,0013-09-28 01:30:00,13,9,28,1,30,340,172,,43.58677,3.89312,Nuit sans éclairage public,Hors agglomération,Hors intersection,Normale,Autre collision,,,,,,,,,,,3,1,1,1.0,6
201300011962,0013-09-28 21:00:00,13,9,28,21,0,340,135,,43.287,3.187,Nuit sans éclairage public,Hors agglomération,Hors intersection,Normale,Trois véhicules et plus - collisions multiples,,,,,,,,,,,3,1,1,1.0,5
201300011963,0013-09-30 06:15:00,13,9,30,6,15,340,113,,43.50538,3.73532,Nuit sans éclairage public,Hors agglomération,Hors intersection,Normale,Trois véhicules et plus - collisions multiples,,,,,,,,,,,3,1,1,1.0,5
201300011964,0013-10-20 05:45:00,13,10,20,5,45,340,157,,43.44978,3.58371,Nuit sans éclairage public,Hors agglomération,Hors intersection,Normale,Trois véhicules et plus - collisions multiples,,,,,,,,,,,3,1,1,1.0,5
201300011965,0013-11-01 15:45:00,13,11,1,15,45,340,129,,43.57266,3.87217,Plein jour,Hors agglomération,Hors intersection,Normale,Autre collision,,,,,,,,,,,1,1,1,1.0,6
201300011966,0013-12-07 19:15:00,13,12,7,19,15,340,172,,43.593,3.899,Plein jour,Hors agglomération,Hors intersection,Normale,Trois véhicules et plus - collisions multiples,,,,,,,,,,,1,1,1,1.0,5
201300011967,0013-12-07 02:15:00,13,12,7,2,15,340,101,,43.388,3.451,Nuit sans éclairage public,Hors agglomération,Hors intersection,Normale,Trois véhicules et plus - collisions multiples,,,,,,,,,,,3,1,1,1.0,5
201300011968,0013-12-07 03:45:00,13,12,7,3,45,340,31,,43.381,3.417,Nuit sans éclairage public,Hors agglomération,Hors intersection,Normale,Deux véhicules - arrière,,,,,,,,,,,3,1,1,1.0,2
201300011969,0013-12-10 07:15:00,13,12,10,7,15,340,135,,43.252,3.153,Crépuscule ou aube,Hors agglomération,Hors intersection,Brouillard / fumée,Trois véhicules et plus - collisions multiples,,,,,,,,,,,2,1,1,5.0,5
201300011970,0013-12-20 08:15:00,13,12,20,8,15,340,172,,43.592,3.897,Plein jour,Hors agglomération,Hors intersection,Normale,Deux véhicules - arrière,,,,,,,,,,,1,1,1,1.0,2
201300011971,0013-12-24 23:30:00,13,12,24,23,30,340,203,,,,Nuit sans éclairage public,Hors agglomération,Hors intersection,Normale,Deux véhicules - arrière,,,,,,,,,,,3,1,1,1.0,2
201300011972,0013-03-18 11:30:00,13,3,18,11,30,330,36,,,,Plein jour,Hors agglomération,Hors intersection,Normale,Trois véhicules et plus - collisions multiples,,,,,,,,,,,1,1,1,1.0,5
201300011973,0013-05-25 16:45:00,13,5,25,16,45,330,21,,,,Plein jour,Hors agglomération,Hors intersection,Normale,Sans collision,,,,,,,,,,,1,1,1,1.0,7
201300011974,0013-06-18 15:45:00,13,6,18,15,45,330,227,,,,Plein jour,Hors agglomération,Hors intersection,Pluie forte,Deux véhicules - côté,,,,,,,,,,,1,1,1,3.0,3
201300011975,0013-07-13 16:00:00,13,7,13,16,0,330,337,,,,Plein jour,Hors agglomération,Hors intersection,Normale,Sans collision,,,,,,,,,,,1,1,1,1.0,7
201300011976,0013-08-12 11:45:00,13,8,12,11,45,330,72,,,,Plein jour,Hors agglomération,Hors intersection,Normale,Sans collision,,,,,,,,,,,1,1,1,1.0,7
201300011977,0013-08-18 17:30:00,13,8,18,17,30,330,227,,,,Plein jour,Hors agglomération,Hors intersection,Normale,Sans collision,,,,,,,,,,,1,1,1,1.0,7
201300011978,0013-06-05 14:00:00,13,6,5,14,0,310,506,Avenue de Gameville,43.5505,1.53517,Plein jour,En agglomération,Intersection en T,Normale,Deux véhicules - côté,,,,,,,,,,,1,2,3,1.0,3
201300011979,0013-06-17 19:15:00,13,6,17,19,15,310,506,avenue de gameville,,,Plein jour,En agglomération,Hors intersection,Normale,Deux véhicules - côté,,,,,,,,,,,1,2,1,1.0,3
201300011980,0013-09-06 18:00:00,13,9,6,18,0,310,254,7 ROUTE DE BAZIEGE,43.5275,1.53848,Plein jour,En agglomération,Hors intersection,Normale,Deux véhicules - arrière,,,,,,,,,,,1,2,1,1.0,2
201300011981,0013-09-09 18:00:00,13,9,9,18,0,310,506,,,,Plein jour,Hors agglomération,Hors intersection,Normale,Deux véhicules - côté,,,,,,,,,,,1,1,1,1.0,3
201300011982,0013-09-30 18:00:00,13,9,30,18,0,310,506,avenue du Lycée,,,Plein jour,En agglomération,Hors intersection,Normale,Sans collision,,,,,,,,,,,1,2,1,1.0,7
201300011983,0013-10-31 18:30:00,13,10,31,18,30,310,506,,,,Nuit sans éclairage public,Hors agglomération,Hors intersection,Normale,Deux véhicules - frontale,,,,,,,,,,,3,1,1,1.0,1
201300011984,0013-12-04 14:15:00,13,12,4,14,15,310,446,Avenue d'Occitanie,43.54455,1.47874,Plein jour,En agglomération,Hors intersection,Normale,Autre collision,,,,,,,,,,,1,2,1,1.0,6
201300011985,0013-07-04 07:00:00,13,7,4,7,0,260,96,26096,,,Plein jour,En agglomération,Hors intersection,Normale,Deux véhicules - côté,,,,,,,,,,,1,2,1,1.0,3
201300011986,0013-07-04 19:15:00,13,7,4,19,15,260,34,26034,,,Plein jour,Hors agglomération,Hors intersection,Normale,Sans collision,,,,,,,,,,,1,1,1,1.0,7
201300011987,0013-07-06 17:15:00,13,7,6,17,15,260,96,26096,,,Plein jour,Hors agglomération,Intersection en X,Normale,Deux véhicules - côté,,,,,,,,,,,1,1,2,1.0,3
201300011988,0013-07-08 09:30:00,13,7,8,9,30,260,323,26323,,,Plein jour,Hors agglomération,Intersection en X,Normale,Deux véhicules - côté,,,,,,,,,,,1,1,2,1.0,3
201300011989,0013-07-16 08:30:00,13,7,16,8,30,260,96,26096,,,Plein jour,Hors agglomération,Hors intersection,Normale,Deux véhicules - côté,,,,,,,,,,,1,1,1,1.0,3
201300011990,0013-07-21 17:30:00,13,7,21,17,30,260,88,RUE DU VERCORS,,,Plein jour,En agglomération,Hors intersection,Normale,Autre collision,,,,,,,,,,,1,2,1,1.0,6
201300011991,0013-07-22 07:45:00,13,7,22,7,45,260,92,26092,,,Plein jour,Hors agglomération,Intersection en T,Normale,Deux véhicules - côté,,,,,,,,,,,1,1,3,1.0,3
201300011992,0013-07-23 08:00:00,13,7,23,8,0,260,325,RUE PORT DE CHAMPAGNE,45.2696,4.8138,Plein jour,En agglomération,Hors intersection,Pluie légère,Deux véhicules - frontale,,,,,,,,,,,1,2,1,2.0,1
201300011993,0013-07-23 19:15:00,13,7,23,19,15,260,273,26273,,,Plein jour,En agglomération,Intersection en X,Normale,Deux véhicules - côté,,,,,,,,,,,1,2,2,1.0,3
201300011994,0013-07-27 06:45:00,13,7,27,6,45,260,301,26301,,,Plein jour,Hors agglomération,Hors intersection,Normale,Deux véhicules - frontale,,,,,,,,,,,1,1,1,1.0,1
201300011995,0013-07-29 10:45:00,13,7,29,10,45,260,301,26301,,,Plein jour,Hors agglomération,Autre intersection,Normale,Deux véhicules - côté,,,,,,,,,,,1,1,9,1.0,3
201300011996,0013-07-30 18:30:00,13,7,30,18,30,260,247,26247,,,Plein jour,Hors agglomération,Hors intersection,Normale,Autre collision,,,,,,,,,,,1,1,1,1.0,6
201300011997,0013-07-31 06:30:00,13,7,31,6,30,260,139,26139,45.0713,5.0916,Plein jour,Hors agglomération,Intersection en X,Normale,Deux véhicules - côté,,,,,,,,,,,1,1,2,1.0,3
201300011998,0013-07-31 08:00:00,13,7,31,8,0,260,49,,,,Plein jour,Hors agglomération,Hors intersection,Normale,Autre collision,,,,,,,,,,,1,1,1,1.0,6
201300011999,0013-08-01 17:45:00,13,8,1,17,45,260,307,26307,45.0146,5.2912,Plein jour,En agglomération,Hors intersection,Normale,Autre collision,,,,,,,,,,,1,2,1,1.0,6
201300012000,0013-08-10 10:45:00,13,8,10,10,45,260,301,PLACE ANATOLE FRANCE,45.122,4.985,Plein jour,En agglomération,Place,Normale,Sans collision,,,,,,,,,,,1,2,7,1.0,7
201300012001,0013-08-10 16:00:00,13,8,10,16,0,260,84,26084,45.018,4.9736,Plein jour,Hors agglomération,Intersection en X,Normale,Deux véhicules - côté,,,,,,,,,,,1,1,2,1.0,3
201300012002,0013-08-16 07:30:00,13,8,16,7,30,260,84,26084,,,Plein jour,Hors agglomération,Hors intersection,Temps éblouissant,Deux véhicules - arrière,,,,,,,,,,,1,1,1,7.0,2
201300012003,0013-08-16 09:45:00,13,8,16,9,45,260,84,26084,,,Plein jour,Hors agglomération,Hors intersection,Normale,Trois véhicules et plus - en chaîne,,,,,,,,,,,1,1,1,1.0,4
201300012004,0013-08-18 05:30:00,13,8,18,5,30,260,79,26079,,,Nuit sans éclairage public,Hors agglomération,Hors intersection,Normale,Autre collision,,,,,,,,,,,3,1,1,1.0,6
201300012005,0013-08-17 23:30:00,13,8,17,23,30,260,148,26148,,,Nuit sans éclairage public,Hors agglomération,Hors intersection,Normale,Sans collision,,,,,,,,,,,3,1,1,1.0,7
201300012006,0013-08-22 12:15:00,13,8,22,12,15,260,96,26096,,,Plein jour,Hors agglomération,Hors intersection,Normale,Autre collision,,,,,,,,,,,1,1,1,1.0,6
201300012007,0013-08-24 05:45:00,13,8,24,5,45,260,333,ROND POINT RN7 ET D86C,,,Crépuscule ou aube,En agglomération,Giratoire,Normale,Deux véhicules - côté,,,,,,,,,,,2,2,6,1.0,3
201300012008,0013-08-25 11:45:00,13,8,25,11,45,260,88,RTE DES CINQS CHEMINS,45.0213,5.0901,Plein jour,Hors agglomération,Hors intersection,Normale,Autre collision,,,,,,,,,,,1,1,1,1.0,6
201300012009,0013-08-27 20:15:00,13,8,27,20,15,260,231,26231,45.1063,5.0514,Plein jour,Hors agglomération,Intersection en T,Normale,Deux véhicules - côté,,,,,,,,,,,1,1,3,1.0,3
201300012010,0013-08-29 18:30:00,13,8,29,18,30,260,207,26207,,,Plein jour,Hors agglomération,Hors intersection,Normale,Autre collision,,,,,,,,,,,1,1,1,1.0,6
201300012011,0013-08-29 09:30:00,13,8,29,9,30,260,23,26023,,,Plein jour,Hors agglomération,Giratoire,Normale,Deux véhicules - côté,,,,,,,,,,,1,1,6,1.0,3
201300012012,0013-09-20 16:45:00,13,9,20,16,45,260,293,26293,,,Plein jour,Hors agglomération,Hors intersection,Normale,Sans collision,,,,,,,,,,,1,1,1,1.0,7
201300012013,0013-09-22 12:45:00,13,9,22,12,45,260,156,26156,,,Plein jour,Hors agglomération,Hors intersection,Normale,Deux véhicules - frontale,,,,,,,,,,,1,1,1,1.0,1
201300012014,0013-09-24 10:00:00,13,9,24,10,0,260,250,26250,,,Plein jour,Hors agglomération,Hors intersection,Normale,Deux véhicules - arrière,,,,,,,,,,,1,1,1,1.0,2
201300012015,0013-09-24 09:45:00,13,9,24,9,45,260,155,26155,,,Plein jour,Hors agglomération,Autre intersection,Normale,Deux véhicules - côté,,,,,,,,,,,1,1,9,1.0,3
201300012016,0013-09-26 18:30:00,13,9,26,18,30,260,84,26084,,,Plein jour,Hors agglomération,Hors intersection,Normale,Sans collision,,,,,,,,,,,1,1,1,1.0,7
201300012017,0013-09-26 18:15:00,13,9,26,18,15,260,325,26325,45.2829,4.8198,Plein jour,En agglomération,Hors intersection,Normale,Deux véhicules - côté,,,,,,,,,,,1,2,1,1.0,3
201300012018,0013-09-30 13:15:00,13,9,30,13,15,260,139,26139,,,Plein jour,Hors agglomération,Hors intersection,Normale,Deux véhicules - frontale,,,,,,,,,,,1,1,1,1.0,1
201300012019,0013-10-09 02:00:00,13,10,9,2,0,260,163,26163,,,Nuit sans éclairage public,Hors agglomération,Hors intersection,Brouillard / fumée,Sans collision,,,,,,,,,,,3,1,1,5.0,7
201300012020,0013-10-13 00:15:00,13,10,13,0,15,260,301,26301,,,Nuit sans éclairage public,Hors agglomération,Hors intersection,Pluie forte,Deux véhicules - frontale,,,,,,,,,,,3,1,1,3.0,1
201300012021,0013-10-14 13:15:00,13,10,14,13,15,260,148,RD  538,,,Plein jour,En agglomération,Hors intersection,Normale,Autre collision,,,,,,,,,,,1,2,1,1.0,6
201300012022,0013-10-16 08:30:00,13,10,16,8,30,260,231,26231,,,Plein jour,Hors agglomération,Hors intersection,Temps couvert,Autre collision,,,,,,,,,,,1,1,1,8.0,6
201300012023,0013-10-24 07:45:00,13,10,24,7,45,260,4,26004,,,Plein jour,Hors agglomération,Hors intersection,Brouillard / fumée,Deux véhicules - frontale,,,,,,,,,,,1,1,1,5.0,1
201300012024,0013-10-25 19:00:00,13,10,25,19,0,260,84,26084,44.9943,4.9227,Nuit sans éclairage public,Hors agglomération,Intersection en X,Normale,Deux véhicules - côté,,,,,,,,,,,3,1,2,1.0,3
201300012025,0013-10-31 15:15:00,13,10,31,15,15,260,301,26301,,,Plein jour,Hors agglomération,Hors intersection,Normale,Deux véhicules - côté,,,,,,,,,,,1,1,1,1.0,3
201300012026,0013-11-05 08:15:00,13,11,5,8,15,260,88,26088,,,Crépuscule ou aube,Hors agglomération,Hors intersection,Normale,Autre collision,,,,,,,,,,,2,1,1,1.0,6
201300012027,0013-11-05 17:45:00,13,11,5,17,45,260,84,26084,,,Nuit sans éclairage public,Hors agglomération,Autre intersection,Pluie légère,Trois véhicules et plus - collisions multiples,,,,,,,,,,,3,1,9,2.0,5
201300012028,0013-11-06 07:15:00,13,11,6,7,15,260,323,RD 92N RD 123B,,,Crépuscule ou aube,En agglomération,Intersection en T,Normale,Deux véhicules - côté,,,,,,,,,,,2,2,3,1.0,3
201300012029,0013-11-14 08:30:00,13,11,14,8,30,260,84,26084,,,Plein jour,Hors agglomération,Intersection en X,Normale,Deux véhicules - côté,,,,,,,,,,,1,1,2,1.0,3
201300012030,0013-11-16 01:30:00,13,11,16,1,30,260,9,26009,,,Nuit sans éclairage public,Hors agglomération,Hors intersection,Normale,Sans collision,,,,,,,,,,,3,1,1,1.0,7
201300012031,0013-11-20 15:00:00,13,11,20,15,0,260,162,26162,,,Plein jour,Hors agglomération,Hors intersection,Neige / grêle,Deux véhicules - côté,,,,,,,,,,,1,1,1,4.0,3
201300012032,0013-11-21 14:30:00,13,11,21,14,30,260,160,26160,,,Plein jour,Hors agglomération,Hors intersection,Normale,Deux véhicules - côté,,,,,,,,,,,1,1,1,1.0,3
201300012033,0013-11-30 11:30:00,13,11,30,11,30,260,88,26088,,,Plein jour,Hors agglomération,Hors intersection,Normale,Sans collision,,,,,,,,,,,1,1,1,1.0,7
201300012034,0013-12-03 23:00:00,13,12,3,23,0,260,311,26311,,,Nuit sans éclairage public,Hors agglomération,Hors intersection,Normale,Deux véhicules - frontale,,,,,,,,,,,3,1,1,1.0,1
201300012035,0013-12-07 17:15:00,13,12,7,17,15,260,2,26002,,,Crépuscule ou aube,Hors agglomération,Hors intersection,Normale,Autre collision,,,,,,,,,,,2,1,1,1.0,6
201300012036,0013-12-16 07:45:00,13,12,16,7,45,260,381,,45.022,5.172,Crépuscule ou aube,Hors agglomération,Hors intersection,Brouillard / fumée,Autre collision,,,,,,,,,,,2,1,1,5.0,6
201300012037,0013-12-22 07:45:00,13,12,22,7,45,260,155,,,,Crépuscule ou aube,Hors agglomération,Hors intersection,Temps couvert,Autre collision,,,,,,,,,,,2,1,1,8.0,6
201300012038,0013-04-04 07:30:00,13,4,4,7,30,630,241,,,,Crépuscule ou aube,Hors agglomération,Hors intersection,Pluie légère,Sans collision,,,,,,,,,,,2,1,1,2.0,7
201300012039,0013-04-19 23:00:00,13,4,19,23,0,630,413,,,,Nuit sans éclairage public,Hors agglomération,Hors intersection,Normale,Deux véhicules - arrière,,,,,,,,,,,3,1,1,1.0,2
201300012040,0013-05-02 09:30:00,13,5,2,9,30,630,302,,,,Plein jour,Hors agglomération,Hors intersection,Normale,Trois véhicules et plus - en chaîne,,,,,,,,,,,1,1,1,1.0,4
201300012041,0013-05-06 10:45:00,13,5,6,10,45,630,455,,,,Plein jour,Hors agglomération,Hors intersection,Normale,Deux véhicules - arrière,,,,,,,,,,,1,1,1,1.0,2
201300012042,0013-07-10 14:00:00,13,7,10,14,0,630,193,,,,Plein jour,Hors agglomération,Hors intersection,Normale,Deux véhicules - arrière,,,,,,,,,,,1,1,1,1.0,2
201300012043,0013-07-18 17:30:00,13,7,18,17,30,630,113,,,,Plein jour,Hors agglomération,Autre intersection,Normale,Sans collision,,,,,,,,,,,1,1,9,1.0,7
201300012044,0013-09-20 08:00:00,13,9,20,8,0,630,126,,,,Plein jour,Hors agglomération,Autre intersection,Pluie légère,Deux véhicules - arrière,,,,,,,,,,,1,1,9,2.0,2
201300012045,0013-09-24 17:45:00,13,9,24,17,45,630,413,,,,Plein jour,Hors agglomération,Hors intersection,Normale,Deux véhicules - côté,,,,,,,,,,,1,1,1,1.0,3
201300012046,0013-01-11 11:45:00,13,1,11,11,45,640,147,,43.4504,-1.34954,Plein jour,Hors agglomération,Hors intersection,Normale,Autre collision,,,,,,,,,,,1,1,1,1.0,6
201300012047,0013-04-13 04:15:00,13,4,13,4,15,640,483,,43.383,-1.64399,Nuit sans éclairage public,Hors agglomération,Hors intersection,Pluie légère,Sans collision,,,,,,,,,,,3,1,1,2.0,7
201300012048,0013-05-02 19:15:00,13,5,2,19,15,640,102,,43.4762,-1.45144,Plein jour,Hors agglomération,Hors intersection,Temps couvert,Deux véhicules - arrière,,,,,,,,,,,1,1,1,8.0,2
201300012049,0013-07-03 17:15:00,13,7,3,17,15,640,122,,43.4481,-1.54913,Plein jour,Hors agglomération,Hors intersection,Pluie légère,Sans collision,,,,,,,,,,,1,1,1,2.0,7
201300012050,0013-07-31 18:00:00,13,7,31,18,0,640,407,,43.4559,-1.40973,Plein jour,Hors agglomération,Hors intersection,Normale,Autre collision,,,,,,,,,,,1,1,1,1.0,6
201300012051,0013-09-25 18:00:00,13,9,25,18,0,400,212,,43.55827,-1.13653,Plein jour,Hors agglomération,Hors intersection,Normale,Deux véhicules - frontale,,,,,,,,,,,1,1,1,1.0,1
201300012052,0013-12-04 16:15:00,13,12,4,16,15,640,249,A63 189+600,43.4153,-1.60995,Plein jour,Hors agglomération,Hors intersection,Normale,Trois véhicules et plus - collisions multiples,,,,,,,,,,,1,1,1,1.0,5
201300012053,0013-12-21 19:45:00,13,12,21,19,45,640,125,PR 184+600,43.4447,-1.56569,Nuit sans éclairage public,Hors agglomération,Hors intersection,Normale,Trois véhicules et plus - en chaîne,,,,,,,,,,,3,1,1,1.0,4
201300012054,0013-03-06 12:15:00,13,3,6,12,15,80,409,"34, PHILIPPOTEAUX (AVENU",49.6971,4.94106,Plein jour,En agglomération,Hors intersection,Normale,Autre collision,,,,,,,,,,,1,2,1,1.0,6
201300012055,0013-08-07 13:40:00,13,8,7,13,40,80,409,BLANPAIN (RUE),49.7034,4.94317,Plein jour,En agglomération,Hors intersection,Pluie légère,Autre collision,,,,,,,,,,,1,2,1,2.0,6
201300012056,0013-08-10 10:50:00,13,8,10,10,50,80,409,CHANZY (BOULEVARD),49.7025,4.93,Plein jour,En agglomération,Intersection en X,Normale,Deux véhicules - côté,,,,,,,,,,,1,2,2,1.0,3
201300012057,0013-09-15 13:50:00,13,9,15,13,50,80,174,BRAVES GENS (RUE DES),49.7169,4.93202,Plein jour,Hors agglomération,Hors intersection,Normale,Sans collision,,,,,,,,,,,1,1,1,1.0,7
201300012058,0013-09-28 21:50:00,13,9,28,21,50,80,409,A203 (SUITE),49.6909,4.91795,Nuit sans éclairage public,Hors agglomération,Hors intersection,Normale,Sans collision,,,,,,,,,,,3,1,1,1.0,7
201300012059,0013-09-23 14:09:00,13,9,23,14,9,80,174,"3, WENTZEL (RUE JACQUES)",49.7222,4.92757,Plein jour,En agglomération,Intersection en T,Normale,Autre collision,,,,,,,,,,,1,2,3,1.0,6
201300012060,0013-09-11 17:00:00,13,9,11,17,0,80,494,PONT MAUGIS (ROUTE DE),49.6841,4.94141,Plein jour,Hors agglomération,Hors intersection,Pluie forte,Deux véhicules - arrière,,,,,,,,,,,1,1,1,3.0,2
201300012061,0013-11-20 22:04:00,13,11,20,22,4,80,409,BELLE VUE (ROND POINT),49.6918,4.89659,Nuit sans éclairage public,Hors agglomération,Hors intersection,Neige / grêle,Autre collision,,,,,,,,,,,3,1,1,4.0,6
201300012062,0013-12-22 00:20:00,13,12,22,0,20,80,409,"15, THIERS (RUE)",49.7016,4.93862,Nuit avec éclairage allumé,En agglomération,Autre intersection,Pluie légère,Deux véhicules - arrière,,,,,,,,,,,5,2,9,2.0,2
201300012063,0013-07-03 20:00:00,13,7,3,20,0,710,297,,,,Plein jour,Hors agglomération,Hors intersection,Normale,Autre collision,,,,,,,,,,,1,1,1,1.0,6
201300012064,0013-08-08 12:30:00,13,8,8,12,30,710,15,,,,Plein jour,Hors agglomération,Hors intersection,Temps couvert,Deux véhicules - arrière,,,,,,,,,,,1,1,1,8.0,2
201300012065,0013-11-26 15:30:00,13,11,26,15,30,710,14,avenue de la republique,46.95487,4.294,Plein jour,En agglomération,Hors intersection,Normale,Deux véhicules - arrière,,,,,,,,,,,1,2,1,1.0,2
201300012066,0013-07-11 16:50:00,13,7,11,16,50,20,159,,,,Plein jour,Hors agglomération,Hors intersection,Normale,Deux véhicules - frontale,,,,,,,,,,,1,1,1,1.0,1
201300012067,0013-08-13 17:45:00,13,8,13,17,45,20,173,86 rue pasteur,49.61822,3.22177,Plein jour,En agglomération,Hors intersection,Normale,Autre collision,,,,,,,,,,,1,2,1,1.0,6
201300012068,0013-09-02 17:40:00,13,9,2,17,40,20,833,,,,Crépuscule ou aube,Hors agglomération,Intersection en X,Temps éblouissant,Deux véhicules - côté,,,,,,,,,,,2,1,2,7.0,3
201300012069,0013-09-07 11:30:00,13,9,7,11,30,20,173,rue Jean Jaures,,,Plein jour,En agglomération,Giratoire,Normale,Deux véhicules - frontale,,,,,,,,,,,1,2,6,1.0,1
201300012070,0013-09-23 13:45:00,13,9,23,13,45,20,318,,,,Plein jour,Hors agglomération,Autre intersection,Normale,Deux véhicules - frontale,,,,,,,,,,,1,1,9,1.0,1
201300012071,0013-09-28 19:15:00,13,9,28,19,15,20,746,,,,Crépuscule ou aube,Hors agglomération,Intersection en T,Normale,Deux véhicules - côté,,,,,,,,,,,2,1,3,1.0,3
201300012072,0013-10-16 06:50:00,13,10,16,6,50,20,820,,,,Nuit sans éclairage public,Hors agglomération,Hors intersection,Brouillard / fumée,Trois véhicules et plus - collisions multiples,,,,,,,,,,,3,1,1,5.0,5