accident_id,datetime,annee,mois,jour,heure,minute,departement,commune_insee,adresse,latitude,longitude,luminosite,agglomeration,intersection,meteo,collision,nb_vehicules,nb_usagers,nb_indemnes,nb_tues,nb_blesses_hosp,nb_blesses_legers,age_cond_1,age_cond_2,veh_type_cond_1,veh_type_cond_2,lum_code,agg_code,int_code,atm_code,col_code
201300012073,0013-11-08 10:15:00,13,11,8,10,15,20,111,,,,Plein jour,Hors agglomération,Hors intersection,Normale,Sans collision,,,,,,,,,,,1,1,1,1.0,7
201300012074,0013-12-13 07:10:00,13,12,13,7,10,20,599,,,,Nuit sans éclairage public,Hors agglomération,Hors intersection,Autre,Deux véhicules - arrière,,,,,,,,,,,3,1,1,9.0,2
201300012075,0013-12-20 18:15:00,13,12,20,18,15,20,566,,,,Nuit sans éclairage public,Hors agglomération,Hors intersection,Normale,Autre collision,,,,,,,,,,,3,1,1,1.0,6
201300012076,0013-07-04 20:00:00,13,7,4,20,0,20,810,AV DE LA FERTE MILON,49.24264,3.09696,Crépuscule ou aube,En agglomération,Autre intersection,Normale,Deux véhicules - frontale,,,,,,,,,,,2,2,9,1.0,1
201300012077,0013-07-07 18:15:00,13,7,7,18,15,20,225,CD82,,,Plein jour,En agglomération,Intersection en Y,Normale,Autre collision,,,,,,,,,,,1,2,4,1.0,6
201300012078,0013-07-11 12:15:00,13,7,11,12,15,20,172,,,,Plein jour,Hors agglomération,Intersection en Y,Normale,Trois véhicules et plus - collisions multiples,,,,,,,,,,,1,1,4,1.0,5
201300012079,0013-08-14 22:00:00,13,8,14,22,0,20,773,,,,Nuit sans éclairage public,Hors agglomération,Hors intersection,Normale,Sans collision,,,,,,,,,,,3,1,1,1.0,7
201300012080,0013-09-08 11:20:00,13,9,8,11,20,20,368,,,,Plein jour,Hors agglomération,Hors intersection,Normale,Sans collision,,,,,,,,,,,1,1,1,1.0,7
201300012081,0013-09-11 09:00:00,13,9,11,9,0,20,810,,,,Plein jour,Hors agglomération,Hors intersection,Pluie légère,Autre collision,,,,,,,,,,,1,1,1,2.0,6
201300012082,0013-09-15 15:45:00,13,9,15,15,45,20,809,,,,Plein jour,Hors agglomération,Intersection en T,Normale,Deux véhicules - frontale,,,,,,,,,,,1,1,3,1.0,1
201300012083,0013-09-30 10:10:00,13,9,30,10,10,20,763,,,,Plein jour,Hors agglomération,Intersection en T,Normale,Trois véhicules et plus - collisions multiples,,,,,,,,,,,1,1,3,1.0,5
201300012084,0013-10-21 07:45:00,13,10,21,7,45,20,11,,,,Crépuscule ou aube,Hors agglomération,Hors intersection,Temps couvert,Trois véhicules et plus - collisions multiples,,,,,,,,,,,2,1,1,8.0,5
201300012085,0013-10-19 14:45:00,13,10,19,14,45,20,810,RUE DE LA BELLIEUE,49.24712,3.09103,Plein jour,En agglomération,Intersection en T,Normale,Deux véhicules - côté,,,,,,,,,,,1,2,3,1.0,3
201300012086,0013-10-22 17:10:00,13,10,22,17,10,20,305,RUE DE LA GOUTTE D OR,,,Plein jour,En agglomération,Hors intersection,Pluie forte,Deux véhicules - frontale,,,,,,,,,,,1,2,1,3.0,1
201300012087,0013-10-28 18:20:00,13,10,28,18,20,20,372,,,,Nuit sans éclairage public,Hors agglomération,Hors intersection,Normale,Sans collision,,,,,,,,,,,3,1,1,1.0,7
201300012088,0013-11-06 17:00:00,13,11,6,17,0,20,633,,,,Plein jour,Hors agglomération,Hors intersection,Normale,Autre collision,,,,,,,,,,,1,1,1,1.0,6
201300012089,0013-11-26 10:45:00,13,11,26,10,45,20,131,,,,Plein jour,Hors agglomération,Hors intersection,Normale,Autre collision,,,,,,,,,,,1,1,1,1.0,6
201300012090,0013-11-29 19:00:00,13,11,29,19,0,20,810,,,,Nuit sans éclairage public,Hors agglomération,Hors intersection,Pluie légère,Trois véhicules et plus - collisions multiples,,,,,,,,,,,3,1,1,2.0,5
201300012091,0013-01-19 02:00:00,13,1,19,2,0,510,599,A4,,,Nuit sans éclairage public,Hors agglomération,Hors intersection,Neige / grêle,Autre collision,,,,,,,,,,,3,1,1,4.0,6
201300012092,0013-02-18 14:00:00,13,2,18,14,0,510,183,A26,,,Plein jour,Hors agglomération,Hors intersection,Normale,Autre collision,,,,,,,,,,,1,1,1,1.0,6
201300012093,0013-05-05 14:30:00,13,5,5,14,30,510,562,A4,,,Plein jour,Hors agglomération,Hors intersection,Normale,Sans collision,,,,,,,,,,,1,1,1,1.0,7
201300012094,0013-05-05 22:30:00,13,5,5,22,30,510,573,TUR,,,Crépuscule ou aube,Hors agglomération,Hors intersection,Normale,Autre collision,,,,,,,,,,,2,1,1,1.0,6
201300012095,0013-05-26 00:45:00,13,5,26,0,45,510,562,A4,,,Nuit sans éclairage public,Hors agglomération,Hors intersection,Normale,Deux véhicules - côté,,,,,,,,,,,3,1,1,1.0,3
201300012096,0013-06-11 11:30:00,13,6,11,11,30,510,562,A4,,,Plein jour,Hors agglomération,Hors intersection,Normale,Sans collision,,,,,,,,,,,1,1,1,1.0,7
201300012097,0013-07-31 10:15:00,13,7,31,10,15,510,329,A26,,,Plein jour,Hors agglomération,Hors intersection,Temps éblouissant,Trois véhicules et plus - collisions multiples,,,,,,,,,,,1,1,1,7.0,5
201300012098,0013-08-03 17:00:00,13,8,3,17,0,510,536,A4,,,Plein jour,Hors agglomération,Hors intersection,Normale,Sans collision,,,,,,,,,,,1,1,1,1.0,7
201300012099,0013-09-23 04:00:00,13,9,23,4,0,510,278,A4,,,Nuit sans éclairage public,Hors agglomération,Hors intersection,Normale,Deux véhicules - arrière,,,,,,,,,,,3,1,1,1.0,2
201300012100,0013-07-05 16:00:00,13,7,5,16,0,130,78,,,,Plein jour,Hors agglomération,Hors intersection,Normale,Sans collision,,,,,,,,,,,1,1,1,1.0,7
201300012101,0013-07-09 19:30:00,13,7,9,19,30,130,83,,43.9076,4.79544,Plein jour,Hors agglomération,Hors intersection,Normale,Deux véhicules - côté,,,,,,,,,,,1,1,1,1.0,3
201300012102,0013-07-28 13:45:00,13,7,28,13,45,130,4,,,,Plein jour,Hors agglomération,Hors intersection,Normale,Sans collision,,,,,,,,,,,1,1,1,1.0,7
201300012103,0013-09-22 03:30:00,13,9,22,3,30,130,83,*,,,Nuit sans éclairage public,Hors agglomération,Hors intersection,Normale,Sans collision,,,,,,,,,,,3,1,1,1.0,7
201300012104,0013-10-24 16:45:00,13,10,24,16,45,130,4,2 route de la crau,,,Plein jour,En agglomération,Hors intersection,Normale,Deux véhicules - côté,,,,,,,,,,,1,2,1,1.0,3
201300012105,0013-11-13 20:45:00,13,11,13,20,45,130,78,,43.4107,4.78,Nuit sans éclairage public,Hors agglomération,Hors intersection,Normale,Deux véhicules - arrière,,,,,,,,,,,3,1,1,1.0,2
201300012106,0013-12-02 09:30:00,13,12,2,9,30,130,97,,,,Plein jour,Hors agglomération,Hors intersection,Normale,Autre collision,,,,,,,,,,,1,1,1,1.0,6
201300012107,0013-12-03 12:30:00,13,12,3,12,30,130,97,,,,Plein jour,Hors agglomération,Hors intersection,Normale,Deux véhicules - arrière,,,,,,,,,,,1,1,1,1.0,2
201300012108,0013-12-16 15:45:00,13,12,16,15,45,130,100,,,,Plein jour,Hors agglomération,Hors intersection,Normale,Deux véhicules - côté,,,,,,,,,,,1,1,1,1.0,3
201300012109,0013-03-25 17:45:00,13,3,25,17,45,380,485,Rond point du rondeau,,,Nuit avec éclairage allumé,En agglomération,Giratoire,Normale,Deux véhicules - côté,,,,,,,,,,,5,2,6,1.0,3
201300012110,0013-04-16 08:30:00,13,4,16,8,30,380,486,rue Joseph Moutin,,,Plein jour,En agglomération,Hors intersection,Normale,Deux véhicules - frontale,,,,,,,,,,,1,2,1,1.0,1
201300012111,0013-04-24 08:45:00,13,4,24,8,45,380,486,avenue Louis Armand,,,Plein jour,En agglomération,Hors intersection,Normale,Autre collision,,,,,,,,,,,1,2,1,1.0,6
201300012112,0013-04-30 10:15:00,13,4,30,10,15,380,485,Avenue Aim? Bouchayer,,,Plein jour,En agglomération,Hors intersection,Pluie légère,Autre collision,,,,,,,,,,,1,2,1,2.0,6
201300012113,0013-05-15 08:45:00,13,5,15,8,45,380,485,rue de Cartale,,,Plein jour,En agglomération,Intersection en X,Normale,Deux véhicules - côté,,,,,,,,,,,1,2,2,1.0,3
201300012114,0013-06-06 08:15:00,13,6,6,8,15,380,486,Avenue de GRENOBLE,45.175,5.695,Plein jour,En agglomération,Hors intersection,Normale,Autre collision,,,,,,,,,,,1,2,1,1.0,6
201300012115,0013-07-13 09:45:00,13,7,13,9,45,380,485,boulevard de l'europe,45.184,5.686,Plein jour,En agglomération,Hors intersection,Normale,Sans collision,,,,,,,,,,,1,2,1,1.0,7
201300012116,0013-08-18 16:30:00,13,8,18,16,30,380,485,RTE DE ST NIZIER,45.1665,5.66768,Plein jour,Hors agglomération,Hors intersection,Normale,Autre collision,,,,,,,,,,,1,1,1,1.0,6
201300012117,0013-08-22 18:45:00,13,8,22,18,45,380,485,,,,Plein jour,Hors agglomération,Hors intersection,Normale,Deux véhicules - côté,,,,,,,,,,,1,1,1,1.0,3
201300012118,0013-09-28 16:15:00,13,9,28,16,15,380,485,AVENUE HECTOR BERLIOZ,45.1719,5.68369,Plein jour,En agglomération,Hors intersection,Normale,Deux véhicules - frontale,,,,,,,,,,,1,2,1,1.0,1
201300012119,0013-09-12 20:15:00,13,9,12,20,15,380,485,,,,Nuit sans éclairage public,Hors agglomération,Hors intersection,Normale,Sans collision,,,,,,,,,,,3,1,1,1.0,7
201300012120,0013-10-24 09:15:00,13,10,24,9,15,380,433,,,,Plein jour,Hors agglomération,Hors intersection,Brouillard / fumée,Autre collision,,,,,,,,,,,1,1,1,5.0,6
201300012121,0013-11-21 21:00:00,13,11,21,21,0,380,485,,,,Nuit sans éclairage public,Hors agglomération,Hors intersection,Neige / grêle,Autre collision,,,,,,,,,,,3,1,1,4.0,6
201300012122,0013-12-05 18:00:00,13,12,5,18,0,380,485,Rue Lamartine,,,Nuit avec éclairage allumé,En agglomération,Hors intersection,Normale,Autre collision,,,,,,,,,,,5,2,1,1.0,6
201300012123,0013-12-08 20:00:00,13,12,8,20,0,380,485,Avenue de la R?publique,,,Nuit avec éclairage allumé,En agglomération,Hors intersection,Normale,Deux véhicules - frontale,,,,,,,,,,,5,2,1,1.0,1
201300012124,0013-04-16 14:30:00,13,4,16,14,30,380,52,,,,Plein jour,Hors agglomération,Hors intersection,Normale,Autre collision,,,,,,,,,,,1,1,1,1.0,6
201300012125,0013-06-17 13:15:00,13,6,17,13,15,380,289,SARDONNE,45.1166,6.0354,Plein jour,Hors agglomération,Hors intersection,Normale,Autre collision,,,,,,,,,,,1,1,1,1.0,6
201300012126,0013-07-04 17:30:00,13,7,4,17,30,380,285,,,,Plein jour,Hors agglomération,Hors intersection,Normale,Autre collision,,,,,,,,,,,1,1,1,1.0,6
201300012127,0013-08-09 14:45:00,13,8,9,14,45,380,52,,,,Plein jour,Hors agglomération,Hors intersection,Normale,Deux véhicules - arrière,,,,,,,,,,,1,1,1,1.0,2
201300012128,0013-08-15 11:45:00,13,8,15,11,45,380,52,,,,Plein jour,Hors agglomération,Hors intersection,Normale,Autre collision,,,,,,,,,,,1,1,1,1.0,6
201300012129,0013-04-16 20:30:00,13,4,16,20,30,510,515,A4,,,Nuit sans éclairage public,Hors agglomération,Hors intersection,Normale,Deux véhicules - arrière,,,,,,,,,,,3,1,1,1.0,2
201300012130,0013-07-30 08:45:00,13,7,30,8,45,510,507,A4,,,Plein jour,Hors agglomération,Hors intersection,Normale,Deux véhicules - arrière,,,,,,,,,,,1,1,1,1.0,2
201300012131,0013-04-02 17:30:00,13,4,2,17,30,570,510,,,,Plein jour,Hors agglomération,Hors intersection,Normale,Trois véhicules et plus - en chaîne,,,,,,,,,,,1,1,1,1.0,4
201300012132,0013-04-25 18:45:00,13,4,25,18,45,570,144,,,,Plein jour,Hors agglomération,Hors intersection,Temps éblouissant,Sans collision,,,,,,,,,,,1,1,1,7.0,7
201300012133,0013-04-27 06:30:00,13,4,27,6,30,570,762,,,,Crépuscule ou aube,Hors agglomération,Hors intersection,Pluie légère,Autre collision,,,,,,,,,,,2,1,1,2.0,6
201300012134,0013-04-30 12:00:00,13,4,30,12,0,570,606,,,,Plein jour,Hors agglomération,Hors intersection,Pluie forte,Deux véhicules - arrière,,,,,,,,,,,1,1,1,3.0,2
201300012135,0013-05-05 09:45:00,13,5,5,9,45,570,512,,,,Plein jour,Hors agglomération,Hors intersection,Normale,Sans collision,,,,,,,,,,,1,1,1,1.0,7
201300012136,0013-06-23 22:00:00,13,6,23,22,0,570,444,GN 49.136 6.521,,,Nuit sans éclairage public,Hors agglomération,Hors intersection,Normale,Sans collision,,,,,,,,,,,3,1,1,1.0,7
201300012137,0013-07-05 01:00:00,13,7,5,1,0,570,303,,,,Nuit sans éclairage public,Hors agglomération,Autre intersection,Normale,Sans collision,,,,,,,,,,,3,1,9,1.0,7
201300012138,0013-07-10 17:45:00,13,7,10,17,45,570,419,,,,Plein jour,Hors agglomération,Hors intersection,Normale,Deux véhicules - arrière,,,,,,,,,,,1,1,1,1.0,2
201300012139,0013-08-25 05:45:00,13,8,25,5,45,570,606,,,,Nuit sans éclairage public,Hors agglomération,Hors intersection,Normale,Deux véhicules - arrière,,,,,,,,,,,3,1,1,1.0,2
201300012140,0013-10-07 07:30:00,13,10,7,7,30,570,73,,,,Plein jour,Hors agglomération,Hors intersection,Normale,Deux véhicules - côté,,,,,,,,,,,1,1,1,1.0,3
201300012141,0013-10-25 18:15:00,13,10,25,18,15,570,694,,,,Crépuscule ou aube,Hors agglomération,Hors intersection,Normale,Trois véhicules et plus - collisions multiples,,,,,,,,,,,2,1,1,1.0,5
201300012142,0013-10-27 01:00:00,13,10,27,1,0,570,332,,,,Nuit sans éclairage public,Hors agglomération,Hors intersection,Pluie forte,Autre collision,,,,,,,,,,,3,1,1,3.0,6
201300012143,0013-11-22 17:30:00,13,11,22,17,30,570,495,,,,Nuit sans éclairage public,Hors agglomération,Hors intersection,Pluie forte,Trois véhicules et plus - collisions multiples,,,,,,,,,,,3,1,1,3.0,5
201300012144,0013-01-15 10:30:00,13,1,15,10,30,860,174,,,,Plein jour,Hors agglomération,Autre intersection,Normale,Deux véhicules - arrière,,,,,,,,,,,1,1,9,1.0,2
201300012145,0013-04-13 14:45:00,13,4,13,14,45,860,275,,46.889,0.516,Plein jour,Hors agglomération,Hors intersection,Normale,Sans collision,,,,,,,,,,,1,1,1,1.0,7
201300012146,0013-06-03 11:15:00,13,6,3,11,15,860,7,,,,Plein jour,Hors agglomération,Hors intersection,Normale,Autre collision,,,,,,,,,,,1,1,1,1.0,6
201300012147,0013-08-29 19:15:00,13,8,29,19,15,860,297,,,,Plein jour,Hors agglomération,Hors intersection,Normale,Trois véhicules et plus - collisions multiples,,,,,,,,,,,1,1,1,1.0,5
201300012148,0013-09-21 06:00:00,13,9,21,6,0,860,66,,,,Nuit sans éclairage public,Hors agglomération,Hors intersection,Temps couvert,Autre collision,,,,,,,,,,,3,1,1,8.0,6
201300012149,0013-10-24 08:30:00,13,10,24,8,30,860,146,,,,Plein jour,Hors agglomération,Hors intersection,Temps couvert,Autre collision,,,,,,,,,,,1,1,1,8.0,6
201300012150,0013-11-04 08:45:00,13,11,4,8,45,860,62,,,,Plein jour,Hors agglomération,Hors intersection,Normale,Autre collision,,,,,,,,,,,1,1,1,1.0,6
201300012151,0013-11-12 17:30:00,13,11,12,17,30,860,158,,46.631,0.35,Crépuscule ou aube,Hors agglomération,Hors intersection,Temps couvert,Sans collision,,,,,,,,,,,2,1,1,8.0,7
201300012152,0013-01-28 20:00:00,13,1,28,20,0,360,202,,46.8254,1.63701,Nuit sans éclairage public,Hors agglomération,Hors intersection,Normale,Deux véhicules - arrière,,,,,,,,,,,3,1,1,1.0,2
201300012153,0013-02-21 04:00:00,13,2,21,4,0,360,230,,47.0551,1.8134,Nuit sans éclairage public,Hors agglomération,Hors intersection,Normale,Autre collision,,,,,,,,,,,3,1,1,1.0,6
201300012154,0013-03-17 04:00:00,13,3,17,4,0,360,122,,47.0956,1.86008,Nuit sans éclairage public,Hors agglomération,Hors intersection,Pluie légère,Autre collision,,,,,,,,,,,3,1,1,2.0,6
201300012155,0013-12-23 10:45:00,13,12,23,10,45,360,122,,47.0878,1.84117,Plein jour,Hors agglomération,Hors intersection,Normale,Autre collision,,,,,,,,,,,1,1,1,1.0,6
201300012156,0013-01-15 15:00:00,13,1,15,15,0,490,129,,47.50206,-0.50465,Plein jour,Hors agglomération,Hors intersection,Normale,Autre collision,,,,,,,,,,,1,1,1,1.0,6
201300012157,0013-02-03 05:45:00,13,2,3,5,45,490,306,,47.44288,-0.74106,Nuit sans éclairage public,Hors agglomération,Hors intersection,Normale,Autre collision,,,,,,,,,,,3,1,1,1.0,6
201300012158,0013-04-24 12:30:00,13,4,24,12,30,490,129,,47.5032,-0.50093,Plein jour,Hors agglomération,Hors intersection,Normale,Autre collision,,,,,,,,,,,1,1,1,1.0,6
201300012159,0013-08-18 09:00:00,13,8,18,9,0,490,321,,47.42494,-0.93799,Plein jour,Hors agglomération,Hors intersection,Temps couvert,Autre collision,,,,,,,,,,,1,1,1,8.0,6
201300012160,0013-08-26 11:15:00,13,8,26,11,15,490,160,,,,Plein jour,Hors agglomération,Hors intersection,Normale,Autre collision,,,,,,,,,,,1,1,1,1.0,6
201300012161,0013-09-22 15:30:00,13,9,22,15,30,490,289,A11,47.46651,-0.6914,Plein jour,Hors agglomération,Hors intersection,Normale,Autre collision,,,,,,,,,,,1,1,1,1.0,6
201300012162,0013-03-13 10:55:00,13,3,13,10,55,20,809,,,,Plein jour,Hors agglomération,Hors intersection,Neige / grêle,Autre collision,,,,,,,,,,,1,1,1,4.0,6
201300012163,0013-07-06 00:45:00,13,7,6,0,45,20,540,,,,Nuit sans éclairage public,Hors agglomération,Hors intersection,Normale,Autre collision,,,,,,,,,,,3,1,1,1.0,6
201300012164,0013-08-22 10:45:00,13,8,22,10,45,20,289,,48.98041,3.438,Plein jour,Hors agglomération,Intersection en T,Normale,Deux véhicules - côté,,,,,,,,,,,1,1,3,1.0,3
201300012165,0013-09-10 16:10:00,13,9,10,16,10,20,290,,,,Plein jour,Hors agglomération,Hors intersection,Normale,Deux véhicules - côté,,,,,,,,,,,1,1,1,1.0,3
201300012166,0013-09-14 01:15:00,13,9,14,1,15,20,297,,,,Nuit sans éclairage public,Hors agglomération,Hors intersection,Temps couvert,Autre collision,,,,,,,,,,,3,1,1,8.0,6
201300012167,0013-09-21 15:45:00,13,9,21,15,45,20,213,,,,Plein jour,Hors agglomération,Hors intersection,Normale,Deux véhicules - frontale,,,,,,,,,,,1,1,1,1.0,1
201300012168,0013-10-23 08:40:00,13,10,23,8,40,20,223,,,,Plein jour,Hors agglomération,Hors intersection,Normale,Autre collision,,,,,,,,,,,1,1,1,1.0,6
201300012169,0013-01-28 20:15:00,13,1,28,20,15,60,88,,,,Nuit sans éclairage public,Hors agglomération,Hors intersection,Pluie légère,Sans collision,,,,,,,,,,,3,1,1,2.0,7
201300012170,0013-02-24 17:45:00,13,2,24,17,45,60,67,,43.783,7.45,Crépuscule ou aube,Hors agglomération,Hors intersection,Neige / grêle,Trois véhicules et plus - en chaîne,,,,,,,,,,,2,1,1,4.0,4
201300012171,0013-03-22 16:00:00,13,3,22,16,0,60,88,,,,Plein jour,Hors agglomération,Hors intersection,Normale,Trois véhicules et plus - en chaîne,,,,,,,,,,,1,1,1,1.0,4
201300012172,0013-04-02 05:15:00,13,4,2,5,15,60,88,,43.674,7.202,Nuit sans éclairage public,Hors agglomération,Hors intersection,Normale,Autre collision,,,,,,,,,,,3,1,1,1.0,6
201300012173,0013-04-18 07:45:00,13,4,18,7,45,60,88,,,,Plein jour,Hors agglomération,Hors intersection,Normale,Sans collision,,,,,,,,,,,1,1,1,1.0,7
201300012174,0013-04-20 11:45:00,13,4,20,11,45,60,88,,,,Plein jour,Hors agglomération,Hors intersection,Normale,Autre collision,,,,,,,,,,,1,1,1,1.0,6
201300012175,0013-05-12 20:00:00,13,5,12,20,0,60,88,,,,Plein jour,Hors agglomération,Hors intersection,Normale,Autre collision,,,,,,,,,,,1,1,1,1.0,6
201300012176,0013-05-20 16:15:00,13,5,20,16,15,60,88,,43.736,7.292,Plein jour,Hors agglomération,Hors intersection,Normale,Deux véhicules - côté,,,,,,,,,,,1,1,1,1.0,3
201300012177,0013-05-29 20:15:00,13,5,29,20,15,60,150,,43.756,7.414,Plein jour,Hors agglomération,Hors intersection,Normale,Autre collision,,,,,,,,,,,1,1,1,1.0,6
201300012178,0013-06-19 17:15:00,13,6,19,17,15,60,88,,,,Plein jour,Hors agglomération,Hors intersection,Normale,Deux véhicules - arrière,,,,,,,,,,,1,1,1,1.0,2
201300012179,0013-06-15 18:15:00,13,6,15,18,15,60,88,,,,Plein jour,Hors agglomération,Hors intersection,Normale,Deux véhicules - arrière,,,,,,,,,,,1,1,1,1.0,2
201300012180,0013-07-03 16:30:00,13,7,3,16,30,60,88,,,,Plein jour,Hors agglomération,Hors intersection,Normale,Deux véhicules - arrière,,,,,,,,,,,1,1,1,1.0,2
201300012181,0013-07-11 16:30:00,13,7,11,16,30,60,150,,,,Plein jour,Hors agglomération,Hors intersection,Normale,Autre collision,,,,,,,,,,,1,1,1,1.0,6
201300012182,0013-08-17 06:15:00,13,8,17,6,15,60,149,,,,Nuit sans éclairage public,Hors agglomération,Hors intersection,Normale,Deux véhicules - arrière,,,,,,,,,,,3,1,1,1.0,2
201300012183,0013-09-09 17:15:00,13,9,9,17,15,60,88,,,,Plein jour,Hors agglomération,Hors intersection,Normale,Deux véhicules - arrière,,,,,,,,,,,1,1,1,1.0,2
201300012184,0013-11-09 12:15:00,13,11,9,12,15,60,149,,,,Plein jour,Hors agglomération,Hors intersection,Normale,Deux véhicules - arrière,,,,,,,,,,,1,1,1,1.0,2
201300012185,0013-12-08 11:15:00,13,12,8,11,15,60,88,,43.722,7.216,Plein jour,Hors agglomération,Hors intersection,Normale,Deux véhicules - arrière,,,,,,,,,,,1,1,1,1.0,2
201300012186,0013-08-19 08:30:00,13,8,19,8,30,570,168,GN 48.772 7.303,,,Crépuscule ou aube,Hors agglomération,Hors intersection,Normale,Sans collision,,,,,,,,,,,2,1,1,1.0,7
201300012187,0013-01-14 18:15:00,13,1,14,18,15,900,59,,,,Nuit sans éclairage public,Hors agglomération,Hors intersection,Normale,Trois véhicules et plus - collisions multiples,,,,,,,,,,,3,1,1,1.0,5
201300012188,0013-01-31 02:15:00,13,1,31,2,15,680,59,,47.7124,7.11997,Nuit sans éclairage public,Hors agglomération,Hors intersection,Normale,Autre collision,,,,,,,,,,,3,1,1,1.0,6
201300012189,0013-04-17 10:01:00,13,4,17,10,1,900,62,,,,Plein jour,Hors agglomération,Hors intersection,Normale,Autre collision,,,,,,,,,,,1,1,1,1.0,6
201300012190,0013-07-31 13:45:00,13,7,31,13,45,680,59,,,,Plein jour,Hors agglomération,Hors intersection,Normale,Sans collision,,,,,,,,,,,1,1,1,1.0,7
201300012191,0013-11-12 07:45:00,13,11,12,7,45,680,59,,,,Crépuscule ou aube,Hors agglomération,Hors intersection,Brouillard / fumée,Autre collision,,,,,,,,,,,2,1,1,5.0,6
201300012192,0013-01-21 08:30:00,13,1,21,8,30,660,136,,,,Plein jour,Hors agglomération,Hors intersection,Normale,Deux véhicules - arrière,,,,,,,,,,,1,1,1,1.0,2
201300012193,0013-08-01 00:45:00,13,8,1,0,45,660,214,,,,Nuit sans éclairage public,Hors agglomération,Hors intersection,Normale,Deux véhicules - frontale,,,,,,,,,,,3,1,1,1.0,1
201300012194,0013-09-09 07:30:00,13,9,9,7,30,670,444,,,,Crépuscule ou aube,Hors agglomération,Hors intersection,Temps éblouissant,Deux véhicules - arrière,,,,,,,,,,,2,1,1,7.0,2
201300012195,0013-09-29 20:45:00,13,9,29,20,45,670,417,,,,Nuit sans éclairage public,Hors agglomération,Hors intersection,Normale,Deux véhicules - arrière,,,,,,,,,,,3,1,1,1.0,2
201300012196,0013-11-03 04:30:00,13,11,3,4,30,670,33,,,,Nuit sans éclairage public,Hors agglomération,Hors intersection,Pluie légère,Autre collision,,,,,,,,,,,3,1,1,2.0,6
201300012197,0013-11-22 04:30:00,13,11,22,4,30,670,67,,,,Nuit sans éclairage public,Hors agglomération,Hors intersection,Pluie légère,Autre collision,,,,,,,,,,,3,1,1,2.0,6
201300012198,0013-02-02 18:00:00,13,2,2,18,0,620,73,,,,Crépuscule ou aube,Hors agglomération,Hors intersection,Neige / grêle,Trois véhicules et plus - collisions multiples,,,,,,,,,,,2,1,1,4.0,5
201300012199,0013-02-14 02:00:00,13,2,14,2,0,620,609,,50.36,2.781,Crépuscule ou aube,Hors agglomération,Hors intersection,Autre,Autre collision,,,,,,,,,,,2,1,1,9.0,6
201300012200,0013-03-20 14:15:00,13,3,20,14,15,620,480,,,,Plein jour,Hors agglomération,Hors intersection,Normale,Autre collision,,,,,,,,,,,1,1,1,1.0,6
201300012201,0013-04-02 08:15:00,13,4,2,8,15,620,73,,50.337,2.814,Plein jour,Hors agglomération,Hors intersection,Normale,Deux véhicules - frontale,,,,,,,,,,,1,1,1,1.0,1
201300012202,0013-05-08 08:30:00,13,5,8,8,30,620,701,,50.582,2.374,Plein jour,Hors agglomération,Hors intersection,Normale,Autre collision,,,,,,,,,,,1,1,1,1.0,6
201300012203,0013-05-25 10:15:00,13,5,25,10,15,620,32,,50.412,2.742,Plein jour,Hors agglomération,Hors intersection,Normale,Autre collision,,,,,,,,,,,1,1,1,1.0,6
201300012204,0013-05-27 07:30:00,13,5,27,7,30,620,480,,50.493,2.686,Plein jour,Hors agglomération,Hors intersection,Normale,Deux véhicules - arrière,,,,,,,,,,,1,1,1,1.0,2
201300012205,0013-07-15 02:45:00,13,7,15,2,45,620,609,,50.368,2.771,Nuit sans éclairage public,Hors agglomération,Hors intersection,Normale,Autre collision,,,,,,,,,,,3,1,1,1.0,6
201300012206,0013-09-08 19:15:00,13,9,8,19,15,620,516,,50.547,2.489,Plein jour,Hors agglomération,Hors intersection,Normale,Sans collision,,,,,,,,,,,1,1,1,1.0,7
201300012207,0013-06-29 21:15:00,13,6,29,21,15,440,142,,,,Plein jour,Hors agglomération,Hors intersection,Normale,Autre collision,,,,,,,,,,,1,1,1,1.0,6
201300012208,0013-07-03 10:15:00,13,7,3,10,15,620,794,,50.723,2.172,Plein jour,Hors agglomération,Hors intersection,Temps couvert,Autre collision,,,,,,,,,,,1,1,1,8.0,6
201300012209,0013-08-03 15:45:00,13,8,3,15,45,620,504,,,,Plein jour,Hors agglomération,Hors intersection,Normale,Autre collision,,,,,,,,,,,1,1,1,1.0,6
201300012210,0013-11-15 16:45:00,13,11,15,16,45,620,226,,,,Nuit sans éclairage public,Hors agglomération,Hors intersection,Temps couvert,Deux véhicules - arrière,,,,,,,,,,,3,1,1,8.0,2
201300012211,0013-07-01 02:45:00,13,7,1,2,45,20,95,,,,Nuit sans éclairage public,Hors agglomération,Hors intersection,Normale,Sans collision,,,,,,,,,,,3,1,1,1.0,7