accident_id,datetime,annee,mois,jour,heure,minute,departement,commune_insee,adresse,latitude,longitude,luminosite,agglomeration,intersection,meteo,collision,nb_vehicules,nb_usagers,nb_indemnes,nb_tues,nb_blesses_hosp,nb_blesses_legers,age_cond_1,age_cond_2,veh_type_cond_1,veh_type_cond_2,lum_code,agg_code,int_code,atm_code,col_code
201300012347,0013-11-04 19:05:00,13,11,4,19,5,90,122,D17,42.96029,1.58627,Nuit sans éclairage public,Hors agglomération,Hors intersection,Pluie légère,Trois véhicules et plus - collisions multiples,,,,,,,,,,,3,1,1,2.0,5
201300012348,0013-11-11 13:55:00,13,11,11,13,55,90,122,"1, ALSACE LORRAINE (AVEN",46.96302,1.6069,Plein jour,En agglomération,Hors intersection,Normale,Sans collision,,,,,,,,,,,1,2,1,1.0,7
201300012349,0013-11-22 20:15:00,13,11,22,20,15,90,122,"1, 59 R.I (PLACE DU)",42.96299,1.60886,Nuit avec éclairage allumé,En agglomération,Hors intersection,Neige / grêle,Sans collision,,,,,,,,,,,5,2,1,4.0,7
201300012350,0013-12-14 07:30:00,13,12,14,7,30,90,122,"62, LECLERC (AVENUE DU G",42.97747,1.60935,Nuit avec éclairage allumé,En agglomération,Hors intersection,Normale,Trois véhicules et plus - collisions multiples,,,,,,,,,,,5,2,1,1.0,5
201300012351,0013-12-27 14:20:00,13,12,27,14,20,90,207,D9,42.94309,1.63396,Plein jour,Hors agglomération,Hors intersection,Normale,Deux véhicules - frontale,,,,,,,,,,,1,1,1,1.0,1
201300012352,0013-01-13 00:15:00,13,1,13,0,15,910,573,rue de la mairie,,,Nuit sans éclairage public,Hors agglomération,Hors intersection,Normale,Sans collision,,,,,,,,,,,3,1,1,1.0,7
201300012353,0013-02-02 21:30:00,13,2,2,21,30,910,553,,48.624,2.485,Nuit avec éclairage allumé,En agglomération,Hors intersection,Pluie légère,Deux véhicules - frontale,,,,,,,,,,,5,2,1,2.0,1
201300012354,0013-05-13 20:15:00,13,5,13,20,15,910,577,Grande rue Charles de Ga,,,Plein jour,En agglomération,Hors intersection,Normale,Sans collision,,,,,,,,,,,1,2,1,1.0,7
201300012355,0013-07-18 20:00:00,13,7,18,20,0,910,577,5 route de melun,48.607,2.51,Plein jour,En agglomération,Hors intersection,Normale,Trois véhicules et plus - collisions multiples,,,,,,,,,,,1,2,1,1.0,5
201300012356,0013-10-23 02:00:00,13,10,23,2,0,910,577,,48.607,2.505,Nuit sans éclairage public,En agglomération,Hors intersection,Normale,Autre collision,,,,,,,,,,,3,2,1,1.0,6
201300012357,0013-10-30 09:00:00,13,10,30,9,0,910,600,avenue general de gaulle,,,Plein jour,En agglomération,Hors intersection,Normale,Deux véhicules - frontale,,,,,,,,,,,1,2,1,1.0,1
201300012358,0013-11-02 06:00:00,13,11,2,6,0,910,573,D33,48.664,2.518,Nuit sans éclairage public,Hors agglomération,Giratoire,Pluie légère,Autre collision,,,,,,,,,,,3,1,6,2.0,6
201300012359,0013-11-23 21:00:00,13,11,23,21,0,910,617,D33,,,Nuit sans éclairage public,Hors agglomération,Hors intersection,Normale,Deux véhicules - côté,,,,,,,,,,,3,1,1,1.0,3
201300012360,0013-01-09 21:15:00,13,1,9,21,15,90,225,USINES BOULEVARD DES,43.115,1.60437,Nuit sans éclairage public,En agglomération,Hors intersection,Normale,Autre collision,,,,,,,,,,,3,2,1,1.0,6
201300012361,0013-04-03 20:40:00,13,4,3,20,40,90,225,BELPECH ROUTE DE,43.13015,1.65999,Nuit sans éclairage public,Hors agglomération,Hors intersection,Normale,Sans collision,,,,,,,,,,,3,1,1,1.0,7
201300012362,0013-05-10 21:17:00,13,5,10,21,17,90,225,JEU DU MAIL CHEMIN DU,43.12262,1.60255,Nuit avec éclairage allumé,En agglomération,Intersection en Y,Normale,Autre collision,,,,,,,,,,,5,2,4,1.0,6
201300012363,0013-07-19 09:45:00,13,7,19,9,45,90,225,"0, MIREPOIX ROUTE DE",,,Plein jour,En agglomération,Giratoire,Normale,Autre collision,,,,,,,,,,,1,2,6,1.0,6
201300012364,0013-08-04 04:05:00,13,8,4,4,5,90,225,ROUTE NATIONALE 20 (VOIE,43.1439,1.60585,Nuit avec éclairage allumé,Hors agglomération,Giratoire,Normale,Autre collision,,,,,,,,,,,5,1,6,1.0,6
201300012365,0013-08-19 10:30:00,13,8,19,10,30,90,225,"5, REPUBLIQUE PLACE DE L",43.11618,1.61038,Plein jour,En agglomération,Hors intersection,Normale,Autre collision,,,,,,,,,,,1,2,1,1.0,6
201300012366,0013-11-06 18:00:00,13,11,6,18,0,90,225,"2, TERRASSA AVENUE DE",43.11504,1.61817,Nuit avec éclairage allumé,En agglomération,Intersection en Y,Pluie légère,Autre collision,,,,,,,,,,,5,2,4,2.0,6
201300012367,0013-12-03 15:35:00,13,12,3,15,35,90,225,CHARLES DE GAULLE RUE,43.11501,1.6096,Plein jour,En agglomération,Intersection en X,Normale,Deux véhicules - côté,,,,,,,,,,,1,2,2,1.0,3
201300012368,0013-02-06 13:15:00,13,2,6,13,15,310,161,,43.82,1.906,Plein jour,Hors agglomération,Hors intersection,Neige / grêle,Trois véhicules et plus - collisions multiples,,,,,,,,,,,1,1,1,4.0,5
201300012369,0013-05-31 08:00:00,13,5,31,8,0,310,37,,,,Plein jour,Hors agglomération,Hors intersection,Pluie légère,Deux véhicules - arrière,,,,,,,,,,,1,1,1,2.0,2
201300012370,0013-08-01 22:45:00,13,8,1,22,45,310,254,,,,Nuit sans éclairage public,Hors agglomération,Hors intersection,Vent fort / tempête,Trois véhicules et plus - collisions multiples,,,,,,,,,,,3,1,1,6.0,5
201300012371,0013-01-15 14:15:00,13,1,15,14,15,330,284,,44.631,-0.956,Crépuscule ou aube,Hors agglomération,Hors intersection,Normale,Autre collision,,,,,,,,,,,2,1,1,1.0,6
201300012372,0013-04-30 17:30:00,13,4,30,17,30,330,42,,,,Plein jour,Hors agglomération,Hors intersection,Normale,Trois véhicules et plus - en chaîne,,,,,,,,,,,1,1,1,1.0,4
201300012373,0013-06-08 19:00:00,13,6,8,19,0,330,498,,44.532,-0.834,Plein jour,Hors agglomération,Hors intersection,Pluie forte,Deux véhicules - côté,,,,,,,,,,,1,1,1,3.0,3
201300012374,0013-06-14 19:00:00,13,6,14,19,0,330,260,,44.503,-0.837,Plein jour,Hors agglomération,Hors intersection,Normale,Deux véhicules - frontale,,,,,,,,,,,1,1,1,1.0,1
201300012375,0013-06-20 07:45:00,13,6,20,7,45,330,122,,,,Plein jour,Hors agglomération,Hors intersection,Pluie forte,Trois véhicules et plus - collisions multiples,,,,,,,,,,,1,1,1,3.0,5
201300012376,0013-06-24 16:15:00,13,6,24,16,15,330,284,,,,Plein jour,Hors agglomération,Hors intersection,Normale,Sans collision,,,,,,,,,,,1,1,1,1.0,7
201300012377,0013-07-13 04:45:00,13,7,13,4,45,330,527,,44.616,-1.002,Nuit sans éclairage public,Hors agglomération,Hors intersection,Normale,Trois véhicules et plus - collisions multiples,,,,,,,,,,,3,1,1,1.0,5
201300012378,0013-07-21 19:30:00,13,7,21,19,30,330,284,,44.616,-1.016,Plein jour,Hors agglomération,Hors intersection,Normale,Deux véhicules - arrière,,,,,,,,,,,1,1,1,1.0,2
201300012379,0013-08-21 16:30:00,13,8,21,16,30,330,284,,,,Plein jour,Hors agglomération,Hors intersection,Normale,Deux véhicules - arrière,,,,,,,,,,,1,1,1,1.0,2
201300012380,0013-09-15 06:15:00,13,9,15,6,15,330,42,,,,Crépuscule ou aube,Hors agglomération,Hors intersection,Normale,Deux véhicules - arrière,,,,,,,,,,,2,1,1,1.0,2
201300012381,0013-10-29 02:45:00,13,10,29,2,45,330,284,,44.637,-0.85,Nuit sans éclairage public,Hors agglomération,Hors intersection,Pluie légère,Autre collision,,,,,,,,,,,3,1,1,2.0,6
201300012382,0013-11-12 13:15:00,13,11,12,13,15,330,284,,44.676,-0.806,Plein jour,Hors agglomération,Hors intersection,Normale,Deux véhicules - frontale,,,,,,,,,,,1,1,1,1.0,1
201300012383,0013-02-26 07:15:00,13,2,26,7,15,740,208,,45.518,6.29,Crépuscule ou aube,Hors agglomération,Hors intersection,Temps couvert,Autre collision,,,,,,,,,,,2,1,1,8.0,6
201300012384,0013-03-26 14:45:00,13,3,26,14,45,740,208,,,,Plein jour,Hors agglomération,Hors intersection,Pluie légère,Sans collision,,,,,,,,,,,1,1,1,2.0,7
201300012385,0013-06-19 11:00:00,13,6,19,11,0,740,56,,,,Plein jour,Hors agglomération,Hors intersection,Normale,Autre collision,,,,,,,,,,,1,1,1,1.0,6
201300012386,0013-08-24 05:45:00,13,8,24,5,45,740,143,,,,Crépuscule ou aube,Hors agglomération,Hors intersection,Normale,Sans collision,,,,,,,,,,,2,1,1,1.0,7
201300012387,0013-02-01 00:01:00,13,2,1,0,1,460,40,,44.51175,1.66692,Nuit sans éclairage public,Hors agglomération,Hors intersection,Pluie légère,Autre collision,,,,,,,,,,,3,1,1,2.0,6
201300012388,0013-09-02 14:45:00,13,9,2,14,45,460,77,,44.524,1.55516,Plein jour,Hors agglomération,Intersection en T,Normale,Sans collision,,,,,,,,,,,1,1,3,1.0,7
201300012389,0013-10-31 11:15:00,13,10,31,11,15,460,10,,44.4162,1.56771,Plein jour,Hors agglomération,Intersection en T,Normale,Deux véhicules - côté,,,,,,,,,,,1,1,3,1.0,3
201300012390,0013-11-01 20:15:00,13,11,1,20,15,460,49,,44.43324,1.80904,Nuit sans éclairage public,Hors agglomération,Hors intersection,Pluie légère,Sans collision,,,,,,,,,,,3,1,1,2.0,7
201300012391,0013-03-22 17:30:00,13,3,22,17,30,690,86,,45.844,4.634,Plein jour,Hors agglomération,Hors intersection,Normale,Deux véhicules - arrière,,,,,,,,,,,1,1,1,1.0,2
201300012392,0013-06-08 06:15:00,13,6,8,6,15,690,32,,45.851,4.571,Plein jour,Hors agglomération,Hors intersection,Normale,Autre collision,,,,,,,,,,,1,1,1,1.0,6
201300012393,0013-10-12 23:00:00,13,10,12,23,0,690,86,,45.842,4.658,Nuit sans éclairage public,Hors agglomération,Hors intersection,Normale,Autre collision,,,,,,,,,,,3,1,1,1.0,6
201300012394,0013-12-13 08:00:00,13,12,13,8,0,690,112,,,,Plein jour,Hors agglomération,Hors intersection,Brouillard / fumée,Trois véhicules et plus - en chaîne,,,,,,,,,,,1,1,1,5.0,4
201300012395,0013-03-10 15:15:00,13,3,10,15,15,720,360,,,,Plein jour,Hors agglomération,Hors intersection,Normale,Sans collision,,,,,,,,,,,1,1,1,1.0,7
201300012396,0013-11-15 17:45:00,13,11,15,17,45,720,149,,,,Nuit sans éclairage public,Hors agglomération,Hors intersection,Normale,Deux véhicules - arrière,,,,,,,,,,,3,1,1,1.0,2
201300012397,0013-01-16 20:15:00,13,1,16,20,15,680,278,,47.76978,7.41297,Nuit sans éclairage public,Hors agglomération,Hors intersection,Normale,Trois véhicules et plus - collisions multiples,,,,,,,,,,,3,1,1,1.0,5
201300012398,0013-01-24 19:30:00,13,1,24,19,30,680,103,,47.68055,7.40056,Nuit sans éclairage public,Hors agglomération,Hors intersection,Normale,Deux véhicules - frontale,,,,,,,,,,,3,1,1,1.0,1
201300012399,0013-05-11 07:30:00,13,5,11,7,30,680,42,,47.62104,7.51186,Plein jour,Hors agglomération,Hors intersection,Normale,Deux véhicules - côté,,,,,,,,,,,1,1,1,1.0,3
201300012400,0013-08-17 13:30:00,13,8,17,13,30,680,300,,47.78007,7.40388,Plein jour,Hors agglomération,Hors intersection,Normale,Sans collision,,,,,,,,,,,1,1,1,1.0,7
201300012401,0013-10-04 12:45:00,13,10,4,12,45,680,300,,47.78019,7.4015,Plein jour,Hors agglomération,Hors intersection,Normale,Autre collision,,,,,,,,,,,1,1,1,1.0,6
201300012402,0013-01-31 16:00:00,13,1,31,16,0,530,201,,48.09857,-0.85072,Plein jour,Hors agglomération,Hors intersection,Normale,Sans collision,,,,,,,,,,,1,1,1,1.0,7
201300012403,0013-03-03 10:00:00,13,3,3,10,0,530,7,,48.07466,-0.60296,Plein jour,Hors agglomération,Hors intersection,Normale,Sans collision,,,,,,,,,,,1,1,1,1.0,7
201300012404,0013-08-07 04:15:00,13,8,7,4,15,530,7,,48.07505,-0.62049,Nuit sans éclairage public,Hors agglomération,Hors intersection,Normale,Sans collision,,,,,,,,,,,3,1,1,1.0,7
201300012405,0013-10-07 20:30:00,13,10,7,20,30,530,34,,48.09986,-0.71816,Nuit sans éclairage public,Hors agglomération,Hors intersection,Normale,Deux véhicules - côté,,,,,,,,,,,3,1,1,1.0,3
201300012406,0013-01-15 08:30:00,13,1,15,8,30,440,35,,,,Plein jour,Hors agglomération,Hors intersection,Normale,Deux véhicules - arrière,,,,,,,,,,,1,1,1,1.0,2
201300012407,0013-03-28 16:30:00,13,3,28,16,30,440,35,a11,,,Plein jour,Hors agglomération,Hors intersection,Normale,Deux véhicules - arrière,,,,,,,,,,,1,1,1,1.0,2
201300012408,0013-03-28 17:15:00,13,3,28,17,15,440,35,,,,Plein jour,Hors agglomération,Hors intersection,Normale,Trois véhicules et plus - en chaîne,,,,,,,,,,,1,1,1,1.0,4
201300012409,0013-06-13 19:30:00,13,6,13,19,30,440,163,,,,Plein jour,Hors agglomération,Hors intersection,Normale,Autre collision,,,,,,,,,,,1,1,1,1.0,6
201300012410,0013-06-16 00:45:00,13,6,16,0,45,440,48,,,,Nuit sans éclairage public,Hors agglomération,Hors intersection,Normale,Sans collision,,,,,,,,,,,3,1,1,1.0,7
201300012411,0013-07-28 12:45:00,13,7,28,12,45,440,26,,,,Plein jour,Hors agglomération,Hors intersection,Normale,Autre collision,,,,,,,,,,,1,1,1,1.0,6
201300012412,0013-08-23 12:45:00,13,8,23,12,45,440,3,,,,Plein jour,Hors agglomération,Hors intersection,Normale,Deux véhicules - arrière,,,,,,,,,,,1,1,1,1.0,2
201300012413,0013-10-01 20:00:00,13,10,1,20,0,440,213,,47.425,-1.026,Nuit sans éclairage public,Hors agglomération,Hors intersection,Temps couvert,Autre collision,,,,,,,,,,,3,1,1,8.0,6
201300012414,0013-10-09 19:45:00,13,10,9,19,45,440,163,,,,Nuit sans éclairage public,Hors agglomération,Hors intersection,Normale,Autre collision,,,,,,,,,,,3,1,1,1.0,6
201300012415,0013-10-26 18:30:00,13,10,26,18,30,440,3,,,,Plein jour,Hors agglomération,Hors intersection,Normale,Sans collision,,,,,,,,,,,1,1,1,1.0,7
201300012416,0013-01-03 18:45:00,13,1,3,18,45,470,201,,44.1632,0.59891,Nuit sans éclairage public,Hors agglomération,Autre intersection,Normale,Deux véhicules - côté,,,,,,,,,,,3,1,9,1.0,3
201300012417,0013-06-18 08:45:00,13,6,18,8,45,470,238,,,,Plein jour,Hors agglomération,Hors intersection,Pluie forte,Deux véhicules - arrière,,,,,,,,,,,1,1,1,3.0,2
201300012418,0013-08-14 16:15:00,13,8,14,16,15,470,41,,,,Plein jour,Hors agglomération,Hors intersection,Normale,Sans collision,,,,,,,,,,,1,1,1,1.0,7
201300012419,0013-01-21 16:30:00,13,1,21,16,30,820,33,,,,Plein jour,Hors agglomération,Hors intersection,Neige / grêle,Trois véhicules et plus - collisions multiples,,,,,,,,,,,1,1,1,4.0,5
201300012420,0013-03-09 16:15:00,13,3,9,16,15,820,25,,,,Plein jour,Hors agglomération,Hors intersection,Normale,Sans collision,,,,,,,,,,,1,1,1,1.0,7
201300012421,0013-04-08 14:30:00,13,4,8,14,30,820,31,,,,Plein jour,Hors agglomération,Hors intersection,Normale,Deux véhicules - arrière,,,,,,,,,,,1,1,1,1.0,2
201300012422,0013-04-23 16:45:00,13,4,23,16,45,820,25,,,,Plein jour,Hors agglomération,Hors intersection,Normale,Autre collision,,,,,,,,,,,1,1,1,1.0,6
201300012423,0013-07-16 17:15:00,13,7,16,17,15,820,25,,,,Plein jour,Hors agglomération,Hors intersection,Normale,Trois véhicules et plus - en chaîne,,,,,,,,,,,1,1,1,1.0,4
201300012424,0013-08-01 10:30:00,13,8,1,10,30,820,37,,,,Plein jour,Hors agglomération,Hors intersection,Normale,Autre collision,,,,,,,,,,,1,1,1,1.0,6
201300012425,0013-09-29 17:15:00,13,9,29,17,15,820,123,,,,Plein jour,Hors agglomération,Hors intersection,Pluie légère,Autre collision,,,,,,,,,,,1,1,1,2.0,6
201300012426,0013-10-03 07:15:00,13,10,3,7,15,820,125,,,,Nuit sans éclairage public,Hors agglomération,Hors intersection,Normale,Autre collision,,,,,,,,,,,3,1,1,1.0,6
201300012427,0013-01-13 03:30:00,13,1,13,3,30,201,270,20151,42.0628,8.82664,Nuit sans éclairage public,En agglomération,Hors intersection,Pluie forte,Sans collision,,,,,,,,,,,3,2,1,3.0,7
201300012428,0013-05-21 13:15:00,13,5,21,13,15,201,65,,42.17194,8.60838,Plein jour,Hors agglomération,Hors intersection,Normale,Deux véhicules - frontale,,,,,,,,,,,1,1,1,1.0,1
201300012429,0013-07-21 23:30:00,13,7,21,23,30,201,90,20160,,,Nuit sans éclairage public,Hors agglomération,Hors intersection,Normale,Deux véhicules - frontale,,,,,,,,,,,3,1,1,1.0,1
201300012430,0013-12-02 09:30:00,13,12,2,9,30,390,101,,,,Nuit sans éclairage public,Hors agglomération,Hors intersection,Autre,Deux véhicules - arrière,,,,,,,,,,,3,1,1,9.0,2
201300012431,0013-01-07 07:15:00,13,1,7,7,15,380,397,CH QUARTALLEES,45.25,5.83621,Crépuscule ou aube,En agglomération,Intersection en Y,Normale,Deux véhicules - frontale,,,,,,,,,,,2,2,4,1.0,1
201300012432,0013-03-11 06:45:00,13,3,11,6,45,380,229,27 boulevard des Alpes,,,Crépuscule ou aube,En agglomération,Hors intersection,Temps couvert,Deux véhicules - frontale,,,,,,,,,,,2,2,1,8.0,1
201300012433,0013-03-26 18:15:00,13,3,26,18,15,380,140,Avenue de l'Abbaye,,,Plein jour,En agglomération,Giratoire,Normale,Deux véhicules - frontale,,,,,,,,,,,1,2,6,1.0,1
201300012434,0013-04-09 18:00:00,13,4,9,18,0,380,229,,,,Plein jour,En agglomération,Hors intersection,Pluie légère,Autre collision,,,,,,,,,,,1,2,1,2.0,6
201300012435,0013-12-13 13:15:00,13,12,13,13,15,380,140,rd1090,,,Plein jour,En agglomération,Hors intersection,Normale,Deux véhicules - côté,,,,,,,,,,,1,2,1,1.0,3
201300012436,0013-02-08 19:00:00,13,2,8,19,0,60,85,route de vallauris pk5.9,,,Nuit avec éclairage allumé,En agglomération,Hors intersection,Normale,Deux véhicules - frontale,,,,,,,,,,,5,2,1,1.0,1
201300012437,0013-02-22 19:45:00,13,2,22,19,45,60,85,,,,Nuit sans éclairage public,Hors agglomération,Hors intersection,Pluie légère,Deux véhicules - frontale,,,,,,,,,,,3,1,1,2.0,1
201300012438,0013-02-28 08:30:00,13,2,28,8,30,60,85,961 avenue saint martin,,,Plein jour,En agglomération,Hors intersection,Normale,Sans collision,,,,,,,,,,,1,2,1,1.0,7
201300012439,0013-04-12 16:00:00,13,4,12,16,0,60,85,chemin des campeli?res,,,Plein jour,En agglomération,Hors intersection,Normale,Deux véhicules - côté,,,,,,,,,,,1,2,1,1.0,3
201300012440,0013-04-22 23:30:00,13,4,22,23,30,60,85,rd pt de la lib?ration,,,Nuit avec éclairage allumé,En agglomération,Giratoire,Normale,Deux véhicules - côté,,,,,,,,,,,5,2,6,1.0,3
201300012441,0013-04-15 09:00:00,13,4,15,9,0,60,85,rond point de liberation,,,Plein jour,En agglomération,Giratoire,Normale,Deux véhicules - côté,,,,,,,,,,,1,2,6,1.0,3
201300012442,0013-06-02 00:30:00,13,6,2,0,30,60,85,,,,Nuit avec éclairage allumé,Hors agglomération,Hors intersection,Normale,Autre collision,,,,,,,,,,,5,1,1,1.0,6
201300012443,0013-06-29 11:00:00,13,6,29,11,0,60,85,chemin de carima?,,,Plein jour,En agglomération,Hors intersection,Normale,Deux véhicules - frontale,,,,,,,,,,,1,2,1,1.0,1
201300012444,0013-07-22 18:45:00,13,7,22,18,45,60,85,D6185 - BORNE 1 - 933 M,,,Plein jour,En agglomération,Intersection en X,Normale,Deux véhicules - côté,,,,,,,,,,,1,2,2,1.0,3
201300012445,0013-10-02 07:15:00,13,10,2,7,15,60,85,route de la Roquette,,,Plein jour,En agglomération,Giratoire,Normale,Deux véhicules - côté,,,,,,,,,,,1,2,6,1.0,3
201300012446,0013-10-21 19:15:00,13,10,21,19,15,60,85,"RD 809 PK 3,5",,,Nuit avec éclairage allumé,En agglomération,Hors intersection,Normale,Deux véhicules - côté,,,,,,,,,,,5,2,1,1.0,3
201300012447,0013-11-05 05:00:00,13,11,5,5,0,60,85,P?n?trante R.D 6185,,,Nuit sans éclairage public,En agglomération,Hors intersection,Normale,Deux véhicules - côté,,,,,,,,,,,3,2,1,1.0,3
201300012448,0013-12-04 13:00:00,13,12,4,13,0,60,85,,,,Plein jour,Hors agglomération,Giratoire,Normale,Deux véhicules - frontale,,,,,,,,,,,1,1,6,1.0,1
201300012449,0013-01-11 09:45:00,13,1,11,9,45,780,189,RD307,48.88682,1.90869,Plein jour,Hors agglomération,Hors intersection,Normale,Deux véhicules - côté,,,,,,,,,,,1,1,1,1.0,3
201300012450,0013-06-17 10:30:00,13,6,17,10,30,780,189,,,,Plein jour,Hors agglomération,Hors intersection,Pluie forte,Trois véhicules et plus - collisions multiples,,,,,,,,,,,1,1,1,3.0,5
201300012451,0013-06-23 18:00:00,13,6,23,18,0,780,10,,,,Plein jour,En agglomération,Hors intersection,Normale,Deux véhicules - côté,,,,,,,,,,,1,2,1,1.0,3
201300012452,0013-10-09 09:45:00,13,10,9,9,45,780,466,ROUTE DEPARTEMENTALE 153,,,Plein jour,En agglomération,Hors intersection,Autre,Deux véhicules - frontale,,,,,,,,,,,1,2,1,9.0,1
201300012453,0013-05-06 11:30:00,13,5,6,11,30,330,122,,44.735,-0.64,Plein jour,Hors agglomération,Intersection en X,Normale,Deux véhicules - frontale,,,,,,,,,,,1,1,2,1.0,1
201300012454,0013-09-10 15:30:00,13,9,10,15,30,330,122,chemin des sources,,,Plein jour,En agglomération,Autre intersection,Normale,Autre collision,,,,,,,,,,,1,2,9,1.0,6
201300012455,0013-10-04 08:00:00,13,10,4,8,0,330,122,av Ferdinand de lesseps,,,Plein jour,En agglomération,Hors intersection,Pluie forte,Deux véhicules - frontale,,,,,,,,,,,1,2,1,3.0,1
201300012456,0013-12-11 18:45:00,13,12,11,18,45,340,199,29 Fg des Cordelliers,43.467,3.434,Nuit sans éclairage public,En agglomération,Hors intersection,Normale,Autre collision,,,,,,,,,,,3,2,1,1.0,6
201300012457,0013-01-31 09:00:00,13,1,31,9,0,660,213,,,,Plein jour,Hors agglomération,Hors intersection,Normale,Deux véhicules - arrière,,,,,,,,,,,1,1,1,1.0,2
201300012458,0013-05-10 08:45:00,13,5,10,8,45,660,195,avenue victor hugo,42.68155,2.79228,Plein jour,En agglomération,Hors intersection,Normale,Autre collision,,,,,,,,,,,1,2,1,1.0,6
201300012459,0013-07-20 07:00:00,13,7,20,7,0,660,195,D916-Avenue Jean Jaures,,,Plein jour,En agglomération,Hors intersection,Normale,Autre collision,,,,,,,,,,,1,2,1,1.0,6
201300012460,0013-09-01 05:45:00,13,9,1,5,45,660,213,,,,Nuit sans éclairage public,Hors agglomération,Hors intersection,Normale,Sans collision,,,,,,,,,,,3,1,1,1.0,7
201300012461,0013-01-27 14:15:00,13,1,27,14,15,670,462,,,,Plein jour,Hors agglomération,Hors intersection,Temps couvert,Autre collision,,,,,,,,,,,1,1,1,8.0,6
201300012462,0013-03-16 03:00:00,13,3,16,3,0,670,329,,,,Nuit sans éclairage public,Hors agglomération,Hors intersection,Normale,Autre collision,,,,,,,,,,,3,1,1,1.0,6
201300012463,0013-05-19 03:00:00,13,5,19,3,0,670,462,,,,Nuit sans éclairage public,Hors agglomération,Autre intersection,Normale,Autre collision,,,,,,,,,,,3,1,9,1.0,6
201300012464,0013-06-16 14:00:00,13,6,16,14,0,670,112,,,,Plein jour,Hors agglomération,Hors intersection,Normale,Deux véhicules - frontale,,,,,,,,,,,1,1,1,1.0,1
201300012465,0013-07-09 08:45:00,13,7,9,8,45,670,155,,,,Plein jour,Hors agglomération,Hors intersection,Normale,Deux véhicules - arrière,,,,,,,,,,,1,1,1,1.0,2
201300012466,0013-09-07 12:45:00,13,9,7,12,45,670,125,,,,Plein jour,Hors agglomération,Hors intersection,Normale,Autre collision,,,,,,,,,,,1,1,1,1.0,6
201300012467,0013-10-03 23:00:00,13,10,3,23,0,670,101,,,,Nuit sans éclairage public,Hors agglomération,Hors intersection,Normale,Autre collision,,,,,,,,,,,3,1,1,1.0,6
201300012468,0013-04-07 16:00:00,13,4,7,16,0,790,31,,,,Plein jour,Hors agglomération,Hors intersection,Normale,Deux véhicules - côté,,,,,,,,,,,1,1,1,1.0,3
201300012469,0013-08-11 12:00:00,13,8,11,12,0,790,3,,,,Plein jour,Hors agglomération,Hors intersection,Normale,Sans collision,,,,,,,,,,,1,1,1,1.0,7
201300012470,0013-03-21 20:45:00,13,3,21,20,45,740,118,,,,Nuit sans éclairage public,Hors agglomération,Hors intersection,Normale,Deux véhicules - côté,,,,,,,,,,,3,1,1,1.0,3
201300012471,0013-04-23 11:15:00,13,4,23,11,15,740,201,,,,Plein jour,Hors agglomération,Hors intersection,Normale,Deux véhicules - arrière,,,,,,,,,,,1,1,1,1.0,2
201300012472,0013-05-22 04:45:00,13,5,22,4,45,740,44,,,,Nuit sans éclairage public,Hors agglomération,Hors intersection,Normale,Deux véhicules - arrière,,,,,,,,,,,3,1,1,1.0,2
201300012473,0013-07-28 18:30:00,13,7,28,18,30,740,82,,,,Plein jour,Hors agglomération,Hors intersection,Pluie forte,Autre collision,,,,,,,,,,,1,1,1,3.0,6
201300012474,0013-09-25 07:15:00,13,9,25,7,15,740,243,,,,Crépuscule ou aube,Hors agglomération,Hors intersection,Normale,Sans collision,,,,,,,,,,,2,1,1,1.0,7
201300012475,0013-10-03 16:30:00,13,10,3,16,30,740,243,,,,Plein jour,Hors agglomération,Hors intersection,Normale,Deux véhicules - arrière,,,,,,,,,,,1,1,1,1.0,2
201300012476,0013-10-20 12:15:00,13,10,20,12,15,740,201,,,,Plein jour,Hors agglomération,Hors intersection,Pluie forte,Autre collision,,,,,,,,,,,1,1,1,3.0,6
201300012477,0013-01-15 18:15:00,13,1,15,18,15,220,182,LA GRENOUILLERE,48.54795,-2.9608,Nuit avec éclairage allumé,En agglomération,Intersection en T,Pluie forte,Deux véhicules - côté,,,,,,,,,,,5,2,3,3.0,3
201300012478,0013-04-04 18:30:00,13,4,4,18,30,220,182,la Braguette,48.53317,-2.93864,Plein jour,Hors agglomération,Intersection en Y,Temps couvert,Deux véhicules - arrière,,,,,,,,,,,1,1,4,8.0,2
201300012479,0013-04-26 16:45:00,13,4,26,16,45,220,187,SAINTE CROIX,48.54876,-2.79408,Plein jour,Hors agglomération,Hors intersection,Normale,Autre collision,,,,,,,,,,,1,1,1,1.0,6
201300012480,0013-05-26 21:15:00,13,5,26,21,15,220,372,LE VAU MENO,48.52203,-2.83473,Plein jour,Hors agglomération,Intersection en T,Normale,Deux véhicules - côté,,,,,,,,,,,1,1,3,1.0,3