accident_id,datetime,annee,mois,jour,heure,minute,departement,commune_insee,adresse,latitude,longitude,luminosite,agglomeration,intersection,meteo,collision,nb_vehicules,nb_usagers,nb_indemnes,nb_tues,nb_blesses_hosp,nb_blesses_legers,age_cond_1,age_cond_2,veh_type_cond_1,veh_type_cond_2,lum_code,agg_code,int_code,atm_code,col_code
201300012750,0013-03-26 08:40:00,13,3,26,8,40,100,81,"2, PRESIDENT RENE COTY (",,,Plein jour,En agglomération,Hors intersection,Normale,Autre collision,,,,,,,,,,,1,2,1,1.0,6
201300012751,0013-03-31 20:00:00,13,3,31,20,0,100,297,Rocade EST,,,Plein jour,Hors agglomération,Hors intersection,Normale,Autre collision,,,,,,,,,,,1,1,1,1.0,6
201300012752,0013-04-04 11:52:00,13,4,4,11,52,100,333,"31, CHARLES BALTET (RUE)",,,Plein jour,En agglomération,Hors intersection,Normale,Deux véhicules - arrière,,,,,,,,,,,1,2,1,1.0,2
201300012753,0013-04-05 19:15:00,13,4,5,19,15,100,387,"63, PASTEUR (RUE)",48.30197,4.06361,Plein jour,En agglomération,Hors intersection,Normale,Autre collision,,,,,,,,,,,1,2,1,1.0,6
201300012754,0013-04-06 04:35:00,13,4,6,4,35,100,333,ROCADE OUEST (RD 610),48.2788,4.04188,Crépuscule ou aube,En agglomération,Hors intersection,Normale,Autre collision,,,,,,,,,,,2,2,1,1.0,6
201300012755,0013-04-12 12:35:00,13,4,12,12,35,100,387,"1, CHALMEL (RUE)",48.295,4.06425,Plein jour,En agglomération,Hors intersection,Normale,Autre collision,,,,,,,,,,,1,2,1,1.0,6
201300012756,0013-04-15 08:35:00,13,4,15,8,35,100,387,"7, VOULDY (CHAUSSEE DU)",48.29358,4.08362,Plein jour,En agglomération,Hors intersection,Normale,Autre collision,,,,,,,,,,,1,2,1,1.0,6
201300012757,0013-04-20 19:20:00,13,4,20,19,20,100,333,"102, AUXERRE (ROUTE)",48.26916,4.04891,Plein jour,En agglomération,Autre intersection,Normale,Deux véhicules - côté,,,,,,,,,,,1,2,9,1.0,3
201300012758,0013-04-30 10:40:00,13,4,30,10,40,100,387,ANATOLE FRANCE (RUE),,,Plein jour,En agglomération,Hors intersection,Normale,Autre collision,,,,,,,,,,,1,2,1,1.0,6
201300012759,0013-04-30 14:20:00,13,4,30,14,20,100,81,"03, MARCEL DEFRANCE (RUE",48.30782,4.02941,Plein jour,En agglomération,Hors intersection,Pluie légère,Autre collision,,,,,,,,,,,1,2,1,2.0,6
201300012760,0013-05-06 17:45:00,13,5,6,17,45,100,387,TURENNE (RUE DE),48.29296,4.07356,Plein jour,En agglomération,Hors intersection,Pluie légère,Autre collision,,,,,,,,,,,1,2,1,2.0,6
201300012761,0013-05-15 16:40:00,13,5,15,16,40,100,387,"16, CARNOT (RUE)",48.29661,4.0665,Plein jour,En agglomération,Hors intersection,Normale,Deux véhicules - arrière,,,,,,,,,,,1,2,1,1.0,2
201300012762,0013-05-18 06:50:00,13,5,18,6,50,100,362,RD 660,,,Crépuscule ou aube,En agglomération,Hors intersection,Normale,Sans collision,,,,,,,,,,,2,2,1,1.0,7
201300012763,0013-05-27 11:15:00,13,5,27,11,15,100,333,"68, AUXERRE (ROUTE)",48.28066,4.06915,Plein jour,En agglomération,Hors intersection,Normale,Deux véhicules - arrière,,,,,,,,,,,1,2,1,1.0,2
201300012764,0013-05-21 17:45:00,13,5,21,17,45,100,387,Anatole France (Ave),48.28425,4.07297,Plein jour,En agglomération,Hors intersection,Pluie légère,Autre collision,,,,,,,,,,,1,2,1,2.0,6
201300012765,0013-05-24 15:35:00,13,5,24,15,35,100,387,"17,  R.A.M (BDL DU 1er)",48.29151,4.07158,Plein jour,En agglomération,Hors intersection,Temps couvert,Autre collision,,,,,,,,,,,1,2,1,8.0,6
201300012766,0013-05-29 22:35:00,13,5,29,22,35,100,387,1 R.A.M (BDL DU),48.2914,4.07097,Nuit avec éclairage allumé,En agglomération,Intersection en X,Normale,Deux véhicules - côté,,,,,,,,,,,5,2,2,1.0,3
201300012767,0013-05-29 08:48:00,13,5,29,8,48,100,387,MAJOR GENERAL VANIER (AV,48.3118,4.06604,Plein jour,En agglomération,Intersection en X,Normale,Trois véhicules et plus - collisions multiples,,,,,,,,,,,1,2,2,1.0,5
201300012768,0013-05-06 11:20:00,13,5,6,11,20,100,387,REINE BLANCHE (RUE),,,Plein jour,En agglomération,Intersection en T,Normale,Deux véhicules - frontale,,,,,,,,,,,1,2,3,1.0,1
201300012769,0013-06-01 10:40:00,13,6,1,10,40,100,362,DAMES (RUE DES),,,Plein jour,En agglomération,Autre intersection,Normale,Autre collision,,,,,,,,,,,1,2,9,1.0,6
201300012770,0013-06-12 18:23:00,13,6,12,18,23,100,387,"112, EDOUARD HERRIOT (AV",48.27097,4.08438,Plein jour,En agglomération,Hors intersection,Normale,Autre collision,,,,,,,,,,,1,2,1,1.0,6
201300012771,0013-06-04 19:35:00,13,6,4,19,35,100,387,JACQUIN (RUE),48.30398,4.08086,Plein jour,En agglomération,Hors intersection,Normale,Deux véhicules - arrière,,,,,,,,,,,1,2,1,1.0,2
201300012772,0013-06-17 08:15:00,13,6,17,8,15,100,387,"30, GRAND VEON (RUE DU)",48.29357,4.10047,Plein jour,En agglomération,Hors intersection,Normale,Deux véhicules - frontale,,,,,,,,,,,1,2,1,1.0,1
201300012773,0013-06-21 08:45:00,13,6,21,8,45,100,387,"44, CARNOT (BD)",48.29522,4.06744,Plein jour,En agglomération,Hors intersection,Normale,Autre collision,,,,,,,,,,,1,2,1,1.0,6
201300012774,0013-06-21 15:25:00,13,6,21,15,25,100,357,RD619,,,Plein jour,Hors agglomération,Hors intersection,Normale,Deux véhicules - frontale,,,,,,,,,,,1,1,1,1.0,1
201300012775,0013-06-05 20:20:00,13,6,5,20,20,100,362,"50, NOES (RUE DES)",,,Plein jour,En agglomération,Hors intersection,Normale,Deux véhicules - arrière,,,,,,,,,,,1,2,1,1.0,2
201300012776,0013-06-26 07:45:00,13,6,26,7,45,100,81,JEAN MOULIN (RUE),,,Plein jour,En agglomération,Intersection en T,Normale,Deux véhicules - côté,,,,,,,,,,,1,2,3,1.0,3
201300012777,0013-06-28 17:25:00,13,6,28,17,25,100,387,TOUR (RUE DE LA),48.30241,4.07616,Plein jour,En agglomération,Intersection en T,Temps couvert,Autre collision,,,,,,,,,,,1,2,3,8.0,6
201300012778,0013-06-06 11:25:00,13,6,6,11,25,100,362,"8, DANTON (RUE)",,,Plein jour,En agglomération,Hors intersection,Normale,Autre collision,,,,,,,,,,,1,2,1,1.0,6
201300012779,0013-07-09 16:20:00,13,7,9,16,20,100,387,THENARD (RUE),48.26845,4.0863,Plein jour,En agglomération,Giratoire,Normale,Deux véhicules - côté,,,,,,,,,,,1,2,6,1.0,3
201300012780,0013-07-10 10:25:00,13,7,10,10,25,100,387,QUINZE VINGT (RUE),48.2969,4.07141,Plein jour,En agglomération,Intersection en X,Normale,Deux véhicules - côté,,,,,,,,,,,1,2,2,1.0,3
201300012781,0013-07-19 14:35:00,13,7,19,14,35,100,362,GENERAL GALLIENI (RUE DU,48.29412,4.05702,Plein jour,En agglomération,Intersection en T,Normale,Deux véhicules - côté,,,,,,,,,,,1,2,3,1.0,3
201300012782,0013-07-26 08:50:00,13,7,26,8,50,100,387,"101, ANATOLE FRANCE (RUE",48.2799,4.06835,Plein jour,En agglomération,Hors intersection,Normale,Autre collision,,,,,,,,,,,1,2,1,1.0,6
201300012783,0013-07-12 17:27:00,13,7,12,17,27,100,333,AUXERRE (ROUTE),48.26833,4.04753,Plein jour,En agglomération,Hors intersection,Normale,Trois véhicules et plus - en chaîne,,,,,,,,,,,1,2,1,1.0,4
201300012784,0013-08-04 13:32:00,13,8,4,13,32,100,387,"31, ETIENNE PEDRON (RUE)",48.30678,4.07664,Plein jour,En agglomération,Intersection en X,Normale,Deux véhicules - côté,,,,,,,,,,,1,2,2,1.0,3
201300012785,0013-08-08 17:05:00,13,8,8,17,5,100,387,"195, GENERAL LECLERC (RU",48.30948,4.05408,Plein jour,En agglomération,Hors intersection,Normale,Deux véhicules - côté,,,,,,,,,,,1,2,1,1.0,3
201300012786,0013-07-24 19:25:00,13,7,24,19,25,100,387,HENRI BARBUSSE (RUE),48.30046,4.08683,Plein jour,En agglomération,Intersection en T,Normale,Deux véhicules - côté,,,,,,,,,,,1,2,3,1.0,3
201300012787,0013-08-21 00:42:00,13,8,21,0,42,100,362,"75, PAUL DOUMER (RUE)",48.2898,4.04884,Nuit sans éclairage public,En agglomération,Hors intersection,Normale,Autre collision,,,,,,,,,,,3,2,1,1.0,6
201300012788,0013-07-22 11:20:00,13,7,22,11,20,100,387,GENDRET DE LA BONDE (RUE,48.30475,4.07099,Plein jour,En agglomération,Intersection en X,Normale,Autre collision,,,,,,,,,,,1,2,2,1.0,6
201300012789,0013-08-23 19:15:00,13,8,23,19,15,100,387,GEORGES POMPIDOU (RUE),48.2913,4.08852,Crépuscule ou aube,En agglomération,Giratoire,Normale,Autre collision,,,,,,,,,,,2,2,6,1.0,6
201300012790,0013-09-04 15:45:00,13,9,4,15,45,100,333,"17, CHARLES BALTET (RUE)",48.28506,4.05627,Plein jour,En agglomération,Hors intersection,Normale,Autre collision,,,,,,,,,,,1,2,1,1.0,6
201300012791,0013-09-04 18:36:00,13,9,4,18,36,100,387,MAJOR GENERAL VANIER (AV,48.30354,4.07292,Plein jour,En agglomération,Intersection en X,Normale,Deux véhicules - côté,,,,,,,,,,,1,2,2,1.0,3
201300012792,0013-08-09 19:20:00,13,8,9,19,20,100,387,ROMAIN ROLLAND (RUE),48.27158,4.08306,Plein jour,En agglomération,Hors intersection,Normale,Autre collision,,,,,,,,,,,1,2,1,1.0,6
201300012793,0013-09-14 11:42:00,13,9,14,11,42,100,387,CHOMEDEY DE MAISONNEUVE,,,Plein jour,En agglomération,Hors intersection,Normale,Deux véhicules - arrière,,,,,,,,,,,1,2,1,1.0,2
201300012794,0013-09-15 16:25:00,13,9,15,16,25,100,387,ALEXANDRE LEYMERIE (RUE),48.30688,4.04219,Plein jour,En agglomération,Hors intersection,Normale,Autre collision,,,,,,,,,,,1,2,1,1.0,6
201300012795,0013-09-30 07:52:00,13,9,30,7,52,100,321,JEAN JAURES (RUE),48.2876,4.03042,Plein jour,En agglomération,Hors intersection,Normale,Sans collision,,,,,,,,,,,1,2,1,1.0,7
201300012796,0013-10-10 09:45:00,13,10,10,9,45,100,387,EDOUARD HERRIOT (RUE),48.27135,4.08392,Plein jour,En agglomération,Hors intersection,Normale,Autre collision,,,,,,,,,,,1,2,1,1.0,6
201300012797,0013-10-10 16:34:00,13,10,10,16,34,100,387,DANTON (RUE),48.30332,4.0771,Plein jour,En agglomération,Hors intersection,Pluie légère,Autre collision,,,,,,,,,,,1,2,1,2.0,6
201300012798,0013-10-22 20:50:00,13,10,22,20,50,100,387,LOMBARDS (AVENUE),48.2755,4.07155,Nuit avec éclairage allumé,En agglomération,Hors intersection,Pluie légère,Deux véhicules - côté,,,,,,,,,,,5,2,1,2.0,3
201300012799,0013-10-01 13:45:00,13,10,1,13,45,100,387,HENRI BARBUSSE (RUE),48.29675,4.08485,Plein jour,En agglomération,Hors intersection,Normale,Autre collision,,,,,,,,,,,1,2,1,1.0,6
201300012800,0013-11-05 21:28:00,13,11,5,21,28,100,387,PIERRE BROSSOLETTE (RUE),48.28907,4.07684,Nuit avec éclairage allumé,En agglomération,Intersection en X,Normale,Deux véhicules - côté,,,,,,,,,,,5,2,2,1.0,3
201300012801,0013-10-26 19:55:00,13,10,26,19,55,100,387,GAMBETTA (RUE),48.2997,4.07314,Nuit avec éclairage allumé,En agglomération,Hors intersection,Pluie légère,Autre collision,,,,,,,,,,,5,2,1,2.0,6
201300012802,0013-11-18 07:30:00,13,11,18,7,30,100,60,"3, VERRIERES (ROUTE DE)",48.26421,4.11066,Plein jour,En agglomération,Hors intersection,Temps couvert,Deux véhicules - côté,,,,,,,,,,,1,2,1,8.0,3
201300012803,0013-11-25 12:00:00,13,11,25,12,0,100,325,EGALITE (RUE DE L'),48.26305,4.0591,Plein jour,En agglomération,Intersection en X,Normale,Deux véhicules - côté,,,,,,,,,,,1,2,2,1.0,3
201300012804,0013-11-29 16:50:00,13,11,29,16,50,100,387,PIERRE BROSSOLETTE (RUE),,,Crépuscule ou aube,En agglomération,Hors intersection,Normale,Autre collision,,,,,,,,,,,2,2,1,1.0,6
201300012805,0013-11-15 18:08:00,13,11,15,18,8,100,357,PIERRE BROSSOLETTE (RUE),48.29943,4.11856,Nuit avec éclairage allumé,En agglomération,Hors intersection,Pluie légère,Autre collision,,,,,,,,,,,5,2,1,2.0,6
201300012806,0013-12-09 07:55:00,13,12,9,7,55,100,343,CHATEAU DES COURS (RUE D,48.2739,4.09271,Nuit avec éclairage allumé,En agglomération,Giratoire,Normale,Deux véhicules - arrière,,,,,,,,,,,5,2,6,1.0,2
201300012807,0013-04-26 15:45:00,13,4,26,15,45,670,152,20 rue de l'Eglise,,,Plein jour,En agglomération,Hors intersection,Pluie légère,Deux véhicules - côté,,,,,,,,,,,1,2,1,2.0,3
201300012808,0013-06-15 15:30:00,13,6,15,15,30,670,152,rue du fort,48.534,7.688,Plein jour,En agglomération,Giratoire,Normale,Deux véhicules - côté,,,,,,,,,,,1,2,6,1.0,3
201300012809,0013-06-18 07:45:00,13,6,18,7,45,670,152,,48.521,7.667,Plein jour,Hors agglomération,Intersection en T,Normale,Trois véhicules et plus - collisions multiples,,,,,,,,,,,1,1,3,1.0,5
201300012810,0013-06-18 14:45:00,13,6,18,14,45,670,152,,48.532,7.691,Plein jour,Hors agglomération,Giratoire,Normale,Deux véhicules - arrière,,,,,,,,,,,1,1,6,1.0,2
201300012811,0013-09-11 19:00:00,13,9,11,19,0,670,152,rue du g?n?ral de gaulle,48.518,7.642,Plein jour,En agglomération,Hors intersection,Temps couvert,Autre collision,,,,,,,,,,,1,2,1,8.0,6
201300012812,0013-11-19 06:45:00,13,11,19,6,45,670,152,Route de Lingolsheim,48.551,7.682,Crépuscule ou aube,En agglomération,Hors intersection,Temps couvert,Trois véhicules et plus - en chaîne,,,,,,,,,,,2,2,1,8.0,4
201300012813,0013-12-20 14:00:00,13,12,20,14,0,670,108,route de schirmeck,,,Plein jour,En agglomération,Hors intersection,Normale,Trois véhicules et plus - en chaîne,,,,,,,,,,,1,2,1,1.0,4
201300012814,0013-01-11 17:15:00,13,1,11,17,15,670,309,RD263,48.653,7.724,Plein jour,En agglomération,Hors intersection,Normale,Trois véhicules et plus - collisions multiples,,,,,,,,,,,1,2,1,1.0,5
201300012815,0013-05-16 10:15:00,13,5,16,10,15,670,471,route de Brumath,48.64,7.731,Plein jour,En agglomération,Hors intersection,Pluie légère,Deux véhicules - côté,,,,,,,,,,,1,2,1,2.0,3
201300012816,0013-05-16 12:00:00,13,5,16,12,0,670,296,rue principale,,,Plein jour,En agglomération,Hors intersection,Pluie légère,Deux véhicules - frontale,,,,,,,,,,,1,2,1,2.0,1
201300012817,0013-06-08 11:45:00,13,6,8,11,45,670,309,09 rue de Strasbourg,48.645,7.711,Plein jour,En agglomération,Hors intersection,Normale,Deux véhicules - arrière,,,,,,,,,,,1,2,1,1.0,2
201300012818,0013-06-15 12:15:00,13,6,15,12,15,670,506,24 rue du Gal De Gaulle,48.67,7.71,Plein jour,En agglomération,Hors intersection,Normale,Autre collision,,,,,,,,,,,1,2,1,1.0,6
201300012819,0013-06-16 08:30:00,13,6,16,8,30,670,343,"98 A, route de Saverne",48.61,7.68,Plein jour,En agglomération,Hors intersection,Normale,Autre collision,,,,,,,,,,,1,2,1,1.0,6
201300012820,0013-06-18 15:45:00,13,6,18,15,45,670,471,"97, route de Brumath",48.62,7.73,Plein jour,En agglomération,Hors intersection,Normale,Autre collision,,,,,,,,,,,1,2,1,1.0,6
201300012821,0013-08-05 19:00:00,13,8,5,19,0,670,389,,,,Plein jour,Hors agglomération,Intersection en T,Normale,Deux véhicules - côté,,,,,,,,,,,1,1,3,1.0,3
201300012822,0013-09-28 20:00:00,13,9,28,20,0,670,343,rue de WOLFISHEIM,48.61,7.683,Nuit avec éclairage allumé,En agglomération,Hors intersection,Normale,Autre collision,,,,,,,,,,,5,2,1,1.0,6
201300012823,0013-11-11 18:00:00,13,11,11,18,0,670,506,,,,Nuit sans éclairage public,Hors agglomération,Hors intersection,Normale,Autre collision,,,,,,,,,,,3,1,1,1.0,6
201300012824,0013-11-15 08:00:00,13,11,15,8,0,670,506,rue de brumath,48.675,7.719,Plein jour,En agglomération,Hors intersection,Normale,Deux véhicules - côté,,,,,,,,,,,1,2,1,1.0,3
201300012825,0013-12-20 12:45:00,13,12,20,12,45,670,471,"67, route de Brumath",,,Plein jour,En agglomération,Hors intersection,Normale,Autre collision,,,,,,,,,,,1,2,1,1.0,6
201300012826,0013-01-08 16:15:00,13,1,8,16,15,60,105,RD 2085,43.669,7.054,Plein jour,En agglomération,Hors intersection,Temps couvert,Deux véhicules - frontale,,,,,,,,,,,1,2,1,8.0,1
201300012827,0013-01-13 09:45:00,13,1,13,9,45,60,38,PLACE DES PINS,,,Plein jour,En agglomération,Hors intersection,Temps couvert,Deux véhicules - côté,,,,,,,,,,,1,2,1,8.0,3
201300012828,0013-02-10 01:45:00,13,2,10,1,45,60,105,,43.688,7.059,Nuit sans éclairage public,Hors agglomération,Hors intersection,Normale,Deux véhicules - côté,,,,,,,,,,,3,1,1,1.0,3
201300012829,0013-05-05 12:30:00,13,5,5,12,30,60,148,1019 route de vence,,,Plein jour,En agglomération,Hors intersection,Normale,Deux véhicules - côté,,,,,,,,,,,1,2,1,1.0,3
201300012830,0013-06-23 14:45:00,13,6,23,14,45,60,148,,43.713,7.05,Plein jour,Hors agglomération,Hors intersection,Normale,Autre collision,,,,,,,,,,,1,1,1,1.0,6
201300012831,0013-07-01 20:15:00,13,7,1,20,15,60,148,,43.706,7.004,Plein jour,Hors agglomération,Hors intersection,Normale,Deux véhicules - arrière,,,,,,,,,,,1,1,1,1.0,2
201300012832,0013-07-28 11:45:00,13,7,28,11,45,60,10,,,,Plein jour,Hors agglomération,Hors intersection,Normale,Deux véhicules - frontale,,,,,,,,,,,1,1,1,1.0,1
201300012833,0013-09-28 18:00:00,13,9,28,18,0,60,89,RD 3 - 06650 OPIO,43.668,6.987,Plein jour,En agglomération,Hors intersection,Temps couvert,Deux véhicules - arrière,,,,,,,,,,,1,2,1,8.0,2
201300012834,0013-11-01 10:30:00,13,11,1,10,30,60,112,43 Route de Nice,,,Plein jour,En agglomération,Hors intersection,Normale,Trois véhicules et plus - en chaîne,,,,,,,,,,,1,2,1,1.0,4
201300012835,0013-10-25 17:30:00,13,10,25,17,30,60,148,,,,Crépuscule ou aube,Hors agglomération,Hors intersection,Normale,Autre collision,,,,,,,,,,,2,1,1,1.0,6
201300012836,0013-12-15 03:15:00,13,12,15,3,15,60,112,D7 ROUTE DE ROQUEFORT,,,Nuit sans éclairage public,En agglomération,Hors intersection,Normale,Deux véhicules - frontale,,,,,,,,,,,3,2,1,1.0,1
201300012837,0013-02-24 20:00:00,13,2,24,20,0,650,127,,43.10714,0.32639,Nuit sans éclairage public,Hors agglomération,Hors intersection,Neige / grêle,Autre collision,,,,,,,,,,,3,1,1,4.0,6
201300012838,0013-03-02 12:30:00,13,3,2,12,30,650,127,,43.10692,0.33185,Plein jour,Hors agglomération,Hors intersection,Normale,Trois véhicules et plus - collisions multiples,,,,,,,,,,,1,1,1,1.0,5
201300012839,0013-03-23 16:30:00,13,3,23,16,30,650,127,,43.12307,0.31946,Plein jour,Hors agglomération,Hors intersection,Neige / grêle,Autre collision,,,,,,,,,,,1,1,1,4.0,6
201300012840,0013-05-02 22:30:00,13,5,2,22,30,650,101,,43.18668,0.22271,Nuit sans éclairage public,Hors agglomération,Hors intersection,Pluie légère,Autre collision,,,,,,,,,,,3,1,1,2.0,6
201300012841,0013-05-10 17:30:00,13,5,10,17,30,650,101,,43.18457,0.22333,Plein jour,Hors agglomération,Hors intersection,Normale,Autre collision,,,,,,,,,,,1,1,1,1.0,6
201300012842,0013-06-29 06:00:00,13,6,29,6,0,650,353,,43.16384,0.26847,Crépuscule ou aube,Hors agglomération,Hors intersection,Normale,Sans collision,,,,,,,,,,,2,1,1,1.0,7
201300012843,0013-07-13 16:45:00,13,7,13,16,45,650,258,A 64,43.10008,0.3703,Plein jour,Hors agglomération,Hors intersection,Normale,Sans collision,,,,,,,,,,,1,1,1,1.0,7
201300012844,0013-08-04 03:15:00,13,8,4,3,15,650,127,,43.1027,0.33783,Nuit sans éclairage public,Hors agglomération,Hors intersection,Normale,Trois véhicules et plus - collisions multiples,,,,,,,,,,,3,1,1,1.0,5
201300012845,0013-09-01 00:01:00,13,9,1,0,1,640,216,,43.2619,-0.15482,Nuit sans éclairage public,Hors agglomération,Hors intersection,Normale,Autre collision,,,,,,,,,,,3,1,1,1.0,6
201300012846,0013-11-21 16:00:00,13,11,21,16,0,650,482,,43.1069,0.44399,Plein jour,Hors agglomération,Hors intersection,Neige / grêle,Trois véhicules et plus - en chaîne,,,,,,,,,,,1,1,1,4.0,4
201300012847,0013-02-14 18:25:00,13,2,14,18,25,20,560,,,,Crépuscule ou aube,Hors agglomération,Hors intersection,Autre,Autre collision,,,,,,,,,,,2,1,1,9.0,6
201300012848,0013-04-29 14:45:00,13,4,29,14,45,20,360,,,,Plein jour,Hors agglomération,Hors intersection,Normale,Autre collision,,,,,,,,,,,1,1,1,1.0,6
201300012849,0013-06-30 01:00:00,13,6,30,1,0,20,180,,,,Nuit sans éclairage public,Hors agglomération,Hors intersection,Normale,Deux véhicules - arrière,,,,,,,,,,,3,1,1,1.0,2
201300012850,0013-07-03 11:15:00,13,7,3,11,15,20,545,,49.71803,3.84562,Plein jour,Hors agglomération,Intersection en X,Normale,Deux véhicules - côté,,,,,,,,,,,1,1,2,1.0,3
201300012851,0013-07-24 19:35:00,13,7,24,19,35,20,720,,,,Plein jour,Hors agglomération,Hors intersection,Normale,Autre collision,,,,,,,,,,,1,1,1,1.0,6
201300012852,0013-07-26 11:00:00,13,7,26,11,0,20,169,,,,Plein jour,Hors agglomération,Hors intersection,Normale,Autre collision,,,,,,,,,,,1,1,1,1.0,6
201300012853,0013-08-02 22:30:00,13,8,2,22,30,20,189,,49.62981,3.8649,Nuit sans éclairage public,Hors agglomération,Hors intersection,Normale,Deux véhicules - côté,,,,,,,,,,,3,1,1,1.0,3
201300012854,0013-08-08 07:30:00,13,8,8,7,30,20,498,,,,Plein jour,Hors agglomération,Hors intersection,Normale,Deux véhicules - arrière,,,,,,,,,,,1,1,1,1.0,2
201300012855,0013-08-11 17:00:00,13,8,11,17,0,20,468,rue docteur galoy,,,Plein jour,En agglomération,Intersection en T,Normale,Deux véhicules - côté,,,,,,,,,,,1,2,3,1.0,3
201300012856,0013-09-08 06:55:00,13,9,8,6,55,20,489,,,,Crépuscule ou aube,Hors agglomération,Hors intersection,Normale,Deux véhicules - frontale,,,,,,,,,,,2,1,1,1.0,1
201300012857,0013-09-08 15:30:00,13,9,8,15,30,20,350,rue de Beauvois,49.67147,3.85046,Plein jour,Hors agglomération,Hors intersection,Normale,Autre collision,,,,,,,,,,,1,1,1,1.0,6
201300012858,0013-09-25 17:45:00,13,9,25,17,45,20,690,rue de Chivres,49.6192,3.9051,Plein jour,En agglomération,Hors intersection,Temps couvert,Deux véhicules - côté,,,,,,,,,,,1,2,1,8.0,3
201300012859,0013-10-09 17:10:00,13,10,9,17,10,20,73,,,,Plein jour,Hors agglomération,Hors intersection,Normale,Deux véhicules - frontale,,,,,,,,,,,1,1,1,1.0,1
201300012860,0013-10-19 15:15:00,13,10,19,15,15,20,215,Rue Pierre Curtil,,,Plein jour,En agglomération,Hors intersection,Normale,Autre collision,,,,,,,,,,,1,2,1,1.0,6
201300012861,0013-10-24 14:25:00,13,10,24,14,25,20,553,,,,Plein jour,Hors agglomération,Hors intersection,Normale,Autre collision,,,,,,,,,,,1,1,1,1.0,6
201300012862,0013-12-04 16:15:00,13,12,4,16,15,20,676,,,,Crépuscule ou aube,Hors agglomération,Hors intersection,Pluie légère,Deux véhicules - arrière,,,,,,,,,,,2,1,1,2.0,2
201300012863,0013-12-21 03:30:00,13,12,21,3,30,20,697,,,,Nuit sans éclairage public,Hors agglomération,Hors intersection,Normale,Deux véhicules - côté,,,,,,,,,,,3,1,1,1.0,3
201300012864,0013-01-05 16:30:00,13,1,5,16,30,380,530,,45.6239,5.17158,Nuit sans éclairage public,Hors agglomération,Hors intersection,Temps couvert,Deux véhicules - frontale,,,,,,,,,,,3,1,1,8.0,1
201300012865,0013-05-30 16:45:00,13,5,30,16,45,380,530,,45.642,5.143,Plein jour,Hors agglomération,Hors intersection,Pluie légère,Trois véhicules et plus - collisions multiples,,,,,,,,,,,1,1,1,2.0,5
201300012866,0013-06-16 06:15:00,13,6,16,6,15,380,193,rue du Lans,,,Crépuscule ou aube,En agglomération,Hors intersection,Normale,Autre collision,,,,,,,,,,,2,2,1,1.0,6
201300012867,0013-06-27 12:45:00,13,6,27,12,45,380,193,Route de LYON,,,Plein jour,En agglomération,Hors intersection,Normale,Deux véhicules - arrière,,,,,,,,,,,1,2,1,1.0,2
201300012868,0013-08-22 20:15:00,13,8,22,20,15,380,193,promenade de cassiopee,,,Plein jour,En agglomération,Intersection en T,Normale,Deux véhicules - côté,,,,,,,,,,,1,2,3,1.0,3
201300012869,0013-08-30 12:30:00,13,8,30,12,30,380,172,,,,Plein jour,Hors agglomération,Hors intersection,Normale,Deux véhicules - côté,,,,,,,,,,,1,1,1,1.0,3
201300012870,0013-11-02 17:00:00,13,11,2,17,0,380,193,,,,Plein jour,Hors agglomération,Hors intersection,Normale,Deux véhicules - côté,,,,,,,,,,,1,1,1,1.0,3
201300012871,0013-06-19 20:30:00,13,6,19,20,30,30,158,,46.491,2.666,Plein jour,Hors agglomération,Hors intersection,Normale,Deux véhicules - frontale,,,,,,,,,,,1,1,1,1.0,1
201300012872,0013-07-17 20:45:00,13,7,17,20,45,30,31,,46.412,2.74,Plein jour,Hors agglomération,Hors intersection,Normale,Autre collision,,,,,,,,,,,1,1,1,1.0,6
201300012873,0013-10-29 11:30:00,13,10,29,11,30,30,158,,46.504,2.648,Plein jour,Hors agglomération,Hors intersection,Temps éblouissant,Autre collision,,,,,,,,,,,1,1,1,7.0,6
201300012874,0013-01-12 18:00:00,13,1,12,18,0,50,178,05 300,44.3669,5.92305,Nuit sans éclairage public,Hors agglomération,Hors intersection,Normale,Autre collision,,,,,,,,,,,3,1,1,1.0,6
201300012875,0013-03-17 20:30:00,13,3,17,20,30,50,78,,44.3928,5.94203,Nuit sans éclairage public,Hors agglomération,Hors intersection,Pluie forte,Autre collision,,,,,,,,,,,3,1,1,3.0,6
201300012876,0013-05-24 22:30:00,13,5,24,22,30,50,103,,44.2876,5.90206,Nuit sans éclairage public,Hors agglomération,Hors intersection,Normale,Trois véhicules et plus - collisions multiples,,,,,,,,,,,3,1,1,1.0,5
201300012877,0013-09-13 07:30:00,13,9,13,7,30,40,63,,,,Plein jour,Hors agglomération,Hors intersection,Normale,Deux véhicules - arrière,,,,,,,,,,,1,1,1,1.0,2