accident_id,datetime,annee,mois,jour,heure,minute,departement,commune_insee,adresse,latitude,longitude,luminosite,agglomeration,intersection,meteo,collision,nb_vehicules,nb_usagers,nb_indemnes,nb_tues,nb_blesses_hosp,nb_blesses_legers,age_cond_1,age_cond_2,veh_type_cond_1,veh_type_cond_2,lum_code,agg_code,int_code,atm_code,col_code
201300013140,0013-10-11 17:00:00,13,10,11,17,0,110,262,RD 6009 NARBONNE - PERPI,,,Plein jour,En agglomération,Hors intersection,Normale,Deux véhicules - côté,,,,,,,,,,,1,2,1,1.0,3
201300013141,0013-10-16 12:10:00,13,10,16,12,10,110,262,FRANCE (AVENUE ANATOLE),,,Plein jour,En agglomération,Hors intersection,Normale,Autre collision,,,,,,,,,,,1,2,1,1.0,6
201300013142,0013-10-20 19:15:00,13,10,20,19,15,110,262,"0, LECLERC (AVENUE DU GE",,,Plein jour,En agglomération,Hors intersection,Normale,Deux véhicules - frontale,,,,,,,,,,,1,2,1,1.0,1
201300013143,0013-10-24 13:55:00,13,10,24,13,55,110,262,"0, MISTRAL (BOULEVARD FR",,,Plein jour,En agglomération,Hors intersection,Normale,Autre collision,,,,,,,,,,,1,2,1,1.0,6
201300013144,0013-03-07 21:10:00,13,3,7,21,10,110,262,CHANZY (RUE),,,Nuit avec éclairage allumé,En agglomération,Intersection en X,Normale,Deux véhicules - côté,,,,,,,,,,,5,2,2,1.0,3
201300013145,0013-10-28 17:30:00,13,10,28,17,30,110,262,"1, LACROIX (BOULEVARD DU",,,Plein jour,En agglomération,Hors intersection,Normale,Deux véhicules - côté,,,,,,,,,,,1,2,1,1.0,3
201300013146,0013-11-02 15:50:00,13,11,2,15,50,110,262,"1, VILLE (PLACE DE L'HOT",,,Plein jour,En agglomération,Hors intersection,Normale,Autre collision,,,,,,,,,,,1,2,1,1.0,6
201300013147,0013-11-01 13:20:00,13,11,1,13,20,110,262,LACROIX (BOULEVARD DU DO,,,Plein jour,En agglomération,Hors intersection,Normale,Autre collision,,,,,,,,,,,1,2,1,1.0,6
201300013148,0013-03-11 13:20:00,13,3,11,13,20,110,262,LECLERC (AVENUE DU GENER,,,Plein jour,En agglomération,Hors intersection,Normale,Deux véhicules - arrière,,,,,,,,,,,1,2,1,1.0,2
201300013149,0013-11-14 12:40:00,13,11,14,12,40,110,262,"0, LECLERC (AVENUE DU GE",,,Plein jour,En agglomération,Intersection en T,Normale,Deux véhicules - côté,,,,,,,,,,,1,2,3,1.0,3
201300013150,0013-11-12 16:30:00,13,11,12,16,30,110,262,JUIN (AVENUE MAREHAL),,,Plein jour,En agglomération,Hors intersection,Normale,Autre collision,,,,,,,,,,,1,2,1,1.0,6
201300013151,0013-08-05 08:15:00,13,8,5,8,15,110,262,BEZIERS (ROUTE DE),,,Plein jour,En agglomération,Hors intersection,Normale,Sans collision,,,,,,,,,,,1,2,1,1.0,7
201300013152,0013-11-08 18:45:00,13,11,8,18,45,110,262,TOULOUSE (AVENUE DE),,,Nuit avec éclairage allumé,En agglomération,Hors intersection,Normale,Autre collision,,,,,,,,,,,5,2,1,1.0,6
201300013153,0013-11-22 03:10:00,13,11,22,3,10,110,262,CARNOT (AVENUE),43.19357,3.00937,Nuit avec éclairage allumé,En agglomération,Giratoire,Pluie légère,Autre collision,,,,,,,,,,,5,2,6,2.0,6
201300013154,0013-11-21 13:20:00,13,11,21,13,20,110,262,"1, QUERMEL (RUE MARIUS)",,,Plein jour,En agglomération,Hors intersection,Normale,Autre collision,,,,,,,,,,,1,2,1,1.0,6
201300013155,0013-11-21 08:50:00,13,11,21,8,50,110,262,RD 6009 NARBONNE - PERPI,,,Plein jour,En agglomération,Hors intersection,Normale,Sans collision,,,,,,,,,,,1,2,1,1.0,7
201300013156,0013-11-20 08:10:00,13,11,20,8,10,110,262,COUBERTIN (AVENUE PIERRE,,,Plein jour,En agglomération,Hors intersection,Temps couvert,Deux véhicules - côté,,,,,,,,,,,1,2,1,8.0,3
201300013157,0013-12-12 11:20:00,13,12,12,11,20,110,262,RD 6009 NARBONNE - PERPI,,,Plein jour,Hors agglomération,Hors intersection,Normale,Autre collision,,,,,,,,,,,1,1,1,1.0,6
201300013158,0013-03-19 08:30:00,13,3,19,8,30,110,262,MICHELET (RUE),,,Plein jour,En agglomération,Hors intersection,Normale,Sans collision,,,,,,,,,,,1,2,1,1.0,7
201300013159,0013-03-19 19:45:00,13,3,19,19,45,110,262,REVEILLON (Avenue de),,,Crépuscule ou aube,En agglomération,Hors intersection,Normale,Deux véhicules - arrière,,,,,,,,,,,2,2,1,1.0,2
201300013160,0013-03-26 17:10:00,13,3,26,17,10,110,262,MOULINS (RUE ET PASSAGE,,,Plein jour,En agglomération,Hors intersection,Normale,Autre collision,,,,,,,,,,,1,2,1,1.0,6
201300013161,0013-04-07 21:25:00,13,4,7,21,25,110,262,COLONNES (RUE DES),,,Nuit avec éclairage allumé,En agglomération,Intersection en X,Normale,Deux véhicules - côté,,,,,,,,,,,5,2,2,1.0,3
201300013162,0013-04-08 10:05:00,13,4,8,10,5,110,262,SEMBAT (BOULEVARD MARCEL,,,Plein jour,En agglomération,Hors intersection,Normale,Trois véhicules et plus - en chaîne,,,,,,,,,,,1,2,1,1.0,4
201300013163,0013-04-08 17:40:00,13,4,8,17,40,110,262,POMPIDOR (AVENUE),,,Plein jour,En agglomération,Intersection en X,Normale,Deux véhicules - côté,,,,,,,,,,,1,2,2,1.0,3
201300013164,0013-04-26 15:30:00,13,4,26,15,30,110,262,ESPAGNE (AVENUE D'),,,Plein jour,En agglomération,Hors intersection,Normale,Autre collision,,,,,,,,,,,1,2,1,1.0,6
201300013165,0013-04-30 13:00:00,13,4,30,13,0,110,262,AUGE (BOULEVARD DR LEON),,,Plein jour,En agglomération,Hors intersection,Pluie légère,Sans collision,,,,,,,,,,,1,2,1,2.0,7
201300013166,0013-05-09 10:35:00,13,5,9,10,35,110,262,PONS (RUE JEAN),,,Plein jour,En agglomération,Hors intersection,Normale,Autre collision,,,,,,,,,,,1,2,1,1.0,6
201300013167,0013-05-10 15:05:00,13,5,10,15,5,110,262,MALACHITE (RUE DE LA),,,Plein jour,En agglomération,Hors intersection,Normale,Sans collision,,,,,,,,,,,1,2,1,1.0,7
201300013168,0013-05-14 11:45:00,13,5,14,11,45,110,262,RD 6009 NARBONNE - BEZIE,,,Plein jour,Hors agglomération,Hors intersection,Normale,Deux véhicules - côté,,,,,,,,,,,1,1,1,1.0,3
201300013169,0013-05-17 17:55:00,13,5,17,17,55,110,262,FRANCE (AVENUE ANATOLE),,,Plein jour,En agglomération,Hors intersection,Normale,Autre collision,,,,,,,,,,,1,2,1,1.0,6
201300013170,0013-05-22 11:45:00,13,5,22,11,45,110,262,BERLIET (RUE MARIUS),,,Plein jour,En agglomération,Hors intersection,Normale,Deux véhicules - côté,,,,,,,,,,,1,2,1,1.0,3
201300013171,0013-05-27 09:04:00,13,5,27,9,4,110,262,VIDAL (RUE PAUL),,,Plein jour,En agglomération,Hors intersection,Normale,Sans collision,,,,,,,,,,,1,2,1,1.0,7
201300013172,0013-05-28 07:55:00,13,5,28,7,55,110,262,"30, TOULOUSE (AVENUE DE)",,,Plein jour,En agglomération,Intersection en X,Pluie légère,Deux véhicules - côté,,,,,,,,,,,1,2,2,2.0,3
201300013173,0013-05-28 11:20:00,13,5,28,11,20,110,262,ESPAGNE (AVENUE D'),,,Plein jour,En agglomération,Hors intersection,Temps couvert,Trois véhicules et plus - en chaîne,,,,,,,,,,,1,2,1,8.0,4
201300013174,0013-05-29 14:35:00,13,5,29,14,35,110,262,DE GAULLE (BOULEVARD DU,,,Plein jour,En agglomération,Hors intersection,Temps couvert,Autre collision,,,,,,,,,,,1,2,1,8.0,6
201300013175,0013-06-04 17:45:00,13,6,4,17,45,110,262,MONTEL (RUE EUGENE),,,Plein jour,En agglomération,Hors intersection,Normale,Sans collision,,,,,,,,,,,1,2,1,1.0,7
201300013176,0013-06-05 15:45:00,13,6,5,15,45,110,262,MILLIAIRE (ROND POINT),,,Plein jour,En agglomération,Giratoire,Normale,Sans collision,,,,,,,,,,,1,2,6,1.0,7
201300013177,0013-06-06 06:10:00,13,6,6,6,10,110,262,FRANCE (AVENUE ANATOLE),,,Crépuscule ou aube,En agglomération,Hors intersection,Normale,Deux véhicules - côté,,,,,,,,,,,2,2,1,1.0,3
201300013178,0013-06-16 16:25:00,13,6,16,16,25,110,262,1848 (BOULEVARD),,,Plein jour,En agglomération,Hors intersection,Normale,Autre collision,,,,,,,,,,,1,2,1,1.0,6
201300013179,0013-06-18 11:00:00,13,6,18,11,0,110,262,FERROUL (BOULEVARD  DOCT,,,Plein jour,En agglomération,Hors intersection,Normale,Autre collision,,,,,,,,,,,1,2,1,1.0,6
201300013180,0013-06-21 13:15:00,13,6,21,13,15,110,262,BORDEAUX (AVENUE DE),,,Plein jour,Hors agglomération,Intersection en T,Normale,Deux véhicules - côté,,,,,,,,,,,1,1,3,1.0,3
201300013181,0013-06-30 19:40:00,13,6,30,19,40,110,262,MAINE (RUE DU),,,Plein jour,En agglomération,Intersection en X,Normale,Deux véhicules - côté,,,,,,,,,,,1,2,2,1.0,3
201300013182,0013-07-01 18:00:00,13,7,1,18,0,110,262,RD 6009 NARBONNE - PERPI,,,Plein jour,Hors agglomération,Hors intersection,Normale,Deux véhicules - arrière,,,,,,,,,,,1,1,1,1.0,2
201300013183,0013-07-02 13:50:00,13,7,2,13,50,110,262,LECLERC (AVENUE DU GENER,,,Plein jour,En agglomération,Intersection en T,Normale,Deux véhicules - côté,,,,,,,,,,,1,2,3,1.0,3
201300013184,0013-07-03 14:55:00,13,7,3,14,55,110,262,MISTRAL (BOULEVARD FREDE,,,Plein jour,En agglomération,Hors intersection,Normale,Deux véhicules - arrière,,,,,,,,,,,1,2,1,1.0,2
201300013185,0013-07-04 12:10:00,13,7,4,12,10,110,262,ALSACE (QUAI),,,Plein jour,En agglomération,Hors intersection,Normale,Autre collision,,,,,,,,,,,1,2,1,1.0,6
201300013186,0013-07-05 14:40:00,13,7,5,14,40,110,262,"1, MARCERO (RUE FRANCIS)",,,Plein jour,En agglomération,Intersection en T,Normale,Deux véhicules - côté,,,,,,,,,,,1,2,3,1.0,3
201300013187,0013-07-06 01:45:00,13,7,6,1,45,110,262,JACQUARD (RUE),,,Nuit avec éclairage allumé,En agglomération,Intersection en T,Normale,Deux véhicules - côté,,,,,,,,,,,5,2,3,1.0,3
201300013188,0013-07-07 10:35:00,13,7,7,10,35,110,262,"171, BORDEAUX (AVENUE DE",,,Plein jour,En agglomération,Hors intersection,Normale,Deux véhicules - côté,,,,,,,,,,,1,2,1,1.0,3
201300013189,0013-07-10 19:10:00,13,7,10,19,10,110,262,HUBERT MOULY (AVENUE),,,Plein jour,En agglomération,Hors intersection,Normale,Deux véhicules - arrière,,,,,,,,,,,1,2,1,1.0,2
201300013190,0013-07-12 19:55:00,13,7,12,19,55,110,262,BORDEAUX (AVENUE DE),,,Plein jour,En agglomération,Hors intersection,Normale,Deux véhicules - arrière,,,,,,,,,,,1,2,1,1.0,2
201300013191,0013-07-13 07:40:00,13,7,13,7,40,110,262,FRANCE (AVENUE ANATOLE),,,Plein jour,En agglomération,Intersection en T,Normale,Deux véhicules - côté,,,,,,,,,,,1,2,3,1.0,3
201300013192,0013-07-21 13:00:00,13,7,21,13,0,110,262,RD 6009 NARBONNE - BEZIE,,,Plein jour,Hors agglomération,Hors intersection,Normale,Deux véhicules - côté,,,,,,,,,,,1,1,1,1.0,3
201300013193,0013-07-22 19:05:00,13,7,22,19,5,110,262,LECLERC (AVENUE DU GENER,,,Plein jour,En agglomération,Hors intersection,Normale,Deux véhicules - arrière,,,,,,,,,,,1,2,1,1.0,2
201300013194,0013-07-26 12:45:00,13,7,26,12,45,110,262,"25, LORRAINE (QUAI DE)",,,Plein jour,En agglomération,Hors intersection,Normale,Deux véhicules - arrière,,,,,,,,,,,1,2,1,1.0,2
201300013195,0013-07-29 06:40:00,13,7,29,6,40,110,262,RATACAS (ZI),,,Crépuscule ou aube,En agglomération,Hors intersection,Pluie légère,Deux véhicules - frontale,,,,,,,,,,,2,2,1,2.0,1
201300013196,0013-08-09 13:50:00,13,8,9,13,50,110,262,"1, RD 6009 NARBONNE - PE",,,Plein jour,En agglomération,Hors intersection,Normale,Trois véhicules et plus - en chaîne,,,,,,,,,,,1,2,1,1.0,4
201300013197,0013-08-17 10:35:00,13,8,17,10,35,110,262,MARS (AVENUE DU CHAMP DE,,,Plein jour,En agglomération,Hors intersection,Pluie forte,Sans collision,,,,,,,,,,,1,2,1,3.0,7
201300013198,0013-08-17 11:55:00,13,8,17,11,55,110,262,", DOUANE (RUE DE LA)",,,Plein jour,En agglomération,Hors intersection,Pluie forte,Autre collision,,,,,,,,,,,1,2,1,3.0,6
201300013199,0013-08-21 13:55:00,13,8,21,13,55,110,262,"0, VIDAL (RUE PAUL)",,,Plein jour,En agglomération,Hors intersection,Normale,Deux véhicules - frontale,,,,,,,,,,,1,2,1,1.0,1
201300013200,0013-08-20 19:10:00,13,8,20,19,10,110,262,MALARD (BOULEVARD DE),,,Plein jour,En agglomération,Hors intersection,Normale,Deux véhicules - arrière,,,,,,,,,,,1,2,1,1.0,2
201300013201,0013-09-01 18:30:00,13,9,1,18,30,110,262,"0, MISTRAL (BOULEVARD FR",,,Plein jour,En agglomération,Hors intersection,Normale,Autre collision,,,,,,,,,,,1,2,1,1.0,6
201300013202,0013-09-02 17:30:00,13,9,2,17,30,110,262,COURRIER (IMPASSE DE L'A,,,Plein jour,En agglomération,Intersection en X,Normale,Deux véhicules - arrière,,,,,,,,,,,1,2,2,1.0,2
201300013203,0013-09-07 12:50:00,13,9,7,12,50,110,262,MISTRAL (BOULEVARD FREDE,,,Plein jour,En agglomération,Hors intersection,Normale,Deux véhicules - arrière,,,,,,,,,,,1,2,1,1.0,2
201300013204,0013-09-10 12:13:00,13,9,10,12,13,110,262,"0, MISTRAL (BOULEVARD FR",,,Plein jour,En agglomération,Hors intersection,Normale,Trois véhicules et plus - collisions multiples,,,,,,,,,,,1,2,1,1.0,5
201300013205,0013-09-13 18:40:00,13,9,13,18,40,110,262,LECLERC (AVENUE DU GENER,,,Plein jour,En agglomération,Hors intersection,Normale,Deux véhicules - arrière,,,,,,,,,,,1,2,1,1.0,2
201300013206,0013-09-14 15:43:00,13,9,14,15,43,110,262,SEMBAT (BOULEVARD MARCEL,,,Plein jour,En agglomération,Hors intersection,Normale,Trois véhicules et plus - en chaîne,,,,,,,,,,,1,2,1,1.0,4
201300013207,0013-10-05 16:10:00,13,10,5,16,10,110,262,"0, RD 6009 NARBONNE - BE",,,Plein jour,En agglomération,Hors intersection,Normale,Deux véhicules - côté,,,,,,,,,,,1,2,1,1.0,3
201300013208,0013-10-09 08:15:00,13,10,9,8,15,110,262,SEMARD (AVENUE PIERRE),,,Plein jour,En agglomération,Hors intersection,Normale,Deux véhicules - côté,,,,,,,,,,,1,2,1,1.0,3
201300013209,0013-10-12 09:55:00,13,10,12,9,55,110,262,ESPAGNE (AVENUE D'),,,Plein jour,En agglomération,Hors intersection,Normale,Deux véhicules - arrière,,,,,,,,,,,1,2,1,1.0,2
201300013210,0013-10-14 09:10:00,13,10,14,9,10,110,262,"0, ELYSIQUES (VOIES DES)",,,Plein jour,En agglomération,Hors intersection,Normale,Deux véhicules - arrière,,,,,,,,,,,1,2,1,1.0,2
201300013211,0013-10-16 14:12:00,13,10,16,14,12,110,262,CARNOT (AVENUE),,,Plein jour,En agglomération,Hors intersection,Normale,Sans collision,,,,,,,,,,,1,2,1,1.0,7
201300013212,0013-10-21 09:55:00,13,10,21,9,55,110,262,"0, JOFFRE (BOULEVARD MAR",,,Plein jour,En agglomération,Hors intersection,Normale,Autre collision,,,,,,,,,,,1,2,1,1.0,6
201300013213,0013-10-30 13:00:00,13,10,30,13,0,110,262,"2, LECLERC (AVENUE DU GE",,,Plein jour,En agglomération,Hors intersection,Normale,Deux véhicules - côté,,,,,,,,,,,1,2,1,1.0,3
201300013214,0013-10-31 18:45:00,13,10,31,18,45,110,262,LECLERC (AVENUE DU GENER,,,Crépuscule ou aube,En agglomération,Hors intersection,Normale,Deux véhicules - arrière,,,,,,,,,,,2,2,1,1.0,2
201300013215,0013-11-06 11:20:00,13,11,6,11,20,110,262,"0, CONDORCET (BOULEVARD)",,,Plein jour,En agglomération,Hors intersection,Normale,Autre collision,,,,,,,,,,,1,2,1,1.0,6
201300013216,0013-11-15 16:00:00,13,11,15,16,0,110,262,"0, ELYSIQUES (VOIES DES)",,,Plein jour,En agglomération,Intersection en T,Normale,Deux véhicules - côté,,,,,,,,,,,1,2,3,1.0,3
201300013217,0013-11-18 19:13:00,13,11,18,19,13,110,262,"0, ESCOUTE (QUAI DE L')",,,Nuit avec éclairage allumé,En agglomération,Intersection en T,Pluie légère,Deux véhicules - côté,,,,,,,,,,,5,2,3,2.0,3
201300013218,0013-11-19 18:30:00,13,11,19,18,30,110,262,MISTRAL (BOULEVARD FREDE,,,Nuit avec éclairage allumé,En agglomération,Hors intersection,Normale,Deux véhicules - arrière,,,,,,,,,,,5,2,1,1.0,2
201300013219,0013-11-25 14:10:00,13,11,25,14,10,110,262,"0, 1848 (BOULEVARD)",,,Plein jour,En agglomération,Hors intersection,Normale,Autre collision,,,,,,,,,,,1,2,1,1.0,6
201300013220,0013-12-02 18:00:00,13,12,2,18,0,110,262,FERROUL (BOULEVARD DU DO,43.18089,3.00482,Nuit avec éclairage allumé,En agglomération,Hors intersection,Normale,Autre collision,,,,,,,,,,,5,2,1,1.0,6
201300013221,0013-12-06 16:15:00,13,12,6,16,15,110,262,VALLIERE (QUAI),,,Plein jour,En agglomération,Hors intersection,Normale,Deux véhicules - côté,,,,,,,,,,,1,2,1,1.0,3
201300013222,0013-12-09 08:55:00,13,12,9,8,55,110,262,"0, LORRAINE (QUAI DE)",43.18756,2.99666,Plein jour,En agglomération,Hors intersection,Normale,Deux véhicules - côté,,,,,,,,,,,1,2,1,1.0,3
201300013223,0013-12-10 07:45:00,13,12,10,7,45,110,262,BALISTE (BOULEVARD DE),43.19266,3.02718,Plein jour,En agglomération,Hors intersection,Brouillard / fumée,Sans collision,,,,,,,,,,,1,2,1,5.0,7
201300013224,0013-12-10 08:15:00,13,12,10,8,15,110,262,"0, BORDEAUX (AVENUE DE)",,,Plein jour,En agglomération,Hors intersection,Normale,Deux véhicules - arrière,,,,,,,,,,,1,2,1,1.0,2
201300013225,0013-12-10 14:52:00,13,12,10,14,52,110,262,SOURCE (AVENUE DE ST JEA,43.18748,2.98074,Plein jour,Hors agglomération,Hors intersection,Normale,Deux véhicules - côté,,,,,,,,,,,1,1,1,1.0,3
201300013226,0013-12-14 18:15:00,13,12,14,18,15,110,262,FERROUL (BOULEVARD  DOCT,43.18081,3.0048,Crépuscule ou aube,En agglomération,Hors intersection,Normale,Autre collision,,,,,,,,,,,2,2,1,1.0,6
201300013227,0013-12-15 05:30:00,13,12,15,5,30,110,262,CASTAN (RUE SIMON),43.18712,2.99413,Nuit avec éclairage allumé,En agglomération,Intersection en X,Normale,Deux véhicules - côté,,,,,,,,,,,5,2,2,1.0,3
201300013228,0013-12-15 12:20:00,13,12,15,12,20,110,262,MAZAGRAN (RUE DE),43.17917,2.99686,Plein jour,En agglomération,Intersection en X,Normale,Deux véhicules - côté,,,,,,,,,,,1,2,2,1.0,3
201300013229,0013-12-30 11:30:00,13,12,30,11,30,110,262,"0, RD 6009 NARBONNE - PE",,,Plein jour,En agglomération,Hors intersection,Normale,Deux véhicules - côté,,,,,,,,,,,1,2,1,1.0,3
201300013230,0013-02-23 05:30:00,13,2,23,5,30,950,504,A 16,49.1079,2.2572,Nuit sans éclairage public,Hors agglomération,Hors intersection,Normale,Deux véhicules - côté,,,,,,,,,,,3,1,1,1.0,3
201300013231,0013-07-28 07:30:00,13,7,28,7,30,600,453,,,,Plein jour,Hors agglomération,Hors intersection,Normale,Autre collision,,,,,,,,,,,1,1,1,1.0,6
201300013232,0013-09-30 11:30:00,13,9,30,11,30,600,30,,,,Plein jour,Hors agglomération,Hors intersection,Normale,Autre collision,,,,,,,,,,,1,1,1,1.0,6
201300013233,0013-11-09 03:00:00,13,11,9,3,0,950,313,A16,49.1166,2.2529,Nuit sans éclairage public,Hors agglomération,Hors intersection,Pluie légère,Autre collision,,,,,,,,,,,3,1,1,2.0,6
201300013234,0013-07-22 09:15:00,13,7,22,9,15,130,50,,,,Plein jour,En agglomération,Hors intersection,Normale,Deux véhicules - frontale,,,,,,,,,,,1,2,1,1.0,1
201300013235,0013-12-23 12:00:00,13,12,23,12,0,130,91,Ave Camille PELLETAN,,,Plein jour,En agglomération,Hors intersection,Normale,Autre collision,,,,,,,,,,,1,2,1,1.0,6
201300013236,0013-10-09 19:45:00,13,10,9,19,45,850,223,,,,Crépuscule ou aube,Hors agglomération,Hors intersection,Normale,Sans collision,,,,,,,,,,,2,1,1,1.0,7
201300013237,0013-12-28 17:45:00,13,12,28,17,45,850,92,,,,Nuit sans éclairage public,Hors agglomération,Hors intersection,Neige / grêle,Deux véhicules - arrière,,,,,,,,,,,3,1,1,4.0,2
201300013238,0013-02-06 14:15:00,13,2,6,14,15,310,395,,43.483,1.325,Plein jour,Hors agglomération,Hors intersection,Neige / grêle,Autre collision,,,,,,,,,,,1,1,1,4.0,6
201300013239,0013-02-23 00:15:00,13,2,23,0,15,310,395,,43.495,1.344,Nuit sans éclairage public,Hors agglomération,Hors intersection,Normale,Deux véhicules - côté,,,,,,,,,,,3,1,1,1.0,3
201300013240,0013-04-10 14:45:00,13,4,10,14,45,310,349,,,,Plein jour,Hors agglomération,Hors intersection,Normale,Trois véhicules et plus - collisions multiples,,,,,,,,,,,1,1,1,1.0,5
201300013241,0013-10-01 08:45:00,13,10,1,8,45,310,435,,,,Plein jour,Hors agglomération,Hors intersection,Normale,Deux véhicules - frontale,,,,,,,,,,,1,1,1,1.0,1
201300013242,0013-10-01 20:45:00,13,10,1,20,45,310,188,route de bonrepos,43.54551,1.18853,Nuit avec éclairage allumé,En agglomération,Hors intersection,Normale,Sans collision,,,,,,,,,,,5,2,1,1.0,7
201300013243,0013-11-13 10:30:00,13,11,13,10,30,310,499,,,,Plein jour,Hors agglomération,Hors intersection,Normale,Deux véhicules - côté,,,,,,,,,,,1,1,1,1.0,3
201300013244,0013-12-14 06:45:00,13,12,14,6,45,310,458,,,,Nuit avec éclairage allumé,Hors agglomération,Hors intersection,Pluie légère,Deux véhicules - arrière,,,,,,,,,,,5,1,1,2.0,2
201300013245,0013-01-16 09:45:00,13,1,16,9,45,760,489,,49.49099,0.29016,Plein jour,Hors agglomération,Hors intersection,Normale,Autre collision,,,,,,,,,,,1,1,1,1.0,6
201300013246,0013-03-06 08:15:00,13,3,6,8,15,760,169,,49.49017,0.42531,Nuit sans éclairage public,Hors agglomération,Hors intersection,Normale,Trois véhicules et plus - collisions multiples,,,,,,,,,,,3,1,1,1.0,5
201300013247,0013-05-25 12:30:00,13,5,25,12,30,760,305,,49.49499,0.24959,Plein jour,Hors agglomération,Hors intersection,Normale,Autre collision,,,,,,,,,,,1,1,1,1.0,6
201300013248,0013-06-18 13:45:00,13,6,18,13,45,760,657,,49.49072,0.38734,Plein jour,Hors agglomération,Hors intersection,Normale,Deux véhicules - arrière,,,,,,,,,,,1,1,1,1.0,2
201300013249,0013-07-06 07:45:00,13,7,6,7,45,760,489,,49.45688,0.27259,Plein jour,Hors agglomération,Hors intersection,Normale,Deux véhicules - arrière,,,,,,,,,,,1,1,1,1.0,2
201300013250,0013-11-05 07:15:00,13,11,5,7,15,760,305,,49.49792,0.22513,Crépuscule ou aube,Hors agglomération,Hors intersection,Normale,Sans collision,,,,,,,,,,,2,1,1,1.0,7
201300013251,0013-11-10 10:45:00,13,11,10,10,45,760,305,,49.4979,0.22518,Plein jour,Hors agglomération,Hors intersection,Normale,Sans collision,,,,,,,,,,,1,1,1,1.0,7
201300013252,0013-07-25 18:00:00,13,7,25,18,0,310,324,,43.20818,1.02538,Plein jour,Hors agglomération,Hors intersection,Normale,Autre collision,,,,,,,,,,,1,1,1,1.0,6
201300013253,0013-10-12 19:45:00,13,10,12,19,45,310,503,,,,Crépuscule ou aube,Hors agglomération,Hors intersection,Normale,Deux véhicules - côté,,,,,,,,,,,2,1,1,1.0,3
201300013254,0013-04-05 09:00:00,13,4,5,9,0,740,278,,,,Plein jour,En agglomération,Hors intersection,Normale,Autre collision,,,,,,,,,,,1,2,1,1.0,6
201300013255,0013-06-09 19:00:00,13,6,9,19,0,740,311,ROUTE DU FER A CHEVAL,,,Plein jour,Hors agglomération,Hors intersection,Normale,Sans collision,,,,,,,,,,,1,1,1,1.0,7
201300013256,0013-10-17 16:30:00,13,10,17,16,30,740,311,,,,Plein jour,Hors agglomération,Hors intersection,Normale,Deux véhicules - arrière,,,,,,,,,,,1,1,1,1.0,2
201300013257,0013-10-20 11:30:00,13,10,20,11,30,740,209,ROUTE DE FINDROL,,,Plein jour,Hors agglomération,Hors intersection,Pluie forte,Autre collision,,,,,,,,,,,1,1,1,3.0,6
201300013258,0013-03-24 11:30:00,13,3,24,11,30,800,159,,,,Plein jour,Hors agglomération,Hors intersection,Normale,Autre collision,,,,,,,,,,,1,1,1,1.0,6
201300013259,0013-03-23 22:30:00,13,3,23,22,30,800,157,,,,Nuit sans éclairage public,Hors agglomération,Hors intersection,Normale,Sans collision,,,,,,,,,,,3,1,1,1.0,7
201300013260,0013-04-14 16:00:00,13,4,14,16,0,800,24,,,,Plein jour,Hors agglomération,Hors intersection,Normale,Autre collision,,,,,,,,,,,1,1,1,1.0,6
201300013261,0013-07-25 16:45:00,13,7,25,16,45,800,100,,,,Plein jour,Hors agglomération,Hors intersection,Normale,Autre collision,,,,,,,,,,,1,1,1,1.0,6
201300013262,0013-09-10 22:45:00,13,9,10,22,45,800,160,,,,Nuit sans éclairage public,Hors agglomération,Hors intersection,Temps couvert,Autre collision,,,,,,,,,,,3,1,1,8.0,6
201300013263,0013-09-28 13:30:00,13,9,28,13,30,800,58,,,,Plein jour,Hors agglomération,Hors intersection,Normale,Autre collision,,,,,,,,,,,1,1,1,1.0,6
201300013264,0013-12-02 16:00:00,13,12,2,16,0,800,702,,,,Plein jour,Hors agglomération,Hors intersection,Normale,Sans collision,,,,,,,,,,,1,1,1,1.0,7
201300013265,0013-12-16 07:00:00,13,12,16,7,0,800,160,,,,Nuit sans éclairage public,Hors agglomération,Hors intersection,Normale,Deux véhicules - frontale,,,,,,,,,,,3,1,1,1.0,1
201300013266,0013-01-26 08:30:00,13,1,26,8,30,800,9,,,,Plein jour,Hors agglomération,Hors intersection,Autre,Autre collision,,,,,,,,,,,1,1,1,9.0,6
201300013267,0013-03-31 09:00:00,13,3,31,9,0,800,344,,,,Plein jour,Hors agglomération,Hors intersection,Normale,Autre collision,,,,,,,,,,,1,1,1,1.0,6
201300013268,0013-05-10 21:45:00,13,5,10,21,45,800,296,,,,Nuit sans éclairage public,Hors agglomération,Hors intersection,Normale,Autre collision,,,,,,,,,,,3,1,1,1.0,6
201300013269,0013-07-06 01:15:00,13,7,6,1,15,800,779,,,,Nuit sans éclairage public,Hors agglomération,Hors intersection,Brouillard / fumée,Deux véhicules - côté,,,,,,,,,,,3,1,1,5.0,3
201300013270,0013-03-16 11:30:00,13,3,16,11,30,730,278,,45.39597,6.27371,Plein jour,Hors agglomération,Hors intersection,Normale,Autre collision,,,,,,,,,,,1,1,1,1.0,6
201300013271,0013-04-19 06:30:00,13,4,19,6,30,390,159,,,,Crépuscule ou aube,Hors agglomération,Hors intersection,Normale,Deux véhicules - arrière,,,,,,,,,,,2,1,1,1.0,2
201300013272,0013-06-01 18:30:00,13,6,1,18,30,710,300,,,,Plein jour,Hors agglomération,Hors intersection,Normale,Deux véhicules - arrière,,,,,,,,,,,1,1,1,1.0,2