accident_id,datetime,annee,mois,jour,heure,minute,departement,commune_insee,adresse,latitude,longitude,luminosite,agglomeration,intersection,meteo,collision,nb_vehicules,nb_usagers,nb_indemnes,nb_tues,nb_blesses_hosp,nb_blesses_legers,age_cond_1,age_cond_2,veh_type_cond_1,veh_type_cond_2,lum_code,agg_code,int_code,atm_code,col_code
201300013526,0013-03-24 17:55:00,13,3,24,17,55,130,5,SALENGRO (AVENUE ROGER),43.30335,5.57178,Plein jour,En agglomération,Giratoire,Pluie légère,Trois véhicules et plus - collisions multiples,,,,,,,,,,,1,2,6,2.0,5
201300013527,0013-03-27 19:30:00,13,3,27,19,30,130,70,VOLTAIRE (BOULEVARD),43.2826,5.52989,Nuit avec éclairage allumé,En agglomération,Hors intersection,Normale,Deux véhicules - côté,,,,,,,,,,,5,2,1,1.0,3
201300013528,0013-03-28 14:00:00,13,3,28,14,0,130,5,RD 43 C,,,Plein jour,En agglomération,Intersection en X,Pluie forte,Deux véhicules - côté,,,,,,,,,,,1,2,2,3.0,3
201300013529,0013-04-02 12:50:00,13,4,2,12,50,130,5,MERMOZ (RUE JEAN),43.28721,5.57935,Plein jour,En agglomération,Hors intersection,Normale,Deux véhicules - arrière,,,,,,,,,,,1,2,1,1.0,2
201300013530,0013-04-02 16:45:00,13,4,2,16,45,130,5,VALLEE (CHEMIN DE LA),43.28463,5.5244,Plein jour,En agglomération,Hors intersection,Normale,Deux véhicules - côté,,,,,,,,,,,1,2,1,1.0,3
201300013531,0013-04-05 16:05:00,13,4,5,16,5,130,5,BARTHELEMY (RUE DU DR),43.29574,5.56629,Plein jour,En agglomération,Hors intersection,Normale,Autre collision,,,,,,,,,,,1,2,1,1.0,6
201300013532,0013-04-08 17:40:00,13,4,8,17,40,130,5,"35, REPUBLIQUE (RUE DE L",43.29181,5.56915,Plein jour,En agglomération,Hors intersection,Normale,Sans collision,,,,,,,,,,,1,2,1,1.0,7
201300013533,0013-04-09 16:00:00,13,4,9,16,0,130,211,VOLTAIRE (BOULEVARD),43.28314,5.50554,Plein jour,Hors agglomération,Hors intersection,Normale,Deux véhicules - arrière,,,,,,,,,,,1,1,1,1.0,2
201300013534,0013-04-09 16:30:00,13,4,9,16,30,130,5,"27, DIRIGEABLE (AVENUE D",43.28334,5.60506,Plein jour,Hors agglomération,Intersection en T,Normale,Deux véhicules - frontale,,,,,,,,,,,1,1,3,1.0,1
201300013535,0013-04-09 18:20:00,13,4,9,18,20,130,5,rond point de la bourbon,43.28392,5.59467,Plein jour,Hors agglomération,Hors intersection,Normale,Deux véhicules - arrière,,,,,,,,,,,1,1,1,1.0,2
201300013536,0013-04-11 06:30:00,13,4,11,6,30,130,5,"538, PALUDS (AVENUE DES)",43.28843,5.60049,Crépuscule ou aube,En agglomération,Hors intersection,Normale,Autre collision,,,,,,,,,,,2,2,1,1.0,6
201300013537,0013-04-11 11:35:00,13,4,11,11,35,130,5,BONNES NOUVELLES (CH.DES,43.29235,5.59202,Plein jour,Hors agglomération,Autre intersection,Normale,Autre collision,,,,,,,,,,,1,1,9,1.0,6
201300013538,0013-04-14 17:50:00,13,4,14,17,50,130,5,"33, VERDUN (AVENUE DE)",43.28786,5.57899,Plein jour,En agglomération,Intersection en T,Normale,Deux véhicules - côté,,,,,,,,,,,1,2,3,1.0,3
201300013539,0013-04-15 16:50:00,13,4,15,16,50,130,5,"112, CASSIS (CHEMIN DE )",43.27395,5.53224,Plein jour,En agglomération,Hors intersection,Normale,Sans collision,,,,,,,,,,,1,2,1,1.0,7
201300013540,0013-04-16 17:30:00,13,4,16,17,30,130,5,CD 2 (CAMP MAJOR),43.28811,5.52302,Plein jour,En agglomération,Hors intersection,Normale,Deux véhicules - côté,,,,,,,,,,,1,2,1,1.0,3
201300013541,0013-04-16 19:10:00,13,4,16,19,10,130,5,CD 2 (CAMP MAJOR),43.29244,5.55585,Plein jour,Hors agglomération,Hors intersection,Normale,Trois véhicules et plus - en chaîne,,,,,,,,,,,1,1,1,1.0,4
201300013542,0013-04-17 08:45:00,13,4,17,8,45,130,5,ROUBINE (AVENUE DE LA),43.28637,5.59549,Plein jour,En agglomération,Intersection en T,Normale,Deux véhicules - côté,,,,,,,,,,,1,2,3,1.0,3
201300013543,0013-04-25 09:40:00,13,4,25,9,40,130,5,CD 2 (CAMP MAJOR),43.28808,5.52303,Plein jour,Hors agglomération,Hors intersection,Normale,Deux véhicules - côté,,,,,,,,,,,1,1,1,1.0,3
201300013544,0013-04-30 09:35:00,13,4,30,9,35,130,5,SALENGRO (AVENUE ROGER),43.30322,5.57173,Plein jour,En agglomération,Autre intersection,Normale,Deux véhicules - côté,,,,,,,,,,,1,2,9,1.0,3
201300013545,0013-04-30 10:00:00,13,4,30,10,0,130,5,AVELANEDE (CHEMIN DE L'),43.28648,5.5874,Plein jour,En agglomération,Hors intersection,Normale,Deux véhicules - côté,,,,,,,,,,,1,2,1,1.0,3
201300013546,0013-05-02 19:30:00,13,5,2,19,30,130,5,"250, RD 559 A (ROUTE DE",43.28602,5.58078,Crépuscule ou aube,En agglomération,Hors intersection,Normale,Trois véhicules et plus - en chaîne,,,,,,,,,,,2,2,1,1.0,4
201300013547,0013-05-07 11:20:00,13,5,7,11,20,130,5,SAINT PIERRE (CHEMIN DE),,,Plein jour,En agglomération,Autre intersection,Normale,Deux véhicules - arrière,,,,,,,,,,,1,2,9,1.0,2
201300013548,0013-05-07 19:40:00,13,5,7,19,40,130,5,RN 8,43.28479,5.59208,Plein jour,En agglomération,Hors intersection,Normale,Deux véhicules - côté,,,,,,,,,,,1,2,1,1.0,3
201300013549,0013-05-10 15:10:00,13,5,10,15,10,130,5,RN 8,43.28415,5.54418,Plein jour,En agglomération,Intersection en X,Normale,Deux véhicules - côté,,,,,,,,,,,1,2,2,1.0,3
201300013550,0013-05-11 14:00:00,13,5,11,14,0,130,5,EOURES (ROUTE D'),,,Plein jour,Hors agglomération,Hors intersection,Normale,Autre collision,,,,,,,,,,,1,1,1,1.0,6
201300013551,0013-05-12 16:25:00,13,5,12,16,25,130,5,"25, SALENGRO (AVENUE ROG",43.30086,5.57001,Plein jour,En agglomération,Hors intersection,Normale,Deux véhicules - côté,,,,,,,,,,,1,2,1,1.0,3
201300013552,0013-05-14 14:35:00,13,5,14,14,35,130,70,ROBION (CHEMIN NOEL),43.28441,5.51746,Plein jour,En agglomération,Hors intersection,Normale,Deux véhicules - arrière,,,,,,,,,,,1,2,1,1.0,2
201300013553,0013-05-17 11:05:00,13,5,17,11,5,130,5,"2, RASTEGUE (COURS BARTH",43.2927,5.56903,Plein jour,En agglomération,Hors intersection,Autre,Deux véhicules - côté,,,,,,,,,,,1,2,1,9.0,3
201300013554,0013-05-20 15:15:00,13,5,20,15,15,130,5,"42, SOLLANS (CHEMIN DES)",43.30583,5.57262,Plein jour,En agglomération,Hors intersection,Normale,Deux véhicules - côté,,,,,,,,,,,1,2,1,1.0,3
201300013555,0013-05-21 17:30:00,13,5,21,17,30,130,5,RN 396 (ROUTE NATIONALE),43.30871,5.60804,Plein jour,En agglomération,Intersection en T,Normale,Deux véhicules - côté,,,,,,,,,,,1,2,3,1.0,3
201300013556,0013-05-23 07:30:00,13,5,23,7,30,130,5,CEINTURE DE CAMPS MAJOR,43.29099,5.58646,Plein jour,En agglomération,Giratoire,Normale,Deux véhicules - côté,,,,,,,,,,,1,2,6,1.0,3
201300013557,0013-05-27 08:00:00,13,5,27,8,0,130,5,"14, DOUARD (AVENUE DU)",43.28592,5.60171,Plein jour,Hors agglomération,Intersection en T,Normale,Deux véhicules - côté,,,,,,,,,,,1,1,3,1.0,3
201300013558,0013-05-28 17:10:00,13,5,28,17,10,130,5,BAUMONE (AVENUE DE LA ),43.29801,5.59706,Plein jour,En agglomération,Hors intersection,Pluie légère,Autre collision,,,,,,,,,,,1,2,1,2.0,6
201300013559,0013-05-29 18:55:00,13,5,29,18,55,130,5,"3551, EOURES (ROUTE D')",43.30585,5.53584,Plein jour,En agglomération,Hors intersection,Normale,Deux véhicules - arrière,,,,,,,,,,,1,2,1,1.0,2
201300013560,0013-05-31 11:55:00,13,5,31,11,55,130,5,"77, REPUBLIQUE (RUE DE L",43.29087,5.5701,Plein jour,En agglomération,Intersection en T,Normale,Deux véhicules - côté,,,,,,,,,,,1,2,3,1.0,3
201300013561,0013-06-03 18:45:00,13,6,3,18,45,130,5,"1, CIOTAT (ROUTE DE LA R",43.2672,5.58791,Plein jour,En agglomération,Hors intersection,Normale,Deux véhicules - côté,,,,,,,,,,,1,2,1,1.0,3
201300013562,0013-06-03 12:30:00,13,6,3,12,30,130,5,"1, SALENGRO (AVENUE ROGE",43.29638,5.56864,Plein jour,En agglomération,Giratoire,Normale,Autre collision,,,,,,,,,,,1,2,6,1.0,6
201300013563,0013-06-08 10:00:00,13,6,8,10,0,130,5,"420, NATIONALE 8",43.28615,5.58752,Plein jour,En agglomération,Hors intersection,Normale,Deux véhicules - arrière,,,,,,,,,,,1,2,1,1.0,2
201300013564,0013-05-31 18:00:00,13,5,31,18,0,130,70,"15, ANTONETTI (AVENUE)",43.28692,5.51459,Plein jour,En agglomération,Hors intersection,Normale,Deux véhicules - côté,,,,,,,,,,,1,2,1,1.0,3
201300013565,0013-06-11 23:55:00,13,6,11,23,55,130,5,"3675, EOURES (ROUTE D')",43.30533,5.53444,Nuit avec éclairage allumé,En agglomération,Hors intersection,Normale,Deux véhicules - frontale,,,,,,,,,,,5,2,1,1.0,1
201300013566,0013-06-14 08:50:00,13,6,14,8,50,130,5,RD 43 C,,,Plein jour,Hors agglomération,Intersection en T,Normale,Deux véhicules - côté,,,,,,,,,,,1,1,3,1.0,3
201300013567,0013-06-14 11:00:00,13,6,14,11,0,130,5,"1, COMBES (BOULEVARD EMI",43.2893,5.56858,Plein jour,En agglomération,Intersection en T,Normale,Deux véhicules - côté,,,,,,,,,,,1,2,3,1.0,3
201300013568,0013-06-15 12:00:00,13,6,15,12,0,130,5,PLANQUE (CHEMIN DE LA),43.29468,5.57357,Plein jour,En agglomération,Autre intersection,Normale,Sans collision,,,,,,,,,,,1,2,9,1.0,7
201300013569,0013-06-16 15:50:00,13,6,16,15,50,130,5,"55, VINGT ET UN AOUT 194",43.28927,5.56635,Plein jour,En agglomération,Hors intersection,Normale,Deux véhicules - côté,,,,,,,,,,,1,2,1,1.0,3
201300013570,0013-06-19 08:20:00,13,6,19,8,20,130,5,AVELANEDE (CHEMIN DE L'),43.29187,5.58798,Plein jour,En agglomération,Giratoire,Normale,Deux véhicules - côté,,,,,,,,,,,1,2,6,1.0,3
201300013571,0013-06-20 10:15:00,13,6,20,10,15,130,70,"292, VOLTAIRE (BOULEVARD",43.28217,5.52684,Plein jour,En agglomération,Hors intersection,Normale,Deux véhicules - côté,,,,,,,,,,,1,2,1,1.0,3
201300013572,0013-06-22 17:40:00,13,6,22,17,40,130,5,SAINT PIERRE (CHEMIN DE),43.2997,5.59101,Plein jour,En agglomération,Hors intersection,Normale,Autre collision,,,,,,,,,,,1,2,1,1.0,6
201300013573,0013-06-22 21:00:00,13,6,22,21,0,130,5,"6, FENESTRELLES (CHEMIN",43.28833,5.56672,Plein jour,En agglomération,Hors intersection,Normale,Deux véhicules - côté,,,,,,,,,,,1,2,1,1.0,3
201300013574,0013-06-24 12:20:00,13,6,24,12,20,130,5,"180, MERMOZ (RUE JEAN)",43.2866,5.57851,Plein jour,En agglomération,Hors intersection,Normale,Deux véhicules - côté,,,,,,,,,,,1,2,1,1.0,3
201300013575,0013-06-24 20:40:00,13,6,24,20,40,130,5,"6, SALENGRO (AVENUE ROGE",43.29606,5.56853,Plein jour,En agglomération,Hors intersection,Normale,Deux véhicules - côté,,,,,,,,,,,1,2,1,1.0,3
201300013576,0013-03-04 12:05:00,13,3,4,12,5,130,70,"170, VOLTAIRE (BOULEVARD",43.28119,5.51785,Plein jour,En agglomération,Hors intersection,Normale,Deux véhicules - côté,,,,,,,,,,,1,2,1,1.0,3
201300013577,0013-03-07 16:00:00,13,3,7,16,0,130,5,VALLEE (CHEMIN DE LA),43.28734,5.54504,Plein jour,En agglomération,Intersection en T,Normale,Deux véhicules - côté,,,,,,,,,,,1,2,3,1.0,3
201300013578,0013-04-03 07:50:00,13,4,3,7,50,130,70,ANTONETTI (AVENUE),43.28691,5.51788,Plein jour,En agglomération,Intersection en T,Normale,Deux véhicules - côté,,,,,,,,,,,1,2,3,1.0,3
201300013579,0013-06-27 16:00:00,13,6,27,16,0,130,5,"99, REPUBLIQUE (RUE DE L",43.28983,5.57174,Plein jour,En agglomération,Hors intersection,Normale,Deux véhicules - arrière,,,,,,,,,,,1,2,1,1.0,2
201300013580,0013-06-28 14:00:00,13,6,28,14,0,130,70,"196, VOLTAIRE (BOULEVARD",43.28118,5.51879,Plein jour,En agglomération,Hors intersection,Normale,Deux véhicules - frontale,,,,,,,,,,,1,2,1,1.0,1
201300013581,0013-06-29 11:25:00,13,6,29,11,25,130,5,PALUDS (Z.I. DES ),43.29616,5.59417,Plein jour,En agglomération,Hors intersection,Normale,Deux véhicules - côté,,,,,,,,,,,1,2,1,1.0,3
201300013582,0013-04-26 09:10:00,13,4,26,9,10,130,5,"1, CHATEAU (CHEMIN DU)",43.2935,5.56901,Plein jour,En agglomération,Hors intersection,Normale,Trois véhicules et plus - collisions multiples,,,,,,,,,,,1,2,1,1.0,5
201300013583,0013-06-30 19:00:00,13,6,30,19,0,130,5,AVELANEDE (CHEMIN DE L'),43.28768,5.58719,Plein jour,En agglomération,Intersection en X,Normale,Deux véhicules - côté,,,,,,,,,,,1,2,2,1.0,3
201300013584,0013-07-05 10:25:00,13,7,5,10,25,130,5,RN 96 (ROUTE NATIONALE ),43.31997,5.58534,Plein jour,Hors agglomération,Hors intersection,Normale,Autre collision,,,,,,,,,,,1,1,1,1.0,6
201300013585,0013-07-06 10:30:00,13,7,6,10,30,130,5,21 AOUT 1944 (AVENUE DU),43.28585,5.55581,Plein jour,En agglomération,Hors intersection,Normale,Autre collision,,,,,,,,,,,1,2,1,1.0,6
201300013586,0013-07-07 12:10:00,13,7,7,12,10,130,5,"735, RN 96 (ROUTE NATION",43.31276,5.57804,Plein jour,En agglomération,Hors intersection,Normale,Deux véhicules - frontale,,,,,,,,,,,1,2,1,1.0,1
201300013587,0013-07-10 16:40:00,13,7,10,16,40,130,70,"160, VOLTAIRE (BOULEVARD",43.28129,5.51724,Plein jour,En agglomération,Hors intersection,Normale,Deux véhicules - arrière,,,,,,,,,,,1,2,1,1.0,2
201300013588,0013-07-10 17:09:00,13,7,10,17,9,130,5,THUILIERE (CHEMIN DE LA,,,Plein jour,Hors agglomération,Intersection en T,Normale,Deux véhicules - côté,,,,,,,,,,,1,1,3,1.0,3
201300013589,0013-07-11 18:20:00,13,7,11,18,20,130,5,CIOTAT (ROUTE DE LA RN55,43.27843,5.58997,Plein jour,Hors agglomération,Hors intersection,Normale,Sans collision,,,,,,,,,,,1,1,1,1.0,7
201300013590,0013-07-13 13:30:00,13,7,13,13,30,130,5,RD 559 A (ROUTE DE LA BE,,,Plein jour,Hors agglomération,Hors intersection,Normale,Sans collision,,,,,,,,,,,1,1,1,1.0,7
201300013591,0013-07-16 05:50:00,13,7,16,5,50,130,5,"1100, RN 96 (ROUTE NATIO",43.3161,5.58087,Plein jour,En agglomération,Hors intersection,Normale,Trois véhicules et plus - collisions multiples,,,,,,,,,,,1,2,1,1.0,5
201300013592,0013-07-11 15:00:00,13,7,11,15,0,130,5,RD 43 C,43.31135,5.59304,Plein jour,Hors agglomération,Hors intersection,Normale,Trois véhicules et plus - en chaîne,,,,,,,,,,,1,1,1,1.0,4
201300013593,0013-07-21 18:00:00,13,7,21,18,0,130,5,"., RD 559 A (ROUTE DE LA",43.27361,5.59012,Plein jour,Hors agglomération,Hors intersection,Normale,Deux véhicules - côté,,,,,,,,,,,1,1,1,1.0,3
201300013594,0013-07-24 13:00:00,13,7,24,13,0,130,5,"0, FOCH (COURS MARECHAL)",43.29399,5.56717,Plein jour,En agglomération,Hors intersection,Normale,Deux véhicules - côté,,,,,,,,,,,1,2,1,1.0,3
201300013595,0013-07-26 20:00:00,13,7,26,20,0,130,5,"411, GARLABAN (AVENUE DU",43.31558,5.5616,Plein jour,En agglomération,Hors intersection,Normale,Deux véhicules - arrière,,,,,,,,,,,1,2,1,1.0,2
201300013596,0013-07-26 21:40:00,13,7,26,21,40,130,5,"3, LAVANDE (BOULEVARD DE",43.27812,5.53882,Nuit avec éclairage allumé,En agglomération,Hors intersection,Normale,Deux véhicules - frontale,,,,,,,,,,,5,2,1,1.0,1
201300013597,0013-07-26 16:00:00,13,7,26,16,0,130,5,VOLTAIRE (COURS),43.29522,5.56817,Plein jour,En agglomération,Hors intersection,Normale,Autre collision,,,,,,,,,,,1,2,1,1.0,6
201300013598,0013-07-31 18:50:00,13,7,31,18,50,130,5,"1, FOCH (COURS MARECHAL)",43.29299,5.5676,Plein jour,En agglomération,Hors intersection,Normale,Deux véhicules - arrière,,,,,,,,,,,1,2,1,1.0,2
201300013599,0013-08-02 12:00:00,13,8,2,12,0,130,5,"708, NATIONALE 8 DE PARI",43.28533,5.59069,Plein jour,Hors agglomération,Hors intersection,Normale,Deux véhicules - arrière,,,,,,,,,,,1,1,1,1.0,2
201300013600,0013-08-04 14:20:00,13,8,4,14,20,130,5,"235, BLANCARD (PROMENADE",43.29538,5.56086,Plein jour,En agglomération,Hors intersection,Normale,Sans collision,,,,,,,,,,,1,2,1,1.0,7
201300013601,0013-08-05 17:15:00,13,8,5,17,15,130,5,PALUDS (Z.I. DES ),43.29225,5.59095,Plein jour,Hors agglomération,Hors intersection,Normale,Deux véhicules - côté,,,,,,,,,,,1,1,1,1.0,3
201300013602,0013-08-08 12:50:00,13,8,8,12,50,130,5,"., CIOTAT (ROUTE DE LA R",43.2864,5.58022,Plein jour,Hors agglomération,Hors intersection,Normale,Deux véhicules - frontale,,,,,,,,,,,1,1,1,1.0,1
201300013603,0013-08-08 13:15:00,13,8,8,13,15,130,70,"11, BEAUSOLEIL(AVENUE)",43.27777,5.51729,Plein jour,En agglomération,Hors intersection,Normale,Autre collision,,,,,,,,,,,1,2,1,1.0,6
201300013604,0013-08-08 13:50:00,13,8,8,13,50,130,5,RASTEGUE (COURS BARTHELE,43.29265,5.56605,Plein jour,En agglomération,Hors intersection,Normale,Deux véhicules - côté,,,,,,,,,,,1,2,1,1.0,3
201300013605,0013-08-13 17:50:00,13,8,13,17,50,130,5,"86, REPUBLIQUE (RUE DE L",43.28993,5.57162,Plein jour,En agglomération,Hors intersection,Normale,Autre collision,,,,,,,,,,,1,2,1,1.0,6
201300013606,0013-08-14 17:45:00,13,8,14,17,45,130,5,SALENGRO (AVENUE ROGER),43.30336,5.57162,Plein jour,En agglomération,Hors intersection,Normale,Deux véhicules - arrière,,,,,,,,,,,1,2,1,1.0,2
201300013607,0013-08-17 10:30:00,13,8,17,10,30,130,5,CD 2 (CAMP MAJOR),43.293,5.56761,Plein jour,Hors agglomération,Hors intersection,Normale,Sans collision,,,,,,,,,,,1,1,1,1.0,7
201300013608,0013-08-19 16:00:00,13,8,19,16,0,130,5,"140, GAUTHIERE (CHEMIN D",43.32236,5.59397,Plein jour,En agglomération,Hors intersection,Normale,Autre collision,,,,,,,,,,,1,2,1,1.0,6
201300013609,0013-08-20 18:30:00,13,8,20,18,30,130,5,"1300, RD 43 C",,,Plein jour,Hors agglomération,Hors intersection,Normale,Deux véhicules - côté,,,,,,,,,,,1,1,1,1.0,3
201300013610,0013-08-21 18:00:00,13,8,21,18,0,130,5,BOYER (AVENUE ANTIDE),43.29442,5.56704,Plein jour,En agglomération,Hors intersection,Normale,Deux véhicules - côté,,,,,,,,,,,1,2,1,1.0,3
201300013611,0013-08-23 03:30:00,13,8,23,3,30,130,5,"64, RD 43 C",,,Nuit avec éclairage allumé,En agglomération,Intersection en Y,Normale,Autre collision,,,,,,,,,,,5,2,4,1.0,6
201300013612,0013-08-24 13:00:00,13,8,24,13,0,130,5,AVELANEDE *CH DE L'),43.28766,5.58721,Plein jour,En agglomération,Intersection en T,Normale,Deux véhicules - côté,,,,,,,,,,,1,2,3,1.0,3
201300013613,0013-09-01 04:30:00,13,9,1,4,30,130,5,RN 8,43.2834,5.53763,Nuit avec éclairage allumé,En agglomération,Hors intersection,Normale,Autre collision,,,,,,,,,,,5,2,1,1.0,6
201300013614,0013-09-02 10:25:00,13,9,2,10,25,130,5,CD 2 (CAMP MAJOR),43.28731,5.53555,Plein jour,En agglomération,Hors intersection,Normale,Deux véhicules - côté,,,,,,,,,,,1,2,1,1.0,3
201300013615,0013-09-03 06:50:00,13,9,3,6,50,130,5,N 8 DE PARIS A TOULON,43.28633,5.58685,Plein jour,En agglomération,Intersection en T,Temps éblouissant,Deux véhicules - côté,,,,,,,,,,,1,2,3,7.0,3
201300013616,0013-09-03 10:30:00,13,9,3,10,30,130,5,THUILIERE (CHEMIN DE LA,43.29591,5.54805,Plein jour,En agglomération,Hors intersection,Normale,Autre collision,,,,,,,,,,,1,2,1,1.0,6
201300013617,0013-09-05 13:30:00,13,9,5,13,30,130,5,"250, 21 AOUT 1944 (AVENU",43.28824,5.5645,Plein jour,En agglomération,Hors intersection,Normale,Sans collision,,,,,,,,,,,1,2,1,1.0,7
201300013618,0013-09-10 12:40:00,13,9,10,12,40,130,5,RN 96 (ROUTE NATIONALE ),43.31996,5.58532,Plein jour,En agglomération,Hors intersection,Normale,Deux véhicules - arrière,,,,,,,,,,,1,2,1,1.0,2
201300013619,0013-09-09 16:50:00,13,9,9,16,50,130,5,"1, BAUMONE (AVENUE DE LA",43.29575,5.59504,Plein jour,Hors agglomération,Hors intersection,Normale,Deux véhicules - arrière,,,,,,,,,,,1,1,1,1.0,2
201300013620,0013-09-09 18:15:00,13,9,9,18,15,130,5,CIOTAT (ROUTE DE LA RN55,43.28563,5.58129,Plein jour,En agglomération,Hors intersection,Normale,Deux véhicules - arrière,,,,,,,,,,,1,2,1,1.0,2
201300013621,0013-09-10 18:10:00,13,9,10,18,10,130,5,"101, MARIN BLANC (AVENUE",43.28503,5.59553,Plein jour,Hors agglomération,Hors intersection,Normale,Sans collision,,,,,,,,,,,1,1,1,1.0,7
201300013622,0013-09-12 11:35:00,13,9,12,11,35,130,5,"1290, RN 96 (ROUTE NATIO",43.31368,5.57851,Plein jour,En agglomération,Hors intersection,Normale,Trois véhicules et plus - collisions multiples,,,,,,,,,,,1,2,1,1.0,5
201300013623,0013-09-12 16:05:00,13,9,12,16,5,130,5,PASSONS (CHEMIN DES ),43.2917,5.585,Plein jour,En agglomération,Hors intersection,Normale,Autre collision,,,,,,,,,,,1,2,1,1.0,6
201300013624,0013-09-13 17:35:00,13,9,13,17,35,130,5,RN 396 (ROUTE NATIONALE),43.31255,5.60281,Plein jour,Hors agglomération,Intersection en T,Normale,Sans collision,,,,,,,,,,,1,1,3,1.0,7
201300013625,0013-09-14 08:20:00,13,9,14,8,20,130,5,GEMENOS (ROUTE DE CD2),43.29736,5.58641,Plein jour,En agglomération,Hors intersection,Normale,Deux véhicules - côté,,,,,,,,,,,1,2,1,1.0,3
201300013626,0013-09-16 09:15:00,13,9,16,9,15,130,5,DELFIEU (AVENUE LOULOU),43.29258,5.5655,Plein jour,En agglomération,Hors intersection,Normale,Autre collision,,,,,,,,,,,1,2,1,1.0,6
201300013627,0013-09-18 17:40:00,13,9,18,17,40,130,5,"2, GEMENOS (ROUTE DE CD2",43.29468,5.5738,Plein jour,En agglomération,Hors intersection,Normale,Autre collision,,,,,,,,,,,1,2,1,1.0,6
201300013628,0013-09-19 08:30:00,13,9,19,8,30,130,70,"24, ROUSSEAU (BOULEVARD",43.27824,5.5184,Plein jour,En agglomération,Hors intersection,Normale,Autre collision,,,,,,,,,,,1,2,1,1.0,6
201300013629,0013-09-19 13:50:00,13,9,19,13,50,130,5,"., RD 43 C",,,Plein jour,En agglomération,Hors intersection,Normale,Deux véhicules - côté,,,,,,,,,,,1,2,1,1.0,3
201300013630,0013-09-20 07:15:00,13,9,20,7,15,130,5,"0, GEMENOS (ROUTE DE CD2",43.29778,5.60584,Plein jour,Hors agglomération,Hors intersection,Normale,Deux véhicules - frontale,,,,,,,,,,,1,1,1,1.0,1
201300013631,0013-09-25 11:35:00,13,9,25,11,35,130,5,CEINTURE DE CAMPS MAJOR,43.29753,5.5811,Plein jour,En agglomération,Hors intersection,Normale,Deux véhicules - arrière,,,,,,,,,,,1,2,1,1.0,2
201300013632,0013-09-17 11:40:00,13,9,17,11,40,130,5,"581, BLANCARD (PROMENADE",43.29706,5.56591,Plein jour,En agglomération,Hors intersection,Normale,Deux véhicules - frontale,,,,,,,,,,,1,2,1,1.0,1
201300013633,0013-09-23 14:20:00,13,9,23,14,20,130,5,SALENGRO (AVENUE ROGER),43.30372,5.57209,Plein jour,En agglomération,Hors intersection,Normale,Trois véhicules et plus - en chaîne,,,,,,,,,,,1,2,1,1.0,4
201300013634,0013-09-23 15:30:00,13,9,23,15,30,130,5,"1745, CD 2 (CAMP MAJOR)",43.29844,5.59329,Plein jour,En agglomération,Hors intersection,Normale,Deux véhicules - côté,,,,,,,,,,,1,2,1,1.0,3
201300013635,0013-09-24 18:40:00,13,9,24,18,40,130,5,RN 396 (ROUTE NATIONALE),,,Plein jour,Hors agglomération,Intersection en X,Normale,Deux véhicules - côté,,,,,,,,,,,1,1,2,1.0,3
201300013636,0013-09-24 19:30:00,13,9,24,19,30,130,5,"520, 21 AOUT 1944 (AVENU",43.28718,5.56146,Crépuscule ou aube,En agglomération,Hors intersection,Normale,Deux véhicules - côté,,,,,,,,,,,2,2,1,1.0,3
201300013637,0013-09-17 12:15:00,13,9,17,12,15,130,5,RN 96 (ROUTE NATIONALE ),43.30385,5.57223,Plein jour,Hors agglomération,Autre intersection,Normale,Deux véhicules - arrière,,,,,,,,,,,1,1,9,1.0,2
201300013638,0013-09-27 14:45:00,13,9,27,14,45,130,5,"8, FOCH (COURS MARECHAL)",43.29339,5.56781,Plein jour,En agglomération,Hors intersection,Normale,Autre collision,,,,,,,,,,,1,2,1,1.0,6
201300013639,0013-09-28 20:10:00,13,9,28,20,10,130,5,"1, LAGUNAS (AVENUE SIMON",,,Nuit avec éclairage allumé,En agglomération,Intersection en T,Normale,Deux véhicules - côté,,,,,,,,,,,5,2,3,1.0,3
201300013640,0013-09-30 11:55:00,13,9,30,11,55,130,5,SOLLANS (CHEMIN DES),43.30549,5.57255,Plein jour,En agglomération,Hors intersection,Normale,Deux véhicules - arrière,,,,,,,,,,,1,2,1,1.0,2
201300013641,0013-10-05 11:45:00,13,10,5,11,45,130,5,"1, RN 396 (ROUTE NATIONA",43.3262,5.59643,Plein jour,Hors agglomération,Hors intersection,Normale,Autre collision,,,,,,,,,,,1,1,1,1.0,6
201300013642,0013-10-07 16:35:00,13,10,7,16,35,130,5,"., SALENGRO (AVENUE ROGE",43.30324,5.57171,Plein jour,En agglomération,Hors intersection,Normale,Deux véhicules - arrière,,,,,,,,,,,1,2,1,1.0,2
201300013643,0013-10-07 17:30:00,13,10,7,17,30,130,5,FAIENCIERS (ALLEE DES),43.29543,5.5697,Plein jour,En agglomération,Intersection en X,Normale,Deux véhicules - côté,,,,,,,,,,,1,2,2,1.0,3
201300013644,0013-10-08 15:00:00,13,10,8,15,0,130,5,AVELANEDE (CHEMIN DE L'),,,Plein jour,Hors agglomération,Intersection en T,Normale,Deux véhicules - arrière,,,,,,,,,,,1,1,3,1.0,2
201300013645,0013-10-09 10:30:00,13,10,9,10,30,130,5,CANIERS (AVENUE DES),43.28442,5.59423,Plein jour,En agglomération,Hors intersection,Normale,Deux véhicules - côté,,,,,,,,,,,1,2,1,1.0,3
201300013646,0013-10-09 14:00:00,13,10,9,14,0,130,5,"2085, EOURES (ROUTE D')",43.30718,5.55129,Plein jour,Hors agglomération,Hors intersection,Normale,Sans collision,,,,,,,,,,,1,1,1,1.0,7
201300013647,0013-10-10 17:00:00,13,10,10,17,0,130,70,MANOUCHIAN (AVENUE),43.28138,5.50474,Plein jour,En agglomération,Hors intersection,Normale,Autre collision,,,,,,,,,,,1,2,1,1.0,6