accident_id,datetime,annee,mois,jour,heure,minute,departement,commune_insee,adresse,latitude,longitude,luminosite,agglomeration,intersection,meteo,collision,nb_vehicules,nb_usagers,nb_indemnes,nb_tues,nb_blesses_hosp,nb_blesses_legers,age_cond_1,age_cond_2,veh_type_cond_1,veh_type_cond_2,lum_code,agg_code,int_code,atm_code,col_code
201300013648,0013-10-10 18:15:00,13,10,10,18,15,130,5,DOUARD (AVENUE DU),43.28611,5.59985,Plein jour,Hors agglomération,Hors intersection,Normale,Sans collision,,,,,,,,,,,1,1,1,1.0,7
201300013649,0013-10-09 18:50:00,13,10,9,18,50,130,5,BON CIVET (CHEMIN DU),43.28459,5.554,Crépuscule ou aube,En agglomération,Hors intersection,Normale,Deux véhicules - côté,,,,,,,,,,,2,2,1,1.0,3
201300013650,0013-10-15 06:40:00,13,10,15,6,40,130,5,NATIONALE 8 DE PARIS A T,43.28426,5.59366,Nuit avec éclairage allumé,En agglomération,Giratoire,Normale,Deux véhicules - côté,,,,,,,,,,,5,2,6,1.0,3
201300013651,0013-10-16 16:15:00,13,10,16,16,15,130,5,AVELANEDE (CHEMIN DE L'),43.29614,5.59101,Plein jour,En agglomération,Hors intersection,Normale,Deux véhicules - frontale,,,,,,,,,,,1,2,1,1.0,1
201300013652,0013-10-17 12:20:00,13,10,17,12,20,130,5,"614, PALUDS (AVENUE DES)",43.28888,5.59938,Plein jour,Hors agglomération,Hors intersection,Normale,Deux véhicules - côté,,,,,,,,,,,1,1,1,1.0,3
201300013653,0013-10-31 13:20:00,13,10,31,13,20,130,5,GARLABAN (AVENUE DU),43.30012,5.57195,Plein jour,En agglomération,Hors intersection,Normale,Autre collision,,,,,,,,,,,1,2,1,1.0,6
201300013654,0013-10-31 14:30:00,13,10,31,14,30,130,5,"., BEAUDINARD (ROUTE DE)",43.31738,5.59308,Plein jour,En agglomération,Hors intersection,Normale,Deux véhicules - côté,,,,,,,,,,,1,2,1,1.0,3
201300013655,0013-11-03 21:30:00,13,11,3,21,30,130,5,"1, SALENGRO (AVENUE ROGE",43.29639,5.56864,Nuit avec éclairage allumé,En agglomération,Giratoire,Normale,Deux véhicules - côté,,,,,,,,,,,5,2,6,1.0,3
201300013656,0013-11-06 11:00:00,13,11,6,11,0,130,5,"1380, GEMENOS (ROUTE DE",43.29776,5.58907,Plein jour,En agglomération,Hors intersection,Normale,Deux véhicules - côté,,,,,,,,,,,1,2,1,1.0,3
201300013657,0013-11-12 08:20:00,13,11,12,8,20,130,5,BON CIVET (CHEMIN DU),43.28512,5.55403,Plein jour,En agglomération,Hors intersection,Normale,Deux véhicules - arrière,,,,,,,,,,,1,2,1,1.0,2
201300013658,0013-11-08 14:40:00,13,11,8,14,40,130,5,AVELANEDE (CHEMIN DE L'),43.29657,5.59023,Plein jour,Hors agglomération,Hors intersection,Normale,Deux véhicules - côté,,,,,,,,,,,1,1,1,1.0,3
201300013659,0013-11-16 19:30:00,13,11,16,19,30,130,5,"715/749, 21 AOUT 1944 (A",43.28629,5.55942,Nuit avec éclairage allumé,En agglomération,Hors intersection,Normale,Trois véhicules et plus - en chaîne,,,,,,,,,,,5,2,1,1.0,4
201300013660,0013-11-18 07:20:00,13,11,18,7,20,130,5,DIRIGEABLE (AVENUE DU),43.2834,5.60487,Crépuscule ou aube,En agglomération,Hors intersection,Pluie forte,Deux véhicules - frontale,,,,,,,,,,,2,2,1,3.0,1
201300013661,0013-11-19 07:40:00,13,11,19,7,40,130,70,GARE (BOULEVARD DE LA),43.28495,5.51419,Plein jour,En agglomération,Hors intersection,Pluie légère,Deux véhicules - arrière,,,,,,,,,,,1,2,1,2.0,2
201300013662,0013-11-22 17:15:00,13,11,22,17,15,130,5,"171, BLANCARD (PROMENADE",43.2951,5.56017,Crépuscule ou aube,En agglomération,Hors intersection,Normale,Deux véhicules - côté,,,,,,,,,,,2,2,1,1.0,3
201300013663,0013-11-23 12:50:00,13,11,23,12,50,130,5,"506, CANIERS (AVENUE DES",43.28883,5.59398,Plein jour,En agglomération,Hors intersection,Normale,Deux véhicules - arrière,,,,,,,,,,,1,2,1,1.0,2
201300013664,0013-11-25 17:55:00,13,11,25,17,55,130,5,"852, FENESTRELLES (CHEMI",43.28667,5.56565,Nuit sans éclairage public,Hors agglomération,Hors intersection,Normale,Deux véhicules - frontale,,,,,,,,,,,3,1,1,1.0,1
201300013665,0013-11-15 18:50:00,13,11,15,18,50,130,70,"10, ANTONETTI (AVENUE)",43.28695,5.51492,Nuit avec éclairage allumé,En agglomération,Hors intersection,Normale,Autre collision,,,,,,,,,,,5,2,1,1.0,6
201300013666,0013-11-27 19:20:00,13,11,27,19,20,130,5,"613, GARLABAN (AVENUE DU",43.31698,5.56,Nuit avec éclairage allumé,En agglomération,Hors intersection,Normale,Deux véhicules - côté,,,,,,,,,,,5,2,1,1.0,3
201300013667,0013-11-28 12:30:00,13,11,28,12,30,130,5,"15, FOCH (COURS MARECHAL",43.29377,5.56725,Plein jour,En agglomération,Hors intersection,Normale,Autre collision,,,,,,,,,,,1,2,1,1.0,6
201300013668,0013-11-29 16:00:00,13,11,29,16,0,130,5,MANOUCHIAN (AVENUE),43.28533,5.5486,Plein jour,En agglomération,Hors intersection,Normale,Autre collision,,,,,,,,,,,1,2,1,1.0,6
201300013669,0013-11-30 17:50:00,13,11,30,17,50,130,5,RD 43 C,43.30039,5.59112,Nuit avec éclairage allumé,En agglomération,Giratoire,Pluie légère,Deux véhicules - côté,,,,,,,,,,,5,2,6,2.0,3
201300013670,0013-12-03 10:30:00,13,12,3,10,30,130,70,ROUSSEAU (BOULEVARD JEAN,43.27713,5.5216,Plein jour,En agglomération,Intersection en T,Normale,Deux véhicules - côté,,,,,,,,,,,1,2,3,1.0,3
201300013671,0013-11-28 11:45:00,13,11,28,11,45,130,5,"760, CIOTAT (ROUTE DE LA",43.28223,5.58373,Plein jour,Hors agglomération,Hors intersection,Normale,Sans collision,,,,,,,,,,,1,1,1,1.0,7
201300013672,0013-12-05 19:00:00,13,12,5,19,0,130,5,AUMONE VIELLE (CHEMIN DE,43.28743,5.52991,Nuit avec éclairage allumé,En agglomération,Hors intersection,Normale,Deux véhicules - arrière,,,,,,,,,,,5,2,1,1.0,2
201300013673,0013-12-06 08:30:00,13,12,6,8,30,130,5,"1, FALLEN (AVENUE)",43.29291,5.56597,Plein jour,En agglomération,Hors intersection,Normale,Autre collision,,,,,,,,,,,1,2,1,1.0,6
201300013674,0013-12-07 14:45:00,13,12,7,14,45,130,5,VERDUN (AVENUE DE),43.2888,5.57324,Plein jour,En agglomération,Hors intersection,Normale,Deux véhicules - côté,,,,,,,,,,,1,2,1,1.0,3
201300013675,0013-11-27 17:25:00,13,11,27,17,25,130,5,"1, BONNES NOUVELLES (CH.",43.29157,5.59279,Nuit avec éclairage allumé,Hors agglomération,Autre intersection,Normale,Deux véhicules - côté,,,,,,,,,,,5,1,9,1.0,3
201300013676,0013-12-10 17:20:00,13,12,10,17,20,130,5,"21, VERDUN (AVENUE DE)",43.28797,5.57668,Nuit avec éclairage allumé,En agglomération,Hors intersection,Normale,Autre collision,,,,,,,,,,,5,2,1,1.0,6
201300013677,0013-12-14 11:40:00,13,12,14,11,40,130,5,RN8,43.28431,5.59386,Plein jour,En agglomération,Giratoire,Normale,Deux véhicules - côté,,,,,,,,,,,1,2,6,1.0,3
201300013678,0013-12-18 11:00:00,13,12,18,11,0,130,5,COURONNE DES PINS (AVENU,43.27525,5.55559,Plein jour,En agglomération,Hors intersection,Normale,Sans collision,,,,,,,,,,,1,2,1,1.0,7
201300013679,0013-12-20 10:40:00,13,12,20,10,40,130,5,RN 396 (ROUTE NATIONALE),,,Plein jour,Hors agglomération,Hors intersection,Pluie forte,Deux véhicules - côté,,,,,,,,,,,1,1,1,3.0,3
201300013680,0013-12-20 20:30:00,13,12,20,20,30,130,5,QUARTIER VAUX (CHEMIN DU,43.28439,5.57295,Nuit avec éclairage allumé,Hors agglomération,Hors intersection,Pluie légère,Deux véhicules - arrière,,,,,,,,,,,5,1,1,2.0,2
201300013681,0013-12-24 16:25:00,13,12,24,16,25,130,5,AVELANEDE (CHEMIN DE L'),43.29114,5.58746,Plein jour,Hors agglomération,Hors intersection,Normale,Deux véhicules - côté,,,,,,,,,,,1,1,1,1.0,3
201300013682,0013-12-27 15:30:00,13,12,27,15,30,130,5,"0, SAINT JOSEPH (CHEMIN",43.29091,5.58141,Plein jour,En agglomération,Intersection en T,Normale,Deux véhicules - côté,,,,,,,,,,,1,2,3,1.0,3
201300013683,0013-12-15 15:00:00,13,12,15,15,0,130,5,ESPILLIERES (CHEMIN DES),,,Plein jour,En agglomération,Hors intersection,Normale,Deux véhicules - arrière,,,,,,,,,,,1,2,1,1.0,2
201300013684,0013-12-21 13:00:00,13,12,21,13,0,130,5,RN 396 (ROUTE NATIONALE),,,Plein jour,Hors agglomération,Hors intersection,Normale,Trois véhicules et plus - collisions multiples,,,,,,,,,,,1,1,1,1.0,5
201300013685,0013-12-30 22:00:00,13,12,30,22,0,130,5,CIOTAT (ROUTE DE LA RN55,43.27281,5.5901,Nuit sans éclairage public,Hors agglomération,Hors intersection,Normale,Sans collision,,,,,,,,,,,3,1,1,1.0,7
201300013686,0013-12-31 11:50:00,13,12,31,11,50,130,5,"450, RN 96 (ROUTE NATION",43.31057,5.57695,Plein jour,En agglomération,Hors intersection,Normale,Deux véhicules - côté,,,,,,,,,,,1,2,1,1.0,3
201300013687,0013-01-10 11:00:00,13,1,10,11,0,130,28,"49, RIPERT (AVENUE EMIL",43.18652,5.61464,Plein jour,En agglomération,Hors intersection,Normale,Deux véhicules - côté,,,,,,,,,,,1,2,1,1.0,3
201300013688,0013-01-30 07:40:00,13,1,30,7,40,130,28,DAUPHINE (AVENUE DU),43.18953,5.62154,Plein jour,En agglomération,Giratoire,Normale,Deux véhicules - côté,,,,,,,,,,,1,2,6,1.0,3
201300013689,0013-02-05 19:00:00,13,2,5,19,0,130,28,FARDELOUP (CHEMIN DE),43.18487,5.58902,Nuit avec éclairage allumé,En agglomération,Hors intersection,Normale,Deux véhicules - frontale,,,,,,,,,,,5,2,1,1.0,1
201300013690,0013-03-01 15:10:00,13,3,1,15,10,130,28,"NS, CROZET (AVENUE LOUIS",43.18261,5.59794,Plein jour,En agglomération,Autre intersection,Normale,Deux véhicules - côté,,,,,,,,,,,1,2,9,1.0,3
201300013691,0013-03-09 15:50:00,13,3,9,15,50,130,28,"1599, BODIN (AVENUE EMI",43.19935,5.5897,Plein jour,Hors agglomération,Hors intersection,Normale,Deux véhicules - côté,,,,,,,,,,,1,1,1,1.0,3
201300013692,0013-03-11 17:40:00,13,3,11,17,40,130,28,ANTIOPE (VOIE ),43.2075,5.60577,Plein jour,En agglomération,Hors intersection,Normale,Deux véhicules - côté,,,,,,,,,,,1,2,1,1.0,3
201300013693,0013-03-22 17:43:00,13,3,22,17,43,130,28,Chemin Puits de brunet,43.18845,5.59918,Plein jour,En agglomération,Hors intersection,Normale,Autre collision,,,,,,,,,,,1,2,1,1.0,6
201300013694,0013-04-16 11:30:00,13,4,16,11,30,130,28,"103, AVENUE DE LA PAIX",43.18366,5.61015,Plein jour,En agglomération,Hors intersection,Normale,Deux véhicules - côté,,,,,,,,,,,1,2,1,1.0,3
201300013695,0013-05-15 11:25:00,13,5,15,11,25,130,28,SORBIER (AVENUE DU ),43.20522,5.60046,Plein jour,En agglomération,Hors intersection,Temps couvert,Deux véhicules - côté,,,,,,,,,,,1,2,1,8.0,3
201300013696,0013-05-15 14:15:00,13,5,15,14,15,130,28,FERRY (AVENUE JULES ),43.18346,5.60434,Plein jour,En agglomération,Hors intersection,Normale,Deux véhicules - arrière,,,,,,,,,,,1,2,1,1.0,2
201300013697,0013-05-16 17:25:00,13,5,16,17,25,130,28,"453, FONTSAINTE (AVENUE",43.1907,5.63924,Plein jour,En agglomération,Hors intersection,Pluie légère,Deux véhicules - frontale,,,,,,,,,,,1,2,1,2.0,1
201300013698,0013-06-01 17:00:00,13,6,1,17,0,130,28,CD.559,,,Plein jour,Hors agglomération,Hors intersection,Normale,Trois véhicules et plus - collisions multiples,,,,,,,,,,,1,1,1,1.0,5
201300013699,0013-06-17 18:15:00,13,6,17,18,15,130,28,"NS, CD 559",43.1836,5.66756,Plein jour,Hors agglomération,Intersection en X,Normale,Deux véhicules - côté,,,,,,,,,,,1,1,2,1.0,3
201300013700,0013-07-15 19:00:00,13,7,15,19,0,130,28,CLEMENCEAU (BOULEVARD GE,43.17732,5.61079,Plein jour,En agglomération,Intersection en T,Normale,Deux véhicules - côté,,,,,,,,,,,1,2,3,1.0,3
201300013701,0013-07-21 20:45:00,13,7,21,20,45,130,28,"1091, BODIN (AVENUE EMIL",43.19439,5.59988,Plein jour,Hors agglomération,Hors intersection,Normale,Deux véhicules - frontale,,,,,,,,,,,1,1,1,1.0,1
201300013702,0013-07-30 11:55:00,13,7,30,11,55,130,28,MIREILLE (AVENUE),43.18944,5.62941,Plein jour,En agglomération,Intersection en T,Normale,Deux véhicules - arrière,,,,,,,,,,,1,2,3,1.0,2
201300013703,0013-07-30 22:45:00,13,7,30,22,45,130,28,BEAU RIVAGE (BOULEVARD),43.18729,5.62537,Nuit avec éclairage allumé,En agglomération,Hors intersection,Normale,Autre collision,,,,,,,,,,,5,2,1,1.0,6
201300013704,0013-08-02 00:55:00,13,8,2,0,55,130,28,"179, SUBILIA (AV)",43.18365,5.61016,Nuit avec éclairage allumé,En agglomération,Intersection en T,Normale,Trois véhicules et plus - collisions multiples,,,,,,,,,,,5,2,3,1.0,5
201300013705,0013-08-02 19:20:00,13,8,2,19,20,130,28,CROZET (AVENUE LOUIS ),43.18025,5.59856,Plein jour,En agglomération,Hors intersection,Temps éblouissant,Deux véhicules - frontale,,,,,,,,,,,1,2,1,7.0,1
201300013706,0013-08-05 09:15:00,13,8,5,9,15,130,28,CLEMENCEAU (BOULEVARD GE,43.17689,5.61111,Plein jour,En agglomération,Hors intersection,Normale,Sans collision,,,,,,,,,,,1,2,1,1.0,7
201300013707,0013-08-06 08:15:00,13,8,6,8,15,130,28,Rond Point DULAC/ROVARCH,43.19258,5.60936,Plein jour,En agglomération,Giratoire,Normale,Autre collision,,,,,,,,,,,1,2,6,1.0,6
201300013708,0013-08-10 19:45:00,13,8,10,19,45,130,28,ROMAGOUA (CHEMIN DE),43.19505,5.6114,Crépuscule ou aube,En agglomération,Hors intersection,Normale,Autre collision,,,,,,,,,,,2,2,1,1.0,6
201300013709,0013-08-14 23:25:00,13,8,14,23,25,130,28,"0, BILLOUX (AVENUE FRANC",43.17793,5.5975,Nuit avec éclairage allumé,En agglomération,Intersection en T,Normale,Deux véhicules - côté,,,,,,,,,,,5,2,3,1.0,3
201300013710,0013-08-27 16:10:00,13,8,27,16,10,130,28,AVENUE DE LA GARE,43.19874,5.62643,Plein jour,Hors agglomération,Intersection en X,Normale,Deux véhicules - côté,,,,,,,,,,,1,1,2,1.0,3
201300013711,0013-08-28 14:55:00,13,8,28,14,55,130,28,AVENUE MIREILLE,43.18924,5.63455,Plein jour,En agglomération,Hors intersection,Normale,Deux véhicules - côté,,,,,,,,,,,1,2,1,1.0,3
201300013712,0013-08-30 16:35:00,13,8,30,16,35,130,28,"140, CARDINAL MAURIN (AV",43.17061,5.6014,Plein jour,En agglomération,Intersection en T,Normale,Deux véhicules - frontale,,,,,,,,,,,1,2,3,1.0,1
201300013713,0013-10-21 15:35:00,13,10,21,15,35,130,28,PUITS DE BRUNET (CHEMIN,43.18685,5.60163,Plein jour,En agglomération,Hors intersection,Normale,Deux véhicules - côté,,,,,,,,,,,1,2,1,1.0,3
201300013714,0013-10-22 19:35:00,13,10,22,19,35,130,28,CD.559,,,Nuit sans éclairage public,Hors agglomération,Hors intersection,Temps couvert,Sans collision,,,,,,,,,,,3,1,1,8.0,7
201300013715,0013-10-31 18:30:00,13,10,31,18,30,130,28,"447, BODIN (AVENUE EMILE",43.19323,5.60055,Nuit avec éclairage allumé,En agglomération,Hors intersection,Normale,Deux véhicules - côté,,,,,,,,,,,5,2,1,1.0,3
201300013716,0013-11-06 12:10:00,13,11,6,12,10,130,28,"00, BODIN (AVENUE EMILE)",43.18973,5.60382,Plein jour,En agglomération,Giratoire,Normale,Autre collision,,,,,,,,,,,1,2,6,1.0,6
201300013717,0013-11-14 19:30:00,13,11,14,19,30,130,28,DULAC (AVENUE GUILLAUME),43.18888,5.60868,Nuit avec éclairage allumé,En agglomération,Hors intersection,Vent fort / tempête,Trois véhicules et plus - collisions multiples,,,,,,,,,,,5,2,1,6.0,5
201300013718,0013-11-17 19:30:00,13,11,17,19,30,130,28,MICHELET (BOULEVARD JULE,43.17547,5.6026,Nuit avec éclairage allumé,En agglomération,Autre intersection,Temps couvert,Deux véhicules - côté,,,,,,,,,,,5,2,9,8.0,3
201300013719,0013-12-10 18:10:00,13,12,10,18,10,130,28,"957, DULAC (AVENUE GUILL",43.19393,5.61065,Nuit avec éclairage allumé,En agglomération,Hors intersection,Normale,Autre collision,,,,,,,,,,,5,2,1,1.0,6
201300013720,0013-12-16 07:30:00,13,12,16,7,30,130,28,av guillaume dulac,43.20249,5.62453,Crépuscule ou aube,En agglomération,Intersection en T,Normale,Deux véhicules - côté,,,,,,,,,,,2,2,3,1.0,3
201300013721,0013-12-19 17:25:00,13,12,19,17,25,130,28,"NS, BODIN (AVENUE EMILE)",43.18604,5.60746,Nuit avec éclairage allumé,En agglomération,Hors intersection,Pluie forte,Autre collision,,,,,,,,,,,5,2,1,3.0,6
201300013722,0013-01-30 13:15:00,13,1,30,13,15,130,47,"100, RN 1569",,,Plein jour,Hors agglomération,Hors intersection,Normale,Sans collision,,,,,,,,,,,1,1,1,1.0,7
201300013723,0013-03-17 00:01:00,13,3,17,0,1,130,63,D 10,,,Nuit sans éclairage public,Hors agglomération,Hors intersection,Normale,Deux véhicules - côté,,,,,,,,,,,3,1,1,1.0,3
201300013724,0013-07-16 19:10:00,13,7,16,19,10,130,47,"100, RN 569",,,Plein jour,Hors agglomération,Hors intersection,Normale,Sans collision,,,,,,,,,,,1,1,1,1.0,7
201300013725,0013-07-20 12:40:00,13,7,20,12,40,130,47,"100, RN 1569",,,Plein jour,Hors agglomération,Hors intersection,Normale,Trois véhicules et plus - collisions multiples,,,,,,,,,,,1,1,1,1.0,5
201300013726,0013-10-15 07:45:00,13,10,15,7,45,130,47,"100, CORNICHE DE SUFFREN",43.50956,4.99888,Plein jour,En agglomération,Hors intersection,Normale,Autre collision,,,,,,,,,,,1,2,1,1.0,6
201300013727,0013-11-01 19:15:00,13,11,1,19,15,130,63,"100, ARC EN CIEL AVENUE",43.5981,5.009,Nuit avec éclairage allumé,En agglomération,Hors intersection,Normale,Autre collision,,,,,,,,,,,5,2,1,1.0,6
201300013728,0013-11-29 20:00:00,13,11,29,20,0,130,47,"100, TENNIS RUE",43.5158,4.98952,Nuit avec éclairage allumé,En agglomération,Hors intersection,Vent fort / tempête,Autre collision,,,,,,,,,,,5,2,1,6.0,6
201300013729,0013-01-05 15:45:00,13,1,5,15,45,130,54,JUIN  AVE MARECHAL,43.41977,5.22488,Plein jour,En agglomération,Autre intersection,Normale,Autre collision,,,,,,,,,,,1,2,9,1.0,6
201300013730,0013-01-05 17:50:00,13,1,5,17,50,130,43,REPUBLIQUE  AVENUE DE LA,43.39391,5.23633,Nuit avec éclairage allumé,En agglomération,Hors intersection,Normale,Trois véhicules et plus - en chaîne,,,,,,,,,,,5,2,1,1.0,4
201300013731,0013-01-07 13:30:00,13,1,7,13,30,130,102,COUVENT  CHEMIN DU,43.41925,5.22883,Plein jour,En agglomération,Hors intersection,Normale,Deux véhicules - frontale,,,,,,,,,,,1,2,1,1.0,1
201300013732,0013-01-09 12:50:00,13,1,9,12,50,130,43,FRANCOIS MITTERAND  AVEN,43.39702,5.25094,Plein jour,En agglomération,Hors intersection,Normale,Trois véhicules et plus - collisions multiples,,,,,,,,,,,1,2,1,1.0,5
201300013733,0013-01-09 18:13:00,13,1,9,18,13,130,43,RN 368,43.39369,5.20176,Nuit sans éclairage public,En agglomération,Hors intersection,Normale,Deux véhicules - côté,,,,,,,,,,,3,2,1,1.0,3
201300013734,0013-01-20 18:50:00,13,1,20,18,50,130,54,FIGUERAS  RUE DE,43.41565,5.21067,Nuit avec éclairage allumé,En agglomération,Intersection en X,Normale,Deux véhicules - côté,,,,,,,,,,,5,2,2,1.0,3
201300013735,0013-02-13 12:15:00,13,2,13,12,15,130,54,EUROPE  AVENUE DE L',43.41633,5.22651,Plein jour,En agglomération,Hors intersection,Autre,Deux véhicules - côté,,,,,,,,,,,1,2,1,9.0,3
201300013736,0013-02-22 18:32:00,13,2,22,18,32,130,54,ISLY  RUE D',43.41811,5.22308,Nuit avec éclairage allumé,En agglomération,Intersection en T,Normale,Deux véhicules - frontale,,,,,,,,,,,5,2,3,1.0,1
201300013737,0013-03-22 14:00:00,13,3,22,14,0,130,43,CURIE  AVENUE JOLIOT,43.39384,5.23148,Plein jour,En agglomération,Giratoire,Normale,Deux véhicules - côté,,,,,,,,,,,1,2,6,1.0,3
201300013738,0013-04-16 08:40:00,13,4,16,8,40,130,54,DE GAULLE  AVE GAL DE,43.4119,5.20513,Plein jour,En agglomération,Giratoire,Normale,Deux véhicules - côté,,,,,,,,,,,1,2,6,1.0,3
201300013739,0013-04-16 17:50:00,13,4,16,17,50,130,43,VENTURA  AVENUE LINO,43.39506,5.21673,Plein jour,Hors agglomération,Hors intersection,Normale,Trois véhicules et plus - en chaîne,,,,,,,,,,,1,1,1,1.0,4
201300013740,0013-04-21 19:20:00,13,4,21,19,20,130,43,MITTERAND  AV. FRANCOIS,,,Plein jour,Hors agglomération,Hors intersection,Normale,Sans collision,,,,,,,,,,,1,1,1,1.0,7
201300013741,0013-05-03 17:45:00,13,5,3,17,45,130,102,"118, ABBADIE  BLD",43.42006,5.23529,Plein jour,En agglomération,Hors intersection,Normale,Deux véhicules - arrière,,,,,,,,,,,1,2,1,1.0,2
201300013742,0013-05-04 15:45:00,13,5,4,15,45,130,43,PRES  AVENUE DES,43.39362,5.22024,Plein jour,En agglomération,Hors intersection,Normale,Deux véhicules - côté,,,,,,,,,,,1,2,1,1.0,3
201300013743,0013-06-09 18:50:00,13,6,9,18,50,130,54,HUIT MAI 1945  AVE DU,43.41109,5.21559,Plein jour,Hors agglomération,Hors intersection,Normale,Deux véhicules - arrière,,,,,,,,,,,1,1,1,1.0,2
201300013744,0013-06-11 17:10:00,13,6,11,17,10,130,43,FRANCOIS MITTERAND  AVEN,43.3971,5.25174,Plein jour,En agglomération,Intersection en T,Normale,Deux véhicules - côté,,,,,,,,,,,1,2,3,1.0,3
201300013745,0013-06-20 18:20:00,13,6,20,18,20,130,102,"391, FERRISSE  BLD ROBER",43.41935,5.24245,Plein jour,En agglomération,Hors intersection,Normale,Deux véhicules - arrière,,,,,,,,,,,1,2,1,1.0,2
201300013746,0013-06-22 13:40:00,13,6,22,13,40,130,54,HUIT MAI 1945  AVE DU,,,Plein jour,En agglomération,Giratoire,Normale,Deux véhicules - côté,,,,,,,,,,,1,2,6,1.0,3
201300013747,0013-06-24 17:05:00,13,6,24,17,5,130,54,"22, PLAINES  BD DES",43.41278,5.22496,Plein jour,En agglomération,Hors intersection,Vent fort / tempête,Deux véhicules - côté,,,,,,,,,,,1,2,1,6.0,3
201300013748,0013-06-29 08:07:00,13,6,29,8,7,130,54,HUIT MAI 1945  AVE DU,43.40668,5.20732,Plein jour,Hors agglomération,Hors intersection,Normale,Deux véhicules - arrière,,,,,,,,,,,1,1,1,1.0,2
201300013749,0013-07-02 07:50:00,13,7,2,7,50,130,43,"185, ROVE  AVENUE DU",43.38371,5.21971,Plein jour,En agglomération,Hors intersection,Normale,Deux véhicules - côté,,,,,,,,,,,1,2,1,1.0,3
201300013750,0013-07-06 12:35:00,13,7,6,12,35,130,54,FIGUERAS  RUE DE,43.42111,5.20777,Plein jour,En agglomération,Intersection en X,Normale,Deux véhicules - côté,,,,,,,,,,,1,2,2,1.0,3
201300013751,0013-07-09 17:40:00,13,7,9,17,40,130,54,DE GAULLE  AVE GAL DE,43.41012,5.20605,Plein jour,En agglomération,Hors intersection,Normale,Deux véhicules - côté,,,,,,,,,,,1,2,1,1.0,3
201300013752,0013-07-17 16:25:00,13,7,17,16,25,130,43,PICASSO  RUE PABLO,43.38789,5.23466,Plein jour,En agglomération,Hors intersection,Normale,Autre collision,,,,,,,,,,,1,2,1,1.0,6
201300013753,0013-07-18 17:55:00,13,7,18,17,55,130,54,C D 9,43.42325,5.23071,Plein jour,Hors agglomération,Hors intersection,Normale,Deux véhicules - côté,,,,,,,,,,,1,1,1,1.0,3
201300013754,0013-07-26 00:15:00,13,7,26,0,15,130,54,FABRE AVIATEUR  AVE HENR,43.43025,5.18779,Nuit avec éclairage allumé,En agglomération,Hors intersection,Normale,Autre collision,,,,,,,,,,,5,2,1,1.0,6
201300013755,0013-07-28 16:15:00,13,7,28,16,15,130,54,SIGNORE  BD DE LA,43.42111,5.20777,Plein jour,En agglomération,Intersection en X,Normale,Deux véhicules - côté,,,,,,,,,,,1,2,2,1.0,3
201300013756,0013-08-04 22:00:00,13,8,4,22,0,130,102,"1104, ABBADIE  BLD",43.41526,5.24484,Nuit avec éclairage allumé,En agglomération,Hors intersection,Normale,Deux véhicules - côté,,,,,,,,,,,5,2,1,1.0,3
201300013757,0013-08-05 16:36:00,13,8,5,16,36,130,54,GUYNEMER  AVENUE,43.41948,5.21793,Plein jour,En agglomération,Intersection en X,Normale,Deux véhicules - frontale,,,,,,,,,,,1,2,2,1.0,1
201300013758,0013-08-14 18:55:00,13,8,14,18,55,130,54,COMBATTANT*A.F.N,43.40976,5.21995,Plein jour,Hors agglomération,Intersection en T,Normale,Deux véhicules - côté,,,,,,,,,,,1,1,3,1.0,3
201300013759,0013-08-15 02:28:00,13,8,15,2,28,130,43,"446, VENTURA  AVENUE LIN",43.39526,5.21332,Nuit sans éclairage public,Hors agglomération,Hors intersection,Normale,Autre collision,,,,,,,,,,,3,1,1,1.0,6
201300013760,0013-08-27 12:30:00,13,8,27,12,30,130,54,FIGUEROLLES  QUARTIER,43.40289,5.23955,Plein jour,Hors agglomération,Intersection en T,Normale,Deux véhicules - frontale,,,,,,,,,,,1,1,3,1.0,1
201300013761,0013-08-27 11:10:00,13,8,27,11,10,130,54,"10, ROSE DES VENTS  LA",,,Plein jour,En agglomération,Hors intersection,Normale,Deux véhicules - côté,,,,,,,,,,,1,2,1,1.0,3
201300013762,0013-09-03 16:25:00,13,9,3,16,25,130,54,COUVENT  CHEMIN DU,43.41779,5.2249,Plein jour,En agglomération,Hors intersection,Normale,Deux véhicules - arrière,,,,,,,,,,,1,2,1,1.0,2
201300013763,0013-09-05 16:04:00,13,9,5,16,4,130,43,VENTURA  AVENUE LINO,43.39378,5.19841,Plein jour,En agglomération,Hors intersection,Normale,Trois véhicules et plus - collisions multiples,,,,,,,,,,,1,2,1,1.0,5
201300013764,0013-09-06 17:20:00,13,9,6,17,20,130,54,FOUCAULD  RUE DU PERE,43.41918,5.22255,Plein jour,En agglomération,Hors intersection,Normale,Autre collision,,,,,,,,,,,1,2,1,1.0,6
201300013765,0013-09-07 19:00:00,13,9,7,19,0,130,54,"17, ROSTAND  RUE EDMOND",43.41568,5.20535,Plein jour,En agglomération,Hors intersection,Normale,Deux véhicules - arrière,,,,,,,,,,,1,2,1,1.0,2
201300013766,0013-09-14 19:00:00,13,9,14,19,0,130,54,HUIT MAI 1945  AVE DU,43.41117,5.21083,Plein jour,En agglomération,Hors intersection,Normale,Deux véhicules - côté,,,,,,,,,,,1,2,1,1.0,3
201300013767,0013-09-17 09:45:00,13,9,17,9,45,130,102,"868, LIBERATION  BLD DE",43.41708,5.26132,Plein jour,Hors agglomération,Hors intersection,Normale,Deux véhicules - côté,,,,,,,,,,,1,1,1,1.0,3