accident_id,datetime,annee,mois,jour,heure,minute,departement,commune_insee,adresse,latitude,longitude,luminosite,agglomeration,intersection,meteo,collision,nb_vehicules,nb_usagers,nb_indemnes,nb_tues,nb_blesses_hosp,nb_blesses_legers,age_cond_1,age_cond_2,veh_type_cond_1,veh_type_cond_2,lum_code,agg_code,int_code,atm_code,col_code
201300013888,0013-01-11 07:00:00,13,1,11,7,0,130,55,"30, BD SCHLOESING",43.27355,5.40039,Plein jour,En agglomération,Hors intersection,Normale,Deux véhicules - arrière,,,,,,,,,,,1,2,1,1.0,2
201300013889,0013-12-16 20:30:00,13,12,16,20,30,130,55,"90, AVE DU PRADO",43.28192,5.38599,Nuit avec éclairage allumé,En agglomération,Hors intersection,Normale,Autre collision,,,,,,,,,,,5,2,1,1.0,6
201300013890,0013-01-14 13:00:00,13,1,14,13,0,130,55,"80, BD ROGER CHIEUSSE",43.36231,5.31516,Plein jour,En agglomération,Intersection en T,Normale,Deux véhicules - côté,,,,,,,,,,,1,2,3,1.0,3
201300013891,0013-12-03 11:00:00,13,12,3,11,0,130,55,"23, BD DU VAISSEAU",43.23148,5.405,Plein jour,En agglomération,Hors intersection,Normale,Deux véhicules - côté,,,,,,,,,,,1,2,1,1.0,3
201300013892,0013-01-10 14:10:00,13,1,10,14,10,130,55,"32, CHE DE SAINT JOSEPH",43.34067,5.38674,Plein jour,En agglomération,Autre intersection,Normale,Autre collision,,,,,,,,,,,1,2,9,1.0,6
201300013893,0013-11-26 13:30:00,13,11,26,13,30,130,55,".., BD BERNEX",43.24788,5.38387,Nuit avec éclairage allumé,En agglomération,Intersection en T,Normale,Deux véhicules - arrière,,,,,,,,,,,5,2,3,1.0,2
201300013894,0013-12-17 10:00:00,13,12,17,10,0,130,55,"283, BD MICHELET",43.25932,5.39873,Plein jour,En agglomération,Hors intersection,Normale,Autre collision,,,,,,,,,,,1,2,1,1.0,6
201300013895,0013-01-13 04:10:00,13,1,13,4,10,130,55,"186, BD LYON",43.33608,5.36307,Nuit avec éclairage allumé,En agglomération,Hors intersection,Normale,Autre collision,,,,,,,,,,,5,2,1,1.0,6
201300013896,0013-01-14 13:35:00,13,1,14,13,35,130,55,"90, AVE DE LA FOURRAGERE",43.29921,5.43035,Plein jour,En agglomération,Intersection en T,Normale,Deux véhicules - côté,,,,,,,,,,,1,2,3,1.0,3
201300013897,0013-12-03 16:45:00,13,12,3,16,45,130,2,JEAN GIONO (AVENUE),43.33836,5.47989,Crépuscule ou aube,En agglomération,Hors intersection,Normale,Deux véhicules - arrière,,,,,,,,,,,2,2,1,1.0,2
201300013898,0013-01-05 15:45:00,13,1,5,15,45,130,55,"69, RUE BERANGER",43.30399,5.40295,Plein jour,En agglomération,Hors intersection,Temps éblouissant,Autre collision,,,,,,,,,,,1,2,1,7.0,6
201300013899,0013-12-06 15:00:00,13,12,6,15,0,130,2,"1, JEAN GIONO (AVENUE)",43.33224,5.48462,Plein jour,En agglomération,Hors intersection,Normale,Deux véhicules - côté,,,,,,,,,,,1,2,1,1.0,3
201300013900,0013-12-17 08:30:00,13,12,17,8,30,130,55,AVE DU VALLON D' OL,43.38479,5.35946,Plein jour,En agglomération,Hors intersection,Normale,Autre collision,,,,,,,,,,,1,2,1,1.0,6
201300013901,0013-02-20 18:00:00,13,2,20,18,0,130,55,"108, AVE DU PRADO",43.28118,5.3864,Plein jour,En agglomération,Hors intersection,Normale,Autre collision,,,,,,,,,,,1,2,1,1.0,6
201300013902,0013-01-20 18:30:00,13,1,20,18,30,130,55,"1, PCE JEAN JAURES",,,Nuit avec éclairage allumé,En agglomération,Hors intersection,Temps couvert,Deux véhicules - frontale,,,,,,,,,,,5,2,1,8.0,1
201300013903,0013-11-22 11:00:00,13,11,22,11,0,130,55,"1, MTE DE SAINT MENET",43.29249,5.49452,Plein jour,En agglomération,Hors intersection,Normale,Deux véhicules - côté,,,,,,,,,,,1,2,1,1.0,3
201300013904,0013-12-04 09:10:00,13,12,4,9,10,130,2,"17, CLEMENT, JULES BARTH",43.33252,5.46397,Plein jour,En agglomération,Autre intersection,Temps éblouissant,Autre collision,,,,,,,,,,,1,2,9,7.0,6
201300013905,0013-12-21 18:00:00,13,12,21,18,0,130,75,"34, PAUL SIRVENT (AVE)",43.34366,5.46615,Nuit avec éclairage allumé,En agglomération,Hors intersection,Normale,Deux véhicules - arrière,,,,,,,,,,,5,2,1,1.0,2
201300013906,0013-01-13 05:00:00,13,1,13,5,0,130,55,"00, CRS LIEUTAUD",,,Nuit avec éclairage allumé,En agglomération,Hors intersection,Normale,Deux véhicules - arrière,,,,,,,,,,,5,2,1,1.0,2
201300013907,0013-12-12 08:30:00,13,12,12,8,30,130,55,"40, RUE DE PONTEVES",,,Plein jour,En agglomération,Hors intersection,Normale,Deux véhicules - côté,,,,,,,,,,,1,2,1,1.0,3
201300013908,0013-12-22 16:00:00,13,12,22,16,0,130,55,AVE RAIMU,,,Plein jour,En agglomération,Hors intersection,Normale,Autre collision,,,,,,,,,,,1,2,1,1.0,6
201300013909,0013-12-25 09:35:00,13,12,25,9,35,130,55,"204, RUE DE LYON",43.33051,5.3651,Plein jour,En agglomération,Hors intersection,Temps couvert,Autre collision,,,,,,,,,,,1,2,1,8.0,6
201300013910,0013-01-05 16:30:00,13,1,5,16,30,130,55,"1, BD DES BASSINS DE RAD",,,Crépuscule ou aube,En agglomération,Hors intersection,Normale,Sans collision,,,,,,,,,,,2,2,1,1.0,7
201300013911,0013-08-08 17:00:00,13,8,8,17,0,130,55,"93, CHE DE SAINT JOSEPH",43.35515,5.37021,Plein jour,En agglomération,Hors intersection,Normale,Deux véhicules - arrière,,,,,,,,,,,1,2,1,1.0,2
201300013912,0013-12-11 12:20:00,13,12,11,12,20,130,55,"14, BD CHARLES MORETTI",43.32611,5.37691,Plein jour,En agglomération,Hors intersection,Normale,Autre collision,,,,,,,,,,,1,2,1,1.0,6
201300013913,0013-12-16 12:00:00,13,12,16,12,0,130,55,"179, AVE DES AYGALADES",43.34679,5.36609,Plein jour,En agglomération,Hors intersection,Normale,Deux véhicules - côté,,,,,,,,,,,1,2,1,1.0,3
201300013914,0013-12-20 20:30:00,13,12,20,20,30,130,55,"28, CRS HONORE D' ESTIEN",43.29266,5.37276,Nuit avec éclairage allumé,En agglomération,Hors intersection,Pluie légère,Sans collision,,,,,,,,,,,5,2,1,2.0,7
201300013915,0013-12-10 14:40:00,13,12,10,14,40,130,55,"109, AVE ANDRE ZENATTI",43.24589,5.39118,Plein jour,Hors agglomération,Hors intersection,Normale,Sans collision,,,,,,,,,,,1,1,1,1.0,7
201300013916,0013-10-25 08:20:00,13,10,25,8,20,130,55,"124, VSN SAINT LOUP",43.28305,5.43282,Plein jour,En agglomération,Intersection en T,Normale,Deux véhicules - côté,,,,,,,,,,,1,2,3,1.0,3
201300013917,0013-10-24 17:00:00,13,10,24,17,0,130,55,"222, AVE DE LA CAPELETTE",43.27947,5.41101,Plein jour,En agglomération,Hors intersection,Normale,Sans collision,,,,,,,,,,,1,2,1,1.0,7
201300013918,0013-10-11 17:15:00,13,10,11,17,15,130,55,"430, AVE DE LATTRE DE TA",43.24484,5.42763,Crépuscule ou aube,En agglomération,Hors intersection,Normale,Autre collision,,,,,,,,,,,2,2,1,1.0,6
201300013919,0013-12-20 01:50:00,13,12,20,1,50,130,55,"258, AVE DU PRADO",43.27447,5.39019,Nuit avec éclairage allumé,En agglomération,Hors intersection,Pluie forte,Deux véhicules - côté,,,,,,,,,,,5,2,1,3.0,3
201300013920,0013-04-21 17:45:00,13,4,21,17,45,130,55,"0, RUE CHARLES KADDOUZ",43.31368,5.43186,Plein jour,En agglomération,Intersection en T,Normale,Deux véhicules - côté,,,,,,,,,,,1,2,3,1.0,3
201300013921,0013-03-29 11:30:00,13,3,29,11,30,130,55,MTE DE SAINT MENET,43.29373,5.49336,Plein jour,En agglomération,Hors intersection,Normale,Deux véhicules - arrière,,,,,,,,,,,1,2,1,1.0,2
201300013922,0013-01-09 11:00:00,13,1,9,11,0,130,55,"153, CHE DE CHATEAU GOMB",43.34304,5.4206,Plein jour,En agglomération,Hors intersection,Normale,Autre collision,,,,,,,,,,,1,2,1,1.0,6
201300013923,0013-01-09 07:00:00,13,1,9,7,0,130,55,"166, BD DE PLOMBIERES",43.31862,5.37961,Plein jour,En agglomération,Hors intersection,Normale,Deux véhicules - arrière,,,,,,,,,,,1,2,1,1.0,2
201300013924,0013-11-21 18:00:00,13,11,21,18,0,130,55,AVE DE LA CROIX ROUGE,,,Nuit avec éclairage allumé,En agglomération,Hors intersection,Normale,Deux véhicules - arrière,,,,,,,,,,,5,2,1,1.0,2
201300013925,0013-12-02 15:00:00,13,12,2,15,0,130,55,"17, AVE DU GENERAL LECLE",43.30428,5.37677,Plein jour,En agglomération,Hors intersection,Normale,Deux véhicules - arrière,,,,,,,,,,,1,2,1,1.0,2
201300013926,0013-12-24 13:45:00,13,12,24,13,45,130,55,"22, RPT JEAN MOULIN BD B",43.29015,5.39991,Plein jour,En agglomération,Intersection en T,Normale,Deux véhicules - côté,,,,,,,,,,,1,2,3,1.0,3
201300013927,0013-12-18 20:30:00,13,12,18,20,30,130,55,"36, AVE DU PRADO",43.28375,5.38495,Nuit avec éclairage non allumé,En agglomération,Hors intersection,Normale,Sans collision,,,,,,,,,,,4,2,1,1.0,7
201300013928,0013-07-08 19:10:00,13,7,8,19,10,130,55,"16, CHE JOSEPH AIGUIER",43.25654,5.40448,Plein jour,En agglomération,Hors intersection,Normale,Sans collision,,,,,,,,,,,1,2,1,1.0,7
201300013929,0013-10-16 16:45:00,13,10,16,16,45,130,55,CV DE MORGIOU,43.23468,5.41137,Plein jour,En agglomération,Hors intersection,Normale,Deux véhicules - côté,,,,,,,,,,,1,2,1,1.0,3
201300013930,0013-01-21 20:08:00,13,1,21,20,8,130,55,"63b, BD DU SABLIER",43.25105,5.38226,Nuit avec éclairage allumé,En agglomération,Hors intersection,Normale,Deux véhicules - arrière,,,,,,,,,,,5,2,1,1.0,2
201300013931,0013-11-27 19:50:00,13,11,27,19,50,130,55,"179, BD ROMAIN ROLLAND",43.27577,5.41713,Nuit avec éclairage allumé,En agglomération,Hors intersection,Normale,Deux véhicules - côté,,,,,,,,,,,5,2,1,1.0,3
201300013932,0013-01-08 15:00:00,13,1,8,15,0,130,55,"204, BD. MICHELET",43.26375,5.39624,Plein jour,En agglomération,Intersection en T,Normale,Deux véhicules - côté,,,,,,,,,,,1,2,3,1.0,3
201300013933,0013-12-03 09:30:00,13,12,3,9,30,130,55,"138, AVE PIERRE MENDES F",43.25489,5.37631,Plein jour,En agglomération,Hors intersection,Normale,Deux véhicules - arrière,,,,,,,,,,,1,2,1,1.0,2
201300013934,0013-12-24 20:30:00,13,12,24,20,30,130,55,"61, RUE DE TILSIT",43.29058,5.3875,Nuit avec éclairage allumé,En agglomération,Intersection en X,Normale,Deux véhicules - côté,,,,,,,,,,,5,2,2,1.0,3
201300013935,0013-01-09 11:00:00,13,1,9,11,0,130,55,"111, RTE DE LA VALENTINE",43.29076,5.47362,Plein jour,En agglomération,Hors intersection,Normale,Autre collision,,,,,,,,,,,1,2,1,1.0,6
201300013936,0013-01-11 10:45:00,13,1,11,10,45,130,55,"189, CHE DE NOTRE DAME D",43.33771,5.43228,Plein jour,En agglomération,Hors intersection,Normale,Deux véhicules - arrière,,,,,,,,,,,1,2,1,1.0,2
201300013937,0013-11-07 13:45:00,13,11,7,13,45,130,55,BD DU SABLIER,43.24996,5.3819,Plein jour,En agglomération,Hors intersection,Normale,Autre collision,,,,,,,,,,,1,2,1,1.0,6
201300013938,0013-01-09 20:00:00,13,1,9,20,0,130,55,"00, BD CAMILLE FLAMMARIO",,,Nuit avec éclairage allumé,En agglomération,Hors intersection,Normale,Autre collision,,,,,,,,,,,5,2,1,1.0,6
201300013939,0013-11-29 06:20:00,13,11,29,6,20,130,55,"132, RUE PIERRE DOIZE",43.27559,5.42624,Nuit avec éclairage allumé,En agglomération,Hors intersection,Normale,Autre collision,,,,,,,,,,,5,2,1,1.0,6
201300013940,0013-01-04 17:45:00,13,1,4,17,45,130,55,"77, CHE DES BOURRELY",43.38135,5.3632,Crépuscule ou aube,En agglomération,Hors intersection,Normale,Trois véhicules et plus - en chaîne,,,,,,,,,,,2,2,1,1.0,4
201300013941,0013-12-13 08:45:00,13,12,13,8,45,130,55,"303, AVE DES POILUS",43.31571,5.46145,Plein jour,Hors agglomération,Hors intersection,Normale,Deux véhicules - côté,,,,,,,,,,,1,1,1,1.0,3
201300013942,0013-12-15 11:45:00,13,12,15,11,45,130,55,"164, AVE DE LA MADRAGUE",43.23239,5.35598,Plein jour,En agglomération,Hors intersection,Normale,Deux véhicules - arrière,,,,,,,,,,,1,2,1,1.0,2
201300013943,0013-12-16 11:30:00,13,12,16,11,30,130,55,RUE MIGNARD,43.26203,5.40084,Plein jour,En agglomération,Hors intersection,Normale,Autre collision,,,,,,,,,,,1,2,1,1.0,6
201300013944,0013-12-19 21:10:00,13,12,19,21,10,130,55,"22, RUE NEGRESKO",43.26965,5.39025,Nuit avec éclairage allumé,En agglomération,Hors intersection,Pluie forte,Autre collision,,,,,,,,,,,5,2,1,3.0,6
201300013945,0013-12-21 10:50:00,13,12,21,10,50,130,55,"165, AVE DU PRADO",43.27843,5.38813,Plein jour,En agglomération,Hors intersection,Pluie légère,Deux véhicules - arrière,,,,,,,,,,,1,2,1,2.0,2
201300013946,0013-12-21 13:30:00,13,12,21,13,30,130,55,"., PRK ANDR? BARDON/FLOR",43.28334,5.42698,Plein jour,En agglomération,Hors intersection,Normale,Deux véhicules - arrière,,,,,,,,,,,1,2,1,1.0,2
201300013947,0013-01-23 05:20:00,13,1,23,5,20,130,55,AVE ALEXANDRE FLEMING,,,Nuit avec éclairage allumé,En agglomération,Hors intersection,Normale,Sans collision,,,,,,,,,,,5,2,1,1.0,7
201300013948,0013-01-11 08:40:00,13,1,11,8,40,130,55,"54, AVE DE SAINT JEAN",43.2968,5.36694,Plein jour,En agglomération,Intersection en Y,Normale,Deux véhicules - frontale,,,,,,,,,,,1,2,4,1.0,1
201300013949,0013-12-23 18:30:00,13,12,23,18,30,130,55,RPT PERE WRESINKI,43.33036,5.41013,Nuit avec éclairage allumé,En agglomération,Giratoire,Normale,Autre collision,,,,,,,,,,,5,2,6,1.0,6
201300013950,0013-11-21 07:20:00,13,11,21,7,20,130,55,"33, AVE ELLEON",43.28478,5.44244,Crépuscule ou aube,En agglomération,Hors intersection,Pluie forte,Autre collision,,,,,,,,,,,2,2,1,3.0,6
201300013951,0013-01-09 07:45:00,13,1,9,7,45,130,55,"231, BD DE SAINT LOUP",43.28523,5.44082,Crépuscule ou aube,En agglomération,Hors intersection,Normale,Deux véhicules - frontale,,,,,,,,,,,2,2,1,1.0,1
201300013952,0013-12-26 12:45:00,13,12,26,12,45,130,55,"1, AUT DU LITTORAL A55 M",,,Plein jour,En agglomération,Intersection à plus de 4 branches,Vent fort / tempête,Deux véhicules - côté,,,,,,,,,,,1,2,5,6.0,3
201300013953,0013-12-11 05:30:00,13,12,11,5,30,130,55,"1, RPT ALBERT EINSTEIN /",43.3429,5.4457,Crépuscule ou aube,En agglomération,Giratoire,Normale,Deux véhicules - côté,,,,,,,,,,,2,2,6,1.0,3
201300013954,0013-01-08 07:45:00,13,1,8,7,45,130,75,"6, L'ENJOLRAS (AVE DE)",43.33719,5.4525,Plein jour,En agglomération,Hors intersection,Normale,Deux véhicules - côté,,,,,,,,,,,1,2,1,1.0,3
201300013955,0013-01-10 09:15:00,13,1,10,9,15,130,55,RUE JEAN QUEILLAU,43.33685,5.38571,Plein jour,En agglomération,Giratoire,Temps éblouissant,Autre collision,,,,,,,,,,,1,2,6,7.0,6
201300013956,0013-11-29 19:05:00,13,11,29,19,5,130,55,"234, RUE CHARLES KADDOUZ",43.31811,5.4391,Nuit avec éclairage allumé,En agglomération,Hors intersection,Normale,Deux véhicules - frontale,,,,,,,,,,,5,2,1,1.0,1
201300013957,0013-12-10 18:40:00,13,12,10,18,40,130,55,"00, VOI LA CANEBIERE",,,Nuit avec éclairage allumé,En agglomération,Hors intersection,Normale,Autre collision,,,,,,,,,,,5,2,1,1.0,6
201300013958,0013-12-10 20:30:00,13,12,10,20,30,130,55,"00, VOI LA CANEBIERE",,,Nuit avec éclairage allumé,En agglomération,Hors intersection,Normale,Autre collision,,,,,,,,,,,5,2,1,1.0,6
201300013959,0013-01-04 17:00:00,13,1,4,17,0,130,55,"00, TRA DU MAROC",,,Plein jour,En agglomération,Hors intersection,Normale,Autre collision,,,,,,,,,,,1,2,1,1.0,6
201300013960,0013-10-05 09:15:00,13,10,5,9,15,130,55,"32, RUE PARADIS",43.2933,5.37685,Plein jour,En agglomération,Hors intersection,Normale,Autre collision,,,,,,,,,,,1,2,1,1.0,6
201300013961,0013-01-03 18:50:00,13,1,3,18,50,130,55,"00, AVE JEAN PAUL SARTRE",,,Nuit avec éclairage allumé,En agglomération,Hors intersection,Normale,Deux véhicules - arrière,,,,,,,,,,,5,2,1,1.0,2
201300013962,0013-01-15 12:30:00,13,1,15,12,30,130,55,"58, BD DU CAPITAINE GEZE",43.33109,5.37335,Plein jour,En agglomération,Hors intersection,Temps couvert,Deux véhicules - côté,,,,,,,,,,,1,2,1,8.0,3
201300013963,0013-01-10 17:30:00,13,1,10,17,30,130,55,"108, AVE JULES CANTINI",43.28131,5.39214,Crépuscule ou aube,En agglomération,Hors intersection,Normale,Autre collision,,,,,,,,,,,2,2,1,1.0,6
201300013964,0013-10-29 23:00:00,13,10,29,23,0,130,55,AVE ALEXANDRE FLEMING,,,Nuit avec éclairage allumé,En agglomération,Hors intersection,Normale,Deux véhicules - côté,,,,,,,,,,,5,2,1,1.0,3
201300013965,0013-01-23 19:00:00,13,1,23,19,0,130,55,"59, BD DE STRASBOURG",43.30858,5.37762,Nuit avec éclairage allumé,En agglomération,Hors intersection,Normale,Autre collision,,,,,,,,,,,5,2,1,1.0,6
201300013966,0013-01-06 13:50:00,13,1,6,13,50,130,75,"94, FREDERIC MISTRAL (AV",43.35114,5.47186,Plein jour,En agglomération,Intersection en T,Normale,Trois véhicules et plus - collisions multiples,,,,,,,,,,,1,2,3,1.0,5
201300013967,0013-01-03 19:00:00,13,1,3,19,0,130,55,"4, BD DE LA LIBERTE",43.30081,5.38164,Nuit avec éclairage allumé,En agglomération,Intersection en X,Normale,Deux véhicules - côté,,,,,,,,,,,5,2,2,1.0,3
201300013968,0013-01-06 03:30:00,13,1,6,3,30,130,55,"149, BD RABATAU",43.27997,5.39939,Nuit avec éclairage allumé,En agglomération,Hors intersection,Normale,Deux véhicules - arrière,,,,,,,,,,,5,2,1,1.0,2
201300013969,0013-04-11 11:00:00,13,4,11,11,0,130,55,"262, AVE DES POILUS",43.3174,5.46035,Plein jour,En agglomération,Hors intersection,Normale,Autre collision,,,,,,,,,,,1,2,1,1.0,6
201300013970,0013-01-19 18:15:00,13,1,19,18,15,130,55,"15, RUE JEAN QUEILLAU",,,Crépuscule ou aube,En agglomération,Hors intersection,Normale,Autre collision,,,,,,,,,,,2,2,1,1.0,6
201300013971,0013-12-20 20:30:00,13,12,20,20,30,130,55,"0, BD NATIONAL",,,Nuit avec éclairage allumé,En agglomération,Hors intersection,Normale,Autre collision,,,,,,,,,,,5,2,1,1.0,6
201300013972,0013-12-29 17:05:00,13,12,29,17,5,130,55,"252, BD CHAVE",43.29581,5.4012,Crépuscule ou aube,En agglomération,Hors intersection,Normale,Autre collision,,,,,,,,,,,2,2,1,1.0,6
201300013973,0013-12-05 08:20:00,13,12,5,8,20,130,55,"00, AVE DE VALDONNE",,,Plein jour,En agglomération,Hors intersection,Normale,Autre collision,,,,,,,,,,,1,2,1,1.0,6
201300013974,0013-01-03 13:05:00,13,1,3,13,5,130,55,CHE DU LITTORAL,,,Plein jour,Hors agglomération,Hors intersection,Normale,Deux véhicules - côté,,,,,,,,,,,1,1,1,1.0,3
201300013975,0013-12-19 12:30:00,13,12,19,12,30,130,55,"07, PCE EDMOND AUDRAN",43.30979,5.40141,Plein jour,En agglomération,Hors intersection,Normale,Autre collision,,,,,,,,,,,1,2,1,1.0,6
201300013976,0013-01-16 17:00:00,13,1,16,17,0,130,55,"0, CHE DE SAINT ANTOINE",,,Crépuscule ou aube,En agglomération,Hors intersection,Normale,Deux véhicules - côté,,,,,,,,,,,2,2,1,1.0,3
201300013977,0013-01-03 16:10:00,13,1,3,16,10,130,55,TRA DE GIBBES,,,Plein jour,En agglomération,Hors intersection,Normale,Sans collision,,,,,,,,,,,1,2,1,1.0,7
201300013978,0013-12-24 11:05:00,13,12,24,11,5,130,55,"29, PRO GEORGES POMPIDOU",43.26591,5.37293,Plein jour,En agglomération,Intersection en T,Normale,Deux véhicules - côté,,,,,,,,,,,1,2,3,1.0,3
201300013979,0013-12-06 09:20:00,13,12,6,9,20,130,55,"2, CV DES BESSONS",43.33896,5.39234,Plein jour,En agglomération,Intersection en T,Normale,Deux véhicules - côté,,,,,,,,,,,1,2,3,1.0,3
201300013980,0013-12-31 10:45:00,13,12,31,10,45,130,55,"73, CHE DES BOURRELY",43.38113,5.36304,Plein jour,En agglomération,Hors intersection,Normale,Deux véhicules - côté,,,,,,,,,,,1,2,1,1.0,3
201300013981,0013-01-25 21:20:00,13,1,25,21,20,130,55,"67, AVE DE LA FOURRAGERE",43.30026,5.43067,Nuit avec éclairage allumé,En agglomération,Hors intersection,Normale,Autre collision,,,,,,,,,,,5,2,1,1.0,6
201300013982,0013-09-20 12:15:00,13,9,20,12,15,130,55,"42, BD CAMILLE FLAMMARIO",43.30539,5.39168,Plein jour,En agglomération,Hors intersection,Normale,Autre collision,,,,,,,,,,,1,2,1,1.0,6
201300013983,0013-01-06 15:05:00,13,1,6,15,5,130,55,"80, AVE DES ROCHES",43.27975,5.36355,Plein jour,En agglomération,Hors intersection,Normale,Deux véhicules - côté,,,,,,,,,,,1,2,1,1.0,3
201300013984,0013-01-06 19:00:00,13,1,6,19,0,130,55,"24, AVE DU PRADO",43.2843,5.38466,Nuit avec éclairage allumé,En agglomération,Hors intersection,Normale,Autre collision,,,,,,,,,,,5,2,1,1.0,6
201300013985,0013-12-29 13:20:00,13,12,29,13,20,130,55,"347, AVE DE SAINT ANTOIN",43.38024,5.35742,Plein jour,En agglomération,Intersection en T,Normale,Deux véhicules - côté,,,,,,,,,,,1,2,3,1.0,3
201300013986,0013-01-20 15:20:00,13,1,20,15,20,130,55,"01, AVE DES OLIVES",43.32984,5.42952,Plein jour,En agglomération,Hors intersection,Normale,Autre collision,,,,,,,,,,,1,2,1,1.0,6
201300013987,0013-01-21 18:20:00,13,1,21,18,20,130,55,"1, BD DE PLOMBIERES",43.31489,5.38787,Nuit avec éclairage allumé,En agglomération,Hors intersection,Normale,Autre collision,,,,,,,,,,,5,2,1,1.0,6
201300013988,0013-05-02 07:15:00,13,5,2,7,15,130,55,"62, RUE GEORGE",43.29594,5.39786,Plein jour,En agglomération,Hors intersection,Normale,Deux véhicules - côté,,,,,,,,,,,1,2,1,1.0,3
201300013989,0013-09-30 11:50:00,13,9,30,11,50,130,55,BD JEAN MOULIN,,,Plein jour,En agglomération,Hors intersection,Normale,Deux véhicules - côté,,,,,,,,,,,1,2,1,1.0,3
201300013990,0013-10-04 13:55:00,13,10,4,13,55,130,55,"95, BD SAKAKINI",43.29397,5.40158,Plein jour,En agglomération,Hors intersection,Normale,Deux véhicules - arrière,,,,,,,,,,,1,2,1,1.0,2
201300013991,0013-12-27 07:50:00,13,12,27,7,50,130,55,"35, AVE DE LA POINTE ROU",43.24797,5.37481,Plein jour,En agglomération,Intersection en T,Normale,Deux véhicules - côté,,,,,,,,,,,1,2,3,1.0,3
201300013992,0013-01-06 13:00:00,13,1,6,13,0,130,55,"25, BD FRANCOISE DUPARC",43.30191,5.40053,Plein jour,En agglomération,Hors intersection,Normale,Deux véhicules - côté,,,,,,,,,,,1,2,1,1.0,3
201300013993,0013-01-23 09:15:00,13,1,23,9,15,130,55,RTE LEON LACHAMP,,,Plein jour,Hors agglomération,Hors intersection,Pluie forte,Autre collision,,,,,,,,,,,1,1,1,3.0,6
201300013994,0013-01-07 12:30:00,13,1,7,12,30,130,55,COR PRESIDENT JOHN F KEN,,,Plein jour,En agglomération,Hors intersection,Normale,Trois véhicules et plus - en chaîne,,,,,,,,,,,1,2,1,1.0,4
201300013995,0013-01-22 10:50:00,13,1,22,10,50,130,55,"217, RUE DE ROME",43.28656,5.38338,Plein jour,Hors agglomération,Hors intersection,Normale,Deux véhicules - arrière,,,,,,,,,,,1,1,1,1.0,2
201300013996,0013-01-18 08:20:00,13,1,18,8,20,130,55,"21, RUE DES ORGUES",43.29987,5.39965,Plein jour,En agglomération,Hors intersection,Normale,Autre collision,,,,,,,,,,,1,2,1,1.0,6
201300013997,0013-01-18 20:47:00,13,1,18,20,47,130,55,"20, BD DE LA CONCORDE",43.24981,5.40269,Nuit avec éclairage allumé,En agglomération,Hors intersection,Temps couvert,Deux véhicules - frontale,,,,,,,,,,,5,2,1,8.0,1
201300013998,0013-01-22 20:15:00,13,1,22,20,15,130,55,"89, AVE CLOT BEY",43.25849,5.38383,Nuit avec éclairage allumé,En agglomération,Hors intersection,Normale,Deux véhicules - arrière,,,,,,,,,,,5,2,1,1.0,2
201300013999,0013-01-23 12:30:00,13,1,23,12,30,130,55,"268, BD HENRI BARNIER",43.36813,5.34432,Plein jour,En agglomération,Hors intersection,Pluie légère,Deux véhicules - arrière,,,,,,,,,,,1,2,1,2.0,2
201300014000,0013-01-26 15:30:00,13,1,26,15,30,130,55,RUE KRUGER,,,Plein jour,En agglomération,Hors intersection,Normale,Deux véhicules - frontale,,,,,,,,,,,1,2,1,1.0,1
201300014001,0013-01-06 07:10:00,13,1,6,7,10,130,55,BD JEAN MOULIN,,,Nuit avec éclairage allumé,En agglomération,Hors intersection,Normale,Sans collision,,,,,,,,,,,5,2,1,1.0,7
201300014002,0013-01-08 08:00:00,13,1,8,8,0,130,55,"00, ESC GARE SAINT CHARL",43.30204,5.38192,Plein jour,En agglomération,Hors intersection,Normale,Autre collision,,,,,,,,,,,1,2,1,1.0,6
201300014003,0013-11-30 12:00:00,13,11,30,12,0,130,55,"34, AVE DE SAINT BARNABE",43.30403,5.41033,Plein jour,En agglomération,Hors intersection,Normale,Trois véhicules et plus - collisions multiples,,,,,,,,,,,1,2,1,1.0,5
201300014004,0013-09-24 11:55:00,13,9,24,11,55,130,55,"20, RUE ALBERT EINSTEIN",43.33729,5.43547,Plein jour,En agglomération,Hors intersection,Normale,Deux véhicules - côté,,,,,,,,,,,1,2,1,1.0,3
201300014005,0013-01-19 18:45:00,13,1,19,18,45,130,55,"1, TRA DE LA MONTRE",43.29122,5.47302,Nuit avec éclairage allumé,En agglomération,Hors intersection,Pluie légère,Autre collision,,,,,,,,,,,5,2,1,2.0,6
201300014006,0013-01-23 11:15:00,13,1,23,11,15,130,55,"28, BD DU CABOT",43.25933,5.41661,Plein jour,En agglomération,Hors intersection,Pluie légère,Deux véhicules - côté,,,,,,,,,,,1,2,1,2.0,3
201300014007,0013-01-09 14:00:00,13,1,9,14,0,130,55,"140, CHE DE LA COLLINE S",43.25269,5.42022,Plein jour,En agglomération,Hors intersection,Normale,Autre collision,,,,,,,,,,,1,2,1,1.0,6
201300014008,0013-12-23 20:30:00,13,12,23,20,30,130,55,"43, AVE DES OLIVES",43.32895,5.43138,Nuit avec éclairage allumé,En agglomération,Hors intersection,Normale,Deux véhicules - arrière,,,,,,,,,,,5,2,1,1.0,2
201300014009,0013-01-15 14:15:00,13,1,15,14,15,130,55,"73, Bd de SAINT MARCEL",43.2888,5.46138,Plein jour,En agglomération,Intersection en T,Normale,Deux véhicules - arrière,,,,,,,,,,,1,2,3,1.0,2