accident_id,datetime,annee,mois,jour,heure,minute,departement,commune_insee,adresse,latitude,longitude,luminosite,agglomeration,intersection,meteo,collision,nb_vehicules,nb_usagers,nb_indemnes,nb_tues,nb_blesses_hosp,nb_blesses_legers,age_cond_1,age_cond_2,veh_type_cond_1,veh_type_cond_2,lum_code,agg_code,int_code,atm_code,col_code
201300014253,0013-02-22 21:30:00,13,2,22,21,30,130,55,"71, RUE D' ITALIE",43.28819,5.3833,Nuit avec éclairage allumé,En agglomération,Hors intersection,Normale,Deux véhicules - arrière,,,,,,,,,,,5,2,1,1.0,2
201300014254,0013-02-22 21:30:00,13,2,22,21,30,130,55,"592, RUE SAINT PIERRE",43.29047,5.42098,Nuit avec éclairage allumé,En agglomération,Hors intersection,Normale,Autre collision,,,,,,,,,,,5,2,1,1.0,6
201300014255,0013-02-13 14:15:00,13,2,13,14,15,130,55,"4, BD SAKAKINI",43.29945,5.40089,Plein jour,En agglomération,Hors intersection,Normale,Autre collision,,,,,,,,,,,1,2,1,1.0,6
201300014256,0013-02-10 14:40:00,13,2,10,14,40,130,55,"147, BD RABATAU",43.27938,5.39928,Plein jour,En agglomération,Hors intersection,Pluie légère,Trois véhicules et plus - en chaîne,,,,,,,,,,,1,2,1,2.0,4
201300014257,0013-02-19 07:40:00,13,2,19,7,40,130,55,"1, BD SCHLOESING",43.27655,5.3994,Plein jour,En agglomération,Hors intersection,Normale,Deux véhicules - arrière,,,,,,,,,,,1,2,1,1.0,2
201300014258,0013-02-12 05:40:00,13,2,12,5,40,130,55,AVE DES POILUS,43.31613,5.46115,Nuit sans éclairage public,En agglomération,Hors intersection,Normale,Autre collision,,,,,,,,,,,3,2,1,1.0,6
201300014259,0013-02-23 17:00:00,13,2,23,17,0,130,55,PCE DES MALOUINS,43.36281,5.36721,Plein jour,Hors agglomération,Hors intersection,Normale,Sans collision,,,,,,,,,,,1,1,1,1.0,7
201300014260,0013-02-04 13:40:00,13,2,4,13,40,130,55,"11, BD SCHLOESING",43.2762,5.39944,Plein jour,En agglomération,Hors intersection,Normale,Autre collision,,,,,,,,,,,1,2,1,1.0,6
201300014261,0013-02-15 08:50:00,13,2,15,8,50,130,55,"31, RUE AVIATEUR LE BRIX",43.26146,5.40382,Plein jour,En agglomération,Hors intersection,Normale,Deux véhicules - côté,,,,,,,,,,,1,2,1,1.0,3
201300014262,0013-01-18 07:45:00,13,1,18,7,45,130,55,CHE DES JONQUILLES,,,Crépuscule ou aube,En agglomération,Hors intersection,Normale,Autre collision,,,,,,,,,,,2,2,1,1.0,6
201300014263,0013-02-15 08:00:00,13,2,15,8,0,130,55,"00, CHE HENRI BEYLE",,,Plein jour,En agglomération,Hors intersection,Normale,Autre collision,,,,,,,,,,,1,2,1,1.0,6
201300014264,0013-02-05 09:00:00,13,2,5,9,0,130,55,RPT PIERRE PARAF,43.33024,5.38841,Plein jour,En agglomération,Hors intersection,Normale,Deux véhicules - arrière,,,,,,,,,,,1,2,1,1.0,2
201300014265,0013-02-17 20:00:00,13,2,17,20,0,130,55,AVE JEAN PAUL SARTRE,43.32212,5.41776,Nuit avec éclairage allumé,En agglomération,Hors intersection,Normale,Sans collision,,,,,,,,,,,5,2,1,1.0,7
201300014266,0013-02-21 09:10:00,13,2,21,9,10,130,55,"1, IMP DE LA BARNIERE",43.28156,5.40608,Plein jour,En agglomération,Hors intersection,Normale,Autre collision,,,,,,,,,,,1,2,1,1.0,6
201300014267,0013-12-30 00:01:00,13,12,30,0,1,130,55,"00, BD DE PLOMBIERES",43.31495,5.38793,Nuit avec éclairage allumé,En agglomération,Intersection en X,Normale,Deux véhicules - côté,,,,,,,,,,,5,2,2,1.0,3
201300014268,0013-02-19 14:30:00,13,2,19,14,30,130,55,BD JEAN EUGENE CABASSUD,,,Plein jour,En agglomération,Hors intersection,Normale,Deux véhicules - côté,,,,,,,,,,,1,2,1,1.0,3
201300014269,0013-02-12 08:40:00,13,2,12,8,40,130,55,AVE DE LA ROSE,43.32677,5.42275,Plein jour,En agglomération,Hors intersection,Normale,Autre collision,,,,,,,,,,,1,2,1,1.0,6
201300014270,0013-02-06 14:15:00,13,2,6,14,15,130,55,"00, RUE MONTAIGNE",,,Plein jour,En agglomération,Hors intersection,Normale,Autre collision,,,,,,,,,,,1,2,1,1.0,6
201300014271,0013-02-16 13:20:00,13,2,16,13,20,130,55,"00, CHE DE LA PARETTE",,,Plein jour,En agglomération,Hors intersection,Normale,Deux véhicules - arrière,,,,,,,,,,,1,2,1,1.0,2
201300014272,0013-01-18 00:30:00,13,1,18,0,30,130,55,"00, RUE SAINT PIERRE",,,Nuit avec éclairage allumé,En agglomération,Hors intersection,Normale,Autre collision,,,,,,,,,,,5,2,1,1.0,6
201300014273,0013-02-18 10:20:00,13,2,18,10,20,130,55,"00, BD DE LA COMTESSE",,,Plein jour,En agglomération,Hors intersection,Normale,Autre collision,,,,,,,,,,,1,2,1,1.0,6
201300014274,0013-02-27 12:15:00,13,2,27,12,15,130,55,"52, AVE DE LA VISTE",43.35672,5.35744,Plein jour,En agglomération,Hors intersection,Normale,Autre collision,,,,,,,,,,,1,2,1,1.0,6
201300014275,0013-02-27 01:15:00,13,2,27,1,15,130,55,"118, BD DE SAINT LOUP",43.2829,5.43246,Nuit avec éclairage allumé,En agglomération,Hors intersection,Normale,Autre collision,,,,,,,,,,,5,2,1,1.0,6
201300014276,0013-02-13 08:20:00,13,2,13,8,20,130,55,"256, BD DANIELLE CASANOV",43.33211,5.37701,Plein jour,En agglomération,Hors intersection,Normale,Deux véhicules - arrière,,,,,,,,,,,1,2,1,1.0,2
201300014277,0013-02-22 23:55:00,13,2,22,23,55,130,55,"41, VOI LA CANEBIERE",43.29638,5.37767,Nuit avec éclairage allumé,En agglomération,Hors intersection,Normale,Deux véhicules - côté,,,,,,,,,,,5,2,1,1.0,3
201300014278,0013-02-24 20:40:00,13,2,24,20,40,130,55,"01, RUE BASSE SAINTE PHI",43.28402,5.38479,Nuit avec éclairage allumé,En agglomération,Intersection en T,Normale,Deux véhicules - côté,,,,,,,,,,,5,2,3,1.0,3
201300014279,0013-02-07 15:00:00,13,2,7,15,0,130,55,"1, PCE DU DOCTEUR LEON I",43.29446,5.39793,Plein jour,En agglomération,Place,Normale,Deux véhicules - côté,,,,,,,,,,,1,2,7,1.0,3
201300014280,0013-02-18 13:30:00,13,2,18,13,30,130,55,"395, COR PRESIDENT JOHN",43.27002,5.36577,Plein jour,En agglomération,Hors intersection,Normale,Trois véhicules et plus - en chaîne,,,,,,,,,,,1,2,1,1.0,4
201300014281,0013-02-08 11:30:00,13,2,8,11,30,130,55,"30, ALL LEON GAMBETTA",43.24597,5.43024,Plein jour,En agglomération,Hors intersection,Normale,Deux véhicules - arrière,,,,,,,,,,,1,2,1,1.0,2
201300014282,0013-01-14 09:00:00,13,1,14,9,0,130,55,"27, BD JEAN MOULIN",43.28869,5.40022,Plein jour,En agglomération,Hors intersection,Normale,Trois véhicules et plus - collisions multiples,,,,,,,,,,,1,2,1,1.0,5
201300014283,0013-02-01 08:40:00,13,2,1,8,40,130,55,"92, BD FRANCOISE DUPARC",43.30507,5.401,Plein jour,En agglomération,Hors intersection,Normale,Deux véhicules - frontale,,,,,,,,,,,1,2,1,1.0,1
201300014284,0013-02-16 16:40:00,13,2,16,16,40,130,55,RUE HORACE BERTIN,43.29578,5.39158,Plein jour,En agglomération,Intersection en X,Normale,Deux véhicules - côté,,,,,,,,,,,1,2,2,1.0,3
201300014285,0013-02-20 09:40:00,13,2,20,9,40,130,55,"380, RUE SAINT PIERRE",43.29157,5.41026,Plein jour,En agglomération,Hors intersection,Normale,Deux véhicules - côté,,,,,,,,,,,1,2,1,1.0,3
201300014286,0013-02-16 14:00:00,13,2,16,14,0,130,55,"06, PCE SADI CARNOT",43.29954,5.37168,Plein jour,En agglomération,Hors intersection,Normale,Autre collision,,,,,,,,,,,1,2,1,1.0,6
201300014287,0013-02-16 23:30:00,13,2,16,23,30,130,55,"152, RUE SAINT PIERRE",43.29228,5.39645,Nuit avec éclairage allumé,En agglomération,Hors intersection,Normale,Autre collision,,,,,,,,,,,5,2,1,1.0,6
201300014288,0013-09-29 12:55:00,13,9,29,12,55,130,55,"00, RPT DOCTEUR ARTHUR F",43.24922,5.38689,Plein jour,Hors agglomération,Giratoire,Normale,Autre collision,,,,,,,,,,,1,1,6,1.0,6
201300014289,0013-02-28 02:50:00,13,2,28,2,50,130,55,"157, RUE DE ROME",43.28882,5.38215,Nuit avec éclairage allumé,En agglomération,Hors intersection,Normale,Autre collision,,,,,,,,,,,5,2,1,1.0,6
201300014290,0013-02-21 11:50:00,13,2,21,11,50,130,55,AVE DES CHARTREUX,43.30293,5.39703,Plein jour,En agglomération,Hors intersection,Normale,Autre collision,,,,,,,,,,,1,2,1,1.0,6
201300014291,0013-02-07 11:45:00,13,2,7,11,45,130,55,"08, CHE DU VALLON DE TOU",43.26793,5.4195,Plein jour,En agglomération,Hors intersection,Normale,Deux véhicules - arrière,,,,,,,,,,,1,2,1,1.0,2
201300014292,0013-03-25 01:30:00,13,3,25,1,30,130,55,"46, BD MERLE",43.30053,5.41276,Nuit avec éclairage allumé,En agglomération,Intersection en T,Temps couvert,Autre collision,,,,,,,,,,,5,2,3,8.0,6
201300014293,0013-02-26 07:00:00,13,2,26,7,0,130,55,24 RUE JOBIN,43.31018,5.3897,Crépuscule ou aube,En agglomération,Hors intersection,Normale,Deux véhicules - arrière,,,,,,,,,,,2,2,1,1.0,2
201300014294,0013-02-02 13:45:00,13,2,2,13,45,130,55,"160, BD DE LA BARASSE RN",43.28465,5.4845,Plein jour,En agglomération,Hors intersection,Normale,Sans collision,,,,,,,,,,,1,2,1,1.0,7
201300014295,0013-09-23 07:25:00,13,9,23,7,25,130,55,"152, BD DE SAINT MARCEL",43.2878,5.46439,Crépuscule ou aube,En agglomération,Hors intersection,Normale,Autre collision,,,,,,,,,,,2,2,1,1.0,6
201300014296,0013-12-19 17:00:00,13,12,19,17,0,130,55,"88, BD DE SAINTE MARGUER",43.26823,5.40625,Nuit avec éclairage allumé,En agglomération,Hors intersection,Normale,Autre collision,,,,,,,,,,,5,2,1,1.0,6
201300014297,0013-02-19 12:30:00,13,2,19,12,30,130,55,PCE DU CABOT,43.25869,5.41729,Plein jour,En agglomération,Hors intersection,Normale,Autre collision,,,,,,,,,,,1,2,1,1.0,6
201300014298,0013-02-08 16:05:00,13,2,8,16,5,130,55,BD MICHELET,43.26946,5.39301,Plein jour,En agglomération,Intersection en T,Normale,Deux véhicules - côté,,,,,,,,,,,1,2,3,1.0,3
201300014299,0013-02-05 16:00:00,13,2,5,16,0,130,55,"139, AVE DES OLIVES",43.3265,5.43826,Plein jour,En agglomération,Hors intersection,Normale,Deux véhicules - côté,,,,,,,,,,,1,2,1,1.0,3
201300014300,0013-03-05 20:33:00,13,3,5,20,33,130,55,"36, AVE DE SAINT BARNABE",43.30409,5.4109,Nuit avec éclairage allumé,En agglomération,Hors intersection,Pluie légère,Trois véhicules et plus - en chaîne,,,,,,,,,,,5,2,1,2.0,4
201300014301,0013-02-19 14:30:00,13,2,19,14,30,130,55,"01, AVE PIERRE MENDES FR",43.26146,5.3749,Plein jour,En agglomération,Hors intersection,Normale,Deux véhicules - arrière,,,,,,,,,,,1,2,1,1.0,2
201300014302,0013-02-02 21:30:00,13,2,2,21,30,130,55,"35, BD DE LA COMTESSE",43.31387,5.44743,Nuit avec éclairage allumé,En agglomération,Hors intersection,Normale,Deux véhicules - côté,,,,,,,,,,,5,2,1,1.0,3
201300014303,0013-02-26 20:30:00,13,2,26,20,30,130,55,"112, AVE DE LA CAPELETTE",43.28116,5.40579,Nuit avec éclairage allumé,En agglomération,Hors intersection,Normale,Autre collision,,,,,,,,,,,5,2,1,1.0,6
201300014304,0013-02-19 13:00:00,13,2,19,13,0,130,55,"23, BD DE LA CONCORDE",43.24989,5.40277,Plein jour,En agglomération,Hors intersection,Normale,Deux véhicules - côté,,,,,,,,,,,1,2,1,1.0,3
201300014305,0013-02-15 19:30:00,13,2,15,19,30,130,55,"122, RUE SAINT JEAN DU D",43.29558,5.43335,Nuit avec éclairage allumé,En agglomération,Hors intersection,Normale,Deux véhicules - arrière,,,,,,,,,,,5,2,1,1.0,2
201300014306,0013-02-22 08:40:00,13,2,22,8,40,130,55,"108, AVE JULES CANTINI",43.28133,5.39211,Plein jour,En agglomération,Hors intersection,Normale,Deux véhicules - côté,,,,,,,,,,,1,2,1,1.0,3
201300014307,0013-10-19 23:05:00,13,10,19,23,5,130,55,"141, AVE DE LA VISTE",43.36139,5.3574,Nuit avec éclairage allumé,En agglomération,Hors intersection,Normale,Autre collision,,,,,,,,,,,5,2,1,1.0,6
201300014308,0013-02-02 18:50:00,13,2,2,18,50,130,55,"59, BD PAUL CLAUDEL",43.26851,5.40933,Nuit avec éclairage allumé,En agglomération,Hors intersection,Vent fort / tempête,Deux véhicules - côté,,,,,,,,,,,5,2,1,6.0,3
201300014309,0013-02-12 15:30:00,13,2,12,15,30,130,55,PCE FELIX BARET,43.29186,5.37953,Plein jour,En agglomération,Hors intersection,Normale,Autre collision,,,,,,,,,,,1,2,1,1.0,6
201300014310,0013-12-26 11:45:00,13,12,26,11,45,130,55,"24, ALL LEON GAMBETTA",43.29908,5.38228,Plein jour,En agglomération,Hors intersection,Normale,Deux véhicules - côté,,,,,,,,,,,1,2,1,1.0,3
201300014311,0013-02-16 13:15:00,13,2,16,13,15,130,55,AVE DE LATTRE DE TASSIGN,,,Plein jour,En agglomération,Hors intersection,Normale,Trois véhicules et plus - en chaîne,,,,,,,,,,,1,2,1,1.0,4
201300014312,0013-11-16 20:05:00,13,11,16,20,5,130,55,"96, BD FRANCOISE DUPARC",43.30521,5.401,Nuit avec éclairage allumé,En agglomération,Hors intersection,Pluie légère,Autre collision,,,,,,,,,,,5,2,1,2.0,6
201300014313,0013-02-24 15:30:00,13,2,24,15,30,130,55,"001, AVE DU MARCHE NATIO",43.34148,5.37312,Plein jour,En agglomération,Autre intersection,Normale,Deux véhicules - côté,,,,,,,,,,,1,2,9,1.0,3
201300014314,0013-02-28 19:00:00,13,2,28,19,0,130,55,"54, AVE DE LA CROIX ROUG",43.33153,5.43351,Nuit avec éclairage allumé,En agglomération,Hors intersection,Normale,Deux véhicules - arrière,,,,,,,,,,,5,2,1,1.0,2
201300014315,0013-02-23 14:00:00,13,2,23,14,0,130,55,"35, BD DE STRASBOURG",43.30767,5.37602,Plein jour,En agglomération,Hors intersection,Normale,Autre collision,,,,,,,,,,,1,2,1,1.0,6
201300014316,0013-02-05 15:45:00,13,2,5,15,45,130,55,"28, BD BUREL",43.31729,5.38981,Plein jour,En agglomération,Hors intersection,Normale,Trois véhicules et plus - collisions multiples,,,,,,,,,,,1,2,1,1.0,5
201300014317,0013-01-23 16:45:00,13,1,23,16,45,130,55,"6, BD DE LA VALBARELLE",43.286,5.44321,Plein jour,En agglomération,Hors intersection,Temps couvert,Autre collision,,,,,,,,,,,1,2,1,8.0,6
201300014318,0013-02-16 17:50:00,13,2,16,17,50,130,55,"04, RUE DE LYON",43.32302,5.36771,Plein jour,En agglomération,Hors intersection,Normale,Autre collision,,,,,,,,,,,1,2,1,1.0,6
201300014319,0013-03-02 19:00:00,13,3,2,19,0,130,55,"22, CHE DE SAINT ANTOINE",43.36732,5.35662,Crépuscule ou aube,En agglomération,Hors intersection,Normale,Deux véhicules - arrière,,,,,,,,,,,2,2,1,1.0,2
201300014320,0013-02-28 09:05:00,13,2,28,9,5,130,55,"24, RUE GUIBAL",43.30629,5.38508,Plein jour,En agglomération,Hors intersection,Normale,Autre collision,,,,,,,,,,,1,2,1,1.0,6
201300014321,0013-10-29 13:40:00,13,10,29,13,40,130,55,"131, BD MIREILLE LAUZE",43.2832,5.41195,Plein jour,Hors agglomération,Hors intersection,Normale,Autre collision,,,,,,,,,,,1,1,1,1.0,6
201300014322,0013-02-26 15:14:00,13,2,26,15,14,130,55,"75, BD FRANCOISE DUPARC",43.3053,5.40089,Plein jour,En agglomération,Hors intersection,Normale,Trois véhicules et plus - collisions multiples,,,,,,,,,,,1,2,1,1.0,5
201300014323,0013-03-08 08:20:00,13,3,8,8,20,130,55,"139, CHE DU VALLON DE L'",43.27971,5.36241,Plein jour,En agglomération,Intersection en X,Pluie légère,Deux véhicules - côté,,,,,,,,,,,1,2,2,2.0,3
201300014324,0013-02-20 18:30:00,13,2,20,18,30,130,55,"45, R DE L AUDIENCE",43.29629,5.48605,Crépuscule ou aube,En agglomération,Intersection en T,Normale,Deux véhicules - frontale,,,,,,,,,,,2,2,3,1.0,1
201300014325,0013-01-09 16:00:00,13,1,9,16,0,130,55,"6, RUE BUGEAUD",43.30686,5.38369,Plein jour,En agglomération,Intersection en T,Normale,Deux véhicules - côté,,,,,,,,,,,1,2,3,1.0,3
201300014326,0013-11-28 20:45:00,13,11,28,20,45,130,55,"00, BD PAUL CLAUDEL",,,Nuit avec éclairage allumé,En agglomération,Hors intersection,Normale,Autre collision,,,,,,,,,,,5,2,1,1.0,6
201300014327,0013-01-13 10:10:00,13,1,13,10,10,130,55,AV ALEXANDRE ANSALDI,43.33574,5.39886,Plein jour,En agglomération,Intersection en T,Pluie légère,Deux véhicules - côté,,,,,,,,,,,1,2,3,2.0,3
201300014328,0013-02-22 09:45:00,13,2,22,9,45,130,55,"163, AVE DE SAINT LOUIS",43.34868,5.35892,Plein jour,En agglomération,Hors intersection,Temps éblouissant,Autre collision,,,,,,,,,,,1,2,1,7.0,6
201300014329,0013-02-26 10:20:00,13,2,26,10,20,130,55,"207, RUE DE ROME",43.28676,5.38325,Plein jour,En agglomération,Hors intersection,Normale,Autre collision,,,,,,,,,,,1,2,1,1.0,6
201300014330,0013-02-26 11:30:00,13,2,26,11,30,130,55,"6, PCE CASTELLANE",43.28606,5.38353,Plein jour,En agglomération,Hors intersection,Normale,Deux véhicules - côté,,,,,,,,,,,1,2,1,1.0,3
201300014331,0013-02-27 18:15:00,13,2,27,18,15,130,55,"4, BD THEODORE THURNER",43.29138,5.38316,Plein jour,En agglomération,Hors intersection,Normale,Deux véhicules - arrière,,,,,,,,,,,1,2,1,1.0,2
201300014332,0013-07-18 19:30:00,13,7,18,19,30,130,55,"177, RUE DU ROUET",43.27734,5.39337,Plein jour,En agglomération,Hors intersection,Normale,Autre collision,,,,,,,,,,,1,2,1,1.0,6
201300014333,0013-03-05 10:20:00,13,3,5,10,20,130,55,"55, RUE DE LA PALUD",43.29294,5.3802,Plein jour,En agglomération,Intersection en X,Pluie légère,Sans collision,,,,,,,,,,,1,2,2,2.0,7
201300014334,0013-02-07 11:30:00,13,2,7,11,30,130,55,"06, BD DE LA BOUGIE",43.32221,5.3918,Plein jour,En agglomération,Hors intersection,Normale,Autre collision,,,,,,,,,,,1,2,1,1.0,6
201300014335,0013-02-22 15:00:00,13,2,22,15,0,130,55,"65, AVE DE LA CAPELETTE",43.28287,5.40209,Plein jour,En agglomération,Hors intersection,Normale,Autre collision,,,,,,,,,,,1,2,1,1.0,6
201300014336,0013-02-20 08:30:00,13,2,20,8,30,130,55,"00, RPT AVE DE LA ROSE O",,,Plein jour,En agglomération,Giratoire,Normale,Deux véhicules - arrière,,,,,,,,,,,1,2,6,1.0,2
201300014337,0013-02-08 21:30:00,13,2,8,21,30,130,55,"12, RUE D' ORANGE",43.31279,5.38635,Nuit avec éclairage allumé,En agglomération,Intersection en Y,Normale,Deux véhicules - côté,,,,,,,,,,,5,2,4,1.0,3
201300014338,0013-02-12 20:45:00,13,2,12,20,45,130,55,"00, CHE DE SAINT JOSEPH",,,Nuit avec éclairage allumé,En agglomération,Hors intersection,Normale,Autre collision,,,,,,,,,,,5,2,1,1.0,6
201300014339,0013-03-11 09:40:00,13,3,11,9,40,130,55,AVEN DE FRAIS VALLON,,,Plein jour,En agglomération,Hors intersection,Normale,Trois véhicules et plus - en chaîne,,,,,,,,,,,1,2,1,1.0,4
201300014340,0013-12-04 17:50:00,13,12,4,17,50,130,55,"05, RUE DE LYON",43.32321,5.36764,Nuit avec éclairage allumé,En agglomération,Hors intersection,Normale,Autre collision,,,,,,,,,,,5,2,1,1.0,6
201300014341,0013-07-21 23:35:00,13,7,21,23,35,130,55,"376, AVE DU PRADO",43.26991,5.38729,Nuit avec éclairage non allumé,En agglomération,Hors intersection,Normale,Deux véhicules - arrière,,,,,,,,,,,4,2,1,1.0,2
201300014342,0013-03-08 20:40:00,13,3,8,20,40,130,55,"53, AVE DE SAINT JUST",43.31536,5.40372,Nuit avec éclairage allumé,En agglomération,Hors intersection,Normale,Deux véhicules - arrière,,,,,,,,,,,5,2,1,1.0,2
201300014343,0013-03-12 08:20:00,13,3,12,8,20,130,55,"28, BD PERIER",43.27956,5.38529,Plein jour,En agglomération,Hors intersection,Temps couvert,Deux véhicules - côté,,,,,,,,,,,1,2,1,8.0,3
201300014344,0013-02-05 12:00:00,13,2,5,12,0,130,55,"19, BD DE SAINTE MARGUER",43.26908,5.40317,Plein jour,En agglomération,Hors intersection,Normale,Autre collision,,,,,,,,,,,1,2,1,1.0,6
201300014345,0013-02-21 11:45:00,13,2,21,11,45,130,55,PIERRE CHEVALIER (RUE),,,Plein jour,En agglomération,Hors intersection,Normale,Deux véhicules - côté,,,,,,,,,,,1,2,1,1.0,3
201300014346,0013-03-04 05:55:00,13,3,4,5,55,130,55,"21, MTE D' EOURES",43.30039,5.51379,Nuit avec éclairage allumé,En agglomération,Hors intersection,Normale,Deux véhicules - frontale,,,,,,,,,,,5,2,1,1.0,1
201300014347,0013-02-15 07:45:00,13,2,15,7,45,130,55,"150, AVE DE MONTREDON",43.23906,5.36562,Plein jour,En agglomération,Hors intersection,Normale,Autre collision,,,,,,,,,,,1,2,1,1.0,6
201300014348,0013-02-25 13:55:00,13,2,25,13,55,130,55,"19, BD DE LA PUGETTE",43.26849,5.40103,Plein jour,En agglomération,Hors intersection,Normale,Deux véhicules - arrière,,,,,,,,,,,1,2,1,1.0,2
201300014349,0013-03-02 04:50:00,13,3,2,4,50,130,55,"4, BD MIREILLE JOURDAN-B",43.24408,5.37849,Nuit avec éclairage allumé,En agglomération,Hors intersection,Normale,Autre collision,,,,,,,,,,,5,2,1,1.0,6
201300014350,0013-02-28 00:01:00,13,2,28,0,1,130,75,"1, JEAN GIONO (AVE)",,,Nuit avec éclairage allumé,En agglomération,Giratoire,Normale,Deux véhicules - arrière,,,,,,,,,,,5,2,6,1.0,2
201300014351,0013-02-23 23:00:00,13,2,23,23,0,130,55,"28, AVE DE BOIS LUZY",43.31025,5.42089,Nuit avec éclairage allumé,En agglomération,Hors intersection,Normale,Sans collision,,,,,,,,,,,5,2,1,1.0,7
201300014352,0013-01-11 08:45:00,13,1,11,8,45,130,55,"79, CHE DE PALAMA",43.35573,5.43957,Plein jour,En agglomération,Hors intersection,Normale,Deux véhicules - côté,,,,,,,,,,,1,2,1,1.0,3
201300014353,0013-02-22 13:35:00,13,2,22,13,35,130,55,"23, CHE DE L ARMEE D AFR",43.29078,5.40473,Plein jour,En agglomération,Hors intersection,Normale,Deux véhicules - arrière,,,,,,,,,,,1,2,1,1.0,2
201300014354,0013-02-27 17:30:00,13,2,27,17,30,130,55,"25, QAI DES BELGES",43.2947,5.37454,Plein jour,En agglomération,Hors intersection,Normale,Sans collision,,,,,,,,,,,1,2,1,1.0,7
201300014355,0013-01-31 19:00:00,13,1,31,19,0,130,55,AVE CLOT BEY,,,Nuit avec éclairage allumé,En agglomération,Hors intersection,Normale,Autre collision,,,,,,,,,,,5,2,1,1.0,6
201300014356,0013-02-05 18:30:00,13,2,5,18,30,130,55,AVE DE LUMINY,,,Nuit avec éclairage allumé,En agglomération,Hors intersection,Normale,Deux véhicules - frontale,,,,,,,,,,,5,2,1,1.0,1
201300014357,0013-12-11 11:00:00,13,12,11,11,0,130,55,"00, BD JEAN MOULIN",43.29237,5.40114,Plein jour,En agglomération,Intersection en X,Normale,Autre collision,,,,,,,,,,,1,2,2,1.0,6
201300014358,0013-02-09 20:00:00,13,2,9,20,0,130,55,"410, RUE PARADIS",43.27618,5.38405,Nuit avec éclairage allumé,En agglomération,Hors intersection,Normale,Deux véhicules - côté,,,,,,,,,,,5,2,1,1.0,3
201300014359,0013-11-29 10:30:00,13,11,29,10,30,130,55,"24, TRA RAYNOUARD",43.28575,5.39109,Plein jour,En agglomération,Hors intersection,Normale,Autre collision,,,,,,,,,,,1,2,1,1.0,6
201300014360,0013-02-11 16:30:00,13,2,11,16,30,130,55,"30, RUE LOUIS REGE",43.28154,5.39168,Plein jour,En agglomération,Hors intersection,Normale,Deux véhicules - arrière,,,,,,,,,,,1,2,1,1.0,2
201300014361,0013-02-14 15:15:00,13,2,14,15,15,130,55,AVE DE LATTRE DE TASSIGN,,,Plein jour,En agglomération,Hors intersection,Normale,Sans collision,,,,,,,,,,,1,2,1,1.0,7
201300014362,0013-02-28 15:45:00,13,2,28,15,45,130,55,"112, AVE DES PEINTRES RO",43.30403,5.4725,Plein jour,Hors agglomération,Giratoire,Normale,Deux véhicules - arrière,,,,,,,,,,,1,1,6,1.0,2
201300014363,0013-03-05 23:00:00,13,3,5,23,0,130,55,"03, BD QUEIREL",43.28275,5.4331,Nuit avec éclairage allumé,En agglomération,Hors intersection,Pluie forte,Autre collision,,,,,,,,,,,5,2,1,3.0,6
201300014364,0013-03-02 10:00:00,13,3,2,10,0,130,55,"51, AVE FRANCOIS MIGNET",43.33175,5.42861,Plein jour,En agglomération,Hors intersection,Normale,Deux véhicules - côté,,,,,,,,,,,1,2,1,1.0,3
201300014365,0013-03-04 14:00:00,13,3,4,14,0,130,55,"87, AVE DE FRAIS VALLON",43.3252,5.43377,Plein jour,En agglomération,Hors intersection,Normale,Autre collision,,,,,,,,,,,1,2,1,1.0,6
201300014366,0013-02-08 14:00:00,13,2,8,14,0,130,55,"4, CHE DE SAINT ANTOINE",43.34902,5.37576,Plein jour,En agglomération,Hors intersection,Normale,Autre collision,,,,,,,,,,,1,2,1,1.0,6
201300014367,0013-02-23 05:15:00,13,2,23,5,15,130,55,"50, RUE MADON",43.29324,5.39997,Nuit avec éclairage allumé,En agglomération,Hors intersection,Normale,Sans collision,,,,,,,,,,,5,2,1,1.0,7
201300014368,0013-03-06 18:30:00,13,3,6,18,30,130,55,"99, RUE D ENDOUME",43.28706,5.36422,Plein jour,En agglomération,Hors intersection,Normale,Sans collision,,,,,,,,,,,1,2,1,1.0,7
201300014369,0013-02-28 14:20:00,13,2,28,14,20,130,55,"16, RUE DE LA GRANDE ARM",43.30058,5.38393,Plein jour,En agglomération,Hors intersection,Normale,Deux véhicules - arrière,,,,,,,,,,,1,2,1,1.0,2
201300014370,0013-03-09 23:00:00,13,3,9,23,0,130,55,"119, COR PRESIDENT JOHN",43.28751,5.35221,Nuit avec éclairage allumé,En agglomération,Hors intersection,Normale,Deux véhicules - arrière,,,,,,,,,,,5,2,1,1.0,2
201300014371,0013-01-31 11:30:00,13,1,31,11,30,130,55,"37, AVE DE LA POINTE ROU",43.24799,5.37473,Plein jour,En agglomération,Intersection en Y,Normale,Deux véhicules - côté,,,,,,,,,,,1,2,4,1.0,3
201300014372,0013-02-16 16:30:00,13,2,16,16,30,130,55,"00, CHE DE GIBBES",,,Plein jour,En agglomération,Hors intersection,Normale,Deux véhicules - frontale,,,,,,,,,,,1,2,1,1.0,1
201300014373,0013-02-27 14:45:00,13,2,27,14,45,130,55,"70, RUE MONTGRAND",43.29103,5.37556,Plein jour,En agglomération,Hors intersection,Normale,Autre collision,,,,,,,,,,,1,2,1,1.0,6
201300014374,0013-03-04 12:00:00,13,3,4,12,0,130,55,"00, RUE JEAN QUEILLAU",,,Plein jour,En agglomération,Hors intersection,Normale,Autre collision,,,,,,,,,,,1,2,1,1.0,6