accident_id,datetime,annee,mois,jour,heure,minute,departement,commune_insee,adresse,latitude,longitude,luminosite,agglomeration,intersection,meteo,collision,nb_vehicules,nb_usagers,nb_indemnes,nb_tues,nb_blesses_hosp,nb_blesses_legers,age_cond_1,age_cond_2,veh_type_cond_1,veh_type_cond_2,lum_code,agg_code,int_code,atm_code,col_code
201300014375,0013-12-04 14:40:00,13,12,4,14,40,130,55,"38, AVE DE LA VISTE",43.35562,5.35733,Plein jour,En agglomération,Hors intersection,Normale,Autre collision,,,,,,,,,,,1,2,1,1.0,6
201300014376,0013-12-22 19:00:00,13,12,22,19,0,130,55,"151, BD PAUL CLAUDEL",43.26819,5.41582,Nuit avec éclairage allumé,En agglomération,Hors intersection,Normale,Autre collision,,,,,,,,,,,5,2,1,1.0,6
201300014377,0013-02-18 10:00:00,13,2,18,10,0,130,55,"32, RUE LOUBON",43.31204,5.37926,Plein jour,En agglomération,Hors intersection,Normale,Deux véhicules - côté,,,,,,,,,,,1,2,1,1.0,3
201300014378,0013-09-07 12:15:00,13,9,7,12,15,130,55,"262 bis, BD DE SAINT LOU",43.2854,5.4413,Plein jour,En agglomération,Hors intersection,Normale,Deux véhicules - arrière,,,,,,,,,,,1,2,1,1.0,2
201300014379,0013-02-01 20:00:00,13,2,1,20,0,130,55,"572, CHE DU LITTORAL",43.35451,5.33358,Nuit avec éclairage allumé,En agglomération,Hors intersection,Normale,Autre collision,,,,,,,,,,,5,2,1,1.0,6
201300014380,0013-03-15 07:10:00,13,3,15,7,10,130,55,"35, AVE DE MONTREDON",43.24428,5.3716,Plein jour,En agglomération,Hors intersection,Vent fort / tempête,Deux véhicules - frontale,,,,,,,,,,,1,2,1,6.0,1
201300014381,0013-03-10 23:00:00,13,3,10,23,0,130,106,HAUTE BEDOULE (CHEMIN DE,43.40687,5.36177,Nuit avec éclairage allumé,En agglomération,Intersection en X,Normale,Autre collision,,,,,,,,,,,5,2,2,1.0,6
201300014382,0013-03-05 19:00:00,13,3,5,19,0,130,55,"1, BD DE SAINTE MARGUERI",43.26873,5.40393,Crépuscule ou aube,En agglomération,Intersection en X,Normale,Autre collision,,,,,,,,,,,2,2,2,1.0,6
201300014383,0013-08-04 23:00:00,13,8,4,23,0,130,55,"35, VSN CROIX ROUGE LA",,,Nuit avec éclairage allumé,En agglomération,Hors intersection,Normale,Autre collision,,,,,,,,,,,5,2,1,1.0,6
201300014384,0013-02-20 18:40:00,13,2,20,18,40,130,55,"6, RUE TROMPETTE",43.33135,5.40755,Plein jour,En agglomération,Hors intersection,Normale,Autre collision,,,,,,,,,,,1,2,1,1.0,6
201300014385,0013-02-14 15:00:00,13,2,14,15,0,130,55,"00, CHE DU LANCIER",,,Plein jour,En agglomération,Hors intersection,Normale,Autre collision,,,,,,,,,,,1,2,1,1.0,6
201300014386,0013-02-22 16:50:00,13,2,22,16,50,130,55,"00, BD DU CAPITAINE GEZE",,,Plein jour,En agglomération,Hors intersection,Normale,Autre collision,,,,,,,,,,,1,2,1,1.0,6
201300014387,0013-03-02 02:30:00,13,3,2,2,30,130,55,"00, RUE ESTELLE",,,Nuit avec éclairage allumé,En agglomération,Hors intersection,Normale,Autre collision,,,,,,,,,,,5,2,1,1.0,6
201300014388,0013-03-11 12:00:00,13,3,11,12,0,130,55,"00, CHE DU LITTORAL",,,Plein jour,En agglomération,Hors intersection,Normale,Autre collision,,,,,,,,,,,1,2,1,1.0,6
201300014389,0013-01-12 18:30:00,13,1,12,18,30,130,55,"51, RUE DU PANIER",43.29942,5.36685,Nuit avec éclairage allumé,En agglomération,Hors intersection,Normale,Autre collision,,,,,,,,,,,5,2,1,1.0,6
201300014390,0013-02-13 11:20:00,13,2,13,11,20,130,55,"00, BD BUREL",,,Plein jour,En agglomération,Hors intersection,Normale,Autre collision,,,,,,,,,,,1,2,1,1.0,6
201300014391,0013-10-31 07:10:00,13,10,31,7,10,130,55,"270, BD FERNAND BONNEFOY",43.28093,5.40138,Crépuscule ou aube,En agglomération,Hors intersection,Normale,Autre collision,,,,,,,,,,,2,2,1,1.0,6
201300014392,0013-02-05 17:40:00,13,2,5,17,40,130,55,"00, BD HENRI BARNIER",,,Plein jour,En agglomération,Hors intersection,Normale,Autre collision,,,,,,,,,,,1,2,1,1.0,6
201300014393,0013-02-05 09:00:00,13,2,5,9,0,130,55,"92, BD HENRI BARNIER",43.3722,5.34891,Plein jour,En agglomération,Hors intersection,Normale,Deux véhicules - côté,,,,,,,,,,,1,2,1,1.0,3
201300014394,0013-02-15 20:45:00,13,2,15,20,45,130,55,AVE ARNAVON,,,Nuit avec éclairage allumé,En agglomération,Hors intersection,Normale,Deux véhicules - côté,,,,,,,,,,,5,2,1,1.0,3
201300014395,0013-12-13 19:00:00,13,12,13,19,0,130,55,"01, BD DE LA VERRERIE",43.23478,5.36041,Nuit avec éclairage allumé,En agglomération,Hors intersection,Normale,Autre collision,,,,,,,,,,,5,2,1,1.0,6
201300014396,0013-02-27 15:45:00,13,2,27,15,45,130,55,"323, COR PRESIDENT JOHN",43.27429,5.36189,Plein jour,En agglomération,Hors intersection,Normale,Deux véhicules - arrière,,,,,,,,,,,1,2,1,1.0,2
201300014397,0013-02-28 13:20:00,13,2,28,13,20,130,55,"317, COR PRESIDENT JOHN",43.27452,5.36121,Plein jour,En agglomération,Hors intersection,Normale,Deux véhicules - arrière,,,,,,,,,,,1,2,1,1.0,2
201300014398,0013-03-04 11:30:00,13,3,4,11,30,130,55,"143, BD BAILLE",43.28854,5.39352,Plein jour,En agglomération,Hors intersection,Normale,Trois véhicules et plus - en chaîne,,,,,,,,,,,1,2,1,1.0,4
201300014399,0013-03-05 13:00:00,13,3,5,13,0,130,55,"111, AVE DE LA CORSE",43.28964,5.35693,Plein jour,En agglomération,Hors intersection,Vent fort / tempête,Deux véhicules - arrière,,,,,,,,,,,1,2,1,6.0,2
201300014400,0013-03-09 15:20:00,13,3,9,15,20,130,55,"4, CRS BELSUNCE",43.2967,5.37746,Plein jour,En agglomération,Hors intersection,Normale,Autre collision,,,,,,,,,,,1,2,1,1.0,6
201300014401,0013-03-12 16:45:00,13,3,12,16,45,130,55,"166, CHE DE NOTRE DAME D",43.33739,5.43237,Plein jour,En agglomération,Hors intersection,Normale,Autre collision,,,,,,,,,,,1,2,1,1.0,6
201300014402,0013-02-14 09:30:00,13,2,14,9,30,130,55,"0, RUE CHALUSSET",43.31627,5.4005,Plein jour,En agglomération,Hors intersection,Normale,Deux véhicules - arrière,,,,,,,,,,,1,2,1,1.0,2
201300014403,0013-02-09 02:15:00,13,2,9,2,15,130,55,"139, BD BAILLE",43.28831,5.39274,Nuit avec éclairage allumé,En agglomération,Intersection en X,Normale,Autre collision,,,,,,,,,,,5,2,2,1.0,6
201300014404,0013-02-01 14:00:00,13,2,1,14,0,130,55,"173, AVE DE FRAIS VALLON",43.32448,5.43561,Plein jour,En agglomération,Hors intersection,Normale,Deux véhicules - côté,,,,,,,,,,,1,2,1,1.0,3
201300014405,0013-03-07 16:20:00,13,3,7,16,20,130,55,"128, CHE DE SAINT LOUIS",43.35389,5.35261,Plein jour,En agglomération,Hors intersection,Normale,Deux véhicules - frontale,,,,,,,,,,,1,2,1,1.0,1
201300014406,0013-06-21 22:50:00,13,6,21,22,50,130,55,"13, BD BAILLE",43.28645,5.3855,Nuit avec éclairage allumé,En agglomération,Intersection en X,Normale,Deux véhicules - côté,,,,,,,,,,,5,2,2,1.0,3
201300014407,0013-03-08 16:35:00,13,3,8,16,35,130,55,TRA MARITIM,43.33945,5.35538,Plein jour,En agglomération,Intersection en T,Normale,Deux véhicules - côté,,,,,,,,,,,1,2,3,1.0,3
201300014408,0013-06-28 14:15:00,13,6,28,14,15,130,55,"9/11, BD DUGOMMIER",43.29819,5.38097,Plein jour,En agglomération,Hors intersection,Normale,Autre collision,,,,,,,,,,,1,2,1,1.0,6
201300014409,0013-03-08 20:00:00,13,3,8,20,0,130,55,RPT PIERRE PARAF,43.3304,5.4101,Nuit sans éclairage public,En agglomération,Hors intersection,Normale,Deux véhicules - arrière,,,,,,,,,,,3,2,1,1.0,2
201300014410,0013-11-07 04:25:00,13,11,7,4,25,130,55,"37, QAI DES BELGES",43.29415,5.37423,Nuit avec éclairage allumé,En agglomération,Hors intersection,Normale,Autre collision,,,,,,,,,,,5,2,1,1.0,6
201300014411,0013-12-21 16:40:00,13,12,21,16,40,130,55,"47, PCE JEAN JAURES",43.29457,5.38695,Plein jour,En agglomération,Hors intersection,Pluie légère,Autre collision,,,,,,,,,,,1,2,1,2.0,6
201300014412,0013-03-09 15:45:00,13,3,9,15,45,130,2,"663, RASCOUS (CHEMIN DES",43.34551,5.47639,Plein jour,En agglomération,Hors intersection,Normale,Deux véhicules - arrière,,,,,,,,,,,1,2,1,1.0,2
201300014413,0013-03-07 18:40:00,13,3,7,18,40,130,55,AVE FRANCOIS MIGNET,,,Nuit avec éclairage allumé,En agglomération,Hors intersection,Normale,Trois véhicules et plus - en chaîne,,,,,,,,,,,5,2,1,1.0,4
201300014414,0013-03-10 19:10:00,13,3,10,19,10,130,55,"0, BD NATIONAL",43.30348,5.38596,Crépuscule ou aube,En agglomération,Intersection en X,Normale,Deux véhicules - arrière,,,,,,,,,,,2,2,2,1.0,2
201300014415,0013-03-15 15:30:00,13,3,15,15,30,130,55,"76, BD SAKAKINI",43.29513,5.40074,Plein jour,En agglomération,Hors intersection,Normale,Deux véhicules - côté,,,,,,,,,,,1,2,1,1.0,3
201300014416,0013-03-16 11:15:00,13,3,16,11,15,130,55,"16, RUE DECAZES",43.28791,5.35963,Plein jour,En agglomération,Passage à niveau,Normale,Autre collision,,,,,,,,,,,1,2,8,1.0,6
201300014417,0013-03-15 11:45:00,13,3,15,11,45,130,55,CHE DU LITTORAL,,,Plein jour,En agglomération,Intersection en T,Normale,Deux véhicules - côté,,,,,,,,,,,1,2,3,1.0,3
201300014418,0013-11-27 07:00:00,13,11,27,7,0,130,55,"01, AVE FRANCOIS CHARDIG",43.29357,5.48362,Nuit avec éclairage allumé,En agglomération,Hors intersection,Pluie légère,Autre collision,,,,,,,,,,,5,2,1,2.0,6
201300014419,0013-03-16 11:50:00,13,3,16,11,50,130,55,"00, RUE ABBE DE L EPEE",,,Plein jour,En agglomération,Hors intersection,Normale,Autre collision,,,,,,,,,,,1,2,1,1.0,6
201300014420,0013-12-03 12:00:00,13,12,3,12,0,130,55,"174, BD RABATAU",43.28138,5.39938,Plein jour,En agglomération,Hors intersection,Normale,Deux véhicules - frontale,,,,,,,,,,,1,2,1,1.0,1
201300014421,0013-03-19 12:15:00,13,3,19,12,15,130,55,"1, AVE DE SAINT MENE",43.29011,5.49412,Plein jour,En agglomération,Hors intersection,Normale,Autre collision,,,,,,,,,,,1,2,1,1.0,6
201300014422,0013-03-20 10:30:00,13,3,20,10,30,130,55,"1, CHE DE LA COMMANDERIE",43.34816,5.36239,Plein jour,En agglomération,Intersection en X,Pluie légère,Deux véhicules - côté,,,,,,,,,,,1,2,2,2.0,3
201300014423,0013-03-21 07:00:00,13,3,21,7,0,130,55,"59, AVE ANNE MARIE",43.37892,5.35567,Plein jour,En agglomération,Hors intersection,Normale,Deux véhicules - frontale,,,,,,,,,,,1,2,1,1.0,1
201300014424,0013-01-26 23:30:00,13,1,26,23,30,130,55,BD LAVOISIER,43.33827,5.36679,Nuit avec éclairage allumé,En agglomération,Intersection en T,Normale,Sans collision,,,,,,,,,,,5,2,3,1.0,7
201300014425,0013-02-17 20:40:00,13,2,17,20,40,130,55,"00, AVE DE CHATEAU GOMBE",,,Nuit avec éclairage allumé,En agglomération,Hors intersection,Normale,Autre collision,,,,,,,,,,,5,2,1,1.0,6
201300014426,0013-03-08 12:00:00,13,3,8,12,0,130,55,"00, RUE MARX DORMOY",43.30229,5.39548,Plein jour,En agglomération,Intersection en T,Normale,Autre collision,,,,,,,,,,,1,2,3,1.0,6
201300014427,0013-03-21 07:15:00,13,3,21,7,15,130,55,"1, BD VINCENT DELPUECH",43.28304,5.39,Plein jour,En agglomération,Intersection en X,Normale,Deux véhicules - côté,,,,,,,,,,,1,2,2,1.0,3
201300014428,0013-03-21 11:45:00,13,3,21,11,45,130,55,"83, AVE JEAN LOMBARD",43.28911,5.43517,Plein jour,En agglomération,Hors intersection,Normale,Autre collision,,,,,,,,,,,1,2,1,1.0,6
201300014429,0013-02-12 17:15:00,13,2,12,17,15,130,55,"252, BD CHAVE",43.29579,5.40033,Plein jour,En agglomération,Intersection en X,Normale,Deux véhicules - côté,,,,,,,,,,,1,2,2,1.0,3
201300014430,0013-02-22 14:00:00,13,2,22,14,0,130,55,CHE DU LITTORAL,43.34786,5.344,Plein jour,En agglomération,Intersection en X,Normale,Deux véhicules - côté,,,,,,,,,,,1,2,2,1.0,3
201300014431,0013-03-11 18:45:00,13,3,11,18,45,130,55,"40, RUE ALPHONSE DAUDET",43.31848,5.40723,Crépuscule ou aube,En agglomération,Hors intersection,Normale,Deux véhicules - arrière,,,,,,,,,,,2,2,1,1.0,2
201300014432,0013-03-24 00:15:00,13,3,24,0,15,130,55,"387, RUE DE LYON",43.33993,5.36151,Nuit avec éclairage allumé,En agglomération,Hors intersection,Pluie forte,Autre collision,,,,,,,,,,,5,2,1,3.0,6
201300014433,0013-01-23 08:15:00,13,1,23,8,15,130,55,"6, AVE ALEXANDRE FLEMING",43.31562,5.4015,Plein jour,En agglomération,Hors intersection,Normale,Deux véhicules - côté,,,,,,,,,,,1,2,1,1.0,3
201300014434,0013-02-23 18:00:00,13,2,23,18,0,130,55,"35, RUE DU PETIT SAINT J",43.29898,5.37883,Nuit avec éclairage allumé,En agglomération,Intersection en X,Normale,Deux véhicules - côté,,,,,,,,,,,5,2,2,1.0,3
201300014435,0013-02-20 16:45:00,13,2,20,16,45,130,55,"159, AVE ROGER SALENGRO",43.3165,5.36927,Plein jour,En agglomération,Hors intersection,Normale,Deux véhicules - côté,,,,,,,,,,,1,2,1,1.0,3
201300014436,0013-03-13 19:40:00,13,3,13,19,40,130,55,"1, AVE ALEXANDRE ANSALDI",43.33555,5.39966,Crépuscule ou aube,En agglomération,Hors intersection,Normale,Deux véhicules - arrière,,,,,,,,,,,2,2,1,1.0,2
201300014437,0013-03-14 16:30:00,13,3,14,16,30,130,55,"1, AVE DU MARCHE NATIONA",43.34128,5.37646,Plein jour,Hors agglomération,Intersection en T,Normale,Deux véhicules - côté,,,,,,,,,,,1,1,3,1.0,3
201300014438,0013-03-15 18:15:00,13,3,15,18,15,130,55,"219, BD DE SAINT LOUP",43.28481,5.43874,Plein jour,En agglomération,Hors intersection,Vent fort / tempête,Deux véhicules - côté,,,,,,,,,,,1,2,1,6.0,3
201300014439,0013-02-24 10:30:00,13,2,24,10,30,130,55,"65, BD DES DAMES",43.3024,5.36974,Plein jour,En agglomération,Intersection en T,Normale,Deux véhicules - côté,,,,,,,,,,,1,2,3,1.0,3
201300014440,0013-02-12 11:30:00,13,2,12,11,30,130,55,"1, AVE DU VALLON D' OL",43.38516,5.36226,Plein jour,En agglomération,Intersection en T,Normale,Deux véhicules - côté,,,,,,,,,,,1,2,3,1.0,3
201300014441,0013-02-17 04:20:00,13,2,17,4,20,130,55,RUE DE LA CREDENCE,43.32169,5.44839,Nuit avec éclairage allumé,En agglomération,Intersection en T,Normale,Deux véhicules - côté,,,,,,,,,,,5,2,3,1.0,3
201300014442,0013-03-04 10:40:00,13,3,4,10,40,130,55,"529, CHE DE LA MADRAGUE",43.3463,5.35486,Plein jour,En agglomération,Hors intersection,Normale,Autre collision,,,,,,,,,,,1,2,1,1.0,6
201300014443,0013-03-04 19:30:00,13,3,4,19,30,130,55,AVE SALVADOR ALLENDE,,,Nuit avec éclairage allumé,En agglomération,Hors intersection,Normale,Deux véhicules - côté,,,,,,,,,,,5,2,1,1.0,3
201300014444,0013-03-07 17:00:00,13,3,7,17,0,130,55,"34, BD LAVERAN",43.32715,5.4137,Plein jour,En agglomération,Hors intersection,Normale,Autre collision,,,,,,,,,,,1,2,1,1.0,6
201300014445,0013-03-17 00:15:00,13,3,17,0,15,130,55,"16, RUE BELLE DE MAI",43.30841,5.38177,Nuit avec éclairage allumé,En agglomération,Hors intersection,Normale,Autre collision,,,,,,,,,,,5,2,1,1.0,6
201300014446,0013-03-17 18:00:00,13,3,17,18,0,130,55,"145, RUE ALPHONSE DAUDET",43.32211,5.41241,Crépuscule ou aube,En agglomération,Hors intersection,Normale,Trois véhicules et plus - en chaîne,,,,,,,,,,,2,2,1,1.0,4
201300014447,0013-03-22 07:50:00,13,3,22,7,50,130,55,"35, AVE DE LA CROIX ROUG",43.33123,5.4324,Plein jour,En agglomération,Hors intersection,Normale,Deux véhicules - côté,,,,,,,,,,,1,2,1,1.0,3
201300014448,0013-03-18 12:38:00,13,3,18,12,38,130,2,"1349, ETIENNE CUCCA-CD90",43.35193,5.47663,Plein jour,Hors agglomération,Hors intersection,Pluie légère,Sans collision,,,,,,,,,,,1,1,1,2.0,7
201300014449,0013-03-16 18:50:00,13,3,16,18,50,130,106,"41, 8 MAI 1945 (AVENUE D",43.38728,5.35938,Nuit avec éclairage allumé,En agglomération,Hors intersection,Normale,Deux véhicules - arrière,,,,,,,,,,,5,2,1,1.0,2
201300014450,0013-03-26 13:54:00,13,3,26,13,54,130,55,"118, BD DE LA CORDERIE",43.2899,5.36702,Plein jour,En agglomération,Hors intersection,Normale,Autre collision,,,,,,,,,,,1,2,1,1.0,6
201300014451,0013-03-07 04:00:00,13,3,7,4,0,130,55,"313, COR PRESIDENT JOHN",43.27547,5.35989,Nuit avec éclairage allumé,En agglomération,Hors intersection,Normale,Sans collision,,,,,,,,,,,5,2,1,1.0,7
201300014452,0013-03-27 07:55:00,13,3,27,7,55,130,55,"76, BD DES FAUVETTES",43.31559,5.43895,Plein jour,En agglomération,Hors intersection,Normale,Deux véhicules - côté,,,,,,,,,,,1,2,1,1.0,3
201300014453,0013-03-13 21:00:00,13,3,13,21,0,130,55,"47, QAI DE RIVE NEUVE",43.29242,5.36629,Nuit avec éclairage allumé,En agglomération,Hors intersection,Normale,Deux véhicules - côté,,,,,,,,,,,5,2,1,1.0,3
201300014454,0013-03-21 07:50:00,13,3,21,7,50,130,55,CHE DE SAINTE MARTHE,43.33095,5.38897,Plein jour,En agglomération,Intersection en T,Normale,Deux véhicules - côté,,,,,,,,,,,1,2,3,1.0,3
201300014455,0013-03-21 15:00:00,13,3,21,15,0,130,55,"26, AVE DU MERLAN",43.33388,5.40754,Plein jour,En agglomération,Hors intersection,Normale,Autre collision,,,,,,,,,,,1,2,1,1.0,6
201300014456,0013-03-27 22:30:00,13,3,27,22,30,130,55,"222, RUE SAINT PIERRE",43.29249,5.40093,Nuit avec éclairage allumé,En agglomération,Hors intersection,Normale,Deux véhicules - arrière,,,,,,,,,,,5,2,1,1.0,2
201300014457,0013-01-30 14:30:00,13,1,30,14,30,130,55,"224, AVE DU PRADO",43.27624,5.3892,Plein jour,En agglomération,Hors intersection,Normale,Deux véhicules - côté,,,,,,,,,,,1,2,1,1.0,3
201300014458,0013-03-12 07:50:00,13,3,12,7,50,130,55,"200, COR PRESIDENT JOHN",43.2753,5.36001,Plein jour,En agglomération,Hors intersection,Normale,Autre collision,,,,,,,,,,,1,2,1,1.0,6
201300014459,0013-02-16 19:00:00,13,2,16,19,0,130,55,"39, RTE LEON LACHAMP",43.24634,5.4325,Nuit avec éclairage allumé,En agglomération,Hors intersection,Normale,Deux véhicules - arrière,,,,,,,,,,,5,2,1,1.0,2
201300014460,0013-03-02 10:00:00,13,3,2,10,0,130,55,"40, AVE JULES CANTINI",43.28388,5.38744,Plein jour,En agglomération,Intersection en X,Normale,Sans collision,,,,,,,,,,,1,2,2,1.0,7
201300014461,0013-03-12 21:30:00,13,3,12,21,30,130,55,"430, AVE DE LATTRE DE TA",43.24483,5.42762,Nuit avec éclairage allumé,En agglomération,Hors intersection,Normale,Autre collision,,,,,,,,,,,5,2,1,1.0,6
201300014462,0013-03-28 11:45:00,13,3,28,11,45,130,55,"35, CRS LIEUTAUD",43.29364,5.38225,Plein jour,En agglomération,Hors intersection,Pluie légère,Deux véhicules - côté,,,,,,,,,,,1,2,1,2.0,3
201300014463,0013-01-28 10:10:00,13,1,28,10,10,130,55,"18, BD DE LA CHARBONNEL",43.29748,5.41707,Plein jour,En agglomération,Hors intersection,Normale,Deux véhicules - côté,,,,,,,,,,,1,2,1,1.0,3
201300014464,0013-02-24 00:10:00,13,2,24,0,10,130,55,"0, AVE PIERRE MENDES FRA",,,Nuit avec éclairage allumé,En agglomération,Hors intersection,Normale,Autre collision,,,,,,,,,,,5,2,1,1.0,6
201300014465,0013-03-07 16:30:00,13,3,7,16,30,130,55,"360, BD ROMAIN ROLLAND",43.27061,5.40747,Plein jour,En agglomération,Hors intersection,Normale,Deux véhicules - arrière,,,,,,,,,,,1,2,1,1.0,2
201300014466,0013-03-13 18:30:00,13,3,13,18,30,130,55,"66, TRA PARANGON",43.24248,5.37959,Nuit avec éclairage allumé,En agglomération,Hors intersection,Normale,Deux véhicules - côté,,,,,,,,,,,5,2,1,1.0,3
201300014467,0013-02-11 10:00:00,13,2,11,10,0,130,55,"54, BD DU CAPITAINE GEZE",43.33095,5.37283,Plein jour,En agglomération,Hors intersection,Normale,Autre collision,,,,,,,,,,,1,2,1,1.0,6
201300014468,0013-02-21 16:05:00,13,2,21,16,5,130,55,"18, BD DE PARIS",43.30609,5.37233,Plein jour,En agglomération,Hors intersection,Normale,Autre collision,,,,,,,,,,,1,2,1,1.0,6
201300014469,0013-03-08 15:15:00,13,3,8,15,15,130,55,"133, AVE CLOT BEY",43.25722,5.38298,Plein jour,En agglomération,Autre intersection,Normale,Autre collision,,,,,,,,,,,1,2,9,1.0,6
201300014470,0013-03-03 22:15:00,13,3,3,22,15,130,55,"1, RPT M.LAUZE/FLORIAN D",43.28584,5.42545,Nuit avec éclairage allumé,En agglomération,Intersection en X,Normale,Deux véhicules - côté,,,,,,,,,,,5,2,2,1.0,3
201300014471,0013-03-09 18:20:00,13,3,9,18,20,130,55,"86, BD DE PONT DE VIVAUX",43.28065,5.42107,Plein jour,En agglomération,Hors intersection,Normale,Deux véhicules - côté,,,,,,,,,,,1,2,1,1.0,3
201300014472,0013-03-15 16:45:00,13,3,15,16,45,130,55,"45, RUE DU ROUET",43.28293,5.38739,Plein jour,En agglomération,Hors intersection,Normale,Autre collision,,,,,,,,,,,1,2,1,1.0,6
201300014473,0013-03-20 12:00:00,13,3,20,12,0,130,55,"91, RUE SAINT JEAN DU DE",43.29631,5.4336,Plein jour,En agglomération,Hors intersection,Normale,Deux véhicules - côté,,,,,,,,,,,1,2,1,1.0,3
201300014474,0013-03-21 08:00:00,13,3,21,8,0,130,55,"19, AVE DE SAINT MENE",43.28977,5.49545,Plein jour,En agglomération,Hors intersection,Normale,Sans collision,,,,,,,,,,,1,2,1,1.0,7
201300014475,0013-03-11 17:00:00,13,3,11,17,0,130,55,"529, CHE DE LA MADRAGUE",43.3462,5.35482,Plein jour,En agglomération,Hors intersection,Normale,Autre collision,,,,,,,,,,,1,2,1,1.0,6
201300014476,0013-02-27 19:00:00,13,2,27,19,0,130,55,"77, BD DU REDON",43.25499,5.42021,Nuit sans éclairage public,En agglomération,Hors intersection,Normale,Deux véhicules - côté,,,,,,,,,,,3,2,1,1.0,3
201300014477,0013-03-08 13:20:00,13,3,8,13,20,130,55,"366, AVE DU PRADO",43.27,5.38738,Plein jour,En agglomération,Hors intersection,Normale,Autre collision,,,,,,,,,,,1,2,1,1.0,6
201300014478,0013-02-09 20:05:00,13,2,9,20,5,130,55,"142, BD CHAVE",43.29544,5.39464,Nuit sans éclairage public,En agglomération,Hors intersection,Normale,Deux véhicules - frontale,,,,,,,,,,,3,2,1,1.0,1
201300014479,0013-02-27 17:50:00,13,2,27,17,50,130,55,BD ACHILLE MARCEL,43.28143,5.4248,Plein jour,En agglomération,Hors intersection,Normale,Deux véhicules - arrière,,,,,,,,,,,1,2,1,1.0,2
201300014480,0013-03-04 13:12:00,13,3,4,13,12,130,55,"25/27, BD DE PONT DE VIV",43.28018,5.4196,Plein jour,En agglomération,Hors intersection,Normale,Deux véhicules - arrière,,,,,,,,,,,1,2,1,1.0,2
201300014481,0013-03-04 20:15:00,13,3,4,20,15,130,55,"8, CR DE LA VALBARELLE A",43.28611,5.44335,Nuit avec éclairage allumé,En agglomération,Hors intersection,Normale,Deux véhicules - côté,,,,,,,,,,,5,2,1,1.0,3
201300014482,0013-03-20 14:00:00,13,3,20,14,0,130,55,"1, RPT PERE WRESINKI",43.33039,5.41012,Plein jour,En agglomération,Hors intersection,Normale,Deux véhicules - arrière,,,,,,,,,,,1,2,1,1.0,2
201300014483,0013-03-21 11:25:00,13,3,21,11,25,130,55,"1, RUE ALBERT COHEN",43.36133,5.33722,Plein jour,En agglomération,Hors intersection,Normale,Deux véhicules - côté,,,,,,,,,,,1,2,1,1.0,3
201300014484,0013-03-29 11:40:00,13,3,29,11,40,130,55,AVE DES PEINTRES ROUX,,,Plein jour,En agglomération,Hors intersection,Temps couvert,Deux véhicules - arrière,,,,,,,,,,,1,2,1,8.0,2
201300014485,0013-03-22 17:00:00,13,3,22,17,0,130,55,RPT DOCTEUR MARIA,43.36365,5.34224,Plein jour,En agglomération,Giratoire,Normale,Deux véhicules - côté,,,,,,,,,,,1,2,6,1.0,3
201300014486,0013-03-19 18:25:00,13,3,19,18,25,130,2,"1268, 7EME TIRAILLEURS A",43.33766,5.46518,Nuit avec éclairage allumé,En agglomération,Intersection en T,Normale,Autre collision,,,,,,,,,,,5,2,3,1.0,6
201300014487,0013-01-06 15:30:00,13,1,6,15,30,130,55,"00, CHE DE SAINTE MARTHE",,,Plein jour,En agglomération,Hors intersection,Normale,Deux véhicules - arrière,,,,,,,,,,,1,2,1,1.0,2
201300014488,0013-02-20 14:20:00,13,2,20,14,20,130,55,"109, CHE DE SAINTE MARTH",43.32467,5.38841,Plein jour,En agglomération,Hors intersection,Normale,Deux véhicules - côté,,,,,,,,,,,1,2,1,1.0,3
201300014489,0013-03-21 19:30:00,13,3,21,19,30,130,55,BD DU METRO,,,Nuit avec éclairage allumé,En agglomération,Hors intersection,Normale,Autre collision,,,,,,,,,,,5,2,1,1.0,6
201300014490,0013-04-03 16:00:00,13,4,3,16,0,130,55,"189, AVE COLGATE",43.23236,5.40334,Plein jour,En agglomération,Hors intersection,Normale,Autre collision,,,,,,,,,,,1,2,1,1.0,6
201300014491,0013-03-22 15:30:00,13,3,22,15,30,130,55,BD DE LA COMTESSE,43.31308,5.44746,Plein jour,En agglomération,Intersection en T,Normale,Autre collision,,,,,,,,,,,1,2,3,1.0,6
201300014492,0013-03-08 17:15:00,13,3,8,17,15,130,55,"35, BD DE STRASBOURG",43.30768,5.37605,Plein jour,En agglomération,Hors intersection,Normale,Autre collision,,,,,,,,,,,1,2,1,1.0,6
201300014493,0013-03-27 18:03:00,13,3,27,18,3,130,55,"222, RUE SAINT PIERRE",43.2927,5.40014,Crépuscule ou aube,En agglomération,Hors intersection,Normale,Sans collision,,,,,,,,,,,2,2,1,1.0,7
201300014494,0013-03-15 07:45:00,13,3,15,7,45,130,55,"15, AVE DE SAINT BARNABE",43.30458,5.40796,Plein jour,En agglomération,Hors intersection,Normale,Deux véhicules - arrière,,,,,,,,,,,1,2,1,1.0,2
201300014495,0013-03-11 16:00:00,13,3,11,16,0,130,55,"17, RUE COLBERT",43.29926,5.37412,Plein jour,En agglomération,Intersection en X,Normale,Deux véhicules - arrière,,,,,,,,,,,1,2,2,1.0,2
201300014496,0013-03-15 20:18:00,13,3,15,20,18,130,55,"383, BD NATIONAL",43.30604,5.38351,Nuit avec éclairage allumé,En agglomération,Hors intersection,Pluie légère,Autre collision,,,,,,,,,,,5,2,1,2.0,6