accident_id,datetime,annee,mois,jour,heure,minute,departement,commune_insee,adresse,latitude,longitude,luminosite,agglomeration,intersection,meteo,collision,nb_vehicules,nb_usagers,nb_indemnes,nb_tues,nb_blesses_hosp,nb_blesses_legers,age_cond_1,age_cond_2,veh_type_cond_1,veh_type_cond_2,lum_code,agg_code,int_code,atm_code,col_code
201300014618,0013-03-06 06:55:00,13,3,6,6,55,130,55,"11, RUE CHATEAUBRIAND",43.28771,5.35909,Plein jour,En agglomération,Intersection en X,Normale,Deux véhicules - côté,,,,,,,,,,,1,2,2,1.0,3
201300014619,0013-04-04 16:10:00,13,4,4,16,10,130,55,"32, AVE DE LA CROIX ROUG",43.33105,5.43186,Plein jour,En agglomération,Hors intersection,Pluie légère,Deux véhicules - arrière,,,,,,,,,,,1,2,1,2.0,2
201300014620,0013-04-11 13:55:00,13,4,11,13,55,130,55,"156, AVE DE LA ROSE",43.32844,5.42581,Plein jour,En agglomération,Hors intersection,Normale,Autre collision,,,,,,,,,,,1,2,1,1.0,6
201300014621,0013-04-17 16:00:00,13,4,17,16,0,130,55,"12, RUE D' ORANGE",43.31265,5.38638,Plein jour,En agglomération,Hors intersection,Normale,Sans collision,,,,,,,,,,,1,2,1,1.0,7
201300014622,0013-04-18 14:10:00,13,4,18,14,10,130,55,"15, RUE JEAN QUEILLAU",43.33155,5.38712,Plein jour,En agglomération,Hors intersection,Normale,Autre collision,,,,,,,,,,,1,2,1,1.0,6
201300014623,0013-04-25 14:30:00,13,4,25,14,30,130,55,"126, RUE PARADIS",43.28796,5.37919,Plein jour,En agglomération,Hors intersection,Normale,Autre collision,,,,,,,,,,,1,2,1,1.0,6
201300014624,0013-04-28 15:00:00,13,4,28,15,0,130,55,"80, AVE DES AYGALADES",43.33748,5.36716,Plein jour,En agglomération,Hors intersection,Pluie légère,Deux véhicules - frontale,,,,,,,,,,,1,2,1,2.0,1
201300014625,0013-02-28 19:00:00,13,2,28,19,0,130,55,"1, AVE RAIMU",,,Nuit avec éclairage allumé,En agglomération,Hors intersection,Normale,Deux véhicules - arrière,,,,,,,,,,,5,2,1,1.0,2
201300014626,0013-03-16 16:10:00,13,3,16,16,10,130,55,CHE DU MERLAN A LA ROSE,43.33071,5.40484,Plein jour,En agglomération,Hors intersection,Normale,Deux véhicules - côté,,,,,,,,,,,1,2,1,1.0,3
201300014627,0013-03-24 14:05:00,13,3,24,14,5,130,55,"31, RUE COUTELLERIE",43.29677,5.37253,Plein jour,En agglomération,Intersection en T,Pluie légère,Autre collision,,,,,,,,,,,1,2,3,2.0,6
201300014628,0013-03-25 08:30:00,13,3,25,8,30,130,55,"21, BD DU CAPITAINE GEZE",43.33031,5.37023,Plein jour,En agglomération,Hors intersection,Normale,Deux véhicules - arrière,,,,,,,,,,,1,2,1,1.0,2
201300014629,0013-04-23 14:15:00,13,4,23,14,15,130,2,"22, GUERIDON (CHEMIN  DU",43.33347,5.48585,Plein jour,En agglomération,Hors intersection,Normale,Sans collision,,,,,,,,,,,1,2,1,1.0,7
201300014630,0013-04-11 18:40:00,13,4,11,18,40,130,106,8 MAI 1945 (AVENUE DU),43.38589,5.35882,Plein jour,En agglomération,Hors intersection,Normale,Deux véhicules - frontale,,,,,,,,,,,1,2,1,1.0,1
201300014631,0013-04-28 05:10:00,13,4,28,5,10,130,55,"17, RUE CAVAIGNAC",43.30714,5.38421,Nuit avec éclairage non allumé,En agglomération,Intersection en X,Normale,Autre collision,,,,,,,,,,,4,2,2,1.0,6
201300014632,0013-04-26 19:10:00,13,4,26,19,10,130,55,PRO DU GRAND LARGE,43.24193,5.36639,Crépuscule ou aube,En agglomération,Hors intersection,Normale,Deux véhicules - côté,,,,,,,,,,,2,2,1,1.0,3
201300014633,0013-04-27 22:15:00,13,4,27,22,15,130,2,GENERAL LECLERC (AVENUE,,,Nuit avec éclairage allumé,En agglomération,Hors intersection,Pluie légère,Sans collision,,,,,,,,,,,5,2,1,2.0,7
201300014634,0013-01-29 12:00:00,13,1,29,12,0,130,55,"44, CRS PIERRE PUGET",43.29017,5.37339,Plein jour,En agglomération,Hors intersection,Pluie légère,Autre collision,,,,,,,,,,,1,2,1,2.0,6
201300014635,0013-03-16 11:05:00,13,3,16,11,5,130,55,RTE LEON LACHAMP,,,Plein jour,Hors agglomération,Hors intersection,Normale,Sans collision,,,,,,,,,,,1,1,1,1.0,7
201300014636,0013-04-23 19:25:00,13,4,23,19,25,130,55,CHE DE SAINT ANTOINE A S,,,Plein jour,En agglomération,Autre intersection,Normale,Deux véhicules - côté,,,,,,,,,,,1,2,9,1.0,3
201300014637,0013-04-17 16:30:00,13,4,17,16,30,130,55,"44, BD DE PLOMBIERES",43.31563,5.38601,Plein jour,En agglomération,Hors intersection,Normale,Deux véhicules - côté,,,,,,,,,,,1,2,1,1.0,3
201300014638,0013-04-18 14:15:00,13,4,18,14,15,130,55,AVE DE LA VISTE,43.35637,5.35742,Plein jour,En agglomération,Intersection en T,Normale,Deux véhicules - frontale,,,,,,,,,,,1,2,3,1.0,1
201300014639,0013-04-24 15:35:00,13,4,24,15,35,130,55,145 BD RABATAU,43.28141,5.39948,Plein jour,En agglomération,Hors intersection,Normale,Deux véhicules - côté,,,,,,,,,,,1,2,1,1.0,3
201300014640,0013-03-27 15:20:00,13,3,27,15,20,130,55,"70, BD SAINT JEAN",43.27923,5.40893,Plein jour,En agglomération,Hors intersection,Normale,Deux véhicules - côté,,,,,,,,,,,1,2,1,1.0,3
201300014641,0013-01-10 07:15:00,13,1,10,7,15,130,55,RUE FRANCOIS MAURIAC,43.27915,5.41703,Crépuscule ou aube,En agglomération,Hors intersection,Normale,Autre collision,,,,,,,,,,,2,2,1,1.0,6
201300014642,0013-04-01 04:55:00,13,4,1,4,55,130,55,RUE DE RUFFI,43.31292,5.37052,Crépuscule ou aube,En agglomération,Intersection en X,Normale,Deux véhicules - arrière,,,,,,,,,,,2,2,2,1.0,2
201300014643,0013-03-31 20:45:00,13,3,31,20,45,130,55,"322, BD ROMAIN ROLLAND",43.27176,5.40999,Nuit avec éclairage allumé,En agglomération,Hors intersection,Normale,Deux véhicules - côté,,,,,,,,,,,5,2,1,1.0,3
201300014644,0013-04-13 07:30:00,13,4,13,7,30,130,55,"39, BD GAY LUSSAC",43.33579,5.37453,Plein jour,En agglomération,Hors intersection,Normale,Sans collision,,,,,,,,,,,1,2,1,1.0,7
201300014645,0013-05-02 10:30:00,13,5,2,10,30,130,55,AVE DE SAINT ANTOINE,43.37762,5.35626,Crépuscule ou aube,En agglomération,Intersection en T,Normale,Deux véhicules - arrière,,,,,,,,,,,2,2,3,1.0,2
201300014646,0013-04-27 02:00:00,13,4,27,2,0,130,55,"00, RUE BRETEUIL",43.29029,5.37582,Nuit avec éclairage allumé,En agglomération,Intersection en X,Pluie légère,Autre collision,,,,,,,,,,,5,2,2,2.0,6
201300014647,0013-04-25 06:35:00,13,4,25,6,35,130,55,"358, RUE SAINT PIERRE",43.29177,5.40896,Crépuscule ou aube,En agglomération,Intersection en T,Normale,Deux véhicules - côté,,,,,,,,,,,2,2,3,1.0,3
201300014648,0013-04-08 17:00:00,13,4,8,17,0,130,55,"458, AVE DE SAINT ANTOIN",43.38315,5.35829,Plein jour,En agglomération,Hors intersection,Normale,Deux véhicules - côté,,,,,,,,,,,1,2,1,1.0,3
201300014649,0013-03-11 09:00:00,13,3,11,9,0,130,55,RUE ALBERT EINSTEIN,,,Plein jour,En agglomération,Hors intersection,Normale,Deux véhicules - côté,,,,,,,,,,,1,2,1,1.0,3
201300014650,0013-04-24 21:30:00,13,4,24,21,30,130,55,"152, AVE DE FRAIS VALLON",43.32469,5.43513,Nuit avec éclairage allumé,En agglomération,Hors intersection,Normale,Deux véhicules - côté,,,,,,,,,,,5,2,1,1.0,3
201300014651,0013-05-02 18:30:00,13,5,2,18,30,130,55,"116, BD DE SAINT MARCEL",43.28835,5.46282,Plein jour,En agglomération,Hors intersection,Normale,Deux véhicules - côté,,,,,,,,,,,1,2,1,1.0,3
201300014652,0013-02-27 17:30:00,13,2,27,17,30,130,55,AVE ARNAVON,43.33003,5.38778,Plein jour,En agglomération,Giratoire,Normale,Deux véhicules - arrière,,,,,,,,,,,1,2,6,1.0,2
201300014653,0013-04-24 17:45:00,13,4,24,17,45,130,55,"1, RPT HENRI MARTINET",43.2976,5.47919,Plein jour,En agglomération,Giratoire,Normale,Autre collision,,,,,,,,,,,1,2,6,1.0,6
201300014654,0013-04-16 09:52:00,13,4,16,9,52,130,55,"26, CRS JOSEPH THIERRY",43.30037,5.38668,Plein jour,En agglomération,Hors intersection,Normale,Deux véhicules - côté,,,,,,,,,,,1,2,1,1.0,3
201300014655,0013-05-03 22:20:00,13,5,3,22,20,130,55,"344, BD MICHELET",43.25805,5.39947,Nuit avec éclairage allumé,En agglomération,Hors intersection,Normale,Deux véhicules - arrière,,,,,,,,,,,5,2,1,1.0,2
201300014656,0013-05-05 13:00:00,13,5,5,13,0,130,55,"38, BD BARRAL",43.26425,5.39228,Plein jour,En agglomération,Hors intersection,Pluie légère,Trois véhicules et plus - collisions multiples,,,,,,,,,,,1,2,1,2.0,5
201300014657,0013-04-05 09:05:00,13,4,5,9,5,130,55,"16, CRS LIEUTAUD",43.29518,5.38174,Plein jour,En agglomération,Hors intersection,Normale,Deux véhicules - côté,,,,,,,,,,,1,2,1,1.0,3
201300014658,0013-04-23 00:10:00,13,4,23,0,10,130,55,BD FRANCOISE DUPARC,43.30654,5.40101,Nuit avec éclairage allumé,En agglomération,Intersection en X,Normale,Deux véhicules - côté,,,,,,,,,,,5,2,2,1.0,3
201300014659,0013-04-23 19:10:00,13,4,23,19,10,130,55,"02, BD SAKAKINI",43.29954,5.40073,Plein jour,En agglomération,Hors intersection,Normale,Deux véhicules - côté,,,,,,,,,,,1,2,1,1.0,3
201300014660,0013-04-27 18:30:00,13,4,27,18,30,130,55,"58, VOI LA CANEBIERE",43.29726,5.3801,Plein jour,En agglomération,Hors intersection,Normale,Autre collision,,,,,,,,,,,1,2,1,1.0,6
201300014661,0013-04-25 16:30:00,13,4,25,16,30,130,55,"6, BD JEAN MOULIN",43.28675,5.39982,Plein jour,En agglomération,Hors intersection,Normale,Autre collision,,,,,,,,,,,1,2,1,1.0,6
201300014662,0013-04-26 08:00:00,13,4,26,8,0,130,55,CRS GOUFFE,43.28607,5.387,Plein jour,En agglomération,Intersection en X,Temps couvert,Deux véhicules - côté,,,,,,,,,,,1,2,2,8.0,3
201300014663,0013-02-22 18:30:00,13,2,22,18,30,130,55,"86, VSN PONT DE VIVAUX B",43.28054,5.42079,Nuit sans éclairage public,En agglomération,Hors intersection,Normale,Autre collision,,,,,,,,,,,3,2,1,1.0,6
201300014664,0013-05-08 18:30:00,13,5,8,18,30,130,55,"606, CHE DU LITTORAL",43.35378,5.32867,Plein jour,En agglomération,Hors intersection,Normale,Autre collision,,,,,,,,,,,1,2,1,1.0,6
201300014665,0013-05-08 16:00:00,13,5,8,16,0,130,55,"121, CHE DES BOURRELY",43.38398,5.36517,Plein jour,En agglomération,Intersection en Y,Normale,Deux véhicules - côté,,,,,,,,,,,1,2,4,1.0,3
201300014666,0013-03-02 10:45:00,13,3,2,10,45,130,55,RUE FRANCOIS MAURIAC,43.27559,5.41758,Plein jour,En agglomération,Hors intersection,Temps éblouissant,Autre collision,,,,,,,,,,,1,2,1,7.0,6
201300014667,0013-03-18 06:30:00,13,3,18,6,30,130,55,"322, BD ROMAIN ROLLAND",43.27131,5.40911,Plein jour,En agglomération,Intersection en T,Pluie forte,Deux véhicules - côté,,,,,,,,,,,1,2,3,3.0,3
201300014668,0013-04-12 18:20:00,13,4,12,18,20,130,55,"19, AVE DE LA MARTHELINE",43.24628,5.3988,Plein jour,En agglomération,Giratoire,Normale,Autre collision,,,,,,,,,,,1,2,6,1.0,6
201300014669,0013-04-15 13:30:00,13,4,15,13,30,130,55,"295, RUE PIERRE DOIZE",43.27023,5.42317,Plein jour,En agglomération,Hors intersection,Normale,Sans collision,,,,,,,,,,,1,2,1,1.0,7
201300014670,0013-04-17 18:00:00,13,4,17,18,0,130,55,"47, AVE DE LATTRE DE TAS",43.24818,5.40615,Plein jour,En agglomération,Hors intersection,Normale,Autre collision,,,,,,,,,,,1,2,1,1.0,6
201300014671,0013-04-30 17:20:00,13,4,30,17,20,130,55,"246, AVE JOSEPH VIDAL",43.24963,5.37536,Crépuscule ou aube,En agglomération,Hors intersection,Normale,Autre collision,,,,,,,,,,,2,2,1,1.0,6
201300014672,0013-05-06 16:00:00,13,5,6,16,0,130,55,AVE FLORIAN,,,Plein jour,En agglomération,Hors intersection,Normale,Autre collision,,,,,,,,,,,1,2,1,1.0,6
201300014673,0013-03-29 07:50:00,13,3,29,7,50,130,55,"43, BD VINCENT DELPUECH",43.28289,5.39228,Plein jour,En agglomération,Hors intersection,Normale,Deux véhicules - arrière,,,,,,,,,,,1,2,1,1.0,2
201300014674,0013-03-30 17:00:00,13,3,30,17,0,130,55,"20, AVE D HAITI",43.29727,5.40729,Plein jour,En agglomération,Intersection en T,Normale,Deux véhicules - côté,,,,,,,,,,,1,2,3,1.0,3
201300014675,0013-03-31 18:00:00,13,3,31,18,0,130,55,"0000, AVE ALEXANDRE FLEM",,,Plein jour,En agglomération,Hors intersection,Normale,Deux véhicules - arrière,,,,,,,,,,,1,2,1,1.0,2
201300014676,0013-04-19 07:20:00,13,4,19,7,20,130,55,"14, BD JEAN MOULIN",43.28606,5.39897,Crépuscule ou aube,En agglomération,Hors intersection,Normale,Deux véhicules - arrière,,,,,,,,,,,2,2,1,1.0,2
201300014677,0013-05-07 02:00:00,13,5,7,2,0,130,55,"50, BD VOLTAIRE",43.30298,5.38491,Nuit avec éclairage allumé,En agglomération,Intersection en Y,Normale,Deux véhicules - frontale,,,,,,,,,,,5,2,4,1.0,1
201300014678,0013-03-15 12:20:00,13,3,15,12,20,130,55,"4, RUE RAYMOND TEISSEIRE",43.27506,5.39647,Plein jour,En agglomération,Hors intersection,Normale,Autre collision,,,,,,,,,,,1,2,1,1.0,6
201300014679,0013-03-31 13:30:00,13,3,31,13,30,130,55,"58, AVE DU MERLAN",43.3367,5.40728,Plein jour,En agglomération,Hors intersection,Normale,Deux véhicules - côté,,,,,,,,,,,1,2,1,1.0,3
201300014680,0013-04-25 18:15:00,13,4,25,18,15,130,55,"08, RUE RIVOIRE",43.31357,5.37704,Plein jour,En agglomération,Hors intersection,Normale,Autre collision,,,,,,,,,,,1,2,1,1.0,6
201300014681,0013-01-12 14:45:00,13,1,12,14,45,130,55,"01, BD JEAN EUGENE CABAS",43.28603,5.41283,Plein jour,En agglomération,Hors intersection,Normale,Autre collision,,,,,,,,,,,1,2,1,1.0,6
201300014682,0013-04-14 02:05:00,13,4,14,2,5,130,55,"432, BD MICHELET",43.25269,5.40227,Nuit avec éclairage allumé,En agglomération,Intersection en T,Normale,Deux véhicules - frontale,,,,,,,,,,,5,2,3,1.0,1
201300014683,0013-03-18 15:45:00,13,3,18,15,45,130,55,TRA DE LA MONTRE,43.29312,5.47378,Plein jour,En agglomération,Hors intersection,Normale,Autre collision,,,,,,,,,,,1,2,1,1.0,6
201300014684,0013-04-24 11:20:00,13,4,24,11,20,130,55,RUE BREMOND,43.3278,5.4531,Plein jour,En agglomération,Intersection en X,Normale,Deux véhicules - côté,,,,,,,,,,,1,2,2,1.0,3
201300014685,0013-04-26 22:00:00,13,4,26,22,0,130,55,"01, CHE DU LITTORAL",,,Nuit avec éclairage allumé,En agglomération,Hors intersection,Normale,Deux véhicules - côté,,,,,,,,,,,5,2,1,1.0,3
201300014686,0013-03-31 13:00:00,13,3,31,13,0,130,55,"301, BD ROMAIN ROLLAND",43.2725,5.41125,Plein jour,En agglomération,Hors intersection,Temps éblouissant,Autre collision,,,,,,,,,,,1,2,1,7.0,6
201300014687,0013-04-03 13:30:00,13,4,3,13,30,130,55,"285, RPT DU PRADO",43.27296,5.39104,Plein jour,En agglomération,Hors intersection,Normale,Deux véhicules - côté,,,,,,,,,,,1,2,1,1.0,3
201300014688,0013-04-08 09:20:00,13,4,8,9,20,130,55,"11, TRA DE POMEGUES",43.25213,5.38392,Plein jour,En agglomération,Hors intersection,Normale,Sans collision,,,,,,,,,,,1,2,1,1.0,7
201300014689,0013-04-10 08:30:00,13,4,10,8,30,130,55,"2, AVE D' HAIFA",43.25397,5.39428,Plein jour,En agglomération,Intersection en T,Normale,Deux véhicules - arrière,,,,,,,,,,,1,2,3,1.0,2
201300014690,0013-04-13 16:00:00,13,4,13,16,0,130,55,"614, AVE DU PRADO",43.26281,5.37585,Plein jour,En agglomération,Hors intersection,Normale,Autre collision,,,,,,,,,,,1,2,1,1.0,6
201300014691,0013-04-17 15:00:00,13,4,17,15,0,130,55,BD DE LA PUGETTE,43.26818,5.40018,Plein jour,En agglomération,Hors intersection,Normale,Deux véhicules - arrière,,,,,,,,,,,1,2,1,1.0,2
201300014692,0013-04-25 21:00:00,13,4,25,21,0,130,55,"98, TRA DE LA MONTRE",43.29526,5.47892,Nuit avec éclairage allumé,En agglomération,Hors intersection,Normale,Sans collision,,,,,,,,,,,5,2,1,1.0,7
201300014693,0013-04-20 16:40:00,13,4,20,16,40,130,55,RUE RAYMOND TEISSEIRE,,,Plein jour,En agglomération,Hors intersection,Normale,Deux véhicules - côté,,,,,,,,,,,1,2,1,1.0,3
201300014694,0013-01-22 17:30:00,13,1,22,17,30,130,55,"170, RPT COLLINE ST JOSE",,,Nuit avec éclairage allumé,En agglomération,Hors intersection,Normale,Autre collision,,,,,,,,,,,5,2,1,1.0,6
201300014695,0013-04-14 09:20:00,13,4,14,9,20,130,55,"36, AVE FLORIAN",43.28365,5.42697,Plein jour,En agglomération,Hors intersection,Normale,Deux véhicules - frontale,,,,,,,,,,,1,2,1,1.0,1
201300014696,0013-01-18 16:00:00,13,1,18,16,0,130,55,"42, AVE DU VINGT QUATRE",43.30779,5.42933,Plein jour,En agglomération,Hors intersection,Normale,Autre collision,,,,,,,,,,,1,2,1,1.0,6
201300014697,0013-01-22 11:00:00,13,1,22,11,0,130,55,"162, BD DES LIBERATEURS",43.30328,5.45421,Plein jour,En agglomération,Hors intersection,Normale,Deux véhicules - côté,,,,,,,,,,,1,2,1,1.0,3
201300014698,0013-01-31 18:15:00,13,1,31,18,15,130,55,"79, AVE DE LA FOURRAGERE",43.29924,5.43039,Nuit avec éclairage allumé,En agglomération,Intersection en T,Normale,Deux véhicules - côté,,,,,,,,,,,5,2,3,1.0,3
201300014699,0013-05-07 17:30:00,13,5,7,17,30,130,55,"33, RUE DES TROIS ROIS",43.29313,5.38539,Plein jour,En agglomération,Hors intersection,Normale,Autre collision,,,,,,,,,,,1,2,1,1.0,6
201300014700,0013-04-03 09:00:00,13,4,3,9,0,130,55,"1, RUE LOUIS REYBAUD",43.29738,5.42695,Plein jour,En agglomération,Hors intersection,Normale,Autre collision,,,,,,,,,,,1,2,1,1.0,6
201300014701,0013-04-06 15:45:00,13,4,6,15,45,130,55,"42, AVE DE GARLABAN",43.299,5.42259,Plein jour,En agglomération,Hors intersection,Pluie forte,Deux véhicules - frontale,,,,,,,,,,,1,2,1,3.0,1
201300014702,0013-04-09 08:45:00,13,4,9,8,45,130,55,"270, RUE PARADIS",43.28128,5.38193,Plein jour,En agglomération,Hors intersection,Normale,Autre collision,,,,,,,,,,,1,2,1,1.0,6
201300014703,0013-04-10 13:00:00,13,4,10,13,0,130,55,"3, RTE DE LA VALENTINE",43.29026,5.46344,Plein jour,En agglomération,Hors intersection,Normale,Trois véhicules et plus - en chaîne,,,,,,,,,,,1,2,1,1.0,4
201300014704,0013-04-10 18:30:00,13,4,10,18,30,130,55,AVE DES PEINTRES ROUX,,,Plein jour,En agglomération,Hors intersection,Normale,Trois véhicules et plus - en chaîne,,,,,,,,,,,1,2,1,1.0,4
201300014705,0013-04-12 11:25:00,13,4,12,11,25,130,75,"116, LIBERATION (AVE DE",43.34213,5.45728,Plein jour,En agglomération,Hors intersection,Normale,Autre collision,,,,,,,,,,,1,2,1,1.0,6
201300014706,0013-05-12 05:30:00,13,5,12,5,30,130,55,"41, RUE DU DOCTEUR ESCAT",43.28348,5.38235,Nuit avec éclairage allumé,En agglomération,Intersection en X,Normale,Deux véhicules - côté,,,,,,,,,,,5,2,2,1.0,3
201300014707,0013-02-01 21:40:00,13,2,1,21,40,130,55,"85, AVE COLGATE",43.23265,5.40444,Nuit avec éclairage allumé,En agglomération,Intersection en T,Normale,Deux véhicules - arrière,,,,,,,,,,,5,2,3,1.0,2
201300014708,0013-03-14 09:10:00,13,3,14,9,10,130,55,"36, AVE DE LA CORSE",43.28933,5.36314,Plein jour,En agglomération,Hors intersection,Vent fort / tempête,Autre collision,,,,,,,,,,,1,2,1,6.0,6
201300014709,0013-03-14 11:30:00,13,3,14,11,30,130,55,RUE DE SUEZ,43.29131,5.35726,Plein jour,En agglomération,Intersection en X,Normale,Deux véhicules - côté,,,,,,,,,,,1,2,2,1.0,3
201300014710,0013-04-05 11:45:00,13,4,5,11,45,130,55,"54 bis, RUE DU DOCTEUR S",43.29318,5.39801,Plein jour,En agglomération,Hors intersection,Normale,Autre collision,,,,,,,,,,,1,2,1,1.0,6
201300014711,0013-04-30 16:15:00,13,4,30,16,15,130,55,"11, AVE DE LA CORSE",43.28969,5.36525,Plein jour,En agglomération,Intersection en T,Temps couvert,Deux véhicules - côté,,,,,,,,,,,1,2,3,8.0,3
201300014712,0013-04-10 15:50:00,13,4,10,15,50,130,55,"26, BD DE LA CORDERIE",43.2906,5.37105,Plein jour,En agglomération,Hors intersection,Normale,Deux véhicules - côté,,,,,,,,,,,1,2,1,1.0,3
201300014713,0013-04-03 09:30:00,13,4,3,9,30,130,55,"46, RUE CHALUSSET",43.31682,5.39652,Plein jour,En agglomération,Hors intersection,Normale,Trois véhicules et plus - collisions multiples,,,,,,,,,,,1,2,1,1.0,5
201300014714,0013-04-28 18:30:00,13,4,28,18,30,130,55,BD DU CAPITAINE GEZE,,,Plein jour,En agglomération,Hors intersection,Pluie légère,Deux véhicules - arrière,,,,,,,,,,,1,2,1,2.0,2
201300014715,0013-03-28 15:00:00,13,3,28,15,0,130,55,"86, BD NATIONAL",43.30648,5.38304,Plein jour,En agglomération,Hors intersection,Pluie forte,Deux véhicules - arrière,,,,,,,,,,,1,2,1,3.0,2
201300014716,0013-03-04 16:30:00,13,3,4,16,30,130,55,CHEMIN DE SAINTE MARTHE,,,Plein jour,En agglomération,Hors intersection,Normale,Deux véhicules - arrière,,,,,,,,,,,1,2,1,1.0,2
201300014717,0013-05-08 16:30:00,13,5,8,16,30,130,55,RTE LEON LACHAMP,,,Plein jour,En agglomération,Hors intersection,Normale,Sans collision,,,,,,,,,,,1,2,1,1.0,7
201300014718,0013-03-27 10:10:00,13,3,27,10,10,130,55,"31, ALL TURCAT MERY",43.28085,5.38859,Plein jour,En agglomération,Hors intersection,Normale,Autre collision,,,,,,,,,,,1,2,1,1.0,6
201300014719,0013-04-15 09:00:00,13,4,15,9,0,130,55,"01, PCE JOSEPH VIDAL",43.254,5.38151,Plein jour,En agglomération,Hors intersection,Normale,Sans collision,,,,,,,,,,,1,2,1,1.0,7
201300014720,0013-04-18 18:35:00,13,4,18,18,35,130,2,"7, BAUQUIERE (CHEMIN DE",43.33496,5.47797,Plein jour,Hors agglomération,Hors intersection,Normale,Deux véhicules - côté,,,,,,,,,,,1,1,1,1.0,3
201300014721,0013-04-19 15:05:00,13,4,19,15,5,130,55,"39, AVE DE SAINT BARNABE",43.30408,5.4106,Plein jour,En agglomération,Hors intersection,Normale,Deux véhicules - frontale,,,,,,,,,,,1,2,1,1.0,1
201300014722,0013-05-02 12:55:00,13,5,2,12,55,130,55,RUE ALBERT EINSTEIN,,,Plein jour,En agglomération,Hors intersection,Normale,Deux véhicules - côté,,,,,,,,,,,1,2,1,1.0,3
201300014723,0013-04-10 13:50:00,13,4,10,13,50,130,55,"1, RUE AUGUSTIN FRESNEL",43.34281,5.4468,Plein jour,En agglomération,Hors intersection,Normale,Deux véhicules - côté,,,,,,,,,,,1,2,1,1.0,3
201300014724,0013-04-24 18:55:00,13,4,24,18,55,130,55,"107, AVE DES OLIVES",43.3271,5.43681,Plein jour,En agglomération,Hors intersection,Normale,Deux véhicules - côté,,,,,,,,,,,1,2,1,1.0,3
201300014725,0013-05-03 08:45:00,13,5,3,8,45,130,55,"87, AVE DE FRAIS VALLON",43.3252,5.43377,Plein jour,En agglomération,Hors intersection,Normale,Autre collision,,,,,,,,,,,1,2,1,1.0,6
201300014726,0013-04-11 11:00:00,13,4,11,11,0,130,55,"80, AVE DE LA CROIX ROUG",43.33278,5.43593,Plein jour,En agglomération,Hors intersection,Normale,Deux véhicules - arrière,,,,,,,,,,,1,2,1,1.0,2
201300014727,0013-04-30 17:20:00,13,4,30,17,20,130,55,"12, PCE BOUGAINVILLE",43.31937,5.36843,Plein jour,En agglomération,Hors intersection,Normale,Deux véhicules - côté,,,,,,,,,,,1,2,1,1.0,3
201300014728,0013-05-15 06:00:00,13,5,15,6,0,130,55,BD RABATAU,,,Plein jour,En agglomération,Hors intersection,Normale,Sans collision,,,,,,,,,,,1,2,1,1.0,7
201300014729,0013-01-01 02:00:00,13,1,1,2,0,130,55,"00, BD DE SAINT LOUP",,,Nuit avec éclairage allumé,En agglomération,Hors intersection,Normale,Autre collision,,,,,,,,,,,5,2,1,1.0,6
201300014730,0013-05-15 13:00:00,13,5,15,13,0,130,55,"106, BD DE PARIS",43.30991,5.3702,Plein jour,En agglomération,Intersection en X,Normale,Autre collision,,,,,,,,,,,1,2,2,1.0,6
201300014731,0013-05-08 16:15:00,13,5,8,16,15,130,55,"42, BD ROMAIN ROLLAND",43.28003,5.42513,Plein jour,En agglomération,Hors intersection,Normale,Autre collision,,,,,,,,,,,1,2,1,1.0,6
201300014732,0013-05-03 18:45:00,13,5,3,18,45,130,55,"1, PCE LOUIS BONNEFON",43.25424,5.38195,Plein jour,En agglomération,Giratoire,Normale,Deux véhicules - côté,,,,,,,,,,,1,2,6,1.0,3
201300014733,0013-04-10 16:30:00,13,4,10,16,30,130,55,"180, AVE DE SAINT LOUIS",43.34947,5.35883,Plein jour,En agglomération,Hors intersection,Normale,Deux véhicules - frontale,,,,,,,,,,,1,2,1,1.0,1
201300014734,0013-04-19 11:50:00,13,4,19,11,50,130,55,RUE FONTAINIEU,43.3474,5.37843,Plein jour,En agglomération,Intersection en X,Normale,Deux véhicules - côté,,,,,,,,,,,1,2,2,1.0,3
201300014735,0013-04-29 18:00:00,13,4,29,18,0,130,55,"126, AVE DES OLIVES",43.32684,5.43732,Plein jour,En agglomération,Hors intersection,Pluie légère,Deux véhicules - côté,,,,,,,,,,,1,2,1,2.0,3
201300014736,0013-05-13 23:45:00,13,5,13,23,45,130,55,"132, CHE DE SAINTE MARTH",43.32491,5.38833,Nuit avec éclairage allumé,En agglomération,Hors intersection,Normale,Deux véhicules - côté,,,,,,,,,,,5,2,1,1.0,3
201300014737,0013-04-29 16:10:00,13,4,29,16,10,130,55,"105, RUE DE ROME",43.29117,5.38077,Plein jour,En agglomération,Hors intersection,Normale,Autre collision,,,,,,,,,,,1,2,1,1.0,6
201300014738,0013-03-02 15:45:00,13,3,2,15,45,130,55,"171, RUE DE ROME",43.28812,5.38252,Plein jour,En agglomération,Hors intersection,Normale,Deux véhicules - côté,,,,,,,,,,,1,2,1,1.0,3
201300014739,0013-03-26 13:00:00,13,3,26,13,0,130,55,"0, RUE SAINT PIERRE",,,Plein jour,En agglomération,Hors intersection,Normale,Deux véhicules - arrière,,,,,,,,,,,1,2,1,1.0,2
201300014740,0013-05-07 17:15:00,13,5,7,17,15,130,55,"68, CHE DE LA COMMANDERI",43.34208,5.36209,Plein jour,En agglomération,Intersection en T,Normale,Deux véhicules - côté,,,,,,,,,,,1,2,3,1.0,3