accident_id,datetime,annee,mois,jour,heure,minute,departement,commune_insee,adresse,latitude,longitude,luminosite,agglomeration,intersection,meteo,collision,nb_vehicules,nb_usagers,nb_indemnes,nb_tues,nb_blesses_hosp,nb_blesses_legers,age_cond_1,age_cond_2,veh_type_cond_1,veh_type_cond_2,lum_code,agg_code,int_code,atm_code,col_code
201300015234,0013-07-25 05:15:00,13,7,25,5,15,130,55,"193, AVE DES CAILLOLS",43.30399,5.44098,Crépuscule ou aube,En agglomération,Hors intersection,Normale,Autre collision,,,,,,,,,,,2,2,1,1.0,6
201300015235,0013-04-11 07:45:00,13,4,11,7,45,130,55,"38, RUE ALBERT EINSTEIN",43.33729,5.43547,Plein jour,En agglomération,Hors intersection,Temps éblouissant,Trois véhicules et plus - en chaîne,,,,,,,,,,,1,2,1,7.0,4
201300015236,0013-06-11 17:00:00,13,6,11,17,0,130,55,"14, CHE DE GIBBES",43.31944,5.37989,Plein jour,En agglomération,Hors intersection,Normale,Deux véhicules - côté,,,,,,,,,,,1,2,1,1.0,3
201300015237,0013-06-27 14:00:00,13,6,27,14,0,130,55,"118, CHE DE MIMET",43.38184,5.35836,Plein jour,En agglomération,Hors intersection,Normale,Deux véhicules - côté,,,,,,,,,,,1,2,1,1.0,3
201300015238,0013-06-13 14:30:00,13,6,13,14,30,130,55,VSN SAINT ANTOINE (CHE),,,Plein jour,En agglomération,Hors intersection,Normale,Deux véhicules - arrière,,,,,,,,,,,1,2,1,1.0,2
201300015239,0013-07-10 17:45:00,13,7,10,17,45,130,55,"48, BD FERDINAND DE LESS",43.32107,5.37516,Plein jour,En agglomération,Hors intersection,Normale,Deux véhicules - côté,,,,,,,,,,,1,2,1,1.0,3
201300015240,0013-07-03 18:10:00,13,7,3,18,10,130,55,"12, AVE RAOUL FOLLEREAU",43.2924,5.4458,Plein jour,En agglomération,Hors intersection,Normale,Autre collision,,,,,,,,,,,1,2,1,1.0,6
201300015241,0013-07-08 08:55:00,13,7,8,8,55,130,55,"86, BD DE LA MILLIERE",43.28329,5.49791,Plein jour,En agglomération,Hors intersection,Normale,Deux véhicules - frontale,,,,,,,,,,,1,2,1,1.0,1
201300015242,0013-06-28 11:00:00,13,6,28,11,0,130,55,"147, AVE DE LA ROSE",43.32847,5.42585,Plein jour,En agglomération,Hors intersection,Normale,Deux véhicules - côté,,,,,,,,,,,1,2,1,1.0,3
201300015243,0013-07-03 10:35:00,13,7,3,10,35,130,55,"49, AVE PASTEUR",43.28957,5.35937,Plein jour,En agglomération,Hors intersection,Pluie légère,Autre collision,,,,,,,,,,,1,2,1,2.0,6
201300015244,0013-06-24 06:40:00,13,6,24,6,40,130,55,"54, BD BUREL",43.31728,5.38983,Plein jour,En agglomération,Intersection en X,Normale,Deux véhicules - côté,,,,,,,,,,,1,2,2,1.0,3
201300015245,0013-07-25 22:40:00,13,7,25,22,40,130,2,"4, FERNAND RAMBERT (RUE)",43.33546,5.48239,Nuit avec éclairage allumé,En agglomération,Hors intersection,Normale,Autre collision,,,,,,,,,,,5,2,1,1.0,6
201300015246,0013-07-09 14:20:00,13,7,9,14,20,130,55,RTE DE LA VALENTINE,,,Crépuscule ou aube,En agglomération,Hors intersection,Normale,Deux véhicules - arrière,,,,,,,,,,,2,2,1,1.0,2
201300015247,0013-07-01 17:35:00,13,7,1,17,35,130,55,"3, AVE DE GARLABAN",43.29817,5.41803,Plein jour,En agglomération,Hors intersection,Normale,Autre collision,,,,,,,,,,,1,2,1,1.0,6
201300015248,0013-07-26 19:45:00,13,7,26,19,45,130,55,"139, BD BAILLE",43.28832,5.39275,Plein jour,En agglomération,Intersection en X,Normale,Autre collision,,,,,,,,,,,1,2,2,1.0,6
201300015249,0013-07-14 16:00:00,13,7,14,16,0,130,55,"54, BD DE LA VALBARELLE",43.28687,5.44574,Plein jour,En agglomération,Hors intersection,Normale,Deux véhicules - arrière,,,,,,,,,,,1,2,1,1.0,2
201300015250,0013-07-11 15:30:00,13,7,11,15,30,130,55,"278, RUE RABELAIS",43.36127,5.32642,Plein jour,En agglomération,Hors intersection,Normale,Autre collision,,,,,,,,,,,1,2,1,1.0,6
201300015251,0013-07-12 13:50:00,13,7,12,13,50,130,55,"23, AVE DE FUVEAU",43.32794,5.41871,Plein jour,En agglomération,Hors intersection,Normale,Deux véhicules - côté,,,,,,,,,,,1,2,1,1.0,3
201300015252,0013-07-01 16:09:00,13,7,1,16,9,130,55,"333, AVE DES POILUS",43.3146,5.46233,Plein jour,En agglomération,Hors intersection,Normale,Trois véhicules et plus - en chaîne,,,,,,,,,,,1,2,1,1.0,4
201300015253,0013-05-15 20:00:00,13,5,15,20,0,130,55,"36, AVE ELSA TRIOLET",43.24763,5.39173,Crépuscule ou aube,En agglomération,Hors intersection,Normale,Autre collision,,,,,,,,,,,2,2,1,1.0,6
201300015254,0013-07-16 14:50:00,13,7,16,14,50,130,55,AVE DES TROIS LUCS,,,Plein jour,Hors agglomération,Hors intersection,Normale,Autre collision,,,,,,,,,,,1,1,1,1.0,6
201300015255,0013-07-16 13:20:00,13,7,16,13,20,130,55,AVE DES TROIS LUCS,43.31037,5.46381,Plein jour,En agglomération,Hors intersection,Normale,Deux véhicules - côté,,,,,,,,,,,1,2,1,1.0,3
201300015256,0013-06-21 20:00:00,13,6,21,20,0,130,55,"43, BD RABATAU",43.2743,5.39415,Plein jour,En agglomération,Hors intersection,Normale,Deux véhicules - côté,,,,,,,,,,,1,2,1,1.0,3
201300015257,0013-07-03 17:50:00,13,7,3,17,50,130,55,"475, AVE DE MAZARGUES",43.25684,5.39409,Plein jour,En agglomération,Hors intersection,Normale,Deux véhicules - arrière,,,,,,,,,,,1,2,1,1.0,2
201300015258,0013-07-31 18:45:00,13,7,31,18,45,130,55,BD HENRI BARNIER,,,Plein jour,En agglomération,Hors intersection,Normale,Autre collision,,,,,,,,,,,1,2,1,1.0,6
201300015259,0013-07-08 04:45:00,13,7,8,4,45,130,55,".., RTE LEON LACHAMP",,,Nuit sans éclairage public,Hors agglomération,Hors intersection,Normale,Sans collision,,,,,,,,,,,3,1,1,1.0,7
201300015260,0013-07-24 10:30:00,13,7,24,10,30,130,55,"13, BD BERNABO",43.33705,5.35548,Plein jour,En agglomération,Hors intersection,Normale,Deux véhicules - côté,,,,,,,,,,,1,2,1,1.0,3
201300015261,0013-07-21 16:30:00,13,7,21,16,30,130,55,"40, VOI LA CANEBIERE",43.29638,5.37765,Plein jour,En agglomération,Intersection en X,Normale,Deux véhicules - côté,,,,,,,,,,,1,2,2,1.0,3
201300015262,0013-07-23 01:25:00,13,7,23,1,25,130,55,"281, COR PRESIDENT JOHN",43.27732,5.35662,Nuit avec éclairage allumé,En agglomération,Hors intersection,Normale,Sans collision,,,,,,,,,,,5,2,1,1.0,7
201300015263,0013-07-31 15:20:00,13,7,31,15,20,130,55,BD PIERRE DRAMARD,43.37716,5.35961,Plein jour,En agglomération,Giratoire,Normale,Deux véhicules - côté,,,,,,,,,,,1,2,6,1.0,3
201300015264,0013-07-25 20:45:00,13,7,25,20,45,130,55,CRS LIEUTAUD,43.28794,5.38469,Crépuscule ou aube,En agglomération,Hors intersection,Normale,Sans collision,,,,,,,,,,,2,2,1,1.0,7
201300015265,0013-07-26 05:50:00,13,7,26,5,50,130,55,"127, AVE DE LA TIMONE",43.28627,5.40699,Crépuscule ou aube,En agglomération,Hors intersection,Normale,Autre collision,,,,,,,,,,,2,2,1,1.0,6
201300015266,0013-07-27 21:20:00,13,7,27,21,20,130,75,FREDERIC*CHEVILLON (AV),43.34746,5.46376,Nuit avec éclairage allumé,En agglomération,Intersection en X,Normale,Deux véhicules - arrière,,,,,,,,,,,5,2,2,1.0,2
201300015267,0013-08-05 07:30:00,13,8,5,7,30,130,55,"353, COR PRESIDENT JOHN",43.27156,5.36276,Plein jour,En agglomération,Hors intersection,Normale,Autre collision,,,,,,,,,,,1,2,1,1.0,6
201300015268,0013-08-04 09:45:00,13,8,4,9,45,130,55,"77, RUE BRETEUIL",43.28865,5.37651,Plein jour,En agglomération,Intersection en X,Normale,Deux véhicules - côté,,,,,,,,,,,1,2,2,1.0,3
201300015269,0013-05-21 14:20:00,13,5,21,14,20,130,55,AVE ALEXANDRE FLEMING,43.31559,5.40155,Plein jour,En agglomération,Hors intersection,Normale,Trois véhicules et plus - en chaîne,,,,,,,,,,,1,2,1,1.0,4
201300015270,0013-07-06 11:45:00,13,7,6,11,45,130,55,"17, RUE FORT NOTRE DAME",43.2925,5.37145,Plein jour,En agglomération,Hors intersection,Normale,Trois véhicules et plus - collisions multiples,,,,,,,,,,,1,2,1,1.0,5
201300015271,0013-07-08 13:45:00,13,7,8,13,45,130,55,"2, BD CHARLES LIVON",43.29225,5.36214,Plein jour,En agglomération,Hors intersection,Normale,Autre collision,,,,,,,,,,,1,2,1,1.0,6
201300015272,0013-07-17 18:05:00,13,7,17,18,5,130,55,"27, QAI DE RIVE NEUVE",43.29286,5.36872,Plein jour,En agglomération,Intersection en T,Normale,Autre collision,,,,,,,,,,,1,2,3,1.0,6
201300015273,0013-07-18 12:00:00,13,7,18,12,0,130,55,"2, RUE DIEUDE",43.29209,5.38058,Plein jour,En agglomération,Intersection en X,Normale,Deux véhicules - côté,,,,,,,,,,,1,2,2,1.0,3
201300015274,0013-07-22 17:00:00,13,7,22,17,0,130,55,"397, COR PRESIDENT JOHN",43.26991,5.36597,Plein jour,En agglomération,Hors intersection,Normale,Deux véhicules - côté,,,,,,,,,,,1,2,1,1.0,3
201300015275,0013-07-23 16:05:00,13,7,23,16,5,130,55,"21, BD FRANCOISE DUPARC",43.30096,5.40076,Plein jour,En agglomération,Intersection en T,Normale,Deux véhicules - côté,,,,,,,,,,,1,2,3,1.0,3
201300015276,0013-07-25 12:30:00,13,7,25,12,30,130,55,"1, RUE D AUBAGNE",43.29591,5.3786,Plein jour,En agglomération,Hors intersection,Normale,Autre collision,,,,,,,,,,,1,2,1,1.0,6
201300015277,0013-07-29 13:20:00,13,7,29,13,20,130,55,"5, RUE PARADIS",43.29437,5.37638,Plein jour,En agglomération,Hors intersection,Normale,Sans collision,,,,,,,,,,,1,2,1,1.0,7
201300015278,0013-07-30 19:40:00,13,7,30,19,40,130,55,"23, ALL LEON GAMBETTA",43.29908,5.38233,Plein jour,En agglomération,Hors intersection,Normale,Autre collision,,,,,,,,,,,1,2,1,1.0,6
201300015279,0013-07-30 15:40:00,13,7,30,15,40,130,55,"31, AVE DU PRADO",43.28399,5.38499,Plein jour,En agglomération,Hors intersection,Normale,Deux véhicules - côté,,,,,,,,,,,1,2,1,1.0,3
201300015280,0013-06-06 00:40:00,13,6,6,0,40,130,55,RUE EDMOND ROSTAND,43.28426,5.38202,Nuit avec éclairage allumé,En agglomération,Hors intersection,Normale,Sans collision,,,,,,,,,,,5,2,1,1.0,7
201300015281,0013-06-04 12:20:00,13,6,4,12,20,130,55,AVE ALEXANDRE ANSALDI,,,Plein jour,En agglomération,Hors intersection,Normale,Deux véhicules - frontale,,,,,,,,,,,1,2,1,1.0,1
201300015282,0013-07-25 05:58:00,13,7,25,5,58,130,55,".., AVE DE SAINT MENET",,,Crépuscule ou aube,En agglomération,Hors intersection,Normale,Deux véhicules - arrière,,,,,,,,,,,2,2,1,1.0,2
201300015283,0013-07-27 16:30:00,13,7,27,16,30,130,55,"303, AVE DE MONTOLIVET",43.31772,5.4176,Plein jour,En agglomération,Hors intersection,Normale,Autre collision,,,,,,,,,,,1,2,1,1.0,6
201300015284,0013-05-27 13:00:00,13,5,27,13,0,130,55,"67, BD DU CAPITAINE GEZE",43.33146,5.37535,Plein jour,En agglomération,Hors intersection,Normale,Sans collision,,,,,,,,,,,1,2,1,1.0,7
201300015285,0013-07-23 14:45:00,13,7,23,14,45,130,55,"144, BD HENRI BARNIER",43.37066,5.34675,Plein jour,En agglomération,Hors intersection,Normale,Deux véhicules - arrière,,,,,,,,,,,1,2,1,1.0,2
201300015286,0013-07-24 09:00:00,13,7,24,9,0,130,55,BD MICHELET,43.26655,5.39469,Plein jour,En agglomération,Hors intersection,Normale,Autre collision,,,,,,,,,,,1,2,1,1.0,6
201300015287,0013-07-24 10:15:00,13,7,24,10,15,130,55,"45, BD DE LA CONCORDE",43.24914,5.40201,Plein jour,En agglomération,Intersection en T,Normale,Deux véhicules - côté,,,,,,,,,,,1,2,3,1.0,3
201300015288,0013-07-30 18:10:00,13,7,30,18,10,130,55,"13 BIS, BD DE LA PUGETTE",43.26869,5.4015,Plein jour,En agglomération,Hors intersection,Normale,Autre collision,,,,,,,,,,,1,2,1,1.0,6
201300015289,0013-07-27 01:30:00,13,7,27,1,30,130,55,"30, BD JEAN MOULIN",43.28928,5.40009,Nuit avec éclairage allumé,En agglomération,Hors intersection,Normale,Autre collision,,,,,,,,,,,5,2,1,1.0,6
201300015290,0013-05-31 21:30:00,13,5,31,21,30,130,55,"33, BD DE LA BARASSE RN",43.28622,5.47674,Nuit avec éclairage allumé,En agglomération,Hors intersection,Normale,Autre collision,,,,,,,,,,,5,2,1,1.0,6
201300015291,0013-06-13 16:00:00,13,6,13,16,0,130,55,"61, RUE AVIATEUR LE BRIX",43.25931,5.40073,Plein jour,En agglomération,Hors intersection,Normale,Deux véhicules - arrière,,,,,,,,,,,1,2,1,1.0,2
201300015292,0013-07-02 18:00:00,13,7,2,18,0,130,55,"143, RPT ALAIN SAVARY",43.24628,5.39477,Plein jour,En agglomération,Hors intersection,Normale,Sans collision,,,,,,,,,,,1,2,1,1.0,7
201300015293,0013-07-23 18:00:00,13,7,23,18,0,130,55,MTE DE SAINT MENET,,,Plein jour,En agglomération,Hors intersection,Normale,Deux véhicules - côté,,,,,,,,,,,1,2,1,1.0,3
201300015294,0013-07-24 18:15:00,13,7,24,18,15,130,55,BD DE LA PUGETTE,43.26868,5.40151,Plein jour,En agglomération,Hors intersection,Normale,Deux véhicules - arrière,,,,,,,,,,,1,2,1,1.0,2
201300015295,0013-07-23 18:30:00,13,7,23,18,30,130,55,"214, CHE DE SAINTE MARTH",43.33021,5.38845,Plein jour,En agglomération,Giratoire,Normale,Deux véhicules - côté,,,,,,,,,,,1,2,6,1.0,3
201300015296,0013-07-10 10:15:00,13,7,10,10,15,130,55,"101, AVE DE SAINT LOUIS",43.34636,5.35922,Plein jour,En agglomération,Hors intersection,Normale,Autre collision,,,,,,,,,,,1,2,1,1.0,6
201300015297,0013-07-28 08:50:00,13,7,28,8,50,130,55,PCE CAZEMAJOU,43.31876,5.36711,Plein jour,En agglomération,Hors intersection,Normale,Deux véhicules - côté,,,,,,,,,,,1,2,1,1.0,3
201300015298,0013-08-01 09:35:00,13,8,1,9,35,130,55,"03, BD DE LA FABRIQUE",43.25342,5.39474,Plein jour,En agglomération,Hors intersection,Normale,Autre collision,,,,,,,,,,,1,2,1,1.0,6
201300015299,0013-08-02 11:40:00,13,8,2,11,40,130,55,"83, BD DE SAINT LOUP",43.2828,5.43223,Plein jour,En agglomération,Hors intersection,Normale,Autre collision,,,,,,,,,,,1,2,1,1.0,6
201300015300,0013-07-25 18:30:00,13,7,25,18,30,130,55,BD JEAN MOULIN,,,Plein jour,En agglomération,Hors intersection,Normale,Autre collision,,,,,,,,,,,1,2,1,1.0,6
201300015301,0013-07-26 09:30:00,13,7,26,9,30,130,55,"2, AVE FERNANDEL",43.3122,5.4476,Plein jour,Hors agglomération,Hors intersection,Normale,Autre collision,,,,,,,,,,,1,1,1,1.0,6
201300015302,0013-07-06 20:30:00,13,7,6,20,30,130,55,CHE DE LA MARTINE,,,Plein jour,En agglomération,Hors intersection,Normale,Deux véhicules - frontale,,,,,,,,,,,1,2,1,1.0,1
201300015303,0013-06-20 14:00:00,13,6,20,14,0,130,55,BD JEAN MOULIN,,,Plein jour,En agglomération,Hors intersection,Normale,Deux véhicules - arrière,,,,,,,,,,,1,2,1,1.0,2
201300015304,0013-07-18 10:00:00,13,7,18,10,0,130,55,"37, RUE DE LODI",43.29052,5.38617,Plein jour,En agglomération,Hors intersection,Normale,Deux véhicules - côté,,,,,,,,,,,1,2,1,1.0,3
201300015305,0013-07-24 08:10:00,13,7,24,8,10,130,55,"222, RUE SAINT PIERRE",43.29278,5.4001,Plein jour,En agglomération,Intersection à plus de 4 branches,Normale,Autre collision,,,,,,,,,,,1,2,5,1.0,6
201300015306,0013-07-29 07:15:00,13,7,29,7,15,130,55,"2, BD PAUL PEYTRAL",43.29057,5.37994,Plein jour,En agglomération,Hors intersection,Normale,Sans collision,,,,,,,,,,,1,2,1,1.0,7
201300015307,0013-06-28 16:25:00,13,6,28,16,25,130,55,AVE MILLIE MATHYS,,,Plein jour,En agglomération,Passage à niveau,Normale,Autre collision,,,,,,,,,,,1,2,8,1.0,6
201300015308,0013-07-19 19:45:00,13,7,19,19,45,130,55,"100, BD DANIELLE CASANOV",43.32526,5.37397,Plein jour,En agglomération,Hors intersection,Normale,Autre collision,,,,,,,,,,,1,2,1,1.0,6
201300015309,0013-07-29 19:07:00,13,7,29,19,7,130,55,"450, RUE PARADIS",43.27438,5.3848,Plein jour,En agglomération,Hors intersection,Normale,Autre collision,,,,,,,,,,,1,2,1,1.0,6
201300015310,0013-07-30 15:00:00,13,7,30,15,0,130,75,"1, JEAN GIONO (AVE)",,,Plein jour,En agglomération,Giratoire,Normale,Sans collision,,,,,,,,,,,1,2,6,1.0,7
201300015311,0013-06-11 18:30:00,13,6,11,18,30,130,106,"91, 8 MAI 1945 (AVENUE D",43.39214,5.36397,Plein jour,En agglomération,Hors intersection,Normale,Deux véhicules - arrière,,,,,,,,,,,1,2,1,1.0,2
201300015312,0013-07-19 23:15:00,13,7,19,23,15,130,55,"00, RUE DAUMIER",,,Nuit avec éclairage allumé,En agglomération,Hors intersection,Normale,Autre collision,,,,,,,,,,,5,2,1,1.0,6
201300015313,0013-08-09 02:42:00,13,8,9,2,42,130,55,"97, AVE DE LA CORSE",43.28935,5.3576,Nuit avec éclairage allumé,En agglomération,Intersection en X,Normale,Deux véhicules - côté,,,,,,,,,,,5,2,2,1.0,3
201300015314,0013-07-29 17:00:00,13,7,29,17,0,130,55,"19, BD HENRI BARNIER",43.37329,5.35412,Plein jour,En agglomération,Hors intersection,Normale,Deux véhicules - frontale,,,,,,,,,,,1,2,1,1.0,1
201300015315,0013-08-04 06:05:00,13,8,4,6,5,130,55,"27, RUE DU PANIER",43.29938,5.36794,Crépuscule ou aube,En agglomération,Intersection en X,Normale,Autre collision,,,,,,,,,,,2,2,2,1.0,6
201300015316,0013-08-06 12:15:00,13,8,6,12,15,130,55,"99, RUE CALLELONGUE",43.25562,5.39181,Plein jour,En agglomération,Hors intersection,Normale,Sans collision,,,,,,,,,,,1,2,1,1.0,7
201300015317,0013-04-26 08:30:00,13,4,26,8,30,130,55,"69, RUE PIERRE BERANGER",43.31205,5.44741,Plein jour,En agglomération,Hors intersection,Normale,Deux véhicules - arrière,,,,,,,,,,,1,2,1,1.0,2
201300015318,0013-08-11 21:20:00,13,8,11,21,20,130,55,AVE BENJAMIN DELESSERT,43.28233,5.40513,Nuit avec éclairage allumé,En agglomération,Intersection en X,Normale,Deux véhicules - côté,,,,,,,,,,,5,2,2,1.0,3
201300015319,0013-05-26 11:50:00,13,5,26,11,50,130,55,RUE DE LA BOISERAIE,,,Plein jour,En agglomération,Intersection en T,Normale,Deux véhicules - côté,,,,,,,,,,,1,2,3,1.0,3
201300015320,0013-07-01 13:30:00,13,7,1,13,30,130,55,"85, RUE AUGUSTIN AUBERT",43.26524,5.40364,Plein jour,En agglomération,Intersection en T,Pluie légère,Deux véhicules - côté,,,,,,,,,,,1,2,3,2.0,3
201300015321,0013-07-02 07:45:00,13,7,2,7,45,130,55,"151, BD MICHELET",43.26495,5.39555,Plein jour,En agglomération,Hors intersection,Normale,Deux véhicules - côté,,,,,,,,,,,1,2,1,1.0,3
201300015322,0013-07-20 14:00:00,13,7,20,14,0,130,55,"33, AVE CLOT BEY",43.26191,5.38766,Plein jour,En agglomération,Hors intersection,Normale,Sans collision,,,,,,,,,,,1,2,1,1.0,7
201300015323,0013-08-06 17:30:00,13,8,6,17,30,130,55,"274, AVE DES POILUS",43.31688,5.46072,Plein jour,En agglomération,Hors intersection,Normale,Deux véhicules - côté,,,,,,,,,,,1,2,1,1.0,3
201300015324,0013-08-09 10:30:00,13,8,9,10,30,130,55,"8, AVE JEAN LOMBARD",43.28983,5.42653,Plein jour,En agglomération,Hors intersection,Normale,Autre collision,,,,,,,,,,,1,2,1,1.0,6
201300015325,0013-08-01 14:00:00,13,8,1,14,0,130,55,AVE RAIMU,,,Plein jour,En agglomération,Hors intersection,Normale,Deux véhicules - côté,,,,,,,,,,,1,2,1,1.0,3
201300015326,0013-07-16 18:00:00,13,7,16,18,0,130,55,BD HENRI BARNIER,,,Plein jour,En agglomération,Hors intersection,Normale,Autre collision,,,,,,,,,,,1,2,1,1.0,6
201300015327,0013-06-20 14:00:00,13,6,20,14,0,130,55,"33, TRA MARDIROSSIAN",43.33711,5.36031,Plein jour,En agglomération,Hors intersection,Normale,Deux véhicules - côté,,,,,,,,,,,1,2,1,1.0,3
201300015328,0013-08-13 07:50:00,13,8,13,7,50,130,55,"309, RUE PIERRE DOIZE",43.2711,5.42551,Crépuscule ou aube,En agglomération,Hors intersection,Temps éblouissant,Autre collision,,,,,,,,,,,2,2,1,7.0,6
201300015329,0013-08-06 09:00:00,13,8,6,9,0,130,55,AVE DE SAINT MENET,,,Plein jour,En agglomération,Hors intersection,Normale,Deux véhicules - côté,,,,,,,,,,,1,2,1,1.0,3
201300015330,0013-08-15 15:00:00,13,8,15,15,0,130,55,AVE JEAN PAUL SARTRE,,,Plein jour,En agglomération,Hors intersection,Normale,Deux véhicules - frontale,,,,,,,,,,,1,2,1,1.0,1
201300015331,0013-08-07 16:35:00,13,8,7,16,35,130,2,"1, TAGARET (CHEMIN DE)",43.35611,5.48509,Plein jour,En agglomération,Hors intersection,Normale,Autre collision,,,,,,,,,,,1,2,1,1.0,6
201300015332,0013-08-08 09:10:00,13,8,8,9,10,130,55,RTE LEON LACHAMP,,,Plein jour,Hors agglomération,Hors intersection,Normale,Autre collision,,,,,,,,,,,1,1,1,1.0,6
201300015333,0013-08-03 22:45:00,13,8,3,22,45,130,55,"172, VOI LA CANEBIERE",43.29907,5.38529,Nuit avec éclairage allumé,En agglomération,Autre intersection,Normale,Deux véhicules - frontale,,,,,,,,,,,5,2,9,1.0,1
201300015334,0013-08-09 08:15:00,13,8,9,8,15,130,55,"27, RUE LEVAT",43.31031,5.38441,Plein jour,En agglomération,Hors intersection,Normale,Autre collision,,,,,,,,,,,1,2,1,1.0,6
201300015335,0013-08-09 16:15:00,13,8,9,16,15,130,55,"51, AVE ROGER SALENGRO",43.31204,5.37216,Plein jour,En agglomération,Hors intersection,Normale,Deux véhicules - côté,,,,,,,,,,,1,2,1,1.0,3
201300015336,0013-06-22 01:30:00,13,6,22,1,30,130,55,PCE JOSEPH VIDAL,43.24359,5.37043,Nuit avec éclairage allumé,En agglomération,Hors intersection,Normale,Autre collision,,,,,,,,,,,5,2,1,1.0,6
201300015337,0013-07-23 18:55:00,13,7,23,18,55,130,55,"20, BD DE LA CONCORDE",43.24981,5.40268,Plein jour,En agglomération,Hors intersection,Normale,Autre collision,,,,,,,,,,,1,2,1,1.0,6
201300015338,0013-05-30 15:50:00,13,5,30,15,50,130,55,"346, AVE DES*POILUS",43.31387,5.46292,Plein jour,En agglomération,Intersection en T,Normale,Deux véhicules - côté,,,,,,,,,,,1,2,3,1.0,3
201300015339,0013-06-11 16:10:00,13,6,11,16,10,130,55,"28, RTE LEON LACHAMP",43.2463,5.43203,Plein jour,En agglomération,Hors intersection,Normale,Deux véhicules - côté,,,,,,,,,,,1,2,1,1.0,3
201300015340,0013-03-27 23:05:00,13,3,27,23,5,130,55,Av DE SAINT*MENET,43.29303,5.49473,Nuit avec éclairage allumé,En agglomération,Intersection en Y,Normale,Deux véhicules - côté,,,,,,,,,,,5,2,4,1.0,3
201300015341,0013-07-31 20:00:00,13,7,31,20,0,130,55,"9, AVE DU MERLAN",43.33197,5.40656,Plein jour,En agglomération,Hors intersection,Normale,Autre collision,,,,,,,,,,,1,2,1,1.0,6
201300015342,0013-08-18 14:10:00,13,8,18,14,10,130,55,"5, AVE DE BOISBAUDRAN",43.34197,5.36936,Plein jour,En agglomération,Hors intersection,Normale,Autre collision,,,,,,,,,,,1,2,1,1.0,6
201300015343,0013-08-19 07:50:00,13,8,19,7,50,130,55,"221, BD PAUL CLAUDEL",43.26847,5.41927,Plein jour,En agglomération,Hors intersection,Normale,Deux véhicules - côté,,,,,,,,,,,1,2,1,1.0,3
201300015344,0013-05-13 18:40:00,13,5,13,18,40,130,55,"141, AVE DE HAMBOURG",43.247,5.3935,Plein jour,En agglomération,Hors intersection,Normale,Trois véhicules et plus - en chaîne,,,,,,,,,,,1,2,1,1.0,4
201300015345,0013-04-15 08:45:00,13,4,15,8,45,130,55,RTE D' ALLAUCHà aubagne,,,Plein jour,En agglomération,Hors intersection,Normale,Deux véhicules - côté,,,,,,,,,,,1,2,1,1.0,3
201300015346,0013-06-26 07:30:00,13,6,26,7,30,130,55,AVE DES PEINTRES ROUX,,,Plein jour,En agglomération,Hors intersection,Normale,Trois véhicules et plus - collisions multiples,,,,,,,,,,,1,2,1,1.0,5
201300015347,0013-08-07 11:10:00,13,8,7,11,10,130,55,"59, BD DE PONT DE VIVAUX",43.28019,5.4196,Plein jour,En agglomération,Hors intersection,Normale,Autre collision,,,,,,,,,,,1,2,1,1.0,6
201300015348,0013-08-02 17:00:00,13,8,2,17,0,130,55,"00, RUE FELIX EBOUE",,,Plein jour,En agglomération,Hors intersection,Normale,Autre collision,,,,,,,,,,,1,2,1,1.0,6
201300015349,0013-08-13 21:15:00,13,8,13,21,15,130,55,"1, RUE SAINT BRUNO",43.30577,5.40155,Nuit avec éclairage allumé,En agglomération,Intersection en X,Normale,Deux véhicules - côté,,,,,,,,,,,5,2,2,1.0,3
201300015350,0013-07-19 09:30:00,13,7,19,9,30,130,55,"27, BD CAMILLE FLAMMARIO",43.3048,5.39048,Plein jour,En agglomération,Hors intersection,Normale,Autre collision,,,,,,,,,,,1,2,1,1.0,6
201300015351,0013-07-24 17:30:00,13,7,24,17,30,130,55,"78, BD FRANCOISE DUPARC",43.30439,5.40095,Plein jour,En agglomération,Hors intersection,Normale,Autre collision,,,,,,,,,,,1,2,1,1.0,6
201300015352,0013-07-02 18:15:00,13,7,2,18,15,130,55,"154, AVE DE SAINT LOUIS",43.34843,5.35894,Plein jour,En agglomération,Hors intersection,Normale,Deux véhicules - côté,,,,,,,,,,,1,2,1,1.0,3
201300015353,0013-08-03 18:30:00,13,8,3,18,30,130,55,"00, RUE JEAN QUEILLAU",,,Plein jour,En agglomération,Hors intersection,Normale,Autre collision,,,,,,,,,,,1,2,1,1.0,6
201300015354,0013-08-23 13:00:00,13,8,23,13,0,130,55,"76, BD DE PLOMBIERES",43.31617,5.38431,Plein jour,En agglomération,Hors intersection,Normale,Deux véhicules - côté,,,,,,,,,,,1,2,1,1.0,3
201300015355,0013-08-25 17:45:00,13,8,25,17,45,130,55,"54, BD DE LA VALBARELLE",43.28687,5.44574,Plein jour,En agglomération,Hors intersection,Normale,Deux véhicules - arrière,,,,,,,,,,,1,2,1,1.0,2
201300015356,0013-08-12 14:20:00,13,8,12,14,20,130,55,"29, AVE DE MONTREDON",43.24447,5.37207,Plein jour,En agglomération,Intersection en Y,Normale,Deux véhicules - côté,,,,,,,,,,,1,2,4,1.0,3
201300015357,0013-08-05 12:00:00,13,8,5,12,0,130,55,BD DU BOSPHORE,,,Plein jour,En agglomération,Hors intersection,Normale,Deux véhicules - arrière,,,,,,,,,,,1,2,1,1.0,2