accident_id,datetime,annee,mois,jour,heure,minute,departement,commune_insee,adresse,latitude,longitude,luminosite,agglomeration,intersection,meteo,collision,nb_vehicules,nb_usagers,nb_indemnes,nb_tues,nb_blesses_hosp,nb_blesses_legers,age_cond_1,age_cond_2,veh_type_cond_1,veh_type_cond_2,lum_code,agg_code,int_code,atm_code,col_code
201300015479,0013-09-10 17:45:00,13,9,10,17,45,130,55,"77, AVE JEAN LOMBARD",43.28903,5.43424,Plein jour,En agglomération,Hors intersection,Normale,Deux véhicules - côté,,,,,,,,,,,1,2,1,1.0,3
201300015480,0013-09-12 15:10:00,13,9,12,15,10,130,55,"2, BD SAKAKINI",43.29954,5.40074,Plein jour,En agglomération,Hors intersection,Normale,Autre collision,,,,,,,,,,,1,2,1,1.0,6
201300015481,0013-09-06 19:30:00,13,9,6,19,30,130,55,"2, QAI DES BELGES",43.29606,5.37401,Plein jour,En agglomération,Hors intersection,Normale,Autre collision,,,,,,,,,,,1,2,1,1.0,6
201300015482,0013-08-10 21:15:00,13,8,10,21,15,130,55,"3, RUE RODOLPHE POLLAK",43.29537,5.37971,Nuit avec éclairage allumé,En agglomération,Hors intersection,Normale,Autre collision,,,,,,,,,,,5,2,1,1.0,6
201300015483,0013-09-07 20:15:00,13,9,7,20,15,130,55,"190, AVE DES CHARTREUX",43.31001,5.40072,Nuit avec éclairage allumé,En agglomération,Hors intersection,Normale,Deux véhicules - côté,,,,,,,,,,,5,2,1,1.0,3
201300015484,0013-07-20 13:35:00,13,7,20,13,35,130,55,BD DES BASSINS DE RADOUB,,,Plein jour,En agglomération,Hors intersection,Normale,Deux véhicules - arrière,,,,,,,,,,,1,2,1,1.0,2
201300015485,0013-06-10 22:30:00,13,6,10,22,30,130,55,BD MIRABEAU,43.31454,5.37053,Nuit avec éclairage allumé,En agglomération,Intersection en T,Normale,Deux véhicules - côté,,,,,,,,,,,5,2,3,1.0,3
201300015486,0013-09-04 12:20:00,13,9,4,12,20,130,55,RUE DU CARGO RHIN FIDELI,,,Plein jour,En agglomération,Hors intersection,Normale,Deux véhicules - côté,,,,,,,,,,,1,2,1,1.0,3
201300015487,0013-09-05 08:10:00,13,9,5,8,10,130,55,"91, CHE DU MERLAN A LA R",43.33044,5.41235,Plein jour,Hors agglomération,Hors intersection,Normale,Autre collision,,,,,,,,,,,1,1,1,1.0,6
201300015488,0013-09-03 07:20:00,13,9,3,7,20,130,55,AVE DE CHATEAU GOMBERT,43.35184,5.43447,Crépuscule ou aube,En agglomération,Intersection en T,Temps éblouissant,Autre collision,,,,,,,,,,,2,2,3,7.0,6
201300015489,0013-09-04 10:20:00,13,9,4,10,20,130,55,BD DE PLOMBIERES,,,Plein jour,En agglomération,Hors intersection,Normale,Deux véhicules - arrière,,,,,,,,,,,1,2,1,1.0,2
201300015490,0013-09-02 13:00:00,13,9,2,13,0,130,55,RUE AUGUSTIN ROUX,43.34825,5.36236,Plein jour,En agglomération,Intersection en X,Normale,Deux véhicules - côté,,,,,,,,,,,1,2,2,1.0,3
201300015491,0013-08-08 14:15:00,13,8,8,14,15,130,55,"170, COR PRESIDENT JOHN",43.2808,5.35224,Plein jour,En agglomération,Hors intersection,Normale,Deux véhicules - arrière,,,,,,,,,,,1,2,1,1.0,2
201300015492,0013-09-04 13:20:00,13,9,4,13,20,130,55,"18, AVE DE LA CORSE",43.28959,5.36486,Plein jour,En agglomération,Hors intersection,Normale,Deux véhicules - arrière,,,,,,,,,,,1,2,1,1.0,2
201300015493,0013-08-07 12:15:00,13,8,7,12,15,130,55,"1, CHE DE SAINT ANTOINE",43.36567,5.35681,Plein jour,En agglomération,Hors intersection,Normale,Deux véhicules - arrière,,,,,,,,,,,1,2,1,1.0,2
201300015494,0013-08-31 22:30:00,13,8,31,22,30,130,55,"103, BD DE LA BLANCARDE",43.30319,5.40312,Nuit avec éclairage allumé,En agglomération,Intersection en T,Normale,Deux véhicules - côté,,,,,,,,,,,5,2,3,1.0,3
201300015495,0013-08-28 12:50:00,13,8,28,12,50,130,55,"90, AVE DU PRADO",43.28193,5.38598,Plein jour,En agglomération,Hors intersection,Normale,Autre collision,,,,,,,,,,,1,2,1,1.0,6
201300015496,0013-09-03 17:00:00,13,9,3,17,0,130,55,"189, BD ROMAIN ROLLAND",43.27556,5.41679,Plein jour,En agglomération,Hors intersection,Normale,Autre collision,,,,,,,,,,,1,2,1,1.0,6
201300015497,0013-05-14 13:10:00,13,5,14,13,10,130,55,"43, AVE DE LA POINTE ROU",43.24769,5.37447,Plein jour,En agglomération,Hors intersection,Normale,Autre collision,,,,,,,,,,,1,2,1,1.0,6
201300015498,0013-09-06 15:00:00,13,9,6,15,0,130,55,"69, AVE D' HAIFA",43.25113,5.39024,Plein jour,En agglomération,Hors intersection,Normale,Sans collision,,,,,,,,,,,1,2,1,1.0,7
201300015499,0013-09-13 00:01:00,13,9,13,0,1,130,55,"440, AVE DE LATTRE DE TA",43.24484,5.42746,Nuit avec éclairage allumé,En agglomération,Giratoire,Normale,Sans collision,,,,,,,,,,,5,2,6,1.0,7
201300015500,0013-08-19 19:45:00,13,8,19,19,45,130,55,"68, RTE DES CAMOINS",43.29732,5.49558,Crépuscule ou aube,En agglomération,Hors intersection,Normale,Autre collision,,,,,,,,,,,2,2,1,1.0,6
201300015501,0013-09-03 18:00:00,13,9,3,18,0,130,55,"3, AVE DU VINGT QUATRE A",43.3077,5.42552,Plein jour,En agglomération,Hors intersection,Normale,Autre collision,,,,,,,,,,,1,2,1,1.0,6
201300015502,0013-07-04 08:20:00,13,7,4,8,20,130,55,"0, BD DES ACIERIES",43.27625,5.40472,Plein jour,En agglomération,Intersection en T,Normale,Deux véhicules - côté,,,,,,,,,,,1,2,3,1.0,3
201300015503,0013-09-04 08:00:00,13,9,4,8,0,130,55,"200, AVE DE LA ROSE",43.32911,5.4274,Plein jour,En agglomération,Hors intersection,Normale,Autre collision,,,,,,,,,,,1,2,1,1.0,6
201300015504,0013-09-03 14:53:00,13,9,3,14,53,130,55,"56, BD DE PLOMBIERES",43.3158,5.38516,Plein jour,En agglomération,Hors intersection,Normale,Deux véhicules - arrière,,,,,,,,,,,1,2,1,1.0,2
201300015505,0013-09-05 07:55:00,13,9,5,7,55,130,55,"34, RUE LE PELLETIER",43.36264,5.32064,Plein jour,En agglomération,Hors intersection,Temps éblouissant,Autre collision,,,,,,,,,,,1,2,1,7.0,6
201300015506,0013-09-03 11:50:00,13,9,3,11,50,130,55,"00, BD JEAN MOULIN",,,Plein jour,En agglomération,Hors intersection,Normale,Autre collision,,,,,,,,,,,1,2,1,1.0,6
201300015507,0013-09-04 19:10:00,13,9,4,19,10,130,55,"00, BD ROMAIN ROLLAND",,,Plein jour,En agglomération,Hors intersection,Normale,Deux véhicules - arrière,,,,,,,,,,,1,2,1,1.0,2
201300015508,0013-09-03 16:30:00,13,9,3,16,30,130,55,"00, AVE DU PRADO",,,Plein jour,En agglomération,Hors intersection,Normale,Autre collision,,,,,,,,,,,1,2,1,1.0,6
201300015509,0013-08-11 18:30:00,13,8,11,18,30,130,55,"00, BD BAILLE",,,Plein jour,En agglomération,Hors intersection,Normale,Autre collision,,,,,,,,,,,1,2,1,1.0,6
201300015510,0013-09-16 15:52:00,13,9,16,15,52,130,55,"8, RUE BRETEUIL",43.29241,5.37495,Plein jour,En agglomération,Intersection en X,Normale,Autre collision,,,,,,,,,,,1,2,2,1.0,6
201300015511,0013-09-10 21:05:00,13,9,10,21,5,130,55,"20, ALL LEON GAMBETTA",43.29909,5.38203,Nuit avec éclairage allumé,En agglomération,Hors intersection,Normale,Autre collision,,,,,,,,,,,5,2,1,1.0,6
201300015512,0013-09-05 06:20:00,13,9,5,6,20,130,55,BD SAKAKINI,,,Plein jour,En agglomération,Hors intersection,Normale,Deux véhicules - côté,,,,,,,,,,,1,2,1,1.0,3
201300015513,0013-09-11 12:05:00,13,9,11,12,5,130,55,"253, AVE DE LA CAPELETTE",43.27914,5.41203,Plein jour,En agglomération,Hors intersection,Normale,Deux véhicules - côté,,,,,,,,,,,1,2,1,1.0,3
201300015514,0013-09-06 07:15:00,13,9,6,7,15,130,55,"104, RTE LEON LACHAMP",43.24889,5.44212,Plein jour,Hors agglomération,Hors intersection,Normale,Deux véhicules - côté,,,,,,,,,,,1,1,1,1.0,3
201300015515,0013-09-11 06:45:00,13,9,11,6,45,130,55,"0, BD BELLEVUE DE LA BAR",43.28467,5.48566,Crépuscule ou aube,En agglomération,Intersection en T,Normale,Deux véhicules - côté,,,,,,,,,,,2,2,3,1.0,3
201300015516,0013-09-02 11:45:00,13,9,2,11,45,130,55,"35, RUE GRAND RUE",43.33546,5.45113,Plein jour,En agglomération,Hors intersection,Normale,Autre collision,,,,,,,,,,,1,2,1,1.0,6
201300015517,0013-09-10 16:55:00,13,9,10,16,55,130,55,"29, AVE ALEXANDRE FLEMIN",43.3151,5.40294,Plein jour,En agglomération,Hors intersection,Normale,Trois véhicules et plus - en chaîne,,,,,,,,,,,1,2,1,1.0,4
201300015518,0013-09-11 07:45:00,13,9,11,7,45,130,55,"344, AVE DE SAINT ANTOIN",43.37739,5.35654,Plein jour,En agglomération,Hors intersection,Normale,Deux véhicules - arrière,,,,,,,,,,,1,2,1,1.0,2
201300015519,0013-09-11 15:15:00,13,9,11,15,15,130,55,BD PAUL ARENE,43.31863,5.38246,Plein jour,En agglomération,Hors intersection,Normale,Autre collision,,,,,,,,,,,1,2,1,1.0,6
201300015520,0013-08-31 10:30:00,13,8,31,10,30,130,55,"50, BD AGUILLON",43.2658,5.41155,Plein jour,En agglomération,Hors intersection,Normale,Sans collision,,,,,,,,,,,1,2,1,1.0,7
201300015521,0013-07-16 12:10:00,13,7,16,12,10,130,2,"520, SALVATORE ALLENDE (",43.35264,5.48205,Plein jour,Hors agglomération,Hors intersection,Normale,Deux véhicules - arrière,,,,,,,,,,,1,1,1,1.0,2
201300015522,0013-09-10 08:30:00,13,9,10,8,30,130,2,GENERAL MONTSABERT (AVEN,,,Plein jour,En agglomération,Hors intersection,Normale,Deux véhicules - arrière,,,,,,,,,,,1,2,1,1.0,2
201300015523,0013-08-21 15:30:00,13,8,21,15,30,130,55,"25, QAI DE LA JOLIETTE",43.30109,5.36413,Plein jour,En agglomération,Intersection en T,Normale,Trois véhicules et plus - collisions multiples,,,,,,,,,,,1,2,3,1.0,5
201300015524,0013-08-30 09:30:00,13,8,30,9,30,130,55,CH DU LITTORAL,43.33999,5.34846,Plein jour,En agglomération,Intersection en X,Normale,Deux véhicules - côté,,,,,,,,,,,1,2,2,1.0,3
201300015525,0013-09-03 10:30:00,13,9,3,10,30,130,55,"46, BD ODDO",43.32839,5.36228,Plein jour,En agglomération,Intersection en T,Normale,Deux véhicules - côté,,,,,,,,,,,1,2,3,1.0,3
201300015526,0013-09-13 09:10:00,13,9,13,9,10,130,55,CHE DU MERLAN A LA ROSE,,,Plein jour,En agglomération,Hors intersection,Normale,Autre collision,,,,,,,,,,,1,2,1,1.0,6
201300015527,0013-09-03 10:15:00,13,9,3,10,15,130,55,CHE DE LA COMMANDERIE,43.33935,5.36253,Plein jour,En agglomération,Hors intersection,Normale,Autre collision,,,,,,,,,,,1,2,1,1.0,6
201300015528,0013-06-19 12:25:00,13,6,19,12,25,130,55,"123, BD ROMAIN ROLLAND",43.27691,5.41927,Plein jour,En agglomération,Hors intersection,Normale,Autre collision,,,,,,,,,,,1,2,1,1.0,6
201300015529,0013-08-31 16:30:00,13,8,31,16,30,130,55,"344, AVE DE SAINT ANTOIN",43.37741,5.35653,Plein jour,En agglomération,Hors intersection,Normale,Deux véhicules - côté,,,,,,,,,,,1,2,1,1.0,3
201300015530,0013-09-20 01:15:00,13,9,20,1,15,130,55,"168, AVE CLOT BEY",43.25565,5.38228,Nuit avec éclairage allumé,En agglomération,Hors intersection,Normale,Deux véhicules - frontale,,,,,,,,,,,5,2,1,1.0,1
201300015531,0013-09-21 20:20:00,13,9,21,20,20,130,55,"102, AVE DE LA VISTE",43.35846,5.3576,Nuit avec éclairage allumé,En agglomération,Hors intersection,Normale,Deux véhicules - côté,,,,,,,,,,,5,2,1,1.0,3
201300015532,0013-09-21 19:00:00,13,9,21,19,0,130,55,"38, BD DE SAINTE MARGUER",43.26866,5.40415,Nuit avec éclairage allumé,En agglomération,Hors intersection,Normale,Deux véhicules - arrière,,,,,,,,,,,5,2,1,1.0,2
201300015533,0013-09-25 13:30:00,13,9,25,13,30,130,55,"375, CHE DE LA MADRAGUE",43.33942,5.35572,Plein jour,En agglomération,Hors intersection,Normale,Autre collision,,,,,,,,,,,1,2,1,1.0,6
201300015534,0013-06-20 16:45:00,13,6,20,16,45,130,55,"66, BD BAILLE",43.28728,5.38892,Plein jour,En agglomération,Hors intersection,Normale,Autre collision,,,,,,,,,,,1,2,1,1.0,6
201300015535,0013-09-04 12:30:00,13,9,4,12,30,130,55,"116, BD BAILLE",43.28793,5.39136,Plein jour,En agglomération,Hors intersection,Normale,Autre collision,,,,,,,,,,,1,2,1,1.0,6
201300015536,0013-09-10 16:00:00,13,9,10,16,0,130,55,COR PRESIDENT JOHN F KEN,43.2753,5.36,Plein jour,En agglomération,Hors intersection,Normale,Autre collision,,,,,,,,,,,1,2,1,1.0,6
201300015537,0013-09-12 07:55:00,13,9,12,7,55,130,55,AVE ALEXANDRE FLEMING,,,Plein jour,En agglomération,Hors intersection,Normale,Deux véhicules - arrière,,,,,,,,,,,1,2,1,1.0,2
201300015538,0013-09-12 11:30:00,13,9,12,11,30,130,55,"94, RUE SAINT SAVOURNIN",43.29635,5.38688,Plein jour,En agglomération,Intersection en T,Normale,Deux véhicules - côté,,,,,,,,,,,1,2,3,1.0,3
201300015539,0013-09-18 19:20:00,13,9,18,19,20,130,55,"34, RUE NATIONALE",43.29969,5.37806,Plein jour,En agglomération,Hors intersection,Normale,Autre collision,,,,,,,,,,,1,2,1,1.0,6
201300015540,0013-06-12 16:30:00,13,6,12,16,30,130,55,"2, BD DE PONT DE VIVAUX",43.27957,5.41726,Plein jour,En agglomération,Hors intersection,Normale,Deux véhicules - arrière,,,,,,,,,,,1,2,1,1.0,2
201300015541,0013-09-12 21:30:00,13,9,12,21,30,130,55,"130, AVE DU VINGT QUATRE",43.30805,5.43456,Nuit avec éclairage allumé,En agglomération,Hors intersection,Normale,Deux véhicules - côté,,,,,,,,,,,5,2,1,1.0,3
201300015542,0013-09-13 01:15:00,13,9,13,1,15,130,106,HAUTE BEDOULE (CHEMIN DE,,,Nuit avec éclairage allumé,En agglomération,Hors intersection,Normale,Deux véhicules - côté,,,,,,,,,,,5,2,1,1.0,3
201300015543,0013-09-19 19:50:00,13,9,19,19,50,130,55,"1, CHE DES BOURRELY",43.37379,5.3566,Nuit sans éclairage public,En agglomération,Hors intersection,Normale,Autre collision,,,,,,,,,,,3,2,1,1.0,6
201300015544,0013-02-06 19:15:00,13,2,6,19,15,130,55,"40, RUE DE LYON",43.32471,5.36714,Plein jour,En agglomération,Hors intersection,Normale,Autre collision,,,,,,,,,,,1,2,1,1.0,6
201300015545,0013-09-07 14:15:00,13,9,7,14,15,130,55,RUE DE LA MAURELLE,,,Plein jour,En agglomération,Hors intersection,Normale,Autre collision,,,,,,,,,,,1,2,1,1.0,6
201300015546,0013-09-14 12:25:00,13,9,14,12,25,130,55,"00, RTE DE LA SABLIERE",,,Plein jour,En agglomération,Hors intersection,Normale,Deux véhicules - arrière,,,,,,,,,,,1,2,1,1.0,2
201300015547,0013-09-05 17:45:00,13,9,5,17,45,130,55,"00, BD FERDINAND DE LESS",,,Plein jour,En agglomération,Hors intersection,Normale,Deux véhicules - arrière,,,,,,,,,,,1,2,1,1.0,2
201300015548,0013-09-10 12:30:00,13,9,10,12,30,130,55,"00, CHE DU LITTORAL",,,Plein jour,En agglomération,Hors intersection,Normale,Deux véhicules - arrière,,,,,,,,,,,1,2,1,1.0,2
201300015549,0013-09-03 12:00:00,13,9,3,12,0,130,55,"45, RUE SAINTE",43.29227,5.37432,Plein jour,En agglomération,Hors intersection,Normale,Autre collision,,,,,,,,,,,1,2,1,1.0,6
201300015550,0013-09-12 08:30:00,13,9,12,8,30,130,55,CHE DU LITTORAL,43.35784,5.32139,Plein jour,En agglomération,Hors intersection,Normale,Deux véhicules - arrière,,,,,,,,,,,1,2,1,1.0,2
201300015551,0013-08-31 23:55:00,13,8,31,23,55,130,55,"201, AVE PIERRE MENDES F",43.25155,5.37571,Nuit avec éclairage allumé,En agglomération,Hors intersection,Normale,Deux véhicules - arrière,,,,,,,,,,,5,2,1,1.0,2
201300015552,0013-09-03 12:30:00,13,9,3,12,30,130,55,"46, BD EDOUARD HERRIOT",43.2721,5.38793,Plein jour,En agglomération,Hors intersection,Normale,Deux véhicules - arrière,,,,,,,,,,,1,2,1,1.0,2
201300015553,0013-09-05 07:30:00,13,9,5,7,30,130,55,"314, AVE DU PRADO",43.27221,5.39087,Plein jour,En agglomération,Hors intersection,Normale,Deux véhicules - côté,,,,,,,,,,,1,2,1,1.0,3
201300015554,0013-09-12 13:00:00,13,9,12,13,0,130,55,"45, TRA PARANGON",43.24337,5.37983,Plein jour,En agglomération,Hors intersection,Normale,Deux véhicules - arrière,,,,,,,,,,,1,2,1,1.0,2
201300015555,0013-09-12 19:15:00,13,9,12,19,15,130,55,"22, BD DE SAINT MARCEL",43.28866,5.4569,Plein jour,En agglomération,Hors intersection,Normale,Deux véhicules - côté,,,,,,,,,,,1,2,1,1.0,3
201300015556,0013-09-18 17:45:00,13,9,18,17,45,130,55,"122, AVE DE HAMBOURG",43.24972,5.38986,Plein jour,En agglomération,Hors intersection,Normale,Autre collision,,,,,,,,,,,1,2,1,1.0,6
201300015557,0013-05-21 17:00:00,13,5,21,17,0,130,55,"390, BD MICHELET",43.25512,5.40113,Plein jour,En agglomération,Hors intersection,Normale,Autre collision,,,,,,,,,,,1,2,1,1.0,6
201300015558,0013-06-24 13:15:00,13,6,24,13,15,130,55,"262, AVE DE MAZARGUES",43.26247,5.39319,Plein jour,En agglomération,Hors intersection,Normale,Trois véhicules et plus - en chaîne,,,,,,,,,,,1,2,1,1.0,4
201300015559,0013-08-02 07:00:00,13,8,2,7,0,130,55,BD JEAN MOULIN,,,Plein jour,En agglomération,Hors intersection,Normale,Trois véhicules et plus - collisions multiples,,,,,,,,,,,1,2,1,1.0,5
201300015560,0013-08-23 14:30:00,13,8,23,14,30,130,55,".., AVE RAMPAL",43.31788,5.44552,Plein jour,En agglomération,Intersection en T,Normale,Deux véhicules - côté,,,,,,,,,,,1,2,3,1.0,3
201300015561,0013-09-15 14:00:00,13,9,15,14,0,130,55,"1, RUE JEAN MERMOZ",43.27459,5.38682,Plein jour,En agglomération,Intersection en X,Normale,Deux véhicules - côté,,,,,,,,,,,1,2,2,1.0,3
201300015562,0013-09-11 16:30:00,13,9,11,16,30,130,55,"300, BD.*MICHELET",43.25876,5.39902,Plein jour,En agglomération,Intersection en X,Normale,Deux véhicules - côté,,,,,,,,,,,1,2,2,1.0,3
201300015563,0013-09-15 17:15:00,13,9,15,17,15,130,55,"97, RUE DE LA GRANIERE",43.2851,5.46021,Plein jour,En agglomération,Hors intersection,Normale,Autre collision,,,,,,,,,,,1,2,1,1.0,6
201300015564,0013-09-18 13:30:00,13,9,18,13,30,130,55,"120, RUE SAINT JEAN DU D",43.2954,5.43332,Plein jour,En agglomération,Hors intersection,Normale,Autre collision,,,,,,,,,,,1,2,1,1.0,6
201300015565,0013-09-06 15:30:00,13,9,6,15,30,130,55,"180, AVE DU PRADO",43.27792,5.38824,Plein jour,En agglomération,Hors intersection,Normale,Autre collision,,,,,,,,,,,1,2,1,1.0,6
201300015566,0013-08-29 10:20:00,13,8,29,10,20,130,55,"22, CHE DE PALAMA",43.35317,5.43806,Plein jour,En agglomération,Hors intersection,Normale,Autre collision,,,,,,,,,,,1,2,1,1.0,6
201300015567,0013-07-05 10:15:00,13,7,5,10,15,130,55,"8, PCE DU MARCHE",43.31824,5.36918,Plein jour,En agglomération,Intersection en X,Normale,Autre collision,,,,,,,,,,,1,2,2,1.0,6
201300015568,0013-07-08 20:30:00,13,7,8,20,30,130,55,"163, BD NATIONAL",43.30844,5.381,Plein jour,En agglomération,Hors intersection,Normale,Autre collision,,,,,,,,,,,1,2,1,1.0,6
201300015569,0013-08-24 00:25:00,13,8,24,0,25,130,55,AVE ALEXANDRE FLEMING,,,Nuit avec éclairage allumé,En agglomération,Hors intersection,Normale,Deux véhicules - arrière,,,,,,,,,,,5,2,1,1.0,2
201300015570,0013-09-25 17:30:00,13,9,25,17,30,130,55,RTE LEON LACHAMP,,,Plein jour,Hors agglomération,Hors intersection,Normale,Trois véhicules et plus - collisions multiples,,,,,,,,,,,1,1,1,1.0,5
201300015571,0013-08-16 19:00:00,13,8,16,19,0,130,55,"64, CHE DU MERLAN A LA R",43.32991,5.41357,Plein jour,En agglomération,Hors intersection,Normale,Deux véhicules - arrière,,,,,,,,,,,1,2,1,1.0,2
201300015572,0013-09-13 13:15:00,13,9,13,13,15,130,55,AVE JEAN PAUL SARTRE,43.32517,5.42326,Plein jour,En agglomération,Intersection en X,Normale,Sans collision,,,,,,,,,,,1,2,2,1.0,7
201300015573,0013-01-15 16:45:00,13,1,15,16,45,130,55,"83, CHE DE SAINT ANTOINE",43.35494,5.3706,Plein jour,En agglomération,Hors intersection,Normale,Deux véhicules - frontale,,,,,,,,,,,1,2,1,1.0,1
201300015574,0013-09-06 12:15:00,13,9,6,12,15,130,55,CV DU RUISSEAU MIRABEAU,,,Plein jour,En agglomération,Hors intersection,Normale,Autre collision,,,,,,,,,,,1,2,1,1.0,6
201300015575,0013-09-09 15:45:00,13,9,9,15,45,130,55,AVE JENNY HELIA,43.36613,5.35499,Plein jour,En agglomération,Hors intersection,Normale,Deux véhicules - côté,,,,,,,,,,,1,2,1,1.0,3
201300015576,0013-09-13 14:00:00,13,9,13,14,0,130,55,PRK PLAGE DE L'ESTAQUE,43.35955,5.31701,Plein jour,En agglomération,Hors intersection,Normale,Deux véhicules - frontale,,,,,,,,,,,1,2,1,1.0,1
201300015577,0013-09-04 08:15:00,13,9,4,8,15,130,55,"20, RUE LOUBON",43.31184,5.37896,Plein jour,En agglomération,Hors intersection,Normale,Sans collision,,,,,,,,,,,1,2,1,1.0,7
201300015578,0013-09-13 09:15:00,13,9,13,9,15,130,55,RUE DE CRIMEE,43.30791,5.3796,Plein jour,En agglomération,Intersection en X,Normale,Deux véhicules - côté,,,,,,,,,,,1,2,2,1.0,3
201300015579,0013-09-13 14:50:00,13,9,13,14,50,130,2,ETIENNE CUCCA-CD908 (AVE,43.35787,5.4912,Plein jour,Hors agglomération,Hors intersection,Normale,Sans collision,,,,,,,,,,,1,1,1,1.0,7
201300015580,0013-09-15 09:15:00,13,9,15,9,15,130,55,"13, RUE DU MARCHE",43.31824,5.36918,Plein jour,En agglomération,Intersection en X,Pluie légère,Deux véhicules - côté,,,,,,,,,,,1,2,2,2.0,3
201300015581,0013-09-29 19:25:00,13,9,29,19,25,130,55,CHE DE L ARMEE D AFRIQUE,43.28658,5.41554,Plein jour,En agglomération,Hors intersection,Normale,Autre collision,,,,,,,,,,,1,2,1,1.0,6
201300015582,0013-09-27 15:49:00,13,9,27,15,49,130,55,"20, BD DU COMMANDANT FIN",43.33108,5.38503,Plein jour,En agglomération,Hors intersection,Normale,Autre collision,,,,,,,,,,,1,2,1,1.0,6
201300015583,0013-09-19 10:00:00,13,9,19,10,0,130,55,"163, BD DE DUNKERQUE",,,Plein jour,Hors agglomération,Hors intersection,Normale,Deux véhicules - côté,,,,,,,,,,,1,1,1,1.0,3
201300015584,0013-09-22 17:00:00,13,9,22,17,0,130,55,"42, AVE CAMILLE PELLETAN",43.3039,5.37356,Plein jour,En agglomération,Hors intersection,Normale,Autre collision,,,,,,,,,,,1,2,1,1.0,6
201300015585,0013-09-27 15:40:00,13,9,27,15,40,130,55,"120, AVE DES CHARTREUX",43.30669,5.39969,Plein jour,En agglomération,Hors intersection,Normale,Deux véhicules - frontale,,,,,,,,,,,1,2,1,1.0,1
201300015586,0013-09-27 19:20:00,13,9,27,19,20,130,55,"65, RUE DE GENES",43.28265,5.38597,Plein jour,En agglomération,Hors intersection,Normale,Autre collision,,,,,,,,,,,1,2,1,1.0,6
201300015587,0013-08-13 17:50:00,13,8,13,17,50,130,55,BD DE LA BARASSE RN 8,43.28586,5.47937,Plein jour,En agglomération,Hors intersection,Normale,Autre collision,,,,,,,,,,,1,2,1,1.0,6
201300015588,0013-06-07 12:30:00,13,6,7,12,30,130,55,"0, CR DE LA VALBARELLE A",43.28617,5.44346,Plein jour,En agglomération,Hors intersection,Normale,Deux véhicules - côté,,,,,,,,,,,1,2,1,1.0,3
201300015589,0013-07-20 22:30:00,13,7,20,22,30,130,55,AVE DU MARCHE NATIONAL,43.34114,5.37694,Nuit avec éclairage allumé,Hors agglomération,Intersection en X,Normale,Deux véhicules - côté,,,,,,,,,,,5,1,2,1.0,3
201300015590,0013-09-12 19:00:00,13,9,12,19,0,130,55,"63, AVE DES CAMOINS",43.30538,5.51165,Plein jour,En agglomération,Hors intersection,Normale,Deux véhicules - côté,,,,,,,,,,,1,2,1,1.0,3
201300015591,0013-07-06 09:30:00,13,7,6,9,30,130,55,CHE DE LA GRAVE,43.3461,5.44843,Plein jour,En agglomération,Hors intersection,Normale,Autre collision,,,,,,,,,,,1,2,1,1.0,6
201300015592,0013-07-16 10:30:00,13,7,16,10,30,130,55,"34, BD FERDINAND DE LESS",43.32057,5.37329,Plein jour,En agglomération,Hors intersection,Normale,Deux véhicules - côté,,,,,,,,,,,1,2,1,1.0,3
201300015593,0013-09-20 17:15:00,13,9,20,17,15,130,55,"1, AVE JEAN PAUL SARTRE",43.32209,5.41773,Plein jour,En agglomération,Hors intersection,Normale,Deux véhicules - côté,,,,,,,,,,,1,2,1,1.0,3
201300015594,0013-09-10 17:00:00,13,9,10,17,0,130,55,"00, RUE DE LYON",43.34252,5.35968,Plein jour,En agglomération,Intersection en T,Normale,Autre collision,,,,,,,,,,,1,2,3,1.0,6
201300015595,0013-09-30 21:00:00,13,9,30,21,0,130,55,"200, COR PRESIDENT JOHN",43.2753,5.36001,Nuit avec éclairage allumé,En agglomération,Hors intersection,Normale,Autre collision,,,,,,,,,,,5,2,1,1.0,6
201300015596,0013-09-25 16:00:00,13,9,25,16,0,130,55,"0, BD CHARLES NEDELEC",,,Plein jour,En agglomération,Hors intersection,Normale,Autre collision,,,,,,,,,,,1,2,1,1.0,6
201300015597,0013-09-30 14:05:00,13,9,30,14,5,130,55,"256, BD BAILLE",43.28987,5.39847,Plein jour,En agglomération,Hors intersection,Normale,Autre collision,,,,,,,,,,,1,2,1,1.0,6
201300015598,0013-10-02 07:00:00,13,10,2,7,0,130,55,"82, BD MICHELET",43.26819,5.39372,Plein jour,En agglomération,Hors intersection,Normale,Trois véhicules et plus - collisions multiples,,,,,,,,,,,1,2,1,1.0,5
201300015599,0013-04-01 17:20:00,13,4,1,17,20,130,55,CHE DE SAINT JOSEPH A SA,43.34001,5.38801,Plein jour,En agglomération,Intersection en Y,Pluie forte,Deux véhicules - côté,,,,,,,,,,,1,2,4,3.0,3
201300015600,0013-09-30 17:55:00,13,9,30,17,55,130,55,"5, TRA DU COLONEL",43.31917,5.38967,Plein jour,En agglomération,Hors intersection,Normale,Autre collision,,,,,,,,,,,1,2,1,1.0,6
201300015601,0013-09-30 11:20:00,13,9,30,11,20,130,55,"90, AVE DE MAZARGUES",43.26693,5.38963,Plein jour,En agglomération,Hors intersection,Normale,Autre collision,,,,,,,,,,,1,2,1,1.0,6
201300015602,0013-09-10 08:15:00,13,9,10,8,15,130,55,"00, BD DE LA MAZARADE",,,Plein jour,En agglomération,Hors intersection,Normale,Deux véhicules - arrière,,,,,,,,,,,1,2,1,1.0,2