accident_id,datetime,annee,mois,jour,heure,minute,departement,commune_insee,adresse,latitude,longitude,luminosite,agglomeration,intersection,meteo,collision,nb_vehicules,nb_usagers,nb_indemnes,nb_tues,nb_blesses_hosp,nb_blesses_legers,age_cond_1,age_cond_2,veh_type_cond_1,veh_type_cond_2,lum_code,agg_code,int_code,atm_code,col_code
201300015603,0013-09-13 08:45:00,13,9,13,8,45,130,55,"100, RUE BELLE DE MAI",43.31274,5.38546,Plein jour,En agglomération,Hors intersection,Normale,Autre collision,,,,,,,,,,,1,2,1,1.0,6
201300015604,0013-09-22 20:30:00,13,9,22,20,30,130,55,"00, CHE DU ROY D' ESPAGN",,,Crépuscule ou aube,En agglomération,Hors intersection,Normale,Deux véhicules - arrière,,,,,,,,,,,2,2,1,1.0,2
201300015605,0013-09-13 15:25:00,13,9,13,15,25,130,55,"00, CV DE MORGIOU",,,Plein jour,En agglomération,Hors intersection,Normale,Autre collision,,,,,,,,,,,1,2,1,1.0,6
201300015606,0013-09-27 08:30:00,13,9,27,8,30,130,55,"54, AVE SAINT PAUL",43.32822,5.40676,Plein jour,En agglomération,Hors intersection,Normale,Deux véhicules - frontale,,,,,,,,,,,1,2,1,1.0,1
201300015607,0013-10-01 18:00:00,13,10,1,18,0,130,55,"2, AVE DU CAP PINEDE ROC",43.32953,5.36724,Crépuscule ou aube,En agglomération,Hors intersection,Normale,Autre collision,,,,,,,,,,,2,2,1,1.0,6
201300015608,0013-09-28 15:15:00,13,9,28,15,15,130,55,"13, MAR DES CAPUCINS",43.29645,5.38049,Plein jour,En agglomération,Hors intersection,Normale,Autre collision,,,,,,,,,,,1,2,1,1.0,6
201300015609,0013-10-03 12:00:00,13,10,3,12,0,130,55,"507, CHE DE LA MADRAGUE",43.34549,5.35463,Plein jour,En agglomération,Hors intersection,Normale,Deux véhicules - frontale,,,,,,,,,,,1,2,1,1.0,1
201300015610,0013-10-07 08:25:00,13,10,7,8,25,130,75,"36, PAUL SIRVENT (AVE)",43.34358,5.46654,Plein jour,En agglomération,Hors intersection,Normale,Autre collision,,,,,,,,,,,1,2,1,1.0,6
201300015611,0013-07-22 18:35:00,13,7,22,18,35,130,55,"4, BD NOTRE DAME",43.29009,5.37252,Plein jour,En agglomération,Intersection en X,Normale,Deux véhicules - côté,,,,,,,,,,,1,2,2,1.0,3
201300015612,0013-09-18 10:15:00,13,9,18,10,15,130,55,"14, BD THEODORE THURNER",43.29176,5.38303,Plein jour,En agglomération,Hors intersection,Normale,Deux véhicules - côté,,,,,,,,,,,1,2,1,1.0,3
201300015613,0013-09-17 16:20:00,13,9,17,16,20,130,55,"137, BD NATIONAL",43.30732,5.38215,Plein jour,En agglomération,Hors intersection,Normale,Autre collision,,,,,,,,,,,1,2,1,1.0,6
201300015614,0013-09-24 14:45:00,13,9,24,14,45,130,55,"38, AVE DE LA VISTE",43.35547,5.35731,Plein jour,En agglomération,Hors intersection,Normale,Autre collision,,,,,,,,,,,1,2,1,1.0,6
201300015615,0013-09-25 15:15:00,13,9,25,15,15,130,55,"92, BD FRANCOISE DUPARC",43.30497,5.40093,Plein jour,En agglomération,Hors intersection,Normale,Deux véhicules - arrière,,,,,,,,,,,1,2,1,1.0,2
201300015616,0013-09-19 08:55:00,13,9,19,8,55,130,55,"1, RUE GASTON DE FLOTTE",43.29573,5.42273,Plein jour,En agglomération,Intersection en T,Normale,Deux véhicules - arrière,,,,,,,,,,,1,2,3,1.0,2
201300015617,0013-09-19 12:50:00,13,9,19,12,50,130,55,"17, TRA DES LOUBETS",43.29177,5.47076,Plein jour,Hors agglomération,Hors intersection,Normale,Sans collision,,,,,,,,,,,1,1,1,1.0,7
201300015618,0013-09-21 22:15:00,13,9,21,22,15,130,55,PCE LOUIS BONNEFON,43.25423,5.38194,Nuit avec éclairage allumé,En agglomération,Giratoire,Normale,Deux véhicules - arrière,,,,,,,,,,,5,2,6,1.0,2
201300015619,0013-09-23 21:10:00,13,9,23,21,10,130,55,"74, AVE JULES CANTINI",43.28263,5.38972,Nuit avec éclairage allumé,En agglomération,Hors intersection,Normale,Deux véhicules - côté,,,,,,,,,,,5,2,1,1.0,3
201300015620,0013-09-06 08:15:00,13,9,6,8,15,130,55,"14, AVE PASTEUR",43.29129,5.35909,Plein jour,En agglomération,Hors intersection,Normale,Autre collision,,,,,,,,,,,1,2,1,1.0,6
201300015621,0013-09-24 08:30:00,13,9,24,8,30,130,55,"35, BD SAKAKINI",43.29751,5.40081,Plein jour,En agglomération,Intersection en X,Normale,Deux véhicules - côté,,,,,,,,,,,1,2,2,1.0,3
201300015622,0013-09-08 14:45:00,13,9,8,14,45,130,55,"73, CRS PIERRE PUGET",43.28999,5.37319,Plein jour,En agglomération,Hors intersection,Normale,Deux véhicules - côté,,,,,,,,,,,1,2,1,1.0,3
201300015623,0013-09-29 13:30:00,13,9,29,13,30,130,55,"37, CHE DU VALLON VERT",43.33571,5.45506,Plein jour,Hors agglomération,Hors intersection,Pluie légère,Autre collision,,,,,,,,,,,1,1,1,2.0,6
201300015624,0013-09-18 11:10:00,13,9,18,11,10,130,55,".........., CHE JOSEPH A",43.25069,5.41538,Plein jour,En agglomération,Intersection en T,Normale,Deux véhicules - arrière,,,,,,,,,,,1,2,3,1.0,2
201300015625,0013-09-23 18:00:00,13,9,23,18,0,130,55,"155, AVE DE LA TIMONE",43.28657,5.40958,Plein jour,En agglomération,Hors intersection,Temps éblouissant,Autre collision,,,,,,,,,,,1,2,1,7.0,6
201300015626,0013-09-26 09:35:00,13,9,26,9,35,130,55,"36, BD F BONNEFOY",43.27936,5.39929,Plein jour,En agglomération,Intersection en T,Normale,Deux véhicules - côté,,,,,,,,,,,1,2,3,1.0,3
201300015627,0013-09-06 12:00:00,13,9,6,12,0,130,55,"1, TRA CHARLES SUSINI",43.33366,5.42021,Plein jour,En agglomération,Intersection en T,Normale,Sans collision,,,,,,,,,,,1,2,3,1.0,7
201300015628,0013-10-07 21:43:00,13,10,7,21,43,130,55,"13, BD RABATAU",43.27332,5.39268,Nuit avec éclairage allumé,En agglomération,Hors intersection,Normale,Autre collision,,,,,,,,,,,5,2,1,1.0,6
201300015629,0013-09-10 20:30:00,13,9,10,20,30,130,55,"34, RUE DE FORBIN",43.30536,5.36936,Nuit avec éclairage allumé,En agglomération,Intersection en X,Normale,Deux véhicules - côté,,,,,,,,,,,5,2,2,1.0,3
201300015630,0013-09-17 08:50:00,13,9,17,8,50,130,55,"306, CHE DU LITTORAL",43.34425,5.34709,Plein jour,En agglomération,Hors intersection,Normale,Autre collision,,,,,,,,,,,1,2,1,1.0,6
201300015631,0013-09-09 11:20:00,13,9,9,11,20,130,55,"74, RUE VERDILLON",43.27473,5.42652,Plein jour,En agglomération,Hors intersection,Normale,Autre collision,,,,,,,,,,,1,2,1,1.0,6
201300015632,0013-09-14 01:00:00,13,9,14,1,0,130,55,"1, AVE FRANCOIS CHARDIGN",43.29368,5.48335,Nuit avec éclairage allumé,En agglomération,Hors intersection,Normale,Sans collision,,,,,,,,,,,5,2,1,1.0,7
201300015633,0013-09-16 20:20:00,13,9,16,20,20,130,55,"371, BD ROMAIN ROLLAND",43.2706,5.40745,Nuit avec éclairage allumé,En agglomération,Intersection en T,Normale,Deux véhicules - frontale,,,,,,,,,,,5,2,3,1.0,1
201300015634,0013-09-18 09:45:00,13,9,18,9,45,130,55,VSN VALBARELLE CR SAINT,43.28114,5.43868,Plein jour,En agglomération,Hors intersection,Normale,Autre collision,,,,,,,,,,,1,2,1,1.0,6
201300015635,0013-09-21 16:55:00,13,9,21,16,55,130,55,"561, RUE SAINT PIERRE",43.29048,5.42154,Plein jour,En agglomération,Hors intersection,Normale,Deux véhicules - côté,,,,,,,,,,,1,2,1,1.0,3
201300015636,0013-07-30 09:30:00,13,7,30,9,30,130,55,"100, CHE DE SAINTE MARTH",43.32354,5.38915,Plein jour,En agglomération,Intersection en X,Normale,Sans collision,,,,,,,,,,,1,2,2,1.0,7
201300015637,0013-09-26 15:25:00,13,9,26,15,25,130,55,"46, AVE DE LA ROSE",43.32561,5.41948,Plein jour,En agglomération,Intersection en X,Normale,Deux véhicules - côté,,,,,,,,,,,1,2,2,1.0,3
201300015638,0013-09-29 17:30:00,13,9,29,17,30,130,55,"32, CHE DE LA COMMANDERI",43.34019,5.36261,Plein jour,En agglomération,Hors intersection,Normale,Autre collision,,,,,,,,,,,1,2,1,1.0,6
201300015639,0013-07-04 12:30:00,13,7,4,12,30,130,55,"186, CHE DE GIBBES",43.32678,5.38415,Plein jour,En agglomération,Hors intersection,Normale,Deux véhicules - côté,,,,,,,,,,,1,2,1,1.0,3
201300015640,0013-10-07 14:45:00,13,10,7,14,45,130,55,"176, CHE DE SORMIOU",43.22767,5.40277,Plein jour,En agglomération,Hors intersection,Normale,Deux véhicules - côté,,,,,,,,,,,1,2,1,1.0,3
201300015641,0013-07-23 11:30:00,13,7,23,11,30,130,55,"213, CHE DU ROUCAS BLANC",43.28138,5.36903,Plein jour,En agglomération,Hors intersection,Normale,Deux véhicules - arrière,,,,,,,,,,,1,2,1,1.0,2
201300015642,0013-07-29 11:30:00,13,7,29,11,30,130,55,"0, BD CHAVE",,,Plein jour,En agglomération,Hors intersection,Normale,Deux véhicules - côté,,,,,,,,,,,1,2,1,1.0,3
201300015643,0013-09-17 17:30:00,13,9,17,17,30,130,55,"366, AVE DES POILUS",43.31299,5.46384,Plein jour,En agglomération,Hors intersection,Normale,Deux véhicules - arrière,,,,,,,,,,,1,2,1,1.0,2
201300015644,0013-09-18 00:01:00,13,9,18,0,1,130,55,"46, AVE DES OLIVES",43.32863,5.43311,Nuit avec éclairage allumé,En agglomération,Hors intersection,Normale,Deux véhicules - côté,,,,,,,,,,,5,2,1,1.0,3
201300015645,0013-09-19 18:15:00,13,9,19,18,15,130,55,"68, RTE DES CAMOINS",43.29741,5.4963,Plein jour,En agglomération,Hors intersection,Normale,Deux véhicules - frontale,,,,,,,,,,,1,2,1,1.0,1
201300015646,0013-09-22 16:00:00,13,9,22,16,0,130,55,"9, RUE DU DOCTEUR LEON P",43.31366,5.38659,Plein jour,En agglomération,Hors intersection,Normale,Deux véhicules - frontale,,,,,,,,,,,1,2,1,1.0,1
201300015647,0013-09-21 09:00:00,13,9,21,9,0,130,75,"156, LIBERATION (AVE DE",43.34469,5.46037,Plein jour,En agglomération,Hors intersection,Normale,Deux véhicules - côté,,,,,,,,,,,1,2,1,1.0,3
201300015648,0013-09-26 11:10:00,13,9,26,11,10,130,55,"2, AVE DES BALUSTRES",43.33799,5.42157,Plein jour,En agglomération,Intersection en T,Normale,Deux véhicules - côté,,,,,,,,,,,1,2,3,1.0,3
201300015649,0013-09-29 03:30:00,13,9,29,3,30,130,55,"00, BD MIRABEAU",43.31323,5.36629,Nuit avec éclairage allumé,En agglomération,Intersection en T,Normale,Deux véhicules - arrière,,,,,,,,,,,5,2,3,1.0,2
201300015650,0013-10-08 13:30:00,13,10,8,13,30,130,55,"17, RUE SAINT ETIENNE",43.2857,5.39618,Plein jour,En agglomération,Intersection en X,Normale,Autre collision,,,,,,,,,,,1,2,2,1.0,6
201300015651,0013-09-19 14:25:00,13,9,19,14,25,130,55,"174, CHE DE L ARMEE D AF",43.28728,5.41221,Plein jour,En agglomération,Hors intersection,Normale,Deux véhicules - frontale,,,,,,,,,,,1,2,1,1.0,1
201300015652,0013-09-26 21:00:00,13,9,26,21,0,130,55,"245bis, BD MICHELET",43.26095,5.39782,Nuit avec éclairage allumé,En agglomération,Hors intersection,Normale,Deux véhicules - côté,,,,,,,,,,,5,2,1,1.0,3
201300015653,0013-09-30 12:00:00,13,9,30,12,0,130,55,AVE D' HAIFA,,,Plein jour,En agglomération,Hors intersection,Normale,Autre collision,,,,,,,,,,,1,2,1,1.0,6
201300015654,0013-10-09 07:15:00,13,10,9,7,15,130,55,"556, CHE DU LITTORAL",43.35455,5.33377,Plein jour,En agglomération,Hors intersection,Normale,Autre collision,,,,,,,,,,,1,2,1,1.0,6
201300015655,0013-09-23 13:04:00,13,9,23,13,4,130,55,"100, AVE DE SAINT JEROME",43.33364,5.42021,Plein jour,En agglomération,Hors intersection,Normale,Deux véhicules - arrière,,,,,,,,,,,1,2,1,1.0,2
201300015656,0013-09-04 18:00:00,13,9,4,18,0,130,55,"211, AVE DE LA CAPELETTE",43.27984,5.40997,Plein jour,En agglomération,Hors intersection,Normale,Autre collision,,,,,,,,,,,1,2,1,1.0,6
201300015657,0013-09-15 18:15:00,13,9,15,18,15,130,55,AVE DU VINGT QUATRE AVRI,43.30771,5.42535,Plein jour,En agglomération,Intersection en Y,Normale,Deux véhicules - côté,,,,,,,,,,,1,2,4,1.0,3
201300015658,0013-09-27 14:00:00,13,9,27,14,0,130,55,"155, RTE DES CAMOINS",43.2996,5.50134,Plein jour,En agglomération,Hors intersection,Normale,Autre collision,,,,,,,,,,,1,2,1,1.0,6
201300015659,0013-09-10 11:00:00,13,9,10,11,0,130,55,"00, RUE DRAGON",,,Plein jour,En agglomération,Hors intersection,Normale,Autre collision,,,,,,,,,,,1,2,1,1.0,6
201300015660,0013-09-23 12:05:00,13,9,23,12,5,130,55,"00, BD PAUL CLAUDEL",,,Plein jour,En agglomération,Hors intersection,Normale,Autre collision,,,,,,,,,,,1,2,1,1.0,6
201300015661,0013-09-20 15:15:00,13,9,20,15,15,130,55,"00, AVE ALEXANDRE FLEMIN",,,Plein jour,En agglomération,Hors intersection,Normale,Sans collision,,,,,,,,,,,1,2,1,1.0,7
201300015662,0013-09-21 12:00:00,13,9,21,12,0,130,55,"25, BD LECCIA",43.3122,5.38889,Plein jour,En agglomération,Hors intersection,Normale,Deux véhicules - frontale,,,,,,,,,,,1,2,1,1.0,1
201300015663,0013-09-05 09:30:00,13,9,5,9,30,130,55,"1, RUE DE FORBIN",43.30649,5.37349,Plein jour,En agglomération,Intersection en X,Normale,Autre collision,,,,,,,,,,,1,2,2,1.0,6
201300015664,0013-10-01 08:40:00,13,10,1,8,40,130,55,"525, AVE DU PRADO",43.26969,5.38695,Plein jour,En agglomération,Intersection en X,Normale,Deux véhicules - côté,,,,,,,,,,,1,2,2,1.0,3
201300015665,0013-10-03 15:45:00,13,10,3,15,45,130,55,"55, BD DE LA GROTTE ROLL",43.23393,5.36392,Plein jour,En agglomération,Hors intersection,Normale,Autre collision,,,,,,,,,,,1,2,1,1.0,6
201300015666,0013-10-04 11:00:00,13,10,4,11,0,130,55,"355, AVE DU PRADO",43.27016,5.38767,Plein jour,En agglomération,Intersection en X,Normale,Deux véhicules - côté,,,,,,,,,,,1,2,2,1.0,3
201300015667,0013-10-05 17:35:00,13,10,5,17,35,130,55,"20, RUE AVIATEUR LE BRIX",43.26209,5.40431,Crépuscule ou aube,En agglomération,Intersection en T,Normale,Deux véhicules - côté,,,,,,,,,,,2,2,3,1.0,3
201300015668,0013-05-02 08:45:00,13,5,2,8,45,130,55,BD MICHELET,43.26318,5.39657,Plein jour,En agglomération,Hors intersection,Normale,Autre collision,,,,,,,,,,,1,2,1,1.0,6
201300015669,0013-09-07 13:45:00,13,9,7,13,45,130,55,"86, AVE JOSEPH VIDAL",43.25147,5.37771,Plein jour,En agglomération,Hors intersection,Normale,Autre collision,,,,,,,,,,,1,2,1,1.0,6
201300015670,0013-09-08 20:30:00,13,9,8,20,30,130,55,"174, CH ARMEE AFRIQUE",43.2869,5.41243,Nuit avec éclairage allumé,En agglomération,Intersection en X,Normale,Deux véhicules - arrière,,,,,,,,,,,5,2,2,1.0,2
201300015671,0013-09-10 11:30:00,13,9,10,11,30,130,55,"110, AVE DU PRADO",43.27988,5.38714,Plein jour,En agglomération,Intersection en T,Normale,Deux véhicules - côté,,,,,,,,,,,1,2,3,1.0,3
201300015672,0013-09-25 14:30:00,13,9,25,14,30,130,55,"159, AVE JOSEPH VIDAL",43.24902,5.37514,Plein jour,En agglomération,Intersection en T,Normale,Deux véhicules - côté,,,,,,,,,,,1,2,3,1.0,3
201300015673,0013-09-30 20:20:00,13,9,30,20,20,130,55,AVE ALEXANDRE FLEMING,,,Nuit avec éclairage allumé,En agglomération,Hors intersection,Normale,Trois véhicules et plus - en chaîne,,,,,,,,,,,5,2,1,1.0,4
201300015674,0013-09-23 17:15:00,13,9,23,17,15,130,55,"203, RUE JOSEPH CLERISSY",43.29504,5.4271,Plein jour,En agglomération,Hors intersection,Normale,Deux véhicules - côté,,,,,,,,,,,1,2,1,1.0,3
201300015675,0013-09-20 08:50:00,13,9,20,8,50,130,55,"99, RTE DES CAMOINS",43.29802,5.49808,Plein jour,En agglomération,Hors intersection,Normale,Deux véhicules - côté,,,,,,,,,,,1,2,1,1.0,3
201300015676,0013-10-10 22:05:00,13,10,10,22,5,130,2,JEAN GIONO (AVENUE),43.33224,5.48462,Nuit avec éclairage allumé,En agglomération,Hors intersection,Normale,Sans collision,,,,,,,,,,,5,2,1,1.0,7
201300015677,0013-09-24 23:40:00,13,9,24,23,40,130,55,BD HENRI BARNIER,43.37008,5.34622,Nuit avec éclairage allumé,En agglomération,Giratoire,Normale,Deux véhicules - côté,,,,,,,,,,,5,2,6,1.0,3
201300015678,0013-09-27 21:15:00,13,9,27,21,15,130,55,"79, RUE JEAN CRISTOFOL",43.31077,5.38369,Nuit avec éclairage allumé,En agglomération,Intersection en T,Normale,Sans collision,,,,,,,,,,,5,2,3,1.0,7
201300015679,0013-10-06 19:40:00,13,10,6,19,40,130,55,"56, RUE DU DOCTEUR LEON",43.3154,5.38921,Nuit avec éclairage non allumé,En agglomération,Hors intersection,Pluie légère,Autre collision,,,,,,,,,,,4,2,1,2.0,6
201300015680,0013-09-16 16:30:00,13,9,16,16,30,130,55,"29, RUE DU ROUET",43.28416,5.38554,Plein jour,En agglomération,Intersection en X,Normale,Deux véhicules - côté,,,,,,,,,,,1,2,2,1.0,3
201300015681,0013-09-16 17:15:00,13,9,16,17,15,130,55,"65, AVE DE LA CORSE",43.28891,5.36088,Plein jour,En agglomération,Hors intersection,Normale,Deux véhicules - côté,,,,,,,,,,,1,2,1,1.0,3
201300015682,0013-09-23 07:45:00,13,9,23,7,45,130,55,"188, AVE DES OLIVES",43.32569,5.44114,Plein jour,En agglomération,Intersection en T,Normale,Deux véhicules - arrière,,,,,,,,,,,1,2,3,1.0,2
201300015683,0013-10-02 08:00:00,13,10,2,8,0,130,55,"74, BD NATIONAL",43.30571,5.38387,Plein jour,En agglomération,Hors intersection,Normale,Autre collision,,,,,,,,,,,1,2,1,1.0,6
201300015684,0013-10-01 20:50:00,13,10,1,20,50,130,55,AVE JEAN LOMBARD,,,Nuit avec éclairage allumé,En agglomération,Hors intersection,Normale,Deux véhicules - côté,,,,,,,,,,,5,2,1,1.0,3
201300015685,0013-10-02 15:10:00,13,10,2,15,10,130,55,"6, BD LIONEL TERRAY",43.31574,5.40304,Plein jour,En agglomération,Hors intersection,Normale,Autre collision,,,,,,,,,,,1,2,1,1.0,6
201300015686,0013-06-20 19:45:00,13,6,20,19,45,130,55,"22, RUE TERRUSSE",43.29624,5.3879,Plein jour,En agglomération,Hors intersection,Normale,Deux véhicules - arrière,,,,,,,,,,,1,2,1,1.0,2
201300015687,0013-09-28 13:30:00,13,9,28,13,30,130,55,"118, RUE D ENDOUME",43.28708,5.36429,Plein jour,En agglomération,Intersection en T,Normale,Sans collision,,,,,,,,,,,1,2,3,1.0,7
201300015688,0013-10-04 18:20:00,13,10,4,18,20,130,55,"19, CRS LIEUTAUD",43.29448,5.38199,Plein jour,En agglomération,Hors intersection,Normale,Deux véhicules - arrière,,,,,,,,,,,1,2,1,1.0,2
201300015689,0013-09-28 17:00:00,13,9,28,17,0,130,55,"02, AVE DE VALDONNE",43.32248,5.41255,Plein jour,En agglomération,Hors intersection,Normale,Deux véhicules - frontale,,,,,,,,,,,1,2,1,1.0,1
201300015690,0013-10-03 08:10:00,13,10,3,8,10,130,55,BD MICHELET,,,Plein jour,En agglomération,Hors intersection,Normale,Autre collision,,,,,,,,,,,1,2,1,1.0,6
201300015691,0013-10-07 10:20:00,13,10,7,10,20,130,55,"141, AVE DU PRADO",43.27877,5.38777,Plein jour,En agglomération,Intersection en T,Normale,Autre collision,,,,,,,,,,,1,2,3,1.0,6
201300015692,0013-05-17 10:10:00,13,5,17,10,10,130,55,"8, BD LOMBARD",43.3573,5.36975,Plein jour,En agglomération,Hors intersection,Normale,Autre collision,,,,,,,,,,,1,2,1,1.0,6
201300015693,0013-09-02 07:40:00,13,9,2,7,40,130,55,"103, TRA DE LA MARTINE",43.2997,5.47041,Plein jour,En agglomération,Hors intersection,Normale,Deux véhicules - côté,,,,,,,,,,,1,2,1,1.0,3
201300015694,0013-09-27 11:00:00,13,9,27,11,0,130,55,"79, BD ROMAIN ROLLAND",43.27918,5.42288,Plein jour,En agglomération,Hors intersection,Normale,Autre collision,,,,,,,,,,,1,2,1,1.0,6
201300015695,0013-10-02 21:00:00,13,10,2,21,0,130,55,RUE SAINT JEAN DU DESERT,43.29489,5.41747,Nuit avec éclairage allumé,En agglomération,Intersection en T,Normale,Deux véhicules - côté,,,,,,,,,,,5,2,3,1.0,3
201300015696,0013-10-04 19:40:00,13,10,4,19,40,130,55,"234, CHE DE LA MADRAGUE",43.33192,5.359,Nuit sans éclairage public,En agglomération,Hors intersection,Temps couvert,Deux véhicules - côté,,,,,,,,,,,3,2,1,8.0,3
201300015697,0013-10-12 05:20:00,13,10,12,5,20,130,55,AVE DU CAP PINEDE ROC 3,,,Nuit avec éclairage allumé,En agglomération,Hors intersection,Normale,Autre collision,,,,,,,,,,,5,2,1,1.0,6
201300015698,0013-10-13 05:30:00,13,10,13,5,30,130,55,AVE DU MARECHAL FOCH,43.30235,5.39724,Nuit sans éclairage public,En agglomération,Hors intersection,Normale,Deux véhicules - arrière,,,,,,,,,,,3,2,1,1.0,2
201300015699,0013-10-12 17:45:00,13,10,12,17,45,130,55,"1, PCE PLACIDE CAFFO",43.31314,5.3852,Plein jour,En agglomération,Hors intersection,Normale,Autre collision,,,,,,,,,,,1,2,1,1.0,6
201300015700,0013-09-30 17:15:00,13,9,30,17,15,130,55,"58, BD DE PLOMBIERES",43.31586,5.38495,Plein jour,En agglomération,Hors intersection,Normale,Deux véhicules - arrière,,,,,,,,,,,1,2,1,1.0,2
201300015701,0013-10-01 09:30:00,13,10,1,9,30,130,55,"13, BD DE LA GARE",43.35761,5.36618,Plein jour,En agglomération,Hors intersection,Normale,Autre collision,,,,,,,,,,,1,2,1,1.0,6
201300015702,0013-10-02 09:20:00,13,10,2,9,20,130,55,"146, PCE CHARLES SUSINI",43.34131,5.41046,Plein jour,En agglomération,Hors intersection,Normale,Deux véhicules - arrière,,,,,,,,,,,1,2,1,1.0,2
201300015703,0013-10-04 13:25:00,13,10,4,13,25,130,55,"102, RUE FELIX PYAT",43.3165,5.37422,Plein jour,En agglomération,Hors intersection,Normale,Autre collision,,,,,,,,,,,1,2,1,1.0,6
201300015704,0013-09-21 16:45:00,13,9,21,16,45,130,55,"00, CHE DU LITTORAL VOIE",,,Plein jour,En agglomération,Hors intersection,Normale,Autre collision,,,,,,,,,,,1,2,1,1.0,6
201300015705,0013-08-19 23:00:00,13,8,19,23,0,130,55,"00, AVE MISTRAL",,,Nuit avec éclairage allumé,En agglomération,Hors intersection,Normale,Autre collision,,,,,,,,,,,5,2,1,1.0,6
201300015706,0013-09-19 07:50:00,13,9,19,7,50,130,55,"00, BD HENRI BARNIER",,,Plein jour,En agglomération,Hors intersection,Normale,Autre collision,,,,,,,,,,,1,2,1,1.0,6
201300015707,0013-09-24 07:00:00,13,9,24,7,0,130,55,"151, BD BAILLE",43.28955,5.39729,Crépuscule ou aube,En agglomération,Hors intersection,Normale,Deux véhicules - côté,,,,,,,,,,,2,2,1,1.0,3
201300015708,0013-10-09 10:20:00,13,10,9,10,20,130,55,"30, BD CHARLES LIVON",43.29225,5.3631,Plein jour,En agglomération,Hors intersection,Normale,Deux véhicules - arrière,,,,,,,,,,,1,2,1,1.0,2
201300015709,0013-10-07 19:50:00,13,10,7,19,50,130,55,"79, BD BAILLE",43.28744,5.38949,Nuit avec éclairage allumé,En agglomération,Hors intersection,Normale,Deux véhicules - arrière,,,,,,,,,,,5,2,1,1.0,2
201300015710,0013-07-01 11:10:00,13,7,1,11,10,130,55,"34, BD DU REDON",43.25638,5.41976,Plein jour,En agglomération,Hors intersection,Normale,Sans collision,,,,,,,,,,,1,2,1,1.0,7
201300015711,0013-09-18 07:30:00,13,9,18,7,30,130,55,"58, AVE ANDRE ZENATTI",43.24656,5.38621,Plein jour,En agglomération,Hors intersection,Normale,Deux véhicules - côté,,,,,,,,,,,1,2,1,1.0,3
201300015712,0013-09-24 09:10:00,13,9,24,9,10,130,55,"306, AVE DES CAILLOLS",43.30324,5.44963,Plein jour,En agglomération,Intersection en X,Normale,Deux véhicules - côté,,,,,,,,,,,1,2,2,1.0,3
201300015713,0013-10-05 11:00:00,13,10,5,11,0,130,55,"146, TRA DE LA PENNE",43.29321,5.51157,Plein jour,En agglomération,Hors intersection,Normale,Autre collision,,,,,,,,,,,1,2,1,1.0,6
201300015714,0013-10-05 18:00:00,13,10,5,18,0,130,55,"452, AVE DU PRADO",43.26722,5.38311,Nuit avec éclairage allumé,En agglomération,Hors intersection,Normale,Deux véhicules - côté,,,,,,,,,,,5,2,1,1.0,3
201300015715,0013-10-08 23:25:00,13,10,8,23,25,130,55,"25, BD DU CABOT",43.25997,5.41603,Nuit avec éclairage allumé,En agglomération,Hors intersection,Normale,Deux véhicules - côté,,,,,,,,,,,5,2,1,1.0,3
201300015716,0013-10-14 07:50:00,13,10,14,7,50,130,55,"45, AVE DU MARECHAL FOCH",43.29998,5.40056,Plein jour,En agglomération,Hors intersection,Pluie forte,Deux véhicules - côté,,,,,,,,,,,1,2,1,3.0,3
201300015717,0013-10-07 12:30:00,13,10,7,12,30,130,55,RPT IAN PALACH,43.27897,5.42666,Plein jour,En agglomération,Hors intersection,Normale,Autre collision,,,,,,,,,,,1,2,1,1.0,6
201300015718,0013-09-23 16:10:00,13,9,23,16,10,130,55,"00, RUE TEISSERE",,,Plein jour,En agglomération,Hors intersection,Normale,Autre collision,,,,,,,,,,,1,2,1,1.0,6
201300015719,0013-06-22 19:30:00,13,6,22,19,30,130,55,"1, PCE CASTELLANE",43.28594,5.38374,Plein jour,En agglomération,Place,Normale,Deux véhicules - côté,,,,,,,,,,,1,2,7,1.0,3
201300015720,0013-10-09 16:10:00,13,10,9,16,10,130,55,"90, CHE DE SAINTE MARTHE",43.32266,5.3894,Plein jour,En agglomération,Hors intersection,Normale,Deux véhicules - arrière,,,,,,,,,,,1,2,1,1.0,2
201300015721,0013-10-05 07:50:00,13,10,5,7,50,130,55,"2, BD CHARLES LIVON",43.29223,5.36346,Plein jour,En agglomération,Hors intersection,Normale,Deux véhicules - arrière,,,,,,,,,,,1,2,1,1.0,2
201300015722,0013-10-06 14:40:00,13,10,6,14,40,130,55,"71, BD CAMILLE FLAMMARIO",43.3063,5.39414,Plein jour,En agglomération,Hors intersection,Normale,Deux véhicules - côté,,,,,,,,,,,1,2,1,1.0,3
201300015723,0013-10-05 17:50:00,13,10,5,17,50,130,55,"63, AVE ALEXANDRE ANSALD",43.33171,5.40415,Plein jour,En agglomération,Hors intersection,Normale,Deux véhicules - côté,,,,,,,,,,,1,2,1,1.0,3
201300015724,0013-10-08 08:35:00,13,10,8,8,35,130,55,"50, BD DU CAPITAINE GEZE",43.33079,5.37218,Plein jour,En agglomération,Hors intersection,Normale,Deux véhicules - arrière,,,,,,,,,,,1,2,1,1.0,2
201300015725,0013-05-30 14:15:00,13,5,30,14,15,130,55,"0, VOL PASSERELLE PLOMBI",,,Plein jour,En agglomération,Hors intersection,Normale,Deux véhicules - arrière,,,,,,,,,,,1,2,1,1.0,2