accident_id,datetime,annee,mois,jour,heure,minute,departement,commune_insee,adresse,latitude,longitude,luminosite,agglomeration,intersection,meteo,collision,nb_vehicules,nb_usagers,nb_indemnes,nb_tues,nb_blesses_hosp,nb_blesses_legers,age_cond_1,age_cond_2,veh_type_cond_1,veh_type_cond_2,lum_code,agg_code,int_code,atm_code,col_code
201300015967,0013-09-13 12:00:00,13,9,13,12,0,130,55,"23, CHE DE LA COLLINE SA",43.25179,5.41838,Plein jour,En agglomération,Hors intersection,Normale,Deux véhicules - frontale,,,,,,,,,,,1,2,1,1.0,1
201300015968,0013-11-04 15:40:00,13,11,4,15,40,130,2,"38, MARCEL JULIEN (AVENU",43.35649,5.48737,Plein jour,En agglomération,Hors intersection,Pluie légère,Deux véhicules - arrière,,,,,,,,,,,1,2,1,2.0,2
201300015969,0013-11-15 04:45:00,13,11,15,4,45,130,55,BD JEAN MOULIN,,,Crépuscule ou aube,En agglomération,Hors intersection,Vent fort / tempête,Deux véhicules - arrière,,,,,,,,,,,2,2,1,6.0,2
201300015970,0013-11-19 17:35:00,13,11,19,17,35,130,75,"102, FR?D?RIC CHEVILLON",43.34828,5.4652,Nuit avec éclairage allumé,En agglomération,Hors intersection,Pluie légère,Deux véhicules - côté,,,,,,,,,,,5,2,1,2.0,3
201300015971,0013-11-05 14:10:00,13,11,5,14,10,130,55,"116, BD DE LA POMME",43.29352,5.4524,Plein jour,En agglomération,Intersection en T,Normale,Deux véhicules - côté,,,,,,,,,,,1,2,3,1.0,3
201300015972,0013-12-03 17:20:00,13,12,3,17,20,130,55,"158, AVE DES OLIVES",43.32616,5.4394,Plein jour,En agglomération,Hors intersection,Normale,Sans collision,,,,,,,,,,,1,2,1,1.0,7
201300015973,0013-11-20 08:30:00,13,11,20,8,30,130,55,"75, COR PRESIDENT JOHN F",43.28929,5.35474,Plein jour,En agglomération,Hors intersection,Normale,Deux véhicules - côté,,,,,,,,,,,1,2,1,1.0,3
201300015974,0013-11-26 06:00:00,13,11,26,6,0,130,55,"34, RUE AUGUSTE BLANQUI",43.29228,5.38677,Nuit sans éclairage public,En agglomération,Intersection en X,Pluie légère,Deux véhicules - côté,,,,,,,,,,,3,2,2,2.0,3
201300015975,0013-11-15 11:00:00,13,11,15,11,0,130,55,"153, RUE LOUBON",43.31292,5.38506,Plein jour,En agglomération,Intersection en T,Normale,Deux véhicules - côté,,,,,,,,,,,1,2,3,1.0,3
201300015976,0013-11-08 07:45:00,13,11,8,7,45,130,55,"129, AVE DES OLIVES",43.32656,5.43808,Plein jour,En agglomération,Hors intersection,Normale,Autre collision,,,,,,,,,,,1,2,1,1.0,6
201300015977,0013-11-13 08:30:00,13,11,13,8,30,130,55,"124, CHE DES BOURRELY",43.3872,5.36323,Plein jour,En agglomération,Hors intersection,Normale,Autre collision,,,,,,,,,,,1,2,1,1.0,6
201300015978,0013-11-24 21:30:00,13,11,24,21,30,130,55,"270, BD HENRI BARNIER",43.36552,5.34298,Nuit avec éclairage allumé,En agglomération,Intersection en T,Normale,Deux véhicules - côté,,,,,,,,,,,5,2,3,1.0,3
201300015979,0013-11-20 18:00:00,13,11,20,18,0,130,55,"02, ALL DES MARRONNIERS",43.3234,5.41671,Nuit avec éclairage allumé,En agglomération,Intersection en T,Normale,Deux véhicules - frontale,,,,,,,,,,,5,2,3,1.0,1
201300015980,0013-08-03 21:10:00,13,8,3,21,10,130,55,"189, AVE DES POILUS",43.32056,5.45834,Plein jour,En agglomération,Hors intersection,Normale,Trois véhicules et plus - en chaîne,,,,,,,,,,,1,2,1,1.0,4
201300015981,0013-09-13 08:00:00,13,9,13,8,0,130,55,"1, RUE BERTHE SYLVA",43.32688,5.41956,Plein jour,En agglomération,Hors intersection,Normale,Autre collision,,,,,,,,,,,1,2,1,1.0,6
201300015982,0013-09-18 17:30:00,13,9,18,17,30,130,55,CHE DE SAINTE MARTHE,,,Plein jour,En agglomération,Hors intersection,Normale,Deux véhicules - arrière,,,,,,,,,,,1,2,1,1.0,2
201300015983,0013-09-26 21:30:00,13,9,26,21,30,130,55,"138, AVE DES OLIVES",43.32658,5.438,Nuit avec éclairage allumé,En agglomération,Hors intersection,Normale,Deux véhicules - côté,,,,,,,,,,,5,2,1,1.0,3
201300015984,0013-11-04 17:20:00,13,11,4,17,20,130,55,"6, RUE CENTRALE",43.35182,5.43847,Plein jour,En agglomération,Hors intersection,Pluie forte,Autre collision,,,,,,,,,,,1,2,1,3.0,6
201300015985,0013-11-27 13:30:00,13,11,27,13,30,130,55,AVE JEAN PAUL SARTRE,,,Plein jour,En agglomération,Hors intersection,Normale,Trois véhicules et plus - en chaîne,,,,,,,,,,,1,2,1,1.0,4
201300015986,0013-11-27 22:30:00,13,11,27,22,30,130,55,"21, RUE DE LA REPUBLIQUE",43.29817,5.3726,Nuit avec éclairage allumé,En agglomération,Intersection en T,Normale,Deux véhicules - côté,,,,,,,,,,,5,2,3,1.0,3
201300015987,0013-11-28 08:50:00,13,11,28,8,50,130,55,"64, AVE PAUL DALBRET",43.35248,5.44533,Plein jour,En agglomération,Hors intersection,Normale,Sans collision,,,,,,,,,,,1,2,1,1.0,7
201300015988,0013-11-28 19:30:00,13,11,28,19,30,130,55,"A20, AVE ALEXANDRE ANSAL",,,Nuit avec éclairage allumé,En agglomération,Hors intersection,Normale,Deux véhicules - côté,,,,,,,,,,,5,2,1,1.0,3
201300015989,0013-11-18 22:00:00,13,11,18,22,0,130,55,CHE DE SAINT ANTOINE A S,43.35338,5.37181,Nuit avec éclairage allumé,En agglomération,Hors intersection,Pluie légère,Autre collision,,,,,,,,,,,5,2,1,2.0,6
201300015990,0013-11-21 17:00:00,13,11,21,17,0,130,55,AVE JEAN PAUL SARTRE,,,Plein jour,En agglomération,Hors intersection,Normale,Deux véhicules - arrière,,,,,,,,,,,1,2,1,1.0,2
201300015991,0013-11-12 10:30:00,13,11,12,10,30,130,55,"37, CRS LIEUTAUD",43.29346,5.38231,Plein jour,En agglomération,Hors intersection,Normale,Deux véhicules - côté,,,,,,,,,,,1,2,1,1.0,3
201300015992,0013-11-15 14:15:00,13,11,15,14,15,130,55,"99, CRS LIEUTAUD",43.28914,5.38409,Plein jour,En agglomération,Hors intersection,Normale,Sans collision,,,,,,,,,,,1,2,1,1.0,7
201300015993,0013-11-23 06:45:00,13,11,23,6,45,130,55,"0, AVE ALEXANDRE FLEMING",43.31654,5.39709,Nuit avec éclairage allumé,En agglomération,Hors intersection,Normale,Trois véhicules et plus - collisions multiples,,,,,,,,,,,5,2,1,1.0,5
201300015994,0013-11-28 09:00:00,13,11,28,9,0,130,55,"1-11, BD DE LA LIBERATIO",43.29913,5.38556,Plein jour,En agglomération,Intersection à plus de 4 branches,Normale,Autre collision,,,,,,,,,,,1,2,5,1.0,6
201300015995,0013-11-28 10:20:00,13,11,28,10,20,130,55,"25, BD D ATHENES",43.30031,5.38068,Plein jour,En agglomération,Hors intersection,Normale,Deux véhicules - côté,,,,,,,,,,,1,2,1,1.0,3
201300015996,0013-11-18 06:00:00,13,11,18,6,0,130,55,"52, RUE CAISSERIE",43.29685,5.36678,Nuit avec éclairage allumé,En agglomération,Hors intersection,Pluie légère,Deux véhicules - côté,,,,,,,,,,,5,2,1,2.0,3
201300015997,0013-11-30 13:45:00,13,11,30,13,45,130,55,"14, RUE AUPHAN",43.31675,5.3753,Plein jour,En agglomération,Hors intersection,Normale,Sans collision,,,,,,,,,,,1,2,1,1.0,7
201300015998,0013-09-27 14:58:00,13,9,27,14,58,130,55,"22, BD SAKAKINI",43.29812,5.40094,Plein jour,En agglomération,Hors intersection,Normale,Deux véhicules - arrière,,,,,,,,,,,1,2,1,1.0,2
201300015999,0013-11-24 17:40:00,13,11,24,17,40,130,55,"64, BD DE LA BLANCARDE",43.30291,5.40074,Plein jour,En agglomération,Intersection en X,Normale,Deux véhicules - côté,,,,,,,,,,,1,2,2,1.0,3
201300016000,0013-11-27 23:35:00,13,11,27,23,35,130,55,"80, VOI LA CANEBIERE",43.29791,5.38189,Nuit avec éclairage allumé,En agglomération,Hors intersection,Normale,Autre collision,,,,,,,,,,,5,2,1,1.0,6
201300016001,0013-11-28 13:30:00,13,11,28,13,30,130,55,"347, RUE SAINT PIERRE",43.29178,5.4075,Plein jour,En agglomération,Intersection en T,Normale,Deux véhicules - frontale,,,,,,,,,,,1,2,3,1.0,1
201300016002,0013-11-29 15:00:00,13,11,29,15,0,130,55,"9, RUE JULES GONTARD",43.29489,5.39887,Plein jour,En agglomération,Hors intersection,Normale,Autre collision,,,,,,,,,,,1,2,1,1.0,6
201300016003,0013-12-06 10:30:00,13,12,6,10,30,130,55,"112, RUE ALPHONSE DAUDET",43.32072,5.41004,Plein jour,En agglomération,Hors intersection,Normale,Autre collision,,,,,,,,,,,1,2,1,1.0,6
201300016004,0013-11-04 08:50:00,13,11,4,8,50,130,55,"303, COR PRESIDENT JOHN",43.27292,5.36288,Plein jour,En agglomération,Hors intersection,Pluie légère,Autre collision,,,,,,,,,,,1,2,1,2.0,6
201300016005,0013-11-05 12:30:00,13,11,5,12,30,130,55,"10, RUE DE LA REPUBLIQUE",43.29692,5.37365,Plein jour,En agglomération,Intersection en X,Normale,Deux véhicules - côté,,,,,,,,,,,1,2,2,1.0,3
201300016006,0013-11-17 01:00:00,13,11,17,1,0,130,55,"92, RUE GRIGNAN",43.29127,5.37327,Nuit avec éclairage allumé,En agglomération,Intersection en X,Normale,Deux véhicules - côté,,,,,,,,,,,5,2,2,1.0,3
201300016007,0013-10-14 12:40:00,13,10,14,12,40,130,55,"19, RUE AVIATEUR LE BRIX",43.26214,5.40441,Plein jour,En agglomération,Hors intersection,Normale,Autre collision,,,,,,,,,,,1,2,1,1.0,6
201300016008,0013-10-21 16:10:00,13,10,21,16,10,130,55,"6, AVE CESAR BOY",43.29685,5.48369,Plein jour,En agglomération,Hors intersection,Normale,Autre collision,,,,,,,,,,,1,2,1,1.0,6
201300016009,0013-11-05 20:15:00,13,11,5,20,15,130,55,"17, BD GAROUTTE",43.306,5.41302,Nuit sans éclairage public,En agglomération,Hors intersection,Normale,Autre collision,,,,,,,,,,,3,2,1,1.0,6
201300016010,0013-11-06 18:00:00,13,11,6,18,0,130,55,"27, AVE DE LA SOUDE",43.24516,5.39886,Nuit avec éclairage allumé,En agglomération,Hors intersection,Normale,Deux véhicules - côté,,,,,,,,,,,5,2,1,1.0,3
201300016011,0013-11-09 20:30:00,13,11,9,20,30,130,55,"77, RUE PIERRE DOIZE",43.27871,5.42825,Nuit avec éclairage non allumé,En agglomération,Hors intersection,Normale,Trois véhicules et plus - collisions multiples,,,,,,,,,,,4,2,1,1.0,5
201300016012,0013-06-09 09:00:00,13,6,9,9,0,130,55,RUE CHARLES KADDOUZ,43.3118,5.42937,Plein jour,En agglomération,Intersection en T,Normale,Deux véhicules - arrière,,,,,,,,,,,1,2,3,1.0,2
201300016013,0013-07-23 08:00:00,13,7,23,8,0,130,55,"118, AVE VITON",43.25801,5.4099,Plein jour,En agglomération,Hors intersection,Normale,Trois véhicules et plus - collisions multiples,,,,,,,,,,,1,2,1,1.0,5
201300016014,0013-08-02 14:00:00,13,8,2,14,0,130,55,"1, BD TROLLAT",43.27141,5.41812,Plein jour,En agglomération,Intersection en T,Normale,Deux véhicules - frontale,,,,,,,,,,,1,2,3,1.0,1
201300016015,0013-08-28 18:15:00,13,8,28,18,15,130,55,".., BD MIREILLE LAUZE",,,Plein jour,En agglomération,Hors intersection,Normale,Deux véhicules - arrière,,,,,,,,,,,1,2,1,1.0,2
201300016016,0013-10-23 15:30:00,13,10,23,15,30,130,55,"200, BD DE LA VALBARELLE",43.28859,5.45479,Plein jour,En agglomération,Intersection en T,Normale,Deux véhicules - frontale,,,,,,,,,,,1,2,3,1.0,1
201300016017,0013-11-24 23:30:00,13,11,24,23,30,130,55,"327, BD MICHELET",43.25782,5.39958,Nuit avec éclairage allumé,En agglomération,Hors intersection,Normale,Deux véhicules - côté,,,,,,,,,,,5,2,1,1.0,3
201300016018,0013-11-12 20:45:00,13,11,12,20,45,130,55,CH  ARMEE AFRIQUE,43.2869,5.41242,Nuit avec éclairage allumé,En agglomération,Intersection en X,Normale,Deux véhicules - côté,,,,,,,,,,,5,2,2,1.0,3
201300016019,0013-11-18 07:45:00,13,11,18,7,45,130,2,ETIENNE CUCCA-CD908 (AVE,,,Plein jour,Hors agglomération,Hors intersection,Pluie forte,Deux véhicules - côté,,,,,,,,,,,1,1,1,3.0,3
201300016020,0013-10-30 11:30:00,13,10,30,11,30,130,55,"12, BD BAILLE",43.28645,5.3855,Plein jour,En agglomération,Intersection en X,Normale,Autre collision,,,,,,,,,,,1,2,2,1.0,6
201300016021,0013-11-10 04:10:00,13,11,10,4,10,130,55,"70, AVE D' HAIFA",43.25089,5.38978,Nuit avec éclairage allumé,En agglomération,Hors intersection,Normale,Autre collision,,,,,,,,,,,5,2,1,1.0,6
201300016022,0013-11-11 10:00:00,13,11,11,10,0,130,55,"., BD ROMAIN ROLLAND",43.27597,5.4175,Plein jour,En agglomération,Hors intersection,Normale,Autre collision,,,,,,,,,,,1,2,1,1.0,6
201300016023,0013-06-24 12:30:00,13,6,24,12,30,130,55,"1, RPT DES PIERRE GUERRE",43.25033,5.38899,Plein jour,En agglomération,Hors intersection,Normale,Autre collision,,,,,,,,,,,1,2,1,1.0,6
201300016024,0013-11-16 13:00:00,13,11,16,13,0,130,55,BD DANIELLE CASANOVA,,,Plein jour,Hors agglomération,Hors intersection,Normale,Trois véhicules et plus - en chaîne,,,,,,,,,,,1,1,1,1.0,4
201300016025,0013-11-16 15:35:00,13,11,16,15,35,130,55,"115, AVE ROGER SALENGRO",43.31498,5.37023,Plein jour,Hors agglomération,Hors intersection,Normale,Deux véhicules - côté,,,,,,,,,,,1,1,1,1.0,3
201300016026,0013-12-06 16:00:00,13,12,6,16,0,130,55,BD SIMON BOLIVAR,43.34328,5.37802,Plein jour,Hors agglomération,Intersection en T,Normale,Autre collision,,,,,,,,,,,1,1,3,1.0,6
201300016027,0013-12-09 07:20:00,13,12,9,7,20,130,55,"52, CHE DE LA MADRAGUE V",43.32409,5.36277,Plein jour,En agglomération,Hors intersection,Normale,Deux véhicules - arrière,,,,,,,,,,,1,2,1,1.0,2
201300016028,0013-12-09 12:15:00,13,12,9,12,15,130,55,"7, BD EUGENE PIERRE",43.29841,5.39053,Plein jour,En agglomération,Hors intersection,Normale,Deux véhicules - côté,,,,,,,,,,,1,2,1,1.0,3
201300016029,0013-10-31 10:30:00,13,10,31,10,30,130,55,BD CHARLES MORETTI,,,Plein jour,En agglomération,Hors intersection,Normale,Autre collision,,,,,,,,,,,1,2,1,1.0,6
201300016030,0013-12-04 12:00:00,13,12,4,12,0,130,55,"95, BD HENRI BARNIER",43.37238,5.34915,Plein jour,En agglomération,Hors intersection,Normale,Deux véhicules - frontale,,,,,,,,,,,1,2,1,1.0,1
201300016031,0013-11-20 17:00:00,13,11,20,17,0,130,55,BD VOLTAIRE,43.30219,5.38344,Nuit avec éclairage allumé,En agglomération,Hors intersection,Normale,Autre collision,,,,,,,,,,,5,2,1,1.0,6
201300016032,0013-12-11 11:30:00,13,12,11,11,30,130,55,"2, RUE DE PROVENCE",43.30148,5.39602,Plein jour,En agglomération,Intersection en T,Normale,Autre collision,,,,,,,,,,,1,2,3,1.0,6
201300016033,0013-12-03 19:15:00,13,12,3,19,15,130,55,"5, CRS JEAN BALLARD",43.29336,5.37449,Nuit avec éclairage allumé,En agglomération,Hors intersection,Normale,Autre collision,,,,,,,,,,,5,2,1,1.0,6
201300016034,0013-12-04 07:45:00,13,12,4,7,45,130,55,"172, BD DE LA LIBERATION",43.30203,5.39442,Plein jour,En agglomération,Intersection en X,Normale,Autre collision,,,,,,,,,,,1,2,2,1.0,6
201300016035,0013-12-05 09:00:00,13,12,5,9,0,130,55,"357, COR PRESIDENT JOHN",43.2712,5.36283,Plein jour,En agglomération,Hors intersection,Normale,Autre collision,,,,,,,,,,,1,2,1,1.0,6
201300016036,0013-12-02 18:10:00,13,12,2,18,10,130,55,"36, CHE DE GIBBES",43.32009,5.38046,Nuit avec éclairage non allumé,En agglomération,Hors intersection,Normale,Sans collision,,,,,,,,,,,4,2,1,1.0,7
201300016037,0013-12-03 19:15:00,13,12,3,19,15,130,55,RUE DE RUFFI,43.31292,5.37051,Nuit avec éclairage allumé,En agglomération,Intersection en X,Normale,Deux véhicules - côté,,,,,,,,,,,5,2,2,1.0,3
201300016038,0013-12-04 14:30:00,13,12,4,14,30,130,55,"94, RUE LE CHATELIER",43.3465,5.36689,Plein jour,En agglomération,Hors intersection,Normale,Autre collision,,,,,,,,,,,1,2,1,1.0,6
201300016039,0013-09-01 01:40:00,13,9,1,1,40,130,55,"01, RUE PALESTRO",43.30504,5.38052,Nuit avec éclairage allumé,En agglomération,Hors intersection,Normale,Deux véhicules - frontale,,,,,,,,,,,5,2,1,1.0,1
201300016040,0013-12-11 21:33:00,13,12,11,21,33,130,55,BD PIERRE MENARD,,,Nuit avec éclairage allumé,En agglomération,Hors intersection,Normale,Autre collision,,,,,,,,,,,5,2,1,1.0,6
201300016041,0013-09-27 07:55:00,13,9,27,7,55,130,55,"00, BD SAKAKINI",,,Plein jour,En agglomération,Hors intersection,Normale,Autre collision,,,,,,,,,,,1,2,1,1.0,6
201300016042,0013-10-08 09:45:00,13,10,8,9,45,130,55,"86, BD LOUIS VILLECROZE",43.3207,5.39199,Plein jour,En agglomération,Hors intersection,Normale,Autre collision,,,,,,,,,,,1,2,1,1.0,6
201300016043,0013-10-02 13:45:00,13,10,2,13,45,130,55,"00, BD DU REDON",43.24949,5.42264,Plein jour,En agglomération,Intersection en X,Normale,Deux véhicules - côté,,,,,,,,,,,1,2,2,1.0,3
201300016044,0013-02-14 09:00:00,13,2,14,9,0,130,106,"13, BEDOULE (CHEMIN DE L",43.40218,5.35706,Plein jour,Hors agglomération,Hors intersection,Normale,Autre collision,,,,,,,,,,,1,1,1,1.0,6
201300016045,0013-10-07 18:00:00,13,10,7,18,0,130,55,"00, BD DE SAINTE MARGUER",,,Plein jour,En agglomération,Hors intersection,Normale,Autre collision,,,,,,,,,,,1,2,1,1.0,6
201300016046,0013-09-02 14:40:00,13,9,2,14,40,130,55,"00, BD BAILLE",,,Plein jour,En agglomération,Hors intersection,Normale,Sans collision,,,,,,,,,,,1,2,1,1.0,7
201300016047,0013-09-02 05:58:00,13,9,2,5,58,130,55,"149, BD BAILLE",43.28949,5.39709,Nuit avec éclairage allumé,En agglomération,Hors intersection,Normale,Deux véhicules - côté,,,,,,,,,,,5,2,1,1.0,3
201300016048,0013-09-02 15:30:00,13,9,2,15,30,130,55,"12, RUE SAINT PIERRE",43.29374,5.38738,Plein jour,En agglomération,Hors intersection,Normale,Autre collision,,,,,,,,,,,1,2,1,1.0,6
201300016049,0013-11-15 17:45:00,13,11,15,17,45,130,106,"19, NELSON MANDELA (AVEN",43.40842,5.3665,Nuit avec éclairage allumé,En agglomération,Hors intersection,Normale,Deux véhicules - côté,,,,,,,,,,,5,2,1,1.0,3
201300016050,0013-12-02 14:00:00,13,12,2,14,0,130,55,"16, CHE DE SAINTE MARTHE",43.31818,5.39032,Plein jour,En agglomération,Hors intersection,Normale,Deux véhicules - côté,,,,,,,,,,,1,2,1,1.0,3
201300016051,0013-12-02 15:15:00,13,12,2,15,15,130,55,"27, RUE D AUBAGNE",43.29526,5.37965,Plein jour,En agglomération,Intersection en T,Normale,Autre collision,,,,,,,,,,,1,2,3,1.0,6
201300016052,0013-11-05 11:30:00,13,11,5,11,30,130,55,"0, AVE RAIMU",43.32987,5.39796,Plein jour,En agglomération,Intersection en X,Normale,Deux véhicules - côté,,,,,,,,,,,1,2,2,1.0,3
201300016053,0013-11-23 17:20:00,13,11,23,17,20,130,55,BD JOURDAN,43.33353,5.39627,Nuit avec éclairage allumé,En agglomération,Intersection en T,Normale,Deux véhicules - côté,,,,,,,,,,,5,2,3,1.0,3
201300016054,0013-11-25 16:45:00,13,11,25,16,45,130,55,"1, RUE RENE CASSIN",43.31576,5.37315,Crépuscule ou aube,En agglomération,Hors intersection,Normale,Autre collision,,,,,,,,,,,2,2,1,1.0,6
201300016055,0013-11-25 11:30:00,13,11,25,11,30,130,55,"1, AVE SALVADOR ALLENDE",43.33006,5.38994,Plein jour,En agglomération,Hors intersection,Normale,Deux véhicules - côté,,,,,,,,,,,1,2,1,1.0,3
201300016056,0013-11-26 08:40:00,13,11,26,8,40,130,55,"25, AVE DE FRAIS VALLON",43.32486,5.42667,Plein jour,En agglomération,Hors intersection,Normale,Deux véhicules - arrière,,,,,,,,,,,1,2,1,1.0,2
201300016057,0013-11-27 07:20:00,13,11,27,7,20,130,55,"9, BD GAY LUSSAC",43.33144,5.37469,Crépuscule ou aube,En agglomération,Hors intersection,Pluie forte,Deux véhicules - côté,,,,,,,,,,,2,2,1,3.0,3
201300016058,0013-11-28 07:00:00,13,11,28,7,0,130,55,AVE MERLEAU PONTY,,,Nuit avec éclairage allumé,En agglomération,Hors intersection,Normale,Deux véhicules - côté,,,,,,,,,,,5,2,1,1.0,3
201300016059,0013-11-28 13:35:00,13,11,28,13,35,130,55,"39, AVE DE FRAIS VALLON",43.32486,5.42662,Plein jour,Hors agglomération,Hors intersection,Normale,Autre collision,,,,,,,,,,,1,1,1,1.0,6
201300016060,0013-11-29 18:45:00,13,11,29,18,45,130,55,"14, CH DU VALLON VERT",43.33499,5.45243,Nuit avec éclairage allumé,En agglomération,Intersection en T,Normale,Deux véhicules - côté,,,,,,,,,,,5,2,3,1.0,3
201300016061,0013-12-01 18:50:00,13,12,1,18,50,130,55,"46, AVE ALEXANDRE FLEMIN",43.31555,5.40164,Nuit avec éclairage allumé,En agglomération,Hors intersection,Normale,Trois véhicules et plus - en chaîne,,,,,,,,,,,5,2,1,1.0,4
201300016062,0013-12-02 09:10:00,13,12,2,9,10,130,55,RPT PERE WRESINKI,43.3304,5.41016,Plein jour,Hors agglomération,Giratoire,Normale,Deux véhicules - côté,,,,,,,,,,,1,1,6,1.0,3
201300016063,0013-12-03 15:50:00,13,12,3,15,50,130,55,"55, AVE DE SAINT JEROME",43.33044,5.41917,Plein jour,En agglomération,Hors intersection,Normale,Autre collision,,,,,,,,,,,1,2,1,1.0,6
201300016064,0013-12-15 21:00:00,13,12,15,21,0,130,55,"183, COR PRESIDENT JOHN",43.28452,5.34971,Nuit avec éclairage allumé,En agglomération,Intersection en X,Normale,Autre collision,,,,,,,,,,,5,2,2,1.0,6
201300016065,0013-09-01 20:50:00,13,9,1,20,50,130,55,"00, BD DANIELLE CASANOVA",,,Crépuscule ou aube,En agglomération,Hors intersection,Normale,Autre collision,,,,,,,,,,,2,2,1,1.0,6
201300016066,0013-12-14 21:40:00,13,12,14,21,40,130,55,"106, RTE DES CAMOINS",43.29844,5.49898,Nuit avec éclairage allumé,En agglomération,Hors intersection,Normale,Deux véhicules - arrière,,,,,,,,,,,5,2,1,1.0,2
201300016067,0013-12-15 14:20:00,13,12,15,14,20,130,55,"359, BD MIREILLE LAUZE",43.28602,5.42789,Plein jour,En agglomération,Hors intersection,Normale,Trois véhicules et plus - en chaîne,,,,,,,,,,,1,2,1,1.0,4
201300016068,0013-11-29 08:45:00,13,11,29,8,45,130,55,"17, CHE SAINT JEAN DU DE",43.29289,5.4023,Plein jour,En agglomération,Hors intersection,Normale,Autre collision,,,,,,,,,,,1,2,1,1.0,6
201300016069,0013-11-15 13:10:00,13,11,15,13,10,130,55,"112, AVE DE SAINT JULIEN",43.30639,5.4205,Plein jour,En agglomération,Hors intersection,Normale,Autre collision,,,,,,,,,,,1,2,1,1.0,6
201300016070,0013-12-02 11:00:00,13,12,2,11,0,130,55,AVE DE MAZARGUES,43.26209,5.3933,Crépuscule ou aube,En agglomération,Hors intersection,Normale,Deux véhicules - côté,,,,,,,,,,,2,2,1,1.0,3
201300016071,0013-12-04 19:30:00,13,12,4,19,30,130,55,"265, BD ROMAIN ROLLAND",43.27354,5.41343,Nuit avec éclairage allumé,En agglomération,Hors intersection,Normale,Autre collision,,,,,,,,,,,5,2,1,1.0,6
201300016072,0013-12-04 13:10:00,13,12,4,13,10,130,55,"38, AVE FLORIAN",43.2839,5.4268,Plein jour,En agglomération,Hors intersection,Normale,Deux véhicules - arrière,,,,,,,,,,,1,2,1,1.0,2
201300016073,0013-12-05 23:15:00,13,12,5,23,15,130,55,"01, RUE LAMARTINE",43.30136,5.45772,Nuit avec éclairage allumé,En agglomération,Intersection en T,Normale,Deux véhicules - arrière,,,,,,,,,,,5,2,3,1.0,2
201300016074,0013-12-03 12:25:00,13,12,3,12,25,130,55,"152, AVE DE FRAIS VALLON",43.32469,5.43513,Plein jour,En agglomération,Hors intersection,Normale,Deux véhicules - côté,,,,,,,,,,,1,2,1,1.0,3
201300016075,0013-11-15 16:40:00,13,11,15,16,40,130,55,"00, RUE BERNEX",43.30063,5.38838,Plein jour,En agglomération,Intersection en T,Normale,Deux véhicules - côté,,,,,,,,,,,1,2,3,1.0,3
201300016076,0013-11-21 11:30:00,13,11,21,11,30,130,55,"146, CRS LIEUTAUD",43.28848,5.38446,Plein jour,En agglomération,Hors intersection,Normale,Deux véhicules - frontale,,,,,,,,,,,1,2,1,1.0,1
201300016077,0013-12-09 14:00:00,13,12,9,14,0,130,55,AVE RAIMU,43.33112,5.39813,Plein jour,En agglomération,Intersection en T,Normale,Deux véhicules - côté,,,,,,,,,,,1,2,3,1.0,3
201300016078,0013-12-02 09:10:00,13,12,2,9,10,130,55,AVE DE FRAIS VALLON,,,Plein jour,En agglomération,Hors intersection,Normale,Deux véhicules - arrière,,,,,,,,,,,1,2,1,1.0,2
201300016079,0013-12-10 09:00:00,13,12,10,9,0,130,55,"178, AVE DE LA CROIX ROU",43.33498,5.44369,Plein jour,En agglomération,Hors intersection,Normale,Deux véhicules - côté,,,,,,,,,,,1,2,1,1.0,3
201300016080,0013-11-12 14:15:00,13,11,12,14,15,130,55,"95, BD SAKAKINI",43.29375,5.40161,Plein jour,En agglomération,Intersection en X,Normale,Sans collision,,,,,,,,,,,1,2,2,1.0,7
201300016081,0013-11-18 00:01:00,13,11,18,0,1,130,55,VSN MARECHAL JUIN FLEMIN,43.31356,5.40555,Nuit avec éclairage allumé,En agglomération,Autre intersection,Normale,Autre collision,,,,,,,,,,,5,2,9,1.0,6
201300016082,0013-12-05 14:00:00,13,12,5,14,0,130,55,"69, BD SAKAKINI",43.29581,5.40033,Plein jour,En agglomération,Intersection en X,Normale,Autre collision,,,,,,,,,,,1,2,2,1.0,6
201300016083,0013-12-05 18:44:00,13,12,5,18,44,130,55,"06, CRS GOUFFE",43.28636,5.38577,Nuit avec éclairage allumé,En agglomération,Hors intersection,Normale,Sans collision,,,,,,,,,,,5,2,1,1.0,7
201300016084,0013-11-15 14:00:00,13,11,15,14,0,130,55,"11, RUE FRANCOIS SIMON",43.31123,5.38972,Plein jour,En agglomération,Hors intersection,Normale,Deux véhicules - côté,,,,,,,,,,,1,2,1,1.0,3
201300016085,0013-11-09 09:35:00,13,11,9,9,35,130,55,"70, AVE DE HAMBOURG",43.25116,5.38796,Plein jour,En agglomération,Hors intersection,Normale,Deux véhicules - côté,,,,,,,,,,,1,2,1,1.0,3
201300016086,0013-11-14 16:00:00,13,11,14,16,0,130,55,RPT LOUIS NATTERO,,,Plein jour,En agglomération,Hors intersection,Temps éblouissant,Autre collision,,,,,,,,,,,1,2,1,7.0,6
201300016087,0013-11-21 14:00:00,13,11,21,14,0,130,55,"541, AVE DU PRADO",43.26436,5.37864,Plein jour,En agglomération,Intersection en T,Normale,Deux véhicules - côté,,,,,,,,,,,1,2,3,1.0,3