accident_id,datetime,annee,mois,jour,heure,minute,departement,commune_insee,adresse,latitude,longitude,luminosite,agglomeration,intersection,meteo,collision,nb_vehicules,nb_usagers,nb_indemnes,nb_tues,nb_blesses_hosp,nb_blesses_legers,age_cond_1,age_cond_2,veh_type_cond_1,veh_type_cond_2,lum_code,agg_code,int_code,atm_code,col_code
201300016088,0013-11-29 16:25:00,13,11,29,16,25,130,55,"38, AVE BENJAMIN DELESSE",43.28444,5.40462,Plein jour,En agglomération,Intersection en T,Normale,Deux véhicules - côté,,,,,,,,,,,1,2,3,1.0,3
201300016089,0013-12-04 11:30:00,13,12,4,11,30,130,55,"133, RUE DENIS MAGDELON",43.24657,5.40435,Plein jour,En agglomération,Hors intersection,Normale,Autre collision,,,,,,,,,,,1,2,1,1.0,6
201300016090,0013-12-05 01:40:00,13,12,5,1,40,130,55,BD SCHLOESING,,,Nuit avec éclairage allumé,En agglomération,Hors intersection,Normale,Deux véhicules - arrière,,,,,,,,,,,5,2,1,1.0,2
201300016091,0013-11-11 10:45:00,13,11,11,10,45,130,55,".., AVE DES PEINTRES ROU",,,Plein jour,En agglomération,Hors intersection,Normale,Deux véhicules - arrière,,,,,,,,,,,1,2,1,1.0,2
201300016092,0013-12-04 17:45:00,13,12,4,17,45,130,55,BD GUSTAVE GANAY,43.26652,5.40222,Crépuscule ou aube,En agglomération,Intersection en T,Normale,Deux véhicules - côté,,,,,,,,,,,2,2,3,1.0,3
201300016093,0013-11-14 08:10:00,13,11,14,8,10,130,2,PROVENCE (AVENUE DE),,,Plein jour,En agglomération,Hors intersection,Normale,Deux véhicules - arrière,,,,,,,,,,,1,2,1,1.0,2
201300016094,0013-11-19 06:30:00,13,11,19,6,30,130,2,CANTON VERT (AVENUE DU),43.34194,5.47126,Nuit avec éclairage allumé,En agglomération,Hors intersection,Pluie forte,Autre collision,,,,,,,,,,,5,2,1,3.0,6
201300016095,0013-12-17 20:40:00,13,12,17,20,40,130,55,"169, BD ROMAIN ROLLAND",43.27612,5.41775,Nuit avec éclairage allumé,En agglomération,Hors intersection,Normale,Autre collision,,,,,,,,,,,5,2,1,1.0,6
201300016096,0013-12-18 13:30:00,13,12,18,13,30,130,55,"74, AVE JULES CANTINI",43.28263,5.3897,Plein jour,En agglomération,Hors intersection,Normale,Sans collision,,,,,,,,,,,1,2,1,1.0,7
201300016097,0013-12-02 05:00:00,13,12,2,5,0,130,55,"26, BD BUREL",43.317,5.38957,Crépuscule ou aube,En agglomération,Hors intersection,Normale,Sans collision,,,,,,,,,,,2,2,1,1.0,7
201300016098,0013-12-05 18:15:00,13,12,5,18,15,130,55,"41, RUE DE LA MAURELLE",43.32485,5.43858,Nuit avec éclairage allumé,En agglomération,Hors intersection,Normale,Deux véhicules - côté,,,,,,,,,,,5,2,1,1.0,3
201300016099,0013-12-06 09:05:00,13,12,6,9,5,130,55,"173, CHE DE LA MADRAGUE",43.32858,5.35922,Plein jour,En agglomération,Intersection en T,Normale,Autre collision,,,,,,,,,,,1,2,3,1.0,6
201300016100,0013-12-10 07:30:00,13,12,10,7,30,130,55,"15, BD DES DAMES",43.30209,5.37118,Crépuscule ou aube,En agglomération,Hors intersection,Normale,Sans collision,,,,,,,,,,,2,2,1,1.0,7
201300016101,0013-04-26 17:50:00,13,4,26,17,50,130,55,"31, CHE JOSEPH AIGUIER",43.25634,5.40491,Plein jour,En agglomération,Hors intersection,Normale,Deux véhicules - côté,,,,,,,,,,,1,2,1,1.0,3
201300016102,0013-11-22 14:00:00,13,11,22,14,0,130,55,"263, AVE DU PRADO",43.27406,5.39042,Plein jour,En agglomération,Intersection en T,Temps couvert,Deux véhicules - côté,,,,,,,,,,,1,2,3,8.0,3
201300016103,0013-11-22 17:30:00,13,11,22,17,30,130,55,AVE JEAN LOMBARD,43.28892,5.42907,Nuit avec éclairage allumé,En agglomération,Intersection en T,Normale,Deux véhicules - côté,,,,,,,,,,,5,2,3,1.0,3
201300016104,0013-11-28 12:30:00,13,11,28,12,30,130,55,RTE DE LA SABLIERE,,,Plein jour,Hors agglomération,Giratoire,Normale,Trois véhicules et plus - en chaîne,,,,,,,,,,,1,1,6,1.0,4
201300016105,0013-12-01 16:15:00,13,12,1,16,15,130,55,"11, AVE FRANCOIS CHARDIG",43.29358,5.4836,Plein jour,En agglomération,Hors intersection,Normale,Deux véhicules - côté,,,,,,,,,,,1,2,1,1.0,3
201300016106,0013-12-04 11:15:00,13,12,4,11,15,130,55,BD MIREILLE LAUZE,,,Plein jour,En agglomération,Hors intersection,Normale,Deux véhicules - côté,,,,,,,,,,,1,2,1,1.0,3
201300016107,0013-12-11 06:45:00,13,12,11,6,45,130,55,"2, AVE DES FELIBRES",43.31143,5.42296,Nuit avec éclairage allumé,En agglomération,Hors intersection,Normale,Deux véhicules - côté,,,,,,,,,,,5,2,1,1.0,3
201300016108,0013-12-11 18:45:00,13,12,11,18,45,130,55,"16, BD DE LA COOPERATIVE",43.29703,5.48184,Nuit avec éclairage allumé,En agglomération,Intersection en T,Autre,Deux véhicules - côté,,,,,,,,,,,5,2,3,9.0,3
201300016109,0013-12-12 17:15:00,13,12,12,17,15,130,55,"49, CHE DE LA MARRE",43.32829,5.44381,Nuit avec éclairage allumé,En agglomération,Intersection en T,Normale,Trois véhicules et plus - collisions multiples,,,,,,,,,,,5,2,3,1.0,5
201300016110,0013-12-04 09:30:00,13,12,4,9,30,130,55,RPT PROFESSEUR PIERRE GO,43.24167,5.3971,Plein jour,En agglomération,Giratoire,Temps éblouissant,Deux véhicules - côté,,,,,,,,,,,1,2,6,7.0,3
201300016111,0013-12-09 15:30:00,13,12,9,15,30,130,55,"320, BD CHAVE",43.29607,5.4047,Plein jour,En agglomération,Hors intersection,Normale,Sans collision,,,,,,,,,,,1,2,1,1.0,7
201300016112,0013-12-09 19:20:00,13,12,9,19,20,130,55,"269, COR PRESIDENT JOHN",43.28019,5.35362,Nuit avec éclairage allumé,En agglomération,Hors intersection,Normale,Autre collision,,,,,,,,,,,5,2,1,1.0,6
201300016113,0013-11-22 14:50:00,13,11,22,14,50,130,55,PCE BOUGAINVILLE,43.31947,5.36797,Plein jour,En agglomération,Hors intersection,Normale,Deux véhicules - côté,,,,,,,,,,,1,2,1,1.0,3
201300016114,0013-12-07 19:10:00,13,12,7,19,10,130,55,"63, AVE CLAUDE MONET",43.32633,5.39453,Nuit avec éclairage allumé,En agglomération,Hors intersection,Normale,Deux véhicules - côté,,,,,,,,,,,5,2,1,1.0,3
201300016115,0013-12-10 18:30:00,13,12,10,18,30,130,55,"76, BD DES DAMES",43.30247,5.36947,Nuit avec éclairage allumé,En agglomération,Hors intersection,Normale,Deux véhicules - côté,,,,,,,,,,,5,2,1,1.0,3
201300016116,0013-12-16 09:50:00,13,12,16,9,50,130,55,AVE DES AYGALADES,,,Plein jour,En agglomération,Hors intersection,Normale,Deux véhicules - frontale,,,,,,,,,,,1,2,1,1.0,1
201300016117,0013-12-01 18:00:00,13,12,1,18,0,130,55,"27, AVE DE MONTOLIVET",43.30819,5.40325,Nuit avec éclairage allumé,En agglomération,Hors intersection,Normale,Deux véhicules - frontale,,,,,,,,,,,5,2,1,1.0,1
201300016118,0013-12-02 12:05:00,13,12,2,12,5,130,55,"36, RUE DU PROGRES",43.29661,5.39148,Plein jour,En agglomération,Hors intersection,Normale,Autre collision,,,,,,,,,,,1,2,1,1.0,6
201300016119,0013-11-04 09:00:00,13,11,4,9,0,130,55,"140, BD DE PONT DE VIVAU",43.2816,5.42455,Plein jour,En agglomération,Hors intersection,Pluie légère,Deux véhicules - côté,,,,,,,,,,,1,2,1,2.0,3
201300016120,0013-11-15 08:30:00,13,11,15,8,30,130,55,"399, RUE PARADIS",43.27521,5.38444,Plein jour,En agglomération,Hors intersection,Normale,Autre collision,,,,,,,,,,,1,2,1,1.0,6
201300016121,0013-11-19 08:50:00,13,11,19,8,50,130,55,"144, BD DE SAINT LOUP",43.28326,5.43343,Plein jour,En agglomération,Hors intersection,Pluie légère,Autre collision,,,,,,,,,,,1,2,1,2.0,6
201300016122,0013-11-19 12:50:00,13,11,19,12,50,130,55,"262, BD DE SAINTE MARGUE",43.26122,5.41496,Plein jour,En agglomération,Hors intersection,Normale,Deux véhicules - côté,,,,,,,,,,,1,2,1,1.0,3
201300016123,0013-11-26 19:55:00,13,11,26,19,55,130,55,"49, RUE AUGUSTIN AUBERT",43.26717,5.40264,Nuit avec éclairage allumé,En agglomération,Hors intersection,Normale,Trois véhicules et plus - en chaîne,,,,,,,,,,,5,2,1,1.0,4
201300016124,0013-10-14 10:30:00,13,10,14,10,30,130,55,"174, BD DE SAINT LOUP",43.28412,5.43578,Plein jour,En agglomération,Hors intersection,Normale,Deux véhicules - frontale,,,,,,,,,,,1,2,1,1.0,1
201300016125,0013-10-18 16:20:00,13,10,18,16,20,130,55,AVE DU PRADO,43.27122,5.38934,Plein jour,En agglomération,Hors intersection,Normale,Sans collision,,,,,,,,,,,1,2,1,1.0,7
201300016126,0013-11-14 22:00:00,13,11,14,22,0,130,55,"88, BD DE LA BARASSE RN",43.28563,5.48043,Nuit avec éclairage allumé,En agglomération,Hors intersection,Normale,Deux véhicules - frontale,,,,,,,,,,,5,2,1,1.0,1
201300016127,0013-11-22 16:30:00,13,11,22,16,30,130,55,"0, AVE DE MAZARGUES",43.2498,5.39625,Plein jour,En agglomération,Hors intersection,Normale,Deux véhicules - côté,,,,,,,,,,,1,2,1,1.0,3
201300016128,0013-12-05 08:50:00,13,12,5,8,50,130,55,AVE*FLORIAN,43.2857,5.42536,Plein jour,En agglomération,Giratoire,Normale,Sans collision,,,,,,,,,,,1,2,6,1.0,7
201300016129,0013-12-07 10:45:00,13,12,7,10,45,130,55,"124, RUE PIERRE DOIZE",43.27707,5.42722,Plein jour,En agglomération,Hors intersection,Normale,Trois véhicules et plus - collisions multiples,,,,,,,,,,,1,2,1,1.0,5
201300016130,0013-11-05 17:00:00,13,11,5,17,0,130,55,"29, AVE DU DOCTEUR HECKE",43.28866,5.44156,Plein jour,En agglomération,Hors intersection,Normale,Autre collision,,,,,,,,,,,1,2,1,1.0,6
201300016131,0013-12-17 10:20:00,13,12,17,10,20,130,55,"52, BD MIREILLE LAUZE",43.28258,5.40661,Plein jour,En agglomération,Hors intersection,Pluie légère,Deux véhicules - côté,,,,,,,,,,,1,2,1,2.0,3
201300016132,0013-09-24 23:10:00,13,9,24,23,10,130,55,"216, BD HENRI BARNIER",43.36791,5.34422,Nuit avec éclairage allumé,Hors agglomération,Hors intersection,Normale,Deux véhicules - côté,,,,,,,,,,,5,1,1,1.0,3
201300016133,0013-11-21 08:15:00,13,11,21,8,15,130,55,"71, CHE DE SAINT ANTOINE",43.35406,5.37124,Plein jour,En agglomération,Hors intersection,Pluie légère,Deux véhicules - arrière,,,,,,,,,,,1,2,1,2.0,2
201300016134,0013-11-21 10:10:00,13,11,21,10,10,130,55,"53, AVE COROT",43.32183,5.40771,Plein jour,En agglomération,Hors intersection,Normale,Deux véhicules - arrière,,,,,,,,,,,1,2,1,1.0,2
201300016135,0013-11-28 16:00:00,13,11,28,16,0,130,55,BD PIERRE DRAMARD,43.37755,5.36154,Plein jour,En agglomération,Hors intersection,Normale,Autre collision,,,,,,,,,,,1,2,1,1.0,6
201300016136,0013-12-04 17:00:00,13,12,4,17,0,130,55,AVE JEAN PAUL SARTRE,,,Nuit avec éclairage allumé,En agglomération,Hors intersection,Normale,Autre collision,,,,,,,,,,,5,2,1,1.0,6
201300016137,0013-12-06 14:50:00,13,12,6,14,50,130,55,"50, BD PERRIN",43.31933,5.40812,Plein jour,En agglomération,Intersection en X,Normale,Sans collision,,,,,,,,,,,1,2,2,1.0,7
201300016138,0013-12-06 16:15:00,13,12,6,16,15,130,55,"17, AVE ALEXANDRE FLEMIN",43.31492,5.39089,Nuit avec éclairage allumé,En agglomération,Intersection en X,Normale,Autre collision,,,,,,,,,,,5,2,2,1.0,6
201300016139,0013-12-08 10:30:00,13,12,8,10,30,130,55,RPT PIERRE PARAF,43.33039,5.41009,Plein jour,En agglomération,Giratoire,Normale,Deux véhicules - côté,,,,,,,,,,,1,2,6,1.0,3
201300016140,0013-12-09 06:55:00,13,12,9,6,55,130,55,AVE JEAN PAUL SARTRE,,,Nuit avec éclairage allumé,En agglomération,Hors intersection,Normale,Deux véhicules - côté,,,,,,,,,,,5,2,1,1.0,3
201300016141,0013-12-13 13:15:00,13,12,13,13,15,130,55,"261, CHE DE SAINTE MARTH",43.33345,5.39062,Plein jour,En agglomération,Hors intersection,Normale,Sans collision,,,,,,,,,,,1,2,1,1.0,7
201300016142,0013-12-13 15:35:00,13,12,13,15,35,130,55,"127, BD DANIELLE CASANOV",43.32589,5.37434,Plein jour,En agglomération,Intersection en T,Normale,Deux véhicules - côté,,,,,,,,,,,1,2,3,1.0,3
201300016143,0013-12-15 16:30:00,13,12,15,16,30,130,55,"1, AVE JENNY HELIA",43.36624,5.35524,Plein jour,En agglomération,Hors intersection,Normale,Trois véhicules et plus - en chaîne,,,,,,,,,,,1,2,1,1.0,4
201300016144,0013-12-17 15:00:00,13,12,17,15,0,130,55,BD CHARLES MATTEI,,,Plein jour,En agglomération,Hors intersection,Normale,Autre collision,,,,,,,,,,,1,2,1,1.0,6
201300016145,0013-05-19 22:00:00,13,5,19,22,0,130,55,"2, PRO GEORGES POMPIDOU",43.26702,5.37239,Nuit avec éclairage allumé,En agglomération,Hors intersection,Normale,Autre collision,,,,,,,,,,,5,2,1,1.0,6
201300016146,0013-11-19 20:30:00,13,11,19,20,30,130,55,"22, RPT COLLINE ST JOSEP",43.25692,5.41054,Nuit avec éclairage allumé,En agglomération,Hors intersection,Normale,Deux véhicules - côté,,,,,,,,,,,5,2,1,1.0,3
201300016147,0013-11-25 19:15:00,13,11,25,19,15,130,55,"35, AVE ALEXANDRE DUMAS",43.26366,5.38944,Nuit avec éclairage allumé,En agglomération,Intersection en T,Normale,Sans collision,,,,,,,,,,,5,2,3,1.0,7
201300016148,0013-11-26 18:30:00,13,11,26,18,30,130,55,"89, AVE CLOT BEY",43.259,5.38515,Nuit avec éclairage allumé,En agglomération,Hors intersection,Normale,Deux véhicules - frontale,,,,,,,,,,,5,2,1,1.0,1
201300016149,0013-12-05 10:30:00,13,12,5,10,30,130,55,RTE DE LA SABLIERE,,,Plein jour,En agglomération,Giratoire,Normale,Deux véhicules - côté,,,,,,,,,,,1,2,6,1.0,3
201300016150,0013-12-11 11:40:00,13,12,11,11,40,130,55,"63, RUE DE L' AIGUILLETT",43.31411,5.42774,Plein jour,En agglomération,Hors intersection,Normale,Autre collision,,,,,,,,,,,1,2,1,1.0,6
201300016151,0013-12-08 20:20:00,13,12,8,20,20,130,55,"87, RUE SAINT JEAN DU DE",43.29702,5.43416,Nuit avec éclairage allumé,En agglomération,Hors intersection,Normale,Autre collision,,,,,,,,,,,5,2,1,1.0,6
201300016152,0013-12-14 16:20:00,13,12,14,16,20,130,55,"21, AVE DE LA CAPELETTE",43.28362,5.39984,Plein jour,En agglomération,Hors intersection,Normale,Autre collision,,,,,,,,,,,1,2,1,1.0,6
201300016153,0013-12-16 18:45:00,13,12,16,18,45,130,55,"13, AVE DE LA GROGNARDE",43.29036,5.43621,Nuit avec éclairage allumé,En agglomération,Hors intersection,Normale,Deux véhicules - côté,,,,,,,,,,,5,2,1,1.0,3
201300016154,0013-11-29 07:00:00,13,11,29,7,0,130,55,"1, RUE ALBERT EINSTEIN",43.33412,5.43179,Crépuscule ou aube,En agglomération,Hors intersection,Normale,Deux véhicules - côté,,,,,,,,,,,2,2,1,1.0,3
201300016155,0013-09-24 18:30:00,13,9,24,18,30,130,55,"165, AVE DE SAINT MENET",43.28924,5.49661,Plein jour,Hors agglomération,Hors intersection,Normale,Deux véhicules - arrière,,,,,,,,,,,1,1,1,1.0,2
201300016156,0013-11-18 18:15:00,13,11,18,18,15,130,55,"0, AVE DE LA FOURRAGERE",43.30256,5.42922,Nuit avec éclairage allumé,En agglomération,Hors intersection,Pluie légère,Autre collision,,,,,,,,,,,5,2,1,2.0,6
201300016157,0013-12-03 17:10:00,13,12,3,17,10,130,2,QUATRE SAISONS (ROUTE DE,,,Nuit sans éclairage public,En agglomération,Hors intersection,Normale,Deux véhicules - côté,,,,,,,,,,,3,2,1,1.0,3
201300016158,0013-12-16 06:15:00,13,12,16,6,15,130,55,"14, RUE D ANTHOINE",43.31611,5.36714,Nuit sans éclairage public,En agglomération,Hors intersection,Normale,Autre collision,,,,,,,,,,,3,2,1,1.0,6
201300016159,0013-11-28 16:45:00,13,11,28,16,45,130,55,"280, CHE DE SAINT ANTOIN",43.37533,5.35588,Plein jour,En agglomération,Hors intersection,Normale,Autre collision,,,,,,,,,,,1,2,1,1.0,6
201300016160,0013-12-01 12:00:00,13,12,1,12,0,130,55,"17, AVE CAMILLE PELLETAN",43.30318,5.37399,Plein jour,En agglomération,Hors intersection,Normale,Deux véhicules - côté,,,,,,,,,,,1,2,1,1.0,3
201300016161,0013-12-07 14:20:00,13,12,7,14,20,130,55,AVE ESCADRILLE NORMANDIE,,,Plein jour,En agglomération,Hors intersection,Normale,Sans collision,,,,,,,,,,,1,2,1,1.0,7
201300016162,0013-12-07 16:15:00,13,12,7,16,15,130,55,"63, RUE FELIX PYAT",43.31469,5.37553,Plein jour,En agglomération,Autre intersection,Normale,Deux véhicules - côté,,,,,,,,,,,1,2,9,1.0,3
201300016163,0013-12-11 15:00:00,13,12,11,15,0,130,55,"1, QAI DU PORT",43.29624,5.37333,Plein jour,En agglomération,Hors intersection,Normale,Deux véhicules - côté,,,,,,,,,,,1,2,1,1.0,3
201300016164,0013-12-12 18:00:00,13,12,12,18,0,130,55,"38, CHE DE LA BIGOTTE",43.38585,5.36906,Nuit avec éclairage allumé,En agglomération,Hors intersection,Normale,Deux véhicules - côté,,,,,,,,,,,5,2,1,1.0,3
201300016165,0013-12-17 18:40:00,13,12,17,18,40,130,55,"01, AVE DES OLIVES",43.32985,5.42941,Nuit avec éclairage allumé,En agglomération,Hors intersection,Normale,Autre collision,,,,,,,,,,,5,2,1,1.0,6
201300016166,0013-12-18 10:00:00,13,12,18,10,0,130,55,AVE DU CAP PINEDE ROC 3,,,Plein jour,En agglomération,Hors intersection,Normale,Autre collision,,,,,,,,,,,1,2,1,1.0,6
201300016167,0013-12-19 13:30:00,13,12,19,13,30,130,55,BD DU CAPITAINE GEZE,43.33137,5.37685,Plein jour,En agglomération,Hors intersection,Pluie forte,Sans collision,,,,,,,,,,,1,2,1,3.0,7
201300016168,0013-12-06 21:40:00,13,12,6,21,40,130,55,"19, BD SAKAKINI",43.29796,5.40093,Nuit avec éclairage allumé,En agglomération,Hors intersection,Normale,Deux véhicules - arrière,,,,,,,,,,,5,2,1,1.0,2
201300016169,0013-09-18 17:00:00,13,9,18,17,0,130,55,"41, CHE DE NOTRE DAME DE",43.34043,5.42454,Plein jour,En agglomération,Hors intersection,Normale,Deux véhicules - côté,,,,,,,,,,,1,2,1,1.0,3
201300016170,0013-11-06 13:45:00,13,11,6,13,45,130,55,"23, RUE D' ITALIE",43.29016,5.38196,Plein jour,En agglomération,Intersection en X,Normale,Deux véhicules - côté,,,,,,,,,,,1,2,2,1.0,3
201300016171,0013-11-30 17:30:00,13,11,30,17,30,130,55,VOI LA CANEBIERE,,,Crépuscule ou aube,En agglomération,Hors intersection,Normale,Autre collision,,,,,,,,,,,2,2,1,1.0,6
201300016172,0013-12-12 15:10:00,13,12,12,15,10,130,55,BD D ATHENES,,,Plein jour,En agglomération,Hors intersection,Normale,Deux véhicules - côté,,,,,,,,,,,1,2,1,1.0,3
201300016173,0013-12-16 08:10:00,13,12,16,8,10,130,55,"22, BD CAMILLE FLAMMARIO",43.3042,5.38813,Crépuscule ou aube,En agglomération,Hors intersection,Normale,Deux véhicules - arrière,,,,,,,,,,,2,2,1,1.0,2
201300016174,0013-12-16 10:00:00,13,12,16,10,0,130,55,AVE ALEXANDRE FLEMING,,,Plein jour,En agglomération,Hors intersection,Normale,Autre collision,,,,,,,,,,,1,2,1,1.0,6
201300016175,0013-11-07 12:10:00,13,11,7,12,10,130,55,CHE DE LA STATION DU CAN,43.33176,5.387,Plein jour,En agglomération,Hors intersection,Normale,Deux véhicules - côté,,,,,,,,,,,1,2,1,1.0,3
201300016176,0013-11-12 10:20:00,13,11,12,10,20,130,55,"527, CHE DE LA MADRAGUE",43.34601,5.35467,Plein jour,En agglomération,Hors intersection,Normale,Deux véhicules - arrière,,,,,,,,,,,1,2,1,1.0,2
201300016177,0013-11-29 19:40:00,13,11,29,19,40,130,55,AVE ALEXANDRE FLEMING,,,Nuit avec éclairage allumé,En agglomération,Hors intersection,Normale,Deux véhicules - arrière,,,,,,,,,,,5,2,1,1.0,2
201300016178,0013-12-05 12:00:00,13,12,5,12,0,130,55,TRA DE CHANTE PERDRIX,43.27415,5.435,Plein jour,En agglomération,Hors intersection,Normale,Deux véhicules - côté,,,,,,,,,,,1,2,1,1.0,3
201300016179,0013-12-28 23:10:00,13,12,28,23,10,130,55,"317, COR PRESIDENT JOHN",43.2753,5.36001,Nuit avec éclairage allumé,En agglomération,Hors intersection,Temps couvert,Sans collision,,,,,,,,,,,5,2,1,8.0,7
201300016180,0013-12-29 06:30:00,13,12,29,6,30,130,75,"98, FREDERIC MISTRAL (AV",43.35114,5.47187,Nuit avec éclairage allumé,En agglomération,Hors intersection,Normale,Autre collision,,,,,,,,,,,5,2,1,1.0,6
201300016181,0013-12-30 11:00:00,13,12,30,11,0,130,55,29 Boulevard Roland Dorg,43.34705,5.37885,Plein jour,En agglomération,Hors intersection,Normale,Autre collision,,,,,,,,,,,1,2,1,1.0,6
201300016182,0013-11-08 16:00:00,13,11,8,16,0,130,55,"111, BD NATIONAL",43.30694,5.38257,Plein jour,En agglomération,Hors intersection,Normale,Deux véhicules - côté,,,,,,,,,,,1,2,1,1.0,3
201300016183,0013-12-18 13:30:00,13,12,18,13,30,130,55,"199, AVE DE SAINT LOUIS",43.35108,5.3585,Plein jour,En agglomération,Hors intersection,Normale,Deux véhicules - côté,,,,,,,,,,,1,2,1,1.0,3
201300016184,0013-09-22 17:55:00,13,9,22,17,55,130,55,"156, BD RABATAU",43.28142,5.39936,Plein jour,En agglomération,Hors intersection,Normale,Autre collision,,,,,,,,,,,1,2,1,1.0,6
201300016185,0013-10-27 03:00:00,13,10,27,3,0,130,55,"250, BD MIREILLE LAUZE",43.2842,5.41973,Nuit avec éclairage allumé,En agglomération,Hors intersection,Normale,Autre collision,,,,,,,,,,,5,2,1,1.0,6
201300016186,0013-12-12 11:00:00,13,12,12,11,0,130,55,"8, RUE LOUIS REGE",43.28124,5.38994,Plein jour,En agglomération,Hors intersection,Normale,Deux véhicules - côté,,,,,,,,,,,1,2,1,1.0,3
201300016187,0013-06-13 11:05:00,13,6,13,11,5,130,55,"76, TRA DU MAROC",43.31451,5.45483,Plein jour,En agglomération,Hors intersection,Normale,Autre collision,,,,,,,,,,,1,2,1,1.0,6
201300016188,0013-06-28 20:45:00,13,6,28,20,45,130,55,"596, CHE DU LITTORAL",43.35368,5.33057,Nuit avec éclairage allumé,En agglomération,Hors intersection,Normale,Deux véhicules - frontale,,,,,,,,,,,5,2,1,1.0,1
201300016189,0013-11-20 15:00:00,13,11,20,15,0,130,55,"1, CHE DE SAINT ANTOINE",43.36568,5.35685,Plein jour,En agglomération,Hors intersection,Normale,Deux véhicules - côté,,,,,,,,,,,1,2,1,1.0,3
201300016190,0013-12-02 21:40:00,13,12,2,21,40,130,55,"160, BD BAILLE",43.28855,5.39358,Nuit avec éclairage allumé,Hors agglomération,Hors intersection,Normale,Deux véhicules - frontale,,,,,,,,,,,5,1,1,1.0,1
201300016191,0013-01-15 07:30:00,13,1,15,7,30,130,39,RPortuaire 544,43.44248,4.91373,Crépuscule ou aube,Hors agglomération,Intersection en Y,Pluie légère,Deux véhicules - côté,,,,,,,,,,,2,1,4,2.0,3
201300016192,0013-01-17 11:45:00,13,1,17,11,45,130,39,MICHEL LOUISE (Avenue),43.46499,4.93987,Plein jour,Hors agglomération,Hors intersection,Normale,Deux véhicules - côté,,,,,,,,,,,1,1,1,1.0,3
201300016193,0013-01-17 13:35:00,13,1,17,13,35,130,77,DRAILLE (chemin de la),43.41766,4.99364,Plein jour,En agglomération,Intersection en X,Normale,Deux véhicules - côté,,,,,,,,,,,1,2,2,1.0,3
201300016194,0013-01-10 13:55:00,13,1,10,13,55,130,56,PARKING GENERAL LECLERC,43.40294,5.05745,Plein jour,En agglomération,Hors intersection,Normale,Deux véhicules - côté,,,,,,,,,,,1,2,1,1.0,3
201300016195,0013-01-21 08:10:00,13,1,21,8,10,130,39,MARECHAL JUIN (rond-poin,43.46511,4.94116,Crépuscule ou aube,En agglomération,Giratoire,Normale,Autre collision,,,,,,,,,,,2,2,6,1.0,6
201300016196,0013-01-26 12:00:00,13,1,26,12,0,130,56,RN 568,43.40745,5.05476,Plein jour,Hors agglomération,Hors intersection,Normale,Deux véhicules - côté,,,,,,,,,,,1,1,1,1.0,3
201300016197,0013-01-28 10:00:00,13,1,28,10,0,130,56,TURCAN FRANCIS,43.4117,5.04386,Plein jour,En agglomération,Hors intersection,Normale,Deux véhicules - arrière,,,,,,,,,,,1,2,1,1.0,2
201300016198,0013-01-27 18:50:00,13,1,27,18,50,130,56,ROUTE DE SAINT PIERRE,43.38313,5.06535,Nuit sans éclairage public,Hors agglomération,Hors intersection,Normale,Deux véhicules - frontale,,,,,,,,,,,3,1,1,1.0,1
201300016199,0013-02-04 13:45:00,13,2,4,13,45,130,39,RN 268,43.48556,4.8838,Plein jour,Hors agglomération,Autre intersection,Normale,Sans collision,,,,,,,,,,,1,1,9,1.0,7
201300016200,0013-02-07 22:50:00,13,2,7,22,50,130,26,CD 48 A,,,Nuit sans éclairage public,Hors agglomération,Hors intersection,Normale,Autre collision,,,,,,,,,,,3,1,1,1.0,6
201300016201,0013-02-13 18:45:00,13,2,13,18,45,130,26,RN 568,,,Nuit sans éclairage public,Hors agglomération,Hors intersection,Normale,Deux véhicules - frontale,,,,,,,,,,,3,1,1,1.0,1
201300016202,0013-02-16 19:35:00,13,2,16,19,35,130,26,RN 568 CLM,43.39009,5.16636,Nuit sans éclairage public,Hors agglomération,Autre intersection,Normale,Trois véhicules et plus - collisions multiples,,,,,,,,,,,3,1,9,1.0,5
201300016203,0013-02-19 13:45:00,13,2,19,13,45,130,39,SAINT-GERVAIS (Carrefour,43.43285,4.94153,Plein jour,Hors agglomération,Autre intersection,Normale,Deux véhicules - arrière,,,,,,,,,,,1,1,9,1.0,2
201300016204,0013-03-03 09:10:00,13,3,3,9,10,130,39,RN 568,,,Plein jour,Hors agglomération,Hors intersection,Normale,Sans collision,,,,,,,,,,,1,1,1,1.0,7
201300016205,0013-02-18 12:00:00,13,2,18,12,0,130,56,RAYETTES,43.42075,5.0359,Plein jour,En agglomération,Intersection en T,Normale,Deux véhicules - côté,,,,,,,,,,,1,2,3,1.0,3
201300016206,0013-02-25 19:30:00,13,2,25,19,30,130,39,RN 568,43.43285,4.94148,Nuit sans éclairage public,Hors agglomération,Hors intersection,Normale,Deux véhicules - arrière,,,,,,,,,,,3,1,1,1.0,2
201300016207,0013-03-03 16:50:00,13,3,3,16,50,130,26,JAI (plage du),,,Plein jour,En agglomération,Hors intersection,Normale,Sans collision,,,,,,,,,,,1,2,1,1.0,7
201300016208,0013-03-08 19:05:00,13,3,8,19,5,130,26,"0, CHATEAU MOUSTIER (bld",43.38628,5.15335,Nuit avec éclairage allumé,En agglomération,Hors intersection,Normale,Deux véhicules - côté,,,,,,,,,,,5,2,1,1.0,3