accident_id,datetime,annee,mois,jour,heure,minute,departement,commune_insee,adresse,latitude,longitude,luminosite,agglomeration,intersection,meteo,collision,nb_vehicules,nb_usagers,nb_indemnes,nb_tues,nb_blesses_hosp,nb_blesses_legers,age_cond_1,age_cond_2,veh_type_cond_1,veh_type_cond_2,lum_code,agg_code,int_code,atm_code,col_code
201300016334,0013-07-13 11:10:00,13,7,13,11,10,300,32,FARCIENNES AVENUE DE,,,Plein jour,En agglomération,Hors intersection,Normale,Trois véhicules et plus - en chaîne,,,,,,,,,,,1,2,1,1.0,4
201300016335,0013-07-15 05:05:00,13,7,15,5,5,130,108,VALLABREGUES ( RD 81 ROU,43.81975,4.65179,Nuit sans éclairage public,Hors agglomération,Hors intersection,Normale,Sans collision,,,,,,,,,,,3,1,1,1.0,7
201300016336,0013-07-16 07:30:00,13,7,16,7,30,300,32,COMPS ROUTE DE,,,Plein jour,Hors agglomération,Hors intersection,Normale,Sans collision,,,,,,,,,,,1,1,1,1.0,7
201300016337,0013-07-24 17:15:00,13,7,24,17,15,300,32,COMPS ROUTE DE,43.82921,4.6155,Plein jour,Hors agglomération,Hors intersection,Normale,Deux véhicules - frontale,,,,,,,,,,,1,1,1,1.0,1
201300016338,0013-07-25 23:40:00,13,7,25,23,40,300,32,"3723, SAINT GILLES ROUTE",43.79518,4.59869,Nuit sans éclairage public,Hors agglomération,Hors intersection,Normale,Sans collision,,,,,,,,,,,3,1,1,1.0,7
201300016339,0013-07-30 14:40:00,13,7,30,14,40,130,108,RD 570 ROUTE D ARLES ),43.75551,4.68294,Plein jour,Hors agglomération,Autre intersection,Normale,Sans collision,,,,,,,,,,,1,1,9,1.0,7
201300016340,0013-07-27 15:20:00,13,7,27,15,20,130,108,RD 570 ROUTE D ARLES,,,Plein jour,Hors agglomération,Hors intersection,Normale,Sans collision,,,,,,,,,,,1,1,1,1.0,7
201300016341,0013-08-02 09:15:00,13,8,2,9,15,130,108,RD 570 ROUTE D ARLES ),43.78496,4.7046,Plein jour,Hors agglomération,Hors intersection,Normale,Sans collision,,,,,,,,,,,1,1,1,1.0,7
201300016342,0013-08-02 21:13:00,13,8,2,21,13,300,32,CHAMP DE FOIRE ALLEE DU,43.83782,4.34517,Nuit avec éclairage allumé,En agglomération,Hors intersection,Normale,Sans collision,,,,,,,,,,,5,2,1,1.0,7
201300016343,0013-08-07 09:00:00,13,8,7,9,0,300,32,SAINT GILLES ROUTE DE,,,Plein jour,Hors agglomération,Hors intersection,Normale,Autre collision,,,,,,,,,,,1,1,1,1.0,6
201300016344,0013-08-14 13:15:00,13,8,14,13,15,130,108,RD 570 ROUTE D ARLES ),,,Plein jour,Hors agglomération,Hors intersection,Normale,Deux véhicules - frontale,,,,,,,,,,,1,1,1,1.0,1
201300016345,0013-08-10 12:30:00,13,8,10,12,30,130,108,"1, CH?TEAU (RUE)",43.8062,4.65741,Plein jour,En agglomération,Intersection en X,Normale,Deux véhicules - côté,,,,,,,,,,,1,2,2,1.0,3
201300016346,0013-08-15 15:00:00,13,8,15,15,0,130,108,"1, REVOLUTION (RUE)",43.80667,4.66127,Plein jour,En agglomération,Hors intersection,Normale,Sans collision,,,,,,,,,,,1,2,1,1.0,7
201300016347,0013-08-19 12:50:00,13,8,19,12,50,130,108,"1201, RD 970 ROUTE D'AVI",43.81397,4.67203,Plein jour,Hors agglomération,Hors intersection,Normale,Sans collision,,,,,,,,,,,1,1,1,1.0,7
201300016348,0013-08-23 12:10:00,13,8,23,12,10,130,108,RD 570 ROUTE D ARLES ),43.78496,4.7046,Plein jour,Hors agglomération,Hors intersection,Normale,Deux véhicules - côté,,,,,,,,,,,1,1,1,1.0,3
201300016349,0013-08-24 02:00:00,13,8,24,2,0,130,108,RD 570 ROUTE D ARLES ),43.73901,4.67202,Nuit sans éclairage public,Hors agglomération,Hors intersection,Normale,Sans collision,,,,,,,,,,,3,1,1,1.0,7
201300016350,0013-08-24 12:00:00,13,8,24,12,0,300,32,PONT DE CHARANCONNE CHEM,43.79768,4.61925,Plein jour,Hors agglomération,Intersection en X,Normale,Deux véhicules - côté,,,,,,,,,,,1,1,2,1.0,3
201300016351,0013-09-01 07:54:00,13,9,1,7,54,130,108,CD 35 ROUTE DE BOULBON,43.82889,4.67194,Plein jour,Hors agglomération,Hors intersection,Normale,Sans collision,,,,,,,,,,,1,1,1,1.0,7
201300016352,0013-09-01 19:15:00,13,9,1,19,15,130,108,RD 99 ROUTE DE SAINT REM,43.80049,4.67264,Crépuscule ou aube,Hors agglomération,Hors intersection,Normale,Sans collision,,,,,,,,,,,2,1,1,1.0,7
201300016353,0013-09-03 00:20:00,13,9,3,0,20,300,32,DEPARTEMENTALE 90,43.82339,4.61322,Nuit sans éclairage public,Hors agglomération,Hors intersection,Normale,Sans collision,,,,,,,,,,,3,1,1,1.0,7
201300016354,0013-09-04 13:00:00,13,9,4,13,0,300,32,GENERAL DE GAULLE QUAI,43.806,4.64227,Plein jour,En agglomération,Hors intersection,Normale,Deux véhicules - arrière,,,,,,,,,,,1,2,1,1.0,2
201300016355,0013-09-06 08:00:00,13,9,6,8,0,300,32,COMPS ROUTE DE,,,Plein jour,Hors agglomération,Hors intersection,Normale,Deux véhicules - frontale,,,,,,,,,,,1,1,1,1.0,1
201300016356,0013-09-22 12:00:00,13,9,22,12,0,130,108,D33 ROUTE DE FONTVEILLE,,,Plein jour,Hors agglomération,Intersection en T,Normale,Deux véhicules - côté,,,,,,,,,,,1,1,3,1.0,3
201300016357,0013-09-28 14:00:00,13,9,28,14,0,130,45,RD 570 ROUTE D ARLES ),,,Plein jour,Hors agglomération,Giratoire,Normale,Deux véhicules - arrière,,,,,,,,,,,1,1,6,1.0,2
201300016358,0013-09-27 05:15:00,13,9,27,5,15,300,32,FOURQUES ROUTE DE,43.78243,4.62518,Nuit sans éclairage public,Hors agglomération,Hors intersection,Normale,Autre collision,,,,,,,,,,,3,1,1,1.0,6
201300016359,0013-10-23 19:55:00,13,10,23,19,55,300,32,BIJOUTIERS RUE DES,43.80783,4.64554,Nuit avec éclairage allumé,En agglomération,Hors intersection,Normale,Autre collision,,,,,,,,,,,5,2,1,1.0,6
201300016360,0013-10-24 19:45:00,13,10,24,19,45,130,108,D33 ROUTE DE FONTVEILLE,43.76745,4.6935,Nuit sans éclairage public,Hors agglomération,Hors intersection,Normale,Autre collision,,,,,,,,,,,3,1,1,1.0,6
201300016361,0013-10-28 06:30:00,13,10,28,6,30,300,32,CLAUX DE GENESTETS AVENU,,,Nuit avec éclairage non allumé,En agglomération,Hors intersection,Normale,Sans collision,,,,,,,,,,,4,2,1,1.0,7
201300016362,0013-10-31 09:45:00,13,10,31,9,45,300,32,SAINT GILLES ROUTE DE,43.79858,4.60911,Plein jour,Hors agglomération,Hors intersection,Normale,Autre collision,,,,,,,,,,,1,1,1,1.0,6
201300016363,0013-11-02 03:50:00,13,11,2,3,50,130,108,ITAM (BOULEVARD),43.80684,4.65652,Nuit avec éclairage allumé,En agglomération,Hors intersection,Normale,Autre collision,,,,,,,,,,,5,2,1,1.0,6
201300016364,0013-11-15 23:15:00,13,11,15,23,15,130,108,CD 35 ROUTE DE BOULBON,43.845,4.67747,Nuit sans éclairage public,Hors agglomération,Hors intersection,Normale,Sans collision,,,,,,,,,,,3,1,1,1.0,7
201300016365,0013-11-18 07:50:00,13,11,18,7,50,130,108,RD 570 N ROUTE D ARLES,,,Plein jour,Hors agglomération,Hors intersection,Pluie légère,Sans collision,,,,,,,,,,,1,1,1,2.0,7
201300016366,0013-11-22 13:00:00,13,11,22,13,0,130,108,"951, CD 35 ROUTE DE BOUL",43.81912,4.66654,Plein jour,Hors agglomération,Autre intersection,Normale,Deux véhicules - côté,,,,,,,,,,,1,1,9,1.0,3
201300016367,0013-11-20 12:00:00,13,11,20,12,0,130,108,SALENGRO ROGER (AVENUE),43.80703,4.65761,Plein jour,En agglomération,Hors intersection,Normale,Deux véhicules - arrière,,,,,,,,,,,1,2,1,1.0,2
201300016368,0013-11-27 10:00:00,13,11,27,10,0,130,108,ARLES (PETITE ROUTE D AR,43.78745,4.67599,Plein jour,Hors agglomération,Hors intersection,Normale,Sans collision,,,,,,,,,,,1,1,1,1.0,7
201300016369,0013-11-29 20:30:00,13,11,29,20,30,300,32,JEAN MONNET AVENUE,43.79259,4.6303,Nuit sans éclairage public,Hors agglomération,Hors intersection,Normale,Sans collision,,,,,,,,,,,3,1,1,1.0,7
201300016370,0013-12-09 17:30:00,13,12,9,17,30,130,108,VICTOR HUGO (BOULEVARD),43.80202,4.66404,Plein jour,En agglomération,Hors intersection,Normale,Autre collision,,,,,,,,,,,1,2,1,1.0,6
201300016371,0013-12-20 08:00:00,13,12,20,8,0,300,32,SAINT GILLES ROUTE DE,43.78537,4.57025,Crépuscule ou aube,Hors agglomération,Intersection en T,Pluie forte,Trois véhicules et plus - collisions multiples,,,,,,,,,,,2,1,3,3.0,5
201300016372,0013-12-17 08:10:00,13,12,17,8,10,130,108,"2, JULES FERRY (BOULEVAR",43.80224,4.66328,Plein jour,En agglomération,Hors intersection,Normale,Autre collision,,,,,,,,,,,1,2,1,1.0,6
201300016373,0013-12-19 08:00:00,13,12,19,8,0,130,108,"2540, CD 35 ROUTE DE BOU",43.82882,4.67194,Plein jour,Hors agglomération,Hors intersection,Normale,Sans collision,,,,,,,,,,,1,1,1,1.0,7
201300016374,0013-12-14 15:30:00,13,12,14,15,30,300,32,BELLEGARDE ROUTE DE,43.78928,4.58037,Plein jour,Hors agglomération,Hors intersection,Normale,Sans collision,,,,,,,,,,,1,1,1,1.0,7
201300016375,0013-12-21 20:55:00,13,12,21,20,55,300,32,JEAN MONNET AVENUE,,,Nuit avec éclairage allumé,En agglomération,Hors intersection,Normale,Sans collision,,,,,,,,,,,5,2,1,1.0,7
201300016376,0013-12-22 05:15:00,13,12,22,5,15,130,108,RD 970 ROUTE D'AVIGNON,,,Nuit sans éclairage public,Hors agglomération,Hors intersection,Pluie légère,Sans collision,,,,,,,,,,,3,1,1,2.0,7
201300016377,0013-01-02 13:20:00,13,1,2,13,20,130,19,ROUTE D'APT,,,Plein jour,Hors agglomération,Intersection en T,Normale,Sans collision,,,,,,,,,,,1,1,3,1.0,7
201300016378,0013-01-10 10:50:00,13,1,10,10,50,130,117,"XXXX, CD 9 ESTROUBLANS",,,Plein jour,Hors agglomération,Hors intersection,Normale,Sans collision,,,,,,,,,,,1,1,1,1.0,7
201300016379,0013-01-10 12:00:00,13,1,10,12,0,130,117,CD 9 ESTROUBLANS,,,Plein jour,Hors agglomération,Hors intersection,Normale,Deux véhicules - arrière,,,,,,,,,,,1,1,1,1.0,2
201300016380,0013-01-13 11:00:00,13,1,13,11,0,130,117,ROND-POINT HENRI LOUBET,43.44856,5.23036,Plein jour,Hors agglomération,Hors intersection,Pluie légère,Sans collision,,,,,,,,,,,1,1,1,2.0,7
201300016381,0013-01-14 05:10:00,13,1,14,5,10,130,19,D9,,,Nuit avec éclairage allumé,Hors agglomération,Hors intersection,Normale,Deux véhicules - frontale,,,,,,,,,,,5,1,1,1.0,1
201300016382,0013-01-14 07:45:00,13,1,14,7,45,130,19,D60 A,,,Plein jour,Hors agglomération,Hors intersection,Normale,Trois véhicules et plus - collisions multiples,,,,,,,,,,,1,1,1,1.0,5
201300016383,0013-01-14 16:00:00,13,1,14,16,0,130,19,RUE APPIENNE,,,Plein jour,Hors agglomération,Hors intersection,Normale,Autre collision,,,,,,,,,,,1,1,1,1.0,6
201300016384,0013-01-17 18:40:00,13,1,17,18,40,130,71,D 543,,,Nuit sans éclairage public,Hors agglomération,Hors intersection,Normale,Deux véhicules - côté,,,,,,,,,,,3,1,1,1.0,3
201300016385,0013-01-18 08:25:00,13,1,18,8,25,130,117,CD 9 ESTROUBLANS,,,Plein jour,Hors agglomération,Hors intersection,Temps couvert,Trois véhicules et plus - collisions multiples,,,,,,,,,,,1,1,1,8.0,5
201300016386,0013-01-19 06:40:00,13,1,19,6,40,130,71,CHEMIN DEPARTEMENTAL 6 (,,,Nuit avec éclairage allumé,En agglomération,Hors intersection,Pluie légère,Sans collision,,,,,,,,,,,5,2,1,2.0,7
201300016387,0013-01-23 13:20:00,13,1,23,13,20,130,71,VAL DES FLEURS ( CHEMIN,,,Plein jour,Hors agglomération,Hors intersection,Pluie légère,Autre collision,,,,,,,,,,,1,1,1,2.0,6
201300016388,0013-01-24 09:00:00,13,1,24,9,0,130,117,CD 9 ESTROUBLANS,,,Plein jour,Hors agglomération,Hors intersection,Normale,Deux véhicules - arrière,,,,,,,,,,,1,1,1,1.0,2
201300016389,0013-01-24 11:25:00,13,1,24,11,25,130,117,PTT SUD AVENUE JEAN MONN,,,Plein jour,En agglomération,Hors intersection,Normale,Deux véhicules - arrière,,,,,,,,,,,1,2,1,1.0,2
201300016390,0013-01-25 07:30:00,13,1,25,7,30,130,71,"2250, VELAUX (CHEMIN)",43.41603,5.34992,Nuit avec éclairage allumé,Hors agglomération,Hors intersection,Normale,Autre collision,,,,,,,,,,,5,1,1,1.0,6
201300016391,0013-01-26 18:15:00,13,1,26,18,15,130,71,"0, MITTERRAND (AVENUE FR",,,Nuit avec éclairage allumé,En agglomération,Autre intersection,Normale,Deux véhicules - côté,,,,,,,,,,,5,2,9,1.0,3
201300016392,0013-01-28 09:20:00,13,1,28,9,20,130,117,STADIUM (CD9),,,Plein jour,Hors agglomération,Hors intersection,Normale,Sans collision,,,,,,,,,,,1,1,1,1.0,7
201300016393,0013-01-31 05:55:00,13,1,31,5,55,130,117,"xx, DROITS DE L'HOMME (A",43.4285,5.27084,Nuit sans éclairage public,En agglomération,Intersection en X,Normale,Autre collision,,,,,,,,,,,3,2,2,1.0,6
201300016394,0013-01-31 17:20:00,13,1,31,17,20,130,117,ROUTE NATIONALE 113 - AG,,,Plein jour,En agglomération,Intersection en Y,Normale,Deux véhicules - côté,,,,,,,,,,,1,2,4,1.0,3
201300016395,0013-02-04 11:00:00,13,2,4,11,0,130,71,"xxxx, ROUTE NATIONALE 11",43.4157,5.29596,Plein jour,En agglomération,Intersection en T,Normale,Deux véhicules - côté,,,,,,,,,,,1,2,3,1.0,3
201300016396,0013-02-05 08:30:00,13,2,5,8,30,130,19,RD 543,,,Plein jour,Hors agglomération,Hors intersection,Normale,Deux véhicules - côté,,,,,,,,,,,1,1,1,1.0,3
201300016397,0013-02-05 17:45:00,13,2,5,17,45,130,19,CD 543,43.42006,5.36692,Crépuscule ou aube,En agglomération,Intersection en T,Normale,Deux véhicules - côté,,,,,,,,,,,2,2,3,1.0,3
201300016398,0013-02-07 17:40:00,13,2,7,17,40,130,71,"177, MITTERRAND (AVENUE",43.38587,5.34584,Crépuscule ou aube,Hors agglomération,Hors intersection,Pluie forte,Deux véhicules - arrière,,,,,,,,,,,2,1,1,3.0,2
201300016399,0013-02-14 00:15:00,13,2,14,0,15,130,71,RIGONS ( CHEMIN DES ),,,Nuit avec éclairage allumé,Hors agglomération,Hors intersection,Normale,Sans collision,,,,,,,,,,,5,1,1,1.0,7
201300016400,0013-02-14 19:15:00,13,2,14,19,15,130,117,TULIPES ( ALLEE DES ),,,Nuit avec éclairage allumé,Hors agglomération,Hors intersection,Normale,Autre collision,,,,,,,,,,,5,1,1,1.0,6
201300016401,0013-02-15 07:50:00,13,2,15,7,50,130,19,CD 6,43.42055,5.36715,Plein jour,Hors agglomération,Giratoire,Normale,Deux véhicules - côté,,,,,,,,,,,1,1,6,1.0,3
201300016402,0013-02-16 17:40:00,13,2,16,17,40,130,117,ARVE (AVENUE STEPHEN D'),,,Plein jour,En agglomération,Hors intersection,Normale,Autre collision,,,,,,,,,,,1,2,1,1.0,6
201300016403,0013-02-20 22:10:00,13,2,20,22,10,130,117,DE LATTRE DE TASSIGNY (,,,Nuit avec éclairage allumé,En agglomération,Hors intersection,Normale,Sans collision,,,,,,,,,,,5,2,1,1.0,7
201300016404,0013-02-23 18:20:00,13,2,23,18,20,130,71,PENNES AUX PINS ( CHEMIN,,,Plein jour,En agglomération,Hors intersection,Normale,Autre collision,,,,,,,,,,,1,2,1,1.0,6
201300016405,0013-03-01 11:20:00,13,3,1,11,20,130,71,JAS DE RHODES (RUE DU),,,Plein jour,Hors agglomération,Hors intersection,Normale,Sans collision,,,,,,,,,,,1,1,1,1.0,7
201300016406,0013-03-04 13:25:00,13,3,4,13,25,130,117,CHEMIN DEPARTEMENTAL 9 (,,,Plein jour,Hors agglomération,Hors intersection,Normale,Deux véhicules - arrière,,,,,,,,,,,1,1,1,1.0,2
201300016407,0013-03-06 09:15:00,13,3,6,9,15,130,19,ROUTE D'APT,,,Plein jour,En agglomération,Hors intersection,Vent fort / tempête,Deux véhicules - frontale,,,,,,,,,,,1,2,1,6.0,1
201300016408,0013-03-06 15:00:00,13,3,6,15,0,130,71,RD 543,,,Plein jour,Hors agglomération,Hors intersection,Normale,Deux véhicules - côté,,,,,,,,,,,1,1,1,1.0,3
201300016409,0013-03-12 09:00:00,13,3,12,9,0,130,117,TOULON GERARD ( RUE ),,,Plein jour,En agglomération,Hors intersection,Normale,Deux véhicules - côté,,,,,,,,,,,1,2,1,1.0,3
201300016410,0013-03-20 22:10:00,13,3,20,22,10,130,117,DAUDET ( AVENUE ALPHONSE,43.45505,5.24283,Nuit avec éclairage allumé,En agglomération,Hors intersection,Normale,Deux véhicules - frontale,,,,,,,,,,,5,2,1,1.0,1
201300016411,0013-03-21 17:20:00,13,3,21,17,20,130,117,ROUCAS ( CORNICHE DU ),,,Plein jour,Hors agglomération,Intersection en T,Normale,Deux véhicules - côté,,,,,,,,,,,1,1,3,1.0,3
201300016412,0013-03-22 09:30:00,13,3,22,9,30,130,71,ROUTE NATIONALE 113 - M,,,Plein jour,En agglomération,Hors intersection,Normale,Trois véhicules et plus - collisions multiples,,,,,,,,,,,1,2,1,1.0,5
201300016413,0013-03-23 17:45:00,13,3,23,17,45,130,19,D60 A,,,Plein jour,Hors agglomération,Hors intersection,Normale,Deux véhicules - côté,,,,,,,,,,,1,1,1,1.0,3
201300016414,0013-03-24 12:10:00,13,3,24,12,10,130,71,"00, CD 543",,,Plein jour,En agglomération,Hors intersection,Pluie forte,Autre collision,,,,,,,,,,,1,2,1,3.0,6
201300016415,0013-03-25 08:00:00,13,3,25,8,0,130,117,ZI ESTROUBLANS RN 113,,,Plein jour,Hors agglomération,Hors intersection,Normale,Deux véhicules - arrière,,,,,,,,,,,1,1,1,1.0,2
201300016416,0013-03-25 16:30:00,13,3,25,16,30,130,117,ROUTE NATIONALE 113 - CA,,,Plein jour,En agglomération,Passage à niveau,Normale,Autre collision,,,,,,,,,,,1,2,8,1.0,6
201300016417,0013-03-28 12:55:00,13,3,28,12,55,130,71,ROUTE NATIONALE 113 - VI,,,Plein jour,En agglomération,Hors intersection,Pluie forte,Sans collision,,,,,,,,,,,1,2,1,3.0,7
201300016418,0013-03-30 13:00:00,13,3,30,13,0,130,117,RHIN DANUBE ( AVENUE ),,,Plein jour,En agglomération,Hors intersection,Normale,Deux véhicules - frontale,,,,,,,,,,,1,2,1,1.0,1
201300016419,0013-03-30 16:15:00,13,3,30,16,15,130,117,DROITS DE L'HOMME (AVENU,,,Plein jour,En agglomération,Hors intersection,Normale,Autre collision,,,,,,,,,,,1,2,1,1.0,6
201300016420,0013-03-31 15:35:00,13,3,31,15,35,130,117,CHEMIN DEPARTEMENTAL 9,,,Plein jour,Hors agglomération,Hors intersection,Normale,Deux véhicules - arrière,,,,,,,,,,,1,1,1,1.0,2
201300016421,0013-04-02 14:15:00,13,4,2,14,15,130,117,STADIUM (CD9),,,Plein jour,Hors agglomération,Hors intersection,Normale,Sans collision,,,,,,,,,,,1,1,1,1.0,7
201300016422,0013-04-03 17:15:00,13,4,3,17,15,130,19,CHEMIN DE LA GRANDE CAMP,,,Plein jour,Hors agglomération,Hors intersection,Normale,Autre collision,,,,,,,,,,,1,1,1,1.0,6
201300016423,0013-04-09 16:55:00,13,4,9,16,55,130,117,BAOU (QUARTIER DU PONT D,,,Plein jour,Hors agglomération,Giratoire,Normale,Deux véhicules - arrière,,,,,,,,,,,1,1,6,1.0,2
201300016424,0013-04-09 18:20:00,13,4,9,18,20,130,117,CASILE ( BOULEVARD ALFRE,,,Plein jour,En agglomération,Hors intersection,Normale,Deux véhicules - arrière,,,,,,,,,,,1,2,1,1.0,2
201300016425,0013-04-10 12:25:00,13,4,10,12,25,130,117,"00, ROUTE DEPARTEMENTALE",,,Plein jour,En agglomération,Autre intersection,Normale,Deux véhicules - côté,,,,,,,,,,,1,2,9,1.0,3
201300016426,0013-04-12 12:00:00,13,4,12,12,0,130,117,PAGNOL ( BOULEVARD MARCE,43.43364,5.28413,Plein jour,En agglomération,Intersection en T,Normale,Deux véhicules - côté,,,,,,,,,,,1,2,3,1.0,3
201300016427,0013-04-12 12:30:00,13,4,12,12,30,130,71,BRUTUS (AV DU CAPINTAINE,,,Plein jour,En agglomération,Hors intersection,Normale,Deux véhicules - côté,,,,,,,,,,,1,2,1,1.0,3
201300016428,0013-04-15 11:00:00,13,4,15,11,0,130,19,RD 543,43.42175,5.36763,Plein jour,En agglomération,Intersection en T,Normale,Deux véhicules - côté,,,,,,,,,,,1,2,3,1.0,3
201300016429,0013-04-21 11:15:00,13,4,21,11,15,130,71,CD 6,,,Plein jour,Hors agglomération,Hors intersection,Normale,Autre collision,,,,,,,,,,,1,1,1,1.0,6
201300016430,0013-04-22 11:40:00,13,4,22,11,40,130,117,PINCHINADES ( CHEMIN DES,,,Plein jour,Hors agglomération,Hors intersection,Normale,Autre collision,,,,,,,,,,,1,1,1,1.0,6
201300016431,0013-04-23 17:40:00,13,4,23,17,40,130,71,ROUTE NATIONALE 368 (VIL,,,Plein jour,Hors agglomération,Hors intersection,Normale,Trois véhicules et plus - en chaîne,,,,,,,,,,,1,1,1,1.0,4
201300016432,0013-04-27 17:00:00,13,4,27,17,0,130,117,"00, CHEMIN DEPARTEMENTAL",,,Plein jour,En agglomération,Hors intersection,Pluie légère,Sans collision,,,,,,,,,,,1,2,1,2.0,7
201300016433,0013-04-28 05:25:00,13,4,28,5,25,130,117,"xxxx, ROUTE NATIONALE 11",,,Nuit sans éclairage public,En agglomération,Giratoire,Normale,Deux véhicules - arrière,,,,,,,,,,,3,2,6,1.0,2
201300016434,0013-04-28 16:10:00,13,4,28,16,10,130,117,ROUTE NATIONALE 113 - AG,,,Plein jour,Hors agglomération,Hors intersection,Pluie légère,Trois véhicules et plus - en chaîne,,,,,,,,,,,1,1,1,2.0,4
201300016435,0013-04-28 18:00:00,13,4,28,18,0,130,19,AVENUE ETIENNE RABATTU,,,Plein jour,En agglomération,Hors intersection,Pluie forte,Autre collision,,,,,,,,,,,1,2,1,3.0,6
201300016436,0013-04-30 11:00:00,13,4,30,11,0,130,71,VAL SEC ( CHEMIN DE ),,,Plein jour,En agglomération,Hors intersection,Normale,Autre collision,,,,,,,,,,,1,2,1,1.0,6
201300016437,0013-06-03 23:45:00,13,6,3,23,45,130,117,CHEMIN DEPARTEMENTAL 20,,,Nuit sans éclairage public,Hors agglomération,Hors intersection,Normale,Deux véhicules - arrière,,,,,,,,,,,3,1,1,1.0,2
201300016438,0013-06-04 18:40:00,13,6,4,18,40,130,117,DROITS DE L'HOMME (AVENU,,,Plein jour,En agglomération,Hors intersection,Normale,Deux véhicules - arrière,,,,,,,,,,,1,2,1,1.0,2
201300016439,0013-06-05 07:30:00,13,6,5,7,30,130,117,EUROCOPTER CD 20,,,Plein jour,Hors agglomération,Hors intersection,Normale,Sans collision,,,,,,,,,,,1,1,1,1.0,7
201300016440,0013-06-07 15:40:00,13,6,7,15,40,130,117,LA BASTIDE BLANCHE CD 9,,,Plein jour,Hors agglomération,Hors intersection,Normale,Trois véhicules et plus - en chaîne,,,,,,,,,,,1,1,1,1.0,4
201300016441,0013-06-11 14:00:00,13,6,11,14,0,130,117,DROITS DE L'HOMME (AVENU,,,Plein jour,En agglomération,Hors intersection,Normale,Autre collision,,,,,,,,,,,1,2,1,1.0,6
201300016442,0013-06-13 14:15:00,13,6,13,14,15,130,117,ROUTE NATIONALE 113 - CA,,,Plein jour,En agglomération,Hors intersection,Normale,Trois véhicules et plus - en chaîne,,,,,,,,,,,1,2,1,1.0,4
201300016443,0013-06-14 09:30:00,13,6,14,9,30,130,117,Rond Point de L'Abb? Pie,43.42188,5.26957,Plein jour,En agglomération,Giratoire,Normale,Deux véhicules - côté,,,,,,,,,,,1,2,6,1.0,3
201300016444,0013-06-15 13:20:00,13,6,15,13,20,130,117,RABIN ( AVENUE YITZHAK ),,,Plein jour,En agglomération,Hors intersection,Normale,Deux véhicules - arrière,,,,,,,,,,,1,2,1,1.0,2
201300016445,0013-06-17 12:00:00,13,6,17,12,0,130,117,MOULIN ( AVENUE JEAN),43.45427,5.24318,Plein jour,En agglomération,Giratoire,Normale,Deux véhicules - côté,,,,,,,,,,,1,2,6,1.0,3
201300016446,0013-06-20 13:15:00,13,6,20,13,15,130,117,VALERY ( RUE PAUL ),,,Plein jour,En agglomération,Hors intersection,Normale,Deux véhicules - frontale,,,,,,,,,,,1,2,1,1.0,1
201300016447,0013-06-20 15:20:00,13,6,20,15,20,130,71,"3430, ROUTE NATIONALE 36",43.40313,5.27668,Plein jour,Hors agglomération,Hors intersection,Normale,Deux véhicules - côté,,,,,,,,,,,1,1,1,1.0,3
201300016448,0013-06-26 13:20:00,13,6,26,13,20,130,71,TOTAL (RN 113 - LE TUNNE,,,Plein jour,Hors agglomération,Hors intersection,Normale,Deux véhicules - côté,,,,,,,,,,,1,1,1,1.0,3
201300016449,0013-06-27 15:05:00,13,6,27,15,5,130,19,CHEMIN DE LA GRANDE CAMP,,,Plein jour,En agglomération,Hors intersection,Normale,Deux véhicules - côté,,,,,,,,,,,1,2,1,1.0,3
201300016450,0013-06-30 03:00:00,13,6,30,3,0,130,117,CHEMIN DEPARTEMENTAL 9 (,,,Nuit sans éclairage public,En agglomération,Hors intersection,Normale,Autre collision,,,,,,,,,,,3,2,1,1.0,6
201300016451,0013-07-01 18:00:00,13,7,1,18,0,130,19,CD6,43.42291,5.37179,Plein jour,Hors agglomération,Intersection en T,Normale,Deux véhicules - frontale,,,,,,,,,,,1,1,3,1.0,1
201300016452,0013-07-02 17:45:00,13,7,2,17,45,130,117,", CHEMIN DEPARTEMENTAL",,,Plein jour,Hors agglomération,Hors intersection,Normale,Trois véhicules et plus - collisions multiples,,,,,,,,,,,1,1,1,1.0,5
201300016453,0013-07-03 00:01:00,13,7,3,0,1,130,71,"120, VIEILLE ROUTE DE LA",43.39877,5.34003,Nuit avec éclairage allumé,Hors agglomération,Hors intersection,Normale,Autre collision,,,,,,,,,,,5,1,1,1.0,6
201300016454,0013-07-03 21:15:00,13,7,3,21,15,130,117,GRIFFON ( ECHANGEUR DU ),43.42931,5.26916,Plein jour,En agglomération,Autre intersection,Normale,Deux véhicules - arrière,,,,,,,,,,,1,2,9,1.0,2
201300016455,0013-07-05 12:30:00,13,7,5,12,30,130,117,STADIUM (CD9),,,Plein jour,Hors agglomération,Hors intersection,Normale,Sans collision,,,,,,,,,,,1,1,1,1.0,7
201300016456,0013-07-07 05:50:00,13,7,7,5,50,130,117,MONNET (AVENUE JEAN),,,Crépuscule ou aube,En agglomération,Hors intersection,Normale,Autre collision,,,,,,,,,,,2,2,1,1.0,6
201300016457,0013-07-09 11:00:00,13,7,9,11,0,130,71,RD 113 - AGAVON,43.4154,5.29676,Plein jour,Hors agglomération,Intersection en T,Normale,Deux véhicules - côté,,,,,,,,,,,1,1,3,1.0,3
201300016458,0013-07-10 19:40:00,13,7,10,19,40,130,71,ROUTE NATIONALE 113 - RE,,,Plein jour,Hors agglomération,Hors intersection,Normale,Deux véhicules - arrière,,,,,,,,,,,1,1,1,1.0,2
201300016459,0013-07-10 22:10:00,13,7,10,22,10,130,71,GEANT CASINO (MAGASIN),,,Nuit avec éclairage allumé,Hors agglomération,Hors intersection,Normale,Sans collision,,,,,,,,,,,5,1,1,1.0,7