accident_id,datetime,annee,mois,jour,heure,minute,departement,commune_insee,adresse,latitude,longitude,luminosite,agglomeration,intersection,meteo,collision,nb_vehicules,nb_usagers,nb_indemnes,nb_tues,nb_blesses_hosp,nb_blesses_legers,age_cond_1,age_cond_2,veh_type_cond_1,veh_type_cond_2,lum_code,agg_code,int_code,atm_code,col_code
201300016714,0013-07-31 17:05:00,13,7,31,17,5,140,118,"0, GUILLOU (BOULEVARD YV",,,Plein jour,En agglomération,Hors intersection,Normale,Autre collision,,,,,,,,,,,1,2,1,1.0,6
201300016715,0013-06-20 18:30:00,13,6,20,18,30,140,341,40 RUE DES SABLONNETTES,49.1543,-0.3533,Plein jour,En agglomération,Hors intersection,Normale,Deux véhicules - côté,,,,,,,,,,,1,2,1,1.0,3
201300016716,0013-08-06 16:10:00,13,8,6,16,10,140,118,"157, BASSE (RUE >= 93 IM",,,Plein jour,En agglomération,Hors intersection,Normale,Autre collision,,,,,,,,,,,1,2,1,1.0,6
201300016717,0013-06-30 00:20:00,13,6,30,0,20,140,118,QUAI VENDEUVRE,49.1837,-0.35701,Nuit avec éclairage allumé,En agglomération,Intersection en X,Normale,Deux véhicules - côté,,,,,,,,,,,5,2,2,1.0,3
201300016718,0013-08-10 11:45:00,13,8,10,11,45,140,437,"122, ZOLA (RUE EMILE)",,,Plein jour,En agglomération,Hors intersection,Normale,Autre collision,,,,,,,,,,,1,2,1,1.0,6
201300016719,0013-08-11 11:00:00,13,8,11,11,0,140,118,"1, MOUNTBATTEN (AVENUE D",,,Plein jour,En agglomération,Hors intersection,Normale,Deux véhicules - côté,,,,,,,,,,,1,2,1,1.0,3
201300016720,0013-08-14 23:45:00,13,8,14,23,45,140,383,"1, R.D. 405",,,Nuit sans éclairage public,Hors agglomération,Hors intersection,Normale,Autre collision,,,,,,,,,,,3,1,1,1.0,6
201300016721,0013-08-20 04:15:00,13,8,20,4,15,140,118,"28, BEAULIEU (RUE DE)",,,Nuit avec éclairage allumé,Hors agglomération,Hors intersection,Normale,Sans collision,,,,,,,,,,,5,1,1,1.0,7
201300016722,0013-08-23 00:15:00,13,8,23,0,15,140,271,"1, HARCOURT (ROUTE D')",,,Nuit sans éclairage public,Hors agglomération,Hors intersection,Normale,Autre collision,,,,,,,,,,,3,1,1,1.0,6
201300016723,0013-08-31 05:30:00,13,8,31,5,30,140,118,"23, BAYEUX (RUE DE  <= 1",,,Nuit avec éclairage allumé,En agglomération,Hors intersection,Normale,Autre collision,,,,,,,,,,,5,2,1,1.0,6
201300016724,0013-09-04 19:45:00,13,9,4,19,45,140,118,"3, AVIATION (RUE DE L')",,,Plein jour,En agglomération,Hors intersection,Normale,Autre collision,,,,,,,,,,,1,2,1,1.0,6
201300016725,0013-09-05 15:50:00,13,9,5,15,50,140,118,ECHANGEUR N? 6 ( VALLEE,,,Plein jour,En agglomération,Hors intersection,Normale,Autre collision,,,,,,,,,,,1,2,1,1.0,6
201300016726,0013-09-09 16:45:00,13,9,9,16,45,140,118,"0, COPERNIC (AVENUE NICO",,,Plein jour,En agglomération,Hors intersection,Normale,Autre collision,,,,,,,,,,,1,2,1,1.0,6
201300016727,0013-09-12 20:45:00,13,9,12,20,45,140,118,"200, CAPONIERE (RUE <=",,,Nuit avec éclairage allumé,En agglomération,Hors intersection,Normale,Autre collision,,,,,,,,,,,5,2,1,1.0,6
201300016728,0013-09-14 16:15:00,13,9,14,16,15,140,587,"1, SOLOGNE (RUE DE)",,,Plein jour,En agglomération,Hors intersection,Normale,Autre collision,,,,,,,,,,,1,2,1,1.0,6
201300016729,0013-09-20 17:30:00,13,9,20,17,30,140,327,PERIPHERIQUE (BOULEVARD),,,Plein jour,En agglomération,Hors intersection,Normale,Deux véhicules - arrière,,,,,,,,,,,1,2,1,1.0,2
201300016730,0013-09-24 18:10:00,13,9,24,18,10,140,118,ROUTE NATIONALE 814,,,Plein jour,Hors agglomération,Hors intersection,Normale,Trois véhicules et plus - collisions multiples,,,,,,,,,,,1,1,1,1.0,5
201300016731,0013-09-26 17:40:00,13,9,26,17,40,140,327,"99, COLOMBELLES CD226 (R",,,Plein jour,En agglomération,Intersection en T,Normale,Deux véhicules - côté,,,,,,,,,,,1,2,3,1.0,3
201300016732,0013-09-27 13:40:00,13,9,27,13,40,140,118,"0, FALAISE (RUE DE >=144",,,Plein jour,En agglomération,Hors intersection,Normale,Deux véhicules - côté,,,,,,,,,,,1,2,1,1.0,3
201300016733,0013-09-27 12:05:00,13,9,27,12,5,140,327,"0, GARBSEN (AVENUE DE)",,,Plein jour,En agglomération,Intersection en X,Normale,Deux véhicules - côté,,,,,,,,,,,1,2,2,1.0,3
201300016734,0013-10-02 16:30:00,13,10,2,16,30,140,118,"0, RICHEMOND (BOULEVARD)",,,Plein jour,En agglomération,Giratoire,Normale,Deux véhicules - arrière,,,,,,,,,,,1,2,6,1.0,2
201300016735,0013-10-02 15:40:00,13,10,2,15,40,140,118,"0, EUDES (RUE JEAN)",,,Plein jour,En agglomération,Intersection en X,Normale,Autre collision,,,,,,,,,,,1,2,2,1.0,6
201300016736,0013-10-04 16:00:00,13,10,4,16,0,140,271,ECHANGEUR N? 11 ( SUISSE,,,Plein jour,Hors agglomération,Hors intersection,Normale,Deux véhicules - arrière,,,,,,,,,,,1,1,1,1.0,2
201300016737,0013-10-04 17:45:00,13,10,4,17,45,140,118,"0, MOULIN (Boulevard Jea",,,Plein jour,En agglomération,Hors intersection,Normale,Autre collision,,,,,,,,,,,1,2,1,1.0,6
201300016738,0013-10-08 08:40:00,13,10,8,8,40,140,118,"0, MOUNTBATTEN (AVENUE D",,,Plein jour,En agglomération,Intersection en T,Normale,Deux véhicules - côté,,,,,,,,,,,1,2,3,1.0,3
201300016739,0013-10-10 07:50:00,13,10,10,7,50,140,118,"0, DEMI LUNE (PLACE DE L",,,Nuit avec éclairage allumé,En agglomération,Hors intersection,Normale,Deux véhicules - arrière,,,,,,,,,,,5,2,1,1.0,2
201300016740,0013-10-11 07:55:00,13,10,11,7,55,140,587,"1, CD N?  126 (LASSON >",,,Crépuscule ou aube,Hors agglomération,Intersection en X,Pluie légère,Trois véhicules et plus - collisions multiples,,,,,,,,,,,2,1,2,2.0,5
201300016741,0013-10-28 16:30:00,13,10,28,16,30,140,118,"99, CHEMIN VERT (RUE DU",,,Plein jour,En agglomération,Hors intersection,Pluie légère,Autre collision,,,,,,,,,,,1,2,1,2.0,6
201300016742,0013-11-07 09:05:00,13,11,7,9,5,140,118,"1, POMPIDOU (BOULEVARD G",,,Plein jour,En agglomération,Hors intersection,Pluie légère,Autre collision,,,,,,,,,,,1,2,1,2.0,6
201300016743,0013-11-08 11:55:00,13,11,8,11,55,140,118,"0, AUTHIE (<=N?106 PAIRS",,,Plein jour,En agglomération,Intersection en X,Pluie légère,Deux véhicules - côté,,,,,,,,,,,1,2,2,2.0,3
201300016744,0013-11-11 21:25:00,13,11,11,21,25,140,341,"0, BLACK WATCH (AVENUE D",,,Nuit avec éclairage allumé,En agglomération,Hors intersection,Normale,Deux véhicules - frontale,,,,,,,,,,,5,2,1,1.0,1
201300016745,0013-11-13 15:00:00,13,11,13,15,0,140,118,"101, CHEMIN VERT (RUE DU",,,Plein jour,En agglomération,Hors intersection,Normale,Deux véhicules - arrière,,,,,,,,,,,1,2,1,1.0,2
201300016746,0013-11-15 09:05:00,13,11,15,9,5,140,118,"0, AUTHIE (>=N? 106 PAIR",,,Plein jour,En agglomération,Intersection en X,Normale,Deux véhicules - frontale,,,,,,,,,,,1,2,2,1.0,1
201300016747,0013-11-23 05:40:00,13,11,23,5,40,140,118,"52, COURTONNE (PLACE)",,,Nuit avec éclairage allumé,En agglomération,Hors intersection,Normale,Autre collision,,,,,,,,,,,5,2,1,1.0,6
201300016748,0013-11-26 09:00:00,13,11,26,9,0,140,118,"2, VAUCELLES (RUE DE)",,,Plein jour,En agglomération,Hors intersection,Normale,Autre collision,,,,,,,,,,,1,2,1,1.0,6
201300016749,0013-11-22 14:00:00,13,11,22,14,0,140,118,"12, COTY (AVENUE DU PRES",,,Plein jour,En agglomération,Hors intersection,Pluie légère,Autre collision,,,,,,,,,,,1,2,1,2.0,6
201300016750,0013-11-29 18:00:00,13,11,29,18,0,140,118,"129, AUTHIE (>=N? 106 PA",,,Nuit avec éclairage allumé,En agglomération,Hors intersection,Normale,Autre collision,,,,,,,,,,,5,2,1,1.0,6
201300016751,0013-12-01 03:00:00,13,12,1,3,0,140,327,"0, CD N? 515 (ROUTE DE O",,,Nuit avec éclairage allumé,En agglomération,Hors intersection,Normale,Autre collision,,,,,,,,,,,5,2,1,1.0,6
201300016752,0013-11-30 09:15:00,13,11,30,9,15,140,118,"0, JUIN (BOULEVARD MAREC",,,Plein jour,En agglomération,Intersection en X,Temps couvert,Deux véhicules - frontale,,,,,,,,,,,1,2,2,8.0,1
201300016753,0013-11-19 09:55:00,13,11,19,9,55,140,118,"01, LOUVEL (ESPLANADE JE",,,Plein jour,En agglomération,Hors intersection,Normale,Sans collision,,,,,,,,,,,1,2,1,1.0,7
201300016754,0013-12-10 17:55:00,13,12,10,17,55,140,327,"01, SIETTES (RUE DES)",,,Plein jour,En agglomération,Hors intersection,Normale,Deux véhicules - côté,,,,,,,,,,,1,2,1,1.0,3
201300016755,0013-12-16 10:25:00,13,12,16,10,25,140,118,"1, LECLERC (BOULEVARD MA",,,Plein jour,En agglomération,Hors intersection,Normale,Deux véhicules - frontale,,,,,,,,,,,1,2,1,1.0,1
201300016756,0013-12-16 14:10:00,13,12,16,14,10,140,118,COPERNIC (AVENUE NICOLAS,,,Plein jour,En agglomération,Hors intersection,Normale,Autre collision,,,,,,,,,,,1,2,1,1.0,6
201300016757,0013-12-16 21:50:00,13,12,16,21,50,140,437,EMILE ZOLA (RUE),,,Nuit avec éclairage allumé,En agglomération,Hors intersection,Normale,Autre collision,,,,,,,,,,,5,2,1,1.0,6
201300016758,0013-12-26 14:10:00,13,12,26,14,10,140,118,"41, FALAISE (RUE DE  <=9",,,Plein jour,En agglomération,Hors intersection,Normale,Autre collision,,,,,,,,,,,1,2,1,1.0,6
201300016759,0013-12-28 19:50:00,13,12,28,19,50,140,341,"993, CAEN (RUE DE)",,,Nuit avec éclairage allumé,En agglomération,Hors intersection,Normale,Trois véhicules et plus - en chaîne,,,,,,,,,,,5,2,1,1.0,4
201300016760,0013-02-11 19:45:00,13,2,11,19,45,310,269,,,,Nuit sans éclairage public,Hors agglomération,Hors intersection,Pluie forte,Autre collision,,,,,,,,,,,3,1,1,3.0,6
201300016761,0013-04-24 15:30:00,13,4,24,15,30,310,547,route de labastidette,43.49056,1.2821,Plein jour,Hors agglomération,Hors intersection,Normale,Deux véhicules - frontale,,,,,,,,,,,1,1,1,1.0,1
201300016762,0013-04-29 17:00:00,13,4,29,17,0,140,117,PLATANES (AVENUE DES),49.2937,-0.11217,Plein jour,En agglomération,Intersection en X,Normale,Deux véhicules - côté,,,,,,,,,,,1,2,2,1.0,3
201300016763,0013-05-29 11:15:00,13,5,29,11,15,140,117,"02, POINCAREttt",49.2905,-0.1151,Plein jour,En agglomération,Giratoire,Normale,Autre collision,,,,,,,,,,,1,2,6,1.0,6
201300016764,0013-07-06 19:55:00,13,7,6,19,55,140,225,"20, PORT (RUE DU)",,,Plein jour,En agglomération,Intersection en T,Normale,Deux véhicules - côté,,,,,,,,,,,1,2,3,1.0,3
201300016765,0013-07-31 18:10:00,13,7,31,18,10,140,117,"94, GUILLAUME LE CONQUER",,,Plein jour,En agglomération,Hors intersection,Normale,Deux véhicules - arrière,,,,,,,,,,,1,2,1,1.0,2
201300016766,0013-08-05 17:55:00,13,8,5,17,55,140,117,"1, GUILLAUME LE CONQUERA",,,Plein jour,En agglomération,Intersection en X,Normale,Deux véhicules - côté,,,,,,,,,,,1,2,2,1.0,3
201300016767,0013-08-06 17:00:00,13,8,6,17,0,140,225,"81, GAULLE (RUE DU GAL)",,,Plein jour,En agglomération,Hors intersection,Normale,Autre collision,,,,,,,,,,,1,2,1,1.0,6
201300016768,0013-08-10 19:50:00,13,8,10,19,50,140,225,CLAUS (RUE DES FRERES),,,Plein jour,En agglomération,Intersection en T,Normale,Deux véhicules - côté,,,,,,,,,,,1,2,3,1.0,3
201300016769,0013-08-15 11:45:00,13,8,15,11,45,140,338,"0, JACQUES LANDRY (BOULE",,,Plein jour,En agglomération,Intersection en T,Normale,Deux véhicules - côté,,,,,,,,,,,1,2,3,1.0,3
201300016770,0013-08-18 07:20:00,13,8,18,7,20,140,225,SARLABOT (COTE),,,Plein jour,Hors agglomération,Hors intersection,Pluie légère,Autre collision,,,,,,,,,,,1,1,1,2.0,6
201300016771,0013-09-12 08:15:00,13,9,12,8,15,140,225,RESISTANTS (AVENUE DES),,,Plein jour,En agglomération,Intersection en X,Normale,Autre collision,,,,,,,,,,,1,2,2,1.0,6
201300016772,0013-09-25 18:00:00,13,9,25,18,0,140,117,"1, GENERAL LECLERC (AVEN",,,Plein jour,En agglomération,Hors intersection,Normale,Sans collision,,,,,,,,,,,1,2,1,1.0,7
201300016773,0013-09-27 15:00:00,13,9,27,15,0,140,338,"1, TROUVILLE (ROUTE DE)",,,Plein jour,Hors agglomération,Hors intersection,Normale,Trois véhicules et plus - collisions multiples,,,,,,,,,,,1,1,1,1.0,5
201300016774,0013-11-30 13:25:00,13,11,30,13,25,140,225,HETTSTEDT (AVENUE DE),,,Plein jour,En agglomération,Intersection en T,Normale,Deux véhicules - côté,,,,,,,,,,,1,2,3,1.0,3
201300016775,0013-12-22 17:45:00,13,12,22,17,45,140,117,CHARLES DE GAULLE (AVENU,,,Nuit avec éclairage allumé,En agglomération,Intersection en Y,Pluie forte,Deux véhicules - côté,,,,,,,,,,,5,2,4,3.0,3
201300016776,0013-12-21 10:10:00,13,12,21,10,10,140,225,BOUCHERIE (RUE DE LA),,,Plein jour,En agglomération,Intersection en T,Normale,Sans collision,,,,,,,,,,,1,2,3,1.0,7
201300016777,0013-02-26 18:15:00,13,2,26,18,15,300,356,,43.83007,4.42239,Crépuscule ou aube,Hors agglomération,Hors intersection,Normale,Trois véhicules et plus - collisions multiples,,,,,,,,,,,2,1,1,1.0,5
201300016778,0013-04-30 22:45:00,13,4,30,22,45,300,60,,43.7772,4.39799,Nuit sans éclairage public,Hors agglomération,Hors intersection,Pluie légère,Deux véhicules - côté,,,,,,,,,,,3,1,1,2.0,3
201300016779,0013-05-04 19:15:00,13,5,4,19,15,300,34,chemin de la bouvine,43.7557,4.52047,Plein jour,En agglomération,Hors intersection,Normale,Deux véhicules - frontale,,,,,,,,,,,1,2,1,1.0,1
201300016780,0013-05-08 11:15:00,13,5,8,11,15,300,117,,43.70742,4.5542,Plein jour,Hors agglomération,Giratoire,Normale,Deux véhicules - côté,,,,,,,,,,,1,1,6,1.0,3
201300016781,0013-06-11 17:15:00,13,6,11,17,15,300,47,,43.80954,4.40198,Plein jour,Hors agglomération,Hors intersection,Normale,Deux véhicules - côté,,,,,,,,,,,1,1,1,1.0,3
201300016782,0013-06-21 13:45:00,13,6,21,13,45,300,125,rue de Bouillargues,43.77185,4.42757,Plein jour,En agglomération,Hors intersection,Normale,Deux véhicules - côté,,,,,,,,,,,1,2,1,1.0,3
201300016783,0013-06-26 10:30:00,13,6,26,10,30,300,60,,43.79172,4.37317,Plein jour,Hors agglomération,Hors intersection,Normale,Deux véhicules - arrière,,,,,,,,,,,1,1,1,1.0,2
201300016784,0013-06-28 13:15:00,13,6,28,13,15,300,34,route de Beaucaire,43.75769,4.51878,Plein jour,En agglomération,Hors intersection,Normale,Autre collision,,,,,,,,,,,1,2,1,1.0,6
201300016785,0013-07-13 04:30:00,13,7,13,4,30,300,117,,43.71271,4.54892,Nuit sans éclairage public,Hors agglomération,Hors intersection,Normale,Deux véhicules - arrière,,,,,,,,,,,3,1,1,1.0,2
201300016786,0013-09-11 18:30:00,13,9,11,18,30,300,135,D 999,43.83037,4.56379,Plein jour,En agglomération,Hors intersection,Normale,Deux véhicules - frontale,,,,,,,,,,,1,2,1,1.0,1
201300016787,0013-10-14 09:00:00,13,10,14,9,0,300,117,,43.6927,4.60381,Plein jour,Hors agglomération,Hors intersection,Normale,Trois véhicules et plus - en chaîne,,,,,,,,,,,1,1,1,1.0,4
201300016788,0013-11-04 11:45:00,13,11,4,11,45,300,34,,43.718,4.45978,Plein jour,Hors agglomération,Hors intersection,Normale,Deux véhicules - arrière,,,,,,,,,,,1,1,1,1.0,2
201300016789,0013-11-15 17:45:00,13,11,15,17,45,300,34,,43.74803,4.52076,Plein jour,Hors agglomération,Intersection à plus de 4 branches,Temps couvert,Deux véhicules - côté,,,,,,,,,,,1,1,5,8.0,3
201300016790,0013-11-19 07:15:00,13,11,19,7,15,300,117,,43.71005,4.5495,Crépuscule ou aube,Hors agglomération,Hors intersection,Normale,Autre collision,,,,,,,,,,,2,1,1,1.0,6
201300016791,0013-11-25 18:30:00,13,11,25,18,30,300,47,,43.79107,4.43102,Nuit sans éclairage public,Hors agglomération,Giratoire,Vent fort / tempête,Deux véhicules - côté,,,,,,,,,,,3,1,6,6.0,3
201300016792,0013-12-19 19:00:00,13,12,19,19,0,300,34,,43.73286,,Nuit sans éclairage public,Hors agglomération,Hors intersection,Pluie légère,Deux véhicules - frontale,,,,,,,,,,,3,1,1,2.0,1
201300016793,0013-06-30 18:00:00,13,6,30,18,0,80,188,,,,Plein jour,Hors agglomération,Hors intersection,Temps éblouissant,Deux véhicules - frontale,,,,,,,,,,,1,1,1,7.0,1
201300016794,0013-09-11 07:30:00,13,9,11,7,30,80,302,,49.8709,4.7275,Crépuscule ou aube,Hors agglomération,Hors intersection,Pluie légère,Deux véhicules - frontale,,,,,,,,,,,2,1,1,2.0,1
201300016795,0013-12-03 09:45:00,13,12,3,9,45,80,218,,,,Plein jour,Hors agglomération,Hors intersection,Autre,Sans collision,,,,,,,,,,,1,1,1,9.0,7
201300016796,0013-12-05 16:45:00,13,12,5,16,45,80,3,RUE AMBROISE CROIZAT,49.8179,4.76438,Crépuscule ou aube,En agglomération,Hors intersection,Pluie légère,Autre collision,,,,,,,,,,,2,2,1,2.0,6
201300016797,0013-04-25 17:15:00,13,4,25,17,15,80,125,,49.816,4.59052,Plein jour,Hors agglomération,Intersection en T,Normale,Deux véhicules - frontale,,,,,,,,,,,1,1,3,1.0,1
201300016798,0013-07-18 16:15:00,13,7,18,16,15,80,137,,49.7856,4.65825,Plein jour,Hors agglomération,Intersection en X,Normale,Deux véhicules - côté,,,,,,,,,,,1,1,2,1.0,3
201300016799,0013-11-06 11:45:00,13,11,6,11,45,80,457,RUE DE LA GARE,49.7944,4.63656,Plein jour,En agglomération,Intersection en T,Pluie légère,Autre collision,,,,,,,,,,,1,2,3,2.0,6
201300016800,0013-12-16 19:15:00,13,12,16,19,15,80,497,,49.7609,4.63179,Nuit sans éclairage public,Hors agglomération,Hors intersection,Normale,Deux véhicules - frontale,,,,,,,,,,,3,1,1,1.0,1
201300016801,0013-11-23 18:30:00,13,11,23,18,30,80,84,RD 925,,,Nuit sans éclairage public,En agglomération,Hors intersection,Temps couvert,Sans collision,,,,,,,,,,,3,2,1,8.0,7
201300016802,0013-09-04 17:45:00,13,9,4,17,45,80,419,,,,Plein jour,Hors agglomération,Hors intersection,Normale,Autre collision,,,,,,,,,,,1,1,1,1.0,6
201300016803,0013-06-08 07:15:00,13,6,8,7,15,80,214,,,,Crépuscule ou aube,Hors agglomération,Hors intersection,Normale,Autre collision,,,,,,,,,,,2,1,1,1.0,6
201300016804,0013-03-09 07:00:00,13,3,9,7,0,80,488,RUE TAMBARCH DIETARZ,49.734,4.83554,Plein jour,En agglomération,Hors intersection,Normale,Autre collision,,,,,,,,,,,1,2,1,1.0,6
201300016805,0013-12-17 07:30:00,13,12,17,7,30,80,193,,49.5002,4.52474,Crépuscule ou aube,Hors agglomération,Autre intersection,Autre,Sans collision,,,,,,,,,,,2,1,9,9.0,7
201300016806,0013-07-04 07:45:00,13,7,4,7,45,520,535,PR,48.11081,5.08594,Plein jour,Hors agglomération,Hors intersection,Normale,Deux véhicules - côté,,,,,,,,,,,1,1,1,1.0,3
201300016807,0013-01-05 12:30:00,13,1,5,12,30,520,128,,48.2021,5.266,Plein jour,Hors agglomération,Hors intersection,Temps couvert,Sans collision,,,,,,,,,,,1,1,1,8.0,7
201300016808,0013-07-06 04:00:00,13,7,6,4,0,520,208,D417,47.93909,5.83465,Nuit avec éclairage allumé,En agglomération,Hors intersection,Normale,Sans collision,,,,,,,,,,,5,2,1,1.0,7
201300016809,0013-09-06 14:15:00,13,9,6,14,15,520,914,INTERSECTION D74 ET D10,47.99945,5.48731,Plein jour,En agglomération,Intersection en X,Temps éblouissant,Deux véhicules - côté,,,,,,,,,,,1,2,2,7.0,3
201300016810,0013-12-01 15:45:00,13,12,1,15,45,520,461,,48.01209,5.41084,Plein jour,Hors agglomération,Hors intersection,Normale,Sans collision,,,,,,,,,,,1,1,1,1.0,7
201300016811,0013-01-29 11:34:00,13,1,29,11,34,140,536,"1, EGLISE (PLACE DE L')",,,Plein jour,En agglomération,Intersection en X,Normale,Deux véhicules - côté,,,,,,,,,,,1,2,2,1.0,3
201300016812,0013-04-08 17:11:00,13,4,8,17,11,140,333,BREARD (RUE CHARLES PAUL,49.4182,0.23309,Plein jour,En agglomération,Hors intersection,Normale,Autre collision,,,,,,,,,,,1,2,1,1.0,6
201300016813,0013-05-01 14:44:00,13,5,1,14,44,140,333,"20, LEPAULMIER (QUAI)",49.4186,0.2374,Plein jour,En agglomération,Hors intersection,Temps éblouissant,Sans collision,,,,,,,,,,,1,2,1,7.0,7
201300016814,0013-05-26 19:03:00,13,5,26,19,3,140,1,"29, LES VATS",,,Plein jour,Hors agglomération,Hors intersection,Normale,Autre collision,,,,,,,,,,,1,1,1,1.0,6
201300016815,0013-06-02 12:10:00,13,6,2,12,10,140,333,CD513,,,Plein jour,En agglomération,Autre intersection,Temps éblouissant,Deux véhicules - arrière,,,,,,,,,,,1,2,9,7.0,2
201300016816,0013-06-04 17:50:00,13,6,4,17,50,140,1,CD 140,,,Plein jour,Hors agglomération,Intersection en Y,Normale,Sans collision,,,,,,,,,,,1,1,4,1.0,7
201300016817,0013-06-08 00:45:00,13,6,8,0,45,140,333,SAINT PIERRE (CHEMIN DU,49.407,0.23326,Nuit sans éclairage public,En agglomération,Hors intersection,Normale,Autre collision,,,,,,,,,,,3,2,1,1.0,6
201300016818,0013-06-13 18:07:00,13,6,13,18,7,140,1,PL DU DOCTEUR DEBEYRE,49.3926,0.29558,Plein jour,En agglomération,Place,Normale,Sans collision,,,,,,,,,,,1,2,7,1.0,7
201300016819,0013-06-23 15:30:00,13,6,23,15,30,140,536,CANTELOUP (AVENUE DU),49.4087,0.24692,Plein jour,En agglomération,Intersection en X,Normale,Deux véhicules - côté,,,,,,,,,,,1,2,2,1.0,3
201300016820,0013-07-24 19:30:00,13,7,24,19,30,140,333,"3, TOUR (QUAI DE LA)",,,Plein jour,En agglomération,Hors intersection,Pluie légère,Sans collision,,,,,,,,,,,1,2,1,2.0,7
201300016821,0013-07-31 10:00:00,13,7,31,10,0,140,243,CD 579,,,Plein jour,En agglomération,Giratoire,Temps couvert,Deux véhicules - côté,,,,,,,,,,,1,2,6,8.0,3
201300016822,0013-07-20 21:15:00,13,7,20,21,15,140,243,"143, REINE (CHEMIN VAL",,,Plein jour,Hors agglomération,Hors intersection,Normale,Autre collision,,,,,,,,,,,1,1,1,1.0,6
201300016823,0013-08-06 20:35:00,13,8,6,20,35,140,536,CD 580,,,Plein jour,Hors agglomération,Hors intersection,Normale,Trois véhicules et plus - en chaîne,,,,,,,,,,,1,1,1,1.0,4
201300016824,0013-08-10 12:40:00,13,8,10,12,40,140,333,"6, VASES (RUE DES)",,,Plein jour,En agglomération,Hors intersection,Temps éblouissant,Trois véhicules et plus - en chaîne,,,,,,,,,,,1,2,1,7.0,4
201300016825,0013-08-27 13:10:00,13,8,27,13,10,140,333,"14, BRULEE (RUE)",,,Plein jour,En agglomération,Hors intersection,Normale,Autre collision,,,,,,,,,,,1,2,1,1.0,6
201300016826,0013-09-14 18:40:00,13,9,14,18,40,140,333,"5, ROUILLIE (RUE E.)",,,Plein jour,En agglomération,Hors intersection,Temps couvert,Deux véhicules - côté,,,,,,,,,,,1,2,1,8.0,3
201300016827,0013-09-21 23:45:00,13,9,21,23,45,140,333,"0, MONTS (CHEMIN DES)",,,Nuit sans éclairage public,En agglomération,Hors intersection,Normale,Sans collision,,,,,,,,,,,3,2,1,1.0,7
201300016828,0013-11-05 10:25:00,13,11,5,10,25,140,304,C D 579,,,Plein jour,Hors agglomération,Hors intersection,Pluie forte,Trois véhicules et plus - collisions multiples,,,,,,,,,,,1,1,1,3.0,5
201300016829,0013-12-07 09:55:00,13,12,7,9,55,140,333,"2, MONTPENSIER (RUE)",,,Plein jour,En agglomération,Hors intersection,Normale,Deux véhicules - arrière,,,,,,,,,,,1,2,1,1.0,2
201300016830,0013-12-11 11:10:00,13,12,11,11,10,140,333,CD 580,,,Plein jour,En agglomération,Giratoire,Temps éblouissant,Sans collision,,,,,,,,,,,1,2,6,7.0,7
201300016831,0013-12-12 13:20:00,13,12,12,13,20,140,333,"4, SOREL (PLACE ALBERT)",,,Plein jour,En agglomération,Giratoire,Normale,Autre collision,,,,,,,,,,,1,2,6,1.0,6
201300016832,0013-12-21 20:25:00,13,12,21,20,25,140,333,CD513,,,Nuit sans éclairage public,En agglomération,Hors intersection,Pluie légère,Deux véhicules - côté,,,,,,,,,,,3,2,1,2.0,3
201300016833,0013-12-24 12:05:00,13,12,24,12,5,140,333,JEAN DE VIENNE (COURS),,,Plein jour,En agglomération,Hors intersection,Pluie légère,Autre collision,,,,,,,,,,,1,2,1,2.0,6
201300016834,0013-07-27 13:00:00,13,7,27,13,0,520,405,mis milieu,47.68819,5.27575,Plein jour,Hors agglomération,Hors intersection,Normale,Sans collision,,,,,,,,,,,1,1,1,1.0,7
201300016835,0013-02-01 17:15:00,13,2,1,17,15,520,442,,48.42314,5.14553,Crépuscule ou aube,Hors agglomération,Hors intersection,Pluie forte,Deux véhicules - frontale,,,,,,,,,,,2,1,1,3.0,1
201300016836,0013-05-25 19:45:00,13,5,25,19,45,520,177,59 rue de pougny,48.32608,5.19901,Plein jour,En agglomération,Hors intersection,Normale,Autre collision,,,,,,,,,,,1,2,1,1.0,6
201300016837,0013-09-07 05:30:00,13,9,7,5,30,520,250,,48.4334,5.15227,Nuit sans éclairage public,Hors agglomération,Hors intersection,Pluie légère,Deux véhicules - frontale,,,,,,,,,,,3,1,1,2.0,1
201300016838,0013-08-23 06:45:00,13,8,23,6,45,480,97,,,,Plein jour,Hors agglomération,Hors intersection,Normale,Autre collision,,,,,,,,,,,1,1,1,1.0,6
201300016839,0013-09-01 16:00:00,13,9,1,16,0,480,67,,,,Nuit sans éclairage public,Hors agglomération,Hors intersection,Normale,Autre collision,,,,,,,,,,,3,1,1,1.0,6
201300016840,0013-09-15 15:15:00,13,9,15,15,15,480,148,,,,Plein jour,Hors agglomération,Hors intersection,Normale,Autre collision,,,,,,,,,,,1,1,1,1.0,6
201300016841,0013-05-15 11:30:00,13,5,15,11,30,480,138,,,,Plein jour,Hors agglomération,Hors intersection,Pluie forte,Autre collision,,,,,,,,,,,1,1,1,3.0,6
201300016842,0013-09-16 17:45:00,13,9,16,17,45,480,185,,44.5,3.264,Plein jour,Hors agglomération,Hors intersection,Pluie légère,Deux véhicules - côté,,,,,,,,,,,1,1,1,2.0,3
201300016843,0013-10-27 10:30:00,13,10,27,10,30,480,34,Place du Pr? Commun,,,Plein jour,En agglomération,Hors intersection,Normale,Autre collision,,,,,,,,,,,1,2,1,1.0,6