accident_id,datetime,annee,mois,jour,heure,minute,departement,commune_insee,adresse,latitude,longitude,luminosite,agglomeration,intersection,meteo,collision,nb_vehicules,nb_usagers,nb_indemnes,nb_tues,nb_blesses_hosp,nb_blesses_legers,age_cond_1,age_cond_2,veh_type_cond_1,veh_type_cond_2,lum_code,agg_code,int_code,atm_code,col_code
201300016844,0013-11-18 08:15:00,13,11,18,8,15,480,34,,,,Plein jour,Hors agglomération,Hors intersection,Temps couvert,Deux véhicules - frontale,,,,,,,,,,,1,1,1,8.0,1
201300016845,0013-06-08 19:45:00,13,6,8,19,45,480,183,,,,Plein jour,Hors agglomération,Hors intersection,Pluie légère,Autre collision,,,,,,,,,,,1,1,1,2.0,6
201300016846,0013-07-21 15:15:00,13,7,21,15,15,480,47,,,,Plein jour,Hors agglomération,Hors intersection,Normale,Autre collision,,,,,,,,,,,1,1,1,1.0,6
201300016847,0013-08-16 09:45:00,13,8,16,9,45,480,76,,44.719,3.342,Plein jour,Hors agglomération,Hors intersection,Normale,Sans collision,,,,,,,,,,,1,1,1,1.0,7
201300016848,0013-11-15 13:30:00,13,11,15,13,30,480,132,,44.775,3.387,Plein jour,Hors agglomération,Hors intersection,Neige / grêle,Sans collision,,,,,,,,,,,1,1,1,4.0,7
201300016849,0013-11-19 18:00:00,13,11,19,18,0,480,128,,44.781,3.318,Nuit sans éclairage public,Hors agglomération,Hors intersection,Pluie forte,Autre collision,,,,,,,,,,,3,1,1,3.0,6
201300016850,0013-12-06 11:00:00,13,12,6,11,0,480,9,Place de la Mairie,44.726,3.284,Plein jour,En agglomération,Place,Normale,Autre collision,,,,,,,,,,,1,2,7,1.0,6
201300016851,0013-12-28 19:15:00,13,12,28,19,15,300,330,,,,Nuit sans éclairage public,Hors agglomération,Hors intersection,Pluie légère,Deux véhicules - frontale,,,,,,,,,,,3,1,1,2.0,1
201300016852,0013-03-29 07:30:00,13,3,29,7,30,370,139,D952,,,Plein jour,Hors agglomération,Intersection en T,Normale,Deux véhicules - côté,,,,,,,,,,,1,1,3,1.0,3
201300016853,0013-04-14 21:00:00,13,4,14,21,0,370,84,Les Gares,,,Nuit avec éclairage allumé,En agglomération,Hors intersection,Normale,Autre collision,,,,,,,,,,,5,2,1,1.0,6
201300016854,0013-08-06 18:00:00,13,8,6,18,0,370,237,32 rue de la Picherie,,,Plein jour,En agglomération,Hors intersection,Normale,Deux véhicules - frontale,,,,,,,,,,,1,2,1,1.0,1
201300016855,0013-10-10 14:45:00,13,10,10,14,45,370,84,,,,Plein jour,Hors agglomération,Intersection en X,Normale,Deux véhicules - frontale,,,,,,,,,,,1,1,2,1.0,1
201300016856,0013-10-29 17:00:00,13,10,29,17,0,370,62,LE PETIT BOIS,,,Plein jour,Hors agglomération,Hors intersection,Normale,Autre collision,,,,,,,,,,,1,1,1,1.0,6
201300016857,0013-11-03 22:15:00,13,11,3,22,15,370,109,LA GUIGNIERE,,,Nuit sans éclairage public,Hors agglomération,Autre intersection,Pluie légère,Deux véhicules - côté,,,,,,,,,,,3,1,9,2.0,3
201300016858,0013-02-01 07:45:00,13,2,1,7,45,370,8,,,,Crépuscule ou aube,Hors agglomération,Intersection en X,Pluie légère,Deux véhicules - frontale,,,,,,,,,,,2,1,2,2.0,1
201300016859,0013-04-19 23:15:00,13,4,19,23,15,370,27,avenue andre delaunay,,,Nuit avec éclairage allumé,En agglomération,Hors intersection,Normale,Deux véhicules - côté,,,,,,,,,,,5,2,1,1.0,3
201300016860,0013-07-24 03:15:00,13,7,24,3,15,370,91,,,,Nuit avec éclairage non allumé,Hors agglomération,Hors intersection,Normale,Autre collision,,,,,,,,,,,4,1,1,1.0,6
201300016861,0013-07-28 02:30:00,13,7,28,2,30,370,91,87 rue d'Amboise,,,Nuit avec éclairage non allumé,En agglomération,Hors intersection,Normale,Autre collision,,,,,,,,,,,4,2,1,1.0,6
201300016862,0013-08-10 00:15:00,13,8,10,0,15,370,156,,,,Nuit sans éclairage public,Hors agglomération,Hors intersection,Autre,Autre collision,,,,,,,,,,,3,1,1,9.0,6
201300016863,0013-09-04 08:45:00,13,9,4,8,45,370,273,18 rue Sarah Bernhardt,,,Plein jour,En agglomération,Hors intersection,Temps éblouissant,Autre collision,,,,,,,,,,,1,2,1,7.0,6
201300016864,0013-10-16 17:45:00,13,10,16,17,45,370,156,face camping municipal,,,Plein jour,Hors agglomération,Hors intersection,Temps couvert,Deux véhicules - frontale,,,,,,,,,,,1,1,1,8.0,1
201300016865,0013-10-18 22:45:00,13,10,18,22,45,370,75,,,,Nuit sans éclairage public,Hors agglomération,Hors intersection,Normale,Autre collision,,,,,,,,,,,3,1,1,1.0,6
201300016866,0013-10-30 07:45:00,13,10,30,7,45,370,156,Rue du saule Michaud,,,Plein jour,En agglomération,Intersection en X,Pluie légère,Deux véhicules - côté,,,,,,,,,,,1,2,2,2.0,3
201300016867,0013-11-04 18:45:00,13,11,4,18,45,370,27,AVENUE DE L EUROPE,,,Nuit avec éclairage allumé,En agglomération,Hors intersection,Pluie légère,Deux véhicules - frontale,,,,,,,,,,,5,2,1,2.0,1
201300016868,0013-11-14 18:45:00,13,11,14,18,45,370,225,,,,Nuit sans éclairage public,Hors agglomération,Hors intersection,Normale,Autre collision,,,,,,,,,,,3,1,1,1.0,6
201300016869,0013-12-15 06:00:00,13,12,15,6,0,370,79,LIEU DIT LES VAULX,,,Nuit avec éclairage allumé,En agglomération,Hors intersection,Normale,Autre collision,,,,,,,,,,,5,2,1,1.0,6
201300016870,0013-12-21 19:30:00,13,12,21,19,30,370,79,,,,Nuit sans éclairage public,Hors agglomération,Hors intersection,Pluie légère,Deux véhicules - frontale,,,,,,,,,,,3,1,1,2.0,1
201300016871,0013-04-08 19:15:00,13,4,8,19,15,370,194,,,,Plein jour,Hors agglomération,Hors intersection,Normale,Deux véhicules - frontale,,,,,,,,,,,1,1,1,1.0,1
201300016872,0013-05-06 20:15:00,13,5,6,20,15,370,281,,,,Plein jour,Hors agglomération,Hors intersection,Normale,Deux véhicules - frontale,,,,,,,,,,,1,1,1,1.0,1
201300016873,0013-12-05 19:45:00,13,12,5,19,45,370,10,,,,Nuit sans éclairage public,Hors agglomération,Hors intersection,Normale,Deux véhicules - côté,,,,,,,,,,,3,1,1,1.0,3
201300016874,0013-12-20 16:15:00,13,12,20,16,15,370,281,,,,Plein jour,Hors agglomération,Hors intersection,Normale,Autre collision,,,,,,,,,,,1,1,1,1.0,6
201300016875,0013-11-08 18:30:00,13,11,8,18,30,140,366,"4, DOCTEUR PAUL OUVRY (R",,,Nuit avec éclairage allumé,En agglomération,Hors intersection,Pluie légère,Autre collision,,,,,,,,,,,5,2,1,2.0,6
201300016876,0013-11-13 20:00:00,13,11,13,20,0,140,487,CD 48,,,Nuit sans éclairage public,Hors agglomération,Hors intersection,Normale,Deux véhicules - frontale,,,,,,,,,,,3,1,1,1.0,1
201300016877,0013-11-25 08:10:00,13,11,25,8,10,140,366,"48, PAUL BANASTON (RUE)",,,Crépuscule ou aube,En agglomération,Hors intersection,Pluie légère,Autre collision,,,,,,,,,,,2,2,1,2.0,6
201300016878,0013-12-05 21:20:00,13,12,5,21,20,140,69,"0, SAP (ROUTE DU)",,,Nuit sans éclairage public,Hors agglomération,Hors intersection,Pluie légère,Autre collision,,,,,,,,,,,3,1,1,2.0,6
201300016879,0013-12-09 07:45:00,13,12,9,7,45,140,69,ORBEC (ROUTE D'),,,Crépuscule ou aube,En agglomération,Hors intersection,Normale,Autre collision,,,,,,,,,,,2,2,1,1.0,6
201300016880,0013-12-10 10:45:00,13,12,10,10,45,140,366,"80, VICTOR HUGO (AVENUE)",,,Plein jour,En agglomération,Hors intersection,Normale,Autre collision,,,,,,,,,,,1,2,1,1.0,6
201300016881,0013-12-17 09:00:00,13,12,17,9,0,140,69,"3, CLAQUE PEPIN",,,Plein jour,En agglomération,Hors intersection,Normale,Sans collision,,,,,,,,,,,1,2,1,1.0,7
201300016882,0013-12-20 18:15:00,13,12,20,18,15,140,366,"28, PAUL CORNU ( RD48 RU",,,Nuit avec éclairage allumé,En agglomération,Hors intersection,Normale,Autre collision,,,,,,,,,,,5,2,1,1.0,6
201300016883,0013-12-23 18:30:00,13,12,23,18,30,140,366,"26, SAINTE ANNE (BOULEVA",,,Nuit avec éclairage allumé,En agglomération,Intersection en T,Vent fort / tempête,Autre collision,,,,,,,,,,,5,2,3,6.0,6
201300016884,0013-12-26 15:10:00,13,12,26,15,10,140,366,"27, DOCTEUR PAUL OUVRY (",,,Plein jour,En agglomération,Intersection en T,Normale,Deux véhicules - côté,,,,,,,,,,,1,2,3,1.0,3
201300016885,0013-12-28 09:15:00,13,12,28,9,15,140,366,"2, CARNOT (BOULEVARD)",,,Plein jour,En agglomération,Intersection en X,Normale,Autre collision,,,,,,,,,,,1,2,2,1.0,6
201300016886,0013-01-10 07:55:00,13,1,10,7,55,140,366,"28, PAUL CORNU ( RD48 RU",49.1624,0.21995,Nuit avec éclairage allumé,En agglomération,Hors intersection,Pluie légère,Autre collision,,,,,,,,,,,5,2,1,2.0,6
201300016887,0013-01-12 13:50:00,13,1,12,13,50,140,303,"0, AUGUSTIN FRESNEL",49.1437,0.27285,Plein jour,En agglomération,Hors intersection,Normale,Deux véhicules - côté,,,,,,,,,,,1,2,1,1.0,3
201300016888,0013-01-16 15:15:00,13,1,16,15,15,140,69,"0, SAP (ROUTE DU)",49.1301,0.24749,Plein jour,En agglomération,Intersection en T,Normale,Deux véhicules - côté,,,,,,,,,,,1,2,3,1.0,3
201300016889,0013-01-20 17:25:00,13,1,20,17,25,140,574,"0, DIVES (D.45 ROUTE DE)",49.1528,0.20024,Crépuscule ou aube,Hors agglomération,Hors intersection,Neige / grêle,Sans collision,,,,,,,,,,,2,1,1,4.0,7
201300016890,0013-01-30 13:45:00,13,1,30,13,45,140,69,"0, LOGES (CHEMIN DES)",,,Plein jour,En agglomération,Hors intersection,Normale,Deux véhicules - arrière,,,,,,,,,,,1,2,1,1.0,2
201300016891,0013-01-31 11:35:00,13,1,31,11,35,140,366,"61, SAINTE ANNE (BOULEVA",49.144,0.22119,Plein jour,En agglomération,Giratoire,Pluie légère,Autre collision,,,,,,,,,,,1,2,6,2.0,6
201300016892,0013-02-02 19:15:00,13,2,2,19,15,140,366,"0, AUGUSTIN FRESNEL",,,Nuit avec éclairage allumé,En agglomération,Hors intersection,Normale,Deux véhicules - frontale,,,,,,,,,,,5,2,1,1.0,1
201300016893,0013-02-04 07:45:00,13,2,4,7,45,140,487,"0, EGLISE (ROUTE)",,,Nuit avec éclairage allumé,Hors agglomération,Intersection en T,Normale,Trois véhicules et plus - collisions multiples,,,,,,,,,,,5,1,3,1.0,5
201300016894,0013-02-09 18:55:00,13,2,9,18,55,140,366,"2, LOUIS PASTEUR (BOULEV",49.1479,0.22498,Nuit avec éclairage allumé,En agglomération,Intersection en X,Pluie légère,Autre collision,,,,,,,,,,,5,2,2,2.0,6
201300016895,0013-02-16 15:40:00,13,2,16,15,40,140,366,"0, POINT DE VUE (CHEMIN",,,Plein jour,En agglomération,Intersection en Y,Normale,Autre collision,,,,,,,,,,,1,2,4,1.0,6
201300016896,0013-03-11 10:25:00,13,3,11,10,25,140,366,"15, ROGER AINI (RUE)",,,Plein jour,En agglomération,Hors intersection,Neige / grêle,Sans collision,,,,,,,,,,,1,2,1,4.0,7
201300016897,0013-03-18 12:35:00,13,3,18,12,35,140,366,"0, PRE D'AUGE (RUE DU)",,,Plein jour,En agglomération,Hors intersection,Pluie légère,Sans collision,,,,,,,,,,,1,2,1,2.0,7
201300016898,0013-03-19 10:45:00,13,3,19,10,45,140,366,"61, SAINTE ANNE (BOULEVA",49.1438,0.2215,Plein jour,En agglomération,Hors intersection,Normale,Autre collision,,,,,,,,,,,1,2,1,1.0,6
201300016899,0013-03-26 12:20:00,13,3,26,12,20,140,366,"0, AUGUSTIN FRESNEL",,,Plein jour,En agglomération,Hors intersection,Normale,Autre collision,,,,,,,,,,,1,2,1,1.0,6
201300016900,0013-04-03 10:00:00,13,4,3,10,0,140,366,"58, GENERAL LECLERC (RUE",49.1515,0.22395,Plein jour,En agglomération,Hors intersection,Normale,Deux véhicules - arrière,,,,,,,,,,,1,2,1,1.0,2
201300016901,0013-04-07 17:55:00,13,4,7,17,55,140,366,"30, CARMEL (RUE DU)",,,Plein jour,En agglomération,Hors intersection,Normale,Autre collision,,,,,,,,,,,1,2,1,1.0,6
201300016902,0013-04-08 10:00:00,13,4,8,10,0,140,487,EGLISE (ROUTE),,,Plein jour,Hors agglomération,Hors intersection,Normale,Autre collision,,,,,,,,,,,1,1,1,1.0,6
201300016903,0013-04-09 17:55:00,13,4,9,17,55,140,574,"0, DIVES (D.45 route de)",,,Plein jour,Hors agglomération,Intersection en X,Normale,Deux véhicules - côté,,,,,,,,,,,1,1,2,1.0,3
201300016904,0013-04-10 12:45:00,13,4,10,12,45,140,366,"8, SAINT HIPPOLYTE (RUE)",,,Plein jour,En agglomération,Hors intersection,Normale,Autre collision,,,,,,,,,,,1,2,1,1.0,6
201300016905,0013-04-20 11:30:00,13,4,20,11,30,140,574,D 511 SAINT D?SIR 14100,49.1255,0.18967,Plein jour,En agglomération,Hors intersection,Normale,Trois véhicules et plus - en chaîne,,,,,,,,,,,1,2,1,1.0,4
201300016906,0013-04-23 15:35:00,13,4,23,15,35,140,366,"44, REPUBLIQUE (PLACE DE",49.1439,0.22392,Plein jour,En agglomération,Place,Normale,Autre collision,,,,,,,,,,,1,2,7,1.0,6
201300016907,0013-04-25 16:35:00,13,4,25,16,35,140,366,"66, ROGER AINI (RUE)",49.1444,0.25408,Plein jour,En agglomération,Hors intersection,Normale,Trois véhicules et plus - en chaîne,,,,,,,,,,,1,2,1,1.0,4
201300016908,0013-04-30 18:25:00,13,4,30,18,25,140,366,"0, RD 406",49.1558,0.23707,Plein jour,Hors agglomération,Hors intersection,Normale,Autre collision,,,,,,,,,,,1,1,1,1.0,6
201300016909,0013-05-23 10:40:00,13,5,23,10,40,140,366,"16, PRESIDENT RENE COTY",49.1425,0.24152,Plein jour,En agglomération,Hors intersection,Normale,Trois véhicules et plus - collisions multiples,,,,,,,,,,,1,2,1,1.0,5
201300016910,0013-05-30 12:35:00,13,5,30,12,35,140,366,"105, ROGER AINI (RUE)",,,Plein jour,En agglomération,Hors intersection,Pluie légère,Autre collision,,,,,,,,,,,1,2,1,2.0,6
201300016911,0013-06-07 08:25:00,13,6,7,8,25,140,366,"106, PAUL CORNU ( RD48 R",49.1672,0.21888,Plein jour,En agglomération,Hors intersection,Normale,Autre collision,,,,,,,,,,,1,2,1,1.0,6
201300016912,0013-06-08 19:10:00,13,6,8,19,10,140,69,,49.1319,0.23869,Plein jour,Hors agglomération,Hors intersection,Normale,Autre collision,,,,,,,,,,,1,1,1,1.0,6
201300016913,0013-06-11 13:45:00,13,6,11,13,45,140,487,QUATRE ROUTES (LES),49.1795,0.20917,Plein jour,Hors agglomération,Hors intersection,Normale,Deux véhicules - côté,,,,,,,,,,,1,1,1,1.0,3
201300016914,0013-06-13 19:25:00,13,6,13,19,25,140,326,"80, ALEXANDRE FLEMING (R",49.1509,0.25644,Plein jour,En agglomération,Intersection en T,Normale,Deux véhicules - côté,,,,,,,,,,,1,2,3,1.0,3
201300016915,0013-06-18 16:55:00,13,6,18,16,55,140,366,"11, FOURNET (RUE)",49.1392,0.22729,Plein jour,En agglomération,Hors intersection,Normale,Autre collision,,,,,,,,,,,1,2,1,1.0,6
201300016916,0013-07-01 20:05:00,13,7,1,20,5,140,366,"47, REPUBLIQUE (PLACE DE",,,Plein jour,En agglomération,Intersection en X,Normale,Deux véhicules - côté,,,,,,,,,,,1,2,2,1.0,3
201300016917,0013-07-05 11:45:00,13,7,5,11,45,140,574,DIVES (D.45 route de),,,Plein jour,Hors agglomération,Intersection en X,Normale,Deux véhicules - arrière,,,,,,,,,,,1,1,2,1.0,2
201300016918,0013-07-09 13:00:00,13,7,9,13,0,140,487,EGLISE (ROUTE),,,Plein jour,Hors agglomération,Hors intersection,Normale,Autre collision,,,,,,,,,,,1,1,1,1.0,6
201300016919,0013-07-18 22:20:00,13,7,18,22,20,140,366,"108, ORBEC (ROUTE D')",,,Crépuscule ou aube,En agglomération,Hors intersection,Normale,Sans collision,,,,,,,,,,,2,2,1,1.0,7
201300016920,0013-07-20 19:30:00,13,7,20,19,30,140,366,"0, Parking LECLERC",,,Plein jour,Hors agglomération,Intersection en T,Normale,Deux véhicules - arrière,,,,,,,,,,,1,1,3,1.0,2
201300016921,0013-07-21 11:10:00,13,7,21,11,10,140,487,R.D 579,,,Plein jour,Hors agglomération,Hors intersection,Normale,Sans collision,,,,,,,,,,,1,1,1,1.0,7
201300016922,0013-07-29 20:50:00,13,7,29,20,50,140,366,"73, GUIZOT (RUE)",,,Plein jour,En agglomération,Hors intersection,Pluie légère,Autre collision,,,,,,,,,,,1,2,1,2.0,6
201300016923,0013-08-01 15:55:00,13,8,1,15,55,140,366,"14, SAINTE THERESE (AVEN",,,Plein jour,En agglomération,Intersection en T,Normale,Deux véhicules - côté,,,,,,,,,,,1,2,3,1.0,3
201300016924,0013-08-23 12:15:00,13,8,23,12,15,140,366,"2, CAROLINE DUCHEMIN (RU",,,Plein jour,En agglomération,Intersection en X,Normale,Autre collision,,,,,,,,,,,1,2,2,1.0,6
201300016925,0013-08-26 11:15:00,13,8,26,11,15,140,366,"9, CARNOT (BOULEVARD)",,,Plein jour,En agglomération,Intersection en X,Normale,Deux véhicules - côté,,,,,,,,,,,1,2,2,1.0,3
201300016926,0013-08-31 19:30:00,13,8,31,19,30,140,366,"11, CRETON (RUE)",,,Plein jour,En agglomération,Hors intersection,Normale,Deux véhicules - côté,,,,,,,,,,,1,2,1,1.0,3
201300016927,0013-09-05 08:40:00,13,9,5,8,40,140,366,"15, TOUQUES (RUE DE LA)",,,Plein jour,En agglomération,Hors intersection,Normale,Autre collision,,,,,,,,,,,1,2,1,1.0,6
201300016928,0013-09-06 18:00:00,13,9,6,18,0,140,69,"105, ORBEC (ROUTE D')",,,Plein jour,En agglomération,Intersection en T,Normale,Trois véhicules et plus - en chaîne,,,,,,,,,,,1,2,3,1.0,4
201300016929,0013-09-07 08:15:00,13,9,7,8,15,140,366,"12, TOUQUES (RUE DE LA)",,,Plein jour,En agglomération,Hors intersection,Normale,Autre collision,,,,,,,,,,,1,2,1,1.0,6
201300016930,0013-09-07 15:35:00,13,9,7,15,35,140,366,"68, LOUIS PASTEUR (BOULE",,,Plein jour,En agglomération,Giratoire,Normale,Deux véhicules - arrière,,,,,,,,,,,1,2,6,1.0,2
201300016931,0013-09-12 16:40:00,13,9,12,16,40,140,366,"19, NICOLAS ORESME (BOUL",,,Plein jour,En agglomération,Intersection en T,Normale,Deux véhicules - côté,,,,,,,,,,,1,2,3,1.0,3
201300016932,0013-09-12 17:25:00,13,9,12,17,25,140,366,"6, JEAN BOUIN (RUE)",,,Plein jour,En agglomération,Hors intersection,Normale,Deux véhicules - côté,,,,,,,,,,,1,2,1,1.0,3
201300016933,0013-09-17 13:45:00,13,9,17,13,45,140,366,"153, ROGER AINI (RUE)",,,Plein jour,En agglomération,Hors intersection,Pluie forte,Sans collision,,,,,,,,,,,1,2,1,3.0,7
201300016934,0013-09-25 09:30:00,13,9,25,9,30,140,574,DIVES (D.45 route de),,,Plein jour,Hors agglomération,Intersection en T,Normale,Deux véhicules - côté,,,,,,,,,,,1,1,3,1.0,3
201300016935,0013-09-26 01:50:00,13,9,26,1,50,140,366,"12, NICOLAS ORESME (BOUL",,,Nuit avec éclairage non allumé,En agglomération,Hors intersection,Normale,Sans collision,,,,,,,,,,,4,2,1,1.0,7
201300016936,0013-09-26 21:20:00,13,9,26,21,20,140,366,"29, GUIZOT (RUE)",,,Nuit avec éclairage allumé,En agglomération,Hors intersection,Normale,Sans collision,,,,,,,,,,,5,2,1,1.0,7
201300016937,0013-10-09 17:15:00,13,10,9,17,15,140,366,"0, CHAR (RUE AU)",,,Plein jour,En agglomération,Intersection en T,Normale,Autre collision,,,,,,,,,,,1,2,3,1.0,6
201300016938,0013-10-26 23:20:00,13,10,26,23,20,140,366,SURCOUF (ALLEE),,,Nuit avec éclairage allumé,En agglomération,Hors intersection,Normale,Sans collision,,,,,,,,,,,5,2,1,1.0,7
201300016939,0013-12-06 16:45:00,13,12,6,16,45,370,228,,,,Plein jour,Hors agglomération,Intersection en X,Normale,Deux véhicules - côté,,,,,,,,,,,1,1,2,1.0,3
201300016940,0013-07-31 08:45:00,13,7,31,8,45,370,123,82 rue Anne de Bretagne,,,Plein jour,En agglomération,Hors intersection,Normale,Deux véhicules - côté,,,,,,,,,,,1,2,1,1.0,3
201300016941,0013-06-23 18:45:00,13,6,23,18,45,370,97,,47.163,0.905,Plein jour,Hors agglomération,Hors intersection,Pluie forte,Autre collision,,,,,,,,,,,1,1,1,3.0,6
201300016942,0013-06-15 22:30:00,13,6,15,22,30,370,98,,,,Nuit sans éclairage public,Hors agglomération,Hors intersection,Normale,Deux véhicules - frontale,,,,,,,,,,,3,1,1,1.0,1
201300016943,0013-10-16 22:00:00,13,10,16,22,0,370,57,,,,Nuit sans éclairage public,Hors agglomération,Hors intersection,Normale,Autre collision,,,,,,,,,,,3,1,1,1.0,6
201300016944,0013-07-06 06:45:00,13,7,6,6,45,370,19,LA RICENDELIERE,,,Crépuscule ou aube,Hors agglomération,Hors intersection,Normale,Sans collision,,,,,,,,,,,2,1,1,1.0,7
201300016945,0013-06-10 16:30:00,13,6,10,16,30,370,266,ROUTE DE BALLAN,,,Plein jour,Hors agglomération,Hors intersection,Normale,Deux véhicules - frontale,,,,,,,,,,,1,1,1,1.0,1
201300016946,0013-08-05 20:15:00,13,8,5,20,15,370,83,11 RUE NOTRE DAME,,,Plein jour,En agglomération,Hors intersection,Normale,Deux véhicules - frontale,,,,,,,,,,,1,2,1,1.0,1
201300016947,0013-01-03 18:30:00,13,1,3,18,30,870,88,place Dr Donnet,,,Nuit avec éclairage allumé,En agglomération,Autre intersection,Temps couvert,Trois véhicules et plus - collisions multiples,,,,,,,,,,,5,2,9,8.0,5
201300016948,0013-04-14 19:30:00,13,4,14,19,30,870,203,,,,Plein jour,Hors agglomération,Hors intersection,Normale,Deux véhicules - arrière,,,,,,,,,,,1,1,1,1.0,2
201300016949,0013-06-16 13:00:00,13,6,16,13,0,870,146,,,,Plein jour,Hors agglomération,Intersection en X,Normale,Deux véhicules - frontale,,,,,,,,,,,1,1,2,1.0,1
201300016950,0013-08-09 17:00:00,13,8,9,17,0,870,88,,,,Plein jour,Hors agglomération,Hors intersection,Normale,Deux véhicules - frontale,,,,,,,,,,,1,1,1,1.0,1
201300016951,0013-02-10 02:00:00,13,2,10,2,0,870,97,,,,Nuit sans éclairage public,Hors agglomération,Hors intersection,Pluie légère,Deux véhicules - frontale,,,,,,,,,,,3,1,1,2.0,1
201300016952,0013-03-26 11:15:00,13,3,26,11,15,870,55,,,,Plein jour,Hors agglomération,Intersection en X,Normale,Deux véhicules - côté,,,,,,,,,,,1,1,2,1.0,3
201300016953,0013-08-27 19:30:00,13,8,27,19,30,870,116,,,,Plein jour,Hors agglomération,Hors intersection,Normale,Autre collision,,,,,,,,,,,1,1,1,1.0,6
201300016954,0013-09-30 15:45:00,13,9,30,15,45,870,59,,,,Plein jour,Hors agglomération,Intersection en T,Normale,Trois véhicules et plus - collisions multiples,,,,,,,,,,,1,1,3,1.0,5
201300016955,0013-11-15 10:30:00,13,11,15,10,30,870,61,,,,Plein jour,Hors agglomération,Hors intersection,Temps couvert,Trois véhicules et plus - collisions multiples,,,,,,,,,,,1,1,1,8.0,5
201300016956,0013-08-14 00:30:00,13,8,14,0,30,870,154,,,,Nuit sans éclairage public,Hors agglomération,Hors intersection,Normale,Autre collision,,,,,,,,,,,3,1,1,1.0,6
201300016957,0013-02-02 14:30:00,13,2,2,14,30,870,135,,,,Plein jour,Hors agglomération,Hors intersection,Pluie légère,Sans collision,,,,,,,,,,,1,1,1,2.0,7
201300016958,0013-05-11 10:30:00,13,5,11,10,30,870,73,,,,Plein jour,Hors agglomération,Hors intersection,Normale,Deux véhicules - frontale,,,,,,,,,,,1,1,1,1.0,1
201300016959,0013-12-12 10:00:00,13,12,12,10,0,870,73,,,,Plein jour,Hors agglomération,Hors intersection,Autre,Sans collision,,,,,,,,,,,1,1,1,9.0,7
201300016960,0013-04-15 10:45:00,13,4,15,10,45,870,106,38 Rue Gambetta,,,Plein jour,En agglomération,Hors intersection,Normale,Autre collision,,,,,,,,,,,1,2,1,1.0,6
201300016961,0013-06-03 16:15:00,13,6,3,16,15,870,32,,,,Plein jour,Hors agglomération,Hors intersection,Normale,Autre collision,,,,,,,,,,,1,1,1,1.0,6
201300016962,0013-06-25 14:15:00,13,6,25,14,15,870,127,,45.593,1.237,Plein jour,Hors agglomération,Hors intersection,Normale,Autre collision,,,,,,,,,,,1,1,1,1.0,6
201300016963,0013-08-10 16:15:00,13,8,10,16,15,870,106,,45.655,1.22,Plein jour,Hors agglomération,Hors intersection,Normale,Deux véhicules - côté,,,,,,,,,,,1,1,1,1.0,3
201300016964,0013-10-03 20:15:00,13,10,3,20,15,870,187,,,,Crépuscule ou aube,Hors agglomération,Hors intersection,Normale,Autre collision,,,,,,,,,,,2,1,1,1.0,6
201300016965,0013-02-16 11:45:00,13,2,16,11,45,230,99,,46.04434,1.77615,Plein jour,Hors agglomération,Hors intersection,Normale,Sans collision,,,,,,,,,,,1,1,1,1.0,7
201300016966,0013-11-04 17:45:00,13,11,4,17,45,230,30,AVENUE JOLIOT CURIE,,,Nuit avec éclairage allumé,En agglomération,Intersection en T,Pluie légère,Deux véhicules - côté,,,,,,,,,,,5,2,3,2.0,3
201300016967,0013-04-24 18:30:00,13,4,24,18,30,230,130,,46.438,1.769,Plein jour,Hors agglomération,Hors intersection,Normale,Autre collision,,,,,,,,,,,1,1,1,1.0,6
201300016968,0013-07-06 17:00:00,13,7,6,17,0,230,45,,,,Plein jour,Hors agglomération,Hors intersection,Normale,Autre collision,,,,,,,,,,,1,1,1,1.0,6
201300016969,0013-10-31 17:45:00,13,10,31,17,45,230,35,rue raymond Aucouturier,46.224,2.468,Nuit avec éclairage allumé,En agglomération,Hors intersection,Normale,Autre collision,,,,,,,,,,,5,2,1,1.0,6
201300016970,0013-11-19 18:30:00,13,11,19,18,30,230,16,,,,Nuit sans éclairage public,Hors agglomération,Hors intersection,Neige / grêle,Deux véhicules - côté,,,,,,,,,,,3,1,1,4.0,3
201300016971,0013-05-11 11:45:00,13,5,11,11,45,230,241,,,,Plein jour,Hors agglomération,Hors intersection,Pluie légère,Deux véhicules - frontale,,,,,,,,,,,1,1,1,2.0,1
201300016972,0013-09-01 15:15:00,13,9,1,15,15,230,131,,,,Plein jour,Hors agglomération,Hors intersection,Normale,Autre collision,,,,,,,,,,,1,1,1,1.0,6
201300016973,0013-09-04 19:00:00,13,9,4,19,0,230,28,,46.019,2.239,Plein jour,Hors agglomération,Hors intersection,Normale,Sans collision,,,,,,,,,,,1,1,1,1.0,7
201300016974,0013-03-04 07:45:00,13,3,4,7,45,170,52,,45.28086,-0.10397,Crépuscule ou aube,Hors agglomération,Hors intersection,Normale,Sans collision,,,,,,,,,,,2,1,1,1.0,7
201300016975,0013-03-20 13:30:00,13,3,20,13,30,170,331,,45.47201,-0.54242,Plein jour,Hors agglomération,Hors intersection,Normale,Deux véhicules - frontale,,,,,,,,,,,1,1,1,1.0,1