accident_id,datetime,annee,mois,jour,heure,minute,departement,commune_insee,adresse,latitude,longitude,luminosite,agglomeration,intersection,meteo,collision,nb_vehicules,nb_usagers,nb_indemnes,nb_tues,nb_blesses_hosp,nb_blesses_legers,age_cond_1,age_cond_2,veh_type_cond_1,veh_type_cond_2,lum_code,agg_code,int_code,atm_code,col_code
201300016976,0013-05-25 10:45:00,13,5,25,10,45,170,434,Rue Eugene biraud,46.11074,-0.75692,Plein jour,En agglomération,Hors intersection,Normale,Autre collision,,,,,,,,,,,1,2,1,1.0,6
201300016977,0013-02-03 06:30:00,13,2,3,6,30,170,336,,45.798,-0.732,Nuit sans éclairage public,Hors agglomération,Hors intersection,Normale,Trois véhicules et plus - collisions multiples,,,,,,,,,,,3,1,1,1.0,5
201300016978,0013-08-25 18:30:00,13,8,25,18,30,280,391,,48.20853,1.946,Plein jour,Hors agglomération,Hors intersection,Pluie légère,Trois véhicules et plus - collisions multiples,,,,,,,,,,,1,1,1,2.0,5
201300016979,0013-11-05 12:30:00,13,11,5,12,30,280,259,,,,Plein jour,Hors agglomération,Hors intersection,Pluie légère,Autre collision,,,,,,,,,,,1,1,1,2.0,6
201300016980,0013-02-16 17:45:00,13,2,16,17,45,280,232,,,,Crépuscule ou aube,Hors agglomération,Hors intersection,Normale,Autre collision,,,,,,,,,,,2,1,1,1.0,6
201300016981,0013-02-07 17:45:00,13,2,7,17,45,270,238,,,,Plein jour,Hors agglomération,Hors intersection,Temps couvert,Autre collision,,,,,,,,,,,1,1,1,8.0,6
201300016982,0013-03-20 08:00:00,13,3,20,8,0,270,570,,49.041,1.04,Crépuscule ou aube,Hors agglomération,Hors intersection,Autre,Sans collision,,,,,,,,,,,2,1,1,9.0,7
201300016983,0013-05-04 19:45:00,13,5,4,19,45,270,472,,49.181,1.43,Plein jour,Hors agglomération,Hors intersection,Normale,Sans collision,,,,,,,,,,,1,1,1,1.0,7
201300016984,0013-08-28 17:15:00,13,8,28,17,15,270,165,,48.572,0.554,Plein jour,Hors agglomération,Hors intersection,Normale,Deux véhicules - côté,,,,,,,,,,,1,1,1,1.0,3
201300016985,0013-08-30 22:30:00,13,8,30,22,30,270,451,,,,Nuit avec éclairage non allumé,Hors agglomération,Giratoire,Normale,Autre collision,,,,,,,,,,,4,1,6,1.0,6
201300016986,0013-10-02 17:30:00,13,10,2,17,30,270,229,boulevard du 14 juillet,,,Plein jour,En agglomération,Hors intersection,Normale,Deux véhicules - arrière,,,,,,,,,,,1,2,1,1.0,2
201300016987,0013-10-05 15:45:00,13,10,5,15,45,270,306,,,,Plein jour,Hors agglomération,Hors intersection,Normale,Deux véhicules - frontale,,,,,,,,,,,1,1,1,1.0,1
201300016988,0013-11-04 14:15:00,13,11,4,14,15,270,439,,,,Plein jour,Hors agglomération,Hors intersection,Normale,Autre collision,,,,,,,,,,,1,1,1,1.0,6
201300016989,0013-12-10 17:45:00,13,12,10,17,45,270,287,,,,Nuit sans éclairage public,Hors agglomération,Hors intersection,Brouillard / fumée,Deux véhicules - frontale,,,,,,,,,,,3,1,1,5.0,1
201300016990,0013-12-10 16:30:00,13,12,10,16,30,270,678,,,,Plein jour,Hors agglomération,Hors intersection,Autre,Deux véhicules - frontale,,,,,,,,,,,1,1,1,9.0,1
201300016991,0013-12-13 07:30:00,13,12,13,7,30,270,238,,,,Nuit sans éclairage public,Hors agglomération,Hors intersection,Brouillard / fumée,Deux véhicules - frontale,,,,,,,,,,,3,1,1,5.0,1
201300016992,0013-12-23 22:45:00,13,12,23,22,45,270,436,2 rue de conches,,,Nuit sans éclairage public,En agglomération,Hors intersection,Vent fort / tempête,Autre collision,,,,,,,,,,,3,2,1,6.0,6
201300016993,0013-04-18 17:45:00,13,4,18,17,45,270,693,,48.532,1.052,Plein jour,Hors agglomération,Hors intersection,Normale,Deux véhicules - côté,,,,,,,,,,,1,1,1,1.0,3
201300016994,0013-09-24 13:00:00,13,9,24,13,0,270,293,,,,Plein jour,Hors agglomération,Hors intersection,Normale,Deux véhicules - côté,,,,,,,,,,,1,1,1,1.0,3
201300016995,0013-02-06 18:45:00,13,2,6,18,45,270,679,,48.737,0.933,Nuit sans éclairage public,Hors agglomération,Hors intersection,Pluie légère,Autre collision,,,,,,,,,,,3,1,1,2.0,6
201300016996,0013-06-26 18:45:00,13,6,26,18,45,270,679,,48.443,0.503,Plein jour,Hors agglomération,Hors intersection,Normale,Trois véhicules et plus - collisions multiples,,,,,,,,,,,1,1,1,1.0,5
201300016997,0013-08-14 14:30:00,13,8,14,14,30,270,69,,,,Plein jour,Hors agglomération,Intersection en T,Normale,Deux véhicules - côté,,,,,,,,,,,1,1,3,1.0,3
201300016998,0013-08-17 04:00:00,13,8,17,4,0,270,679,,48.744,0.896,Nuit sans éclairage public,Hors agglomération,Hors intersection,Normale,Sans collision,,,,,,,,,,,3,1,1,1.0,7
201300016999,0013-08-20 08:45:00,13,8,20,8,45,270,679,,48.756,0.942,Plein jour,Hors agglomération,Hors intersection,Normale,Deux véhicules - arrière,,,,,,,,,,,1,1,1,1.0,2
201300017000,0013-09-19 19:15:00,13,9,19,19,15,270,679,,,,Crépuscule ou aube,Hors agglomération,Hors intersection,Normale,Autre collision,,,,,,,,,,,2,1,1,1.0,6
201300017001,0013-11-17 06:00:00,13,11,17,6,0,270,265,,48.793,0.856,Nuit sans éclairage public,En agglomération,Hors intersection,Normale,Autre collision,,,,,,,,,,,3,2,1,1.0,6
201300017002,0013-01-24 11:15:00,13,1,24,11,15,270,414,24 rue Grande,48.561,0.284,Plein jour,En agglomération,Hors intersection,Normale,Autre collision,,,,,,,,,,,1,2,1,1.0,6
201300017003,0013-02-06 16:15:00,13,2,6,16,15,270,398,cd133/vc16,49.054,0.372,Plein jour,En agglomération,Intersection en X,Normale,Deux véhicules - frontale,,,,,,,,,,,1,2,2,1.0,1
201300017004,0013-03-10 21:00:00,13,3,10,21,0,270,516,,49.043,0.363,Nuit sans éclairage public,Hors agglomération,Hors intersection,Normale,Deux véhicules - arrière,,,,,,,,,,,3,1,1,1.0,2
201300017005,0013-07-07 06:00:00,13,7,7,6,0,270,608,,49.064,0.496,Plein jour,Hors agglomération,Hors intersection,Brouillard / fumée,Autre collision,,,,,,,,,,,1,1,1,5.0,6
201300017006,0013-07-27 01:00:00,13,7,27,1,0,270,207,,49.064,0.28,Nuit sans éclairage public,Hors agglomération,Hors intersection,Normale,Autre collision,,,,,,,,,,,3,1,1,1.0,6
201300017007,0013-08-03 19:15:00,13,8,3,19,15,270,608,,49.042,0.311,Plein jour,Hors agglomération,Intersection en X,Temps éblouissant,Deux véhicules - côté,,,,,,,,,,,1,1,2,7.0,3
201300017008,0013-08-15 17:30:00,13,8,15,17,30,270,46,,49.184,0.54,Plein jour,Hors agglomération,Hors intersection,Normale,Deux véhicules - frontale,,,,,,,,,,,1,1,1,1.0,1
201300017009,0013-08-27 18:15:00,13,8,27,18,15,270,608,RD 22 lieu dit Les Mares,49.04,0.31,Plein jour,En agglomération,Hors intersection,Normale,Deux véhicules - frontale,,,,,,,,,,,1,2,1,1.0,1
201300017010,0013-08-30 01:45:00,13,8,30,1,45,270,79,,,,Nuit sans éclairage public,Hors agglomération,Hors intersection,Normale,Autre collision,,,,,,,,,,,3,1,1,1.0,6
201300017011,0013-10-20 01:00:00,13,10,20,1,0,270,56,c?te de Beaumesnil,,,Nuit sans éclairage public,En agglomération,Hors intersection,Normale,Deux véhicules - frontale,,,,,,,,,,,3,2,1,1.0,1
201300017012,0013-10-18 17:15:00,13,10,18,17,15,270,414,,,,Plein jour,Hors agglomération,Hors intersection,Normale,Autre collision,,,,,,,,,,,1,1,1,1.0,6
201300017013,0013-12-06 20:15:00,13,12,6,20,15,270,56,boulevard sylla lefevre,,,Nuit avec éclairage allumé,En agglomération,Hors intersection,Normale,Deux véhicules - frontale,,,,,,,,,,,5,2,1,1.0,1
201300017014,0013-01-19 16:45:00,13,1,19,16,45,270,290,,49.081,0.471,Plein jour,Hors agglomération,Hors intersection,Normale,Deux véhicules - frontale,,,,,,,,,,,1,1,1,1.0,1
201300017015,0013-01-28 07:45:00,13,1,28,7,45,270,536,,49.145,0.47,Crépuscule ou aube,Hors agglomération,Hors intersection,Normale,Trois véhicules et plus - collisions multiples,,,,,,,,,,,2,1,1,1.0,5
201300017016,0013-03-05 16:00:00,13,3,5,16,0,270,116,rue des fontaines,49.113,0.422,Plein jour,En agglomération,Hors intersection,Normale,Deux véhicules - côté,,,,,,,,,,,1,2,1,1.0,3
201300017017,0013-04-08 18:00:00,13,4,8,18,0,270,49,,49.01,0.414,Plein jour,Hors agglomération,Hors intersection,Normale,Deux véhicules - côté,,,,,,,,,,,1,1,1,1.0,3
201300017018,0013-08-17 14:00:00,13,8,17,14,0,270,444,,,,Plein jour,Hors agglomération,Intersection en T,Normale,Deux véhicules - côté,,,,,,,,,,,1,1,3,1.0,3
201300017019,0013-09-13 10:15:00,13,9,13,10,15,270,290,,,,Plein jour,Hors agglomération,Hors intersection,Pluie légère,Sans collision,,,,,,,,,,,1,1,1,2.0,7
201300017020,0013-09-14 17:15:00,13,9,14,17,15,270,116,,49.051,0.679,Plein jour,Hors agglomération,Hors intersection,Normale,Deux véhicules - frontale,,,,,,,,,,,1,1,1,1.0,1
201300017021,0013-09-30 18:45:00,13,9,30,18,45,270,292,,,,Plein jour,Hors agglomération,Hors intersection,Pluie légère,Deux véhicules - frontale,,,,,,,,,,,1,1,1,2.0,1
201300017022,0013-11-29 18:30:00,13,11,29,18,30,270,116,RD 438,,,Nuit avec éclairage allumé,En agglomération,Autre intersection,Pluie légère,Deux véhicules - côté,,,,,,,,,,,5,2,9,2.0,3
201300017023,0013-12-11 02:00:00,13,12,11,2,0,270,50,,49.095,0.762,Nuit sans éclairage public,Hors agglomération,Hors intersection,Normale,Autre collision,,,,,,,,,,,3,1,1,1.0,6
201300017024,0013-06-06 19:00:00,13,6,6,19,0,270,214,Intersection 6014/14bis,49.182,1.261,Plein jour,En agglomération,Hors intersection,Normale,Deux véhicules - arrière,,,,,,,,,,,1,2,1,1.0,2
201300017025,0013-04-08 09:30:00,13,4,8,9,30,270,636,,49.154,0.581,Plein jour,Hors agglomération,Hors intersection,Pluie légère,Deux véhicules - frontale,,,,,,,,,,,1,1,1,2.0,1
201300017026,0013-04-13 14:30:00,13,4,13,14,30,270,511,,49.093,1.0,Plein jour,Hors agglomération,Intersection en X,Normale,Trois véhicules et plus - collisions multiples,,,,,,,,,,,1,1,2,1.0,5
201300017027,0013-05-29 20:00:00,13,5,29,20,0,270,579,,49.14,0.571,Crépuscule ou aube,Hors agglomération,Hors intersection,Normale,Deux véhicules - côté,,,,,,,,,,,2,1,1,1.0,3
201300017028,0013-07-19 23:45:00,13,7,19,23,45,270,219,,,,Nuit sans éclairage public,Hors agglomération,Hors intersection,Normale,Deux véhicules - frontale,,,,,,,,,,,3,1,1,1.0,1
201300017029,0013-09-08 20:00:00,13,9,8,20,0,270,11,CV4,,,Crépuscule ou aube,En agglomération,Hors intersection,Normale,Sans collision,,,,,,,,,,,2,2,1,1.0,7
201300017030,0013-09-29 18:15:00,13,9,29,18,15,270,511,,,,Crépuscule ou aube,Hors agglomération,Hors intersection,Pluie forte,Deux véhicules - frontale,,,,,,,,,,,2,1,1,3.0,1
201300017031,0013-04-21 06:30:00,13,4,21,6,30,270,263,,49.223,0.332,Crépuscule ou aube,Hors agglomération,Hors intersection,Brouillard / fumée,Deux véhicules - frontale,,,,,,,,,,,2,1,1,5.0,1
201300017032,0013-10-05 19:45:00,13,10,5,19,45,270,415,,,,Nuit sans éclairage public,Hors agglomération,Hors intersection,Normale,Deux véhicules - arrière,,,,,,,,,,,3,1,1,1.0,2
201300017033,0013-06-10 16:00:00,13,6,10,16,0,40,46,,,,Plein jour,Hors agglomération,Hors intersection,Normale,Deux véhicules - côté,,,,,,,,,,,1,1,1,1.0,3
201300017034,0013-07-20 18:00:00,13,7,20,18,0,40,236,,43.936,6.628,Plein jour,Hors agglomération,Hors intersection,Pluie légère,Deux véhicules - frontale,,,,,,,,,,,1,1,1,2.0,1
201300017035,0013-11-11 17:45:00,13,11,11,17,45,40,76,,,,Nuit sans éclairage public,Hors agglomération,Hors intersection,Normale,Autre collision,,,,,,,,,,,3,1,1,1.0,6
201300017036,0013-03-09 09:45:00,13,3,9,9,45,40,6,,44.275,6.58,Plein jour,Hors agglomération,Hors intersection,Normale,Deux véhicules - arrière,,,,,,,,,,,1,1,1,1.0,2
201300017037,0013-09-17 10:45:00,13,9,17,10,45,40,173,,,,Plein jour,Hors agglomération,Hors intersection,Normale,Deux véhicules - côté,,,,,,,,,,,1,1,1,1.0,3
201300017038,0013-01-29 15:45:00,13,1,29,15,45,40,184,route du col de St Jurs,43.9105,6.23379,Plein jour,En agglomération,Hors intersection,Temps couvert,Autre collision,,,,,,,,,,,1,2,1,8.0,6
201300017039,0013-10-07 15:00:00,13,10,7,15,0,40,124,,,,Plein jour,Hors agglomération,Hors intersection,Normale,Deux véhicules - frontale,,,,,,,,,,,1,1,1,1.0,1
201300017040,0013-10-11 11:15:00,13,10,11,11,15,40,135,,,,Plein jour,Hors agglomération,Intersection en X,Normale,Deux véhicules - côté,,,,,,,,,,,1,1,2,1.0,3
201300017041,0013-10-31 17:15:00,13,10,31,17,15,40,4,,,,Crépuscule ou aube,En agglomération,Hors intersection,Normale,Sans collision,,,,,,,,,,,2,2,1,1.0,7
201300017042,0013-11-06 11:00:00,13,11,6,11,0,40,4,notre dame des graces,,,Plein jour,En agglomération,Hors intersection,Normale,Autre collision,,,,,,,,,,,1,2,1,1.0,6
201300017043,0013-12-04 15:00:00,13,12,4,15,0,40,135,Avenue frederic  mistral,,,Plein jour,En agglomération,Intersection en T,Normale,Deux véhicules - côté,,,,,,,,,,,1,2,3,1.0,3
201300017044,0013-01-02 10:00:00,13,1,2,10,0,40,138,,,,Plein jour,Hors agglomération,Hors intersection,Normale,Sans collision,,,,,,,,,,,1,1,1,1.0,7
201300017045,0013-01-26 09:30:00,13,1,26,9,30,40,242,,,,Plein jour,Hors agglomération,Hors intersection,Normale,Deux véhicules - côté,,,,,,,,,,,1,1,1,1.0,3
201300017046,0013-02-02 23:30:00,13,2,2,23,30,40,111,,,,Nuit sans éclairage public,Hors agglomération,Hors intersection,Normale,Sans collision,,,,,,,,,,,3,1,1,1.0,7
201300017047,0013-04-26 11:00:00,13,4,26,11,0,40,242,,,,Plein jour,Hors agglomération,Hors intersection,Temps couvert,Sans collision,,,,,,,,,,,1,1,1,8.0,7
201300017048,0013-04-30 19:00:00,13,4,30,19,0,40,111,Chemin de l'esp?rance,43.93763,5.76583,Plein jour,En agglomération,Hors intersection,Normale,Deux véhicules - frontale,,,,,,,,,,,1,2,1,1.0,1
201300017049,0013-05-26 07:00:00,13,5,26,7,0,40,88,,,,Plein jour,Hors agglomération,Hors intersection,Normale,Deux véhicules - côté,,,,,,,,,,,1,1,1,1.0,3
201300017050,0013-06-18 15:30:00,13,6,18,15,30,40,242,,,,Plein jour,Hors agglomération,Hors intersection,Normale,Deux véhicules - côté,,,,,,,,,,,1,1,1,1.0,3
201300017051,0013-06-21 21:15:00,13,6,21,21,15,40,192,,,,Plein jour,Hors agglomération,Hors intersection,Normale,Autre collision,,,,,,,,,,,1,1,1,1.0,6
201300017052,0013-08-23 09:45:00,13,8,23,9,45,40,138,,,,Plein jour,Hors agglomération,Hors intersection,Normale,Trois véhicules et plus - collisions multiples,,,,,,,,,,,1,1,1,1.0,5
201300017053,0013-10-16 09:30:00,13,10,16,9,30,40,242,,43.89348,5.87476,Plein jour,Hors agglomération,Intersection en T,Normale,Deux véhicules - côté,,,,,,,,,,,1,1,3,1.0,3
201300017054,0013-11-13 18:45:00,13,11,13,18,45,40,242,,,,Nuit avec éclairage allumé,Hors agglomération,Hors intersection,Normale,Trois véhicules et plus - collisions multiples,,,,,,,,,,,5,1,1,1.0,5
201300017055,0013-12-19 17:30:00,13,12,19,17,30,40,88,AVENUE SAINT PROMASSE,,,Nuit sans éclairage public,En agglomération,Hors intersection,Pluie forte,Sans collision,,,,,,,,,,,3,2,1,3.0,7
201300017056,0013-12-29 09:15:00,13,12,29,9,15,40,111,,,,Plein jour,Hors agglomération,Hors intersection,Autre,Sans collision,,,,,,,,,,,1,1,1,9.0,7
201300017057,0013-07-27 02:15:00,13,7,27,2,15,40,169,,44.07863,5.65842,Nuit sans éclairage public,Hors agglomération,Hors intersection,Normale,Autre collision,,,,,,,,,,,3,1,1,1.0,6
201300017058,0013-04-16 12:30:00,13,4,16,12,30,40,49,,,,Plein jour,Hors agglomération,Intersection en X,Normale,Deux véhicules - côté,,,,,,,,,,,1,1,2,1.0,3
201300017059,0013-05-03 12:45:00,13,5,3,12,45,40,49,,44.08208,6.00501,Plein jour,Hors agglomération,Hors intersection,Normale,Deux véhicules - côté,,,,,,,,,,,1,1,1,1.0,3
201300017060,0013-08-12 13:30:00,13,8,12,13,30,240,576,,44.9887,0.78224,Plein jour,Hors agglomération,Intersection en X,Normale,Deux véhicules - côté,,,,,,,,,,,1,1,2,1.0,3
201300017061,0013-01-30 13:00:00,13,1,30,13,0,240,540,LE PAVILLON,45.276,0.826,Plein jour,Hors agglomération,Hors intersection,Normale,Sans collision,,,,,,,,,,,1,1,1,1.0,7
201300017062,0013-07-15 10:00:00,13,7,15,10,0,240,120,LES ANDREAUX,45.2904,1.14819,Plein jour,En agglomération,Hors intersection,Normale,Sans collision,,,,,,,,,,,1,2,1,1.0,7
201300017063,0013-11-21 18:45:00,13,11,21,18,45,240,103,,45.195,0.87985,Nuit avec éclairage allumé,Hors agglomération,Hors intersection,Pluie forte,Deux véhicules - frontale,,,,,,,,,,,5,1,1,3.0,1
201300017064,0013-11-29 18:30:00,13,11,29,18,30,240,135,LES TAVERNES,45.24402,0.79416,Nuit sans éclairage public,Hors agglomération,Hors intersection,Normale,Deux véhicules - arrière,,,,,,,,,,,3,1,1,1.0,2
201300017065,0013-04-12 09:45:00,13,4,12,9,45,240,222,LES JUSTICES,44.8561,0.36446,Plein jour,Hors agglomération,Hors intersection,Normale,Deux véhicules - frontale,,,,,,,,,,,1,1,1,1.0,1
201300017066,0013-05-13 22:45:00,13,5,13,22,45,240,197,LA BOULE,44.91305,0.44573,Nuit sans éclairage public,Hors agglomération,Hors intersection,Normale,Autre collision,,,,,,,,,,,3,1,1,1.0,6
201300017067,0013-05-27 15:00:00,13,5,27,15,0,240,182,LE GENDRE,44.8743,0.26224,Plein jour,Hors agglomération,Hors intersection,Normale,Sans collision,,,,,,,,,,,1,1,1,1.0,7
201300017068,0013-06-18 16:30:00,13,6,18,16,30,240,155,PONT SAINT MAMET,44.96737,0.58732,Plein jour,Hors agglomération,Hors intersection,Pluie forte,Sans collision,,,,,,,,,,,1,1,1,3.0,7
201300017069,0013-07-13 10:00:00,13,7,13,10,0,240,234,LES BOUYGUES,44.9721,0.40369,Plein jour,Hors agglomération,Hors intersection,Normale,Deux véhicules - côté,,,,,,,,,,,1,1,1,1.0,3
201300017070,0013-10-08 20:00:00,13,10,8,20,0,240,340,Route de Pont Renon,44.8597,0.40757,Nuit sans éclairage public,En agglomération,Hors intersection,Normale,Deux véhicules - frontale,,,,,,,,,,,3,2,1,1.0,1
201300017071,0013-03-09 21:30:00,13,3,9,21,30,240,311,ROUTE DE ST MARTIN,45.53758,0.6591,Nuit sans éclairage public,Hors agglomération,Hors intersection,Normale,Autre collision,,,,,,,,,,,3,1,1,1.0,6
201300017072,0013-08-01 22:45:00,13,8,1,22,45,240,548,BELLEVUE,45.5932,0.61278,Nuit sans éclairage public,Hors agglomération,Hors intersection,Normale,Sans collision,,,,,,,,,,,3,1,1,1.0,7
201300017073,0013-08-13 18:00:00,13,8,13,18,0,240,451,BRISSONNEAU,45.4957,0.65585,Plein jour,Hors agglomération,Intersection en X,Normale,Deux véhicules - côté,,,,,,,,,,,1,1,2,1.0,3
201300017074,0013-10-04 08:45:00,13,10,4,8,45,240,528,TOURBANIER,45.47935,0.66186,Plein jour,Hors agglomération,Hors intersection,Pluie légère,Sans collision,,,,,,,,,,,1,1,1,2.0,7
201300017075,0013-11-02 21:30:00,13,11,2,21,30,240,479,PUYPELAT,45.4967,0.72439,Nuit sans éclairage public,Hors agglomération,Hors intersection,Pluie légère,Autre collision,,,,,,,,,,,3,1,1,2.0,6
201300017076,0013-11-22 13:00:00,13,11,22,13,0,240,398,D88,45.594,0.66365,Plein jour,En agglomération,Autre intersection,Normale,Deux véhicules - frontale,,,,,,,,,,,1,2,9,1.0,1
201300017077,0013-04-05 19:30:00,13,4,5,19,30,240,353,LE CROS,45.4884,0.41406,Plein jour,Hors agglomération,Hors intersection,Normale,Sans collision,,,,,,,,,,,1,1,1,1.0,7
201300017078,0013-07-04 17:45:00,13,7,4,17,45,240,133,RUE DE LA REPUBLIQUE,45.547,0.979,Plein jour,En agglomération,Hors intersection,Normale,Sans collision,,,,,,,,,,,1,2,1,1.0,7
201300017079,0013-07-12 16:30:00,13,7,12,16,30,240,489,LE BOURG,45.5425,1.01139,Plein jour,En agglomération,Hors intersection,Temps éblouissant,Autre collision,,,,,,,,,,,1,2,1,7.0,6
201300017080,0013-12-01 11:45:00,13,12,1,11,45,240,218,LES BOURDOUX,45.5392,1.06925,Plein jour,Hors agglomération,Intersection en T,Normale,Deux véhicules - frontale,,,,,,,,,,,1,1,3,1.0,1
201300017081,0013-11-29 18:30:00,13,11,29,18,30,240,133,LA TUILIÈRE,45.5319,0.96668,Nuit sans éclairage public,Hors agglomération,Hors intersection,Normale,Deux véhicules - frontale,,,,,,,,,,,3,1,1,1.0,1
201300017082,0013-12-08 13:00:00,13,12,8,13,0,240,304,33 AV CHARLES DE GAULLE,45.4233,0.92638,Plein jour,En agglomération,Hors intersection,Normale,Deux véhicules - frontale,,,,,,,,,,,1,2,1,1.0,1
201300017083,0013-08-03 02:00:00,13,8,3,2,0,240,243,LE PONT,45.2814,0.53681,Nuit sans éclairage public,Hors agglomération,Hors intersection,Pluie forte,Autre collision,,,,,,,,,,,3,1,1,3.0,6
201300017084,0013-01-07 11:45:00,13,1,7,11,45,240,511,LES JARTHES,45.20393,0.17688,Plein jour,Hors agglomération,Hors intersection,Temps couvert,Autre collision,,,,,,,,,,,1,1,1,8.0,6
201300017085,0013-02-24 13:45:00,13,2,24,13,45,240,376,LE PETIT ACAUD,45.18311,0.11969,Plein jour,Hors agglomération,Hors intersection,Normale,Autre collision,,,,,,,,,,,1,1,1,1.0,6
201300017086,0013-06-18 10:30:00,13,6,18,10,30,240,577,LE LUC,44.8236,1.15672,Plein jour,Hors agglomération,Intersection en T,Normale,Deux véhicules - côté,,,,,,,,,,,1,1,3,1.0,3
201300017087,0013-07-29 16:00:00,13,7,29,16,0,240,82,MALEVERGNE,44.8679,1.28773,Plein jour,Hors agglomération,Hors intersection,Normale,Deux véhicules - frontale,,,,,,,,,,,1,1,1,1.0,1
201300017088,0013-08-05 18:30:00,13,8,5,18,30,240,520,AVENUE ARISTIDE BRIAND,44.8811,1.21692,Plein jour,En agglomération,Hors intersection,Normale,Sans collision,,,,,,,,,,,1,2,1,1.0,7
201300017089,0013-08-17 14:00:00,13,8,17,14,0,240,82,LA TACHE,44.8322,1.29087,Plein jour,Hors agglomération,Autre intersection,Normale,Deux véhicules - côté,,,,,,,,,,,1,1,9,1.0,3
201300017090,0013-09-22 02:00:00,13,9,22,2,0,240,520,CAMINEL,44.9194,1.22968,Nuit sans éclairage public,Hors agglomération,Hors intersection,Pluie légère,Autre collision,,,,,,,,,,,3,1,1,2.0,6
201300017091,0013-10-02 09:45:00,13,10,2,9,45,240,512,LE ROCHER,44.8848,1.28303,Plein jour,Hors agglomération,Hors intersection,Normale,Sans collision,,,,,,,,,,,1,1,1,1.0,7
201300017092,0013-10-15 01:00:00,13,10,15,1,0,240,341,PECH VIDAL,44.936,1.245,Nuit sans éclairage public,Hors agglomération,Hors intersection,Temps couvert,Autre collision,,,,,,,,,,,3,1,1,8.0,6
201300017093,0013-12-13 12:15:00,13,12,13,12,15,240,74,BAS DU CAMP,44.8466,1.34989,Plein jour,Hors agglomération,Hors intersection,Normale,Autre collision,,,,,,,,,,,1,1,1,1.0,6
201300017094,0013-03-24 07:30:00,13,3,24,7,30,240,217,ROUTE DU BUGUE,44.95433,0.89383,Plein jour,Hors agglomération,Hors intersection,Normale,Deux véhicules - frontale,,,,,,,,,,,1,1,1,1.0,1
201300017095,0013-04-19 19:15:00,13,4,19,19,15,240,67,LA MALI?RE,44.9357,0.93022,Plein jour,Hors agglomération,Hors intersection,Normale,Sans collision,,,,,,,,,,,1,1,1,1.0,7
201300017096,0013-03-11 07:45:00,13,3,11,7,45,240,229,CHARPENET,45.1325,1.27015,Plein jour,Hors agglomération,Intersection en T,Pluie forte,Trois véhicules et plus - collisions multiples,,,,,,,,,,,1,1,3,3.0,5
201300017097,0013-09-11 13:15:00,13,9,11,13,15,240,324,LE BOURG,45.1561,1.19162,Plein jour,En agglomération,Hors intersection,Normale,Deux véhicules - frontale,,,,,,,,,,,1,2,1,1.0,1
201300017098,0013-10-02 16:15:00,13,10,2,16,15,240,179,GUINASSOU,45.125,1.40063,Plein jour,Hors agglomération,Hors intersection,Normale,Trois véhicules et plus - collisions multiples,,,,,,,,,,,1,1,1,1.0,5
201300017099,0013-07-03 11:00:00,13,7,3,11,0,400,131,,43.95022,-0.15695,Plein jour,Hors agglomération,Hors intersection,Pluie légère,Autre collision,,,,,,,,,,,1,1,1,2.0,6
201300017100,0013-11-24 12:30:00,13,11,24,12,30,400,243,,43.93529,-0.92548,Plein jour,En agglomération,Hors intersection,Normale,Deux véhicules - arrière,,,,,,,,,,,1,2,1,1.0,2
201300017101,0013-09-03 14:45:00,13,9,3,14,45,400,46,,44.44703,-1.11557,Plein jour,Hors agglomération,Hors intersection,Normale,Trois véhicules et plus - collisions multiples,,,,,,,,,,,1,1,1,1.0,5
201300017102,0013-08-18 16:45:00,13,8,18,16,45,400,151,,43.87156,-0.91348,Plein jour,Hors agglomération,Autre intersection,Normale,Autre collision,,,,,,,,,,,1,1,9,1.0,6
201300017103,0013-04-15 00:20:00,13,4,15,0,20,210,99,,47.062,4.766,Nuit sans éclairage public,Hors agglomération,Hors intersection,Normale,Autre collision,,,,,,,,,,,3,1,1,1.0,6
201300017104,0013-06-22 13:45:00,13,6,22,13,45,210,616,,46.6,4.35,Plein jour,Hors agglomération,Hors intersection,Normale,Deux véhicules - frontale,,,,,,,,,,,1,1,1,1.0,1
201300017105,0013-07-10 00:01:00,13,7,10,0,1,210,150,LE HAUT DES CHAMPS RD906,46.92816,4.74221,Nuit sans éclairage public,Hors agglomération,Intersection en T,Normale,Deux véhicules - côté,,,,,,,,,,,3,1,3,1.0,3
201300017106,0013-10-26 16:15:00,13,10,26,16,15,210,65,,,,Plein jour,Hors agglomération,Hors intersection,Normale,Sans collision,,,,,,,,,,,1,1,1,1.0,7
201300017107,0013-06-11 13:50:00,13,6,11,13,50,210,23,rues Guyot et Arquebuse,,,Plein jour,En agglomération,Intersection en Y,Normale,Deux véhicules - côté,,,,,,,,,,,1,2,4,1.0,3