accident_id,datetime,annee,mois,jour,heure,minute,departement,commune_insee,adresse,latitude,longitude,luminosite,agglomeration,intersection,meteo,collision,nb_vehicules,nb_usagers,nb_indemnes,nb_tues,nb_blesses_hosp,nb_blesses_legers,age_cond_1,age_cond_2,veh_type_cond_1,veh_type_cond_2,lum_code,agg_code,int_code,atm_code,col_code
201300017642,0013-04-13 15:15:00,13,4,13,15,15,540,269,,48.6053,6.38383,Plein jour,Hors agglomération,Intersection en X,Normale,Deux véhicules - côté,,,,,,,,,,,1,1,2,1.0,3
201300017643,0013-05-05 12:30:00,13,5,5,12,30,540,176,,48.669,6.491,Plein jour,Hors agglomération,Intersection en X,Normale,Deux véhicules - côté,,,,,,,,,,,1,1,2,1.0,3
201300017644,0013-04-18 21:15:00,13,4,18,21,15,540,467,,48.45066,6.42824,Crépuscule ou aube,Hors agglomération,Hors intersection,Normale,Autre collision,,,,,,,,,,,2,1,1,1.0,6
201300017645,0013-06-05 10:45:00,13,6,5,10,45,540,465,,48.47139,6.29509,Plein jour,En agglomération,Hors intersection,Normale,Deux véhicules - côté,,,,,,,,,,,1,2,1,1.0,3
201300017646,0013-07-26 17:15:00,13,7,26,17,15,540,76,rue d'Alsace,48.55543,6.41126,Plein jour,En agglomération,Intersection en T,Normale,Deux véhicules - côté,,,,,,,,,,,1,2,3,1.0,3
201300017647,0013-12-18 14:15:00,13,12,18,14,15,540,54,,48.49118,6.33808,Plein jour,Hors agglomération,Hors intersection,Normale,Autre collision,,,,,,,,,,,1,1,1,1.0,6
201300017648,0013-07-30 14:00:00,13,7,30,14,0,540,30,,48.60767,6.78157,Plein jour,Hors agglomération,Autre intersection,Normale,Autre collision,,,,,,,,,,,1,1,9,1.0,6
201300017649,0013-11-05 16:30:00,13,11,5,16,30,540,14,1 rue de saonte pole,,,Crépuscule ou aube,En agglomération,Hors intersection,Pluie forte,Autre collision,,,,,,,,,,,2,2,1,3.0,6
201300017650,0013-09-27 17:45:00,13,9,27,17,45,540,47,52 Grande rue,48.541,5.844,Plein jour,En agglomération,Hors intersection,Normale,Autre collision,,,,,,,,,,,1,2,1,1.0,6
201300017651,0013-10-14 11:45:00,13,10,14,11,45,540,80,,48.60621,5.81327,Plein jour,Hors agglomération,Hors intersection,Normale,Autre collision,,,,,,,,,,,1,1,1,1.0,6
201300017652,0013-05-05 19:15:00,13,5,5,19,15,540,346,,48.78005,5.92517,Plein jour,Hors agglomération,Hors intersection,Normale,Autre collision,,,,,,,,,,,1,1,1,1.0,6
201300017653,0013-12-26 14:15:00,13,12,26,14,15,540,532,,48.79798,5.92954,Plein jour,Hors agglomération,Hors intersection,Pluie légère,Sans collision,,,,,,,,,,,1,1,1,2.0,7
201300017654,0013-08-19 23:30:00,13,8,19,23,30,540,416,,48.94003,5.80837,Nuit sans éclairage public,Hors agglomération,Hors intersection,Normale,Autre collision,,,,,,,,,,,3,1,1,1.0,6
201300017655,0013-07-28 22:15:00,13,7,28,22,15,660,160,,,,Nuit sans éclairage public,Hors agglomération,Hors intersection,Normale,Autre collision,,,,,,,,,,,3,1,1,1.0,6
201300017656,0013-09-28 22:30:00,13,9,28,22,30,660,49,Bd Jean Moullin,42.49013,2.75011,Nuit avec éclairage allumé,En agglomération,Intersection en X,Normale,Deux véhicules - côté,,,,,,,,,,,5,2,2,1.0,3
201300017657,0013-06-19 09:45:00,13,6,19,9,45,660,178,Ave du Canigou,42.51435,2.78692,Plein jour,En agglomération,Hors intersection,Normale,Autre collision,,,,,,,,,,,1,2,1,1.0,6
201300017658,0013-06-30 05:50:00,13,6,30,5,50,140,701,C.D. 27,49.3277,0.08093,Crépuscule ou aube,Hors agglomération,Hors intersection,Normale,Deux véhicules - côté,,,,,,,,,,,2,1,1,1.0,3
201300017659,0013-02-17 00:10:00,13,2,17,0,10,140,220,FERNAND MOUREAUX (BOULEV,49.3638,0.08342,Nuit avec éclairage allumé,En agglomération,Hors intersection,Normale,Deux véhicules - côté,,,,,,,,,,,5,2,1,1.0,3
201300017660,0013-09-06 16:00:00,13,9,6,16,0,660,24,,,,Plein jour,Hors agglomération,Hors intersection,Normale,Deux véhicules - frontale,,,,,,,,,,,1,1,1,1.0,1
201300017661,0013-09-08 12:45:00,13,9,8,12,45,660,137,,,,Plein jour,Hors agglomération,Intersection en T,Normale,Deux véhicules - côté,,,,,,,,,,,1,1,3,1.0,3
201300017662,0013-09-29 01:30:00,13,9,29,1,30,660,24,,,,Nuit sans éclairage public,Hors agglomération,Hors intersection,Normale,Autre collision,,,,,,,,,,,3,1,1,1.0,6
201300017663,0013-08-27 10:20:00,13,8,27,10,20,140,220,"73, DESIRE LE HOC (RUE)",,,Plein jour,En agglomération,Intersection en X,Normale,Sans collision,,,,,,,,,,,1,2,2,1.0,7
201300017664,0013-03-30 15:20:00,13,3,30,15,20,140,220,,49.3628,0.08486,Plein jour,En agglomération,Hors intersection,Normale,Deux véhicules - arrière,,,,,,,,,,,1,2,1,1.0,2
201300017665,0013-04-06 23:15:00,13,4,6,23,15,140,557,AVENUE MICHEL D'ORNANO,49.344,0.08614,Nuit avec éclairage allumé,En agglomération,Hors intersection,Normale,Autre collision,,,,,,,,,,,5,2,1,1.0,6
201300017666,0013-11-12 15:45:00,13,11,12,15,45,140,220,DESIRE LE HOC (RUE),,,Plein jour,En agglomération,Hors intersection,Pluie légère,Autre collision,,,,,,,,,,,1,2,1,2.0,6
201300017667,0013-04-16 17:40:00,13,4,16,17,40,140,715,AGUESSEAU (ROUTE D'),49.3663,0.10698,Plein jour,Hors agglomération,Hors intersection,Normale,Sans collision,,,,,,,,,,,1,1,1,1.0,7
201300017668,0013-05-01 17:45:00,13,5,1,17,45,140,86,"01, LOUVEL ET BRIERE (RU",49.3393,0.10649,Plein jour,En agglomération,Hors intersection,Normale,Autre collision,,,,,,,,,,,1,2,1,1.0,6
201300017669,0013-05-03 19:15:00,13,5,3,19,15,140,699,VALLEE D'AUGE (RUE DE LA,49.3464,0.09586,Plein jour,En agglomération,Hors intersection,Normale,Autre collision,,,,,,,,,,,1,2,1,1.0,6
201300017670,0013-05-05 18:45:00,13,5,5,18,45,140,220,"09, JOHN FITZGERALD KENN",49.3608,0.08624,Plein jour,En agglomération,Hors intersection,Normale,Deux véhicules - côté,,,,,,,,,,,1,2,1,1.0,3
201300017671,0013-05-11 12:15:00,13,5,11,12,15,140,79,TOURGEVILLE (ROUTE DE),49.324,0.03632,Plein jour,Hors agglomération,Intersection en X,Normale,Deux véhicules - côté,,,,,,,,,,,1,1,2,1.0,3
201300017672,0013-06-14 04:25:00,13,6,14,4,25,140,699,ARISTIDE BRIAND (AVENUE),49.3488,0.09843,Nuit avec éclairage allumé,En agglomération,Intersection en T,Normale,Deux véhicules - côté,,,,,,,,,,,5,2,3,1.0,3
201300017673,0013-07-14 20:15:00,13,7,14,20,15,140,220,CORNUCHE (BOULEVARD),,,Plein jour,En agglomération,Hors intersection,Normale,Sans collision,,,,,,,,,,,1,2,1,1.0,7
201300017674,0013-07-19 16:20:00,13,7,19,16,20,140,220,AGUSTE-DECAENS (RUE),,,Plein jour,En agglomération,Hors intersection,Normale,Sans collision,,,,,,,,,,,1,2,1,1.0,7
201300017675,0013-07-21 10:55:00,13,7,21,10,55,140,79,TOURGEVILLE (ROUTE DE),,,Plein jour,Hors agglomération,Intersection en X,Normale,Deux véhicules - côté,,,,,,,,,,,1,1,2,1.0,3
201300017676,0013-08-04 05:28:00,13,8,4,5,28,140,699,HONFLEUR (ROUTE D'HONFLE,,,Nuit sans éclairage public,Hors agglomération,Hors intersection,Normale,Sans collision,,,,,,,,,,,3,1,1,1.0,7
201300017677,0013-08-09 15:05:00,13,8,9,15,5,140,699,HONFLEUR (ROUTE D'HONFLE,,,Plein jour,Hors agglomération,Giratoire,Normale,Sans collision,,,,,,,,,,,1,1,6,1.0,7
201300017678,0013-08-20 18:50:00,13,8,20,18,50,140,699,CD 677,,,Plein jour,En agglomération,Hors intersection,Normale,Trois véhicules et plus - collisions multiples,,,,,,,,,,,1,2,1,1.0,5
201300017679,0013-08-20 18:50:00,13,8,20,18,50,140,699,CD 677,,,Plein jour,En agglomération,Hors intersection,Normale,Deux véhicules - arrière,,,,,,,,,,,1,2,1,1.0,2
201300017680,0013-09-22 09:25:00,13,9,22,9,25,140,699,LOUVEL ET BRIERE (RUE),,,Plein jour,En agglomération,Hors intersection,Normale,Autre collision,,,,,,,,,,,1,2,1,1.0,6
201300017681,0013-10-01 20:35:00,13,10,1,20,35,140,715,ARISTIDE BRIAND (BOULEVA,,,Plein jour,En agglomération,Hors intersection,Normale,Autre collision,,,,,,,,,,,1,2,1,1.0,6
201300017682,0013-10-03 13:40:00,13,10,3,13,40,140,79,TOURGEVILLE (ROUTE DE),,,Plein jour,Hors agglomération,Hors intersection,Normale,Sans collision,,,,,,,,,,,1,1,1,1.0,7
201300017683,0013-10-30 18:05:00,13,10,30,18,5,140,220,MARINE (QUAI DE LA ),,,Nuit avec éclairage allumé,En agglomération,Hors intersection,Normale,Sans collision,,,,,,,,,,,5,2,1,1.0,7
201300017684,0013-11-24 11:25:00,13,11,24,11,25,140,79,PONT L'EVEQUE A VILLERS/,,,Plein jour,Hors agglomération,Hors intersection,Normale,Sans collision,,,,,,,,,,,1,1,1,1.0,7
201300017685,0013-11-28 18:05:00,13,11,28,18,5,140,715,AGUESSEAU (ROUTE D'),,,Nuit avec éclairage allumé,En agglomération,Hors intersection,Normale,Sans collision,,,,,,,,,,,5,2,1,1.0,7
201300017686,0013-12-06 17:50:00,13,12,6,17,50,140,79,C D 27,,,Nuit sans éclairage public,Hors agglomération,Hors intersection,Normale,Sans collision,,,,,,,,,,,3,1,1,1.0,7
201300017687,0013-12-19 11:00:00,13,12,19,11,0,140,220,AGUSTE-DECAENS (RUE),,,Plein jour,En agglomération,Hors intersection,Normale,Autre collision,,,,,,,,,,,1,2,1,1.0,6
201300017688,0013-12-26 14:40:00,13,12,26,14,40,140,220,MARINE (QUAI DE LA ),,,Plein jour,En agglomération,Hors intersection,Normale,Deux véhicules - côté,,,,,,,,,,,1,2,1,1.0,3
201300017689,0013-12-31 18:20:00,13,12,31,18,20,140,715,FERNAND MOUREAUX (BOULEV,,,Nuit avec éclairage allumé,En agglomération,Hors intersection,Normale,Sans collision,,,,,,,,,,,5,2,1,1.0,7
201300017690,0013-01-06 11:15:00,13,1,6,11,15,660,48,,,,Plein jour,Hors agglomération,Hors intersection,Normale,Deux véhicules - frontale,,,,,,,,,,,1,1,1,1.0,1
201300017691,0013-08-09 05:30:00,13,8,9,5,30,660,167,,,,Nuit sans éclairage public,Hors agglomération,Hors intersection,Normale,Deux véhicules - côté,,,,,,,,,,,3,1,1,1.0,3
201300017692,0013-08-31 10:00:00,13,8,31,10,0,660,147,,,,Plein jour,Hors agglomération,Hors intersection,Normale,Autre collision,,,,,,,,,,,1,1,1,1.0,6
201300017693,0013-09-21 20:00:00,13,9,21,20,0,660,25,Avenue emmanuel Brousse,,,Crépuscule ou aube,En agglomération,Hors intersection,Normale,Autre collision,,,,,,,,,,,2,2,1,1.0,6
201300017694,0013-01-17 10:30:00,13,1,17,10,30,660,64,,,,Plein jour,Hors agglomération,Hors intersection,Neige / grêle,Trois véhicules et plus - collisions multiples,,,,,,,,,,,1,1,1,4.0,5
201300017695,0013-09-07 18:00:00,13,9,7,18,0,660,188,,,,Plein jour,Hors agglomération,Hors intersection,Pluie forte,Deux véhicules - frontale,,,,,,,,,,,1,1,1,3.0,1
201300017696,0013-03-20 13:30:00,13,3,20,13,30,660,187,39 avenue Jean Moulin,,,Plein jour,En agglomération,Hors intersection,Normale,Trois véhicules et plus - collisions multiples,,,,,,,,,,,1,2,1,1.0,5
201300017697,0013-03-29 16:45:00,13,3,29,16,45,660,46,,,,Plein jour,Hors agglomération,Hors intersection,Normale,Deux véhicules - arrière,,,,,,,,,,,1,1,1,1.0,2
201300017698,0013-04-01 16:15:00,13,4,1,16,15,660,97,,,,Plein jour,Hors agglomération,Hors intersection,Temps couvert,Autre collision,,,,,,,,,,,1,1,1,8.0,6
201300017699,0013-07-20 09:30:00,13,7,20,9,30,660,158,,,,Plein jour,Hors agglomération,Hors intersection,Normale,Sans collision,,,,,,,,,,,1,1,1,1.0,7
201300017700,0013-07-26 12:45:00,13,7,26,12,45,660,96,,,,Plein jour,Hors agglomération,Hors intersection,Temps éblouissant,Autre collision,,,,,,,,,,,1,1,1,7.0,6
201300017701,0013-08-15 17:45:00,13,8,15,17,45,660,96,Avenue General de Gaulle,,,Plein jour,En agglomération,Hors intersection,Normale,Deux véhicules - côté,,,,,,,,,,,1,2,1,1.0,3
201300017702,0013-08-18 04:45:00,13,8,18,4,45,660,205,,,,Nuit sans éclairage public,Hors agglomération,Hors intersection,Normale,Sans collision,,,,,,,,,,,3,1,1,1.0,7
201300017703,0013-10-27 01:45:00,13,10,27,1,45,660,96,,,,Nuit sans éclairage public,Hors agglomération,Hors intersection,Brouillard / fumée,Autre collision,,,,,,,,,,,3,1,1,5.0,6
201300017704,0013-06-10 21:15:00,13,6,10,21,15,580,300,,47.044,3.193,Plein jour,Hors agglomération,Hors intersection,Normale,Autre collision,,,,,,,,,,,1,1,1,1.0,6
201300017705,0013-12-01 19:45:00,13,12,1,19,45,580,88,La Chaume au Cul Rond,,,Nuit avec éclairage allumé,En agglomération,Hors intersection,Normale,Deux véhicules - frontale,,,,,,,,,,,5,2,1,1.0,1
201300017706,0013-02-06 07:30:00,13,2,6,7,30,580,273,rue edouard vaillant,,,Plein jour,En agglomération,Hors intersection,Pluie légère,Deux véhicules - frontale,,,,,,,,,,,1,2,1,2.0,1
201300017707,0013-03-30 11:45:00,13,3,30,11,45,580,278,,,,Plein jour,Hors agglomération,Hors intersection,Normale,Deux véhicules - frontale,,,,,,,,,,,1,1,1,1.0,1
201300017708,0013-09-14 10:30:00,13,9,14,10,30,580,72,,,,Plein jour,Hors agglomération,Hors intersection,Temps couvert,Sans collision,,,,,,,,,,,1,1,1,8.0,7
201300017709,0013-09-16 19:30:00,13,9,16,19,30,580,311,,,,Crépuscule ou aube,Hors agglomération,Hors intersection,Pluie légère,Deux véhicules - frontale,,,,,,,,,,,2,1,1,2.0,1
201300017710,0013-02-01 19:15:00,13,2,1,19,15,580,267,,,,Nuit sans éclairage public,Hors agglomération,Hors intersection,Pluie forte,Autre collision,,,,,,,,,,,3,1,1,3.0,6
201300017711,0013-02-09 10:15:00,13,2,9,10,15,580,267,,,,Plein jour,Hors agglomération,Hors intersection,Neige / grêle,Deux véhicules - côté,,,,,,,,,,,1,1,1,4.0,3
201300017712,0013-03-15 19:00:00,13,3,15,19,0,580,4,,,,Nuit sans éclairage public,Hors agglomération,Hors intersection,Normale,Autre collision,,,,,,,,,,,3,1,1,1.0,6
201300017713,0013-07-27 23:30:00,13,7,27,23,30,580,281,,47.327,3.093,Nuit sans éclairage public,Hors agglomération,Hors intersection,Pluie forte,Autre collision,,,,,,,,,,,3,1,1,3.0,6
201300017714,0013-03-26 09:15:00,13,3,26,9,15,580,109,,,,Plein jour,Hors agglomération,Hors intersection,Normale,Sans collision,,,,,,,,,,,1,1,1,1.0,7
201300017715,0013-11-07 10:00:00,13,11,7,10,0,580,308,,,,Plein jour,Hors agglomération,Hors intersection,Temps couvert,Deux véhicules - frontale,,,,,,,,,,,1,1,1,8.0,1
201300017716,0013-11-27 00:30:00,13,11,27,0,30,580,222,grande rue,,,Nuit sans éclairage public,En agglomération,Hors intersection,Normale,Autre collision,,,,,,,,,,,3,2,1,1.0,6
201300017717,0013-12-12 20:30:00,13,12,12,20,30,580,90,,,,Nuit sans éclairage public,Hors agglomération,Hors intersection,Normale,Autre collision,,,,,,,,,,,3,1,1,1.0,6
201300017718,0013-02-20 05:00:00,13,2,20,5,0,260,124,RN7 LA PAILLASSE,,,Nuit avec éclairage allumé,En agglomération,Hors intersection,Normale,Autre collision,,,,,,,,,,,5,2,1,1.0,6
201300017719,0013-04-20 18:30:00,13,4,20,18,30,260,124,26124,,,Plein jour,Hors agglomération,Hors intersection,Pluie légère,Autre collision,,,,,,,,,,,1,1,1,2.0,6
201300017720,0013-04-26 09:30:00,13,4,26,9,30,260,166,26166,,,Plein jour,Hors agglomération,Hors intersection,Pluie légère,Deux véhicules - frontale,,,,,,,,,,,1,1,1,2.0,1
201300017721,0013-05-02 19:00:00,13,5,2,19,0,260,165,RUE JEAN BOYER,44.7723,4.8462,Plein jour,En agglomération,Hors intersection,Normale,Deux véhicules - arrière,,,,,,,,,,,1,2,1,1.0,2
201300017722,0013-05-03 15:45:00,13,5,3,15,45,260,165,RUE JOSEPH COMBIER RN7,,,Plein jour,En agglomération,Hors intersection,Normale,Deux véhicules - côté,,,,,,,,,,,1,2,1,1.0,3
201300017723,0013-05-06 17:45:00,13,5,6,17,45,260,6,26006,,,Plein jour,Hors agglomération,Hors intersection,Normale,Deux véhicules - frontale,,,,,,,,,,,1,1,1,1.0,1
201300017724,0013-05-22 15:15:00,13,5,22,15,15,260,337,26337,,,Plein jour,Hors agglomération,Hors intersection,Normale,Deux véhicules - côté,,,,,,,,,,,1,1,1,1.0,3
201300017725,0013-12-16 19:45:00,13,12,16,19,45,260,165,,44.7788,4.8567,Nuit sans éclairage public,En agglomération,Hors intersection,Normale,Sans collision,,,,,,,,,,,3,2,1,1.0,7
201300017726,0013-08-23 21:00:00,13,8,23,21,0,260,234,ROUTE DE PIEGROS,,,Nuit avec éclairage allumé,En agglomération,Hors intersection,Normale,Deux véhicules - arrière,,,,,,,,,,,5,2,1,1.0,2
201300017727,0013-11-08 09:00:00,13,11,8,9,0,260,11,26011,,,Plein jour,Hors agglomération,Hors intersection,Normale,Sans collision,,,,,,,,,,,1,1,1,1.0,7
201300017728,0013-12-31 03:45:00,13,12,31,3,45,260,113,,,,Nuit sans éclairage public,Hors agglomération,Hors intersection,Normale,Sans collision,,,,,,,,,,,3,1,1,1.0,7
201300017729,0013-06-08 12:00:00,13,6,8,12,0,260,40,26040,,,Plein jour,Hors agglomération,Hors intersection,Normale,Sans collision,,,,,,,,,,,1,1,1,1.0,7
201300017730,0013-01-11 18:00:00,13,1,11,18,0,260,176,26176,,,Nuit sans éclairage public,Hors agglomération,Intersection en X,Normale,Deux véhicules - frontale,,,,,,,,,,,3,1,2,1.0,1
201300017731,0013-02-12 19:00:00,13,2,12,19,0,260,106,26106,,,Nuit avec éclairage allumé,Hors agglomération,Hors intersection,Normale,Deux véhicules - arrière,,,,,,,,,,,5,1,1,1.0,2
201300017732,0013-03-12 19:30:00,13,3,12,19,30,260,106,26106,,,Nuit sans éclairage public,Hors agglomération,Hors intersection,Normale,Deux véhicules - frontale,,,,,,,,,,,3,1,1,1.0,1
201300017733,0013-07-07 15:45:00,13,7,7,15,45,260,338,26338,,,Plein jour,Hors agglomération,Hors intersection,Normale,Autre collision,,,,,,,,,,,1,1,1,1.0,6
201300017734,0013-05-24 07:15:00,13,5,24,7,15,260,114,26114,,,Plein jour,Hors agglomération,Giratoire,Normale,Autre collision,,,,,,,,,,,1,1,6,1.0,6
201300017735,0013-06-12 17:00:00,13,6,12,17,0,260,211,,44.3614,4.8578,Plein jour,En agglomération,Hors intersection,Normale,Autre collision,,,,,,,,,,,1,2,1,1.0,6
201300017736,0013-06-12 10:30:00,13,6,12,10,30,260,264,26264,,,Plein jour,Hors agglomération,Hors intersection,Normale,Deux véhicules - frontale,,,,,,,,,,,1,1,1,1.0,1
201300017737,0013-08-17 12:00:00,13,8,17,12,0,260,181,26181,,,Plein jour,Hors agglomération,Hors intersection,Normale,Sans collision,,,,,,,,,,,1,1,1,1.0,7
201300017738,0013-12-23 16:30:00,13,12,23,16,30,260,135,,,,Plein jour,Hors agglomération,Hors intersection,Normale,Autre collision,,,,,,,,,,,1,1,1,1.0,6
201300017739,0013-06-14 08:00:00,13,6,14,8,0,260,84,26084,,,Plein jour,Hors agglomération,Hors intersection,Normale,Trois véhicules et plus - collisions multiples,,,,,,,,,,,1,1,1,1.0,5
201300017740,0013-04-13 16:15:00,13,4,13,16,15,260,330,26330,,,Plein jour,Hors agglomération,Hors intersection,Normale,Autre collision,,,,,,,,,,,1,1,1,1.0,6
201300017741,0013-06-23 09:30:00,13,6,23,9,30,260,330,PARKING SUPER U,45.2901,4.9532,Plein jour,En agglomération,Hors intersection,Normale,Autre collision,,,,,,,,,,,1,2,1,1.0,6
201300017742,0013-02-23 18:45:00,13,2,23,18,45,700,219,,,,Nuit avec éclairage allumé,Hors agglomération,Hors intersection,Neige / grêle,Autre collision,,,,,,,,,,,5,1,1,4.0,6
201300017743,0013-03-29 15:15:00,13,3,29,15,15,700,199,,,,Plein jour,Hors agglomération,Hors intersection,Normale,Deux véhicules - côté,,,,,,,,,,,1,1,1,1.0,3
201300017744,0013-04-17 14:15:00,13,4,17,14,15,700,428,CD 322,,,Plein jour,En agglomération,Giratoire,Normale,Deux véhicules - côté,,,,,,,,,,,1,2,6,1.0,3
201300017745,0013-06-21 08:15:00,13,6,21,8,15,700,492,,,,Plein jour,Hors agglomération,Intersection en X,Normale,Deux véhicules - côté,,,,,,,,,,,1,1,2,1.0,3
201300017746,0013-04-23 07:00:00,13,4,23,7,0,700,282,rue du moulin de l'etang,,,Plein jour,En agglomération,Hors intersection,Normale,Autre collision,,,,,,,,,,,1,2,1,1.0,6
201300017747,0013-07-08 17:15:00,13,7,8,17,15,700,356,,,,Plein jour,Hors agglomération,Hors intersection,Temps éblouissant,Deux véhicules - frontale,,,,,,,,,,,1,1,1,7.0,1
201300017748,0013-07-13 22:30:00,13,7,13,22,30,700,410,1 Grande Rue,,,Nuit avec éclairage allumé,En agglomération,Hors intersection,Normale,Sans collision,,,,,,,,,,,5,2,1,1.0,7
201300017749,0013-09-22 02:15:00,13,9,22,2,15,700,408,Rue Saint Hilaire,,,Nuit avec éclairage allumé,En agglomération,Hors intersection,Normale,Autre collision,,,,,,,,,,,5,2,1,1.0,6
201300017750,0013-01-01 06:30:00,13,1,1,6,30,700,128,01 bis route de Luxeuil,,,Nuit avec éclairage non allumé,En agglomération,Hors intersection,Normale,Autre collision,,,,,,,,,,,4,2,1,1.0,6
201300017751,0013-02-16 19:15:00,13,2,16,19,15,700,311,Rue Victor HUGO,,,Nuit avec éclairage allumé,En agglomération,Hors intersection,Normale,Sans collision,,,,,,,,,,,5,2,1,1.0,7
201300017752,0013-03-18 18:30:00,13,3,18,18,30,700,311,Rue Gambetta,,,Nuit avec éclairage allumé,En agglomération,Giratoire,Pluie légère,Sans collision,,,,,,,,,,,5,2,6,2.0,7
201300017753,0013-04-20 17:00:00,13,4,20,17,0,700,172,CD137 - Les breuleux,,,Nuit sans éclairage public,En agglomération,Hors intersection,Normale,Autre collision,,,,,,,,,,,3,2,1,1.0,6
201300017754,0013-04-25 16:45:00,13,4,25,16,45,700,7,route de luxeuil,,,Plein jour,En agglomération,Hors intersection,Normale,Deux véhicules - frontale,,,,,,,,,,,1,2,1,1.0,1
201300017755,0013-09-12 10:45:00,13,9,12,10,45,700,435,rue des vosges,,,Plein jour,En agglomération,Hors intersection,Temps couvert,Autre collision,,,,,,,,,,,1,2,1,8.0,6
201300017756,0013-09-13 15:45:00,13,9,13,15,45,700,176,,,,Plein jour,Hors agglomération,Hors intersection,Pluie légère,Deux véhicules - frontale,,,,,,,,,,,1,1,1,2.0,1
201300017757,0013-05-03 02:00:00,13,5,3,2,0,850,191,,,,Nuit sans éclairage public,Hors agglomération,Hors intersection,Normale,Autre collision,,,,,,,,,,,3,1,1,1.0,6
201300017758,0013-02-06 07:55:00,13,2,6,7,55,10,321,,46.1642,5.35796,Plein jour,Hors agglomération,Hors intersection,Neige / grêle,Trois véhicules et plus - collisions multiples,,,,,,,,,,,1,1,1,4.0,5
201300017759,0013-06-23 17:30:00,13,6,23,17,30,10,184,,46.1594,5.41709,Plein jour,En agglomération,Intersection en X,Normale,Deux véhicules - côté,,,,,,,,,,,1,2,2,1.0,3
201300017760,0013-01-27 09:30:00,13,1,27,9,30,10,92,,45.9767,5.21725,Plein jour,Hors agglomération,Hors intersection,Normale,Trois véhicules et plus - en chaîne,,,,,,,,,,,1,1,1,1.0,4
201300017761,0013-01-28 07:00:00,13,1,28,7,0,10,74,,45.987,5.16593,Crépuscule ou aube,Hors agglomération,Hors intersection,Normale,Deux véhicules - côté,,,,,,,,,,,2,1,1,1.0,3
201300017762,0013-04-15 14:55:00,13,4,15,14,55,10,359,,46.0761,5.03859,Plein jour,Hors agglomération,Hors intersection,Normale,Autre collision,,,,,,,,,,,1,1,1,1.0,6
201300017763,0013-07-07 21:45:00,13,7,7,21,45,10,90,,,,Nuit sans éclairage public,Hors agglomération,Hors intersection,Normale,Autre collision,,,,,,,,,,,3,1,1,1.0,6
201300017764,0013-09-19 14:15:00,13,9,19,14,15,10,90,,,,Plein jour,Hors agglomération,Intersection en X,Temps couvert,Deux véhicules - côté,,,,,,,,,,,1,1,2,8.0,3
201300017765,0013-08-21 18:00:00,13,8,21,18,0,10,66,,45.868,5.53376,Plein jour,En agglomération,Hors intersection,Normale,Sans collision,,,,,,,,,,,1,2,1,1.0,7
201300017766,0013-11-24 12:30:00,13,11,24,12,30,10,92,,,,Plein jour,Hors agglomération,Hors intersection,Temps couvert,Autre collision,,,,,,,,,,,1,1,1,8.0,6
201300017767,0013-12-16 20:30:00,13,12,16,20,30,10,92,ROUTE DE BUBLANE,,,Nuit avec éclairage allumé,En agglomération,Hors intersection,Normale,Autre collision,,,,,,,,,,,5,2,1,1.0,6
201300017768,0013-08-16 12:50:00,13,8,16,12,50,10,93,,46.1539,4.96199,Plein jour,Hors agglomération,Hors intersection,Normale,Sans collision,,,,,,,,,,,1,1,1,1.0,7
201300017769,0013-08-27 11:45:00,13,8,27,11,45,10,146,,46.1283,4.8979,Plein jour,Hors agglomération,Hors intersection,Pluie légère,Deux véhicules - frontale,,,,,,,,,,,1,1,1,2.0,1
201300017770,0013-01-30 10:25:00,13,1,30,10,25,10,232,,46.3269,5.24821,Plein jour,Hors agglomération,Hors intersection,Temps couvert,Sans collision,,,,,,,,,,,1,1,1,8.0,7
201300017771,0013-04-11 08:15:00,13,4,11,8,15,10,130,,46.3122,5.14407,Plein jour,Hors agglomération,Autre intersection,Pluie légère,Deux véhicules - côté,,,,,,,,,,,1,1,9,2.0,3
201300017772,0013-04-27 19:15:00,13,4,27,19,15,10,323,,,,Plein jour,Hors agglomération,Hors intersection,Pluie légère,Sans collision,,,,,,,,,,,1,1,1,2.0,7
201300017773,0013-05-19 09:45:00,13,5,19,9,45,10,124,"""GRAND RONJON""",,,Plein jour,Hors agglomération,Hors intersection,Normale,Autre collision,,,,,,,,,,,1,1,1,1.0,6
201300017774,0013-09-18 09:45:00,13,9,18,9,45,10,24,Grande rue,,,Plein jour,En agglomération,Hors intersection,Normale,Autre collision,,,,,,,,,,,1,2,1,1.0,6
201300017775,0013-09-17 14:30:00,13,9,17,14,30,10,115,logis neuf,,,Plein jour,En agglomération,Hors intersection,Normale,Trois véhicules et plus - collisions multiples,,,,,,,,,,,1,2,1,1.0,5
201300017776,0013-11-22 06:30:00,13,11,22,6,30,10,229,,,,Nuit sans éclairage public,Hors agglomération,Hors intersection,Neige / grêle,Deux véhicules - frontale,,,,,,,,,,,3,1,1,4.0,1