accident_id,datetime,annee,mois,jour,heure,minute,departement,commune_insee,adresse,latitude,longitude,luminosite,agglomeration,intersection,meteo,collision,nb_vehicules,nb_usagers,nb_indemnes,nb_tues,nb_blesses_hosp,nb_blesses_legers,age_cond_1,age_cond_2,veh_type_cond_1,veh_type_cond_2,lum_code,agg_code,int_code,atm_code,col_code
201300017777,0013-06-09 08:00:00,13,6,9,8,0,10,179,,46.2617,4.87428,Plein jour,Hors agglomération,Hors intersection,Brouillard / fumée,Deux véhicules - frontale,,,,,,,,,,,1,1,1,5.0,1
201300017778,0013-10-16 17:45:00,13,10,16,17,45,10,343,,,,Plein jour,Hors agglomération,Intersection en X,Normale,Deux véhicules - côté,,,,,,,,,,,1,1,2,1.0,3
201300017779,0013-03-31 09:30:00,13,3,31,9,30,10,310,,45.6741,5.6471,Plein jour,Hors agglomération,Hors intersection,Normale,Autre collision,,,,,,,,,,,1,1,1,1.0,6
201300017780,0013-04-21 23:00:00,13,4,21,23,0,10,58,,45.6463,5.61059,Nuit sans éclairage public,Hors agglomération,Hors intersection,Pluie légère,Sans collision,,,,,,,,,,,3,1,1,2.0,7
201300017781,0013-05-23 14:15:00,13,5,23,14,15,10,98,ROUTE DU BOURG,,,Plein jour,En agglomération,Hors intersection,Normale,Autre collision,,,,,,,,,,,1,2,1,1.0,6
201300017782,0013-05-26 17:15:00,13,5,26,17,15,10,64,,45.7773,5.47805,Plein jour,Hors agglomération,Hors intersection,Normale,Deux véhicules - frontale,,,,,,,,,,,1,1,1,1.0,1
201300017783,0013-05-24 11:45:00,13,5,24,11,45,10,34,,45.7382,5.67401,Plein jour,Hors agglomération,Hors intersection,Temps couvert,Deux véhicules - frontale,,,,,,,,,,,1,1,1,8.0,1
201300017784,0013-07-31 18:45:00,13,7,31,18,45,10,34,,,,Plein jour,Hors agglomération,Hors intersection,Normale,Deux véhicules - côté,,,,,,,,,,,1,1,1,1.0,3
201300017785,0013-03-15 14:00:00,13,3,15,14,0,10,10,,45.8977,5.80723,Plein jour,Hors agglomération,Hors intersection,Normale,Autre collision,,,,,,,,,,,1,1,1,1.0,6
201300017786,0013-02-07 14:15:00,13,2,7,14,15,10,202,,,,Plein jour,En agglomération,Autre intersection,Neige / grêle,Autre collision,,,,,,,,,,,1,2,9,4.0,6
201300017787,0013-01-10 07:45:00,13,1,10,7,45,10,392,,46.2537,5.59512,Crépuscule ou aube,Hors agglomération,Hors intersection,Neige / grêle,Trois véhicules et plus - collisions multiples,,,,,,,,,,,2,1,1,4.0,5
201300017788,0013-02-28 22:45:00,13,2,28,22,45,10,392,,46.2543,5.59269,Nuit sans éclairage public,Hors agglomération,Hors intersection,Normale,Autre collision,,,,,,,,,,,3,1,1,1.0,6
201300017789,0013-03-18 21:15:00,13,3,18,21,15,10,192,,46.2179,5.57098,Nuit sans éclairage public,Hors agglomération,Hors intersection,Neige / grêle,Sans collision,,,,,,,,,,,3,1,1,4.0,7
201300017790,0013-05-14 07:00:00,13,5,14,7,0,10,240,,46.2494,5.54768,Plein jour,Hors agglomération,Hors intersection,Normale,Deux véhicules - frontale,,,,,,,,,,,1,1,1,1.0,1
201300017791,0013-07-08 11:15:00,13,7,8,11,15,10,214,,46.162,5.47669,Plein jour,Hors agglomération,Hors intersection,Normale,Sans collision,,,,,,,,,,,1,1,1,1.0,7
201300017792,0013-07-26 22:45:00,13,7,26,22,45,10,269,,46.1635,5.5919,Nuit avec éclairage allumé,Hors agglomération,Hors intersection,Normale,Deux véhicules - côté,,,,,,,,,,,5,1,1,1.0,3
201300017793,0013-02-02 07:00:00,13,2,2,7,0,10,80,,46.0077,5.58977,Nuit sans éclairage public,Hors agglomération,Hors intersection,Neige / grêle,Autre collision,,,,,,,,,,,3,1,1,4.0,6
201300017794,0013-07-14 16:40:00,13,7,14,16,40,10,68,RUE DE LA GARE,,,Plein jour,En agglomération,Hors intersection,Normale,Deux véhicules - côté,,,,,,,,,,,1,2,1,1.0,3
201300017795,0013-05-22 07:45:00,13,5,22,7,45,10,273,"""BOSSERON""",46.0781,5.38267,Plein jour,En agglomération,Hors intersection,Pluie légère,Deux véhicules - côté,,,,,,,,,,,1,2,1,2.0,3
201300017796,0013-08-03 18:00:00,13,8,3,18,0,10,304,,46.0538,5.33503,Plein jour,En agglomération,Hors intersection,Normale,Deux véhicules - arrière,,,,,,,,,,,1,2,1,1.0,2
201300017797,0013-10-03 23:30:00,13,10,3,23,30,10,145,,,,Nuit sans éclairage public,Hors agglomération,Hors intersection,Normale,Deux véhicules - frontale,,,,,,,,,,,3,1,1,1.0,1
201300017798,0013-03-11 14:00:00,13,3,11,14,0,10,52,,46.0254,4.99055,Plein jour,Hors agglomération,Intersection en T,Normale,Deux véhicules - côté,,,,,,,,,,,1,1,3,1.0,3
201300017799,0013-05-25 13:00:00,13,5,25,13,0,10,333,CHEM DE LA VAVRETTE,,,Plein jour,Hors agglomération,Hors intersection,Pluie légère,Autre collision,,,,,,,,,,,1,1,1,2.0,6
201300017800,0013-07-05 23:30:00,13,7,5,23,30,10,398,CD 88 / CD 904,46.0009,4.84689,Nuit avec éclairage allumé,En agglomération,Intersection en X,Normale,Deux véhicules - côté,,,,,,,,,,,5,2,2,1.0,3
201300017801,0013-08-13 09:55:00,13,8,13,9,55,10,5,,45.9987,4.9024,Plein jour,En agglomération,Intersection en X,Normale,Deux véhicules - côté,,,,,,,,,,,1,2,2,1.0,3
201300017802,0013-08-11 11:00:00,13,8,11,11,0,10,446,,46.0193,4.83767,Plein jour,En agglomération,Hors intersection,Normale,Deux véhicules - côté,,,,,,,,,,,1,2,1,1.0,3
201300017803,0013-03-02 23:20:00,13,3,2,23,20,10,295,,46.1356,4.80291,Nuit avec éclairage allumé,Hors agglomération,Hors intersection,Normale,Sans collision,,,,,,,,,,,5,1,1,1.0,7
201300017804,0013-10-04 16:45:00,13,10,4,16,45,150,204,,44.961,2.282,Plein jour,Hors agglomération,Intersection en Y,Pluie forte,Deux véhicules - frontale,,,,,,,,,,,1,1,4,3.0,1
201300017805,0013-09-28 13:45:00,13,9,28,13,45,150,268,avenue du 15 septembre,,,Plein jour,En agglomération,Hors intersection,Normale,Deux véhicules - frontale,,,,,,,,,,,1,2,1,1.0,1
201300017806,0013-11-08 10:30:00,13,11,8,10,30,150,184,"RN 122, le Bruel",,,Plein jour,En agglomération,Hors intersection,Pluie légère,Autre collision,,,,,,,,,,,1,2,1,2.0,6
201300017807,0013-11-14 10:15:00,13,11,14,10,15,150,181,,,,Plein jour,Hors agglomération,Hors intersection,Normale,Deux véhicules - côté,,,,,,,,,,,1,1,1,1.0,3
201300017808,0013-04-23 15:45:00,13,4,23,15,45,150,261,,45.234,2.364,Plein jour,Hors agglomération,Hors intersection,Normale,Autre collision,,,,,,,,,,,1,1,1,1.0,6
201300017809,0013-01-05 07:15:00,13,1,5,7,15,150,124,,45.329,2.586,Nuit sans éclairage public,Hors agglomération,Hors intersection,Autre,Sans collision,,,,,,,,,,,3,1,1,9.0,7
201300017810,0013-09-14 10:45:00,13,9,14,10,45,150,162,Rue du champs de foire,45.288,2.656,Plein jour,En agglomération,Hors intersection,Normale,Deux véhicules - côté,,,,,,,,,,,1,2,1,1.0,3
201300017811,0013-12-09 16:15:00,13,12,9,16,15,150,162,,45.268,2.675,Plein jour,Hors agglomération,Hors intersection,Normale,Deux véhicules - côté,,,,,,,,,,,1,1,1,1.0,3
201300017812,0013-03-16 10:30:00,13,3,16,10,30,150,169,Rue du Lavoir,45.34,2.48,Plein jour,En agglomération,Hors intersection,Normale,Autre collision,,,,,,,,,,,1,2,1,1.0,6
201300017813,0013-04-07 07:30:00,13,4,7,7,30,150,92,,45.425,2.502,Plein jour,Hors agglomération,Hors intersection,Normale,Autre collision,,,,,,,,,,,1,1,1,1.0,6
201300017814,0013-09-22 06:30:00,13,9,22,6,30,150,265,,45.333,2.445,Nuit sans éclairage public,Hors agglomération,Hors intersection,Brouillard / fumée,Sans collision,,,,,,,,,,,3,1,1,5.0,7
201300017815,0013-06-29 20:00:00,13,6,29,20,0,150,125,,45.066,3.136,Plein jour,Hors agglomération,Hors intersection,Normale,Sans collision,,,,,,,,,,,1,1,1,1.0,7
201300017816,0013-06-18 09:30:00,13,6,18,9,30,150,4,Chemin de Gaymond,,,Plein jour,En agglomération,Place,Normale,Autre collision,,,,,,,,,,,1,2,7,1.0,6
201300017817,0013-04-10 19:00:00,13,4,10,19,0,150,53,,45.092,2.972,Plein jour,Hors agglomération,Hors intersection,Normale,Sans collision,,,,,,,,,,,1,1,1,1.0,7
201300017818,0013-03-12 20:45:00,13,3,12,20,45,150,244,,45.068,2.975,Nuit avec éclairage allumé,Hors agglomération,Hors intersection,Normale,Autre collision,,,,,,,,,,,5,1,1,1.0,6
201300017819,0013-06-28 05:00:00,13,6,28,5,0,150,101,,45.117,2.798,Crépuscule ou aube,Hors agglomération,Hors intersection,Normale,Deux véhicules - frontale,,,,,,,,,,,2,1,1,1.0,1
201300017820,0013-11-04 23:30:00,13,11,4,23,30,30,283,,46.536,3.522,Nuit sans éclairage public,Hors agglomération,Hors intersection,Normale,Deux véhicules - frontale,,,,,,,,,,,3,1,1,1.0,1
201300017821,0013-11-30 14:00:00,13,11,30,14,0,30,197,,46.495,3.402,Plein jour,Hors agglomération,Hors intersection,Normale,Autre collision,,,,,,,,,,,1,1,1,1.0,6
201300017822,0013-06-12 06:45:00,13,6,12,6,45,30,92,,46.443,3.147,Plein jour,Hors agglomération,Hors intersection,Normale,Deux véhicules - arrière,,,,,,,,,,,1,1,1,1.0,2
201300017823,0013-08-02 19:15:00,13,8,2,19,15,30,73,,,,Plein jour,Hors agglomération,Hors intersection,Normale,Trois véhicules et plus - collisions multiples,,,,,,,,,,,1,1,1,1.0,5
201300017824,0013-10-27 14:30:00,13,10,27,14,30,30,99,,,,Plein jour,Hors agglomération,Hors intersection,Normale,Deux véhicules - côté,,,,,,,,,,,1,1,1,1.0,3
201300017825,0013-11-22 15:45:00,13,11,22,15,45,30,292,,46.408,3.07,Plein jour,Hors agglomération,Hors intersection,Neige / grêle,Deux véhicules - côté,,,,,,,,,,,1,1,1,4.0,3
201300017826,0013-12-09 16:45:00,13,12,9,16,45,30,292,,46.411,3.077,Plein jour,Hors agglomération,Hors intersection,Temps éblouissant,Deux véhicules - frontale,,,,,,,,,,,1,1,1,7.0,1
201300017827,0013-12-24 17:15:00,13,12,24,17,15,30,275,3 Rue de la Verrerie,46.538,3.194,Nuit avec éclairage allumé,En agglomération,Hors intersection,Normale,Autre collision,,,,,,,,,,,5,2,1,1.0,6
201300017828,0013-03-18 04:45:00,13,3,18,4,45,30,128,,,,Nuit sans éclairage public,Hors agglomération,Hors intersection,Normale,Sans collision,,,,,,,,,,,3,1,1,1.0,7
201300017829,0013-05-12 19:30:00,13,5,12,19,30,30,317,,46.465,2.383,Plein jour,Hors agglomération,Hors intersection,Normale,Autre collision,,,,,,,,,,,1,1,1,1.0,6
201300017830,0013-10-17 08:00:00,13,10,17,8,0,30,82,rue de la Republique,46.293,2.743,Plein jour,En agglomération,Hors intersection,Normale,Autre collision,,,,,,,,,,,1,2,1,1.0,6
201300017831,0013-11-05 19:00:00,13,11,5,19,0,30,161,,46.198,2.632,Nuit sans éclairage public,Hors agglomération,Hors intersection,Pluie légère,Autre collision,,,,,,,,,,,3,1,1,2.0,6
201300017832,0013-01-11 17:30:00,13,1,11,17,30,30,236,,,,Crépuscule ou aube,Hors agglomération,Hors intersection,Temps couvert,Autre collision,,,,,,,,,,,2,1,1,8.0,6
201300017833,0013-02-28 14:00:00,13,2,28,14,0,30,236,,,,Plein jour,Hors agglomération,Intersection en X,Normale,Deux véhicules - côté,,,,,,,,,,,1,1,2,1.0,3
201300017834,0013-06-29 21:30:00,13,6,29,21,30,30,236,,,,Crépuscule ou aube,Hors agglomération,Hors intersection,Normale,Deux véhicules - frontale,,,,,,,,,,,2,1,1,1.0,1
201300017835,0013-07-23 17:15:00,13,7,23,17,15,30,80,,,,Plein jour,Hors agglomération,Hors intersection,Temps couvert,Deux véhicules - côté,,,,,,,,,,,1,1,1,8.0,3
201300017836,0013-08-11 02:45:00,13,8,11,2,45,30,93,,46.188,3.454,Nuit sans éclairage public,Hors agglomération,Giratoire,Normale,Autre collision,,,,,,,,,,,3,1,6,1.0,6
201300017837,0013-11-03 11:15:00,13,11,3,11,15,30,157,02 rue des Landelles,46.214,3.504,Plein jour,En agglomération,Giratoire,Normale,Autre collision,,,,,,,,,,,1,2,6,1.0,6
201300017838,0013-03-08 18:15:00,13,3,8,18,15,30,30,,,,Nuit sans éclairage public,Hors agglomération,Hors intersection,Normale,Sans collision,,,,,,,,,,,3,1,1,1.0,7
201300017839,0013-03-08 17:15:00,13,3,8,17,15,30,109,rue du Mayet d'ecole,,,Plein jour,En agglomération,Intersection en T,Normale,Deux véhicules - côté,,,,,,,,,,,1,2,3,1.0,3
201300017840,0013-06-16 17:30:00,13,6,16,17,30,30,78,,,,Plein jour,Hors agglomération,Hors intersection,Normale,Deux véhicules - côté,,,,,,,,,,,1,1,1,1.0,3
201300017841,0013-06-01 16:30:00,13,6,1,16,30,30,133,,,,Plein jour,Hors agglomération,Hors intersection,Normale,Deux véhicules - frontale,,,,,,,,,,,1,1,1,1.0,1
201300017842,0013-11-03 15:00:00,13,11,3,15,0,30,118,,,,Plein jour,Hors agglomération,Hors intersection,Temps couvert,Sans collision,,,,,,,,,,,1,1,1,8.0,7
201300017843,0013-11-28 06:45:00,13,11,28,6,45,30,43,,,,Nuit sans éclairage public,Hors agglomération,Hors intersection,Normale,Deux véhicules - frontale,,,,,,,,,,,3,1,1,1.0,1
201300017844,0013-01-20 15:45:00,13,1,20,15,45,30,141,,45.976,3.709,Plein jour,Hors agglomération,Hors intersection,Neige / grêle,Autre collision,,,,,,,,,,,1,1,1,4.0,6
201300017845,0013-06-06 04:00:00,13,6,6,4,0,840,79,,44.098,5.32,Nuit sans éclairage public,Hors agglomération,Hors intersection,Normale,Sans collision,,,,,,,,,,,3,1,1,1.0,7
201300017846,0013-07-13 23:30:00,13,7,13,23,30,840,17,,,,Nuit sans éclairage public,Hors agglomération,Hors intersection,Normale,Autre collision,,,,,,,,,,,3,1,1,1.0,6
201300017847,0013-08-03 10:45:00,13,8,3,10,45,840,17,,44.14,5.304,Plein jour,Hors agglomération,Hors intersection,Pluie légère,Sans collision,,,,,,,,,,,1,1,1,2.0,7
201300017848,0013-10-20 19:45:00,13,10,20,19,45,840,107,,,,Crépuscule ou aube,Hors agglomération,Hors intersection,Pluie légère,Sans collision,,,,,,,,,,,2,1,1,2.0,7
201300017849,0013-02-05 14:45:00,13,2,5,14,45,20,46,,,,Plein jour,Hors agglomération,Hors intersection,Neige / grêle,Deux véhicules - côté,,,,,,,,,,,1,1,1,4.0,3
201300017850,0013-04-20 18:45:00,13,4,20,18,45,20,493,,,,Plein jour,Hors agglomération,Hors intersection,Normale,Deux véhicules - arrière,,,,,,,,,,,1,1,1,1.0,2
201300017851,0013-06-16 18:00:00,13,6,16,18,0,20,37,,49.60521,3.62289,Plein jour,Hors agglomération,Intersection en X,Normale,Deux véhicules - côté,,,,,,,,,,,1,1,2,1.0,3
201300017852,0013-08-24 12:15:00,13,8,24,12,15,20,621,,,,Plein jour,Hors agglomération,Hors intersection,Pluie forte,Autre collision,,,,,,,,,,,1,1,1,3.0,6
201300017853,0013-12-15 02:10:00,13,12,15,2,10,20,237,,,,Nuit sans éclairage public,Hors agglomération,Hors intersection,Normale,Sans collision,,,,,,,,,,,3,1,1,1.0,7
201300017854,0013-01-01 14:00:00,13,1,1,14,0,20,754,31 route de Guivry,,,Plein jour,En agglomération,Hors intersection,Normale,Autre collision,,,,,,,,,,,1,2,1,1.0,6
201300017855,0013-02-19 15:15:00,13,2,19,15,15,20,461,,49.56914,2.98048,Plein jour,Hors agglomération,Intersection en X,Normale,Deux véhicules - côté,,,,,,,,,,,1,1,2,1.0,3
201300017856,0013-06-01 22:15:00,13,6,1,22,15,20,820,Croisement D338/D429,49.6311,3.24312,Nuit avec éclairage allumé,En agglomération,Intersection en X,Normale,Deux véhicules - côté,,,,,,,,,,,5,2,2,1.0,3
201300017857,0013-06-10 16:00:00,13,6,10,16,0,20,631,rue René Sueur,,,Plein jour,En agglomération,Hors intersection,Normale,Autre collision,,,,,,,,,,,1,2,1,1.0,6
201300017858,0013-08-01 20:30:00,13,8,1,20,30,20,173,33 boulevard gambetta,49.61375,3.22148,Plein jour,En agglomération,Hors intersection,Normale,Trois véhicules et plus - collisions multiples,,,,,,,,,,,1,2,1,1.0,5
201300017859,0013-12-13 10:05:00,13,12,13,10,5,20,173,Rue Ernest RENAN,49.622,3.22132,Plein jour,En agglomération,Intersection en T,Brouillard / fumée,Deux véhicules - côté,,,,,,,,,,,1,2,3,5.0,3
201300017860,0013-01-09 05:45:00,13,1,9,5,45,20,475,Rue de Neufchatel,,,Nuit sans éclairage public,En agglomération,Hors intersection,Pluie légère,Sans collision,,,,,,,,,,,3,2,1,2.0,7
201300017861,0013-01-23 13:20:00,13,1,23,13,20,20,808,17 rue de Priel,49.95233,3.19189,Plein jour,En agglomération,Hors intersection,Normale,Deux véhicules - arrière,,,,,,,,,,,1,2,1,1.0,2
201300017862,0013-06-06 18:00:00,13,6,6,18,0,20,293,57 rue Fernand Monot,,,Plein jour,En agglomération,Hors intersection,Normale,Autre collision,,,,,,,,,,,1,2,1,1.0,6
201300017863,0013-05-09 18:30:00,13,5,9,18,30,20,757,,,,Plein jour,En agglomération,Hors intersection,Normale,Deux véhicules - frontale,,,,,,,,,,,1,2,1,1.0,1
201300017864,0013-07-02 13:00:00,13,7,2,13,0,20,361,rue du jeu de paume,49.8953,3.62671,Plein jour,En agglomération,Intersection en X,Normale,Deux véhicules - côté,,,,,,,,,,,1,2,2,1.0,3
201300017865,0013-03-08 16:45:00,13,3,8,16,45,20,447,,,,Plein jour,Hors agglomération,Hors intersection,Pluie légère,Deux véhicules - frontale,,,,,,,,,,,1,1,1,2.0,1
201300017866,0013-04-04 21:00:00,13,4,4,21,0,20,580,,49.202,3.373,Nuit sans éclairage public,Hors agglomération,Hors intersection,Normale,Autre collision,,,,,,,,,,,3,1,1,1.0,6
201300017867,0013-05-04 20:00:00,13,5,4,20,0,20,593,,49.39381,3.30488,Plein jour,Hors agglomération,Intersection en T,Normale,Deux véhicules - côté,,,,,,,,,,,1,1,3,1.0,3
201300017868,0013-06-05 23:30:00,13,6,5,23,30,20,154,route de la montagne,49.309,3.409,Nuit avec éclairage non allumé,En agglomération,Hors intersection,Normale,Sans collision,,,,,,,,,,,4,2,1,1.0,7
201300017869,0013-03-01 11:40:00,13,3,1,11,40,20,795,2 rue Brouillaud,49.40605,3.11473,Plein jour,En agglomération,Hors intersection,Normale,Autre collision,,,,,,,,,,,1,2,1,1.0,6
201300017870,0013-03-21 18:20:00,13,3,21,18,20,20,795,rue de rivière,49.40645,3.11853,Plein jour,En agglomération,Intersection en T,Temps couvert,Deux véhicules - côté,,,,,,,,,,,1,2,3,8.0,3
201300017871,0013-04-17 13:45:00,13,4,17,13,45,20,232,coté du pavé,,,Plein jour,Hors agglomération,Hors intersection,Normale,Trois véhicules et plus - en chaîne,,,,,,,,,,,1,1,1,1.0,4
201300017872,0013-04-18 19:00:00,13,4,18,19,0,20,673,,,,Plein jour,Hors agglomération,Hors intersection,Normale,Sans collision,,,,,,,,,,,1,1,1,1.0,7
201300017873,0013-05-24 12:10:00,13,5,24,12,10,20,810,place aristide BRIAND,,,Plein jour,En agglomération,Hors intersection,Pluie forte,Sans collision,,,,,,,,,,,1,2,1,3.0,7
201300017874,0013-06-22 13:30:00,13,6,22,13,30,20,795,Route de Moufliers,,,Plein jour,Hors agglomération,Autre intersection,Pluie légère,Autre collision,,,,,,,,,,,1,1,9,2.0,6
201300017875,0013-10-05 23:50:00,13,10,5,23,50,20,810,avenue de la Ferté Milon,,,Nuit avec éclairage allumé,En agglomération,Giratoire,Normale,Autre collision,,,,,,,,,,,5,2,6,1.0,6
201300017876,0013-10-27 02:40:00,13,10,27,2,40,20,810,,,,Nuit sans éclairage public,Hors agglomération,Hors intersection,Normale,Sans collision,,,,,,,,,,,3,1,1,1.0,7
201300017877,0013-03-23 13:00:00,13,3,23,13,0,20,819,,,,Plein jour,Hors agglomération,Hors intersection,Temps couvert,Autre collision,,,,,,,,,,,1,1,1,8.0,6
201300017878,0013-12-12 10:10:00,13,12,12,10,10,20,20,,,,Plein jour,En agglomération,Intersection en X,Normale,Autre collision,,,,,,,,,,,1,2,2,1.0,6
201300017879,0013-05-05 20:30:00,13,5,5,20,30,20,286,rue des pires,,,Plein jour,En agglomération,Hors intersection,Normale,Sans collision,,,,,,,,,,,1,2,1,1.0,7
201300017880,0013-05-06 15:00:00,13,5,6,15,0,20,308,,50.059,3.67,Plein jour,Hors agglomération,Hors intersection,Normale,Deux véhicules - frontale,,,,,,,,,,,1,1,1,1.0,1
201300017881,0013-02-04 20:00:00,13,2,4,20,0,130,36,*,43.82589,4.83578,Nuit sans éclairage public,Hors agglomération,Hors intersection,Normale,Autre collision,,,,,,,,,,,3,1,1,1.0,6
201300017882,0013-04-22 07:45:00,13,4,22,7,45,130,45,,,,Plein jour,Hors agglomération,Hors intersection,Normale,Autre collision,,,,,,,,,,,1,1,1,1.0,6
201300017883,0013-05-03 12:30:00,13,5,3,12,30,130,45,route d?partementale 28,,,Plein jour,En agglomération,Hors intersection,Normale,Deux véhicules - frontale,,,,,,,,,,,1,2,1,1.0,1
201300017884,0013-06-30 12:15:00,13,6,30,12,15,130,10,,,,Plein jour,Hors agglomération,Hors intersection,Normale,Deux véhicules - frontale,,,,,,,,,,,1,1,1,1.0,1
201300017885,0013-03-24 01:30:00,13,3,24,1,30,380,158,154 avenue Jean Jaur?s,,,Nuit avec éclairage allumé,En agglomération,Hors intersection,Pluie forte,Autre collision,,,,,,,,,,,5,2,1,3.0,6
201300017886,0013-04-01 22:15:00,13,4,1,22,15,380,158,30 avenue Jean Jaur?s,,,Nuit avec éclairage allumé,En agglomération,Hors intersection,Normale,Deux véhicules - frontale,,,,,,,,,,,5,2,1,1.0,1
201300017887,0013-09-03 11:15:00,13,9,3,11,15,380,158,Avenue du general de gau,,,Plein jour,En agglomération,Hors intersection,Normale,Deux véhicules - arrière,,,,,,,,,,,1,2,1,1.0,2
201300017888,0013-05-31 10:00:00,13,5,31,10,0,380,413,,,,Plein jour,Hors agglomération,Hors intersection,Normale,Deux véhicules - frontale,,,,,,,,,,,1,1,1,1.0,1
201300017889,0013-08-13 19:00:00,13,8,13,19,0,380,489,,,,Plein jour,Hors agglomération,Hors intersection,Normale,Deux véhicules - frontale,,,,,,,,,,,1,1,1,1.0,1
201300017890,0013-06-24 14:45:00,13,6,24,14,45,380,212,,,,Plein jour,Hors agglomération,Hors intersection,Normale,Sans collision,,,,,,,,,,,1,1,1,1.0,7
201300017891,0013-07-05 16:00:00,13,7,5,16,0,380,279,,,,Plein jour,Hors agglomération,Hors intersection,Normale,Deux véhicules - frontale,,,,,,,,,,,1,1,1,1.0,1
201300017892,0013-07-15 07:30:00,13,7,15,7,30,380,68,,45.099,5.71777,Plein jour,Hors agglomération,Hors intersection,Normale,Deux véhicules - frontale,,,,,,,,,,,1,1,1,1.0,1
201300017893,0013-07-30 01:00:00,13,7,30,1,0,380,68,,,,Nuit avec éclairage non allumé,Hors agglomération,Hors intersection,Normale,Deux véhicules - frontale,,,,,,,,,,,4,1,1,1.0,1
201300017894,0013-08-26 19:30:00,13,8,26,19,30,380,529,AVENUE D URIAGE,,,Plein jour,En agglomération,Hors intersection,Normale,Deux véhicules - frontale,,,,,,,,,,,1,2,1,1.0,1
201300017895,0013-10-02 08:30:00,13,10,2,8,30,380,63,,45.433,5.443,Plein jour,Hors agglomération,Hors intersection,Temps éblouissant,Deux véhicules - arrière,,,,,,,,,,,1,1,1,7.0,2
201300017896,0013-10-19 15:15:00,13,10,19,15,15,380,43,,,,Plein jour,Hors agglomération,Hors intersection,Normale,Trois véhicules et plus - collisions multiples,,,,,,,,,,,1,1,1,1.0,5
201300017897,0013-11-02 08:45:00,13,11,2,8,45,380,13,,,,Plein jour,Hors agglomération,Hors intersection,Normale,Sans collision,,,,,,,,,,,1,1,1,1.0,7
201300017898,0013-02-18 19:45:00,13,2,18,19,45,380,124,rue de la devise,,,Nuit avec éclairage allumé,En agglomération,Hors intersection,Normale,Autre collision,,,,,,,,,,,5,2,1,1.0,6
201300017899,0013-06-19 09:15:00,13,6,19,9,15,380,261,lieu dit Thuile,,,Plein jour,En agglomération,Hors intersection,Normale,Autre collision,,,,,,,,,,,1,2,1,1.0,6
201300017900,0013-10-31 10:00:00,13,10,31,10,0,380,124,,,,Plein jour,Hors agglomération,Hors intersection,Normale,Deux véhicules - côté,,,,,,,,,,,1,1,1,1.0,3
201300017901,0013-02-05 09:30:00,13,2,5,9,30,380,229,AV DE L'EUROPE,45.2084,5.79945,Plein jour,Hors agglomération,Hors intersection,Pluie légère,Autre collision,,,,,,,,,,,1,1,1,2.0,6
201300017902,0013-07-07 11:15:00,13,7,7,11,15,380,39,,,,Plein jour,Hors agglomération,Hors intersection,Normale,Sans collision,,,,,,,,,,,1,1,1,1.0,7
201300017903,0013-07-09 18:45:00,13,7,9,18,45,380,431,,,,Plein jour,Hors agglomération,Hors intersection,Normale,Deux véhicules - côté,,,,,,,,,,,1,1,1,1.0,3
201300017904,0013-08-22 20:15:00,13,8,22,20,15,380,39,RD 1090,,,Plein jour,En agglomération,Hors intersection,Normale,Deux véhicules - côté,,,,,,,,,,,1,2,1,1.0,3
201300017905,0013-09-19 16:30:00,13,9,19,16,30,380,229,,45.217,5.767,Plein jour,En agglomération,Place,Normale,Autre collision,,,,,,,,,,,1,2,7,1.0,6
201300017906,0013-10-12 17:45:00,13,10,12,17,45,380,229,AVENUE DE VERDUN,,,Crépuscule ou aube,En agglomération,Hors intersection,Pluie légère,Deux véhicules - côté,,,,,,,,,,,2,2,1,2.0,3
201300017907,0013-04-15 16:00:00,13,4,15,16,0,380,422,,,,Plein jour,Hors agglomération,Hors intersection,Normale,Deux véhicules - frontale,,,,,,,,,,,1,1,1,1.0,1
201300017908,0013-05-28 16:15:00,13,5,28,16,15,380,150,2 rue Charles de Gaulle,,,Plein jour,En agglomération,Hors intersection,Pluie forte,Autre collision,,,,,,,,,,,1,2,1,3.0,6
201300017909,0013-07-16 14:30:00,13,7,16,14,30,380,175,,45.271,5.909,Plein jour,Hors agglomération,Hors intersection,Normale,Autre collision,,,,,,,,,,,1,1,1,1.0,6
201300017910,0013-09-11 08:30:00,13,9,11,8,30,380,538,,,,Plein jour,En agglomération,Hors intersection,Normale,Autre collision,,,,,,,,,,,1,2,1,1.0,6
201300017911,0013-10-19 16:00:00,13,10,19,16,0,380,422,,45.15,5.885,Plein jour,Hors agglomération,Hors intersection,Normale,Autre collision,,,,,,,,,,,1,1,1,1.0,6
201300017912,0013-02-20 18:00:00,13,2,20,18,0,380,503,AV GRESIVAUDAN/L'ECLUSE,45.3204,5.92775,Crépuscule ou aube,En agglomération,Intersection en T,Normale,Deux véhicules - côté,,,,,,,,,,,2,2,3,1.0,3