accident_id,datetime,annee,mois,jour,heure,minute,departement,commune_insee,adresse,latitude,longitude,luminosite,agglomeration,intersection,meteo,collision,nb_vehicules,nb_usagers,nb_indemnes,nb_tues,nb_blesses_hosp,nb_blesses_legers,age_cond_1,age_cond_2,veh_type_cond_1,veh_type_cond_2,lum_code,agg_code,int_code,atm_code,col_code
201300017913,0013-08-17 11:00:00,13,8,17,11,0,380,181,,,,Plein jour,Hors agglomération,Hors intersection,Normale,Deux véhicules - frontale,,,,,,,,,,,1,1,1,1.0,1
201300017914,0013-01-06 18:45:00,13,1,6,18,45,380,161,AV DES MARAIS/CH PARASSA,45.3918,5.18018,Nuit sans éclairage public,Hors agglomération,Intersection en X,Pluie légère,Deux véhicules - arrière,,,,,,,,,,,3,1,2,2.0,2
201300017915,0013-01-08 19:30:00,13,1,8,19,30,380,274,ROUTE DE CHAMPIER,45.4225,5.26898,Nuit sans éclairage public,Hors agglomération,Hors intersection,Normale,Deux véhicules - arrière,,,,,,,,,,,3,1,1,1.0,2
201300017916,0013-02-06 07:30:00,13,2,6,7,30,380,335,,45.3582,5.02941,Crépuscule ou aube,Hors agglomération,Intersection en Y,Neige / grêle,Sans collision,,,,,,,,,,,2,1,4,4.0,7
201300017917,0013-06-07 13:30:00,13,6,7,13,30,380,393,R DES ALPES/CH DE LEMPS,45.3904,5.31667,Plein jour,En agglomération,Intersection en Y,Normale,Deux véhicules - frontale,,,,,,,,,,,1,2,4,1.0,1
201300017918,0013-07-14 15:00:00,13,7,14,15,0,380,300,,,,Plein jour,Hors agglomération,Hors intersection,Normale,Deux véhicules - arrière,,,,,,,,,,,1,1,1,1.0,2
201300017919,0013-08-13 10:45:00,13,8,13,10,45,380,130,,,,Plein jour,Hors agglomération,Hors intersection,Normale,Autre collision,,,,,,,,,,,1,1,1,1.0,6
201300017920,0013-09-08 20:30:00,13,9,8,20,30,380,134,,,,Nuit sans éclairage public,Hors agglomération,Hors intersection,Pluie légère,Deux véhicules - frontale,,,,,,,,,,,3,1,1,2.0,1
201300017921,0013-09-23 08:30:00,13,9,23,8,30,380,180,Route du Dauphin?,,,Plein jour,En agglomération,Hors intersection,Temps éblouissant,Deux véhicules - frontale,,,,,,,,,,,1,2,1,7.0,1
201300017922,0013-12-11 17:00:00,13,12,11,17,0,380,130,,,,Plein jour,En agglomération,Hors intersection,Normale,Trois véhicules et plus - en chaîne,,,,,,,,,,,1,2,1,1.0,4
201300017923,0013-02-01 20:15:00,13,2,1,20,15,380,199,RTE DE CHALON,45.4775,4.90921,Nuit sans éclairage public,Hors agglomération,Hors intersection,Pluie légère,Autre collision,,,,,,,,,,,3,1,1,2.0,6
201300017924,0013-02-16 09:45:00,13,2,16,9,45,380,107,INTER CH LA COLOMBETTE,45.4626,4.82628,Plein jour,Hors agglomération,Intersection en T,Normale,Deux véhicules - arrière,,,,,,,,,,,1,1,3,1.0,2
201300017925,0013-04-12 14:00:00,13,4,12,14,0,380,110,,45.585,4.874,Plein jour,Hors agglomération,Hors intersection,Pluie légère,Deux véhicules - côté,,,,,,,,,,,1,1,1,2.0,3
201300017926,0013-05-20 15:00:00,13,5,20,15,0,380,131,CD131A,,,Plein jour,En agglomération,Hors intersection,Normale,Deux véhicules - côté,,,,,,,,,,,1,2,1,1.0,3
201300017927,0013-06-03 06:00:00,13,6,3,6,0,380,157,,45.476,4.975,Plein jour,Hors agglomération,Hors intersection,Normale,Autre collision,,,,,,,,,,,1,1,1,1.0,6
201300017928,0013-07-01 08:00:00,13,7,1,8,0,380,558,523 ROUTE DE MARENNES,45.598,4.91,Plein jour,En agglomération,Hors intersection,Normale,Deux véhicules - frontale,,,,,,,,,,,1,2,1,1.0,1
201300017929,0013-01-20 05:45:00,13,1,20,5,45,380,519,RUE JEAN BUJARD,45.6115,5.0102,Nuit avec éclairage allumé,En agglomération,Intersection en X,Brouillard / fumée,Deux véhicules - frontale,,,,,,,,,,,5,2,2,5.0,1
201300017930,0013-04-26 08:30:00,13,4,26,8,30,380,389,,,,Plein jour,Hors agglomération,Hors intersection,Pluie légère,Deux véhicules - frontale,,,,,,,,,,,1,1,1,2.0,1
201300017931,0013-05-17 16:00:00,13,5,17,16,0,380,389,,45.56,5.098,Plein jour,Hors agglomération,Intersection en T,Pluie légère,Deux véhicules - côté,,,,,,,,,,,1,1,3,2.0,3
201300017932,0013-07-16 08:15:00,13,7,16,8,15,380,351,,,,Plein jour,Hors agglomération,Hors intersection,Normale,Deux véhicules - frontale,,,,,,,,,,,1,1,1,1.0,1
201300017933,0013-07-20 12:15:00,13,7,20,12,15,380,512,,,,Plein jour,Hors agglomération,Hors intersection,Normale,Autre collision,,,,,,,,,,,1,1,1,1.0,6
201300017934,0013-07-24 19:45:00,13,7,24,19,45,380,189,Avenue du g?n?ral LECLER,,,Plein jour,En agglomération,Intersection en X,Normale,Deux véhicules - côté,,,,,,,,,,,1,2,2,1.0,3
201300017935,0013-09-04 11:15:00,13,9,4,11,15,380,35,,,,Plein jour,Hors agglomération,Intersection en X,Normale,Deux véhicules - côté,,,,,,,,,,,1,1,2,1.0,3
201300017936,0013-02-18 14:30:00,13,2,18,14,30,310,232,allée alsace lorraine,43.77049,1.29474,Plein jour,En agglomération,Hors intersection,Normale,Autre collision,,,,,,,,,,,1,2,1,1.0,6
201300017937,0013-06-26 09:00:00,13,6,26,9,0,310,232,route de launac,43.76215,1.23529,Plein jour,Hors agglomération,Hors intersection,Normale,Autre collision,,,,,,,,,,,1,1,1,1.0,6
201300017938,0013-07-12 20:00:00,13,7,12,20,0,310,232,,,,Plein jour,Hors agglomération,Hors intersection,Normale,Deux véhicules - frontale,,,,,,,,,,,1,1,1,1.0,1
201300017939,0013-08-16 09:45:00,13,8,16,9,45,310,341,,,,Plein jour,Hors agglomération,Intersection en X,Normale,Deux véhicules - côté,,,,,,,,,,,1,1,2,1.0,3
201300017940,0013-10-18 08:45:00,13,10,18,8,45,310,33,D48/rue étienne billière,,,Plein jour,En agglomération,Hors intersection,Normale,Deux véhicules - frontale,,,,,,,,,,,1,2,1,1.0,1
201300017941,0013-02-17 17:45:00,13,2,17,17,45,310,261,ch vigné/ch amoures,43.29573,1.16171,Plein jour,En agglomération,Intersection en X,Normale,Deux véhicules - côté,,,,,,,,,,,1,2,2,1.0,3
201300017942,0013-11-13 16:45:00,13,11,13,16,45,310,390,avenue du nord,,,Nuit avec éclairage allumé,En agglomération,Hors intersection,Normale,Deux véhicules - frontale,,,,,,,,,,,5,2,1,1.0,1
201300017943,0013-12-26 15:15:00,13,12,26,15,15,310,190,,,,Plein jour,Hors agglomération,Hors intersection,Neige / grêle,Deux véhicules - frontale,,,,,,,,,,,1,1,1,4.0,1
201300017944,0013-09-17 17:00:00,13,9,17,17,0,310,443,,,,Plein jour,Hors agglomération,Hors intersection,Normale,Autre collision,,,,,,,,,,,1,1,1,1.0,6
201300017945,0013-11-16 12:45:00,13,11,16,12,45,310,80,,,,Plein jour,Hors agglomération,Hors intersection,Temps couvert,Autre collision,,,,,,,,,,,1,1,1,8.0,6
201300017946,0013-03-24 08:00:00,13,3,24,8,0,290,37,,47.90902,-4.19251,Plein jour,Hors agglomération,Intersection en X,Normale,Deux véhicules - côté,,,,,,,,,,,1,1,2,1.0,3
201300017947,0013-07-15 18:30:00,13,7,15,18,30,290,158,RUE DU PORT DE KERITY,47.80184,-4.35076,Plein jour,En agglomération,Hors intersection,Normale,Deux véhicules - frontale,,,,,,,,,,,1,2,1,1.0,1
201300017948,0013-08-13 13:45:00,13,8,13,13,45,290,165,,47.80847,-4.22555,Plein jour,Hors agglomération,Hors intersection,Normale,Deux véhicules - frontale,,,,,,,,,,,1,1,1,1.0,1
201300017949,0013-02-01 15:30:00,13,2,1,15,30,290,235,,48.40824,-4.39756,Plein jour,Hors agglomération,Giratoire,Pluie légère,Autre collision,,,,,,,,,,,1,1,6,2.0,6
201300017950,0013-02-28 20:45:00,13,2,28,20,45,290,75,Avenue de Normandie,48.43843,-4.38855,Crépuscule ou aube,En agglomération,Hors intersection,Normale,Deux véhicules - arrière,,,,,,,,,,,2,2,1,1.0,2
201300017951,0013-01-04 15:45:00,13,1,4,15,45,290,93,,48.56794,-4.42735,Plein jour,Hors agglomération,Hors intersection,Normale,Deux véhicules - frontale,,,,,,,,,,,1,1,1,1.0,1
201300017952,0013-01-22 17:45:00,13,1,22,17,45,290,290,,48.54334,-4.54213,Plein jour,Hors agglomération,Hors intersection,Normale,Deux véhicules - frontale,,,,,,,,,,,1,1,1,1.0,1
201300017953,0013-03-17 16:15:00,13,3,17,16,15,290,35,,48.5054,-4.54708,Plein jour,Hors agglomération,Hors intersection,Normale,Deux véhicules - côté,,,,,,,,,,,1,1,1,1.0,3
201300017954,0013-04-01 15:30:00,13,4,1,15,30,290,160,lieu dit La Martyre,48.61598,-4.51463,Plein jour,En agglomération,Hors intersection,Normale,Deux véhicules - frontale,,,,,,,,,,,1,2,1,1.0,1
201300017955,0013-05-28 09:30:00,13,5,28,9,30,290,160,,48.47446,-4.48353,Plein jour,Hors agglomération,Hors intersection,Normale,Trois véhicules et plus - collisions multiples,,,,,,,,,,,1,1,1,1.0,5
201300017956,0013-06-23 08:00:00,13,6,23,8,0,290,117,,48.58241,-4.52169,Plein jour,Hors agglomération,Hors intersection,Normale,Sans collision,,,,,,,,,,,1,1,1,1.0,7
201300017957,0013-07-20 15:15:00,13,7,20,15,15,290,195,rue de Lannilis,48.6042,-4.5106,Plein jour,En agglomération,Hors intersection,Normale,Deux véhicules - arrière,,,,,,,,,,,1,2,1,1.0,2
201300017958,0013-03-26 07:00:00,13,3,26,7,0,290,208,,48.49672,-4.69838,Crépuscule ou aube,Hors agglomération,Hors intersection,Normale,Deux véhicules - frontale,,,,,,,,,,,2,1,1,1.0,1
201300017959,0013-05-29 16:15:00,13,5,29,16,15,290,178,Avenue de Portsall,48.55555,-4.69722,Plein jour,En agglomération,Hors intersection,Normale,Deux véhicules - côté,,,,,,,,,,,1,2,1,1.0,3
201300017960,0013-05-13 14:15:00,13,5,13,14,15,290,162,,48.21929,-3.98231,Plein jour,Hors agglomération,Hors intersection,Normale,Autre collision,,,,,,,,,,,1,1,1,1.0,6
201300017961,0013-07-26 00:01:00,13,7,26,0,1,290,267,,48.13464,-3.90425,Nuit sans éclairage public,Hors agglomération,Hors intersection,Normale,Autre collision,,,,,,,,,,,3,1,1,1.0,6
201300017962,0013-09-20 07:45:00,13,9,20,7,45,290,20,Ty Hemon Liors,48.16086,-4.0411,Crépuscule ou aube,Hors agglomération,Hors intersection,Normale,Deux véhicules - côté,,,,,,,,,,,2,1,1,1.0,3
201300017963,0013-10-22 15:15:00,13,10,22,15,15,290,27,,48.16683,-3.86079,Plein jour,Hors agglomération,Hors intersection,Normale,Autre collision,,,,,,,,,,,1,1,1,1.0,6
201300017964,0013-12-30 18:45:00,13,12,30,18,45,290,162,PLACE CHARLES DE GAULLE,48.22529,-3.97126,Nuit avec éclairage allumé,En agglomération,Hors intersection,Normale,Autre collision,,,,,,,,,,,5,2,1,1.0,6
201300017965,0013-02-18 17:15:00,13,2,18,17,15,290,104,,48.29447,-4.27413,Plein jour,Hors agglomération,Hors intersection,Temps éblouissant,Autre collision,,,,,,,,,,,1,1,1,7.0,6
201300017966,0013-01-08 19:00:00,13,1,8,19,0,290,264,,48.51527,-4.14881,Nuit sans éclairage public,Hors agglomération,Hors intersection,Normale,Deux véhicules - arrière,,,,,,,,,,,3,1,1,1.0,2
201300017967,0013-07-28 11:00:00,13,7,28,11,0,290,204,Kergreguen,48.5154,-4.23225,Plein jour,Hors agglomération,Hors intersection,Normale,Deux véhicules - frontale,,,,,,,,,,,1,1,1,1.0,1
201300017968,0013-08-10 21:00:00,13,8,10,21,0,290,10,,48.49309,-4.11864,Crépuscule ou aube,Hors agglomération,Hors intersection,Temps couvert,Sans collision,,,,,,,,,,,2,1,1,8.0,7
201300017969,0013-02-17 15:30:00,13,2,17,15,30,290,285,,48.62629,-4.10446,Plein jour,Hors agglomération,Hors intersection,Normale,Deux véhicules - frontale,,,,,,,,,,,1,1,1,1.0,1
201300017970,0013-08-08 18:45:00,13,8,8,18,45,290,132,,48.60909,-3.8607,Plein jour,Hors agglomération,Hors intersection,Normale,Deux véhicules - frontale,,,,,,,,,,,1,1,1,1.0,1
201300017971,0013-11-24 06:30:00,13,11,24,6,30,290,192,,48.67462,-4.00847,Crépuscule ou aube,Hors agglomération,Hors intersection,Normale,Autre collision,,,,,,,,,,,2,1,1,1.0,6
201300017972,0013-12-01 05:30:00,13,12,1,5,30,290,259,Rue Verderel,48.68216,-3.98445,Nuit avec éclairage allumé,En agglomération,Hors intersection,Normale,Autre collision,,,,,,,,,,,5,2,1,1.0,6
201300017973,0013-05-28 07:00:00,13,5,28,7,0,290,71,,47.94056,-3.43862,Crépuscule ou aube,Hors agglomération,Hors intersection,Normale,Deux véhicules - côté,,,,,,,,,,,2,1,1,1.0,3
201300017974,0013-08-01 10:15:00,13,8,1,10,15,290,31,RUE DES GLENAN,47.77073,-3.56209,Plein jour,En agglomération,Hors intersection,Temps éblouissant,Deux véhicules - frontale,,,,,,,,,,,1,2,1,7.0,1
201300017975,0013-03-02 06:30:00,13,3,2,6,30,290,146,,47.90668,-3.85106,Crépuscule ou aube,Hors agglomération,Hors intersection,Normale,Autre collision,,,,,,,,,,,2,1,1,1.0,6
201300017976,0013-04-19 20:15:00,13,4,19,20,15,290,4,,47.92829,-3.68819,Plein jour,Hors agglomération,Hors intersection,Normale,Autre collision,,,,,,,,,,,1,1,1,1.0,6
201300017977,0013-07-02 19:15:00,13,7,2,19,15,290,49,CROIX MENEZ BRIS,48.04388,-3.91232,Plein jour,En agglomération,Hors intersection,Pluie forte,Deux véhicules - côté,,,,,,,,,,,1,2,1,3.0,3
201300017978,0013-07-13 13:30:00,13,7,13,13,30,290,4,,47.90428,-3.70392,Plein jour,Hors agglomération,Hors intersection,Normale,Deux véhicules - frontale,,,,,,,,,,,1,1,1,1.0,1
201300017979,0013-07-24 13:30:00,13,7,24,13,30,290,4,,47.95428,-3.65849,Plein jour,Hors agglomération,Hors intersection,Normale,Autre collision,,,,,,,,,,,1,1,1,1.0,6
201300017980,0013-02-10 02:00:00,13,2,10,2,0,340,154,,43.55928,4.02968,Nuit sans éclairage public,Hors agglomération,Hors intersection,Normale,Autre collision,,,,,,,,,,,3,1,1,1.0,6
201300017981,0013-03-09 23:15:00,13,3,9,23,15,340,154,,43.55312,4.00217,Nuit sans éclairage public,Hors agglomération,Hors intersection,Normale,Deux véhicules - arrière,,,,,,,,,,,3,1,1,1.0,2
201300017982,0013-05-09 11:45:00,13,5,9,11,45,340,192,CD 62E2,43.52595,3.9193,Plein jour,En agglomération,Hors intersection,Normale,Deux véhicules - frontale,,,,,,,,,,,1,2,1,1.0,1
201300017983,0013-05-19 13:15:00,13,5,19,13,15,340,154,CD 62 E2,43.5491,3.98281,Plein jour,En agglomération,Hors intersection,Normale,Autre collision,,,,,,,,,,,1,2,1,1.0,6
201300017984,0013-10-09 07:15:00,13,10,9,7,15,340,192,130 avenue saint maurice,43.538,3.952,Crépuscule ou aube,En agglomération,Hors intersection,Normale,Deux véhicules - côté,,,,,,,,,,,2,2,1,1.0,3
201300017985,0013-01-20 02:00:00,13,1,20,2,0,350,177,,48.20415,-1.74309,Nuit sans éclairage public,Hors agglomération,Hors intersection,Normale,Autre collision,,,,,,,,,,,3,1,1,1.0,6
201300017986,0013-03-02 01:15:00,13,3,2,1,15,350,27,,48.159,-2.048,Nuit sans éclairage public,Hors agglomération,Hors intersection,Normale,Autre collision,,,,,,,,,,,3,1,1,1.0,6
201300017987,0013-03-09 18:30:00,13,3,9,18,30,350,184,Avenue de la Gare,48.19872,-2.04775,Plein jour,En agglomération,Intersection en X,Normale,Deux véhicules - côté,,,,,,,,,,,1,2,2,1.0,3
201300017988,0013-05-16 08:00:00,13,5,16,8,0,350,201,,48.12686,-2.16733,Plein jour,Hors agglomération,Hors intersection,Normale,Deux véhicules - frontale,,,,,,,,,,,1,1,1,1.0,1
201300017989,0013-08-17 15:15:00,13,8,17,15,15,350,320,15 rue de la Fontaine,,,Plein jour,En agglomération,Hors intersection,Normale,Deux véhicules - frontale,,,,,,,,,,,1,2,1,1.0,1
201300017990,0013-10-12 14:45:00,13,10,12,14,45,350,180,,48.29325,-1.92249,Plein jour,Hors agglomération,Intersection en T,Normale,Deux véhicules - frontale,,,,,,,,,,,1,1,3,1.0,1
201300017991,0013-02-10 06:30:00,13,2,10,6,30,350,223,,48.01876,-2.06123,Nuit sans éclairage public,Hors agglomération,Hors intersection,Pluie légère,Autre collision,,,,,,,,,,,3,1,1,2.0,6
201300017992,0013-03-10 17:15:00,13,3,10,17,15,350,133,,48.12087,-2.03738,Plein jour,Hors agglomération,Hors intersection,Temps couvert,Deux véhicules - frontale,,,,,,,,,,,1,1,1,8.0,1
201300017993,0013-03-23 15:00:00,13,3,23,15,0,350,227,,48.1974,-1.90735,Plein jour,Hors agglomération,Hors intersection,Normale,Deux véhicules - frontale,,,,,,,,,,,1,1,1,1.0,1
201300017994,0013-03-20 14:50:00,13,3,20,14,50,350,188,rue St Nicolas,48.13849,-1.95064,Plein jour,En agglomération,Intersection en X,Normale,Deux véhicules - frontale,,,,,,,,,,,1,2,2,1.0,1
201300017995,0013-04-25 14:40:00,13,4,25,14,40,350,188,,48.13023,-1.93555,Plein jour,Hors agglomération,Autre intersection,Normale,Deux véhicules - arrière,,,,,,,,,,,1,1,9,1.0,2
201300017996,0013-04-21 19:30:00,13,4,21,19,30,350,223,,47.98756,-2.13912,Plein jour,Hors agglomération,Hors intersection,Normale,Autre collision,,,,,,,,,,,1,1,1,1.0,6
201300017997,0013-05-26 20:45:00,13,5,26,20,45,350,227,,48.18898,-1.91095,Plein jour,Hors agglomération,Hors intersection,Normale,Autre collision,,,,,,,,,,,1,1,1,1.0,6
201300017998,0013-05-30 22:15:00,13,5,30,22,15,350,319,rue antoine blouet,48.03281,-1.92903,Nuit avec éclairage allumé,En agglomération,Hors intersection,Pluie forte,Autre collision,,,,,,,,,,,5,2,1,3.0,6
201300017999,0013-08-22 18:10:00,13,8,22,18,10,350,133,Le Bruchet,48.15413,-2.01382,Plein jour,Hors agglomération,Intersection en X,Normale,Deux véhicules - côté,,,,,,,,,,,1,1,2,1.0,3
201300018000,0013-10-25 15:30:00,13,10,25,15,30,350,133,fronlan,48.0987,-2.00222,Plein jour,En agglomération,Hors intersection,Normale,Autre collision,,,,,,,,,,,1,2,1,1.0,6
201300018001,0013-11-27 22:00:00,13,11,27,22,0,350,331,,48.09367,-1.93411,Nuit sans éclairage public,Hors agglomération,Hors intersection,Normale,Autre collision,,,,,,,,,,,3,1,1,1.0,6
201300018002,0013-07-13 23:45:00,13,7,13,23,45,350,321,1 rue Saint Martin,47.91558,-1.58885,Nuit sans éclairage public,En agglomération,Intersection en X,Normale,Autre collision,,,,,,,,,,,3,2,2,1.0,6
201300018003,0013-08-02 19:15:00,13,8,2,19,15,350,12,rue de m?rhand,,,Plein jour,En agglomération,Intersection en X,Normale,Deux véhicules - côté,,,,,,,,,,,1,2,2,1.0,3
201300018004,0013-02-17 17:15:00,13,2,17,17,15,350,179,,48.54008,-1.91991,Plein jour,Hors agglomération,Hors intersection,Normale,Deux véhicules - arrière,,,,,,,,,,,1,1,1,1.0,2
201300018005,0013-06-08 16:15:00,13,6,8,16,15,350,299,,48.64894,-1.87938,Plein jour,Hors agglomération,Hors intersection,Normale,Deux véhicules - arrière,,,,,,,,,,,1,1,1,1.0,2
201300018006,0013-07-06 16:00:00,13,7,6,16,0,350,299,,,,Nuit sans éclairage public,Hors agglomération,Hors intersection,Normale,Autre collision,,,,,,,,,,,3,1,1,1.0,6
201300018007,0013-07-16 19:45:00,13,7,16,19,45,350,263,,,,Plein jour,Hors agglomération,Hors intersection,Normale,Deux véhicules - frontale,,,,,,,,,,,1,1,1,1.0,1
201300018008,0013-10-20 19:45:00,13,10,20,19,45,350,43,lieu dit La Butte,48.50645,-1.88781,Nuit sans éclairage public,Hors agglomération,Intersection en X,Pluie légère,Deux véhicules - arrière,,,,,,,,,,,3,1,2,2.0,2
201300018009,0013-12-10 11:15:00,13,12,10,11,15,350,362,,,,Nuit sans éclairage public,Hors agglomération,Hors intersection,Autre,Autre collision,,,,,,,,,,,3,1,1,9.0,6
201300018010,0013-12-14 19:30:00,13,12,14,19,30,350,224,,48.525,-1.848,Nuit avec éclairage allumé,Hors agglomération,Intersection en X,Normale,Autre collision,,,,,,,,,,,5,1,2,1.0,6
201300018011,0013-01-16 18:45:00,13,1,16,18,45,350,248,,48.54825,-1.58716,Nuit sans éclairage public,Hors agglomération,Hors intersection,Normale,Sans collision,,,,,,,,,,,3,1,1,1.0,7
201300018012,0013-03-13 08:15:00,13,3,13,8,15,350,186,,48.56111,-1.77504,Plein jour,Hors agglomération,Hors intersection,Normale,Trois véhicules et plus - collisions multiples,,,,,,,,,,,1,1,1,1.0,5
201300018013,0013-01-07 10:45:00,13,1,7,10,45,350,360,,48.1206,-1.20982,Plein jour,En agglomération,Hors intersection,Normale,Autre collision,,,,,,,,,,,1,2,1,1.0,6
201300018014,0013-04-23 10:30:00,13,4,23,10,30,350,109,,48.06373,-1.19788,Plein jour,Hors agglomération,Hors intersection,Normale,Trois véhicules et plus - collisions multiples,,,,,,,,,,,1,1,1,1.0,5
201300018015,0013-02-11 18:30:00,13,2,11,18,30,350,254,,48.03922,-1.48796,Crépuscule ou aube,Hors agglomération,Hors intersection,Normale,Deux véhicules - côté,,,,,,,,,,,2,1,1,1.0,3
201300018016,0013-02-14 18:30:00,13,2,14,18,30,350,207,rue francis monnoyeur,48.12024,-1.53162,Plein jour,En agglomération,Hors intersection,Normale,Autre collision,,,,,,,,,,,1,2,1,1.0,6
201300018017,0013-04-12 16:30:00,13,4,12,16,30,350,68,,48.09933,-1.40125,Plein jour,Hors agglomération,Hors intersection,Normale,Deux véhicules - côté,,,,,,,,,,,1,1,1,1.0,3
201300018018,0013-04-19 19:00:00,13,4,19,19,0,350,96,,48.06491,-1.42426,Plein jour,Hors agglomération,Hors intersection,Normale,Sans collision,,,,,,,,,,,1,1,1,1.0,7
201300018019,0013-04-27 12:30:00,13,4,27,12,30,350,69,,48.04838,-1.50474,Plein jour,En agglomération,Hors intersection,Normale,Autre collision,,,,,,,,,,,1,2,1,1.0,6
201300018020,0013-07-17 23:15:00,13,7,17,23,15,350,264,rue des lavandi?res,48.09417,-1.37476,Nuit sans éclairage public,En agglomération,Hors intersection,Normale,Autre collision,,,,,,,,,,,3,2,1,1.0,6
201300018021,0013-08-01 18:00:00,13,8,1,18,0,350,207,D92/rue croix forges,,,Plein jour,En agglomération,Intersection en T,Normale,Deux véhicules - côté,,,,,,,,,,,1,2,3,1.0,3
201300018022,0013-10-17 22:45:00,13,10,17,22,45,350,264,,48.10732,,Nuit sans éclairage public,Hors agglomération,Intersection en T,Normale,Autre collision,,,,,,,,,,,3,1,3,1.0,6
201300018023,0013-11-29 05:00:00,13,11,29,5,0,350,68,,,,Nuit sans éclairage public,Hors agglomération,Hors intersection,Normale,Autre collision,,,,,,,,,,,3,1,1,1.0,6
201300018024,0013-12-11 07:55:00,13,12,11,7,55,350,207,Av du General de Gaulle,48.10967,-1.52723,Plein jour,En agglomération,Hors intersection,Autre,Deux véhicules - frontale,,,,,,,,,,,1,2,1,9.0,1
201300018025,0013-01-29 08:15:00,13,1,29,8,15,440,194,rue de bretagne,,,Nuit avec éclairage allumé,Hors agglomération,Hors intersection,Pluie forte,Autre collision,,,,,,,,,,,5,1,1,3.0,6
201300018026,0013-05-25 21:00:00,13,5,25,21,0,440,158,L'etang bernard,,,Crépuscule ou aube,Hors agglomération,Intersection en T,Normale,Deux véhicules - côté,,,,,,,,,,,2,1,3,1.0,3
201300018027,0013-05-26 18:30:00,13,5,26,18,30,440,45,Les Sables,,,Plein jour,Hors agglomération,Hors intersection,Normale,Deux véhicules - frontale,,,,,,,,,,,1,1,1,1.0,1
201300018028,0013-09-23 17:15:00,13,9,23,17,15,440,194,rue de bretagne,,,Plein jour,En agglomération,Hors intersection,Normale,Autre collision,,,,,,,,,,,1,2,1,1.0,6
201300018029,0013-11-15 08:45:00,13,11,15,8,45,440,158,place de la mairie RD 17,,,Plein jour,En agglomération,Giratoire,Normale,Deux véhicules - côté,,,,,,,,,,,1,2,6,1.0,3
201300018030,0013-07-24 16:15:00,13,7,24,16,15,440,3,bd curie,,,Plein jour,Hors agglomération,Hors intersection,Normale,Deux véhicules - frontale,,,,,,,,,,,1,1,1,1.0,1
201300018031,0013-09-13 15:00:00,13,9,13,15,0,440,93,,,,Plein jour,Hors agglomération,Hors intersection,Normale,Deux véhicules - côté,,,,,,,,,,,1,1,1,1.0,3
201300018032,0013-02-07 09:15:00,13,2,7,9,15,440,115,Le Pont du Havre,,,Plein jour,Hors agglomération,Hors intersection,Normale,Deux véhicules - frontale,,,,,,,,,,,1,1,1,1.0,1
201300018033,0013-03-01 20:45:00,13,3,1,20,45,440,144,,,,Nuit sans éclairage public,Hors agglomération,Hors intersection,Normale,Autre collision,,,,,,,,,,,3,1,1,1.0,6
201300018034,0013-08-01 22:30:00,13,8,1,22,30,440,82,beau soleil,,,Nuit sans éclairage public,Hors agglomération,Hors intersection,Normale,Autre collision,,,,,,,,,,,3,1,1,1.0,6
201300018035,0013-10-18 16:30:00,13,10,18,16,30,440,48,,,,Plein jour,Hors agglomération,Hors intersection,Normale,Deux véhicules - côté,,,,,,,,,,,1,1,1,1.0,3
201300018036,0013-08-31 22:30:00,13,8,31,22,30,440,99,la botte,,,Nuit sans éclairage public,Hors agglomération,Hors intersection,Normale,Sans collision,,,,,,,,,,,3,1,1,1.0,7
201300018037,0013-11-23 19:30:00,13,11,23,19,30,440,36,,47.711,-1.382,Nuit avec éclairage allumé,Hors agglomération,Giratoire,Normale,Sans collision,,,,,,,,,,,5,1,6,1.0,7
201300018038,0013-06-18 10:00:00,13,6,18,10,0,440,185,54 AVENUE JEAN BUREL,47.651,-2.079,Plein jour,En agglomération,Hors intersection,Normale,Deux véhicules - côté,,,,,,,,,,,1,2,1,1.0,3
201300018039,0013-06-20 15:15:00,13,6,20,15,15,440,128,Buhel,,,Plein jour,Hors agglomération,Hors intersection,Normale,Autre collision,,,,,,,,,,,1,1,1,1.0,6
201300018040,0013-10-22 07:00:00,13,10,22,7,0,440,164,,,,Nuit sans éclairage public,Hors agglomération,Hors intersection,Temps couvert,Trois véhicules et plus - collisions multiples,,,,,,,,,,,3,1,1,8.0,5
201300018041,0013-12-11 23:30:00,13,12,11,23,30,440,12,,,,Nuit sans éclairage public,Hors agglomération,Hors intersection,Normale,Sans collision,,,,,,,,,,,3,1,1,1.0,7
201300018042,0013-12-26 12:15:00,13,12,26,12,15,440,131,,,,Plein jour,Hors agglomération,Hors intersection,Normale,Autre collision,,,,,,,,,,,1,1,1,1.0,6
201300018043,0013-03-17 11:15:00,13,3,17,11,15,440,5,55 rte de la sicaudais,,,Plein jour,Hors agglomération,Hors intersection,Vent fort / tempête,Sans collision,,,,,,,,,,,1,1,1,6.0,7