accident_id,datetime,annee,mois,jour,heure,minute,departement,commune_insee,adresse,latitude,longitude,luminosite,agglomeration,intersection,meteo,collision,nb_vehicules,nb_usagers,nb_indemnes,nb_tues,nb_blesses_hosp,nb_blesses_legers,age_cond_1,age_cond_2,veh_type_cond_1,veh_type_cond_2,lum_code,agg_code,int_code,atm_code,col_code
201300018044,0013-07-23 18:30:00,13,7,23,18,30,440,154,Av Raymond Pointcaré,,,Plein jour,En agglomération,Hors intersection,Temps éblouissant,Deux véhicules - frontale,,,,,,,,,,,1,2,1,7.0,1
201300018045,0013-08-02 16:45:00,13,8,2,16,45,440,182,,,,Plein jour,Hors agglomération,Hors intersection,Normale,Deux véhicules - arrière,,,,,,,,,,,1,1,1,1.0,2
201300018046,0013-03-26 11:15:00,13,3,26,11,15,440,84,rte st barthélémy,,,Plein jour,Hors agglomération,Intersection en X,Normale,Deux véhicules - frontale,,,,,,,,,,,1,1,2,1.0,1
201300018047,0013-06-24 15:45:00,13,6,24,15,45,440,169,l'offcière,,,Plein jour,Hors agglomération,Hors intersection,Normale,Deux véhicules - frontale,,,,,,,,,,,1,1,1,1.0,1
201300018048,0013-07-04 23:00:00,13,7,4,23,0,440,29,la communauté,,,Nuit sans éclairage public,Hors agglomération,Hors intersection,Normale,Autre collision,,,,,,,,,,,3,1,1,1.0,6
201300018049,0013-11-05 08:45:00,13,11,5,8,45,440,8,,,,Plein jour,Hors agglomération,Hors intersection,Pluie légère,Deux véhicules - frontale,,,,,,,,,,,1,1,1,2.0,1
201300018050,0013-11-27 17:30:00,13,11,27,17,30,440,108,,,,Crépuscule ou aube,Hors agglomération,Hors intersection,Normale,Deux véhicules - frontale,,,,,,,,,,,2,1,1,1.0,1
201300018051,0013-11-27 18:30:00,13,11,27,18,30,440,29,,,,Nuit sans éclairage public,Hors agglomération,Intersection en X,Normale,Deux véhicules - côté,,,,,,,,,,,3,1,2,1.0,3
201300018052,0013-11-29 18:45:00,13,11,29,18,45,440,140,,,,Crépuscule ou aube,Hors agglomération,Hors intersection,Pluie légère,Deux véhicules - côté,,,,,,,,,,,2,1,1,2.0,3
201300018053,0013-03-03 22:30:00,13,3,3,22,30,440,130,1 r la fontaine laurent,,,Plein jour,Hors agglomération,Hors intersection,Normale,Autre collision,,,,,,,,,,,1,1,1,1.0,6
201300018054,0013-05-24 12:45:00,13,5,24,12,45,440,150,route de la bretagnerie,,,Plein jour,Hors agglomération,Hors intersection,Normale,Deux véhicules - frontale,,,,,,,,,,,1,1,1,1.0,1
201300018055,0013-10-31 18:00:00,13,10,31,18,0,440,18,rue de la tindi?re,,,Crépuscule ou aube,En agglomération,Autre intersection,Pluie légère,Deux véhicules - côté,,,,,,,,,,,2,2,9,2.0,3
201300018056,0013-12-18 18:45:00,13,12,18,18,45,440,130,rue d'herbauges,,,Nuit avec éclairage allumé,En agglomération,Hors intersection,Pluie légère,Deux véhicules - côté,,,,,,,,,,,5,2,1,2.0,3
201300018057,0013-03-21 19:00:00,13,3,21,19,0,440,83,"rues De Gaulle, du stade",,,Nuit avec éclairage allumé,En agglomération,Intersection en T,Pluie légère,Deux véhicules - côté,,,,,,,,,,,5,2,3,2.0,3
201300018058,0013-03-29 06:15:00,13,3,29,6,15,440,72,pompas,47.407,-2.355,Nuit sans éclairage public,Hors agglomération,Hors intersection,Pluie légère,Deux véhicules - frontale,,,,,,,,,,,3,1,1,2.0,1
201300018059,0013-04-26 12:00:00,13,4,26,12,0,440,69,,,,Plein jour,Hors agglomération,Hors intersection,Normale,Deux véhicules - côté,,,,,,,,,,,1,1,1,1.0,3
201300018060,0013-06-25 12:45:00,13,6,25,12,45,440,69,miroux,,,Plein jour,Hors agglomération,Hors intersection,Normale,Sans collision,,,,,,,,,,,1,1,1,1.0,7
201300018061,0013-07-20 16:00:00,13,7,20,16,0,440,183,,,,Plein jour,Hors agglomération,Hors intersection,Normale,Trois véhicules et plus - en chaîne,,,,,,,,,,,1,1,1,1.0,4
201300018062,0013-06-26 19:15:00,13,6,26,19,15,440,129,la drechais,47.433,-2.027,Plein jour,Hors agglomération,Hors intersection,Normale,Autre collision,,,,,,,,,,,1,1,1,1.0,6
201300018063,0013-04-30 19:30:00,13,4,30,19,30,250,542,RUE DES GRANDES PIECES,47.23187,5.9371,Plein jour,En agglomération,Hors intersection,Normale,Sans collision,,,,,,,,,,,1,2,1,1.0,7
201300018064,0013-07-19 11:00:00,13,7,19,11,0,250,133,,,,Plein jour,Hors agglomération,Hors intersection,Normale,Trois véhicules et plus - en chaîne,,,,,,,,,,,1,1,1,1.0,4
201300018065,0013-05-18 17:15:00,13,5,18,17,15,250,564,6 rue de la Corv?e,,,Plein jour,En agglomération,Hors intersection,Normale,Deux véhicules - frontale,,,,,,,,,,,1,2,1,1.0,1
201300018066,0013-06-05 23:15:00,13,6,5,23,15,250,104,,,,Nuit sans éclairage public,Hors agglomération,Hors intersection,Normale,Autre collision,,,,,,,,,,,3,1,1,1.0,6
201300018067,0013-11-12 21:00:00,13,11,12,21,0,250,310,,47.444,6.346,Nuit sans éclairage public,Hors agglomération,Hors intersection,Temps couvert,Sans collision,,,,,,,,,,,3,1,1,8.0,7
201300018068,0013-05-21 10:30:00,13,5,21,10,30,250,578,45 grande rue,,,Plein jour,En agglomération,Hors intersection,Normale,Autre collision,,,,,,,,,,,1,2,1,1.0,6
201300018069,0013-05-21 20:45:00,13,5,21,20,45,250,222,,,,Plein jour,Hors agglomération,Hors intersection,Pluie légère,Deux véhicules - frontale,,,,,,,,,,,1,1,1,2.0,1
201300018070,0013-07-03 14:30:00,13,7,3,14,30,250,301,,,,Plein jour,Hors agglomération,Hors intersection,Pluie forte,Autre collision,,,,,,,,,,,1,1,1,3.0,6
201300018071,0013-08-28 16:50:00,13,8,28,16,50,250,39,3 rue du gymnase,,,Plein jour,En agglomération,Hors intersection,Normale,Autre collision,,,,,,,,,,,1,2,1,1.0,6
201300018072,0013-02-06 13:15:00,13,2,6,13,15,250,228,av. g?n?ral DE GAULLE,47.51,6.864,Plein jour,En agglomération,Hors intersection,Neige / grêle,Deux véhicules - côté,,,,,,,,,,,1,2,1,4.0,3
201300018073,0013-04-09 14:15:00,13,4,9,14,15,250,71,,47.434,6.846,Plein jour,Hors agglomération,Hors intersection,Temps couvert,Deux véhicules - frontale,,,,,,,,,,,1,1,1,8.0,1
201300018074,0013-06-03 15:30:00,13,6,3,15,30,250,517,,47.058,6.35,Plein jour,Hors agglomération,Hors intersection,Normale,Deux véhicules - frontale,,,,,,,,,,,1,1,1,1.0,1
201300018075,0013-06-13 11:00:00,13,6,13,11,0,250,259,RD 9,,,Plein jour,En agglomération,Hors intersection,Normale,Deux véhicules - arrière,,,,,,,,,,,1,2,1,1.0,2
201300018076,0013-07-05 20:15:00,13,7,5,20,15,250,201,,,,Crépuscule ou aube,Hors agglomération,Intersection en X,Normale,Deux véhicules - côté,,,,,,,,,,,2,1,2,1.0,3
201300018077,0013-07-21 07:30:00,13,7,21,7,30,250,110,,,,Plein jour,Hors agglomération,Hors intersection,Normale,Autre collision,,,,,,,,,,,1,1,1,1.0,6
201300018078,0013-08-07 00:45:00,13,8,7,0,45,250,110,,,,Nuit sans éclairage public,Hors agglomération,Hors intersection,Pluie légère,Autre collision,,,,,,,,,,,3,1,1,2.0,6
201300018079,0013-10-31 22:30:00,13,10,31,22,30,250,282,,,,Nuit sans éclairage public,Hors agglomération,Hors intersection,Normale,Autre collision,,,,,,,,,,,3,1,1,1.0,6
201300018080,0013-05-05 01:00:00,13,5,5,1,0,250,362,,,,Nuit sans éclairage public,Hors agglomération,Hors intersection,Brouillard / fumée,Autre collision,,,,,,,,,,,3,1,1,5.0,6
201300018081,0013-09-01 17:45:00,13,9,1,17,45,250,413,,,,Plein jour,Hors agglomération,Hors intersection,Normale,Deux véhicules - frontale,,,,,,,,,,,1,1,1,1.0,1
201300018082,0013-06-30 12:30:00,13,6,30,12,30,730,75,,45.44395,6.07495,Plein jour,Hors agglomération,Hors intersection,Normale,Trois véhicules et plus - collisions multiples,,,,,,,,,,,1,1,1,1.0,5
201300018083,0013-09-09 11:30:00,13,9,9,11,30,730,79,,45.54155,6.17487,Plein jour,Hors agglomération,Hors intersection,Normale,Deux véhicules - arrière,,,,,,,,,,,1,1,1,1.0,2
201300018084,0013-01-08 20:00:00,13,1,8,20,0,390,332,,,,Nuit sans éclairage public,Hors agglomération,Hors intersection,Brouillard / fumée,Autre collision,,,,,,,,,,,3,1,1,5.0,6
201300018085,0013-02-17 07:30:00,13,2,17,7,30,390,217,,,,Plein jour,Hors agglomération,Hors intersection,Temps couvert,Sans collision,,,,,,,,,,,1,1,1,8.0,7
201300018086,0013-03-15 20:00:00,13,3,15,20,0,390,531,,,,Nuit sans éclairage public,Hors agglomération,Hors intersection,Normale,Deux véhicules - côté,,,,,,,,,,,3,1,1,1.0,3
201300018087,0013-05-16 13:45:00,13,5,16,13,45,390,390,,,,Plein jour,Hors agglomération,Hors intersection,Pluie légère,Autre collision,,,,,,,,,,,1,1,1,2.0,6
201300018088,0013-06-20 09:45:00,13,6,20,9,45,390,552,,,,Plein jour,Hors agglomération,Hors intersection,Normale,Deux véhicules - arrière,,,,,,,,,,,1,1,1,1.0,2
201300018089,0013-06-21 13:00:00,13,6,21,13,0,390,492,,,,Plein jour,Hors agglomération,Hors intersection,Normale,Trois véhicules et plus - collisions multiples,,,,,,,,,,,1,1,1,1.0,5
201300018090,0013-10-09 13:45:00,13,10,9,13,45,390,552,,,,Plein jour,Hors agglomération,Hors intersection,Normale,Autre collision,,,,,,,,,,,1,1,1,1.0,6
201300018091,0013-05-17 08:15:00,13,5,17,8,15,390,397,,,,Plein jour,Hors agglomération,Hors intersection,Pluie légère,Deux véhicules - frontale,,,,,,,,,,,1,1,1,2.0,1
201300018092,0013-07-27 18:15:00,13,7,27,18,15,390,317,RUE DU 19 MARS 1962,,,Plein jour,En agglomération,Hors intersection,Normale,Deux véhicules - côté,,,,,,,,,,,1,2,1,1.0,3
201300018093,0013-12-25 06:30:00,13,12,25,6,30,390,199,,,,Nuit sans éclairage public,Hors agglomération,Hors intersection,Temps couvert,Autre collision,,,,,,,,,,,3,1,1,8.0,6
201300018094,0013-01-09 07:15:00,13,1,9,7,15,390,197,,,,Nuit sans éclairage public,Hors agglomération,Hors intersection,Brouillard / fumée,Deux véhicules - arrière,,,,,,,,,,,3,1,1,5.0,2
201300018095,0013-09-09 07:15:00,13,9,9,7,15,390,295,,,,Plein jour,Hors agglomération,Hors intersection,Brouillard / fumée,Autre collision,,,,,,,,,,,1,1,1,5.0,6
201300018096,0013-02-08 11:00:00,13,2,8,11,0,390,500,rue gambetta,,,Plein jour,En agglomération,Hors intersection,Normale,Autre collision,,,,,,,,,,,1,2,1,1.0,6
201300018097,0013-03-23 13:30:00,13,3,23,13,30,390,267,,,,Plein jour,Hors agglomération,Hors intersection,Temps couvert,Deux véhicules - frontale,,,,,,,,,,,1,1,1,8.0,1
201300018098,0013-03-11 11:30:00,13,3,11,11,30,390,299,,46.981,5.361,Plein jour,Hors agglomération,Hors intersection,Normale,Deux véhicules - frontale,,,,,,,,,,,1,1,1,1.0,1
201300018099,0013-06-16 17:15:00,13,6,16,17,15,390,415,Rue bruleux,46.941,5.343,Plein jour,En agglomération,Hors intersection,Normale,Deux véhicules - frontale,,,,,,,,,,,1,2,1,1.0,1
201300018100,0013-06-28 09:30:00,13,6,28,9,30,390,387,,47.018,5.495,Plein jour,Hors agglomération,Hors intersection,Pluie légère,Autre collision,,,,,,,,,,,1,1,1,2.0,6
201300018101,0013-12-10 07:15:00,13,12,10,7,15,390,128,,,,Crépuscule ou aube,Hors agglomération,Hors intersection,Brouillard / fumée,Deux véhicules - frontale,,,,,,,,,,,2,1,1,5.0,1
201300018102,0013-01-30 12:45:00,13,1,30,12,45,390,283,,46.34,5.685,Plein jour,Hors agglomération,Hors intersection,Temps couvert,Trois véhicules et plus - collisions multiples,,,,,,,,,,,1,1,1,8.0,5
201300018103,0013-07-10 15:30:00,13,7,10,15,30,390,286,,,,Plein jour,Hors agglomération,Hors intersection,Temps couvert,Deux véhicules - frontale,,,,,,,,,,,1,1,1,8.0,1
201300018104,0013-01-09 07:15:00,13,1,9,7,15,220,65,LESPOUL,48.62103,-2.99965,Nuit sans éclairage public,Hors agglomération,Hors intersection,Pluie légère,Deux véhicules - frontale,,,,,,,,,,,3,1,1,2.0,1
201300018105,0013-01-24 17:45:00,13,1,24,17,45,220,375,le bourg,48.6163,-2.98416,Nuit avec éclairage non allumé,En agglomération,Intersection en Y,Temps couvert,Deux véhicules - côté,,,,,,,,,,,4,2,4,8.0,3
201300018106,0013-06-11 16:30:00,13,6,11,16,30,220,236,16 rue du languidou,48.66334,-2.98636,Plein jour,En agglomération,Hors intersection,Normale,Deux véhicules - côté,,,,,,,,,,,1,2,1,1.0,3
201300018107,0013-07-11 17:45:00,13,7,11,17,45,220,117,,48.59,-2.859,Plein jour,Hors agglomération,Hors intersection,Temps éblouissant,Deux véhicules - côté,,,,,,,,,,,1,1,1,7.0,3
201300018108,0013-09-24 08:45:00,13,9,24,8,45,220,7,av du G?n?ral De Gaulle,,,Plein jour,En agglomération,Hors intersection,Normale,Deux véhicules - côté,,,,,,,,,,,1,2,1,1.0,3
201300018109,0013-09-24 16:00:00,13,9,24,16,0,220,7,boulevard Cl?menceau,,,Plein jour,En agglomération,Hors intersection,Normale,Autre collision,,,,,,,,,,,1,2,1,1.0,6
201300018110,0013-12-20 19:00:00,13,12,20,19,0,220,117,,48.61923,-2.89622,Nuit sans éclairage public,Hors agglomération,Hors intersection,Pluie légère,Deux véhicules - côté,,,,,,,,,,,3,1,1,2.0,3
201300018111,0013-02-01 22:30:00,13,2,1,22,30,220,155,BEL AIR,48.22613,-2.75617,Nuit sans éclairage public,Hors agglomération,Hors intersection,Pluie forte,Deux véhicules - côté,,,,,,,,,,,3,1,1,3.0,3
201300018112,0013-07-01 14:45:00,13,7,1,14,45,220,147,,,,Plein jour,Hors agglomération,Intersection en T,Normale,Deux véhicules - côté,,,,,,,,,,,1,1,3,1.0,3
201300018113,0013-11-16 21:00:00,13,11,16,21,0,220,183,,48.17098,-2.58473,Nuit sans éclairage public,Hors agglomération,Hors intersection,Normale,Deux véhicules - frontale,,,,,,,,,,,3,1,1,1.0,1
201300018114,0013-04-06 18:45:00,13,4,6,18,45,220,182,,,,Plein jour,Hors agglomération,Hors intersection,Normale,Deux véhicules - côté,,,,,,,,,,,1,1,1,1.0,3
201300018115,0013-02-13 08:15:00,13,2,13,8,15,220,258,L'ESPERANCE,48.44819,-2.64369,Crépuscule ou aube,Hors agglomération,Intersection en X,Normale,Deux véhicules - côté,,,,,,,,,,,2,1,2,1.0,3
201300018116,0013-10-21 09:45:00,13,10,21,9,45,220,364,,48.427,-2.088,Plein jour,Hors agglomération,Hors intersection,Normale,Deux véhicules - frontale,,,,,,,,,,,1,1,1,1.0,1
201300018117,0013-02-07 12:15:00,13,2,7,12,15,220,77,,48.52837,-2.42248,Plein jour,Hors agglomération,Intersection en X,Pluie légère,Deux véhicules - côté,,,,,,,,,,,1,1,2,2.0,3
201300018118,0013-02-18 07:30:00,13,2,18,7,30,220,4,hent ty glas,48.62328,-3.31212,Crépuscule ou aube,En agglomération,Hors intersection,Autre,Deux véhicules - frontale,,,,,,,,,,,2,2,1,9.0,1
201300018119,0013-07-12 15:15:00,13,7,12,15,15,220,338,,48.64218,-3.17925,Plein jour,Hors agglomération,Hors intersection,Normale,Deux véhicules - frontale,,,,,,,,,,,1,1,1,1.0,1
201300018120,0013-11-03 04:00:00,13,11,3,4,0,220,298,,48.20039,-2.89061,Nuit sans éclairage public,Hors agglomération,Giratoire,Pluie forte,Autre collision,,,,,,,,,,,3,1,6,3.0,6
201300018121,0013-07-18 17:45:00,13,7,18,17,45,220,257,11 RUE DE KERBRIDO,48.72368,-3.32426,Plein jour,Hors agglomération,Intersection en T,Normale,Deux véhicules - côté,,,,,,,,,,,1,1,3,1.0,3
201300018122,0013-11-01 05:45:00,13,11,1,5,45,220,347,,48.799,-3.202,Nuit sans éclairage public,Hors agglomération,Hors intersection,Pluie légère,Autre collision,,,,,,,,,,,3,1,1,2.0,6
201300018123,0013-11-12 18:45:00,13,11,12,18,45,220,362,Boulevard Jean Guehenno,48.77887,-3.23339,Nuit avec éclairage allumé,En agglomération,Giratoire,Normale,Autre collision,,,,,,,,,,,5,2,6,1.0,6
201300018124,0013-09-10 09:00:00,13,9,10,9,0,680,138,41 RUE GENERAL DE GAULLE,,,Plein jour,En agglomération,Hors intersection,Pluie forte,Autre collision,,,,,,,,,,,1,2,1,3.0,6
201300018125,0013-03-03 20:30:00,13,3,3,20,30,680,68,rue de Delle,47.62811,7.11683,Nuit avec éclairage allumé,En agglomération,Hors intersection,Normale,Deux véhicules - côté,,,,,,,,,,,5,2,1,1.0,3
201300018126,0013-08-22 20:30:00,13,8,22,20,30,680,267,,47.775,7.235,Nuit sans éclairage public,Hors agglomération,Hors intersection,Normale,Autre collision,,,,,,,,,,,3,1,1,1.0,6
201300018127,0013-02-06 11:00:00,13,2,6,11,0,680,349,RUE DU GENERAL DE GAULE,47.60693,7.57451,Plein jour,En agglomération,Autre intersection,Normale,Autre collision,,,,,,,,,,,1,2,9,1.0,6
201300018128,0013-05-18 11:45:00,13,5,18,11,45,680,232,,47.52483,7.50787,Plein jour,Hors agglomération,Hors intersection,Normale,Deux véhicules - frontale,,,,,,,,,,,1,1,1,1.0,1
201300018129,0013-06-29 15:30:00,13,6,29,15,30,680,297,,47.5446,7.50485,Plein jour,Hors agglomération,Hors intersection,Normale,Sans collision,,,,,,,,,,,1,1,1,1.0,7
201300018130,0013-08-02 20:00:00,13,8,2,20,0,680,135,,47.58227,7.5141,Plein jour,Hors agglomération,Hors intersection,Normale,Deux véhicules - côté,,,,,,,,,,,1,1,1,1.0,3
201300018131,0013-08-13 17:30:00,13,8,13,17,30,680,364,,47.954,7.247,Plein jour,Hors agglomération,Hors intersection,Normale,Sans collision,,,,,,,,,,,1,1,1,1.0,7
201300018132,0013-07-04 09:30:00,13,7,4,9,30,680,307,,,,Plein jour,Hors agglomération,Hors intersection,Normale,Sans collision,,,,,,,,,,,1,1,1,1.0,7
201300018133,0013-12-06 23:00:00,13,12,6,23,0,680,60,,,,Nuit sans éclairage public,Hors agglomération,Hors intersection,Normale,Autre collision,,,,,,,,,,,3,1,1,1.0,6
201300018134,0013-11-02 13:00:00,13,11,2,13,0,340,38,,,,Plein jour,Hors agglomération,Hors intersection,Normale,Deux véhicules - frontale,,,,,,,,,,,1,1,1,1.0,1
201300018135,0013-01-11 09:00:00,13,1,11,9,0,340,310,,43.41222,3.13139,Crépuscule ou aube,Hors agglomération,Hors intersection,Normale,Deux véhicules - frontale,,,,,,,,,,,2,1,1,1.0,1
201300018136,0013-04-24 19:30:00,13,4,24,19,30,340,201,,43.42104,2.96973,Plein jour,Hors agglomération,Hors intersection,Normale,Sans collision,,,,,,,,,,,1,1,1,1.0,7
201300018137,0013-07-31 18:30:00,13,7,31,18,30,340,74,Avenue de la Garenne,43.467,3.034,Plein jour,En agglomération,Hors intersection,Normale,Deux véhicules - côté,,,,,,,,,,,1,2,1,1.0,3
201300018138,0013-03-16 16:00:00,13,3,16,16,0,340,139,,43.42325,3.24437,Plein jour,Hors agglomération,Hors intersection,Normale,Autre collision,,,,,,,,,,,1,1,1,1.0,6
201300018139,0013-03-20 18:30:00,13,3,20,18,30,340,25,,43.40153,3.25759,Plein jour,Hors agglomération,Hors intersection,Normale,Deux véhicules - frontale,,,,,,,,,,,1,1,1,1.0,1
201300018140,0013-05-26 04:30:00,13,5,26,4,30,340,237,,43.51557,3.31758,Nuit sans éclairage public,Hors agglomération,Hors intersection,Normale,Autre collision,,,,,,,,,,,3,1,1,1.0,6
201300018141,0013-02-23 23:30:00,13,2,23,23,30,340,293,,43.59718,2.72037,Nuit sans éclairage public,Hors agglomération,Hors intersection,Neige / grêle,Autre collision,,,,,,,,,,,3,1,1,4.0,6
201300018142,0013-03-14 20:00:00,13,3,14,20,0,340,284,"RD 612,avenue de la gare",43.4874,2.76869,Nuit avec éclairage allumé,En agglomération,Hors intersection,Normale,Sans collision,,,,,,,,,,,5,2,1,1.0,7
201300018143,0013-08-04 10:45:00,13,8,4,10,45,340,107,,43.605,2.802,Plein jour,Hors agglomération,Hors intersection,Normale,Sans collision,,,,,,,,,,,1,1,1,1.0,7
201300018144,0013-08-18 08:45:00,13,8,18,8,45,340,160,,43.565,2.978,Plein jour,Hors agglomération,Hors intersection,Normale,Sans collision,,,,,,,,,,,1,1,1,1.0,7
201300018145,0013-05-02 21:10:00,13,5,2,21,10,340,209,Route  de Cruzy,43.30586,3.32793,Nuit avec éclairage allumé,En agglomération,Hors intersection,Normale,Autre collision,,,,,,,,,,,5,2,1,1.0,6
201300018146,0013-05-21 11:45:00,13,5,21,11,45,340,299,RD 64,,,Plein jour,En agglomération,Hors intersection,Normale,Deux véhicules - côté,,,,,,,,,,,1,2,1,1.0,3
201300018147,0013-07-26 09:00:00,13,7,26,9,0,340,299,,43.28934,3.29012,Plein jour,Hors agglomération,Hors intersection,Normale,Deux véhicules - frontale,,,,,,,,,,,1,1,1,1.0,1
201300018148,0013-09-03 15:45:00,13,9,3,15,45,340,36,Hameau Cartels du Bosc,43.688,3.359,Plein jour,En agglomération,Giratoire,Normale,Deux véhicules - côté,,,,,,,,,,,1,2,6,1.0,3
201300018149,0013-01-07 10:15:00,13,1,7,10,15,340,197,,43.56926,3.41252,Plein jour,Hors agglomération,Hors intersection,Normale,Deux véhicules - arrière,,,,,,,,,,,1,1,1,1.0,2
201300018150,0013-02-10 02:45:00,13,2,10,2,45,340,41,,43.62734,3.46069,Nuit sans éclairage public,Hors agglomération,Hors intersection,Normale,Autre collision,,,,,,,,,,,3,1,1,1.0,6
201300018151,0013-02-20 18:40:00,13,2,20,18,40,340,180,,43.59326,3.44978,Nuit sans éclairage public,Hors agglomération,Hors intersection,Normale,Deux véhicules - arrière,,,,,,,,,,,3,1,1,1.0,2
201300018152,0013-05-14 17:30:00,13,5,14,17,30,340,175,,43.60677,3.37254,Plein jour,Hors agglomération,Hors intersection,Normale,Autre collision,,,,,,,,,,,1,1,1,1.0,6
201300018153,0013-08-10 06:00:00,13,8,10,6,0,340,281,,43.52515,3.48492,Crépuscule ou aube,Hors agglomération,Hors intersection,Normale,Autre collision,,,,,,,,,,,2,1,1,1.0,6
201300018154,0013-09-09 06:30:00,13,9,9,6,30,340,79,,43.612,3.448,Crépuscule ou aube,Hors agglomération,Hors intersection,Normale,Sans collision,,,,,,,,,,,2,1,1,1.0,7
201300018155,0013-09-22 17:45:00,13,9,22,17,45,340,175,,43.613,3.386,Plein jour,Hors agglomération,Hors intersection,Normale,Autre collision,,,,,,,,,,,1,1,1,1.0,6
201300018156,0013-09-27 14:45:00,13,9,27,14,45,340,175,,,,Plein jour,Hors agglomération,Hors intersection,Pluie légère,Deux véhicules - côté,,,,,,,,,,,1,1,1,2.0,3
201300018157,0013-10-05 16:15:00,13,10,5,16,15,340,79,bd du president wilson,43.633,3.435,Plein jour,En agglomération,Hors intersection,Normale,Autre collision,,,,,,,,,,,1,2,1,1.0,6
201300018158,0013-11-11 08:30:00,13,11,11,8,30,340,76,route de clermont,43.64446,3.45613,Plein jour,En agglomération,Hors intersection,Normale,Autre collision,,,,,,,,,,,1,2,1,1.0,6
201300018159,0013-12-28 15:45:00,13,12,28,15,45,340,292,,,,Plein jour,Hors agglomération,Hors intersection,Pluie légère,Autre collision,,,,,,,,,,,1,1,1,2.0,6
201300018160,0013-02-26 18:15:00,13,2,26,18,15,340,239,Rue de BAGES,43.64104,3.50183,Crépuscule ou aube,En agglomération,Intersection en X,Normale,Deux véhicules - côté,,,,,,,,,,,2,2,2,1.0,3
201300018161,0013-01-17 15:20:00,13,1,17,15,20,150,14,"48, CARMES (RUE DES)",,,Plein jour,En agglomération,Hors intersection,Temps éblouissant,Autre collision,,,,,,,,,,,1,2,1,7.0,6
201300018162,0013-02-08 13:55:00,13,2,8,13,55,150,14,"1, MONTHYON (COURS)",,,Plein jour,En agglomération,Hors intersection,Normale,Autre collision,,,,,,,,,,,1,2,1,1.0,6
201300018163,0013-02-18 09:15:00,13,2,18,9,15,150,14,LESCUDILLIERS (BOULEVARD,,,Plein jour,En agglomération,Giratoire,Temps éblouissant,Autre collision,,,,,,,,,,,1,2,6,7.0,6
201300018164,0013-04-30 10:35:00,13,4,30,10,35,150,14,DOUMER (AVENUE PAUL),,,Plein jour,En agglomération,Giratoire,Pluie légère,Autre collision,,,,,,,,,,,1,2,6,2.0,6
201300018165,0013-05-11 20:25:00,13,5,11,20,25,150,14,SEMARD (PLACE PIERRE),,,Plein jour,En agglomération,Hors intersection,Pluie légère,Deux véhicules - côté,,,,,,,,,,,1,2,1,2.0,3
201300018166,0013-05-13 14:44:00,13,5,13,14,44,150,14,"32, PRADES (AVENUE DES)",,,Plein jour,En agglomération,Hors intersection,Normale,Autre collision,,,,,,,,,,,1,2,1,1.0,6
201300018167,0013-06-30 16:20:00,13,6,30,16,20,150,12,RD 920,,,Plein jour,Hors agglomération,Hors intersection,Normale,Sans collision,,,,,,,,,,,1,1,1,1.0,7
201300018168,0013-08-09 21:10:00,13,8,9,21,10,150,14,"37, BLUM (RUE LEON)",,,Crépuscule ou aube,En agglomération,Hors intersection,Normale,Autre collision,,,,,,,,,,,2,2,1,1.0,6
201300018169,0013-09-10 11:34:00,13,9,10,11,34,150,14,"195, LECLERC (AVENUE DU",,,Plein jour,En agglomération,Hors intersection,Normale,Deux véhicules - côté,,,,,,,,,,,1,2,1,1.0,3
201300018170,0013-09-24 07:30:00,13,9,24,7,30,150,14,"120, LECLERC (AVENUE DU",,,Crépuscule ou aube,En agglomération,Intersection en X,Normale,Deux véhicules - côté,,,,,,,,,,,2,2,2,1.0,3
201300018171,0013-10-24 08:50:00,13,10,24,8,50,150,14,"13, PRADES (AVENUE DES)",,,Plein jour,En agglomération,Intersection en T,Normale,Deux véhicules - côté,,,,,,,,,,,1,2,3,1.0,3
201300018172,0013-12-06 20:50:00,13,12,6,20,50,150,12,"5, RAMOND (RUE DU DOCTEU",,,Nuit avec éclairage allumé,En agglomération,Hors intersection,Autre,Deux véhicules - frontale,,,,,,,,,,,5,2,1,9.0,1
201300018173,0013-01-18 14:45:00,13,1,18,14,45,340,207,,43.38025,3.49884,Plein jour,Hors agglomération,Hors intersection,Normale,Autre collision,,,,,,,,,,,1,1,1,1.0,6
201300018174,0013-03-22 00:30:00,13,3,22,0,30,340,31,,43.35623,3.44413,Nuit sans éclairage public,Hors agglomération,Hors intersection,Normale,Autre collision,,,,,,,,,,,3,1,1,1.0,6
201300018175,0013-04-19 20:15:00,13,4,19,20,15,340,207,,43.39204,3.51291,Crépuscule ou aube,Hors agglomération,Hors intersection,Normale,Deux véhicules - frontale,,,,,,,,,,,2,1,1,1.0,1
201300018176,0013-07-12 13:00:00,13,7,12,13,0,340,332,51 avenue d' AGDE,,,Plein jour,En agglomération,Hors intersection,Normale,Sans collision,,,,,,,,,,,1,2,1,1.0,7