accident_id,datetime,annee,mois,jour,heure,minute,departement,commune_insee,adresse,latitude,longitude,luminosite,agglomeration,intersection,meteo,collision,nb_vehicules,nb_usagers,nb_indemnes,nb_tues,nb_blesses_hosp,nb_blesses_legers,age_cond_1,age_cond_2,veh_type_cond_1,veh_type_cond_2,lum_code,agg_code,int_code,atm_code,col_code
201300018310,0013-06-30 16:30:00,13,6,30,16,30,420,23,rue de la R?publique,45.29672,4.55915,Plein jour,En agglomération,Hors intersection,Normale,Deux véhicules - côté,,,,,,,,,,,1,2,1,1.0,3
201300018311,0013-10-25 18:00:00,13,10,25,18,0,420,97,3 All?e des Florianes,45.5021,4.32117,Plein jour,En agglomération,Hors intersection,Normale,Deux véhicules - frontale,,,,,,,,,,,1,2,1,1.0,1
201300018312,0013-11-13 16:00:00,13,11,13,16,0,420,30,,45.81059,4.03943,Plein jour,Hors agglomération,Hors intersection,Normale,Deux véhicules - frontale,,,,,,,,,,,1,1,1,1.0,1
201300018313,0013-04-24 13:30:00,13,4,24,13,30,420,266,CD 109,45.41635,4.0688,Plein jour,En agglomération,Hors intersection,Normale,Autre collision,,,,,,,,,,,1,2,1,1.0,6
201300018314,0013-05-03 20:15:00,13,5,3,20,15,420,262,,45.40003,4.16661,Crépuscule ou aube,Hors agglomération,Hors intersection,Normale,Deux véhicules - côté,,,,,,,,,,,2,1,1,1.0,3
201300018315,0013-03-31 05:45:00,13,3,31,5,45,420,38,,45.64541,4.20088,Nuit sans éclairage public,Hors agglomération,Hors intersection,Pluie légère,Autre collision,,,,,,,,,,,3,1,1,2.0,6
201300018316,0013-07-16 14:15:00,13,7,16,14,15,420,13,Route de bellegarde,45.64627,4.2898,Plein jour,En agglomération,Autre intersection,Normale,Deux véhicules - côté,,,,,,,,,,,1,2,9,1.0,3
201300018317,0013-09-04 14:45:00,13,9,4,14,45,420,10,,45.56572,4.37269,Plein jour,Hors agglomération,Hors intersection,Normale,Sans collision,,,,,,,,,,,1,1,1,1.0,7
201300018318,0013-10-04 17:00:00,13,10,4,17,0,420,59,,45.6285,4.38316,Plein jour,Hors agglomération,Hors intersection,Pluie forte,Deux véhicules - frontale,,,,,,,,,,,1,1,1,3.0,1
201300018319,0013-05-30 16:15:00,13,5,30,16,15,420,334,,45.85397,4.35951,Plein jour,Hors agglomération,Hors intersection,Pluie légère,Deux véhicules - frontale,,,,,,,,,,,1,1,1,2.0,1
201300018320,0013-07-07 19:45:00,13,7,7,19,45,420,334,RUE JACQUES VERGNIER,45.85139,4.35709,Plein jour,En agglomération,Hors intersection,Normale,Deux véhicules - côté,,,,,,,,,,,1,2,1,1.0,3
201300018321,0013-09-21 10:45:00,13,9,21,10,45,420,334,,45.84967,4.30372,Plein jour,Hors agglomération,Hors intersection,Temps éblouissant,Deux véhicules - côté,,,,,,,,,,,1,1,1,7.0,3
201300018322,0013-06-24 15:45:00,13,6,24,15,45,420,230,,45.82309,4.03258,Plein jour,Hors agglomération,Hors intersection,Normale,Autre collision,,,,,,,,,,,1,1,1,1.0,6
201300018323,0013-01-08 07:15:00,13,1,8,7,15,120,68,,,,Nuit sans éclairage public,Hors agglomération,Hors intersection,Brouillard / fumée,Deux véhicules - frontale,,,,,,,,,,,3,1,1,5.0,1
201300018324,0013-01-10 02:00:00,13,1,10,2,0,120,188,,44.28,2.761,Nuit sans éclairage public,Hors agglomération,Hors intersection,Pluie légère,Autre collision,,,,,,,,,,,3,1,1,2.0,6
201300018325,0013-02-16 09:30:00,13,2,16,9,30,120,56,,44.294,2.436,Plein jour,Hors agglomération,Intersection en T,Normale,Deux véhicules - côté,,,,,,,,,,,1,1,3,1.0,3
201300018326,0013-03-16 15:15:00,13,3,16,15,15,120,188,,44.281,2.771,Plein jour,Hors agglomération,Intersection en X,Normale,Deux véhicules - côté,,,,,,,,,,,1,1,2,1.0,3
201300018327,0013-06-30 19:00:00,13,6,30,19,0,120,90,,44.372,2.532,Plein jour,Hors agglomération,Hors intersection,Normale,Deux véhicules - frontale,,,,,,,,,,,1,1,1,1.0,1
201300018328,0013-07-07 02:45:00,13,7,7,2,45,120,133,,,,Nuit sans éclairage public,Hors agglomération,Hors intersection,Normale,Autre collision,,,,,,,,,,,3,1,1,1.0,6
201300018329,0013-07-14 14:00:00,13,7,14,14,0,120,50,,44.232,2.776,Plein jour,Hors agglomération,Intersection en Y,Normale,Trois véhicules et plus - collisions multiples,,,,,,,,,,,1,1,4,1.0,5
201300018330,0013-07-26 07:45:00,13,7,26,7,45,120,90,,44.374,2.484,Plein jour,Hors agglomération,Hors intersection,Normale,Deux véhicules - frontale,,,,,,,,,,,1,1,1,1.0,1
201300018331,0013-08-08 15:30:00,13,8,8,15,30,120,50,,,,Plein jour,Hors agglomération,Hors intersection,Temps couvert,Trois véhicules et plus - en chaîne,,,,,,,,,,,1,1,1,8.0,4
201300018332,0013-09-12 18:30:00,13,9,12,18,30,120,32,,44.309,2.38,Crépuscule ou aube,Hors agglomération,Hors intersection,Pluie légère,Deux véhicules - arrière,,,,,,,,,,,2,1,1,2.0,2
201300018333,0013-10-12 20:30:00,13,10,12,20,30,120,32,,44.308,2.389,Nuit sans éclairage public,Hors agglomération,Hors intersection,Pluie légère,Deux véhicules - frontale,,,,,,,,,,,3,1,1,2.0,1
201300018334,0013-11-15 16:45:00,13,11,15,16,45,120,90,,,,Plein jour,Hors agglomération,Hors intersection,Temps couvert,Deux véhicules - frontale,,,,,,,,,,,1,1,1,8.0,1
201300018335,0013-12-31 16:30:00,13,12,31,16,30,120,277,,,,Plein jour,Hors agglomération,Hors intersection,Normale,Sans collision,,,,,,,,,,,1,1,1,1.0,7
201300018336,0013-05-18 20:30:00,13,5,18,20,30,120,61,,,,Crépuscule ou aube,Hors agglomération,Hors intersection,Pluie forte,Autre collision,,,,,,,,,,,2,1,1,3.0,6
201300018337,0013-03-24 04:30:00,13,3,24,4,30,120,203,CD 999  LAURAS,,,Nuit sans éclairage public,En agglomération,Hors intersection,Pluie légère,Autre collision,,,,,,,,,,,3,2,1,2.0,6
201300018338,0013-07-21 15:15:00,13,7,21,15,15,120,203,,43.982,3.006,Plein jour,Hors agglomération,Hors intersection,Normale,Sans collision,,,,,,,,,,,1,1,1,1.0,7
201300018339,0013-11-06 08:30:00,13,11,6,8,30,120,243,,44.017,2.954,Plein jour,Hors agglomération,Hors intersection,Pluie légère,Sans collision,,,,,,,,,,,1,1,1,2.0,7
201300018340,0013-07-13 07:30:00,13,7,13,7,30,120,183,,43.957,2.556,Plein jour,Hors agglomération,Hors intersection,Normale,Deux véhicules - frontale,,,,,,,,,,,1,1,1,1.0,1
201300018341,0013-08-12 12:15:00,13,8,12,12,15,120,248,,43.878,2.619,Plein jour,Hors agglomération,Hors intersection,Normale,Deux véhicules - frontale,,,,,,,,,,,1,1,1,1.0,1
201300018342,0013-09-18 16:00:00,13,9,18,16,0,120,248,,43.886,2.614,Plein jour,En agglomération,Hors intersection,Normale,Trois véhicules et plus - collisions multiples,,,,,,,,,,,1,2,1,1.0,5
201300018343,0013-06-14 15:00:00,13,6,14,15,0,120,242,,,,Plein jour,Hors agglomération,Hors intersection,Temps éblouissant,Deux véhicules - frontale,,,,,,,,,,,1,1,1,7.0,1
201300018344,0013-09-02 16:15:00,13,9,2,16,15,490,35,,47.40257,-0.63195,Plein jour,Hors agglomération,Hors intersection,Normale,Deux véhicules - côté,,,,,,,,,,,1,1,1,1.0,3
201300018345,0013-02-07 11:15:00,13,2,7,11,15,490,377,Pont Reugnier,47.5439,-0.43444,Plein jour,Hors agglomération,Hors intersection,Normale,Deux véhicules - côté,,,,,,,,,,,1,1,1,1.0,3
201300018346,0013-02-12 06:45:00,13,2,12,6,45,490,307,Les Boires,47.40869,-0.29743,Nuit sans éclairage public,Hors agglomération,Hors intersection,Normale,Deux véhicules - côté,,,,,,,,,,,3,1,1,1.0,3
201300018347,0013-02-14 11:45:00,13,2,14,11,45,490,323,,47.52246,-0.49722,Plein jour,Hors agglomération,Hors intersection,Temps couvert,Autre collision,,,,,,,,,,,1,1,1,8.0,6
201300018348,0013-03-23 16:30:00,13,3,23,16,30,490,377,,47.55229,-0.49388,Plein jour,Hors agglomération,Hors intersection,Normale,Trois véhicules et plus - collisions multiples,,,,,,,,,,,1,1,1,1.0,5
201300018349,0013-04-06 18:15:00,13,4,6,18,15,490,307,,47.41441,-0.3116,Plein jour,Hors agglomération,Intersection en X,Normale,Deux véhicules - côté,,,,,,,,,,,1,1,2,1.0,3
201300018350,0013-04-27 08:30:00,13,4,27,8,30,490,238,Rue Nationale,47.52177,-0.43725,Plein jour,Hors agglomération,Hors intersection,Normale,Autre collision,,,,,,,,,,,1,1,1,1.0,6
201300018351,0013-05-22 15:15:00,13,5,22,15,15,490,241,,47.48227,-0.41515,Plein jour,Hors agglomération,Hors intersection,Pluie légère,Autre collision,,,,,,,,,,,1,1,1,2.0,6
201300018352,0013-06-02 15:45:00,13,6,2,15,45,490,377,,47.54295,-0.48584,Plein jour,Hors agglomération,Hors intersection,Normale,Sans collision,,,,,,,,,,,1,1,1,1.0,7
201300018353,0013-06-02 16:30:00,13,6,2,16,30,490,117,GERBEAU,47.43176,-0.43084,Plein jour,Hors agglomération,Hors intersection,Normale,Autre collision,,,,,,,,,,,1,1,1,1.0,6
201300018354,0013-06-28 20:15:00,13,6,28,20,15,490,307,82 bis levee du roi Rene,47.41062,-0.33151,Plein jour,En agglomération,Hors intersection,Normale,Sans collision,,,,,,,,,,,1,2,1,1.0,7
201300018355,0013-07-07 17:15:00,13,7,7,17,15,490,241,La Perdrière,47.49328,-0.45645,Plein jour,Hors agglomération,Hors intersection,Normale,Deux véhicules - frontale,,,,,,,,,,,1,1,1,1.0,1
201300018356,0013-09-22 11:45:00,13,9,22,11,45,490,42,,,,Plein jour,Hors agglomération,Hors intersection,Normale,Deux véhicules - arrière,,,,,,,,,,,1,1,1,1.0,2
201300018357,0013-09-28 09:00:00,13,9,28,9,0,490,377,La Dionnière,47.54202,-0.48647,Plein jour,Hors agglomération,Hors intersection,Temps couvert,Deux véhicules - frontale,,,,,,,,,,,1,1,1,8.0,1
201300018358,0013-10-05 20:30:00,13,10,5,20,30,490,42,,,,Nuit avec éclairage non allumé,Hors agglomération,Hors intersection,Normale,Autre collision,,,,,,,,,,,4,1,1,1.0,6
201300018359,0013-10-06 02:15:00,13,10,6,2,15,490,307,Levé du roi rené,47.4112,-0.33408,Nuit sans éclairage public,Hors agglomération,Hors intersection,Normale,Sans collision,,,,,,,,,,,3,1,1,1.0,7
201300018360,0013-10-26 12:15:00,13,10,26,12,15,490,323,,,,Plein jour,Hors agglomération,Intersection en X,Normale,Deux véhicules - côté,,,,,,,,,,,1,1,2,1.0,3
201300018361,0013-11-09 13:15:00,13,11,9,13,15,490,323,,47.513,-0.471,Plein jour,Hors agglomération,Hors intersection,Pluie légère,Deux véhicules - côté,,,,,,,,,,,1,1,1,2.0,3
201300018362,0013-11-15 10:30:00,13,11,15,10,30,490,4,,,,Plein jour,Hors agglomération,Hors intersection,Normale,Deux véhicules - frontale,,,,,,,,,,,1,1,1,1.0,1
201300018363,0013-03-03 14:15:00,13,3,3,14,15,490,82,La chapelle des mines,47.3433,-0.71027,Plein jour,Hors agglomération,Hors intersection,Normale,Sans collision,,,,,,,,,,,1,1,1,1.0,7
201300018364,0013-12-15 11:45:00,13,12,15,11,45,490,297,L'ile Bigeard,47.37153,-0.96955,Plein jour,Hors agglomération,Hors intersection,Temps couvert,Deux véhicules - arrière,,,,,,,,,,,1,1,1,8.0,2
201300018365,0013-02-05 10:15:00,13,2,5,10,15,490,380,,47.57981,-0.01967,Plein jour,Hors agglomération,Intersection en X,Pluie légère,Deux véhicules - côté,,,,,,,,,,,1,1,2,2.0,3
201300018366,0013-03-17 11:15:00,13,3,17,11,15,490,101,La Bertraie,47.65078,-0.07261,Plein jour,Hors agglomération,Hors intersection,Normale,Deux véhicules - arrière,,,,,,,,,,,1,1,1,1.0,2
201300018367,0013-12-04 11:30:00,13,12,4,11,30,490,356,,47.15652,-0.4204,Plein jour,Hors agglomération,Hors intersection,Brouillard / fumée,Deux véhicules - arrière,,,,,,,,,,,1,1,1,5.0,2
201300018368,0013-04-26 04:00:00,13,4,26,4,0,490,219,,47.2226,0.04694,Nuit sans éclairage public,Hors agglomération,Hors intersection,Normale,Autre collision,,,,,,,,,,,3,1,1,1.0,6
201300018369,0013-05-03 17:00:00,13,5,3,17,0,490,112,,47.17363,-0.13711,Plein jour,Hors agglomération,Hors intersection,Normale,Autre collision,,,,,,,,,,,1,1,1,1.0,6
201300018370,0013-10-05 16:30:00,13,10,5,16,30,490,215,290 avenue Paul PAINLEVE,,,Plein jour,En agglomération,Hors intersection,Normale,Deux véhicules - arrière,,,,,,,,,,,1,2,1,1.0,2
201300018371,0013-08-18 17:00:00,13,8,18,17,0,490,136,,,,Plein jour,Hors agglomération,Hors intersection,Normale,Deux véhicules - frontale,,,,,,,,,,,1,1,1,1.0,1
201300018372,0013-02-01 11:15:00,13,2,1,11,15,490,43,,47.58371,-0.76913,Plein jour,Hors agglomération,Hors intersection,Pluie légère,Sans collision,,,,,,,,,,,1,1,1,2.0,7
201300018373,0013-03-08 19:15:00,13,3,8,19,15,490,200,,47.55709,-0.66639,Nuit sans éclairage public,Hors agglomération,Giratoire,Normale,Deux véhicules - frontale,,,,,,,,,,,3,1,6,1.0,1
201300018374,0013-05-18 05:30:00,13,5,18,5,30,490,251,,47.56719,-0.67762,Crépuscule ou aube,Hors agglomération,Giratoire,Normale,Sans collision,,,,,,,,,,,2,1,6,1.0,7
201300018375,0013-12-05 17:15:00,13,12,5,17,15,490,155,,,,Nuit sans éclairage public,Hors agglomération,Hors intersection,Normale,Trois véhicules et plus - en chaîne,,,,,,,,,,,3,1,1,1.0,4
201300018376,0013-06-08 05:45:00,13,6,8,5,45,490,132,l'etang,47.66749,-0.42979,Crépuscule ou aube,Hors agglomération,Hors intersection,Normale,Sans collision,,,,,,,,,,,2,1,1,1.0,7
201300018377,0013-11-22 08:00:00,13,11,22,8,0,490,216,,,,Plein jour,Hors agglomération,Hors intersection,Normale,Autre collision,,,,,,,,,,,1,1,1,1.0,6
201300018378,0013-03-15 16:30:00,13,3,15,16,30,550,504,,48.729,5.252,Plein jour,Hors agglomération,Hors intersection,Normale,Deux véhicules - côté,,,,,,,,,,,1,1,1,1.0,3
201300018379,0013-01-18 16:00:00,13,1,18,16,0,550,282,,48.819,5.321,Plein jour,Hors agglomération,Hors intersection,Normale,Sans collision,,,,,,,,,,,1,1,1,1.0,7
201300018380,0013-07-21 18:45:00,13,7,21,18,45,550,463,avenue de la lib?ration,48.899,5.537,Plein jour,En agglomération,Giratoire,Normale,Deux véhicules - frontale,,,,,,,,,,,1,2,6,1.0,1
201300018381,0013-03-05 18:50:00,13,3,5,18,50,550,573,,48.68434,5.62123,Nuit sans éclairage public,Hors agglomération,Intersection en T,Normale,Deux véhicules - côté,,,,,,,,,,,3,1,3,1.0,3
201300018382,0013-02-04 13:00:00,13,2,4,13,0,550,119,Lotissement le Rougis,49.36835,5.17615,Plein jour,En agglomération,Hors intersection,Pluie légère,Deux véhicules - frontale,,,,,,,,,,,1,2,1,2.0,1
201300018383,0013-07-07 03:00:00,13,7,7,3,0,550,63,,49.305,5.747,Nuit sans éclairage public,Hors agglomération,Hors intersection,Normale,Autre collision,,,,,,,,,,,3,1,1,1.0,6
201300018384,0013-07-25 15:15:00,13,7,25,15,15,550,158,Rue de VERDUN,,,Plein jour,En agglomération,Hors intersection,Temps éblouissant,Deux véhicules - côté,,,,,,,,,,,1,2,1,7.0,3
201300018385,0013-08-14 15:00:00,13,8,14,15,0,550,2,,49.205,5.557,Plein jour,Hors agglomération,Hors intersection,Normale,Deux véhicules - côté,,,,,,,,,,,1,1,1,1.0,3
201300018386,0013-08-04 00:15:00,13,8,4,0,15,550,110,2 rue de l'?glise,49.536,5.297,Nuit avec éclairage allumé,En agglomération,Hors intersection,Normale,Sans collision,,,,,,,,,,,5,2,1,1.0,7
201300018387,0013-11-07 19:30:00,13,11,7,19,30,550,252,,49.4647,5.40831,Nuit sans éclairage public,Hors agglomération,Hors intersection,Pluie légère,Deux véhicules - frontale,,,,,,,,,,,3,1,1,2.0,1
201300018388,0013-05-30 16:30:00,13,5,30,16,30,610,203,LA PIECE,48.39454,0.05727,Plein jour,Hors agglomération,Intersection en T,Pluie légère,Deux véhicules - côté,,,,,,,,,,,1,1,3,2.0,3
201300018389,0013-09-14 15:45:00,13,9,14,15,45,610,213,,48.47434,-0.11605,Plein jour,Hors agglomération,Hors intersection,Pluie légère,Deux véhicules - frontale,,,,,,,,,,,1,1,1,2.0,1
201300018390,0013-02-18 15:15:00,13,2,18,15,15,610,36,,48.63328,0.10398,Plein jour,Hors agglomération,Hors intersection,Normale,Deux véhicules - frontale,,,,,,,,,,,1,1,1,1.0,1
201300018391,0013-03-07 12:30:00,13,3,7,12,30,610,301,LES TROIS CORNES,48.55319,0.17215,Plein jour,Hors agglomération,Hors intersection,Temps couvert,Sans collision,,,,,,,,,,,1,1,1,8.0,7
201300018392,0013-11-09 22:30:00,13,11,9,22,30,610,133,,48.60666,0.34428,Nuit sans éclairage public,Hors agglomération,Hors intersection,Pluie forte,Sans collision,,,,,,,,,,,3,1,1,3.0,7
201300018393,0013-03-07 21:15:00,13,3,7,21,15,610,283,,48.80363,-0.09054,Nuit sans éclairage public,Hors agglomération,Hors intersection,Pluie légère,Autre collision,,,,,,,,,,,3,1,1,2.0,6
201300018394,0013-03-23 19:00:00,13,3,23,19,0,610,179,FROMENTEL,48.71869,-0.26904,Crépuscule ou aube,Hors agglomération,Hors intersection,Normale,Deux véhicules - côté,,,,,,,,,,,2,1,1,1.0,3
201300018395,0013-03-25 16:30:00,13,3,25,16,30,610,210,,48.67069,-0.15189,Plein jour,Hors agglomération,Hors intersection,Normale,Deux véhicules - frontale,,,,,,,,,,,1,1,1,1.0,1
201300018396,0013-04-28 07:00:00,13,4,28,7,0,610,298,,48.73924,-0.04812,Crépuscule ou aube,Hors agglomération,Hors intersection,Normale,Sans collision,,,,,,,,,,,2,1,1,1.0,7
201300018397,0013-10-09 14:30:00,13,10,9,14,30,610,194,Le bourg,48.7328,-0.09143,Plein jour,En agglomération,Hors intersection,Normale,Deux véhicules - frontale,,,,,,,,,,,1,2,1,1.0,1
201300018398,0013-11-10 04:30:00,13,11,10,4,30,610,346,L'HOTELLERIE FAROULT,48.89411,0.11008,Nuit sans éclairage public,Hors agglomération,Hors intersection,Normale,Autre collision,,,,,,,,,,,3,1,1,1.0,6
201300018399,0013-02-12 17:30:00,13,2,12,17,30,610,232,LES ISLES,48.63253,-0.69825,Plein jour,Hors agglomération,Hors intersection,Normale,Trois véhicules et plus - collisions multiples,,,,,,,,,,,1,1,1,1.0,5
201300018400,0013-07-31 15:00:00,13,7,31,15,0,610,145,LA CROIX DE LA LIEUE,48.83011,-0.58271,Plein jour,Hors agglomération,Hors intersection,Normale,Deux véhicules - côté,,,,,,,,,,,1,1,1,1.0,3
201300018401,0013-09-03 11:30:00,13,9,3,11,30,610,91,,48.58797,-0.50067,Plein jour,Hors agglomération,Hors intersection,Temps éblouissant,Deux véhicules - arrière,,,,,,,,,,,1,1,1,7.0,2
201300018402,0013-04-21 22:30:00,13,4,21,22,30,610,223,LA VIEILLE COUR,48.70159,-0.67325,Nuit sans éclairage public,Hors agglomération,Hors intersection,Normale,Autre collision,,,,,,,,,,,3,1,1,1.0,6
201300018403,0013-08-12 13:55:00,13,8,12,13,55,610,376,LE BOURG,48.68456,-0.62361,Plein jour,En agglomération,Hors intersection,Normale,Sans collision,,,,,,,,,,,1,2,1,1.0,7
201300018404,0013-06-04 17:45:00,13,6,4,17,45,610,168,RUE SOEUR MARIE BOITIER,48.59507,-0.35357,Plein jour,En agglomération,Hors intersection,Normale,Sans collision,,,,,,,,,,,1,2,1,1.0,7
201300018405,0013-12-19 18:00:00,13,12,19,18,0,610,168,CARREFOUR EPINETTE,48.56122,-0.39565,Nuit sans éclairage public,Hors agglomération,Intersection en X,Temps couvert,Deux véhicules - arrière,,,,,,,,,,,3,1,2,8.0,2
201300018406,0013-06-19 08:30:00,13,6,19,8,30,610,255,LES PIGEOLETS,48.45775,0.61715,Plein jour,Hors agglomération,Intersection en T,Normale,Deux véhicules - côté,,,,,,,,,,,1,1,3,1.0,3
201300018407,0013-09-12 17:45:00,13,9,12,17,45,610,476,L'OISELET,48.38553,0.41583,Plein jour,Hors agglomération,Hors intersection,Pluie légère,Sans collision,,,,,,,,,,,1,1,1,2.0,7
201300018408,0013-12-19 19:00:00,13,12,19,19,0,610,229,,48.51258,0.59719,Nuit sans éclairage public,Hors agglomération,Hors intersection,Autre,Sans collision,,,,,,,,,,,3,1,1,9.0,7
201300018409,0013-01-01 03:45:00,13,1,1,3,45,610,422,LE VIEUX CHATEAU,48.68714,0.5926,Nuit sans éclairage public,Hors agglomération,Hors intersection,Normale,Sans collision,,,,,,,,,,,3,1,1,1.0,7
201300018410,0013-02-13 17:15:00,13,2,13,17,15,610,140,,48.71099,0.66582,Plein jour,Hors agglomération,Intersection en T,Temps couvert,Trois véhicules et plus - collisions multiples,,,,,,,,,,,1,1,3,8.0,5
201300018411,0013-03-08 15:00:00,13,3,8,15,0,610,214,"1, rue Romain d'archy",48.76469,0.62832,Plein jour,En agglomération,Giratoire,Normale,Autre collision,,,,,,,,,,,1,2,6,1.0,6
201300018412,0013-07-04 08:15:00,13,7,4,8,15,610,193,LA HULLIERE,48.79451,0.50194,Plein jour,Hors agglomération,Hors intersection,Normale,Deux véhicules - frontale,,,,,,,,,,,1,1,1,1.0,1
201300018413,0013-08-31 00:45:00,13,8,31,0,45,610,193,LE BOCAGE,48.83633,0.47957,Nuit sans éclairage public,Hors agglomération,Hors intersection,Normale,Sans collision,,,,,,,,,,,3,1,1,1.0,7
201300018414,0013-11-17 20:45:00,13,11,17,20,45,610,297,,48.6439,0.45447,Nuit sans éclairage public,Hors agglomération,Hors intersection,Normale,Autre collision,,,,,,,,,,,3,1,1,1.0,6
201300018415,0013-08-26 05:30:00,13,8,26,5,30,610,356,L'AIGUILLON,48.70449,0.61578,Nuit avec éclairage non allumé,Hors agglomération,Autre intersection,Normale,Deux véhicules - frontale,,,,,,,,,,,4,1,9,1.0,1
201300018416,0013-10-07 23:00:00,13,10,7,23,0,610,79,GLAYE,48.20491,0.72387,Nuit sans éclairage public,Hors agglomération,Hors intersection,Normale,Autre collision,,,,,,,,,,,3,1,1,1.0,6
201300018417,0013-11-03 18:00:00,13,11,3,18,0,610,246,LE GIBET,48.2725,0.7726,Nuit sans éclairage public,Hors agglomération,Hors intersection,Pluie légère,Deux véhicules - frontale,,,,,,,,,,,3,1,1,2.0,1
201300018418,0013-05-24 17:45:00,13,5,24,17,45,610,429,GENTILLY,48.63234,0.73907,Plein jour,Hors agglomération,Hors intersection,Normale,Deux véhicules - frontale,,,,,,,,,,,1,1,1,1.0,1
201300018419,0013-06-16 18:15:00,13,6,16,18,15,610,125,BONCOUR,48.40327,0.92183,Plein jour,Hors agglomération,Hors intersection,Normale,Deux véhicules - frontale,,,,,,,,,,,1,1,1,1.0,1
201300018420,0013-07-22 18:30:00,13,7,22,18,30,610,230,LA BANDONNIERE,48.53956,0.7344,Plein jour,Hors agglomération,Hors intersection,Normale,Sans collision,,,,,,,,,,,1,1,1,1.0,7
201300018421,0013-10-29 11:15:00,13,10,29,11,15,610,345,,48.42973,0.75458,Plein jour,Hors agglomération,Hors intersection,Normale,Deux véhicules - arrière,,,,,,,,,,,1,1,1,1.0,2
201300018422,0013-01-28 17:45:00,13,1,28,17,45,760,98,CH DU CLOS SAVOYE,49.98232,1.25571,Plein jour,En agglomération,Intersection en X,Normale,Autre collision,,,,,,,,,,,1,2,2,1.0,6
201300018423,0013-03-18 16:45:00,13,3,18,16,45,760,255,"23, R JEAN DUHORNAY",50.04848,1.41599,Plein jour,En agglomération,Intersection en X,Pluie légère,Deux véhicules - côté,,,,,,,,,,,1,2,2,2.0,3
201300018424,0013-03-28 04:30:00,13,3,28,4,30,760,255,RTE DE SAINT PIERRE,50.0284,1.43433,Nuit sans éclairage public,Hors agglomération,Hors intersection,Normale,Deux véhicules - frontale,,,,,,,,,,,3,1,1,1.0,1
201300018425,0013-04-03 07:45:00,13,4,3,7,45,760,618,R DE LA MER,49.95703,1.22238,Plein jour,En agglomération,Intersection en T,Normale,Deux véhicules - côté,,,,,,,,,,,1,2,3,1.0,3
201300018426,0013-06-08 00:01:00,13,6,8,0,1,760,507,ROUTE DE EU,50.04299,1.4347,Nuit avec éclairage allumé,En agglomération,Hors intersection,Normale,Autre collision,,,,,,,,,,,5,2,1,1.0,6
201300018427,0013-06-08 23:45:00,13,6,8,23,45,760,711,RUE DU DOCTEUR PEPIN,50.0582,1.38074,Nuit avec éclairage allumé,En agglomération,Hors intersection,Normale,Autre collision,,,,,,,,,,,5,2,1,1.0,6
201300018428,0013-06-29 19:30:00,13,6,29,19,30,760,255,ROND POINT CD 925 - 1915,50.05306,1.3994,Plein jour,En agglomération,Giratoire,Normale,Deux véhicules - côté,,,,,,,,,,,1,2,6,1.0,3
201300018429,0013-07-08 14:45:00,13,7,8,14,45,760,711,"5, QU SADI CARNOT",50.05968,1.37992,Plein jour,En agglomération,Hors intersection,Normale,Deux véhicules - côté,,,,,,,,,,,1,2,1,1.0,3
201300018430,0013-07-21 12:15:00,13,7,21,12,15,760,644,,50.00853,1.37359,Plein jour,En agglomération,Hors intersection,Normale,Deux véhicules - frontale,,,,,,,,,,,1,2,1,1.0,1
201300018431,0013-07-28 11:45:00,13,7,28,11,45,760,252,RUE DU DOUX MESNIL,50.0338,1.38817,Plein jour,En agglomération,Hors intersection,Normale,Sans collision,,,,,,,,,,,1,2,1,1.0,7
201300018432,0013-08-13 20:00:00,13,8,13,20,0,760,255,,50.03583,1.42419,Plein jour,Hors agglomération,Hors intersection,Normale,Autre collision,,,,,,,,,,,1,1,1,1.0,6
201300018433,0013-08-15 17:00:00,13,8,15,17,0,760,496,R DES HARES,49.97972,1.2322,Plein jour,En agglomération,Hors intersection,Normale,Sans collision,,,,,,,,,,,1,2,1,1.0,7
201300018434,0013-09-24 14:00:00,13,9,24,14,0,760,711,AV CHARLES GOUNOT,50.05496,1.38267,Plein jour,En agglomération,Hors intersection,Normale,Autre collision,,,,,,,,,,,1,2,1,1.0,6
201300018435,0013-11-19 13:30:00,13,11,19,13,30,760,644,,50.01742,1.39831,Plein jour,Hors agglomération,Hors intersection,Normale,Deux véhicules - frontale,,,,,,,,,,,1,1,1,1.0,1
201300018436,0013-12-16 15:45:00,13,12,16,15,45,760,207,,49.93079,1.36843,Plein jour,Hors agglomération,Hors intersection,Normale,Autre collision,,,,,,,,,,,1,1,1,1.0,6
201300018437,0013-01-07 15:30:00,13,1,7,15,30,760,673,,49.46223,1.25672,Plein jour,Hors agglomération,Hors intersection,Temps couvert,Deux véhicules - arrière,,,,,,,,,,,1,1,1,8.0,2
201300018438,0013-02-18 09:00:00,13,2,18,9,0,760,548,,49.47266,1.35104,Plein jour,Hors agglomération,Hors intersection,Normale,Deux véhicules - frontale,,,,,,,,,,,1,1,1,1.0,1