accident_id,datetime,annee,mois,jour,heure,minute,departement,commune_insee,adresse,latitude,longitude,luminosite,agglomeration,intersection,meteo,collision,nb_vehicules,nb_usagers,nb_indemnes,nb_tues,nb_blesses_hosp,nb_blesses_legers,age_cond_1,age_cond_2,veh_type_cond_1,veh_type_cond_2,lum_code,agg_code,int_code,atm_code,col_code
201300018977,0013-04-26 14:45:00,13,4,26,14,45,590,663,rue d'Herzeele,50.8822,2.47192,Plein jour,En agglomération,Hors intersection,Normale,Deux véhicules - frontale,,,,,,,,,,,1,2,1,1.0,1
201300018978,0013-09-07 18:15:00,13,9,7,18,15,590,663,Pepers straete,50.90323,2.46251,Plein jour,Hors agglomération,Hors intersection,Normale,Autre collision,,,,,,,,,,,1,1,1,1.0,6
201300018979,0013-01-26 13:45:00,13,1,26,13,45,250,133,,,,Plein jour,Hors agglomération,Hors intersection,Normale,Trois véhicules et plus - collisions multiples,,,,,,,,,,,1,1,1,1.0,5
201300018980,0013-08-08 19:30:00,13,8,8,19,30,250,258,,47.225,5.938,Plein jour,Hors agglomération,Hors intersection,Normale,Deux véhicules - frontale,,,,,,,,,,,1,1,1,1.0,1
201300018981,0013-09-14 17:30:00,13,9,14,17,30,250,35,,47.309,5.979,Plein jour,Hors agglomération,Hors intersection,Pluie légère,Deux véhicules - côté,,,,,,,,,,,1,1,1,2.0,3
201300018982,0013-11-05 17:00:00,13,11,5,17,0,250,212,,47.272,5.988,Crépuscule ou aube,Hors agglomération,Hors intersection,Pluie légère,Deux véhicules - côté,,,,,,,,,,,2,1,1,2.0,3
201300018983,0013-11-19 10:15:00,13,11,19,10,15,250,371,,47.259,5.875,Plein jour,Hors agglomération,Hors intersection,Pluie légère,Deux véhicules - côté,,,,,,,,,,,1,1,1,2.0,3
201300018984,0013-02-05 20:30:00,13,2,5,20,30,560,67,,,,Nuit sans éclairage public,Hors agglomération,Hors intersection,Pluie forte,Autre collision,,,,,,,,,,,3,1,1,3.0,6
201300018985,0013-07-07 18:00:00,13,7,7,18,0,560,67,,,,Plein jour,Hors agglomération,Hors intersection,Normale,Sans collision,,,,,,,,,,,1,1,1,1.0,7
201300018986,0013-07-11 09:45:00,13,7,11,9,45,560,67,,,,Plein jour,Hors agglomération,Intersection en X,Normale,Deux véhicules - frontale,,,,,,,,,,,1,1,2,1.0,1
201300018987,0013-04-14 18:00:00,13,4,14,18,0,560,143,Rue Baron Fabre,47.56364,-2.50104,Plein jour,En agglomération,Hors intersection,Normale,Deux véhicules - frontale,,,,,,,,,,,1,2,1,1.0,1
201300018988,0013-04-27 15:15:00,13,4,27,15,15,560,212,,,,Plein jour,Hors agglomération,Hors intersection,Normale,Deux véhicules - frontale,,,,,,,,,,,1,1,1,1.0,1
201300018989,0013-05-27 13:30:00,13,5,27,13,30,560,147,,47.52924,-2.25715,Plein jour,Hors agglomération,Hors intersection,Normale,Deux véhicules - frontale,,,,,,,,,,,1,1,1,1.0,1
201300018990,0013-01-25 08:30:00,13,1,25,8,30,560,53,rue robert de la Noe,47.73077,-2.58579,Plein jour,En agglomération,Autre intersection,Normale,Autre collision,,,,,,,,,,,1,2,9,1.0,6
201300018991,0013-01-26 19:00:00,13,1,26,19,0,560,28,Villeneuve,,,Nuit avec éclairage allumé,En agglomération,Hors intersection,Normale,Deux véhicules - frontale,,,,,,,,,,,5,2,1,1.0,1
201300018992,0013-01-28 21:45:00,13,1,28,21,45,560,261,,,,Nuit sans éclairage public,Hors agglomération,Hors intersection,Pluie forte,Autre collision,,,,,,,,,,,3,1,1,3.0,6
201300018993,0013-07-03 16:45:00,13,7,3,16,45,560,184,,,,Plein jour,Hors agglomération,Hors intersection,Normale,Deux véhicules - arrière,,,,,,,,,,,1,1,1,1.0,2
201300018994,0013-07-04 14:00:00,13,7,4,14,0,560,135,,,,Plein jour,Hors agglomération,Hors intersection,Normale,Deux véhicules - côté,,,,,,,,,,,1,1,1,1.0,3
201300018995,0013-07-31 05:45:00,13,7,31,5,45,560,184,,,,Nuit avec éclairage non allumé,Hors agglomération,Hors intersection,Pluie légère,Deux véhicules - frontale,,,,,,,,,,,4,1,1,2.0,1
201300018996,0013-10-01 19:00:00,13,10,1,19,0,560,184,,,,Plein jour,Hors agglomération,Intersection en X,Temps couvert,Deux véhicules - côté,,,,,,,,,,,1,1,2,8.0,3
201300018997,0013-12-09 16:15:00,13,12,9,16,15,560,206,,,,Plein jour,Hors agglomération,Hors intersection,Temps éblouissant,Deux véhicules - arrière,,,,,,,,,,,1,1,1,7.0,2
201300018998,0013-11-19 07:45:00,13,11,19,7,45,560,84,route de Lezuis,47.57955,-2.69425,Crépuscule ou aube,En agglomération,Hors intersection,Normale,Autre collision,,,,,,,,,,,2,2,1,1.0,6
201300018999,0013-06-24 17:45:00,13,6,24,17,45,560,258,,,,Plein jour,Hors agglomération,Hors intersection,Normale,Deux véhicules - côté,,,,,,,,,,,1,1,1,1.0,3
201300019000,0013-06-24 19:00:00,13,6,24,19,0,560,34,,47.56635,-3.09084,Plein jour,En agglomération,Hors intersection,Normale,Sans collision,,,,,,,,,,,1,2,1,1.0,7
201300019001,0013-07-08 01:45:00,13,7,8,1,45,560,34,,47.57453,-3.06124,Nuit avec éclairage allumé,En agglomération,Hors intersection,Normale,Autre collision,,,,,,,,,,,5,2,1,1.0,6
201300019002,0013-07-26 09:00:00,13,7,26,9,0,560,34,La Croix Audran,,,Plein jour,En agglomération,Giratoire,Normale,Deux véhicules - côté,,,,,,,,,,,1,2,6,1.0,3
201300019003,0013-09-21 22:00:00,13,9,21,22,0,560,258,Cours des quais,47.5865,-3.02705,Nuit avec éclairage allumé,En agglomération,Hors intersection,Normale,Deux véhicules - arrière,,,,,,,,,,,5,2,1,1.0,2
201300019004,0013-10-22 06:45:00,13,10,22,6,45,560,168,,,,Nuit sans éclairage public,Hors agglomération,Hors intersection,Pluie légère,Deux véhicules - côté,,,,,,,,,,,3,1,1,2.0,3
201300019005,0013-01-03 15:00:00,13,1,3,15,0,560,78,,47.79021,-3.47537,Plein jour,Hors agglomération,Hors intersection,Normale,Autre collision,,,,,,,,,,,1,1,1,1.0,6
201300019006,0013-02-12 11:45:00,13,2,12,11,45,560,78,kergam,47.80368,-3.49926,Plein jour,Hors agglomération,Hors intersection,Normale,Deux véhicules - frontale,,,,,,,,,,,1,1,1,1.0,1
201300019007,0013-06-18 15:00:00,13,6,18,15,0,560,36,,,,Plein jour,Hors agglomération,Hors intersection,Normale,Deux véhicules - frontale,,,,,,,,,,,1,1,1,1.0,1
201300019008,0013-07-03 10:30:00,13,7,3,10,30,560,185,,,,Plein jour,Hors agglomération,Hors intersection,Temps couvert,Deux véhicules - frontale,,,,,,,,,,,1,1,1,8.0,1
201300019009,0013-07-12 05:30:00,13,7,12,5,30,560,166,,47.93911,-3.37127,Crépuscule ou aube,Hors agglomération,Hors intersection,Normale,Deux véhicules - frontale,,,,,,,,,,,2,1,1,1.0,1
201300019010,0013-08-09 03:30:00,13,8,9,3,30,560,185,,47.76955,-3.37853,Nuit avec éclairage non allumé,Hors agglomération,Hors intersection,Normale,Trois véhicules et plus - collisions multiples,,,,,,,,,,,4,1,1,1.0,5
201300019011,0013-08-11 08:15:00,13,8,11,8,15,560,185,,,,Crépuscule ou aube,Hors agglomération,Hors intersection,Normale,Sans collision,,,,,,,,,,,2,1,1,1.0,7
201300019012,0013-09-04 21:00:00,13,9,4,21,0,560,185,,,,Nuit sans éclairage public,Hors agglomération,Hors intersection,Normale,Sans collision,,,,,,,,,,,3,1,1,1.0,7
201300019013,0013-09-25 09:00:00,13,9,25,9,0,560,179,Route de LORIENT,,,Plein jour,En agglomération,Giratoire,Normale,Autre collision,,,,,,,,,,,1,2,6,1.0,6
201300019014,0013-11-13 09:30:00,13,11,13,9,30,560,166,26 bis rue des Allies,47.91636,-3.33277,Plein jour,En agglomération,Hors intersection,Normale,Deux véhicules - frontale,,,,,,,,,,,1,2,1,1.0,1
201300019015,0013-12-19 09:15:00,13,12,19,9,15,560,166,Rue de la Chaumiere,47.90682,-3.33597,Plein jour,En agglomération,Hors intersection,Normale,Autre collision,,,,,,,,,,,1,2,1,1.0,6
201300019016,0013-01-15 16:45:00,13,1,15,16,45,560,181,,,,Plein jour,Hors agglomération,Hors intersection,Normale,Autre collision,,,,,,,,,,,1,1,1,1.0,6
201300019017,0013-02-04 07:45:00,13,2,4,7,45,560,55,,,,Nuit sans éclairage public,Hors agglomération,Hors intersection,Pluie légère,Autre collision,,,,,,,,,,,3,1,1,2.0,6
201300019018,0013-04-23 11:00:00,13,4,23,11,0,560,193,La Croizetiere,47.71364,-3.33149,Plein jour,En agglomération,Giratoire,Normale,Deux véhicules - côté,,,,,,,,,,,1,2,6,1.0,3
201300019019,0013-05-22 07:30:00,13,5,22,7,30,560,13,route des 4 chemins,,,Plein jour,En agglomération,Giratoire,Normale,Deux véhicules - côté,,,,,,,,,,,1,2,6,1.0,3
201300019020,0013-06-27 16:45:00,13,6,27,16,45,560,193,48 rue des Quatre Vents,47.70833,-3.32243,Plein jour,En agglomération,Hors intersection,Normale,Autre collision,,,,,,,,,,,1,2,1,1.0,6
201300019021,0013-07-07 06:30:00,13,7,7,6,30,560,169,rue de la Gare,47.699,-3.25211,Plein jour,En agglomération,Hors intersection,Normale,Autre collision,,,,,,,,,,,1,2,1,1.0,6
201300019022,0013-07-14 12:00:00,13,7,14,12,0,560,54,,47.62731,-3.18559,Plein jour,Hors agglomération,Hors intersection,Normale,Deux véhicules - côté,,,,,,,,,,,1,1,1,1.0,3
201300019023,0013-08-05 15:15:00,13,8,5,15,15,560,161,,,,Plein jour,Hors agglomération,Hors intersection,Normale,Trois véhicules et plus - collisions multiples,,,,,,,,,,,1,1,1,1.0,5
201300019024,0013-08-21 10:30:00,13,8,21,10,30,560,54,7 rue des menhirs,,,Plein jour,En agglomération,Hors intersection,Normale,Autre collision,,,,,,,,,,,1,2,1,1.0,6
201300019025,0013-08-29 16:00:00,13,8,29,16,0,560,54,rue des Menhirs,47.63949,-3.15383,Plein jour,En agglomération,Giratoire,Normale,Deux véhicules - côté,,,,,,,,,,,1,2,6,1.0,3
201300019026,0013-09-07 05:30:00,13,9,7,5,30,560,220,,47.70947,-3.17504,Nuit sans éclairage public,Hors agglomération,Hors intersection,Normale,Autre collision,,,,,,,,,,,3,1,1,1.0,6
201300019027,0013-07-27 20:45:00,13,7,27,20,45,560,145,,,,Plein jour,Hors agglomération,Hors intersection,Normale,Sans collision,,,,,,,,,,,1,1,1,1.0,7
201300019028,0013-10-24 19:45:00,13,10,24,19,45,560,127,,,,Nuit sans éclairage public,Hors agglomération,Hors intersection,Pluie légère,Sans collision,,,,,,,,,,,3,1,1,2.0,7
201300019029,0013-01-06 09:30:00,13,1,6,9,30,560,75,,,,Plein jour,Hors agglomération,Hors intersection,Pluie légère,Deux véhicules - côté,,,,,,,,,,,1,1,1,2.0,3
201300019030,0013-02-26 01:00:00,13,2,26,1,0,560,75,EM de ST CYR,47.94547,-2.15131,Nuit sans éclairage public,En agglomération,Hors intersection,Normale,Autre collision,,,,,,,,,,,3,2,1,1.0,6
201300019031,0013-03-15 08:15:00,13,3,15,8,15,560,124,,,,Plein jour,En agglomération,Hors intersection,Normale,Autre collision,,,,,,,,,,,1,2,1,1.0,6
201300019032,0013-04-10 19:30:00,13,4,10,19,30,560,12,,,,Crépuscule ou aube,Hors agglomération,Hors intersection,Pluie légère,Deux véhicules - frontale,,,,,,,,,,,2,1,1,2.0,1
201300019033,0013-06-02 18:45:00,13,6,2,18,45,560,230,,,,Plein jour,Hors agglomération,Intersection en X,Normale,Deux véhicules - côté,,,,,,,,,,,1,1,2,1.0,3
201300019034,0013-07-27 17:45:00,13,7,27,17,45,560,219,,,,Plein jour,Hors agglomération,Hors intersection,Normale,Sans collision,,,,,,,,,,,1,1,1,1.0,7
201300019035,0013-09-26 14:15:00,13,9,26,14,15,560,124,rue du bois pivert,,,Plein jour,En agglomération,Hors intersection,Normale,Autre collision,,,,,,,,,,,1,2,1,1.0,6
201300019036,0013-10-05 23:45:00,13,10,5,23,45,560,244,rue vautelin mariani,47.8218,-2.50793,Nuit avec éclairage allumé,En agglomération,Hors intersection,Normale,Deux véhicules - côté,,,,,,,,,,,5,2,1,1.0,3
201300019037,0013-11-03 06:30:00,13,11,3,6,30,560,244,,47.81133,-2.49174,Nuit sans éclairage public,Hors agglomération,Hors intersection,Normale,Sans collision,,,,,,,,,,,3,1,1,1.0,7
201300019038,0013-11-09 00:45:00,13,11,9,0,45,560,219,,47.79426,-2.53836,Nuit sans éclairage public,Hors agglomération,Hors intersection,Pluie légère,Sans collision,,,,,,,,,,,3,1,1,2.0,7
201300019039,0013-03-13 11:30:00,13,3,13,11,30,560,24,,,,Plein jour,Hors agglomération,Hors intersection,Normale,Deux véhicules - arrière,,,,,,,,,,,1,1,1,1.0,2
201300019040,0013-07-06 17:45:00,13,7,6,17,45,560,17,,,,Plein jour,Hors agglomération,Hors intersection,Normale,Sans collision,,,,,,,,,,,1,1,1,1.0,7
201300019041,0013-08-04 19:00:00,13,8,4,19,0,560,187,La ville Nayl,47.88969,-2.45442,Plein jour,Hors agglomération,Hors intersection,Normale,Deux véhicules - frontale,,,,,,,,,,,1,1,1,1.0,1
201300019042,0013-08-07 10:45:00,13,8,7,10,45,560,190,la ville au vent,47.98216,-2.7702,Plein jour,Hors agglomération,Hors intersection,Normale,Deux véhicules - frontale,,,,,,,,,,,1,1,1,1.0,1
201300019043,0013-10-24 21:30:00,13,10,24,21,30,560,47,,,,Nuit sans éclairage public,Hors agglomération,Hors intersection,Pluie forte,Autre collision,,,,,,,,,,,3,1,1,3.0,6
201300019044,0013-11-18 08:00:00,13,11,18,8,0,560,198,,,,Nuit avec éclairage allumé,En agglomération,Hors intersection,Normale,Autre collision,,,,,,,,,,,5,2,1,1.0,6
201300019045,0013-12-05 12:15:00,13,12,5,12,15,560,190,,,,Plein jour,Hors agglomération,Hors intersection,Normale,Autre collision,,,,,,,,,,,1,1,1,1.0,6
201300019046,0013-12-16 15:30:00,13,12,16,15,30,560,190,,,,Plein jour,Hors agglomération,Intersection en X,Normale,Deux véhicules - côté,,,,,,,,,,,1,1,2,1.0,3
201300019047,0013-01-09 17:45:00,13,1,9,17,45,560,73,02 rue bellevue,48.0659,-3.20501,Nuit avec éclairage allumé,En agglomération,Hors intersection,Pluie légère,Autre collision,,,,,,,,,,,5,2,1,2.0,6
201300019048,0013-02-13 11:30:00,13,2,13,11,30,560,178,,48.18245,-3.02802,Plein jour,Hors agglomération,Hors intersection,Pluie légère,Deux véhicules - frontale,,,,,,,,,,,1,1,1,2.0,1
201300019049,0013-07-01 18:30:00,13,7,1,18,30,560,151,,,,Plein jour,Hors agglomération,Hors intersection,Normale,Deux véhicules - frontale,,,,,,,,,,,1,1,1,1.0,1
201300019050,0013-07-23 19:15:00,13,7,23,19,15,560,238,rue des sabotiers,,,Plein jour,En agglomération,Hors intersection,Normale,Deux véhicules - frontale,,,,,,,,,,,1,2,1,1.0,1
201300019051,0013-08-17 16:45:00,13,8,17,16,45,560,246,,,,Plein jour,Hors agglomération,Hors intersection,Normale,Trois véhicules et plus - en chaîne,,,,,,,,,,,1,1,1,1.0,4
201300019052,0013-11-05 04:00:00,13,11,5,4,0,560,178,RUE DU TOULDOUAR,48.07615,-2.94449,Nuit sans éclairage public,En agglomération,Hors intersection,Pluie légère,Autre collision,,,,,,,,,,,3,2,1,2.0,6
201300019053,0013-12-14 12:00:00,13,12,14,12,0,560,178,Quai du couvent,48.06953,-2.96683,Plein jour,En agglomération,Hors intersection,Normale,Deux véhicules - côté,,,,,,,,,,,1,2,1,1.0,3
201300019054,0013-03-29 13:30:00,13,3,29,13,30,560,117,Lieu dit Pont du Chat,47.8797,-2.83855,Plein jour,En agglomération,Hors intersection,Pluie légère,Deux véhicules - côté,,,,,,,,,,,1,2,1,2.0,3
201300019055,0013-04-21 17:00:00,13,4,21,17,0,560,144,,,,Plein jour,Hors agglomération,Hors intersection,Normale,Deux véhicules - frontale,,,,,,,,,,,1,1,1,1.0,1
201300019056,0013-05-31 17:30:00,13,5,31,17,30,560,10,16 rue de Pontivy,47.87686,-3.0196,Plein jour,En agglomération,Hors intersection,Normale,Trois véhicules et plus - en chaîne,,,,,,,,,,,1,2,1,1.0,4
201300019057,0013-08-04 20:15:00,13,8,4,20,15,560,144,,,,Plein jour,Hors agglomération,Hors intersection,Normale,Deux véhicules - côté,,,,,,,,,,,1,1,1,1.0,3
201300019058,0013-03-27 17:30:00,13,3,27,17,30,560,14,,,,Plein jour,Hors agglomération,Hors intersection,Normale,Deux véhicules - côté,,,,,,,,,,,1,1,1,1.0,3
201300019059,0013-03-27 14:00:00,13,3,27,14,0,560,199,,,,Plein jour,Hors agglomération,Hors intersection,Normale,Deux véhicules - côté,,,,,,,,,,,1,1,1,1.0,3
201300019060,0013-08-16 15:00:00,13,8,16,15,0,560,57,,,,Plein jour,Hors agglomération,Hors intersection,Pluie légère,Deux véhicules - frontale,,,,,,,,,,,1,1,1,2.0,1
201300019061,0013-10-20 00:15:00,13,10,20,0,15,560,100,,,,Nuit sans éclairage public,Hors agglomération,Hors intersection,Pluie légère,Autre collision,,,,,,,,,,,3,1,1,2.0,6
201300019062,0013-04-02 07:55:00,13,4,2,7,55,950,510,RN 14,49.0589,2.0118,Crépuscule ou aube,Hors agglomération,Hors intersection,Normale,Trois véhicules et plus - en chaîne,,,,,,,,,,,2,1,1,1.0,4
201300019063,0013-05-08 09:30:00,13,5,8,9,30,950,388,cote du parc,49.0251,1.9786,Plein jour,En agglomération,Hors intersection,Pluie légère,Autre collision,,,,,,,,,,,1,2,1,2.0,6
201300019064,0013-03-05 09:30:00,13,3,5,9,30,950,134,RD 301,49.1352,2.2552,Plein jour,Hors agglomération,Hors intersection,Normale,Trois véhicules et plus - collisions multiples,,,,,,,,,,,1,1,1,1.0,5
201300019065,0013-04-12 23:30:00,13,4,12,23,30,950,134,RD 4,49.1328,2.2328,Nuit sans éclairage public,Hors agglomération,Hors intersection,Normale,Deux véhicules - arrière,,,,,,,,,,,3,1,1,1.0,2
201300019066,0013-06-15 20:30:00,13,6,15,20,30,950,134,RD 301,49.1323,2.2559,Plein jour,Hors agglomération,Hors intersection,Normale,Trois véhicules et plus - collisions multiples,,,,,,,,,,,1,1,1,1.0,5
201300019067,0013-06-07 10:00:00,13,6,7,10,0,950,527,RD 317,49.0161,2.4934,Plein jour,Hors agglomération,Hors intersection,Normale,Autre collision,,,,,,,,,,,1,1,1,1.0,6
201300019068,0013-06-29 19:30:00,13,6,29,19,30,950,527,ALLEE DU VERGER,49.0025,2.5197,Plein jour,En agglomération,Hors intersection,Normale,Autre collision,,,,,,,,,,,1,2,1,1.0,6
201300019069,0013-09-09 21:15:00,13,9,9,21,15,950,527,ALLEE DU VERGER,49.0025,2.5197,Nuit avec éclairage allumé,En agglomération,Hors intersection,Pluie légère,Autre collision,,,,,,,,,,,5,2,1,2.0,6
201300019070,0013-09-22 21:15:00,13,9,22,21,15,950,527,ROND POINT DU TERROIR,48.9966,2.5117,Nuit avec éclairage allumé,Hors agglomération,Giratoire,Normale,Deux véhicules - côté,,,,,,,,,,,5,1,6,1.0,3
201300019071,0013-11-30 00:30:00,13,11,30,0,30,950,527,RD 317,49.0048,2.4891,Nuit sans éclairage public,Hors agglomération,Hors intersection,Pluie légère,Autre collision,,,,,,,,,,,3,1,1,2.0,6
201300019072,0013-07-27 09:15:00,13,7,27,9,15,190,192,,45.136,1.887,Plein jour,Hors agglomération,Hors intersection,Normale,Deux véhicules - côté,,,,,,,,,,,1,1,1,1.0,3
201300019073,0013-04-15 16:15:00,13,4,15,16,15,190,287,,,,Plein jour,Hors agglomération,Hors intersection,Temps couvert,Autre collision,,,,,,,,,,,1,1,1,8.0,6
201300019074,0013-05-29 10:30:00,13,5,29,10,30,190,176,,,,Plein jour,Hors agglomération,Hors intersection,Pluie légère,Deux véhicules - côté,,,,,,,,,,,1,1,1,2.0,3
201300019075,0013-06-29 05:00:00,13,6,29,5,0,190,176,,,,Crépuscule ou aube,Hors agglomération,Hors intersection,Pluie forte,Sans collision,,,,,,,,,,,2,1,1,3.0,7
201300019076,0013-07-21 15:45:00,13,7,21,15,45,190,213,,45.389,1.643,Plein jour,Hors agglomération,Intersection en X,Normale,Trois véhicules et plus - collisions multiples,,,,,,,,,,,1,1,2,1.0,5
201300019077,0013-07-17 23:45:00,13,7,17,23,45,190,151,,45.107,1.536,Nuit sans éclairage public,Hors agglomération,Hors intersection,Normale,Deux véhicules - frontale,,,,,,,,,,,3,1,1,1.0,1
201300019078,0013-03-23 13:30:00,13,3,23,13,30,190,19,,44.989,1.826,Plein jour,Hors agglomération,Hors intersection,Normale,Deux véhicules - arrière,,,,,,,,,,,1,1,1,1.0,2
201300019079,0013-09-09 08:30:00,13,9,9,8,30,190,278,les roubeys,45.197,1.442,Plein jour,En agglomération,Autre intersection,Normale,Autre collision,,,,,,,,,,,1,2,9,1.0,6
201300019080,0013-03-21 13:45:00,13,3,21,13,45,190,24,,45.391,1.397,Plein jour,Hors agglomération,Hors intersection,Normale,Deux véhicules - frontale,,,,,,,,,,,1,1,1,1.0,1
201300019081,0013-04-27 17:15:00,13,4,27,17,15,190,241,,45.73,2.106,Plein jour,Hors agglomération,Hors intersection,Pluie légère,Autre collision,,,,,,,,,,,1,1,1,2.0,6
201300019082,0013-07-09 13:45:00,13,7,9,13,45,190,136,Avenue Limousine- RD 979,45.54,2.144,Plein jour,En agglomération,Hors intersection,Temps éblouissant,Deux véhicules - côté,,,,,,,,,,,1,2,1,7.0,3
201300019083,0013-01-31 23:45:00,13,1,31,23,45,560,97,,,,Nuit sans éclairage public,Hors agglomération,Hors intersection,Pluie légère,Trois véhicules et plus - en chaîne,,,,,,,,,,,3,1,1,2.0,4
201300019084,0013-02-14 20:15:00,13,2,14,20,15,560,177,,,,Nuit sans éclairage public,Hors agglomération,Hors intersection,Normale,Deux véhicules - côté,,,,,,,,,,,3,1,1,1.0,3
201300019085,0013-03-09 17:15:00,13,3,9,17,15,560,94,,,,Plein jour,Hors agglomération,Hors intersection,Normale,Deux véhicules - arrière,,,,,,,,,,,1,1,1,1.0,2
201300019086,0013-05-11 01:15:00,13,5,11,1,15,560,94,,47.74518,-3.2414,Nuit sans éclairage public,Hors agglomération,Hors intersection,Normale,Autre collision,,,,,,,,,,,3,1,1,1.0,6
201300019087,0013-05-16 10:45:00,13,5,16,10,45,560,90,Rue Mail Francois GIOVAN,47.82568,-3.25179,Plein jour,En agglomération,Hors intersection,Normale,Autre collision,,,,,,,,,,,1,2,1,1.0,6
201300019088,0013-05-26 06:00:00,13,5,26,6,0,560,177,place du marche,47.77526,-3.01038,Crépuscule ou aube,En agglomération,Hors intersection,Normale,Autre collision,,,,,,,,,,,2,2,1,1.0,6
201300019089,0013-06-09 12:15:00,13,6,9,12,15,560,96,rue des chenes - CD 16,,,Plein jour,En agglomération,Hors intersection,Normale,Autre collision,,,,,,,,,,,1,2,1,1.0,6
201300019090,0013-06-19 18:15:00,13,6,19,18,15,560,97,,,,Plein jour,Hors agglomération,Hors intersection,Pluie légère,Sans collision,,,,,,,,,,,1,1,1,2.0,7
201300019091,0013-06-20 08:30:00,13,6,20,8,30,560,101,PLACE JOSEPH GUILLERME,47.8341,-3.15973,Plein jour,En agglomération,Hors intersection,Normale,Autre collision,,,,,,,,,,,1,2,1,1.0,6
201300019092,0013-07-08 07:30:00,13,7,8,7,30,560,96,,,,Plein jour,Hors agglomération,Hors intersection,Temps éblouissant,Deux véhicules - frontale,,,,,,,,,,,1,1,1,7.0,1
201300019093,0013-07-13 01:15:00,13,7,13,1,15,560,175,,,,Nuit sans éclairage public,Hors agglomération,Hors intersection,Normale,Sans collision,,,,,,,,,,,3,1,1,1.0,7
201300019094,0013-07-25 08:30:00,13,7,25,8,30,560,97,,47.77162,-3.10608,Plein jour,Hors agglomération,Hors intersection,Normale,Autre collision,,,,,,,,,,,1,1,1,1.0,6
201300019095,0013-08-11 13:30:00,13,8,11,13,30,560,175,,,,Plein jour,Hors agglomération,Hors intersection,Normale,Deux véhicules - arrière,,,,,,,,,,,1,1,1,1.0,2
201300019096,0013-08-23 14:45:00,13,8,23,14,45,560,90,rue du blavet,,,Plein jour,En agglomération,Hors intersection,Normale,Deux véhicules - frontale,,,,,,,,,,,1,2,1,1.0,1
201300019097,0013-10-04 21:15:00,13,10,4,21,15,560,175,,,,Nuit sans éclairage public,Hors agglomération,Hors intersection,Temps couvert,Deux véhicules - frontale,,,,,,,,,,,3,1,1,8.0,1
201300019098,0013-10-17 11:30:00,13,10,17,11,30,560,94,,,,Plein jour,Hors agglomération,Hors intersection,Normale,Deux véhicules - arrière,,,,,,,,,,,1,1,1,1.0,2
201300019099,0013-10-19 18:30:00,13,10,19,18,30,560,94,1 AVENUE DES PLAGES,,,Plein jour,En agglomération,Hors intersection,Pluie légère,Autre collision,,,,,,,,,,,1,2,1,2.0,6
201300019100,0013-11-27 19:30:00,13,11,27,19,30,560,94,,,,Nuit sans éclairage public,Hors agglomération,Hors intersection,Normale,Autre collision,,,,,,,,,,,3,1,1,1.0,6
201300019101,0013-06-09 15:45:00,13,6,9,15,45,590,474,rue Raymon Wastiaux,50.08439,3.76093,Plein jour,Hors agglomération,Hors intersection,Normale,Autre collision,,,,,,,,,,,1,1,1,1.0,6
201300019102,0013-09-16 07:00:00,13,9,16,7,0,590,503,Rte Nationale,50.15051,3.65474,Crépuscule ou aube,Hors agglomération,Hors intersection,Temps couvert,Deux véhicules - frontale,,,,,,,,,,,2,1,1,8.0,1
201300019103,0013-11-10 03:45:00,13,11,10,3,45,590,99,Route de Landrecies,50.14955,3.63108,Nuit avec éclairage allumé,En agglomération,Hors intersection,Pluie forte,Autre collision,,,,,,,,,,,5,2,1,3.0,6
201300019104,0013-11-30 09:00:00,13,11,30,9,0,590,607,Chaussée Brunehaut,50.16293,3.60187,Plein jour,Hors agglomération,Hors intersection,Normale,Deux véhicules - frontale,,,,,,,,,,,1,1,1,1.0,1
201300019105,0013-07-05 20:00:00,13,7,5,20,0,590,229,rue de Rocquigny,50.04178,4.02043,Plein jour,En agglomération,Hors intersection,Temps éblouissant,Deux véhicules - côté,,,,,,,,,,,1,2,1,7.0,3
201300019106,0013-09-29 14:00:00,13,9,29,14,0,590,601,Rte départementale,50.0711,4.11414,Plein jour,Hors agglomération,Hors intersection,Normale,Autre collision,,,,,,,,,,,1,1,1,1.0,6
201300019107,0013-05-30 13:15:00,13,5,30,13,15,590,322,18 rue Foch,50.241,3.322,Plein jour,En agglomération,Hors intersection,Normale,Autre collision,,,,,,,,,,,1,2,1,1.0,6
201300019108,0013-07-12 12:15:00,13,7,12,12,15,590,37,rue Henri Barbusse,50.19458,3.39001,Plein jour,En agglomération,Hors intersection,Normale,Deux véhicules - côté,,,,,,,,,,,1,2,1,1.0,3
201300019109,0013-04-28 01:45:00,13,4,28,1,45,590,74,35 rue Pasteur,50.09091,3.4452,Nuit avec éclairage allumé,En agglomération,Hors intersection,Normale,Deux véhicules - côté,,,,,,,,,,,5,2,1,1.0,3