accident_id,datetime,annee,mois,jour,heure,minute,departement,commune_insee,adresse,latitude,longitude,luminosite,agglomeration,intersection,meteo,collision,nb_vehicules,nb_usagers,nb_indemnes,nb_tues,nb_blesses_hosp,nb_blesses_legers,age_cond_1,age_cond_2,veh_type_cond_1,veh_type_cond_2,lum_code,agg_code,int_code,atm_code,col_code
201300019110,0013-07-22 22:45:00,13,7,22,22,45,590,624,rue du Général Leclerc,50.032,3.29971,Nuit avec éclairage allumé,En agglomération,Hors intersection,Normale,Deux véhicules - frontale,,,,,,,,,,,5,2,1,1.0,1
201300019111,0013-09-15 06:30:00,13,9,15,6,30,590,74,,50.09419,3.43627,Crépuscule ou aube,Hors agglomération,Hors intersection,Brouillard / fumée,Deux véhicules - côté,,,,,,,,,,,2,1,1,5.0,3
201300019112,0013-03-03 22:00:00,13,3,3,22,0,590,572,Rte du Quartier,50.16962,4.09849,Nuit avec éclairage allumé,En agglomération,Hors intersection,Normale,Autre collision,,,,,,,,,,,5,2,1,1.0,6
201300019113,0013-04-07 15:30:00,13,4,7,15,30,590,151,10 route nationale,50.25423,4.07378,Plein jour,En agglomération,Hors intersection,Temps éblouissant,Deux véhicules - côté,,,,,,,,,,,1,2,1,7.0,3
201300019114,0013-09-02 21:30:00,13,9,2,21,30,590,351,RUE D'HAUTMONT,50.21139,3.92553,Nuit sans éclairage public,En agglomération,Hors intersection,Normale,Autre collision,,,,,,,,,,,3,2,1,1.0,6
201300019115,0013-05-12 03:15:00,13,5,12,3,15,510,597,AVENUE DE PARIS,,,Nuit avec éclairage allumé,En agglomération,Hors intersection,Pluie légère,Autre collision,,,,,,,,,,,5,2,1,2.0,6
201300019116,0013-06-17 07:45:00,13,6,17,7,45,510,2,D36,,,Plein jour,Hors agglomération,Hors intersection,Normale,Autre collision,,,,,,,,,,,1,1,1,1.0,6
201300019117,0013-08-02 17:30:00,13,8,2,17,30,510,153,RUE DE LA CERISIERE,,,Plein jour,En agglomération,Hors intersection,Normale,Sans collision,,,,,,,,,,,1,2,1,1.0,7
201300019118,0013-08-11 20:15:00,13,8,11,20,15,510,488,D951,,,Crépuscule ou aube,Hors agglomération,Hors intersection,Normale,Autre collision,,,,,,,,,,,2,1,1,1.0,6
201300019119,0013-08-15 19:30:00,13,8,15,19,30,510,393,D386,,,Plein jour,Hors agglomération,Hors intersection,Normale,Deux véhicules - côté,,,,,,,,,,,1,1,1,1.0,3
201300019120,0013-08-24 23:00:00,13,8,24,23,0,510,76,D3,,,Nuit sans éclairage public,Hors agglomération,Hors intersection,Normale,Sans collision,,,,,,,,,,,3,1,1,1.0,7
201300019121,0013-12-27 09:45:00,13,12,27,9,45,510,576,D1,,,Plein jour,Hors agglomération,Hors intersection,Pluie légère,Sans collision,,,,,,,,,,,1,1,1,2.0,7
201300019122,0013-12-28 07:45:00,13,12,28,7,45,510,153,D3,,,Nuit sans éclairage public,Hors agglomération,Hors intersection,Pluie légère,Autre collision,,,,,,,,,,,3,1,1,2.0,6
201300019123,0013-07-28 20:45:00,13,7,28,20,45,510,140,RUE DES VIGNES,,,Plein jour,En agglomération,Hors intersection,Normale,Deux véhicules - frontale,,,,,,,,,,,1,2,1,1.0,1
201300019124,0013-12-09 07:30:00,13,12,9,7,30,510,183,D944/D26,,,Plein jour,Hors agglomération,Intersection en T,Normale,Deux véhicules - côté,,,,,,,,,,,1,1,3,1.0,3
201300019125,0013-08-01 11:00:00,13,8,1,11,0,510,261,4 PL. DE L EGLISE OU D74,,,Plein jour,En agglomération,Giratoire,Normale,Deux véhicules - frontale,,,,,,,,,,,1,2,6,1.0,1
201300019126,0013-10-23 17:15:00,13,10,23,17,15,510,440,27 RUE DE LA REPUBLIQUE,,,Plein jour,En agglomération,Hors intersection,Normale,Deux véhicules - frontale,,,,,,,,,,,1,2,1,1.0,1
201300019127,0013-10-13 19:45:00,13,10,13,19,45,620,440,,50.11588,3.02891,Nuit sans éclairage public,Hors agglomération,Hors intersection,Vent fort / tempête,Autre collision,,,,,,,,,,,3,1,1,6.0,6
201300019128,0013-04-21 18:30:00,13,4,21,18,30,620,793,,50.422,2.644,Plein jour,Hors agglomération,Hors intersection,Temps éblouissant,Sans collision,,,,,,,,,,,1,1,1,7.0,7
201300019129,0013-11-24 21:15:00,13,11,24,21,15,620,443,RUE A. DHESSE,,,Nuit avec éclairage allumé,En agglomération,Hors intersection,Pluie légère,Autre collision,,,,,,,,,,,5,2,1,2.0,6
201300019130,0013-03-02 13:30:00,13,3,2,13,30,510,498,D982,,,Plein jour,En agglomération,Hors intersection,Normale,Autre collision,,,,,,,,,,,1,2,1,1.0,6
201300019131,0013-07-29 16:15:00,13,7,29,16,15,510,442,D994,,,Plein jour,Hors agglomération,Hors intersection,Normale,Sans collision,,,,,,,,,,,1,1,1,1.0,7
201300019132,0013-08-20 15:00:00,13,8,20,15,0,510,166,D69,,,Plein jour,Hors agglomération,Hors intersection,Normale,Sans collision,,,,,,,,,,,1,1,1,1.0,7
201300019133,0013-09-07 19:30:00,13,9,7,19,30,510,507,D85/VC,,,Plein jour,Hors agglomération,Intersection en T,Normale,Deux véhicules - côté,,,,,,,,,,,1,1,3,1.0,3
201300019134,0013-10-25 23:00:00,13,10,25,23,0,510,53,D982,,,Nuit sans éclairage public,En agglomération,Hors intersection,Pluie forte,Autre collision,,,,,,,,,,,3,2,1,3.0,6
201300019135,0013-06-29 13:30:00,13,6,29,13,30,910,225,route de Jarcy,,,Plein jour,En agglomération,Hors intersection,Normale,Autre collision,,,,,,,,,,,1,2,1,1.0,6
201300019136,0013-01-28 07:00:00,13,1,28,7,0,910,538,D 306,,,Crépuscule ou aube,Hors agglomération,Giratoire,Normale,Deux véhicules - arrière,,,,,,,,,,,2,1,6,1.0,2
201300019137,0013-10-22 17:15:00,13,10,22,17,15,910,679,D838,,,Plein jour,Hors agglomération,Hors intersection,Pluie forte,Deux véhicules - arrière,,,,,,,,,,,1,1,1,3.0,2
201300019138,0013-12-27 13:15:00,13,12,27,13,15,910,272,D306,,,Plein jour,Hors agglomération,Hors intersection,Pluie légère,Deux véhicules - frontale,,,,,,,,,,,1,1,1,2.0,1
201300019139,0013-12-27 10:30:00,13,12,27,10,30,910,275,D1,,,Plein jour,Hors agglomération,Giratoire,Pluie légère,Sans collision,,,,,,,,,,,1,1,6,2.0,7
201300019140,0013-08-22 05:45:00,13,8,22,5,45,950,56,RTE DE PARIS,49.0959,2.3616,Nuit sans éclairage public,Hors agglomération,Hors intersection,Normale,Deux véhicules - côté,,,,,,,,,,,3,1,1,1.0,3
201300019141,0013-11-05 18:15:00,13,11,5,18,15,950,352,AV DU MARECHAL JOFFRE,49.1187,2.4233,Nuit avec éclairage allumé,En agglomération,Hors intersection,Normale,Autre collision,,,,,,,,,,,5,2,1,1.0,6
201300019142,0013-12-09 17:15:00,13,12,9,17,15,950,566,RD 85,49.1166,2.3329,Nuit sans éclairage public,Hors agglomération,Hors intersection,Normale,Sans collision,,,,,,,,,,,3,1,1,1.0,7
201300019143,0013-12-09 10:15:00,13,12,9,10,15,950,149,R DE PARIS,49.1245,2.4278,Plein jour,En agglomération,Hors intersection,Normale,Autre collision,,,,,,,,,,,1,2,1,1.0,6
201300019144,0013-02-04 08:30:00,13,2,4,8,30,890,471,,48.20272,3.3905,Plein jour,Hors agglomération,Intersection en X,Temps couvert,Deux véhicules - côté,,,,,,,,,,,1,1,2,8.0,3
201300019145,0013-06-08 16:30:00,13,6,8,16,30,890,291,,48.115,3.286,Plein jour,Hors agglomération,Hors intersection,Normale,Deux véhicules - côté,,,,,,,,,,,1,1,1,1.0,3
201300019146,0013-10-10 22:00:00,13,10,10,22,0,890,240,,,,Nuit sans éclairage public,Hors agglomération,Hors intersection,Pluie légère,Deux véhicules - frontale,,,,,,,,,,,3,1,1,2.0,1
201300019147,0013-01-14 18:45:00,13,1,14,18,45,570,438,,,,Nuit avec éclairage allumé,Hors agglomération,Intersection en T,Normale,Deux véhicules - côté,,,,,,,,,,,5,1,3,1.0,3
201300019148,0013-02-07 20:30:00,13,2,7,20,30,570,716,,,,Nuit sans éclairage public,Hors agglomération,Hors intersection,Temps couvert,Sans collision,,,,,,,,,,,3,1,1,8.0,7
201300019149,0013-04-21 06:15:00,13,4,21,6,15,570,523,,,,Crépuscule ou aube,Hors agglomération,Hors intersection,Normale,Autre collision,,,,,,,,,,,2,1,1,1.0,6
201300019150,0013-04-22 15:30:00,13,4,22,15,30,570,193,,49.22902,6.21087,Plein jour,Hors agglomération,Autre intersection,Temps éblouissant,Deux véhicules - côté,,,,,,,,,,,1,1,9,7.0,3
201300019151,0013-04-11 16:00:00,13,4,11,16,0,570,490,,,,Plein jour,Hors agglomération,Intersection en T,Pluie légère,Deux véhicules - côté,,,,,,,,,,,1,1,3,2.0,3
201300019152,0013-03-04 18:00:00,13,3,4,18,0,570,314,,,,Plein jour,Hors agglomération,Hors intersection,Temps éblouissant,Deux véhicules - arrière,,,,,,,,,,,1,1,1,7.0,2
201300019153,0013-03-27 20:30:00,13,3,27,20,30,570,630,,,,Nuit sans éclairage public,Hors agglomération,Hors intersection,Normale,Sans collision,,,,,,,,,,,3,1,1,1.0,7
201300019154,0013-06-20 16:00:00,13,6,20,16,0,570,682,,,,Plein jour,Hors agglomération,Hors intersection,Normale,Autre collision,,,,,,,,,,,1,1,1,1.0,6
201300019155,0013-08-13 17:45:00,13,8,13,17,45,570,377,GN 48.68 6.95,,,Plein jour,Hors agglomération,Hors intersection,Normale,Deux véhicules - frontale,,,,,,,,,,,1,1,1,1.0,1
201300019156,0013-10-21 11:00:00,13,10,21,11,0,570,3,78 rue Jordy,48.63696,7.09619,Plein jour,En agglomération,Hors intersection,Normale,Autre collision,,,,,,,,,,,1,2,1,1.0,6
201300019157,0013-11-23 19:30:00,13,11,23,19,30,570,509,rue du General de Gaulle,,,Nuit avec éclairage allumé,En agglomération,Hors intersection,Normale,Autre collision,,,,,,,,,,,5,2,1,1.0,6
201300019158,0013-11-23 23:30:00,13,11,23,23,30,570,623,GN 48.617  7.058,,,Nuit sans éclairage public,Hors agglomération,Hors intersection,Autre,Autre collision,,,,,,,,,,,3,1,1,9.0,6
201300019159,0013-12-02 14:45:00,13,12,2,14,45,570,630,GN 48.649 6.919,,,Plein jour,Hors agglomération,Hors intersection,Normale,Deux véhicules - frontale,,,,,,,,,,,1,1,1,1.0,1
201300019160,0013-01-06 19:00:00,13,1,6,19,0,570,334,,,,Nuit sans éclairage public,Hors agglomération,Hors intersection,Normale,Deux véhicules - frontale,,,,,,,,,,,3,1,1,1.0,1
201300019161,0013-12-08 19:00:00,13,12,8,19,0,570,330,,,,Nuit sans éclairage public,Hors agglomération,Hors intersection,Temps couvert,Autre collision,,,,,,,,,,,3,1,1,8.0,6
201300019162,0013-05-29 23:30:00,13,5,29,23,30,570,269,,,,Nuit sans éclairage public,Hors agglomération,Hors intersection,Pluie légère,Sans collision,,,,,,,,,,,3,1,1,2.0,7
201300019163,0013-11-23 19:35:00,13,11,23,19,35,350,24,,48.18477,-1.6938,Nuit sans éclairage public,Hors agglomération,Intersection en X,Normale,Deux véhicules - côté,,,,,,,,,,,3,1,2,1.0,3
201300019164,0013-12-03 16:30:00,13,12,3,16,30,350,24,,48.167,-1.625,Plein jour,Hors agglomération,Hors intersection,Normale,Sans collision,,,,,,,,,,,1,1,1,1.0,7
201300019165,0013-03-17 18:00:00,13,3,17,18,0,350,173,,48.1957,-1.69163,Plein jour,Hors agglomération,Intersection en X,Normale,Trois véhicules et plus - collisions multiples,,,,,,,,,,,1,1,2,1.0,5
201300019166,0013-04-19 17:15:00,13,4,19,17,15,350,152,,48.22738,-1.50515,Plein jour,Hors agglomération,Intersection en T,Normale,Deux véhicules - côté,,,,,,,,,,,1,1,3,1.0,3
201300019167,0013-05-03 12:45:00,13,5,3,12,45,350,51,,48.15465,-1.62455,Plein jour,Hors agglomération,Giratoire,Normale,Deux véhicules - frontale,,,,,,,,,,,1,1,6,1.0,1
201300019168,0013-05-25 10:30:00,13,5,25,10,30,350,24,,48.17222,-1.66738,Plein jour,Hors agglomération,Hors intersection,Normale,Deux véhicules - frontale,,,,,,,,,,,1,1,1,1.0,1
201300019169,0013-06-15 17:00:00,13,6,15,17,0,350,173,,48.20081,-1.72283,Plein jour,Hors agglomération,Hors intersection,Normale,Trois véhicules et plus - collisions multiples,,,,,,,,,,,1,1,1,1.0,5
201300019170,0013-07-25 22:45:00,13,7,25,22,45,350,24,rue de rennes,48.17821,-1.63906,Nuit avec éclairage allumé,En agglomération,Hors intersection,Normale,Deux véhicules - frontale,,,,,,,,,,,5,2,1,1.0,1
201300019171,0013-08-22 19:00:00,13,8,22,19,0,350,152,ZA BEAUGE,48.2109,-1.51544,Plein jour,En agglomération,Place,Temps éblouissant,Deux véhicules - côté,,,,,,,,,,,1,2,7,7.0,3
201300019172,0013-01-22 12:30:00,13,1,22,12,30,440,9,rte du loroux bottereau,,,Plein jour,Hors agglomération,Hors intersection,Pluie légère,Deux véhicules - frontale,,,,,,,,,,,1,1,1,2.0,1
201300019173,0013-09-22 14:45:00,13,9,22,14,45,440,9,,,,Plein jour,Hors agglomération,Hors intersection,Normale,Autre collision,,,,,,,,,,,1,1,1,1.0,6
201300019174,0013-11-29 22:00:00,13,11,29,22,0,440,70,,,,Nuit sans éclairage public,Hors agglomération,Hors intersection,Normale,Autre collision,,,,,,,,,,,3,1,1,1.0,6
201300019175,0013-01-23 19:30:00,13,1,23,19,30,620,792,,,,Nuit sans éclairage public,Hors agglomération,Hors intersection,Normale,Deux véhicules - côté,,,,,,,,,,,3,1,1,1.0,3
201300019176,0013-02-06 18:15:00,13,2,6,18,15,620,297,,,,Nuit sans éclairage public,Hors agglomération,Hors intersection,Vent fort / tempête,Deux véhicules - frontale,,,,,,,,,,,3,1,1,6.0,1
201300019177,0013-02-18 06:15:00,13,2,18,6,15,620,452,,50.68646,2.27401,Nuit sans éclairage public,Hors agglomération,Hors intersection,Brouillard / fumée,Autre collision,,,,,,,,,,,3,1,1,5.0,6
201300019178,0013-07-15 20:15:00,13,7,15,20,15,620,297,Route Sainte Gilles,50.83298,2.20271,Plein jour,En agglomération,Passage à niveau,Normale,Deux véhicules - frontale,,,,,,,,,,,1,2,8,1.0,1
201300019179,0013-09-07 23:30:00,13,9,7,23,30,620,792,,,,Nuit sans éclairage public,Hors agglomération,Hors intersection,Normale,Deux véhicules - frontale,,,,,,,,,,,3,1,1,1.0,1
201300019180,0013-01-05 16:00:00,13,1,5,16,0,830,116,2 Avenue Gabriel Peri,,,Plein jour,En agglomération,Hors intersection,Normale,Deux véhicules - arrière,,,,,,,,,,,1,2,1,1.0,2
201300019181,0013-03-31 17:45:00,13,3,31,17,45,830,87,,,,Plein jour,Hors agglomération,Hors intersection,Normale,Deux véhicules - frontale,,,,,,,,,,,1,1,1,1.0,1
201300019182,0013-08-01 06:30:00,13,8,1,6,30,830,96,,43.0,,Crépuscule ou aube,Hors agglomération,Hors intersection,Normale,Deux véhicules - frontale,,,,,,,,,,,2,1,1,1.0,1
201300019183,0013-05-13 10:45:00,13,5,13,10,45,830,67,Domaine de la Garnaude,,,Plein jour,En agglomération,Hors intersection,Normale,Autre collision,,,,,,,,,,,1,2,1,1.0,6
201300019184,0013-06-25 07:45:00,13,6,25,7,45,830,57,Les quatre chemins -CD13,,,Plein jour,En agglomération,Hors intersection,Normale,Autre collision,,,,,,,,,,,1,2,1,1.0,6
201300019185,0013-10-29 19:30:00,13,10,29,19,30,830,73,Route de Brignoles,,,Nuit sans éclairage public,En agglomération,Hors intersection,Pluie légère,Deux véhicules - arrière,,,,,,,,,,,3,2,1,2.0,2
201300019186,0013-11-08 18:15:00,13,11,8,18,15,830,73,Av Pierre Mendes France,43.38511,6.30572,Crépuscule ou aube,En agglomération,Hors intersection,Normale,Deux véhicules - côté,,,,,,,,,,,2,2,1,1.0,3
201300019187,0013-11-25 17:30:00,13,11,25,17,30,830,73,Rte de Nice PK57.500,,,Nuit avec éclairage allumé,En agglomération,Hors intersection,Normale,Deux véhicules - frontale,,,,,,,,,,,5,2,1,1.0,1
201300019188,0013-12-06 14:45:00,13,12,6,14,45,830,31,"Qt taurelle, Intermarch?",43.66,6.551,Plein jour,En agglomération,Hors intersection,Normale,Autre collision,,,,,,,,,,,1,2,1,1.0,6
201300019189,0013-12-17 17:00:00,13,12,17,17,0,830,31,route nationale,43.655,6.568,Nuit sans éclairage public,En agglomération,Hors intersection,Normale,Trois véhicules et plus - collisions multiples,,,,,,,,,,,3,2,1,1.0,5
201300019190,0013-01-08 18:30:00,13,1,8,18,30,740,206,,,,Nuit sans éclairage public,Hors agglomération,Hors intersection,Brouillard / fumée,Autre collision,,,,,,,,,,,3,1,1,5.0,6
201300019191,0013-01-13 11:00:00,13,1,13,11,0,740,105,,46.299,6.277,Plein jour,Hors agglomération,Hors intersection,Pluie légère,Deux véhicules - frontale,,,,,,,,,,,1,1,1,2.0,1
201300019192,0013-02-20 02:30:00,13,2,20,2,30,740,106,,46.308,6.465,Nuit sans éclairage public,Hors agglomération,Hors intersection,Normale,Autre collision,,,,,,,,,,,3,1,1,1.0,6
201300019193,0013-02-22 15:00:00,13,2,22,15,0,740,48,,,,Plein jour,Hors agglomération,Intersection en Y,Neige / grêle,Deux véhicules - côté,,,,,,,,,,,1,1,4,4.0,3
201300019194,0013-02-27 19:45:00,13,2,27,19,45,740,105,Route de Thonon,46.312,6.313,Nuit avec éclairage allumé,En agglomération,Intersection en X,Normale,Deux véhicules - frontale,,,,,,,,,,,5,2,2,1.0,1
201300019195,0013-04-18 18:15:00,13,4,18,18,15,740,5,,46.336,6.45,Plein jour,Hors agglomération,Hors intersection,Normale,Autre collision,,,,,,,,,,,1,1,1,1.0,6
201300019196,0013-05-01 20:30:00,13,5,1,20,30,740,25,,46.288,6.348,Crépuscule ou aube,Hors agglomération,Hors intersection,Temps couvert,Autre collision,,,,,,,,,,,2,1,1,8.0,6
201300019197,0013-05-30 14:15:00,13,5,30,14,15,740,48,,46.275,6.389,Plein jour,Hors agglomération,Hors intersection,Normale,Autre collision,,,,,,,,,,,1,1,1,1.0,6
201300019198,0013-06-07 19:00:00,13,6,7,19,0,740,43,,46.264,6.355,Plein jour,Hors agglomération,Hors intersection,Normale,Deux véhicules - frontale,,,,,,,,,,,1,1,1,1.0,1
201300019199,0013-06-20 10:45:00,13,6,20,10,45,740,150,THOLOMAZ,,,Plein jour,En agglomération,Giratoire,Normale,Autre collision,,,,,,,,,,,1,2,6,1.0,6
201300019200,0013-06-30 11:00:00,13,6,30,11,0,740,210,,46.3,6.432,Plein jour,Hors agglomération,Intersection en T,Normale,Deux véhicules - côté,,,,,,,,,,,1,1,3,1.0,3
201300019201,0013-07-16 18:15:00,13,7,16,18,15,740,5,,46.339,6.454,Plein jour,Hors agglomération,Hors intersection,Normale,Deux véhicules - côté,,,,,,,,,,,1,1,1,1.0,3
201300019202,0013-07-09 12:30:00,13,7,9,12,30,740,105,AVENUE DE GENEVE,,,Plein jour,En agglomération,Hors intersection,Normale,Deux véhicules - côté,,,,,,,,,,,1,2,1,1.0,3
201300019203,0013-07-24 13:00:00,13,7,24,13,0,740,150,,46.298,6.319,Plein jour,Hors agglomération,Hors intersection,Normale,Sans collision,,,,,,,,,,,1,1,1,1.0,7
201300019204,0013-08-20 09:00:00,13,8,20,9,0,740,105,RUE DES ACCACIAS,,,Plein jour,En agglomération,Intersection en X,Normale,Deux véhicules - côté,,,,,,,,,,,1,2,2,1.0,3
201300019205,0013-08-24 19:15:00,13,8,24,19,15,740,43,,,,Plein jour,Hors agglomération,Hors intersection,Normale,Autre collision,,,,,,,,,,,1,1,1,1.0,6
201300019206,0013-09-22 13:45:00,13,9,22,13,45,740,5,,,,Plein jour,Hors agglomération,Intersection en X,Normale,Deux véhicules - côté,,,,,,,,,,,1,1,2,1.0,3
201300019207,0013-11-26 12:30:00,13,11,26,12,30,740,315,RUE DE MESSERY,,,Plein jour,En agglomération,Intersection en Y,Normale,Deux véhicules - côté,,,,,,,,,,,1,2,4,1.0,3
201300019208,0013-12-08 16:30:00,13,12,8,16,30,740,105,Avenue de THONON,,,Plein jour,En agglomération,Hors intersection,Normale,Autre collision,,,,,,,,,,,1,2,1,1.0,6
201300019209,0013-05-11 00:01:00,13,5,11,0,1,500,173,RUE DU PORT,49.6695,-1.68071,Nuit sans éclairage public,En agglomération,Hors intersection,Normale,Autre collision,,,,,,,,,,,3,2,1,1.0,6
201300019210,0013-06-30 11:45:00,13,6,30,11,45,350,152,,48.19766,-1.51102,Plein jour,Hors agglomération,Intersection en X,Normale,Deux véhicules - côté,,,,,,,,,,,1,1,2,1.0,3
201300019211,0013-07-15 14:45:00,13,7,15,14,45,350,31,,48.17875,-1.43305,Plein jour,Hors agglomération,Giratoire,Normale,Deux véhicules - frontale,,,,,,,,,,,1,1,6,1.0,1
201300019212,0013-08-01 22:45:00,13,8,1,22,45,350,173,,48.20269,-1.69468,Nuit sans éclairage public,Hors agglomération,Hors intersection,Normale,Deux véhicules - arrière,,,,,,,,,,,3,1,1,1.0,2
201300019213,0013-01-04 11:30:00,13,1,4,11,30,240,449,,44.9897,0.19817,Plein jour,Hors agglomération,Hors intersection,Normale,Deux véhicules - arrière,,,,,,,,,,,1,1,1,1.0,2
201300019214,0013-04-06 11:15:00,13,4,6,11,15,240,312,A89,45.144,0.68705,Plein jour,Hors agglomération,Hors intersection,Normale,Autre collision,,,,,,,,,,,1,1,1,1.0,6
201300019215,0013-05-12 00:15:00,13,5,12,0,15,240,59,,45.02455,0.39348,Nuit sans éclairage public,Hors agglomération,Hors intersection,Normale,Autre collision,,,,,,,,,,,3,1,1,1.0,6
201300019216,0013-02-07 16:30:00,13,2,7,16,30,340,169,CHEMIN MAS DE L HUILE,43.6678,3.8557,Plein jour,Hors agglomération,Intersection en T,Normale,Deux véhicules - frontale,,,,,,,,,,,1,1,3,1.0,1
201300019217,0013-02-08 04:00:00,13,2,8,4,0,340,77,,43.65058,3.88368,Nuit sans éclairage public,Hors agglomération,Hors intersection,Normale,Autre collision,,,,,,,,,,,3,1,1,1.0,6
201300019218,0013-03-21 17:45:00,13,3,21,17,45,340,120,rue françois dezeuze,43.66578,3.92011,Plein jour,En agglomération,Intersection en X,Normale,Deux véhicules - côté,,,,,,,,,,,1,2,2,1.0,3
201300019219,0013-05-08 18:30:00,13,5,8,18,30,340,217,55 rte de mende,43.69789,3.86295,Plein jour,En agglomération,Hors intersection,Normale,Autre collision,,,,,,,,,,,1,2,1,1.0,6
201300019220,0013-06-06 13:15:00,13,6,6,13,15,340,118,,43.71649,3.91308,Plein jour,Hors agglomération,Hors intersection,Normale,Sans collision,,,,,,,,,,,1,1,1,1.0,7
201300019221,0013-06-15 13:15:00,13,6,15,13,15,340,120,Avenue joseph arlery,43.66213,3.90978,Plein jour,En agglomération,Hors intersection,Normale,Sans collision,,,,,,,,,,,1,2,1,1.0,7
201300019222,0013-06-21 18:30:00,13,6,21,18,30,340,217,,43.72902,3.86816,Plein jour,Hors agglomération,Hors intersection,Normale,Deux véhicules - frontale,,,,,,,,,,,1,1,1,1.0,1
201300019223,0013-07-11 23:40:00,13,7,11,23,40,340,169,,43.68101,3.8655,Nuit sans éclairage public,Hors agglomération,Hors intersection,Normale,Deux véhicules - frontale,,,,,,,,,,,3,1,1,1.0,1
201300019224,0013-08-10 03:00:00,13,8,10,3,0,340,169,,,,Nuit sans éclairage public,Hors agglomération,Hors intersection,Normale,Autre collision,,,,,,,,,,,3,1,1,1.0,6
201300019225,0013-08-18 18:00:00,13,8,18,18,0,340,14,,43.72629,3.90266,Plein jour,Hors agglomération,Hors intersection,Normale,Trois véhicules et plus - collisions multiples,,,,,,,,,,,1,1,1,1.0,5
201300019226,0013-10-16 17:45:00,13,10,16,17,45,340,77,boulevard de la libert?,,,Plein jour,En agglomération,Hors intersection,Normale,Deux véhicules - arrière,,,,,,,,,,,1,2,1,1.0,2
201300019227,0013-11-22 15:00:00,13,11,22,15,0,340,90,,,,Plein jour,Hors agglomération,Hors intersection,Temps couvert,Deux véhicules - côté,,,,,,,,,,,1,1,1,8.0,3
201300019228,0013-11-28 16:15:00,13,11,28,16,15,340,77,,,,Plein jour,Hors agglomération,Hors intersection,Normale,Deux véhicules - frontale,,,,,,,,,,,1,1,1,1.0,1
201300019229,0013-10-21 12:25:00,13,10,21,12,25,160,15,136 RUE  SAINT ROCH,45.64991,0.16887,Plein jour,En agglomération,Hors intersection,Normale,Autre collision,,,,,,,,,,,1,2,1,1.0,6
201300019230,0013-10-07 17:46:00,13,10,7,17,46,160,358,(DEVIATION D'angouleme,45.67887,0.14904,Plein jour,Hors agglomération,Hors intersection,Normale,Deux véhicules - arrière,,,,,,,,,,,1,1,1,1.0,2
201300019231,0013-01-09 10:55:00,13,1,9,10,55,160,374,,,,Plein jour,Hors agglomération,Hors intersection,Normale,Deux véhicules - frontale,,,,,,,,,,,1,1,1,1.0,1
201300019232,0013-01-22 07:25:00,13,1,22,7,25,160,154,Belhasard,45.67172,0.17588,Crépuscule ou aube,En agglomération,Hors intersection,Pluie légère,Deux véhicules - côté,,,,,,,,,,,2,2,1,2.0,3
201300019233,0013-01-27 09:20:00,13,1,27,9,20,160,15,route de Basseau,45.65161,0.1285,Plein jour,En agglomération,Hors intersection,Pluie légère,Deux véhicules - côté,,,,,,,,,,,1,2,1,2.0,3
201300019234,0013-10-12 15:00:00,13,10,12,15,0,160,15,BOULEVARD De BIGORRE,45.63489,0.12881,Plein jour,En agglomération,Hors intersection,Pluie légère,Autre collision,,,,,,,,,,,1,2,1,2.0,6
201300019235,0013-02-06 15:25:00,13,2,6,15,25,160,358,Bellevue,45.67577,0.14466,Plein jour,Hors agglomération,Hors intersection,Normale,Trois véhicules et plus - en chaîne,,,,,,,,,,,1,1,1,1.0,4
201300019236,0013-02-20 18:17:00,13,2,20,18,17,160,15,Av du President wilson,45.64897,0.15026,Nuit avec éclairage allumé,En agglomération,Intersection en Y,Normale,Autre collision,,,,,,,,,,,5,2,4,1.0,6
201300019237,0013-02-21 16:36:00,13,2,21,16,36,160,154,258 route de Paris,45.67439,0.17422,Plein jour,En agglomération,Hors intersection,Normale,Autre collision,,,,,,,,,,,1,2,1,1.0,6
201300019238,0013-03-05 21:45:00,13,3,5,21,45,160,15,Quartier Basseau,45.64766,0.12842,Nuit avec éclairage allumé,En agglomération,Hors intersection,Normale,Autre collision,,,,,,,,,,,5,2,1,1.0,6
201300019239,0013-03-24 09:15:00,13,3,24,9,15,160,358,RUE DE  ROYAN,45.66285,0.13204,Plein jour,En agglomération,Intersection en T,Normale,Deux véhicules - arrière,,,,,,,,,,,1,2,3,1.0,2
201300019240,0013-03-21 14:30:00,13,3,21,14,30,160,271,PEUSEC,45.62543,0.18079,Plein jour,Hors agglomération,Hors intersection,Normale,Deux véhicules - arrière,,,,,,,,,,,1,1,1,1.0,2
201300019241,0013-03-21 16:40:00,13,3,21,16,40,160,113,Zone de Chantemerle,45.61924,0.10631,Plein jour,En agglomération,Hors intersection,Normale,Deux véhicules - arrière,,,,,,,,,,,1,2,1,1.0,2