accident_id,datetime,annee,mois,jour,heure,minute,departement,commune_insee,adresse,latitude,longitude,luminosite,agglomeration,intersection,meteo,collision,nb_vehicules,nb_usagers,nb_indemnes,nb_tues,nb_blesses_hosp,nb_blesses_legers,age_cond_1,age_cond_2,veh_type_cond_1,veh_type_cond_2,lum_code,agg_code,int_code,atm_code,col_code
201300019364,0013-05-19 19:00:00,13,5,19,19,0,170,449,"174490157, RD 739 (ROUTE",45.95791,-0.85161,Plein jour,Hors agglomération,Hors intersection,Pluie légère,Autre collision,,,,,,,,,,,1,1,1,2.0,6
201300019365,0013-05-20 16:00:00,13,5,20,16,0,170,299,LOTI RUE PIERRE,45.93757,-0.96199,Plein jour,En agglomération,Intersection en X,Pluie légère,Deux véhicules - côté,,,,,,,,,,,1,2,2,2.0,3
201300019366,0013-05-28 15:50:00,13,5,28,15,50,170,449,CHAMPSERVE ROUTE DE,45.96439,-0.87239,Plein jour,Hors agglomération,Hors intersection,Normale,Sans collision,,,,,,,,,,,1,1,1,1.0,7
201300019367,0013-06-06 10:35:00,13,6,6,10,35,170,299,"0, PLUMIER RUE CHARLES",45.92441,-0.9565,Plein jour,En agglomération,Hors intersection,Normale,Sans collision,,,,,,,,,,,1,2,1,1.0,7
201300019368,0013-06-13 08:25:00,13,6,13,8,25,170,449,"30, SALVADOR RUE ALLENDE",45.94997,-0.88895,Plein jour,En agglomération,Hors intersection,Normale,Sans collision,,,,,,,,,,,1,2,1,1.0,7
201300019369,0013-06-14 15:35:00,13,6,14,15,35,170,449,R.D. 137 (TONNAY CHARENT,,,Plein jour,Hors agglomération,Intersection en X,Normale,Deux véhicules - arrière,,,,,,,,,,,1,1,2,1.0,2
201300019370,0013-06-15 15:00:00,13,6,15,15,0,170,449,JOLIOT CURIE RUE,45.94541,-0.89043,Plein jour,En agglomération,Giratoire,Normale,Deux véhicules - frontale,,,,,,,,,,,1,2,6,1.0,1
201300019371,0013-06-24 21:25:00,13,6,24,21,25,170,449,SAINTONGE AVENUE DE,45.95374,-0.87784,Crépuscule ou aube,Hors agglomération,Giratoire,Normale,Deux véhicules - côté,,,,,,,,,,,2,1,6,1.0,3
201300019372,0013-06-25 19:20:00,13,6,25,19,20,170,299,"1, LIBERATION AVENUE DE",45.94954,-0.94791,Plein jour,En agglomération,Hors intersection,Normale,Deux véhicules - côté,,,,,,,,,,,1,2,1,1.0,3
201300019373,0013-06-27 17:30:00,13,6,27,17,30,170,299,ONZE NOVEMBRE 1918 AVENU,45.93017,-0.95974,Plein jour,En agglomération,Intersection en X,Normale,Deux véhicules - côté,,,,,,,,,,,1,2,2,1.0,3
201300019374,0013-06-30 19:25:00,13,6,30,19,25,170,299,MILLE PATTES BOULEVARD D,45.9256,-0.97548,Plein jour,Hors agglomération,Hors intersection,Normale,Deux véhicules - arrière,,,,,,,,,,,1,1,1,1.0,2
201300019375,0013-07-05 11:25:00,13,7,5,11,25,170,299,"N 82, GAMBETTA RUE",45.94,-0.97081,Plein jour,En agglomération,Hors intersection,Normale,Autre collision,,,,,,,,,,,1,2,1,1.0,6
201300019376,0013-07-12 10:45:00,13,7,12,10,45,170,299,"0, MILLE PATTES BOULEVAR",45.925,-0.97452,Plein jour,Hors agglomération,Hors intersection,Normale,Deux véhicules - arrière,,,,,,,,,,,1,1,1,1.0,2
201300019377,0013-07-20 11:20:00,13,7,20,11,20,170,449,"105, SAINTONGE AVENUE DE",45.95063,-0.89472,Plein jour,En agglomération,Hors intersection,Normale,Trois véhicules et plus - en chaîne,,,,,,,,,,,1,2,1,1.0,4
201300019378,0013-07-29 13:55:00,13,7,29,13,55,170,449,RD 739 (ROUTE DE LUSSANT,45.95389,-0.87718,Plein jour,Hors agglomération,Hors intersection,Normale,Deux véhicules - côté,,,,,,,,,,,1,1,1,1.0,3
201300019379,0013-07-29 17:30:00,13,7,29,17,30,170,299,"94, DIERAS AVENUE DU DOC",45.94687,-0.9762,Plein jour,En agglomération,Giratoire,Normale,Deux véhicules - côté,,,,,,,,,,,1,2,6,1.0,3
201300019380,0013-08-05 17:40:00,13,8,5,17,40,170,299,CASSE AUX PRETRES RUE DE,45.95561,-0.96911,Plein jour,En agglomération,Intersection en X,Normale,Deux véhicules - côté,,,,,,,,,,,1,2,2,1.0,3
201300019381,0013-08-06 19:35:00,13,8,6,19,35,170,299,"?, THIERS RUE",45.93881,-0.9628,Plein jour,En agglomération,Intersection en X,Normale,Deux véhicules - côté,,,,,,,,,,,1,2,2,1.0,3
201300019382,0013-08-08 12:00:00,13,8,8,12,0,170,299,"172990257, MILLE PATTES",45.93166,-0.9821,Plein jour,Hors agglomération,Hors intersection,Normale,Deux véhicules - arrière,,,,,,,,,,,1,1,1,1.0,2
201300019383,0013-08-11 20:50:00,13,8,11,20,50,170,299,PELLETAN AVENUE,45.94163,-0.96489,Crépuscule ou aube,En agglomération,Hors intersection,Normale,Sans collision,,,,,,,,,,,2,2,1,1.0,7
201300019384,0013-09-01 18:00:00,13,9,1,18,0,170,299,AUDRY DE PUYRAVAULT RUE,45.93707,-0.96096,Plein jour,En agglomération,Intersection en X,Normale,Deux véhicules - côté,,,,,,,,,,,1,2,2,1.0,3
201300019385,0013-09-04 12:10:00,13,9,4,12,10,170,299,"0, BACHELARD AVENUE VICT",45.94578,-0.95607,Plein jour,En agglomération,Hors intersection,Normale,Deux véhicules - arrière,,,,,,,,,,,1,2,1,1.0,2
201300019386,0013-09-05 08:25:00,13,9,5,8,25,170,299,BACHELARD AVENUE VICTOR-,45.94643,-0.95635,Plein jour,En agglomération,Hors intersection,Normale,Deux véhicules - côté,,,,,,,,,,,1,2,1,1.0,3
201300019387,0013-09-11 10:05:00,13,9,11,10,5,170,299,PELLETAN AVENUE,45.94264,-0.96182,Plein jour,En agglomération,Hors intersection,Normale,Sans collision,,,,,,,,,,,1,2,1,1.0,7
201300019388,0013-09-13 16:40:00,13,9,13,16,40,170,449,"174490051, R.D. 911",45.96454,-0.92551,Plein jour,Hors agglomération,Hors intersection,Normale,Deux véhicules - côté,,,,,,,,,,,1,1,1,1.0,3
201300019389,0013-09-14 15:55:00,13,9,14,15,55,170,299,BEGON ROND POINT ET RUE,45.94176,-0.95907,Plein jour,En agglomération,Intersection en X,Pluie forte,Trois véhicules et plus - collisions multiples,,,,,,,,,,,1,2,2,3.0,5
201300019390,0013-09-15 18:40:00,13,9,15,18,40,170,449,"174490160, RD 117",45.95814,-0.85921,Plein jour,Hors agglomération,Hors intersection,Normale,Sans collision,,,,,,,,,,,1,1,1,1.0,7
201300019391,0013-09-16 07:55:00,13,9,16,7,55,170,299,"34 bis, POUZET BOULEVARD",45.9312,-0.97027,Plein jour,En agglomération,Hors intersection,Pluie légère,Deux véhicules - côté,,,,,,,,,,,1,2,1,2.0,3
201300019392,0013-09-19 16:00:00,13,9,19,16,0,170,299,"172990293, PLUMIER RUE C",45.92354,-0.95598,Plein jour,En agglomération,Hors intersection,Normale,Deux véhicules - côté,,,,,,,,,,,1,2,1,1.0,3
201300019393,0013-09-21 11:15:00,13,9,21,11,15,170,299,"172990299, PONTY AVENUE",45.94567,-0.95579,Plein jour,En agglomération,Hors intersection,Normale,Deux véhicules - arrière,,,,,,,,,,,1,2,1,1.0,2
201300019394,0013-09-24 08:10:00,13,9,24,8,10,170,299,BEGON ROND POINT ET RUE,45.94307,-0.96014,Plein jour,En agglomération,Giratoire,Normale,Deux véhicules - côté,,,,,,,,,,,1,2,6,1.0,3
201300019395,0013-09-29 04:50:00,13,9,29,4,50,170,299,BIGNON BOULEVARD ET ROND,45.95876,-0.97877,Nuit avec éclairage allumé,En agglomération,Hors intersection,Normale,Deux véhicules - frontale,,,,,,,,,,,5,2,1,1.0,1
201300019396,0013-10-09 12:20:00,13,10,9,12,20,170,299,POUZET BOULEVARD EDOUARD,45.9339,-0.97699,Plein jour,En agglomération,Hors intersection,Normale,Deux véhicules - arrière,,,,,,,,,,,1,2,1,1.0,2
201300019397,0013-10-11 17:05:00,13,10,11,17,5,170,449,"174490043, SAINTONGE AVE",45.94974,-0.89964,Plein jour,En agglomération,Hors intersection,Normale,Deux véhicules - arrière,,,,,,,,,,,1,2,1,1.0,2
201300019398,0013-10-14 16:55:00,13,10,14,16,55,170,299,LATOUCHE TREVILLE RUE,45.94106,-0.96014,Plein jour,En agglomération,Intersection en X,Normale,Deux véhicules - côté,,,,,,,,,,,1,2,2,1.0,3
201300019399,0013-10-17 17:50:00,13,10,17,17,50,170,299,"172990279, PECHEURS D'IS",45.94827,-0.99001,Plein jour,En agglomération,Intersection en T,Normale,Deux véhicules - côté,,,,,,,,,,,1,2,3,1.0,3
201300019400,0013-10-18 18:25:00,13,10,18,18,25,170,449,"174490184, BOURRELIERS A",45.94364,-0.89138,Plein jour,En agglomération,Hors intersection,Normale,Deux véhicules - frontale,,,,,,,,,,,1,2,1,1.0,1
201300019401,0013-10-23 09:40:00,13,10,23,9,40,170,299,"53, GAMBETTA RUE",45.93948,-0.96952,Plein jour,En agglomération,Hors intersection,Normale,Sans collision,,,,,,,,,,,1,2,1,1.0,7
201300019402,0013-10-25 11:55:00,13,10,25,11,55,170,299,"172990048, BIGNON BOULEV",45.94891,-0.9874,Plein jour,En agglomération,Hors intersection,Pluie forte,Sans collision,,,,,,,,,,,1,2,1,3.0,7
201300019403,0013-10-25 12:00:00,13,10,25,12,0,170,299,"172990257, MILLE PATTES",45.91094,-0.96517,Plein jour,Hors agglomération,Hors intersection,Pluie forte,Trois véhicules et plus - en chaîne,,,,,,,,,,,1,1,1,3.0,4
201300019404,0013-10-28 11:35:00,13,10,28,11,35,170,299,"172990257, MILLE PATTES",45.92203,-0.97077,Plein jour,Hors agglomération,Hors intersection,Pluie légère,Sans collision,,,,,,,,,,,1,1,1,2.0,7
201300019405,0013-10-28 17:15:00,13,10,28,17,15,170,299,"172990204, LA FAYETTE RU",45.93515,-0.96353,Plein jour,Hors agglomération,Intersection en X,Normale,Deux véhicules - côté,,,,,,,,,,,1,1,2,1.0,3
201300019406,0013-11-05 07:15:00,13,11,5,7,15,170,449,"172990139, TOUCHE ROND P",45.94812,-0.91052,Nuit avec éclairage allumé,En agglomération,Intersection en T,Pluie forte,Deux véhicules - côté,,,,,,,,,,,5,2,3,3.0,3
201300019407,0013-11-09 12:10:00,13,11,9,12,10,170,299,"N? 5, AUNIS AVENUE D'",45.94851,-0.97647,Plein jour,En agglomération,Hors intersection,Pluie forte,Deux véhicules - arrière,,,,,,,,,,,1,2,1,3.0,2
201300019408,0013-11-16 16:45:00,13,11,16,16,45,170,299,"27, BACHELARD AVENUE VIC",45.95183,-0.95474,Plein jour,En agglomération,Hors intersection,Normale,Deux véhicules - côté,,,,,,,,,,,1,2,1,1.0,3
201300019409,0013-11-20 13:30:00,13,11,20,13,30,170,299,"22, DEPORTES ET FUSILLES",45.93288,-0.96643,Plein jour,En agglomération,Hors intersection,Normale,Sans collision,,,,,,,,,,,1,2,1,1.0,7
201300019410,0013-11-20 18:45:00,13,11,20,18,45,170,299,"10, PONTY AVENUE W.",45.94578,-0.95566,Nuit avec éclairage allumé,En agglomération,Hors intersection,Pluie légère,Deux véhicules - côté,,,,,,,,,,,5,2,1,2.0,3
201300019411,0013-11-21 18:25:00,13,11,21,18,25,170,299,RESISTANCE BOULEVARD DE,45.93094,-0.96341,Plein jour,En agglomération,Hors intersection,Normale,Trois véhicules et plus - en chaîne,,,,,,,,,,,1,2,1,1.0,4
201300019412,0013-11-21 18:25:00,13,11,21,18,25,170,299,"172990172, GIRAUD RUE",45.94945,-0.97297,Nuit avec éclairage allumé,En agglomération,Intersection en X,Pluie légère,Deux véhicules - côté,,,,,,,,,,,5,2,2,2.0,3
201300019413,0013-11-21 18:35:00,13,11,21,18,35,170,449,"174490104, GAULLE AVENUE",45.94461,-0.89423,Nuit avec éclairage allumé,En agglomération,Intersection en T,Pluie légère,Deux véhicules - côté,,,,,,,,,,,5,2,3,2.0,3
201300019414,0013-12-04 12:15:00,13,12,4,12,15,170,299,"25, RHIN ET DANUBE AVENU",45.95089,-0.96753,Plein jour,En agglomération,Hors intersection,Normale,Deux véhicules - arrière,,,,,,,,,,,1,2,1,1.0,2
201300019415,0013-12-11 08:25:00,13,12,11,8,25,170,449,"174490185, Moulin de P?f",45.94836,-0.91418,Plein jour,Hors agglomération,Hors intersection,Normale,Sans collision,,,,,,,,,,,1,1,1,1.0,7
201300019416,0013-12-17 15:05:00,13,12,17,15,5,170,299,"172990282, PELTIER RUE D",45.94,-0.96351,Plein jour,En agglomération,Hors intersection,Normale,Sans collision,,,,,,,,,,,1,2,1,1.0,7
201300019417,0013-12-19 09:45:00,13,12,19,9,45,170,299,POLYGONE ROND POINT DU,45.93099,-0.96577,Plein jour,En agglomération,Giratoire,Normale,Deux véhicules - côté,,,,,,,,,,,1,2,6,1.0,3
201300019418,0013-12-19 19:15:00,13,12,19,19,15,170,449,"122, AUNIS AVENUE D'",45.95015,-0.92565,Nuit avec éclairage allumé,En agglomération,Intersection en T,Pluie légère,Deux véhicules - côté,,,,,,,,,,,5,2,3,2.0,3
201300019419,0013-12-21 16:10:00,13,12,21,16,10,170,299,"28, DENFERT ROCHEREAU RU",45.93947,-0.96595,Plein jour,En agglomération,Hors intersection,Normale,Autre collision,,,,,,,,,,,1,2,1,1.0,6
201300019420,0013-12-24 13:40:00,13,12,24,13,40,170,299,"110, LOTI RUE PIERRE",45.93722,-0.96212,Plein jour,En agglomération,Intersection en X,Pluie légère,Deux véhicules - côté,,,,,,,,,,,1,2,2,2.0,3
201300019421,0013-12-29 01:00:00,13,12,29,1,0,170,299,"115, POUZET BOULEVARD ED",45.93324,-0.97544,Nuit sans éclairage public,En agglomération,Hors intersection,Normale,Sans collision,,,,,,,,,,,3,2,1,1.0,7
201300019422,0013-12-27 18:05:00,13,12,27,18,5,170,299,"25, MERMOZ RUE",45.94928,-0.97458,Nuit avec éclairage allumé,En agglomération,Intersection en X,Normale,Sans collision,,,,,,,,,,,5,2,2,1.0,7
201300019423,0013-01-18 10:55:00,13,1,18,10,55,170,300,112 PK RN137 ROCHEFORT J,46.12122,-1.10956,Plein jour,Hors agglomération,Hors intersection,Pluie légère,Autre collision,,,,,,,,,,,1,1,1,2.0,6
201300019424,0013-01-23 10:23:00,13,1,23,10,23,170,300,"2, ROUX   RUE DE",46.1471,-1.15094,Plein jour,En agglomération,Hors intersection,Normale,Deux véhicules - arrière,,,,,,,,,,,1,2,1,1.0,2
201300019425,0013-01-23 19:40:00,13,1,23,19,40,170,300,CORSAIRES   AVENUE DES (,46.1689,-1.17189,Crépuscule ou aube,En agglomération,Hors intersection,Normale,Deux véhicules - côté,,,,,,,,,,,2,2,1,1.0,3
201300019426,0013-01-25 06:08:00,13,1,25,6,8,170,300,537 RN ENTREE ROCADE  CH,46.1722,-1.18817,Nuit avec éclairage allumé,Hors agglomération,Hors intersection,Normale,Sans collision,,,,,,,,,,,5,1,1,1.0,7
201300019427,0013-01-27 17:38:00,13,1,27,17,38,170,300,05 PK RN237 MOULIN JUSTI,46.1754,-1.12473,Plein jour,Hors agglomération,Hors intersection,Normale,Sans collision,,,,,,,,,,,1,1,1,1.0,7
201300019428,0013-01-29 16:56:00,13,1,29,16,56,170,300,"2, PINCHON   RUE LOUISE",46.1639,-1.11621,Plein jour,En agglomération,Hors intersection,Normale,Deux véhicules - côté,,,,,,,,,,,1,2,1,1.0,3
201300019429,0013-01-29 16:15:00,13,1,29,16,15,170,28,"02, COURLIS   RUE DES",46.1276,-1.12677,Plein jour,En agglomération,Intersection en T,Normale,Deux véhicules - côté,,,,,,,,,,,1,2,3,1.0,3
201300019430,0013-01-30 08:05:00,13,1,30,8,5,170,300,"293, CORSAIRES   AVENUE",46.1728,-1.16185,Crépuscule ou aube,En agglomération,Hors intersection,Normale,Autre collision,,,,,,,,,,,2,2,1,1.0,6
201300019431,0013-02-04 17:41:00,13,2,4,17,41,170,300,"2, 33 PK RN11 NANTES ROC",46.18001,-1.09378,Crépuscule ou aube,En agglomération,Hors intersection,Pluie légère,Autre collision,,,,,,,,,,,2,2,1,2.0,6
201300019432,0013-02-08 19:37:00,13,2,8,19,37,170,300,"2, DELMAS   AVENUE MAURI",46.15851,-1.15955,Crépuscule ou aube,En agglomération,Hors intersection,Normale,Deux véhicules - côté,,,,,,,,,,,2,2,1,1.0,3
201300019433,0013-02-11 16:50:00,13,2,11,16,50,170,300,"2, PRUNIER   QUAI LOUIS",46.1538,-1.14903,Plein jour,En agglomération,Hors intersection,Normale,Autre collision,,,,,,,,,,,1,2,1,1.0,6
201300019434,0013-02-12 17:10:00,13,2,12,17,10,170,300,DAUPHINE   AVENUE DE LA,46.1685,-1.14994,Plein jour,En agglomération,Hors intersection,Normale,Autre collision,,,,,,,,,,,1,2,1,1.0,6
201300019435,0013-02-12 21:35:00,13,2,12,21,35,170,300,"2, MAIL   ALLEE DU",46.1559,-1.16635,Nuit avec éclairage allumé,En agglomération,Hors intersection,Normale,Autre collision,,,,,,,,,,,5,2,1,1.0,6
201300019436,0013-02-14 14:45:00,13,2,14,14,45,170,300,"2, LECLERC   AVENUE DU G",46.1625,-1.15864,Plein jour,En agglomération,Hors intersection,Normale,Sans collision,,,,,,,,,,,1,2,1,1.0,7
201300019437,0013-02-15 00:50:00,13,2,15,0,50,170,300,"4, VESPUCCI   AVENUE AME",46.15262,-1.15487,Nuit avec éclairage allumé,En agglomération,Hors intersection,Normale,Deux véhicules - côté,,,,,,,,,,,5,2,1,1.0,3
201300019438,0013-02-16 18:25:00,13,2,16,18,25,170,300,"57, LECLERC   AVENUE DU",46.16,-1.164,Crépuscule ou aube,En agglomération,Hors intersection,Normale,Autre collision,,,,,,,,,,,2,2,1,1.0,6
201300019439,0013-02-19 17:10:00,13,2,19,17,10,170,200,"2, MOISY   AVENUE DU REC",46.1722,-1.17201,Crépuscule ou aube,En agglomération,Hors intersection,Normale,Autre collision,,,,,,,,,,,2,2,1,1.0,6
201300019440,0013-02-21 15:01:00,13,2,21,15,1,170,300,"2, ROYALE   AVENUE DE LA",46.1622,-1.14166,Plein jour,En agglomération,Hors intersection,Normale,Sans collision,,,,,,,,,,,1,2,1,1.0,7
201300019441,0013-02-22 17:10:00,13,2,22,17,10,170,300,", CORSAIRES   AVENUE DES",46.1694,-1.17064,Plein jour,En agglomération,Hors intersection,Normale,Deux véhicules - côté,,,,,,,,,,,1,2,1,1.0,3
201300019442,0013-02-26 16:00:00,13,2,26,16,0,170,300,"2, LUCILE   RUE",46.13914,-1.16699,Plein jour,En agglomération,Hors intersection,Normale,Sans collision,,,,,,,,,,,1,2,1,1.0,7
201300019443,0013-03-01 15:05:00,13,3,1,15,5,170,300,REAUMUR   RUE,46.16026,-1.15576,Plein jour,En agglomération,Hors intersection,Normale,Deux véhicules - arrière,,,,,,,,,,,1,2,1,1.0,2
201300019444,0013-03-01 17:00:00,13,3,1,17,0,170,300,"2, BILLAUD-VARENNE   AVE",46.1519,-1.12285,Plein jour,En agglomération,Hors intersection,Normale,Autre collision,,,,,,,,,,,1,2,1,1.0,6
201300019445,0013-03-08 22:10:00,13,3,8,22,10,170,300,"121, GUITON   AVENUE JEA",46.16017,-1.16889,Nuit avec éclairage non allumé,En agglomération,Hors intersection,Normale,Deux véhicules - arrière,,,,,,,,,,,4,2,1,1.0,2
201300019446,0013-03-09 17:45:00,13,3,9,17,45,170,300,CHAMP DE MARS   AVENUE D,46.16945,-1.14882,Plein jour,En agglomération,Hors intersection,Normale,Autre collision,,,,,,,,,,,1,2,1,1.0,6
201300019447,0013-03-10 05:14:00,13,3,10,5,14,170,274,"51, DELACROIX   RUE EUGE",46.15023,-1.09017,Nuit avec éclairage allumé,En agglomération,Hors intersection,Normale,Autre collision,,,,,,,,,,,5,2,1,1.0,6
201300019448,0013-03-11 11:34:00,13,3,11,11,34,170,274,"2, CHATEAU   RUE DU",46.13842,-1.13987,Plein jour,En agglomération,Hors intersection,Normale,Deux véhicules - côté,,,,,,,,,,,1,2,1,1.0,3
201300019449,0013-03-11 12:18:00,13,3,11,12,18,170,300,"2, SAUTEL  BOULEVARD AND",46.16663,-1.13665,Plein jour,En agglomération,Hors intersection,Normale,Deux véhicules - arrière,,,,,,,,,,,1,2,1,1.0,2
201300019450,0013-03-20 14:35:00,13,3,20,14,35,170,300,"10, PRUNIER   QUAI LOUIS",46.14957,-1.15032,Plein jour,En agglomération,Hors intersection,Normale,Autre collision,,,,,,,,,,,1,2,1,1.0,6
201300019451,0013-03-22 11:11:00,13,3,22,11,11,170,300,NOUE   RUE DE LA,46.16029,-1.15575,Plein jour,En agglomération,Hors intersection,Normale,Deux véhicules - arrière,,,,,,,,,,,1,2,1,1.0,2
201300019452,0013-03-22 13:45:00,13,3,22,13,45,170,300,"2, COGNEHORS   BOULEVARD",46.16734,-1.14003,Plein jour,En agglomération,Hors intersection,Normale,Deux véhicules - côté,,,,,,,,,,,1,2,1,1.0,3
201300019453,0013-03-26 20:09:00,13,3,26,20,9,170,300,"2, BEL AIR RUE",46.16669,-1.16297,Crépuscule ou aube,En agglomération,Hors intersection,Autre,Autre collision,,,,,,,,,,,2,2,1,9.0,6
201300019454,0013-03-27 15:08:00,13,3,27,15,8,170,300,"15, JOFFRE   BOULEVARD (",46.16054,-1.14063,Plein jour,En agglomération,Hors intersection,Normale,Autre collision,,,,,,,,,,,1,2,1,1.0,6
201300019455,0013-03-28 19:25:00,13,3,28,19,25,170,300,PERIGNY   RUE DE,46.15694,-1.1423,Plein jour,En agglomération,Autre intersection,Normale,Sans collision,,,,,,,,,,,1,2,9,1.0,7
201300019456,0013-03-29 01:30:00,13,3,29,1,30,170,300,"2, REAUMUR   RUE",46.15986,-1.15595,Nuit avec éclairage allumé,En agglomération,Hors intersection,Normale,Autre collision,,,,,,,,,,,5,2,1,1.0,6
201300019457,0013-03-31 16:27:00,13,3,31,16,27,170,300,"2, DAMES   COURS DES",46.15802,-1.1536,Plein jour,En agglomération,Hors intersection,Normale,Sans collision,,,,,,,,,,,1,2,1,1.0,7
201300019458,0013-04-09 09:03:00,13,4,9,9,3,170,300,06 PK RN237 MOULIN JUSTI,46.17096,-1.191,Plein jour,Hors agglomération,Hors intersection,Pluie légère,Autre collision,,,,,,,,,,,1,1,1,2.0,6
201300019459,0013-04-09 16:24:00,13,4,9,16,24,170,300,"2, SAUTEL  BOULEVARD AND",46.16666,-1.13662,Plein jour,En agglomération,Hors intersection,Normale,Deux véhicules - côté,,,,,,,,,,,1,2,1,1.0,3
201300019460,0013-04-13 16:45:00,13,4,13,16,45,170,300,"2, SARTRE   AVENUE JEAN-",46.15643,-1.12806,Plein jour,En agglomération,Hors intersection,Normale,Autre collision,,,,,,,,,,,1,2,1,1.0,6
201300019461,0013-04-19 20:50:00,13,4,19,20,50,170,300,537 RN ECHANGEUR LA PALL,46.17237,-1.18678,Plein jour,Hors agglomération,Hors intersection,Normale,Autre collision,,,,,,,,,,,1,1,1,1.0,6
201300019462,0013-04-19 22:50:00,13,4,19,22,50,170,300,34 PK RN11 NANTES ROCADE,46.17491,-1.11066,Nuit sans éclairage public,Hors agglomération,Hors intersection,Normale,Sans collision,,,,,,,,,,,3,1,1,1.0,7
201300019463,0013-04-20 04:50:00,13,4,20,4,50,170,300,"2, SAUTEL  BOULEVARD AND",46.16667,-1.13662,Nuit avec éclairage allumé,En agglomération,Hors intersection,Normale,Autre collision,,,,,,,,,,,5,2,1,1.0,6
201300019464,0013-04-28 22:00:00,13,4,28,22,0,170,300,"22, KENNEDY   AVENUE DU",46.16745,-1.17972,Nuit avec éclairage allumé,En agglomération,Hors intersection,Normale,Sans collision,,,,,,,,,,,5,2,1,1.0,7
201300019465,0013-05-03 10:12:00,13,5,3,10,12,170,28,"2, MOULINETTE   CHEMIN D",46.14181,-1.12155,Plein jour,Hors agglomération,Hors intersection,Normale,Autre collision,,,,,,,,,,,1,1,1,1.0,6
201300019466,0013-05-07 09:20:00,13,5,7,9,20,170,300,"2, LECLERC   AVENUE DU G",46.16249,-1.15867,Plein jour,En agglomération,Hors intersection,Normale,Deux véhicules - arrière,,,,,,,,,,,1,2,1,1.0,2
201300019467,0013-05-10 19:00:00,13,5,10,19,0,170,300,"37, GAULLE   AVENUE DU G",46.15447,-1.14749,Plein jour,En agglomération,Hors intersection,Normale,Autre collision,,,,,,,,,,,1,2,1,1.0,6
201300019468,0013-05-22 13:20:00,13,5,22,13,20,170,300,GRANDES GUIARDES   AVENU,46.16953,-1.18697,Plein jour,En agglomération,Intersection en X,Normale,Trois véhicules et plus - en chaîne,,,,,,,,,,,1,2,2,1.0,4
201300019469,0013-05-26 02:20:00,13,5,26,2,20,170,300,"0, THIERS   RUE",46.1617,-1.14837,Nuit avec éclairage allumé,En agglomération,Hors intersection,Normale,Autre collision,,,,,,,,,,,5,2,1,1.0,6
201300019470,0013-05-27 15:30:00,13,5,27,15,30,170,300,"02, ROUX   RUE DE",46.14712,-1.15219,Plein jour,En agglomération,Hors intersection,Normale,Deux véhicules - côté,,,,,,,,,,,1,2,1,1.0,3
201300019471,0013-05-27 20:00:00,13,5,27,20,0,170,300,"2, CHEMIN VERT   RUE DU",46.16559,-1.14036,Plein jour,En agglomération,Hors intersection,Normale,Autre collision,,,,,,,,,,,1,2,1,1.0,6
201300019472,0013-05-27 20:10:00,13,5,27,20,10,170,300,"88, CIMETIERE   AVENUE D",46.16293,-1.13146,Plein jour,En agglomération,Hors intersection,Normale,Autre collision,,,,,,,,,,,1,2,1,1.0,6
201300019473,0013-05-29 14:35:00,13,5,29,14,35,170,300,"32BIS, LECLERC   AVENUE",46.16307,-1.16414,Plein jour,En agglomération,Hors intersection,Normale,Autre collision,,,,,,,,,,,1,2,1,1.0,6
201300019474,0013-06-02 04:53:00,13,6,2,4,53,170,300,"2, CORSAIRES   AVENUE DE",46.16467,-1.17549,Nuit avec éclairage allumé,En agglomération,Hors intersection,Normale,Autre collision,,,,,,,,,,,5,2,1,1.0,6
201300019475,0013-06-05 14:56:00,13,6,5,14,56,170,300,"2, PALISSY   RUE BERNARD",46.17044,-1.15846,Plein jour,En agglomération,Hors intersection,Normale,Deux véhicules - côté,,,,,,,,,,,1,2,1,1.0,3
201300019476,0013-06-09 12:22:00,13,6,9,12,22,170,300,"2, COLIGNY   AVENUE",46.15621,-1.16631,Plein jour,En agglomération,Hors intersection,Normale,Autre collision,,,,,,,,,,,1,2,1,1.0,6
201300019477,0013-06-19 21:05:00,13,6,19,21,5,170,300,"2, TROMPETTE   RUE DE LA",46.17008,-1.15839,Plein jour,En agglomération,Hors intersection,Normale,Deux véhicules - côté,,,,,,,,,,,1,2,1,1.0,3
201300019478,0013-06-25 21:15:00,13,6,25,21,15,170,300,"107, DENFERT-ROCHEREAU",46.16475,-1.1968,Crépuscule ou aube,En agglomération,Hors intersection,Normale,Autre collision,,,,,,,,,,,2,2,1,1.0,6
201300019479,0013-06-28 17:29:00,13,6,28,17,29,170,300,05 PK RN237 MOULIN JUSTI,46.17516,-1.17173,Plein jour,En agglomération,Hors intersection,Normale,Trois véhicules et plus - collisions multiples,,,,,,,,,,,1,2,1,1.0,5
201300019480,0013-06-28 20:55:00,13,6,28,20,55,170,300,"17, BILLAUD-VARENNE   AV",46.15191,-1.12033,Plein jour,En agglomération,Hors intersection,Normale,Autre collision,,,,,,,,,,,1,2,1,1.0,6
201300019481,0013-06-29 01:10:00,13,6,29,1,10,170,300,"10, SAUTEL  BOULEVARD AN",46.16712,-1.1361,Nuit avec éclairage allumé,En agglomération,Hors intersection,Normale,Deux véhicules - arrière,,,,,,,,,,,5,2,1,1.0,2