accident_id,datetime,annee,mois,jour,heure,minute,departement,commune_insee,adresse,latitude,longitude,luminosite,agglomeration,intersection,meteo,collision,nb_vehicules,nb_usagers,nb_indemnes,nb_tues,nb_blesses_hosp,nb_blesses_legers,age_cond_1,age_cond_2,veh_type_cond_1,veh_type_cond_2,lum_code,agg_code,int_code,atm_code,col_code
201300019482,0013-06-29 05:15:00,13,6,29,5,15,170,300,112 PK RN137 JUSTICE ROC,46.12209,-1.10997,Nuit avec éclairage allumé,Hors agglomération,Hors intersection,Normale,Autre collision,,,,,,,,,,,5,1,1,1.0,6
201300019483,0013-06-30 01:05:00,13,6,30,1,5,170,300,"2, ALBERT IER   RUE",46.16478,-1.1517,Nuit avec éclairage allumé,En agglomération,Hors intersection,Normale,Autre collision,,,,,,,,,,,5,2,1,1.0,6
201300019484,0013-07-04 10:25:00,13,7,4,10,25,170,300,"19, SAINT-LOUIS   RUE",46.16012,-1.1459,Plein jour,En agglomération,Hors intersection,Normale,Deux véhicules - côté,,,,,,,,,,,1,2,1,1.0,3
201300019485,0013-07-07 03:00:00,13,7,7,3,0,170,300,"25, GAULLE   AVENUE DU G",46.15482,-1.14798,Nuit avec éclairage allumé,En agglomération,Hors intersection,Normale,Sans collision,,,,,,,,,,,5,2,1,1.0,7
201300019486,0013-07-10 22:55:00,13,7,10,22,55,170,300,"2, BOIS FLEURI   RUE DU",46.16474,-1.20538,Nuit avec éclairage allumé,En agglomération,Hors intersection,Normale,Autre collision,,,,,,,,,,,5,2,1,1.0,6
201300019487,0013-07-18 08:00:00,13,7,18,8,0,170,28,112 PK RN137 JUSTICE ROC,46.12071,-1.10927,Plein jour,En agglomération,Hors intersection,Normale,Autre collision,,,,,,,,,,,1,2,1,1.0,6
201300019488,0013-07-20 15:10:00,13,7,20,15,10,170,300,JURA   RUE DU,46.17554,-1.1956,Plein jour,En agglomération,Hors intersection,Normale,Autre collision,,,,,,,,,,,1,2,1,1.0,6
201300019489,0013-07-22 16:20:00,13,7,22,16,20,170,300,"4, SCIERIE   RUE DE LA",46.15023,-1.15389,Plein jour,En agglomération,Hors intersection,Normale,Deux véhicules - frontale,,,,,,,,,,,1,2,1,1.0,1
201300019490,0013-07-24 08:40:00,13,7,24,8,40,170,300,CARNOT   AVENUE,46.16458,-1.18168,Plein jour,En agglomération,Intersection en T,Normale,Deux véhicules - côté,,,,,,,,,,,1,2,3,1.0,3
201300019491,0013-07-25 09:34:00,13,7,25,9,34,170,300,"2, SARTRE   AVENUE JEAN-",46.15646,-1.12801,Plein jour,En agglomération,Hors intersection,Normale,Autre collision,,,,,,,,,,,1,2,1,1.0,6
201300019492,0013-07-25 18:20:00,13,7,25,18,20,170,300,JOFFRE   BOULEVARD (27/7,46.16118,-1.14005,Plein jour,En agglomération,Hors intersection,Normale,Autre collision,,,,,,,,,,,1,2,1,1.0,6
201300019493,0013-07-26 22:35:00,13,7,26,22,35,170,300,"2, REPENTIE   AVENUE DE",46.1706,-1.20476,Nuit avec éclairage allumé,En agglomération,Hors intersection,Normale,Autre collision,,,,,,,,,,,5,2,1,1.0,6
201300019494,0013-07-27 01:00:00,13,7,27,1,0,170,300,"43, VALIN   QUAI",46.15644,-1.14961,Nuit avec éclairage allumé,En agglomération,Hors intersection,Normale,Autre collision,,,,,,,,,,,5,2,1,1.0,6
201300019495,0013-08-03 10:00:00,13,8,3,10,0,170,300,"7, THIERS   RUE",46.16143,-1.14856,Plein jour,En agglomération,Hors intersection,Normale,Autre collision,,,,,,,,,,,1,2,1,1.0,6
201300019496,0013-08-06 04:20:00,13,8,6,4,20,170,300,"20, MUSE   RUE DE LA (1/",46.16692,-1.20076,Nuit avec éclairage allumé,En agglomération,Hors intersection,Normale,Sans collision,,,,,,,,,,,5,2,1,1.0,7
201300019497,0013-08-09 00:50:00,13,8,9,0,50,170,300,"2, STADE   RUE DU",46.16038,-1.1756,Nuit avec éclairage non allumé,En agglomération,Hors intersection,Normale,Sans collision,,,,,,,,,,,4,2,1,1.0,7
201300019498,0013-08-10 17:55:00,13,8,10,17,55,170,300,115 PK RN137 JUSTICE ROC,46.14385,-1.10837,Plein jour,Hors agglomération,Hors intersection,Normale,Sans collision,,,,,,,,,,,1,1,1,1.0,7
201300019499,0013-08-12 19:44:00,13,8,12,19,44,170,200,NOUVEAU   RUE DU FIEF,46.18615,-1.15105,Crépuscule ou aube,En agglomération,Hors intersection,Normale,Deux véhicules - côté,,,,,,,,,,,2,2,1,1.0,3
201300019500,0013-08-25 06:36:00,13,8,25,6,36,170,300,05 PK RN237 MOULIN JUSTI,46.1784,-1.15753,Crépuscule ou aube,Hors agglomération,Hors intersection,Pluie légère,Autre collision,,,,,,,,,,,2,1,1,2.0,6
201300019501,0013-08-25 15:50:00,13,8,25,15,50,170,300,"4, COGNEHORS   BOULEVARD",46.16919,-1.1468,Plein jour,En agglomération,Hors intersection,Normale,Deux véhicules - arrière,,,,,,,,,,,1,2,1,1.0,2
201300019502,0013-08-28 12:19:00,13,8,28,12,19,170,300,", SARTRE   AVENUE JEAN-P",46.15644,-1.12833,Plein jour,En agglomération,Hors intersection,Normale,Deux véhicules - côté,,,,,,,,,,,1,2,1,1.0,3
201300019503,0013-09-05 06:19:00,13,9,5,6,19,170,300,"02, MAIL   ALLEE DU",46.15616,-1.16223,Crépuscule ou aube,En agglomération,Intersection en T,Normale,Sans collision,,,,,,,,,,,2,2,3,1.0,7
201300019504,0013-09-05 07:55:00,13,9,5,7,55,170,28,"28, GRASSET   AVENUE EDM",46.13407,-1.11713,Plein jour,Hors agglomération,Hors intersection,Normale,Autre collision,,,,,,,,,,,1,1,1,1.0,6
201300019505,0013-09-10 09:25:00,13,9,10,9,25,170,300,GARREAU   RUE PAUL,46.15958,-1.16002,Plein jour,En agglomération,Hors intersection,Normale,Autre collision,,,,,,,,,,,1,2,1,1.0,6
201300019506,0013-09-14 11:15:00,13,9,14,11,15,170,300,"2, LECLERC   AVENUE DU G",46.16253,-1.15865,Plein jour,En agglomération,Hors intersection,Pluie forte,Autre collision,,,,,,,,,,,1,2,1,3.0,6
201300019507,0013-09-20 19:15:00,13,9,20,19,15,170,300,MONNAIE   AVENUE DE LA,46.15618,-1.15904,Plein jour,En agglomération,Hors intersection,Normale,Autre collision,,,,,,,,,,,1,2,1,1.0,6
201300019508,0013-10-05 21:45:00,13,10,5,21,45,170,300,114 PK RN137 ROCHEFORT J,46.12883,-1.10267,Nuit avec éclairage allumé,Hors agglomération,Hors intersection,Normale,Deux véhicules - arrière,,,,,,,,,,,5,1,1,1.0,2
201300019509,0013-10-10 08:00:00,13,10,10,8,0,170,300,"16, PERIGNY   RUE DE",46.16221,-1.12228,Plein jour,En agglomération,Hors intersection,Normale,Deux véhicules - côté,,,,,,,,,,,1,2,1,1.0,3
201300019510,0013-10-24 08:45:00,13,10,24,8,45,170,300,"2, GUITON   AVENUE JEAN",46.16048,-1.17139,Plein jour,En agglomération,Hors intersection,Normale,Deux véhicules - côté,,,,,,,,,,,1,2,1,1.0,3
201300019511,0013-10-25 11:55:00,13,10,25,11,55,170,300,"2, NORMANDIN   RUE EMILE",46.14954,-1.14485,Plein jour,En agglomération,Hors intersection,Pluie légère,Deux véhicules - côté,,,,,,,,,,,1,2,1,2.0,3
201300019512,0013-10-27 17:50:00,13,10,27,17,50,170,300,06 PK RN237 MOULIN JUSTI,46.17109,-1.19009,Crépuscule ou aube,Hors agglomération,Hors intersection,Normale,Autre collision,,,,,,,,,,,2,1,1,1.0,6
201300019513,0013-10-27 11:15:00,13,10,27,11,15,170,300,33 PK RN11 ROCADE NANTES,46.17241,-1.11876,Plein jour,Hors agglomération,Hors intersection,Normale,Deux véhicules - arrière,,,,,,,,,,,1,1,1,1.0,2
201300019514,0013-11-03 17:45:00,13,11,3,17,45,170,28,"2, ANVILLE   RUE D'",46.13788,-1.11108,Plein jour,Hors agglomération,Hors intersection,Normale,Deux véhicules - côté,,,,,,,,,,,1,1,1,1.0,3
201300019515,0013-11-08 16:32:00,13,11,8,16,32,170,300,"2, SAUTEL  BOULEVARD AND",46.16669,-1.13659,Plein jour,En agglomération,Hors intersection,Normale,Autre collision,,,,,,,,,,,1,2,1,1.0,6
201300019516,0013-11-12 08:38:00,13,11,12,8,38,170,300,LECLERC   AVENUE DU GENE,46.1625,-1.15916,Crépuscule ou aube,En agglomération,Hors intersection,Normale,Deux véhicules - côté,,,,,,,,,,,2,2,1,1.0,3
201300019517,0013-11-15 03:00:00,13,11,15,3,0,170,28,"50, LYSIACK   AVENUE DU",46.1364,-1.12486,Nuit avec éclairage allumé,En agglomération,Hors intersection,Normale,Autre collision,,,,,,,,,,,5,2,1,1.0,6
201300019518,0013-11-17 11:00:00,13,11,17,11,0,170,300,"107, GAMBETTA   AVENUE",46.16201,-1.14368,Plein jour,En agglomération,Hors intersection,Normale,Autre collision,,,,,,,,,,,1,2,1,1.0,6
201300019519,0013-11-17 20:50:00,13,11,17,20,50,170,300,JOFFRE   BOULEVARD (27/7,46.16004,-1.14103,Nuit avec éclairage allumé,En agglomération,Hors intersection,Normale,Deux véhicules - frontale,,,,,,,,,,,5,2,1,1.0,1
201300019520,0013-11-20 20:14:00,13,11,20,20,14,170,300,SCIERIE   RUE DE LA,46.15147,-1.15405,Nuit avec éclairage allumé,En agglomération,Autre intersection,Normale,Autre collision,,,,,,,,,,,5,2,9,1.0,6
201300019521,0013-11-21 23:30:00,13,11,21,23,30,170,300,"4, GUITON   AVENUE JEAN",46.15895,-1.16073,Nuit avec éclairage allumé,En agglomération,Hors intersection,Normale,Autre collision,,,,,,,,,,,5,2,1,1.0,6
201300019522,0013-11-26 17:40:00,13,11,26,17,40,170,300,"2, LAUBAT   RUE CHASSELO",46.16641,-1.15122,Crépuscule ou aube,En agglomération,Hors intersection,Normale,Autre collision,,,,,,,,,,,2,2,1,1.0,6
201300019523,0013-12-05 08:57:00,13,12,5,8,57,170,291,BAILLAC   RUE DE,46.17867,-1.11633,Plein jour,En agglomération,Hors intersection,Normale,Sans collision,,,,,,,,,,,1,2,1,1.0,7
201300019524,0013-12-05 13:40:00,13,12,5,13,40,170,300,CHATEAU   RUE DU,46.13843,-1.13989,Plein jour,En agglomération,Hors intersection,Normale,Deux véhicules - côté,,,,,,,,,,,1,2,1,1.0,3
201300019525,0013-12-05 19:30:00,13,12,5,19,30,170,300,"78, BRIAND   AVENUE ARIS",46.16757,-1.16381,Nuit avec éclairage allumé,En agglomération,Hors intersection,Normale,Autre collision,,,,,,,,,,,5,2,1,1.0,6
201300019526,0013-12-12 05:32:00,13,12,12,5,32,170,300,"29, SAINT-LOUIS   RUE",46.16077,-1.1457,Nuit avec éclairage allumé,En agglomération,Hors intersection,Pluie forte,Deux véhicules - côté,,,,,,,,,,,5,2,1,3.0,3
201300019527,0013-12-12 11:25:00,13,12,12,11,25,170,300,"2, LECLERC   AVENUE DU G",46.16252,-1.15873,Plein jour,En agglomération,Hors intersection,Normale,Autre collision,,,,,,,,,,,1,2,1,1.0,6
201300019528,0013-12-17 09:55:00,13,12,17,9,55,170,300,"16, MAIL   ALLEE DU",46.15608,-1.16346,Plein jour,En agglomération,Intersection en T,Normale,Deux véhicules - côté,,,,,,,,,,,1,2,3,1.0,3
201300019529,0013-12-21 06:35:00,13,12,21,6,35,170,300,"26, CORDELIERS   AVENUE",46.16406,-1.14434,Crépuscule ou aube,En agglomération,Hors intersection,Normale,Deux véhicules - frontale,,,,,,,,,,,2,2,1,1.0,1
201300019530,0013-12-30 13:07:00,13,12,30,13,7,170,200,ROSE   AVENUE DU FIEF,46.17391,-1.16635,Plein jour,En agglomération,Hors intersection,Normale,Autre collision,,,,,,,,,,,1,2,1,1.0,6
201300019531,0013-01-02 17:18:00,13,1,2,17,18,170,306,"21, PARIS (DE) (AVENUE)",45.62605,-1.0467,Plein jour,En agglomération,Hors intersection,Normale,Autre collision,,,,,,,,,,,1,2,1,1.0,6
201300019532,0013-01-02 23:15:00,13,1,2,23,15,170,333,"84, DE LATTRE DE TASSIGN",45.6076,-1.00749,Nuit avec éclairage allumé,En agglomération,Hors intersection,Normale,Deux véhicules - côté,,,,,,,,,,,5,2,1,1.0,3
201300019533,0013-02-13 14:45:00,13,2,13,14,45,170,306,"., CLEMENCEAU  GEORGES (",45.62925,-1.02415,Plein jour,En agglomération,Intersection en X,Normale,Deux véhicules - côté,,,,,,,,,,,1,2,2,1.0,3
201300019534,0013-05-14 17:55:00,13,5,14,17,55,170,306,"., AMPERE",45.6317,-1.00211,Crépuscule ou aube,En agglomération,Hors intersection,Normale,Autre collision,,,,,,,,,,,2,2,1,1.0,6
201300019535,0013-05-24 17:35:00,13,5,24,17,35,170,306,"18, VERDUN (DE) AVENUE)",45.6231,-1.01581,Plein jour,En agglomération,Hors intersection,Normale,Deux véhicules - côté,,,,,,,,,,,1,2,1,1.0,3
201300019536,0013-05-26 15:27:00,13,5,26,15,27,170,306,"54, LIBERATION (DE LA) (",45.62322,-1.00731,Plein jour,En agglomération,Hors intersection,Normale,Deux véhicules - arrière,,,,,,,,,,,1,2,1,1.0,2
201300019537,0013-06-18 18:00:00,13,6,18,18,0,170,333,"., 107 REGIMENT D'INFANT",45.59309,-0.97027,Plein jour,En agglomération,Hors intersection,Normale,Sans collision,,,,,,,,,,,1,2,1,1.0,7
201300019538,0013-06-27 12:40:00,13,6,27,12,40,170,306,"., EXPRESS (VOIE)",,,Plein jour,Hors agglomération,Hors intersection,Normale,Deux véhicules - arrière,,,,,,,,,,,1,1,1,1.0,2
201300019539,0013-07-03 16:00:00,13,7,3,16,0,170,306,"., FONT DE CHERVES",45.62672,-1.02964,Plein jour,En agglomération,Hors intersection,Normale,Autre collision,,,,,,,,,,,1,2,1,1.0,6
201300019540,0013-07-04 17:45:00,13,7,4,17,45,170,380,"., GRANDE COTE (AVENUE D",45.648,-1.11306,Plein jour,Hors agglomération,Hors intersection,Normale,Deux véhicules - côté,,,,,,,,,,,1,1,1,1.0,3
201300019541,0013-07-14 14:33:00,13,7,14,14,33,170,380,"., TAMARIS (AVENUE DES)",45.62341,-1.04979,Plein jour,En agglomération,Hors intersection,Normale,Deux véhicules - arrière,,,,,,,,,,,1,2,1,1.0,2
201300019542,0013-07-20 01:45:00,13,7,20,1,45,170,461,"128, ROCHE (DE LA)",45.65225,-1.04295,Nuit sans éclairage public,En agglomération,Hors intersection,Normale,Autre collision,,,,,,,,,,,3,2,1,1.0,6
201300019543,0013-07-20 14:50:00,13,7,20,14,50,170,306,"., EXPRESS (VOIE)",45.62872,-1.00279,Plein jour,Hors agglomération,Hors intersection,Normale,Sans collision,,,,,,,,,,,1,1,1,1.0,7
201300019544,0013-07-21 10:55:00,13,7,21,10,55,170,333,DE LATTRE DE TASSIGNY,45.60682,-1.00646,Plein jour,En agglomération,Hors intersection,Normale,Deux véhicules - arrière,,,,,,,,,,,1,2,1,1.0,2
201300019545,0013-08-02 03:05:00,13,8,2,3,5,170,306,"., GARNIER (BD FREDERIC)",45.61923,-1.01679,Nuit avec éclairage allumé,En agglomération,Hors intersection,Normale,Autre collision,,,,,,,,,,,5,2,1,1.0,6
201300019546,0013-08-11 02:55:00,13,8,11,2,55,170,306,"162, GARNIER (BD FREDERI",45.61419,-1.01117,Nuit avec éclairage allumé,En agglomération,Hors intersection,Normale,Autre collision,,,,,,,,,,,5,2,1,1.0,6
201300019547,0013-08-12 00:25:00,13,8,12,0,25,170,306,"., DE LATTRE DE TASSIGNY",45.62615,-1.02029,Nuit avec éclairage allumé,En agglomération,Hors intersection,Normale,Autre collision,,,,,,,,,,,5,2,1,1.0,6
201300019548,0013-08-14 08:20:00,13,8,14,8,20,170,306,"., TARTANE (DE LA)",45.61842,-1.03099,Plein jour,En agglomération,Hors intersection,Normale,Autre collision,,,,,,,,,,,1,2,1,1.0,6
201300019549,0013-11-21 12:25:00,13,11,21,12,25,170,306,"., PONTAILLAC (DE) (AVEN",45.62417,-1.04486,Plein jour,En agglomération,Hors intersection,Normale,Deux véhicules - côté,,,,,,,,,,,1,2,1,1.0,3
201300019550,0013-11-22 12:55:00,13,11,22,12,55,170,306,"., DUNANT HENRY",45.61967,-1.00109,Plein jour,En agglomération,Intersection en X,Normale,Deux véhicules - côté,,,,,,,,,,,1,2,2,1.0,3
201300019551,0013-11-21 20:00:00,13,11,21,20,0,170,306,"11, PERCHE (DE LA) (BD)",45.63423,-1.03611,Nuit avec éclairage allumé,En agglomération,Hors intersection,Normale,Autre collision,,,,,,,,,,,5,2,1,1.0,6
201300019552,0013-11-25 11:18:00,13,11,25,11,18,170,306,"8, PLATANES (DES) (AVENU",45.62621,-1.0416,Plein jour,En agglomération,Hors intersection,Normale,Deux véhicules - arrière,,,,,,,,,,,1,2,1,1.0,2
201300019553,0013-11-25 16:45:00,13,11,25,16,45,170,306,"35, MARNE (DE LA) (ALLEE",45.62708,-1.00975,Plein jour,En agglomération,Intersection en X,Normale,Deux véhicules - côté,,,,,,,,,,,1,2,2,1.0,3
201300019554,0013-11-27 09:00:00,13,11,27,9,0,170,306,"., GARNIER (BD FREDERIC)",45.61758,-1.01479,Plein jour,En agglomération,Hors intersection,Normale,Autre collision,,,,,,,,,,,1,2,1,1.0,6
201300019555,0013-11-28 09:15:00,13,11,28,9,15,170,306,"58, METADIER (DOCTEUR PA",45.62335,-1.03608,Crépuscule ou aube,En agglomération,Hors intersection,Normale,Autre collision,,,,,,,,,,,2,2,1,1.0,6
201300019556,0013-12-16 18:08:00,13,12,16,18,8,170,306,rue des RENARDS,45.6359,-1.03471,Crépuscule ou aube,En agglomération,Intersection en Y,Normale,Deux véhicules - côté,,,,,,,,,,,2,2,4,1.0,3
201300019557,0013-12-17 17:50:00,13,12,17,17,50,170,333,"117, TOURTET (AV. LT COL",45.60966,-0.99539,Crépuscule ou aube,En agglomération,Hors intersection,Normale,Deux véhicules - arrière,,,,,,,,,,,2,2,1,1.0,2
201300019558,0013-03-09 22:45:00,13,3,9,22,45,170,306,"., AMPERE",45.63173,-1.0022,Nuit avec éclairage allumé,En agglomération,Hors intersection,Normale,Autre collision,,,,,,,,,,,5,2,1,1.0,6
201300019559,0013-03-01 11:25:00,13,3,1,11,25,170,306,"., LOTI PIERRE",45.62449,-1.02968,Plein jour,En agglomération,Intersection à plus de 4 branches,Normale,Autre collision,,,,,,,,,,,1,2,5,1.0,6
201300019560,0013-03-04 14:42:00,13,3,4,14,42,170,380,"., EXPRESS (VOIE)",45.66371,-1.07209,Plein jour,En agglomération,Hors intersection,Normale,Sans collision,,,,,,,,,,,1,2,1,1.0,7
201300019561,0013-03-15 17:15:00,13,3,15,17,15,170,461,"., PINSONS (DES)",45.64353,-1.02961,Plein jour,En agglomération,Intersection en X,Normale,Deux véhicules - côté,,,,,,,,,,,1,2,2,1.0,3
201300019562,0013-03-17 16:00:00,13,3,17,16,0,170,333,EXPRESS (voie),45.58778,-0.98519,Plein jour,Hors agglomération,Hors intersection,Normale,Sans collision,,,,,,,,,,,1,1,1,1.0,7
201300019563,0013-03-23 14:10:00,13,3,23,14,10,170,333,"., DULIN  (AVENUE DU PRE",45.59079,-0.98376,Plein jour,En agglomération,Hors intersection,Normale,Deux véhicules - côté,,,,,,,,,,,1,2,1,1.0,3
201300019564,0013-03-27 08:40:00,13,3,27,8,40,170,306,"., LIBERATION (DE LA) (A",45.6232,-1.00938,Crépuscule ou aube,En agglomération,Hors intersection,Normale,Autre collision,,,,,,,,,,,2,2,1,1.0,6
201300019565,0013-04-07 15:40:00,13,4,7,15,40,170,380,"., EXPRESS (VOIE)",45.65849,-1.12631,Plein jour,Hors agglomération,Intersection en X,Normale,Deux véhicules - côté,,,,,,,,,,,1,1,2,1.0,3
201300019566,0013-04-08 14:50:00,13,4,8,14,50,170,306,"., GRANDIERE (DE LA) (BD",45.62382,-1.02314,Plein jour,En agglomération,Hors intersection,Normale,Deux véhicules - arrière,,,,,,,,,,,1,2,1,1.0,2
201300019567,0013-04-09 18:59:00,13,4,9,18,59,170,306,"., DUNANT HENRY",45.61996,-1.00117,Plein jour,En agglomération,Hors intersection,Normale,Autre collision,,,,,,,,,,,1,2,1,1.0,6
201300019568,0013-04-25 21:15:00,13,4,25,21,15,170,306,"., CLEMENCEAU  GEORGES (",45.62961,-1.02409,Crépuscule ou aube,En agglomération,Hors intersection,Normale,Trois véhicules et plus - en chaîne,,,,,,,,,,,2,2,1,1.0,4
201300019569,0013-04-27 02:35:00,13,4,27,2,35,170,461,"., ROCHE (DE LA)",45.64876,-1.05031,Nuit sans éclairage public,En agglomération,Hors intersection,Normale,Autre collision,,,,,,,,,,,3,2,1,1.0,6
201300019570,0013-04-28 05:43:00,13,4,28,5,43,170,380,"., EXPRESS (VOIE)",45.65881,-1.12672,Nuit sans éclairage public,Hors agglomération,Hors intersection,Normale,Autre collision,,,,,,,,,,,3,1,1,1.0,6
201300019571,0013-05-27 11:35:00,13,5,27,11,35,170,306,"41, AMPERE",45.6317,-1.00211,Plein jour,En agglomération,Hors intersection,Normale,Deux véhicules - arrière,,,,,,,,,,,1,2,1,1.0,2
201300019572,0013-06-08 18:35:00,13,6,8,18,35,170,306,"17, LIBERATION (DE LA) (",45.62368,-1.0132,Plein jour,En agglomération,Hors intersection,Normale,Sans collision,,,,,,,,,,,1,2,1,1.0,7
201300019573,0013-06-09 07:40:00,13,6,9,7,40,170,380,EXPRESS (VOIE),,,Plein jour,Hors agglomération,Hors intersection,Normale,Autre collision,,,,,,,,,,,1,1,1,1.0,6
201300019574,0013-05-04 18:15:00,13,5,4,18,15,170,306,"3, LOUISE (AVENUE)",45.62918,-1.04851,Plein jour,En agglomération,Hors intersection,Normale,Deux véhicules - arrière,,,,,,,,,,,1,2,1,1.0,2
201300019575,0013-05-08 13:46:00,13,5,8,13,46,170,306,"., LAVOISIER (ANTOINE DE",45.63172,-0.98747,Plein jour,En agglomération,Hors intersection,Normale,Trois véhicules et plus - en chaîne,,,,,,,,,,,1,2,1,1.0,4
201300019576,0013-05-15 23:30:00,13,5,15,23,30,170,306,"30, TILLEULS (DES) (AVEN",45.62698,-1.02567,Nuit avec éclairage allumé,En agglomération,Hors intersection,Normale,Autre collision,,,,,,,,,,,5,2,1,1.0,6
201300019577,0013-05-19 16:15:00,13,5,19,16,15,170,380,"., DE GAULLE ( AVENUE CH",45.64912,-1.0862,Plein jour,En agglomération,Hors intersection,Normale,Autre collision,,,,,,,,,,,1,2,1,1.0,6
201300019578,0013-06-04 16:15:00,13,6,4,16,15,170,306,"., PASTEUR",45.62666,-1.02887,Plein jour,En agglomération,Hors intersection,Normale,Deux véhicules - côté,,,,,,,,,,,1,2,1,1.0,3
201300019579,0013-06-17 15:36:00,13,6,17,15,36,170,306,"., BAILLET (BD COLONEL R",45.62909,-1.03973,Plein jour,En agglomération,Hors intersection,Normale,Autre collision,,,,,,,,,,,1,2,1,1.0,6
201300019580,0013-06-26 20:30:00,13,6,26,20,30,170,333,"., EXPRESS (voie)",,,Crépuscule ou aube,Hors agglomération,Hors intersection,Normale,Sans collision,,,,,,,,,,,2,1,1,1.0,7
201300019581,0013-06-27 12:00:00,13,6,27,12,0,170,306,"8, RENARDS (DES)",45.63685,-1.03501,Plein jour,En agglomération,Hors intersection,Normale,Autre collision,,,,,,,,,,,1,2,1,1.0,6
201300019582,0013-07-06 06:45:00,13,7,6,6,45,170,306,"., ROCHEFORT (DE)  (AVEN",45.64052,-1.02495,Plein jour,En agglomération,Hors intersection,Normale,Autre collision,,,,,,,,,,,1,2,1,1.0,6
201300019583,0013-07-12 19:55:00,13,7,12,19,55,170,380,"13, PONTAILLAC (AVENUE D",45.64135,-1.08544,Crépuscule ou aube,En agglomération,Intersection en X,Normale,Deux véhicules - côté,,,,,,,,,,,2,2,2,1.0,3
201300019584,0013-07-18 18:40:00,13,7,18,18,40,170,461,"135, COTE DE BEAUTE (BOU",45.63476,-1.06737,Plein jour,En agglomération,Hors intersection,Normale,Autre collision,,,,,,,,,,,1,2,1,1.0,6
201300019585,0013-07-26 09:08:00,13,7,26,9,8,170,306,EXPRESS (VOIE),45.64462,-1.04263,Plein jour,Hors agglomération,Hors intersection,Normale,Trois véhicules et plus - collisions multiples,,,,,,,,,,,1,1,1,1.0,5
201300019586,0013-07-27 04:30:00,13,7,27,4,30,170,306,"., MERIOT HENRI",45.62746,-1.03085,Nuit avec éclairage allumé,En agglomération,Hors intersection,Normale,Sans collision,,,,,,,,,,,5,2,1,1.0,7
201300019587,0013-07-25 07:10:00,13,7,25,7,10,170,306,"20, TILLEULS (DES) (AVEN",45.62658,-1.02593,Plein jour,En agglomération,Hors intersection,Normale,Autre collision,,,,,,,,,,,1,2,1,1.0,6
201300019588,0013-07-25 03:20:00,13,7,25,3,20,170,306,EXPRESS (VOIE),45.63912,-1.02439,Nuit sans éclairage public,En agglomération,Hors intersection,Normale,Autre collision,,,,,,,,,,,3,2,1,1.0,6
201300019589,0013-07-20 09:30:00,13,7,20,9,30,170,333,"., OCEAN (AVENUE DE L')",45.61175,-1.00381,Plein jour,En agglomération,Intersection en X,Normale,Deux véhicules - frontale,,,,,,,,,,,1,2,2,1.0,1
201300019590,0013-08-08 21:45:00,13,8,8,21,45,170,306,"75, ALBERT 1ER (BD)",45.62732,-1.0204,Crépuscule ou aube,En agglomération,Hors intersection,Normale,Deux véhicules - côté,,,,,,,,,,,2,2,1,1.0,3
201300019591,0013-08-11 00:55:00,13,8,11,0,55,170,333,"., COTE DE BEAUTE (BOULE",45.59593,-0.99203,Nuit avec éclairage allumé,En agglomération,Hors intersection,Normale,Sans collision,,,,,,,,,,,5,2,1,1.0,7
201300019592,0013-08-13 20:40:00,13,8,13,20,40,170,306,QUEBEC (AVENUE),45.63026,-1.01501,Crépuscule ou aube,En agglomération,Hors intersection,Normale,Deux véhicules - côté,,,,,,,,,,,2,2,1,1.0,3
201300019593,0013-08-24 11:10:00,13,8,24,11,10,170,380,"63, COURLAY (AVENUE DE)",45.64805,-1.08234,Plein jour,En agglomération,Hors intersection,Normale,Deux véhicules - côté,,,,,,,,,,,1,2,1,1.0,3
201300019594,0013-08-18 16:15:00,13,8,18,16,15,170,380,"44, BERNEZAC (AVENUE DE)",45.64613,-1.07346,Plein jour,En agglomération,Hors intersection,Normale,Sans collision,,,,,,,,,,,1,2,1,1.0,7
201300019595,0013-08-03 07:11:00,13,8,3,7,11,170,380,"., RHA (PLACE DU)",45.64376,-1.08734,Crépuscule ou aube,En agglomération,Hors intersection,Normale,Autre collision,,,,,,,,,,,2,2,1,1.0,6
201300019596,0013-07-11 12:30:00,13,7,11,12,30,170,306,"12, BAILLET (BD COLONEL",45.63206,-1.03421,Plein jour,En agglomération,Hors intersection,Normale,Deux véhicules - arrière,,,,,,,,,,,1,2,1,1.0,2
201300019597,0013-07-10 14:10:00,13,7,10,14,10,170,461,"., ROCHE (DE LA)",45.6484,-1.0504,Plein jour,Hors agglomération,Hors intersection,Normale,Deux véhicules - frontale,,,,,,,,,,,1,1,1,1.0,1
201300019598,0013-07-10 15:00:00,13,7,10,15,0,170,306,"., FONCILLON (FACADE DE)",45.61987,-1.03377,Plein jour,En agglomération,Hors intersection,Normale,Autre collision,,,,,,,,,,,1,2,1,1.0,6
201300019599,0013-09-10 10:55:00,13,9,10,10,55,170,306,"., BOUCHET LOUIS (AVENUE",45.62692,-0.99812,Plein jour,Hors agglomération,Hors intersection,Normale,Deux véhicules - côté,,,,,,,,,,,1,1,1,1.0,3
201300019600,0013-09-11 10:45:00,13,9,11,10,45,170,306,"66, DOUMER  (PORTIQUE)",45.62832,-1.02892,Plein jour,En agglomération,Hors intersection,Normale,Autre collision,,,,,,,,,,,1,2,1,1.0,6
201300019601,0013-07-21 20:05:00,13,7,21,20,5,170,333,"., DE LATTRE DE TASSIGNY",45.61028,-1.00895,Crépuscule ou aube,En agglomération,Hors intersection,Normale,Autre collision,,,,,,,,,,,2,2,1,1.0,6