accident_id,datetime,annee,mois,jour,heure,minute,departement,commune_insee,adresse,latitude,longitude,luminosite,agglomeration,intersection,meteo,collision,nb_vehicules,nb_usagers,nb_indemnes,nb_tues,nb_blesses_hosp,nb_blesses_legers,age_cond_1,age_cond_2,veh_type_cond_1,veh_type_cond_2,lum_code,agg_code,int_code,atm_code,col_code
201300019602,0013-08-12 10:10:00,13,8,12,10,10,170,306,"89, FONT DE CHERVES",45.62859,-1.03166,Plein jour,En agglomération,Hors intersection,Normale,Autre collision,,,,,,,,,,,1,2,1,1.0,6
201300019603,0013-09-30 21:20:00,13,9,30,21,20,170,306,20 Bd THIERS,45.6201,-1.03125,Nuit avec éclairage allumé,En agglomération,Hors intersection,Normale,Autre collision,,,,,,,,,,,5,2,1,1.0,6
201300019604,0013-10-19 19:15:00,13,10,19,19,15,170,306,"., EXPRESS (VOIE)",45.64111,-1.02484,Crépuscule ou aube,Hors agglomération,Hors intersection,Normale,Deux véhicules - frontale,,,,,,,,,,,2,1,1,1.0,1
201300019605,0013-10-11 12:00:00,13,10,11,12,0,170,306,ROCHEFORT (DE)  (AVENUE),45.63561,-1.02638,Plein jour,En agglomération,Intersection en X,Normale,Deux véhicules - côté,,,,,,,,,,,1,2,2,1.0,3
201300019606,0013-08-01 11:30:00,13,8,1,11,30,170,306,"., ROCHEFORT (DE)  (AVEN",45.6428,-1.02477,Plein jour,En agglomération,Hors intersection,Normale,Deux véhicules - arrière,,,,,,,,,,,1,2,1,1.0,2
201300019607,0013-08-06 08:45:00,13,8,6,8,45,170,380,"., REPUBLIQUE (AVENUE DE",45.64364,-1.08996,Plein jour,En agglomération,Hors intersection,Normale,Deux véhicules - arrière,,,,,,,,,,,1,2,1,1.0,2
201300019608,0013-08-12 19:55:00,13,8,12,19,55,170,306,"9, BAILLET (BD COLONEL R",45.63203,-1.03415,Crépuscule ou aube,En agglomération,Hors intersection,Normale,Autre collision,,,,,,,,,,,2,2,1,1.0,6
201300019609,0013-08-14 10:42:00,13,8,14,10,42,170,306,"., CENDRILLES (DES)",45.64353,-1.02962,Plein jour,En agglomération,Giratoire,Normale,Deux véhicules - côté,,,,,,,,,,,1,2,6,1.0,3
201300019610,0013-08-19 11:20:00,13,8,19,11,20,170,306,"., HEDDE (AVENUE DANIEL)",45.63389,-1.02924,Plein jour,En agglomération,Hors intersection,Normale,Deux véhicules - côté,,,,,,,,,,,1,2,1,1.0,3
201300019611,0013-08-24 16:15:00,13,8,24,16,15,170,306,"., FRONT DE MER (PROMENA",45.6219,-1.02979,Plein jour,En agglomération,Hors intersection,Normale,Autre collision,,,,,,,,,,,1,2,1,1.0,6
201300019612,0013-08-28 15:25:00,13,8,28,15,25,170,306,"., LAVOISIER (ANTOINE DE",45.63168,-1.05424,Plein jour,En agglomération,Hors intersection,Normale,Autre collision,,,,,,,,,,,1,2,1,1.0,6
201300019613,0013-09-11 17:25:00,13,9,11,17,25,170,306,"53, EUROPE (COURS DE L')",45.62493,-1.02209,Plein jour,En agglomération,Hors intersection,Normale,Autre collision,,,,,,,,,,,1,2,1,1.0,6
201300019614,0013-09-24 17:48:00,13,9,24,17,48,170,306,rue CALMETTE ( DOCTEUR),45.62892,-1.02445,Plein jour,En agglomération,Intersection en X,Normale,Deux véhicules - côté,,,,,,,,,,,1,2,2,1.0,3
201300019615,0013-09-03 11:10:00,13,9,3,11,10,170,306,"., THIBAUDEAU (ROND POIN",45.632,-1.03237,Plein jour,En agglomération,Hors intersection,Normale,Deux véhicules - côté,,,,,,,,,,,1,2,1,1.0,3
201300019616,0013-09-06 13:45:00,13,9,6,13,45,170,306,"., FONT DE CHERVES",45.62595,-1.02907,Plein jour,En agglomération,Intersection en X,Normale,Deux véhicules - côté,,,,,,,,,,,1,2,2,1.0,3
201300019617,0013-10-04 08:50:00,13,10,4,8,50,170,306,"., ROCHERS (ALLEE DES)",45.61936,-1.0408,Plein jour,En agglomération,Hors intersection,Normale,Deux véhicules - arrière,,,,,,,,,,,1,2,1,1.0,2
201300019618,0013-10-10 10:15:00,13,10,10,10,15,170,306,"., DE LATTRE DE TASSIGNY",45.62595,-1.02085,Plein jour,En agglomération,Hors intersection,Normale,Deux véhicules - arrière,,,,,,,,,,,1,2,1,1.0,2
201300019619,0013-10-15 15:15:00,13,10,15,15,15,170,306,"., FRONT DE MER (PROMENA",45.62381,-1.02754,Plein jour,En agglomération,Hors intersection,Pluie légère,Deux véhicules - arrière,,,,,,,,,,,1,2,1,2.0,2
201300019620,0013-10-21 19:40:00,13,10,21,19,40,170,306,"., ROCHEFORT (DE)  (AVEN",45.63653,-1.02879,Nuit avec éclairage allumé,En agglomération,Intersection en X,Normale,Deux véhicules - côté,,,,,,,,,,,5,2,2,1.0,3
201300019621,0013-10-24 12:45:00,13,10,24,12,45,170,306,"6, BASTIE MARYSE",45.62455,-1.01688,Plein jour,En agglomération,Hors intersection,Normale,Autre collision,,,,,,,,,,,1,2,1,1.0,6
201300019622,0013-11-06 07:30:00,13,11,6,7,30,170,333,"., FRENAL (BOULEVARD DU",45.60393,-1.00411,Nuit avec éclairage allumé,En agglomération,Intersection en X,Pluie forte,Deux véhicules - côté,,,,,,,,,,,5,2,2,3.0,3
201300019623,0013-09-30 15:45:00,13,9,30,15,45,400,220,,43.65782,-0.36919,Plein jour,Hors agglomération,Hors intersection,Normale,Trois véhicules et plus - collisions multiples,,,,,,,,,,,1,1,1,1.0,5
201300019624,0013-10-30 19:00:00,13,10,30,19,0,400,141,,43.71849,-0.76723,Nuit sans éclairage public,Hors agglomération,Hors intersection,Normale,Deux véhicules - frontale,,,,,,,,,,,3,1,1,1.0,1
201300019625,0013-02-09 11:15:00,13,2,9,11,15,270,564,,49.087,0.486,Plein jour,Hors agglomération,Hors intersection,Normale,Autre collision,,,,,,,,,,,1,1,1,1.0,6
201300019626,0013-08-01 15:00:00,13,8,1,15,0,270,680,,48.55,0.241,Plein jour,Hors agglomération,Hors intersection,Normale,Sans collision,,,,,,,,,,,1,1,1,1.0,7
201300019627,0013-11-19 08:30:00,13,11,19,8,30,270,460,,,,Plein jour,Hors agglomération,Hors intersection,Normale,Autre collision,,,,,,,,,,,1,1,1,1.0,6
201300019628,0013-03-27 18:25:00,13,3,27,18,25,400,227,,44.28863,-0.76835,Plein jour,Hors agglomération,Hors intersection,Normale,Deux véhicules - côté,,,,,,,,,,,1,1,1,1.0,3
201300019629,0013-03-11 19:45:00,13,3,11,19,45,610,181,,48.79037,0.32743,Nuit sans éclairage public,Hors agglomération,Hors intersection,Neige / grêle,Deux véhicules - arrière,,,,,,,,,,,3,1,1,4.0,2
201300019630,0013-03-19 14:30:00,13,3,19,14,30,610,175,,48.48785,0.12054,Plein jour,Hors agglomération,Hors intersection,Neige / grêle,Autre collision,,,,,,,,,,,1,1,1,4.0,6
201300019631,0013-03-19 19:10:00,13,3,19,19,10,610,464,,48.60728,0.19618,Nuit sans éclairage public,Hors agglomération,Hors intersection,Neige / grêle,Sans collision,,,,,,,,,,,3,1,1,4.0,7
201300019632,0013-11-27 11:45:00,13,11,27,11,45,610,181,,48.78031,0.31533,Plein jour,Hors agglomération,Hors intersection,Temps couvert,Deux véhicules - arrière,,,,,,,,,,,1,1,1,8.0,2
201300019633,0013-12-22 16:00:00,13,12,22,16,0,610,314,,48.76196,-0.09212,Plein jour,Hors agglomération,Hors intersection,Normale,Sans collision,,,,,,,,,,,1,1,1,1.0,7
201300019634,0013-01-02 14:55:00,13,1,2,14,55,170,415,"1, ALLENDE AV. DU PRESID",45.7368,-0.64428,Plein jour,En agglomération,Hors intersection,Normale,Autre collision,,,,,,,,,,,1,2,1,1.0,6
201300019635,0013-01-15 11:30:00,13,1,15,11,30,170,415,EUROPE COURS DE,45.7364,-0.64896,Plein jour,En agglomération,Hors intersection,Normale,Autre collision,,,,,,,,,,,1,2,1,1.0,6
201300019636,0013-01-19 15:40:00,13,1,19,15,40,170,415,141,,,Plein jour,Hors agglomération,Hors intersection,Normale,Autre collision,,,,,,,,,,,1,1,1,1.0,6
201300019637,0013-02-08 14:50:00,13,2,8,14,50,170,415,"2, GENET 2 A 64 COURS",45.74658,-0.64058,Plein jour,En agglomération,Hors intersection,Normale,Autre collision,,,,,,,,,,,1,2,1,1.0,6
201300019638,0013-02-12 06:35:00,13,2,12,6,35,170,415,"76, GAMBETTA 74 A 162 ET",45.746,-0.624,Crépuscule ou aube,En agglomération,Hors intersection,Pluie légère,Autre collision,,,,,,,,,,,2,2,1,2.0,6
201300019639,0013-02-15 08:00:00,13,2,15,8,0,170,415,"01, DUFAURE AVENUE JULES",45.74629,-0.61741,Nuit avec éclairage allumé,En agglomération,Hors intersection,Normale,Autre collision,,,,,,,,,,,5,2,1,1.0,6
201300019640,0013-02-17 17:40:00,13,2,17,17,40,170,415,"1, NATIONAL 1 A 67 ET 2",45.7471,-0.63247,Plein jour,En agglomération,Hors intersection,Normale,Autre collision,,,,,,,,,,,1,2,1,1.0,6
201300019641,0013-02-21 17:15:00,13,2,21,17,15,170,415,"12, REVERSEAUX 2 A 46 ET",45.74717,-0.63713,Plein jour,En agglomération,Hors intersection,Normale,Autre collision,,,,,,,,,,,1,2,1,1.0,6
201300019642,0013-02-27 22:45:00,13,2,27,22,45,170,415,"2, CASTAGNARY ALLEE",,,Nuit avec éclairage allumé,En agglomération,Hors intersection,Normale,Autre collision,,,,,,,,,,,5,2,1,1.0,6
201300019643,0013-03-07 10:15:00,13,3,7,10,15,170,415,"19, BLAIR PLACE",45.74291,-0.6351,Plein jour,En agglomération,Hors intersection,Normale,Autre collision,,,,,,,,,,,1,2,1,1.0,6
201300019644,0013-03-07 21:45:00,13,3,7,21,45,170,415,"46, LEMERCIER COURS",45.74771,-0.64053,Nuit avec éclairage allumé,En agglomération,Hors intersection,Normale,Autre collision,,,,,,,,,,,5,2,1,1.0,6
201300019645,0013-03-16 13:34:00,13,3,16,13,34,170,415,"2, PASTEUR RUE",45.74751,-0.63709,Plein jour,En agglomération,Hors intersection,Normale,Autre collision,,,,,,,,,,,1,2,1,1.0,6
201300019646,0013-03-18 08:45:00,13,3,18,8,45,170,415,"1, BRIAND RUE ARISTIDE",45.74559,-0.61791,Nuit avec éclairage allumé,En agglomération,Hors intersection,Normale,Autre collision,,,,,,,,,,,5,2,1,1.0,6
201300019647,0013-03-19 14:00:00,13,3,19,14,0,170,415,"25, SAINT PALLAIS 31 A 1",45.74552,-0.62399,Plein jour,En agglomération,Hors intersection,Normale,Autre collision,,,,,,,,,,,1,2,1,1.0,6
201300019648,0013-04-09 11:00:00,13,4,9,11,0,170,415,"44, NATIONAL 1 A 67 ET 2",45.74753,-0.63362,Plein jour,En agglomération,Hors intersection,Normale,Autre collision,,,,,,,,,,,1,2,1,1.0,6
201300019649,0013-04-17 21:40:00,13,4,17,21,40,170,415,"8, REPUBLIQUE QUAI DE LA",45.74584,-0.63045,Nuit avec éclairage allumé,En agglomération,Hors intersection,Normale,Autre collision,,,,,,,,,,,5,2,1,1.0,6
201300019650,0013-04-19 10:30:00,13,4,19,10,30,170,415,"94, GAUTIER RUE",45.74064,-0.62083,Plein jour,En agglomération,Hors intersection,Normale,Autre collision,,,,,,,,,,,1,2,1,1.0,6
201300019651,0013-04-22 14:10:00,13,4,22,14,10,170,415,route nationale 141,45.72581,-0.63695,Plein jour,Hors agglomération,Hors intersection,Normale,Autre collision,,,,,,,,,,,1,1,1,1.0,6
201300019652,0013-04-25 08:35:00,13,4,25,8,35,170,415,"46, GENET 2 A 64 COURS",45.74858,-0.6469,Crépuscule ou aube,En agglomération,Hors intersection,Normale,Autre collision,,,,,,,,,,,2,2,1,1.0,6
201300019653,0013-04-25 13:25:00,13,4,25,13,25,170,415,"20, REVERSEAUX 2 A 46 ET",45.74722,-0.63723,Plein jour,En agglomération,Hors intersection,Normale,Autre collision,,,,,,,,,,,1,2,1,1.0,6
201300019654,0013-04-30 13:20:00,13,4,30,13,20,170,415,"1, DICONCHE RUE DE",45.72458,-0.6353,Plein jour,En agglomération,Hors intersection,Pluie légère,Autre collision,,,,,,,,,,,1,2,1,2.0,6
201300019655,0013-05-04 14:35:00,13,5,4,14,35,170,415,"74, GAUTIER RUE",45.74096,-0.62214,Plein jour,En agglomération,Hors intersection,Normale,Autre collision,,,,,,,,,,,1,2,1,1.0,6
201300019656,0013-05-08 03:55:00,13,5,8,3,55,170,415,"1, APOTRES DE LA LIBERTE",45.74315,-0.63999,Nuit sans éclairage public,En agglomération,Hors intersection,Normale,Autre collision,,,,,,,,,,,3,2,1,1.0,6
201300019657,0013-05-24 10:35:00,13,5,24,10,35,170,415,route nationale 141,45.74416,-0.60033,Plein jour,Hors agglomération,Hors intersection,Normale,Autre collision,,,,,,,,,,,1,1,1,1.0,6
201300019658,0013-05-28 18:30:00,13,5,28,18,30,170,415,"2, CASTAGNARY ALLEE",45.74131,-0.63915,Plein jour,En agglomération,Hors intersection,Normale,Autre collision,,,,,,,,,,,1,2,1,1.0,6
201300019659,0013-06-06 09:05:00,13,6,6,9,5,170,415,Route Nationale 137,,,Plein jour,Hors agglomération,Hors intersection,Normale,Autre collision,,,,,,,,,,,1,1,1,1.0,6
201300019660,0013-06-07 11:00:00,13,6,7,11,0,170,415,"22, NATIONAL 1 A 67 ET 2",45.74719,-0.63171,Plein jour,En agglomération,Hors intersection,Normale,Autre collision,,,,,,,,,,,1,2,1,1.0,6
201300019661,0013-06-14 12:45:00,13,6,14,12,45,170,415,Route Nationale 150,45.74602,-0.60008,Plein jour,Hors agglomération,Hors intersection,Normale,Sans collision,,,,,,,,,,,1,1,1,1.0,7
201300019662,0013-06-21 19:18:00,13,6,21,19,18,170,415,"25, YSER 1 A 35 QUAI DE",45.75126,-0.63143,Plein jour,En agglomération,Hors intersection,Normale,Autre collision,,,,,,,,,,,1,2,1,1.0,6
201300019663,0013-06-24 14:00:00,13,6,24,14,0,170,415,"01, PORT D'ENVAUX RUE DE",45.76352,-0.64008,Plein jour,Hors agglomération,Hors intersection,Normale,Sans collision,,,,,,,,,,,1,1,1,1.0,7
201300019664,0013-06-26 19:45:00,13,6,26,19,45,170,415,"02, ABATTOIR RUE DE L'",45.75306,-0.63107,Plein jour,En agglomération,Hors intersection,Normale,Autre collision,,,,,,,,,,,1,2,1,1.0,6
201300019665,0013-07-05 12:16:00,13,7,5,12,16,170,415,"16, REVERSEAUX 2 A 46 ET",45.74607,-0.63804,Plein jour,En agglomération,Hors intersection,Normale,Autre collision,,,,,,,,,,,1,2,1,1.0,6
201300019666,0013-07-08 14:15:00,13,7,8,14,15,170,415,"1, CHAMPAGNE ST GEORGES",45.74635,-0.67419,Plein jour,Hors agglomération,Hors intersection,Normale,Autre collision,,,,,,,,,,,1,1,1,1.0,6
201300019667,0013-07-19 19:25:00,13,7,19,19,25,170,415,"1, SAINTONGE PONT A RUE",45.74093,-0.62242,Plein jour,En agglomération,Hors intersection,Normale,Autre collision,,,,,,,,,,,1,2,1,1.0,6
201300019668,0013-07-28 21:10:00,13,7,28,21,10,170,415,route nationale 141,45.72559,-0.63721,Crépuscule ou aube,Hors agglomération,Hors intersection,Normale,Autre collision,,,,,,,,,,,2,1,1,1.0,6
201300019669,0013-08-14 08:00:00,13,8,14,8,0,170,415,"1, CHERMIGNAC RUE DE",45.73376,-0.64553,Plein jour,Hors agglomération,Hors intersection,Normale,Autre collision,,,,,,,,,,,1,1,1,1.0,6
201300019670,0013-08-16 14:00:00,13,8,16,14,0,170,415,"75, BOULE RUE DE LA",45.74958,-0.63895,Plein jour,En agglomération,Hors intersection,Normale,Autre collision,,,,,,,,,,,1,2,1,1.0,6
201300019671,0013-08-14 13:35:00,13,8,14,13,35,170,415,"1, VOIVILLE EST ROND POI",45.74002,-0.66214,Plein jour,En agglomération,Hors intersection,Normale,Autre collision,,,,,,,,,,,1,2,1,1.0,6
201300019672,0013-08-17 22:55:00,13,8,17,22,55,170,415,ROCADE SUD,45.73123,-0.61678,Nuit sans éclairage public,Hors agglomération,Hors intersection,Normale,Autre collision,,,,,,,,,,,3,1,1,1.0,6
201300019673,0013-09-04 09:40:00,13,9,4,9,40,170,415,"1, PALISSY PONT",45.74145,-0.63853,Plein jour,En agglomération,Hors intersection,Normale,Autre collision,,,,,,,,,,,1,2,1,1.0,6
201300019674,0013-09-04 09:45:00,13,9,4,9,45,170,415,1 rue René CASSIN,45.74202,-0.62709,Plein jour,En agglomération,Hors intersection,Normale,Autre collision,,,,,,,,,,,1,2,1,1.0,6
201300019675,0013-09-18 14:30:00,13,9,18,14,30,170,415,"42, DOUMER 2 A 143 /ROC.",45.74416,-0.65167,Plein jour,En agglomération,Hors intersection,Normale,Autre collision,,,,,,,,,,,1,2,1,1.0,6
201300019676,0013-09-19 09:55:00,13,9,19,9,55,170,415,"12, REPUBLIQUE QUAI DE L",45.74586,-0.63049,Plein jour,En agglomération,Hors intersection,Normale,Autre collision,,,,,,,,,,,1,2,1,1.0,6
201300019677,0013-09-26 18:50:00,13,9,26,18,50,170,415,"02, LOTI RUE PIERRE",45.74938,-0.64497,Plein jour,En agglomération,Hors intersection,Normale,Sans collision,,,,,,,,,,,1,2,1,1.0,7
201300019678,0013-10-10 18:45:00,13,10,10,18,45,170,415,"76, GAUTIER RUE",45.74057,-0.62138,Plein jour,En agglomération,Hors intersection,Normale,Autre collision,,,,,,,,,,,1,2,1,1.0,6
201300019679,0013-10-18 19:45:00,13,10,18,19,45,170,415,"7, DUFAURE AVENUE JULES",45.74628,-0.61774,Plein jour,En agglomération,Hors intersection,Normale,Autre collision,,,,,,,,,,,1,2,1,1.0,6
201300019680,0013-10-19 09:30:00,13,10,19,9,30,170,415,"12, YSER 1 A 35 QUAI DE",45.75256,-0.63096,Plein jour,En agglomération,Hors intersection,Normale,Autre collision,,,,,,,,,,,1,2,1,1.0,6
201300019681,0013-10-19 17:45:00,13,10,19,17,45,170,415,141,45.74569,-0.58912,Plein jour,Hors agglomération,Hors intersection,Normale,Autre collision,,,,,,,,,,,1,1,1,1.0,6
201300019682,0013-10-21 06:35:00,13,10,21,6,35,170,415,route nationale 141,45.74569,-0.58912,Crépuscule ou aube,Hors agglomération,Hors intersection,Normale,Autre collision,,,,,,,,,,,2,1,1,1.0,6
201300019683,0013-11-04 12:35:00,13,11,4,12,35,170,415,"15, ABATTOIR RUE DE L'",45.75432,-0.63167,Plein jour,En agglomération,Hors intersection,Pluie légère,Autre collision,,,,,,,,,,,1,2,1,2.0,6
201300019684,0013-11-05 08:15:00,13,11,5,8,15,170,415,"15, DUFAURE AVENUE JULES",45.74626,-0.61671,Nuit avec éclairage allumé,En agglomération,Hors intersection,Normale,Autre collision,,,,,,,,,,,5,2,1,1.0,6
201300019685,0013-11-06 12:30:00,13,11,6,12,30,170,415,"12, MARTIN LUTHER KING R",45.75053,-0.64986,Plein jour,En agglomération,Hors intersection,Normale,Autre collision,,,,,,,,,,,1,2,1,1.0,6
201300019686,0013-11-08 17:50:00,13,11,8,17,50,170,415,"87, NATIONAL 69 A FIN ET",45.74738,-0.6357,Nuit avec éclairage allumé,En agglomération,Hors intersection,Normale,Autre collision,,,,,,,,,,,5,2,1,1.0,6
201300019687,0013-11-09 06:25:00,13,11,9,6,25,170,415,"1, COTE DE BEAUTE RUE DE",45.74707,-0.66922,Nuit sans éclairage public,Hors agglomération,Hors intersection,Normale,Autre collision,,,,,,,,,,,3,1,1,1.0,6
201300019688,0013-11-10 01:30:00,13,11,10,1,30,170,415,"1, SAINTONGE PONT A RUE",45.74075,-0.62255,Nuit sans éclairage public,En agglomération,Hors intersection,Pluie forte,Autre collision,,,,,,,,,,,3,2,1,3.0,6
201300019689,0013-11-12 18:10:00,13,11,12,18,10,170,415,"12, KENNEDY AVENUE JOHN",45.73251,-0.64564,Nuit avec éclairage allumé,En agglomération,Hors intersection,Normale,Autre collision,,,,,,,,,,,5,2,1,1.0,6
201300019690,0013-11-15 18:30:00,13,11,15,18,30,170,415,"2, SAINTONGE PONT A RUE",45.74014,-0.65667,Nuit avec éclairage allumé,En agglomération,Hors intersection,Normale,Autre collision,,,,,,,,,,,5,2,1,1.0,6
201300019691,0013-11-22 12:25:00,13,11,22,12,25,170,415,"1, LECLERC COURS DU MARE",45.74858,-0.64386,Plein jour,En agglomération,Hors intersection,Normale,Autre collision,,,,,,,,,,,1,2,1,1.0,6
201300019692,0013-11-27 12:25:00,13,11,27,12,25,170,415,"1, SAINTONGE PONT A RUE",45.74084,-0.62242,Plein jour,En agglomération,Hors intersection,Normale,Autre collision,,,,,,,,,,,1,2,1,1.0,6
201300019693,0013-11-29 15:25:00,13,11,29,15,25,170,415,"29, LECLERC COURS DU MAR",45.74989,-0.6466,Plein jour,En agglomération,Hors intersection,Normale,Autre collision,,,,,,,,,,,1,2,1,1.0,6
201300019694,0013-12-09 16:15:00,13,12,9,16,15,170,415,"23, LACURIE RUE",45.74572,-0.64502,Plein jour,En agglomération,Hors intersection,Normale,Autre collision,,,,,,,,,,,1,2,1,1.0,6
201300019695,0013-12-10 11:55:00,13,12,10,11,55,170,415,Route Nationale 150,45.74554,-0.68768,Plein jour,Hors agglomération,Hors intersection,Autre,Autre collision,,,,,,,,,,,1,1,1,9.0,6
201300019696,0013-12-13 08:20:00,13,12,13,8,20,170,415,"15, ROCHES 1 A 31 QUAI D",45.73857,-0.63852,Crépuscule ou aube,En agglomération,Hors intersection,Normale,Autre collision,,,,,,,,,,,2,2,1,1.0,6
201300019697,0013-12-16 14:00:00,13,12,16,14,0,170,415,"10, MARTEL RUE GEOFFROY",45.74302,-0.622,Plein jour,En agglomération,Intersection en X,Normale,Autre collision,,,,,,,,,,,1,2,2,1.0,6
201300019698,0013-12-16 18:15:00,13,12,16,18,15,170,415,RETAUD ROUTE DE,45.71621,-0.67709,Crépuscule ou aube,Hors agglomération,Hors intersection,Normale,Autre collision,,,,,,,,,,,2,1,1,1.0,6
201300019699,0013-12-16 19:25:00,13,12,16,19,25,170,415,"8, DOUMER 2 A 143 /ROC.O",45.74624,-0.6646,Nuit avec éclairage allumé,En agglomération,Hors intersection,Normale,Autre collision,,,,,,,,,,,5,2,1,1.0,6
201300019700,0013-12-18 18:30:00,13,12,18,18,30,170,415,"5, COTE DE BEAUTE RUE DE",45.74807,-0.6689,Crépuscule ou aube,Hors agglomération,Hors intersection,Normale,Autre collision,,,,,,,,,,,2,1,1,1.0,6
201300019701,0013-12-22 14:10:00,13,12,22,14,10,170,415,"37, JOURDAN AVENUE",45.74527,-0.61373,Plein jour,En agglomération,Hors intersection,Normale,Autre collision,,,,,,,,,,,1,2,1,1.0,6
201300019702,0013-12-24 18:55:00,13,12,24,18,55,170,415,Route Nationale 137,45.72526,-0.64341,Nuit sans éclairage public,Hors agglomération,Hors intersection,Pluie forte,Autre collision,,,,,,,,,,,3,1,1,3.0,6
201300019703,0013-01-18 19:15:00,13,1,18,19,15,370,179,,,,Nuit sans éclairage public,Hors agglomération,Hors intersection,Pluie forte,Trois véhicules et plus - collisions multiples,,,,,,,,,,,3,1,1,3.0,5
201300019704,0013-01-18 18:00:00,13,1,18,18,0,370,153,,,,Nuit sans éclairage public,Hors agglomération,Hors intersection,Pluie forte,Deux véhicules - arrière,,,,,,,,,,,3,1,1,3.0,2
201300019705,0013-02-07 22:00:00,13,2,7,22,0,370,160,,,,Nuit sans éclairage public,Hors agglomération,Hors intersection,Normale,Deux véhicules - arrière,,,,,,,,,,,3,1,1,1.0,2
201300019706,0013-07-22 10:30:00,13,7,22,10,30,370,194,,,,Plein jour,Hors agglomération,Hors intersection,Normale,Deux véhicules - côté,,,,,,,,,,,1,1,1,1.0,3
201300019707,0013-07-27 22:30:00,13,7,27,22,30,370,194,,,,Nuit sans éclairage public,Hors agglomération,Hors intersection,Normale,Deux véhicules - frontale,,,,,,,,,,,3,1,1,1.0,1
201300019708,0013-11-30 03:45:00,13,11,30,3,45,370,153,,,,Nuit sans éclairage public,Hors agglomération,Hors intersection,Normale,Trois véhicules et plus - en chaîne,,,,,,,,,,,3,1,1,1.0,4
201300019709,0013-03-21 10:00:00,13,3,21,10,0,340,95,,43.52698,3.74166,Plein jour,Hors agglomération,Hors intersection,Normale,Deux véhicules - arrière,,,,,,,,,,,1,1,1,1.0,2
201300019710,0013-04-23 04:30:00,13,4,23,4,30,340,270,,43.56282,3.85,Nuit avec éclairage allumé,Hors agglomération,Hors intersection,Normale,Deux véhicules - côté,,,,,,,,,,,5,1,1,1.0,3
201300019711,0013-04-30 16:30:00,13,4,30,16,30,340,270,,43.56053,3.84938,Plein jour,En agglomération,Intersection en X,Normale,Deux véhicules - côté,,,,,,,,,,,1,2,2,1.0,3
201300019712,0013-05-03 17:15:00,13,5,3,17,15,340,95,,43.53393,3.75396,Plein jour,Hors agglomération,Hors intersection,Normale,Deux véhicules - côté,,,,,,,,,,,1,1,1,1.0,3
201300019713,0013-07-02 14:45:00,13,7,2,14,45,340,270,,43.579,3.865,Plein jour,Hors agglomération,Hors intersection,Normale,Deux véhicules - côté,,,,,,,,,,,1,1,1,1.0,3
201300019714,0013-08-07 19:30:00,13,8,7,19,30,340,95,,43.51634,3.76798,Plein jour,Hors agglomération,Hors intersection,Pluie légère,Deux véhicules - côté,,,,,,,,,,,1,1,1,2.0,3
201300019715,0013-09-11 07:15:00,13,9,11,7,15,340,95,,43.546,3.75,Plein jour,Hors agglomération,Hors intersection,Normale,Deux véhicules - côté,,,,,,,,,,,1,1,1,1.0,3
201300019716,0013-09-11 16:00:00,13,9,11,16,0,340,270,,43.574,3.848,Plein jour,Hors agglomération,Hors intersection,Normale,Deux véhicules - côté,,,,,,,,,,,1,1,1,1.0,3
201300019717,0013-12-07 10:00:00,13,12,7,10,0,340,270,,43.586,3.82,Plein jour,En agglomération,Hors intersection,Normale,Autre collision,,,,,,,,,,,1,2,1,1.0,6
201300019718,0013-12-14 17:45:00,13,12,14,17,45,340,270,,43.592,3.834,Nuit sans éclairage public,Hors agglomération,Hors intersection,Normale,Autre collision,,,,,,,,,,,3,1,1,1.0,6
201300019719,0013-02-01 14:15:00,13,2,1,14,15,660,141,,42.77208,2.90082,Plein jour,Hors agglomération,Hors intersection,Normale,Deux véhicules - côté,,,,,,,,,,,1,1,1,1.0,3
201300019720,0013-03-07 22:45:00,13,3,7,22,45,660,141,,,,Nuit sans éclairage public,Hors agglomération,Hors intersection,Temps couvert,Sans collision,,,,,,,,,,,3,1,1,8.0,7
201300019721,0013-05-17 19:30:00,13,5,17,19,30,660,50,,42.7405,2.96295,Plein jour,Hors agglomération,Hors intersection,Normale,Trois véhicules et plus - collisions multiples,,,,,,,,,,,1,1,1,1.0,5
201300019722,0013-05-18 20:15:00,13,5,18,20,15,660,141,,,,Crépuscule ou aube,Hors agglomération,Hors intersection,Normale,Autre collision,,,,,,,,,,,2,1,1,1.0,6
201300019723,0013-09-04 13:00:00,13,9,4,13,0,660,141,av Francois Cassanyes,42.73972,3.03724,Plein jour,En agglomération,Hors intersection,Normale,Deux véhicules - arrière,,,,,,,,,,,1,2,1,1.0,2
201300019724,0013-10-09 20:15:00,13,10,9,20,15,660,50,chemin du Mas Rovira,42.76104,2.95129,Nuit avec éclairage allumé,En agglomération,Hors intersection,Normale,Deux véhicules - frontale,,,,,,,,,,,5,2,1,1.0,1