accident_id,datetime,annee,mois,jour,heure,minute,departement,commune_insee,adresse,latitude,longitude,luminosite,agglomeration,intersection,meteo,collision,nb_vehicules,nb_usagers,nb_indemnes,nb_tues,nb_blesses_hosp,nb_blesses_legers,age_cond_1,age_cond_2,veh_type_cond_1,veh_type_cond_2,lum_code,agg_code,int_code,atm_code,col_code
201300019856,0013-03-03 06:30:00,13,3,3,6,30,180,205,D2076,,,Nuit sans éclairage public,Hors agglomération,Hors intersection,Normale,Autre collision,,,,,,,,,,,3,1,1,1.0,6
201300019857,0013-03-03 17:30:00,13,3,3,17,30,180,213,CHARITE (RTE DE LA),47.09747,2.4597,Plein jour,En agglomération,Intersection en X,Normale,Deux véhicules - côté,,,,,,,,,,,1,2,2,1.0,3
201300019858,0013-03-04 15:45:00,13,3,4,15,45,180,33,SANTOS-DUMONT (BOULEVARD,47.07032,2.38194,Plein jour,En agglomération,Intersection en X,Normale,Deux véhicules - côté,,,,,,,,,,,1,2,2,1.0,3
201300019859,0013-03-07 14:38:00,13,3,7,14,38,180,33,"57, INDUSTRIE (BOULEVARD",47.07157,2.39037,Plein jour,En agglomération,Intersection en X,Normale,Deux véhicules - côté,,,,,,,,,,,1,2,2,1.0,3
201300019860,0013-03-09 05:50:00,13,3,9,5,50,180,205,BERRY-BOUY (ROUTE DE),47.10101,2.3271,Nuit sans éclairage public,Hors agglomération,Hors intersection,Pluie légère,Sans collision,,,,,,,,,,,3,1,1,2.0,7
201300019861,0013-03-10 06:25:00,13,3,10,6,25,180,33,PROSPECTIVE (AVENU,47.11797,2.41429,Nuit avec éclairage non allumé,Hors agglomération,Hors intersection,Normale,Deux véhicules - arrière,,,,,,,,,,,4,1,1,1.0,2
201300019862,0013-03-17 20:10:00,13,3,17,20,10,180,33,"116, MALLET (RUE LOUIS)",,,Nuit avec éclairage allumé,En agglomération,Hors intersection,Normale,Trois véhicules et plus - collisions multiples,,,,,,,,,,,5,2,1,1.0,5
201300019863,0013-03-21 08:00:00,13,3,21,8,0,180,205,"85, VOUZERON (ROUTE)",47.10147,2.36369,Plein jour,En agglomération,Hors intersection,Normale,Deux véhicules - arrière,,,,,,,,,,,1,2,1,1.0,2
201300019864,0013-03-23 00:15:00,13,3,23,0,15,180,33,"1, VOISINS (RUE DES FRER",47.07224,2.38185,Nuit avec éclairage allumé,En agglomération,Intersection en X,Normale,Trois véhicules et plus - collisions multiples,,,,,,,,,,,5,2,2,1.0,5
201300019865,0013-03-25 17:15:00,13,3,25,17,15,180,33,", ALAIN (RUE)",,,Plein jour,En agglomération,Intersection en X,Normale,Deux véhicules - côté,,,,,,,,,,,1,2,2,1.0,3
201300019866,0013-03-26 02:04:00,13,3,26,2,4,180,33,CHAPELLE (ROUTE DE LA),47.07521,2.35458,Nuit avec éclairage allumé,Hors agglomération,Giratoire,Normale,Autre collision,,,,,,,,,,,5,1,6,1.0,6
201300019867,0013-03-26 04:02:00,13,3,26,4,2,180,33,"11, RIMBAULT (RUE JACQUE",47.07977,2.39911,Nuit avec éclairage allumé,En agglomération,Hors intersection,Normale,Autre collision,,,,,,,,,,,5,2,1,1.0,6
201300019868,0013-03-26 17:30:00,13,3,26,17,30,180,213,CHARITE (ROUTE DE LA),47.0972,2.45527,Plein jour,En agglomération,Giratoire,Normale,Deux véhicules - côté,,,,,,,,,,,1,2,6,1.0,3
201300019869,0013-04-01 11:55:00,13,4,1,11,55,180,33,rue John Bost,,,Plein jour,En agglomération,Hors intersection,Temps éblouissant,Deux véhicules - côté,,,,,,,,,,,1,2,1,7.0,3
201300019870,0013-04-02 11:25:00,13,4,2,11,25,180,33,GUILBEAU/HAEGELEN,47.0705,2.37711,Plein jour,En agglomération,Intersection en X,Normale,Deux véhicules - côté,,,,,,,,,,,1,2,2,1.0,3
201300019871,0013-04-09 17:35:00,13,4,9,17,35,180,33,MARRONNIERS (PLACE DES),47.07982,2.40176,Plein jour,En agglomération,Hors intersection,Pluie légère,Autre collision,,,,,,,,,,,1,2,1,2.0,6
201300019872,0013-04-12 20:15:00,13,4,12,20,15,180,33,JURANVILLE (BOULEVARD),47.08339,2.38899,Nuit avec éclairage allumé,En agglomération,Intersection en X,Pluie légère,Deux véhicules - côté,,,,,,,,,,,5,2,2,2.0,3
201300019873,0013-04-14 22:55:00,13,4,14,22,55,180,33,CHALLE (RUE DU GENERAL),47.09391,2.40116,Nuit avec éclairage allumé,En agglomération,Intersection en X,Normale,Deux véhicules - frontale,,,,,,,,,,,5,2,2,1.0,1
201300019874,0013-04-15 17:45:00,13,4,15,17,45,180,33,CHALLE (RUE DU GENERAL),47.09511,2.39547,Plein jour,En agglomération,Hors intersection,Normale,Trois véhicules et plus - en chaîne,,,,,,,,,,,1,2,1,1.0,4
201300019875,0013-04-16 13:15:00,13,4,16,13,15,180,205,CALLIERE (RUE DE L,47.11392,2.35988,Plein jour,En agglomération,Intersection en X,Normale,Deux véhicules - côté,,,,,,,,,,,1,2,2,1.0,3
201300019876,0013-04-17 09:15:00,13,4,17,9,15,180,267,CHATEAUNEUF (ROUTE,47.05359,2.38062,Plein jour,En agglomération,Intersection en X,Normale,Deux véhicules - côté,,,,,,,,,,,1,2,2,1.0,3
201300019877,0013-04-23 10:45:00,13,4,23,10,45,180,33,GIONNE (AVENUE DE),47.07331,2.4064,Plein jour,En agglomération,Intersection en T,Normale,Deux véhicules - côté,,,,,,,,,,,1,2,3,1.0,3
201300019878,0013-04-24 07:30:00,13,4,24,7,30,180,33,RD 2076,47.0522,2.43421,Plein jour,Hors agglomération,Hors intersection,Normale,Sans collision,,,,,,,,,,,1,1,1,1.0,7
201300019879,0013-04-27 00:56:00,13,4,27,0,56,180,33,LAMARCK (BOULEVARD,47.07954,2.3954,Nuit avec éclairage allumé,En agglomération,Hors intersection,Pluie légère,Sans collision,,,,,,,,,,,5,2,1,2.0,7
201300019880,0013-04-30 08:20:00,13,4,30,8,20,180,33,"89, VAILLANT (RUE EDOUAR",47.08888,2.4004,Plein jour,En agglomération,Intersection en T,Pluie légère,Deux véhicules - côté,,,,,,,,,,,1,2,3,2.0,3
201300019881,0013-05-01 17:39:00,13,5,1,17,39,180,33,CHAMP DE FOIRE (RU,47.08297,2.38712,Plein jour,En agglomération,Hors intersection,Normale,Autre collision,,,,,,,,,,,1,2,1,1.0,6
201300019882,0013-05-02 19:49:00,13,5,2,19,49,180,33,"5, COLBERT (RUE)",47.07156,2.4039,Plein jour,En agglomération,Hors intersection,Normale,Sans collision,,,,,,,,,,,1,2,1,1.0,7
201300019883,0013-05-04 15:10:00,13,5,4,15,10,180,205,parking decathlon,47.11845,2.37559,Plein jour,En agglomération,Place,Normale,Deux véhicules - côté,,,,,,,,,,,1,2,7,1.0,3
201300019884,0013-05-06 07:40:00,13,5,6,7,40,180,33,JURANVILLE (BOULEVAR,47.08339,2.3889,Plein jour,En agglomération,Intersection en X,Normale,Deux véhicules - côté,,,,,,,,,,,1,2,2,1.0,3
201300019885,0013-05-07 17:09:00,13,5,7,17,9,180,33,ISSOUDUN (ROUTE D',47.06122,2.36424,Plein jour,En agglomération,Hors intersection,Normale,Deux véhicules - arrière,,,,,,,,,,,1,2,1,1.0,2
201300019886,0013-05-08 22:04:00,13,5,8,22,4,180,267,RN 142,,,Nuit sans éclairage public,Hors agglomération,Hors intersection,Normale,Autre collision,,,,,,,,,,,3,1,1,1.0,6
201300019887,0013-05-10 18:17:00,13,5,10,18,17,180,205,VOUZERON (ROUTE DE),47.12351,2.34735,Plein jour,Hors agglomération,Hors intersection,Normale,Deux véhicules - frontale,,,,,,,,,,,1,1,1,1.0,1
201300019888,0013-05-12 18:38:00,13,5,12,18,38,180,33,LAUDIER (AVENUE HENR,47.091,2.39358,Plein jour,En agglomération,Hors intersection,Normale,Deux véhicules - côté,,,,,,,,,,,1,2,1,1.0,3
201300019889,0013-05-15 09:10:00,13,5,15,9,10,180,205,PORTE DE VIERZON (ROCADE,,,Plein jour,Hors agglomération,Giratoire,Temps couvert,Sans collision,,,,,,,,,,,1,1,6,8.0,7
201300019890,0013-05-18 12:30:00,13,5,18,12,30,180,33,QUATRE VENTS (ROUTE DES),47.11634,2.42452,Plein jour,En agglomération,Hors intersection,Pluie forte,Sans collision,,,,,,,,,,,1,2,1,3.0,7
201300019891,0013-05-18 18:47:00,13,5,18,18,47,180,255,RD 103,47.00932,2.30367,Plein jour,Hors agglomération,Hors intersection,Temps couvert,Deux véhicules - côté,,,,,,,,,,,1,1,1,8.0,3
201300019892,0013-05-20 21:50:00,13,5,20,21,50,180,33,LABONNE (RUE ERICK),47.06448,2.40339,Nuit avec éclairage allumé,En agglomération,Hors intersection,Pluie forte,Autre collision,,,,,,,,,,,5,2,1,3.0,6
201300019893,0013-05-20 11:12:00,13,5,20,11,12,180,33,RD 400 (Rocade),47.07252,2.35379,Plein jour,Hors agglomération,Hors intersection,Pluie forte,Autre collision,,,,,,,,,,,1,1,1,3.0,6
201300019894,0013-05-28 14:00:00,13,5,28,14,0,180,255,RD 103,,,Plein jour,Hors agglomération,Hors intersection,Pluie légère,Autre collision,,,,,,,,,,,1,1,1,2.0,6
201300019895,0013-05-30 14:45:00,13,5,30,14,45,180,205,MICHOT/DE GAULLE,47.09651,2.37299,Plein jour,En agglomération,Intersection en X,Pluie légère,Deux véhicules - côté,,,,,,,,,,,1,2,2,2.0,3
201300019896,0013-06-05 14:20:00,13,6,5,14,20,180,33,"14, MAULMOND (RUE DU Pdt",47.07151,2.3765,Plein jour,En agglomération,Hors intersection,Normale,Deux véhicules - côté,,,,,,,,,,,1,2,1,1.0,3
201300019897,0013-06-06 17:45:00,13,6,6,17,45,180,33,"28, DUN-SUR-AURON (AVENU",47.07087,2.41274,Plein jour,En agglomération,Hors intersection,Normale,Deux véhicules - arrière,,,,,,,,,,,1,2,1,1.0,2
201300019898,0013-06-10 12:15:00,13,6,10,12,15,180,33,"24, GAMBON (RUE)",47.08659,2.39141,Plein jour,En agglomération,Hors intersection,Normale,Autre collision,,,,,,,,,,,1,2,1,1.0,6
201300019899,0013-06-10 17:30:00,13,6,10,17,30,180,33,"10, CHATEAU D'EAU (RUE",47.0762,2.40288,Plein jour,En agglomération,Hors intersection,Normale,Autre collision,,,,,,,,,,,1,2,1,1.0,6
201300019900,0013-06-11 13:49:00,13,6,11,13,49,180,33,NATION (PLACE DE LA),47.0842,2.39069,Plein jour,Hors agglomération,Hors intersection,Normale,Autre collision,,,,,,,,,,,1,1,1,1.0,6
201300019901,0013-06-12 15:15:00,13,6,12,15,15,180,33,PARKING - TURLY (RUE DE),47.10262,2.42482,Plein jour,En agglomération,Hors intersection,Normale,Deux véhicules - côté,,,,,,,,,,,1,2,1,1.0,3
201300019902,0013-06-13 08:00:00,13,6,13,8,0,180,33,LAMY (RUE THEOPHIL,47.07696,2.38995,Plein jour,En agglomération,Intersection en T,Pluie légère,Autre collision,,,,,,,,,,,1,2,3,2.0,6
201300019903,0013-06-19 10:00:00,13,6,19,10,0,180,33,"75, RENAN (AVENUE ERNEST",47.08276,2.41414,Plein jour,En agglomération,Hors intersection,Normale,Autre collision,,,,,,,,,,,1,2,1,1.0,6
201300019904,0013-06-20 17:20:00,13,6,20,17,20,180,33,AUGER (BD)/rue Joubert,47.07819,2.40973,Plein jour,En agglomération,Intersection à plus de 4 branches,Normale,Deux véhicules - côté,,,,,,,,,,,1,2,5,1.0,3
201300019905,0013-06-24 07:15:00,13,6,24,7,15,180,33,ROUSSEAU (RUE JEAN,47.07813,2.38818,Plein jour,En agglomération,Intersection en T,Normale,Deux véhicules - côté,,,,,,,,,,,1,2,3,1.0,3
201300019906,0013-06-25 09:34:00,13,6,25,9,34,180,33,rue Jean Baffier,47.07263,2.41068,Plein jour,En agglomération,Hors intersection,Normale,Autre collision,,,,,,,,,,,1,2,1,1.0,6
201300019907,0013-06-29 11:15:00,13,6,29,11,15,180,255,RD31,,,Plein jour,Hors agglomération,Giratoire,Normale,Autre collision,,,,,,,,,,,1,1,6,1.0,6
201300019908,0013-07-01 15:30:00,13,7,1,15,30,180,205,"1, VEAUCE (Rte DE)",47.10456,2.35533,Plein jour,En agglomération,Intersection en T,Normale,Deux véhicules - frontale,,,,,,,,,,,1,2,3,1.0,1
201300019909,0013-07-02 18:10:00,13,7,2,18,10,180,33,JURANVILLE (BOULEVARD DE,47.08084,2.3895,Plein jour,En agglomération,Intersection en Y,Normale,Deux véhicules - côté,,,,,,,,,,,1,2,4,1.0,3
201300019910,0013-07-03 15:00:00,13,7,3,15,0,180,33,RN 142,47.08662,2.44276,Plein jour,Hors agglomération,Hors intersection,Pluie légère,Deux véhicules - arrière,,,,,,,,,,,1,1,1,2.0,2
201300019911,0013-07-05 17:30:00,13,7,5,17,30,180,33,COILLARD (RUE FRANCOIS),47.12569,2.39538,Plein jour,En agglomération,Hors intersection,Normale,Sans collision,,,,,,,,,,,1,2,1,1.0,7
201300019912,0013-07-05 17:40:00,13,7,5,17,40,180,213,PARKING (rte CHARITE),47.09767,2.4585,Plein jour,En agglomération,Hors intersection,Normale,Deux véhicules - arrière,,,,,,,,,,,1,2,1,1.0,2
201300019913,0013-07-06 18:10:00,13,7,6,18,10,180,33,"23, LAUDIER (AVENUE HENR",47.09261,2.39392,Plein jour,En agglomération,Hors intersection,Normale,Autre collision,,,,,,,,,,,1,2,1,1.0,6
201300019914,0013-07-08 07:32:00,13,7,8,7,32,180,213,"7, GAULLE (AVENUE DU GEN",47.0991,2.48364,Plein jour,En agglomération,Hors intersection,Normale,Autre collision,,,,,,,,,,,1,2,1,1.0,6
201300019915,0013-07-12 13:50:00,13,7,12,13,50,180,33,"49, VOISINS (RUE DES FRE",47.0694,2.37558,Plein jour,En agglomération,Giratoire,Normale,Deux véhicules - côté,,,,,,,,,,,1,2,6,1.0,3
201300019916,0013-07-13 22:14:00,13,7,13,22,14,180,33,"92 BIS, MITTERRAND (AVEN",47.08364,2.4355,Nuit avec éclairage allumé,En agglomération,Giratoire,Normale,Autre collision,,,,,,,,,,,5,2,6,1.0,6
201300019917,0013-07-16 16:09:00,13,7,16,16,9,180,33,CHARITE (ROUTE DE LA),47.09563,2.43324,Plein jour,En agglomération,Hors intersection,Normale,Deux véhicules - arrière,,,,,,,,,,,1,2,1,1.0,2
201300019918,0013-07-20 18:45:00,13,7,20,18,45,180,33,ISSOUDUN (ROUTE D'),47.0598,2.3623,Plein jour,Hors agglomération,Hors intersection,Normale,Deux véhicules - frontale,,,,,,,,,,,1,1,1,1.0,1
201300019919,0013-07-21 23:48:00,13,7,21,23,48,180,33,"52 B, DE GAULLE (AV DU G",47.09609,2.40465,Nuit avec éclairage allumé,En agglomération,Hors intersection,Normale,Autre collision,,,,,,,,,,,5,2,1,1.0,6
201300019920,0013-07-22 20:15:00,13,7,22,20,15,180,213,GENERAL DE GAULLE (AVENU,47.09882,2.4796,Plein jour,En agglomération,Intersection en X,Normale,Deux véhicules - arrière,,,,,,,,,,,1,2,2,1.0,2
201300019921,0013-07-23 13:18:00,13,7,23,13,18,180,33,DE GAULLE (AV DU GENERAL,47.10306,2.40929,Plein jour,En agglomération,Intersection en T,Pluie forte,Deux véhicules - arrière,,,,,,,,,,,1,2,3,3.0,2
201300019922,0013-07-23 21:30:00,13,7,23,21,30,180,33,"16, INDUSTRIE (BOULEVARD",47.0725,2.39697,Plein jour,En agglomération,Hors intersection,Normale,Deux véhicules - côté,,,,,,,,,,,1,2,1,1.0,3
201300019923,0013-08-01 20:20:00,13,8,1,20,20,180,33,CHARITE (ROUTE DE,47.09493,2.4208,Plein jour,En agglomération,Intersection en T,Normale,Deux véhicules - côté,,,,,,,,,,,1,2,3,1.0,3
201300019924,0013-08-02 18:45:00,13,8,2,18,45,180,33,CHALLE (RUE DU GENERAL),47.09409,2.40062,Plein jour,En agglomération,Hors intersection,Normale,Deux véhicules - arrière,,,,,,,,,,,1,2,1,1.0,2
201300019925,0013-08-03 00:50:00,13,8,3,0,50,180,33,"174, CHARLET (RUE)",47.08427,2.41582,Nuit avec éclairage allumé,En agglomération,Hors intersection,Pluie légère,Autre collision,,,,,,,,,,,5,2,1,2.0,6
201300019926,0013-08-04 08:30:00,13,8,4,8,30,180,267,SAINT-AMAND (ROUTE DE),47.03384,2.37563,Plein jour,Hors agglomération,Hors intersection,Normale,Autre collision,,,,,,,,,,,1,1,1,1.0,6
201300019927,0013-08-04 21:38:00,13,8,4,21,38,180,33,PLANTONS (CHEMIN DES,47.09938,2.43555,Crépuscule ou aube,Hors agglomération,Hors intersection,Normale,Autre collision,,,,,,,,,,,2,1,1,1.0,6
201300019928,0013-08-06 13:20:00,13,8,6,13,20,180,33,CHARITE (ROUTE DE,47.0957,2.43485,Plein jour,En agglomération,Hors intersection,Normale,Deux véhicules - arrière,,,,,,,,,,,1,2,1,1.0,2
201300019929,0013-08-07 17:30:00,13,8,7,17,30,180,33,FAUVETTES (RUE DES),47.12071,2.40068,Plein jour,En agglomération,Intersection en X,Normale,Deux véhicules - côté,,,,,,,,,,,1,2,2,1.0,3
201300019930,0013-08-03 18:30:00,13,8,3,18,30,180,213,CEPS (RUE DES),47.09906,2.45946,Plein jour,En agglomération,Hors intersection,Normale,Deux véhicules - côté,,,,,,,,,,,1,2,1,1.0,3
201300019931,0013-08-14 15:30:00,13,8,14,15,30,180,33,PICASSO (RUE PABLO),47.05906,2.40993,Plein jour,En agglomération,Autre intersection,Normale,Autre collision,,,,,,,,,,,1,2,9,1.0,6
201300019932,0013-08-15 19:15:00,13,8,15,19,15,180,33,RD 106,47.04975,2.40814,Plein jour,Hors agglomération,Hors intersection,Normale,Sans collision,,,,,,,,,,,1,1,1,1.0,7
201300019933,0013-08-17 16:55:00,13,8,17,16,55,180,33,parking  Car chaus chapp,,,Plein jour,En agglomération,Place,Normale,Deux véhicules - côté,,,,,,,,,,,1,2,7,1.0,3
201300019934,0013-08-19 14:25:00,13,8,19,14,25,180,33,PROSPECTIVE (AVENUE DE L,,,Plein jour,En agglomération,Hors intersection,Vent fort / tempête,Autre collision,,,,,,,,,,,1,2,1,6.0,6
201300019935,0013-08-19 19:20:00,13,8,19,19,20,180,33,RUE FRANCOIS VILLON,47.10285,2.41153,Plein jour,En agglomération,Hors intersection,Temps éblouissant,Autre collision,,,,,,,,,,,1,2,1,7.0,6
201300019936,0013-08-19 10:00:00,13,8,19,10,0,180,33,N142,47.04715,2.34352,Plein jour,Hors agglomération,Giratoire,Normale,Sans collision,,,,,,,,,,,1,1,6,1.0,7
201300019937,0013-08-23 17:15:00,13,8,23,17,15,180,33,parking carrefour,47.09188,2.42036,Plein jour,En agglomération,Intersection en T,Temps éblouissant,Deux véhicules - côté,,,,,,,,,,,1,2,3,7.0,3
201300019938,0013-08-28 17:10:00,13,8,28,17,10,180,33,"64, GAMBETTA (BOULEVARD)",47.08721,2.38875,Plein jour,En agglomération,Hors intersection,Normale,Deux véhicules - arrière,,,,,,,,,,,1,2,1,1.0,2
201300019939,0013-08-30 11:45:00,13,8,30,11,45,180,33,RENAN (AVENUE ERNEST),47.08399,2.41874,Plein jour,En agglomération,Hors intersection,Normale,Deux véhicules - arrière,,,,,,,,,,,1,2,1,1.0,2
201300019940,0013-09-01 02:53:00,13,9,1,2,53,180,33,"27, GOULEVENTS (RUE DES)",47.07391,2.37655,Nuit avec éclairage allumé,En agglomération,Hors intersection,Normale,Autre collision,,,,,,,,,,,5,2,1,1.0,6
201300019941,0013-09-11 07:31:00,13,9,11,7,31,180,205,,,,Crépuscule ou aube,Hors agglomération,Hors intersection,Normale,Sans collision,,,,,,,,,,,2,1,1,1.0,7
201300019942,0013-09-15 11:10:00,13,9,15,11,10,180,33,JOFFRE (BOULEVARD DU,47.07284,2.39907,Plein jour,En agglomération,Hors intersection,Normale,Deux véhicules - arrière,,,,,,,,,,,1,2,1,1.0,2
201300019943,0013-09-17 18:50:00,13,9,17,18,50,180,33,"76, LATTRE DE TASSIGNY",47.0992,2.41635,Plein jour,En agglomération,Hors intersection,Pluie légère,Deux véhicules - arrière,,,,,,,,,,,1,2,1,2.0,2
201300019944,0013-09-20 16:58:00,13,9,20,16,58,180,33,CHALLE (RUE DU GENERAL),47.09393,2.40116,Plein jour,En agglomération,Intersection en X,Normale,Deux véhicules - frontale,,,,,,,,,,,1,2,2,1.0,1
201300019945,0013-09-22 20:15:00,13,9,22,20,15,180,213,CHARITE (rte de)/J.JAURE,47.09805,2.46837,Nuit sans éclairage public,Hors agglomération,Intersection en T,Normale,Deux véhicules - arrière,,,,,,,,,,,3,1,3,1.0,2
201300019946,0013-09-24 10:10:00,13,9,24,10,10,180,33,"107, VAILLANT (RUE EDOUA",47.08951,2.40084,Plein jour,En agglomération,Hors intersection,Normale,Deux véhicules - côté,,,,,,,,,,,1,2,1,1.0,3
201300019947,0013-09-24 20:54:00,13,9,24,20,54,180,33,avenue de la Prospective,47.10691,2.39289,Nuit avec éclairage allumé,En agglomération,Intersection en T,Normale,Deux véhicules - frontale,,,,,,,,,,,5,2,3,1.0,1
201300019948,0013-09-26 20:23:00,13,9,26,20,23,180,33,INDUSTRIE (BOULEVARD DE,47.07194,2.39286,Nuit avec éclairage allumé,En agglomération,Hors intersection,Normale,Autre collision,,,,,,,,,,,5,2,1,1.0,6
201300019949,0013-09-27 16:50:00,13,9,27,16,50,180,213,CHARITE (ROUTE DE,47.09745,2.45969,Plein jour,En agglomération,Intersection en X,Normale,Deux véhicules - côté,,,,,,,,,,,1,2,2,1.0,3
201300019950,0013-09-28 17:45:00,13,9,28,17,45,180,33,CHARITE (ROUTE DE LA),47.0961,2.44016,Plein jour,En agglomération,Hors intersection,Normale,Deux véhicules - arrière,,,,,,,,,,,1,2,1,1.0,2
201300019951,0013-09-28 21:31:00,13,9,28,21,31,180,33,RD 400 (Rocade),47.07537,2.35399,Nuit avec éclairage non allumé,En agglomération,Giratoire,Pluie légère,Autre collision,,,,,,,,,,,4,2,6,2.0,6
201300019952,0013-10-02 15:56:00,13,10,2,15,56,180,33,"11, RENAN (AVENUE ERNEST",47.08122,2.40774,Plein jour,En agglomération,Hors intersection,Normale,Autre collision,,,,,,,,,,,1,2,1,1.0,6
201300019953,0013-10-04 08:25:00,13,10,4,8,25,180,205,"74, PIEDS BLANCS (RUE DE",47.10985,2.38648,Plein jour,En agglomération,Hors intersection,Normale,Deux véhicules - frontale,,,,,,,,,,,1,2,1,1.0,1
201300019954,0013-10-06 16:57:00,13,10,6,16,57,180,213,RD 151,,,Plein jour,Hors agglomération,Hors intersection,Normale,Autre collision,,,,,,,,,,,1,1,1,1.0,6
201300019955,0013-10-10 07:51:00,13,10,10,7,51,180,205,BOULLE (RUE ANDRE-CHARLE,47.10475,2.39024,Crépuscule ou aube,En agglomération,Intersection en T,Pluie forte,Deux véhicules - arrière,,,,,,,,,,,2,2,3,3.0,2
201300019956,0013-10-11 07:55:00,13,10,11,7,55,180,267,RN 142,47.02647,2.3913,Plein jour,Hors agglomération,Hors intersection,Normale,Deux véhicules - arrière,,,,,,,,,,,1,1,1,1.0,2
201300019957,0013-10-11 17:35:00,13,10,11,17,35,180,213,"37, FOUCAULT (RUE CHARLE",47.101,2.49164,Plein jour,En agglomération,Hors intersection,Normale,Deux véhicules - côté,,,,,,,,,,,1,2,1,1.0,3
201300019958,0013-10-12 15:20:00,13,10,12,15,20,180,213,RD 955,47.09876,2.46342,Plein jour,En agglomération,Autre intersection,Pluie légère,Deux véhicules - côté,,,,,,,,,,,1,2,9,2.0,3
201300019959,0013-10-15 09:45:00,13,10,15,9,45,180,33,"65, SARREBOURG (RUE DE)",47.08032,2.40475,Plein jour,En agglomération,Hors intersection,Normale,Autre collision,,,,,,,,,,,1,2,1,1.0,6
201300019960,0013-10-16 18:10:00,13,10,16,18,10,180,205,MALITORNE (RUE DE),47.10677,2.38771,Plein jour,En agglomération,Hors intersection,Pluie forte,Deux véhicules - arrière,,,,,,,,,,,1,2,1,3.0,2
201300019961,0013-10-17 11:40:00,13,10,17,11,40,180,33,AVENIR (BOULEVARD D,47.0827,2.38452,Plein jour,En agglomération,Hors intersection,Normale,Deux véhicules - arrière,,,,,,,,,,,1,2,1,1.0,2
201300019962,0013-10-17 17:25:00,13,10,17,17,25,180,33,"12, JAURES (AVENUE JEAN)",47.08725,2.39283,Plein jour,En agglomération,Hors intersection,Normale,Autre collision,,,,,,,,,,,1,2,1,1.0,6
201300019963,0013-10-20 00:33:00,13,10,20,0,33,180,213,GENERAL DE GAULLE (AVE,47.09964,2.4917,Nuit avec éclairage allumé,En agglomération,Intersection en T,Pluie légère,Deux véhicules - côté,,,,,,,,,,,5,2,3,2.0,3
201300019964,0013-10-20 11:55:00,13,10,20,11,55,180,213,RD 955,,,Plein jour,Hors agglomération,Hors intersection,Normale,Autre collision,,,,,,,,,,,1,1,1,1.0,6
201300019965,0013-10-25 19:50:00,13,10,25,19,50,180,33,REPUBLIQUE (BOULEVAR,47.08945,2.39534,Nuit avec éclairage allumé,En agglomération,Hors intersection,Pluie forte,Autre collision,,,,,,,,,,,5,2,1,3.0,6
201300019966,0013-10-26 16:35:00,13,10,26,16,35,180,33,"2, COMMERCE (RUE DU)",47.08533,2.39457,Plein jour,En agglomération,Intersection en X,Normale,Deux véhicules - côté,,,,,,,,,,,1,2,2,1.0,3
201300019967,0013-10-28 14:42:00,13,10,28,14,42,180,33,Esplanade MARCEAU,47.07968,2.39904,Plein jour,En agglomération,Giratoire,Pluie légère,Deux véhicules - arrière,,,,,,,,,,,1,2,6,2.0,2
201300019968,0013-10-28 18:45:00,13,10,28,18,45,180,33,"25, PYROTECHNIE (AVENUE",47.07795,2.41664,Nuit avec éclairage allumé,En agglomération,Hors intersection,Normale,Deux véhicules - côté,,,,,,,,,,,5,2,1,1.0,3
201300019969,0013-10-28 20:25:00,13,10,28,20,25,180,33,JURANVILLE (BOULEV,47.08671,2.38853,Nuit avec éclairage allumé,En agglomération,Intersection en X,Normale,Deux véhicules - arrière,,,,,,,,,,,5,2,2,1.0,2
201300019970,0013-10-29 10:53:00,13,10,29,10,53,180,33,DUCLOS (ROND-POINT JACQU,47.06558,2.39526,Plein jour,En agglomération,Giratoire,Normale,Deux véhicules - côté,,,,,,,,,,,1,2,6,1.0,3
201300019971,0013-10-30 16:35:00,13,10,30,16,35,180,33,NUNGESSER ET COLI (RUE),47.06671,2.3781,Plein jour,En agglomération,Intersection en X,Normale,Deux véhicules - côté,,,,,,,,,,,1,2,2,1.0,3
201300019972,0013-10-31 11:39:00,13,10,31,11,39,180,33,"28, LAZENAY (RUE DE)",47.0774,2.38999,Plein jour,En agglomération,Hors intersection,Normale,Deux véhicules - arrière,,,,,,,,,,,1,2,1,1.0,2
201300019973,0013-10-31 16:30:00,13,10,31,16,30,180,33,"30, BARBES (RUE)",47.07734,2.39004,Plein jour,En agglomération,Hors intersection,Normale,Deux véhicules - arrière,,,,,,,,,,,1,2,1,1.0,2
201300019974,0013-10-31 16:50:00,13,10,31,16,50,180,33,"9, LIBERATION (AVENUE DE",47.1016,2.40463,Plein jour,En agglomération,Hors intersection,Normale,Deux véhicules - côté,,,,,,,,,,,1,2,1,1.0,3
201300019975,0013-10-31 23:55:00,13,10,31,23,55,180,33,HAEGELEN (AVENUE M,47.07051,2.37712,Nuit avec éclairage allumé,En agglomération,Intersection en X,Normale,Deux véhicules - côté,,,,,,,,,,,5,2,2,1.0,3
201300019976,0013-11-04 18:10:00,13,11,4,18,10,180,33,"103, VAILLANT (RUE EDOUA",47.08927,2.4007,Nuit avec éclairage allumé,En agglomération,Hors intersection,Normale,Autre collision,,,,,,,,,,,5,2,1,1.0,6
201300019977,0013-11-06 11:30:00,13,11,6,11,30,180,213,CHARITE (ROUTE DE,47.09748,2.45969,Plein jour,En agglomération,Intersection en X,Normale,Deux véhicules - frontale,,,,,,,,,,,1,2,2,1.0,1
201300019978,0013-11-07 19:34:00,13,11,7,19,34,180,33,"35, STRASBOURG (BD DE)",47.08102,2.40544,Crépuscule ou aube,En agglomération,Hors intersection,Normale,Deux véhicules - arrière,,,,,,,,,,,2,2,1,1.0,2