accident_id,datetime,annee,mois,jour,heure,minute,departement,commune_insee,adresse,latitude,longitude,luminosite,agglomeration,intersection,meteo,collision,nb_vehicules,nb_usagers,nb_indemnes,nb_tues,nb_blesses_hosp,nb_blesses_legers,age_cond_1,age_cond_2,veh_type_cond_1,veh_type_cond_2,lum_code,agg_code,int_code,atm_code,col_code
201300020239,0013-05-22 17:05:00,13,5,22,17,5,190,31,CHAUMEIL (RUE PIERRE),,,Plein jour,En agglomération,Hors intersection,Normale,Autre collision,,,,,,,,,,,1,2,1,1.0,6
201300020240,0013-05-30 08:15:00,13,5,30,8,15,190,31,POMPIDOU (AVENUE GEORGES,,,Plein jour,En agglomération,Intersection en X,Pluie légère,Deux véhicules - côté,,,,,,,,,,,1,2,2,2.0,3
201300020241,0013-05-30 13:40:00,13,5,30,13,40,190,31,DEVAUD (RUE ANDRE),,,Plein jour,En agglomération,Intersection en T,Pluie légère,Deux véhicules - côté,,,,,,,,,,,1,2,3,2.0,3
201300020242,0013-06-02 19:30:00,13,6,2,19,30,190,31,CAVAIGNAC (RUE GENERAL),,,Plein jour,En agglomération,Intersection en X,Normale,Deux véhicules - côté,,,,,,,,,,,1,2,2,1.0,3
201300020243,0013-06-04 17:40:00,13,6,4,17,40,190,31,POINCARE (AVENUE),,,Plein jour,En agglomération,Intersection en X,Normale,Deux véhicules - côté,,,,,,,,,,,1,2,2,1.0,3
201300020244,0013-06-06 18:25:00,13,6,6,18,25,190,31,MICHELET (AVENUE EDMOND),,,Plein jour,En agglomération,Hors intersection,Normale,Deux véhicules - côté,,,,,,,,,,,1,2,1,1.0,3
201300020245,0013-06-13 12:00:00,13,6,13,12,0,190,31,LECLERC (AV. GENERAL - M,,,Plein jour,En agglomération,Intersection en T,Normale,Deux véhicules - côté,,,,,,,,,,,1,2,3,1.0,3
201300020246,0013-06-15 11:50:00,13,6,15,11,50,190,31,"69, RIBOT (AVENUE)",,,Plein jour,En agglomération,Hors intersection,Normale,Autre collision,,,,,,,,,,,1,2,1,1.0,6
201300020247,0013-06-19 13:40:00,13,6,19,13,40,190,31,MICHELET (BOULEVARD),,,Plein jour,En agglomération,Hors intersection,Normale,Deux véhicules - frontale,,,,,,,,,,,1,2,1,1.0,1
201300020248,0013-06-21 11:25:00,13,6,21,11,25,190,31,"60bis, ONZE NOVEMBRE 191",,,Plein jour,En agglomération,Intersection en X,Normale,Deux véhicules - côté,,,,,,,,,,,1,2,2,1.0,3
201300020249,0013-06-24 13:55:00,13,6,24,13,55,190,31,TEINCHURIER (AVENUE DU),,,Plein jour,En agglomération,Giratoire,Normale,Autre collision,,,,,,,,,,,1,2,6,1.0,6
201300020250,0013-06-24 17:30:00,13,6,24,17,30,190,31,PAIX (RUE DE LA),,,Plein jour,En agglomération,Intersection en T,Normale,Deux véhicules - côté,,,,,,,,,,,1,2,3,1.0,3
201300020251,0013-06-27 13:35:00,13,6,27,13,35,190,31,"9, ROCHE (RUE MARCELIN)",,,Plein jour,En agglomération,Hors intersection,Normale,Deux véhicules - arrière,,,,,,,,,,,1,2,1,1.0,2
201300020252,0013-06-29 18:05:00,13,6,29,18,5,190,31,"53bis, FOCH (AVENUE MARE",,,Nuit avec éclairage allumé,En agglomération,Hors intersection,Pluie légère,Autre collision,,,,,,,,,,,5,2,1,2.0,6
201300020253,0013-07-03 12:40:00,13,7,3,12,40,190,31,DIX HUIT JUIN 1940 (AVEN,,,Plein jour,En agglomération,Intersection en T,Normale,Deux véhicules - côté,,,,,,,,,,,1,2,3,1.0,3
201300020254,0013-07-04 14:05:00,13,7,4,14,5,190,31,LAGRANGE (AVENUE LEO),,,Plein jour,En agglomération,Hors intersection,Normale,Deux véhicules - côté,,,,,,,,,,,1,2,1,1.0,3
201300020255,0013-07-05 17:05:00,13,7,5,17,5,190,31,"01, PUYBLANC (BOULEVARD",,,Plein jour,En agglomération,Hors intersection,Normale,Deux véhicules - côté,,,,,,,,,,,1,2,1,1.0,3
201300020256,0013-07-07 20:25:00,13,7,7,20,25,190,31,ILE DU ROI (RUE DE L'),,,Plein jour,En agglomération,Intersection en X,Normale,Deux véhicules - côté,,,,,,,,,,,1,2,2,1.0,3
201300020257,0013-07-12 11:20:00,13,7,12,11,20,190,31,ALSACE LORRAINE (AVENUE),,,Plein jour,En agglomération,Hors intersection,Normale,Autre collision,,,,,,,,,,,1,2,1,1.0,6
201300020258,0013-07-13 09:40:00,13,7,13,9,40,190,31,POMPIDOU (AVENUE GEORGES,,,Plein jour,En agglomération,Hors intersection,Normale,Deux véhicules - arrière,,,,,,,,,,,1,2,1,1.0,2
201300020259,0013-07-14 18:35:00,13,7,14,18,35,190,31,ROCHE (RUE MARCELIN),,,Plein jour,En agglomération,Intersection en X,Normale,Deux véhicules - arrière,,,,,,,,,,,1,2,2,1.0,2
201300020260,0013-07-16 09:35:00,13,7,16,9,35,190,31,TURGOT (AVENUE),,,Plein jour,En agglomération,Hors intersection,Normale,Deux véhicules - arrière,,,,,,,,,,,1,2,1,1.0,2
201300020261,0013-07-16 13:40:00,13,7,16,13,40,190,31,MARSALES (RUE JEAN),,,Plein jour,En agglomération,Hors intersection,Normale,Deux véhicules - arrière,,,,,,,,,,,1,2,1,1.0,2
201300020262,0013-07-31 20:20:00,13,7,31,20,20,190,31,BOUVIE (PONT DE LA),,,Plein jour,En agglomération,Intersection en X,Normale,Deux véhicules - côté,,,,,,,,,,,1,2,2,1.0,3
201300020263,0013-08-06 16:40:00,13,8,6,16,40,190,31,"07, RIVET (AVENUE JEAN C",,,Plein jour,En agglomération,Hors intersection,Normale,Trois véhicules et plus - en chaîne,,,,,,,,,,,1,2,1,1.0,4
201300020264,0013-08-17 13:50:00,13,8,17,13,50,190,31,CHAUMEIL (RUE PIERRE),,,Plein jour,En agglomération,Intersection en X,Normale,Deux véhicules - frontale,,,,,,,,,,,1,2,2,1.0,1
201300020265,0013-08-21 07:50:00,13,8,21,7,50,190,31,BRUNE (BOULEVARD),,,Plein jour,En agglomération,Intersection en X,Normale,Autre collision,,,,,,,,,,,1,2,2,1.0,6
201300020266,0013-08-30 11:45:00,13,8,30,11,45,190,31,"15, MIRABEAU (BOULEVARD)",,,Plein jour,En agglomération,Hors intersection,Normale,Autre collision,,,,,,,,,,,1,2,1,1.0,6
201300020267,0013-09-07 14:17:00,13,9,7,14,17,190,31,MAILLARD (IMPASSE),,,Plein jour,En agglomération,Hors intersection,Normale,Trois véhicules et plus - en chaîne,,,,,,,,,,,1,2,1,1.0,4
201300020268,0013-09-09 07:15:00,13,9,9,7,15,190,31,QUEUILLE (AVENUE HENRI),,,Plein jour,En agglomération,Hors intersection,Normale,Deux véhicules - côté,,,,,,,,,,,1,2,1,1.0,3
201300020269,0013-09-10 14:20:00,13,9,10,14,20,190,31,SEMARD (AVENUE PIERRE) A,,,Plein jour,En agglomération,Intersection en X,Normale,Deux véhicules - arrière,,,,,,,,,,,1,2,2,1.0,2
201300020270,0013-09-13 18:35:00,13,9,13,18,35,190,31,COMBE (BOULEVARD ROGER),,,Plein jour,En agglomération,Hors intersection,Normale,Deux véhicules - côté,,,,,,,,,,,1,2,1,1.0,3
201300020271,0013-09-13 21:25:00,13,9,13,21,25,190,31,EMERY (AVENUE ANDRE),,,Nuit avec éclairage allumé,En agglomération,Hors intersection,Normale,Deux véhicules - côté,,,,,,,,,,,5,2,1,1.0,3
201300020272,0013-09-18 17:05:00,13,9,18,17,5,190,31,MEYSSAC (ROUTE DE),45.1264,4.55414,Plein jour,Hors agglomération,Hors intersection,Pluie légère,Autre collision,,,,,,,,,,,1,1,1,2.0,6
201300020273,0013-09-20 08:40:00,13,9,20,8,40,190,31,"50, GUYNEMER (AVENUE)",45.1508,4.51042,Plein jour,En agglomération,Hors intersection,Pluie légère,Trois véhicules et plus - collisions multiples,,,,,,,,,,,1,2,1,2.0,5
201300020274,0013-09-23 16:15:00,13,9,23,16,15,190,31,RIBOT (AVENUE),45.16493,4.51836,Plein jour,En agglomération,Hors intersection,Normale,Trois véhicules et plus - collisions multiples,,,,,,,,,,,1,2,1,1.0,5
201300020275,0013-09-25 17:25:00,13,9,25,17,25,190,31,GALILEE (RUE),45.1522,4.51725,Plein jour,En agglomération,Intersection en T,Normale,Deux véhicules - côté,,,,,,,,,,,1,2,3,1.0,3
201300020276,0013-09-27 05:30:00,13,9,27,5,30,190,31,"38, PASTEUR (AVENUE)",45.1669,4.53162,Nuit avec éclairage allumé,En agglomération,Intersection en T,Normale,Deux véhicules - côté,,,,,,,,,,,5,2,3,1.0,3
201300020277,0013-09-28 18:35:00,13,9,28,18,35,190,31,ALVITRE (AVENUE ABBE),45.15372,4.51,Plein jour,En agglomération,Hors intersection,Normale,Deux véhicules - arrière,,,,,,,,,,,1,2,1,1.0,2
201300020278,0013-10-04 17:45:00,13,10,4,17,45,190,31,CHANLAT (LIEU-DIT),45.12992,4.51738,Plein jour,Hors agglomération,Hors intersection,Normale,Autre collision,,,,,,,,,,,1,1,1,1.0,6
201300020279,0013-10-05 10:10:00,13,10,5,10,10,190,31,DE JOUVENEL (BOULEVARD H,45.16062,4.52318,Plein jour,En agglomération,Intersection en X,Normale,Deux véhicules - côté,,,,,,,,,,,1,2,2,1.0,3
201300020280,0013-10-05 12:00:00,13,10,5,12,0,190,31,"""MOULIN (BOULEVARD JEAN)",45.16062,4.50337,Plein jour,En agglomération,Intersection en X,Pluie forte,Deux véhicules - côté,,,,,,,,,,,1,2,2,3.0,3
201300020281,0013-10-05 15:00:00,13,10,5,15,0,190,31,RIVET (AVENUE JEAN CHARL,45.15083,4.49914,Plein jour,En agglomération,Hors intersection,Pluie forte,Deux véhicules - arrière,,,,,,,,,,,1,2,1,3.0,2
201300020282,0013-10-07 17:10:00,13,10,7,17,10,190,31,ZOLA (AVENUE EMILE),45.15273,4.51974,Plein jour,En agglomération,Intersection en T,Normale,Deux véhicules - côté,,,,,,,,,,,1,2,3,1.0,3
201300020283,0013-10-11 18:25:00,13,10,11,18,25,190,31,PASTEUR (AVENUE),45.16704,4.53158,Plein jour,En agglomération,Intersection en T,Normale,Deux véhicules - frontale,,,,,,,,,,,1,2,3,1.0,1
201300020284,0013-10-16 10:35:00,13,10,16,10,35,190,31,DEVAUD (RUE ANDRE),45.15673,4.51141,Plein jour,En agglomération,Intersection en X,Pluie légère,Deux véhicules - côté,,,,,,,,,,,1,2,2,2.0,3
201300020285,0013-10-18 18:30:00,13,10,18,18,30,190,31,BROSSOLETTE (BOULEVARD P,45.16644,4.54189,Plein jour,En agglomération,Giratoire,Normale,Deux véhicules - arrière,,,,,,,,,,,1,2,6,1.0,2
201300020286,0013-10-22 18:10:00,13,10,22,18,10,190,31,"104, POMPIDOU (AVENUE GE",45.15777,4.54866,Crépuscule ou aube,En agglomération,Hors intersection,Pluie légère,Deux véhicules - arrière,,,,,,,,,,,2,2,1,2.0,2
201300020287,0013-10-22 19:15:00,13,10,22,19,15,190,31,LALANDE (ROND-POINT GENE,45.14751,4.48647,Nuit avec éclairage allumé,En agglomération,Giratoire,Pluie légère,Autre collision,,,,,,,,,,,5,2,6,2.0,6
201300020288,0013-10-25 07:55:00,13,10,25,7,55,190,31,PASTEUR (AVENUE),45.16768,4.53149,Crépuscule ou aube,En agglomération,Intersection en T,Normale,Deux véhicules - côté,,,,,,,,,,,2,2,3,1.0,3
201300020289,0013-10-31 13:20:00,13,10,31,13,20,190,31,GUEDIN (RUE GENERAL),45.16738,4.54341,Plein jour,En agglomération,Intersection en T,Normale,Deux véhicules - côté,,,,,,,,,,,1,2,3,1.0,3
201300020290,0013-11-05 20:10:00,13,11,5,20,10,190,31,TOULZAC (RUE JEAN BAPTIS,45.15655,4.50418,Nuit avec éclairage allumé,En agglomération,Intersection en X,Pluie légère,Deux véhicules - côté,,,,,,,,,,,5,2,2,2.0,3
201300020291,0013-11-06 18:00:00,13,11,6,18,0,190,31,RIBOT (AVENUE),45.1647,4.50487,Nuit avec éclairage allumé,En agglomération,Hors intersection,Pluie légère,Deux véhicules - arrière,,,,,,,,,,,5,2,1,2.0,2
201300020292,0013-11-06 18:47:00,13,11,6,18,47,190,31,POMPIDOU (AVENUE GEORGES,45.15792,4.55351,Nuit avec éclairage allumé,En agglomération,Hors intersection,Pluie légère,Autre collision,,,,,,,,,,,5,2,1,2.0,6
201300020293,0013-11-13 14:10:00,13,11,13,14,10,190,31,RIBOT (AVENUE),,,Plein jour,En agglomération,Intersection en T,Normale,Deux véhicules - côté,,,,,,,,,,,1,2,3,1.0,3
201300020294,0013-11-15 16:30:00,13,11,15,16,30,190,31,"""MOULIN (BOULEVARD JEAN)",,,Plein jour,En agglomération,Intersection en T,Pluie légère,Deux véhicules - côté,,,,,,,,,,,1,2,3,2.0,3
201300020295,0013-11-16 07:50:00,13,11,16,7,50,190,31,MOULIN (BOULEVARD JEAN),45.16305,4.50276,Crépuscule ou aube,En agglomération,Hors intersection,Normale,Deux véhicules - arrière,,,,,,,,,,,2,2,1,1.0,2
201300020296,0013-11-26 13:50:00,13,11,26,13,50,190,31,MAILLARD (AVENUE),45.16587,4.54007,Plein jour,En agglomération,Intersection en X,Normale,Deux véhicules - côté,,,,,,,,,,,1,2,2,1.0,3
201300020297,0013-11-28 18:15:00,13,11,28,18,15,190,31,LISSAC (ROUTE DE),45.13537,4.49353,Nuit avec éclairage allumé,Hors agglomération,Autre intersection,Normale,Deux véhicules - côté,,,,,,,,,,,5,1,9,1.0,3
201300020298,0013-11-30 17:16:00,13,11,30,17,16,190,31,CLEMENCEAU (BOULEVARD),45.15354,4.53182,Crépuscule ou aube,En agglomération,Hors intersection,Normale,Trois véhicules et plus - en chaîne,,,,,,,,,,,2,2,1,1.0,4
201300020299,0013-12-03 10:30:00,13,12,3,10,30,190,31,"12, SEVERINE (RUE)",45.16258,4.53776,Plein jour,En agglomération,Hors intersection,Normale,Autre collision,,,,,,,,,,,1,2,1,1.0,6
201300020300,0013-12-03 18:05:00,13,12,3,18,5,190,31,KENNEDY (AVENUE JOHN),45.16654,4.54421,Nuit avec éclairage allumé,En agglomération,Hors intersection,Normale,Autre collision,,,,,,,,,,,5,2,1,1.0,6
201300020301,0013-12-04 18:05:00,13,12,4,18,5,190,31,VERLHAC (BOULEVARD DOCTE,45.16801,4.53421,Nuit avec éclairage allumé,En agglomération,Intersection en T,Normale,Autre collision,,,,,,,,,,,5,2,3,1.0,6
201300020302,0013-12-05 18:00:00,13,12,5,18,0,190,31,DAUTRY (AVENUE RAOUL),45.15659,1.54857,Nuit avec éclairage allumé,En agglomération,Hors intersection,Temps couvert,Autre collision,,,,,,,,,,,5,2,1,8.0,6
201300020303,0013-12-05 18:15:00,13,12,5,18,15,190,31,ALSACE LORRAINE (AVENUE),45.1526,1.53998,Nuit avec éclairage allumé,En agglomération,Intersection en T,Temps couvert,Deux véhicules - côté,,,,,,,,,,,5,2,3,8.0,3
201300020304,0013-12-06 16:45:00,13,12,6,16,45,190,31,"67, RIBOT (AVENUE)",45.16474,4.51356,Plein jour,En agglomération,Hors intersection,Normale,Trois véhicules et plus - collisions multiples,,,,,,,,,,,1,2,1,1.0,5
201300020305,0013-12-08 00:10:00,13,12,8,0,10,190,31,DE JOUVENEL (BOULEVARD H,45.16067,4.52315,Nuit avec éclairage allumé,En agglomération,Intersection en X,Normale,Deux véhicules - côté,,,,,,,,,,,5,2,2,1.0,3
201300020306,0013-12-10 18:10:00,13,12,10,18,10,190,31,ROUSSEAU (AVENUE JEAN JA,45.15268,4.51975,Nuit avec éclairage allumé,En agglomération,Intersection en X,Normale,Deux véhicules - côté,,,,,,,,,,,5,2,2,1.0,3
201300020307,0013-12-11 03:35:00,13,12,11,3,35,190,31,RIBOT (AVENUE),45.16468,4.51235,Nuit avec éclairage allumé,En agglomération,Hors intersection,Brouillard / fumée,Autre collision,,,,,,,,,,,5,2,1,5.0,6
201300020308,0013-12-12 10:25:00,13,12,12,10,25,190,31,"02, CLADEL (RUE LEON)",45.16181,4.537,Plein jour,En agglomération,Hors intersection,Normale,Autre collision,,,,,,,,,,,1,2,1,1.0,6
201300020309,0013-12-12 19:10:00,13,12,12,19,10,190,31,DE JOUVENEL (BOULEVARD H,45.16063,4.52314,Nuit avec éclairage allumé,En agglomération,Intersection en X,Normale,Deux véhicules - côté,,,,,,,,,,,5,2,2,1.0,3
201300020310,0013-12-17 12:05:00,13,12,17,12,5,190,31,MOULIN (BOULEVARD JEAN),45.16238,4.50298,Plein jour,En agglomération,Hors intersection,Normale,Deux véhicules - arrière,,,,,,,,,,,1,2,1,1.0,2
201300020311,0013-12-23 21:10:00,13,12,23,21,10,190,31,MALRAUX (AVENUE ANDRE),45.16466,1.49717,Nuit avec éclairage allumé,En agglomération,Hors intersection,Normale,Autre collision,,,,,,,,,,,5,2,1,1.0,6
201300020312,0013-12-25 20:00:00,13,12,25,20,0,190,31,DELMAS (RUE FERNAND),45.16036,4.52616,Nuit avec éclairage allumé,En agglomération,Hors intersection,Pluie forte,Autre collision,,,,,,,,,,,5,2,1,3.0,6
201300020313,0013-12-27 18:09:00,13,12,27,18,9,190,31,"69, MAILLARD (AVENUE)",45.16587,4.54007,Nuit avec éclairage allumé,En agglomération,Intersection en T,Normale,Deux véhicules - côté,,,,,,,,,,,5,2,3,1.0,3
201300020314,0013-12-29 00:30:00,13,12,29,0,30,190,31,LACHAUD (BOULEVARD EDOUA,45.15675,4.53228,Nuit avec éclairage allumé,En agglomération,Intersection en T,Pluie légère,Deux véhicules - arrière,,,,,,,,,,,5,2,3,2.0,2
201300020315,0013-02-25 10:45:00,13,2,25,10,45,680,58,,47.92358,7.19748,Plein jour,Hors agglomération,Giratoire,Temps couvert,Deux véhicules - côté,,,,,,,,,,,1,1,6,8.0,3
201300020316,0013-10-28 21:45:00,13,10,28,21,45,680,156,,,,Nuit avec éclairage allumé,Hors agglomération,Autre intersection,Pluie forte,Deux véhicules - arrière,,,,,,,,,,,5,1,9,3.0,2
201300020317,0013-04-24 16:45:00,13,4,24,16,45,680,315,,47.88926,7.25631,Plein jour,Hors agglomération,Hors intersection,Normale,Deux véhicules - côté,,,,,,,,,,,1,1,1,1.0,3
201300020318,0013-04-30 23:45:00,13,4,30,23,45,680,315,route de jungholtz,,,Nuit avec éclairage allumé,En agglomération,Hors intersection,Brouillard / fumée,Deux véhicules - côté,,,,,,,,,,,5,2,1,5.0,3
201300020319,0013-06-16 17:00:00,13,6,16,17,0,680,156,,47.913,7.253,Plein jour,Hors agglomération,Hors intersection,Normale,Deux véhicules - arrière,,,,,,,,,,,1,1,1,1.0,2
201300020320,0013-06-30 16:15:00,13,6,30,16,15,680,177,,47.94251,7.15041,Plein jour,Hors agglomération,Intersection en X,Normale,Deux véhicules - côté,,,,,,,,,,,1,1,2,1.0,3
201300020321,0013-07-15 11:30:00,13,7,15,11,30,680,315,,47.89004,7.2564,Plein jour,Hors agglomération,Hors intersection,Normale,Trois véhicules et plus - en chaîne,,,,,,,,,,,1,1,1,1.0,4
201300020322,0013-08-04 17:30:00,13,8,4,17,30,680,315,,47.87768,7.19984,Plein jour,Hors agglomération,Hors intersection,Normale,Deux véhicules - frontale,,,,,,,,,,,1,1,1,1.0,1
201300020323,0013-02-21 14:00:00,13,2,21,14,0,590,309,Chemin de l'Haezepoel,50.95161,2.61669,Plein jour,Hors agglomération,Hors intersection,Temps couvert,Deux véhicules - frontale,,,,,,,,,,,1,1,1,8.0,1
201300020324,0013-05-12 11:45:00,13,5,12,11,45,590,260,Rue de la Frontière,51.05714,2.55588,Plein jour,Hors agglomération,Hors intersection,Temps éblouissant,Deux véhicules - arrière,,,,,,,,,,,1,1,1,7.0,2
201300020325,0013-07-21 15:30:00,13,7,21,15,30,590,309,rue de Cassel,50.97669,2.58083,Plein jour,En agglomération,Hors intersection,Normale,Deux véhicules - côté,,,,,,,,,,,1,2,1,1.0,3
201300020326,0013-09-09 17:15:00,13,9,9,17,15,590,260,route de Furnes,51.06179,2.52227,Plein jour,En agglomération,Hors intersection,Pluie légère,Autre collision,,,,,,,,,,,1,2,1,2.0,6
201300020327,0013-10-15 18:00:00,13,10,15,18,0,590,605,Route de Furnes,51.05097,2.47087,Plein jour,Hors agglomération,Hors intersection,Normale,Deux véhicules - frontale,,,,,,,,,,,1,1,1,1.0,1
201300020328,0013-01-04 19:40:00,13,1,4,19,40,190,272,RD89,,,Nuit avec éclairage allumé,En agglomération,Hors intersection,Temps couvert,Deux véhicules - frontale,,,,,,,,,,,5,2,1,8.0,1
201300020329,0013-01-30 07:35:00,13,1,30,7,35,190,272,"1, RAYMOND POINCARE (AV)",45.27058,3.76934,Crépuscule ou aube,En agglomération,Intersection en T,Normale,Deux véhicules - côté,,,,,,,,,,,2,2,3,1.0,3
201300020330,0013-04-03 19:00:00,13,4,3,19,0,190,272,VENTADOUR (AV),,,Plein jour,En agglomération,Hors intersection,Normale,Deux véhicules - côté,,,,,,,,,,,1,2,1,1.0,3
201300020331,0013-04-10 15:45:00,13,4,10,15,45,190,272,"57, MARTYRS (RUE)",,,Plein jour,En agglomération,Hors intersection,Normale,Autre collision,,,,,,,,,,,1,2,1,1.0,6
201300020332,0013-04-25 10:35:00,13,4,25,10,35,190,272,RD89,,,Plein jour,En agglomération,Hors intersection,Temps éblouissant,Sans collision,,,,,,,,,,,1,2,1,7.0,7
201300020333,0013-05-04 15:47:00,13,5,4,15,47,190,272,DR RAMON (RUE),,,Plein jour,En agglomération,Autre intersection,Temps éblouissant,Autre collision,,,,,,,,,,,1,2,9,7.0,6
201300020334,0013-05-07 12:50:00,13,5,7,12,50,190,272,"35, DR AIME AUDUBERT (RU",,,Plein jour,En agglomération,Hors intersection,Normale,Autre collision,,,,,,,,,,,1,2,1,1.0,6
201300020335,0013-06-23 00:40:00,13,6,23,0,40,190,272,"0, JEAN MOULIN (BD)",,,Nuit avec éclairage allumé,En agglomération,Hors intersection,Pluie légère,Autre collision,,,,,,,,,,,5,2,1,2.0,6
201300020336,0013-07-03 19:10:00,13,7,3,19,10,190,272,ALBERT DE LA PRADEL (AV),,,Plein jour,Hors agglomération,Hors intersection,Pluie légère,Autre collision,,,,,,,,,,,1,1,1,2.0,6
201300020337,0013-07-27 16:35:00,13,7,27,16,35,190,272,"17, DR VALETTE (RUE)",,,Plein jour,En agglomération,Hors intersection,Normale,Autre collision,,,,,,,,,,,1,2,1,1.0,6
201300020338,0013-08-04 20:35:00,13,8,4,20,35,190,272,VICTOR CONTINSOUZA (QUAI,,,Crépuscule ou aube,En agglomération,Hors intersection,Normale,Deux véhicules - côté,,,,,,,,,,,2,2,1,1.0,3
201300020339,0013-09-06 13:28:00,13,9,6,13,28,190,272,CLEMENCEAU (CES),,,Plein jour,En agglomération,Hors intersection,Normale,Autre collision,,,,,,,,,,,1,2,1,1.0,6
201300020340,0013-09-11 07:52:00,13,9,11,7,52,190,272,"2, FAGES (RUE)",,,Plein jour,En agglomération,Hors intersection,Temps couvert,Sans collision,,,,,,,,,,,1,2,1,8.0,7
201300020341,0013-10-05 08:50:00,13,10,5,8,50,190,272,"35, ALSACE LORRAINE (AVE",,,Plein jour,En agglomération,Hors intersection,Pluie forte,Autre collision,,,,,,,,,,,1,2,1,3.0,6
201300020342,0013-10-25 10:55:00,13,10,25,10,55,190,272,"17G, DR VALETTE (RUE)",,,Plein jour,En agglomération,Hors intersection,Normale,Autre collision,,,,,,,,,,,1,2,1,1.0,6
201300020343,0013-12-09 14:45:00,13,12,9,14,45,190,272,"25, ALSACE LORRAINE (AVE",,,Plein jour,En agglomération,Hors intersection,Normale,Autre collision,,,,,,,,,,,1,2,1,1.0,6
201300020344,0013-12-27 11:45:00,13,12,27,11,45,190,272,"6, DR AIME AUDUBERT (RUE",,,Plein jour,En agglomération,Hors intersection,Pluie légère,Deux véhicules - frontale,,,,,,,,,,,1,2,1,2.0,1
201300020345,0013-02-08 02:30:00,13,2,8,2,30,190,275,BUSSIERTAS (RUE DE),45.56889,5.31835,Nuit sans éclairage public,Hors agglomération,Intersection en Y,Autre,Autre collision,,,,,,,,,,,3,1,4,9.0,6
201300020346,0013-05-15 09:50:00,13,5,15,9,50,190,275,THIERS (AVENUE) N PAIRS,45.54609,5.30652,Plein jour,En agglomération,Hors intersection,Pluie forte,Autre collision,,,,,,,,,,,1,2,1,3.0,6
201300020347,0013-07-23 15:10:00,13,7,23,15,10,190,275,CHABRAT (RUE ALPHONSE),45.54656,5.30685,Plein jour,En agglomération,Intersection en T,Normale,Deux véhicules - côté,,,,,,,,,,,1,2,3,1.0,3
201300020348,0013-08-18 11:35:00,13,8,18,11,35,190,275,NEUVIC (ROUTE DE),45.54242,5.30711,Plein jour,En agglomération,Intersection en T,Normale,Trois véhicules et plus - en chaîne,,,,,,,,,,,1,2,3,1.0,4
201300020349,0013-11-09 11:36:00,13,11,9,11,36,190,275,TURGOT (AVENUE) N IMPAI,45.54397,5.30248,Plein jour,En agglomération,Hors intersection,Normale,Deux véhicules - arrière,,,,,,,,,,,1,2,1,1.0,2
201300020350,0013-11-26 13:50:00,13,11,26,13,50,190,275,4 FOCH (BOULEVARD),45.54675,5.30814,Plein jour,En agglomération,Hors intersection,Normale,Autre collision,,,,,,,,,,,1,2,1,1.0,6
201300020351,0013-12-29 11:15:00,13,12,29,11,15,190,275,R.D. 1089 NORD,45.57436,5.35177,Plein jour,Hors agglomération,Hors intersection,Pluie légère,Deux véhicules - côté,,,,,,,,,,,1,1,1,2.0,3
201300020352,0013-07-13 15:00:00,13,7,13,15,0,680,300,,47.79718,7.36108,Plein jour,Hors agglomération,Hors intersection,Normale,Deux véhicules - côté,,,,,,,,,,,1,1,1,1.0,3
201300020353,0013-07-17 17:15:00,13,7,17,17,15,680,289,,47.83091,7.32003,Plein jour,Hors agglomération,Hors intersection,Normale,Deux véhicules - côté,,,,,,,,,,,1,1,1,1.0,3
201300020354,0013-07-23 17:45:00,13,7,23,17,45,680,300,rue de la hardt,47.79058,7.37947,Plein jour,En agglomération,Giratoire,Pluie légère,Autre collision,,,,,,,,,,,1,2,6,2.0,6
201300020355,0013-08-07 16:15:00,13,8,7,16,15,680,64,,47.81882,7.5428,Plein jour,Hors agglomération,Hors intersection,Normale,Autre collision,,,,,,,,,,,1,1,1,1.0,6
201300020356,0013-09-25 08:45:00,13,9,25,8,45,680,20,rue de Battenheim,47.829,7.51,Plein jour,En agglomération,Hors intersection,Normale,Deux véhicules - côté,,,,,,,,,,,1,2,1,1.0,3
201300020357,0013-10-22 10:30:00,13,10,22,10,30,680,300,rue de Mulhouse,47.784,7.366,Plein jour,En agglomération,Giratoire,Normale,Deux véhicules - côté,,,,,,,,,,,1,2,6,1.0,3
201300020358,0013-12-05 19:15:00,13,12,5,19,15,680,15,,47.81292,7.4384,Nuit sans éclairage public,Hors agglomération,Hors intersection,Normale,Autre collision,,,,,,,,,,,3,1,1,1.0,6
201300020359,0013-12-22 03:45:00,13,12,22,3,45,680,64,,,,Nuit sans éclairage public,Hors agglomération,Hors intersection,Normale,Autre collision,,,,,,,,,,,3,1,1,1.0,6
201300020360,0013-02-16 16:40:00,13,2,16,16,40,210,54,"16A, SEURRE (ROUTE DE)",,,Plein jour,En agglomération,Hors intersection,Normale,Deux véhicules - arrière,,,,,,,,,,,1,2,1,1.0,2
201300020361,0013-03-21 13:45:00,13,3,21,13,45,210,54,JOIGNEAUX (RUE PIERRE),,,Plein jour,En agglomération,Intersection en T,Normale,Trois véhicules et plus - collisions multiples,,,,,,,,,,,1,2,3,1.0,5
201300020362,0013-04-18 10:14:00,13,4,18,10,14,210,54,JOURSANVAULT (PLACE),,,Plein jour,En agglomération,Hors intersection,Normale,Deux véhicules - côté,,,,,,,,,,,1,2,1,1.0,3
201300020363,0013-04-23 14:45:00,13,4,23,14,45,210,54,CHEVIGNEROT (RUE DE),,,Plein jour,En agglomération,Intersection en X,Normale,Autre collision,,,,,,,,,,,1,2,2,1.0,6