accident_id,datetime,annee,mois,jour,heure,minute,departement,commune_insee,adresse,latitude,longitude,luminosite,agglomeration,intersection,meteo,collision,nb_vehicules,nb_usagers,nb_indemnes,nb_tues,nb_blesses_hosp,nb_blesses_legers,age_cond_1,age_cond_2,veh_type_cond_1,veh_type_cond_2,lum_code,agg_code,int_code,atm_code,col_code
201300020491,0013-04-08 19:50:00,13,4,8,19,50,220,113,RUE DES HARAS,48.73117,-3.45219,Plein jour,En agglomération,Hors intersection,Normale,Autre collision,,,,,,,,,,,1,2,1,1.0,6
201300020492,0013-04-12 13:10:00,13,4,12,13,10,220,113,RUE DE BUZULZO,48.72774,-3.45971,Plein jour,En agglomération,Giratoire,Pluie légère,Deux véhicules - arrière,,,,,,,,,,,1,2,6,2.0,2
201300020493,0013-04-12 18:25:00,13,4,12,18,25,220,113,ROUTE DE KERMARIA SULARD,48.75208,-3.41249,Plein jour,Hors agglomération,Hors intersection,Pluie légère,Trois véhicules et plus - en chaîne,,,,,,,,,,,1,1,1,2.0,4
201300020494,0013-05-07 20:15:00,13,5,7,20,15,220,113,Bd MENDES FRANCE,48.73038,-3.46886,Plein jour,En agglomération,Intersection en X,Normale,Deux véhicules - côté,,,,,,,,,,,1,2,2,1.0,3
201300020495,0013-05-07 10:15:00,13,5,7,10,15,220,113,PARKING DE KERMARIA,48.7275,-3.45707,Plein jour,En agglomération,Hors intersection,Normale,Autre collision,,,,,,,,,,,1,2,1,1.0,6
201300020496,0013-05-31 17:55:00,13,5,31,17,55,220,113,SAINT MARC (RUE DE),48.7339,-3.44239,Plein jour,En agglomération,Hors intersection,Normale,Deux véhicules - arrière,,,,,,,,,,,1,2,1,1.0,2
201300020497,0013-06-13 17:55:00,13,6,13,17,55,220,113,1 RUE DE TROROZEC,48.72702,-3.46098,Plein jour,En agglomération,Hors intersection,Normale,Deux véhicules - côté,,,,,,,,,,,1,2,1,1.0,3
201300020498,0013-06-09 16:15:00,13,6,9,16,15,220,113,7 RUE DES FRERES LAGADEC,48.72766,-3.46606,Plein jour,En agglomération,Hors intersection,Normale,Sans collision,,,,,,,,,,,1,2,1,1.0,7
201300020499,0013-06-14 13:50:00,13,6,14,13,50,220,113,,48.75129,-3.45894,Plein jour,En agglomération,Giratoire,Normale,Autre collision,,,,,,,,,,,1,2,6,1.0,6
201300020500,0013-06-27 08:40:00,13,6,27,8,40,220,113,RuE J D'ARC/Pl MARCHALLA,48.7328,-3.45682,Plein jour,En agglomération,Intersection en T,Normale,Deux véhicules - côté,,,,,,,,,,,1,2,3,1.0,3
201300020501,0013-07-10 14:15:00,13,7,10,14,15,220,113,PERROS (ROUTE DE),,,Plein jour,Hors agglomération,Hors intersection,Normale,Deux véhicules - côté,,,,,,,,,,,1,1,1,1.0,3
201300020502,0013-07-13 08:50:00,13,7,13,8,50,220,113,"14, ALLEE PALAIS JUSTICE",48.72817,-3.45783,Plein jour,En agglomération,Hors intersection,Normale,Deux véhicules - arrière,,,,,,,,,,,1,2,1,1.0,2
201300020503,0013-08-14 18:00:00,13,8,14,18,0,220,113,43 BOULEVARD D'ARMOR,48.74663,-3.46421,Plein jour,En agglomération,Hors intersection,Normale,Deux véhicules - arrière,,,,,,,,,,,1,2,1,1.0,2
201300020504,0013-08-16 11:30:00,13,8,16,11,30,220,113,"80,RUE FRERES LAGADEC",48.72487,-3.47259,Plein jour,Hors agglomération,Hors intersection,Normale,Deux véhicules - arrière,,,,,,,,,,,1,1,1,1.0,2
201300020505,0013-08-20 17:00:00,13,8,20,17,0,220,113,"49, ROUTE DE TREGUIER",48.73846,-3.43129,Plein jour,En agglomération,Hors intersection,Normale,Trois véhicules et plus - en chaîne,,,,,,,,,,,1,2,1,1.0,4
201300020506,0013-08-22 09:30:00,13,8,22,9,30,220,113,RUE DE SAINT MARC,48.73426,-3.44044,Plein jour,En agglomération,Giratoire,Normale,Deux véhicules - côté,,,,,,,,,,,1,2,6,1.0,3
201300020507,0013-08-16 08:25:00,13,8,16,8,25,220,113,RUE DE  TROROSEC,48.72665,-3.46098,Plein jour,En agglomération,Hors intersection,Normale,Sans collision,,,,,,,,,,,1,2,1,1.0,7
201300020508,0013-09-24 10:00:00,13,9,24,10,0,220,113,ALLEE G.CLEMENCEAU,48.72894,-3.45989,Plein jour,En agglomération,Hors intersection,Normale,Autre collision,,,,,,,,,,,1,2,1,1.0,6
201300020509,0013-09-28 10:20:00,13,9,28,10,20,220,113,Rte TREBEURDEN/Rés BREIZ,48.74099,-3.46826,Plein jour,En agglomération,Intersection en T,Autre,Deux véhicules - côté,,,,,,,,,,,1,2,3,9.0,3
201300020510,0013-10-04 09:20:00,13,10,4,9,20,220,113,POMPIDOU (RUE GEORGES),,,Plein jour,En agglomération,Hors intersection,Normale,Sans collision,,,,,,,,,,,1,2,1,1.0,7
201300020511,0013-11-21 18:30:00,13,11,21,18,30,220,113,RUSQUET (ROND POINT DU),48.75113,-3.44864,Nuit avec éclairage allumé,Hors agglomération,Giratoire,Pluie forte,Deux véhicules - côté,,,,,,,,,,,5,1,6,3.0,3
201300020512,0013-11-25 08:10:00,13,11,25,8,10,220,113,R.D.767,48.71634,-3.4012,Nuit sans éclairage public,Hors agglomération,Hors intersection,Normale,Deux véhicules - arrière,,,,,,,,,,,3,1,1,1.0,2
201300020513,0013-12-15 19:20:00,13,12,15,19,20,220,113,R.D.767,48.71468,-3.39629,Nuit sans éclairage public,Hors agglomération,Hors intersection,Pluie légère,Autre collision,,,,,,,,,,,3,1,1,2.0,6
201300020514,0013-12-07 12:30:00,13,12,7,12,30,220,113,R.D.767 pasDOS GEO,48.74428,-3.44487,Plein jour,En agglomération,Hors intersection,Normale,Sans collision,,,,,,,,,,,1,2,1,1.0,7
201300020515,0013-12-13 14:10:00,13,12,13,14,10,220,113,KER AR FAOUT (CHEMIN DE),48.75588,-3.48459,Plein jour,Hors agglomération,Hors intersection,Normale,Sans collision,,,,,,,,,,,1,1,1,1.0,7
201300020516,0013-12-14 10:20:00,13,12,14,10,20,220,113,TREGASTELPAS DOS GEO,48.7651,-3.47753,Plein jour,Hors agglomération,Autre intersection,Normale,Deux véhicules - côté,,,,,,,,,,,1,1,9,1.0,3
201300020517,0013-12-09 18:00:00,13,12,9,18,0,220,113,BOUTIL pas dos geo,48.72417,-3.42987,Crépuscule ou aube,En agglomération,Hors intersection,Normale,Sans collision,,,,,,,,,,,2,2,1,1.0,7
201300020518,0013-07-22 21:30:00,13,7,22,21,30,220,113,"50, BEG LEGUER (ROUTE DE",48.74181,-3.50958,Plein jour,Hors agglomération,Hors intersection,Normale,Autre collision,,,,,,,,,,,1,1,1,1.0,6
201300020519,0013-01-03 18:00:00,13,1,3,18,0,220,215,5 Rue du 14 Juillet 1789,48.49946,-2.78374,Nuit avec éclairage allumé,En agglomération,Hors intersection,Normale,Trois véhicules et plus - en chaîne,,,,,,,,,,,5,2,1,1.0,4
201300020520,0013-01-04 19:20:00,13,1,4,19,20,220,278,RUE RAHUEL/FRANC TIREURS,48.50662,-2.74868,Nuit avec éclairage allumé,En agglomération,Intersection en T,Normale,Deux véhicules - côté,,,,,,,,,,,5,2,3,1.0,3
201300020521,0013-01-09 12:00:00,13,1,9,12,0,220,106,8 RUE JM BAUDET,48.49694,-2.72265,Plein jour,En agglomération,Hors intersection,Normale,Deux véhicules - côté,,,,,,,,,,,1,2,1,1.0,3
201300020522,0013-01-11 13:30:00,13,1,11,13,30,220,106,PARKING CARREFOUR,48.49565,-2.72887,Plein jour,Hors agglomération,Hors intersection,Normale,Autre collision,,,,,,,,,,,1,1,1,1.0,6
201300020523,0013-01-11 12:00:00,13,1,11,12,0,220,278,30 RUE DE LA REPUBLIQUE,48.52007,-2.73187,Plein jour,En agglomération,Hors intersection,Normale,Deux véhicules - frontale,,,,,,,,,,,1,2,1,1.0,1
201300020524,0013-01-12 20:45:00,13,1,12,20,45,220,278,Bd AUVERGNE/A. CROIZAT,48.51366,-2.77493,Nuit avec éclairage allumé,En agglomération,Intersection en T,Normale,Deux véhicules - côté,,,,,,,,,,,5,2,3,1.0,3
201300020525,0013-01-12 02:35:00,13,1,12,2,35,220,278,47 RUE ABBE GARNIER,48.50509,-2.76183,Nuit avec éclairage allumé,En agglomération,Hors intersection,Normale,Sans collision,,,,,,,,,,,5,2,1,1.0,7
201300020526,0013-01-15 18:00:00,13,1,15,18,0,220,278,7 RUE ABBE GARNIER,48.50617,-2.76119,Nuit avec éclairage allumé,En agglomération,Hors intersection,Pluie légère,Autre collision,,,,,,,,,,,5,2,1,2.0,6
201300020527,0013-01-16 18:35:00,13,1,16,18,35,220,106,RUE DE BREST/MORGAN,48.50064,-2.72651,Nuit avec éclairage allumé,En agglomération,Intersection en T,Normale,Deux véhicules - côté,,,,,,,,,,,5,2,3,1.0,3
201300020528,0013-01-21 08:00:00,13,1,21,8,0,220,360,RD 222,48.47875,-2.7725,Crépuscule ou aube,Hors agglomération,Hors intersection,Neige / grêle,Sans collision,,,,,,,,,,,2,1,1,4.0,7
201300020529,0013-01-22 11:00:00,13,1,22,11,0,220,278,"31, RUE MICAUDERIE",48.52481,-2.797,Plein jour,En agglomération,Hors intersection,Pluie légère,Deux véhicules - frontale,,,,,,,,,,,1,2,1,2.0,1
201300020530,0013-01-26 04:15:00,13,1,26,4,15,220,278,RUE CORDERIE/TOUR AUVERG,48.51555,-2.77361,Nuit avec éclairage allumé,En agglomération,Intersection en X,Pluie légère,Deux véhicules - frontale,,,,,,,,,,,5,2,2,2.0,1
201300020531,0013-01-31 21:01:00,13,1,31,21,1,220,360,Echangeur du Guerneau,48.47808,-2.76803,Nuit sans éclairage public,Hors agglomération,Giratoire,Normale,Sans collision,,,,,,,,,,,3,1,6,1.0,7
201300020532,0013-02-06 01:15:00,13,2,6,1,15,220,360,RUE DE LA VALLEE,48.48182,-2.69135,Nuit sans éclairage public,Hors agglomération,Hors intersection,Normale,Sans collision,,,,,,,,,,,3,1,1,1.0,7
201300020533,0013-02-11 09:00:00,13,2,11,9,0,220,278,CENTRE COMMERCIAL GEANT,48.51957,-2.7918,Plein jour,En agglomération,Hors intersection,Temps couvert,Sans collision,,,,,,,,,,,1,2,1,8.0,7
201300020534,0013-02-16 19:10:00,13,2,16,19,10,220,360,RUE MARC SEGUIN,48.48811,-2.72112,Nuit avec éclairage allumé,En agglomération,Hors intersection,Normale,Deux véhicules - côté,,,,,,,,,,,5,2,1,1.0,3
201300020535,0013-02-19 18:05:00,13,2,19,18,5,220,278,101 RUE DE GOUEDIC,48.50787,-2.75194,Crépuscule ou aube,En agglomération,Hors intersection,Normale,Deux véhicules - arrière,,,,,,,,,,,2,2,1,1.0,2
201300020536,0013-02-23 10:10:00,13,2,23,10,10,220,360,RUE DES VALLEES,48.48293,-2.6916,Plein jour,Hors agglomération,Hors intersection,Temps couvert,Sans collision,,,,,,,,,,,1,1,1,8.0,7
201300020537,0013-02-24 02:00:00,13,2,24,2,0,220,278,RUE MONGE,48.49971,-2.74264,Nuit avec éclairage allumé,En agglomération,Hors intersection,Normale,Sans collision,,,,,,,,,,,5,2,1,1.0,7
201300020538,0013-02-26 18:00:00,13,2,26,18,0,220,215,5BIS Rue FONTAINE MORIN,48.49093,-2.79393,Crépuscule ou aube,En agglomération,Hors intersection,Normale,Autre collision,,,,,,,,,,,2,2,1,1.0,6
201300020539,0013-02-26 18:20:00,13,2,26,18,20,220,215,RUE DES CROIX/GOELO,48.48856,-2.78507,Crépuscule ou aube,En agglomération,Intersection en T,Normale,Deux véhicules - côté,,,,,,,,,,,2,2,3,1.0,3
201300020540,0013-03-05 17:15:00,13,3,5,17,15,220,360,RUE DES VALLEES/CALMET,48.47881,-2.7101,Plein jour,Hors agglomération,Intersection en T,Normale,Trois véhicules et plus - en chaîne,,,,,,,,,,,1,1,3,1.0,4
201300020541,0013-03-05 17:00:00,13,3,5,17,0,220,278,36 RUE DE PARIS,48.50412,-2.74141,Plein jour,En agglomération,Hors intersection,Normale,Trois véhicules et plus - en chaîne,,,,,,,,,,,1,2,1,1.0,4
201300020542,0013-03-07 19:20:00,13,3,7,19,20,220,278,RUE DE PARIS/ALEMBERT,48.50377,-2.74065,Plein jour,En agglomération,Giratoire,Normale,Deux véhicules - côté,,,,,,,,,,,1,2,6,1.0,3
201300020543,0013-03-08 16:15:00,13,3,8,16,15,220,360,RUES VALLEES,48.48181,-2.6931,Plein jour,Hors agglomération,Intersection en T,Normale,Deux véhicules - arrière,,,,,,,,,,,1,1,3,1.0,2
201300020544,0013-03-20 07:30:00,13,3,20,7,30,220,278,"36, TROIS-FRERES-LE-GOFF",48.51671,-2.7649,Plein jour,En agglomération,Intersection en T,Normale,Deux véhicules - côté,,,,,,,,,,,1,2,3,1.0,3
201300020545,0013-03-21 18:20:00,13,3,21,18,20,220,215,RUE DU PONT NOIR,48.48952,-2.83794,Crépuscule ou aube,Hors agglomération,Hors intersection,Pluie forte,Deux véhicules - arrière,,,,,,,,,,,2,1,1,3.0,2
201300020546,0013-03-21 13:30:00,13,3,21,13,30,220,278,RUE MONGE/BERTHOLLET,48.50079,-2.74102,Plein jour,En agglomération,Giratoire,Normale,Deux véhicules - côté,,,,,,,,,,,1,2,6,1.0,3
201300020547,0013-03-28 18:20:00,13,3,28,18,20,220,278,RUE LOUIS BLANC/VILLON,48.49896,-2.76853,Plein jour,En agglomération,Intersection en T,Normale,Deux véhicules - côté,,,,,,,,,,,1,2,3,1.0,3
201300020548,0013-03-29 17:10:00,13,3,29,17,10,220,215,RUE DU PONT DES ILES,48.52308,-2.81818,Plein jour,Hors agglomération,Hors intersection,Pluie légère,Deux véhicules - côté,,,,,,,,,,,1,1,1,2.0,3
201300020549,0013-03-29 19:00:00,13,3,29,19,0,220,215,RUE DU PONT DES ISLES,48.5257,-2.82316,Crépuscule ou aube,Hors agglomération,Hors intersection,Pluie légère,Sans collision,,,,,,,,,,,2,1,1,2.0,7
201300020550,0013-03-29 19:45:00,13,3,29,19,45,220,215,RUE DES VILLES MOISAN,48.49843,-2.77196,Nuit sans éclairage public,En agglomération,Hors intersection,Normale,Sans collision,,,,,,,,,,,3,2,1,1.0,7
201300020551,0013-03-30 16:00:00,13,3,30,16,0,220,278,"48, RUE DU DR RAHUEL",48.5064,-2.74778,Plein jour,En agglomération,Intersection en T,Normale,Deux véhicules - côté,,,,,,,,,,,1,2,3,1.0,3
201300020552,0013-03-30 15:45:00,13,3,30,15,45,220,106,"0, RN12",48.49759,-2.72498,Plein jour,Hors agglomération,Hors intersection,Normale,Deux véhicules - côté,,,,,,,,,,,1,1,1,1.0,3
201300020553,0013-04-03 09:55:00,13,4,3,9,55,220,278,RUE DE ROHAN,48.5133,-2.76271,Plein jour,En agglomération,Hors intersection,Normale,Autre collision,,,,,,,,,,,1,2,1,1.0,6
201300020554,0013-04-03 07:20:00,13,4,3,7,20,220,278,RUE MONGE,48.50081,-2.74083,Crépuscule ou aube,En agglomération,Giratoire,Normale,Autre collision,,,,,,,,,,,2,2,6,1.0,6
201300020555,0013-04-05 08:30:00,13,4,5,8,30,220,215,RUE DU PONT NOIR,48.48967,-2.84151,Crépuscule ou aube,Hors agglomération,Hors intersection,Temps couvert,Trois véhicules et plus - en chaîne,,,,,,,,,,,2,1,1,8.0,4
201300020556,0013-04-05 17:15:00,13,4,5,17,15,220,215,RUE DU PONT DES ISLES,48.52567,-2.82271,Plein jour,Hors agglomération,Hors intersection,Pluie légère,Sans collision,,,,,,,,,,,1,1,1,2.0,7
201300020557,0013-04-11 13:35:00,13,4,11,13,35,220,278,"65, RUECHAPTAL",48.50778,-2.73297,Plein jour,En agglomération,Hors intersection,Pluie forte,Deux véhicules - arrière,,,,,,,,,,,1,2,1,3.0,2
201300020558,0013-04-11 12:00:00,13,4,11,12,0,220,278,RUE DU LEGUE,48.52276,-2.76115,Plein jour,En agglomération,Hors intersection,Normale,Sans collision,,,,,,,,,,,1,2,1,1.0,7
201300020559,0013-04-13 15:50:00,13,4,13,15,50,220,360,32 RUE DE LA LANDE,48.47923,-2.70965,Plein jour,Hors agglomération,Hors intersection,Normale,Sans collision,,,,,,,,,,,1,1,1,1.0,7
201300020560,0013-04-15 18:06:00,13,4,15,18,6,220,360,RUE DES ROCHERS,48.4717,-2.75177,Plein jour,Hors agglomération,Hors intersection,Normale,Deux véhicules - frontale,,,,,,,,,,,1,1,1,1.0,1
201300020561,0013-04-21 03:50:00,13,4,21,3,50,220,278,Rd Pt ABERYSTWYTH,48.49774,-2.75295,Nuit avec éclairage allumé,En agglomération,Giratoire,Normale,Sans collision,,,,,,,,,,,5,2,6,1.0,7
201300020562,0013-04-19 18:50:00,13,4,19,18,50,220,106,CHEMIN DES NOUETTES,48.51352,-2.70907,Plein jour,En agglomération,Hors intersection,Normale,Sans collision,,,,,,,,,,,1,2,1,1.0,7
201300020563,0013-04-26 09:55:00,13,4,26,9,55,220,360,RUE VALLEES/PETIT BOIS,48.4779,-2.71898,Plein jour,Hors agglomération,Intersection en T,Normale,Trois véhicules et plus - collisions multiples,,,,,,,,,,,1,1,3,1.0,5
201300020564,0013-04-25 15:57:00,13,4,25,15,57,220,278,Esplanade Raoul Poupard,48.51115,-2.75558,Plein jour,En agglomération,Hors intersection,Normale,Sans collision,,,,,,,,,,,1,2,1,1.0,7
201300020565,0013-04-27 01:10:00,13,4,27,1,10,220,106,"15, RUE DE RENNES",48.49422,-2.71362,Nuit avec éclairage non allumé,En agglomération,Hors intersection,Normale,Sans collision,,,,,,,,,,,4,2,1,1.0,7
201300020566,0013-05-05 04:45:00,13,5,5,4,45,220,215,4 RUE DE BEL AIR,48.49747,-2.78978,Nuit avec éclairage allumé,En agglomération,Hors intersection,Normale,Sans collision,,,,,,,,,,,5,2,1,1.0,7
201300020567,0013-05-07 14:15:00,13,5,7,14,15,220,278,"53, Bd CLEMENCEAU",48.5074,-2.76064,Plein jour,En agglomération,Hors intersection,Normale,Autre collision,,,,,,,,,,,1,2,1,1.0,6
201300020568,0013-05-13 21:20:00,13,5,13,21,20,220,278,25 RUE CORDIERE,48.50928,-2.76842,Crépuscule ou aube,En agglomération,Hors intersection,Normale,Sans collision,,,,,,,,,,,2,2,1,1.0,7
201300020569,0013-05-13 16:35:00,13,5,13,16,35,220,278,RUE FONTAINE/NOTRE DAME,48.51609,-2.76973,Plein jour,En agglomération,Intersection en Y,Normale,Deux véhicules - côté,,,,,,,,,,,1,2,4,1.0,3
201300020570,0013-05-14 13:30:00,13,5,14,13,30,220,278,Rd Pt des Gallois,48.49698,-2.74718,Plein jour,En agglomération,Giratoire,Normale,Sans collision,,,,,,,,,,,1,2,6,1.0,7
201300020571,0013-05-01 04:30:00,13,5,1,4,30,220,360,19 Rue René Bazin,48.49542,-2.73827,Nuit sans éclairage public,En agglomération,Hors intersection,Normale,Sans collision,,,,,,,,,,,3,2,1,1.0,7
201300020572,0013-05-16 07:30:00,13,5,16,7,30,220,360,RUE D'ARMOR/STE MARIE,48.4839,-2.73487,Crépuscule ou aube,En agglomération,Giratoire,Normale,Deux véhicules - côté,,,,,,,,,,,2,2,6,1.0,3
201300020573,0013-05-21 17:15:00,13,5,21,17,15,220,106,10 RUE JULES VERNE,48.49663,-2.73378,Plein jour,En agglomération,Hors intersection,Normale,Sans collision,,,,,,,,,,,1,2,1,1.0,7
201300020574,0013-05-21 18:30:00,13,5,21,18,30,220,278,RUE ET AV PROMENADES,48.51364,-2.75722,Plein jour,En agglomération,Giratoire,Normale,Deux véhicules - côté,,,,,,,,,,,1,2,6,1.0,3
201300020575,0013-05-23 18:35:00,13,5,23,18,35,220,278,RUE A LORRAINE/KLEBER,48.5086,-2.76113,Plein jour,En agglomération,Intersection en X,Normale,Deux véhicules - côté,,,,,,,,,,,1,2,2,1.0,3
201300020576,0013-05-24 14:20:00,13,5,24,14,20,220,215,RUE QUARTIERS/CROIX FICH,48.49472,-2.79636,Plein jour,En agglomération,Intersection en X,Normale,Deux véhicules - côté,,,,,,,,,,,1,2,2,1.0,3
201300020577,0013-06-05 16:50:00,13,6,5,16,50,220,278,8 Bd de l'Atlantique,48.51906,-2.78596,Plein jour,En agglomération,Hors intersection,Normale,Autre collision,,,,,,,,,,,1,2,1,1.0,6
201300020578,0013-06-09 17:00:00,13,6,9,17,0,220,360,D 700,48.48263,-2.76591,Plein jour,Hors agglomération,Hors intersection,Normale,Sans collision,,,,,,,,,,,1,1,1,1.0,7
201300020579,0013-06-14 17:00:00,13,6,14,17,0,220,278,109 RUE DE TREGUEUX,48.49862,-2.75409,Plein jour,En agglomération,Hors intersection,Normale,Autre collision,,,,,,,,,,,1,2,1,1.0,6
201300020580,0013-06-15 11:20:00,13,6,15,11,20,220,278,BD HOCHE/PONT CHAPER,48.50362,-2.76263,Plein jour,En agglomération,Giratoire,Normale,Sans collision,,,,,,,,,,,1,2,6,1.0,7
201300020581,0013-06-22 17:40:00,13,6,22,17,40,220,278,RUE GARE/71ème RI,48.51109,-2.76235,Plein jour,En agglomération,Giratoire,Normale,Deux véhicules - côté,,,,,,,,,,,1,2,6,1.0,3
201300020582,0013-06-26 14:25:00,13,6,26,14,25,220,278,36 RUE DE BREST,48.51465,-2.77014,Plein jour,En agglomération,Hors intersection,Normale,Sans collision,,,,,,,,,,,1,2,1,1.0,7
201300020583,0013-06-29 09:35:00,13,6,29,9,35,220,215,RUE DES CHATELETS,48.46865,-2.79753,Plein jour,En agglomération,Hors intersection,Pluie légère,Sans collision,,,,,,,,,,,1,2,1,2.0,7
201300020584,0013-07-01 07:45:00,13,7,1,7,45,220,278,6 RUE DE QUITIN,48.5121,-2.76817,Crépuscule ou aube,En agglomération,Hors intersection,Temps couvert,Deux véhicules - côté,,,,,,,,,,,2,2,1,8.0,3
201300020585,0013-07-01 17:45:00,13,7,1,17,45,220,215,RUE DU 14 JUILLET/DIMES,48.49716,-2.79102,Plein jour,En agglomération,Intersection en T,Normale,Deux véhicules - arrière,,,,,,,,,,,1,2,3,1.0,2
201300020586,0013-07-02 17:50:00,13,7,2,17,50,220,215,RUE G. METAIRIE/VERGER,48.49474,-2.79634,Plein jour,En agglomération,Intersection en X,Pluie légère,Deux véhicules - côté,,,,,,,,,,,1,2,2,2.0,3
201300020587,0013-07-03 18:45:00,13,7,3,18,45,220,278,13 RUE ABBE GARNIER,48.50617,-2.76122,Plein jour,En agglomération,Hors intersection,Normale,Autre collision,,,,,,,,,,,1,2,1,1.0,6
201300020588,0013-07-09 17:40:00,13,7,9,17,40,220,278,4 RUE PIERRE SEMARD,48.50721,-2.77211,Plein jour,En agglomération,Intersection en X,Normale,Deux véhicules - arrière,,,,,,,,,,,1,2,2,1.0,2
201300020589,0013-07-10 10:10:00,13,7,10,10,10,220,360,RN12,48.48693,-2.71808,Plein jour,Hors agglomération,Hors intersection,Normale,Deux véhicules - arrière,,,,,,,,,,,1,1,1,1.0,2
201300020590,0013-07-11 11:15:00,13,7,11,11,15,220,278,5 RUE ST BENOIT,48.51471,-2.75908,Plein jour,En agglomération,Hors intersection,Normale,Autre collision,,,,,,,,,,,1,2,1,1.0,6
201300020591,0013-07-11 22:20:00,13,7,11,22,20,220,215,RUE DU FROS/VILLE BILY,48.50362,-2.80305,Crépuscule ou aube,Hors agglomération,Intersection en T,Normale,Deux véhicules - arrière,,,,,,,,,,,2,1,3,1.0,2
201300020592,0013-07-13 00:05:00,13,7,13,0,5,220,278,Av LIBERATION/GOUEDIC,48.51151,-2.75805,Nuit avec éclairage allumé,En agglomération,Intersection en T,Normale,Deux véhicules - côté,,,,,,,,,,,5,2,3,1.0,3
201300020593,0013-07-16 20:35:00,13,7,16,20,35,220,106,16 RUE DU BIGNON,48.5051,-2.72289,Plein jour,En agglomération,Hors intersection,Normale,Sans collision,,,,,,,,,,,1,2,1,1.0,7
201300020594,0013-07-20 21:30:00,13,7,20,21,30,220,278,RUE DE PARIS/AMPERE,48.50256,-2.73803,Crépuscule ou aube,En agglomération,Intersection en X,Normale,Deux véhicules - frontale,,,,,,,,,,,2,2,2,1.0,1
201300020595,0013-07-20 19:30:00,13,7,20,19,30,220,278,RUE DU 71ème RI,48.51096,-2.75929,Plein jour,En agglomération,Giratoire,Normale,Deux véhicules - côté,,,,,,,,,,,1,2,6,1.0,3
201300020596,0013-07-24 09:02:00,13,7,24,9,2,220,360,RN12,48.48336,-2.70006,Plein jour,En agglomération,Hors intersection,Normale,Trois véhicules et plus - en chaîne,,,,,,,,,,,1,2,1,1.0,4
201300020597,0013-07-23 19:50:00,13,7,23,19,50,220,278,PARKING QUAI ARMEZ,48.52337,-2.7496,Plein jour,En agglomération,Hors intersection,Normale,Deux véhicules - côté,,,,,,,,,,,1,2,1,1.0,3
201300020598,0013-07-24 14:50:00,13,7,24,14,50,220,278,"5, SAINT-FRANCOIS",48.51175,-2.75933,Plein jour,En agglomération,Hors intersection,Normale,Autre collision,,,,,,,,,,,1,2,1,1.0,6
201300020599,0013-07-28 04:45:00,13,7,28,4,45,220,278,Bd CHARNER,48.50802,-2.76446,Nuit avec éclairage allumé,En agglomération,Giratoire,Normale,Sans collision,,,,,,,,,,,5,2,6,1.0,7
201300020600,0013-07-27 17:00:00,13,7,27,17,0,220,278,VIEILLE COTE DE GOUET,48.52187,-2.76447,Plein jour,En agglomération,Hors intersection,Pluie légère,Deux véhicules - côté,,,,,,,,,,,1,2,1,2.0,3
201300020601,0013-07-27 16:20:00,13,7,27,16,20,220,215,RUE DU PONT DES ISLES,48.52563,-2.82305,Plein jour,Hors agglomération,Hors intersection,Pluie forte,Deux véhicules - frontale,,,,,,,,,,,1,1,1,3.0,1
201300020602,0013-07-29 16:30:00,13,7,29,16,30,220,278,RUE PROSPER MERIMEE,48.49479,-2.7525,Plein jour,En agglomération,Hors intersection,Normale,Trois véhicules et plus - en chaîne,,,,,,,,,,,1,2,1,1.0,4
201300020603,0013-07-30 18:50:00,13,7,30,18,50,220,278,RUE DU VAU LOUIS,48.49325,-2.74832,Plein jour,En agglomération,Hors intersection,Normale,Deux véhicules - arrière,,,,,,,,,,,1,2,1,1.0,2
201300020604,0013-07-31 11:05:00,13,7,31,11,5,220,278,VIEILLE COTE DE GOUET,48.51829,-2.76545,Plein jour,En agglomération,Hors intersection,Normale,Deux véhicules - arrière,,,,,,,,,,,1,2,1,1.0,2
201300020605,0013-08-05 18:25:00,13,8,5,18,25,220,278,6 RUE VILLE MALANTE,48.49369,-2.74595,Plein jour,En agglomération,Intersection en Y,Normale,Sans collision,,,,,,,,,,,1,2,4,1.0,7
201300020606,0013-08-08 16:30:00,13,8,8,16,30,220,106,RUE FREYSSINET,48.49764,-2.72801,Plein jour,Hors agglomération,Intersection en T,Normale,Deux véhicules - côté,,,,,,,,,,,1,1,3,1.0,3
201300020607,0013-08-08 19:45:00,13,8,8,19,45,220,278,rue vieux séminaire/gare,48.50982,-2.76514,Plein jour,En agglomération,Intersection en X,Normale,Sans collision,,,,,,,,,,,1,2,2,1.0,7
201300020608,0013-08-14 11:35:00,13,8,14,11,35,220,278,Boulevard SEVIGNE,48.51242,-2.75546,Plein jour,En agglomération,Hors intersection,Normale,Deux véhicules - côté,,,,,,,,,,,1,2,1,1.0,3
201300020609,0013-08-17 16:20:00,13,8,17,16,20,220,278,"43,RUE DU MARECHAL FOCH",48.51561,-2.75944,Plein jour,En agglomération,Hors intersection,Normale,Deux véhicules - arrière,,,,,,,,,,,1,2,1,1.0,2
201300020610,0013-08-20 14:00:00,13,8,20,14,0,220,215,RUE PONT NOIR/BRESSIN,48.48959,-2.81679,Plein jour,En agglomération,Intersection en X,Normale,Deux véhicules - frontale,,,,,,,,,,,1,2,2,1.0,1
201300020611,0013-08-20 16:55:00,13,8,20,16,55,220,360,"25,RUE DE LA REPUBLIQUE",48.49192,-2.73856,Plein jour,En agglomération,Hors intersection,Normale,Trois véhicules et plus - en chaîne,,,,,,,,,,,1,2,1,1.0,4
201300020612,0013-08-22 01:10:00,13,8,22,1,10,220,278,"0, BECQUEREL (HENRI)",48.49938,-2.75026,Nuit avec éclairage allumé,En agglomération,Hors intersection,Normale,Autre collision,,,,,,,,,,,5,2,1,1.0,6