accident_id,datetime,annee,mois,jour,heure,minute,departement,commune_insee,adresse,latitude,longitude,luminosite,agglomeration,intersection,meteo,collision,nb_vehicules,nb_usagers,nb_indemnes,nb_tues,nb_blesses_hosp,nb_blesses_legers,age_cond_1,age_cond_2,veh_type_cond_1,veh_type_cond_2,lum_code,agg_code,int_code,atm_code,col_code
201300020855,0013-11-28 07:21:00,13,11,28,7,21,250,56,"SANS, CHURCHILL BD WINST",47.23909,6.01904,Plein jour,En agglomération,Intersection en X,Normale,Deux véhicules - côté,,,,,,,,,,,1,2,2,1.0,3
201300020856,0013-11-28 14:50:00,13,11,28,14,50,250,56,"154, BELFORT RUE DE BELF",,,Plein jour,En agglomération,Hors intersection,Normale,Trois véhicules et plus - collisions multiples,,,,,,,,,,,1,2,1,1.0,5
201300020857,0013-12-08 01:50:00,13,12,8,1,50,250,56,"149, DOLE RUE DE >185 &",,,Nuit avec éclairage allumé,En agglomération,Hors intersection,Autre,Autre collision,,,,,,,,,,,5,2,1,9.0,6
201300020858,0013-12-09 08:48:00,13,12,9,8,48,250,56,"5, GARNIER RUE LOUIS",47.21695,5.96847,Plein jour,En agglomération,Hors intersection,Normale,Deux véhicules - arrière,,,,,,,,,,,1,2,1,1.0,2
201300020859,0013-12-17 08:44:00,13,12,17,8,44,250,56,"SANS, SANATORIUM CHEMIN",,,Plein jour,En agglomération,Hors intersection,Autre,Deux véhicules - frontale,,,,,,,,,,,1,2,1,9.0,1
201300020860,0013-12-17 19:00:00,13,12,17,19,0,250,56,"13, DROZ   AVENUE EDOUAR",47.24,6.03374,Nuit avec éclairage allumé,En agglomération,Hors intersection,Normale,Autre collision,,,,,,,,,,,5,2,1,1.0,6
201300020861,0013-12-17 17:30:00,13,12,17,17,30,250,56,MONTRAPON AVENUE DE,,,Nuit sans éclairage public,En agglomération,Hors intersection,Normale,Autre collision,,,,,,,,,,,3,2,1,1.0,6
201300020862,0013-12-20 07:45:00,13,12,20,7,45,250,56,"SANS, TORCOLS CHEMIN DES",47.15654,6.0886,Nuit avec éclairage allumé,En agglomération,Hors intersection,Pluie légère,Autre collision,,,,,,,,,,,5,2,1,2.0,6
201300020863,0013-12-22 10:22:00,13,12,22,10,22,250,56,"SANS, BLUM  BOULEVARD LE",,,Plein jour,En agglomération,Hors intersection,Normale,Deux véhicules - arrière,,,,,,,,,,,1,2,1,1.0,2
201300020864,0013-12-26 13:35:00,13,12,26,13,35,250,56,"SANS, RN 1057 (BD CHURCH",47.24429,5.98274,Plein jour,En agglomération,Hors intersection,Pluie légère,Autre collision,,,,,,,,,,,1,2,1,2.0,6
201300020865,0013-12-28 17:15:00,13,12,28,17,15,250,56,"104, DOLE RUE DE >82 & <",47.23105,5.99458,Crépuscule ou aube,En agglomération,Hors intersection,Pluie légère,Autre collision,,,,,,,,,,,2,2,1,2.0,6
201300020866,0013-12-28 22:50:00,13,12,28,22,50,250,56,"sans, FAURE AVENUE EDGAR",,,Nuit avec éclairage allumé,En agglomération,Hors intersection,Pluie légère,Autre collision,,,,,,,,,,,5,2,1,2.0,6
201300020867,0013-02-01 09:50:00,13,2,1,9,50,250,580,OEHMICHEN (RUE),47.47185,6.83459,Nuit avec éclairage allumé,En agglomération,Intersection en X,Normale,Deux véhicules - côté,,,,,,,,,,,5,2,2,1.0,3
201300020868,0013-02-01 19:30:00,13,2,1,19,30,250,547,"39, AVENUE LECLERC",47.0,6.82692,Nuit avec éclairage allumé,En agglomération,Hors intersection,Pluie forte,Autre collision,,,,,,,,,,,5,2,1,3.0,6
201300020869,0013-03-01 20:40:00,13,3,1,20,40,250,230,EGOUTTE (RUE D'),,,Nuit avec éclairage allumé,En agglomération,Intersection en X,Normale,Deux véhicules - côté,,,,,,,,,,,5,2,2,1.0,3
201300020870,0013-03-09 20:40:00,13,3,9,20,40,250,388,BETHONCOURT (ROUTE DE ),,,Nuit avec éclairage allumé,En agglomération,Hors intersection,Normale,Autre collision,,,,,,,,,,,5,2,1,1.0,6
201300020871,0013-03-12 16:40:00,13,3,12,16,40,250,31,TEMPLE (PLACE DU),,,Plein jour,En agglomération,Hors intersection,Normale,Autre collision,,,,,,,,,,,1,2,1,1.0,6
201300020872,0013-04-25 07:20:00,13,4,25,7,20,250,614,BELFORT (RUE DE),,,Plein jour,En agglomération,Intersection en X,Normale,Deux véhicules - côté,,,,,,,,,,,1,2,2,1.0,3
201300020873,0013-04-17 22:00:00,13,4,17,22,0,250,547,AVENUE LECLERC,47.51428,6.82977,Nuit avec éclairage allumé,En agglomération,Intersection en T,Normale,Deux véhicules - côté,,,,,,,,,,,5,2,3,1.0,3
201300020874,0013-05-14 09:40:00,13,5,14,9,40,250,580,BEAULIEU- RD 437 ROUTE,,,Plein jour,Hors agglomération,Hors intersection,Normale,Trois véhicules et plus - collisions multiples,,,,,,,,,,,1,1,1,1.0,5
201300020875,0013-06-11 18:40:00,13,6,11,18,40,250,388,"4, ALLONDANS (ROUTE D')",,,Plein jour,En agglomération,Hors intersection,Normale,Deux véhicules - côté,,,,,,,,,,,1,2,1,1.0,3
201300020876,0013-06-17 18:00:00,13,6,17,18,0,250,539,AUDINCOURT (RUE D'),,,Plein jour,En agglomération,Hors intersection,Normale,Deux véhicules - arrière,,,,,,,,,,,1,2,1,1.0,2
201300020877,0013-06-18 11:20:00,13,6,18,11,20,250,230,BOUQUIERES (RUE DES),47.4978,6.83328,Plein jour,En agglomération,Hors intersection,Normale,Autre collision,,,,,,,,,,,1,2,1,1.0,6
201300020878,0013-07-13 17:10:00,13,7,13,17,10,250,31,REVOLUTION DE 1789 AVENU,,,Plein jour,En agglomération,Hors intersection,Normale,Autre collision,,,,,,,,,,,1,2,1,1.0,6
201300020879,0013-08-17 13:00:00,13,8,17,13,0,250,388,LAIRE (ROUTE DE),47.51892,6.77868,Plein jour,En agglomération,Intersection en X,Normale,Deux véhicules - côté,,,,,,,,,,,1,2,2,1.0,3
201300020880,0013-08-19 18:30:00,13,8,19,18,30,250,580,"27, CUVIER (RUE)",47.46297,6.83506,Plein jour,En agglomération,Hors intersection,Normale,Autre collision,,,,,,,,,,,1,2,1,1.0,6
201300020881,0013-08-21 19:30:00,13,8,21,19,30,250,388,"8, MAI (AVENUE DU 8)",47.49902,6.80425,Plein jour,En agglomération,Hors intersection,Normale,Sans collision,,,,,,,,,,,1,2,1,1.0,7
201300020882,0013-08-23 19:48:00,13,8,23,19,48,250,388,"1, LUDWIGSBURG (ROND POI",,,Plein jour,En agglomération,Hors intersection,Normale,Deux véhicules - côté,,,,,,,,,,,1,2,1,1.0,3
201300020883,0013-08-26 16:52:00,13,8,26,16,52,250,31,"8, MAI 1945 (AVENUE DU 8",47.47422,6.85712,Plein jour,En agglomération,Intersection en T,Normale,Deux véhicules - côté,,,,,,,,,,,1,2,3,1.0,3
201300020884,0013-08-31 23:55:00,13,8,31,23,55,250,539,"25, BANNOT (RUE DU)",47.45811,6.85564,Nuit avec éclairage non allumé,En agglomération,Hors intersection,Normale,Deux véhicules - frontale,,,,,,,,,,,4,2,1,1.0,1
201300020885,0013-08-21 19:28:00,13,8,21,19,28,250,388,"1, HOLLANDE (RUE DE LA P",47.50351,6.79421,Plein jour,En agglomération,Hors intersection,Normale,Sans collision,,,,,,,,,,,1,2,1,1.0,7
201300020886,0013-08-09 15:31:00,13,8,9,15,31,250,388,"17, HUGO (BOULEVARD VICT",47.51867,6.78714,Plein jour,En agglomération,Intersection en X,Normale,Deux véhicules - frontale,,,,,,,,,,,1,2,2,1.0,1
201300020887,0013-08-05 13:31:00,13,8,5,13,31,250,580,"10, BEAULIEU- RN 437 (RO",,,Plein jour,Hors agglomération,Hors intersection,Normale,Deux véhicules - côté,,,,,,,,,,,1,1,1,1.0,3
201300020888,0013-09-01 15:47:00,13,9,1,15,47,250,388,"8, FOILLET (RUE JACQUES)",47.50316,6.80727,Plein jour,En agglomération,Intersection en T,Normale,Deux véhicules - arrière,,,,,,,,,,,1,2,3,1.0,2
201300020889,0013-07-26 05:10:00,13,7,26,5,10,250,388,"0, HOLLANDE (RUE DE LA P",47.50256,6.79186,Nuit avec éclairage allumé,En agglomération,Intersection en T,Normale,Autre collision,,,,,,,,,,,5,2,3,1.0,6
201300020890,0013-09-26 07:59:00,13,9,26,7,59,250,20,"01, EUROPE (AVENUE DE L'",47.48723,6.81634,Plein jour,En agglomération,Hors intersection,Normale,Deux véhicules - côté,,,,,,,,,,,1,2,1,1.0,3
201300020891,0013-09-27 05:54:00,13,9,27,5,54,250,388,"07, BETHONCOURT (ROUTE D",47.50438,6.80335,Nuit avec éclairage allumé,Hors agglomération,Hors intersection,Normale,Autre collision,,,,,,,,,,,5,1,1,1.0,6
201300020892,0013-09-29 21:50:00,13,9,29,21,50,250,31,"01, DASLE (RUE DE)",47.48144,6.84541,Nuit avec éclairage allumé,En agglomération,Intersection en X,Normale,Deux véhicules - côté,,,,,,,,,,,5,2,2,1.0,3
201300020893,0013-10-10 12:46:00,13,10,10,12,46,250,547,"0, GRAVIERS (RUE DES)",47.51549,6.83584,Plein jour,En agglomération,Hors intersection,Pluie légère,Deux véhicules - frontale,,,,,,,,,,,1,2,1,2.0,1
201300020894,0013-10-13 07:20:00,13,10,13,7,20,250,230,AUDINCOURT (RUE D'),47.49279,6.83922,Crépuscule ou aube,En agglomération,Hors intersection,Normale,Deux véhicules - frontale,,,,,,,,,,,2,2,1,1.0,1
201300020895,0013-10-14 18:05:00,13,10,14,18,5,250,388,"40, CHABAUD-LATOUR (AVEN",,,Plein jour,En agglomération,Hors intersection,Normale,Autre collision,,,,,,,,,,,1,2,1,1.0,6
201300020896,0013-10-21 18:58:00,13,10,21,18,58,250,388,"64A, BESANCON (FAUBOURG",,,Nuit avec éclairage allumé,En agglomération,Hors intersection,Normale,Autre collision,,,,,,,,,,,5,2,1,1.0,6
201300020897,0013-10-23 23:35:00,13,10,23,23,35,250,388,"01, LUDWIGSBURG (ROND PO",,,Nuit avec éclairage allumé,En agglomération,Hors intersection,Pluie légère,Sans collision,,,,,,,,,,,5,2,1,2.0,7
201300020898,0013-11-29 06:47:00,13,11,29,6,47,250,31,"08, RECILLES (RUE DES)",47.47569,6.84332,Nuit avec éclairage allumé,En agglomération,Intersection en Y,Normale,Autre collision,,,,,,,,,,,5,2,4,1.0,6
201300020899,0013-12-15 16:14:00,13,12,15,16,14,250,388,"03, FERRAND (RUE JACQUES",47.51867,6.77782,Plein jour,En agglomération,Hors intersection,Normale,Autre collision,,,,,,,,,,,1,2,1,1.0,6
201300020900,0013-12-11 07:06:00,13,12,11,7,6,250,388,"46, BESANCON (FAUBOURG D",,,Nuit avec éclairage allumé,En agglomération,Intersection en T,Autre,Autre collision,,,,,,,,,,,5,2,3,9.0,6
201300020901,0013-08-28 11:52:00,13,8,28,11,52,250,580,"10, BEAULIEU- RN 437 (RO",,,Plein jour,En agglomération,Hors intersection,Normale,Deux véhicules - frontale,,,,,,,,,,,1,2,1,1.0,1
201300020902,0013-10-21 05:30:00,13,10,21,5,30,250,388,"01, FOILLET (RUE JACQUES",47.50338,6.80526,Nuit avec éclairage allumé,En agglomération,Intersection en X,Pluie légère,Deux véhicules - côté,,,,,,,,,,,5,2,2,2.0,3
201300020903,0013-12-09 14:45:00,13,12,9,14,45,250,388,"01, BATTERIES DU PARC (R",47.51874,6.81087,Plein jour,En agglomération,Giratoire,Normale,Deux véhicules - côté,,,,,,,,,,,1,2,6,1.0,3
201300020904,0013-12-10 08:04:00,13,12,10,8,4,250,388,"04, PIED DES GOUTTES (RU",47.50215,6.81637,Plein jour,En agglomération,Intersection en T,Normale,Deux véhicules - côté,,,,,,,,,,,1,2,3,1.0,3
201300020905,0013-03-04 16:55:00,13,3,4,16,55,250,462,"55, NEUCHATEL (AVENUE DE",47.89984,6.36148,Plein jour,En agglomération,Hors intersection,Normale,Deux véhicules - côté,,,,,,,,,,,1,2,1,1.0,3
201300020906,0013-03-17 00:55:00,13,3,17,0,55,250,204,"1, Besançon  de",46.0,,Nuit avec éclairage allumé,En agglomération,Giratoire,Normale,Autre collision,,,,,,,,,,,5,2,6,1.0,6
201300020907,0013-03-22 22:25:00,13,3,22,22,25,250,204,Route Départementale 437,46.0,6.0,Nuit sans éclairage public,Hors agglomération,Hors intersection,Normale,Autre collision,,,,,,,,,,,3,1,1,1.0,6
201300020908,0013-04-30 14:27:00,13,4,30,14,27,250,462,REPUBLIQUE DE LA,46.9,6.3,Plein jour,En agglomération,Hors intersection,Normale,Sans collision,,,,,,,,,,,1,2,1,1.0,7
201300020909,0013-06-22 01:28:00,13,6,22,1,28,250,462,ROCADE G.POMPIDOU ( DE 0,,,Nuit avec éclairage allumé,En agglomération,Hors intersection,Normale,Autre collision,,,,,,,,,,,5,2,1,1.0,6
201300020910,0013-06-22 12:50:00,13,6,22,12,50,250,462,"1, MORTEAU DE (DU 0 AU 3",,,Plein jour,En agglomération,Giratoire,Normale,Deux véhicules - côté,,,,,,,,,,,1,2,6,1.0,3
201300020911,0013-06-26 14:07:00,13,6,26,14,7,250,462,WILLY BRANT,46.90569,6.33409,Plein jour,En agglomération,Giratoire,Normale,Deux véhicules - côté,,,,,,,,,,,1,2,6,1.0,3
201300020912,0013-07-13 04:53:00,13,7,13,4,53,250,462,ETRACHES LES,,,Nuit sans éclairage public,Hors agglomération,Hors intersection,Normale,Autre collision,,,,,,,,,,,3,1,1,1.0,6
201300020913,0013-07-26 16:35:00,13,7,26,16,35,250,462,"5, PEGUY CHARLES",46.91094,6.35994,Plein jour,En agglomération,Hors intersection,Normale,Autre collision,,,,,,,,,,,1,2,1,1.0,6
201300020914,0013-09-02 22:05:00,13,9,2,22,5,250,462,"78, BESANCON (RUE DE)",46.91642,6.34475,Nuit avec éclairage non allumé,En agglomération,Intersection en T,Normale,Deux véhicules - côté,,,,,,,,,,,4,2,3,1.0,3
201300020915,0013-09-04 15:20:00,13,9,4,15,20,250,462,"04, PAIX DE LA",46.91017,6.35049,Plein jour,En agglomération,Hors intersection,Normale,Deux véhicules - côté,,,,,,,,,,,1,2,1,1.0,3
201300020916,0013-09-19 16:18:00,13,9,19,16,18,250,462,"1, BERNARDINES",46.90511,6.35464,Plein jour,En agglomération,Hors intersection,Normale,Sans collision,,,,,,,,,,,1,2,1,1.0,7
201300020917,0013-11-12 08:35:00,13,11,12,8,35,250,462,"5, MOULIN PARNET DU",46.90406,6.35285,Plein jour,En agglomération,Hors intersection,Normale,Autre collision,,,,,,,,,,,1,2,1,1.0,6
201300020918,0013-03-19 20:30:00,13,3,19,20,30,840,71,,,,Nuit sans éclairage public,Hors agglomération,Hors intersection,Normale,Sans collision,,,,,,,,,,,3,1,1,1.0,7
201300020919,0013-04-06 15:00:00,13,4,6,15,0,840,62,,,,Plein jour,Hors agglomération,Hors intersection,Pluie légère,Deux véhicules - frontale,,,,,,,,,,,1,1,1,2.0,1
201300020920,0013-04-07 12:45:00,13,4,7,12,45,840,25,,,,Plein jour,Hors agglomération,Hors intersection,Normale,Autre collision,,,,,,,,,,,1,1,1,1.0,6
201300020921,0013-05-08 00:45:00,13,5,8,0,45,840,38,,,,Nuit sans éclairage public,Hors agglomération,Hors intersection,Normale,Autre collision,,,,,,,,,,,3,1,1,1.0,6
201300020922,0013-10-04 10:15:00,13,10,4,10,15,840,38,,,,Plein jour,Hors agglomération,Hors intersection,Normale,Deux véhicules - côté,,,,,,,,,,,1,1,1,1.0,3
201300020923,0013-10-12 16:45:00,13,10,12,16,45,840,99,,,,Plein jour,Hors agglomération,Hors intersection,Normale,Deux véhicules - frontale,,,,,,,,,,,1,1,1,1.0,1
201300020924,0013-11-17 23:30:00,13,11,17,23,30,840,38,,,,Nuit sans éclairage public,Hors agglomération,Hors intersection,Normale,Deux véhicules - frontale,,,,,,,,,,,3,1,1,1.0,1
201300020925,0013-12-01 18:00:00,13,12,1,18,0,840,99,,,,Nuit sans éclairage public,Hors agglomération,Intersection en X,Normale,Deux véhicules - côté,,,,,,,,,,,3,1,2,1.0,3
201300020926,0013-03-20 13:45:00,13,3,20,13,45,590,16,,50.98974,2.33778,Plein jour,Hors agglomération,Hors intersection,Normale,Deux véhicules - frontale,,,,,,,,,,,1,1,1,1.0,1
201300020927,0013-04-23 10:45:00,13,4,23,10,45,590,83,Rte de St-Omer,50.91657,2.40837,Plein jour,Hors agglomération,Hors intersection,Normale,Deux véhicules - frontale,,,,,,,,,,,1,1,1,1.0,1
201300020928,0013-07-30 19:15:00,13,7,30,19,15,590,588,route des Neiges,51.00148,2.45259,Plein jour,Hors agglomération,Hors intersection,Pluie légère,Deux véhicules - frontale,,,,,,,,,,,1,1,1,2.0,1
201300020929,0013-10-01 08:15:00,13,10,1,8,15,590,319,rue d'Alsace,50.97099,2.44493,Plein jour,En agglomération,Hors intersection,Normale,Autre collision,,,,,,,,,,,1,2,1,1.0,6
201300020930,0013-10-09 22:30:00,13,10,9,22,30,590,16,16 Rue du Courghain,50.97251,2.34479,Nuit sans éclairage public,Hors agglomération,Hors intersection,Normale,Deux véhicules - frontale,,,,,,,,,,,3,1,1,1.0,1
201300020931,0013-10-23 15:00:00,13,10,23,15,0,590,478,Rue de Bergues,50.94795,2.43168,Crépuscule ou aube,Hors agglomération,Hors intersection,Normale,Deux véhicules - côté,,,,,,,,,,,2,1,1,1.0,3
201300020932,0013-02-18 21:45:00,13,2,18,21,45,620,261,avenue de l'europe,,,Nuit avec éclairage allumé,En agglomération,Hors intersection,Normale,Deux véhicules - frontale,,,,,,,,,,,5,2,1,1.0,1
201300020933,0013-04-11 14:30:00,13,4,11,14,30,620,849,108 route de Groffliers,,,Plein jour,En agglomération,Hors intersection,Autre,Sans collision,,,,,,,,,,,1,2,1,9.0,7
201300020934,0013-04-21 14:00:00,13,4,21,14,0,620,261,rue des iris,,,Plein jour,En agglomération,Hors intersection,Normale,Autre collision,,,,,,,,,,,1,2,1,1.0,6
201300020935,0013-05-12 16:45:00,13,5,12,16,45,620,261,,,,Plein jour,En agglomération,Hors intersection,Normale,Autre collision,,,,,,,,,,,1,2,1,1.0,6
201300020936,0013-05-30 21:45:00,13,5,30,21,45,620,261,avenue de la lib?ration,,,Plein jour,En agglomération,Hors intersection,Normale,Deux véhicules - arrière,,,,,,,,,,,1,2,1,1.0,2
201300020937,0013-06-10 12:15:00,13,6,10,12,15,620,261,BD DE FRANCE,50.47951,1.58193,Plein jour,En agglomération,Hors intersection,Normale,Deux véhicules - côté,,,,,,,,,,,1,2,1,1.0,3
201300020938,0013-07-05 14:45:00,13,7,5,14,45,620,261,,,,Plein jour,En agglomération,Giratoire,Normale,Deux véhicules - frontale,,,,,,,,,,,1,2,6,1.0,1
201300020939,0013-07-23 16:00:00,13,7,23,16,0,620,261,avenue de Paris,,,Plein jour,En agglomération,Intersection en X,Pluie légère,Deux véhicules - côté,,,,,,,,,,,1,2,2,2.0,3
201300020940,0013-07-26 21:45:00,13,7,26,21,45,620,233,,,,Crépuscule ou aube,Hors agglomération,Intersection en X,Normale,Deux véhicules - côté,,,,,,,,,,,2,1,2,1.0,3
201300020941,0013-07-26 16:15:00,13,7,26,16,15,620,752,,,,Plein jour,Hors agglomération,Hors intersection,Normale,Autre collision,,,,,,,,,,,1,1,1,1.0,6
201300020942,0013-08-01 22:45:00,13,8,1,22,45,620,16,,,,Nuit sans éclairage public,Hors agglomération,Intersection en X,Normale,Deux véhicules - côté,,,,,,,,,,,3,1,2,1.0,3
201300020943,0013-08-28 07:30:00,13,8,28,7,30,620,233,,,,Plein jour,Hors agglomération,Hors intersection,Normale,Autre collision,,,,,,,,,,,1,1,1,1.0,6
201300020944,0013-10-20 15:45:00,13,10,20,15,45,620,16,,50.42278,1.68265,Plein jour,Hors agglomération,Intersection en X,Temps couvert,Deux véhicules - côté,,,,,,,,,,,1,1,2,8.0,3
201300020945,0013-03-05 17:00:00,13,3,5,17,0,590,278,36 rue léon gambetta,50.61327,2.96368,Plein jour,En agglomération,Hors intersection,Normale,Deux véhicules - arrière,,,,,,,,,,,1,2,1,1.0,2
201300020946,0013-05-29 08:45:00,13,5,29,8,45,590,487,Rue du Bas,50.63545,2.89086,Plein jour,Hors agglomération,Intersection en X,Normale,Deux véhicules - côté,,,,,,,,,,,1,1,2,1.0,3
201300020947,0013-06-12 14:00:00,13,6,12,14,0,590,553,Route Nationale 41,50.59882,2.93922,Plein jour,En agglomération,Hors intersection,Normale,Deux véhicules - côté,,,,,,,,,,,1,2,1,1.0,3
201300020948,0013-06-24 06:30:00,13,6,24,6,30,590,278,236 rue du gal DE GAULLE,50.6076,2.95421,Plein jour,En agglomération,Hors intersection,Temps éblouissant,Deux véhicules - arrière,,,,,,,,,,,1,2,1,7.0,2
201300020949,0013-07-01 08:15:00,13,7,1,8,15,590,653,Rue Anatole France,50.58636,2.94411,Plein jour,Hors agglomération,Hors intersection,Normale,Trois véhicules et plus - collisions multiples,,,,,,,,,,,1,1,1,1.0,5
201300020950,0013-07-24 15:00:00,13,7,24,15,0,590,653,Rue Léon Gambetta,50.56521,2.93542,Plein jour,En agglomération,Hors intersection,Normale,Deux véhicules - frontale,,,,,,,,,,,1,2,1,1.0,1
201300020951,0013-08-01 08:15:00,13,8,1,8,15,590,88,1114 rue de la chapelle,50.65592,2.88537,Plein jour,Hors agglomération,Intersection en T,Normale,Deux véhicules - côté,,,,,,,,,,,1,1,3,1.0,3
201300020952,0013-06-15 05:45:00,13,6,15,5,45,740,217,route de la roche,,,Plein jour,En agglomération,Hors intersection,Normale,Autre collision,,,,,,,,,,,1,2,1,1.0,6
201300020953,0013-06-21 17:45:00,13,6,21,17,45,740,213,,,,Plein jour,Hors agglomération,Intersection en X,Normale,Deux véhicules - frontale,,,,,,,,,,,1,1,2,1.0,1
201300020954,0013-07-05 18:30:00,13,7,5,18,30,740,179,,,,Plein jour,Hors agglomération,Hors intersection,Normale,Sans collision,,,,,,,,,,,1,1,1,1.0,7
201300020955,0013-07-09 11:30:00,13,7,9,11,30,740,112,RUE DU CENTRE,,,Plein jour,Hors agglomération,Hors intersection,Normale,Autre collision,,,,,,,,,,,1,1,1,1.0,6
201300020956,0013-02-23 02:00:00,13,2,23,2,0,10,33,RUES REPUBLIQUE / BRAZZA,,,Nuit avec éclairage allumé,En agglomération,Intersection en X,Normale,Deux véhicules - côté,,,,,,,,,,,5,2,2,1.0,3
201300020957,0013-06-08 15:30:00,13,6,8,15,30,10,82,,46.0086,5.74801,Plein jour,Hors agglomération,Hors intersection,Temps couvert,Deux véhicules - frontale,,,,,,,,,,,1,1,1,8.0,1
201300020958,0013-07-12 21:30:00,13,7,12,21,30,10,33,RUE JOLIOT CURIE,,,Plein jour,En agglomération,Hors intersection,Normale,Autre collision,,,,,,,,,,,1,2,1,1.0,6
201300020959,0013-05-05 16:45:00,13,5,5,16,45,10,114,RTE DE CHEZERY,46.1522,5.81951,Plein jour,En agglomération,Hors intersection,Normale,Sans collision,,,,,,,,,,,1,2,1,1.0,7
201300020960,0013-08-07 17:05:00,13,8,7,17,5,10,91,,46.1356,5.8026,Plein jour,Hors agglomération,Hors intersection,Pluie forte,Deux véhicules - frontale,,,,,,,,,,,1,1,1,3.0,1
201300020961,0013-07-21 11:30:00,13,7,21,11,30,830,100,,,,Plein jour,Hors agglomération,Hors intersection,Normale,Deux véhicules - côté,,,,,,,,,,,1,1,1,1.0,3
201300020962,0013-09-14 09:30:00,13,9,14,9,30,830,49,,,,Plein jour,Hors agglomération,Hors intersection,Normale,Autre collision,,,,,,,,,,,1,1,1,1.0,6
201300020963,0013-10-10 17:00:00,13,10,10,17,0,540,244,,49.03018,5.87485,Plein jour,Hors agglomération,Hors intersection,Normale,Deux véhicules - frontale,,,,,,,,,,,1,1,1,1.0,1
201300020964,0013-12-18 12:32:00,13,12,18,12,32,260,198,BOULEVARD CHARLES ANDRE,44.5267,4.7383,Plein jour,En agglomération,Hors intersection,Normale,Deux véhicules - côté,,,,,,,,,,,1,2,1,1.0,3
201300020965,0013-01-08 18:00:00,13,1,8,18,0,260,198,1 BOULEVARD GEORGES POMI,44.5484,4.7739,Nuit sans éclairage public,Hors agglomération,Hors intersection,Normale,Deux véhicules - côté,,,,,,,,,,,3,1,1,1.0,3
201300020966,0013-01-05 11:45:00,13,1,5,11,45,260,198,127 ROUTE DE MARSEILLE,,,Plein jour,En agglomération,Hors intersection,Normale,Deux véhicules - côté,,,,,,,,,,,1,2,1,1.0,3
201300020967,0013-01-10 18:42:00,13,1,10,18,42,260,198,ROUTE DE CHATEAUNEUF,,,Nuit avec éclairage allumé,En agglomération,Hors intersection,Normale,Deux véhicules - côté,,,,,,,,,,,5,2,1,1.0,3
201300020968,0013-01-19 17:00:00,13,1,19,17,0,260,198,12 BOULEVARD DE GAULLE,,,Plein jour,En agglomération,Hors intersection,Pluie forte,Deux véhicules - côté,,,,,,,,,,,1,2,1,3.0,3
201300020969,0013-03-03 19:45:00,13,3,3,19,45,260,198,20 AVENUE JEAN JAURES,,,Nuit avec éclairage allumé,En agglomération,Hors intersection,Normale,Deux véhicules - côté,,,,,,,,,,,5,2,1,1.0,3
201300020970,0013-03-14 12:15:00,13,3,14,12,15,260,198,1 RUE ANDRE DUCATEZ,,,Plein jour,En agglomération,Giratoire,Normale,Deux véhicules - côté,,,,,,,,,,,1,2,6,1.0,3
201300020971,0013-04-02 13:50:00,13,4,2,13,50,260,198,AVENUE KENNEDY,,,Plein jour,En agglomération,Giratoire,Normale,Deux véhicules - arrière,,,,,,,,,,,1,2,6,1.0,2
201300020972,0013-04-14 12:00:00,13,4,14,12,0,260,198,ROUTE DU TEIL,,,Plein jour,Hors agglomération,Hors intersection,Normale,Deux véhicules - arrière,,,,,,,,,,,1,1,1,1.0,2
201300020973,0013-05-01 10:55:00,13,5,1,10,55,260,198,ROUTE D ESPELUCHE,,,Plein jour,Hors agglomération,Hors intersection,Pluie forte,Sans collision,,,,,,,,,,,1,1,1,3.0,7
201300020974,0013-05-09 19:40:00,13,5,9,19,40,260,198,106 AVENUE JEAN JAURES,,,Plein jour,En agglomération,Hors intersection,Pluie légère,Deux véhicules - côté,,,,,,,,,,,1,2,1,2.0,3
201300020975,0013-05-03 09:30:00,13,5,3,9,30,260,198,ROUTE DE CHATEAUNEUF,,,Plein jour,En agglomération,Hors intersection,Normale,Autre collision,,,,,,,,,,,1,2,1,1.0,6
201300020976,0013-05-12 17:05:00,13,5,12,17,5,260,198,ROUTE DE VALENCE RN 7,,,Plein jour,Hors agglomération,Hors intersection,Normale,Deux véhicules - côté,,,,,,,,,,,1,1,1,1.0,3
201300020977,0013-05-15 11:30:00,13,5,15,11,30,260,198,175 ROUTE DE MARSEILLE,,,Plein jour,En agglomération,Hors intersection,Pluie légère,Autre collision,,,,,,,,,,,1,2,1,2.0,6
201300020978,0013-05-22 14:50:00,13,5,22,14,50,260,198,ROUTE DE SAUZET,,,Plein jour,Hors agglomération,Hors intersection,Normale,Trois véhicules et plus - collisions multiples,,,,,,,,,,,1,1,1,1.0,5
201300020979,0013-06-15 01:50:00,13,6,15,1,50,260,198,RTE NATIONALE 7,,,Nuit avec éclairage allumé,Hors agglomération,Hors intersection,Normale,Autre collision,,,,,,,,,,,5,1,1,1.0,6
201300020980,0013-06-18 03:50:00,13,6,18,3,50,260,198,26198,,,Nuit sans éclairage public,Hors agglomération,Hors intersection,Normale,Deux véhicules - frontale,,,,,,,,,,,3,1,1,1.0,1
201300020981,0013-06-23 16:05:00,13,6,23,16,5,260,198,26198,44.5523,4.7212,Plein jour,Hors agglomération,Hors intersection,Normale,Deux véhicules - frontale,,,,,,,,,,,1,1,1,1.0,1