accident_id,datetime,annee,mois,jour,heure,minute,departement,commune_insee,adresse,latitude,longitude,luminosite,agglomeration,intersection,meteo,collision,nb_vehicules,nb_usagers,nb_indemnes,nb_tues,nb_blesses_hosp,nb_blesses_legers,age_cond_1,age_cond_2,veh_type_cond_1,veh_type_cond_2,lum_code,agg_code,int_code,atm_code,col_code
201300020982,0013-06-21 15:00:00,13,6,21,15,0,260,198,ROUTE DU TEIL,44.5552,4.7212,Plein jour,En agglomération,Intersection en Y,Normale,Deux véhicules - frontale,,,,,,,,,,,1,2,4,1.0,1
201300020983,0013-07-03 11:41:00,13,7,3,11,41,260,198,33 BD MARRE DESMARAIS,,,Plein jour,En agglomération,Hors intersection,Normale,Autre collision,,,,,,,,,,,1,2,1,1.0,6
201300020984,0013-06-29 08:30:00,13,6,29,8,30,260,198,96 AVENUE JEAN JAURES,,,Plein jour,En agglomération,Hors intersection,Normale,Deux véhicules - côté,,,,,,,,,,,1,2,1,1.0,3
201300020985,0013-07-16 07:05:00,13,7,16,7,5,260,198,ROUTE DE ROCHEMAURE,44.5614,4.7463,Plein jour,En agglomération,Hors intersection,Normale,Deux véhicules - côté,,,,,,,,,,,1,2,1,1.0,3
201300020986,0013-07-25 11:05:00,13,7,25,11,5,260,198,45 AVENUE JEAN JAURES,,,Plein jour,En agglomération,Hors intersection,Normale,Deux véhicules - arrière,,,,,,,,,,,1,2,1,1.0,2
201300020987,0013-08-18 18:04:00,13,8,18,18,4,260,198,26198,,,Plein jour,Hors agglomération,Hors intersection,Normale,Deux véhicules - côté,,,,,,,,,,,1,1,1,1.0,3
201300020988,0013-08-29 13:15:00,13,8,29,13,15,260,198,ROUTE DU TEIL,,,Plein jour,En agglomération,Giratoire,Normale,Deux véhicules - côté,,,,,,,,,,,1,2,6,1.0,3
201300020989,0013-09-09 16:45:00,13,9,9,16,45,260,198,26198,,,Plein jour,En agglomération,Giratoire,Normale,Deux véhicules - côté,,,,,,,,,,,1,2,6,1.0,3
201300020990,0013-09-23 19:37:00,13,9,23,19,37,260,198,ROUTE DU TEIL,,,Plein jour,Hors agglomération,Hors intersection,Normale,Autre collision,,,,,,,,,,,1,1,1,1.0,6
201300020991,0013-09-24 22:23:00,13,9,24,22,23,260,198,26198,,,Nuit avec éclairage allumé,En agglomération,Giratoire,Normale,Sans collision,,,,,,,,,,,5,2,6,1.0,7
201300020992,0013-09-15 09:10:00,13,9,15,9,10,260,198,BOULEVARD MEYNOT,,,Plein jour,En agglomération,Hors intersection,Normale,Sans collision,,,,,,,,,,,1,2,1,1.0,7
201300020993,0013-09-12 06:20:00,13,9,12,6,20,260,198,26198,,,Nuit avec éclairage non allumé,Hors agglomération,Hors intersection,Normale,Autre collision,,,,,,,,,,,4,1,1,1.0,6
201300020994,0013-09-30 14:10:00,13,9,30,14,10,260,198,26198,,,Plein jour,Hors agglomération,Hors intersection,Normale,Autre collision,,,,,,,,,,,1,1,1,1.0,6
201300020995,0013-10-03 13:00:00,13,10,3,13,0,260,198,26198,,,Plein jour,Hors agglomération,Hors intersection,Normale,Autre collision,,,,,,,,,,,1,1,1,1.0,6
201300020996,0013-10-11 15:30:00,13,10,11,15,30,260,198,ROUTE DE DIEULEFIT,,,Plein jour,Hors agglomération,Intersection en T,Normale,Deux véhicules - côté,,,,,,,,,,,1,1,3,1.0,3
201300020997,0013-10-09 17:30:00,13,10,9,17,30,260,198,26198,,,Crépuscule ou aube,En agglomération,Hors intersection,Normale,Sans collision,,,,,,,,,,,2,2,1,1.0,7
201300020998,0013-10-18 02:20:00,13,10,18,2,20,260,198,AVENUE DE VILLENEUVE,44.5593,4.7563,Nuit avec éclairage allumé,En agglomération,Autre intersection,Normale,Trois véhicules et plus - collisions multiples,,,,,,,,,,,5,2,9,1.0,5
201300020999,0013-10-28 12:57:00,13,10,28,12,57,260,198,28 AVENUE JEAN JAURES,,,Plein jour,En agglomération,Hors intersection,Normale,Autre collision,,,,,,,,,,,1,2,1,1.0,6
201300021000,0013-10-30 21:20:00,13,10,30,21,20,260,198,AVENUE SAINT MARTIN,,,Nuit avec éclairage allumé,En agglomération,Hors intersection,Normale,Deux véhicules - arrière,,,,,,,,,,,5,2,1,1.0,2
201300021001,0013-11-13 12:05:00,13,11,13,12,5,260,198,AVENUE DU TEIL,,,Plein jour,En agglomération,Hors intersection,Normale,Sans collision,,,,,,,,,,,1,2,1,1.0,7
201300021002,0013-11-02 21:30:00,13,11,2,21,30,260,198,ROUTE DE SAUZET,,,Nuit avec éclairage allumé,Hors agglomération,Hors intersection,Pluie légère,Deux véhicules - côté,,,,,,,,,,,5,1,1,2.0,3
201300021003,0013-11-17 15:15:00,13,11,17,15,15,260,198,AVENUE KENNEDY,,,Plein jour,En agglomération,Hors intersection,Normale,Deux véhicules - côté,,,,,,,,,,,1,2,1,1.0,3
201300021004,0013-11-28 16:35:00,13,11,28,16,35,260,198,AVENUE D'AYGU,,,Plein jour,En agglomération,Hors intersection,Normale,Sans collision,,,,,,,,,,,1,2,1,1.0,7
201300021005,0013-12-05 20:30:00,13,12,5,20,30,260,198,ROUTE DU TEIL,,,Nuit avec éclairage allumé,En agglomération,Hors intersection,Normale,Deux véhicules - côté,,,,,,,,,,,5,2,1,1.0,3
201300021006,0013-12-11 18:20:00,13,12,11,18,20,260,198,130 ROUTE DU TEIL,,,Nuit avec éclairage allumé,En agglomération,Hors intersection,Normale,Deux véhicules - côté,,,,,,,,,,,5,2,1,1.0,3
201300021007,0013-01-07 19:45:00,13,1,7,19,45,260,281,26 PLACE JEAN JAURES,45.04604,5.0536,Nuit avec éclairage allumé,En agglomération,Hors intersection,Normale,Deux véhicules - côté,,,,,,,,,,,5,2,1,1.0,3
201300021008,0013-01-10 09:20:00,13,1,10,9,20,260,281,RD 532 DIRECTION TAIN,45.0453,5.0644,Plein jour,Hors agglomération,Hors intersection,Normale,Deux véhicules - côté,,,,,,,,,,,1,1,1,1.0,3
201300021009,0013-01-11 07:40:00,13,1,11,7,40,260,281,RUE CHENIER ANDRE,45.0508,5.0557,Nuit avec éclairage allumé,En agglomération,Intersection en X,Pluie légère,Autre collision,,,,,,,,,,,5,2,2,2.0,6
201300021010,0013-01-19 23:45:00,13,1,19,23,45,260,281,32 RUE DE BELLEVUE,45.0376,5.0415,Nuit avec éclairage allumé,En agglomération,Hors intersection,Normale,Sans collision,,,,,,,,,,,5,2,1,1.0,7
201300021011,0013-01-26 14:55:00,13,1,26,14,55,260,57,AVENUE VALLON ANTONIN,,,Plein jour,En agglomération,Intersection en T,Temps couvert,Deux véhicules - côté,,,,,,,,,,,1,2,3,8.0,3
201300021012,0013-01-29 16:00:00,13,1,29,16,0,260,281,PONT LATTRE DE TASSIGNY,45.0414,5.0536,Plein jour,En agglomération,Hors intersection,Normale,Deux véhicules - arrière,,,,,,,,,,,1,2,1,1.0,2
201300021013,0013-02-13 11:00:00,13,2,13,11,0,260,281,RUE ABBAT SIMONE,45.0484,5.0374,Plein jour,En agglomération,Intersection en T,Normale,Deux véhicules - frontale,,,,,,,,,,,1,2,3,1.0,1
201300021014,0013-02-19 11:58:00,13,2,19,11,58,260,281,RUE PAPIN DENIS,45.0541,5.101,Plein jour,Hors agglomération,Intersection en X,Normale,Deux véhicules - côté,,,,,,,,,,,1,1,2,1.0,3
201300021015,0013-02-19 18:50:00,13,2,19,18,50,260,281,RUE BONNEVAUX,45.0448,5.0454,Crépuscule ou aube,En agglomération,Hors intersection,Normale,Autre collision,,,,,,,,,,,2,2,1,1.0,6
201300021016,0013-03-13 14:45:00,13,3,13,14,45,260,281,AVENUE DU MAQUIS,45.0478,5.0725,Plein jour,En agglomération,Hors intersection,Normale,Deux véhicules - arrière,,,,,,,,,,,1,2,1,1.0,2
201300021017,0013-03-18 14:30:00,13,3,18,14,30,260,57,BD ALPES PROVENCE,,,Plein jour,En agglomération,Autre intersection,Normale,Deux véhicules - côté,,,,,,,,,,,1,2,9,1.0,3
201300021018,0013-03-28 17:30:00,13,3,28,17,30,260,281,DIRECTION TAIN RD 532,,,Plein jour,En agglomération,Hors intersection,Pluie légère,Deux véhicules - arrière,,,,,,,,,,,1,2,1,2.0,2
201300021019,0013-03-28 19:32:00,13,3,28,19,32,260,281,DIRECT ST BARDOUX RD 574,45.0479,5.0419,Plein jour,En agglomération,Hors intersection,Pluie légère,Sans collision,,,,,,,,,,,1,2,1,2.0,7
201300021020,0013-04-05 09:30:00,13,4,5,9,30,260,281,RD 52 A,,,Plein jour,En agglomération,Intersection en T,Pluie légère,Deux véhicules - frontale,,,,,,,,,,,1,2,3,2.0,1
201300021021,0013-04-13 11:20:00,13,4,13,11,20,260,281,26281,45.0455,5.0528,Plein jour,En agglomération,Hors intersection,Temps éblouissant,Autre collision,,,,,,,,,,,1,2,1,7.0,6
201300021022,0013-04-20 22:30:00,13,4,20,22,30,260,281,BOULEVARD VOLTAIRE,45.0451,5.0557,Nuit avec éclairage allumé,En agglomération,Hors intersection,Pluie légère,Deux véhicules - frontale,,,,,,,,,,,5,2,1,2.0,1
201300021023,0013-04-22 23:40:00,13,4,22,23,40,260,281,RUE ABBAT SIMONE,45.0484,5.0402,Nuit avec éclairage allumé,En agglomération,Hors intersection,Normale,Autre collision,,,,,,,,,,,5,2,1,1.0,6
201300021024,0013-04-23 17:08:00,13,4,23,17,8,260,281,26281,,,Plein jour,En agglomération,Hors intersection,Normale,Deux véhicules - côté,,,,,,,,,,,1,2,1,1.0,3
201300021025,0013-05-31 18:25:00,13,5,31,18,25,260,281,RUE GUILHAUME,45.0477,5.0516,Plein jour,En agglomération,Intersection en X,Pluie légère,Deux véhicules - côté,,,,,,,,,,,1,2,2,2.0,3
201300021026,0013-06-06 10:05:00,13,6,6,10,5,260,281,AV JEAN MOULIN,45.0521,5.0478,Plein jour,En agglomération,Intersection en X,Normale,Deux véhicules - côté,,,,,,,,,,,1,2,2,1.0,3
201300021027,0013-06-08 08:20:00,13,6,8,8,20,260,57,RUE VALLON ANTONIN,,,Plein jour,En agglomération,Intersection en X,Normale,Deux véhicules - côté,,,,,,,,,,,1,2,2,1.0,3
201300021028,0013-06-16 14:15:00,13,6,16,14,15,260,281,AVENUE MOULIN JEAN,45.0581,5.0499,Plein jour,En agglomération,Intersection en T,Normale,Deux véhicules - côté,,,,,,,,,,,1,2,3,1.0,3
201300021029,0013-06-16 09:15:00,13,6,16,9,15,260,281,26281,45.0446,5.0571,Plein jour,En agglomération,Hors intersection,Normale,Deux véhicules - frontale,,,,,,,,,,,1,2,1,1.0,1
201300021030,0013-06-25 07:38:00,13,6,25,7,38,260,281,RN 92,45.0495,5.0771,Plein jour,En agglomération,Hors intersection,Normale,Deux véhicules - frontale,,,,,,,,,,,1,2,1,1.0,1
201300021031,0013-06-26 15:00:00,13,6,26,15,0,260,281,RUE JACQUEMART,45.0458,5.0492,Plein jour,En agglomération,Intersection en X,Normale,Autre collision,,,,,,,,,,,1,2,2,1.0,6
201300021032,0013-06-28 17:35:00,13,6,28,17,35,260,281,AV FIGUET ADOLPHE,45.0436,5.0616,Plein jour,En agglomération,Hors intersection,Normale,Autre collision,,,,,,,,,,,1,2,1,1.0,6
201300021033,0013-06-30 15:20:00,13,6,30,15,20,260,281,RUE DIDEROT,45.0537,5.0464,Plein jour,En agglomération,Intersection en T,Normale,Deux véhicules - côté,,,,,,,,,,,1,2,3,1.0,3
201300021034,0013-07-02 18:45:00,13,7,2,18,45,260,281,BD LAPASSAT ETIENNE JEAN,45.0473,5.0838,Plein jour,En agglomération,Intersection en T,Normale,Autre collision,,,,,,,,,,,1,2,3,1.0,6
201300021035,0013-07-03 07:30:00,13,7,3,7,30,260,57,RD 2532N,,,Plein jour,En agglomération,Hors intersection,Pluie légère,Autre collision,,,,,,,,,,,1,2,1,2.0,6
201300021036,0013-07-03 17:25:00,13,7,3,17,25,260,281,AV GAMBETTA  DIRECT TAIN,45.0456,5.0575,Plein jour,Hors agglomération,Hors intersection,Normale,Deux véhicules - côté,,,,,,,,,,,1,1,1,1.0,3
201300021037,0013-07-04 17:10:00,13,7,4,17,10,260,57,QUAI PALLETOURS,45.041,5.0514,Plein jour,En agglomération,Hors intersection,Normale,Deux véhicules - frontale,,,,,,,,,,,1,2,1,1.0,1
201300021038,0013-07-09 14:10:00,13,7,9,14,10,260,57,RD 538,,,Plein jour,Hors agglomération,Intersection en X,Normale,Autre collision,,,,,,,,,,,1,1,2,1.0,6
201300021039,0013-07-10 12:25:00,13,7,10,12,25,260,281,AV DES ALLOBROGES,,,Plein jour,En agglomération,Intersection en X,Normale,Deux véhicules - côté,,,,,,,,,,,1,2,2,1.0,3
201300021040,0013-07-11 13:20:00,13,7,11,13,20,260,281,RD 532 DIRECTION TAIN,,,Plein jour,Hors agglomération,Hors intersection,Normale,Autre collision,,,,,,,,,,,1,1,1,1.0,6
201300021041,0013-07-11 16:20:00,13,7,11,16,20,260,281,RD 123 DIREC CHATIL ST J,,,Plein jour,Hors agglomération,Intersection en T,Normale,Autre collision,,,,,,,,,,,1,1,3,1.0,6
201300021042,0013-07-16 18:44:00,13,7,16,18,44,260,281,RUE MARTIN GERMAIN,45.0471,5.059,Plein jour,En agglomération,Hors intersection,Normale,Autre collision,,,,,,,,,,,1,2,1,1.0,6
201300021043,0013-07-16 20:20:00,13,7,16,20,20,260,281,RUE GUILHAUME,45.0476,5.0505,Plein jour,En agglomération,Intersection en X,Normale,Autre collision,,,,,,,,,,,1,2,2,1.0,6
201300021044,0013-07-18 17:00:00,13,7,18,17,0,260,281,PLACE DU 75EME RI,,,Plein jour,En agglomération,Hors intersection,Normale,Autre collision,,,,,,,,,,,1,2,1,1.0,6
201300021045,0013-07-20 18:40:00,13,7,20,18,40,260,281,PLACE JAURES JEAN,45.0454,5.0532,Plein jour,En agglomération,Place,Normale,Autre collision,,,,,,,,,,,1,2,7,1.0,6
201300021046,0013-07-21 10:45:00,13,7,21,10,45,260,281,BOULEVARD LIBERATION,45.0473,5.0471,Plein jour,En agglomération,Hors intersection,Normale,Autre collision,,,,,,,,,,,1,2,1,1.0,6
201300021047,0013-07-24 18:00:00,13,7,24,18,0,260,281,26281,,,Plein jour,En agglomération,Hors intersection,Normale,Deux véhicules - côté,,,,,,,,,,,1,2,1,1.0,3
201300021048,0013-07-29 18:30:00,13,7,29,18,30,260,281,BOULEVARD DORMOY MARX,45.0472,5.055,Plein jour,En agglomération,Hors intersection,Normale,Sans collision,,,,,,,,,,,1,2,1,1.0,7
201300021049,0013-08-01 11:15:00,13,8,1,11,15,260,281,26281,45.0456,5.0484,Plein jour,En agglomération,Hors intersection,Normale,Sans collision,,,,,,,,,,,1,2,1,1.0,7
201300021050,0013-08-09 16:00:00,13,8,9,16,0,260,281,26281,45.0476,5.0548,Plein jour,En agglomération,Intersection en X,Normale,Deux véhicules - frontale,,,,,,,,,,,1,2,2,1.0,1
201300021051,0013-08-13 13:15:00,13,8,13,13,15,260,57,26057,,,Plein jour,En agglomération,Intersection en X,Normale,Sans collision,,,,,,,,,,,1,2,2,1.0,7
201300021052,0013-08-13 17:20:00,13,8,13,17,20,260,281,CHEMIN MEILLEUX,45.0463,5.0322,Plein jour,Hors agglomération,Hors intersection,Normale,Deux véhicules - côté,,,,,,,,,,,1,1,1,1.0,3
201300021053,0013-08-16 12:25:00,13,8,16,12,25,260,281,26281,45.0458,5.0506,Plein jour,En agglomération,Intersection en X,Normale,Deux véhicules - côté,,,,,,,,,,,1,2,2,1.0,3
201300021054,0013-08-18 12:19:00,13,8,18,12,19,260,281,26281,45.0453,5.062,Plein jour,En agglomération,Giratoire,Normale,Deux véhicules - côté,,,,,,,,,,,1,2,6,1.0,3
201300021055,0013-08-22 18:28:00,13,8,22,18,28,260,281,26281,45.0475,5.0497,Plein jour,En agglomération,Intersection en X,Normale,Deux véhicules - côté,,,,,,,,,,,1,2,2,1.0,3
201300021056,0013-08-26 19:00:00,13,8,26,19,0,260,281,DEVIA ROMANS SUR ISERE,,,Plein jour,En agglomération,Hors intersection,Normale,Trois véhicules et plus - collisions multiples,,,,,,,,,,,1,2,1,1.0,5
201300021057,0013-09-03 11:20:00,13,9,3,11,20,260,281,26281,45.0478,5.0725,Plein jour,En agglomération,Hors intersection,Normale,Trois véhicules et plus - en chaîne,,,,,,,,,,,1,2,1,1.0,4
201300021058,0013-09-05 10:27:00,13,9,5,10,27,260,281,26281,45.0451,5.0256,Plein jour,En agglomération,Hors intersection,Normale,Deux véhicules - côté,,,,,,,,,,,1,2,1,1.0,3
201300021059,0013-09-05 12:50:00,13,9,5,12,50,260,281,26281,,,Plein jour,Hors agglomération,Hors intersection,Normale,Deux véhicules - arrière,,,,,,,,,,,1,1,1,1.0,2
201300021060,0013-09-08 00:30:00,13,9,8,0,30,260,281,26281,45.0425,5.0575,Nuit avec éclairage allumé,En agglomération,Hors intersection,Pluie légère,Autre collision,,,,,,,,,,,5,2,1,2.0,6
201300021061,0013-09-11 13:50:00,13,9,11,13,50,260,281,26281,,,Plein jour,Hors agglomération,Hors intersection,Normale,Trois véhicules et plus - en chaîne,,,,,,,,,,,1,1,1,1.0,4
201300021062,0013-09-14 13:50:00,13,9,14,13,50,260,281,26281,45.0422,5.0499,Plein jour,En agglomération,Hors intersection,Normale,Deux véhicules - côté,,,,,,,,,,,1,2,1,1.0,3
201300021063,0013-09-24 08:17:00,13,9,24,8,17,260,281,26281,45.0458,5.0554,Plein jour,En agglomération,Giratoire,Normale,Autre collision,,,,,,,,,,,1,2,6,1.0,6
201300021064,0013-09-24 21:10:00,13,9,24,21,10,260,281,26281,45.0471,5.0708,Nuit avec éclairage allumé,En agglomération,Giratoire,Normale,Deux véhicules - arrière,,,,,,,,,,,5,2,6,1.0,2
201300021065,0013-09-24 19:10:00,13,9,24,19,10,260,281,26281,45.0402,5.0343,Crépuscule ou aube,En agglomération,Hors intersection,Normale,Autre collision,,,,,,,,,,,2,2,1,1.0,6
201300021066,0013-09-28 11:45:00,13,9,28,11,45,260,281,26281,,,Plein jour,Hors agglomération,Hors intersection,Normale,Deux véhicules - arrière,,,,,,,,,,,1,1,1,1.0,2
201300021067,0013-10-01 16:50:00,13,10,1,16,50,260,281,26281,45.0468,5.0469,Plein jour,En agglomération,Hors intersection,Normale,Sans collision,,,,,,,,,,,1,2,1,1.0,7
201300021068,0013-10-02 13:05:00,13,10,2,13,5,260,57,26057,,,Plein jour,Hors agglomération,Intersection en X,Normale,Deux véhicules - arrière,,,,,,,,,,,1,1,2,1.0,2
201300021069,0013-10-15 08:20:00,13,10,15,8,20,260,57,RD 538,,,Plein jour,En agglomération,Giratoire,Pluie légère,Deux véhicules - côté,,,,,,,,,,,1,2,6,2.0,3
201300021070,0013-10-16 18:45:00,13,10,16,18,45,260,281,26281,45.0468,5.0489,Plein jour,En agglomération,Hors intersection,Normale,Sans collision,,,,,,,,,,,1,2,1,1.0,7
201300021071,0013-10-17 17:15:00,13,10,17,17,15,260,281,26281,,,Plein jour,En agglomération,Hors intersection,Normale,Deux véhicules - côté,,,,,,,,,,,1,2,1,1.0,3
201300021072,0013-10-21 19:55:00,13,10,21,19,55,260,281,26281,45.0468,5.0731,Nuit avec éclairage allumé,En agglomération,Hors intersection,Normale,Deux véhicules - frontale,,,,,,,,,,,5,2,1,1.0,1
201300021073,0013-10-22 12:39:00,13,10,22,12,39,260,281,26281,45.0412,5.081,Plein jour,En agglomération,Hors intersection,Normale,Deux véhicules - frontale,,,,,,,,,,,1,2,1,1.0,1
201300021074,0013-10-22 16:50:00,13,10,22,16,50,260,281,RN 92,,,Plein jour,En agglomération,Intersection en X,Normale,Deux véhicules - côté,,,,,,,,,,,1,2,2,1.0,3
201300021075,0013-10-24 13:45:00,13,10,24,13,45,260,281,26281,45.0459,5.0518,Plein jour,En agglomération,Intersection en X,Normale,Deux véhicules - côté,,,,,,,,,,,1,2,2,1.0,3
201300021076,0013-10-27 19:45:00,13,10,27,19,45,260,281,26281,45.0458,5.0499,Nuit avec éclairage allumé,En agglomération,Intersection en T,Normale,Deux véhicules - côté,,,,,,,,,,,5,2,3,1.0,3
201300021077,0013-10-29 17:00:00,13,10,29,17,0,260,281,26281,45.0511,5.0692,Plein jour,En agglomération,Hors intersection,Normale,Autre collision,,,,,,,,,,,1,2,1,1.0,6
201300021078,0013-11-03 09:00:00,13,11,3,9,0,260,281,BOULEVARD ROURE REMY,45.0502,5.047,Plein jour,En agglomération,Giratoire,Pluie légère,Deux véhicules - côté,,,,,,,,,,,1,2,6,2.0,3
201300021079,0013-11-05 18:20:00,13,11,5,18,20,260,281,RUE FOLLEREAU RAOUL,45.0577,5.0579,Nuit avec éclairage non allumé,En agglomération,Intersection en T,Pluie légère,Deux véhicules - côté,,,,,,,,,,,4,2,3,2.0,3
201300021080,0013-11-06 17:27:00,13,11,6,17,27,260,281,BD PIERRE MENDES FRANCE,,,Crépuscule ou aube,En agglomération,Hors intersection,Normale,Trois véhicules et plus - en chaîne,,,,,,,,,,,2,2,1,1.0,4
201300021081,0013-11-09 16:00:00,13,11,9,16,0,260,281,BOULEVARD ROURE REMY,45.0502,5.0467,Plein jour,Hors agglomération,Giratoire,Normale,Sans collision,,,,,,,,,,,1,1,6,1.0,7
201300021082,0013-11-16 19:20:00,13,11,16,19,20,260,281,RUE  PALESTRO,45.0465,5.0505,Nuit avec éclairage allumé,En agglomération,Intersection en X,Normale,Deux véhicules - côté,,,,,,,,,,,5,2,2,1.0,3
201300021083,0013-11-19 17:09:00,13,11,19,17,9,260,281,BOULEVARD LIBERATION,45.073,5.0471,Crépuscule ou aube,Hors agglomération,Hors intersection,Pluie légère,Autre collision,,,,,,,,,,,2,1,1,2.0,6
201300021084,0013-11-27 11:50:00,13,11,27,11,50,260,281,BD LAPASSAT  ETIENNE JEA,,,Plein jour,Hors agglomération,Hors intersection,Normale,Deux véhicules - côté,,,,,,,,,,,1,1,1,1.0,3
201300021085,0013-11-27 19:30:00,13,11,27,19,30,260,281,PLACE  MASSENET,45.0421,5.0562,Nuit avec éclairage allumé,En agglomération,Giratoire,Normale,Deux véhicules - arrière,,,,,,,,,,,5,2,6,1.0,2
201300021086,0013-12-03 21:43:00,13,12,3,21,43,260,57,RUE DU DOCTEUR EYNARD,45.0407,5.0502,Nuit avec éclairage allumé,En agglomération,Hors intersection,Normale,Autre collision,,,,,,,,,,,5,2,1,1.0,6
201300021087,0013-12-05 16:55:00,13,12,5,16,55,260,57,VALLON ANTONIN,45.0407,5.052,Crépuscule ou aube,En agglomération,Intersection en T,Normale,Autre collision,,,,,,,,,,,2,2,3,1.0,6
201300021088,0013-12-09 18:00:00,13,12,9,18,0,260,281,BD PIERRE MENDES FRANCE,,,Nuit sans éclairage public,Hors agglomération,Giratoire,Normale,Sans collision,,,,,,,,,,,3,1,6,1.0,7
201300021089,0013-12-20 07:29:00,13,12,20,7,29,260,281,AVENUE MARIUS MOUTET,45.0535,5.0554,Crépuscule ou aube,En agglomération,Intersection en T,Pluie légère,Sans collision,,,,,,,,,,,2,2,3,2.0,7
201300021090,0013-12-21 08:45:00,13,12,21,8,45,260,57,GRAND RUE JEAN JAURES,45.0353,5.0463,Plein jour,En agglomération,Intersection en X,Normale,Autre collision,,,,,,,,,,,1,2,2,1.0,6
201300021091,0013-12-24 19:25:00,13,12,24,19,25,260,281,RUE JEANNE D'ARC,45.0499,5.0399,Nuit avec éclairage allumé,En agglomération,Intersection en X,Normale,Autre collision,,,,,,,,,,,5,2,2,1.0,6
201300021092,0013-12-29 17:30:00,13,12,29,17,30,260,57,BD ALPES PROVENCE,,,Nuit avec éclairage allumé,En agglomération,Intersection en X,Normale,Deux véhicules - côté,,,,,,,,,,,5,2,2,1.0,3
201300021093,0013-12-30 09:55:00,13,12,30,9,55,260,57,ALLEE DU DAUPHINE,45.0175,5.0357,Plein jour,Hors agglomération,Hors intersection,Normale,Autre collision,,,,,,,,,,,1,1,1,1.0,6
201300021094,0013-12-30 12:22:00,13,12,30,12,22,260,57,177 GRAND RUE JEAN JAURE,45.0353,5.0463,Plein jour,En agglomération,Intersection en X,Normale,Deux véhicules - côté,,,,,,,,,,,1,2,2,1.0,3
201300021095,0013-01-01 16:00:00,13,1,1,16,0,260,362,122 AVENUE VICTOR HUGO,44.9248,4.8881,Plein jour,En agglomération,Hors intersection,Normale,Sans collision,,,,,,,,,,,1,2,1,1.0,7
201300021096,0013-01-05 22:15:00,13,1,5,22,15,260,58,L.A.C.R.A RN7,,,Nuit avec éclairage non allumé,Hors agglomération,Hors intersection,Normale,Autre collision,,,,,,,,,,,4,1,1,1.0,6
201300021097,0013-01-11 17:10:00,13,1,11,17,10,260,362,"07 BIS, RUE SEVIGNE",44.9296,4.8945,Crépuscule ou aube,En agglomération,Hors intersection,Normale,Autre collision,,,,,,,,,,,2,2,1,1.0,6
201300021098,0013-01-23 11:20:00,13,1,23,11,20,260,58,RUE DU PORT,44.9378,4.8913,Plein jour,En agglomération,Intersection en X,Normale,Deux véhicules - côté,,,,,,,,,,,1,2,2,1.0,3
201300021099,0013-01-28 17:00:00,13,1,28,17,0,260,58,RUE DU PORT,44.9378,4.8913,Crépuscule ou aube,En agglomération,Intersection en X,Normale,Deux véhicules - côté,,,,,,,,,,,2,2,2,1.0,3
201300021100,0013-01-28 18:05:00,13,1,28,18,5,260,362,BOULEVARD ROOSEVELT,44.9178,4.9131,Nuit avec éclairage allumé,Hors agglomération,Hors intersection,Normale,Autre collision,,,,,,,,,,,5,1,1,1.0,6
201300021101,0013-02-08 13:10:00,13,2,8,13,10,260,362,RUE DENIS PAPIN,44.9254,4.8916,Plein jour,En agglomération,Hors intersection,Normale,Autre collision,,,,,,,,,,,1,2,1,1.0,6
201300021102,0013-02-07 07:00:00,13,2,7,7,0,260,362,RUE DE LA FORET,44.9155,4.9312,Nuit sans éclairage public,En agglomération,Intersection en T,Pluie légère,Autre collision,,,,,,,,,,,3,2,3,2.0,6
201300021103,0013-02-06 20:35:00,13,2,6,20,35,260,362,ROUTE DE MONTELIER,44.9377,4.9238,Nuit avec éclairage non allumé,En agglomération,Hors intersection,Normale,Sans collision,,,,,,,,,,,4,2,1,1.0,7
201300021104,0013-02-15 17:28:00,13,2,15,17,28,260,252,AVENUE DU PORT,,,Plein jour,En agglomération,Intersection en X,Normale,Deux véhicules - côté,,,,,,,,,,,1,2,2,1.0,3
201300021105,0013-02-23 14:56:00,13,2,23,14,56,260,362,BOULEVARD MAURICE CLERC,44.909,4.8947,Plein jour,En agglomération,Hors intersection,Normale,Sans collision,,,,,,,,,,,1,2,1,1.0,7
201300021106,0013-02-24 22:00:00,13,2,24,22,0,260,58,17 AVENUE URTIN MARC,44.9445,4.8941,Nuit avec éclairage allumé,En agglomération,Hors intersection,Pluie légère,Sans collision,,,,,,,,,,,5,2,1,2.0,7
201300021107,0013-03-03 04:30:00,13,3,3,4,30,260,362,L.A.C.R.A. RN 532,,,Nuit avec éclairage non allumé,Hors agglomération,Hors intersection,Normale,Sans collision,,,,,,,,,,,4,1,1,1.0,7
201300021108,0013-03-08 18:20:00,13,3,8,18,20,260,362,26362,,,Plein jour,Hors agglomération,Giratoire,Normale,Deux véhicules - arrière,,,,,,,,,,,1,1,6,1.0,2
201300021109,0013-03-13 16:45:00,13,3,13,16,45,260,362,ROUTE DE ROMANS,44.9441,4.9205,Plein jour,En agglomération,Hors intersection,Normale,Autre collision,,,,,,,,,,,1,2,1,1.0,6
201300021110,0013-03-15 15:30:00,13,3,15,15,30,260,362,BOULEVARD MARECHAL JUIN,44.912,4.9078,Plein jour,En agglomération,Hors intersection,Normale,Trois véhicules et plus - en chaîne,,,,,,,,,,,1,2,1,1.0,4
201300021111,0013-03-19 14:50:00,13,3,19,14,50,260,362,AVENUE DE PROVENCE,,,Plein jour,En agglomération,Intersection en X,Normale,Deux véhicules - côté,,,,,,,,,,,1,2,2,1.0,3