accident_id,datetime,annee,mois,jour,heure,minute,departement,commune_insee,adresse,latitude,longitude,luminosite,agglomeration,intersection,meteo,collision,nb_vehicules,nb_usagers,nb_indemnes,nb_tues,nb_blesses_hosp,nb_blesses_legers,age_cond_1,age_cond_2,veh_type_cond_1,veh_type_cond_2,lum_code,agg_code,int_code,atm_code,col_code
201300021112,0013-03-23 18:10:00,13,3,23,18,10,260,252,AVENUE SALVADOR ALLENDE,,,Plein jour,En agglomération,Hors intersection,Normale,Autre collision,,,,,,,,,,,1,2,1,1.0,6
201300021113,0013-03-26 23:10:00,13,3,26,23,10,260,58,RUE DE L ILE ADAM,44.9478,4.8956,Nuit avec éclairage allumé,En agglomération,Intersection en X,Normale,Deux véhicules - côté,,,,,,,,,,,5,2,2,1.0,3
201300021114,0013-03-28 14:55:00,13,3,28,14,55,260,362,BOULEVARD ROOSEVELT,44.9162,4.9113,Plein jour,En agglomération,Intersection en X,Normale,Autre collision,,,,,,,,,,,1,2,2,1.0,6
201300021115,0013-04-08 10:56:00,13,4,8,10,56,260,362,269 AVENUE DE ROMANS,44.9371,4.9119,Crépuscule ou aube,En agglomération,Hors intersection,Pluie légère,Deux véhicules - côté,,,,,,,,,,,2,2,1,2.0,3
201300021116,0013-04-11 16:14:00,13,4,11,16,14,260,362,PLACE DE LA REPUBLIQUE,44.9304,4.8912,Plein jour,En agglomération,Hors intersection,Normale,Autre collision,,,,,,,,,,,1,2,1,1.0,6
201300021117,0013-04-10 18:10:00,13,4,10,18,10,260,58,ROUTE LA ROCHE DE GLUN,44.9739,4.9055,Plein jour,Hors agglomération,Intersection en X,Normale,Deux véhicules - côté,,,,,,,,,,,1,1,2,1.0,3
201300021118,0013-04-10 18:15:00,13,4,10,18,15,260,4,RN 532,,,Plein jour,Hors agglomération,Hors intersection,Normale,Trois véhicules et plus - collisions multiples,,,,,,,,,,,1,1,1,1.0,5
201300021119,0013-04-12 12:55:00,13,4,12,12,55,260,362,AV DOCTEUR PAUL SANTY,44.9148,4.9079,Plein jour,En agglomération,Hors intersection,Normale,Deux véhicules - côté,,,,,,,,,,,1,2,1,1.0,3
201300021120,0013-04-13 15:54:00,13,4,13,15,54,260,58,L.A.C.R.A RN7 BLV,,,Plein jour,Hors agglomération,Hors intersection,Normale,Autre collision,,,,,,,,,,,1,1,1,1.0,6
201300021121,0013-04-14 12:55:00,13,4,14,12,55,260,58,AVENUE DE LA RESISTANCE,,,Plein jour,En agglomération,Hors intersection,Normale,Deux véhicules - frontale,,,,,,,,,,,1,2,1,1.0,1
201300021122,0013-04-13 16:06:00,13,4,13,16,6,260,362,78 AVENUE DE ROMANS,44.934,4.9049,Plein jour,En agglomération,Hors intersection,Normale,Deux véhicules - arrière,,,,,,,,,,,1,2,1,1.0,2
201300021123,0013-04-14 16:20:00,13,4,14,16,20,260,252,RD 534 N PONT AUTOROUTE,,,Plein jour,Hors agglomération,Hors intersection,Normale,Sans collision,,,,,,,,,,,1,1,1,1.0,7
201300021124,0013-04-12 17:05:00,13,4,12,17,5,260,362,26362,44.9265,4.8921,Plein jour,En agglomération,Hors intersection,Normale,Autre collision,,,,,,,,,,,1,2,1,1.0,6
201300021125,0013-04-11 08:45:00,13,4,11,8,45,260,362,AVENUE DE VERDUN,44.9393,4.9045,Plein jour,En agglomération,Hors intersection,Normale,Deux véhicules - arrière,,,,,,,,,,,1,2,1,1.0,2
201300021126,0013-04-19 09:00:00,13,4,19,9,0,260,362,RUE DU PONT DU GAT,44.9286,4.895,Plein jour,En agglomération,Intersection en X,Pluie légère,Deux véhicules - côté,,,,,,,,,,,1,2,2,2.0,3
201300021127,0013-04-25 17:50:00,13,4,25,17,50,260,58,CHEMIN DU VALENTIN,44.9466,4.8947,Plein jour,En agglomération,Hors intersection,Normale,Deux véhicules - côté,,,,,,,,,,,1,2,1,1.0,3
201300021128,0013-04-23 14:40:00,13,4,23,14,40,260,58,RUE DU MOULIN D'ALBON,44.951,4.9018,Plein jour,En agglomération,Intersection en X,Normale,Deux véhicules - côté,,,,,,,,,,,1,2,2,1.0,3
201300021129,0013-04-29 15:30:00,13,4,29,15,30,260,362,RUE DES  ALPES,44.9272,4.8998,Plein jour,En agglomération,Intersection en X,Normale,Autre collision,,,,,,,,,,,1,2,2,1.0,6
201300021130,0013-05-03 08:50:00,13,5,3,8,50,260,362,248 AVENUE VICTOR HUGO,44.9185,4.8855,Plein jour,En agglomération,Hors intersection,Normale,Autre collision,,,,,,,,,,,1,2,1,1.0,6
201300021131,0013-05-17 15:00:00,13,5,17,15,0,260,58,MONTEE DU LONG,,,Plein jour,Hors agglomération,Hors intersection,Normale,Deux véhicules - arrière,,,,,,,,,,,1,1,1,1.0,2
201300021132,0013-05-20 14:50:00,13,5,20,14,50,260,362,ROUTE DE  MONTELEGER,,,Plein jour,Hors agglomération,Giratoire,Normale,Deux véhicules - côté,,,,,,,,,,,1,1,6,1.0,3
201300021133,0013-06-01 05:40:00,13,6,1,5,40,260,362,89 AVENUE CARNOT SADI,44.9332,4.8962,Nuit avec éclairage allumé,En agglomération,Hors intersection,Normale,Autre collision,,,,,,,,,,,5,2,1,1.0,6
201300021134,0013-06-01 14:00:00,13,6,1,14,0,260,252,RUE MACE JEAN,44.8681,4.8681,Plein jour,En agglomération,Hors intersection,Normale,Deux véhicules - côté,,,,,,,,,,,1,2,1,1.0,3
201300021135,0013-06-05 18:15:00,13,6,5,18,15,260,362,AVENUE GAMBETTA,44.931,4.886,Plein jour,En agglomération,Hors intersection,Normale,Deux véhicules - côté,,,,,,,,,,,1,2,1,1.0,3
201300021136,0013-06-05 07:30:00,13,6,5,7,30,260,362,AVENUE DE ROMANS,44.9325,4.8986,Plein jour,En agglomération,Giratoire,Normale,Deux véhicules - côté,,,,,,,,,,,1,2,6,1.0,3
201300021137,0013-06-05 08:00:00,13,6,5,8,0,260,362,RUE GAUMONT LEON,44.9274,4.9227,Plein jour,En agglomération,Intersection en X,Normale,Deux véhicules - côté,,,,,,,,,,,1,2,2,1.0,3
201300021138,0013-06-07 18:05:00,13,6,7,18,5,260,58,L.A.C.R.A RN7 BLV,,,Plein jour,Hors agglomération,Hors intersection,Normale,Deux véhicules - arrière,,,,,,,,,,,1,1,1,1.0,2
201300021139,0013-06-11 09:45:00,13,6,11,9,45,260,362,RUE SENEBIER HENRI,44.9159,4.8887,Plein jour,En agglomération,Intersection en T,Normale,Deux véhicules - côté,,,,,,,,,,,1,2,3,1.0,3
201300021140,0013-06-15 07:55:00,13,6,15,7,55,260,362,RUE FABRE JEAN HENRI,44.9204,4.9002,Plein jour,En agglomération,Intersection en X,Normale,Deux véhicules - côté,,,,,,,,,,,1,2,2,1.0,3
201300021141,0013-06-25 16:00:00,13,6,25,16,0,260,362,BD KENNEDY JOHN FITZGERA,44.9397,4.9159,Plein jour,En agglomération,Giratoire,Normale,Autre collision,,,,,,,,,,,1,2,6,1.0,6
201300021142,0013-06-19 22:40:00,13,6,19,22,40,260,362,ROND POINT RHIN DANUBE,44.9244,4.9034,Nuit avec éclairage allumé,En agglomération,Giratoire,Normale,Deux véhicules - côté,,,,,,,,,,,5,2,6,1.0,3
201300021143,0013-06-28 11:40:00,13,6,28,11,40,260,362,RUE CLEMENT ADER,44.9386,4.9218,Plein jour,En agglomération,Hors intersection,Normale,Deux véhicules - côté,,,,,,,,,,,1,2,1,1.0,3
201300021144,0013-07-02 10:00:00,13,7,2,10,0,260,58,L.A.C.R.A RN7 BLV,,,Plein jour,Hors agglomération,Hors intersection,Normale,Deux véhicules - arrière,,,,,,,,,,,1,1,1,1.0,2
201300021145,0013-07-09 14:30:00,13,7,9,14,30,260,362,AVENUE DE PROVENCE,44.9291,4.8829,Plein jour,En agglomération,Hors intersection,Normale,Deux véhicules - arrière,,,,,,,,,,,1,2,1,1.0,2
201300021146,0013-07-10 18:55:00,13,7,10,18,55,260,252,RN7 DEV PORTES LES VALEN,,,Plein jour,Hors agglomération,Hors intersection,Normale,Deux véhicules - côté,,,,,,,,,,,1,1,1,1.0,3
201300021147,0013-07-14 00:50:00,13,7,14,0,50,260,362,ROUTE DE BEAUVALLON,,,Nuit sans éclairage public,En agglomération,Hors intersection,Normale,Sans collision,,,,,,,,,,,3,2,1,1.0,7
201300021148,0013-07-15 10:35:00,13,7,15,10,35,260,362,RUE CHRISTOPHE COLOMB,44.9246,4.8955,Plein jour,En agglomération,Intersection en X,Normale,Deux véhicules - côté,,,,,,,,,,,1,2,2,1.0,3
201300021149,0013-07-12 23:40:00,13,7,12,23,40,260,362,L.A.C.R.A. RN532,,,Nuit sans éclairage public,Hors agglomération,Hors intersection,Normale,Sans collision,,,,,,,,,,,3,1,1,1.0,7
201300021150,0013-07-16 16:05:00,13,7,16,16,5,260,362,RUE EIFFEL GUSTAVE,44.9233,4.9242,Plein jour,En agglomération,Intersection en X,Normale,Deux véhicules - côté,,,,,,,,,,,1,2,2,1.0,3
201300021151,0013-07-20 11:16:00,13,7,20,11,16,260,58,L.A.C.R.A RN7 BLV,,,Plein jour,Hors agglomération,Hors intersection,Normale,Deux véhicules - arrière,,,,,,,,,,,1,1,1,1.0,2
201300021152,0013-07-25 13:30:00,13,7,25,13,30,260,362,ROUTE DE ROMANS,44.942,4.9177,Plein jour,En agglomération,Hors intersection,Normale,Deux véhicules - côté,,,,,,,,,,,1,2,1,1.0,3
201300021153,0013-07-27 23:20:00,13,7,27,23,20,260,362,AVENUE CARNOT  SADI,44.9329,4.896,Nuit avec éclairage allumé,En agglomération,Hors intersection,Normale,Autre collision,,,,,,,,,,,5,2,1,1.0,6
201300021154,0013-07-30 23:10:00,13,7,30,23,10,260,58,26058,,,Nuit sans éclairage public,Hors agglomération,Hors intersection,Normale,Deux véhicules - frontale,,,,,,,,,,,3,1,1,1.0,1
201300021155,0013-07-26 19:50:00,13,7,26,19,50,260,362,AVENUE DE CHABEUIL,44.9271,4.9155,Plein jour,En agglomération,Hors intersection,Normale,Deux véhicules - côté,,,,,,,,,,,1,2,1,1.0,3
201300021156,0013-08-05 11:20:00,13,8,5,11,20,260,252,26252,,,Plein jour,Hors agglomération,Intersection en X,Normale,Deux véhicules - côté,,,,,,,,,,,1,1,2,1.0,3
201300021157,0013-08-06 16:45:00,13,8,6,16,45,260,362,26362,44.9254,4.8969,Plein jour,En agglomération,Hors intersection,Normale,Deux véhicules - côté,,,,,,,,,,,1,2,1,1.0,3
201300021158,0013-08-18 13:00:00,13,8,18,13,0,260,362,26362,44.9194,4.9078,Plein jour,En agglomération,Hors intersection,Normale,Deux véhicules - frontale,,,,,,,,,,,1,2,1,1.0,1
201300021159,0013-08-22 12:55:00,13,8,22,12,55,260,362,26362,44.9212,4.9083,Plein jour,En agglomération,Intersection en T,Normale,Deux véhicules - côté,,,,,,,,,,,1,2,3,1.0,3
201300021160,0013-08-26 19:20:00,13,8,26,19,20,260,362,26362,44.9323,4.8954,Plein jour,En agglomération,Hors intersection,Normale,Autre collision,,,,,,,,,,,1,2,1,1.0,6
201300021161,0013-08-01 15:55:00,13,8,1,15,55,260,252,DEVIATION,,,Plein jour,Hors agglomération,Hors intersection,Normale,Trois véhicules et plus - en chaîne,,,,,,,,,,,1,1,1,1.0,4
201300021162,0013-08-29 20:50:00,13,8,29,20,50,260,252,ROUTE BEAUVALLON,,,Nuit sans éclairage public,Hors agglomération,Hors intersection,Normale,Sans collision,,,,,,,,,,,3,1,1,1.0,7
201300021163,0013-09-04 09:45:00,13,9,4,9,45,260,58,26058,44.9492,4.8982,Plein jour,En agglomération,Hors intersection,Normale,Deux véhicules - côté,,,,,,,,,,,1,2,1,1.0,3
201300021164,0013-09-04 13:50:00,13,9,4,13,50,260,362,26362,44.9276,4.9276,Plein jour,En agglomération,Intersection en T,Normale,Deux véhicules - côté,,,,,,,,,,,1,2,3,1.0,3
201300021165,0013-09-06 10:20:00,13,9,6,10,20,260,362,26362,44.9451,4.9223,Plein jour,En agglomération,Hors intersection,Normale,Autre collision,,,,,,,,,,,1,2,1,1.0,6
201300021166,0013-09-10 08:55:00,13,9,10,8,55,260,362,26362,44.9421,4.9179,Plein jour,En agglomération,Hors intersection,Normale,Autre collision,,,,,,,,,,,1,2,1,1.0,6
201300021167,0013-09-10 07:35:00,13,9,10,7,35,260,362,26362,44.9304,4.8946,Plein jour,En agglomération,Hors intersection,Normale,Autre collision,,,,,,,,,,,1,2,1,1.0,6
201300021168,0013-09-12 07:40:00,13,9,12,7,40,260,362,26362,44.9342,4.9055,Plein jour,En agglomération,Hors intersection,Normale,Autre collision,,,,,,,,,,,1,2,1,1.0,6
201300021169,0013-09-16 19:00:00,13,9,16,19,0,260,362,26362,44.9325,4.9211,Plein jour,En agglomération,Hors intersection,Normale,Autre collision,,,,,,,,,,,1,2,1,1.0,6
201300021170,0013-09-17 18:50:00,13,9,17,18,50,260,362,26362,44.92701,4.9009,Plein jour,En agglomération,Hors intersection,Normale,Deux véhicules - arrière,,,,,,,,,,,1,2,1,1.0,2
201300021171,0013-09-19 18:55:00,13,9,19,18,55,260,362,26362,,,Plein jour,Hors agglomération,Intersection en T,Normale,Deux véhicules - côté,,,,,,,,,,,1,1,3,1.0,3
201300021172,0013-09-22 19:05:00,13,9,22,19,5,260,362,26362,44.9321,4.8955,Plein jour,En agglomération,Hors intersection,Normale,Autre collision,,,,,,,,,,,1,2,1,1.0,6
201300021173,0013-09-26 21:25:00,13,9,26,21,25,260,362,26362,44.9301,4.8975,Nuit avec éclairage allumé,En agglomération,Intersection en X,Normale,Deux véhicules - côté,,,,,,,,,,,5,2,2,1.0,3
201300021174,0013-09-30 07:35:00,13,9,30,7,35,260,58,26058,,,Nuit avec éclairage allumé,En agglomération,Giratoire,Normale,Deux véhicules - côté,,,,,,,,,,,5,2,6,1.0,3
201300021175,0013-10-01 14:41:00,13,10,1,14,41,260,362,BOULEVARD ROOSEVELT,44.9168,4.9121,Plein jour,En agglomération,Hors intersection,Normale,Autre collision,,,,,,,,,,,1,2,1,1.0,6
201300021176,0013-10-03 07:00:00,13,10,3,7,0,260,58,ROUTE DE PONT D ISERE,,,Nuit avec éclairage allumé,Hors agglomération,Intersection en X,Normale,Deux véhicules - côté,,,,,,,,,,,5,1,2,1.0,3
201300021177,0013-10-04 22:30:00,13,10,4,22,30,260,362,ROUTE DE  BEAUVALLON,,,Nuit sans éclairage public,En agglomération,Hors intersection,Pluie forte,Autre collision,,,,,,,,,,,3,2,1,3.0,6
201300021178,0013-10-05 13:25:00,13,10,5,13,25,260,362,10 RUE JEAN VILAR,44.94483,4.90769,Plein jour,En agglomération,Hors intersection,Pluie légère,Deux véhicules - frontale,,,,,,,,,,,1,2,1,2.0,1
201300021179,0013-10-05 17:20:00,13,10,5,17,20,260,362,138 AVENUE DE  PROVENCE,,,Plein jour,En agglomération,Hors intersection,Normale,Trois véhicules et plus - en chaîne,,,,,,,,,,,1,2,1,1.0,4
201300021180,0013-10-11 21:00:00,13,10,11,21,0,260,58,AVENUE DE LA RESISTANCE,,,Nuit avec éclairage allumé,En agglomération,Hors intersection,Pluie légère,Deux véhicules - arrière,,,,,,,,,,,5,2,1,2.0,2
201300021181,0013-10-08 07:50:00,13,10,8,7,50,260,362,162 AVENUE DE  PROVENCE,44.91973,4.87801,Plein jour,En agglomération,Hors intersection,Normale,Autre collision,,,,,,,,,,,1,2,1,1.0,6
201300021182,0013-10-14 16:00:00,13,10,14,16,0,260,362,AVENUE DE LA COMETE,44.9289,4.8836,Plein jour,En agglomération,Hors intersection,Normale,Autre collision,,,,,,,,,,,1,2,1,1.0,6
201300021183,0013-10-21 17:17:00,13,10,21,17,17,260,362,19 RUE DE  CHATEAUVERT,44.92675,4.89709,Plein jour,En agglomération,Hors intersection,Normale,Autre collision,,,,,,,,,,,1,2,1,1.0,6
201300021184,0013-10-17 20:10:00,13,10,17,20,10,260,58,RTE DE LA ROCHE DE GLUN,,,Nuit sans éclairage public,Hors agglomération,Hors intersection,Normale,Autre collision,,,,,,,,,,,3,1,1,1.0,6
201300021185,0013-10-18 09:05:00,13,10,18,9,5,260,362,ROUTE DE FAUCONNIERES,44.9463,4.9581,Plein jour,Hors agglomération,Intersection en T,Normale,Deux véhicules - côté,,,,,,,,,,,1,1,3,1.0,3
201300021186,0013-10-23 13:15:00,13,10,23,13,15,260,362,L.A.C.R.A. RN532,,,Plein jour,Hors agglomération,Hors intersection,Pluie forte,Sans collision,,,,,,,,,,,1,1,1,3.0,7
201300021187,0013-10-31 19:50:00,13,10,31,19,50,260,58,RD 2007 N,,,Nuit sans éclairage public,En agglomération,Hors intersection,Normale,Deux véhicules - frontale,,,,,,,,,,,3,2,1,1.0,1
201300021188,0013-11-02 23:30:00,13,11,2,23,30,260,362,L.A.C.R.A. RN7,,,Nuit sans éclairage public,Hors agglomération,Hors intersection,Pluie légère,Sans collision,,,,,,,,,,,3,1,1,2.0,7
201300021189,0013-11-04 08:34:00,13,11,4,8,34,260,58,85 RUE JEAN BART,44.9509,4.8877,Plein jour,En agglomération,Hors intersection,Pluie légère,Autre collision,,,,,,,,,,,1,2,1,2.0,6
201300021190,0013-11-16 23:30:00,13,11,16,23,30,260,362,RUE DES FRER MONTGOLFIER,44.92008,4.90276,Nuit avec éclairage allumé,En agglomération,Hors intersection,Normale,Sans collision,,,,,,,,,,,5,2,1,1.0,7
201300021191,0013-11-19 16:42:00,13,11,19,16,42,260,362,85 AVENUE DES BAUMES,44.91628,4.8907,Crépuscule ou aube,En agglomération,Hors intersection,Pluie légère,Autre collision,,,,,,,,,,,2,2,1,2.0,6
201300021192,0013-11-26 11:10:00,13,11,26,11,10,260,362,ROUTE DE ROMANS,44.9421,4.9179,Plein jour,En agglomération,Hors intersection,Normale,Autre collision,,,,,,,,,,,1,2,1,1.0,6
201300021193,0013-12-03 13:35:00,13,12,3,13,35,260,58,RUE FERRY JULES,44.9501,4.9037,Plein jour,En agglomération,Hors intersection,Normale,Autre collision,,,,,,,,,,,1,2,1,1.0,6
201300021194,0013-12-05 16:25:00,13,12,5,16,25,260,362,244 CHEMIN PAILLASSIER,44.8947,4.9057,Plein jour,Hors agglomération,Hors intersection,Normale,Deux véhicules - frontale,,,,,,,,,,,1,1,1,1.0,1
201300021195,0013-12-09 06:50:00,13,12,9,6,50,260,362,AVENUE DE ROMANS,44.9325,4.8986,Nuit avec éclairage allumé,En agglomération,Giratoire,Normale,Autre collision,,,,,,,,,,,5,2,6,1.0,6
201300021196,0013-12-20 09:45:00,13,12,20,9,45,260,58,LACRA RN7,,,Plein jour,Hors agglomération,Hors intersection,Normale,Deux véhicules - arrière,,,,,,,,,,,1,1,1,1.0,2
201300021197,0013-12-20 09:50:00,13,12,20,9,50,260,362,ROUTE DE ROMANS,44.9521,4.9298,Plein jour,Hors agglomération,Hors intersection,Normale,Autre collision,,,,,,,,,,,1,1,1,1.0,6
201300021198,0013-02-15 16:30:00,13,2,15,16,30,840,27,CD 17,,,Plein jour,En agglomération,Hors intersection,Normale,Autre collision,,,,,,,,,,,1,2,1,1.0,6
201300021199,0013-02-23 23:00:00,13,2,23,23,0,840,27,,44.109,4.731,Nuit sans éclairage public,Hors agglomération,Hors intersection,Normale,Autre collision,,,,,,,,,,,3,1,1,1.0,6
201300021200,0013-04-21 20:30:00,13,4,21,20,30,840,39,,44.093,4.875,Crépuscule ou aube,Hors agglomération,Hors intersection,Normale,Autre collision,,,,,,,,,,,2,1,1,1.0,6
201300021201,0013-08-07 08:00:00,13,8,7,8,0,840,39,,,,Nuit sans éclairage public,Hors agglomération,Hors intersection,Normale,Deux véhicules - arrière,,,,,,,,,,,3,1,1,1.0,2
201300021202,0013-08-22 19:30:00,13,8,22,19,30,840,27,,44.119,4.769,Plein jour,Hors agglomération,Hors intersection,Normale,Sans collision,,,,,,,,,,,1,1,1,1.0,7
201300021203,0013-12-24 18:45:00,13,12,24,18,45,840,56,,,,Nuit sans éclairage public,Hors agglomération,Hors intersection,Pluie légère,Deux véhicules - frontale,,,,,,,,,,,3,1,1,2.0,1
201300021204,0013-07-15 16:45:00,13,7,15,16,45,60,33,,,,Plein jour,Hors agglomération,Hors intersection,Normale,Autre collision,,,,,,,,,,,1,1,1,1.0,6
201300021205,0013-09-13 17:30:00,13,9,13,17,30,380,239,,,,Plein jour,Hors agglomération,Hors intersection,Normale,Autre collision,,,,,,,,,,,1,1,1,1.0,6
201300021206,0013-09-26 20:45:00,13,9,26,20,45,380,30,,45.3532,5.4542,Nuit sans éclairage public,Hors agglomération,Hors intersection,Normale,Trois véhicules et plus - collisions multiples,,,,,,,,,,,3,1,1,1.0,5
201300021207,0013-10-12 00:45:00,13,10,12,0,45,380,383,,45.3711,5.64231,Nuit sans éclairage public,Hors agglomération,Hors intersection,Normale,Deux véhicules - frontale,,,,,,,,,,,3,1,1,1.0,1
201300021208,0013-10-28 22:15:00,13,10,28,22,15,380,30,,,,Nuit sans éclairage public,Hors agglomération,Hors intersection,Pluie légère,Autre collision,,,,,,,,,,,3,1,1,2.0,6
201300021209,0013-02-03 07:30:00,13,2,3,7,30,380,105,D1075/D82,45.4283,5.56371,Crépuscule ou aube,Hors agglomération,Intersection en Y,Normale,Autre collision,,,,,,,,,,,2,1,4,1.0,6
201300021210,0013-03-08 17:00:00,13,3,8,17,0,380,84,,,,Plein jour,Hors agglomération,Hors intersection,Brouillard / fumée,Trois véhicules et plus - collisions multiples,,,,,,,,,,,1,1,1,5.0,5
201300021211,0013-03-17 17:30:00,13,3,17,17,30,380,105,,45.42025,5.55247,Plein jour,Hors agglomération,Hors intersection,Normale,Autre collision,,,,,,,,,,,1,1,1,1.0,6
201300021212,0013-05-04 17:45:00,13,5,4,17,45,380,239,rue eldo erianni?,,,Plein jour,En agglomération,Intersection en X,Normale,Deux véhicules - côté,,,,,,,,,,,1,2,2,1.0,3
201300021213,0013-05-27 20:00:00,13,5,27,20,0,380,383,164 ROUTE DE VOIRON,45.3767,5.64529,Plein jour,En agglomération,Hors intersection,Normale,Autre collision,,,,,,,,,,,1,2,1,1.0,6
201300021214,0013-06-06 10:00:00,13,6,6,10,0,380,133,,,,Plein jour,Hors agglomération,Hors intersection,Normale,Autre collision,,,,,,,,,,,1,1,1,1.0,6
201300021215,0013-07-07 07:15:00,13,7,7,7,15,380,432,,,,Plein jour,Hors agglomération,Hors intersection,Normale,Deux véhicules - arrière,,,,,,,,,,,1,1,1,1.0,2
201300021216,0013-09-12 03:30:00,13,9,12,3,30,380,239,,,,Nuit avec éclairage non allumé,Hors agglomération,Hors intersection,Normale,Autre collision,,,,,,,,,,,4,1,1,1.0,6
201300021217,0013-09-13 13:15:00,13,9,13,13,15,380,194,RD PT DE L'EUROPE,45.3651,5.42028,Plein jour,Hors agglomération,Giratoire,Normale,Autre collision,,,,,,,,,,,1,1,6,1.0,6
201300021218,0013-09-15 12:00:00,13,9,15,12,0,380,332,,,,Plein jour,Hors agglomération,Hors intersection,Pluie légère,Sans collision,,,,,,,,,,,1,1,1,2.0,7
201300021219,0013-10-15 15:00:00,13,10,15,15,0,380,239,,,,Nuit sans éclairage public,Hors agglomération,Hors intersection,Autre,Autre collision,,,,,,,,,,,3,1,1,9.0,6
201300021220,0013-10-26 05:00:00,13,10,26,5,0,380,383,,,,Nuit avec éclairage allumé,Hors agglomération,Hors intersection,Normale,Deux véhicules - côté,,,,,,,,,,,5,1,1,1.0,3
201300021221,0013-10-30 19:30:00,13,10,30,19,30,380,239,,,,Nuit sans éclairage public,Hors agglomération,Hors intersection,Normale,Deux véhicules - frontale,,,,,,,,,,,3,1,1,1.0,1
201300021222,0013-11-14 18:00:00,13,11,14,18,0,380,30,,,,Nuit sans éclairage public,Hors agglomération,Hors intersection,Pluie forte,Trois véhicules et plus - collisions multiples,,,,,,,,,,,3,1,1,3.0,5
201300021223,0013-11-27 06:30:00,13,11,27,6,30,380,337,,45.3466,5.49437,Crépuscule ou aube,Hors agglomération,Intersection en Y,Normale,Deux véhicules - frontale,,,,,,,,,,,2,1,4,1.0,1
201300021224,0013-07-21 23:15:00,13,7,21,23,15,690,283,Rue Jean JAURES,,,Nuit avec éclairage allumé,En agglomération,Intersection en X,Normale,Trois véhicules et plus - collisions multiples,,,,,,,,,,,5,2,2,1.0,5
201300021225,0013-09-28 07:15:00,13,9,28,7,15,690,283,,,,Nuit avec éclairage allumé,Hors agglomération,Hors intersection,Normale,Deux véhicules - frontale,,,,,,,,,,,5,1,1,1.0,1
201300021226,0013-11-10 17:15:00,13,11,10,17,15,690,283,,45.641,4.956,Crépuscule ou aube,Hors agglomération,Hors intersection,Pluie légère,Autre collision,,,,,,,,,,,2,1,1,2.0,6
201300021227,0013-11-28 17:15:00,13,11,28,17,15,690,283,rue du 23 Aout 1944,,,Nuit avec éclairage allumé,En agglomération,Hors intersection,Normale,Autre collision,,,,,,,,,,,5,2,1,1.0,6
201300021228,0013-03-16 18:00:00,13,3,16,18,0,620,203,,50.84622,1.90324,Plein jour,Hors agglomération,Intersection en X,Pluie légère,Deux véhicules - côté,,,,,,,,,,,1,1,2,2.0,3
201300021229,0013-10-18 08:15:00,13,10,18,8,15,620,397,"14, Bd Blanchard",,,Plein jour,En agglomération,Hors intersection,Brouillard / fumée,Deux véhicules - côté,,,,,,,,,,,1,2,1,5.0,3
201300021230,0013-12-11 15:30:00,13,12,11,15,30,620,506,,,,Plein jour,Hors agglomération,Hors intersection,Pluie légère,Deux véhicules - côté,,,,,,,,,,,1,1,1,2.0,3
201300021231,0013-01-19 02:15:00,13,1,19,2,15,410,47,,47.6519,1.3748,Nuit sans éclairage public,Hors agglomération,Hors intersection,Neige / grêle,Autre collision,,,,,,,,,,,3,1,1,4.0,6
201300021232,0013-02-22 19:30:00,13,2,22,19,30,410,136,,47.7209,1.48948,Nuit sans éclairage public,Hors agglomération,Hors intersection,Normale,Sans collision,,,,,,,,,,,3,1,1,1.0,7
201300021233,0013-03-29 18:00:00,13,3,29,18,0,410,252,,47.7127,1.47042,Plein jour,Hors agglomération,Hors intersection,Normale,Deux véhicules - arrière,,,,,,,,,,,1,1,1,1.0,2
201300021234,0013-04-21 05:45:00,13,4,21,5,45,410,206,,47.6425,1.36333,Nuit sans éclairage public,Hors agglomération,Hors intersection,Normale,Deux véhicules - côté,,,,,,,,,,,3,1,1,1.0,3
201300021235,0013-04-29 14:00:00,13,4,29,14,0,410,101,,47.6112,1.1394,Plein jour,Hors agglomération,Hors intersection,Normale,Autre collision,,,,,,,,,,,1,1,1,1.0,6
201300021236,0013-05-24 15:00:00,13,5,24,15,0,410,208,,,,Plein jour,Hors agglomération,Hors intersection,Pluie légère,Deux véhicules - frontale,,,,,,,,,,,1,1,1,2.0,1
201300021237,0013-06-28 09:15:00,13,6,28,9,15,410,223,,47.6168,1.18798,Plein jour,Hors agglomération,Autre intersection,Pluie légère,Trois véhicules et plus - collisions multiples,,,,,,,,,,,1,1,9,2.0,5
201300021238,0013-07-02 21:15:00,13,7,2,21,15,410,245,,47.7518,1.54431,Crépuscule ou aube,Hors agglomération,Hors intersection,Normale,Sans collision,,,,,,,,,,,2,1,1,1.0,7
201300021239,0013-07-08 06:15:00,13,7,8,6,15,410,136,,47.7197,1.48743,Plein jour,Hors agglomération,Hors intersection,Temps éblouissant,Deux véhicules - arrière,,,,,,,,,,,1,1,1,7.0,2
201300021240,0013-07-11 01:30:00,13,7,11,1,30,410,114,,,,Nuit sans éclairage public,Hors agglomération,Hors intersection,Normale,Sans collision,,,,,,,,,,,3,1,1,1.0,7
201300021241,0013-07-22 07:45:00,13,7,22,7,45,410,288,,47.6547,1.3782,Plein jour,Hors agglomération,Hors intersection,Normale,Trois véhicules et plus - en chaîne,,,,,,,,,,,1,1,1,1.0,4