accident_id,datetime,annee,mois,jour,heure,minute,departement,commune_insee,adresse,latitude,longitude,luminosite,agglomeration,intersection,meteo,collision,nb_vehicules,nb_usagers,nb_indemnes,nb_tues,nb_blesses_hosp,nb_blesses_legers,age_cond_1,age_cond_2,veh_type_cond_1,veh_type_cond_2,lum_code,agg_code,int_code,atm_code,col_code
201300021371,0013-01-30 07:30:00,13,1,30,7,30,280,85,FOCH (BOULEVARD DU MAREC,,,Nuit avec éclairage allumé,En agglomération,Hors intersection,Pluie légère,Autre collision,,,,,,,,,,,5,2,1,2.0,6
201300021372,0013-01-30 17:45:00,13,1,30,17,45,280,218,"148, REPUBLIQUE (RUE DE",48.43894,1.45811,Nuit avec éclairage allumé,En agglomération,Hors intersection,Normale,Deux véhicules - côté,,,,,,,,,,,5,2,1,1.0,3
201300021373,0013-02-02 16:10:00,13,2,2,16,10,280,85,"121, BOURGNEUF (RUE DU)",,,Plein jour,En agglomération,Hors intersection,Normale,Trois véhicules et plus - collisions multiples,,,,,,,,,,,1,2,1,1.0,5
201300021374,0013-02-04 18:02:00,13,2,4,18,2,280,85,"sans, VIOLETTE (BOULEVAR",48.44554,1.48357,Crépuscule ou aube,En agglomération,Hors intersection,Normale,Autre collision,,,,,,,,,,,2,2,1,1.0,6
201300021375,0013-02-06 13:15:00,13,2,6,13,15,280,85,"sans, BETHOUARD (AVENUE)",48.45117,1.49215,Plein jour,En agglomération,Intersection en T,Normale,Autre collision,,,,,,,,,,,1,2,3,1.0,6
201300021376,0013-02-05 08:12:00,13,2,5,8,12,280,85,"SANS, PROPYLEES (ZAC DES",48.45363,1.52912,Crépuscule ou aube,Hors agglomération,Hors intersection,Normale,Trois véhicules et plus - collisions multiples,,,,,,,,,,,2,1,1,1.0,5
201300021377,0013-02-08 21:10:00,13,2,8,21,10,280,70,"sans, VAUVENTRIERS (RUE",48.46825,1.51577,Nuit avec éclairage allumé,Hors agglomération,Hors intersection,Temps couvert,Deux véhicules - frontale,,,,,,,,,,,5,1,1,8.0,1
201300021378,0013-02-14 18:55:00,13,2,14,18,55,280,229,"SANS, ACACIAS (AVENUE DE",48.45166,1.46676,Nuit avec éclairage allumé,En agglomération,Intersection en T,Pluie légère,Autre collision,,,,,,,,,,,5,2,3,2.0,6
201300021379,0013-02-14 20:55:00,13,2,14,20,55,280,229,"SANS, COUBERTIN (RUE PIE",48.44702,1.46914,Nuit avec éclairage allumé,En agglomération,Hors intersection,Normale,Sans collision,,,,,,,,,,,5,2,1,1.0,7
201300021380,0013-02-17 13:55:00,13,2,17,13,55,280,218,"14, REPUBLIQUE (RUE DE L",48.44054,1.47025,Plein jour,En agglomération,Hors intersection,Normale,Deux véhicules - côté,,,,,,,,,,,1,2,1,1.0,3
201300021381,0013-02-19 23:00:00,13,2,19,23,0,280,85,"SANS, SOURS (ROND POINT",,,Nuit avec éclairage allumé,En agglomération,Giratoire,Normale,Autre collision,,,,,,,,,,,5,2,6,1.0,6
201300021382,0013-02-21 10:47:00,13,2,21,10,47,280,110,"42, DU GORD",,,Plein jour,En agglomération,Hors intersection,Normale,Deux véhicules - côté,,,,,,,,,,,1,2,1,1.0,3
201300021383,0013-02-27 12:55:00,13,2,27,12,55,280,209,"sans, HAUTS DE FRESNAY (",48.4744,1.46629,Plein jour,En agglomération,Hors intersection,Normale,Deux véhicules - côté,,,,,,,,,,,1,2,1,1.0,3
201300021384,0013-03-05 12:40:00,13,3,5,12,40,280,218,"SANS, LECLERC (RUE DU MA",,,Plein jour,En agglomération,Intersection en X,Normale,Deux véhicules - côté,,,,,,,,,,,1,2,2,1.0,3
201300021385,0013-03-07 08:00:00,13,3,7,8,0,280,85,"sans, NEIGRE (AVENUE)",48.4492,1.49941,Plein jour,En agglomération,Hors intersection,Normale,Deux véhicules - arrière,,,,,,,,,,,1,2,1,1.0,2
201300021386,0013-03-08 08:00:00,13,3,8,8,0,280,85,"SANS, NEIGRE (AVENUE)",,,Plein jour,En agglomération,Hors intersection,Pluie légère,Deux véhicules - arrière,,,,,,,,,,,1,2,1,2.0,2
201300021387,0013-03-09 09:00:00,13,3,9,9,0,280,110,"SANS, DU GORD",48.4256,1.48912,Plein jour,En agglomération,Hors intersection,Normale,Deux véhicules - côté,,,,,,,,,,,1,2,1,1.0,3
201300021388,0013-03-09 19:00:00,13,3,9,19,0,280,220,"46, MAUNOURY (MAURICE)",48.43236,1.47647,Crépuscule ou aube,En agglomération,Hors intersection,Normale,Deux véhicules - côté,,,,,,,,,,,2,2,1,1.0,3
201300021389,0013-03-14 12:20:00,13,3,14,12,20,280,229,"0, R.D.905",48.45403,1.45575,Plein jour,En agglomération,Hors intersection,Normale,Deux véhicules - arrière,,,,,,,,,,,1,2,1,1.0,2
201300021390,0013-03-15 08:25:00,13,3,15,8,25,280,85,"sans, ABLIS (RUE D')",48.44859,1.50146,Plein jour,En agglomération,Hors intersection,Normale,Deux véhicules - arrière,,,,,,,,,,,1,2,1,1.0,2
201300021391,0013-03-19 18:05:00,13,3,19,18,5,280,229,"sans, PHILIPPE (AVENUE G",48.44935,1.45188,Plein jour,En agglomération,Hors intersection,Normale,Deux véhicules - côté,,,,,,,,,,,1,2,1,1.0,3
201300021392,0013-03-22 02:40:00,13,3,22,2,40,280,85,"SANS, HUGO (AVENUE VICTO",48.44567,1.52453,Nuit avec éclairage allumé,En agglomération,Hors intersection,Normale,Deux véhicules - côté,,,,,,,,,,,5,2,1,1.0,3
201300021393,0013-03-22 19:30:00,13,3,22,19,30,280,85,"75, FAUBOURG SAINT JEAN",48.45132,1.478,Nuit avec éclairage allumé,En agglomération,Hors intersection,Normale,Autre collision,,,,,,,,,,,5,2,1,1.0,6
201300021394,0013-03-25 16:50:00,13,3,25,16,50,280,85,"8/10, CHASLES (BOULEVARD",48.44237,1.48811,Plein jour,En agglomération,Hors intersection,Normale,Autre collision,,,,,,,,,,,1,2,1,1.0,6
201300021395,0013-03-25 17:15:00,13,3,25,17,15,280,85,"sans, ROULIERS (RUE DES)",48.44845,1.50256,Plein jour,En agglomération,Hors intersection,Normale,Deux véhicules - arrière,,,,,,,,,,,1,2,1,1.0,2
201300021396,0013-03-26 21:00:00,13,3,26,21,0,280,85,"sans, ORLEANS (AVENUE D'",,,Nuit avec éclairage allumé,En agglomération,Intersection en T,Normale,Deux véhicules - côté,,,,,,,,,,,5,2,3,1.0,3
201300021397,0013-03-27 12:20:00,13,3,27,12,20,280,85,"sans, RD 939",,,Plein jour,En agglomération,Hors intersection,Normale,Deux véhicules - arrière,,,,,,,,,,,1,2,1,1.0,2
201300021398,0013-03-27 14:53:00,13,3,27,14,53,280,220,"sans, L'Orme de Sours (R",48.41926,1.458,Plein jour,En agglomération,Hors intersection,Normale,Deux véhicules - côté,,,,,,,,,,,1,2,1,1.0,3
201300021399,0013-04-01 05:20:00,13,4,1,5,20,280,85,"sans, BOURGNEUF (RUE DU)",,,Nuit avec éclairage allumé,En agglomération,Hors intersection,Normale,Autre collision,,,,,,,,,,,5,2,1,1.0,6
201300021400,0013-04-11 17:00:00,13,4,11,17,0,280,85,"104, BOURGNEUF (RUE DU)",,,Plein jour,En agglomération,Intersection en T,Normale,Deux véhicules - arrière,,,,,,,,,,,1,2,3,1.0,2
201300021401,0013-04-15 19:50:00,13,4,15,19,50,280,85,"23, BOURGNEUF (RUE DU)",,,Plein jour,En agglomération,Hors intersection,Normale,Sans collision,,,,,,,,,,,1,2,1,1.0,7
201300021402,0013-04-11 12:10:00,13,4,11,12,10,280,85,"SANS, SAINT MICHEL (RUE)",48.44344,1.48986,Plein jour,En agglomération,Hors intersection,Normale,Deux véhicules - côté,,,,,,,,,,,1,2,1,1.0,3
201300021403,0013-04-25 05:50:00,13,4,25,5,50,280,85,"SANS, MAUNOURY (RUE DU D",48.43959,1.48204,Nuit avec éclairage allumé,En agglomération,Intersection en X,Normale,Deux véhicules - côté,,,,,,,,,,,5,2,2,1.0,3
201300021404,0013-04-26 21:06:00,13,4,26,21,6,280,85,"51, FAUBOURG LA GRAPPE (",,,Crépuscule ou aube,En agglomération,Hors intersection,Normale,Trois véhicules et plus - collisions multiples,,,,,,,,,,,2,2,1,1.0,5
201300021405,0013-04-29 13:00:00,13,4,29,13,0,280,218,"SANS, LANGLOIS (RUE RENE",48.43723,1.46572,Plein jour,En agglomération,Hors intersection,Normale,Autre collision,,,,,,,,,,,1,2,1,1.0,6
201300021406,0013-05-01 06:50:00,13,5,1,6,50,280,209,"10, JOSAPHAT (RUE DE)",,,Crépuscule ou aube,En agglomération,Hors intersection,Normale,Deux véhicules - côté,,,,,,,,,,,2,2,1,1.0,3
201300021407,0013-05-12 07:40:00,13,5,12,7,40,280,220,"sans, Hochstadt (bouleva",,,Plein jour,En agglomération,Hors intersection,Normale,Autre collision,,,,,,,,,,,1,2,1,1.0,6
201300021408,0013-05-14 14:30:00,13,5,14,14,30,280,85,"sans, ETAMPES (RUE D')",48.44722,1.51383,Plein jour,En agglomération,Hors intersection,Normale,Autre collision,,,,,,,,,,,1,2,1,1.0,6
201300021409,0013-05-14 18:38:00,13,5,14,18,38,280,85,"SANS, BOURGNEUF (RUE DU)",,,Plein jour,En agglomération,Intersection en X,Normale,Deux véhicules - côté,,,,,,,,,,,1,2,2,1.0,3
201300021410,0013-05-20 17:27:00,13,5,20,17,27,280,218,"sans, RN 123",,,Plein jour,Hors agglomération,Hors intersection,Pluie légère,Sans collision,,,,,,,,,,,1,1,1,2.0,7
201300021411,0013-05-21 08:20:00,13,5,21,8,20,280,218,"SANS, REPUBLIQUE (AVENUE",48.44014,1.46654,Crépuscule ou aube,En agglomération,Intersection en X,Pluie légère,Deux véhicules - côté,,,,,,,,,,,2,2,2,2.0,3
201300021412,0013-05-21 12:55:00,13,5,21,12,55,280,218,"SANS, CORIOLAN (RUE DE)",48.43886,1.47143,Plein jour,En agglomération,Hors intersection,Pluie légère,Deux véhicules - frontale,,,,,,,,,,,1,2,1,2.0,1
201300021413,0013-05-21 13:35:00,13,5,21,13,35,280,229,"SANS, RN 1154",,,Plein jour,Hors agglomération,Hors intersection,Normale,Deux véhicules - frontale,,,,,,,,,,,1,1,1,1.0,1
201300021414,0013-05-23 19:25:00,13,5,23,19,25,280,85,"SANS, SAINT CHERON (RUE)",48.44661,1.51012,Plein jour,En agglomération,Hors intersection,Normale,Deux véhicules - côté,,,,,,,,,,,1,2,1,1.0,3
201300021415,0013-05-28 09:39:00,13,5,28,9,39,280,218,"sans, TOURAINE",48.43385,1.44352,Plein jour,En agglomération,Intersection en X,Pluie légère,Deux véhicules - côté,,,,,,,,,,,1,2,2,2.0,3
201300021416,0013-05-31 16:30:00,13,5,31,16,30,280,220,"sans, MAUNOURY (MAURICE)",48.43096,1.47559,Plein jour,En agglomération,Hors intersection,Normale,Sans collision,,,,,,,,,,,1,2,1,1.0,7
201300021417,0013-06-08 19:25:00,13,6,8,19,25,280,85,"sans, VIOLETTE (BOULEVAR",48.44556,1.48351,Plein jour,En agglomération,Hors intersection,Pluie forte,Autre collision,,,,,,,,,,,1,2,1,3.0,6
201300021418,0013-06-06 17:38:00,13,6,6,17,38,280,229,"sans, D939",,,Plein jour,Hors agglomération,Hors intersection,Normale,Deux véhicules - arrière,,,,,,,,,,,1,1,1,1.0,2
201300021419,0013-06-07 09:10:00,13,6,7,9,10,280,220,"sans, MAUNOURY (MAURICE)",,,Plein jour,En agglomération,Hors intersection,Normale,Autre collision,,,,,,,,,,,1,2,1,1.0,6
201300021420,0013-06-12 13:20:00,13,6,12,13,20,280,85,"SANS, SOURS (ROND POINT",,,Plein jour,Hors agglomération,Giratoire,Pluie légère,Deux véhicules - côté,,,,,,,,,,,1,1,6,2.0,3
201300021421,0013-06-18 07:40:00,13,6,18,7,40,280,218,"3, BRUXELLES (RUE DE)",48.43855,1.44994,Plein jour,En agglomération,Intersection en T,Normale,Autre collision,,,,,,,,,,,1,2,3,1.0,6
201300021422,0013-06-19 13:05:00,13,6,19,13,5,280,85,"sans, ALLONNES (RUE D')",,,Plein jour,En agglomération,Hors intersection,Normale,Autre collision,,,,,,,,,,,1,2,1,1.0,6
201300021423,0013-06-20 22:24:00,13,6,20,22,24,280,85,"42, COURTILLE (BOULEVARD",48.44316,1.49565,Nuit avec éclairage allumé,En agglomération,Hors intersection,Normale,Autre collision,,,,,,,,,,,5,2,1,1.0,6
201300021424,0013-06-21 16:55:00,13,6,21,16,55,280,209,"SANS, RN 1154",,,Plein jour,Hors agglomération,Hors intersection,Normale,Trois véhicules et plus - collisions multiples,,,,,,,,,,,1,1,1,1.0,5
201300021425,0013-06-22 17:28:00,13,6,22,17,28,280,85,"face 33, FAUBOURG LA GRA",,,Plein jour,En agglomération,Hors intersection,Normale,Autre collision,,,,,,,,,,,1,2,1,1.0,6
201300021426,0013-06-22 18:00:00,13,6,22,18,0,280,110,"2, VOVES (RUE DE)",,,Plein jour,En agglomération,Hors intersection,Normale,Deux véhicules - arrière,,,,,,,,,,,1,2,1,1.0,2
201300021427,0013-06-26 17:10:00,13,6,26,17,10,280,218,"5, MAUNOURY (CITE JEAN)",48.43878,1.46108,Plein jour,En agglomération,Hors intersection,Normale,Autre collision,,,,,,,,,,,1,2,1,1.0,6
201300021428,0013-06-30 15:22:00,13,6,30,15,22,280,218,VARLET (RUE GEORGES),48.43806,1.46202,Plein jour,En agglomération,Intersection en X,Normale,Deux véhicules - côté,,,,,,,,,,,1,2,2,1.0,3
201300021429,0013-07-03 15:21:00,13,7,3,15,21,280,85,"00, VIOLETTE (BOULEVARD",48.44539,1.48354,Plein jour,En agglomération,Autre intersection,Normale,Autre collision,,,,,,,,,,,1,2,9,1.0,6
201300021430,0013-07-03 18:00:00,13,7,3,18,0,280,85,"21, CHASLES (BOULEVARD)",48.44261,1.48661,Plein jour,En agglomération,Hors intersection,Normale,Deux véhicules - côté,,,,,,,,,,,1,2,1,1.0,3
201300021431,0013-07-06 19:10:00,13,7,6,19,10,280,218,"01, EUROPE (AVENUE DE L'",,,Plein jour,En agglomération,Intersection en X,Normale,Deux véhicules - côté,,,,,,,,,,,1,2,2,1.0,3
201300021432,0013-07-09 14:20:00,13,7,9,14,20,280,85,"00, VIOLETTE (BOULEVARD",48.44574,1.48361,Plein jour,En agglomération,Hors intersection,Normale,Autre collision,,,,,,,,,,,1,2,1,1.0,6
201300021433,0013-07-10 18:50:00,13,7,10,18,50,280,85,"26, MAUNOURY (RUE DU DOC",48.44227,1.48306,Plein jour,En agglomération,Hors intersection,Normale,Deux véhicules - arrière,,,,,,,,,,,1,2,1,1.0,2
201300021434,0013-07-11 10:16:00,13,7,11,10,16,280,229,", PHILIPPE (AVENUE GERAR",48.44904,1.45187,Plein jour,En agglomération,Intersection en X,Normale,Deux véhicules - côté,,,,,,,,,,,1,2,2,1.0,3
201300021435,0013-07-11 12:19:00,13,7,11,12,19,280,220,"sans, MARCEAU (RUE)",48.42512,1.48014,Plein jour,En agglomération,Intersection en X,Normale,Deux véhicules - côté,,,,,,,,,,,1,2,2,1.0,3
201300021436,0013-07-13 19:15:00,13,7,13,19,15,280,85,"39, RESERVOIRS (RUE - IM",48.43482,1.49134,Plein jour,En agglomération,Hors intersection,Normale,Autre collision,,,,,,,,,,,1,2,1,1.0,6
201300021437,0013-07-17 16:00:00,13,7,17,16,0,280,220,"SANS, AVENUE DE LA REPUB",48.4362,1.47947,Plein jour,En agglomération,Hors intersection,Normale,Autre collision,,,,,,,,,,,1,2,1,1.0,6
201300021438,0013-07-18 10:15:00,13,7,18,10,15,280,85,"sans, SABLONS (AVENUE DE",48.44753,1.5154,Plein jour,En agglomération,Intersection en X,Normale,Autre collision,,,,,,,,,,,1,2,2,1.0,6
201300021439,0013-07-19 16:55:00,13,7,19,16,55,280,220,"sans, MARCEAU (RUE)",48.42483,1.48172,Plein jour,En agglomération,Hors intersection,Normale,Deux véhicules - arrière,,,,,,,,,,,1,2,1,1.0,2
201300021440,0013-07-20 17:00:00,13,7,20,17,0,280,220,"sans, LECLERC (RUE DU MA",48.42474,1.45511,Plein jour,En agglomération,Hors intersection,Normale,Deux véhicules - arrière,,,,,,,,,,,1,2,1,1.0,2
201300021441,0013-07-23 17:34:00,13,7,23,17,34,280,229,PHILIPE (AVENUE GERARD),48.44869,1.45173,Plein jour,En agglomération,Hors intersection,Normale,Autre collision,,,,,,,,,,,1,2,1,1.0,6
201300021442,0013-07-25 17:45:00,13,7,25,17,45,280,220,"6, MAUNOURY (MAURICE)",48.43567,1.47906,Plein jour,En agglomération,Hors intersection,Normale,Deux véhicules - côté,,,,,,,,,,,1,2,1,1.0,3
201300021443,0013-07-29 15:30:00,13,7,29,15,30,280,110,,,,Plein jour,En agglomération,Intersection en T,Normale,Deux véhicules - côté,,,,,,,,,,,1,2,3,1.0,3
201300021444,0013-07-31 16:40:00,13,7,31,16,40,280,220,"31, LIBERTE (RUE DE LA)",48.42759,1.46705,Plein jour,En agglomération,Hors intersection,Normale,Autre collision,,,,,,,,,,,1,2,1,1.0,6
201300021445,0013-08-05 07:20:00,13,8,5,7,20,280,220,"SANS, LIBERTE (RUE DE LA",48.4276,1.46811,Plein jour,En agglomération,Intersection en X,Normale,Deux véhicules - côté,,,,,,,,,,,1,2,2,1.0,3
201300021446,0013-08-08 10:45:00,13,8,8,10,45,280,220,"113, MAUNOURY (MAURICE)",48.42951,1.47441,Plein jour,En agglomération,Hors intersection,Normale,Deux véhicules - côté,,,,,,,,,,,1,2,1,1.0,3
201300021447,0013-08-10 10:10:00,13,8,10,10,10,280,229,HUGO (AVENUE VICTOR),48.44887,1.46412,Plein jour,En agglomération,Hors intersection,Normale,Autre collision,,,,,,,,,,,1,2,1,1.0,6
201300021448,0013-08-14 12:20:00,13,8,14,12,20,280,70,SAINT PREST (RUE DE),48.47703,1.51704,Plein jour,Hors agglomération,Hors intersection,Normale,Autre collision,,,,,,,,,,,1,1,1,1.0,6
201300021449,0013-08-13 13:20:00,13,8,13,13,20,280,85,"9, CHASLES (BOULEVARD)",48.44243,1.48773,Plein jour,En agglomération,Hors intersection,Normale,Deux véhicules - arrière,,,,,,,,,,,1,2,1,1.0,2
201300021450,0013-08-15 22:30:00,13,8,15,22,30,280,85,"54, JAURES (BOULEVARD JE",,,Nuit avec éclairage allumé,En agglomération,Hors intersection,Normale,Deux véhicules - côté,,,,,,,,,,,5,2,1,1.0,3
201300021451,0013-08-16 11:22:00,13,8,16,11,22,280,85,"2, VIOLETTE (BOULEVARD M",48.44524,1.48344,Plein jour,En agglomération,Hors intersection,Normale,Deux véhicules - frontale,,,,,,,,,,,1,2,1,1.0,1
201300021452,0013-08-17 11:03:00,13,8,17,11,3,280,85,"77, SAINT BRICE (RUE)",,,Plein jour,En agglomération,Intersection en X,Normale,Deux véhicules - côté,,,,,,,,,,,1,2,2,1.0,3
201300021453,0013-08-23 09:00:00,13,8,23,9,0,280,85,NICOLE (RUE),48.44668,1.4799,Plein jour,En agglomération,Intersection en X,Normale,Deux véhicules - frontale,,,,,,,,,,,1,2,2,1.0,1
201300021454,0013-08-27 08:05:00,13,8,27,8,5,280,229,RN 1154,,,Plein jour,Hors agglomération,Hors intersection,Normale,Deux véhicules - frontale,,,,,,,,,,,1,1,1,1.0,1
201300021455,0013-08-27 15:00:00,13,8,27,15,0,280,85,"1, VIOLETTE (BOULEVARD M",48.44533,1.48355,Plein jour,En agglomération,Hors intersection,Temps couvert,Autre collision,,,,,,,,,,,1,2,1,8.0,6
201300021456,0013-09-09 10:15:00,13,9,9,10,15,280,85,"79, REVERDY (RUE DE)",48.43889,1.48423,Plein jour,En agglomération,Hors intersection,Pluie légère,Deux véhicules - arrière,,,,,,,,,,,1,2,1,2.0,2
201300021457,0013-09-09 07:58:00,13,9,9,7,58,280,85,"77, SAINT CHERON (RUE)",48.44644,1.50856,Plein jour,En agglomération,Hors intersection,Normale,Deux véhicules - arrière,,,,,,,,,,,1,2,1,1.0,2
201300021458,0013-09-10 11:08:00,13,9,10,11,8,280,218,"2, CORIOLAN (RUE DE)",48.43963,1.47112,Plein jour,En agglomération,Hors intersection,Normale,Autre collision,,,,,,,,,,,1,2,1,1.0,6
201300021459,0013-09-10 15:50:00,13,9,10,15,50,280,85,"15, MAUNOURY (RUE DU DOC",48.44285,1.48325,Plein jour,En agglomération,Hors intersection,Normale,Autre collision,,,,,,,,,,,1,2,1,1.0,6
201300021460,0013-09-04 09:30:00,13,9,4,9,30,280,85,"1, SEMARD (PLACE PIERRE)",48.44792,1.48196,Plein jour,En agglomération,Hors intersection,Normale,Sans collision,,,,,,,,,,,1,2,1,1.0,7
201300021461,0013-09-11 12:35:00,13,9,11,12,35,280,85,PATTON (RUE DU GENERAL),48.44141,1.47424,Plein jour,En agglomération,Hors intersection,Normale,Deux véhicules - côté,,,,,,,,,,,1,2,1,1.0,3
201300021462,0013-09-12 10:20:00,13,9,12,10,20,280,70,SAINT PREST (RUE DE),,,Plein jour,En agglomération,Hors intersection,Pluie légère,Deux véhicules - frontale,,,,,,,,,,,1,2,1,2.0,1
201300021463,0013-09-12 20:30:00,13,9,12,20,30,280,110,VOVES (RUE DE),,,Nuit avec éclairage allumé,Hors agglomération,Intersection en T,Pluie légère,Trois véhicules et plus - collisions multiples,,,,,,,,,,,5,1,3,2.0,5
201300021464,0013-09-14 13:50:00,13,9,14,13,50,280,85,"22, FOCH (BOULEVARD DU M",48.44856,1.49268,Plein jour,En agglomération,Hors intersection,Pluie légère,Sans collision,,,,,,,,,,,1,2,1,2.0,7
201300021465,0013-09-16 07:00:00,13,9,16,7,0,280,209,CHACATIERE (RUE DE LA),48.47038,1.47893,Crépuscule ou aube,Hors agglomération,Hors intersection,Pluie légère,Autre collision,,,,,,,,,,,2,1,1,2.0,6
201300021466,0013-09-17 15:20:00,13,9,17,15,20,280,70,SAINT PREST (RUE DE),48.4693,1.50817,Plein jour,En agglomération,Hors intersection,Pluie légère,Deux véhicules - côté,,,,,,,,,,,1,2,1,2.0,3
201300021467,0013-09-17 17:42:00,13,9,17,17,42,280,85,"0, RN 10",48.45381,1.531,Plein jour,Hors agglomération,Giratoire,Normale,Deux véhicules - côté,,,,,,,,,,,1,1,6,1.0,3
201300021468,0013-09-17 22:20:00,13,9,17,22,20,280,85,SOURS (ROND POINT ROUTE,,,Nuit avec éclairage allumé,Hors agglomération,Giratoire,Pluie forte,Deux véhicules - côté,,,,,,,,,,,5,1,6,3.0,3
201300021469,0013-09-11 03:50:00,13,9,11,3,50,280,209,RN 1154,,,Nuit sans éclairage public,Hors agglomération,Hors intersection,Normale,Sans collision,,,,,,,,,,,3,1,1,1.0,7
201300021470,0013-09-02 19:15:00,13,9,2,19,15,280,70,LOUIS BLERIOT (RUE),48.46164,1.50746,Crépuscule ou aube,En agglomération,Hors intersection,Normale,Deux véhicules - côté,,,,,,,,,,,2,2,1,1.0,3
201300021471,0013-09-28 10:05:00,13,9,28,10,5,280,85,"122, SAINT BRICE (RUE)",,,Plein jour,En agglomération,Intersection en T,Normale,Deux véhicules - côté,,,,,,,,,,,1,2,3,1.0,3
201300021472,0013-09-26 07:55:00,13,9,26,7,55,280,229,CHASLES (RUE PHILARETE),48.44744,1.47641,Plein jour,En agglomération,Giratoire,Normale,Autre collision,,,,,,,,,,,1,2,6,1.0,6
201300021473,0013-09-29 16:27:00,13,9,29,16,27,280,85,BEAUREPAIRE (AVENUE),48.4592,1.4897,Plein jour,En agglomération,Intersection en Y,Normale,Sans collision,,,,,,,,,,,1,2,4,1.0,7
201300021474,0013-10-02 09:12:00,13,10,2,9,12,280,85,MAUNOURY (RUE DU DOCTEUR,48.44167,1.4829,Plein jour,En agglomération,Hors intersection,Normale,Sans collision,,,,,,,,,,,1,2,1,1.0,7
201300021475,0013-10-03 07:45:00,13,10,3,7,45,280,209,"45, PAIX (AVENUE DE LA )",,,Plein jour,En agglomération,Hors intersection,Normale,Autre collision,,,,,,,,,,,1,2,1,1.0,6
201300021476,0013-09-27 19:45:00,13,9,27,19,45,280,85,LAENNEC (AVENUE DU DOCTE,,,Plein jour,Hors agglomération,Hors intersection,Normale,Autre collision,,,,,,,,,,,1,1,1,1.0,6
201300021477,0013-10-05 23:45:00,13,10,5,23,45,280,110,RN 123 (ROCADE),,,Nuit avec éclairage allumé,Hors agglomération,Hors intersection,Normale,Sans collision,,,,,,,,,,,5,1,1,1.0,7
201300021478,0013-10-03 20:36:00,13,10,3,20,36,280,110,VOVES (Rue de),,,Nuit sans éclairage public,Hors agglomération,Intersection en X,Pluie forte,Deux véhicules - arrière,,,,,,,,,,,3,1,2,3.0,2
201300021479,0013-10-09 20:07:00,13,10,9,20,7,280,85,"44, FOCH (BOULEVARD DU M",,,Nuit avec éclairage allumé,En agglomération,Intersection en T,Pluie légère,Trois véhicules et plus - en chaîne,,,,,,,,,,,5,2,3,2.0,4
201300021480,0013-10-11 08:10:00,13,10,11,8,10,280,85,", PATTON (RUE DU GENERAL",48.44359,1.48127,Plein jour,En agglomération,Intersection en T,Pluie légère,Deux véhicules - côté,,,,,,,,,,,1,2,3,2.0,3
201300021481,0013-10-11 07:45:00,13,10,11,7,45,280,218,"32, FOREAU (RUE FRANCOIS",48.43636,1.45767,Crépuscule ou aube,En agglomération,Autre intersection,Normale,Autre collision,,,,,,,,,,,2,2,9,1.0,6
201300021482,0013-10-12 06:40:00,13,10,12,6,40,280,85,MERMOZ (RUE JEAN),,,Nuit avec éclairage allumé,Hors agglomération,Hors intersection,Normale,Autre collision,,,,,,,,,,,5,1,1,1.0,6
201300021483,0013-10-13 04:00:00,13,10,13,4,0,280,85,"95, GRAND FAUBOURG (RUE",48.4423,1.47796,Nuit avec éclairage allumé,En agglomération,Hors intersection,Normale,Sans collision,,,,,,,,,,,5,2,1,1.0,7
201300021484,0013-10-13 18:00:00,13,10,13,18,0,280,85,"2-4, LISSES (RUE DES)",48.44835,1.48693,Plein jour,En agglomération,Intersection en T,Normale,Autre collision,,,,,,,,,,,1,2,3,1.0,6
201300021485,0013-10-15 12:55:00,13,10,15,12,55,280,209,RD 906,,,Plein jour,Hors agglomération,Intersection en T,Pluie légère,Deux véhicules - côté,,,,,,,,,,,1,1,3,2.0,3
201300021486,0013-10-18 18:00:00,13,10,18,18,0,280,85,"87, BOURGNEUF (RUE DU)",48.46062,1.48304,Plein jour,En agglomération,Intersection en T,Normale,Deux véhicules - arrière,,,,,,,,,,,1,2,3,1.0,2
201300021487,0013-10-18 21:35:00,13,10,18,21,35,280,85,POILLOT (RUE EDMOND),48.43278,1.51064,Nuit avec éclairage non allumé,En agglomération,Hors intersection,Normale,Sans collision,,,,,,,,,,,4,2,1,1.0,7
201300021488,0013-10-19 16:42:00,13,10,19,16,42,280,110,RN 123 (ROCADE),,,Plein jour,Hors agglomération,Autre intersection,Normale,Deux véhicules - côté,,,,,,,,,,,1,1,9,1.0,3
201300021489,0013-10-21 08:55:00,13,10,21,8,55,280,85,"2, CHEVARD (RUE VINCENT)",48.43417,1.50633,Plein jour,En agglomération,Intersection en T,Normale,Deux véhicules - côté,,,,,,,,,,,1,2,3,1.0,3
201300021490,0013-10-26 15:15:00,13,10,26,15,15,280,85,"44, MERMOZ (RUE JEAN)",48.4498,1.50634,Plein jour,En agglomération,Hors intersection,Normale,Deux véhicules - arrière,,,,,,,,,,,1,2,1,1.0,2
201300021491,0013-10-30 17:20:00,13,10,30,17,20,280,220,", AVENUE DE LA REPUBLIQU",48.42885,1.47391,Plein jour,En agglomération,Intersection en X,Normale,Deux véhicules - côté,,,,,,,,,,,1,2,2,1.0,3
201300021492,0013-10-31 09:48:00,13,10,31,9,48,280,220,ROUTE NATIONALE 123,,,Plein jour,En agglomération,Hors intersection,Normale,Trois véhicules et plus - en chaîne,,,,,,,,,,,1,2,1,1.0,4