accident_id,datetime,annee,mois,jour,heure,minute,departement,commune_insee,adresse,latitude,longitude,luminosite,agglomeration,intersection,meteo,collision,nb_vehicules,nb_usagers,nb_indemnes,nb_tues,nb_blesses_hosp,nb_blesses_legers,age_cond_1,age_cond_2,veh_type_cond_1,veh_type_cond_2,lum_code,agg_code,int_code,atm_code,col_code
201300021493,0013-11-03 15:40:00,13,11,3,15,40,280,85,"63, PEGUY (BOULEVARD CHA",48.45239,1.48733,Plein jour,En agglomération,Hors intersection,Pluie légère,Deux véhicules - arrière,,,,,,,,,,,1,2,1,2.0,2
201300021494,0013-11-03 14:10:00,13,11,3,14,10,280,85,"10, JEAN BAPTISTE DE LA",48.46271,1.49104,Plein jour,En agglomération,Intersection en X,Normale,Deux véhicules - côté,,,,,,,,,,,1,2,2,1.0,3
201300021495,0013-11-04 11:45:00,13,11,4,11,45,280,85,"0, DROUAISE (PLACE)",,,Plein jour,En agglomération,Hors intersection,Normale,Autre collision,,,,,,,,,,,1,2,1,1.0,6
201300021496,0013-11-05 17:50:00,13,11,5,17,50,280,85,"74, FAUBOURG LA GRAPPE (",,,Nuit avec éclairage allumé,En agglomération,Hors intersection,Normale,Autre collision,,,,,,,,,,,5,2,1,1.0,6
201300021497,0013-11-06 06:45:00,13,11,6,6,45,280,85,LAENNEC (AVENUE DU DOCTE,,,Nuit sans éclairage public,Hors agglomération,Hors intersection,Pluie légère,Autre collision,,,,,,,,,,,3,1,1,2.0,6
201300021498,0013-11-06 17:15:00,13,11,6,17,15,280,218,LIBERATION (CARREFOUR DE,,,Plein jour,En agglomération,Giratoire,Normale,Sans collision,,,,,,,,,,,1,2,6,1.0,7
201300021499,0013-11-06 12:25:00,13,11,6,12,25,280,85,"29, SAINT PIERRE (RUE)",48.44441,1.49204,Plein jour,En agglomération,Hors intersection,Normale,Autre collision,,,,,,,,,,,1,2,1,1.0,6
201300021500,0013-11-07 18:55:00,13,11,7,18,55,280,229,"2, D939",,,Nuit sans éclairage public,Hors agglomération,Intersection en T,Pluie forte,Trois véhicules et plus - en chaîne,,,,,,,,,,,3,1,3,3.0,4
201300021501,0013-11-12 08:50:00,13,11,12,8,50,280,209,"1, PAIX (AVENUE DE LA )",,,Plein jour,En agglomération,Intersection en T,Pluie légère,Deux véhicules - côté,,,,,,,,,,,1,2,3,2.0,3
201300021502,0013-11-12 18:00:00,13,11,12,18,0,280,229,RD 905,,,Nuit sans éclairage public,Hors agglomération,Giratoire,Pluie légère,Deux véhicules - arrière,,,,,,,,,,,3,1,6,2.0,2
201300021503,0013-11-13 09:11:00,13,11,13,9,11,280,218,KENNEDY (RUE JOHN),48.42929,1.46634,Plein jour,En agglomération,Hors intersection,Normale,Autre collision,,,,,,,,,,,1,2,1,1.0,6
201300021504,0013-11-14 17:55:00,13,11,14,17,55,280,209,"11, PAIX (AVENUE DE LA )",,,Nuit avec éclairage allumé,En agglomération,Hors intersection,Pluie légère,Autre collision,,,,,,,,,,,5,2,1,2.0,6
201300021505,0013-11-18 08:40:00,13,11,18,8,40,280,218,FOREAU (RUE FRANCOIS),48.43586,1.46123,Plein jour,En agglomération,Intersection en X,Pluie légère,Deux véhicules - côté,,,,,,,,,,,1,2,2,2.0,3
201300021506,0013-11-20 05:50:00,13,11,20,5,50,280,209,"2, HOCHE ALLARD (rue)",,,Nuit avec éclairage allumé,En agglomération,Hors intersection,Normale,Sans collision,,,,,,,,,,,5,2,1,1.0,7
201300021507,0013-11-23 12:25:00,13,11,23,12,25,280,229,BERLIOZ (RUE HECTOR),48.45578,1.4626,Plein jour,Hors agglomération,Intersection en X,Normale,Deux véhicules - côté,,,,,,,,,,,1,1,2,1.0,3
201300021508,0013-11-24 16:10:00,13,11,24,16,10,280,218,TOURAINE,48.43534,1.44697,Plein jour,En agglomération,Hors intersection,Normale,Deux véhicules - côté,,,,,,,,,,,1,2,1,1.0,3
201300021509,0013-11-29 18:46:00,13,11,29,18,46,280,85,HUGO (AVENUE VICTOR),48.44674,1.52793,Nuit sans éclairage public,Hors agglomération,Hors intersection,Normale,Autre collision,,,,,,,,,,,3,1,1,1.0,6
201300021510,0013-11-30 10:55:00,13,11,30,10,55,280,209,"1, CHAVANNES (ROUTE DE)",,,Plein jour,Hors agglomération,Hors intersection,Normale,Sans collision,,,,,,,,,,,1,1,1,1.0,7
201300021511,0013-12-02 07:35:00,13,12,2,7,35,280,85,RECHEVRES (CITE - RUE DE,,,Nuit sans éclairage public,En agglomération,Intersection en T,Normale,Sans collision,,,,,,,,,,,3,2,3,1.0,7
201300021512,0013-12-02 09:30:00,13,12,2,9,30,280,85,GRANDES PLANTES (RUE DES,48.46078,1.4951,Plein jour,En agglomération,Intersection en X,Normale,Deux véhicules - côté,,,,,,,,,,,1,2,2,1.0,3
201300021513,0013-12-02 17:20:00,13,12,2,17,20,280,218,KENNEDY (RUE JOHN),48.43026,1.46489,Nuit avec éclairage allumé,En agglomération,Hors intersection,Normale,Autre collision,,,,,,,,,,,5,2,1,1.0,6
201300021514,0013-12-03 17:45:00,13,12,3,17,45,280,229,R.D.905,,,Nuit sans éclairage public,Hors agglomération,Hors intersection,Normale,Deux véhicules - côté,,,,,,,,,,,3,1,1,1.0,3
201300021515,0013-11-14 17:50:00,13,11,14,17,50,280,110,DU GORD,,,Nuit avec éclairage allumé,En agglomération,Hors intersection,Normale,Deux véhicules - côté,,,,,,,,,,,5,2,1,1.0,3
201300021516,0013-12-06 16:01:00,13,12,6,16,1,280,220,rue Jean BOUIN,48.41908,1.47304,Plein jour,En agglomération,Hors intersection,Normale,Deux véhicules - arrière,,,,,,,,,,,1,2,1,1.0,2
201300021517,0013-12-09 08:38:00,13,12,9,8,38,280,229,"sans, PHILIPPE (AVENUE G",,,Plein jour,En agglomération,Intersection en X,Normale,Sans collision,,,,,,,,,,,1,2,2,1.0,7
201300021518,0013-12-09 11:50:00,13,12,9,11,50,280,218,REPUBLIQUE (AVENUE DE LA,48.44019,1.46659,Plein jour,En agglomération,Intersection en X,Normale,Deux véhicules - côté,,,,,,,,,,,1,2,2,1.0,3
201300021519,0013-12-09 18:50:00,13,12,9,18,50,280,85,"98, SOURS (RUE DE)",,,Nuit avec éclairage allumé,En agglomération,Hors intersection,Temps couvert,Sans collision,,,,,,,,,,,5,2,1,8.0,7
201300021520,0013-12-11 08:00:00,13,12,11,8,0,280,220,ROUTE NATIONALE 123,,,Plein jour,Hors agglomération,Hors intersection,Autre,Trois véhicules et plus - en chaîne,,,,,,,,,,,1,1,1,9.0,4
201300021521,0013-12-13 09:45:00,13,12,13,9,45,280,218,TAYE (RUE DE LA),48.42804,1.44614,Plein jour,En agglomération,Hors intersection,Autre,Sans collision,,,,,,,,,,,1,2,1,9.0,7
201300021522,0013-12-14 17:50:00,13,12,14,17,50,280,85,DUGUE (RUE FERDINAND),48.44278,1.47537,Plein jour,En agglomération,Intersection en T,Normale,Sans collision,,,,,,,,,,,1,2,3,1.0,7
201300021523,0013-12-15 11:55:00,13,12,15,11,55,280,218,"14 bis, MATTEI (RUE FRAN",48.44058,1.46596,Plein jour,En agglomération,Intersection en X,Normale,Autre collision,,,,,,,,,,,1,2,2,1.0,6
201300021524,0013-12-15 13:00:00,13,12,15,13,0,280,70,"1, VIGNES (RUE DES)",48.46896,1.50267,Plein jour,En agglomération,Hors intersection,Normale,Deux véhicules - arrière,,,,,,,,,,,1,2,1,1.0,2
201300021525,0013-12-15 16:15:00,13,12,15,16,15,280,85,PEGUY (BOULEVARD CHARLES,48.45172,1.48649,Plein jour,En agglomération,Intersection en T,Normale,Deux véhicules - frontale,,,,,,,,,,,1,2,3,1.0,1
201300021526,0013-12-15 18:45:00,13,12,15,18,45,280,85,"55, GUYNEMER (RUE)",48.44875,1.50676,Nuit avec éclairage allumé,En agglomération,Intersection en T,Normale,Autre collision,,,,,,,,,,,5,2,3,1.0,6
201300021527,0013-12-16 07:55:00,13,12,16,7,55,280,85,LAUNAY (RUE DE),,,Crépuscule ou aube,En agglomération,Hors intersection,Normale,Sans collision,,,,,,,,,,,2,2,1,1.0,7
201300021528,0013-12-17 09:50:00,13,12,17,9,50,280,218,KENNEDY (RUE JOHN),48.42954,1.46598,Plein jour,En agglomération,Hors intersection,Temps éblouissant,Trois véhicules et plus - en chaîne,,,,,,,,,,,1,2,1,7.0,4
201300021529,0013-12-17 16:50:00,13,12,17,16,50,280,85,JAURES (BOULEVARD JEAN),,,Plein jour,En agglomération,Hors intersection,Normale,Trois véhicules et plus - collisions multiples,,,,,,,,,,,1,2,1,1.0,5
201300021530,0013-12-16 16:50:00,13,12,16,16,50,280,209,"1, CHACATIERE (RUE DE LA",,,Crépuscule ou aube,Hors agglomération,Hors intersection,Normale,Deux véhicules - arrière,,,,,,,,,,,2,1,1,1.0,2
201300021531,0013-12-23 16:30:00,13,12,23,16,30,280,85,"2, BOURGNEUF (RUE DU)",,,Plein jour,En agglomération,Hors intersection,Normale,Sans collision,,,,,,,,,,,1,2,1,1.0,7
201300021532,0013-12-31 07:20:00,13,12,31,7,20,280,229,"1, RN 1154",,,Nuit sans éclairage public,Hors agglomération,Hors intersection,Pluie légère,Sans collision,,,,,,,,,,,3,1,1,2.0,7
201300021533,0013-10-30 14:30:00,13,10,30,14,30,420,176,Intersection RD9 / RD18,46.04743,3.98495,Plein jour,En agglomération,Giratoire,Pluie légère,Deux véhicules - arrière,,,,,,,,,,,1,2,6,2.0,2
201300021534,0013-10-14 11:15:00,13,10,14,11,15,420,182,243 route de roanne,46.03953,4.01091,Plein jour,En agglomération,Hors intersection,Normale,Deux véhicules - frontale,,,,,,,,,,,1,2,1,1.0,1
201300021535,0013-01-04 14:15:00,13,1,4,14,15,420,231,,46.11661,3.97379,Plein jour,Hors agglomération,Autre intersection,Pluie légère,Deux véhicules - frontale,,,,,,,,,,,1,1,9,2.0,1
201300021536,0013-01-20 22:30:00,13,1,20,22,30,420,220,,46.1178,3.94868,Nuit sans éclairage public,Hors agglomération,Hors intersection,Normale,Deux véhicules - frontale,,,,,,,,,,,3,1,1,1.0,1
201300021537,0013-02-01 15:00:00,13,2,1,15,0,420,220,,46.12514,3.93004,Plein jour,Hors agglomération,Hors intersection,Normale,Trois véhicules et plus - en chaîne,,,,,,,,,,,1,1,1,1.0,4
201300021538,0013-03-08 08:00:00,13,3,8,8,0,420,220,,46.11974,3.94388,Plein jour,Hors agglomération,Hors intersection,Temps couvert,Autre collision,,,,,,,,,,,1,1,1,8.0,6
201300021539,0013-03-14 10:00:00,13,3,14,10,0,420,284,,46.09197,4.00293,Plein jour,Hors agglomération,Hors intersection,Neige / grêle,Trois véhicules et plus - collisions multiples,,,,,,,,,,,1,1,1,4.0,5
201300021540,0013-03-29 08:45:00,13,3,29,8,45,420,182,Lieu dit Le Taron,46.05904,3.92822,Plein jour,En agglomération,Hors intersection,Pluie légère,Deux véhicules - côté,,,,,,,,,,,1,2,1,2.0,3
201300021541,0013-04-11 13:30:00,13,4,11,13,30,420,163,,46.20903,3.89815,Plein jour,Hors agglomération,Hors intersection,Pluie légère,Autre collision,,,,,,,,,,,1,1,1,2.0,6
201300021542,0013-05-13 15:30:00,13,5,13,15,30,420,284,,46.0832,4.02548,Plein jour,Hors agglomération,Hors intersection,Normale,Deux véhicules - arrière,,,,,,,,,,,1,1,1,1.0,2
201300021543,0013-06-18 13:45:00,13,6,18,13,45,420,182,D8/D9,46.05179,3.93537,Plein jour,En agglomération,Giratoire,Normale,Sans collision,,,,,,,,,,,1,2,6,1.0,7
201300021544,0013-06-25 16:45:00,13,6,25,16,45,420,176,137 RUE DES MONTS DE LA,46.0387,3.97978,Plein jour,En agglomération,Hors intersection,Normale,Deux véhicules - côté,,,,,,,,,,,1,2,1,1.0,3
201300021545,0013-07-10 12:15:00,13,7,10,12,15,420,253,,46.03592,3.99614,Plein jour,Hors agglomération,Hors intersection,Normale,Sans collision,,,,,,,,,,,1,1,1,1.0,7
201300021546,0013-07-21 10:00:00,13,7,21,10,0,420,182,61 RUE DU COMMERCE,46.05183,3.92503,Plein jour,En agglomération,Hors intersection,Normale,Autre collision,,,,,,,,,,,1,2,1,1.0,6
201300021547,0013-08-15 21:45:00,13,8,15,21,45,420,78,,46.1692,3.86531,Nuit sans éclairage public,Hors agglomération,Hors intersection,Normale,Autre collision,,,,,,,,,,,3,1,1,1.0,6
201300021548,0013-09-04 17:45:00,13,9,4,17,45,420,163,,46.17542,3.86831,Plein jour,En agglomération,Hors intersection,Temps éblouissant,Deux véhicules - côté,,,,,,,,,,,1,2,1,7.0,3
201300021549,0013-11-28 10:00:00,13,11,28,10,0,420,198,28 rue des marronniers,46.00884,3.93517,Plein jour,En agglomération,Hors intersection,Normale,Autre collision,,,,,,,,,,,1,2,1,1.0,6
201300021550,0013-01-15 07:40:00,13,1,15,7,40,280,134,SAINT THIBAULT (RUE),,,Nuit avec éclairage allumé,En agglomération,Intersection en T,Temps couvert,Autre collision,,,,,,,,,,,5,2,3,8.0,6
201300021551,0013-02-02 18:30:00,13,2,2,18,30,280,134,RN 12 (CARREFOUR DELISLE,48.74604,1.36504,Nuit avec éclairage allumé,Hors agglomération,Hors intersection,Normale,Deux véhicules - arrière,,,,,,,,,,,5,1,1,1.0,2
201300021552,0013-02-18 14:15:00,13,2,18,14,15,280,404,ROCADE OUEST,,,Plein jour,En agglomération,Hors intersection,Normale,Deux véhicules - côté,,,,,,,,,,,1,2,1,1.0,3
201300021553,0013-02-18 18:10:00,13,2,18,18,10,280,404,CHARTRES (AVE DE),,,Plein jour,En agglomération,Hors intersection,Normale,Deux véhicules - côté,,,,,,,,,,,1,2,1,1.0,3
201300021554,0013-03-25 18:50:00,13,3,25,18,50,280,404,BREZOLLES (ROUTE DE),,,Plein jour,En agglomération,Intersection en X,Normale,Deux véhicules - côté,,,,,,,,,,,1,2,2,1.0,3
201300021555,0013-03-26 16:40:00,13,3,26,16,40,280,404,EPINAY (RUE DE),48.72507,1.33123,Plein jour,En agglomération,Hors intersection,Normale,Autre collision,,,,,,,,,,,1,2,1,1.0,6
201300021556,0013-04-01 11:30:00,13,4,1,11,30,280,134,RN 12 (CARREFOUR DELISLE,,,Plein jour,Hors agglomération,Hors intersection,Normale,Deux véhicules - arrière,,,,,,,,,,,1,1,1,1.0,2
201300021557,0013-04-11 08:40:00,13,4,11,8,40,280,134,ROCADE EST,,,Plein jour,Hors agglomération,Hors intersection,Normale,Trois véhicules et plus - collisions multiples,,,,,,,,,,,1,1,1,1.0,5
201300021558,0013-04-14 18:40:00,13,4,14,18,40,280,134,DE LATTRE DE TASSIGNY (A,48.73881,1.38742,Plein jour,En agglomération,Hors intersection,Normale,Autre collision,,,,,,,,,,,1,2,1,1.0,6
201300021559,0013-04-18 18:10:00,13,4,18,18,10,280,134,PROD'HOMME (RUE EMILE),,,Plein jour,En agglomération,Hors intersection,Normale,Autre collision,,,,,,,,,,,1,2,1,1.0,6
201300021560,0013-05-10 01:35:00,13,5,10,1,35,280,134,RN 12 (DESCENTE ET PONT,,,Nuit sans éclairage public,Hors agglomération,Hors intersection,Pluie légère,Deux véhicules - arrière,,,,,,,,,,,3,1,1,2.0,2
201300021561,0013-06-16 22:15:00,13,6,16,22,15,280,404,CRECY (ROUTE DE),,,Plein jour,En agglomération,Intersection en X,Normale,Deux véhicules - côté,,,,,,,,,,,1,2,2,1.0,3
201300021562,0013-07-03 20:00:00,13,7,3,20,0,280,134,CHAMPELON (CHEMIN DES),48.75608,1.34467,Plein jour,Hors agglomération,Hors intersection,Normale,Deux véhicules - frontale,,,,,,,,,,,1,1,1,1.0,1
201300021563,0013-07-14 21:00:00,13,7,14,21,0,280,404,ROUSSEAU (RUE JEAN JACQU,48.73023,1.34159,Plein jour,En agglomération,Hors intersection,Normale,Deux véhicules - côté,,,,,,,,,,,1,2,1,1.0,3
201300021564,0013-07-18 07:55:00,13,7,18,7,55,280,332,D 929,,,Plein jour,En agglomération,Hors intersection,Normale,Deux véhicules - côté,,,,,,,,,,,1,2,1,1.0,3
201300021565,0013-07-23 09:30:00,13,7,23,9,30,280,134,LONGS REAGES (RUE DES),48.74105,1.33632,Plein jour,En agglomération,Hors intersection,Normale,Deux véhicules - côté,,,,,,,,,,,1,2,1,1.0,3
201300021566,0013-08-05 20:10:00,13,8,5,20,10,280,134,HODDE (CHEMIN DU PONT),48.76384,1.33444,Plein jour,Hors agglomération,Hors intersection,Temps éblouissant,Deux véhicules - frontale,,,,,,,,,,,1,1,1,7.0,1
201300021567,0013-09-12 10:25:00,13,9,12,10,25,280,134,RN 12 (CARREFOUR DELISLE,,,Plein jour,Hors agglomération,Intersection en X,Pluie légère,Deux véhicules - arrière,,,,,,,,,,,1,1,2,2.0,2
201300021568,0013-09-14 13:00:00,13,9,14,13,0,280,134,LECLERC (AVENUE DU GENER,48.74045,1.3829,Plein jour,En agglomération,Hors intersection,Neige / grêle,Deux véhicules - côté,,,,,,,,,,,1,2,1,4.0,3
201300021569,0013-10-10 09:10:00,13,10,10,9,10,280,134,ROND POINT DUNANT,,,Plein jour,En agglomération,Giratoire,Temps éblouissant,Autre collision,,,,,,,,,,,1,2,6,7.0,6
201300021570,0013-10-29 15:20:00,13,10,29,15,20,280,404,CRECY (ROUTE DE),,,Plein jour,Hors agglomération,Intersection en T,Temps éblouissant,Deux véhicules - côté,,,,,,,,,,,1,1,3,7.0,3
201300021571,0013-11-05 19:00:00,13,11,5,19,0,280,134,"7, LIVRAINDIERES (RUE DE",48.74853,1.35432,Nuit avec éclairage allumé,En agglomération,Hors intersection,Pluie légère,Deux véhicules - côté,,,,,,,,,,,5,2,1,2.0,3
201300021572,0013-12-07 08:50:00,13,12,7,8,50,280,134,MELSUNGEN  (AVENUE DE),,,Plein jour,En agglomération,Giratoire,Normale,Deux véhicules - côté,,,,,,,,,,,1,2,6,1.0,3
201300021573,0013-12-14 16:30:00,13,12,14,16,30,280,134,"30, ISAACS (RUE SAM)",,,Plein jour,En agglomération,Hors intersection,Normale,Deux véhicules - frontale,,,,,,,,,,,1,2,1,1.0,1
201300021574,0013-12-29 15:10:00,13,12,29,15,10,280,134,"0, LONGS REAGES (RUE DES",48.74013,1.33604,Plein jour,En agglomération,Intersection en T,Normale,Deux véhicules - côté,,,,,,,,,,,1,2,3,1.0,3
201300021575,0013-02-14 15:15:00,13,2,14,15,15,710,520,,,,Plein jour,Hors agglomération,Hors intersection,Pluie légère,Deux véhicules - arrière,,,,,,,,,,,1,1,1,2.0,2
201300021576,0013-04-05 04:30:00,13,4,5,4,30,710,52,,,,Nuit sans éclairage public,Hors agglomération,Hors intersection,Normale,Autre collision,,,,,,,,,,,3,1,1,1.0,6
201300021577,0013-04-12 11:45:00,13,4,12,11,45,710,170,,,,Plein jour,Hors agglomération,Hors intersection,Normale,Trois véhicules et plus - collisions multiples,,,,,,,,,,,1,1,1,1.0,5
201300021578,0013-05-13 22:00:00,13,5,13,22,0,710,52,,,,Nuit sans éclairage public,Hors agglomération,Hors intersection,Normale,Trois véhicules et plus - collisions multiples,,,,,,,,,,,3,1,1,1.0,5
201300021579,0013-06-19 16:15:00,13,6,19,16,15,710,52,,,,Plein jour,Hors agglomération,Hors intersection,Normale,Trois véhicules et plus - collisions multiples,,,,,,,,,,,1,1,1,1.0,5
201300021580,0013-06-28 06:15:00,13,6,28,6,15,710,52,,,,Crépuscule ou aube,Hors agglomération,Hors intersection,Temps couvert,Deux véhicules - arrière,,,,,,,,,,,2,1,1,8.0,2
201300021581,0013-07-10 06:15:00,13,7,10,6,15,710,475,,,,Plein jour,Hors agglomération,Hors intersection,Normale,Autre collision,,,,,,,,,,,1,1,1,1.0,6
201300021582,0013-07-12 21:30:00,13,7,12,21,30,710,384,,,,Plein jour,Hors agglomération,Hors intersection,Normale,Deux véhicules - arrière,,,,,,,,,,,1,1,1,1.0,2
201300021583,0013-07-13 08:00:00,13,7,13,8,0,710,444,,,,Plein jour,Hors agglomération,Hors intersection,Normale,Autre collision,,,,,,,,,,,1,1,1,1.0,6
201300021584,0013-07-27 03:15:00,13,7,27,3,15,710,52,,,,Nuit sans éclairage public,Hors agglomération,Hors intersection,Normale,Deux véhicules - arrière,,,,,,,,,,,3,1,1,1.0,2
201300021585,0013-08-10 20:00:00,13,8,10,20,0,710,336,,,,Crépuscule ou aube,Hors agglomération,Hors intersection,Normale,Autre collision,,,,,,,,,,,2,1,1,1.0,6
201300021586,0013-08-15 15:45:00,13,8,15,15,45,710,170,,,,Plein jour,Hors agglomération,Hors intersection,Normale,Deux véhicules - arrière,,,,,,,,,,,1,1,1,1.0,2
201300021587,0013-08-18 02:45:00,13,8,18,2,45,710,73,rue du 8 Mai 1945,46.914,4.75348,Nuit sans éclairage public,En agglomération,Hors intersection,Normale,Autre collision,,,,,,,,,,,3,2,1,1.0,6
201300021588,0013-09-01 09:15:00,13,9,1,9,15,710,118,,,,Plein jour,Hors agglomération,Hors intersection,Normale,Deux véhicules - côté,,,,,,,,,,,1,1,1,1.0,3
201300021589,0013-09-08 19:00:00,13,9,8,19,0,710,189,,,,Plein jour,Hors agglomération,Hors intersection,Temps couvert,Deux véhicules - frontale,,,,,,,,,,,1,1,1,8.0,1
201300021590,0013-10-10 20:45:00,13,10,10,20,45,710,138,,,,Nuit sans éclairage public,Hors agglomération,Hors intersection,Pluie légère,Autre collision,,,,,,,,,,,3,1,1,2.0,6
201300021591,0013-10-25 18:45:00,13,10,25,18,45,710,19,,,,Crépuscule ou aube,Hors agglomération,Hors intersection,Normale,Trois véhicules et plus - collisions multiples,,,,,,,,,,,2,1,1,1.0,5
201300021592,0013-12-14 12:45:00,13,12,14,12,45,710,245,,,,Plein jour,Hors agglomération,Hors intersection,Normale,Deux véhicules - arrière,,,,,,,,,,,1,1,1,1.0,2
201300021593,0013-12-27 10:15:00,13,12,27,10,15,710,384,,46.69195,4.84477,Plein jour,Hors agglomération,Hors intersection,Temps couvert,Sans collision,,,,,,,,,,,1,1,1,8.0,7
201300021594,0013-03-04 14:45:00,13,3,4,14,45,740,179,,,,Plein jour,Hors agglomération,Hors intersection,Normale,Deux véhicules - côté,,,,,,,,,,,1,1,1,1.0,3
201300021595,0013-04-22 18:15:00,13,4,22,18,15,740,272,CHAUMONTET - SILLINGY,,,Plein jour,En agglomération,Intersection en Y,Normale,Deux véhicules - côté,,,,,,,,,,,1,2,4,1.0,3
201300021596,0013-04-18 08:45:00,13,4,18,8,45,740,272,,,,Plein jour,Hors agglomération,Intersection en X,Normale,Deux véhicules - côté,,,,,,,,,,,1,1,2,1.0,3
201300021597,0013-04-26 08:00:00,13,4,26,8,0,740,152,,,,Plein jour,Hors agglomération,Hors intersection,Normale,Deux véhicules - frontale,,,,,,,,,,,1,1,1,1.0,1
201300021598,0013-05-05 15:00:00,13,5,5,15,0,740,179,,,,Plein jour,Hors agglomération,Hors intersection,Normale,Autre collision,,,,,,,,,,,1,1,1,1.0,6
201300021599,0013-05-21 07:30:00,13,5,21,7,30,740,272,156 route de Seysollaz,,,Plein jour,En agglomération,Hors intersection,Pluie légère,Autre collision,,,,,,,,,,,1,2,1,2.0,6
201300021600,0013-06-21 01:00:00,13,6,21,1,0,740,112,,,,Nuit avec éclairage allumé,Hors agglomération,Hors intersection,Normale,Autre collision,,,,,,,,,,,5,1,1,1.0,6
201300021601,0013-06-22 22:00:00,13,6,22,22,0,740,152,,,,Nuit sans éclairage public,Hors agglomération,Hors intersection,Normale,Deux véhicules - frontale,,,,,,,,,,,3,1,1,1.0,1
201300021602,0013-07-11 16:15:00,13,7,11,16,15,740,231,ROUTE DE LA CHAUDIERE,,,Plein jour,Hors agglomération,Hors intersection,Normale,Sans collision,,,,,,,,,,,1,1,1,1.0,7
201300021603,0013-12-04 03:45:00,13,12,4,3,45,740,112,,,,Nuit sans éclairage public,Hors agglomération,Hors intersection,Autre,Deux véhicules - frontale,,,,,,,,,,,3,1,1,9.0,1
201300021604,0013-03-29 17:15:00,13,3,29,17,15,140,532,,48.9048,-0.83378,Plein jour,Hors agglomération,Intersection en X,Normale,Deux véhicules - côté,,,,,,,,,,,1,1,2,1.0,3
201300021605,0013-04-01 18:30:00,13,4,1,18,30,140,347,,49.0371,-0.72952,Plein jour,Hors agglomération,Intersection en X,Normale,Deux véhicules - côté,,,,,,,,,,,1,1,2,1.0,3
201300021606,0013-04-11 12:00:00,13,4,11,12,0,140,52,LA FERRONNI?RE LE BENY B,48.9297,-0.81048,Plein jour,Hors agglomération,Intersection en X,Normale,Deux véhicules - côté,,,,,,,,,,,1,1,2,1.0,3
201300021607,0013-04-17 16:30:00,13,4,17,16,30,140,413,LE MESNIL AUZOUF,48.9895,-0.74456,Plein jour,Hors agglomération,Intersection en T,Normale,Deux véhicules - côté,,,,,,,,,,,1,1,3,1.0,3
201300021608,0013-07-13 19:00:00,13,7,13,19,0,140,443,,48.946,-0.742,Plein jour,Hors agglomération,Hors intersection,Normale,Deux véhicules - frontale,,,,,,,,,,,1,1,1,1.0,1
201300021609,0013-01-31 03:30:00,13,1,31,3,30,220,206,Kerbouillen,48.53269,-3.00667,Nuit avec éclairage non allumé,Hors agglomération,Hors intersection,Temps couvert,Sans collision,,,,,,,,,,,4,1,1,8.0,7
201300021610,0013-02-09 14:15:00,13,2,9,14,15,220,182,,48.53121,-2.94253,Plein jour,Hors agglomération,Hors intersection,Pluie légère,Deux véhicules - frontale,,,,,,,,,,,1,1,1,2.0,1
201300021611,0013-02-22 19:00:00,13,2,22,19,0,220,182,RN 12,48.53074,-2.91978,Nuit sans éclairage public,Hors agglomération,Hors intersection,Normale,Deux véhicules - arrière,,,,,,,,,,,3,1,1,1.0,2
201300021612,0013-02-25 10:45:00,13,2,25,10,45,220,188,,48.52328,-2.88558,Plein jour,Hors agglomération,Hors intersection,Neige / grêle,Sans collision,,,,,,,,,,,1,1,1,4.0,7
201300021613,0013-04-26 11:15:00,13,4,26,11,15,220,227,,48.56559,-3.5457,Plein jour,Hors agglomération,Hors intersection,Normale,Sans collision,,,,,,,,,,,1,1,1,1.0,7
201300021614,0013-04-28 17:00:00,13,4,28,17,0,220,187,,48.532,-2.75,Plein jour,Hors agglomération,Hors intersection,Normale,Trois véhicules et plus - en chaîne,,,,,,,,,,,1,1,1,1.0,4
201300021615,0013-06-09 23:30:00,13,6,9,23,30,220,187,,48.54509,-2.80621,Nuit avec éclairage non allumé,Hors agglomération,Hors intersection,Normale,Deux véhicules - arrière,,,,,,,,,,,4,1,1,1.0,2
201300021616,0013-07-26 16:15:00,13,7,26,16,15,220,187,,48.54623,-2.78072,Plein jour,Hors agglomération,Hors intersection,Normale,Deux véhicules - arrière,,,,,,,,,,,1,1,1,1.0,2
201300021617,0013-07-29 11:00:00,13,7,29,11,0,220,225,,48.553,-3.108,Plein jour,Hors agglomération,Hors intersection,Normale,Autre collision,,,,,,,,,,,1,1,1,1.0,6
201300021618,0013-08-17 11:00:00,13,8,17,11,0,220,227,Etang du Moulin Neuf,48.56705,-3.57514,Plein jour,Hors agglomération,Hors intersection,Normale,Deux véhicules - arrière,,,,,,,,,,,1,1,1,1.0,2
201300021619,0013-09-22 07:15:00,13,9,22,7,15,220,30,,48.70913,-3.38259,Crépuscule ou aube,Hors agglomération,Hors intersection,Brouillard / fumée,Sans collision,,,,,,,,,,,2,1,1,5.0,7
201300021620,0013-12-08 21:15:00,13,12,8,21,15,220,164,,48.58555,-3.24883,Nuit sans éclairage public,Hors agglomération,Hors intersection,Normale,Deux véhicules - arrière,,,,,,,,,,,3,1,1,1.0,2