accident_id,datetime,annee,mois,jour,heure,minute,departement,commune_insee,adresse,latitude,longitude,luminosite,agglomeration,intersection,meteo,collision,nb_vehicules,nb_usagers,nb_indemnes,nb_tues,nb_blesses_hosp,nb_blesses_legers,age_cond_1,age_cond_2,veh_type_cond_1,veh_type_cond_2,lum_code,agg_code,int_code,atm_code,col_code
201300021621,0013-02-13 15:00:00,13,2,13,15,0,220,180,,48.42573,-2.24151,Plein jour,Hors agglomération,Hors intersection,Normale,Sans collision,,,,,,,,,,,1,1,1,1.0,7
201300021622,0013-02-22 08:45:00,13,2,22,8,45,220,259,LA BEZARDAIS,48.44759,-2.09525,Plein jour,Hors agglomération,Autre intersection,Normale,Deux véhicules - côté,,,,,,,,,,,1,1,9,1.0,3
201300021623,0013-02-23 10:30:00,13,2,23,10,30,220,51,,48.36867,-2.33317,Plein jour,Hors agglomération,Hors intersection,Neige / grêle,Deux véhicules - arrière,,,,,,,,,,,1,1,1,4.0,2
201300021624,0013-03-05 04:40:00,13,3,5,4,40,220,389,Aire de repos,48.47986,-2.65796,Nuit sans éclairage public,Hors agglomération,Hors intersection,Normale,Sans collision,,,,,,,,,,,3,1,1,1.0,7
201300021625,0013-03-11 07:15:00,13,3,11,7,15,220,193,LA CROIX BALISSON,48.40416,-2.41364,Crépuscule ou aube,Hors agglomération,Hors intersection,Pluie forte,Sans collision,,,,,,,,,,,2,1,1,3.0,7
201300021626,0013-03-12 21:00:00,13,3,12,21,0,220,185,LA RUE,48.4415,-2.47746,Nuit sans éclairage public,Hors agglomération,Hors intersection,Neige / grêle,Sans collision,,,,,,,,,,,3,1,1,4.0,7
201300021627,0013-03-15 12:30:00,13,3,15,12,30,220,337,,48.35409,-2.3076,Plein jour,Hors agglomération,Hors intersection,Normale,Sans collision,,,,,,,,,,,1,1,1,1.0,7
201300021628,0013-04-28 14:00:00,13,4,28,14,0,220,339,,,,Plein jour,Hors agglomération,Hors intersection,Normale,Autre collision,,,,,,,,,,,1,1,1,1.0,6
201300021629,0013-06-15 19:45:00,13,6,15,19,45,220,339,,48.487,-2.041,Plein jour,Hors agglomération,Autre intersection,Normale,Sans collision,,,,,,,,,,,1,1,9,1.0,7
201300021630,0013-07-15 07:30:00,13,7,15,7,30,220,81,,48.48111,-2.64534,Plein jour,Hors agglomération,Hors intersection,Normale,Deux véhicules - arrière,,,,,,,,,,,1,1,1,1.0,2
201300021631,0013-07-31 20:15:00,13,7,31,20,15,220,190,,48.51993,-2.03847,Plein jour,Hors agglomération,Hors intersection,Normale,Sans collision,,,,,,,,,,,1,1,1,1.0,7
201300021632,0013-10-15 18:30:00,13,10,15,18,30,220,32,,48.3,-2.223,Plein jour,Hors agglomération,Hors intersection,Normale,Autre collision,,,,,,,,,,,1,1,1,1.0,6
201300021633,0013-12-02 05:30:00,13,12,2,5,30,220,20,Le Chalet,48.32008,-2.25125,Nuit sans éclairage public,Hors agglomération,Hors intersection,Normale,Deux véhicules - arrière,,,,,,,,,,,3,1,1,1.0,2
201300021634,0013-12-10 15:45:00,13,12,10,15,45,220,193,PAS DOS GEO,48.41925,-2.44438,Plein jour,Hors agglomération,Hors intersection,Normale,Autre collision,,,,,,,,,,,1,1,1,1.0,6
201300021635,0013-12-10 22:45:00,13,12,10,22,45,220,339,PAS DOS GEO,48.47992,-2.0443,Nuit sans éclairage public,Hors agglomération,Hors intersection,Normale,Sans collision,,,,,,,,,,,3,1,1,1.0,7
201300021636,0013-12-25 15:00:00,13,12,25,15,0,220,369,PAS DOS GEO,48.34366,-2.28795,Plein jour,Hors agglomération,Hors intersection,Pluie légère,Sans collision,,,,,,,,,,,1,1,1,2.0,7
201300021637,0013-12-25 18:00:00,13,12,25,18,0,220,190,PAS DOS GEO,48.51815,-2.03864,Nuit sans éclairage public,Hors agglomération,Hors intersection,Pluie légère,Sans collision,,,,,,,,,,,3,1,1,2.0,7
201300021638,0013-12-26 14:30:00,13,12,26,14,30,220,160,PAS DOS GEO,48.43835,-2.47432,Plein jour,Hors agglomération,Hors intersection,Normale,Autre collision,,,,,,,,,,,1,1,1,1.0,6
201300021639,0013-12-29 02:00:00,13,12,29,2,0,220,389,PAS DOS GEO,48.4806,-2.65168,Nuit sans éclairage public,Hors agglomération,Autre intersection,Normale,Autre collision,,,,,,,,,,,3,1,9,1.0,6
201300021640,0013-07-01 23:45:00,13,7,1,23,45,290,266,,48.53745,-3.91766,Nuit sans éclairage public,Hors agglomération,Hors intersection,Normale,Autre collision,,,,,,,,,,,3,1,1,1.0,6
201300021641,0013-06-30 09:00:00,13,6,30,9,0,290,181,,48.48871,-4.23444,Plein jour,Hors agglomération,Hors intersection,Normale,Sans collision,,,,,,,,,,,1,1,1,1.0,7
201300021642,0013-07-15 16:30:00,13,7,15,16,30,290,268,,48.4718,-4.32644,Plein jour,Hors agglomération,Hors intersection,Normale,Autre collision,,,,,,,,,,,1,1,1,1.0,6
201300021643,0013-08-18 13:15:00,13,8,18,13,15,290,199,,48.57752,-3.65213,Plein jour,Hors agglomération,Hors intersection,Normale,Autre collision,,,,,,,,,,,1,1,1,1.0,6
201300021644,0013-08-29 05:00:00,13,8,29,5,0,290,68,,48.5257,-3.98637,Nuit sans éclairage public,Hors agglomération,Hors intersection,Brouillard / fumée,Sans collision,,,,,,,,,,,3,1,1,5.0,7
201300021645,0013-10-22 18:00:00,13,10,22,18,0,290,268,,48.47234,-4.32595,Plein jour,Hors agglomération,Autre intersection,Pluie légère,Autre collision,,,,,,,,,,,1,1,9,2.0,6
201300021646,0013-08-15 13:45:00,13,8,15,13,45,290,53,,48.29698,-4.17068,Plein jour,Hors agglomération,Hors intersection,Normale,Sans collision,,,,,,,,,,,1,1,1,1.0,7
201300021647,0013-09-18 18:45:00,13,9,18,18,45,290,140,,48.38179,-4.30328,Plein jour,Hors agglomération,Hors intersection,Normale,Deux véhicules - arrière,,,,,,,,,,,1,1,1,1.0,2
201300021648,0013-02-21 22:30:00,13,2,21,22,30,350,206,,48.05574,-1.68092,Nuit sans éclairage public,Hors agglomération,Hors intersection,Normale,Autre collision,,,,,,,,,,,3,1,1,1.0,6
201300021649,0013-03-08 19:30:00,13,3,8,19,30,350,206,,48.06186,-1.6787,Crépuscule ou aube,Hors agglomération,Hors intersection,Normale,Trois véhicules et plus - en chaîne,,,,,,,,,,,2,1,1,1.0,4
201300021650,0013-05-18 06:30:00,13,5,18,6,30,350,12,,47.85328,-1.69345,Crépuscule ou aube,Hors agglomération,Hors intersection,Normale,Deux véhicules - arrière,,,,,,,,,,,2,1,1,1.0,2
201300021651,0013-06-04 13:15:00,13,6,4,13,15,350,139,,47.97411,-1.69416,Plein jour,Hors agglomération,Hors intersection,Normale,Trois véhicules et plus - collisions multiples,,,,,,,,,,,1,1,1,1.0,5
201300021652,0013-06-10 13:45:00,13,6,10,13,45,350,139,,47.97924,-1.69548,Plein jour,Hors agglomération,Hors intersection,Normale,Autre collision,,,,,,,,,,,1,1,1,1.0,6
201300021653,0013-06-19 11:30:00,13,6,19,11,30,350,139,,47.9776,-1.69517,Plein jour,Hors agglomération,Hors intersection,Normale,Trois véhicules et plus - collisions multiples,,,,,,,,,,,1,1,1,1.0,5
201300021654,0013-06-23 18:15:00,13,6,23,18,15,350,206,,48.06525,-1.67761,Plein jour,Hors agglomération,Hors intersection,Normale,Autre collision,,,,,,,,,,,1,1,1,1.0,6
201300021655,0013-10-06 06:45:00,13,10,6,6,45,350,129,,47.835,-1.82109,Crépuscule ou aube,Hors agglomération,Hors intersection,Normale,Autre collision,,,,,,,,,,,2,1,1,1.0,6
201300021656,0013-10-15 08:45:00,13,10,15,8,45,350,139,,47.98462,-1.69555,Plein jour,Hors agglomération,Hors intersection,Pluie forte,Deux véhicules - arrière,,,,,,,,,,,1,1,1,3.0,2
201300021657,0013-10-20 03:30:00,13,10,20,3,30,350,12,,,,Nuit sans éclairage public,Hors agglomération,Hors intersection,Pluie forte,Trois véhicules et plus - collisions multiples,,,,,,,,,,,3,1,1,3.0,5
201300021658,0013-11-13 06:45:00,13,11,13,6,45,350,12,rue des fr?res emery,47.84142,-1.68102,Nuit avec éclairage allumé,En agglomération,Hors intersection,Normale,Deux véhicules - arrière,,,,,,,,,,,5,2,1,1.0,2
201300021659,0013-09-08 22:45:00,13,9,8,22,45,350,310,,48.36937,-1.30635,Nuit sans éclairage public,Hors agglomération,Intersection en X,Normale,Deux véhicules - côté,,,,,,,,,,,3,1,2,1.0,3
201300021660,0013-10-11 22:00:00,13,10,11,22,0,350,243,,48.3557,-1.25509,Nuit sans éclairage public,Hors agglomération,Hors intersection,Normale,Sans collision,,,,,,,,,,,3,1,1,1.0,7
201300021661,0013-04-14 18:30:00,13,4,14,18,30,10,209,,46.0956,5.87685,Plein jour,Hors agglomération,Hors intersection,Normale,Deux véhicules - arrière,,,,,,,,,,,1,1,1,1.0,2
201300021662,0013-04-30 07:55:00,13,4,30,7,55,10,354,,,,Plein jour,Hors agglomération,Hors intersection,Normale,Deux véhicules - côté,,,,,,,,,,,1,1,1,1.0,3
201300021663,0013-06-21 17:15:00,13,6,21,17,15,10,109,,46.1223,5.89715,Plein jour,Hors agglomération,Hors intersection,Normale,Sans collision,,,,,,,,,,,1,1,1,1.0,7
201300021664,0013-09-10 18:15:00,13,9,10,18,15,10,354,,,,Plein jour,Hors agglomération,Intersection en T,Normale,Deux véhicules - côté,,,,,,,,,,,1,1,3,1.0,3
201300021665,0013-11-01 15:00:00,13,11,1,15,0,10,109,,,,Plein jour,Hors agglomération,Hors intersection,Normale,Autre collision,,,,,,,,,,,1,1,1,1.0,6
201300021666,0013-06-28 13:15:00,13,6,28,13,15,10,419,,,,Plein jour,Hors agglomération,Hors intersection,Normale,Deux véhicules - côté,,,,,,,,,,,1,1,1,1.0,3
201300021667,0013-12-24 14:30:00,13,12,24,14,30,10,209,,46.092,5.888,Plein jour,Hors agglomération,Hors intersection,Normale,Deux véhicules - frontale,,,,,,,,,,,1,1,1,1.0,1
201300021668,0013-07-08 12:00:00,13,7,8,12,0,10,419,RUE B. STRESEMANN RUE DU,46.2345,5.97915,Plein jour,En agglomération,Intersection en X,Normale,Deux véhicules - côté,,,,,,,,,,,1,2,2,1.0,3
201300021669,0013-07-23 15:00:00,13,7,23,15,0,10,288,1903 ROUTE DE LYON,46.186,5.92679,Plein jour,En agglomération,Autre intersection,Normale,Deux véhicules - frontale,,,,,,,,,,,1,2,9,1.0,1
201300021670,0013-09-01 06:30:00,13,9,1,6,30,10,354,Rue de la Faucille,,,Plein jour,En agglomération,Giratoire,Normale,Autre collision,,,,,,,,,,,1,2,6,1.0,6
201300021671,0013-01-11 05:45:00,13,1,11,5,45,540,314,,49.50759,5.71405,Nuit sans éclairage public,Hors agglomération,Hors intersection,Autre,Sans collision,,,,,,,,,,,3,1,1,9.0,7
201300021672,0013-01-27 00:30:00,13,1,27,0,30,540,314,,49.498,5.742,Nuit sans éclairage public,Hors agglomération,Hors intersection,Normale,Deux véhicules - côté,,,,,,,,,,,3,1,1,1.0,3
201300021673,0013-03-11 21:30:00,13,3,11,21,30,540,138,169 Rue de Lorraine -,49.52808,5.74635,Nuit avec éclairage allumé,En agglomération,Hors intersection,Neige / grêle,Deux véhicules - frontale,,,,,,,,,,,5,2,1,4.0,1
201300021674,0013-04-07 20:00:00,13,4,7,20,0,540,134,,49.441,5.597,Crépuscule ou aube,Hors agglomération,Hors intersection,Normale,Sans collision,,,,,,,,,,,2,1,1,1.0,7
201300021675,0013-04-12 10:45:00,13,4,12,10,45,540,322,5 RUE DE SETE,49.447,5.599,Plein jour,En agglomération,Hors intersection,Normale,Autre collision,,,,,,,,,,,1,2,1,1.0,6
201300021676,0013-04-14 16:45:00,13,4,14,16,45,540,428,,49.408,5.719,Plein jour,Hors agglomération,Hors intersection,Normale,Deux véhicules - arrière,,,,,,,,,,,1,1,1,1.0,2
201300021677,0013-05-25 13:45:00,13,5,25,13,45,540,236,,49.44312,5.54677,Plein jour,Hors agglomération,Hors intersection,Pluie légère,Sans collision,,,,,,,,,,,1,1,1,2.0,7
201300021678,0013-06-15 08:15:00,13,6,15,8,15,540,582,D29C ROUTE DE CHARENCY,49.476,5.54393,Nuit avec éclairage non allumé,En agglomération,Hors intersection,Normale,Autre collision,,,,,,,,,,,4,2,1,1.0,6
201300021679,0013-07-06 18:15:00,13,7,6,18,15,540,322,rue de l'hotel de ville,,,Plein jour,En agglomération,Hors intersection,Normale,Deux véhicules - côté,,,,,,,,,,,1,2,1,1.0,3
201300021680,0013-07-10 19:30:00,13,7,10,19,30,540,67,,49.4448,5.69993,Plein jour,Hors agglomération,Hors intersection,Normale,Deux véhicules - frontale,,,,,,,,,,,1,1,1,1.0,1
201300021681,0013-07-25 18:00:00,13,7,25,18,0,540,590,,49.46689,5.62193,Plein jour,Hors agglomération,Hors intersection,Normale,Sans collision,,,,,,,,,,,1,1,1,1.0,7
201300021682,0013-07-27 12:00:00,13,7,27,12,0,540,67,,49.43751,5.64401,Plein jour,Hors agglomération,Hors intersection,Normale,Sans collision,,,,,,,,,,,1,1,1,1.0,7
201300021683,0013-08-05 20:30:00,13,8,5,20,30,540,537,,49.45989,5.69166,Plein jour,Hors agglomération,Hors intersection,Normale,Sans collision,,,,,,,,,,,1,1,1,1.0,7
201300021684,0013-09-25 06:00:00,13,9,25,6,0,540,67,,49.43956,5.6981,Crépuscule ou aube,Hors agglomération,Hors intersection,Brouillard / fumée,Autre collision,,,,,,,,,,,2,1,1,5.0,6
201300021685,0013-09-25 11:45:00,13,9,25,11,45,540,234,11 grand rue,49.53475,5.68534,Plein jour,En agglomération,Hors intersection,Normale,Autre collision,,,,,,,,,,,1,2,1,1.0,6
201300021686,0013-10-20 21:00:00,13,10,20,21,0,540,236,,49.44566,5.5371,Plein jour,Hors agglomération,Hors intersection,Normale,Sans collision,,,,,,,,,,,1,1,1,1.0,7
201300021687,0013-10-20 08:00:00,13,10,20,8,0,540,290,,49.434,5.755,Plein jour,Hors agglomération,Hors intersection,Pluie légère,Autre collision,,,,,,,,,,,1,1,1,2.0,6
201300021688,0013-11-27 08:45:00,13,11,27,8,45,540,322,rue de Sete,49.43908,5.60693,Plein jour,En agglomération,Hors intersection,Normale,Autre collision,,,,,,,,,,,1,2,1,1.0,6
201300021689,0013-12-20 14:15:00,13,12,20,14,15,540,590,,,,Plein jour,Hors agglomération,Hors intersection,Normale,Deux véhicules - côté,,,,,,,,,,,1,1,1,1.0,3
201300021690,0013-03-18 14:45:00,13,3,18,14,45,670,489,,,,Crépuscule ou aube,Hors agglomération,Hors intersection,Temps couvert,Deux véhicules - frontale,,,,,,,,,,,2,1,1,8.0,1
201300021691,0013-07-27 09:45:00,13,7,27,9,45,670,437,,,,Plein jour,Hors agglomération,Hors intersection,Normale,Deux véhicules - arrière,,,,,,,,,,,1,1,1,1.0,2
201300021692,0013-09-09 17:30:00,13,9,9,17,30,670,459,,,,Plein jour,Hors agglomération,Hors intersection,Pluie légère,Sans collision,,,,,,,,,,,1,1,1,2.0,7
201300021693,0013-09-11 21:00:00,13,9,11,21,0,670,469,,,,Nuit sans éclairage public,Hors agglomération,Hors intersection,Pluie forte,Trois véhicules et plus - collisions multiples,,,,,,,,,,,3,1,1,3.0,5
201300021694,0013-10-09 20:30:00,13,10,9,20,30,670,347,,,,Nuit sans éclairage public,Hors agglomération,Hors intersection,Pluie légère,Deux véhicules - frontale,,,,,,,,,,,3,1,1,2.0,1
201300021695,0013-02-18 07:45:00,13,2,18,7,45,830,48,,43.323,6.997,Crépuscule ou aube,Hors agglomération,Hors intersection,Normale,Deux véhicules - frontale,,,,,,,,,,,2,1,1,1.0,1
201300021696,0013-03-08 11:00:00,13,3,8,11,0,830,48,,43.323,6.957,Plein jour,Hors agglomération,Hors intersection,Pluie légère,Deux véhicules - frontale,,,,,,,,,,,1,1,1,2.0,1
201300021697,0013-05-03 11:45:00,13,5,3,11,45,830,36,,43.276,6.859,Plein jour,Hors agglomération,Hors intersection,Normale,Deux véhicules - frontale,,,,,,,,,,,1,1,1,1.0,1
201300021698,0013-06-04 19:00:00,13,6,4,19,0,830,48,,43.191,6.593,Plein jour,Hors agglomération,Hors intersection,Normale,Deux véhicules - frontale,,,,,,,,,,,1,1,1,1.0,1
201300021699,0013-06-21 15:45:00,13,6,21,15,45,830,48,chemin de provence,43.20652,6.56531,Plein jour,En agglomération,Intersection en T,Normale,Deux véhicules - côté,,,,,,,,,,,1,2,3,1.0,3
201300021700,0013-06-21 20:00:00,13,6,21,20,0,830,36,Chemin des Collieres,43.19434,6.53089,Plein jour,En agglomération,Hors intersection,Normale,Autre collision,,,,,,,,,,,1,2,1,1.0,6
201300021701,0013-07-02 04:15:00,13,7,2,4,15,830,36,Rue du port,43.169,6.538,Nuit avec éclairage allumé,En agglomération,Hors intersection,Normale,Autre collision,,,,,,,,,,,5,2,1,1.0,6
201300021702,0013-08-22 09:15:00,13,8,22,9,15,830,48,boulevard de Tabarin,43.19426,6.56981,Plein jour,En agglomération,Hors intersection,Normale,Autre collision,,,,,,,,,,,1,2,1,1.0,6
201300021703,0013-10-11 16:00:00,13,10,11,16,0,830,48,,,,Plein jour,Hors agglomération,Hors intersection,Normale,Trois véhicules et plus - collisions multiples,,,,,,,,,,,1,1,1,1.0,5
201300021704,0013-12-03 10:00:00,13,12,3,10,0,830,36,1 Rue du Port,43.173,6.535,Plein jour,En agglomération,Hors intersection,Normale,Autre collision,,,,,,,,,,,1,2,1,1.0,6
201300021705,0013-01-20 17:45:00,13,1,20,17,45,350,151,Le bourg d50,,,Crépuscule ou aube,En agglomération,Hors intersection,Normale,Deux véhicules - côté,,,,,,,,,,,2,2,1,1.0,3
201300021706,0013-01-22 12:30:00,13,1,22,12,30,350,57,,47.939,-1.912,Plein jour,Hors agglomération,Hors intersection,Temps couvert,Sans collision,,,,,,,,,,,1,1,1,8.0,7
201300021707,0013-08-25 15:15:00,13,8,25,15,15,350,168,,,,Plein jour,Hors agglomération,Hors intersection,Normale,Autre collision,,,,,,,,,,,1,1,1,1.0,6
201300021708,0013-10-19 16:00:00,13,10,19,16,0,350,129,,,,Plein jour,Hors agglomération,Hors intersection,Normale,Autre collision,,,,,,,,,,,1,1,1,1.0,6
201300021709,0013-07-17 22:15:00,13,7,17,22,15,860,56,,,,Crépuscule ou aube,Hors agglomération,Hors intersection,Temps éblouissant,Autre collision,,,,,,,,,,,2,1,1,7.0,6
201300021710,0013-11-05 06:15:00,13,11,5,6,15,860,56,,46.515,0.137,Nuit sans éclairage public,Hors agglomération,Hors intersection,Pluie forte,Autre collision,,,,,,,,,,,3,1,1,3.0,6
201300021711,0013-07-09 10:45:00,13,7,9,10,45,620,491,,50.02,2.303,Plein jour,Hors agglomération,Hors intersection,Normale,Sans collision,,,,,,,,,,,1,1,1,1.0,7
201300021712,0013-10-20 17:30:00,13,10,20,17,30,620,502,rue delflie,,,Plein jour,En agglomération,Hors intersection,Normale,Autre collision,,,,,,,,,,,1,2,1,1.0,6
201300021713,0013-01-02 01:15:00,13,1,2,1,15,210,272,,,,Nuit sans éclairage public,Hors agglomération,Hors intersection,Temps couvert,Autre collision,,,,,,,,,,,3,1,1,8.0,6
201300021714,0013-07-02 14:45:00,13,7,2,14,45,210,87,,,,Plein jour,Hors agglomération,Hors intersection,Normale,Deux véhicules - frontale,,,,,,,,,,,1,1,1,1.0,1
201300021715,0013-08-16 10:30:00,13,8,16,10,30,210,128,,,,Plein jour,Hors agglomération,Hors intersection,Normale,Autre collision,,,,,,,,,,,1,1,1,1.0,6
201300021716,0013-08-21 11:50:00,13,8,21,11,50,210,244,,,,Plein jour,Hors agglomération,Hors intersection,Normale,Autre collision,,,,,,,,,,,1,1,1,1.0,6
201300021717,0013-09-13 07:45:00,13,9,13,7,45,210,298,,,,Plein jour,Hors agglomération,Hors intersection,Normale,Autre collision,,,,,,,,,,,1,1,1,1.0,6
201300021718,0013-09-13 09:45:00,13,9,13,9,45,210,501,,47.418,4.948,Plein jour,Hors agglomération,Hors intersection,Pluie légère,Deux véhicules - arrière,,,,,,,,,,,1,1,1,2.0,2
201300021719,0013-09-20 12:30:00,13,9,20,12,30,210,633,,47.573,4.78,Plein jour,Hors agglomération,Hors intersection,Normale,Sans collision,,,,,,,,,,,1,1,1,1.0,7
201300021720,0013-05-20 08:45:00,13,5,20,8,45,860,120,LA GRANDE FERRIERE,,,Plein jour,Hors agglomération,Hors intersection,Pluie forte,Trois véhicules et plus - collisions multiples,,,,,,,,,,,1,1,1,3.0,5
201300021721,0013-01-29 18:35:00,13,1,29,18,35,10,143,AVENUE DE GENEVE,46.3544,6.13909,Nuit avec éclairage allumé,En agglomération,Hors intersection,Pluie légère,Autre collision,,,,,,,,,,,5,2,1,2.0,6
201300021722,0013-04-01 12:00:00,13,4,1,12,0,10,436,,46.3416,6.08915,Plein jour,Hors agglomération,Hors intersection,Normale,Trois véhicules et plus - collisions multiples,,,,,,,,,,,1,1,1,1.0,5
201300021723,0013-09-21 16:00:00,13,9,21,16,0,10,436,,46.348,6.095,Plein jour,Hors agglomération,Hors intersection,Normale,Deux véhicules - arrière,,,,,,,,,,,1,1,1,1.0,2
201300021724,0013-11-09 10:45:00,13,11,9,10,45,10,153,,,,Plein jour,Hors agglomération,Hors intersection,Normale,Deux véhicules - frontale,,,,,,,,,,,1,1,1,1.0,1
201300021725,0013-01-10 18:45:00,13,1,10,18,45,120,96,30 boulevar de Guizard,44.528,2.766,Nuit avec éclairage allumé,En agglomération,Hors intersection,Pluie légère,Autre collision,,,,,,,,,,,5,2,1,2.0,6
201300021726,0013-01-29 13:30:00,13,1,29,13,30,120,157,,,,Plein jour,Hors agglomération,Hors intersection,Normale,Deux véhicules - arrière,,,,,,,,,,,1,1,1,1.0,2
201300021727,0013-03-03 14:30:00,13,3,3,14,30,120,49,,,,Plein jour,Hors agglomération,Hors intersection,Temps éblouissant,Deux véhicules - frontale,,,,,,,,,,,1,1,1,7.0,1
201300021728,0013-03-30 05:30:00,13,3,30,5,30,120,157,,,,Nuit sans éclairage public,Hors agglomération,Hors intersection,Pluie légère,Autre collision,,,,,,,,,,,3,1,1,2.0,6
201300021729,0013-04-09 15:15:00,13,4,9,15,15,120,216,,44.529,2.827,Plein jour,Hors agglomération,Hors intersection,Pluie légère,Autre collision,,,,,,,,,,,1,1,1,2.0,6
201300021730,0013-05-02 15:30:00,13,5,2,15,30,120,33,,44.437,2.679,Plein jour,Hors agglomération,Hors intersection,Normale,Deux véhicules - arrière,,,,,,,,,,,1,1,1,1.0,2
201300021731,0013-12-19 09:00:00,13,12,19,9,0,120,96,boulevard joseph poulenc,44.528,2.763,Plein jour,En agglomération,Hors intersection,Pluie légère,Autre collision,,,,,,,,,,,1,2,1,2.0,6
201300021732,0013-11-17 00:15:00,13,11,17,0,15,640,450,,43.4795,-0.55289,Nuit sans éclairage public,Hors agglomération,Hors intersection,Temps couvert,Sans collision,,,,,,,,,,,3,1,1,8.0,7
201300021733,0013-12-12 18:45:00,13,12,12,18,45,640,300,,43.4153,-0.62874,Nuit avec éclairage allumé,Hors agglomération,Hors intersection,Normale,Deux véhicules - arrière,,,,,,,,,,,5,1,1,1.0,2
201300021734,0013-01-16 07:20:00,13,1,16,7,20,10,322,,45.9478,4.80885,Crépuscule ou aube,Hors agglomération,Intersection en X,Brouillard / fumée,Deux véhicules - côté,,,,,,,,,,,2,1,2,5.0,3
201300021735,0013-03-06 17:00:00,13,3,6,17,0,10,427,RUE NEUVE,45.9404,4.77074,Plein jour,En agglomération,Hors intersection,Normale,Autre collision,,,,,,,,,,,1,2,1,1.0,6
201300021736,0013-04-23 11:00:00,13,4,23,11,0,10,157,,46.0242,4.75271,Plein jour,Hors agglomération,Intersection en X,Temps éblouissant,Deux véhicules - côté,,,,,,,,,,,1,1,2,7.0,3
201300021737,0013-06-18 12:45:00,13,6,18,12,45,10,194,,45.986,4.75877,Plein jour,En agglomération,Intersection en T,Normale,Deux véhicules - côté,,,,,,,,,,,1,2,3,1.0,3
201300021738,0013-07-25 19:05:00,13,7,25,19,5,10,322,,45.9406,4.80976,Plein jour,Hors agglomération,Hors intersection,Normale,Autre collision,,,,,,,,,,,1,1,1,1.0,6
201300021739,0013-08-06 17:00:00,13,8,6,17,0,10,322,,45.9428,4.82178,Plein jour,Hors agglomération,Intersection en X,Normale,Deux véhicules - côté,,,,,,,,,,,1,1,2,1.0,3
201300021740,0013-01-01 04:25:00,13,1,1,4,25,290,19,"., EUROPE (DE 13 A 15)",48.41574,-4.4737,Nuit avec éclairage allumé,En agglomération,Hors intersection,Pluie légère,Deux véhicules - arrière,,,,,,,,,,,5,2,1,2.0,2
201300021741,0013-01-02 17:55:00,13,1,2,17,55,290,19,"., KERJEGU MONTJARET DE",48.39046,-4.452,Crépuscule ou aube,En agglomération,Hors intersection,Normale,Autre collision,,,,,,,,,,,2,2,1,1.0,6
201300021742,0013-01-03 11:40:00,13,1,3,11,40,290,19,DESFOSSES ROMAIN (AMIRAL,48.4267,-4.47714,Plein jour,En agglomération,Hors intersection,Normale,Deux véhicules - côté,,,,,,,,,,,1,2,1,1.0,3
201300021743,0013-01-11 23:35:00,13,1,11,23,35,290,19,", MAISSIN",48.3879,-4.50338,Nuit avec éclairage allumé,En agglomération,Hors intersection,Pluie forte,Autre collision,,,,,,,,,,,5,2,1,3.0,6
201300021744,0013-01-15 18:30:00,13,1,15,18,30,290,19,"29, LOTI PIERRE",48.38261,-4.50567,Nuit avec éclairage allumé,En agglomération,Hors intersection,Normale,Autre collision,,,,,,,,,,,5,2,1,1.0,6
201300021745,0013-01-17 22:25:00,13,1,17,22,25,290,19,"., LE GORGEU (N?29 (TOTA",48.39977,-4.49664,Nuit avec éclairage allumé,Hors agglomération,Giratoire,Pluie forte,Autre collision,,,,,,,,,,,5,1,6,3.0,6
201300021746,0013-01-18 09:05:00,13,1,18,9,5,290,19,"., FOUQUAT FRANCOIS",48.40448,-4.46672,Plein jour,En agglomération,Hors intersection,Normale,Autre collision,,,,,,,,,,,1,2,1,1.0,6
201300021747,0013-01-18 07:30:00,13,1,18,7,30,290,19,"23, DUNANT HENRI",48.42117,-4.49679,Nuit avec éclairage allumé,En agglomération,Intersection en T,Normale,Deux véhicules - côté,,,,,,,,,,,5,2,3,1.0,3
201300021748,0013-01-20 06:10:00,13,1,20,6,10,290,19,"0, SCHUMANN ROBERT (PONT",48.39799,-4.49119,Nuit avec éclairage allumé,En agglomération,Hors intersection,Normale,Deux véhicules - arrière,,,,,,,,,,,5,2,1,1.0,2
201300021749,0013-01-22 19:25:00,13,1,22,19,25,290,19,"., ROUSSE EMILE",48.38395,-4.52784,Nuit avec éclairage allumé,En agglomération,Giratoire,Normale,Deux véhicules - côté,,,,,,,,,,,5,2,6,1.0,3
201300021750,0013-01-25 15:40:00,13,1,25,15,40,290,19,"0, JAURES JEAN (DE 1 A 4",48.39172,-4.48365,Plein jour,En agglomération,Intersection en X,Normale,Deux véhicules - côté,,,,,,,,,,,1,2,2,1.0,3
201300021751,0013-01-26 23:10:00,13,1,26,23,10,290,19,EUROPE (DE 58 A 166 ET 9,48.41313,-4.49285,Nuit avec éclairage allumé,En agglomération,Intersection en T,Normale,Deux véhicules - côté,,,,,,,,,,,5,2,3,1.0,3