accident_id,datetime,annee,mois,jour,heure,minute,departement,commune_insee,adresse,latitude,longitude,luminosite,agglomeration,intersection,meteo,collision,nb_vehicules,nb_usagers,nb_indemnes,nb_tues,nb_blesses_hosp,nb_blesses_legers,age_cond_1,age_cond_2,veh_type_cond_1,veh_type_cond_2,lum_code,agg_code,int_code,atm_code,col_code
201300021752,0013-01-28 08:50:00,13,1,28,8,50,290,19,"., CHERBOURG",48.38188,-4.50166,Crépuscule ou aube,En agglomération,Hors intersection,Normale,Autre collision,,,,,,,,,,,2,2,1,1.0,6
201300021753,0013-01-29 07:15:00,13,1,29,7,15,290,19,BLUM LEON,48.40491,-4.48463,Nuit avec éclairage allumé,En agglomération,Hors intersection,Pluie forte,Autre collision,,,,,,,,,,,5,2,1,3.0,6
201300021754,0013-01-29 13:30:00,13,1,29,13,30,290,19,BOTREL THEODORE (DE 1 A,48.40469,-4.50166,Plein jour,En agglomération,Hors intersection,Normale,Autre collision,,,,,,,,,,,1,2,1,1.0,6
201300021755,0013-01-30 08:20:00,13,1,30,8,20,290,19,"131, JAURES JEAN (DE 105",48.40182,-4.46825,Crépuscule ou aube,En agglomération,Hors intersection,Normale,Deux véhicules - côté,,,,,,,,,,,2,2,1,1.0,3
201300021756,0013-01-30 17:30:00,13,1,30,17,30,290,19,"., ROND POINT Dun Laogha",48.40199,-4.50237,Plein jour,En agglomération,Giratoire,Normale,Deux véhicules - côté,,,,,,,,,,,1,2,6,1.0,3
201300021757,0013-01-31 18:50:00,13,1,31,18,50,290,19,"0, TREMAUDAN ERNESTINE D",48.42873,-4.47677,Nuit avec éclairage allumé,En agglomération,Intersection en X,Normale,Deux véhicules - côté,,,,,,,,,,,5,2,2,1.0,3
201300021758,0013-02-01 12:10:00,13,2,1,12,10,290,19,"., DOCTEUR ROUX",48.38418,-4.5172,Plein jour,En agglomération,Hors intersection,Pluie légère,Autre collision,,,,,,,,,,,1,2,1,2.0,6
201300021759,0013-02-01 17:05:00,13,2,1,17,5,290,19,PAULET GENERAL (DE 1 A 1,48.40733,-4.4754,Plein jour,En agglomération,Hors intersection,Normale,Autre collision,,,,,,,,,,,1,2,1,1.0,6
201300021760,0013-02-02 13:40:00,13,2,2,13,40,290,19,EUROPE (DE 13 A 15),48.41607,-4.47053,Plein jour,En agglomération,Intersection en T,Normale,Deux véhicules - côté,,,,,,,,,,,1,2,3,1.0,3
201300021761,0013-02-04 14:10:00,13,2,4,14,10,290,19,"0, HUIT MAI 1945 (DE 46",48.4125,-4.47593,Plein jour,En agglomération,Giratoire,Normale,Deux véhicules - côté,,,,,,,,,,,1,2,6,1.0,3
201300021762,0013-02-14 07:55:00,13,2,14,7,55,290,19,", TARENTE",48.40469,-4.5096,Plein jour,En agglomération,Hors intersection,Pluie légère,Autre collision,,,,,,,,,,,1,2,1,2.0,6
201300021763,0013-02-16 20:00:00,13,2,16,20,0,290,19,"80, DROGOU COMMANDANT (D",48.40461,-4.49742,Crépuscule ou aube,En agglomération,Hors intersection,Normale,Autre collision,,,,,,,,,,,2,2,1,1.0,6
201300021764,0013-02-22 05:40:00,13,2,22,5,40,290,19,SALAUN PENQUER,48.38432,-4.48403,Nuit avec éclairage non allumé,En agglomération,Intersection en T,Normale,Deux véhicules - côté,,,,,,,,,,,4,2,3,1.0,3
201300021765,0013-02-24 14:25:00,13,2,24,14,25,290,19,"., TOURVILLE",48.39309,-4.49851,Plein jour,En agglomération,Intersection en T,Normale,Autre collision,,,,,,,,,,,1,2,3,1.0,6
201300021766,0013-02-26 09:30:00,13,2,26,9,30,290,19,"34, MESDOUN",48.37768,-4.52234,Plein jour,En agglomération,Hors intersection,Normale,Trois véhicules et plus - en chaîne,,,,,,,,,,,1,2,1,1.0,4
201300021767,0013-02-27 12:00:00,13,2,27,12,0,290,19,LESVEN JULES (DE 1 A 53,48.40429,-4.47644,Plein jour,En agglomération,Intersection en X,Normale,Deux véhicules - côté,,,,,,,,,,,1,2,2,1.0,3
201300021768,0013-02-28 07:15:00,13,2,28,7,15,290,19,"0, LESVEN JULES (DE 1 A",48.40283,-4.47397,Nuit avec éclairage allumé,En agglomération,Hors intersection,Normale,Deux véhicules - arrière,,,,,,,,,,,5,2,1,1.0,2
201300021769,0013-03-02 14:55:00,13,3,2,14,55,290,19,"., LE GORGEU (SANS N? EN",48.40461,-4.50601,Plein jour,En agglomération,Giratoire,Normale,Autre collision,,,,,,,,,,,1,2,6,1.0,6
201300021770,0013-03-07 05:05:00,13,3,7,5,5,290,19,"0, EINSTEIN ALBERT",48.4082,-4.46228,Nuit avec éclairage allumé,En agglomération,Intersection en X,Pluie légère,Deux véhicules - côté,,,,,,,,,,,5,2,2,2.0,3
201300021771,0013-03-11 07:50:00,13,3,11,7,50,290,19,"., PEN AR CH'LEUZ",48.41501,-4.47979,Plein jour,En agglomération,Giratoire,Pluie légère,Deux véhicules - arrière,,,,,,,,,,,1,2,6,2.0,2
201300021772,0013-03-11 08:50:00,13,3,11,8,50,290,19,"., GLASGOW (DE 1 A 9 ET",48.39193,-4.4848,Plein jour,En agglomération,Hors intersection,Normale,Autre collision,,,,,,,,,,,1,2,1,1.0,6
201300021773,0013-03-14 16:50:00,13,3,14,16,50,290,19,"., PREMIERE DFL (AVENUE)",48.37602,-4.55382,Plein jour,En agglomération,Giratoire,Normale,Autre collision,,,,,,,,,,,1,2,6,1.0,6
201300021774,0013-03-16 10:55:00,13,3,16,10,55,290,19,"19, CLEMENCEAU GEORGES (",48.38935,-4.48455,Plein jour,En agglomération,Hors intersection,Normale,Autre collision,,,,,,,,,,,1,2,1,1.0,6
201300021775,0013-03-17 20:35:00,13,3,17,20,35,290,19,"., BLUM LEON",48.40817,-4.48517,Nuit avec éclairage non allumé,En agglomération,Hors intersection,Pluie légère,Deux véhicules - côté,,,,,,,,,,,4,2,1,2.0,3
201300021776,0013-03-18 10:20:00,13,3,18,10,20,290,19,"0, DIXMUDE",48.40068,-4.46002,Plein jour,En agglomération,Intersection en X,Normale,Deux véhicules - côté,,,,,,,,,,,1,2,2,1.0,3
201300021777,0013-03-21 17:20:00,13,3,21,17,20,290,19,"., KERMENGUY",48.40301,-4.54933,Plein jour,En agglomération,Hors intersection,Pluie légère,Autre collision,,,,,,,,,,,1,2,1,2.0,6
201300021778,0013-03-25 17:25:00,13,3,25,17,25,290,19,"0, DUPUY DE LOME (DE 34",48.39069,-4.50916,Plein jour,En agglomération,Hors intersection,Normale,Autre collision,,,,,,,,,,,1,2,1,1.0,6
201300021779,0013-03-31 10:50:00,13,3,31,10,50,290,19,GUELMEUR (DE 1 A 61 ET 2,48.39627,-4.45818,Plein jour,En agglomération,Hors intersection,Normale,Autre collision,,,,,,,,,,,1,2,1,1.0,6
201300021780,0013-03-31 22:45:00,13,3,31,22,45,290,19,DUQUESNE (DE 1 A 11 ET 2,48.39107,-4.48873,Nuit avec éclairage allumé,En agglomération,Giratoire,Normale,Deux véhicules - arrière,,,,,,,,,,,5,2,6,1.0,2
201300021781,0013-04-03 18:30:00,13,4,3,18,30,290,19,DESFOSSES ROMAIN (AMIRAL,48.42625,-4.47553,Plein jour,En agglomération,Giratoire,Normale,Autre collision,,,,,,,,,,,1,2,6,1.0,6
201300021782,0013-04-04 09:05:00,13,4,4,9,5,290,19,"., HARTELOIRE (RUE)",48.39339,-4.49209,Plein jour,En agglomération,Hors intersection,Pluie légère,Deux véhicules - arrière,,,,,,,,,,,1,2,1,2.0,2
201300021783,0013-04-06 14:20:00,13,4,6,14,20,290,19,DOUANE (QUAI DE LA),48.38242,-4.48563,Plein jour,Hors agglomération,Hors intersection,Normale,Autre collision,,,,,,,,,,,1,1,1,1.0,6
201300021784,0013-04-15 10:20:00,13,4,15,10,20,290,19,"0, BUGEAUD",48.39671,-4.47987,Plein jour,En agglomération,Intersection en X,Normale,Deux véhicules - côté,,,,,,,,,,,1,2,2,1.0,3
201300021785,0013-04-13 05:10:00,13,4,13,5,10,290,19,"117, ROBESPIERRE (96 ET",48.40679,-4.48944,Nuit avec éclairage allumé,En agglomération,Hors intersection,Normale,Autre collision,,,,,,,,,,,5,2,1,1.0,6
201300021786,0013-04-21 15:25:00,13,4,21,15,25,290,19,TOURVILLE,48.39309,-4.49851,Plein jour,En agglomération,Hors intersection,Normale,Autre collision,,,,,,,,,,,1,2,1,1.0,6
201300021787,0013-04-23 17:50:00,13,4,23,17,50,290,19,JAURES JEAN (DE 1 A 41 E,48.40206,-4.46792,Plein jour,En agglomération,Intersection en X,Normale,Deux véhicules - côté,,,,,,,,,,,1,2,2,1.0,3
201300021788,0013-04-24 00:01:00,13,4,24,0,1,290,19,"0, KERJEAN VRAS (RUE ET",48.3928,-4.47749,Nuit avec éclairage allumé,En agglomération,Intersection en T,Normale,Deux véhicules - côté,,,,,,,,,,,5,2,3,1.0,3
201300021789,0013-04-25 16:45:00,13,4,25,16,45,290,19,"134, PLYMOUTH (DE 89 A 1",48.38699,-4.52589,Plein jour,En agglomération,Hors intersection,Normale,Deux véhicules - côté,,,,,,,,,,,1,2,1,1.0,3
201300021790,0013-04-27 20:40:00,13,4,27,20,40,290,19,"., VILLENEUVE (RUE)",48.41012,-4.46254,Plein jour,En agglomération,Giratoire,Normale,Deux véhicules - côté,,,,,,,,,,,1,2,6,1.0,3
201300021791,0013-05-02 15:05:00,13,5,2,15,5,290,19,LESVEN JULES (DE 1 A 53,48.40683,-4.4794,Plein jour,En agglomération,Hors intersection,Normale,Deux véhicules - côté,,,,,,,,,,,1,2,1,1.0,3
201300021792,0013-05-07 09:40:00,13,5,7,9,40,290,19,"., PLYMOUTH (DE 89 A 135",48.38304,-4.53837,Plein jour,En agglomération,Hors intersection,Normale,Autre collision,,,,,,,,,,,1,2,1,1.0,6
201300021793,0013-05-07 12:20:00,13,5,7,12,20,290,19,"0, GALLIENI GENERAL (DE",48.38985,-4.50764,Plein jour,En agglomération,Hors intersection,Normale,Deux véhicules - côté,,,,,,,,,,,1,2,1,1.0,3
201300021794,0013-05-10 04:40:00,13,5,10,4,40,290,19,"., MONTAIGNE (DE 39 A 11",48.40181,-4.48312,Nuit avec éclairage allumé,En agglomération,Intersection en X,Normale,Autre collision,,,,,,,,,,,5,2,2,1.0,6
201300021795,0013-05-10 17:00:00,13,5,10,17,0,290,19,"45, GLASGOW (DE 1 A 9 ET",48.39522,-4.48421,Plein jour,En agglomération,Hors intersection,Normale,Deux véhicules - arrière,,,,,,,,,,,1,2,1,1.0,2
201300021796,0013-05-15 17:50:00,13,5,15,17,50,290,19,"., DUVAL MARCELLIN (DE 1",48.41731,-4.48702,Plein jour,En agglomération,Hors intersection,Normale,Deux véhicules - côté,,,,,,,,,,,1,2,1,1.0,3
201300021797,0013-05-17 12:50:00,13,5,17,12,50,290,19,"., GUILERS (DE 1 A 37 ET",48.38622,-4.51264,Plein jour,En agglomération,Giratoire,Normale,Deux véhicules - côté,,,,,,,,,,,1,2,6,1.0,3
201300021798,0013-05-25 00:05:00,13,5,25,0,5,290,19,"64, HUIT MAI 1945 (DE 46",48.41302,-4.47752,Nuit avec éclairage allumé,En agglomération,Hors intersection,Normale,Deux véhicules - côté,,,,,,,,,,,5,2,1,1.0,3
201300021799,0013-05-25 16:55:00,13,5,25,16,55,290,19,"., LE GORGEU (N?ENTRE TA",48.40461,-4.50601,Plein jour,En agglomération,Giratoire,Normale,Deux véhicules - côté,,,,,,,,,,,1,2,6,1.0,3
201300021800,0013-05-28 08:20:00,13,5,28,8,20,290,19,MAISSIN,48.3879,-4.50338,Plein jour,En agglomération,Hors intersection,Normale,Deux véhicules - côté,,,,,,,,,,,1,2,1,1.0,3
201300021801,0013-05-31 23:30:00,13,5,31,23,30,290,19,"42, SEBASTOPOL",48.39815,-4.47238,Nuit avec éclairage allumé,En agglomération,Hors intersection,Normale,Deux véhicules - arrière,,,,,,,,,,,5,2,1,1.0,2
201300021802,0013-06-01 16:35:00,13,6,1,16,35,290,19,"0, TARENTE",48.40469,-4.5096,Plein jour,En agglomération,Hors intersection,Normale,Deux véhicules - côté,,,,,,,,,,,1,2,1,1.0,3
201300021803,0013-06-03 07:50:00,13,6,3,7,50,290,19,"., POULLIC AL OR",48.38753,-4.47543,Plein jour,En agglomération,Hors intersection,Normale,Deux véhicules - arrière,,,,,,,,,,,1,2,1,1.0,2
201300021804,0013-06-04 13:40:00,13,6,4,13,40,290,19,"., ARMOR",48.38386,-4.51609,Plein jour,En agglomération,Intersection en T,Normale,Deux véhicules - côté,,,,,,,,,,,1,2,3,1.0,3
201300021805,0013-06-07 14:15:00,13,6,7,14,15,290,19,"., EUROPE (DE 201 A 215)",48.40985,-4.51646,Plein jour,En agglomération,Hors intersection,Normale,Deux véhicules - arrière,,,,,,,,,,,1,2,1,1.0,2
201300021806,0013-06-07 15:30:00,13,6,7,15,30,290,19,"0, EUROPE (DE 58 A 166 E",48.41313,-4.49294,Plein jour,En agglomération,Intersection en X,Pluie forte,Deux véhicules - côté,,,,,,,,,,,1,2,2,3.0,3
201300021807,0013-06-07 15:35:00,13,6,7,15,35,290,19,"., EAU BLANCHE (DE 1 A 7",48.41197,-4.45789,Plein jour,En agglomération,Intersection en X,Normale,Autre collision,,,,,,,,,,,1,2,2,1.0,6
201300021808,0013-06-08 14:50:00,13,6,8,14,50,290,19,"., CHATEAU (DE 37 A 55 E",48.38561,-4.48818,Plein jour,En agglomération,Intersection en X,Normale,Deux véhicules - côté,,,,,,,,,,,1,2,2,1.0,3
201300021809,0013-06-10 19:07:00,13,6,10,19,7,290,19,LESVEN JULES (DE 1 A 53,48.40703,-4.47947,Plein jour,En agglomération,Giratoire,Normale,Deux véhicules - côté,,,,,,,,,,,1,2,6,1.0,3
201300021810,0013-06-11 09:30:00,13,6,11,9,30,290,19,"0, MESDOUN",48.37711,-4.52145,Plein jour,En agglomération,Hors intersection,Pluie légère,Autre collision,,,,,,,,,,,1,2,1,2.0,6
201300021811,0013-06-15 17:50:00,13,6,15,17,50,290,19,"52, GOUESNOU (DE 43 A 21",48.4097,-4.46831,Plein jour,En agglomération,Hors intersection,Normale,Deux véhicules - frontale,,,,,,,,,,,1,2,1,1.0,1
201300021812,0013-06-16 08:40:00,13,6,16,8,40,290,19,TARENTE,48.40666,-4.5122,Plein jour,En agglomération,Hors intersection,Pluie légère,Deux véhicules - arrière,,,,,,,,,,,1,2,1,2.0,2
201300021813,0013-06-17 20:20:00,13,6,17,20,20,290,19,"., VALMY",48.39948,-4.46598,Plein jour,En agglomération,Intersection en Y,Normale,Deux véhicules - côté,,,,,,,,,,,1,2,4,1.0,3
201300021814,0013-06-19 10:25:00,13,6,19,10,25,290,19,"4, DOLET ETIENNE",48.38828,-4.4894,Plein jour,En agglomération,Hors intersection,Normale,Autre collision,,,,,,,,,,,1,2,1,1.0,6
201300021815,0013-06-20 12:07:00,13,6,20,12,7,290,19,"12, BEAUMANOIR",48.38698,-4.51448,Plein jour,En agglomération,Hors intersection,Pluie légère,Deux véhicules - côté,,,,,,,,,,,1,2,1,2.0,3
201300021816,0013-06-20 17:35:00,13,6,20,17,35,290,19,MONTAIGNE (DE 1 A 37 ET,48.39999,-4.48582,Plein jour,En agglomération,Intersection en X,Temps couvert,Trois véhicules et plus - collisions multiples,,,,,,,,,,,1,2,2,8.0,5
201300021817,0013-06-24 15:40:00,13,6,24,15,40,290,19,MOULIN JEAN (SANS N? PAI,48.39079,-4.49397,Plein jour,En agglomération,Intersection en T,Normale,Deux véhicules - côté,,,,,,,,,,,1,2,3,1.0,3
201300021818,0013-06-24 13:00:00,13,6,24,13,0,290,19,"161, GUYNEMER CAPITAINE",48.39,-4.46432,Plein jour,En agglomération,Hors intersection,Normale,Autre collision,,,,,,,,,,,1,2,1,1.0,6
201300021819,0013-06-22 21:20:00,13,6,22,21,20,290,19,"., EUROPE (DE 13 A 15)",48.41594,-4.47177,Plein jour,En agglomération,Intersection en X,Normale,Deux véhicules - côté,,,,,,,,,,,1,2,2,1.0,3
201300021820,0013-06-25 14:05:00,13,6,25,14,5,290,19,"21, TRAVERSE",48.38516,-4.48952,Plein jour,En agglomération,Hors intersection,Normale,Autre collision,,,,,,,,,,,1,2,1,1.0,6
201300021821,0013-06-25 17:15:00,13,6,25,17,15,290,19,"., DOCTEUR GUILLERM",48.38674,-4.53542,Plein jour,En agglomération,Intersection en T,Normale,Deux véhicules - arrière,,,,,,,,,,,1,2,3,1.0,2
201300021822,0013-06-27 11:00:00,13,6,27,11,0,290,19,"., CLEMENCEAU GEORGES (D",48.39054,-4.48681,Plein jour,En agglomération,Hors intersection,Normale,Autre collision,,,,,,,,,,,1,2,1,1.0,6
201300021823,0013-06-29 20:00:00,13,6,29,20,0,290,19,"., QUIMPER (154 ET 173 A",48.39946,-4.44297,Plein jour,En agglomération,Hors intersection,Normale,Trois véhicules et plus - en chaîne,,,,,,,,,,,1,2,1,1.0,4
201300021824,0013-06-30 04:20:00,13,6,30,4,20,290,19,"139, QUATRE POMPES (DE 6",48.36709,-4.52897,Nuit avec éclairage allumé,En agglomération,Hors intersection,Normale,Autre collision,,,,,,,,,,,5,2,1,1.0,6
201300021825,0013-07-10 18:35:00,13,7,10,18,35,290,19,GOUESNOU (DE 1 A 29 ET 2,48.41511,-4.46828,Plein jour,En agglomération,Intersection en T,Normale,Deux véhicules - côté,,,,,,,,,,,1,2,3,1.0,3
201300021826,0013-07-16 13:00:00,13,7,16,13,0,290,19,PEN AR CH'LEUZ (ROND POI,48.41474,-4.47885,Plein jour,En agglomération,Hors intersection,Normale,Sans collision,,,,,,,,,,,1,2,1,1.0,7
201300021827,0013-07-17 12:40:00,13,7,17,12,40,290,19,"0, ROCH GLAS (ROUTE ET C",48.43191,-4.48751,Plein jour,En agglomération,Hors intersection,Normale,Deux véhicules - frontale,,,,,,,,,,,1,2,1,1.0,1
201300021828,0013-07-18 20:00:00,13,7,18,20,0,290,19,"., CEZANNE",48.41326,-4.47145,Plein jour,Hors agglomération,Hors intersection,Normale,Autre collision,,,,,,,,,,,1,1,1,1.0,6
201300021829,0013-07-20 12:15:00,13,7,20,12,15,290,19,"22, HUIT MAI 1945 (DE 2",48.41026,-4.47091,Plein jour,En agglomération,Hors intersection,Normale,Deux véhicules - côté,,,,,,,,,,,1,2,1,1.0,3
201300021830,0013-07-25 06:35:00,13,7,25,6,35,290,19,"33, CORBIERE EDOUARD (DE",48.3919,-4.47292,Crépuscule ou aube,En agglomération,Hors intersection,Normale,Autre collision,,,,,,,,,,,2,2,1,1.0,6
201300021831,0013-07-27 18:40:00,13,7,27,18,40,290,19,"., PRIGENT TANGUY (DE ME",48.39671,-4.53261,Plein jour,En agglomération,Intersection en T,Normale,Trois véhicules et plus - collisions multiples,,,,,,,,,,,1,2,3,1.0,5
201300021832,0013-08-02 11:00:00,13,8,2,11,0,290,19,"., LE GORGEU (N?29 (TOTA",48.39977,-4.49664,Plein jour,En agglomération,Intersection en X,Normale,Deux véhicules - côté,,,,,,,,,,,1,2,2,1.0,3
201300021833,0013-08-03 13:10:00,13,8,3,13,10,290,19,"., AIGUILLON (DE 1 A 37",48.38683,-4.49061,Plein jour,En agglomération,Hors intersection,Normale,Autre collision,,,,,,,,,,,1,2,1,1.0,6
201300021834,0013-08-09 07:20:00,13,8,9,7,20,290,19,"., EUROPE (DE 58 A 166 E",48.41313,-4.49286,Plein jour,En agglomération,Hors intersection,Normale,Deux véhicules - frontale,,,,,,,,,,,1,2,1,1.0,1
201300021835,0013-08-13 17:20:00,13,8,13,17,20,290,19,"., SAINT MARC (DE 1 A 59",48.38679,-4.4701,Plein jour,En agglomération,Hors intersection,Normale,Autre collision,,,,,,,,,,,1,2,1,1.0,6
201300021836,0013-08-15 12:00:00,13,8,15,12,0,290,19,"., F.F.I.",48.41691,-4.49267,Plein jour,En agglomération,Hors intersection,Normale,Autre collision,,,,,,,,,,,1,2,1,1.0,6
201300021837,0013-08-19 21:20:00,13,8,19,21,20,290,19,"., TARTU JEAN FRANCOIS (",48.38308,-4.52757,Plein jour,En agglomération,Giratoire,Normale,Autre collision,,,,,,,,,,,1,2,6,1.0,6
201300021838,0013-08-23 01:00:00,13,8,23,1,0,290,19,PARIS ( 33 ET 42 A FIN),48.40499,-4.46348,Nuit avec éclairage allumé,En agglomération,Intersection en X,Normale,Deux véhicules - côté,,,,,,,,,,,5,2,2,1.0,3
201300021839,0013-08-30 14:50:00,13,8,30,14,50,290,19,"0, ROBESPIERRE (96 ET 10",48.40718,-4.48958,Plein jour,En agglomération,Hors intersection,Normale,Autre collision,,,,,,,,,,,1,2,1,1.0,6
201300021840,0013-09-10 08:00:00,13,9,10,8,0,290,19,"., FOULQUES ROND POINT D",48.38955,-4.45872,Plein jour,En agglomération,Giratoire,Normale,Deux véhicules - côté,,,,,,,,,,,1,2,6,1.0,3
201300021841,0013-09-03 13:20:00,13,9,3,13,20,290,19,"., MUSSET ALFRED DE",48.3906,-4.46652,Plein jour,En agglomération,Intersection en X,Normale,Deux véhicules - côté,,,,,,,,,,,1,2,2,1.0,3
201300021842,0013-09-04 20:20:00,13,9,4,20,20,290,19,COROT,48.41419,-4.47239,Plein jour,En agglomération,Intersection en T,Normale,Deux véhicules - côté,,,,,,,,,,,1,2,3,1.0,3
201300021843,0013-09-04 22:43:00,13,9,4,22,43,290,19,"0, MASSILLON (DE 1 A 31",48.39559,-4.48158,Nuit avec éclairage allumé,En agglomération,Intersection en X,Normale,Autre collision,,,,,,,,,,,5,2,2,1.0,6
201300021844,0013-09-05 08:55:00,13,9,5,8,55,290,19,"., TARENTE",48.40469,-4.5096,Plein jour,En agglomération,Hors intersection,Normale,Autre collision,,,,,,,,,,,1,2,1,1.0,6
201300021845,0013-09-06 17:35:00,13,9,6,17,35,290,19,MADAGASCAR,48.38453,-4.4793,Plein jour,En agglomération,Hors intersection,Pluie légère,Deux véhicules - côté,,,,,,,,,,,1,2,1,2.0,3
201300021846,0013-09-07 18:40:00,13,9,7,18,40,290,19,"., LE GORGEU (N?29 (TOTA",48.40461,-4.50601,Plein jour,En agglomération,Giratoire,Normale,Deux véhicules - côté,,,,,,,,,,,1,2,6,1.0,3
201300021847,0013-09-09 12:10:00,13,9,9,12,10,290,19,"34, LESVEN JULES (DE 26",47.87562,-3.91729,Plein jour,En agglomération,Hors intersection,Normale,Deux véhicules - côté,,,,,,,,,,,1,2,1,1.0,3
201300021848,0013-09-12 17:40:00,13,9,12,17,40,290,19,"., ROCH GLAS (ROUTE ET C",48.43191,-4.48751,Plein jour,En agglomération,Intersection en T,Pluie légère,Trois véhicules et plus - en chaîne,,,,,,,,,,,1,2,3,2.0,4
201300021849,0013-09-13 23:23:00,13,9,13,23,23,290,19,"0, LE GORGEU (N?29 (TOTA",48.40568,-4.50741,Nuit avec éclairage allumé,En agglomération,Hors intersection,Pluie légère,Autre collision,,,,,,,,,,,5,2,1,2.0,6
201300021850,0013-09-14 17:00:00,13,9,14,17,0,290,19,"., KERAMPERE",48.39548,-4.44849,Plein jour,En agglomération,Passage à niveau,Normale,Deux véhicules - côté,,,,,,,,,,,1,2,8,1.0,3
201300021851,0013-09-15 05:55:00,13,9,15,5,55,290,19,STRASBOURG (PLACE),48.40247,-4.46686,Nuit avec éclairage non allumé,En agglomération,Giratoire,Normale,Deux véhicules - côté,,,,,,,,,,,4,2,6,1.0,3
201300021852,0013-09-16 08:30:00,13,9,16,8,30,290,19,"33, LOTI PIERRE",48.38263,-4.5058,Plein jour,En agglomération,Hors intersection,Normale,Autre collision,,,,,,,,,,,1,2,1,1.0,6
201300021853,0013-09-17 11:30:00,13,9,17,11,30,290,19,"., PAULET GENERAL (DE 1",48.4168,-4.47608,Plein jour,En agglomération,Hors intersection,Brouillard / fumée,Deux véhicules - frontale,,,,,,,,,,,1,2,1,5.0,1
201300021854,0013-09-20 00:55:00,13,9,20,0,55,290,19,JAURES JEAN (DE 239 ET 2,48.39996,-4.47113,Nuit avec éclairage allumé,En agglomération,Intersection en T,Normale,Deux véhicules - côté,,,,,,,,,,,5,2,3,1.0,3
201300021855,0013-09-22 16:20:00,13,9,22,16,20,290,19,"0, DUVAL MARCELLIN (DE 1",48.41731,-4.48702,Plein jour,En agglomération,Hors intersection,Normale,Deux véhicules - côté,,,,,,,,,,,1,2,1,1.0,3
201300021856,0013-09-23 18:50:00,13,9,23,18,50,290,19,"., LE GORGEU (N?29 (TOTA",48.40036,-4.49894,Plein jour,En agglomération,Giratoire,Temps éblouissant,Deux véhicules - arrière,,,,,,,,,,,1,2,6,7.0,2
201300021857,0013-09-24 08:10:00,13,9,24,8,10,290,19,HARTELOIRE (PONT),48.39295,-4.49917,Plein jour,En agglomération,Hors intersection,Normale,Autre collision,,,,,,,,,,,1,2,1,1.0,6
201300021858,0013-09-24 08:50:00,13,9,24,8,50,290,19,"2, ARCHINARD GENERAL",48.40027,-4.50811,Plein jour,En agglomération,Hors intersection,Normale,Autre collision,,,,,,,,,,,1,2,1,1.0,6
201300021859,0013-09-27 08:55:00,13,9,27,8,55,290,19,"69, RIVIERE FRANCOIS (RU",48.39446,-4.46929,Plein jour,En agglomération,Hors intersection,Normale,Autre collision,,,,,,,,,,,1,2,1,1.0,6
201300021860,0013-09-27 17:15:00,13,9,27,17,15,290,19,TARENTE,48.4038,-4.50856,Plein jour,En agglomération,Hors intersection,Normale,Deux véhicules - côté,,,,,,,,,,,1,2,1,1.0,3
201300021861,0013-09-28 16:15:00,13,9,28,16,15,290,19,"., GOUESNOU (DE 1 A 29 E",48.40304,-4.4673,Plein jour,En agglomération,Hors intersection,Normale,Deux véhicules - côté,,,,,,,,,,,1,2,1,1.0,3
201300021862,0013-09-28 18:30:00,13,9,28,18,30,290,19,"., CLEMENCEAU GEORGES (D",48.39054,-4.48681,Plein jour,En agglomération,Hors intersection,Normale,Autre collision,,,,,,,,,,,1,2,1,1.0,6
201300021863,0013-09-30 09:55:00,13,9,30,9,55,290,19,"71, MONTAIGNE (DE 39 A 1",48.40358,-4.48046,Plein jour,En agglomération,Hors intersection,Normale,Deux véhicules - arrière,,,,,,,,,,,1,2,1,1.0,2
201300021864,0013-10-03 09:50:00,13,10,3,9,50,290,19,LE GORGEU (SANS N? ENTRE,48.40461,-4.50601,Plein jour,En agglomération,Intersection en X,Normale,Deux véhicules - côté,,,,,,,,,,,1,2,2,1.0,3
201300021865,0013-10-05 10:25:00,13,10,5,10,25,290,19,"0, NAPOLEON III (PLACE)",48.40399,-4.50718,Plein jour,En agglomération,Hors intersection,Normale,Deux véhicules - côté,,,,,,,,,,,1,2,1,1.0,3
201300021866,0013-10-07 09:35:00,13,10,7,9,35,290,19,ROSCANVEL (PLACE ET RUE),48.38575,-4.51615,Plein jour,En agglomération,Hors intersection,Normale,Autre collision,,,,,,,,,,,1,2,1,1.0,6
201300021867,0013-10-08 14:30:00,13,10,8,14,30,290,19,"., DOUANE (QUAI DE LA)",48.38201,-4.48676,Plein jour,En agglomération,Intersection en X,Normale,Deux véhicules - côté,,,,,,,,,,,1,2,2,1.0,3
201300021868,0013-10-08 18:45:00,13,10,8,18,45,290,19,"0, FOCH MARECHAL",48.3953,-4.48847,Plein jour,En agglomération,Hors intersection,Normale,Autre collision,,,,,,,,,,,1,2,1,1.0,6
201300021869,0013-10-10 11:05:00,13,10,10,11,5,290,19,EUROPE (DE 58 A 166 ET 9,48.41509,-4.47765,Plein jour,En agglomération,Intersection en T,Normale,Deux véhicules - côté,,,,,,,,,,,1,2,3,1.0,3
201300021870,0013-10-11 15:00:00,13,10,11,15,0,290,19,"., CUVIER GEORGES",48.39769,-4.46787,Plein jour,En agglomération,Intersection en X,Normale,Deux véhicules - côté,,,,,,,,,,,1,2,2,1.0,3
201300021871,0013-10-11 18:25:00,13,10,11,18,25,290,19,"., LESVEN JULES (DE 1 A",48.40752,-4.47971,Plein jour,En agglomération,Autre intersection,Normale,Deux véhicules - côté,,,,,,,,,,,1,2,9,1.0,3
201300021872,0013-10-14 08:35:00,13,10,14,8,35,290,19,"309, FRANCE ANATOLE (DE",48.3834,-4.50793,Plein jour,En agglomération,Intersection en T,Normale,Autre collision,,,,,,,,,,,1,2,3,1.0,6
201300021873,0013-10-15 15:40:00,13,10,15,15,40,290,19,ROND POINT DE KERESSEIS,48.3949,-4.5386,Plein jour,En agglomération,Hors intersection,Normale,Autre collision,,,,,,,,,,,1,2,1,1.0,6