accident_id,datetime,annee,mois,jour,heure,minute,departement,commune_insee,adresse,latitude,longitude,luminosite,agglomeration,intersection,meteo,collision,nb_vehicules,nb_usagers,nb_indemnes,nb_tues,nb_blesses_hosp,nb_blesses_legers,age_cond_1,age_cond_2,veh_type_cond_1,veh_type_cond_2,lum_code,agg_code,int_code,atm_code,col_code
201300021994,0013-12-19 12:30:00,13,12,19,12,30,290,39,KERGUERES (Route de),47.89205,-3.92387,Plein jour,Hors agglomération,Intersection en T,Normale,Trois véhicules et plus - collisions multiples,,,,,,,,,,,1,1,3,1.0,5
201300021995,0013-12-20 17:50:00,13,12,20,17,50,290,39,VILLENEUVE ( RUE DE LA),47.89727,-3.91241,Nuit avec éclairage allumé,En agglomération,Hors intersection,Normale,Deux véhicules - côté,,,,,,,,,,,5,2,1,1.0,3
201300021996,0013-12-23 17:10:00,13,12,23,17,10,290,39,MOROS( PONT DU),47.87903,-3.90385,Crépuscule ou aube,En agglomération,Hors intersection,Pluie forte,Trois véhicules et plus - collisions multiples,,,,,,,,,,,2,2,1,3.0,5
201300021997,0013-08-11 12:30:00,13,8,11,12,30,90,9,,42.99368,1.47388,Plein jour,Hors agglomération,Hors intersection,Normale,Deux véhicules - frontale,,,,,,,,,,,1,1,1,1.0,1
201300021998,0013-08-16 15:30:00,13,8,16,15,30,90,99,,42.9812,1.57368,Plein jour,Hors agglomération,Hors intersection,Normale,Deux véhicules - frontale,,,,,,,,,,,1,1,1,1.0,1
201300021999,0013-12-18 01:15:00,13,12,18,1,15,90,181,,43.06591,1.35351,Nuit sans éclairage public,Hors agglomération,Hors intersection,Normale,Autre collision,,,,,,,,,,,3,1,1,1.0,6
201300022000,0013-12-22 15:30:00,13,12,22,15,30,90,61,,43.11297,1.36601,Plein jour,Hors agglomération,Intersection en X,Normale,Deux véhicules - côté,,,,,,,,,,,1,1,2,1.0,3
201300022001,0013-01-01 23:30:00,13,1,1,23,30,290,254,ST FRANCOIS (LIEU DIT),48.60128,-3.84732,Nuit sans éclairage public,Hors agglomération,Hors intersection,Normale,Autre collision,,,,,,,,,,,3,1,1,1.0,6
201300022002,0013-01-16 14:30:00,13,1,16,14,30,290,151,"5, GAMBETTA (RUE LEON)",48.57722,-3.8284,Plein jour,En agglomération,Hors intersection,Normale,Autre collision,,,,,,,,,,,1,2,1,1.0,6
201300022003,0013-01-25 20:00:00,13,1,25,20,0,290,151,BAS DE LA RIVIERE (ROUTE,48.58982,-3.83816,Nuit sans éclairage public,Hors agglomération,Hors intersection,Pluie forte,Deux véhicules - côté,,,,,,,,,,,3,1,1,3.0,3
201300022004,0013-02-27 11:00:00,13,2,27,11,0,290,151,", PARIS (ROUTE DE)",48.57706,-3.81096,Plein jour,En agglomération,Hors intersection,Temps couvert,Deux véhicules - côté,,,,,,,,,,,1,2,1,8.0,3
201300022005,0013-03-11 11:45:00,13,3,11,11,45,290,151,LANNION (ROUTE DE),48.58993,-3.83407,Plein jour,Hors agglomération,Hors intersection,Neige / grêle,Deux véhicules - arrière,,,,,,,,,,,1,1,1,4.0,2
201300022006,0013-04-07 12:05:00,13,4,7,12,5,290,151,AIGUILLON (RUE D'),48.57714,-3.82632,Plein jour,En agglomération,Hors intersection,Normale,Deux véhicules - côté,,,,,,,,,,,1,2,1,1.0,3
201300022007,0013-04-17 17:35:00,13,4,17,17,35,290,151,OTAGES (PLACE DES),48.57789,-3.8288,Plein jour,En agglomération,Hors intersection,Normale,Autre collision,,,,,,,,,,,1,2,1,1.0,6
201300022008,0013-04-19 20:55:00,13,4,19,20,55,290,151,CARNOT (RUE),48.57731,-3.82694,Plein jour,En agglomération,Intersection en X,Normale,Deux véhicules - côté,,,,,,,,,,,1,2,2,1.0,3
201300022009,0013-05-19 17:15:00,13,5,19,17,15,290,151,"10, CALLAC (ROUTE DE)",48.57502,-3.81937,Plein jour,En agglomération,Hors intersection,Pluie légère,Autre collision,,,,,,,,,,,1,2,1,2.0,6
201300022010,0013-05-20 11:50:00,13,5,20,11,50,290,151,"09, CARNOT (RUE)",48.57741,-3.82713,Plein jour,En agglomération,Hors intersection,Normale,Autre collision,,,,,,,,,,,1,2,1,1.0,6
201300022011,0013-05-26 14:00:00,13,5,26,14,0,290,151,"151, BAS DE LA RIVIERE (",48.5893,-3.83794,Plein jour,Hors agglomération,Hors intersection,Normale,Deux véhicules - frontale,,,,,,,,,,,1,1,1,1.0,1
201300022012,0013-05-15 09:25:00,13,5,15,9,25,290,151,MONNET (RUE JEAN),48.58671,-3.8057,Plein jour,En agglomération,Hors intersection,Pluie légère,Trois véhicules et plus - en chaîne,,,,,,,,,,,1,2,1,2.0,4
201300022013,0013-06-07 17:10:00,13,6,7,17,10,290,151,"6, CARNOT (RUE)",48.57742,-3.82716,Plein jour,En agglomération,Hors intersection,Normale,Autre collision,,,,,,,,,,,1,2,1,1.0,6
201300022014,0013-06-21 02:08:00,13,6,21,2,8,290,254,KERIVIN (LIEU DIT),48.55983,-3.84714,Nuit sans éclairage public,Hors agglomération,Hors intersection,Normale,Sans collision,,,,,,,,,,,3,1,1,1.0,7
201300022015,0013-09-11 13:15:00,13,9,11,13,15,290,254,REO (BOULEVARD DE),48.56548,-3.84631,Plein jour,Hors agglomération,Hors intersection,Normale,Sans collision,,,,,,,,,,,1,1,1,1.0,7
201300022016,0013-09-10 13:50:00,13,9,10,13,50,290,254,"30, ROPARTZ (RUE GUY)",48.58039,-3.84505,Plein jour,En agglomération,Hors intersection,Normale,Deux véhicules - arrière,,,,,,,,,,,1,2,1,1.0,2
201300022017,0013-11-20 19:00:00,13,11,20,19,0,290,151,"0, STRAJA (RUE DE)",48.58777,-3.81374,Nuit avec éclairage allumé,En agglomération,Intersection en X,Vent fort / tempête,Deux véhicules - côté,,,,,,,,,,,5,2,2,6.0,3
201300022018,0013-11-22 00:25:00,13,11,22,0,25,290,151,VIERGE NOIRE (RUE DE LA),48.58907,-3.82882,Nuit avec éclairage allumé,En agglomération,Autre intersection,Temps couvert,Autre collision,,,,,,,,,,,5,2,9,8.0,6
201300022019,0013-12-01 21:40:00,13,12,1,21,40,290,151,LEON (QUAI DE),48.5835,-3.83436,Nuit avec éclairage non allumé,En agglomération,Hors intersection,Normale,Autre collision,,,,,,,,,,,4,2,1,1.0,6
201300022020,0013-02-05 11:45:00,13,2,5,11,45,520,422,,48.01676,5.0976,Plein jour,Hors agglomération,Hors intersection,Neige / grêle,Autre collision,,,,,,,,,,,1,1,1,4.0,6
201300022021,0013-02-23 07:45:00,13,2,23,7,45,520,312,,47.88547,5.22283,Plein jour,Hors agglomération,Hors intersection,Normale,Sans collision,,,,,,,,,,,1,1,1,1.0,7
201300022022,0013-03-18 17:15:00,13,3,18,17,15,520,432,,47.93638,5.29328,Plein jour,Hors agglomération,Hors intersection,Normale,Deux véhicules - arrière,,,,,,,,,,,1,1,1,1.0,2
201300022023,0013-07-21 08:15:00,13,7,21,8,15,520,163,,47.95541,5.37739,Plein jour,Hors agglomération,Hors intersection,Normale,Autre collision,,,,,,,,,,,1,1,1,1.0,6
201300022024,0013-07-25 11:00:00,13,7,25,11,0,520,399,,48.08108,4.86684,Plein jour,Hors agglomération,Hors intersection,Normale,Deux véhicules - arrière,,,,,,,,,,,1,1,1,1.0,2
201300022025,0013-08-09 10:00:00,13,8,9,10,0,520,14,mis milieu,47.77081,5.19948,Plein jour,Hors agglomération,Hors intersection,Normale,Autre collision,,,,,,,,,,,1,1,1,1.0,6
201300022026,0013-08-14 11:15:00,13,8,14,11,15,520,111,,47.9537,5.3662,Plein jour,Hors agglomération,Hors intersection,Normale,Autre collision,,,,,,,,,,,1,1,1,1.0,6
201300022027,0013-09-14 20:30:00,13,9,14,20,30,520,410,,,,Nuit sans éclairage public,Hors agglomération,Hors intersection,Normale,Deux véhicules - côté,,,,,,,,,,,3,1,1,1.0,3
201300022028,0013-09-20 01:00:00,13,9,20,1,0,520,27,,47.74712,5.19426,Nuit sans éclairage public,Hors agglomération,Hors intersection,Normale,Autre collision,,,,,,,,,,,3,1,1,1.0,6
201300022029,0013-11-21 00:15:00,13,11,21,0,15,520,14,,47.749,5.19351,Nuit sans éclairage public,Hors agglomération,Hors intersection,Neige / grêle,Sans collision,,,,,,,,,,,3,1,1,4.0,7
201300022030,0013-12-14 04:15:00,13,12,14,4,15,520,27,,47.71967,5.19088,Nuit sans éclairage public,Hors agglomération,Hors intersection,Autre,Deux véhicules - arrière,,,,,,,,,,,3,1,1,9.0,2
201300022031,0013-12-30 10:15:00,13,12,30,10,15,520,469,,48.03666,5.07183,Plein jour,Hors agglomération,Hors intersection,Normale,Autre collision,,,,,,,,,,,1,1,1,1.0,6
201300022032,0013-09-30 16:30:00,13,9,30,16,30,570,690,GN 49.101 6.715,,,Plein jour,Hors agglomération,Hors intersection,Normale,Deux véhicules - côté,,,,,,,,,,,1,1,1,1.0,3
201300022033,0013-01-03 19:30:00,13,1,3,19,30,760,238,"10, R DE COUPEAUVILLE",49.55936,0.2262,Nuit avec éclairage allumé,En agglomération,Hors intersection,Pluie légère,Autre collision,,,,,,,,,,,5,2,1,2.0,6
201300022034,0013-03-30 20:30:00,13,3,30,20,30,760,238,R ROGER CUVELIER,49.56296,0.23272,Nuit avec éclairage allumé,En agglomération,Hors intersection,Normale,Autre collision,,,,,,,,,,,5,2,1,1.0,6
201300022035,0013-07-09 07:30:00,13,7,9,7,30,760,238,RUE DU VAL DE LA DRILLE,49.55576,0.21595,Plein jour,En agglomération,Hors intersection,Normale,Deux véhicules - frontale,,,,,,,,,,,1,2,1,1.0,1
201300022036,0013-11-15 01:15:00,13,11,15,1,15,760,534,CD32,49.58588,0.21086,Nuit avec éclairage allumé,En agglomération,Hors intersection,Temps couvert,Sans collision,,,,,,,,,,,5,2,1,8.0,7
201300022037,0013-02-19 12:30:00,13,2,19,12,30,410,46,,47.6288,1.95734,Plein jour,Hors agglomération,Hors intersection,Normale,Deux véhicules - côté,,,,,,,,,,,1,1,1,1.0,3
201300022038,0013-04-08 19:15:00,13,4,8,19,15,410,231,,47.479,2.00884,Plein jour,Hors agglomération,Hors intersection,Pluie forte,Autre collision,,,,,,,,,,,1,1,1,3.0,6
201300022039,0013-06-23 17:15:00,13,6,23,17,15,410,161,,47.5186,2.00677,Plein jour,Hors agglomération,Hors intersection,Pluie forte,Deux véhicules - arrière,,,,,,,,,,,1,1,1,3.0,2
201300022040,0013-07-07 06:30:00,13,7,7,6,30,410,46,,47.6687,1.92267,Crépuscule ou aube,Hors agglomération,Hors intersection,Normale,Sans collision,,,,,,,,,,,2,1,1,1.0,7
201300022041,0013-08-18 13:45:00,13,8,18,13,45,410,232,,47.3807,2.05134,Plein jour,Hors agglomération,Hors intersection,Normale,Autre collision,,,,,,,,,,,1,1,1,1.0,6
201300022042,0013-09-07 16:45:00,13,9,7,16,45,410,46,,47.6319,1.95501,Plein jour,Hors agglomération,Hors intersection,Normale,Sans collision,,,,,,,,,,,1,1,1,1.0,7
201300022043,0013-09-14 07:15:00,13,9,14,7,15,410,161,,47.573,2.00179,Crépuscule ou aube,Hors agglomération,Hors intersection,Pluie légère,Autre collision,,,,,,,,,,,2,1,1,2.0,6
201300022044,0013-09-21 07:30:00,13,9,21,7,30,410,256,,47.3391,2.04794,Crépuscule ou aube,Hors agglomération,Hors intersection,Normale,Autre collision,,,,,,,,,,,2,1,1,1.0,6
201300022045,0013-01-06 19:00:00,13,1,6,19,0,290,232,FRANCE LIBRE  AVENUE DE,48.00598,-4.0974,Crépuscule ou aube,En agglomération,Hors intersection,Normale,Sans collision,,,,,,,,,,,2,2,1,1.0,7
201300022046,0013-01-06 19:20:00,13,1,6,19,20,290,232,"., PLUGUFFAN ROUTE DE",47.97661,-4.13441,Nuit avec éclairage non allumé,En agglomération,Hors intersection,Normale,Autre collision,,,,,,,,,,,4,2,1,1.0,6
201300022047,0013-01-11 11:30:00,13,1,11,11,30,290,51,"9-11, TREODET Rue de",48.0064,-4.06036,Plein jour,En agglomération,Hors intersection,Normale,Autre collision,,,,,,,,,,,1,2,1,1.0,6
201300022048,0013-01-12 12:26:00,13,1,12,12,26,290,232,LUZEL RUE,47.99655,-4.1,Plein jour,En agglomération,Hors intersection,Pluie forte,Sans collision,,,,,,,,,,,1,2,1,3.0,7
201300022049,0013-01-12 17:40:00,13,1,12,17,40,290,232,"., TROYALAC'H  ROND POIN",47.97897,-4.01579,Plein jour,Hors agglomération,Giratoire,Pluie légère,Deux véhicules - côté,,,,,,,,,,,1,1,6,2.0,3
201300022050,0013-01-15 09:52:00,13,1,15,9,52,290,232,"., KERADENNEC AVENUE DE",47.97637,-4.08155,Plein jour,En agglomération,Hors intersection,Temps éblouissant,Deux véhicules - côté,,,,,,,,,,,1,2,1,7.0,3
201300022051,0013-01-15 19:40:00,13,1,15,19,40,290,232,"8, CONCARNEAU RUE DE",47.99371,-4.09156,Nuit avec éclairage allumé,En agglomération,Hors intersection,Normale,Sans collision,,,,,,,,,,,5,2,1,1.0,7
201300022052,0013-01-22 11:55:00,13,1,22,11,55,290,232,"30, TROYALLAC'H  ROND PO",47.97885,-4.01521,Plein jour,Hors agglomération,Hors intersection,Normale,Deux véhicules - arrière,,,,,,,,,,,1,1,1,1.0,2
201300022053,0013-01-25 13:55:00,13,1,25,13,55,290,232,LUDUGRIS  ROND POINT DE,47.97999,-4.12163,Plein jour,En agglomération,Hors intersection,Normale,Autre collision,,,,,,,,,,,1,2,1,1.0,6
201300022054,0013-01-30 13:20:00,13,1,30,13,20,290,232,"., FRANCE BOULEVARD DE",47.98685,-4.12824,Plein jour,En agglomération,Hors intersection,Normale,Deux véhicules - côté,,,,,,,,,,,1,2,1,1.0,3
201300022055,0013-02-04 18:11:00,13,2,4,18,11,290,232,"22, MENDES FRANCE  PIERR",47.97786,-4.12301,Crépuscule ou aube,En agglomération,Hors intersection,Normale,Sans collision,,,,,,,,,,,2,2,1,1.0,7
201300022056,0013-02-09 22:05:00,13,2,9,22,5,290,232,"146, LIBERATION AVENUE D",47.99125,-4.07536,Nuit avec éclairage allumé,En agglomération,Hors intersection,Normale,Sans collision,,,,,,,,,,,5,2,1,1.0,7
201300022057,0013-02-13 16:50:00,13,2,13,16,50,290,232,POULGUINAN BOULEVARD DE,47.98261,-4.11958,Plein jour,Hors agglomération,Hors intersection,Pluie légère,Autre collision,,,,,,,,,,,1,1,1,2.0,6
201300022058,0013-02-18 18:30:00,13,2,18,18,30,290,232,"., POMPIDOU GEORGES AVEN",47.98296,-4.07203,Plein jour,En agglomération,Intersection en T,Normale,Deux véhicules - côté,,,,,,,,,,,1,2,3,1.0,3
201300022059,0013-02-20 17:15:00,13,2,20,17,15,290,232,"., OISEAUX AVENUE DES",47.99132,-4.12605,Plein jour,En agglomération,Hors intersection,Normale,Deux véhicules - côté,,,,,,,,,,,1,2,1,1.0,3
201300022060,0013-02-24 16:05:00,13,2,24,16,5,290,232,"19, DESCARTES RUE",47.98684,-4.07036,Plein jour,En agglomération,Hors intersection,Normale,Sans collision,,,,,,,,,,,1,2,1,1.0,7
201300022061,0013-03-02 20:45:00,13,3,2,20,45,290,232,"24, TOUR D'AUVERGNE RUE",47.99065,-4.08323,Nuit avec éclairage allumé,En agglomération,Hors intersection,Autre,Autre collision,,,,,,,,,,,5,2,1,9.0,6
201300022062,0013-03-03 06:00:00,13,3,3,6,0,290,51,"., CIMETIERE RUE DE",47.9954,-4.03126,Nuit avec éclairage non allumé,Hors agglomération,Hors intersection,Normale,Deux véhicules - frontale,,,,,,,,,,,4,1,1,1.0,1
201300022063,0013-03-03 16:25:00,13,3,3,16,25,290,232,"., FRANCE LIBRE  AVENUE",48.00598,-4.0974,Plein jour,En agglomération,Hors intersection,Normale,Deux véhicules - arrière,,,,,,,,,,,1,2,1,1.0,2
201300022064,0013-03-04 13:00:00,13,3,4,13,0,290,232,"., STANG BIHAN RUE DE",48.01033,-4.10384,Plein jour,En agglomération,Hors intersection,Normale,Deux véhicules - côté,,,,,,,,,,,1,2,1,1.0,3
201300022065,0013-03-06 01:31:00,13,3,6,1,31,290,232,"., QUINQIS CHEMIN DU",47.97345,-4.04799,Nuit avec éclairage non allumé,En agglomération,Hors intersection,Normale,Sans collision,,,,,,,,,,,4,2,1,1.0,7
201300022066,0013-03-10 20:00:00,13,3,10,20,0,290,232,"., MORBIHAN AVENUE DU",47.97857,-4.04778,Nuit sans éclairage public,Hors agglomération,Hors intersection,Pluie forte,Autre collision,,,,,,,,,,,3,1,1,3.0,6
201300022067,0013-03-13 13:45:00,13,3,13,13,45,290,232,"., KERROUE CHEMIN DE",48.01771,-4.09042,Plein jour,Hors agglomération,Hors intersection,Normale,Deux véhicules - arrière,,,,,,,,,,,1,1,1,1.0,2
201300022068,0013-03-14 07:50:00,13,3,14,7,50,290,232,"5, DOUVES RUE DES",47.99778,-4.10101,Plein jour,Hors agglomération,Hors intersection,Normale,Sans collision,,,,,,,,,,,1,1,1,1.0,7
201300022069,0013-03-18 12:15:00,13,3,18,12,15,290,232,"11, POHER RUE DU",47.98273,-4.10593,Plein jour,Hors agglomération,Hors intersection,Normale,Autre collision,,,,,,,,,,,1,1,1,1.0,6
201300022070,0013-03-19 00:50:00,13,3,19,0,50,290,232,"4, KEREON RUE DE",47.99582,-4.10319,Nuit avec éclairage allumé,En agglomération,Hors intersection,Normale,Autre collision,,,,,,,,,,,5,2,1,1.0,6
201300022071,0013-03-19 17:15:00,13,3,19,17,15,290,232,"., LENDU ROUTE DU",47.94801,-4.06017,Plein jour,Hors agglomération,Hors intersection,Neige / grêle,Deux véhicules - frontale,,,,,,,,,,,1,1,1,4.0,1
201300022072,0013-03-20 17:15:00,13,3,20,17,15,290,232,"., BREST ROUTE DE",48.02313,-4.08458,Plein jour,Hors agglomération,Hors intersection,Normale,Sans collision,,,,,,,,,,,1,1,1,1.0,7
201300022073,0013-03-22 07:00:00,13,3,22,7,0,290,232,"., CONCARNEAU VIEILLE RO",47.95759,-4.04677,Crépuscule ou aube,En agglomération,Hors intersection,Normale,Sans collision,,,,,,,,,,,2,2,1,1.0,7
201300022074,0013-03-24 12:25:00,13,3,24,12,25,290,232,"., PARC RUE DU",47.99458,-4.10437,Plein jour,En agglomération,Hors intersection,Normale,Deux véhicules - arrière,,,,,,,,,,,1,2,1,1.0,2
201300022075,0013-03-26 18:40:00,13,3,26,18,40,290,232,"., BREST RUE DE",48.0222,-4.08417,Plein jour,En agglomération,Hors intersection,Normale,Sans collision,,,,,,,,,,,1,2,1,1.0,7
201300022076,0013-03-29 12:20:00,13,3,29,12,20,290,232,"565, BENODET ROUTE DE",47.94465,-4.07361,Plein jour,Hors agglomération,Hors intersection,Pluie légère,Autre collision,,,,,,,,,,,1,1,1,2.0,6
201300022077,0013-03-29 16:50:00,13,3,29,16,50,290,232,"163, BENODET ROUTE DE",47.97569,-4.09236,Plein jour,En agglomération,Hors intersection,Normale,Deux véhicules - côté,,,,,,,,,,,1,2,1,1.0,3
201300022078,0013-03-29 21:58:00,13,3,29,21,58,290,232,"., VOIE EXPRESS QUIMPER",48.01644,-4.08026,Nuit sans éclairage public,Hors agglomération,Hors intersection,Pluie légère,Deux véhicules - arrière,,,,,,,,,,,3,1,1,2.0,2
201300022079,0013-04-05 10:10:00,13,4,5,10,10,290,232,PROVENCE BOULEVARD DE,47.98331,-4.12917,Plein jour,En agglomération,Hors intersection,Normale,Sans collision,,,,,,,,,,,1,2,1,1.0,7
201300022080,0013-04-06 18:00:00,13,4,6,18,0,290,232,"., JUSTICES CHEMIN DES",47.99315,-4.11917,Plein jour,En agglomération,Hors intersection,Normale,Deux véhicules - côté,,,,,,,,,,,1,2,1,1.0,3
201300022081,0013-04-07 17:40:00,13,4,7,17,40,290,232,"., GUENGAT ROUTE DE",48.01359,-4.14857,Plein jour,Hors agglomération,Hors intersection,Normale,Deux véhicules - côté,,,,,,,,,,,1,1,1,1.0,3
201300022082,0013-04-11 18:40:00,13,4,11,18,40,290,232,LOUIS LE GUENNEC,47.98023,-4.10282,Plein jour,En agglomération,Hors intersection,Normale,Sans collision,,,,,,,,,,,1,2,1,1.0,7
201300022083,0013-04-14 05:45:00,13,4,14,5,45,290,232,"., CALE SAINT JEAN PONT",47.99233,-4.10838,Nuit avec éclairage allumé,En agglomération,Intersection en X,Normale,Deux véhicules - côté,,,,,,,,,,,5,2,2,1.0,3
201300022084,0013-04-19 13:45:00,13,4,19,13,45,290,232,FRUGY RUE DU,47.98755,-4.10399,Plein jour,En agglomération,Hors intersection,Normale,Deux véhicules - frontale,,,,,,,,,,,1,2,1,1.0,1
201300022085,0013-04-19 19:55:00,13,4,19,19,55,290,232,AMIRAL DE KERGUELEN BOUL,47.99528,-4.09946,Plein jour,En agglomération,Hors intersection,Normale,Deux véhicules - arrière,,,,,,,,,,,1,2,1,1.0,2
201300022086,0013-04-21 22:07:00,13,4,21,22,7,290,232,"55, CUZON  ROUTE DE",48.01,-4.07555,Nuit sans éclairage public,En agglomération,Hors intersection,Pluie légère,Sans collision,,,,,,,,,,,3,2,1,2.0,7
201300022087,0013-04-24 20:15:00,13,4,24,20,15,290,232,"., BOURG LES BOURGS RUE",47.99227,-4.1126,Plein jour,En agglomération,Hors intersection,Normale,Autre collision,,,,,,,,,,,1,2,1,1.0,6
201300022088,0013-04-26 03:15:00,13,4,26,3,15,290,232,"2, BREST RUE DE",47.99764,-4.09759,Nuit avec éclairage allumé,En agglomération,Intersection en T,Normale,Autre collision,,,,,,,,,,,5,2,3,1.0,6
201300022089,0013-04-29 14:40:00,13,4,29,14,40,290,232,PRAT MARIA  ROND POINT D,47.98337,-4.10396,Plein jour,En agglomération,Giratoire,Normale,Deux véhicules - arrière,,,,,,,,,,,1,2,6,1.0,2
201300022090,0013-04-30 18:20:00,13,4,30,18,20,290,232,"., MORBIHAN AVENUE DU",47.97857,-4.04778,Plein jour,Hors agglomération,Hors intersection,Normale,Trois véhicules et plus - collisions multiples,,,,,,,,,,,1,1,1,1.0,5
201300022091,0013-05-02 07:47:00,13,5,2,7,47,290,232,"., VOIE EXPRESS QUIMPER",,,Plein jour,Hors agglomération,Hors intersection,Normale,Sans collision,,,,,,,,,,,1,1,1,1.0,7
201300022092,0013-05-03 14:00:00,13,5,3,14,0,290,232,"., KERC' HOATCHEMIN DE",47.98116,-4.0464,Plein jour,Hors agglomération,Hors intersection,Normale,Deux véhicules - frontale,,,,,,,,,,,1,1,1,1.0,1
201300022093,0013-05-03 16:50:00,13,5,3,16,50,290,232,"37, GIRONDINS AVENUE DES",47.99128,-4.13645,Plein jour,En agglomération,Hors intersection,Normale,Sans collision,,,,,,,,,,,1,2,1,1.0,7
201300022094,0013-05-05 15:45:00,13,5,5,15,45,290,232,"., TERRE NOIRE RUE DE LA",47.99816,-4.12854,Plein jour,En agglomération,Hors intersection,Normale,Deux véhicules - frontale,,,,,,,,,,,1,2,1,1.0,1
201300022095,0013-05-06 10:12:00,13,5,6,10,12,290,232,"., GUENGAT ROUTE DE",48.01359,-4.14857,Plein jour,Hors agglomération,Hors intersection,Normale,Deux véhicules - côté,,,,,,,,,,,1,1,1,1.0,3
201300022096,0013-05-06 16:50:00,13,5,6,16,50,290,232,"21, TOURBIE PLACE DE LA",47.99909,-4.10322,Plein jour,En agglomération,Hors intersection,Normale,Autre collision,,,,,,,,,,,1,2,1,1.0,6
201300022097,0013-05-09 13:00:00,13,5,9,13,0,290,232,BENODET ROUTE DE,47.95623,-4.08137,Plein jour,En agglomération,Hors intersection,Pluie légère,Sans collision,,,,,,,,,,,1,2,1,2.0,7
201300022098,0013-05-14 10:30:00,13,5,14,10,30,290,232,"., FLANDRES DUNKERQUE 19",47.97928,-4.09356,Plein jour,Hors agglomération,Hors intersection,Normale,Deux véhicules - arrière,,,,,,,,,,,1,1,1,1.0,2
201300022099,0013-05-15 16:12:00,13,5,15,16,12,290,232,"., Park Poullig rond poi",48.03004,-4.08761,Plein jour,Hors agglomération,Hors intersection,Normale,Autre collision,,,,,,,,,,,1,1,1,1.0,6
201300022100,0013-05-17 20:15:00,13,5,17,20,15,290,232,"., BENODET RUE DE",47.98431,-4.1052,Crépuscule ou aube,En agglomération,Hors intersection,Pluie forte,Deux véhicules - côté,,,,,,,,,,,2,2,1,3.0,3
201300022101,0013-05-22 17:00:00,13,5,22,17,0,290,232,"., RD 770",48.03047,-4.0871,Plein jour,Hors agglomération,Hors intersection,Normale,Sans collision,,,,,,,,,,,1,1,1,1.0,7
201300022102,0013-05-22 21:14:00,13,5,22,21,14,290,232,"., TREQUEFFELEC  ROND PO",48.00365,-4.08406,Plein jour,En agglomération,Giratoire,Normale,Deux véhicules - côté,,,,,,,,,,,1,2,6,1.0,3
201300022103,0013-05-28 08:00:00,13,5,28,8,0,290,232,ILES  ROND POINT DES,47.98304,-4.08863,Plein jour,En agglomération,Hors intersection,Normale,Sans collision,,,,,,,,,,,1,2,1,1.0,7
201300022104,0013-05-28 16:35:00,13,5,28,16,35,290,232,"56, REMSCHEID AVENUE DE",47.98145,-4.09631,Plein jour,En agglomération,Hors intersection,Normale,Deux véhicules - côté,,,,,,,,,,,1,2,1,1.0,3
201300022105,0013-05-28 17:40:00,13,5,28,17,40,290,232,"Face au 77, THEPOT YVES",47.98844,-4.09047,Plein jour,En agglomération,Hors intersection,Pluie légère,Deux véhicules - arrière,,,,,,,,,,,1,2,1,2.0,2
201300022106,0013-06-02 00:25:00,13,6,2,0,25,290,232,TOURBIE PLACE DE LA,47.99918,-4.10273,Nuit avec éclairage allumé,En agglomération,Hors intersection,Normale,Sans collision,,,,,,,,,,,5,2,1,1.0,7
201300022107,0013-06-03 17:36:00,13,6,3,17,36,290,232,"., GOURMELEN ETIENNE RUE",47.99734,-4.09509,Plein jour,En agglomération,Hors intersection,Normale,Sans collision,,,,,,,,,,,1,2,1,1.0,7
201300022108,0013-06-03 18:47:00,13,6,3,18,47,290,232,"., BECHARLES  ROND POINT",48.01608,-4.08703,Plein jour,En agglomération,Hors intersection,Normale,Deux véhicules - côté,,,,,,,,,,,1,2,1,1.0,3
201300022109,0013-06-06 20:45:00,13,6,6,20,45,290,232,"., PRESIDENT SADATE RUE",47.97788,-4.09816,Plein jour,En agglomération,Hors intersection,Normale,Deux véhicules - côté,,,,,,,,,,,1,2,1,1.0,3
201300022110,0013-06-07 13:52:00,13,6,7,13,52,290,232,"., REMSCHEID AVENUE DE",47.98246,-4.09274,Plein jour,En agglomération,Autre intersection,Normale,Deux véhicules - côté,,,,,,,,,,,1,2,9,1.0,3
201300022111,0013-06-09 06:15:00,13,6,9,6,15,290,232,19 mars 1962,47.98818,-4.11003,Plein jour,En agglomération,Hors intersection,Normale,Sans collision,,,,,,,,,,,1,2,1,1.0,7
201300022112,0013-06-09 06:57:00,13,6,9,6,57,290,232,"43, TERRE NOIRE RUE DE L",47.99692,-4.12189,Plein jour,En agglomération,Hors intersection,Normale,Sans collision,,,,,,,,,,,1,2,1,1.0,7
201300022113,0013-06-17 15:50:00,13,6,17,15,50,290,232,"., MASSE  ALEXANDRE PLAC",47.99733,-4.1001,Plein jour,En agglomération,Hors intersection,Normale,Sans collision,,,,,,,,,,,1,2,1,1.0,7
201300022114,0013-06-20 08:30:00,13,6,20,8,30,290,232,"195, KEREQUELLOU CHEMIN",47.95225,-4.07453,Plein jour,Hors agglomération,Hors intersection,Temps couvert,Autre collision,,,,,,,,,,,1,1,1,8.0,6
201300022115,0013-06-20 15:56:00,13,6,20,15,56,290,232,MENDES FRANCE  PIERRE AV,47.97575,-4.12729,Plein jour,En agglomération,Hors intersection,Normale,Autre collision,,,,,,,,,,,1,2,1,1.0,6