accident_id,datetime,annee,mois,jour,heure,minute,departement,commune_insee,adresse,latitude,longitude,luminosite,agglomeration,intersection,meteo,collision,nb_vehicules,nb_usagers,nb_indemnes,nb_tues,nb_blesses_hosp,nb_blesses_legers,age_cond_1,age_cond_2,veh_type_cond_1,veh_type_cond_2,lum_code,agg_code,int_code,atm_code,col_code
201300022116,0013-06-22 23:50:00,13,6,22,23,50,290,232,"28, FONTAINE RUE DE LA",47.99092,-4.09147,Nuit avec éclairage allumé,En agglomération,Hors intersection,Normale,Autre collision,,,,,,,,,,,5,2,1,1.0,6
201300022117,0013-06-24 17:56:00,13,6,24,17,56,290,232,MORBIHAN AVENUE DU,47.97857,-4.04778,Plein jour,Hors agglomération,Hors intersection,Normale,Trois véhicules et plus - collisions multiples,,,,,,,,,,,1,1,1,1.0,5
201300022118,0013-06-28 00:50:00,13,6,28,0,50,290,232,"., DUPLEIX BOULEVARD",47.99474,-4.10123,Nuit sans éclairage public,En agglomération,Hors intersection,Normale,Sans collision,,,,,,,,,,,3,2,1,1.0,7
201300022119,0013-06-29 16:53:00,13,6,29,16,53,290,232,"123, BREST ROUTE DE",48.01095,-4.08016,Plein jour,En agglomération,Hors intersection,Normale,Deux véhicules - arrière,,,,,,,,,,,1,2,1,1.0,2
201300022120,0013-06-30 14:30:00,13,6,30,14,30,290,232,"., FRANCE BOULEVARD DE",47.98516,-4.13018,Plein jour,Hors agglomération,Hors intersection,Normale,Sans collision,,,,,,,,,,,1,1,1,1.0,7
201300022121,0013-07-02 20:05:00,13,7,2,20,5,290,232,"27, GARE AVENUE DE LA",47.99431,-4.09374,Plein jour,En agglomération,Hors intersection,Pluie légère,Deux véhicules - côté,,,,,,,,,,,1,2,1,2.0,3
201300022122,0013-07-07 01:14:00,13,7,7,1,14,290,232,"., CREAC'H GWEN  ROND PO",47.9755,-4.09813,Nuit avec éclairage allumé,En agglomération,Hors intersection,Normale,Deux véhicules - arrière,,,,,,,,,,,5,2,1,1.0,2
201300022123,0013-07-08 23:50:00,13,7,8,23,50,290,232,"., ERGUE ARMEL  ROND POI",47.98337,-4.07425,Nuit avec éclairage allumé,Hors agglomération,Giratoire,Normale,Deux véhicules - côté,,,,,,,,,,,5,1,6,1.0,3
201300022124,0013-07-11 07:40:00,13,7,11,7,40,290,232,"., FRUGY Rond-Point du",47.98778,-4.10888,Plein jour,En agglomération,Giratoire,Normale,Autre collision,,,,,,,,,,,1,2,6,1.0,6
201300022125,0013-07-11 13:37:00,13,7,11,13,37,290,232,"., EAU BLANCHE  ROND POI",47.9906,-4.07407,Plein jour,En agglomération,Hors intersection,Normale,Deux véhicules - côté,,,,,,,,,,,1,2,1,1.0,3
201300022126,0013-07-12 03:45:00,13,7,12,3,45,290,232,"., KERADENNEC AVENUE DE",47.97644,-4.08003,Nuit avec éclairage allumé,En agglomération,Hors intersection,Normale,Autre collision,,,,,,,,,,,5,2,1,1.0,6
201300022127,0013-07-12 15:20:00,13,7,12,15,20,290,232,"., GUTENBERG BOULEVARD",47.98116,-4.07775,Plein jour,Hors agglomération,Hors intersection,Normale,Deux véhicules - côté,,,,,,,,,,,1,1,1,1.0,3
201300022128,0013-07-14 02:05:00,13,7,14,2,5,290,51,"., PEN CARN ROND POINT",48.01207,-4.01413,Nuit avec éclairage non allumé,Hors agglomération,Hors intersection,Normale,Sans collision,,,,,,,,,,,4,1,1,1.0,7
201300022129,0013-07-18 20:27:00,13,7,18,20,27,290,232,"., TROYALLAC'H  ROND POI",47.97556,-4.00012,Plein jour,Hors agglomération,Hors intersection,Normale,Sans collision,,,,,,,,,,,1,1,1,1.0,7
201300022130,0013-07-20 05:45:00,13,7,20,5,45,290,232,"., LUDUGRIS  ROND POINT",47.97994,-4.12268,Nuit avec éclairage non allumé,En agglomération,Hors intersection,Normale,Sans collision,,,,,,,,,,,4,2,1,1.0,7
201300022131,0013-07-23 16:45:00,13,7,23,16,45,290,232,"., TY BOS AVENUE DE",47.97315,-4.06502,Plein jour,Hors agglomération,Hors intersection,Normale,Deux véhicules - arrière,,,,,,,,,,,1,1,1,1.0,2
201300022132,0013-07-25 07:50:00,13,7,25,7,50,290,51,"., ROUILLEN AVENUE",47.99707,-4.06034,Plein jour,Hors agglomération,Hors intersection,Normale,Trois véhicules et plus - en chaîne,,,,,,,,,,,1,1,1,1.0,4
201300022133,0013-08-03 19:40:00,13,8,3,19,40,290,232,"., LE VIOL JACQUES AVENU",47.99416,-4.13403,Plein jour,En agglomération,Hors intersection,Normale,Deux véhicules - frontale,,,,,,,,,,,1,2,1,1.0,1
201300022134,0013-08-04 07:51:00,13,8,4,7,51,290,232,"., VOIE EXPRESS QUIMPER",48.01404,-4.07631,Plein jour,Hors agglomération,Hors intersection,Normale,Sans collision,,,,,,,,,,,1,1,1,1.0,7
201300022135,0013-08-04 20:30:00,13,8,4,20,30,290,232,"., VOIE EXPRESS QUIMPER",48.01709,-4.08086,Plein jour,Hors agglomération,Hors intersection,Normale,Sans collision,,,,,,,,,,,1,1,1,1.0,7
201300022136,0013-08-05 11:31:00,13,8,5,11,31,290,232,"., ERGUE ARMEL  ROND POI",47.98362,-4.07453,Plein jour,En agglomération,Hors intersection,Normale,Deux véhicules - arrière,,,,,,,,,,,1,2,1,1.0,2
201300022137,0013-08-06 11:30:00,13,8,6,11,30,290,232,"., AMIRAL RONARC'H RUE",47.99425,-4.10742,Plein jour,En agglomération,Hors intersection,Normale,Deux véhicules - côté,,,,,,,,,,,1,2,1,1.0,3
201300022138,0013-08-07 05:30:00,13,8,7,5,30,290,232,"., CNO",48.01637,-4.11461,Nuit sans éclairage public,Hors agglomération,Hors intersection,Normale,Autre collision,,,,,,,,,,,3,1,1,1.0,6
201300022139,0013-08-16 17:40:00,13,8,16,17,40,290,51,CORAY ROUTE DE,48.02588,-3.97425,Plein jour,Hors agglomération,Hors intersection,Pluie légère,Sans collision,,,,,,,,,,,1,1,1,2.0,7
201300022140,0013-08-17 15:30:00,13,8,17,15,30,290,232,TILLON CHARLES AVENUE,47.974,-4.06881,Plein jour,En agglomération,Hors intersection,Normale,Autre collision,,,,,,,,,,,1,2,1,1.0,6
201300022141,0013-08-18 01:48:00,13,8,18,1,48,290,232,"., TROYALLAC'H  ROND POI",47.97874,-4.01512,Nuit avec éclairage allumé,Hors agglomération,Giratoire,Pluie légère,Sans collision,,,,,,,,,,,5,1,6,2.0,7
201300022142,0013-08-20 01:42:00,13,8,20,1,42,290,232,"., ERGUE ARMEL BOULEVARD",47.98675,-4.07391,Nuit sans éclairage public,En agglomération,Hors intersection,Normale,Sans collision,,,,,,,,,,,3,2,1,1.0,7
201300022143,0013-08-22 05:50:00,13,8,22,5,50,290,232,BENODET ROUTE DE,47.95623,-4.08137,Crépuscule ou aube,Hors agglomération,Autre intersection,Normale,Autre collision,,,,,,,,,,,2,1,9,1.0,6
201300022144,0013-08-22 20:05:00,13,8,22,20,5,290,232,"., PRESIDENT SADATE RUE",47.97788,-4.09816,Plein jour,En agglomération,Hors intersection,Normale,Sans collision,,,,,,,,,,,1,2,1,1.0,7
201300022145,0013-08-26 10:00:00,13,8,26,10,0,290,232,"22, TERRE NOIRE RUE DE L",47.99611,-4.12213,Plein jour,En agglomération,Hors intersection,Normale,Sans collision,,,,,,,,,,,1,2,1,1.0,7
201300022146,0013-08-28 23:06:00,13,8,28,23,6,290,232,"., TOUR D'AUVERGNE PLACE",47.99457,-4.11001,Nuit avec éclairage allumé,En agglomération,Giratoire,Autre,Deux véhicules - côté,,,,,,,,,,,5,2,6,9.0,3
201300022147,0013-08-29 08:21:00,13,8,29,8,21,290,232,"., MORBIHAN AVENUE DU",47.97806,-4.04294,Plein jour,Hors agglomération,Hors intersection,Normale,Sans collision,,,,,,,,,,,1,1,1,1.0,7
201300022148,0013-08-30 14:40:00,13,8,30,14,40,290,232,"., LOCMARIA ALLEE DE",47.99247,-4.10725,Plein jour,En agglomération,Hors intersection,Normale,Trois véhicules et plus - collisions multiples,,,,,,,,,,,1,2,1,1.0,5
201300022149,0013-09-03 11:49:00,13,9,3,11,49,290,232,"., ROSPORDEN ROUTE DE",47.98517,-4.04328,Plein jour,Hors agglomération,Hors intersection,Normale,Deux véhicules - côté,,,,,,,,,,,1,1,1,1.0,3
201300022150,0013-09-03 16:55:00,13,9,3,16,55,290,232,"16, LE GOFFIC CHARLES RU",47.98432,-4.07149,Plein jour,En agglomération,Hors intersection,Normale,Deux véhicules - côté,,,,,,,,,,,1,2,1,1.0,3
201300022151,0013-09-05 20:05:00,13,9,5,20,5,290,232,"., Park Poullig rond poi",48.02973,-4.08804,Plein jour,En agglomération,Hors intersection,Normale,Deux véhicules - arrière,,,,,,,,,,,1,2,1,1.0,2
201300022152,0013-09-06 16:20:00,13,9,6,16,20,290,232,"20, SAINT DENIS AVENUE",47.99595,-4.07896,Plein jour,En agglomération,Hors intersection,Pluie légère,Deux véhicules - arrière,,,,,,,,,,,1,2,1,2.0,2
201300022153,0013-09-10 08:36:00,13,9,10,8,36,290,232,"., BENODET ROUTE DE",47.95493,-4.08005,Plein jour,Hors agglomération,Hors intersection,Normale,Autre collision,,,,,,,,,,,1,1,1,1.0,6
201300022154,0013-09-15 04:35:00,13,9,15,4,35,290,232,"., ERGUE ARMEL BOULEVARD",47.98693,-4.07406,Nuit sans éclairage public,En agglomération,Hors intersection,Normale,Deux véhicules - frontale,,,,,,,,,,,3,2,1,1.0,1
201300022155,0013-09-22 16:20:00,13,9,22,16,20,290,232,KOAD BILI Rond Point de,48.03097,-4.08261,Plein jour,Hors agglomération,Giratoire,Normale,Autre collision,,,,,,,,,,,1,1,6,1.0,6
201300022156,0013-09-29 09:30:00,13,9,29,9,30,290,232,"., STANGALA ROUTE DU",48.02689,-4.06785,Plein jour,Hors agglomération,Hors intersection,Temps couvert,Sans collision,,,,,,,,,,,1,1,1,8.0,7
201300022157,0013-10-10 18:00:00,13,10,10,18,0,290,232,"., ROSPORDEN VIEILLE ROU",47.98216,-4.03878,Plein jour,En agglomération,Hors intersection,Normale,Autre collision,,,,,,,,,,,1,2,1,1.0,6
201300022158,0013-10-11 18:30:00,13,10,11,18,30,290,232,"., 19 MARS 1962 RUE DU",47.98822,-4.10999,Plein jour,En agglomération,Hors intersection,Normale,Deux véhicules - côté,,,,,,,,,,,1,2,1,1.0,3
201300022159,0013-10-12 01:05:00,13,10,12,1,5,290,232,"19, GARE AVENUE DE LA",47.99413,-4.0928,Nuit avec éclairage allumé,En agglomération,Hors intersection,Normale,Autre collision,,,,,,,,,,,5,2,1,1.0,6
201300022160,0013-10-12 17:00:00,13,10,12,17,0,290,232,"., MOCAER PIERRE RUE",48.01095,-4.09708,Plein jour,En agglomération,Hors intersection,Normale,Sans collision,,,,,,,,,,,1,2,1,1.0,7
201300022161,0013-10-14 07:51:00,13,10,14,7,51,290,232,"., LAMARTINE RUE",47.98882,-4.10361,Plein jour,En agglomération,Hors intersection,Normale,Autre collision,,,,,,,,,,,1,2,1,1.0,6
201300022162,0013-10-16 08:58:00,13,10,16,8,58,290,232,"., LIMERICK AVENUE DE",47.98618,-4.08943,Plein jour,En agglomération,Intersection en T,Pluie légère,Deux véhicules - côté,,,,,,,,,,,1,2,3,2.0,3
201300022163,0013-10-24 14:50:00,13,10,24,14,50,290,232,EAU BLANCHE ROND POINT D,47.99013,-4.07372,Plein jour,En agglomération,Giratoire,Normale,Autre collision,,,,,,,,,,,1,2,6,1.0,6
201300022164,0013-10-24 14:50:00,13,10,24,14,50,290,232,EAU BLANCHE ROND POINT D,47.99133,-4.07362,Plein jour,En agglomération,Giratoire,Normale,Sans collision,,,,,,,,,,,1,2,6,1.0,7
201300022165,0013-10-24 15:15:00,13,10,24,15,15,290,51,KEROURVOIS ROUTE DE,48.00241,-4.05058,Plein jour,Hors agglomération,Hors intersection,Normale,Deux véhicules - arrière,,,,,,,,,,,1,1,1,1.0,2
201300022166,0013-10-25 19:10:00,13,10,25,19,10,290,232,"., Park Poullig rond poi",48.0301,-4.08837,Nuit sans éclairage public,Hors agglomération,Hors intersection,Normale,Sans collision,,,,,,,,,,,3,1,1,1.0,7
201300022167,0013-10-26 00:46:00,13,10,26,0,46,290,232,"., FRUGY Rond-Point du",47.98775,-4.10892,Nuit avec éclairage allumé,En agglomération,Giratoire,Normale,Sans collision,,,,,,,,,,,5,2,6,1.0,7
201300022168,0013-10-29 10:52:00,13,10,29,10,52,290,232,BLUM  LEON RUE,47.9865,-4.08139,Plein jour,En agglomération,Hors intersection,Normale,Deux véhicules - arrière,,,,,,,,,,,1,2,1,1.0,2
201300022169,0013-10-29 13:20:00,13,10,29,13,20,290,232,"., BREST ROUTE DE",48.02313,-4.08458,Plein jour,Hors agglomération,Hors intersection,Pluie légère,Sans collision,,,,,,,,,,,1,1,1,2.0,7
201300022170,0013-10-31 18:00:00,13,10,31,18,0,290,232,"., DE GAULLE  CHARLES PL",48.00397,-4.09765,Crépuscule ou aube,En agglomération,Hors intersection,Autre,Sans collision,,,,,,,,,,,2,2,1,9.0,7
201300022171,0013-10-31 21:20:00,13,10,31,21,20,290,232,"12, BREST ROUTE DE",47.99896,-4.09269,Nuit avec éclairage allumé,En agglomération,Intersection en T,Normale,Deux véhicules - côté,,,,,,,,,,,5,2,3,1.0,3
201300022172,0013-11-04 10:00:00,13,11,4,10,0,290,232,"., CUZON  ROUTE DE",48.00713,-4.07514,Plein jour,Hors agglomération,Hors intersection,Normale,Sans collision,,,,,,,,,,,1,1,1,1.0,7
201300022173,0013-11-04 11:20:00,13,11,4,11,20,290,232,Boulevard de BRETAGNE,47.9859,-4.12403,Plein jour,En agglomération,Hors intersection,Normale,Sans collision,,,,,,,,,,,1,2,1,1.0,7
201300022174,0013-11-05 10:30:00,13,11,5,10,30,290,232,"., LE GUENNEC LOUIS BOUL",47.97918,-4.09539,Plein jour,Hors agglomération,Giratoire,Pluie légère,Deux véhicules - arrière,,,,,,,,,,,1,1,6,2.0,2
201300022175,0013-11-06 12:10:00,13,11,6,12,10,290,232,"., BRETAGNE BOULEVARD DE",47.9859,-4.12403,Plein jour,Hors agglomération,Hors intersection,Normale,Deux véhicules - côté,,,,,,,,,,,1,1,1,1.0,3
201300022176,0013-11-11 15:00:00,13,11,11,15,0,290,232,Rue LOUIS LE GUENNEC,47.98003,-4.10752,Plein jour,En agglomération,Hors intersection,Pluie légère,Autre collision,,,,,,,,,,,1,2,1,2.0,6
201300022177,0013-11-12 08:40:00,13,11,12,8,40,290,232,ROUTE DE PONT L'ABBE,47.97933,-4.12257,Plein jour,Hors agglomération,Hors intersection,Normale,Deux véhicules - arrière,,,,,,,,,,,1,1,1,1.0,2
201300022178,0013-11-12 18:45:00,13,11,12,18,45,290,232,LUDUGRIS  ROND POINT DE,47.9798,-4.12409,Nuit avec éclairage allumé,En agglomération,Giratoire,Normale,Deux véhicules - arrière,,,,,,,,,,,5,2,6,1.0,2
201300022179,0013-11-21 17:30:00,13,11,21,17,30,290,51,"., ROUILLEN AVENUE",47.99878,-4.05581,Plein jour,Hors agglomération,Hors intersection,Normale,Deux véhicules - arrière,,,,,,,,,,,1,1,1,1.0,2
201300022180,0013-11-22 08:10:00,13,11,22,8,10,290,51,BALES Francois Place,47.99671,-4.02713,Plein jour,En agglomération,Place,Normale,Autre collision,,,,,,,,,,,1,2,7,1.0,6
201300022181,0013-11-22 20:05:00,13,11,22,20,5,290,232,TOUR D'AUVERGNE RUE DE L,47.98958,-4.0828,Nuit avec éclairage allumé,En agglomération,Hors intersection,Normale,Deux véhicules - côté,,,,,,,,,,,5,2,1,1.0,3
201300022182,0013-11-23 15:17:00,13,11,23,15,17,290,232,"98, PONT L'ABBE RUE DE",47.99122,-4.11718,Plein jour,En agglomération,Giratoire,Normale,Autre collision,,,,,,,,,,,1,2,6,1.0,6
201300022183,0013-11-27 13:00:00,13,11,27,13,0,290,232,"., Pont du Theatre",47.99513,-4.09782,Plein jour,En agglomération,Hors intersection,Normale,Sans collision,,,,,,,,,,,1,2,1,1.0,7
201300022184,0013-11-27 19:50:00,13,11,27,19,50,290,232,"., PONT L'ABBE RUE DE",47.99124,-4.11553,Nuit avec éclairage non allumé,En agglomération,Hors intersection,Pluie légère,Sans collision,,,,,,,,,,,4,2,1,2.0,7
201300022185,0013-11-30 21:05:00,13,11,30,21,5,290,232,"4, FRANCE LIBRE  AVENUE",48.0021,-4.09957,Nuit avec éclairage allumé,En agglomération,Hors intersection,Normale,Deux véhicules - côté,,,,,,,,,,,5,2,1,1.0,3
201300022186,0013-12-03 21:05:00,13,12,3,21,5,290,232,"4, FRANCE LIBRE  AVENUE",48.0021,-4.09957,Nuit avec éclairage allumé,En agglomération,Hors intersection,Normale,Deux véhicules - côté,,,,,,,,,,,5,2,1,1.0,3
201300022187,0013-12-03 13:45:00,13,12,3,13,45,290,232,QUINQUIS YVES RUE,47.99563,-4.08088,Plein jour,En agglomération,Hors intersection,Normale,Deux véhicules - côté,,,,,,,,,,,1,2,1,1.0,3
201300022188,0013-12-05 18:45:00,13,12,5,18,45,290,232,"., TY BOS AVENUE DE",,,Nuit avec éclairage allumé,En agglomération,Hors intersection,Normale,Deux véhicules - côté,,,,,,,,,,,5,2,1,1.0,3
201300022189,0013-12-06 17:00:00,13,12,6,17,0,290,232,"., BREST ROUTE DE",48.00681,-4.08299,Plein jour,En agglomération,Hors intersection,Normale,Trois véhicules et plus - collisions multiples,,,,,,,,,,,1,2,1,1.0,5
201300022190,0013-12-06 18:30:00,13,12,6,18,30,290,232,"., SEMINAIRE  ROND POINT",47.99198,-4.11932,Nuit avec éclairage allumé,Hors agglomération,Hors intersection,Normale,Sans collision,,,,,,,,,,,5,1,1,1.0,7
201300022191,0013-12-09 14:10:00,13,12,9,14,10,290,232,"10, DOUARNENEZ ROUTE DE",47.99744,-4.1094,Plein jour,En agglomération,Intersection en X,Normale,Deux véhicules - côté,,,,,,,,,,,1,2,2,1.0,3
201300022192,0013-12-13 08:32:00,13,12,13,8,32,290,232,"., KERUSTUM  ROND POINT",47.97939,-4.09529,Plein jour,En agglomération,Hors intersection,Normale,Deux véhicules - côté,,,,,,,,,,,1,2,1,1.0,3
201300022193,0013-12-14 02:55:00,13,12,14,2,55,290,232,CREAC'H GWEN  ROND POINT,47.97522,-4.09776,Nuit avec éclairage allumé,Hors agglomération,Hors intersection,Autre,Autre collision,,,,,,,,,,,5,1,1,9.0,6
201300022194,0013-12-16 17:30:00,13,12,16,17,30,290,232,"., SEMINAIRE  ROND POINT",47.99072,-4.12007,Nuit avec éclairage allumé,En agglomération,Hors intersection,Pluie légère,Sans collision,,,,,,,,,,,5,2,1,2.0,7
201300022195,0013-12-17 09:20:00,13,12,17,9,20,290,232,"., PONTIGOU  ROND POINT",48.00225,-4.114,Crépuscule ou aube,En agglomération,Hors intersection,Pluie légère,Sans collision,,,,,,,,,,,2,2,1,2.0,7
201300022196,0013-12-17 13:14:00,13,12,17,13,14,290,232,"., POULGUINAN BOULEVARD",47.98342,-4.11882,Plein jour,En agglomération,Hors intersection,Pluie légère,Sans collision,,,,,,,,,,,1,2,1,2.0,7
201300022197,0013-12-19 11:58:00,13,12,19,11,58,290,232,FRANCE BOULEVARD DE,47.98839,-4.12643,Plein jour,En agglomération,Hors intersection,Temps éblouissant,Sans collision,,,,,,,,,,,1,2,1,7.0,7
201300022198,0013-12-22 17:39:00,13,12,22,17,39,290,51,LESTONAN AVENUE DE,48.01966,-4.02189,Plein jour,En agglomération,Intersection en T,Pluie légère,Deux véhicules - côté,,,,,,,,,,,1,2,3,2.0,3
201300022199,0013-12-26 09:50:00,13,12,26,9,50,290,232,"., BOROSSI PAUL RUE",47.9877,-4.12248,Plein jour,En agglomération,Hors intersection,Pluie légère,Sans collision,,,,,,,,,,,1,2,1,2.0,7
201300022200,0013-12-27 20:00:00,13,12,27,20,0,290,232,"., PONT L'ABBE ROUTE DE",47.97888,-4.12573,Crépuscule ou aube,Hors agglomération,Hors intersection,Pluie légère,Sans collision,,,,,,,,,,,2,1,1,2.0,7
201300022201,0013-12-28 12:45:00,13,12,28,12,45,290,232,VOIE EXPRESS QUIMPER - B,48.01705,-4.08081,Plein jour,Hors agglomération,Hors intersection,Neige / grêle,Autre collision,,,,,,,,,,,1,1,1,4.0,6
201300022202,0013-03-14 17:30:00,13,3,14,17,30,570,622,,,,Crépuscule ou aube,Hors agglomération,Hors intersection,Neige / grêle,Autre collision,,,,,,,,,,,2,1,1,4.0,6
201300022203,0013-05-31 11:30:00,13,5,31,11,30,550,242,,49.139,5.702,Plein jour,Hors agglomération,Hors intersection,Pluie légère,Deux véhicules - frontale,,,,,,,,,,,1,1,1,2.0,1
201300022204,0013-08-19 15:45:00,13,8,19,15,45,540,371,,49.199,5.933,Plein jour,Hors agglomération,Autre intersection,Normale,Autre collision,,,,,,,,,,,1,1,9,1.0,6
201300022205,0013-10-12 14:30:00,13,10,12,14,30,540,371,,49.19898,5.92423,Plein jour,Hors agglomération,Autre intersection,Normale,Trois véhicules et plus - en chaîne,,,,,,,,,,,1,1,9,1.0,4
201300022206,0013-10-25 11:15:00,13,10,25,11,15,550,242,,49.125,5.668,Plein jour,Hors agglomération,Hors intersection,Normale,Autre collision,,,,,,,,,,,1,1,1,1.0,6
201300022207,0013-06-08 10:00:00,13,6,8,10,0,600,395,35 rue aristide briand,,,Plein jour,En agglomération,Hors intersection,Normale,Deux véhicules - arrière,,,,,,,,,,,1,2,1,1.0,2
201300022208,0013-06-27 18:00:00,13,6,27,18,0,600,10,,49.202,2.092,Plein jour,Hors agglomération,Hors intersection,Normale,Deux véhicules - frontale,,,,,,,,,,,1,1,1,1.0,1
201300022209,0013-01-06 19:25:00,13,1,6,19,25,300,7,"., QUINET (RUE EDGAR)",44.12397,4.0839,Nuit avec éclairage allumé,En agglomération,Hors intersection,Normale,Deux véhicules - côté,,,,,,,,,,,5,2,1,1.0,3
201300022210,0013-01-09 18:25:00,13,1,9,18,25,300,7,ALBERT 1ER (RUE),44.12589,4.07857,Nuit sans éclairage public,En agglomération,Intersection en X,Normale,Sans collision,,,,,,,,,,,3,2,2,1.0,7
201300022211,0013-01-18 17:00:00,13,1,18,17,0,300,7,"271, BILINA (QUAI)",44.12949,4.07162,Crépuscule ou aube,En agglomération,Hors intersection,Normale,Sans collision,,,,,,,,,,,2,2,1,1.0,7
201300022212,0013-01-26 17:15:00,13,1,26,17,15,300,243,CAMPELLO (AVENUE DE),44.08159,4.07156,Plein jour,En agglomération,Hors intersection,Normale,Trois véhicules et plus - collisions multiples,,,,,,,,,,,1,2,1,1.0,5
201300022213,0013-01-31 02:45:00,13,1,31,2,45,300,7,"., JUIN (AVE DU MARECHAL",44.1134,4.10689,Nuit avec éclairage allumé,Hors agglomération,Hors intersection,Normale,Sans collision,,,,,,,,,,,5,1,1,1.0,7
201300022214,0013-02-11 15:25:00,13,2,11,15,25,300,7,CHAPTAL ( QUAI MAX ),,,Plein jour,En agglomération,Hors intersection,Normale,Autre collision,,,,,,,,,,,1,2,1,1.0,6
201300022215,0013-02-20 13:10:00,13,2,20,13,10,300,7,"., PELLOUTIER (RUE FERNA",44.11757,4.0819,Plein jour,En agglomération,Intersection en T,Normale,Autre collision,,,,,,,,,,,1,2,3,1.0,6
201300022216,0013-02-28 18:20:00,13,2,28,18,20,300,7,TREPELOUP (CHEMIN DE),44.12775,4.06557,Plein jour,En agglomération,Intersection en X,Normale,Deux véhicules - frontale,,,,,,,,,,,1,2,2,1.0,1
201300022217,0013-03-11 12:10:00,13,3,11,12,10,300,7,"., CHAPTAL ( QUAI MAX )",,,Plein jour,En agglomération,Hors intersection,Normale,Autre collision,,,,,,,,,,,1,2,1,1.0,6
201300022218,0013-03-12 11:45:00,13,3,12,11,45,300,243,GAULLE (AVENUE DU GAL DE,44.08674,4.07763,Plein jour,En agglomération,Hors intersection,Normale,Deux véhicules - arrière,,,,,,,,,,,1,2,1,1.0,2
201300022219,0013-03-13 11:30:00,13,3,13,11,30,300,7,"., BOISSIER DE SAUVAGE",,,Plein jour,En agglomération,Hors intersection,Normale,Deux véhicules - côté,,,,,,,,,,,1,2,1,1.0,3
201300022220,0013-05-13 17:40:00,13,5,13,17,40,300,7,"492, BAGNOLS (ROUTE DE)",44.13063,4.10906,Plein jour,En agglomération,Intersection en X,Normale,Deux véhicules - côté,,,,,,,,,,,1,2,2,1.0,3
201300022221,0013-05-14 21:05:00,13,5,14,21,5,300,7,"02, FAUBOURG D'AUVERGNE",44.12749,4.07896,Nuit avec éclairage allumé,En agglomération,Hors intersection,Normale,Deux véhicules - arrière,,,,,,,,,,,5,2,1,1.0,2
201300022222,0013-05-24 08:20:00,13,5,24,8,20,300,7,"., MAS D'HOURS (QUAI DU)",,,Plein jour,En agglomération,Hors intersection,Normale,Deux véhicules - arrière,,,,,,,,,,,1,2,1,1.0,2
201300022223,0013-05-28 20:45:00,13,5,28,20,45,300,243,"2720, MOULIN (AVENUE J.)",44.06177,4.08965,Crépuscule ou aube,Hors agglomération,Hors intersection,Normale,Sans collision,,,,,,,,,,,2,1,1,1.0,7
201300022224,0013-05-29 19:30:00,13,5,29,19,30,300,7,"., SERRES (AVE OLIVIER D",,,Plein jour,En agglomération,Hors intersection,Normale,Deux véhicules - arrière,,,,,,,,,,,1,2,1,1.0,2
201300022225,0013-06-10 12:20:00,13,6,10,12,20,300,7,"., THOREZ (AVE MAURICE)",,,Plein jour,En agglomération,Hors intersection,Normale,Deux véhicules - arrière,,,,,,,,,,,1,2,1,1.0,2
201300022226,0013-06-14 15:30:00,13,6,14,15,30,300,7,"., ALSACE (ROUTE D')",,,Plein jour,En agglomération,Hors intersection,Normale,Trois véhicules et plus - collisions multiples,,,,,,,,,,,1,2,1,1.0,5
201300022227,0013-07-01 14:45:00,13,7,1,14,45,300,7,"., BLANC (BD LOUIS)",44.12395,4.08033,Plein jour,En agglomération,Hors intersection,Normale,Deux véhicules - côté,,,,,,,,,,,1,2,1,1.0,3
201300022228,0013-07-09 18:30:00,13,7,9,18,30,300,7,"., PERI (PLACE GABRIEL)",44.12129,4.07967,Plein jour,En agglomération,Hors intersection,Normale,Deux véhicules - côté,,,,,,,,,,,1,2,1,1.0,3
201300022229,0013-07-15 14:20:00,13,7,15,14,20,300,7,"., CROUPILLAC (AVE DE)",,,Plein jour,En agglomération,Hors intersection,Normale,Deux véhicules - côté,,,,,,,,,,,1,2,1,1.0,3
201300022230,0013-07-26 22:45:00,13,7,26,22,45,300,7,"., MAS D'HOURS (QUAI DU)",,,Nuit avec éclairage allumé,En agglomération,Hors intersection,Normale,Deux véhicules - frontale,,,,,,,,,,,5,2,1,1.0,1
201300022231,0013-08-06 12:20:00,13,8,6,12,20,300,7,"01, MOULIN (GRAND' RUE J",44.12587,4.07348,Plein jour,En agglomération,Hors intersection,Normale,Sans collision,,,,,,,,,,,1,2,1,1.0,7
201300022232,0013-08-07 11:10:00,13,8,7,11,10,300,7,"., JUIN (AVE DU MARECHAL",,,Plein jour,En agglomération,Hors intersection,Pluie légère,Trois véhicules et plus - en chaîne,,,,,,,,,,,1,2,1,2.0,4
201300022233,0013-08-13 17:30:00,13,8,13,17,30,300,7,"., FRANCEZON (CHEMIN DE)",,,Plein jour,Hors agglomération,Hors intersection,Normale,Deux véhicules - frontale,,,,,,,,,,,1,1,1,1.0,1
201300022234,0013-08-14 13:15:00,13,8,14,13,15,300,7,"., BLANC (BD LOUIS)",44.12618,4.07991,Plein jour,En agglomération,Hors intersection,Normale,Sans collision,,,,,,,,,,,1,2,1,1.0,7
201300022235,0013-08-16 12:40:00,13,8,16,12,40,300,7,"222, ANDUZE (VIEILLE ROU",44.10897,4.07896,Plein jour,En agglomération,Hors intersection,Normale,Sans collision,,,,,,,,,,,1,2,1,1.0,7