accident_id,datetime,annee,mois,jour,heure,minute,departement,commune_insee,adresse,latitude,longitude,luminosite,agglomeration,intersection,meteo,collision,nb_vehicules,nb_usagers,nb_indemnes,nb_tues,nb_blesses_hosp,nb_blesses_legers,age_cond_1,age_cond_2,veh_type_cond_1,veh_type_cond_2,lum_code,agg_code,int_code,atm_code,col_code
201300022610,0013-09-24 02:15:00,13,9,24,2,15,260,339,26339,,,Nuit sans éclairage public,Hors agglomération,Hors intersection,Normale,Deux véhicules - arrière,,,,,,,,,,,3,1,1,1.0,2
201300022611,0013-09-24 11:00:00,13,9,24,11,0,260,338,26338,,,Plein jour,Hors agglomération,Giratoire,Normale,Autre collision,,,,,,,,,,,1,1,6,1.0,6
201300022612,0013-09-28 11:30:00,13,9,28,11,30,260,3,26003,,,Plein jour,Hors agglomération,Hors intersection,Normale,Deux véhicules - côté,,,,,,,,,,,1,1,1,1.0,3
201300022613,0013-10-09 06:45:00,13,10,9,6,45,260,5,26005,,,Nuit sans éclairage public,Hors agglomération,Hors intersection,Normale,Deux véhicules - arrière,,,,,,,,,,,3,1,1,1.0,2
201300022614,0013-10-14 12:45:00,13,10,14,12,45,260,85,26085,,,Plein jour,Hors agglomération,Hors intersection,Normale,Deux véhicules - côté,,,,,,,,,,,1,1,1,1.0,3
201300022615,0013-10-30 09:45:00,13,10,30,9,45,260,338,,44.587,4.805,Plein jour,Hors agglomération,Hors intersection,Normale,Deux véhicules - arrière,,,,,,,,,,,1,1,1,1.0,2
201300022616,0013-11-24 13:30:00,13,11,24,13,30,260,138,26138,,,Plein jour,Hors agglomération,Hors intersection,Normale,Autre collision,,,,,,,,,,,1,1,1,1.0,6
201300022617,0013-11-29 14:45:00,13,11,29,14,45,260,188,26188,,,Plein jour,Hors agglomération,Hors intersection,Normale,Deux véhicules - côté,,,,,,,,,,,1,1,1,1.0,3
201300022618,0013-11-29 14:30:00,13,11,29,14,30,260,284,26284,,,Plein jour,Hors agglomération,Hors intersection,Normale,Trois véhicules et plus - collisions multiples,,,,,,,,,,,1,1,1,1.0,5
201300022619,0013-12-02 09:45:00,13,12,2,9,45,260,357,26357,,,Plein jour,Hors agglomération,Hors intersection,Normale,Autre collision,,,,,,,,,,,1,1,1,1.0,6
201300022620,0013-12-07 18:30:00,13,12,7,18,30,260,5,26005,,,Nuit sans éclairage public,Hors agglomération,Intersection en T,Normale,Deux véhicules - frontale,,,,,,,,,,,3,1,3,1.0,1
201300022621,0013-12-10 15:00:00,13,12,10,15,0,260,5,26005,,,Plein jour,Hors agglomération,Hors intersection,Normale,Deux véhicules - arrière,,,,,,,,,,,1,1,1,1.0,2
201300022622,0013-12-20 17:30:00,13,12,20,17,30,260,116,26116,,,Plein jour,Hors agglomération,Hors intersection,Pluie légère,Autre collision,,,,,,,,,,,1,1,1,2.0,6
201300022623,0013-12-22 05:45:00,13,12,22,5,45,260,192,,44.446,5.016,Nuit sans éclairage public,Hors agglomération,Hors intersection,Normale,Autre collision,,,,,,,,,,,3,1,1,1.0,6
201300022624,0013-12-27 19:15:00,13,12,27,19,15,260,145,,,,Nuit sans éclairage public,Hors agglomération,Giratoire,Normale,Autre collision,,,,,,,,,,,3,1,6,1.0,6
201300022625,0013-12-29 17:45:00,13,12,29,17,45,260,63,,,,Nuit sans éclairage public,Hors agglomération,Autre intersection,Normale,Deux véhicules - arrière,,,,,,,,,,,3,1,9,1.0,2
201300022626,0013-11-02 06:00:00,13,11,2,6,0,840,83,,,,Nuit sans éclairage public,Hors agglomération,Hors intersection,Pluie légère,Autre collision,,,,,,,,,,,3,1,1,2.0,6
201300022627,0013-01-12 16:30:00,13,1,12,16,30,350,337,,,,Plein jour,Hors agglomération,Hors intersection,Temps couvert,Deux véhicules - arrière,,,,,,,,,,,1,1,1,8.0,2
201300022628,0013-01-26 07:30:00,13,1,26,7,30,350,225,,,,Crépuscule ou aube,Hors agglomération,Hors intersection,Normale,Autre collision,,,,,,,,,,,2,1,1,1.0,6
201300022629,0013-07-15 19:00:00,13,7,15,19,0,350,226,,48.38564,-1.88662,Plein jour,Hors agglomération,Hors intersection,Normale,Deux véhicules - frontale,,,,,,,,,,,1,1,1,1.0,1
201300022630,0013-08-20 12:00:00,13,8,20,12,0,350,92,,48.43419,-1.66361,Plein jour,Hors agglomération,Hors intersection,Normale,Deux véhicules - frontale,,,,,,,,,,,1,1,1,1.0,1
201300022631,0013-09-19 10:00:00,13,9,19,10,0,350,337,avenue des trentes,48.32721,-1.84358,Plein jour,En agglomération,Hors intersection,Normale,Autre collision,,,,,,,,,,,1,2,1,1.0,6
201300022632,0013-12-08 12:30:00,13,12,8,12,30,350,226,,48.43,-1.889,Plein jour,Hors agglomération,Hors intersection,Normale,Deux véhicules - côté,,,,,,,,,,,1,1,1,1.0,3
201300022633,0013-11-14 12:00:00,13,11,14,12,0,270,391,,48.81,1.344,Plein jour,Hors agglomération,Hors intersection,Pluie légère,Autre collision,,,,,,,,,,,1,1,1,2.0,6
201300022634,0013-04-02 07:45:00,13,4,2,7,45,840,122,,,,Crépuscule ou aube,Hors agglomération,Hors intersection,Normale,Deux véhicules - côté,,,,,,,,,,,2,1,1,1.0,3
201300022635,0013-03-11 12:45:00,13,3,11,12,45,620,78,1440 rue Camp Drap d'Or,,,Plein jour,En agglomération,Hors intersection,Neige / grêle,Deux véhicules - côté,,,,,,,,,,,1,2,1,4.0,3
201300022636,0013-03-16 15:30:00,13,3,16,15,30,620,38,chemin du hallage,50.89119,1.9685,Plein jour,En agglomération,Hors intersection,Normale,Autre collision,,,,,,,,,,,1,2,1,1.0,6
201300022637,0013-03-24 01:30:00,13,3,24,1,30,620,852,,50.91792,2.09802,Nuit sans éclairage public,Hors agglomération,Hors intersection,Normale,Autre collision,,,,,,,,,,,3,1,1,1.0,6
201300022638,0013-04-02 09:00:00,13,4,2,9,0,620,623,185 rue du fort batard,,,Plein jour,En agglomération,Hors intersection,Temps éblouissant,Autre collision,,,,,,,,,,,1,2,1,7.0,6
201300022639,0013-04-25 19:30:00,13,4,25,19,30,620,852,,,,Plein jour,Hors agglomération,Hors intersection,Normale,Trois véhicules et plus - collisions multiples,,,,,,,,,,,1,1,1,1.0,5
201300022640,0013-06-07 12:30:00,13,6,7,12,30,620,57,,50.86549,2.05493,Plein jour,Hors agglomération,Hors intersection,Normale,Deux véhicules - côté,,,,,,,,,,,1,1,1,1.0,3
201300022641,0013-11-04 20:15:00,13,11,4,20,15,620,645,,50.9874,2.07173,Nuit sans éclairage public,Hors agglomération,Hors intersection,Temps couvert,Trois véhicules et plus - collisions multiples,,,,,,,,,,,3,1,1,8.0,5
201300022642,0013-12-15 18:30:00,13,12,15,18,30,620,748,,,,Nuit sans éclairage public,Hors agglomération,Hors intersection,Normale,Deux véhicules - frontale,,,,,,,,,,,3,1,1,1.0,1
201300022643,0013-02-20 14:30:00,13,2,20,14,30,830,148,,,,Plein jour,Hors agglomération,Hors intersection,Normale,Autre collision,,,,,,,,,,,1,1,1,1.0,6
201300022644,0013-05-04 19:30:00,13,5,4,19,30,830,61,,,,Plein jour,Hors agglomération,Hors intersection,Normale,Autre collision,,,,,,,,,,,1,1,1,1.0,6
201300022645,0013-06-16 18:30:00,13,6,16,18,30,830,85,,,,Plein jour,Hors agglomération,Hors intersection,Normale,Autre collision,,,,,,,,,,,1,1,1,1.0,6
201300022646,0013-08-09 19:00:00,13,8,9,19,0,830,4,,43.45699,6.47717,Plein jour,Hors agglomération,Hors intersection,Normale,Deux véhicules - arrière,,,,,,,,,,,1,1,1,1.0,2
201300022647,0013-09-03 09:45:00,13,9,3,9,45,830,148,,,,Plein jour,Hors agglomération,Hors intersection,Normale,Trois véhicules et plus - collisions multiples,,,,,,,,,,,1,1,1,1.0,5
201300022648,0013-09-04 14:30:00,13,9,4,14,30,830,4,10 avenue des laurons,,,Plein jour,En agglomération,Hors intersection,Normale,Deux véhicules - côté,,,,,,,,,,,1,2,1,1.0,3
201300022649,0013-08-30 09:45:00,13,8,30,9,45,830,85,,,,Plein jour,Hors agglomération,Hors intersection,Normale,Deux véhicules - côté,,,,,,,,,,,1,1,1,1.0,3
201300022650,0013-09-08 06:15:00,13,9,8,6,15,830,4,,,,Nuit sans éclairage public,Hors agglomération,Hors intersection,Pluie forte,Sans collision,,,,,,,,,,,3,1,1,3.0,7
201300022651,0013-09-20 17:00:00,13,9,20,17,0,830,86,"RN 7, ROUTE D AIX EN PCE",,,Plein jour,En agglomération,Hors intersection,Normale,Deux véhicules - frontale,,,,,,,,,,,1,2,1,1.0,1
201300022652,0013-11-07 16:45:00,13,11,7,16,45,830,4,,,,Crépuscule ou aube,Hors agglomération,Intersection en Y,Normale,Deux véhicules - côté,,,,,,,,,,,2,1,4,1.0,3
201300022653,0013-01-07 07:40:00,13,1,7,7,40,310,483,"114, AVE F MITTERAND",43.11224,0.74564,Crépuscule ou aube,En agglomération,Hors intersection,Normale,Trois véhicules et plus - en chaîne,,,,,,,,,,,2,2,1,1.0,4
201300022654,0013-01-10 09:05:00,13,1,10,9,5,310,483,"544, LANDORTHE (ROUTE)",43.11608,0.74765,Plein jour,En agglomération,Hors intersection,Pluie légère,Deux véhicules - côté,,,,,,,,,,,1,2,1,2.0,3
201300022655,0013-01-02 18:40:00,13,1,2,18,40,310,483,RUE MITERRAND/SUBERVILLE,43.11125,0.73979,Nuit avec éclairage allumé,En agglomération,Intersection en T,Normale,Deux véhicules - arrière,,,,,,,,,,,5,2,3,1.0,2
201300022656,0013-01-19 19:30:00,13,1,19,19,30,310,483,RUE MISTRAL/RUE FAURE,43.11361,0.73916,Nuit sans éclairage public,En agglomération,Intersection en T,Pluie forte,Sans collision,,,,,,,,,,,3,2,3,3.0,7
201300022657,0013-01-22 07:40:00,13,1,22,7,40,310,483,LECONTE DE L'ISLE ( BLD),43.10693,0.73451,Crépuscule ou aube,En agglomération,Hors intersection,Pluie légère,Autre collision,,,,,,,,,,,2,2,1,2.0,6
201300022658,0013-01-25 04:05:00,13,1,25,4,5,310,483,FRANCOIS MITTERAND ( AVE,43.11176,0.74276,Nuit avec éclairage allumé,En agglomération,Hors intersection,Normale,Autre collision,,,,,,,,,,,5,2,1,1.0,6
201300022659,0013-01-31 07:25:00,13,1,31,7,25,310,483,SAINT PLANCARD ( AVENUE),,,Nuit avec éclairage allumé,En agglomération,Hors intersection,Normale,Deux véhicules - arrière,,,,,,,,,,,5,2,1,1.0,2
201300022660,0013-03-05 17:40:00,13,3,5,17,40,310,483,FRANCOIS MITTERAND (ave),43.11027,0.7343,Plein jour,En agglomération,Hors intersection,Normale,Trois véhicules et plus - en chaîne,,,,,,,,,,,1,2,1,1.0,4
201300022661,0013-03-15 09:10:00,13,3,15,9,10,310,483,D 8,,,Plein jour,Hors agglomération,Hors intersection,Normale,Deux véhicules - arrière,,,,,,,,,,,1,1,1,1.0,2
201300022662,0013-05-01 18:20:00,13,5,1,18,20,310,483,"26, ISLE (AVENUE DE L')",43.11097,0.72576,Plein jour,En agglomération,Hors intersection,Normale,Deux véhicules - côté,,,,,,,,,,,1,2,1,1.0,3
201300022663,0013-05-10 19:30:00,13,5,10,19,30,310,483,D921,43.0954,0.73629,Plein jour,Hors agglomération,Hors intersection,Normale,Sans collision,,,,,,,,,,,1,1,1,1.0,7
201300022664,0013-05-23 23:10:00,13,5,23,23,10,310,483,"26, ISLE (AVENUE DE L')",43.11095,0.72579,Nuit avec éclairage allumé,En agglomération,Autre intersection,Pluie légère,Deux véhicules - arrière,,,,,,,,,,,5,2,9,2.0,2
201300022665,0013-06-02 13:00:00,13,6,2,13,0,310,565,D 8,,,Plein jour,Hors agglomération,Hors intersection,Normale,Sans collision,,,,,,,,,,,1,1,1,1.0,7
201300022666,0013-06-17 10:00:00,13,6,17,10,0,310,483,FRANCOIS MITTERAND ( AVE,43.10951,0.7296,Plein jour,En agglomération,Hors intersection,Normale,Sans collision,,,,,,,,,,,1,2,1,1.0,7
201300022667,0013-07-08 18:30:00,13,7,8,18,30,310,483,"12, TROUBADOURS DU COMMI",43.1178,0.72029,Plein jour,En agglomération,Intersection en T,Normale,Deux véhicules - frontale,,,,,,,,,,,1,2,3,1.0,1
201300022668,0013-07-20 18:35:00,13,7,20,18,35,310,483,"9, GAULLE (BLD CHARLES )",43.10867,0.72133,Plein jour,En agglomération,Hors intersection,Normale,Deux véhicules - côté,,,,,,,,,,,1,2,1,1.0,3
201300022669,0013-07-25 12:55:00,13,7,25,12,55,310,483,"16, ARRIEU ANSELME (AVE)",43.11001,0.71927,Plein jour,En agglomération,Hors intersection,Normale,Autre collision,,,,,,,,,,,1,2,1,1.0,6
201300022670,0013-07-27 19:50:00,13,7,27,19,50,310,483,"1,RTE DE LA SERRE NEROUS",43.14059,0.69564,Plein jour,Hors agglomération,Hors intersection,Pluie légère,Sans collision,,,,,,,,,,,1,1,1,2.0,7
201300022671,0013-07-26 11:55:00,13,7,26,11,55,310,483,FRANCOIS MITTERAND ( A,43.10942,0.72947,Plein jour,En agglomération,Hors intersection,Normale,Deux véhicules - arrière,,,,,,,,,,,1,2,1,1.0,2
201300022672,0013-08-17 09:20:00,13,8,17,9,20,310,483,PHOEBUS GASTON (AVENUE),43.10631,0.72278,Plein jour,En agglomération,Hors intersection,Normale,Autre collision,,,,,,,,,,,1,2,1,1.0,6
201300022673,0013-08-19 06:45:00,13,8,19,6,45,310,344,POINTIS INARD (ROUTE DE),43.09647,0.75668,Nuit sans éclairage public,Hors agglomération,Hors intersection,Normale,Deux véhicules - frontale,,,,,,,,,,,3,1,1,1.0,1
201300022674,0013-08-30 18:40:00,13,8,30,18,40,310,483,"6, SOMMER RAYMOND (BOULE",43.0991,0.70824,Plein jour,En agglomération,Hors intersection,Normale,Trois véhicules et plus - en chaîne,,,,,,,,,,,1,2,1,1.0,4
201300022675,0013-08-22 19:10:00,13,8,22,19,10,310,483,"71, F. MITTERAND/MERMOZ",43.11015,0.7336,Plein jour,En agglomération,Intersection en X,Normale,Deux véhicules - côté,,,,,,,,,,,1,2,2,1.0,3
201300022676,0013-08-25 15:45:00,13,8,25,15,45,310,483,RTE LANDORTHE/RUE NAOUZE,43.11666,0.74928,Plein jour,En agglomération,Intersection en T,Normale,Deux véhicules - arrière,,,,,,,,,,,1,2,3,1.0,2
201300022677,0013-09-07 18:35:00,13,9,7,18,35,310,483,RTE DE LA SERRE DE CAZAU,43.15137,0.74972,Plein jour,Hors agglomération,Hors intersection,Pluie légère,Sans collision,,,,,,,,,,,1,1,1,2.0,7
201300022678,0013-09-05 13:10:00,13,9,5,13,10,310,483,CHANTEURS DU COMMINGES (,43.10959,0.70862,Plein jour,En agglomération,Hors intersection,Normale,Sans collision,,,,,,,,,,,1,2,1,1.0,7
201300022679,0013-09-07 15:20:00,13,9,7,15,20,310,483,MONTAGUT HENRI (AVENUE),43.1074,0.72648,Plein jour,En agglomération,Hors intersection,Pluie légère,Sans collision,,,,,,,,,,,1,2,1,2.0,7
201300022680,0013-10-17 08:55:00,13,10,17,8,55,310,344,ASPET (ROUTE),43.09137,0.75263,Plein jour,Hors agglomération,Hors intersection,Pluie légère,Autre collision,,,,,,,,,,,1,1,1,2.0,6
201300022681,0013-10-30 11:50:00,13,10,30,11,50,310,565,angle ave de luchon,43.09461,0.69143,Plein jour,Hors agglomération,Intersection en T,Normale,Deux véhicules - frontale,,,,,,,,,,,1,1,3,1.0,1
201300022682,0013-11-02 03:20:00,13,11,2,3,20,310,483,CAZAUX (RTE DE LA SERRE),43.14323,0.73727,Nuit sans éclairage public,Hors agglomération,Hors intersection,Pluie forte,Sans collision,,,,,,,,,,,3,1,1,3.0,7
201300022683,0013-11-05 19:00:00,13,11,5,19,0,310,483,"1, PHOEBUS GASTON (AVENU",43.60227,0.34228,Nuit avec éclairage allumé,En agglomération,Hors intersection,Pluie légère,Autre collision,,,,,,,,,,,5,2,1,2.0,6
201300022684,0013-11-12 16:05:00,13,11,12,16,5,310,483,"40, ISLE (AVENUE DE L')",43.11212,0.72578,Plein jour,En agglomération,Hors intersection,Pluie légère,Deux véhicules - côté,,,,,,,,,,,1,2,1,2.0,3
201300022685,0013-11-21 07:45:00,13,11,21,7,45,310,483,"13, GALLIENI (AVENUE)",43.10762,0.71558,Crépuscule ou aube,En agglomération,Hors intersection,Neige / grêle,Autre collision,,,,,,,,,,,2,2,1,4.0,6
201300022686,0013-12-03 09:48:00,13,12,3,9,48,310,483,"1, ARRIEU ANSELME (AVE)",43.10885,0.72181,Plein jour,En agglomération,Hors intersection,Normale,Autre collision,,,,,,,,,,,1,2,1,1.0,6
201300022687,0013-12-03 18:30:00,13,12,3,18,30,310,483,JOFFRE (AVENUE DU MAR,43.10787,0.71634,Nuit avec éclairage allumé,En agglomération,Intersection en T,Normale,Deux véhicules - côté,,,,,,,,,,,5,2,3,1.0,3
201300022688,0013-10-25 22:05:00,13,10,25,22,5,310,483,"431, VIEILLE SERRE (RUE",43.12107,0.73236,Nuit sans éclairage public,Hors agglomération,Hors intersection,Normale,Sans collision,,,,,,,,,,,3,1,1,1.0,7
201300022689,0013-01-09 22:00:00,13,1,9,22,0,690,285,Avenue de satolas green,,,Nuit avec éclairage allumé,En agglomération,Hors intersection,Normale,Autre collision,,,,,,,,,,,5,2,1,1.0,6
201300022690,0013-07-01 08:30:00,13,7,1,8,30,690,285,9 Petite route,,,Plein jour,En agglomération,Hors intersection,Normale,Autre collision,,,,,,,,,,,1,2,1,1.0,6
201300022691,0013-03-29 20:00:00,13,3,29,20,0,690,285,15 BIS RUE DE LA GARE,,,Nuit avec éclairage allumé,En agglomération,Hors intersection,Pluie légère,Deux véhicules - côté,,,,,,,,,,,5,2,1,2.0,3
201300022692,0013-05-10 23:15:00,13,5,10,23,15,690,277,,,,Nuit avec éclairage allumé,Hors agglomération,Giratoire,Normale,Sans collision,,,,,,,,,,,5,1,6,1.0,7
201300022693,0013-01-02 04:20:00,13,1,2,4,20,310,555,"5, AV DE LYON",,,Nuit avec éclairage allumé,En agglomération,Hors intersection,Pluie forte,Autre collision,,,,,,,,,,,5,2,1,3.0,6
201300022694,0013-01-02 18:30:00,13,1,2,18,30,310,555,"28, AV M BOURGES MAUNOUR",,,Nuit avec éclairage allumé,En agglomération,Hors intersection,Normale,Deux véhicules - côté,,,,,,,,,,,5,2,1,1.0,3
201300022695,0013-01-03 18:00:00,13,1,3,18,0,310,555,"999, RUE THEODORE OZENNE",,,Nuit avec éclairage allumé,En agglomération,Hors intersection,Normale,Deux véhicules - côté,,,,,,,,,,,5,2,1,1.0,3
201300022696,0013-01-04 11:25:00,13,1,4,11,25,310,555,ALL JEAN GRIFFON,,,Plein jour,En agglomération,Hors intersection,Normale,Deux véhicules - frontale,,,,,,,,,,,1,2,1,1.0,1
201300022697,0013-01-05 12:30:00,13,1,5,12,30,310,555,"999, AV DU GENERAL EISEN",,,Plein jour,En agglomération,Hors intersection,Normale,Deux véhicules - côté,,,,,,,,,,,1,2,1,1.0,3
201300022698,0013-01-06 20:20:00,13,1,6,20,20,310,555,VA007331 A620,,,Plein jour,Hors agglomération,Hors intersection,Normale,Sans collision,,,,,,,,,,,1,1,1,1.0,7
201300022699,0013-01-07 20:47:00,13,1,7,20,47,310,555,ALL HENRI SELLIER,,,Nuit avec éclairage allumé,En agglomération,Hors intersection,Normale,Autre collision,,,,,,,,,,,5,2,1,1.0,6
201300022700,0013-01-08 17:15:00,13,1,8,17,15,310,555,"999, AV FREDERIC ESTEBE",,,Plein jour,En agglomération,Hors intersection,Normale,Deux véhicules - arrière,,,,,,,,,,,1,2,1,1.0,2
201300022701,0013-01-03 17:00:00,13,1,3,17,0,310,555,RPT DU DR MAURICE CAHUZA,,,Plein jour,En agglomération,Giratoire,Normale,Deux véhicules - côté,,,,,,,,,,,1,2,6,1.0,3
201300022702,0013-01-09 13:15:00,13,1,9,13,15,310,555,"999, RTE DE SEYSSES",,,Plein jour,En agglomération,Hors intersection,Normale,Deux véhicules - frontale,,,,,,,,,,,1,2,1,1.0,1
201300022703,0013-01-08 08:20:00,13,1,8,8,20,310,557,TARBES (ROUTE DE),43.57835,1.32876,Plein jour,En agglomération,Hors intersection,Pluie légère,Trois véhicules et plus - en chaîne,,,,,,,,,,,1,2,1,2.0,4
201300022704,0013-01-10 22:20:00,13,1,10,22,20,310,555,VA007553 A61,,,Nuit avec éclairage allumé,En agglomération,Hors intersection,Pluie forte,Sans collision,,,,,,,,,,,5,2,1,3.0,7
201300022705,0013-01-10 23:50:00,13,1,10,23,50,310,555,"111, RUE DES TROENES",,,Nuit avec éclairage allumé,En agglomération,Hors intersection,Pluie légère,Autre collision,,,,,,,,,,,5,2,1,2.0,6
201300022706,0013-01-12 02:40:00,13,1,12,2,40,310,555,"999, RUE DU FAUBOURG BON",,,Nuit avec éclairage allumé,En agglomération,Hors intersection,Pluie légère,Deux véhicules - frontale,,,,,,,,,,,5,2,1,2.0,1
201300022707,0013-01-13 06:45:00,13,1,13,6,45,310,555,"999, BD DES CRETES",,,Plein jour,En agglomération,Hors intersection,Normale,Sans collision,,,,,,,,,,,1,2,1,1.0,7
201300022708,0013-01-11 18:40:00,13,1,11,18,40,310,555,VA008482 A624,,,Nuit avec éclairage allumé,Hors agglomération,Hors intersection,Normale,Trois véhicules et plus - en chaîne,,,,,,,,,,,5,1,1,1.0,4
201300022709,0013-01-15 09:17:00,13,1,15,9,17,310,555,"999, RUE GEORGES VIVENT",,,Plein jour,En agglomération,Hors intersection,Pluie légère,Autre collision,,,,,,,,,,,1,2,1,2.0,6
201300022710,0013-01-15 08:00:00,13,1,15,8,0,310,555,"999, PAS DE JERUSALEM",,,Plein jour,En agglomération,Hors intersection,Pluie forte,Autre collision,,,,,,,,,,,1,2,1,3.0,6
201300022711,0013-01-16 23:30:00,13,1,16,23,30,310,555,"999, BD HENRI GAUSSEN",,,Nuit avec éclairage allumé,En agglomération,Hors intersection,Pluie forte,Sans collision,,,,,,,,,,,5,2,1,3.0,7
201300022712,0013-01-16 18:30:00,13,1,16,18,30,310,555,"22, RUE LOUIS PLANA",,,Nuit avec éclairage allumé,En agglomération,Hors intersection,Pluie légère,Autre collision,,,,,,,,,,,5,2,1,2.0,6
201300022713,0013-01-19 11:00:00,13,1,19,11,0,310,555,"139, AV DES MINIMES",,,Plein jour,En agglomération,Hors intersection,Normale,Deux véhicules - frontale,,,,,,,,,,,1,2,1,1.0,1
201300022714,0013-01-19 14:00:00,13,1,19,14,0,310,555,"999, RUE HENRI DESBALS",,,Plein jour,En agglomération,Hors intersection,Normale,Trois véhicules et plus - en chaîne,,,,,,,,,,,1,2,1,1.0,4
201300022715,0013-01-30 17:35:00,13,1,30,17,35,310,555,"63, ALL JEAN JAURES",,,Plein jour,En agglomération,Hors intersection,Pluie légère,Autre collision,,,,,,,,,,,1,2,1,2.0,6
201300022716,0013-01-20 00:01:00,13,1,20,0,1,310,555,"999, BD LASCROSSES",,,Nuit avec éclairage allumé,En agglomération,Hors intersection,Pluie forte,Autre collision,,,,,,,,,,,5,2,1,3.0,6
201300022717,0013-01-20 15:00:00,13,1,20,15,0,310,555,"., RUE STALINGRAD",,,Plein jour,En agglomération,Intersection en Y,Normale,Autre collision,,,,,,,,,,,1,2,4,1.0,6
201300022718,0013-01-21 18:15:00,13,1,21,18,15,310,555,"86, RTE DE NARBONNE",,,Nuit avec éclairage allumé,En agglomération,Hors intersection,Normale,Deux véhicules - frontale,,,,,,,,,,,5,2,1,1.0,1
201300022719,0013-01-22 05:55:00,13,1,22,5,55,310,555,"999, RTE D AGDE",,,Nuit avec éclairage allumé,En agglomération,Hors intersection,Normale,Deux véhicules - côté,,,,,,,,,,,5,2,1,1.0,3
201300022720,0013-01-22 08:00:00,13,1,22,8,0,310,555,"203, AV DE MURET",,,Plein jour,En agglomération,Hors intersection,Pluie légère,Sans collision,,,,,,,,,,,1,2,1,2.0,7
201300022721,0013-01-23 18:40:00,13,1,23,18,40,310,555,"999, PONT GARIGLIANO",,,Nuit avec éclairage non allumé,En agglomération,Hors intersection,Normale,Deux véhicules - frontale,,,,,,,,,,,4,2,1,1.0,1
201300022722,0013-01-24 08:30:00,13,1,24,8,30,310,555,"999, RUE DE METZ",,,Crépuscule ou aube,En agglomération,Intersection en T,Pluie forte,Deux véhicules - côté,,,,,,,,,,,2,2,3,3.0,3
201300022723,0013-01-23 19:00:00,13,1,23,19,0,310,555,"124, QU DE TOUNIS",,,Nuit avec éclairage allumé,En agglomération,Hors intersection,Normale,Autre collision,,,,,,,,,,,5,2,1,1.0,6
201300022724,0013-01-22 20:00:00,13,1,22,20,0,310,555,"54, RTE DE NARBONNE",,,Nuit avec éclairage allumé,En agglomération,Hors intersection,Normale,Deux véhicules - frontale,,,,,,,,,,,5,2,1,1.0,1
201300022725,0013-01-25 17:30:00,13,1,25,17,30,310,555,"999, CHE DU CHAPITRE",,,Crépuscule ou aube,En agglomération,Hors intersection,Normale,Deux véhicules - côté,,,,,,,,,,,2,2,1,1.0,3
201300022726,0013-01-27 15:35:00,13,1,27,15,35,310,555,RD901,,,Plein jour,En agglomération,Hors intersection,Normale,Sans collision,,,,,,,,,,,1,2,1,1.0,7
201300022727,0013-01-28 11:50:00,13,1,28,11,50,310,555,"15, RUE SAINTE LUCIE",,,Plein jour,En agglomération,Hors intersection,Normale,Deux véhicules - frontale,,,,,,,,,,,1,2,1,1.0,1
201300022728,0013-01-25 17:30:00,13,1,25,17,30,310,555,"201, CHE DE FENOUILLET",,,Nuit avec éclairage non allumé,En agglomération,Hors intersection,Normale,Deux véhicules - arrière,,,,,,,,,,,4,2,1,1.0,2
201300022729,0013-01-30 11:15:00,13,1,30,11,15,310,555,"50, BD LAZARE CARNOT",,,Plein jour,En agglomération,Hors intersection,Normale,Deux véhicules - arrière,,,,,,,,,,,1,2,1,1.0,2
201300022730,0013-01-31 19:40:00,13,1,31,19,40,310,555,"387, RTE DE SEYSSES",,,Nuit avec éclairage non allumé,En agglomération,Intersection en T,Normale,Autre collision,,,,,,,,,,,4,2,3,1.0,6
201300022731,0013-01-31 23:10:00,13,1,31,23,10,310,555,"999, BD LAZARE CARNOT",,,Nuit avec éclairage non allumé,En agglomération,Hors intersection,Normale,Deux véhicules - côté,,,,,,,,,,,4,2,1,1.0,3
201300022732,0013-02-02 19:00:00,13,2,2,19,0,310,555,"169, AV DE CASTRES",,,Nuit avec éclairage allumé,En agglomération,Hors intersection,Pluie légère,Autre collision,,,,,,,,,,,5,2,1,2.0,6
201300022733,0013-02-02 13:37:00,13,2,2,13,37,310,555,VA007566 MONTAUDRAN A61,,,Plein jour,Hors agglomération,Hors intersection,Pluie légère,Deux véhicules - arrière,,,,,,,,,,,1,1,1,2.0,2
201300022734,0013-02-03 04:15:00,13,2,3,4,15,310,555,BD DE BONREPOS,,,Nuit avec éclairage allumé,En agglomération,Intersection en X,Normale,Deux véhicules - côté,,,,,,,,,,,5,2,2,1.0,3
201300022735,0013-01-31 17:10:00,13,1,31,17,10,310,557,TARBES (ROUTE DE),43.57518,1.32057,Plein jour,En agglomération,Hors intersection,Normale,Trois véhicules et plus - en chaîne,,,,,,,,,,,1,2,1,1.0,4
201300022736,0013-02-01 16:30:00,13,2,1,16,30,310,69,FIL D'ARIANE (RD902),,,Plein jour,En agglomération,Hors intersection,Normale,Deux véhicules - arrière,,,,,,,,,,,1,2,1,1.0,2