accident_id,datetime,annee,mois,jour,heure,minute,departement,commune_insee,adresse,latitude,longitude,luminosite,agglomeration,intersection,meteo,collision,nb_vehicules,nb_usagers,nb_indemnes,nb_tues,nb_blesses_hosp,nb_blesses_legers,age_cond_1,age_cond_2,veh_type_cond_1,veh_type_cond_2,lum_code,agg_code,int_code,atm_code,col_code
201300022737,0013-02-08 00:35:00,13,2,8,0,35,310,555,"37, BD MATABIAU",,,Nuit avec éclairage allumé,En agglomération,Hors intersection,Normale,Autre collision,,,,,,,,,,,5,2,1,1.0,6
201300022738,0013-02-11 12:30:00,13,2,11,12,30,310,555,"999, BD DE STRASBOURG",,,Plein jour,En agglomération,Hors intersection,Normale,Autre collision,,,,,,,,,,,1,2,1,1.0,6
201300022739,0013-02-11 15:53:00,13,2,11,15,53,310,69,VELASQUEZ (RUE),43.61846,1.38887,Plein jour,En agglomération,Hors intersection,Normale,Autre collision,,,,,,,,,,,1,2,1,1.0,6
201300022740,0013-02-10 09:55:00,13,2,10,9,55,310,149,MARCEL DASSAULT (BD),43.60986,1.35057,Plein jour,En agglomération,Hors intersection,Normale,Deux véhicules - côté,,,,,,,,,,,1,2,1,1.0,3
201300022741,0013-02-11 10:50:00,13,2,11,10,50,310,557,"74, PEYRETTE (CH DE LA)",43.58169,1.30339,Plein jour,En agglomération,Hors intersection,Normale,Autre collision,,,,,,,,,,,1,2,1,1.0,6
201300022742,0013-02-13 20:55:00,13,2,13,20,55,310,555,"999, CHE DE LAFILAIRE",,,Nuit avec éclairage allumé,En agglomération,Hors intersection,Normale,Deux véhicules - frontale,,,,,,,,,,,5,2,1,1.0,1
201300022743,0013-02-13 16:05:00,13,2,13,16,5,310,555,"4, RUE CLAUDE GONIN",,,Plein jour,En agglomération,Hors intersection,Normale,Deux véhicules - arrière,,,,,,,,,,,1,2,1,1.0,2
201300022744,0013-02-12 20:30:00,13,2,12,20,30,310,555,"14, RUE DU PONT GUILHEME",,,Nuit avec éclairage allumé,En agglomération,Hors intersection,Pluie légère,Deux véhicules - côté,,,,,,,,,,,5,2,1,2.0,3
201300022745,0013-02-14 17:34:00,13,2,14,17,34,310,555,"17, AV JEAN RIEUX",,,Plein jour,En agglomération,Hors intersection,Normale,Autre collision,,,,,,,,,,,1,2,1,1.0,6
201300022746,0013-02-17 21:10:00,13,2,17,21,10,310,149,MARCEL DASSAULT (BD),43.61232,1.34355,Nuit avec éclairage allumé,En agglomération,Hors intersection,Normale,Deux véhicules - frontale,,,,,,,,,,,5,2,1,1.0,1
201300022747,0013-02-16 21:50:00,13,2,16,21,50,310,555,"999, BD GABRIEL KOENIGS",,,Nuit avec éclairage allumé,En agglomération,Giratoire,Normale,Deux véhicules - côté,,,,,,,,,,,5,2,6,1.0,3
201300022748,0013-02-15 07:00:00,13,2,15,7,0,310,69,SORTIE LE RITOURET,,,Crépuscule ou aube,En agglomération,Hors intersection,Normale,Deux véhicules - arrière,,,,,,,,,,,2,2,1,1.0,2
201300022749,0013-02-19 10:00:00,13,2,19,10,0,310,555,"15, RUE DU PROFESSEUR MA",,,Plein jour,En agglomération,Hors intersection,Normale,Autre collision,,,,,,,,,,,1,2,1,1.0,6
201300022750,0013-02-19 09:00:00,13,2,19,9,0,310,555,"999, AV DE RANGUEIL",,,Plein jour,En agglomération,Hors intersection,Normale,Autre collision,,,,,,,,,,,1,2,1,1.0,6
201300022751,0013-02-19 09:00:00,13,2,19,9,0,310,555,"36, RTE DE LAUNAGUET",,,Plein jour,En agglomération,Hors intersection,Normale,Autre collision,,,,,,,,,,,1,2,1,1.0,6
201300022752,0013-02-19 04:50:00,13,2,19,4,50,310,555,"999, RUE DE PERIOLE",,,Nuit avec éclairage allumé,En agglomération,Hors intersection,Normale,Autre collision,,,,,,,,,,,5,2,1,1.0,6
201300022753,0013-02-20 11:37:00,13,2,20,11,37,310,555,"178, AV DES MINIMES",,,Plein jour,En agglomération,Hors intersection,Normale,Autre collision,,,,,,,,,,,1,2,1,1.0,6
201300022754,0013-02-20 16:05:00,13,2,20,16,5,310,555,"999, AV DE LOMBEZ",,,Plein jour,En agglomération,Hors intersection,Normale,Sans collision,,,,,,,,,,,1,2,1,1.0,7
201300022755,0013-02-20 08:10:00,13,2,20,8,10,310,557,"36, COCTEAU (RUE JEAN)",43.59226,1.32075,Plein jour,En agglomération,Hors intersection,Normale,Deux véhicules - frontale,,,,,,,,,,,1,2,1,1.0,1
201300022756,0013-02-15 15:35:00,13,2,15,15,35,310,555,"999, PONT GARIGLIANO",,,Plein jour,En agglomération,Hors intersection,Normale,Autre collision,,,,,,,,,,,1,2,1,1.0,6
201300022757,0013-02-19 19:30:00,13,2,19,19,30,310,555,VA007500 CROIXDAURADEA62,,,Nuit avec éclairage allumé,Hors agglomération,Hors intersection,Normale,Autre collision,,,,,,,,,,,5,1,1,1.0,6
201300022758,0013-02-21 16:00:00,13,2,21,16,0,310,555,VA007306 A64,,,Plein jour,Hors agglomération,Hors intersection,Normale,Sans collision,,,,,,,,,,,1,1,1,1.0,7
201300022759,0013-02-21 09:40:00,13,2,21,9,40,310,555,"118, RTE DE NARBONNE",,,Plein jour,En agglomération,Hors intersection,Normale,Deux véhicules - frontale,,,,,,,,,,,1,2,1,1.0,1
201300022760,0013-02-21 17:50:00,13,2,21,17,50,310,555,"999, BD LASCROSSES",,,Plein jour,En agglomération,Hors intersection,Normale,Deux véhicules - frontale,,,,,,,,,,,1,2,1,1.0,1
201300022761,0013-02-22 10:25:00,13,2,22,10,25,310,555,"999, RUE REYER",,,Plein jour,En agglomération,Intersection en T,Normale,Deux véhicules - côté,,,,,,,,,,,1,2,3,1.0,3
201300022762,0013-02-22 10:30:00,13,2,22,10,30,310,555,VA007456 SESQUIERES A620,,,Plein jour,Hors agglomération,Hors intersection,Normale,Deux véhicules - côté,,,,,,,,,,,1,1,1,1.0,3
201300022763,0013-02-22 19:25:00,13,2,22,19,25,310,555,"1BIS, ALL PAUL SABATIER",,,Nuit avec éclairage allumé,En agglomération,Hors intersection,Normale,Autre collision,,,,,,,,,,,5,2,1,1.0,6
201300022764,0013-02-22 12:05:00,13,2,22,12,5,310,555,VA007553 A61,,,Plein jour,Hors agglomération,Hors intersection,Normale,Trois véhicules et plus - en chaîne,,,,,,,,,,,1,1,1,1.0,4
201300022765,0013-02-20 18:30:00,13,2,20,18,30,310,149,"7, SERRES (AVE EDOUARD)",43.61201,1.35217,Nuit avec éclairage allumé,En agglomération,Hors intersection,Normale,Deux véhicules - côté,,,,,,,,,,,5,2,1,1.0,3
201300022766,0013-02-25 06:20:00,13,2,25,6,20,310,555,VA007355 PURPAN A620 Sor,,,Nuit avec éclairage allumé,Hors agglomération,Hors intersection,Pluie légère,Autre collision,,,,,,,,,,,5,1,1,2.0,6
201300022767,0013-02-22 15:20:00,13,2,22,15,20,310,555,"999, RTE DE BAYONNE",,,Plein jour,En agglomération,Giratoire,Normale,Deux véhicules - côté,,,,,,,,,,,1,2,6,1.0,3
201300022768,0013-02-21 08:40:00,13,2,21,8,40,310,69,"55, COMPANS (AV DU GENER",,,Plein jour,En agglomération,Hors intersection,Normale,Autre collision,,,,,,,,,,,1,2,1,1.0,6
201300022769,0013-03-04 08:40:00,13,3,4,8,40,310,555,"31, RUE DE LA TOURAINE",,,Plein jour,En agglomération,Hors intersection,Normale,Autre collision,,,,,,,,,,,1,2,1,1.0,6
201300022770,0013-02-25 19:50:00,13,2,25,19,50,310,555,"999, AV JEAN MOULIN",,,Nuit avec éclairage allumé,En agglomération,Hors intersection,Normale,Autre collision,,,,,,,,,,,5,2,1,1.0,6
201300022771,0013-03-06 16:20:00,13,3,6,16,20,310,555,"999, PL ROUAIX",,,Plein jour,En agglomération,Hors intersection,Normale,Autre collision,,,,,,,,,,,1,2,1,1.0,6
201300022772,0013-03-06 20:51:00,13,3,6,20,51,310,555,"999, RUE ACHILLE VIADIEU",,,Nuit avec éclairage allumé,En agglomération,Hors intersection,Normale,Deux véhicules - arrière,,,,,,,,,,,5,2,1,1.0,2
201300022773,0013-03-06 19:30:00,13,3,6,19,30,310,555,"999, AV DE CASTRES",,,Nuit avec éclairage allumé,En agglomération,Hors intersection,Normale,Deux véhicules - frontale,,,,,,,,,,,5,2,1,1.0,1
201300022774,0013-03-06 20:00:00,13,3,6,20,0,310,555,"999, AV DE CASTRES",,,Nuit avec éclairage allumé,En agglomération,Hors intersection,Normale,Deux véhicules - côté,,,,,,,,,,,5,2,1,1.0,3
201300022775,0013-03-07 14:25:00,13,3,7,14,25,310,555,"327, RTE DE SEYSSES",,,Plein jour,En agglomération,Hors intersection,Normale,Autre collision,,,,,,,,,,,1,2,1,1.0,6
201300022776,0013-03-08 15:40:00,13,3,8,15,40,310,149,Maurice Grynfogel (bd),43.61729,1.33971,Plein jour,En agglomération,Hors intersection,Normale,Deux véhicules - arrière,,,,,,,,,,,1,2,1,1.0,2
201300022777,0013-03-08 19:50:00,13,3,8,19,50,310,555,VA007456 SESQUIERES A620,43.6507,1.42235,Nuit avec éclairage allumé,Hors agglomération,Hors intersection,Normale,Trois véhicules et plus - en chaîne,,,,,,,,,,,5,1,1,1.0,4
201300022778,0013-03-09 02:50:00,13,3,9,2,50,310,555,"999, AV DES MINIMES",,,Nuit avec éclairage allumé,En agglomération,Intersection en X,Normale,Deux véhicules - côté,,,,,,,,,,,5,2,2,1.0,3
201300022779,0013-03-09 04:50:00,13,3,9,4,50,310,555,"101, RTE D AGDE",,,Nuit avec éclairage allumé,En agglomération,Hors intersection,Pluie légère,Autre collision,,,,,,,,,,,5,2,1,2.0,6
201300022780,0013-03-09 11:50:00,13,3,9,11,50,310,557,FOURNAULIS (CH DE),43.58706,1.31572,Plein jour,En agglomération,Hors intersection,Normale,Deux véhicules - côté,,,,,,,,,,,1,2,1,1.0,3
201300022781,0013-03-11 11:25:00,13,3,11,11,25,310,555,"37, AV ETIENNE BILLIERES",,,Plein jour,En agglomération,Hors intersection,Normale,Autre collision,,,,,,,,,,,1,2,1,1.0,6
201300022782,0013-03-04 08:55:00,13,3,4,8,55,310,555,VA001490 A621,,,Plein jour,Hors agglomération,Hors intersection,Normale,Deux véhicules - arrière,,,,,,,,,,,1,1,1,1.0,2
201300022783,0013-03-11 11:30:00,13,3,11,11,30,310,555,"371, AV DES ETATS UNIS",,,Plein jour,En agglomération,Hors intersection,Normale,Deux véhicules - arrière,,,,,,,,,,,1,2,1,1.0,2
201300022784,0013-03-13 07:05:00,13,3,13,7,5,310,555,"372, AV DES ETATS UNIS",,,Crépuscule ou aube,En agglomération,Hors intersection,Normale,Trois véhicules et plus - collisions multiples,,,,,,,,,,,2,2,1,1.0,5
201300022785,0013-03-13 08:00:00,13,3,13,8,0,310,555,VA007566 MONTAUDRAN A61,,,Plein jour,Hors agglomération,Hors intersection,Normale,Deux véhicules - arrière,,,,,,,,,,,1,1,1,1.0,2
201300022786,0013-03-13 16:45:00,13,3,13,16,45,310,555,"999, RUE PIERRETTE LOUIN",,,Plein jour,En agglomération,Hors intersection,Neige / grêle,Deux véhicules - côté,,,,,,,,,,,1,2,1,4.0,3
201300022787,0013-03-14 09:00:00,13,3,14,9,0,310,557,PETIT TRAIN (RUE DU),43.5798,1.32756,Plein jour,En agglomération,Hors intersection,Normale,Deux véhicules - frontale,,,,,,,,,,,1,2,1,1.0,1
201300022788,0013-03-14 12:51:00,13,3,14,12,51,310,555,"23, ALL DES DEMOISELLES",,,Plein jour,En agglomération,Hors intersection,Normale,Deux véhicules - arrière,,,,,,,,,,,1,2,1,1.0,2
201300022789,0013-03-15 20:55:00,13,3,15,20,55,310,555,"4, ALL FORAIN FRANCOIS V",,,Nuit avec éclairage allumé,En agglomération,Hors intersection,Normale,Deux véhicules - arrière,,,,,,,,,,,5,2,1,1.0,2
201300022790,0013-03-17 00:50:00,13,3,17,0,50,310,555,"999, RUE MATABIAU",,,Nuit avec éclairage allumé,En agglomération,Intersection en X,Normale,Deux véhicules - côté,,,,,,,,,,,5,2,2,1.0,3
201300022791,0013-03-16 17:30:00,13,3,16,17,30,310,555,"226, RUE HENRI DESBALS",,,Plein jour,En agglomération,Hors intersection,Normale,Autre collision,,,,,,,,,,,1,2,1,1.0,6
201300022792,0013-03-13 13:10:00,13,3,13,13,10,310,555,"999, RUE RAYMOND IV",,,Plein jour,En agglomération,Hors intersection,Normale,Autre collision,,,,,,,,,,,1,2,1,1.0,6
201300022793,0013-03-18 19:50:00,13,3,18,19,50,310,555,"999, ALL CHARLES DE FITT",,,Nuit avec éclairage allumé,En agglomération,Hors intersection,Normale,Autre collision,,,,,,,,,,,5,2,1,1.0,6
201300022794,0013-03-18 17:00:00,13,3,18,17,0,310,555,"111, RUE DU GENERAL BOUR",,,Plein jour,En agglomération,Hors intersection,Normale,Deux véhicules - côté,,,,,,,,,,,1,2,1,1.0,3
201300022795,0013-03-18 16:15:00,13,3,18,16,15,310,555,"271, AV DE GRANDE BRETAG",,,Plein jour,En agglomération,Hors intersection,Normale,Deux véhicules - frontale,,,,,,,,,,,1,2,1,1.0,1
201300022796,0013-03-20 08:22:00,13,3,20,8,22,310,555,"81, RUE DE LA COLOMBETTE",,,Plein jour,En agglomération,Hors intersection,Normale,Deux véhicules - frontale,,,,,,,,,,,1,2,1,1.0,1
201300022797,0013-03-20 07:50:00,13,3,20,7,50,310,555,"999, RUE DU PONT GUILHEM",,,Plein jour,En agglomération,Hors intersection,Normale,Autre collision,,,,,,,,,,,1,2,1,1.0,6
201300022798,0013-03-18 08:05:00,13,3,18,8,5,310,555,"999, PL AGAPITO NADAL",,,Plein jour,En agglomération,Hors intersection,Pluie légère,Autre collision,,,,,,,,,,,1,2,1,2.0,6
201300022799,0013-03-21 07:10:00,13,3,21,7,10,310,555,VA008482 A624,,,Plein jour,Hors agglomération,Hors intersection,Temps éblouissant,Deux véhicules - arrière,,,,,,,,,,,1,1,1,7.0,2
201300022800,0013-03-19 17:00:00,13,3,19,17,0,310,149,"11, SERRES (AVE) EDOUARD",43.61299,1.35253,Plein jour,En agglomération,Hors intersection,Normale,Deux véhicules - côté,,,,,,,,,,,1,2,1,1.0,3
201300022801,0013-03-20 20:10:00,13,3,20,20,10,310,555,VA007539 LA ROSERAIE,,,Nuit avec éclairage allumé,Hors agglomération,Hors intersection,Normale,Deux véhicules - arrière,,,,,,,,,,,5,1,1,1.0,2
201300022802,0013-03-21 09:15:00,13,3,21,9,15,310,555,"999, AV DE FRONTON",,,Plein jour,En agglomération,Hors intersection,Normale,Autre collision,,,,,,,,,,,1,2,1,1.0,6
201300022803,0013-03-22 00:30:00,13,3,22,0,30,310,555,AV PAUL SEJOURNE,,,Nuit avec éclairage allumé,En agglomération,Hors intersection,Normale,Deux véhicules - côté,,,,,,,,,,,5,2,1,1.0,3
201300022804,0013-03-22 17:20:00,13,3,22,17,20,310,555,VA007333 LA FAOURETTE,,,Plein jour,Hors agglomération,Hors intersection,Normale,Deux véhicules - arrière,,,,,,,,,,,1,1,1,1.0,2
201300022805,0013-03-23 06:30:00,13,3,23,6,30,310,555,"355, AV DES ETATS UNIS",,,Crépuscule ou aube,Hors agglomération,Intersection en T,Normale,Deux véhicules - côté,,,,,,,,,,,2,1,3,1.0,3
201300022806,0013-03-23 22:54:00,13,3,23,22,54,310,555,"51, BD DE STRASBOURG",,,Nuit avec éclairage allumé,En agglomération,Hors intersection,Normale,Trois véhicules et plus - en chaîne,,,,,,,,,,,5,2,1,1.0,4
201300022807,0013-03-25 16:37:00,13,3,25,16,37,310,555,"999, BD DES RECOLLETS",,,Plein jour,En agglomération,Hors intersection,Normale,Deux véhicules - côté,,,,,,,,,,,1,2,1,1.0,3
201300022808,0013-03-26 17:10:00,13,3,26,17,10,310,555,"11, GRANDE RUE SAINT MIC",,,Plein jour,En agglomération,Hors intersection,Normale,Deux véhicules - côté,,,,,,,,,,,1,2,1,1.0,3
201300022809,0013-03-27 10:00:00,13,3,27,10,0,310,555,"131, AV DES MINIMES",,,Plein jour,En agglomération,Hors intersection,Normale,Deux véhicules - frontale,,,,,,,,,,,1,2,1,1.0,1
201300022810,0013-03-27 16:30:00,13,3,27,16,30,310,555,"46, AV DE LA GLOIRE",,,Plein jour,En agglomération,Hors intersection,Normale,Autre collision,,,,,,,,,,,1,2,1,1.0,6
201300022811,0013-03-27 17:50:00,13,3,27,17,50,310,555,"79, AV JULES JULIEN",,,Plein jour,En agglomération,Hors intersection,Normale,Autre collision,,,,,,,,,,,1,2,1,1.0,6
201300022812,0013-03-28 07:30:00,13,3,28,7,30,310,149,"17, MONNET (AVENUE JEAN)",43.61918,1.34283,Plein jour,En agglomération,Hors intersection,Pluie légère,Deux véhicules - côté,,,,,,,,,,,1,2,1,2.0,3
201300022813,0013-03-28 17:00:00,13,3,28,17,0,310,555,"81, RUE DE PERIOLE",,,Plein jour,En agglomération,Hors intersection,Normale,Autre collision,,,,,,,,,,,1,2,1,1.0,6
201300022814,0013-03-29 19:16:00,13,3,29,19,16,310,555,"2, AV DES MINIMES",,,Plein jour,En agglomération,Hors intersection,Normale,Autre collision,,,,,,,,,,,1,2,1,1.0,6
201300022815,0013-03-29 12:55:00,13,3,29,12,55,310,555,"999, BD LASCROSSES",,,Plein jour,En agglomération,Hors intersection,Normale,Deux véhicules - côté,,,,,,,,,,,1,2,1,1.0,3
201300022816,0013-04-01 14:40:00,13,4,1,14,40,310,555,"999, AV DE L URSS",,,Plein jour,En agglomération,Intersection en T,Normale,Deux véhicules - côté,,,,,,,,,,,1,2,3,1.0,3
201300022817,0013-04-02 06:15:00,13,4,2,6,15,310,555,RD901,43.6215,1.39305,Nuit avec éclairage non allumé,En agglomération,Hors intersection,Pluie légère,Autre collision,,,,,,,,,,,4,2,1,2.0,6
201300022818,0013-04-02 10:40:00,13,4,2,10,40,310,555,AV DU GENERAL EISENHOWER,,,Plein jour,Hors agglomération,Hors intersection,Pluie légère,Trois véhicules et plus - collisions multiples,,,,,,,,,,,1,1,1,2.0,5
201300022819,0013-04-02 15:30:00,13,4,2,15,30,310,555,"999, AV DE REYNERIE",,,Plein jour,En agglomération,Hors intersection,Normale,Autre collision,,,,,,,,,,,1,2,1,1.0,6
201300022820,0013-03-29 11:28:00,13,3,29,11,28,310,149,Maurice Grynfogel (bd),43.6159,1.34003,Plein jour,En agglomération,Hors intersection,Normale,Autre collision,,,,,,,,,,,1,2,1,1.0,6
201300022821,0013-04-03 12:25:00,13,4,3,12,25,310,555,"10, CHE DU RAISIN",,,Plein jour,En agglomération,Hors intersection,Normale,Deux véhicules - côté,,,,,,,,,,,1,2,1,1.0,3
201300022822,0013-04-03 23:15:00,13,4,3,23,15,310,555,"284, AV DE LARDENNE",,,Plein jour,En agglomération,Hors intersection,Normale,Sans collision,,,,,,,,,,,1,2,1,1.0,7
201300022823,0013-04-03 13:30:00,13,4,3,13,30,310,555,VA008482 A624,,,Plein jour,Hors agglomération,Hors intersection,Normale,Trois véhicules et plus - en chaîne,,,,,,,,,,,1,1,1,1.0,4
201300022824,0013-04-03 07:50:00,13,4,3,7,50,310,557,DOUMERGUE (RUE GAST,43.58396,1.34261,Plein jour,En agglomération,Hors intersection,Normale,Deux véhicules - côté,,,,,,,,,,,1,2,1,1.0,3
201300022825,0013-04-04 09:00:00,13,4,4,9,0,310,555,"48, GRANDE RUE SAINT MIC",,,Plein jour,En agglomération,Hors intersection,Normale,Deux véhicules - côté,,,,,,,,,,,1,2,1,1.0,3
201300022826,0013-04-07 02:35:00,13,4,7,2,35,310,149,"27, SALVETAT (CHEMIN DE",43.60384,1.30625,Nuit avec éclairage allumé,En agglomération,Hors intersection,Normale,Deux véhicules - frontale,,,,,,,,,,,5,2,1,1.0,1
201300022827,0013-04-05 20:40:00,13,4,5,20,40,310,149,PIBRAC (ROUTE DE),43.6145,1.30084,Plein jour,En agglomération,Hors intersection,Normale,Autre collision,,,,,,,,,,,1,2,1,1.0,6
201300022828,0013-04-06 09:15:00,13,4,6,9,15,310,555,"278, AV ANTOINE DE ST EX",,,Plein jour,En agglomération,Hors intersection,Normale,Autre collision,,,,,,,,,,,1,2,1,1.0,6
201300022829,0013-04-06 16:45:00,13,4,6,16,45,310,555,"71, RUE ERNEST RENAN",,,Plein jour,En agglomération,Hors intersection,Normale,Deux véhicules - côté,,,,,,,,,,,1,2,1,1.0,3
201300022830,0013-04-08 10:10:00,13,4,8,10,10,310,555,"75, BD DES RECOLLETS",,,Plein jour,En agglomération,Hors intersection,Normale,Autre collision,,,,,,,,,,,1,2,1,1.0,6
201300022831,0013-04-08 11:15:00,13,4,8,11,15,310,555,VA007440 LES MINIMESA620,,,Plein jour,Hors agglomération,Hors intersection,Pluie légère,Trois véhicules et plus - collisions multiples,,,,,,,,,,,1,1,1,2.0,5
201300022832,0013-04-08 12:15:00,13,4,8,12,15,310,555,"999, RTE DE REVEL",,,Plein jour,Hors agglomération,Hors intersection,Normale,Deux véhicules - arrière,,,,,,,,,,,1,1,1,1.0,2
201300022833,0013-04-09 08:30:00,13,4,9,8,30,310,555,VA007495 A62,,,Plein jour,Hors agglomération,Hors intersection,Pluie légère,Deux véhicules - arrière,,,,,,,,,,,1,1,1,2.0,2
201300022834,0013-04-09 14:35:00,13,4,9,14,35,310,555,"999, AV DE L URSS",,,Crépuscule ou aube,En agglomération,Hors intersection,Normale,Autre collision,,,,,,,,,,,2,2,1,1.0,6
201300022835,0013-04-09 18:45:00,13,4,9,18,45,310,555,VA007306 A64,,,Plein jour,Hors agglomération,Hors intersection,Normale,Trois véhicules et plus - collisions multiples,,,,,,,,,,,1,1,1,1.0,5
201300022836,0013-04-08 11:20:00,13,4,8,11,20,310,557,PEYRETTE (CH DE LA),43.58669,1.31887,Plein jour,En agglomération,Hors intersection,Normale,Deux véhicules - frontale,,,,,,,,,,,1,2,1,1.0,1
201300022837,0013-04-09 18:45:00,13,4,9,18,45,310,555,VA007500 CROIX DAURADE A,,,Plein jour,Hors agglomération,Hors intersection,Normale,Deux véhicules - côté,,,,,,,,,,,1,1,1,1.0,3
201300022838,0013-04-10 18:00:00,13,4,10,18,0,310,555,"69, RUE BOYSSONNE",,,Plein jour,En agglomération,Hors intersection,Normale,Deux véhicules - côté,,,,,,,,,,,1,2,1,1.0,3
201300022839,0013-04-11 07:45:00,13,4,11,7,45,310,555,"999, AV DE GRANDE BRETAG",,,Plein jour,En agglomération,Hors intersection,Normale,Autre collision,,,,,,,,,,,1,2,1,1.0,6
201300022840,0013-04-18 11:15:00,13,4,18,11,15,310,555,D980,,,Plein jour,Hors agglomération,Hors intersection,Normale,Deux véhicules - côté,,,,,,,,,,,1,1,1,1.0,3
201300022841,0013-04-12 19:20:00,13,4,12,19,20,310,555,"999, CHE COTES DE PECH D",,,Plein jour,En agglomération,Hors intersection,Normale,Deux véhicules - frontale,,,,,,,,,,,1,2,1,1.0,1
201300022842,0013-04-12 14:20:00,13,4,12,14,20,310,555,"999, BD D ARCOLE",,,Plein jour,Hors agglomération,Hors intersection,Normale,Trois véhicules et plus - en chaîne,,,,,,,,,,,1,1,1,1.0,4
201300022843,0013-04-13 13:40:00,13,4,13,13,40,310,555,"999, AV HENRI GUILLAUMET",,,Plein jour,En agglomération,Intersection en T,Normale,Deux véhicules - côté,,,,,,,,,,,1,2,3,1.0,3
201300022844,0013-04-15 06:40:00,13,4,15,6,40,310,149,ROND POINT JUPITER,43.6048,1.30748,Plein jour,En agglomération,Hors intersection,Normale,Deux véhicules - frontale,,,,,,,,,,,1,2,1,1.0,1
201300022845,0013-04-18 09:45:00,13,4,18,9,45,310,555,AV DE LATTRE DE TASSIGNY,43.57734,1.43638,Plein jour,En agglomération,Hors intersection,Normale,Deux véhicules - frontale,,,,,,,,,,,1,2,1,1.0,1
201300022846,0013-04-18 18:50:00,13,4,18,18,50,310,555,"81, AV DES MINIMES",,,Plein jour,En agglomération,Hors intersection,Normale,Autre collision,,,,,,,,,,,1,2,1,1.0,6
201300022847,0013-04-18 22:40:00,13,4,18,22,40,310,555,VA007379 BAYLAC  A624 So,,,Plein jour,Hors agglomération,Hors intersection,Normale,Sans collision,,,,,,,,,,,1,1,1,1.0,7
201300022848,0013-04-21 11:45:00,13,4,21,11,45,310,555,VA007456 SESQUIERES A620,,,Plein jour,En agglomération,Hors intersection,Normale,Autre collision,,,,,,,,,,,1,2,1,1.0,6
201300022849,0013-04-19 20:15:00,13,4,19,20,15,310,149,RN124,,,Plein jour,En agglomération,Hors intersection,Normale,Trois véhicules et plus - en chaîne,,,,,,,,,,,1,2,1,1.0,4
201300022850,0013-04-21 07:50:00,13,4,21,7,50,310,555,"47, BD DE STRASBOURG",,,Plein jour,En agglomération,Hors intersection,Normale,Trois véhicules et plus - en chaîne,,,,,,,,,,,1,2,1,1.0,4
201300022851,0013-04-21 11:10:00,13,4,21,11,10,310,555,"224B, AV DE LARDENNE",,,Plein jour,En agglomération,Hors intersection,Normale,Autre collision,,,,,,,,,,,1,2,1,1.0,6
201300022852,0013-04-25 15:40:00,13,4,25,15,40,310,555,"79, BD DE STRASBOURG",,,Plein jour,En agglomération,Intersection en X,Normale,Deux véhicules - côté,,,,,,,,,,,1,2,2,1.0,3
201300022853,0013-04-27 21:35:00,13,4,27,21,35,310,555,VA007306 A64,,,Nuit avec éclairage allumé,Hors agglomération,Hors intersection,Normale,Autre collision,,,,,,,,,,,5,1,1,1.0,6
201300022854,0013-04-26 13:55:00,13,4,26,13,55,310,555,"999, RUE MIRABEAU",,,Plein jour,En agglomération,Intersection en T,Normale,Deux véhicules - côté,,,,,,,,,,,1,2,3,1.0,3
201300022855,0013-04-29 17:30:00,13,4,29,17,30,310,555,"255, AV DE LARDENNE",,,Plein jour,En agglomération,Hors intersection,Normale,Sans collision,,,,,,,,,,,1,2,1,1.0,7
201300022856,0013-04-29 21:50:00,13,4,29,21,50,310,555,VA007418 PONTJUMEAUXA620,,,Nuit avec éclairage allumé,Hors agglomération,Hors intersection,Normale,Sans collision,,,,,,,,,,,5,1,1,1.0,7
201300022857,0013-04-30 09:50:00,13,4,30,9,50,310,555,"14, RUE JULES AMILHAU",,,Plein jour,En agglomération,Hors intersection,Pluie légère,Autre collision,,,,,,,,,,,1,2,1,2.0,6
201300022858,0013-05-01 01:35:00,13,5,1,1,35,310,561,VA007518 A68,,,Nuit avec éclairage allumé,Hors agglomération,Hors intersection,Normale,Sans collision,,,,,,,,,,,5,1,1,1.0,7
201300022859,0013-04-25 09:25:00,13,4,25,9,25,310,555,"1, RUE D AURIOL",,,Plein jour,En agglomération,Hors intersection,Normale,Deux véhicules - côté,,,,,,,,,,,1,2,1,1.0,3
201300022860,0013-04-30 10:40:00,13,4,30,10,40,310,149,SALVETAT (CHEMIN DE),43.6065,1.31588,Plein jour,En agglomération,Hors intersection,Normale,Deux véhicules - arrière,,,,,,,,,,,1,2,1,1.0,2
201300022861,0013-05-03 08:40:00,13,5,3,8,40,310,555,"92, RUE DU FAUBOURG BONN",,,Plein jour,En agglomération,Hors intersection,Normale,Autre collision,,,,,,,,,,,1,2,1,1.0,6
201300022862,0013-05-04 17:15:00,13,5,4,17,15,310,555,"66, RUE DE METZ",,,Plein jour,En agglomération,Hors intersection,Normale,Autre collision,,,,,,,,,,,1,2,1,1.0,6
201300022863,0013-05-05 04:45:00,13,5,5,4,45,310,555,"999, RUE DE METZ",,,Nuit avec éclairage allumé,En agglomération,Intersection en X,Normale,Deux véhicules - frontale,,,,,,,,,,,5,2,2,1.0,1
201300022864,0013-05-05 12:25:00,13,5,5,12,25,310,555,"69, AV DE MURET",,,Plein jour,En agglomération,Hors intersection,Normale,Deux véhicules - frontale,,,,,,,,,,,1,2,1,1.0,1