accident_id,datetime,annee,mois,jour,heure,minute,departement,commune_insee,adresse,latitude,longitude,luminosite,agglomeration,intersection,meteo,collision,nb_vehicules,nb_usagers,nb_indemnes,nb_tues,nb_blesses_hosp,nb_blesses_legers,age_cond_1,age_cond_2,veh_type_cond_1,veh_type_cond_2,lum_code,agg_code,int_code,atm_code,col_code
201300022865,0013-05-07 17:15:00,13,5,7,17,15,310,555,ECHANGEUR ST MARTIN(A624,,,Plein jour,Hors agglomération,Hors intersection,Normale,Deux véhicules - côté,,,,,,,,,,,1,1,1,1.0,3
201300022866,0013-05-08 11:30:00,13,5,8,11,30,310,557,GASCOGNE (AV DE),43.58707,1.34504,Plein jour,En agglomération,Intersection en X,Normale,Deux véhicules - côté,,,,,,,,,,,1,2,2,1.0,3
201300022867,0013-05-10 11:25:00,13,5,10,11,25,310,555,"999, BD DE BONREPOS",,,Plein jour,En agglomération,Hors intersection,Normale,Autre collision,,,,,,,,,,,1,2,1,1.0,6
201300022868,0013-05-10 16:30:00,13,5,10,16,30,310,555,"999, RTE DE BAYONNE",,,Plein jour,En agglomération,Hors intersection,Normale,Autre collision,,,,,,,,,,,1,2,1,1.0,6
201300022869,0013-05-10 19:00:00,13,5,10,19,0,310,555,"999, AV DE LOMBEZ",,,Plein jour,En agglomération,Hors intersection,Normale,Deux véhicules - frontale,,,,,,,,,,,1,2,1,1.0,1
201300022870,0013-05-11 15:10:00,13,5,11,15,10,310,555,"16, BD DE STRASBOURG",,,Plein jour,En agglomération,Hors intersection,Normale,Deux véhicules - côté,,,,,,,,,,,1,2,1,1.0,3
201300022871,0013-05-12 17:50:00,13,5,12,17,50,310,555,"69, BD LAZARE CARNOT",,,Plein jour,En agglomération,Hors intersection,Normale,Deux véhicules - frontale,,,,,,,,,,,1,2,1,1.0,1
201300022872,0013-05-12 23:24:00,13,5,12,23,24,310,555,VA007500 CROIXDAURADEA62,,,Plein jour,Hors agglomération,Hors intersection,Normale,Deux véhicules - côté,,,,,,,,,,,1,1,1,1.0,3
201300022873,0013-05-07 08:00:00,13,5,7,8,0,310,557,"65, PAHIN (CH DE)",43.59395,1.3249,Plein jour,En agglomération,Hors intersection,Pluie légère,Deux véhicules - côté,,,,,,,,,,,1,2,1,2.0,3
201300022874,0013-05-13 09:45:00,13,5,13,9,45,310,555,"999, RPT M-MADELEINE FOU",,,Plein jour,En agglomération,Giratoire,Normale,Deux véhicules - côté,,,,,,,,,,,1,2,6,1.0,3
201300022875,0013-05-13 13:00:00,13,5,13,13,0,310,149,ingres (auguste),43.59746,1.35078,Plein jour,En agglomération,Hors intersection,Normale,Deux véhicules - côté,,,,,,,,,,,1,2,1,1.0,3
201300022876,0013-05-13 17:05:00,13,5,13,17,5,310,555,VA007355 PURPAN A620 Sor,,,Plein jour,Hors agglomération,Hors intersection,Normale,Deux véhicules - côté,,,,,,,,,,,1,1,1,1.0,3
201300022877,0013-05-13 20:00:00,13,5,13,20,0,310,555,"11, AV DES MAZADES",,,Plein jour,En agglomération,Hors intersection,Normale,Deux véhicules - arrière,,,,,,,,,,,1,2,1,1.0,2
201300022878,0013-05-14 09:56:00,13,5,14,9,56,310,555,"3, RUE PAUL DECAMPS",,,Plein jour,En agglomération,Hors intersection,Normale,Deux véhicules - côté,,,,,,,,,,,1,2,1,1.0,3
201300022879,0013-05-15 10:15:00,13,5,15,10,15,310,555,VA007604 DEMOISELLESA620,,,Plein jour,Hors agglomération,Hors intersection,Pluie légère,Autre collision,,,,,,,,,,,1,1,1,2.0,6
201300022880,0013-05-16 05:00:00,13,5,16,5,0,310,555,"129, AV DE LESPINET",,,Nuit avec éclairage allumé,En agglomération,Hors intersection,Pluie légère,Autre collision,,,,,,,,,,,5,2,1,2.0,6
201300022881,0013-05-16 18:00:00,13,5,16,18,0,310,555,"999, PL SAINT SERNIN",,,Plein jour,En agglomération,Hors intersection,Normale,Autre collision,,,,,,,,,,,1,2,1,1.0,6
201300022882,0013-05-17 18:05:00,13,5,17,18,5,310,555,"999, AV PAUL SEJOURNE",,,Plein jour,En agglomération,Hors intersection,Normale,Sans collision,,,,,,,,,,,1,2,1,1.0,7
201300022883,0013-05-18 14:05:00,13,5,18,14,5,310,555,"999, BD DE BONREPOS",,,Plein jour,En agglomération,Hors intersection,Normale,Trois véhicules et plus - en chaîne,,,,,,,,,,,1,2,1,1.0,4
201300022884,0013-05-16 10:30:00,13,5,16,10,30,310,555,"19, RUE ARAGO",,,Plein jour,En agglomération,Hors intersection,Pluie légère,Deux véhicules - arrière,,,,,,,,,,,1,2,1,2.0,2
201300022885,0013-05-21 15:20:00,13,5,21,15,20,310,555,"18, BD PIERRE ET MARIE C",,,Plein jour,En agglomération,Hors intersection,Normale,Deux véhicules - côté,,,,,,,,,,,1,2,1,1.0,3
201300022886,0013-05-17 09:00:00,13,5,17,9,0,310,149,RN124,,,Plein jour,Hors agglomération,Hors intersection,Normale,Deux véhicules - arrière,,,,,,,,,,,1,1,1,1.0,2
201300022887,0013-05-23 12:25:00,13,5,23,12,25,310,555,"3, RUE DE L AUBISQUE",,,Plein jour,En agglomération,Hors intersection,Normale,Deux véhicules - arrière,,,,,,,,,,,1,2,1,1.0,2
201300022888,0013-05-24 15:33:00,13,5,24,15,33,310,149,"999, PIBRAC (BOULEVARD D",,,Plein jour,En agglomération,Hors intersection,Normale,Deux véhicules - côté,,,,,,,,,,,1,2,1,1.0,3
201300022889,0013-05-24 16:20:00,13,5,24,16,20,310,149,ECHANGEUR ST MICHEL,,,Plein jour,Hors agglomération,Hors intersection,Normale,Trois véhicules et plus - en chaîne,,,,,,,,,,,1,1,1,1.0,4
201300022890,0013-05-26 11:00:00,13,5,26,11,0,310,557,"3bis, AURIOL (BD VINCENT",43.58473,1.34439,Plein jour,En agglomération,Hors intersection,Normale,Deux véhicules - arrière,,,,,,,,,,,1,2,1,1.0,2
201300022891,0013-05-27 08:00:00,13,5,27,8,0,310,149,COLLONGUES (RUE ETIENNE),43.59935,1.33001,Plein jour,En agglomération,Hors intersection,Normale,Deux véhicules - côté,,,,,,,,,,,1,2,1,1.0,3
201300022892,0013-05-22 18:00:00,13,5,22,18,0,310,557,MONTEL (BD EUGENE),43.58755,1.33884,Plein jour,En agglomération,Hors intersection,Normale,Deux véhicules - arrière,,,,,,,,,,,1,2,1,1.0,2
201300022893,0013-05-28 21:50:00,13,5,28,21,50,310,555,"53, RTE DE NARBONNE",,,Crépuscule ou aube,En agglomération,Hors intersection,Normale,Autre collision,,,,,,,,,,,2,2,1,1.0,6
201300022894,0013-05-27 09:15:00,13,5,27,9,15,310,555,"999, AV DE REYNERIE",,,Plein jour,En agglomération,Hors intersection,Normale,Deux véhicules - arrière,,,,,,,,,,,1,2,1,1.0,2
201300022895,0013-05-30 08:00:00,13,5,30,8,0,310,555,"100, AV DES MINIMES",,,Plein jour,En agglomération,Hors intersection,Normale,Deux véhicules - arrière,,,,,,,,,,,1,2,1,1.0,2
201300022896,0013-05-30 16:40:00,13,5,30,16,40,310,555,"88, ALL JEAN JAURES",,,Plein jour,En agglomération,Hors intersection,Pluie légère,Autre collision,,,,,,,,,,,1,2,1,2.0,6
201300022897,0013-05-30 21:45:00,13,5,30,21,45,310,555,"999, QU DE TOUNIS",,,Plein jour,En agglomération,Hors intersection,Pluie légère,Deux véhicules - côté,,,,,,,,,,,1,2,1,2.0,3
201300022898,0013-05-29 08:29:00,13,5,29,8,29,310,149,"19, ADER (AVENUE CLEMENT",43.61966,1.34787,Plein jour,En agglomération,Hors intersection,Normale,Deux véhicules - arrière,,,,,,,,,,,1,2,1,1.0,2
201300022899,0013-06-01 00:01:00,13,6,1,0,1,310,555,"4, BD GABRIEL KOENIGS",,,Nuit avec éclairage allumé,En agglomération,Hors intersection,Normale,Deux véhicules - frontale,,,,,,,,,,,5,2,1,1.0,1
201300022900,0013-06-03 22:15:00,13,6,3,22,15,310,555,"999, QU DE TOUNIS",,,Plein jour,En agglomération,Hors intersection,Normale,Deux véhicules - côté,,,,,,,,,,,1,2,1,1.0,3
201300022901,0013-06-03 13:45:00,13,6,3,13,45,310,555,"227, RTE D ALBI",,,Plein jour,En agglomération,Hors intersection,Normale,Trois véhicules et plus - collisions multiples,,,,,,,,,,,1,2,1,1.0,5
201300022902,0013-06-02 19:00:00,13,6,2,19,0,310,555,"65, RTE D ALBI",,,Plein jour,En agglomération,Hors intersection,Normale,Deux véhicules - côté,,,,,,,,,,,1,2,1,1.0,3
201300022903,0013-06-04 19:00:00,13,6,4,19,0,310,555,"17, RUE PAULIN TALABOT",,,Plein jour,En agglomération,Hors intersection,Normale,Autre collision,,,,,,,,,,,1,2,1,1.0,6
201300022904,0013-06-04 18:30:00,13,6,4,18,30,310,555,VA008493 LA CRABE A624 S,,,Plein jour,Hors agglomération,Hors intersection,Normale,Trois véhicules et plus - en chaîne,,,,,,,,,,,1,1,1,1.0,4
201300022905,0013-06-03 09:30:00,13,6,3,9,30,310,555,"999, AV DU GENERAL EISEN",,,Plein jour,En agglomération,Hors intersection,Normale,Autre collision,,,,,,,,,,,1,2,1,1.0,6
201300022906,0013-06-03 17:25:00,13,6,3,17,25,310,555,"999, CHE DE LESTANG",,,Plein jour,En agglomération,Hors intersection,Normale,Deux véhicules - frontale,,,,,,,,,,,1,2,1,1.0,1
201300022907,0013-06-05 11:40:00,13,6,5,11,40,310,555,"999, CHE DE LAPUJADE",,,Plein jour,En agglomération,Hors intersection,Normale,Deux véhicules - côté,,,,,,,,,,,1,2,1,1.0,3
201300022908,0013-06-05 13:00:00,13,6,5,13,0,310,557,"5, AURIOL (BD VINCENT)",43.58492,1.34481,Plein jour,En agglomération,Hors intersection,Normale,Autre collision,,,,,,,,,,,1,2,1,1.0,6
201300022909,0013-06-05 16:45:00,13,6,5,16,45,310,555,"999, RUE D ALSACE LORRAI",,,Plein jour,En agglomération,Hors intersection,Normale,Autre collision,,,,,,,,,,,1,2,1,1.0,6
201300022910,0013-06-05 19:55:00,13,6,5,19,55,310,69,RONSARD (RUE PIERRE,43.64308,1.3787,Plein jour,En agglomération,Hors intersection,Normale,Deux véhicules - arrière,,,,,,,,,,,1,2,1,1.0,2
201300022911,0013-06-06 17:40:00,13,6,6,17,40,310,555,"999, AV SALVADOR ALLENDE",,,Plein jour,En agglomération,Intersection en T,Normale,Trois véhicules et plus - collisions multiples,,,,,,,,,,,1,2,3,1.0,5
201300022912,0013-06-06 18:00:00,13,6,6,18,0,310,555,"109, AV DE FRONTON",,,Plein jour,En agglomération,Hors intersection,Normale,Autre collision,,,,,,,,,,,1,2,1,1.0,6
201300022913,0013-06-07 01:05:00,13,6,7,1,5,310,555,VA007566 MONTAUDRAN A61,,,Nuit avec éclairage allumé,En agglomération,Hors intersection,Pluie légère,Deux véhicules - arrière,,,,,,,,,,,5,2,1,2.0,2
201300022914,0013-06-07 12:30:00,13,6,7,12,30,310,555,"66, AV DE LOMBEZ",,,Plein jour,En agglomération,Hors intersection,Normale,Autre collision,,,,,,,,,,,1,2,1,1.0,6
201300022915,0013-06-08 19:36:00,13,6,8,19,36,310,555,VA007554 LASBORDES A61 S,,,Plein jour,Hors agglomération,Hors intersection,Normale,Deux véhicules - arrière,,,,,,,,,,,1,1,1,1.0,2
201300022916,0013-06-09 07:25:00,13,6,9,7,25,310,555,"999, AV JEAN ZAY",,,Plein jour,En agglomération,Hors intersection,Pluie légère,Deux véhicules - arrière,,,,,,,,,,,1,2,1,2.0,2
201300022917,0013-06-07 14:56:00,13,6,7,14,56,310,555,"56, BD DE STRASBOURG",,,Plein jour,En agglomération,Hors intersection,Normale,Trois véhicules et plus - en chaîne,,,,,,,,,,,1,2,1,1.0,4
201300022918,0013-06-10 22:35:00,13,6,10,22,35,310,555,"53, RTE DE NARBONNE",,,Nuit avec éclairage allumé,En agglomération,Hors intersection,Normale,Autre collision,,,,,,,,,,,5,2,1,1.0,6
201300022919,0013-06-07 17:40:00,13,6,7,17,40,310,149,PIC DE NORE (ALLEE),43.6099,1.34548,Plein jour,En agglomération,Hors intersection,Normale,Autre collision,,,,,,,,,,,1,2,1,1.0,6
201300022920,0013-06-06 12:40:00,13,6,6,12,40,310,555,"33, RUE DU LOT",,,Plein jour,En agglomération,Intersection en T,Normale,Deux véhicules - frontale,,,,,,,,,,,1,2,3,1.0,1
201300022921,0013-06-11 08:30:00,13,6,11,8,30,310,555,"999, RUE VALADE",,,Plein jour,En agglomération,Hors intersection,Normale,Autre collision,,,,,,,,,,,1,2,1,1.0,6
201300022922,0013-06-11 21:00:00,13,6,11,21,0,310,555,"999, BD PIERRE PAUL RIQU",,,Crépuscule ou aube,En agglomération,Hors intersection,Normale,Deux véhicules - côté,,,,,,,,,,,2,2,1,1.0,3
201300022923,0013-06-11 14:25:00,13,6,11,14,25,310,555,"165, RTE D ALBI",,,Plein jour,En agglomération,Hors intersection,Normale,Deux véhicules - arrière,,,,,,,,,,,1,2,1,1.0,2
201300022924,0013-06-11 18:05:00,13,6,11,18,5,310,555,"62, CHE DE LA GLACIERE",,,Plein jour,En agglomération,Hors intersection,Normale,Deux véhicules - côté,,,,,,,,,,,1,2,1,1.0,3
201300022925,0013-06-11 18:00:00,13,6,11,18,0,310,555,"47, AV DE RANGUEIL",,,Plein jour,En agglomération,Hors intersection,Normale,Autre collision,,,,,,,,,,,1,2,1,1.0,6
201300022926,0013-06-10 08:05:00,13,6,10,8,5,310,555,VA007456 SESQUIERES A620,,,Plein jour,Hors agglomération,Hors intersection,Normale,Deux véhicules - côté,,,,,,,,,,,1,1,1,1.0,3
201300022927,0013-06-07 19:40:00,13,6,7,19,40,310,557,"9, CANAL (CH DU)",43.55965,1.35097,Plein jour,En agglomération,Hors intersection,Normale,Deux véhicules - côté,,,,,,,,,,,1,2,1,1.0,3
201300022928,0013-06-12 23:50:00,13,6,12,23,50,310,555,"76, RTE D AGDE",,,Nuit avec éclairage allumé,En agglomération,Hors intersection,Normale,Autre collision,,,,,,,,,,,5,2,1,1.0,6
201300022929,0013-06-07 15:25:00,13,6,7,15,25,310,555,"11, GRANDE RUE SAINT MIC",,,Plein jour,En agglomération,Hors intersection,Normale,Deux véhicules - arrière,,,,,,,,,,,1,2,1,1.0,2
201300022930,0013-06-11 18:30:00,13,6,11,18,30,310,555,"3, ALL DE BELLEFONTAINE",,,Plein jour,En agglomération,Hors intersection,Normale,Deux véhicules - frontale,,,,,,,,,,,1,2,1,1.0,1
201300022931,0013-06-13 20:25:00,13,6,13,20,25,310,555,"22, RTE DE SAINT SIMON",,,Plein jour,En agglomération,Hors intersection,Normale,Trois véhicules et plus - en chaîne,,,,,,,,,,,1,2,1,1.0,4
201300022932,0013-06-15 21:20:00,13,6,15,21,20,310,555,"XX, IMP BARTHE",,,Nuit sans éclairage public,En agglomération,Hors intersection,Normale,Deux véhicules - côté,,,,,,,,,,,3,2,1,1.0,3
201300022933,0013-06-07 15:45:00,13,6,7,15,45,310,555,"999, BD MATABIAU",,,Plein jour,Hors agglomération,Hors intersection,Normale,Deux véhicules - côté,,,,,,,,,,,1,1,1,1.0,3
201300022934,0013-06-14 09:00:00,13,6,14,9,0,310,69,"2, COSTES (RUE DIEUDONNE",43.63099,1.37997,Plein jour,En agglomération,Hors intersection,Normale,Deux véhicules - côté,,,,,,,,,,,1,2,1,1.0,3
201300022935,0013-06-19 00:30:00,13,6,19,0,30,310,555,IMP DE MAUBEC,,,Nuit avec éclairage allumé,En agglomération,Intersection en T,Pluie légère,Deux véhicules - côté,,,,,,,,,,,5,2,3,2.0,3
201300022936,0013-06-13 12:23:00,13,6,13,12,23,310,555,"22, GRANDE RUE SAINT MIC",,,Plein jour,En agglomération,Hors intersection,Normale,Deux véhicules - frontale,,,,,,,,,,,1,2,1,1.0,1
201300022937,0013-06-21 13:45:00,13,6,21,13,45,310,149,CORNEBARRIEU (ROUTE D,43.62173,1.33448,Plein jour,En agglomération,Hors intersection,Normale,Deux véhicules - côté,,,,,,,,,,,1,2,1,1.0,3
201300022938,0013-06-21 23:50:00,13,6,21,23,50,310,555,"58, ALL JEAN JAURES",,,Plein jour,En agglomération,Hors intersection,Normale,Autre collision,,,,,,,,,,,1,2,1,1.0,6
201300022939,0013-06-23 06:20:00,13,6,23,6,20,310,555,VA008432 LANGLADE A620 S,,,Crépuscule ou aube,Hors agglomération,Hors intersection,Pluie légère,Autre collision,,,,,,,,,,,2,1,1,2.0,6
201300022940,0013-06-23 19:15:00,13,6,23,19,15,310,555,"90, RTE DE NARBONNE",,,Plein jour,En agglomération,Hors intersection,Normale,Deux véhicules - frontale,,,,,,,,,,,1,2,1,1.0,1
201300022941,0013-06-20 06:45:00,13,6,20,6,45,310,69,3 LE RITOURET (FIL D'ARI,,,Plein jour,Hors agglomération,Hors intersection,Normale,Trois véhicules et plus - collisions multiples,,,,,,,,,,,1,1,1,1.0,5
201300022942,0013-06-24 19:15:00,13,6,24,19,15,310,555,"999, CHE DES CANALETS",,,Plein jour,En agglomération,Hors intersection,Normale,Autre collision,,,,,,,,,,,1,2,1,1.0,6
201300022943,0013-06-24 21:50:00,13,6,24,21,50,310,555,"999, AV DE MURET",,,Nuit avec éclairage allumé,En agglomération,Hors intersection,Normale,Sans collision,,,,,,,,,,,5,2,1,1.0,7
201300022944,0013-06-22 00:10:00,13,6,22,0,10,310,149,ROND POINT DE LA LAICITE,43.60986,1.33313,Nuit avec éclairage allumé,En agglomération,Hors intersection,Normale,Autre collision,,,,,,,,,,,5,2,1,1.0,6
201300022945,0013-06-25 07:45:00,13,6,25,7,45,310,555,VA007553 A61,,,Plein jour,Hors agglomération,Hors intersection,Normale,Trois véhicules et plus - collisions multiples,,,,,,,,,,,1,1,1,1.0,5
201300022946,0013-06-27 09:55:00,13,6,27,9,55,310,555,"10, BD D ARCOLE",,,Plein jour,En agglomération,Hors intersection,Normale,Autre collision,,,,,,,,,,,1,2,1,1.0,6
201300022947,0013-06-27 23:00:00,13,6,27,23,0,310,555,"65, ALL DES DEMOISELLES",,,Nuit avec éclairage allumé,En agglomération,Intersection en T,Normale,Deux véhicules - côté,,,,,,,,,,,5,2,3,1.0,3
201300022948,0013-06-28 00:01:00,13,6,28,0,1,310,555,"999, RUE DU POLE",,,Nuit avec éclairage allumé,En agglomération,Hors intersection,Normale,Sans collision,,,,,,,,,,,5,2,1,1.0,7
201300022949,0013-06-27 13:55:00,13,6,27,13,55,310,555,VA007331 A620,43.58683,1.40187,Plein jour,Hors agglomération,Hors intersection,Normale,Deux véhicules - arrière,,,,,,,,,,,1,1,1,1.0,2
201300022950,0013-06-28 17:00:00,13,6,28,17,0,310,555,"999, RTE DE REVEL",,,Plein jour,En agglomération,Hors intersection,Normale,Deux véhicules - côté,,,,,,,,,,,1,2,1,1.0,3
201300022951,0013-06-29 23:40:00,13,6,29,23,40,310,555,"999, RUE ROQUEMAUREL",,,Plein jour,En agglomération,Hors intersection,Normale,Deux véhicules - frontale,,,,,,,,,,,1,2,1,1.0,1
201300022952,0013-06-30 05:00:00,13,6,30,5,0,310,555,"999, BD MATABIAU",,,Nuit avec éclairage allumé,En agglomération,Hors intersection,Normale,Deux véhicules - frontale,,,,,,,,,,,5,2,1,1.0,1
201300022953,0013-06-30 12:30:00,13,6,30,12,30,310,149,"27, HUGO (BOULEVARD VICT",43.61208,1.30877,Plein jour,En agglomération,Hors intersection,Normale,Sans collision,,,,,,,,,,,1,2,1,1.0,7
201300022954,0013-06-30 13:45:00,13,6,30,13,45,310,555,"23, RUE DE TOULON",,,Plein jour,En agglomération,Hors intersection,Normale,Autre collision,,,,,,,,,,,1,2,1,1.0,6
201300022955,0013-07-02 09:05:00,13,7,2,9,5,310,555,"17, RUE DU FAUBOURG BONN",,,Plein jour,En agglomération,Hors intersection,Normale,Sans collision,,,,,,,,,,,1,2,1,1.0,7
201300022956,0013-07-02 09:00:00,13,7,2,9,0,310,149,RN124,,,Plein jour,En agglomération,Hors intersection,Normale,Deux véhicules - arrière,,,,,,,,,,,1,2,1,1.0,2
201300022957,0013-06-26 14:00:00,13,6,26,14,0,310,555,"999, BD DEODAT DE SEVERA",,,Plein jour,En agglomération,Hors intersection,Normale,Deux véhicules - arrière,,,,,,,,,,,1,2,1,1.0,2
201300022958,0013-07-02 12:25:00,13,7,2,12,25,310,555,"0, AV DE GRANDE BRETAGNE",,,Plein jour,En agglomération,Hors intersection,Normale,Autre collision,,,,,,,,,,,1,2,1,1.0,6
201300022959,0013-07-02 15:00:00,13,7,2,15,0,310,555,"20, RUE DU CAILLOU GRIS",,,Plein jour,En agglomération,Hors intersection,Normale,Autre collision,,,,,,,,,,,1,2,1,1.0,6
201300022960,0013-06-30 16:50:00,13,6,30,16,50,310,149,SORTIE 4 - 5,,,Plein jour,En agglomération,Hors intersection,Normale,Deux véhicules - arrière,,,,,,,,,,,1,2,1,1.0,2
201300022961,0013-07-02 16:50:00,13,7,2,16,50,310,555,"64, AV YVES BRUNAUD",,,Plein jour,En agglomération,Hors intersection,Normale,Autre collision,,,,,,,,,,,1,2,1,1.0,6
201300022962,0013-07-04 05:00:00,13,7,4,5,0,310,555,"2, RUE DU POLE",,,Crépuscule ou aube,En agglomération,Hors intersection,Pluie légère,Deux véhicules - frontale,,,,,,,,,,,2,2,1,2.0,1
201300022963,0013-07-04 06:50:00,13,7,4,6,50,310,555,"83, AV JEAN RIEUX",,,Crépuscule ou aube,Hors agglomération,Hors intersection,Normale,Deux véhicules - frontale,,,,,,,,,,,2,1,1,1.0,1
201300022964,0013-07-02 05:10:00,13,7,2,5,10,310,555,"999, CHE DE LA CRABE",,,Nuit avec éclairage allumé,En agglomération,Hors intersection,Normale,Sans collision,,,,,,,,,,,5,2,1,1.0,7
201300022965,0013-07-06 00:15:00,13,7,6,0,15,310,149,CORNEBARRIEU (ROUTE),43.62771,1.33138,Nuit avec éclairage allumé,En agglomération,Hors intersection,Normale,Autre collision,,,,,,,,,,,5,2,1,1.0,6
201300022966,0013-07-07 01:00:00,13,7,7,1,0,310,555,"999, BD GRIFFOUL DORVAL",,,Nuit avec éclairage allumé,En agglomération,Hors intersection,Normale,Autre collision,,,,,,,,,,,5,2,1,1.0,6
201300022967,0013-07-07 15:10:00,13,7,7,15,10,310,555,AV DU MIRAIL,,,Plein jour,En agglomération,Hors intersection,Normale,Deux véhicules - arrière,,,,,,,,,,,1,2,1,1.0,2
201300022968,0013-07-05 19:10:00,13,7,5,19,10,310,555,VA007342 LA CEPIERE  A62,,,Plein jour,Hors agglomération,Hors intersection,Normale,Autre collision,,,,,,,,,,,1,1,1,1.0,6
201300022969,0013-07-09 07:45:00,13,7,9,7,45,310,69,RTE GRENADE/RUE ST MICHE,43.62295,1.39533,Plein jour,En agglomération,Intersection en T,Normale,Deux véhicules - arrière,,,,,,,,,,,1,2,3,1.0,2
201300022970,0013-07-09 07:45:00,13,7,9,7,45,310,555,"71, RTE D ALBI",,,Plein jour,En agglomération,Hors intersection,Normale,Autre collision,,,,,,,,,,,1,2,1,1.0,6
201300022971,0013-07-03 18:45:00,13,7,3,18,45,310,555,"39/41, RTE DE BAYONNE",,,Plein jour,En agglomération,Hors intersection,Normale,Autre collision,,,,,,,,,,,1,2,1,1.0,6
201300022972,0013-07-10 08:30:00,13,7,10,8,30,310,555,AV EMMANUEL MAIGNAN,,,Plein jour,En agglomération,Hors intersection,Normale,Autre collision,,,,,,,,,,,1,2,1,1.0,6
201300022973,0013-07-10 21:20:00,13,7,10,21,20,310,69,"33, LOTI (RUE PIERRE)",43.62803,1.39229,Crépuscule ou aube,En agglomération,Hors intersection,Pluie légère,Deux véhicules - frontale,,,,,,,,,,,2,2,1,2.0,1
201300022974,0013-07-10 19:40:00,13,7,10,19,40,310,555,"999, AV DE LAVAUR",,,Plein jour,En agglomération,Hors intersection,Pluie légère,Deux véhicules - côté,,,,,,,,,,,1,2,1,2.0,3
201300022975,0013-07-09 18:40:00,13,7,9,18,40,310,555,VA007342 LA CEPIERE A620,,,Plein jour,Hors agglomération,Hors intersection,Normale,Deux véhicules - arrière,,,,,,,,,,,1,1,1,1.0,2
201300022976,0013-07-12 17:45:00,13,7,12,17,45,310,555,"45, RUE DE BAYARD",,,Plein jour,En agglomération,Hors intersection,Normale,Deux véhicules - côté,,,,,,,,,,,1,2,1,1.0,3
201300022977,0013-07-16 00:01:00,13,7,16,0,1,310,555,"28, AV DE LYON",,,Nuit avec éclairage allumé,En agglomération,Hors intersection,Normale,Deux véhicules - arrière,,,,,,,,,,,5,2,1,1.0,2
201300022978,0013-07-13 12:00:00,13,7,13,12,0,310,555,"999, RTE DE SEYSSES",,,Plein jour,En agglomération,Hors intersection,Normale,Deux véhicules - côté,,,,,,,,,,,1,2,1,1.0,3
201300022979,0013-07-17 09:50:00,13,7,17,9,50,310,557,PANOUSE (RUE BERTRAND),43.58201,1.34331,Plein jour,En agglomération,Hors intersection,Normale,Autre collision,,,,,,,,,,,1,2,1,1.0,6
201300022980,0013-07-18 20:00:00,13,7,18,20,0,310,555,VA001490 A621,,,Plein jour,Hors agglomération,Hors intersection,Normale,Deux véhicules - côté,,,,,,,,,,,1,1,1,1.0,3
201300022981,0013-07-19 17:45:00,13,7,19,17,45,310,555,"999, AV DES ETATS UNIS",,,Plein jour,En agglomération,Hors intersection,Normale,Trois véhicules et plus - collisions multiples,,,,,,,,,,,1,2,1,1.0,5
201300022982,0013-07-21 00:15:00,13,7,21,0,15,310,555,"999, ALL DE BARCELONE",,,Nuit avec éclairage non allumé,En agglomération,Hors intersection,Normale,Autre collision,,,,,,,,,,,4,2,1,1.0,6
201300022983,0013-07-22 15:45:00,13,7,22,15,45,310,555,VA007553 A61,,,Plein jour,Hors agglomération,Hors intersection,Normale,Sans collision,,,,,,,,,,,1,1,1,1.0,7
201300022984,0013-07-22 20:49:00,13,7,22,20,49,310,555,AV DE LATTRE DE TASSIGNY,,,Plein jour,En agglomération,Intersection en T,Normale,Deux véhicules - côté,,,,,,,,,,,1,2,3,1.0,3
201300022985,0013-07-23 12:00:00,13,7,23,12,0,310,555,AV DE LYON,,,Plein jour,En agglomération,Hors intersection,Normale,Sans collision,,,,,,,,,,,1,2,1,1.0,7
201300022986,0013-07-23 14:00:00,13,7,23,14,0,310,69,PARC (AV DU)/IMP VENDEE,43.63225,1.3886,Plein jour,En agglomération,Intersection en T,Normale,Trois véhicules et plus - collisions multiples,,,,,,,,,,,1,2,3,1.0,5
201300022987,0013-07-24 16:40:00,13,7,24,16,40,310,555,"26, RUE DE LA SARTHE",,,Plein jour,En agglomération,Hors intersection,Normale,Sans collision,,,,,,,,,,,1,2,1,1.0,7
201300022988,0013-07-26 07:30:00,13,7,26,7,30,310,555,"999, CHE DE FENOUILLET",,,Plein jour,En agglomération,Hors intersection,Normale,Deux véhicules - frontale,,,,,,,,,,,1,2,1,1.0,1
201300022989,0013-07-28 01:40:00,13,7,28,1,40,310,555,"380, AV DE FRONTON",,,Nuit avec éclairage allumé,En agglomération,Hors intersection,Normale,Deux véhicules - côté,,,,,,,,,,,5,2,1,1.0,3
201300022990,0013-07-27 23:45:00,13,7,27,23,45,310,555,"999, RUE MATABIAU",,,Nuit avec éclairage allumé,En agglomération,Hors intersection,Normale,Deux véhicules - côté,,,,,,,,,,,5,2,1,1.0,3
201300022991,0013-07-30 19:40:00,13,7,30,19,40,310,555,"52, BD DE STRASBOURG",,,Plein jour,En agglomération,Hors intersection,Normale,Deux véhicules - arrière,,,,,,,,,,,1,2,1,1.0,2
201300022992,0013-08-01 06:30:00,13,8,1,6,30,310,555,"999, BD LAZARE CARNOT",,,Crépuscule ou aube,En agglomération,Hors intersection,Normale,Sans collision,,,,,,,,,,,2,2,1,1.0,7