accident_id,datetime,annee,mois,jour,heure,minute,departement,commune_insee,adresse,latitude,longitude,luminosite,agglomeration,intersection,meteo,collision,nb_vehicules,nb_usagers,nb_indemnes,nb_tues,nb_blesses_hosp,nb_blesses_legers,age_cond_1,age_cond_2,veh_type_cond_1,veh_type_cond_2,lum_code,agg_code,int_code,atm_code,col_code
201300022993,0013-07-31 12:40:00,13,7,31,12,40,310,555,"999, PL INTERIEURE ST CY",,,Plein jour,En agglomération,Hors intersection,Normale,Deux véhicules - côté,,,,,,,,,,,1,2,1,1.0,3
201300022994,0013-07-31 19:30:00,13,7,31,19,30,310,149,COLLONGUES (RUE ETIENNE),43.59486,1.32575,Plein jour,En agglomération,Giratoire,Normale,Deux véhicules - côté,,,,,,,,,,,1,2,6,1.0,3
201300022995,0013-08-03 16:30:00,13,8,3,16,30,310,555,"999, BD DE STRASBOURG",,,Plein jour,Hors agglomération,Intersection en T,Normale,Deux véhicules - frontale,,,,,,,,,,,1,1,3,1.0,1
201300022996,0013-08-02 20:50:00,13,8,2,20,50,310,69,MONTPLAISIR (RUE),43.6225,1.39461,Plein jour,En agglomération,Intersection en Y,Normale,Deux véhicules - côté,,,,,,,,,,,1,2,4,1.0,3
201300022997,0013-08-05 11:20:00,13,8,5,11,20,310,555,"999, CHE DE FENOUILLET",,,Plein jour,En agglomération,Hors intersection,Normale,Deux véhicules - frontale,,,,,,,,,,,1,2,1,1.0,1
201300022998,0013-08-05 19:30:00,13,8,5,19,30,310,555,"999, BD DE LA GARE",,,Plein jour,En agglomération,Hors intersection,Normale,Deux véhicules - arrière,,,,,,,,,,,1,2,1,1.0,2
201300022999,0013-08-06 12:15:00,13,8,6,12,15,310,555,"308, AV DES ETATS UNIS",,,Plein jour,En agglomération,Hors intersection,Normale,Deux véhicules - arrière,,,,,,,,,,,1,2,1,1.0,2
201300023000,0013-08-06 15:40:00,13,8,6,15,40,310,555,"123, RTE DE REVEL",,,Plein jour,En agglomération,Hors intersection,Normale,Deux véhicules - arrière,,,,,,,,,,,1,2,1,1.0,2
201300023001,0013-08-06 16:45:00,13,8,6,16,45,310,555,"999, AV DU PRESIDENT DOU",,,Plein jour,En agglomération,Intersection en X,Normale,Deux véhicules - côté,,,,,,,,,,,1,2,2,1.0,3
201300023002,0013-08-06 09:00:00,13,8,6,9,0,310,555,"999, AV DE LARDENNE",,,Plein jour,En agglomération,Hors intersection,Normale,Deux véhicules - frontale,,,,,,,,,,,1,2,1,1.0,1
201300023003,0013-08-07 15:45:00,13,8,7,15,45,310,555,"999, RUE ADOLPHE COLL",,,Plein jour,En agglomération,Hors intersection,Normale,Deux véhicules - arrière,,,,,,,,,,,1,2,1,1.0,2
201300023004,0013-08-06 01:30:00,13,8,6,1,30,310,557,TARBES (ROUTE DE),43.57388,1.3174,Plein jour,En agglomération,Hors intersection,Pluie légère,Sans collision,,,,,,,,,,,1,2,1,2.0,7
201300023005,0013-08-08 18:05:00,13,8,8,18,5,310,555,"84, RUE ARISTIDE MAILLOL",,,Plein jour,En agglomération,Intersection en T,Normale,Deux véhicules - frontale,,,,,,,,,,,1,2,3,1.0,1
201300023006,0013-08-07 08:35:00,13,8,7,8,35,310,555,VA001490 A621,,,Plein jour,Hors agglomération,Hors intersection,Normale,Deux véhicules - côté,,,,,,,,,,,1,1,1,1.0,3
201300023007,0013-08-10 03:00:00,13,8,10,3,0,310,555,VA001490 A621,,,Nuit avec éclairage allumé,Hors agglomération,Hors intersection,Normale,Autre collision,,,,,,,,,,,5,1,1,1.0,6
201300023008,0013-08-10 16:50:00,13,8,10,16,50,310,555,"999, AV DE GRANDE BRETAG",,,Plein jour,En agglomération,Hors intersection,Pluie légère,Deux véhicules - côté,,,,,,,,,,,1,2,1,2.0,3
201300023009,0013-08-14 18:15:00,13,8,14,18,15,310,555,"999, PL DU RAVELIN",,,Plein jour,En agglomération,Hors intersection,Normale,Autre collision,,,,,,,,,,,1,2,1,1.0,6
201300023010,0013-08-15 15:20:00,13,8,15,15,20,310,555,"211, CHE DES ETROITS",,,Plein jour,En agglomération,Hors intersection,Normale,Deux véhicules - frontale,,,,,,,,,,,1,2,1,1.0,1
201300023011,0013-08-15 17:40:00,13,8,15,17,40,310,555,"999, AV JEAN CHAUBET",,,Plein jour,En agglomération,Hors intersection,Normale,Deux véhicules - frontale,,,,,,,,,,,1,2,1,1.0,1
201300023012,0013-08-20 17:50:00,13,8,20,17,50,310,557,"6, TOUCH (CH DU)",43.59059,1.36605,Plein jour,En agglomération,Hors intersection,Normale,Deux véhicules - frontale,,,,,,,,,,,1,2,1,1.0,1
201300023013,0013-08-22 15:15:00,13,8,22,15,15,310,555,"10, CHE DE POUVOURVILLE",,,Plein jour,En agglomération,Hors intersection,Normale,Autre collision,,,,,,,,,,,1,2,1,1.0,6
201300023014,0013-08-22 13:25:00,13,8,22,13,25,310,555,"999, RTE D ESPAGNE",,,Plein jour,En agglomération,Hors intersection,Normale,Autre collision,,,,,,,,,,,1,2,1,1.0,6
201300023015,0013-08-22 21:00:00,13,8,22,21,0,310,555,RUE DE PERIOLE,,,Plein jour,En agglomération,Hors intersection,Normale,Deux véhicules - frontale,,,,,,,,,,,1,2,1,1.0,1
201300023016,0013-08-22 14:55:00,13,8,22,14,55,310,555,"136, RUE LOUIS PLANA",,,Plein jour,En agglomération,Hors intersection,Normale,Autre collision,,,,,,,,,,,1,2,1,1.0,6
201300023017,0013-08-23 08:00:00,13,8,23,8,0,310,555,VA007554 LASBORDES A61 S,,,Crépuscule ou aube,Hors agglomération,Hors intersection,Normale,Trois véhicules et plus - en chaîne,,,,,,,,,,,2,1,1,1.0,4
201300023018,0013-08-23 14:20:00,13,8,23,14,20,310,555,"50, BD DES MINIMES",,,Plein jour,En agglomération,Hors intersection,Normale,Deux véhicules - arrière,,,,,,,,,,,1,2,1,1.0,2
201300023019,0013-08-23 16:55:00,13,8,23,16,55,310,555,"999, AV PIERRE G LATECOE",,,Plein jour,En agglomération,Hors intersection,Normale,Deux véhicules - côté,,,,,,,,,,,1,2,1,1.0,3
201300023020,0013-08-28 17:40:00,13,8,28,17,40,310,555,VA007355 PURPAN A620 Sor,,,Plein jour,Hors agglomération,Hors intersection,Normale,Deux véhicules - arrière,,,,,,,,,,,1,1,1,1.0,2
201300023021,0013-08-28 22:00:00,13,8,28,22,0,310,69,FIL D'ARIANE (RD902),,,Nuit avec éclairage allumé,En agglomération,Hors intersection,Normale,Trois véhicules et plus - en chaîne,,,,,,,,,,,5,2,1,1.0,4
201300023022,0013-08-30 16:55:00,13,8,30,16,55,310,555,"54, RTE DE BLAGNAC",,,Plein jour,En agglomération,Hors intersection,Normale,Autre collision,,,,,,,,,,,1,2,1,1.0,6
201300023023,0013-09-01 02:35:00,13,9,1,2,35,310,555,"18, BD GRIFFOUL DORVAL",,,Plein jour,En agglomération,Hors intersection,Normale,Deux véhicules - arrière,,,,,,,,,,,1,2,1,1.0,2
201300023024,0013-09-01 15:00:00,13,9,1,15,0,310,555,"18, AV DES MINIMES",,,Plein jour,En agglomération,Hors intersection,Normale,Deux véhicules - côté,,,,,,,,,,,1,2,1,1.0,3
201300023025,0013-09-02 11:55:00,13,9,2,11,55,310,555,"13, RUE DE METZ",,,Plein jour,En agglomération,Intersection en T,Normale,Deux véhicules - arrière,,,,,,,,,,,1,2,3,1.0,2
201300023026,0013-09-02 21:25:00,13,9,2,21,25,310,555,RUE SAINTE MARIE,,,Nuit avec éclairage allumé,En agglomération,Intersection en X,Normale,Deux véhicules - côté,,,,,,,,,,,5,2,2,1.0,3
201300023027,0013-09-04 07:00:00,13,9,4,7,0,310,555,"999, RUE D ALSACE LORRAI",,,Crépuscule ou aube,En agglomération,Intersection en X,Normale,Deux véhicules - côté,,,,,,,,,,,2,2,2,1.0,3
201300023028,0013-09-03 10:30:00,13,9,3,10,30,310,555,"2, AV JULES JULIEN",,,Plein jour,En agglomération,Hors intersection,Normale,Deux véhicules - frontale,,,,,,,,,,,1,2,1,1.0,1
201300023029,0013-09-04 19:40:00,13,9,4,19,40,310,555,RUE ERNEST RENAN,,,Plein jour,En agglomération,Hors intersection,Normale,Trois véhicules et plus - en chaîne,,,,,,,,,,,1,2,1,1.0,4
201300023030,0013-09-06 05:15:00,13,9,6,5,15,310,555,"44, AV DE CASSELARDIT",,,Nuit avec éclairage allumé,En agglomération,Intersection en T,Normale,Autre collision,,,,,,,,,,,5,2,3,1.0,6
201300023031,0013-09-06 16:19:00,13,9,6,16,19,310,555,"19, RTE DE LAUNAGUET",,,Plein jour,En agglomération,Hors intersection,Normale,Deux véhicules - arrière,,,,,,,,,,,1,2,1,1.0,2
201300023032,0013-09-06 17:25:00,13,9,6,17,25,310,555,RUE JEAN JACQUES BERNET,,,Plein jour,En agglomération,Intersection en T,Autre,Autre collision,,,,,,,,,,,1,2,3,9.0,6
201300023033,0013-09-07 19:00:00,13,9,7,19,0,310,555,"999, AV JEAN ZAY",,,Plein jour,En agglomération,Hors intersection,Normale,Deux véhicules - côté,,,,,,,,,,,1,2,1,1.0,3
201300023034,0013-09-04 08:55:00,13,9,4,8,55,310,555,"38, RUE JULES AMILHAU",,,Plein jour,En agglomération,Hors intersection,Normale,Deux véhicules - côté,,,,,,,,,,,1,2,1,1.0,3
201300023035,0013-09-10 11:40:00,13,9,10,11,40,310,555,"12, AV ANTOINE DE ST EXU",,,Plein jour,En agglomération,Hors intersection,Temps couvert,Deux véhicules - côté,,,,,,,,,,,1,2,1,8.0,3
201300023036,0013-09-10 16:10:00,13,9,10,16,10,310,69,"49, CARRIERE (RUE)",43.64028,1.3923,Plein jour,En agglomération,Hors intersection,Normale,Autre collision,,,,,,,,,,,1,2,1,1.0,6
201300023037,0013-09-09 08:25:00,13,9,9,8,25,310,557,"210, RAMELET MOUNDI (CH",43.57924,1.35932,Plein jour,En agglomération,Hors intersection,Normale,Autre collision,,,,,,,,,,,1,2,1,1.0,6
201300023038,0013-09-10 10:45:00,13,9,10,10,45,310,555,RD901,,,Nuit avec éclairage allumé,En agglomération,Hors intersection,Pluie légère,Autre collision,,,,,,,,,,,5,2,1,2.0,6
201300023039,0013-09-12 08:37:00,13,9,12,8,37,310,555,"26, BD GRIFFOUL DORVAL",,,Plein jour,En agglomération,Hors intersection,Normale,Deux véhicules - côté,,,,,,,,,,,1,2,1,1.0,3
201300023040,0013-09-12 11:50:00,13,9,12,11,50,310,555,AV DE LATTRE DE TASSIGNY,,,Plein jour,En agglomération,Hors intersection,Normale,Deux véhicules - côté,,,,,,,,,,,1,2,1,1.0,3
201300023041,0013-09-13 07:50:00,13,9,13,7,50,310,555,VA007379 BAYLAC  A624 So,,,Crépuscule ou aube,Hors agglomération,Hors intersection,Normale,Trois véhicules et plus - en chaîne,,,,,,,,,,,2,1,1,1.0,4
201300023042,0013-09-13 09:30:00,13,9,13,9,30,310,555,"276, AV ANTOINE DE ST EX",,,Plein jour,En agglomération,Hors intersection,Normale,Trois véhicules et plus - en chaîne,,,,,,,,,,,1,2,1,1.0,4
201300023043,0013-09-13 07:15:00,13,9,13,7,15,310,555,"118, AV FREDERIC ESTEBE",,,Plein jour,En agglomération,Hors intersection,Pluie légère,Deux véhicules - arrière,,,,,,,,,,,1,2,1,2.0,2
201300023044,0013-09-13 19:35:00,13,9,13,19,35,310,555,"176, RTE DE SEYSSES",,,Plein jour,En agglomération,Hors intersection,Normale,Deux véhicules - côté,,,,,,,,,,,1,2,1,1.0,3
201300023045,0013-09-13 21:45:00,13,9,13,21,45,310,555,"72, AV DE CASTRES",,,Nuit avec éclairage allumé,En agglomération,Hors intersection,Normale,Deux véhicules - frontale,,,,,,,,,,,5,2,1,1.0,1
201300023046,0013-09-14 12:35:00,13,9,14,12,35,310,555,"999, RUE MATABIAU",,,Plein jour,En agglomération,Hors intersection,Normale,Deux véhicules - côté,,,,,,,,,,,1,2,1,1.0,3
201300023047,0013-09-15 15:50:00,13,9,15,15,50,310,555,"999, RUE EDMOND ROSTAND",,,Plein jour,En agglomération,Hors intersection,Normale,Autre collision,,,,,,,,,,,1,2,1,1.0,6
201300023048,0013-09-15 19:40:00,13,9,15,19,40,310,555,VA007418 PONT JUMEAUX620,,,Plein jour,Hors agglomération,Autre intersection,Normale,Trois véhicules et plus - collisions multiples,,,,,,,,,,,1,1,9,1.0,5
201300023049,0013-09-15 15:30:00,13,9,15,15,30,310,555,"999, CHE DE GUILHERMY",,,Plein jour,En agglomération,Hors intersection,Normale,Autre collision,,,,,,,,,,,1,2,1,1.0,6
201300023050,0013-09-13 17:50:00,13,9,13,17,50,310,555,"156, CHE DU RAMELET MOUN",,,Plein jour,En agglomération,Hors intersection,Normale,Deux véhicules - côté,,,,,,,,,,,1,2,1,1.0,3
201300023051,0013-09-17 07:45:00,13,9,17,7,45,310,555,"70, RTE DE NARBONNE",,,Plein jour,En agglomération,Hors intersection,Normale,Autre collision,,,,,,,,,,,1,2,1,1.0,6
201300023052,0013-09-18 22:15:00,13,9,18,22,15,310,149,Rond Point fontaine lumi,43.60919,1.35247,Nuit avec éclairage allumé,En agglomération,Giratoire,Pluie forte,Deux véhicules - côté,,,,,,,,,,,5,2,6,3.0,3
201300023053,0013-09-19 10:35:00,13,9,19,10,35,310,555,"110, RTE DE BLAGNAC",,,Plein jour,En agglomération,Hors intersection,Normale,Deux véhicules - frontale,,,,,,,,,,,1,2,1,1.0,1
201300023054,0013-09-19 08:15:00,13,9,19,8,15,310,149,NAUROUZE (ALLEE DE),43.60926,1.34843,Crépuscule ou aube,En agglomération,Hors intersection,Pluie légère,Autre collision,,,,,,,,,,,2,2,1,2.0,6
201300023055,0013-09-18 07:00:00,13,9,18,7,0,310,557,TARBES (ROUTE DE),43.57715,1.32593,Nuit avec éclairage allumé,En agglomération,Hors intersection,Normale,Deux véhicules - arrière,,,,,,,,,,,5,2,1,1.0,2
201300023056,0013-09-18 10:05:00,13,9,18,10,5,310,149,chemin de gramont,43.61838,1.33921,Plein jour,En agglomération,Hors intersection,Normale,Deux véhicules - arrière,,,,,,,,,,,1,2,1,1.0,2
201300023057,0013-09-20 17:15:00,13,9,20,17,15,310,555,"70, BD SILVIO TRENTIN",,,Plein jour,En agglomération,Hors intersection,Normale,Autre collision,,,,,,,,,,,1,2,1,1.0,6
201300023058,0013-09-20 18:32:00,13,9,20,18,32,310,555,VA007331 A620,43.6546,1.42678,Plein jour,Hors agglomération,Hors intersection,Normale,Trois véhicules et plus - collisions multiples,,,,,,,,,,,1,1,1,1.0,5
201300023059,0013-09-23 14:00:00,13,9,23,14,0,310,555,"999, RUE DE THIONVILLE",,,Plein jour,En agglomération,Intersection en T,Normale,Deux véhicules - côté,,,,,,,,,,,1,2,3,1.0,3
201300023060,0013-09-25 12:30:00,13,9,25,12,30,310,555,"21, AV DE LARDENNE",,,Plein jour,En agglomération,Hors intersection,Normale,Deux véhicules - côté,,,,,,,,,,,1,2,1,1.0,3
201300023061,0013-09-25 14:20:00,13,9,25,14,20,310,555,RUE DE METZ,,,Plein jour,En agglomération,Hors intersection,Normale,Autre collision,,,,,,,,,,,1,2,1,1.0,6
201300023062,0013-09-27 07:45:00,13,9,27,7,45,310,555,BD DE SUISSE,,,Plein jour,En agglomération,Intersection en X,Normale,Deux véhicules - frontale,,,,,,,,,,,1,2,2,1.0,1
201300023063,0013-09-30 07:55:00,13,9,30,7,55,310,555,"32, RUE DE METZ",,,Plein jour,En agglomération,Hors intersection,Normale,Deux véhicules - frontale,,,,,,,,,,,1,2,1,1.0,1
201300023064,0013-09-30 10:05:00,13,9,30,10,5,310,555,"359, AV DES ETATS UNIS",,,Plein jour,En agglomération,Hors intersection,Normale,Trois véhicules et plus - en chaîne,,,,,,,,,,,1,2,1,1.0,4
201300023065,0013-09-30 11:00:00,13,9,30,11,0,310,555,"56, AV HONORE SERRES",,,Plein jour,En agglomération,Hors intersection,Normale,Autre collision,,,,,,,,,,,1,2,1,1.0,6
201300023066,0013-09-30 11:38:00,13,9,30,11,38,310,555,"102, CHE DE GABARDIE",,,Plein jour,En agglomération,Passage à niveau,Normale,Deux véhicules - frontale,,,,,,,,,,,1,2,8,1.0,1
201300023067,0013-09-30 16:35:00,13,9,30,16,35,310,555,VA007495 A62,,,Plein jour,Hors agglomération,Hors intersection,Normale,Deux véhicules - arrière,,,,,,,,,,,1,1,1,1.0,2
201300023068,0013-09-30 16:45:00,13,9,30,16,45,310,555,VA007553 A61,,,Plein jour,Hors agglomération,Hors intersection,Pluie légère,Trois véhicules et plus - en chaîne,,,,,,,,,,,1,1,1,2.0,4
201300023069,0013-10-01 07:35:00,13,10,1,7,35,310,555,VA007333 LA FAOURETTE A6,,,Crépuscule ou aube,Hors agglomération,Hors intersection,Normale,Deux véhicules - côté,,,,,,,,,,,2,1,1,1.0,3
201300023070,0013-10-01 16:30:00,13,10,1,16,30,310,555,VA007355 PURPAN A620 Sor,,,Plein jour,Hors agglomération,Hors intersection,Normale,Trois véhicules et plus - en chaîne,,,,,,,,,,,1,1,1,1.0,4
201300023071,0013-10-03 07:30:00,13,10,3,7,30,310,555,VA007553 A61,,,Crépuscule ou aube,Hors agglomération,Hors intersection,Normale,Trois véhicules et plus - collisions multiples,,,,,,,,,,,2,1,1,1.0,5
201300023072,0013-10-03 10:35:00,13,10,3,10,35,310,555,"999, RUE BENJAMIN CONSTA",,,Plein jour,En agglomération,Intersection en T,Pluie légère,Deux véhicules - côté,,,,,,,,,,,1,2,3,2.0,3
201300023073,0013-10-03 06:30:00,13,10,3,6,30,310,555,"2, AV ETIENNE BILLIERES",,,Nuit avec éclairage allumé,En agglomération,Hors intersection,Normale,Autre collision,,,,,,,,,,,5,2,1,1.0,6
201300023074,0013-10-03 13:15:00,13,10,3,13,15,310,149,ROUSSILLON (ALLEE DU),43.61064,1.33552,Plein jour,En agglomération,Hors intersection,Pluie légère,Autre collision,,,,,,,,,,,1,2,1,2.0,6
201300023075,0013-10-04 07:46:00,13,10,4,7,46,310,555,VA008482 A624,,,Crépuscule ou aube,Hors agglomération,Hors intersection,Normale,Deux véhicules - arrière,,,,,,,,,,,2,1,1,1.0,2
201300023076,0013-10-05 23:00:00,13,10,5,23,0,310,555,VA007644 EMPALOT A620 So,,,Nuit avec éclairage allumé,Hors agglomération,Hors intersection,Normale,Deux véhicules - arrière,,,,,,,,,,,5,1,1,1.0,2
201300023077,0013-10-06 14:25:00,13,10,6,14,25,310,555,"3, BD D ARCOLE",,,Plein jour,En agglomération,Hors intersection,Normale,Deux véhicules - côté,,,,,,,,,,,1,2,1,1.0,3
201300023078,0013-10-07 07:24:00,13,10,7,7,24,310,149,ECHANGEUR ST MARTIN (A62,,,Plein jour,Hors agglomération,Hors intersection,Normale,Deux véhicules - arrière,,,,,,,,,,,1,1,1,1.0,2
201300023079,0013-10-04 08:25:00,13,10,4,8,25,310,555,VA007342 LA CEPIERE  A62,,,Plein jour,Hors agglomération,Hors intersection,Normale,Deux véhicules - arrière,,,,,,,,,,,1,1,1,1.0,2
201300023080,0013-10-11 15:00:00,13,10,11,15,0,310,555,"100, AV JEAN RIEUX",,,Plein jour,En agglomération,Hors intersection,Normale,Deux véhicules - frontale,,,,,,,,,,,1,2,1,1.0,1
201300023081,0013-10-14 09:30:00,13,10,14,9,30,310,555,"999, RUE DU POLE",,,Plein jour,En agglomération,Intersection en T,Normale,Autre collision,,,,,,,,,,,1,2,3,1.0,6
201300023082,0013-10-14 20:58:00,13,10,14,20,58,310,555,BD DU MARECHAL JUIN,,,Nuit avec éclairage allumé,En agglomération,Intersection en T,Normale,Deux véhicules - arrière,,,,,,,,,,,5,2,3,1.0,2
201300023083,0013-10-14 18:00:00,13,10,14,18,0,310,555,"35, RUE DE GIRONIS",,,Plein jour,En agglomération,Hors intersection,Normale,Autre collision,,,,,,,,,,,1,2,1,1.0,6
201300023084,0013-10-10 10:30:00,13,10,10,10,30,310,557,"7, MANOIR (RUE)/AVE MARQ",43.575,1.34607,Plein jour,En agglomération,Intersection en T,Normale,Deux véhicules - côté,,,,,,,,,,,1,2,3,1.0,3
201300023085,0013-10-15 10:35:00,13,10,15,10,35,310,555,"29, RUE DE METZ",,,Plein jour,En agglomération,Hors intersection,Normale,Autre collision,,,,,,,,,,,1,2,1,1.0,6
201300023086,0013-10-16 06:55:00,13,10,16,6,55,310,555,R-PT DU DR MAURICE DIDE,,,Plein jour,En agglomération,Giratoire,Pluie légère,Deux véhicules - côté,,,,,,,,,,,1,2,6,2.0,3
201300023087,0013-10-14 06:55:00,13,10,14,6,55,310,149,GASCOGNE (BOULEVARD DE),43.6081,1.3262,Crépuscule ou aube,En agglomération,Hors intersection,Normale,Deux véhicules - arrière,,,,,,,,,,,2,2,1,1.0,2
201300023088,0013-10-16 19:45:00,13,10,16,19,45,310,555,"25, AV DE LYON",,,Nuit sans éclairage public,En agglomération,Hors intersection,Normale,Deux véhicules - arrière,,,,,,,,,,,3,2,1,1.0,2
201300023089,0013-10-16 20:35:00,13,10,16,20,35,310,555,"999, BD LAZARE CARNOT",,,Nuit avec éclairage non allumé,En agglomération,Intersection en T,Normale,Deux véhicules - côté,,,,,,,,,,,4,2,3,1.0,3
201300023090,0013-10-17 09:00:00,13,10,17,9,0,310,555,"999, RUE SALAMBO",,,Plein jour,En agglomération,Intersection en X,Normale,Deux véhicules - côté,,,,,,,,,,,1,2,2,1.0,3
201300023091,0013-10-17 12:20:00,13,10,17,12,20,310,555,"17, RUE DU REMPART ST ET",,,Plein jour,En agglomération,Hors intersection,Normale,Autre collision,,,,,,,,,,,1,2,1,1.0,6
201300023092,0013-10-17 11:00:00,13,10,17,11,0,310,555,"999, AV JULES JULIEN",,,Plein jour,En agglomération,Hors intersection,Normale,Deux véhicules - arrière,,,,,,,,,,,1,2,1,1.0,2
201300023093,0013-10-19 06:20:00,13,10,19,6,20,310,555,"173, AV RAYMOND NAVES",,,Nuit avec éclairage allumé,En agglomération,Hors intersection,Normale,Autre collision,,,,,,,,,,,5,2,1,1.0,6
201300023094,0013-10-18 21:35:00,13,10,18,21,35,310,555,"13, RUE JACQUES ROUDIL",,,Nuit avec éclairage allumé,En agglomération,Hors intersection,Normale,Autre collision,,,,,,,,,,,5,2,1,1.0,6
201300023095,0013-10-18 18:45:00,13,10,18,18,45,310,555,"999, CHE DE L EGLISE DE",,,Crépuscule ou aube,En agglomération,Intersection en X,Normale,Deux véhicules - côté,,,,,,,,,,,2,2,2,1.0,3
201300023096,0013-10-20 11:55:00,13,10,20,11,55,310,555,"999, PL DE L ORMEAU",,,Plein jour,En agglomération,Hors intersection,Normale,Autre collision,,,,,,,,,,,1,2,1,1.0,6
201300023097,0013-10-20 00:01:00,13,10,20,0,1,310,555,"2, PL DOMINIQUE MARTIN D",,,Nuit avec éclairage allumé,En agglomération,Hors intersection,Normale,Sans collision,,,,,,,,,,,5,2,1,1.0,7
201300023098,0013-10-18 07:50:00,13,10,18,7,50,310,555,VA008482 A624,,,Crépuscule ou aube,Hors agglomération,Hors intersection,Normale,Deux véhicules - arrière,,,,,,,,,,,2,1,1,1.0,2
201300023099,0013-10-21 21:25:00,13,10,21,21,25,310,555,"14, BD DE STRASBOURG",,,Nuit avec éclairage allumé,En agglomération,Hors intersection,Normale,Autre collision,,,,,,,,,,,5,2,1,1.0,6
201300023100,0013-10-21 20:45:00,13,10,21,20,45,310,555,"284, RTE DE SEYSSES",,,Nuit avec éclairage allumé,En agglomération,Hors intersection,Normale,Autre collision,,,,,,,,,,,5,2,1,1.0,6
201300023101,0013-10-21 19:50:00,13,10,21,19,50,310,555,RD901,,,Nuit avec éclairage allumé,En agglomération,Hors intersection,Normale,Deux véhicules - côté,,,,,,,,,,,5,2,1,1.0,3
201300023102,0013-10-18 15:25:00,13,10,18,15,25,310,149,"98, COMMINGES (ALLEE DU)",43.6079,1.33009,Plein jour,En agglomération,Hors intersection,Normale,Deux véhicules - côté,,,,,,,,,,,1,2,1,1.0,3
201300023103,0013-10-22 12:15:00,13,10,22,12,15,310,69,PARKING LECLERC,43.64541,1.37033,Plein jour,En agglomération,Hors intersection,Normale,Autre collision,,,,,,,,,,,1,2,1,1.0,6
201300023104,0013-10-21 19:25:00,13,10,21,19,25,310,555,"53, BD JEAN BRUNHES",,,Crépuscule ou aube,En agglomération,Hors intersection,Normale,Autre collision,,,,,,,,,,,2,2,1,1.0,6
201300023105,0013-10-23 17:00:00,13,10,23,17,0,310,555,"999, RUE EMILE LECRIVAIN",,,Plein jour,En agglomération,Hors intersection,Normale,Deux véhicules - frontale,,,,,,,,,,,1,2,1,1.0,1
201300023106,0013-10-23 09:20:00,13,10,23,9,20,310,555,"117, RUE NICOLAS L VAUQU",,,Plein jour,En agglomération,Hors intersection,Normale,Deux véhicules - côté,,,,,,,,,,,1,2,1,1.0,3
201300023107,0013-10-25 03:40:00,13,10,25,3,40,310,555,"5, BD DE STRASBOURG",,,Nuit avec éclairage allumé,En agglomération,Hors intersection,Normale,Autre collision,,,,,,,,,,,5,2,1,1.0,6
201300023108,0013-10-26 15:45:00,13,10,26,15,45,310,555,"999, RUE MATABIAU",,,Plein jour,En agglomération,Hors intersection,Normale,Trois véhicules et plus - en chaîne,,,,,,,,,,,1,2,1,1.0,4
201300023109,0013-10-26 16:50:00,13,10,26,16,50,310,555,"28, RUE DE L ISERE",,,Plein jour,En agglomération,Hors intersection,Normale,Autre collision,,,,,,,,,,,1,2,1,1.0,6
201300023110,0013-10-26 18:15:00,13,10,26,18,15,310,555,"999, RUE DE PERIOLE",,,Crépuscule ou aube,En agglomération,Intersection en Y,Normale,Deux véhicules - frontale,,,,,,,,,,,2,2,4,1.0,1
201300023111,0013-10-27 12:40:00,13,10,27,12,40,310,555,"999, ALL DU PRESIDENT RO",,,Plein jour,En agglomération,Hors intersection,Normale,Autre collision,,,,,,,,,,,1,2,1,1.0,6
201300023112,0013-10-28 17:30:00,13,10,28,17,30,310,149,"42 a, DESCARTES (Rue)",43.61652,1.3059,Plein jour,En agglomération,Hors intersection,Normale,Sans collision,,,,,,,,,,,1,2,1,1.0,7
201300023113,0013-10-24 16:00:00,13,10,24,16,0,310,69,GARROS (RUE ROLAND),43.64277,1.3673,Plein jour,En agglomération,Hors intersection,Normale,Deux véhicules - côté,,,,,,,,,,,1,2,1,1.0,3
201300023114,0013-10-25 09:20:00,13,10,25,9,20,310,555,"153, RUE DU FERETRA",,,Plein jour,En agglomération,Hors intersection,Normale,Deux véhicules - côté,,,,,,,,,,,1,2,1,1.0,3
201300023115,0013-10-30 00:10:00,13,10,30,0,10,310,555,"63, BD LAZARE CARNOT",,,Plein jour,En agglomération,Hors intersection,Normale,Deux véhicules - côté,,,,,,,,,,,1,2,1,1.0,3
201300023116,0013-10-24 16:55:00,13,10,24,16,55,310,555,"2, RUE DU FAUBOURG BONNE",,,Plein jour,En agglomération,Hors intersection,Normale,Autre collision,,,,,,,,,,,1,2,1,1.0,6
201300023117,0013-10-30 16:10:00,13,10,30,16,10,310,555,"25, PL DOMINIQUE MARTIN",,,Plein jour,En agglomération,Hors intersection,Normale,Autre collision,,,,,,,,,,,1,2,1,1.0,6
201300023118,0013-10-30 17:00:00,13,10,30,17,0,310,555,VA007331 A620,,,Plein jour,Hors agglomération,Hors intersection,Normale,Deux véhicules - côté,,,,,,,,,,,1,1,1,1.0,3
201300023119,0013-10-30 19:20:00,13,10,30,19,20,310,149,RN124,,,Nuit avec éclairage non allumé,En agglomération,Hors intersection,Normale,Deux véhicules - frontale,,,,,,,,,,,4,2,1,1.0,1
201300023120,0013-10-31 11:00:00,13,10,31,11,0,310,555,VA007418 PONT JUMEAUX A6,,,Plein jour,Hors agglomération,Hors intersection,Normale,Deux véhicules - arrière,,,,,,,,,,,1,1,1,1.0,2