accident_id,datetime,annee,mois,jour,heure,minute,departement,commune_insee,adresse,latitude,longitude,luminosite,agglomeration,intersection,meteo,collision,nb_vehicules,nb_usagers,nb_indemnes,nb_tues,nb_blesses_hosp,nb_blesses_legers,age_cond_1,age_cond_2,veh_type_cond_1,veh_type_cond_2,lum_code,agg_code,int_code,atm_code,col_code
201300023379,0013-10-02 20:00:00,13,10,2,20,0,330,529,"., LECLERC (AVE DU GAL)",,,Nuit avec éclairage allumé,En agglomération,Hors intersection,Normale,Deux véhicules - côté,,,,,,,,,,,5,2,1,1.0,3
201300023380,0013-10-03 16:30:00,13,10,3,16,30,330,529,"., HAMEAU (PL. JEAN)",,,Plein jour,En agglomération,Hors intersection,Normale,Deux véhicules - arrière,,,,,,,,,,,1,2,1,1.0,2
201300023381,0013-10-18 14:40:00,13,10,18,14,40,330,529,"., RD 1250 (CAMICAS-OUST",,,Plein jour,Hors agglomération,Hors intersection,Normale,Autre collision,,,,,,,,,,,1,1,1,1.0,6
201300023382,0013-10-19 18:40:00,13,10,19,18,40,330,9,"11, TOUTON (ALL. ROGER)",,,Plein jour,En agglomération,Hors intersection,Normale,Autre collision,,,,,,,,,,,1,2,1,1.0,6
201300023383,0013-10-21 19:25:00,13,10,21,19,25,330,529,"., MIQUELOTS (BD DES)",,,Nuit avec éclairage allumé,Hors agglomération,Hors intersection,Normale,Autre collision,,,,,,,,,,,5,1,1,1.0,6
201300023384,0013-11-24 19:45:00,13,11,24,19,45,330,529,"., EUROPE (RUE DE L')",,,Nuit avec éclairage allumé,En agglomération,Hors intersection,Normale,Deux véhicules - frontale,,,,,,,,,,,5,2,1,1.0,1
201300023385,0013-11-23 21:05:00,13,11,23,21,5,330,529,"., RD 1250 (BONNEVAL -LA",,,Nuit sans éclairage public,En agglomération,Hors intersection,Normale,Sans collision,,,,,,,,,,,3,2,1,1.0,7
201300023386,0013-11-28 15:40:00,13,11,28,15,40,330,529,"., RD 1250 (OUSTALET - B",,,Plein jour,En agglomération,Giratoire,Normale,Deux véhicules - côté,,,,,,,,,,,1,2,6,1.0,3
201300023387,0013-12-11 17:10:00,13,12,11,17,10,330,529,"., COUTOUM (RUE DU)",,,Plein jour,En agglomération,Hors intersection,Normale,Autre collision,,,,,,,,,,,1,2,1,1.0,6
201300023388,0013-12-16 13:40:00,13,12,16,13,40,330,529,"., VULCAIN (RUE)",,,Plein jour,En agglomération,Giratoire,Normale,Deux véhicules - côté,,,,,,,,,,,1,2,6,1.0,3
201300023389,0013-12-17 19:35:00,13,12,17,19,35,330,9,"., COSTE (RUE)",,,Nuit avec éclairage allumé,En agglomération,Intersection en X,Normale,Deux véhicules - côté,,,,,,,,,,,5,2,2,1.0,3
201300023390,0013-12-16 16:00:00,13,12,16,16,0,330,529,"18, YSER (RUE DE L')",,,Plein jour,En agglomération,Hors intersection,Normale,Autre collision,,,,,,,,,,,1,2,1,1.0,6
201300023391,0013-12-16 05:30:00,13,12,16,5,30,330,529,"., RD 1250 (Camicas - So",,,Nuit sans éclairage public,Hors agglomération,Hors intersection,Normale,Autre collision,,,,,,,,,,,3,1,1,1.0,6
201300023392,0013-12-23 19:40:00,13,12,23,19,40,330,9,"., ST ELME (RUE) DU 01 E",,,Nuit avec éclairage allumé,En agglomération,Hors intersection,Normale,Deux véhicules - frontale,,,,,,,,,,,5,2,1,1.0,1
201300023393,0013-03-24 20:00:00,13,3,24,20,0,740,34,,,,Nuit sans éclairage public,Hors agglomération,Hors intersection,Brouillard / fumée,Sans collision,,,,,,,,,,,3,1,1,5.0,7
201300023394,0013-04-29 00:45:00,13,4,29,0,45,740,114,,46.197,6.68,Nuit sans éclairage public,Hors agglomération,Hors intersection,Temps couvert,Autre collision,,,,,,,,,,,3,1,1,8.0,6
201300023395,0013-06-18 17:00:00,13,6,18,17,0,740,30,,46.289,6.615,Plein jour,Hors agglomération,Intersection en X,Normale,Deux véhicules - côté,,,,,,,,,,,1,1,2,1.0,3
201300023396,0013-07-24 20:15:00,13,7,24,20,15,740,295,,46.314,6.61,Crépuscule ou aube,Hors agglomération,Hors intersection,Normale,Deux véhicules - frontale,,,,,,,,,,,2,1,1,1.0,1
201300023397,0013-07-29 17:30:00,13,7,29,17,30,740,34,,46.252,6.637,Plein jour,Hors agglomération,Hors intersection,Temps couvert,Deux véhicules - frontale,,,,,,,,,,,1,1,1,8.0,1
201300023398,0013-08-18 05:15:00,13,8,18,5,15,740,188,1694 ROUTE DE LA PLAGNE,,,Nuit sans éclairage public,En agglomération,Hors intersection,Normale,Autre collision,,,,,,,,,,,3,2,1,1.0,6
201300023399,0013-08-26 10:00:00,13,8,26,10,0,740,191,,46.202,6.746,Plein jour,Hors agglomération,Hors intersection,Normale,Autre collision,,,,,,,,,,,1,1,1,1.0,6
201300023400,0013-09-29 02:30:00,13,9,29,2,30,740,188,,,,Nuit avec éclairage allumé,En agglomération,Hors intersection,Normale,Autre collision,,,,,,,,,,,5,2,1,1.0,6
201300023401,0013-01-01 03:00:00,13,1,1,3,0,330,63,RUE LUCIEN FAURE,,,Nuit avec éclairage allumé,En agglomération,Intersection en X,Pluie légère,Deux véhicules - arrière,,,,,,,,,,,5,2,2,2.0,2
201300023402,0013-01-02 12:10:00,13,1,2,12,10,330,63,RUE MOUNEYRA,,,Plein jour,En agglomération,Intersection en X,Normale,Deux véhicules - côté,,,,,,,,,,,1,2,2,1.0,3
201300023403,0013-01-06 22:00:00,13,1,6,22,0,330,63,RUE GINER DE LOS RIOS,,,Nuit avec éclairage allumé,En agglomération,Intersection en X,Normale,Autre collision,,,,,,,,,,,5,2,2,1.0,6
201300023404,0013-01-06 12:30:00,13,1,6,12,30,330,63,"35, CRS ARISTIDE BRIAND",,,Plein jour,En agglomération,Hors intersection,Normale,Deux véhicules - arrière,,,,,,,,,,,1,2,1,1.0,2
201300023405,0013-12-26 19:40:00,13,12,26,19,40,330,281,AVE DU MARECHAL LECLERC,,,Nuit avec éclairage allumé,En agglomération,Intersection en X,Normale,Deux véhicules - côté,,,,,,,,,,,5,2,2,1.0,3
201300023406,0013-01-07 14:00:00,13,1,7,14,0,330,63,RUE GEORGES BONNAC,,,Plein jour,En agglomération,Intersection en X,Normale,Autre collision,,,,,,,,,,,1,2,2,1.0,6
201300023407,0013-12-28 09:25:00,13,12,28,9,25,330,550,RUE DE LA PAIX,,,Plein jour,En agglomération,Intersection en X,Normale,Deux véhicules - côté,,,,,,,,,,,1,2,2,1.0,3
201300023408,0013-12-30 14:45:00,13,12,30,14,45,330,65,ACC CENTRE COMMERCIAL AU,,,Plein jour,En agglomération,Hors intersection,Normale,Autre collision,,,,,,,,,,,1,2,1,1.0,6
201300023409,0013-12-30 10:45:00,13,12,30,10,45,330,69,"279, AVE D'EYSINES",,,Plein jour,En agglomération,Intersection en Y,Normale,Autre collision,,,,,,,,,,,1,2,4,1.0,6
201300023410,0013-12-31 21:10:00,13,12,31,21,10,330,13,AVE DE LA PRAIRIE,,,Nuit avec éclairage allumé,En agglomération,Hors intersection,Pluie légère,Autre collision,,,,,,,,,,,5,2,1,2.0,6
201300023411,0013-01-02 14:15:00,13,1,2,14,15,330,200,AVE PASTEUR,,,Plein jour,En agglomération,Hors intersection,Normale,Deux véhicules - arrière,,,,,,,,,,,1,2,1,1.0,2
201300023412,0013-01-08 08:50:00,13,1,8,8,50,330,63,RUE BLANQUI,,,Plein jour,En agglomération,Intersection en X,Pluie légère,Deux véhicules - côté,,,,,,,,,,,1,2,2,2.0,3
201300023413,0013-01-08 17:40:00,13,1,8,17,40,330,63,CRS DU MARECHAL GALLIENI,,,Nuit avec éclairage allumé,En agglomération,Hors intersection,Pluie légère,Deux véhicules - côté,,,,,,,,,,,5,2,1,2.0,3
201300023414,0013-01-04 18:25:00,13,1,4,18,25,330,13,RN 89,,,Nuit avec éclairage allumé,En agglomération,Hors intersection,Normale,Deux véhicules - arrière,,,,,,,,,,,5,2,1,1.0,2
201300023415,0013-12-31 17:40:00,13,12,31,17,40,330,550,RUE ANATOLE FRANCE,,,Nuit avec éclairage allumé,En agglomération,Intersection en X,Pluie légère,Deux véhicules - côté,,,,,,,,,,,5,2,2,2.0,3
201300023416,0013-12-31 10:34:00,13,12,31,10,34,330,550,SORTIE PARKING CENTRE CI,,,Plein jour,En agglomération,Hors intersection,Normale,Autre collision,,,,,,,,,,,1,2,1,1.0,6
201300023417,0013-01-10 18:25:00,13,1,10,18,25,330,39,AVE LENINE,,,Nuit avec éclairage non allumé,En agglomération,Hors intersection,Normale,Autre collision,,,,,,,,,,,4,2,1,1.0,6
201300023418,0013-01-10 17:42:00,13,1,10,17,42,330,63,ALL SERR,,,Nuit avec éclairage allumé,En agglomération,Intersection en X,Normale,Deux véhicules - côté,,,,,,,,,,,5,2,2,1.0,3
201300023419,0013-01-08 07:00:00,13,1,8,7,0,330,281,AVE DE LA MARNE,,,Nuit avec éclairage allumé,En agglomération,Intersection en X,Pluie légère,Autre collision,,,,,,,,,,,5,2,2,2.0,6
201300023420,0013-01-09 09:20:00,13,1,9,9,20,330,200,AVE PASTEUR,,,Plein jour,En agglomération,Hors intersection,Normale,Trois véhicules et plus - collisions multiples,,,,,,,,,,,1,2,1,1.0,5
201300023421,0013-01-11 18:10:00,13,1,11,18,10,330,63,"19, BD DU PRESIDENT WILS",,,Crépuscule ou aube,En agglomération,Hors intersection,Normale,Trois véhicules et plus - en chaîne,,,,,,,,,,,2,2,1,1.0,4
201300023422,0013-01-12 03:00:00,13,1,12,3,0,330,63,"131, CRS DU MARECHAL GAL",,,Nuit avec éclairage allumé,En agglomération,Hors intersection,Normale,Autre collision,,,,,,,,,,,5,2,1,1.0,6
201300023423,0013-01-11 18:50:00,13,1,11,18,50,330,63,AVE JEANNE D'ARC,,,Nuit avec éclairage allumé,En agglomération,Intersection en T,Normale,Deux véhicules - côté,,,,,,,,,,,5,2,3,1.0,3
201300023424,0013-01-07 16:35:00,13,1,7,16,35,330,318,AVE JEAN BABIN,,,Plein jour,En agglomération,Intersection en X,Normale,Deux véhicules - côté,,,,,,,,,,,1,2,2,1.0,3
201300023425,0013-01-11 16:50:00,13,1,11,16,50,330,63,"88, RUE EMILE COMBES",,,Plein jour,En agglomération,Intersection en T,Normale,Autre collision,,,,,,,,,,,1,2,3,1.0,6
201300023426,0013-01-07 11:45:00,13,1,7,11,45,330,281,AVE DE BELFORT,,,Plein jour,En agglomération,Hors intersection,Normale,Autre collision,,,,,,,,,,,1,2,1,1.0,6
201300023427,0013-01-14 14:55:00,13,1,14,14,55,330,63,RUE DU BOCAGE CAUD,,,Plein jour,En agglomération,Intersection en T,Normale,Deux véhicules - côté,,,,,,,,,,,1,2,3,1.0,3
201300023428,0013-01-16 09:15:00,13,1,16,9,15,330,63,"120, CRS VICTOR HUGO",,,Plein jour,En agglomération,Hors intersection,Pluie forte,Autre collision,,,,,,,,,,,1,2,1,3.0,6
201300023429,0013-01-16 08:30:00,13,1,16,8,30,330,63,"310, AVE THIERS",,,Crépuscule ou aube,En agglomération,Hors intersection,Pluie forte,Autre collision,,,,,,,,,,,2,2,1,3.0,6
201300023430,0013-01-16 08:34:00,13,1,16,8,34,330,63,RUE DES DOUVES,,,Plein jour,En agglomération,Intersection en X,Pluie forte,Autre collision,,,,,,,,,,,1,2,2,3.0,6
201300023431,0013-01-16 12:20:00,13,1,16,12,20,330,63,"51, RUE FONDAUDEGE",,,Plein jour,En agglomération,Hors intersection,Pluie légère,Autre collision,,,,,,,,,,,1,2,1,2.0,6
201300023432,0013-01-11 12:20:00,13,1,11,12,20,330,200,AVE PASTEUR,,,Plein jour,En agglomération,Intersection en X,Normale,Deux véhicules - côté,,,,,,,,,,,1,2,2,1.0,3
201300023433,0013-01-16 14:50:00,13,1,16,14,50,330,281,AVE FRANCOIS MITTERRAND,,,Plein jour,En agglomération,Hors intersection,Pluie légère,Deux véhicules - arrière,,,,,,,,,,,1,2,1,2.0,2
201300023434,0013-01-14 08:30:00,13,1,14,8,30,330,550,"601, RTE DE TOULOUSE",,,Plein jour,En agglomération,Hors intersection,Normale,Autre collision,,,,,,,,,,,1,2,1,1.0,6
201300023435,0013-01-18 16:50:00,13,1,18,16,50,330,63,"145, AVE CHARLES DE GAUL",,,Plein jour,En agglomération,Intersection en T,Pluie légère,Autre collision,,,,,,,,,,,1,2,3,2.0,6
201300023436,0013-01-18 12:30:00,13,1,18,12,30,330,63,RUE MATHIEU,,,Plein jour,En agglomération,Intersection en X,Pluie légère,Deux véhicules - côté,,,,,,,,,,,1,2,2,2.0,3
201300023437,0013-01-21 08:05:00,13,1,21,8,5,330,63,BD DU PRESIDENT WILSON,,,Plein jour,En agglomération,Intersection en X,Pluie légère,Autre collision,,,,,,,,,,,1,2,2,2.0,6
201300023438,0013-01-18 07:50:00,13,1,18,7,50,330,281,AVE FRANCOIS MITTERRAND,,,Nuit avec éclairage allumé,En agglomération,Hors intersection,Pluie légère,Autre collision,,,,,,,,,,,5,2,1,2.0,6
201300023439,0013-01-16 07:40:00,13,1,16,7,40,330,318,"147, AVE JEAN JAURES",,,Nuit avec éclairage allumé,En agglomération,Hors intersection,Pluie forte,Autre collision,,,,,,,,,,,5,2,1,3.0,6
201300023440,0013-01-14 07:45:00,13,1,14,7,45,330,550,"168, AVE DES PYRENEES",,,Plein jour,En agglomération,Hors intersection,Normale,Deux véhicules - arrière,,,,,,,,,,,1,2,1,1.0,2
201300023441,0013-01-15 12:35:00,13,1,15,12,35,330,318,AVE DU BOURGAILH,,,Plein jour,En agglomération,Intersection en X,Normale,Deux véhicules - côté,,,,,,,,,,,1,2,2,1.0,3
201300023442,0013-01-10 06:34:00,13,1,10,6,34,330,63,BD ANDRE RICARD,,,Nuit avec éclairage allumé,En agglomération,Hors intersection,Pluie légère,Deux véhicules - arrière,,,,,,,,,,,5,2,1,2.0,2
201300023443,0013-01-15 07:30:00,13,1,15,7,30,330,318,AVE DE BARDANAC,,,Nuit avec éclairage allumé,En agglomération,Intersection en X,Pluie légère,Deux véhicules - côté,,,,,,,,,,,5,2,2,2.0,3
201300023444,0013-01-15 09:50:00,13,1,15,9,50,330,13,RN 89,,,Plein jour,En agglomération,Hors intersection,Temps couvert,Deux véhicules - arrière,,,,,,,,,,,1,2,1,8.0,2
201300023445,0013-01-11 09:00:00,13,1,11,9,0,330,192,"21, RUE SAINT-FRANCOIS X",,,Plein jour,En agglomération,Hors intersection,Normale,Autre collision,,,,,,,,,,,1,2,1,1.0,6
201300023446,0013-01-11 14:20:00,13,1,11,14,20,330,522,RUE PIERRE NOAILLES,,,Plein jour,En agglomération,Hors intersection,Normale,Autre collision,,,,,,,,,,,1,2,1,1.0,6
201300023447,0013-01-23 00:22:00,13,1,23,0,22,330,63,BD DES FRERES MOGA,,,Nuit avec éclairage allumé,En agglomération,Giratoire,Pluie forte,Autre collision,,,,,,,,,,,5,2,6,3.0,6
201300023448,0013-01-23 14:10:00,13,1,23,14,10,330,63,"107, BD ANTOINE GAUTIER",,,Plein jour,En agglomération,Intersection en T,Normale,Deux véhicules - côté,,,,,,,,,,,1,2,3,1.0,3
201300023449,0013-01-23 07:30:00,13,1,23,7,30,330,63,QUAI DESCHAMPS,,,Nuit avec éclairage allumé,En agglomération,Hors intersection,Normale,Deux véhicules - arrière,,,,,,,,,,,5,2,1,1.0,2
201300023450,0013-01-20 15:00:00,13,1,20,15,0,330,281,AVE DE LA GRANGE NOIRE,,,Plein jour,En agglomération,Giratoire,Pluie légère,Sans collision,,,,,,,,,,,1,2,6,2.0,7
201300023451,0013-01-17 18:20:00,13,1,17,18,20,330,318,"133, AVE JEAN JAURES",,,Nuit avec éclairage allumé,En agglomération,Hors intersection,Normale,Deux véhicules - côté,,,,,,,,,,,5,2,1,1.0,3
201300023452,0013-01-16 22:00:00,13,1,16,22,0,330,162,AVE DU MEDOC,,,Nuit avec éclairage allumé,En agglomération,Intersection en X,Normale,Deux véhicules - côté,,,,,,,,,,,5,2,2,1.0,3
201300023453,0013-01-24 16:20:00,13,1,24,16,20,330,63,RUE CALVIMONT,,,Plein jour,En agglomération,Intersection en X,Normale,Autre collision,,,,,,,,,,,1,2,2,1.0,6
201300023454,0013-01-21 00:30:00,13,1,21,0,30,330,162,"53, AVE DU MEDOC",,,Nuit avec éclairage allumé,En agglomération,Intersection en T,Pluie légère,Deux véhicules - frontale,,,,,,,,,,,5,2,3,2.0,1
201300023455,0013-01-18 23:55:00,13,1,18,23,55,330,162,AVE DU MEDOC,,,Nuit avec éclairage allumé,En agglomération,Intersection en T,Pluie légère,Deux véhicules - côté,,,,,,,,,,,5,2,3,2.0,3
201300023456,0013-01-27 22:05:00,13,1,27,22,5,330,63,CRS DE VERDUN,,,Nuit avec éclairage allumé,En agglomération,Intersection en T,Normale,Deux véhicules - côté,,,,,,,,,,,5,2,3,1.0,3
201300023457,0013-01-25 08:25:00,13,1,25,8,25,330,63,RUE JUDAIQUE,,,Plein jour,En agglomération,Intersection en X,Normale,Autre collision,,,,,,,,,,,1,2,2,1.0,6
201300023458,0013-01-26 06:55:00,13,1,26,6,55,330,39,BD ALBERT 1ER,,,Nuit avec éclairage allumé,En agglomération,Intersection en X,Pluie légère,Deux véhicules - côté,,,,,,,,,,,5,2,2,2.0,3
201300023459,0013-01-29 04:30:00,13,1,29,4,30,330,63,BD GEORGE V,,,Nuit avec éclairage allumé,En agglomération,Intersection en X,Normale,Deux véhicules - côté,,,,,,,,,,,5,2,2,1.0,3
201300023460,0013-01-25 09:35:00,13,1,25,9,35,330,281,AVE ROLAND GARROS,,,Plein jour,En agglomération,Giratoire,Normale,Deux véhicules - côté,,,,,,,,,,,1,2,6,1.0,3
201300023461,0013-01-23 18:55:00,13,1,23,18,55,330,13,N 89,,,Nuit avec éclairage allumé,En agglomération,Hors intersection,Pluie légère,Deux véhicules - arrière,,,,,,,,,,,5,2,1,2.0,2
201300023462,0013-01-24 09:00:00,13,1,24,9,0,330,281,RUE APOLLO,,,Plein jour,En agglomération,Intersection en T,Pluie légère,Deux véhicules - côté,,,,,,,,,,,1,2,3,2.0,3
201300023463,0013-01-23 07:50:00,13,1,23,7,50,330,318,AVE DE BEUTRE,,,Crépuscule ou aube,En agglomération,Intersection en Y,Pluie légère,Deux véhicules - côté,,,,,,,,,,,2,2,4,2.0,3
201300023464,0013-01-25 17:30:00,13,1,25,17,30,330,281,AVE DE LA MARNE,,,Plein jour,En agglomération,Hors intersection,Normale,Deux véhicules - côté,,,,,,,,,,,1,2,1,1.0,3
201300023465,0013-01-28 07:50:00,13,1,28,7,50,330,281,"10, AVE DU MARECHAL GALL",,,Nuit avec éclairage allumé,En agglomération,Hors intersection,Normale,Autre collision,,,,,,,,,,,5,2,1,1.0,6
201300023466,0013-01-28 19:15:00,13,1,28,19,15,330,281,"220, AVE DES EYQUEMS",,,Nuit avec éclairage allumé,En agglomération,Intersection en X,Normale,Deux véhicules - arrière,,,,,,,,,,,5,2,2,1.0,2
201300023467,0013-01-31 13:20:00,13,1,31,13,20,330,63,"43, CRS DE LA SOMME",,,Plein jour,En agglomération,Hors intersection,Normale,Deux véhicules - côté,,,,,,,,,,,1,2,1,1.0,3
201300023468,0013-01-29 11:00:00,13,1,29,11,0,330,318,"35, AVE JEAN JAURES",,,Plein jour,En agglomération,Intersection en T,Normale,Deux véhicules - arrière,,,,,,,,,,,1,2,3,1.0,2
201300023469,0013-01-21 14:50:00,13,1,21,14,50,330,522,CRS MARECHAL GALLIENI,,,Plein jour,En agglomération,Hors intersection,Pluie forte,Deux véhicules - côté,,,,,,,,,,,1,2,1,3.0,3
201300023470,0013-01-25 09:00:00,13,1,25,9,0,330,318,AVE DE BEUTRE,,,Plein jour,En agglomération,Intersection en T,Normale,Autre collision,,,,,,,,,,,1,2,3,1.0,6
201300023471,0013-01-27 15:00:00,13,1,27,15,0,330,32,"69, RUE GEORGES CLEMENCE",,,Plein jour,En agglomération,Hors intersection,Pluie légère,Deux véhicules - arrière,,,,,,,,,,,1,2,1,2.0,2
201300023472,0013-01-30 10:43:00,13,1,30,10,43,330,119,AVE CARNOT,,,Plein jour,En agglomération,Giratoire,Normale,Deux véhicules - arrière,,,,,,,,,,,1,2,6,1.0,2
201300023473,0013-01-25 20:40:00,13,1,25,20,40,330,318,AVE DE BEUTRE,,,Nuit avec éclairage allumé,En agglomération,Intersection en T,Normale,Deux véhicules - côté,,,,,,,,,,,5,2,3,1.0,3
201300023474,0013-02-02 05:40:00,13,2,2,5,40,330,63,QUAI DE BACALAN,,,Plein jour,En agglomération,Intersection en X,Pluie légère,Deux véhicules - arrière,,,,,,,,,,,1,2,2,2.0,2
201300023475,0013-01-23 13:10:00,13,1,23,13,10,330,39,RUE DU GENERAL FAIDHERBE,,,Plein jour,En agglomération,Intersection en X,Normale,Deux véhicules - côté,,,,,,,,,,,1,2,2,1.0,3
201300023476,0013-02-02 18:15:00,13,2,2,18,15,330,63,"145, RUE JUDAIQUE",,,Plein jour,En agglomération,Intersection en X,Normale,Deux véhicules - côté,,,,,,,,,,,1,2,2,1.0,3
201300023477,0013-02-03 14:15:00,13,2,3,14,15,330,63,"4, QUAI RICHELIEU",,,Plein jour,En agglomération,Hors intersection,Normale,Deux véhicules - côté,,,,,,,,,,,1,2,1,1.0,3
201300023478,0013-02-03 03:15:00,13,2,3,3,15,330,63,QUAI DE PALUDATE,,,Nuit avec éclairage allumé,En agglomération,Intersection en X,Normale,Autre collision,,,,,,,,,,,5,2,2,1.0,6
201300023479,0013-02-01 21:25:00,13,2,1,21,25,330,63,"45, RUE CHARLES DOMERCQ",,,Nuit avec éclairage allumé,En agglomération,Intersection en T,Pluie légère,Autre collision,,,,,,,,,,,5,2,3,2.0,6
201300023480,0013-02-04 17:55:00,13,2,4,17,55,330,63,"88, BD MARECHAL LECLERC",,,Crépuscule ou aube,En agglomération,Hors intersection,Pluie légère,Autre collision,,,,,,,,,,,2,2,1,2.0,6
201300023481,0013-02-05 12:30:00,13,2,5,12,30,330,63,RUE LEO SAIGNAT,,,Plein jour,En agglomération,Hors intersection,Normale,Autre collision,,,,,,,,,,,1,2,1,1.0,6
201300023482,0013-01-28 17:30:00,13,1,28,17,30,330,550,"80, RTE DE LEOGNAN",,,Plein jour,En agglomération,Hors intersection,Pluie légère,Deux véhicules - arrière,,,,,,,,,,,1,2,1,2.0,2
201300023483,0013-01-29 13:55:00,13,1,29,13,55,330,39,RTE DE TOULOUSE,,,Plein jour,En agglomération,Hors intersection,Temps couvert,Trois véhicules et plus - en chaîne,,,,,,,,,,,1,2,1,8.0,4
201300023484,0013-02-06 12:56:00,13,2,6,12,56,330,318,AVE DE GRADIGNAN,,,Plein jour,En agglomération,Intersection à plus de 4 branches,Temps couvert,Deux véhicules - côté,,,,,,,,,,,1,2,5,8.0,3
201300023485,0013-02-04 16:50:00,13,2,4,16,50,330,550,RUE ALTA MAYA,,,Plein jour,En agglomération,Intersection en X,Pluie légère,Autre collision,,,,,,,,,,,1,2,2,2.0,6
201300023486,0013-01-28 10:30:00,13,1,28,10,30,330,318,"157, AVE DE BEUTRE",,,Plein jour,En agglomération,Hors intersection,Normale,Sans collision,,,,,,,,,,,1,2,1,1.0,7
201300023487,0013-02-07 15:00:00,13,2,7,15,0,330,63,RUE DU CHATEAU D'EAU,,,Plein jour,En agglomération,Hors intersection,Normale,Autre collision,,,,,,,,,,,1,2,1,1.0,6
201300023488,0013-02-08 21:50:00,13,2,8,21,50,330,63,CRS DE LA MARNE,,,Nuit avec éclairage allumé,En agglomération,Intersection en X,Normale,Autre collision,,,,,,,,,,,5,2,2,1.0,6
201300023489,0013-02-10 21:20:00,13,2,10,21,20,330,63,"21, CRS DE LA SOMME",,,Nuit avec éclairage allumé,En agglomération,Hors intersection,Pluie légère,Deux véhicules - arrière,,,,,,,,,,,5,2,1,2.0,2
201300023490,0013-02-11 10:05:00,13,2,11,10,5,330,63,RUE BARREYRE,,,Plein jour,En agglomération,Intersection en X,Pluie forte,Deux véhicules - côté,,,,,,,,,,,1,2,2,3.0,3
201300023491,0013-02-11 16:15:00,13,2,11,16,15,330,63,RUE DE MACAU,,,Plein jour,Hors agglomération,Intersection en T,Pluie forte,Autre collision,,,,,,,,,,,1,1,3,3.0,6
201300023492,0013-02-11 10:15:00,13,2,11,10,15,330,63,BD ALIENOR D'AQUITAINE,,,Plein jour,En agglomération,Hors intersection,Pluie forte,Autre collision,,,,,,,,,,,1,2,1,3.0,6
201300023493,0013-02-04 07:45:00,13,2,4,7,45,330,522,"351, CRS DE LA LIBERATIO",,,Plein jour,En agglomération,Hors intersection,Pluie légère,Autre collision,,,,,,,,,,,1,2,1,2.0,6
201300023494,0013-02-11 08:50:00,13,2,11,8,50,330,281,"178, AVE DE L'ARGONNE",,,Plein jour,En agglomération,Hors intersection,Pluie légère,Autre collision,,,,,,,,,,,1,2,1,2.0,6
201300023495,0013-02-09 13:15:00,13,2,9,13,15,330,281,AVE DE L'YSER,,,Plein jour,En agglomération,Intersection en X,Pluie légère,Deux véhicules - côté,,,,,,,,,,,1,2,2,2.0,3
201300023496,0013-02-14 10:30:00,13,2,14,10,30,330,63,RUE FONDAUDEGE,,,Plein jour,En agglomération,Intersection en T,Pluie légère,Autre collision,,,,,,,,,,,1,2,3,2.0,6
201300023497,0013-02-11 07:00:00,13,2,11,7,0,330,318,"142, AVE JEAN JAURES",,,Nuit avec éclairage allumé,En agglomération,Hors intersection,Pluie légère,Autre collision,,,,,,,,,,,5,2,1,2.0,6
201300023498,0013-02-07 17:15:00,13,2,7,17,15,330,162,AVE DU TAILLAN-MEDOC,,,Plein jour,En agglomération,Intersection en T,Normale,Autre collision,,,,,,,,,,,1,2,3,1.0,6
201300023499,0013-02-11 20:10:00,13,2,11,20,10,330,281,AVE RENE CASSIN,,,Nuit avec éclairage allumé,En agglomération,Hors intersection,Pluie légère,Deux véhicules - côté,,,,,,,,,,,5,2,1,2.0,3
201300023500,0013-02-12 17:15:00,13,2,12,17,15,330,281,ALL PRESIDENT RENE COTY,,,Plein jour,En agglomération,Intersection en T,Normale,Autre collision,,,,,,,,,,,1,2,3,1.0,6
201300023501,0013-02-17 21:35:00,13,2,17,21,35,330,63,RUE FRANCOIS DE SOURDIS,,,Nuit avec éclairage allumé,En agglomération,Intersection en X,Normale,Deux véhicules - frontale,,,,,,,,,,,5,2,2,1.0,1
201300023502,0013-02-15 20:05:00,13,2,15,20,5,330,63,"43, BD ANTOINE GAUTIER",,,Nuit avec éclairage allumé,En agglomération,Hors intersection,Normale,Trois véhicules et plus - en chaîne,,,,,,,,,,,5,2,1,1.0,4
201300023503,0013-02-13 18:30:00,13,2,13,18,30,330,281,"284, AVE D'ARES",,,Nuit avec éclairage allumé,En agglomération,Hors intersection,Normale,Deux véhicules - côté,,,,,,,,,,,5,2,1,1.0,3
201300023504,0013-02-10 20:05:00,13,2,10,20,5,330,550,AVE MIRIEU DE LABARRE,,,Nuit avec éclairage allumé,En agglomération,Hors intersection,Pluie légère,Trois véhicules et plus - en chaîne,,,,,,,,,,,5,2,1,2.0,4
201300023505,0013-02-16 17:32:00,13,2,16,17,32,330,63,QUAI DE BACALAN,,,Plein jour,En agglomération,Intersection en X,Normale,Trois véhicules et plus - collisions multiples,,,,,,,,,,,1,2,2,1.0,5
201300023506,0013-02-15 11:35:00,13,2,15,11,35,330,63,RUE DU TONDU,,,Plein jour,En agglomération,Intersection en X,Normale,Deux véhicules - côté,,,,,,,,,,,1,2,2,1.0,3
201300023507,0013-02-14 07:30:00,13,2,14,7,30,330,69,AVE D'EYSINES,,,Plein jour,En agglomération,Hors intersection,Pluie légère,Trois véhicules et plus - en chaîne,,,,,,,,,,,1,2,1,2.0,4
201300023508,0013-02-15 08:00:00,13,2,15,8,0,330,119,AVE RENE CASSAGNE,,,Plein jour,En agglomération,Hors intersection,Normale,Autre collision,,,,,,,,,,,1,2,1,1.0,6