accident_id,datetime,annee,mois,jour,heure,minute,departement,commune_insee,adresse,latitude,longitude,luminosite,agglomeration,intersection,meteo,collision,nb_vehicules,nb_usagers,nb_indemnes,nb_tues,nb_blesses_hosp,nb_blesses_legers,age_cond_1,age_cond_2,veh_type_cond_1,veh_type_cond_2,lum_code,agg_code,int_code,atm_code,col_code
201300023774,0013-06-05 07:20:00,13,6,5,7,20,330,63,"135, RUE PELLEPORT",,,Plein jour,En agglomération,Hors intersection,Normale,Deux véhicules - côté,,,,,,,,,,,1,2,1,1.0,3
201300023775,0013-06-05 18:40:00,13,6,5,18,40,330,63,BD DU PRESIDENT WILSON,,,Plein jour,En agglomération,Intersection en X,Normale,Deux véhicules - côté,,,,,,,,,,,1,2,2,1.0,3
201300023776,0013-06-05 12:45:00,13,6,5,12,45,330,63,QUAI DESCHAMPS,,,Plein jour,En agglomération,Intersection en Y,Normale,Deux véhicules - côté,,,,,,,,,,,1,2,4,1.0,3
201300023777,0013-06-06 16:50:00,13,6,6,16,50,330,63,BD GEORGE V,,,Plein jour,En agglomération,Hors intersection,Normale,Autre collision,,,,,,,,,,,1,2,1,1.0,6
201300023778,0013-05-29 13:55:00,13,5,29,13,55,330,550,"95, RTE DE LEOGNAN",,,Plein jour,En agglomération,Intersection en X,Pluie légère,Deux véhicules - côté,,,,,,,,,,,1,2,2,2.0,3
201300023779,0013-06-02 01:30:00,13,6,2,1,30,330,119,RUE ARISTIDE BRIAND,,,Nuit avec éclairage allumé,En agglomération,Intersection en T,Normale,Deux véhicules - côté,,,,,,,,,,,5,2,3,1.0,3
201300023780,0013-06-08 03:00:00,13,6,8,3,0,330,63,BD DU PRESIDENT WILSON,,,Nuit avec éclairage allumé,En agglomération,Intersection en X,Pluie légère,Deux véhicules - côté,,,,,,,,,,,5,2,2,2.0,3
201300023781,0013-06-07 14:45:00,13,6,7,14,45,330,63,RUE PASTEUR CAUD,,,Plein jour,En agglomération,Intersection en T,Normale,Deux véhicules - côté,,,,,,,,,,,1,2,3,1.0,3
201300023782,0013-06-08 03:00:00,13,6,8,3,0,330,63,"47, CRS D'ALSACE ET LORR",,,Plein jour,En agglomération,Hors intersection,Pluie légère,Sans collision,,,,,,,,,,,1,2,1,2.0,7
201300023783,0013-06-09 01:35:00,13,6,9,1,35,330,63,RD PT DE BRIENNE,,,Nuit avec éclairage allumé,En agglomération,Giratoire,Pluie forte,Deux véhicules - frontale,,,,,,,,,,,5,2,6,3.0,1
201300023784,0013-06-09 02:10:00,13,6,9,2,10,330,39,AVE ALEXIS CAPELLE,,,Nuit avec éclairage allumé,En agglomération,Intersection en X,Pluie forte,Deux véhicules - côté,,,,,,,,,,,5,2,2,3.0,3
201300023785,0013-06-06 09:05:00,13,6,6,9,5,330,281,AVE MARCEL DASSAULT,,,Plein jour,En agglomération,Hors intersection,Normale,Trois véhicules et plus - collisions multiples,,,,,,,,,,,1,2,1,1.0,5
201300023786,0013-06-06 08:30:00,13,6,6,8,30,330,318,AVE PIERRE CASTAING,,,Plein jour,En agglomération,Hors intersection,Normale,Autre collision,,,,,,,,,,,1,2,1,1.0,6
201300023787,0013-06-03 17:40:00,13,6,3,17,40,330,192,GAULLE (CRS DU GENERAL D,,,Plein jour,En agglomération,Intersection en T,Normale,Deux véhicules - arrière,,,,,,,,,,,1,2,3,1.0,2
201300023788,0013-06-03 07:00:00,13,6,3,7,0,330,318,"42, RUE DU BLAYAIS",,,Plein jour,En agglomération,Hors intersection,Normale,Sans collision,,,,,,,,,,,1,2,1,1.0,7
201300023789,0013-06-03 14:58:00,13,6,3,14,58,330,522,RUE CLEMENT THOMAS,,,Plein jour,En agglomération,Intersection en X,Normale,Deux véhicules - côté,,,,,,,,,,,1,2,2,1.0,3
201300023790,0013-06-02 15:35:00,13,6,2,15,35,330,318,AVE DU GENERAL LECLERC,,,Plein jour,En agglomération,Intersection en T,Normale,Autre collision,,,,,,,,,,,1,2,3,1.0,6
201300023791,0013-05-29 09:30:00,13,5,29,9,30,330,522,RUE DE SUZON,,,Plein jour,En agglomération,Intersection en T,Pluie forte,Trois véhicules et plus - collisions multiples,,,,,,,,,,,1,2,3,3.0,5
201300023792,0013-06-12 00:50:00,13,6,12,0,50,330,63,"57, CRS ARISTIDE BRIAND",,,Nuit avec éclairage allumé,En agglomération,Hors intersection,Normale,Deux véhicules - frontale,,,,,,,,,,,5,2,1,1.0,1
201300023793,0013-06-10 09:00:00,13,6,10,9,0,330,281,"118, AVE DE MAGUDAS",,,Plein jour,En agglomération,Hors intersection,Pluie légère,Deux véhicules - côté,,,,,,,,,,,1,2,1,2.0,3
201300023794,0013-06-06 08:00:00,13,6,6,8,0,330,69,AVE DE TIVOLI,,,Plein jour,En agglomération,Giratoire,Normale,Deux véhicules - côté,,,,,,,,,,,1,2,6,1.0,3
201300023795,0013-06-12 13:10:00,13,6,12,13,10,330,63,RUE DE BETHMANN,,,Plein jour,En agglomération,Hors intersection,Normale,Trois véhicules et plus - en chaîne,,,,,,,,,,,1,2,1,1.0,4
201300023796,0013-06-10 08:40:00,13,6,10,8,40,330,13,RN 89,,,Plein jour,En agglomération,Hors intersection,Temps couvert,Deux véhicules - arrière,,,,,,,,,,,1,2,1,8.0,2
201300023797,0013-06-08 08:30:00,13,6,8,8,30,330,162,AVE DE PICOT,,,Plein jour,En agglomération,Hors intersection,Normale,Autre collision,,,,,,,,,,,1,2,1,1.0,6
201300023798,0013-06-07 16:30:00,13,6,7,16,30,330,167,RUE JULES GUESDE,,,Plein jour,En agglomération,Intersection en X,Normale,Autre collision,,,,,,,,,,,1,2,2,1.0,6
201300023799,0013-06-07 12:45:00,13,6,7,12,45,330,167,AVE PASTEUR,,,Plein jour,En agglomération,Intersection en T,Normale,Deux véhicules - frontale,,,,,,,,,,,1,2,3,1.0,1
201300023800,0013-06-11 16:25:00,13,6,11,16,25,330,281,"28, AVE GUSTAVE EIFFEL",,,Plein jour,En agglomération,Hors intersection,Normale,Deux véhicules - côté,,,,,,,,,,,1,2,1,1.0,3
201300023801,0013-06-13 07:20:00,13,6,13,7,20,330,281,RUE FRANCOIS ARAGO,,,Plein jour,En agglomération,Intersection en X,Normale,Deux véhicules - côté,,,,,,,,,,,1,2,2,1.0,3
201300023802,0013-06-11 11:20:00,13,6,11,11,20,330,318,ESP DES ANTILLES,,,Plein jour,En agglomération,Intersection en Y,Normale,Autre collision,,,,,,,,,,,1,2,4,1.0,6
201300023803,0013-06-13 07:06:00,13,6,13,7,6,330,63,CRS DE L'YSER,,,Plein jour,En agglomération,Intersection en T,Normale,Deux véhicules - côté,,,,,,,,,,,1,2,3,1.0,3
201300023804,0013-06-12 12:15:00,13,6,12,12,15,330,63,RUE CLAUDE BONNIER,,,Plein jour,En agglomération,Hors intersection,Normale,Autre collision,,,,,,,,,,,1,2,1,1.0,6
201300023805,0013-06-14 13:30:00,13,6,14,13,30,330,63,"79, BD ALBERT 1ER",,,Plein jour,En agglomération,Intersection en Y,Normale,Deux véhicules - côté,,,,,,,,,,,1,2,4,1.0,3
201300023806,0013-06-15 10:35:00,13,6,15,10,35,330,63,PONT SAINT- JEAN,,,Plein jour,En agglomération,Hors intersection,Normale,Autre collision,,,,,,,,,,,1,2,1,1.0,6
201300023807,0013-06-15 16:20:00,13,6,15,16,20,330,63,QUAI DE LA SOUYS,,,Plein jour,En agglomération,Hors intersection,Normale,Deux véhicules - côté,,,,,,,,,,,1,2,1,1.0,3
201300023808,0013-06-15 05:00:00,13,6,15,5,0,330,13,RN 89,,,Nuit avec éclairage non allumé,En agglomération,Hors intersection,Normale,Autre collision,,,,,,,,,,,4,2,1,1.0,6
201300023809,0013-06-16 01:15:00,13,6,16,1,15,330,63,RUE ESPRIT-DES-LOIS,,,Nuit avec éclairage allumé,En agglomération,Intersection en X,Normale,Deux véhicules - côté,,,,,,,,,,,5,2,2,1.0,3
201300023810,0013-06-16 13:22:00,13,6,16,13,22,330,63,CRS DE LA MARNE,,,Plein jour,En agglomération,Intersection en X,Normale,Autre collision,,,,,,,,,,,1,2,2,1.0,6
201300023811,0013-06-15 11:30:00,13,6,15,11,30,330,281,"495, AVE DE VERDUN",,,Plein jour,En agglomération,Hors intersection,Normale,Deux véhicules - côté,,,,,,,,,,,1,2,1,1.0,3
201300023812,0013-06-12 14:28:00,13,6,12,14,28,330,75,AVE CHARLES DE GAULLE,,,Plein jour,En agglomération,Intersection en T,Normale,Autre collision,,,,,,,,,,,1,2,3,1.0,6
201300023813,0013-06-14 02:24:00,13,6,14,2,24,330,249,RUE DU PIMPIN,,,Nuit avec éclairage allumé,En agglomération,Hors intersection,Pluie légère,Sans collision,,,,,,,,,,,5,2,1,2.0,7
201300023814,0013-06-17 11:45:00,13,6,17,11,45,330,63,"43, CRS VICTOR HUGO",,,Plein jour,En agglomération,Hors intersection,Normale,Autre collision,,,,,,,,,,,1,2,1,1.0,6
201300023815,0013-06-13 16:30:00,13,6,13,16,30,330,249,RUE JEAN ZAY,,,Plein jour,En agglomération,Hors intersection,Pluie légère,Deux véhicules - côté,,,,,,,,,,,1,2,1,2.0,3
201300023816,0013-06-14 08:00:00,13,6,14,8,0,330,318,"5, AVE ANTOINE BECQUEREL",,,Plein jour,En agglomération,Hors intersection,Normale,Deux véhicules - côté,,,,,,,,,,,1,2,1,1.0,3
201300023817,0013-06-18 18:20:00,13,6,18,18,20,330,63,CRS BALGUERIE STUTTENBER,,,Plein jour,En agglomération,Intersection en X,Pluie forte,Deux véhicules - arrière,,,,,,,,,,,1,2,2,3.0,2
201300023818,0013-06-18 05:50:00,13,6,18,5,50,330,63,BD DU PDT FRANKLIN ROOSE,,,Crépuscule ou aube,En agglomération,Intersection en X,Pluie forte,Deux véhicules - côté,,,,,,,,,,,2,2,2,3.0,3
201300023819,0013-06-14 15:00:00,13,6,14,15,0,330,318,"43, AVE DE MADRAN",,,Plein jour,En agglomération,Hors intersection,Normale,Deux véhicules - arrière,,,,,,,,,,,1,2,1,1.0,2
201300023820,0013-06-20 01:10:00,13,6,20,1,10,330,63,"16, ALL DE TOURNY",,,Nuit avec éclairage allumé,En agglomération,Hors intersection,Normale,Autre collision,,,,,,,,,,,5,2,1,1.0,6
201300023821,0013-06-19 06:53:00,13,6,19,6,53,330,281,AVE DE L'ARGONNE,,,Plein jour,En agglomération,Hors intersection,Pluie légère,Deux véhicules - frontale,,,,,,,,,,,1,2,1,2.0,1
201300023822,0013-06-12 13:00:00,13,6,12,13,0,330,192,"5, AVE FAVARD",,,Plein jour,En agglomération,Hors intersection,Normale,Deux véhicules - arrière,,,,,,,,,,,1,2,1,1.0,2
201300023823,0013-06-14 00:10:00,13,6,14,0,10,330,550,RUE FERNAND SOORS,,,Nuit avec éclairage allumé,En agglomération,Giratoire,Pluie légère,Autre collision,,,,,,,,,,,5,2,6,2.0,6
201300023824,0013-06-23 02:52:00,13,6,23,2,52,330,63,"41, RUE ERNEST RENAN",,,Nuit avec éclairage allumé,En agglomération,Intersection en Y,Normale,Autre collision,,,,,,,,,,,5,2,4,1.0,6
201300023825,0013-06-19 11:15:00,13,6,19,11,15,330,281,AVE MARCEL DASSAULT,,,Plein jour,Hors agglomération,Hors intersection,Normale,Deux véhicules - côté,,,,,,,,,,,1,1,1,1.0,3
201300023826,0013-06-14 15:00:00,13,6,14,15,0,330,65,SORTIE ROCADE N? 22,,,Plein jour,En agglomération,Giratoire,Normale,Deux véhicules - côté,,,,,,,,,,,1,2,6,1.0,3
201300023827,0013-06-14 08:50:00,13,6,14,8,50,330,192,"5, NAUDET (RUE )",,,Plein jour,En agglomération,Hors intersection,Normale,Autre collision,,,,,,,,,,,1,2,1,1.0,6
201300023828,0013-06-24 10:04:00,13,6,24,10,4,330,63,PCE DE LA VICTOIRE,,,Plein jour,En agglomération,Hors intersection,Normale,Autre collision,,,,,,,,,,,1,2,1,1.0,6
201300023829,0013-06-24 12:20:00,13,6,24,12,20,330,63,PCE RAVESIES,,,Plein jour,En agglomération,Intersection à plus de 4 branches,Normale,Trois véhicules et plus - collisions multiples,,,,,,,,,,,1,2,5,1.0,5
201300023830,0013-06-24 16:00:00,13,6,24,16,0,330,63,QUAI DES QUEYRIES,,,Plein jour,En agglomération,Intersection en T,Normale,Deux véhicules - côté,,,,,,,,,,,1,2,3,1.0,3
201300023831,0013-06-16 09:00:00,13,6,16,9,0,330,249,AVE DU PRESIDENT J.F. KE,,,Plein jour,En agglomération,Intersection à plus de 4 branches,Normale,Deux véhicules - côté,,,,,,,,,,,1,2,5,1.0,3
201300023832,0013-06-18 06:20:00,13,6,18,6,20,330,281,RUE CAMILLE FLAMMARION,,,Plein jour,En agglomération,Intersection en X,Pluie légère,Deux véhicules - côté,,,,,,,,,,,1,2,2,2.0,3
201300023833,0013-06-25 00:30:00,13,6,25,0,30,330,281,AVE DU MARECHAL LECLERC,,,Nuit avec éclairage allumé,En agglomération,Intersection en T,Normale,Autre collision,,,,,,,,,,,5,2,3,1.0,6
201300023834,0013-06-22 15:45:00,13,6,22,15,45,330,249,RUE JOACHIM DU BELLAY,,,Plein jour,En agglomération,Intersection en X,Normale,Autre collision,,,,,,,,,,,1,2,2,1.0,6
201300023835,0013-06-21 15:40:00,13,6,21,15,40,330,318,AVE DES PROVINCES,,,Plein jour,En agglomération,Giratoire,Pluie légère,Deux véhicules - côté,,,,,,,,,,,1,2,6,2.0,3
201300023836,0013-06-25 20:20:00,13,6,25,20,20,330,63,CRS SAINT LOUIS,,,Plein jour,En agglomération,Hors intersection,Normale,Autre collision,,,,,,,,,,,1,2,1,1.0,6
201300023837,0013-06-18 14:20:00,13,6,18,14,20,330,522,AVE RAYMOND POINCARE,,,Plein jour,En agglomération,Intersection en T,Pluie légère,Autre collision,,,,,,,,,,,1,2,3,2.0,6
201300023838,0013-06-14 12:20:00,13,6,14,12,20,330,522,PASS DES MARGUERITES,,,Plein jour,En agglomération,Intersection en X,Normale,Deux véhicules - côté,,,,,,,,,,,1,2,2,1.0,3
201300023839,0013-06-24 09:25:00,13,6,24,9,25,330,63,"114, AVE THIERS",,,Plein jour,En agglomération,Hors intersection,Normale,Deux véhicules - côté,,,,,,,,,,,1,2,1,1.0,3
201300023840,0013-06-16 10:20:00,13,6,16,10,20,330,192,RTE DE LEOGNAN,,,Plein jour,En agglomération,Intersection en X,Normale,Deux véhicules - côté,,,,,,,,,,,1,2,2,1.0,3
201300023841,0013-06-25 06:45:00,13,6,25,6,45,330,318,RUE DE LA PRINCESSE,,,Crépuscule ou aube,En agglomération,Intersection en X,Normale,Deux véhicules - côté,,,,,,,,,,,2,2,2,1.0,3
201300023842,0013-06-28 07:40:00,13,6,28,7,40,330,63,BD ANTOINE GAUTIER,,,Plein jour,En agglomération,Hors intersection,Normale,Trois véhicules et plus - collisions multiples,,,,,,,,,,,1,2,1,1.0,5
201300023843,0013-06-21 16:00:00,13,6,21,16,0,330,39,RUE DU PRECHE,,,Plein jour,En agglomération,Hors intersection,Pluie légère,Deux véhicules - arrière,,,,,,,,,,,1,2,1,2.0,2
201300023844,0013-06-28 00:30:00,13,6,28,0,30,330,63,CRS D'ALSACE ET LORRAINE,,,Nuit avec éclairage allumé,En agglomération,Intersection en T,Normale,Sans collision,,,,,,,,,,,5,2,3,1.0,7
201300023845,0013-06-27 16:30:00,13,6,27,16,30,330,63,RUE DE VINCENNES,,,Plein jour,En agglomération,Intersection en T,Normale,Autre collision,,,,,,,,,,,1,2,3,1.0,6
201300023846,0013-06-26 15:45:00,13,6,26,15,45,330,119,AVE RENE CASSAGNE,,,Plein jour,En agglomération,Intersection en Y,Normale,Deux véhicules - côté,,,,,,,,,,,1,2,4,1.0,3
201300023847,0013-06-29 15:35:00,13,6,29,15,35,330,281,"0, RUE JACQUES PREVERT",,,Plein jour,En agglomération,Hors intersection,Normale,Autre collision,,,,,,,,,,,1,2,1,1.0,6
201300023848,0013-06-23 01:25:00,13,6,23,1,25,330,39,"79, RUE FERDINAND BUISSO",,,Nuit avec éclairage allumé,En agglomération,Hors intersection,Normale,Autre collision,,,,,,,,,,,5,2,1,1.0,6
201300023849,0013-06-28 15:00:00,13,6,28,15,0,330,63,"183, BD ALBERT 1ER",,,Plein jour,En agglomération,Hors intersection,Normale,Deux véhicules - arrière,,,,,,,,,,,1,2,1,1.0,2
201300023850,0013-07-01 23:15:00,13,7,1,23,15,330,63,RUE DONISSAN,,,Nuit avec éclairage allumé,En agglomération,Intersection en X,Normale,Autre collision,,,,,,,,,,,5,2,2,1.0,6
201300023851,0013-06-29 16:53:00,13,6,29,16,53,330,281,"16, AVE DE L'ALOUETTE",,,Plein jour,En agglomération,Hors intersection,Normale,Autre collision,,,,,,,,,,,1,2,1,1.0,6
201300023852,0013-06-28 13:55:00,13,6,28,13,55,330,281,AVE RENE CASSIN,,,Plein jour,En agglomération,Hors intersection,Normale,Deux véhicules - arrière,,,,,,,,,,,1,2,1,1.0,2
201300023853,0013-06-30 03:25:00,13,6,30,3,25,330,119,"46, AVE JEAN JAURES",,,Nuit avec éclairage allumé,En agglomération,Intersection en X,Normale,Autre collision,,,,,,,,,,,5,2,2,1.0,6
201300023854,0013-07-02 16:00:00,13,7,2,16,0,330,63,QUAI DESCHAMPS,,,Plein jour,En agglomération,Hors intersection,Normale,Autre collision,,,,,,,,,,,1,2,1,1.0,6
201300023855,0013-06-27 19:30:00,13,6,27,19,30,330,249,QUAI CHAIGNEAU BICHON,,,Plein jour,En agglomération,Hors intersection,Normale,Deux véhicules - côté,,,,,,,,,,,1,2,1,1.0,3
201300023856,0013-06-30 13:00:00,13,6,30,13,0,330,249,"18, QUAI NUMA SENSINE",,,Plein jour,En agglomération,Hors intersection,Normale,Autre collision,,,,,,,,,,,1,2,1,1.0,6
201300023857,0013-07-02 16:55:00,13,7,2,16,55,330,63,CRS VICTOR HUGO,,,Plein jour,En agglomération,Intersection en T,Normale,Deux véhicules - côté,,,,,,,,,,,1,2,3,1.0,3
201300023858,0013-06-22 11:20:00,13,6,22,11,20,330,192,RUE DE LOUSTALOT,,,Plein jour,En agglomération,Intersection en X,Normale,Autre collision,,,,,,,,,,,1,2,2,1.0,6
201300023859,0013-07-02 18:37:00,13,7,2,18,37,330,281,"64, AVE DE LA MARNE",,,Plein jour,En agglomération,Hors intersection,Normale,Deux véhicules - côté,,,,,,,,,,,1,2,1,1.0,3
201300023860,0013-07-05 07:45:00,13,7,5,7,45,330,63,"72, RUE PIERRE TREBOD",,,Plein jour,En agglomération,Hors intersection,Normale,Autre collision,,,,,,,,,,,1,2,1,1.0,6
201300023861,0013-07-03 14:40:00,13,7,3,14,40,330,281,AVE DU TRUC,,,Plein jour,En agglomération,Intersection en T,Normale,Deux véhicules - arrière,,,,,,,,,,,1,2,3,1.0,2
201300023862,0013-07-04 13:30:00,13,7,4,13,30,330,63,BD ALFRED DANEY,,,Plein jour,En agglomération,Intersection en Y,Normale,Deux véhicules - arrière,,,,,,,,,,,1,2,4,1.0,2
201300023863,0013-07-04 14:41:00,13,7,4,14,41,330,63,QUAI SAINTE- CROIX,,,Plein jour,En agglomération,Intersection en Y,Normale,Deux véhicules - côté,,,,,,,,,,,1,2,4,1.0,3
201300023864,0013-07-04 15:20:00,13,7,4,15,20,330,63,RUE PEYRONNET,,,Plein jour,En agglomération,Intersection en T,Normale,Deux véhicules - côté,,,,,,,,,,,1,2,3,1.0,3
201300023865,0013-07-04 18:40:00,13,7,4,18,40,330,63,RDPT TOBEEN,,,Plein jour,En agglomération,Giratoire,Normale,Deux véhicules - côté,,,,,,,,,,,1,2,6,1.0,3
201300023866,0013-06-28 18:45:00,13,6,28,18,45,330,550,"451, RTE DE TOULOUSE",,,Plein jour,En agglomération,Hors intersection,Normale,Trois véhicules et plus - en chaîne,,,,,,,,,,,1,2,1,1.0,4
201300023867,0013-07-05 15:30:00,13,7,5,15,30,330,63,CRS CHARLES BRICAUD,,,Plein jour,En agglomération,Intersection en Y,Normale,Deux véhicules - côté,,,,,,,,,,,1,2,4,1.0,3
201300023868,0013-07-05 08:40:00,13,7,5,8,40,330,63,CRS ARISTIDE BRIAND,,,Plein jour,En agglomération,Intersection en X,Normale,Autre collision,,,,,,,,,,,1,2,2,1.0,6
201300023869,0013-07-05 10:40:00,13,7,5,10,40,330,63,RUE D'ENGHIEN,,,Plein jour,En agglomération,Intersection en X,Normale,Deux véhicules - côté,,,,,,,,,,,1,2,2,1.0,3
201300023870,0013-06-28 15:40:00,13,6,28,15,40,330,39,PCE DU BICENTENAIRE,,,Plein jour,En agglomération,Hors intersection,Normale,Autre collision,,,,,,,,,,,1,2,1,1.0,6
201300023871,0013-07-05 21:15:00,13,7,5,21,15,330,63,CRS JULES LADOUMEGUE,,,Plein jour,En agglomération,Hors intersection,Normale,Autre collision,,,,,,,,,,,1,2,1,1.0,6
201300023872,0013-07-03 17:00:00,13,7,3,17,0,330,318,AVE DE MAGELLAN,,,Plein jour,En agglomération,Intersection en X,Pluie légère,Autre collision,,,,,,,,,,,1,2,2,2.0,6
201300023873,0013-07-05 15:00:00,13,7,5,15,0,330,63,RUE DES SABLIERES,,,Plein jour,En agglomération,Intersection en T,Normale,Autre collision,,,,,,,,,,,1,2,3,1.0,6
201300023874,0013-07-06 09:00:00,13,7,6,9,0,330,63,RUE PROFESSEUR VINCENT,,,Plein jour,En agglomération,Intersection en T,Normale,Autre collision,,,,,,,,,,,1,2,3,1.0,6
201300023875,0013-07-08 14:20:00,13,7,8,14,20,330,63,ALL DES PASTEURINES CAUD,,,Plein jour,En agglomération,Hors intersection,Normale,Deux véhicules - côté,,,,,,,,,,,1,2,1,1.0,3
201300023876,0013-07-08 08:40:00,13,7,8,8,40,330,63,"49, RUE MILLIERE",,,Plein jour,En agglomération,Intersection en T,Normale,Deux véhicules - côté,,,,,,,,,,,1,2,3,1.0,3
201300023877,0013-07-03 10:50:00,13,7,3,10,50,330,550,RTE DE TOULOUSE,,,Plein jour,En agglomération,Intersection en T,Normale,Deux véhicules - côté,,,,,,,,,,,1,2,3,1.0,3
201300023878,0013-07-06 07:45:00,13,7,6,7,45,330,281,"128, AVE DE L'ARGONNE",,,Plein jour,En agglomération,Hors intersection,Normale,Deux véhicules - côté,,,,,,,,,,,1,2,1,1.0,3
201300023879,0013-07-07 06:30:00,13,7,7,6,30,330,318,"58TER, AVE DE SAIGE",,,Nuit avec éclairage allumé,En agglomération,Hors intersection,Normale,Autre collision,,,,,,,,,,,5,2,1,1.0,6
201300023880,0013-07-09 11:25:00,13,7,9,11,25,330,63,"92, CRS DE VERDUN",,,Plein jour,En agglomération,Intersection en T,Normale,Autre collision,,,,,,,,,,,1,2,3,1.0,6
201300023881,0013-07-06 20:57:00,13,7,6,20,57,330,119,AVE JEAN JAURES,,,Plein jour,En agglomération,Intersection en X,Normale,Deux véhicules - arrière,,,,,,,,,,,1,2,2,1.0,2
201300023882,0013-07-10 14:10:00,13,7,10,14,10,330,63,CRS DU RACCORDEMENT,,,Plein jour,En agglomération,Intersection en X,Normale,Deux véhicules - côté,,,,,,,,,,,1,2,2,1.0,3
201300023883,0013-07-09 12:00:00,13,7,9,12,0,330,13,RN 89,,,Plein jour,En agglomération,Hors intersection,Normale,Trois véhicules et plus - collisions multiples,,,,,,,,,,,1,2,1,1.0,5
201300023884,0013-07-05 13:10:00,13,7,5,13,10,330,39,RUE ALEXIS LABRO,,,Plein jour,En agglomération,Intersection en T,Normale,Deux véhicules - côté,,,,,,,,,,,1,2,3,1.0,3
201300023885,0013-07-13 00:01:00,13,7,13,0,1,330,63,CRS JULES LADOUMEGUE,,,Nuit avec éclairage allumé,En agglomération,Hors intersection,Normale,Autre collision,,,,,,,,,,,5,2,1,1.0,6
201300023886,0013-06-24 19:30:00,13,6,24,19,30,330,63,BD ALBERT 1ER,,,Plein jour,En agglomération,Intersection à plus de 4 branches,Normale,Deux véhicules - côté,,,,,,,,,,,1,2,5,1.0,3
201300023887,0013-07-12 11:20:00,13,7,12,11,20,330,63,RUE JEAN RENAUD DANDICOL,,,Plein jour,En agglomération,Intersection en X,Normale,Deux véhicules - arrière,,,,,,,,,,,1,2,2,1.0,2
201300023888,0013-07-15 10:40:00,13,7,15,10,40,330,63,"21, RUE TAUDIN CAUD",,,Plein jour,En agglomération,Intersection en Y,Normale,Autre collision,,,,,,,,,,,1,2,4,1.0,6
201300023889,0013-07-08 09:25:00,13,7,8,9,25,330,192,"9, PCE BERNARD ROUMEGOUX",,,Plein jour,En agglomération,Intersection en X,Normale,Autre collision,,,,,,,,,,,1,2,2,1.0,6
201300023890,0013-07-16 21:55:00,13,7,16,21,55,330,63,BD DU PRESIDENT WILSON,,,Plein jour,En agglomération,Hors intersection,Normale,Autre collision,,,,,,,,,,,1,2,1,1.0,6
201300023891,0013-07-14 14:00:00,13,7,14,14,0,330,281,AVE FRANCOIS MITTERRAND,,,Plein jour,En agglomération,Giratoire,Normale,Deux véhicules - côté,,,,,,,,,,,1,2,6,1.0,3
201300023892,0013-07-10 19:05:00,13,7,10,19,5,330,249,AVE DE LA LIBERATION,,,Plein jour,En agglomération,Hors intersection,Normale,Autre collision,,,,,,,,,,,1,2,1,1.0,6
201300023893,0013-07-16 20:30:00,13,7,16,20,30,330,63,PCE BIR HAKEIM,,,Plein jour,En agglomération,Intersection en X,Normale,Autre collision,,,,,,,,,,,1,2,2,1.0,6
201300023894,0013-07-12 17:55:00,13,7,12,17,55,330,550,CHEM DU PAS DE LA COTE,,,Plein jour,En agglomération,Hors intersection,Normale,Trois véhicules et plus - collisions multiples,,,,,,,,,,,1,2,1,1.0,5
201300023895,0013-07-12 11:30:00,13,7,12,11,30,330,318,AVE MARC DESBATS,,,Plein jour,En agglomération,Intersection en X,Normale,Trois véhicules et plus - collisions multiples,,,,,,,,,,,1,2,2,1.0,5
201300023896,0013-07-16 21:15:00,13,7,16,21,15,330,167,RUE SALVADOR ALLENDE,,,Crépuscule ou aube,En agglomération,Intersection en X,Normale,Deux véhicules - côté,,,,,,,,,,,2,2,2,1.0,3
201300023897,0013-07-12 15:40:00,13,7,12,15,40,330,39,"91, QUAI DU PRESIDENT WI",,,Plein jour,En agglomération,Hors intersection,Normale,Deux véhicules - arrière,,,,,,,,,,,1,2,1,1.0,2
201300023898,0013-07-18 09:00:00,13,7,18,9,0,330,63,CRS DU MEDOC,,,Plein jour,En agglomération,Intersection en X,Normale,Deux véhicules - côté,,,,,,,,,,,1,2,2,1.0,3
201300023899,0013-07-13 14:10:00,13,7,13,14,10,330,318,"18, RUE VILLENEUVE",,,Plein jour,En agglomération,Intersection en T,Normale,Autre collision,,,,,,,,,,,1,2,3,1.0,6
201300023900,0013-07-17 16:25:00,13,7,17,16,25,330,281,AVE DE MAGUDAS,,,Plein jour,En agglomération,Hors intersection,Normale,Deux véhicules - côté,,,,,,,,,,,1,2,1,1.0,3
201300023901,0013-07-21 10:40:00,13,7,21,10,40,330,63,RUE DE SEM,,,Plein jour,En agglomération,Hors intersection,Normale,Deux véhicules - arrière,,,,,,,,,,,1,2,1,1.0,2
201300023902,0013-07-18 11:00:00,13,7,18,11,0,330,200,AVE DE MAGUDAS,,,Plein jour,En agglomération,Hors intersection,Normale,Trois véhicules et plus - en chaîne,,,,,,,,,,,1,2,1,1.0,4
201300023903,0013-07-21 22:15:00,13,7,21,22,15,330,63,ALL MIRABEAU CAUD,,,Nuit avec éclairage allumé,En agglomération,Intersection à plus de 4 branches,Normale,Deux véhicules - côté,,,,,,,,,,,5,2,5,1.0,3
201300023904,0013-07-19 17:40:00,13,7,19,17,40,330,63,"264, AVE DE LA REPUBLIQU",,,Plein jour,En agglomération,Hors intersection,Normale,Deux véhicules - côté,,,,,,,,,,,1,2,1,1.0,3
201300023905,0013-07-21 15:52:00,13,7,21,15,52,330,281,AVE MARCEL DASSAULT,,,Plein jour,Hors agglomération,Hors intersection,Normale,Deux véhicules - frontale,,,,,,,,,,,1,1,1,1.0,1
201300023906,0013-07-18 10:50:00,13,7,18,10,50,330,318,AVE DU PONT DE L'ORIENT,,,Plein jour,En agglomération,Intersection en X,Normale,Deux véhicules - côté,,,,,,,,,,,1,2,2,1.0,3