accident_id,datetime,annee,mois,jour,heure,minute,departement,commune_insee,adresse,latitude,longitude,luminosite,agglomeration,intersection,meteo,collision,nb_vehicules,nb_usagers,nb_indemnes,nb_tues,nb_blesses_hosp,nb_blesses_legers,age_cond_1,age_cond_2,veh_type_cond_1,veh_type_cond_2,lum_code,agg_code,int_code,atm_code,col_code
201300023907,0013-07-22 16:30:00,13,7,22,16,30,330,63,BD ALFRED DANEY,,,Plein jour,En agglomération,Intersection en X,Normale,Deux véhicules - arrière,,,,,,,,,,,1,2,2,1.0,2
201300023908,0013-07-23 06:35:00,13,7,23,6,35,330,63,RUE JUDAIQUE,,,Crépuscule ou aube,En agglomération,Intersection en X,Normale,Autre collision,,,,,,,,,,,2,2,2,1.0,6
201300023909,0013-07-22 10:45:00,13,7,22,10,45,330,281,"70, RUE DU JARD",,,Plein jour,En agglomération,Intersection en T,Normale,Trois véhicules et plus - en chaîne,,,,,,,,,,,1,2,3,1.0,4
201300023910,0013-07-20 19:00:00,13,7,20,19,0,330,281,"56, AVE MARCEL DASSAULT",,,Plein jour,En agglomération,Hors intersection,Normale,Autre collision,,,,,,,,,,,1,2,1,1.0,6
201300023911,0013-07-23 14:30:00,13,7,23,14,30,330,281,"6, RUE APOLLO",,,Plein jour,En agglomération,Hors intersection,Normale,Autre collision,,,,,,,,,,,1,2,1,1.0,6
201300023912,0013-07-24 18:20:00,13,7,24,18,20,330,63,"120, RUE GEORGES BONNAC",,,Plein jour,En agglomération,Hors intersection,Normale,Sans collision,,,,,,,,,,,1,2,1,1.0,7
201300023913,0013-07-24 18:20:00,13,7,24,18,20,330,63,CRS DE LA MARNE,,,Plein jour,En agglomération,Intersection en X,Normale,Deux véhicules - côté,,,,,,,,,,,1,2,2,1.0,3
201300023914,0013-07-19 11:39:00,13,7,19,11,39,330,550,RUE NICOLAS APPERT,,,Plein jour,En agglomération,Hors intersection,Normale,Autre collision,,,,,,,,,,,1,2,1,1.0,6
201300023915,0013-07-25 22:25:00,13,7,25,22,25,330,63,"110, CRS DE L'YSER",,,Nuit avec éclairage allumé,Hors agglomération,Intersection en X,Normale,Deux véhicules - côté,,,,,,,,,,,5,1,2,1.0,3
201300023916,0013-07-21 00:20:00,13,7,21,0,20,330,39,AVE ROGER SALENGRO,,,Nuit avec éclairage allumé,En agglomération,Giratoire,Normale,Deux véhicules - côté,,,,,,,,,,,5,2,6,1.0,3
201300023917,0013-07-25 20:40:00,13,7,25,20,40,330,63,BD ALFRED DANEY,,,Plein jour,En agglomération,Hors intersection,Normale,Deux véhicules - arrière,,,,,,,,,,,1,2,1,1.0,2
201300023918,0013-07-16 10:45:00,13,7,16,10,45,330,550,RUE ANDRE BOURVIL,,,Plein jour,En agglomération,Intersection en T,Normale,Deux véhicules - côté,,,,,,,,,,,1,2,3,1.0,3
201300023919,0013-07-26 10:40:00,13,7,26,10,40,330,63,"35-37, CRS VICTOR HUGO",,,Plein jour,En agglomération,Intersection en T,Normale,Deux véhicules - arrière,,,,,,,,,,,1,2,3,1.0,2
201300023920,0013-07-25 12:15:00,13,7,25,12,15,330,281,AVE RENE CASSIN,,,Plein jour,En agglomération,Giratoire,Normale,Autre collision,,,,,,,,,,,1,2,6,1.0,6
201300023921,0013-07-26 12:00:00,13,7,26,12,0,330,69,AVE DE LA LIBERATION-CH.,,,Plein jour,En agglomération,Intersection en X,Pluie légère,Deux véhicules - côté,,,,,,,,,,,1,2,2,2.0,3
201300023922,0013-07-21 20:00:00,13,7,21,20,0,330,63,RUE DE LA MISSION DU HAU,,,Plein jour,En agglomération,Giratoire,Normale,Deux véhicules - côté,,,,,,,,,,,1,2,6,1.0,3
201300023923,0013-07-19 11:20:00,13,7,19,11,20,330,522,CRS DE LA LIBERATION,,,Plein jour,En agglomération,Intersection en Y,Normale,Trois véhicules et plus - collisions multiples,,,,,,,,,,,1,2,4,1.0,5
201300023924,0013-07-26 16:20:00,13,7,26,16,20,330,63,VOIE D'ACCES PONT SAINT,,,Plein jour,En agglomération,Intersection en T,Normale,Deux véhicules - arrière,,,,,,,,,,,1,2,3,1.0,2
201300023925,0013-07-24 07:05:00,13,7,24,7,5,330,65,D 113,,,Plein jour,En agglomération,Intersection à plus de 4 branches,Normale,Deux véhicules - côté,,,,,,,,,,,1,2,5,1.0,3
201300023926,0013-07-24 05:55:00,13,7,24,5,55,330,318,ALL MAINE DE BIRAN,,,Crépuscule ou aube,En agglomération,Intersection en X,Normale,Deux véhicules - côté,,,,,,,,,,,2,2,2,1.0,3
201300023927,0013-07-29 16:00:00,13,7,29,16,0,330,63,RUE MOUNEYRA,,,Plein jour,En agglomération,Intersection en X,Normale,Deux véhicules - côté,,,,,,,,,,,1,2,2,1.0,3
201300023928,0013-07-23 21:20:00,13,7,23,21,20,330,119,"135, AVE RENE CASSAGNE",,,Crépuscule ou aube,En agglomération,Giratoire,Normale,Deux véhicules - arrière,,,,,,,,,,,2,2,6,1.0,2
201300023929,0013-07-31 07:55:00,13,7,31,7,55,330,63,RUE MOUNEYRA,,,Plein jour,En agglomération,Intersection en X,Normale,Autre collision,,,,,,,,,,,1,2,2,1.0,6
201300023930,0013-08-01 16:55:00,13,8,1,16,55,330,63,AVE DE LABARDE,,,Plein jour,En agglomération,Intersection en T,Normale,Deux véhicules - côté,,,,,,,,,,,1,2,3,1.0,3
201300023931,0013-07-25 17:10:00,13,7,25,17,10,330,522,RTE DE TOULOUSE,,,Plein jour,En agglomération,Giratoire,Normale,Deux véhicules - côté,,,,,,,,,,,1,2,6,1.0,3
201300023932,0013-07-25 15:00:00,13,7,25,15,0,330,522,"453, CRS DE LA LIBERATIO",,,Plein jour,En agglomération,Hors intersection,Normale,Deux véhicules - côté,,,,,,,,,,,1,2,1,1.0,3
201300023933,0013-07-31 02:50:00,13,7,31,2,50,330,281,AVE MARCEL DASSAULT,,,Nuit avec éclairage allumé,En agglomération,Hors intersection,Normale,Autre collision,,,,,,,,,,,5,2,1,1.0,6
201300023934,0013-07-31 16:45:00,13,7,31,16,45,330,281,"34, AVE GUSTAVE EIFFEL",,,Plein jour,En agglomération,Hors intersection,Normale,Deux véhicules - côté,,,,,,,,,,,1,2,1,1.0,3
201300023935,0013-07-31 08:05:00,13,7,31,8,5,330,318,RUE ALBERT LAURENSON,,,Plein jour,En agglomération,Intersection en T,Normale,Deux véhicules - côté,,,,,,,,,,,1,2,3,1.0,3
201300023936,0013-07-31 18:15:00,13,7,31,18,15,330,13,RN 89,,,Plein jour,Hors agglomération,Hors intersection,Normale,Deux véhicules - côté,,,,,,,,,,,1,1,1,1.0,3
201300023937,0013-07-29 09:50:00,13,7,29,9,50,330,192,RUE SAINT-FRANCOIS XAVIE,,,Plein jour,En agglomération,Giratoire,Normale,Deux véhicules - côté,,,,,,,,,,,1,2,6,1.0,3
201300023938,0013-08-01 09:11:00,13,8,1,9,11,330,318,RUE DE LA POUDRIERE,,,Plein jour,En agglomération,Intersection en X,Normale,Deux véhicules - côté,,,,,,,,,,,1,2,2,1.0,3
201300023939,0013-08-04 17:20:00,13,8,4,17,20,330,63,QUAI DES CHARTRONS,,,Plein jour,En agglomération,Intersection en T,Normale,Deux véhicules - arrière,,,,,,,,,,,1,2,3,1.0,2
201300023940,0013-07-27 16:25:00,13,7,27,16,25,330,39,RUE ALBERT THOMAS,,,Plein jour,En agglomération,Intersection en X,Normale,Trois véhicules et plus - en chaîne,,,,,,,,,,,1,2,2,1.0,4
201300023941,0013-07-30 18:05:00,13,7,30,18,5,330,39,RUE LAPELLETERIE,,,Plein jour,En agglomération,Intersection en Y,Normale,Deux véhicules - côté,,,,,,,,,,,1,2,4,1.0,3
201300023942,0013-08-02 16:30:00,13,8,2,16,30,330,63,"53, BD GEORGES POMPIDOU",,,Plein jour,En agglomération,Hors intersection,Normale,Deux véhicules - frontale,,,,,,,,,,,1,2,1,1.0,1
201300023943,0013-08-05 06:00:00,13,8,5,6,0,330,63,"41, RUE DE TAUZIA",,,Nuit avec éclairage allumé,En agglomération,Hors intersection,Normale,Autre collision,,,,,,,,,,,5,2,1,1.0,6
201300023944,0013-08-02 23:25:00,13,8,2,23,25,330,63,"378, BD DU PRESIDENT WIL",,,Nuit avec éclairage allumé,En agglomération,Hors intersection,Temps couvert,Autre collision,,,,,,,,,,,5,2,1,8.0,6
201300023945,0013-07-27 11:55:00,13,7,27,11,55,330,63,CRS MARC NOUAUX,,,Plein jour,En agglomération,Intersection en T,Normale,Deux véhicules - côté,,,,,,,,,,,1,2,3,1.0,3
201300023946,0013-08-03 10:00:00,13,8,3,10,0,330,281,"44, AVE DE L'ARGONNE",,,Plein jour,En agglomération,Hors intersection,Normale,Deux véhicules - côté,,,,,,,,,,,1,2,1,1.0,3
201300023947,0013-08-01 10:00:00,13,8,1,10,0,330,32,AVE DES GRIFFONS,,,Plein jour,En agglomération,Intersection en T,Normale,Deux véhicules - côté,,,,,,,,,,,1,2,3,1.0,3
201300023948,0013-08-04 15:00:00,13,8,4,15,0,330,318,AVE DU BOURGAILH,,,Plein jour,En agglomération,Intersection en X,Normale,Deux véhicules - côté,,,,,,,,,,,1,2,2,1.0,3
201300023949,0013-08-04 22:35:00,13,8,4,22,35,330,281,"28, AVE MARCEL DASSAULT",,,Nuit avec éclairage allumé,En agglomération,Hors intersection,Normale,Autre collision,,,,,,,,,,,5,2,1,1.0,6
201300023950,0013-08-08 16:30:00,13,8,8,16,30,330,63,CRS DE VERDUN,,,Plein jour,En agglomération,Hors intersection,Normale,Autre collision,,,,,,,,,,,1,2,1,1.0,6
201300023951,0013-08-06 15:30:00,13,8,6,15,30,330,318,AVE DU BOURGAILH,,,Plein jour,En agglomération,Intersection en X,Normale,Deux véhicules - côté,,,,,,,,,,,1,2,2,1.0,3
201300023952,0013-08-06 09:30:00,13,8,6,9,30,330,281,AVE RENE CASSIN,,,Plein jour,En agglomération,Hors intersection,Normale,Sans collision,,,,,,,,,,,1,2,1,1.0,7
201300023953,0013-08-12 13:55:00,13,8,12,13,55,330,63,BD ANTOINE GAUTIER,,,Plein jour,En agglomération,Intersection en T,Normale,Deux véhicules - côté,,,,,,,,,,,1,2,3,1.0,3
201300023954,0013-08-06 05:58:00,13,8,6,5,58,330,522,RUE LAMARTINE,,,Plein jour,En agglomération,Intersection en X,Normale,Deux véhicules - côté,,,,,,,,,,,1,2,2,1.0,3
201300023955,0013-08-09 18:20:00,13,8,9,18,20,330,281,AVE ARISTIDE BRIAND,,,Plein jour,En agglomération,Intersection en X,Normale,Deux véhicules - arrière,,,,,,,,,,,1,2,2,1.0,2
201300023956,0013-08-04 17:30:00,13,8,4,17,30,330,550,CHEM GASTON,,,Plein jour,En agglomération,Hors intersection,Normale,Deux véhicules - côté,,,,,,,,,,,1,2,1,1.0,3
201300023957,0013-08-08 11:20:00,13,8,8,11,20,330,249,"4, AVE DE LA LIBERATION",,,Plein jour,En agglomération,Hors intersection,Normale,Autre collision,,,,,,,,,,,1,2,1,1.0,6
201300023958,0013-08-01 15:50:00,13,8,1,15,50,330,200,AVE PASTEUR,,,Plein jour,En agglomération,Intersection en T,Normale,Deux véhicules - arrière,,,,,,,,,,,1,2,3,1.0,2
201300023959,0013-08-08 11:05:00,13,8,8,11,5,330,281,AVE ROLAND GARROS,,,Plein jour,En agglomération,Hors intersection,Normale,Deux véhicules - arrière,,,,,,,,,,,1,2,1,1.0,2
201300023960,0013-08-07 17:15:00,13,8,7,17,15,330,522,AVE DE LA GARE,,,Plein jour,En agglomération,Hors intersection,Pluie légère,Deux véhicules - côté,,,,,,,,,,,1,2,1,2.0,3
201300023961,0013-08-13 16:05:00,13,8,13,16,5,330,63,ALL DE BOUTAUT,,,Plein jour,En agglomération,Intersection en X,Normale,Trois véhicules et plus - collisions multiples,,,,,,,,,,,1,2,2,1.0,5
201300023962,0013-08-05 11:50:00,13,8,5,11,50,330,69,BD PIERRE 1ER,,,Plein jour,En agglomération,Intersection en T,Normale,Deux véhicules - arrière,,,,,,,,,,,1,2,3,1.0,2
201300023963,0013-08-15 20:10:00,13,8,15,20,10,330,63,"18, QUAI DE LA MONNAIE",,,Plein jour,En agglomération,Hors intersection,Normale,Deux véhicules - arrière,,,,,,,,,,,1,2,1,1.0,2
201300023964,0013-08-10 13:40:00,13,8,10,13,40,330,249,"2, AVE DE LA LIBERATION",,,Plein jour,En agglomération,Intersection en X,Normale,Autre collision,,,,,,,,,,,1,2,2,1.0,6
201300023965,0013-08-16 13:15:00,13,8,16,13,15,330,63,"22, RUE VITAL CARLES",,,Plein jour,En agglomération,Hors intersection,Normale,Deux véhicules - arrière,,,,,,,,,,,1,2,1,1.0,2
201300023966,0013-08-18 18:05:00,13,8,18,18,5,330,63,CRS DE LA MARNE,,,Plein jour,En agglomération,Intersection en X,Normale,Deux véhicules - côté,,,,,,,,,,,1,2,2,1.0,3
201300023967,0013-08-18 07:00:00,13,8,18,7,0,330,192,RTE DE LEOGNAN,,,Crépuscule ou aube,En agglomération,Giratoire,Normale,Sans collision,,,,,,,,,,,2,2,6,1.0,7
201300023968,0013-08-21 16:20:00,13,8,21,16,20,330,167,AVE HUBERT DUBEDOUT,,,Plein jour,En agglomération,Intersection en X,Normale,Deux véhicules - côté,,,,,,,,,,,1,2,2,1.0,3
201300023969,0013-08-20 01:45:00,13,8,20,1,45,330,281,AVE DU 8 MAI 1945,,,Nuit avec éclairage allumé,En agglomération,Intersection en Y,Normale,Autre collision,,,,,,,,,,,5,2,4,1.0,6
201300023970,0013-08-17 21:20:00,13,8,17,21,20,330,281,RUE DU PRADAS,,,Crépuscule ou aube,En agglomération,Intersection en T,Normale,Sans collision,,,,,,,,,,,2,2,3,1.0,7
201300023971,0013-08-14 14:00:00,13,8,14,14,0,330,281,AVE PRESIDENT J.F. KENNE,,,Plein jour,En agglomération,Intersection en Y,Normale,Deux véhicules - arrière,,,,,,,,,,,1,2,4,1.0,2
201300023972,0013-08-20 13:50:00,13,8,20,13,50,330,63,PCE RAVESIES,,,Plein jour,En agglomération,Giratoire,Normale,Trois véhicules et plus - en chaîne,,,,,,,,,,,1,2,6,1.0,4
201300023973,0013-08-13 15:00:00,13,8,13,15,0,330,13,AVE DU PERIGORD,,,Plein jour,En agglomération,Hors intersection,Normale,Deux véhicules - côté,,,,,,,,,,,1,2,1,1.0,3
201300023974,0013-08-20 15:20:00,13,8,20,15,20,330,63,CRS GEORGES CLEMENCEAU,,,Plein jour,En agglomération,Hors intersection,Normale,Deux véhicules - arrière,,,,,,,,,,,1,2,1,1.0,2
201300023975,0013-08-21 16:50:00,13,8,21,16,50,330,63,"38, RUE DE LA LIBERTE CA",,,Plein jour,En agglomération,Hors intersection,Normale,Deux véhicules - frontale,,,,,,,,,,,1,2,1,1.0,1
201300023976,0013-08-22 10:20:00,13,8,22,10,20,330,63,BD DES FRERES MOGA,,,Plein jour,En agglomération,Intersection en Y,Normale,Autre collision,,,,,,,,,,,1,2,4,1.0,6
201300023977,0013-08-22 15:30:00,13,8,22,15,30,330,63,RUE DE BEGLES,,,Plein jour,En agglomération,Intersection en T,Normale,Autre collision,,,,,,,,,,,1,2,3,1.0,6
201300023978,0013-08-22 09:25:00,13,8,22,9,25,330,63,BD DU PRESIDENT WILSON,,,Plein jour,En agglomération,Intersection en X,Temps éblouissant,Autre collision,,,,,,,,,,,1,2,2,7.0,6
201300023979,0013-08-25 05:50:00,13,8,25,5,50,330,162,"5, AVE DU MEDOC",,,Nuit avec éclairage allumé,En agglomération,Intersection à plus de 4 branches,Normale,Deux véhicules - frontale,,,,,,,,,,,5,2,5,1.0,1
201300023980,0013-08-14 19:00:00,13,8,14,19,0,330,39,"36, FARVARQUE (Avenue)",,,Plein jour,En agglomération,Hors intersection,Normale,Trois véhicules et plus - en chaîne,,,,,,,,,,,1,2,1,1.0,4
201300023981,0013-08-26 18:30:00,13,8,26,18,30,330,63,QUAI DE LA MONNAIE,,,Plein jour,En agglomération,Intersection en T,Normale,Deux véhicules - côté,,,,,,,,,,,1,2,3,1.0,3
201300023982,0013-08-27 20:45:00,13,8,27,20,45,330,167,AVE DU PDT FRANCOIS MITT,,,Nuit avec éclairage allumé,En agglomération,Hors intersection,Normale,Autre collision,,,,,,,,,,,5,2,1,1.0,6
201300023983,0013-08-25 22:55:00,13,8,25,22,55,330,281,"16, RUE ROLAND DORGELES",,,Nuit avec éclairage allumé,En agglomération,Hors intersection,Normale,Deux véhicules - côté,,,,,,,,,,,5,2,1,1.0,3
201300023984,0013-08-21 19:00:00,13,8,21,19,0,330,63,"62, BD PIERRE 1ER",,,Plein jour,En agglomération,Intersection en X,Normale,Deux véhicules - côté,,,,,,,,,,,1,2,2,1.0,3
201300023985,0013-08-28 22:00:00,13,8,28,22,0,330,63,CRS MARECHAL JUIN,,,Nuit avec éclairage allumé,En agglomération,Intersection en T,Normale,Autre collision,,,,,,,,,,,5,2,3,1.0,6
201300023986,0013-08-28 14:10:00,13,8,28,14,10,330,63,"79, RUE LAGRANGE",,,Plein jour,En agglomération,Hors intersection,Normale,Deux véhicules - côté,,,,,,,,,,,1,2,1,1.0,3
201300023987,0013-08-28 11:00:00,13,8,28,11,0,330,63,AVE DE MIRANDE CAUD,,,Plein jour,En agglomération,Intersection en T,Normale,Deux véhicules - côté,,,,,,,,,,,1,2,3,1.0,3
201300023988,0013-08-30 00:10:00,13,8,30,0,10,330,63,QUAI DESCHAMPS,,,Nuit avec éclairage allumé,En agglomération,Intersection en T,Normale,Deux véhicules - côté,,,,,,,,,,,5,2,3,1.0,3
201300023989,0013-08-27 13:30:00,13,8,27,13,30,330,13,AVE DE VIRECOURT,,,Plein jour,En agglomération,Hors intersection,Normale,Deux véhicules - arrière,,,,,,,,,,,1,2,1,1.0,2
201300023990,0013-08-31 18:30:00,13,8,31,18,30,330,63,RUE CLAUDE BONNIER,,,Plein jour,En agglomération,Hors intersection,Normale,Autre collision,,,,,,,,,,,1,2,1,1.0,6
201300023991,0013-08-30 17:10:00,13,8,30,17,10,330,63,"68, CRS GEORGES CLEMENCE",,,Plein jour,En agglomération,Hors intersection,Normale,Sans collision,,,,,,,,,,,1,2,1,1.0,7
201300023992,0013-08-31 06:05:00,13,8,31,6,5,330,63,"200, RUE GEORGES MANDEL",,,Nuit avec éclairage allumé,En agglomération,Hors intersection,Normale,Autre collision,,,,,,,,,,,5,2,1,1.0,6
201300023993,0013-08-27 11:30:00,13,8,27,11,30,330,318,AVE GUSTAVE EIFFEL,,,Plein jour,En agglomération,Hors intersection,Normale,Deux véhicules - côté,,,,,,,,,,,1,2,1,1.0,3
201300023994,0013-08-31 02:50:00,13,8,31,2,50,330,63,QUAI DES QUEYRIES,,,Nuit avec éclairage allumé,En agglomération,Hors intersection,Normale,Deux véhicules - arrière,,,,,,,,,,,5,2,1,1.0,2
201300023995,0013-08-30 13:00:00,13,8,30,13,0,330,63,"38, RUE TURENNE",,,Plein jour,En agglomération,Hors intersection,Normale,Deux véhicules - côté,,,,,,,,,,,1,2,1,1.0,3
201300023996,0013-08-27 09:30:00,13,8,27,9,30,330,318,AVE DE MAGELLAN,,,Plein jour,En agglomération,Intersection en T,Normale,Autre collision,,,,,,,,,,,1,2,3,1.0,6
201300023997,0013-08-27 20:29:00,13,8,27,20,29,330,119,AVE RENE CASSAGNE,,,Plein jour,En agglomération,Intersection en T,Normale,Deux véhicules - côté,,,,,,,,,,,1,2,3,1.0,3
201300023998,0013-08-27 09:40:00,13,8,27,9,40,330,318,AVE DE CANDAU,,,Nuit avec éclairage allumé,En agglomération,Intersection en X,Normale,Autre collision,,,,,,,,,,,5,2,2,1.0,6
201300023999,0013-09-02 15:20:00,13,9,2,15,20,330,63,", QUAI DE BACALAN",,,Plein jour,En agglomération,Hors intersection,Normale,Deux véhicules - arrière,,,,,,,,,,,1,2,1,1.0,2
201300024000,0013-09-02 15:57:00,13,9,2,15,57,330,63,BD GEORGES POMPIDOU,,,Plein jour,En agglomération,Intersection en X,Normale,Deux véhicules - arrière,,,,,,,,,,,1,2,2,1.0,2
201300024001,0013-09-03 07:50:00,13,9,3,7,50,330,281,"1, ALL DES EYQUEMS",,,Plein jour,En agglomération,Giratoire,Normale,Autre collision,,,,,,,,,,,1,2,6,1.0,6
201300024002,0013-08-30 19:30:00,13,8,30,19,30,330,281,AVE FRANCOIS MITTERRAND,,,Plein jour,En agglomération,Hors intersection,Normale,Deux véhicules - arrière,,,,,,,,,,,1,2,1,1.0,2
201300024003,0013-08-30 20:55:00,13,8,30,20,55,330,281,AVE HENRI BARBUSSE,,,Plein jour,En agglomération,Intersection en X,Normale,Deux véhicules - côté,,,,,,,,,,,1,2,2,1.0,3
201300024004,0013-09-03 11:10:00,13,9,3,11,10,330,63,BD ALFRED DANEY,,,Plein jour,En agglomération,Hors intersection,Normale,Trois véhicules et plus - en chaîne,,,,,,,,,,,1,2,1,1.0,4
201300024005,0013-09-03 13:00:00,13,9,3,13,0,330,63,RUE CHANTECRIT,,,Plein jour,En agglomération,Intersection en X,Normale,Deux véhicules - côté,,,,,,,,,,,1,2,2,1.0,3
201300024006,0013-09-02 15:50:00,13,9,2,15,50,330,281,"3, AVE HENRI BARBUSSE",,,Plein jour,En agglomération,Hors intersection,Normale,Deux véhicules - arrière,,,,,,,,,,,1,2,1,1.0,2
201300024007,0013-08-30 11:00:00,13,8,30,11,0,330,249,AVE DE PARIS,,,Plein jour,En agglomération,Intersection en X,Normale,Deux véhicules - arrière,,,,,,,,,,,1,2,2,1.0,2
201300024008,0013-08-30 13:50:00,13,8,30,13,50,330,318,"31, AVE GUSTAVE EIFFEL",,,Plein jour,En agglomération,Hors intersection,Normale,Deux véhicules - côté,,,,,,,,,,,1,2,1,1.0,3
201300024009,0013-09-05 16:45:00,13,9,5,16,45,330,63,"149, CRS DE LA MARNE",,,Plein jour,En agglomération,Intersection en T,Normale,Autre collision,,,,,,,,,,,1,2,3,1.0,6
201300024010,0013-09-02 10:00:00,13,9,2,10,0,330,63,"164, RUE BERNARD ADOUR C",,,Plein jour,En agglomération,Hors intersection,Normale,Trois véhicules et plus - en chaîne,,,,,,,,,,,1,2,1,1.0,4
201300024011,0013-09-03 10:00:00,13,9,3,10,0,330,13,AVE DE VIRECOURT,,,Plein jour,En agglomération,Intersection en X,Normale,Deux véhicules - arrière,,,,,,,,,,,1,2,2,1.0,2
201300024012,0013-08-30 21:45:00,13,8,30,21,45,330,522,"287, CRS DE LA LIBERATIO",,,Nuit sans éclairage public,En agglomération,Hors intersection,Normale,Autre collision,,,,,,,,,,,3,2,1,1.0,6
201300024013,0013-09-03 10:50:00,13,9,3,10,50,330,13,SORTIE ROCADE N?26,,,Plein jour,Hors agglomération,Hors intersection,Normale,Deux véhicules - arrière,,,,,,,,,,,1,1,1,1.0,2
201300024014,0013-09-06 19:30:00,13,9,6,19,30,330,63,"500, AVE DU MAL DE LATTR",,,Plein jour,En agglomération,Hors intersection,Pluie légère,Deux véhicules - côté,,,,,,,,,,,1,2,1,2.0,3
201300024015,0013-09-06 08:10:00,13,9,6,8,10,330,63,RUE DE LA BENAUGE,,,Plein jour,En agglomération,Intersection à plus de 4 branches,Pluie légère,Deux véhicules - côté,,,,,,,,,,,1,2,5,2.0,3
201300024016,0013-09-07 01:40:00,13,9,7,1,40,330,63,RUE JUDAIQUE,,,Nuit avec éclairage allumé,En agglomération,Intersection en X,Pluie légère,Trois véhicules et plus - collisions multiples,,,,,,,,,,,5,2,2,2.0,5
201300024017,0013-09-06 18:45:00,13,9,6,18,45,330,63,"79, RUE FAMATINA CAUD",,,Crépuscule ou aube,En agglomération,Hors intersection,Normale,Autre collision,,,,,,,,,,,2,2,1,1.0,6
201300024018,0013-09-07 05:00:00,13,9,7,5,0,330,63,"65, CRS D'ALSACE ET LORR",,,Nuit avec éclairage allumé,En agglomération,Intersection en X,Normale,Autre collision,,,,,,,,,,,5,2,2,1.0,6
201300024019,0013-09-06 19:15:00,13,9,6,19,15,330,63,"498, AVE DU MAL DE LATTR",,,Crépuscule ou aube,En agglomération,Intersection en T,Pluie légère,Deux véhicules - côté,,,,,,,,,,,2,2,3,2.0,3
201300024020,0013-09-06 11:20:00,13,9,6,11,20,330,63,CRS ARISTIDE BRIAND,,,Plein jour,En agglomération,Intersection en X,Normale,Autre collision,,,,,,,,,,,1,2,2,1.0,6
201300024021,0013-09-09 22:00:00,13,9,9,22,0,330,39,"133, BD JEAN-JACQUES BOS",,,Nuit avec éclairage allumé,En agglomération,Intersection en T,Pluie légère,Deux véhicules - arrière,,,,,,,,,,,5,2,3,2.0,2
201300024022,0013-09-09 17:05:00,13,9,9,17,5,330,63,RUE LOUIS EMIE,,,Plein jour,En agglomération,Intersection en T,Pluie légère,Autre collision,,,,,,,,,,,1,2,3,2.0,6
201300024023,0013-09-03 20:09:00,13,9,3,20,9,330,550,RTE DE TOULOUSE,,,Plein jour,En agglomération,Intersection en T,Normale,Autre collision,,,,,,,,,,,1,2,3,1.0,6
201300024024,0013-09-03 10:40:00,13,9,3,10,40,330,39,"3, RUE PAULETTE SAUBOUA",,,Plein jour,En agglomération,Hors intersection,Normale,Deux véhicules - frontale,,,,,,,,,,,1,2,1,1.0,1
201300024025,0013-09-10 17:25:00,13,9,10,17,25,330,63,RUE RENE CASSIN,,,Plein jour,En agglomération,Intersection en Y,Normale,Deux véhicules - arrière,,,,,,,,,,,1,2,4,1.0,2
201300024026,0013-09-10 15:30:00,13,9,10,15,30,330,63,CRS DU MARECHAL GALLIENI,,,Plein jour,En agglomération,Giratoire,Normale,Deux véhicules - arrière,,,,,,,,,,,1,2,6,1.0,2
201300024027,0013-09-07 16:15:00,13,9,7,16,15,330,75,RUE ANDRE SARREAU,,,Plein jour,En agglomération,Intersection en T,Normale,Deux véhicules - côté,,,,,,,,,,,1,2,3,1.0,3
201300024028,0013-09-06 16:10:00,13,9,6,16,10,330,318,AVE DE MAGELLAN,,,Plein jour,En agglomération,Intersection en T,Normale,Deux véhicules - arrière,,,,,,,,,,,1,2,3,1.0,2
201300024029,0013-09-03 17:10:00,13,9,3,17,10,330,318,AVE PASTEUR,,,Plein jour,En agglomération,Intersection en T,Normale,Deux véhicules - côté,,,,,,,,,,,1,2,3,1.0,3
201300024030,0013-09-02 07:55:00,13,9,2,7,55,330,318,AVE DE BARDANAC,,,Plein jour,En agglomération,Intersection en Y,Normale,Deux véhicules - côté,,,,,,,,,,,1,2,4,1.0,3
201300024031,0013-09-05 08:20:00,13,9,5,8,20,330,192,CRS DU GENERAL DE GAULLE,,,Plein jour,En agglomération,Intersection en T,Normale,Deux véhicules - arrière,,,,,,,,,,,1,2,3,1.0,2
201300024032,0013-09-05 16:45:00,13,9,5,16,45,330,522,"7, AVE DE L'UNIVERSITE",,,Plein jour,En agglomération,Hors intersection,Normale,Autre collision,,,,,,,,,,,1,2,1,1.0,6
201300024033,0013-09-12 16:50:00,13,9,12,16,50,330,63,CRS DU RACCORDEMENT,,,Plein jour,En agglomération,Intersection à plus de 4 branches,Normale,Deux véhicules - côté,,,,,,,,,,,1,2,5,1.0,3
201300024034,0013-09-14 14:20:00,13,9,14,14,20,330,69,"238, AVE D'EYSINES",,,Plein jour,En agglomération,Hors intersection,Normale,Deux véhicules - frontale,,,,,,,,,,,1,2,1,1.0,1
201300024035,0013-09-11 15:17:00,13,9,11,15,17,330,32,QUAI DE VIAL,,,Plein jour,En agglomération,Giratoire,Normale,Deux véhicules - côté,,,,,,,,,,,1,2,6,1.0,3
201300024036,0013-09-13 15:40:00,13,9,13,15,40,330,63,CRS DU RACCORDEMENT,,,Plein jour,En agglomération,Intersection à plus de 4 branches,Normale,Deux véhicules - côté,,,,,,,,,,,1,2,5,1.0,3
201300024037,0013-09-16 11:00:00,13,9,16,11,0,330,63,CRS DE L'ARGONNE,,,Plein jour,En agglomération,Intersection en X,Pluie légère,Deux véhicules - côté,,,,,,,,,,,1,2,2,2.0,3
201300024038,0013-09-16 10:20:00,13,9,16,10,20,330,63,"10, CRS DE VERDUN",,,Plein jour,En agglomération,Hors intersection,Pluie légère,Autre collision,,,,,,,,,,,1,2,1,2.0,6