accident_id,datetime,annee,mois,jour,heure,minute,departement,commune_insee,adresse,latitude,longitude,luminosite,agglomeration,intersection,meteo,collision,nb_vehicules,nb_usagers,nb_indemnes,nb_tues,nb_blesses_hosp,nb_blesses_legers,age_cond_1,age_cond_2,veh_type_cond_1,veh_type_cond_2,lum_code,agg_code,int_code,atm_code,col_code
201300024039,0013-09-16 09:35:00,13,9,16,9,35,330,63,RUE HERON,,,Plein jour,En agglomération,Intersection en X,Pluie légère,Autre collision,,,,,,,,,,,1,2,2,2.0,6
201300024040,0013-09-10 10:10:00,13,9,10,10,10,330,192,RTE DE LEOGNAN,,,Plein jour,En agglomération,Giratoire,Normale,Deux véhicules - côté,,,,,,,,,,,1,2,6,1.0,3
201300024041,0013-09-13 04:00:00,13,9,13,4,0,330,162,AVE DE SAINT-MEDARD,,,Nuit avec éclairage allumé,En agglomération,Intersection en X,Pluie légère,Sans collision,,,,,,,,,,,5,2,2,2.0,7
201300024042,0013-09-06 21:40:00,13,9,6,21,40,330,318,AVE ROGER COHE,,,Crépuscule ou aube,En agglomération,Intersection en X,Normale,Autre collision,,,,,,,,,,,2,2,2,1.0,6
201300024043,0013-09-10 12:20:00,13,9,10,12,20,330,281,AVE DE VERDUN,,,Plein jour,En agglomération,Intersection à plus de 4 branches,Normale,Autre collision,,,,,,,,,,,1,2,5,1.0,6
201300024044,0013-09-12 18:05:00,13,9,12,18,5,330,63,"20, RUE RICHELIEU CAUD",,,Crépuscule ou aube,En agglomération,Hors intersection,Pluie légère,Deux véhicules - arrière,,,,,,,,,,,2,2,1,2.0,2
201300024045,0013-09-17 22:10:00,13,9,17,22,10,330,63,"33, RUE DES FRERES BONIE",,,Nuit avec éclairage allumé,En agglomération,Intersection en X,Pluie légère,Autre collision,,,,,,,,,,,5,2,2,2.0,6
201300024046,0013-09-17 08:50:00,13,9,17,8,50,330,63,", RUE DUFFOUR DUBERGIER",,,Plein jour,En agglomération,Hors intersection,Normale,Autre collision,,,,,,,,,,,1,2,1,1.0,6
201300024047,0013-09-18 07:30:00,13,9,18,7,30,330,63,RUE ESPRIT-DES-LOIS,,,Plein jour,En agglomération,Intersection en X,Pluie forte,Deux véhicules - arrière,,,,,,,,,,,1,2,2,3.0,2
201300024048,0013-09-18 16:45:00,13,9,18,16,45,330,63,AVE DE TOURVILLE,,,Plein jour,En agglomération,Giratoire,Pluie légère,Deux véhicules - côté,,,,,,,,,,,1,2,6,2.0,3
201300024049,0013-09-18 08:47:00,13,9,18,8,47,330,63,RUE GUADET,,,Plein jour,En agglomération,Intersection en X,Normale,Autre collision,,,,,,,,,,,1,2,2,1.0,6
201300024050,0013-09-13 08:00:00,13,9,13,8,0,330,318,"19, AVE DES ERABLES",,,Plein jour,En agglomération,Hors intersection,Normale,Autre collision,,,,,,,,,,,1,2,1,1.0,6
201300024051,0013-09-18 08:55:00,13,9,18,8,55,330,39,BD ALBERT 1ER,,,Plein jour,En agglomération,Intersection à plus de 4 branches,Normale,Trois véhicules et plus - collisions multiples,,,,,,,,,,,1,2,5,1.0,5
201300024052,0013-09-18 09:00:00,13,9,18,9,0,330,63,RUE ESPRIT-DES-LOIS,,,Plein jour,En agglomération,Intersection en T,Pluie légère,Deux véhicules - côté,,,,,,,,,,,1,2,3,2.0,3
201300024053,0013-09-19 12:55:00,13,9,19,12,55,330,63,"80, RUE CHARLES CHAUMET",,,Plein jour,En agglomération,Hors intersection,Normale,Deux véhicules - côté,,,,,,,,,,,1,2,1,1.0,3
201300024054,0013-09-15 21:00:00,13,9,15,21,0,330,162,AVE DU MEDOC,,,Nuit avec éclairage allumé,En agglomération,Intersection en X,Normale,Deux véhicules - côté,,,,,,,,,,,5,2,2,1.0,3
201300024055,0013-09-11 10:47:00,13,9,11,10,47,330,522,RUE HENRY DE MONTHERLANT,,,Plein jour,En agglomération,Intersection en T,Normale,Autre collision,,,,,,,,,,,1,2,3,1.0,6
201300024056,0013-09-17 15:30:00,13,9,17,15,30,330,281,RUE ALESSANDRO VOLTA,,,Plein jour,En agglomération,Intersection en X,Normale,Deux véhicules - côté,,,,,,,,,,,1,2,2,1.0,3
201300024057,0013-09-16 11:00:00,13,9,16,11,0,330,281,AVE RENE CASSIN,,,Plein jour,En agglomération,Intersection en Y,Pluie légère,Deux véhicules - arrière,,,,,,,,,,,1,2,4,2.0,2
201300024058,0013-09-20 17:10:00,13,9,20,17,10,330,63,"144, RUE AMEDEE SAINT-GE",,,Plein jour,En agglomération,Hors intersection,Normale,Deux véhicules - arrière,,,,,,,,,,,1,2,1,1.0,2
201300024059,0013-09-22 07:10:00,13,9,22,7,10,330,167,RUE JEAN DUPAS,,,Nuit avec éclairage allumé,En agglomération,Hors intersection,Normale,Autre collision,,,,,,,,,,,5,2,1,1.0,6
201300024060,0013-09-21 17:45:00,13,9,21,17,45,330,63,CRS PORTAL,,,Plein jour,En agglomération,Intersection en X,Normale,Autre collision,,,,,,,,,,,1,2,2,1.0,6
201300024061,0013-09-20 15:00:00,13,9,20,15,0,330,63,AVE DU GENERAL LECLERC C,,,Plein jour,En agglomération,Hors intersection,Normale,Deux véhicules - arrière,,,,,,,,,,,1,2,1,1.0,2
201300024062,0013-09-20 14:10:00,13,9,20,14,10,330,63,RUE DU JARDIN PUBLIC,,,Plein jour,En agglomération,Intersection en X,Normale,Deux véhicules - côté,,,,,,,,,,,1,2,2,1.0,3
201300024063,0013-09-21 13:55:00,13,9,21,13,55,330,63,RUE ROBERT LATEULADE,,,Plein jour,En agglomération,Intersection en T,Normale,Deux véhicules - côté,,,,,,,,,,,1,2,3,1.0,3
201300024064,0013-09-21 21:00:00,13,9,21,21,0,330,63,RUE GEORGES MANDEL,,,Nuit avec éclairage allumé,En agglomération,Intersection en X,Normale,Deux véhicules - côté,,,,,,,,,,,5,2,2,1.0,3
201300024065,0013-09-13 10:40:00,13,9,13,10,40,330,550,"10, AVE GEORGES CLEMENCE",,,Plein jour,En agglomération,Hors intersection,Normale,Deux véhicules - côté,,,,,,,,,,,1,2,1,1.0,3
201300024066,0013-09-14 19:20:00,13,9,14,19,20,330,550,"61, AVE GEORGES CLEMENCE",,,Nuit avec éclairage allumé,En agglomération,Intersection en Y,Pluie forte,Deux véhicules - côté,,,,,,,,,,,5,2,4,3.0,3
201300024067,0013-09-17 08:40:00,13,9,17,8,40,330,249,RUE JEAN LURCAT,,,Plein jour,En agglomération,Hors intersection,Normale,Autre collision,,,,,,,,,,,1,2,1,1.0,6
201300024068,0013-09-20 09:45:00,13,9,20,9,45,330,63,RUE PIERRE BAOUR,,,Plein jour,En agglomération,Intersection en X,Normale,Deux véhicules - côté,,,,,,,,,,,1,2,2,1.0,3
201300024069,0013-09-23 18:10:00,13,9,23,18,10,330,63,"223, RUE GEORGES MANDEL",,,Plein jour,En agglomération,Hors intersection,Normale,Autre collision,,,,,,,,,,,1,2,1,1.0,6
201300024070,0013-09-23 08:30:00,13,9,23,8,30,330,63,"317, BD JEAN-JACQUES BOS",,,Plein jour,En agglomération,Hors intersection,Normale,Autre collision,,,,,,,,,,,1,2,1,1.0,6
201300024071,0013-09-24 10:30:00,13,9,24,10,30,330,63,CRS DE VERDUN,,,Plein jour,En agglomération,Intersection en Y,Normale,Autre collision,,,,,,,,,,,1,2,4,1.0,6
201300024072,0013-09-22 19:30:00,13,9,22,19,30,330,281,AVENUE DE PEYCHOTTE,,,Crépuscule ou aube,En agglomération,Hors intersection,Normale,Autre collision,,,,,,,,,,,2,2,1,1.0,6
201300024073,0013-09-10 17:45:00,13,9,10,17,45,330,522,"285, CRS DE LA LIBERATIO",,,Plein jour,En agglomération,Hors intersection,Normale,Deux véhicules - côté,,,,,,,,,,,1,2,1,1.0,3
201300024074,0013-09-24 16:00:00,13,9,24,16,0,330,63,RUE PASTEUR CAUD,,,Plein jour,En agglomération,Intersection en X,Normale,Deux véhicules - côté,,,,,,,,,,,1,2,2,1.0,3
201300024075,0013-09-24 16:15:00,13,9,24,16,15,330,63,PCE MARTYRS DE LA RESIST,,,Plein jour,En agglomération,Hors intersection,Normale,Deux véhicules - côté,,,,,,,,,,,1,2,1,1.0,3
201300024076,0013-09-24 12:11:00,13,9,24,12,11,330,63,"83, RUE ACHARD",,,Plein jour,En agglomération,Hors intersection,Normale,Deux véhicules - arrière,,,,,,,,,,,1,2,1,1.0,2
201300024077,0013-09-18 22:20:00,13,9,18,22,20,330,318,AVE DU HAUT-BRION,,,Nuit avec éclairage allumé,En agglomération,Hors intersection,Normale,Sans collision,,,,,,,,,,,5,2,1,1.0,7
201300024078,0013-09-18 08:15:00,13,9,18,8,15,330,522,CRS DE LA LIBERATION,,,Plein jour,En agglomération,Intersection en Y,Normale,Deux véhicules - côté,,,,,,,,,,,1,2,4,1.0,3
201300024079,0013-09-24 09:25:00,13,9,24,9,25,330,63,CRS D'ALBRET,,,Plein jour,En agglomération,Intersection en T,Normale,Deux véhicules - côté,,,,,,,,,,,1,2,3,1.0,3
201300024080,0013-09-25 11:20:00,13,9,25,11,20,330,63,"169, CRS DE L'ARGONNE",,,Plein jour,En agglomération,Intersection en X,Normale,Autre collision,,,,,,,,,,,1,2,2,1.0,6
201300024081,0013-09-20 20:40:00,13,9,20,20,40,330,318,AVE ARCHIMEDE,,,Nuit avec éclairage allumé,En agglomération,Intersection en X,Normale,Sans collision,,,,,,,,,,,5,2,2,1.0,7
201300024082,0013-09-24 17:15:00,13,9,24,17,15,330,281,AVE DES EYQUEMS,,,Plein jour,En agglomération,Intersection en X,Normale,Deux véhicules - côté,,,,,,,,,,,1,2,2,1.0,3
201300024083,0013-09-26 15:35:00,13,9,26,15,35,330,63,CRS ANATOLE FRANCE,,,Plein jour,En agglomération,Intersection en Y,Normale,Autre collision,,,,,,,,,,,1,2,4,1.0,6
201300024084,0013-09-29 21:30:00,13,9,29,21,30,330,63,"250, CRS DE L'ARGONNE",,,Nuit avec éclairage allumé,En agglomération,Hors intersection,Pluie légère,Sans collision,,,,,,,,,,,5,2,1,2.0,7
201300024085,0013-09-23 17:30:00,13,9,23,17,30,330,522,"48, RUE DE LA VIEILLE TO",,,Plein jour,En agglomération,Hors intersection,Normale,Deux véhicules - côté,,,,,,,,,,,1,2,1,1.0,3
201300024086,0013-09-27 16:20:00,13,9,27,16,20,330,63,QUAI DES CHARTRONS,,,Plein jour,En agglomération,Intersection en X,Normale,Deux véhicules - côté,,,,,,,,,,,1,2,2,1.0,3
201300024087,0013-09-28 08:00:00,13,9,28,8,0,330,63,CRS BARBEY,,,Crépuscule ou aube,En agglomération,Intersection en X,Pluie légère,Autre collision,,,,,,,,,,,2,2,2,2.0,6
201300024088,0013-09-29 16:25:00,13,9,29,16,25,330,63,RUE LUCIEN FAURE,,,Plein jour,En agglomération,Intersection en T,Normale,Deux véhicules - côté,,,,,,,,,,,1,2,3,1.0,3
201300024089,0013-09-27 21:00:00,13,9,27,21,0,330,119,AVE JEAN JAURES,,,Nuit avec éclairage allumé,En agglomération,Intersection en T,Normale,Deux véhicules - arrière,,,,,,,,,,,5,2,3,1.0,2
201300024090,0013-09-28 21:45:00,13,9,28,21,45,330,63,RUE CAILLOU CAUD,,,Nuit avec éclairage allumé,En agglomération,Intersection en T,Normale,Sans collision,,,,,,,,,,,5,2,3,1.0,7
201300024091,0013-09-20 07:45:00,13,9,20,7,45,330,522,CRS DE LA LIBERATION,,,Plein jour,En agglomération,Hors intersection,Pluie légère,Deux véhicules - côté,,,,,,,,,,,1,2,1,2.0,3
201300024092,0013-09-30 22:40:00,13,9,30,22,40,330,63,QUAI DU MARECHAL LYAUTEY,,,Nuit avec éclairage allumé,En agglomération,Hors intersection,Normale,Sans collision,,,,,,,,,,,5,2,1,1.0,7
201300024093,0013-09-29 18:30:00,13,9,29,18,30,330,63,AVE DU MAL DE LATTRE DE,,,Plein jour,En agglomération,Intersection en T,Pluie légère,Deux véhicules - côté,,,,,,,,,,,1,2,3,2.0,3
201300024094,0013-09-30 09:45:00,13,9,30,9,45,330,63,"60, RUE DAVID JOHNSTON",,,Plein jour,En agglomération,Intersection en T,Normale,Deux véhicules - arrière,,,,,,,,,,,1,2,3,1.0,2
201300024095,0013-09-30 14:30:00,13,9,30,14,30,330,75,ALL DE BOUTAUT,,,Plein jour,En agglomération,Hors intersection,Normale,Autre collision,,,,,,,,,,,1,2,1,1.0,6
201300024096,0013-10-02 07:25:00,13,10,2,7,25,330,63,"76, RUE PROMIS",,,Crépuscule ou aube,En agglomération,Hors intersection,Normale,Deux véhicules - côté,,,,,,,,,,,2,2,1,1.0,3
201300024097,0013-09-25 17:40:00,13,9,25,17,40,330,75,AVE D'AQUITAINE,,,Plein jour,En agglomération,Intersection en T,Normale,Deux véhicules - côté,,,,,,,,,,,1,2,3,1.0,3
201300024098,0013-10-01 18:15:00,13,10,1,18,15,330,63,"112, AVE D'EYSINES CAUD",,,Plein jour,En agglomération,Hors intersection,Normale,Deux véhicules - arrière,,,,,,,,,,,1,2,1,1.0,2
201300024099,0013-10-01 11:55:00,13,10,1,11,55,330,281,AVE DE VERDUN,,,Plein jour,En agglomération,Intersection en T,Normale,Deux véhicules - côté,,,,,,,,,,,1,2,3,1.0,3
201300024100,0013-10-03 04:15:00,13,10,3,4,15,330,63,QUAI DES SALINIERES,,,Nuit avec éclairage allumé,En agglomération,Hors intersection,Normale,Sans collision,,,,,,,,,,,5,2,1,1.0,7
201300024101,0013-10-02 17:20:00,13,10,2,17,20,330,63,RUE YVES GLOTIN,,,Plein jour,En agglomération,Intersection en X,Normale,Deux véhicules - côté,,,,,,,,,,,1,2,2,1.0,3
201300024102,0013-10-02 19:14:00,13,10,2,19,14,330,63,QUAI LOUIS XVIII,,,Plein jour,En agglomération,Hors intersection,Normale,Deux véhicules - côté,,,,,,,,,,,1,2,1,1.0,3
201300024103,0013-09-27 07:00:00,13,9,27,7,0,330,281,AVE RENE CASSIN,,,Crépuscule ou aube,En agglomération,Intersection en Y,Normale,Deux véhicules - côté,,,,,,,,,,,2,2,4,1.0,3
201300024104,0013-09-30 08:35:00,13,9,30,8,35,330,119,BD ENTRE DEUX MERS,,,Plein jour,En agglomération,Intersection en T,Normale,Deux véhicules - arrière,,,,,,,,,,,1,2,3,1.0,2
201300024105,0013-09-27 17:30:00,13,9,27,17,30,330,318,"517, AVE DE BEUTRE",,,Plein jour,En agglomération,Hors intersection,Normale,Autre collision,,,,,,,,,,,1,2,1,1.0,6
201300024106,0013-10-04 09:30:00,13,10,4,9,30,330,63,"280, CRS DE L'ARGONNE",,,Plein jour,En agglomération,Intersection en X,Pluie forte,Deux véhicules - côté,,,,,,,,,,,1,2,2,3.0,3
201300024107,0013-10-04 08:50:00,13,10,4,8,50,330,63,QUAI DES SALINIERES,,,Plein jour,En agglomération,Hors intersection,Pluie légère,Autre collision,,,,,,,,,,,1,2,1,2.0,6
201300024108,0013-10-01 14:30:00,13,10,1,14,30,330,281,RUE ALBERT CAMUS,,,Plein jour,En agglomération,Intersection en X,Normale,Deux véhicules - côté,,,,,,,,,,,1,2,2,1.0,3
201300024109,0013-09-24 12:45:00,13,9,24,12,45,330,550,AVE DES PYRENEES,,,Plein jour,En agglomération,Hors intersection,Normale,Autre collision,,,,,,,,,,,1,2,1,1.0,6
201300024110,0013-10-04 13:00:00,13,10,4,13,0,330,63,CRS DU MARECHAL GALLIENI,,,Plein jour,En agglomération,Giratoire,Pluie légère,Deux véhicules - côté,,,,,,,,,,,1,2,6,2.0,3
201300024111,0013-10-06 06:10:00,13,10,6,6,10,330,39,RUE DES FRERES MOGA,,,Nuit avec éclairage allumé,En agglomération,Hors intersection,Normale,Autre collision,,,,,,,,,,,5,2,1,1.0,6
201300024112,0013-10-07 16:25:00,13,10,7,16,25,330,63,CRS DE L'ARGONNE,,,Plein jour,En agglomération,Intersection en T,Normale,Autre collision,,,,,,,,,,,1,2,3,1.0,6
201300024113,0013-10-01 18:25:00,13,10,1,18,25,330,162,"24, AVE JEAN MERMOZ",,,Plein jour,En agglomération,Hors intersection,Normale,Deux véhicules - côté,,,,,,,,,,,1,2,1,1.0,3
201300024114,0013-10-03 07:45:00,13,10,3,7,45,330,318,AVE DU HAUT LEVEQUE,,,Nuit avec éclairage allumé,En agglomération,Giratoire,Pluie légère,Autre collision,,,,,,,,,,,5,2,6,2.0,6
201300024115,0013-10-04 09:30:00,13,10,4,9,30,330,119,"97, RUE DU MARECHAL FOCH",,,Plein jour,En agglomération,Hors intersection,Pluie forte,Deux véhicules - côté,,,,,,,,,,,1,2,1,3.0,3
201300024116,0013-10-07 14:20:00,13,10,7,14,20,330,63,BD JOLIOT-CURIE,,,Plein jour,En agglomération,Intersection en T,Normale,Deux véhicules - arrière,,,,,,,,,,,1,2,3,1.0,2
201300024117,0013-10-04 07:55:00,13,10,4,7,55,330,162,RUE DU MEDOC,,,Plein jour,En agglomération,Intersection en Y,Normale,Deux véhicules - côté,,,,,,,,,,,1,2,4,1.0,3
201300024118,0013-10-03 16:05:00,13,10,3,16,5,330,162,"60, RUE DU 19 MARS 1962",,,Plein jour,En agglomération,Hors intersection,Normale,Deux véhicules - côté,,,,,,,,,,,1,2,1,1.0,3
201300024119,0013-10-08 10:40:00,13,10,8,10,40,330,63,"199, QUAI DE BRAZZA",,,Plein jour,En agglomération,Hors intersection,Temps couvert,Deux véhicules - frontale,,,,,,,,,,,1,2,1,8.0,1
201300024120,0013-09-27 10:30:00,13,9,27,10,30,330,39,RUE DES QUATRE CASTERA,,,Plein jour,En agglomération,Giratoire,Normale,Deux véhicules - frontale,,,,,,,,,,,1,2,6,1.0,1
201300024121,0013-10-08 11:45:00,13,10,8,11,45,330,63,RUE CORNAC,,,Plein jour,En agglomération,Intersection en X,Normale,Autre collision,,,,,,,,,,,1,2,2,1.0,6
201300024122,0013-10-03 08:15:00,13,10,3,8,15,330,281,ST MEDARD (AVE),,,Plein jour,En agglomération,Intersection en X,Normale,Deux véhicules - côté,,,,,,,,,,,1,2,2,1.0,3
201300024123,0013-10-03 16:25:00,13,10,3,16,25,330,63,QUAI DE LA SOUYS,,,Plein jour,En agglomération,Giratoire,Normale,Deux véhicules - arrière,,,,,,,,,,,1,2,6,1.0,2
201300024124,0013-10-09 09:00:00,13,10,9,9,0,330,63,PLACE RAVEZIES,,,Plein jour,En agglomération,Giratoire,Normale,Deux véhicules - côté,,,,,,,,,,,1,2,6,1.0,3
201300024125,0013-10-09 17:00:00,13,10,9,17,0,330,63,AVE DE NONTRASTE,,,Plein jour,En agglomération,Giratoire,Normale,Deux véhicules - arrière,,,,,,,,,,,1,2,6,1.0,2
201300024126,0013-10-10 21:15:00,13,10,10,21,15,330,281,AVE PIERRE MENDES FRANCE,,,Nuit avec éclairage allumé,En agglomération,Intersection en T,Normale,Autre collision,,,,,,,,,,,5,2,3,1.0,6
201300024127,0013-10-07 15:15:00,13,10,7,15,15,330,162,AVE DE SAINT-MEDARD,,,Plein jour,En agglomération,Intersection en X,Normale,Deux véhicules - côté,,,,,,,,,,,1,2,2,1.0,3
201300024128,0013-10-12 21:15:00,13,10,12,21,15,330,63,CRS DE LA SOMME,,,Nuit avec éclairage allumé,En agglomération,Intersection en T,Pluie légère,Deux véhicules - côté,,,,,,,,,,,5,2,3,2.0,3
201300024129,0013-10-11 19:40:00,13,10,11,19,40,330,249,AVE DE LA LIBERATION,,,Crépuscule ou aube,En agglomération,Hors intersection,Normale,Autre collision,,,,,,,,,,,2,2,1,1.0,6
201300024130,0013-10-12 10:02:00,13,10,12,10,2,330,200,"350, AVE DE MAGUDAS",,,Plein jour,En agglomération,Hors intersection,Pluie légère,Deux véhicules - côté,,,,,,,,,,,1,2,1,2.0,3
201300024131,0013-10-08 15:15:00,13,10,8,15,15,330,32,AVE VICTOR HUGO,,,Plein jour,En agglomération,Intersection en X,Normale,Autre collision,,,,,,,,,,,1,2,2,1.0,6
201300024132,0013-10-07 13:30:00,13,10,7,13,30,330,522,AVE ROUL,,,Plein jour,En agglomération,Hors intersection,Normale,Deux véhicules - arrière,,,,,,,,,,,1,2,1,1.0,2
201300024133,0013-10-07 16:45:00,13,10,7,16,45,330,39,RTE DE COURREJEAN,,,Plein jour,En agglomération,Giratoire,Normale,Deux véhicules - arrière,,,,,,,,,,,1,2,6,1.0,2
201300024134,0013-10-09 13:30:00,13,10,9,13,30,330,63,"159, RUE DE BETHMANN",,,Plein jour,En agglomération,Hors intersection,Normale,Trois véhicules et plus - collisions multiples,,,,,,,,,,,1,2,1,1.0,5
201300024135,0013-10-15 07:55:00,13,10,15,7,55,330,63,"26-28, AVE LOUIS BARTHOU",,,Plein jour,En agglomération,Intersection en T,Normale,Autre collision,,,,,,,,,,,1,2,3,1.0,6
201300024136,0013-10-14 10:50:00,13,10,14,10,50,330,281,"172, AVE DE LA MARNE",,,Plein jour,En agglomération,Giratoire,Normale,Autre collision,,,,,,,,,,,1,2,6,1.0,6
201300024137,0013-10-11 18:10:00,13,10,11,18,10,330,281,AVE GUSTAVE EIFFEL,,,Plein jour,En agglomération,Intersection en T,Normale,Deux véhicules - côté,,,,,,,,,,,1,2,3,1.0,3
201300024138,0013-10-15 10:25:00,13,10,15,10,25,330,63,"19, CRS DE L'INTENDANCE",,,Plein jour,En agglomération,Intersection en T,Normale,Autre collision,,,,,,,,,,,1,2,3,1.0,6
201300024139,0013-10-16 07:06:00,13,10,16,7,6,330,522,"89, BD DU PDT FRANKLIN R",,,Crépuscule ou aube,En agglomération,Intersection en X,Pluie légère,Deux véhicules - arrière,,,,,,,,,,,2,2,2,2.0,2
201300024140,0013-10-16 09:20:00,13,10,16,9,20,330,63,AVE DU GENERAL LECLERC C,,,Plein jour,En agglomération,Intersection en X,Normale,Deux véhicules - côté,,,,,,,,,,,1,2,2,1.0,3
201300024141,0013-10-11 21:13:00,13,10,11,21,13,330,318,AVE DU HAUT LEVEQUE,,,Nuit avec éclairage allumé,En agglomération,Intersection en X,Normale,Deux véhicules - côté,,,,,,,,,,,5,2,2,1.0,3
201300024142,0013-10-10 17:15:00,13,10,10,17,15,330,119,"62, AVE JEAN JAURES",,,Plein jour,En agglomération,Hors intersection,Normale,Autre collision,,,,,,,,,,,1,2,1,1.0,6
201300024143,0013-10-16 20:20:00,13,10,16,20,20,330,281,AVE DES EYQUEMS,,,Nuit avec éclairage allumé,En agglomération,Intersection en X,Pluie légère,Autre collision,,,,,,,,,,,5,2,2,2.0,6
201300024144,0013-10-18 02:00:00,13,10,18,2,0,330,63,"59, RUE DE TIVOLI",,,Nuit avec éclairage allumé,En agglomération,Hors intersection,Normale,Autre collision,,,,,,,,,,,5,2,1,1.0,6
201300024145,0013-10-16 15:30:00,13,10,16,15,30,330,281,AVE GUSTAVE EIFFEL,,,Plein jour,En agglomération,Hors intersection,Pluie légère,Deux véhicules - côté,,,,,,,,,,,1,2,1,2.0,3
201300024146,0013-10-17 22:50:00,13,10,17,22,50,330,63,RUE FERRERE,,,Nuit avec éclairage allumé,En agglomération,Intersection en X,Normale,Autre collision,,,,,,,,,,,5,2,2,1.0,6
201300024147,0013-10-15 09:00:00,13,10,15,9,0,330,32,"8, RUE DU DOCTEUR FOUQUE",,,Plein jour,En agglomération,Hors intersection,Normale,Deux véhicules - frontale,,,,,,,,,,,1,2,1,1.0,1
201300024148,0013-10-12 06:05:00,13,10,12,6,5,330,39,BD JEAN-JACQUES BOSC,,,Nuit avec éclairage allumé,En agglomération,Autre intersection,Pluie légère,Deux véhicules - arrière,,,,,,,,,,,5,2,9,2.0,2
201300024149,0013-10-19 18:00:00,13,10,19,18,0,330,63,RUE DOCTEUR JEAN VINCENT,,,Plein jour,En agglomération,Intersection en T,Normale,Deux véhicules - frontale,,,,,,,,,,,1,2,3,1.0,1
201300024150,0013-10-19 05:45:00,13,10,19,5,45,330,63,"85, CRS VICTOR HUGO",,,Nuit avec éclairage allumé,En agglomération,Intersection en T,Normale,Deux véhicules - côté,,,,,,,,,,,5,2,3,1.0,3
201300024151,0013-10-18 16:40:00,13,10,18,16,40,330,63,BD ALIENOR D'AQUITAINE,,,Plein jour,En agglomération,Hors intersection,Normale,Deux véhicules - arrière,,,,,,,,,,,1,2,1,1.0,2
201300024152,0013-10-20 14:20:00,13,10,20,14,20,330,281,"205, AVE DE LA MARNE",,,Plein jour,En agglomération,Intersection en X,Normale,Deux véhicules - arrière,,,,,,,,,,,1,2,2,1.0,2
201300024153,0013-10-21 17:45:00,13,10,21,17,45,330,63,"144, CRS DU MARECHAL GAL",,,Plein jour,En agglomération,Intersection en X,Normale,Deux véhicules - côté,,,,,,,,,,,1,2,2,1.0,3
201300024154,0013-10-22 12:00:00,13,10,22,12,0,330,63,RUE LECOCQ,,,Plein jour,En agglomération,Intersection en X,Pluie légère,Deux véhicules - côté,,,,,,,,,,,1,2,2,2.0,3
201300024155,0013-10-10 11:35:00,13,10,10,11,35,330,522,CRS GAMBETTA,,,Plein jour,En agglomération,Hors intersection,Normale,Deux véhicules - côté,,,,,,,,,,,1,2,1,1.0,3
201300024156,0013-10-16 08:20:00,13,10,16,8,20,330,63,"351, RTE DE TOULOUSE",,,Plein jour,En agglomération,Intersection en T,Normale,Deux véhicules - côté,,,,,,,,,,,1,2,3,1.0,3
201300024157,0013-10-23 21:20:00,13,10,23,21,20,330,63,"125, RUE DE BETHMANN",,,Nuit avec éclairage allumé,En agglomération,Hors intersection,Normale,Sans collision,,,,,,,,,,,5,2,1,1.0,7
201300024158,0013-10-23 14:05:00,13,10,23,14,5,330,119,"24, AVE RENE CASSAGNE",,,Plein jour,En agglomération,Hors intersection,Pluie forte,Deux véhicules - côté,,,,,,,,,,,1,2,1,3.0,3
201300024159,0013-10-20 17:20:00,13,10,20,17,20,330,192,CRS DU GENERAL DE GAULLE,,,Plein jour,En agglomération,Intersection en X,Normale,Deux véhicules - côté,,,,,,,,,,,1,2,2,1.0,3
201300024160,0013-10-20 10:20:00,13,10,20,10,20,330,550,"317, RTE DE TOULOUSE",,,Plein jour,En agglomération,Hors intersection,Normale,Deux véhicules - côté,,,,,,,,,,,1,2,1,1.0,3
201300024161,0013-10-18 17:30:00,13,10,18,17,30,330,192,"115, RTE DE CANEJAN",,,Plein jour,En agglomération,Hors intersection,Normale,Deux véhicules - arrière,,,,,,,,,,,1,2,1,1.0,2
201300024162,0013-10-18 08:10:00,13,10,18,8,10,330,281,AVE DES MARRONNIERS,,,Crépuscule ou aube,En agglomération,Intersection en T,Normale,Deux véhicules - côté,,,,,,,,,,,2,2,3,1.0,3
201300024163,0013-10-23 16:30:00,13,10,23,16,30,330,63,"9, RTE DE TOULOUSE",,,Plein jour,En agglomération,Intersection en X,Normale,Deux véhicules - côté,,,,,,,,,,,1,2,2,1.0,3
201300024164,0013-10-17 08:05:00,13,10,17,8,5,330,522,AVE PEY-BERLAND,,,Plein jour,En agglomération,Intersection en T,Brouillard / fumée,Deux véhicules - frontale,,,,,,,,,,,1,2,3,5.0,1
201300024165,0013-10-18 17:00:00,13,10,18,17,0,330,281,AVE FRANCOIS MITTERRAND,,,Plein jour,En agglomération,Giratoire,Normale,Deux véhicules - arrière,,,,,,,,,,,1,2,6,1.0,2
201300024166,0013-10-19 08:25:00,13,10,19,8,25,330,63,RTE DE TOULOUSE,,,Plein jour,En agglomération,Intersection à plus de 4 branches,Normale,Deux véhicules - côté,,,,,,,,,,,1,2,5,1.0,3
201300024167,0013-10-21 13:15:00,13,10,21,13,15,330,550,RTE DE LEOGNAN,,,Plein jour,En agglomération,Intersection en X,Normale,Deux véhicules - côté,,,,,,,,,,,1,2,2,1.0,3
201300024168,0013-10-26 13:10:00,13,10,26,13,10,330,63,"166, RUE JUDAIQUE",,,Plein jour,En agglomération,Hors intersection,Normale,Deux véhicules - côté,,,,,,,,,,,1,2,1,1.0,3
201300024169,0013-10-26 17:00:00,13,10,26,17,0,330,63,AVE DE LABARDE,,,Plein jour,En agglomération,Hors intersection,Autre,Deux véhicules - côté,,,,,,,,,,,1,2,1,9.0,3
201300024170,0013-10-25 06:40:00,13,10,25,6,40,330,63,BD MARECHAL LECLERC,,,Nuit avec éclairage allumé,En agglomération,Intersection en T,Normale,Autre collision,,,,,,,,,,,5,2,3,1.0,6