accident_id,datetime,annee,mois,jour,heure,minute,departement,commune_insee,adresse,latitude,longitude,luminosite,agglomeration,intersection,meteo,collision,nb_vehicules,nb_usagers,nb_indemnes,nb_tues,nb_blesses_hosp,nb_blesses_legers,age_cond_1,age_cond_2,veh_type_cond_1,veh_type_cond_2,lum_code,agg_code,int_code,atm_code,col_code
201300024428,0013-01-09 20:40:00,13,1,9,20,40,340,32,"33, RIQUET PIERRE PAUL (",43.34418,3.2124,Nuit avec éclairage allumé,En agglomération,Autre intersection,Autre,Autre collision,,,,,,,,,,,5,2,9,9.0,6
201300024429,0013-01-08 11:45:00,13,1,8,11,45,340,336,MARIANNE (PLACE DE LA),43.31624,3.28128,Plein jour,En agglomération,Hors intersection,Normale,Sans collision,,,,,,,,,,,1,2,1,1.0,7
201300024430,0013-01-08 20:55:00,13,1,8,20,55,340,32,"NR, FABRE (AV.DU DOCTEUR",43.35453,3.22964,Nuit avec éclairage non allumé,En agglomération,Intersection en T,Autre,Deux véhicules - côté,,,,,,,,,,,4,2,3,9.0,3
201300024431,0013-01-21 21:00:00,13,1,21,21,0,340,336,"NR, BEREGOVOY (AVENUE PI",43.32055,3.27773,Plein jour,En agglomération,Intersection en T,Normale,Sans collision,,,,,,,,,,,1,2,3,1.0,7
201300024432,0013-01-23 14:55:00,13,1,23,14,55,340,32,VICTOIRE (PLACE DE LA),43.34478,3.2154,Plein jour,En agglomération,Giratoire,Autre,Deux véhicules - côté,,,,,,,,,,,1,2,6,9.0,3
201300024433,0013-01-28 08:00:00,13,1,28,8,0,340,32,"17, LECLERC MARECHAL (BD",43.34457,3.23853,Plein jour,En agglomération,Hors intersection,Normale,Sans collision,,,,,,,,,,,1,2,1,1.0,7
201300024434,0013-01-28 11:00:00,13,1,28,11,0,340,32,"29, CLAPAREDE EMILE (AVE",43.34395,3.22838,Plein jour,En agglomération,Intersection en T,Normale,Deux véhicules - côté,,,,,,,,,,,1,2,3,1.0,3
201300024435,0013-01-29 07:50:00,13,1,29,7,50,340,32,"NP, NARBONNE (ROUTE DE)",43.33711,3.20321,Plein jour,En agglomération,Hors intersection,Normale,Deux véhicules - arrière,,,,,,,,,,,1,2,1,1.0,2
201300024436,0013-02-04 00:30:00,13,2,4,0,30,340,32,"63, MISTRAL FREDERIC (BD",43.34409,3.22042,Nuit avec éclairage allumé,En agglomération,Intersection en X,Normale,Deux véhicules - côté,,,,,,,,,,,5,2,2,1.0,3
201300024437,0013-02-03 21:25:00,13,2,3,21,25,340,32,BOUIN JEAN (BD),43.33359,3.25363,Nuit avec éclairage allumé,En agglomération,Intersection en X,Autre,Deux véhicules - côté,,,,,,,,,,,5,2,2,9.0,3
201300024438,0013-02-12 11:55:00,13,2,12,11,55,340,32,"NP, NOGUERES HENRI (RD P",43.35252,3.22498,Plein jour,En agglomération,Hors intersection,Normale,Deux véhicules - côté,,,,,,,,,,,1,2,1,1.0,3
201300024439,0013-02-16 02:50:00,13,2,16,2,50,340,32,MURVIEL (ROUTE DE),43.36482,3.18948,Nuit sans éclairage public,Hors agglomération,Hors intersection,Autre,Sans collision,,,,,,,,,,,3,1,1,9.0,7
201300024440,0013-02-17 09:40:00,13,2,17,9,40,340,32,"58, CLEMENCEAU GEORGES (",43.34718,3.21863,Plein jour,En agglomération,Autre intersection,Normale,Sans collision,,,,,,,,,,,1,2,9,1.0,7
201300024441,0013-02-15 20:10:00,13,2,15,20,10,340,32,"NP, BOBILLOT SERGENT (RU",43.34929,3.22108,Nuit avec éclairage allumé,En agglomération,Intersection en T,Normale,Deux véhicules - côté,,,,,,,,,,,5,2,3,1.0,3
201300024442,0013-02-16 16:10:00,13,2,16,16,10,340,32,BESSAN (ROUTE DE),43.35237,3.26732,Plein jour,Hors agglomération,Intersection en T,Normale,Deux véhicules - côté,,,,,,,,,,,1,1,3,1.0,3
201300024443,0013-02-25 17:15:00,13,2,25,17,15,340,32,"26, RHIN ET DANUBE (AV)",43.354,3.22797,Plein jour,En agglomération,Hors intersection,Normale,Sans collision,,,,,,,,,,,1,2,1,1.0,7
201300024444,0013-03-04 17:55:00,13,3,4,17,55,340,32,"69, MISTRAL FREDERIC (BD",43.34356,3.22076,Plein jour,En agglomération,Intersection en T,Normale,Deux véhicules - côté,,,,,,,,,,,1,2,3,1.0,3
201300024445,0013-03-08 18:10:00,13,3,8,18,10,340,32,"NR, FABRE (AV.DU DOCTEUR",43.35387,3.22637,Plein jour,En agglomération,Hors intersection,Autre,Sans collision,,,,,,,,,,,1,2,1,9.0,7
201300024446,0013-03-15 11:20:00,13,3,15,11,20,340,32,VERDIER PIERRE (AV),43.34422,3.23034,Plein jour,En agglomération,Intersection en T,Autre,Sans collision,,,,,,,,,,,1,2,3,9.0,7
201300024447,0013-03-17 05:35:00,13,3,17,5,35,340,32,ROUTE DE CORNEILHAN (RD.,43.37235,3.20823,Crépuscule ou aube,Hors agglomération,Hors intersection,Autre,Sans collision,,,,,,,,,,,2,1,1,9.0,7
201300024448,0013-03-16 09:50:00,13,3,16,9,50,340,32,RN.113 - 9 (BEZIERS-PEZE,43.36414,3.26089,Plein jour,Hors agglomération,Intersection en T,Autre,Deux véhicules - côté,,,,,,,,,,,1,1,3,9.0,3
201300024449,0013-03-20 10:30:00,13,3,20,10,30,340,32,"94, CLEMENCEAU GEORGES (",43.34845,3.22018,Plein jour,En agglomération,Hors intersection,Autre,Sans collision,,,,,,,,,,,1,2,1,9.0,7
201300024450,0013-03-21 15:55:00,13,3,21,15,55,340,32,JUIN MARECHAL (RUE DU),43.35038,3.23939,Plein jour,En agglomération,Hors intersection,Autre,Deux véhicules - arrière,,,,,,,,,,,1,2,1,9.0,2
201300024451,0013-03-22 19:00:00,13,3,22,19,0,340,32,ROUTE DEPARTEMENTALE  61,43.362,3.24595,Nuit sans éclairage public,Hors agglomération,Hors intersection,Temps couvert,Deux véhicules - frontale,,,,,,,,,,,3,1,1,8.0,1
201300024452,0013-04-03 14:00:00,13,4,3,14,0,340,32,"43, MOULIN JEAN (AV)",43.34708,3.2203,Plein jour,En agglomération,Hors intersection,Normale,Sans collision,,,,,,,,,,,1,2,1,1.0,7
201300024453,0013-04-03 17:35:00,13,4,3,17,35,340,336,ROUTE DEPARTEMENTALE NR.,43.31351,3.29974,Plein jour,Hors agglomération,Intersection en T,Normale,Deux véhicules - côté,,,,,,,,,,,1,1,3,1.0,3
201300024454,0013-04-25 17:30:00,13,4,25,17,30,340,336,"3, BEREGOVOY (AVENUE PIE",43.32359,3.26305,Plein jour,En agglomération,Hors intersection,Normale,Trois véhicules et plus - collisions multiples,,,,,,,,,,,1,2,1,1.0,5
201300024455,0013-05-03 18:20:00,13,5,3,18,20,340,32,"27, DUC VALENTIN (AV)",43.34037,3.20975,Plein jour,En agglomération,Hors intersection,Normale,Sans collision,,,,,,,,,,,1,2,1,1.0,7
201300024456,0013-05-13 17:00:00,13,5,13,17,0,340,32,"31, CLEMENCEAU GEORGES (",43.34616,3.8815,Plein jour,En agglomération,Autre intersection,Autre,Sans collision,,,,,,,,,,,1,2,9,9.0,7
201300024457,0013-05-21 13:20:00,13,5,21,13,20,340,32,HERRIOT EDOUARD (BD),43.34582,3.21691,Plein jour,En agglomération,Hors intersection,Autre,Sans collision,,,,,,,,,,,1,2,1,9.0,7
201300024458,0013-05-19 22:50:00,13,5,19,22,50,340,336,MEDITERRANEE (ROND POINT,43.32007,3.2933,Nuit sans éclairage public,Hors agglomération,Hors intersection,Normale,Sans collision,,,,,,,,,,,3,1,1,1.0,7
201300024459,0013-05-24 15:35:00,13,5,24,15,35,340,32,"4, LACHENAL LOUIS (AV)",,,Plein jour,En agglomération,Hors intersection,Normale,Sans collision,,,,,,,,,,,1,2,1,1.0,7
201300024460,0013-06-06 18:40:00,13,6,6,18,40,340,32,"NP, NOGUERES HENRI (RD P",43.35243,3.22486,Plein jour,En agglomération,Hors intersection,Normale,Sans collision,,,,,,,,,,,1,2,1,1.0,7
201300024461,0013-05-05 13:30:00,13,5,5,13,30,340,32,KENNEDY PRESIDENT (BD DU,43.3548,3.23915,Plein jour,En agglomération,Hors intersection,Normale,Sans collision,,,,,,,,,,,1,2,1,1.0,7
201300024462,0013-06-06 19:25:00,13,6,6,19,25,340,32,"NR, BEDARIEUX (ANCIENNE",,,Plein jour,En agglomération,Autre intersection,Autre,Autre collision,,,,,,,,,,,1,2,9,9.0,6
201300024463,0013-05-21 18:05:00,13,5,21,18,5,340,32,"NR, RD.909",43.38581,3.22815,Plein jour,Hors agglomération,Intersection en T,Autre,Deux véhicules - côté,,,,,,,,,,,1,1,3,9.0,3
201300024464,0013-06-11 09:30:00,13,6,11,9,30,340,32,"53, RIQUET PIERRE PAUL (",43.34062,3.21847,Plein jour,En agglomération,Hors intersection,Normale,Deux véhicules - arrière,,,,,,,,,,,1,2,1,1.0,2
201300024465,0013-06-13 15:20:00,13,6,13,15,20,340,32,"NP, SIX NATIONS (ROND PO",43.33392,3.25017,Plein jour,En agglomération,Hors intersection,Normale,Sans collision,,,,,,,,,,,1,2,1,1.0,7
201300024466,0013-06-13 17:30:00,13,6,13,17,30,340,32,"39, MOULIN JEAN (AV)",,,Plein jour,En agglomération,Hors intersection,Normale,Deux véhicules - arrière,,,,,,,,,,,1,2,1,1.0,2
201300024467,0013-05-21 06:15:00,13,5,21,6,15,340,32,"NR, BADONES (AV.)",43.3507,3.23974,Crépuscule ou aube,En agglomération,Hors intersection,Autre,Sans collision,,,,,,,,,,,2,2,1,9.0,7
201300024468,0013-06-18 16:55:00,13,6,18,16,55,340,32,"NP, LACHENAL LOUIS (AV)",43.33801,3.25226,Plein jour,En agglomération,Hors intersection,Normale,Deux véhicules - frontale,,,,,,,,,,,1,2,1,1.0,1
201300024469,0013-06-19 17:25:00,13,6,19,17,25,340,32,"23, MONTAIGNE (PLACE)",43.34128,3.22487,Plein jour,En agglomération,Intersection en T,Normale,Sans collision,,,,,,,,,,,1,2,3,1.0,7
201300024470,0013-07-02 18:20:00,13,7,2,18,20,340,32,"5, PUITS DES ARENES (RUE",,,Plein jour,En agglomération,Hors intersection,Normale,Sans collision,,,,,,,,,,,1,2,1,1.0,7
201300024471,0013-07-06 22:20:00,13,7,6,22,20,340,32,ROUTE DE BEDARIEUX (RD.9,,,Nuit avec éclairage allumé,En agglomération,Hors intersection,Normale,Deux véhicules - côté,,,,,,,,,,,5,2,1,1.0,3
201300024472,0013-07-07 18:25:00,13,7,7,18,25,340,336,"""CHEMIN DIT """"GRANDE CAR",,,Plein jour,Hors agglomération,Hors intersection,Temps éblouissant,Deux véhicules - frontale,,,,,,,,,,,1,1,1,7.0,1
201300024473,0013-07-05 22:55:00,13,7,5,22,55,340,32,ROUTE DEPARTEMENTALE  61,,,Nuit sans éclairage public,Hors agglomération,Hors intersection,Normale,Deux véhicules - côté,,,,,,,,,,,3,1,1,1.0,3
201300024474,0013-07-08 01:35:00,13,7,8,1,35,340,32,"2, PONT VIEUX (AVENUE DU",,,Nuit avec éclairage allumé,En agglomération,Hors intersection,Autre,Sans collision,,,,,,,,,,,5,2,1,9.0,7
201300024475,0013-07-14 15:20:00,13,7,14,15,20,340,32,AGDE (ROUTE D'),,,Plein jour,En agglomération,Hors intersection,Autre,Autre collision,,,,,,,,,,,1,2,1,9.0,6
201300024476,0013-07-13 12:45:00,13,7,13,12,45,340,336,"0, VIGUIER (AVENUE DU) Z",,,Plein jour,En agglomération,Giratoire,Autre,Sans collision,,,,,,,,,,,1,2,6,9.0,7
201300024477,0013-06-08 13:50:00,13,6,8,13,50,340,32,COSTE MONSEIGNEUR (AV),,,Plein jour,En agglomération,Hors intersection,Pluie légère,Deux véhicules - frontale,,,,,,,,,,,1,2,1,2.0,1
201300024478,0013-06-07 12:35:00,13,6,7,12,35,340,32,"NP, JUIN MARECHAL (RUE D",43.34806,3.23936,Plein jour,En agglomération,Hors intersection,Normale,Sans collision,,,,,,,,,,,1,2,1,1.0,7
201300024479,0013-07-18 18:30:00,13,7,18,18,30,340,32,"14, LESSEPS FERDINAND DE",,,Plein jour,En agglomération,Hors intersection,Normale,Sans collision,,,,,,,,,,,1,2,1,1.0,7
201300024480,0013-08-03 23:45:00,13,8,3,23,45,340,336,MEDITERRANEE (ROND POINT,,,Nuit sans éclairage public,Hors agglomération,Giratoire,Normale,Sans collision,,,,,,,,,,,3,1,6,1.0,7
201300024481,0013-08-16 10:40:00,13,8,16,10,40,340,336,"NR, ROUTE D'AGDE (RD612)",43.31375,3.32288,Plein jour,Hors agglomération,Autre intersection,Temps éblouissant,Deux véhicules - arrière,,,,,,,,,,,1,1,9,7.0,2
201300024482,0013-08-23 21:25:00,13,8,23,21,25,340,32,"NR, BADIE VINCENT (RD PO",43.34694,3.25403,Nuit sans éclairage public,En agglomération,Giratoire,Autre,Sans collision,,,,,,,,,,,3,2,6,9.0,7
201300024483,0013-08-29 21:10:00,13,8,29,21,10,340,32,RD.64,43.34412,3.17335,Nuit sans éclairage public,Hors agglomération,Giratoire,Normale,Autre collision,,,,,,,,,,,3,1,6,1.0,6
201300024484,0013-09-05 18:45:00,13,9,5,18,45,340,32,ARCAS FERNAND (ROND-POIN,,,Plein jour,Hors agglomération,Hors intersection,Normale,Deux véhicules - arrière,,,,,,,,,,,1,1,1,1.0,2
201300024485,0013-09-05 19:25:00,13,9,5,19,25,340,32,ROUTE DEPARTEMENTALE NR.,,,Plein jour,Hors agglomération,Hors intersection,Normale,Deux véhicules - arrière,,,,,,,,,,,1,1,1,1.0,2
201300024486,0013-09-13 11:00:00,13,9,13,11,0,340,32,"NP, LAMARCK (RUE)",43.35034,3.22022,Plein jour,En agglomération,Intersection en T,Normale,Sans collision,,,,,,,,,,,1,2,3,1.0,7
201300024487,0013-09-14 16:30:00,13,9,14,16,30,340,32,"26, RIQUET PIERRE PAUL (",,,Plein jour,En agglomération,Hors intersection,Normale,Sans collision,,,,,,,,,,,1,2,1,1.0,7
201300024488,0013-09-01 02:10:00,13,9,1,2,10,340,32,"NP, LAZARE JOSEPH (AV)",,,Nuit sans éclairage public,Hors agglomération,Hors intersection,Normale,Sans collision,,,,,,,,,,,3,1,1,1.0,7
201300024489,0013-08-30 14:00:00,13,8,30,14,0,340,32,MISTRAL FREDERIC (BD),,,Plein jour,En agglomération,Hors intersection,Normale,Deux véhicules - arrière,,,,,,,,,,,1,2,1,1.0,2
201300024490,0013-08-31 20:45:00,13,8,31,20,45,340,32,ROUTE DEPARTEMENTALE 612,,,Nuit sans éclairage public,Hors agglomération,Hors intersection,Normale,Deux véhicules - côté,,,,,,,,,,,3,1,1,1.0,3
201300024491,0013-09-07 13:45:00,13,9,7,13,45,340,336,"NR, SALANCS (CHEMIN DES)",,,Plein jour,Hors agglomération,Hors intersection,Normale,Deux véhicules - côté,,,,,,,,,,,1,1,1,1.0,3
201300024492,0013-09-22 05:05:00,13,9,22,5,5,340,336,"NR, COLOMBES (AVENUE DES",,,Nuit sans éclairage public,Hors agglomération,Autre intersection,Autre,Sans collision,,,,,,,,,,,3,1,9,9.0,7
201300024493,0013-09-24 12:00:00,13,9,24,12,0,340,32,LIBERTE (BD DE LA),,,Plein jour,En agglomération,Hors intersection,Normale,Autre collision,,,,,,,,,,,1,2,1,1.0,6
201300024494,0013-09-30 14:20:00,13,9,30,14,20,340,32,LANGUEDOC (BD DU),,,Plein jour,En agglomération,Giratoire,Autre,Deux véhicules - côté,,,,,,,,,,,1,2,6,9.0,3
201300024495,0013-10-04 15:35:00,13,10,4,15,35,340,32,ROUTE DEPARTEMENTALE 612,,,Plein jour,Hors agglomération,Giratoire,Pluie légère,Deux véhicules - arrière,,,,,,,,,,,1,1,6,2.0,2
201300024496,0013-10-08 17:05:00,13,10,8,17,5,340,32,MURVIEL (ROUTE DE),,,Plein jour,En agglomération,Hors intersection,Autre,Deux véhicules - côté,,,,,,,,,,,1,2,1,9.0,3
201300024497,0013-10-12 16:55:00,13,10,12,16,55,340,32,"47, MOULIN JEAN (AV)",43.34746,3.22094,Plein jour,En agglomération,Hors intersection,Autre,Sans collision,,,,,,,,,,,1,2,1,9.0,7
201300024498,0013-10-20 01:45:00,13,10,20,1,45,340,32,"3, DAGUERRE LOUIS (RUE)",,,Nuit avec éclairage allumé,En agglomération,Hors intersection,Normale,Autre collision,,,,,,,,,,,5,2,1,1.0,6
201300024499,0013-08-08 08:35:00,13,8,8,8,35,340,336,"1, PASTEUR (BOULEVARD)",,,Plein jour,En agglomération,Hors intersection,Autre,Sans collision,,,,,,,,,,,1,2,1,9.0,7
201300024500,0013-10-28 19:05:00,13,10,28,19,5,340,32,NARBONNE (ROUTE DE),,,Nuit sans éclairage public,Hors agglomération,Hors intersection,Autre,Sans collision,,,,,,,,,,,3,1,1,9.0,7
201300024501,0013-11-12 15:50:00,13,11,12,15,50,340,32,ROUTE DEPARTEMENTALE 612,43.3668,3.21449,Plein jour,Hors agglomération,Hors intersection,Normale,Deux véhicules - côté,,,,,,,,,,,1,1,1,1.0,3
201300024502,0013-11-19 12:55:00,13,11,19,12,55,340,32,BADONES (AV.),,,Plein jour,En agglomération,Intersection en X,Autre,Sans collision,,,,,,,,,,,1,2,2,9.0,7
201300024503,0013-11-12 16:10:00,13,11,12,16,10,340,32,ALBERTINI AUGUSTE (AVENU,,,Plein jour,En agglomération,Hors intersection,Autre,Sans collision,,,,,,,,,,,1,2,1,9.0,7
201300024504,0013-11-12 17:10:00,13,11,12,17,10,340,32,ORNANO COLONEL D' (AV),,,Plein jour,En agglomération,Hors intersection,Autre,Sans collision,,,,,,,,,,,1,2,1,9.0,7
201300024505,0013-11-20 14:10:00,13,11,20,14,10,340,32,SORANO DAN IEL (RUE),,,Plein jour,En agglomération,Intersection en T,Normale,Deux véhicules - frontale,,,,,,,,,,,1,2,3,1.0,1
201300024506,0013-11-26 17:22:00,13,11,26,17,22,340,32,"NR, DE GAULLE GENERAL (P",,,Crépuscule ou aube,En agglomération,Hors intersection,Autre,Sans collision,,,,,,,,,,,2,2,1,9.0,7
201300024507,0013-12-01 11:50:00,13,12,1,11,50,340,32,"NR, ERIGNAC CLAUDE (AV)",,,Plein jour,En agglomération,Hors intersection,Autre,Sans collision,,,,,,,,,,,1,2,1,9.0,7
201300024508,0013-12-04 07:15:00,13,12,4,7,15,340,32,"8, CASERNES (RUE DES)",,,Crépuscule ou aube,En agglomération,Hors intersection,Autre,Sans collision,,,,,,,,,,,2,2,1,9.0,7
201300024509,0013-12-10 16:50:00,13,12,10,16,50,340,32,NOGUERES HENRI (RD POINT,,,Crépuscule ou aube,En agglomération,Giratoire,Autre,Sans collision,,,,,,,,,,,2,2,6,9.0,7
201300024510,0013-12-26 13:25:00,13,12,26,13,25,340,32,"NR, WILSON PRESIDENT (AV",,,Plein jour,En agglomération,Hors intersection,Normale,Sans collision,,,,,,,,,,,1,2,1,1.0,7
201300024511,0013-12-30 03:30:00,13,12,30,3,30,340,32,"18,7, ROUTE DEPARTEMENTA",,,Nuit sans éclairage public,Hors agglomération,Hors intersection,Autre,Deux véhicules - arrière,,,,,,,,,,,3,1,1,9.0,2
201300024512,0013-01-01 05:40:00,13,1,1,5,40,340,172,"91, POSTE VIEILLE DE 2 A",43.61083,3.90036,Nuit avec éclairage allumé,En agglomération,Hors intersection,Normale,Autre collision,,,,,,,,,,,5,2,1,1.0,6
201300024513,0013-01-02 15:30:00,13,1,2,15,30,340,172,MASSENA (AVENUE),43.6101,3.8466,Plein jour,En agglomération,Hors intersection,Normale,Deux véhicules - arrière,,,,,,,,,,,1,2,1,1.0,2
201300024514,0013-01-02 19:40:00,13,1,2,19,40,340,172,FLAHAULT (AVENUE CHARLES,43.62559,3.86078,Nuit avec éclairage allumé,En agglomération,Intersection en T,Normale,Deux véhicules - côté,,,,,,,,,,,5,2,3,1.0,3
201300024515,0013-01-03 11:00:00,13,1,3,11,0,340,172,ROBESPIERRE (RUE),43.6002,3.84584,Plein jour,En agglomération,Intersection en T,Normale,Autre collision,,,,,,,,,,,1,2,3,1.0,6
201300024516,0013-01-03 12:30:00,13,1,3,12,30,340,172,FAULQUIER (PLACE),43.60531,3.89192,Plein jour,En agglomération,Hors intersection,Normale,Deux véhicules - arrière,,,,,,,,,,,1,2,1,1.0,2
201300024517,0013-01-03 15:20:00,13,1,3,15,20,340,172,"0, MENDES FRANCE (AVENUE",43.60715,3.93286,Plein jour,En agglomération,Hors intersection,Normale,Trois véhicules et plus - en chaîne,,,,,,,,,,,1,2,1,1.0,4
201300024518,0013-01-04 09:00:00,13,1,4,9,0,340,172,"74, LODEVE (ROUTE DE)",43.6151,3.82427,Plein jour,En agglomération,Hors intersection,Normale,Autre collision,,,,,,,,,,,1,2,1,1.0,6
201300024519,0013-01-04 14:50:00,13,1,4,14,50,340,172,"0, MAURIN (AVENUE DE",43.58706,3.87243,Plein jour,En agglomération,Hors intersection,Normale,Deux véhicules - côté,,,,,,,,,,,1,2,1,1.0,3
201300024520,0013-01-04 18:20:00,13,1,4,18,20,340,172,"0, VALLOIS (RUE PROFESSE",43.6144,3.88377,Nuit avec éclairage allumé,En agglomération,Hors intersection,Normale,Deux véhicules - côté,,,,,,,,,,,5,2,1,1.0,3
201300024521,0013-01-06 05:25:00,13,1,6,5,25,340,172,"0, NERUDA (AVENUE PABLO)",43.61727,3.8202,Nuit avec éclairage allumé,En agglomération,Hors intersection,Normale,Sans collision,,,,,,,,,,,5,2,1,1.0,7
201300024522,0013-01-07 10:50:00,13,1,7,10,50,340,172,"sans, ORIENT (BOULEVARD",43.60336,3.88832,Plein jour,En agglomération,Hors intersection,Normale,Deux véhicules - arrière,,,,,,,,,,,1,2,1,1.0,2
201300024523,0013-01-07 21:00:00,13,1,7,21,0,340,172,"SANS, FLAHAULT (AVENUE C",43.61989,3.86532,Nuit avec éclairage allumé,En agglomération,Intersection en T,Normale,Deux véhicules - frontale,,,,,,,,,,,5,2,3,1.0,1
201300024524,0013-01-08 12:35:00,13,1,8,12,35,340,172,"588, ANTIGONE (BOULEVARD",43.60908,3.88975,Plein jour,En agglomération,Hors intersection,Normale,Autre collision,,,,,,,,,,,1,2,1,1.0,6
201300024525,0013-01-09 10:00:00,13,1,9,10,0,340,172,"., FIGUEROLLES FAUBOURG",43.6064,3.8643,Plein jour,En agglomération,Intersection en T,Normale,Autre collision,,,,,,,,,,,1,2,3,1.0,6
201300024526,0013-01-09 11:00:00,13,1,9,11,0,340,172,"150, GOSSEC (RUE FRANCOI",43.5752,3.8559,Plein jour,En agglomération,Hors intersection,Normale,Autre collision,,,,,,,,,,,1,2,1,1.0,6
201300024527,0013-01-09 13:30:00,13,1,9,13,30,340,172,"0, MARTELLE (ALLEE DE LA",43.60665,3.83841,Plein jour,En agglomération,Hors intersection,Normale,Deux véhicules - frontale,,,,,,,,,,,1,2,1,1.0,1
201300024528,0013-01-09 14:20:00,13,1,9,14,20,340,172,LIBERTE (AVENUE DE LA,43.60889,3.8531,Plein jour,En agglomération,Hors intersection,Normale,Deux véhicules - arrière,,,,,,,,,,,1,2,1,1.0,2
201300024529,0013-01-10 10:00:00,13,1,10,10,0,340,172,"24, GRAND SAINT JEAN (RU",43.60519,3.87511,Plein jour,En agglomération,Hors intersection,Normale,Deux véhicules - côté,,,,,,,,,,,1,2,1,1.0,3
201300024530,0013-01-09 18:40:00,13,1,9,18,40,340,172,"0, DUBOUT (AVENUE ALBERT",43.5969,3.87773,Nuit avec éclairage allumé,En agglomération,Intersection en X,Normale,Deux véhicules - côté,,,,,,,,,,,5,2,2,1.0,3
201300024531,0013-01-09 16:55:00,13,1,9,16,55,340,172,"30, JUSSIEU (RUE ANTOINE",43.63644,3.87404,Plein jour,En agglomération,Hors intersection,Normale,Autre collision,,,,,,,,,,,1,2,1,1.0,6
201300024532,0013-01-11 14:50:00,13,1,11,14,50,340,172,", ABRIVADO (RUE DE L')",43.5896,3.8879,Plein jour,En agglomération,Hors intersection,Normale,Deux véhicules - côté,,,,,,,,,,,1,2,1,1.0,3
201300024533,0013-01-11 20:25:00,13,1,11,20,25,340,172,"sans, SABATIER D'ESPEYRA",43.624,3.86225,Nuit avec éclairage allumé,En agglomération,Hors intersection,Normale,Deux véhicules - côté,,,,,,,,,,,5,2,1,1.0,3
201300024534,0013-01-11 07:35:00,13,1,11,7,35,340,172,"0, VIEILLE POSTE (RUE DE",43.6136,3.90491,Plein jour,En agglomération,Intersection en T,Normale,Deux véhicules - côté,,,,,,,,,,,1,2,3,1.0,3
201300024535,0013-01-11 10:00:00,13,1,11,10,0,340,172,"sans, JANVIER (RUE GUILL",43.59678,3.86521,Plein jour,En agglomération,Hors intersection,Normale,Deux véhicules - côté,,,,,,,,,,,1,2,1,1.0,3
201300024536,0013-01-12 11:10:00,13,1,12,11,10,340,172,"7, BERTIN-SANS (AVENUE E",43.62776,3.86466,Plein jour,En agglomération,Hors intersection,Normale,Deux véhicules - côté,,,,,,,,,,,1,2,1,1.0,3
201300024537,0013-01-13 06:45:00,13,1,13,6,45,340,172,"sans, RAYMOND DUGRAND (A",43.59489,3.90569,Nuit avec éclairage allumé,En agglomération,Hors intersection,Normale,Autre collision,,,,,,,,,,,5,2,1,1.0,6
201300024538,0013-01-14 08:55:00,13,1,14,8,55,340,172,"20, ARCEAUX (BOULEVARD D",43.61187,3.86456,Plein jour,En agglomération,Hors intersection,Normale,Sans collision,,,,,,,,,,,1,2,1,1.0,7
201300024539,0013-01-14 10:00:00,13,1,14,10,0,340,172,"SANS, MELIES (RUE GEORGE",43.60643,3.92354,Plein jour,En agglomération,Hors intersection,Normale,Deux véhicules - côté,,,,,,,,,,,1,2,1,1.0,3
201300024540,0013-01-14 17:45:00,13,1,14,17,45,340,172,"890, AURIOL (AVENUE VINC",43.64242,3.84781,Plein jour,En agglomération,Hors intersection,Normale,Deux véhicules - côté,,,,,,,,,,,1,2,1,1.0,3
201300024541,0013-01-14 19:15:00,13,1,14,19,15,340,172,JUSTICE DE CASTELNAU (AV,43.62685,3.88937,Nuit avec éclairage allumé,En agglomération,Intersection en X,Normale,Autre collision,,,,,,,,,,,5,2,2,1.0,6
201300024542,0013-01-16 08:40:00,13,1,16,8,40,340,172,PONT DE LAVERUNE (RUE DU,43.6042,3.8343,Plein jour,En agglomération,Intersection en X,Normale,Autre collision,,,,,,,,,,,1,2,2,1.0,6
201300024543,0013-01-16 11:50:00,13,1,16,11,50,340,172,MONTELS-EGLISE (RUE DE),43.5793,3.8784,Plein jour,En agglomération,Intersection en T,Temps couvert,Autre collision,,,,,,,,,,,1,2,3,8.0,6
201300024544,0013-01-17 18:25:00,13,1,17,18,25,340,172,"sans, FOCH (RUE)",43.61108,3.87351,Nuit avec éclairage allumé,En agglomération,Hors intersection,Normale,Deux véhicules - arrière,,,,,,,,,,,5,2,1,1.0,2
201300024545,0013-01-17 11:20:00,13,1,17,11,20,340,172,"53, LAVERUNE (ROUTE DE",43.60239,3.85413,Plein jour,En agglomération,Hors intersection,Normale,Deux véhicules - côté,,,,,,,,,,,1,2,1,1.0,3
201300024546,0013-01-19 19:50:00,13,1,19,19,50,340,172,"1469, MOULARES (CHEMIN D",43.5935,3.8899,Nuit sans éclairage public,En agglomération,Hors intersection,Pluie forte,Autre collision,,,,,,,,,,,3,2,1,3.0,6
201300024547,0013-01-22 08:20:00,13,1,22,8,20,340,172,LEPINE (RUE LOUIS),43.61356,3.91199,Plein jour,En agglomération,Intersection en X,Normale,Deux véhicules - côté,,,,,,,,,,,1,2,2,1.0,3
201300024548,0013-01-23 15:50:00,13,1,23,15,50,340,172,"sans, CROIX DES ROSIERS",43.60957,3.83707,Plein jour,En agglomération,Hors intersection,Pluie légère,Deux véhicules - arrière,,,,,,,,,,,1,2,1,2.0,2
201300024549,0013-01-23 19:20:00,13,1,23,19,20,340,129,"SANS, BOIRARGUES (AVENUE",43.58286,3.9253,Nuit sans éclairage public,En agglomération,Hors intersection,Temps couvert,Autre collision,,,,,,,,,,,3,2,1,8.0,6
201300024550,0013-01-24 07:50:00,13,1,24,7,50,340,172,"0, ERNEST HEMINGWAY (AVE",43.6338,3.83554,Plein jour,En agglomération,Hors intersection,Normale,Sans collision,,,,,,,,,,,1,2,1,1.0,7