accident_id,datetime,annee,mois,jour,heure,minute,departement,commune_insee,adresse,latitude,longitude,luminosite,agglomeration,intersection,meteo,collision,nb_vehicules,nb_usagers,nb_indemnes,nb_tues,nb_blesses_hosp,nb_blesses_legers,age_cond_1,age_cond_2,veh_type_cond_1,veh_type_cond_2,lum_code,agg_code,int_code,atm_code,col_code
201300024551,0013-01-24 13:25:00,13,1,24,13,25,340,172,CHATEAU D'O (ROND-POINT,43.63136,3.84281,Plein jour,En agglomération,Hors intersection,Normale,Deux véhicules - arrière,,,,,,,,,,,1,2,1,1.0,2
201300024552,0013-01-25 10:25:00,13,1,25,10,25,340,172,"SANS, SCHUMAN (PLACE ROB",43.6185,3.81818,Plein jour,En agglomération,Hors intersection,Normale,Sans collision,,,,,,,,,,,1,2,1,1.0,7
201300024553,0013-01-25 12:25:00,13,1,25,12,25,340,172,"12, TOULOUSE (AVENUE DE",43.6002,3.86726,Plein jour,En agglomération,Hors intersection,Normale,Deux véhicules - côté,,,,,,,,,,,1,2,1,1.0,3
201300024554,0013-01-25 17:00:00,13,1,25,17,0,340,172,LAVERUNE (ROUTE DE,43.60731,3.83836,Plein jour,En agglomération,Intersection en T,Normale,Deux véhicules - côté,,,,,,,,,,,1,2,3,1.0,3
201300024555,0013-01-26 04:50:00,13,1,26,4,50,340,172,"SANS, MERMOZ (AVENUE JEA",43.61364,3.88785,Nuit avec éclairage allumé,En agglomération,Hors intersection,Normale,Sans collision,,,,,,,,,,,5,2,1,1.0,7
201300024556,0013-01-26 06:30:00,13,1,26,6,30,340,129,"sans, AGAU (AVENUE DE L'",43.58074,3.90842,Nuit sans éclairage public,Hors agglomération,Hors intersection,Normale,Autre collision,,,,,,,,,,,3,1,1,1.0,6
201300024557,0013-01-25 18:10:00,13,1,25,18,10,340,172,"2310, TOULOUSE (AVENUE D",43.58616,3.85232,Nuit sans éclairage public,En agglomération,Hors intersection,Normale,Autre collision,,,,,,,,,,,3,2,1,1.0,6
201300024558,0013-01-27 12:10:00,13,1,27,12,10,340,172,"22 bis, ENCLOS FERMAUD (",43.602,3.8731,Plein jour,En agglomération,Hors intersection,Normale,Autre collision,,,,,,,,,,,1,2,1,1.0,6
201300024559,0013-01-28 08:30:00,13,1,28,8,30,340,172,BOUISSES (RUE DES),43.5982,3.83541,Plein jour,En agglomération,Intersection en T,Normale,Deux véhicules - côté,,,,,,,,,,,1,2,3,1.0,3
201300024560,0013-01-28 12:00:00,13,1,28,12,0,340,172,"240, MONDIAL 98 (AVENUE",43.6036,3.9071,Plein jour,En agglomération,Hors intersection,Normale,Autre collision,,,,,,,,,,,1,2,1,1.0,6
201300024561,0013-01-27 20:00:00,13,1,27,20,0,340,172,"81, CARRIEU (RUE MARIUS)",43.61725,3.84272,Nuit avec éclairage allumé,En agglomération,Hors intersection,Pluie légère,Deux véhicules - arrière,,,,,,,,,,,5,2,1,2.0,2
201300024562,0013-01-29 07:40:00,13,1,29,7,40,340,172,"1093, RAVAZ (AVENUE DU P",43.62343,3.84421,Plein jour,En agglomération,Hors intersection,Normale,Sans collision,,,,,,,,,,,1,2,1,1.0,7
201300024563,0013-01-29 08:45:00,13,1,29,8,45,340,172,PIREE (AVENUE DU),43.60811,3.89674,Plein jour,En agglomération,Hors intersection,Normale,Deux véhicules - côté,,,,,,,,,,,1,2,1,1.0,3
201300024564,0013-02-04 10:15:00,13,2,4,10,15,340,172,"125, PRE AUX CLERCS (RUE",43.62369,3.87378,Plein jour,En agglomération,Hors intersection,Normale,Sans collision,,,,,,,,,,,1,2,1,1.0,7
201300024565,0013-02-06 12:35:00,13,2,6,12,35,340,172,"914, MOULARES (CHEMIN DE",43.6051,3.89214,Plein jour,En agglomération,Hors intersection,Normale,Autre collision,,,,,,,,,,,1,2,1,1.0,6
201300024566,0013-02-06 13:30:00,13,2,6,13,30,340,172,"sans, NERUDA (AVENUE PAB",43.61628,3.82045,Plein jour,En agglomération,Hors intersection,Normale,Trois véhicules et plus - en chaîne,,,,,,,,,,,1,2,1,1.0,4
201300024567,0013-02-08 04:05:00,13,2,8,4,5,340,172,"61, TOULOUSE (AVENUE DE",43.59709,3.86377,Nuit avec éclairage allumé,En agglomération,Hors intersection,Normale,Sans collision,,,,,,,,,,,5,2,1,1.0,7
201300024568,0013-02-08 05:30:00,13,2,8,5,30,340,172,RIMBAUD (RUE PAUL),43.61787,3.84275,Nuit avec éclairage allumé,En agglomération,Intersection en X,Normale,Autre collision,,,,,,,,,,,5,2,2,1.0,6
201300024569,0013-02-08 09:35:00,13,2,8,9,35,340,172,"17, ARCEAUX (BOULEVARD D",43.61149,3.86512,Plein jour,En agglomération,Intersection en T,Normale,Autre collision,,,,,,,,,,,1,2,3,1.0,6
201300024570,0013-02-09 13:15:00,13,2,9,13,15,340,172,"0, GARRATS (AVENUE DES)",43.61223,3.83935,Plein jour,En agglomération,Hors intersection,Normale,Sans collision,,,,,,,,,,,1,2,1,1.0,7
201300024571,0013-02-09 15:15:00,13,2,9,15,15,340,129,"0, CARNON (ROUTE DE  D21",43.58282,3.92531,Plein jour,Hors agglomération,Intersection en X,Normale,Deux véhicules - côté,,,,,,,,,,,1,1,2,1.0,3
201300024572,0013-02-10 19:20:00,13,2,10,19,20,340,172,"57, LAVERUNE (ROUTE DE",43.60212,3.85346,Nuit avec éclairage allumé,En agglomération,Hors intersection,Pluie forte,Deux véhicules - frontale,,,,,,,,,,,5,2,1,3.0,1
201300024573,0013-02-09 22:40:00,13,2,9,22,40,340,172,"0, POITIERS (AVENUE GUIL",43.63424,3.82244,Nuit avec éclairage allumé,En agglomération,Intersection en T,Normale,Deux véhicules - côté,,,,,,,,,,,5,2,3,1.0,3
201300024574,0013-02-10 03:20:00,13,2,10,3,20,340,172,LIBERTE (AVENUE DE LA,43.59616,3.87708,Nuit avec éclairage allumé,En agglomération,Hors intersection,Normale,Sans collision,,,,,,,,,,,5,2,1,1.0,7
201300024575,0013-02-11 09:05:00,13,2,11,9,5,340,172,MOULINS (AVENUE DES,43.63605,3.84451,Plein jour,En agglomération,Hors intersection,Temps couvert,Deux véhicules - arrière,,,,,,,,,,,1,2,1,8.0,2
201300024576,0013-02-12 00:20:00,13,2,12,0,20,340,172,LIBERTE (AVENUE DE LA,43.60259,3.86659,Nuit avec éclairage allumé,En agglomération,Hors intersection,Normale,Sans collision,,,,,,,,,,,5,2,1,1.0,7
201300024577,0013-02-12 10:35:00,13,2,12,10,35,340,172,"4, NOURRIT (RUE ADOLPHE)",43.6048,3.8672,Plein jour,En agglomération,Hors intersection,Normale,Autre collision,,,,,,,,,,,1,2,1,1.0,6
201300024578,0013-02-14 18:50:00,13,2,14,18,50,340,172,CLEMENCEAU (AVENUE GEORG,43.60232,3.87015,Nuit avec éclairage allumé,En agglomération,Hors intersection,Normale,Deux véhicules - frontale,,,,,,,,,,,5,2,1,1.0,1
201300024579,0013-02-14 18:45:00,13,2,14,18,45,340,172,"0, VIEILLE POSTE (RUE DE",43.61687,3.91138,Nuit avec éclairage allumé,En agglomération,Intersection en T,Normale,Deux véhicules - côté,,,,,,,,,,,5,2,3,1.0,3
201300024580,0013-02-17 22:00:00,13,2,17,22,0,340,172,"2, JEU DE PAUME (BOULEVA",43.60848,3.87321,Nuit avec éclairage allumé,En agglomération,Intersection en X,Normale,Autre collision,,,,,,,,,,,5,2,2,1.0,6
201300024581,0013-02-18 17:45:00,13,2,18,17,45,340,172,AIGUELONGUE (RUE DE L'),43.63332,3.8756,Plein jour,En agglomération,Intersection en T,Pluie légère,Sans collision,,,,,,,,,,,1,2,3,2.0,7
201300024582,0013-02-19 08:15:00,13,2,19,8,15,340,172,"sans, GREZES (RUE DES)",43.595,3.82169,Plein jour,En agglomération,Hors intersection,Normale,Sans collision,,,,,,,,,,,1,2,1,1.0,7
201300024583,0013-02-19 14:15:00,13,2,19,14,15,340,172,PAS DU LOUP (RUE DU,43.59662,3.8449,Plein jour,En agglomération,Intersection en X,Normale,Autre collision,,,,,,,,,,,1,2,2,1.0,6
201300024584,0013-02-20 09:50:00,13,2,20,9,50,340,172,JUSTICE DE CASTELNAU (AV,43.62694,3.87265,Plein jour,En agglomération,Intersection en T,Normale,Deux véhicules - côté,,,,,,,,,,,1,2,3,1.0,3
201300024585,0013-02-20 12:40:00,13,2,20,12,40,340,172,RABELAIS (BOULEVARD),43.6011,3.8815,Plein jour,En agglomération,Intersection en T,Normale,Deux véhicules - côté,,,,,,,,,,,1,2,3,1.0,3
201300024586,0013-02-20 13:54:00,13,2,20,13,54,340,172,ECOLE D'AGRICULTURE-GABR,43.61301,3.85888,Plein jour,En agglomération,Giratoire,Normale,Deux véhicules - côté,,,,,,,,,,,1,2,6,1.0,3
201300024587,0013-02-21 10:05:00,13,2,21,10,5,340,172,CHAMPLAIN (AVENUE SAMUEL,43.60718,3.88949,Plein jour,En agglomération,Intersection en T,Normale,Deux véhicules - côté,,,,,,,,,,,1,2,3,1.0,3
201300024588,0013-02-21 13:14:00,13,2,21,13,14,340,129,"0, AGAU (AVENUE DE L')",43.58698,3.90826,Plein jour,En agglomération,Hors intersection,Normale,Deux véhicules - arrière,,,,,,,,,,,1,2,1,1.0,2
201300024589,0013-02-21 19:02:00,13,2,21,19,2,340,172,"0, JOUHAUX (AVENUE LEON)",43.59476,3.82019,Nuit sans éclairage public,Hors agglomération,Hors intersection,Normale,Deux véhicules - côté,,,,,,,,,,,3,1,1,1.0,3
201300024590,0013-02-22 15:00:00,13,2,22,15,0,340,129,"sans, PUECH RADIER (RUE)",43.57847,3.88044,Plein jour,En agglomération,Hors intersection,Normale,Autre collision,,,,,,,,,,,1,2,1,1.0,6
201300024591,0013-02-23 01:00:00,13,2,23,1,0,340,172,"9 bis, FLAHAULT (AVENUE",43.62067,3.86486,Nuit avec éclairage allumé,En agglomération,Hors intersection,Normale,Sans collision,,,,,,,,,,,5,2,1,1.0,7
201300024592,0013-02-23 05:30:00,13,2,23,5,30,340,172,"0, PALAVAS (AVENUE DE)",43.5888,3.89316,Nuit sans éclairage public,En agglomération,Hors intersection,Normale,Deux véhicules - côté,,,,,,,,,,,3,2,1,1.0,3
201300024593,0013-02-25 17:45:00,13,2,25,17,45,340,129,SAPORTA (CHEMIN DE),43.5764,3.889,Plein jour,Hors agglomération,Intersection en T,Normale,Sans collision,,,,,,,,,,,1,1,3,1.0,7
201300024594,0013-02-27 10:40:00,13,2,27,10,40,340,172,BRIOL (ALLEE DU),43.59815,3.83775,Plein jour,En agglomération,Hors intersection,Normale,Deux véhicules - frontale,,,,,,,,,,,1,2,1,1.0,1
201300024595,0013-03-02 14:20:00,13,3,2,14,20,340,172,ARENES (ROND POINT DES P,43.58915,3.89076,Plein jour,En agglomération,Hors intersection,Normale,Deux véhicules - arrière,,,,,,,,,,,1,2,1,1.0,2
201300024596,0013-03-02 22:50:00,13,3,2,22,50,340,172,"sans, JUSTICE DE CASTELN",43.62705,3.86952,Nuit avec éclairage allumé,En agglomération,Place,Normale,Deux véhicules - côté,,,,,,,,,,,5,2,7,1.0,3
201300024597,0013-03-03 18:05:00,13,3,3,18,5,340,172,BARI (RUE DE),43.6283,3.8209,Plein jour,En agglomération,Hors intersection,Normale,Deux véhicules - côté,,,,,,,,,,,1,2,1,1.0,3
201300024598,0013-03-04 10:40:00,13,3,4,10,40,340,172,VANIERES (AVENUE DE),43.59585,3.84681,Plein jour,En agglomération,Hors intersection,Normale,Trois véhicules et plus - en chaîne,,,,,,,,,,,1,2,1,1.0,4
201300024599,0013-03-04 23:05:00,13,3,4,23,5,340,172,"35 BIS, ASSAS (AVENUE D'",43.61518,3.86403,Nuit avec éclairage allumé,En agglomération,Hors intersection,Normale,Autre collision,,,,,,,,,,,5,2,1,1.0,6
201300024600,0013-03-05 08:10:00,13,3,5,8,10,340,172,CANDELIERS (RUE DES),43.6003,3.8743,Plein jour,En agglomération,Intersection en X,Pluie forte,Autre collision,,,,,,,,,,,1,2,2,3.0,6
201300024601,0013-03-05 15:20:00,13,3,5,15,20,340,172,"0, JUSTICE DE CASTELNAU",43.62605,3.88242,Plein jour,En agglomération,Intersection en X,Pluie légère,Deux véhicules - côté,,,,,,,,,,,1,2,2,2.0,3
201300024602,0013-03-06 15:00:00,13,3,6,15,0,340,172,"sans, NERUDA (AVENUE PAB",43.61683,3.8201,Plein jour,En agglomération,Hors intersection,Pluie légère,Sans collision,,,,,,,,,,,1,2,1,2.0,7
201300024603,0013-03-07 06:10:00,13,3,7,6,10,340,129,"0, AGAU (AVENUE DE L')",43.58002,3.90816,Nuit sans éclairage public,En agglomération,Hors intersection,Temps couvert,Deux véhicules - frontale,,,,,,,,,,,3,2,1,8.0,1
201300024604,0013-03-07 14:45:00,13,3,7,14,45,340,172,"3650, VALERY (BOULEVARD",43.58923,3.85637,Plein jour,En agglomération,Autre intersection,Temps couvert,Deux véhicules - côté,,,,,,,,,,,1,2,9,8.0,3
201300024605,0013-03-07 18:10:00,13,3,7,18,10,340,172,"sans, PEYSON (RUE FREDER",43.60058,3.87938,Nuit avec éclairage allumé,En agglomération,Hors intersection,Temps couvert,Deux véhicules - côté,,,,,,,,,,,5,2,1,8.0,3
201300024606,0013-03-08 15:40:00,13,3,8,15,40,340,172,RIMBAUD (RUE PAUL),43.6166,3.83602,Plein jour,En agglomération,Intersection en T,Normale,Deux véhicules - côté,,,,,,,,,,,1,2,3,1.0,3
201300024607,0013-03-09 17:26:00,13,3,9,17,26,340,172,LIBERTE (AVENUE DE LA,43.60891,3.85988,Plein jour,En agglomération,Hors intersection,Normale,Sans collision,,,,,,,,,,,1,2,1,1.0,7
201300024608,0013-03-10 15:00:00,13,3,10,15,0,340,172,"0, POMPIGNANE (AVENUE DE",43.61819,3.89759,Plein jour,En agglomération,Intersection en X,Normale,Deux véhicules - côté,,,,,,,,,,,1,2,2,1.0,3
201300024609,0013-03-12 05:38:00,13,3,12,5,38,340,172,"0, FLANDRES-DUNKERQUE (P",43.58966,3.85625,Nuit avec éclairage allumé,En agglomération,Giratoire,Pluie légère,Deux véhicules - côté,,,,,,,,,,,5,2,6,2.0,3
201300024610,0013-03-12 08:40:00,13,3,12,8,40,340,172,"720, LEPINE (RUE LOUIS)",43.61413,3.91434,Plein jour,En agglomération,Hors intersection,Normale,Deux véhicules - frontale,,,,,,,,,,,1,2,1,1.0,1
201300024611,0013-03-12 17:15:00,13,3,12,17,15,340,172,"17, FLAHAULT (AVENUE CHA",43.62403,3.86214,Plein jour,En agglomération,Hors intersection,Normale,Deux véhicules - côté,,,,,,,,,,,1,2,1,1.0,3
201300024612,0013-03-13 17:40:00,13,3,13,17,40,340,172,"2452, SOULAS (AVENUE DU",43.62961,3.84398,Plein jour,En agglomération,Hors intersection,Normale,Deux véhicules - côté,,,,,,,,,,,1,2,1,1.0,3
201300024613,0013-03-14 09:15:00,13,3,14,9,15,340,172,"sans, LODEVE (ROUTE DE)",43.61538,3.82031,Plein jour,En agglomération,Hors intersection,Normale,Deux véhicules - côté,,,,,,,,,,,1,2,1,1.0,3
201300024614,0013-03-14 11:30:00,13,3,14,11,30,340,172,"SANS, PAVELET (AVENUE DU",43.58222,3.86356,Plein jour,En agglomération,Hors intersection,Normale,Deux véhicules - arrière,,,,,,,,,,,1,2,1,1.0,2
201300024615,0013-03-14 18:15:00,13,3,14,18,15,340,172,PONT TRINQUAT (AVENUE DU,43.59547,3.89647,Plein jour,En agglomération,Hors intersection,Normale,Autre collision,,,,,,,,,,,1,2,1,1.0,6
201300024616,0013-03-14 18:25:00,13,3,14,18,25,340,172,"., LAVERUNE (ROUTE DE",43.60082,3.84542,Plein jour,En agglomération,Autre intersection,Normale,Deux véhicules - côté,,,,,,,,,,,1,2,9,1.0,3
201300024617,0013-03-15 04:40:00,13,3,15,4,40,340,172,"sans, GRAND SAINT JEAN (",43.60441,3.87775,Nuit avec éclairage allumé,En agglomération,Intersection en T,Normale,Deux véhicules - côté,,,,,,,,,,,5,2,3,1.0,3
201300024618,0013-03-15 07:40:00,13,3,15,7,40,340,172,"2590, VALERY (BOULEVARD",43.59632,3.84932,Plein jour,En agglomération,Hors intersection,Normale,Deux véhicules - côté,,,,,,,,,,,1,2,1,1.0,3
201300024619,0013-03-15 12:35:00,13,3,15,12,35,340,172,"sans, TOULOUSE (AVENUE D",43.59525,3.86189,Plein jour,En agglomération,Hors intersection,Normale,Deux véhicules - côté,,,,,,,,,,,1,2,1,1.0,3
201300024620,0013-03-15 13:10:00,13,3,15,13,10,340,172,GRAMMONT (AVENUE DE),43.61017,3.92976,Plein jour,Hors agglomération,Intersection en T,Normale,Deux véhicules - côté,,,,,,,,,,,1,1,3,1.0,3
201300024621,0013-03-17 14:35:00,13,3,17,14,35,340,172,"0, PONT JUVENAL (AVENUE",43.60589,3.8942,Plein jour,En agglomération,Intersection en X,Pluie légère,Deux véhicules - côté,,,,,,,,,,,1,2,2,2.0,3
201300024622,0013-03-18 04:50:00,13,3,18,4,50,340,172,"0, DOMITIENNE (VOIE)",43.6239,3.862,Nuit avec éclairage allumé,En agglomération,Intersection en X,Pluie légère,Sans collision,,,,,,,,,,,5,2,2,2.0,7
201300024623,0013-03-18 10:20:00,13,3,18,10,20,340,172,"0, ODYSSEUM (PLACE)",43.60429,3.91269,Plein jour,En agglomération,Hors intersection,Normale,Deux véhicules - côté,,,,,,,,,,,1,2,1,1.0,3
201300024624,0013-03-18 13:05:00,13,3,18,13,5,340,172,"sans, HUGO (BOULEVARD VI",43.60706,3.87842,Plein jour,En agglomération,Hors intersection,Normale,Autre collision,,,,,,,,,,,1,2,1,1.0,6
201300024625,0013-03-18 16:00:00,13,3,18,16,0,340,172,"15, CLEMENCEAU (AVENUE G",43.60425,3.87347,Plein jour,En agglomération,Hors intersection,Normale,Sans collision,,,,,,,,,,,1,2,1,1.0,7
201300024626,0013-03-20 20:25:00,13,3,20,20,25,340,172,VIALA (AVENUE PROFESSEUR,43.63636,3.82726,Nuit avec éclairage allumé,En agglomération,Hors intersection,Temps couvert,Deux véhicules - côté,,,,,,,,,,,5,2,1,8.0,3
201300024627,0013-03-21 09:30:00,13,3,21,9,30,340,172,"620, PARGUEL (AVENUE ABB",43.6375,3.85972,Plein jour,En agglomération,Intersection en T,Normale,Trois véhicules et plus - collisions multiples,,,,,,,,,,,1,2,3,1.0,5
201300024628,0013-03-21 16:20:00,13,3,21,16,20,340,172,"1401, SORBES (RUE DE LAS",43.61429,3.84846,Plein jour,En agglomération,Hors intersection,Normale,Autre collision,,,,,,,,,,,1,2,1,1.0,6
201300024629,0013-03-21 23:50:00,13,3,21,23,50,340,172,"870, MOULARES (CHEMIN DE",43.59826,3.89332,Nuit sans éclairage public,En agglomération,Hors intersection,Normale,Deux véhicules - arrière,,,,,,,,,,,3,2,1,1.0,2
201300024630,0013-03-22 11:20:00,13,3,22,11,20,340,172,AURIOL (AVENUE VINCENT),43.64974,3.85767,Plein jour,En agglomération,Hors intersection,Temps couvert,Deux véhicules - côté,,,,,,,,,,,1,2,1,8.0,3
201300024631,0013-03-22 13:20:00,13,3,22,13,20,340,172,"0, EUROPE (AVENUE DE L')",43.62683,3.82178,Plein jour,En agglomération,Intersection en X,Temps couvert,Deux véhicules - arrière,,,,,,,,,,,1,2,2,8.0,2
201300024632,0013-03-23 19:10:00,13,3,23,19,10,340,172,"0, DORIA (RUE)",43.6134,3.86788,Nuit avec éclairage allumé,En agglomération,Intersection en X,Pluie légère,Autre collision,,,,,,,,,,,5,2,2,2.0,6
201300024633,0013-03-24 13:02:00,13,3,24,13,2,340,172,"sans, GOSSEC (RUE FRANCO",43.57513,3.85918,Plein jour,En agglomération,Hors intersection,Pluie forte,Sans collision,,,,,,,,,,,1,2,1,3.0,7
201300024634,0013-03-24 20:25:00,13,3,24,20,25,340,172,"19 bis, FIGAIRASSE (RUE",43.60694,3.85077,Nuit avec éclairage allumé,En agglomération,Hors intersection,Normale,Deux véhicules - frontale,,,,,,,,,,,5,2,1,1.0,1
201300024635,0013-03-25 08:20:00,13,3,25,8,20,340,172,"0, MONTMORENCY (ALLEE HE",43.61034,3.89042,Plein jour,En agglomération,Intersection en T,Normale,Deux véhicules - côté,,,,,,,,,,,1,2,3,1.0,3
201300024636,0013-03-26 14:25:00,13,3,26,14,25,340,172,TOULOUSE (AVENUE DE,43.59418,3.86073,Plein jour,En agglomération,Intersection en X,Normale,Deux véhicules - côté,,,,,,,,,,,1,2,2,1.0,3
201300024637,0013-03-27 14:20:00,13,3,27,14,20,340,172,"2023, SOULAS (AVENUE DU",43.6273,3.84704,Plein jour,En agglomération,Hors intersection,Normale,Deux véhicules - côté,,,,,,,,,,,1,2,1,1.0,3
201300024638,0013-03-28 12:25:00,13,3,28,12,25,340,172,YOUNG (RUE ARTHUR),43.64443,3.86561,Plein jour,En agglomération,Hors intersection,Pluie forte,Deux véhicules - arrière,,,,,,,,,,,1,2,1,3.0,2
201300024639,0013-03-28 14:00:00,13,3,28,14,0,340,172,"200, SOULAS (AVENUE DU P",43.61792,3.86631,Plein jour,En agglomération,Hors intersection,Pluie forte,Sans collision,,,,,,,,,,,1,2,1,3.0,7
201300024640,0013-03-30 06:35:00,13,3,30,6,35,340,172,"0, PITOT (RUE)",43.61196,3.87187,Crépuscule ou aube,En agglomération,Intersection en T,Normale,Sans collision,,,,,,,,,,,2,2,3,1.0,7
201300024641,0013-04-01 20:40:00,13,4,1,20,40,340,172,"20, GRAND SAINT JEAN (RU",43.60467,3.87714,Nuit avec éclairage allumé,En agglomération,Hors intersection,Pluie légère,Deux véhicules - côté,,,,,,,,,,,5,2,1,2.0,3
201300024642,0013-04-02 15:52:00,13,4,2,15,52,340,172,"41, CLEMENCEAU (AVENUE G",43.6026,3.8709,Plein jour,En agglomération,Hors intersection,Normale,Deux véhicules - côté,,,,,,,,,,,1,2,1,1.0,3
201300024643,0013-04-03 16:50:00,13,4,3,16,50,340,172,"0, PIREE (AVENUE DU)",43.60856,3.89673,Plein jour,En agglomération,Intersection en T,Normale,Trois véhicules et plus - en chaîne,,,,,,,,,,,1,2,3,1.0,4
201300024644,0013-04-04 08:00:00,13,4,4,8,0,340,172,RECAMBALE (AVENUE DE LA),43.59686,3.8444,Plein jour,En agglomération,Intersection en X,Normale,Deux véhicules - arrière,,,,,,,,,,,1,2,2,1.0,2
201300024645,0013-04-02 08:20:00,13,4,2,8,20,340,172,"sans, SAINT VINCENT DE P",43.62191,3.87443,Plein jour,En agglomération,Hors intersection,Pluie légère,Autre collision,,,,,,,,,,,1,2,1,2.0,6
201300024646,0013-04-02 09:40:00,13,4,2,9,40,340,172,"2450, SOULAS (AVENUE DU",43.62955,3.84391,Plein jour,En agglomération,Hors intersection,Normale,Deux véhicules - côté,,,,,,,,,,,1,2,1,1.0,3
201300024647,0013-04-05 13:10:00,13,4,5,13,10,340,172,"SANS, VALLOIS (RUE PROFE",43.6144,3.88381,Plein jour,En agglomération,Hors intersection,Normale,Deux véhicules - côté,,,,,,,,,,,1,2,1,1.0,3
201300024648,0013-04-05 16:20:00,13,4,5,16,20,340,172,"SANS, MONTELS-EGLISE (RU",43.58029,3.881,Plein jour,En agglomération,Intersection en T,Normale,Deux véhicules - frontale,,,,,,,,,,,1,2,3,1.0,1
201300024649,0013-04-07 12:45:00,13,4,7,12,45,340,172,BOLOGNE (RUE DE),43.62832,3.81757,Plein jour,En agglomération,Hors intersection,Normale,Deux véhicules - côté,,,,,,,,,,,1,2,1,1.0,3
201300024650,0013-04-08 01:10:00,13,4,8,1,10,340,129,"sans, D116",43.5612,3.86678,Nuit sans éclairage public,Hors agglomération,Hors intersection,Normale,Autre collision,,,,,,,,,,,3,1,1,1.0,6
201300024651,0013-04-07 18:55:00,13,4,7,18,55,340,172,GAMBETTA (COURS),43.6072,3.8708,Plein jour,En agglomération,Intersection en X,Normale,Deux véhicules - côté,,,,,,,,,,,1,2,2,1.0,3
201300024652,0013-04-07 20:07:00,13,4,7,20,7,340,172,"17, AIRE (RUE DE L')",43.6054,3.8853,Crépuscule ou aube,En agglomération,Hors intersection,Normale,Autre collision,,,,,,,,,,,2,2,1,1.0,6
201300024653,0013-04-08 18:35:00,13,4,8,18,35,340,172,"33, TOULOUSE (AVENUE DE",43.59908,3.86612,Plein jour,En agglomération,Hors intersection,Normale,Sans collision,,,,,,,,,,,1,2,1,1.0,7
201300024654,0013-04-09 08:30:00,13,4,9,8,30,340,172,"161, MAS SAINT PIERRE (R",43.58193,3.88027,Plein jour,En agglomération,Hors intersection,Normale,Autre collision,,,,,,,,,,,1,2,1,1.0,6
201300024655,0013-04-09 12:10:00,13,4,9,12,10,340,172,"16, SAINT LOUIS (RUE)",43.6108,3.86668,Plein jour,En agglomération,Hors intersection,Normale,Autre collision,,,,,,,,,,,1,2,1,1.0,6
201300024656,0013-04-09 17:30:00,13,4,9,17,30,340,172,"85, OXFORD (RUE D')",43.62693,3.82061,Plein jour,En agglomération,Hors intersection,Normale,Deux véhicules - côté,,,,,,,,,,,1,2,1,1.0,3
201300024657,0013-04-10 17:35:00,13,4,10,17,35,340,172,"1732, MONSIEUR TESTE (AV",43.59942,3.84081,Plein jour,En agglomération,Hors intersection,Normale,Sans collision,,,,,,,,,,,1,2,1,1.0,7
201300024658,0013-04-10 21:05:00,13,4,10,21,5,340,172,"SANS, LODEVE (ROUTE DE)",43.61472,3.82775,Nuit avec éclairage allumé,En agglomération,Intersection en T,Normale,Deux véhicules - côté,,,,,,,,,,,5,2,3,1.0,3
201300024659,0013-04-11 00:01:00,13,4,11,0,1,340,172,"sans, ASSAS (AVENUE D')",43.61276,3.86743,Nuit avec éclairage allumé,En agglomération,Intersection en X,Normale,Deux véhicules - côté,,,,,,,,,,,5,2,2,1.0,3
201300024660,0013-04-11 09:20:00,13,4,11,9,20,340,129,"0, EUROPE (PLACE DE L')",43.6077,3.89411,Plein jour,En agglomération,Hors intersection,Normale,Sans collision,,,,,,,,,,,1,2,1,1.0,7
201300024661,0013-04-11 21:50:00,13,4,11,21,50,340,172,"315, RIMBAUD (RUE PAUL)",43.6185,3.84528,Nuit avec éclairage allumé,En agglomération,Hors intersection,Normale,Deux véhicules - arrière,,,,,,,,,,,5,2,1,1.0,2
201300024662,0013-04-11 22:50:00,13,4,11,22,50,340,172,POSEIDON (RUE),43.60694,3.89399,Nuit avec éclairage allumé,En agglomération,Intersection en X,Pluie légère,Deux véhicules - côté,,,,,,,,,,,5,2,2,2.0,3
201300024663,0013-04-12 19:30:00,13,4,12,19,30,340,172,"1, LODEVE (ROUTE DE)",43.6146,3.83009,Crépuscule ou aube,En agglomération,Hors intersection,Normale,Trois véhicules et plus - collisions multiples,,,,,,,,,,,2,2,1,1.0,5
201300024664,0013-04-13 15:30:00,13,4,13,15,30,340,172,LA BLOTTIERE (RUE),43.61154,3.87203,Plein jour,En agglomération,Hors intersection,Normale,Autre collision,,,,,,,,,,,1,2,1,1.0,6
201300024665,0013-04-13 14:50:00,13,4,13,14,50,340,172,"13, CHOLET (RUE DE)",43.58509,3.8692,Plein jour,En agglomération,Hors intersection,Normale,Deux véhicules - arrière,,,,,,,,,,,1,2,1,1.0,2
201300024666,0013-04-16 10:00:00,13,4,16,10,0,340,172,POMPIGNANE (AVENUE DE LA,43.62216,3.89771,Plein jour,En agglomération,Intersection en T,Normale,Deux véhicules - côté,,,,,,,,,,,1,2,3,1.0,3
201300024667,0013-04-15 20:10:00,13,4,15,20,10,340,172,"0, BLAYAC (RUE DU PROFES",43.6261,3.82396,Plein jour,En agglomération,Hors intersection,Normale,Deux véhicules - côté,,,,,,,,,,,1,2,1,1.0,3
201300024668,0013-04-13 12:35:00,13,4,13,12,35,340,172,"0, PAVELET (AVENUE DU CO",43.58135,3.86534,Plein jour,En agglomération,Hors intersection,Normale,Trois véhicules et plus - en chaîne,,,,,,,,,,,1,2,1,1.0,4