accident_id,datetime,annee,mois,jour,heure,minute,departement,commune_insee,adresse,latitude,longitude,luminosite,agglomeration,intersection,meteo,collision,nb_vehicules,nb_usagers,nb_indemnes,nb_tues,nb_blesses_hosp,nb_blesses_legers,age_cond_1,age_cond_2,veh_type_cond_1,veh_type_cond_2,lum_code,agg_code,int_code,atm_code,col_code
201300025507,0013-12-24 13:30:00,13,12,24,13,30,350,238,ST H?LIER/LA?NNEC,48.1056,-1.66605,Plein jour,En agglomération,Intersection à plus de 4 branches,Temps couvert,Autre collision,,,,,,,,,,,1,2,5,8.0,6
201300025508,0013-12-24 15:45:00,13,12,24,15,45,350,278,"00, PORTE DE ST MALO",,,Plein jour,En agglomération,Hors intersection,Normale,Autre collision,,,,,,,,,,,1,2,1,1.0,6
201300025509,0013-12-27 07:25:00,13,12,27,7,25,350,238,BOIS LABB?/CUCILL?,48.1281,-1.70319,Nuit avec éclairage allumé,En agglomération,Giratoire,Pluie légère,Autre collision,,,,,,,,,,,5,2,6,2.0,6
201300025510,0013-12-27 06:35:00,13,12,27,6,35,350,238,MARBEUF/GUICHEN,48.1114,-1.70335,Nuit avec éclairage allumé,En agglomération,Intersection en T,Pluie légère,Autre collision,,,,,,,,,,,5,2,3,2.0,6
201300025511,0013-12-27 10:10:00,13,12,27,10,10,350,238,PORTE DU BLOSNE,48.0846,-1.64324,Plein jour,En agglomération,Giratoire,Pluie forte,Deux véhicules - arrière,,,,,,,,,,,1,2,6,3.0,2
201300025512,0013-12-27 20:05:00,13,12,27,20,5,350,238,VERN/A.THOMAS,48.0953,-1.65068,Nuit avec éclairage allumé,En agglomération,Intersection en T,Pluie légère,Deux véhicules - arrière,,,,,,,,,,,5,2,3,2.0,2
201300025513,0013-12-28 09:30:00,13,12,28,9,30,350,238,PORTE D'ANGERS,48.0819,-1.64664,Plein jour,En agglomération,Intersection à plus de 4 branches,Normale,Sans collision,,,,,,,,,,,1,2,5,1.0,7
201300025514,0013-12-29 10:00:00,13,12,29,10,0,350,238,F.LIBRES/J.MILON,48.1053,-1.6687,Plein jour,En agglomération,Intersection en T,Normale,Autre collision,,,,,,,,,,,1,2,3,1.0,6
201300025515,0013-12-31 20:00:00,13,12,31,20,0,350,238,L.GUILLOUX/MARBEUF,48.112,-1.70236,Nuit avec éclairage allumé,En agglomération,Intersection en X,Temps couvert,Deux véhicules - côté,,,,,,,,,,,5,2,2,8.0,3
201300025516,0013-05-04 12:15:00,13,5,4,12,15,350,93,"29, CAQUOT ALBERT (AVENU",48.62184,-2.04548,Plein jour,En agglomération,Hors intersection,Normale,Sans collision,,,,,,,,,,,1,2,1,1.0,7
201300025517,0013-08-12 01:30:00,13,8,12,1,30,350,93,"40, VILLOU ( BOULEVARD D",48.62769,-2.07414,Nuit avec éclairage allumé,En agglomération,Giratoire,Normale,Deux véhicules - côté,,,,,,,,,,,5,2,6,1.0,3
201300025518,0013-08-07 14:40:00,13,8,7,14,40,350,93,"00, FEART (BOULEVARD)",,,Plein jour,En agglomération,Intersection en T,Normale,Deux véhicules - côté,,,,,,,,,,,1,2,3,1.0,3
201300025519,0013-09-24 18:11:00,13,9,24,18,11,350,241,"00, D168",,,Plein jour,En agglomération,Hors intersection,Normale,Deux véhicules - côté,,,,,,,,,,,1,2,1,1.0,3
201300025520,0013-01-08 17:00:00,13,1,8,17,0,350,288,"19, MOKA (AVENUE DE)",48.65556,-2.0043,Plein jour,En agglomération,Intersection en X,Normale,Deux véhicules - frontale,,,,,,,,,,,1,2,2,1.0,1
201300025521,0013-01-10 10:30:00,13,1,10,10,30,350,288,"13, TALARDS (BOULEVARD D",48.64579,-2.00841,Plein jour,En agglomération,Hors intersection,Normale,Autre collision,,,,,,,,,,,1,2,1,1.0,6
201300025522,0013-01-10 17:54:00,13,1,10,17,54,350,288,"28, PATTON GENERAL (RUE",48.62387,-1.99846,Nuit avec éclairage allumé,En agglomération,Hors intersection,Normale,Deux véhicules - côté,,,,,,,,,,,5,2,1,1.0,3
201300025523,0013-01-26 14:50:00,13,1,26,14,50,350,288,"0, TRIQUERVILLE JEAN-PIE",48.64065,-1.99953,Plein jour,En agglomération,Giratoire,Normale,Autre collision,,,,,,,,,,,1,2,6,1.0,6
201300025524,0013-02-01 16:46:00,13,2,1,16,46,350,241,rue des artisans,48.60801,-2.05445,Plein jour,En agglomération,Hors intersection,Normale,Deux véhicules - côté,,,,,,,,,,,1,2,1,1.0,3
201300025525,0013-02-07 08:30:00,13,2,7,8,30,350,288,"0, MOKA (AVENUE DE)",48.65305,-2.00325,Plein jour,En agglomération,Hors intersection,Normale,Deux véhicules - côté,,,,,,,,,,,1,2,1,1.0,3
201300025526,0013-02-23 16:05:00,13,2,23,16,5,350,288,SILLON (DU) CHAUSSEE,48.65214,-2.01717,Plein jour,En agglomération,Intersection en T,Normale,Deux véhicules - côté,,,,,,,,,,,1,2,3,1.0,3
201300025527,0013-03-31 16:00:00,13,3,31,16,0,350,288,KENNEDY JOHN (AVENUE),,,Plein jour,En agglomération,Hors intersection,Normale,Deux véhicules - côté,,,,,,,,,,,1,2,1,1.0,3
201300025528,0013-04-25 09:30:00,13,4,25,9,30,350,288,"42, MARVILLE (AVENUE DE)",48.64326,-2.00408,Plein jour,En agglomération,Hors intersection,Normale,Autre collision,,,,,,,,,,,1,2,1,1.0,6
201300025529,0013-05-15 16:10:00,13,5,15,16,10,350,288,"0, COQUELIN ( SQUARE JEA",48.64707,-2.00789,Plein jour,En agglomération,Giratoire,Normale,Autre collision,,,,,,,,,,,1,2,6,1.0,6
201300025530,0013-05-28 16:45:00,13,5,28,16,45,350,241,"000, D168",48.61728,-2.02902,Plein jour,Hors agglomération,Hors intersection,Normale,Autre collision,,,,,,,,,,,1,1,1,1.0,6
201300025531,0013-03-14 12:10:00,13,3,14,12,10,350,288,"0, KENNEDY JOHN (AVENUE)",48.6665,-1.98622,Plein jour,En agglomération,Hors intersection,Normale,Deux véhicules - arrière,,,,,,,,,,,1,2,1,1.0,2
201300025532,0013-03-31 17:49:00,13,3,31,17,49,350,288,"0, COUBERTIN PIERRE (RUE",48.64031,-2.00197,Plein jour,En agglomération,Intersection en T,Normale,Deux véhicules - côté,,,,,,,,,,,1,2,3,1.0,3
201300025533,0013-06-15 18:05:00,13,6,15,18,5,350,288,DUGUAY-TROUIN (QUAI),48.65146,-2.01833,Plein jour,En agglomération,Hors intersection,Normale,Deux véhicules - arrière,,,,,,,,,,,1,2,1,1.0,2
201300025534,0013-06-22 19:57:00,13,6,22,19,57,350,241,"0.0, BARRAGE DE LA RANCE",48.61664,-2.02963,Plein jour,Hors agglomération,Hors intersection,Normale,Autre collision,,,,,,,,,,,1,1,1,1.0,6
201300025535,0013-07-03 09:43:00,13,7,3,9,43,350,288,"0.0, DEPORTES (BOULEVARD",48.65766,-1.97201,Plein jour,En agglomération,Hors intersection,Normale,Autre collision,,,,,,,,,,,1,2,1,1.0,6
201300025536,0013-07-02 20:30:00,13,7,2,20,30,350,288,"0, CASSIN RENE (ROND POI",48.62163,-1.99319,Plein jour,En agglomération,Giratoire,Pluie légère,Deux véhicules - frontale,,,,,,,,,,,1,2,6,2.0,1
201300025537,0013-06-01 14:46:00,13,6,1,14,46,350,93,Bd du Villou,48.62439,-2.06771,Plein jour,En agglomération,Intersection en T,Normale,Deux véhicules - côté,,,,,,,,,,,1,2,3,1.0,3
201300025538,0013-07-10 11:30:00,13,7,10,11,30,350,288,"26, BOTRELTHEODORE (BOUL",48.65282,-2.00535,Plein jour,En agglomération,Hors intersection,Normale,Deux véhicules - côté,,,,,,,,,,,1,2,1,1.0,3
201300025539,0013-07-20 15:09:00,13,7,20,15,9,350,288,LE POMELLEC (RUE),48.6395,-2.0158,Plein jour,En agglomération,Hors intersection,Normale,Sans collision,,,,,,,,,,,1,2,1,1.0,7
201300025540,0013-07-12 15:44:00,13,7,12,15,44,350,43,rue de la Grassinais,48.62429,-1.9869,Plein jour,En agglomération,Hors intersection,Temps éblouissant,Autre collision,,,,,,,,,,,1,2,1,7.0,6
201300025541,0013-08-01 14:15:00,13,8,1,14,15,350,241,"0, D168",48.61328,-2.0537,Plein jour,En agglomération,Hors intersection,Normale,Deux véhicules - arrière,,,,,,,,,,,1,2,1,1.0,2
201300025542,0013-08-05 17:50:00,13,8,5,17,50,350,288,"7, SABLONS (DES BAS) RUE",,,Plein jour,En agglomération,Hors intersection,Normale,Autre collision,,,,,,,,,,,1,2,1,1.0,6
201300025543,0013-07-16 10:50:00,13,7,16,10,50,350,288,"00, REPUBLIQUE (BOULEVAR",48.64725,-2.00856,Plein jour,En agglomération,Giratoire,Normale,Deux véhicules - côté,,,,,,,,,,,1,2,6,1.0,3
201300025544,0013-09-15 15:45:00,13,9,15,15,45,350,288,"0, KENNEDY JOHN (AVENUE)",,,Plein jour,En agglomération,Hors intersection,Normale,Autre collision,,,,,,,,,,,1,2,1,1.0,6
201300025545,0013-09-18 11:45:00,13,9,18,11,45,350,288,"0, CHATEAUBRIAND (BOULEV",48.65848,-1.9949,Plein jour,En agglomération,Hors intersection,Pluie légère,Autre collision,,,,,,,,,,,1,2,1,2.0,6
201300025546,0013-09-24 18:11:00,13,9,24,18,11,350,241,,48.61378,-2.03655,Plein jour,En agglomération,Intersection en X,Normale,Deux véhicules - côté,,,,,,,,,,,1,2,2,1.0,3
201300025547,0013-10-17 07:30:00,13,10,17,7,30,350,288,MIRIEL (RUE),48.64855,-1.9998,Nuit sans éclairage public,En agglomération,Hors intersection,Temps couvert,Autre collision,,,,,,,,,,,3,2,1,8.0,6
201300025548,0013-10-28 11:35:00,13,10,28,11,35,350,288,"86, VILLE PEPIN (RUE)",48.63344,-2.01258,Plein jour,En agglomération,Hors intersection,Normale,Autre collision,,,,,,,,,,,1,2,1,1.0,6
201300025549,0013-10-28 16:50:00,13,10,28,16,50,350,288,"0, JAURES JEAN (AVENUE)",48.64851,-2.00495,Plein jour,En agglomération,Hors intersection,Normale,Autre collision,,,,,,,,,,,1,2,1,1.0,6
201300025550,0013-11-20 18:15:00,13,11,20,18,15,350,93,"00, REPUBLIQUE  (PLACE D",48.63348,-2.05676,Nuit avec éclairage allumé,En agglomération,Intersection en T,Pluie légère,Autre collision,,,,,,,,,,,5,2,3,2.0,6
201300025551,0013-10-04 10:20:00,13,10,4,10,20,350,93,"20, RENAN ERNEST (RUE)",48.64956,-2.00593,Plein jour,En agglomération,Hors intersection,Temps éblouissant,Deux véhicules - arrière,,,,,,,,,,,1,2,1,7.0,2
201300025552,0013-12-14 10:20:00,13,12,14,10,20,350,288,"60, DEMALVILLAIN LEONCE",,,Plein jour,En agglomération,Hors intersection,Normale,Autre collision,,,,,,,,,,,1,2,1,1.0,6
201300025553,0013-12-26 04:25:00,13,12,26,4,25,350,241,"000, D168",48.61465,-2.03246,Nuit sans éclairage public,En agglomération,Hors intersection,Normale,Sans collision,,,,,,,,,,,3,2,1,1.0,7
201300025554,0013-01-02 15:50:00,13,1,2,15,50,360,159,RD943 ROUTE DE MONTLUCON,46.7958,1.73213,Plein jour,En agglomération,Giratoire,Normale,Deux véhicules - côté,,,,,,,,,,,1,2,6,1.0,3
201300025555,0013-01-24 16:20:00,13,1,24,16,20,360,44,11 AV DE LATTRE DE TASSI,46.7977,1.71843,Plein jour,En agglomération,Hors intersection,Temps couvert,Deux véhicules - côté,,,,,,,,,,,1,2,1,8.0,3
201300025556,0013-06-11 16:20:00,13,6,11,16,20,360,63,24 RUE DES MACONS,46.8302,1.70564,Plein jour,En agglomération,Hors intersection,Normale,Autre collision,,,,,,,,,,,1,2,1,1.0,6
201300025557,0013-02-18 12:00:00,13,2,18,12,0,360,44,78 RUE DES MADRONS,46.8021,1.66419,Plein jour,En agglomération,Hors intersection,Normale,Sans collision,,,,,,,,,,,1,2,1,1.0,7
201300025558,0013-01-11 15:25:00,13,1,11,15,25,360,63,RD 956.,46.871,1.66092,Plein jour,Hors agglomération,Hors intersection,Normale,Deux véhicules - arrière,,,,,,,,,,,1,1,1,1.0,2
201300025559,0013-01-14 07:50:00,13,1,14,7,50,360,44,PL LAFAYETTE/AV LEMOINE.,46.8144,1.69661,Crépuscule ou aube,Hors agglomération,Giratoire,Normale,Deux véhicules - côté,,,,,,,,,,,2,1,6,1.0,3
201300025560,0013-01-16 13:28:00,13,1,16,13,28,360,44,MALLET STEVEN/MONTAIGNE.,46.7931,1.71127,Plein jour,En agglomération,Giratoire,Normale,Deux véhicules - côté,,,,,,,,,,,1,2,6,1.0,3
201300025561,0013-03-25 17:50:00,13,3,25,17,50,360,63,RD 956,46.8443,1.68317,Plein jour,Hors agglomération,Hors intersection,Normale,Trois véhicules et plus - collisions multiples,,,,,,,,,,,1,1,1,1.0,5
201300025562,0013-01-18 16:20:00,13,1,18,16,20,360,44,18 AV DE LA CHATRE.,46.8098,1.70243,Plein jour,En agglomération,Hors intersection,Temps couvert,Autre collision,,,,,,,,,,,1,2,1,8.0,6
201300025563,0013-01-18 17:45:00,13,1,18,17,45,360,202,ROUTE DEPARTEMENTALE 943,46.831,1.61659,Crépuscule ou aube,Hors agglomération,Hors intersection,Pluie légère,Sans collision,,,,,,,,,,,2,1,1,2.0,7
201300025564,0013-01-18 17:50:00,13,1,18,17,50,360,63,52 RUE DE BOISLARGE,46.837,1.70218,Crépuscule ou aube,Hors agglomération,Hors intersection,Autre,Sans collision,,,,,,,,,,,2,1,1,9.0,7
201300025565,0013-03-25 18:35:00,13,3,25,18,35,360,142,ROUTE DEPARTEMENTALE 67,46.8137,1.61037,Plein jour,Hors agglomération,Hors intersection,Normale,Sans collision,,,,,,,,,,,1,1,1,1.0,7
201300025566,0013-05-02 12:45:00,13,5,2,12,45,360,44,19 BD DE CLUIS,46.8081,1.70378,Plein jour,En agglomération,Hors intersection,Temps couvert,Autre collision,,,,,,,,,,,1,2,1,8.0,6
201300025567,0013-01-25 16:47:00,13,1,25,16,47,360,44,57 RUE LEMOINE LENOIR.,46.8103,1.69266,Plein jour,En agglomération,Hors intersection,Normale,Trois véhicules et plus - en chaîne,,,,,,,,,,,1,2,1,1.0,4
201300025568,0013-01-29 14:00:00,13,1,29,14,0,360,44,60 RUE P GAULTIER,46.807,1.69563,Plein jour,En agglomération,Hors intersection,Normale,Sans collision,,,,,,,,,,,1,2,1,1.0,7
201300025569,0013-02-03 05:10:00,13,2,3,5,10,360,44,78 RUE DU 3EME RAC,46.8193,1.70784,Nuit avec éclairage allumé,En agglomération,Hors intersection,Normale,Autre collision,,,,,,,,,,,5,2,1,1.0,6
201300025570,0013-02-22 12:14:00,13,2,22,12,14,360,63,GIRATOIRE FREESBEE,46.8522,1.70064,Plein jour,Hors agglomération,Giratoire,Normale,Sans collision,,,,,,,,,,,1,1,6,1.0,7
201300025571,0013-02-25 19:10:00,13,2,25,19,10,360,63,RP GRD VERGER/RN151,46.8455,1.70895,Nuit avec éclairage allumé,Hors agglomération,Giratoire,Normale,Deux véhicules - arrière,,,,,,,,,,,5,1,6,1.0,2
201300025572,0013-05-16 18:15:00,13,5,16,18,15,360,63,PL REPUBLIQUE/AV DE GAUL,46.8268,1.70124,Plein jour,En agglomération,Intersection en X,Normale,Deux véhicules - côté,,,,,,,,,,,1,2,2,1.0,3
201300025573,0013-03-04 10:25:00,13,3,4,10,25,360,63,47 ROUTE  D'ISSOUDUN,46.8271,1.70524,Plein jour,En agglomération,Hors intersection,Normale,Deux véhicules - côté,,,,,,,,,,,1,2,1,1.0,3
201300025574,0013-03-04 16:56:00,13,3,4,16,56,360,44,300 AVENUE DE VERDUN,46.7937,1.69963,Plein jour,En agglomération,Hors intersection,Normale,Deux véhicules - arrière,,,,,,,,,,,1,2,1,1.0,2
201300025575,0013-05-30 12:15:00,13,5,30,12,15,360,63,VC/CR DIT DU BRELAY,46.8348,1.6775,Plein jour,Hors agglomération,Intersection en X,Pluie forte,Deux véhicules - côté,,,,,,,,,,,1,1,2,3.0,3
201300025576,0013-06-12 00:05:00,13,6,12,0,5,360,63,RD920 R P MARTINERIE,46.8204,1.73601,Nuit avec éclairage allumé,Hors agglomération,Giratoire,Normale,Sans collision,,,,,,,,,,,5,1,6,1.0,7
201300025577,0013-06-19 15:04:00,13,6,19,15,4,360,63,1 BIS AV DE GAULLE/ZOLA,46.8254,1.7005,Plein jour,En agglomération,Intersection en T,Normale,Autre collision,,,,,,,,,,,1,2,3,1.0,6
201300025578,0013-06-21 07:45:00,13,6,21,7,45,360,44,76 AV BLOIS/RP GERBAULT,46.8201,1.68424,Plein jour,En agglomération,Giratoire,Normale,Deux véhicules - côté,,,,,,,,,,,1,2,6,1.0,3
201300025579,0013-06-22 14:25:00,13,6,22,14,25,360,202,VC/CHEMIN ST CYRAN,46.8229,1.6565,Plein jour,Hors agglomération,Intersection en X,Normale,Deux véhicules - côté,,,,,,,,,,,1,1,2,1.0,3
201300025580,0013-06-26 10:20:00,13,6,26,10,20,360,44,148 BIS AVENUE DE BLOIS,46.826,1.68152,Plein jour,En agglomération,Hors intersection,Normale,Autre collision,,,,,,,,,,,1,2,1,1.0,6
201300025581,0013-07-06 01:55:00,13,7,6,1,55,360,202,VC/RD67,46.7663,1.67076,Nuit sans éclairage public,Hors agglomération,Intersection en T,Normale,Deux véhicules - côté,,,,,,,,,,,3,1,3,1.0,3
201300025582,0013-03-15 08:00:00,13,3,15,8,0,360,44,57 AVENUE KENNEDY,46.802,1.69223,Crépuscule ou aube,En agglomération,Hors intersection,Normale,Deux véhicules - arrière,,,,,,,,,,,2,2,1,1.0,2
201300025583,0013-03-15 20:00:00,13,3,15,20,0,360,63,5 AV GEORGES HENNEQUIN,46.8516,1.70522,Nuit avec éclairage allumé,Hors agglomération,Hors intersection,Normale,Autre collision,,,,,,,,,,,5,1,1,1.0,6
201300025584,0013-03-16 09:15:00,13,3,16,9,15,360,44,ROND POINT DE LA BRENNE,46.8079,1.67719,Plein jour,En agglomération,Giratoire,Normale,Deux véhicules - arrière,,,,,,,,,,,1,2,6,1.0,2
201300025585,0013-03-18 11:33:00,13,3,18,11,33,360,63,ALLEE DE LA FERME/RD956,46.8549,1.66821,Plein jour,Hors agglomération,Intersection en T,Normale,Deux véhicules - côté,,,,,,,,,,,1,1,3,1.0,3
201300025586,0013-03-20 07:50:00,13,3,20,7,50,360,63,ROUTE DEPARTEMENTALE 920,,,Plein jour,Hors agglomération,Hors intersection,Pluie légère,Deux véhicules - arrière,,,,,,,,,,,1,1,1,2.0,2
201300025587,0013-03-22 19:48:00,13,3,22,19,48,360,44,122 AVENUE DE LA CHATRE,46.8075,1.70737,Plein jour,En agglomération,Hors intersection,Normale,Deux véhicules - arrière,,,,,,,,,,,1,2,1,1.0,2
201300025588,0013-03-23 12:18:00,13,3,23,12,18,360,159,10 RUE BRANDE,46.7588,1.67588,Plein jour,Hors agglomération,Hors intersection,Normale,Sans collision,,,,,,,,,,,1,1,1,1.0,7
201300025589,0013-08-22 13:15:00,13,8,22,13,15,360,63,96 ROUTE D'ISSOUDUN,46.8281,1.70757,Plein jour,En agglomération,Hors intersection,Normale,Deux véhicules - côté,,,,,,,,,,,1,2,1,1.0,3
201300025590,0013-09-04 11:37:00,13,9,4,11,37,360,44,2 PLACE GAMBETTA,46.8124,1.69661,Plein jour,En agglomération,Hors intersection,Normale,Autre collision,,,,,,,,,,,1,2,1,1.0,6
201300025591,0013-09-05 21:45:00,13,9,5,21,45,360,44,BD MOULIN NEUF/BELLE RIV,46.819,1.68714,Nuit avec éclairage allumé,En agglomération,Intersection en X,Normale,Deux véhicules - côté,,,,,,,,,,,5,2,2,1.0,3
201300025592,0013-09-06 19:15:00,13,9,6,19,15,360,44,13 RUE DE LA POSTE,46.81,1.694,Plein jour,En agglomération,Hors intersection,Normale,Autre collision,,,,,,,,,,,1,2,1,1.0,6
201300025593,0013-09-14 18:30:00,13,9,14,18,30,360,202,73 AVENUE D'OCCITANIE,46.7844,1.65606,Plein jour,Hors agglomération,Hors intersection,Temps couvert,Deux véhicules - arrière,,,,,,,,,,,1,1,1,8.0,2
201300025594,0013-09-22 10:00:00,13,9,22,10,0,360,44,154 RTE DE CHATELLERAULT,46.8049,1.69907,Plein jour,En agglomération,Hors intersection,Normale,Deux véhicules - côté,,,,,,,,,,,1,2,1,1.0,3
201300025595,0013-03-29 22:30:00,13,3,29,22,30,360,63,66 ROUTE D'ISSOUDUN,46.827,1.70502,Nuit avec éclairage allumé,En agglomération,Hors intersection,Normale,Sans collision,,,,,,,,,,,5,2,1,1.0,7
201300025596,0013-03-30 16:09:00,13,3,30,16,9,360,202,RD 920 BOIS DE LA LIENNE,46.7477,1.62427,Plein jour,Hors agglomération,Hors intersection,Normale,Sans collision,,,,,,,,,,,1,1,1,1.0,7
201300025597,0013-10-02 07:15:00,13,10,2,7,15,360,63,PL CARNOT/RTE ISSOUDUN,46.8269,1.7047,Nuit avec éclairage allumé,En agglomération,Intersection en T,Normale,Deux véhicules - arrière,,,,,,,,,,,5,2,3,1.0,2
201300025598,0013-10-06 07:15:00,13,10,6,7,15,360,44,118 AVENUE DES MARINS,46.8092,1.6818,Crépuscule ou aube,En agglomération,Hors intersection,Temps couvert,Autre collision,,,,,,,,,,,2,2,1,8.0,6
201300025599,0013-10-05 15:37:00,13,10,5,15,37,360,44,30 RUE VICTOR HUGO,46.8113,1.6934,Plein jour,En agglomération,Hors intersection,Normale,Autre collision,,,,,,,,,,,1,2,1,1.0,6
201300025600,0013-10-03 17:05:00,13,10,3,17,5,360,44,84 BD DE BRYAS,46.8117,1.7066,Plein jour,En agglomération,Hors intersection,Normale,Autre collision,,,,,,,,,,,1,2,1,1.0,6
201300025601,0013-04-05 16:24:00,13,4,5,16,24,360,202,ROUTE DE CHATELLERAULT,,,Plein jour,Hors agglomération,Hors intersection,Pluie légère,Sans collision,,,,,,,,,,,1,1,1,2.0,7
201300025602,0013-10-14 08:30:00,13,10,14,8,30,360,44,AV PIERRE DE COUBERTIN,46.8065,1.7236,Plein jour,En agglomération,Hors intersection,Temps couvert,Deux véhicules - côté,,,,,,,,,,,1,2,1,8.0,3
201300025603,0013-11-01 16:15:00,13,11,1,16,15,360,44,4 BD BLAISE PASCAL,46.7988,1.71256,Plein jour,En agglomération,Hors intersection,Normale,Deux véhicules - côté,,,,,,,,,,,1,2,1,1.0,3
201300025604,0013-04-10 06:44:00,13,4,10,6,44,360,63,ROUTE NATIONALE 151,46.8462,1.70754,Crépuscule ou aube,Hors agglomération,Hors intersection,Normale,Sans collision,,,,,,,,,,,2,1,1,1.0,7
201300025605,0013-04-11 17:44:00,13,4,11,17,44,360,44,320 AV DE LA CHATRE,46.803,1.71599,Plein jour,En agglomération,Hors intersection,Pluie forte,Autre collision,,,,,,,,,,,1,2,1,3.0,6
201300025606,0013-11-11 09:15:00,13,11,11,9,15,360,44,6 RUE DU 8 MAI 1945,46.8043,1.70047,Plein jour,En agglomération,Hors intersection,Normale,Autre collision,,,,,,,,,,,1,2,1,1.0,6
201300025607,0013-11-15 16:49:00,13,11,15,16,49,360,44,36 RUE DES ETATS UNIS,46.8151,1.69874,Plein jour,En agglomération,Hors intersection,Normale,Autre collision,,,,,,,,,,,1,2,1,1.0,6
201300025608,0013-04-12 14:33:00,13,4,12,14,33,360,159,ROUTE DE MONTLUCON RD943,46.7885,1.75392,Plein jour,Hors agglomération,Hors intersection,Normale,Sans collision,,,,,,,,,,,1,1,1,1.0,7
201300025609,0013-11-21 18:00:00,13,11,21,18,0,360,44,265 AVENUE DE VERDUN,46.7961,1.699,Nuit avec éclairage non allumé,En agglomération,Hors intersection,Temps couvert,Autre collision,,,,,,,,,,,4,2,1,8.0,6
201300025610,0013-04-14 21:35:00,13,4,14,21,35,360,202,ROUTE DE CHATELLERAULT,,,Nuit avec éclairage allumé,Hors agglomération,Hors intersection,Pluie légère,Sans collision,,,,,,,,,,,5,1,1,2.0,7
201300025611,0013-04-16 20:30:00,13,4,16,20,30,360,44,14 PLACE ST CHRISTOPHE,46.8165,1.6845,Crépuscule ou aube,En agglomération,Hors intersection,Autre,Deux véhicules - arrière,,,,,,,,,,,2,2,1,9.0,2
201300025612,0013-04-18 17:30:00,13,4,18,17,30,360,44,PLACE DU LIMOUSIN,46.803,1.678,Plein jour,En agglomération,Hors intersection,Normale,Autre collision,,,,,,,,,,,1,2,1,1.0,6
201300025613,0013-12-21 11:10:00,13,12,21,11,10,360,44,112 RUE DE NOTZ,46.8015,1.68476,Plein jour,En agglomération,Hors intersection,Normale,Deux véhicules - côté,,,,,,,,,,,1,2,1,1.0,3
201300025614,0013-04-22 18:00:00,13,4,22,18,0,360,44,AVENUE MARCEL LEMOINE,,,Plein jour,En agglomération,Hors intersection,Normale,Autre collision,,,,,,,,,,,1,2,1,1.0,6
201300025615,0013-04-24 12:21:00,13,4,24,12,21,360,159,151 AVENUE DE LA FORET,46.771,1.71299,Plein jour,En agglomération,Hors intersection,Normale,Deux véhicules - arrière,,,,,,,,,,,1,2,1,1.0,2
201300025616,0013-04-24 16:50:00,13,4,24,16,50,360,44,122 BD SAINT DENIS,46.8074,1.70265,Plein jour,En agglomération,Hors intersection,Normale,Autre collision,,,,,,,,,,,1,2,1,1.0,6
201300025617,0013-04-25 11:41:00,13,4,25,11,41,360,44,ROUTE DEPARTEMENTALE 920,46.7917,1.71203,Plein jour,En agglomération,Giratoire,Normale,Deux véhicules - côté,,,,,,,,,,,1,2,6,1.0,3
201300025618,0013-04-26 17:00:00,13,4,26,17,0,360,44,AV D'ARGENTON/OCCITANIE,46.7943,1.66404,Plein jour,En agglomération,Hors intersection,Pluie forte,Deux véhicules - côté,,,,,,,,,,,1,2,1,3.0,3
201300025619,0013-04-27 12:25:00,13,4,27,12,25,360,44,BD CLUIS/RUE ST FIACRE,46.8074,1.70265,Plein jour,En agglomération,Intersection en X,Normale,Deux véhicules - côté,,,,,,,,,,,1,2,2,1.0,3
201300025620,0013-04-29 10:39:00,13,4,29,10,39,360,159,54 BIS AV DE LA FORET,46.765,1.71793,Plein jour,En agglomération,Hors intersection,Normale,Deux véhicules - côté,,,,,,,,,,,1,2,1,1.0,3
201300025621,0013-05-02 18:30:00,13,5,2,18,30,360,44,12 BDCHARMILLES/LA BOETI,46.8004,1.71644,Plein jour,En agglomération,Intersection en X,Normale,Deux véhicules - côté,,,,,,,,,,,1,2,2,1.0,3
201300025622,0013-05-04 10:30:00,13,5,4,10,30,360,44,RUE DIDEROT,46.8104,1.69181,Plein jour,En agglomération,Hors intersection,Normale,Autre collision,,,,,,,,,,,1,2,1,1.0,6
201300025623,0013-05-07 17:20:00,13,5,7,17,20,360,44,BD PASCAL/RUE VERLAINE,46.7995,1.7144,Plein jour,Hors agglomération,Intersection en X,Normale,Deux véhicules - côté,,,,,,,,,,,1,1,2,1.0,3
201300025624,0013-05-10 10:55:00,13,5,10,10,55,360,44,ALLEE VALENTIN HAUY,46.8115,1.69636,Plein jour,En agglomération,Hors intersection,Temps couvert,Autre collision,,,,,,,,,,,1,2,1,8.0,6
201300025625,0013-05-30 14:40:00,13,5,30,14,40,360,44,ALLEE DES GRANDS CHAMPS,46.7959,1.69552,Plein jour,En agglomération,Hors intersection,Temps couvert,Deux véhicules - côté,,,,,,,,,,,1,2,1,8.0,3
201300025626,0013-05-30 17:38:00,13,5,30,17,38,360,44,185 AV DES MARINS,46.8083,1.6781,Plein jour,En agglomération,Hors intersection,Pluie légère,Sans collision,,,,,,,,,,,1,2,1,2.0,7
201300025627,0013-06-07 19:45:00,13,6,7,19,45,360,44,RUE DES AUBRAYS,46.8018,1.69666,Plein jour,En agglomération,Hors intersection,Normale,Autre collision,,,,,,,,,,,1,2,1,1.0,6
201300025628,0013-06-13 17:55:00,13,6,13,17,55,360,44,27 BD BLAISE PASCAL,46.7981,1.713,Plein jour,En agglomération,Hors intersection,Pluie légère,Sans collision,,,,,,,,,,,1,2,1,2.0,7
201300025629,0013-06-18 12:51:00,13,6,18,12,51,360,202,RD 920,46.7441,1.61614,Plein jour,Hors agglomération,Hors intersection,Normale,Sans collision,,,,,,,,,,,1,1,1,1.0,7