accident_id,datetime,annee,mois,jour,heure,minute,departement,commune_insee,adresse,latitude,longitude,luminosite,agglomeration,intersection,meteo,collision,nb_vehicules,nb_usagers,nb_indemnes,nb_tues,nb_blesses_hosp,nb_blesses_legers,age_cond_1,age_cond_2,veh_type_cond_1,veh_type_cond_2,lum_code,agg_code,int_code,atm_code,col_code
201300025758,0013-02-11 09:25:00,13,2,11,9,25,370,122,RD 37,,,Plein jour,Hors agglomération,Hors intersection,Normale,Autre collision,,,,,,,,,,,1,1,1,1.0,6
201300025759,0013-02-18 07:40:00,13,2,18,7,40,370,261,GIRATOIRE D'EMMAUS,,,Plein jour,En agglomération,Giratoire,Normale,Deux véhicules - côté,,,,,,,,,,,1,2,6,1.0,3
201300025760,0013-02-21 19:00:00,13,2,21,19,0,370,261,AVENUE GUSTAVE EIFFEL,,,Nuit avec éclairage non allumé,En agglomération,Intersection en X,Normale,Deux véhicules - côté,,,,,,,,,,,4,2,2,1.0,3
201300025761,0013-02-22 16:30:00,13,2,22,16,30,370,195,LEVEE DU CHER,,,Plein jour,Hors agglomération,Hors intersection,Normale,Deux véhicules - arrière,,,,,,,,,,,1,1,1,1.0,2
201300025762,0013-02-27 13:10:00,13,2,27,13,10,370,261,6 RUE DES HALLES,,,Plein jour,En agglomération,Hors intersection,Normale,Autre collision,,,,,,,,,,,1,2,1,1.0,6
201300025763,0013-02-27 14:30:00,13,2,27,14,30,370,261,RUE ROBERT SCHUMAN,,,Plein jour,En agglomération,Intersection en X,Normale,Deux véhicules - côté,,,,,,,,,,,1,2,2,1.0,3
201300025764,0013-02-27 17:30:00,13,2,27,17,30,370,208,AVENUE BEAUGAILLARD,,,Plein jour,En agglomération,Intersection en X,Normale,Trois véhicules et plus - en chaîne,,,,,,,,,,,1,2,2,1.0,4
201300025765,0013-03-01 11:10:00,13,3,1,11,10,370,261,RUE NATIONALE,,,Plein jour,En agglomération,Hors intersection,Normale,Autre collision,,,,,,,,,,,1,2,1,1.0,6
201300025766,0013-03-05 17:40:00,13,3,5,17,40,370,261,39 BD BERANGER,,,Plein jour,Hors agglomération,Intersection en X,Normale,Autre collision,,,,,,,,,,,1,1,2,1.0,6
201300025767,0013-03-06 13:45:00,13,3,6,13,45,370,233,DUCLOS AVENUE JACQUES,,,Plein jour,En agglomération,Hors intersection,Pluie légère,Trois véhicules et plus - collisions multiples,,,,,,,,,,,1,2,1,2.0,5
201300025768,0013-03-06 15:27:00,13,3,6,15,27,370,261,53 RUE COLOMBIER,,,Plein jour,En agglomération,Intersection en T,Normale,Deux véhicules - côté,,,,,,,,,,,1,2,3,1.0,3
201300025769,0013-03-06 18:38:00,13,3,6,18,38,370,208,"14, CORMERY (RUE DE)",,,Nuit avec éclairage allumé,En agglomération,Hors intersection,Pluie légère,Sans collision,,,,,,,,,,,5,2,1,2.0,7
201300025770,0013-03-08 10:11:00,13,3,8,10,11,370,261,QUAI ANDRE MALRAUX,,,Plein jour,En agglomération,Intersection en X,Normale,Deux véhicules - côté,,,,,,,,,,,1,2,2,1.0,3
201300025771,0013-03-11 20:16:00,13,3,11,20,16,370,214,BD ANDRE GEORGES VOISIN,,,Nuit sans éclairage public,En agglomération,Hors intersection,Normale,Trois véhicules et plus - en chaîne,,,,,,,,,,,3,2,1,1.0,4
201300025772,0013-03-07 12:07:00,13,3,7,12,7,370,122,RD 37,,,Plein jour,Hors agglomération,Hors intersection,Normale,Trois véhicules et plus - collisions multiples,,,,,,,,,,,1,1,1,1.0,5
201300025773,0013-03-12 17:35:00,13,3,12,17,35,370,195,AVENUE DU PRIEURE,,,Plein jour,En agglomération,Giratoire,Pluie légère,Deux véhicules - côté,,,,,,,,,,,1,2,6,2.0,3
201300025774,0013-01-03 10:25:00,13,1,3,10,25,370,261,22  BOULEVARD BERANGER,,,Plein jour,En agglomération,Intersection en X,Normale,Autre collision,,,,,,,,,,,1,2,2,1.0,6
201300025775,0013-01-26 22:05:00,13,1,26,22,5,370,214,6 RUE HENRI LEBRUN,,,Nuit avec éclairage allumé,En agglomération,Hors intersection,Normale,Autre collision,,,,,,,,,,,5,2,1,1.0,6
201300025776,0013-02-03 04:30:00,13,2,3,4,30,370,122,RD 37,,,Nuit sans éclairage public,En agglomération,Hors intersection,Normale,Autre collision,,,,,,,,,,,3,2,1,1.0,6
201300025777,0013-02-20 22:45:00,13,2,20,22,45,370,261,10  PLACE FOIRE LE ROI,,,Nuit avec éclairage allumé,En agglomération,Hors intersection,Normale,Autre collision,,,,,,,,,,,5,2,1,1.0,6
201300025778,0013-03-11 21:30:00,13,3,11,21,30,370,233,185 RUE MARCEL CACHIN,,,Nuit avec éclairage allumé,En agglomération,Hors intersection,Pluie légère,Sans collision,,,,,,,,,,,5,2,1,2.0,7
201300025779,0013-03-11 22:25:00,13,3,11,22,25,370,122,30 RUE GAMARD,,,Nuit avec éclairage allumé,En agglomération,Hors intersection,Pluie légère,Sans collision,,,,,,,,,,,5,2,1,2.0,7
201300025780,0013-03-17 03:45:00,13,3,17,3,45,370,261,171 QUAI PAUL BERT,,,Nuit avec éclairage allumé,En agglomération,Hors intersection,Pluie légère,Autre collision,,,,,,,,,,,5,2,1,2.0,6
201300025781,0013-03-19 22:40:00,13,3,19,22,40,370,261,83 RUE GIRAUDEAU,,,Nuit avec éclairage allumé,En agglomération,Hors intersection,Pluie forte,Sans collision,,,,,,,,,,,5,2,1,3.0,7
201300025782,0013-04-09 22:10:00,13,4,9,22,10,370,214,GIRATOI  CROIX DE PIERRE,,,Nuit avec éclairage allumé,En agglomération,Hors intersection,Normale,Sans collision,,,,,,,,,,,5,2,1,1.0,7
201300025783,0013-04-13 21:15:00,13,4,13,21,15,370,122,RD 37,,,Nuit sans éclairage public,En agglomération,Hors intersection,Normale,Deux véhicules - côté,,,,,,,,,,,3,2,1,1.0,3
201300025784,0013-04-16 22:15:00,13,4,16,22,15,370,261,RUE CHRISTOPHE COLOMB,,,Nuit avec éclairage allumé,En agglomération,Hors intersection,Normale,Autre collision,,,,,,,,,,,5,2,1,1.0,6
201300025785,0013-04-25 20:50:00,13,4,25,20,50,370,261,"62, EUROPE (AVENUE DE L'",,,Crépuscule ou aube,En agglomération,Intersection en T,Normale,Deux véhicules - frontale,,,,,,,,,,,2,2,3,1.0,1
201300025786,0013-04-25 23:05:00,13,4,25,23,5,370,195,RUE SIMON VAUQUIER,,,Nuit avec éclairage allumé,En agglomération,Hors intersection,Normale,Sans collision,,,,,,,,,,,5,2,1,1.0,7
201300025787,0013-05-11 01:05:00,13,5,11,1,5,370,261,NATIONALE (RUE),,,Nuit avec éclairage allumé,En agglomération,Intersection en X,Normale,Autre collision,,,,,,,,,,,5,2,2,1.0,6
201300025788,0013-05-13 23:45:00,13,5,13,23,45,370,261,RUE DE PORTILLON,,,Nuit avec éclairage allumé,En agglomération,Hors intersection,Temps couvert,Autre collision,,,,,,,,,,,5,2,1,8.0,6
201300025789,0013-05-15 22:50:00,13,5,15,22,50,370,261,68 RUE JEHAN FOUQUET,,,Nuit avec éclairage allumé,En agglomération,Hors intersection,Temps couvert,Autre collision,,,,,,,,,,,5,2,1,8.0,6
201300025790,0013-05-17 21:10:00,13,5,17,21,10,370,261,3 PLACE DU ML LECLERC,,,Nuit avec éclairage allumé,En agglomération,Hors intersection,Pluie légère,Autre collision,,,,,,,,,,,5,2,1,2.0,6
201300025791,0013-05-19 20:55:00,13,5,19,20,55,370,195,"15, MAIRIE (RUE DE LA)",,,Crépuscule ou aube,En agglomération,Hors intersection,Pluie légère,Deux véhicules - frontale,,,,,,,,,,,2,2,1,2.0,1
201300025792,0013-06-07 21:10:00,13,6,7,21,10,370,261,Daniel Mayer,,,Crépuscule ou aube,En agglomération,Intersection en X,Normale,Deux véhicules - côté,,,,,,,,,,,2,2,2,1.0,3
201300025793,0013-06-17 03:40:00,13,6,17,3,40,370,261,71 RUE JOLIVET,,,Nuit avec éclairage allumé,En agglomération,Hors intersection,Normale,Sans collision,,,,,,,,,,,5,2,1,1.0,7
201300025794,0013-06-24 00:05:00,13,6,24,0,5,370,122,42 ROUTE DE NARBONNE,,,Nuit sans éclairage public,Hors agglomération,Hors intersection,Normale,Deux véhicules - côté,,,,,,,,,,,3,1,1,1.0,3
201300025795,0013-06-27 01:15:00,13,6,27,1,15,370,261,12 RUE EDGARD  QUINET,,,Nuit avec éclairage allumé,En agglomération,Hors intersection,Normale,Deux véhicules - frontale,,,,,,,,,,,5,2,1,1.0,1
201300025796,0013-07-05 21:00:00,13,7,5,21,0,370,261,RUE DE JERUSALEM,,,Plein jour,En agglomération,Intersection en X,Normale,Deux véhicules - côté,,,,,,,,,,,1,2,2,1.0,3
201300025797,0013-07-06 22:35:00,13,7,6,22,35,370,261,Bd  du marechal JUIN,,,Nuit avec éclairage allumé,En agglomération,Intersection en X,Normale,Trois véhicules et plus - collisions multiples,,,,,,,,,,,5,2,2,1.0,5
201300025798,0013-07-14 21:10:00,13,7,14,21,10,370,122,RUE JACQUES POIRIER,,,Plein jour,En agglomération,Hors intersection,Normale,Autre collision,,,,,,,,,,,1,2,1,1.0,6
201300025799,0013-07-16 21:30:00,13,7,16,21,30,370,122,34 RUE DE LA GITONNIERE,,,Plein jour,En agglomération,Intersection en T,Normale,Autre collision,,,,,,,,,,,1,2,3,1.0,6
201300025800,0013-07-20 01:30:00,13,7,20,1,30,370,214,148 RUE VICTOR HUGO,,,Nuit avec éclairage allumé,En agglomération,Hors intersection,Normale,Autre collision,,,,,,,,,,,5,2,1,1.0,6
201300025801,0013-08-03 22:35:00,13,8,3,22,35,370,261,55 RUE NATIONALE,,,Crépuscule ou aube,En agglomération,Hors intersection,Normale,Autre collision,,,,,,,,,,,2,2,1,1.0,6
201300025802,0013-08-11 21:00:00,13,8,11,21,0,370,261,ZOLA (RUE EMILE),,,Crépuscule ou aube,En agglomération,Intersection en X,Normale,Sans collision,,,,,,,,,,,2,2,2,1.0,7
201300025803,0013-08-11 23:20:00,13,8,11,23,20,370,261,RUE MIRABEAU,,,Nuit avec éclairage allumé,En agglomération,Intersection en X,Normale,Deux véhicules - côté,,,,,,,,,,,5,2,2,1.0,3
201300025804,0013-12-05 16:35:00,13,12,5,16,35,370,261,BD RICHARD WAGNER,,,Plein jour,En agglomération,Hors intersection,Normale,Deux véhicules - arrière,,,,,,,,,,,1,2,1,1.0,2
201300025805,0013-12-09 18:36:00,13,12,9,18,36,370,122,48 BD DE CHINON,,,Plein jour,En agglomération,Hors intersection,Normale,Deux véhicules - arrière,,,,,,,,,,,1,2,1,1.0,2
201300025806,0013-12-12 07:39:00,13,12,12,7,39,370,214,RD 37,,,Crépuscule ou aube,Hors agglomération,Hors intersection,Normale,Autre collision,,,,,,,,,,,2,1,1,1.0,6
201300025807,0013-12-13 12:57:00,13,12,13,12,57,370,233,LANGEVIN (BOULEVARD PAUL,,,Plein jour,En agglomération,Hors intersection,Pluie légère,Autre collision,,,,,,,,,,,1,2,1,2.0,6
201300025808,0013-12-13 18:16:00,13,12,13,18,16,370,261,L AUBERDIERE /PAQUERETTE,,,Plein jour,En agglomération,Intersection en X,Normale,Autre collision,,,,,,,,,,,1,2,2,1.0,6
201300025809,0013-01-10 20:24:00,13,1,10,20,24,370,233,AVENUE JACQUES DUCLOS,,,Crépuscule ou aube,En agglomération,Hors intersection,Normale,Deux véhicules - côté,,,,,,,,,,,2,2,1,1.0,3
201300025810,0013-01-10 18:01:00,13,1,10,18,1,370,261,JUIN (BOULEVARD DU MAREC,,,Crépuscule ou aube,En agglomération,Hors intersection,Normale,Autre collision,,,,,,,,,,,2,2,1,1.0,6
201300025811,0013-01-13 00:26:00,13,1,13,0,26,370,233,PLACE JEAN MOULIN,,,Crépuscule ou aube,En agglomération,Hors intersection,Normale,Autre collision,,,,,,,,,,,2,2,1,1.0,6
201300025812,0013-03-13 07:52:00,13,3,13,7,52,370,233,"217, STALINGRAD (AVENUE)",,,Plein jour,En agglomération,Intersection en T,Normale,Deux véhicules - côté,,,,,,,,,,,1,2,3,1.0,3
201300025813,0013-03-18 13:20:00,13,3,18,13,20,370,261,85 BOULEVARD BERANGER,,,Plein jour,En agglomération,Hors intersection,Normale,Deux véhicules - côté,,,,,,,,,,,1,2,1,1.0,3
201300025814,0013-03-18 16:33:00,13,3,18,16,33,370,261,RUE DE BEAUMONT,,,Plein jour,En agglomération,Hors intersection,Normale,Autre collision,,,,,,,,,,,1,2,1,1.0,6
201300025815,0013-03-13 08:50:00,13,3,13,8,50,370,261,MIRABEAU/HEURTELOUP,,,Plein jour,En agglomération,Intersection en X,Normale,Trois véhicules et plus - en chaîne,,,,,,,,,,,1,2,2,1.0,4
201300025816,0013-03-18 18:10:00,13,3,18,18,10,370,261,AVENUE ANDRE MAGINOT,,,Plein jour,En agglomération,Hors intersection,Normale,Deux véhicules - côté,,,,,,,,,,,1,2,1,1.0,3
201300025817,0013-03-20 08:04:00,13,3,20,8,4,370,214,"3, BERGSON (RUE HENRI)",,,Plein jour,En agglomération,Hors intersection,Normale,Deux véhicules - arrière,,,,,,,,,,,1,2,1,1.0,2
201300025818,0013-03-24 13:43:00,13,3,24,13,43,370,261,"216, RUE GIRAUDEAU",,,Plein jour,En agglomération,Intersection en X,Normale,Deux véhicules - côté,,,,,,,,,,,1,2,2,1.0,3
201300025819,0013-03-31 09:01:00,13,3,31,9,1,370,208,RUE DE L'OISELET,,,Plein jour,En agglomération,Intersection en T,Normale,Deux véhicules - côté,,,,,,,,,,,1,2,3,1.0,3
201300025820,0013-04-04 16:15:00,13,4,4,16,15,370,261,EINSTEIN (RUE ALBERT),,,Plein jour,En agglomération,Hors intersection,Pluie légère,Deux véhicules - côté,,,,,,,,,,,1,2,1,2.0,3
201300025821,0013-04-05 16:15:00,13,4,5,16,15,370,261,AVE ANDRE MAGINOT,,,Plein jour,En agglomération,Hors intersection,Pluie légère,Deux véhicules - frontale,,,,,,,,,,,1,2,1,2.0,1
201300025822,0013-04-10 16:10:00,13,4,10,16,10,370,261,RUE ATHUR RIMBAUD (,,,Plein jour,En agglomération,Hors intersection,Pluie légère,Sans collision,,,,,,,,,,,1,2,1,2.0,7
201300025823,0013-04-16 17:15:00,13,4,16,17,15,370,122,"82, JAURES (BOULEVARD JE",,,Plein jour,En agglomération,Hors intersection,Normale,Autre collision,,,,,,,,,,,1,2,1,1.0,6
201300025824,0013-04-24 07:45:00,13,4,24,7,45,370,122,"3, VERDUN (RUE DE)",,,Plein jour,En agglomération,Hors intersection,Normale,Sans collision,,,,,,,,,,,1,2,1,1.0,7
201300025825,0013-04-30 12:15:00,13,4,30,12,15,370,261,ROND-POINTJACQUE MONOD,,,Plein jour,En agglomération,Giratoire,Pluie légère,Deux véhicules - côté,,,,,,,,,,,1,2,6,2.0,3
201300025826,0013-05-17 17:10:00,13,5,17,17,10,370,261,EIFFEL (AVENUE GUSTAVE),,,Plein jour,En agglomération,Intersection en T,Normale,Deux véhicules - côté,,,,,,,,,,,1,2,3,1.0,3
201300025827,0013-05-16 16:40:00,13,5,16,16,40,370,261,WAGNER BD RICHARD,,,Plein jour,En agglomération,Intersection en T,Normale,Deux véhicules - arrière,,,,,,,,,,,1,2,3,1.0,2
201300025828,0013-05-16 12:50:00,13,5,16,12,50,370,261,DASSAULT R-POINT MARCEL,,,Plein jour,En agglomération,Giratoire,Normale,Trois véhicules et plus - en chaîne,,,,,,,,,,,1,2,6,1.0,4
201300025829,0013-05-11 20:35:00,13,5,11,20,35,370,261,BD R WAGNER ESSO,,,Plein jour,En agglomération,Hors intersection,Normale,Deux véhicules - arrière,,,,,,,,,,,1,2,1,1.0,2
201300025830,0013-05-13 09:46:00,13,5,13,9,46,370,233,FARGES (AVENUE YVES),,,Plein jour,En agglomération,Intersection en T,Pluie légère,Sans collision,,,,,,,,,,,1,2,3,2.0,7
201300025831,0013-05-13 09:12:00,13,5,13,9,12,370,261,SUEDE (RUE DE),,,Plein jour,En agglomération,Intersection en X,Pluie légère,Deux véhicules - côté,,,,,,,,,,,1,2,2,2.0,3
201300025832,0013-05-22 20:10:00,13,5,22,20,10,370,214,AVENUE DE LA REPUBLIQUE,,,Plein jour,En agglomération,Intersection en X,Normale,Deux véhicules - côté,,,,,,,,,,,1,2,2,1.0,3
201300025833,0013-06-03 16:15:00,13,6,3,16,15,370,261,DE GAULLE (AVENUE DU GEN,,,Plein jour,En agglomération,Hors intersection,Normale,Autre collision,,,,,,,,,,,1,2,1,1.0,6
201300025834,0013-06-03 18:25:00,13,6,3,18,25,370,261,FRANCE (PLACE ANATOLE),,,Plein jour,En agglomération,Hors intersection,Normale,Autre collision,,,,,,,,,,,1,2,1,1.0,6
201300025835,0013-01-11 17:37:00,13,1,11,17,37,370,122,RUE DU RIVEAU,,,Nuit avec éclairage allumé,En agglomération,Intersection en T,Normale,Deux véhicules - frontale,,,,,,,,,,,5,2,3,1.0,1
201300025836,0013-02-14 09:00:00,13,2,14,9,0,370,122,127 BD JEAN JAURES,,,Plein jour,En agglomération,Hors intersection,Normale,Deux véhicules - arrière,,,,,,,,,,,1,2,1,1.0,2
201300025837,0013-01-17 19:07:00,13,1,17,19,7,370,261,324 AV ANDRE MAGINOT,,,Nuit avec éclairage allumé,En agglomération,Intersection en X,Normale,Deux véhicules - côté,,,,,,,,,,,5,2,2,1.0,3
201300025838,0013-04-11 12:24:00,13,4,11,12,24,370,261,PONT CHER (AVENUE DE),,,Plein jour,En agglomération,Hors intersection,Pluie légère,Trois véhicules et plus - collisions multiples,,,,,,,,,,,1,2,1,2.0,5
201300025839,0013-04-14 13:50:00,13,4,14,13,50,370,261,AV DU Gl DE GAULLE,,,Plein jour,En agglomération,Intersection en T,Normale,Deux véhicules - côté,,,,,,,,,,,1,2,3,1.0,3
201300025840,0013-04-09 14:00:00,13,4,9,14,0,370,261,3 AV GRAMMONT/ENTRAIGUE,,,Plein jour,En agglomération,Hors intersection,Pluie forte,Deux véhicules - côté,,,,,,,,,,,1,2,1,3.0,3
201300025841,0013-04-09 13:15:00,13,4,9,13,15,370,214,V HUGO/ST EXUPERY,,,Plein jour,En agglomération,Intersection en X,Pluie forte,Deux véhicules - côté,,,,,,,,,,,1,2,2,3.0,3
201300025842,0013-05-03 16:05:00,13,5,3,16,5,370,261,AVENUE GUSTAVE EIFFEL,,,Plein jour,Hors agglomération,Autre intersection,Normale,Autre collision,,,,,,,,,,,1,1,9,1.0,6
201300025843,0013-05-03 16:35:00,13,5,3,16,35,370,261,RD 37,,,Plein jour,Hors agglomération,Hors intersection,Normale,Deux véhicules - arrière,,,,,,,,,,,1,1,1,1.0,2
201300025844,0013-05-04 05:00:00,13,5,4,5,0,370,233,"43, LOIRE (LEVEE DE LA)",,,Nuit avec éclairage allumé,En agglomération,Hors intersection,Normale,Deux véhicules - arrière,,,,,,,,,,,5,2,1,1.0,2
201300025845,0013-05-05 11:50:00,13,5,5,11,50,370,233,RUE PAUL LOUIS COURRIER,,,Plein jour,En agglomération,Intersection en T,Normale,Deux véhicules - côté,,,,,,,,,,,1,2,3,1.0,3
201300025846,0013-05-10 10:00:00,13,5,10,10,0,370,261,AVENUE STENDHAL,,,Plein jour,En agglomération,Intersection en T,Normale,Trois véhicules et plus - en chaîne,,,,,,,,,,,1,2,3,1.0,4
201300025847,0013-05-15 16:40:00,13,5,15,16,40,370,233,RUE MARCEL CACHIN,,,Plein jour,En agglomération,Intersection en X,Normale,Sans collision,,,,,,,,,,,1,2,2,1.0,7
201300025848,0013-05-16 08:20:00,13,5,16,8,20,370,214,"32, QUAI PORTILLON",,,Plein jour,En agglomération,Hors intersection,Normale,Deux véhicules - arrière,,,,,,,,,,,1,2,1,1.0,2
201300025849,0013-05-16 10:00:00,13,5,16,10,0,370,233,POMPIDOU AVENUE,,,Plein jour,En agglomération,Giratoire,Normale,Deux véhicules - côté,,,,,,,,,,,1,2,6,1.0,3
201300025850,0013-05-21 20:05:00,13,5,21,20,5,370,261,RUE LOUIS BREGUET,,,Plein jour,En agglomération,Intersection en X,Normale,Deux véhicules - côté,,,,,,,,,,,1,2,2,1.0,3
201300025851,0013-05-26 16:10:00,13,5,26,16,10,370,214,"30, RUE DE PALLUAU",,,Plein jour,En agglomération,Intersection en T,Normale,Sans collision,,,,,,,,,,,1,2,3,1.0,7
201300025852,0013-05-27 17:25:00,13,5,27,17,25,370,261,AVENUE PROUDHON,,,Plein jour,En agglomération,Giratoire,Normale,Deux véhicules - arrière,,,,,,,,,,,1,2,6,1.0,2
201300025853,0013-06-03 08:35:00,13,6,3,8,35,370,195,AVENUE DU PRIEURE,,,Plein jour,En agglomération,Intersection en X,Normale,Deux véhicules - côté,,,,,,,,,,,1,2,2,1.0,3
201300025854,0013-06-04 08:15:00,13,6,4,8,15,370,208,VALLON DES MARTYRES (RUE,,,Plein jour,En agglomération,Intersection en X,Normale,Deux véhicules - côté,,,,,,,,,,,1,2,2,1.0,3
201300025855,0013-06-07 16:25:00,13,6,7,16,25,370,261,LUXEMBOURG (RUE DU),,,Plein jour,En agglomération,Intersection en T,Normale,Deux véhicules - côté,,,,,,,,,,,1,2,3,1.0,3
201300025856,0013-06-07 17:30:00,13,6,7,17,30,370,261,"7, MARCEAU (RUE)",,,Plein jour,En agglomération,Hors intersection,Normale,Trois véhicules et plus - en chaîne,,,,,,,,,,,1,2,1,1.0,4
201300025857,0013-06-14 13:20:00,13,6,14,13,20,370,261,HEURTELOUP BD,,,Plein jour,En agglomération,Hors intersection,Normale,Autre collision,,,,,,,,,,,1,2,1,1.0,6
201300025858,0013-06-14 15:50:00,13,6,14,15,50,370,261,DANIEL MAYER,,,Plein jour,En agglomération,Hors intersection,Normale,Sans collision,,,,,,,,,,,1,2,1,1.0,7
201300025859,0013-06-14 16:10:00,13,6,14,16,10,370,261,RUE DE SUEDE,,,Plein jour,En agglomération,Intersection en X,Normale,Deux véhicules - côté,,,,,,,,,,,1,2,2,1.0,3
201300025860,0013-06-19 14:30:00,13,6,19,14,30,370,261,WAGNER (BOULEVARD RICHAR,,,Plein jour,En agglomération,Hors intersection,Pluie légère,Deux véhicules - arrière,,,,,,,,,,,1,2,1,2.0,2
201300025861,0013-06-19 16:30:00,13,6,19,16,30,370,261,JUIN (BOULEVARD DU MAREC,,,Plein jour,Hors agglomération,Hors intersection,Normale,Deux véhicules - arrière,,,,,,,,,,,1,1,1,1.0,2
201300025862,0013-06-19 18:50:00,13,6,19,18,50,370,261,place RABELAIS,,,Plein jour,En agglomération,Hors intersection,Normale,Deux véhicules - côté,,,,,,,,,,,1,2,1,1.0,3
201300025863,0013-06-22 05:00:00,13,6,22,5,0,370,261,AVENUE DE GRAMMONT,,,Nuit avec éclairage allumé,En agglomération,Hors intersection,Normale,Autre collision,,,,,,,,,,,5,2,1,1.0,6
201300025864,0013-06-25 17:45:00,13,6,25,17,45,370,261,BOYER (RUE LEON),,,Plein jour,En agglomération,Intersection en T,Normale,Autre collision,,,,,,,,,,,1,2,3,1.0,6
201300025865,0013-06-25 19:25:00,13,6,25,19,25,370,195,RUE ANTOINE ST EXUPERY,,,Plein jour,En agglomération,Hors intersection,Normale,Deux véhicules - frontale,,,,,,,,,,,1,2,1,1.0,1
201300025866,0013-06-27 07:40:00,13,6,27,7,40,370,261,AVENUE G POMPIDOU,,,Plein jour,En agglomération,Giratoire,Normale,Deux véhicules - côté,,,,,,,,,,,1,2,6,1.0,3
201300025867,0013-06-27 07:55:00,13,6,27,7,55,370,261,"31, POMPIDOU (AVENUE GEO",,,Plein jour,En agglomération,Hors intersection,Normale,Sans collision,,,,,,,,,,,1,2,1,1.0,7
201300025868,0013-06-28 08:30:00,13,6,28,8,30,370,195,SAINT FRANCOIS (RUE),,,Plein jour,En agglomération,Intersection en X,Pluie légère,Deux véhicules - côté,,,,,,,,,,,1,2,2,2.0,3
201300025869,0013-07-03 10:25:00,13,7,3,10,25,370,261,179 AVENUE A MAGINOT,,,Plein jour,En agglomération,Hors intersection,Normale,Deux véhicules - arrière,,,,,,,,,,,1,2,1,1.0,2
201300025870,0013-07-03 12:25:00,13,7,3,12,25,370,261,RUE VICTOR HUGO,,,Plein jour,En agglomération,Intersection en X,Normale,Trois véhicules et plus - collisions multiples,,,,,,,,,,,1,2,2,1.0,5
201300025871,0013-07-04 11:25:00,13,7,4,11,25,370,261,RUE HONORE DE BALZAC,,,Plein jour,En agglomération,Intersection en T,Normale,Autre collision,,,,,,,,,,,1,2,3,1.0,6
201300025872,0013-07-08 15:30:00,13,7,8,15,30,370,214,RUE JEAN MOULIN,,,Plein jour,En agglomération,Hors intersection,Normale,Sans collision,,,,,,,,,,,1,2,1,1.0,7
201300025873,0013-07-09 08:40:00,13,7,9,8,40,370,261,"225, GRAMMONT (AVENUE DE",,,Plein jour,En agglomération,Hors intersection,Autre,Deux véhicules - arrière,,,,,,,,,,,1,2,1,9.0,2
201300025874,0013-07-14 18:20:00,13,7,14,18,20,370,261,AVENUE DE GRAMMONT,,,Plein jour,En agglomération,Hors intersection,Normale,Trois véhicules et plus - collisions multiples,,,,,,,,,,,1,2,1,1.0,5
201300025875,0013-01-18 22:50:00,13,1,18,22,50,370,261,RD 37,,,Nuit sans éclairage public,En agglomération,Hors intersection,Pluie légère,Deux véhicules - côté,,,,,,,,,,,3,2,1,2.0,3
201300025876,0013-02-19 16:25:00,13,2,19,16,25,370,261,AVENUE ANDRE MAGINOT,,,Plein jour,En agglomération,Hors intersection,Normale,Autre collision,,,,,,,,,,,1,2,1,1.0,6
201300025877,0013-02-22 08:50:00,13,2,22,8,50,370,261,AVENUE ANDRE MAGINOT,,,Crépuscule ou aube,En agglomération,Giratoire,Normale,Autre collision,,,,,,,,,,,2,2,6,1.0,6
201300025878,0013-04-25 16:50:00,13,4,25,16,50,370,195,BD LOUIS XI,,,Plein jour,En agglomération,Hors intersection,Normale,Trois véhicules et plus - collisions multiples,,,,,,,,,,,1,2,1,1.0,5
201300025879,0013-04-30 19:00:00,13,4,30,19,0,370,261,SAINT SAUVEUR (PONT),,,Plein jour,En agglomération,Giratoire,Normale,Sans collision,,,,,,,,,,,1,2,6,1.0,7
201300025880,0013-05-03 07:55:00,13,5,3,7,55,370,261,RASPAIL (RUE),,,Plein jour,En agglomération,Intersection en X,Normale,Deux véhicules - côté,,,,,,,,,,,1,2,2,1.0,3
201300025881,0013-05-07 17:45:00,13,5,7,17,45,370,122,,,,Plein jour,Hors agglomération,Hors intersection,Normale,Sans collision,,,,,,,,,,,1,1,1,1.0,7
201300025882,0013-05-09 11:45:00,13,5,9,11,45,370,261,POMPIDOU AVENUE GEORGES,,,Plein jour,En agglomération,Giratoire,Normale,Deux véhicules - côté,,,,,,,,,,,1,2,6,1.0,3
201300025883,0013-05-13 14:00:00,13,5,13,14,0,370,261,CHAUDRON (RUE DU),,,Plein jour,En agglomération,Intersection en T,Normale,Autre collision,,,,,,,,,,,1,2,3,1.0,6
201300025884,0013-05-15 12:25:00,13,5,15,12,25,370,233,27 RUE DE LA RABATERIE,,,Plein jour,En agglomération,Hors intersection,Normale,Deux véhicules - côté,,,,,,,,,,,1,2,1,1.0,3
201300025885,0013-05-18 18:35:00,13,5,18,18,35,370,261,AVENUE DE L'ALOUETTE,,,Plein jour,Hors agglomération,Hors intersection,Pluie légère,Autre collision,,,,,,,,,,,1,1,1,2.0,6
201300025886,0013-05-20 12:20:00,13,5,20,12,20,370,261,RUE NATIONALE,,,Plein jour,En agglomération,Hors intersection,Pluie légère,Sans collision,,,,,,,,,,,1,2,1,2.0,7
201300025887,0013-05-25 15:40:00,13,5,25,15,40,370,261,BERANGER (BOULEVARD),,,Plein jour,En agglomération,Intersection en X,Normale,Deux véhicules - côté,,,,,,,,,,,1,2,2,1.0,3
201300025888,0013-05-25 14:05:00,13,5,25,14,5,370,261,CONSTANTINE (RUE DE),,,Plein jour,En agglomération,Hors intersection,Normale,Sans collision,,,,,,,,,,,1,2,1,1.0,7