accident_id,datetime,annee,mois,jour,heure,minute,departement,commune_insee,adresse,latitude,longitude,luminosite,agglomeration,intersection,meteo,collision,nb_vehicules,nb_usagers,nb_indemnes,nb_tues,nb_blesses_hosp,nb_blesses_legers,age_cond_1,age_cond_2,veh_type_cond_1,veh_type_cond_2,lum_code,agg_code,int_code,atm_code,col_code
201300026153,0013-03-14 18:30:00,13,3,14,18,30,370,261,PLACE DU GL LECLERC,,,Plein jour,En agglomération,Hors intersection,Normale,Sans collision,,,,,,,,,,,1,2,1,1.0,7
201300026154,0013-12-31 20:56:00,13,12,31,20,56,370,122,RD 37,,,Nuit sans éclairage public,En agglomération,Hors intersection,Normale,Sans collision,,,,,,,,,,,3,2,1,1.0,7
201300026155,0013-12-25 15:09:00,13,12,25,15,9,370,208,RUE JULES ROMAIN,,,Plein jour,En agglomération,Hors intersection,Normale,Sans collision,,,,,,,,,,,1,2,1,1.0,7
201300026156,0013-12-31 01:45:00,13,12,31,1,45,370,261,123 AV MAGINOT,,,Nuit avec éclairage allumé,En agglomération,Hors intersection,Normale,Sans collision,,,,,,,,,,,5,2,1,1.0,7
201300026157,0013-01-01 17:15:00,13,1,1,17,15,370,261,RUE DES TANNEURS,,,Nuit avec éclairage allumé,En agglomération,Hors intersection,Temps couvert,Deux véhicules - arrière,,,,,,,,,,,5,2,1,8.0,2
201300026158,0013-01-03 06:40:00,13,1,3,6,40,370,261,"11, PAILHOU PLACE GASTON",,,Nuit avec éclairage non allumé,Hors agglomération,Hors intersection,Normale,Sans collision,,,,,,,,,,,4,1,1,1.0,7
201300026159,0013-04-11 08:25:00,13,4,11,8,25,370,261,198 AV DE GRAMMONT,,,Plein jour,En agglomération,Hors intersection,Pluie légère,Trois véhicules et plus - en chaîne,,,,,,,,,,,1,2,1,2.0,4
201300026160,0013-04-09 10:30:00,13,4,9,10,30,370,261,RUE BOUILLY/FOURNIER,,,Plein jour,En agglomération,Intersection en T,Normale,Deux véhicules - côté,,,,,,,,,,,1,2,3,1.0,3
201300026161,0013-04-14 17:50:00,13,4,14,17,50,370,122,20 RUE LAVOISIER,,,Plein jour,En agglomération,Hors intersection,Normale,Autre collision,,,,,,,,,,,1,2,1,1.0,6
201300026162,0013-04-09 12:25:00,13,4,9,12,25,370,261,AV   ARSONVAL /MONGE,,,Plein jour,En agglomération,Intersection en X,Temps couvert,Autre collision,,,,,,,,,,,1,2,2,8.0,6
201300026163,0013-04-25 13:50:00,13,4,25,13,50,370,233,90 BD PAUL LANGEVIN,,,Plein jour,En agglomération,Hors intersection,Normale,Sans collision,,,,,,,,,,,1,2,1,1.0,7
201300026164,0013-04-30 16:55:00,13,4,30,16,55,370,261,1BD LATTRE DE TASSIGNY,,,Plein jour,En agglomération,Hors intersection,Pluie légère,Sans collision,,,,,,,,,,,1,2,1,2.0,7
201300026165,0013-04-30 17:40:00,13,4,30,17,40,370,261,MIRABEAU /HEURTELOUP,,,Plein jour,En agglomération,Intersection en X,Pluie forte,Autre collision,,,,,,,,,,,1,2,2,3.0,6
201300026166,0013-11-25 20:20:00,13,11,25,20,20,370,195,PERIPHERIQUE OUEST,,,Nuit sans éclairage public,En agglomération,Hors intersection,Normale,Autre collision,,,,,,,,,,,3,2,1,1.0,6
201300026167,0013-05-24 07:35:00,13,5,24,7,35,370,261,169 RUE A CHEVALLIER,,,Plein jour,En agglomération,Intersection en T,Normale,Autre collision,,,,,,,,,,,1,2,3,1.0,6
201300026168,0013-05-25 10:03:00,13,5,25,10,3,370,233,4 RUE JEAN JAURES,,,Plein jour,En agglomération,Giratoire,Temps couvert,Deux véhicules - côté,,,,,,,,,,,1,2,6,8.0,3
201300026169,0013-05-24 12:10:00,13,5,24,12,10,370,233,41 RUE DU COLOMBIER,,,Plein jour,En agglomération,Hors intersection,Pluie légère,Deux véhicules - arrière,,,,,,,,,,,1,2,1,2.0,2
201300026170,0013-05-28 21:50:00,13,5,28,21,50,370,261,JAURES (PLACE JEAN),,,Nuit avec éclairage allumé,En agglomération,Hors intersection,Temps couvert,Autre collision,,,,,,,,,,,5,2,1,8.0,6
201300026171,0013-06-09 14:34:00,13,6,9,14,34,370,261,ILE AUCARD PONT DE FIL,,,Plein jour,En agglomération,Hors intersection,Normale,Autre collision,,,,,,,,,,,1,2,1,1.0,6
201300026172,0013-06-10 13:10:00,13,6,10,13,10,370,261,RUE CROIX PASQUIER,,,Plein jour,En agglomération,Hors intersection,Normale,Sans collision,,,,,,,,,,,1,2,1,1.0,7
201300026173,0013-06-11 22:00:00,13,6,11,22,0,370,261,RD 37,,,Crépuscule ou aube,En agglomération,Hors intersection,Normale,Deux véhicules - arrière,,,,,,,,,,,2,2,1,1.0,2
201300026174,0013-06-18 12:40:00,13,6,18,12,40,370,214,VOISIN BD VOISIN,,,Plein jour,En agglomération,Intersection en X,Pluie forte,Autre collision,,,,,,,,,,,1,2,2,3.0,6
201300026175,0013-06-20 21:10:00,13,6,20,21,10,370,261,"35, GRAMMONT (AVENUE DE)",,,Nuit avec éclairage allumé,En agglomération,Hors intersection,Pluie légère,Autre collision,,,,,,,,,,,5,2,1,2.0,6
201300026176,0013-06-30 03:00:00,13,6,30,3,0,370,261,ST SYMPHORIEN  pont fil,,,Nuit avec éclairage allumé,En agglomération,Hors intersection,Normale,Autre collision,,,,,,,,,,,5,2,1,1.0,6
201300026177,0013-06-04 08:21:00,13,6,4,8,21,370,261,RUE DE SUEDE,,,Plein jour,En agglomération,Intersection en X,Temps éblouissant,Deux véhicules - côté,,,,,,,,,,,1,2,2,7.0,3
201300026178,0013-07-12 13:30:00,13,7,12,13,30,370,233,QUAI DE LA LOIRE,,,Plein jour,En agglomération,Hors intersection,Normale,Sans collision,,,,,,,,,,,1,2,1,1.0,7
201300026179,0013-07-12 17:15:00,13,7,12,17,15,370,122,AVENUE DE LA REPUBLIQUE,,,Plein jour,En agglomération,Intersection en X,Normale,Deux véhicules - côté,,,,,,,,,,,1,2,2,1.0,3
201300026180,0013-07-12 08:22:00,13,7,12,8,22,370,261,RUE GIRAUDEAU,,,Plein jour,En agglomération,Intersection en X,Normale,Deux véhicules - frontale,,,,,,,,,,,1,2,2,1.0,1
201300026181,0013-07-17 15:10:00,13,7,17,15,10,370,233,QUAI DE LA LOIRE,,,Plein jour,En agglomération,Hors intersection,Normale,Deux véhicules - arrière,,,,,,,,,,,1,2,1,1.0,2
201300026182,0013-07-24 14:50:00,13,7,24,14,50,370,261,Bd Abel GANCE,,,Plein jour,En agglomération,Giratoire,Normale,Deux véhicules - côté,,,,,,,,,,,1,2,6,1.0,3
201300026183,0013-07-08 20:00:00,13,7,8,20,0,370,261,PLAC E JEAN JAURES,,,Plein jour,En agglomération,Hors intersection,Normale,Trois véhicules et plus - en chaîne,,,,,,,,,,,1,2,1,1.0,4
201300026184,0013-08-21 17:40:00,13,8,21,17,40,370,261,141 QU PAUL BERT,,,Plein jour,En agglomération,Intersection en T,Normale,Trois véhicules et plus - collisions multiples,,,,,,,,,,,1,2,3,1.0,5
201300026185,0013-09-01 12:55:00,13,9,1,12,55,370,261,1 BIS ML DAVID D'ANGERS,,,Plein jour,En agglomération,Hors intersection,Normale,Autre collision,,,,,,,,,,,1,2,1,1.0,6
201300026186,0013-08-26 21:15:00,13,8,26,21,15,370,261,"N, PAS NOTRE-DAME (RUE D",,,Nuit avec éclairage allumé,En agglomération,Hors intersection,Pluie légère,Deux véhicules - frontale,,,,,,,,,,,5,2,1,2.0,1
201300026187,0013-09-06 12:20:00,13,9,6,12,20,370,261,BD HEURTELOUP,,,Plein jour,En agglomération,Intersection en X,Normale,Autre collision,,,,,,,,,,,1,2,2,1.0,6
201300026188,0013-09-07 10:10:00,13,9,7,10,10,370,122,32 RUE DE LA DOUZILLIERE,,,Plein jour,En agglomération,Hors intersection,Normale,Autre collision,,,,,,,,,,,1,2,1,1.0,6
201300026189,0013-09-03 10:43:00,13,9,3,10,43,370,261,5 BOULEVARD HEURTELOUP,,,Plein jour,En agglomération,Hors intersection,Normale,Deux véhicules - côté,,,,,,,,,,,1,2,1,1.0,3
201300026190,0013-09-18 08:15:00,13,9,18,8,15,370,261,PONT SAINT SAUVEUR,,,Plein jour,En agglomération,Autre intersection,Normale,Sans collision,,,,,,,,,,,1,2,9,1.0,7
201300026191,0013-09-21 17:20:00,13,9,21,17,20,370,233,RUE GAMBETTA,,,Plein jour,En agglomération,Intersection en T,Normale,Deux véhicules - côté,,,,,,,,,,,1,2,3,1.0,3
201300026192,0013-09-23 11:10:00,13,9,23,11,10,370,233,32 RUE PIERRE CURIE,,,Crépuscule ou aube,En agglomération,Hors intersection,Normale,Deux véhicules - côté,,,,,,,,,,,2,2,1,1.0,3
201300026193,0013-09-18 07:45:00,13,9,18,7,45,370,261,AVENUE DE LA TRANCHEE,,,Crépuscule ou aube,En agglomération,Intersection en X,Normale,Deux véhicules - côté,,,,,,,,,,,2,2,2,1.0,3
201300026194,0013-09-18 08:40:00,13,9,18,8,40,370,208,CORMERY (RUE DE),,,Crépuscule ou aube,En agglomération,Hors intersection,Normale,Sans collision,,,,,,,,,,,2,2,1,1.0,7
201300026195,0013-10-04 07:40:00,13,10,4,7,40,370,208,29 BD PAUL DO,,,Plein jour,En agglomération,Intersection en T,Normale,Deux véhicules - côté,,,,,,,,,,,1,2,3,1.0,3
201300026196,0013-10-13 17:20:00,13,10,13,17,20,370,233,RUE GAMBETTA,,,Plein jour,En agglomération,Intersection en X,Normale,Deux véhicules - côté,,,,,,,,,,,1,2,2,1.0,3
201300026197,0013-10-19 22:10:00,13,10,19,22,10,370,261,46 BD TONNELLE,,,Nuit avec éclairage allumé,En agglomération,Intersection en X,Normale,Deux véhicules - frontale,,,,,,,,,,,5,2,2,1.0,1
201300026198,0013-11-02 19:30:00,13,11,2,19,30,370,261,238 RUE GIRAUDEAU,,,Nuit avec éclairage allumé,En agglomération,Intersection en T,Pluie forte,Deux véhicules - côté,,,,,,,,,,,5,2,3,3.0,3
201300026199,0013-11-21 18:00:00,13,11,21,18,0,370,261,PONT NAPOLEON,,,Nuit avec éclairage allumé,En agglomération,Hors intersection,Temps couvert,Sans collision,,,,,,,,,,,5,2,1,8.0,7
201300026200,0013-11-28 12:00:00,13,11,28,12,0,370,261,220 AV DE GRAMMONT,,,Plein jour,En agglomération,Hors intersection,Normale,Autre collision,,,,,,,,,,,1,2,1,1.0,6
201300026201,0013-11-30 23:00:00,13,11,30,23,0,370,214,RUE DE LA MENARDIERE,,,Nuit avec éclairage allumé,En agglomération,Intersection en X,Normale,Sans collision,,,,,,,,,,,5,2,2,1.0,7
201300026202,0013-12-04 11:00:00,13,12,4,11,0,370,261,RUE VOLTAIRE,,,Plein jour,En agglomération,Intersection en T,Normale,Autre collision,,,,,,,,,,,1,2,3,1.0,6
201300026203,0013-12-09 19:10:00,13,12,9,19,10,370,122,RD 37,,,Nuit sans éclairage public,Hors agglomération,Hors intersection,Normale,Sans collision,,,,,,,,,,,3,1,1,1.0,7
201300026204,0013-12-25 13:35:00,13,12,25,13,35,370,261,STENDHAL (AVENUE),,,Plein jour,En agglomération,Intersection en T,Normale,Autre collision,,,,,,,,,,,1,2,3,1.0,6
201300026205,0013-01-01 22:25:00,13,1,1,22,25,380,53,"D1006 11, ALPES",45.5849,5.27328,Nuit avec éclairage allumé,En agglomération,Intersection en X,Pluie légère,Trois véhicules et plus - en chaîne,,,,,,,,,,,5,2,2,2.0,4
201300026206,0013-04-05 23:24:00,13,4,5,23,24,380,53,"144, LIBERATION",,,Nuit avec éclairage allumé,En agglomération,Intersection en T,Normale,Deux véhicules - côté,,,,,,,,,,,5,2,3,1.0,3
201300026207,0013-04-13 15:55:00,13,4,13,15,55,380,53,"15, BARBUSSE",,,Plein jour,En agglomération,Autre intersection,Normale,Autre collision,,,,,,,,,,,1,2,9,1.0,6
201300026208,0013-04-15 11:05:00,13,4,15,11,5,380,53,"01, SAINT MICHEL (BLD)",,,Plein jour,En agglomération,Hors intersection,Normale,Autre collision,,,,,,,,,,,1,2,1,1.0,6
201300026209,0013-04-16 19:00:00,13,4,16,19,0,380,53,MAISON BLANCHE (IMP DE L,,,Plein jour,En agglomération,Hors intersection,Normale,Deux véhicules - côté,,,,,,,,,,,1,2,1,1.0,3
201300026210,0013-05-11 19:57:00,13,5,11,19,57,380,53,DIEDERICHS,,,Plein jour,En agglomération,Intersection en T,Normale,Deux véhicules - côté,,,,,,,,,,,1,2,3,1.0,3
201300026211,0013-05-11 01:30:00,13,5,11,1,30,380,53,ISLE D'ABEAU (ROUTE DE),,,Nuit avec éclairage allumé,En agglomération,Intersection en Y,Normale,Deux véhicules - côté,,,,,,,,,,,5,2,4,1.0,3
201300026212,0013-05-02 16:25:00,13,5,2,16,25,380,53,CHAMP DE MARS (PL),,,Plein jour,En agglomération,Hors intersection,Normale,Autre collision,,,,,,,,,,,1,2,1,1.0,6
201300026213,0013-06-14 07:50:00,13,6,14,7,50,380,53,"20, LECLERC (AVENUE DU M",,,Plein jour,En agglomération,Giratoire,Normale,Autre collision,,,,,,,,,,,1,2,6,1.0,6
201300026214,0013-06-18 16:50:00,13,6,18,16,50,380,53,BOUSSIEU,,,Plein jour,En agglomération,Intersection en T,Normale,Deux véhicules - côté,,,,,,,,,,,1,2,3,1.0,3
201300026215,0013-06-29 14:30:00,13,6,29,14,30,380,53,"00, ALEXANDRE FLEMING (R",,,Plein jour,En agglomération,Hors intersection,Pluie légère,Deux véhicules - frontale,,,,,,,,,,,1,2,1,2.0,1
201300026216,0013-06-26 16:25:00,13,6,26,16,25,380,53,"0, ETISSEY",,,Plein jour,En agglomération,Hors intersection,Normale,Deux véhicules - côté,,,,,,,,,,,1,2,1,1.0,3
201300026217,0013-09-07 19:17:00,13,9,7,19,17,380,53,D 1006,,,Plein jour,En agglomération,Hors intersection,Pluie forte,Sans collision,,,,,,,,,,,1,2,1,3.0,7
201300026218,0013-09-26 16:24:00,13,9,26,16,24,380,53,ASIMOV (ISAAC),,,Plein jour,En agglomération,Intersection en T,Normale,Deux véhicules - côté,,,,,,,,,,,1,2,3,1.0,3
201300026219,0013-10-04 18:00:00,13,10,4,18,0,380,53,ALPES,,,Plein jour,En agglomération,Intersection en T,Pluie forte,Deux véhicules - côté,,,,,,,,,,,1,2,3,3.0,3
201300026220,0013-12-19 16:30:00,13,12,19,16,30,380,53,"72, PONTCOTTIER",,,Crépuscule ou aube,Hors agglomération,Hors intersection,Pluie forte,Autre collision,,,,,,,,,,,2,1,1,3.0,6
201300026221,0013-12-20 19:00:00,13,12,20,19,0,380,53,DIEDERICHS,,,Nuit avec éclairage allumé,En agglomération,Hors intersection,Normale,Deux véhicules - arrière,,,,,,,,,,,5,2,1,1.0,2
201300026222,0013-12-14 08:51:00,13,12,14,8,51,380,53,"49, PRE POMMIER (BLD DE)",,,Plein jour,En agglomération,Hors intersection,Temps couvert,Deux véhicules - arrière,,,,,,,,,,,1,2,1,8.0,2
201300026223,0013-12-12 14:13:00,13,12,12,14,13,380,53,"0, ISLE D'ABEAU (ROUTE D",,,Plein jour,En agglomération,Hors intersection,Normale,Autre collision,,,,,,,,,,,1,2,1,1.0,6
201300026224,0013-11-21 15:00:00,13,11,21,15,0,380,53,"10, GAMBETTA (AVE)",,,Plein jour,En agglomération,Intersection en T,Pluie légère,Autre collision,,,,,,,,,,,1,2,3,2.0,6
201300026225,0013-01-02 18:00:00,13,1,2,18,0,380,421,"101, AV BENOIT FRACHON",45.1783,5.75587,Nuit avec éclairage allumé,En agglomération,Hors intersection,Normale,Autre collision,,,,,,,,,,,5,2,1,1.0,6
201300026226,0013-01-08 15:30:00,13,1,8,15,30,380,185,"0, BD AGUTTE SEMBAT",45.1874,5.72719,Plein jour,En agglomération,Intersection en X,Normale,Autre collision,,,,,,,,,,,1,2,2,1.0,6
201300026227,0013-01-09 11:05:00,13,1,9,11,5,380,185,9 R DE LA LIBERTE,45.1884,5.72918,Plein jour,En agglomération,Intersection en X,Normale,Autre collision,,,,,,,,,,,1,2,2,1.0,6
201300026228,0013-01-09 23:25:00,13,1,9,23,25,380,423,145 RTE DE CLEMENCIERE,45.2008,5.72015,Nuit avec éclairage allumé,En agglomération,Hors intersection,Normale,Autre collision,,,,,,,,,,,5,2,1,1.0,6
201300026229,0013-01-10 19:30:00,13,1,10,19,30,380,185,0 R ABBE GREGOIRE,45.1858,5.71217,Nuit avec éclairage allumé,En agglomération,Intersection en X,Pluie légère,Autre collision,,,,,,,,,,,5,2,2,2.0,6
201300026230,0013-01-11 13:30:00,13,1,11,13,30,380,169,"0, AVENUE DU VERCORS",45.1925,5.69473,Plein jour,En agglomération,Intersection en T,Pluie légère,Autre collision,,,,,,,,,,,1,2,3,2.0,6
201300026231,0013-01-14 13:20:00,13,1,14,13,20,380,421,"68, RUE DE MALFANGEAT",45.1681,5.76236,Plein jour,En agglomération,Intersection en T,Normale,Autre collision,,,,,,,,,,,1,2,3,1.0,6
201300026232,0013-01-24 14:10:00,13,1,24,14,10,380,185,15 R DR BORDIER,45.1761,5.72975,Plein jour,En agglomération,Hors intersection,Normale,Autre collision,,,,,,,,,,,1,2,1,1.0,6
201300026233,0013-01-31 09:30:00,13,1,31,9,30,380,185,"0, AVENUE JEANNE D'ARC",45.1817,5.74484,Plein jour,En agglomération,Intersection en X,Normale,Deux véhicules - côté,,,,,,,,,,,1,2,2,1.0,3
201300026234,0013-02-01 17:30:00,13,2,1,17,30,380,151,"0, RUE GEO CHARLES",45.1498,5.69793,Plein jour,En agglomération,Intersection en Y,Pluie légère,Autre collision,,,,,,,,,,,1,2,4,2.0,6
201300026235,0013-02-06 20:05:00,13,2,6,20,5,380,185,"0, AV ALBERT 1ER DE BELG",45.1822,5.73434,Nuit avec éclairage allumé,En agglomération,Intersection en X,Neige / grêle,Autre collision,,,,,,,,,,,5,2,2,4.0,6
201300026236,0013-02-08 12:05:00,13,2,8,12,5,380,185,R EMILE ROMANET,45.1751,5.74332,Plein jour,En agglomération,Hors intersection,Normale,Deux véhicules - côté,,,,,,,,,,,1,2,1,1.0,3
201300026237,0013-02-16 17:00:00,13,2,16,17,0,380,516,AV DU GRAND SABLON,45.1975,5.74894,Plein jour,En agglomération,Intersection en T,Normale,Autre collision,,,,,,,,,,,1,2,3,1.0,6
201300026238,0013-02-19 19:00:00,13,2,19,19,0,380,185,"0, RUE HEBERT",45.1901,5.73499,Plein jour,En agglomération,Intersection en X,Normale,Autre collision,,,,,,,,,,,1,2,2,1.0,6
201300026239,0013-02-21 00:05:00,13,2,21,0,5,380,185,20 BD MARECHAL FOCH,45.1815,5.72506,Nuit avec éclairage allumé,En agglomération,Hors intersection,Normale,Autre collision,,,,,,,,,,,5,2,1,1.0,6
201300026240,0013-02-21 08:20:00,13,2,21,8,20,380,421,"0, AV GABRIEL PERI",45.1844,5.76821,Plein jour,En agglomération,Intersection en X,Normale,Deux véhicules - côté,,,,,,,,,,,1,2,2,1.0,3
201300026241,0013-02-27 15:30:00,13,2,27,15,30,380,151,"0, COURS JEAN JAURES",45.146,5.70486,Plein jour,En agglomération,Intersection en X,Normale,Deux véhicules - côté,,,,,,,,,,,1,2,2,1.0,3
201300026242,0013-02-28 10:50:00,13,2,28,10,50,380,185,"0, AV MARECHAL RANDON",45.1998,5.73998,Plein jour,En agglomération,Hors intersection,Normale,Autre collision,,,,,,,,,,,1,2,1,1.0,6
201300026243,0013-03-02 06:35:00,13,3,2,6,35,380,423,99 VOIE NON IDENTIFIEE,,,Nuit sans éclairage public,Hors agglomération,Hors intersection,Normale,Deux véhicules - arrière,,,,,,,,,,,3,1,1,1.0,2
201300026244,0013-03-03 13:30:00,13,3,3,13,30,380,421,"0, RUE DE LA CHIMIE",,,Plein jour,En agglomération,Hors intersection,Normale,Deux véhicules - arrière,,,,,,,,,,,1,2,1,1.0,2
201300026245,0013-03-06 19:00:00,13,3,6,19,0,380,185,"0, PONT DE LA PORTE DE F",,,Plein jour,En agglomération,Intersection en X,Normale,Deux véhicules - côté,,,,,,,,,,,1,2,2,1.0,3
201300026246,0013-03-09 01:45:00,13,3,9,1,45,380,185,"0, PLACE DE VERDUN",,,Nuit avec éclairage allumé,En agglomération,Intersection en T,Normale,Deux véhicules - côté,,,,,,,,,,,5,2,3,1.0,3
201300026247,0013-03-09 19:44:00,13,3,9,19,44,380,516,"0, 99 VOIE NON IDENTIFIE",,,Nuit sans éclairage public,En agglomération,Hors intersection,Normale,Autre collision,,,,,,,,,,,3,2,1,1.0,6
201300026248,0013-03-13 10:10:00,13,3,13,10,10,380,151,"0, AVENUE COLONEL MANH?S",45.146,5.7044,Plein jour,En agglomération,Hors intersection,Normale,Autre collision,,,,,,,,,,,1,2,1,1.0,6
201300026249,0013-03-15 17:30:00,13,3,15,17,30,380,185,"0, ROUTE DE LYON",,,Plein jour,En agglomération,Hors intersection,Normale,Autre collision,,,,,,,,,,,1,2,1,1.0,6
201300026250,0013-03-21 09:10:00,13,3,21,9,10,380,185,"14, AVENUE ALBERT 1ER DE",,,Plein jour,En agglomération,Hors intersection,Normale,Autre collision,,,,,,,,,,,1,2,1,1.0,6
201300026251,0013-03-22 06:20:00,13,3,22,6,20,380,185,"31, AVENUE MARCELIN BERT",,,Nuit avec éclairage allumé,En agglomération,Autre intersection,Normale,Autre collision,,,,,,,,,,,5,2,9,1.0,6
201300026252,0013-03-23 19:40:00,13,3,23,19,40,380,185,"15, AVENUE RHIN ET DANUB",,,Nuit avec éclairage allumé,En agglomération,Hors intersection,Normale,Autre collision,,,,,,,,,,,5,2,1,1.0,6
201300026253,0013-03-26 08:52:00,13,3,26,8,52,380,185,RUE F?LIX ESCLANGON,,,Plein jour,En agglomération,Hors intersection,Temps couvert,Autre collision,,,,,,,,,,,1,2,1,8.0,6
201300026254,0013-03-29 19:40:00,13,3,29,19,40,380,421,AVENUE BENO?T FRACHON,,,Nuit avec éclairage allumé,En agglomération,Autre intersection,Temps couvert,Autre collision,,,,,,,,,,,5,2,9,8.0,6
201300026255,0013-04-01 14:30:00,13,4,1,14,30,380,516,99 VOIE NON IDENTIFIEE,,,Plein jour,Hors agglomération,Intersection en X,Normale,Deux véhicules - côté,,,,,,,,,,,1,1,2,1.0,3
201300026256,0013-04-04 14:15:00,13,4,4,14,15,380,185,"80, RUE LUCIEN ANDRIEUX",,,Plein jour,En agglomération,Hors intersection,Normale,Deux véhicules - côté,,,,,,,,,,,1,2,1,1.0,3
201300026257,0013-04-09 11:35:00,13,4,9,11,35,380,185,"76, RUE DE STALINGRAD",,,Plein jour,En agglomération,Hors intersection,Normale,Autre collision,,,,,,,,,,,1,2,1,1.0,6
201300026258,0013-04-19 15:20:00,13,4,19,15,20,380,185,RUE F?LIX ESCLANGON,,,Plein jour,En agglomération,Autre intersection,Pluie légère,Autre collision,,,,,,,,,,,1,2,9,2.0,6
201300026259,0013-04-21 20:24:00,13,4,21,20,24,380,179,RUE DU MOIRON,,,Crépuscule ou aube,Hors agglomération,Autre intersection,Normale,Sans collision,,,,,,,,,,,2,1,9,1.0,7
201300026260,0013-04-22 10:10:00,13,4,22,10,10,380,151,AVENUE DES F.T.P.F.,,,Plein jour,En agglomération,Autre intersection,Normale,Autre collision,,,,,,,,,,,1,2,9,1.0,6
201300026261,0013-04-30 13:00:00,13,4,30,13,0,380,421,RUE TRISTAN BERNARD,,,Plein jour,En agglomération,Hors intersection,Normale,Autre collision,,,,,,,,,,,1,2,1,1.0,6
201300026262,0013-04-30 14:20:00,13,4,30,14,20,380,169,"109, AVENUE ARISTIDE BRI",,,Plein jour,En agglomération,Hors intersection,Normale,Autre collision,,,,,,,,,,,1,2,1,1.0,6
201300026263,0013-05-03 17:49:00,13,5,3,17,49,380,421,"0, RUE DES GLAIRONS",,,Plein jour,En agglomération,Hors intersection,Normale,Deux véhicules - côté,,,,,,,,,,,1,2,1,1.0,3
201300026264,0013-05-04 12:00:00,13,5,4,12,0,380,185,RUE L?ON JOUHAUX,,,Plein jour,En agglomération,Intersection en T,Normale,Deux véhicules - frontale,,,,,,,,,,,1,2,3,1.0,1
201300026265,0013-05-06 09:20:00,13,5,6,9,20,380,151,COURS JEAN JAUR?S,,,Plein jour,En agglomération,Hors intersection,Normale,Deux véhicules - côté,,,,,,,,,,,1,2,1,1.0,3
201300026266,0013-05-07 14:00:00,13,5,7,14,0,380,169,AVENUE ARISTIDE BRIAND,,,Plein jour,En agglomération,Hors intersection,Normale,Deux véhicules - côté,,,,,,,,,,,1,2,1,1.0,3
201300026267,0013-05-13 10:26:00,13,5,13,10,26,380,421,BOULEVARD DULCIE SEPTEMB,,,Plein jour,En agglomération,Intersection en X,Normale,Deux véhicules - côté,,,,,,,,,,,1,2,2,1.0,3
201300026268,0013-05-19 18:15:00,13,5,19,18,15,380,169,"3, AVENUE DU VERCORS",,,Plein jour,En agglomération,Hors intersection,Normale,Trois véhicules et plus - en chaîne,,,,,,,,,,,1,2,1,1.0,4
201300026269,0013-05-21 22:14:00,13,5,21,22,14,380,185,"0, RUE DES EAUX CLAIRES",,,Nuit avec éclairage allumé,En agglomération,Intersection en X,Normale,Deux véhicules - côté,,,,,,,,,,,5,2,2,1.0,3
201300026270,0013-05-22 18:30:00,13,5,22,18,30,380,179,"0, RUE DES SPORTS",,,Plein jour,En agglomération,Hors intersection,Normale,Deux véhicules - frontale,,,,,,,,,,,1,2,1,1.0,1
201300026271,0013-05-25 09:45:00,13,5,25,9,45,380,185,"0, BOULEVARD ?DOUARD REY",,,Plein jour,En agglomération,Intersection en X,Pluie légère,Autre collision,,,,,,,,,,,1,2,2,2.0,6
201300026272,0013-05-25 17:20:00,13,5,25,17,20,380,185,"4, RUE CONDORCET",,,Plein jour,En agglomération,Hors intersection,Pluie légère,Autre collision,,,,,,,,,,,1,2,1,2.0,6
201300026273,0013-05-26 18:30:00,13,5,26,18,30,380,185,"24, QUAI XAVIER JOUVIN",,,Plein jour,En agglomération,Hors intersection,Normale,Deux véhicules - arrière,,,,,,,,,,,1,2,1,1.0,2
201300026274,0013-05-27 15:52:00,13,5,27,15,52,380,185,RUE DES ALLI?S,,,Plein jour,En agglomération,Intersection en X,Normale,Trois véhicules et plus - collisions multiples,,,,,,,,,,,1,2,2,1.0,5
201300026275,0013-05-30 16:50:00,13,5,30,16,50,380,185,"40, RUE DOCTEUR CALMETTE",,,Plein jour,En agglomération,Hors intersection,Normale,Autre collision,,,,,,,,,,,1,2,1,1.0,6
201300026276,0013-05-30 17:45:00,13,5,30,17,45,380,185,AVENUE PAUL VERLAINE,,,Plein jour,En agglomération,Hors intersection,Normale,Deux véhicules - arrière,,,,,,,,,,,1,2,1,1.0,2
201300026277,0013-06-04 12:55:00,13,6,4,12,55,380,185,"110, AVENUE JEAN PERROT",,,Plein jour,En agglomération,Intersection en T,Normale,Autre collision,,,,,,,,,,,1,2,3,1.0,6
201300026278,0013-06-08 11:00:00,13,6,8,11,0,380,421,"0, BOULEVARD DULCIE SEPT",,,Plein jour,En agglomération,Hors intersection,Normale,Deux véhicules - côté,,,,,,,,,,,1,2,1,1.0,3
201300026279,0013-06-11 07:40:00,13,6,11,7,40,380,151,"0, AVENUE AUGUSTE FERRIE",,,Plein jour,En agglomération,Hors intersection,Normale,Deux véhicules - côté,,,,,,,,,,,1,2,1,1.0,3
201300026280,0013-06-15 23:00:00,13,6,15,23,0,380,185,"., PLACE GUSTAVE RIVET",,,Nuit avec éclairage allumé,En agglomération,Hors intersection,Normale,Autre collision,,,,,,,,,,,5,2,1,1.0,6
201300026281,0013-06-16 20:18:00,13,6,16,20,18,380,185,"16, RUE DES D?PORT?S DU",,,Plein jour,En agglomération,Hors intersection,Normale,Deux véhicules - frontale,,,,,,,,,,,1,2,1,1.0,1
201300026282,0013-06-16 22:45:00,13,6,16,22,45,380,185,"0, COURS JEAN JAUR?S",,,Nuit avec éclairage allumé,En agglomération,Hors intersection,Normale,Autre collision,,,,,,,,,,,5,2,1,1.0,6