accident_id,datetime,annee,mois,jour,heure,minute,departement,commune_insee,adresse,latitude,longitude,luminosite,agglomeration,intersection,meteo,collision,nb_vehicules,nb_usagers,nb_indemnes,nb_tues,nb_blesses_hosp,nb_blesses_legers,age_cond_1,age_cond_2,veh_type_cond_1,veh_type_cond_2,lum_code,agg_code,int_code,atm_code,col_code
201300026283,0013-06-18 09:00:00,13,6,18,9,0,380,185,"0, AVENUE LA BRUY?RE",,,Plein jour,En agglomération,Hors intersection,Normale,Trois véhicules et plus - collisions multiples,,,,,,,,,,,1,2,1,1.0,5
201300026284,0013-06-18 09:45:00,13,6,18,9,45,380,185,R GEN FERRIE/BD FOCH,45.1805,5.72325,Plein jour,En agglomération,Intersection en X,Normale,Deux véhicules - frontale,,,,,,,,,,,1,2,2,1.0,1
201300026285,0013-06-18 16:24:00,13,6,18,16,24,380,185,AV M REYNOARD/BRUYERE,45.1666,5.72845,Plein jour,En agglomération,Intersection en X,Normale,Deux véhicules - côté,,,,,,,,,,,1,2,2,1.0,3
201300026286,0013-06-22 15:20:00,13,6,22,15,20,380,151,AVENUE DES ?TATS G?N?RAU,,,Plein jour,En agglomération,Hors intersection,Normale,Trois véhicules et plus - en chaîne,,,,,,,,,,,1,2,1,1.0,4
201300026287,0013-06-24 09:23:00,13,6,24,9,23,380,382,A48 PK 0092+0126,45.2276,5.6677,Plein jour,Hors agglomération,Hors intersection,Pluie légère,Autre collision,,,,,,,,,,,1,1,1,2.0,6
201300026288,0013-06-27 16:30:00,13,6,27,16,30,380,423,"1, RUE CONRAD KILLIAN",,,Plein jour,En agglomération,Hors intersection,Normale,Autre collision,,,,,,,,,,,1,2,1,1.0,6
201300026289,0013-06-30 20:35:00,13,6,30,20,35,380,179,AV D'URIAGE,45.1645,5.80498,Plein jour,Hors agglomération,Hors intersection,Normale,Deux véhicules - frontale,,,,,,,,,,,1,1,1,1.0,1
201300026290,0013-07-01 12:35:00,13,7,1,12,35,380,185,"59, RUE DU DRAC",,,Plein jour,En agglomération,Hors intersection,Normale,Autre collision,,,,,,,,,,,1,2,1,1.0,6
201300026291,0013-07-02 07:10:00,13,7,2,7,10,380,185,"., RUE LESDIGUI?RES",,,Plein jour,En agglomération,Intersection en T,Normale,Deux véhicules - côté,,,,,,,,,,,1,2,3,1.0,3
201300026292,0013-07-03 15:19:00,13,7,3,15,19,380,185,"0, PLACE BIR HAKEIM",,,Plein jour,En agglomération,Intersection en X,Normale,Deux véhicules - arrière,,,,,,,,,,,1,2,2,1.0,2
201300026293,0013-07-05 14:40:00,13,7,5,14,40,380,185,"6, AVENUE DE VALMY",,,Plein jour,En agglomération,Intersection en T,Normale,Deux véhicules - côté,,,,,,,,,,,1,2,3,1.0,3
201300026294,0013-07-08 12:00:00,13,7,8,12,0,380,185,"37, RUE NICOLAS CHORIER",,,Plein jour,En agglomération,Hors intersection,Normale,Autre collision,,,,,,,,,,,1,2,1,1.0,6
201300026295,0013-07-08 23:00:00,13,7,8,23,0,380,151,"0, RUE G?O CHARLES",,,Nuit avec éclairage non allumé,En agglomération,Hors intersection,Normale,Sans collision,,,,,,,,,,,4,2,1,1.0,7
201300026296,0013-07-09 18:50:00,13,7,9,18,50,380,185,"0, AVENUE RHIN ET DANUBE",,,Plein jour,En agglomération,Hors intersection,Normale,Autre collision,,,,,,,,,,,1,2,1,1.0,6
201300026297,0013-07-21 11:35:00,13,7,21,11,35,380,423,"10, ROUTE DE CL?MENCI?RE",,,Plein jour,Hors agglomération,Intersection en X,Normale,Deux véhicules - côté,,,,,,,,,,,1,1,2,1.0,3
201300026298,0013-07-26 08:15:00,13,7,26,8,15,380,185,", RUE PIERRE S?MARD",,,Plein jour,En agglomération,Hors intersection,Normale,Deux véhicules - côté,,,,,,,,,,,1,2,1,1.0,3
201300026299,0013-07-26 17:30:00,13,7,26,17,30,380,185,"21, RUE DU MAN?GE",,,Plein jour,En agglomération,Hors intersection,Normale,Autre collision,,,,,,,,,,,1,2,1,1.0,6
201300026300,0013-07-26 22:45:00,13,7,26,22,45,380,185,"133, RUE DES ALLI?S",,,Nuit avec éclairage allumé,En agglomération,Hors intersection,Normale,Deux véhicules - frontale,,,,,,,,,,,5,2,1,1.0,1
201300026301,0013-08-06 23:10:00,13,8,6,23,10,380,185,"13, BOULEVARD MAR?CHAL F",,,Nuit avec éclairage allumé,En agglomération,Hors intersection,Normale,Deux véhicules - arrière,,,,,,,,,,,5,2,1,1.0,2
201300026302,0013-08-20 00:20:00,13,8,20,0,20,380,185,COURS BERRIAT,,,Nuit avec éclairage allumé,En agglomération,Intersection en X,Normale,Deux véhicules - côté,,,,,,,,,,,5,2,2,1.0,3
201300026303,0013-08-20 08:10:00,13,8,20,8,10,380,185,"0, RUE LESDIGUI?RES",,,Plein jour,En agglomération,Hors intersection,Normale,Autre collision,,,,,,,,,,,1,2,1,1.0,6
201300026304,0013-08-23 19:00:00,13,8,23,19,0,380,185,AVENUE MALHERBE,,,Plein jour,En agglomération,Hors intersection,Normale,Autre collision,,,,,,,,,,,1,2,1,1.0,6
201300026305,0013-08-25 03:45:00,13,8,25,3,45,380,185,99 VOIE NON IDENTIFIEE,,,Nuit sans éclairage public,Hors agglomération,Hors intersection,Temps couvert,Deux véhicules - arrière,,,,,,,,,,,3,1,1,8.0,2
201300026306,0013-08-28 11:30:00,13,8,28,11,30,380,185,"0, AVENUE MARCELIN BERTH",,,Plein jour,En agglomération,Hors intersection,Normale,Deux véhicules - côté,,,,,,,,,,,1,2,1,1.0,3
201300026307,0013-08-28 17:50:00,13,8,28,17,50,380,185,"0, BOULEVARD JEAN PAIN",,,Plein jour,En agglomération,Hors intersection,Normale,Deux véhicules - côté,,,,,,,,,,,1,2,1,1.0,3
201300026308,0013-08-28 19:29:00,13,8,28,19,29,380,185,"39, BOULEVARD CLEMENCEAU",,,Plein jour,En agglomération,Hors intersection,Normale,Autre collision,,,,,,,,,,,1,2,1,1.0,6
201300026309,0013-08-30 12:30:00,13,8,30,12,30,380,185,"117, RUE DE STALINGRAD",,,Plein jour,En agglomération,Hors intersection,Normale,Deux véhicules - côté,,,,,,,,,,,1,2,1,1.0,3
201300026310,0013-09-02 14:55:00,13,9,2,14,55,380,169,"15, RUE BAPTISTE MARCET",,,Plein jour,En agglomération,Hors intersection,Normale,Autre collision,,,,,,,,,,,1,2,1,1.0,6
201300026311,0013-09-02 13:20:00,13,9,2,13,20,380,185,"61, RUE F?LIX ESCLANGON",,,Plein jour,En agglomération,Hors intersection,Normale,Deux véhicules - côté,,,,,,,,,,,1,2,1,1.0,3
201300026312,0013-09-02 16:20:00,13,9,2,16,20,380,151,"3, RUE GABRIEL DIDIER",,,Plein jour,En agglomération,Hors intersection,Normale,Deux véhicules - frontale,,,,,,,,,,,1,2,1,1.0,1
201300026313,0013-09-03 18:00:00,13,9,3,18,0,380,169,QUAI DU DRAC,,,Plein jour,En agglomération,Intersection en X,Normale,Deux véhicules - côté,,,,,,,,,,,1,2,2,1.0,3
201300026314,0013-09-06 20:20:00,13,9,6,20,20,380,151,AVENUE DE GRUGLIASCO,,,Nuit avec éclairage allumé,En agglomération,Hors intersection,Normale,Autre collision,,,,,,,,,,,5,2,1,1.0,6
201300026315,0013-09-08 15:10:00,13,9,8,15,10,380,185,RUE JOSEPH REY,,,Plein jour,En agglomération,Hors intersection,Pluie forte,Autre collision,,,,,,,,,,,1,2,1,3.0,6
201300026316,0013-09-10 18:25:00,13,9,10,18,25,380,185,99 VOIE NON IDENTIFIEE,,,Plein jour,Hors agglomération,Hors intersection,Normale,Deux véhicules - arrière,,,,,,,,,,,1,1,1,1.0,2
201300026317,0013-09-15 17:45:00,13,9,15,17,45,380,185,99 VOIE NON IDENTIFIEE,,,Plein jour,Hors agglomération,Hors intersection,Normale,Trois véhicules et plus - en chaîne,,,,,,,,,,,1,1,1,1.0,4
201300026318,0013-09-17 12:45:00,13,9,17,12,45,380,185,"34bis, RUE DIDEROT",,,Plein jour,En agglomération,Intersection en X,Temps couvert,Deux véhicules - frontale,,,,,,,,,,,1,2,2,8.0,1
201300026319,0013-09-21 12:00:00,13,9,21,12,0,380,185,"53, BOULEVARD MAR?CHAL F",,,Plein jour,En agglomération,Hors intersection,Normale,Deux véhicules - arrière,,,,,,,,,,,1,2,1,1.0,2
201300026320,0013-09-21 16:05:00,13,9,21,16,5,380,421,"00, RUE DU BOURGAMON",,,Plein jour,En agglomération,Intersection en T,Normale,Deux véhicules - côté,,,,,,,,,,,1,2,3,1.0,3
201300026321,0013-09-22 13:00:00,13,9,22,13,0,380,185,1090,,,Plein jour,Hors agglomération,Hors intersection,Normale,Trois véhicules et plus - collisions multiples,,,,,,,,,,,1,1,1,1.0,5
201300026322,0013-09-22 19:45:00,13,9,22,19,45,380,423,"00, RUE DE BROTTERODE",,,Plein jour,Hors agglomération,Hors intersection,Normale,Deux véhicules - frontale,,,,,,,,,,,1,1,1,1.0,1
201300026323,0013-09-22 20:15:00,13,9,22,20,15,380,185,"0, COURS DE LA LIB?RATIO",,,Nuit avec éclairage non allumé,En agglomération,Hors intersection,Normale,Deux véhicules - frontale,,,,,,,,,,,4,2,1,1.0,1
201300026324,0013-09-23 18:15:00,13,9,23,18,15,380,423,"3117, RUE DU PETIT LAC",,,Plein jour,En agglomération,Hors intersection,Normale,Autre collision,,,,,,,,,,,1,2,1,1.0,6
201300026325,0013-09-24 17:40:00,13,9,24,17,40,380,185,"0, PLACE VAUCANSON",,,Plein jour,En agglomération,Hors intersection,Normale,Autre collision,,,,,,,,,,,1,2,1,1.0,6
201300026326,0013-09-26 08:40:00,13,9,26,8,40,380,151,ROCADE SUD,,,Plein jour,En agglomération,Hors intersection,Normale,Deux véhicules - arrière,,,,,,,,,,,1,2,1,1.0,2
201300026327,0013-09-28 21:40:00,13,9,28,21,40,380,169,PONT DU VERCORS,,,Nuit avec éclairage non allumé,En agglomération,Hors intersection,Normale,Deux véhicules - côté,,,,,,,,,,,4,2,1,1.0,3
201300026328,0013-10-01 09:30:00,13,10,1,9,30,380,169,RUE GEORGE SAND,,,Plein jour,En agglomération,Intersection en X,Normale,Deux véhicules - côté,,,,,,,,,,,1,2,2,1.0,3
201300026329,0013-10-02 08:53:00,13,10,2,8,53,380,185,BOULEVARD MAR?CHAL FOCH,,,Plein jour,En agglomération,Hors intersection,Normale,Autre collision,,,,,,,,,,,1,2,1,1.0,6
201300026330,0013-10-02 18:30:00,13,10,2,18,30,380,185,CHEMIN DE LA POTERNE,,,Plein jour,En agglomération,Hors intersection,Normale,Deux véhicules - frontale,,,,,,,,,,,1,2,1,1.0,1
201300026331,0013-10-04 13:27:00,13,10,4,13,27,380,185,"35 bis, AVENUE RHIN ET D",,,Plein jour,En agglomération,Hors intersection,Normale,Autre collision,,,,,,,,,,,1,2,1,1.0,6
201300026332,0013-10-05 00:36:00,13,10,5,0,36,380,151,"., AVENUE DU 8 MAI 1945",,,Nuit avec éclairage non allumé,En agglomération,Hors intersection,Pluie légère,Autre collision,,,,,,,,,,,4,2,1,2.0,6
201300026333,0013-10-09 17:35:00,13,10,9,17,35,380,185,RUE ALBERT REYNIER,,,Plein jour,En agglomération,Autre intersection,Normale,Autre collision,,,,,,,,,,,1,2,9,1.0,6
201300026334,0013-10-12 01:40:00,13,10,12,1,40,380,185,"9, AVENUE JEANNE D'ARC",,,Nuit avec éclairage allumé,En agglomération,Hors intersection,Normale,Autre collision,,,,,,,,,,,5,2,1,1.0,6
201300026335,0013-10-12 19:30:00,13,10,12,19,30,380,151,RUE DE LA PAIX,,,Nuit avec éclairage allumé,En agglomération,Intersection en X,Normale,Deux véhicules - côté,,,,,,,,,,,5,2,2,1.0,3
201300026336,0013-10-14 12:30:00,13,10,14,12,30,380,151,99 VOIE NON IDENTIFIEE,,,Plein jour,Hors agglomération,Hors intersection,Pluie légère,Trois véhicules et plus - en chaîne,,,,,,,,,,,1,1,1,2.0,4
201300026337,0013-10-15 14:10:00,13,10,15,14,10,380,185,"4, QUAI DE FRANCE",,,Plein jour,En agglomération,Autre intersection,Normale,Autre collision,,,,,,,,,,,1,2,9,1.0,6
201300026338,0013-10-16 09:35:00,13,10,16,9,35,380,185,"00, QUAI CREQUI",,,Plein jour,En agglomération,Intersection en X,Normale,Deux véhicules - côté,,,,,,,,,,,1,2,2,1.0,3
201300026339,0013-10-17 17:35:00,13,10,17,17,35,380,151,COURS JEAN JAUR?S,,,Plein jour,En agglomération,Intersection en X,Normale,Deux véhicules - côté,,,,,,,,,,,1,2,2,1.0,3
201300026340,0013-10-19 11:45:00,13,10,19,11,45,380,169,RUE CHARLES MICHELS,,,Plein jour,En agglomération,Autre intersection,Normale,Autre collision,,,,,,,,,,,1,2,9,1.0,6
201300026341,0013-10-21 15:15:00,13,10,21,15,15,380,151,"00, COURS JEAN JAUR?S",,,Plein jour,En agglomération,Intersection en X,Normale,Autre collision,,,,,,,,,,,1,2,2,1.0,6
201300026342,0013-10-21 18:55:00,13,10,21,18,55,380,185,"10, RUE PIERRE S?MARD",,,Nuit avec éclairage allumé,En agglomération,Hors intersection,Normale,Autre collision,,,,,,,,,,,5,2,1,1.0,6
201300026343,0013-10-25 20:15:00,13,10,25,20,15,380,185,BOULEVARD AGUTTE SEMBAT,,,Nuit avec éclairage allumé,En agglomération,Hors intersection,Normale,Autre collision,,,,,,,,,,,5,2,1,1.0,6
201300026344,0013-10-28 12:10:00,13,10,28,12,10,380,185,"00, COURS DE LA LIB?RATI",,,Plein jour,En agglomération,Hors intersection,Normale,Autre collision,,,,,,,,,,,1,2,1,1.0,6
201300026345,0013-10-29 00:10:00,13,10,29,0,10,380,185,"0, PLACE DE LA GARE",,,Nuit avec éclairage allumé,En agglomération,Hors intersection,Pluie légère,Autre collision,,,,,,,,,,,5,2,1,2.0,6
201300026346,0013-10-29 15:40:00,13,10,29,15,40,380,151,ROCADE SUD,,,Plein jour,En agglomération,Hors intersection,Temps couvert,Autre collision,,,,,,,,,,,1,2,1,8.0,6
201300026347,0013-10-31 17:45:00,13,10,31,17,45,380,185,"0, RUE BUFFON",,,Crépuscule ou aube,En agglomération,Hors intersection,Normale,Autre collision,,,,,,,,,,,2,2,1,1.0,6
201300026348,0013-11-01 13:40:00,13,11,1,13,40,380,185,"00, 99 VOIE NON IDENTIFI",45.1763,5.70215,Plein jour,En agglomération,Hors intersection,Normale,Sans collision,,,,,,,,,,,1,2,1,1.0,7
201300026349,0013-11-08 18:41:00,13,11,8,18,41,380,169,"0, RUE YVES FARGES",,,Nuit avec éclairage allumé,En agglomération,Intersection en X,Pluie légère,Deux véhicules - côté,,,,,,,,,,,5,2,2,2.0,3
201300026350,0013-11-11 16:20:00,13,11,11,16,20,380,151,"12, ALL?E DU G?TINAIS",,,Plein jour,En agglomération,Hors intersection,Normale,Autre collision,,,,,,,,,,,1,2,1,1.0,6
201300026351,0013-11-14 18:30:00,13,11,14,18,30,380,516,AVENUE DES MAQUIS DU GR?,,,Nuit avec éclairage allumé,En agglomération,Autre intersection,Normale,Autre collision,,,,,,,,,,,5,2,9,1.0,6
201300026352,0013-11-15 07:50:00,13,11,15,7,50,380,185,"55, RUE L?ON JOUHAUX",,,Plein jour,En agglomération,Hors intersection,Pluie légère,Autre collision,,,,,,,,,,,1,2,1,2.0,6
201300026353,0013-11-15 16:14:00,13,11,15,16,14,380,185,RUE L?ON JOUHAUX,,,Plein jour,En agglomération,Intersection en X,Normale,Deux véhicules - côté,,,,,,,,,,,1,2,2,1.0,3
201300026354,0013-11-16 19:50:00,13,11,16,19,50,380,421,AVENUE GABRIEL P?RI,,,Nuit avec éclairage allumé,En agglomération,Hors intersection,Normale,Autre collision,,,,,,,,,,,5,2,1,1.0,6
201300026355,0013-11-16 23:05:00,13,11,16,23,5,380,185,QUAI ST?PHANE JAY,,,Nuit avec éclairage allumé,En agglomération,Intersection en X,Normale,Autre collision,,,,,,,,,,,5,2,2,1.0,6
201300026356,0013-11-20 13:33:00,13,11,20,13,33,380,421,"41, RUE DU PR? RUFFIER",,,Plein jour,En agglomération,Hors intersection,Pluie légère,Autre collision,,,,,,,,,,,1,2,1,2.0,6
201300026357,0013-11-22 19:00:00,13,11,22,19,0,380,185,AVENUE PAUL COCAT,,,Nuit avec éclairage allumé,En agglomération,Autre intersection,Normale,Autre collision,,,,,,,,,,,5,2,9,1.0,6
201300026358,0013-11-23 12:00:00,13,11,23,12,0,380,185,"28, RUE ALBERT REYNIER",,,Plein jour,En agglomération,Hors intersection,Pluie légère,Deux véhicules - arrière,,,,,,,,,,,1,2,1,2.0,2
201300026359,0013-11-28 17:55:00,13,11,28,17,55,380,516,"00, AVENUE DES MAQUIS DU",,,Nuit avec éclairage allumé,En agglomération,Intersection en X,Normale,Deux véhicules - côté,,,,,,,,,,,5,2,2,1.0,3
201300026360,0013-11-28 20:50:00,13,11,28,20,50,380,185,RUE LESDIGUI?RES,,,Nuit avec éclairage allumé,En agglomération,Intersection en T,Normale,Autre collision,,,,,,,,,,,5,2,3,1.0,6
201300026361,0013-12-03 00:01:00,13,12,3,0,1,380,151,6,,,Nuit sans éclairage public,Hors agglomération,Hors intersection,Normale,Autre collision,,,,,,,,,,,3,1,1,1.0,6
201300026362,0013-12-03 07:50:00,13,12,3,7,50,380,421,"00, AVENUE DU DOYEN LOUI",,,Plein jour,Hors agglomération,Hors intersection,Normale,Deux véhicules - frontale,,,,,,,,,,,1,1,1,1.0,1
201300026363,0013-12-04 18:40:00,13,12,4,18,40,380,169,AVENUE DU VERCORS,,,Nuit avec éclairage allumé,En agglomération,Hors intersection,Normale,Autre collision,,,,,,,,,,,5,2,1,1.0,6
201300026364,0013-12-06 06:30:00,13,12,6,6,30,380,169,"0, 99 VOIE NON IDENTIFIE",,,Nuit sans éclairage public,Hors agglomération,Hors intersection,Normale,Autre collision,,,,,,,,,,,3,1,1,1.0,6
201300026365,0013-12-10 18:20:00,13,12,10,18,20,380,185,"0, RUE DES ALLI?S",,,Nuit avec éclairage allumé,En agglomération,Hors intersection,Normale,Autre collision,,,,,,,,,,,5,2,1,1.0,6
201300026366,0013-12-10 18:20:00,13,12,10,18,20,380,185,"4, BOULEVARD JOSEPH VALL",,,Nuit avec éclairage allumé,En agglomération,Hors intersection,Normale,Autre collision,,,,,,,,,,,5,2,1,1.0,6
201300026367,0013-12-11 15:30:00,13,12,11,15,30,380,185,"0, AVENUE MARIE REYNOARD",,,Plein jour,En agglomération,Hors intersection,Normale,Autre collision,,,,,,,,,,,1,2,1,1.0,6
201300026368,0013-12-13 00:01:00,13,12,13,0,1,380,185,"0, COURS DE LA LIB?RATIO",,,Nuit avec éclairage allumé,En agglomération,Hors intersection,Normale,Autre collision,,,,,,,,,,,5,2,1,1.0,6
201300026369,0013-12-13 17:45:00,13,12,13,17,45,380,229,99 VOIE NON IDENTIFIEE,,,Nuit avec éclairage allumé,Hors agglomération,Hors intersection,Normale,Trois véhicules et plus - collisions multiples,,,,,,,,,,,5,1,1,1.0,5
201300026370,0013-12-14 21:45:00,13,12,14,21,45,380,185,99 VOIE NON IDENTIFIEE,,,Nuit avec éclairage allumé,Hors agglomération,Hors intersection,Normale,Autre collision,,,,,,,,,,,5,1,1,1.0,6
201300026371,0013-12-17 13:20:00,13,12,17,13,20,380,185,"0, AVENUE DES ?TATS G?N?",,,Plein jour,En agglomération,Hors intersection,Normale,Autre collision,,,,,,,,,,,1,2,1,1.0,6
201300026372,0013-12-20 10:50:00,13,12,20,10,50,380,185,"5, RUE CHARLES LORY",,,Plein jour,En agglomération,Hors intersection,Pluie légère,Autre collision,,,,,,,,,,,1,2,1,2.0,6
201300026373,0013-12-20 13:45:00,13,12,20,13,45,380,185,AVENUE MARCELIN BERTHELO,,,Plein jour,En agglomération,Hors intersection,Normale,Autre collision,,,,,,,,,,,1,2,1,1.0,6
201300026374,0013-01-28 17:30:00,13,1,28,17,30,380,544,R F BONNIER/PL D'ARPOT,45.535,4.87456,Nuit avec éclairage allumé,En agglomération,Intersection en T,Normale,Autre collision,,,,,,,,,,,5,2,3,1.0,6
201300026375,0013-03-10 17:24:00,13,3,10,17,24,380,544,"25, PASTEUR(QUAI)",,,Plein jour,En agglomération,Hors intersection,Normale,Deux véhicules - côté,,,,,,,,,,,1,2,1,1.0,3
201300026376,0013-05-07 23:00:00,13,5,7,23,0,380,544,CD 41,,,Nuit sans éclairage public,Hors agglomération,Hors intersection,Normale,Sans collision,,,,,,,,,,,3,1,1,1.0,7
201300026377,0013-05-14 17:10:00,13,5,14,17,10,380,544,"112, ASIATICUS(BD)",,,Plein jour,En agglomération,Hors intersection,Normale,Autre collision,,,,,,,,,,,1,2,1,1.0,6
201300026378,0013-05-15 10:20:00,13,5,15,10,20,380,318,"00, JOSEPH GRENOUILLET(R",,,Plein jour,En agglomération,Hors intersection,Pluie légère,Autre collision,,,,,,,,,,,1,2,1,2.0,6
201300026379,0013-06-18 16:40:00,13,6,18,16,40,380,318,JOSEPH VEYET(RUE),,,Plein jour,En agglomération,Hors intersection,Normale,Autre collision,,,,,,,,,,,1,2,1,1.0,6
201300026380,0013-07-21 01:15:00,13,7,21,1,15,380,544,CD 4,,,Nuit sans éclairage public,Hors agglomération,Hors intersection,Normale,Autre collision,,,,,,,,,,,3,1,1,1.0,6
201300026381,0013-12-11 19:00:00,13,12,11,19,0,380,544,"23, GENERAL LECLERC(AV)",,,Nuit avec éclairage allumé,En agglomération,Hors intersection,Normale,Deux véhicules - côté,,,,,,,,,,,5,2,1,1.0,3
201300026382,0013-01-11 12:10:00,13,1,11,12,10,380,563,"0, VALOIS (AVENUE DU DR)",45.3581,5.59219,Plein jour,En agglomération,Hors intersection,Pluie légère,Deux véhicules - frontale,,,,,,,,,,,1,2,1,2.0,1
201300026383,0013-03-13 11:26:00,13,3,13,11,26,380,563,"98, BECQUART-CASTELBON (",,,Plein jour,En agglomération,Hors intersection,Normale,Sans collision,,,,,,,,,,,1,2,1,1.0,7
201300026384,0013-04-25 12:10:00,13,4,25,12,10,380,563,"0, rocade ouest",,,Plein jour,En agglomération,Giratoire,Normale,Deux véhicules - côté,,,,,,,,,,,1,2,6,1.0,3
201300026385,0013-07-15 02:22:00,13,7,15,2,22,380,563,"77, PATINIERE (AVENUE DE",,,Nuit avec éclairage allumé,En agglomération,Hors intersection,Normale,Autre collision,,,,,,,,,,,5,2,1,1.0,6
201300026386,0013-11-24 18:30:00,13,11,24,18,30,380,563,"1, PAVIOT (AVENUE DE)",,,Nuit avec éclairage allumé,En agglomération,Giratoire,Pluie légère,Deux véhicules - frontale,,,,,,,,,,,5,2,6,2.0,1
201300026387,0013-12-26 19:00:00,13,12,26,19,0,380,563,"119, VALOIS (AVENUE DU D",,,Nuit avec éclairage allumé,En agglomération,Autre intersection,Pluie légère,Deux véhicules - arrière,,,,,,,,,,,5,2,9,2.0,2
201300026388,0013-01-28 00:20:00,13,1,28,0,20,390,198,", JOUHAUX (AVENUE LEON)",,,Nuit avec éclairage allumé,En agglomération,Hors intersection,Pluie légère,Autre collision,,,,,,,,,,,5,2,1,2.0,6
201300026389,0013-04-26 19:07:00,13,4,26,19,7,390,198,"0, GREVY (PLACE JULES)",,,Plein jour,En agglomération,Hors intersection,Pluie légère,Autre collision,,,,,,,,,,,1,2,1,2.0,6
201300026390,0013-05-19 20:25:00,13,5,19,20,25,390,198,JOUHAUX (AVENUE LEON) N?,,,Plein jour,En agglomération,Hors intersection,Normale,Autre collision,,,,,,,,,,,1,2,1,1.0,6
201300026391,0013-06-04 15:10:00,13,6,4,15,10,390,198,"30, WILSON (BOULEVARD DU",,,Plein jour,En agglomération,Hors intersection,Normale,Deux véhicules - côté,,,,,,,,,,,1,2,1,1.0,3
201300026392,0013-08-11 20:40:00,13,8,11,20,40,390,198,"3, NERUDA (RUE PABLO)",,,Plein jour,En agglomération,Hors intersection,Normale,Autre collision,,,,,,,,,,,1,2,1,1.0,6
201300026393,0013-09-01 19:15:00,13,9,1,19,15,390,198,"0, DUHAMEL (AVENUE JACQU",,,Plein jour,En agglomération,Intersection en T,Normale,Deux véhicules - côté,,,,,,,,,,,1,2,3,1.0,3
201300026394,0013-09-14 23:55:00,13,9,14,23,55,390,198,"0, JOUHAUX (AVENUE LEON)",,,Nuit avec éclairage allumé,En agglomération,Hors intersection,Pluie forte,Sans collision,,,,,,,,,,,5,2,1,3.0,7
201300026395,0013-09-12 21:30:00,13,9,12,21,30,390,198,"0, RD905  ( DE PONT  FOU",,,Nuit sans éclairage public,Hors agglomération,Hors intersection,Normale,Deux véhicules - côté,,,,,,,,,,,3,1,1,1.0,3
201300026396,0013-11-05 17:00:00,13,11,5,17,0,390,198,"33, ROUTE NATIONALE",,,Nuit avec éclairage allumé,En agglomération,Intersection en T,Pluie légère,Sans collision,,,,,,,,,,,5,2,3,2.0,7
201300026397,0013-11-09 15:50:00,13,11,9,15,50,390,150,"0, RD 973",,,Plein jour,Hors agglomération,Hors intersection,Normale,Autre collision,,,,,,,,,,,1,1,1,1.0,6
201300026398,0013-02-06 17:35:00,13,2,6,17,35,390,300,"110, REGARD (RUE) N? PAI",,,Nuit avec éclairage allumé,En agglomération,Hors intersection,Pluie légère,Autre collision,,,,,,,,,,,5,2,1,2.0,6
201300026399,0013-03-04 12:30:00,13,3,4,12,30,390,362,ROCHER (LE),,,Plein jour,Hors agglomération,Autre intersection,Normale,Deux véhicules - côté,,,,,,,,,,,1,1,9,1.0,3
201300026400,0013-03-22 13:00:00,13,3,22,13,0,390,300,"10, PROST (AVENUE CAMILL",,,Plein jour,En agglomération,Hors intersection,Normale,Deux véhicules - arrière,,,,,,,,,,,1,2,1,1.0,2
201300026401,0013-06-10 11:17:00,13,6,10,11,17,390,300,"40, JUIN (PLACE DU MAREC",,,Plein jour,En agglomération,Hors intersection,Normale,Autre collision,,,,,,,,,,,1,2,1,1.0,6
201300026402,0013-06-15 17:44:00,13,6,15,17,44,390,362,"0, VALLIERE (ZAC DE)",,,Plein jour,En agglomération,Hors intersection,Normale,Autre collision,,,,,,,,,,,1,2,1,1.0,6
201300026403,0013-08-01 18:35:00,13,8,1,18,35,390,300,"0, LIBERATION (CARREFOUR",,,Plein jour,En agglomération,Autre intersection,Normale,Deux véhicules - côté,,,,,,,,,,,1,2,9,1.0,3
201300026404,0013-08-03 09:45:00,13,8,3,9,45,390,411,"0, CHAMPAGNOLE (ROUTE DE",,,Plein jour,Hors agglomération,Hors intersection,Normale,Sans collision,,,,,,,,,,,1,1,1,1.0,7
201300026405,0013-09-28 21:45:00,13,9,28,21,45,390,300,"20, LORAIN (RUE VICTOR)",,,Nuit avec éclairage allumé,En agglomération,Hors intersection,Normale,Autre collision,,,,,,,,,,,5,2,1,1.0,6
201300026406,0013-10-16 13:50:00,13,10,16,13,50,390,300,"0, MAHON (RUE DU COLONEL",,,Plein jour,En agglomération,Hors intersection,Normale,Autre collision,,,,,,,,,,,1,2,1,1.0,6
201300026407,0013-11-01 05:40:00,13,11,1,5,40,390,362,"0, FAURE (AVENUE EDGAR)",,,Nuit avec éclairage allumé,Hors agglomération,Hors intersection,Normale,Deux véhicules - arrière,,,,,,,,,,,5,1,1,1.0,2
201300026408,0013-11-06 15:35:00,13,11,6,15,35,390,300,"121, TROUILLOT (RUE GEOR",,,Plein jour,En agglomération,Intersection en T,Normale,Deux véhicules - côté,,,,,,,,,,,1,2,3,1.0,3
201300026409,0013-11-08 17:10:00,13,11,8,17,10,390,362,"0, COULONGES (LES)",,,Crépuscule ou aube,Hors agglomération,Hors intersection,Pluie légère,Autre collision,,,,,,,,,,,2,1,1,2.0,6
201300026410,0013-03-27 10:40:00,13,3,27,10,40,400,88,"0, VERDUN (COURS DE)",43.71092,-1.05461,Plein jour,En agglomération,Hors intersection,Normale,Autre collision,,,,,,,,,,,1,2,1,1.0,6