accident_id,datetime,annee,mois,jour,heure,minute,departement,commune_insee,adresse,latitude,longitude,luminosite,agglomeration,intersection,meteo,collision,nb_vehicules,nb_usagers,nb_indemnes,nb_tues,nb_blesses_hosp,nb_blesses_legers,age_cond_1,age_cond_2,veh_type_cond_1,veh_type_cond_2,lum_code,agg_code,int_code,atm_code,col_code
201300026411,0013-03-31 06:15:00,13,3,31,6,15,400,279,MINIERES (ROUTE DES) CD,43.71471,-1.07277,Nuit sans éclairage public,Hors agglomération,Hors intersection,Pluie légère,Autre collision,,,,,,,,,,,3,1,1,2.0,6
201300026412,0013-04-21 06:10:00,13,4,21,6,10,400,88,44 route de peyrehorade,43.68145,-1.04274,Crépuscule ou aube,Hors agglomération,Hors intersection,Normale,Autre collision,,,,,,,,,,,2,1,1,1.0,6
201300026413,0013-05-07 15:40:00,13,5,7,15,40,400,88,"179, SAINT-VINCENT DE PA",43.72056,-1.05231,Plein jour,En agglomération,Intersection en T,Normale,Deux véhicules - côté,,,,,,,,,,,1,2,3,1.0,3
201300026414,0013-05-19 21:30:00,13,5,19,21,30,400,88,OUDOT (RUE ROLAND),43.71431,-1.04388,Nuit avec éclairage allumé,En agglomération,Hors intersection,Normale,Autre collision,,,,,,,,,,,5,2,1,1.0,6
201300026415,0013-06-03 08:00:00,13,6,3,8,0,400,279,1049 av marechal foch,43.73292,-1.04959,Plein jour,En agglomération,Hors intersection,Normale,Deux véhicules - côté,,,,,,,,,,,1,2,1,1.0,3
201300026416,0013-06-26 16:10:00,13,6,26,16,10,400,279,13 av de la liberté,43.72286,-1.05153,Plein jour,En agglomération,Hors intersection,Normale,Autre collision,,,,,,,,,,,1,2,1,1.0,6
201300026417,0013-07-09 10:05:00,13,7,9,10,5,400,279,avenue de la RESISTANCE,43.72566,-1.06898,Plein jour,En agglomération,Giratoire,Normale,Deux véhicules - arrière,,,,,,,,,,,1,2,6,1.0,2
201300026418,0013-07-18 14:40:00,13,7,18,14,40,400,88,,43.70534,-1.03871,Plein jour,En agglomération,Intersection en T,Normale,Deux véhicules - côté,,,,,,,,,,,1,2,3,1.0,3
201300026419,0013-07-31 22:13:00,13,7,31,22,13,400,88,rue pascal lafitte PN24,43.69384,-1.02952,Nuit sans éclairage public,En agglomération,Passage à niveau,Normale,Deux véhicules - côté,,,,,,,,,,,3,2,8,1.0,3
201300026420,0013-08-01 07:55:00,13,8,1,7,55,400,279,1 bd st-vincent-de-paul,43.7239,-1.05113,Plein jour,En agglomération,Hors intersection,Normale,Autre collision,,,,,,,,,,,1,2,1,1.0,6
201300026421,0013-08-03 10:35:00,13,8,3,10,35,400,88,PARCELLE (ROUTE DE LA),,,Plein jour,En agglomération,Hors intersection,Normale,Autre collision,,,,,,,,,,,1,2,1,1.0,6
201300026422,0013-09-01 20:35:00,13,9,1,20,35,400,88,"116, TERCIS (ROUTE DE)",43.69417,-1.06946,Plein jour,En agglomération,Intersection en X,Normale,Deux véhicules - côté,,,,,,,,,,,1,2,2,1.0,3
201300026423,0013-09-03 12:35:00,13,9,3,12,35,400,88,,43.6928,-1.0547,Plein jour,En agglomération,Hors intersection,Normale,Deux véhicules - côté,,,,,,,,,,,1,2,1,1.0,3
201300026424,0013-09-06 14:35:00,13,9,6,14,35,400,88,,43.71329,-1.05976,Plein jour,En agglomération,Intersection en T,Normale,Trois véhicules et plus - collisions multiples,,,,,,,,,,,1,2,3,1.0,5
201300026425,0013-09-09 07:15:00,13,9,9,7,15,400,88,,43.70899,-1.04946,Nuit avec éclairage allumé,En agglomération,Hors intersection,Pluie légère,Autre collision,,,,,,,,,,,5,2,1,2.0,6
201300026426,0013-10-02 14:25:00,13,10,2,14,25,400,279,LIBERTE (AVE DE LA),43.72225,-1.05174,Plein jour,En agglomération,Hors intersection,Normale,Deux véhicules - arrière,,,,,,,,,,,1,2,1,1.0,2
201300026427,0013-10-07 10:55:00,13,10,7,10,55,400,88,EPARGNE (RUE DE L'),43.70735,-1.04032,Plein jour,En agglomération,Hors intersection,Normale,Autre collision,,,,,,,,,,,1,2,1,1.0,6
201300026428,0013-11-22 18:35:00,13,11,22,18,35,400,88,PEYREHORADE (ROUTE DE),43.68637,-1.04428,Nuit avec éclairage allumé,Hors agglomération,Intersection en T,Normale,Trois véhicules et plus - collisions multiples,,,,,,,,,,,5,1,3,1.0,5
201300026429,0013-11-22 18:45:00,13,11,22,18,45,400,88,"56, HUGO (AVENUE VICTOR)",43.70484,-1.05256,Nuit avec éclairage allumé,En agglomération,Hors intersection,Normale,Autre collision,,,,,,,,,,,5,2,1,1.0,6
201300026430,0013-11-28 17:35:00,13,11,28,17,35,400,88,"2, CHANZY (RUE)",43.70979,-1.05752,Nuit avec éclairage allumé,En agglomération,Intersection en T,Normale,Deux véhicules - côté,,,,,,,,,,,5,2,3,1.0,3
201300026431,0013-12-09 20:50:00,13,12,9,20,50,400,88,"12, TORTE (ROUTE DE LA)",43.69448,-1.04781,Nuit avec éclairage non allumé,En agglomération,Hors intersection,Normale,Deux véhicules - frontale,,,,,,,,,,,4,2,1,1.0,1
201300026432,0013-01-22 11:30:00,13,1,22,11,30,400,192,VICE-AMIRAL GEORGES GAYR,43.88822,-0.50867,Plein jour,En agglomération,Intersection en T,Normale,Autre collision,,,,,,,,,,,1,2,3,1.0,6
201300026433,0013-02-06 14:30:00,13,2,6,14,30,400,281,",, KENNEDY (AV DU PDT. J",43.8557,-0.48177,Plein jour,Hors agglomération,Hors intersection,Normale,Deux véhicules - côté,,,,,,,,,,,1,1,1,1.0,3
201300026434,0013-03-01 11:35:00,13,3,1,11,35,400,192,JUIN (V DU MARECHAL),43.90186,-0.47931,Plein jour,En agglomération,Hors intersection,Normale,Autre collision,,,,,,,,,,,1,2,1,1.0,6
201300026435,0013-04-30 08:15:00,13,4,30,8,15,400,281,"0, ROCADE SUD RD 824",43.86639,-0.50857,Plein jour,Hors agglomération,Hors intersection,Temps couvert,Trois véhicules et plus - collisions multiples,,,,,,,,,,,1,1,1,8.0,5
201300026436,0013-05-13 10:36:00,13,5,13,10,36,400,192,KENNEDY (AV DU PRESIDENT,43.86282,-0.48589,Plein jour,En agglomération,Hors intersection,Normale,Trois véhicules et plus - en chaîne,,,,,,,,,,,1,2,1,1.0,4
201300026437,0013-07-03 16:35:00,13,7,3,16,35,400,192,BASTIAT (RUE FREDERIC),43.89034,-0.51244,Plein jour,En agglomération,Hors intersection,Pluie légère,Autre collision,,,,,,,,,,,1,2,1,2.0,6
201300026438,0013-07-04 11:00:00,13,7,4,11,0,400,281,"0, SABDE (AV GEORGES)",43.87998,-0.51748,Plein jour,En agglomération,Intersection en T,Normale,Deux véhicules - côté,,,,,,,,,,,1,2,3,1.0,3
201300026439,0013-07-09 18:09:00,13,7,9,18,9,400,192,"0, CREUX (BD DU CHEMIN)",43.88352,-0.48118,Plein jour,En agglomération,Intersection en T,Normale,Trois véhicules et plus - collisions multiples,,,,,,,,,,,1,2,3,1.0,5
201300026440,0013-08-07 09:30:00,13,8,7,9,30,400,281,ROCADE SUD (RN 124 E),43.88201,-0.52733,Plein jour,Hors agglomération,Hors intersection,Normale,Deux véhicules - côté,,,,,,,,,,,1,1,1,1.0,3
201300026441,0013-08-27 08:05:00,13,8,27,8,5,400,192,KENNEDY (AV DU PRESIDENT,43.87168,-0.4907,Plein jour,En agglomération,Hors intersection,Normale,Deux véhicules - frontale,,,,,,,,,,,1,2,1,1.0,1
201300026442,0013-08-28 11:15:00,13,8,28,11,15,400,192,CARNOT (BD DE LA BRIGADE,43.88483,-0.51381,Plein jour,En agglomération,Intersection en T,Normale,Deux véhicules - côté,,,,,,,,,,,1,2,3,1.0,3
201300026443,0013-09-09 16:15:00,13,9,9,16,15,400,281,"0, KENNEDY (AV DU PDT. J",43.86702,-0.48855,Plein jour,En agglomération,Giratoire,Normale,Deux véhicules - côté,,,,,,,,,,,1,2,6,1.0,3
201300026444,0013-09-16 09:10:00,13,9,16,9,10,400,281,ROCADE OUEST (RN 124),43.86621,-0.50574,Plein jour,Hors agglomération,Hors intersection,Normale,Trois véhicules et plus - collisions multiples,,,,,,,,,,,1,1,1,1.0,5
201300026445,0013-09-16 08:05:00,13,9,16,8,5,400,192,HOUGA (AV DU),43.87522,-0.47015,Crépuscule ou aube,En agglomération,Hors intersection,Normale,Trois véhicules et plus - en chaîne,,,,,,,,,,,2,2,1,1.0,4
201300026446,0013-10-21 23:10:00,13,10,21,23,10,400,192,ROCADE EST (RD 932 E),43.91147,-0.44996,Nuit sans éclairage public,Hors agglomération,Hors intersection,Normale,Deux véhicules - côté,,,,,,,,,,,3,1,1,1.0,3
201300026447,0013-11-29 16:30:00,13,11,29,16,30,400,192,"1534, VILLENEUVE (AV DE)",43.88904,-0.46336,Plein jour,En agglomération,Hors intersection,Normale,Autre collision,,,,,,,,,,,1,2,1,1.0,6
201300026448,0013-12-10 11:38:00,13,12,10,11,38,400,192,GROUILLE (RUE DU DOCT,43.90062,-0.48678,Plein jour,En agglomération,Intersection en T,Normale,Deux véhicules - côté,,,,,,,,,,,1,2,3,1.0,3
201300026449,0013-12-16 07:58:00,13,12,16,7,58,400,192,"00, TASSINE 'RUE FERNAND",43.88675,-0.50211,Crépuscule ou aube,En agglomération,Place,Normale,Autre collision,,,,,,,,,,,2,2,7,1.0,6
201300026450,0013-01-02 15:25:00,13,1,2,15,25,410,18,PONT DU GAST (RUE DU),,,Plein jour,En agglomération,Hors intersection,Normale,Autre collision,,,,,,,,,,,1,2,1,1.0,6
201300026451,0013-01-03 17:50:00,13,1,3,17,50,410,18,D174,47.5936,1.35447,Nuit avec éclairage allumé,En agglomération,Hors intersection,Pluie légère,Autre collision,,,,,,,,,,,5,2,1,2.0,6
201300026452,0013-01-04 09:23:00,13,1,4,9,23,410,18,DUGAY-TROUIN (RUE)  NO I,,,Plein jour,En agglomération,Hors intersection,Normale,Sans collision,,,,,,,,,,,1,2,1,1.0,7
201300026453,0013-01-14 02:00:00,13,1,14,2,0,410,47,RD 2152,47.6136,1.36169,Nuit avec éclairage non allumé,En agglomération,Hors intersection,Normale,Autre collision,,,,,,,,,,,4,2,1,1.0,6
201300026454,0013-01-14 07:10:00,13,1,14,7,10,410,18,VERDUN (AVENUE DE),47.5894,1.34124,Nuit avec éclairage allumé,En agglomération,Hors intersection,Normale,Deux véhicules - frontale,,,,,,,,,,,5,2,1,1.0,1
201300026455,0013-01-16 12:25:00,13,1,16,12,25,410,18,"42, SAINT-JEAN (QUAI)",47.5898,1.34191,Plein jour,En agglomération,Hors intersection,Normale,Deux véhicules - arrière,,,,,,,,,,,1,2,1,1.0,2
201300026456,0013-01-26 22:20:00,13,1,26,22,20,410,18,BUTTE (AVENUE DE LA),47.583,1.32087,Nuit avec éclairage allumé,En agglomération,Intersection en X,Normale,Deux véhicules - côté,,,,,,,,,,,5,2,2,1.0,3
201300026457,0013-02-01 15:15:00,13,2,1,15,15,410,18,GARENNE (RUE DE LA),,,Plein jour,En agglomération,Hors intersection,Pluie légère,Deux véhicules - côté,,,,,,,,,,,1,2,1,2.0,3
201300026458,0013-02-04 13:45:00,13,2,4,13,45,410,18,MARE (RUE DE LA),,,Plein jour,En agglomération,Intersection en T,Normale,Deux véhicules - côté,,,,,,,,,,,1,2,3,1.0,3
201300026459,0013-02-13 19:00:00,13,2,13,19,0,410,18,BESNARD (QUAI ULYSSE),47.578,1.32101,Nuit avec éclairage allumé,En agglomération,Intersection en X,Normale,Deux véhicules - frontale,,,,,,,,,,,5,2,2,1.0,1
201300026460,0013-02-19 15:50:00,13,2,19,15,50,410,47,CHAMPLOUET (RUE DE),,,Plein jour,En agglomération,Hors intersection,Normale,Deux véhicules - arrière,,,,,,,,,,,1,2,1,1.0,2
201300026461,0013-02-25 07:50:00,13,2,25,7,50,410,18,BONCOUR (BOULEVARD JOSEP,,,Plein jour,En agglomération,Hors intersection,Neige / grêle,Deux véhicules - frontale,,,,,,,,,,,1,2,1,4.0,1
201300026462,0013-02-27 17:50:00,13,2,27,17,50,410,18,SCHUMAN AV R,,,Plein jour,En agglomération,Hors intersection,Normale,Sans collision,,,,,,,,,,,1,2,1,1.0,7
201300026463,0013-03-22 16:20:00,13,3,22,16,20,410,212,NATIONALE (ROUTE),47.5649,1.36768,Plein jour,En agglomération,Intersection en X,Normale,Deux véhicules - frontale,,,,,,,,,,,1,2,2,1.0,1
201300026464,0013-03-27 12:17:00,13,3,27,12,17,410,18,CAMUS (RUE ALBERT),,,Plein jour,En agglomération,Hors intersection,Normale,Autre collision,,,,,,,,,,,1,2,1,1.0,6
201300026465,0013-04-07 11:05:00,13,4,7,11,5,410,212,PATTE D'OIE (ROND POINT),47.5615,1.37295,Plein jour,En agglomération,Giratoire,Normale,Deux véhicules - côté,,,,,,,,,,,1,2,6,1.0,3
201300026466,0013-04-11 12:00:00,13,4,11,12,0,410,18,LATHAM (RUE),,,Plein jour,En agglomération,Intersection en X,Normale,Deux véhicules - côté,,,,,,,,,,,1,2,2,1.0,3
201300026467,0013-05-25 18:35:00,13,5,25,18,35,410,18,GALLOIS (RUE),,,Plein jour,En agglomération,Hors intersection,Normale,Sans collision,,,,,,,,,,,1,2,1,1.0,7
201300026468,0013-05-24 17:45:00,13,5,24,17,45,410,212,D 956,47.56,1.37326,Plein jour,Hors agglomération,Hors intersection,Pluie forte,Deux véhicules - arrière,,,,,,,,,,,1,1,1,3.0,2
201300026469,0013-06-14 18:20:00,13,6,14,18,20,410,18,RESISTANCE (PLACE DE LA),,,Plein jour,En agglomération,Giratoire,Normale,Trois véhicules et plus - collisions multiples,,,,,,,,,,,1,2,6,1.0,5
201300026470,0013-06-20 16:44:00,13,6,20,16,44,410,18,FRANCE (AVENUE DE)  1,,,Plein jour,En agglomération,Intersection en T,Normale,Deux véhicules - côté,,,,,,,,,,,1,2,3,1.0,3
201300026471,0013-06-22 01:30:00,13,6,22,1,30,410,212,CHATEAU RUE DU),,,Nuit sans éclairage public,En agglomération,Hors intersection,Pluie légère,Sans collision,,,,,,,,,,,3,2,1,2.0,7
201300026472,0013-06-26 18:35:00,13,6,26,18,35,410,47,RD 2152,47.6157,1.36419,Plein jour,En agglomération,Hors intersection,Normale,Deux véhicules - côté,,,,,,,,,,,1,2,1,1.0,3
201300026473,0013-06-28 18:37:00,13,6,28,18,37,410,47,RD 2152,47.6048,1.35158,Plein jour,En agglomération,Hors intersection,Pluie légère,Autre collision,,,,,,,,,,,1,2,1,2.0,6
201300026474,0013-07-03 05:45:00,13,7,3,5,45,410,18,GAMBETTA (AVENUE),,,Nuit sans éclairage public,En agglomération,Hors intersection,Pluie légère,Autre collision,,,,,,,,,,,3,2,1,2.0,6
201300026475,0013-07-05 16:15:00,13,7,5,16,15,410,18,LEWES (RUE DE),,,Plein jour,En agglomération,Intersection en T,Normale,Deux véhicules - côté,,,,,,,,,,,1,2,3,1.0,3
201300026476,0013-08-07 21:58:00,13,8,7,21,58,410,18,D174,47.5936,1.35447,Nuit sans éclairage public,Hors agglomération,Hors intersection,Pluie légère,Deux véhicules - arrière,,,,,,,,,,,3,1,1,2.0,2
201300026477,0013-08-12 13:45:00,13,8,12,13,45,410,18,MAUNOURY (AVENUE DU MARE,,,Plein jour,En agglomération,Hors intersection,Normale,Deux véhicules - côté,,,,,,,,,,,1,2,1,1.0,3
201300026478,0013-08-29 13:50:00,13,8,29,13,50,410,18,,,,Plein jour,En agglomération,Hors intersection,Normale,Sans collision,,,,,,,,,,,1,2,1,1.0,7
201300026479,0013-08-30 11:30:00,13,8,30,11,30,410,47,LOIRE (LEVEE DE LA),,,Plein jour,Hors agglomération,Hors intersection,Normale,Sans collision,,,,,,,,,,,1,1,1,1.0,7
201300026480,0013-09-25 17:30:00,13,9,25,17,30,410,18,VENDOME (AVENUE DE),,,Plein jour,En agglomération,Hors intersection,Normale,Deux véhicules - arrière,,,,,,,,,,,1,2,1,1.0,2
201300026481,0013-09-25 17:30:00,13,9,25,17,30,410,18,BOURG NEUF (RUE DU),,,Nuit avec éclairage allumé,En agglomération,Hors intersection,Normale,Deux véhicules - arrière,,,,,,,,,,,5,2,1,1.0,2
201300026482,0013-09-27 11:28:00,13,9,27,11,28,410,295,CHAMBORD (ROUTE DE),,,Plein jour,En agglomération,Hors intersection,Normale,Sans collision,,,,,,,,,,,1,2,1,1.0,7
201300026483,0013-10-03 15:05:00,13,10,3,15,5,410,212,RD 765 - RD 174,47.5615,1.37295,Plein jour,Hors agglomération,Giratoire,Normale,Deux véhicules - arrière,,,,,,,,,,,1,1,6,1.0,2
201300026484,0013-10-13 03:15:00,13,10,13,3,15,410,18,D174,47.5969,1.35046,Nuit sans éclairage public,Hors agglomération,Hors intersection,Normale,Sans collision,,,,,,,,,,,3,1,1,1.0,7
201300026485,0013-10-16 17:10:00,13,10,16,17,10,410,18,PAPILLONS (RUE DES),,,Plein jour,En agglomération,Intersection en X,Pluie forte,Sans collision,,,,,,,,,,,1,2,2,3.0,7
201300026486,0013-10-31 13:35:00,13,10,31,13,35,410,47,R NATOINALE,47.608,1.3552,Plein jour,En agglomération,Hors intersection,Normale,Deux véhicules - côté,,,,,,,,,,,1,2,1,1.0,3
201300026487,0013-11-05 10:41:00,13,11,5,10,41,410,18,D174,47.5941,1.35375,Plein jour,Hors agglomération,Hors intersection,Pluie légère,Deux véhicules - côté,,,,,,,,,,,1,1,1,2.0,3
201300026488,0013-11-06 09:05:00,13,11,6,9,5,410,18,RD200,47.6168,1.32874,Plein jour,Hors agglomération,Hors intersection,Normale,Sans collision,,,,,,,,,,,1,1,1,1.0,7
201300026489,0013-11-19 17:54:00,13,11,19,17,54,410,18,SAINT-JEAN (QUAI),47.5894,1.34124,Nuit avec éclairage allumé,En agglomération,Hors intersection,Pluie légère,Deux véhicules - arrière,,,,,,,,,,,5,2,1,2.0,2
201300026490,0013-11-29 10:23:00,13,11,29,10,23,410,18,GALLOIS (RUE),,,Plein jour,En agglomération,Hors intersection,Normale,Deux véhicules - arrière,,,,,,,,,,,1,2,1,1.0,2
201300026491,0013-12-15 00:35:00,13,12,15,0,35,410,295,"221, CHAMBORD (ROUTE DE)",47.5756,1.39708,Nuit avec éclairage non allumé,En agglomération,Hors intersection,Normale,Autre collision,,,,,,,,,,,4,2,1,1.0,6
201300026492,0013-12-14 02:06:00,13,12,14,2,6,410,18,SAINT-DYE (LEVEE DE),,,Nuit avec éclairage non allumé,En agglomération,Hors intersection,Normale,Sans collision,,,,,,,,,,,4,2,1,1.0,7
201300026493,0013-12-17 15:13:00,13,12,17,15,13,410,18,SCHUMAN (AVENUE ROBERT),,,Plein jour,En agglomération,Giratoire,Normale,Deux véhicules - arrière,,,,,,,,,,,1,2,6,1.0,2
201300026494,0013-12-27 11:29:00,13,12,27,11,29,410,18,VERDUN (AVENUE DE),47.5976,1.34927,Plein jour,En agglomération,Hors intersection,Pluie légère,Sans collision,,,,,,,,,,,1,2,1,2.0,7
201300026495,0013-12-28 09:20:00,13,12,28,9,20,410,18,RD200,47.6168,1.32874,Plein jour,Hors agglomération,Hors intersection,Normale,Sans collision,,,,,,,,,,,1,1,1,1.0,7
201300026496,0013-12-28 11:40:00,13,12,28,11,40,410,18,DUPUIS (BOULEVARD DANIEL,47.5814,1.32338,Plein jour,En agglomération,Hors intersection,Pluie légère,Deux véhicules - frontale,,,,,,,,,,,1,2,1,2.0,1
201300026497,0013-12-30 19:35:00,13,12,30,19,35,410,18,RD 952,47.5651,1.30272,Nuit sans éclairage public,Hors agglomération,Hors intersection,Normale,Sans collision,,,,,,,,,,,3,1,1,1.0,7
201300026498,0013-01-10 17:35:00,13,1,10,17,35,410,18,VENDOME (AVENUE DE),,,Nuit avec éclairage allumé,En agglomération,Hors intersection,Pluie légère,Deux véhicules - arrière,,,,,,,,,,,5,2,1,2.0,2
201300026499,0013-02-02 18:25:00,13,2,2,18,25,410,18,DUGAY-TROUIN (RUE),,,Nuit sans éclairage public,En agglomération,Hors intersection,Pluie légère,Sans collision,,,,,,,,,,,3,2,1,2.0,7
201300026500,0013-02-12 17:40:00,13,2,12,17,40,410,18,FENELON (RUE),,,Crépuscule ou aube,En agglomération,Hors intersection,Normale,Autre collision,,,,,,,,,,,2,2,1,1.0,6
201300026501,0013-02-22 02:45:00,13,2,22,2,45,410,18,D174,47.5897,1.35964,Nuit avec éclairage allumé,Hors agglomération,Hors intersection,Normale,Sans collision,,,,,,,,,,,5,1,1,1.0,7
201300026502,0013-02-27 18:38:00,13,2,27,18,38,410,18,REMPARTS (RUE DES),,,Nuit avec éclairage allumé,En agglomération,Hors intersection,Normale,Autre collision,,,,,,,,,,,5,2,1,1.0,6
201300026503,0013-02-26 17:50:00,13,2,26,17,50,410,18,GARENNE (RUE DE LA),,,Plein jour,En agglomération,Intersection en T,Normale,Deux véhicules - côté,,,,,,,,,,,1,2,3,1.0,3
201300026504,0013-03-30 16:15:00,13,3,30,16,15,410,18,CHAILLES (LEVEE DE),47.5696,1.31409,Plein jour,Hors agglomération,Hors intersection,Pluie légère,Trois véhicules et plus - collisions multiples,,,,,,,,,,,1,1,1,2.0,5
201300026505,0013-04-29 14:15:00,13,4,29,14,15,410,18,"16, SAINT-JEAN (QUAI)",47.5884,1.33973,Crépuscule ou aube,En agglomération,Hors intersection,Normale,Autre collision,,,,,,,,,,,2,2,1,1.0,6
201300026506,0013-05-02 17:40:00,13,5,2,17,40,410,47,MAUNOURY (AVENUE DE MARE,,,Plein jour,En agglomération,Hors intersection,Normale,Trois véhicules et plus - collisions multiples,,,,,,,,,,,1,2,1,1.0,5
201300026507,0013-05-31 09:28:00,13,5,31,9,28,410,18,SCHUMAN (AVENUE ROBERT),,,Plein jour,En agglomération,Hors intersection,Normale,Deux véhicules - côté,,,,,,,,,,,1,2,1,1.0,3
201300026508,0013-06-18 17:59:00,13,6,18,17,59,410,18,D174,47.5955,1.35199,Plein jour,Hors agglomération,Hors intersection,Normale,Deux véhicules - arrière,,,,,,,,,,,1,1,1,1.0,2
201300026509,0013-07-05 12:58:00,13,7,5,12,58,410,18,"68, MAUNOURY (AVENUE DU",,,Plein jour,En agglomération,Hors intersection,Normale,Deux véhicules - arrière,,,,,,,,,,,1,2,1,1.0,2
201300026510,0013-08-03 15:40:00,13,8,3,15,40,410,18,CHATEAUDUN (AVENUE DE),,,Plein jour,En agglomération,Hors intersection,Normale,Deux véhicules - côté,,,,,,,,,,,1,2,1,1.0,3
201300026511,0013-08-04 11:30:00,13,8,4,11,30,410,18,DUGAY-TROUIN (RUE),,,Plein jour,En agglomération,Hors intersection,Normale,Autre collision,,,,,,,,,,,1,2,1,1.0,6
201300026512,0013-08-27 15:39:00,13,8,27,15,39,410,18,"147, MAUNOURY (AVENUE DU",,,Plein jour,En agglomération,Hors intersection,Normale,Deux véhicules - côté,,,,,,,,,,,1,2,1,1.0,3
201300026513,0013-09-05 08:58:00,13,9,5,8,58,410,47,LES GROBEAUX,47.6241,1.35392,Plein jour,Hors agglomération,Intersection en T,Normale,Deux véhicules - côté,,,,,,,,,,,1,1,3,1.0,3
201300026514,0013-09-08 08:45:00,13,9,8,8,45,410,18,COULANGES (ALLEE DE),,,Plein jour,Hors agglomération,Hors intersection,Normale,Deux véhicules - frontale,,,,,,,,,,,1,1,1,1.0,1
201300026515,0013-09-20 01:00:00,13,9,20,1,0,410,212,RD 765,47.5556,1.3822,Nuit sans éclairage public,Hors agglomération,Hors intersection,Pluie légère,Autre collision,,,,,,,,,,,3,1,1,2.0,6
201300026516,0013-09-21 17:50:00,13,9,21,17,50,410,295,CHAMBORD (ROUTE DE),,,Plein jour,En agglomération,Hors intersection,Normale,Autre collision,,,,,,,,,,,1,2,1,1.0,6
201300026517,0013-10-03 20:00:00,13,10,3,20,0,410,18,COULANGES (ALLEE DE),,,Nuit sans éclairage public,Hors agglomération,Intersection en T,Normale,Deux véhicules - côté,,,,,,,,,,,3,1,3,1.0,3
201300026518,0013-10-15 11:24:00,13,10,15,11,24,410,295,GENERAL DE GAULLE (AVENU,,,Plein jour,En agglomération,Hors intersection,Pluie légère,Autre collision,,,,,,,,,,,1,2,1,2.0,6
201300026519,0013-10-23 17:55:00,13,10,23,17,55,410,18,DUGAY-TROUIN (RUE)  NO I,,,Crépuscule ou aube,En agglomération,Hors intersection,Temps éblouissant,Autre collision,,,,,,,,,,,2,2,1,7.0,6
201300026520,0013-11-07 20:25:00,13,11,7,20,25,410,295,TAILLES  (RUE DES),,,Nuit avec éclairage allumé,En agglomération,Intersection en T,Pluie légère,Deux véhicules - côté,,,,,,,,,,,5,2,3,2.0,3
201300026521,0013-11-10 07:30:00,13,11,10,7,30,410,18,RD 952,47.5565,1.29553,Nuit avec éclairage allumé,Hors agglomération,Hors intersection,Pluie légère,Deux véhicules - frontale,,,,,,,,,,,5,1,1,2.0,1
201300026522,0013-11-23 04:30:00,13,11,23,4,30,410,18,BONCOUR (BOULEVARD JOSEP,,,Nuit avec éclairage non allumé,En agglomération,Hors intersection,Normale,Deux véhicules - frontale,,,,,,,,,,,4,2,1,1.0,1
201300026523,0013-11-30 18:36:00,13,11,30,18,36,410,18,BERTHONNEAU (RUE JULES),,,Nuit sans éclairage public,En agglomération,Hors intersection,Normale,Autre collision,,,,,,,,,,,3,2,1,1.0,6
201300026524,0013-03-31 04:00:00,13,3,31,4,0,410,194,"24, ROCHE (RUE DE LA)",47.353,1.75127,Nuit avec éclairage allumé,En agglomération,Hors intersection,Normale,Autre collision,,,,,,,,,,,5,2,1,1.0,6
201300026525,0013-04-24 19:15:00,13,4,24,19,15,410,194,"1, CHATEAU (PLACE DU)",,,Plein jour,En agglomération,Intersection en T,Normale,Autre collision,,,,,,,,,,,1,2,3,1.0,6
201300026526,0013-05-21 09:00:00,13,5,21,9,0,410,194,"3, LANGON (RUE DE)",,,Plein jour,En agglomération,Hors intersection,Normale,Sans collision,,,,,,,,,,,1,2,1,1.0,7
201300026527,0013-01-14 14:35:00,13,1,14,14,35,410,269,"., KENNEDY (BOULEVARD DU",,,Plein jour,En agglomération,Intersection en X,Normale,Deux véhicules - côté,,,,,,,,,,,1,2,2,1.0,3
201300026528,0013-01-17 14:05:00,13,1,17,14,5,410,269,PARIS (ROUTE DE),47.8108,1.07385,Plein jour,En agglomération,Intersection en X,Normale,Deux véhicules - arrière,,,,,,,,,,,1,2,2,1.0,2
201300026529,0013-01-25 15:10:00,13,1,25,15,10,410,269,PARIS (ROUTE DE),47.8003,1.07254,Plein jour,En agglomération,Hors intersection,Normale,Trois véhicules et plus - en chaîne,,,,,,,,,,,1,2,1,1.0,4
201300026530,0013-02-01 13:20:00,13,2,1,13,20,410,269,"., VILLIERS (ROUTE DE)",47.7965,1.01031,Plein jour,Hors agglomération,Giratoire,Normale,Sans collision,,,,,,,,,,,1,1,6,1.0,7
201300026531,0013-02-06 16:45:00,13,2,6,16,45,410,269,"., RONSARD (AVENUE)",47.7971,1.05368,Plein jour,En agglomération,Hors intersection,Normale,Autre collision,,,,,,,,,,,1,2,1,1.0,6
201300026532,0013-02-17 19:05:00,13,2,17,19,5,410,269,"., CHARTRAIN (FAUBOURG)",,,Nuit avec éclairage allumé,En agglomération,Hors intersection,Normale,Deux véhicules - côté,,,,,,,,,,,5,2,1,1.0,3
201300026533,0013-02-27 14:25:00,13,2,27,14,25,410,269,"., BLOIS (ROUTE DE)",,,Plein jour,Hors agglomération,Hors intersection,Temps couvert,Deux véhicules - arrière,,,,,,,,,,,1,1,1,8.0,2
201300026534,0013-02-27 15:30:00,13,2,27,15,30,410,269,"., MANS (ROUTE DU)",47.8109,1.02713,Plein jour,Hors agglomération,Hors intersection,Normale,Sans collision,,,,,,,,,,,1,1,1,1.0,7