accident_id,datetime,annee,mois,jour,heure,minute,departement,commune_insee,adresse,latitude,longitude,luminosite,agglomeration,intersection,meteo,collision,nb_vehicules,nb_usagers,nb_indemnes,nb_tues,nb_blesses_hosp,nb_blesses_legers,age_cond_1,age_cond_2,veh_type_cond_1,veh_type_cond_2,lum_code,agg_code,int_code,atm_code,col_code
201300026897,0013-11-12 12:00:00,13,11,12,12,0,420,218,"1, REPUBLIQUE (PLACE DE",45.44435,4.3637,Plein jour,En agglomération,Intersection en T,Normale,Deux véhicules - côté,,,,,,,,,,,1,2,3,1.0,3
201300026898,0013-11-13 17:40:00,13,11,13,17,40,420,218,"04A, HERRIOT EDOUARD",45.42743,4.40811,Nuit avec éclairage allumé,En agglomération,Intersection en Y,Normale,Autre collision,,,,,,,,,,,5,2,4,1.0,6
201300026899,0013-11-17 21:00:00,13,11,17,21,0,420,218,"43, BOISSON ETIENNE JUSQ",45.44559,4.38296,Nuit sans éclairage public,En agglomération,Intersection en T,Normale,Deux véhicules - côté,,,,,,,,,,,3,2,3,1.0,3
201300026900,0013-11-19 09:44:00,13,11,19,9,44,420,218,"04, NORMANDIE NIEMEN N?1",45.43832,4.40553,Plein jour,En agglomération,Hors intersection,Pluie légère,Deux véhicules - côté,,,,,,,,,,,1,2,1,2.0,3
201300026901,0013-11-18 21:45:00,13,11,18,21,45,420,218,"07, CHAIZE NICOLAS JUSQU",45.41817,4.39466,Nuit avec éclairage allumé,En agglomération,Intersection en X,Normale,Deux véhicules - frontale,,,,,,,,,,,5,2,2,1.0,1
201300026902,0013-11-24 21:50:00,13,11,24,21,50,420,218,"02, PYAT FELIX",45.43484,4.3826,Nuit avec éclairage allumé,En agglomération,Hors intersection,Normale,Autre collision,,,,,,,,,,,5,2,1,1.0,6
201300026903,0013-11-30 09:00:00,13,11,30,9,0,420,218,"140, DURAFOUR ANTOINE A",45.42205,4.39681,Plein jour,En agglomération,Hors intersection,Normale,Autre collision,,,,,,,,,,,1,2,1,1.0,6
201300026904,0013-12-01 03:13:00,13,12,1,3,13,420,218,SAINT EXUPERY,45.46425,4.38198,Nuit avec éclairage allumé,En agglomération,Intersection en X,Normale,Deux véhicules - côté,,,,,,,,,,,5,2,2,1.0,3
201300026905,0013-12-02 12:02:00,13,12,2,12,2,420,218,"SANS, GIRODET (PLACE)",45.44774,4.38198,Plein jour,En agglomération,Hors intersection,Temps couvert,Autre collision,,,,,,,,,,,1,2,1,8.0,6
201300026906,0013-12-04 17:15:00,13,12,4,17,15,420,218,"14, SCHEURER KESTNER",45.45399,4.39349,Nuit avec éclairage allumé,En agglomération,Hors intersection,Normale,Trois véhicules et plus - en chaîne,,,,,,,,,,,5,2,1,1.0,4
201300026907,0013-12-03 09:25:00,13,12,3,9,25,420,218,"02, VISITATION (DE LA)",45.44781,4.37994,Plein jour,En agglomération,Intersection en X,Normale,Deux véhicules - côté,,,,,,,,,,,1,2,2,1.0,3
201300026908,0013-12-08 11:50:00,13,12,8,11,50,420,218,MENDES FRANCE PIERRE (BO,45.43434,4.37961,Plein jour,En agglomération,Intersection en X,Normale,Autre collision,,,,,,,,,,,1,2,2,1.0,6
201300026909,0013-12-08 20:05:00,13,12,8,20,5,420,223,"20, MINOIS (BOULEVARD)",45.45039,4.33358,Nuit avec éclairage allumé,En agglomération,Hors intersection,Normale,Autre collision,,,,,,,,,,,5,2,1,1.0,6
201300026910,0013-12-09 10:20:00,13,12,9,10,20,420,218,"11, AVRIL REVEREND PERE",45.44156,4.3785,Plein jour,En agglomération,Hors intersection,Normale,Autre collision,,,,,,,,,,,1,2,1,1.0,6
201300026911,0013-12-13 09:20:00,13,12,13,9,20,420,218,"ignor?e, LALO EDOUARD (A",45.47177,4.4011,Plein jour,En agglomération,Hors intersection,Normale,Autre collision,,,,,,,,,,,1,2,1,1.0,6
201300026912,0013-12-13 16:07:00,13,12,13,16,7,420,218,"02, JAURES JEAN (PLACE)",45.44083,4.38747,Plein jour,En agglomération,Hors intersection,Normale,Autre collision,,,,,,,,,,,1,2,1,1.0,6
201300026913,0013-12-17 13:25:00,13,12,17,13,25,420,237,"32, HUGO (VICTOR)",45.44644,4.43348,Plein jour,En agglomération,Hors intersection,Normale,Autre collision,,,,,,,,,,,1,2,1,1.0,6
201300026914,0013-12-19 18:35:00,13,12,19,18,35,420,218,"33, FAURIAT (BOULEVARD)",45.44511,4.40756,Nuit avec éclairage allumé,En agglomération,Intersection en X,Pluie légère,Deux véhicules - côté,,,,,,,,,,,5,2,2,2.0,3
201300026915,0013-01-10 12:00:00,13,1,10,12,0,430,251,R JACQUES VISCOMTE,45.0291,3.87381,Plein jour,En agglomération,Intersection en T,Normale,Deux véhicules - côté,,,,,,,,,,,1,2,3,1.0,3
201300026916,0013-01-16 17:05:00,13,1,16,17,5,430,157,AV GEORGES CLEMENCEAU,45.0416,3.8877,Plein jour,En agglomération,Hors intersection,Normale,Autre collision,,,,,,,,,,,1,2,1,1.0,6
201300026917,0013-01-22 09:55:00,13,1,22,9,55,430,157,35 BD SAINT LOUIS,45.0428,3.88042,Plein jour,En agglomération,Hors intersection,Normale,Autre collision,,,,,,,,,,,1,2,1,1.0,6
201300026918,0013-02-08 11:40:00,13,2,8,11,40,430,157,50 AV D'OURS MONS,,,Plein jour,En agglomération,Intersection en T,Normale,Deux véhicules - frontale,,,,,,,,,,,1,2,3,1.0,1
201300026919,0013-02-13 12:40:00,13,2,13,12,40,430,157,10 R VIBERT,,,Plein jour,En agglomération,Hors intersection,Normale,Autre collision,,,,,,,,,,,1,2,1,1.0,6
201300026920,0013-02-25 13:20:00,13,2,25,13,20,430,157,13 AV ANDRE SOULIER,,,Plein jour,En agglomération,Hors intersection,Normale,Deux véhicules - arrière,,,,,,,,,,,1,2,1,1.0,2
201300026921,0013-05-18 10:35:00,13,5,18,10,35,430,89,AV VAL DU RIOU,,,Plein jour,En agglomération,Hors intersection,Pluie légère,Autre collision,,,,,,,,,,,1,2,1,2.0,6
201300026922,0013-06-06 07:30:00,13,6,6,7,30,430,41,PC DU 8 MAI 45-CHM LE B,,,Plein jour,En agglomération,Intersection en T,Normale,Deux véhicules - côté,,,,,,,,,,,1,2,3,1.0,3
201300026923,0013-06-27 16:15:00,13,6,27,16,15,430,41,117 AV CHARLES DUPUY,,,Plein jour,En agglomération,Hors intersection,Normale,Autre collision,,,,,,,,,,,1,2,1,1.0,6
201300026924,0013-07-05 19:10:00,13,7,5,19,10,430,2,BD DOCTEUR CHANTEMESSE,45.05,3.87631,Plein jour,En agglomération,Hors intersection,Normale,Deux véhicules - côté,,,,,,,,,,,1,2,1,1.0,3
201300026925,0013-07-10 16:05:00,13,7,10,16,5,430,157,BD DU BREUIL,45.042,3.88255,Plein jour,En agglomération,Hors intersection,Pluie forte,Autre collision,,,,,,,,,,,1,2,1,3.0,6
201300026926,0013-07-11 16:20:00,13,7,11,16,20,430,157,R ANTOINE MARTIN,,,Plein jour,En agglomération,Hors intersection,Normale,Autre collision,,,,,,,,,,,1,2,1,1.0,6
201300026927,0013-08-03 10:20:00,13,8,3,10,20,430,41,RN 88- PONT SUR LA LOIRE,45.0556,3.91101,Plein jour,En agglomération,Hors intersection,Normale,Trois véhicules et plus - en chaîne,,,,,,,,,,,1,2,1,1.0,4
201300026928,0013-09-07 22:00:00,13,9,7,22,0,430,157,BD MAR?CHAL JOFFRE,45.048,3.89334,Nuit avec éclairage allumé,En agglomération,Intersection en T,Pluie légère,Deux véhicules - côté,,,,,,,,,,,5,2,3,2.0,3
201300026929,0013-09-07 16:40:00,13,9,7,16,40,430,157,1-9 BD CHANTEMESSE,45.0477,3.87831,Plein jour,En agglomération,Hors intersection,Pluie légère,Autre collision,,,,,,,,,,,1,2,1,2.0,6
201300026930,0013-09-18 10:15:00,13,9,18,10,15,430,41,AV CHARLES DUPUY,45.0504,3.91322,Plein jour,En agglomération,Hors intersection,Normale,Autre collision,,,,,,,,,,,1,2,1,1.0,6
201300026931,0013-09-28 12:05:00,13,9,28,12,5,430,41,COT DE TIREBOEUF,45.0496,3.90749,Plein jour,En agglomération,Intersection en T,Normale,Deux véhicules - côté,,,,,,,,,,,1,2,3,1.0,3
201300026932,0013-09-20 18:25:00,13,9,20,18,25,430,41,COT DE TIREBEOUF,45.0496,3.91246,Plein jour,En agglomération,Hors intersection,Normale,Autre collision,,,,,,,,,,,1,2,1,1.0,6
201300026933,0013-10-07 16:48:00,13,10,7,16,48,430,157,AV GEORGES CLEMENCEAU,45.0417,3.88754,Plein jour,En agglomération,Hors intersection,Normale,Autre collision,,,,,,,,,,,1,2,1,1.0,6
201300026934,0013-10-12 18:30:00,13,10,12,18,30,430,157,4 PL MICHELET,,,Crépuscule ou aube,En agglomération,Hors intersection,Pluie légère,Deux véhicules - côté,,,,,,,,,,,2,2,1,2.0,3
201300026935,0013-10-12 10:05:00,13,10,12,10,5,430,2,CHM DE LA BOUTHEZARD,,,Plein jour,En agglomération,Hors intersection,Pluie légère,Autre collision,,,,,,,,,,,1,2,1,2.0,6
201300026936,0013-10-17 21:05:00,13,10,17,21,5,430,157,"1, R LOUIS PASCAL",,,Nuit avec éclairage allumé,En agglomération,Hors intersection,Normale,Autre collision,,,,,,,,,,,5,2,1,1.0,6
201300026937,0013-10-19 14:10:00,13,10,19,14,10,430,41,8 COT DE TIREBEOUF,45.0496,3.90751,Plein jour,En agglomération,Intersection en T,Normale,Deux véhicules - arrière,,,,,,,,,,,1,2,3,1.0,2
201300026938,0013-10-21 11:50:00,13,10,21,11,50,430,89,4 AV DE L'ERMITAGE,45.0527,3.86864,Plein jour,En agglomération,Intersection en Y,Normale,Deux véhicules - arrière,,,,,,,,,,,1,2,4,1.0,2
201300026939,0013-11-09 13:25:00,13,11,9,13,25,430,157,93 AV MAR?CHAL FOCH,45.033,3.88613,Plein jour,En agglomération,Intersection en T,Normale,Deux véhicules - côté,,,,,,,,,,,1,2,3,1.0,3
201300026940,0013-11-12 09:00:00,13,11,12,9,0,430,89,"27, AV DE L'ERMITGE",45.0542,3.8664,Plein jour,En agglomération,Hors intersection,Normale,Deux véhicules - arrière,,,,,,,,,,,1,2,1,1.0,2
201300026941,0013-11-21 14:25:00,13,11,21,14,25,430,41,57 AV CHARLES DUPUY,45.0475,3.92485,Plein jour,En agglomération,Hors intersection,Neige / grêle,Deux véhicules - arrière,,,,,,,,,,,1,2,1,4.0,2
201300026942,0013-11-25 15:45:00,13,11,25,15,45,430,251,90 AV DE VALS,45.0313,3.87738,Plein jour,En agglomération,Hors intersection,Normale,Autre collision,,,,,,,,,,,1,2,1,1.0,6
201300026943,0013-12-03 13:40:00,13,12,3,13,40,430,157,R DE LA GAZELLE,,,Plein jour,En agglomération,Intersection en X,Normale,Deux véhicules - côté,,,,,,,,,,,1,2,2,1.0,3
201300026944,0013-12-03 13:50:00,13,12,3,13,50,430,157,ALL PARKING EGLISE DES C,,,Plein jour,En agglomération,Hors intersection,Normale,Autre collision,,,,,,,,,,,1,2,1,1.0,6
201300026945,0013-12-10 07:05:00,13,12,10,7,5,430,157,R RICHONS DES BRUS,,,Nuit avec éclairage allumé,En agglomération,Hors intersection,Normale,Autre collision,,,,,,,,,,,5,2,1,1.0,6
201300026946,0013-12-13 22:23:00,13,12,13,22,23,430,157,BD DE LA R?PUBLIQUE,,,Nuit avec éclairage allumé,En agglomération,Intersection en X,Normale,Deux véhicules - côté,,,,,,,,,,,5,2,2,1.0,3
201300026947,0013-12-17 15:12:00,13,12,17,15,12,430,89,15 AV DE MONDON,45.0522,3.86887,Plein jour,En agglomération,Hors intersection,Normale,Deux véhicules - frontale,,,,,,,,,,,1,2,1,1.0,1
201300026948,0013-12-19 17:20:00,13,12,19,17,20,430,41,11 AV CHARLES DUPUY,45.047,3.92619,Crépuscule ou aube,En agglomération,Hors intersection,Pluie légère,Autre collision,,,,,,,,,,,2,2,1,2.0,6
201300026949,0013-12-31 00:30:00,13,12,31,0,30,430,157,2 AV DU VAL VERT,,,Nuit avec éclairage allumé,En agglomération,Hors intersection,Normale,Autre collision,,,,,,,,,,,5,2,1,1.0,6
201300026950,0013-01-08 08:25:00,13,1,8,8,25,440,55,"41, FLANDIN ( AVENUE DU",,,Crépuscule ou aube,En agglomération,Hors intersection,Normale,Autre collision,,,,,,,,,,,2,2,1,1.0,6
201300026951,0013-01-11 07:50:00,13,1,11,7,50,440,132,"10, MAHUIT (ROUTE DE)",,,Nuit sans éclairage public,Hors agglomération,Hors intersection,Normale,Deux véhicules - arrière,,,,,,,,,,,3,1,1,1.0,2
201300026952,0013-01-13 05:15:00,13,1,13,5,15,440,132,"24, ORMEAUX (AVENUE DES)",,,Nuit sans éclairage public,En agglomération,Hors intersection,Pluie légère,Autre collision,,,,,,,,,,,3,2,1,2.0,6
201300026953,0013-01-15 11:35:00,13,1,15,11,35,440,55,"1, NERVO ( AVENUE DU CDT",,,Plein jour,En agglomération,Intersection en X,Normale,Autre collision,,,,,,,,,,,1,2,2,1.0,6
201300026954,0013-03-04 17:55:00,13,3,4,17,55,440,132,"NS, HIRONDELLES (AVENUE",,,Plein jour,En agglomération,Intersection en T,Normale,Deux véhicules - côté,,,,,,,,,,,1,2,3,1.0,3
201300026955,0013-04-24 16:40:00,13,4,24,16,40,440,55,GAULLE ( AVENUE DU G?N?R,,,Plein jour,En agglomération,Hors intersection,Normale,Autre collision,,,,,,,,,,,1,2,1,1.0,6
201300026956,0013-05-09 11:00:00,13,5,9,11,0,440,132,"208, OCEANIDES (BOULEVAR",,,Plein jour,En agglomération,Hors intersection,Normale,Autre collision,,,,,,,,,,,1,2,1,1.0,6
201300026957,0013-05-12 16:30:00,13,5,12,16,30,440,55,ANJOU ( AVENUE D' ),,,Plein jour,En agglomération,Giratoire,Normale,Deux véhicules - côté,,,,,,,,,,,1,2,6,1.0,3
201300026958,0013-05-14 17:35:00,13,5,14,17,35,440,55,"NS, LYAUTEY ( AVENUE DU",,,Plein jour,En agglomération,Intersection en T,Normale,Trois véhicules et plus - collisions multiples,,,,,,,,,,,1,2,3,1.0,5
201300026959,0013-06-26 05:00:00,13,6,26,5,0,440,55,REIMS ( PLACE DE ),,,Nuit avec éclairage allumé,En agglomération,Hors intersection,Normale,Autre collision,,,,,,,,,,,5,2,1,1.0,6
201300026960,0013-06-28 11:30:00,13,6,28,11,30,440,132,ERMUR (ROUTE D'),,,Plein jour,Hors agglomération,Intersection en T,Normale,Deux véhicules - côté,,,,,,,,,,,1,1,3,1.0,3
201300026961,0013-07-08 08:05:00,13,7,8,8,5,440,132,"139, BONNE SOURCE (AVENU",,,Plein jour,En agglomération,Hors intersection,Normale,Deux véhicules - côté,,,,,,,,,,,1,2,1,1.0,3
201300026962,0013-07-08 17:25:00,13,7,8,17,25,440,132,"41, LITTORAL (AVENUE DU)",,,Plein jour,En agglomération,Hors intersection,Normale,Deux véhicules - arrière,,,,,,,,,,,1,2,1,1.0,2
201300026963,0013-07-09 11:00:00,13,7,9,11,0,440,132,"NS, LOUISE (AVENUE)",,,Plein jour,En agglomération,Intersection en T,Normale,Autre collision,,,,,,,,,,,1,2,3,1.0,6
201300026964,0013-07-04 17:55:00,13,7,4,17,55,440,135,"NS, LLANTWIT-MAJOR ( AVE",,,Plein jour,En agglomération,Giratoire,Normale,Deux véhicules - côté,,,,,,,,,,,1,2,6,1.0,3
201300026965,0013-07-28 11:15:00,13,7,28,11,15,440,55,"NS, OC?AN ( BOULEVARD DE",,,Plein jour,En agglomération,Autre intersection,Pluie forte,Autre collision,,,,,,,,,,,1,2,9,3.0,6
201300026966,0013-08-05 10:45:00,13,8,5,10,45,440,55,"0, MIMOSAS (AVENUE DES)",,,Plein jour,En agglomération,Intersection en T,Normale,Deux véhicules - côté,,,,,,,,,,,1,2,3,1.0,3
201300026967,0013-08-07 14:35:00,13,8,7,14,35,440,55,RIGAUD ( AVENUE MARCEL ),,,Plein jour,En agglomération,Intersection en Y,Normale,Deux véhicules - côté,,,,,,,,,,,1,2,4,1.0,3
201300026968,0013-08-08 01:05:00,13,8,8,1,5,440,55,ETOILE ( AVENUE DE L' ),,,Nuit avec éclairage allumé,En agglomération,Hors intersection,Normale,Deux véhicules - frontale,,,,,,,,,,,5,2,1,1.0,1
201300026969,0013-08-08 16:00:00,13,8,8,16,0,440,132,"7, REPUBLIQUE (BOULEVARD",,,Plein jour,En agglomération,Giratoire,Normale,Deux véhicules - côté,,,,,,,,,,,1,2,6,1.0,3
201300026970,0013-08-18 13:00:00,13,8,18,13,0,440,55,D 213,,,Plein jour,Hors agglomération,Hors intersection,Pluie légère,Autre collision,,,,,,,,,,,1,1,1,2.0,6
201300026971,0013-08-17 03:35:00,13,8,17,3,35,440,55,COLLINES ( IMPASSE DES ),,,Nuit avec éclairage allumé,En agglomération,Intersection en X,Normale,Autre collision,,,,,,,,,,,5,2,2,1.0,6
201300026972,0013-08-20 18:55:00,13,8,20,18,55,440,132,"32, OCEANIDES (BOULEVARD",,,Plein jour,En agglomération,Hors intersection,Normale,Deux véhicules - côté,,,,,,,,,,,1,2,1,1.0,3
201300026973,0013-08-24 16:50:00,13,8,24,16,50,440,55,FRANCHET-D'ESP?REY ( AVE,,,Plein jour,En agglomération,Intersection en T,Normale,Deux véhicules - côté,,,,,,,,,,,1,2,3,1.0,3
201300026974,0013-08-10 18:20:00,13,8,10,18,20,440,55,"1, AM?THYSTES ( AVENUE D",,,Plein jour,En agglomération,Hors intersection,Normale,Autre collision,,,,,,,,,,,1,2,1,1.0,6
201300026975,0013-08-24 12:25:00,13,8,24,12,25,440,132,D 392,,,Plein jour,Hors agglomération,Hors intersection,Normale,Sans collision,,,,,,,,,,,1,1,1,1.0,7
201300026976,0013-08-23 15:55:00,13,8,23,15,55,440,55,"28, FLANDIN ( AVENUE DU",,,Plein jour,En agglomération,Intersection en T,Normale,Deux véhicules - arrière,,,,,,,,,,,1,2,3,1.0,2
201300026977,0013-08-17 09:55:00,13,8,17,9,55,440,55,ONDINES ( AVENUE DES ),,,Plein jour,En agglomération,Intersection en X,Normale,Deux véhicules - côté,,,,,,,,,,,1,2,2,1.0,3
201300026978,0013-09-03 15:10:00,13,9,3,15,10,440,132,"63, BONNE SOURCE (AVENUE",,,Plein jour,En agglomération,Hors intersection,Normale,Sans collision,,,,,,,,,,,1,2,1,1.0,7
201300026979,0013-09-08 11:00:00,13,9,8,11,0,440,55,"NS, OC?AN ( BOULEVARD DE",,,Plein jour,En agglomération,Giratoire,Normale,Deux véhicules - côté,,,,,,,,,,,1,2,6,1.0,3
201300026980,0013-09-09 19:15:00,13,9,9,19,15,440,55,"26, JOSSELIN ( AVENUE )",,,Plein jour,En agglomération,Hors intersection,Normale,Sans collision,,,,,,,,,,,1,2,1,1.0,7
201300026981,0013-10-11 09:05:00,13,10,11,9,5,440,55,"181, MORANDAIS ( AVENUE",,,Plein jour,En agglomération,Hors intersection,Normale,Autre collision,,,,,,,,,,,1,2,1,1.0,6
201300026982,0013-10-29 18:35:00,13,10,29,18,35,440,55,VILLE AUX F?VES ( ROUTE,,,Nuit sans éclairage public,En agglomération,Intersection en T,Normale,Deux véhicules - côté,,,,,,,,,,,3,2,3,1.0,3
201300026983,0013-10-30 07:55:00,13,10,30,7,55,440,135,OC?AN ( AVENUE DE L' ),,,Plein jour,En agglomération,Giratoire,Pluie légère,Autre collision,,,,,,,,,,,1,2,6,2.0,6
201300026984,0013-10-31 11:50:00,13,10,31,11,50,440,132,BAULOIS (AVENUE DU),,,Plein jour,Hors agglomération,Hors intersection,Normale,Deux véhicules - arrière,,,,,,,,,,,1,1,1,1.0,2
201300026985,0013-11-23 22:05:00,13,11,23,22,5,440,55,"0, OC?AN ( BOULEVARD DE",,,Nuit avec éclairage allumé,En agglomération,Intersection en T,Normale,Sans collision,,,,,,,,,,,5,2,3,1.0,7
201300026986,0013-11-28 16:35:00,13,11,28,16,35,440,132,"NR, MOUETTES (AVENUE DES",,,Plein jour,En agglomération,Intersection en T,Normale,Deux véhicules - côté,,,,,,,,,,,1,2,3,1.0,3
201300026987,0013-12-03 12:55:00,13,12,3,12,55,440,55,"NS, JOFFRE ( AVENUE )",,,Plein jour,En agglomération,Intersection en X,Normale,Deux véhicules - côté,,,,,,,,,,,1,2,2,1.0,3
201300026988,0013-12-24 11:00:00,13,12,24,11,0,440,132,"NS, BAULOIS (AVENUE DU)",,,Plein jour,En agglomération,Hors intersection,Normale,Autre collision,,,,,,,,,,,1,2,1,1.0,6
201300026989,0013-01-04 04:00:00,13,1,4,4,0,440,109,BOULEVARD JOSEPH BOURCY,,,Nuit avec éclairage non allumé,En agglomération,Hors intersection,Normale,Autre collision,,,,,,,,,,,4,2,1,1.0,6
201300026990,0013-12-26 09:05:00,13,12,26,9,5,440,109,"0, RUE FLANDRES DUNKERQU",,,Plein jour,En agglomération,Hors intersection,Normale,Autre collision,,,,,,,,,,,1,2,1,1.0,6
201300026991,0013-01-01 07:25:00,13,1,1,7,25,440,109,RUE PITRE CHEVALIER,,,Nuit avec éclairage allumé,En agglomération,Intersection en X,Normale,Deux véhicules - côté,,,,,,,,,,,5,2,2,1.0,3
201300026992,0013-01-02 22:20:00,13,1,2,22,20,440,109,"0, BOULEVARD GABRIEL GUI",,,Nuit avec éclairage allumé,En agglomération,Intersection en X,Normale,Autre collision,,,,,,,,,,,5,2,2,1.0,6
201300026993,0013-01-06 05:50:00,13,1,6,5,50,440,109,COURS DES 50 OTAGES,,,Nuit avec éclairage allumé,En agglomération,Hors intersection,Normale,Autre collision,,,,,,,,,,,5,2,1,1.0,6
201300026994,0013-01-03 15:45:00,13,1,3,15,45,440,109,"., RUE SAINT DENIS",,,Plein jour,En agglomération,Intersection en X,Normale,Deux véhicules - côté,,,,,,,,,,,1,2,2,1.0,3
201300026995,0013-12-19 19:10:00,13,12,19,19,10,440,109,"., BOULEVARD JEAN MOULIN",,,Nuit sans éclairage public,En agglomération,Hors intersection,Pluie forte,Sans collision,,,,,,,,,,,3,2,1,3.0,7
201300026996,0013-01-09 18:40:00,13,1,9,18,40,440,109,"., BOULEVARD MARTIN LUTH",,,Nuit avec éclairage allumé,En agglomération,Hors intersection,Normale,Deux véhicules - arrière,,,,,,,,,,,5,2,1,1.0,2
201300026997,0013-01-07 08:00:00,13,1,7,8,0,440,162,RUE DE LA SYONNIERE,,,Crépuscule ou aube,Hors agglomération,Hors intersection,Autre,Sans collision,,,,,,,,,,,2,1,1,9.0,7
201300026998,0013-01-13 07:45:00,13,1,13,7,45,440,109,"00, RUE DE LA PATOUILLER",,,Nuit avec éclairage allumé,En agglomération,Intersection en T,Brouillard / fumée,Sans collision,,,,,,,,,,,5,2,3,5.0,7
201300026999,0013-01-11 15:15:00,13,1,11,15,15,440,109,"00, PLACE VICTOR MANGIN",,,Plein jour,En agglomération,Autre intersection,Normale,Deux véhicules - arrière,,,,,,,,,,,1,2,9,1.0,2
201300027000,0013-01-15 18:15:00,13,1,15,18,15,440,109,"115, BOULEVARD DU MASSAC",,,Nuit avec éclairage allumé,En agglomération,Hors intersection,Normale,Deux véhicules - côté,,,,,,,,,,,5,2,1,1.0,3
201300027001,0013-01-15 10:00:00,13,1,15,10,0,440,109,"1, SQUARE DES ROSSIGNOLS",,,Plein jour,En agglomération,Hors intersection,Normale,Autre collision,,,,,,,,,,,1,2,1,1.0,6
201300027002,0013-01-15 16:20:00,13,1,15,16,20,440,143,"20, TABLEAU (RUE FELIX)",,,Plein jour,En agglomération,Hors intersection,Normale,Autre collision,,,,,,,,,,,1,2,1,1.0,6
201300027003,0013-01-17 16:35:00,13,1,17,16,35,440,109,"4, BOULEVARD DE LAUNAY",,,Plein jour,En agglomération,Intersection en X,Normale,Deux véhicules - arrière,,,,,,,,,,,1,2,2,1.0,2
201300027004,0013-01-22 10:57:00,13,1,22,10,57,440,114,"1, ESPLANADE DU CARDO",,,Plein jour,En agglomération,Hors intersection,Normale,Autre collision,,,,,,,,,,,1,2,1,1.0,6
201300027005,0013-01-23 08:50:00,13,1,23,8,50,440,114,137,,,Plein jour,En agglomération,Hors intersection,Brouillard / fumée,Trois véhicules et plus - en chaîne,,,,,,,,,,,1,2,1,5.0,4
201300027006,0013-01-26 05:30:00,13,1,26,5,30,440,109,"10, RUE DE PORNICHET",,,Nuit avec éclairage allumé,En agglomération,Hors intersection,Normale,Autre collision,,,,,,,,,,,5,2,1,1.0,6
201300027007,0013-01-29 07:40:00,13,1,29,7,40,440,109,"0, BOULEVARD DE STALINGR",,,Nuit avec éclairage allumé,En agglomération,Intersection en X,Pluie forte,Deux véhicules - côté,,,,,,,,,,,5,2,2,3.0,3
201300027008,0013-01-29 19:10:00,13,1,29,19,10,440,190,"451, ROUTE DE CLISSON",,,Nuit avec éclairage allumé,En agglomération,Hors intersection,Pluie légère,Deux véhicules - arrière,,,,,,,,,,,5,2,1,2.0,2
201300027009,0013-01-29 08:50:00,13,1,29,8,50,440,109,"50, BOULEVARD DES BELGES",,,Crépuscule ou aube,En agglomération,Hors intersection,Pluie forte,Deux véhicules - côté,,,,,,,,,,,2,2,1,3.0,3
201300027010,0013-01-09 10:56:00,13,1,9,10,56,440,109,"12, ROUTE DE LA CHAPELLE",,,Plein jour,En agglomération,Hors intersection,Pluie légère,Autre collision,,,,,,,,,,,1,2,1,2.0,6
201300027011,0013-01-30 13:40:00,13,1,30,13,40,440,143,MARGUYONNES (ROND-POINT,,,Plein jour,Hors agglomération,Giratoire,Normale,Deux véhicules - arrière,,,,,,,,,,,1,1,6,1.0,2
201300027012,0013-02-04 12:50:00,13,2,4,12,50,440,109,"8, RUE DU PERRAY",,,Plein jour,En agglomération,Hors intersection,Normale,Autre collision,,,,,,,,,,,1,2,1,1.0,6
201300027013,0013-01-04 12:00:00,13,1,4,12,0,440,109,"8, RUE DU PERRAY",,,Plein jour,En agglomération,Hors intersection,Pluie légère,Autre collision,,,,,,,,,,,1,2,1,2.0,6
201300027014,0013-01-29 17:20:00,13,1,29,17,20,440,114,BOULEVARD MENDES FRANCE,,,Plein jour,En agglomération,Hors intersection,Autre,Autre collision,,,,,,,,,,,1,2,1,9.0,6
201300027015,0013-02-08 01:00:00,13,2,8,1,0,440,109,ROND-POINT DE RENNES,,,Nuit avec éclairage allumé,En agglomération,Giratoire,Pluie légère,Autre collision,,,,,,,,,,,5,2,6,2.0,6
201300027016,0013-01-28 08:10:00,13,1,28,8,10,440,109,"00, BOULEVARD LEON BUREA",,,Crépuscule ou aube,En agglomération,Hors intersection,Normale,Autre collision,,,,,,,,,,,2,2,1,1.0,6
201300027017,0013-02-07 18:50:00,13,2,7,18,50,440,109,PONT DE CHEVIRE,,,Plein jour,En agglomération,Hors intersection,Autre,Deux véhicules - arrière,,,,,,,,,,,1,2,1,9.0,2
201300027018,0013-02-12 12:45:00,13,2,12,12,45,440,109,CLISSON ( ROUTE DE ),,,Plein jour,En agglomération,Hors intersection,Normale,Autre collision,,,,,,,,,,,1,2,1,1.0,6
201300027019,0013-02-07 17:50:00,13,2,7,17,50,440,109,"1, QUAI HOCHE",,,Crépuscule ou aube,En agglomération,Hors intersection,Normale,Autre collision,,,,,,,,,,,2,2,1,1.0,6
201300027020,0013-02-13 13:40:00,13,2,13,13,40,440,109,"61, CLISSON ( ROUTE DE )",,,Plein jour,En agglomération,Hors intersection,Normale,Autre collision,,,,,,,,,,,1,2,1,1.0,6
201300027021,0013-02-14 18:30:00,13,2,14,18,30,440,109,"156, ROUTE DE SAINTE LUC",,,Crépuscule ou aube,En agglomération,Hors intersection,Normale,Deux véhicules - arrière,,,,,,,,,,,2,2,1,1.0,2
201300027022,0013-02-14 09:08:00,13,2,14,9,8,440,109,"2, AVENUE CARNOT",,,Plein jour,En agglomération,Hors intersection,Normale,Sans collision,,,,,,,,,,,1,2,1,1.0,7
201300027023,0013-02-18 10:30:00,13,2,18,10,30,440,109,RUE DU COUDRAY,,,Plein jour,En agglomération,Hors intersection,Normale,Autre collision,,,,,,,,,,,1,2,1,1.0,6