accident_id,datetime,annee,mois,jour,heure,minute,departement,commune_insee,adresse,latitude,longitude,luminosite,agglomeration,intersection,meteo,collision,nb_vehicules,nb_usagers,nb_indemnes,nb_tues,nb_blesses_hosp,nb_blesses_legers,age_cond_1,age_cond_2,veh_type_cond_1,veh_type_cond_2,lum_code,agg_code,int_code,atm_code,col_code
201300027024,0013-02-18 19:25:00,13,2,18,19,25,440,109,PONT GENERAL AUDIBERT,,,Nuit avec éclairage allumé,En agglomération,Intersection en X,Normale,Autre collision,,,,,,,,,,,5,2,2,1.0,6
201300027025,0013-02-21 09:05:00,13,2,21,9,5,440,109,"., BOULEVARD DE LONGCHAM",,,Plein jour,En agglomération,Autre intersection,Normale,Deux véhicules - arrière,,,,,,,,,,,1,2,9,1.0,2
201300027026,0013-02-23 07:15:00,13,2,23,7,15,440,9,"1, PERIPHERIQUE SUD",,,Nuit avec éclairage allumé,Hors agglomération,Hors intersection,Normale,Autre collision,,,,,,,,,,,5,1,1,1.0,6
201300027027,0013-02-24 18:10:00,13,2,24,18,10,440,109,RUE MAUVOISINS,,,Plein jour,Hors agglomération,Intersection en X,Normale,Autre collision,,,,,,,,,,,1,1,2,1.0,6
201300027028,0013-02-19 10:30:00,13,2,19,10,30,440,162,RUE AMERIGO VESPUCCI,,,Plein jour,En agglomération,Hors intersection,Autre,Autre collision,,,,,,,,,,,1,2,1,9.0,6
201300027029,0013-03-06 10:00:00,13,3,6,10,0,440,109,RUE MARCEL PAUL,,,Plein jour,En agglomération,Hors intersection,Normale,Deux véhicules - côté,,,,,,,,,,,1,2,1,1.0,3
201300027030,0013-03-06 16:42:00,13,3,6,16,42,440,162,"0, BOULEVARD FRANCOIS MI",,,Plein jour,En agglomération,Giratoire,Normale,Deux véhicules - côté,,,,,,,,,,,1,2,6,1.0,3
201300027031,0013-03-10 05:15:00,13,3,10,5,15,440,109,"117, RUE DU LANDREAU",,,Nuit avec éclairage allumé,En agglomération,Passage à niveau,Pluie légère,Autre collision,,,,,,,,,,,5,2,8,2.0,6
201300027032,0013-03-10 09:40:00,13,3,10,9,40,440,109,"32, BOULEVARD DE LA FRAT",,,Plein jour,En agglomération,Hors intersection,Normale,Deux véhicules - arrière,,,,,,,,,,,1,2,1,1.0,2
201300027033,0013-03-04 22:45:00,13,3,4,22,45,440,109,"., RUE DE STRASBOURG",,,Nuit avec éclairage allumé,En agglomération,Intersection en X,Normale,Deux véhicules - côté,,,,,,,,,,,5,2,2,1.0,3
201300027034,0013-03-07 08:30:00,13,3,7,8,30,440,162,"7, QUAI EMILE CORMERAIS",,,Plein jour,En agglomération,Hors intersection,Normale,Autre collision,,,,,,,,,,,1,2,1,1.0,6
201300027035,0013-03-13 09:10:00,13,3,13,9,10,440,109,"4, CHEMIN DU PONT L'ARCH",,,Plein jour,En agglomération,Hors intersection,Normale,Deux véhicules - côté,,,,,,,,,,,1,2,1,1.0,3
201300027036,0013-02-18 07:45:00,13,2,18,7,45,440,109,"0, ROUTE DE PARIS",,,Crépuscule ou aube,En agglomération,Giratoire,Normale,Deux véhicules - côté,,,,,,,,,,,2,2,6,1.0,3
201300027037,0013-03-15 07:45:00,13,3,15,7,45,440,109,"0, ROUTE DE PARIS",,,Crépuscule ou aube,En agglomération,Giratoire,Normale,Deux véhicules - côté,,,,,,,,,,,2,2,6,1.0,3
201300027038,0013-02-10 07:45:00,13,2,10,7,45,440,109,"0, ROUTE DE PARIS",,,Crépuscule ou aube,En agglomération,Giratoire,Normale,Deux véhicules - côté,,,,,,,,,,,2,2,6,1.0,3
201300027039,0013-03-16 10:50:00,13,3,16,10,50,440,109,"0, PONT ANNE DE BRETAGNE",,,Plein jour,En agglomération,Hors intersection,Normale,Deux véhicules - arrière,,,,,,,,,,,1,2,1,1.0,2
201300027040,0013-03-17 12:45:00,13,3,17,12,45,440,109,"27, BOULEVARD DES BELGES",,,Plein jour,En agglomération,Intersection en T,Pluie forte,Sans collision,,,,,,,,,,,1,2,3,3.0,7
201300027041,0013-03-16 15:45:00,13,3,16,15,45,440,114,"0, PERIPHERIQUE ROUTIER",,,Plein jour,Hors agglomération,Hors intersection,Normale,Deux véhicules - arrière,,,,,,,,,,,1,1,1,1.0,2
201300027042,0013-03-13 16:30:00,13,3,13,16,30,440,114,"172, ROUTE DE VANNES",,,Plein jour,En agglomération,Hors intersection,Normale,Deux véhicules - côté,,,,,,,,,,,1,2,1,1.0,3
201300027043,0013-03-12 12:35:00,13,3,12,12,35,440,109,RUE DE LA MAISON BLANCHE,,,Plein jour,En agglomération,Intersection en X,Temps couvert,Deux véhicules - côté,,,,,,,,,,,1,2,2,8.0,3
201300027044,0013-03-15 17:35:00,13,3,15,17,35,440,162,RUE DU CONGO,,,Plein jour,En agglomération,Hors intersection,Normale,Autre collision,,,,,,,,,,,1,2,1,1.0,6
201300027045,0013-03-05 12:00:00,13,3,5,12,0,440,162,"0, BOULEVARD DU TERTRE",,,Plein jour,En agglomération,Hors intersection,Normale,Deux véhicules - arrière,,,,,,,,,,,1,2,1,1.0,2
201300027046,0013-03-18 08:50:00,13,3,18,8,50,440,109,"110, BOULEVARD MICHELET",,,Plein jour,En agglomération,Hors intersection,Normale,Deux véhicules - côté,,,,,,,,,,,1,2,1,1.0,3
201300027047,0013-03-23 13:15:00,13,3,23,13,15,440,109,"., BOULEVARD JEAN PHILIP",,,Plein jour,En agglomération,Hors intersection,Normale,Sans collision,,,,,,,,,,,1,2,1,1.0,7
201300027048,0013-03-22 17:55:00,13,3,22,17,55,440,109,"4, BOULEVARD EUGENE ORIE",,,Plein jour,En agglomération,Hors intersection,Pluie légère,Deux véhicules - frontale,,,,,,,,,,,1,2,1,2.0,1
201300027049,0013-03-22 14:00:00,13,3,22,14,0,440,109,"0, BOULEVARD GENERAL DE",,,Plein jour,En agglomération,Hors intersection,Normale,Deux véhicules - côté,,,,,,,,,,,1,2,1,1.0,3
201300027050,0013-03-21 10:00:00,13,3,21,10,0,440,162,"000, BOULEVARD WINSTON C",,,Plein jour,En agglomération,Hors intersection,Pluie forte,Deux véhicules - côté,,,,,,,,,,,1,2,1,3.0,3
201300027051,0013-03-03 10:00:00,13,3,3,10,0,440,109,PLACE DE LA PETITE HOLLA,,,Plein jour,En agglomération,Hors intersection,Normale,Autre collision,,,,,,,,,,,1,2,1,1.0,6
201300027052,0013-03-10 13:30:00,13,3,10,13,30,440,109,"0, RUE GUILLAUME GROOTAE",,,Plein jour,En agglomération,Hors intersection,Normale,Deux véhicules - arrière,,,,,,,,,,,1,2,1,1.0,2
201300027053,0013-03-22 16:40:00,13,3,22,16,40,440,109,"0, BOULEVARD GENERAL DE",,,Plein jour,En agglomération,Intersection en X,Normale,Deux véhicules - côté,,,,,,,,,,,1,2,2,1.0,3
201300027054,0013-03-28 20:09:00,13,3,28,20,9,440,109,"44, RUE DES 3 ROIS",,,Crépuscule ou aube,En agglomération,Hors intersection,Normale,Deux véhicules - côté,,,,,,,,,,,2,2,1,1.0,3
201300027055,0013-04-02 20:20:00,13,4,2,20,20,440,109,"0, RUE SAINT LEONARD",,,Nuit avec éclairage allumé,En agglomération,Intersection en X,Normale,Deux véhicules - arrière,,,,,,,,,,,5,2,2,1.0,2
201300027056,0013-03-28 11:30:00,13,3,28,11,30,440,162,ROUTE DE VANNES,,,Plein jour,En agglomération,Hors intersection,Normale,Autre collision,,,,,,,,,,,1,2,1,1.0,6
201300027057,0013-04-01 16:55:00,13,4,1,16,55,440,162,BOULEVARD MARCEL PAUL,,,Plein jour,En agglomération,Giratoire,Normale,Autre collision,,,,,,,,,,,1,2,6,1.0,6
201300027058,0013-04-04 11:30:00,13,4,4,11,30,440,109,"0, RUE FELIX MENETRIER",,,Plein jour,En agglomération,Hors intersection,Normale,Deux véhicules - côté,,,,,,,,,,,1,2,1,1.0,3
201300027059,0013-04-06 12:47:00,13,4,6,12,47,440,109,"25, RUE JULES SIMON",,,Plein jour,En agglomération,Hors intersection,Temps couvert,Sans collision,,,,,,,,,,,1,2,1,8.0,7
201300027060,0013-04-14 03:50:00,13,4,14,3,50,440,109,RUE PREMION,,,Nuit avec éclairage allumé,En agglomération,Hors intersection,Normale,Autre collision,,,,,,,,,,,5,2,1,1.0,6
201300027061,0013-04-06 09:55:00,13,4,6,9,55,440,109,"0, PONT SAINT MIHIEL",,,Plein jour,En agglomération,Hors intersection,Normale,Deux véhicules - arrière,,,,,,,,,,,1,2,1,1.0,2
201300027062,0013-04-02 15:45:00,13,4,2,15,45,440,143,AVENUE DE LA VENDEE,,,Plein jour,En agglomération,Hors intersection,Normale,Autre collision,,,,,,,,,,,1,2,1,1.0,6
201300027063,0013-04-08 22:40:00,13,4,8,22,40,440,109,"0, RUE LA TOUR D'AUVERGN",,,Crépuscule ou aube,En agglomération,Intersection en X,Normale,Deux véhicules - arrière,,,,,,,,,,,2,2,2,1.0,2
201300027064,0013-04-09 18:20:00,13,4,9,18,20,440,114,PERIPHERIQUE ROUTIER,,,Plein jour,En agglomération,Hors intersection,Normale,Trois véhicules et plus - en chaîne,,,,,,,,,,,1,2,1,1.0,4
201300027065,0013-04-12 08:25:00,13,4,12,8,25,440,109,"2, RUE PAUL BELLAMY",,,Plein jour,En agglomération,Hors intersection,Normale,Autre collision,,,,,,,,,,,1,2,1,1.0,6
201300027066,0013-04-14 00:19:00,13,4,14,0,19,440,109,"21, BOULEVARD DE LAUNAY",,,Nuit avec éclairage allumé,En agglomération,Hors intersection,Normale,Deux véhicules - arrière,,,,,,,,,,,5,2,1,1.0,2
201300027067,0013-04-14 17:40:00,13,4,14,17,40,440,109,"4, RUE HENRI IV",,,Plein jour,En agglomération,Hors intersection,Normale,Autre collision,,,,,,,,,,,1,2,1,1.0,6
201300027068,0013-04-17 17:40:00,13,4,17,17,40,440,114,"213, ROUTE DE RENNES",,,Plein jour,En agglomération,Hors intersection,Normale,Autre collision,,,,,,,,,,,1,2,1,1.0,6
201300027069,0013-04-12 17:15:00,13,4,12,17,15,440,190,RUE DE L'ALLEE VERTE,,,Plein jour,En agglomération,Hors intersection,Normale,Autre collision,,,,,,,,,,,1,2,1,1.0,6
201300027070,0013-04-14 05:50:00,13,4,14,5,50,440,190,"0, AVENUE DE LA MARTELLI",,,Crépuscule ou aube,En agglomération,Hors intersection,Normale,Deux véhicules - côté,,,,,,,,,,,2,2,1,1.0,3
201300027071,0013-04-18 19:30:00,13,4,18,19,30,440,190,"20, RUE DE LA COMMUNE DE",,,Crépuscule ou aube,En agglomération,Hors intersection,Normale,Autre collision,,,,,,,,,,,2,2,1,1.0,6
201300027072,0013-04-10 17:30:00,13,4,10,17,30,440,162,"0, BOULEVARD SALVADOR AL",,,Plein jour,En agglomération,Hors intersection,Normale,Deux véhicules - arrière,,,,,,,,,,,1,2,1,1.0,2
201300027073,0013-04-26 07:25:00,13,4,26,7,25,440,162,"0, BOULEVARD PROFESSEUR",,,Plein jour,Hors agglomération,Hors intersection,Normale,Autre collision,,,,,,,,,,,1,1,1,1.0,6
201300027074,0013-04-12 16:45:00,13,4,12,16,45,440,109,"264, ROUTE DE VANNES",,,Plein jour,En agglomération,Hors intersection,Normale,Autre collision,,,,,,,,,,,1,2,1,1.0,6
201300027075,0013-04-29 18:15:00,13,4,29,18,15,440,109,"0, BOULEVARD GUY MOLLET",,,Plein jour,En agglomération,Hors intersection,Normale,Deux véhicules - côté,,,,,,,,,,,1,2,1,1.0,3
201300027076,0013-04-29 17:15:00,13,4,29,17,15,440,114,"0, RUE DE VINCENNES",,,Plein jour,En agglomération,Intersection en X,Normale,Deux véhicules - côté,,,,,,,,,,,1,2,2,1.0,3
201300027077,0013-05-03 20:40:00,13,5,3,20,40,440,109,", BOULEVARD ERNEST DALBY",,,Plein jour,En agglomération,Intersection en T,Normale,Trois véhicules et plus - collisions multiples,,,,,,,,,,,1,2,3,1.0,5
201300027078,0013-05-04 06:35:00,13,5,4,6,35,440,143,PERIPHERIQUE,,,Plein jour,Hors agglomération,Hors intersection,Normale,Deux véhicules - arrière,,,,,,,,,,,1,1,1,1.0,2
201300027079,0013-05-05 11:30:00,13,5,5,11,30,440,162,PORTE D' ARMOR,,,Plein jour,Hors agglomération,Hors intersection,Normale,Deux véhicules - côté,,,,,,,,,,,1,1,1,1.0,3
201300027080,0013-04-30 20:00:00,13,4,30,20,0,440,162,", BOULEVARD MARCEL PAUL",,,Plein jour,En agglomération,Hors intersection,Normale,Deux véhicules - côté,,,,,,,,,,,1,2,1,1.0,3
201300027081,0013-05-10 11:40:00,13,5,10,11,40,440,109,PLACE VICTOR MANGIN,,,Plein jour,En agglomération,Intersection en X,Normale,Autre collision,,,,,,,,,,,1,2,2,1.0,6
201300027082,0013-05-11 22:00:00,13,5,11,22,0,440,109,BOULEVARD JEAN MONNET,,,Nuit avec éclairage allumé,En agglomération,Intersection en T,Normale,Deux véhicules - côté,,,,,,,,,,,5,2,3,1.0,3
201300027083,0013-05-12 14:10:00,13,5,12,14,10,440,109,"11, RUE URBAIN LE VERRIE",,,Plein jour,En agglomération,Hors intersection,Normale,Autre collision,,,,,,,,,,,1,2,1,1.0,6
201300027084,0013-05-10 17:25:00,13,5,10,17,25,440,162,QUAI EMILE CORMERAIS,,,Plein jour,En agglomération,Hors intersection,Normale,Deux véhicules - arrière,,,,,,,,,,,1,2,1,1.0,2
201300027085,0013-05-08 10:00:00,13,5,8,10,0,440,109,"0, BOULEVARD DU TERTRE",,,Plein jour,En agglomération,Giratoire,Pluie légère,Autre collision,,,,,,,,,,,1,2,6,2.0,6
201300027086,0013-05-13 17:55:00,13,5,13,17,55,440,162,"123, QUAI EMILE CORMERAI",,,Plein jour,En agglomération,Hors intersection,Normale,Deux véhicules - côté,,,,,,,,,,,1,2,1,1.0,3
201300027087,0013-05-15 15:50:00,13,5,15,15,50,440,109,"4, BOULEVARD LELASSEUR",,,Plein jour,Hors agglomération,Hors intersection,Normale,Autre collision,,,,,,,,,,,1,1,1,1.0,6
201300027088,0013-05-17 07:35:00,13,5,17,7,35,440,109,BOULEVARD PROFESSEUR JAC,,,Plein jour,En agglomération,Giratoire,Normale,Autre collision,,,,,,,,,,,1,2,6,1.0,6
201300027089,0013-05-18 18:10:00,13,5,18,18,10,440,109,"00, RUE DU CORPS DE GARD",,,Plein jour,En agglomération,Hors intersection,Normale,Autre collision,,,,,,,,,,,1,2,1,1.0,6
201300027090,0013-05-18 13:45:00,13,5,18,13,45,440,109,QUAI DE LA FOSSE,,,Plein jour,En agglomération,Hors intersection,Normale,Autre collision,,,,,,,,,,,1,2,1,1.0,6
201300027091,0013-05-18 11:15:00,13,5,18,11,15,440,109,ROUTE DE VANNES,,,Plein jour,En agglomération,Intersection en X,Normale,Deux véhicules - arrière,,,,,,,,,,,1,2,2,1.0,2
201300027092,0013-05-23 03:00:00,13,5,23,3,0,440,109,RUE GEORGE SAND,,,Nuit avec éclairage allumé,En agglomération,Hors intersection,Normale,Autre collision,,,,,,,,,,,5,2,1,1.0,6
201300027093,0013-05-23 18:50:00,13,5,23,18,50,440,109,COURS DES 50 OTAGES,,,Plein jour,En agglomération,Hors intersection,Normale,Deux véhicules - côté,,,,,,,,,,,1,2,1,1.0,3
201300027094,0013-05-25 20:30:00,13,5,25,20,30,440,162,AVENUE DE LA BARAUDIERE,,,Plein jour,En agglomération,Intersection en X,Normale,Deux véhicules - côté,,,,,,,,,,,1,2,2,1.0,3
201300027095,0013-05-22 18:00:00,13,5,22,18,0,440,162,"., RUE D'AVRANCHES",,,Plein jour,En agglomération,Hors intersection,Normale,Sans collision,,,,,,,,,,,1,2,1,1.0,7
201300027096,0013-05-25 23:15:00,13,5,25,23,15,440,143,AVENUE LEON BLUM,,,Nuit avec éclairage allumé,En agglomération,Hors intersection,Normale,Autre collision,,,,,,,,,,,5,2,1,1.0,6
201300027097,0013-05-26 19:30:00,13,5,26,19,30,440,109,RUE DU JAMET,,,Plein jour,En agglomération,Intersection en X,Normale,Autre collision,,,,,,,,,,,1,2,2,1.0,6
201300027098,0013-05-24 19:15:00,13,5,24,19,15,440,162,"0, BOULEVARD SALVADOR AL",,,Plein jour,En agglomération,Giratoire,Normale,Deux véhicules - côté,,,,,,,,,,,1,2,6,1.0,3
201300027099,0013-05-23 15:15:00,13,5,23,15,15,440,109,"00, ROUTE DE SAINTE LUCE",,,Plein jour,En agglomération,Intersection en T,Normale,Deux véhicules - côté,,,,,,,,,,,1,2,3,1.0,3
201300027100,0013-05-27 13:25:00,13,5,27,13,25,440,162,"64, RUE DE LA GARE",,,Plein jour,En agglomération,Hors intersection,Normale,Deux véhicules - arrière,,,,,,,,,,,1,2,1,1.0,2
201300027101,0013-05-30 08:45:00,13,5,30,8,45,440,109,"., BD MARTYRS N. DE LA R",,,Plein jour,En agglomération,Autre intersection,Temps couvert,Autre collision,,,,,,,,,,,1,2,9,8.0,6
201300027102,0013-05-29 07:45:00,13,5,29,7,45,440,109,"., BOULEVARD GUY MOLLET",,,Plein jour,En agglomération,Hors intersection,Normale,Sans collision,,,,,,,,,,,1,2,1,1.0,7
201300027103,0013-06-01 20:20:00,13,6,1,20,20,440,143,"0, PERIPHERIQUE",,,Plein jour,En agglomération,Hors intersection,Normale,Autre collision,,,,,,,,,,,1,2,1,1.0,6
201300027104,0013-06-01 18:54:00,13,6,1,18,54,440,143,RUE DES SORINIERES,,,Plein jour,En agglomération,Hors intersection,Normale,Deux véhicules - arrière,,,,,,,,,,,1,2,1,1.0,2
201300027105,0013-06-01 16:40:00,13,6,1,16,40,440,114,"0, RUE HUBERT DE LA BROS",,,Plein jour,En agglomération,Intersection en T,Normale,Autre collision,,,,,,,,,,,1,2,3,1.0,6
201300027106,0013-06-01 05:10:00,13,6,1,5,10,440,109,"0, RUE DE SAINT DOMINGUE",,,Nuit sans éclairage public,En agglomération,Hors intersection,Normale,Deux véhicules - côté,,,,,,,,,,,3,2,1,1.0,3
201300027107,0013-06-08 03:25:00,13,6,8,3,25,440,109,QUAI PRESIDENT WILSON,,,Nuit avec éclairage allumé,En agglomération,Hors intersection,Normale,Autre collision,,,,,,,,,,,5,2,1,1.0,6
201300027108,0013-06-07 22:25:00,13,6,7,22,25,440,109,LADMIRAULT (PL),,,Nuit sans éclairage public,En agglomération,Hors intersection,Pluie légère,Deux véhicules - côté,,,,,,,,,,,3,2,1,2.0,3
201300027109,0013-06-06 18:10:00,13,6,6,18,10,440,109,PLACE PIRMIL,,,Plein jour,En agglomération,Hors intersection,Normale,Autre collision,,,,,,,,,,,1,2,1,1.0,6
201300027110,0013-06-11 09:00:00,13,6,11,9,0,440,109,"62 ter, BOULEVARD LELASS",,,Plein jour,En agglomération,Hors intersection,Pluie légère,Autre collision,,,,,,,,,,,1,2,1,2.0,6
201300027111,0013-06-11 17:13:00,13,6,11,17,13,440,109,BOULEVARD GABRIEL LAURIO,,,Plein jour,En agglomération,Intersection en T,Pluie légère,Deux véhicules - côté,,,,,,,,,,,1,2,3,2.0,3
201300027112,0013-06-11 08:50:00,13,6,11,8,50,440,109,BOULEVARD PRESIDENT RENE,,,Plein jour,En agglomération,Hors intersection,Pluie légère,Deux véhicules - arrière,,,,,,,,,,,1,2,1,2.0,2
201300027113,0013-06-10 18:20:00,13,6,10,18,20,440,162,AVENUE DES SPORTS,,,Plein jour,En agglomération,Intersection en X,Normale,Autre collision,,,,,,,,,,,1,2,2,1.0,6
201300027114,0013-06-01 07:30:00,13,6,1,7,30,440,109,"00, RUE DE BREA",,,Nuit avec éclairage allumé,En agglomération,Hors intersection,Autre,Autre collision,,,,,,,,,,,5,2,1,9.0,6
201300027115,0013-06-11 17:00:00,13,6,11,17,0,440,109,"., BOULEVARD DU MASSACRE",,,Plein jour,En agglomération,Hors intersection,Autre,Autre collision,,,,,,,,,,,1,2,1,9.0,6
201300027116,0013-06-11 16:50:00,13,6,11,16,50,440,109,"000, RUE ROMAIN ROLLAND",,,Plein jour,En agglomération,Hors intersection,Normale,Autre collision,,,,,,,,,,,1,2,1,1.0,6
201300027117,0013-08-14 15:05:00,13,8,14,15,5,440,109,BOULEVARD JEAN MONNET,,,Plein jour,En agglomération,Hors intersection,Normale,Autre collision,,,,,,,,,,,1,2,1,1.0,6
201300027118,0013-06-16 00:35:00,13,6,16,0,35,440,109,"24, BOULEVARD DE LONGCHA",,,Nuit avec éclairage allumé,En agglomération,Hors intersection,Normale,Autre collision,,,,,,,,,,,5,2,1,1.0,6
201300027119,0013-06-16 00:45:00,13,6,16,0,45,440,109,BOULEVARD DE CARDIFF,,,Nuit avec éclairage allumé,En agglomération,Autre intersection,Normale,Deux véhicules - frontale,,,,,,,,,,,5,2,9,1.0,1
201300027120,0013-06-11 17:20:00,13,6,11,17,20,440,109,"255, BOULEVARD DU MASSAC",,,Plein jour,En agglomération,Hors intersection,Autre,Autre collision,,,,,,,,,,,1,2,1,9.0,6
201300027121,0013-06-15 21:30:00,13,6,15,21,30,440,143,RUE DES OUCHES,,,Plein jour,En agglomération,Hors intersection,Normale,Autre collision,,,,,,,,,,,1,2,1,1.0,6
201300027122,0013-05-31 23:00:00,13,5,31,23,0,440,109,"0, RUE DES DERVALLIERES",,,Nuit avec éclairage allumé,En agglomération,Hors intersection,Normale,Autre collision,,,,,,,,,,,5,2,1,1.0,6
201300027123,0013-06-21 17:08:00,13,6,21,17,8,440,162,"0, AVENUE LOUIS GUILLOUX",,,Plein jour,En agglomération,Autre intersection,Normale,Autre collision,,,,,,,,,,,1,2,9,1.0,6
201300027124,0013-06-25 07:00:00,13,6,25,7,0,440,109,BOULEVARD DE LA LIBERTE,,,Plein jour,En agglomération,Intersection en X,Normale,Autre collision,,,,,,,,,,,1,2,2,1.0,6
201300027125,0013-06-25 15:10:00,13,6,25,15,10,440,143,"24, RUE GEORGES BARBEAU",,,Plein jour,En agglomération,Hors intersection,Normale,Autre collision,,,,,,,,,,,1,2,1,1.0,6
201300027126,0013-06-25 15:15:00,13,6,25,15,15,440,109,"., BOULEVARD MARTIN LUTH",,,Plein jour,En agglomération,Hors intersection,Normale,Sans collision,,,,,,,,,,,1,2,1,1.0,7
201300027127,0013-06-26 12:43:00,13,6,26,12,43,440,109,"0, BOULEVARD JULES VERNE",,,Plein jour,En agglomération,Hors intersection,Normale,Autre collision,,,,,,,,,,,1,2,1,1.0,6
201300027128,0013-06-23 16:25:00,13,6,23,16,25,440,109,"15, RUE DU BOUILLON",,,Plein jour,En agglomération,Hors intersection,Normale,Autre collision,,,,,,,,,,,1,2,1,1.0,6
201300027129,0013-06-27 15:50:00,13,6,27,15,50,440,190,ROUTE DE CLISSON,,,Plein jour,En agglomération,Hors intersection,Normale,Autre collision,,,,,,,,,,,1,2,1,1.0,6
201300027130,0013-06-22 09:20:00,13,6,22,9,20,440,162,"0, BOULEVARD FRANCOIS MI",,,Plein jour,En agglomération,Giratoire,Normale,Autre collision,,,,,,,,,,,1,2,6,1.0,6
201300027131,0013-06-28 11:45:00,13,6,28,11,45,440,109,", PONT DE CHEVIRE",,,Plein jour,En agglomération,Hors intersection,Normale,Trois véhicules et plus - collisions multiples,,,,,,,,,,,1,2,1,1.0,5
201300027132,0013-07-02 15:50:00,13,7,2,15,50,440,109,BOULEVARD PRESIDENT RENE,,,Plein jour,En agglomération,Hors intersection,Normale,Deux véhicules - côté,,,,,,,,,,,1,2,1,1.0,3
201300027133,0013-07-03 06:55:00,13,7,3,6,55,440,109,ROUTE DE PARIS,,,Crépuscule ou aube,En agglomération,Intersection en X,Pluie légère,Autre collision,,,,,,,,,,,2,2,2,2.0,6
201300027134,0013-04-02 07:45:00,13,4,2,7,45,440,143,QUAI MARCEL BOISSARD,,,Plein jour,En agglomération,Hors intersection,Normale,Autre collision,,,,,,,,,,,1,2,1,1.0,6
201300027135,0013-07-05 06:25:00,13,7,5,6,25,440,109,"8, BOULEVARD ALBERT EINS",,,Plein jour,En agglomération,Hors intersection,Normale,Autre collision,,,,,,,,,,,1,2,1,1.0,6
201300027136,0013-07-08 18:40:00,13,7,8,18,40,440,109,BOULEVARD DE LA PRAIRIE,,,Plein jour,Hors agglomération,Hors intersection,Normale,Deux véhicules - côté,,,,,,,,,,,1,1,1,1.0,3
201300027137,0013-07-09 18:40:00,13,7,9,18,40,440,109,RUE DES RENARDS,,,Plein jour,En agglomération,Intersection en T,Normale,Autre collision,,,,,,,,,,,1,2,3,1.0,6
201300027138,0013-07-10 20:55:00,13,7,10,20,55,440,109,BOULEVARD DES AMERICAINS,,,Plein jour,En agglomération,Intersection en T,Normale,Autre collision,,,,,,,,,,,1,2,3,1.0,6
201300027139,0013-07-10 19:10:00,13,7,10,19,10,440,109,"0, RUE DE LA COULEE",,,Plein jour,En agglomération,Hors intersection,Normale,Autre collision,,,,,,,,,,,1,2,1,1.0,6
201300027140,0013-07-12 16:25:00,13,7,12,16,25,440,109,"0, BOULEVARD LEON BUREAU",,,Plein jour,En agglomération,Hors intersection,Normale,Autre collision,,,,,,,,,,,1,2,1,1.0,6
201300027141,0013-07-05 15:15:00,13,7,5,15,15,440,162,"., BOULEVARD SALVADOR AL",,,Plein jour,En agglomération,Hors intersection,Normale,Deux véhicules - arrière,,,,,,,,,,,1,2,1,1.0,2
201300027142,0013-07-16 09:24:00,13,7,16,9,24,440,109,COURS JOHN KENNEDY,,,Plein jour,En agglomération,Hors intersection,Normale,Deux véhicules - frontale,,,,,,,,,,,1,2,1,1.0,1
201300027143,0013-07-08 09:50:00,13,7,8,9,50,440,109,"00, BOULEVARD JEAN INGRE",,,Plein jour,En agglomération,Hors intersection,Normale,Autre collision,,,,,,,,,,,1,2,1,1.0,6
201300027144,0013-07-18 09:55:00,13,7,18,9,55,440,162,"., BOULEVARD FRANCOIS MI",,,Plein jour,En agglomération,Giratoire,Normale,Deux véhicules - côté,,,,,,,,,,,1,2,6,1.0,3
201300027145,0013-07-17 21:50:00,13,7,17,21,50,440,109,"0, BOULEVARD JULES VERNE",,,Plein jour,En agglomération,Hors intersection,Normale,Autre collision,,,,,,,,,,,1,2,1,1.0,6
201300027146,0013-07-23 12:20:00,13,7,23,12,20,440,109,BOULEVARD DE CARDIFF,,,Plein jour,En agglomération,Autre intersection,Normale,Deux véhicules - côté,,,,,,,,,,,1,2,9,1.0,3
201300027147,0013-07-22 14:00:00,13,7,22,14,0,440,114,PERIPHERIQUE ROUTIER,,,Plein jour,En agglomération,Hors intersection,Normale,Autre collision,,,,,,,,,,,1,2,1,1.0,6
201300027148,0013-07-21 18:05:00,13,7,21,18,5,440,190,RUE DE LA CROIX BINE,,,Plein jour,En agglomération,Hors intersection,Normale,Autre collision,,,,,,,,,,,1,2,1,1.0,6
201300027149,0013-07-27 14:15:00,13,7,27,14,15,440,109,BOULEVARD HENRY ORRION,,,Plein jour,En agglomération,Intersection en X,Pluie forte,Deux véhicules - côté,,,,,,,,,,,1,2,2,3.0,3
201300027150,0013-07-25 13:50:00,13,7,25,13,50,440,109,"0, PONT WILLY BRANDT",,,Plein jour,En agglomération,Hors intersection,Normale,Autre collision,,,,,,,,,,,1,2,1,1.0,6
201300027151,0013-08-05 21:00:00,13,8,5,21,0,440,109,BOULEVARD LELASSEUR,,,Plein jour,En agglomération,Hors intersection,Normale,Deux véhicules - arrière,,,,,,,,,,,1,2,1,1.0,2
201300027152,0013-08-01 21:00:00,13,8,1,21,0,440,190,"0, BOULEVARD DES PAS ENC",,,Plein jour,En agglomération,Hors intersection,Normale,Autre collision,,,,,,,,,,,1,2,1,1.0,6
201300027153,0013-08-04 07:06:00,13,8,4,7,6,440,162,AVENUE DES THEBAUDIERES,,,Plein jour,En agglomération,Hors intersection,Normale,Autre collision,,,,,,,,,,,1,2,1,1.0,6
201300027154,0013-08-06 23:17:00,13,8,6,23,17,440,109,"0, RUE MARECHAL JOFFRE",,,Nuit avec éclairage allumé,En agglomération,Intersection en T,Normale,Autre collision,,,,,,,,,,,5,2,3,1.0,6
201300027155,0013-08-08 13:00:00,13,8,8,13,0,440,109,"2, PLACE DU 11IEME TRAIN",,,Plein jour,En agglomération,Hors intersection,Normale,Autre collision,,,,,,,,,,,1,2,1,1.0,6