accident_id,datetime,annee,mois,jour,heure,minute,departement,commune_insee,adresse,latitude,longitude,luminosite,agglomeration,intersection,meteo,collision,nb_vehicules,nb_usagers,nb_indemnes,nb_tues,nb_blesses_hosp,nb_blesses_legers,age_cond_1,age_cond_2,veh_type_cond_1,veh_type_cond_2,lum_code,agg_code,int_code,atm_code,col_code
201300027537,0013-08-19 19:25:00,13,8,19,19,25,450,234,R BOEUF ST PATERNE/CHAPP,47.90622,1.9007,Plein jour,En agglomération,Intersection en X,Normale,Deux véhicules - côté,,,,,,,,,,,1,2,2,1.0,3
201300027538,0013-08-18 11:39:00,13,8,18,11,39,450,308,TANGENTIELLE OU PENETRAN,,,Plein jour,Hors agglomération,Hors intersection,Normale,Trois véhicules et plus - en chaîne,,,,,,,,,,,1,1,1,1.0,4
201300027539,0013-09-05 21:15:00,13,9,5,21,15,450,234,AV JEAN ZAY/BD MARIE STU,47.91171,1.92305,Nuit avec éclairage allumé,En agglomération,Intersection en X,Normale,Deux véhicules - frontale,,,,,,,,,,,5,2,2,1.0,1
201300027540,0013-09-08 20:45:00,13,9,8,20,45,450,234,68 QUAI MADELEINE,47.89804,1.87863,Nuit avec éclairage allumé,En agglomération,Hors intersection,Normale,Deux véhicules - arrière,,,,,,,,,,,5,2,1,1.0,2
201300027541,0013-10-01 18:50:00,13,10,1,18,50,450,234,6 BD ROCHEPLATTE,47.90479,1.89741,Crépuscule ou aube,En agglomération,Hors intersection,Pluie légère,Deux véhicules - arrière,,,,,,,,,,,2,2,1,2.0,2
201300027542,0013-10-02 22:40:00,13,10,2,22,40,450,234,9 BIS AV JEAN ZAY,47.90445,1.91698,Nuit avec éclairage allumé,En agglomération,Hors intersection,Normale,Autre collision,,,,,,,,,,,5,2,1,1.0,6
201300027543,0013-10-04 15:50:00,13,10,4,15,50,450,234,16 BD MARIE STUART,47.91202,1.91948,Plein jour,En agglomération,Hors intersection,Normale,Deux véhicules - côté,,,,,,,,,,,1,2,1,1.0,3
201300027544,0013-10-07 07:15:00,13,10,7,7,15,450,234,R E.ZOLA //GARE ROUTIERE,47.90902,1.90739,Nuit sans éclairage public,En agglomération,Hors intersection,Normale,Autre collision,,,,,,,,,,,3,2,1,1.0,6
201300027545,0013-10-04 07:45:00,13,10,4,7,45,450,147,R FG BANNIER,,,Plein jour,En agglomération,Hors intersection,Normale,Autre collision,,,,,,,,,,,1,2,1,1.0,6
201300027546,0013-10-11 17:20:00,13,10,11,17,20,450,234,RN 20 (ROUTE NATIONALE 2,,,Plein jour,En agglomération,Hors intersection,Pluie légère,Trois véhicules et plus - en chaîne,,,,,,,,,,,1,2,1,2.0,4
201300027547,0013-10-17 11:05:00,13,10,17,11,5,450,147,AV ORADOUR GLANE/MERMOZ,47.93257,1.92834,Plein jour,En agglomération,Giratoire,Normale,Deux véhicules - côté,,,,,,,,,,,1,2,6,1.0,3
201300027548,0013-10-19 04:30:00,13,10,19,4,30,450,285,AV G.CLEMENCEAU/PT ESPER,47.89691,1.86492,Nuit avec éclairage allumé,En agglomération,Intersection en T,Normale,Deux véhicules - côté,,,,,,,,,,,5,2,3,1.0,3
201300027549,0013-10-21 10:30:00,13,10,21,10,30,450,234,18 R MOUILLERE,47.88697,1.90693,Plein jour,En agglomération,Hors intersection,Normale,Autre collision,,,,,,,,,,,1,2,1,1.0,6
201300027550,0013-11-03 17:48:00,13,11,3,17,48,450,234,AV MONTESQUIEU/VOLTAIRE,47.83489,1.93705,Crépuscule ou aube,En agglomération,Giratoire,Normale,Deux véhicules - côté,,,,,,,,,,,2,2,6,1.0,3
201300027551,0013-11-07 19:05:00,13,11,7,19,5,450,232,RD 2271,47.84247,1.89793,Nuit sans éclairage public,Hors agglomération,Hors intersection,Normale,Deux véhicules - frontale,,,,,,,,,,,3,1,1,1.0,1
201300027552,0013-11-07 20:33:00,13,11,7,20,33,450,234,71 AU 77 FG BOURGOGNE,47.90227,1.92624,Nuit avec éclairage allumé,En agglomération,Hors intersection,Pluie légère,Trois véhicules et plus - collisions multiples,,,,,,,,,,,5,2,1,2.0,5
201300027553,0013-11-14 09:04:00,13,11,14,9,4,450,234,PL DU 6 JUIN 1944,47.90415,1.91778,Plein jour,En agglomération,Hors intersection,Normale,Autre collision,,,,,,,,,,,1,2,1,1.0,6
201300027554,0013-11-22 16:32:00,13,11,22,16,32,450,234,R F RABIER/EMILE DAVOUST,47.90382,1.90978,Plein jour,En agglomération,Intersection en X,Normale,Deux véhicules - côté,,,,,,,,,,,1,2,2,1.0,3
201300027555,0013-11-29 17:05:00,13,11,29,17,5,450,75,4 RTE NATIONALE,47.89072,1.84008,Crépuscule ou aube,En agglomération,Hors intersection,Pluie légère,Deux véhicules - arrière,,,,,,,,,,,2,2,1,2.0,2
201300027556,0013-12-04 18:35:00,13,12,4,18,35,450,234,Q PRAGUE/R PORTEREAU,47.89472,1.90301,Nuit avec éclairage allumé,En agglomération,Intersection en X,Normale,Deux véhicules - arrière,,,,,,,,,,,5,2,2,1.0,2
201300027557,0013-12-06 17:00:00,13,12,6,17,0,450,234,134 BD CHATEAUDUN,47.91423,1.89617,Crépuscule ou aube,En agglomération,Hors intersection,Normale,Deux véhicules - arrière,,,,,,,,,,,2,2,1,1.0,2
201300027558,0013-12-12 11:30:00,13,12,12,11,30,450,284,AV PAIX/R MOTTE LUQUET,47.91286,1.95907,Plein jour,En agglomération,Intersection en X,Normale,Deux véhicules - côté,,,,,,,,,,,1,2,2,1.0,3
201300027559,0013-12-19 10:55:00,13,12,19,10,55,450,234,R BRILLAT SAVARIN,47.97496,1.91196,Plein jour,En agglomération,Hors intersection,Normale,Autre collision,,,,,,,,,,,1,2,1,1.0,6
201300027560,0013-12-19 13:15:00,13,12,19,13,15,450,234,"25, BOLIERE (RUE DE LA)",,,Plein jour,Hors agglomération,Hors intersection,Normale,Deux véhicules - côté,,,,,,,,,,,1,1,1,1.0,3
201300027561,0013-12-20 12:09:00,13,12,20,12,9,450,234,"62, MARNE (AVENUE DE LA)",,,Plein jour,En agglomération,Hors intersection,Normale,Autre collision,,,,,,,,,,,1,2,1,1.0,6
201300027562,0013-01-09 16:45:00,13,1,9,16,45,460,42,TOULOUSE (ROUTE DE),44.42149,1.43919,Crépuscule ou aube,En agglomération,Hors intersection,Pluie légère,Deux véhicules - côté,,,,,,,,,,,2,2,1,2.0,3
201300027563,0013-05-17 17:25:00,13,5,17,17,25,460,95,"42, DEPARTEMENTALE N? 81",44.51297,1.36919,Plein jour,En agglomération,Hors intersection,Normale,Deux véhicules - arrière,,,,,,,,,,,1,2,1,1.0,2
201300027564,0013-05-24 15:55:00,13,5,24,15,55,460,42,25 RueP. MENDES-FRANCE,44.45149,1.43981,Plein jour,En agglomération,Hors intersection,Normale,Sans collision,,,,,,,,,,,1,2,1,1.0,7
201300027565,0013-08-17 10:36:00,13,8,17,10,36,460,42,"474, BASTIE (AVENUE MARY",44.458,1.42548,Plein jour,En agglomération,Hors intersection,Normale,Autre collision,,,,,,,,,,,1,2,1,1.0,6
201300027566,0013-09-02 09:49:00,13,9,2,9,49,460,42,"13, GAMBETTA (BOULEVARD",44.45104,1.44006,Plein jour,En agglomération,Autre intersection,Normale,Autre collision,,,,,,,,,,,1,2,9,1.0,6
201300027567,0013-10-01 10:50:00,13,10,1,10,50,460,42,"182, CAVAIGNAC (QUAI EUG",44.44182,1.44009,Plein jour,En agglomération,Hors intersection,Normale,Autre collision,,,,,,,,,,,1,2,1,1.0,6
201300027568,0013-10-02 11:55:00,13,10,2,11,55,460,42,"33, ROUSSEAU (PLACE CLAU",44.44734,1.44226,Plein jour,En agglomération,Autre intersection,Normale,Sans collision,,,,,,,,,,,1,2,9,1.0,7
201300027569,0013-10-24 10:05:00,13,10,24,10,5,460,42,ROUSSEAU (PLACE CLAUDE),44.44483,1.44373,Plein jour,En agglomération,Hors intersection,Normale,Sans collision,,,,,,,,,,,1,2,1,1.0,7
201300027570,0013-11-04 17:30:00,13,11,4,17,30,460,42,"4, SEGUR D'AGUESSEAU (QU",44.44557,1.44539,Plein jour,En agglomération,Hors intersection,Pluie forte,Autre collision,,,,,,,,,,,1,2,1,3.0,6
201300027571,0013-11-09 18:15:00,13,11,9,18,15,460,42,D?partementale 811 (entr,44.4867,1.40887,Nuit sans éclairage public,Hors agglomération,Hors intersection,Pluie légère,Sans collision,,,,,,,,,,,3,1,1,2.0,7
201300027572,0013-12-08 06:50:00,13,12,8,6,50,460,224,"""FLOTTES EST  """"LIEU-DIT",44.44026,1.37135,Nuit sans éclairage public,Hors agglomération,Hors intersection,Brouillard / fumée,Autre collision,,,,,,,,,,,3,1,1,5.0,6
201300027573,0013-01-13 09:30:00,13,1,13,9,30,470,32,ALBERT CAMUS (avenue),,,Plein jour,En agglomération,Hors intersection,Normale,Autre collision,,,,,,,,,,,1,2,1,1.0,6
201300027574,0013-11-20 18:30:00,13,11,20,18,30,470,201,MARNE (AV. DE LA),,,Nuit avec éclairage allumé,En agglomération,Hors intersection,Pluie légère,Autre collision,,,,,,,,,,,5,2,1,2.0,6
201300027575,0013-12-04 18:00:00,13,12,4,18,0,470,1,AQUITAINE (AV. D'),,,Nuit sans éclairage public,En agglomération,Hors intersection,Brouillard / fumée,Deux véhicules - côté,,,,,,,,,,,3,2,1,5.0,3
201300027576,0013-12-17 08:00:00,13,12,17,8,0,470,1,MONTAIGNE (RUE),,,Plein jour,En agglomération,Intersection en X,Normale,Deux véhicules - côté,,,,,,,,,,,1,2,2,1.0,3
201300027577,0013-12-26 11:05:00,13,12,26,11,5,470,1,"69, LIBERTE (BOULEVARD D",,,Plein jour,En agglomération,Hors intersection,Pluie légère,Autre collision,,,,,,,,,,,1,2,1,2.0,6
201300027578,0013-02-11 18:00:00,13,2,11,18,0,470,1,14 JUILLET (COURS DU),,,Crépuscule ou aube,En agglomération,Place,Pluie forte,Autre collision,,,,,,,,,,,2,2,7,3.0,6
201300027579,0013-02-11 17:40:00,13,2,11,17,40,470,1,SCHUMANN (AV. ROBERT),,,Crépuscule ou aube,En agglomération,Hors intersection,Pluie forte,Autre collision,,,,,,,,,,,2,2,1,3.0,6
201300027580,0013-03-13 12:46:00,13,3,13,12,46,470,1,GAILLARD (AV. ET PONT DE,44.2105,0.62922,Plein jour,En agglomération,Hors intersection,Temps couvert,Deux véhicules - frontale,,,,,,,,,,,1,2,1,8.0,1
201300027581,0013-03-21 09:15:00,13,3,21,9,15,470,1,LIBERTE (BOULEVARD DE LA,44.1976,0.6205,Plein jour,En agglomération,Hors intersection,Normale,Trois véhicules et plus - collisions multiples,,,,,,,,,,,1,2,1,1.0,5
201300027582,0013-04-08 12:10:00,13,4,8,12,10,470,1,CARNOT (BD DU PRESIDENT),44.2038,0.62075,Plein jour,En agglomération,Hors intersection,Normale,Deux véhicules - côté,,,,,,,,,,,1,2,1,1.0,3
201300027583,0013-04-12 12:15:00,13,4,12,12,15,470,1,"89, DELPECH (AV. GEORGES",44.2129,0.60697,Plein jour,En agglomération,Intersection en T,Temps couvert,Deux véhicules - côté,,,,,,,,,,,1,2,3,8.0,3
201300027584,0013-04-28 11:10:00,13,4,28,11,10,470,201,LIMPORT (CHEMIN DU),44.2109,0.58717,Plein jour,En agglomération,Intersection en T,Normale,Deux véhicules - côté,,,,,,,,,,,1,2,3,1.0,3
201300027585,0013-06-02 10:25:00,13,6,2,10,25,470,31,NOGUES (Avenue du),,,Plein jour,En agglomération,Hors intersection,Normale,Deux véhicules - frontale,,,,,,,,,,,1,2,1,1.0,1
201300027586,0013-06-03 17:30:00,13,6,3,17,30,470,1,DUMON (BD SYLVAIN),,,Plein jour,En agglomération,Hors intersection,Normale,Autre collision,,,,,,,,,,,1,2,1,1.0,6
201300027587,0013-06-07 13:20:00,13,6,7,13,20,470,1,"103, JAURES (AV. JEAN)",,,Plein jour,En agglomération,Hors intersection,Normale,Deux véhicules - côté,,,,,,,,,,,1,2,1,1.0,3
201300027588,0013-06-14 12:55:00,13,6,14,12,55,470,201,PYRENEES (AVENUE DES),,,Plein jour,En agglomération,Intersection en X,Pluie légère,Deux véhicules - côté,,,,,,,,,,,1,2,2,2.0,3
201300027589,0013-06-20 16:50:00,13,6,20,16,50,470,1,CARNOT (BD DU PRESIDENT),,,Plein jour,En agglomération,Intersection en T,Normale,Deux véhicules - côté,,,,,,,,,,,1,2,3,1.0,3
201300027590,0013-07-02 15:20:00,13,7,2,15,20,470,201,"1, CONDOM(ROUTE DE)",,,Plein jour,En agglomération,Intersection en T,Temps éblouissant,Deux véhicules - côté,,,,,,,,,,,1,2,3,7.0,3
201300027591,0013-07-03 12:43:00,13,7,3,12,43,470,1,14 JUILLET (COURS DU),,,Plein jour,En agglomération,Hors intersection,Normale,Deux véhicules - côté,,,,,,,,,,,1,2,1,1.0,3
201300027592,0013-07-18 10:50:00,13,7,18,10,50,470,201,VERDUN (AVENUE DE),,,Plein jour,En agglomération,Hors intersection,Normale,Autre collision,,,,,,,,,,,1,2,1,1.0,6
201300027593,0013-07-29 13:25:00,13,7,29,13,25,470,1,GAMBETTA (COURS),,,Plein jour,En agglomération,Hors intersection,Normale,Deux véhicules - côté,,,,,,,,,,,1,2,1,1.0,3
201300027594,0013-08-08 22:50:00,13,8,8,22,50,470,32,"1816, SAINTE RADEGONDE",,,Nuit sans éclairage public,Hors agglomération,Hors intersection,Normale,Autre collision,,,,,,,,,,,3,1,1,1.0,6
201300027595,0013-08-12 10:27:00,13,8,12,10,27,470,1,ANCIENS COMBATTANTS AFN,,,Plein jour,En agglomération,Giratoire,Normale,Deux véhicules - arrière,,,,,,,,,,,1,2,6,1.0,2
201300027596,0013-08-13 11:00:00,13,8,13,11,0,470,1,DONNEFORT (PONT DE),,,Plein jour,En agglomération,Hors intersection,Normale,Sans collision,,,,,,,,,,,1,2,1,1.0,7
201300027597,0013-08-16 17:15:00,13,8,16,17,15,470,1,COLMAR (AV. DE),,,Plein jour,En agglomération,Hors intersection,Normale,Deux véhicules - côté,,,,,,,,,,,1,2,1,1.0,3
201300027598,0013-08-19 16:00:00,13,8,19,16,0,470,1,CASSIN (RUE RENE),,,Plein jour,En agglomération,Hors intersection,Normale,Deux véhicules - côté,,,,,,,,,,,1,2,1,1.0,3
201300027599,0013-08-30 09:15:00,13,8,30,9,15,470,1,LOTI (PLACE PIERRE),,,Plein jour,En agglomération,Hors intersection,Normale,Autre collision,,,,,,,,,,,1,2,1,1.0,6
201300027600,0013-09-16 13:15:00,13,9,16,13,15,470,1,PELLETAN (BOULEVARD EUGE,,,Plein jour,En agglomération,Hors intersection,Pluie légère,Autre collision,,,,,,,,,,,1,2,1,2.0,6
201300027601,0013-10-21 13:01:00,13,10,21,13,1,470,32,rue pierre de coubertin,,,Plein jour,En agglomération,Intersection en X,Normale,Deux véhicules - côté,,,,,,,,,,,1,2,2,1.0,3
201300027602,0013-10-29 09:20:00,13,10,29,9,20,470,1,BAUDIN (QUAI),,,Plein jour,En agglomération,Intersection en T,Normale,Deux véhicules - côté,,,,,,,,,,,1,2,3,1.0,3
201300027603,0013-01-10 17:05:00,13,1,10,17,5,470,323,"242, CASSENEUIL(ROUTE DE",,,Nuit sans éclairage public,Hors agglomération,Hors intersection,Pluie forte,Autre collision,,,,,,,,,,,3,1,1,3.0,6
201300027604,0013-03-28 14:20:00,13,3,28,14,20,470,323,"34, MICHAUD (RUE VICTOR)",44.418,0.72532,Plein jour,En agglomération,Hors intersection,Pluie légère,Deux véhicules - côté,,,,,,,,,,,1,2,1,2.0,3
201300027605,0013-04-02 14:10:00,13,4,2,14,10,470,27,"8, CAMI DE PASTOUREL (LI",44.4044,0.69043,Plein jour,En agglomération,Hors intersection,Normale,Deux véhicules - frontale,,,,,,,,,,,1,2,1,1.0,1
201300027606,0013-05-23 08:15:00,13,5,23,8,15,470,323,"37, MYRE MORY (AVENUE)",44.4113,0.71563,Plein jour,En agglomération,Intersection en Y,Normale,Autre collision,,,,,,,,,,,1,2,4,1.0,6
201300027607,0013-06-13 14:45:00,13,6,13,14,45,470,323,PEQUES,,,Plein jour,Hors agglomération,Hors intersection,Pluie forte,Deux véhicules - arrière,,,,,,,,,,,1,1,1,3.0,2
201300027608,0013-06-24 11:45:00,13,6,24,11,45,470,323,"5, LEYGUES (BLVD GEORGES",,,Plein jour,En agglomération,Intersection en X,Normale,Deux véhicules - côté,,,,,,,,,,,1,2,2,1.0,3
201300027609,0013-07-07 06:20:00,13,7,7,6,20,470,323,"14, MARES (RUE DE)",,,Plein jour,En agglomération,Intersection en T,Normale,Autre collision,,,,,,,,,,,1,2,3,1.0,6
201300027610,0013-07-11 11:55:00,13,7,11,11,55,470,323,HUGO(COURS VICTOR),,,Plein jour,En agglomération,Hors intersection,Normale,Autre collision,,,,,,,,,,,1,2,1,1.0,6
201300027611,0013-07-16 08:40:00,13,7,16,8,40,470,323,"21, AGEN (RUE D')",,,Plein jour,En agglomération,Hors intersection,Normale,Autre collision,,,,,,,,,,,1,2,1,1.0,6
201300027612,0013-07-17 18:25:00,13,7,17,18,25,470,323,ROUTE NATIONALE 21,,,Plein jour,Hors agglomération,Hors intersection,Normale,Deux véhicules - côté,,,,,,,,,,,1,1,1,1.0,3
201300027613,0013-07-19 12:10:00,13,7,19,12,10,470,27,RD 236,,,Plein jour,Hors agglomération,Hors intersection,Normale,Sans collision,,,,,,,,,,,1,1,1,1.0,7
201300027614,0013-08-13 14:55:00,13,8,13,14,55,470,323,ROUTE NATIONALE 21,,,Plein jour,Hors agglomération,Hors intersection,Normale,Deux véhicules - côté,,,,,,,,,,,1,1,1,1.0,3
201300027615,0013-08-22 18:30:00,13,8,22,18,30,470,27,BORDEAUX (avenue de),,,Plein jour,En agglomération,Hors intersection,Normale,Autre collision,,,,,,,,,,,1,2,1,1.0,6
201300027616,0013-10-14 17:50:00,13,10,14,17,50,470,27,BORDEAUX (avenue de),,,Plein jour,En agglomération,Hors intersection,Normale,Sans collision,,,,,,,,,,,1,2,1,1.0,7
201300027617,0013-10-24 12:30:00,13,10,24,12,30,470,323,"04, LAFON (RUE ERNEST)",,,Plein jour,En agglomération,Intersection en X,Normale,Deux véhicules - côté,,,,,,,,,,,1,2,2,1.0,3
201300027618,0013-10-26 19:40:00,13,10,26,19,40,470,323,FUMEL(AVENUE DE ),,,Nuit avec éclairage allumé,En agglomération,Intersection en T,Normale,Deux véhicules - côté,,,,,,,,,,,5,2,3,1.0,3
201300027619,0013-11-09 17:25:00,13,11,9,17,25,470,323,"34, BIAS (AVENUE DE)",,,Nuit avec éclairage allumé,En agglomération,Hors intersection,Pluie légère,Deux véhicules - côté,,,,,,,,,,,5,2,1,2.0,3
201300027620,0013-12-07 18:10:00,13,12,7,18,10,470,27,BORDEAUX (avenue de),,,Nuit avec éclairage allumé,En agglomération,Hors intersection,Normale,Sans collision,,,,,,,,,,,5,2,1,1.0,7
201300027621,0013-01-29 18:30:00,13,1,29,18,30,480,95,"19bis, FOCH (AVENUE)",44.51817,3.49437,Nuit avec éclairage allumé,En agglomération,Hors intersection,Normale,Autre collision,,,,,,,,,,,5,2,1,1.0,6
201300027622,0013-07-04 14:35:00,13,7,4,14,35,480,95,RD 25,44.50901,3.50951,Plein jour,Hors agglomération,Hors intersection,Normale,Autre collision,,,,,,,,,,,1,1,1,1.0,6
201300027623,0013-09-23 07:25:00,13,9,23,7,25,480,95,"44 bis, ONZE NOVEMBRE (A",44.5239,3.48303,Plein jour,En agglomération,Hors intersection,Normale,Deux véhicules - côté,,,,,,,,,,,1,2,1,1.0,3
201300027624,0013-11-12 08:55:00,13,11,12,8,55,480,95,"23, ROUBEYROLLE (QUAI PE",,,Plein jour,En agglomération,Hors intersection,Normale,Sans collision,,,,,,,,,,,1,2,1,1.0,7
201300027625,0013-11-15 17:30:00,13,11,15,17,30,480,95,FOCH (AVENUE),,,Nuit avec éclairage allumé,En agglomération,Hors intersection,Neige / grêle,Autre collision,,,,,,,,,,,5,2,1,4.0,6
201300027626,0013-01-02 20:01:00,13,1,2,20,1,490,7,"0, TOUSSAINT RUE ET IMPA",47.46961,-0.55555,Nuit avec éclairage allumé,En agglomération,Intersection en T,Normale,Deux véhicules - côté,,,,,,,,,,,5,2,3,1.0,3
201300027627,0013-01-05 15:50:00,13,1,5,15,50,490,7,DUNANT BOULEVARD,47.48335,-0.52677,Plein jour,En agglomération,Intersection en X,Normale,Deux véhicules - côté,,,,,,,,,,,1,2,2,1.0,3
201300027628,0013-01-07 07:44:00,13,1,7,7,44,490,7,COUBERTIN BOULEVARD,47.4642,-0.53148,Crépuscule ou aube,En agglomération,Giratoire,Normale,Deux véhicules - côté,,,,,,,,,,,2,2,6,1.0,3
201300027629,0013-01-05 14:53:00,13,1,5,14,53,490,7,PASCAL RUE ET PASSAGE,47.45783,-0.53911,Plein jour,En agglomération,Intersection en T,Normale,Deux véhicules - côté,,,,,,,,,,,1,2,3,1.0,3
201300027630,0013-01-07 19:07:00,13,1,7,19,7,490,7,"0, GAMBETTA",47.47564,-0.55459,Nuit avec éclairage allumé,Hors agglomération,Hors intersection,Normale,Deux véhicules - côté,,,,,,,,,,,5,1,1,1.0,3
201300027631,0013-01-04 14:40:00,13,1,4,14,40,490,15,"0, MENDES FRANCE AVENUE",47.50208,-0.58504,Plein jour,En agglomération,Hors intersection,Normale,Deux véhicules - arrière,,,,,,,,,,,1,2,1,1.0,2
201300027632,0013-01-14 00:26:00,13,1,14,0,26,490,7,"35, SAINT NICOLAS",47.47465,-0.56391,Nuit avec éclairage allumé,En agglomération,Hors intersection,Normale,Autre collision,,,,,,,,,,,5,2,1,1.0,6
201300027633,0013-01-11 08:35:00,13,1,11,8,35,490,246,"0, PONTS DE CE",47.44074,-0.49853,Plein jour,En agglomération,Giratoire,Normale,Deux véhicules - arrière,,,,,,,,,,,1,2,6,1.0,2
201300027634,0013-01-11 18:39:00,13,1,11,18,39,490,267,"0, GEMMETRIE",47.46114,-0.48988,Nuit avec éclairage allumé,En agglomération,Intersection en T,Normale,Deux véhicules - côté,,,,,,,,,,,5,2,3,1.0,3
201300027635,0013-01-12 16:01:00,13,1,12,16,1,490,7,"0, HAUTE DES BANCHAIS",47.48579,-0.51119,Plein jour,En agglomération,Giratoire,Normale,Deux véhicules - côté,,,,,,,,,,,1,2,6,1.0,3
201300027636,0013-01-15 13:42:00,13,1,15,13,42,490,15,ADEZIERE ROUTE,47.50306,-0.61076,Plein jour,Hors agglomération,Hors intersection,Normale,Autre collision,,,,,,,,,,,1,1,1,1.0,6
201300027637,0013-01-17 13:34:00,13,1,17,13,34,490,7,"17, PLANTAGENET",47.47297,-0.55506,Plein jour,En agglomération,Hors intersection,Normale,Autre collision,,,,,,,,,,,1,2,1,1.0,6
201300027638,0013-01-17 16:05:00,13,1,17,16,5,490,7,"83, LETANDUERE",47.45704,-0.55391,Plein jour,En agglomération,Hors intersection,Normale,Autre collision,,,,,,,,,,,1,2,1,1.0,6
201300027639,0013-01-19 14:42:00,13,1,19,14,42,490,267,A87N,47.46956,-0.51298,Plein jour,Hors agglomération,Hors intersection,Pluie légère,Sans collision,,,,,,,,,,,1,1,1,2.0,7
201300027640,0013-01-19 15:25:00,13,1,19,15,25,490,7,CHATENAY AVENUE VICTOR,47.48597,-0.51469,Plein jour,En agglomération,Hors intersection,Normale,Deux véhicules - arrière,,,,,,,,,,,1,2,1,1.0,2
201300027641,0013-01-21 06:29:00,13,1,21,6,29,490,7,"04, TRAQUETTE",47.48101,-0.56726,Nuit avec éclairage allumé,En agglomération,Hors intersection,Pluie légère,Deux véhicules - côté,,,,,,,,,,,5,2,1,2.0,3
201300027642,0013-01-22 19:59:00,13,1,22,19,59,490,7,"58, STRASBOURG BOULEVARD",47.45789,-0.55641,Nuit avec éclairage allumé,En agglomération,Hors intersection,Pluie légère,Autre collision,,,,,,,,,,,5,2,1,2.0,6
201300027643,0013-01-23 06:20:00,13,1,23,6,20,490,246,A87N,47.42358,-0.5038,Nuit avec éclairage allumé,Hors agglomération,Hors intersection,Normale,Trois véhicules et plus - en chaîne,,,,,,,,,,,5,1,1,1.0,4
201300027644,0013-01-23 17:49:00,13,1,23,17,49,490,7,LECOMBRE,47.4595,-0.52151,Nuit avec éclairage allumé,En agglomération,Intersection en X,Normale,Deux véhicules - côté,,,,,,,,,,,5,2,2,1.0,3
201300027645,0013-01-24 10:28:00,13,1,24,10,28,490,7,"0, TARDAT",47.4488,-0.55247,Plein jour,En agglomération,Intersection en X,Normale,Trois véhicules et plus - collisions multiples,,,,,,,,,,,1,2,2,1.0,5
201300027646,0013-01-24 11:30:00,13,1,24,11,30,490,7,PONT NOIR,47.46342,-0.56381,Plein jour,Hors agglomération,Hors intersection,Normale,Autre collision,,,,,,,,,,,1,1,1,1.0,6
201300027647,0013-01-28 10:25:00,13,1,28,10,25,490,7,"0, BLANCHOIN BOULEVARD",47.44616,-0.54399,Plein jour,En agglomération,Hors intersection,Normale,Deux véhicules - arrière,,,,,,,,,,,1,2,1,1.0,2
201300027648,0013-01-29 20:38:00,13,1,29,20,38,490,7,"0, MARIANNE BOULEVARD",47.45257,-0.52408,Nuit avec éclairage allumé,En agglomération,Intersection en X,Normale,Deux véhicules - frontale,,,,,,,,,,,5,2,2,1.0,1
201300027649,0013-01-29 07:45:00,13,1,29,7,45,490,267,GEMMETRIE,47.46133,-0.49442,Nuit avec éclairage allumé,En agglomération,Hors intersection,Pluie légère,Deux véhicules - arrière,,,,,,,,,,,5,2,1,2.0,2
201300027650,0013-01-30 10:30:00,13,1,30,10,30,490,246,LAMARTINE,47.43208,-0.48542,Plein jour,En agglomération,Intersection en T,Pluie légère,Deux véhicules - côté,,,,,,,,,,,1,2,3,2.0,3
201300027651,0013-01-31 08:17:00,13,1,31,8,17,490,7,"0, GARE PLACE",47.46538,-0.55701,Crépuscule ou aube,En agglomération,Hors intersection,Normale,Autre collision,,,,,,,,,,,2,2,1,1.0,6
201300027652,0013-01-31 19:10:00,13,1,31,19,10,490,7,"0, PATTON AVENUE",47.47343,-0.59075,Nuit avec éclairage allumé,En agglomération,Hors intersection,Normale,Deux véhicules - frontale,,,,,,,,,,,5,2,1,1.0,1
201300027653,0013-02-01 17:21:00,13,2,1,17,21,490,7,"40, AYRAULT",47.47593,-0.55012,Plein jour,En agglomération,Intersection en X,Normale,Deux véhicules - côté,,,,,,,,,,,1,2,2,1.0,3
201300027654,0013-02-01 14:53:00,13,2,1,14,53,490,7,46 BD SAINT MICHEL,47.47347,-0.5418,Plein jour,En agglomération,Hors intersection,Normale,Autre collision,,,,,,,,,,,1,2,1,1.0,6
201300027655,0013-02-01 08:01:00,13,2,1,8,1,490,7,JAURES,47.45636,-0.52383,Nuit avec éclairage allumé,En agglomération,Hors intersection,Normale,Autre collision,,,,,,,,,,,5,2,1,1.0,6
201300027656,0013-02-04 08:41:00,13,2,4,8,41,490,7,MONTAIGNE AVENUE,47.46834,-0.53062,Crépuscule ou aube,En agglomération,Hors intersection,Normale,Autre collision,,,,,,,,,,,2,2,1,1.0,6
201300027657,0013-02-05 12:31:00,13,2,5,12,31,490,7,PATTON AVENUE,47.47336,-0.59178,Plein jour,En agglomération,Hors intersection,Normale,Autre collision,,,,,,,,,,,1,2,1,1.0,6
201300027658,0013-02-07 07:07:00,13,2,7,7,7,490,7,COUBERTIN BOULEVARD,47.45756,-0.53309,Nuit avec éclairage allumé,En agglomération,Intersection en X,Normale,Deux véhicules - frontale,,,,,,,,,,,5,2,2,1.0,1
201300027659,0013-02-07 13:54:00,13,2,7,13,54,490,7,DAGUENET,47.47473,-0.5291,Plein jour,En agglomération,Intersection en X,Normale,Deux véhicules - frontale,,,,,,,,,,,1,2,2,1.0,1
201300027660,0013-02-09 18:55:00,13,2,9,18,55,490,7,MOULIN  PLACE,47.49107,-0.5518,Nuit avec éclairage allumé,En agglomération,Giratoire,Normale,Sans collision,,,,,,,,,,,5,2,6,1.0,7
201300027661,0013-02-04 18:07:00,13,2,4,18,7,490,246,PONT DUMNACUS,47.42248,-0.52369,Plein jour,En agglomération,Hors intersection,Pluie légère,Autre collision,,,,,,,,,,,1,2,1,2.0,6