accident_id,datetime,annee,mois,jour,heure,minute,departement,commune_insee,adresse,latitude,longitude,luminosite,agglomeration,intersection,meteo,collision,nb_vehicules,nb_usagers,nb_indemnes,nb_tues,nb_blesses_hosp,nb_blesses_legers,age_cond_1,age_cond_2,veh_type_cond_1,veh_type_cond_2,lum_code,agg_code,int_code,atm_code,col_code
201300027787,0013-07-04 15:35:00,13,7,4,15,35,490,7,MEIGNANNE,47.48094,-0.57363,Plein jour,En agglomération,Hors intersection,Normale,Sans collision,,,,,,,,,,,1,2,1,1.0,7
201300027788,0013-07-05 18:14:00,13,7,5,18,14,490,7,"65, CHATENAY AVENUE VICT",47.48499,-0.51664,Plein jour,En agglomération,Hors intersection,Normale,Deux véhicules - côté,,,,,,,,,,,1,2,1,1.0,3
201300027789,0013-05-28 16:05:00,13,5,28,16,5,490,353,"88, PASTEUR",47.44558,-0.46794,Plein jour,En agglomération,Hors intersection,Pluie forte,Autre collision,,,,,,,,,,,1,2,1,3.0,6
201300027790,0013-05-29 17:18:00,13,5,29,17,18,490,267,A87N,47.46997,-0.51223,Plein jour,Hors agglomération,Hors intersection,Pluie forte,Sans collision,,,,,,,,,,,1,1,1,3.0,7
201300027791,0013-07-08 20:40:00,13,7,8,20,40,490,7,"84, SAUMUROISE rue",47.45562,-0.52992,Plein jour,En agglomération,Intersection en X,Normale,Deux véhicules - arrière,,,,,,,,,,,1,2,2,1.0,2
201300027792,0013-07-09 17:20:00,13,7,9,17,20,490,7,SAVARY PASSAGE ET RUE,47.47344,-0.54212,Plein jour,En agglomération,Intersection en X,Normale,Autre collision,,,,,,,,,,,1,2,2,1.0,6
201300027793,0013-07-12 14:20:00,13,7,12,14,20,490,7,"44, BOREAU",47.47619,-0.54508,Plein jour,En agglomération,Intersection en X,Normale,Deux véhicules - côté,,,,,,,,,,,1,2,2,1.0,3
201300027794,0013-07-14 00:01:00,13,7,14,0,1,490,7,"0, PATTON AVENUE",47.47305,-0.57725,Nuit avec éclairage allumé,En agglomération,Intersection en T,Normale,Deux véhicules - côté,,,,,,,,,,,5,2,3,1.0,3
201300027795,0013-07-12 08:55:00,13,7,12,8,55,490,7,MENDES FRANCE PLACE,47.47228,-0.54634,Nuit sans éclairage public,En agglomération,Hors intersection,Normale,Deux véhicules - côté,,,,,,,,,,,3,2,1,1.0,3
201300027796,0013-07-16 19:40:00,13,7,16,19,40,490,7,CLEMENCEAU BOULEVARD,47.4742,-0.56722,Plein jour,En agglomération,Intersection en Y,Normale,Deux véhicules - côté,,,,,,,,,,,1,2,4,1.0,3
201300027797,0013-07-23 16:35:00,13,7,23,16,35,490,7,1 RUE LARREY,47.48029,-0.55468,Plein jour,En agglomération,Hors intersection,Normale,Trois véhicules et plus - en chaîne,,,,,,,,,,,1,2,1,1.0,4
201300027798,0013-07-22 19:40:00,13,7,22,19,40,490,7,"43, ALLONNEAU(AUGUSTE) B",47.48148,-0.52706,Plein jour,En agglomération,Hors intersection,Normale,Sans collision,,,,,,,,,,,1,2,1,1.0,7
201300027799,0013-07-24 13:10:00,13,7,24,13,10,490,7,RUE DESJARDIN,47.46732,-0.54701,Plein jour,En agglomération,Intersection en T,Normale,Deux véhicules - côté,,,,,,,,,,,1,2,3,1.0,3
201300027800,0013-07-25 13:59:00,13,7,25,13,59,490,7,"47, PATTON AVENUE",47.47362,-0.5837,Plein jour,En agglomération,Hors intersection,Normale,Deux véhicules - arrière,,,,,,,,,,,1,2,1,1.0,2
201300027801,0013-07-25 17:27:00,13,7,25,17,27,490,7,"22, DUNANT BOULEVARD",47.4843,-0.53044,Plein jour,En agglomération,Hors intersection,Normale,Deux véhicules - arrière,,,,,,,,,,,1,2,1,1.0,2
201300027802,0013-07-26 17:30:00,13,7,26,17,30,490,7,PATTON AVENUE,47.47325,-0.59663,Plein jour,En agglomération,Hors intersection,Normale,Deux véhicules - arrière,,,,,,,,,,,1,2,1,1.0,2
201300027803,0013-07-31 17:07:00,13,7,31,17,7,490,7,MONPLAISIR BOULEVARD,47.48991,-0.52205,Plein jour,En agglomération,Hors intersection,Normale,Deux véhicules - arrière,,,,,,,,,,,1,2,1,1.0,2
201300027804,0013-08-02 18:40:00,13,8,2,18,40,490,7,GANDHI,47.47075,-0.51915,Plein jour,En agglomération,Intersection en X,Normale,Deux véhicules - côté,,,,,,,,,,,1,2,2,1.0,3
201300027805,0013-08-02 13:44:00,13,8,2,13,44,490,7,"22, DUNANT BOULEVARD",,,Plein jour,En agglomération,Hors intersection,Normale,Autre collision,,,,,,,,,,,1,2,1,1.0,6
201300027806,0013-08-06 18:05:00,13,8,6,18,5,490,7,"40, BOISNET RUE",,,Plein jour,En agglomération,Intersection en X,Normale,Deux véhicules - côté,,,,,,,,,,,1,2,2,1.0,3
201300027807,0013-08-06 08:35:00,13,8,6,8,35,490,7,"0, LIZE",,,Plein jour,En agglomération,Giratoire,Normale,Deux véhicules - frontale,,,,,,,,,,,1,2,6,1.0,1
201300027808,0013-08-15 01:10:00,13,8,15,1,10,490,246,SAINT JEAN DE LA CROIX L,,,Nuit sans éclairage public,Hors agglomération,Hors intersection,Normale,Autre collision,,,,,,,,,,,3,1,1,1.0,6
201300027809,0013-08-23 11:56:00,13,8,23,11,56,490,7,"11, RAME",,,Plein jour,En agglomération,Hors intersection,Normale,Autre collision,,,,,,,,,,,1,2,1,1.0,6
201300027810,0013-08-24 18:03:00,13,8,24,18,3,490,7,"10, CARNOT",,,Plein jour,En agglomération,Hors intersection,Normale,Deux véhicules - arrière,,,,,,,,,,,1,2,1,1.0,2
201300027811,0013-08-24 15:20:00,13,8,24,15,20,490,7,Boulevard DUMESNIL,47.47337,-0.56678,Plein jour,En agglomération,Hors intersection,Normale,Sans collision,,,,,,,,,,,1,2,1,1.0,7
201300027812,0013-08-24 10:16:00,13,8,24,10,16,490,7,"108, PRE PIGEON",47.4755,-0.53661,Plein jour,En agglomération,Hors intersection,Normale,Autre collision,,,,,,,,,,,1,2,1,1.0,6
201300027813,0013-08-24 15:00:00,13,8,24,15,0,490,7,"2, SAINT LAZARE",,,Plein jour,En agglomération,Hors intersection,Normale,Sans collision,,,,,,,,,,,1,2,1,1.0,7
201300027814,0013-08-27 22:10:00,13,8,27,22,10,490,7,"104, PASTEUR AVENUE",,,Nuit avec éclairage non allumé,En agglomération,Hors intersection,Normale,Deux véhicules - frontale,,,,,,,,,,,4,2,1,1.0,1
201300027815,0013-09-01 20:55:00,13,9,1,20,55,490,7,"28, BARON",,,Crépuscule ou aube,En agglomération,Hors intersection,Normale,Sans collision,,,,,,,,,,,2,2,1,1.0,7
201300027816,0013-09-03 16:49:00,13,9,3,16,49,490,7,"0, LIZE",,,Plein jour,En agglomération,Giratoire,Normale,Deux véhicules - frontale,,,,,,,,,,,1,2,6,1.0,1
201300027817,0013-09-04 15:31:00,13,9,4,15,31,490,7,"40, GALLIENI BOULEVARD",,,Plein jour,En agglomération,Hors intersection,Normale,Autre collision,,,,,,,,,,,1,2,1,1.0,6
201300027818,0013-09-04 08:49:00,13,9,4,8,49,490,7,"0, RASPAIL",,,Plein jour,En agglomération,Hors intersection,Normale,Autre collision,,,,,,,,,,,1,2,1,1.0,6
201300027819,0013-09-05 19:00:00,13,9,5,19,0,490,7,HOTEL DIEU AVENUE,,,Plein jour,En agglomération,Hors intersection,Normale,Deux véhicules - frontale,,,,,,,,,,,1,2,1,1.0,1
201300027820,0013-09-05 21:06:00,13,9,5,21,6,490,7,BON PASTEUR BOULEVARD,,,Crépuscule ou aube,En agglomération,Giratoire,Normale,Deux véhicules - arrière,,,,,,,,,,,2,2,6,1.0,2
201300027821,0013-09-06 22:25:00,13,9,6,22,25,490,246,"0, GALLIENI AVENUE",,,Nuit avec éclairage allumé,En agglomération,Intersection en X,Normale,Deux véhicules - arrière,,,,,,,,,,,5,2,2,1.0,2
201300027822,0013-09-09 17:13:00,13,9,9,17,13,490,7,DUMESNIL BOULEVARD,47.47316,-0.56641,Plein jour,En agglomération,Intersection en T,Normale,Deux véhicules - côté,,,,,,,,,,,1,2,3,1.0,3
201300027823,0013-09-06 08:05:00,13,9,6,8,5,490,7,"111, GASNIER AVENUE",47.4878,-0.57384,Plein jour,En agglomération,Hors intersection,Normale,Deux véhicules - frontale,,,,,,,,,,,1,2,1,1.0,1
201300027824,0013-09-06 09:30:00,13,9,6,9,30,490,7,"0, MONTAIGNE AVENUE",,,Plein jour,En agglomération,Hors intersection,Normale,Deux véhicules - arrière,,,,,,,,,,,1,2,1,1.0,2
201300027825,0013-09-07 20:36:00,13,9,7,20,36,490,7,"0, BOURGONNIER",,,Nuit avec éclairage allumé,En agglomération,Intersection en X,Normale,Deux véhicules - côté,,,,,,,,,,,5,2,2,1.0,3
201300027826,0013-09-08 12:15:00,13,9,8,12,15,490,7,"0, BERGSON",,,Plein jour,En agglomération,Hors intersection,Normale,Autre collision,,,,,,,,,,,1,2,1,1.0,6
201300027827,0013-09-11 12:02:00,13,9,11,12,2,490,7,PARMENTIER,47.45305,-0.5182,Plein jour,En agglomération,Hors intersection,Normale,Deux véhicules - arrière,,,,,,,,,,,1,2,1,1.0,2
201300027828,0013-09-11 08:49:00,13,9,11,8,49,490,7,PATTON AVENUE,47.47312,-0.5998,Plein jour,En agglomération,Giratoire,Normale,Sans collision,,,,,,,,,,,1,2,6,1.0,7
201300027829,0013-09-13 06:27:00,13,9,13,6,27,490,246,"0, DAVID D'ANGERS",,,Nuit avec éclairage allumé,En agglomération,Intersection en X,Normale,Deux véhicules - côté,,,,,,,,,,,5,2,2,1.0,3
201300027830,0013-09-12 07:38:00,13,9,12,7,38,490,7,"0, MONTAIGNE AVENUE",,,Crépuscule ou aube,En agglomération,Intersection en T,Normale,Trois véhicules et plus - collisions multiples,,,,,,,,,,,2,2,3,1.0,5
201300027831,0013-09-12 07:54:00,13,9,12,7,54,490,7,"0, MADELEINE",,,Plein jour,En agglomération,Hors intersection,Pluie légère,Autre collision,,,,,,,,,,,1,2,1,2.0,6
201300027832,0013-09-12 08:30:00,13,9,12,8,30,490,267,"0, GEMMETRIE",,,Plein jour,En agglomération,Hors intersection,Normale,Autre collision,,,,,,,,,,,1,2,1,1.0,6
201300027833,0013-09-16 16:36:00,13,9,16,16,36,490,246,"0, A87N",,,Plein jour,Hors agglomération,Hors intersection,Normale,Deux véhicules - côté,,,,,,,,,,,1,1,1,1.0,3
201300027834,0013-09-17 12:20:00,13,9,17,12,20,490,7,PASTEUR AVENUE,47.47402,-0.53743,Plein jour,En agglomération,Intersection en T,Normale,Deux véhicules - frontale,,,,,,,,,,,1,2,3,1.0,1
201300027835,0013-09-13 18:26:00,13,9,13,18,26,490,7,LE GOUZ,,,Plein jour,En agglomération,Intersection en T,Normale,Deux véhicules - arrière,,,,,,,,,,,1,2,3,1.0,2
201300027836,0013-09-15 09:30:00,13,9,15,9,30,490,7,KING MARTIN-LUTHER RUE E,,,Plein jour,En agglomération,Hors intersection,Normale,Autre collision,,,,,,,,,,,1,2,1,1.0,6
201300027837,0013-09-16 14:05:00,13,9,16,14,5,490,353,"0, JEAN JAURES RUE",,,Plein jour,En agglomération,Hors intersection,Normale,Deux véhicules - arrière,,,,,,,,,,,1,2,1,1.0,2
201300027838,0013-09-18 19:58:00,13,9,18,19,58,490,7,"1, CEZANNE",,,Plein jour,En agglomération,Intersection en X,Normale,Deux véhicules - frontale,,,,,,,,,,,1,2,2,1.0,1
201300027839,0013-09-20 14:35:00,13,9,20,14,35,490,7,"0, LIZE",,,Plein jour,En agglomération,Giratoire,Normale,Deux véhicules - côté,,,,,,,,,,,1,2,6,1.0,3
201300027840,0013-09-20 11:05:00,13,9,20,11,5,490,7,"0, CAMUS BOULEVARD",,,Plein jour,En agglomération,Hors intersection,Normale,Autre collision,,,,,,,,,,,1,2,1,1.0,6
201300027841,0013-09-21 11:37:00,13,9,21,11,37,490,7,"0, HOCHE",,,Plein jour,En agglomération,Hors intersection,Normale,Deux véhicules - arrière,,,,,,,,,,,1,2,1,1.0,2
201300027842,0013-09-23 08:51:00,13,9,23,8,51,490,7,"0, NOTRE DAME DU LAC AVE",,,Plein jour,En agglomération,Hors intersection,Normale,Autre collision,,,,,,,,,,,1,2,1,1.0,6
201300027843,0013-09-24 19:09:00,13,9,24,19,9,490,7,"0, JEAN XXIII AVENUE",,,Plein jour,En agglomération,Hors intersection,Normale,Autre collision,,,,,,,,,,,1,2,1,1.0,6
201300027844,0013-09-24 13:36:00,13,9,24,13,36,490,7,"0, CLEMENCEAU BOULEVARD",,,Plein jour,En agglomération,Hors intersection,Normale,Sans collision,,,,,,,,,,,1,2,1,1.0,7
201300027845,0013-09-26 17:00:00,13,9,26,17,0,490,7,"0, DE LATTRE DE TASSIGNY",,,Plein jour,En agglomération,Hors intersection,Normale,Deux véhicules - arrière,,,,,,,,,,,1,2,1,1.0,2
201300027846,0013-09-28 16:33:00,13,9,28,16,33,490,267,"PK, RD 347",,,Plein jour,Hors agglomération,Hors intersection,Pluie légère,Deux véhicules - côté,,,,,,,,,,,1,1,1,2.0,3
201300027847,0013-09-28 08:40:00,13,9,28,8,40,490,7,"1, ONZE NOVEMBRE 1918 AV",,,Plein jour,En agglomération,Hors intersection,Normale,Autre collision,,,,,,,,,,,1,2,1,1.0,6
201300027848,0013-09-27 12:50:00,13,9,27,12,50,490,7,"44, FAYE",,,Plein jour,En agglomération,Hors intersection,Normale,Deux véhicules - arrière,,,,,,,,,,,1,2,1,1.0,2
201300027849,0013-09-27 18:30:00,13,9,27,18,30,490,7,STRASBOURG BOULEVARD,,,Plein jour,En agglomération,Intersection en X,Normale,Deux véhicules - côté,,,,,,,,,,,1,2,2,1.0,3
201300027850,0013-09-29 13:54:00,13,9,29,13,54,490,7,", BRISEPOTIERE",,,Plein jour,En agglomération,Intersection en T,Normale,Autre collision,,,,,,,,,,,1,2,3,1.0,6
201300027851,0013-09-27 19:10:00,13,9,27,19,10,490,7,"0, SALPINTE",,,Crépuscule ou aube,En agglomération,Hors intersection,Normale,Deux véhicules - côté,,,,,,,,,,,2,2,1,1.0,3
201300027852,0013-09-29 06:05:00,13,9,29,6,5,490,246,"4, BERNE",,,Nuit avec éclairage allumé,En agglomération,Hors intersection,Normale,Sans collision,,,,,,,,,,,5,2,1,1.0,7
201300027853,0013-09-30 07:55:00,13,9,30,7,55,490,7,AV DE LATTRE DE TASSIGNY,47.4507,-0.53964,Crépuscule ou aube,En agglomération,Hors intersection,Normale,Deux véhicules - côté,,,,,,,,,,,2,2,1,1.0,3
201300027854,0013-10-01 17:39:00,13,10,1,17,39,490,7,RABELAIS,,,Plein jour,En agglomération,Hors intersection,Normale,Autre collision,,,,,,,,,,,1,2,1,1.0,6
201300027855,0013-10-02 17:04:00,13,10,2,17,4,490,7,"1, MOULIN BOULEVARD",,,Plein jour,En agglomération,Hors intersection,Normale,Deux véhicules - côté,,,,,,,,,,,1,2,1,1.0,3
201300027856,0013-10-03 11:15:00,13,10,3,11,15,490,7,"0, CAMUS BOULEVARD",47.4831,-0.57584,Plein jour,En agglomération,Hors intersection,Normale,Trois véhicules et plus - en chaîne,,,,,,,,,,,1,2,1,1.0,4
201300027857,0013-10-04 04:50:00,13,10,4,4,50,490,267,ANGERS ROUTE,47.46925,-0.50928,Nuit avec éclairage allumé,En agglomération,Hors intersection,Normale,Autre collision,,,,,,,,,,,5,2,1,1.0,6
201300027858,0013-10-03 21:55:00,13,10,3,21,55,490,7,MONTAIGNE AVENUE,,,Nuit avec éclairage allumé,En agglomération,Intersection en X,Normale,Deux véhicules - frontale,,,,,,,,,,,5,2,2,1.0,1
201300027859,0013-10-04 16:47:00,13,10,4,16,47,490,353,A87N,,,Plein jour,Hors agglomération,Hors intersection,Normale,Deux véhicules - côté,,,,,,,,,,,1,1,1,1.0,3
201300027860,0013-10-04 17:55:00,13,10,4,17,55,490,7,"05, FOCH BOULEVARD",,,Plein jour,En agglomération,Hors intersection,Normale,Autre collision,,,,,,,,,,,1,2,1,1.0,6
201300027861,0013-10-08 17:55:00,13,10,8,17,55,490,7,"0, MIMOSAS",,,Plein jour,En agglomération,Intersection en T,Normale,Deux véhicules - côté,,,,,,,,,,,1,2,3,1.0,3
201300027862,0013-10-09 12:50:00,13,10,9,12,50,490,7,"28, BODINIER",,,Plein jour,En agglomération,Intersection en T,Normale,Autre collision,,,,,,,,,,,1,2,3,1.0,6
201300027863,0013-10-09 12:56:00,13,10,9,12,56,490,7,DAVIERS BOULEVARD,,,Plein jour,En agglomération,Hors intersection,Normale,Deux véhicules - côté,,,,,,,,,,,1,2,1,1.0,3
201300027864,0013-10-12 09:20:00,13,10,12,9,20,490,7,"0, BARRA PASSAGE ET RUE",,,Plein jour,En agglomération,Hors intersection,Pluie légère,Deux véhicules - côté,,,,,,,,,,,1,2,1,2.0,3
201300027865,0013-10-13 05:10:00,13,10,13,5,10,490,7,"0, COUFFON BOULEVARD SEC",,,Nuit avec éclairage allumé,En agglomération,Hors intersection,Normale,Autre collision,,,,,,,,,,,5,2,1,1.0,6
201300027866,0013-10-14 13:30:00,13,10,14,13,30,490,7,"0, CLEMENCEAU BOULEVARD",,,Plein jour,En agglomération,Intersection en X,Normale,Autre collision,,,,,,,,,,,1,2,2,1.0,6
201300027867,0013-10-14 08:28:00,13,10,14,8,28,490,7,DE LATTRE DE TASSIGNY,,,Plein jour,En agglomération,Hors intersection,Normale,Deux véhicules - arrière,,,,,,,,,,,1,2,1,1.0,2
201300027868,0013-10-15 09:18:00,13,10,15,9,18,490,7,"0, GUITTON",47.47373,-0.54754,Plein jour,En agglomération,Intersection en X,Pluie légère,Deux véhicules - côté,,,,,,,,,,,1,2,2,2.0,3
201300027869,0013-10-15 10:53:00,13,10,15,10,53,490,7,VOLNEY,47.46176,-0.54148,Plein jour,En agglomération,Intersection en X,Pluie légère,Deux véhicules - arrière,,,,,,,,,,,1,2,2,2.0,2
201300027870,0013-10-16 08:00:00,13,10,16,8,0,490,7,"21, SAINT LEONARD",,,Nuit avec éclairage allumé,En agglomération,Hors intersection,Normale,Deux véhicules - côté,,,,,,,,,,,5,2,1,1.0,3
201300027871,0013-10-16 18:40:00,13,10,16,18,40,490,7,"0, ROI RENE BOULEVARD",,,Plein jour,Hors agglomération,Hors intersection,Normale,Autre collision,,,,,,,,,,,1,1,1,1.0,6
201300027872,0013-10-17 07:48:00,13,10,17,7,48,490,7,"0, BEAUSSIER BOULEVARD",,,Plein jour,En agglomération,Intersection en X,Normale,Autre collision,,,,,,,,,,,1,2,2,1.0,6
201300027873,0013-10-17 18:24:00,13,10,17,18,24,490,353,PARMENTIER,,,Plein jour,En agglomération,Hors intersection,Normale,Autre collision,,,,,,,,,,,1,2,1,1.0,6
201300027874,0013-10-18 14:11:00,13,10,18,14,11,490,7,BEAUSSIER BOULEVARD,,,Plein jour,En agglomération,Hors intersection,Normale,Deux véhicules - arrière,,,,,,,,,,,1,2,1,1.0,2
201300027875,0013-10-21 16:20:00,13,10,21,16,20,490,7,"1, MOULIN BOULEVARD",,,Plein jour,En agglomération,Hors intersection,Normale,Deux véhicules - côté,,,,,,,,,,,1,2,1,1.0,3
201300027876,0013-10-22 08:57:00,13,10,22,8,57,490,246,PERDRIAU,,,Crépuscule ou aube,En agglomération,Hors intersection,Normale,Deux véhicules - côté,,,,,,,,,,,2,2,1,1.0,3
201300027877,0013-10-23 14:20:00,13,10,23,14,20,490,7,DUNANT BOULEVARD,,,Plein jour,En agglomération,Intersection en X,Normale,Deux véhicules - arrière,,,,,,,,,,,1,2,2,1.0,2
201300027878,0013-10-23 07:32:00,13,10,23,7,32,490,7,MOULIN PONT ET PLACE,,,Crépuscule ou aube,En agglomération,Hors intersection,Normale,Autre collision,,,,,,,,,,,2,2,1,1.0,6
201300027879,0013-10-24 11:00:00,13,10,24,11,0,490,7,BOREAU,,,Plein jour,En agglomération,Hors intersection,Normale,Autre collision,,,,,,,,,,,1,2,1,1.0,6
201300027880,0013-10-27 20:35:00,13,10,27,20,35,490,246,"PK 5,000, A87N",,,Nuit sans éclairage public,Hors agglomération,Hors intersection,Pluie légère,Sans collision,,,,,,,,,,,3,1,1,2.0,7
201300027881,0013-10-28 18:50:00,13,10,28,18,50,490,7,"206, PASTEUR AVENUE",,,Nuit avec éclairage allumé,En agglomération,Hors intersection,Normale,Sans collision,,,,,,,,,,,5,2,1,1.0,7
201300027882,0013-11-01 20:23:00,13,11,1,20,23,490,7,"0, NID DE  PIE",,,Nuit avec éclairage allumé,En agglomération,Intersection en X,Normale,Deux véhicules - arrière,,,,,,,,,,,5,2,2,1.0,2
201300027883,0013-11-02 08:33:00,13,11,2,8,33,490,7,"0, VOIE DES BERGES",,,Plein jour,Hors agglomération,Hors intersection,Normale,Autre collision,,,,,,,,,,,1,1,1,1.0,6
201300027884,0013-11-05 11:07:00,13,11,5,11,7,490,7,"0, CLAUDEL",,,Plein jour,En agglomération,Hors intersection,Normale,Autre collision,,,,,,,,,,,1,2,1,1.0,6
201300027885,0013-11-05 17:47:00,13,11,5,17,47,490,7,SAUMUROISE IMPASSE ET RU,,,Plein jour,En agglomération,Hors intersection,Normale,Autre collision,,,,,,,,,,,1,2,1,1.0,6
201300027886,0013-11-06 15:00:00,13,11,6,15,0,490,7,"0, PYRAMIDE ROUTE",,,Plein jour,En agglomération,Hors intersection,Normale,Deux véhicules - côté,,,,,,,,,,,1,2,1,1.0,3
201300027887,0013-11-06 17:44:00,13,11,6,17,44,490,15,D775,47.50423,-0.61883,Crépuscule ou aube,Hors agglomération,Hors intersection,Normale,Trois véhicules et plus - en chaîne,,,,,,,,,,,2,1,1,1.0,4
201300027888,0013-11-11 21:45:00,13,11,11,21,45,490,7,BERGES VOIE,,,Nuit avec éclairage allumé,En agglomération,Hors intersection,Pluie légère,Trois véhicules et plus - en chaîne,,,,,,,,,,,5,2,1,2.0,4
201300027889,0013-11-14 08:55:00,13,11,14,8,55,490,7,"1, ARAGON AVENUE",,,Plein jour,En agglomération,Hors intersection,Normale,Autre collision,,,,,,,,,,,1,2,1,1.0,6
201300027890,0013-11-18 15:17:00,13,11,18,15,17,490,7,"0, MOLIERE PLACE",,,Plein jour,En agglomération,Hors intersection,Normale,Autre collision,,,,,,,,,,,1,2,1,1.0,6
201300027891,0013-10-26 20:10:00,13,10,26,20,10,490,246,"25, HUGO VICTOR RUE",,,Nuit avec éclairage allumé,En agglomération,Hors intersection,Normale,Deux véhicules - arrière,,,,,,,,,,,5,2,1,1.0,2
201300027892,0013-11-12 19:46:00,13,11,12,19,46,490,267,"0, A87N",,,Nuit avec éclairage allumé,En agglomération,Hors intersection,Normale,Deux véhicules - côté,,,,,,,,,,,5,2,1,1.0,3
201300027893,0013-10-20 12:15:00,13,10,20,12,15,490,15,"20, ADEZIERE ROUTE",,,Plein jour,En agglomération,Hors intersection,Normale,Sans collision,,,,,,,,,,,1,2,1,1.0,7
201300027894,0013-10-26 16:30:00,13,10,26,16,30,490,7,QUAI LIGNY,,,Plein jour,En agglomération,Hors intersection,Normale,Autre collision,,,,,,,,,,,1,2,1,1.0,6
201300027895,0013-11-18 18:15:00,13,11,18,18,15,490,7,"25, CHURCHILL AVENUE ET",,,Nuit avec éclairage allumé,En agglomération,Hors intersection,Normale,Autre collision,,,,,,,,,,,5,2,1,1.0,6
201300027896,0013-10-29 09:10:00,13,10,29,9,10,490,7,"04, LARREY",,,Plein jour,En agglomération,Hors intersection,Normale,Sans collision,,,,,,,,,,,1,2,1,1.0,7
201300027897,0013-10-30 13:40:00,13,10,30,13,40,490,7,PATTON AVENUE,,,Plein jour,En agglomération,Hors intersection,Normale,Autre collision,,,,,,,,,,,1,2,1,1.0,6
201300027898,0013-11-09 11:23:00,13,11,9,11,23,490,7,"00, BAUMETTE PROMENADE",,,Plein jour,En agglomération,Hors intersection,Normale,Sans collision,,,,,,,,,,,1,2,1,1.0,7
201300027899,0013-11-20 20:00:00,13,11,20,20,0,490,7,"0, DUNANT BOULEVARD",,,Nuit avec éclairage allumé,En agglomération,Hors intersection,Pluie légère,Autre collision,,,,,,,,,,,5,2,1,2.0,6
201300027900,0013-11-20 12:40:00,13,11,20,12,40,490,7,"0, CHAUVIRE RUE ET SQUAR",,,Plein jour,En agglomération,Giratoire,Normale,Autre collision,,,,,,,,,,,1,2,6,1.0,6
201300027901,0013-11-21 12:05:00,13,11,21,12,5,490,7,"1, BRIOLLAY ROUTE",,,Plein jour,En agglomération,Intersection en X,Normale,Deux véhicules - côté,,,,,,,,,,,1,2,2,1.0,3
201300027902,0013-11-21 16:00:00,13,11,21,16,0,490,7,"58, BEDIER BOULEVARD",,,Plein jour,En agglomération,Hors intersection,Pluie légère,Deux véhicules - arrière,,,,,,,,,,,1,2,1,2.0,2
201300027903,0013-11-21 07:45:00,13,11,21,7,45,490,7,"5, PAPIN",,,Crépuscule ou aube,En agglomération,Hors intersection,Pluie légère,Sans collision,,,,,,,,,,,2,2,1,2.0,7
201300027904,0013-11-21 19:15:00,13,11,21,19,15,490,7,"00, DE LATTRE DE TASSIGN",,,Nuit sans éclairage public,En agglomération,Hors intersection,Normale,Sans collision,,,,,,,,,,,3,2,1,1.0,7
201300027905,0013-11-23 05:30:00,13,11,23,5,30,490,7,"0, BEAUSSIER BOULEVARD",,,Nuit avec éclairage allumé,En agglomération,Hors intersection,Normale,Autre collision,,,,,,,,,,,5,2,1,1.0,6
201300027906,0013-11-24 11:45:00,13,11,24,11,45,490,7,"0, ACADEMIE PLACE",,,Plein jour,En agglomération,Hors intersection,Temps éblouissant,Autre collision,,,,,,,,,,,1,2,1,7.0,6
201300027907,0013-11-28 01:20:00,13,11,28,1,20,490,7,"1, MARIANNE BOULEVARD",,,Nuit avec éclairage allumé,En agglomération,Intersection en X,Normale,Deux véhicules - côté,,,,,,,,,,,5,2,2,1.0,3
201300027908,0013-11-28 11:45:00,13,11,28,11,45,490,353,"20, RECLUS",,,Plein jour,En agglomération,Autre intersection,Normale,Deux véhicules - côté,,,,,,,,,,,1,2,9,1.0,3
201300027909,0013-11-30 12:45:00,13,11,30,12,45,490,7,MARCEAU,,,Plein jour,En agglomération,Intersection à plus de 4 branches,Normale,Deux véhicules - côté,,,,,,,,,,,1,2,5,1.0,3
201300027910,0013-11-30 20:16:00,13,11,30,20,16,490,7,CARNOT,,,Nuit avec éclairage allumé,En agglomération,Hors intersection,Normale,Autre collision,,,,,,,,,,,5,2,1,1.0,6
201300027911,0013-11-30 12:10:00,13,11,30,12,10,490,7,"0, MOULIN BOULEVARD",,,Plein jour,En agglomération,Hors intersection,Normale,Deux véhicules - frontale,,,,,,,,,,,1,2,1,1.0,1
201300027912,0013-11-29 16:30:00,13,11,29,16,30,490,246,"28, DAVID D'ANGERS",,,Plein jour,En agglomération,Hors intersection,Normale,Deux véhicules - côté,,,,,,,,,,,1,2,1,1.0,3
201300027913,0013-12-03 19:50:00,13,12,3,19,50,490,7,"3, DAVIERS BOULEVARD",47.47922,-0.5576,Crépuscule ou aube,En agglomération,Hors intersection,Normale,Deux véhicules - arrière,,,,,,,,,,,2,2,1,1.0,2
201300027914,0013-11-08 13:45:00,13,11,8,13,45,490,7,"0, BARANGE BOULEVARD",,,Plein jour,Hors agglomération,Hors intersection,Pluie légère,Deux véhicules - arrière,,,,,,,,,,,1,1,1,2.0,2
201300027915,0013-12-03 18:20:00,13,12,3,18,20,490,267,"0, A87N",,,Nuit sans éclairage public,Hors agglomération,Hors intersection,Normale,Trois véhicules et plus - en chaîne,,,,,,,,,,,3,1,1,1.0,4
201300027916,0013-12-06 17:30:00,13,12,6,17,30,490,7,"56, LAVOISIER BOULEVARD",,,Plein jour,En agglomération,Hors intersection,Normale,Autre collision,,,,,,,,,,,1,2,1,1.0,6
201300027917,0013-12-09 18:22:00,13,12,9,18,22,490,7,"6, TURPIN DE CRISSE AVEN",,,Nuit avec éclairage allumé,En agglomération,Hors intersection,Normale,Sans collision,,,,,,,,,,,5,2,1,1.0,7