accident_id,datetime,annee,mois,jour,heure,minute,departement,commune_insee,adresse,latitude,longitude,luminosite,agglomeration,intersection,meteo,collision,nb_vehicules,nb_usagers,nb_indemnes,nb_tues,nb_blesses_hosp,nb_blesses_legers,age_cond_1,age_cond_2,veh_type_cond_1,veh_type_cond_2,lum_code,agg_code,int_code,atm_code,col_code
201300027918,0013-12-10 14:15:00,13,12,10,14,15,490,267,"68, BEAUFORT ROUTE",,,Plein jour,En agglomération,Hors intersection,Normale,Trois véhicules et plus - en chaîne,,,,,,,,,,,1,2,1,1.0,4
201300027919,0013-12-10 16:50:00,13,12,10,16,50,490,7,"34, CHAMBRE AUX DENIERS",,,Plein jour,En agglomération,Hors intersection,Normale,Sans collision,,,,,,,,,,,1,2,1,1.0,7
201300027920,0013-12-12 14:02:00,13,12,12,14,2,490,7,PAJOTIN,,,Plein jour,En agglomération,Giratoire,Normale,Deux véhicules - arrière,,,,,,,,,,,1,2,6,1.0,2
201300027921,0013-12-13 23:10:00,13,12,13,23,10,490,7,"5, LEKEU",,,Nuit avec éclairage allumé,En agglomération,Hors intersection,Normale,Sans collision,,,,,,,,,,,5,2,1,1.0,7
201300027922,0013-12-14 19:10:00,13,12,14,19,10,490,7,"15, SAUMUROISE IMPASSE E",,,Nuit avec éclairage allumé,En agglomération,Hors intersection,Normale,Sans collision,,,,,,,,,,,5,2,1,1.0,7
201300027923,0013-12-12 18:00:00,13,12,12,18,0,490,7,"1, BEL AIR",,,Nuit avec éclairage allumé,En agglomération,Hors intersection,Normale,Deux véhicules - arrière,,,,,,,,,,,5,2,1,1.0,2
201300027924,0013-12-16 17:05:00,13,12,16,17,5,490,246,"1, DAVID D'ANGERS",,,Plein jour,En agglomération,Hors intersection,Normale,Deux véhicules - côté,,,,,,,,,,,1,2,1,1.0,3
201300027925,0013-12-18 20:30:00,13,12,18,20,30,490,7,"42, BIRGE BOULEVARD",,,Nuit avec éclairage allumé,En agglomération,Hors intersection,Pluie forte,Deux véhicules - côté,,,,,,,,,,,5,2,1,3.0,3
201300027926,0013-12-18 08:10:00,13,12,18,8,10,490,7,"0, HAUTE DES BANCHAIS",,,Crépuscule ou aube,En agglomération,Intersection en T,Pluie légère,Deux véhicules - côté,,,,,,,,,,,2,2,3,2.0,3
201300027927,0013-12-19 10:00:00,13,12,19,10,0,490,7,LAC DE MAINE AVENUE,,,Plein jour,En agglomération,Hors intersection,Pluie légère,Sans collision,,,,,,,,,,,1,2,1,2.0,7
201300027928,0013-12-19 11:50:00,13,12,19,11,50,490,7,ROBERT BOULEVARD,,,Plein jour,En agglomération,Hors intersection,Normale,Deux véhicules - arrière,,,,,,,,,,,1,2,1,1.0,2
201300027929,0013-12-19 20:55:00,13,12,19,20,55,490,7,GOURONNIERES,,,Nuit avec éclairage allumé,En agglomération,Hors intersection,Normale,Autre collision,,,,,,,,,,,5,2,1,1.0,6
201300027930,0013-12-20 10:10:00,13,12,20,10,10,490,7,"1, DAVIERS BOULEVARD",,,Plein jour,En agglomération,Hors intersection,Normale,Autre collision,,,,,,,,,,,1,2,1,1.0,6
201300027931,0013-12-21 23:52:00,13,12,21,23,52,490,7,"1, TOUR DES ANGLAIS",,,Nuit avec éclairage allumé,En agglomération,Hors intersection,Pluie légère,Sans collision,,,,,,,,,,,5,2,1,2.0,7
201300027932,0013-12-20 10:09:00,13,12,20,10,9,490,7,"0, MONPROFIT PLACE",,,Plein jour,En agglomération,Hors intersection,Autre,Autre collision,,,,,,,,,,,1,2,1,9.0,6
201300027933,0013-12-22 19:46:00,13,12,22,19,46,490,7,"1, NEY PLACE",,,Nuit avec éclairage allumé,En agglomération,Place,Autre,Deux véhicules - côté,,,,,,,,,,,5,2,7,9.0,3
201300027934,0013-12-23 11:50:00,13,12,23,11,50,490,353,"1, CAMUS",,,Plein jour,En agglomération,Hors intersection,Normale,Deux véhicules - frontale,,,,,,,,,,,1,2,1,1.0,1
201300027935,0013-12-26 07:30:00,13,12,26,7,30,490,7,"1, BARANGE BOULEVARD",,,Nuit avec éclairage non allumé,En agglomération,Hors intersection,Pluie légère,Sans collision,,,,,,,,,,,4,2,1,2.0,7
201300027936,0013-12-26 07:09:00,13,12,26,7,9,490,7,FOCH BOULEVARD,,,Crépuscule ou aube,En agglomération,Hors intersection,Temps couvert,Autre collision,,,,,,,,,,,2,2,1,8.0,6
201300027937,0013-12-27 17:30:00,13,12,27,17,30,490,7,"24, GAIN ( LOUIS)",,,Crépuscule ou aube,En agglomération,Hors intersection,Pluie légère,Sans collision,,,,,,,,,,,2,2,1,2.0,7
201300027938,0013-12-30 10:45:00,13,12,30,10,45,490,7,MITTERRAND PLACE ET ALLE,,,Plein jour,En agglomération,Autre intersection,Normale,Deux véhicules - frontale,,,,,,,,,,,1,2,9,1.0,1
201300027939,0013-01-06 18:40:00,13,1,6,18,40,490,99,MOINIE(BOULEVARD DE LA ),47.05407,-0.90092,Plein jour,En agglomération,Autre intersection,Brouillard / fumée,Deux véhicules - arrière,,,,,,,,,,,1,2,9,5.0,2
201300027940,0013-01-07 19:00:00,13,1,7,19,0,490,99,CASSINI (BOULEVARD JACQU,47.04194,-0.91354,Nuit avec éclairage allumé,En agglomération,Hors intersection,Normale,Deux véhicules - côté,,,,,,,,,,,5,2,1,1.0,3
201300027941,0013-01-09 12:10:00,13,1,9,12,10,490,99,"51, RAMBOURG (RUE DE)",47.06724,-0.88504,Plein jour,En agglomération,Hors intersection,Normale,Autre collision,,,,,,,,,,,1,2,1,1.0,6
201300027942,0013-01-11 13:15:00,13,1,11,13,15,490,99,HOTEL DE VILLE (RUE DE L,47.05794,-0.87935,Plein jour,En agglomération,Intersection en X,Normale,Autre collision,,,,,,,,,,,1,2,2,1.0,6
201300027943,0013-01-14 08:00:00,13,1,14,8,0,490,99,FAIDHERBE (BOULEVARD DU,47.06519,-0.8701,Crépuscule ou aube,En agglomération,Giratoire,Normale,Deux véhicules - côté,,,,,,,,,,,2,2,6,1.0,3
201300027944,0013-01-15 16:50:00,13,1,15,16,50,490,99,GAMBETTA (AVENUE LEON),47.06382,-0.87154,Plein jour,En agglomération,Hors intersection,Normale,Autre collision,,,,,,,,,,,1,2,1,1.0,6
201300027945,0013-01-18 10:45:00,13,1,18,10,45,490,99,MOCRAT(AVENUE DE),47.06203,-0.89684,Plein jour,En agglomération,Hors intersection,Pluie légère,Autre collision,,,,,,,,,,,1,2,1,2.0,6
201300027946,0013-01-22 17:55:00,13,1,22,17,55,490,99,61 av Leon GAMBETTA,47.06337,-0.87354,Crépuscule ou aube,En agglomération,Hors intersection,Normale,Deux véhicules - côté,,,,,,,,,,,2,2,1,1.0,3
201300027947,0013-01-23 18:35:00,13,1,23,18,35,490,99,TROIS PROVINCES (AVENUE,47.05948,-0.919,Nuit avec éclairage allumé,En agglomération,Hors intersection,Pluie légère,Trois véhicules et plus - en chaîne,,,,,,,,,,,5,2,1,2.0,4
201300027948,0013-01-24 07:55:00,13,1,24,7,55,490,99,FERRIE (AVENUE GUSTAVE),47.06222,-0.85828,Nuit avec éclairage allumé,En agglomération,Autre intersection,Pluie légère,Deux véhicules - côté,,,,,,,,,,,5,2,9,2.0,3
201300027949,0013-01-28 19:12:00,13,1,28,19,12,490,99,BOIS LAVAU (BOULEVARD DE,47.07309,-0.89757,Nuit avec éclairage allumé,En agglomération,Hors intersection,Normale,Deux véhicules - arrière,,,,,,,,,,,5,2,1,1.0,2
201300027950,0013-01-28 17:32:00,13,1,28,17,32,490,99,COUBERTIN (BOULEVARD PIE,47.05013,-0.87221,Plein jour,En agglomération,Giratoire,Normale,Deux véhicules - côté,,,,,,,,,,,1,2,6,1.0,3
201300027951,0013-01-28 20:20:00,13,1,28,20,20,490,99,BELGIQUE (BOULEVARD DE ),47.07128,-0.842,Nuit avec éclairage allumé,En agglomération,Giratoire,Normale,Trois véhicules et plus - en chaîne,,,,,,,,,,,5,2,6,1.0,4
201300027952,0013-01-29 21:45:00,13,1,29,21,45,490,99,CARNOT (RUE SADI),47.06078,-0.87196,Nuit avec éclairage allumé,En agglomération,Hors intersection,Pluie légère,Deux véhicules - côté,,,,,,,,,,,5,2,1,2.0,3
201300027953,0013-02-08 20:10:00,13,2,8,20,10,490,99,LORRAINE (RUE DE),47.0572,-0.86283,Nuit avec éclairage allumé,En agglomération,Intersection en T,Pluie légère,Deux véhicules - côté,,,,,,,,,,,5,2,3,2.0,3
201300027954,0013-02-09 10:50:00,13,2,9,10,50,490,332,HUIT MAI 1945 (PLACE DU),47.06409,-0.93567,Plein jour,En agglomération,Hors intersection,Pluie légère,Autre collision,,,,,,,,,,,1,2,1,2.0,6
201300027955,0013-02-20 08:55:00,13,2,20,8,55,490,99,"17, DELHUMEAU PLESSIS (B",47.05745,-0.87866,Plein jour,En agglomération,Hors intersection,Normale,Autre collision,,,,,,,,,,,1,2,1,1.0,6
201300027956,0013-02-26 09:35:00,13,2,26,9,35,490,99,"55, FAIDHERBE (BOULEVARD",47.06784,-0.87461,Plein jour,En agglomération,Hors intersection,Neige / grêle,Deux véhicules - côté,,,,,,,,,,,1,2,1,4.0,3
201300027957,0013-03-22 12:10:00,13,3,22,12,10,490,99,"106, VENDEE (RUE DE LA )",47.05277,-0.89067,Plein jour,En agglomération,Hors intersection,Normale,Autre collision,,,,,,,,,,,1,2,1,1.0,6
201300027958,0013-03-27 07:45:00,13,3,27,7,45,490,99,BICENTENAIRE DE 1793 (PL,47.05541,-0.85939,Plein jour,En agglomération,Giratoire,Normale,Deux véhicules - côté,,,,,,,,,,,1,2,6,1.0,3
201300027959,0013-04-05 05:25:00,13,4,5,5,25,490,99,"9, VICTOIRE (BD DE LA)",47.05718,-0.87701,Crépuscule ou aube,En agglomération,Hors intersection,Normale,Deux véhicules - côté,,,,,,,,,,,2,2,1,1.0,3
201300027960,0013-04-08 12:10:00,13,4,8,12,10,490,99,BOUET (AVENUE FRANCIS),47.05889,-0.8892,Plein jour,En agglomération,Hors intersection,Normale,Deux véhicules - arrière,,,,,,,,,,,1,2,1,1.0,2
201300027961,0013-04-17 14:45:00,13,4,17,14,45,490,99,COUBERTIN (BD PIERRE),47.0508,-0.87166,Plein jour,En agglomération,Giratoire,Normale,Autre collision,,,,,,,,,,,1,2,6,1.0,6
201300027962,0013-04-18 19:50:00,13,4,18,19,50,490,99,BICENTENAIRE DE 1793 (PL,47.05508,-0.85988,Plein jour,En agglomération,Giratoire,Normale,Deux véhicules - côté,,,,,,,,,,,1,2,6,1.0,3
201300027963,0013-05-09 22:00:00,13,5,9,22,0,490,99,LORRAINE (RUE DE),47.0561,-0.86085,Nuit avec éclairage allumé,En agglomération,Hors intersection,Normale,Autre collision,,,,,,,,,,,5,2,1,1.0,6
201300027964,0013-05-11 06:55:00,13,5,11,6,55,490,99,MOINIE(BOULEVARD DE LA ),47.05451,-0.90132,Crépuscule ou aube,En agglomération,Hors intersection,Normale,Autre collision,,,,,,,,,,,2,2,1,1.0,6
201300027965,0013-05-18 19:10:00,13,5,18,19,10,490,99,LA BRUYERE (RUE JEAN DE),47.05086,-0.85803,Plein jour,En agglomération,Intersection en X,Pluie forte,Deux véhicules - côté,,,,,,,,,,,1,2,2,3.0,3
201300027966,0013-05-19 00:35:00,13,5,19,0,35,490,99,"26, VENDEE (RUE DE LA )",47.05588,-0.88891,Nuit avec éclairage allumé,En agglomération,Hors intersection,Pluie forte,Autre collision,,,,,,,,,,,5,2,1,3.0,6
201300027967,0013-05-27 13:03:00,13,5,27,13,3,490,99,CHANZY (BOULEVARD GENERA,47.06897,-0.88217,Plein jour,En agglomération,Intersection en X,Normale,Autre collision,,,,,,,,,,,1,2,2,1.0,6
201300027968,0013-05-30 17:00:00,13,5,30,17,0,490,99,ANGERS (AVENUE D' ),47.08062,-0.82792,Plein jour,En agglomération,Hors intersection,Pluie légère,Deux véhicules - frontale,,,,,,,,,,,1,2,1,2.0,1
201300027969,0013-06-06 16:25:00,13,6,6,16,25,490,99,D'ARC (BD JEANNE),47.06324,-0.86597,Plein jour,En agglomération,Giratoire,Normale,Deux véhicules - arrière,,,,,,,,,,,1,2,6,1.0,2
201300027970,0013-06-11 14:40:00,13,6,11,14,40,490,99,66 FAIDHERBE (BD DU GEN),47.06769,-0.87896,Plein jour,En agglomération,Hors intersection,Pluie légère,Deux véhicules - côté,,,,,,,,,,,1,2,1,2.0,3
201300027971,0013-06-12 17:10:00,13,6,12,17,10,490,99,KENNEDY (AVENUE DU PR),47.04729,-0.8912,Plein jour,En agglomération,Hors intersection,Normale,Deux véhicules - arrière,,,,,,,,,,,1,2,1,1.0,2
201300027972,0013-06-13 13:10:00,13,6,13,13,10,490,99,"49, FAIDHERBE (BOULEVARD",47.06776,-0.87667,Plein jour,En agglomération,Hors intersection,Normale,Deux véhicules - frontale,,,,,,,,,,,1,2,1,1.0,1
201300027973,0013-06-17 15:15:00,13,6,17,15,15,490,99,TREILLE (BOULEVARD DE LA,47.05968,-0.9044,Plein jour,En agglomération,Autre intersection,Normale,Autre collision,,,,,,,,,,,1,2,9,1.0,6
201300027974,0013-06-27 08:30:00,13,6,27,8,30,490,99,"16, FOCH (AVENUE DU MARE",47.06164,-0.8878,Plein jour,En agglomération,Hors intersection,Normale,Deux véhicules - arrière,,,,,,,,,,,1,2,1,1.0,2
201300027975,0013-07-10 18:30:00,13,7,10,18,30,490,99,HOTEL DE VILLE (RUE DE L,47.05855,-0.87884,Plein jour,En agglomération,Hors intersection,Normale,Autre collision,,,,,,,,,,,1,2,1,1.0,6
201300027976,0013-07-16 16:55:00,13,7,16,16,55,490,99,PAGANNES (RUE DES),47.07502,-0.845,Plein jour,En agglomération,Giratoire,Normale,Autre collision,,,,,,,,,,,1,2,6,1.0,6
201300027977,0013-07-23 12:45:00,13,7,23,12,45,490,99,76 av hippodrome,47.03203,-0.88408,Plein jour,Hors agglomération,Hors intersection,Temps couvert,Autre collision,,,,,,,,,,,1,1,1,8.0,6
201300027978,0013-07-28 06:15:00,13,7,28,6,15,490,99,JAURES (RUE JEAN),47.06349,-0.88511,Plein jour,En agglomération,Hors intersection,Normale,Autre collision,,,,,,,,,,,1,2,1,1.0,6
201300027979,0013-07-29 20:25:00,13,7,29,20,25,490,99,"77, ETOILE (RUE DE L')",47.0664,-0.89006,Plein jour,En agglomération,Hors intersection,Normale,Autre collision,,,,,,,,,,,1,2,1,1.0,6
201300027980,0013-08-01 10:35:00,13,8,1,10,35,490,99,"65 bis, SAINT PIERRE (RU",,,Plein jour,En agglomération,Intersection en X,Normale,Autre collision,,,,,,,,,,,1,2,2,1.0,6
201300027981,0013-08-03 17:50:00,13,8,3,17,50,490,99,COMMERCE (RUE DU),,,Plein jour,En agglomération,Intersection en T,Normale,Autre collision,,,,,,,,,,,1,2,3,1.0,6
201300027982,0013-08-05 08:15:00,13,8,5,8,15,490,99,LECLERC (AVENUE DU MAREC,47.06318,-0.86569,Plein jour,En agglomération,Giratoire,Normale,Autre collision,,,,,,,,,,,1,2,6,1.0,6
201300027983,0013-08-06 22:40:00,13,8,6,22,40,490,99,"50, VENDEE (RUE DE LA )",,,Nuit avec éclairage allumé,En agglomération,Intersection en T,Normale,Deux véhicules - côté,,,,,,,,,,,5,2,3,1.0,3
201300027984,0013-08-15 20:10:00,13,8,15,20,10,490,99,"23, RD 20",,,Plein jour,Hors agglomération,Hors intersection,Normale,Autre collision,,,,,,,,,,,1,1,1,1.0,6
201300027985,0013-09-04 11:00:00,13,9,4,11,0,490,99,ARC (BOULEVRAD JEANNE D',,,Plein jour,En agglomération,Hors intersection,Normale,Autre collision,,,,,,,,,,,1,2,1,1.0,6
201300027986,0013-09-10 09:10:00,13,9,10,9,10,490,99,"7, HOCHE (RUE LAZARE)",,,Plein jour,En agglomération,Hors intersection,Temps éblouissant,Autre collision,,,,,,,,,,,1,2,1,7.0,6
201300027987,0013-09-24 08:05:00,13,9,24,8,5,490,99,"11, PLACE du 77e RI",47.06532,-0.87072,Plein jour,En agglomération,Hors intersection,Normale,Autre collision,,,,,,,,,,,1,2,1,1.0,6
201300027988,0013-09-26 13:15:00,13,9,26,13,15,490,99,TURBAUDIERES (BOULEVARD,,,Plein jour,En agglomération,Intersection en X,Pluie légère,Trois véhicules et plus - collisions multiples,,,,,,,,,,,1,2,2,2.0,5
201300027989,0013-09-26 17:54:00,13,9,26,17,54,490,99,"135, PASTEUR (RUE LOUIS)",,,Plein jour,En agglomération,Hors intersection,Normale,Autre collision,,,,,,,,,,,1,2,1,1.0,6
201300027990,0013-09-27 20:15:00,13,9,27,20,15,490,99,"10, HIPPODROME (AVENUE D",,,Nuit sans éclairage public,Hors agglomération,Hors intersection,Normale,Deux véhicules - frontale,,,,,,,,,,,3,1,1,1.0,1
201300027991,0013-10-14 12:00:00,13,10,14,12,0,490,99,MONDEMENT(RUE DE),47.06397,-0.88104,Plein jour,En agglomération,Autre intersection,Normale,Autre collision,,,,,,,,,,,1,2,9,1.0,6
201300027992,0013-10-14 19:45:00,13,10,14,19,45,490,99,VENDEE (RUE DE LA ),,,Nuit avec éclairage allumé,En agglomération,Intersection en T,Pluie légère,Deux véhicules - côté,,,,,,,,,,,5,2,3,2.0,3
201300027993,0013-10-18 08:00:00,13,10,18,8,0,490,99,"09, EUGENE BREMOND (RUE)",,,Plein jour,En agglomération,Hors intersection,Normale,Deux véhicules - côté,,,,,,,,,,,1,2,1,1.0,3
201300027994,0013-10-20 19:55:00,13,10,20,19,55,490,99,LORRAINE (RUE DE),,,Crépuscule ou aube,En agglomération,Intersection en T,Normale,Deux véhicules - côté,,,,,,,,,,,2,2,3,1.0,3
201300027995,0013-10-21 07:55:00,13,10,21,7,55,490,99,VC 5,,,Plein jour,Hors agglomération,Passage à niveau,Temps couvert,Autre collision,,,,,,,,,,,1,1,8,8.0,6
201300027996,0013-10-18 07:55:00,13,10,18,7,55,490,99,TOUTLEMONDE (RUE DE),,,Crépuscule ou aube,En agglomération,Autre intersection,Normale,Deux véhicules - arrière,,,,,,,,,,,2,2,9,1.0,2
201300027997,0013-10-24 10:20:00,13,10,24,10,20,490,99,STRASBOURG (BOULEVARD DE,,,Plein jour,En agglomération,Intersection en T,Normale,Deux véhicules - côté,,,,,,,,,,,1,2,3,1.0,3
201300027998,0013-11-03 08:30:00,13,11,3,8,30,490,99,"109, PASTEUR (RUE LOUIS)",,,Plein jour,En agglomération,Hors intersection,Pluie légère,Trois véhicules et plus - collisions multiples,,,,,,,,,,,1,2,1,2.0,5
201300027999,0013-11-07 10:00:00,13,11,7,10,0,490,99,RN 249,,,Plein jour,En agglomération,Hors intersection,Pluie légère,Deux véhicules - frontale,,,,,,,,,,,1,2,1,2.0,1
201300028000,0013-11-07 19:20:00,13,11,7,19,20,490,99,"60, MAINDRON (RUE)",47.05954,-0.88684,Nuit avec éclairage allumé,En agglomération,Hors intersection,Pluie légère,Deux véhicules - côté,,,,,,,,,,,5,2,1,2.0,3
201300028001,0013-11-22 11:45:00,13,11,22,11,45,490,99,RN160,,,Plein jour,En agglomération,Hors intersection,Normale,Deux véhicules - côté,,,,,,,,,,,1,2,1,1.0,3
201300028002,0013-12-06 17:40:00,13,12,6,17,40,490,99,GODINIERE (BOULEVARD DE,,,Crépuscule ou aube,En agglomération,Hors intersection,Normale,Deux véhicules - arrière,,,,,,,,,,,2,2,1,1.0,2
201300028003,0013-12-09 07:30:00,13,12,9,7,30,490,99,"16, TOUTLEMONDE (RUE DE)",,,Plein jour,En agglomération,Hors intersection,Normale,Deux véhicules - côté,,,,,,,,,,,1,2,1,1.0,3
201300028004,0013-12-11 20:50:00,13,12,11,20,50,490,99,LAENNEC (RUE DU DOCTEUR,,,Nuit avec éclairage allumé,En agglomération,Intersection en X,Normale,Deux véhicules - côté,,,,,,,,,,,5,2,2,1.0,3
201300028005,0013-12-11 08:00:00,13,12,11,8,0,490,99,"LE GAT BRUNET  ""lieu dit",,,Crépuscule ou aube,Hors agglomération,Hors intersection,Normale,Deux véhicules - frontale,,,,,,,,,,,2,1,1,1.0,1
201300028006,0013-12-13 19:15:00,13,12,13,19,15,490,99,"207, TROIS PROVINCES (AV",,,Nuit avec éclairage allumé,En agglomération,Hors intersection,Pluie légère,Trois véhicules et plus - en chaîne,,,,,,,,,,,5,2,1,2.0,4
201300028007,0013-12-17 08:35:00,13,12,17,8,35,490,99,DOROHOI (PLACE DE),,,Crépuscule ou aube,En agglomération,Giratoire,Normale,Autre collision,,,,,,,,,,,2,2,6,1.0,6
201300028008,0013-12-17 17:40:00,13,12,17,17,40,490,99,"10, MALLARME (RUE)",,,Nuit avec éclairage allumé,En agglomération,Hors intersection,Normale,Autre collision,,,,,,,,,,,5,2,1,1.0,6
201300028009,0013-12-18 17:40:00,13,12,18,17,40,490,99,"71, TRAVOT (PLACE )",,,Nuit avec éclairage allumé,En agglomération,Hors intersection,Normale,Autre collision,,,,,,,,,,,5,2,1,1.0,6
201300028010,0013-12-23 11:55:00,13,12,23,11,55,490,99,"08, GUTENBERG (RUE)",,,Plein jour,En agglomération,Intersection en X,Pluie légère,Deux véhicules - côté,,,,,,,,,,,1,2,2,2.0,3
201300028011,0013-01-03 08:05:00,13,1,3,8,5,490,328,BALZAC (AVENUE),47.25285,-0.08036,Crépuscule ou aube,En agglomération,Hors intersection,Normale,Autre collision,,,,,,,,,,,2,2,1,1.0,6
201300028012,0013-01-05 11:40:00,13,1,5,11,40,490,328,"327, LAMARTINE (RUE)",47.25215,-0.06827,Plein jour,En agglomération,Hors intersection,Normale,Autre collision,,,,,,,,,,,1,2,1,1.0,6
201300028013,0013-01-10 09:10:00,13,1,10,9,10,490,328,COMMENTRY (AVENUE),47.25308,-0.08043,Plein jour,En agglomération,Giratoire,Pluie légère,Deux véhicules - côté,,,,,,,,,,,1,2,6,2.0,3
201300028014,0013-01-11 08:15:00,13,1,11,8,15,490,328,FLEURET (ROND-POINT DU),47.28594,-0.04911,Crépuscule ou aube,Hors agglomération,Giratoire,Normale,Trois véhicules et plus - en chaîne,,,,,,,,,,,2,1,6,1.0,4
201300028015,0013-01-14 18:10:00,13,1,14,18,10,490,328,DE LATTRE DE TASSIGNY (B,47.26272,-0.09035,Crépuscule ou aube,En agglomération,Giratoire,Normale,Deux véhicules - arrière,,,,,,,,,,,2,2,6,1.0,2
201300028016,0013-01-21 21:55:00,13,1,21,21,55,490,328,"sans, ROLLETIERES (CHEMI",47.24671,-0.06375,Nuit sans éclairage public,En agglomération,Giratoire,Normale,Deux véhicules - côté,,,,,,,,,,,3,2,6,1.0,3
201300028017,0013-01-25 22:30:00,13,1,25,22,30,490,328,PRESSOIR (RUE DU),47.25154,-0.07745,Nuit avec éclairage non allumé,En agglomération,Intersection en X,Normale,Deux véhicules - côté,,,,,,,,,,,4,2,2,1.0,3
201300028018,0013-01-26 07:50:00,13,1,26,7,50,490,328,"sans, ROUEN (RUE DE)",47.27095,-0.06554,Nuit avec éclairage non allumé,En agglomération,Hors intersection,Normale,Sans collision,,,,,,,,,,,4,2,1,1.0,7
201300028019,0013-01-26 20:35:00,13,1,26,20,35,490,328,"sans, LOUCHEUR (RUE)",47.24605,-0.07042,Nuit avec éclairage non allumé,En agglomération,Intersection en X,Normale,Deux véhicules - côté,,,,,,,,,,,4,2,2,1.0,3
201300028020,0013-02-06 07:30:00,13,2,6,7,30,490,328,"615, JAGUENEAU (QUAI DU)",47.25173,-0.05873,Crépuscule ou aube,En agglomération,Hors intersection,Pluie forte,Deux véhicules - côté,,,,,,,,,,,2,2,1,3.0,3
201300028021,0013-02-08 22:05:00,13,2,8,22,5,490,328,MONTSOREAU (ROUTE DE) D,47.24622,-0.04015,Nuit sans éclairage public,Hors agglomération,Hors intersection,Normale,Sans collision,,,,,,,,,,,3,1,1,1.0,7
201300028022,0013-02-21 08:55:00,13,2,21,8,55,490,328,POMPIDOU (AVENUE G),47.26432,-0.09653,Plein jour,En agglomération,Hors intersection,Normale,Trois véhicules et plus - collisions multiples,,,,,,,,,,,1,2,1,1.0,5
201300028023,0013-02-22 17:40:00,13,2,22,17,40,490,328,ROCADE RD 347,47.24416,-0.10861,Plein jour,Hors agglomération,Hors intersection,Normale,Trois véhicules et plus - collisions multiples,,,,,,,,,,,1,1,1,1.0,5
201300028024,0013-02-24 04:30:00,13,2,24,4,30,490,328,"59, AMIOT (RUE JULES)",47.26103,-0.09835,Nuit avec éclairage non allumé,En agglomération,Hors intersection,Normale,Sans collision,,,,,,,,,,,4,2,1,1.0,7
201300028025,0013-02-26 08:20:00,13,2,26,8,20,490,328,GRANGE COURONNE (Rue),47.27337,-0.06938,Plein jour,En agglomération,Intersection en X,Normale,Deux véhicules - côté,,,,,,,,,,,1,2,2,1.0,3
201300028026,0013-02-26 17:15:00,13,2,26,17,15,490,328,"63, DESMARETS (RUE)",47.2459,-0.08923,Plein jour,En agglomération,Hors intersection,Normale,Autre collision,,,,,,,,,,,1,2,1,1.0,6
201300028027,0013-03-01 23:20:00,13,3,1,23,20,490,328,"15, PORTAIL LOUIS (RUE D",,,Nuit avec éclairage allumé,En agglomération,Hors intersection,Normale,Autre collision,,,,,,,,,,,5,2,1,1.0,6
201300028028,0013-03-03 07:45:00,13,3,3,7,45,490,328,GENNES (ROUTE DE),47.28178,-0.12191,Crépuscule ou aube,Hors agglomération,Hors intersection,Normale,Sans collision,,,,,,,,,,,2,1,1,1.0,7
201300028029,0013-03-07 14:00:00,13,3,7,14,0,490,328,CARNOT (QUAI),47.26148,-0.07705,Plein jour,En agglomération,Hors intersection,Normale,Deux véhicules - arrière,,,,,,,,,,,1,2,1,1.0,2
201300028030,0013-03-09 17:25:00,13,3,9,17,25,490,328,CHEVRE (RUE),47.24757,-0.0554,Plein jour,En agglomération,Intersection en T,Normale,Deux véhicules - côté,,,,,,,,,,,1,2,3,1.0,3
201300028031,0013-03-15 09:20:00,13,3,15,9,20,490,328,CHEMIN VERT (RUE DU),47.24922,-0.07731,Plein jour,En agglomération,Intersection en X,Normale,Autre collision,,,,,,,,,,,1,2,2,1.0,6
201300028032,0013-03-15 16:55:00,13,3,15,16,55,490,328,"53, ROUEN (RUE DE)",47.27009,-0.06656,Plein jour,En agglomération,Hors intersection,Normale,Deux véhicules - côté,,,,,,,,,,,1,2,1,1.0,3
201300028033,0013-03-20 18:25:00,13,3,20,18,25,490,328,PHAROUELLE (RUE),47.26639,-0.07357,Plein jour,En agglomération,Intersection en T,Normale,Autre collision,,,,,,,,,,,1,2,3,1.0,6
201300028034,0013-03-28 14:35:00,13,3,28,14,35,490,328,"sans, SENATORERIE (PLACE",47.26522,-0.10116,Plein jour,En agglomération,Giratoire,Normale,Deux véhicules - côté,,,,,,,,,,,1,2,6,1.0,3
201300028035,0013-03-29 17:00:00,13,3,29,17,0,490,328,ROCADE D 347,47.2467,-0.1059,Plein jour,Hors agglomération,Hors intersection,Pluie légère,Trois véhicules et plus - collisions multiples,,,,,,,,,,,1,1,1,2.0,5
201300028036,0013-04-03 19:35:00,13,4,3,19,35,490,328,HOCHE (RUE),47.25306,-0.08045,Plein jour,En agglomération,Giratoire,Normale,Deux véhicules - côté,,,,,,,,,,,1,2,6,1.0,3
201300028037,0013-04-05 12:07:00,13,4,5,12,7,490,328,ROCADE D 347,47.25012,-0.10234,Plein jour,Hors agglomération,Hors intersection,Pluie légère,Autre collision,,,,,,,,,,,1,1,1,2.0,6
201300028038,0013-04-14 16:50:00,13,4,14,16,50,490,328,CARROUSEL (Rd Point),47.26574,-0.09456,Plein jour,En agglomération,Giratoire,Normale,Sans collision,,,,,,,,,,,1,2,6,1.0,7
201300028039,0013-04-17 17:40:00,13,4,17,17,40,490,328,MARNE (BOULEVARD DE LA),47.23833,-0.07846,Plein jour,En agglomération,Intersection en T,Normale,Deux véhicules - côté,,,,,,,,,,,1,2,3,1.0,3
201300028040,0013-04-19 11:00:00,13,4,19,11,0,490,328,DACIER (RUE),47.2586,-0.07557,Plein jour,En agglomération,Intersection en X,Normale,Autre collision,,,,,,,,,,,1,2,2,1.0,6