accident_id,datetime,annee,mois,jour,heure,minute,departement,commune_insee,adresse,latitude,longitude,luminosite,agglomeration,intersection,meteo,collision,nb_vehicules,nb_usagers,nb_indemnes,nb_tues,nb_blesses_hosp,nb_blesses_legers,age_cond_1,age_cond_2,veh_type_cond_1,veh_type_cond_2,lum_code,agg_code,int_code,atm_code,col_code
201300028287,0013-12-09 13:40:00,13,12,9,13,40,500,376,RUE PONT DE SOULLES,49.0378,-1.44487,Plein jour,En agglomération,Hors intersection,Normale,Autre collision,,,,,,,,,,,1,2,1,1.0,6
201300028288,0013-12-14 13:50:00,13,12,14,13,50,500,147,R. NORMANDIE/BD A. LORRA,49.0534,-1.44189,Plein jour,En agglomération,Intersection en T,Normale,Autre collision,,,,,,,,,,,1,2,3,1.0,6
201300028289,0013-01-01 10:23:00,13,1,1,10,23,500,218,AVENUE DES MATIGNONS,48.8379,-1.57174,Plein jour,En agglomération,Hors intersection,Normale,Autre collision,,,,,,,,,,,1,2,1,1.0,6
201300028290,0013-01-11 20:05:00,13,1,11,20,5,500,218,RUE COURAYE,48.8376,-1.5898,Nuit avec éclairage allumé,En agglomération,Hors intersection,Normale,Deux véhicules - côté,,,,,,,,,,,5,2,1,1.0,3
201300028291,0013-01-17 08:20:00,13,1,17,8,20,500,218,AVENUE DES MATIGNONS,48.8378,-1.56548,Plein jour,En agglomération,Hors intersection,Normale,Deux véhicules - arrière,,,,,,,,,,,1,2,1,1.0,2
201300028292,0013-02-03 13:35:00,13,2,3,13,35,500,218,RTE VILLEDIEU LES POELES,48.8374,-1.5404,Plein jour,Hors agglomération,Hors intersection,Normale,Autre collision,,,,,,,,,,,1,1,1,1.0,6
201300028293,0013-02-10 14:45:00,13,2,10,14,45,500,218,VOIE DE LIASON OUEST,48.8285,-1.54314,Plein jour,Hors agglomération,Intersection en X,Normale,Trois véhicules et plus - collisions multiples,,,,,,,,,,,1,1,2,1.0,5
201300028294,0013-02-11 10:00:00,13,2,11,10,0,500,218,RUE SAINT NICOLAS,48.8337,-1.56764,Plein jour,En agglomération,Hors intersection,Normale,Autre collision,,,,,,,,,,,1,2,1,1.0,6
201300028295,0013-02-20 17:50:00,13,2,20,17,50,500,218,RUE COURAYE,48.8374,-1.59201,Plein jour,En agglomération,Hors intersection,Normale,Trois véhicules et plus - collisions multiples,,,,,,,,,,,1,2,1,1.0,5
201300028296,0013-03-06 19:24:00,13,3,6,19,24,500,165,ROUTE DE COUTANCES,48.8539,-1.56503,Nuit avec éclairage allumé,En agglomération,Giratoire,Temps couvert,Autre collision,,,,,,,,,,,5,2,6,8.0,6
201300028297,0013-03-20 16:20:00,13,3,20,16,20,500,532,,48.8199,-1.55157,Plein jour,Hors agglomération,Intersection en T,Normale,Deux véhicules - côté,,,,,,,,,,,1,1,3,1.0,3
201300028298,0013-03-24 12:45:00,13,3,24,12,45,500,165,RUE DE LA GARE,48.8448,-1.58382,Plein jour,En agglomération,Hors intersection,Normale,Sans collision,,,,,,,,,,,1,2,1,1.0,7
201300028299,0013-03-31 18:55:00,13,3,31,18,55,500,532,"922, D 973 (D 572- LEZEA",,,Plein jour,Hors agglomération,Intersection en T,Normale,Deux véhicules - côté,,,,,,,,,,,1,1,3,1.0,3
201300028300,0013-04-02 09:00:00,13,4,2,9,0,500,532,LA MARECHALLERIE,48.8032,-1.52818,Plein jour,Hors agglomération,Hors intersection,Normale,Trois véhicules et plus - en chaîne,,,,,,,,,,,1,1,1,1.0,4
201300028301,0013-04-16 14:10:00,13,4,16,14,10,500,165,ROUTE DE COUTANCES,48.8527,-1.56769,Plein jour,En agglomération,Hors intersection,Normale,Deux véhicules - arrière,,,,,,,,,,,1,2,1,1.0,2
201300028302,0013-05-06 08:30:00,13,5,6,8,30,500,532,LA BRUYERE,48.7991,-1.55591,Plein jour,Hors agglomération,Intersection en X,Normale,Deux véhicules - côté,,,,,,,,,,,1,1,2,1.0,3
201300028303,0013-06-19 17:50:00,13,6,19,17,50,500,165,DU CHATEAU/PIERRE AIGUE,48.8526,-1.56259,Plein jour,En agglomération,Intersection en T,Normale,Deux véhicules - côté,,,,,,,,,,,1,2,3,1.0,3
201300028304,0013-06-27 11:20:00,13,6,27,11,20,500,532,RUE GRACE DE DIEU,48.8063,-1.56877,Plein jour,En agglomération,Autre intersection,Normale,Deux véhicules - côté,,,,,,,,,,,1,2,9,1.0,3
201300028305,0013-07-17 13:45:00,13,7,17,13,45,500,218,AVENUE DES MATIGNONS,48.838,-1.57842,Plein jour,En agglomération,Hors intersection,Normale,Autre collision,,,,,,,,,,,1,2,1,1.0,6
201300028306,0013-07-19 12:20:00,13,7,19,12,20,500,218,RUE MARECHAL LECLERC,48.8377,-1.58935,Plein jour,En agglomération,Giratoire,Normale,Deux véhicules - côté,,,,,,,,,,,1,2,6,1.0,3
201300028307,0013-07-24 18:10:00,13,7,24,18,10,500,532,RUE CHARLES MATHURIN,48.8099,-1.57053,Plein jour,En agglomération,Hors intersection,Normale,Deux véhicules - arrière,,,,,,,,,,,1,2,1,1.0,2
201300028308,0013-07-26 10:25:00,13,7,26,10,25,500,8,,48.8468,-1.54242,Plein jour,Hors agglomération,Hors intersection,Normale,Deux véhicules - arrière,,,,,,,,,,,1,1,1,1.0,2
201300028309,0013-07-18 10:00:00,13,7,18,10,0,500,532,RUE CHARLES MATHURIN,48.8084,-1.57053,Plein jour,En agglomération,Intersection en X,Normale,Trois véhicules et plus - en chaîne,,,,,,,,,,,1,2,2,1.0,4
201300028310,0013-08-08 18:10:00,13,8,8,18,10,500,218,ROUTE DE VILEDIEU,48.8376,-1.55239,Plein jour,En agglomération,Hors intersection,Normale,Trois véhicules et plus - collisions multiples,,,,,,,,,,,1,2,1,1.0,5
201300028311,0013-08-08 16:20:00,13,8,8,16,20,500,218,DU 2 EME ET 202 EME DE L,48.8365,-1.60455,Plein jour,En agglomération,Hors intersection,Normale,Sans collision,,,,,,,,,,,1,2,1,1.0,7
201300028312,0013-08-11 16:30:00,13,8,11,16,30,500,165,AVENUE DES MATIGNONS,48.8378,-1.57086,Plein jour,En agglomération,Hors intersection,Normale,Autre collision,,,,,,,,,,,1,2,1,1.0,6
201300028313,0013-07-13 03:10:00,13,7,13,3,10,500,532,ROUTE DU CHESNAY,48.7997,-1.54073,Nuit sans éclairage public,Hors agglomération,Hors intersection,Normale,Sans collision,,,,,,,,,,,3,1,1,1.0,7
201300028314,0013-08-17 02:44:00,13,8,17,2,44,500,66,AVENUE D'AVRANCHES,48.7919,-1.56631,Nuit avec éclairage allumé,En agglomération,Autre intersection,Normale,Autre collision,,,,,,,,,,,5,2,9,1.0,6
201300028315,0013-08-23 13:25:00,13,8,23,13,25,500,218,RUE COURAYE,48.8374,-1.59121,Plein jour,En agglomération,Hors intersection,Normale,Deux véhicules - côté,,,,,,,,,,,1,2,1,1.0,3
201300028316,0013-08-14 08:40:00,13,8,14,8,40,500,218,ROND POINT SHERBONNE,48.8297,-1.5673,Plein jour,En agglomération,Giratoire,Normale,Deux véhicules - côté,,,,,,,,,,,1,2,6,1.0,3
201300028317,0013-09-09 17:00:00,13,9,9,17,0,500,165,AVENUE DES MATIGNONS,48.838,-1.58191,Plein jour,En agglomération,Hors intersection,Normale,Deux véhicules - côté,,,,,,,,,,,1,2,1,1.0,3
201300028318,0013-09-10 17:15:00,13,9,10,17,15,500,218,AV DU MARECHAL LECLERC,48.8379,-1.58752,Plein jour,En agglomération,Intersection en T,Normale,Deux véhicules - côté,,,,,,,,,,,1,2,3,1.0,3
201300028319,0013-10-09 07:30:00,13,10,9,7,30,500,532,RUE DE LA MAIRIE,48.8127,-1.56604,Nuit avec éclairage allumé,En agglomération,Giratoire,Temps couvert,Sans collision,,,,,,,,,,,5,2,6,8.0,7
201300028320,0013-10-15 19:15:00,13,10,15,19,15,500,532,RUE GRACE DE DIEU,48.8063,-1.56878,Nuit avec éclairage allumé,En agglomération,Hors intersection,Temps couvert,Sans collision,,,,,,,,,,,5,2,1,8.0,7
201300028321,0013-10-23 12:05:00,13,10,23,12,5,500,165,AVENUE JEANNE JUGAN,48.8353,-1.58025,Plein jour,En agglomération,Hors intersection,Normale,Deux véhicules - côté,,,,,,,,,,,1,2,1,1.0,3
201300028322,0013-11-02 12:20:00,13,11,2,12,20,500,218,ROUTE DE VILLEDIEU,48.8374,-1.54362,Plein jour,Hors agglomération,Hors intersection,Normale,Deux véhicules - côté,,,,,,,,,,,1,1,1,1.0,3
201300028323,0013-11-05 11:20:00,13,11,5,11,20,500,218,PARKING M. BRICOLAGE,48.8375,-1.56015,Plein jour,En agglomération,Hors intersection,Normale,Sans collision,,,,,,,,,,,1,2,1,1.0,7
201300028324,0013-11-11 11:45:00,13,11,11,11,45,500,218,AVENUE DE L'EUROPE,48.8378,-1.56056,Plein jour,En agglomération,Hors intersection,Temps couvert,Autre collision,,,,,,,,,,,1,2,1,8.0,6
201300028325,0013-11-23 18:00:00,13,11,23,18,0,500,532,ROUTE DU CROISSANT,48.8142,-1.55226,Nuit avec éclairage allumé,En agglomération,Hors intersection,Pluie légère,Autre collision,,,,,,,,,,,5,2,1,2.0,6
201300028326,0013-11-27 17:35:00,13,11,27,17,35,500,532,,48.8226,-1.54949,Nuit sans éclairage public,Hors agglomération,Hors intersection,Normale,Deux véhicules - côté,,,,,,,,,,,3,1,1,1.0,3
201300028327,0013-11-28 18:35:00,13,11,28,18,35,500,218,AVENUE DES VENDEENS,48.8335,-1.57556,Nuit avec éclairage allumé,En agglomération,Hors intersection,Normale,Deux véhicules - arrière,,,,,,,,,,,5,2,1,1.0,2
201300028328,0013-12-05 20:15:00,13,12,5,20,15,500,165,RUE DU MOULIN,48.8472,-1.57805,Nuit avec éclairage allumé,En agglomération,Hors intersection,Normale,Autre collision,,,,,,,,,,,5,2,1,1.0,6
201300028329,0013-12-06 13:25:00,13,12,6,13,25,500,218,,48.8374,-1.53967,Plein jour,Hors agglomération,Giratoire,Normale,Sans collision,,,,,,,,,,,1,1,6,1.0,7
201300028330,0013-12-09 15:15:00,13,12,9,15,15,500,218,RUE DU PORT,48.8354,-1.60592,Plein jour,En agglomération,Hors intersection,Normale,Sans collision,,,,,,,,,,,1,2,1,1.0,7
201300028331,0013-12-10 19:10:00,13,12,10,19,10,500,532,RUE DE LA CHAPELLE STE A,48.8133,-1.56941,Nuit avec éclairage allumé,En agglomération,Hors intersection,Temps couvert,Sans collision,,,,,,,,,,,5,2,1,8.0,7
201300028332,0013-12-21 01:30:00,13,12,21,1,30,500,66,ROUTE DU CHESNAY,48.7842,-1.53313,Nuit sans éclairage public,Hors agglomération,Hors intersection,Normale,Autre collision,,,,,,,,,,,3,1,1,1.0,6
201300028333,0013-12-24 17:18:00,13,12,24,17,18,500,532,RUE VIEUX CHATEAU,48.8142,-1.56469,Nuit avec éclairage allumé,En agglomération,Intersection en X,Normale,Deux véhicules - côté,,,,,,,,,,,5,2,2,1.0,3
201300028334,0013-12-27 16:20:00,13,12,27,16,20,500,218,RUE DE LA LIBERATION,48.8391,-1.59617,Plein jour,En agglomération,Hors intersection,Pluie légère,Autre collision,,,,,,,,,,,1,2,1,2.0,6
201300028335,0013-01-01 16:35:00,13,1,1,16,35,500,502,ROUTE DE VILLEDIEU,49.1141,-1.09887,Plein jour,En agglomération,Hors intersection,Normale,Autre collision,,,,,,,,,,,1,2,1,1.0,6
201300028336,0013-01-05 08:10:00,13,1,5,8,10,500,502,,49.1003,-1.11528,Nuit sans éclairage public,Hors agglomération,Hors intersection,Normale,Autre collision,,,,,,,,,,,3,1,1,1.0,6
201300028337,0013-01-05 20:50:00,13,1,5,20,50,500,2,PARKING CENTRE LECLERC,49.1086,-1.13737,Nuit avec éclairage allumé,En agglomération,Intersection en T,Pluie légère,Deux véhicules - côté,,,,,,,,,,,5,2,3,2.0,3
201300028338,0013-01-08 13:55:00,13,1,8,13,55,500,502,RUE TORTERON,49.1144,-1.09515,Plein jour,En agglomération,Hors intersection,Normale,Autre collision,,,,,,,,,,,1,2,1,1.0,6
201300028339,0013-01-15 16:30:00,13,1,15,16,30,500,502,RUE SAINT JEAN,49.1121,-1.06246,Plein jour,En agglomération,Intersection en X,Normale,Deux véhicules - côté,,,,,,,,,,,1,2,2,1.0,3
201300028340,0013-01-19 19:30:00,13,1,19,19,30,500,502,DE LA MARNE/MAL DE LATTR,49.1131,-1.07946,Nuit avec éclairage allumé,En agglomération,Intersection en X,Normale,Trois véhicules et plus - collisions multiples,,,,,,,,,,,5,2,2,1.0,5
201300028341,0013-01-25 20:20:00,13,1,25,20,20,500,2,RN 174 (2X2) ROCREUIL-SO,49.1104,-1.12338,Nuit sans éclairage public,Hors agglomération,Hors intersection,Vent fort / tempête,Autre collision,,,,,,,,,,,3,1,1,6.0,6
201300028342,0013-02-15 17:45:00,13,2,15,17,45,500,502,RUE DES SYCOMORES,49.1088,-1.06227,Plein jour,En agglomération,Hors intersection,Normale,Sans collision,,,,,,,,,,,1,2,1,1.0,7
201300028343,0013-02-18 10:30:00,13,2,18,10,30,500,502,R DE LATTRE/ DE LA MARNE,49.1131,-1.07946,Plein jour,En agglomération,Intersection en X,Temps éblouissant,Deux véhicules - côté,,,,,,,,,,,1,2,2,7.0,3
201300028344,0013-03-14 14:50:00,13,3,14,14,50,500,502,CHEMIN DU VIEUX CANDOL,49.0991,-1.10989,Plein jour,En agglomération,Hors intersection,Normale,Deux véhicules - frontale,,,,,,,,,,,1,2,1,1.0,1
201300028345,0013-03-14 20:37:00,13,3,14,20,37,500,502,80EME ET 136EME TERRI,49.1135,-1.09055,Nuit avec éclairage allumé,En agglomération,Hors intersection,Normale,Autre collision,,,,,,,,,,,5,2,1,1.0,6
201300028346,0013-03-16 19:25:00,13,3,16,19,25,500,502,,49.0986,-1.09935,Nuit sans éclairage public,Hors agglomération,Hors intersection,Neige / grêle,Sans collision,,,,,,,,,,,3,1,1,4.0,7
201300028347,0013-03-23 10:30:00,13,3,23,10,30,500,502,ROUTE DE BAYEUX,49.1164,-1.05468,Plein jour,En agglomération,Intersection en T,Normale,Deux véhicules - côté,,,,,,,,,,,1,2,3,1.0,3
201300028348,0013-03-27 19:30:00,13,3,27,19,30,500,502,LATTRE DE TASSIGNY (rue,,,Nuit avec éclairage allumé,En agglomération,Intersection en X,Normale,Deux véhicules - côté,,,,,,,,,,,5,2,2,1.0,3
201300028349,0013-04-06 10:05:00,13,4,6,10,5,500,502,"700, PARIS",,,Plein jour,En agglomération,Place,Normale,Deux véhicules - arrière,,,,,,,,,,,1,2,7,1.0,2
201300028350,0013-04-09 18:50:00,13,4,9,18,50,500,502,BD DE STRASBOURG,49.0997,-1.09377,Plein jour,Hors agglomération,Hors intersection,Normale,Sans collision,,,,,,,,,,,1,1,1,1.0,7
201300028351,0013-04-10 15:50:00,13,4,10,15,50,500,502,RUE LEON JOUHAUX,49.1107,-1.05568,Plein jour,En agglomération,Intersection en T,Pluie légère,Deux véhicules - côté,,,,,,,,,,,1,2,3,2.0,3
201300028352,0013-05-17 19:15:00,13,5,17,19,15,500,502,MONT RUSSEL,49.1177,-1.0877,Plein jour,En agglomération,Intersection en T,Normale,Deux véhicules - côté,,,,,,,,,,,1,2,3,1.0,3
201300028353,0013-05-31 07:30:00,13,5,31,7,30,500,502,RUE HENRI DUNANT,49.1031,-1.11371,Plein jour,En agglomération,Giratoire,Normale,Deux véhicules - arrière,,,,,,,,,,,1,2,6,1.0,2
201300028354,0013-05-30 22:25:00,13,5,30,22,25,500,502,HAMEAU BOIVIN,49.1201,-1.04519,Nuit sans éclairage public,Hors agglomération,Hors intersection,Pluie forte,Sans collision,,,,,,,,,,,3,1,1,3.0,7
201300028355,0013-06-17 13:30:00,13,6,17,13,30,500,2,RUE DE BALTIMORE,49.1105,-1.09771,Plein jour,En agglomération,Intersection en T,Normale,Deux véhicules - côté,,,,,,,,,,,1,2,3,1.0,3
201300028356,0013-07-06 18:10:00,13,7,6,18,10,500,502,R MAL DE LATTRE DE TASSI,49.1092,-1.0737,Plein jour,En agglomération,Hors intersection,Normale,Deux véhicules - frontale,,,,,,,,,,,1,2,1,1.0,1
201300028357,0013-07-21 13:30:00,13,7,21,13,30,500,2,RN 174 (2X2) ROCREUIL-SO,49.113,-1.14664,Plein jour,Hors agglomération,Hors intersection,Normale,Sans collision,,,,,,,,,,,1,1,1,1.0,7
201300028358,0013-07-21 15:15:00,13,7,21,15,15,500,2,RN 174 (2X2) ROCREUIL-SO,49.1135,-1.1493,Plein jour,Hors agglomération,Hors intersection,Normale,Deux véhicules - côté,,,,,,,,,,,1,1,1,1.0,3
201300028359,0013-07-25 07:20:00,13,7,25,7,20,500,502,AVENUE DE PARIS,49.1163,-1.0563,Plein jour,En agglomération,Hors intersection,Normale,Deux véhicules - arrière,,,,,,,,,,,1,2,1,1.0,2
201300028360,0013-08-19 08:25:00,13,8,19,8,25,500,502,ROUTE DE TESSY,49.0933,-1.09272,Plein jour,Hors agglomération,Hors intersection,Normale,Deux véhicules - frontale,,,,,,,,,,,1,1,1,1.0,1
201300028361,0013-08-20 14:55:00,13,8,20,14,55,500,502,ROND POINT DE L'EUROPE,49.1058,-1.06877,Plein jour,En agglomération,Giratoire,Normale,Deux véhicules - côté,,,,,,,,,,,1,2,6,1.0,3
201300028362,0013-08-26 18:45:00,13,8,26,18,45,500,502,BOULEVARD DE LA COMMUNE,49.1071,-1.06043,Plein jour,Hors agglomération,Hors intersection,Normale,Deux véhicules - frontale,,,,,,,,,,,1,1,1,1.0,1
201300028363,0013-09-13 12:25:00,13,9,13,12,25,500,2,RN 174 (2X2) RP DE LA LI,49.1082,-1.11909,Plein jour,Hors agglomération,Hors intersection,Normale,Autre collision,,,,,,,,,,,1,1,1,1.0,6
201300028364,0013-09-13 12:50:00,13,9,13,12,50,500,502,AVENUE DES SYCOMORES,49.1089,-1.07224,Plein jour,En agglomération,Hors intersection,Pluie légère,Autre collision,,,,,,,,,,,1,2,1,2.0,6
201300028365,0013-09-14 09:38:00,13,9,14,9,38,500,2,ROND POINT ODYSSEE,49.1081,-1.13449,Plein jour,Hors agglomération,Giratoire,Normale,Deux véhicules - arrière,,,,,,,,,,,1,1,6,1.0,2
201300028366,0013-10-01 22:55:00,13,10,1,22,55,500,502,E DE SURVILLE/BALTIMORE,49.1105,-1.0953,Nuit avec éclairage allumé,En agglomération,Intersection en T,Temps couvert,Deux véhicules - frontale,,,,,,,,,,,5,2,3,8.0,1
201300028367,0013-10-08 12:15:00,13,10,8,12,15,500,2,ROUTE DE COUTANCES,49.1182,-1.10496,Plein jour,En agglomération,Hors intersection,Normale,Deux véhicules - frontale,,,,,,,,,,,1,2,1,1.0,1
201300028368,0013-10-13 11:50:00,13,10,13,11,50,500,321,LA COUDREE,49.1271,-1.07533,Plein jour,Hors agglomération,Hors intersection,Normale,Deux véhicules - côté,,,,,,,,,,,1,1,1,1.0,3
201300028369,0013-10-24 16:30:00,13,10,24,16,30,500,2,AVENUE BRIOVERE,49.1158,-1.09979,Plein jour,En agglomération,Hors intersection,Normale,Deux véhicules - côté,,,,,,,,,,,1,2,1,1.0,3
201300028370,0013-11-18 18:05:00,13,11,18,18,5,500,502,AVENUE DE PARIS,49.116,-1.06666,Nuit avec éclairage allumé,En agglomération,Hors intersection,Normale,Deux véhicules - côté,,,,,,,,,,,5,2,1,1.0,3
201300028371,0013-11-19 09:30:00,13,11,19,9,30,500,502,OC.FEUILLET/SAINT THOMAS,,,Plein jour,En agglomération,Intersection en X,Normale,Autre collision,,,,,,,,,,,1,2,2,1.0,6
201300028372,0013-11-19 18:45:00,13,11,19,18,45,500,502,R DE LATTRE DE TASSIGNY,49.1101,-1.07511,Nuit avec éclairage allumé,En agglomération,Hors intersection,Pluie légère,Autre collision,,,,,,,,,,,5,2,1,2.0,6
201300028373,0013-11-22 09:20:00,13,11,22,9,20,500,502,HAVIN/X CAPEL,49.1145,-1.09195,Plein jour,En agglomération,Giratoire,Temps couvert,Deux véhicules - côté,,,,,,,,,,,1,2,6,8.0,3
201300028374,0013-12-09 17:40:00,13,12,9,17,40,500,502,RUE BALTIMORE,49.1108,-1.09273,Nuit avec éclairage allumé,En agglomération,Hors intersection,Normale,Autre collision,,,,,,,,,,,5,2,1,1.0,6
201300028375,0013-12-13 18:30:00,13,12,13,18,30,500,502,RUE DE L'EXODE,49.1109,-1.09036,Nuit avec éclairage allumé,En agglomération,Intersection en X,Pluie légère,Autre collision,,,,,,,,,,,5,2,2,2.0,6
201300028376,0013-12-15 17:05:00,13,12,15,17,5,500,502,RUE TORTERON,49.1144,-1.09492,Crépuscule ou aube,En agglomération,Hors intersection,Pluie légère,Autre collision,,,,,,,,,,,2,2,1,2.0,6
201300028377,0013-12-20 18:00:00,13,12,20,18,0,500,502,RUE GRIMOUVILLE,49.1105,-1.08864,Nuit avec éclairage allumé,En agglomération,Hors intersection,Temps couvert,Autre collision,,,,,,,,,,,5,2,1,8.0,6
201300028378,0013-12-23 14:00:00,13,12,23,14,0,500,502,BD DE STRASBOURG,,,Plein jour,En agglomération,Hors intersection,Vent fort / tempête,Deux véhicules - côté,,,,,,,,,,,1,2,1,6.0,3
201300028379,0013-12-23 19:05:00,13,12,23,19,5,500,2,ROUTE DE COUTANCES,49.1081,-1.13988,Nuit sans éclairage public,Hors agglomération,Intersection en T,Pluie forte,Deux véhicules - frontale,,,,,,,,,,,3,1,3,3.0,1
201300028380,0013-02-13 09:55:00,13,2,13,9,55,510,108,RUE DES VIVIERS,,,Plein jour,En agglomération,Hors intersection,Normale,Autre collision,,,,,,,,,,,1,2,1,1.0,6
201300028381,0013-02-23 10:45:00,13,2,23,10,45,510,108,6 RUE GRANDE ETAPE,,,Plein jour,En agglomération,Hors intersection,Normale,Autre collision,,,,,,,,,,,1,2,1,1.0,6
201300028382,0013-03-04 17:45:00,13,3,4,17,45,510,108,QUAI EUGENE PERRIER,,,Plein jour,En agglomération,Hors intersection,Normale,Deux véhicules - côté,,,,,,,,,,,1,2,1,1.0,3
201300028383,0013-03-15 21:15:00,13,3,15,21,15,510,108,RUES SCHMIT/CLEMENCEAU,,,Nuit avec éclairage allumé,En agglomération,Intersection en X,Normale,Deux véhicules - côté,,,,,,,,,,,5,2,2,1.0,3
201300028384,0013-04-20 14:55:00,13,4,20,14,55,510,108,AVE DU PDT ROOSEVELT,,,Plein jour,En agglomération,Hors intersection,Normale,Autre collision,,,,,,,,,,,1,2,1,1.0,6
201300028385,0013-05-09 09:05:00,13,5,9,9,5,510,108,FBG ST ANTOINE/JACQUIERT,,,Plein jour,En agglomération,Intersection en X,Normale,Deux véhicules - côté,,,,,,,,,,,1,2,2,1.0,3
201300028386,0013-05-10 14:45:00,13,5,10,14,45,510,483,D3,,,Plein jour,En agglomération,Intersection en X,Normale,Sans collision,,,,,,,,,,,1,2,2,1.0,7
201300028387,0013-05-15 08:48:00,13,5,15,8,48,510,108,3 RUE DES BRASSERIES,,,Plein jour,En agglomération,Hors intersection,Pluie légère,Deux véhicules - frontale,,,,,,,,,,,1,2,1,2.0,1
201300028388,0013-05-16 14:15:00,13,5,16,14,15,510,504,N 44,,,Plein jour,Hors agglomération,Hors intersection,Pluie légère,Deux véhicules - arrière,,,,,,,,,,,1,1,1,2.0,2
201300028389,0013-06-14 01:10:00,13,6,14,1,10,510,108,13 RUE AUGUSTIN FRESNEL,,,Nuit avec éclairage allumé,En agglomération,Hors intersection,Normale,Deux véhicules - côté,,,,,,,,,,,5,2,1,1.0,3
201300028390,0013-06-19 18:25:00,13,6,19,18,25,510,108,AVE PRESIDENT ROOSEVELT,,,Plein jour,En agglomération,Hors intersection,Normale,Autre collision,,,,,,,,,,,1,2,1,1.0,6
201300028391,0013-06-25 01:30:00,13,6,25,1,30,510,453,N 44,,,Nuit sans éclairage public,Hors agglomération,Hors intersection,Normale,Sans collision,,,,,,,,,,,3,1,1,1.0,7
201300028392,0013-08-08 22:30:00,13,8,8,22,30,510,108,AVE DE GAULLE/R. KARR,,,Nuit avec éclairage allumé,En agglomération,Intersection en T,Normale,Deux véhicules - côté,,,,,,,,,,,5,2,3,1.0,3
201300028393,0013-08-30 07:02:00,13,8,30,7,2,510,108,PLACE DE VERDUN,,,Crépuscule ou aube,En agglomération,Place,Normale,Deux véhicules - côté,,,,,,,,,,,2,2,7,1.0,3
201300028394,0013-09-07 02:04:00,13,9,7,2,4,510,108,32 RUE JEAN JAURES,,,Nuit avec éclairage allumé,En agglomération,Hors intersection,Normale,Sans collision,,,,,,,,,,,5,2,1,1.0,7
201300028395,0013-10-13 16:50:00,13,10,13,16,50,510,108,RUES J. JAURES/DU TEMPLE,,,Plein jour,En agglomération,Intersection en X,Normale,Deux véhicules - côté,,,,,,,,,,,1,2,2,1.0,3
201300028396,0013-11-12 17:00:00,13,11,12,17,0,510,108,AVE SARRAIL/C. JACQUIERT,,,Plein jour,En agglomération,Intersection en T,Temps couvert,Deux véhicules - frontale,,,,,,,,,,,1,2,3,8.0,1
201300028397,0013-12-03 09:56:00,13,12,3,9,56,510,108,N44,,,Plein jour,Hors agglomération,Hors intersection,Normale,Deux véhicules - arrière,,,,,,,,,,,1,1,1,1.0,2
201300028398,0013-12-03 10:36:00,13,12,3,10,36,510,108,3 RUE PRIEUR DE LA MARNE,,,Plein jour,En agglomération,Hors intersection,Normale,Autre collision,,,,,,,,,,,1,2,1,1.0,6
201300028399,0013-12-16 16:35:00,13,12,16,16,35,510,453,GRANDE RUE/DE LA MARNE,,,Crépuscule ou aube,En agglomération,Intersection en T,Normale,Autre collision,,,,,,,,,,,2,2,3,1.0,6
201300028400,0013-12-19 16:12:00,13,12,19,16,12,510,108,09 CHAUSSEE DU PORT,,,Plein jour,En agglomération,Hors intersection,Pluie légère,Autre collision,,,,,,,,,,,1,2,1,2.0,6
201300028401,0013-02-01 11:20:00,13,2,1,11,20,510,230,PLACE P. MENDES FRANCE,,,Plein jour,En agglomération,Giratoire,Pluie légère,Deux véhicules - côté,,,,,,,,,,,1,2,6,2.0,3
201300028402,0013-02-01 18:15:00,13,2,1,18,15,510,230,RUE HOPITAL AUBAN MOET,,,Nuit avec éclairage allumé,En agglomération,Intersection en X,Pluie légère,Autre collision,,,,,,,,,,,5,2,2,2.0,6
201300028403,0013-02-27 19:00:00,13,2,27,19,0,510,431,LIEU DIT LE SACRE COEUR,,,Crépuscule ou aube,En agglomération,Hors intersection,Autre,Deux véhicules - frontale,,,,,,,,,,,2,2,1,9.0,1
201300028404,0013-05-28 18:25:00,13,5,28,18,25,510,230,11 AVE DU MARECHAL FOCH,,,Plein jour,En agglomération,Intersection en X,Normale,Autre collision,,,,,,,,,,,1,2,2,1.0,6
201300028405,0013-06-20 10:45:00,13,6,20,10,45,510,230,RUE J MOULIN/AV THEVENET,,,Plein jour,En agglomération,Intersection en X,Normale,Autre collision,,,,,,,,,,,1,2,2,1.0,6
201300028406,0013-08-11 12:55:00,13,8,11,12,55,510,230,BD DU CUBRY/PL. CARNOT,,,Plein jour,En agglomération,Place,Normale,Deux véhicules - côté,,,,,,,,,,,1,2,7,1.0,3
201300028407,0013-09-04 11:22:00,13,9,4,11,22,510,230,3 RUE SAINT THIBAULT,,,Plein jour,En agglomération,Hors intersection,Normale,Autre collision,,,,,,,,,,,1,2,1,1.0,6
201300028408,0013-10-07 15:00:00,13,10,7,15,0,510,230,AVENUE PAUL BERT,,,Plein jour,En agglomération,Intersection en X,Normale,Deux véhicules - côté,,,,,,,,,,,1,2,2,1.0,3
201300028409,0013-11-12 19:30:00,13,11,12,19,30,510,230,REMPART PERRIER,,,Nuit avec éclairage allumé,En agglomération,Hors intersection,Pluie légère,Autre collision,,,,,,,,,,,5,2,1,2.0,6
201300028410,0013-11-27 06:35:00,13,11,27,6,35,510,230,6 RUE DE VERDUN,,,Nuit avec éclairage allumé,En agglomération,Hors intersection,Normale,Deux véhicules - arrière,,,,,,,,,,,5,2,1,1.0,2