accident_id,datetime,annee,mois,jour,heure,minute,departement,commune_insee,adresse,latitude,longitude,luminosite,agglomeration,intersection,meteo,collision,nb_vehicules,nb_usagers,nb_indemnes,nb_tues,nb_blesses_hosp,nb_blesses_legers,age_cond_1,age_cond_2,veh_type_cond_1,veh_type_cond_2,lum_code,agg_code,int_code,atm_code,col_code
201300028411,0013-01-09 18:40:00,13,1,9,18,40,510,454,RUE LANDOUZY,,,Nuit avec éclairage allumé,En agglomération,Intersection en T,Normale,Deux véhicules - arrière,,,,,,,,,,,5,2,3,1.0,2
201300028412,0013-01-09 19:30:00,13,1,9,19,30,510,454,GAL DE GAULLE/COURLANCY,,,Nuit avec éclairage allumé,En agglomération,Intersection en X,Pluie légère,Autre collision,,,,,,,,,,,5,2,2,2.0,6
201300028413,0013-01-13 01:35:00,13,1,13,1,35,510,454,RUES GOSSET/DR LEMOINE,,,Nuit avec éclairage allumé,En agglomération,Intersection en X,Normale,Deux véhicules - côté,,,,,,,,,,,5,2,2,1.0,3
201300028414,0013-01-05 11:15:00,13,1,5,11,15,510,454,RUE EUGENE DESTEUQUE,,,Plein jour,En agglomération,Intersection en T,Normale,Autre collision,,,,,,,,,,,1,2,3,1.0,6
201300028415,0013-01-27 18:20:00,13,1,27,18,20,510,454,"4, WITRY (ROUTE DE)",,,Nuit avec éclairage allumé,En agglomération,Intersection en X,Normale,Trois véhicules et plus - collisions multiples,,,,,,,,,,,5,2,2,1.0,5
201300028416,0013-02-02 18:15:00,13,2,2,18,15,510,454,BD VICTOR HUGO/RUE GOIT,,,Nuit avec éclairage allumé,En agglomération,Intersection en X,Normale,Autre collision,,,,,,,,,,,5,2,2,1.0,6
201300028417,0013-02-08 07:40:00,13,2,8,7,40,510,454,P. MARCHANDEAU/BOCQUAINE,,,Crépuscule ou aube,En agglomération,Intersection en X,Autre,Autre collision,,,,,,,,,,,2,2,2,9.0,6
201300028418,0013-02-15 07:15:00,13,2,15,7,15,510,454,QUAI DU PRE AUX MOINES,,,Crépuscule ou aube,En agglomération,Hors intersection,Temps couvert,Autre collision,,,,,,,,,,,2,2,1,8.0,6
201300028419,0013-02-19 18:45:00,13,2,19,18,45,510,454,410 AVENUE DE LAON,,,Nuit avec éclairage allumé,En agglomération,Hors intersection,Normale,Deux véhicules - arrière,,,,,,,,,,,5,2,1,1.0,2
201300028420,0013-03-10 14:45:00,13,3,10,14,45,510,474,RUE DE LA LIBERATION,,,Plein jour,En agglomération,Hors intersection,Normale,Autre collision,,,,,,,,,,,1,2,1,1.0,6
201300028421,0013-03-22 16:30:00,13,3,22,16,30,510,454,3 RUE DE L'ESCAUT,,,Plein jour,En agglomération,Hors intersection,Normale,Deux véhicules - côté,,,,,,,,,,,1,2,1,1.0,3
201300028422,0013-04-02 15:40:00,13,4,2,15,40,510,454,RUE DE LA VICTOIRE,,,Plein jour,En agglomération,Hors intersection,Normale,Deux véhicules - arrière,,,,,,,,,,,1,2,1,1.0,2
201300028423,0013-04-12 21:25:00,13,4,12,21,25,510,454,AV BREBANT/RUE P. MAITRE,,,Nuit avec éclairage allumé,En agglomération,Intersection à plus de 4 branches,Autre,Deux véhicules - frontale,,,,,,,,,,,5,2,5,9.0,1
201300028424,0013-04-20 21:05:00,13,4,20,21,5,510,454,BOULEVARD LOUIS BARTHOU,,,Nuit avec éclairage non allumé,En agglomération,Hors intersection,Normale,Autre collision,,,,,,,,,,,4,2,1,1.0,6
201300028425,0013-04-25 18:25:00,13,4,25,18,25,510,172,RTE DE LOUVOIS/ TROUSSET,,,Plein jour,En agglomération,Intersection en T,Normale,Deux véhicules - côté,,,,,,,,,,,1,2,3,1.0,3
201300028426,0013-04-27 21:25:00,13,4,27,21,25,510,474,D75,,,Nuit avec éclairage allumé,En agglomération,Hors intersection,Normale,Autre collision,,,,,,,,,,,5,2,1,1.0,6
201300028427,0013-04-19 13:40:00,13,4,19,13,40,510,454,N51 OU BD POMMERY,,,Plein jour,En agglomération,Intersection en T,Normale,Autre collision,,,,,,,,,,,1,2,3,1.0,6
201300028428,0013-05-12 20:55:00,13,5,12,20,55,510,454,RUE EDOUARD MIGNOT,,,Plein jour,En agglomération,Intersection en X,Normale,Deux véhicules - côté,,,,,,,,,,,1,2,2,1.0,3
201300028429,0013-05-10 12:25:00,13,5,10,12,25,510,454,RUE RAOUL DUFY,,,Plein jour,En agglomération,Hors intersection,Normale,Autre collision,,,,,,,,,,,1,2,1,1.0,6
201300028430,0013-05-18 21:00:00,13,5,18,21,0,510,454,64 BOULEVARD POMMERY,,,Plein jour,En agglomération,Hors intersection,Normale,Deux véhicules - côté,,,,,,,,,,,1,2,1,1.0,3
201300028431,0013-05-12 15:30:00,13,5,12,15,30,510,454,COL FABIEN/PASSE DEMOISE,,,Plein jour,En agglomération,Intersection en T,Normale,Deux véhicules - arrière,,,,,,,,,,,1,2,3,1.0,2
201300028432,0013-05-25 21:55:00,13,5,25,21,55,510,573,13 RUE DE LA HAUTE BORNE,,,Crépuscule ou aube,En agglomération,Hors intersection,Normale,Autre collision,,,,,,,,,,,2,2,1,1.0,6
201300028433,0013-06-01 17:15:00,13,6,1,17,15,510,454,BD VAL DE VESLE/AV HOCHE,,,Plein jour,En agglomération,Intersection en T,Normale,Trois véhicules et plus - collisions multiples,,,,,,,,,,,1,2,3,1.0,5
201300028434,0013-05-15 13:40:00,13,5,15,13,40,510,454,241 AVENUE JEAN JAURES,,,Plein jour,En agglomération,Hors intersection,Normale,Autre collision,,,,,,,,,,,1,2,1,1.0,6
201300028435,0013-06-11 08:00:00,13,6,11,8,0,510,454,2 RUE DUMONT D'URVILLE,,,Plein jour,En agglomération,Hors intersection,Normale,Autre collision,,,,,,,,,,,1,2,1,1.0,6
201300028436,0013-06-15 20:45:00,13,6,15,20,45,510,55,16 ALLEE DES PRIMEVERES,,,Plein jour,En agglomération,Hors intersection,Normale,Autre collision,,,,,,,,,,,1,2,1,1.0,6
201300028437,0013-06-19 19:10:00,13,6,19,19,10,510,454,RUES ST BRICE/DES LILAS,,,Plein jour,En agglomération,Intersection en X,Pluie légère,Deux véhicules - côté,,,,,,,,,,,1,2,2,2.0,3
201300028438,0013-06-24 08:15:00,13,6,24,8,15,510,454,A34,,,Plein jour,Hors agglomération,Hors intersection,Pluie légère,Trois véhicules et plus - en chaîne,,,,,,,,,,,1,1,1,2.0,4
201300028439,0013-06-25 18:25:00,13,6,25,18,25,510,454,74 AVENUE JEAN JAURES,,,Plein jour,En agglomération,Intersection en X,Normale,Autre collision,,,,,,,,,,,1,2,2,1.0,6
201300028440,0013-07-08 11:15:00,13,7,8,11,15,510,454,13 BOULEVARD PAUL DOUMER,,,Plein jour,En agglomération,Intersection en X,Normale,Autre collision,,,,,,,,,,,1,2,2,1.0,6
201300028441,0013-07-13 22:32:00,13,7,13,22,32,510,454,BOULEVARD DU PDT WILSON,,,Nuit avec éclairage allumé,En agglomération,Intersection en T,Normale,Deux véhicules - frontale,,,,,,,,,,,5,2,3,1.0,1
201300028442,0013-07-15 17:10:00,13,7,15,17,10,510,454,BOULEVARD JULES CESAR,,,Plein jour,En agglomération,Hors intersection,Normale,Autre collision,,,,,,,,,,,1,2,1,1.0,6
201300028443,0013-07-19 10:40:00,13,7,19,10,40,510,454,BD PASTEUR/RUE LAGRIVE,,,Plein jour,En agglomération,Intersection en X,Normale,Autre collision,,,,,,,,,,,1,2,2,1.0,6
201300028444,0013-07-29 00:10:00,13,7,29,0,10,510,454,BOULEVARD LOUIS BARTHOU,,,Nuit avec éclairage allumé,En agglomération,Hors intersection,Normale,Autre collision,,,,,,,,,,,5,2,1,1.0,6
201300028445,0013-07-30 23:17:00,13,7,30,23,17,510,454,BD DE LA PAIX/R. GERBERT,,,Nuit avec éclairage allumé,En agglomération,Intersection en X,Normale,Deux véhicules - côté,,,,,,,,,,,5,2,2,1.0,3
201300028446,0013-08-15 19:00:00,13,8,15,19,0,510,454,1 CHAUSSEE BOCQUAINE,,,Plein jour,En agglomération,Hors intersection,Normale,Deux véhicules - arrière,,,,,,,,,,,1,2,1,1.0,2
201300028447,0013-08-21 13:05:00,13,8,21,13,5,510,454,PLACE DES BELGES,,,Plein jour,En agglomération,Giratoire,Normale,Deux véhicules - côté,,,,,,,,,,,1,2,6,1.0,3
201300028448,0013-08-21 14:20:00,13,8,21,14,20,510,454,1 RUE DU RENOUVEAU,,,Plein jour,En agglomération,Giratoire,Normale,Deux véhicules - côté,,,,,,,,,,,1,2,6,1.0,3
201300028449,0013-09-01 18:05:00,13,9,1,18,5,510,454,311 AVENUE DE LAON,,,Plein jour,En agglomération,Hors intersection,Normale,Autre collision,,,,,,,,,,,1,2,1,1.0,6
201300028450,0013-09-09 12:20:00,13,9,9,12,20,510,454,AVE DE GAULLE/COURLANCY,,,Plein jour,En agglomération,Intersection en X,Normale,Autre collision,,,,,,,,,,,1,2,2,1.0,6
201300028451,0013-09-21 19:50:00,13,9,21,19,50,510,454,2 BOULEVARD DAUPHINOT,,,Nuit avec éclairage allumé,En agglomération,Hors intersection,Normale,Autre collision,,,,,,,,,,,5,2,1,1.0,6
201300028452,0013-10-09 18:15:00,13,10,9,18,15,510,454,ALL. R. FONCK/G. VOISIN,,,Plein jour,En agglomération,Intersection en T,Pluie forte,Deux véhicules - côté,,,,,,,,,,,1,2,3,3.0,3
201300028453,0013-10-08 11:55:00,13,10,8,11,55,510,454,BD DU PRESIDENT WILSON,,,Plein jour,En agglomération,Intersection en T,Normale,Deux véhicules - côté,,,,,,,,,,,1,2,3,1.0,3
201300028454,0013-10-18 10:05:00,13,10,18,10,5,510,454,AVE EPERNAY/EISENHOWER,,,Plein jour,En agglomération,Intersection en X,Temps couvert,Deux véhicules - côté,,,,,,,,,,,1,2,2,8.0,3
201300028455,0013-10-19 20:20:00,13,10,19,20,20,510,454,D9/RUE DE VERZY,,,Nuit avec éclairage allumé,En agglomération,Intersection en X,Pluie légère,Deux véhicules - côté,,,,,,,,,,,5,2,2,2.0,3
201300028456,0013-10-23 07:10:00,13,10,23,7,10,510,454,1 RUE GOSSET,,,Crépuscule ou aube,En agglomération,Intersection en X,Normale,Deux véhicules - côté,,,,,,,,,,,2,2,2,1.0,3
201300028457,0013-10-23 23:05:00,13,10,23,23,5,510,454,RUES GOSSET/LA JUSTICE,,,Nuit avec éclairage allumé,En agglomération,Intersection en X,Normale,Deux véhicules - côté,,,,,,,,,,,5,2,2,1.0,3
201300028458,0013-11-05 21:35:00,13,11,5,21,35,510,454,7 BD DR HENRI HENROT,,,Nuit avec éclairage allumé,En agglomération,Intersection en Y,Pluie légère,Deux véhicules - frontale,,,,,,,,,,,5,2,4,2.0,1
201300028459,0013-11-09 21:20:00,13,11,9,21,20,510,454,BOULEVARD DIEU LUMIERE,,,Nuit avec éclairage allumé,En agglomération,Hors intersection,Normale,Autre collision,,,,,,,,,,,5,2,1,1.0,6
201300028460,0013-11-14 07:45:00,13,11,14,7,45,510,454,RUE DES ROMAINS/MIGNOT,,,Plein jour,En agglomération,Intersection en T,Normale,Autre collision,,,,,,,,,,,1,2,3,1.0,6
201300028461,0013-11-14 17:20:00,13,11,14,17,20,510,454,RUES DE BERRU/DE CERNAY,,,Nuit avec éclairage allumé,En agglomération,Intersection en X,Pluie légère,Deux véhicules - côté,,,,,,,,,,,5,2,2,2.0,3
201300028462,0013-11-23 17:00:00,13,11,23,17,0,510,454,R DE TALLEYRAND/DES ELUS,,,Nuit avec éclairage allumé,En agglomération,Intersection en T,Normale,Autre collision,,,,,,,,,,,5,2,3,1.0,6
201300028463,0013-11-29 11:45:00,13,11,29,11,45,510,454,23 AVENUE JEAN JAURES,,,Plein jour,En agglomération,Hors intersection,Normale,Autre collision,,,,,,,,,,,1,2,1,1.0,6
201300028464,0013-12-02 09:10:00,13,12,2,9,10,510,454,9 BD DOCTEUR H. HENROT,,,Plein jour,En agglomération,Autre intersection,Normale,Deux véhicules - frontale,,,,,,,,,,,1,2,9,1.0,1
201300028465,0013-12-02 19:25:00,13,12,2,19,25,510,454,46 BOULEVARD POMMERY,,,Nuit avec éclairage allumé,En agglomération,Hors intersection,Normale,Trois véhicules et plus - en chaîne,,,,,,,,,,,5,2,1,1.0,4
201300028466,0013-12-04 21:50:00,13,12,4,21,50,510,454,RUE DE CERNAY/DAVID,,,Nuit avec éclairage allumé,En agglomération,Intersection en X,Pluie légère,Deux véhicules - côté,,,,,,,,,,,5,2,2,2.0,3
201300028467,0013-12-06 17:20:00,13,12,6,17,20,510,454,RUE DE DOCTEUR LEMOINE,,,Nuit avec éclairage allumé,En agglomération,Hors intersection,Normale,Trois véhicules et plus - en chaîne,,,,,,,,,,,5,2,1,1.0,4
201300028468,0013-12-09 17:25:00,13,12,9,17,25,510,454,51 RUE MAZARIN,,,Crépuscule ou aube,En agglomération,Hors intersection,Normale,Autre collision,,,,,,,,,,,2,2,1,1.0,6
201300028469,0013-12-10 15:55:00,13,12,10,15,55,510,454,1 RUE HINCMAR,,,Crépuscule ou aube,En agglomération,Intersection en X,Normale,Autre collision,,,,,,,,,,,2,2,2,1.0,6
201300028470,0013-12-13 14:10:00,13,12,13,14,10,510,454,36 AVENUE DE PARIS,,,Plein jour,En agglomération,Hors intersection,Normale,Autre collision,,,,,,,,,,,1,2,1,1.0,6
201300028471,0013-01-12 11:00:00,13,1,12,11,0,520,121,"47, VICTOIRE DE LA MARNE",48.11286,5.14105,Plein jour,Hors agglomération,Hors intersection,Normale,Autre collision,,,,,,,,,,,1,1,1,1.0,6
201300028472,0013-02-06 09:45:00,13,2,6,9,45,520,121,"0, BOUCHARDON (RUE EDME)",48.11287,5.14028,Plein jour,En agglomération,Intersection en T,Neige / grêle,Deux véhicules - arrière,,,,,,,,,,,1,2,3,4.0,2
201300028473,0013-02-15 07:15:00,13,2,15,7,15,520,121,"0, REPUBLIQUE (AVENUE)",48.09874,5.14514,Nuit avec éclairage non allumé,En agglomération,Hors intersection,Normale,Autre collision,,,,,,,,,,,4,2,1,1.0,6
201300028474,0013-03-05 09:55:00,13,3,5,9,55,520,121,"16, VOLTAIRE (BOULEVARD)",48.11247,5.14274,Plein jour,En agglomération,Hors intersection,Normale,Autre collision,,,,,,,,,,,1,2,1,1.0,6
201300028475,0013-03-24 22:10:00,13,3,24,22,10,520,121,"0, THIERS (BLD)",48.10965,5.14324,Nuit avec éclairage allumé,En agglomération,Intersection en X,Normale,Deux véhicules - côté,,,,,,,,,,,5,2,2,1.0,3
201300028476,0013-04-04 18:05:00,13,4,4,18,5,520,121,RN 67,48.08671,5.10208,Plein jour,Hors agglomération,Intersection en X,Normale,Trois véhicules et plus - en chaîne,,,,,,,,,,,1,1,2,1.0,4
201300028477,0013-04-05 18:20:00,13,4,5,18,20,520,121,RN 67,48.08671,5.10208,Plein jour,Hors agglomération,Intersection en X,Normale,Deux véhicules - arrière,,,,,,,,,,,1,1,2,1.0,2
201300028478,0013-04-21 19:50:00,13,4,21,19,50,520,121,R.D. 65,48.11346,5.12063,Plein jour,Hors agglomération,Intersection en Y,Normale,Sans collision,,,,,,,,,,,1,1,4,1.0,7
201300028479,0013-05-02 12:19:00,13,5,2,12,19,520,121,RN 67,48.07934,5.08369,Plein jour,Hors agglomération,Intersection en X,Normale,Deux véhicules - arrière,,,,,,,,,,,1,1,2,1.0,2
201300028480,0013-05-24 10:10:00,13,5,24,10,10,520,121,"7, REPUBLIQUE (AVENUE)",48.10514,5.14305,Plein jour,En agglomération,Autre intersection,Normale,Autre collision,,,,,,,,,,,1,2,9,1.0,6
201300028481,0013-06-06 15:15:00,13,6,6,15,15,520,121,RD 619,48.1199,5.12996,Plein jour,Hors agglomération,Intersection en X,Normale,Deux véhicules - côté,,,,,,,,,,,1,1,2,1.0,3
201300028482,0013-06-18 15:00:00,13,6,18,15,0,520,121,"0, VAL PONCE (RUE DU)",48.08768,5.14458,Plein jour,En agglomération,Hors intersection,Normale,Autre collision,,,,,,,,,,,1,2,1,1.0,6
201300028483,0013-07-08 12:20:00,13,7,8,12,20,520,121,"0, BUXEREUILLES (RUE)",48.12493,5.13439,Plein jour,En agglomération,Intersection en T,Normale,Autre collision,,,,,,,,,,,1,2,3,1.0,6
201300028484,0013-08-22 17:10:00,13,8,22,17,10,520,121,"08, ALPHANDERY (RUE) PAI",48.10684,5.13601,Plein jour,En agglomération,Hors intersection,Normale,Autre collision,,,,,,,,,,,1,2,1,1.0,6
201300028485,0013-10-04 16:15:00,13,10,4,16,15,520,121,"0, PRIMEVERES (RUE DES)",48.09875,5.14695,Plein jour,En agglomération,Intersection en X,Normale,Deux véhicules - côté,,,,,,,,,,,1,2,2,1.0,3
201300028486,0013-10-24 07:50:00,13,10,24,7,50,520,121,"14, REPUBLIQUE (AVENUE)",48.10481,5.14261,Crépuscule ou aube,En agglomération,Hors intersection,Normale,Deux véhicules - arrière,,,,,,,,,,,2,2,1,1.0,2
201300028487,0013-11-27 21:35:00,13,11,27,21,35,520,121,RD 674,48.11593,5.16519,Nuit sans éclairage public,Hors agglomération,Giratoire,Normale,Autre collision,,,,,,,,,,,3,1,6,1.0,6
201300028488,0013-12-13 13:45:00,13,12,13,13,45,520,121,"0, PINEAU (AV CHRISTIAN",48.07332,5.14622,Plein jour,En agglomération,Hors intersection,Temps éblouissant,Autre collision,,,,,,,,,,,1,2,1,7.0,6
201300028489,0013-12-21 20:08:00,13,12,21,20,8,520,121,"27, VAL BARIZIEN (RUE)",48.1071,5.13273,Nuit avec éclairage allumé,En agglomération,Intersection en T,Normale,Autre collision,,,,,,,,,,,5,2,3,1.0,6
201300028490,0013-02-10 16:50:00,13,2,10,16,50,520,448,"27, TIMBAUD (AVENUE JEAN",48.4441,5.13878,Plein jour,En agglomération,Hors intersection,Normale,Autre collision,,,,,,,,,,,1,2,1,1.0,6
201300028491,0013-03-04 15:10:00,13,3,4,15,10,520,448,"1, CORNEE RENARD (AVENUE",48.64746,4.96491,Plein jour,En agglomération,Intersection en X,Normale,Deux véhicules - côté,,,,,,,,,,,1,2,2,1.0,3
201300028492,0013-06-07 06:15:00,13,6,7,6,15,520,448,"72, DESPRES (RUE DU DOCT",48.63574,4.93834,Plein jour,En agglomération,Hors intersection,Normale,Autre collision,,,,,,,,,,,1,2,1,1.0,6
201300028493,0013-06-22 18:35:00,13,6,22,18,35,520,448,RN67,48.64982,4.85099,Plein jour,Hors agglomération,Hors intersection,Normale,Deux véhicules - côté,,,,,,,,,,,1,1,1,1.0,3
201300028494,0013-07-11 17:00:00,13,7,11,17,0,520,448,"1, CHENE SAINT AMAND (Z.",48.62729,4.96019,Plein jour,En agglomération,Hors intersection,Temps éblouissant,Deux véhicules - arrière,,,,,,,,,,,1,2,1,7.0,2
201300028495,0013-08-03 20:25:00,13,8,3,20,25,520,448,"1, GAULLE (PLACE DU GENE",48.6369,4.95571,Plein jour,En agglomération,Hors intersection,Normale,Autre collision,,,,,,,,,,,1,2,1,1.0,6
201300028496,0013-08-17 06:20:00,13,8,17,6,20,520,448,"1, FRANCOIS 1ER (RUE)",48.63896,4.94383,Plein jour,En agglomération,Intersection en X,Normale,Deux véhicules - côté,,,,,,,,,,,1,2,2,1.0,3
201300028497,0013-08-30 18:10:00,13,8,30,18,10,520,448,RN4,48.64104,4.91079,Plein jour,Hors agglomération,Hors intersection,Normale,Autre collision,,,,,,,,,,,1,1,1,1.0,6
201300028498,0013-09-18 16:55:00,13,9,18,16,55,520,448,RN67,48.61095,5.00606,Plein jour,Hors agglomération,Hors intersection,Normale,Sans collision,,,,,,,,,,,1,1,1,1.0,7
201300028499,0013-09-23 13:25:00,13,9,23,13,25,520,448,"1, ALLENDE (BOULEVARD SA",48.64662,4.96932,Plein jour,En agglomération,Hors intersection,Normale,Autre collision,,,,,,,,,,,1,2,1,1.0,6
201300028500,0013-10-18 06:40:00,13,10,18,6,40,520,448,"28, MUSSET (RUE ALFRED D",48.63613,4.92525,Nuit avec éclairage allumé,En agglomération,Hors intersection,Normale,Autre collision,,,,,,,,,,,5,2,1,1.0,6
201300028501,0013-10-24 17:10:00,13,10,24,17,10,520,448,"1, MEROVINGIENS (rue des",48.62333,4.96569,Plein jour,En agglomération,Giratoire,Normale,Deux véhicules - côté,,,,,,,,,,,1,2,6,1.0,3
201300028502,0013-11-25 17:15:00,13,11,25,17,15,520,448,"63, SARRAIL (AVENUE DU G",48.64766,4.95682,Crépuscule ou aube,En agglomération,Hors intersection,Normale,Autre collision,,,,,,,,,,,2,2,1,1.0,6
201300028503,0013-01-28 09:35:00,13,1,28,9,35,530,130,"38, VAILLANT ( RUE EDOUA",48.0592,-0.79713,Plein jour,En agglomération,Hors intersection,Temps éblouissant,Deux véhicules - côté,,,,,,,,,,,1,2,1,7.0,3
201300028504,0013-01-31 07:40:00,13,1,31,7,40,530,130,CHANZY ( AVENUE DE ),48.06988,-0.74962,Nuit avec éclairage allumé,En agglomération,Intersection en X,Normale,Deux véhicules - côté,,,,,,,,,,,5,2,2,1.0,3
201300028505,0013-02-08 21:40:00,13,2,8,21,40,530,130,"112, COUBERTIN ( AVENUE",48.08034,-0.75805,Nuit avec éclairage allumé,En agglomération,Hors intersection,Normale,Autre collision,,,,,,,,,,,5,2,1,1.0,6
201300028506,0013-02-11 08:40:00,13,2,11,8,40,530,130,"34, FOSSES ( RUE DES )",48.06785,-0.77457,Plein jour,En agglomération,Hors intersection,Pluie légère,Autre collision,,,,,,,,,,,1,2,1,2.0,6
201300028507,0013-02-11 18:00:00,13,2,11,18,0,530,130,CHAPLET ( BOULEVARD FRED,48.06764,-0.78788,Nuit avec éclairage allumé,En agglomération,Hors intersection,Normale,Autre collision,,,,,,,,,,,5,2,1,1.0,6
201300028508,0013-03-16 12:10:00,13,3,16,12,10,530,130,TISSERANDS ( BOULEVARD D,48.06114,-0.75948,Plein jour,En agglomération,Hors intersection,Pluie légère,Autre collision,,,,,,,,,,,1,2,1,2.0,6
201300028509,0013-05-05 02:00:00,13,5,5,2,0,530,130,FOUGERES ( ROUTE DE ),48.09062,-0.8211,Nuit sans éclairage public,En agglomération,Hors intersection,Normale,Deux véhicules - frontale,,,,,,,,,,,3,2,1,1.0,1
201300028510,0013-06-14 06:05:00,13,6,14,6,5,530,54,RD 31 VERS FOUGERES,48.09415,-0.82609,Crépuscule ou aube,En agglomération,Hors intersection,Normale,Deux véhicules - frontale,,,,,,,,,,,2,2,1,1.0,1
201300028511,0013-06-21 05:00:00,13,6,21,5,0,530,34,RD 32 VERS LAVAL,48.1022,-0.62321,Nuit sans éclairage public,Hors agglomération,Hors intersection,Normale,Autre collision,,,,,,,,,,,3,1,1,1.0,6
201300028512,0013-06-27 10:15:00,13,6,27,10,15,530,130,"0, ACACIAS ( PLACE DE LA",48.06849,-0.77258,Plein jour,En agglomération,Hors intersection,Normale,Autre collision,,,,,,,,,,,1,2,1,1.0,6
201300028513,0013-07-12 20:45:00,13,7,12,20,45,530,54,REPUBLIQUE ( BOULEVARD D,48.09146,-0.75006,Plein jour,Hors agglomération,Hors intersection,Normale,Autre collision,,,,,,,,,,,1,1,1,1.0,6
201300028514,0013-07-18 17:30:00,13,7,18,17,30,530,34,RN 162 VERS ANGERS,48.07457,-0.73062,Plein jour,Hors agglomération,Hors intersection,Normale,Autre collision,,,,,,,,,,,1,1,1,1.0,6
201300028515,0013-07-22 23:25:00,13,7,22,23,25,530,130,"157, LE PECQ ( RUE BERNA",48.07524,-0.7844,Nuit avec éclairage allumé,En agglomération,Intersection en T,Normale,Deux véhicules - côté,,,,,,,,,,,5,2,3,1.0,3
201300028516,0013-07-22 21:20:00,13,7,22,21,20,530,54,DAHINIERES ( ZONE ARTISA,48.08954,-0.82113,Plein jour,Hors agglomération,Hors intersection,Normale,Autre collision,,,,,,,,,,,1,1,1,1.0,6
201300028517,0013-07-24 17:00:00,13,7,24,17,0,530,130,MONTRONS ( CHEMIN DES ),48.08541,-0.79185,Plein jour,Hors agglomération,Giratoire,Normale,Deux véhicules - côté,,,,,,,,,,,1,1,6,1.0,3
201300028518,0013-07-25 12:15:00,13,7,25,12,15,530,201,"9, TRIBOULLIERE ( BOULEV",48.07331,-0.80895,Plein jour,En agglomération,Hors intersection,Normale,Autre collision,,,,,,,,,,,1,2,1,1.0,6
201300028519,0013-09-04 17:45:00,13,9,4,17,45,530,34,RD 32 VERS LAVAL,48.0832,-0.70815,Plein jour,Hors agglomération,Intersection en T,Normale,Deux véhicules - arrière,,,,,,,,,,,1,1,3,1.0,2
201300028520,0013-08-29 14:40:00,13,8,29,14,40,530,130,ARAGO ( BOULEVARD ),48.06752,-0.73183,Plein jour,En agglomération,Hors intersection,Normale,Deux véhicules - côté,,,,,,,,,,,1,2,1,1.0,3
201300028521,0013-09-26 07:55:00,13,9,26,7,55,530,130,"0, HILARD ( RUE D' )",48.08127,-0.777,Plein jour,En agglomération,Intersection en T,Normale,Deux véhicules - côté,,,,,,,,,,,1,2,3,1.0,3
201300028522,0013-10-24 21:02:00,13,10,24,21,2,530,130,FOUQUET ( QUAI JEHAN ),48.06811,-0.76988,Nuit avec éclairage non allumé,En agglomération,Hors intersection,Pluie légère,Autre collision,,,,,,,,,,,4,2,1,2.0,6
201300028523,0013-11-14 19:50:00,13,11,14,19,50,530,130,"100, BOISSEL ( RUE VICTO",48.06395,-0.76064,Nuit avec éclairage non allumé,En agglomération,Intersection en X,Normale,Autre collision,,,,,,,,,,,4,2,2,1.0,6
201300028524,0013-11-16 18:45:00,13,11,16,18,45,530,130,"12, FOUGERES ( AVENUE DE",48.07596,-0.78566,Nuit avec éclairage allumé,En agglomération,Intersection en X,Normale,Deux véhicules - côté,,,,,,,,,,,5,2,2,1.0,3
201300028525,0013-12-09 18:15:00,13,12,9,18,15,530,130,8 MAI 1945 ( BOULEVARD D,48.06452,-0.78744,Nuit avec éclairage allumé,En agglomération,Hors intersection,Normale,Autre collision,,,,,,,,,,,5,2,1,1.0,6
201300028526,0013-12-09 18:50:00,13,12,9,18,50,530,130,"8, AVESNIERES ( QUAI D'",48.06537,-0.76781,Nuit avec éclairage allumé,En agglomération,Intersection en T,Normale,Deux véhicules - côté,,,,,,,,,,,5,2,3,1.0,3
201300028527,0013-12-18 19:50:00,13,12,18,19,50,530,130,GRUAU (boulevard Marius,48.07258,-0.80902,Nuit sans éclairage public,En agglomération,Hors intersection,Pluie forte,Autre collision,,,,,,,,,,,3,2,1,3.0,6
201300028528,0013-12-16 07:55:00,13,12,16,7,55,530,130,"106, HILARD ( RUE D' )",48.08163,-0.77712,Plein jour,En agglomération,Hors intersection,Temps couvert,Autre collision,,,,,,,,,,,1,2,1,8.0,6
201300028529,0013-04-18 10:57:00,13,4,18,10,57,540,36,RD 906,49.28287,5.95896,Plein jour,Hors agglomération,Hors intersection,Normale,Deux véhicules - frontale,,,,,,,,,,,1,1,1,1.0,1
201300028530,0013-07-06 18:05:00,13,7,6,18,5,540,99,103 (RN),49.2376,5.9431,Plein jour,Hors agglomération,Intersection en T,Normale,Deux véhicules - frontale,,,,,,,,,,,1,1,3,1.0,1
201300028531,0013-01-05 13:25:00,13,1,5,13,25,540,51,DEPARTEMENTALE 13,49.16399,5.95273,Plein jour,Hors agglomération,Hors intersection,Temps couvert,Deux véhicules - frontale,,,,,,,,,,,1,1,1,8.0,1
201300028532,0013-01-10 00:15:00,13,1,10,0,15,540,542,DEPARTEMENTALE 613,49.18786,5.89203,Nuit sans éclairage public,Hors agglomération,Hors intersection,Pluie légère,Sans collision,,,,,,,,,,,3,1,1,2.0,7
201300028533,0013-01-18 21:05:00,13,1,18,21,5,540,51,DEPARTEMENTALE 13,49.17161,5.96019,Nuit sans éclairage public,Hors agglomération,Hors intersection,Neige / grêle,Deux véhicules - frontale,,,,,,,,,,,3,1,1,4.0,1
201300028534,0013-02-04 07:45:00,13,2,4,7,45,540,273,"9, MOZART (RUE)",49.1578,5.88038,Plein jour,En agglomération,Hors intersection,Normale,Autre collision,,,,,,,,,,,1,2,1,1.0,6