accident_id,datetime,annee,mois,jour,heure,minute,departement,commune_insee,adresse,latitude,longitude,luminosite,agglomeration,intersection,meteo,collision,nb_vehicules,nb_usagers,nb_indemnes,nb_tues,nb_blesses_hosp,nb_blesses_legers,age_cond_1,age_cond_2,veh_type_cond_1,veh_type_cond_2,lum_code,agg_code,int_code,atm_code,col_code
201300028659,0013-03-19 15:55:00,13,3,19,15,55,540,395,KENNEDY (VIADUC),,,Plein jour,En agglomération,Hors intersection,Normale,Autre collision,,,,,,,,,,,1,2,1,1.0,6
201300028660,0013-03-20 17:30:00,13,3,20,17,30,540,304,"86 Ter, REPUBLIQUE (RUE",,,Plein jour,En agglomération,Hors intersection,Normale,Autre collision,,,,,,,,,,,1,2,1,1.0,6
201300028661,0013-03-19 12:55:00,13,3,19,12,55,540,274,"17, FOCH (RUE DU MARECHA",,,Plein jour,En agglomération,Hors intersection,Pluie légère,Trois véhicules et plus - collisions multiples,,,,,,,,,,,1,2,1,2.0,5
201300028662,0013-03-19 16:30:00,13,3,19,16,30,540,304,BOIS GRONEE (AVENUE DU),,,Plein jour,En agglomération,Hors intersection,Pluie légère,Deux véhicules - arrière,,,,,,,,,,,1,2,1,2.0,2
201300028663,0013-03-20 08:10:00,13,3,20,8,10,540,395,"7, LOUIS (RUE BARON)",,,Plein jour,En agglomération,Hors intersection,Pluie légère,Autre collision,,,,,,,,,,,1,2,1,2.0,6
201300028664,0013-03-23 22:20:00,13,3,23,22,20,540,304,BOIS GRONEE (AVENUE DU),,,Nuit avec éclairage allumé,En agglomération,Hors intersection,Pluie légère,Sans collision,,,,,,,,,,,5,2,1,2.0,7
201300028665,0013-03-26 12:45:00,13,3,26,12,45,540,357,METZ (ROUTE DE),,,Plein jour,En agglomération,Hors intersection,Normale,Deux véhicules - côté,,,,,,,,,,,1,2,1,1.0,3
201300028666,0013-03-26 12:50:00,13,3,26,12,50,540,304,SAPINIERE (RUE DE LA),,,Plein jour,En agglomération,Hors intersection,Normale,Deux véhicules - côté,,,,,,,,,,,1,2,1,1.0,3
201300028667,0013-03-29 02:00:00,13,3,29,2,0,540,526,"71, JAURES (BOULEVARD JE",,,Nuit avec éclairage allumé,En agglomération,Hors intersection,Normale,Sans collision,,,,,,,,,,,5,2,1,1.0,7
201300028668,0013-03-29 10:50:00,13,3,29,10,50,540,395,GREGOIRE (RUE DE L'ABBE),,,Plein jour,En agglomération,Hors intersection,Normale,Autre collision,,,,,,,,,,,1,2,1,1.0,6
201300028669,0013-03-29 22:05:00,13,3,29,22,5,540,395,"33, BOUDONVILLE (RUE DU",,,Nuit avec éclairage allumé,En agglomération,Intersection en X,Normale,Autre collision,,,,,,,,,,,5,2,2,1.0,6
201300028670,0013-04-04 08:30:00,13,4,4,8,30,540,395,FOUR (RUE DU),,,Plein jour,En agglomération,Hors intersection,Normale,Autre collision,,,,,,,,,,,1,2,1,1.0,6
201300028671,0013-04-04 17:45:00,13,4,4,17,45,540,547,"1, EUROPE (BOULEVARD DE",,,Plein jour,En agglomération,Hors intersection,Normale,Trois véhicules et plus - en chaîne,,,,,,,,,,,1,2,1,1.0,4
201300028672,0013-04-05 10:50:00,13,4,5,10,50,540,395,JOFFRE (Boulevard),,,Plein jour,En agglomération,Intersection en T,Normale,Deux véhicules - arrière,,,,,,,,,,,1,2,3,1.0,2
201300028673,0013-04-05 11:30:00,13,4,5,11,30,540,395,FOCH (AVENUE 2 A 16/,,,Plein jour,En agglomération,Intersection en T,Normale,Autre collision,,,,,,,,,,,1,2,3,1.0,6
201300028674,0013-04-05 17:45:00,13,4,5,17,45,540,395,METZ (RUE DE),,,Plein jour,En agglomération,Intersection en X,Normale,Deux véhicules - côté,,,,,,,,,,,1,2,2,1.0,3
201300028675,0013-04-05 18:20:00,13,4,5,18,20,540,395,"200, LIBERATION (AVENUE",,,Plein jour,En agglomération,Hors intersection,Normale,Deux véhicules - arrière,,,,,,,,,,,1,2,1,1.0,2
201300028676,0013-04-07 11:40:00,13,4,7,11,40,540,395,VITTEL (RUE DE),,,Plein jour,En agglomération,Intersection en X,Normale,Deux véhicules - côté,,,,,,,,,,,1,2,2,1.0,3
201300028677,0013-04-07 19:10:00,13,4,7,19,10,540,578,AIGUILLETTES  (ALLEE DES,,,Plein jour,En agglomération,Intersection en X,Normale,Deux véhicules - côté,,,,,,,,,,,1,2,2,1.0,3
201300028678,0013-04-08 17:25:00,13,4,8,17,25,540,304,SAONE (RUE DE LA),,,Plein jour,En agglomération,Hors intersection,Normale,Trois véhicules et plus - en chaîne,,,,,,,,,,,1,2,1,1.0,4
201300028679,0013-04-08 23:00:00,13,4,8,23,0,540,395,LEOPOLD (COURS),,,Nuit avec éclairage allumé,En agglomération,Hors intersection,Normale,Deux véhicules - côté,,,,,,,,,,,5,2,1,1.0,3
201300028680,0013-04-09 09:40:00,13,4,9,9,40,540,395,SAINT JEAN (RUE),,,Plein jour,En agglomération,Intersection en X,Pluie légère,Autre collision,,,,,,,,,,,1,2,2,2.0,6
201300028681,0013-04-09 13:20:00,13,4,9,13,20,540,357,"22, LAFAYETTE (RUE)",,,Plein jour,En agglomération,Hors intersection,Normale,Deux véhicules - frontale,,,,,,,,,,,1,2,1,1.0,1
201300028682,0013-04-09 18:05:00,13,4,9,18,5,540,395,ARC (RUE JEANNE D' N,,,Plein jour,En agglomération,Hors intersection,Pluie légère,Autre collision,,,,,,,,,,,1,2,1,2.0,6
201300028683,0013-04-09 19:00:00,13,4,9,19,0,540,482,"14, ALEXANDRE 1ER (RUE)",,,Plein jour,En agglomération,Hors intersection,Pluie légère,Autre collision,,,,,,,,,,,1,2,1,2.0,6
201300028684,0013-04-10 12:04:00,13,4,10,12,4,540,395,LOBAU (BOULEVARD),,,Plein jour,En agglomération,Intersection en T,Normale,Autre collision,,,,,,,,,,,1,2,3,1.0,6
201300028685,0013-04-10 14:54:00,13,4,10,14,54,540,395,MOROT (PLACE AIME),,,Plein jour,En agglomération,Hors intersection,Normale,Trois véhicules et plus - en chaîne,,,,,,,,,,,1,2,1,1.0,4
201300028686,0013-04-10 17:20:00,13,4,10,17,20,540,395,"34, BROT (RUE MARCEL)",,,Plein jour,En agglomération,Hors intersection,Normale,Deux véhicules - arrière,,,,,,,,,,,1,2,1,1.0,2
201300028687,0013-04-11 17:20:00,13,4,11,17,20,540,395,"151, LIBERATION (AVENUE",,,Plein jour,En agglomération,Hors intersection,Pluie légère,Deux véhicules - arrière,,,,,,,,,,,1,2,1,2.0,2
201300028688,0013-04-11 20:35:00,13,4,11,20,35,540,395,DOMINICAINS (RUE DES),,,Nuit avec éclairage allumé,En agglomération,Hors intersection,Normale,Autre collision,,,,,,,,,,,5,2,1,1.0,6
201300028689,0013-04-11 19:55:00,13,4,11,19,55,540,395,"145, MOUILLERON (RUE GAB",,,Nuit avec éclairage allumé,En agglomération,Hors intersection,Pluie légère,Deux véhicules - arrière,,,,,,,,,,,5,2,1,2.0,2
201300028690,0013-04-12 11:30:00,13,4,12,11,30,540,482,CARNOT (AVENUE),,,Plein jour,En agglomération,Hors intersection,Normale,Deux véhicules - côté,,,,,,,,,,,1,2,1,1.0,3
201300028691,0013-04-12 12:30:00,13,4,12,12,30,540,304,SAPINIERE (RUE DE LA),,,Plein jour,En agglomération,Hors intersection,Normale,Autre collision,,,,,,,,,,,1,2,1,1.0,6
201300028692,0013-04-12 16:20:00,13,4,12,16,20,540,274,OPALINSKA (rue Catherine,,,Plein jour,En agglomération,Intersection en X,Normale,Autre collision,,,,,,,,,,,1,2,2,1.0,6
201300028693,0013-04-14 18:55:00,13,4,14,18,55,540,547,LECLERC (AV. DU GENERAL,,,Plein jour,En agglomération,Hors intersection,Normale,Autre collision,,,,,,,,,,,1,2,1,1.0,6
201300028694,0013-04-15 09:30:00,13,4,15,9,30,540,395,LYAUTEY (RUE),,,Plein jour,En agglomération,Intersection en X,Normale,Deux véhicules - côté,,,,,,,,,,,1,2,2,1.0,3
201300028695,0013-04-16 21:35:00,13,4,16,21,35,540,395,MARIN (VIADUC LOUIS),,,Nuit avec éclairage allumé,En agglomération,Hors intersection,Normale,Deux véhicules - arrière,,,,,,,,,,,5,2,1,1.0,2
201300028696,0013-04-17 09:25:00,13,4,17,9,25,540,547,"6, EUROPE (BOULEVARD DE",,,Plein jour,En agglomération,Hors intersection,Normale,Autre collision,,,,,,,,,,,1,2,1,1.0,6
201300028697,0013-04-18 18:25:00,13,4,18,18,25,540,547,"22, CURIE (RUE PIERRE)",,,Plein jour,En agglomération,Hors intersection,Normale,Deux véhicules - arrière,,,,,,,,,,,1,2,1,1.0,2
201300028698,0013-04-25 18:50:00,13,4,25,18,50,540,395,FRANCE (AVENUE ANATOLE),,,Plein jour,En agglomération,Intersection en X,Normale,Deux véhicules - côté,,,,,,,,,,,1,2,2,1.0,3
201300028699,0013-04-25 20:20:00,13,4,25,20,20,540,184,RD 674,,,Plein jour,En agglomération,Hors intersection,Normale,Sans collision,,,,,,,,,,,1,2,1,1.0,7
201300028700,0013-04-25 21:40:00,13,4,25,21,40,540,547,EUROPE (BOULEVARD DE L'),,,Nuit avec éclairage allumé,En agglomération,Hors intersection,Normale,Autre collision,,,,,,,,,,,5,2,1,1.0,6
201300028701,0013-04-28 15:00:00,13,4,28,15,0,540,395,"70, BLANDAN (IMPASSE ET",,,Plein jour,En agglomération,Hors intersection,Normale,Autre collision,,,,,,,,,,,1,2,1,1.0,6
201300028702,0013-05-01 07:10:00,13,5,1,7,10,540,395,METZ (RUE DE),,,Plein jour,En agglomération,Intersection en X,Normale,Deux véhicules - frontale,,,,,,,,,,,1,2,2,1.0,1
201300028703,0013-05-03 18:18:00,13,5,3,18,18,540,357,LAFAYETTE (RUE),,,Plein jour,En agglomération,Intersection en T,Pluie légère,Deux véhicules - frontale,,,,,,,,,,,1,2,3,2.0,1
201300028704,0013-05-05 06:40:00,13,5,5,6,40,540,395,VILLERS (RUE DE),,,Crépuscule ou aube,En agglomération,Hors intersection,Normale,Autre collision,,,,,,,,,,,2,2,1,1.0,6
201300028705,0013-05-05 11:30:00,13,5,5,11,30,540,547,"298, LECLERC (AVENUE DU",,,Plein jour,En agglomération,Intersection en T,Normale,Deux véhicules - côté,,,,,,,,,,,1,2,3,1.0,3
201300028706,0013-05-06 17:00:00,13,5,6,17,0,540,395,FOCH (AVENUE 18 ET 9 A F,,,Plein jour,En agglomération,Hors intersection,Normale,Deux véhicules - arrière,,,,,,,,,,,1,2,1,1.0,2
201300028707,0013-05-07 20:10:00,13,5,7,20,10,540,339,"114, PASTEUR (RUE",,,Plein jour,En agglomération,Intersection en T,Normale,Deux véhicules - frontale,,,,,,,,,,,1,2,3,1.0,1
201300028708,0013-05-10 09:44:00,13,5,10,9,44,540,304,"0, ZOLA (RUE EMILE)",,,Nuit avec éclairage allumé,En agglomération,Hors intersection,Normale,Deux véhicules - arrière,,,,,,,,,,,5,2,1,1.0,2
201300028709,0013-05-10 15:20:00,13,5,10,15,20,540,395,MANSUY GAUVIN (RUE),,,Plein jour,En agglomération,Hors intersection,Normale,Deux véhicules - frontale,,,,,,,,,,,1,2,1,1.0,1
201300028710,0013-05-15 13:30:00,13,5,15,13,30,540,395,HERMITE (RUE),,,Plein jour,En agglomération,Intersection à plus de 4 branches,Pluie légère,Autre collision,,,,,,,,,,,1,2,5,2.0,6
201300028711,0013-05-20 13:20:00,13,5,20,13,20,540,395,LOBAU (BOULEVARD),,,Plein jour,En agglomération,Intersection en X,Pluie légère,Deux véhicules - côté,,,,,,,,,,,1,2,2,2.0,3
201300028712,0013-05-20 18:10:00,13,5,20,18,10,540,395,FRANCE (AVENUE ANATOLE),,,Plein jour,En agglomération,Intersection en X,Pluie légère,Deux véhicules - côté,,,,,,,,,,,1,2,2,2.0,3
201300028713,0013-05-23 14:25:00,13,5,23,14,25,540,395,SAINT DIZIER (RUE 2 A 80,,,Plein jour,En agglomération,Hors intersection,Pluie forte,Deux véhicules - côté,,,,,,,,,,,1,2,1,3.0,3
201300028714,0013-05-23 16:15:00,13,5,23,16,15,540,395,FRANCE (AVENUE ANATOLE),,,Plein jour,En agglomération,Intersection en X,Normale,Autre collision,,,,,,,,,,,1,2,2,1.0,6
201300028715,0013-05-23 19:20:00,13,5,23,19,20,540,184,"64, SOIXANTE NEUVIEME R.",,,Plein jour,En agglomération,Hors intersection,Temps couvert,Autre collision,,,,,,,,,,,1,2,1,8.0,6
201300028716,0013-05-24 20:25:00,13,5,24,20,25,540,274,"25, MOULIN (RUE DU)",,,Plein jour,En agglomération,Hors intersection,Normale,Autre collision,,,,,,,,,,,1,2,1,1.0,6
201300028717,0013-05-25 11:00:00,13,5,25,11,0,540,395,"09, VAUCOULEURS (RUE DE)",,,Plein jour,En agglomération,Hors intersection,Normale,Trois véhicules et plus - en chaîne,,,,,,,,,,,1,2,1,1.0,4
201300028718,0013-05-27 17:10:00,13,5,27,17,10,540,578,MULLER (AVENUE PAUL),,,Plein jour,En agglomération,Hors intersection,Normale,Deux véhicules - arrière,,,,,,,,,,,1,2,1,1.0,2
201300028719,0013-05-28 11:15:00,13,5,28,11,15,540,304,MEUSE (RUE DE LA),,,Plein jour,En agglomération,Hors intersection,Normale,Autre collision,,,,,,,,,,,1,2,1,1.0,6
201300028720,0013-05-28 15:05:00,13,5,28,15,5,540,304,RESISTANCE (AV. DE LA -I,,,Plein jour,En agglomération,Hors intersection,Normale,Deux véhicules - arrière,,,,,,,,,,,1,2,1,1.0,2
201300028721,0013-05-29 23:08:00,13,5,29,23,8,540,547,"33, JAURES (AVENUE JEAN)",,,Nuit avec éclairage allumé,En agglomération,Hors intersection,Normale,Deux véhicules - côté,,,,,,,,,,,5,2,1,1.0,3
201300028722,0013-05-30 09:10:00,13,5,30,9,10,540,395,"28, VINGT SIXIEME R.I. (",,,Plein jour,En agglomération,Hors intersection,Normale,Deux véhicules - côté,,,,,,,,,,,1,2,1,1.0,3
201300028723,0013-05-31 16:40:00,13,5,31,16,40,540,578,PIERRON (RUE DU CHANOINE,,,Plein jour,En agglomération,Hors intersection,Pluie forte,Autre collision,,,,,,,,,,,1,2,1,3.0,6
201300028724,0013-05-31 12:35:00,13,5,31,12,35,540,395,METZ (RUE DE),,,Plein jour,En agglomération,Intersection en X,Pluie légère,Deux véhicules - côté,,,,,,,,,,,1,2,2,2.0,3
201300028725,0013-06-01 10:00:00,13,6,1,10,0,540,395,CASSIN (RUE RENE),,,Plein jour,En agglomération,Hors intersection,Normale,Trois véhicules et plus - en chaîne,,,,,,,,,,,1,2,1,1.0,4
201300028726,0013-06-01 19:55:00,13,6,1,19,55,540,304,AIGUILLETTES  (BD 16 A 2,,,Plein jour,En agglomération,Intersection en X,Normale,Deux véhicules - côté,,,,,,,,,,,1,2,2,1.0,3
201300028727,0013-06-02 11:25:00,13,6,2,11,25,540,395,"0, VINGT SIXIEME R.I. (B",,,Plein jour,En agglomération,Intersection en T,Normale,Autre collision,,,,,,,,,,,1,2,3,1.0,6
201300028728,0013-06-04 08:50:00,13,6,4,8,50,540,395,ALBERT 1ER  (BD),,,Plein jour,En agglomération,Intersection en X,Normale,Deux véhicules - côté,,,,,,,,,,,1,2,2,1.0,3
201300028729,0013-06-04 18:05:00,13,6,4,18,5,540,395,"34, METZ (RUE DE)",,,Plein jour,En agglomération,Intersection en X,Normale,Deux véhicules - côté,,,,,,,,,,,1,2,2,1.0,3
201300028730,0013-06-06 17:00:00,13,6,6,17,0,540,25,RD 2,48.64902,6.27569,Plein jour,Hors agglomération,Hors intersection,Normale,Deux véhicules - arrière,,,,,,,,,,,1,1,1,1.0,2
201300028731,0013-06-08 09:30:00,13,6,8,9,30,540,578,MALRAUX (AVENUE ANDRE),,,Plein jour,En agglomération,Hors intersection,Normale,Autre collision,,,,,,,,,,,1,2,1,1.0,6
201300028732,0013-06-10 10:50:00,13,6,10,10,50,540,395,"59, BROT (RUE MARCEL)",,,Plein jour,En agglomération,Intersection en T,Normale,Deux véhicules - côté,,,,,,,,,,,1,2,3,1.0,3
201300028733,0013-06-11 15:50:00,13,6,11,15,50,540,482,"0, CARNOT (AVENUE)",,,Plein jour,En agglomération,Hors intersection,Normale,Autre collision,,,,,,,,,,,1,2,1,1.0,6
201300028734,0013-06-11 16:30:00,13,6,11,16,30,540,395,LIBERATION (AVENUE DE LA,,,Plein jour,En agglomération,Hors intersection,Normale,Deux véhicules - arrière,,,,,,,,,,,1,2,1,1.0,2
201300028735,0013-06-12 18:00:00,13,6,12,18,0,540,304,BOIS GRONEE (AVENUE DU),,,Plein jour,Hors agglomération,Hors intersection,Normale,Trois véhicules et plus - collisions multiples,,,,,,,,,,,1,1,1,1.0,5
201300028736,0013-06-13 15:40:00,13,6,13,15,40,540,482,"9, ALEXANDRE 1ER (RUE)",,,Plein jour,En agglomération,Hors intersection,Normale,Autre collision,,,,,,,,,,,1,2,1,1.0,6
201300028737,0013-06-15 14:15:00,13,6,15,14,15,540,395,"34, VAYRINGE (RUE)",48.70603,6.17664,Plein jour,En agglomération,Hors intersection,Normale,Deux véhicules - côté,,,,,,,,,,,1,2,1,1.0,3
201300028738,0013-06-16 11:40:00,13,6,16,11,40,540,395,"54, LAXOU (Rue de)",,,Plein jour,En agglomération,Hors intersection,Normale,Autre collision,,,,,,,,,,,1,2,1,1.0,6
201300028739,0013-06-16 18:40:00,13,6,16,18,40,540,395,FOURIER (RUE PIERRE),,,Plein jour,En agglomération,Hors intersection,Normale,Deux véhicules - arrière,,,,,,,,,,,1,2,1,1.0,2
201300028740,0013-06-17 09:45:00,13,6,17,9,45,540,395,CLEMENCEAU (BD GEORGES),,,Plein jour,En agglomération,Hors intersection,Normale,Deux véhicules - arrière,,,,,,,,,,,1,2,1,1.0,2
201300028741,0013-06-17 13:50:00,13,6,17,13,50,540,578,MULLER (AVENUE PAUL),,,Plein jour,En agglomération,Hors intersection,Normale,Trois véhicules et plus - en chaîne,,,,,,,,,,,1,2,1,1.0,4
201300028742,0013-06-17 19:55:00,13,6,17,19,55,540,547,JAURES (AVENUE JEAN),,,Plein jour,Hors agglomération,Intersection en X,Normale,Deux véhicules - côté,,,,,,,,,,,1,1,2,1.0,3
201300028743,0013-06-18 13:00:00,13,6,18,13,0,540,395,"31, SAINT JEAN (RUE)",,,Plein jour,En agglomération,Hors intersection,Normale,Autre collision,,,,,,,,,,,1,2,1,1.0,6
201300028744,0013-06-17 20:20:00,13,6,17,20,20,540,578,AIGUILLETTES  (ALLEE DES,,,Plein jour,En agglomération,Hors intersection,Normale,Autre collision,,,,,,,,,,,1,2,1,1.0,6
201300028745,0013-06-19 11:15:00,13,6,19,11,15,540,547,BARTHOU (BD LOUIS),,,Plein jour,En agglomération,Hors intersection,Normale,Autre collision,,,,,,,,,,,1,2,1,1.0,6
201300028746,0013-06-19 12:50:00,13,6,19,12,50,540,184,BRIGACHTAL (AVENUE DE),,,Plein jour,En agglomération,Hors intersection,Normale,Autre collision,,,,,,,,,,,1,2,1,1.0,6
201300028747,0013-06-20 19:50:00,13,6,20,19,50,540,395,LECLERC (AV. DU GENE,,,Plein jour,En agglomération,Intersection en Y,Normale,Autre collision,,,,,,,,,,,1,2,4,1.0,6
201300028748,0013-06-21 12:30:00,13,6,21,12,30,540,395,PINCHARD (AVENUE - OMBEL,,,Plein jour,En agglomération,Intersection en X,Normale,Sans collision,,,,,,,,,,,1,2,2,1.0,7
201300028749,0013-06-23 00:05:00,13,6,23,0,5,540,395,LECLERC (AV. DU GENE,,,Nuit avec éclairage allumé,En agglomération,Hors intersection,Normale,Autre collision,,,,,,,,,,,5,2,1,1.0,6
201300028750,0013-06-23 05:35:00,13,6,23,5,35,540,184,BRIGACHTAL (AVENUE DE),,,Crépuscule ou aube,En agglomération,Intersection en X,Pluie forte,Deux véhicules - côté,,,,,,,,,,,2,2,2,3.0,3
201300028751,0013-06-24 10:30:00,13,6,24,10,30,540,274,LECLERC (RUE DU GENERAL),,,Plein jour,En agglomération,Intersection en T,Normale,Deux véhicules - frontale,,,,,,,,,,,1,2,3,1.0,1
201300028752,0013-06-24 11:05:00,13,6,24,11,5,540,304,QUATRE VENTS (AVENUE DES,,,Plein jour,Hors agglomération,Hors intersection,Normale,Deux véhicules - arrière,,,,,,,,,,,1,1,1,1.0,2
201300028753,0013-06-24 17:10:00,13,6,24,17,10,540,578,MULLER (AVENUE PAUL),,,Plein jour,Hors agglomération,Intersection en Y,Pluie légère,Deux véhicules - arrière,,,,,,,,,,,1,1,4,2.0,2
201300028754,0013-06-25 08:08:00,13,6,25,8,8,540,395,ATRIE (RUE DE L'),,,Plein jour,En agglomération,Intersection en T,Normale,Autre collision,,,,,,,,,,,1,2,3,1.0,6
201300028755,0013-06-26 17:05:00,13,6,26,17,5,540,395,CHARLES III (RUE),,,Plein jour,En agglomération,Intersection en X,Normale,Autre collision,,,,,,,,,,,1,2,2,1.0,6
201300028756,0013-06-26 19:15:00,13,6,26,19,15,540,547,"121, LECLERC (AV. DU GEN",,,Plein jour,En agglomération,Intersection en Y,Normale,Trois véhicules et plus - collisions multiples,,,,,,,,,,,1,2,4,1.0,5
201300028757,0013-06-27 17:25:00,13,6,27,17,25,540,395,LIAISON A 330 / RD674,,,Plein jour,En agglomération,Hors intersection,Normale,Trois véhicules et plus - en chaîne,,,,,,,,,,,1,2,1,1.0,4
201300028758,0013-07-01 12:30:00,13,7,1,12,30,540,395,LECLERC (AV. DU GENE,,,Plein jour,En agglomération,Intersection en T,Normale,Deux véhicules - côté,,,,,,,,,,,1,2,3,1.0,3
201300028759,0013-07-01 09:10:00,13,7,1,9,10,540,395,LIBERATION (AVENUE DE LA,,,Plein jour,En agglomération,Intersection en T,Temps éblouissant,Deux véhicules - arrière,,,,,,,,,,,1,2,3,7.0,2
201300028760,0013-07-01 14:50:00,13,7,1,14,50,540,547,PASTEUR (RUE),,,Plein jour,En agglomération,Hors intersection,Normale,Deux véhicules - côté,,,,,,,,,,,1,2,1,1.0,3
201300028761,0013-07-02 13:34:00,13,7,2,13,34,540,395,MOROT (PLACE AIME),,,Plein jour,En agglomération,Place,Normale,Deux véhicules - arrière,,,,,,,,,,,1,2,7,1.0,2
201300028762,0013-07-02 14:20:00,13,7,2,14,20,540,578,"136, LECLERC (AVENUE DU",,,Plein jour,En agglomération,Hors intersection,Normale,Deux véhicules - côté,,,,,,,,,,,1,2,1,1.0,3
201300028763,0013-07-03 10:35:00,13,7,3,10,35,540,395,"159, ARC (RUE JEANNE D'",,,Plein jour,En agglomération,Hors intersection,Normale,Deux véhicules - arrière,,,,,,,,,,,1,2,1,1.0,2
201300028764,0013-07-06 18:45:00,13,7,6,18,45,540,395,LIBERATION (AVENUE DE LA,,,Plein jour,En agglomération,Hors intersection,Normale,Deux véhicules - arrière,,,,,,,,,,,1,2,1,1.0,2
201300028765,0013-07-07 11:00:00,13,7,7,11,0,540,357,"0, GAMBETTA (RUE)",,,Plein jour,En agglomération,Intersection en T,Normale,Autre collision,,,,,,,,,,,1,2,3,1.0,6
201300028766,0013-07-08 21:10:00,13,7,8,21,10,540,395,LIBERATION (AVENUE DE LA,,,Plein jour,En agglomération,Hors intersection,Normale,Deux véhicules - côté,,,,,,,,,,,1,2,1,1.0,3
201300028767,0013-07-09 11:50:00,13,7,9,11,50,540,578,"1, MALRAUX (AVENUE ANDRE",,,Plein jour,En agglomération,Hors intersection,Normale,Trois véhicules et plus - collisions multiples,,,,,,,,,,,1,2,1,1.0,5
201300028768,0013-07-09 16:10:00,13,7,9,16,10,540,547,PALISSY (RUE BERNARD),,,Plein jour,En agglomération,Intersection en T,Normale,Deux véhicules - frontale,,,,,,,,,,,1,2,3,1.0,1
201300028769,0013-07-09 17:55:00,13,7,9,17,55,540,304,"5, SAINTE ANNE (AVENUE)",,,Plein jour,En agglomération,Hors intersection,Normale,Deux véhicules - côté,,,,,,,,,,,1,2,1,1.0,3
201300028770,0013-07-06 09:30:00,13,7,6,9,30,540,257,SONGEUR (RUE LEON),,,Plein jour,En agglomération,Intersection en T,Normale,Sans collision,,,,,,,,,,,1,2,3,1.0,7
201300028771,0013-07-11 06:10:00,13,7,11,6,10,540,395,"1, VANNOZ (RUE MADAME DE",,,Plein jour,En agglomération,Intersection en X,Normale,Deux véhicules - côté,,,,,,,,,,,1,2,2,1.0,3
201300028772,0013-07-11 19:55:00,13,7,11,19,55,540,526,CONCORDE (AVENUE DE),,,Plein jour,En agglomération,Hors intersection,Normale,Deux véhicules - arrière,,,,,,,,,,,1,2,1,1.0,2
201300028773,0013-07-12 11:50:00,13,7,12,11,50,540,547,"1, AIGUILLETTES (BD 1 A",,,Plein jour,En agglomération,Hors intersection,Normale,Deux véhicules - arrière,,,,,,,,,,,1,2,1,1.0,2
201300028774,0013-07-12 22:37:00,13,7,12,22,37,540,357,"23, EINSTEIN (RUE ALBERT",,,Nuit avec éclairage allumé,En agglomération,Hors intersection,Normale,Deux véhicules - frontale,,,,,,,,,,,5,2,1,1.0,1
201300028775,0013-07-15 17:40:00,13,7,15,17,40,540,257,BREST (RUE DE),,,Plein jour,En agglomération,Hors intersection,Normale,Autre collision,,,,,,,,,,,1,2,1,1.0,6
201300028776,0013-07-16 10:25:00,13,7,16,10,25,540,395,GUYNEMER (RUE DU CAPITAI,,,Plein jour,En agglomération,Hors intersection,Normale,Deux véhicules - côté,,,,,,,,,,,1,2,1,1.0,3
201300028777,0013-07-16 13:20:00,13,7,16,13,20,540,395,"14, RIGNY (RUE DE)",,,Plein jour,En agglomération,Hors intersection,Normale,Autre collision,,,,,,,,,,,1,2,1,1.0,6
201300028778,0013-07-17 15:00:00,13,7,17,15,0,540,274,OPALINSKA (rue Catherine,,,Plein jour,En agglomération,Intersection en X,Normale,Deux véhicules - côté,,,,,,,,,,,1,2,2,1.0,3
201300028779,0013-07-18 12:10:00,13,7,18,12,10,540,184,"1, PARMENTIER (RUE)",,,Plein jour,En agglomération,Intersection en X,Normale,Deux véhicules - côté,,,,,,,,,,,1,2,2,1.0,3
201300028780,0013-07-18 16:10:00,13,7,18,16,10,540,395,"151, STRASBOURG (AVENUE",,,Plein jour,En agglomération,Hors intersection,Normale,Deux véhicules - côté,,,,,,,,,,,1,2,1,1.0,3
201300028781,0013-07-19 09:59:00,13,7,19,9,59,540,482,"1, BARTHOU (RUE LOUIS)",,,Plein jour,En agglomération,Hors intersection,Normale,Sans collision,,,,,,,,,,,1,2,1,1.0,7
201300028782,0013-07-19 08:40:00,13,7,19,8,40,540,395,BROT (RUE MARCEL),,,Plein jour,En agglomération,Hors intersection,Normale,Deux véhicules - côté,,,,,,,,,,,1,2,1,1.0,3
201300028783,0013-07-19 17:10:00,13,7,19,17,10,540,395,"1, MULHOUSE (RUE DE)",,,Plein jour,En agglomération,Intersection en X,Normale,Deux véhicules - frontale,,,,,,,,,,,1,2,2,1.0,1
201300028784,0013-07-21 16:00:00,13,7,21,16,0,540,482,PONT DE PIERRE (RUE DU),,,Plein jour,En agglomération,Hors intersection,Normale,Deux véhicules - arrière,,,,,,,,,,,1,2,1,1.0,2
201300028785,0013-07-21 18:40:00,13,7,21,18,40,540,547,GOETHE (RUE),,,Plein jour,En agglomération,Intersection en T,Normale,Deux véhicules - côté,,,,,,,,,,,1,2,3,1.0,3
201300028786,0013-07-21 20:00:00,13,7,21,20,0,540,184,"118, SOIXANTE NEUVIEME R",,,Plein jour,En agglomération,Hors intersection,Normale,Autre collision,,,,,,,,,,,1,2,1,1.0,6
201300028787,0013-07-21 23:35:00,13,7,21,23,35,540,395,QUATRE EGLISES (RUE DES,,,Nuit avec éclairage allumé,En agglomération,Hors intersection,Normale,Autre collision,,,,,,,,,,,5,2,1,1.0,6
201300028788,0013-07-19 11:23:00,13,7,19,11,23,540,395,MULHOUSE (RUE DE),,,Plein jour,En agglomération,Intersection en T,Normale,Autre collision,,,,,,,,,,,1,2,3,1.0,6
201300028789,0013-07-22 17:00:00,13,7,22,17,0,540,395,TIERCELINS (RUE DES),,,Plein jour,En agglomération,Intersection en T,Normale,Deux véhicules - côté,,,,,,,,,,,1,2,3,1.0,3