accident_id,datetime,annee,mois,jour,heure,minute,departement,commune_insee,adresse,latitude,longitude,luminosite,agglomeration,intersection,meteo,collision,nb_vehicules,nb_usagers,nb_indemnes,nb_tues,nb_blesses_hosp,nb_blesses_legers,age_cond_1,age_cond_2,veh_type_cond_1,veh_type_cond_2,lum_code,agg_code,int_code,atm_code,col_code
201300028790,0013-07-22 18:30:00,13,7,22,18,30,540,304,"24, ALBERT  (RUE ERNEST)",,,Plein jour,En agglomération,Hors intersection,Normale,Autre collision,,,,,,,,,,,1,2,1,1.0,6
201300028791,0013-07-23 11:25:00,13,7,23,11,25,540,395,"216, LIBERATION (AVENUE",,,Plein jour,En agglomération,Hors intersection,Normale,Deux véhicules - côté,,,,,,,,,,,1,2,1,1.0,3
201300028792,0013-07-23 17:25:00,13,7,23,17,25,540,274,SONGEUR (RUE LEON),,,Plein jour,En agglomération,Hors intersection,Normale,Deux véhicules - arrière,,,,,,,,,,,1,2,1,1.0,2
201300028793,0013-07-25 09:20:00,13,7,25,9,20,540,395,"51, BERTIN (RUE EMILE)",,,Plein jour,En agglomération,Hors intersection,Normale,Deux véhicules - côté,,,,,,,,,,,1,2,1,1.0,3
201300028794,0013-07-27 13:00:00,13,7,27,13,0,540,482,"0, CARNOT (AVENUE)",,,Plein jour,En agglomération,Intersection en T,Normale,Deux véhicules - côté,,,,,,,,,,,1,2,3,1.0,3
201300028795,0013-07-27 15:05:00,13,7,27,15,5,540,300,"199, GALTIER (RUE LUCIEN",48.66638,6.21348,Plein jour,En agglomération,Hors intersection,Normale,Autre collision,,,,,,,,,,,1,2,1,1.0,6
201300028796,0013-07-29 11:20:00,13,7,29,11,20,540,547,"0, BRIAND (RUE ARISTIDE)",,,Plein jour,En agglomération,Intersection en X,Normale,Deux véhicules - arrière,,,,,,,,,,,1,2,2,1.0,2
201300028797,0013-08-01 07:50:00,13,8,1,7,50,540,357,PATTON (AV. DU GENERAL),,,Plein jour,En agglomération,Hors intersection,Normale,Deux véhicules - arrière,,,,,,,,,,,1,2,1,1.0,2
201300028798,0013-08-01 21:42:00,13,8,1,21,42,540,395,"77, QUATRE EGLISES (RUE",,,Nuit avec éclairage allumé,En agglomération,Intersection en X,Normale,Autre collision,,,,,,,,,,,5,2,2,1.0,6
201300028799,0013-08-03 11:50:00,13,8,3,11,50,540,304,"100, ZOLA (RUE EMILE)",,,Plein jour,En agglomération,Hors intersection,Normale,Deux véhicules - côté,,,,,,,,,,,1,2,1,1.0,3
201300028800,0013-08-03 16:50:00,13,8,3,16,50,540,395,"1, FUSILLES (PONT DES)",,,Plein jour,En agglomération,Hors intersection,Normale,Deux véhicules - arrière,,,,,,,,,,,1,2,1,1.0,2
201300028801,0013-08-03 23:41:00,13,8,3,23,41,540,395,"54, LOBAU (BOULEVARD)",,,Nuit avec éclairage allumé,En agglomération,Intersection en T,Normale,Deux véhicules - côté,,,,,,,,,,,5,2,3,1.0,3
201300028802,0013-08-05 11:50:00,13,8,5,11,50,540,197,"1, RD 71",,,Plein jour,Hors agglomération,Hors intersection,Normale,Trois véhicules et plus - en chaîne,,,,,,,,,,,1,1,1,1.0,4
201300028803,0013-08-08 08:40:00,13,8,8,8,40,540,274,"1, LALO (RUE EDOUARD)",,,Plein jour,En agglomération,Hors intersection,Normale,Autre collision,,,,,,,,,,,1,2,1,1.0,6
201300028804,0013-08-10 20:40:00,13,8,10,20,40,540,339,"45, JERICHO (IMPASSE ET",,,Nuit avec éclairage allumé,En agglomération,Hors intersection,Normale,Autre collision,,,,,,,,,,,5,2,1,1.0,6
201300028805,0013-08-12 21:15:00,13,8,12,21,15,540,395,"0, BOUDONVILLE (RUE DU M",,,Nuit avec éclairage allumé,En agglomération,Intersection en X,Pluie légère,Deux véhicules - côté,,,,,,,,,,,5,2,2,2.0,3
201300028806,0013-08-14 12:20:00,13,8,14,12,20,540,395,MALZEVILLE (PONT DE),,,Plein jour,En agglomération,Intersection en X,Normale,Deux véhicules - côté,,,,,,,,,,,1,2,2,1.0,3
201300028807,0013-08-17 19:50:00,13,8,17,19,50,540,395,"102, BOUFFLERS (AV. DE 7",,,Plein jour,En agglomération,Hors intersection,Normale,Deux véhicules - côté,,,,,,,,,,,1,2,1,1.0,3
201300028808,0013-08-19 22:40:00,13,8,19,22,40,540,395,METZ (RUE DE),,,Nuit avec éclairage allumé,En agglomération,Intersection en X,Normale,Deux véhicules - côté,,,,,,,,,,,5,2,2,1.0,3
201300028809,0013-08-21 13:05:00,13,8,21,13,5,540,274,MALGRANGE (AVENUE DE LA),,,Plein jour,En agglomération,Intersection en T,Normale,Deux véhicules - côté,,,,,,,,,,,1,2,3,1.0,3
201300028810,0013-08-23 19:15:00,13,8,23,19,15,540,395,"23, LECLERC (AV. DU GENE",,,Plein jour,En agglomération,Hors intersection,Normale,Trois véhicules et plus - en chaîne,,,,,,,,,,,1,2,1,1.0,4
201300028811,0013-08-24 22:40:00,13,8,24,22,40,540,395,STANISLAS (RUE),,,Nuit avec éclairage allumé,En agglomération,Intersection en T,Normale,Autre collision,,,,,,,,,,,5,2,3,1.0,6
201300028812,0013-08-29 08:50:00,13,8,29,8,50,540,395,DIDION (RUE),,,Plein jour,En agglomération,Intersection en X,Normale,Deux véhicules - côté,,,,,,,,,,,1,2,2,1.0,3
201300028813,0013-09-02 21:00:00,13,9,2,21,0,540,547,AIGUILLETTES (BD 1 A 3),,,Nuit avec éclairage allumé,En agglomération,Intersection en X,Normale,Deux véhicules - côté,,,,,,,,,,,5,2,2,1.0,3
201300028814,0013-09-02 18:30:00,13,9,2,18,30,540,265,MIRECOURT (ROUTE DE),,,Plein jour,En agglomération,Hors intersection,Normale,Deux véhicules - côté,,,,,,,,,,,1,2,1,1.0,3
201300028815,0013-09-03 08:30:00,13,9,3,8,30,540,395,METZ (RUE DE),,,Plein jour,En agglomération,Hors intersection,Autre,Deux véhicules - côté,,,,,,,,,,,1,2,1,9.0,3
201300028816,0013-09-03 21:15:00,13,9,3,21,15,540,395,STRASBOURG (AVENUE DE),,,Nuit avec éclairage allumé,En agglomération,Intersection en T,Normale,Deux véhicules - côté,,,,,,,,,,,5,2,3,1.0,3
201300028817,0013-09-06 01:10:00,13,9,6,1,10,540,395,CLINCHANT (RUE DU GAL),,,Nuit avec éclairage allumé,En agglomération,Intersection en X,Normale,Autre collision,,,,,,,,,,,5,2,2,1.0,6
201300028818,0013-09-06 14:20:00,13,9,6,14,20,540,395,QUATRE EGLISES (RUE,,,Plein jour,En agglomération,Intersection en X,Normale,Deux véhicules - côté,,,,,,,,,,,1,2,2,1.0,3
201300028819,0013-09-06 18:30:00,13,9,6,18,30,540,274,FOCH (RUE DU MARECHAL),,,Plein jour,En agglomération,Hors intersection,Normale,Autre collision,,,,,,,,,,,1,2,1,1.0,6
201300028820,0013-09-09 09:00:00,13,9,9,9,0,540,395,TOMBLAINE (RUE DE),,,Plein jour,En agglomération,Intersection en T,Normale,Deux véhicules - arrière,,,,,,,,,,,1,2,3,1.0,2
201300028821,0013-09-09 09:45:00,13,9,9,9,45,540,300,ETANG DAMERY (RUE DE L'),,,Plein jour,En agglomération,Hors intersection,Normale,Autre collision,,,,,,,,,,,1,2,1,1.0,6
201300028822,0013-09-06 15:30:00,13,9,6,15,30,540,184,"3, SAUVAGE (rue Catherin",,,Plein jour,En agglomération,Hors intersection,Normale,Autre collision,,,,,,,,,,,1,2,1,1.0,6
201300028823,0013-09-12 08:55:00,13,9,12,8,55,540,357,RD 30,48.71017,6.1462,Plein jour,Hors agglomération,Hors intersection,Pluie légère,Autre collision,,,,,,,,,,,1,1,1,2.0,6
201300028824,0013-09-12 14:00:00,13,9,12,14,0,540,395,"50, SCARPONE (BD DE)",,,Plein jour,En agglomération,Hors intersection,Normale,Trois véhicules et plus - en chaîne,,,,,,,,,,,1,2,1,1.0,4
201300028825,0013-09-13 12:30:00,13,9,13,12,30,540,395,LEOPOLD (COURS),,,Plein jour,En agglomération,Hors intersection,Normale,Autre collision,,,,,,,,,,,1,2,1,1.0,6
201300028826,0013-09-18 08:00:00,13,9,18,8,0,540,395,"80, BLANDAN (IMPASSE ET",,,Plein jour,En agglomération,Hors intersection,Vent fort / tempête,Autre collision,,,,,,,,,,,1,2,1,6.0,6
201300028827,0013-09-18 08:40:00,13,9,18,8,40,540,395,"39, BOUFFLERS (AVENUE) D",,,Plein jour,En agglomération,Hors intersection,Pluie forte,Autre collision,,,,,,,,,,,1,2,1,3.0,6
201300028828,0013-09-18 09:25:00,13,9,18,9,25,540,357,CRUSNE (RUE DE LA),,,Plein jour,En agglomération,Hors intersection,Pluie légère,Autre collision,,,,,,,,,,,1,2,1,2.0,6
201300028829,0013-09-23 17:00:00,13,9,23,17,0,540,395,BROT (RUE MARCEL),,,Plein jour,En agglomération,Giratoire,Normale,Deux véhicules - arrière,,,,,,,,,,,1,2,6,1.0,2
201300028830,0013-09-20 14:20:00,13,9,20,14,20,540,395,JOFFRE (Boulevard),,,Plein jour,En agglomération,Intersection en T,Normale,Deux véhicules - côté,,,,,,,,,,,1,2,3,1.0,3
201300028831,0013-09-22 09:45:00,13,9,22,9,45,540,395,OUDINOT (RUE DU MAL),,,Plein jour,En agglomération,Intersection en X,Normale,Deux véhicules - côté,,,,,,,,,,,1,2,2,1.0,3
201300028832,0013-09-22 19:40:00,13,9,22,19,40,540,395,OBERLIN (RUE),,,Nuit avec éclairage allumé,En agglomération,Intersection en X,Normale,Sans collision,,,,,,,,,,,5,2,2,1.0,7
201300028833,0013-09-23 18:25:00,13,9,23,18,25,540,395,"165, LIBERATION (AVENUE",,,Plein jour,En agglomération,Hors intersection,Normale,Deux véhicules - côté,,,,,,,,,,,1,2,1,1.0,3
201300028834,0013-09-24 13:50:00,13,9,24,13,50,540,395,"109, BOUDONVILLE (RUE DU",,,Plein jour,En agglomération,Hors intersection,Normale,Autre collision,,,,,,,,,,,1,2,1,1.0,6
201300028835,0013-09-24 17:50:00,13,9,24,17,50,540,395,CONCORDE (PONT DE LA),,,Plein jour,Hors agglomération,Hors intersection,Normale,Trois véhicules et plus - en chaîne,,,,,,,,,,,1,1,1,1.0,4
201300028836,0013-09-24 18:10:00,13,9,24,18,10,540,184,BRIGACHTAL (AVENUE DE),,,Plein jour,En agglomération,Intersection en T,Normale,Deux véhicules - côté,,,,,,,,,,,1,2,3,1.0,3
201300028837,0013-09-25 10:00:00,13,9,25,10,0,540,395,"58/60, VINGT SIXIEME R.I",,,Plein jour,En agglomération,Hors intersection,Normale,Autre collision,,,,,,,,,,,1,2,1,1.0,6
201300028838,0013-09-25 13:05:00,13,9,25,13,5,540,547,MIRECOURT (ROUTE DE),,,Plein jour,En agglomération,Intersection en Y,Normale,Deux véhicules - arrière,,,,,,,,,,,1,2,4,1.0,2
201300028839,0013-09-27 11:35:00,13,9,27,11,35,540,274,"45, REPUBLIQUE (RUE DE L",,,Plein jour,En agglomération,Hors intersection,Normale,Autre collision,,,,,,,,,,,1,2,1,1.0,6
201300028840,0013-09-27 07:37:00,13,9,27,7,37,540,395,SAINT GEORGES (RUE),,,Crépuscule ou aube,En agglomération,Intersection en X,Normale,Autre collision,,,,,,,,,,,2,2,2,1.0,6
201300028841,0013-09-28 10:10:00,13,9,28,10,10,540,274,FAURE (RUE GABRIEL),,,Plein jour,En agglomération,Hors intersection,Normale,Deux véhicules - frontale,,,,,,,,,,,1,2,1,1.0,1
201300028842,0013-09-28 16:00:00,13,9,28,16,0,540,184,BRIGACHTAL (AVENUE DE),,,Plein jour,En agglomération,Intersection en T,Normale,Deux véhicules - côté,,,,,,,,,,,1,2,3,1.0,3
201300028843,0013-09-30 16:30:00,13,9,30,16,30,540,395,"0, ARC (RUE JEANNE D' N",,,Plein jour,En agglomération,Intersection en X,Normale,Deux véhicules - côté,,,,,,,,,,,1,2,2,1.0,3
201300028844,0013-10-03 17:05:00,13,10,3,17,5,540,184,FABERGE ( Allee Carl ),,,Plein jour,En agglomération,Hors intersection,Normale,Deux véhicules - côté,,,,,,,,,,,1,2,1,1.0,3
201300028845,0013-10-08 10:50:00,13,10,8,10,50,540,482,"63, ALEXANDRE 1ER (RUE)",,,Plein jour,En agglomération,Hors intersection,Normale,Autre collision,,,,,,,,,,,1,2,1,1.0,6
201300028846,0013-10-09 10:20:00,13,10,9,10,20,540,578,"0, AIGUILLETTES  (BD 5 A",,,Plein jour,En agglomération,Intersection en X,Normale,Deux véhicules - côté,,,,,,,,,,,1,2,2,1.0,3
201300028847,0013-10-11 09:09:00,13,10,11,9,9,540,395,KLEBER (RUE),,,Plein jour,En agglomération,Intersection en T,Pluie légère,Autre collision,,,,,,,,,,,1,2,3,2.0,6
201300028848,0013-10-11 16:30:00,13,10,11,16,30,540,395,"127, LOBAU (BOULEVARD)",,,Plein jour,En agglomération,Hors intersection,Normale,Deux véhicules - arrière,,,,,,,,,,,1,2,1,1.0,2
201300028849,0013-10-12 05:45:00,13,10,12,5,45,540,395,"10, LAMOUR (RUE JEAN)",,,Nuit avec éclairage allumé,En agglomération,Hors intersection,Normale,Autre collision,,,,,,,,,,,5,2,1,1.0,6
201300028850,0013-10-13 21:25:00,13,10,13,21,25,540,395,"23, HUGO (RUE VICTOR)",,,Nuit avec éclairage allumé,En agglomération,Hors intersection,Normale,Deux véhicules - arrière,,,,,,,,,,,5,2,1,1.0,2
201300028851,0013-10-11 11:00:00,13,10,11,11,0,540,482,MAINVAUX (RUE DE),,,Plein jour,En agglomération,Hors intersection,Normale,Deux véhicules - côté,,,,,,,,,,,1,2,1,1.0,3
201300028852,0013-10-15 19:00:00,13,10,15,19,0,540,395,TIERCELINS (RUE DES),,,Nuit avec éclairage allumé,En agglomération,Hors intersection,Pluie forte,Deux véhicules - arrière,,,,,,,,,,,5,2,1,3.0,2
201300028853,0013-10-16 07:30:00,13,10,16,7,30,540,25,"50, CHARTREUSE (AVENUE D",48.66174,6.24294,Nuit sans éclairage public,Hors agglomération,Hors intersection,Temps couvert,Deux véhicules - frontale,,,,,,,,,,,3,1,1,8.0,1
201300028854,0013-10-17 19:30:00,13,10,17,19,30,540,395,PINCHARD (AVENUE - OMBEL,,,Nuit avec éclairage allumé,En agglomération,Giratoire,Normale,Deux véhicules - côté,,,,,,,,,,,5,2,6,1.0,3
201300028855,0013-10-19 05:00:00,13,10,19,5,0,540,395,ISABEY (RUE),,,Nuit avec éclairage allumé,En agglomération,Intersection en X,Normale,Deux véhicules - frontale,,,,,,,,,,,5,2,2,1.0,1
201300028856,0013-10-19 08:30:00,13,10,19,8,30,540,395,LEBRUN (RUE ALBERT),,,Plein jour,En agglomération,Intersection en X,Normale,Deux véhicules - côté,,,,,,,,,,,1,2,2,1.0,3
201300028857,0013-10-21 10:35:00,13,10,21,10,35,540,395,"5, TIERCELINS (RUE DES)",,,Plein jour,En agglomération,Intersection en T,Normale,Deux véhicules - arrière,,,,,,,,,,,1,2,3,1.0,2
201300028858,0013-10-22 16:48:00,13,10,22,16,48,540,547,PERI (RUE GABRIEL),,,Plein jour,En agglomération,Hors intersection,Normale,Autre collision,,,,,,,,,,,1,2,1,1.0,6
201300028859,0013-10-22 08:55:00,13,10,22,8,55,540,395,"0, VINGTIEME CORPS (AVEN",,,Plein jour,En agglomération,Intersection en X,Normale,Autre collision,,,,,,,,,,,1,2,2,1.0,6
201300028860,0013-10-23 14:25:00,13,10,23,14,25,540,395,POINCARE (RUE RAYMOND 1-,,,Plein jour,En agglomération,Intersection en T,Normale,Autre collision,,,,,,,,,,,1,2,3,1.0,6
201300028861,0013-10-24 16:40:00,13,10,24,16,40,540,395,SAINT MANSUY (RUE),,,Plein jour,En agglomération,Intersection en Y,Autre,Deux véhicules - côté,,,,,,,,,,,1,2,4,9.0,3
201300028862,0013-10-25 15:20:00,13,10,25,15,20,540,304,RESISTANCE (AV. DE LA -I,,,Plein jour,En agglomération,Intersection en X,Normale,Deux véhicules - côté,,,,,,,,,,,1,2,2,1.0,3
201300028863,0013-10-25 16:30:00,13,10,25,16,30,540,547,"142, PERI (RUE GABRIEL)",,,Plein jour,En agglomération,Hors intersection,Normale,Autre collision,,,,,,,,,,,1,2,1,1.0,6
201300028864,0013-10-26 18:20:00,13,10,26,18,20,540,184,FERA (Rue Jean),,,Plein jour,En agglomération,Hors intersection,Normale,Deux véhicules - frontale,,,,,,,,,,,1,2,1,1.0,1
201300028865,0013-10-28 08:20:00,13,10,28,8,20,540,526,BARBUSSE (BD HENRI),,,Plein jour,En agglomération,Hors intersection,Normale,Autre collision,,,,,,,,,,,1,2,1,1.0,6
201300028866,0013-10-31 10:38:00,13,10,31,10,38,540,304,RESISTANCE (AV. DE LA -I,,,Plein jour,En agglomération,Hors intersection,Normale,Deux véhicules - arrière,,,,,,,,,,,1,2,1,1.0,2
201300028867,0013-11-03 08:30:00,13,11,3,8,30,540,304,RESISTANCE (AV. DE LA -I,,,Plein jour,En agglomération,Intersection en X,Autre,Deux véhicules - côté,,,,,,,,,,,1,2,2,9.0,3
201300028868,0013-11-03 20:00:00,13,11,3,20,0,540,274,DE GAULLE (AVENUE DU GAL,,,Nuit avec éclairage allumé,En agglomération,Intersection en T,Normale,Deux véhicules - côté,,,,,,,,,,,5,2,3,1.0,3
201300028869,0013-11-01 11:35:00,13,11,1,11,35,540,395,KARLSRUHE (PLACE DE),,,Plein jour,En agglomération,Hors intersection,Normale,Deux véhicules - côté,,,,,,,,,,,1,2,1,1.0,3
201300028870,0013-11-05 04:55:00,13,11,5,4,55,540,547,"0, ARC (AVENUE JEANNE D'",,,Nuit avec éclairage allumé,En agglomération,Intersection en T,Temps couvert,Deux véhicules - arrière,,,,,,,,,,,5,2,3,8.0,2
201300028871,0013-11-04 09:50:00,13,11,4,9,50,540,395,CHARLEMAGNE (BD),,,Plein jour,En agglomération,Hors intersection,Pluie légère,Deux véhicules - arrière,,,,,,,,,,,1,2,1,2.0,2
201300028872,0013-11-06 11:20:00,13,11,6,11,20,540,300,"1, GALTIER (RUE LUCIEN)",,,Plein jour,En agglomération,Hors intersection,Normale,Deux véhicules - arrière,,,,,,,,,,,1,2,1,1.0,2
201300028873,0013-11-07 20:00:00,13,11,7,20,0,540,547,"1, ARC (AVENUE JEANNE D'",,,Nuit avec éclairage allumé,En agglomération,Hors intersection,Normale,Deux véhicules - frontale,,,,,,,,,,,5,2,1,1.0,1
201300028874,0013-11-08 07:15:00,13,11,8,7,15,540,395,"145, LIBERATION (AVENUE",,,Crépuscule ou aube,En agglomération,Hors intersection,Pluie légère,Deux véhicules - arrière,,,,,,,,,,,2,2,1,2.0,2
201300028875,0013-11-09 15:30:00,13,11,9,15,30,540,395,"195, BOUFFLERS (AV. DE 7",,,Plein jour,En agglomération,Hors intersection,Normale,Autre collision,,,,,,,,,,,1,2,1,1.0,6
201300028876,0013-11-10 19:44:00,13,11,10,19,44,540,395,MOTHE (RUE DE LA),,,Nuit avec éclairage allumé,En agglomération,Intersection en X,Pluie légère,Deux véhicules - côté,,,,,,,,,,,5,2,2,2.0,3
201300028877,0013-11-12 17:00:00,13,11,12,17,0,540,482,CARNOT (AVENUE),,,Nuit avec éclairage allumé,En agglomération,Hors intersection,Normale,Autre collision,,,,,,,,,,,5,2,1,1.0,6
201300028878,0013-11-12 18:30:00,13,11,12,18,30,540,395,BOUFFLERS (AV. DE 74 A 3,,,Nuit avec éclairage allumé,En agglomération,Hors intersection,Normale,Deux véhicules - arrière,,,,,,,,,,,5,2,1,1.0,2
201300028879,0013-11-13 17:38:00,13,11,13,17,38,540,526,POTIER (RUE EUGENE),,,Plein jour,En agglomération,Intersection en X,Normale,Deux véhicules - côté,,,,,,,,,,,1,2,2,1.0,3
201300028880,0013-11-14 19:05:00,13,11,14,19,5,540,274,SONGEUR (RUE LEON),,,Nuit avec éclairage allumé,En agglomération,Hors intersection,Pluie légère,Autre collision,,,,,,,,,,,5,2,1,2.0,6
201300028881,0013-11-15 18:40:00,13,11,15,18,40,540,274,"104, REPUBLIQUE (RUE DE",,,Crépuscule ou aube,En agglomération,Hors intersection,Normale,Autre collision,,,,,,,,,,,2,2,1,1.0,6
201300028882,0013-11-18 14:40:00,13,11,18,14,40,540,184,SOIXANTE NEUVIEME R.I. (,,,Plein jour,En agglomération,Hors intersection,Normale,Autre collision,,,,,,,,,,,1,2,1,1.0,6
201300028883,0013-11-21 02:00:00,13,11,21,2,0,540,395,CHALNOT (RUE PIERRE),,,Nuit avec éclairage allumé,En agglomération,Hors intersection,Normale,Autre collision,,,,,,,,,,,5,2,1,1.0,6
201300028884,0013-11-21 13:25:00,13,11,21,13,25,540,395,"45, LOBAU (BOULEVARD)",,,Plein jour,En agglomération,Hors intersection,Neige / grêle,Deux véhicules - côté,,,,,,,,,,,1,2,1,4.0,3
201300028885,0013-11-22 08:00:00,13,11,22,8,0,540,395,"35, HUGO (RUE VICTOR)",,,Plein jour,En agglomération,Hors intersection,Pluie légère,Deux véhicules - côté,,,,,,,,,,,1,2,1,2.0,3
201300028886,0013-11-22 16:20:00,13,11,22,16,20,540,482,LECLERC (AVENUE DU GENER,,,Plein jour,En agglomération,Intersection en X,Normale,Deux véhicules - côté,,,,,,,,,,,1,2,2,1.0,3
201300028887,0013-11-23 16:26:00,13,11,23,16,26,540,265,ERABLES (AVENUE DES),,,Plein jour,En agglomération,Hors intersection,Normale,Autre collision,,,,,,,,,,,1,2,1,1.0,6
201300028888,0013-11-23 17:20:00,13,11,23,17,20,540,526,POTIER (RUE EUGENE),,,Plein jour,En agglomération,Hors intersection,Normale,Deux véhicules - côté,,,,,,,,,,,1,2,1,1.0,3
201300028889,0013-11-28 19:45:00,13,11,28,19,45,540,300,RD 400,,,Crépuscule ou aube,Hors agglomération,Hors intersection,Normale,Deux véhicules - côté,,,,,,,,,,,2,1,1,1.0,3
201300028890,0013-11-26 15:05:00,13,11,26,15,5,540,547,ECHTERNACH (RUE D'),,,Plein jour,En agglomération,Intersection en T,Temps éblouissant,Deux véhicules - côté,,,,,,,,,,,1,2,3,7.0,3
201300028891,0013-11-27 08:55:00,13,11,27,8,55,540,304,QUATRE VENTS (AVENUE DES,,,Plein jour,En agglomération,Hors intersection,Temps éblouissant,Deux véhicules - arrière,,,,,,,,,,,1,2,1,7.0,2
201300028892,0013-11-28 13:30:00,13,11,28,13,30,540,395,GARENNE (ALLEE ET AVENUE,,,Plein jour,En agglomération,Intersection en X,Pluie légère,Sans collision,,,,,,,,,,,1,2,2,2.0,7
201300028893,0013-11-29 08:45:00,13,11,29,8,45,540,395,LEOPOLD (COURS),,,Plein jour,En agglomération,Intersection en X,Normale,Deux véhicules - côté,,,,,,,,,,,1,2,2,1.0,3
201300028894,0013-11-29 18:15:00,13,11,29,18,15,540,578,"25, HAUT DE LA TAYE (RUE",,,Nuit avec éclairage allumé,En agglomération,Hors intersection,Pluie légère,Autre collision,,,,,,,,,,,5,2,1,2.0,6
201300028895,0013-11-30 03:10:00,13,11,30,3,10,540,526,"10, ALLENDE  (RUE SALVAD",,,Nuit avec éclairage allumé,En agglomération,Hors intersection,Pluie légère,Autre collision,,,,,,,,,,,5,2,1,2.0,6
201300028896,0013-12-02 09:10:00,13,12,2,9,10,540,339,"99, LECLERC (AVENUE ET I",,,Plein jour,En agglomération,Hors intersection,Normale,Deux véhicules - arrière,,,,,,,,,,,1,2,1,1.0,2
201300028897,0013-12-04 19:45:00,13,12,4,19,45,540,395,MIRECOURT (ROUTE DE),,,Nuit avec éclairage allumé,En agglomération,Hors intersection,Autre,Autre collision,,,,,,,,,,,5,2,1,9.0,6
201300028898,0013-12-03 09:40:00,13,12,3,9,40,540,395,BUQUET (RUE BARON),,,Plein jour,En agglomération,Hors intersection,Brouillard / fumée,Deux véhicules - côté,,,,,,,,,,,1,2,1,5.0,3
201300028899,0013-12-03 12:30:00,13,12,3,12,30,540,547,FRIBOURG (ALLEE DE),,,Plein jour,En agglomération,Hors intersection,Brouillard / fumée,Deux véhicules - côté,,,,,,,,,,,1,2,1,5.0,3
201300028900,0013-12-03 17:30:00,13,12,3,17,30,540,184,"108, SOIXANTE NEUVIEME R",,,Nuit avec éclairage allumé,En agglomération,Hors intersection,Brouillard / fumée,Deux véhicules - côté,,,,,,,,,,,5,2,1,5.0,3
201300028901,0013-12-05 12:05:00,13,12,5,12,5,540,395,"08, MANGIN (AVENUE DU GE",,,Plein jour,En agglomération,Hors intersection,Normale,Autre collision,,,,,,,,,,,1,2,1,1.0,6
201300028902,0013-12-05 11:45:00,13,12,5,11,45,540,395,VINGT SIXIEME R.I. (BOUL,,,Plein jour,En agglomération,Hors intersection,Normale,Deux véhicules - arrière,,,,,,,,,,,1,2,1,1.0,2
201300028903,0013-12-05 19:30:00,13,12,5,19,30,540,395,ARC ( RUE JEANNE D'N,,,Nuit avec éclairage allumé,En agglomération,Intersection en X,Vent fort / tempête,Autre collision,,,,,,,,,,,5,2,2,6.0,6
201300028904,0013-12-06 10:00:00,13,12,6,10,0,540,395,CHARLEMAGNE (BD),,,Plein jour,En agglomération,Hors intersection,Normale,Autre collision,,,,,,,,,,,1,2,1,1.0,6
201300028905,0013-12-11 19:00:00,13,12,11,19,0,540,526,RD 2 BIS,,,Nuit avec éclairage allumé,En agglomération,Hors intersection,Pluie légère,Deux véhicules - arrière,,,,,,,,,,,5,2,1,2.0,2
201300028906,0013-12-11 14:45:00,13,12,11,14,45,540,547,MIRECOURT (ROUTE DE),,,Plein jour,En agglomération,Hors intersection,Normale,Deux véhicules - arrière,,,,,,,,,,,1,2,1,1.0,2
201300028907,0013-12-11 16:20:00,13,12,11,16,20,540,395,JOFFRE (Boulevard),,,Plein jour,En agglomération,Hors intersection,Normale,Autre collision,,,,,,,,,,,1,2,1,1.0,6
201300028908,0013-12-11 20:15:00,13,12,11,20,15,540,395,AMERICAN LEGION  (BD DE,,,Nuit avec éclairage allumé,En agglomération,Hors intersection,Normale,Autre collision,,,,,,,,,,,5,2,1,1.0,6
201300028909,0013-12-11 11:25:00,13,12,11,11,25,540,395,OUDINOT (RUE DU MAL),,,Plein jour,En agglomération,Intersection en X,Brouillard / fumée,Deux véhicules - côté,,,,,,,,,,,1,2,2,5.0,3
201300028910,0013-12-13 13:36:00,13,12,13,13,36,540,395,PINCHARD (AVENUE - TAMAR,,,Plein jour,En agglomération,Hors intersection,Brouillard / fumée,Autre collision,,,,,,,,,,,1,2,1,5.0,6
201300028911,0013-12-13 15:40:00,13,12,13,15,40,540,395,"20, BATAILLE (QUAI DE LA",,,Plein jour,En agglomération,Hors intersection,Normale,Deux véhicules - arrière,,,,,,,,,,,1,2,1,1.0,2
201300028912,0013-12-13 16:25:00,13,12,13,16,25,540,547,"22, CHARMOIS (AVENUE DU)",,,Nuit avec éclairage allumé,En agglomération,Hors intersection,Brouillard / fumée,Deux véhicules - arrière,,,,,,,,,,,5,2,1,5.0,2
201300028913,0013-12-16 22:30:00,13,12,16,22,30,540,395,"1, VINGT SIXIEME R.I.",,,Nuit avec éclairage allumé,En agglomération,Hors intersection,Normale,Autre collision,,,,,,,,,,,5,2,1,1.0,6
201300028914,0013-12-16 20:20:00,13,12,16,20,20,540,395,CRISTALLERIES (RUE DES),,,Nuit avec éclairage allumé,En agglomération,Intersection en T,Normale,Deux véhicules - côté,,,,,,,,,,,5,2,3,1.0,3
201300028915,0013-12-17 18:40:00,13,12,17,18,40,540,395,MONNAIE (RUE DE LA),,,Nuit avec éclairage allumé,En agglomération,Intersection en T,Normale,Deux véhicules - côté,,,,,,,,,,,5,2,3,1.0,3
201300028916,0013-12-18 10:00:00,13,12,18,10,0,540,395,"10, JUIN (AVENUE DU MARE",,,Plein jour,En agglomération,Hors intersection,Normale,Deux véhicules - côté,,,,,,,,,,,1,2,1,1.0,3
201300028917,0013-12-18 13:45:00,13,12,18,13,45,540,526,POTIER (RUE EUGENE),,,Plein jour,En agglomération,Hors intersection,Normale,Sans collision,,,,,,,,,,,1,2,1,1.0,7