accident_id,datetime,annee,mois,jour,heure,minute,departement,commune_insee,adresse,latitude,longitude,luminosite,agglomeration,intersection,meteo,collision,nb_vehicules,nb_usagers,nb_indemnes,nb_tues,nb_blesses_hosp,nb_blesses_legers,age_cond_1,age_cond_2,veh_type_cond_1,veh_type_cond_2,lum_code,agg_code,int_code,atm_code,col_code
201300029281,0013-05-02 12:15:00,13,5,2,12,15,340,152,,43.75674,3.75229,Plein jour,Hors agglomération,Hors intersection,Normale,Deux véhicules - frontale,,,,,,,,,,,1,1,1,1.0,1
201300029282,0013-07-17 16:00:00,13,7,17,16,0,340,42,,,,Plein jour,Hors agglomération,Hors intersection,Pluie forte,Autre collision,,,,,,,,,,,1,1,1,3.0,6
201300029283,0013-07-27 14:30:00,13,7,27,14,30,340,111,18 AVENUE DE NIMES,,,Plein jour,En agglomération,Hors intersection,Normale,Autre collision,,,,,,,,,,,1,2,1,1.0,6
201300029284,0013-08-31 22:00:00,13,8,31,22,0,340,185,,,,Nuit sans éclairage public,Hors agglomération,Hors intersection,Normale,Deux véhicules - frontale,,,,,,,,,,,3,1,1,1.0,1
201300029285,0013-01-10 07:40:00,13,1,10,7,40,560,260,"., BORGNIS DESBORDES(AVE",47.65431,-2.78346,Nuit avec éclairage allumé,En agglomération,Hors intersection,Pluie légère,Autre collision,,,,,,,,,,,5,2,1,2.0,6
201300029286,0013-01-20 18:40:00,13,1,20,18,40,560,260,"12, ROOSEVELT(AVENUE)",47.65907,-2.76615,Nuit avec éclairage allumé,En agglomération,Hors intersection,Normale,Deux véhicules - arrière,,,,,,,,,,,5,2,1,1.0,2
201300029287,0013-01-25 08:25:00,13,1,25,8,25,560,260,"7, DEGAS(AVENUE EDGAR)",47.67342,-2.76142,Crépuscule ou aube,En agglomération,Intersection en T,Normale,Autre collision,,,,,,,,,,,2,2,3,1.0,6
201300029288,0013-02-01 19:55:00,13,2,1,19,55,560,260,"., BORGNIS DESBORDES(AVE",47.65423,-2.7835,Nuit avec éclairage allumé,En agglomération,Hors intersection,Pluie légère,Autre collision,,,,,,,,,,,5,2,1,2.0,6
201300029289,0013-02-12 12:40:00,13,2,12,12,40,560,260,"., FAVREL ET LINCY(AVENU",47.66563,-2.74996,Plein jour,En agglomération,Hors intersection,Normale,Deux véhicules - côté,,,,,,,,,,,1,2,1,1.0,3
201300029290,0013-02-24 20:09:00,13,2,24,20,9,560,260,HERRIOT(AVENUE EDOUARD),47.65713,-2.74566,Nuit avec éclairage allumé,En agglomération,Hors intersection,Normale,Autre collision,,,,,,,,,,,5,2,1,1.0,6
201300029291,0013-02-27 16:50:00,13,2,27,16,50,560,260,"., LEHELEC(RUE)",47.6562,-2.75849,Plein jour,En agglomération,Hors intersection,Normale,Autre collision,,,,,,,,,,,1,2,1,1.0,6
201300029292,0013-02-28 15:10:00,13,2,28,15,10,560,260,"., SURVILLE(RUE JEAN-FRA",47.63849,-2.77723,Plein jour,En agglomération,Hors intersection,Normale,Autre collision,,,,,,,,,,,1,2,1,1.0,6
201300029293,0013-03-15 16:06:00,13,3,15,16,6,560,260,165  SENS LORIENT/NANTES,,,Plein jour,En agglomération,Intersection en T,Normale,Autre collision,,,,,,,,,,,1,2,3,1.0,6
201300029294,0013-03-21 17:55:00,13,3,21,17,55,560,260,"., MURAILLES(RUE DES GRA",47.66599,-2.76754,Plein jour,En agglomération,Hors intersection,Pluie légère,Deux véhicules - côté,,,,,,,,,,,1,2,1,2.0,3
201300029295,0013-03-30 16:45:00,13,3,30,16,45,560,260,"., MONSABERT(BOULEVARD D",47.66341,-2.7813,Plein jour,En agglomération,Hors intersection,Normale,Deux véhicules - côté,,,,,,,,,,,1,2,1,1.0,3
201300029296,0013-04-04 22:45:00,13,4,4,22,45,560,260,"125, VERDUN(AVENUE DE)",47.66197,-2.74041,Nuit avec éclairage allumé,En agglomération,Hors intersection,Pluie légère,Deux véhicules - côté,,,,,,,,,,,5,2,1,2.0,3
201300029297,0013-04-16 10:50:00,13,4,16,10,50,560,260,"., LICES(PLACE DES)",47.65632,-2.75732,Plein jour,En agglomération,Hors intersection,Pluie légère,Autre collision,,,,,,,,,,,1,2,1,2.0,6
201300029298,0013-05-04 18:00:00,13,5,4,18,0,560,260,"., BORGNIS DESBORDES(AVE",47.65535,-2.79059,Plein jour,En agglomération,Hors intersection,Normale,Deux véhicules - côté,,,,,,,,,,,1,2,1,1.0,3
201300029299,0013-04-09 12:54:00,13,4,9,12,54,560,260,"., THIERS(RUE)",47.65766,-2.75984,Plein jour,En agglomération,Intersection en T,Temps couvert,Autre collision,,,,,,,,,,,1,2,3,8.0,6
201300029300,0013-05-11 10:55:00,13,5,11,10,55,560,260,165  SENS LORIENT/NANTES,,,Plein jour,Hors agglomération,Hors intersection,Normale,Deux véhicules - arrière,,,,,,,,,,,1,1,1,1.0,2
201300029301,0013-05-26 18:20:00,13,5,26,18,20,560,260,"., MONSABERT(BOULEVARD D",47.66495,-2.78024,Plein jour,En agglomération,Intersection en T,Normale,Deux véhicules - côté,,,,,,,,,,,1,2,3,1.0,3
201300029302,0013-05-17 17:10:00,13,5,17,17,10,560,260,"34 BIS, RESISTANCE(BLD D",47.64277,-2.77708,Plein jour,En agglomération,Hors intersection,Normale,Autre collision,,,,,,,,,,,1,2,1,1.0,6
201300029303,0013-06-05 11:30:00,13,6,5,11,30,560,260,"., REPUBLIQUE(PLACE DE L",47.65572,-2.75966,Plein jour,En agglomération,Place,Normale,Autre collision,,,,,,,,,,,1,2,7,1.0,6
201300029304,0013-06-12 13:00:00,13,6,12,13,0,560,260,"., POMPIDOU(AVENUE GEORG",47.66361,-2.76585,Plein jour,En agglomération,Hors intersection,Pluie légère,Deux véhicules - arrière,,,,,,,,,,,1,2,1,2.0,2
201300029305,0013-06-17 20:45:00,13,6,17,20,45,560,260,"., KERGRAIN(GIRATOIRE DE",47.66213,-2.79419,Crépuscule ou aube,En agglomération,Giratoire,Normale,Autre collision,,,,,,,,,,,2,2,6,1.0,6
201300029306,0013-07-29 17:57:00,13,7,29,17,57,560,260,"., TOHANNIC(GIRATOIRE DE",47.66674,-2.78478,Plein jour,En agglomération,Giratoire,Normale,Deux véhicules - côté,,,,,,,,,,,1,2,6,1.0,3
201300029307,0013-08-01 01:35:00,13,8,1,1,35,560,260,"36, MARNE(AVENUE DE LA)",47.65955,-2.77955,Nuit avec éclairage allumé,En agglomération,Hors intersection,Normale,Autre collision,,,,,,,,,,,5,2,1,1.0,6
201300029308,0013-08-01 19:45:00,13,8,1,19,45,560,260,"., SAINTE-ANNE(ROUTE)",,,Crépuscule ou aube,En agglomération,Hors intersection,Normale,Deux véhicules - frontale,,,,,,,,,,,2,2,1,1.0,1
201300029309,0013-07-16 12:00:00,13,7,16,12,0,560,260,"., POMPIDOU(AVENUE GEORG",47.66393,-2.76768,Plein jour,En agglomération,Autre intersection,Normale,Autre collision,,,,,,,,,,,1,2,9,1.0,6
201300029310,0013-08-12 17:15:00,13,8,12,17,15,560,260,"., LUSCANEN(GIRATOIRE DE",47.66202,-2.7939,Plein jour,En agglomération,Giratoire,Normale,Autre collision,,,,,,,,,,,1,2,6,1.0,6
201300029311,0013-09-04 17:50:00,13,9,4,17,50,560,260,JUIN(AVENUE DU MARECHAL),47.63308,-2.77913,Plein jour,En agglomération,Hors intersection,Normale,Deux véhicules - frontale,,,,,,,,,,,1,2,1,1.0,1
201300029312,0013-09-06 11:59:00,13,9,6,11,59,560,260,"., POMPIDOU(AVENUE GEORG",47.66368,-2.7666,Plein jour,En agglomération,Hors intersection,Normale,Autre collision,,,,,,,,,,,1,2,1,1.0,6
201300029313,0013-09-08 14:55:00,13,9,8,14,55,560,260,"., LALLEMENT(RUE)",47.65058,-2.77658,Plein jour,En agglomération,Intersection en T,Normale,Autre collision,,,,,,,,,,,1,2,3,1.0,6
201300029314,0013-09-12 11:00:00,13,9,12,11,0,560,260,"92, RESISTANCE(BLD DE LA",47.64302,-2.77686,Plein jour,En agglomération,Hors intersection,Temps couvert,Autre collision,,,,,,,,,,,1,2,1,8.0,6
201300029315,0013-09-16 15:50:00,13,9,16,15,50,560,260,"., POMPIDOU(AVENUE GEORG",47.66356,-2.76614,Plein jour,En agglomération,Hors intersection,Normale,Autre collision,,,,,,,,,,,1,2,1,1.0,6
201300029316,0013-09-20 14:30:00,13,9,20,14,30,560,260,"., 165  SENS LORIENT/NAN",,,Plein jour,En agglomération,Intersection en T,Normale,Deux véhicules - arrière,,,,,,,,,,,1,2,3,1.0,2
201300029317,0013-09-16 17:00:00,13,9,16,17,0,560,260,"., MARNE(AVENUE DE LA) M",47.66025,-2.79051,Plein jour,En agglomération,Hors intersection,Normale,Autre collision,,,,,,,,,,,1,2,1,1.0,6
201300029318,0013-09-23 17:02:00,13,9,23,17,2,560,260,"17, DE LATTRE DE TASSIGN",47.64477,-2.75993,Plein jour,En agglomération,Hors intersection,Normale,Autre collision,,,,,,,,,,,1,2,1,1.0,6
201300029319,0013-09-26 07:43:00,13,9,26,7,43,560,260,"., CHURCHILL(RUE WINSTON",47.64591,-2.77028,Plein jour,En agglomération,Hors intersection,Normale,Deux véhicules - côté,,,,,,,,,,,1,2,1,1.0,3
201300029320,0013-09-28 17:00:00,13,9,28,17,0,560,260,"., WILSON(AVENUE)",47.66748,-2.75686,Plein jour,En agglomération,Intersection en X,Normale,Deux véhicules - côté,,,,,,,,,,,1,2,2,1.0,3
201300029321,0013-10-09 08:35:00,13,10,9,8,35,560,260,"., RESISTANCE(BLD DE LA)",47.64789,-2.78183,Crépuscule ou aube,En agglomération,Intersection en X,Normale,Trois véhicules et plus - collisions multiples,,,,,,,,,,,2,2,2,1.0,5
201300029322,0013-09-30 09:44:00,13,9,30,9,44,560,260,"., AUDIC(RUE DU DOCTEUR",47.67683,-2.77456,Plein jour,En agglomération,Intersection en T,Normale,Autre collision,,,,,,,,,,,1,2,3,1.0,6
201300029323,0013-10-11 16:30:00,13,10,11,16,30,560,260,"., MADELEINE(PLACE DE LA",47.65907,-2.77183,Plein jour,En agglomération,Place,Normale,Autre collision,,,,,,,,,,,1,2,7,1.0,6
201300029324,0013-10-25 20:50:00,13,10,25,20,50,560,260,"., BERNUS(RUE DE)",47.65343,-2.76922,Nuit avec éclairage allumé,En agglomération,Intersection en T,Normale,Deux véhicules - frontale,,,,,,,,,,,5,2,3,1.0,1
201300029325,0013-10-21 17:44:00,13,10,21,17,44,560,260,"., ILES(BOULEVARD DES)",47.65503,-2.77494,Plein jour,En agglomération,Intersection en T,Normale,Autre collision,,,,,,,,,,,1,2,3,1.0,6
201300029326,0013-10-23 12:25:00,13,10,23,12,25,560,260,"1, MICHELIN(AVENUE EDOUA",47.65963,-2.71769,Plein jour,En agglomération,Autre intersection,Temps couvert,Autre collision,,,,,,,,,,,1,2,9,8.0,6
201300029327,0013-11-10 10:50:00,13,11,10,10,50,560,260,"., DE LATTRE DE TASSIGNY",47.65189,-2.75944,Plein jour,En agglomération,Hors intersection,Normale,Deux véhicules - arrière,,,,,,,,,,,1,2,1,1.0,2
201300029328,0013-11-18 09:50:00,13,11,18,9,50,560,260,"., COURBET(RUE GUSTAVE)",47.67526,-2.77095,Plein jour,En agglomération,Hors intersection,Normale,Autre collision,,,,,,,,,,,1,2,1,1.0,6
201300029329,0013-11-21 01:05:00,13,11,21,1,5,560,260,"15, NORMANDIE(RUE DE)",47.64762,-2.78551,Nuit avec éclairage allumé,En agglomération,Hors intersection,Normale,Autre collision,,,,,,,,,,,5,2,1,1.0,6
201300029330,0013-12-05 07:50:00,13,12,5,7,50,560,260,"., ILES(BOULEVARD DES)",47.6518,-2.78803,Nuit sans éclairage public,En agglomération,Hors intersection,Temps couvert,Autre collision,,,,,,,,,,,3,2,1,8.0,6
201300029331,0013-12-10 07:45:00,13,12,10,7,45,560,260,"., TOHANNIC(AVENUE DE)",47.65304,-2.74151,Nuit avec éclairage allumé,En agglomération,Hors intersection,Normale,Autre collision,,,,,,,,,,,5,2,1,1.0,6
201300029332,0013-12-13 01:55:00,13,12,13,1,55,560,260,LATTRE DE TASSIGNY(AVENU,47.64869,-2.75852,Nuit avec éclairage allumé,En agglomération,Hors intersection,Brouillard / fumée,Autre collision,,,,,,,,,,,5,2,1,5.0,6
201300029333,0013-12-16 18:35:00,13,12,16,18,35,560,260,JUIN(AVENUE DU MARECHAL),47.63843,-2.76802,Nuit avec éclairage allumé,En agglomération,Hors intersection,Normale,Deux véhicules - frontale,,,,,,,,,,,5,2,1,1.0,1
201300029334,0013-12-16 16:35:00,13,12,16,16,35,560,260,"30, THIERS(RUE)",47.65758,-2.75984,Plein jour,En agglomération,Hors intersection,Normale,Autre collision,,,,,,,,,,,1,2,1,1.0,6
201300029335,0013-01-22 17:15:00,13,1,22,17,15,560,260,"., ILES(GIRATOIRE DES)",47.65278,-2.7836,Crépuscule ou aube,En agglomération,Giratoire,Temps couvert,Trois véhicules et plus - en chaîne,,,,,,,,,,,2,2,6,8.0,4
201300029336,0013-01-31 13:50:00,13,1,31,13,50,560,260,"., THIERS(RUE)",47.65585,-2.75978,Plein jour,En agglomération,Hors intersection,Normale,Autre collision,,,,,,,,,,,1,2,1,1.0,6
201300029337,0013-03-12 16:50:00,13,3,12,16,50,560,260,"1, PLESSIS DE GRENEDAN(R",47.64885,-2.77418,Plein jour,En agglomération,Hors intersection,Normale,Autre collision,,,,,,,,,,,1,2,1,1.0,6
201300029338,0013-05-09 19:27:00,13,5,9,19,27,560,260,"., RESISTANCE(BLD DE LA)",47.64501,-2.7788,Plein jour,En agglomération,Hors intersection,Normale,Deux véhicules - arrière,,,,,,,,,,,1,2,1,1.0,2
201300029339,0013-05-14 12:15:00,13,5,14,12,15,560,260,"., R.D. 779 (KERGRAIN/LU",,,Plein jour,En agglomération,Hors intersection,Normale,Autre collision,,,,,,,,,,,1,2,1,1.0,6
201300029340,0013-05-15 16:46:00,13,5,15,16,46,560,260,"6, FAVREL ET LINCY(AVENU",47.66398,-2.75543,Plein jour,En agglomération,Giratoire,Normale,Autre collision,,,,,,,,,,,1,2,6,1.0,6
201300029341,0013-05-21 10:40:00,13,5,21,10,40,560,260,"13, HOCHE(RUE)",47.65869,-2.76226,Plein jour,En agglomération,Hors intersection,Normale,Autre collision,,,,,,,,,,,1,2,1,1.0,6
201300029342,0013-05-25 10:10:00,13,5,25,10,10,560,260,"., PASTEUR(RUE)",47.65526,-2.76451,Plein jour,En agglomération,Intersection en X,Normale,Deux véhicules - côté,,,,,,,,,,,1,2,2,1.0,3
201300029343,0013-06-10 18:25:00,13,6,10,18,25,560,260,"., MARNE(AVENUE DE LA) L",47.65964,-2.78172,Plein jour,En agglomération,Hors intersection,Normale,Deux véhicules - arrière,,,,,,,,,,,1,2,1,1.0,2
201300029344,0013-09-02 10:00:00,13,9,2,10,0,560,260,"36, PAIX(BLD DE LA) 1 A",47.66134,-2.75798,Plein jour,En agglomération,Hors intersection,Normale,Deux véhicules - arrière,,,,,,,,,,,1,2,1,1.0,2
201300029345,0013-09-07 17:35:00,13,9,7,17,35,560,260,"., BAZVALAN(RUE JEHAN DE",47.65512,-2.75498,Plein jour,En agglomération,Hors intersection,Normale,Autre collision,,,,,,,,,,,1,2,1,1.0,6
201300029346,0013-09-25 11:50:00,13,9,25,11,50,560,260,"., KERVILER(AVENUE RENE",47.64152,-2.75575,Plein jour,En agglomération,Hors intersection,Normale,Deux véhicules - arrière,,,,,,,,,,,1,2,1,1.0,2
201300029347,0013-09-27 08:10:00,13,9,27,8,10,560,260,"60, BECEL(AVENUE JEAN-MA",47.65603,-2.77358,Plein jour,En agglomération,Hors intersection,Normale,Deux véhicules - arrière,,,,,,,,,,,1,2,1,1.0,2
201300029348,0013-09-30 07:50:00,13,9,30,7,50,560,260,"4, WILSON(AVENUE)",47.66534,-2.75612,Crépuscule ou aube,En agglomération,Hors intersection,Brouillard / fumée,Autre collision,,,,,,,,,,,2,2,1,5.0,6
201300029349,0013-10-07 07:40:00,13,10,7,7,40,560,260,RESISTANCE(BLD DE LA) DD,47.64437,-2.77822,Nuit avec éclairage allumé,En agglomération,Hors intersection,Normale,Sans collision,,,,,,,,,,,5,2,1,1.0,7
201300029350,0013-10-15 08:20:00,13,10,15,8,20,560,260,"., BAZVALAN(RUE JEHAN DE",47.65513,-2.75555,Nuit avec éclairage allumé,En agglomération,Hors intersection,Pluie forte,Autre collision,,,,,,,,,,,5,2,1,3.0,6
201300029351,0013-10-15 08:30:00,13,10,15,8,30,560,260,"., RESISTANCE(BLD DE LA)",47.64623,-2.78021,Nuit avec éclairage allumé,En agglomération,Intersection en T,Pluie forte,Deux véhicules - côté,,,,,,,,,,,5,2,3,3.0,3
201300029352,0013-11-08 19:00:00,13,11,8,19,0,560,260,"., PAIX(BLD DE LA) 41 A",47.66132,-2.75708,Nuit avec éclairage allumé,En agglomération,Intersection en X,Temps couvert,Autre collision,,,,,,,,,,,5,2,2,8.0,6
201300029353,0013-11-19 10:05:00,13,11,19,10,5,560,260,"., LE BARTZ(RUE GUILLAUM",47.64694,-2.77881,Plein jour,En agglomération,Hors intersection,Normale,Trois véhicules et plus - en chaîne,,,,,,,,,,,1,2,1,1.0,4
201300029354,0013-12-06 18:55:00,13,12,6,18,55,560,260,"., BOUCICAUT(RUE ARISTID",47.66646,-2.79382,Nuit avec éclairage allumé,En agglomération,Hors intersection,Normale,Autre collision,,,,,,,,,,,5,2,1,1.0,6
201300029355,0013-12-31 17:00:00,13,12,31,17,0,560,260,MARNE(AVENUE DE LA) MAC,47.66022,-2.79048,Plein jour,En agglomération,Hors intersection,Temps couvert,Autre collision,,,,,,,,,,,1,2,1,8.0,6
201300029356,0013-03-11 09:15:00,13,3,11,9,15,330,227,Rond point zone des D?me,,,Plein jour,En agglomération,Giratoire,Normale,Deux véhicules - côté,,,,,,,,,,,1,2,6,1.0,3
201300029357,0013-10-26 01:45:00,13,10,26,1,45,400,304,avenue du super hossegor,43.6803,-1.4238,Nuit sans éclairage public,En agglomération,Hors intersection,Pluie légère,Autre collision,,,,,,,,,,,3,2,1,2.0,6
201300029358,0013-01-25 09:55:00,13,1,25,9,55,570,227,"72, NATIONALE(RUE) R.DLA",49.18652,6.90041,Plein jour,En agglomération,Intersection en T,Normale,Autre collision,,,,,,,,,,,1,2,3,1.0,6
201300029359,0013-03-07 18:55:00,13,3,7,18,55,570,227,"6, ARMEE  US (AV DE LA 7",49.18701,6.90938,Nuit avec éclairage allumé,En agglomération,Hors intersection,Normale,Deux véhicules - côté,,,,,,,,,,,5,2,1,1.0,3
201300029360,0013-03-26 10:20:00,13,3,26,10,20,570,227,"64, NATIONALE(RUE) R.DLA",49.18703,6.89827,Plein jour,En agglomération,Intersection en X,Normale,Autre collision,,,,,,,,,,,1,2,2,1.0,6
201300029361,0013-07-06 03:50:00,13,7,6,3,50,570,537,"121, PRINCIPALE (RUE)",49.21842,6.86358,Nuit avec éclairage allumé,En agglomération,Hors intersection,Normale,Autre collision,,,,,,,,,,,5,2,1,1.0,6
201300029362,0013-07-13 16:15:00,13,7,13,16,15,570,227,"298, NATIONALE(RUE)R.DE",,,Plein jour,En agglomération,Giratoire,Normale,Deux véhicules - côté,,,,,,,,,,,1,2,6,1.0,3
201300029363,0013-07-27 18:20:00,13,7,27,18,20,570,227,"3, ST REMY(AV.)R.DE LA C",,,Plein jour,En agglomération,Hors intersection,Normale,Deux véhicules - côté,,,,,,,,,,,1,2,1,1.0,3
201300029364,0013-09-15 15:50:00,13,9,15,15,50,570,227,"76, ST REMY(AV.)R.DE LA",49.18693,6.89812,Plein jour,En agglomération,Intersection en X,Normale,Deux véhicules - côté,,,,,,,,,,,1,2,2,1.0,3
201300029365,0013-09-11 13:40:00,13,9,11,13,40,570,227,"86, ST REMY(AV.)R.DE LA",49.18602,6.89651,Plein jour,En agglomération,Hors intersection,Normale,Autre collision,,,,,,,,,,,1,2,1,1.0,6
201300029366,0013-09-26 20:55:00,13,9,26,20,55,570,660,"23, NATIONALE(RUE)LIMITE",49.19383,6.91706,Nuit avec éclairage allumé,En agglomération,Hors intersection,Normale,Autre collision,,,,,,,,,,,5,2,1,1.0,6
201300029367,0013-10-23 05:50:00,13,10,23,5,50,570,227,PARC A BOIS (ROUTE DU ),,,Nuit sans éclairage public,Hors agglomération,Hors intersection,Pluie forte,Deux véhicules - arrière,,,,,,,,,,,3,1,1,3.0,2
201300029368,0013-10-26 14:55:00,13,10,26,14,55,570,227,"1, PEUPLIERS (ALLEE DES",49.2007,6.8772,Plein jour,En agglomération,Hors intersection,Normale,Autre collision,,,,,,,,,,,1,2,1,1.0,6
201300029369,0013-11-16 19:35:00,13,11,16,19,35,570,660,"18, NATIONALE(RUE)LIMITE",49.1935,6.91632,Nuit avec éclairage allumé,En agglomération,Intersection en X,Normale,Deux véhicules - frontale,,,,,,,,,,,5,2,2,1.0,1
201300029370,0013-12-06 12:00:00,13,12,6,12,0,570,227,SAINTE CROIX (RUE ),49.18674,6.90071,Plein jour,En agglomération,Intersection en T,Normale,Autre collision,,,,,,,,,,,1,2,3,1.0,6
201300029371,0013-03-02 22:25:00,13,3,2,22,25,570,240,BASSE (RUE),49.14203,6.80957,Nuit avec éclairage allumé,En agglomération,Intersection en T,Normale,Autre collision,,,,,,,,,,,5,2,3,1.0,6
201300029372,0013-02-22 12:10:00,13,2,22,12,10,570,332,ROMAINS (RUE DES),49.14372,6.77691,Plein jour,En agglomération,Giratoire,Normale,Autre collision,,,,,,,,,,,1,2,6,1.0,6
201300029373,0013-01-10 19:15:00,13,1,10,19,15,570,240,"15, KLOSTER (RUE EUGENE)",49.14821,6.81723,Nuit avec éclairage allumé,En agglomération,Hors intersection,Pluie légère,Autre collision,,,,,,,,,,,5,2,1,2.0,6
201300029374,0013-06-07 18:25:00,13,6,7,18,25,570,240,CD 26,,,Plein jour,Hors agglomération,Hors intersection,Normale,Deux véhicules - frontale,,,,,,,,,,,1,1,1,1.0,1
201300029375,0013-06-02 17:04:00,13,6,2,17,4,570,240,BERLIOZ (RUE HECTOR),49.14344,6.80228,Plein jour,En agglomération,Intersection en T,Normale,Deux véhicules - côté,,,,,,,,,,,1,2,3,1.0,3
201300029376,0013-07-29 16:10:00,13,7,29,16,10,570,332,Route departementale 603,49.12523,6.78424,Plein jour,En agglomération,Intersection en T,Normale,Deux véhicules - côté,,,,,,,,,,,1,2,3,1.0,3
201300029377,0013-09-18 13:45:00,13,9,18,13,45,570,240,RONSARD (IMPASSE),,,Plein jour,En agglomération,Hors intersection,Normale,Deux véhicules - frontale,,,,,,,,,,,1,2,1,1.0,1
201300029378,0013-09-25 17:55:00,13,9,25,17,55,570,240,"01, HOMBOURG (RUE)",49.14156,6.7951,Plein jour,En agglomération,Hors intersection,Normale,Autre collision,,,,,,,,,,,1,2,1,1.0,6
201300029379,0013-10-01 18:00:00,13,10,1,18,0,570,240,FRANCE (RUE DE),,,Plein jour,En agglomération,Hors intersection,Normale,Autre collision,,,,,,,,,,,1,2,1,1.0,6
201300029380,0013-12-11 05:40:00,13,12,11,5,40,570,332,Route departementale 603,,,Nuit sans éclairage public,En agglomération,Hors intersection,Pluie légère,Deux véhicules - frontale,,,,,,,,,,,3,2,1,2.0,1
201300029381,0013-01-11 23:15:00,13,1,11,23,15,570,19,"31, VIEIL AMNEVILLE (RUE",49.262,6.13555,Nuit avec éclairage allumé,En agglomération,Hors intersection,Normale,Deux véhicules - frontale,,,,,,,,,,,5,2,1,1.0,1
201300029382,0013-02-04 06:50:00,13,2,4,6,50,570,591,CD181,,,Nuit sans éclairage public,Hors agglomération,Hors intersection,Pluie légère,Deux véhicules - frontale,,,,,,,,,,,3,1,1,2.0,1
201300029383,0013-02-21 14:10:00,13,2,21,14,10,570,591,"1, FOCH (RUE DU MARECHAL",49.25354,6.09572,Plein jour,En agglomération,Intersection en Y,Normale,Autre collision,,,,,,,,,,,1,2,4,1.0,6
201300029384,0013-03-16 23:30:00,13,3,16,23,30,570,591,"1, POINCARE (RUE RAYMOND",49.25633,6.10664,Nuit avec éclairage allumé,En agglomération,Giratoire,Pluie légère,Deux véhicules - côté,,,,,,,,,,,5,2,6,2.0,3
201300029385,0013-04-19 13:30:00,13,4,19,13,30,570,19,CD8,,,Plein jour,Hors agglomération,Intersection en T,Normale,Deux véhicules - côté,,,,,,,,,,,1,1,3,1.0,3
201300029386,0013-04-21 14:00:00,13,4,21,14,0,570,19,"1A, FERME (RUE DE LA VIE",49.26073,6.13329,Plein jour,En agglomération,Hors intersection,Normale,Autre collision,,,,,,,,,,,1,2,1,1.0,6
201300029387,0013-04-25 17:30:00,13,4,25,17,30,570,591,POINCARE (RUE RAYMOND),49.25527,6.10294,Plein jour,En agglomération,Intersection en T,Normale,Deux véhicules - côté,,,,,,,,,,,1,2,3,1.0,3
201300029388,0013-05-05 19:22:00,13,5,5,19,22,570,597,"182, ROBERT (CITE SAINT)",49.25534,6.06356,Plein jour,En agglomération,Intersection en T,Normale,Deux véhicules - côté,,,,,,,,,,,1,2,3,1.0,3
201300029389,0013-05-17 20:15:00,13,5,17,20,15,570,283,"20, METZ (RUE DE)",49.25382,6.1699,Plein jour,En agglomération,Hors intersection,Normale,Deux véhicules - côté,,,,,,,,,,,1,2,1,1.0,3
201300029390,0013-06-05 14:00:00,13,6,5,14,0,570,143,"124, JOFFRE (RUE)",49.25937,6.08428,Plein jour,En agglomération,Hors intersection,Normale,Sans collision,,,,,,,,,,,1,2,1,1.0,7
201300029391,0013-06-20 13:20:00,13,6,20,13,20,570,491,CD9,49.2444,6.02586,Plein jour,Hors agglomération,Hors intersection,Normale,Sans collision,,,,,,,,,,,1,1,1,1.0,7
201300029392,0013-06-20 17:55:00,13,6,20,17,55,570,597,CD9,,,Plein jour,Hors agglomération,Hors intersection,Normale,Autre collision,,,,,,,,,,,1,1,1,1.0,6
201300029393,0013-06-25 14:20:00,13,6,25,14,20,570,591,RN 52,,,Plein jour,Hors agglomération,Giratoire,Normale,Deux véhicules - arrière,,,,,,,,,,,1,1,6,1.0,2
201300029394,0013-07-25 13:25:00,13,7,25,13,25,570,491,"6, FOCH (PASSAGE)",49.24922,6.04459,Plein jour,En agglomération,Hors intersection,Pluie légère,Deux véhicules - frontale,,,,,,,,,,,1,2,1,2.0,1
201300029395,0013-09-11 06:45:00,13,9,11,6,45,570,283,AVENUE DE FRANCE,49.24111,6.15142,Crépuscule ou aube,En agglomération,Autre intersection,Pluie légère,Autre collision,,,,,,,,,,,2,2,9,2.0,6
201300029396,0013-10-01 16:55:00,13,10,1,16,55,570,491,COTE DES GAYES (ROUTE DE,49.25086,6.03721,Plein jour,En agglomération,Hors intersection,Normale,Autre collision,,,,,,,,,,,1,2,1,1.0,6
201300029397,0013-09-14 15:13:00,13,9,14,15,13,570,19,"13, VIEIL AMNEVILLE (RUE",49.262,6.13555,Plein jour,Hors agglomération,Hors intersection,Pluie légère,Deux véhicules - frontale,,,,,,,,,,,1,1,1,2.0,1
201300029398,0013-10-01 11:00:00,13,10,1,11,0,570,591,"5, GARE (RUE DE LA)",49.25608,6.09701,Plein jour,En agglomération,Hors intersection,Normale,Deux véhicules - côté,,,,,,,,,,,1,2,1,1.0,3
201300029399,0013-10-26 14:55:00,13,10,26,14,55,570,19,"9, DOUAUMONT (RUE DE)",49.25194,6.14512,Plein jour,En agglomération,Hors intersection,Normale,Autre collision,,,,,,,,,,,1,2,1,1.0,6
201300029400,0013-01-04 10:00:00,13,1,4,10,0,570,463,"00, LIEDOT (RUE )",49.10323,6.19648,Plein jour,En agglomération,Intersection en X,Normale,Deux véhicules - côté,,,,,,,,,,,1,2,2,1.0,3
201300029401,0013-01-06 05:00:00,13,1,6,5,0,570,463,PLAPPEVILLE (ROUTE DE ),49.12809,6.15121,Nuit sans éclairage public,En agglomération,Hors intersection,Normale,Autre collision,,,,,,,,,,,3,2,1,1.0,6