accident_id,datetime,annee,mois,jour,heure,minute,departement,commune_insee,adresse,latitude,longitude,luminosite,agglomeration,intersection,meteo,collision,nb_vehicules,nb_usagers,nb_indemnes,nb_tues,nb_blesses_hosp,nb_blesses_legers,age_cond_1,age_cond_2,veh_type_cond_1,veh_type_cond_2,lum_code,agg_code,int_code,atm_code,col_code
201300029646,0013-07-14 22:35:00,13,7,14,22,35,580,194,"119, GRAND MOUESSE (FAUB",,,Nuit avec éclairage allumé,En agglomération,Hors intersection,Normale,Trois véhicules et plus - en chaîne,,,,,,,,,,,5,2,1,1.0,4
201300029647,0013-07-27 17:10:00,13,7,27,17,10,580,194,"sans, HAMMAMET",,,Plein jour,En agglomération,Giratoire,Normale,Autre collision,,,,,,,,,,,1,2,6,1.0,6
201300029648,0013-08-01 15:50:00,13,8,1,15,50,580,194,PRE PLANTIN (BOULEVARD),,,Plein jour,En agglomération,Hors intersection,Normale,Deux véhicules - côté,,,,,,,,,,,1,2,1,1.0,3
201300029649,0013-08-03 19:20:00,13,8,3,19,20,580,194,BLAISE PASCAL,,,Plein jour,En agglomération,Hors intersection,Normale,Sans collision,,,,,,,,,,,1,2,1,1.0,7
201300029650,0013-07-29 22:00:00,13,7,29,22,0,580,194,"18, SAINT BENIN",,,Nuit avec éclairage allumé,En agglomération,Intersection en T,Normale,Deux véhicules - côté,,,,,,,,,,,5,2,3,1.0,3
201300029651,0013-08-08 08:25:00,13,8,8,8,25,580,194,CHAMPS PACAUD,,,Plein jour,En agglomération,Hors intersection,Normale,Deux véhicules - côté,,,,,,,,,,,1,2,1,1.0,3
201300029652,0013-07-24 11:55:00,13,7,24,11,55,580,194,"sans, PRE PLANTIN (BOULE",,,Plein jour,En agglomération,Hors intersection,Normale,Deux véhicules - arrière,,,,,,,,,,,1,2,1,1.0,2
201300029653,0013-08-09 18:55:00,13,8,9,18,55,580,194,"SANS, FRANCIS GARNIER",,,Plein jour,En agglomération,Hors intersection,Normale,Deux véhicules - côté,,,,,,,,,,,1,2,1,1.0,3
201300029654,0013-08-09 16:35:00,13,8,9,16,35,580,194,"sans, CHAMP DE FOIRE (RU",,,Plein jour,En agglomération,Hors intersection,Normale,Deux véhicules - frontale,,,,,,,,,,,1,2,1,1.0,1
201300029655,0013-08-11 19:20:00,13,8,11,19,20,580,194,"sans, CHARMILLES (PLACE)",,,Plein jour,En agglomération,Intersection à plus de 4 branches,Normale,Deux véhicules - côté,,,,,,,,,,,1,2,5,1.0,3
201300029656,0013-09-06 11:20:00,13,9,6,11,20,580,194,BERNARD PALISSY,,,Plein jour,En agglomération,Hors intersection,Normale,Autre collision,,,,,,,,,,,1,2,1,1.0,6
201300029657,0013-09-06 15:30:00,13,9,6,15,30,580,194,"117, MONTAPINS",,,Plein jour,En agglomération,Hors intersection,Normale,Deux véhicules - arrière,,,,,,,,,,,1,2,1,1.0,2
201300029658,0013-09-10 15:10:00,13,9,10,15,10,580,194,GENERAL DE GAULLE,,,Plein jour,En agglomération,Hors intersection,Normale,Deux véhicules - côté,,,,,,,,,,,1,2,1,1.0,3
201300029659,0013-09-17 19:20:00,13,9,17,19,20,580,194,REPUBLIQUE (BOULEVARD),,,Crépuscule ou aube,En agglomération,Hors intersection,Normale,Sans collision,,,,,,,,,,,2,2,1,1.0,7
201300029660,0013-09-19 19:15:00,13,9,19,19,15,580,194,"10 bis, NIEVRE",,,Plein jour,En agglomération,Intersection en T,Normale,Deux véhicules - côté,,,,,,,,,,,1,2,3,1.0,3
201300029661,0013-09-20 16:10:00,13,9,20,16,10,580,194,JULES VERNE,,,Plein jour,En agglomération,Hors intersection,Normale,Deux véhicules - frontale,,,,,,,,,,,1,2,1,1.0,1
201300029662,0013-09-21 15:50:00,13,9,21,15,50,580,194,PIERRE EMILE GASPARD,,,Plein jour,En agglomération,Hors intersection,Normale,Autre collision,,,,,,,,,,,1,2,1,1.0,6
201300029663,0013-09-20 17:20:00,13,9,20,17,20,580,194,MARECHAL JUIN,,,Plein jour,En agglomération,Hors intersection,Normale,Deux véhicules - côté,,,,,,,,,,,1,2,1,1.0,3
201300029664,0013-09-27 17:10:00,13,9,27,17,10,580,194,CHARMILLES (PLACE),,,Plein jour,En agglomération,Hors intersection,Normale,Deux véhicules - côté,,,,,,,,,,,1,2,1,1.0,3
201300029665,0013-10-02 17:25:00,13,10,2,17,25,580,194,"sans, CHAMPS FERRAND",,,Plein jour,En agglomération,Intersection en X,Normale,Autre collision,,,,,,,,,,,1,2,2,1.0,6
201300029666,0013-10-07 14:55:00,13,10,7,14,55,580,194,"sans, REPUBLIQUE (BOULEV",,,Plein jour,En agglomération,Hors intersection,Normale,Deux véhicules - côté,,,,,,,,,,,1,2,1,1.0,3
201300029667,0013-10-11 23:10:00,13,10,11,23,10,580,194,"45/47, GRAND MOUESSE (FA",,,Nuit avec éclairage allumé,En agglomération,Hors intersection,Normale,Autre collision,,,,,,,,,,,5,2,1,1.0,6
201300029668,0013-10-14 09:35:00,13,10,14,9,35,580,194,SAINT BENIN,,,Plein jour,En agglomération,Hors intersection,Normale,Deux véhicules - frontale,,,,,,,,,,,1,2,1,1.0,1
201300029669,0013-10-17 07:30:00,13,10,17,7,30,580,194,"1, NIEVRE",,,Crépuscule ou aube,En agglomération,Hors intersection,Pluie légère,Autre collision,,,,,,,,,,,2,2,1,2.0,6
201300029670,0013-10-17 15:45:00,13,10,17,15,45,580,194,CARNOT (PLACE),,,Plein jour,En agglomération,Hors intersection,Normale,Autre collision,,,,,,,,,,,1,2,1,1.0,6
201300029671,0013-10-16 09:25:00,13,10,16,9,25,580,194,"sans, MARZY",,,Plein jour,En agglomération,Intersection en T,Pluie légère,Deux véhicules - arrière,,,,,,,,,,,1,2,3,2.0,2
201300029672,0013-10-24 10:25:00,13,10,24,10,25,580,194,"sans, CHAMP DE MANOEUVRE",,,Plein jour,En agglomération,Intersection en T,Normale,Deux véhicules - frontale,,,,,,,,,,,1,2,3,1.0,1
201300029673,0013-10-23 15:00:00,13,10,23,15,0,580,194,"sans, MONTOTS",,,Plein jour,En agglomération,Intersection en X,Normale,Trois véhicules et plus - en chaîne,,,,,,,,,,,1,2,2,1.0,4
201300029674,0013-10-22 12:05:00,13,10,22,12,5,580,194,"sans, GEORGES BLANCHARD",,,Plein jour,En agglomération,Giratoire,Normale,Deux véhicules - côté,,,,,,,,,,,1,2,6,1.0,3
201300029675,0013-10-21 16:35:00,13,10,21,16,35,580,194,JACQUES DUCLOS,,,Plein jour,En agglomération,Hors intersection,Normale,Deux véhicules - côté,,,,,,,,,,,1,2,1,1.0,3
201300029676,0013-11-17 01:25:00,13,11,17,1,25,580,194,"sans, POISSONNERIE",,,Nuit avec éclairage allumé,En agglomération,Hors intersection,Normale,Autre collision,,,,,,,,,,,5,2,1,1.0,6
201300029677,0013-11-13 12:45:00,13,11,13,12,45,580,194,"sans, AMIRAL JACQUINOT",,,Plein jour,En agglomération,Hors intersection,Normale,Autre collision,,,,,,,,,,,1,2,1,1.0,6
201300029678,0013-11-19 15:10:00,13,11,19,15,10,580,194,"SANS, ABBAYE",,,Plein jour,En agglomération,Intersection en X,Pluie légère,Deux véhicules - côté,,,,,,,,,,,1,2,2,2.0,3
201300029679,0013-11-23 13:55:00,13,11,23,13,55,580,194,"sans, SAINT ELOI I (LEVE",,,Plein jour,En agglomération,Hors intersection,Normale,Deux véhicules - frontale,,,,,,,,,,,1,2,1,1.0,1
201300029680,0013-11-23 19:50:00,13,11,23,19,50,580,194,"SANS, BARATTE (FAUBOURG)",,,Nuit avec éclairage allumé,En agglomération,Hors intersection,Normale,Trois véhicules et plus - collisions multiples,,,,,,,,,,,5,2,1,1.0,5
201300029681,0013-11-24 12:20:00,13,11,24,12,20,580,194,"sans, CHAILLOUX",,,Plein jour,En agglomération,Hors intersection,Normale,Deux véhicules - côté,,,,,,,,,,,1,2,1,1.0,3
201300029682,0013-12-02 17:25:00,13,12,2,17,25,580,194,"SANS, TREIZIEME DE LIGNE",,,Nuit avec éclairage allumé,En agglomération,Hors intersection,Normale,Deux véhicules - côté,,,,,,,,,,,5,2,1,1.0,3
201300029683,0013-12-05 10:10:00,13,12,5,10,10,580,194,"33, GUSTAVE MATHIEU",,,Plein jour,En agglomération,Hors intersection,Normale,Autre collision,,,,,,,,,,,1,2,1,1.0,6
201300029684,0013-12-12 13:55:00,13,12,12,13,55,580,194,"SANS, JEROME TRESAGUET",,,Plein jour,En agglomération,Autre intersection,Normale,Deux véhicules - côté,,,,,,,,,,,1,2,9,1.0,3
201300029685,0013-12-13 19:05:00,13,12,13,19,5,580,194,"SANS, RESISTANCE (PLACE)",,,Nuit avec éclairage allumé,En agglomération,Hors intersection,Normale,Sans collision,,,,,,,,,,,5,2,1,1.0,7
201300029686,0013-12-15 16:20:00,13,12,15,16,20,580,194,"sans, PIERRE DE COUBERTI",,,Plein jour,En agglomération,Hors intersection,Normale,Deux véhicules - arrière,,,,,,,,,,,1,2,1,1.0,2
201300029687,0013-12-13 17:40:00,13,12,13,17,40,580,194,"SANS, CROIX JOYEUSE (CAR",,,Nuit avec éclairage allumé,En agglomération,Hors intersection,Normale,Deux véhicules - côté,,,,,,,,,,,5,2,1,1.0,3
201300029688,0013-12-16 10:25:00,13,12,16,10,25,580,194,"101, BARATTE (FAUBOURG)",,,Plein jour,En agglomération,Hors intersection,Normale,Sans collision,,,,,,,,,,,1,2,1,1.0,7
201300029689,0013-12-16 16:20:00,13,12,16,16,20,580,194,"sans, HENRI BOUQUILLARD",,,Plein jour,En agglomération,Intersection en T,Normale,Deux véhicules - côté,,,,,,,,,,,1,2,3,1.0,3
201300029690,0013-12-17 17:55:00,13,12,17,17,55,580,194,"sans, SAINT EXUPERY (BOU",,,Crépuscule ou aube,En agglomération,Hors intersection,Normale,Deux véhicules - côté,,,,,,,,,,,2,2,1,1.0,3
201300029691,0013-12-19 13:10:00,13,12,19,13,10,580,194,"SANS, CHEMIN DE FER",,,Plein jour,En agglomération,Hors intersection,Normale,Sans collision,,,,,,,,,,,1,2,1,1.0,7
201300029692,0013-12-30 14:30:00,13,12,30,14,30,580,194,"SANS, GRAND PRE DES BORD",,,Plein jour,En agglomération,Giratoire,Normale,Deux véhicules - arrière,,,,,,,,,,,1,2,6,1.0,2
201300029693,0013-12-30 21:05:00,13,12,30,21,5,580,194,"10, BARATTE (FAUBOURG)",,,Nuit avec éclairage allumé,En agglomération,Hors intersection,Normale,Deux véhicules - frontale,,,,,,,,,,,5,2,1,1.0,1
201300029694,0013-12-05 15:45:00,13,12,5,15,45,950,52,R BARBES,49.1429,2.2881,Plein jour,En agglomération,Hors intersection,Temps éblouissant,Autre collision,,,,,,,,,,,1,2,1,7.0,6
201300029695,0013-10-12 18:15:00,13,10,12,18,15,950,487,R JEAN CATELAS,49.1534,2.2721,Plein jour,En agglomération,Giratoire,Normale,Autre collision,,,,,,,,,,,1,2,6,1.0,6
201300029696,0013-12-05 16:45:00,13,12,5,16,45,950,52,R DE L'ISLE ADAM,49.1387,2.2767,Crépuscule ou aube,En agglomération,Hors intersection,Normale,Deux véhicules - côté,,,,,,,,,,,2,2,1,1.0,3
201300029697,0013-09-10 09:00:00,13,9,10,9,0,950,313,R SAINT LAZARE,49.1121,2.2172,Plein jour,En agglomération,Hors intersection,Normale,Autre collision,,,,,,,,,,,1,2,1,1.0,6
201300029698,0013-09-18 08:45:00,13,9,18,8,45,950,504,RN 184,49.1032,2.2677,Plein jour,Hors agglomération,Hors intersection,Temps couvert,Sans collision,,,,,,,,,,,1,1,1,8.0,7
201300029699,0013-01-10 17:25:00,13,1,10,17,25,590,17,BLUM  (AVENUE LEON),,,Crépuscule ou aube,En agglomération,Intersection en X,Normale,Deux véhicules - côté,,,,,,,,,,,2,2,2,1.0,3
201300029700,0013-01-11 16:15:00,13,1,11,16,15,590,17,FAIDHERBE (BD ),,,Plein jour,En agglomération,Intersection en X,Pluie légère,Trois véhicules et plus - collisions multiples,,,,,,,,,,,1,2,2,2.0,5
201300029701,0013-01-16 14:45:00,13,1,16,14,45,590,17,"2, DEPORTES (RUE DES)",,,Plein jour,En agglomération,Hors intersection,Neige / grêle,Deux véhicules - côté,,,,,,,,,,,1,2,1,4.0,3
201300029702,0013-01-29 19:15:00,13,1,29,19,15,590,17,FUSILLES (RUE DES ),,,Nuit avec éclairage non allumé,En agglomération,Place,Pluie légère,Autre collision,,,,,,,,,,,4,2,7,2.0,6
201300029703,0013-01-31 11:35:00,13,1,31,11,35,590,17,"1, DE MUN  (RUE ALBERT )",,,Plein jour,En agglomération,Giratoire,Pluie légère,Sans collision,,,,,,,,,,,1,2,6,2.0,7
201300029704,0013-02-04 15:20:00,13,2,4,15,20,590,317,Rte Départementale,50.69195,2.92221,Plein jour,Hors agglomération,Intersection en X,Normale,Deux véhicules - côté,,,,,,,,,,,1,1,2,1.0,3
201300029705,0013-02-06 05:50:00,13,2,6,5,50,590,17,DE MUN  (RUE ALBERT ),,,Nuit avec éclairage allumé,En agglomération,Hors intersection,Pluie forte,Autre collision,,,,,,,,,,,5,2,1,3.0,6
201300029706,0013-03-01 10:10:00,13,3,1,10,10,590,17,ANCIENS COMBATTANTS D IN,,,Plein jour,En agglomération,Giratoire,Normale,Deux véhicules - côté,,,,,,,,,,,1,2,6,1.0,3
201300029707,0013-03-23 19:20:00,13,3,23,19,20,590,143,"2, SCHWEITZER (RUE DU DO",,,Nuit avec éclairage allumé,En agglomération,Giratoire,Normale,Autre collision,,,,,,,,,,,5,2,6,1.0,6
201300029708,0013-03-26 12:10:00,13,3,26,12,10,590,17,"31, DECEUNINCK  (RUE ERN",,,Plein jour,En agglomération,Intersection en T,Normale,Deux véhicules - côté,,,,,,,,,,,1,2,3,1.0,3
201300029709,0013-04-01 17:00:00,13,4,1,17,0,590,17,"132, DEPORTES (RUE DES)",,,Plein jour,En agglomération,Hors intersection,Normale,Autre collision,,,,,,,,,,,1,2,1,1.0,6
201300029710,0013-04-04 20:10:00,13,4,4,20,10,590,431,BAILLY ZONE COMMERCIALE,,,Crépuscule ou aube,Hors agglomération,Intersection en T,Normale,Deux véhicules - côté,,,,,,,,,,,2,1,3,1.0,3
201300029711,0013-03-28 12:00:00,13,3,28,12,0,590,17,"1, COLI (RUE)",,,Plein jour,En agglomération,Giratoire,Autre,Deux véhicules - côté,,,,,,,,,,,1,2,6,9.0,3
201300029712,0013-04-15 17:50:00,13,4,15,17,50,590,317,ROUTE DEPARTEMENTALE 945,,,Plein jour,Hors agglomération,Autre intersection,Normale,Trois véhicules et plus - en chaîne,,,,,,,,,,,1,1,9,1.0,4
201300029713,0013-04-16 15:30:00,13,4,16,15,30,590,17,"781, BLUM  (AVENUE LEON)",,,Plein jour,En agglomération,Intersection en X,Normale,Deux véhicules - côté,,,,,,,,,,,1,2,2,1.0,3
201300029714,0013-04-20 19:25:00,13,4,20,19,25,590,17,CHAUFFOURS (RUE DES),,,Plein jour,En agglomération,Hors intersection,Normale,Autre collision,,,,,,,,,,,1,2,1,1.0,6
201300029715,0013-05-05 18:15:00,13,5,5,18,15,590,317,"62, HUGO  (RUE VICTOR)",,,Plein jour,En agglomération,Hors intersection,Normale,Sans collision,,,,,,,,,,,1,2,1,1.0,7
201300029716,0013-05-10 10:30:00,13,5,10,10,30,590,431,"1532, ARMENTIERES  (RUE",,,Plein jour,En agglomération,Intersection en T,Normale,Deux véhicules - côté,,,,,,,,,,,1,2,3,1.0,3
201300029717,0013-05-07 17:45:00,13,5,7,17,45,590,431,"1122, CIMETIERE (AVENUE",,,Plein jour,En agglomération,Intersection en T,Normale,Deux véhicules - côté,,,,,,,,,,,1,2,3,1.0,3
201300029718,0013-05-22 17:20:00,13,5,22,17,20,590,317,route nationale,50.68531,2.91872,Plein jour,Hors agglomération,Hors intersection,Normale,Deux véhicules - arrière,,,,,,,,,,,1,1,1,1.0,2
201300029719,0013-06-02 19:05:00,13,6,2,19,5,590,431,BAILLEUL (RUE DE),,,Plein jour,Hors agglomération,Autre intersection,Normale,Deux véhicules - côté,,,,,,,,,,,1,1,9,1.0,3
201300029720,0013-06-09 19:30:00,13,6,9,19,30,590,431,"1, HOUCKE (AVENUE JULES)",,,Plein jour,Hors agglomération,Hors intersection,Normale,Deux véhicules - côté,,,,,,,,,,,1,1,1,1.0,3
201300029721,0013-06-11 13:15:00,13,6,11,13,15,590,17,"146, LAGRANGE (AVENUE LE",,,Plein jour,En agglomération,Intersection en X,Normale,Sans collision,,,,,,,,,,,1,2,2,1.0,7
201300029722,0013-08-20 16:50:00,13,8,20,16,50,590,17,"86, FUSILLES (RUE DES )",,,Plein jour,En agglomération,Intersection en X,Normale,Deux véhicules - arrière,,,,,,,,,,,1,2,2,1.0,2
201300029723,0013-06-19 06:50:00,13,6,19,6,50,590,17,SALENGRO (AVENUE ROGER ),,,Plein jour,En agglomération,Hors intersection,Normale,Autre collision,,,,,,,,,,,1,2,1,1.0,6
201300029724,0013-06-25 07:20:00,13,6,25,7,20,590,143,Paul HARRIS Avenue,,,Plein jour,En agglomération,Giratoire,Pluie légère,Sans collision,,,,,,,,,,,1,2,6,2.0,7
201300029725,0013-07-01 19:30:00,13,7,1,19,30,590,431,"320, GAND (RUE )",,,Plein jour,En agglomération,Intersection en X,Normale,Deux véhicules - frontale,,,,,,,,,,,1,2,2,1.0,1
201300029726,0013-07-09 06:30:00,13,7,9,6,30,590,317,VOLTAIRE  (RUE),,,Crépuscule ou aube,En agglomération,Hors intersection,Normale,Autre collision,,,,,,,,,,,2,2,1,1.0,6
201300029727,0013-07-12 10:20:00,13,7,12,10,20,590,17,BRIAND (RUE ARISTIDE ),,,Plein jour,En agglomération,Hors intersection,Normale,Autre collision,,,,,,,,,,,1,2,1,1.0,6
201300029728,0013-07-09 19:40:00,13,7,9,19,40,590,17,GUESDE  (PLACE JULES),,,Plein jour,En agglomération,Giratoire,Normale,Autre collision,,,,,,,,,,,1,2,6,1.0,6
201300029729,0013-07-16 16:55:00,13,7,16,16,55,590,431,HOUCKE (AVENUE JULES),,,Plein jour,En agglomération,Giratoire,Normale,Deux véhicules - arrière,,,,,,,,,,,1,2,6,1.0,2
201300029730,0013-07-19 19:00:00,13,7,19,19,0,590,17,GUESDE  (PLACE JULES),,,Plein jour,En agglomération,Giratoire,Temps éblouissant,Deux véhicules - côté,,,,,,,,,,,1,2,6,7.0,3
201300029731,0013-07-22 11:35:00,13,7,22,11,35,590,143,"165, MARLE (RUE DE LA )",,,Plein jour,En agglomération,Hors intersection,Normale,Deux véhicules - côté,,,,,,,,,,,1,2,1,1.0,3
201300029732,0013-07-27 12:45:00,13,7,27,12,45,590,317,ROUTE DEPARTEMENTALE 945,,,Plein jour,En agglomération,Intersection en X,Normale,Deux véhicules - côté,,,,,,,,,,,1,2,2,1.0,3
201300029733,0013-07-22 21:00:00,13,7,22,21,0,590,17,NORD (RUE DU ),,,Plein jour,En agglomération,Intersection à plus de 4 branches,Normale,Deux véhicules - côté,,,,,,,,,,,1,2,5,1.0,3
201300029734,0013-07-30 14:20:00,13,7,30,14,20,590,17,NORD (RUE DU ),,,Plein jour,En agglomération,Intersection en X,Normale,Deux véhicules - côté,,,,,,,,,,,1,2,2,1.0,3
201300029735,0013-08-10 05:10:00,13,8,10,5,10,590,143,"1220, KENNEDY (RUE DU PR",,,Nuit sans éclairage public,En agglomération,Hors intersection,Normale,Sans collision,,,,,,,,,,,3,2,1,1.0,7
201300029736,0013-08-14 15:10:00,13,8,14,15,10,590,17,MURETS (IMPASSE),,,Plein jour,En agglomération,Intersection en T,Normale,Deux véhicules - côté,,,,,,,,,,,1,2,3,1.0,3
201300029737,0013-08-14 16:30:00,13,8,14,16,30,590,17,EUROPE  (AVENUE DE L'),,,Plein jour,En agglomération,Intersection en X,Normale,Deux véhicules - côté,,,,,,,,,,,1,2,2,1.0,3
201300029738,0013-08-19 19:33:00,13,8,19,19,33,590,143,NATIONALE  ( ROUTE),,,Plein jour,En agglomération,Intersection en X,Normale,Deux véhicules - côté,,,,,,,,,,,1,2,2,1.0,3
201300029739,0013-08-21 10:15:00,13,8,21,10,15,590,17,"1, GENERAL DE GAULLE (PL",,,Plein jour,En agglomération,Hors intersection,Normale,Autre collision,,,,,,,,,,,1,2,1,1.0,6
201300029740,0013-08-23 09:15:00,13,8,23,9,15,590,17,"46, LEBLANC (RUE NICOLAS",,,Plein jour,En agglomération,Hors intersection,Normale,Autre collision,,,,,,,,,,,1,2,1,1.0,6
201300029741,0013-08-23 20:50:00,13,8,23,20,50,590,431,"742, ARMENTIERES  (RUE D",,,Plein jour,En agglomération,Hors intersection,Normale,Deux véhicules - arrière,,,,,,,,,,,1,2,1,1.0,2
201300029742,0013-09-05 19:50:00,13,9,5,19,50,590,143,"125, MARLE (RUE)",,,Crépuscule ou aube,En agglomération,Hors intersection,Normale,Autre collision,,,,,,,,,,,2,2,1,1.0,6
201300029743,0013-09-07 16:20:00,13,9,7,16,20,590,17,"630, BLUM  (AVENUE LEON)",,,Plein jour,En agglomération,Hors intersection,Normale,Trois véhicules et plus - en chaîne,,,,,,,,,,,1,2,1,1.0,4
201300029744,0013-09-19 16:45:00,13,9,19,16,45,590,431,COLLEGE (RUE DU),,,Plein jour,En agglomération,Hors intersection,Autre,Autre collision,,,,,,,,,,,1,2,1,9.0,6
201300029745,0013-09-20 12:35:00,13,9,20,12,35,590,317,LIBERTE  (RUE DE LA ),,,Plein jour,En agglomération,Intersection en X,Normale,Deux véhicules - côté,,,,,,,,,,,1,2,2,1.0,3
201300029746,0013-09-24 14:10:00,13,9,24,14,10,590,17,DUNKERQUE (RUE DE),,,Plein jour,En agglomération,Intersection en T,Normale,Autre collision,,,,,,,,,,,1,2,3,1.0,6
201300029747,0013-09-25 16:00:00,13,9,25,16,0,590,143,"311, NATIONALE  ( ROUTE)",,,Plein jour,En agglomération,Hors intersection,Normale,Autre collision,,,,,,,,,,,1,2,1,1.0,6
201300029748,0013-09-29 23:05:00,13,9,29,23,5,590,17,LEBLEU (RUE JULES ),,,Nuit avec éclairage allumé,En agglomération,Intersection en T,Normale,Deux véhicules - côté,,,,,,,,,,,5,2,3,1.0,3
201300029749,0013-10-02 17:50:00,13,10,2,17,50,590,143,"165, NATIONALE  ( ROUTE)",,,Plein jour,En agglomération,Hors intersection,Normale,Deux véhicules - côté,,,,,,,,,,,1,2,1,1.0,3
201300029750,0013-10-05 16:30:00,13,10,5,16,30,590,431,"1730, ARMENTIERES  (RUE",,,Plein jour,En agglomération,Hors intersection,Normale,Deux véhicules - côté,,,,,,,,,,,1,2,1,1.0,3
201300029751,0013-10-10 08:20:00,13,10,10,8,20,590,317,CARNOT  (RUE),,,Plein jour,En agglomération,Intersection en X,Pluie légère,Deux véhicules - côté,,,,,,,,,,,1,2,2,2.0,3
201300029752,0013-10-28 14:22:00,13,10,28,14,22,590,431,"1025, ARMENTIERES  (RUE",,,Plein jour,En agglomération,Hors intersection,Pluie forte,Deux véhicules - arrière,,,,,,,,,,,1,2,1,3.0,2
201300029753,0013-11-12 15:55:00,13,11,12,15,55,590,17,"6, GENERAL DE GAULLE (PL",,,Plein jour,En agglomération,Hors intersection,Normale,Autre collision,,,,,,,,,,,1,2,1,1.0,6
201300029754,0013-11-19 19:25:00,13,11,19,19,25,590,143,"229, NATIONALE  ( ROUTE)",,,Nuit avec éclairage allumé,En agglomération,Hors intersection,Normale,Autre collision,,,,,,,,,,,5,2,1,1.0,6
201300029755,0013-11-26 17:20:00,13,11,26,17,20,590,17,"SANS OBJE0, BLUM  (AVENU",,,Nuit avec éclairage allumé,En agglomération,Intersection en X,Pluie légère,Deux véhicules - côté,,,,,,,,,,,5,2,2,2.0,3
201300029756,0013-12-03 17:50:00,13,12,3,17,50,590,17,FUSILLES (RUE DES ),,,Nuit avec éclairage allumé,En agglomération,Intersection en X,Brouillard / fumée,Autre collision,,,,,,,,,,,5,2,2,5.0,6
201300029757,0013-12-06 13:15:00,13,12,6,13,15,590,143,"1700 c, NATIONALE (ROUTE",,,Plein jour,En agglomération,Hors intersection,Normale,Deux véhicules - arrière,,,,,,,,,,,1,2,1,1.0,2
201300029758,0013-12-09 08:00:00,13,12,9,8,0,590,143,"903, NATIONALE (ROUTE)IW",,,Crépuscule ou aube,Hors agglomération,Hors intersection,Normale,Deux véhicules - arrière,,,,,,,,,,,2,1,1,1.0,2
201300029759,0013-12-05 18:15:00,13,12,5,18,15,590,17,"9, DE MUN  (RUE ALBERT )",,,Nuit avec éclairage allumé,En agglomération,Hors intersection,Normale,Deux véhicules - côté,,,,,,,,,,,5,2,1,1.0,3
201300029760,0013-12-17 19:10:00,13,12,17,19,10,590,17,"9, LATTRE DE TASSIGNY (R",,,Nuit avec éclairage allumé,En agglomération,Hors intersection,Normale,Autre collision,,,,,,,,,,,5,2,1,1.0,6
201300029761,0013-12-17 17:35:00,13,12,17,17,35,590,17,CARNOT (RUE SADI ),,,Nuit avec éclairage allumé,En agglomération,Autre intersection,Normale,Autre collision,,,,,,,,,,,5,2,9,1.0,6
201300029762,0013-12-21 19:35:00,13,12,21,19,35,590,17,"71, JAURES (RUE JEAN )",,,Nuit avec éclairage allumé,En agglomération,Hors intersection,Normale,Autre collision,,,,,,,,,,,5,2,1,1.0,6
201300029763,0013-07-08 08:58:00,13,7,8,8,58,590,33,ALBERT 1ER (RUE),,,Plein jour,En agglomération,Intersection en X,Temps éblouissant,Deux véhicules - côté,,,,,,,,,,,1,2,2,7.0,3
201300029764,0013-07-26 20:00:00,13,7,26,20,0,590,344,"166, EMILE BRASSELET (RU",,,Plein jour,En agglomération,Hors intersection,Normale,Autre collision,,,,,,,,,,,1,2,1,1.0,6
201300029765,0013-03-29 21:25:00,13,3,29,21,25,590,43,LEET (RUE DU),,,Nuit sans éclairage public,Hors agglomération,Hors intersection,Normale,Autre collision,,,,,,,,,,,3,1,1,1.0,6
201300029766,0013-01-17 08:20:00,13,1,17,8,20,590,43,"21, EMILE HIE (Rue)",,,Plein jour,En agglomération,Intersection en Y,Autre,Autre collision,,,,,,,,,,,1,2,4,9.0,6
201300029767,0013-02-05 11:00:00,13,2,5,11,0,590,43,"202, LILLE (RUE DE) S1",,,Plein jour,En agglomération,Hors intersection,Normale,Deux véhicules - arrière,,,,,,,,,,,1,2,1,1.0,2
201300029768,0013-05-04 22:45:00,13,5,4,22,45,590,43,PHARAON DE WINTER (RUE),,,Nuit avec éclairage non allumé,En agglomération,Intersection en X,Normale,Deux véhicules - côté,,,,,,,,,,,4,2,2,1.0,3
201300029769,0013-07-20 11:50:00,13,7,20,11,50,590,43,"196, LILLE (RUE DE) S1",,,Plein jour,En agglomération,Hors intersection,Normale,Autre collision,,,,,,,,,,,1,2,1,1.0,6
201300029770,0013-07-30 20:10:00,13,7,30,20,10,590,43,"711, METEREN (ROUTE DE)",,,Plein jour,En agglomération,Hors intersection,Pluie légère,Autre collision,,,,,,,,,,,1,2,1,2.0,6
201300029771,0013-08-17 21:45:00,13,8,17,21,45,590,43,"0, STEENT JE (ROUTE DU)",,,Crépuscule ou aube,En agglomération,Intersection en T,Normale,Deux véhicules - côté,,,,,,,,,,,2,2,3,1.0,3
201300029772,0013-09-26 17:10:00,13,9,26,17,10,590,43,"5766, LILLE (ROUTE DE)",,,Plein jour,Hors agglomération,Intersection en T,Normale,Deux véhicules - côté,,,,,,,,,,,1,1,3,1.0,3
201300029773,0013-10-13 20:25:00,13,10,13,20,25,590,43,"2895, LILLE (ROUTE DE)",,,Nuit avec éclairage allumé,Hors agglomération,Hors intersection,Pluie forte,Deux véhicules - arrière,,,,,,,,,,,5,1,1,3.0,2
201300029774,0013-11-14 08:50:00,13,11,14,8,50,590,43,"rd23, OUTTERSTEENE S2",,,Plein jour,Hors agglomération,Hors intersection,Pluie légère,Trois véhicules et plus - collisions multiples,,,,,,,,,,,1,1,1,2.0,5
201300029775,0013-11-19 15:55:00,13,11,19,15,55,590,43,"4, PAUL PERRIER (RUE)",,,Plein jour,En agglomération,Hors intersection,Normale,Autre collision,,,,,,,,,,,1,2,1,1.0,6