accident_id,datetime,annee,mois,jour,heure,minute,departement,commune_insee,adresse,latitude,longitude,luminosite,agglomeration,intersection,meteo,collision,nb_vehicules,nb_usagers,nb_indemnes,nb_tues,nb_blesses_hosp,nb_blesses_legers,age_cond_1,age_cond_2,veh_type_cond_1,veh_type_cond_2,lum_code,agg_code,int_code,atm_code,col_code
201300029776,0013-11-26 16:25:00,13,11,26,16,25,590,43,SOEURS NOIRES (RUE DES),,,Plein jour,En agglomération,Intersection en Y,Pluie légère,Deux véhicules - côté,,,,,,,,,,,1,2,4,2.0,3
201300029777,0013-11-26 19:50:00,13,11,26,19,50,590,43,LEET (RUE DU),,,Nuit sans éclairage public,Hors agglomération,Hors intersection,Pluie légère,Autre collision,,,,,,,,,,,3,1,1,2.0,6
201300029778,0013-12-04 18:10:00,13,12,4,18,10,590,43,"112, MUSEE (RUE DU)",,,Nuit avec éclairage allumé,En agglomération,Hors intersection,Normale,Deux véhicules - arrière,,,,,,,,,,,5,2,1,1.0,2
201300029779,0013-02-02 19:20:00,13,2,2,19,20,590,122,"470, MILCENT (RUE BERTRA",,,Nuit avec éclairage allumé,En agglomération,Hors intersection,Normale,Autre collision,,,,,,,,,,,5,2,1,1.0,6
201300029780,0013-02-22 19:00:00,13,2,22,19,0,590,244,BAPAUME (ROUTE DE),,,Nuit avec éclairage allumé,En agglomération,Hors intersection,Normale,Deux véhicules - arrière,,,,,,,,,,,5,2,1,1.0,2
201300029781,0013-03-05 13:10:00,13,3,5,13,10,590,122,"1, VICTOIRE (AVENUE DE L",,,Plein jour,En agglomération,Hors intersection,Temps éblouissant,Autre collision,,,,,,,,,,,1,2,1,7.0,6
201300029782,0013-04-13 03:10:00,13,4,13,3,10,590,244,ROUTE NATIONALE,50.17116,3.17696,Nuit sans éclairage public,Hors agglomération,Hors intersection,Normale,Autre collision,,,,,,,,,,,3,1,1,1.0,6
201300029783,0013-04-19 02:45:00,13,4,19,2,45,590,122,PARIS (AVENUE DE),,,Nuit avec éclairage allumé,En agglomération,Autre intersection,Normale,Deux véhicules - côté,,,,,,,,,,,5,2,9,1.0,3
201300029784,0013-07-09 10:40:00,13,7,9,10,40,590,122,"25, CATEAU (AVENUE DU)",,,Plein jour,En agglomération,Hors intersection,Temps éblouissant,Autre collision,,,,,,,,,,,1,2,1,7.0,6
201300029785,0013-07-10 06:45:00,13,7,10,6,45,590,244,BAPAUME (ROUTE DE),,,Plein jour,Hors agglomération,Hors intersection,Normale,Deux véhicules - côté,,,,,,,,,,,1,1,1,1.0,3
201300029786,0013-07-23 20:40:00,13,7,23,20,40,590,122,"1, LEVEQUE (RUE)",,,Plein jour,En agglomération,Hors intersection,Normale,Sans collision,,,,,,,,,,,1,2,1,1.0,7
201300029787,0013-08-10 15:00:00,13,8,10,15,0,590,122,"0, BORNE A L'AIGLE (CHEM",,,Plein jour,En agglomération,Hors intersection,Normale,Sans collision,,,,,,,,,,,1,2,1,1.0,7
201300029788,0013-08-10 20:10:00,13,8,10,20,10,590,122,"845, RUMILLY (RUE DE)",,,Plein jour,En agglomération,Hors intersection,Normale,Autre collision,,,,,,,,,,,1,2,1,1.0,6
201300029789,0013-08-29 16:20:00,13,8,29,16,20,590,122,"1, FOCH (AVENUE DU MAREC",,,Plein jour,En agglomération,Hors intersection,Normale,Autre collision,,,,,,,,,,,1,2,1,1.0,6
201300029790,0013-09-13 18:15:00,13,9,13,18,15,590,122,"263, SAINT LADRE (RUE)",,,Plein jour,En agglomération,Intersection en T,Pluie légère,Trois véhicules et plus - collisions multiples,,,,,,,,,,,1,2,3,2.0,5
201300029791,0013-09-08 10:45:00,13,9,8,10,45,590,122,LIBERTE (BOULEVARD DE LA,,,Plein jour,En agglomération,Intersection en X,Normale,Autre collision,,,,,,,,,,,1,2,2,1.0,6
201300029792,0013-09-17 08:55:00,13,9,17,8,55,590,206,CAUROIR (CHEMIN DE),,,Plein jour,Hors agglomération,Hors intersection,Temps couvert,Deux véhicules - frontale,,,,,,,,,,,1,1,1,8.0,1
201300029793,0013-10-04 07:30:00,13,10,4,7,30,590,122,LIBERTE (BOULEVARD DE LA,,,Nuit avec éclairage allumé,En agglomération,Hors intersection,Pluie légère,Autre collision,,,,,,,,,,,5,2,1,2.0,6
201300029794,0013-10-11 09:00:00,13,10,11,9,0,590,122,"1, PARIS (AVENUE DE)",,,Plein jour,En agglomération,Hors intersection,Normale,Autre collision,,,,,,,,,,,1,2,1,1.0,6
201300029795,0013-10-19 13:00:00,13,10,19,13,0,590,122,"1, VANDERBURCH (GRANDE R",,,Plein jour,En agglomération,Hors intersection,Normale,Autre collision,,,,,,,,,,,1,2,1,1.0,6
201300029796,0013-10-25 09:50:00,13,10,25,9,50,590,122,"42, LIBERTE (BOULEVARD D",,,Plein jour,En agglomération,Hors intersection,Temps couvert,Autre collision,,,,,,,,,,,1,2,1,8.0,6
201300029797,0013-12-14 00:10:00,13,12,14,0,10,590,122,"64 bis, CREVECOEUR (RUE",,,Nuit avec éclairage allumé,En agglomération,Hors intersection,Pluie forte,Autre collision,,,,,,,,,,,5,2,1,3.0,6
201300029798,0013-01-02 20:35:00,13,1,2,20,35,590,153,"0, BLIGNIERES (RUE DE )",,,Nuit avec éclairage allumé,En agglomération,Intersection en X,Temps couvert,Deux véhicules - côté,,,,,,,,,,,5,2,2,8.0,3
201300029799,0013-01-26 22:35:00,13,1,26,22,35,590,153,Rte de Bonsecours,50.47688,3.59949,Nuit sans éclairage public,Hors agglomération,Hors intersection,Neige / grêle,Trois véhicules et plus - collisions multiples,,,,,,,,,,,3,1,1,4.0,5
201300029800,0013-11-22 12:30:00,13,11,22,12,30,590,616,"0, CAMELINAT (RUE )",,,Plein jour,En agglomération,Hors intersection,Normale,Sans collision,,,,,,,,,,,1,2,1,1.0,7
201300029801,0013-02-22 09:30:00,13,2,22,9,30,590,153,DELBAUVE (RUE ALPHONSE),,,Plein jour,En agglomération,Intersection en Y,Normale,Deux véhicules - côté,,,,,,,,,,,1,2,4,1.0,3
201300029802,0013-03-09 13:50:00,13,3,9,13,50,590,253,"0, BANCEL (RUE ETIENNE )",,,Plein jour,En agglomération,Intersection en T,Normale,Deux véhicules - côté,,,,,,,,,,,1,2,3,1.0,3
201300029803,0013-05-01 18:15:00,13,5,1,18,15,590,616,"299, CAMELINAT (RUE )",,,Plein jour,En agglomération,Intersection en T,Normale,Deux véhicules - côté,,,,,,,,,,,1,2,3,1.0,3
201300029804,0013-05-01 04:45:00,13,5,1,4,45,590,153,GOSSET (RUE CONSTANT ),,,Nuit avec éclairage allumé,En agglomération,Intersection en X,Normale,Deux véhicules - arrière,,,,,,,,,,,5,2,2,1.0,2
201300029805,0013-05-02 16:10:00,13,5,2,16,10,590,153,"0, C.D. 935 (NOUVEAU )",,,Plein jour,Hors agglomération,Hors intersection,Normale,Deux véhicules - côté,,,,,,,,,,,1,1,1,1.0,3
201300029806,0013-05-21 18:45:00,13,5,21,18,45,590,153,GOSSET (RUE CONSTANT ),,,Plein jour,En agglomération,Intersection en X,Pluie légère,Deux véhicules - côté,,,,,,,,,,,1,2,2,2.0,3
201300029807,0013-07-08 13:00:00,13,7,8,13,0,590,153,CYTISES  (RUE DES ),,,Plein jour,En agglomération,Giratoire,Normale,Deux véhicules - côté,,,,,,,,,,,1,2,6,1.0,3
201300029808,0013-07-16 21:45:00,13,7,16,21,45,590,153,"317, BONSECOURS (ROUTE D",,,Crépuscule ou aube,En agglomération,Intersection en X,Normale,Deux véhicules - côté,,,,,,,,,,,2,2,2,1.0,3
201300029809,0013-07-29 14:50:00,13,7,29,14,50,590,616,"519, HUGO (RUE VICTOR )",,,Plein jour,En agglomération,Hors intersection,Normale,Deux véhicules - côté,,,,,,,,,,,1,2,1,1.0,3
201300029810,0013-07-26 13:15:00,13,7,26,13,15,590,153,TOURNAI  (RUE DE ),,,Plein jour,En agglomération,Hors intersection,Normale,Autre collision,,,,,,,,,,,1,2,1,1.0,6
201300029811,0013-08-20 16:30:00,13,8,20,16,30,590,153,"162, GRAS BOEUF (RUE DU",,,Plein jour,En agglomération,Autre intersection,Normale,Deux véhicules - arrière,,,,,,,,,,,1,2,9,1.0,2
201300029812,0013-11-01 19:15:00,13,11,1,19,15,590,153,"5, GAMBETTA (RUE )",,,Nuit avec éclairage allumé,En agglomération,Hors intersection,Pluie légère,Deux véhicules - arrière,,,,,,,,,,,5,2,1,2.0,2
201300029813,0013-12-02 17:15:00,13,12,2,17,15,590,616,"210, BETH (RUE RENE )",,,Nuit avec éclairage allumé,En agglomération,Hors intersection,Temps couvert,Deux véhicules - frontale,,,,,,,,,,,5,2,1,8.0,1
201300029814,0013-01-05 23:10:00,13,1,5,23,10,590,179,"54, PASTEUR (R.)",,,Nuit avec éclairage allumé,En agglomération,Hors intersection,Pluie légère,Deux véhicules - frontale,,,,,,,,,,,5,2,1,2.0,1
201300029815,0013-02-15 19:35:00,13,2,15,19,35,590,172,1357 Route d'Oisy,50.33773,3.41122,Nuit sans éclairage public,Hors agglomération,Hors intersection,Normale,Sans collision,,,,,,,,,,,3,1,1,1.0,7
201300029816,0013-02-21 11:40:00,13,2,21,11,40,590,172,946 Rue Arthur Brunet,50.32129,3.37407,Plein jour,En agglomération,Hors intersection,Normale,Deux véhicules - frontale,,,,,,,,,,,1,2,1,1.0,1
201300029817,0013-02-05 07:40:00,13,2,5,7,40,590,205,"., DESMOULIN (R. CAMILLE",,,Crépuscule ou aube,En agglomération,Hors intersection,Normale,Sans collision,,,,,,,,,,,2,2,1,1.0,7
201300029818,0013-03-10 05:10:00,13,3,10,5,10,590,179,"., DENAIN (R.)",,,Nuit avec éclairage non allumé,En agglomération,Autre intersection,Normale,Autre collision,,,,,,,,,,,4,2,9,1.0,6
201300029819,0013-04-05 18:10:00,13,4,5,18,10,590,429,LAMENDIN (R. ARTHUR),,,Plein jour,En agglomération,Hors intersection,Normale,Sans collision,,,,,,,,,,,1,2,1,1.0,7
201300029820,0013-04-20 14:05:00,13,4,20,14,5,590,179,D 630,,,Plein jour,Hors agglomération,Hors intersection,Normale,Trois véhicules et plus - collisions multiples,,,,,,,,,,,1,1,1,1.0,5
201300029821,0013-05-06 21:15:00,13,5,6,21,15,590,172,THIERY (IMP.),,,Plein jour,En agglomération,Intersection en T,Normale,Deux véhicules - côté,,,,,,,,,,,1,2,3,1.0,3
201300029822,0013-05-02 08:25:00,13,5,2,8,25,590,288,RD 630,,,Plein jour,Hors agglomération,Hors intersection,Normale,Deux véhicules - arrière,,,,,,,,,,,1,1,1,1.0,2
201300029823,0013-05-17 17:00:00,13,5,17,17,0,590,172,"550, BRUNET (R. ARTHUR)",,,Plein jour,En agglomération,Hors intersection,Normale,Autre collision,,,,,,,,,,,1,2,1,1.0,6
201300029824,0013-05-31 18:55:00,13,5,31,18,55,590,172,NEVE (R. PIERRE),,,Plein jour,En agglomération,Intersection en T,Normale,Autre collision,,,,,,,,,,,1,2,3,1.0,6
201300029825,0013-05-28 15:30:00,13,5,28,15,30,590,172,DESANDROUINS (R.),,,Plein jour,En agglomération,Intersection en X,Normale,Autre collision,,,,,,,,,,,1,2,2,1.0,6
201300029826,0013-06-10 08:00:00,13,6,10,8,0,590,179,"., REPUBLIQUE (AV DE LA)",,,Plein jour,En agglomération,Hors intersection,Normale,Autre collision,,,,,,,,,,,1,2,1,1.0,6
201300029827,0013-06-10 11:05:00,13,6,10,11,5,590,589,"38, COUTURIER (R. VAILLA",,,Plein jour,En agglomération,Autre intersection,Normale,Autre collision,,,,,,,,,,,1,2,9,1.0,6
201300029828,0013-06-03 18:30:00,13,6,3,18,30,590,632,"0, DANNA (R. MARCEL)",,,Plein jour,En agglomération,Intersection en X,Normale,Deux véhicules - côté,,,,,,,,,,,1,2,2,1.0,3
201300029829,0013-06-19 17:30:00,13,6,19,17,30,590,179,HASPRES (R. D'),,,Plein jour,En agglomération,Hors intersection,Normale,Deux véhicules - frontale,,,,,,,,,,,1,2,1,1.0,1
201300029830,0013-06-24 18:00:00,13,6,24,18,0,590,632,BLANQUI (R.),,,Plein jour,En agglomération,Hors intersection,Normale,Deux véhicules - arrière,,,,,,,,,,,1,2,1,1.0,2
201300029831,0013-07-02 21:20:00,13,7,2,21,20,590,172,PETIT (R. LOUIS),,,Plein jour,En agglomération,Hors intersection,Normale,Sans collision,,,,,,,,,,,1,2,1,1.0,7
201300029832,0013-07-14 06:30:00,13,7,14,6,30,590,205,"25, GAMBETTA (PLACE)",,,Plein jour,En agglomération,Hors intersection,Normale,Autre collision,,,,,,,,,,,1,2,1,1.0,6
201300029833,0013-07-20 02:30:00,13,7,20,2,30,590,632,"91, MATTEOTI",,,Nuit avec éclairage allumé,En agglomération,Hors intersection,Normale,Autre collision,,,,,,,,,,,5,2,1,1.0,6
201300029834,0013-07-22 12:05:00,13,7,22,12,5,590,172,DESANDROUINS (R.),,,Plein jour,En agglomération,Intersection en X,Normale,Deux véhicules - côté,,,,,,,,,,,1,2,2,1.0,3
201300029835,0013-07-19 19:30:00,13,7,19,19,30,590,2,"2, DEGALLAIX (R. DU SERG",,,Plein jour,En agglomération,Hors intersection,Normale,Autre collision,,,,,,,,,,,1,2,1,1.0,6
201300029836,0013-07-22 09:10:00,13,7,22,9,10,590,361,"473, JAURES (RES. JEAN)",,,Plein jour,En agglomération,Hors intersection,Normale,Deux véhicules - arrière,,,,,,,,,,,1,2,1,1.0,2
201300029837,0013-08-02 19:41:00,13,8,2,19,41,590,172,"., APPOLINAIRE (R. GUILL",,,Plein jour,En agglomération,Hors intersection,Normale,Autre collision,,,,,,,,,,,1,2,1,1.0,6
201300029838,0013-08-04 10:40:00,13,8,4,10,40,590,205,GUESDE (R. JULES),,,Plein jour,Hors agglomération,Hors intersection,Normale,Autre collision,,,,,,,,,,,1,1,1,1.0,6
201300029839,0013-08-29 18:30:00,13,8,29,18,30,590,172,"0, MAI 1945 (BD DU 8)",,,Plein jour,En agglomération,Hors intersection,Normale,Autre collision,,,,,,,,,,,1,2,1,1.0,6
201300029840,0013-09-02 21:45:00,13,9,2,21,45,590,361,JAURES (RES. JEAN),,,Nuit sans éclairage public,En agglomération,Hors intersection,Normale,Autre collision,,,,,,,,,,,3,2,1,1.0,6
201300029841,0013-09-09 00:45:00,13,9,9,0,45,590,651,"., ISBERGUES (R. CHARLES",,,Nuit avec éclairage allumé,En agglomération,Hors intersection,Normale,Autre collision,,,,,,,,,,,5,2,1,1.0,6
201300029842,0013-09-23 16:40:00,13,9,23,16,40,590,429,NATIONALE(R.30),,,Plein jour,Hors agglomération,Hors intersection,Normale,Autre collision,,,,,,,,,,,1,1,1,1.0,6
201300029843,0013-08-29 13:45:00,13,8,29,13,45,590,172,CD 40,,,Plein jour,Hors agglomération,Hors intersection,Normale,Deux véhicules - arrière,,,,,,,,,,,1,1,1,1.0,2
201300029844,0013-09-06 09:00:00,13,9,6,9,0,590,589,CD 40,,,Plein jour,En agglomération,Hors intersection,Normale,Deux véhicules - arrière,,,,,,,,,,,1,2,1,1.0,2
201300029845,0013-09-27 10:30:00,13,9,27,10,30,590,172,GAULLE (BD CHARLES DE),,,Plein jour,En agglomération,Hors intersection,Normale,Deux véhicules - côté,,,,,,,,,,,1,2,1,1.0,3
201300029846,0013-10-07 21:55:00,13,10,7,21,55,590,172,"45, HELESMES (ANCIEN CH.",,,Nuit avec éclairage allumé,Hors agglomération,Hors intersection,Normale,Autre collision,,,,,,,,,,,5,1,1,1.0,6
201300029847,0013-10-13 12:40:00,13,10,13,12,40,590,179,D 630,,,Plein jour,Hors agglomération,Autre intersection,Pluie forte,Trois véhicules et plus - collisions multiples,,,,,,,,,,,1,1,9,3.0,5
201300029848,0013-10-11 07:00:00,13,10,11,7,0,590,2,DOUAI (R. DE),,,Crépuscule ou aube,En agglomération,Hors intersection,Pluie légère,Autre collision,,,,,,,,,,,2,2,1,2.0,6
201300029849,0013-10-17 07:30:00,13,10,17,7,30,590,589,CD 40,,,Nuit sans éclairage public,Hors agglomération,Hors intersection,Normale,Autre collision,,,,,,,,,,,3,1,1,1.0,6
201300029850,0013-10-19 09:50:00,13,10,19,9,50,590,179,"., D 630",,,Plein jour,Hors agglomération,Intersection en X,Normale,Deux véhicules - côté,,,,,,,,,,,1,1,2,1.0,3
201300029851,0013-11-20 13:15:00,13,11,20,13,15,590,361,"., JAURES (RES. JEAN)",,,Plein jour,En agglomération,Hors intersection,Normale,Autre collision,,,,,,,,,,,1,2,1,1.0,6
201300029852,0013-11-30 00:25:00,13,11,30,0,25,590,632,DELORY (R. GUSTAVE),,,Nuit avec éclairage allumé,En agglomération,Intersection en X,Normale,Deux véhicules - côté,,,,,,,,,,,5,2,2,1.0,3
201300029853,0013-12-01 16:30:00,13,12,1,16,30,590,205,BERT (R. PAUL),,,Plein jour,En agglomération,Hors intersection,Normale,Autre collision,,,,,,,,,,,1,2,1,1.0,6
201300029854,0013-12-07 22:05:00,13,12,7,22,5,590,297,"64, SALENGRO (R. ROGER)",,,Nuit avec éclairage allumé,En agglomération,Hors intersection,Normale,Autre collision,,,,,,,,,,,5,2,1,1.0,6
201300029855,0013-12-07 21:30:00,13,12,7,21,30,590,172,WILSON (PL. PRESIDENT),,,Nuit avec éclairage allumé,En agglomération,Hors intersection,Normale,Autre collision,,,,,,,,,,,5,2,1,1.0,6
201300029856,0013-01-07 12:24:00,13,1,7,12,24,590,8,KOPIERRE (RUE),,,Plein jour,En agglomération,Hors intersection,Normale,Autre collision,,,,,,,,,,,1,2,1,1.0,6
201300029857,0013-01-05 18:20:00,13,1,5,18,20,590,375,CD 957,50.41849,3.26753,Nuit sans éclairage public,Hors agglomération,Hors intersection,Pluie légère,Deux véhicules - côté,,,,,,,,,,,3,1,1,2.0,3
201300029858,0013-01-10 17:55:00,13,1,10,17,55,590,113,PASTEUR  LOUIS(RUE),,,Crépuscule ou aube,En agglomération,Intersection en T,Temps couvert,Deux véhicules - côté,,,,,,,,,,,2,2,3,8.0,3
201300029859,0013-12-30 15:30:00,13,12,30,15,30,590,456,COLLIEZ GUSTAVE(RUE),,,Plein jour,En agglomération,Intersection en T,Pluie légère,Deux véhicules - côté,,,,,,,,,,,1,2,3,2.0,3
201300029860,0013-01-29 09:15:00,13,1,29,9,15,590,8,"116, PAUL VAILLANT COUTU",,,Plein jour,En agglomération,Intersection en T,Pluie légère,Deux véhicules - côté,,,,,,,,,,,1,2,3,2.0,3
201300029861,0013-02-01 02:25:00,13,2,1,2,25,590,390,8 MAI 45 (AVENUE),,,Nuit avec éclairage allumé,En agglomération,Hors intersection,Temps couvert,Autre collision,,,,,,,,,,,5,2,1,8.0,6
201300029862,0013-02-09 08:45:00,13,2,9,8,45,590,24,"1, CHAUFOUR (RUE DU)",,,Plein jour,Hors agglomération,Hors intersection,Brouillard / fumée,Deux véhicules - côté,,,,,,,,,,,1,1,1,5.0,3
201300029863,0013-03-02 17:20:00,13,3,2,17,20,590,345,"543, PASTEUR (RUE)",,,Plein jour,En agglomération,Hors intersection,Normale,Deux véhicules - frontale,,,,,,,,,,,1,2,1,1.0,1
201300029864,0013-03-30 17:15:00,13,3,30,17,15,590,24,"120, MOULIN BLANC (RUE D",,,Plein jour,En agglomération,Hors intersection,Normale,Autre collision,,,,,,,,,,,1,2,1,1.0,6
201300029865,0013-04-25 23:40:00,13,4,25,23,40,590,345,Rue d'Erchin,50.32963,3.17211,Nuit avec éclairage allumé,En agglomération,Hors intersection,Normale,Autre collision,,,,,,,,,,,5,2,1,1.0,6
201300029866,0013-07-17 06:00:00,13,7,17,6,0,590,24,"242, DOUAI (RUE DE)",,,Plein jour,En agglomération,Hors intersection,Normale,Sans collision,,,,,,,,,,,1,2,1,1.0,7
201300029867,0013-07-10 18:00:00,13,7,10,18,0,590,8,"15, PATOUX (RUE)",,,Plein jour,En agglomération,Hors intersection,Normale,Autre collision,,,,,,,,,,,1,2,1,1.0,6
201300029868,0013-07-27 01:20:00,13,7,27,1,20,590,185,"118, D645",,,Nuit avec éclairage allumé,En agglomération,Hors intersection,Normale,Autre collision,,,,,,,,,,,5,2,1,1.0,6
201300029869,0013-01-09 11:10:00,13,1,9,11,10,590,178,HAYEZ (BOULEVARD PAUL),,,Plein jour,En agglomération,Hors intersection,Pluie légère,Autre collision,,,,,,,,,,,1,2,1,2.0,6
201300029870,0013-08-14 18:20:00,13,8,14,18,20,590,8,"138, NOVY BOR (RUE)",,,Plein jour,En agglomération,Hors intersection,Normale,Autre collision,,,,,,,,,,,1,2,1,1.0,6
201300029871,0013-08-09 16:00:00,13,8,9,16,0,590,345,VESIGNONS (PLACE DES),,,Plein jour,En agglomération,Hors intersection,Normale,Autre collision,,,,,,,,,,,1,2,1,1.0,6
201300029872,0013-08-17 12:10:00,13,8,17,12,10,590,8,"2, DELESTRAINT (RUE DU G",,,Plein jour,En agglomération,Hors intersection,Normale,Deux véhicules - côté,,,,,,,,,,,1,2,1,1.0,3
201300029873,0013-04-27 13:40:00,13,4,27,13,40,590,375,SOMAIN CD957(ROUTE DE),,,Plein jour,Hors agglomération,Hors intersection,Normale,Autre collision,,,,,,,,,,,1,1,1,1.0,6
201300029874,0013-11-17 02:15:00,13,11,17,2,15,590,185,"0, HALLOTS (RUE DES)",,,Nuit avec éclairage allumé,En agglomération,Hors intersection,Brouillard / fumée,Deux véhicules - frontale,,,,,,,,,,,5,2,1,5.0,1
201300029875,0013-05-16 07:50:00,13,5,16,7,50,590,574,"79, SIMON EDMOND(RUE)",,,Plein jour,En agglomération,Hors intersection,Temps couvert,Autre collision,,,,,,,,,,,1,2,1,8.0,6
201300029876,0013-12-15 02:45:00,13,12,15,2,45,590,8,"212, JAURES (RUE JEAN)",,,Nuit avec éclairage allumé,En agglomération,Hors intersection,Temps couvert,Autre collision,,,,,,,,,,,5,2,1,8.0,6
201300029877,0013-12-12 13:25:00,13,12,12,13,25,590,8,PATOUX (RUE),,,Plein jour,En agglomération,Hors intersection,Normale,Autre collision,,,,,,,,,,,1,2,1,1.0,6
201300029878,0013-07-23 08:45:00,13,7,23,8,45,590,637,HORNAING(ROUTE D'),,,Plein jour,Hors agglomération,Intersection en Y,Temps éblouissant,Deux véhicules - frontale,,,,,,,,,,,1,1,4,7.0,1
201300029879,0013-08-19 10:50:00,13,8,19,10,50,590,574,BOUCHAIN (ROUTE),50.33401,3.28089,Plein jour,Hors agglomération,Intersection en T,Normale,Deux véhicules - côté,,,,,,,,,,,1,1,3,1.0,3
201300029880,0013-02-15 07:15:00,13,2,15,7,15,590,509,"1, DELORY (RUE GUSTAVE)",,,Crépuscule ou aube,En agglomération,Intersection en T,Temps couvert,Autre collision,,,,,,,,,,,2,2,3,8.0,6
201300029881,0013-09-06 11:35:00,13,9,6,11,35,590,227,"316, JOLIOT CURIE IRENE(",,,Plein jour,En agglomération,Hors intersection,Normale,Autre collision,,,,,,,,,,,1,2,1,1.0,6
201300029882,0013-02-27 07:55:00,13,2,27,7,55,590,178,FLERS (RUE DE),,,Plein jour,En agglomération,Giratoire,Pluie légère,Deux véhicules - côté,,,,,,,,,,,1,2,6,2.0,3
201300029883,0013-11-10 10:10:00,13,11,10,10,10,590,203,POUILLE LUCIEN (RUE),,,Plein jour,En agglomération,Hors intersection,Normale,Deux véhicules - frontale,,,,,,,,,,,1,2,1,1.0,1
201300029884,0013-04-16 18:00:00,13,4,16,18,0,590,178,"172, BELLAIN (RUE DE)",,,Plein jour,En agglomération,Intersection en X,Normale,Autre collision,,,,,,,,,,,1,2,2,1.0,6
201300029885,0013-12-18 14:25:00,13,12,18,14,25,590,227,"26, JAURES JEAN (RUE)",,,Plein jour,En agglomération,Hors intersection,Normale,Autre collision,,,,,,,,,,,1,2,1,1.0,6
201300029886,0013-04-21 12:30:00,13,4,21,12,30,590,509,11 Rue d'Athis,50.4061,3.10204,Plein jour,En agglomération,Hors intersection,Normale,Autre collision,,,,,,,,,,,1,2,1,1.0,6
201300029887,0013-03-18 08:00:00,13,3,18,8,0,590,654,BARROU (RUE DU),,,Plein jour,En agglomération,Hors intersection,Pluie légère,Deux véhicules - frontale,,,,,,,,,,,1,2,1,2.0,1
201300029888,0013-05-08 22:50:00,13,5,8,22,50,590,234,"71, RD643 (LE VILLERS)",,,Nuit avec éclairage allumé,En agglomération,Hors intersection,Normale,Autre collision,,,,,,,,,,,5,2,1,1.0,6
201300029889,0013-05-10 18:00:00,13,5,10,18,0,590,569,329 Rue Jules Guesde,50.36203,3.10769,Plein jour,En agglomération,Hors intersection,Normale,Autre collision,,,,,,,,,,,1,2,1,1.0,6
201300029890,0013-04-08 15:05:00,13,4,8,15,5,590,489,"337, VAILLANT (RUE EDOUA",,,Plein jour,En agglomération,Hors intersection,Normale,Deux véhicules - côté,,,,,,,,,,,1,2,1,1.0,3
201300029891,0013-04-22 19:30:00,13,4,22,19,30,590,569,DOUAI (RUE DE),,,Plein jour,En agglomération,Intersection en T,Normale,Deux véhicules - arrière,,,,,,,,,,,1,2,3,1.0,2
201300029892,0013-04-21 17:00:00,13,4,21,17,0,590,329,R.D 621,,,Plein jour,Hors agglomération,Hors intersection,Temps éblouissant,Deux véhicules - arrière,,,,,,,,,,,1,1,1,7.0,2
201300029893,0013-06-01 15:30:00,13,6,1,15,30,590,170,"186, FERIN (RUE DE)",,,Plein jour,En agglomération,Hors intersection,Normale,Deux véhicules - arrière,,,,,,,,,,,1,2,1,1.0,2
201300029894,0013-05-02 19:00:00,13,5,2,19,0,590,509,"837, FERRER (RUE FRANCIS",,,Plein jour,En agglomération,Hors intersection,Normale,Deux véhicules - côté,,,,,,,,,,,1,2,1,1.0,3
201300029895,0013-06-05 15:10:00,13,6,5,15,10,590,170,TOBIN (RUE JAMES),,,Plein jour,Hors agglomération,Intersection en T,Temps éblouissant,Deux véhicules - côté,,,,,,,,,,,1,1,3,7.0,3
201300029896,0013-06-19 13:50:00,13,6,19,13,50,590,28,"65, MIRABEAU (RUE)",,,Plein jour,En agglomération,Hors intersection,Pluie forte,Deux véhicules - arrière,,,,,,,,,,,1,2,1,3.0,2
201300029897,0013-05-23 11:40:00,13,5,23,11,40,590,165,"60, LANOY (RUE SUZANNE)",,,Plein jour,En agglomération,Hors intersection,Pluie forte,Autre collision,,,,,,,,,,,1,2,1,3.0,6
201300029898,0013-07-30 09:55:00,13,7,30,9,55,590,28,DANTON (RUE),,,Plein jour,En agglomération,Passage à niveau,Normale,Autre collision,,,,,,,,,,,1,2,8,1.0,6
201300029899,0013-06-25 17:00:00,13,6,25,17,0,590,234,"29, MARTIN (RUE MARCEAU)",,,Plein jour,En agglomération,Hors intersection,Normale,Autre collision,,,,,,,,,,,1,2,1,1.0,6
201300029900,0013-08-13 17:30:00,13,8,13,17,30,590,178,PASTEUR (BOULEVARD),,,Plein jour,En agglomération,Giratoire,Normale,Deux véhicules - côté,,,,,,,,,,,1,2,6,1.0,3
201300029901,0013-09-09 19:05:00,13,9,9,19,5,590,170,"000, SAINT VENANT (RUE)",,,Plein jour,En agglomération,Hors intersection,Pluie légère,Deux véhicules - frontale,,,,,,,,,,,1,2,1,2.0,1
201300029902,0013-09-19 19:05:00,13,9,19,19,5,590,178,RIBOT (RUE ALEXANDRE),,,Plein jour,En agglomération,Intersection en T,Normale,Deux véhicules - côté,,,,,,,,,,,1,2,3,1.0,3
201300029903,0013-09-27 15:20:00,13,9,27,15,20,590,239,"48, 11 NOVEMBRE (RUE DU)",,,Plein jour,Hors agglomération,Hors intersection,Normale,Deux véhicules - côté,,,,,,,,,,,1,1,1,1.0,3
201300029904,0013-10-17 17:00:00,13,10,17,17,0,590,178,"201, JEANNE D'ARC (BOULE",,,Plein jour,En agglomération,Hors intersection,Pluie légère,Autre collision,,,,,,,,,,,1,2,1,2.0,6