accident_id,datetime,annee,mois,jour,heure,minute,departement,commune_insee,adresse,latitude,longitude,luminosite,agglomeration,intersection,meteo,collision,nb_vehicules,nb_usagers,nb_indemnes,nb_tues,nb_blesses_hosp,nb_blesses_legers,age_cond_1,age_cond_2,veh_type_cond_1,veh_type_cond_2,lum_code,agg_code,int_code,atm_code,col_code
201300029905,0013-10-21 16:35:00,13,10,21,16,35,590,569,R.D 500,,,Plein jour,Hors agglomération,Hors intersection,Normale,Trois véhicules et plus - collisions multiples,,,,,,,,,,,1,1,1,1.0,5
201300029906,0013-10-09 17:05:00,13,10,9,17,5,590,234,"26, MARTIN (RUE MARCEAU)",,,Plein jour,En agglomération,Hors intersection,Normale,Deux véhicules - côté,,,,,,,,,,,1,2,1,1.0,3
201300029907,0013-10-06 19:20:00,13,10,6,19,20,590,486,"395, TISON (RUE JOSEPH)",,,Crépuscule ou aube,En agglomération,Hors intersection,Normale,Autre collision,,,,,,,,,,,2,2,1,1.0,6
201300029908,0013-11-23 23:05:00,13,11,23,23,5,590,569,LECLERC (AVENUE DU MAREC,,,Nuit avec éclairage allumé,En agglomération,Intersection en X,Normale,Deux véhicules - côté,,,,,,,,,,,5,2,2,1.0,3
201300029909,0013-12-03 17:30:00,13,12,3,17,30,590,239,CD 35,,,Nuit sans éclairage public,Hors agglomération,Intersection en T,Normale,Deux véhicules - côté,,,,,,,,,,,3,1,3,1.0,3
201300029910,0013-10-29 19:30:00,13,10,29,19,30,590,569,LECLERC (AVENUE DU MAREC,,,Nuit avec éclairage allumé,En agglomération,Intersection en T,Normale,Deux véhicules - côté,,,,,,,,,,,5,2,3,1.0,3
201300029911,0013-11-19 18:00:00,13,11,19,18,0,590,178,CORDONNIER (AVENUE DENIS,,,Nuit avec éclairage non allumé,En agglomération,Hors intersection,Normale,Autre collision,,,,,,,,,,,4,2,1,1.0,6
201300029912,0013-11-23 20:40:00,13,11,23,20,40,590,489,"452, PASTEUR (RUE)",,,Nuit avec éclairage allumé,En agglomération,Giratoire,Normale,Autre collision,,,,,,,,,,,5,2,6,1.0,6
201300029913,0013-12-02 16:30:00,13,12,2,16,30,590,239,"82 A, BROSSOLETTE (RUE P",,,Plein jour,En agglomération,Hors intersection,Normale,Autre collision,,,,,,,,,,,1,2,1,1.0,6
201300029914,0013-12-26 19:40:00,13,12,26,19,40,590,569,R.D 500,,,Nuit sans éclairage public,Hors agglomération,Hors intersection,Normale,Autre collision,,,,,,,,,,,3,1,1,1.0,6
201300029915,0013-01-02 14:15:00,13,1,2,14,15,590,183,JACOBSOONE,,,Plein jour,En agglomération,Hors intersection,Normale,Autre collision,,,,,,,,,,,1,2,1,1.0,6
201300029916,0013-01-10 17:00:00,13,1,10,17,0,590,155,GOUNOD,,,Plein jour,En agglomération,Hors intersection,Normale,Autre collision,,,,,,,,,,,1,2,1,1.0,6
201300029917,0013-01-14 00:20:00,13,1,14,0,20,590,183,"., CASSEL",,,Nuit avec éclairage non allumé,En agglomération,Intersection en X,Normale,Deux véhicules - côté,,,,,,,,,,,4,2,2,1.0,3
201300029918,0013-12-28 10:05:00,13,12,28,10,5,590,155,"., VAUBAN - BOULEVARD",,,Plein jour,En agglomération,Hors intersection,Normale,Autre collision,,,,,,,,,,,1,2,1,1.0,6
201300029919,0013-01-15 09:40:00,13,1,15,9,40,590,183,PETITE-SYNTHE CD 940 - A,,,Plein jour,En agglomération,Hors intersection,Normale,Autre collision,,,,,,,,,,,1,2,1,1.0,6
201300029920,0013-01-23 19:30:00,13,1,23,19,30,590,271,BIZET,,,Nuit sans éclairage public,En agglomération,Hors intersection,Normale,Autre collision,,,,,,,,,,,3,2,1,1.0,6
201300029921,0013-01-25 18:00:00,13,1,25,18,0,590,183,REPUBLIQUE - F MITTERAND,,,Nuit sans éclairage public,Hors agglomération,Hors intersection,Normale,Deux véhicules - arrière,,,,,,,,,,,3,1,1,1.0,2
201300029922,0013-01-29 17:30:00,13,1,29,17,30,590,183,"., CITE - AVENUE",,,Crépuscule ou aube,En agglomération,Hors intersection,Temps couvert,Autre collision,,,,,,,,,,,2,2,1,8.0,6
201300029923,0013-01-30 15:50:00,13,1,30,15,50,590,183,CITADELLE - QUAI,,,Plein jour,En agglomération,Hors intersection,Normale,Autre collision,,,,,,,,,,,1,2,1,1.0,6
201300029924,0013-01-28 11:50:00,13,1,28,11,50,590,131,ARTS,,,Plein jour,En agglomération,Hors intersection,Temps éblouissant,Autre collision,,,,,,,,,,,1,2,1,7.0,6
201300029925,0013-02-01 07:53:00,13,2,1,7,53,590,588,CHAPEAU ROUGE - ROUTE,,,Crépuscule ou aube,En agglomération,Hors intersection,Pluie légère,Autre collision,,,,,,,,,,,2,2,1,2.0,6
201300029926,0013-02-12 22:20:00,13,2,12,22,20,590,540,REPUBLIQUE,,,Nuit avec éclairage allumé,En agglomération,Hors intersection,Normale,Autre collision,,,,,,,,,,,5,2,1,1.0,6
201300029927,0013-02-08 08:55:00,13,2,8,8,55,590,183,MALO GASPARD - AVENUE,,,Plein jour,En agglomération,Hors intersection,Normale,Autre collision,,,,,,,,,,,1,2,1,1.0,6
201300029928,0013-02-19 19:30:00,13,2,19,19,30,590,271,"., RUE CAREME",,,Nuit avec éclairage allumé,En agglomération,Hors intersection,Normale,Autre collision,,,,,,,,,,,5,2,1,1.0,6
201300029929,0013-02-23 11:30:00,13,2,23,11,30,590,271,"., DUBEDOUT HUBERT - AVE",,,Plein jour,En agglomération,Intersection en T,Normale,Deux véhicules - côté,,,,,,,,,,,1,2,3,1.0,3
201300029930,0013-03-11 17:55:00,13,3,11,17,55,590,183,CARTOUCHERIE,,,Nuit avec éclairage allumé,En agglomération,Hors intersection,Neige / grêle,Autre collision,,,,,,,,,,,5,2,1,4.0,6
201300029931,0013-03-14 10:05:00,13,3,14,10,5,590,271,"36, CLEMENCEAU",,,Plein jour,En agglomération,Hors intersection,Normale,Autre collision,,,,,,,,,,,1,2,1,1.0,6
201300029932,0013-03-17 19:49:00,13,3,17,19,49,590,155,"., CAPUCINES",,,Nuit sans éclairage public,En agglomération,Hors intersection,Pluie forte,Autre collision,,,,,,,,,,,3,2,1,3.0,6
201300029933,0013-03-16 04:30:00,13,3,16,4,30,590,183,"., DARSES - CHAUSSEE",,,Nuit avec éclairage allumé,En agglomération,Hors intersection,Normale,Autre collision,,,,,,,,,,,5,2,1,1.0,6
201300029934,0013-03-21 13:00:00,13,3,21,13,0,590,271,BABEUF,,,Plein jour,En agglomération,Hors intersection,Normale,Autre collision,,,,,,,,,,,1,2,1,1.0,6
201300029935,0013-03-22 23:20:00,13,3,22,23,20,590,131,PLANETARIUM,,,Nuit avec éclairage allumé,En agglomération,Hors intersection,Pluie légère,Autre collision,,,,,,,,,,,5,2,1,2.0,6
201300029936,0013-03-24 23:20:00,13,3,24,23,20,590,271,RN 225,,,Nuit avec éclairage allumé,En agglomération,Hors intersection,Normale,Autre collision,,,,,,,,,,,5,2,1,1.0,6
201300029937,0013-04-07 03:30:00,13,4,7,3,30,590,183,"., RN1",,,Nuit avec éclairage allumé,En agglomération,Hors intersection,Normale,Deux véhicules - arrière,,,,,,,,,,,5,2,1,1.0,2
201300029938,0013-04-13 10:55:00,13,4,13,10,55,590,271,ALLENDE SALVADOR,,,Plein jour,En agglomération,Hors intersection,Normale,Autre collision,,,,,,,,,,,1,2,1,1.0,6
201300029939,0013-04-25 23:30:00,13,4,25,23,30,590,183,"., EUROPE - PLACE",,,Nuit avec éclairage allumé,En agglomération,Intersection en X,Normale,Deux véhicules - côté,,,,,,,,,,,5,2,2,1.0,3
201300029940,0013-05-05 14:25:00,13,5,5,14,25,590,271,"., RD 601",,,Plein jour,En agglomération,Hors intersection,Normale,Autre collision,,,,,,,,,,,1,2,1,1.0,6
201300029941,0013-05-06 09:20:00,13,5,6,9,20,590,183,"., SAINT OMER - QUAI",,,Plein jour,En agglomération,Intersection en X,Normale,Deux véhicules - côté,,,,,,,,,,,1,2,2,1.0,3
201300029942,0013-05-19 19:45:00,13,5,19,19,45,590,155,route de Bourbourg,51.01694,2.37001,Plein jour,En agglomération,Hors intersection,Normale,Deux véhicules - frontale,,,,,,,,,,,1,2,1,1.0,1
201300029943,0013-05-28 21:10:00,13,5,28,21,10,590,183,PARIS,,,Plein jour,En agglomération,Intersection en T,Normale,Deux véhicules - côté,,,,,,,,,,,1,2,3,1.0,3
201300029944,0013-05-31 18:00:00,13,5,31,18,0,590,183,"51, SAINTE BARBE - BOULE",,,Plein jour,En agglomération,Hors intersection,Normale,Sans collision,,,,,,,,,,,1,2,1,1.0,7
201300029945,0013-06-04 17:55:00,13,6,4,17,55,590,183,HUGO VICTOR - BOULEVARD,,,Plein jour,En agglomération,Intersection en T,Normale,Deux véhicules - côté,,,,,,,,,,,1,2,3,1.0,3
201300029946,0013-06-06 15:30:00,13,6,6,15,30,590,540,REPUBLIQUE,,,Plein jour,En agglomération,Hors intersection,Normale,Autre collision,,,,,,,,,,,1,2,1,1.0,6
201300029947,0013-06-08 20:35:00,13,6,8,20,35,590,588,"., 32EME DI",,,Plein jour,Hors agglomération,Autre intersection,Normale,Sans collision,,,,,,,,,,,1,1,9,1.0,7
201300029948,0013-06-13 14:30:00,13,6,13,14,30,590,540,HUGO VICTOR,,,Plein jour,En agglomération,Intersection en T,Normale,Autre collision,,,,,,,,,,,1,2,3,1.0,6
201300029949,0013-06-14 14:55:00,13,6,14,14,55,590,155,GUESDE JULES,,,Plein jour,En agglomération,Hors intersection,Normale,Autre collision,,,,,,,,,,,1,2,1,1.0,6
201300029950,0013-06-17 18:30:00,13,6,17,18,30,590,155,PERI GABRIEL,,,Plein jour,En agglomération,Intersection en T,Normale,Autre collision,,,,,,,,,,,1,2,3,1.0,6
201300029951,0013-06-28 20:40:00,13,6,28,20,40,590,155,DECOOL ALEXANDRE,,,Crépuscule ou aube,En agglomération,Intersection en T,Pluie légère,Autre collision,,,,,,,,,,,2,2,3,2.0,6
201300029952,0013-07-01 15:00:00,13,7,1,15,0,590,183,CONTRE TORPILLEUR TRIOMP,51.0434,2.38044,Plein jour,En agglomération,Hors intersection,Normale,Autre collision,,,,,,,,,,,1,2,1,1.0,6
201300029953,0013-07-02 15:00:00,13,7,2,15,0,590,131,CRAYHOF,,,Plein jour,En agglomération,Hors intersection,Normale,Autre collision,,,,,,,,,,,1,2,1,1.0,6
201300029954,0013-07-05 21:40:00,13,7,5,21,40,590,271,FLANDRES - BOULEVARD,,,Plein jour,En agglomération,Hors intersection,Normale,Autre collision,,,,,,,,,,,1,2,1,1.0,6
201300029955,0013-07-05 09:30:00,13,7,5,9,30,590,155,FURNES - ROUTE,,,Plein jour,En agglomération,Hors intersection,Normale,Autre collision,,,,,,,,,,,1,2,1,1.0,6
201300029956,0013-07-09 21:55:00,13,7,9,21,55,590,271,"., RD 601",,,Plein jour,En agglomération,Autre intersection,Normale,Autre collision,,,,,,,,,,,1,2,9,1.0,6
201300029957,0013-07-12 10:55:00,13,7,12,10,55,590,183,"., PETITE-SYNTHE CD 940",,,Plein jour,En agglomération,Intersection en X,Normale,Deux véhicules - côté,,,,,,,,,,,1,2,2,1.0,3
201300029958,0013-07-19 05:00:00,13,7,19,5,0,590,183,DARSES - CHAUSSEE,,,Crépuscule ou aube,En agglomération,Hors intersection,Normale,Autre collision,,,,,,,,,,,2,2,1,1.0,6
201300029959,0013-07-21 04:00:00,13,7,21,4,0,590,271,"., RD 601",,,Nuit sans éclairage public,Hors agglomération,Hors intersection,Normale,Autre collision,,,,,,,,,,,3,1,1,1.0,6
201300029960,0013-07-23 13:20:00,13,7,23,13,20,590,183,"20, VERLEY PAUL - BOULEV",,,Plein jour,En agglomération,Hors intersection,Normale,Autre collision,,,,,,,,,,,1,2,1,1.0,6
201300029961,0013-07-24 23:00:00,13,7,24,23,0,590,183,VILLETTE - AVENUE,,,Nuit avec éclairage allumé,En agglomération,Hors intersection,Normale,Autre collision,,,,,,,,,,,5,2,1,1.0,6
201300029962,0013-07-30 18:30:00,13,7,30,18,30,590,183,KRUYSBELLAERT,,,Plein jour,En agglomération,Hors intersection,Normale,Deux véhicules - arrière,,,,,,,,,,,1,2,1,1.0,2
201300029963,0013-08-01 07:05:00,13,8,1,7,5,590,273,D 601,50.99,2.1543,Plein jour,En agglomération,Hors intersection,Normale,Deux véhicules - frontale,,,,,,,,,,,1,2,1,1.0,1
201300029964,0013-08-11 17:45:00,13,8,11,17,45,590,155,DEVELOPPEMENT (RUE),,,Plein jour,En agglomération,Hors intersection,Normale,Autre collision,,,,,,,,,,,1,2,1,1.0,6
201300029965,0013-08-28 08:40:00,13,8,28,8,40,590,183,"., SAINTE BARBE - BOULEV",,,Plein jour,En agglomération,Intersection en T,Normale,Deux véhicules - côté,,,,,,,,,,,1,2,3,1.0,3
201300029966,0013-09-02 13:10:00,13,9,2,13,10,590,540,"., AURORE - BOULEVARD",,,Plein jour,En agglomération,Hors intersection,Normale,Autre collision,,,,,,,,,,,1,2,1,1.0,6
201300029967,0013-09-08 17:15:00,13,9,8,17,15,590,183,";, MARDYCK - QUAI",,,Plein jour,En agglomération,Hors intersection,Normale,Autre collision,,,,,,,,,,,1,2,1,1.0,6
201300029968,0013-09-13 07:30:00,13,9,13,7,30,590,271,"44, SUWALKI - AVENUE",,,Crépuscule ou aube,En agglomération,Hors intersection,Pluie forte,Autre collision,,,,,,,,,,,2,2,1,3.0,6
201300029969,0013-09-14 03:15:00,13,9,14,3,15,590,183,"., ROSENDAEL - AVENUE",,,Nuit avec éclairage allumé,En agglomération,Hors intersection,Pluie légère,Autre collision,,,,,,,,,,,5,2,1,2.0,6
201300029970,0013-09-20 20:30:00,13,9,20,20,30,590,183,VAUBAN,,,Crépuscule ou aube,En agglomération,Intersection en X,Normale,Deux véhicules - côté,,,,,,,,,,,2,2,2,1.0,3
201300029971,0013-09-16 17:30:00,13,9,16,17,30,590,183,"584, ROSENDAEL - AVENUE",,,Plein jour,En agglomération,Hors intersection,Normale,Deux véhicules - frontale,,,,,,,,,,,1,2,1,1.0,1
201300029972,0013-09-18 17:20:00,13,9,18,17,20,590,155,"14, BERGUES CD 916 - ROU",,,Plein jour,En agglomération,Hors intersection,Normale,Autre collision,,,,,,,,,,,1,2,1,1.0,6
201300029973,0013-09-02 14:30:00,13,9,2,14,30,590,540,"0, REPUBLIQUE",,,Plein jour,En agglomération,Hors intersection,Normale,Autre collision,,,,,,,,,,,1,2,1,1.0,6
201300029974,0013-09-26 16:45:00,13,9,26,16,45,590,155,GHESQUIERE HENRI,,,Plein jour,En agglomération,Hors intersection,Normale,Autre collision,,,,,,,,,,,1,2,1,1.0,6
201300029975,0013-10-02 17:30:00,13,10,2,17,30,590,359,"., MAISON BLANCHE (ROUTE",,,Plein jour,Hors agglomération,Hors intersection,Normale,Trois véhicules et plus - en chaîne,,,,,,,,,,,1,1,1,1.0,4
201300029976,0013-09-27 16:40:00,13,9,27,16,40,590,271,SUWALKI - AVENUE,,,Plein jour,En agglomération,Hors intersection,Normale,Autre collision,,,,,,,,,,,1,2,1,1.0,6
201300029977,0013-10-15 12:10:00,13,10,15,12,10,590,273,RD601,,,Plein jour,Hors agglomération,Hors intersection,Normale,Autre collision,,,,,,,,,,,1,1,1,1.0,6
201300029978,0013-10-14 17:00:00,13,10,14,17,0,590,271,PETITE-SYNTHE - AVENUE,,,Plein jour,En agglomération,Hors intersection,Normale,Autre collision,,,,,,,,,,,1,2,1,1.0,6
201300029979,0013-10-05 10:50:00,13,10,5,10,50,590,155,BOERNHOL,,,Plein jour,En agglomération,Hors intersection,Normale,Autre collision,,,,,,,,,,,1,2,1,1.0,6
201300029980,0013-10-30 18:50:00,13,10,30,18,50,590,183,REPUBLIQUE - F MITTERAND,,,Nuit avec éclairage allumé,En agglomération,Hors intersection,Normale,Deux véhicules - arrière,,,,,,,,,,,5,2,1,1.0,2
201300029981,0013-11-08 09:30:00,13,11,8,9,30,590,155,LIBERATION - AVENUE,,,Plein jour,Hors agglomération,Hors intersection,Normale,Autre collision,,,,,,,,,,,1,1,1,1.0,6
201300029982,0013-10-25 05:40:00,13,10,25,5,40,590,183,DEMUN ALBERT,,,Nuit sans éclairage public,En agglomération,Hors intersection,Normale,Autre collision,,,,,,,,,,,3,2,1,1.0,6
201300029983,0013-11-23 16:20:00,13,11,23,16,20,590,273,DEVELOPPEMENT (RUE),,,Plein jour,En agglomération,Hors intersection,Normale,Autre collision,,,,,,,,,,,1,2,1,1.0,6
201300029984,0013-11-29 11:31:00,13,11,29,11,31,590,359,"., MAISON BLANCHE (ROUTE",,,Plein jour,Hors agglomération,Hors intersection,Normale,Trois véhicules et plus - collisions multiples,,,,,,,,,,,1,1,1,1.0,5
201300029985,0013-12-05 18:15:00,13,12,5,18,15,590,183,ECLUSE DE BERGUES,,,Crépuscule ou aube,En agglomération,Hors intersection,Vent fort / tempête,Autre collision,,,,,,,,,,,2,2,1,6.0,6
201300029986,0013-12-05 17:00:00,13,12,5,17,0,590,183,SAINTE BARBE - BOULEVARD,,,Crépuscule ou aube,En agglomération,Hors intersection,Normale,Autre collision,,,,,,,,,,,2,2,1,1.0,6
201300029987,0013-12-16 16:25:00,13,12,16,16,25,590,155,"., BERGUES CD 916 - ROUT",,,Nuit avec éclairage allumé,En agglomération,Autre intersection,Normale,Autre collision,,,,,,,,,,,5,2,9,1.0,6
201300029988,0013-12-13 16:00:00,13,12,13,16,0,590,271,SPYCKER CD 131 - ROUTE,,,Plein jour,Hors agglomération,Hors intersection,Normale,Autre collision,,,,,,,,,,,1,1,1,1.0,6
201300029989,0013-12-19 07:45:00,13,12,19,7,45,590,248,"., FOSSE DEFENSIF - ROUT",,,Crépuscule ou aube,En agglomération,Hors intersection,Autre,Autre collision,,,,,,,,,,,2,2,1,9.0,6
201300029990,0013-12-20 08:05:00,13,12,20,8,5,590,183,NEUTS LOUIS,,,Crépuscule ou aube,En agglomération,Hors intersection,Normale,Autre collision,,,,,,,,,,,2,2,1,1.0,6
201300029991,0013-02-17 10:30:00,13,2,17,10,30,590,273,RN1 (ROUTE),,,Plein jour,Hors agglomération,Hors intersection,Brouillard / fumée,Deux véhicules - arrière,,,,,,,,,,,1,1,1,5.0,2
201300029992,0013-04-11 14:00:00,13,4,11,14,0,590,273,MOULIN (RUE DU),,,Plein jour,En agglomération,Giratoire,Normale,Deux véhicules - côté,,,,,,,,,,,1,2,6,1.0,3
201300029993,0013-05-31 20:00:00,13,5,31,20,0,590,273,JOUHAUX (AVENUE LEON),,,Plein jour,En agglomération,Hors intersection,Normale,Deux véhicules - côté,,,,,,,,,,,1,2,1,1.0,3
201300029994,0013-06-02 17:30:00,13,6,2,17,30,590,359,DUNES (ROUTE DES),,,Plein jour,Hors agglomération,Hors intersection,Normale,Deux véhicules - côté,,,,,,,,,,,1,1,1,1.0,3
201300029995,0013-06-28 07:40:00,13,6,28,7,40,590,359,RD 601,,,Plein jour,Hors agglomération,Intersection en X,Temps couvert,Deux véhicules - côté,,,,,,,,,,,1,1,2,8.0,3
201300029996,0013-02-26 22:50:00,13,2,26,22,50,590,272,"31BIS, CALAIS (AVENUE DE",,,Nuit avec éclairage allumé,En agglomération,Intersection en X,Normale,Autre collision,,,,,,,,,,,5,2,2,1.0,6
201300029997,0013-09-14 16:10:00,13,9,14,16,10,590,295,AVENUE JEAN BART,,,Plein jour,En agglomération,Hors intersection,Normale,Deux véhicules - côté,,,,,,,,,,,1,2,1,1.0,3
201300029998,0013-11-04 16:40:00,13,11,4,16,40,590,295,AVENUE JEAN BART,,,Plein jour,En agglomération,Hors intersection,Autre,Autre collision,,,,,,,,,,,1,2,1,9.0,6
201300029999,0013-12-10 07:20:00,13,12,10,7,20,590,295,AIRE,,,Nuit sans éclairage public,En agglomération,Hors intersection,Normale,Deux véhicules - côté,,,,,,,,,,,3,2,1,1.0,3
201300030000,0013-04-06 00:10:00,13,4,6,0,10,590,385,"161, LEON BLUM (RUE)",,,Nuit avec éclairage allumé,En agglomération,Hors intersection,Normale,Autre collision,,,,,,,,,,,5,2,1,1.0,6
201300030001,0013-07-19 15:05:00,13,7,19,15,5,590,104,"1, RN49",,,Plein jour,En agglomération,Hors intersection,Temps éblouissant,Sans collision,,,,,,,,,,,1,2,1,7.0,7
201300030002,0013-08-04 07:35:00,13,8,4,7,35,590,324,"407, LEON BLUM (RUE)",,,Plein jour,En agglomération,Intersection en T,Normale,Autre collision,,,,,,,,,,,1,2,3,1.0,6
201300030003,0013-10-06 19:10:00,13,10,6,19,10,590,324,"443, HECTOR DESPRET (RUE",,,Nuit avec éclairage allumé,En agglomération,Hors intersection,Normale,Autre collision,,,,,,,,,,,5,2,1,1.0,6
201300030004,0013-11-10 23:10:00,13,11,10,23,10,590,324,"430, DORMOY MAX (RUE)",,,Nuit avec éclairage allumé,En agglomération,Hors intersection,Normale,Deux véhicules - frontale,,,,,,,,,,,5,2,1,1.0,1
201300030005,0013-12-14 19:20:00,13,12,14,19,20,590,324,"818, MARECHAL LECLERC  (",,,Nuit avec éclairage allumé,En agglomération,Hors intersection,Normale,Autre collision,,,,,,,,,,,5,2,1,1.0,6
201300030006,0013-01-01 11:50:00,13,1,1,11,50,590,350,SCHUMAN ROBERT BOULEVARD,,,Plein jour,En agglomération,Hors intersection,Pluie légère,Deux véhicules - arrière,,,,,,,,,,,1,2,1,2.0,2
201300030007,0013-01-03 08:00:00,13,1,3,8,0,590,350,"ignore, LAINE EMILE RUE",,,Nuit avec éclairage allumé,En agglomération,Intersection en T,Normale,Autre collision,,,,,,,,,,,5,2,3,1.0,6
201300030008,0013-01-03 18:05:00,13,1,3,18,5,590,378,"47, MENIN RUE DE",,,Crépuscule ou aube,En agglomération,Hors intersection,Normale,Autre collision,,,,,,,,,,,2,2,1,1.0,6
201300030009,0013-01-03 21:00:00,13,1,3,21,0,590,350,"IGNORE, LECLERCQ JULES B",,,Nuit avec éclairage allumé,En agglomération,Hors intersection,Normale,Deux véhicules - arrière,,,,,,,,,,,5,2,1,1.0,2
201300030010,0013-01-04 18:00:00,13,1,4,18,0,590,350,"8, VAUBAN BOULEVARD N? R",,,Nuit avec éclairage non allumé,En agglomération,Hors intersection,Temps couvert,Autre collision,,,,,,,,,,,4,2,1,8.0,6
201300030011,0013-01-04 19:00:00,13,1,4,19,0,590,560,CD 925,,,Nuit avec éclairage allumé,En agglomération,Intersection en T,Normale,Autre collision,,,,,,,,,,,5,2,3,1.0,6
201300030012,0013-01-06 19:45:00,13,1,6,19,45,590,360,"75, FOCH RUE DU MARECHAL",,,Nuit avec éclairage allumé,En agglomération,Hors intersection,Normale,Autre collision,,,,,,,,,,,5,2,1,1.0,6
201300030013,0013-01-06 18:15:00,13,1,6,18,15,590,328,HIPPODROME AV DE L N?134,,,Plein jour,En agglomération,Intersection en T,Normale,Autre collision,,,,,,,,,,,1,2,3,1.0,6
201300030014,0013-01-04 22:55:00,13,1,4,22,55,590,560,"1, MARTINSART ROUTE DE",,,Nuit avec éclairage allumé,En agglomération,Hors intersection,Normale,Sans collision,,,,,,,,,,,5,2,1,1.0,7
201300030015,0013-01-07 07:55:00,13,1,7,7,55,590,368,"1, PRE CATELAN RUE DU",,,Plein jour,Hors agglomération,Intersection en X,Normale,Deux véhicules - côté,,,,,,,,,,,1,1,2,1.0,3
201300030016,0013-01-07 08:40:00,13,1,7,8,40,590,9,"ignore, APPERT NICOLAS R",,,Plein jour,En agglomération,Giratoire,Normale,Deux véhicules - arrière,,,,,,,,,,,1,2,6,1.0,2
201300030017,0013-01-08 12:15:00,13,1,8,12,15,590,378,"IGNORE, MENIN RUE DE",,,Plein jour,En agglomération,Intersection en T,Normale,Deux véhicules - côté,,,,,,,,,,,1,2,3,1.0,3
201300030018,0013-01-08 12:35:00,13,1,8,12,35,590,350,"172, LANNOY RUE",,,Plein jour,Hors agglomération,Hors intersection,Normale,Autre collision,,,,,,,,,,,1,1,1,1.0,6
201300030019,0013-01-08 16:40:00,13,1,8,16,40,590,350,"SANS OBJET, CAMBRAI RUE",,,Plein jour,En agglomération,Intersection en X,Normale,Deux véhicules - côté,,,,,,,,,,,1,2,2,1.0,3
201300030020,0013-01-09 14:45:00,13,1,9,14,45,590,350,KUHLMAN RUE,,,Plein jour,En agglomération,Hors intersection,Normale,Autre collision,,,,,,,,,,,1,2,1,1.0,6
201300030021,0013-01-10 17:25:00,13,1,10,17,25,590,350,"0, CAMBRAI RUE DE N?PAIR",,,Nuit avec éclairage allumé,En agglomération,Hors intersection,Normale,Autre collision,,,,,,,,,,,5,2,1,1.0,6
201300030022,0013-01-11 16:10:00,13,1,11,16,10,590,350,HUGO VICTOR  BVD N?2 - 1,,,Plein jour,En agglomération,Intersection en X,Pluie légère,Deux véhicules - côté,,,,,,,,,,,1,2,2,2.0,3
201300030023,0013-01-20 18:00:00,13,1,20,18,0,590,437,"1, EMMERIN RUE D",,,Nuit sans éclairage public,En agglomération,Hors intersection,Neige / grêle,Deux véhicules - frontale,,,,,,,,,,,3,2,1,4.0,1
201300030024,0013-01-12 17:00:00,13,1,12,17,0,590,9,VAN GOGH BOULEVARD,,,Nuit avec éclairage non allumé,En agglomération,Hors intersection,Neige / grêle,Autre collision,,,,,,,,,,,4,2,1,4.0,6
201300030025,0013-01-14 08:00:00,13,1,14,8,0,590,360,"98, FERRY JULES RUE",,,Plein jour,En agglomération,Hors intersection,Normale,Autre collision,,,,,,,,,,,1,2,1,1.0,6
201300030026,0013-01-11 18:15:00,13,1,11,18,15,590,636,"1, YPRES RUE D",,,Nuit avec éclairage allumé,En agglomération,Intersection en T,Normale,Deux véhicules - côté,,,,,,,,,,,5,2,3,1.0,3
201300030027,0013-01-22 10:30:00,13,1,22,10,30,590,360,THIERS RUE,,,Plein jour,En agglomération,Hors intersection,Temps éblouissant,Sans collision,,,,,,,,,,,1,2,1,7.0,7
201300030028,0013-01-18 08:25:00,13,1,18,8,25,590,350,"110, PEUPLE BELGE AVENUE",,,Crépuscule ou aube,En agglomération,Hors intersection,Neige / grêle,Autre collision,,,,,,,,,,,2,2,1,4.0,6
201300030029,0013-01-23 17:55:00,13,1,23,17,55,590,368,"198, DE GAULLE RUE DU GE",,,Nuit avec éclairage allumé,En agglomération,Hors intersection,Normale,Autre collision,,,,,,,,,,,5,2,1,1.0,6
201300030030,0013-01-23 19:50:00,13,1,23,19,50,590,378,"870, REPUBLIQUE AV DE LA",,,Nuit avec éclairage allumé,En agglomération,Hors intersection,Neige / grêle,Sans collision,,,,,,,,,,,5,2,1,4.0,7
201300030031,0013-01-24 14:50:00,13,1,24,14,50,590,410,"48, ROUSSEAU JEAN JACQUE",,,Plein jour,En agglomération,Hors intersection,Normale,Autre collision,,,,,,,,,,,1,2,1,1.0,6
201300030032,0013-01-25 12:10:00,13,1,25,12,10,590,9,"ignore, EPINETTE PASSERE",,,Plein jour,En agglomération,Hors intersection,Neige / grêle,Sans collision,,,,,,,,,,,1,2,1,4.0,7
201300030033,0013-01-28 08:30:00,13,1,28,8,30,590,350,ESPLANADE FACADE,,,Plein jour,En agglomération,Hors intersection,Pluie légère,Deux véhicules - côté,,,,,,,,,,,1,2,1,2.0,3
201300030034,0013-01-28 21:40:00,13,1,28,21,40,590,360,AVINEE EUGENE AVENUE,,,Nuit avec éclairage allumé,En agglomération,Intersection en X,Pluie légère,Deux véhicules - côté,,,,,,,,,,,5,2,2,2.0,3
201300030035,0013-01-29 18:45:00,13,1,29,18,45,590,360,CLEMENCEAU RUE,,,Crépuscule ou aube,En agglomération,Intersection en X,Pluie légère,Autre collision,,,,,,,,,,,2,2,2,2.0,6
201300030036,0013-01-29 20:30:00,13,1,29,20,30,590,9,CHAMPOLLION AVENUE,,,Nuit avec éclairage allumé,En agglomération,Intersection en Y,Pluie légère,Autre collision,,,,,,,,,,,5,2,4,2.0,6