accident_id,datetime,annee,mois,jour,heure,minute,departement,commune_insee,adresse,latitude,longitude,luminosite,agglomeration,intersection,meteo,collision,nb_vehicules,nb_usagers,nb_indemnes,nb_tues,nb_blesses_hosp,nb_blesses_legers,age_cond_1,age_cond_2,veh_type_cond_1,veh_type_cond_2,lum_code,agg_code,int_code,atm_code,col_code
201300030167,0013-05-19 20:30:00,13,5,19,20,30,590,368,"1, MAILLOTTE JEANNE RUE",,,Plein jour,En agglomération,Intersection en X,Normale,Deux véhicules - côté,,,,,,,,,,,1,2,2,1.0,3
201300030168,0013-05-20 10:45:00,13,5,20,10,45,590,636,"0, MARQUETTE RUE DE",,,Plein jour,En agglomération,Giratoire,Normale,Autre collision,,,,,,,,,,,1,2,6,1.0,6
201300030169,0013-05-20 22:30:00,13,5,20,22,30,590,350,"55, DESCAMPS EUGENE RUE",,,Nuit avec éclairage allumé,En agglomération,Hors intersection,Normale,Autre collision,,,,,,,,,,,5,2,1,1.0,6
201300030170,0013-05-22 14:40:00,13,5,22,14,40,590,378,NATIONALE RUE,,,Plein jour,En agglomération,Intersection en X,Normale,Sans collision,,,,,,,,,,,1,2,2,1.0,7
201300030171,0013-05-25 05:20:00,13,5,25,5,20,590,350,"1, WAZEMMES RUE DE N?1 /",,,Crépuscule ou aube,En agglomération,Intersection en X,Normale,Deux véhicules - côté,,,,,,,,,,,2,2,2,1.0,3
201300030172,0013-05-27 07:45:00,13,5,27,7,45,590,609,SECLIN RUE DE,,,Plein jour,En agglomération,Intersection en X,Normale,Deux véhicules - côté,,,,,,,,,,,1,2,2,1.0,3
201300030173,0013-05-27 11:20:00,13,5,27,11,20,590,350,"0, SALENGRO ROGER RUE",,,Plein jour,En agglomération,Intersection en X,Normale,Autre collision,,,,,,,,,,,1,2,2,1.0,6
201300030174,0013-05-27 12:35:00,13,5,27,12,35,590,350,"65, EPINETTE RUE N? IMPA",,,Plein jour,En agglomération,Hors intersection,Normale,Autre collision,,,,,,,,,,,1,2,1,1.0,6
201300030175,0013-05-09 11:00:00,13,5,9,11,0,590,350,"00, MONTEBELLO BOULEVARD",,,Plein jour,En agglomération,Intersection en X,Normale,Sans collision,,,,,,,,,,,1,2,2,1.0,7
201300030176,0013-05-28 20:15:00,13,5,28,20,15,590,368,SALENGRO ROGER RUE,,,Plein jour,En agglomération,Intersection en X,Pluie légère,Deux véhicules - côté,,,,,,,,,,,1,2,2,2.0,3
201300030177,0013-05-29 12:00:00,13,5,29,12,0,590,350,DE COUBERTIN PIERRE BOUL,,,Plein jour,En agglomération,Hors intersection,Normale,Deux véhicules - côté,,,,,,,,,,,1,2,1,1.0,3
201300030178,0013-05-29 21:25:00,13,5,29,21,25,590,378,NATIONALE RUE,,,Nuit avec éclairage allumé,En agglomération,Hors intersection,Pluie légère,Autre collision,,,,,,,,,,,5,2,1,2.0,6
201300030179,0013-05-31 21:15:00,13,5,31,21,15,590,350,"115, DOUAI RUE",,,Plein jour,En agglomération,Hors intersection,Normale,Deux véhicules - côté,,,,,,,,,,,1,2,1,1.0,3
201300030180,0013-05-31 23:00:00,13,5,31,23,0,590,636,"1, YPRES RUE D",,,Nuit avec éclairage allumé,En agglomération,Intersection en T,Normale,Deux véhicules - côté,,,,,,,,,,,5,2,3,1.0,3
201300030181,0013-06-01 12:15:00,13,6,1,12,15,590,560,EPINETTE RUE DE L,,,Plein jour,En agglomération,Giratoire,Normale,Trois véhicules et plus - collisions multiples,,,,,,,,,,,1,2,6,1.0,5
201300030182,0013-06-02 17:45:00,13,6,2,17,45,590,350,JACQUET EUGENE RUE N?PAI,,,Plein jour,En agglomération,Intersection en X,Normale,Deux véhicules - frontale,,,,,,,,,,,1,2,2,1.0,1
201300030183,0013-06-02 08:05:00,13,6,2,8,5,590,350,"IGNORE, LOUIS XIV BOULEV",,,Plein jour,En agglomération,Intersection en X,Normale,Trois véhicules et plus - en chaîne,,,,,,,,,,,1,2,2,1.0,4
201300030184,0013-06-02 11:00:00,13,6,2,11,0,590,368,"IGNORE, DE GAULLE RUE DU",,,Plein jour,En agglomération,Hors intersection,Normale,Deux véhicules - côté,,,,,,,,,,,1,2,1,1.0,3
201300030185,0013-06-02 16:30:00,13,6,2,16,30,590,350,"1, BEETHOVEN AVENUE",,,Plein jour,En agglomération,Hors intersection,Normale,Autre collision,,,,,,,,,,,1,2,1,1.0,6
201300030186,0013-05-31 23:00:00,13,5,31,23,0,590,350,"10, KOLB HENRI RUE",,,Nuit avec éclairage allumé,En agglomération,Hors intersection,Normale,Sans collision,,,,,,,,,,,5,2,1,1.0,7
201300030187,0013-06-03 17:55:00,13,6,3,17,55,590,507,"ignor?, LESQUIN RUE DE",,,Plein jour,En agglomération,Intersection en T,Normale,Deux véhicules - côté,,,,,,,,,,,1,2,3,1.0,3
201300030188,0013-05-29 09:10:00,13,5,29,9,10,590,360,"76, REPUBLIQUE BOULEVARD",,,Plein jour,En agglomération,Hors intersection,Normale,Deux véhicules - côté,,,,,,,,,,,1,2,1,1.0,3
201300030189,0013-05-31 08:50:00,13,5,31,8,50,590,350,"96, LIBERTE BVD N?147 A",,,Plein jour,En agglomération,Hors intersection,Normale,Autre collision,,,,,,,,,,,1,2,1,1.0,6
201300030190,0013-06-04 19:05:00,13,6,4,19,5,590,193,"00, D. 341",,,Plein jour,En agglomération,Intersection en X,Normale,Autre collision,,,,,,,,,,,1,2,2,1.0,6
201300030191,0013-06-04 08:45:00,13,6,4,8,45,590,356,VILLERS PONT DE,,,Plein jour,Hors agglomération,Hors intersection,Normale,Autre collision,,,,,,,,,,,1,1,1,1.0,6
201300030192,0013-06-06 07:40:00,13,6,6,7,40,590,9,JAURES JEAN RUE    N?76,,,Plein jour,En agglomération,Hors intersection,Normale,Deux véhicules - côté,,,,,,,,,,,1,2,1,1.0,3
201300030193,0013-06-06 18:20:00,13,6,6,18,20,590,350,MOSELLE BOULEVARD ? DE 1,,,Plein jour,En agglomération,Hors intersection,Normale,Deux véhicules - côté,,,,,,,,,,,1,2,1,1.0,3
201300030194,0013-06-06 22:40:00,13,6,6,22,40,590,360,"134, REPUBLIQUE BOULEVAR",,,Nuit avec éclairage allumé,En agglomération,Intersection en X,Normale,Autre collision,,,,,,,,,,,5,2,2,1.0,6
201300030195,0013-06-06 22:45:00,13,6,6,22,45,590,350,PEUPLE BELGE AVENUE DU,,,Crépuscule ou aube,En agglomération,Intersection en T,Pluie légère,Autre collision,,,,,,,,,,,2,2,3,2.0,6
201300030196,0013-06-07 09:00:00,13,6,7,9,0,590,328,DUNKERQUE AVENUE DE,,,Plein jour,En agglomération,Intersection en X,Normale,Deux véhicules - côté,,,,,,,,,,,1,2,2,1.0,3
201300030197,0013-06-07 10:00:00,13,6,7,10,0,590,350,"IGNORE, SAINT SAUVEUR RU",,,Plein jour,En agglomération,Intersection en X,Normale,Autre collision,,,,,,,,,,,1,2,2,1.0,6
201300030198,0013-06-07 14:15:00,13,6,7,14,15,590,350,TOURNAI PONT DE,,,Plein jour,En agglomération,Hors intersection,Normale,Trois véhicules et plus - en chaîne,,,,,,,,,,,1,2,1,1.0,4
201300030199,0013-06-08 17:20:00,13,6,8,17,20,590,368,"IGNORE, DE COUBERTIN PIE",,,Plein jour,En agglomération,Hors intersection,Normale,Deux véhicules - arrière,,,,,,,,,,,1,2,1,1.0,2
201300030200,0013-06-09 09:50:00,13,6,9,9,50,590,368,"175, DE GAULLE RUE DU GE",,,Plein jour,En agglomération,Hors intersection,Normale,Deux véhicules - côté,,,,,,,,,,,1,2,1,1.0,3
201300030201,0013-06-09 14:10:00,13,6,9,14,10,590,350,"0, PASTEUR LOUIS BOULEVA",,,Plein jour,En agglomération,Hors intersection,Normale,Trois véhicules et plus - collisions multiples,,,,,,,,,,,1,2,1,1.0,5
201300030202,0013-06-09 21:20:00,13,6,9,21,20,590,350,"IGNORE, MYOSOTIS RUE",,,Plein jour,En agglomération,Hors intersection,Normale,Deux véhicules - frontale,,,,,,,,,,,1,2,1,1.0,1
201300030203,0013-06-10 18:25:00,13,6,10,18,25,590,350,REPUBLIQUE AVENUE DE LA,,,Plein jour,En agglomération,Hors intersection,Normale,Sans collision,,,,,,,,,,,1,2,1,1.0,7
201300030204,0013-06-09 16:25:00,13,6,9,16,25,590,507,"80, REPUBLIQUE AVENUE DE",,,Plein jour,En agglomération,Hors intersection,Normale,Autre collision,,,,,,,,,,,1,2,1,1.0,6
201300030205,0013-06-14 00:45:00,13,6,14,0,45,590,350,"83, FAUBOURG DE DOUAI N?",,,Nuit avec éclairage allumé,En agglomération,Intersection en X,Normale,Autre collision,,,,,,,,,,,5,2,2,1.0,6
201300030206,0013-06-13 18:45:00,13,6,13,18,45,590,368,REPUBLIQUE AVENUE DE LA,,,Plein jour,En agglomération,Hors intersection,Normale,Sans collision,,,,,,,,,,,1,2,1,1.0,7
201300030207,0013-06-14 18:25:00,13,6,14,18,25,590,350,NEUVE RUE,,,Plein jour,En agglomération,Intersection en T,Normale,Autre collision,,,,,,,,,,,1,2,3,1.0,6
201300030208,0013-06-14 23:00:00,13,6,14,23,0,590,350,"78-80, NATIONALE RUE N?R",,,Nuit avec éclairage allumé,En agglomération,Hors intersection,Normale,Autre collision,,,,,,,,,,,5,2,1,1.0,6
201300030209,0013-06-16 01:45:00,13,6,16,1,45,590,350,"IGNORE, SALENGRO ROGER A",,,Nuit avec éclairage allumé,En agglomération,Hors intersection,Normale,Deux véhicules - côté,,,,,,,,,,,5,2,1,1.0,3
201300030210,0013-06-18 17:00:00,13,6,18,17,0,590,350,COURBET GUSTAVE  RUE,,,Plein jour,En agglomération,Intersection en X,Normale,Autre collision,,,,,,,,,,,1,2,2,1.0,6
201300030211,0013-06-19 12:30:00,13,6,19,12,30,590,350,"IGNORE, NATIONALE RUE N?",,,Plein jour,En agglomération,Intersection en X,Normale,Deux véhicules - côté,,,,,,,,,,,1,2,2,1.0,3
201300030212,0013-06-19 13:55:00,13,6,19,13,55,590,350,"217, NATIONALE RUE N?RES",,,Plein jour,En agglomération,Intersection en X,Normale,Deux véhicules - côté,,,,,,,,,,,1,2,2,1.0,3
201300030213,0013-06-20 07:50:00,13,6,20,7,50,590,636,"310, YPRES RUE D",,,Plein jour,En agglomération,Hors intersection,Normale,Deux véhicules - côté,,,,,,,,,,,1,2,1,1.0,3
201300030214,0013-06-20 23:30:00,13,6,20,23,30,590,350,MONTEBELLO BOULEVARD N?2,,,Nuit avec éclairage allumé,En agglomération,Hors intersection,Normale,Sans collision,,,,,,,,,,,5,2,1,1.0,7
201300030215,0013-06-21 18:15:00,13,6,21,18,15,590,220,"81, FERRER RUE",,,Plein jour,En agglomération,Hors intersection,Normale,Autre collision,,,,,,,,,,,1,2,1,1.0,6
201300030216,0013-06-22 16:05:00,13,6,22,16,5,590,9,BREUCQ BOULEVARD DU,,,Plein jour,En agglomération,Intersection en X,Pluie légère,Deux véhicules - côté,,,,,,,,,,,1,2,2,2.0,3
201300030217,0013-06-21 19:50:00,13,6,21,19,50,590,350,", LEZENNES BOULEVARD DE",,,Plein jour,En agglomération,Giratoire,Normale,Deux véhicules - côté,,,,,,,,,,,1,2,6,1.0,3
201300030218,0013-06-25 12:15:00,13,6,25,12,15,590,566,"1, HALENNES RUE D",,,Plein jour,En agglomération,Giratoire,Normale,Sans collision,,,,,,,,,,,1,2,6,1.0,7
201300030219,0013-06-25 16:50:00,13,6,25,16,50,590,386,CASSEL RUE DE,,,Plein jour,En agglomération,Hors intersection,Normale,Autre collision,,,,,,,,,,,1,2,1,1.0,6
201300030220,0013-06-27 11:30:00,13,6,27,11,30,590,9,"60, PASTEUR RUE",,,Plein jour,En agglomération,Hors intersection,Normale,Autre collision,,,,,,,,,,,1,2,1,1.0,6
201300030221,0013-06-28 15:30:00,13,6,28,15,30,590,350,MASSENA RUE N?  RESTE,,,Plein jour,En agglomération,Giratoire,Normale,Autre collision,,,,,,,,,,,1,2,6,1.0,6
201300030222,0013-06-28 23:20:00,13,6,28,23,20,590,9,CHAPPE RUE,,,Nuit avec éclairage allumé,En agglomération,Intersection en X,Pluie légère,Sans collision,,,,,,,,,,,5,2,2,2.0,7
201300030223,0013-06-29 02:30:00,13,6,29,2,30,590,286,"IGNORE, LOSTES RUE DES",,,Nuit avec éclairage allumé,En agglomération,Hors intersection,Normale,Autre collision,,,,,,,,,,,5,2,1,1.0,6
201300030224,0013-07-02 12:00:00,13,7,2,12,0,590,350,"1, HUGO VICTOR RUE",,,Plein jour,En agglomération,Intersection en X,Normale,Autre collision,,,,,,,,,,,1,2,2,1.0,6
201300030225,0013-07-02 19:50:00,13,7,2,19,50,590,350,"125, SOLFERINO RUE N?110",,,Plein jour,En agglomération,Hors intersection,Temps couvert,Autre collision,,,,,,,,,,,1,2,1,8.0,6
201300030226,0013-07-05 16:45:00,13,7,5,16,45,590,360,"ignore, AVINEE EUGENE AV",,,Plein jour,En agglomération,Intersection en X,Normale,Deux véhicules - côté,,,,,,,,,,,1,2,2,1.0,3
201300030227,0013-07-05 16:55:00,13,7,5,16,55,590,350,"796, DUNKERQUE AVENUE",,,Plein jour,En agglomération,Hors intersection,Normale,Autre collision,,,,,,,,,,,1,2,1,1.0,6
201300030228,0013-07-06 02:00:00,13,7,6,2,0,590,9,JAURES JEAN RUE AVANT LE,50.6528,3.12868,Nuit avec éclairage non allumé,En agglomération,Hors intersection,Normale,Deux véhicules - arrière,,,,,,,,,,,4,2,1,1.0,2
201300030229,0013-07-06 20:00:00,13,7,6,20,0,590,9,"ignore, PERRIN JEAN  AVE",,,Plein jour,En agglomération,Intersection en X,Normale,Deux véhicules - côté,,,,,,,,,,,1,2,2,1.0,3
201300030230,0013-07-09 18:35:00,13,7,9,18,35,590,360,"1, PARE AMBROISE RUE",,,Plein jour,En agglomération,Hors intersection,Normale,Deux véhicules - arrière,,,,,,,,,,,1,2,1,1.0,2
201300030231,0013-07-09 22:50:00,13,7,9,22,50,590,343,"72, FAIDHERBE RUE",,,Nuit avec éclairage allumé,En agglomération,Intersection en T,Normale,Deux véhicules - côté,,,,,,,,,,,5,2,3,1.0,3
201300030232,0013-07-09 10:03:00,13,7,9,10,3,590,350,ARRAS RUE D,,,Plein jour,En agglomération,Intersection en X,Normale,Deux véhicules - côté,,,,,,,,,,,1,2,2,1.0,3
201300030233,0013-07-11 16:40:00,13,7,11,16,40,590,350,"1, DE LA BOURDONNAYE ANN",,,Plein jour,En agglomération,Intersection en T,Normale,Autre collision,,,,,,,,,,,1,2,3,1.0,6
201300030234,0013-07-10 14:00:00,13,7,10,14,0,590,507,JAURES JEAN AVENUE,,,Plein jour,En agglomération,Hors intersection,Normale,Deux véhicules - côté,,,,,,,,,,,1,2,1,1.0,3
201300030235,0013-07-13 15:15:00,13,7,13,15,15,590,9,"1, VETERANS RUE DES",,,Plein jour,En agglomération,Hors intersection,Normale,Deux véhicules - côté,,,,,,,,,,,1,2,1,1.0,3
201300030236,0013-07-12 19:20:00,13,7,12,19,20,590,360,"69, CHATELET ALBERT RUE",,,Plein jour,En agglomération,Hors intersection,Normale,Autre collision,,,,,,,,,,,1,2,1,1.0,6
201300030237,0013-07-14 23:20:00,13,7,14,23,20,590,9,"28, BIZET GEORGES BOULEV",,,Nuit avec éclairage allumé,En agglomération,Hors intersection,Normale,Autre collision,,,,,,,,,,,5,2,1,1.0,6
201300030238,0013-07-15 13:15:00,13,7,15,13,15,590,328,"257, BONTE AUGUSTE RUE",,,Plein jour,En agglomération,Hors intersection,Normale,Deux véhicules - côté,,,,,,,,,,,1,2,1,1.0,3
201300030239,0013-07-15 15:20:00,13,7,15,15,20,590,9,VENTOUX RUE DU,,,Plein jour,En agglomération,Hors intersection,Normale,Sans collision,,,,,,,,,,,1,2,1,1.0,7
201300030240,0013-07-14 23:00:00,13,7,14,23,0,590,350,"42, VOLTAIRE RUE",,,Nuit avec éclairage allumé,En agglomération,Hors intersection,Normale,Autre collision,,,,,,,,,,,5,2,1,1.0,6
201300030241,0013-07-16 17:54:00,13,7,16,17,54,590,350,"13, LEBAS JEAN BAPTISTE",,,Plein jour,En agglomération,Hors intersection,Normale,Sans collision,,,,,,,,,,,1,2,1,1.0,7
201300030242,0013-07-11 07:20:00,13,7,11,7,20,590,378,EGLISE RUE DE L,,,Plein jour,En agglomération,Hors intersection,Normale,Autre collision,,,,,,,,,,,1,2,1,1.0,6
201300030243,0013-07-04 00:30:00,13,7,4,0,30,590,9,"1, BREUCQ BOULEVARD DU",,,Nuit avec éclairage allumé,En agglomération,Intersection en X,Normale,Trois véhicules et plus - collisions multiples,,,,,,,,,,,5,2,2,1.0,5
201300030244,0013-07-15 00:10:00,13,7,15,0,10,590,356,"1, LILLE RUE DE",,,Nuit avec éclairage allumé,En agglomération,Intersection en T,Normale,Deux véhicules - côté,,,,,,,,,,,5,2,3,1.0,3
201300030245,0013-07-18 08:45:00,13,7,18,8,45,590,378,DUCROQUET RUE DU DOC. N?,,,Plein jour,En agglomération,Intersection en X,Normale,Deux véhicules - côté,,,,,,,,,,,1,2,2,1.0,3
201300030246,0013-07-21 14:30:00,13,7,21,14,30,590,360,"55, POTIE GEORGES RUE",,,Plein jour,En agglomération,Hors intersection,Normale,Deux véhicules - côté,,,,,,,,,,,1,2,1,1.0,3
201300030247,0013-07-19 20:35:00,13,7,19,20,35,590,350,"19, CANNES RUE DE",,,Crépuscule ou aube,En agglomération,Hors intersection,Normale,Deux véhicules - côté,,,,,,,,,,,2,2,1,1.0,3
201300030248,0013-07-19 15:00:00,13,7,19,15,0,590,9,"1, ROUBAIX AVNUE DE",,,Plein jour,En agglomération,Hors intersection,Normale,Deux véhicules - côté,,,,,,,,,,,1,2,1,1.0,3
201300030249,0013-07-19 16:50:00,13,7,19,16,50,590,350,STRASBOURG BOULEVARD,,,Plein jour,En agglomération,Hors intersection,Normale,Autre collision,,,,,,,,,,,1,2,1,1.0,6
201300030250,0013-07-19 10:30:00,13,7,19,10,30,590,368,"251, REPUBLIQUE AVENUE D",,,Plein jour,En agglomération,Hors intersection,Normale,Autre collision,,,,,,,,,,,1,2,1,1.0,6
201300030251,0013-07-23 07:10:00,13,7,23,7,10,590,368,"1, SCRIVE GUSTAVE RUE",,,Plein jour,En agglomération,Intersection en X,Normale,Deux véhicules - côté,,,,,,,,,,,1,2,2,1.0,3
201300030252,0013-07-22 19:10:00,13,7,22,19,10,590,350,"2, BIGO DANEL BOULEVARD",,,Plein jour,En agglomération,Hors intersection,Normale,Autre collision,,,,,,,,,,,1,2,1,1.0,6
201300030253,0013-07-23 17:00:00,13,7,23,17,0,590,378,"340, MARNE AVENUE DE LA",,,Plein jour,En agglomération,Hors intersection,Normale,Deux véhicules - frontale,,,,,,,,,,,1,2,1,1.0,1
201300030254,0013-07-23 21:15:00,13,7,23,21,15,590,350,"1, DOREZ BARTHELEMY PLAC",,,Plein jour,En agglomération,Giratoire,Normale,Deux véhicules - arrière,,,,,,,,,,,1,2,6,1.0,2
201300030255,0013-07-24 17:05:00,13,7,24,17,5,590,386,"1, LECLERCQ RUE DU GENER",,,Plein jour,En agglomération,Intersection en T,Normale,Autre collision,,,,,,,,,,,1,2,3,1.0,6
201300030256,0013-07-24 18:50:00,13,7,24,18,50,590,410,SCHUMAN ROBERT AVENUE,,,Plein jour,En agglomération,Intersection en X,Normale,Sans collision,,,,,,,,,,,1,2,2,1.0,7
201300030257,0013-07-28 11:10:00,13,7,28,11,10,590,350,"13, GARE PLACE DE LA",,,Plein jour,En agglomération,Hors intersection,Normale,Deux véhicules - côté,,,,,,,,,,,1,2,1,1.0,3
201300030258,0013-07-28 04:45:00,13,7,28,4,45,590,328,"37, AMPERE RUE",,,Nuit avec éclairage allumé,En agglomération,Hors intersection,Normale,Autre collision,,,,,,,,,,,5,2,1,1.0,6
201300030259,0013-07-26 09:30:00,13,7,26,9,30,590,350,"51, ZOLA EMILE AVENUE",,,Plein jour,En agglomération,Hors intersection,Normale,Autre collision,,,,,,,,,,,1,2,1,1.0,6
201300030260,0013-07-06 20:30:00,13,7,6,20,30,590,378,"168, QUESNE RUE DU",,,Plein jour,En agglomération,Hors intersection,Normale,Autre collision,,,,,,,,,,,1,2,1,1.0,6
201300030261,0013-07-23 15:45:00,13,7,23,15,45,590,128,"10, FAISANS AVENUE DES",,,Plein jour,En agglomération,Hors intersection,Normale,Autre collision,,,,,,,,,,,1,2,1,1.0,6
201300030262,0013-07-24 23:30:00,13,7,24,23,30,590,193,"1, HAUBOURDIN, RUE D'",,,Nuit avec éclairage allumé,En agglomération,Hors intersection,Normale,Sans collision,,,,,,,,,,,5,2,1,1.0,7
201300030263,0013-07-12 18:30:00,13,7,12,18,30,590,410,"1, PERI GABRIEL RUE",,,Plein jour,En agglomération,Hors intersection,Normale,Sans collision,,,,,,,,,,,1,2,1,1.0,7
201300030264,0013-07-22 21:20:00,13,7,22,21,20,590,350,"38, BASSEE RUE DE LA",,,Plein jour,En agglomération,Intersection en X,Normale,Sans collision,,,,,,,,,,,1,2,2,1.0,7
201300030265,0013-08-02 11:30:00,13,8,2,11,30,590,350,"0, DE COUBERTIN PIERRE B",,,Plein jour,En agglomération,Intersection en X,Normale,Deux véhicules - côté,,,,,,,,,,,1,2,2,1.0,3
201300030266,0013-08-02 13:10:00,13,8,2,13,10,590,195,"1, ZONE COMMERCIALE",,,Plein jour,Hors agglomération,Hors intersection,Normale,Autre collision,,,,,,,,,,,1,1,1,1.0,6
201300030267,0013-08-07 17:00:00,13,8,7,17,0,590,350,ARRAS RUE D,,,Plein jour,En agglomération,Hors intersection,Normale,Deux véhicules - côté,,,,,,,,,,,1,2,1,1.0,3
201300030268,0013-08-02 17:25:00,13,8,2,17,25,590,9,"1, BREUCQ BOULEVARD DU",,,Plein jour,En agglomération,Hors intersection,Normale,Deux véhicules - côté,,,,,,,,,,,1,2,1,1.0,3
201300030269,0013-08-02 19:45:00,13,8,2,19,45,590,350,"0, PASTEUR CARREFOUR",,,Plein jour,En agglomération,Giratoire,Normale,Autre collision,,,,,,,,,,,1,2,6,1.0,6
201300030270,0013-08-04 01:50:00,13,8,4,1,50,590,350,DE GAULLE PLACE DU GENER,,,Nuit avec éclairage allumé,En agglomération,Hors intersection,Normale,Autre collision,,,,,,,,,,,5,2,1,1.0,6
201300030271,0013-08-04 15:45:00,13,8,4,15,45,590,378,"1033B, REPUBLIQUE AV DE",,,Plein jour,En agglomération,Hors intersection,Normale,Deux véhicules - côté,,,,,,,,,,,1,2,1,1.0,3
201300030272,0013-06-30 16:50:00,13,6,30,16,50,590,350,KUHLMANN RUE,,,Plein jour,En agglomération,Intersection en T,Normale,Autre collision,,,,,,,,,,,1,2,3,1.0,6
201300030273,0013-08-04 20:45:00,13,8,4,20,45,590,350,"1, MARQUILLIES RUE",,,Plein jour,En agglomération,Intersection en T,Normale,Autre collision,,,,,,,,,,,1,2,3,1.0,6
201300030274,0013-07-12 19:50:00,13,7,12,19,50,590,360,"96, FOCH RUE DU MARECHAL",,,Plein jour,En agglomération,Hors intersection,Normale,Autre collision,,,,,,,,,,,1,2,1,1.0,6
201300030275,0013-08-02 15:45:00,13,8,2,15,45,590,350,"1, MUIRON PLACE GENTIL",,,Plein jour,En agglomération,Hors intersection,Normale,Autre collision,,,,,,,,,,,1,2,1,1.0,6
201300030276,0013-08-07 15:50:00,13,8,7,15,50,590,350,"17, FONTENOY RUE",,,Plein jour,En agglomération,Hors intersection,Normale,Autre collision,,,,,,,,,,,1,2,1,1.0,6
201300030277,0013-08-09 17:30:00,13,8,9,17,30,590,560,R.D. 549,,,Plein jour,En agglomération,Hors intersection,Normale,Deux véhicules - arrière,,,,,,,,,,,1,2,1,1.0,2
201300030278,0013-08-09 19:30:00,13,8,9,19,30,590,360,"0, FOCH RUE DU MARECHAL",,,Plein jour,En agglomération,Intersection en X,Normale,Autre collision,,,,,,,,,,,1,2,2,1.0,6
201300030279,0013-08-13 09:20:00,13,8,13,9,20,590,350,"0, ALSACE BOULEVARD D",,,Plein jour,En agglomération,Hors intersection,Normale,Autre collision,,,,,,,,,,,1,2,1,1.0,6
201300030280,0013-07-17 09:40:00,13,7,17,9,40,590,328,"347, DUNKERQUE AVENUE DE",,,Plein jour,En agglomération,Intersection en X,Normale,Autre collision,,,,,,,,,,,1,2,2,1.0,6
201300030281,0013-08-14 16:35:00,13,8,14,16,35,590,350,HUGO VICTOR  BVD N?IMPAI,,,Plein jour,En agglomération,Intersection en X,Normale,Deux véhicules - arrière,,,,,,,,,,,1,2,2,1.0,2
201300030282,0013-08-18 17:15:00,13,8,18,17,15,590,350,FAIDHERBE RUE,,,Plein jour,En agglomération,Hors intersection,Normale,Sans collision,,,,,,,,,,,1,2,1,1.0,7
201300030283,0013-08-20 16:55:00,13,8,20,16,55,590,648,"215, CLEMENCEAU RUE",,,Plein jour,En agglomération,Hors intersection,Normale,Trois véhicules et plus - collisions multiples,,,,,,,,,,,1,2,1,1.0,5
201300030284,0013-08-23 16:30:00,13,8,23,16,30,590,378,"17, BERLIOZ HECTOR RUE",,,Plein jour,En agglomération,Hors intersection,Normale,Autre collision,,,,,,,,,,,1,2,1,1.0,6
201300030285,0013-08-23 17:00:00,13,8,23,17,0,590,350,LAMBRET OSCAR AVENUE,,,Plein jour,En agglomération,Intersection en X,Normale,Sans collision,,,,,,,,,,,1,2,2,1.0,7
201300030286,0013-08-27 19:25:00,13,8,27,19,25,590,350,"31, NATIONALE RUE N?REST",,,Plein jour,En agglomération,Hors intersection,Normale,Trois véhicules et plus - collisions multiples,,,,,,,,,,,1,2,1,1.0,5
201300030287,0013-05-19 22:30:00,13,5,19,22,30,590,350,"32, HUGO VICTOR  BVD N?2",,,Nuit avec éclairage allumé,En agglomération,Hors intersection,Normale,Autre collision,,,,,,,,,,,5,2,1,1.0,6
201300030288,0013-08-30 07:00:00,13,8,30,7,0,590,350,BERTEAUX MAURICE RUE,,,Plein jour,En agglomération,Intersection en X,Normale,Autre collision,,,,,,,,,,,1,2,2,1.0,6
201300030289,0013-08-30 17:10:00,13,8,30,17,10,590,328,"18, MARTYRS DE LA RESIST",,,Plein jour,En agglomération,Hors intersection,Normale,Autre collision,,,,,,,,,,,1,2,1,1.0,6
201300030290,0013-08-31 17:20:00,13,8,31,17,20,590,350,"49, PREVOYANCE RUE",,,Plein jour,En agglomération,Hors intersection,Normale,Autre collision,,,,,,,,,,,1,2,1,1.0,6
201300030291,0013-08-30 23:00:00,13,8,30,23,0,590,9,DOUMER PAUL RUE DU PRESI,,,Nuit avec éclairage allumé,En agglomération,Hors intersection,Normale,Deux véhicules - côté,,,,,,,,,,,5,2,1,1.0,3
201300030292,0013-08-31 02:00:00,13,8,31,2,0,590,350,MASSENA RUE N?  RESTE,,,Nuit avec éclairage allumé,En agglomération,Hors intersection,Normale,Autre collision,,,,,,,,,,,5,2,1,1.0,6
201300030293,0013-09-03 08:30:00,13,9,3,8,30,590,386,"226, LALAU RUE",,,Plein jour,En agglomération,Intersection en X,Normale,Autre collision,,,,,,,,,,,1,2,2,1.0,6
201300030294,0013-09-04 07:45:00,13,9,4,7,45,590,378,"1, CHATEAUX RUE DES",,,Plein jour,En agglomération,Hors intersection,Normale,Deux véhicules - côté,,,,,,,,,,,1,2,1,1.0,3
201300030295,0013-09-04 11:40:00,13,9,4,11,40,590,410,"0, PARMENTIER RUE",,,Plein jour,En agglomération,Intersection en T,Normale,Deux véhicules - côté,,,,,,,,,,,1,2,3,1.0,3
201300030296,0013-09-04 14:20:00,13,9,4,14,20,590,9,"1, FLANDRE AVENUEE DE",,,Plein jour,En agglomération,Hors intersection,Normale,Sans collision,,,,,,,,,,,1,2,1,1.0,7
201300030297,0013-09-05 08:40:00,13,9,5,8,40,590,350,DUNKERQUE AVENUE DE,,,Plein jour,En agglomération,Hors intersection,Normale,Autre collision,,,,,,,,,,,1,2,1,1.0,6