accident_id,datetime,annee,mois,jour,heure,minute,departement,commune_insee,adresse,latitude,longitude,luminosite,agglomeration,intersection,meteo,collision,nb_vehicules,nb_usagers,nb_indemnes,nb_tues,nb_blesses_hosp,nb_blesses_legers,age_cond_1,age_cond_2,veh_type_cond_1,veh_type_cond_2,lum_code,agg_code,int_code,atm_code,col_code
201300030556,0013-07-20 20:30:00,13,7,20,20,30,590,512,"34, REIMS (BOULEVARD DE)",,,Plein jour,En agglomération,Hors intersection,Normale,Autre collision,,,,,,,,,,,1,2,1,1.0,6
201300030557,0013-07-23 18:30:00,13,7,23,18,30,590,646,BRIQUES (SENTIER DES),,,Plein jour,Hors agglomération,Hors intersection,Pluie légère,Autre collision,,,,,,,,,,,1,1,1,2.0,6
201300030558,0013-07-24 19:10:00,13,7,24,19,10,590,650,"228, CARNOT (RUE)",,,Plein jour,En agglomération,Intersection en X,Normale,Autre collision,,,,,,,,,,,1,2,2,1.0,6
201300030559,0013-07-25 07:50:00,13,7,25,7,50,590,512,DUNKERQUE (QUAI DE),,,Plein jour,En agglomération,Hors intersection,Normale,Autre collision,,,,,,,,,,,1,2,1,1.0,6
201300030560,0013-07-27 12:15:00,13,7,27,12,15,590,646,"1, HOCHE (RUE)",,,Plein jour,En agglomération,Hors intersection,Normale,Autre collision,,,,,,,,,,,1,2,1,1.0,6
201300030561,0013-07-30 23:00:00,13,7,30,23,0,590,598,"58, DEPORTES (RUE DES)",,,Nuit avec éclairage allumé,En agglomération,Intersection en T,Normale,Deux véhicules - côté,,,,,,,,,,,5,2,3,1.0,3
201300030562,0013-08-03 20:45:00,13,8,3,20,45,590,512,"1, ANTOING (RUE D')",,,Plein jour,En agglomération,Hors intersection,Normale,Deux véhicules - côté,,,,,,,,,,,1,2,1,1.0,3
201300030563,0013-08-03 20:40:00,13,8,3,20,40,590,646,MARNE (AVENUE DE LA),,,Plein jour,En agglomération,Hors intersection,Normale,Autre collision,,,,,,,,,,,1,2,1,1.0,6
201300030564,0013-08-05 15:45:00,13,8,5,15,45,590,512,"1, LUNEVILLE (RUE DE)",,,Plein jour,En agglomération,Intersection en T,Normale,Deux véhicules - côté,,,,,,,,,,,1,2,3,1.0,3
201300030565,0013-08-08 08:45:00,13,8,8,8,45,590,367,"25, GUESDE (RUE JULES)",,,Plein jour,En agglomération,Hors intersection,Normale,Autre collision,,,,,,,,,,,1,2,1,1.0,6
201300030566,0013-08-09 11:00:00,13,8,9,11,0,590,512,"1, BRAILLE (RUE LOUIS)",,,Plein jour,En agglomération,Intersection en X,Normale,Deux véhicules - côté,,,,,,,,,,,1,2,2,1.0,3
201300030567,0013-08-12 11:10:00,13,8,12,11,10,590,512,"227, REIMS (BOULEVARD DE",,,Plein jour,En agglomération,Hors intersection,Normale,Deux véhicules - côté,,,,,,,,,,,1,2,1,1.0,3
201300030568,0013-08-13 10:30:00,13,8,13,10,30,590,512,"1, FOSSES AUX CHENES  (P",,,Plein jour,En agglomération,Intersection en X,Normale,Deux véhicules - frontale,,,,,,,,,,,1,2,2,1.0,1
201300030569,0013-08-14 16:50:00,13,8,14,16,50,590,512,CAMBRAI (BOULEVARD DE),,,Plein jour,En agglomération,Intersection en X,Normale,Deux véhicules - côté,,,,,,,,,,,1,2,2,1.0,3
201300030570,0013-08-17 23:00:00,13,8,17,23,0,590,512,"1, MOUVAUX (RUE DE)",,,Nuit avec éclairage allumé,En agglomération,Hors intersection,Normale,Deux véhicules - frontale,,,,,,,,,,,5,2,1,1.0,1
201300030571,0013-08-18 04:15:00,13,8,18,4,15,590,512,"68, ALSACE (AVENUE D')",,,Nuit avec éclairage allumé,En agglomération,Hors intersection,Normale,Sans collision,,,,,,,,,,,5,2,1,1.0,7
201300030572,0013-08-18 16:00:00,13,8,18,16,0,590,512,"116, DAUBENTON (RUE)",,,Plein jour,En agglomération,Hors intersection,Normale,Autre collision,,,,,,,,,,,1,2,1,1.0,6
201300030573,0013-08-19 12:00:00,13,8,19,12,0,590,512,CARPEAUX  (RUE),,,Plein jour,En agglomération,Intersection en T,Normale,Deux véhicules - frontale,,,,,,,,,,,1,2,3,1.0,1
201300030574,0013-08-22 21:15:00,13,8,22,21,15,590,512,"166, LACROIX (RUE BOULEV",,,Crépuscule ou aube,En agglomération,Hors intersection,Normale,Autre collision,,,,,,,,,,,2,2,1,1.0,6
201300030575,0013-08-23 17:00:00,13,8,23,17,0,590,646,TOURCOING (RUE DE),,,Plein jour,En agglomération,Intersection en X,Normale,Deux véhicules - arrière,,,,,,,,,,,1,2,2,1.0,2
201300030576,0013-08-24 11:05:00,13,8,24,11,5,590,163,"1, HANNART (AVENUE GEORG",,,Plein jour,En agglomération,Intersection en X,Pluie légère,Deux véhicules - côté,,,,,,,,,,,1,2,2,2.0,3
201300030577,0013-08-24 17:50:00,13,8,24,17,50,590,512,"1, FABRICANTS (RUE DES)",,,Plein jour,En agglomération,Intersection en T,Pluie légère,Deux véhicules - côté,,,,,,,,,,,1,2,3,2.0,3
201300030578,0013-08-26 00:05:00,13,8,26,0,5,590,512,"133, MOTTE (AVENUE ALFRE",,,Nuit avec éclairage allumé,En agglomération,Autre intersection,Normale,Deux véhicules - côté,,,,,,,,,,,5,2,9,1.0,3
201300030579,0013-08-31 22:50:00,13,8,31,22,50,590,163,"28, CHARPENTIER (RUE GUS",,,Nuit avec éclairage allumé,En agglomération,Hors intersection,Normale,Autre collision,,,,,,,,,,,5,2,1,1.0,6
201300030580,0013-09-01 12:05:00,13,9,1,12,5,590,163,"307, ALGER (RUE D')",,,Plein jour,En agglomération,Intersection en T,Normale,Deux véhicules - côté,,,,,,,,,,,1,2,3,1.0,3
201300030581,0013-09-02 20:15:00,13,9,2,20,15,590,512,"5, RONDELLE (RUE DE LA)",,,Plein jour,En agglomération,Hors intersection,Normale,Autre collision,,,,,,,,,,,1,2,1,1.0,6
201300030582,0013-09-06 14:40:00,13,9,6,14,40,590,650,"3, POTENTE (RUE DE LA)",,,Plein jour,En agglomération,Hors intersection,Normale,Deux véhicules - côté,,,,,,,,,,,1,2,1,1.0,3
201300030583,0013-09-07 13:55:00,13,9,7,13,55,590,163,DUBLED (RUE GUSTAVE),,,Plein jour,En agglomération,Intersection en X,Normale,Deux véhicules - côté,,,,,,,,,,,1,2,2,1.0,3
201300030584,0013-09-08 19:45:00,13,9,8,19,45,590,163,"., JAURES (RUE JEAN)",,,Plein jour,En agglomération,Intersection en T,Normale,Deux véhicules - côté,,,,,,,,,,,1,2,3,1.0,3
201300030585,0013-09-09 13:00:00,13,9,9,13,0,590,512,"16, FOURMIES (BOULEVARD",,,Plein jour,En agglomération,Hors intersection,Pluie légère,Deux véhicules - frontale,,,,,,,,,,,1,2,1,2.0,1
201300030586,0013-09-10 08:50:00,13,9,10,8,50,590,650,GARE (RUE DE LA),,,Plein jour,En agglomération,Hors intersection,Pluie légère,Autre collision,,,,,,,,,,,1,2,1,2.0,6
201300030587,0013-09-10 15:52:00,13,9,10,15,52,590,512,"0, NATIONS UNIES (AVENUE",,,Plein jour,En agglomération,Autre intersection,Normale,Autre collision,,,,,,,,,,,1,2,9,1.0,6
201300030588,0013-09-11 10:35:00,13,9,11,10,35,590,512,HUTIN (RUE DU),,,Plein jour,En agglomération,Intersection en X,Pluie légère,Deux véhicules - côté,,,,,,,,,,,1,2,2,2.0,3
201300030589,0013-09-16 08:30:00,13,9,16,8,30,590,299,"61, PASCAL (RUE BLAISE)",,,Plein jour,En agglomération,Hors intersection,Normale,Deux véhicules - côté,,,,,,,,,,,1,2,1,1.0,3
201300030590,0013-09-20 09:50:00,13,9,20,9,50,590,512,METZ (BOULEVARD DE),,,Plein jour,En agglomération,Intersection en X,Normale,Deux véhicules - côté,,,,,,,,,,,1,2,2,1.0,3
201300030591,0013-09-21 06:20:00,13,9,21,6,20,590,512,"125, DUNKERQUE (QUAI DE)",,,Crépuscule ou aube,En agglomération,Hors intersection,Normale,Deux véhicules - arrière,,,,,,,,,,,2,2,1,1.0,2
201300030592,0013-09-16 20:00:00,13,9,16,20,0,590,512,NATIONS UNIES (AVENUE DE,,,Plein jour,En agglomération,Hors intersection,Normale,Sans collision,,,,,,,,,,,1,2,1,1.0,7
201300030593,0013-09-23 23:45:00,13,9,23,23,45,590,512,"54, PILE (RUE DU)",,,Nuit avec éclairage allumé,En agglomération,Hors intersection,Normale,Deux véhicules - frontale,,,,,,,,,,,5,2,1,1.0,1
201300030594,0013-09-23 16:35:00,13,9,23,16,35,590,512,"368, LANNOY (RUE DE )",,,Plein jour,En agglomération,Hors intersection,Normale,Autre collision,,,,,,,,,,,1,2,1,1.0,6
201300030595,0013-09-25 17:30:00,13,9,25,17,30,590,339,"00, LEROY (RUE JOSEPH)",,,Plein jour,En agglomération,Intersection en T,Normale,Deux véhicules - côté,,,,,,,,,,,1,2,3,1.0,3
201300030596,0013-09-26 16:35:00,13,9,26,16,35,590,512,"1, DE GAULLE  (BOULEVARD",,,Plein jour,En agglomération,Hors intersection,Normale,Trois véhicules et plus - en chaîne,,,,,,,,,,,1,2,1,1.0,4
201300030597,0013-09-26 17:55:00,13,9,26,17,55,590,650,"47, BELLE PROMENADE (RUE",,,Plein jour,En agglomération,Hors intersection,Normale,Autre collision,,,,,,,,,,,1,2,1,1.0,6
201300030598,0013-09-29 18:40:00,13,9,29,18,40,590,512,FOSSE AUX CHENES  (AVENU,,,Plein jour,En agglomération,Intersection en X,Normale,Trois véhicules et plus - collisions multiples,,,,,,,,,,,1,2,2,1.0,5
201300030599,0013-10-01 20:20:00,13,10,1,20,20,590,646,"1, CANAL (SENTIER DU)",,,Nuit avec éclairage allumé,En agglomération,Intersection en X,Normale,Deux véhicules - côté,,,,,,,,,,,5,2,2,1.0,3
201300030600,0013-09-29 11:10:00,13,9,29,11,10,590,512,LEERS (RUE DE),,,Plein jour,En agglomération,Hors intersection,Normale,Deux véhicules - côté,,,,,,,,,,,1,2,1,1.0,3
201300030601,0013-10-03 10:50:00,13,10,3,10,50,590,299,"., EUROPE (AVENUE DE L')",,,Plein jour,Hors agglomération,Hors intersection,Normale,Deux véhicules - arrière,,,,,,,,,,,1,1,1,1.0,2
201300030602,0013-10-03 16:10:00,13,10,3,16,10,590,512,"115, BELFORT (BOULEVARD",,,Plein jour,En agglomération,Intersection en X,Normale,Deux véhicules - côté,,,,,,,,,,,1,2,2,1.0,3
201300030603,0013-10-03 21:06:00,13,10,3,21,6,590,512,"2, TRICHON (PLACE DU)",,,Nuit avec éclairage allumé,En agglomération,Hors intersection,Normale,Autre collision,,,,,,,,,,,5,2,1,1.0,6
201300030604,0013-10-07 17:35:00,13,10,7,17,35,590,512,"48, LYON (BOULEVARD DE)",,,Plein jour,En agglomération,Hors intersection,Normale,Deux véhicules - côté,,,,,,,,,,,1,2,1,1.0,3
201300030605,0013-10-10 10:40:00,13,10,10,10,40,590,512,SAINT JEAN  (RUE),,,Plein jour,En agglomération,Intersection en T,Pluie forte,Autre collision,,,,,,,,,,,1,2,3,3.0,6
201300030606,0013-10-11 12:45:00,13,10,11,12,45,590,299,CD 700,,,Plein jour,Hors agglomération,Hors intersection,Pluie légère,Sans collision,,,,,,,,,,,1,1,1,2.0,7
201300030607,0013-10-15 00:20:00,13,10,15,0,20,590,512,DELESPAUL (RUE),,,Nuit avec éclairage allumé,En agglomération,Intersection en T,Pluie forte,Autre collision,,,,,,,,,,,5,2,3,3.0,6
201300030608,0013-10-16 13:45:00,13,10,16,13,45,590,512,"9, FABRICANTS (RUE DES)",,,Plein jour,En agglomération,Intersection en X,Normale,Deux véhicules - côté,,,,,,,,,,,1,2,2,1.0,3
201300030609,0013-10-16 14:30:00,13,10,16,14,30,590,512,LAGACHE (AVENUE JULIEN),,,Plein jour,En agglomération,Hors intersection,Normale,Autre collision,,,,,,,,,,,1,2,1,1.0,6
201300030610,0013-10-18 08:40:00,13,10,18,8,40,590,512,"112, METZ (BOULEVARD DE)",,,Plein jour,En agglomération,Autre intersection,Temps couvert,Deux véhicules - arrière,,,,,,,,,,,1,2,9,8.0,2
201300030611,0013-10-18 14:00:00,13,10,18,14,0,590,512,"., REIMS (BOULEVARD DE)",,,Plein jour,En agglomération,Intersection en X,Normale,Deux véhicules - côté,,,,,,,,,,,1,2,2,1.0,3
201300030612,0013-10-19 00:05:00,13,10,19,0,5,590,650,BAILLERIE (RUE DE LA),,,Nuit avec éclairage allumé,En agglomération,Intersection en X,Normale,Deux véhicules - frontale,,,,,,,,,,,5,2,2,1.0,1
201300030613,0013-10-19 21:35:00,13,10,19,21,35,590,163,"26, SAINT JACQUES (RUE)",,,Nuit avec éclairage allumé,En agglomération,Hors intersection,Normale,Autre collision,,,,,,,,,,,5,2,1,1.0,6
201300030614,0013-10-21 22:10:00,13,10,21,22,10,590,512,"20, SALENGRO  (AVENUE RO",,,Nuit avec éclairage allumé,En agglomération,Hors intersection,Normale,Autre collision,,,,,,,,,,,5,2,1,1.0,6
201300030615,0013-10-23 12:50:00,13,10,23,12,50,590,299,CD 700,,,Plein jour,Hors agglomération,Hors intersection,Normale,Trois véhicules et plus - en chaîne,,,,,,,,,,,1,1,1,1.0,4
201300030616,0013-10-23 15:00:00,13,10,23,15,0,590,512,FONTENOY (RUE DE),,,Plein jour,En agglomération,Intersection en X,Normale,Deux véhicules - côté,,,,,,,,,,,1,2,2,1.0,3
201300030617,0013-10-27 09:00:00,13,10,27,9,0,590,299,"499, CLEMENCEAU (BOULEVA",,,Plein jour,En agglomération,Hors intersection,Pluie légère,Deux véhicules - côté,,,,,,,,,,,1,2,1,2.0,3
201300030618,0013-10-28 13:45:00,13,10,28,13,45,590,299,LECLERC (RUE DU GENERAL),,,Plein jour,En agglomération,Hors intersection,Normale,Deux véhicules - côté,,,,,,,,,,,1,2,1,1.0,3
201300030619,0013-10-31 18:40:00,13,10,31,18,40,590,512,BARBIEUX  (RUE DE),,,Nuit avec éclairage allumé,En agglomération,Hors intersection,Normale,Autre collision,,,,,,,,,,,5,2,1,1.0,6
201300030620,0013-11-01 16:45:00,13,11,1,16,45,590,512,"420, NATIONS UNIES (AVEN",,,Nuit avec éclairage non allumé,En agglomération,Intersection en X,Normale,Deux véhicules - côté,,,,,,,,,,,4,2,2,1.0,3
201300030621,0013-11-02 01:50:00,13,11,2,1,50,590,512,"26 BIS, HOSPICE (RUE DE",,,Nuit avec éclairage allumé,En agglomération,Hors intersection,Pluie forte,Autre collision,,,,,,,,,,,5,2,1,3.0,6
201300030622,0013-11-03 07:30:00,13,11,3,7,30,590,299,CD 700,,,Plein jour,Hors agglomération,Hors intersection,Pluie légère,Autre collision,,,,,,,,,,,1,1,1,2.0,6
201300030623,0013-10-27 13:05:00,13,10,27,13,5,590,512,FOCH (RUE DU MARECHAL),,,Plein jour,En agglomération,Intersection en X,Normale,Deux véhicules - côté,,,,,,,,,,,1,2,2,1.0,3
201300030624,0013-11-04 09:00:00,13,11,4,9,0,590,512,"389, DELORY (AVENUE GUST",,,Plein jour,En agglomération,Giratoire,Pluie légère,Deux véhicules - arrière,,,,,,,,,,,1,2,6,2.0,2
201300030625,0013-11-06 14:10:00,13,11,6,14,10,590,512,BARBIEUX  (RUE DE),,,Plein jour,En agglomération,Intersection en T,Pluie légère,Deux véhicules - côté,,,,,,,,,,,1,2,3,2.0,3
201300030626,0013-11-06 17:20:00,13,11,6,17,20,590,512,SAINT JEAN  (RUE),,,Crépuscule ou aube,En agglomération,Intersection en X,Pluie légère,Autre collision,,,,,,,,,,,2,2,2,2.0,6
201300030627,0013-11-07 16:45:00,13,11,7,16,45,590,367,"1, GUESDE (RUE JULES)",,,Nuit avec éclairage allumé,En agglomération,Hors intersection,Pluie légère,Deux véhicules - côté,,,,,,,,,,,5,2,1,2.0,3
201300030628,0013-11-08 13:30:00,13,11,8,13,30,590,367,"180, LEBAS (RUE JEAN BAP",,,Plein jour,En agglomération,Hors intersection,Normale,Deux véhicules - côté,,,,,,,,,,,1,2,1,1.0,3
201300030629,0013-11-09 22:05:00,13,11,9,22,5,590,512,GAMBETTA ( BOULEVARD),,,Nuit sans éclairage public,En agglomération,Hors intersection,Normale,Autre collision,,,,,,,,,,,3,2,1,1.0,6
201300030630,0013-11-13 09:30:00,13,11,13,9,30,590,646,"1, WASTYN (RUE JEAN)",,,Plein jour,En agglomération,Intersection en X,Temps éblouissant,Autre collision,,,,,,,,,,,1,2,2,7.0,6
201300030631,0013-11-13 09:03:00,13,11,13,9,3,590,646,HOCHE (RUE),,,Plein jour,En agglomération,Hors intersection,Temps éblouissant,Autre collision,,,,,,,,,,,1,2,1,7.0,6
201300030632,0013-11-08 16:05:00,13,11,8,16,5,590,163,"02, GUESDE (RUE JULES)",,,Nuit avec éclairage non allumé,En agglomération,Hors intersection,Pluie forte,Autre collision,,,,,,,,,,,4,2,1,3.0,6
201300030633,0013-11-16 21:55:00,13,11,16,21,55,590,512,"0, LIMITE (RUE DE LA)",,,Nuit avec éclairage allumé,En agglomération,Hors intersection,Normale,Autre collision,,,,,,,,,,,5,2,1,1.0,6
201300030634,0013-11-18 16:30:00,13,11,18,16,30,590,299,"120, CLEMENCEAU (BOULEVA",,,Plein jour,En agglomération,Intersection en X,Normale,Autre collision,,,,,,,,,,,1,2,2,1.0,6
201300030635,0013-11-19 17:40:00,13,11,19,17,40,590,650,"6, RIVAGE (RUE DU)",,,Nuit sans éclairage public,En agglomération,Hors intersection,Normale,Autre collision,,,,,,,,,,,3,2,1,1.0,6
201300030636,0013-11-19 17:30:00,13,11,19,17,30,590,163,"7, HOLDEN CROTHERS(RUE)",,,Nuit avec éclairage allumé,En agglomération,Hors intersection,Normale,Autre collision,,,,,,,,,,,5,2,1,1.0,6
201300030637,0013-11-20 16:30:00,13,11,20,16,30,590,650,ECOLES (RUE DES),,,Nuit avec éclairage allumé,En agglomération,Intersection en X,Pluie forte,Deux véhicules - côté,,,,,,,,,,,5,2,2,3.0,3
201300030638,0013-11-20 18:05:00,13,11,20,18,5,590,163,"56, GARE (RUE DE LA)",,,Plein jour,En agglomération,Hors intersection,Neige / grêle,Autre collision,,,,,,,,,,,1,2,1,4.0,6
201300030639,0013-11-20 18:30:00,13,11,20,18,30,590,163,"11, GARE (RUE DE LA)",,,Nuit avec éclairage allumé,En agglomération,Hors intersection,Neige / grêle,Autre collision,,,,,,,,,,,5,2,1,4.0,6
201300030640,0013-11-23 10:45:00,13,11,23,10,45,590,512,ARTS  (RUE DES),,,Plein jour,En agglomération,Hors intersection,Normale,Deux véhicules - côté,,,,,,,,,,,1,2,1,1.0,3
201300030641,0013-11-23 15:15:00,13,11,23,15,15,590,512,"221, FOURMIES (BOULEVARD",,,Plein jour,En agglomération,Hors intersection,Normale,Autre collision,,,,,,,,,,,1,2,1,1.0,6
201300030642,0013-11-23 19:15:00,13,11,23,19,15,590,650,"-, BLUM (RUE LEON)",,,Nuit avec éclairage allumé,En agglomération,Hors intersection,Normale,Deux véhicules - frontale,,,,,,,,,,,5,2,1,1.0,1
201300030643,0013-11-27 03:00:00,13,11,27,3,0,590,646,"3, LEBAS (AVENUE JEAN BA",,,Nuit avec éclairage allumé,En agglomération,Hors intersection,Normale,Autre collision,,,,,,,,,,,5,2,1,1.0,6
201300030644,0013-11-29 10:15:00,13,11,29,10,15,590,512,CAMBRAI (BOULEVARD DE),,,Plein jour,En agglomération,Hors intersection,Normale,Deux véhicules - côté,,,,,,,,,,,1,2,1,1.0,3
201300030645,0013-12-02 11:40:00,13,12,2,11,40,590,512,"-, LAGRANGE (RUE LEO)",,,Plein jour,En agglomération,Intersection en T,Normale,Autre collision,,,,,,,,,,,1,2,3,1.0,6
201300030646,0013-12-02 15:55:00,13,12,2,15,55,590,512,JOUFFROY (RUE),,,Plein jour,En agglomération,Intersection en X,Normale,Deux véhicules - côté,,,,,,,,,,,1,2,2,1.0,3
201300030647,0013-12-04 08:10:00,13,12,4,8,10,590,512,DAMMARTIN (RUE),,,Plein jour,En agglomération,Hors intersection,Normale,Deux véhicules - côté,,,,,,,,,,,1,2,1,1.0,3
201300030648,0013-12-04 18:50:00,13,12,4,18,50,590,512,"21, HALLUIN (BOULEVARD D",,,Nuit avec éclairage allumé,En agglomération,Intersection en T,Pluie légère,Sans collision,,,,,,,,,,,5,2,3,2.0,7
201300030649,0013-12-07 17:30:00,13,12,7,17,30,590,650,"266, FAIDHERBE (RUE)",,,Nuit avec éclairage allumé,En agglomération,Hors intersection,Normale,Deux véhicules - frontale,,,,,,,,,,,5,2,1,1.0,1
201300030650,0013-12-09 18:40:00,13,12,9,18,40,590,299,"86, CLEMENCEAU (BOULEVAR",,,Nuit avec éclairage allumé,En agglomération,Hors intersection,Normale,Deux véhicules - côté,,,,,,,,,,,5,2,1,1.0,3
201300030651,0013-12-10 08:15:00,13,12,10,8,15,590,512,JAURES (AVENUE JEAN),,,Plein jour,En agglomération,Hors intersection,Normale,Deux véhicules - côté,,,,,,,,,,,1,2,1,1.0,3
201300030652,0013-12-10 20:00:00,13,12,10,20,0,590,512,"6, LACORDAIRE",,,Nuit avec éclairage allumé,En agglomération,Hors intersection,Normale,Autre collision,,,,,,,,,,,5,2,1,1.0,6
201300030653,0013-12-11 17:50:00,13,12,11,17,50,590,646,"-, Francois Mitterand (R",,,Nuit avec éclairage allumé,En agglomération,Hors intersection,Normale,Autre collision,,,,,,,,,,,5,2,1,1.0,6
201300030654,0013-12-11 19:45:00,13,12,11,19,45,590,512,"67, MOTTE (AVENUE ALFRED",,,Nuit avec éclairage allumé,En agglomération,Intersection en X,Normale,Deux véhicules - côté,,,,,,,,,,,5,2,2,1.0,3
201300030655,0013-12-15 14:15:00,13,12,15,14,15,590,512,GRANDE RUE,,,Plein jour,En agglomération,Intersection en X,Normale,Deux véhicules - côté,,,,,,,,,,,1,2,2,1.0,3
201300030656,0013-12-11 11:50:00,13,12,11,11,50,590,512,"104, COLLEGE (RUE DU)",,,Plein jour,En agglomération,Hors intersection,Normale,Autre collision,,,,,,,,,,,1,2,1,1.0,6
201300030657,0013-12-16 17:15:00,13,12,16,17,15,590,650,GAMBETTA (RUE),,,Nuit avec éclairage allumé,En agglomération,Intersection en Y,Normale,Autre collision,,,,,,,,,,,5,2,4,1.0,6
201300030658,0013-12-17 17:30:00,13,12,17,17,30,590,512,"66, ALGER  (RUE D')",,,Nuit avec éclairage allumé,En agglomération,Hors intersection,Normale,Autre collision,,,,,,,,,,,5,2,1,1.0,6
201300030659,0013-01-01 20:45:00,13,1,1,20,45,590,650,261 Rue Jules Guesde,50.71097,3.23435,Nuit avec éclairage allumé,En agglomération,Hors intersection,Normale,Autre collision,,,,,,,,,,,5,2,1,1.0,6
201300030660,0013-12-20 14:25:00,13,12,20,14,25,590,512,"1, NATIONS UNIES (AVENUE",,,Plein jour,En agglomération,Hors intersection,Normale,Autre collision,,,,,,,,,,,1,2,1,1.0,6
201300030661,0013-12-20 16:20:00,13,12,20,16,20,590,512,LEERS (RUE DE),,,Nuit sans éclairage public,En agglomération,Hors intersection,Normale,Deux véhicules - arrière,,,,,,,,,,,3,2,1,1.0,2
201300030662,0013-12-22 13:20:00,13,12,22,13,20,590,512,"208, MOTTE (AVENUE ALFRE",,,Plein jour,En agglomération,Intersection en X,Pluie légère,Deux véhicules - côté,,,,,,,,,,,1,2,2,2.0,3
201300030663,0013-12-23 01:30:00,13,12,23,1,30,590,512,"72, BELFORT (BOULEVARD D",,,Nuit avec éclairage allumé,En agglomération,Hors intersection,Pluie légère,Deux véhicules - frontale,,,,,,,,,,,5,2,1,2.0,1
201300030664,0013-12-23 07:55:00,13,12,23,7,55,590,367,"3, JAURES (RUE JEAN)",,,Plein jour,En agglomération,Hors intersection,Normale,Autre collision,,,,,,,,,,,1,2,1,1.0,6
201300030665,0013-12-26 08:20:00,13,12,26,8,20,590,163,"6, REPUBLIQUE (PLACE DE",,,Plein jour,En agglomération,Hors intersection,Normale,Deux véhicules - côté,,,,,,,,,,,1,2,1,1.0,3
201300030666,0013-12-26 23:35:00,13,12,26,23,35,590,646,"17, PASTEUR (RUE)",,,Nuit avec éclairage allumé,En agglomération,Hors intersection,Normale,Autre collision,,,,,,,,,,,5,2,1,1.0,6
201300030667,0013-12-27 14:10:00,13,12,27,14,10,590,512,COQ FRANCAIS (RUE DU),,,Plein jour,En agglomération,Hors intersection,Pluie légère,Deux véhicules - arrière,,,,,,,,,,,1,2,1,2.0,2
201300030668,0013-12-02 15:35:00,13,12,2,15,35,590,512,"1, NATIONS UNIES (AVENUE",,,Plein jour,En agglomération,Intersection en T,Normale,Deux véhicules - arrière,,,,,,,,,,,1,2,3,1.0,2
201300030669,0013-12-27 11:55:00,13,12,27,11,55,590,512,LACORDAIRE,,,Plein jour,En agglomération,Hors intersection,Pluie légère,Deux véhicules - côté,,,,,,,,,,,1,2,1,2.0,3
201300030670,0013-12-29 16:00:00,13,12,29,16,0,590,512,METZ (BOULEVARD DE),,,Plein jour,En agglomération,Hors intersection,Normale,Autre collision,,,,,,,,,,,1,2,1,1.0,6
201300030671,0013-12-31 19:15:00,13,12,31,19,15,590,512,"112, SAINT JEAN (RUE)",,,Nuit avec éclairage allumé,En agglomération,Hors intersection,Pluie légère,Autre collision,,,,,,,,,,,5,2,1,2.0,6
201300030672,0013-01-11 17:45:00,13,1,11,17,45,590,526,"19, GRAND PLACE",,,Nuit avec éclairage allumé,En agglomération,Autre intersection,Temps couvert,Autre collision,,,,,,,,,,,5,2,9,8.0,6
201300030673,0013-01-26 16:55:00,13,1,26,16,55,590,284,CD.40,,,Plein jour,En agglomération,Intersection en X,Neige / grêle,Deux véhicules - côté,,,,,,,,,,,1,2,2,4.0,3
201300030674,0013-02-02 01:50:00,13,2,2,1,50,590,526,"63/65, DE RIVOLI",,,Nuit avec éclairage allumé,En agglomération,Hors intersection,Normale,Autre collision,,,,,,,,,,,5,2,1,1.0,6
201300030675,0013-02-13 09:50:00,13,2,13,9,50,590,284,CD.40,,,Plein jour,En agglomération,Intersection en X,Normale,Deux véhicules - côté,,,,,,,,,,,1,2,2,1.0,3
201300030676,0013-07-04 15:45:00,13,7,4,15,45,590,526,rue du Moulin Blanc,50.44289,3.4124,Plein jour,En agglomération,Hors intersection,Normale,Deux véhicules - frontale,,,,,,,,,,,1,2,1,1.0,1
201300030677,0013-12-02 17:55:00,13,12,2,17,55,590,526,DE NIVELLE,,,Nuit sans éclairage public,En agglomération,Hors intersection,Normale,Deux véhicules - frontale,,,,,,,,,,,3,2,1,1.0,1
201300030678,0013-01-06 20:05:00,13,1,6,20,5,590,599,GAMBETTA (BOULEVARD),,,Nuit avec éclairage allumé,En agglomération,Hors intersection,Normale,Autre collision,,,,,,,,,,,5,2,1,1.0,6
201300030679,0013-01-10 10:45:00,13,1,10,10,45,590,421,"0, ALBERT EINSTEIN",,,Plein jour,En agglomération,Giratoire,Normale,Autre collision,,,,,,,,,,,1,2,6,1.0,6
201300030680,0013-01-09 18:00:00,13,1,9,18,0,590,599,GAND (RUE DE),,,Nuit avec éclairage allumé,En agglomération,Hors intersection,Temps couvert,Deux véhicules - arrière,,,,,,,,,,,5,2,1,8.0,2
201300030681,0013-01-12 21:40:00,13,1,12,21,40,590,599,"1, GRAMME (CHAUSSEE)",,,Nuit avec éclairage allumé,En agglomération,Intersection à plus de 4 branches,Neige / grêle,Deux véhicules - côté,,,,,,,,,,,5,2,5,4.0,3
201300030682,0013-01-22 13:30:00,13,1,22,13,30,590,599,"608, PARIS (RUE DE)",,,Plein jour,En agglomération,Hors intersection,Neige / grêle,Autre collision,,,,,,,,,,,1,2,1,4.0,6
201300030683,0013-01-22 15:00:00,13,1,22,15,0,590,599,BRUN PAIN (RUE DU),,,Plein jour,En agglomération,Hors intersection,Neige / grêle,Deux véhicules - côté,,,,,,,,,,,1,2,1,4.0,3