accident_id,datetime,annee,mois,jour,heure,minute,departement,commune_insee,adresse,latitude,longitude,luminosite,agglomeration,intersection,meteo,collision,nb_vehicules,nb_usagers,nb_indemnes,nb_tues,nb_blesses_hosp,nb_blesses_legers,age_cond_1,age_cond_2,veh_type_cond_1,veh_type_cond_2,lum_code,agg_code,int_code,atm_code,col_code
201300030815,0013-11-03 01:00:00,13,11,3,1,0,590,599,THIERS (RUE),,,Nuit avec éclairage allumé,En agglomération,Intersection en X,Pluie légère,Deux véhicules - côté,,,,,,,,,,,5,2,2,2.0,3
201300030816,0013-11-04 18:10:00,13,11,4,18,10,590,599,"34, PERRAULT (RUE CLAUDE",,,Crépuscule ou aube,En agglomération,Hors intersection,Normale,Deux véhicules - côté,,,,,,,,,,,2,2,1,1.0,3
201300030817,0013-11-07 13:45:00,13,11,7,13,45,590,599,"43, MONGE (RUE)",,,Plein jour,Hors agglomération,Hors intersection,Pluie légère,Autre collision,,,,,,,,,,,1,1,1,2.0,6
201300030818,0013-11-07 18:25:00,13,11,7,18,25,590,90,GAULLE (AVENUE DU GENERA,,,Nuit avec éclairage allumé,En agglomération,Hors intersection,Pluie légère,Autre collision,,,,,,,,,,,5,2,1,2.0,6
201300030819,0013-11-08 09:30:00,13,11,8,9,30,590,599,"1, LARTILLIER (RUE LUCIE",,,Plein jour,En agglomération,Intersection en X,Temps couvert,Deux véhicules - côté,,,,,,,,,,,1,2,2,8.0,3
201300030820,0013-11-08 19:30:00,13,11,8,19,30,590,599,SCHUMAN (RUE ROBERT),,,Nuit avec éclairage allumé,En agglomération,Hors intersection,Temps couvert,Autre collision,,,,,,,,,,,5,2,1,8.0,6
201300030821,0013-11-11 14:00:00,13,11,11,14,0,590,426,RISQUONS TOUT (ROUTE DU),,,Plein jour,Hors agglomération,Intersection en X,Normale,Deux véhicules - côté,,,,,,,,,,,1,1,2,1.0,3
201300030822,0013-11-13 08:15:00,13,11,13,8,15,590,599,"2, WATTEEUW (RUE JULES)",,,Plein jour,En agglomération,Giratoire,Normale,Autre collision,,,,,,,,,,,1,2,6,1.0,6
201300030823,0013-11-15 15:15:00,13,11,15,15,15,590,599,DEWYN (RUE DU DOCTEUR),,,Plein jour,En agglomération,Intersection en T,Normale,Autre collision,,,,,,,,,,,1,2,3,1.0,6
201300030824,0013-11-17 19:55:00,13,11,17,19,55,590,152,", QUESNOY (RUE DE)",,,Nuit avec éclairage allumé,En agglomération,Intersection en T,Normale,Deux véhicules - côté,,,,,,,,,,,5,2,3,1.0,3
201300030825,0013-11-18 14:30:00,13,11,18,14,30,590,426,"66, RECKEM (RUE DE)",,,Plein jour,En agglomération,Hors intersection,Normale,Deux véhicules - arrière,,,,,,,,,,,1,2,1,1.0,2
201300030826,0013-11-19 12:00:00,13,11,19,12,0,590,599,GUERRE (RUE FIN DE LA),,,Plein jour,En agglomération,Intersection en T,Normale,Autre collision,,,,,,,,,,,1,2,3,1.0,6
201300030827,0013-11-20 09:45:00,13,11,20,9,45,590,90,"22 bis, RUE JEAN BAPTIST",,,Plein jour,En agglomération,Hors intersection,Normale,Autre collision,,,,,,,,,,,1,2,1,1.0,6
201300030828,0013-11-25 16:45:00,13,11,25,16,45,590,599,"176, CARLIERS (RUE DES)",,,Crépuscule ou aube,En agglomération,Hors intersection,Pluie légère,Autre collision,,,,,,,,,,,2,2,1,2.0,6
201300030829,0013-11-28 13:20:00,13,11,28,13,20,590,599,"0, LEMIRE (RUE DE L'ABBE",,,Plein jour,En agglomération,Intersection en T,Temps couvert,Autre collision,,,,,,,,,,,1,2,3,8.0,6
201300030830,0013-12-02 08:30:00,13,12,2,8,30,590,599,PASTEUR (RUE),,,Plein jour,Hors agglomération,Hors intersection,Normale,Autre collision,,,,,,,,,,,1,1,1,1.0,6
201300030831,0013-12-04 19:30:00,13,12,4,19,30,590,599,"205, FRANCS (RUE DES)",,,Nuit avec éclairage allumé,En agglomération,Hors intersection,Autre,Autre collision,,,,,,,,,,,5,2,1,9.0,6
201300030832,0013-12-05 13:00:00,13,12,5,13,0,590,599,"224, PIERRES (RUE DES TR",,,Plein jour,En agglomération,Hors intersection,Normale,Autre collision,,,,,,,,,,,1,2,1,1.0,6
201300030833,0013-12-09 13:00:00,13,12,9,13,0,590,508,"412, LILLE (RUE DE)LATER",,,Plein jour,En agglomération,Hors intersection,Normale,Autre collision,,,,,,,,,,,1,2,1,1.0,6
201300030834,0013-12-10 14:20:00,13,12,10,14,20,590,599,"43, POUTRAINS (RUE DES)",,,Plein jour,En agglomération,Hors intersection,Normale,Autre collision,,,,,,,,,,,1,2,1,1.0,6
201300030835,0013-12-11 18:00:00,13,12,11,18,0,590,426,";, RACCORDEMENT (VOIE DE",,,Nuit avec éclairage allumé,Hors agglomération,Hors intersection,Normale,Trois véhicules et plus - collisions multiples,,,,,,,,,,,5,1,1,1.0,5
201300030836,0013-12-13 20:00:00,13,12,13,20,0,590,152,boulevard de la lys,,,Nuit sans éclairage public,Hors agglomération,Hors intersection,Pluie légère,Deux véhicules - arrière,,,,,,,,,,,3,1,1,2.0,2
201300030837,0013-12-14 17:45:00,13,12,14,17,45,590,599,GUERRE (RUE FIN DE LA),,,Nuit avec éclairage allumé,En agglomération,Hors intersection,Temps couvert,Autre collision,,,,,,,,,,,5,2,1,8.0,6
201300030838,0013-12-15 19:05:00,13,12,15,19,5,590,599,HONDSCHOOTE (RUE D'),,,Nuit avec éclairage allumé,En agglomération,Intersection en T,Normale,Autre collision,,,,,,,,,,,5,2,3,1.0,6
201300030839,0013-12-19 09:00:00,13,12,19,9,0,590,599,"., RACINE (RUE)",,,Plein jour,En agglomération,Intersection en X,Pluie légère,Deux véhicules - côté,,,,,,,,,,,1,2,2,2.0,3
201300030840,0013-12-19 12:15:00,13,12,19,12,15,590,426,"., RACCORDEMENT (VOIE DE",,,Plein jour,Hors agglomération,Hors intersection,Normale,Deux véhicules - arrière,,,,,,,,,,,1,1,1,1.0,2
201300030841,0013-12-19 17:30:00,13,12,19,17,30,590,152,HURLUPIN (RUE D'),,,Nuit avec éclairage allumé,En agglomération,Hors intersection,Normale,Autre collision,,,,,,,,,,,5,2,1,1.0,6
201300030842,0013-12-21 10:30:00,13,12,21,10,30,590,599,"36, SALEMBIEN (RUE LEON)",,,Plein jour,En agglomération,Hors intersection,Normale,Autre collision,,,,,,,,,,,1,2,1,1.0,6
201300030843,0013-12-22 21:10:00,13,12,22,21,10,590,152,"150, WERWICQ (RUE DE)",,,Nuit avec éclairage allumé,En agglomération,Intersection en T,Pluie légère,Deux véhicules - côté,,,,,,,,,,,5,2,3,2.0,3
201300030844,0013-12-23 16:30:00,13,12,23,16,30,590,599,"136, DESCAT (BOULEVARD C",,,Crépuscule ou aube,En agglomération,Intersection en X,Vent fort / tempête,Deux véhicules - côté,,,,,,,,,,,2,2,2,6.0,3
201300030845,0013-12-28 15:00:00,13,12,28,15,0,590,599,"158, GRAMME (CHAUSSEE)",,,Plein jour,En agglomération,Hors intersection,Normale,Deux véhicules - arrière,,,,,,,,,,,1,2,1,1.0,2
201300030846,0013-12-28 19:30:00,13,12,28,19,30,590,279,"30, NEUVILLE (ROUTE DE)",,,Nuit avec éclairage allumé,En agglomération,Intersection en X,Pluie légère,Deux véhicules - côté,,,,,,,,,,,5,2,2,2.0,3
201300030847,0013-12-31 08:15:00,13,12,31,8,15,590,508,"152, DRONCKAERT (RUE DU)",,,Crépuscule ou aube,En agglomération,Hors intersection,Normale,Autre collision,,,,,,,,,,,2,2,1,1.0,6
201300030848,0013-12-24 08:00:00,13,12,24,8,0,590,544,"00, ROLEUR (RUE DU)",,,Nuit sans éclairage public,Hors agglomération,Hors intersection,Vent fort / tempête,Autre collision,,,,,,,,,,,3,1,1,6.0,6
201300030849,0013-12-15 15:05:00,13,12,15,15,5,590,14,"301, MICHEL (RUE LOUISE)",,,Plein jour,En agglomération,Intersection en X,Normale,Deux véhicules - côté,,,,,,,,,,,1,2,2,1.0,3
201300030850,0013-12-21 09:35:00,13,12,21,9,35,590,606,"2, DENTELLIERES (AVENUE",,,Plein jour,En agglomération,Hors intersection,Normale,Autre collision,,,,,,,,,,,1,2,1,1.0,6
201300030851,0013-12-27 21:55:00,13,12,27,21,55,590,603,"19, ZOLA (RUE EMILE)",,,Nuit avec éclairage allumé,En agglomération,Hors intersection,Normale,Autre collision,,,,,,,,,,,5,2,1,1.0,6
201300030852,0013-12-29 18:55:00,13,12,29,18,55,590,447,"0, RD 935 N",,,Nuit avec éclairage allumé,Hors agglomération,Giratoire,Normale,Autre collision,,,,,,,,,,,5,1,6,1.0,6
201300030853,0013-01-11 17:20:00,13,1,11,17,20,590,491,Rte Départementale,50.41106,3.44284,Nuit sans éclairage public,Hors agglomération,Hors intersection,Pluie légère,Autre collision,,,,,,,,,,,3,1,1,2.0,6
201300030854,0013-01-26 11:05:00,13,1,26,11,5,590,491,"7, FRANCK (RUE CESAR)",,,Plein jour,En agglomération,Hors intersection,Normale,Autre collision,,,,,,,,,,,1,2,1,1.0,6
201300030855,0013-01-31 17:40:00,13,1,31,17,40,590,606,"00, VERDUN (AVENUE DE)",,,Plein jour,En agglomération,Intersection en X,Normale,Deux véhicules - côté,,,,,,,,,,,1,2,2,1.0,3
201300030856,0013-01-31 19:40:00,13,1,31,19,40,590,14,"00, MATHIEU (RUE PIERRE)",,,Nuit avec éclairage allumé,En agglomération,Intersection en X,Normale,Autre collision,,,,,,,,,,,5,2,2,1.0,6
201300030857,0013-02-06 13:30:00,13,2,6,13,30,590,14,"00, JAURES (RUE JEAN)",,,Plein jour,En agglomération,Intersection en T,Normale,Deux véhicules - côté,,,,,,,,,,,1,2,3,1.0,3
201300030858,0013-02-09 06:00:00,13,2,9,6,0,590,383,"20, BARBUSSE (AVENUE HEN",,,Nuit avec éclairage allumé,En agglomération,Hors intersection,Normale,Autre collision,,,,,,,,,,,5,2,1,1.0,6
201300030859,0013-03-11 16:00:00,13,3,11,16,0,590,544,"00, ROLEUR (RUE DU)",,,Plein jour,En agglomération,Hors intersection,Normale,Deux véhicules - frontale,,,,,,,,,,,1,2,1,1.0,1
201300030860,0013-03-08 21:10:00,13,3,8,21,10,590,479,142 rue Jean- Jaurès,50.39376,3.62964,Nuit avec éclairage allumé,En agglomération,Hors intersection,Normale,Autre collision,,,,,,,,,,,5,2,1,1.0,6
201300030861,0013-03-21 17:20:00,13,3,21,17,20,590,606,"180, HARPIGNIES (BOULEVA",,,Plein jour,En agglomération,Hors intersection,Normale,Autre collision,,,,,,,,,,,1,2,1,1.0,6
201300030862,0013-03-25 08:30:00,13,3,25,8,30,590,606,"00, ARMES (PLACE D')",,,Plein jour,En agglomération,Hors intersection,Normale,Autre collision,,,,,,,,,,,1,2,1,1.0,6
201300030863,0013-03-25 15:00:00,13,3,25,15,0,590,606,"00, RD 935 N",,,Plein jour,Hors agglomération,Hors intersection,Normale,Autre collision,,,,,,,,,,,1,1,1,1.0,6
201300030864,0013-03-15 10:20:00,13,3,15,10,20,590,606,"00, REPUBLIQUE (PLACE DE",,,Plein jour,En agglomération,Hors intersection,Normale,Autre collision,,,,,,,,,,,1,2,1,1.0,6
201300030865,0013-03-30 17:30:00,13,3,30,17,30,590,484,"00, JAURES (AVENUE JEAN)",,,Plein jour,En agglomération,Hors intersection,Normale,Deux véhicules - côté,,,,,,,,,,,1,2,1,1.0,3
201300030866,0013-03-05 17:15:00,13,3,5,17,15,590,606,"37, KILMAINE (RUE)",,,Plein jour,En agglomération,Intersection en X,Normale,Deux véhicules - côté,,,,,,,,,,,1,2,2,1.0,3
201300030867,0013-03-27 18:05:00,13,3,27,18,5,590,459,"00, ZAC AUCHAN",,,Plein jour,En agglomération,Hors intersection,Normale,Deux véhicules - côté,,,,,,,,,,,1,2,1,1.0,3
201300030868,0013-04-04 07:50:00,13,4,4,7,50,590,606,"00, EISEN (BOULEVARD)",,,Plein jour,En agglomération,Intersection en X,Normale,Autre collision,,,,,,,,,,,1,2,2,1.0,6
201300030869,0013-04-08 13:00:00,13,4,8,13,0,590,606,"00, POMPIDOU (AVENUE GEO",,,Plein jour,En agglomération,Hors intersection,Normale,Trois véhicules et plus - en chaîne,,,,,,,,,,,1,2,1,1.0,4
201300030870,0013-04-18 18:15:00,13,4,18,18,15,590,459,"00, 19 MARS 1962",,,Plein jour,En agglomération,Hors intersection,Normale,Autre collision,,,,,,,,,,,1,2,1,1.0,6
201300030871,0013-04-23 17:45:00,13,4,23,17,45,590,491,DURRE (RUE HENRI),,,Plein jour,En agglomération,Intersection en T,Normale,Autre collision,,,,,,,,,,,1,2,3,1.0,6
201300030872,0013-04-23 19:50:00,13,4,23,19,50,590,14,"00, FRANCE (AVENUE ANATO",,,Plein jour,En agglomération,Intersection en T,Normale,Autre collision,,,,,,,,,,,1,2,3,1.0,6
201300030873,0013-04-27 09:30:00,13,4,27,9,30,590,447,"5, PARMENTIER (RUE)",,,Plein jour,En agglomération,Intersection en T,Normale,Autre collision,,,,,,,,,,,1,2,3,1.0,6
201300030874,0013-04-15 12:00:00,13,4,15,12,0,590,112,"00, ROLLIN (RUE LEDRU)",,,Plein jour,En agglomération,Intersection en T,Normale,Deux véhicules - côté,,,,,,,,,,,1,2,3,1.0,3
201300030875,0013-04-10 11:30:00,13,4,10,11,30,590,459,MITTERAND (Fran?ois rue),,,Plein jour,Hors agglomération,Intersection en T,Normale,Deux véhicules - côté,,,,,,,,,,,1,1,3,1.0,3
201300030876,0013-05-23 19:15:00,13,5,23,19,15,590,606,"00, DESANDROUIN (AV) - S",,,Plein jour,En agglomération,Passage à niveau,Normale,Autre collision,,,,,,,,,,,1,2,8,1.0,6
201300030877,0013-05-28 16:20:00,13,5,28,16,20,590,491,"00, RD 70",,,Plein jour,En agglomération,Hors intersection,Normale,Autre collision,,,,,,,,,,,1,2,1,1.0,6
201300030878,0013-05-22 05:25:00,13,5,22,5,25,590,32,"00, RD 958",,,Plein jour,En agglomération,Hors intersection,Normale,Autre collision,,,,,,,,,,,1,2,1,1.0,6
201300030879,0013-06-07 17:40:00,13,6,7,17,40,590,383,"00, VOSGES (RUE DES)",,,Plein jour,En agglomération,Hors intersection,Normale,Autre collision,,,,,,,,,,,1,2,1,1.0,6
201300030880,0013-06-07 10:45:00,13,6,7,10,45,590,606,"00, HAINAUT (PLACE DU)",,,Plein jour,En agglomération,Hors intersection,Normale,Autre collision,,,,,,,,,,,1,2,1,1.0,6
201300030881,0013-05-27 10:10:00,13,5,27,10,10,590,606,"00, CAMBRAI (AVENUE DU F",,,Plein jour,En agglomération,Intersection en T,Normale,Deux véhicules - arrière,,,,,,,,,,,1,2,3,1.0,2
201300030882,0013-06-07 10:55:00,13,6,7,10,55,590,447,"00, JAURES (RUE JEAN)",,,Plein jour,En agglomération,Hors intersection,Normale,Autre collision,,,,,,,,,,,1,2,1,1.0,6
201300030883,0013-06-12 11:25:00,13,6,12,11,25,590,606,PATER (BOULEVARD),,,Plein jour,En agglomération,Hors intersection,Normale,Autre collision,,,,,,,,,,,1,2,1,1.0,6
201300030884,0013-06-21 09:05:00,13,6,21,9,5,590,606,"0, POMPIDOU (AVENUE GEOR",,,Plein jour,En agglomération,Hors intersection,Pluie légère,Deux véhicules - arrière,,,,,,,,,,,1,2,1,2.0,2
201300030885,0013-06-25 10:25:00,13,6,25,10,25,590,606,"00, PARIS (RUE DU FAUBOU",,,Plein jour,En agglomération,Hors intersection,Normale,Autre collision,,,,,,,,,,,1,2,1,1.0,6
201300030886,0013-06-25 14:15:00,13,6,25,14,15,590,606,"00, HUGO (PLACE VICTOR)",,,Plein jour,En agglomération,Hors intersection,Normale,Autre collision,,,,,,,,,,,1,2,1,1.0,6
201300030887,0013-07-03 17:40:00,13,7,3,17,40,590,603,"00, ORMES (RUE DES)",,,Plein jour,En agglomération,Hors intersection,Normale,Autre collision,,,,,,,,,,,1,2,1,1.0,6
201300030888,0013-07-03 16:20:00,13,7,3,16,20,590,160,SAINT AYBERT (ROUTE DE),,,Plein jour,Hors agglomération,Hors intersection,Normale,Autre collision,,,,,,,,,,,1,1,1,1.0,6
201300030889,0013-07-13 15:50:00,13,7,13,15,50,590,491,"14, SALENGRO (RUE ROGER)",,,Plein jour,En agglomération,Hors intersection,Normale,Autre collision,,,,,,,,,,,1,2,1,1.0,6
201300030890,0013-07-10 08:10:00,13,7,10,8,10,590,459,"00, 19 MARS 1962",,,Plein jour,En agglomération,Intersection en Y,Normale,Deux véhicules - côté,,,,,,,,,,,1,2,4,1.0,3
201300030891,0013-07-20 19:50:00,13,7,20,19,50,590,544,"0, JAURES (PASSAGE DE LA",,,Plein jour,En agglomération,Intersection en T,Normale,Autre collision,,,,,,,,,,,1,2,3,1.0,6
201300030892,0013-07-24 18:30:00,13,7,24,18,30,590,479,"0, RD 50",,,Plein jour,Hors agglomération,Hors intersection,Normale,Autre collision,,,,,,,,,,,1,1,1,1.0,6
201300030893,0013-07-26 07:10:00,13,7,26,7,10,590,32,"58, BREL (VILLA JACQUES)",,,Plein jour,En agglomération,Intersection en T,Normale,Deux véhicules - côté,,,,,,,,,,,1,2,3,1.0,3
201300030894,0013-07-02 07:50:00,13,7,2,7,50,590,447,ZONE INDUSTRIELLE N?9,,,Plein jour,Hors agglomération,Giratoire,Normale,Autre collision,,,,,,,,,,,1,1,6,1.0,6
201300030895,0013-07-26 18:55:00,13,7,26,18,55,590,606,"0, VIGNES (RES. LES) - L",,,Plein jour,En agglomération,Intersection en X,Normale,Deux véhicules - côté,,,,,,,,,,,1,2,2,1.0,3
201300030896,0013-08-01 20:05:00,13,8,1,20,5,590,14,"55, FRANCE (AVENUE ANATO",,,Plein jour,En agglomération,Hors intersection,Normale,Autre collision,,,,,,,,,,,1,2,1,1.0,6
201300030897,0013-08-06 12:15:00,13,8,6,12,15,590,491,"142, DURRE (RUE HENRI)",,,Plein jour,En agglomération,Intersection en T,Normale,Autre collision,,,,,,,,,,,1,2,3,1.0,6
201300030898,0013-08-06 20:35:00,13,8,6,20,35,590,491,"15 BIS, MOZART (RESIDENC",,,Plein jour,En agglomération,Hors intersection,Normale,Autre collision,,,,,,,,,,,1,2,1,1.0,6
201300030899,0013-07-20 08:45:00,13,7,20,8,45,590,606,"0, WINSTON CHURCHILL (PL",,,Plein jour,En agglomération,Giratoire,Normale,Deux véhicules - côté,,,,,,,,,,,1,2,6,1.0,3
201300030900,0013-08-14 02:00:00,13,8,14,2,0,590,606,DAMPIERRE (AVENUE),,,Nuit avec éclairage allumé,En agglomération,Intersection en X,Normale,Deux véhicules - côté,,,,,,,,,,,5,2,2,1.0,3
201300030901,0013-07-19 14:15:00,13,7,19,14,15,590,14,"0, HUGO (RUE VICTOR)",,,Plein jour,En agglomération,Intersection en T,Normale,Deux véhicules - côté,,,,,,,,,,,1,2,3,1.0,3
201300030902,0013-07-27 15:45:00,13,7,27,15,45,590,613,RD 50,,,Plein jour,Hors agglomération,Hors intersection,Normale,Autre collision,,,,,,,,,,,1,1,1,1.0,6
201300030903,0013-08-09 13:40:00,13,8,9,13,40,590,491,"25, DURRE (RUE HENRI)",,,Plein jour,En agglomération,Hors intersection,Normale,Autre collision,,,,,,,,,,,1,2,1,1.0,6
201300030904,0013-08-12 08:25:00,13,8,12,8,25,590,606,"0, GAMBETTA (RUE)",,,Plein jour,En agglomération,Intersection en T,Normale,Autre collision,,,,,,,,,,,1,2,3,1.0,6
201300030905,0013-07-16 14:45:00,13,7,16,14,45,590,606,"00, DELIVRANCE (RUE DE L",,,Plein jour,En agglomération,Hors intersection,Normale,Autre collision,,,,,,,,,,,1,2,1,1.0,6
201300030906,0013-07-23 15:30:00,13,7,23,15,30,590,606,"0, REPUBLIQUE (PLACE DE",,,Plein jour,En agglomération,Hors intersection,Normale,Autre collision,,,,,,,,,,,1,2,1,1.0,6
201300030907,0013-08-05 14:10:00,13,8,5,14,10,590,606,"31, GUISEZ (IMPASSE) - A",,,Plein jour,En agglomération,Hors intersection,Normale,Autre collision,,,,,,,,,,,1,2,1,1.0,6
201300030908,0013-09-14 17:20:00,13,9,14,17,20,590,14,"00, CARNOT (RUE)",,,Plein jour,En agglomération,Intersection en X,Normale,Deux véhicules - côté,,,,,,,,,,,1,2,2,1.0,3
201300030909,0013-09-11 17:10:00,13,9,11,17,10,590,613,"00, RD 50",,,Plein jour,Hors agglomération,Intersection en T,Normale,Deux véhicules - côté,,,,,,,,,,,1,1,3,1.0,3
201300030910,0013-08-21 17:10:00,13,8,21,17,10,590,369,"00, RD 40",,,Plein jour,Hors agglomération,Hors intersection,Normale,Autre collision,,,,,,,,,,,1,1,1,1.0,6
201300030911,0013-07-28 08:55:00,13,7,28,8,55,590,613,RD 50,,,Plein jour,Hors agglomération,Intersection en X,Normale,Deux véhicules - côté,,,,,,,,,,,1,1,2,1.0,3
201300030912,0013-10-08 21:30:00,13,10,8,21,30,590,459,ZAC AUCHAN,,,Nuit avec éclairage allumé,En agglomération,Hors intersection,Normale,Autre collision,,,,,,,,,,,5,2,1,1.0,6
201300030913,0013-10-04 20:30:00,13,10,4,20,30,590,606,"00, AUVERGNE (RUE D')",,,Nuit avec éclairage allumé,En agglomération,Hors intersection,Normale,Autre collision,,,,,,,,,,,5,2,1,1.0,6
201300030914,0013-10-14 18:20:00,13,10,14,18,20,590,491,GRAND'PLACE,,,Plein jour,En agglomération,Hors intersection,Normale,Autre collision,,,,,,,,,,,1,2,1,1.0,6
201300030915,0013-10-10 08:10:00,13,10,10,8,10,590,606,"0, PATER (BOULEVARD)",,,Crépuscule ou aube,En agglomération,Hors intersection,Temps couvert,Autre collision,,,,,,,,,,,2,2,1,8.0,6
201300030916,0013-11-01 06:15:00,13,11,1,6,15,590,479,"75, HUIT MAI 1945 CD50 (",,,Nuit sans éclairage public,En agglomération,Hors intersection,Normale,Autre collision,,,,,,,,,,,3,2,1,1.0,6
201300030917,0013-10-31 22:00:00,13,10,31,22,0,590,112,"0, VOLTAIRE (RUE)",,,Nuit avec éclairage allumé,En agglomération,Hors intersection,Normale,Autre collision,,,,,,,,,,,5,2,1,1.0,6
201300030918,0013-10-17 09:00:00,13,10,17,9,0,590,544,"00, JAURES (RUE JEAN)",,,Plein jour,En agglomération,Hors intersection,Normale,Autre collision,,,,,,,,,,,1,2,1,1.0,6
201300030919,0013-10-23 15:15:00,13,10,23,15,15,590,606,"02, WATTEAU (BOULEVARD)",,,Plein jour,En agglomération,Hors intersection,Normale,Autre collision,,,,,,,,,,,1,2,1,1.0,6
201300030920,0013-10-09 07:20:00,13,10,9,7,20,590,14,"00, CITE PROPRE (voie di",,,Nuit sans éclairage public,En agglomération,Hors intersection,Normale,Autre collision,,,,,,,,,,,3,2,1,1.0,6
201300030921,0013-10-29 10:10:00,13,10,29,10,10,590,383,"00, FLANDRES (AVENUE DES",,,Plein jour,En agglomération,Hors intersection,Normale,Autre collision,,,,,,,,,,,1,2,1,1.0,6
201300030922,0013-10-28 15:15:00,13,10,28,15,15,590,544,"00, RD 75",,,Plein jour,Hors agglomération,Intersection en X,Normale,Deux véhicules - côté,,,,,,,,,,,1,1,2,1.0,3
201300030923,0013-11-16 19:00:00,13,11,16,19,0,590,112,"00, MARRONNIERS (RUE DES",,,Nuit avec éclairage allumé,En agglomération,Intersection en X,Brouillard / fumée,Deux véhicules - côté,,,,,,,,,,,5,2,2,5.0,3
201300030924,0013-10-28 17:25:00,13,10,28,17,25,590,383,"00, CAMELINAT (RUE)",,,Nuit avec éclairage allumé,En agglomération,Intersection en T,Normale,Deux véhicules - côté,,,,,,,,,,,5,2,3,1.0,3
201300030925,0013-10-14 12:10:00,13,10,14,12,10,590,606,"00, ALLIES (BOULEVARD DE",,,Plein jour,En agglomération,Hors intersection,Normale,Autre collision,,,,,,,,,,,1,2,1,1.0,6
201300030926,0013-11-24 02:00:00,13,11,24,2,0,590,459,"2, PREVERT (RUE JACQUES)",,,Nuit avec éclairage allumé,En agglomération,Hors intersection,Normale,Autre collision,,,,,,,,,,,5,2,1,1.0,6
201300030927,0013-11-27 10:30:00,13,11,27,10,30,590,207,"42, MALANOYE (AVENUE DE",,,Plein jour,En agglomération,Intersection en X,Normale,Autre collision,,,,,,,,,,,1,2,2,1.0,6
201300030928,0013-09-26 16:40:00,13,9,26,16,40,590,207,RD 935 N,,,Plein jour,En agglomération,Hors intersection,Normale,Trois véhicules et plus - en chaîne,,,,,,,,,,,1,2,1,1.0,4
201300030929,0013-10-28 08:55:00,13,10,28,8,55,590,112,"697, JAURES (RUE JEAN)",,,Plein jour,En agglomération,Intersection en T,Pluie légère,Autre collision,,,,,,,,,,,1,2,3,2.0,6
201300030930,0013-10-30 13:55:00,13,10,30,13,55,590,606,"1, DENAIN (AVENUE DE)",,,Plein jour,En agglomération,Hors intersection,Normale,Autre collision,,,,,,,,,,,1,2,1,1.0,6
201300030931,0013-11-04 20:35:00,13,11,4,20,35,590,606,"0, LOMPREZ (RUE)",,,Nuit avec éclairage allumé,En agglomération,Hors intersection,Normale,Autre collision,,,,,,,,,,,5,2,1,1.0,6
201300030932,0013-11-07 07:05:00,13,11,7,7,5,590,606,"0, DAMPIERRE (PLACE)",,,Crépuscule ou aube,En agglomération,Hors intersection,Normale,Autre collision,,,,,,,,,,,2,2,1,1.0,6
201300030933,0013-12-06 17:40:00,13,12,6,17,40,590,491,"302, DUSART (RUE LEOPOLD",,,Crépuscule ou aube,En agglomération,Hors intersection,Normale,Autre collision,,,,,,,,,,,2,2,1,1.0,6
201300030934,0013-12-14 15:00:00,13,12,14,15,0,590,14,"488, JAURES (RUE JEAN)",,,Plein jour,En agglomération,Intersection en X,Normale,Autre collision,,,,,,,,,,,1,2,2,1.0,6
201300030935,0013-12-14 23:50:00,13,12,14,23,50,590,207,"37, WAGRET (CITE ADOLPHE",,,Nuit avec éclairage allumé,En agglomération,Hors intersection,Normale,Autre collision,,,,,,,,,,,5,2,1,1.0,6
201300030936,0013-12-29 19:25:00,13,12,29,19,25,590,479,"64, BERTHELOT (RUE MARCE",,,Nuit avec éclairage allumé,En agglomération,Hors intersection,Normale,Autre collision,,,,,,,,,,,5,2,1,1.0,6
201300030937,0013-09-21 15:00:00,13,9,21,15,0,680,112,Avenue du mar?chal Foch,47.91,7.218,Plein jour,En agglomération,Hors intersection,Normale,Deux véhicules - côté,,,,,,,,,,,1,2,1,1.0,3
201300030938,0013-10-02 18:45:00,13,10,2,18,45,680,112,Route de Bergholtz,,,Plein jour,En agglomération,Hors intersection,Normale,Autre collision,,,,,,,,,,,1,2,1,1.0,6
201300030939,0013-10-26 18:00:00,13,10,26,18,0,680,58,,47.941,7.174,Plein jour,Hors agglomération,Hors intersection,Normale,Trois véhicules et plus - collisions multiples,,,,,,,,,,,1,1,1,1.0,5
201300030940,0013-09-22 13:00:00,13,9,22,13,0,680,334,,47.88952,7.12033,Plein jour,Hors agglomération,Hors intersection,Temps éblouissant,Trois véhicules et plus - collisions multiples,,,,,,,,,,,1,1,1,7.0,5
201300030941,0013-12-14 17:15:00,13,12,14,17,15,680,315,29  rue du Vieil Armand,,,Nuit avec éclairage allumé,En agglomération,Hors intersection,Normale,Autre collision,,,,,,,,,,,5,2,1,1.0,6
201300030942,0013-12-18 19:15:00,13,12,18,19,15,410,194,ROUTE DE SELLES SUR CHER,,,Nuit avec éclairage allumé,En agglomération,Intersection en X,Normale,Deux véhicules - frontale,,,,,,,,,,,5,2,2,1.0,1
201300030943,0013-11-25 16:15:00,13,11,25,16,15,410,194,RUE DES THIBEAUDIERES,,,Plein jour,En agglomération,Intersection en X,Normale,Deux véhicules - frontale,,,,,,,,,,,1,2,2,1.0,1
201300030944,0013-11-24 02:00:00,13,11,24,2,0,410,34,,47.6225,1.50869,Nuit sans éclairage public,Hors agglomération,Hors intersection,Normale,Autre collision,,,,,,,,,,,3,1,1,1.0,6