accident_id,datetime,annee,mois,jour,heure,minute,departement,commune_insee,adresse,latitude,longitude,luminosite,agglomeration,intersection,meteo,collision,nb_vehicules,nb_usagers,nb_indemnes,nb_tues,nb_blesses_hosp,nb_blesses_legers,age_cond_1,age_cond_2,veh_type_cond_1,veh_type_cond_2,lum_code,agg_code,int_code,atm_code,col_code
201300031072,0013-04-24 14:35:00,13,4,24,14,35,620,41,"0, COURBET (PLACE)",,,Plein jour,En agglomération,Intersection en T,Normale,Deux véhicules - côté,,,,,,,,,,,1,2,3,1.0,3
201300031073,0013-05-02 08:07:00,13,5,2,8,7,620,41,"0, RUE DE BERLIN",50.28675,2.79848,Plein jour,En agglomération,Hors intersection,Normale,Sans collision,,,,,,,,,,,1,2,1,1.0,7
201300031074,0013-05-07 00:30:00,13,5,7,0,30,620,753,RD 950,,,Nuit sans éclairage public,Hors agglomération,Hors intersection,Pluie légère,Autre collision,,,,,,,,,,,3,1,1,2.0,6
201300031075,0013-05-06 08:45:00,13,5,6,8,45,620,41,"0, LIBERTE ( BD DE LA )",50.29687,2.76566,Plein jour,En agglomération,Intersection en X,Normale,Deux véhicules - côté,,,,,,,,,,,1,2,2,1.0,3
201300031076,0013-05-15 19:00:00,13,5,15,19,0,620,41,"0, TEMPLE",,,Plein jour,En agglomération,Intersection en X,Normale,Deux véhicules - côté,,,,,,,,,,,1,2,2,1.0,3
201300031077,0013-05-11 12:00:00,13,5,11,12,0,620,263,"0, MERMOZ(AVENUE JEAN)",,,Plein jour,En agglomération,Hors intersection,Normale,Sans collision,,,,,,,,,,,1,2,1,1.0,7
201300031078,0013-05-15 17:25:00,13,5,15,17,25,620,753,"4, RUE DU GENERAL BARBOT",,,Plein jour,En agglomération,Giratoire,Normale,Autre collision,,,,,,,,,,,1,2,6,1.0,6
201300031079,0013-05-21 21:30:00,13,5,21,21,30,620,764,RD 950,50.30555,2.78411,Nuit avec éclairage allumé,En agglomération,Intersection en Y,Autre,Sans collision,,,,,,,,,,,5,2,4,9.0,7
201300031080,0013-05-18 17:50:00,13,5,18,17,50,620,41,FAIDHERBE ( BD ),,,Plein jour,En agglomération,Intersection en T,Normale,Deux véhicules - côté,,,,,,,,,,,1,2,3,1.0,3
201300031081,0013-06-03 17:15:00,13,6,3,17,15,620,41,"47, BLD FAIDHERBE",,,Plein jour,En agglomération,Intersection en X,Normale,Deux véhicules - côté,,,,,,,,,,,1,2,2,1.0,3
201300031082,0013-05-29 17:55:00,13,5,29,17,55,620,41,TURENNE ( DE ),,,Plein jour,En agglomération,Hors intersection,Pluie légère,Sans collision,,,,,,,,,,,1,2,1,2.0,7
201300031083,0013-06-08 12:15:00,13,6,8,12,15,620,41,"0, COPERNIC",,,Plein jour,En agglomération,Hors intersection,Normale,Sans collision,,,,,,,,,,,1,2,1,1.0,7
201300031084,0013-06-24 23:25:00,13,6,24,23,25,620,764,LA PAIX (RUE),50.30587,2.79391,Nuit avec éclairage allumé,En agglomération,Hors intersection,Normale,Sans collision,,,,,,,,,,,5,2,1,1.0,7
201300031085,0013-07-13 21:40:00,13,7,13,21,40,620,263,"1, RUE D' ARRAS",,,Plein jour,En agglomération,Hors intersection,Normale,Autre collision,,,,,,,,,,,1,2,1,1.0,6
201300031086,0013-07-19 11:50:00,13,7,19,11,50,620,753,"0, IMMERCOURT (AV. D')",,,Plein jour,Hors agglomération,Intersection en T,Normale,Deux véhicules - frontale,,,,,,,,,,,1,1,3,1.0,1
201300031087,0013-07-25 15:00:00,13,7,25,15,0,620,41,"0, LOBBEDEZ ( AV. FERNAN",,,Plein jour,En agglomération,Intersection en T,Normale,Deux véhicules - côté,,,,,,,,,,,1,2,3,1.0,3
201300031088,0013-07-18 12:20:00,13,7,18,12,20,620,753,RD 950,,,Plein jour,Hors agglomération,Hors intersection,Normale,Deux véhicules - côté,,,,,,,,,,,1,1,1,1.0,3
201300031089,0013-08-04 11:20:00,13,8,4,11,20,620,41,"0, DAMBRINE",,,Plein jour,En agglomération,Giratoire,Normale,Deux véhicules - côté,,,,,,,,,,,1,2,6,1.0,3
201300031090,0013-08-24 00:15:00,13,8,24,0,15,620,41,MEAULENS,,,Nuit avec éclairage allumé,En agglomération,Hors intersection,Normale,Autre collision,,,,,,,,,,,5,2,1,1.0,6
201300031091,0013-08-27 00:01:00,13,8,27,0,1,620,263,"29, CALMETTE(RUE ALBERT)",,,Nuit avec éclairage allumé,En agglomération,Hors intersection,Normale,Sans collision,,,,,,,,,,,5,2,1,1.0,7
201300031092,0013-09-04 12:00:00,13,9,4,12,0,620,41,LIBERTE ( BD DE LA ),,,Plein jour,En agglomération,Hors intersection,Normale,Autre collision,,,,,,,,,,,1,2,1,1.0,6
201300031093,0013-09-10 09:50:00,13,9,10,9,50,620,41,"64, MEAULENS",50.29531,2.77166,Plein jour,En agglomération,Hors intersection,Temps éblouissant,Autre collision,,,,,,,,,,,1,2,1,7.0,6
201300031094,0013-09-12 08:30:00,13,9,12,8,30,620,41,BLD DE STRASBOURG,,,Plein jour,En agglomération,Intersection en X,Normale,Autre collision,,,,,,,,,,,1,2,2,1.0,6
201300031095,0013-09-16 16:55:00,13,9,16,16,55,620,263,RN 25,,,Plein jour,Hors agglomération,Hors intersection,Normale,Deux véhicules - frontale,,,,,,,,,,,1,1,1,1.0,1
201300031096,0013-09-24 18:10:00,13,9,24,18,10,620,764,RD 917,50.30809,2.78324,Plein jour,Hors agglomération,Hors intersection,Normale,Trois véhicules et plus - en chaîne,,,,,,,,,,,1,1,1,1.0,4
201300031097,0013-09-22 21:10:00,13,9,22,21,10,620,764,RD 917,,,Nuit avec éclairage allumé,Hors agglomération,Hors intersection,Normale,Deux véhicules - arrière,,,,,,,,,,,5,1,1,1.0,2
201300031098,0013-09-05 07:45:00,13,9,5,7,45,620,41,"0, CARNOT (BD)",50.28737,,Plein jour,En agglomération,Intersection en T,Normale,Deux véhicules - côté,,,,,,,,,,,1,2,3,1.0,3
201300031099,0013-09-24 11:25:00,13,9,24,11,25,620,4,PLANQUETTES ( DES ),,,Plein jour,En agglomération,Hors intersection,Normale,Deux véhicules - côté,,,,,,,,,,,1,2,1,1.0,3
201300031100,0013-09-29 19:30:00,13,9,29,19,30,620,753,RD 950,,,Crépuscule ou aube,Hors agglomération,Hors intersection,Normale,Autre collision,,,,,,,,,,,2,1,1,1.0,6
201300031101,0013-10-05 04:40:00,13,10,5,4,40,620,744,"45, Chauss?e Brunehaut",,,Nuit avec éclairage allumé,En agglomération,Hors intersection,Normale,Sans collision,,,,,,,,,,,5,2,1,1.0,7
201300031102,0013-10-21 12:30:00,13,10,21,12,30,620,41,"17, CARNOT (BD)",,,Plein jour,En agglomération,Hors intersection,Temps couvert,Deux véhicules - arrière,,,,,,,,,,,1,2,1,8.0,2
201300031103,0013-11-17 18:55:00,13,11,17,18,55,620,744,RD 937,,,Nuit sans éclairage public,Hors agglomération,Hors intersection,Normale,Autre collision,,,,,,,,,,,3,1,1,1.0,6
201300031104,0013-12-01 12:45:00,13,12,1,12,45,620,41,NOTRE DAME DE LORETTE,,,Plein jour,En agglomération,Intersection en T,Normale,Deux véhicules - arrière,,,,,,,,,,,1,2,3,1.0,2
201300031105,0013-12-27 21:40:00,13,12,27,21,40,620,41,"60, WINSTON CHURCHILL (A",,,Nuit avec éclairage allumé,En agglomération,Hors intersection,Pluie légère,Autre collision,,,,,,,,,,,5,2,1,2.0,6
201300031106,0013-01-19 17:00:00,13,1,19,17,0,620,48,CD 183 E,,,Crépuscule ou aube,En agglomération,Intersection en T,Neige / grêle,Deux véhicules - côté,,,,,,,,,,,2,2,3,4.0,3
201300031107,0013-01-31 10:55:00,13,1,31,10,55,620,48,ROUTE DEPARTEMENTALE 183,,,Plein jour,En agglomération,Giratoire,Pluie forte,Deux véhicules - côté,,,,,,,,,,,1,2,6,3.0,3
201300031108,0013-02-09 21:40:00,13,2,9,21,40,620,516,ROUTE NATIONALE 43,,,Nuit avec éclairage allumé,Hors agglomération,Giratoire,Normale,Deux véhicules - côté,,,,,,,,,,,5,1,6,1.0,3
201300031109,0013-02-12 08:05:00,13,2,12,8,5,620,48,CD 183 E,,,Plein jour,En agglomération,Intersection à plus de 4 branches,Neige / grêle,Trois véhicules et plus - collisions multiples,,,,,,,,,,,1,2,5,4.0,5
201300031110,0013-02-17 06:25:00,13,2,17,6,25,620,516,ROUTE NATIONALE 43,,,Crépuscule ou aube,Hors agglomération,Hors intersection,Brouillard / fumée,Autre collision,,,,,,,,,,,2,1,1,5.0,6
201300031111,0013-03-03 08:55:00,13,3,3,8,55,620,328,"10, BRUNEHAUT (CHAUSSEE)",,,Plein jour,En agglomération,Hors intersection,Normale,Deux véhicules - arrière,,,,,,,,,,,1,2,1,1.0,2
201300031112,0013-03-10 14:10:00,13,3,10,14,10,620,48,ROUTE DEPARTEMENTALE 183,,,Plein jour,En agglomération,Hors intersection,Normale,Autre collision,,,,,,,,,,,1,2,1,1.0,6
201300031113,0013-03-08 19:00:00,13,3,8,19,0,620,516,ROUTE NATIONALE 43,,,Nuit avec éclairage allumé,Hors agglomération,Giratoire,Pluie légère,Deux véhicules - côté,,,,,,,,,,,5,1,6,2.0,3
201300031114,0013-03-23 10:30:00,13,3,23,10,30,620,516,ROUTE NATIONALE 43,,,Plein jour,Hors agglomération,Intersection en T,Normale,Deux véhicules - côté,,,,,,,,,,,1,1,3,1.0,3
201300031115,0013-04-05 10:40:00,13,4,5,10,40,620,217,NATIONALE (ROUTE),50.50807,2.4395,Plein jour,En agglomération,Intersection en X,Normale,Deux véhicules - côté,,,,,,,,,,,1,2,2,1.0,3
201300031116,0013-05-06 09:50:00,13,5,6,9,50,620,48,"140, LAMENDIN (ARTHUR)",,,Plein jour,En agglomération,Hors intersection,Normale,Autre collision,,,,,,,,,,,1,2,1,1.0,6
201300031117,0013-04-12 14:20:00,13,4,12,14,20,620,516,ROUTE NATIONALE 43,,,Plein jour,Hors agglomération,Hors intersection,Vent fort / tempête,Autre collision,,,,,,,,,,,1,1,1,6.0,6
201300031118,0013-06-07 17:55:00,13,6,7,17,55,620,188,LILLERS (DE),,,Plein jour,En agglomération,Hors intersection,Normale,Autre collision,,,,,,,,,,,1,2,1,1.0,6
201300031119,0013-06-19 08:10:00,13,6,19,8,10,620,516,ROUTE NATIONALE 43,,,Plein jour,Hors agglomération,Hors intersection,Normale,Deux véhicules - côté,,,,,,,,,,,1,1,1,1.0,3
201300031120,0013-06-12 14:10:00,13,6,12,14,10,620,516,ROUTE NATIONALE 43,50.56707,2.49445,Plein jour,Hors agglomération,Intersection en T,Normale,Deux véhicules - côté,,,,,,,,,,,1,1,3,1.0,3
201300031121,0013-08-04 18:45:00,13,8,4,18,45,620,188,ROUTE DEPARTEMENTALE 183,50.52188,2.64638,Plein jour,Hors agglomération,Hors intersection,Normale,Trois véhicules et plus - collisions multiples,,,,,,,,,,,1,1,1,1.0,5
201300031122,0013-11-03 11:40:00,13,11,3,11,40,620,328,"8, 19 MARS 1962",,,Plein jour,En agglomération,Hors intersection,Pluie légère,Deux véhicules - frontale,,,,,,,,,,,1,2,1,2.0,1
201300031123,0013-11-14 17:40:00,13,11,14,17,40,620,48,EGALITE (DE L'),,,Nuit avec éclairage allumé,En agglomération,Intersection en T,Pluie légère,Deux véhicules - côté,,,,,,,,,,,5,2,3,2.0,3
201300031124,0013-11-16 08:00:00,13,11,16,8,0,620,516,ROUTE NATIONALE 43,,,Nuit avec éclairage allumé,Hors agglomération,Giratoire,Brouillard / fumée,Autre collision,,,,,,,,,,,5,1,6,5.0,6
201300031125,0013-10-18 06:30:00,13,10,18,6,30,620,48,"166, BEUGNET (CASIMIR)",,,Crépuscule ou aube,En agglomération,Intersection en T,Pluie légère,Autre collision,,,,,,,,,,,2,2,3,2.0,6
201300031126,0013-12-16 14:20:00,13,12,16,14,20,620,516,PARIS ( Bld) DE,50.54633,2.47135,Plein jour,En agglomération,Hors intersection,Normale,Deux véhicules - arrière,,,,,,,,,,,1,2,1,1.0,2
201300031127,0013-12-15 11:40:00,13,12,15,11,40,620,188,"76, HURIONVILLE (D')",,,Plein jour,En agglomération,Hors intersection,Normale,Deux véhicules - arrière,,,,,,,,,,,1,2,1,1.0,2
201300031128,0013-12-24 13:45:00,13,12,24,13,45,620,48,CD 183 E,,,Plein jour,Hors agglomération,Hors intersection,Pluie forte,Deux véhicules - frontale,,,,,,,,,,,1,1,1,3.0,1
201300031129,0013-08-18 00:25:00,13,8,18,0,25,620,516,DE LATTRE DE TASSIGNY,,,Nuit avec éclairage allumé,En agglomération,Intersection en Y,Normale,Autre collision,,,,,,,,,,,5,2,4,1.0,6
201300031130,0013-10-09 21:25:00,13,10,9,21,25,620,516,"1, ROUTE NATIONALE 43",,,Nuit sans éclairage public,Hors agglomération,Hors intersection,Normale,Deux véhicules - côté,,,,,,,,,,,3,1,1,1.0,3
201300031131,0013-01-15 18:20:00,13,1,15,18,20,620,724,CD 40,,,Nuit sans éclairage public,Hors agglomération,Hors intersection,Temps couvert,Deux véhicules - côté,,,,,,,,,,,3,1,1,8.0,3
201300031132,0013-03-06 18:20:00,13,3,6,18,20,620,65,"21, GHESQUIERES",,,Crépuscule ou aube,En agglomération,Hors intersection,Normale,Sans collision,,,,,,,,,,,2,2,1,1.0,7
201300031133,0013-03-08 10:20:00,13,3,8,10,20,620,65,RD 917,,,Plein jour,Hors agglomération,Hors intersection,Temps couvert,Deux véhicules - arrière,,,,,,,,,,,1,1,1,8.0,2
201300031134,0013-04-02 13:00:00,13,4,2,13,0,620,65,"0, EPARGES",50.40631,2.82089,Plein jour,En agglomération,Intersection en T,Normale,Deux véhicules - côté,,,,,,,,,,,1,2,3,1.0,3
201300031135,0013-04-03 15:00:00,13,4,3,15,0,620,277,"217, ARRAS",,,Plein jour,En agglomération,Hors intersection,Normale,Sans collision,,,,,,,,,,,1,2,1,1.0,7
201300031136,0013-04-23 22:00:00,13,4,23,22,0,620,65,LEFEBVRE (FRANCOIS),,,Nuit avec éclairage allumé,En agglomération,Hors intersection,Normale,Deux véhicules - arrière,,,,,,,,,,,5,2,1,1.0,2
201300031137,0013-05-22 09:50:00,13,5,22,9,50,620,65,"41, BOVE ALEXANDRE",50.41236,2.83588,Plein jour,En agglomération,Intersection en X,Normale,Autre collision,,,,,,,,,,,1,2,2,1.0,6
201300031138,0013-05-26 08:45:00,13,5,26,8,45,620,724,CD 40,,,Plein jour,En agglomération,Giratoire,Normale,Deux véhicules - côté,,,,,,,,,,,1,2,6,1.0,3
201300031139,0013-06-02 21:30:00,13,6,2,21,30,620,570,"2, BULTOT (PAUL)",,,Plein jour,En agglomération,Intersection en Y,Normale,Sans collision,,,,,,,,,,,1,2,4,1.0,7
201300031140,0013-06-04 11:40:00,13,6,4,11,40,620,65,"000, THUMERELLE ACHILLE",50.40943,2.81901,Plein jour,En agglomération,Intersection en X,Normale,Trois véhicules et plus - collisions multiples,,,,,,,,,,,1,2,2,1.0,5
201300031141,0013-06-23 16:25:00,13,6,23,16,25,620,65,"82, PERI (GABRIEL BD)",,,Plein jour,En agglomération,Hors intersection,Normale,Deux véhicules - côté,,,,,,,,,,,1,2,1,1.0,3
201300031142,0013-07-09 14:00:00,13,7,9,14,0,620,65,"179, MARTEL HENRI (BOULE",,,Plein jour,En agglomération,Hors intersection,Normale,Deux véhicules - arrière,,,,,,,,,,,1,2,1,1.0,2
201300031143,0013-07-04 17:20:00,13,7,4,17,20,620,277,ARRAS,,,Plein jour,En agglomération,Giratoire,Normale,Deux véhicules - côté,,,,,,,,,,,1,2,6,1.0,3
201300031144,0013-07-21 09:40:00,13,7,21,9,40,620,570,"63, ROBESPIERRE",,,Plein jour,En agglomération,Hors intersection,Normale,Deux véhicules - arrière,,,,,,,,,,,1,2,1,1.0,2
201300031145,0013-08-05 19:00:00,13,8,5,19,0,620,65,GHESQUIERES,50.40352,2.80597,Plein jour,Hors agglomération,Hors intersection,Normale,Deux véhicules - côté,,,,,,,,,,,1,1,1,1.0,3
201300031146,0013-08-14 16:15:00,13,8,14,16,15,620,65,"9, FRANCE (BOULEVARD ANA",,,Plein jour,En agglomération,Hors intersection,Normale,Deux véhicules - côté,,,,,,,,,,,1,2,1,1.0,3
201300031147,0013-08-30 10:00:00,13,8,30,10,0,620,65,BARBUSSE ( ROND POINT HE,,,Plein jour,En agglomération,Giratoire,Normale,Deux véhicules - côté,,,,,,,,,,,1,2,6,1.0,3
201300031148,0013-09-26 17:45:00,13,9,26,17,45,620,570,D 262,50.40657,2.86738,Crépuscule ou aube,En agglomération,Hors intersection,Normale,Deux véhicules - frontale,,,,,,,,,,,2,2,1,1.0,1
201300031149,0013-10-15 17:35:00,13,10,15,17,35,620,65,"72, VERDUN(BD)",,,Plein jour,En agglomération,Hors intersection,Normale,Autre collision,,,,,,,,,,,1,2,1,1.0,6
201300031150,0013-10-31 09:30:00,13,10,31,9,30,620,570,"00, FLOHA (AVENUE DE )",,,Plein jour,En agglomération,Hors intersection,Temps éblouissant,Deux véhicules - frontale,,,,,,,,,,,1,2,1,7.0,1
201300031151,0013-11-09 15:00:00,13,11,9,15,0,620,65,THUMERELLE ACHILLE,50.40936,2.81894,Plein jour,En agglomération,Intersection en X,Pluie légère,Trois véhicules et plus - collisions multiples,,,,,,,,,,,1,2,2,2.0,5
201300031152,0013-11-13 10:05:00,13,11,13,10,5,620,570,PASTEUR,,,Plein jour,En agglomération,Intersection en T,Normale,Deux véhicules - côté,,,,,,,,,,,1,2,3,1.0,3
201300031153,0013-11-16 01:50:00,13,11,16,1,50,620,570,"1, MOUSSERON (JULES)",,,Nuit avec éclairage allumé,En agglomération,Intersection en T,Brouillard / fumée,Sans collision,,,,,,,,,,,5,2,3,5.0,7
201300031154,0013-12-05 08:00:00,13,12,5,8,0,620,570,"2, FUSILLES",50.40288,2.86042,Crépuscule ou aube,En agglomération,Hors intersection,Autre,Autre collision,,,,,,,,,,,2,2,1,9.0,6
201300031155,0013-12-09 17:40:00,13,12,9,17,40,620,570,CD 40,,,Nuit avec éclairage allumé,En agglomération,Intersection en X,Normale,Trois véhicules et plus - collisions multiples,,,,,,,,,,,5,2,2,1.0,5
201300031156,0013-12-09 12:50:00,13,12,9,12,50,620,724,D 46,,,Plein jour,En agglomération,Intersection en X,Normale,Deux véhicules - côté,,,,,,,,,,,1,2,2,1.0,3
201300031157,0013-12-29 18:25:00,13,12,29,18,25,620,724,"12, MOULIN",,,Nuit avec éclairage allumé,En agglomération,Hors intersection,Normale,Autre collision,,,,,,,,,,,5,2,1,1.0,6
201300031158,0013-02-09 10:30:00,13,2,9,10,30,620,108,"49, IMPERATRICE",,,Plein jour,En agglomération,Hors intersection,Normale,Autre collision,,,,,,,,,,,1,2,1,1.0,6
201300031159,0013-06-03 09:00:00,13,6,3,9,0,620,688,MERLIMONT (ROUTE DE),,,Plein jour,En agglomération,Hors intersection,Normale,Sans collision,,,,,,,,,,,1,2,1,1.0,7
201300031160,0013-04-21 11:15:00,13,4,21,11,15,620,108,"0, DOCTEUR QUETTIER",,,Plein jour,En agglomération,Intersection en X,Normale,Deux véhicules - côté,,,,,,,,,,,1,2,2,1.0,3
201300031161,0013-05-26 08:50:00,13,5,26,8,50,620,108,"137, IMPERATRICE",,,Plein jour,En agglomération,Intersection en T,Normale,Sans collision,,,,,,,,,,,1,2,3,1.0,7
201300031162,0013-07-07 11:00:00,13,7,7,11,0,620,688,"2629, BERCK (ROUTE DE)",,,Plein jour,En agglomération,Intersection en X,Normale,Deux véhicules - côté,,,,,,,,,,,1,2,2,1.0,3
201300031163,0013-06-17 08:00:00,13,6,17,8,0,620,108,DOCTEUR JOSEPH FOUCHET,50.41258,1.56784,Crépuscule ou aube,En agglomération,Intersection en T,Pluie légère,Deux véhicules - côté,,,,,,,,,,,2,2,3,2.0,3
201300031164,0013-07-23 11:15:00,13,7,23,11,15,620,108,SAINT EXUPERY,50.40252,1.55921,Plein jour,En agglomération,Intersection en X,Normale,Autre collision,,,,,,,,,,,1,2,2,1.0,6
201300031165,0013-12-09 17:10:00,13,12,9,17,10,620,108,"54, IMPERATRICE",,,Crépuscule ou aube,En agglomération,Hors intersection,Normale,Autre collision,,,,,,,,,,,2,2,1,1.0,6
201300031166,0013-12-22 02:20:00,13,12,22,2,20,620,119,POINCARE   ( BOULEVARD R,,,Nuit avec éclairage allumé,En agglomération,Giratoire,Pluie légère,Deux véhicules - côté,,,,,,,,,,,5,2,6,2.0,3
201300031167,0013-01-26 06:05:00,13,1,26,6,5,620,126,"13, HAUTE ( RUE )",50.52707,2.72096,Crépuscule ou aube,En agglomération,Hors intersection,Neige / grêle,Autre collision,,,,,,,,,,,2,2,1,4.0,6
201300031168,0013-01-31 22:40:00,13,1,31,22,40,620,276,cd 941,50.5221,2.83319,Nuit avec éclairage allumé,Hors agglomération,Giratoire,Normale,Sans collision,,,,,,,,,,,5,1,6,1.0,7
201300031169,0013-02-22 16:00:00,13,2,22,16,0,620,836,D 86,,,Plein jour,Hors agglomération,Giratoire,Neige / grêle,Sans collision,,,,,,,,,,,1,1,6,4.0,7
201300031170,0013-03-15 15:10:00,13,3,15,15,10,620,119,BERTHELOT ( RUE MARCELLI,50.52994,2.64483,Plein jour,En agglomération,Intersection en T,Normale,Sans collision,,,,,,,,,,,1,2,3,1.0,7
201300031171,0013-03-24 02:55:00,13,3,24,2,55,620,119,"54, MOLLET ( RUE GUY )",,,Nuit avec éclairage allumé,En agglomération,Hors intersection,Normale,Sans collision,,,,,,,,,,,5,2,1,1.0,7
201300031172,0013-03-30 23:40:00,13,3,30,23,40,620,132,"100, DE GAULLE ( RUE DU",,,Nuit avec éclairage allumé,En agglomération,Hors intersection,Normale,Autre collision,,,,,,,,,,,5,2,1,1.0,6
201300031173,0013-04-19 18:25:00,13,4,19,18,25,620,119,PEPIN (IMPASSE),50.53925,2.62787,Plein jour,En agglomération,Giratoire,Normale,Deux véhicules - côté,,,,,,,,,,,1,2,6,1.0,3
201300031174,0013-05-24 22:05:00,13,5,24,22,5,620,126,"30, route nationale",,,Nuit avec éclairage allumé,En agglomération,Hors intersection,Temps couvert,Autre collision,,,,,,,,,,,5,2,1,8.0,6
201300031175,0013-06-01 13:10:00,13,6,1,13,10,620,626,ANNEQUIN ( ROUTE D' ),50.49743,2.7293,Plein jour,Hors agglomération,Hors intersection,Normale,Deux véhicules - côté,,,,,,,,,,,1,1,1,1.0,3
201300031176,0013-06-01 11:30:00,13,6,1,11,30,620,330,"1080, GRANDE RUE ( LA )",,,Plein jour,En agglomération,Hors intersection,Normale,Deux véhicules - frontale,,,,,,,,,,,1,2,1,1.0,1
201300031177,0013-06-01 17:15:00,13,6,1,17,15,620,349,GRARD ( RUE ),50.51896,2.59503,Plein jour,Hors agglomération,Hors intersection,Normale,Deux véhicules - côté,,,,,,,,,,,1,1,1,1.0,3
201300031178,0013-06-15 04:20:00,13,6,15,4,20,620,262,BASLY ( RUE ),,,Crépuscule ou aube,En agglomération,Hors intersection,Normale,Sans collision,,,,,,,,,,,2,2,1,1.0,7
201300031179,0013-07-05 10:20:00,13,7,5,10,20,620,350,941(CD),,,Plein jour,Hors agglomération,Giratoire,Normale,Deux véhicules - côté,,,,,,,,,,,1,1,6,1.0,3
201300031180,0013-07-11 20:00:00,13,7,11,20,0,620,119,EGALITE ( RUE DE L' ),,,Plein jour,En agglomération,Intersection en X,Normale,Autre collision,,,,,,,,,,,1,2,2,1.0,6
201300031181,0013-07-15 12:45:00,13,7,15,12,45,620,119,PONT DES DAMES ( AVENUE,,,Plein jour,En agglomération,Hors intersection,Normale,Autre collision,,,,,,,,,,,1,2,1,1.0,6
201300031182,0013-07-24 14:00:00,13,7,24,14,0,620,132,"6, DE GAULLE ( RUE DU GE",,,Plein jour,En agglomération,Hors intersection,Normale,Autre collision,,,,,,,,,,,1,2,1,1.0,6
201300031183,0013-07-30 14:35:00,13,7,30,14,35,620,119,"547, AIRE ( RUE D' )",,,Plein jour,En agglomération,Hors intersection,Pluie légère,Deux véhicules - arrière,,,,,,,,,,,1,2,1,2.0,2
201300031184,0013-07-29 19:20:00,13,7,29,19,20,620,262,BASLY ( RUE ),,,Plein jour,En agglomération,Hors intersection,Temps couvert,Autre collision,,,,,,,,,,,1,2,1,8.0,6
201300031185,0013-08-19 10:18:00,13,8,19,10,18,620,119,"612, JUIN ( RUE DU MAREC",,,Plein jour,En agglomération,Hors intersection,Normale,Autre collision,,,,,,,,,,,1,2,1,1.0,6
201300031186,0013-08-14 15:10:00,13,8,14,15,10,620,35,SALENGRO ( RUE ROGER ),,,Plein jour,En agglomération,Hors intersection,Normale,Deux véhicules - côté,,,,,,,,,,,1,2,1,1.0,3
201300031187,0013-09-07 02:40:00,13,9,7,2,40,620,119,LILLE ( RUE DE ),,,Nuit avec éclairage allumé,En agglomération,Autre intersection,Normale,Autre collision,,,,,,,,,,,5,2,9,1.0,6
201300031188,0013-09-16 03:55:00,13,9,16,3,55,620,276,DULIEUX ( RUE DU CAPITAI,,,Nuit sans éclairage public,Hors agglomération,Hors intersection,Normale,Autre collision,,,,,,,,,,,3,1,1,1.0,6
201300031189,0013-09-30 18:15:00,13,9,30,18,15,620,119,MICHELET ( RUE ),,,Plein jour,En agglomération,Intersection en T,Normale,Trois véhicules et plus - en chaîne,,,,,,,,,,,1,2,3,1.0,4
201300031190,0013-09-30 12:55:00,13,9,30,12,55,620,119,HUGO ( RUE VICTOR ),,,Plein jour,En agglomération,Intersection en X,Normale,Autre collision,,,,,,,,,,,1,2,2,1.0,6
201300031191,0013-09-13 06:40:00,13,9,13,6,40,620,848,"79, DESMAZIERES",,,Crépuscule ou aube,En agglomération,Hors intersection,Normale,Autre collision,,,,,,,,,,,2,2,1,1.0,6
201300031192,0013-09-29 18:00:00,13,9,29,18,0,620,200,"10, CD 941",,,Plein jour,En agglomération,Hors intersection,Normale,Autre collision,,,,,,,,,,,1,2,1,1.0,6
201300031193,0013-10-14 16:15:00,13,10,14,16,15,620,126,BRIAND ( RUE ARISTIDE ),,,Plein jour,En agglomération,Hors intersection,Normale,Deux véhicules - côté,,,,,,,,,,,1,2,1,1.0,3
201300031194,0013-10-19 19:10:00,13,10,19,19,10,620,119,CD 943,,,Nuit sans éclairage public,Hors agglomération,Hors intersection,Pluie légère,Deux véhicules - frontale,,,,,,,,,,,3,1,1,2.0,1
201300031195,0013-10-16 18:25:00,13,10,16,18,25,620,262,FRANCE ( RUE ANATOLE ),,,Nuit avec éclairage allumé,En agglomération,Hors intersection,Normale,Deux véhicules - côté,,,,,,,,,,,5,2,1,1.0,3
201300031196,0013-10-22 08:00:00,13,10,22,8,0,620,846,CD 165,,,Plein jour,Hors agglomération,Hors intersection,Normale,Deux véhicules - côté,,,,,,,,,,,1,1,1,1.0,3
201300031197,0013-11-10 16:15:00,13,11,10,16,15,620,119,"624, POINCARE   ( BOULEV",,,Plein jour,En agglomération,Hors intersection,Temps couvert,Autre collision,,,,,,,,,,,1,2,1,8.0,6
201300031198,0013-11-23 21:20:00,13,11,23,21,20,620,51,HUMBLOT IGNACE ( RUE ),,,Nuit avec éclairage allumé,En agglomération,Autre intersection,Normale,Sans collision,,,,,,,,,,,5,2,9,1.0,7
201300031199,0013-12-19 10:00:00,13,12,19,10,0,620,126,LECLERC ( RUE DU GENERAL,50.51428,2.69307,Plein jour,En agglomération,Hors intersection,Normale,Autre collision,,,,,,,,,,,1,2,1,1.0,6
201300031200,0013-12-28 16:45:00,13,12,28,16,45,620,841,"84, MENDES FRANCE ( RUE",,,Plein jour,En agglomération,Hors intersection,Normale,Deux véhicules - côté,,,,,,,,,,,1,2,1,1.0,3
201300031201,0013-03-03 10:00:00,13,3,3,10,0,620,119,PARIS ( AVENUE DE ),,,Plein jour,En agglomération,Hors intersection,Normale,Deux véhicules - frontale,,,,,,,,,,,1,2,1,1.0,1