accident_id,datetime,annee,mois,jour,heure,minute,departement,commune_insee,adresse,latitude,longitude,luminosite,agglomeration,intersection,meteo,collision,nb_vehicules,nb_usagers,nb_indemnes,nb_tues,nb_blesses_hosp,nb_blesses_legers,age_cond_1,age_cond_2,veh_type_cond_1,veh_type_cond_2,lum_code,agg_code,int_code,atm_code,col_code
201300031202,0013-01-11 14:35:00,13,1,11,14,35,620,160,"39, CLOCHEVILLE (Bld de)",50.728,1.60775,Plein jour,En agglomération,Hors intersection,Normale,Sans collision,,,,,,,,,,,1,2,1,1.0,7
201300031203,0013-02-06 18:15:00,13,2,6,18,15,620,755,"50, CROQUELOIS ( Av. du",50.68788,1.62596,Nuit avec éclairage allumé,En agglomération,Hors intersection,Pluie forte,Deux véhicules - côté,,,,,,,,,,,5,2,1,3.0,3
201300031204,0013-02-10 05:40:00,13,2,10,5,40,620,894,C.D. 96e,50.74864,1.62729,Nuit sans éclairage public,Hors agglomération,Giratoire,Normale,Autre collision,,,,,,,,,,,3,1,6,1.0,6
201300031205,0013-02-26 09:20:00,13,2,26,9,20,620,758,"320, SAINT OMER ( Route",,,Plein jour,En agglomération,Hors intersection,Normale,Autre collision,,,,,,,,,,,1,2,1,1.0,6
201300031206,0013-03-02 12:42:00,13,3,2,12,42,620,160,FAIDHERBE (Rue),,,Plein jour,En agglomération,Intersection en X,Normale,Deux véhicules - côté,,,,,,,,,,,1,2,2,1.0,3
201300031207,0013-03-09 20:15:00,13,3,9,20,15,620,160,CHEMIN VERT (Rue du),50.73319,1.60243,Nuit avec éclairage allumé,En agglomération,Intersection en T,Normale,Deux véhicules - côté,,,,,,,,,,,5,2,3,1.0,3
201300031208,0013-03-20 17:30:00,13,3,20,17,30,620,643,"10, INDUSTRIEL ( Bld)",,,Plein jour,En agglomération,Hors intersection,Normale,Autre collision,,,,,,,,,,,1,2,1,1.0,6
201300031209,0013-05-06 12:00:00,13,5,6,12,0,620,160,"20, CHEMIN VERT (Rue du)",50.7343,1.60508,Plein jour,En agglomération,Hors intersection,Normale,Autre collision,,,,,,,,,,,1,2,1,1.0,6
201300031210,0013-05-12 18:45:00,13,5,12,18,45,620,160,"31, EURVIN (Bld)",,,Plein jour,En agglomération,Intersection en T,Pluie légère,Autre collision,,,,,,,,,,,1,2,3,2.0,6
201300031211,0013-05-01 23:00:00,13,5,1,23,0,620,667,GOURNAY ( Rue Jean-Bapti,,,Nuit avec éclairage allumé,En agglomération,Hors intersection,Normale,Deux véhicules - frontale,,,,,,,,,,,5,2,1,1.0,1
201300031212,0013-06-02 18:10:00,13,6,2,18,10,620,160,CHEMIN VERT (Rue du),,,Plein jour,En agglomération,Hors intersection,Normale,Autre collision,,,,,,,,,,,1,2,1,1.0,6
201300031213,0013-06-17 23:15:00,13,6,17,23,15,620,893,"face  107, MITTERRAND (",,,Nuit avec éclairage allumé,En agglomération,Hors intersection,Normale,Autre collision,,,,,,,,,,,5,2,1,1.0,6
201300031214,0013-06-23 02:45:00,13,6,23,2,45,620,893,C.D. 940,,,Nuit sans éclairage public,En agglomération,Hors intersection,Pluie forte,Autre collision,,,,,,,,,,,3,2,1,3.0,6
201300031215,0013-06-25 11:45:00,13,6,25,11,45,620,160,"2bis, PAIX (Rue de la)",,,Plein jour,En agglomération,Hors intersection,Normale,Autre collision,,,,,,,,,,,1,2,1,1.0,6
201300031216,0013-06-23 02:20:00,13,6,23,2,20,620,160,"100, SAINTE BEUVE (Bld)",,,Nuit avec éclairage allumé,En agglomération,Hors intersection,Pluie forte,Sans collision,,,,,,,,,,,5,2,1,3.0,7
201300031217,0013-07-10 17:40:00,13,7,10,17,40,620,160,"12, PIPOTS (Rue des)",50.72238,1.60768,Plein jour,En agglomération,Hors intersection,Normale,Autre collision,,,,,,,,,,,1,2,1,1.0,6
201300031218,0013-07-15 00:30:00,13,7,15,0,30,620,160,AIGLON (Rue de l'),,,Nuit avec éclairage allumé,En agglomération,Intersection en T,Normale,Deux véhicules - côté,,,,,,,,,,,5,2,3,1.0,3
201300031219,0013-07-17 23:10:00,13,7,17,23,10,620,758,SAINT OMER ( Route de ),50.72611,1.63821,Nuit avec éclairage allumé,En agglomération,Intersection en X,Normale,Deux véhicules - côté,,,,,,,,,,,5,2,2,1.0,3
201300031220,0013-07-09 13:15:00,13,7,9,13,15,620,160,"1, DE GAULLE (Ave Charle",,,Plein jour,En agglomération,Hors intersection,Normale,Autre collision,,,,,,,,,,,1,2,1,1.0,6
201300031221,0013-07-27 20:30:00,13,7,27,20,30,620,160,"02, PORTE NEUVE (Rue )",,,Nuit avec éclairage allumé,En agglomération,Giratoire,Pluie forte,Autre collision,,,,,,,,,,,5,2,6,3.0,6
201300031222,0013-08-04 21:30:00,13,8,4,21,30,620,160,"0, KENNEDY (Ave. John)",50.71286,1.61403,Plein jour,En agglomération,Intersection en T,Normale,Autre collision,,,,,,,,,,,1,2,3,1.0,6
201300031223,0013-08-11 12:05:00,13,8,11,12,5,620,893,"3, SAINT SAENS ( Rue Cam",,,Plein jour,En agglomération,Hors intersection,Normale,Deux véhicules - frontale,,,,,,,,,,,1,2,1,1.0,1
201300031224,0013-09-09 13:30:00,13,9,9,13,30,620,643,"48, CLERC ( Rue du Profe",,,Plein jour,En agglomération,Intersection en T,Temps couvert,Autre collision,,,,,,,,,,,1,2,3,8.0,6
201300031225,0013-09-18 15:30:00,13,9,18,15,30,620,643,INDUSTRIEL ( Bld),,,Plein jour,En agglomération,Hors intersection,Normale,Autre collision,,,,,,,,,,,1,2,1,1.0,6
201300031226,0013-09-29 20:35:00,13,9,29,20,35,620,643,LIBERTE ( Bld de la ),,,Nuit avec éclairage allumé,En agglomération,Intersection en Y,Normale,Deux véhicules - côté,,,,,,,,,,,5,2,4,1.0,3
201300031227,0013-09-30 17:40:00,13,9,30,17,40,620,160,"98, GAMBETTA (Quai L?on)",,,Plein jour,En agglomération,Hors intersection,Normale,Deux véhicules - arrière,,,,,,,,,,,1,2,1,1.0,2
201300031228,0013-10-06 15:50:00,13,10,6,15,50,620,160,"79, MARIETTE (Bld August",,,Plein jour,En agglomération,Hors intersection,Normale,Trois véhicules et plus - collisions multiples,,,,,,,,,,,1,2,1,1.0,5
201300031229,0013-10-13 07:45:00,13,10,13,7,45,620,758,CROIX ABOT ( Rue ),50.72194,1.64634,Crépuscule ou aube,En agglomération,Intersection en T,Temps couvert,Autre collision,,,,,,,,,,,2,2,3,8.0,6
201300031230,0013-10-13 19:15:00,13,10,13,19,15,620,667,"16, LOTI ( R?s. Pierre )",,,Plein jour,En agglomération,Autre intersection,Normale,Deux véhicules - côté,,,,,,,,,,,1,2,9,1.0,3
201300031231,0013-10-14 08:15:00,13,10,14,8,15,620,160,"197, NATIONALE (Rue)",,,Crépuscule ou aube,En agglomération,Intersection en T,Pluie légère,Autre collision,,,,,,,,,,,2,2,3,2.0,6
201300031232,0013-11-27 17:50:00,13,11,27,17,50,620,160,"1, VOLTAIRE (Bld)",,,Nuit avec éclairage allumé,En agglomération,Hors intersection,Normale,Autre collision,,,,,,,,,,,5,2,1,1.0,6
201300031233,0013-11-26 07:50:00,13,11,26,7,50,620,758,DESVRES ( Rue de ),,,Crépuscule ou aube,En agglomération,Hors intersection,Pluie légère,Autre collision,,,,,,,,,,,2,2,1,2.0,6
201300031234,0013-12-19 21:35:00,13,12,19,21,35,620,160,"145, DE GAULLE (Ave Char",,,Nuit avec éclairage allumé,En agglomération,Hors intersection,Normale,Deux véhicules - frontale,,,,,,,,,,,5,2,1,1.0,1
201300031235,0013-12-29 15:20:00,13,12,29,15,20,620,758,CHAUDIERE ( Rue de la ),,,Plein jour,En agglomération,Hors intersection,Normale,Deux véhicules - côté,,,,,,,,,,,1,2,1,1.0,3
201300031236,0013-01-02 21:40:00,13,1,2,21,40,620,270,BODELOT (RUE ACHILLE),50.46996,2.50968,Nuit avec éclairage allumé,En agglomération,Intersection en X,Pluie légère,Deux véhicules - côté,,,,,,,,,,,5,2,2,2.0,3
201300031237,0013-02-12 01:15:00,13,2,12,1,15,620,445,"0, REPUBLIQUE ( DE LA )",,,Nuit sans éclairage public,En agglomération,Hors intersection,Neige / grêle,Autre collision,,,,,,,,,,,3,2,1,4.0,6
201300031238,0013-03-27 12:00:00,13,3,27,12,0,620,270,DESNOS (RUE),,,Plein jour,En agglomération,Intersection en X,Normale,Deux véhicules - côté,,,,,,,,,,,1,2,2,1.0,3
201300031239,0013-04-06 08:00:00,13,4,6,8,0,620,270,CD 301,,,Plein jour,Hors agglomération,Hors intersection,Normale,Deux véhicules - côté,,,,,,,,,,,1,1,1,1.0,3
201300031240,0013-04-17 17:25:00,13,4,17,17,25,620,400,PREMIER MAI ( DU ),,,Plein jour,En agglomération,Intersection en T,Normale,Deux véhicules - côté,,,,,,,,,,,1,2,3,1.0,3
201300031241,0013-04-26 12:00:00,13,4,26,12,0,620,178,LUMIERES (FRERES),,,Plein jour,En agglomération,Giratoire,Normale,Sans collision,,,,,,,,,,,1,2,6,1.0,7
201300031242,0013-07-14 18:00:00,13,7,14,18,0,620,178,"326, MARMOTTAN ( JULES )",,,Plein jour,En agglomération,Hors intersection,Normale,Autre collision,,,,,,,,,,,1,2,1,1.0,6
201300031243,0013-09-03 15:45:00,13,9,3,15,45,620,178,CHAMPAGNE,,,Plein jour,En agglomération,Hors intersection,Normale,Deux véhicules - frontale,,,,,,,,,,,1,2,1,1.0,1
201300031244,0013-09-02 12:25:00,13,9,2,12,25,620,178,DUSSART ( LOUIS ),,,Plein jour,En agglomération,Intersection en T,Normale,Deux véhicules - côté,,,,,,,,,,,1,2,3,1.0,3
201300031245,0013-09-09 10:15:00,13,9,9,10,15,620,178,DESCAMPS ( PAUL ),50.48427,2.56689,Plein jour,En agglomération,Giratoire,Normale,Deux véhicules - côté,,,,,,,,,,,1,2,6,1.0,3
201300031246,0013-09-17 16:40:00,13,9,17,16,40,620,178,"363, FESTEUX ( DES )",50.48922,2.54409,Plein jour,En agglomération,Hors intersection,Pluie forte,Autre collision,,,,,,,,,,,1,2,1,3.0,6
201300031247,0013-10-03 19:35:00,13,10,3,19,35,620,457,", BRUAY (ROUTE DE)",50.4664,2.54207,Nuit avec éclairage allumé,En agglomération,Intersection en T,Normale,Deux véhicules - côté,,,,,,,,,,,5,2,3,1.0,3
201300031248,0013-10-18 07:30:00,13,10,18,7,30,620,445,"7, QUATRE SEPTEMBRE ( DU",,,Nuit avec éclairage allumé,En agglomération,Hors intersection,Brouillard / fumée,Autre collision,,,,,,,,,,,5,2,1,5.0,6
201300031249,0013-11-23 18:30:00,13,11,23,18,30,620,270,ALLENDE (RUE SALVATOR),,,Nuit sans éclairage public,En agglomération,Hors intersection,Normale,Deux véhicules - frontale,,,,,,,,,,,3,2,1,1.0,1
201300031250,0013-12-30 18:45:00,13,12,30,18,45,620,457,"953, BRUAY (ROUTE DE)",,,Nuit avec éclairage allumé,En agglomération,Hors intersection,Temps couvert,Trois véhicules et plus - en chaîne,,,,,,,,,,,5,2,1,8.0,4
201300031251,0013-01-18 17:55:00,13,1,18,17,55,620,193,TOUL (RUE DE),,,Nuit avec éclairage allumé,En agglomération,Hors intersection,Normale,Autre collision,,,,,,,,,,,5,2,1,1.0,6
201300031252,0013-02-06 17:25:00,13,2,6,17,25,620,193,HUYGHES (RUE A.),,,Plein jour,En agglomération,Intersection en T,Normale,Trois véhicules et plus - collisions multiples,,,,,,,,,,,1,2,3,1.0,5
201300031253,0013-02-14 07:15:00,13,2,14,7,15,620,548,avenue de Calais,,,Nuit avec éclairage allumé,En agglomération,Hors intersection,Normale,Autre collision,,,,,,,,,,,5,2,1,1.0,6
201300031254,0013-02-19 23:15:00,13,2,19,23,15,620,244,SAINT-OMER (ROUTE DE),50.91663,1.91721,Nuit sans éclairage public,Hors agglomération,Hors intersection,Normale,Deux véhicules - côté,,,,,,,,,,,3,1,1,1.0,3
201300031255,0013-02-19 14:10:00,13,2,19,14,10,620,193,"123, FONTINETTES (RUE DE",50.94246,1.85028,Plein jour,En agglomération,Hors intersection,Normale,Autre collision,,,,,,,,,,,1,2,1,1.0,6
201300031256,0013-03-09 10:15:00,13,3,9,10,15,620,193,VERT (CHEMIN),,,Plein jour,En agglomération,Hors intersection,Pluie légère,Autre collision,,,,,,,,,,,1,2,1,2.0,6
201300031257,0013-03-13 21:45:00,13,3,13,21,45,620,193,QUATRE COINS (RUE DES),,,Nuit avec éclairage allumé,En agglomération,Intersection en X,Normale,Deux véhicules - côté,,,,,,,,,,,5,2,2,1.0,3
201300031258,0013-03-29 20:40:00,13,3,29,20,40,620,193,"16, CURIE (BOULEVARD)",50.93982,1.85881,Nuit avec éclairage allumé,En agglomération,Hors intersection,Normale,Deux véhicules - arrière,,,,,,,,,,,5,2,1,1.0,2
201300031259,0013-03-28 08:15:00,13,3,28,8,15,620,193,"0, COUBERTIN (AVENUE PIE",50.95336,1.83862,Plein jour,En agglomération,Intersection en T,Normale,Deux véhicules - arrière,,,,,,,,,,,1,2,3,1.0,2
201300031260,0013-04-01 20:20:00,13,4,1,20,20,620,193,rond point de la rivi?re,,,Nuit sans éclairage public,Hors agglomération,Giratoire,Normale,Autre collision,,,,,,,,,,,3,1,6,1.0,6
201300031261,0013-04-17 12:50:00,13,4,17,12,50,620,193,DEPARTEMENTALE 943,,,Plein jour,Hors agglomération,Hors intersection,Normale,Deux véhicules - frontale,,,,,,,,,,,1,1,1,1.0,1
201300031262,0013-04-26 08:32:00,13,4,26,8,32,620,193,ONZE NOVEMBRE (RUE DU),,,Plein jour,En agglomération,Intersection en X,Normale,Deux véhicules - côté,,,,,,,,,,,1,2,2,1.0,3
201300031263,0013-05-02 12:10:00,13,5,2,12,10,620,193,TOUL (RUE DE),,,Plein jour,En agglomération,Intersection en X,Normale,Deux véhicules - côté,,,,,,,,,,,1,2,2,1.0,3
201300031264,0013-05-04 11:00:00,13,5,4,11,0,620,193,CHAROST,,,Plein jour,En agglomération,Intersection en T,Normale,Sans collision,,,,,,,,,,,1,2,3,1.0,7
201300031265,0013-05-09 18:40:00,13,5,9,18,40,620,548,CD 119,,,Plein jour,Hors agglomération,Intersection en T,Normale,Deux véhicules - côté,,,,,,,,,,,1,1,3,1.0,3
201300031266,0013-05-10 18:25:00,13,5,10,18,25,620,193,ROYALE,50.95715,1.84943,Plein jour,En agglomération,Intersection en X,Normale,Deux véhicules - côté,,,,,,,,,,,1,2,2,1.0,3
201300031267,0013-06-18 16:35:00,13,6,18,16,35,620,548,Rue du Ventu d'Alembon,,,Plein jour,Hors agglomération,Hors intersection,Normale,Autre collision,,,,,,,,,,,1,1,1,1.0,6
201300031268,0013-07-06 16:15:00,13,7,6,16,15,620,193,GASTON BERTHE (DIGUE),,,Plein jour,En agglomération,Hors intersection,Normale,Autre collision,,,,,,,,,,,1,2,1,1.0,6
201300031269,0013-07-09 12:45:00,13,7,9,12,45,620,193,GAMBETTA (BOULEVARD),50.9476,1.85329,Plein jour,En agglomération,Hors intersection,Normale,Deux véhicules - arrière,,,,,,,,,,,1,2,1,1.0,2
201300031270,0013-07-10 19:10:00,13,7,10,19,10,620,193,"72, JACQUARD (BOULEVARD)",,,Plein jour,En agglomération,Hors intersection,Normale,Autre collision,,,,,,,,,,,1,2,1,1.0,6
201300031271,0013-07-25 18:20:00,13,7,25,18,20,620,193,Pont Georges V,,,Plein jour,En agglomération,Autre intersection,Normale,Autre collision,,,,,,,,,,,1,2,9,1.0,6
201300031272,0013-07-30 15:45:00,13,7,30,15,45,620,548,FRANCOIS MITTERAND,50.95614,1.98606,Plein jour,Hors agglomération,Hors intersection,Pluie légère,Deux véhicules - frontale,,,,,,,,,,,1,1,1,2.0,1
201300031273,0013-08-03 09:10:00,13,8,3,9,10,620,244,REGNIERS (CHEMIN DES),50.92894,1.86253,Plein jour,En agglomération,Intersection en X,Normale,Deux véhicules - arrière,,,,,,,,,,,1,2,2,1.0,2
201300031274,0013-08-23 15:40:00,13,8,23,15,40,620,193,CHEVREUL,,,Plein jour,Hors agglomération,Intersection en X,Normale,Deux véhicules - côté,,,,,,,,,,,1,1,2,1.0,3
201300031275,0013-09-05 15:40:00,13,9,5,15,40,620,193,LOUIS BLERIOT (AVENUE),,,Plein jour,En agglomération,Intersection en X,Normale,Autre collision,,,,,,,,,,,1,2,2,1.0,6
201300031276,0013-09-14 18:30:00,13,9,14,18,30,620,193,WAROCQUIER (RUE CL.),,,Crépuscule ou aube,En agglomération,Intersection en Y,Normale,Deux véhicules - côté,,,,,,,,,,,2,2,4,1.0,3
201300031277,0013-10-07 07:15:00,13,10,7,7,15,620,193,GAMBETTA (BOULEVARD),,,Nuit avec éclairage allumé,En agglomération,Hors intersection,Normale,Autre collision,,,,,,,,,,,5,2,1,1.0,6
201300031278,0013-09-19 08:40:00,13,9,19,8,40,620,193,LAFAYETTE (BOULEVARD),,,Plein jour,En agglomération,Hors intersection,Normale,Autre collision,,,,,,,,,,,1,2,1,1.0,6
201300031279,0013-10-19 14:25:00,13,10,19,14,25,620,193,GERSCHEL (RUE A.),,,Plein jour,En agglomération,Intersection en X,Pluie légère,Autre collision,,,,,,,,,,,1,2,2,2.0,6
201300031280,0013-11-08 21:45:00,13,11,8,21,45,620,193,JEAN DE VIENNE,,,Nuit avec éclairage allumé,En agglomération,Intersection en X,Pluie légère,Deux véhicules - côté,,,,,,,,,,,5,2,2,2.0,3
201300031281,0013-10-05 23:30:00,13,10,5,23,30,620,193,EGALITE (BOULEVARD DE L',,,Nuit avec éclairage allumé,En agglomération,Intersection en T,Normale,Deux véhicules - côté,,,,,,,,,,,5,2,3,1.0,3
201300031282,0013-12-10 07:30:00,13,12,10,7,30,620,193,DORET (RUE M.),,,Crépuscule ou aube,En agglomération,Hors intersection,Normale,Autre collision,,,,,,,,,,,2,2,1,1.0,6
201300031283,0013-12-12 17:15:00,13,12,12,17,15,620,548,"954, avenue de Calais",,,Nuit avec éclairage allumé,En agglomération,Hors intersection,Normale,Deux véhicules - côté,,,,,,,,,,,5,2,1,1.0,3
201300031284,0013-12-20 12:20:00,13,12,20,12,20,620,193,", REGNIERS (CHEMIN DES)",50.93204,1.85638,Plein jour,En agglomération,Intersection en T,Normale,Autre collision,,,,,,,,,,,1,2,3,1.0,6
201300031285,0013-12-26 13:30:00,13,12,26,13,30,620,193,FOUR A CHAUX (RUE DU),,,Plein jour,En agglomération,Intersection en X,Normale,Autre collision,,,,,,,,,,,1,2,2,1.0,6
201300031286,0013-01-18 19:20:00,13,1,18,19,20,620,33,"sans, RD917",,,Nuit sans éclairage public,Hors agglomération,Intersection en T,Neige / grêle,Deux véhicules - côté,,,,,,,,,,,3,1,3,4.0,3
201300031287,0013-01-12 19:15:00,13,1,12,19,15,620,413,FUSILLES (R DES),,,Nuit avec éclairage allumé,En agglomération,Hors intersection,Temps couvert,Autre collision,,,,,,,,,,,5,2,1,8.0,6
201300031288,0013-02-06 12:10:00,13,2,6,12,10,620,637,"76, FUSILLES (R DES 80)",50.47071,2.98397,Plein jour,En agglomération,Hors intersection,Normale,Deux véhicules - arrière,,,,,,,,,,,1,2,1,1.0,2
201300031289,0013-03-09 11:20:00,13,3,9,11,20,620,215,"sans, POSTES (CHEMIN  DE",,,Plein jour,En agglomération,Intersection en T,Normale,Deux véhicules - côté,,,,,,,,,,,1,2,3,1.0,3
201300031290,0013-02-06 14:20:00,13,2,6,14,20,620,215,"10, TERRIL (CHE. DU)",50.49012,2.97655,Plein jour,En agglomération,Hors intersection,Normale,Deux véhicules - côté,,,,,,,,,,,1,2,1,1.0,3
201300031291,0013-03-29 21:15:00,13,3,29,21,15,620,250,"sans, BRIAND (R ARISTIDE",,,Nuit avec éclairage allumé,En agglomération,Intersection en T,Normale,Deux véhicules - côté,,,,,,,,,,,5,2,3,1.0,3
201300031292,0013-04-05 11:45:00,13,4,5,11,45,620,215,"sans, RD 160",,,Plein jour,En agglomération,Hors intersection,Normale,Deux véhicules - côté,,,,,,,,,,,1,2,1,1.0,3
201300031293,0013-04-07 23:20:00,13,4,7,23,20,620,33,"67, POTIER (R RAYMOND)",,,Nuit avec éclairage allumé,En agglomération,Hors intersection,Normale,Autre collision,,,,,,,,,,,5,2,1,1.0,6
201300031294,0013-04-13 14:35:00,13,4,13,14,35,620,250,"SANS, BRIQUET (R RAOUL )",50.44663,2.94401,Plein jour,En agglomération,Hors intersection,Pluie légère,Deux véhicules - côté,,,,,,,,,,,1,2,1,2.0,3
201300031295,0013-04-09 16:20:00,13,4,9,16,20,620,907,"sans, OIGNIES (RTE D')",50.47938,2.96636,Plein jour,En agglomération,Hors intersection,Normale,Deux véhicules - frontale,,,,,,,,,,,1,2,1,1.0,1
201300031296,0013-04-25 11:40:00,13,4,25,11,40,620,413,"sans, BARBUSSE (AV.)",,,Plein jour,En agglomération,Intersection en T,Normale,Autre collision,,,,,,,,,,,1,2,3,1.0,6
201300031297,0013-05-03 16:20:00,13,5,3,16,20,620,215,"152, PRESSENCE  (R FRANC",,,Plein jour,En agglomération,Hors intersection,Normale,Trois véhicules et plus - en chaîne,,,,,,,,,,,1,2,1,1.0,4
201300031298,0013-05-07 18:10:00,13,5,7,18,10,620,215,"24, ALLENDE (R SALVADOR)",,,Plein jour,En agglomération,Hors intersection,Normale,Deux véhicules - côté,,,,,,,,,,,1,2,1,1.0,3
201300031299,0013-06-04 22:00:00,13,6,4,22,0,620,215,"73, HUGO (R VICTOR )",,,Nuit avec éclairage allumé,En agglomération,Hors intersection,Normale,Deux véhicules - frontale,,,,,,,,,,,5,2,1,1.0,1
201300031300,0013-06-08 06:35:00,13,6,8,6,35,620,637,"158, BASLY (R EMILE)",,,Plein jour,En agglomération,Hors intersection,Normale,Deux véhicules - frontale,,,,,,,,,,,1,2,1,1.0,1
201300031301,0013-06-09 05:45:00,13,6,9,5,45,620,637,"97, FUSILLES (R DES 80)",,,Nuit avec éclairage allumé,En agglomération,Hors intersection,Normale,Autre collision,,,,,,,,,,,5,2,1,1.0,6
201300031302,0013-05-18 19:25:00,13,5,18,19,25,620,215,"0, RD925",50.50594,2.97146,Plein jour,Hors agglomération,Giratoire,Normale,Deux véhicules - côté,,,,,,,,,,,1,1,6,1.0,3
201300031303,0013-05-19 01:50:00,13,5,19,1,50,620,215,"241, FOCH (R DU MARECHAL",,,Nuit avec éclairage allumé,En agglomération,Hors intersection,Normale,Sans collision,,,,,,,,,,,5,2,1,1.0,7
201300031304,0013-06-14 19:20:00,13,6,14,19,20,620,215,"sans, RD917",,,Plein jour,Hors agglomération,Hors intersection,Normale,Sans collision,,,,,,,,,,,1,1,1,1.0,7
201300031305,0013-07-07 05:40:00,13,7,7,5,40,620,413,"SANS, MARQUOIS (CHE. DE)",,,Crépuscule ou aube,En agglomération,Hors intersection,Normale,Autre collision,,,,,,,,,,,2,2,1,1.0,6
201300031306,0013-06-27 14:30:00,13,6,27,14,30,620,413,"SANS, ZI (LA MOTTE AU BO",50.46538,2.90503,Plein jour,Hors agglomération,Hors intersection,Normale,Deux véhicules - côté,,,,,,,,,,,1,1,1,1.0,3
201300031307,0013-06-28 18:25:00,13,6,28,18,25,620,215,"45, QUINET (R CYPRIEN)",,,Plein jour,En agglomération,Hors intersection,Pluie légère,Autre collision,,,,,,,,,,,1,2,1,2.0,6
201300031308,0013-07-23 03:20:00,13,7,23,3,20,620,413,SAULES (AV. DES),,,Nuit avec éclairage allumé,En agglomération,Intersection en X,Normale,Deux véhicules - côté,,,,,,,,,,,5,2,2,1.0,3
201300031309,0013-08-03 03:00:00,13,8,3,3,0,620,33,"96, POTIER (R RAYMOND)",50.45867,2.86332,Nuit avec éclairage allumé,En agglomération,Hors intersection,Normale,Autre collision,,,,,,,,,,,5,2,1,1.0,6
201300031310,0013-08-01 08:10:00,13,8,1,8,10,620,250,"sans, FUSILLES (R DES)",,,Plein jour,En agglomération,Intersection en X,Normale,Deux véhicules - côté,,,,,,,,,,,1,2,2,1.0,3
201300031311,0013-08-19 17:15:00,13,8,19,17,15,620,907,"SANS, D917",50.48488,2.98255,Plein jour,Hors agglomération,Hors intersection,Normale,Trois véhicules et plus - collisions multiples,,,,,,,,,,,1,1,1,1.0,5
201300031312,0013-08-31 15:50:00,13,8,31,15,50,620,215,"SANS, OIGNIES (RTE D')",50.47363,2.97852,Plein jour,Hors agglomération,Hors intersection,Normale,Deux véhicules - arrière,,,,,,,,,,,1,1,1,1.0,2
201300031313,0013-08-20 18:40:00,13,8,20,18,40,620,637,"31, JAURES (R JEAN)",,,Plein jour,En agglomération,Hors intersection,Normale,Autre collision,,,,,,,,,,,1,2,1,1.0,6
201300031314,0013-08-24 12:15:00,13,8,24,12,15,620,215,"104, PROVIN (RTE DE)",,,Plein jour,En agglomération,Hors intersection,Pluie forte,Deux véhicules - frontale,,,,,,,,,,,1,2,1,3.0,1
201300031315,0013-08-26 15:40:00,13,8,26,15,40,620,33,"SANS, ROLLE (R KLEBER)",,,Plein jour,En agglomération,Intersection en X,Normale,Autre collision,,,,,,,,,,,1,2,2,1.0,6
201300031316,0013-09-07 23:15:00,13,9,7,23,15,620,637,"SANS, ZOLA (R EMILE)",,,Nuit avec éclairage allumé,En agglomération,Intersection à plus de 4 branches,Normale,Deux véhicules - côté,,,,,,,,,,,5,2,5,1.0,3
201300031317,0013-11-15 14:00:00,13,11,15,14,0,620,215,"SANS, RD917",,,Plein jour,Hors agglomération,Hors intersection,Normale,Deux véhicules - côté,,,,,,,,,,,1,1,1,1.0,3
201300031318,0013-11-15 16:15:00,13,11,15,16,15,620,250,"83, LAMENDIN (R ARTHUR)",,,Plein jour,En agglomération,Hors intersection,Normale,Deux véhicules - côté,,,,,,,,,,,1,2,1,1.0,3
201300031319,0013-12-07 10:00:00,13,12,7,10,0,620,907,"SANS, SCHUMANN (BD )",,,Plein jour,En agglomération,Intersection en Y,Normale,Autre collision,,,,,,,,,,,1,2,4,1.0,6
201300031320,0013-12-14 13:00:00,13,12,14,13,0,620,215,"SANS, QUINET (R CYPRIEN)",,,Plein jour,En agglomération,Giratoire,Normale,Deux véhicules - côté,,,,,,,,,,,1,2,6,1.0,3
201300031321,0013-01-02 10:35:00,13,1,2,10,35,620,133,"0, ANGOULEME (R D')",,,Plein jour,En agglomération,Intersection en X,Normale,Deux véhicules - côté,,,,,,,,,,,1,2,2,1.0,3
201300031322,0013-11-16 16:10:00,13,11,16,16,10,620,427,"0, BORD DES EAUX (CHE. D",,,Plein jour,Hors agglomération,Hors intersection,Normale,Autre collision,,,,,,,,,,,1,1,1,1.0,6
201300031323,0013-03-17 19:15:00,13,3,17,19,15,620,133,"0, BARBUSSE (R HENRI )",50.41224,2.91176,Crépuscule ou aube,En agglomération,Intersection en X,Temps couvert,Deux véhicules - côté,,,,,,,,,,,2,2,2,8.0,3
201300031324,0013-05-19 16:30:00,13,5,19,16,30,620,133,"72, MURET (R DE)",,,Plein jour,En agglomération,Hors intersection,Normale,Autre collision,,,,,,,,,,,1,2,1,1.0,6
201300031325,0013-05-24 15:30:00,13,5,24,15,30,620,249,PRESSENCE (R FRANCIS DE),50.41569,3.01725,Plein jour,En agglomération,Intersection en X,Pluie légère,Deux véhicules - côté,,,,,,,,,,,1,2,2,2.0,3
201300031326,0013-05-23 11:50:00,13,5,23,11,50,620,427,ABBAYE (R DE L' ),,,Plein jour,En agglomération,Hors intersection,Normale,Autre collision,,,,,,,,,,,1,2,1,1.0,6
201300031327,0013-06-15 22:50:00,13,6,15,22,50,620,497,BLUM (R LEON),,,Nuit avec éclairage allumé,En agglomération,Autre intersection,Normale,Deux véhicules - côté,,,,,,,,,,,5,2,9,1.0,3
201300031328,0013-06-17 17:30:00,13,6,17,17,30,620,427,"22, DELRUE (BD DES FRERE",,,Plein jour,En agglomération,Intersection en X,Normale,Autre collision,,,,,,,,,,,1,2,2,1.0,6