accident_id,datetime,annee,mois,jour,heure,minute,departement,commune_insee,adresse,latitude,longitude,luminosite,agglomeration,intersection,meteo,collision,nb_vehicules,nb_usagers,nb_indemnes,nb_tues,nb_blesses_hosp,nb_blesses_legers,age_cond_1,age_cond_2,veh_type_cond_1,veh_type_cond_2,lum_code,agg_code,int_code,atm_code,col_code
201300031329,0013-06-23 20:50:00,13,6,23,20,50,620,427,FOUR A COKE (R DU),,,Plein jour,Hors agglomération,Hors intersection,Normale,Autre collision,,,,,,,,,,,1,1,1,1.0,6
201300031330,0013-06-26 17:40:00,13,6,26,17,40,620,427,"211, AYLE (R ROBERT)",,,Plein jour,En agglomération,Giratoire,Normale,Autre collision,,,,,,,,,,,1,2,6,1.0,6
201300031331,0013-07-10 17:45:00,13,7,10,17,45,620,427,MOULIN (BD JEAN),,,Plein jour,En agglomération,Hors intersection,Normale,Deux véhicules - côté,,,,,,,,,,,1,2,1,1.0,3
201300031332,0013-07-14 19:00:00,13,7,14,19,0,620,587,", CHEMIN DEPARTEMENTAL",,,Plein jour,Hors agglomération,Intersection en X,Normale,Deux véhicules - côté,,,,,,,,,,,1,1,2,1.0,3
201300031333,0013-08-13 21:55:00,13,8,13,21,55,620,624,REPUBLIQUE (AVE DE LA ),,,Nuit sans éclairage public,En agglomération,Hors intersection,Normale,Deux véhicules - arrière,,,,,,,,,,,3,2,1,1.0,2
201300031334,0013-08-25 21:10:00,13,8,25,21,10,620,587,"10, SALENGRO (R ROGER)",,,Nuit avec éclairage allumé,En agglomération,Hors intersection,Normale,Autre collision,,,,,,,,,,,5,2,1,1.0,6
201300031335,0013-09-20 10:40:00,13,9,20,10,40,620,587,"., NORMANDIE NIEMEN  (AV",,,Plein jour,En agglomération,Hors intersection,Normale,Deux véhicules - côté,,,,,,,,,,,1,2,1,1.0,3
201300031336,0013-08-09 08:25:00,13,8,9,8,25,620,274,"0, RD 161",50.43682,2.97835,Plein jour,Hors agglomération,Intersection en T,Normale,Deux véhicules - côté,,,,,,,,,,,1,1,3,1.0,3
201300031337,0013-10-15 08:00:00,13,10,15,8,0,620,587,"55, HARNES (RTE D')",,,Crépuscule ou aube,En agglomération,Hors intersection,Temps couvert,Autre collision,,,,,,,,,,,2,2,1,8.0,6
201300031338,0013-10-31 15:50:00,13,10,31,15,50,620,427,"0, DELRUE (BD DES FRERES",,,Plein jour,Hors agglomération,Intersection en X,Normale,Deux véhicules - côté,,,,,,,,,,,1,1,2,1.0,3
201300031339,0013-10-11 16:10:00,13,10,11,16,10,620,624,"0, CENTRE COMMERCIAL AUC",50.41152,2.97911,Plein jour,Hors agglomération,Autre intersection,Normale,Deux véhicules - côté,,,,,,,,,,,1,1,9,1.0,3
201300031340,0013-11-29 19:20:00,13,11,29,19,20,620,249,FERRY (R JULES),,,Nuit avec éclairage allumé,Hors agglomération,Intersection en T,Normale,Deux véhicules - côté,,,,,,,,,,,5,1,3,1.0,3
201300031341,0013-12-12 15:10:00,13,12,12,15,10,620,427,"134, JUIN (BVD DU MAL)",,,Plein jour,En agglomération,Hors intersection,Normale,Autre collision,,,,,,,,,,,1,2,1,1.0,6
201300031342,0013-12-17 17:15:00,13,12,17,17,15,620,427,"358, CASSIN (R RENE)",,,Plein jour,En agglomération,Hors intersection,Normale,Autre collision,,,,,,,,,,,1,2,1,1.0,6
201300031343,0013-12-21 11:25:00,13,12,21,11,25,620,497,"41, PRESSENCE (R FRANCIS",,,Plein jour,En agglomération,Hors intersection,Normale,Autre collision,,,,,,,,,,,1,2,1,1.0,6
201300031344,0013-01-05 16:30:00,13,1,5,16,30,620,573,"SANS, MIRABEAU (R)",50.48652,2.89509,Crépuscule ou aube,Hors agglomération,Hors intersection,Pluie légère,Autre collision,,,,,,,,,,,2,1,1,2.0,6
201300031345,0013-01-05 20:20:00,13,1,5,20,20,620,895,"90, MEURCHIN (R DE)",50.49704,2.86766,Nuit avec éclairage allumé,En agglomération,Hors intersection,Normale,Autre collision,,,,,,,,,,,5,2,1,1.0,6
201300031346,0013-01-02 08:25:00,13,1,2,8,25,620,771,"47, LAMENDIN (R ARTHUR)",,,Crépuscule ou aube,En agglomération,Hors intersection,Normale,Deux véhicules - côté,,,,,,,,,,,2,2,1,1.0,3
201300031347,0013-01-07 12:25:00,13,1,7,12,25,620,498,"91, BLUM (R LEON)",50.43916,2.79599,Plein jour,En agglomération,Hors intersection,Normale,Autre collision,,,,,,,,,,,1,2,1,1.0,6
201300031348,0013-01-07 11:35:00,13,1,7,11,35,620,771,"70, VAILLANT (R EDOUARD)",50.41976,2.8731,Plein jour,En agglomération,Hors intersection,Temps couvert,Autre collision,,,,,,,,,,,1,2,1,8.0,6
201300031349,0013-12-05 08:25:00,13,12,5,8,25,620,771,"sans, DARRAS (R CONSTANT",,,Plein jour,En agglomération,Hors intersection,Normale,Deux véhicules - arrière,,,,,,,,,,,1,2,1,1.0,2
201300031350,0013-01-31 09:20:00,13,1,31,9,20,620,498,"SANS, BASLY (BD EMILE)",,,Plein jour,En agglomération,Intersection en T,Normale,Sans collision,,,,,,,,,,,1,2,3,1.0,7
201300031351,0013-02-02 18:45:00,13,2,2,18,45,620,573,"1, BASLY (R EMILE)",50.49668,2.89103,Nuit avec éclairage allumé,En agglomération,Hors intersection,Normale,Autre collision,,,,,,,,,,,5,2,1,1.0,6
201300031352,0013-01-30 07:20:00,13,1,30,7,20,620,498,"498, ARRAS (RTE  D')",,,Nuit avec éclairage allumé,En agglomération,Hors intersection,Normale,Deux véhicules - côté,,,,,,,,,,,5,2,1,1.0,3
201300031353,0013-02-27 16:50:00,13,2,27,16,50,620,842,"0, GRISON (R JEAN BAPTIS",,,Plein jour,En agglomération,Hors intersection,Normale,Deux véhicules - côté,,,,,,,,,,,1,2,1,1.0,3
201300031354,0013-02-18 19:15:00,13,2,18,19,15,620,464,"sans, SALENGRO (R ROGER)",50.47267,2.81202,Nuit sans éclairage public,Hors agglomération,Intersection en T,Normale,Deux véhicules - côté,,,,,,,,,,,3,1,3,1.0,3
201300031355,0013-02-28 17:10:00,13,2,28,17,10,620,498,"234, BETHUNE (RTE DE)",50.43757,2.8133,Plein jour,En agglomération,Hors intersection,Normale,Deux véhicules - côté,,,,,,,,,,,1,2,1,1.0,3
201300031356,0013-11-10 22:10:00,13,11,10,22,10,620,842,RN 47,,,Nuit avec éclairage allumé,Hors agglomération,Hors intersection,Pluie légère,Deux véhicules - arrière,,,,,,,,,,,5,1,1,2.0,2
201300031357,0013-03-17 14:35:00,13,3,17,14,35,620,498,"285, LONDRES (R DE)",,,Plein jour,En agglomération,Hors intersection,Normale,Autre collision,,,,,,,,,,,1,2,1,1.0,6
201300031358,0013-03-25 09:30:00,13,3,25,9,30,620,498,"258, LILLE (RTE DE)  RN",,,Plein jour,En agglomération,Intersection en X,Normale,Autre collision,,,,,,,,,,,1,2,2,1.0,6
201300031359,0013-04-08 12:15:00,13,4,8,12,15,620,498,"SANS, BROSSOLETTE (R PIE",,,Plein jour,En agglomération,Hors intersection,Normale,Autre collision,,,,,,,,,,,1,2,1,1.0,6
201300031360,0013-04-18 09:30:00,13,4,18,9,30,620,498,"sans, BLUM (R LEON)",50.44261,2.80252,Plein jour,En agglomération,Intersection en X,Normale,Deux véhicules - côté,,,,,,,,,,,1,2,2,1.0,3
201300031361,0013-04-20 19:00:00,13,4,20,19,0,620,498,6SENLIS (R DE),,,Plein jour,En agglomération,Hors intersection,Autre,Autre collision,,,,,,,,,,,1,2,1,9.0,6
201300031362,0013-05-17 18:50:00,13,5,17,18,50,620,628,SCHAFFNER (R DU DOCTEUR),,,Plein jour,En agglomération,Intersection en T,Normale,Deux véhicules - côté,,,,,,,,,,,1,2,3,1.0,3
201300031363,0013-05-18 21:30:00,13,5,18,21,30,620,498,"sans, OEILLETS (R DES)",,,Plein jour,En agglomération,Intersection en X,Normale,Deux véhicules - frontale,,,,,,,,,,,1,2,2,1.0,1
201300031364,0013-05-04 17:00:00,13,5,4,17,0,620,498,"SANS, SOUVRAZ (R JEAN)",50.43776,2.82135,Plein jour,En agglomération,Intersection en Y,Normale,Deux véhicules - côté,,,,,,,,,,,1,2,4,1.0,3
201300031365,0013-06-17 16:40:00,13,6,17,16,40,620,842,"SANS, SAINT NAZAIRE N? 1",50.46026,2.84982,Plein jour,En agglomération,Hors intersection,Normale,Deux véhicules - arrière,,,,,,,,,,,1,2,1,1.0,2
201300031366,0013-06-12 17:40:00,13,6,12,17,40,620,771,"80, BEUGNET (R CASIMIR)",,,Plein jour,En agglomération,Hors intersection,Normale,Autre collision,,,,,,,,,,,1,2,1,1.0,6
201300031367,0013-07-06 12:15:00,13,7,6,12,15,620,842,"SANS, MANOT (CHE)",,,Plein jour,En agglomération,Intersection en T,Normale,Deux véhicules - côté,,,,,,,,,,,1,2,3,1.0,3
201300031368,0013-07-09 09:15:00,13,7,9,9,15,620,523,LILLE (RTE DE),,,Plein jour,En agglomération,Intersection en X,Normale,Deux véhicules - côté,,,,,,,,,,,1,2,2,1.0,3
201300031369,0013-07-15 18:40:00,13,7,15,18,40,620,771,"50, BEUGNET (R CASIMIR)",50.41979,2.87858,Plein jour,En agglomération,Hors intersection,Normale,Deux véhicules - frontale,,,,,,,,,,,1,2,1,1.0,1
201300031370,0013-07-08 16:50:00,13,7,8,16,50,620,842,NOBEL (R ALFRED),,,Plein jour,En agglomération,Intersection en T,Normale,Autre collision,,,,,,,,,,,1,2,3,1.0,6
201300031371,0013-07-06 11:30:00,13,7,6,11,30,620,498,QUATRE SEPTEMBRE (AV. DU,,,Plein jour,En agglomération,Hors intersection,Normale,Autre collision,,,,,,,,,,,1,2,1,1.0,6
201300031372,0013-07-21 21:55:00,13,7,21,21,55,620,842,"83, HUIT MAI (R DU)",,,Crépuscule ou aube,En agglomération,Hors intersection,Normale,Autre collision,,,,,,,,,,,2,2,1,1.0,6
201300031373,0013-08-08 18:00:00,13,8,8,18,0,620,771,"83, LAMENDIN (R ARTHUR)",,,Plein jour,En agglomération,Hors intersection,Normale,Autre collision,,,,,,,,,,,1,2,1,1.0,6
201300031374,0013-08-12 17:25:00,13,8,12,17,25,620,771,"130, BEUGNET (R CASIMIR)",,,Plein jour,En agglomération,Intersection en T,Normale,Deux véhicules - côté,,,,,,,,,,,1,2,3,1.0,3
201300031375,0013-08-05 21:35:00,13,8,5,21,35,620,498,"0, LOISON (RTE DE)",,,Crépuscule ou aube,En agglomération,Hors intersection,Normale,Autre collision,,,,,,,,,,,2,2,1,1.0,6
201300031376,0013-08-24 01:45:00,13,8,24,1,45,620,523,"21, HARNES (RTE D')",,,Nuit avec éclairage allumé,En agglomération,Hors intersection,Normale,Autre collision,,,,,,,,,,,5,2,1,1.0,6
201300031377,0013-09-03 15:50:00,13,9,3,15,50,620,498,"sans, ALAIN (R)",,,Plein jour,En agglomération,Hors intersection,Normale,Deux véhicules - côté,,,,,,,,,,,1,2,1,1.0,3
201300031378,0013-09-03 14:40:00,13,9,3,14,40,620,498,"235, LILLE (RTE DE)  RN",,,Plein jour,En agglomération,Intersection en X,Normale,Deux véhicules - côté,,,,,,,,,,,1,2,2,1.0,3
201300031379,0013-09-08 06:15:00,13,9,8,6,15,620,498,"171, BLUM (R LEON)",,,Plein jour,En agglomération,Hors intersection,Normale,Deux véhicules - arrière,,,,,,,,,,,1,2,1,1.0,2
201300031380,0013-09-22 12:40:00,13,9,22,12,40,620,498,"30, QUATRE SEPTEMBRE (AV",,,Plein jour,En agglomération,Hors intersection,Normale,Autre collision,,,,,,,,,,,1,2,1,1.0,6
201300031381,0013-09-24 11:00:00,13,9,24,11,0,620,498,"11, ELUARD (R PAUL)",,,Plein jour,En agglomération,Hors intersection,Normale,Autre collision,,,,,,,,,,,1,2,1,1.0,6
201300031382,0013-09-28 16:50:00,13,9,28,16,50,620,498,"1, LOISON (RTE DE)",,,Plein jour,En agglomération,Hors intersection,Normale,Deux véhicules - frontale,,,,,,,,,,,1,2,1,1.0,1
201300031383,0013-10-03 16:00:00,13,10,3,16,0,620,498,"280, LILLE (RTE DE)  RN",50.43638,2.84074,Plein jour,En agglomération,Hors intersection,Pluie légère,Autre collision,,,,,,,,,,,1,2,1,2.0,6
201300031384,0013-10-10 14:35:00,13,10,10,14,35,620,498,"49, ARRAS (RTE  D')",,,Plein jour,En agglomération,Hors intersection,Pluie forte,Autre collision,,,,,,,,,,,1,2,1,3.0,6
201300031385,0013-10-20 16:00:00,13,10,20,16,0,620,842,"45, VAILLANT (R EDOUARD",,,Plein jour,En agglomération,Hors intersection,Normale,Deux véhicules - arrière,,,,,,,,,,,1,2,1,1.0,2
201300031386,0013-10-22 14:45:00,13,10,22,14,45,620,498,"96, BASLY (BD EMILE)",,,Plein jour,En agglomération,Hors intersection,Normale,Autre collision,,,,,,,,,,,1,2,1,1.0,6
201300031387,0013-10-12 11:00:00,13,10,12,11,0,620,771,BEUGNET (R CASIMIR),,,Plein jour,En agglomération,Intersection en X,Normale,Deux véhicules - côté,,,,,,,,,,,1,2,2,1.0,3
201300031388,0013-11-08 10:10:00,13,11,8,10,10,620,498,"10, SCHUMANN (R ROBERT)",,,Plein jour,En agglomération,Hors intersection,Normale,Autre collision,,,,,,,,,,,1,2,1,1.0,6
201300031389,0013-11-19 17:45:00,13,11,19,17,45,620,498,SCHUMANN (R ROBERT),,,Crépuscule ou aube,En agglomération,Hors intersection,Normale,Autre collision,,,,,,,,,,,2,2,1,1.0,6
201300031390,0013-12-05 08:45:00,13,12,5,8,45,620,498,"18, ARC (JEANNE D')",,,Plein jour,En agglomération,Hors intersection,Normale,Autre collision,,,,,,,,,,,1,2,1,1.0,6
201300031391,0013-12-14 05:20:00,13,12,14,5,20,620,842,RN 47,50.46237,2.83077,Nuit avec éclairage allumé,Hors agglomération,Hors intersection,Pluie légère,Autre collision,,,,,,,,,,,5,1,1,2.0,6
201300031392,0013-12-18 19:10:00,13,12,18,19,10,620,498,"137, BERT (R PAUL)",50.43326,2.79666,Nuit avec éclairage allumé,En agglomération,Hors intersection,Normale,Autre collision,,,,,,,,,,,5,2,1,1.0,6
201300031393,0013-11-25 13:45:00,13,11,25,13,45,620,498,"32, JAURES (PL. JEAN)",,,Plein jour,En agglomération,Hors intersection,Normale,Deux véhicules - côté,,,,,,,,,,,1,2,1,1.0,3
201300031394,0013-10-24 07:00:00,13,10,24,7,0,620,895,"SANS, DEPARTEMENTALE 165",,,Nuit sans éclairage public,Hors agglomération,Hors intersection,Brouillard / fumée,Deux véhicules - arrière,,,,,,,,,,,3,1,1,5.0,2
201300031395,0013-12-10 10:40:00,13,12,10,10,40,620,895,"14, LAGRANGE (R LEO)",,,Plein jour,En agglomération,Hors intersection,Temps éblouissant,Autre collision,,,,,,,,,,,1,2,1,7.0,6
201300031396,0013-08-30 10:55:00,13,8,30,10,55,620,771,"., LAMENDIN (R ARTHUR)",,,Plein jour,En agglomération,Hors intersection,Normale,Deux véhicules - côté,,,,,,,,,,,1,2,1,1.0,3
201300031397,0013-12-29 21:30:00,13,12,29,21,30,620,510,"., MARQUAGE (CHE DU)",,,Crépuscule ou aube,En agglomération,Hors intersection,Normale,Deux véhicules - côté,,,,,,,,,,,2,2,1,1.0,3
201300031398,0013-11-08 09:45:00,13,11,8,9,45,620,510,"., LEMAIRE (R FLORIMONT",,,Plein jour,En agglomération,Hors intersection,Normale,Sans collision,,,,,,,,,,,1,2,1,1.0,7
201300031399,0013-01-31 14:20:00,13,1,31,14,20,620,528,"., SUPERVIELLE (R )",,,Plein jour,En agglomération,Hors intersection,Normale,Deux véhicules - frontale,,,,,,,,,,,1,2,1,1.0,1
201300031400,0013-02-10 04:00:00,13,2,10,4,0,620,510,"., MITTERAND (AV FRANCOI",,,Nuit avec éclairage allumé,En agglomération,Hors intersection,Autre,Autre collision,,,,,,,,,,,5,2,1,9.0,6
201300031401,0013-02-08 16:45:00,13,2,8,16,45,620,528,"., TCHAD (R DU)",,,Plein jour,En agglomération,Hors intersection,Normale,Sans collision,,,,,,,,,,,1,2,1,1.0,7
201300031402,0013-02-10 18:40:00,13,2,10,18,40,620,510,"., TASSIGNY (R DU MAL. D",,,Nuit avec éclairage allumé,En agglomération,Hors intersection,Neige / grêle,Autre collision,,,,,,,,,,,5,2,1,4.0,6
201300031403,0013-02-19 20:15:00,13,2,19,20,15,620,510,", CD 58",,,Nuit avec éclairage allumé,Hors agglomération,Hors intersection,Normale,Deux véhicules - côté,,,,,,,,,,,5,1,1,1.0,3
201300031404,0013-02-24 13:40:00,13,2,24,13,40,620,510,", FAIDHERBE (R )",,,Plein jour,En agglomération,Hors intersection,Autre,Autre collision,,,,,,,,,,,1,2,1,9.0,6
201300031405,0013-03-04 17:30:00,13,3,4,17,30,620,563,"., DUMAS (R ALEXANDRE)",,,Plein jour,Hors agglomération,Hors intersection,Normale,Deux véhicules - côté,,,,,,,,,,,1,1,1,1.0,3
201300031406,0013-04-02 10:00:00,13,4,2,10,0,620,510,"., JAURES (AV JEAN )",,,Plein jour,En agglomération,Hors intersection,Normale,Deux véhicules - arrière,,,,,,,,,,,1,2,1,1.0,2
201300031407,0013-04-08 17:00:00,13,4,8,17,0,620,563,"., LAMENDIN (BD ARTHUR)",,,Plein jour,En agglomération,Hors intersection,Normale,Deux véhicules - côté,,,,,,,,,,,1,2,1,1.0,3
201300031408,0013-04-28 16:45:00,13,4,28,16,45,620,386,"., BEAUCAMP (R FRANCOIS)",,,Plein jour,En agglomération,Hors intersection,Normale,Sans collision,,,,,,,,,,,1,2,1,1.0,7
201300031409,0013-04-21 20:50:00,13,4,21,20,50,620,186,"., ALSACE (BD D')",,,Crépuscule ou aube,En agglomération,Hors intersection,Normale,Deux véhicules - côté,,,,,,,,,,,2,2,1,1.0,3
201300031410,0013-05-16 19:10:00,13,5,16,19,10,620,386,"., BEUGNET (R CASIMIR)",,,Plein jour,En agglomération,Hors intersection,Normale,Autre collision,,,,,,,,,,,1,2,1,1.0,6
201300031411,0013-06-08 05:28:00,13,6,8,5,28,620,19,"., ARRAS (R D')",,,Plein jour,En agglomération,Hors intersection,Normale,Autre collision,,,,,,,,,,,1,2,1,1.0,6
201300031412,0013-05-24 16:45:00,13,5,24,16,45,620,510,"., DUSSOUICH (R)",,,Plein jour,En agglomération,Hors intersection,Normale,Trois véhicules et plus - collisions multiples,,,,,,,,,,,1,2,1,1.0,5
201300031413,0013-06-01 19:40:00,13,6,1,19,40,620,186,"., VOLTAIRE (R )",,,Plein jour,Hors agglomération,Hors intersection,Normale,Deux véhicules - côté,,,,,,,,,,,1,1,1,1.0,3
201300031414,0013-06-14 12:15:00,13,6,14,12,15,620,510,"., LECLERC (AV. DU MAREC",,,Plein jour,Hors agglomération,Hors intersection,Normale,Sans collision,,,,,,,,,,,1,1,1,1.0,7
201300031415,0013-06-27 21:15:00,13,6,27,21,15,620,510,"., CHAMPS (R DES JOLIS)",50.42411,2.74305,Crépuscule ou aube,Hors agglomération,Hors intersection,Normale,Autre collision,,,,,,,,,,,2,1,1,1.0,6
201300031416,0013-07-02 16:15:00,13,7,2,16,15,620,510,"146, SCHAFFNER (R ERNEST",,,Plein jour,En agglomération,Hors intersection,Normale,Autre collision,,,,,,,,,,,1,2,1,1.0,6
201300031417,0013-07-08 08:30:00,13,7,8,8,30,620,510,"., DUTEMPLE (R )",,,Plein jour,En agglomération,Hors intersection,Normale,Deux véhicules - côté,,,,,,,,,,,1,2,1,1.0,3
201300031418,0013-07-30 21:00:00,13,7,30,21,0,620,510,"., CD58",,,Plein jour,Hors agglomération,Hors intersection,Normale,Deux véhicules - côté,,,,,,,,,,,1,1,1,1.0,3
201300031419,0013-08-08 14:30:00,13,8,8,14,30,620,563,JAURES (R JEAN),,,Plein jour,En agglomération,Hors intersection,Normale,Deux véhicules - frontale,,,,,,,,,,,1,2,1,1.0,1
201300031420,0013-09-06 11:35:00,13,9,6,11,35,620,186,"., BEUGNET (R CASIMIR)",,,Plein jour,Hors agglomération,Hors intersection,Normale,Sans collision,,,,,,,,,,,1,1,1,1.0,7
201300031421,0013-09-12 11:15:00,13,9,12,11,15,620,528,ROUSSEL (R JEAN BAPTISTE,,,Plein jour,En agglomération,Hors intersection,Normale,Deux véhicules - côté,,,,,,,,,,,1,2,1,1.0,3
201300031422,0013-09-23 09:30:00,13,9,23,9,30,620,19,"., ARRAS (R D')",,,Plein jour,Hors agglomération,Hors intersection,Normale,Deux véhicules - frontale,,,,,,,,,,,1,1,1,1.0,1
201300031423,0013-09-23 20:00:00,13,9,23,20,0,620,528,"., COUTURIER (R PAUL VAI",,,Crépuscule ou aube,En agglomération,Hors intersection,Normale,Deux véhicules - frontale,,,,,,,,,,,2,2,1,1.0,1
201300031424,0013-09-11 19:15:00,13,9,11,19,15,620,510,"161, DELEBECQUE (R GERMA",,,Plein jour,En agglomération,Hors intersection,Normale,Autre collision,,,,,,,,,,,1,2,1,1.0,6
201300031425,0013-10-02 00:10:00,13,10,2,0,10,620,528,"., BETHUNE (RTE DE)",,,Nuit avec éclairage allumé,En agglomération,Hors intersection,Normale,Sans collision,,,,,,,,,,,5,2,1,1.0,7
201300031426,0013-10-07 21:30:00,13,10,7,21,30,620,186,"., VOLTAIRE (R )",,,Nuit avec éclairage allumé,En agglomération,Hors intersection,Normale,Deux véhicules - côté,,,,,,,,,,,5,2,1,1.0,3
201300031427,0013-09-01 21:05:00,13,9,1,21,5,620,528,"., BETHUNE (RTE DE)",,,Crépuscule ou aube,En agglomération,Hors intersection,Normale,Deux véhicules - côté,,,,,,,,,,,2,2,1,1.0,3
201300031428,0013-10-24 13:30:00,13,10,24,13,30,620,528,"., HOCHE (R LAZARE)",,,Plein jour,En agglomération,Hors intersection,Normale,Deux véhicules - côté,,,,,,,,,,,1,2,1,1.0,3
201300031429,0013-10-28 20:00:00,13,10,28,20,0,620,510,"., MARQUAGE (CHE DU)",,,Crépuscule ou aube,En agglomération,Hors intersection,Pluie légère,Sans collision,,,,,,,,,,,2,2,1,2.0,7
201300031430,0013-10-30 14:50:00,13,10,30,14,50,620,186,"., EGALITE (R DE L')",,,Plein jour,En agglomération,Hors intersection,Normale,Deux véhicules - côté,,,,,,,,,,,1,2,1,1.0,3
201300031431,0013-10-21 18:05:00,13,10,21,18,5,620,510,"., DELEBECQUE (R GERMAIN",,,Crépuscule ou aube,En agglomération,Hors intersection,Normale,Sans collision,,,,,,,,,,,2,2,1,1.0,7
201300031432,0013-11-23 13:15:00,13,11,23,13,15,620,528,"., BETHUNE (RTE DE)",,,Plein jour,En agglomération,Hors intersection,Normale,Deux véhicules - côté,,,,,,,,,,,1,2,1,1.0,3
201300031433,0013-11-23 10:30:00,13,11,23,10,30,620,19,"., BULLY (R DE)",,,Plein jour,En agglomération,Hors intersection,Normale,Deux véhicules - côté,,,,,,,,,,,1,2,1,1.0,3
201300031434,0013-12-03 15:45:00,13,12,3,15,45,620,563,"., JAURES (R JEAN)",,,Plein jour,En agglomération,Hors intersection,Normale,Deux véhicules - frontale,,,,,,,,,,,1,2,1,1.0,1
201300031435,0013-12-06 22:00:00,13,12,6,22,0,620,528,"., CHEMINEE (CHE DE LA)",,,Nuit sans éclairage public,Hors agglomération,Hors intersection,Normale,Autre collision,,,,,,,,,,,3,1,1,1.0,6
201300031436,0013-12-09 11:20:00,13,12,9,11,20,620,186,"., BEUGNET (R CASIMIR )",,,Plein jour,En agglomération,Hors intersection,Normale,Autre collision,,,,,,,,,,,1,2,1,1.0,6
201300031437,0013-12-09 15:10:00,13,12,9,15,10,620,528,"., CONDE (R)",,,Plein jour,En agglomération,Hors intersection,Normale,Deux véhicules - frontale,,,,,,,,,,,1,2,1,1.0,1
201300031438,0013-12-21 23:40:00,13,12,21,23,40,620,563,"., DUTOUQUET (R )",,,Nuit avec éclairage allumé,En agglomération,Hors intersection,Normale,Deux véhicules - frontale,,,,,,,,,,,5,2,1,1.0,1
201300031439,0013-12-25 18:30:00,13,12,25,18,30,620,510,CD58,,,Nuit avec éclairage allumé,Hors agglomération,Hors intersection,Normale,Deux véhicules - côté,,,,,,,,,,,5,1,1,1.0,3
201300031440,0013-12-23 13:45:00,13,12,23,13,45,620,555,"35, PAUL VAILLANT COUTUR",,,Plein jour,En agglomération,Hors intersection,Normale,Sans collision,,,,,,,,,,,1,2,1,1.0,7
201300031441,0013-01-22 11:30:00,13,1,22,11,30,620,555,"4, TILLEULS ( RUE DES)",,,Plein jour,En agglomération,Hors intersection,Neige / grêle,Autre collision,,,,,,,,,,,1,2,1,4.0,6
201300031442,0013-01-26 05:50:00,13,1,26,5,50,620,194,QUENEHEM ( CHEMIN DE ),50.49414,2.49824,Nuit sans éclairage public,En agglomération,Hors intersection,Temps couvert,Sans collision,,,,,,,,,,,3,2,1,8.0,7
201300031443,0013-02-22 14:10:00,13,2,22,14,10,620,224,RD 943,,,Plein jour,Hors agglomération,Hors intersection,Normale,Trois véhicules et plus - collisions multiples,,,,,,,,,,,1,1,1,1.0,5
201300031444,0013-03-04 18:15:00,13,3,4,18,15,620,489,"93 TER, LOUIS PASTEUR (R",,,Plein jour,En agglomération,Hors intersection,Normale,Autre collision,,,,,,,,,,,1,2,1,1.0,6
201300031445,0013-03-18 11:40:00,13,3,18,11,40,620,555,"64, PASTEUR ( RUE LOUIS",,,Plein jour,En agglomération,Intersection en T,Pluie légère,Trois véhicules et plus - collisions multiples,,,,,,,,,,,1,2,3,2.0,5
201300031446,0013-04-02 08:05:00,13,4,2,8,5,620,555,CRACOVIE (RUE DE ),,,Plein jour,En agglomération,Hors intersection,Normale,Autre collision,,,,,,,,,,,1,2,1,1.0,6
201300031447,0013-04-30 16:40:00,13,4,30,16,40,620,489,MAIE (RUE DE LA),,,Plein jour,En agglomération,Intersection en X,Normale,Deux véhicules - côté,,,,,,,,,,,1,2,2,1.0,3
201300031448,0013-08-07 10:00:00,13,8,7,10,0,620,197,CD 70,,,Plein jour,En agglomération,Intersection en Y,Pluie légère,Deux véhicules - côté,,,,,,,,,,,1,2,4,2.0,3
201300031449,0013-09-22 03:15:00,13,9,22,3,15,620,479,"759, GUESDE ( rue Jules",,,Nuit avec éclairage non allumé,En agglomération,Hors intersection,Normale,Sans collision,,,,,,,,,,,4,2,1,1.0,7
201300031450,0013-10-29 17:10:00,13,10,29,17,10,620,555,"02, ALBERT (RUE D' )",,,Plein jour,En agglomération,Hors intersection,Pluie légère,Autre collision,,,,,,,,,,,1,2,1,2.0,6
201300031451,0013-11-04 17:00:00,13,11,4,17,0,620,224,GONNEHEM (RUE DE),,,Plein jour,En agglomération,Intersection en T,Pluie légère,Deux véhicules - côté,,,,,,,,,,,1,2,3,2.0,3
201300031452,0013-12-07 06:40:00,13,12,7,6,40,620,489,"288, JAURES ( rue Jean )",,,Nuit avec éclairage allumé,En agglomération,Hors intersection,Normale,Autre collision,,,,,,,,,,,5,2,1,1.0,6
201300031453,0013-12-06 18:25:00,13,12,6,18,25,620,555,"58, PAUL VAILLANT COUTUR",,,Nuit avec éclairage allumé,En agglomération,Hors intersection,Normale,Deux véhicules - côté,,,,,,,,,,,5,2,1,1.0,3
201300031454,0013-01-17 20:30:00,13,1,17,20,30,620,540,D941,50.45848,2.57576,Nuit sans éclairage public,Hors agglomération,Hors intersection,Neige / grêle,Deux véhicules - arrière,,,,,,,,,,,3,1,1,4.0,2
201300031455,0013-02-18 07:30:00,13,2,18,7,30,620,83,"273/275, HOUDAIN (RUE D'",,,Plein jour,En agglomération,Hors intersection,Normale,Deux véhicules - frontale,,,,,,,,,,,1,2,1,1.0,1
201300031456,0013-01-12 00:35:00,13,1,12,0,35,620,617,BLUM (RUE LEON),,,Nuit avec éclairage allumé,En agglomération,Hors intersection,Normale,Trois véhicules et plus - collisions multiples,,,,,,,,,,,5,2,1,1.0,5