accident_id,datetime,annee,mois,jour,heure,minute,departement,commune_insee,adresse,latitude,longitude,luminosite,agglomeration,intersection,meteo,collision,nb_vehicules,nb_usagers,nb_indemnes,nb_tues,nb_blesses_hosp,nb_blesses_legers,age_cond_1,age_cond_2,veh_type_cond_1,veh_type_cond_2,lum_code,agg_code,int_code,atm_code,col_code
201300031582,0013-03-20 17:55:00,13,3,20,17,55,630,113,DUMAS (BD J.BAPTISTE),,,Plein jour,En agglomération,Hors intersection,Normale,Deux véhicules - côté,,,,,,,,,,,1,2,1,1.0,3
201300031583,0013-03-21 17:33:00,13,3,21,17,33,630,113,"8, SABLON (COURS)",45.776,3.09009,Plein jour,En agglomération,Hors intersection,Normale,Autre collision,,,,,,,,,,,1,2,1,1.0,6
201300031584,0013-03-21 22:40:00,13,3,21,22,40,630,113,"1, FLAUBERT (BD GUSTAVE)",,,Nuit avec éclairage allumé,En agglomération,Hors intersection,Normale,Deux véhicules - côté,,,,,,,,,,,5,2,1,1.0,3
201300031585,0013-03-22 13:10:00,13,3,22,13,10,630,14,"16, COURNON (AVENUE DE)",45.75296,3.13467,Plein jour,En agglomération,Hors intersection,Normale,Deux véhicules - arrière,,,,,,,,,,,1,2,1,1.0,2
201300031586,0013-03-22 18:25:00,13,3,22,18,25,630,14,ROCHE GENES (RUE),,,Plein jour,En agglomération,Hors intersection,Normale,Sans collision,,,,,,,,,,,1,2,1,1.0,7
201300031587,0013-03-25 20:23:00,13,3,25,20,23,630,113,LOUBET (RUE EMILE),,,Plein jour,En agglomération,Hors intersection,Normale,Autre collision,,,,,,,,,,,1,2,1,1.0,6
201300031588,0013-03-23 08:50:00,13,3,23,8,50,630,113,"8, LANDAIS (AVENUE DES)",45.76465,3.11022,Plein jour,En agglomération,Hors intersection,Temps couvert,Autre collision,,,,,,,,,,,1,2,1,8.0,6
201300031589,0013-03-23 10:30:00,13,3,23,10,30,630,113,"23, CLOS NOTRE DAME (RUE",45.78451,3.07885,Plein jour,En agglomération,Hors intersection,Normale,Deux véhicules - arrière,,,,,,,,,,,1,2,1,1.0,2
201300031590,0013-03-23 16:14:00,13,3,23,16,14,630,113,BERTHELOT (BOULEVARD),,,Plein jour,En agglomération,Hors intersection,Pluie forte,Autre collision,,,,,,,,,,,1,2,1,3.0,6
201300031591,0013-03-24 17:36:00,13,3,24,17,36,630,113,"., BLERIOT (AVENUE LOUIS",,,Plein jour,Hors agglomération,Hors intersection,Normale,Autre collision,,,,,,,,,,,1,1,1,1.0,6
201300031592,0013-03-27 19:10:00,13,3,27,19,10,630,113,"1, DUMAS (BD J.BAPTISTE)",,,Plein jour,En agglomération,Hors intersection,Normale,Deux véhicules - côté,,,,,,,,,,,1,2,1,1.0,3
201300031593,0013-03-30 16:30:00,13,3,30,16,30,630,113,A711,,,Plein jour,Hors agglomération,Hors intersection,Normale,Autre collision,,,,,,,,,,,1,1,1,1.0,6
201300031594,0013-03-30 19:43:00,13,3,30,19,43,630,113,PREVOST (RUE ABBE),,,Plein jour,En agglomération,Hors intersection,Normale,Deux véhicules - côté,,,,,,,,,,,1,2,1,1.0,3
201300031595,0013-04-02 23:43:00,13,4,2,23,43,630,113,"0, POMPIDOU (BD GEORGES)",,,Nuit avec éclairage allumé,En agglomération,Hors intersection,Normale,Autre collision,,,,,,,,,,,5,2,1,1.0,6
201300031596,0013-04-03 12:00:00,13,4,3,12,0,630,113,"., CHANDIOTS (RUE DES)",,,Plein jour,En agglomération,Hors intersection,Normale,Deux véhicules - arrière,,,,,,,,,,,1,2,1,1.0,2
201300031597,0013-04-08 18:20:00,13,4,8,18,20,630,14,GERGOVIE (RUE DE),45.75044,3.10653,Plein jour,En agglomération,Giratoire,Normale,Deux véhicules - côté,,,,,,,,,,,1,2,6,1.0,3
201300031598,0013-04-06 05:40:00,13,4,6,5,40,630,113,"., UNION SOVIETIQUE (AVE",,,Nuit avec éclairage allumé,En agglomération,Hors intersection,Normale,Autre collision,,,,,,,,,,,5,2,1,1.0,6
201300031599,0013-04-07 05:10:00,13,4,7,5,10,630,113,"1, NOHANENT (RUE DE)",,,Nuit avec éclairage allumé,En agglomération,Hors intersection,Normale,Autre collision,,,,,,,,,,,5,2,1,1.0,6
201300031600,0013-04-08 18:30:00,13,4,8,18,30,630,70,"80, MARROU (AVENUE JEAN-",45.74396,3.05859,Plein jour,En agglomération,Hors intersection,Normale,Autre collision,,,,,,,,,,,1,2,1,1.0,6
201300031601,0013-04-09 18:50:00,13,4,9,18,50,630,113,"., FLAUBERT (BD GUSTAVE)",,,Plein jour,En agglomération,Intersection en X,Normale,Deux véhicules - côté,,,,,,,,,,,1,2,2,1.0,3
201300031602,0013-04-10 15:49:00,13,4,10,15,49,630,113,JACOBINS (RUE DES),,,Plein jour,En agglomération,Hors intersection,Normale,Deux véhicules - côté,,,,,,,,,,,1,2,1,1.0,3
201300031603,0013-04-10 20:39:00,13,4,10,20,39,630,113,LIBERATION (AVENUE DE LA,,,Nuit avec éclairage allumé,En agglomération,Hors intersection,Normale,Autre collision,,,,,,,,,,,5,2,1,1.0,6
201300031604,0013-04-12 12:20:00,13,4,12,12,20,630,113,"52, CHARCOT (BD)",45.79421,3.08772,Plein jour,En agglomération,Hors intersection,Temps couvert,Autre collision,,,,,,,,,,,1,2,1,8.0,6
201300031605,0013-04-12 13:20:00,13,4,12,13,20,630,113,"35, GUYNEMER (RUE)",45.7801,3.10782,Plein jour,En agglomération,Hors intersection,Normale,Autre collision,,,,,,,,,,,1,2,1,1.0,6
201300031606,0013-04-12 15:20:00,13,4,12,15,20,630,113,"0, BERGOUGNAN (AVENUE RA",45.78549,3.06471,Plein jour,En agglomération,Intersection en X,Normale,Deux véhicules - côté,,,,,,,,,,,1,2,2,1.0,3
201300031607,0013-04-12 20:00:00,13,4,12,20,0,630,113,PAULINES (AVENUE DES),,,Plein jour,En agglomération,Hors intersection,Normale,Autre collision,,,,,,,,,,,1,2,1,1.0,6
201300031608,0013-04-13 16:17:00,13,4,13,16,17,630,113,"92, BLUM (AVENUE LEON)",45.76624,3.09616,Plein jour,En agglomération,Hors intersection,Normale,Autre collision,,,,,,,,,,,1,2,1,1.0,6
201300031609,0013-04-17 12:20:00,13,4,17,12,20,630,113,"1, MEUNIERS (RUE DES)",45.75873,3.10513,Plein jour,En agglomération,Hors intersection,Normale,Autre collision,,,,,,,,,,,1,2,1,1.0,6
201300031610,0013-04-17 17:05:00,13,4,17,17,5,630,113,"x, CARTOUCHERIE (RUE DE",45.77798,3.11572,Plein jour,En agglomération,Intersection en X,Normale,Deux véhicules - côté,,,,,,,,,,,1,2,2,1.0,3
201300031611,0013-04-17 18:35:00,13,4,17,18,35,630,113,"., POMPIDOU (BD GEORGES)",,,Plein jour,En agglomération,Hors intersection,Normale,Deux véhicules - arrière,,,,,,,,,,,1,2,1,1.0,2
201300031612,0013-04-19 16:00:00,13,4,19,16,0,630,113,"., PARDIEU (ROND-POINT D",45.76435,3.12574,Plein jour,En agglomération,Hors intersection,Normale,Autre collision,,,,,,,,,,,1,2,1,1.0,6
201300031613,0013-04-19 18:30:00,13,4,19,18,30,630,113,"175, CLEMENTEL (BD ETIEN",,,Plein jour,En agglomération,Hors intersection,Normale,Deux véhicules - arrière,,,,,,,,,,,1,2,1,1.0,2
201300031614,0013-04-23 09:13:00,13,4,23,9,13,630,113,";, BRUGIERE (BD AMBROISE",45.78973,3.11807,Plein jour,En agglomération,Intersection en Y,Normale,Deux véhicules - côté,,,,,,,,,,,1,2,4,1.0,3
201300031615,0013-04-23 10:40:00,13,4,23,10,40,630,113,"., SAINT JEAN (BD)",,,Plein jour,En agglomération,Hors intersection,Normale,Deux véhicules - côté,,,,,,,,,,,1,2,1,1.0,3
201300031616,0013-04-23 13:07:00,13,4,23,13,7,630,113,"18, POCHET LAGAYE (BD PA",45.76528,3.10376,Plein jour,En agglomération,Hors intersection,Normale,Autre collision,,,,,,,,,,,1,2,1,1.0,6
201300031617,0013-04-23 14:00:00,13,4,23,14,0,630,113,"1, MITTERRAND (BD FRANCO",45.77178,3.08989,Plein jour,En agglomération,Intersection en X,Normale,Deux véhicules - côté,,,,,,,,,,,1,2,2,1.0,3
201300031618,0013-04-25 08:29:00,13,4,25,8,29,630,113,"., BARBIER DAUBREE (AVEN",,,Plein jour,En agglomération,Hors intersection,Normale,Deux véhicules - arrière,,,,,,,,,,,1,2,1,1.0,2
201300031619,0013-04-25 22:40:00,13,4,25,22,40,630,113,COURNON (RUE DE),,,Nuit avec éclairage allumé,En agglomération,Hors intersection,Normale,Deux véhicules - côté,,,,,,,,,,,5,2,1,1.0,3
201300031620,0013-04-26 22:35:00,13,4,26,22,35,630,14,"1, DE GAULLE (AVENUE CHA",45.75195,3.11797,Nuit avec éclairage allumé,En agglomération,Intersection en X,Temps couvert,Deux véhicules - frontale,,,,,,,,,,,5,2,2,8.0,1
201300031621,0013-04-27 14:30:00,13,4,27,14,30,630,113,"3, CHANTURGUE (RUE DES H",45.81124,3.1068,Plein jour,En agglomération,Hors intersection,Normale,Autre collision,,,,,,,,,,,1,2,1,1.0,6
201300031622,0013-04-27 16:40:00,13,4,27,16,40,630,113,"1, ESTIENNE (RUE PIERRE)",45.77051,3.1291,Plein jour,En agglomération,Hors intersection,Temps couvert,Deux véhicules - côté,,,,,,,,,,,1,2,1,8.0,3
201300031623,0013-04-30 11:17:00,13,4,30,11,17,630,113,"., NEWTON (RUE)",45.78857,3.13438,Plein jour,En agglomération,Intersection en Y,Pluie forte,Deux véhicules - frontale,,,,,,,,,,,1,2,4,3.0,1
201300031624,0013-05-01 00:50:00,13,5,1,0,50,630,113,"., DUMAS (BD J.BAPTISTE)",,,Nuit avec éclairage allumé,En agglomération,Hors intersection,Pluie légère,Deux véhicules - arrière,,,,,,,,,,,5,2,1,2.0,2
201300031625,0013-05-02 15:04:00,13,5,2,15,4,630,14,AURIOL (RUE JACQUELINE),,,Plein jour,En agglomération,Hors intersection,Normale,Deux véhicules - côté,,,,,,,,,,,1,2,1,1.0,3
201300031626,0013-05-02 17:30:00,13,5,2,17,30,630,113,"1, FLAUBERT (BD GUSTAVE)",,,Plein jour,En agglomération,Hors intersection,Normale,Trois véhicules et plus - en chaîne,,,,,,,,,,,1,2,1,1.0,4
201300031627,0013-05-03 12:20:00,13,5,3,12,20,630,113,"1, UNION SOVIETIQUE (AVE",,,Plein jour,En agglomération,Hors intersection,Normale,Trois véhicules et plus - en chaîne,,,,,,,,,,,1,2,1,1.0,4
201300031628,0013-05-06 11:08:00,13,5,6,11,8,630,113,PALISSY (RUE BERNARD),,,Plein jour,En agglomération,Hors intersection,Normale,Deux véhicules - côté,,,,,,,,,,,1,2,1,1.0,3
201300031629,0013-05-07 10:40:00,13,5,7,10,40,630,113,MUSSET (RUE ALFRED DE),45.77768,3.10912,Plein jour,En agglomération,Intersection en T,Normale,Autre collision,,,,,,,,,,,1,2,3,1.0,6
201300031630,0013-05-08 01:45:00,13,5,8,1,45,630,113,"., GIDE (RUE CHARLES)",45.77516,3.11672,Nuit avec éclairage allumé,En agglomération,Autre intersection,Normale,Autre collision,,,,,,,,,,,5,2,9,1.0,6
201300031631,0013-05-10 12:20:00,13,5,10,12,20,630,113,PRE LA REINE (RUE DU),,,Plein jour,En agglomération,Hors intersection,Normale,Autre collision,,,,,,,,,,,1,2,1,1.0,6
201300031632,0013-05-11 16:07:00,13,5,11,16,7,630,70,ROYAT (ROUTE DE),,,Plein jour,En agglomération,Hors intersection,Normale,Trois véhicules et plus - en chaîne,,,,,,,,,,,1,2,1,1.0,4
201300031633,0013-05-13 00:30:00,13,5,13,0,30,630,113,"1, BELLOY (PETITE RUE DU",,,Nuit avec éclairage allumé,En agglomération,Hors intersection,Normale,Autre collision,,,,,,,,,,,5,2,1,1.0,6
201300031634,0013-05-14 13:20:00,13,5,14,13,20,630,113,"1, CHATEAUBRIAND (RUE)",45.79352,3.07947,Plein jour,En agglomération,Intersection en X,Normale,Deux véhicules - côté,,,,,,,,,,,1,2,2,1.0,3
201300031635,0013-05-14 17:04:00,13,5,14,17,4,630,113,"64, CLEMENTEL (BD ETIENN",45.80179,3.11112,Plein jour,En agglomération,Hors intersection,Normale,Deux véhicules - côté,,,,,,,,,,,1,2,1,1.0,3
201300031636,0013-05-15 10:25:00,13,5,15,10,25,630,113,"., AURIOL (BOULEBARD VIN",,,Plein jour,En agglomération,Hors intersection,Normale,Sans collision,,,,,,,,,,,1,2,1,1.0,7
201300031637,0013-05-16 11:20:00,13,5,16,11,20,630,113,"73, SAINT ALYRE (RUE)",45.78577,3.08088,Plein jour,En agglomération,Hors intersection,Temps couvert,Autre collision,,,,,,,,,,,1,2,1,8.0,6
201300031638,0013-05-16 17:35:00,13,5,16,17,35,630,113,CHANTERANNE (RUE DE),,,Plein jour,En agglomération,Hors intersection,Normale,Deux véhicules - arrière,,,,,,,,,,,1,2,1,1.0,2
201300031639,0013-05-16 19:45:00,13,5,16,19,45,630,113,"., ITALIE (AVENUE DE L')",,,Plein jour,En agglomération,Hors intersection,Pluie forte,Autre collision,,,,,,,,,,,1,2,1,3.0,6
201300031640,0013-05-17 08:40:00,13,5,17,8,40,630,113,"1, ESTIENNE (RUE PIERRE)",45.77083,3.12906,Plein jour,En agglomération,Hors intersection,Normale,Deux véhicules - côté,,,,,,,,,,,1,2,1,1.0,3
201300031641,0013-05-18 00:45:00,13,5,18,0,45,630,113,"90 bis, REPUBLIQUE (AVEN",45.78724,3.10551,Nuit avec éclairage allumé,En agglomération,Hors intersection,Normale,Deux véhicules - arrière,,,,,,,,,,,5,2,1,1.0,2
201300031642,0013-05-19 12:25:00,13,5,19,12,25,630,113,"22, KESSLER (RUE)",45.76942,3.08726,Plein jour,En agglomération,Hors intersection,Normale,Sans collision,,,,,,,,,,,1,2,1,1.0,7
201300031643,0013-05-19 22:51:00,13,5,19,22,51,630,113,"43, SABLON (COURS)",45.77187,3.08996,Nuit avec éclairage allumé,En agglomération,Intersection en X,Normale,Deux véhicules - côté,,,,,,,,,,,5,2,2,1.0,3
201300031644,0013-05-20 18:43:00,13,5,20,18,43,630,113,TORPILLEUR SIROCCO (RUE,45.80959,3.10715,Plein jour,En agglomération,Hors intersection,Normale,Autre collision,,,,,,,,,,,1,2,1,1.0,6
201300031645,0013-05-21 12:12:00,13,5,21,12,12,630,113,"., CLEMENTEL (BD ETIENNE",,,Plein jour,En agglomération,Hors intersection,Normale,Autre collision,,,,,,,,,,,1,2,1,1.0,6
201300031646,0013-05-21 14:35:00,13,5,21,14,35,630,113,"1, BREZET (ROND-POINT DU",45.78006,3.13134,Plein jour,En agglomération,Hors intersection,Normale,Deux véhicules - côté,,,,,,,,,,,1,2,1,1.0,3
201300031647,0013-05-22 14:31:00,13,5,22,14,31,630,32,"66, MONT-DORE (AVENUE DU",45.74792,3.0749,Plein jour,En agglomération,Hors intersection,Normale,Autre collision,,,,,,,,,,,1,2,1,1.0,6
201300031648,0013-05-23 15:50:00,13,5,23,15,50,630,113,"., CUGNOT (RUE NICOLAS-J",,,Plein jour,En agglomération,Hors intersection,Normale,Deux véhicules - côté,,,,,,,,,,,1,2,1,1.0,3
201300031649,0013-05-23 16:47:00,13,5,23,16,47,630,113,"1, MONTALEMBERT (RUE)",45.76011,3.09391,Plein jour,En agglomération,Hors intersection,Normale,Deux véhicules - côté,,,,,,,,,,,1,2,1,1.0,3
201300031650,0013-05-24 02:45:00,13,5,24,2,45,630,113,BREZET (AVENUE),45.77939,3.1473,Nuit sans éclairage public,En agglomération,Giratoire,Normale,Sans collision,,,,,,,,,,,3,2,6,1.0,7
201300031651,0013-05-24 13:47:00,13,5,24,13,47,630,113,POMPIDOU (BD GEORGES),,,Plein jour,En agglomération,Hors intersection,Normale,Autre collision,,,,,,,,,,,1,2,1,1.0,6
201300031652,0013-05-26 08:50:00,13,5,26,8,50,630,113,"1, POURCHON (BD MAURICE)",45.78942,3.08076,Plein jour,En agglomération,Hors intersection,Normale,Autre collision,,,,,,,,,,,1,2,1,1.0,6
201300031653,0013-05-27 07:50:00,13,5,27,7,50,630,113,"74, BREZET (AVENUE)",45.77909,3.12734,Plein jour,En agglomération,Hors intersection,Normale,Trois véhicules et plus - en chaîne,,,,,,,,,,,1,2,1,1.0,4
201300031654,0013-05-27 16:45:00,13,5,27,16,45,630,113,"., FRANCE (RUE ANATOLE)",,,Plein jour,En agglomération,Hors intersection,Normale,Deux véhicules - côté,,,,,,,,,,,1,2,1,1.0,3
201300031655,0013-05-28 11:55:00,13,5,28,11,55,630,75,"2, VOLTAIRE (RUE)",45.7792,3.06718,Plein jour,En agglomération,Hors intersection,Normale,Autre collision,,,,,,,,,,,1,2,1,1.0,6
201300031656,0013-05-30 10:37:00,13,5,30,10,37,630,113,DESAIX (BD),,,Plein jour,En agglomération,Hors intersection,Normale,Deux véhicules - côté,,,,,,,,,,,1,2,1,1.0,3
201300031657,0013-05-31 11:09:00,13,5,31,11,9,630,14,"62, COURNON (AVENUE DE)",45.75423,3.141,Plein jour,En agglomération,Hors intersection,Normale,Autre collision,,,,,,,,,,,1,2,1,1.0,6
201300031658,0013-06-01 18:40:00,13,6,1,18,40,630,113,"22-24, ANDRAUD (RUE HENR",45.76605,3.09032,Plein jour,En agglomération,Hors intersection,Normale,Autre collision,,,,,,,,,,,1,2,1,1.0,6
201300031659,0013-06-03 14:08:00,13,6,3,14,8,630,113,"., AGRICULTURE (AVENUE D",,,Plein jour,En agglomération,Hors intersection,Normale,Deux véhicules - côté,,,,,,,,,,,1,2,1,1.0,3
201300031660,0013-06-04 14:55:00,13,6,4,14,55,630,113,"., CHANTERANNE (RUE DE)",,,Plein jour,En agglomération,Hors intersection,Normale,Deux véhicules - côté,,,,,,,,,,,1,2,1,1.0,3
201300031661,0013-06-05 07:50:00,13,6,5,7,50,630,113,"12, TIRETAINE (ALLEE DE)",45.79018,3.09793,Plein jour,En agglomération,Intersection en T,Normale,Deux véhicules - côté,,,,,,,,,,,1,2,3,1.0,3
201300031662,0013-06-05 12:17:00,13,6,5,12,17,630,113,BINGEN (BD JACQUES),,,Plein jour,En agglomération,Hors intersection,Normale,Trois véhicules et plus - en chaîne,,,,,,,,,,,1,2,1,1.0,4
201300031663,0013-06-06 12:12:00,13,6,6,12,12,630,113,"17, SCHUMAN (BD ROBERT)",45.76343,3.12807,Plein jour,En agglomération,Hors intersection,Normale,Autre collision,,,,,,,,,,,1,2,1,1.0,6
201300031664,0013-06-07 01:20:00,13,6,7,1,20,630,113,"1, BINGEN (BD JACQUES)",45.76677,3.1071,Nuit avec éclairage allumé,En agglomération,Intersection en X,Normale,Deux véhicules - frontale,,,,,,,,,,,5,2,2,1.0,1
201300031665,0013-06-07 08:47:00,13,6,7,8,47,630,113,"2, BLANZAT (RUE DE)",45.78256,3.08463,Plein jour,En agglomération,Hors intersection,Normale,Trois véhicules et plus - en chaîne,,,,,,,,,,,1,2,1,1.0,4
201300031666,0013-06-07 18:40:00,13,6,7,18,40,630,14,"., ROUSSILLON (AVENUE DU",,,Plein jour,En agglomération,Hors intersection,Normale,Trois véhicules et plus - collisions multiples,,,,,,,,,,,1,2,1,1.0,5
201300031667,0013-06-08 10:00:00,13,6,8,10,0,630,113,"., CLAUDIUS (CHAUSSEE)",,,Plein jour,En agglomération,Hors intersection,Normale,Deux véhicules - arrière,,,,,,,,,,,1,2,1,1.0,2
201300031668,0013-06-10 08:45:00,13,6,10,8,45,630,113,BEAULIEU (CHEMIN DE),,,Plein jour,En agglomération,Hors intersection,Normale,Sans collision,,,,,,,,,,,1,2,1,1.0,7
201300031669,0013-06-10 15:01:00,13,6,10,15,1,630,113,"., MENAT (RUE ANTOINE)",45.77944,3.07767,Plein jour,En agglomération,Intersection en X,Normale,Autre collision,,,,,,,,,,,1,2,2,1.0,6
201300031670,0013-06-11 11:55:00,13,6,11,11,55,630,308,"1, ALLARD (PLACE)",45.76743,3.05591,Plein jour,En agglomération,Hors intersection,Normale,Deux véhicules - côté,,,,,,,,,,,1,2,1,1.0,3
201300031671,0013-06-11 15:35:00,13,6,11,15,35,630,113,"1, AIGUILLADE (RUE DE L'",,,Plein jour,En agglomération,Hors intersection,Normale,Deux véhicules - arrière,,,,,,,,,,,1,2,1,1.0,2
201300031672,0013-06-12 15:15:00,13,6,12,15,15,630,113,"., JAURES (BD JEAN)",,,Plein jour,En agglomération,Hors intersection,Normale,Deux véhicules - côté,,,,,,,,,,,1,2,1,1.0,3
201300031673,0013-06-12 18:05:00,13,6,12,18,5,630,14,"17, COURNON (AVENUE DE)",45.75311,3.13525,Plein jour,En agglomération,Intersection en T,Normale,Deux véhicules - côté,,,,,,,,,,,1,2,3,1.0,3
201300031674,0013-06-13 12:41:00,13,6,13,12,41,630,113,JAURES (BD JEAN),,,Plein jour,En agglomération,Hors intersection,Normale,Deux véhicules - côté,,,,,,,,,,,1,2,1,1.0,3
201300031675,0013-06-13 18:45:00,13,6,13,18,45,630,113,"14, BELLOY (RUE DU)",45.7843,3.08013,Plein jour,En agglomération,Hors intersection,Normale,Autre collision,,,,,,,,,,,1,2,1,1.0,6
201300031676,0013-06-13 21:15:00,13,6,13,21,15,630,113,"0, REPUBLIQUE (AVENUE DE",,,Plein jour,En agglomération,Hors intersection,Normale,Autre collision,,,,,,,,,,,1,2,1,1.0,6
201300031677,0013-06-14 08:45:00,13,6,14,8,45,630,113,"1, AMADEO (RUE)",45.78009,3.0738,Plein jour,En agglomération,Hors intersection,Normale,Autre collision,,,,,,,,,,,1,2,1,1.0,6
201300031678,0013-06-15 13:50:00,13,6,15,13,50,630,113,BEAULIEU (CHEMIN DE),,,Plein jour,En agglomération,Hors intersection,Normale,Autre collision,,,,,,,,,,,1,2,1,1.0,6
201300031679,0013-06-15 20:25:00,13,6,15,20,25,630,113,"., MOULIN (BD JEAN)",45.77694,3.11773,Plein jour,En agglomération,Intersection en X,Normale,Deux véhicules - côté,,,,,,,,,,,1,2,2,1.0,3
201300031680,0013-06-16 22:56:00,13,6,16,22,56,630,113,POCHET LAGAYE (BD PAUL),,,Nuit avec éclairage allumé,En agglomération,Hors intersection,Normale,Deux véhicules - côté,,,,,,,,,,,5,2,1,1.0,3
201300031681,0013-06-17 10:34:00,13,6,17,10,34,630,75,"42, ROYAT (AVENUE DE)",45.77553,3.06611,Plein jour,En agglomération,Hors intersection,Normale,Autre collision,,,,,,,,,,,1,2,1,1.0,6
201300031682,0013-06-17 12:30:00,13,6,17,12,30,630,113,"1, MONGE (RUE GASPARD)",45.76552,3.09677,Plein jour,En agglomération,Intersection en X,Normale,Deux véhicules - côté,,,,,,,,,,,1,2,2,1.0,3
201300031683,0013-06-17 13:45:00,13,6,17,13,45,630,113,BINGEN (BD JACQUES),,,Plein jour,En agglomération,Hors intersection,Normale,Trois véhicules et plus - en chaîne,,,,,,,,,,,1,2,1,1.0,4
201300031684,0013-06-17 16:30:00,13,6,17,16,30,630,113,"., AGRICULTURE (AVENUE D",,,Plein jour,En agglomération,Hors intersection,Normale,Trois véhicules et plus - en chaîne,,,,,,,,,,,1,2,1,1.0,4
201300031685,0013-06-18 20:47:00,13,6,18,20,47,630,113,"18, THEURIET (RUE ANDRE)",45.76822,3.07807,Plein jour,En agglomération,Hors intersection,Normale,Deux véhicules - côté,,,,,,,,,,,1,2,1,1.0,3
201300031686,0013-06-21 09:10:00,13,6,21,9,10,630,113,"., BONNABAUD (RUE)",,,Plein jour,En agglomération,Hors intersection,Normale,Autre collision,,,,,,,,,,,1,2,1,1.0,6
201300031687,0013-06-22 14:10:00,13,6,22,14,10,630,75,"1, FONTMAURE (AVENUE DE)",,,Plein jour,En agglomération,Hors intersection,Normale,Autre collision,,,,,,,,,,,1,2,1,1.0,6
201300031688,0013-06-22 18:15:00,13,6,22,18,15,630,113,"1, CHANTURGUE (RUE DES H",45.78241,3.08471,Plein jour,En agglomération,Hors intersection,Normale,Autre collision,,,,,,,,,,,1,2,1,1.0,6
201300031689,0013-06-23 05:25:00,13,6,23,5,25,630,113,"0, JAUDE PLACE DE)",,,Nuit avec éclairage allumé,En agglomération,Hors intersection,Normale,Autre collision,,,,,,,,,,,5,2,1,1.0,6
201300031690,0013-06-23 14:40:00,13,6,23,14,40,630,113,"1, JOUHAUX (BD LEON)",45.79235,3.11782,Plein jour,En agglomération,Intersection en X,Normale,Deux véhicules - côté,,,,,,,,,,,1,2,2,1.0,3
201300031691,0013-06-24 06:45:00,13,6,24,6,45,630,113,PELISSIER (RUE),,,Plein jour,En agglomération,Hors intersection,Normale,Autre collision,,,,,,,,,,,1,2,1,1.0,6
201300031692,0013-06-24 07:30:00,13,6,24,7,30,630,113,"19, LAFAYETTE (BD)",45.77349,3.09101,Plein jour,En agglomération,Hors intersection,Temps couvert,Deux véhicules - arrière,,,,,,,,,,,1,2,1,8.0,2
201300031693,0013-06-24 09:14:00,13,6,24,9,14,630,113,SCHUMAN (BD ROBERT),45.76144,3.13238,Plein jour,En agglomération,Giratoire,Normale,Deux véhicules - arrière,,,,,,,,,,,1,2,6,1.0,2
201300031694,0013-06-25 10:00:00,13,6,25,10,0,630,113,"., CHANCROLE (RUE DE)",,,Plein jour,En agglomération,Hors intersection,Normale,Deux véhicules - frontale,,,,,,,,,,,1,2,1,1.0,1
201300031695,0013-06-27 14:25:00,13,6,27,14,25,630,113,"., REPUBLIQUE (AVENUE DE",,,Plein jour,En agglomération,Intersection en T,Normale,Deux véhicules - côté,,,,,,,,,,,1,2,3,1.0,3
201300031696,0013-06-29 02:30:00,13,6,29,2,30,630,75,"95, ROYAT (AVENUE DE)",45.77376,3.06171,Nuit avec éclairage allumé,En agglomération,Hors intersection,Normale,Sans collision,,,,,,,,,,,5,2,1,1.0,7
201300031697,0013-07-02 17:50:00,13,7,2,17,50,630,113,"1, TEMPLE (RUE DU)",45.79294,3.11624,Plein jour,En agglomération,Intersection en X,Normale,Deux véhicules - côté,,,,,,,,,,,1,2,2,1.0,3
201300031698,0013-07-03 15:10:00,13,7,3,15,10,630,113,SOUS LES VIGNES (RUE),,,Plein jour,En agglomération,Hors intersection,Normale,Deux véhicules - côté,,,,,,,,,,,1,2,1,1.0,3
201300031699,0013-07-04 15:45:00,13,7,4,15,45,630,113,"0, BERTHELOT (BOULEVARD)",,,Plein jour,En agglomération,Hors intersection,Normale,Trois véhicules et plus - en chaîne,,,,,,,,,,,1,2,1,1.0,4
201300031700,0013-07-04 16:05:00,13,7,4,16,5,630,113,CRISTAL (AVENUE ERNEST),,,Plein jour,En agglomération,Hors intersection,Normale,Deux véhicules - côté,,,,,,,,,,,1,2,1,1.0,3
201300031701,0013-07-04 17:40:00,13,7,4,17,40,630,32,"X, POURLIAT (ROND-POINT",,,Plein jour,En agglomération,Hors intersection,Normale,Deux véhicules - arrière,,,,,,,,,,,1,2,1,1.0,2
201300031702,0013-07-07 15:50:00,13,7,7,15,50,630,113,"., FLAUBERT (BD GUSTAVE)",45.7687,3.12447,Plein jour,En agglomération,Intersection en T,Normale,Deux véhicules - côté,,,,,,,,,,,1,2,3,1.0,3
201300031703,0013-07-06 03:10:00,13,7,6,3,10,630,113,"., ANGE (RUE DE L')",,,Nuit avec éclairage allumé,En agglomération,Hors intersection,Normale,Autre collision,,,,,,,,,,,5,2,1,1.0,6
201300031704,0013-07-08 20:32:00,13,7,8,20,32,630,113,CLEMENTEL (BD ETIENNE),,,Plein jour,En agglomération,Hors intersection,Normale,Autre collision,,,,,,,,,,,1,2,1,1.0,6
201300031705,0013-07-09 17:10:00,13,7,9,17,10,630,113,"15, TOURRETTE (RUE)",45.79814,3.11797,Plein jour,En agglomération,Hors intersection,Normale,Autre collision,,,,,,,,,,,1,2,1,1.0,6
201300031706,0013-07-10 20:00:00,13,7,10,20,0,630,113,"., LAFAYETTE (BD)",,,Plein jour,En agglomération,Hors intersection,Normale,Autre collision,,,,,,,,,,,1,2,1,1.0,6