accident_id,datetime,annee,mois,jour,heure,minute,departement,commune_insee,adresse,latitude,longitude,luminosite,agglomeration,intersection,meteo,collision,nb_vehicules,nb_usagers,nb_indemnes,nb_tues,nb_blesses_hosp,nb_blesses_legers,age_cond_1,age_cond_2,veh_type_cond_1,veh_type_cond_2,lum_code,agg_code,int_code,atm_code,col_code
201300031959,0013-12-17 12:25:00,13,12,17,12,25,630,193,RD 769,,,Plein jour,En agglomération,Hors intersection,Normale,Deux véhicules - arrière,,,,,,,,,,,1,2,1,1.0,2
201300031960,0013-02-01 12:15:00,13,2,1,12,15,630,164,"., Malintrat ( route de",45.48538,3.45699,Plein jour,En agglomération,Hors intersection,Normale,Autre collision,,,,,,,,,,,1,2,1,1.0,6
201300031961,0013-03-30 20:50:00,13,3,30,20,50,630,164,MARTYRS (RUE DES),45.81911,3.15009,Nuit avec éclairage allumé,En agglomération,Intersection en T,Pluie légère,Deux véhicules - côté,,,,,,,,,,,5,2,3,2.0,3
201300031962,0013-05-12 08:40:00,13,5,12,8,40,630,164,"., CHARMES (CARREFOUR DE",,,Plein jour,En agglomération,Intersection en X,Normale,Autre collision,,,,,,,,,,,1,2,2,1.0,6
201300031963,0013-06-06 15:10:00,13,6,6,15,10,630,164,"., SOUS LES ORS (RUE)",,,Plein jour,En agglomération,Hors intersection,Normale,Autre collision,,,,,,,,,,,1,2,1,1.0,6
201300031964,0013-06-08 11:40:00,13,6,8,11,40,630,63,"face 8 bis, PERCHES (COU",45.8302,3.09987,Plein jour,En agglomération,Hors intersection,Normale,Autre collision,,,,,,,,,,,1,2,1,1.0,6
201300031965,0013-06-16 09:15:00,13,6,16,9,15,630,63,"20, CHATEAUGAY (RUE DE)",45.83383,3.0965,Plein jour,En agglomération,Hors intersection,Normale,Autre collision,,,,,,,,,,,1,2,1,1.0,6
201300031966,0013-06-23 21:15:00,13,6,23,21,15,630,113,"., Torpilleur Sirocco (",45.81672,3.10693,Plein jour,En agglomération,Intersection en X,Normale,Autre collision,,,,,,,,,,,1,2,2,1.0,6
201300031967,0013-08-05 11:30:00,13,8,5,11,30,630,63,"., ORANGE (RUE)",,,Plein jour,En agglomération,Hors intersection,Normale,Autre collision,,,,,,,,,,,1,2,1,1.0,6
201300031968,0013-08-07 17:15:00,13,8,7,17,15,630,164,Rond point de COURLANDE,,,Plein jour,En agglomération,Giratoire,Normale,Deux véhicules - côté,,,,,,,,,,,1,2,6,1.0,3
201300031969,0013-08-10 17:00:00,13,8,10,17,0,630,63,"3, HUIT MAI (AVENUE DU)",45.83037,3.10232,Plein jour,En agglomération,Intersection en X,Normale,Autre collision,,,,,,,,,,,1,2,2,1.0,6
201300031970,0013-08-12 20:30:00,13,8,12,20,30,630,164,"., CHARRIER (RUE FRANCOI",45.82712,3.15085,Plein jour,En agglomération,Giratoire,Normale,Autre collision,,,,,,,,,,,1,2,6,1.0,6
201300031971,0013-10-17 10:10:00,13,10,17,10,10,630,164,"17, CURIE (RUE PIERRE ET",45.81592,3.1468,Plein jour,En agglomération,Hors intersection,Pluie légère,Sans collision,,,,,,,,,,,1,2,1,2.0,7
201300031972,0013-10-22 19:00:00,13,10,22,19,0,630,164,"., CEBAZAT (ROUTE DE)",,,Crépuscule ou aube,En agglomération,Hors intersection,Normale,Autre collision,,,,,,,,,,,2,2,1,1.0,6
201300031973,0013-10-24 12:15:00,13,10,24,12,15,630,164,FERRY (RUE JULES),45.82004,3.14409,Plein jour,En agglomération,Intersection en T,Normale,Deux véhicules - côté,,,,,,,,,,,1,2,3,1.0,3
201300031974,0013-11-06 21:35:00,13,11,6,21,35,630,63,RD 2009,,,Nuit avec éclairage non allumé,En agglomération,Hors intersection,Normale,Autre collision,,,,,,,,,,,4,2,1,1.0,6
201300031975,0013-12-06 19:45:00,13,12,6,19,45,630,19,"., GERZAT (ROUTE DE)",,,Nuit sans éclairage public,En agglomération,Hors intersection,Normale,Autre collision,,,,,,,,,,,3,2,1,1.0,6
201300031976,0013-12-02 17:45:00,13,12,2,17,45,630,164,"., CEBAZAT (ROUTE DE)",,,Nuit sans éclairage public,En agglomération,Hors intersection,Normale,Autre collision,,,,,,,,,,,3,2,1,1.0,6
201300031977,0013-03-20 00:01:00,13,3,20,0,1,630,300,RD 2029,45.87935,3.11402,Nuit avec éclairage allumé,En agglomération,Intersection en T,Normale,Autre collision,,,,,,,,,,,5,2,3,1.0,6
201300031978,0013-06-07 18:15:00,13,6,7,18,15,630,300,CHATELGUYON-GUYON (AVENU,,,Plein jour,En agglomération,Hors intersection,Normale,Deux véhicules - côté,,,,,,,,,,,1,2,1,1.0,3
201300031979,0013-06-22 11:00:00,13,6,22,11,0,630,300,"., CLERMONT (AVENUE DE)",45.53129,3.45699,Plein jour,En agglomération,Intersection en X,Normale,Autre collision,,,,,,,,,,,1,2,2,1.0,6
201300031980,0013-07-06 17:30:00,13,7,6,17,30,630,103,RD 227,45.55225,3.45699,Plein jour,En agglomération,Hors intersection,Normale,Autre collision,,,,,,,,,,,1,2,1,1.0,6
201300031981,0013-10-11 20:40:00,13,10,11,20,40,630,103,RD 227,,,Nuit sans éclairage public,Hors agglomération,Hors intersection,Temps couvert,Trois véhicules et plus - collisions multiples,,,,,,,,,,,3,1,1,8.0,5
201300031982,0013-11-05 18:45:00,13,11,5,18,45,630,300,SERVET MICHEL (RUE),45.88205,3.12218,Crépuscule ou aube,En agglomération,Intersection en T,Normale,Autre collision,,,,,,,,,,,2,2,3,1.0,6
201300031983,0013-11-08 13:30:00,13,11,8,13,30,630,300,"79, CLEMENTEL ETIENNE (B",45.89001,3.11266,Plein jour,En agglomération,Hors intersection,Normale,Autre collision,,,,,,,,,,,1,2,1,1.0,6
201300031984,0013-01-05 11:15:00,13,1,5,11,15,640,102,180 AV HENRI DE NAVARRE,43.5121,-1.43997,Plein jour,En agglomération,Hors intersection,Temps couvert,Deux véhicules - arrière,,,,,,,,,,,1,2,1,8.0,2
201300031985,0013-01-10 16:30:00,13,1,10,16,30,640,102,RUE ANTOINE LABARTHE,43.4894,-1.48363,Plein jour,En agglomération,Hors intersection,Pluie légère,Autre collision,,,,,,,,,,,1,2,1,2.0,6
201300031986,0013-01-11 22:15:00,13,1,11,22,15,640,102,25 RUE CHARLES FLOQUET,43.4934,-1.46536,Nuit avec éclairage allumé,En agglomération,Intersection en T,Temps couvert,Deux véhicules - côté,,,,,,,,,,,5,2,3,8.0,3
201300031987,0013-01-12 08:40:00,13,1,12,8,40,640,102,ALLEES BOUFFLERS,43.4925,-1.47132,Plein jour,En agglomération,Intersection en T,Pluie forte,Autre collision,,,,,,,,,,,1,2,3,3.0,6
201300031988,0013-01-16 07:30:00,13,1,16,7,30,640,102,AV DU 8 MAI 1945,43.4764,-1.48416,Nuit avec éclairage allumé,En agglomération,Hors intersection,Pluie forte,Autre collision,,,,,,,,,,,5,2,1,3.0,6
201300031989,0013-01-22 17:35:00,13,1,22,17,35,640,24,7 ROUTE DE MAIGNON,43.4789,-1.5048,Crépuscule ou aube,En agglomération,Hors intersection,Pluie légère,Deux véhicules - frontale,,,,,,,,,,,2,2,1,2.0,1
201300031990,0013-01-23 15:30:00,13,1,23,15,30,640,102,2 AV PAUL PRAS,43.4852,-1.47633,Plein jour,En agglomération,Hors intersection,Pluie légère,Autre collision,,,,,,,,,,,1,2,1,2.0,6
201300031991,0013-01-24 08:00:00,13,1,24,8,0,640,24,RP DOCTEUR LACROIX,43.4777,-1.52384,Crépuscule ou aube,En agglomération,Giratoire,Pluie légère,Autre collision,,,,,,,,,,,2,2,6,2.0,6
201300031992,0013-01-29 07:50:00,13,1,29,7,50,640,24,ROND POINT DE BAHINOS,43.494,-1.51851,Crépuscule ou aube,En agglomération,Giratoire,Normale,Deux véhicules - côté,,,,,,,,,,,2,2,6,1.0,3
201300031993,0013-02-05 10:15:00,13,2,5,10,15,640,24,AV DE BIARRITZ,43.4811,-1.53457,Plein jour,En agglomération,Intersection en T,Temps couvert,Deux véhicules - arrière,,,,,,,,,,,1,2,3,8.0,2
201300031994,0013-02-07 07:50:00,13,2,7,7,50,640,24,14 RUE DE NUMA,43.4867,-1.50365,Plein jour,En agglomération,Hors intersection,Temps couvert,Deux véhicules - frontale,,,,,,,,,,,1,2,1,8.0,1
201300031995,0013-02-10 09:30:00,13,2,10,9,30,640,102,BD D'ARITXAGUE,43.4713,-1.49165,Plein jour,Hors agglomération,Hors intersection,Temps couvert,Sans collision,,,,,,,,,,,1,1,1,8.0,7
201300031996,0013-02-10 15:20:00,13,2,10,15,20,640,24,RUE DE BITACHON,43.4911,-1.51373,Plein jour,En agglomération,Intersection en T,Normale,Deux véhicules - côté,,,,,,,,,,,1,2,3,1.0,3
201300031997,0013-02-16 10:50:00,13,2,16,10,50,640,24,RUE DES BARTHES,43.4835,-1.50831,Plein jour,En agglomération,Intersection en T,Normale,Deux véhicules - côté,,,,,,,,,,,1,2,3,1.0,3
201300031998,0013-02-20 08:50:00,13,2,20,8,50,640,102,GIRATOIRE DE BEYRIS,43.479,-1.49848,Plein jour,En agglomération,Hors intersection,Normale,Deux véhicules - arrière,,,,,,,,,,,1,2,1,1.0,2
201300031999,0013-02-20 12:45:00,13,2,20,12,45,640,102,42 AV HENRI DE NAVARRE,43.4981,-1.44841,Plein jour,En agglomération,Hors intersection,Normale,Deux véhicules - côté,,,,,,,,,,,1,2,1,1.0,3
201300032000,0013-02-27 17:40:00,13,2,27,17,40,640,102,17 RUE RENE CUZACQ,43.4937,-1.45927,Plein jour,En agglomération,Hors intersection,Normale,Sans collision,,,,,,,,,,,1,2,1,1.0,7
201300032001,0013-03-05 15:10:00,13,3,5,15,10,640,24,AV DE BAYONNE,43.4812,-1.51064,Plein jour,En agglomération,Intersection en T,Normale,Deux véhicules - côté,,,,,,,,,,,1,2,3,1.0,3
201300032002,0013-03-13 20:00:00,13,3,13,20,0,640,102,6 RUE D' ESPAGNE,43.4886,-1.47792,Nuit avec éclairage allumé,En agglomération,Hors intersection,Neige / grêle,Autre collision,,,,,,,,,,,5,2,1,4.0,6
201300032003,0013-03-15 15:55:00,13,3,15,15,55,640,24,AV DE BAYONNE/MINERVA,43.4812,-1.51064,Plein jour,En agglomération,Intersection en T,Normale,Deux véhicules - côté,,,,,,,,,,,1,2,3,1.0,3
201300032004,0013-03-15 18:00:00,13,3,15,18,0,640,102,5 AV JOUANDIN,43.5029,-1.45231,Plein jour,En agglomération,Hors intersection,Normale,Autre collision,,,,,,,,,,,1,2,1,1.0,6
201300032005,0013-03-21 08:20:00,13,3,21,8,20,640,102,45 AV ALLEES MARINES,43.4986,-1.48773,Plein jour,En agglomération,Hors intersection,Normale,Autre collision,,,,,,,,,,,1,2,1,1.0,6
201300032006,0013-03-23 12:50:00,13,3,23,12,50,640,102,AV DU 8 MAI 1945,43.4669,-1.49295,Plein jour,En agglomération,Hors intersection,Normale,Deux véhicules - côté,,,,,,,,,,,1,2,1,1.0,3
201300032007,0013-03-29 16:10:00,13,3,29,16,10,640,102,PLACE DU REDUIT,43.4925,-1.47355,Plein jour,En agglomération,Hors intersection,Temps couvert,Autre collision,,,,,,,,,,,1,2,1,8.0,6
201300032008,0013-03-29 17:10:00,13,3,29,17,10,640,24,ROND POINT DU CADRAN,43.4833,-1.50195,Plein jour,En agglomération,Giratoire,Temps couvert,Autre collision,,,,,,,,,,,1,2,6,8.0,6
201300032009,0013-03-31 16:10:00,13,3,31,16,10,640,24,AV DE BAYONNE,43.4812,-1.51077,Plein jour,En agglomération,Hors intersection,Normale,Deux véhicules - côté,,,,,,,,,,,1,2,1,1.0,3
201300032010,0013-04-03 12:20:00,13,4,3,12,20,640,24,44 AV CHAMBRE D' AMOUR,43.4951,-1.5336,Plein jour,En agglomération,Hors intersection,Normale,Deux véhicules - côté,,,,,,,,,,,1,2,1,1.0,3
201300032011,0013-04-04 13:10:00,13,4,4,13,10,640,24,20 AVENUE D' ESPAGNE,43.4798,-1.51679,Plein jour,En agglomération,Hors intersection,Pluie légère,Deux véhicules - arrière,,,,,,,,,,,1,2,1,2.0,2
201300032012,0013-04-07 17:20:00,13,4,7,17,20,640,24,RUE DU BOIS BELIN,43.4925,-1.521,Plein jour,En agglomération,Hors intersection,Normale,Sans collision,,,,,,,,,,,1,2,1,1.0,7
201300032013,0013-04-13 19:20:00,13,4,13,19,20,640,102,AV AQUITAINE,43.4867,-1.46903,Plein jour,En agglomération,Giratoire,Normale,Deux véhicules - côté,,,,,,,,,,,1,2,6,1.0,3
201300032014,0013-04-13 20:15:00,13,4,13,20,15,640,102,RUE DE LACHEPAILLET,43.4899,-1.47919,Plein jour,En agglomération,Hors intersection,Normale,Deux véhicules - côté,,,,,,,,,,,1,2,1,1.0,3
201300032015,0013-04-15 07:50:00,13,4,15,7,50,640,102,AV DU 8 MAI 1945,43.4764,-1.48407,Plein jour,En agglomération,Intersection en X,Normale,Deux véhicules - côté,,,,,,,,,,,1,2,2,1.0,3
201300032016,0013-04-15 18:40:00,13,4,15,18,40,640,102,168 AV HENRI DE NAVARRE,43.5112,-1.44216,Plein jour,En agglomération,Hors intersection,Normale,Deux véhicules - côté,,,,,,,,,,,1,2,1,1.0,3
201300032017,0013-04-17 16:15:00,13,4,17,16,15,640,24,AV DE BAYONNE,43.4825,-1.50532,Plein jour,En agglomération,Intersection en T,Normale,Deux véhicules - côté,,,,,,,,,,,1,2,3,1.0,3
201300032018,0013-04-20 18:23:00,13,4,20,18,23,640,24,AV JEAN LEON LAPORTE,43.4876,-1.50078,Plein jour,En agglomération,Intersection en T,Normale,Deux véhicules - côté,,,,,,,,,,,1,2,3,1.0,3
201300032019,0013-04-20 21:50:00,13,4,20,21,50,640,24,GIRATOIRE DE LABORDOTTE,43.465,-1.49961,Nuit avec éclairage allumé,En agglomération,Giratoire,Normale,Sans collision,,,,,,,,,,,5,2,6,1.0,7
201300032020,0013-04-21 20:45:00,13,4,21,20,45,640,24,GIRATOIRE DE MAIGNON,43.4608,-1.49611,Crépuscule ou aube,En agglomération,Hors intersection,Normale,Deux véhicules - arrière,,,,,,,,,,,2,2,1,1.0,2
201300032021,0013-04-23 19:25:00,13,4,23,19,25,640,24,37 AV DE BIARRITZ,43.4803,-1.52021,Plein jour,En agglomération,Hors intersection,Normale,Sans collision,,,,,,,,,,,1,2,1,1.0,7
201300032022,0013-04-25 17:18:00,13,4,25,17,18,640,24,RUE DU BOIS BELIN,43.4933,-1.51497,Plein jour,En agglomération,Hors intersection,Normale,Deux véhicules - côté,,,,,,,,,,,1,2,1,1.0,3
201300032023,0013-04-25 19:20:00,13,4,25,19,20,640,140,QUAI DE LA DOUANE,43.5227,-1.49023,Plein jour,En agglomération,Hors intersection,Normale,Trois véhicules et plus - en chaîne,,,,,,,,,,,1,2,1,1.0,4
201300032024,0013-04-30 09:30:00,13,4,30,9,30,640,102,AV FAURIE,43.4826,-1.48342,Plein jour,En agglomération,Intersection en T,Pluie légère,Deux véhicules - côté,,,,,,,,,,,1,2,3,2.0,3
201300032025,0013-05-04 14:40:00,13,5,4,14,40,640,102,86 DUVERGIER DE HAURANNE,43.4808,-1.46301,Plein jour,En agglomération,Hors intersection,Normale,Sans collision,,,,,,,,,,,1,2,1,1.0,7
201300032026,0013-05-04 17:25:00,13,5,4,17,25,640,102,31 AV DOCTEUR DELVAILLE,43.5071,-1.48593,Plein jour,En agglomération,Hors intersection,Normale,Sans collision,,,,,,,,,,,1,2,1,1.0,7
201300032027,0013-05-07 09:55:00,13,5,7,9,55,640,102,45 AV LOUIS DE FOIX,43.5082,-1.46761,Plein jour,En agglomération,Hors intersection,Temps couvert,Deux véhicules - côté,,,,,,,,,,,1,2,1,8.0,3
201300032028,0013-05-10 15:25:00,13,5,10,15,25,640,24,PLACE DE GAULLE,43.4822,-1.51462,Plein jour,En agglomération,Hors intersection,Normale,Autre collision,,,,,,,,,,,1,2,1,1.0,6
201300032029,0013-05-11 18:45:00,13,5,11,18,45,640,102,ALLEES MARINES/NARBAITZ,43.4978,-1.48591,Plein jour,En agglomération,Hors intersection,Normale,Trois véhicules et plus - collisions multiples,,,,,,,,,,,1,2,1,1.0,5
201300032030,0013-05-21 18:30:00,13,5,21,18,30,640,24,65 AV D'ESPAGNE,43.4774,-1.52438,Plein jour,En agglomération,Hors intersection,Pluie légère,Sans collision,,,,,,,,,,,1,2,1,2.0,7
201300032031,0013-05-22 14:30:00,13,5,22,14,30,640,102,RUE ALFRED BOULAND,43.4952,-1.48783,Plein jour,En agglomération,Intersection en T,Pluie légère,Autre collision,,,,,,,,,,,1,2,3,2.0,6
201300032032,0013-05-22 13:45:00,13,5,22,13,45,640,102,BD D'ARITXAGUE,43.474,-1.48984,Plein jour,En agglomération,Hors intersection,Pluie forte,Sans collision,,,,,,,,,,,1,2,1,3.0,7
201300032033,0013-06-10 14:55:00,13,6,10,14,55,640,102,ROND POINT AMADE,43.5023,-1.47832,Plein jour,En agglomération,Giratoire,Normale,Deux véhicules - côté,,,,,,,,,,,1,2,6,1.0,3
201300032034,0013-06-10 21:50:00,13,6,10,21,50,640,102,BD DU BAB,43.4971,-1.48774,Crépuscule ou aube,En agglomération,Hors intersection,Normale,Sans collision,,,,,,,,,,,2,2,1,1.0,7
201300032035,0013-06-14 20:25:00,13,6,14,20,25,640,24,14 RUE DES BARTHES,43.4834,-1.51099,Plein jour,En agglomération,Hors intersection,Normale,Deux véhicules - arrière,,,,,,,,,,,1,2,1,1.0,2
201300032036,0013-06-17 20:45:00,13,6,17,20,45,640,102,1 AV MARECHAL SOULT,43.4876,-1.48383,Plein jour,En agglomération,Hors intersection,Normale,Deux véhicules - côté,,,,,,,,,,,1,2,1,1.0,3
201300032037,0013-06-18 18:00:00,13,6,18,18,0,640,102,RP PIECE NOYEE,43.4993,-1.48171,Plein jour,En agglomération,Giratoire,Pluie légère,Sans collision,,,,,,,,,,,1,2,6,2.0,7
201300032038,0013-06-18 22:55:00,13,6,18,22,55,640,24,44 RUE DE CHASSIN,43.4878,-1.53083,Nuit avec éclairage allumé,En agglomération,Hors intersection,Pluie forte,Autre collision,,,,,,,,,,,5,2,1,3.0,6
201300032039,0013-06-21 02:30:00,13,6,21,2,30,640,102,17 AV MARECHAL SOULT,43.4873,-1.48496,Nuit avec éclairage allumé,En agglomération,Hors intersection,Temps couvert,Autre collision,,,,,,,,,,,5,2,1,8.0,6
201300032040,0013-06-22 15:30:00,13,6,22,15,30,640,102,AV  FERNAND FORGUES,43.4866,-1.47934,Plein jour,En agglomération,Hors intersection,Normale,Sans collision,,,,,,,,,,,1,2,1,1.0,7
201300032041,0013-06-27 08:38:00,13,6,27,8,38,640,102,AV SAINTE CROIX,43.4999,-1.45419,Plein jour,En agglomération,Giratoire,Normale,Sans collision,,,,,,,,,,,1,2,6,1.0,7
201300032042,0013-06-27 12:25:00,13,6,27,12,25,640,24,12-13 ROUTE DE MAIGNON,43.4799,-1.50721,Plein jour,En agglomération,Hors intersection,Normale,Deux véhicules - arrière,,,,,,,,,,,1,2,1,1.0,2
201300032043,0013-07-01 15:56:00,13,7,1,15,56,640,140,AV CHARLES DE GAULLE,43.528,-1.47414,Plein jour,En agglomération,Intersection en X,Normale,Deux véhicules - côté,,,,,,,,,,,1,2,2,1.0,3
201300032044,0013-07-02 17:35:00,13,7,2,17,35,640,24,AV DE MINERVA,43.4803,-1.50942,Plein jour,En agglomération,Hors intersection,Normale,Deux véhicules - côté,,,,,,,,,,,1,2,1,1.0,3
201300032045,0013-07-05 11:15:00,13,7,5,11,15,640,102,AV DU GRAND BASQUE,43.491,-1.45402,Plein jour,En agglomération,Giratoire,Normale,Deux véhicules - arrière,,,,,,,,,,,1,2,6,1.0,2
201300032046,0013-07-06 18:30:00,13,7,6,18,30,640,24,67 RUE DU BOIS BELIN,43.4933,-1.51536,Plein jour,En agglomération,Hors intersection,Normale,Deux véhicules - côté,,,,,,,,,,,1,2,1,1.0,3
201300032047,0013-07-07 10:30:00,13,7,7,10,30,640,102,2 AV DU PRISSE,43.481,-1.46029,Plein jour,En agglomération,Hors intersection,Normale,Deux véhicules - arrière,,,,,,,,,,,1,2,1,1.0,2
201300032048,0013-07-08 13:50:00,13,7,8,13,50,640,102,AV DU ONZE NOVEMBRE,43.493,-1.47912,Plein jour,En agglomération,Hors intersection,Normale,Deux véhicules - frontale,,,,,,,,,,,1,2,1,1.0,1
201300032049,0013-07-12 13:05:00,13,7,12,13,5,640,24,RUE DES BARTHES,43.4845,-1.50504,Plein jour,En agglomération,Hors intersection,Normale,Deux véhicules - côté,,,,,,,,,,,1,2,1,1.0,3
201300032050,0013-07-13 15:15:00,13,7,13,15,15,640,102,RP DOCTEUR DELAY,43.5001,-1.46681,Plein jour,En agglomération,Giratoire,Normale,Autre collision,,,,,,,,,,,1,2,6,1.0,6
201300032051,0013-07-15 00:35:00,13,7,15,0,35,640,24,RUE DE HAUSQUETTE,43.4906,-1.51172,Nuit avec éclairage allumé,En agglomération,Hors intersection,Normale,Deux véhicules - côté,,,,,,,,,,,5,2,1,1.0,3
201300032052,0013-07-15 15:00:00,13,7,15,15,0,640,102,PONT DU LABOURD,43.5141,-1.46707,Plein jour,En agglomération,Hors intersection,Normale,Deux véhicules - arrière,,,,,,,,,,,1,2,1,1.0,2
201300032053,0013-07-17 05:35:00,13,7,17,5,35,640,102,AV HENRI GRENET,43.503,-1.47546,Nuit avec éclairage allumé,En agglomération,Hors intersection,Normale,Sans collision,,,,,,,,,,,5,2,1,1.0,7
201300032054,0013-07-17 13:30:00,13,7,17,13,30,640,102,CHEMIN DE HAYET,43.4923,-1.45306,Plein jour,En agglomération,Hors intersection,Normale,Sans collision,,,,,,,,,,,1,2,1,1.0,7
201300032055,0013-07-23 04:55:00,13,7,23,4,55,640,102,BD D'ARITXAGUE,43.4712,-1.49137,Nuit avec éclairage allumé,En agglomération,Hors intersection,Pluie légère,Sans collision,,,,,,,,,,,5,2,1,2.0,7
201300032056,0013-07-26 03:30:00,13,7,26,3,30,640,102,AVENUE HENRI GRENET,43.5038,-1.47077,Nuit avec éclairage allumé,En agglomération,Hors intersection,Temps couvert,Trois véhicules et plus - collisions multiples,,,,,,,,,,,5,2,1,8.0,5
201300032057,0013-07-27 02:25:00,13,7,27,2,25,640,102,46 RUE CAMILLE DELAVAILL,43.5097,-1.48693,Nuit sans éclairage public,En agglomération,Hors intersection,Pluie légère,Deux véhicules - frontale,,,,,,,,,,,3,2,1,2.0,1
201300032058,0013-07-29 11:30:00,13,7,29,11,30,640,24,AV JEAN LEON LAPORTE,43.4876,-1.50067,Plein jour,En agglomération,Intersection en T,Normale,Deux véhicules - côté,,,,,,,,,,,1,2,3,1.0,3
201300032059,0013-07-29 17:00:00,13,7,29,17,0,640,24,AV DES PYRENEES,43.5024,-1.50713,Plein jour,En agglomération,Intersection en T,Normale,Deux véhicules - côté,,,,,,,,,,,1,2,3,1.0,3
201300032060,0013-07-29 22:55:00,13,7,29,22,55,640,24,92BIS PROMENADE BARRE,43.504,-1.52636,Nuit avec éclairage allumé,En agglomération,Hors intersection,Normale,Deux véhicules - frontale,,,,,,,,,,,5,2,1,1.0,1
201300032061,0013-07-31 12:00:00,13,7,31,12,0,640,102,BD DU BAB,43.4958,-1.48423,Plein jour,En agglomération,Giratoire,Normale,Deux véhicules - côté,,,,,,,,,,,1,2,6,1.0,3
201300032062,0013-07-31 23:45:00,13,7,31,23,45,640,24,BD DU BAB,43.488,-1.53596,Nuit avec éclairage allumé,En agglomération,Intersection en X,Normale,Deux véhicules - côté,,,,,,,,,,,5,2,2,1.0,3
201300032063,0013-08-01 13:55:00,13,8,1,13,55,640,102,ALLEES BOUFFLERS,43.4927,-1.47168,Plein jour,En agglomération,Hors intersection,Normale,Autre collision,,,,,,,,,,,1,2,1,1.0,6
201300032064,0013-08-01 13:58:00,13,8,1,13,58,640,102,BD DU BAB,43.4953,-1.48239,Plein jour,En agglomération,Intersection en T,Normale,Deux véhicules - côté,,,,,,,,,,,1,2,3,1.0,3
201300032065,0013-08-05 23:40:00,13,8,5,23,40,640,24,BD DU BAB,43.4939,-1.52012,Nuit avec éclairage allumé,En agglomération,Hors intersection,Pluie légère,Autre collision,,,,,,,,,,,5,2,1,2.0,6
201300032066,0013-08-10 21:25:00,13,8,10,21,25,640,24,20 RUE BERNARD GAUDEL,43.4819,-1.49775,Crépuscule ou aube,En agglomération,Hors intersection,Normale,Sans collision,,,,,,,,,,,2,2,1,1.0,7
201300032067,0013-08-14 22:45:00,13,8,14,22,45,640,140,249 AV DE L' ADOUR,43.5249,-1.50794,Crépuscule ou aube,En agglomération,Hors intersection,Normale,Sans collision,,,,,,,,,,,2,2,1,1.0,7
201300032068,0013-08-18 09:25:00,13,8,18,9,25,640,102,AV DUVERGIER DE HAURANNE,43.4905,-1.46763,Plein jour,En agglomération,Giratoire,Normale,Autre collision,,,,,,,,,,,1,2,6,1.0,6
201300032069,0013-08-19 06:00:00,13,8,19,6,0,640,24,BD DU BAB,43.4902,-1.53409,Nuit avec éclairage allumé,En agglomération,Hors intersection,Normale,Deux véhicules - frontale,,,,,,,,,,,5,2,1,1.0,1
201300032070,0013-08-20 07:54:00,13,8,20,7,54,640,140,RUE PAUL BIREMONT,43.5274,-1.49206,Plein jour,En agglomération,Hors intersection,Normale,Deux véhicules - côté,,,,,,,,,,,1,2,1,1.0,3
201300032071,0013-08-20 12:35:00,13,8,20,12,35,640,24,90 RUE DE CHASSIN,43.4921,-1.52884,Plein jour,En agglomération,Hors intersection,Normale,Autre collision,,,,,,,,,,,1,2,1,1.0,6
201300032072,0013-08-21 11:55:00,13,8,21,11,55,640,102,RUE JULES BALASQUE,43.4979,-1.46294,Plein jour,En agglomération,Hors intersection,Normale,Deux véhicules - frontale,,,,,,,,,,,1,2,1,1.0,1
201300032073,0013-08-25 17:35:00,13,8,25,17,35,640,102,17 AV LOUIS DE FOIX,43.5048,-1.4673,Plein jour,En agglomération,Hors intersection,Pluie légère,Deux véhicules - côté,,,,,,,,,,,1,2,1,2.0,3
201300032074,0013-08-26 17:00:00,13,8,26,17,0,640,24,26 AV DE BAYONNE,43.4808,-1.51284,Plein jour,En agglomération,Intersection en T,Temps couvert,Deux véhicules - côté,,,,,,,,,,,1,2,3,8.0,3
201300032075,0013-08-27 18:37:00,13,8,27,18,37,640,24,GIRATOIRE DE MAIGNON,43.4656,-1.49529,Plein jour,En agglomération,Giratoire,Normale,Deux véhicules - côté,,,,,,,,,,,1,2,6,1.0,3
201300032076,0013-08-28 07:35:00,13,8,28,7,35,640,24,ROUTE D' ARITXAGUE,43.4737,-1.49631,Plein jour,En agglomération,Intersection en T,Normale,Deux véhicules - côté,,,,,,,,,,,1,2,3,1.0,3
201300032077,0013-08-28 15:50:00,13,8,28,15,50,640,102,RUE MAUBEC,43.4965,-1.46978,Plein jour,En agglomération,Hors intersection,Normale,Deux véhicules - côté,,,,,,,,,,,1,2,1,1.0,3
201300032078,0013-09-01 11:00:00,13,9,1,11,0,640,24,59 AV ALLEES MARINES,43.5001,-1.49068,Plein jour,En agglomération,Hors intersection,Normale,Autre collision,,,,,,,,,,,1,2,1,1.0,6
201300032079,0013-09-03 11:30:00,13,9,3,11,30,640,24,63 AV DE BAYONNE,43.4826,-1.50498,Plein jour,En agglomération,Hors intersection,Normale,Deux véhicules - côté,,,,,,,,,,,1,2,1,1.0,3
201300032080,0013-09-03 12:05:00,13,9,3,12,5,640,102,AV DUBROCQ /FOCH,43.4946,-1.48575,Plein jour,En agglomération,Hors intersection,Normale,Autre collision,,,,,,,,,,,1,2,1,1.0,6
201300032081,0013-09-04 10:30:00,13,9,4,10,30,640,140,Z.A. DU BAZE,43.5266,-1.49495,Plein jour,En agglomération,Hors intersection,Normale,Deux véhicules - frontale,,,,,,,,,,,1,2,1,1.0,1
201300032082,0013-09-04 23:00:00,13,9,4,23,0,640,24,15 AV DU POLO,43.4795,-1.49833,Nuit avec éclairage allumé,En agglomération,Hors intersection,Normale,Deux véhicules - côté,,,,,,,,,,,5,2,1,1.0,3