accident_id,datetime,annee,mois,jour,heure,minute,departement,commune_insee,adresse,latitude,longitude,luminosite,agglomeration,intersection,meteo,collision,nb_vehicules,nb_usagers,nb_indemnes,nb_tues,nb_blesses_hosp,nb_blesses_legers,age_cond_1,age_cond_2,veh_type_cond_1,veh_type_cond_2,lum_code,agg_code,int_code,atm_code,col_code
201300032083,0013-09-05 02:30:00,13,9,5,2,30,640,140,23 RUE RAOUL BRAMARIE,43.5195,-1.48638,Nuit avec éclairage allumé,En agglomération,Hors intersection,Normale,Sans collision,,,,,,,,,,,5,2,1,1.0,7
201300032084,0013-09-05 12:45:00,13,9,5,12,45,640,102,AV ALLEES PAULMY,43.4907,-1.48165,Plein jour,En agglomération,Hors intersection,Normale,Deux véhicules - côté,,,,,,,,,,,1,2,1,1.0,3
201300032085,0013-09-05 14:50:00,13,9,5,14,50,640,24,66 RUE DES CINQ CANTONS,43.4905,-1.52447,Plein jour,En agglomération,Hors intersection,Normale,Sans collision,,,,,,,,,,,1,2,1,1.0,7
201300032086,0013-09-07 13:30:00,13,9,7,13,30,640,102,48 RUE MAUBEC,43.4983,-1.46749,Plein jour,En agglomération,Hors intersection,Pluie légère,Deux véhicules - côté,,,,,,,,,,,1,2,1,2.0,3
201300032087,0013-09-09 16:10:00,13,9,9,16,10,640,102,5 AV RAOUL FOLLEREAU,43.4804,-1.47516,Plein jour,En agglomération,Hors intersection,Normale,Deux véhicules - arrière,,,,,,,,,,,1,2,1,1.0,2
201300032088,0013-09-10 14:06:00,13,9,10,14,6,640,140,QUAI DE LA DOUANE,43.52,-1.48871,Plein jour,En agglomération,Hors intersection,Normale,Deux véhicules - arrière,,,,,,,,,,,1,2,1,1.0,2
201300032089,0013-09-11 21:55:00,13,9,11,21,55,640,24,AV DE L' ADOUR/MONTBRUN,43.504,-1.49516,Nuit avec éclairage allumé,En agglomération,Intersection en T,Normale,Deux véhicules - côté,,,,,,,,,,,5,2,3,1.0,3
201300032090,0013-09-13 07:45:00,13,9,13,7,45,640,24,23 ROUTE DE CAMBO,43.4589,-1.49581,Crépuscule ou aube,En agglomération,Hors intersection,Pluie légère,Deux véhicules - arrière,,,,,,,,,,,2,2,1,2.0,2
201300032091,0013-09-13 09:05:00,13,9,13,9,5,640,102,2 AV DU CAPT RESPLANDY,43.4903,-1.46746,Plein jour,En agglomération,Intersection en T,Pluie légère,Sans collision,,,,,,,,,,,1,2,3,2.0,7
201300032092,0013-09-13 11:31:00,13,9,13,11,31,640,102,10 RUE PORT NEUF,43.4926,-1.47537,Plein jour,En agglomération,Hors intersection,Temps couvert,Autre collision,,,,,,,,,,,1,2,1,8.0,6
201300032093,0013-09-18 09:20:00,13,9,18,9,20,640,24,AV DE BIARRITZ,43.4802,-1.5211,Plein jour,En agglomération,Intersection en T,Pluie légère,Deux véhicules - côté,,,,,,,,,,,1,2,3,2.0,3
201300032094,0013-09-20 18:10:00,13,9,20,18,10,640,24,GIR DE JORLIS/BARTHES,43.4982,-1.49363,Plein jour,En agglomération,Giratoire,Temps couvert,Autre collision,,,,,,,,,,,1,2,6,8.0,6
201300032095,0013-09-25 16:15:00,13,9,25,16,15,640,102,5 AV RAYMOND SOUSBIELLE,43.4841,-1.47724,Plein jour,En agglomération,Hors intersection,Normale,Autre collision,,,,,,,,,,,1,2,1,1.0,6
201300032096,0013-09-28 17:50:00,13,9,28,17,50,640,24,1 AV JL LAPORTE,43.4837,-1.5036,Plein jour,Hors agglomération,Hors intersection,Temps couvert,Autre collision,,,,,,,,,,,1,1,1,8.0,6
201300032097,0013-09-29 01:20:00,13,9,29,1,20,640,102,50 RUE JULES LABAT,43.493,-1.47821,Nuit avec éclairage allumé,En agglomération,Hors intersection,Normale,Sans collision,,,,,,,,,,,5,2,1,1.0,7
201300032098,0013-10-01 16:40:00,13,10,1,16,40,640,102,AV MAL SOULT/AV BEYRIS,43.4852,-1.49408,Plein jour,En agglomération,Intersection en X,Normale,Deux véhicules - côté,,,,,,,,,,,1,2,2,1.0,3
201300032099,0013-10-01 17:15:00,13,10,1,17,15,640,24,"0,BD DU BAB",43.4973,-1.50193,Plein jour,En agglomération,Hors intersection,Normale,Sans collision,,,,,,,,,,,1,2,1,1.0,7
201300032100,0013-10-06 06:00:00,13,10,6,6,0,640,102,AV D' AQUITAINE,43.486,-1.47211,Nuit avec éclairage allumé,En agglomération,Hors intersection,Temps couvert,Sans collision,,,,,,,,,,,5,2,1,8.0,7
201300032101,0013-10-07 16:35:00,13,10,7,16,35,640,24,CHEMIN DES BARTHES,43.4993,-1.4931,Plein jour,En agglomération,Hors intersection,Normale,Autre collision,,,,,,,,,,,1,2,1,1.0,6
201300032102,0013-10-10 20:14:00,13,10,10,20,14,640,102,21 BD ALSACE LORRAINE,43.4946,-1.46846,Nuit avec éclairage allumé,En agglomération,Hors intersection,Normale,Deux véhicules - côté,,,,,,,,,,,5,2,1,1.0,3
201300032103,0013-10-12 21:10:00,13,10,12,21,10,640,140,RUE DE MATIGNON/DUCLOS,43.5319,-1.46112,Nuit avec éclairage allumé,En agglomération,Intersection en T,Normale,Autre collision,,,,,,,,,,,5,2,3,1.0,6
201300032104,0013-10-21 08:50:00,13,10,21,8,50,640,102,CHEMIN DE BERGERET,43.4921,-1.45331,Plein jour,En agglomération,Hors intersection,Normale,Deux véhicules - arrière,,,,,,,,,,,1,2,1,1.0,2
201300032105,0013-10-22 07:30:00,13,10,22,7,30,640,102,GIRATOIRE LES PONTOTS,43.4886,-1.49127,Nuit avec éclairage allumé,En agglomération,Giratoire,Normale,Deux véhicules - côté,,,,,,,,,,,5,2,6,1.0,3
201300032106,0013-10-27 17:45:00,13,10,27,17,45,640,24,RUE DU BOIS BELIN,43.4932,-1.51673,Plein jour,En agglomération,Hors intersection,Normale,Autre collision,,,,,,,,,,,1,2,1,1.0,6
201300032107,0013-10-27 17:40:00,13,10,27,17,40,640,24,AVENUE DES VAGUES,43.4995,-1.54055,Plein jour,En agglomération,Giratoire,Normale,Deux véhicules - côté,,,,,,,,,,,1,2,6,1.0,3
201300032108,0013-10-31 19:25:00,13,10,31,19,25,640,102,CHEMIN DE SABALCE,43.4959,-1.49121,Nuit avec éclairage allumé,Hors agglomération,Intersection en T,Normale,Deux véhicules - côté,,,,,,,,,,,5,1,3,1.0,3
201300032109,0013-11-07 08:25:00,13,11,7,8,25,640,102,AV ALLEES PAULMY,43.4934,-1.48009,Plein jour,En agglomération,Intersection en X,Normale,Deux véhicules - côté,,,,,,,,,,,1,2,2,1.0,3
201300032110,0013-11-12 07:35:00,13,11,12,7,35,640,24,BD DU BAB,43.4879,-1.53598,Plein jour,En agglomération,Intersection en Y,Pluie légère,Trois véhicules et plus - collisions multiples,,,,,,,,,,,1,2,4,2.0,5
201300032111,0013-11-24 07:45:00,13,11,24,7,45,640,102,AV MARECHAL SOULT,43.4841,-1.49881,Crépuscule ou aube,En agglomération,Hors intersection,Temps couvert,Autre collision,,,,,,,,,,,2,2,1,8.0,6
201300032112,0013-11-25 18:45:00,13,11,25,18,45,640,102,42 AV MARECHAL SOULT,43.4856,-1.49207,Nuit avec éclairage allumé,En agglomération,Hors intersection,Temps couvert,Autre collision,,,,,,,,,,,5,2,1,8.0,6
201300032113,0013-11-27 18:15:00,13,11,27,18,15,640,102,2 AV DU GRAND BASQUE,43.5046,-1.4674,Nuit avec éclairage allumé,En agglomération,Hors intersection,Temps couvert,Trois véhicules et plus - en chaîne,,,,,,,,,,,5,2,1,8.0,4
201300032114,0013-11-28 21:00:00,13,11,28,21,0,640,102,RUE LORDMAND,43.4938,-1.47684,Nuit avec éclairage allumé,En agglomération,Intersection en X,Temps couvert,Deux véhicules - côté,,,,,,,,,,,5,2,2,8.0,3
201300032115,0013-11-29 16:05:00,13,11,29,16,5,640,102,33 CHEMIN DE SABALCE,43.4915,-1.49169,Plein jour,En agglomération,Hors intersection,Normale,Deux véhicules - côté,,,,,,,,,,,1,2,1,1.0,3
201300032116,0013-12-04 08:00:00,13,12,4,8,0,640,102,3 RUE BOURGNEUF,43.4923,-1.4735,Nuit avec éclairage allumé,En agglomération,Hors intersection,Temps couvert,Deux véhicules - arrière,,,,,,,,,,,5,2,1,8.0,2
201300032117,0013-12-07 05:05:00,13,12,7,5,5,640,24,231 AV DE L' ADOUR,43.5245,-1.50538,Nuit avec éclairage allumé,En agglomération,Hors intersection,Normale,Autre collision,,,,,,,,,,,5,2,1,1.0,6
201300032118,0013-12-07 09:25:00,13,12,7,9,25,640,140,PLACE PIERRE SEMARD,43.5237,-1.49024,Plein jour,En agglomération,Hors intersection,Normale,Autre collision,,,,,,,,,,,1,2,1,1.0,6
201300032119,0013-12-08 16:30:00,13,12,8,16,30,640,24,128 AV DE L' ADOUR,43.5265,-1.5123,Plein jour,En agglomération,Hors intersection,Normale,Sans collision,,,,,,,,,,,1,2,1,1.0,7
201300032120,0013-12-09 19:00:00,13,12,9,19,0,640,24,ROND POINT BERNAIN,43.4833,-1.50195,Nuit avec éclairage allumé,Hors agglomération,Giratoire,Normale,Deux véhicules - côté,,,,,,,,,,,5,1,6,1.0,3
201300032121,0013-12-10 10:45:00,13,12,10,10,45,640,24,RP CAPITAINERIE,43.5262,-1.51447,Plein jour,En agglomération,Giratoire,Normale,Deux véhicules - côté,,,,,,,,,,,1,2,6,1.0,3
201300032122,0013-12-11 16:45:00,13,12,11,16,45,640,102,AV DU 8 MAI 1945,43.4702,-1.48833,Plein jour,En agglomération,Hors intersection,Normale,Deux véhicules - côté,,,,,,,,,,,1,2,1,1.0,3
201300032123,0013-12-13 17:35:00,13,12,13,17,35,640,102,AV HENRI DE NAVARRE,43.4966,-1.45054,Nuit avec éclairage allumé,En agglomération,Hors intersection,Pluie légère,Deux véhicules - côté,,,,,,,,,,,5,2,1,2.0,3
201300032124,0013-12-14 11:05:00,13,12,14,11,5,640,102,QUAI DE LESSEPS,43.4989,-1.48143,Plein jour,En agglomération,Hors intersection,Normale,Deux véhicules - côté,,,,,,,,,,,1,2,1,1.0,3
201300032125,0013-12-17 17:55:00,13,12,17,17,55,640,24,99 AV D' ESPAGNE,43.4746,-1.53079,Crépuscule ou aube,En agglomération,Hors intersection,Normale,Deux véhicules - côté,,,,,,,,,,,2,2,1,1.0,3
201300032126,0013-12-18 09:55:00,13,12,18,9,55,640,102,AV HENRI DE NAVARRE,43.5037,-1.44663,Plein jour,Hors agglomération,Hors intersection,Normale,Deux véhicules - côté,,,,,,,,,,,1,1,1,1.0,3
201300032127,0013-12-19 19:20:00,13,12,19,19,20,640,24,RP BUTTE AUX CAILLES,43.4972,-1.50988,Nuit avec éclairage allumé,En agglomération,Giratoire,Pluie légère,Deux véhicules - côté,,,,,,,,,,,5,2,6,2.0,3
201300032128,0013-12-29 16:15:00,13,12,29,16,15,640,24,BD DU BAB,43.494,-1.52538,Plein jour,En agglomération,Hors intersection,Pluie légère,Sans collision,,,,,,,,,,,1,2,1,2.0,7
201300032129,0013-01-07 21:14:00,13,1,7,21,14,640,122,68 AV DE LA MILADY,43.4671,-1.5712,Nuit avec éclairage allumé,En agglomération,Hors intersection,Temps couvert,Autre collision,,,,,,,,,,,5,2,1,8.0,6
201300032130,0013-01-11 18:45:00,13,1,11,18,45,640,122,RUE ESTAGNAS/CLINIQUE,43.4862,-1.53909,Crépuscule ou aube,En agglomération,Autre intersection,Normale,Deux véhicules - côté,,,,,,,,,,,2,2,9,1.0,3
201300032131,0013-01-14 08:20:00,13,1,14,8,20,640,125,AV CUMBA,43.4468,-1.5791,Nuit avec éclairage allumé,En agglomération,Autre intersection,Temps couvert,Deux véhicules - arrière,,,,,,,,,,,5,2,9,8.0,2
201300032132,0013-01-17 07:55:00,13,1,17,7,55,640,122,AV D' ETIENNE,43.4873,-1.54718,Nuit avec éclairage allumé,En agglomération,Intersection en X,Temps couvert,Deux véhicules - frontale,,,,,,,,,,,5,2,2,8.0,1
201300032133,0013-01-24 14:45:00,13,1,24,14,45,640,122,BD DU BAB,,,Plein jour,En agglomération,Hors intersection,Normale,Trois véhicules et plus - collisions multiples,,,,,,,,,,,1,2,1,1.0,5
201300032134,0013-01-26 04:13:00,13,1,26,4,13,640,125,AV D' ESPAGNE,43.4269,-1.60366,Nuit avec éclairage allumé,En agglomération,Hors intersection,Temps couvert,Autre collision,,,,,,,,,,,5,2,1,8.0,6
201300032135,0013-02-18 19:10:00,13,2,18,19,10,640,122,100 RUE D'ESPAGNE,43.4742,-1.55933,Crépuscule ou aube,En agglomération,Hors intersection,Normale,Autre collision,,,,,,,,,,,2,2,1,1.0,6
201300032136,0013-03-03 15:10:00,13,3,3,15,10,640,24,8 AV EDITH CAVELL,43.4916,-1.54531,Plein jour,En agglomération,Hors intersection,Normale,Deux véhicules - côté,,,,,,,,,,,1,2,1,1.0,3
201300032137,0013-03-07 20:20:00,13,3,7,20,20,640,122,97 AV DE VERDUN,43.4816,-1.5476,Nuit avec éclairage allumé,En agglomération,Hors intersection,Normale,Autre collision,,,,,,,,,,,5,2,1,1.0,6
201300032138,0013-03-16 14:20:00,13,3,16,14,20,640,38,RUE DE PITCHOT,43.4667,-1.538,Plein jour,En agglomération,Hors intersection,Normale,Deux véhicules - côté,,,,,,,,,,,1,2,1,1.0,3
201300032139,0013-04-01 16:22:00,13,4,1,16,22,640,122,57 BIS AV MILADY,43.4671,-1.57118,Plein jour,En agglomération,Hors intersection,Normale,Autre collision,,,,,,,,,,,1,2,1,1.0,6
201300032140,0013-04-11 03:55:00,13,4,11,3,55,640,122,CHEMIN ENE MAITEA,43.449,-1.56454,Nuit avec éclairage allumé,En agglomération,Hors intersection,Normale,Autre collision,,,,,,,,,,,5,2,1,1.0,6
201300032141,0013-04-17 19:45:00,13,4,17,19,45,640,122,AV REINE VICTORIA,43.4854,-1.54983,Plein jour,En agglomération,Hors intersection,Normale,Autre collision,,,,,,,,,,,1,2,1,1.0,6
201300032142,0013-04-19 03:00:00,13,4,19,3,0,640,122,BD DE CASCAIS,43.4739,-1.54531,Nuit avec éclairage allumé,En agglomération,Hors intersection,Pluie légère,Autre collision,,,,,,,,,,,5,2,1,2.0,6
201300032143,0013-05-16 08:00:00,13,5,16,8,0,640,122,24 RUE LAVIGERIE,43.4882,-1.55252,Plein jour,En agglomération,Hors intersection,Pluie légère,Autre collision,,,,,,,,,,,1,2,1,2.0,6
201300032144,0013-06-09 23:23:00,13,6,9,23,23,640,125,AV DE BAYONNE,,,Nuit avec éclairage allumé,En agglomération,Hors intersection,Pluie légère,Deux véhicules - côté,,,,,,,,,,,5,2,1,2.0,3
201300032145,0013-06-12 17:30:00,13,6,12,17,30,640,125,AV DE BIARRITZ,,,Plein jour,En agglomération,Hors intersection,Normale,Deux véhicules - arrière,,,,,,,,,,,1,2,1,1.0,2
201300032146,0013-06-15 13:05:00,13,6,15,13,5,640,24,AV LAROCHEFOUCAULD,43.4874,-1.53692,Plein jour,En agglomération,Giratoire,Normale,Deux véhicules - frontale,,,,,,,,,,,1,2,6,1.0,1
201300032147,0013-06-29 01:10:00,13,6,29,1,10,640,122,AV DE LA MILADY,,,Nuit avec éclairage allumé,En agglomération,Hors intersection,Normale,Sans collision,,,,,,,,,,,5,2,1,1.0,7
201300032148,0013-07-11 02:30:00,13,7,11,2,30,640,122,52 AV DE IMPERATRICE,43.491,-1.552,Nuit avec éclairage allumé,En agglomération,Hors intersection,Normale,Sans collision,,,,,,,,,,,5,2,1,1.0,7
201300032149,0013-07-12 09:15:00,13,7,12,9,15,640,125,AV DE BAYONNE,,,Plein jour,En agglomération,Hors intersection,Normale,Sans collision,,,,,,,,,,,1,2,1,1.0,7
201300032150,0013-07-13 19:10:00,13,7,13,19,10,640,125,RD 810,43.448,-1.57314,Plein jour,En agglomération,Hors intersection,Normale,Autre collision,,,,,,,,,,,1,2,1,1.0,6
201300032151,0013-07-21 04:05:00,13,7,21,4,5,640,122,AV DU LAC MARION,,,Nuit avec éclairage allumé,En agglomération,Hors intersection,Normale,Autre collision,,,,,,,,,,,5,2,1,1.0,6
201300032152,0013-07-24 08:45:00,13,7,24,8,45,640,122,1 RUE D' ESPAGNE,43.4773,-1.56521,Plein jour,En agglomération,Hors intersection,Normale,Deux véhicules - côté,,,,,,,,,,,1,2,1,1.0,3
201300032153,0013-07-24 17:00:00,13,7,24,17,0,640,125,1127 AV DE BIARRITZ,43.451,-1.57458,Plein jour,En agglomération,Hors intersection,Normale,Trois véhicules et plus - en chaîne,,,,,,,,,,,1,2,1,1.0,4
201300032154,0013-07-26 19:12:00,13,7,26,19,12,640,125,AV ATHERBEA,43.4308,-1.59869,Plein jour,En agglomération,Hors intersection,Normale,Deux véhicules - côté,,,,,,,,,,,1,2,1,1.0,3
201300032155,0013-07-27 12:20:00,13,7,27,12,20,640,122,ROND POINT DE L EUROPE,43.4811,-1.54103,Plein jour,En agglomération,Hors intersection,Normale,Deux véhicules - côté,,,,,,,,,,,1,2,1,1.0,3
201300032156,0013-07-31 19:00:00,13,7,31,19,0,640,122,BD MARCEL DASSAULT,43.4511,-1.55638,Plein jour,En agglomération,Hors intersection,Normale,Deux véhicules - côté,,,,,,,,,,,1,2,1,1.0,3
201300032157,0013-08-03 16:20:00,13,8,3,16,20,640,122,21 RUE DE SILHOUETTE,43.4516,-1.55251,Plein jour,En agglomération,Hors intersection,Normale,Deux véhicules - arrière,,,,,,,,,,,1,2,1,1.0,2
201300032158,0013-08-06 13:30:00,13,8,6,13,30,640,122,R-P LA NEGRESSE,43.4587,-1.54735,Plein jour,En agglomération,Hors intersection,Normale,Autre collision,,,,,,,,,,,1,2,1,1.0,6
201300032159,0013-08-09 20:10:00,13,8,9,20,10,640,122,11 AV MARECHAL FOCH,43.4806,-1.55874,Plein jour,En agglomération,Hors intersection,Normale,Deux véhicules - côté,,,,,,,,,,,1,2,1,1.0,3
201300032160,0013-08-11 02:42:00,13,8,11,2,42,640,125,50 AV DU PLATEAU,43.4437,-1.58499,Nuit avec éclairage allumé,En agglomération,Hors intersection,Normale,Autre collision,,,,,,,,,,,5,2,1,1.0,6
201300032161,0013-08-24 05:10:00,13,8,24,5,10,640,125,RUE BURRUNTZ,,,Nuit avec éclairage allumé,En agglomération,Hors intersection,Normale,Autre collision,,,,,,,,,,,5,2,1,1.0,6
201300032162,0013-08-26 16:05:00,13,8,26,16,5,640,125,AV DE BAYONNE,,,Plein jour,En agglomération,Hors intersection,Normale,Autre collision,,,,,,,,,,,1,2,1,1.0,6
201300032163,0013-09-04 21:15:00,13,9,4,21,15,640,122,AV DE LA MARNE,43.4845,-1.55485,Crépuscule ou aube,En agglomération,Intersection en Y,Normale,Deux véhicules - côté,,,,,,,,,,,2,2,4,1.0,3
201300032164,0013-10-02 18:25:00,13,10,2,18,25,640,125,355 AV D'ESPAGNE,43.4301,-1.59968,Plein jour,En agglomération,Autre intersection,Normale,Deux véhicules - côté,,,,,,,,,,,1,2,9,1.0,3
201300032165,0013-10-26 08:25:00,13,10,26,8,25,640,122,AV DE L' IMPERATRICE,43.4854,-1.55625,Plein jour,En agglomération,Intersection en T,Normale,Autre collision,,,,,,,,,,,1,2,3,1.0,6
201300032166,0013-10-27 10:05:00,13,10,27,10,5,640,122,55 AV DU BRAOU,43.4755,-1.54028,Plein jour,En agglomération,Autre intersection,Normale,Deux véhicules - côté,,,,,,,,,,,1,2,9,1.0,3
201300032167,0013-11-20 18:10:00,13,11,20,18,10,640,122,28 AV VICTOR HUGO,43.4801,-1.56192,Nuit avec éclairage allumé,En agglomération,Hors intersection,Pluie forte,Autre collision,,,,,,,,,,,5,2,1,3.0,6
201300032168,0013-12-05 18:45:00,13,12,5,18,45,640,125,AV ATHERBEA,43.4335,-1.59532,Crépuscule ou aube,En agglomération,Hors intersection,Normale,Trois véhicules et plus - collisions multiples,,,,,,,,,,,2,2,1,1.0,5
201300032169,0013-12-06 22:55:00,13,12,6,22,55,640,122,23 AV-IMP DU GOLF,43.4874,-1.54716,Nuit avec éclairage allumé,En agglomération,Hors intersection,Normale,Autre collision,,,,,,,,,,,5,2,1,1.0,6
201300032170,0013-12-15 10:40:00,13,12,15,10,40,640,125,273 AV DU PLATEAU,43.4455,-1.58375,Plein jour,En agglomération,Hors intersection,Normale,Autre collision,,,,,,,,,,,1,2,1,1.0,6
201300032171,0013-12-17 13:15:00,13,12,17,13,15,640,122,9 RUE LOUIS BARTHOU,43.4829,-1.55822,Plein jour,En agglomération,Hors intersection,Normale,Deux véhicules - côté,,,,,,,,,,,1,2,1,1.0,3
201300032172,0013-12-21 15:10:00,13,12,21,15,10,640,122,RUE- ESPL PORT VIEUX,43.4822,-1.5671,Plein jour,En agglomération,Hors intersection,Normale,Deux véhicules - arrière,,,,,,,,,,,1,2,1,1.0,2
201300032173,0013-12-29 09:55:00,13,12,29,9,55,640,24,19 AV DU BRAOU,43.4793,-1.53579,Plein jour,En agglomération,Hors intersection,Pluie forte,Autre collision,,,,,,,,,,,1,2,1,3.0,6
201300032174,0013-12-31 17:15:00,13,12,31,17,15,640,125,64 AV DE BAYONNE,43.4472,-1.57514,Plein jour,En agglomération,Hors intersection,Normale,Autre collision,,,,,,,,,,,1,2,1,1.0,6
201300032175,0013-01-04 17:03:00,13,1,4,17,3,640,445,9 RUE MARCA,43.2944,-0.37722,Plein jour,En agglomération,Intersection en T,Normale,Deux véhicules - côté,,,,,,,,,,,1,2,3,1.0,3
201300032176,0013-01-04 17:00:00,13,1,4,17,0,640,445,200 AV JEAN MERMOZ,43.3181,-0.3787,Plein jour,En agglomération,Hors intersection,Temps éblouissant,Autre collision,,,,,,,,,,,1,2,1,7.0,6
201300032177,0013-01-07 12:34:00,13,1,7,12,34,640,445,15 BIS RUE SERVIEZ,43.2973,-0.36925,Plein jour,En agglomération,Intersection en T,Pluie légère,Deux véhicules - côté,,,,,,,,,,,1,2,3,2.0,3
201300032178,0013-01-09 14:58:00,13,1,9,14,58,640,445,11 RUE DE LA REPUBLIQUE,43.2996,-0.36848,Plein jour,En agglomération,Hors intersection,Normale,Autre collision,,,,,,,,,,,1,2,1,1.0,6
201300032179,0013-01-10 18:15:00,13,1,10,18,15,640,445,12 AV SARAGOSSE,43.3079,-0.35878,Nuit avec éclairage allumé,En agglomération,Hors intersection,Pluie légère,Autre collision,,,,,,,,,,,5,2,1,2.0,6
201300032180,0013-01-11 11:13:00,13,1,11,11,13,640,445,AV BEZIOU/AV MONTILLEUIL,43.3088,-0.38026,Plein jour,En agglomération,Intersection en T,Normale,Deux véhicules - côté,,,,,,,,,,,1,2,3,1.0,3
201300032181,0013-01-12 00:15:00,13,1,12,0,15,640,445,6 RUE EMILE GARET,43.3019,-0.36091,Nuit avec éclairage allumé,En agglomération,Hors intersection,Normale,Autre collision,,,,,,,,,,,5,2,1,1.0,6
201300032182,0013-01-14 18:11:00,13,1,14,18,11,640,445,24 AV GASTON LACOSTE,43.2923,-0.36902,Nuit avec éclairage allumé,En agglomération,Hors intersection,Pluie légère,Autre collision,,,,,,,,,,,5,2,1,2.0,6
201300032183,0013-01-14 18:45:00,13,1,14,18,45,640,445,242 AV JEAN MERMOZ,43.3227,-0.37937,Nuit avec éclairage allumé,En agglomération,Hors intersection,Pluie légère,Autre collision,,,,,,,,,,,5,2,1,2.0,6
201300032184,0013-01-15 17:00:00,13,1,15,17,0,640,335,RUE SAINT-EXUPERY,43.3162,-0.43629,Plein jour,En agglomération,Hors intersection,Pluie légère,Deux véhicules - frontale,,,,,,,,,,,1,2,1,2.0,1
201300032185,0013-01-17 12:55:00,13,1,17,12,55,640,445,66 AV DIDIER DAURAT,43.3311,-0.37969,Plein jour,En agglomération,Intersection en X,Normale,Autre collision,,,,,,,,,,,1,2,2,1.0,6
201300032186,0013-01-18 08:05:00,13,1,18,8,5,640,445,AV MERMOZ/AV MONTILLEUL,43.3091,-0.37681,Crépuscule ou aube,En agglomération,Intersection en T,Pluie légère,Deux véhicules - côté,,,,,,,,,,,2,2,3,2.0,3
201300032187,0013-01-18 12:28:00,13,1,18,12,28,640,445,AV GAL POEYMIRAU,43.2955,-0.35902,Plein jour,En agglomération,Hors intersection,Normale,Deux véhicules - côté,,,,,,,,,,,1,2,1,1.0,3
201300032188,0013-01-24 12:30:00,13,1,24,12,30,640,335,125 BD DE L' EUROPE,43.3254,-0.43881,Plein jour,En agglomération,Hors intersection,Pluie légère,Trois véhicules et plus - en chaîne,,,,,,,,,,,1,2,1,2.0,4
201300032189,0013-01-25 16:10:00,13,1,25,16,10,640,445,ALBERT 1ER/RUE DUPLAA,43.2994,-0.37259,Plein jour,En agglomération,Place,Normale,Autre collision,,,,,,,,,,,1,2,7,1.0,6
201300032190,0013-01-26 11:40:00,13,1,26,11,40,640,445,RP  LA COMMUNE DE PARIS,43.3112,-0.36237,Plein jour,En agglomération,Giratoire,Pluie forte,Deux véhicules - côté,,,,,,,,,,,1,2,6,3.0,3
201300032191,0013-01-26 15:25:00,13,1,26,15,25,640,445,RP FRANCOIS MITTERAND,43.3382,-0.37973,Plein jour,En agglomération,Giratoire,Normale,Autre collision,,,,,,,,,,,1,2,6,1.0,6
201300032192,0013-01-26 16:40:00,13,1,26,16,40,640,445,RP LA COMMUNE DE PARIS,43.3112,-0.36235,Plein jour,En agglomération,Giratoire,Normale,Deux véhicules - côté,,,,,,,,,,,1,2,6,1.0,3
201300032193,0013-01-26 18:20:00,13,1,26,18,20,640,445,99 AV DU LOUP,43.3165,-0.3532,Nuit avec éclairage allumé,En agglomération,Hors intersection,Normale,Deux véhicules - frontale,,,,,,,,,,,5,2,1,1.0,1
201300032194,0013-01-30 13:45:00,13,1,30,13,45,640,445,AV DUFAU/RUE SCHUMAN,43.3094,-0.36396,Plein jour,En agglomération,Intersection en T,Normale,Deux véhicules - côté,,,,,,,,,,,1,2,3,1.0,3
201300032195,0013-01-31 12:05:00,13,1,31,12,5,640,348,4 BD CHARLES DE GAULLE,43.3065,-0.40428,Plein jour,En agglomération,Intersection en T,Normale,Deux véhicules - côté,,,,,,,,,,,1,2,3,1.0,3
201300032196,0013-01-31 18:02:00,13,1,31,18,2,640,445,RUE DE LIEGE/RUE CAMI,43.3003,-0.37514,Plein jour,En agglomération,Intersection en T,Normale,Deux véhicules - arrière,,,,,,,,,,,1,2,3,1.0,2
201300032197,0013-02-02 11:15:00,13,2,2,11,15,640,445,36 ROUTE DE BAYONNE,43.2994,-0.39124,Plein jour,En agglomération,Hors intersection,Pluie légère,Deux véhicules - côté,,,,,,,,,,,1,2,1,2.0,3
201300032198,0013-02-02 11:35:00,13,2,2,11,35,640,445,67 AV JEAN MERMOZ,43.3108,-0.37708,Plein jour,En agglomération,Hors intersection,Normale,Deux véhicules - arrière,,,,,,,,,,,1,2,1,1.0,2
201300032199,0013-02-02 17:49:00,13,2,2,17,49,640,335,99 BD DE L'EUROPE,43.3277,-0.44307,Crépuscule ou aube,En agglomération,Hors intersection,Pluie légère,Autre collision,,,,,,,,,,,2,2,1,2.0,6
201300032200,0013-02-02 19:32:00,13,2,2,19,32,640,129,61 ROUTE DE BAYONNE,43.3048,-0.40125,Nuit avec éclairage allumé,En agglomération,Hors intersection,Normale,Deux véhicules - côté,,,,,,,,,,,5,2,1,1.0,3
201300032201,0013-02-03 09:55:00,13,2,3,9,55,640,445,58 RUE DU 14 JUILLET,43.2885,-0.3801,Plein jour,En agglomération,Hors intersection,Normale,Deux véhicules - arrière,,,,,,,,,,,1,2,1,1.0,2
201300032202,0013-02-03 19:45:00,13,2,3,19,45,640,445,BD DE LA PAIX/PHILLIPON,43.3214,-0.36039,Nuit avec éclairage allumé,En agglomération,Intersection en T,Normale,Deux véhicules - frontale,,,,,,,,,,,5,2,3,1.0,1
201300032203,0013-02-06 17:30:00,13,2,6,17,30,640,445,109 AV JEAN MERMOZ,43.3149,-0.37787,Plein jour,En agglomération,Hors intersection,Pluie légère,Deux véhicules - arrière,,,,,,,,,,,1,2,1,2.0,2
201300032204,0013-02-06 19:40:00,13,2,6,19,40,640,445,AV DE EUROPE,43.3293,-0.34533,Nuit avec éclairage allumé,En agglomération,Hors intersection,Pluie légère,Autre collision,,,,,,,,,,,5,2,1,2.0,6