accident_id,datetime,annee,mois,jour,heure,minute,departement,commune_insee,adresse,latitude,longitude,luminosite,agglomeration,intersection,meteo,collision,nb_vehicules,nb_usagers,nb_indemnes,nb_tues,nb_blesses_hosp,nb_blesses_legers,age_cond_1,age_cond_2,veh_type_cond_1,veh_type_cond_2,lum_code,agg_code,int_code,atm_code,col_code
201300032325,0013-07-08 17:30:00,13,7,8,17,30,640,445,10 AV MARECHAL LECLERC,43.306,-0.33579,Plein jour,En agglomération,Hors intersection,Normale,Autre collision,,,,,,,,,,,1,2,1,1.0,6
201300032326,0013-07-08 18:25:00,13,7,8,18,25,640,445,RUE DE PORTET,43.3202,-0.34219,Plein jour,En agglomération,Intersection en X,Normale,Deux véhicules - côté,,,,,,,,,,,1,2,2,1.0,3
201300032327,0013-07-09 11:36:00,13,7,9,11,36,640,445,RP VICTOR SCHOELCHER,43.3215,-0.35919,Plein jour,En agglomération,Giratoire,Normale,Deux véhicules - côté,,,,,,,,,,,1,2,6,1.0,3
201300032328,0013-07-10 12:10:00,13,7,10,12,10,640,445,4 COURS LEON BERARD,43.3137,-0.36977,Plein jour,En agglomération,Hors intersection,Normale,Deux véhicules - arrière,,,,,,,,,,,1,2,1,1.0,2
201300032329,0013-07-10 12:15:00,13,7,10,12,15,640,445,33 RUE MICHEL HOUNAU,43.3021,-0.3656,Plein jour,En agglomération,Hors intersection,Normale,Autre collision,,,,,,,,,,,1,2,1,1.0,6
201300032330,0013-07-12 16:25:00,13,7,12,16,25,640,335,AV ANDRE MARIE AMPERE,43.3156,-0.43026,Plein jour,En agglomération,Hors intersection,Normale,Autre collision,,,,,,,,,,,1,2,1,1.0,6
201300032331,0013-07-12 20:04:00,13,7,12,20,4,640,445,9 RUE PIERRE MASSE,43.3127,-0.35819,Plein jour,En agglomération,Hors intersection,Normale,Autre collision,,,,,,,,,,,1,2,1,1.0,6
201300032332,0013-07-13 10:48:00,13,7,13,10,48,640,284,CORPS FRANC POMMIES/ARTI,43.2921,-0.40125,Plein jour,En agglomération,Intersection en X,Normale,Deux véhicules - côté,,,,,,,,,,,1,2,2,1.0,3
201300032333,0013-07-17 16:00:00,13,7,17,16,0,640,335,AV SANTOS-DUMONT,43.3233,-0.42057,Plein jour,En agglomération,Giratoire,Normale,Deux véhicules - côté,,,,,,,,,,,1,2,6,1.0,3
201300032334,0013-07-17 20:30:00,13,7,17,20,30,640,335,BD DE L' EUROPE/SNCF,43.3179,-0.42716,Plein jour,En agglomération,Hors intersection,Normale,Deux véhicules - côté,,,,,,,,,,,1,2,1,1.0,3
201300032335,0013-07-18 17:52:00,13,7,18,17,52,640,445,55 RUE 18EME REGIMENT,43.2978,-0.38585,Plein jour,En agglomération,Hors intersection,Normale,Deux véhicules - côté,,,,,,,,,,,1,2,1,1.0,3
201300032336,0013-07-18 22:45:00,13,7,18,22,45,640,129,2 RUE SAINT EXUPERY,43.3133,-0.38102,Nuit sans éclairage public,En agglomération,Hors intersection,Normale,Autre collision,,,,,,,,,,,3,2,1,1.0,6
201300032337,0013-07-20 16:30:00,13,7,20,16,30,640,445,AV LILAS/BD TOURASSE,43.3093,-0.34416,Plein jour,En agglomération,Intersection en T,Normale,Deux véhicules - côté,,,,,,,,,,,1,2,3,1.0,3
201300032338,0013-07-21 10:45:00,13,7,21,10,45,640,348,AV F ET I JOLIOT CURIE,43.3085,-0.4273,Plein jour,En agglomération,Intersection en T,Normale,Deux véhicules - côté,,,,,,,,,,,1,2,3,1.0,3
201300032339,0013-07-26 08:33:00,13,7,26,8,33,640,348,BD DE L' EUROPE,43.3262,-0.38713,Plein jour,En agglomération,Hors intersection,Normale,Deux véhicules - côté,,,,,,,,,,,1,2,1,1.0,3
201300032340,0013-07-29 08:18:00,13,7,29,8,18,640,445,RENE MOUCHOTTE,43.3052,-0.3286,Plein jour,En agglomération,Hors intersection,Normale,Deux véhicules - côté,,,,,,,,,,,1,2,1,1.0,3
201300032341,0013-08-01 06:52:00,13,8,1,6,52,640,445,100 BD ALSACE LORRAINE,43.3053,-0.37316,Plein jour,En agglomération,Hors intersection,Normale,Autre collision,,,,,,,,,,,1,2,1,1.0,6
201300032342,0013-08-06 17:10:00,13,8,6,17,10,640,129,"0, AV MARCEL DASSAULT",43.3013,-0.40976,Plein jour,En agglomération,Giratoire,Normale,Autre collision,,,,,,,,,,,1,2,6,1.0,6
201300032343,0013-08-08 18:15:00,13,8,8,18,15,640,445,4 AV GEN DE GAULLE,43.3021,-0.35517,Plein jour,En agglomération,Hors intersection,Normale,Deux véhicules - côté,,,,,,,,,,,1,2,1,1.0,3
201300032344,0013-08-11 20:55:00,13,8,11,20,55,640,445,RUE PANORAMA /MOUCHOTTE,43.3026,-0.31924,Plein jour,En agglomération,Intersection en T,Normale,Deux véhicules - côté,,,,,,,,,,,1,2,3,1.0,3
201300032345,0013-08-13 14:19:00,13,8,13,14,19,640,445,24 RUE CHANOINE LABORDE,43.3052,-0.361,Plein jour,En agglomération,Hors intersection,Normale,Autre collision,,,,,,,,,,,1,2,1,1.0,6
201300032346,0013-08-13 17:48:00,13,8,13,17,48,640,445,BD DE L' EUROPE/BYRON,43.3265,-0.32938,Plein jour,En agglomération,Hors intersection,Normale,Deux véhicules - côté,,,,,,,,,,,1,2,1,1.0,3
201300032347,0013-08-14 17:40:00,13,8,14,17,40,640,445,82 AV DIDIER DAURAT,43.3337,-0.37972,Plein jour,En agglomération,Hors intersection,Normale,Deux véhicules - côté,,,,,,,,,,,1,2,1,1.0,3
201300032348,0013-08-15 11:40:00,13,8,15,11,40,640,445,RUE DESPOURRINS/CASTETNA,43.3002,-0.36698,Plein jour,En agglomération,Intersection en X,Normale,Deux véhicules - côté,,,,,,,,,,,1,2,2,1.0,3
201300032349,0013-08-20 18:02:00,13,8,20,18,2,640,445,64 BD DE LA PAIX,43.3142,-0.33324,Plein jour,En agglomération,Hors intersection,Normale,Autre collision,,,,,,,,,,,1,2,1,1.0,6
201300032350,0013-08-21 08:00:00,13,8,21,8,0,640,129,ROUTE DE BAYONNE,43.3058,-0.40008,Plein jour,En agglomération,Giratoire,Normale,Deux véhicules - côté,,,,,,,,,,,1,2,6,1.0,3
201300032351,0013-08-21 11:55:00,13,8,21,11,55,640,445,72 RUE D'ETIGNY,43.2964,-0.38418,Plein jour,En agglomération,Hors intersection,Normale,Autre collision,,,,,,,,,,,1,2,1,1.0,6
201300032352,0013-08-22 18:20:00,13,8,22,18,20,640,129,"0,VOIE NORD SUD",,,Plein jour,En agglomération,Hors intersection,Normale,Autre collision,,,,,,,,,,,1,2,1,1.0,6
201300032353,0013-08-29 17:37:00,13,8,29,17,37,640,445,95 MARTYRS DU PONT LONG,43.3418,-0.37983,Plein jour,En agglomération,Hors intersection,Normale,Deux véhicules - côté,,,,,,,,,,,1,2,1,1.0,3
201300032354,0013-08-31 15:50:00,13,8,31,15,50,640,132,"0,CHEMIN CAM MARTY",43.2956,-0.3234,Plein jour,En agglomération,Hors intersection,Normale,Autre collision,,,,,,,,,,,1,2,1,1.0,6
201300032355,0013-09-09 18:30:00,13,9,9,18,30,640,329,34 ROUTE DE TARBES,43.298,-0.30263,Plein jour,En agglomération,Hors intersection,Normale,Deux véhicules - arrière,,,,,,,,,,,1,2,1,1.0,2
201300032356,0013-09-10 11:00:00,13,9,10,11,0,640,445,200 BD DE LA PAIX,43.3205,-0.35223,Plein jour,En agglomération,Hors intersection,Normale,Deux véhicules - arrière,,,,,,,,,,,1,2,1,1.0,2
201300032357,0013-09-11 07:20:00,13,9,11,7,20,640,445,1 BD OLOF PALME,43.3338,-0.35899,Plein jour,En agglomération,Hors intersection,Normale,Deux véhicules - frontale,,,,,,,,,,,1,2,1,1.0,1
201300032358,0013-09-11 08:49:00,13,9,11,8,49,640,445,41 RUE EMILE GINOT,43.2945,-0.35489,Plein jour,En agglomération,Hors intersection,Normale,Autre collision,,,,,,,,,,,1,2,1,1.0,6
201300032359,0013-09-12 19:45:00,13,9,12,19,45,640,445,AV DE LONS/AV PIC OSSAU,43.3123,-0.38636,Crépuscule ou aube,En agglomération,Intersection en X,Normale,Deux véhicules - côté,,,,,,,,,,,2,2,2,1.0,3
201300032360,0013-09-13 17:35:00,13,9,13,17,35,640,335,"0,CHEMIN DE L' AVIATION",43.344,-0.43073,Plein jour,En agglomération,Hors intersection,Normale,Autre collision,,,,,,,,,,,1,2,1,1.0,6
201300032361,0013-09-15 00:40:00,13,9,15,0,40,640,237,D100,43.2789,-0.3596,Nuit avec éclairage allumé,En agglomération,Hors intersection,Normale,Deux véhicules - frontale,,,,,,,,,,,5,2,1,1.0,1
201300032362,0013-09-16 14:30:00,13,9,16,14,30,640,335,147 BD CHARLES DE GAULLE,43.3166,-0.42283,Plein jour,En agglomération,Hors intersection,Normale,Deux véhicules - arrière,,,,,,,,,,,1,2,1,1.0,2
201300032363,0013-09-17 08:30:00,13,9,17,8,30,640,445,RUE LAFFITTE/SANTONA,43.3187,-0.38128,Plein jour,En agglomération,Intersection en X,Pluie légère,Deux véhicules - côté,,,,,,,,,,,1,2,2,2.0,3
201300032364,0013-09-24 06:53:00,13,9,24,6,53,640,445,COURS LEON BERARD/MONTAR,43.3165,-0.37483,Crépuscule ou aube,En agglomération,Giratoire,Normale,Deux véhicules - côté,,,,,,,,,,,2,2,6,1.0,3
201300032365,0013-09-24 10:02:00,13,9,24,10,2,640,445,COURS LEON BERARD/MONTAR,,,Plein jour,En agglomération,Giratoire,Normale,Deux véhicules - côté,,,,,,,,,,,1,2,6,1.0,3
201300032366,0013-09-24 15:12:00,13,9,24,15,12,640,445,BD TOURASSE/AV DU LOUP,43.3113,-0.3564,Plein jour,En agglomération,Intersection en T,Normale,Deux véhicules - côté,,,,,,,,,,,1,2,3,1.0,3
201300032367,0013-09-24 20:35:00,13,9,24,20,35,640,445,29-31 RUE CARNOT,43.3015,-0.3693,Nuit avec éclairage allumé,En agglomération,Hors intersection,Normale,Autre collision,,,,,,,,,,,5,2,1,1.0,6
201300032368,0013-09-27 07:30:00,13,9,27,7,30,640,335,"0, RD 817",43.3442,-0.43436,Crépuscule ou aube,En agglomération,Giratoire,Normale,Autre collision,,,,,,,,,,,2,2,6,1.0,6
201300032369,0013-09-27 16:41:00,13,9,27,16,41,640,335,ROUTE SAULT DE NAVAILLES,43.3574,-0.44227,Plein jour,Hors agglomération,Hors intersection,Normale,Trois véhicules et plus - collisions multiples,,,,,,,,,,,1,1,1,1.0,5
201300032370,0013-09-30 16:37:00,13,9,30,16,37,640,445,"0,BD GENERAL DE GAULLE",43.3018,-0.35621,Plein jour,En agglomération,Intersection en X,Normale,Deux véhicules - côté,,,,,,,,,,,1,2,2,1.0,3
201300032371,0013-09-30 20:00:00,13,9,30,20,0,640,445,AV MONTARDON/LABOURDETT,43.3118,-0.37545,Nuit avec éclairage non allumé,En agglomération,Intersection en X,Normale,Deux véhicules - côté,,,,,,,,,,,4,2,2,1.0,3
201300032372,0013-10-02 18:15:00,13,10,2,18,15,640,445,RUE MARCA/RUE DES PONTS,43.2946,-0.37716,Plein jour,En agglomération,Intersection en X,Normale,Deux véhicules - côté,,,,,,,,,,,1,2,2,1.0,3
201300032373,0013-10-03 16:17:00,13,10,3,16,17,640,445,21 AV DIDIER DAURAT,43.3269,-0.37964,Plein jour,En agglomération,Hors intersection,Normale,Deux véhicules - côté,,,,,,,,,,,1,2,1,1.0,3
201300032374,0013-10-03 18:08:00,13,10,3,18,8,640,348,"58, MARTYRS DU PONT LONG",43.3436,-0.37987,Plein jour,En agglomération,Hors intersection,Normale,Autre collision,,,,,,,,,,,1,2,1,1.0,6
201300032375,0013-10-07 08:36:00,13,10,7,8,36,640,445,57 BD DE LA PAIX,43.3142,-0.33325,Crépuscule ou aube,En agglomération,Intersection en X,Normale,Deux véhicules - côté,,,,,,,,,,,2,2,2,1.0,3
201300032376,0013-10-08 09:00:00,13,10,8,9,0,640,445,271 BD DE LA PAIX,43.3217,-0.36249,Plein jour,En agglomération,Hors intersection,Normale,Deux véhicules - arrière,,,,,,,,,,,1,2,1,1.0,2
201300032377,0013-10-11 18:07:00,13,10,11,18,7,640,445,35 RUE AMEDEE ROUSSILLE,43.2933,-0.38331,Plein jour,En agglomération,Hors intersection,Normale,Deux véhicules - arrière,,,,,,,,,,,1,2,1,1.0,2
201300032378,0013-10-14 19:37:00,13,10,14,19,37,640,445,2 RUE HOO PARIS,43.3035,-0.36238,Nuit avec éclairage non allumé,En agglomération,Intersection en X,Normale,Deux véhicules - côté,,,,,,,,,,,4,2,2,1.0,3
201300032379,0013-10-17 07:35:00,13,10,17,7,35,640,129,39 AV LALANNE,43.3102,-0.38912,Nuit avec éclairage allumé,En agglomération,Intersection en X,Normale,Deux véhicules - côté,,,,,,,,,,,5,2,2,1.0,3
201300032380,0013-10-17 14:02:00,13,10,17,14,2,640,445,RP DE LA COMMUNE PARIS,43.3116,-0.36306,Plein jour,En agglomération,Giratoire,Normale,Deux véhicules - arrière,,,,,,,,,,,1,2,6,1.0,2
201300032381,0013-10-20 00:40:00,13,10,20,0,40,640,445,38 AV DE MONTARDON,43.3118,-0.37541,Nuit avec éclairage allumé,En agglomération,Intersection en X,Normale,Trois véhicules et plus - collisions multiples,,,,,,,,,,,5,2,2,1.0,5
201300032382,0013-10-20 10:40:00,13,10,20,10,40,640,445,"0,AV DIDIER DAURAT",43.3271,-0.37964,Plein jour,En agglomération,Hors intersection,Normale,Deux véhicules - arrière,,,,,,,,,,,1,2,1,1.0,2
201300032383,0013-10-22 11:05:00,13,10,22,11,5,640,445,177 AV JEAN MERMOZ,43.3229,-0.37937,Plein jour,En agglomération,Hors intersection,Normale,Autre collision,,,,,,,,,,,1,2,1,1.0,6
201300032384,0013-10-22 16:48:00,13,10,22,16,48,640,445,RUE D' ETIGNY/MARCA,43.296,-0.3765,Plein jour,En agglomération,Intersection en X,Normale,Deux véhicules - côté,,,,,,,,,,,1,2,2,1.0,3
201300032385,0013-10-22 18:10:00,13,10,22,18,10,640,445,36 COURS LYAUTEY,43.3087,-0.36399,Crépuscule ou aube,En agglomération,Hors intersection,Pluie légère,Deux véhicules - côté,,,,,,,,,,,2,2,1,2.0,3
201300032386,0013-10-25 14:05:00,13,10,25,14,5,640,348,3 AV DU GRAND PRIX,43.3225,-0.38652,Plein jour,En agglomération,Hors intersection,Normale,Deux véhicules - arrière,,,,,,,,,,,1,2,1,1.0,2
201300032387,0013-10-25 23:17:00,13,10,25,23,17,640,445,76 RUE D' ETIGNY,43.2967,-0.38548,Nuit avec éclairage allumé,En agglomération,Hors intersection,Normale,Sans collision,,,,,,,,,,,5,2,1,1.0,7
201300032388,0013-10-30 11:22:00,13,10,30,11,22,640,348,"0,AV DES FRERES WRIGHT",43.3481,-0.38034,Plein jour,En agglomération,Hors intersection,Normale,Deux véhicules - côté,,,,,,,,,,,1,2,1,1.0,3
201300032389,0013-10-31 07:30:00,13,10,31,7,30,640,284,19 AV GASTON CAMBOT,43.2911,-0.39489,Plein jour,Hors agglomération,Intersection en T,Normale,Deux véhicules - côté,,,,,,,,,,,1,1,3,1.0,3
201300032390,0013-10-31 11:55:00,13,10,31,11,55,640,348,101 MARTYRS DU PONT LONG,43.3452,-0.3799,Plein jour,Hors agglomération,Hors intersection,Normale,Deux véhicules - arrière,,,,,,,,,,,1,1,1,1.0,2
201300032391,0013-11-02 18:00:00,13,11,2,18,0,640,445,ALLEE BUFFON,43.3353,-0.36815,Crépuscule ou aube,Hors agglomération,Hors intersection,Normale,Deux véhicules - frontale,,,,,,,,,,,2,1,1,1.0,1
201300032392,0013-11-04 12:28:00,13,11,4,12,28,640,348,55 BD CHARLES DE GAULLE,43.3098,-0.4103,Plein jour,En agglomération,Hors intersection,Pluie légère,Deux véhicules - arrière,,,,,,,,,,,1,2,1,2.0,2
201300032393,0013-11-05 10:20:00,13,11,5,10,20,640,284,4 RUE CHARLES DE GAULLE,43.2871,-0.39015,Plein jour,En agglomération,Hors intersection,Pluie forte,Autre collision,,,,,,,,,,,1,2,1,3.0,6
201300032394,0013-11-05 19:14:00,13,11,5,19,14,640,445,13 AV BEZIOU,43.3066,-0.3801,Nuit sans éclairage public,En agglomération,Hors intersection,Pluie légère,Autre collision,,,,,,,,,,,3,2,1,2.0,6
201300032395,0013-11-06 12:20:00,13,11,6,12,20,640,373,23 AV GENERAL DE GAULLE,43.2781,-0.35353,Plein jour,En agglomération,Hors intersection,Normale,Autre collision,,,,,,,,,,,1,2,1,1.0,6
201300032396,0013-11-06 15:00:00,13,11,6,15,0,640,335,AV VERT GALANT/EUROPE,43.3263,-0.44064,Plein jour,En agglomération,Giratoire,Normale,Deux véhicules - côté,,,,,,,,,,,1,2,6,1.0,3
201300032397,0013-11-06 15:17:00,13,11,6,15,17,640,348,AV DE SANTONA/EUROPE,43.321,-0.39167,Plein jour,En agglomération,Intersection en T,Normale,Deux véhicules - côté,,,,,,,,,,,1,2,3,1.0,3
201300032398,0013-11-07 19:25:00,13,11,7,19,25,640,445,AV RESISTANCE/NOLIVOS,43.304,-0.3758,Nuit sans éclairage public,En agglomération,Intersection en T,Normale,Deux véhicules - côté,,,,,,,,,,,3,2,3,1.0,3
201300032399,0013-11-08 08:25:00,13,11,8,8,25,640,335,AV SANTOS-DUMONT,43.3195,-0.42412,Plein jour,En agglomération,Hors intersection,Normale,Autre collision,,,,,,,,,,,1,2,1,1.0,6
201300032400,0013-11-09 05:50:00,13,11,9,5,50,640,445,20 BD DES PYRENEES,43.2933,-0.3695,Nuit avec éclairage allumé,En agglomération,Hors intersection,Normale,Autre collision,,,,,,,,,,,5,2,1,1.0,6
201300032401,0013-11-10 00:50:00,13,11,10,0,50,640,269,40 ROUTE DE TARBES,43.2976,-0.3011,Nuit avec éclairage allumé,En agglomération,Hors intersection,Pluie légère,Autre collision,,,,,,,,,,,5,2,1,2.0,6
201300032402,0013-11-11 18:10:00,13,11,11,18,10,640,445,RUE BIE MOULIE/PRINCE,43.306,-0.34406,Nuit avec éclairage allumé,En agglomération,Intersection en X,Normale,Autre collision,,,,,,,,,,,5,2,2,1.0,6
201300032403,0013-11-12 18:12:00,13,11,12,18,12,640,335,ROUTE SAULT DE NAVAILLES,43.3421,-0.43381,Nuit sans éclairage public,En agglomération,Hors intersection,Normale,Autre collision,,,,,,,,,,,3,2,1,1.0,6
201300032404,0013-11-13 01:45:00,13,11,13,1,45,640,445,RUE DES PONTS,43.2956,-0.37869,Nuit avec éclairage allumé,En agglomération,Hors intersection,Normale,Sans collision,,,,,,,,,,,5,2,1,1.0,7
201300032405,0013-11-13 08:38:00,13,11,13,8,38,640,445,8 RUE MARCA,,,Plein jour,En agglomération,Hors intersection,Normale,Deux véhicules - côté,,,,,,,,,,,1,2,1,1.0,3
201300032406,0013-11-13 12:15:00,13,11,13,12,15,640,348,"0,AV ANDRE MARIE AMPERE",,,Plein jour,En agglomération,Hors intersection,Normale,Deux véhicules - arrière,,,,,,,,,,,1,2,1,1.0,2
201300032407,0013-11-14 17:30:00,13,11,14,17,30,640,445,RUE HENRI FAISANS/LESPY,43.299,-0.36307,Crépuscule ou aube,En agglomération,Intersection en T,Pluie légère,Deux véhicules - côté,,,,,,,,,,,2,2,3,2.0,3
201300032408,0013-11-14 17:30:00,13,11,14,17,30,640,445,BD OLOF PALME,43.3315,-0.35866,Crépuscule ou aube,En agglomération,Hors intersection,Pluie légère,Deux véhicules - côté,,,,,,,,,,,2,2,1,2.0,3
201300032409,0013-11-14 17:50:00,13,11,14,17,50,640,445,17 AV GASTON PHOEBUS,43.3023,-0.37771,Crépuscule ou aube,En agglomération,Intersection en T,Pluie légère,Deux véhicules - côté,,,,,,,,,,,2,2,3,2.0,3
201300032410,0013-11-14 18:45:00,13,11,14,18,45,640,445,"0, CATHERINE DE BOURBON",,,Nuit avec éclairage allumé,En agglomération,Hors intersection,Pluie légère,Deux véhicules - arrière,,,,,,,,,,,5,2,1,2.0,2
201300032411,0013-11-14 18:49:00,13,11,14,18,49,640,445,MAQUIS BEARN/BORDELONGUE,43.2986,-0.37685,Crépuscule ou aube,En agglomération,Intersection en T,Pluie légère,Deux véhicules - côté,,,,,,,,,,,2,2,3,2.0,3
201300032412,0013-11-14 22:00:00,13,11,14,22,0,640,445,RUE GASSIOT/MOUROT,43.2983,-0.37138,Nuit avec éclairage allumé,En agglomération,Intersection en T,Pluie légère,Deux véhicules - côté,,,,,,,,,,,5,2,3,2.0,3
201300032413,0013-11-15 17:45:00,13,11,15,17,45,640,348,"0,BD CHARLES DE GAULLE",,,Crépuscule ou aube,En agglomération,Hors intersection,Pluie légère,Deux véhicules - arrière,,,,,,,,,,,2,2,1,2.0,2
201300032414,0013-11-15 18:45:00,13,11,15,18,45,640,348,"0,BD DE L' EUROPE",43.3287,-0.386,Nuit avec éclairage allumé,En agglomération,Hors intersection,Pluie forte,Deux véhicules - côté,,,,,,,,,,,5,2,1,3.0,3
201300032415,0013-11-15 20:50:00,13,11,15,20,50,640,445,39 BD ALSACE LORRAINE,43.3034,-0.36429,Nuit avec éclairage allumé,En agglomération,Intersection en T,Pluie légère,Deux véhicules - côté,,,,,,,,,,,5,2,3,2.0,3
201300032416,0013-11-18 18:36:00,13,11,18,18,36,640,445,AV PIERRE MASSE,43.3151,-0.35716,Nuit avec éclairage allumé,En agglomération,Hors intersection,Pluie légère,Autre collision,,,,,,,,,,,5,2,1,2.0,6
201300032417,0013-11-19 10:50:00,13,11,19,10,50,640,445,4 COURS LEON BERARD,43.314,-0.37012,Plein jour,En agglomération,Hors intersection,Pluie légère,Trois véhicules et plus - en chaîne,,,,,,,,,,,1,2,1,2.0,4
201300032418,0013-11-20 17:30:00,13,11,20,17,30,640,348,15 A FRERES MONTGOLFIER,43.3069,-0.42072,Crépuscule ou aube,En agglomération,Hors intersection,Normale,Deux véhicules - côté,,,,,,,,,,,2,2,1,1.0,3
201300032419,0013-11-21 08:10:00,13,11,21,8,10,640,129,30 AV CHATEAU D'ESTE,43.3061,-0.3879,Plein jour,En agglomération,Hors intersection,Pluie légère,Autre collision,,,,,,,,,,,1,2,1,2.0,6
201300032420,0013-11-21 18:18:00,13,11,21,18,18,640,445,8 RUE HENRI FAISANS,43.3006,-0.36033,Nuit avec éclairage allumé,En agglomération,Hors intersection,Pluie forte,Autre collision,,,,,,,,,,,5,2,1,3.0,6
201300032421,0013-11-21 20:30:00,13,11,21,20,30,640,445,149 BD CAMI SALIE,43.3266,-0.34175,Nuit avec éclairage allumé,En agglomération,Intersection en X,Pluie forte,Deux véhicules - côté,,,,,,,,,,,5,2,2,3.0,3
201300032422,0013-11-22 15:44:00,13,11,22,15,44,640,445,22 AV GASTON LACOSTE,43.2922,-0.36483,Plein jour,En agglomération,Hors intersection,Normale,Deux véhicules - arrière,,,,,,,,,,,1,2,1,1.0,2
201300032423,0013-11-26 11:55:00,13,11,26,11,55,640,445,CATHERINE DE BOURBON,43.3248,-0.35737,Plein jour,En agglomération,Intersection en T,Normale,Deux véhicules - côté,,,,,,,,,,,1,2,3,1.0,3
201300032424,0013-11-27 15:15:00,13,11,27,15,15,640,445,20 BD RENE MOUCHOTTE,43.3042,-0.32502,Plein jour,En agglomération,Hors intersection,Normale,Deux véhicules - côté,,,,,,,,,,,1,2,1,1.0,3
201300032425,0013-11-28 08:10:00,13,11,28,8,10,640,445,RP ERIC TABARLY,43.3112,-0.36326,Plein jour,En agglomération,Intersection en X,Normale,Deux véhicules - arrière,,,,,,,,,,,1,2,2,1.0,2
201300032426,0013-11-28 08:20:00,13,11,28,8,20,640,284,37 RUE GENERAL LECLERC,43.2884,-0.38903,Plein jour,En agglomération,Hors intersection,Normale,Autre collision,,,,,,,,,,,1,2,1,1.0,6
201300032427,0013-11-29 08:35:00,13,11,29,8,35,640,335,82 BD DE L' EUROPE,43.333,-0.45325,Crépuscule ou aube,En agglomération,Intersection en X,Temps éblouissant,Deux véhicules - côté,,,,,,,,,,,2,2,2,7.0,3
201300032428,0013-11-29 21:00:00,13,11,29,21,0,640,445,30 RUE RONSARD,43.3183,-0.35709,Nuit avec éclairage allumé,En agglomération,Hors intersection,Normale,Autre collision,,,,,,,,,,,5,2,1,1.0,6
201300032429,0013-12-03 11:00:00,13,12,3,11,0,640,129,ROUTE DE BAYONNE,43.3005,-0.39321,Plein jour,En agglomération,Intersection en X,Normale,Deux véhicules - côté,,,,,,,,,,,1,2,2,1.0,3
201300032430,0013-12-04 07:55:00,13,12,4,7,55,640,129,70 ROUTE DE BAYONNE,43.3032,-0.39828,Crépuscule ou aube,En agglomération,Hors intersection,Normale,Deux véhicules - arrière,,,,,,,,,,,2,2,1,1.0,2
201300032431,0013-12-04 08:00:00,13,12,4,8,0,640,445,AV JEAN MERMOZ,43.3228,-0.3794,Plein jour,En agglomération,Intersection en T,Normale,Deux véhicules - côté,,,,,,,,,,,1,2,3,1.0,3
201300032432,0013-12-04 17:45:00,13,12,4,17,45,640,445,AV BEAU SOLEIL/LARRIBAU,43.299,-0.3328,Nuit avec éclairage allumé,En agglomération,Intersection en X,Normale,Deux véhicules - frontale,,,,,,,,,,,5,2,2,1.0,1
201300032433,0013-12-04 23:15:00,13,12,4,23,15,640,335,4 BD DE L'EUROPE,43.3395,-0.46508,Nuit sans éclairage public,En agglomération,Hors intersection,Normale,Autre collision,,,,,,,,,,,3,2,1,1.0,6
201300032434,0013-12-06 08:04:00,13,12,6,8,4,640,445,BD OLOF PALME/BACARISSE,43.3358,-0.36382,Plein jour,En agglomération,Intersection en T,Normale,Deux véhicules - côté,,,,,,,,,,,1,2,3,1.0,3
201300032435,0013-12-06 19:30:00,13,12,6,19,30,640,335,14 AV DE TARBES,43.3321,-0.42257,Nuit avec éclairage allumé,En agglomération,Hors intersection,Normale,Sans collision,,,,,,,,,,,5,2,1,1.0,7
201300032436,0013-12-07 19:15:00,13,12,7,19,15,640,129,ROUTE BAYONNE/RUE MAIRIE,43.3021,-0.39627,Nuit avec éclairage allumé,En agglomération,Intersection en T,Normale,Deux véhicules - côté,,,,,,,,,,,5,2,3,1.0,3
201300032437,0013-12-08 00:15:00,13,12,8,0,15,640,445,12  RECTEUR JEAN SARRAIL,43.3112,-0.36654,Nuit avec éclairage allumé,En agglomération,Hors intersection,Normale,Deux véhicules - arrière,,,,,,,,,,,5,2,1,1.0,2
201300032438,0013-12-08 01:10:00,13,12,8,1,10,640,445,ALSACE LORRAINE/GARET,43.3024,-0.36044,Nuit avec éclairage allumé,En agglomération,Intersection en X,Normale,Deux véhicules - côté,,,,,,,,,,,5,2,2,1.0,3
201300032439,0013-12-09 07:45:00,13,12,9,7,45,640,445,68 RUE DU 14 JUILLET,43.2879,-0.38033,Plein jour,En agglomération,Hors intersection,Normale,Deux véhicules - côté,,,,,,,,,,,1,2,1,1.0,3
201300032440,0013-12-10 07:55:00,13,12,10,7,55,640,445,BD ALSACE LORRAIN/CARNOT,43.3045,-0.36826,Plein jour,En agglomération,Intersection en T,Normale,Deux véhicules - côté,,,,,,,,,,,1,2,3,1.0,3
201300032441,0013-12-10 08:00:00,13,12,10,8,0,640,284,AV CORPS FRANC POMMIES,43.2912,-0.40492,Plein jour,En agglomération,Giratoire,Normale,Deux véhicules - côté,,,,,,,,,,,1,2,6,1.0,3
201300032442,0013-12-10 13:22:00,13,12,10,13,22,640,445,33 AV JEAN MERMOZ,43.3081,-0.37658,Plein jour,En agglomération,Hors intersection,Normale,Autre collision,,,,,,,,,,,1,2,1,1.0,6
201300032443,0013-12-10 17:49:00,13,12,10,17,49,640,445,33 RUE CLEMENCEAU,43.2886,-0.35362,Nuit avec éclairage allumé,En agglomération,Hors intersection,Normale,Deux véhicules - arrière,,,,,,,,,,,5,2,1,1.0,2
201300032444,0013-12-11 08:10:00,13,12,11,8,10,640,445,AV ROBERT SCHUMANN,43.3095,-0.365,Plein jour,En agglomération,Hors intersection,Normale,Deux véhicules - arrière,,,,,,,,,,,1,2,1,1.0,2
201300032445,0013-12-13 17:32:00,13,12,13,17,32,640,445,30  RECTEUR JEAN SARRAIL,43.3105,-0.36822,Nuit avec éclairage allumé,En agglomération,Hors intersection,Normale,Deux véhicules - arrière,,,,,,,,,,,5,2,1,1.0,2