accident_id,datetime,annee,mois,jour,heure,minute,departement,commune_insee,adresse,latitude,longitude,luminosite,agglomeration,intersection,meteo,collision,nb_vehicules,nb_usagers,nb_indemnes,nb_tues,nb_blesses_hosp,nb_blesses_legers,age_cond_1,age_cond_2,veh_type_cond_1,veh_type_cond_2,lum_code,agg_code,int_code,atm_code,col_code
201300032806,0013-06-12 12:30:00,13,6,12,12,30,660,136,RD 914,,,Plein jour,Hors agglomération,Hors intersection,Normale,Deux véhicules - côté,,,,,,,,,,,1,1,1,1.0,3
201300032807,0013-06-18 12:02:00,13,6,18,12,2,660,136,"36, DAGOBERT (LUC)",42.69468,2.89148,Plein jour,En agglomération,Hors intersection,Normale,Autre collision,,,,,,,,,,,1,2,1,1.0,6
201300032808,0013-06-19 13:08:00,13,6,19,13,8,660,136,"0, ESCARGUEL (COURS LAZA",42.69999,2.88662,Plein jour,En agglomération,Hors intersection,Normale,Autre collision,,,,,,,,,,,1,2,1,1.0,6
201300032809,0013-06-19 07:50:00,13,6,19,7,50,660,136,"0, DESNOYE (BOULEVARD DR",42.70386,2.88279,Plein jour,En agglomération,Hors intersection,Normale,Deux véhicules - frontale,,,,,,,,,,,1,2,1,1.0,1
201300032810,0013-06-20 12:08:00,13,6,20,12,8,660,136,"0, BIOT JEAN BAPTISTE",42.73425,2.90029,Plein jour,En agglomération,Hors intersection,Normale,Deux véhicules - frontale,,,,,,,,,,,1,2,1,1.0,1
201300032811,0013-06-14 14:12:00,13,6,14,14,12,660,136,"18, TAULIS (DE)",42.68122,2.90327,Plein jour,En agglomération,Hors intersection,Normale,Autre collision,,,,,,,,,,,1,2,1,1.0,6
201300032812,0013-06-29 00:21:00,13,6,29,0,21,660,136,"., TORREILLES (AV DU DOC",42.68695,2.87436,Nuit avec éclairage allumé,En agglomération,Hors intersection,Normale,Deux véhicules - côté,,,,,,,,,,,5,2,1,1.0,3
201300032813,0013-06-29 01:45:00,13,6,29,1,45,660,136,"., R D 900",,,Nuit sans éclairage public,Hors agglomération,Hors intersection,Normale,Sans collision,,,,,,,,,,,3,1,1,1.0,7
201300032814,0013-07-08 09:00:00,13,7,8,9,0,660,136,"13, AUGUSTINS DES",42.69754,2.89463,Plein jour,En agglomération,Hors intersection,Normale,Deux véhicules - arrière,,,,,,,,,,,1,2,1,1.0,2
201300032815,0013-07-15 17:40:00,13,7,15,17,40,660,136,"320, JOFFRE (AVENUE DU M",42.72047,2.88637,Plein jour,En agglomération,Hors intersection,Normale,Autre collision,,,,,,,,,,,1,2,1,1.0,6
201300032816,0013-07-18 00:53:00,13,7,18,0,53,660,136,"0, LANCASTER (PLACE DE)",42.71594,2.88802,Nuit avec éclairage allumé,En agglomération,Hors intersection,Normale,Deux véhicules - côté,,,,,,,,,,,5,2,1,1.0,3
201300032817,0013-07-20 21:15:00,13,7,20,21,15,660,136,", ESCARGUEL (COURS LAZAR",42.69736,2.88777,Plein jour,En agglomération,Intersection en X,Normale,Deux véhicules - côté,,,,,,,,,,,1,2,2,1.0,3
201300032818,0013-07-22 12:27:00,13,7,22,12,27,660,136,"0, PALAIS-DES-EXPO (AVEN",42.70882,2.90484,Plein jour,En agglomération,Hors intersection,Normale,Autre collision,,,,,,,,,,,1,2,1,1.0,6
201300032819,0013-07-28 21:45:00,13,7,28,21,45,660,136,PALAIS-DES-EXPO (AVENUE,42.70436,2.89254,Nuit avec éclairage allumé,En agglomération,Hors intersection,Normale,Autre collision,,,,,,,,,,,5,2,1,1.0,6
201300032820,0013-08-07 13:50:00,13,8,7,13,50,660,136,"., BLANC AVENUE ROSETTE",42.69885,2.90571,Plein jour,En agglomération,Hors intersection,Normale,Autre collision,,,,,,,,,,,1,2,1,1.0,6
201300032821,0013-08-08 19:50:00,13,8,8,19,50,660,136,"., JEAN JACQUES ROCADE",42.70154,2.90925,Plein jour,Hors agglomération,Hors intersection,Normale,Sans collision,,,,,,,,,,,1,1,1,1.0,7
201300032822,0013-08-09 02:30:00,13,8,9,2,30,660,136,Departementale  617,,,Nuit sans éclairage public,Hors agglomération,Hors intersection,Normale,Sans collision,,,,,,,,,,,3,1,1,1.0,7
201300032823,0013-08-12 06:00:00,13,8,12,6,0,660,136,"0, FRANCE LIBRE (BOULEVA",42.70509,2.90186,Plein jour,En agglomération,Hors intersection,Normale,Deux véhicules - côté,,,,,,,,,,,1,2,1,1.0,3
201300032824,0013-08-11 15:10:00,13,8,11,15,10,660,136,"0, SAINT-ROCH (CHEMIN DE",42.68776,2.90857,Plein jour,En agglomération,Hors intersection,Normale,Deux véhicules - arrière,,,,,,,,,,,1,2,1,1.0,2
201300032825,0013-08-13 11:15:00,13,8,13,11,15,660,136,"0, R D 900",,,Plein jour,Hors agglomération,Hors intersection,Normale,Deux véhicules - côté,,,,,,,,,,,1,1,1,1.0,3
201300032826,0013-08-16 14:10:00,13,8,16,14,10,660,136,"0, R D 900",,,Plein jour,En agglomération,Hors intersection,Normale,Deux véhicules - côté,,,,,,,,,,,1,2,1,1.0,3
201300032827,0013-08-20 18:50:00,13,8,20,18,50,660,136,"0, CAMUS AVENUE ALBERT",42.69115,2.90776,Crépuscule ou aube,En agglomération,Hors intersection,Normale,Deux véhicules - côté,,,,,,,,,,,2,2,1,1.0,3
201300032828,0013-08-21 18:05:00,13,8,21,18,5,660,136,CLEMENCEAU (BOULEVARD),42.7003,2.88965,Plein jour,En agglomération,Hors intersection,Normale,Autre collision,,,,,,,,,,,1,2,1,1.0,6
201300032829,0013-08-28 22:15:00,13,8,28,22,15,660,136,BALEARES ROND POINT ET C,42.68867,2.89504,Nuit avec éclairage allumé,En agglomération,Hors intersection,Normale,Deux véhicules - arrière,,,,,,,,,,,5,2,1,1.0,2
201300032830,0013-09-03 18:40:00,13,9,3,18,40,660,136,"., ARGELES SUR MER AVENU",42.68331,2.90945,Plein jour,En agglomération,Hors intersection,Normale,Deux véhicules - arrière,,,,,,,,,,,1,2,1,1.0,2
201300032831,0013-09-08 02:45:00,13,9,8,2,45,660,136,Departementale  617,,,Nuit sans éclairage public,Hors agglomération,Hors intersection,Normale,Autre collision,,,,,,,,,,,3,1,1,1.0,6
201300032832,0013-09-09 17:57:00,13,9,9,17,57,660,136,"., BLANC AVENUE ROSETTE",42.69942,2.91672,Plein jour,En agglomération,Hors intersection,Normale,Deux véhicules - arrière,,,,,,,,,,,1,2,1,1.0,2
201300032833,0013-09-11 17:31:00,13,9,11,17,31,660,136,"7 b, AERODROME AVENUE DE",42.72144,2.88552,Plein jour,En agglomération,Hors intersection,Normale,Autre collision,,,,,,,,,,,1,2,1,1.0,6
201300032834,0013-09-16 16:30:00,13,9,16,16,30,660,136,"., ANCIEN CHEMIN DE BAIX",42.70948,2.87528,Plein jour,Hors agglomération,Hors intersection,Normale,Deux véhicules - frontale,,,,,,,,,,,1,1,1,1.0,1
201300032835,0013-09-06 12:00:00,13,9,6,12,0,660,136,"., ALBERT MARCELLIN",42.69073,2.8911,Plein jour,En agglomération,Hors intersection,Normale,Autre collision,,,,,,,,,,,1,2,1,1.0,6
201300032836,0013-09-18 21:40:00,13,9,18,21,40,660,136,"., JARDINS SAINT-JACQUES",42.70301,2.90929,Nuit avec éclairage allumé,En agglomération,Hors intersection,Normale,Deux véhicules - côté,,,,,,,,,,,5,2,1,1.0,3
201300032837,0013-09-20 16:00:00,13,9,20,16,0,660,136,"., ROUDAYRE (AVENUE EMIL",42.70698,2.90008,Plein jour,En agglomération,Hors intersection,Normale,Deux véhicules - côté,,,,,,,,,,,1,2,1,1.0,3
201300032838,0013-09-25 08:50:00,13,9,25,8,50,660,136,FAUCEILLE (CHEMIN DE LA),42.67245,2.89107,Plein jour,En agglomération,Hors intersection,Normale,Deux véhicules - côté,,,,,,,,,,,1,2,1,1.0,3
201300032839,0013-09-26 23:45:00,13,9,26,23,45,660,136,"., FRANCE LIBRE (BOULEVA",42.70249,2.8919,Nuit sans éclairage public,En agglomération,Hors intersection,Normale,Deux véhicules - frontale,,,,,,,,,,,3,2,1,1.0,1
201300032840,0013-09-29 20:29:00,13,9,29,20,29,660,136,"., FRANCE LIBRE (BOULEVA",42.70428,2.89739,Crépuscule ou aube,En agglomération,Hors intersection,Normale,Deux véhicules - côté,,,,,,,,,,,2,2,1,1.0,3
201300032841,0013-10-03 22:01:00,13,10,3,22,1,660,136,Departementale  617,42.71026,2.918,Nuit sans éclairage public,En agglomération,Hors intersection,Normale,Deux véhicules - arrière,,,,,,,,,,,3,2,1,1.0,2
201300032842,0013-10-05 03:30:00,13,10,5,3,30,660,136,"., JULIEN PANCHOT (AVENU",42.68369,2.8641,Nuit avec éclairage allumé,En agglomération,Hors intersection,Normale,Deux véhicules - frontale,,,,,,,,,,,5,2,1,1.0,1
201300032843,0013-10-07 15:38:00,13,10,7,15,38,660,136,"., BERGES ARISTIDE",42.73116,2.89239,Plein jour,En agglomération,Intersection en X,Normale,Deux véhicules - côté,,,,,,,,,,,1,2,2,1.0,3
201300032844,0013-10-09 09:30:00,13,10,9,9,30,660,136,"0, BIGORRE LA",42.68763,2.89872,Plein jour,En agglomération,Hors intersection,Normale,Deux véhicules - côté,,,,,,,,,,,1,2,1,1.0,3
201300032845,0013-10-09 12:20:00,13,10,9,12,20,660,136,"., CARREL (AVENUE DU DOC",42.67962,2.90406,Plein jour,En agglomération,Hors intersection,Normale,Deux véhicules - côté,,,,,,,,,,,1,2,1,1.0,3
201300032846,0013-10-14 16:05:00,13,10,14,16,5,660,136,"., MASSOT (PAUL)",42.69585,2.88393,Plein jour,En agglomération,Hors intersection,Normale,Autre collision,,,,,,,,,,,1,2,1,1.0,6
201300032847,0013-10-20 02:45:00,13,10,20,2,45,660,136,R D 900,42.66497,2.88385,Nuit avec éclairage non allumé,En agglomération,Hors intersection,Normale,Deux véhicules - frontale,,,,,,,,,,,4,2,1,1.0,1
201300032848,0013-10-22 10:27:00,13,10,22,10,27,660,136,"60, REMPART-VILLENEUVE",42.69932,2.88976,Plein jour,En agglomération,Hors intersection,Normale,Autre collision,,,,,,,,,,,1,2,1,1.0,6
201300032849,0013-10-22 18:47:00,13,10,22,18,47,660,136,"., AMSTERDAM ( ROND POIN",42.68172,2.85213,Nuit sans éclairage public,En agglomération,Giratoire,Normale,Deux véhicules - côté,,,,,,,,,,,3,2,6,1.0,3
201300032850,0013-10-27 09:40:00,13,10,27,9,40,660,136,"0, ARGELES SUR MER AVENU",42.68114,2.91059,Plein jour,En agglomération,Hors intersection,Normale,Deux véhicules - côté,,,,,,,,,,,1,2,1,1.0,3
201300032851,0013-10-27 18:23:00,13,10,27,18,23,660,136,WILSON (BOULEVARD THOMAS,42.70186,2.8957,Plein jour,En agglomération,Hors intersection,Normale,Deux véhicules - côté,,,,,,,,,,,1,2,1,1.0,3
201300032852,0013-11-06 10:30:00,13,11,6,10,30,660,136,"31, MERCADER (BOULEVARD",42.69261,2.89194,Plein jour,En agglomération,Hors intersection,Normale,Autre collision,,,,,,,,,,,1,2,1,1.0,6
201300032853,0013-11-09 17:50:00,13,11,9,17,50,660,136,"34, TORCATIS (AVENUE LOU",42.69261,2.89195,Crépuscule ou aube,En agglomération,Hors intersection,Normale,Autre collision,,,,,,,,,,,2,2,1,1.0,6
201300032854,0013-11-14 12:15:00,13,11,14,12,15,660,136,LANGUEDOC (AVENUE DU CD,42.73132,2.88917,Plein jour,En agglomération,Hors intersection,Normale,Deux véhicules - côté,,,,,,,,,,,1,2,1,1.0,3
201300032855,0013-11-18 15:15:00,13,11,18,15,15,660,136,departementale 914,,,Plein jour,Hors agglomération,Hors intersection,Pluie forte,Deux véhicules - arrière,,,,,,,,,,,1,1,1,3.0,2
201300032856,0013-11-11 13:50:00,13,11,11,13,50,660,136,"., LANCASTER (PLACE DE)",42.68136,2.89355,Plein jour,En agglomération,Giratoire,Normale,Deux véhicules - côté,,,,,,,,,,,1,2,6,1.0,3
201300032857,0013-11-22 10:00:00,13,11,22,10,0,660,136,"., KENNEDY (BD JOHN-FITZ",42.68702,2.90609,Plein jour,En agglomération,Hors intersection,Normale,Autre collision,,,,,,,,,,,1,2,1,1.0,6
201300032858,0013-11-26 16:00:00,13,11,26,16,0,660,136,Bd Fr Mistral,42.69869,2.90543,Plein jour,En agglomération,Hors intersection,Normale,Deux véhicules - arrière,,,,,,,,,,,1,2,1,1.0,2
201300032859,0013-11-29 19:57:00,13,11,29,19,57,660,136,DALBIEZ AVENUE VICTOr,42.68714,2.88208,Nuit avec éclairage allumé,En agglomération,Hors intersection,Normale,Deux véhicules - côté,,,,,,,,,,,5,2,1,1.0,3
201300032860,0013-12-01 23:00:00,13,12,1,23,0,660,136,"., ESPAGNE (ROUTE D')",42.68724,2.89545,Nuit avec éclairage allumé,En agglomération,Hors intersection,Normale,Deux véhicules - arrière,,,,,,,,,,,5,2,1,1.0,2
201300032861,0013-12-05 13:00:00,13,12,5,13,0,660,136,PYRENEES (BOULEVARD DES),42.69683,2.88824,Plein jour,En agglomération,Intersection en X,Normale,Deux véhicules - côté,,,,,,,,,,,1,2,2,1.0,3
201300032862,0013-12-04 17:45:00,13,12,4,17,45,660,136,"1499, LANGUEDOC (AVENUE",42.74048,2.8918,Nuit avec éclairage allumé,En agglomération,Hors intersection,Normale,Deux véhicules - côté,,,,,,,,,,,5,2,1,1.0,3
201300032863,0013-12-05 15:55:00,13,12,5,15,55,660,136,LANGUEDOC (AVENUE DU CD,42.73785,2.8911,Plein jour,En agglomération,Hors intersection,Normale,Deux véhicules - côté,,,,,,,,,,,1,2,1,1.0,3
201300032864,0013-12-09 08:00:00,13,12,9,8,0,660,136,GUYNEMER (AVENUE GEORGES,42.69322,2.90393,Plein jour,En agglomération,Hors intersection,Normale,Deux véhicules - côté,,,,,,,,,,,1,2,1,1.0,3
201300032865,0013-12-09 10:00:00,13,12,9,10,0,660,136,ESCARGUEL (COURS LAZARE),42.69905,2.88697,Plein jour,En agglomération,Hors intersection,Normale,Deux véhicules - côté,,,,,,,,,,,1,2,1,1.0,3
201300032866,0013-12-10 09:20:00,13,12,10,9,20,660,136,JULIEN PANCHOT (AVENUE),42.68662,2.8695,Plein jour,En agglomération,Intersection en X,Normale,Deux véhicules - côté,,,,,,,,,,,1,2,2,1.0,3
201300032867,0013-12-14 14:50:00,13,12,14,14,50,660,136,ROMARINS (DES),42.68902,2.88825,Plein jour,En agglomération,Hors intersection,Normale,Autre collision,,,,,,,,,,,1,2,1,1.0,6
201300032868,0013-12-15 16:00:00,13,12,15,16,0,660,136,WALDECK-ROUSSEAU (RENE),42.694,2.90246,Plein jour,En agglomération,Intersection en X,Normale,Deux véhicules - côté,,,,,,,,,,,1,2,2,1.0,3
201300032869,0013-12-15 07:00:00,13,12,15,7,0,660,136,"., ARCADES (RD POINT)",42.67403,2.8877,Crépuscule ou aube,En agglomération,Hors intersection,Normale,Deux véhicules - frontale,,,,,,,,,,,2,2,1,1.0,1
201300032870,0013-12-16 10:00:00,13,12,16,10,0,660,136,"., ESPAGNE (ROUTE D')",42.68724,2.89554,Plein jour,En agglomération,Hors intersection,Normale,Autre collision,,,,,,,,,,,1,2,1,1.0,6
201300032871,0013-12-16 16:00:00,13,12,16,16,0,660,136,"27, LYCEE (AVENUE)",42.69438,2.88874,Plein jour,En agglomération,Hors intersection,Normale,Autre collision,,,,,,,,,,,1,2,1,1.0,6
201300032872,0013-12-17 12:35:00,13,12,17,12,35,660,136,SALANQUE (AVENUE DE),42.7278,2.90555,Plein jour,En agglomération,Hors intersection,Normale,Autre collision,,,,,,,,,,,1,2,1,1.0,6
201300032873,0013-12-19 14:05:00,13,12,19,14,5,660,136,MERMOZ (AVENUE JEAN),42.69422,2.91316,Plein jour,En agglomération,Intersection en X,Pluie légère,Deux véhicules - côté,,,,,,,,,,,1,2,2,2.0,3
201300032874,0013-12-24 16:00:00,13,12,24,16,0,660,136,"7, KENNEDY (BD JOHN-FITZ",42.68991,2.9025,Plein jour,En agglomération,Hors intersection,Normale,Autre collision,,,,,,,,,,,1,2,1,1.0,6
201300032875,0013-01-05 15:30:00,13,1,5,15,30,670,180,SPITZACKER (RUE),,,Plein jour,En agglomération,Hors intersection,Autre,Deux véhicules - frontale,,,,,,,,,,,1,2,1,9.0,1
201300032876,0013-01-09 17:25:00,13,1,9,17,25,670,180,RD 1062,,,Nuit sans éclairage public,Hors agglomération,Hors intersection,Pluie légère,Trois véhicules et plus - en chaîne,,,,,,,,,,,3,1,1,2.0,4
201300032877,0013-01-13 02:20:00,13,1,13,2,20,670,180,"72, BISCHWILLER (ROUTE D",,,Nuit avec éclairage allumé,En agglomération,Autre intersection,Normale,Deux véhicules - frontale,,,,,,,,,,,5,2,9,1.0,1
201300032878,0013-02-07 07:55:00,13,2,7,7,55,670,180,RD 1063,,,Crépuscule ou aube,Hors agglomération,Hors intersection,Temps couvert,Deux véhicules - frontale,,,,,,,,,,,2,1,1,8.0,1
201300032879,0013-02-16 07:00:00,13,2,16,7,0,670,180,RD 27,,,Crépuscule ou aube,Hors agglomération,Hors intersection,Brouillard / fumée,Deux véhicules - frontale,,,,,,,,,,,2,1,1,5.0,1
201300032880,0013-03-28 17:15:00,13,3,28,17,15,670,180,WEITBRUCH (ROUTE DE) (WE,,,Plein jour,Hors agglomération,Hors intersection,Normale,Autre collision,,,,,,,,,,,1,1,1,1.0,6
201300032881,0013-04-06 15:12:00,13,4,6,15,12,670,180,DESIRE BRUMBT (PLACE),,,Plein jour,En agglomération,Hors intersection,Normale,Autre collision,,,,,,,,,,,1,2,1,1.0,6
201300032882,0013-04-19 09:30:00,13,4,19,9,30,670,180,BITCHE (ROUTE DE),,,Plein jour,En agglomération,Intersection en X,Temps couvert,Deux véhicules - côté,,,,,,,,,,,1,2,2,8.0,3
201300032883,0013-04-24 06:05:00,13,4,24,6,5,670,180,CHATEAU FIAT (RUE DU),,,Plein jour,En agglomération,Hors intersection,Normale,Sans collision,,,,,,,,,,,1,2,1,1.0,7
201300032884,0013-05-12 18:45:00,13,5,12,18,45,670,180,RD263,,,Plein jour,Hors agglomération,Intersection en X,Normale,Deux véhicules - côté,,,,,,,,,,,1,1,2,1.0,3
201300032885,0013-07-07 15:40:00,13,7,7,15,40,670,180,BITCHE (ROUTE DE),,,Plein jour,En agglomération,Intersection en X,Normale,Deux véhicules - frontale,,,,,,,,,,,1,2,2,1.0,1
201300032886,0013-08-01 19:50:00,13,8,1,19,50,670,180,PROFESSEUR RENE LERICHE,,,Plein jour,En agglomération,Intersection en X,Normale,Deux véhicules - frontale,,,,,,,,,,,1,2,2,1.0,1
201300032887,0013-08-14 15:28:00,13,8,14,15,28,670,180,"101, CHATEAU FIAT (RUE D",,,Plein jour,En agglomération,Intersection en X,Normale,Deux véhicules - côté,,,,,,,,,,,1,2,2,1.0,3
201300032888,0013-09-07 00:30:00,13,9,7,0,30,670,180,"48, MARIENTHAL (ROUTE DE",,,Nuit avec éclairage allumé,En agglomération,Hors intersection,Normale,Deux véhicules - côté,,,,,,,,,,,5,2,1,1.0,3
201300032889,0013-10-21 07:00:00,13,10,21,7,0,670,180,RD 1062,,,Nuit sans éclairage public,Hors agglomération,Hors intersection,Normale,Deux véhicules - frontale,,,,,,,,,,,3,1,1,1.0,1
201300032890,0013-01-02 16:00:00,13,1,2,16,0,670,462,"01, GRENOUILLES (RUE DES",,,Plein jour,En agglomération,Hors intersection,Normale,Autre collision,,,,,,,,,,,1,2,1,1.0,6
201300032891,0013-03-03 16:13:00,13,3,3,16,13,670,462,"01, PORTE DE STRASBOURG",,,Plein jour,En agglomération,Intersection en X,Normale,Autre collision,,,,,,,,,,,1,2,2,1.0,6
201300032892,0013-05-05 15:54:00,13,5,5,15,54,670,462,MARCKOLSHEIM (ROUTE DE),,,Plein jour,Hors agglomération,Hors intersection,Normale,Deux véhicules - arrière,,,,,,,,,,,1,1,1,1.0,2
201300032893,0013-05-16 13:20:00,13,5,16,13,20,670,462,"5, MOZART (RUE)",,,Plein jour,En agglomération,Hors intersection,Temps couvert,Autre collision,,,,,,,,,,,1,2,1,8.0,6
201300032894,0013-11-24 16:55:00,13,11,24,16,55,670,462,"01, GENERAL DE GAULLE (A",,,Crépuscule ou aube,En agglomération,Intersection en X,Normale,Deux véhicules - frontale,,,,,,,,,,,2,2,2,1.0,1
201300032895,0013-11-27 07:50:00,13,11,27,7,50,670,462,"01, SAINTE ODILE (RUE)",,,Plein jour,En agglomération,Intersection en X,Normale,Autre collision,,,,,,,,,,,1,2,2,1.0,6
201300032896,0013-01-03 13:55:00,13,1,3,13,55,670,482,"0, PIERRE NUSS (RUE)",,,Plein jour,En agglomération,Hors intersection,Normale,Autre collision,,,,,,,,,,,1,2,1,1.0,6
201300032897,0013-01-02 17:00:00,13,1,2,17,0,670,482,RATHSAMHAUSEN (RUE DE),,,Nuit avec éclairage allumé,En agglomération,Intersection en X,Normale,Deux véhicules - frontale,,,,,,,,,,,5,2,2,1.0,1
201300032898,0013-01-03 17:20:00,13,1,3,17,20,670,482,"10, RICHARD WAGNER (RUE)",,,Nuit avec éclairage allumé,En agglomération,Hors intersection,Normale,Deux véhicules - arrière,,,,,,,,,,,5,2,1,1.0,2
201300032899,0013-01-04 19:00:00,13,1,4,19,0,670,447,"0, GENERAL DE GAULLE (RO",,,Nuit avec éclairage allumé,En agglomération,Intersection en T,Normale,Deux véhicules - côté,,,,,,,,,,,5,2,3,1.0,3
201300032900,0013-01-04 20:15:00,13,1,4,20,15,670,365,"0, GEISPOLSHEIM (RUE DE)",,,Nuit avec éclairage allumé,En agglomération,Hors intersection,Normale,Deux véhicules - arrière,,,,,,,,,,,5,2,1,1.0,2
201300032901,0013-01-04 22:20:00,13,1,4,22,20,670,482,RHIN (ROUTE DU),,,Nuit avec éclairage allumé,En agglomération,Intersection en T,Normale,Deux véhicules - côté,,,,,,,,,,,5,2,3,1.0,3
201300032902,0013-01-05 01:35:00,13,1,5,1,35,670,482,"0, RHIN (ROUTE DU)",,,Nuit avec éclairage allumé,En agglomération,Intersection en X,Normale,Deux véhicules - côté,,,,,,,,,,,5,2,2,1.0,3
201300032903,0013-01-07 14:05:00,13,1,7,14,5,670,482,"0, BRION (RUE AUGUSTE)",,,Plein jour,En agglomération,Intersection en T,Normale,Deux véhicules - côté,,,,,,,,,,,1,2,3,1.0,3
201300032904,0013-01-08 17:50:00,13,1,8,17,50,670,482,"10, SAINTE MARGUERITE (R",,,Nuit avec éclairage allumé,En agglomération,Hors intersection,Normale,Deux véhicules - arrière,,,,,,,,,,,5,2,1,1.0,2
201300032905,0013-01-09 22:00:00,13,1,9,22,0,670,447,"0, GENERAL DE GAULLE (RO",,,Nuit avec éclairage allumé,En agglomération,Intersection en X,Pluie légère,Deux véhicules - arrière,,,,,,,,,,,5,2,2,2.0,2
201300032906,0013-01-10 08:20:00,13,1,10,8,20,670,482,"16, LAUTH (RUE)",,,Plein jour,En agglomération,Hors intersection,Pluie légère,Autre collision,,,,,,,,,,,1,2,1,2.0,6
201300032907,0013-01-10 13:10:00,13,1,10,13,10,670,447,"18, LAMARTINE (RUE)",,,Plein jour,En agglomération,Hors intersection,Temps couvert,Autre collision,,,,,,,,,,,1,2,1,8.0,6
201300032908,0013-01-12 02:35:00,13,1,12,2,35,670,482,"7, PECHEURS (QUAI DES)",,,Nuit avec éclairage allumé,En agglomération,Hors intersection,Pluie légère,Autre collision,,,,,,,,,,,5,2,1,2.0,6
201300032909,0013-01-12 18:50:00,13,1,12,18,50,670,482,"8, RIBEAUVILLE (RUE DE)",,,Nuit avec éclairage allumé,En agglomération,Hors intersection,Pluie légère,Deux véhicules - côté,,,,,,,,,,,5,2,1,2.0,3
201300032910,0013-01-14 08:05:00,13,1,14,8,5,670,447,GENERAL DE GAULLE (ROUTE,,,Plein jour,En agglomération,Intersection en T,Neige / grêle,Trois véhicules et plus - en chaîne,,,,,,,,,,,1,2,3,4.0,4
201300032911,0013-01-14 18:30:00,13,1,14,18,30,670,218,"21, ROSEAUX (RUE DES)",,,Plein jour,En agglomération,Hors intersection,Normale,Autre collision,,,,,,,,,,,1,2,1,1.0,6
201300032912,0013-01-15 13:50:00,13,1,15,13,50,670,482,"0, RENE CASSIN (ALLEE)",,,Plein jour,En agglomération,Hors intersection,Neige / grêle,Deux véhicules - côté,,,,,,,,,,,1,2,1,4.0,3
201300032913,0013-01-16 17:30:00,13,1,16,17,30,670,482,"0, PETITES FERMES (RUE D",,,Nuit avec éclairage allumé,En agglomération,Intersection en X,Normale,Autre collision,,,,,,,,,,,5,2,2,1.0,6
201300032914,0013-01-18 16:25:00,13,1,18,16,25,670,482,"34, HOPITAL (ROUTE DE L",,,Plein jour,En agglomération,Hors intersection,Normale,Deux véhicules - côté,,,,,,,,,,,1,2,1,1.0,3
201300032915,0013-01-19 10:25:00,13,1,19,10,25,670,482,"0, PECHEURS (QUAI DES)",,,Plein jour,En agglomération,Intersection en X,Neige / grêle,Deux véhicules - côté,,,,,,,,,,,1,2,2,4.0,3
201300032916,0013-01-20 08:30:00,13,1,20,8,30,670,482,"19, ROMAINS (PLACE DES)",,,Plein jour,En agglomération,Hors intersection,Neige / grêle,Autre collision,,,,,,,,,,,1,2,1,4.0,6
201300032917,0013-01-23 09:25:00,13,1,23,9,25,670,482,"0, LIBERTE (AVENUE DE LA",,,Plein jour,En agglomération,Intersection en X,Temps couvert,Deux véhicules - côté,,,,,,,,,,,1,2,2,8.0,3
201300032918,0013-01-23 12:20:00,13,1,23,12,20,670,482,"0, FEDERATION (ROUTE DE",,,Plein jour,En agglomération,Hors intersection,Temps couvert,Autre collision,,,,,,,,,,,1,2,1,8.0,6
201300032919,0013-01-28 11:40:00,13,1,28,11,40,670,482,"86, JESUITES (RUE DES)",,,Plein jour,En agglomération,Hors intersection,Normale,Deux véhicules - côté,,,,,,,,,,,1,2,1,1.0,3
201300032920,0013-01-30 11:25:00,13,1,30,11,25,670,482,"0, COUBERTIN (RUE PIERRE",,,Plein jour,En agglomération,Hors intersection,Pluie légère,Autre collision,,,,,,,,,,,1,2,1,2.0,6
201300032921,0013-01-31 17:30:00,13,1,31,17,30,670,482,"0, MOLSHEIM (RUE DE)",,,Nuit avec éclairage allumé,En agglomération,Hors intersection,Normale,Autre collision,,,,,,,,,,,5,2,1,1.0,6
201300032922,0013-02-01 07:30:00,13,2,1,7,30,670,482,SCHUTZENBERGER (AVENUE),,,Crépuscule ou aube,En agglomération,Intersection en X,Pluie légère,Deux véhicules - côté,,,,,,,,,,,2,2,2,2.0,3
201300032923,0013-02-01 09:00:00,13,2,1,9,0,670,482,"3, CHARLES PEGUY (RUE)",,,Plein jour,En agglomération,Hors intersection,Pluie légère,Deux véhicules - côté,,,,,,,,,,,1,2,1,2.0,3
201300032924,0013-02-01 18:20:00,13,2,1,18,20,670,482,"0, FUSTEL DE COULANGES (",,,Nuit avec éclairage allumé,En agglomération,Intersection en T,Pluie légère,Deux véhicules - côté,,,,,,,,,,,5,2,3,2.0,3
201300032925,0013-02-01 19:10:00,13,2,1,19,10,670,447,"14, EUROPE (AVENUE DE L",,,Nuit avec éclairage allumé,En agglomération,Hors intersection,Pluie forte,Autre collision,,,,,,,,,,,5,2,1,3.0,6
201300032926,0013-02-01 20:15:00,13,2,1,20,15,670,447,"0, PIERRE MENDES FRANCE",,,Nuit avec éclairage allumé,En agglomération,Intersection en X,Pluie forte,Deux véhicules - côté,,,,,,,,,,,5,2,2,3.0,3
201300032927,0013-02-03 07:40:00,13,2,3,7,40,670,482,"0, VOSGES (AVENUE DES)",,,Plein jour,En agglomération,Intersection en X,Normale,Deux véhicules - côté,,,,,,,,,,,1,2,2,1.0,3