accident_id,datetime,annee,mois,jour,heure,minute,departement,commune_insee,adresse,latitude,longitude,luminosite,agglomeration,intersection,meteo,collision,nb_vehicules,nb_usagers,nb_indemnes,nb_tues,nb_blesses_hosp,nb_blesses_legers,age_cond_1,age_cond_2,veh_type_cond_1,veh_type_cond_2,lum_code,agg_code,int_code,atm_code,col_code
201300033054,0013-06-06 14:25:00,13,6,6,14,25,670,482,"244, OBERHAUSBERGEN (ROU",,,Plein jour,En agglomération,Intersection en T,Normale,Deux véhicules - côté,,,,,,,,,,,1,2,3,1.0,3
201300033055,0013-06-06 19:05:00,13,6,6,19,5,670,43,"0, BRUMATH (ROUTE DE)",,,Plein jour,En agglomération,Intersection en X,Normale,Deux véhicules - côté,,,,,,,,,,,1,2,2,1.0,3
201300033056,0013-06-07 03:20:00,13,6,7,3,20,670,482,"24, HECHNER (RUE)",,,Nuit avec éclairage allumé,En agglomération,Hors intersection,Normale,Autre collision,,,,,,,,,,,5,2,1,1.0,6
201300033057,0013-06-07 17:50:00,13,6,7,17,50,670,482,"0, LA WANTZENAU (ROUTE D",,,Plein jour,En agglomération,Intersection en T,Normale,Deux véhicules - arrière,,,,,,,,,,,1,2,3,1.0,2
201300033058,0013-06-07 20:15:00,13,6,7,20,15,670,447,"20, TRIBUNAL (RUE DU)",,,Plein jour,En agglomération,Intersection en T,Normale,Autre collision,,,,,,,,,,,1,2,3,1.0,6
201300033059,0013-06-07 23:30:00,13,6,7,23,30,670,482,"208, ROMAINS (ROUTE DES)",,,Nuit avec éclairage allumé,En agglomération,Hors intersection,Normale,Deux véhicules - côté,,,,,,,,,,,5,2,1,1.0,3
201300033060,0013-06-11 11:04:00,13,6,11,11,4,670,482,"0, CHARLES PEGUY (RUE)",,,Plein jour,En agglomération,Hors intersection,Normale,Autre collision,,,,,,,,,,,1,2,1,1.0,6
201300033061,0013-06-11 13:43:00,13,6,11,13,43,670,447,"69, BISCHWILLER (ROUTE D",,,Plein jour,En agglomération,Hors intersection,Normale,Autre collision,,,,,,,,,,,1,2,1,1.0,6
201300033062,0013-06-12 16:00:00,13,6,12,16,0,670,482,"208, ROMAINS (ROUTE DES)",,,Plein jour,En agglomération,Hors intersection,Normale,Deux véhicules - côté,,,,,,,,,,,1,2,1,1.0,3
201300033063,0013-06-12 18:30:00,13,6,12,18,30,670,482,"75, ZIEGELAU (RUE DE LA)",,,Plein jour,En agglomération,Hors intersection,Normale,Autre collision,,,,,,,,,,,1,2,1,1.0,6
201300033064,0013-06-14 13:45:00,13,6,14,13,45,670,482,GENERAL OFFENSTEIN (RUE,,,Plein jour,Hors agglomération,Intersection en T,Normale,Deux véhicules - côté,,,,,,,,,,,1,1,3,1.0,3
201300033065,0013-06-15 04:10:00,13,6,15,4,10,670,482,"0, ALFRED KASTLER (RUE)",,,Nuit avec éclairage allumé,En agglomération,Intersection en X,Normale,Deux véhicules - côté,,,,,,,,,,,5,2,2,1.0,3
201300033066,0013-06-16 17:25:00,13,6,16,17,25,670,482,"0, PONT DE L EUROPE (AVE",,,Plein jour,En agglomération,Intersection en X,Normale,Deux véhicules - côté,,,,,,,,,,,1,2,2,1.0,3
201300033067,0013-06-19 18:10:00,13,6,19,18,10,670,365,"26, MARECHAL FOCH (RUE D",,,Plein jour,En agglomération,Hors intersection,Normale,Deux véhicules - côté,,,,,,,,,,,1,2,1,1.0,3
201300033068,0013-06-20 19:25:00,13,6,20,19,25,670,482,"17, JACQUES PREISS (BOUL",,,Plein jour,En agglomération,Hors intersection,Normale,Deux véhicules - côté,,,,,,,,,,,1,2,1,1.0,3
201300033069,0013-06-21 16:45:00,13,6,21,16,45,670,482,"0, HURTIGHEIM (RUE DE)",,,Plein jour,En agglomération,Hors intersection,Normale,Deux véhicules - côté,,,,,,,,,,,1,2,1,1.0,3
201300033070,0013-06-21 17:30:00,13,6,21,17,30,670,447,"0, GENERAL DE GAULLE (RO",,,Plein jour,En agglomération,Intersection en T,Normale,Deux véhicules - côté,,,,,,,,,,,1,2,3,1.0,3
201300033071,0013-06-21 18:10:00,13,6,21,18,10,670,482,"0, RHIN (ROUTE DU)",,,Plein jour,En agglomération,Intersection en T,Normale,Autre collision,,,,,,,,,,,1,2,3,1.0,6
201300033072,0013-06-24 16:20:00,13,6,24,16,20,670,218,ESCHAU (ROUTE D ),,,Plein jour,En agglomération,Intersection en Y,Normale,Deux véhicules - côté,,,,,,,,,,,1,2,4,1.0,3
201300033073,0013-06-24 16:30:00,13,6,24,16,30,670,482,PETIT MARAIS (RUE DU),,,Plein jour,En agglomération,Hors intersection,Normale,Autre collision,,,,,,,,,,,1,2,1,1.0,6
201300033074,0013-06-25 21:15:00,13,6,25,21,15,670,482,"0, PIERRE CORNEILLE (AVE",,,Plein jour,En agglomération,Hors intersection,Pluie légère,Autre collision,,,,,,,,,,,1,2,1,2.0,6
201300033075,0013-06-26 19:35:00,13,6,26,19,35,670,218,"0, 23 NOVEMBRE (RUE DU)",,,Crépuscule ou aube,En agglomération,Hors intersection,Normale,Deux véhicules - côté,,,,,,,,,,,2,2,1,1.0,3
201300033076,0013-06-28 17:30:00,13,6,28,17,30,670,365,"13, ILLKIRCH (RUE D)",,,Plein jour,En agglomération,Hors intersection,Normale,Autre collision,,,,,,,,,,,1,2,1,1.0,6
201300033077,0013-06-29 15:55:00,13,6,29,15,55,670,482,RHIN (ROUTE DU),,,Plein jour,En agglomération,Hors intersection,Normale,Trois véhicules et plus - collisions multiples,,,,,,,,,,,1,2,1,1.0,5
201300033078,0013-06-29 18:20:00,13,6,29,18,20,670,447,"0, TRIBUNAL (RUE DU)",,,Crépuscule ou aube,En agglomération,Hors intersection,Normale,Autre collision,,,,,,,,,,,2,2,1,1.0,6
201300033079,0013-07-01 01:15:00,13,7,1,1,15,670,482,"0, MOLSHEIM (RUE DE)",,,Nuit avec éclairage allumé,En agglomération,Hors intersection,Normale,Sans collision,,,,,,,,,,,5,2,1,1.0,7
201300033080,0013-07-01 12:50:00,13,7,1,12,50,670,482,"0, BROGLIE (PLACE)",,,Plein jour,En agglomération,Hors intersection,Normale,Autre collision,,,,,,,,,,,1,2,1,1.0,6
201300033081,0013-07-01 07:15:00,13,7,1,7,15,670,482,"0, RHIN (ROUTE DU)",,,Plein jour,En agglomération,Intersection en T,Normale,Deux véhicules - côté,,,,,,,,,,,1,2,3,1.0,3
201300033082,0013-07-01 18:50:00,13,7,1,18,50,670,267,"78, MARECHAL FOCH (RUE D",,,Plein jour,En agglomération,Hors intersection,Normale,Trois véhicules et plus - collisions multiples,,,,,,,,,,,1,2,1,1.0,5
201300033083,0013-07-02 18:10:00,13,7,2,18,10,670,482,"0, ORBEY (RUE D )",,,Plein jour,En agglomération,Hors intersection,Normale,Deux véhicules - côté,,,,,,,,,,,1,2,1,1.0,3
201300033084,0013-07-02 21:15:00,13,7,2,21,15,670,204,"0, BRUMATH (ROUTE DE)",,,Crépuscule ou aube,En agglomération,Intersection en X,Normale,Deux véhicules - côté,,,,,,,,,,,2,2,2,1.0,3
201300033085,0013-07-03 18:55:00,13,7,3,18,55,670,204,"43, MARECHAL LECLERC (RU",,,Plein jour,En agglomération,Intersection en T,Normale,Deux véhicules - côté,,,,,,,,,,,1,2,3,1.0,3
201300033086,0013-07-04 08:35:00,13,7,4,8,35,670,482,"0, OBERHAUSBERGEN (ROUTE",,,Plein jour,En agglomération,Hors intersection,Normale,Deux véhicules - côté,,,,,,,,,,,1,2,1,1.0,3
201300033087,0013-07-04 14:30:00,13,7,4,14,30,670,482,"0, BORDEAUX (PLACE DE)",,,Plein jour,En agglomération,Hors intersection,Normale,Deux véhicules - côté,,,,,,,,,,,1,2,1,1.0,3
201300033088,0013-07-05 10:00:00,13,7,5,10,0,670,218,"6, STRASBOURG (ROUTE DE)",,,Plein jour,En agglomération,Hors intersection,Normale,Deux véhicules - côté,,,,,,,,,,,1,2,1,1.0,3
201300033089,0013-07-05 20:10:00,13,7,5,20,10,670,218,"0, FORT UHRICH (ROUTE DU",,,Plein jour,Hors agglomération,Intersection en X,Normale,Deux véhicules - côté,,,,,,,,,,,1,1,2,1.0,3
201300033090,0013-07-05 22:15:00,13,7,5,22,15,670,482,"0, SELESTAT (RUE DE)",,,Nuit avec éclairage allumé,En agglomération,Intersection en X,Normale,Deux véhicules - côté,,,,,,,,,,,5,2,2,1.0,3
201300033091,0013-07-06 13:30:00,13,7,6,13,30,670,447,"3A, MARAIS (RUE DU)",,,Plein jour,En agglomération,Hors intersection,Normale,Deux véhicules - côté,,,,,,,,,,,1,2,1,1.0,3
201300033092,0013-07-07 21:15:00,13,7,7,21,15,670,267,"190, MARECHAL FOCH (RUE",,,Crépuscule ou aube,En agglomération,Hors intersection,Normale,Autre collision,,,,,,,,,,,2,2,1,1.0,6
201300033093,0013-07-08 13:50:00,13,7,8,13,50,670,482,"56, SCHIRMECK (ROUTE DE)",,,Plein jour,En agglomération,Hors intersection,Normale,Autre collision,,,,,,,,,,,1,2,1,1.0,6
201300033094,0013-07-09 09:45:00,13,7,9,9,45,670,482,"22, PREMIERE ARMEE (RUE",,,Plein jour,En agglomération,Intersection en T,Normale,Autre collision,,,,,,,,,,,1,2,3,1.0,6
201300033095,0013-07-09 22:20:00,13,7,9,22,20,670,43,BISCHWILLER (ROUTE DE),,,Nuit avec éclairage allumé,En agglomération,Intersection en X,Normale,Deux véhicules - côté,,,,,,,,,,,5,2,2,1.0,3
201300033096,0013-07-10 08:00:00,13,7,10,8,0,670,482,"16, STEINBOURG (RUE DE)",,,Plein jour,En agglomération,Hors intersection,Normale,Autre collision,,,,,,,,,,,1,2,1,1.0,6
201300033097,0013-07-10 11:10:00,13,7,10,11,10,670,482,"0, LANDSBERG (RUE DU)",,,Plein jour,En agglomération,Intersection en T,Normale,Autre collision,,,,,,,,,,,1,2,3,1.0,6
201300033098,0013-07-11 20:10:00,13,7,11,20,10,670,218,"0, RHIN (ROUTE DU)",,,Plein jour,En agglomération,Hors intersection,Normale,Deux véhicules - côté,,,,,,,,,,,1,2,1,1.0,3
201300033099,0013-07-12 23:25:00,13,7,12,23,25,670,482,"0, CHATELET DE LA FORET",,,Nuit avec éclairage non allumé,Hors agglomération,Hors intersection,Normale,Autre collision,,,,,,,,,,,4,1,1,1.0,6
201300033100,0013-07-13 10:15:00,13,7,13,10,15,670,482,"0, SOULTZ (RUE DE)",,,Plein jour,En agglomération,Intersection en X,Normale,Deux véhicules - côté,,,,,,,,,,,1,2,2,1.0,3
201300033101,0013-07-13 17:50:00,13,7,13,17,50,670,482,"79, ROMAINS (ROUTE DES)",,,Plein jour,En agglomération,Hors intersection,Normale,Autre collision,,,,,,,,,,,1,2,1,1.0,6
201300033102,0013-07-14 23:30:00,13,7,14,23,30,670,482,"0, MITTELHAUSBERGEN (ROU",,,Nuit avec éclairage allumé,En agglomération,Intersection en X,Normale,Deux véhicules - côté,,,,,,,,,,,5,2,2,1.0,3
201300033103,0013-07-17 16:15:00,13,7,17,16,15,670,482,"0, GENERAL KOENIG (QUAI",,,Plein jour,En agglomération,Intersection en X,Normale,Autre collision,,,,,,,,,,,1,2,2,1.0,6
201300033104,0013-07-18 20:34:00,13,7,18,20,34,670,447,"1, ALPHONSE ADAM (RUE)",,,Plein jour,En agglomération,Hors intersection,Normale,Autre collision,,,,,,,,,,,1,2,1,1.0,6
201300033105,0013-07-20 11:50:00,13,7,20,11,50,670,482,"0, BELGES (QUAI DES)",,,Plein jour,En agglomération,Hors intersection,Normale,Deux véhicules - frontale,,,,,,,,,,,1,2,1,1.0,1
201300033106,0013-07-20 13:30:00,13,7,20,13,30,670,482,"0, ALFRED KASTLER (RUE)",,,Plein jour,En agglomération,Hors intersection,Normale,Deux véhicules - frontale,,,,,,,,,,,1,2,1,1.0,1
201300033107,0013-07-23 19:15:00,13,7,23,19,15,670,482,"0, MARCEL PROUST (RUE)",,,Plein jour,En agglomération,Hors intersection,Normale,Deux véhicules - côté,,,,,,,,,,,1,2,1,1.0,3
201300033108,0013-07-21 19:45:00,13,7,21,19,45,670,482,"0, FEDERATION (ROUTE DE",,,Plein jour,En agglomération,Hors intersection,Normale,Trois véhicules et plus - collisions multiples,,,,,,,,,,,1,2,1,1.0,5
201300033109,0013-07-21 22:25:00,13,7,21,22,25,670,482,"0, HORACE (RUE)",,,Nuit avec éclairage allumé,En agglomération,Hors intersection,Normale,Autre collision,,,,,,,,,,,5,2,1,1.0,6
201300033110,0013-07-24 07:50:00,13,7,24,7,50,670,482,"0, CANONNIERS (RUE DES)",,,Plein jour,En agglomération,Intersection en X,Normale,Autre collision,,,,,,,,,,,1,2,2,1.0,6
201300033111,0013-07-25 19:48:00,13,7,25,19,48,670,218,"0, RAISIN (RUE DU)",,,Plein jour,En agglomération,Intersection en X,Normale,Deux véhicules - côté,,,,,,,,,,,1,2,2,1.0,3
201300033112,0013-07-25 21:15:00,13,7,25,21,15,670,482,"146, ROMAINS (ROUTE DES)",,,Crépuscule ou aube,En agglomération,Hors intersection,Normale,Deux véhicules - côté,,,,,,,,,,,2,2,1,1.0,3
201300033113,0013-07-26 16:05:00,13,7,26,16,5,670,218,"150, ILLKIRCH",,,Plein jour,En agglomération,Hors intersection,Normale,Autre collision,,,,,,,,,,,1,2,1,1.0,6
201300033114,0013-07-31 20:50:00,13,7,31,20,50,670,43,"0, ROBERT KIEFFER (RUE)",,,Crépuscule ou aube,En agglomération,Intersection en X,Normale,Autre collision,,,,,,,,,,,2,2,2,1.0,6
201300033115,0013-08-01 00:40:00,13,8,1,0,40,670,482,"0, ROMAINS (ROUTE DES)",,,Nuit avec éclairage allumé,En agglomération,Intersection en T,Normale,Deux véhicules - côté,,,,,,,,,,,5,2,3,1.0,3
201300033116,0013-08-01 01:15:00,13,8,1,1,15,670,482,"0, FORGET (RUE)",,,Nuit avec éclairage allumé,En agglomération,Intersection en X,Normale,Deux véhicules - côté,,,,,,,,,,,5,2,2,1.0,3
201300033117,0013-08-01 08:00:00,13,8,1,8,0,670,482,"62, LAZARET (RUE DU)",,,Plein jour,En agglomération,Hors intersection,Normale,Deux véhicules - côté,,,,,,,,,,,1,2,1,1.0,3
201300033118,0013-08-02 10:00:00,13,8,2,10,0,670,447,"0, GENERAL DE GAULLE (RO",,,Plein jour,En agglomération,Intersection en X,Normale,Deux véhicules - côté,,,,,,,,,,,1,2,2,1.0,3
201300033119,0013-08-02 15:45:00,13,8,2,15,45,670,482,"33, ALPES (QUAI DES)",,,Plein jour,En agglomération,Hors intersection,Normale,Autre collision,,,,,,,,,,,1,2,1,1.0,6
201300033120,0013-08-03 09:00:00,13,8,3,9,0,670,482,"6, OBERHAUSBERGEN (ROUTE",,,Plein jour,En agglomération,Hors intersection,Normale,Deux véhicules - côté,,,,,,,,,,,1,2,1,1.0,3
201300033121,0013-08-04 00:10:00,13,8,4,0,10,670,218,"1, LE CORBUSIER ( RUE )",,,Nuit avec éclairage allumé,Hors agglomération,Hors intersection,Normale,Autre collision,,,,,,,,,,,5,1,1,1.0,6
201300033122,0013-08-04 14:45:00,13,8,4,14,45,670,482,"0, MOLSHEIM (RUE DE)",,,Plein jour,En agglomération,Intersection en X,Normale,Deux véhicules - côté,,,,,,,,,,,1,2,2,1.0,3
201300033123,0013-08-04 02:05:00,13,8,4,2,5,670,447,"0, PIERRE MENDES FRANCE",,,Nuit avec éclairage allumé,En agglomération,Hors intersection,Normale,Sans collision,,,,,,,,,,,5,2,1,1.0,7
201300033124,0013-08-04 22:00:00,13,8,4,22,0,670,482,"0, VITRY LE FRANCOIS (AV",,,Nuit avec éclairage allumé,En agglomération,Hors intersection,Normale,Deux véhicules - côté,,,,,,,,,,,5,2,1,1.0,3
201300033125,0013-08-07 17:20:00,13,8,7,17,20,670,482,"22, ORPHELINS (RUE DES)",,,Plein jour,En agglomération,Hors intersection,Pluie légère,Deux véhicules - côté,,,,,,,,,,,1,2,1,2.0,3
201300033126,0013-08-08 17:28:00,13,8,8,17,28,670,482,"15, RHONE (RUE DU)",,,Plein jour,En agglomération,Hors intersection,Temps couvert,Deux véhicules - côté,,,,,,,,,,,1,2,1,8.0,3
201300033127,0013-08-08 23:00:00,13,8,8,23,0,670,482,"0, ILL (RUE DE L )",,,Nuit avec éclairage allumé,En agglomération,Hors intersection,Normale,Autre collision,,,,,,,,,,,5,2,1,1.0,6
201300033128,0013-08-09 00:01:00,13,8,9,0,1,670,482,"0, VOSGES (AVENUE DES)",,,Nuit avec éclairage allumé,En agglomération,Intersection en X,Normale,Deux véhicules - côté,,,,,,,,,,,5,2,2,1.0,3
201300033129,0013-08-10 04:00:00,13,8,10,4,0,670,482,"0, GUTENBERG (PLACE)",,,Nuit avec éclairage allumé,En agglomération,Intersection en X,Normale,Autre collision,,,,,,,,,,,5,2,2,1.0,6
201300033130,0013-08-10 16:30:00,13,8,10,16,30,670,482,"35, CHARLES PEGUY (RUE)",,,Plein jour,En agglomération,Hors intersection,Normale,Autre collision,,,,,,,,,,,1,2,1,1.0,6
201300033131,0013-08-12 13:35:00,13,8,12,13,35,670,482,"12, OBERHAUSBERGEN (ROUT",,,Plein jour,En agglomération,Hors intersection,Normale,Deux véhicules - frontale,,,,,,,,,,,1,2,1,1.0,1
201300033132,0013-08-12 17:35:00,13,8,12,17,35,670,482,"0, RHIN NAPOLEON (RUE DU",,,Plein jour,En agglomération,Hors intersection,Normale,Deux véhicules - côté,,,,,,,,,,,1,2,1,1.0,3
201300033133,0013-08-16 16:40:00,13,8,16,16,40,670,482,"40, PRESIDENT WILSON (BO",,,Plein jour,En agglomération,Hors intersection,Normale,Deux véhicules - arrière,,,,,,,,,,,1,2,1,1.0,2
201300033134,0013-08-17 16:30:00,13,8,17,16,30,670,482,"26, AUGUSTIN FRESNEL (RU",,,Plein jour,En agglomération,Hors intersection,Normale,Deux véhicules - côté,,,,,,,,,,,1,2,1,1.0,3
201300033135,0013-08-17 21:10:00,13,8,17,21,10,670,482,"27, REUSS (ALLEE)",,,Nuit avec éclairage allumé,En agglomération,Hors intersection,Normale,Sans collision,,,,,,,,,,,5,2,1,1.0,7
201300033136,0013-08-17 23:10:00,13,8,17,23,10,670,482,"0, RUNGIS (RUE DE)",,,Nuit avec éclairage allumé,En agglomération,Intersection en T,Normale,Deux véhicules - frontale,,,,,,,,,,,5,2,3,1.0,1
201300033137,0013-08-19 11:58:00,13,8,19,11,58,670,482,"4, MAIRE KUSS (RUE DU)",,,Plein jour,En agglomération,Hors intersection,Normale,Autre collision,,,,,,,,,,,1,2,1,1.0,6
201300033138,0013-08-19 17:05:00,13,8,19,17,5,670,482,"106, ZIEGELAU (RUE DE LA",,,Plein jour,En agglomération,Hors intersection,Normale,Autre collision,,,,,,,,,,,1,2,1,1.0,6
201300033139,0013-08-20 14:15:00,13,8,20,14,15,670,43,"1c, BRUMATH (ROUTE DE)",,,Plein jour,En agglomération,Intersection en T,Normale,Deux véhicules - côté,,,,,,,,,,,1,2,3,1.0,3
201300033140,0013-08-21 07:15:00,13,8,21,7,15,670,482,"186, OBERHAUSBERGEN (ROU",,,Plein jour,En agglomération,Intersection en X,Normale,Deux véhicules - côté,,,,,,,,,,,1,2,2,1.0,3
201300033141,0013-08-22 00:35:00,13,8,22,0,35,670,482,"0, NUEE BLEUE (RUE DE LA",,,Nuit avec éclairage allumé,En agglomération,Hors intersection,Normale,Autre collision,,,,,,,,,,,5,2,1,1.0,6
201300033142,0013-08-22 22:40:00,13,8,22,22,40,670,482,"0, DUCS (RUE DES)",,,Nuit avec éclairage allumé,En agglomération,Intersection en X,Normale,Deux véhicules - frontale,,,,,,,,,,,5,2,2,1.0,1
201300033143,0013-08-23 17:10:00,13,8,23,17,10,670,204,"0, STADE (RUE DU)",,,Plein jour,En agglomération,Intersection en X,Normale,Deux véhicules - côté,,,,,,,,,,,1,2,2,1.0,3
201300033144,0013-08-28 07:10:00,13,8,28,7,10,670,482,"0, VIEUX MARCHE AUX VINS",,,Plein jour,En agglomération,Intersection en T,Normale,Deux véhicules - côté,,,,,,,,,,,1,2,3,1.0,3
201300033145,0013-08-28 22:40:00,13,8,28,22,40,670,482,"0, SCHUTZENBERGER (AVENU",,,Nuit avec éclairage allumé,En agglomération,Intersection en X,Normale,Deux véhicules - côté,,,,,,,,,,,5,2,2,1.0,3
201300033146,0013-08-29 03:20:00,13,8,29,3,20,670,482,"8, RATHSAMHAUSEN (RUE DE",,,Nuit avec éclairage allumé,En agglomération,Hors intersection,Normale,Autre collision,,,,,,,,,,,5,2,1,1.0,6
201300033147,0013-08-29 14:46:00,13,8,29,14,46,670,482,"175, ROMAINS (ROUTE DES)",,,Plein jour,En agglomération,Intersection en T,Normale,Deux véhicules - frontale,,,,,,,,,,,1,2,3,1.0,1
201300033148,0013-08-30 14:45:00,13,8,30,14,45,670,482,"249, SCHIRMECK (ROUTE DE",,,Plein jour,En agglomération,Hors intersection,Normale,Autre collision,,,,,,,,,,,1,2,1,1.0,6
201300033149,0013-09-02 08:38:00,13,9,2,8,38,670,482,"0, FAUBOURG NATIONAL (RU",,,Plein jour,En agglomération,Intersection en T,Normale,Deux véhicules - côté,,,,,,,,,,,1,2,3,1.0,3
201300033150,0013-09-02 11:20:00,13,9,2,11,20,670,447,"0, SAINT CHARLES (RUE)",,,Plein jour,En agglomération,Intersection en T,Normale,Autre collision,,,,,,,,,,,1,2,3,1.0,6
201300033151,0013-09-02 16:30:00,13,9,2,16,30,670,204,"0, BRUMATH (ROUTE DE)",,,Plein jour,En agglomération,Intersection en X,Normale,Sans collision,,,,,,,,,,,1,2,2,1.0,7
201300033152,0013-09-03 12:00:00,13,9,3,12,0,670,267,"8, JUIFS (RUE DES)",,,Plein jour,En agglomération,Hors intersection,Normale,Deux véhicules - arrière,,,,,,,,,,,1,2,1,1.0,2
201300033153,0013-09-03 18:25:00,13,9,3,18,25,670,482,"0, AUBEPINE (SENTIER DE",,,Plein jour,En agglomération,Intersection en T,Normale,Deux véhicules - côté,,,,,,,,,,,1,2,3,1.0,3
201300033154,0013-09-03 21:10:00,13,9,3,21,10,670,482,"0, POLYGONE (ROUTE DU)",,,Nuit avec éclairage allumé,En agglomération,Intersection en T,Normale,Autre collision,,,,,,,,,,,5,2,3,1.0,6
201300033155,0013-09-05 15:30:00,13,9,5,15,30,670,482,"0, LA ROCHELLE (RUE DE)",,,Plein jour,En agglomération,Hors intersection,Normale,Deux véhicules - frontale,,,,,,,,,,,1,2,1,1.0,1
201300033156,0013-09-05 18:30:00,13,9,5,18,30,670,482,"0, RHEINFELD (RUE DE)",,,Plein jour,En agglomération,Intersection en X,Normale,Deux véhicules - côté,,,,,,,,,,,1,2,2,1.0,3
201300033157,0013-09-06 18:20:00,13,9,6,18,20,670,482,"0, DETTWILLER (RUE DE)",,,Plein jour,En agglomération,Intersection en T,Normale,Autre collision,,,,,,,,,,,1,2,3,1.0,6
201300033158,0013-09-08 02:50:00,13,9,8,2,50,670,482,"3, DOUBS (RUE DU)",,,Nuit avec éclairage allumé,En agglomération,Hors intersection,Pluie forte,Autre collision,,,,,,,,,,,5,2,1,3.0,6
201300033159,0013-09-08 17:40:00,13,9,8,17,40,670,365,"0, 23 NOVEMBRE (RUE DU)",,,Plein jour,En agglomération,Hors intersection,Normale,Autre collision,,,,,,,,,,,1,2,1,1.0,6
201300033160,0013-09-09 11:30:00,13,9,9,11,30,670,482,"0, HOPITAL (PORTE DE L )",,,Plein jour,En agglomération,Intersection en X,Pluie légère,Deux véhicules - côté,,,,,,,,,,,1,2,2,2.0,3
201300033161,0013-09-10 17:40:00,13,9,10,17,40,670,482,"17, NORMANDIE (AVENUE DE",,,Plein jour,En agglomération,Autre intersection,Normale,Autre collision,,,,,,,,,,,1,2,9,1.0,6
201300033162,0013-09-11 13:45:00,13,9,11,13,45,670,447,"12, PIERRE MENDES FRANCE",,,Plein jour,En agglomération,Hors intersection,Pluie légère,Trois véhicules et plus - en chaîne,,,,,,,,,,,1,2,1,2.0,4
201300033163,0013-09-11 16:00:00,13,9,11,16,0,670,482,"0, PORTE DE L HOPITAL (R",,,Plein jour,En agglomération,Intersection en Y,Pluie forte,Deux véhicules - côté,,,,,,,,,,,1,2,4,3.0,3
201300033164,0013-09-12 17:45:00,13,9,12,17,45,670,447,"0, VIENNE (RUE DE)",,,Plein jour,En agglomération,Intersection en X,Normale,Deux véhicules - côté,,,,,,,,,,,1,2,2,1.0,3
201300033165,0013-09-13 13:18:00,13,9,13,13,18,670,482,"64, FORET NOIRE (AVENUE",,,Plein jour,En agglomération,Hors intersection,Normale,Autre collision,,,,,,,,,,,1,2,1,1.0,6
201300033166,0013-09-13 18:00:00,13,9,13,18,0,670,482,"153/155, OBERHAUSBERGEN",,,Plein jour,En agglomération,Hors intersection,Normale,Deux véhicules - côté,,,,,,,,,,,1,2,1,1.0,3
201300033167,0013-09-14 17:16:00,13,9,14,17,16,670,482,"0, PREMIERE ARMEE (RUE D",,,Plein jour,En agglomération,Intersection en X,Pluie forte,Autre collision,,,,,,,,,,,1,2,2,3.0,6
201300033168,0013-09-16 11:45:00,13,9,16,11,45,670,482,"99, SCHIRMECK (ROUTE DE)",,,Plein jour,En agglomération,Hors intersection,Normale,Trois véhicules et plus - en chaîne,,,,,,,,,,,1,2,1,1.0,4
201300033169,0013-09-18 18:15:00,13,9,18,18,15,670,482,"4, FINKWILLER (RUE)",,,Crépuscule ou aube,En agglomération,Intersection en X,Normale,Deux véhicules - côté,,,,,,,,,,,2,2,2,1.0,3
201300033170,0013-09-19 08:10:00,13,9,19,8,10,670,482,"0, ANKARA (RUE D )",,,Plein jour,En agglomération,Intersection en X,Normale,Trois véhicules et plus - collisions multiples,,,,,,,,,,,1,2,2,1.0,5
201300033171,0013-09-19 13:50:00,13,9,19,13,50,670,267,"0, GENERAL DE GAULLE (RU",,,Plein jour,En agglomération,Hors intersection,Normale,Autre collision,,,,,,,,,,,1,2,1,1.0,6
201300033172,0013-09-19 18:40:00,13,9,19,18,40,670,482,"0, PRESIDENT POINCARE (B",,,Plein jour,En agglomération,Intersection en X,Normale,Deux véhicules - côté,,,,,,,,,,,1,2,2,1.0,3
201300033173,0013-09-19 20:07:00,13,9,19,20,7,670,218,"24, INDUSTRIE (RUE DE L",,,Nuit avec éclairage allumé,Hors agglomération,Hors intersection,Normale,Deux véhicules - côté,,,,,,,,,,,5,1,1,1.0,3
201300033174,0013-09-19 21:45:00,13,9,19,21,45,670,482,FUSTEL DE COULANGES (QUA,,,Nuit avec éclairage allumé,En agglomération,Intersection en X,Normale,Deux véhicules - côté,,,,,,,,,,,5,2,2,1.0,3
201300033175,0013-09-19 22:15:00,13,9,19,22,15,670,482,"0, HUMANN (RUE)",,,Nuit avec éclairage allumé,En agglomération,Intersection en T,Normale,Deux véhicules - côté,,,,,,,,,,,5,2,3,1.0,3
201300033176,0013-09-24 19:50:00,13,9,24,19,50,670,482,"0, JACOUTOT (QUAI)",,,Nuit sans éclairage public,Hors agglomération,Hors intersection,Normale,Deux véhicules - côté,,,,,,,,,,,3,1,1,1.0,3
201300033177,0013-09-25 17:55:00,13,9,25,17,55,670,267,"8, CROIX (RUE DE LA)",,,Plein jour,En agglomération,Hors intersection,Normale,Autre collision,,,,,,,,,,,1,2,1,1.0,6
201300033178,0013-09-25 20:55:00,13,9,25,20,55,670,482,"0, MOLSHEIM (RUE DE)",,,Nuit avec éclairage allumé,En agglomération,Intersection en T,Normale,Autre collision,,,,,,,,,,,5,2,3,1.0,6
201300033179,0013-09-27 21:45:00,13,9,27,21,45,670,482,RHIN (ROUTE DU),,,Nuit avec éclairage allumé,En agglomération,Hors intersection,Normale,Autre collision,,,,,,,,,,,5,2,1,1.0,6
201300033180,0013-09-28 18:35:00,13,9,28,18,35,670,482,"0, LOUIS PASTEUR (QUAI)",,,Crépuscule ou aube,En agglomération,Intersection en X,Normale,Deux véhicules - côté,,,,,,,,,,,2,2,2,1.0,3
201300033181,0013-09-29 02:10:00,13,9,29,2,10,670,447,"0, GENERAL DE GAULLE (RO",,,Nuit avec éclairage allumé,En agglomération,Intersection en X,Normale,Deux véhicules - côté,,,,,,,,,,,5,2,2,1.0,3