accident_id,datetime,annee,mois,jour,heure,minute,departement,commune_insee,adresse,latitude,longitude,luminosite,agglomeration,intersection,meteo,collision,nb_vehicules,nb_usagers,nb_indemnes,nb_tues,nb_blesses_hosp,nb_blesses_legers,age_cond_1,age_cond_2,veh_type_cond_1,veh_type_cond_2,lum_code,agg_code,int_code,atm_code,col_code
201300033182,0013-10-01 09:00:00,13,10,1,9,0,670,482,"5, SENGENWALD (RUE)",,,Plein jour,En agglomération,Hors intersection,Normale,Autre collision,,,,,,,,,,,1,2,1,1.0,6
201300033183,0013-10-02 15:43:00,13,10,2,15,43,670,43,"7, REPUBLIQUE (PLACE DE",,,Plein jour,En agglomération,Hors intersection,Normale,Autre collision,,,,,,,,,,,1,2,1,1.0,6
201300033184,0013-10-03 08:30:00,13,10,3,8,30,670,482,"9, PONT SCHUHANSEN (RUE",,,Plein jour,En agglomération,Intersection en T,Normale,Deux véhicules - côté,,,,,,,,,,,1,2,3,1.0,3
201300033185,0013-10-03 13:40:00,13,10,3,13,40,670,482,"3, SEBASTIEN BRANT (PLAC",,,Plein jour,En agglomération,Hors intersection,Normale,Deux véhicules - côté,,,,,,,,,,,1,2,1,1.0,3
201300033186,0013-10-03 17:20:00,13,10,3,17,20,670,267,"1, SCHUMANN (AVENUE)",,,Plein jour,En agglomération,Hors intersection,Normale,Deux véhicules - côté,,,,,,,,,,,1,2,1,1.0,3
201300033187,0013-10-05 04:45:00,13,10,5,4,45,670,218,"0, ALFRED KASTLER (ROUTE",,,Nuit sans éclairage public,En agglomération,Hors intersection,Pluie légère,Sans collision,,,,,,,,,,,3,2,1,2.0,7
201300033188,0013-10-05 12:20:00,13,10,5,12,20,670,43,"0, MARAIS (RUE DU)",,,Plein jour,En agglomération,Hors intersection,Normale,Autre collision,,,,,,,,,,,1,2,1,1.0,6
201300033189,0013-10-06 10:00:00,13,10,6,10,0,670,482,"0, LEON DACHEUX (AVENUE)",,,Plein jour,En agglomération,Intersection en T,Pluie légère,Deux véhicules - côté,,,,,,,,,,,1,2,3,2.0,3
201300033190,0013-10-06 11:40:00,13,10,6,11,40,670,482,"10, LYON (BOULEVARD DE)",,,Plein jour,En agglomération,Hors intersection,Pluie légère,Autre collision,,,,,,,,,,,1,2,1,2.0,6
201300033191,0013-10-07 12:55:00,13,10,7,12,55,670,482,"0, CANONNIERS (RUE DES)",,,Plein jour,En agglomération,Intersection en X,Normale,Deux véhicules - côté,,,,,,,,,,,1,2,2,1.0,3
201300033192,0013-10-08 12:15:00,13,10,8,12,15,670,482,"0, ETOILE (PLACE DE L )",,,Plein jour,En agglomération,Hors intersection,Normale,Autre collision,,,,,,,,,,,1,2,1,1.0,6
201300033193,0013-10-09 16:40:00,13,10,9,16,40,670,482,"287, COLMAR (AVENUE DE)",,,Plein jour,En agglomération,Hors intersection,Normale,Sans collision,,,,,,,,,,,1,2,1,1.0,7
201300033194,0013-10-09 21:10:00,13,10,9,21,10,670,482,"60-62, PAUL BATIMENT (ru",,,Nuit avec éclairage allumé,En agglomération,Hors intersection,Normale,Autre collision,,,,,,,,,,,5,2,1,1.0,6
201300033195,0013-10-09 21:45:00,13,10,9,21,45,670,482,"0, PRESIDENT POINCARE (B",,,Nuit avec éclairage allumé,En agglomération,Intersection en T,Pluie légère,Deux véhicules - côté,,,,,,,,,,,5,2,3,2.0,3
201300033196,0013-10-09 20:40:00,13,10,9,20,40,670,482,"0, ALPES (QUAI DES)",,,Crépuscule ou aube,En agglomération,Intersection en X,Normale,Deux véhicules - côté,,,,,,,,,,,2,2,2,1.0,3
201300033197,0013-10-10 19:00:00,13,10,10,19,0,670,482,"0, CONSEIL DES QUINZE (R",,,Nuit avec éclairage allumé,En agglomération,Intersection en X,Normale,Deux véhicules - arrière,,,,,,,,,,,5,2,2,1.0,2
201300033198,0013-10-11 13:45:00,13,10,11,13,45,670,482,"0, DOSSENHEIM (RUE DE)",,,Plein jour,En agglomération,Intersection en X,Normale,Autre collision,,,,,,,,,,,1,2,2,1.0,6
201300033199,0013-10-11 17:45:00,13,10,11,17,45,670,482,"0, ALFRED KASTLER (RUE)",,,Plein jour,En agglomération,Intersection en T,Normale,Deux véhicules - côté,,,,,,,,,,,1,2,3,1.0,3
201300033200,0013-10-12 15:20:00,13,10,12,15,20,670,482,"0, GEORGES WODLI (RUE)",,,Plein jour,En agglomération,Intersection en X,Normale,Deux véhicules - côté,,,,,,,,,,,1,2,2,1.0,3
201300033201,0013-10-15 10:58:00,13,10,15,10,58,670,482,"270, SCHIRMECK (ROUTE DE",,,Plein jour,En agglomération,Hors intersection,Pluie légère,Deux véhicules - côté,,,,,,,,,,,1,2,1,2.0,3
201300033202,0013-10-18 08:40:00,13,10,18,8,40,670,482,"20, PORT DU RHIN (RUE DU",,,Plein jour,En agglomération,Hors intersection,Normale,Autre collision,,,,,,,,,,,1,2,1,1.0,6
201300033203,0013-10-18 23:50:00,13,10,18,23,50,670,482,"0, SAINT ETIENNE (QUAI)",,,Nuit avec éclairage allumé,En agglomération,Intersection en X,Normale,Deux véhicules - côté,,,,,,,,,,,5,2,2,1.0,3
201300033204,0013-10-19 22:55:00,13,10,19,22,55,670,482,"47, ZURICH (RUE DE)",,,Nuit avec éclairage allumé,En agglomération,Hors intersection,Pluie légère,Deux véhicules - côté,,,,,,,,,,,5,2,1,2.0,3
201300033205,0013-10-20 11:05:00,13,10,20,11,5,670,267,"0, MARECHAL FOCH (RUE DU",,,Plein jour,En agglomération,Intersection en X,Pluie légère,Deux véhicules - côté,,,,,,,,,,,1,2,2,2.0,3
201300033206,0013-10-20 17:40:00,13,10,20,17,40,670,482,"15, JOSEPH WEYDMANN (RUE",,,Crépuscule ou aube,En agglomération,Hors intersection,Normale,Autre collision,,,,,,,,,,,2,2,1,1.0,6
201300033207,0013-10-21 20:45:00,13,10,21,20,45,670,267,"0, HOLTZHEIM (RUE DE)",,,Nuit sans éclairage public,En agglomération,Hors intersection,Normale,Sans collision,,,,,,,,,,,3,2,1,1.0,7
201300033208,0013-10-23 07:25:00,13,10,23,7,25,670,482,"0, ALPHONSE ADAM (RUE)",,,Crépuscule ou aube,En agglomération,Intersection en T,Pluie légère,Deux véhicules - côté,,,,,,,,,,,2,2,3,2.0,3
201300033209,0013-10-24 14:20:00,13,10,24,14,20,670,482,"0, PAUL VALERY (RUE)",,,Plein jour,En agglomération,Intersection en T,Normale,Deux véhicules - côté,,,,,,,,,,,1,2,3,1.0,3
201300033210,0013-10-26 13:15:00,13,10,26,13,15,670,447,"0, BISCHWILLER (ROUTE DE",,,Plein jour,En agglomération,Intersection en T,Normale,Deux véhicules - côté,,,,,,,,,,,1,2,3,1.0,3
201300033211,0013-10-26 19:50:00,13,10,26,19,50,670,482,"0, ARISTIDE BRIAND (AVEN",,,Nuit avec éclairage allumé,En agglomération,Intersection en X,Normale,Deux véhicules - côté,,,,,,,,,,,5,2,2,1.0,3
201300033212,0013-10-30 09:45:00,13,10,30,9,45,670,204,"0, HOHENBOURG (RUE)",,,Plein jour,En agglomération,Hors intersection,Normale,Autre collision,,,,,,,,,,,1,2,1,1.0,6
201300033213,0013-10-31 18:20:00,13,10,31,18,20,670,267,"0, SCHUMANN (AVENUE)",,,Nuit avec éclairage allumé,En agglomération,Intersection en X,Normale,Deux véhicules - frontale,,,,,,,,,,,5,2,2,1.0,1
201300033214,0013-10-31 18:43:00,13,10,31,18,43,670,447,"0, BRETAGNE (RUE DE)",,,Nuit avec éclairage allumé,En agglomération,Intersection en X,Normale,Autre collision,,,,,,,,,,,5,2,2,1.0,6
201300033215,0013-11-02 13:50:00,13,11,2,13,50,670,482,"3, YSER (RUE DE L )",,,Plein jour,En agglomération,Intersection en T,Normale,Autre collision,,,,,,,,,,,1,2,3,1.0,6
201300033216,0013-11-03 10:45:00,13,11,3,10,45,670,482,"0, RHIN NAPOLEON (RUE DU",,,Plein jour,En agglomération,Hors intersection,Normale,Autre collision,,,,,,,,,,,1,2,1,1.0,6
201300033217,0013-11-04 10:15:00,13,11,4,10,15,670,482,"0, PERIGUEUX (RUE DE)",,,Plein jour,En agglomération,Intersection en X,Pluie légère,Deux véhicules - côté,,,,,,,,,,,1,2,2,2.0,3
201300033218,0013-11-05 09:30:00,13,11,5,9,30,670,482,"0, RATHSAMHAUSEN (RUE DE",,,Plein jour,En agglomération,Intersection en X,Normale,Deux véhicules - côté,,,,,,,,,,,1,2,2,1.0,3
201300033219,0013-11-05 11:50:00,13,11,5,11,50,670,482,"11, SILBERMANN (RUE)",,,Plein jour,En agglomération,Hors intersection,Normale,Deux véhicules - arrière,,,,,,,,,,,1,2,1,1.0,2
201300033220,0013-11-05 18:10:00,13,11,5,18,10,670,43,"0, LONGCHAMPS (RUE DE)",,,Nuit avec éclairage allumé,En agglomération,Hors intersection,Pluie légère,Deux véhicules - frontale,,,,,,,,,,,5,2,1,2.0,1
201300033221,0013-11-05 19:00:00,13,11,5,19,0,670,482,"0, POLYGONE (ROUTE DU)",,,Nuit sans éclairage public,En agglomération,Intersection en X,Pluie légère,Deux véhicules - côté,,,,,,,,,,,3,2,2,2.0,3
201300033222,0013-11-06 15:23:00,13,11,6,15,23,670,482,"1, TRAVAIL (RUE DU)",,,Plein jour,En agglomération,Intersection en X,Temps couvert,Deux véhicules - côté,,,,,,,,,,,1,2,2,8.0,3
201300033223,0013-11-08 10:00:00,13,11,8,10,0,670,482,"0, MARTIN SCHONGAUER (RU",,,Plein jour,En agglomération,Intersection en X,Pluie légère,Autre collision,,,,,,,,,,,1,2,2,2.0,6
201300033224,0013-11-09 08:45:00,13,11,9,8,45,670,482,"0, JACQUELINE AURIOL",,,Plein jour,En agglomération,Hors intersection,Normale,Autre collision,,,,,,,,,,,1,2,1,1.0,6
201300033225,0013-11-09 21:20:00,13,11,9,21,20,670,218,"0, STRASBOURG (ROUTE DE)",,,Nuit avec éclairage allumé,En agglomération,Hors intersection,Normale,Autre collision,,,,,,,,,,,5,2,1,1.0,6
201300033226,0013-11-10 00:01:00,13,11,10,0,1,670,218,"0, NEUHOF (ROUTE DE)",,,Nuit avec éclairage allumé,En agglomération,Intersection en T,Normale,Deux véhicules - côté,,,,,,,,,,,5,2,3,1.0,3
201300033227,0013-11-10 00:10:00,13,11,10,0,10,670,447,"105, GENERAL DE GAULLE (",,,Nuit avec éclairage allumé,En agglomération,Hors intersection,Pluie légère,Autre collision,,,,,,,,,,,5,2,1,2.0,6
201300033228,0013-11-12 16:45:00,13,11,12,16,45,670,482,"16, OBERLIN (RUE)",,,Crépuscule ou aube,En agglomération,Intersection en X,Normale,Autre collision,,,,,,,,,,,2,2,2,1.0,6
201300033229,0013-11-13 16:30:00,13,11,13,16,30,670,482,"23, SCHULMEISTER (RUE)",,,Crépuscule ou aube,En agglomération,Hors intersection,Normale,Autre collision,,,,,,,,,,,2,2,1,1.0,6
201300033230,0013-11-14 15:15:00,13,11,14,15,15,670,482,"1, PIERRE CORNEILLE (AVE",,,Plein jour,En agglomération,Giratoire,Normale,Trois véhicules et plus - collisions multiples,,,,,,,,,,,1,2,6,1.0,5
201300033231,0013-11-14 18:10:00,13,11,14,18,10,670,482,"0, FORET NOIRE (AVENUE D",,,Nuit avec éclairage allumé,En agglomération,Hors intersection,Normale,Autre collision,,,,,,,,,,,5,2,1,1.0,6
201300033232,0013-11-14 19:48:00,13,11,14,19,48,670,482,"0, NUEE BLEUE (RUE DE LA",,,Nuit avec éclairage allumé,En agglomération,Intersection en T,Normale,Deux véhicules - côté,,,,,,,,,,,5,2,3,1.0,3
201300033233,0013-11-15 21:22:00,13,11,15,21,22,670,482,"181, POLYGONE (ROUTE DU)",,,Nuit avec éclairage allumé,En agglomération,Hors intersection,Normale,Sans collision,,,,,,,,,,,5,2,1,1.0,7
201300033234,0013-11-19 17:56:00,13,11,19,17,56,670,482,"77, FORET NOIRE (AVENUE",,,Nuit avec éclairage allumé,En agglomération,Hors intersection,Pluie forte,Autre collision,,,,,,,,,,,5,2,1,3.0,6
201300033235,0013-11-20 06:55:00,13,11,20,6,55,670,482,"1, CHAMP DE MANOEUVRE (R",,,Nuit avec éclairage allumé,En agglomération,Intersection en X,Pluie légère,Autre collision,,,,,,,,,,,5,2,2,2.0,6
201300033236,0013-11-20 05:55:00,13,11,20,5,55,670,482,"197, COLMAR (AVENUE DE)",,,Nuit avec éclairage allumé,En agglomération,Hors intersection,Pluie légère,Deux véhicules - arrière,,,,,,,,,,,5,2,1,2.0,2
201300033237,0013-11-20 12:40:00,13,11,20,12,40,670,482,"0, VIENNE (ROUTE DE)",,,Plein jour,En agglomération,Intersection en T,Pluie légère,Deux véhicules - arrière,,,,,,,,,,,1,2,3,2.0,2
201300033238,0013-11-20 18:55:00,13,11,20,18,55,670,482,"0, SAINT NAZAIRE (RUE DE",,,Nuit avec éclairage allumé,En agglomération,Hors intersection,Pluie légère,Deux véhicules - côté,,,,,,,,,,,5,2,1,2.0,3
201300033239,0013-11-21 08:25:00,13,11,21,8,25,670,447,"0, GENERAL DE GAULLE (RO",,,Plein jour,En agglomération,Intersection en T,Pluie légère,Deux véhicules - côté,,,,,,,,,,,1,2,3,2.0,3
201300033240,0013-11-21 08:45:00,13,11,21,8,45,670,482,"0, ANGLE (RUE DE L )",,,Plein jour,En agglomération,Intersection en T,Pluie légère,Trois véhicules et plus - collisions multiples,,,,,,,,,,,1,2,3,2.0,5
201300033241,0013-11-21 14:40:00,13,11,21,14,40,670,43,"0, PERIGUEUX (AVENUE DE)",,,Plein jour,En agglomération,Intersection en X,Temps couvert,Deux véhicules - côté,,,,,,,,,,,1,2,2,8.0,3
201300033242,0013-11-21 18:00:00,13,11,21,18,0,670,482,"0, LANGEVIN (RUE)",,,Nuit avec éclairage allumé,En agglomération,Hors intersection,Pluie légère,Autre collision,,,,,,,,,,,5,2,1,2.0,6
201300033243,0013-11-22 18:30:00,13,11,22,18,30,670,482,"0, NEUHOF (ROUTE)",,,Nuit avec éclairage allumé,En agglomération,Intersection en X,Normale,Deux véhicules - côté,,,,,,,,,,,5,2,2,1.0,3
201300033244,0013-11-23 10:00:00,13,11,23,10,0,670,482,"0, FRAN?OIS MITTERRAND (",,,Plein jour,En agglomération,Intersection en T,Normale,Autre collision,,,,,,,,,,,1,2,3,1.0,6
201300033245,0013-11-25 12:45:00,13,11,25,12,45,670,482,"3, BUCAREST (RUE DE)",,,Plein jour,En agglomération,Hors intersection,Normale,Deux véhicules - frontale,,,,,,,,,,,1,2,1,1.0,1
201300033246,0013-11-26 16:15:00,13,11,26,16,15,670,482,"20, NEUHOF (ROUTE)",,,Plein jour,En agglomération,Hors intersection,Normale,Autre collision,,,,,,,,,,,1,2,1,1.0,6
201300033247,0013-11-27 14:15:00,13,11,27,14,15,670,267,"6, MARECHAL FOCH (RUE DU",,,Plein jour,En agglomération,Hors intersection,Normale,Autre collision,,,,,,,,,,,1,2,1,1.0,6
201300033248,0013-11-27 14:45:00,13,11,27,14,45,670,267,"102, MARECHAL FOCH (RUE",,,Plein jour,En agglomération,Hors intersection,Normale,Autre collision,,,,,,,,,,,1,2,1,1.0,6
201300033249,0013-11-27 18:55:00,13,11,27,18,55,670,447,"0, BISCHWILLER (ROUTE DE",,,Nuit avec éclairage allumé,En agglomération,Intersection en T,Normale,Autre collision,,,,,,,,,,,5,2,3,1.0,6
201300033250,0013-11-27 21:05:00,13,11,27,21,5,670,482,"0, RHIN TORTU (RUE DU)",,,Nuit avec éclairage allumé,En agglomération,Hors intersection,Normale,Deux véhicules - frontale,,,,,,,,,,,5,2,1,1.0,1
201300033251,0013-11-29 11:50:00,13,11,29,11,50,670,43,"0, BISCHWILLER (ROUTE DE",,,Plein jour,En agglomération,Intersection en T,Normale,Autre collision,,,,,,,,,,,1,2,3,1.0,6
201300033252,0013-11-30 12:05:00,13,11,30,12,5,670,218,"0, STRASBOURG (ROUTE DE)",,,Plein jour,En agglomération,Intersection en X,Normale,Deux véhicules - côté,,,,,,,,,,,1,2,2,1.0,3
201300033253,0013-11-30 15:10:00,13,11,30,15,10,670,482,"0, KENTZINGER (RUE)",,,Plein jour,En agglomération,Intersection en X,Normale,Autre collision,,,,,,,,,,,1,2,2,1.0,6
201300033254,0013-12-01 00:43:00,13,12,1,0,43,670,482,"0, NEUHOF (ROUTE)",,,Nuit avec éclairage allumé,En agglomération,Intersection en X,Pluie légère,Deux véhicules - côté,,,,,,,,,,,5,2,2,2.0,3
201300033255,0013-12-02 08:45:00,13,12,2,8,45,670,482,"0, GUSTAVE DORE (RUE)",,,Plein jour,En agglomération,Intersection en X,Normale,Deux véhicules - côté,,,,,,,,,,,1,2,2,1.0,3
201300033256,0013-12-04 10:30:00,13,12,4,10,30,670,218,"307, LYON (RTE DE)",,,Plein jour,En agglomération,Hors intersection,Temps couvert,Autre collision,,,,,,,,,,,1,2,1,8.0,6
201300033257,0013-12-04 19:20:00,13,12,4,19,20,670,482,"0, MARECHAL JUIN (RUE DU",,,Plein jour,En agglomération,Hors intersection,Normale,Deux véhicules - côté,,,,,,,,,,,1,2,1,1.0,3
201300033258,0013-12-05 22:00:00,13,12,5,22,0,670,482,"2, BRIGADE ALSACE LORRAI",,,Nuit avec éclairage allumé,En agglomération,Hors intersection,Normale,Deux véhicules - frontale,,,,,,,,,,,5,2,1,1.0,1
201300033259,0013-12-06 06:40:00,13,12,6,6,40,670,482,"0, MONTAGNE VERTE (RUE D",,,Nuit avec éclairage allumé,En agglomération,Hors intersection,Normale,Trois véhicules et plus - en chaîne,,,,,,,,,,,5,2,1,1.0,4
201300033260,0013-12-06 19:10:00,13,12,6,19,10,670,482,"0, RACINE (AVENUE)",,,Nuit avec éclairage allumé,En agglomération,Intersection en Y,Normale,Autre collision,,,,,,,,,,,5,2,4,1.0,6
201300033261,0013-12-07 00:05:00,13,12,7,0,5,670,482,"0, FUSTEL DE COULANGES (",,,Nuit avec éclairage allumé,En agglomération,Hors intersection,Normale,Sans collision,,,,,,,,,,,5,2,1,1.0,7
201300033262,0013-12-07 22:00:00,13,12,7,22,0,670,447,"0, BISCHWILLER (ROUTE DE",,,Nuit avec éclairage allumé,En agglomération,Intersection en T,Normale,Deux véhicules - côté,,,,,,,,,,,5,2,3,1.0,3
201300033263,0013-12-09 09:10:00,13,12,9,9,10,670,218,"0, STRASBOURG (ROUTE DE)",,,Plein jour,En agglomération,Hors intersection,Normale,Autre collision,,,,,,,,,,,1,2,1,1.0,6
201300033264,0013-12-09 18:10:00,13,12,9,18,10,670,482,"0, OSTWALD (RUE D )",,,Nuit avec éclairage allumé,En agglomération,Intersection en T,Normale,Deux véhicules - côté,,,,,,,,,,,5,2,3,1.0,3
201300033265,0013-12-10 17:30:00,13,12,10,17,30,670,482,"0, RHIN (ROUTE DU)",,,Nuit avec éclairage allumé,En agglomération,Intersection en Y,Normale,Autre collision,,,,,,,,,,,5,2,4,1.0,6
201300033266,0013-12-11 07:50:00,13,12,11,7,50,670,482,"0, KLEBER (PLACE)",,,Plein jour,En agglomération,Intersection en X,Normale,Deux véhicules - côté,,,,,,,,,,,1,2,2,1.0,3
201300033267,0013-12-11 13:10:00,13,12,11,13,10,670,482,"0, JACOB (RUE)",,,Plein jour,En agglomération,Intersection en X,Temps couvert,Deux véhicules - frontale,,,,,,,,,,,1,2,2,8.0,1
201300033268,0013-12-11 16:55:00,13,12,11,16,55,670,482,"21, VAUBAN (RUE)",,,Nuit avec éclairage allumé,En agglomération,Hors intersection,Brouillard / fumée,Autre collision,,,,,,,,,,,5,2,1,5.0,6
201300033269,0013-12-11 17:45:00,13,12,11,17,45,670,218,"0, INDUSTRIE (RUE DE L )",,,Nuit avec éclairage allumé,En agglomération,Intersection en T,Brouillard / fumée,Trois véhicules et plus - collisions multiples,,,,,,,,,,,5,2,3,5.0,5
201300033270,0013-12-12 17:00:00,13,12,12,17,0,670,482,"76, PLAINE DES BOUCHERS",,,Nuit avec éclairage allumé,En agglomération,Hors intersection,Normale,Deux véhicules - côté,,,,,,,,,,,5,2,1,1.0,3
201300033271,0013-12-12 17:20:00,13,12,12,17,20,670,482,"0, RHIN NAPOLEON (RUE DU",,,Nuit avec éclairage allumé,En agglomération,Intersection en T,Brouillard / fumée,Deux véhicules - arrière,,,,,,,,,,,5,2,3,5.0,2
201300033272,0013-12-12 18:45:00,13,12,12,18,45,670,482,"81, LA ROCHELLE (RUE DE)",,,Nuit avec éclairage non allumé,En agglomération,Hors intersection,Brouillard / fumée,Trois véhicules et plus - collisions multiples,,,,,,,,,,,4,2,1,5.0,5
201300033273,0013-12-13 08:10:00,13,12,13,8,10,670,447,"0, PETITS CHAMPS (RUE DE",,,Plein jour,En agglomération,Intersection en X,Normale,Autre collision,,,,,,,,,,,1,2,2,1.0,6
201300033274,0013-12-13 14:30:00,13,12,13,14,30,670,482,"0, OSTENDE (RUE D )",,,Plein jour,En agglomération,Hors intersection,Normale,Deux véhicules - frontale,,,,,,,,,,,1,2,1,1.0,1
201300033275,0013-12-13 20:40:00,13,12,13,20,40,670,482,"0, JEAN JAURES (AVENUE)",,,Nuit avec éclairage allumé,En agglomération,Intersection en X,Brouillard / fumée,Sans collision,,,,,,,,,,,5,2,2,5.0,7
201300033276,0013-12-13 23:45:00,13,12,13,23,45,670,482,"0, NEUFELD (RUE DU)",,,Nuit avec éclairage allumé,En agglomération,Intersection en X,Brouillard / fumée,Autre collision,,,,,,,,,,,5,2,2,5.0,6
201300033277,0013-12-16 15:45:00,13,12,16,15,45,670,482,"0, REPUBLIQUE (PLACE DE",,,Plein jour,En agglomération,Hors intersection,Normale,Autre collision,,,,,,,,,,,1,2,1,1.0,6
201300033278,0013-12-16 22:00:00,13,12,16,22,0,670,218,"80, STRASBOURG (ROUTE DE",,,Nuit avec éclairage allumé,En agglomération,Hors intersection,Normale,Autre collision,,,,,,,,,,,5,2,1,1.0,6
201300033279,0013-12-17 09:45:00,13,12,17,9,45,670,482,"0, JACQUES KABLE (RUE)",,,Plein jour,En agglomération,Intersection à plus de 4 branches,Normale,Autre collision,,,,,,,,,,,1,2,5,1.0,6
201300033280,0013-12-17 15:10:00,13,12,17,15,10,670,482,"0, MARKSGARTEN (RUE DU)",,,Plein jour,En agglomération,Hors intersection,Normale,Autre collision,,,,,,,,,,,1,2,1,1.0,6
201300033281,0013-12-18 13:55:00,13,12,18,13,55,670,482,"0, TRAVAIL (RUE DU)",,,Plein jour,En agglomération,Hors intersection,Normale,Deux véhicules - côté,,,,,,,,,,,1,2,1,1.0,3
201300033282,0013-12-20 17:15:00,13,12,20,17,15,670,447,"105, GENERAL DE GAULLE (",,,Nuit avec éclairage allumé,En agglomération,Hors intersection,Pluie légère,Autre collision,,,,,,,,,,,5,2,1,2.0,6
201300033283,0013-12-20 19:30:00,13,12,20,19,30,670,482,"68, SCHIRMECK (ROUTE DE)",,,Nuit avec éclairage allumé,En agglomération,Hors intersection,Normale,Deux véhicules - côté,,,,,,,,,,,5,2,1,1.0,3
201300033284,0013-12-22 07:23:00,13,12,22,7,23,670,482,"5, ROMAINS (ROUTE DES)",,,Crépuscule ou aube,En agglomération,Hors intersection,Normale,Deux véhicules - frontale,,,,,,,,,,,2,2,1,1.0,1
201300033285,0013-12-24 07:38:00,13,12,24,7,38,670,447,"27, EUROPE (AVENUE DE L",,,Nuit avec éclairage allumé,En agglomération,Hors intersection,Normale,Deux véhicules - côté,,,,,,,,,,,5,2,1,1.0,3
201300033286,0013-12-28 17:05:00,13,12,28,17,5,670,482,"280, SCHIRMECK (ROUTE DE",,,Nuit avec éclairage allumé,En agglomération,Hors intersection,Pluie forte,Deux véhicules - côté,,,,,,,,,,,5,2,1,3.0,3
201300033287,0013-12-31 11:05:00,13,12,31,11,5,670,482,"0, RHIN (ROUTE DU)",,,Plein jour,En agglomération,Intersection en X,Normale,Deux véhicules - arrière,,,,,,,,,,,1,2,2,1.0,2
201300033288,0013-01-18 22:30:00,13,1,18,22,30,680,66,INGERSHEIM (ROUTE D'),48.08654,7.33128,Nuit avec éclairage allumé,En agglomération,Intersection en X,Neige / grêle,Deux véhicules - côté,,,,,,,,,,,5,2,2,4.0,3
201300033289,0013-01-26 15:05:00,13,1,26,15,5,680,66,"110, STRASBOURG (ROUTE D",48.10756,7.36358,Plein jour,Hors agglomération,Hors intersection,Normale,Trois véhicules et plus - en chaîne,,,,,,,,,,,1,1,1,1.0,4
201300033290,0013-01-28 17:45:00,13,1,28,17,45,680,66,LADHOF (RUE DU),,,Crépuscule ou aube,En agglomération,Giratoire,Normale,Autre collision,,,,,,,,,,,2,2,6,1.0,6
201300033291,0013-01-28 07:30:00,13,1,28,7,30,680,66,LADHOF (RUE DU),48.08348,7.36581,Nuit avec éclairage allumé,En agglomération,Intersection en X,Normale,Deux véhicules - côté,,,,,,,,,,,5,2,2,1.0,3
201300033292,0013-02-03 16:00:00,13,2,3,16,0,680,66,CAVALERIE (RUE DE LA),48.08207,7.36035,Plein jour,En agglomération,Intersection en X,Normale,Deux véhicules - arrière,,,,,,,,,,,1,2,2,1.0,2
201300033293,0013-02-08 07:10:00,13,2,8,7,10,680,66,"1, FLORIMONT (RUE DU)",48.07694,7.34866,Plein jour,En agglomération,Hors intersection,Normale,Autre collision,,,,,,,,,,,1,2,1,1.0,6
201300033294,0013-02-05 14:26:00,13,2,5,14,26,680,66,INGERSHEIM (ROUTE D'),48.08457,7.34234,Plein jour,En agglomération,Hors intersection,Normale,Autre collision,,,,,,,,,,,1,2,1,1.0,6
201300033295,0013-02-14 08:30:00,13,2,14,8,30,680,66,"4, 4?BATAILLON DU CHASSE",48.08178,7.35816,Plein jour,En agglomération,Hors intersection,Normale,Autre collision,,,,,,,,,,,1,2,1,1.0,6
201300033296,0013-02-14 08:00:00,13,2,14,8,0,680,66,"18, LIBERTE (AVENUE DE L",48.0749,7.34414,Plein jour,En agglomération,Giratoire,Normale,Autre collision,,,,,,,,,,,1,2,6,1.0,6
201300033297,0013-02-15 16:08:00,13,2,15,16,8,680,66,ROUFFACH (ROUTE DE),48.06704,7.34317,Plein jour,En agglomération,Intersection en T,Normale,Autre collision,,,,,,,,,,,1,2,3,1.0,6
201300033298,0013-02-17 01:50:00,13,2,17,1,50,680,66,"1, BIRG (RUE DE LA)",48.10724,7.39207,Nuit sans éclairage public,Hors agglomération,Hors intersection,Normale,Autre collision,,,,,,,,,,,3,1,1,1.0,6
201300033299,0013-02-16 20:50:00,13,2,16,20,50,680,66,"30, 1ère Armée Fra (RUE)",48.08576,7.35767,Nuit avec éclairage allumé,En agglomération,Hors intersection,Normale,Autre collision,,,,,,,,,,,5,2,1,1.0,6
201300033300,0013-02-23 15:40:00,13,2,23,15,40,680,66,"26, LIBERTE (AVENUE DE L",48.07722,7.33716,Plein jour,En agglomération,Hors intersection,Normale,Deux véhicules - arrière,,,,,,,,,,,1,2,1,1.0,2
201300033301,0013-03-04 02:08:00,13,3,4,2,8,680,66,"14, LORRAINE (AVENUE DE)",48.09222,7.33346,Nuit avec éclairage allumé,En agglomération,Giratoire,Normale,Autre collision,,,,,,,,,,,5,2,6,1.0,6
201300033302,0013-03-15 16:50:00,13,3,15,16,50,680,66,"11, SANDHERR (RUE CHARLE",48.06646,7.34513,Plein jour,En agglomération,Intersection en X,Normale,Autre collision,,,,,,,,,,,1,2,2,1.0,6
201300033303,0013-03-17 18:10:00,13,3,17,18,10,680,66,"1, LATTRE DE TASSIGNY (A",48.07659,7.3502,Nuit avec éclairage allumé,En agglomération,Intersection en X,Pluie forte,Deux véhicules - côté,,,,,,,,,,,5,2,2,3.0,3
201300033304,0013-04-01 17:20:00,13,4,1,17,20,680,66,ROME (AVENUE DE) 40,48.07491,7.32892,Plein jour,En agglomération,Intersection en T,Normale,Deux véhicules - côté,,,,,,,,,,,1,2,3,1.0,3