accident_id,datetime,annee,mois,jour,heure,minute,departement,commune_insee,adresse,latitude,longitude,luminosite,agglomeration,intersection,meteo,collision,nb_vehicules,nb_usagers,nb_indemnes,nb_tues,nb_blesses_hosp,nb_blesses_legers,age_cond_1,age_cond_2,veh_type_cond_1,veh_type_cond_2,lum_code,agg_code,int_code,atm_code,col_code
201300033427,0013-07-10 20:50:00,13,7,10,20,50,680,149,CD 107,47.59033,7.56873,Crépuscule ou aube,Hors agglomération,Hors intersection,Normale,Deux véhicules - côté,,,,,,,,,,,2,1,1,1.0,3
201300033428,0013-08-21 07:50:00,13,8,21,7,50,680,149,"31, ABBATUCCI ( RUE ET P",47.59375,7.58106,Crépuscule ou aube,En agglomération,Hors intersection,Normale,Deux véhicules - frontale,,,,,,,,,,,2,2,1,1.0,1
201300033429,0013-08-21 20:00:00,13,8,21,20,0,680,297,BALE ( AVE DE)WIRU JUSQU,47.58315,7.56632,Crépuscule ou aube,En agglomération,Hors intersection,Normale,Autre collision,,,,,,,,,,,2,2,1,1.0,6
201300033430,0013-09-17 17:45:00,13,9,17,17,45,680,149,ALSACE RHIN,47.59812,7.58434,Plein jour,En agglomération,Intersection en T,Temps couvert,Deux véhicules - côté,,,,,,,,,,,1,2,3,8.0,3
201300033431,0013-10-14 17:50:00,13,10,14,17,50,680,297,"31, DE GAULLE( AVE DU GL",47.58439,7.56049,Crépuscule ou aube,En agglomération,Hors intersection,Pluie légère,Autre collision,,,,,,,,,,,2,2,1,2.0,6
201300033432,0013-11-21 18:00:00,13,11,21,18,0,680,149,"8, MANGENEY ( RUE DU DR",,,Nuit avec éclairage allumé,En agglomération,Hors intersection,Neige / grêle,Autre collision,,,,,,,,,,,5,2,1,4.0,6
201300033433,0013-11-22 17:20:00,13,11,22,17,20,680,297,HURST ( RUE ),,,Nuit avec éclairage allumé,En agglomération,Intersection en X,Pluie légère,Deux véhicules - frontale,,,,,,,,,,,5,2,2,2.0,1
201300033434,0013-01-05 13:30:00,13,1,5,13,30,680,297,"0, AEROPORT ( RUE DE )",47.61066,7.5334,Plein jour,En agglomération,Intersection en T,Normale,Deux véhicules - côté,,,,,,,,,,,1,2,3,1.0,3
201300033435,0013-06-18 17:50:00,13,6,18,17,50,680,297,MARS (RUE DU 1ER),47.57849,7.54735,Plein jour,En agglomération,Intersection en T,Normale,Deux véhicules - côté,,,,,,,,,,,1,2,3,1.0,3
201300033436,0013-06-04 17:50:00,13,6,4,17,50,680,297,MULHOUSE,47.61482,7.53504,Plein jour,En agglomération,Hors intersection,Normale,Autre collision,,,,,,,,,,,1,2,1,1.0,6
201300033437,0013-06-05 14:05:00,13,6,5,14,5,680,297,"31, DE GAULLE ( AVE DU G",47.58396,7.55956,Plein jour,En agglomération,Hors intersection,Normale,Autre collision,,,,,,,,,,,1,2,1,1.0,6
201300033438,0013-02-25 14:45:00,13,2,25,14,45,680,166,MULHOUSE (FAUBOURG DE),47.79386,7.33564,Plein jour,En agglomération,Intersection en X,Temps couvert,Deux véhicules - côté,,,,,,,,,,,1,2,2,8.0,3
201300033439,0013-02-22 21:37:00,13,2,22,21,37,680,376,RD 430,47.81449,7.29781,Nuit sans éclairage public,Hors agglomération,Hors intersection,Normale,Autre collision,,,,,,,,,,,3,1,1,1.0,6
201300033440,0013-05-27 09:00:00,13,5,27,9,0,680,376,RD 430,47.82297,7.28953,Plein jour,Hors agglomération,Hors intersection,Normale,Deux véhicules - arrière,,,,,,,,,,,1,1,1,1.0,2
201300033441,0013-06-05 14:30:00,13,6,5,14,30,680,166,"4, GUEBWILLER (RUE DE)",,,Plein jour,En agglomération,Hors intersection,Normale,Autre collision,,,,,,,,,,,1,2,1,1.0,6
201300033442,0013-07-15 15:00:00,13,7,15,15,0,680,166,"155, RICHWILLER (RUE DE)",47.78959,7.31708,Plein jour,En agglomération,Hors intersection,Normale,Deux véhicules - frontale,,,,,,,,,,,1,2,1,1.0,1
201300033443,0013-08-16 09:00:00,13,8,16,9,0,680,166,"2, GUEBWILLER (RUE DE)",47.7769,7.31936,Plein jour,En agglomération,Hors intersection,Normale,Autre collision,,,,,,,,,,,1,2,1,1.0,6
201300033444,0013-10-24 09:50:00,13,10,24,9,50,680,166,GUEBWILLER (RUE DE),47.7892,7.31528,Plein jour,En agglomération,Giratoire,Normale,Autre collision,,,,,,,,,,,1,2,6,1.0,6
201300033445,0013-01-07 21:15:00,13,1,7,21,15,690,29,"0, RUE MICHEL LACROIX",,,Nuit avec éclairage allumé,En agglomération,Intersection en X,Normale,Deux véhicules - côté,,,,,,,,,,,5,2,2,1.0,3
201300033446,0013-01-25 23:25:00,13,1,25,23,25,690,29,"0, AVENUE GENERAL DE GAU",,,Nuit avec éclairage allumé,En agglomération,Intersection en X,Normale,Deux véhicules - arrière,,,,,,,,,,,5,2,2,1.0,2
201300033447,0013-01-26 09:30:00,13,1,26,9,30,690,29,"59, BOULEVARD PINEL",,,Plein jour,En agglomération,Hors intersection,Normale,Autre collision,,,,,,,,,,,1,2,1,1.0,6
201300033448,0013-01-31 17:40:00,13,1,31,17,40,690,29,"10, RUE DE LA PAGERE",,,Nuit avec éclairage allumé,En agglomération,Hors intersection,Normale,Autre collision,,,,,,,,,,,5,2,1,1.0,6
201300033449,0013-02-01 09:59:00,13,2,1,9,59,690,29,"0, BOULEVARD DE L UNIVER",,,Plein jour,En agglomération,Giratoire,Normale,Deux véhicules - côté,,,,,,,,,,,1,2,6,1.0,3
201300033450,0013-02-27 21:40:00,13,2,27,21,40,690,29,"62, RUE LIONEL TERRAY",,,Nuit avec éclairage allumé,En agglomération,Hors intersection,Normale,Autre collision,,,,,,,,,,,5,2,1,1.0,6
201300033451,0013-03-15 14:40:00,13,3,15,14,40,690,29,AUTOROUTE A43 DE CHAMBER,,,Plein jour,Hors agglomération,Hors intersection,Normale,Deux véhicules - arrière,,,,,,,,,,,1,1,1,1.0,2
201300033452,0013-04-05 19:30:00,13,4,5,19,30,690,29,BOULEVARD DES DROITS DE,,,Plein jour,En agglomération,Hors intersection,Pluie légère,Autre collision,,,,,,,,,,,1,2,1,2.0,6
201300033453,0013-04-21 21:05:00,13,4,21,21,5,690,29,"0, ROUTE DE GENAS",,,Nuit avec éclairage allumé,En agglomération,Intersection à plus de 4 branches,Normale,Deux véhicules - côté,,,,,,,,,,,5,2,5,1.0,3
201300033454,0013-05-06 17:10:00,13,5,6,17,10,690,29,RUE LIONEL TERRAY,,,Plein jour,En agglomération,Intersection en T,Normale,Sans collision,,,,,,,,,,,1,2,3,1.0,7
201300033455,0013-04-17 16:50:00,13,4,17,16,50,690,271,"22, ROUTE DE GENAS",,,Plein jour,En agglomération,Hors intersection,Normale,Autre collision,,,,,,,,,,,1,2,1,1.0,6
201300033456,0013-06-06 11:20:00,13,6,6,11,20,690,271,"27, AVENUE DES FRERES MO",,,Plein jour,En agglomération,Intersection en X,Normale,Deux véhicules - côté,,,,,,,,,,,1,2,2,1.0,3
201300033457,0013-06-17 10:30:00,13,6,17,10,30,690,29,"2, RUE MARYSE BASTIE",,,Plein jour,En agglomération,Hors intersection,Normale,Autre collision,,,,,,,,,,,1,2,1,1.0,6
201300033458,0013-07-19 07:00:00,13,7,19,7,0,690,29,RUE LIONEL TERRAY,,,Plein jour,En agglomération,Hors intersection,Normale,Trois véhicules et plus - en chaîne,,,,,,,,,,,1,2,1,1.0,4
201300033459,0013-07-08 14:03:00,13,7,8,14,3,690,29,"0, BOULEVARD DE L UNIVER",,,Plein jour,En agglomération,Intersection en X,Normale,Deux véhicules - côté,,,,,,,,,,,1,2,2,1.0,3
201300033460,0013-07-16 17:20:00,13,7,16,17,20,690,29,"., RUE COLONEL CHAMBONNE",,,Plein jour,En agglomération,Intersection en X,Normale,Autre collision,,,,,,,,,,,1,2,2,1.0,6
201300033461,0013-08-09 17:45:00,13,8,9,17,45,690,29,"45, AVENUE CAMILLE ROUSS",,,Plein jour,En agglomération,Intersection en T,Normale,Autre collision,,,,,,,,,,,1,2,3,1.0,6
201300033462,0013-08-10 21:35:00,13,8,10,21,35,690,29,"0, BOULEVARD DES DROITS",,,Nuit avec éclairage allumé,En agglomération,Intersection en X,Normale,Deux véhicules - côté,,,,,,,,,,,5,2,2,1.0,3
201300033463,0013-08-20 20:37:00,13,8,20,20,37,690,29,"372, RTE DE GENAS",,,Crépuscule ou aube,En agglomération,Intersection en T,Normale,Autre collision,,,,,,,,,,,2,2,3,1.0,6
201300033464,0013-09-03 20:50:00,13,9,3,20,50,690,29,"0, ROUTE DE GENAS",,,Nuit avec éclairage allumé,En agglomération,Intersection à plus de 4 branches,Normale,Deux véhicules - côté,,,,,,,,,,,5,2,5,1.0,3
201300033465,0013-09-18 17:45:00,13,9,18,17,45,690,29,"286, ROUTE DE GENAS",,,Plein jour,En agglomération,Hors intersection,Normale,Trois véhicules et plus - en chaîne,,,,,,,,,,,1,2,1,1.0,4
201300033466,0013-09-23 07:20:00,13,9,23,7,20,690,29,"167, BOULEVARD PINEL",,,Plein jour,En agglomération,Intersection en X,Normale,Autre collision,,,,,,,,,,,1,2,2,1.0,6
201300033467,0013-09-29 11:25:00,13,9,29,11,25,690,29,"142, AVENUE FRANKLIN ROO",,,Plein jour,En agglomération,Hors intersection,Pluie légère,Autre collision,,,,,,,,,,,1,2,1,2.0,6
201300033468,0013-10-18 12:38:00,13,10,18,12,38,690,29,"0, AV. FRANKLIN ROOSE",,,Plein jour,En agglomération,Intersection en T,Normale,Deux véhicules - côté,,,,,,,,,,,1,2,3,1.0,3
201300033469,0013-10-20 05:10:00,13,10,20,5,10,690,29,"0, BOULEVARD DES DROITS",,,Nuit avec éclairage allumé,En agglomération,Hors intersection,Normale,Autre collision,,,,,,,,,,,5,2,1,1.0,6
201300033470,0013-10-22 20:40:00,13,10,22,20,40,690,29,"0, RUE DE LA PAIX",,,Nuit avec éclairage allumé,En agglomération,Intersection en T,Normale,Autre collision,,,,,,,,,,,5,2,3,1.0,6
201300033471,0013-11-10 10:10:00,13,11,10,10,10,690,29,"324, ROUTE DE GENAS",,,Plein jour,En agglomération,Intersection en X,Pluie légère,Deux véhicules - frontale,,,,,,,,,,,1,2,2,2.0,1
201300033472,0013-11-20 07:35:00,13,11,20,7,35,690,29,"286, ROUTE DE GENAS",,,Crépuscule ou aube,En agglomération,Hors intersection,Normale,Deux véhicules - côté,,,,,,,,,,,2,2,1,1.0,3
201300033473,0013-11-29 14:20:00,13,11,29,14,20,690,29,"59, BOULEVARD PINEL",,,Plein jour,En agglomération,Intersection en T,Temps couvert,Deux véhicules - côté,,,,,,,,,,,1,2,3,8.0,3
201300033474,0013-12-11 07:15:00,13,12,11,7,15,690,29,"0, RUE DU 35EME REGIMENT",,,Nuit avec éclairage allumé,En agglomération,Intersection en Y,Brouillard / fumée,Autre collision,,,,,,,,,,,5,2,4,5.0,6
201300033475,0013-01-06 15:15:00,13,1,6,15,15,690,34,"67, QUAI CLEMENCEAU",,,Plein jour,En agglomération,Hors intersection,Normale,Trois véhicules et plus - en chaîne,,,,,,,,,,,1,2,1,1.0,4
201300033476,0013-01-09 15:30:00,13,1,9,15,30,690,34,"1, PLACE MARECHAL FOCH",,,Plein jour,En agglomération,Giratoire,Normale,Deux véhicules - côté,,,,,,,,,,,1,2,6,1.0,3
201300033477,0013-01-10 15:25:00,13,1,10,15,25,690,34,ANCIENNE MONTEE DES SOLD,,,Plein jour,En agglomération,Intersection en X,Pluie légère,Deux véhicules - frontale,,,,,,,,,,,1,2,2,2.0,1
201300033478,0013-01-10 11:10:00,13,1,10,11,10,690,34,MONTEE CASTELLANE,,,Plein jour,En agglomération,Hors intersection,Pluie légère,Deux véhicules - frontale,,,,,,,,,,,1,2,1,2.0,1
201300033479,0013-01-11 18:00:00,13,1,11,18,0,690,34,"15, AVENUE GENERAL DE GA",,,Nuit avec éclairage allumé,En agglomération,Hors intersection,Normale,Trois véhicules et plus - collisions multiples,,,,,,,,,,,5,2,1,1.0,5
201300033480,0013-01-18 23:35:00,13,1,18,23,35,690,34,VIADUC JOSEPH PICOT,,,Nuit avec éclairage allumé,En agglomération,Hors intersection,Autre,Deux véhicules - côté,,,,,,,,,,,5,2,1,9.0,3
201300033481,0013-01-19 10:00:00,13,1,19,10,0,690,34,"323, CHEMIN DES BRUYERES",,,Plein jour,En agglomération,Hors intersection,Autre,Autre collision,,,,,,,,,,,1,2,1,9.0,6
201300033482,0013-01-20 04:10:00,13,1,20,4,10,690,34,QUAI DE BELLEVUE,,,Nuit avec éclairage allumé,En agglomération,Hors intersection,Normale,Autre collision,,,,,,,,,,,5,2,1,1.0,6
201300033483,0013-01-26 13:20:00,13,1,26,13,20,690,34,CHEMIN JEAN PETIT,,,Plein jour,En agglomération,Giratoire,Normale,Deux véhicules - côté,,,,,,,,,,,1,2,6,1.0,3
201300033484,0013-01-19 11:30:00,13,1,19,11,30,690,34,"15, AVENUE GENERAL LECLE",,,Plein jour,En agglomération,Hors intersection,Pluie légère,Trois véhicules et plus - en chaîne,,,,,,,,,,,1,2,1,2.0,4
201300033485,0013-02-01 17:30:00,13,2,1,17,30,690,34,"101, CHEMIN DE VASSIEUX",,,Nuit avec éclairage allumé,En agglomération,Hors intersection,Normale,Autre collision,,,,,,,,,,,5,2,1,1.0,6
201300033486,0013-02-15 06:30:00,13,2,15,6,30,690,34,PONT RAYMOND POINCARE,,,Nuit avec éclairage allumé,En agglomération,Hors intersection,Normale,Autre collision,,,,,,,,,,,5,2,1,1.0,6
201300033487,0013-02-20 19:20:00,13,2,20,19,20,690,34,"127, RUE PIERRE BRUNIER",,,Nuit avec éclairage allumé,En agglomération,Hors intersection,Normale,Autre collision,,,,,,,,,,,5,2,1,1.0,6
201300033488,0013-03-08 14:45:00,13,3,8,14,45,690,34,"48, COURS ARISTIDE BRIAN",,,Plein jour,En agglomération,Hors intersection,Normale,Trois véhicules et plus - en chaîne,,,,,,,,,,,1,2,1,1.0,4
201300033489,0013-03-12 17:30:00,13,3,12,17,30,690,34,"17, RUE PIERRE BRUNIER",,,Plein jour,En agglomération,Intersection en Y,Normale,Autre collision,,,,,,,,,,,1,2,4,1.0,6
201300033490,0013-03-15 07:30:00,13,3,15,7,30,690,34,"84, ROUTE DE STRASBOURG",,,Plein jour,En agglomération,Hors intersection,Normale,Deux véhicules - arrière,,,,,,,,,,,1,2,1,1.0,2
201300033491,0013-04-04 00:15:00,13,4,4,0,15,690,34,"1, PLACE MARECHAL FOCH",,,Nuit avec éclairage allumé,En agglomération,Giratoire,Normale,Deux véhicules - côté,,,,,,,,,,,5,2,6,1.0,3
201300033492,0013-03-28 17:25:00,13,3,28,17,25,690,34,"1, PLACE MARECHAL FOCH",,,Plein jour,En agglomération,Giratoire,Pluie légère,Deux véhicules - arrière,,,,,,,,,,,1,2,6,2.0,2
201300033493,0013-02-20 18:15:00,13,2,20,18,15,690,34,"131, CHEMIN DU BAC A TRA",,,Nuit avec éclairage allumé,En agglomération,Hors intersection,Normale,Trois véhicules et plus - en chaîne,,,,,,,,,,,5,2,1,1.0,4
201300033494,0013-05-04 08:10:00,13,5,4,8,10,690,34,"00, PLACE MARECHAL FOCH",,,Plein jour,En agglomération,Giratoire,Pluie légère,Deux véhicules - côté,,,,,,,,,,,1,2,6,2.0,3
201300033495,0013-05-09 16:45:00,13,5,9,16,45,690,34,"2, RUE EDOUARD BRANLY",,,Plein jour,En agglomération,Hors intersection,Normale,Autre collision,,,,,,,,,,,1,2,1,1.0,6
201300033496,0013-05-14 16:10:00,13,5,14,16,10,690,34,"32, ROUTE DE STRASBOURG",,,Plein jour,En agglomération,Hors intersection,Normale,Autre collision,,,,,,,,,,,1,2,1,1.0,6
201300033497,0013-05-15 09:15:00,13,5,15,9,15,690,34,"5, AVENUE GENERAL DE GAU",,,Plein jour,En agglomération,Hors intersection,Pluie forte,Deux véhicules - côté,,,,,,,,,,,1,2,1,3.0,3
201300033498,0013-07-01 20:55:00,13,7,1,20,55,690,34,MONTEE DES SOLDATS,,,Plein jour,En agglomération,Hors intersection,Normale,Deux véhicules - arrière,,,,,,,,,,,1,2,1,1.0,2
201300033499,0013-05-31 11:20:00,13,5,31,11,20,690,34,"104, AVENUE GENERAL LECL",,,Plein jour,En agglomération,Hors intersection,Pluie légère,Deux véhicules - côté,,,,,,,,,,,1,2,1,2.0,3
201300033500,0013-06-06 06:35:00,13,6,6,6,35,690,34,"00, PONT RAYMOND POINCAR",,,Plein jour,En agglomération,Intersection en T,Normale,Deux véhicules - côté,,,,,,,,,,,1,2,3,1.0,3
201300033501,0013-06-06 14:35:00,13,6,6,14,35,690,34,"40, AVENUE GENERAL DE GA",,,Plein jour,En agglomération,Hors intersection,Normale,Autre collision,,,,,,,,,,,1,2,1,1.0,6
201300033502,0013-06-06 16:40:00,13,6,6,16,40,690,34,"00, MONTEE DES SOLDATS",,,Plein jour,En agglomération,Hors intersection,Normale,Trois véhicules et plus - en chaîne,,,,,,,,,,,1,2,1,1.0,4
201300033503,0013-06-07 09:30:00,13,6,7,9,30,690,34,"40, AVENUE GENERAL DE GA",,,Plein jour,En agglomération,Hors intersection,Normale,Trois véhicules et plus - en chaîne,,,,,,,,,,,1,2,1,1.0,4
201300033504,0013-06-14 14:50:00,13,6,14,14,50,690,34,"face 140, RUE PASTEUR",,,Plein jour,En agglomération,Hors intersection,Normale,Autre collision,,,,,,,,,,,1,2,1,1.0,6
201300033505,0013-06-16 19:05:00,13,6,16,19,5,690,34,"109, QUAI CLEMENCEAU",,,Plein jour,En agglomération,Hors intersection,Normale,Deux véhicules - arrière,,,,,,,,,,,1,2,1,1.0,2
201300033506,0013-06-18 14:25:00,13,6,18,14,25,690,34,"00, MONTEE DES SOLDATS",,,Plein jour,En agglomération,Intersection en T,Temps éblouissant,Autre collision,,,,,,,,,,,1,2,3,7.0,6
201300033507,0013-06-21 08:35:00,13,6,21,8,35,690,34,"00, RUE PASTEUR",,,Plein jour,En agglomération,Intersection en T,Temps éblouissant,Deux véhicules - côté,,,,,,,,,,,1,2,3,7.0,3
201300033508,0013-06-28 13:35:00,13,6,28,13,35,690,34,"16, MONTEE DES FORTS",,,Plein jour,En agglomération,Intersection en Y,Normale,Deux véhicules - frontale,,,,,,,,,,,1,2,4,1.0,1
201300033509,0013-06-29 12:30:00,13,6,29,12,30,690,34,ROUTE DE STRASBOURG,,,Plein jour,En agglomération,Hors intersection,Pluie forte,Sans collision,,,,,,,,,,,1,2,1,3.0,7
201300033510,0013-07-02 09:05:00,13,7,2,9,5,690,34,"19, MONTEE DE LA BOUCLE",,,Plein jour,En agglomération,Hors intersection,Normale,Deux véhicules - arrière,,,,,,,,,,,1,2,1,1.0,2
201300033511,0013-07-02 14:25:00,13,7,2,14,25,690,34,MONTEE DES FORTS,,,Plein jour,En agglomération,Intersection en T,Temps couvert,Autre collision,,,,,,,,,,,1,2,3,8.0,6
201300033512,0013-07-03 08:10:00,13,7,3,8,10,690,34,ROUTE DE STRASBOURG,,,Plein jour,En agglomération,Hors intersection,Pluie légère,Sans collision,,,,,,,,,,,1,2,1,2.0,7
201300033513,0013-07-15 18:01:00,13,7,15,18,1,690,34,"7, AVENUE BARTHELEMY THI",,,Plein jour,En agglomération,Hors intersection,Normale,Deux véhicules - côté,,,,,,,,,,,1,2,1,1.0,3
201300033514,0013-07-17 16:35:00,13,7,17,16,35,690,34,"25, QUAI CHARLES SENARD",,,Plein jour,En agglomération,Hors intersection,Normale,Autre collision,,,,,,,,,,,1,2,1,1.0,6
201300033515,0013-07-18 16:30:00,13,7,18,16,30,690,34,"2, QUAI CHARLES SENARD",,,Plein jour,En agglomération,Hors intersection,Normale,Deux véhicules - arrière,,,,,,,,,,,1,2,1,1.0,2
201300033516,0013-07-16 04:55:00,13,7,16,4,55,690,34,QUAI CLEMENCEAU,,,Nuit avec éclairage allumé,En agglomération,Intersection en T,Normale,Sans collision,,,,,,,,,,,5,2,3,1.0,7
201300033517,0013-07-31 11:05:00,13,7,31,11,5,690,34,"1, RUE JEAN MOULIN",,,Plein jour,En agglomération,Hors intersection,Normale,Autre collision,,,,,,,,,,,1,2,1,1.0,6
201300033518,0013-07-17 17:20:00,13,7,17,17,20,690,34,"21, MONTEE DES SOLDATS",,,Plein jour,En agglomération,Hors intersection,Normale,Sans collision,,,,,,,,,,,1,2,1,1.0,7
201300033519,0013-07-29 09:00:00,13,7,29,9,0,690,34,"18, MONTEE DES FORTS",,,Plein jour,En agglomération,Hors intersection,Pluie légère,Autre collision,,,,,,,,,,,1,2,1,2.0,6
201300033520,0013-08-02 04:45:00,13,8,2,4,45,690,34,CHEMIN DE WETTE FAYS,,,Nuit avec éclairage allumé,En agglomération,Intersection en T,Normale,Deux véhicules - arrière,,,,,,,,,,,5,2,3,1.0,2
201300033521,0013-08-27 23:10:00,13,8,27,23,10,690,34,BRETELLE 2 PORTE DE SAIN,,,Nuit avec éclairage allumé,Hors agglomération,Hors intersection,Pluie légère,Sans collision,,,,,,,,,,,5,1,1,2.0,7
201300033522,0013-09-24 09:59:00,13,9,24,9,59,690,34,"95, QUAI CLEMENCEAU",,,Plein jour,En agglomération,Hors intersection,Temps éblouissant,Deux véhicules - arrière,,,,,,,,,,,1,2,1,7.0,2
201300033523,0013-09-12 17:40:00,13,9,12,17,40,690,34,"10, AVENUE GENERAL LECLE",,,Plein jour,En agglomération,Hors intersection,Normale,Autre collision,,,,,,,,,,,1,2,1,1.0,6
201300033524,0013-09-13 12:30:00,13,9,13,12,30,690,34,"1, AVENUE GENERAL LECLER",,,Plein jour,En agglomération,Hors intersection,Normale,Deux véhicules - côté,,,,,,,,,,,1,2,1,1.0,3
201300033525,0013-09-14 19:30:00,13,9,14,19,30,690,34,CHEMIN DE PIED CHARDON,,,Nuit avec éclairage non allumé,En agglomération,Hors intersection,Pluie légère,Autre collision,,,,,,,,,,,4,2,1,2.0,6
201300033526,0013-09-27 12:00:00,13,9,27,12,0,690,34,"SANS, PONT RAYMOND POINC",,,Plein jour,En agglomération,Hors intersection,Normale,Deux véhicules - côté,,,,,,,,,,,1,2,1,1.0,3
201300033527,0013-10-16 16:20:00,13,10,16,16,20,690,34,"1, Place de la Bascule",,,Plein jour,En agglomération,Hors intersection,Temps couvert,Autre collision,,,,,,,,,,,1,2,1,8.0,6
201300033528,0013-10-18 08:55:00,13,10,18,8,55,690,34,PONT RAYMOND POINCARE,,,Plein jour,En agglomération,Hors intersection,Normale,Deux véhicules - arrière,,,,,,,,,,,1,2,1,1.0,2
201300033529,0013-10-23 16:20:00,13,10,23,16,20,690,34,"64, QUAI CLEMENCEAU",,,Plein jour,En agglomération,Hors intersection,Pluie forte,Deux véhicules - côté,,,,,,,,,,,1,2,1,3.0,3
201300033530,0013-11-11 09:20:00,13,11,11,9,20,690,34,"155, RUE PASTEUR",,,Plein jour,En agglomération,Hors intersection,Normale,Deux véhicules - côté,,,,,,,,,,,1,2,1,1.0,3
201300033531,0013-11-25 17:15:00,13,11,25,17,15,690,34,"86, AVENUE GENERAL LECLE",,,Nuit avec éclairage allumé,En agglomération,Hors intersection,Normale,Autre collision,,,,,,,,,,,5,2,1,1.0,6
201300033532,0013-12-21 13:10:00,13,12,21,13,10,690,34,"42, MONTEE DES SOLDATS",,,Plein jour,En agglomération,Hors intersection,Normale,Trois véhicules et plus - en chaîne,,,,,,,,,,,1,2,1,1.0,4
201300033533,0013-11-30 11:20:00,13,11,30,11,20,690,34,BRETELLE BELLEVUE,,,Plein jour,En agglomération,Hors intersection,Normale,Deux véhicules - arrière,,,,,,,,,,,1,2,1,1.0,2
201300033534,0013-12-07 02:20:00,13,12,7,2,20,690,34,"95, QUAI CLEMENCEAU",,,Nuit avec éclairage allumé,En agglomération,Hors intersection,Autre,Autre collision,,,,,,,,,,,5,2,1,9.0,6
201300033535,0013-12-11 12:45:00,13,12,11,12,45,690,34,"1, MONTEE DES FORTS",,,Plein jour,En agglomération,Hors intersection,Normale,Autre collision,,,,,,,,,,,1,2,1,1.0,6
201300033536,0013-12-14 16:10:00,13,12,14,16,10,690,34,"6, MONTEE DES SOLDATS",,,Plein jour,En agglomération,Hors intersection,Normale,Deux véhicules - arrière,,,,,,,,,,,1,2,1,1.0,2
201300033537,0013-12-15 05:10:00,13,12,15,5,10,690,34,CHEMIN NORBERTO GOMES MO,,,Nuit avec éclairage allumé,En agglomération,Hors intersection,Brouillard / fumée,Sans collision,,,,,,,,,,,5,2,1,5.0,7
201300033538,0013-12-18 06:40:00,13,12,18,6,40,690,34,PONT RAYMOND POINCARE,,,Nuit avec éclairage allumé,En agglomération,Hors intersection,Pluie légère,Deux véhicules - côté,,,,,,,,,,,5,2,1,2.0,3
201300033539,0013-12-21 12:35:00,13,12,21,12,35,690,34,"28, RUE DE MARGNOLLES",,,Plein jour,En agglomération,Intersection en X,Normale,Deux véhicules - côté,,,,,,,,,,,1,2,2,1.0,3
201300033540,0013-01-18 10:45:00,13,1,18,10,45,690,96,"x, 19 MARS 1962  (AV)",,,Plein jour,En agglomération,Hors intersection,Normale,Autre collision,,,,,,,,,,,1,2,1,1.0,6
201300033541,0013-01-21 09:50:00,13,1,21,9,50,690,91,"37, HONORE PETETIN ( R )",,,Plein jour,En agglomération,Hors intersection,Normale,Deux véhicules - frontale,,,,,,,,,,,1,2,1,1.0,1
201300033542,0013-01-28 17:10:00,13,1,28,17,10,690,91,"6, MARCEL CACHIN ( R )",,,Plein jour,En agglomération,Hors intersection,Normale,Deux véhicules - arrière,,,,,,,,,,,1,2,1,1.0,2
201300033543,0013-01-31 15:25:00,13,1,31,15,25,690,91,"31, VICTOR HUGO ( R )",,,Plein jour,En agglomération,Hors intersection,Normale,Autre collision,,,,,,,,,,,1,2,1,1.0,6
201300033544,0013-02-05 18:05:00,13,2,5,18,5,690,91,"x, VICTOR HUGO ( R )",,,Nuit avec éclairage allumé,En agglomération,Hors intersection,Pluie forte,Autre collision,,,,,,,,,,,5,2,1,3.0,6
201300033545,0013-02-08 18:35:00,13,2,8,18,35,690,91,"x, ROBESPIERRE ( R )",,,Nuit avec éclairage allumé,En agglomération,Hors intersection,Normale,Autre collision,,,,,,,,,,,5,2,1,1.0,6
201300033546,0013-02-10 12:05:00,13,2,10,12,5,690,91,"x, EGALITE (DE L') ( R )",,,Plein jour,En agglomération,Intersection en X,Neige / grêle,Autre collision,,,,,,,,,,,1,2,2,4.0,6
201300033547,0013-03-03 16:20:00,13,3,3,16,20,690,91,"1, DOBELN ( R )",,,Plein jour,En agglomération,Hors intersection,Normale,Deux véhicules - côté,,,,,,,,,,,1,2,1,1.0,3
201300033548,0013-03-15 11:20:00,13,3,15,11,20,690,96,"16, MAYER ( R )",,,Plein jour,En agglomération,Hors intersection,Normale,Trois véhicules et plus - collisions multiples,,,,,,,,,,,1,2,1,1.0,5
201300033549,0013-03-20 18:05:00,13,3,20,18,5,690,91,LENINE (AV),,,Crépuscule ou aube,En agglomération,Hors intersection,Normale,Autre collision,,,,,,,,,,,2,2,1,1.0,6
201300033550,0013-04-14 11:40:00,13,4,14,11,40,690,91,"x, PAIX (DE LA) ( R )",,,Plein jour,En agglomération,Hors intersection,Normale,Deux véhicules - côté,,,,,,,,,,,1,2,1,1.0,3
201300033551,0013-04-15 16:00:00,13,4,15,16,0,690,91,"x, PAIX (DE LA) ( R )",,,Plein jour,En agglomération,Hors intersection,Normale,Autre collision,,,,,,,,,,,1,2,1,1.0,6
201300033552,0013-04-19 16:10:00,13,4,19,16,10,690,91,"x, ROMAIN ROLLAND (RUE)",,,Plein jour,En agglomération,Intersection en X,Pluie légère,Deux véhicules - frontale,,,,,,,,,,,1,2,2,2.0,1
201300033553,0013-04-23 18:55:00,13,4,23,18,55,690,91,"31, VICTOR HUGO ( R )",,,Plein jour,En agglomération,Hors intersection,Normale,Deux véhicules - côté,,,,,,,,,,,1,2,1,1.0,3
201300033554,0013-04-24 15:15:00,13,4,24,15,15,690,91,"x, ANATOLE FRANCE (AV)",,,Plein jour,En agglomération,Intersection en X,Normale,Deux véhicules - côté,,,,,,,,,,,1,2,2,1.0,3