accident_id,datetime,annee,mois,jour,heure,minute,departement,commune_insee,adresse,latitude,longitude,luminosite,agglomeration,intersection,meteo,collision,nb_vehicules,nb_usagers,nb_indemnes,nb_tues,nb_blesses_hosp,nb_blesses_legers,age_cond_1,age_cond_2,veh_type_cond_1,veh_type_cond_2,lum_code,agg_code,int_code,atm_code,col_code
201300033555,0013-05-24 20:00:00,13,5,24,20,0,690,91,"x, PAIX (DE LA) ( R )",,,Plein jour,En agglomération,Autre intersection,Normale,Deux véhicules - côté,,,,,,,,,,,1,2,9,1.0,3
201300033556,0013-05-26 06:00:00,13,5,26,6,0,690,96,"x, SEMARD (PIERRE) ( R )",,,Plein jour,En agglomération,Autre intersection,Normale,Deux véhicules - côté,,,,,,,,,,,1,2,9,1.0,3
201300033557,0013-05-26 23:00:00,13,5,26,23,0,690,91,"39, FLEURY NEUVESEL (RUE",,,Nuit avec éclairage allumé,En agglomération,Hors intersection,Normale,Sans collision,,,,,,,,,,,5,2,1,1.0,7
201300033558,0013-05-29 11:45:00,13,5,29,11,45,690,91,"x, MARTYRS DU 8 FEVRIER",,,Plein jour,En agglomération,Hors intersection,Normale,Autre collision,,,,,,,,,,,1,2,1,1.0,6
201300033559,0013-06-14 16:00:00,13,6,14,16,0,690,91,"x, SEMARD (PIERRE) ( R )",,,Plein jour,En agglomération,Hors intersection,Normale,Autre collision,,,,,,,,,,,1,2,1,1.0,6
201300033560,0013-06-15 22:00:00,13,6,15,22,0,690,96,"3bis, BERTHELOT (MARCELI",,,Nuit avec éclairage allumé,En agglomération,Hors intersection,Normale,Sans collision,,,,,,,,,,,5,2,1,1.0,7
201300033561,0013-06-17 18:20:00,13,6,17,18,20,690,91,"42, ANATOLE FRANCE (AV)",,,Plein jour,En agglomération,Hors intersection,Normale,Deux véhicules - arrière,,,,,,,,,,,1,2,1,1.0,2
201300033562,0013-06-29 10:20:00,13,6,29,10,20,690,91,"5, MARECHAL LECLERC  (AV",,,Plein jour,En agglomération,Hors intersection,Pluie légère,Autre collision,,,,,,,,,,,1,2,1,2.0,6
201300033563,0013-07-04 11:20:00,13,7,4,11,20,690,34,MONTEE DES SOLDATS,,,Plein jour,En agglomération,Hors intersection,Normale,Deux véhicules - arrière,,,,,,,,,,,1,2,1,1.0,2
201300033564,0013-07-18 10:40:00,13,7,18,10,40,690,96,"60, PASTEUR ( R )",,,Plein jour,En agglomération,Intersection en X,Pluie légère,Deux véhicules - côté,,,,,,,,,,,1,2,2,2.0,3
201300033565,0013-08-01 13:20:00,13,8,1,13,20,690,91,"X, PAIX (DE LA) ( R )",,,Plein jour,En agglomération,Intersection en T,Normale,Deux véhicules - côté,,,,,,,,,,,1,2,3,1.0,3
201300033566,0013-08-07 11:05:00,13,8,7,11,5,690,91,RIVE DE GIER (DE) (RTE),,,Plein jour,Hors agglomération,Hors intersection,Pluie forte,Deux véhicules - frontale,,,,,,,,,,,1,1,1,3.0,1
201300033567,0013-08-08 13:30:00,13,8,8,13,30,690,91,"X, NEUVE (RTE)",,,Plein jour,Hors agglomération,Intersection en Y,Pluie légère,Autre collision,,,,,,,,,,,1,1,4,2.0,6
201300033568,0013-08-08 16:00:00,13,8,8,16,0,690,91,"x, NEUVE (RTE)",,,Plein jour,Hors agglomération,Hors intersection,Pluie forte,Autre collision,,,,,,,,,,,1,1,1,3.0,6
201300033569,0013-08-17 22:15:00,13,8,17,22,15,690,91,"488, RIVE DE GIER (DE) (",,,Nuit avec éclairage allumé,En agglomération,Hors intersection,Normale,Autre collision,,,,,,,,,,,5,2,1,1.0,6
201300033570,0013-08-27 16:25:00,13,8,27,16,25,690,91,"96, MORNANT (DE) (RTE)",,,Plein jour,En agglomération,Hors intersection,Pluie légère,Autre collision,,,,,,,,,,,1,2,1,2.0,6
201300033571,0013-08-29 18:00:00,13,8,29,18,0,690,91,"53, JEAN LIGONNET ( R )",,,Plein jour,En agglomération,Intersection en T,Normale,Deux véhicules - côté,,,,,,,,,,,1,2,3,1.0,3
201300033572,0013-09-03 17:05:00,13,9,3,17,5,690,91,"X, NEUVE (RTE)",,,Plein jour,Hors agglomération,Hors intersection,Normale,Sans collision,,,,,,,,,,,1,1,1,1.0,7
201300033573,0013-09-13 16:40:00,13,9,13,16,40,690,96,"8, BERTHELOT (MARCELIN)",,,Plein jour,En agglomération,Hors intersection,Normale,Deux véhicules - côté,,,,,,,,,,,1,2,1,1.0,3
201300033574,0013-09-16 00:05:00,13,9,16,0,5,690,91,"1, TUILERIES (DES) ( R )",,,Nuit avec éclairage allumé,En agglomération,Hors intersection,Normale,Autre collision,,,,,,,,,,,5,2,1,1.0,6
201300033575,0013-09-06 16:00:00,13,9,6,16,0,690,91,RIVE DE GIER (DE) (RTE),,,Plein jour,En agglomération,Hors intersection,Normale,Autre collision,,,,,,,,,,,1,2,1,1.0,6
201300033576,0013-09-25 14:27:00,13,9,25,14,27,690,91,"X, VIEILLE DU BOURG  ( R",,,Plein jour,En agglomération,Hors intersection,Normale,Autre collision,,,,,,,,,,,1,2,1,1.0,6
201300033577,0013-10-01 13:45:00,13,10,1,13,45,690,91,"X, PAIX (DE LA) ( R )",,,Plein jour,En agglomération,Hors intersection,Normale,Autre collision,,,,,,,,,,,1,2,1,1.0,6
201300033578,0013-10-05 11:25:00,13,10,5,11,25,690,96,"62, MOULIN (JEAN) (AV)",,,Plein jour,En agglomération,Hors intersection,Pluie légère,Deux véhicules - arrière,,,,,,,,,,,1,2,1,2.0,2
201300033579,0013-10-04 01:30:00,13,10,4,1,30,690,91,"X, HONORE PETETIN ( R )",,,Nuit avec éclairage allumé,En agglomération,Hors intersection,Temps couvert,Autre collision,,,,,,,,,,,5,2,1,8.0,6
201300033580,0013-10-15 16:50:00,13,10,15,16,50,690,91,"3, GAGARINE (AV)",,,Plein jour,En agglomération,Hors intersection,Pluie légère,Deux véhicules - côté,,,,,,,,,,,1,2,1,2.0,3
201300033581,0013-10-26 10:30:00,13,10,26,10,30,690,91,NEUVE (RTE),,,Plein jour,Hors agglomération,Hors intersection,Normale,Autre collision,,,,,,,,,,,1,1,1,1.0,6
201300033582,0013-10-27 13:20:00,13,10,27,13,20,690,91,"X, JEAN MOULIN (AL)",,,Plein jour,En agglomération,Hors intersection,Normale,Autre collision,,,,,,,,,,,1,2,1,1.0,6
201300033583,0013-10-29 16:20:00,13,10,29,16,20,690,96,"25, BOUTRAS (DE) ( R )",,,Plein jour,En agglomération,Hors intersection,Normale,Deux véhicules - côté,,,,,,,,,,,1,2,1,1.0,3
201300033584,0013-10-31 10:20:00,13,10,31,10,20,690,91,"1, LONE (DE LA) (CH)",,,Plein jour,En agglomération,Hors intersection,Normale,Autre collision,,,,,,,,,,,1,2,1,1.0,6
201300033585,0013-11-09 10:55:00,13,11,9,10,55,690,96,"86, SABATIER (ANDRE) ( R",,,Plein jour,En agglomération,Intersection en T,Normale,Autre collision,,,,,,,,,,,1,2,3,1.0,6
201300033586,0013-11-12 22:30:00,13,11,12,22,30,690,91,"6, PORT DU BIEF (PL)",,,Nuit avec éclairage allumé,En agglomération,Hors intersection,Normale,Deux véhicules - frontale,,,,,,,,,,,5,2,1,1.0,1
201300033587,0013-11-23 13:50:00,13,11,23,13,50,690,91,"114, RIVE DE GIER (DE) (",,,Plein jour,Hors agglomération,Hors intersection,Normale,Autre collision,,,,,,,,,,,1,1,1,1.0,6
201300033588,0013-12-03 07:55:00,13,12,3,7,55,690,91,MONTROND (DE) ( R ),,,Crépuscule ou aube,En agglomération,Intersection en T,Autre,Deux véhicules - arrière,,,,,,,,,,,2,2,3,9.0,2
201300033589,0013-12-09 09:20:00,13,12,9,9,20,690,91,"37, DOCTEUR ROUX (DU) (",,,Plein jour,En agglomération,Hors intersection,Normale,Autre collision,,,,,,,,,,,1,2,1,1.0,6
201300033590,0013-12-13 19:15:00,13,12,13,19,15,690,91,"32, JEAN LIGONNET ( R )",,,Nuit avec éclairage allumé,En agglomération,Intersection en T,Brouillard / fumée,Deux véhicules - côté,,,,,,,,,,,5,2,3,5.0,3
201300033591,0013-01-11 14:15:00,13,1,11,14,15,690,149,FRANCISQUE JOMARD,,,Plein jour,En agglomération,Intersection en T,Pluie légère,Deux véhicules - côté,,,,,,,,,,,1,2,3,2.0,3
201300033592,0013-01-21 06:50:00,13,1,21,6,50,690,142,STEPHANE DECHANT,,,Nuit avec éclairage non allumé,En agglomération,Intersection à plus de 4 branches,Pluie légère,Autre collision,,,,,,,,,,,4,2,5,2.0,6
201300033593,0013-02-07 11:25:00,13,2,7,11,25,690,149,"face 112, EMILE ZOLA",,,Plein jour,En agglomération,Hors intersection,Temps couvert,Deux véhicules - frontale,,,,,,,,,,,1,2,1,8.0,1
201300033594,0013-02-07 10:00:00,13,2,7,10,0,690,149,NARCISSE BERTHOLEY,,,Plein jour,En agglomération,Hors intersection,Neige / grêle,Autre collision,,,,,,,,,,,1,2,1,4.0,6
201300033595,0013-02-08 18:50:00,13,2,8,18,50,690,149,"1, MARX DORMOY",,,Nuit avec éclairage allumé,En agglomération,Hors intersection,Normale,Autre collision,,,,,,,,,,,5,2,1,1.0,6
201300033596,0013-03-08 13:30:00,13,3,8,13,30,690,202,"91 bis, GEORGES CLEMENCE",,,Plein jour,En agglomération,Hors intersection,Pluie légère,Autre collision,,,,,,,,,,,1,2,1,2.0,6
201300033597,0013-03-31 20:15:00,13,3,31,20,15,690,149,"67, EMILE ZOLA",,,Crépuscule ou aube,En agglomération,Intersection en X,Normale,Deux véhicules - frontale,,,,,,,,,,,2,2,2,1.0,1
201300033598,0013-04-03 08:30:00,13,4,3,8,30,690,202,"86 bis, COMMANDANT CHARC",,,Plein jour,En agglomération,Intersection en T,Normale,Deux véhicules - frontale,,,,,,,,,,,1,2,3,1.0,1
201300033599,0013-04-04 14:45:00,13,4,4,14,45,690,149,"1, DIDEROT",,,Plein jour,En agglomération,Hors intersection,Normale,Autre collision,,,,,,,,,,,1,2,1,1.0,6
201300033600,0013-04-10 20:00:00,13,4,10,20,0,690,149,EMILE ZOLA,,,Nuit avec éclairage allumé,En agglomération,Hors intersection,Normale,Deux véhicules - côté,,,,,,,,,,,5,2,1,1.0,3
201300033601,0013-04-12 17:30:00,13,4,12,17,30,690,202,"2, RAZES (DES)",,,Plein jour,En agglomération,Hors intersection,Normale,Sans collision,,,,,,,,,,,1,2,1,1.0,7
201300033602,0013-04-14 15:10:00,13,4,14,15,10,690,152,"47, AMPERE",,,Plein jour,En agglomération,Hors intersection,Normale,Deux véhicules - arrière,,,,,,,,,,,1,2,1,1.0,2
201300033603,0013-04-17 18:10:00,13,4,17,18,10,690,202,"141, FONDS (DES)",,,Plein jour,En agglomération,Hors intersection,Normale,Deux véhicules - arrière,,,,,,,,,,,1,2,1,1.0,2
201300033604,0013-04-18 08:14:00,13,4,18,8,14,690,149,REPUBLIQUE (DE LA),,,Plein jour,En agglomération,Intersection en X,Normale,Deux véhicules - côté,,,,,,,,,,,1,2,2,1.0,3
201300033605,0013-04-25 13:50:00,13,4,25,13,50,690,202,LIBERATION (DE LA),,,Plein jour,En agglomération,Hors intersection,Normale,Deux véhicules - arrière,,,,,,,,,,,1,2,1,1.0,2
201300033606,0013-04-26 15:15:00,13,4,26,15,15,690,149,"100, GRANDE RUE",,,Plein jour,En agglomération,Hors intersection,Pluie légère,Deux véhicules - arrière,,,,,,,,,,,1,2,1,2.0,2
201300033607,0013-04-29 17:00:00,13,4,29,17,0,690,142,"4 BIS, JEAN JACQUES ROUS",,,Plein jour,En agglomération,Hors intersection,Temps couvert,Deux véhicules - côté,,,,,,,,,,,1,2,1,8.0,3
201300033608,0013-05-01 16:45:00,13,5,1,16,45,690,142,"4, GENERAL DE GAULLE",,,Plein jour,En agglomération,Hors intersection,Normale,Deux véhicules - frontale,,,,,,,,,,,1,2,1,1.0,1
201300033609,0013-05-02 10:50:00,13,5,2,10,50,690,149,"01, VOLTAIRE",,,Plein jour,En agglomération,Hors intersection,Pluie légère,Autre collision,,,,,,,,,,,1,2,1,2.0,6
201300033610,0013-05-03 13:50:00,13,5,3,13,50,690,149,"141, EMILE ZOLA",,,Plein jour,En agglomération,Hors intersection,Pluie légère,Deux véhicules - côté,,,,,,,,,,,1,2,1,2.0,3
201300033611,0013-05-13 14:50:00,13,5,13,14,50,690,149,"179, GRANDE RUE",,,Plein jour,En agglomération,Intersection en T,Normale,Deux véhicules - côté,,,,,,,,,,,1,2,3,1.0,3
201300033612,0013-05-10 06:15:00,13,5,10,6,15,690,149,"9, COMMUNE DE PARIS (DE",,,Crépuscule ou aube,En agglomération,Hors intersection,Pluie légère,Deux véhicules - côté,,,,,,,,,,,2,2,1,2.0,3
201300033613,0013-05-27 15:55:00,13,5,27,15,55,690,202,"27, BARON DU MARAIS (DU)",,,Plein jour,En agglomération,Hors intersection,Normale,Autre collision,,,,,,,,,,,1,2,1,1.0,6
201300033614,0013-05-27 18:20:00,13,5,27,18,20,690,202,"70, PLAN LOUP (DU)",,,Plein jour,En agglomération,Hors intersection,Normale,Deux véhicules - arrière,,,,,,,,,,,1,2,1,1.0,2
201300033615,0013-05-27 15:10:00,13,5,27,15,10,690,142,GENERAL DE GAULLE,,,Plein jour,En agglomération,Hors intersection,Normale,Sans collision,,,,,,,,,,,1,2,1,1.0,7
201300033616,0013-06-05 15:00:00,13,6,5,15,0,690,202,"00, CHAPONOST (DE)",,,Plein jour,En agglomération,Hors intersection,Normale,Deux véhicules - arrière,,,,,,,,,,,1,2,1,1.0,2
201300033617,0013-06-08 15:30:00,13,6,8,15,30,690,152,"115, EUROPE (DE L')",,,Plein jour,En agglomération,Hors intersection,Normale,Autre collision,,,,,,,,,,,1,2,1,1.0,6
201300033618,0013-06-12 16:35:00,13,6,12,16,35,690,149,"00, RASPAIL",,,Plein jour,En agglomération,Intersection en X,Normale,Deux véhicules - côté,,,,,,,,,,,1,2,2,1.0,3
201300033619,0013-06-18 10:07:00,13,6,18,10,7,690,202,"00, PROVINCES (DES)",,,Plein jour,En agglomération,Intersection en T,Normale,Autre collision,,,,,,,,,,,1,2,3,1.0,6
201300033620,0013-06-22 01:10:00,13,6,22,1,10,690,149,"50, PIERRE SEMARD",,,Nuit avec éclairage allumé,En agglomération,Hors intersection,Normale,Trois véhicules et plus - en chaîne,,,,,,,,,,,5,2,1,1.0,4
201300033621,0013-06-24 09:40:00,13,6,24,9,40,690,202,"00, PRES (DES)",,,Plein jour,En agglomération,Giratoire,Normale,Autre collision,,,,,,,,,,,1,2,6,1.0,6
201300033622,0013-06-24 18:45:00,13,6,24,18,45,690,149,"00, SARRA (DE LA)",,,Plein jour,En agglomération,Intersection en Y,Normale,Autre collision,,,,,,,,,,,1,2,4,1.0,6
201300033623,0013-06-26 10:00:00,13,6,26,10,0,690,202,"face 05, LIMBURG (DE)",,,Plein jour,En agglomération,Hors intersection,Normale,Autre collision,,,,,,,,,,,1,2,1,1.0,6
201300033624,0013-07-01 14:15:00,13,7,1,14,15,690,149,JEAN JAURES,,,Plein jour,En agglomération,Intersection en X,Normale,Deux véhicules - côté,,,,,,,,,,,1,2,2,1.0,3
201300033625,0013-07-10 15:25:00,13,7,10,15,25,690,149,"16, EMILE ZOLA",,,Plein jour,En agglomération,Intersection en X,Normale,Deux véhicules - côté,,,,,,,,,,,1,2,2,1.0,3
201300033626,0013-07-12 21:35:00,13,7,12,21,35,690,149,PIERRE SEMARD,,,Nuit avec éclairage allumé,En agglomération,Intersection en T,Normale,Deux véhicules - côté,,,,,,,,,,,5,2,3,1.0,3
201300033627,0013-07-14 12:50:00,13,7,14,12,50,690,142,"4, JEAN JACQUES ROUSSEAU",,,Plein jour,En agglomération,Hors intersection,Normale,Deux véhicules - arrière,,,,,,,,,,,1,2,1,1.0,2
201300033628,0013-07-17 12:25:00,13,7,17,12,25,690,202,"47, VALIOUD",,,Plein jour,En agglomération,Hors intersection,Normale,Sans collision,,,,,,,,,,,1,2,1,1.0,7
201300033629,0013-07-19 11:00:00,13,7,19,11,0,690,149,"2-4, COMMUNE DE PARIS (D",,,Plein jour,En agglomération,Hors intersection,Normale,Autre collision,,,,,,,,,,,1,2,1,1.0,6
201300033630,0013-07-30 12:10:00,13,7,30,12,10,690,202,LIBERATION (DE LA),,,Plein jour,En agglomération,Hors intersection,Normale,Sans collision,,,,,,,,,,,1,2,1,1.0,7
201300033631,0013-08-08 18:00:00,13,8,8,18,0,690,152,HENRI MOISSAN,,,Plein jour,Hors agglomération,Hors intersection,Pluie forte,Trois véhicules et plus - collisions multiples,,,,,,,,,,,1,1,1,3.0,5
201300033632,0013-08-14 18:00:00,13,8,14,18,0,690,142,"8, BASTERO (DE LA)",,,Plein jour,En agglomération,Hors intersection,Pluie légère,Deux véhicules - frontale,,,,,,,,,,,1,2,1,2.0,1
201300033633,0013-08-16 22:20:00,13,8,16,22,20,690,202,PROVINCES (DES),,,Nuit avec éclairage allumé,En agglomération,Hors intersection,Normale,Autre collision,,,,,,,,,,,5,2,1,1.0,6
201300033634,0013-08-28 06:20:00,13,8,28,6,20,690,149,"45, JEAN JAURES",,,Nuit avec éclairage non allumé,En agglomération,Hors intersection,Normale,Autre collision,,,,,,,,,,,4,2,1,1.0,6
201300033635,0013-08-30 13:00:00,13,8,30,13,0,690,149,"4, EMILE ZOLA",,,Plein jour,En agglomération,Hors intersection,Normale,Autre collision,,,,,,,,,,,1,2,1,1.0,6
201300033636,0013-09-05 18:00:00,13,9,5,18,0,690,149,GRANDE RUE,,,Plein jour,En agglomération,Intersection en X,Normale,Deux véhicules - côté,,,,,,,,,,,1,2,2,1.0,3
201300033637,0013-09-12 07:10:00,13,9,12,7,10,690,149,"37, PIERRE SEMARD",,,Plein jour,En agglomération,Hors intersection,Normale,Autre collision,,,,,,,,,,,1,2,1,1.0,6
201300033638,0013-09-16 07:50:00,13,9,16,7,50,690,149,"91, GRANDE RUE",,,Plein jour,En agglomération,Hors intersection,Normale,Autre collision,,,,,,,,,,,1,2,1,1.0,6
201300033639,0013-10-09 16:50:00,13,10,9,16,50,690,152,"15, HAUTE ROCHE (DE)",,,Plein jour,En agglomération,Hors intersection,Normale,Deux véhicules - côté,,,,,,,,,,,1,2,1,1.0,3
201300033640,0013-09-25 05:40:00,13,9,25,5,40,690,149,"106, GRANDE RUE",,,Plein jour,En agglomération,Hors intersection,Normale,Autre collision,,,,,,,,,,,1,2,1,1.0,6
201300033641,0013-09-26 07:15:00,13,9,26,7,15,690,152,Chemin du barrage,,,Nuit avec éclairage allumé,Hors agglomération,Hors intersection,Normale,Deux véhicules - côté,,,,,,,,,,,5,1,1,1.0,3
201300033642,0013-09-27 18:50:00,13,9,27,18,50,690,202,GENERAL DE GAULLE (DU),,,Plein jour,En agglomération,Intersection en T,Normale,Deux véhicules - côté,,,,,,,,,,,1,2,3,1.0,3
201300033643,0013-10-12 12:10:00,13,10,12,12,10,690,202,"27, AQUEDUC DE BEAUNANT",,,Plein jour,En agglomération,Hors intersection,Temps couvert,Autre collision,,,,,,,,,,,1,2,1,8.0,6
201300033644,0013-10-25 23:20:00,13,10,25,23,20,690,149,BUISSET (DU),,,Nuit avec éclairage allumé,En agglomération,Intersection en X,Normale,Autre collision,,,,,,,,,,,5,2,2,1.0,6
201300033645,0013-10-29 15:40:00,13,10,29,15,40,690,142,"20, STEPHANE DECHANT",,,Plein jour,En agglomération,Hors intersection,Normale,Deux véhicules - arrière,,,,,,,,,,,1,2,1,1.0,2
201300033646,0013-11-04 19:35:00,13,11,4,19,35,690,202,MARECHAL FOCH (DU),,,Nuit avec éclairage allumé,En agglomération,Hors intersection,Pluie légère,Autre collision,,,,,,,,,,,5,2,1,2.0,6
201300033647,0013-11-05 08:40:00,13,11,5,8,40,690,149,"58, EMILE ZOLA",,,Plein jour,En agglomération,Hors intersection,Normale,Deux véhicules - arrière,,,,,,,,,,,1,2,1,1.0,2
201300033648,0013-11-06 09:45:00,13,11,6,9,45,690,149,"86, FRANCISQUE JOMARD",,,Plein jour,En agglomération,Hors intersection,Normale,Deux véhicules - côté,,,,,,,,,,,1,2,1,1.0,3
201300033649,0013-11-14 13:20:00,13,11,14,13,20,690,152,"1, TERRASSE (DE LA)",,,Plein jour,En agglomération,Intersection en T,Normale,Deux véhicules - arrière,,,,,,,,,,,1,2,3,1.0,2
201300033650,0013-11-14 16:10:00,13,11,14,16,10,690,149,"6, AUGUSTE BLANQUI",,,Plein jour,En agglomération,Hors intersection,Pluie légère,Autre collision,,,,,,,,,,,1,2,1,2.0,6
201300033651,0013-12-29 03:00:00,13,12,29,3,0,690,149,"44, GRANDE RUE",,,Nuit avec éclairage allumé,En agglomération,Hors intersection,Normale,Autre collision,,,,,,,,,,,5,2,1,1.0,6
201300033652,0013-11-22 23:10:00,13,11,22,23,10,690,202,"17, PRES (DES)",,,Nuit avec éclairage allumé,En agglomération,Hors intersection,Normale,Autre collision,,,,,,,,,,,5,2,1,1.0,6
201300033653,0013-11-27 08:05:00,13,11,27,8,5,690,152,"30, HENRI BROSSE",,,Plein jour,En agglomération,Intersection en T,Normale,Autre collision,,,,,,,,,,,1,2,3,1.0,6
201300033654,0013-11-30 10:20:00,13,11,30,10,20,690,149,CLAUDE MICHEL,,,Plein jour,En agglomération,Intersection en X,Normale,Deux véhicules - côté,,,,,,,,,,,1,2,2,1.0,3
201300033655,0013-11-30 13:30:00,13,11,30,13,30,690,202,"40, LIMBURG (DE)",,,Plein jour,En agglomération,Hors intersection,Normale,Deux véhicules - frontale,,,,,,,,,,,1,2,1,1.0,1
201300033656,0013-11-27 11:30:00,13,11,27,11,30,690,152,"93, EUROPE (DE L')",,,Plein jour,En agglomération,Intersection en T,Normale,Deux véhicules - côté,,,,,,,,,,,1,2,3,1.0,3
201300033657,0013-12-03 10:45:00,13,12,3,10,45,690,149,CHARLES FOURRIER,,,Plein jour,En agglomération,Intersection en X,Normale,Deux véhicules - côté,,,,,,,,,,,1,2,2,1.0,3
201300033658,0013-12-11 09:00:00,13,12,11,9,0,690,202,AQUEDUC DE BEAUNANT (DE,,,Plein jour,En agglomération,Hors intersection,Normale,Deux véhicules - arrière,,,,,,,,,,,1,2,1,1.0,2
201300033659,0013-12-12 17:50:00,13,12,12,17,50,690,202,"13, NEYRARD (DU)",,,Nuit avec éclairage allumé,En agglomération,Hors intersection,Normale,Autre collision,,,,,,,,,,,5,2,1,1.0,6
201300033660,0013-12-19 18:50:00,13,12,19,18,50,690,149,VICTOR HUGO,,,Nuit avec éclairage allumé,En agglomération,Intersection en X,Pluie forte,Autre collision,,,,,,,,,,,5,2,2,3.0,6
201300033661,0013-12-24 12:25:00,13,12,24,12,25,690,152,EUROPE (DE L'),,,Plein jour,En agglomération,Hors intersection,Vent fort / tempête,Deux véhicules - arrière,,,,,,,,,,,1,2,1,6.0,2
201300033662,0013-01-08 13:40:00,13,1,8,13,40,690,256,"0, FRERES BERTRAND (DES)",,,Plein jour,En agglomération,Hors intersection,Normale,Autre collision,,,,,,,,,,,1,2,1,1.0,6
201300033663,0013-01-20 12:10:00,13,1,20,12,10,690,256,"0, GEORGES DIMITROV",,,Plein jour,En agglomération,Intersection en T,Normale,Deux véhicules - côté,,,,,,,,,,,1,2,3,1.0,3
201300033664,0013-01-29 16:30:00,13,1,29,16,30,690,256,"174, GABRIEL PERI",,,Plein jour,En agglomération,Hors intersection,Pluie légère,Autre collision,,,,,,,,,,,1,2,1,2.0,6
201300033665,0013-02-01 16:37:00,13,2,1,16,37,690,256,"., GILBERT BOISSIER",,,Plein jour,En agglomération,Hors intersection,Normale,Autre collision,,,,,,,,,,,1,2,1,1.0,6
201300033666,0013-02-19 15:20:00,13,2,19,15,20,690,256,"12, CUZIN",,,Plein jour,En agglomération,Hors intersection,Normale,Trois véhicules et plus - en chaîne,,,,,,,,,,,1,2,1,1.0,4
201300033667,0013-02-28 06:55:00,13,2,28,6,55,690,256,"0, MARIUS GROSSO",,,Plein jour,En agglomération,Intersection en T,Normale,Autre collision,,,,,,,,,,,1,2,3,1.0,6
201300033668,0013-03-25 16:50:00,13,3,25,16,50,690,256,"0, GABRIEL PERI",,,Plein jour,En agglomération,Hors intersection,Normale,Autre collision,,,,,,,,,,,1,2,1,1.0,6
201300033669,0013-03-31 15:20:00,13,3,31,15,20,690,256,"0, ANDRE WERTH",,,Plein jour,En agglomération,Hors intersection,Normale,Deux véhicules - frontale,,,,,,,,,,,1,2,1,1.0,1
201300033670,0013-04-09 15:30:00,13,4,9,15,30,690,256,"., 8 MAI 1945 (DU)",,,Plein jour,En agglomération,Intersection en T,Normale,Autre collision,,,,,,,,,,,1,2,3,1.0,6
201300033671,0013-04-05 20:10:00,13,4,5,20,10,690,256,"0, MARCEL CACHIN",,,Nuit avec éclairage non allumé,En agglomération,Intersection en T,Pluie légère,Deux véhicules - côté,,,,,,,,,,,4,2,3,2.0,3
201300033672,0013-03-07 14:50:00,13,3,7,14,50,690,256,"17, VICTOR HUGO",,,Plein jour,En agglomération,Hors intersection,Normale,Autre collision,,,,,,,,,,,1,2,1,1.0,6
201300033673,0013-04-07 13:10:00,13,4,7,13,10,690,256,"0, MARIUS GROSSO",,,Plein jour,En agglomération,Intersection en X,Normale,Deux véhicules - côté,,,,,,,,,,,1,2,2,1.0,3
201300033674,0013-04-15 20:00:00,13,4,15,20,0,690,256,"0, LAMARTINE",,,Plein jour,En agglomération,Intersection en T,Normale,Deux véhicules - côté,,,,,,,,,,,1,2,3,1.0,3
201300033675,0013-04-16 11:30:00,13,4,16,11,30,690,256,"0, GRANDCLEMENT",,,Plein jour,En agglomération,Intersection en T,Normale,Autre collision,,,,,,,,,,,1,2,3,1.0,6
201300033676,0013-04-19 16:15:00,13,4,19,16,15,690,256,"90, REPUBLIQUE (DE LA)",,,Plein jour,En agglomération,Giratoire,Normale,Deux véhicules - côté,,,,,,,,,,,1,2,6,1.0,3
201300033677,0013-04-24 17:40:00,13,4,24,17,40,690,256,"0, JEAN LESIRE",,,Plein jour,En agglomération,Hors intersection,Normale,Autre collision,,,,,,,,,,,1,2,1,1.0,6
201300033678,0013-04-25 17:10:00,13,4,25,17,10,690,256,"0, GENAS (DE)",,,Plein jour,En agglomération,Intersection en X,Autre,Deux véhicules - frontale,,,,,,,,,,,1,2,2,9.0,1
201300033679,0013-05-04 18:10:00,13,5,4,18,10,690,256,"0, FRANKLIN ROOSEVELT",,,Plein jour,En agglomération,Intersection en X,Normale,Deux véhicules - côté,,,,,,,,,,,1,2,2,1.0,3
201300033680,0013-05-17 19:00:00,13,5,17,19,0,690,256,"0, 8 MAI 1945 (DU)",,,Plein jour,En agglomération,Intersection en T,Pluie légère,Autre collision,,,,,,,,,,,1,2,3,2.0,6
201300033681,0013-06-01 19:54:00,13,6,1,19,54,690,256,"0, BATAILLON CARMAGNOLE",,,Plein jour,En agglomération,Intersection en X,Normale,Autre collision,,,,,,,,,,,1,2,2,1.0,6
201300033682,0013-06-02 13:35:00,13,6,2,13,35,690,256,GASTON MONMOUSSEAU,,,Plein jour,En agglomération,Intersection en T,Normale,Autre collision,,,,,,,,,,,1,2,3,1.0,6
201300033683,0013-06-07 09:50:00,13,6,7,9,50,690,256,"0, JULES ROMAIN",,,Plein jour,En agglomération,Intersection en X,Normale,Deux véhicules - côté,,,,,,,,,,,1,2,2,1.0,3
201300033684,0013-06-17 19:55:00,13,6,17,19,55,690,256,LENINE - CENTRE,,,Plein jour,En agglomération,Hors intersection,Normale,Deux véhicules - frontale,,,,,,,,,,,1,2,1,1.0,1
201300033685,0013-06-20 22:00:00,13,6,20,22,0,690,256,"0, ERNEST RENAN",,,Nuit avec éclairage allumé,En agglomération,Intersection en T,Normale,Deux véhicules - côté,,,,,,,,,,,5,2,3,1.0,3
201300033686,0013-07-02 10:40:00,13,7,2,10,40,690,256,"0, EMILE ZOLA",,,Plein jour,En agglomération,Intersection en X,Normale,Deux véhicules - côté,,,,,,,,,,,1,2,2,1.0,3