accident_id,datetime,annee,mois,jour,heure,minute,departement,commune_insee,adresse,latitude,longitude,luminosite,agglomeration,intersection,meteo,collision,nb_vehicules,nb_usagers,nb_indemnes,nb_tues,nb_blesses_hosp,nb_blesses_legers,age_cond_1,age_cond_2,veh_type_cond_1,veh_type_cond_2,lum_code,agg_code,int_code,atm_code,col_code
201300034696,0013-12-13 12:52:00,13,12,13,12,52,760,341,,49.50794,0.19643,Plein jour,Hors agglomération,Intersection en Y,Pluie légère,Deux véhicules - arrière,,,,,,,,,,,1,1,4,2.0,2
201300034697,0013-12-13 16:05:00,13,12,13,16,5,760,351,"185, R ROMAIN ROLLAND",49.50599,0.11499,Plein jour,En agglomération,Intersection en X,Normale,Deux véhicules - côté,,,,,,,,,,,1,2,2,1.0,3
201300034698,0013-12-19 15:00:00,13,12,19,15,0,760,351,"189, R DE VERDUN",49.50235,0.16251,Plein jour,En agglomération,Intersection en T,Normale,Autre collision,,,,,,,,,,,1,2,3,1.0,6
201300034699,0013-12-20 15:00:00,13,12,20,15,0,760,305,RTE DE GOURNAY,49.51916,0.22383,Plein jour,En agglomération,Hors intersection,Normale,Deux véhicules - frontale,,,,,,,,,,,1,2,1,1.0,1
201300034700,0013-12-21 05:15:00,13,12,21,5,15,760,305,D6015,49.51278,0.22466,Nuit avec éclairage allumé,Hors agglomération,Hors intersection,Normale,Autre collision,,,,,,,,,,,5,1,1,1.0,6
201300034701,0013-12-24 08:50:00,13,12,24,8,50,760,351,"43, R BEAULIEU",49.51117,0.11038,Plein jour,En agglomération,Intersection en X,Pluie forte,Deux véhicules - côté,,,,,,,,,,,1,2,2,3.0,3
201300034702,0013-12-24 18:30:00,13,12,24,18,30,760,447,"n?ant, SAINTE CROIX (COU",49.54335,0.19249,Nuit avec éclairage allumé,En agglomération,Intersection en T,Normale,Deux véhicules - côté,,,,,,,,,,,5,2,3,1.0,3
201300034703,0013-12-26 12:35:00,13,12,26,12,35,760,351,R RAYMOND GUENOT,49.49431,0.10373,Plein jour,En agglomération,Intersection en X,Normale,Deux véhicules - côté,,,,,,,,,,,1,2,2,1.0,3
201300034704,0013-12-27 11:30:00,13,12,27,11,30,760,351,PL DU CHILLOU,49.49162,0.11062,Plein jour,En agglomération,Autre intersection,Pluie forte,Autre collision,,,,,,,,,,,1,2,9,3.0,6
201300034705,0013-12-30 10:20:00,13,12,30,10,20,760,351,"1, CRS LAFAYETTE",49.49183,0.12513,Plein jour,En agglomération,Hors intersection,Normale,Autre collision,,,,,,,,,,,1,2,1,1.0,6
201300034706,0013-12-31 11:20:00,13,12,31,11,20,760,351,"32, R IRENE JOLIOT CURIE",49.50702,0.09998,Plein jour,En agglomération,Hors intersection,Normale,Autre collision,,,,,,,,,,,1,2,1,1.0,6
201300034707,0013-12-23 08:30:00,13,12,23,8,30,760,484,"1, GAULLE. AVENUE DU GEN",49.363,1.10402,Plein jour,En agglomération,Intersection en T,Pluie légère,Deux véhicules - arrière,,,,,,,,,,,1,2,3,2.0,2
201300034708,0013-12-26 09:18:00,13,12,26,9,18,760,540,AV JEAN RONDEAUX,49.43578,1.07725,Plein jour,En agglomération,Intersection en T,Normale,Deux véhicules - arrière,,,,,,,,,,,1,2,3,1.0,2
201300034709,0013-12-02 15:55:00,13,12,2,15,55,760,322,"01, VOIE RAPIDE SUD 3 (R",49.40032,1.03238,Plein jour,Hors agglomération,Hors intersection,Normale,Deux véhicules - côté,,,,,,,,,,,1,1,1,1.0,3
201300034710,0013-12-09 16:20:00,13,12,9,16,20,760,216,"87, RTE DE DIEPPE",49.46181,1.05389,Plein jour,En agglomération,Hors intersection,Normale,Autre collision,,,,,,,,,,,1,2,1,1.0,6
201300034711,0013-12-10 15:00:00,13,12,10,15,0,760,540,BD FERDINAND DE LESSEPS,49.44513,1.0642,Plein jour,En agglomération,Intersection en X,Normale,Autre collision,,,,,,,,,,,1,2,2,1.0,6
201300034712,0013-12-13 08:25:00,13,12,13,8,25,760,498,AV JACQUES PREVERT,49.42928,1.06215,Crépuscule ou aube,En agglomération,Hors intersection,Normale,Autre collision,,,,,,,,,,,2,2,1,1.0,6
201300034713,0013-12-19 19:00:00,13,12,19,19,0,760,540,AV CHAMPLAIN,49.43392,1.0918,Nuit avec éclairage allumé,En agglomération,Hors intersection,Normale,Autre collision,,,,,,,,,,,5,2,1,1.0,6
201300034714,0013-12-20 08:10:00,13,12,20,8,10,760,540,R HENRI RIVIERE,49.43622,1.11214,Crépuscule ou aube,En agglomération,Intersection en Y,Pluie légère,Autre collision,,,,,,,,,,,2,2,4,2.0,6
201300034715,0013-12-17 17:05:00,13,12,17,17,5,760,540,"12, R BRISOUT DE BARNE",49.43426,1.08143,Plein jour,En agglomération,Intersection en T,Normale,Deux véhicules - côté,,,,,,,,,,,1,2,3,1.0,3
201300034716,0013-12-13 08:45:00,13,12,13,8,45,760,540,"52, RTE DE BONSECOURS",49.43286,1.10808,Plein jour,En agglomération,Intersection en Y,Pluie forte,Autre collision,,,,,,,,,,,1,2,4,3.0,6
201300034717,0013-01-07 09:45:00,13,1,7,9,45,760,319,R DE L A COMMUNE DE PARI,49.34738,0.99386,Plein jour,En agglomération,Intersection en X,Temps couvert,Deux véhicules - frontale,,,,,,,,,,,1,2,2,8.0,1
201300034718,0013-12-15 20:40:00,13,12,15,20,40,760,540,R DU VAL D EAUPLET,49.43285,1.10777,Nuit avec éclairage allumé,En agglomération,Intersection en Y,Normale,Autre collision,,,,,,,,,,,5,2,4,1.0,6
201300034719,0013-12-24 13:00:00,13,12,24,13,0,760,540,AV DE LA GRAND MARE,49.44327,1.13041,Plein jour,En agglomération,Hors intersection,Autre,Trois véhicules et plus - collisions multiples,,,,,,,,,,,1,2,1,9.0,5
201300034720,0013-12-30 18:00:00,13,12,30,18,0,760,540,AV JEAN RONDEAUX,49.4369,1.07837,Nuit avec éclairage allumé,En agglomération,Intersection en T,Autre,Deux véhicules - arrière,,,,,,,,,,,5,2,3,9.0,2
201300034721,0013-01-15 14:05:00,13,1,15,14,5,760,540,RTE DU HAVRE,49.45042,1.05922,Plein jour,En agglomération,Intersection en T,Normale,Deux véhicules - côté,,,,,,,,,,,1,2,3,1.0,3
201300034722,0013-01-02 18:20:00,13,1,2,18,20,760,319,"01, MATHILDE. AVENUE DE",49.35599,1.00912,Nuit avec éclairage allumé,En agglomération,Intersection en X,Normale,Deux véhicules - côté,,,,,,,,,,,5,2,2,1.0,3
201300034723,0013-01-09 05:05:00,13,1,9,5,5,760,540,"84, RTE DE BONSECOURS",49.43422,1.10669,Nuit avec éclairage allumé,En agglomération,Hors intersection,Normale,Autre collision,,,,,,,,,,,5,2,1,1.0,6
201300034724,0013-01-09 20:10:00,13,1,9,20,10,760,540,QU JEAN MOULIN,49.43583,1.09056,Nuit avec éclairage allumé,En agglomération,Intersection en X,Normale,Autre collision,,,,,,,,,,,5,2,2,1.0,6
201300034725,0013-01-15 15:20:00,13,1,15,15,20,760,322,BD DE VERDUN,49.41429,1.04468,Plein jour,En agglomération,Giratoire,Normale,Autre collision,,,,,,,,,,,1,2,6,1.0,6
201300034726,0013-01-16 21:20:00,13,1,16,21,20,760,410,D 1043,49.47346,1.02582,Nuit sans éclairage public,Hors agglomération,Hors intersection,Normale,Deux véhicules - frontale,,,,,,,,,,,3,1,1,1.0,1
201300034727,0013-01-17 13:45:00,13,1,17,13,45,760,540,QU D ELBEUF,49.43122,1.09831,Plein jour,En agglomération,Hors intersection,Normale,Deux véhicules - côté,,,,,,,,,,,1,2,1,1.0,3
201300034728,0013-01-23 16:30:00,13,1,23,16,30,760,540,"23, BD GAMBETTA",49.43706,1.10285,Plein jour,En agglomération,Hors intersection,Normale,Deux véhicules - côté,,,,,,,,,,,1,2,1,1.0,3
201300034729,0013-01-23 07:25:00,13,1,23,7,25,760,319,AV DES POIRIERS,49.33966,1.02297,Nuit avec éclairage allumé,En agglomération,Hors intersection,Brouillard / fumée,Autre collision,,,,,,,,,,,5,2,1,5.0,6
201300034730,0013-02-02 02:00:00,13,2,2,2,0,760,498,Voie rapide SUD III,49.43299,1.06089,Nuit avec éclairage allumé,En agglomération,Hors intersection,Pluie légère,Autre collision,,,,,,,,,,,5,2,1,2.0,6
201300034731,0013-01-17 15:45:00,13,1,17,15,45,760,540,"25, R DE LA REPUBLIQUE",49.43907,1.0969,Plein jour,En agglomération,Intersection en X,Normale,Autre collision,,,,,,,,,,,1,2,2,1.0,6
201300034732,0013-01-25 18:20:00,13,1,25,18,20,760,497,"671, R ARISTIDE BRIAND",49.39265,1.02343,Nuit avec éclairage allumé,En agglomération,Hors intersection,Normale,Trois véhicules et plus - en chaîne,,,,,,,,,,,5,2,1,1.0,4
201300034733,0013-01-26 06:15:00,13,1,26,6,15,760,540,"140, RTE DE NEUFCHATEL",49.4545,1.10561,Nuit avec éclairage allumé,En agglomération,Hors intersection,Normale,Autre collision,,,,,,,,,,,5,2,1,1.0,6
201300034734,0013-01-27 02:30:00,13,1,27,2,30,760,540,"154, AV DU MONT RIBOUDET",49.44742,1.06859,Nuit avec éclairage allumé,En agglomération,Hors intersection,Autre,Deux véhicules - arrière,,,,,,,,,,,5,2,1,9.0,2
201300034735,0013-01-30 12:15:00,13,1,30,12,15,760,540,"21, R MALOUET",49.43149,1.08989,Plein jour,En agglomération,Hors intersection,Autre,Deux véhicules - côté,,,,,,,,,,,1,2,1,9.0,3
201300034736,0013-02-01 03:50:00,13,2,1,3,50,760,484,CD18 E,49.34612,1.07713,Nuit avec éclairage allumé,Hors agglomération,Giratoire,Autre,Sans collision,,,,,,,,,,,5,1,6,9.0,7
201300034737,0013-02-02 21:15:00,13,2,2,21,15,760,540,AV BERNARD BICHERAY,49.44965,1.05053,Nuit avec éclairage allumé,En agglomération,Intersection en T,Normale,Deux véhicules - côté,,,,,,,,,,,5,2,3,1.0,3
201300034738,0013-02-09 17:50:00,13,2,9,17,50,760,157,"2,AV DU PRESIDENT  ALLEN",49.45074,1.03464,Plein jour,En agglomération,Hors intersection,Autre,Autre collision,,,,,,,,,,,1,2,1,9.0,6
201300034739,0013-01-25 07:50:00,13,1,25,7,50,760,681,R DES  ABEILLES,49.40632,1.09014,Plein jour,En agglomération,Intersection à plus de 4 branches,Normale,Deux véhicules - côté,,,,,,,,,,,1,2,5,1.0,3
201300034740,0013-01-17 18:00:00,13,1,17,18,0,760,157,BD CLAUDE MONET,49.45218,1.03429,Nuit avec éclairage allumé,En agglomération,Intersection en T,Normale,Autre collision,,,,,,,,,,,5,2,3,1.0,6
201300034741,0013-01-28 06:00:00,13,1,28,6,0,760,410,"19, R DE LA REPUBLIQUE",49.47809,1.04281,Nuit avec éclairage allumé,En agglomération,Hors intersection,Pluie légère,Deux véhicules - côté,,,,,,,,,,,5,2,1,2.0,3
201300034742,0013-01-22 12:27:00,13,1,22,12,27,760,575,BD LENINE,49.38122,1.10992,Plein jour,Hors agglomération,Intersection en X,Pluie légère,Deux véhicules - côté,,,,,,,,,,,1,1,2,2.0,3
201300034743,0013-02-10 19:00:00,13,2,10,19,0,760,540,AV DE LA  LIBERATION,49.42831,1.07067,Nuit avec éclairage allumé,En agglomération,Intersection à plus de 4 branches,Pluie légère,Autre collision,,,,,,,,,,,5,2,5,2.0,6
201300034744,0013-02-01 14:50:00,13,2,1,14,50,760,540,"40, R DU GRAND PONT",49.43939,1.09271,Plein jour,En agglomération,Intersection en X,Normale,Sans collision,,,,,,,,,,,1,2,2,1.0,7
201300034745,0013-02-06 15:30:00,13,2,6,15,30,760,429,RTE DE  DARNETAL,49.41356,1.15198,Plein jour,En agglomération,Hors intersection,Normale,Deux véhicules - arrière,,,,,,,,,,,1,2,1,1.0,2
201300034746,0013-02-12 12:40:00,13,2,12,12,40,760,575,R ERNEST RENAN,49.39851,1.06977,Plein jour,En agglomération,Intersection en T,Normale,Autre collision,,,,,,,,,,,1,2,3,1.0,6
201300034747,0013-02-15 07:50:00,13,2,15,7,50,760,322,BD PIERRE BROSSOLETTE,49.41668,1.03743,Nuit avec éclairage allumé,En agglomération,Intersection en X,Pluie forte,Sans collision,,,,,,,,,,,5,2,2,3.0,7
201300034748,0013-02-20 15:45:00,13,2,20,15,45,760,540,R DE LA CROIX D YONVIL,49.45086,1.06631,Plein jour,En agglomération,Intersection en X,Normale,Deux véhicules - côté,,,,,,,,,,,1,2,2,1.0,3
201300034749,0013-01-16 12:50:00,13,1,16,12,50,760,451,R DU TRONQUET,49.46916,1.07691,Plein jour,En agglomération,Giratoire,Normale,Deux véhicules - côté,,,,,,,,,,,1,2,6,1.0,3
201300034750,0013-02-20 11:40:00,13,2,20,11,40,760,540,RN 28,49.43725,1.11056,Plein jour,Hors agglomération,Hors intersection,Normale,Deux véhicules - côté,,,,,,,,,,,1,1,1,1.0,3
201300034751,0013-02-28 20:30:00,13,2,28,20,30,760,540,"104, BD DES BELGES",49.44519,1.08607,Nuit avec éclairage allumé,En agglomération,Hors intersection,Autre,Autre collision,,,,,,,,,,,5,2,1,9.0,6
201300034752,0013-02-22 11:10:00,13,2,22,11,10,760,540,"118, R MARTAINVILLE",49.43926,1.10117,Plein jour,En agglomération,Hors intersection,Normale,Autre collision,,,,,,,,,,,1,2,1,1.0,6
201300034753,0013-03-01 16:30:00,13,3,1,16,30,760,498,"15, R JACQUARD",49.43076,1.05165,Plein jour,En agglomération,Hors intersection,Normale,Deux véhicules - frontale,,,,,,,,,,,1,2,1,1.0,1
201300034754,0013-02-04 16:50:00,13,2,4,16,50,760,540,AV BERNARD BICHERAY,49.45024,1.05302,Plein jour,En agglomération,Hors intersection,Normale,Deux véhicules - côté,,,,,,,,,,,1,2,1,1.0,3
201300034755,0013-02-28 11:30:00,13,2,28,11,30,760,319,,49.35309,1.02803,Plein jour,Hors agglomération,Hors intersection,Autre,Autre collision,,,,,,,,,,,1,1,1,9.0,6
201300034756,0013-02-28 18:30:00,13,2,28,18,30,760,319,AV DU GENERAL  LECLERC.,49.36652,1.01433,Crépuscule ou aube,En agglomération,Hors intersection,Normale,Deux véhicules - côté,,,,,,,,,,,2,2,1,1.0,3
201300034757,0013-03-16 06:40:00,13,3,16,6,40,760,540,"268, BD JEAN JAURES",49.45175,1.06001,Nuit avec éclairage allumé,En agglomération,Hors intersection,Normale,Deux véhicules - arrière,,,,,,,,,,,5,2,1,1.0,2
201300034758,0013-03-07 07:40:00,13,3,7,7,40,760,681,BD INDUSTRIEL,49.42286,1.10629,Plein jour,En agglomération,Intersection en T,Normale,Deux véhicules - côté,,,,,,,,,,,1,2,3,1.0,3
201300034759,0013-03-16 20:10:00,13,3,16,20,10,760,575,"69, AV AMBROISE CROIZAT",49.36972,1.10574,Nuit avec éclairage allumé,En agglomération,Hors intersection,Pluie légère,Deux véhicules - côté,,,,,,,,,,,5,2,1,2.0,3
201300034760,0013-03-31 18:15:00,13,3,31,18,15,760,540,"117, RTE DU HAVRE",49.45278,1.05659,Plein jour,En agglomération,Intersection en X,Normale,Deux véhicules - côté,,,,,,,,,,,1,2,2,1.0,3
201300034761,0013-03-29 15:45:00,13,3,29,15,45,760,484,AV DU GENERAL DE GAULLE,49.35282,1.09754,Plein jour,En agglomération,Intersection en T,Normale,Deux véhicules - côté,,,,,,,,,,,1,2,3,1.0,3
201300034762,0013-04-03 14:20:00,13,4,3,14,20,760,540,"117, RTE DU HAVRE",49.45277,1.05664,Plein jour,En agglomération,Intersection en X,Normale,Deux véhicules - arrière,,,,,,,,,,,1,2,2,1.0,2
201300034763,0013-03-31 12:45:00,13,3,31,12,45,760,498,Voie rapide SUD III,49.43454,1.06916,Plein jour,En agglomération,Hors intersection,Normale,Trois véhicules et plus - en chaîne,,,,,,,,,,,1,2,1,1.0,4
201300034764,0013-04-05 13:20:00,13,4,5,13,20,760,540,AV JEAN RONDEAUX,49.43879,1.08013,Plein jour,En agglomération,Intersection en X,Pluie légère,Autre collision,,,,,,,,,,,1,2,2,2.0,6
201300034765,0013-04-04 12:25:00,13,4,4,12,25,760,540,AV JACQUES CHASTELLAIN,49.43443,1.0989,Plein jour,En agglomération,Intersection en T,Normale,Deux véhicules - côté,,,,,,,,,,,1,2,3,1.0,3
201300034766,0013-04-02 12:55:00,13,4,2,12,55,760,322,R GAY LUSSAC,49.4174,1.04695,Plein jour,En agglomération,Intersection en X,Normale,Deux véhicules - côté,,,,,,,,,,,1,2,2,1.0,3
201300034767,0013-04-08 11:40:00,13,4,8,11,40,760,681,"67, R RASPAIL",49.4155,1.094,Plein jour,En agglomération,Hors intersection,Normale,Autre collision,,,,,,,,,,,1,2,1,1.0,6
201300034768,0013-02-05 09:15:00,13,2,5,9,15,760,540,AV BERNARD BICHERAY,49.44951,1.05,Plein jour,En agglomération,Intersection en T,Normale,Deux véhicules - côté,,,,,,,,,,,1,2,3,1.0,3
201300034769,0013-02-08 07:30:00,13,2,8,7,30,760,540,"2, BD DE LA MARNE",49.44735,1.09468,Crépuscule ou aube,En agglomération,Hors intersection,Pluie légère,Deux véhicules - côté,,,,,,,,,,,2,2,1,2.0,3
201300034770,0013-04-15 18:40:00,13,4,15,18,40,760,681,GR DE QUATRE-MARES,49.4049,1.10312,Plein jour,En agglomération,Intersection en X,Normale,Trois véhicules et plus - collisions multiples,,,,,,,,,,,1,2,2,1.0,5
201300034771,0013-04-16 19:45:00,13,4,16,19,45,760,540,QU JEAN MOULIN,49.43583,1.09056,Plein jour,En agglomération,Intersection en X,Normale,Autre collision,,,,,,,,,,,1,2,2,1.0,6
201300034772,0013-04-13 05:50:00,13,4,13,5,50,760,540,QU DE LA  BOURSE,49.43818,1.09135,Nuit avec éclairage allumé,En agglomération,Hors intersection,Normale,Autre collision,,,,,,,,,,,5,2,1,1.0,6
201300034773,0013-04-15 13:50:00,13,4,15,13,50,760,540,"110, R JEANNE D'ARC",49.44777,1.09392,Plein jour,En agglomération,Hors intersection,Normale,Deux véhicules - arrière,,,,,,,,,,,1,2,1,1.0,2
201300034774,0013-04-16 11:55:00,13,4,16,11,55,760,540,"79, RTE DE DARNETAL",49.44,1.12993,Plein jour,En agglomération,Intersection en T,Normale,Deux véhicules - côté,,,,,,,,,,,1,2,3,1.0,3
201300034775,0013-04-03 00:35:00,13,4,3,0,35,760,540,"01, BONSECOURS. ROUTE DE",49.43316,1.10764,Nuit avec éclairage allumé,En agglomération,Intersection en Y,Normale,Deux véhicules - côté,,,,,,,,,,,5,2,4,1.0,3
201300034776,0013-04-17 17:30:00,13,4,17,17,30,760,410,"47, RTE DE DIEPPE",49.47547,1.0482,Plein jour,En agglomération,Intersection en X,Normale,Deux véhicules - côté,,,,,,,,,,,1,2,2,1.0,3
201300034777,0013-02-08 11:35:00,13,2,8,11,35,760,540,"17, R FRANCOIS COUPERIN",49.44792,1.13873,Plein jour,En agglomération,Intersection en T,Pluie légère,Autre collision,,,,,,,,,,,1,2,3,2.0,6
201300034778,0013-04-19 16:40:00,13,4,19,16,40,760,540,R DU GENERAL GIRAUD,49.44029,1.08936,Plein jour,En agglomération,Intersection en X,Normale,Autre collision,,,,,,,,,,,1,2,2,1.0,6
201300034779,0013-04-28 06:40:00,13,4,28,6,40,760,540,AV ARISTIDE BRIAND,49.43469,1.10572,Crépuscule ou aube,En agglomération,Intersection en X,Normale,Deux véhicules - arrière,,,,,,,,,,,2,2,2,1.0,2
201300034780,0013-03-07 18:40:00,13,3,7,18,40,760,575,R ROMAIN ROLLAND,49.39745,1.06457,Plein jour,En agglomération,Intersection en X,Pluie légère,Deux véhicules - côté,,,,,,,,,,,1,2,2,2.0,3
201300034781,0013-04-29 12:35:00,13,4,29,12,35,760,681,"441, R DE PARIS",49.41287,1.09856,Plein jour,En agglomération,Intersection en X,Normale,Deux véhicules - côté,,,,,,,,,,,1,2,2,1.0,3
201300034782,0013-05-03 01:45:00,13,5,3,1,45,760,540,R GRAND PONT,49.43882,1.09228,Nuit avec éclairage allumé,En agglomération,Intersection en X,Normale,Autre collision,,,,,,,,,,,5,2,2,1.0,6
201300034783,0013-04-18 17:00:00,13,4,18,17,0,760,540,R JEAN TEXIER,49.46144,1.13118,Plein jour,En agglomération,Hors intersection,Normale,Autre collision,,,,,,,,,,,1,2,1,1.0,6
201300034784,0013-04-30 16:40:00,13,4,30,16,40,760,157,"30, AV DU PRESIDENT  ALL",49.44955,1.03521,Plein jour,En agglomération,Hors intersection,Normale,Autre collision,,,,,,,,,,,1,2,1,1.0,6
201300034785,0013-05-03 15:30:00,13,5,3,15,30,760,599,,49.42883,1.15524,Plein jour,En agglomération,Hors intersection,Autre,Autre collision,,,,,,,,,,,1,2,1,9.0,6
201300034786,0013-05-08 01:50:00,13,5,8,1,50,760,540,QU DE PARIS,49.43653,1.09989,Nuit avec éclairage allumé,En agglomération,Intersection en T,Normale,Deux véhicules - côté,,,,,,,,,,,5,2,3,1.0,3
201300034787,0013-05-02 19:40:00,13,5,2,19,40,760,540,"13, R HENRY II PLANTAGEN",49.42431,1.09752,Plein jour,En agglomération,Hors intersection,Normale,Autre collision,,,,,,,,,,,1,2,1,1.0,6
201300034788,0013-05-07 20:50:00,13,5,7,20,50,760,402,"21, RTE DE MONTVILLE",49.52838,1.04766,Plein jour,En agglomération,Intersection en T,Normale,Deux véhicules - côté,,,,,,,,,,,1,2,3,1.0,3
201300034789,0013-05-12 19:45:00,13,5,12,19,45,760,540,RTE DE LYONS LA FORET,49.43653,1.13385,Plein jour,En agglomération,Intersection en X,Pluie légère,Sans collision,,,,,,,,,,,1,2,2,2.0,7
201300034790,0013-05-15 18:10:00,13,5,15,18,10,760,575,BD LENINE,49.36842,1.11216,Plein jour,Hors agglomération,Intersection en X,Normale,Trois véhicules et plus - en chaîne,,,,,,,,,,,1,1,2,1.0,4
201300034791,0013-04-13 18:05:00,13,4,13,18,5,760,319,R VICTOR HUGO,49.35544,1.00807,Plein jour,En agglomération,Hors intersection,Normale,Autre collision,,,,,,,,,,,1,2,1,1.0,6
201300034792,0013-05-18 13:00:00,13,5,18,13,0,760,402,"205, RTE DE DIEPPE",49.5261,1.04249,Plein jour,En agglomération,Intersection en T,Temps couvert,Autre collision,,,,,,,,,,,1,2,3,8.0,6
201300034793,0013-05-15 17:55:00,13,5,15,17,55,760,540,QU DE PARIS,49.43672,1.09824,Plein jour,En agglomération,Hors intersection,Normale,Deux véhicules - côté,,,,,,,,,,,1,2,1,1.0,3
201300034794,0013-05-17 16:50:00,13,5,17,16,50,760,540,"9, R D ERNEMONT",49.44946,1.10138,Plein jour,En agglomération,Hors intersection,Normale,Autre collision,,,,,,,,,,,1,2,1,1.0,6
201300034795,0013-05-22 09:00:00,13,5,22,9,0,760,540,R DES ARSINS,49.44272,1.09667,Plein jour,En agglomération,Intersection en X,Normale,Sans collision,,,,,,,,,,,1,2,2,1.0,7
201300034796,0013-04-21 15:20:00,13,4,21,15,20,760,681,"15, R PIERRE CORNEILLE",49.4229,1.0905,Plein jour,En agglomération,Intersection en T,Normale,Autre collision,,,,,,,,,,,1,2,3,1.0,6
201300034797,0013-04-11 12:40:00,13,4,11,12,40,760,451,R ROBERT  LEHMANN,49.46979,1.07919,Plein jour,En agglomération,Hors intersection,Normale,Autre collision,,,,,,,,,,,1,2,1,1.0,6
201300034798,0013-05-25 06:08:00,13,5,25,6,8,760,540,QU DE PARIS,49.43712,1.09609,Plein jour,En agglomération,Intersection en X,Pluie légère,Deux véhicules - côté,,,,,,,,,,,1,2,2,2.0,3
201300034799,0013-05-26 20:30:00,13,5,26,20,30,760,474,"38, R FREDERIC CHOPIN",49.47794,1.05889,Plein jour,En agglomération,Hors intersection,Normale,Deux véhicules - côté,,,,,,,,,,,1,2,1,1.0,3
201300034800,0013-05-17 12:40:00,13,5,17,12,40,760,540,"22, R SAINT GERVAIS",49.44686,1.08546,Plein jour,En agglomération,Hors intersection,Normale,Autre collision,,,,,,,,,,,1,2,1,1.0,6
201300034801,0013-05-30 18:25:00,13,5,30,18,25,760,575,AV DE LA MARE AUX DAIMS,49.38697,1.07103,Plein jour,En agglomération,Hors intersection,Normale,Autre collision,,,,,,,,,,,1,2,1,1.0,6
201300034802,0013-06-03 19:30:00,13,6,3,19,30,760,540,"17, R JEANNE D ARC",49.44113,1.09005,Plein jour,En agglomération,Hors intersection,Normale,Trois véhicules et plus - en chaîne,,,,,,,,,,,1,2,1,1.0,4
201300034803,0013-06-04 19:15:00,13,6,4,19,15,760,103,R DES HAUTES HAIES,49.4228,1.13078,Plein jour,En agglomération,Intersection en X,Normale,Deux véhicules - côté,,,,,,,,,,,1,2,2,1.0,3
201300034804,0013-06-02 02:25:00,13,6,2,2,25,760,540,R BOUVREUIL,49.44712,1.09518,Nuit avec éclairage allumé,En agglomération,Intersection en X,Normale,Autre collision,,,,,,,,,,,5,2,2,1.0,6
201300034805,0013-06-05 20:25:00,13,6,5,20,25,760,484,AV DU GENERAL DE GAULLE,49.36301,1.104,Plein jour,En agglomération,Intersection en T,Normale,Deux véhicules - côté,,,,,,,,,,,1,2,3,1.0,3
201300034806,0013-06-05 20:10:00,13,6,5,20,10,760,681,BD INDUSTRIEL,49.41508,1.10711,Plein jour,En agglomération,Intersection en T,Normale,Autre collision,,,,,,,,,,,1,2,3,1.0,6
201300034807,0013-06-01 15:37:00,13,6,1,15,37,760,212,BD DE LA  PAIX.,49.43763,1.14387,Plein jour,En agglomération,Intersection en T,Normale,Deux véhicules - arrière,,,,,,,,,,,1,2,3,1.0,2
201300034808,0013-06-01 16:00:00,13,6,1,16,0,760,540,"136, AV DES CANADIENS",49.41786,1.0768,Plein jour,En agglomération,Intersection en T,Normale,Deux véhicules - arrière,,,,,,,,,,,1,2,3,1.0,2
201300034809,0013-06-05 14:10:00,13,6,5,14,10,760,322,BD PIERRE BROSSOLETTE,49.41661,1.03767,Plein jour,En agglomération,Intersection en X,Normale,Trois véhicules et plus - en chaîne,,,,,,,,,,,1,2,2,1.0,4
201300034810,0013-06-07 13:05:00,13,6,7,13,5,760,540,RTE DE LYONS LA FORET,49.4361,1.13529,Plein jour,Hors agglomération,Hors intersection,Normale,Trois véhicules et plus - en chaîne,,,,,,,,,,,1,1,1,1.0,4
201300034811,0013-06-08 14:30:00,13,6,8,14,30,760,575,CH DU  PETIT BOIS,49.38022,1.09839,Plein jour,En agglomération,Hors intersection,Normale,Autre collision,,,,,,,,,,,1,2,1,1.0,6
201300034812,0013-06-09 02:35:00,13,6,9,2,35,760,540,A 150,49.4503,1.0584,Nuit avec éclairage allumé,Hors agglomération,Hors intersection,Normale,Autre collision,,,,,,,,,,,5,1,1,1.0,6
201300034813,0013-06-10 01:15:00,13,6,10,1,15,760,681,"1, GAULLE. PLACE CHARLES",49.41103,1.09314,Nuit avec éclairage allumé,En agglomération,Intersection en X,Normale,Deux véhicules - côté,,,,,,,,,,,5,2,2,1.0,3
201300034814,0013-04-28 15:50:00,13,4,28,15,50,760,540,"01, GAMBETTA. BOULEVARD",49.43955,1.11063,Plein jour,En agglomération,Intersection en X,Normale,Deux véhicules - côté,,,,,,,,,,,1,2,2,1.0,3
201300034815,0013-04-07 09:00:00,13,4,7,9,0,760,451,"4, AV GALLIENI",49.45337,1.08837,Plein jour,En agglomération,Hors intersection,Normale,Autre collision,,,,,,,,,,,1,2,1,1.0,6
201300034816,0013-06-08 21:40:00,13,6,8,21,40,760,540,BD JEAN DE BETHENCOURT,49.43952,1.07628,Crépuscule ou aube,En agglomération,Intersection en Y,Normale,Deux véhicules - côté,,,,,,,,,,,2,2,4,1.0,3
201300034817,0013-06-14 14:20:00,13,6,14,14,20,760,474,R DE L ABBAYE,49.49878,1.04095,Plein jour,Hors agglomération,Hors intersection,Normale,Autre collision,,,,,,,,,,,1,1,1,1.0,6