accident_id,datetime,annee,mois,jour,heure,minute,departement,commune_insee,adresse,latitude,longitude,luminosite,agglomeration,intersection,meteo,collision,nb_vehicules,nb_usagers,nb_indemnes,nb_tues,nb_blesses_hosp,nb_blesses_legers,age_cond_1,age_cond_2,veh_type_cond_1,veh_type_cond_2,lum_code,agg_code,int_code,atm_code,col_code
201300034818,0013-06-15 02:00:00,13,6,15,2,0,760,157,,49.46365,1.03978,Nuit sans éclairage public,Hors agglomération,Hors intersection,Normale,Deux véhicules - arrière,,,,,,,,,,,3,1,1,1.0,2
201300034819,0013-06-16 16:15:00,13,6,16,16,15,760,497,,49.3939,1.03621,Plein jour,Hors agglomération,Hors intersection,Normale,Deux véhicules - côté,,,,,,,,,,,1,1,1,1.0,3
201300034820,0013-06-16 21:00:00,13,6,16,21,0,760,498,"15, R CLAUDINE GUERIN",49.42743,1.06378,Plein jour,En agglomération,Hors intersection,Normale,Autre collision,,,,,,,,,,,1,2,1,1.0,6
201300034821,0013-06-18 08:45:00,13,6,18,8,45,760,319,BD DU GRAND AULNAY,49.34519,0.979,Plein jour,En agglomération,Intersection en X,Pluie légère,Deux véhicules - côté,,,,,,,,,,,1,2,2,2.0,3
201300034822,0013-06-12 15:35:00,13,6,12,15,35,760,540,QU JEAN  MOULIN,49.43503,1.0934,Plein jour,En agglomération,Intersection en X,Normale,Deux véhicules - côté,,,,,,,,,,,1,2,2,1.0,3
201300034823,0013-06-06 17:15:00,13,6,6,17,15,760,575,"20, AV DE FELLING.",49.39493,1.06446,Plein jour,En agglomération,Hors intersection,Normale,Deux véhicules - côté,,,,,,,,,,,1,2,1,1.0,3
201300034824,0013-06-09 03:00:00,13,6,9,3,0,760,540,AV JEAN RONDEAUX,49.43879,1.08019,Nuit avec éclairage allumé,En agglomération,Intersection en X,Normale,Deux véhicules - côté,,,,,,,,,,,5,2,2,1.0,3
201300034825,0013-06-11 08:00:00,13,6,11,8,0,760,451,AV DU BOIS AUX DAMES,49.47477,1.07738,Plein jour,Hors agglomération,Hors intersection,Pluie légère,Deux véhicules - côté,,,,,,,,,,,1,1,1,2.0,3
201300034826,0013-06-07 16:50:00,13,6,7,16,50,760,410,,49.4692,1.0352,Plein jour,Hors agglomération,Hors intersection,Normale,Deux véhicules - arrière,,,,,,,,,,,1,1,1,1.0,2
201300034827,0013-06-20 17:15:00,13,6,20,17,15,760,540,RN 28,49.43881,1.11579,Plein jour,Hors agglomération,Hors intersection,Normale,Deux véhicules - arrière,,,,,,,,,,,1,1,1,1.0,2
201300034828,0013-06-24 15:20:00,13,6,24,15,20,760,498,"83 B, BD DU 11 NOVEMBRE",49.41666,1.07043,Plein jour,Hors agglomération,Intersection en X,Normale,Deux véhicules - côté,,,,,,,,,,,1,1,2,1.0,3
201300034829,0013-06-25 20:30:00,13,6,25,20,30,760,540,"55, AV GUSTAVE FLAUBERT",49.44491,1.08363,Plein jour,En agglomération,Intersection en X,Normale,Deux véhicules - côté,,,,,,,,,,,1,2,2,1.0,3
201300034830,0013-06-23 17:00:00,13,6,23,17,0,760,216,"47, R RENE COTY",49.46994,1.05363,Plein jour,En agglomération,Hors intersection,Normale,Autre collision,,,,,,,,,,,1,2,1,1.0,6
201300034831,0013-06-25 12:00:00,13,6,25,12,0,760,681,R D  EAUPLET,49.42029,1.10216,Plein jour,En agglomération,Hors intersection,Normale,Autre collision,,,,,,,,,,,1,2,1,1.0,6
201300034832,0013-06-29 23:15:00,13,6,29,23,15,760,540,"106, R LA FAYETTE",49.4315,1.08755,Nuit avec éclairage allumé,En agglomération,Hors intersection,Normale,Autre collision,,,,,,,,,,,5,2,1,1.0,6
201300034833,0013-07-02 15:10:00,13,7,2,15,10,760,540,"104, BD D ORLEANS",49.4367,1.08023,Plein jour,En agglomération,Hors intersection,Normale,Autre collision,,,,,,,,,,,1,2,1,1.0,6
201300034834,0013-06-01 20:45:00,13,6,1,20,45,760,575,"01, CARNOT. RUE LAZARE",49.37964,1.10767,Plein jour,En agglomération,Intersection en X,Normale,Deux véhicules - côté,,,,,,,,,,,1,2,2,1.0,3
201300034835,0013-06-14 19:05:00,13,6,14,19,5,760,322,"17, AV FRANKLIN ROOSEVEL",49.39891,1.05792,Plein jour,En agglomération,Hors intersection,Normale,Deux véhicules - côté,,,,,,,,,,,1,2,1,1.0,3
201300034836,0013-05-31 13:05:00,13,5,31,13,5,760,216,R JEAN RICHARD,49.46648,1.04623,Plein jour,En agglomération,Intersection en T,Normale,Deux véhicules - côté,,,,,,,,,,,1,2,3,1.0,3
201300034837,0013-05-13 07:40:00,13,5,13,7,40,760,319,"39, AV JEAN JAURES",49.35341,1.00208,Crépuscule ou aube,En agglomération,Intersection en T,Autre,Deux véhicules - côté,,,,,,,,,,,2,2,3,9.0,3
201300034838,0013-07-04 18:00:00,13,7,4,18,0,760,540,PONT GUSTAVE FLAUBERT,49.44355,1.06393,Plein jour,En agglomération,Hors intersection,Normale,Trois véhicules et plus - collisions multiples,,,,,,,,,,,1,2,1,1.0,5
201300034839,0013-07-05 10:00:00,13,7,5,10,0,760,410,D86,49.47307,1.0288,Plein jour,Hors agglomération,Intersection en Y,Normale,Deux véhicules - côté,,,,,,,,,,,1,1,4,1.0,3
201300034840,0013-07-09 10:20:00,13,7,9,10,20,760,216,"55, R LAVEISSIERE",49.46905,1.0444,Plein jour,En agglomération,Intersection en X,Normale,Autre collision,,,,,,,,,,,1,2,2,1.0,6
201300034841,0013-05-02 17:50:00,13,5,2,17,50,760,540,"81, PL JEAN BAPTISTE DE",49.4484,1.08359,Plein jour,En agglomération,Hors intersection,Normale,Autre collision,,,,,,,,,,,1,2,1,1.0,6
201300034842,0013-05-09 14:00:00,13,5,9,14,0,760,540,R DU MAIL,49.4312,1.08935,Plein jour,En agglomération,Intersection en X,Normale,Deux véhicules - arrière,,,,,,,,,,,1,2,2,1.0,2
201300034843,0013-07-13 16:45:00,13,7,13,16,45,760,322,AV DES  PROVINCES,49.41149,1.0529,Plein jour,En agglomération,Intersection en T,Normale,Deux véhicules - côté,,,,,,,,,,,1,2,3,1.0,3
201300034844,0013-07-16 14:50:00,13,7,16,14,50,760,451,R DU TRONQUET,49.47101,1.07645,Plein jour,En agglomération,Intersection en X,Normale,Deux véhicules - côté,,,,,,,,,,,1,2,2,1.0,3
201300034845,0013-07-18 17:55:00,13,7,18,17,55,760,540,"15, BD DE LA  MARNE",49.44704,1.09258,Plein jour,En agglomération,Intersection en X,Normale,Deux véhicules - côté,,,,,,,,,,,1,2,2,1.0,3
201300034846,0013-07-20 21:40:00,13,7,20,21,40,760,540,"13, R HENRY II PLANTAGEN",49.42429,1.09755,Plein jour,En agglomération,Hors intersection,Normale,Deux véhicules - côté,,,,,,,,,,,1,2,1,1.0,3
201300034847,0013-07-05 16:45:00,13,7,5,16,45,760,540,"35, RTE DE NEUFCHATEL",49.45087,1.0986,Plein jour,En agglomération,Hors intersection,Normale,Trois véhicules et plus - en chaîne,,,,,,,,,,,1,2,1,1.0,4
201300034848,0013-07-09 23:40:00,13,7,9,23,40,760,157,,49.44475,1.04174,Nuit sans éclairage public,Hors agglomération,Intersection en T,Normale,Sans collision,,,,,,,,,,,3,1,3,1.0,7
201300034849,0013-07-06 06:20:00,13,7,6,6,20,760,540,"53, QU DU  HAVRE",49.43978,1.08515,Nuit avec éclairage allumé,En agglomération,Hors intersection,Normale,Sans collision,,,,,,,,,,,5,2,1,1.0,7
201300034850,0013-07-09 22:50:00,13,7,9,22,50,760,681,"22, AV DES CANADIENS",49.41438,1.07431,Nuit avec éclairage non allumé,En agglomération,Intersection en T,Normale,Deux véhicules - côté,,,,,,,,,,,4,2,3,1.0,3
201300034851,0013-07-15 08:25:00,13,7,15,8,25,760,540,"12, RTE DE BONSECOURS",49.43017,1.11162,Plein jour,En agglomération,Hors intersection,Normale,Deux véhicules - côté,,,,,,,,,,,1,2,1,1.0,3
201300034852,0013-07-20 08:30:00,13,7,20,8,30,760,540,"24, QU GASTON BOULET",49.44183,1.08089,Plein jour,En agglomération,Intersection en T,Normale,Autre collision,,,,,,,,,,,1,2,3,1.0,6
201300034853,0013-07-24 19:08:00,13,7,24,19,8,760,498,RN 338,49.43448,1.06865,Plein jour,En agglomération,Hors intersection,Normale,Deux véhicules - arrière,,,,,,,,,,,1,2,1,1.0,2
201300034854,0013-06-13 09:15:00,13,6,13,9,15,760,451,BD ANDRE SIEGFRIED,49.45701,1.06586,Plein jour,En agglomération,Hors intersection,Normale,Autre collision,,,,,,,,,,,1,2,1,1.0,6
201300034855,0013-06-23 06:15:00,13,6,23,6,15,760,540,R NANSEN,49.45011,1.05841,Plein jour,En agglomération,Hors intersection,Pluie légère,Sans collision,,,,,,,,,,,1,2,1,2.0,7
201300034856,0013-08-02 07:10:00,13,8,2,7,10,760,212,R LOUIS PASTEUR,49.44239,1.147,Plein jour,En agglomération,Intersection en X,Normale,Deux véhicules - côté,,,,,,,,,,,1,2,2,1.0,3
201300034857,0013-08-03 16:05:00,13,8,3,16,5,760,322,,49.40925,1.03874,Plein jour,Hors agglomération,Hors intersection,Normale,Deux véhicules - arrière,,,,,,,,,,,1,1,1,1.0,2
201300034858,0013-08-02 13:45:00,13,8,2,13,45,760,575,BD LENINE,49.38118,1.10995,Plein jour,En agglomération,Intersection en X,Normale,Deux véhicules - frontale,,,,,,,,,,,1,2,2,1.0,1
201300034859,0013-08-10 17:10:00,13,8,10,17,10,760,575,R DES CATELIERS,49.39009,1.07411,Plein jour,En agglomération,Intersection en T,Normale,Deux véhicules - frontale,,,,,,,,,,,1,2,3,1.0,1
201300034860,0013-08-10 14:20:00,13,8,10,14,20,760,108,"1763, RTE DE NEUFCHATEL",49.45866,1.10864,Plein jour,En agglomération,Hors intersection,Normale,Trois véhicules et plus - collisions multiples,,,,,,,,,,,1,2,1,1.0,5
201300034861,0013-06-14 01:30:00,13,6,14,1,30,760,540,,49.43806,1.12899,Nuit avec éclairage allumé,Hors agglomération,Hors intersection,Normale,Autre collision,,,,,,,,,,,5,1,1,1.0,6
201300034862,0013-08-22 02:00:00,13,8,22,2,0,760,540,"21, QU DE FRANCE",49.43895,1.06155,Nuit avec éclairage allumé,En agglomération,Hors intersection,Normale,Sans collision,,,,,,,,,,,5,2,1,1.0,7
201300034863,0013-06-03 08:20:00,13,6,3,8,20,760,474,"342, RTE DE DIEPPE",49.49666,1.04854,Plein jour,En agglomération,Hors intersection,Normale,Deux véhicules - côté,,,,,,,,,,,1,2,1,1.0,3
201300034864,0013-08-12 12:50:00,13,8,12,12,50,760,402,"04, RTE DE MONTVILLE",49.52731,1.04362,Plein jour,En agglomération,Hors intersection,Normale,Sans collision,,,,,,,,,,,1,2,1,1.0,7
201300034865,0013-08-14 18:20:00,13,8,14,18,20,760,498,BD CHARLES DE  GAULLE,49.41946,1.06027,Plein jour,En agglomération,Intersection en X,Normale,Trois véhicules et plus - en chaîne,,,,,,,,,,,1,2,2,1.0,4
201300034866,0013-08-23 18:50:00,13,8,23,18,50,760,540,"52, R GALILEE",49.45743,1.13868,Plein jour,En agglomération,Hors intersection,Normale,Deux véhicules - côté,,,,,,,,,,,1,2,1,1.0,3
201300034867,0013-07-26 19:40:00,13,7,26,19,40,760,681,"16, R DES TISSERANDS",49.4096,1.09538,Plein jour,En agglomération,Hors intersection,Normale,Deux véhicules - frontale,,,,,,,,,,,1,2,1,1.0,1
201300034868,0013-09-03 18:07:00,13,9,3,18,7,760,540,"33, R GIUSEPPE VERDI",49.44994,1.13767,Plein jour,En agglomération,Hors intersection,Normale,Autre collision,,,,,,,,,,,1,2,1,1.0,6
201300034869,0013-08-17 19:30:00,13,8,17,19,30,760,540,RN 28,49.45916,1.14369,Plein jour,Hors agglomération,Hors intersection,Normale,Autre collision,,,,,,,,,,,1,1,1,1.0,6
201300034870,0013-08-23 19:48:00,13,8,23,19,48,760,540,R DE LA CROIX D'YONVILLE,49.45086,1.06635,Plein jour,En agglomération,Intersection en X,Normale,Deux véhicules - côté,,,,,,,,,,,1,2,2,1.0,3
201300034871,0013-08-30 10:30:00,13,8,30,10,30,760,540,"16, R DU CONTRAT SOCIAL",49.44423,1.08302,Plein jour,En agglomération,Intersection en X,Normale,Deux véhicules - côté,,,,,,,,,,,1,2,2,1.0,3
201300034872,0013-08-31 18:40:00,13,8,31,18,40,760,212,"90, RTE DE GOURNAY",49.44264,1.16252,Plein jour,En agglomération,Hors intersection,Normale,Autre collision,,,,,,,,,,,1,2,1,1.0,6
201300034873,0013-09-06 11:45:00,13,9,6,11,45,760,540,A 150,49.45303,1.05443,Plein jour,Hors agglomération,Hors intersection,Normale,Deux véhicules - côté,,,,,,,,,,,1,1,1,1.0,3
201300034874,0013-09-10 18:30:00,13,9,10,18,30,760,681,"369, R VICTOR HUGO",49.40859,1.09794,Plein jour,En agglomération,Intersection en T,Normale,Autre collision,,,,,,,,,,,1,2,3,1.0,6
201300034875,0013-08-07 21:10:00,13,8,7,21,10,760,322,"78,R ALFRED DE  MUSSET",49.40783,1.06079,Plein jour,En agglomération,Intersection en X,Normale,Autre collision,,,,,,,,,,,1,2,2,1.0,6
201300034876,0013-09-11 17:35:00,13,9,11,17,35,760,575,R DU VELAY,49.3719,1.09796,Plein jour,En agglomération,Hors intersection,Normale,Deux véhicules - côté,,,,,,,,,,,1,2,1,1.0,3
201300034877,0013-09-13 04:00:00,13,9,13,4,0,760,540,PONT PIERRE  CORNEILLE,49.43611,1.09575,Nuit avec éclairage allumé,En agglomération,Hors intersection,Normale,Autre collision,,,,,,,,,,,5,2,1,1.0,6
201300034878,0013-09-13 17:25:00,13,9,13,17,25,760,540,"30, CRS CLEMENCEAU",49.43473,1.08818,Plein jour,En agglomération,Hors intersection,Normale,Deux véhicules - côté,,,,,,,,,,,1,2,1,1.0,3
201300034879,0013-08-13 13:20:00,13,8,13,13,20,760,681,R LEON SALVA,49.41065,1.07886,Plein jour,En agglomération,Intersection en X,Normale,Deux véhicules - côté,,,,,,,,,,,1,2,2,1.0,3
201300034880,0013-08-30 14:10:00,13,8,30,14,10,760,540,RN 28,49.43723,1.11039,Plein jour,En agglomération,Intersection en Y,Normale,Deux véhicules - côté,,,,,,,,,,,1,2,4,1.0,3
201300034881,0013-09-13 11:00:00,13,9,13,11,0,760,540,"53, AV DE BRETAGNE",49.43321,1.08529,Plein jour,En agglomération,Intersection en X,Pluie légère,Autre collision,,,,,,,,,,,1,2,2,2.0,6
201300034882,0013-09-17 16:45:00,13,9,17,16,45,760,498,PL DES  CHARTREUX,49.42389,1.0673,Plein jour,En agglomération,Intersection en X,Pluie légère,Deux véhicules - côté,,,,,,,,,,,1,2,2,2.0,3
201300034883,0013-09-19 08:35:00,13,9,19,8,35,760,402,"259, RTE DE DIEPPE",49.52766,1.04234,Plein jour,En agglomération,Intersection en T,Normale,Deux véhicules - côté,,,,,,,,,,,1,2,3,1.0,3
201300034884,0013-09-19 21:25:00,13,9,19,21,25,760,498,AV DE LA LIBERATION,49.42391,1.06734,Nuit avec éclairage allumé,En agglomération,Intersection en X,Pluie légère,Deux véhicules - côté,,,,,,,,,,,5,2,2,2.0,3
201300034885,0013-08-31 19:35:00,13,8,31,19,35,760,410,"2, AV DU VAL AUX DAMES",49.47343,1.03491,Plein jour,En agglomération,Hors intersection,Normale,Deux véhicules - frontale,,,,,,,,,,,1,2,1,1.0,1
201300034886,0013-09-29 01:40:00,13,9,29,1,40,760,157,,49.46088,1.04242,Nuit sans éclairage public,Hors agglomération,Hors intersection,Normale,Trois véhicules et plus - collisions multiples,,,,,,,,,,,3,1,1,1.0,5
201300034887,0013-09-30 07:30:00,13,9,30,7,30,760,108,"2555, RTE DE  NEUFCHATEL",49.46459,1.11451,Crépuscule ou aube,En agglomération,Intersection en T,Pluie légère,Deux véhicules - côté,,,,,,,,,,,2,2,3,2.0,3
201300034888,0013-09-25 15:30:00,13,9,25,15,30,760,540,"50, CAVELIER DE LA SALLE",49.43781,1.08381,Plein jour,En agglomération,Hors intersection,Normale,Deux véhicules - côté,,,,,,,,,,,1,2,1,1.0,3
201300034889,0013-10-03 09:10:00,13,10,3,9,10,760,497,BD MARITIME,49.38387,1.01585,Plein jour,En agglomération,Intersection en T,Normale,Deux véhicules - côté,,,,,,,,,,,1,2,3,1.0,3
201300034890,0013-10-06 14:00:00,13,10,6,14,0,760,484,,49.35804,1.03553,Plein jour,Hors agglomération,Hors intersection,Normale,Autre collision,,,,,,,,,,,1,1,1,1.0,6
201300034891,0013-10-04 16:00:00,13,10,4,16,0,760,322,BD PIERRE BROSSOLETTE,49.41865,1.03157,Plein jour,En agglomération,Intersection en X,Normale,Trois véhicules et plus - collisions multiples,,,,,,,,,,,1,2,2,1.0,5
201300034892,0013-10-05 17:00:00,13,10,5,17,0,760,474,"1169, R DESLONGS VALLONS",49.48586,1.06172,Plein jour,En agglomération,Hors intersection,Normale,Autre collision,,,,,,,,,,,1,2,1,1.0,6
201300034893,0013-10-04 12:00:00,13,10,4,12,0,760,540,"106, R LA FAYETTE",49.4315,1.08754,Plein jour,En agglomération,Hors intersection,Autre,Deux véhicules - côté,,,,,,,,,,,1,2,1,9.0,3
201300034894,0013-10-09 19:30:00,13,10,9,19,30,760,540,"57, R  D AMIENS",49.44068,1.10097,Nuit avec éclairage allumé,En agglomération,Intersection en T,Normale,Sans collision,,,,,,,,,,,5,2,3,1.0,7
201300034895,0013-10-14 21:30:00,13,10,14,21,30,760,540,AV DE  BRETAGNE,49.43102,1.08043,Nuit avec éclairage allumé,En agglomération,Hors intersection,Pluie légère,Autre collision,,,,,,,,,,,5,2,1,2.0,6
201300034896,0013-10-14 17:00:00,13,10,14,17,0,760,540,"56, R DE LA REPUBLIQUE",49.44009,1.09737,Plein jour,En agglomération,Intersection en X,Pluie légère,Autre collision,,,,,,,,,,,1,2,2,2.0,6
201300034897,0013-10-05 13:00:00,13,10,5,13,0,760,540,QU JACQUES ANQUETIL,49.43337,1.09546,Plein jour,En agglomération,Hors intersection,Normale,Deux véhicules - côté,,,,,,,,,,,1,2,1,1.0,3
201300034898,0013-10-16 08:00:00,13,10,16,8,0,760,497,"356, R PIERRE CORNEILLE",49.39071,1.02169,Plein jour,En agglomération,Intersection en X,Pluie légère,Deux véhicules - côté,,,,,,,,,,,1,2,2,2.0,3
201300034899,0013-10-17 21:15:00,13,10,17,21,15,760,540,"120, R JEANNE D'ARC",49.44809,1.09411,Nuit avec éclairage allumé,En agglomération,Hors intersection,Normale,Autre collision,,,,,,,,,,,5,2,1,1.0,6
201300034900,0013-10-19 11:40:00,13,10,19,11,40,760,484,,49.3433,1.06905,Plein jour,Hors agglomération,Hors intersection,Pluie légère,Deux véhicules - côté,,,,,,,,,,,1,1,1,2.0,3
201300034901,0013-10-18 19:45:00,13,10,18,19,45,760,319,"108, R PASTEUR",49.359,1.00722,Nuit avec éclairage allumé,En agglomération,Intersection en X,Pluie légère,Deux véhicules - côté,,,,,,,,,,,5,2,2,2.0,3
201300034902,0013-10-21 12:40:00,13,10,21,12,40,760,498,BD STANISLAS GIRARDIN,49.41458,1.06223,Plein jour,En agglomération,Hors intersection,Normale,Deux véhicules - côté,,,,,,,,,,,1,2,1,1.0,3
201300034903,0013-10-24 09:45:00,13,10,24,9,45,760,319,"56, AV DU GENERALLECLERC",49.36234,1.01262,Plein jour,En agglomération,Hors intersection,Normale,Deux véhicules - côté,,,,,,,,,,,1,2,1,1.0,3
201300034904,0013-11-01 01:15:00,13,11,1,1,15,760,540,,49.43783,1.11333,Nuit sans éclairage public,En agglomération,Hors intersection,Normale,Deux véhicules - frontale,,,,,,,,,,,3,2,1,1.0,1
201300034905,0013-10-30 12:45:00,13,10,30,12,45,760,575,"101, R DU MADRILLET",49.39751,1.07405,Plein jour,En agglomération,Intersection en T,Normale,Deux véhicules - côté,,,,,,,,,,,1,2,3,1.0,3
201300034906,0013-10-29 08:45:00,13,10,29,8,45,760,410,"96, R DES MARTYRS DE LA",49.48245,1.04434,Plein jour,En agglomération,Hors intersection,Normale,Autre collision,,,,,,,,,,,1,2,1,1.0,6
201300034907,0013-11-12 15:25:00,13,11,12,15,25,760,157,COTE DE CANTELEU,49.44438,1.04095,Plein jour,Hors agglomération,Intersection en T,Pluie légère,Deux véhicules - côté,,,,,,,,,,,1,1,3,2.0,3
201300034908,0013-10-15 07:40:00,13,10,15,7,40,760,498,R ROUGET DE LISLE,49.42486,1.04954,Nuit sans éclairage public,En agglomération,Intersection en T,Autre,Deux véhicules - frontale,,,,,,,,,,,3,2,3,9.0,1
201300034909,0013-11-07 18:50:00,13,11,7,18,50,760,540,"43D, BD DE VERDUN",49.44534,1.10934,Nuit avec éclairage allumé,En agglomération,Hors intersection,Pluie légère,Deux véhicules - côté,,,,,,,,,,,5,2,1,2.0,3
201300034910,0013-11-08 18:15:00,13,11,8,18,15,760,540,"129, BD DE L YSER",49.44838,1.09946,Nuit avec éclairage allumé,En agglomération,Intersection à plus de 4 branches,Pluie légère,Trois véhicules et plus - collisions multiples,,,,,,,,,,,5,2,5,2.0,5
201300034911,0013-11-07 20:55:00,13,11,7,20,55,760,540,QU JEAN DE BETHENCOURT,49.43949,1.07861,Nuit avec éclairage allumé,En agglomération,Hors intersection,Pluie légère,Deux véhicules - arrière,,,,,,,,,,,5,2,1,2.0,2
201300034912,0013-11-08 14:30:00,13,11,8,14,30,760,575,AV DU VAL L ABBE,49.3825,1.10007,Plein jour,En agglomération,Hors intersection,Pluie légère,Deux véhicules - arrière,,,,,,,,,,,1,2,1,2.0,2
201300034913,0013-11-06 13:00:00,13,11,6,13,0,760,540,"45 Bis, R JEANNE D'ARC",49.44319,1.09124,Plein jour,En agglomération,Hors intersection,Normale,Autre collision,,,,,,,,,,,1,2,1,1.0,6
201300034914,0013-11-14 20:15:00,13,11,14,20,15,760,575,R DU  VAL L ABBE,49.3849,1.09964,Nuit avec éclairage allumé,En agglomération,Hors intersection,Pluie légère,Autre collision,,,,,,,,,,,5,2,1,2.0,6
201300034915,0013-11-17 06:15:00,13,11,17,6,15,760,540,"169, BD DE L EUROPE",49.43292,1.07845,Nuit avec éclairage allumé,En agglomération,Hors intersection,Normale,Autre collision,,,,,,,,,,,5,2,1,1.0,6
201300034916,0013-11-15 20:00:00,13,11,15,20,0,760,474,"11, RTE D HOUPPEVILLE",49.49075,1.05112,Nuit avec éclairage allumé,En agglomération,Hors intersection,Normale,Deux véhicules - frontale,,,,,,,,,,,5,2,1,1.0,1
201300034917,0013-10-15 20:22:00,13,10,15,20,22,760,451,CENTRE CIAL VATINE,49.47119,1.09488,Nuit avec éclairage allumé,En agglomération,Hors intersection,Pluie légère,Autre collision,,,,,,,,,,,5,2,1,2.0,6
201300034918,0013-10-31 21:20:00,13,10,31,21,20,760,402,"125, RTE DE DIEPPE",49.52202,1.03991,Nuit avec éclairage allumé,En agglomération,Hors intersection,Normale,Deux véhicules - côté,,,,,,,,,,,5,2,1,1.0,3
201300034919,0013-11-20 17:30:00,13,11,20,17,30,760,681,AV DE LA LIBERATION,49.41392,1.08429,Nuit avec éclairage allumé,En agglomération,Intersection en X,Pluie forte,Autre collision,,,,,,,,,,,5,2,2,3.0,6
201300034920,0013-11-19 12:10:00,13,11,19,12,10,760,108,"1171, RTE DE NEUFCHATEL",49.45399,1.10496,Plein jour,En agglomération,Intersection en Y,Normale,Deux véhicules - côté,,,,,,,,,,,1,2,4,1.0,3
201300034921,0013-11-12 18:30:00,13,11,12,18,30,760,451,R DU TRONQUET,49.46818,1.07534,Nuit avec éclairage allumé,En agglomération,Hors intersection,Pluie forte,Autre collision,,,,,,,,,,,5,2,1,3.0,6
201300034922,0013-11-18 18:50:00,13,11,18,18,50,760,681,"07bis, AV DES CANADIENS",49.41863,1.07741,Nuit avec éclairage allumé,En agglomération,Intersection en T,Normale,Deux véhicules - côté,,,,,,,,,,,5,2,3,1.0,3
201300034923,0013-11-25 21:30:00,13,11,25,21,30,760,498,,49.433,1.0603,Nuit avec éclairage allumé,En agglomération,Intersection en X,Pluie légère,Deux véhicules - côté,,,,,,,,,,,5,2,2,2.0,3
201300034924,0013-11-07 17:40:00,13,11,7,17,40,760,540,"24, BD D ORLEANS",49.43573,1.08514,Nuit avec éclairage allumé,En agglomération,Hors intersection,Pluie légère,Autre collision,,,,,,,,,,,5,2,1,2.0,6
201300034925,0013-11-16 16:30:00,13,11,16,16,30,760,212,"75, R DE PREAUX",49.45333,1.15859,Plein jour,En agglomération,Hors intersection,Normale,Deux véhicules - arrière,,,,,,,,,,,1,2,1,1.0,2
201300034926,0013-11-25 17:40:00,13,11,25,17,40,760,319,"1, AV DE LA REINE MATHIL",49.35695,1.00797,Nuit avec éclairage allumé,En agglomération,Intersection en T,Pluie légère,Autre collision,,,,,,,,,,,5,2,3,2.0,6
201300034927,0013-11-22 08:50:00,13,11,22,8,50,760,540,"53, AV DE BRETAGNE",49.43323,1.08531,Plein jour,En agglomération,Intersection en X,Normale,Deux véhicules - côté,,,,,,,,,,,1,2,2,1.0,3
201300034928,0013-11-20 17:30:00,13,11,20,17,30,760,429,"74, RTE DE PARIS",49.41068,1.14122,Nuit avec éclairage allumé,En agglomération,Hors intersection,Pluie forte,Autre collision,,,,,,,,,,,5,2,1,3.0,6
201300034929,0013-11-21 07:50:00,13,11,21,7,50,760,216,"44, R DE LA REPUBLIQUE",49.47172,1.04288,Nuit avec éclairage allumé,En agglomération,Hors intersection,Autre,Autre collision,,,,,,,,,,,5,2,1,9.0,6
201300034930,0013-11-22 19:00:00,13,11,22,19,0,760,319,,49.34038,1.01434,Nuit sans éclairage public,Hors agglomération,Giratoire,Normale,Deux véhicules - frontale,,,,,,,,,,,3,1,6,1.0,1
201300034931,0013-11-29 22:10:00,13,11,29,22,10,760,474,"334, RTE DE DIEPPE",49.49631,1.04858,Nuit avec éclairage allumé,En agglomération,Hors intersection,Pluie légère,Autre collision,,,,,,,,,,,5,2,1,2.0,6
201300034932,0013-12-01 05:20:00,13,12,1,5,20,760,540,"66, RTE DE BONSECOURS",49.43315,1.10767,Nuit avec éclairage allumé,En agglomération,Intersection en Y,Normale,Deux véhicules - frontale,,,,,,,,,,,5,2,4,1.0,1
201300034933,0013-11-28 17:45:00,13,11,28,17,45,760,216,"1, GAILLARD. RUE GUSTAVE",49.47621,1.04884,Nuit avec éclairage allumé,En agglomération,Hors intersection,Pluie légère,Deux véhicules - arrière,,,,,,,,,,,5,2,1,2.0,2
201300034934,0013-12-02 08:20:00,13,12,2,8,20,760,366,"110, R DU GENERAL DE GAU",49.50766,1.03992,Plein jour,En agglomération,Hors intersection,Normale,Autre collision,,,,,,,,,,,1,2,1,1.0,6
201300034935,0013-11-28 11:25:00,13,11,28,11,25,760,540,R RACINE,49.4419,1.08609,Plein jour,En agglomération,Intersection en X,Normale,Autre collision,,,,,,,,,,,1,2,2,1.0,6
201300034936,0013-12-05 09:55:00,13,12,5,9,55,760,366,"1, R DE LA REPUBLIQUE",49.50847,1.03921,Plein jour,En agglomération,Intersection en X,Normale,Autre collision,,,,,,,,,,,1,2,2,1.0,6
201300034937,0013-11-30 17:05:00,13,11,30,17,5,760,540,"36, R JEANNE D ARC",49.44087,1.08987,Crépuscule ou aube,En agglomération,Intersection en X,Normale,Autre collision,,,,,,,,,,,2,2,2,1.0,6
201300034938,0013-11-27 21:05:00,13,11,27,21,5,760,540,BD GAMBETTA,49.43799,1.10581,Nuit avec éclairage allumé,En agglomération,Intersection en T,Normale,Deux véhicules - côté,,,,,,,,,,,5,2,3,1.0,3