accident_id,datetime,annee,mois,jour,heure,minute,departement,commune_insee,adresse,latitude,longitude,luminosite,agglomeration,intersection,meteo,collision,nb_vehicules,nb_usagers,nb_indemnes,nb_tues,nb_blesses_hosp,nb_blesses_legers,age_cond_1,age_cond_2,veh_type_cond_1,veh_type_cond_2,lum_code,agg_code,int_code,atm_code,col_code
201300035576,0013-06-14 17:25:00,13,6,14,17,25,780,498,"1, CASTILLE AV BLANCHE D",,,Plein jour,En agglomération,Intersection en X,Normale,Sans collision,,,,,,,,,,,1,2,2,1.0,7
201300035577,0013-06-11 14:50:00,13,6,11,14,50,780,498,"74, LEFEBVRE AV FERNAND",,,Plein jour,En agglomération,Hors intersection,Normale,Autre collision,,,,,,,,,,,1,2,1,1.0,6
201300035578,0013-07-06 01:30:00,13,7,6,1,30,780,624,DOUMER RUE PAUL,,,Nuit avec éclairage allumé,En agglomération,Hors intersection,Normale,Sans collision,,,,,,,,,,,5,2,1,1.0,7
201300035579,0013-07-10 19:20:00,13,7,10,19,20,780,498,"1, VILLIERS RUE DE",,,Plein jour,En agglomération,Intersection en X,Normale,Deux véhicules - arrière,,,,,,,,,,,1,2,2,1.0,2
201300035580,0013-08-02 16:00:00,13,8,2,16,0,780,498,"1, MEISSONIER AV",,,Plein jour,En agglomération,Intersection en T,Normale,Deux véhicules - côté,,,,,,,,,,,1,2,3,1.0,3
201300035581,0013-08-06 10:10:00,13,8,6,10,10,780,672,VERNOUILLET ROUTE DE (CD,,,Plein jour,En agglomération,Intersection en X,Normale,Deux véhicules - arrière,,,,,,,,,,,1,2,2,1.0,2
201300035582,0013-09-04 19:15:00,13,9,4,19,15,780,672,GALLIENI RUE,,,Plein jour,En agglomération,Intersection en Y,Normale,Sans collision,,,,,,,,,,,1,2,4,1.0,7
201300035583,0013-09-17 08:50:00,13,9,17,8,50,780,498,QUARANTE SOUS ROUTE DE,,,Plein jour,Hors agglomération,Hors intersection,Normale,Autre collision,,,,,,,,,,,1,1,1,1.0,6
201300035584,0013-09-28 11:55:00,13,9,28,11,55,780,643,"1, GROSSE PIERRE RUE DE",,,Plein jour,En agglomération,Intersection en T,Normale,Deux véhicules - côté,,,,,,,,,,,1,2,3,1.0,3
201300035585,0013-09-29 18:30:00,13,9,29,18,30,780,498,SAINT SEBASTIEN RUE,,,Plein jour,En agglomération,Hors intersection,Pluie légère,Deux véhicules - arrière,,,,,,,,,,,1,2,1,2.0,2
201300035586,0013-09-18 08:35:00,13,9,18,8,35,780,642,"11, MALRAUX BD ANDRE",,,Plein jour,En agglomération,Hors intersection,Normale,Deux véhicules - côté,,,,,,,,,,,1,2,1,1.0,3
201300035587,0013-10-15 12:50:00,13,10,15,12,50,780,123,"212, PELLETIER BD",,,Plein jour,En agglomération,Intersection en X,Normale,Deux véhicules - côté,,,,,,,,,,,1,2,2,1.0,3
201300035588,0013-10-11 19:35:00,13,10,11,19,35,780,643,EUROPE ROND POINT DE L',,,Crépuscule ou aube,En agglomération,Giratoire,Normale,Deux véhicules - côté,,,,,,,,,,,2,2,6,1.0,3
201300035589,0013-11-20 12:40:00,13,11,20,12,40,780,643,"37, CHAPET ROUTE DE",,,Plein jour,Hors agglomération,Hors intersection,Normale,Autre collision,,,,,,,,,,,1,1,1,1.0,6
201300035590,0013-11-26 09:10:00,13,11,26,9,10,780,498,SAINT SEBASTIEN RUE,,,Plein jour,En agglomération,Hors intersection,Normale,Autre collision,,,,,,,,,,,1,2,1,1.0,6
201300035591,0013-12-12 18:50:00,13,12,12,18,50,780,672,CD 154,,,Nuit sans éclairage public,Hors agglomération,Intersection en X,Normale,Sans collision,,,,,,,,,,,3,1,2,1.0,7
201300035592,0013-12-28 12:20:00,13,12,28,12,20,780,642,"63, MALRAUX BD ANDRE",,,Plein jour,En agglomération,Hors intersection,Normale,Deux véhicules - côté,,,,,,,,,,,1,2,1,1.0,3
201300035593,0013-12-26 10:50:00,13,12,26,10,50,780,498,2 EIFFEL RUE GUSTAVE,,,Plein jour,Hors agglomération,Hors intersection,Normale,Autre collision,,,,,,,,,,,1,1,1,1.0,6
201300035594,0013-12-30 20:35:00,13,12,30,20,35,780,498,DEVAUX BD,,,Plein jour,En agglomération,Hors intersection,Normale,Autre collision,,,,,,,,,,,1,2,1,1.0,6
201300035595,0013-12-19 11:45:00,13,12,19,11,45,780,498,CASTILLE AV BLANCHE DE,,,Plein jour,En agglomération,Intersection en X,Pluie légère,Deux véhicules - côté,,,,,,,,,,,1,2,2,2.0,3
201300035596,0013-01-24 08:50:00,13,1,24,8,50,780,498,R DE LA TOURNELLE/ABBAYE,48.92848,2.03813,Plein jour,En agglomération,Intersection en Y,Normale,Deux véhicules - frontale,,,,,,,,,,,1,2,4,1.0,1
201300035597,0013-01-25 14:28:00,13,1,25,14,28,780,672,191 AV D'ACQUEVILLE,48.92797,2.00229,Plein jour,Hors agglomération,Hors intersection,Normale,Autre collision,,,,,,,,,,,1,1,1,1.0,6
201300035598,0013-02-03 02:10:00,13,2,3,2,10,780,624,SENET RUE EUGENE,,,Nuit avec éclairage allumé,Hors agglomération,Intersection en T,Normale,Deux véhicules - côté,,,,,,,,,,,5,1,3,1.0,3
201300035599,0013-02-05 18:30:00,13,2,5,18,30,780,123,CC ST LOUIS,48.94734,2.02516,Plein jour,En agglomération,Hors intersection,Normale,Autre collision,,,,,,,,,,,1,2,1,1.0,6
201300035600,0013-02-15 23:25:00,13,2,15,23,25,780,672,"1, R DE LA CROIX",,,Nuit sans éclairage public,En agglomération,Intersection en Y,Normale,Sans collision,,,,,,,,,,,3,2,4,1.0,7
201300035601,0013-03-09 18:15:00,13,3,9,18,15,780,498,AV LEFEBVRE/EISENHOWER,48.9241,2.05355,Plein jour,En agglomération,Intersection en Y,Normale,Deux véhicules - arrière,,,,,,,,,,,1,2,4,1.0,2
201300035602,0013-04-01 12:30:00,13,4,1,12,30,780,498,"10, CHAMP GAILLARD RUE D",,,Plein jour,En agglomération,Hors intersection,Normale,Autre collision,,,,,,,,,,,1,2,1,1.0,6
201300035603,0013-04-24 17:00:00,13,4,24,17,0,780,624,POISSY AVENUE DE,,,Plein jour,Hors agglomération,Hors intersection,Normale,Sans collision,,,,,,,,,,,1,1,1,1.0,7
201300035604,0013-05-01 19:35:00,13,5,1,19,35,780,498,BEAUREGARD RUE DE,,,Plein jour,En agglomération,Hors intersection,Pluie légère,Deux véhicules - frontale,,,,,,,,,,,1,2,1,2.0,1
201300035605,0013-05-05 05:10:00,13,5,5,5,10,780,498,BIDONNIERE RUE DE LA,,,Nuit avec éclairage allumé,En agglomération,Hors intersection,Normale,Deux véhicules - arrière,,,,,,,,,,,5,2,1,1.0,2
201300035606,0013-05-26 18:45:00,13,5,26,18,45,780,643,RD1,,,Plein jour,Hors agglomération,Hors intersection,Normale,Deux véhicules - arrière,,,,,,,,,,,1,1,1,1.0,2
201300035607,0013-05-22 23:50:00,13,5,22,23,50,780,624,"1, RD1",,,Nuit avec éclairage allumé,En agglomération,Hors intersection,Normale,Sans collision,,,,,,,,,,,5,2,1,1.0,7
201300035608,0013-06-02 18:45:00,13,6,2,18,45,780,624,RD1,,,Plein jour,Hors agglomération,Hors intersection,Normale,Autre collision,,,,,,,,,,,1,1,1,1.0,6
201300035609,0013-06-15 21:30:00,13,6,15,21,30,780,384,"1, BOIS DE MEDAN (ROUTE",,,Crépuscule ou aube,Hors agglomération,Hors intersection,Normale,Autre collision,,,,,,,,,,,2,1,1,1.0,6
201300035610,0013-06-16 04:50:00,13,6,16,4,50,780,123,AV EUROPE,,,Nuit avec éclairage allumé,En agglomération,Intersection en X,Normale,Trois véhicules et plus - collisions multiples,,,,,,,,,,,5,2,2,1.0,5
201300035611,0013-06-27 16:55:00,13,6,27,16,55,780,123,"45, SAINT LOUIS RUE",,,Plein jour,En agglomération,Hors intersection,Normale,Autre collision,,,,,,,,,,,1,2,1,1.0,6
201300035612,0013-07-10 00:05:00,13,7,10,0,5,780,498,DEVAUX BD,,,Nuit avec éclairage allumé,En agglomération,Intersection en X,Normale,Deux véhicules - côté,,,,,,,,,,,5,2,2,1.0,3
201300035613,0013-08-11 11:10:00,13,8,11,11,10,780,123,EUROPE (RN 190) AVENUE D,,,Plein jour,En agglomération,Intersection en X,Normale,Deux véhicules - côté,,,,,,,,,,,1,2,2,1.0,3
201300035614,0013-08-11 20:20:00,13,8,11,20,20,780,123,HAUTIL AV DE L',,,Plein jour,En agglomération,Hors intersection,Normale,Deux véhicules - arrière,,,,,,,,,,,1,2,1,1.0,2
201300035615,0013-08-25 00:08:00,13,8,25,0,8,780,498,RD30,,,Nuit avec éclairage allumé,En agglomération,Hors intersection,Pluie forte,Deux véhicules - frontale,,,,,,,,,,,5,2,1,3.0,1
201300035616,0013-09-21 00:40:00,13,9,21,0,40,780,123,"1, DAVID RUE",,,Nuit avec éclairage allumé,En agglomération,Hors intersection,Normale,Deux véhicules - frontale,,,,,,,,,,,5,2,1,1.0,1
201300035617,0013-09-22 02:04:00,13,9,22,2,4,780,642,ROUILLARD CHEMIN DU,,,Nuit sans éclairage public,Hors agglomération,Hors intersection,Normale,Deux véhicules - côté,,,,,,,,,,,3,1,1,1.0,3
201300035618,0013-09-28 22:35:00,13,9,28,22,35,780,123,EUROPE (RN 190) AVENUE D,,,Nuit avec éclairage allumé,En agglomération,Intersection en X,Normale,Deux véhicules - côté,,,,,,,,,,,5,2,2,1.0,3
201300035619,0013-10-01 15:10:00,13,10,1,15,10,780,123,"1, EUROPE (RN 190) AVENU",,,Plein jour,En agglomération,Hors intersection,Normale,Sans collision,,,,,,,,,,,1,2,1,1.0,7
201300035620,0013-10-12 15:20:00,13,10,12,15,20,780,642,CLOS DES VIGNES AVENUE,,,Plein jour,En agglomération,Hors intersection,Normale,Autre collision,,,,,,,,,,,1,2,1,1.0,6
201300035621,0013-10-17 18:45:00,13,10,17,18,45,780,498,LYAUTEY AV DU MARECHAL,,,Nuit avec éclairage allumé,En agglomération,Intersection en X,Normale,Trois véhicules et plus - collisions multiples,,,,,,,,,,,5,2,2,1.0,5
201300035622,0013-11-09 14:40:00,13,11,9,14,40,780,498,"12, SAINT SEBASTIEN RUE",,,Plein jour,En agglomération,Intersection en X,Autre,Autre collision,,,,,,,,,,,1,2,2,9.0,6
201300035623,0013-11-07 20:20:00,13,11,7,20,20,780,498,"141, FOCH AV",,,Nuit avec éclairage allumé,En agglomération,Intersection en X,Pluie légère,Autre collision,,,,,,,,,,,5,2,2,2.0,6
201300035624,0013-11-17 19:20:00,13,11,17,19,20,780,624,"17, SOBAUX RUE DU DOCTEU",,,Nuit sans éclairage public,En agglomération,Hors intersection,Normale,Autre collision,,,,,,,,,,,3,2,1,1.0,6
201300035625,0013-12-06 10:30:00,13,12,6,10,30,780,672,"136, DE VOISINS AVENUE D",,,Plein jour,Hors agglomération,Hors intersection,Normale,Deux véhicules - côté,,,,,,,,,,,1,1,1,1.0,3
201300035626,0013-12-09 15:10:00,13,12,9,15,10,780,498,SAINT SEBASTIEN RUE,,,Plein jour,En agglomération,Intersection en X,Normale,Autre collision,,,,,,,,,,,1,2,2,1.0,6
201300035627,0013-01-05 19:35:00,13,1,5,19,35,780,220,RN 10/RD 34,48.72306,1.8894,Nuit avec éclairage allumé,Hors agglomération,Intersection en X,Temps couvert,Deux véhicules - arrière,,,,,,,,,,,5,1,2,8.0,2
201300035628,0013-01-18 13:55:00,13,1,18,13,55,780,517,60 R SADI CARNOT,48.6496,1.83082,Plein jour,En agglomération,Hors intersection,Neige / grêle,Deux véhicules - côté,,,,,,,,,,,1,2,1,4.0,3
201300035629,0013-02-15 08:10:00,13,2,15,8,10,780,517,R LOUVIERE/PRAIRIE,48.64351,1.83717,Plein jour,En agglomération,Intersection en T,Temps couvert,Deux véhicules - côté,,,,,,,,,,,1,2,3,8.0,3
201300035630,0013-02-25 13:45:00,13,2,25,13,45,780,517,AV G POMPIDOU/HERRIOT,48.63691,1.83241,Plein jour,En agglomération,Giratoire,Neige / grêle,Deux véhicules - côté,,,,,,,,,,,1,2,6,4.0,3
201300035631,0013-03-01 16:00:00,13,3,1,16,0,780,220,RD 191,48.71604,1.8509,Plein jour,Hors agglomération,Hors intersection,Normale,Deux véhicules - frontale,,,,,,,,,,,1,1,1,1.0,1
201300035632,0013-03-12 10:15:00,13,3,12,10,15,780,220,RD 202,48.69602,1.93681,Plein jour,Hors agglomération,Hors intersection,Neige / grêle,Deux véhicules - frontale,,,,,,,,,,,1,1,1,4.0,1
201300035633,0013-03-30 17:35:00,13,3,30,17,35,780,517,R D'ORPHIN/DROUETTE,48.6294,1.82687,Plein jour,En agglomération,Intersection en T,Normale,Trois véhicules et plus - collisions multiples,,,,,,,,,,,1,2,3,1.0,5
201300035634,0013-04-02 18:05:00,13,4,2,18,5,780,220,RD 202/R DES MOLIERES,48.7203,1.89675,Plein jour,En agglomération,Intersection en X,Normale,Deux véhicules - arrière,,,,,,,,,,,1,2,2,1.0,2
201300035635,0013-04-07 17:25:00,13,4,7,17,25,780,269,R BERNARD BATAILLE,48.63512,1.7758,Plein jour,Hors agglomération,Hors intersection,Normale,Sans collision,,,,,,,,,,,1,1,1,1.0,7
201300035636,0013-04-07 18:50:00,13,4,7,18,50,780,486,RN 10,,,Plein jour,Hors agglomération,Hors intersection,Normale,Sans collision,,,,,,,,,,,1,1,1,1.0,7
201300035637,0013-04-21 20:15:00,13,4,21,20,15,780,220,RN 10,,,Plein jour,Hors agglomération,Hors intersection,Normale,Autre collision,,,,,,,,,,,1,1,1,1.0,6
201300035638,0013-04-23 08:20:00,13,4,23,8,20,780,517,59 R GRANGE COLOMBE,48.65891,1.85837,Plein jour,En agglomération,Hors intersection,Normale,Deux véhicules - côté,,,,,,,,,,,1,2,1,1.0,3
201300035639,0013-04-24 14:55:00,13,4,24,14,55,780,517,46 R GEORGES LENOTRE,48.63691,1.82756,Plein jour,En agglomération,Hors intersection,Temps éblouissant,Deux véhicules - côté,,,,,,,,,,,1,2,1,7.0,3
201300035640,0013-04-29 12:30:00,13,4,29,12,30,780,220,R DE BRETAGNE/LANGUEDOC,48.71842,1.89202,Plein jour,En agglomération,Intersection en Y,Normale,Deux véhicules - côté,,,,,,,,,,,1,2,4,1.0,3
201300035641,0013-05-05 22:20:00,13,5,5,22,20,780,486,RN 10,,,Nuit sans éclairage public,Hors agglomération,Hors intersection,Normale,Sans collision,,,,,,,,,,,3,1,1,1.0,7
201300035642,0013-06-04 16:05:00,13,6,4,16,5,780,486,RN 10,,,Plein jour,Hors agglomération,Hors intersection,Normale,Sans collision,,,,,,,,,,,1,1,1,1.0,7
201300035643,0013-06-11 12:15:00,13,6,11,12,15,780,517,"01, MOUTIE (RUE AUGUSTE)",,,Plein jour,En agglomération,Hors intersection,Normale,Autre collision,,,,,,,,,,,1,2,1,1.0,6
201300035644,0013-06-19 18:00:00,13,6,19,18,0,780,220,MAIRIE (PLACE DE LA),,,Plein jour,En agglomération,Place,Pluie forte,Autre collision,,,,,,,,,,,1,2,7,3.0,6
201300035645,0013-07-13 10:00:00,13,7,13,10,0,780,517,"1, CHASLES (RUE)",,,Plein jour,En agglomération,Hors intersection,Normale,Autre collision,,,,,,,,,,,1,2,1,1.0,6
201300035646,0013-07-26 19:30:00,13,7,26,19,30,780,220,"5, Jean Ferrat (rue)",,,Plein jour,En agglomération,Intersection en T,Normale,Deux véhicules - côté,,,,,,,,,,,1,2,3,1.0,3
201300035647,0013-08-06 12:15:00,13,8,6,12,15,780,517,CLAIREFONTAINE (RUE DE),,,Plein jour,En agglomération,Giratoire,Normale,Deux véhicules - frontale,,,,,,,,,,,1,2,6,1.0,1
201300035648,0013-08-21 17:20:00,13,8,21,17,20,780,517,ETANG DE LA TOUR (RUE DE,,,Plein jour,Hors agglomération,Hors intersection,Normale,Sans collision,,,,,,,,,,,1,1,1,1.0,7
201300035649,0013-09-14 20:50:00,13,9,14,20,50,780,517,ANGIVILLER (RUE D'),,,Nuit avec éclairage allumé,En agglomération,Giratoire,Pluie légère,Autre collision,,,,,,,,,,,5,2,6,2.0,6
201300035650,0013-09-23 08:25:00,13,9,23,8,25,780,486,SAINT HUBERT (ROUTE),,,Plein jour,Hors agglomération,Hors intersection,Normale,Trois véhicules et plus - collisions multiples,,,,,,,,,,,1,1,1,1.0,5
201300035651,0013-10-02 17:25:00,13,10,2,17,25,780,517,D 936,,,Plein jour,Hors agglomération,Hors intersection,Normale,Trois véhicules et plus - en chaîne,,,,,,,,,,,1,1,1,1.0,4
201300035652,0013-10-05 21:35:00,13,10,5,21,35,780,269,POIGNY,,,Nuit sans éclairage public,Hors agglomération,Hors intersection,Normale,Sans collision,,,,,,,,,,,3,1,1,1.0,7
201300035653,0013-10-17 18:20:00,13,10,17,18,20,780,517,CLAIRIERE (AVENUE DE LA),,,Plein jour,En agglomération,Giratoire,Normale,Deux véhicules - côté,,,,,,,,,,,1,2,6,1.0,3
201300035654,0013-10-20 09:35:00,13,10,20,9,35,780,517,RN 10,,,Plein jour,Hors agglomération,Hors intersection,Pluie légère,Autre collision,,,,,,,,,,,1,1,1,2.0,6
201300035655,0013-10-20 16:20:00,13,10,20,16,20,780,517,POTEAU DES 3 SEIGNEURS (,,,Plein jour,Hors agglomération,Hors intersection,Temps couvert,Sans collision,,,,,,,,,,,1,1,1,8.0,7
201300035656,0013-10-26 20:00:00,13,10,26,20,0,780,517,"18, PARIS (AVENUE DE)",,,Nuit avec éclairage allumé,En agglomération,Hors intersection,Normale,Deux véhicules - côté,,,,,,,,,,,5,2,1,1.0,3
201300035657,0013-11-13 16:15:00,13,11,13,16,15,780,517,"00, ROUGET DE L'ISLE (RU",,,Plein jour,En agglomération,Hors intersection,Normale,Autre collision,,,,,,,,,,,1,2,1,1.0,6
201300035658,0013-11-27 09:30:00,13,11,27,9,30,780,486,"77, CHARTRES (RUE DE",,,Plein jour,En agglomération,Intersection en T,Normale,Deux véhicules - côté,,,,,,,,,,,1,2,3,1.0,3
201300035659,0013-12-22 13:30:00,13,12,22,13,30,780,220,RN 10,,,Plein jour,Hors agglomération,Hors intersection,Pluie légère,Deux véhicules - côté,,,,,,,,,,,1,1,1,2.0,3
201300035660,0013-12-26 07:45:00,13,12,26,7,45,780,486,RN 10,,,Nuit sans éclairage public,Hors agglomération,Hors intersection,Normale,Autre collision,,,,,,,,,,,3,1,1,1.0,6
201300035661,0013-01-10 10:30:00,13,1,10,10,30,780,545,R G PERI/SAMPAIX,48.80483,2.0565,Plein jour,En agglomération,Intersection en T,Pluie légère,Autre collision,,,,,,,,,,,1,2,3,2.0,6
201300035662,0013-02-14 09:00:00,13,2,14,9,0,780,73,"50bis, VAILLANT COUTURIE",,,Plein jour,Hors agglomération,Hors intersection,Normale,Deux véhicules - côté,,,,,,,,,,,1,1,1,1.0,3
201300035663,0013-03-05 15:50:00,13,3,5,15,50,780,545,"101, CURIE (AVENUE PIERR",,,Plein jour,En agglomération,Hors intersection,Normale,Autre collision,,,,,,,,,,,1,2,1,1.0,6
201300035664,0013-03-08 09:30:00,13,3,8,9,30,780,242,"1, RAVEL (RUE MAURICE)",,,Plein jour,En agglomération,Intersection en T,Normale,Sans collision,,,,,,,,,,,1,2,3,1.0,7
201300035665,0013-05-03 10:50:00,13,5,3,10,50,780,545,"10, BARBUSSE (BOULEVARD",,,Plein jour,En agglomération,Autre intersection,Normale,Deux véhicules - frontale,,,,,,,,,,,1,2,9,1.0,1
201300035666,0013-06-25 16:30:00,13,6,25,16,30,780,73,ROBESPIERRE (RUE),,,Plein jour,En agglomération,Hors intersection,Normale,Deux véhicules - frontale,,,,,,,,,,,1,2,1,1.0,1
201300035667,0013-07-13 21:30:00,13,7,13,21,30,780,545,"75, CURIE (AVENUE PIERRE",,,Plein jour,En agglomération,Intersection en T,Normale,Deux véhicules - côté,,,,,,,,,,,1,2,3,1.0,3
201300035668,0013-09-16 10:55:00,13,9,16,10,55,780,545,ZOLA (RUE EMILE),,,Plein jour,En agglomération,Intersection en T,Normale,Deux véhicules - côté,,,,,,,,,,,1,2,3,1.0,3
201300035669,0013-10-10 09:00:00,13,10,10,9,0,780,73,"70, JAURES (AVENUE JEAN)",,,Plein jour,En agglomération,Hors intersection,Temps éblouissant,Autre collision,,,,,,,,,,,1,2,1,7.0,6
201300035670,0013-10-08 09:05:00,13,10,8,9,5,780,242,GRAVIERS (CHEMIN DE ),,,Plein jour,En agglomération,Intersection en X,Normale,Deux véhicules - côté,,,,,,,,,,,1,2,2,1.0,3
201300035671,0013-11-20 08:55:00,13,11,20,8,55,780,545,FABIEN (AVENUE COLONEL),,,Plein jour,En agglomération,Intersection en X,Temps éblouissant,Autre collision,,,,,,,,,,,1,2,2,7.0,6
201300035672,0013-11-23 18:10:00,13,11,23,18,10,780,545,RD 10,,,Nuit avec éclairage non allumé,En agglomération,Hors intersection,Normale,Trois véhicules et plus - en chaîne,,,,,,,,,,,4,2,1,1.0,4
201300035673,0013-01-04 01:30:00,13,1,4,1,30,780,551,RD 308,,,Nuit sans éclairage public,Hors agglomération,Hors intersection,Normale,Autre collision,,,,,,,,,,,3,1,1,1.0,6
201300035674,0013-01-11 07:50:00,13,1,11,7,50,780,551,R SAINT LEGER,48.89737,2.06872,Nuit avec éclairage allumé,En agglomération,Hors intersection,Normale,Autre collision,,,,,,,,,,,5,2,1,1.0,6
201300035675,0013-01-14 08:55:00,13,1,14,8,55,780,481,AV MAL DE LATTRE DE TASS,48.89788,2.10676,Crépuscule ou aube,En agglomération,Hors intersection,Normale,Autre collision,,,,,,,,,,,2,2,1,1.0,6
201300035676,0013-01-24 08:05:00,13,1,24,8,5,780,551,RN 184,48.94344,2.09518,Nuit sans éclairage public,Hors agglomération,Hors intersection,Normale,Deux véhicules - frontale,,,,,,,,,,,3,1,1,1.0,1
201300035677,0013-01-30 16:50:00,13,1,30,16,50,780,551,RN 184,48.95242,2.09315,Plein jour,Hors agglomération,Hors intersection,Normale,Autre collision,,,,,,,,,,,1,1,1,1.0,6
201300035678,0013-02-16 11:45:00,13,2,16,11,45,780,551,R REPUBLIQUE/F BONVIN,48.89939,2.08956,Plein jour,En agglomération,Intersection en T,Normale,Deux véhicules - côté,,,,,,,,,,,1,2,3,1.0,3
201300035679,0013-04-07 17:30:00,13,4,7,17,30,780,551,RN 184,,,Plein jour,En agglomération,Hors intersection,Normale,Autre collision,,,,,,,,,,,1,2,1,1.0,6
201300035680,0013-04-18 02:30:00,13,4,18,2,30,780,133,RD 113,,,Nuit avec éclairage allumé,En agglomération,Intersection en X,Normale,Deux véhicules - côté,,,,,,,,,,,5,2,2,1.0,3
201300035681,0013-05-31 12:15:00,13,5,31,12,15,780,551,RN 184,,,Plein jour,Hors agglomération,Hors intersection,Normale,Autre collision,,,,,,,,,,,1,1,1,1.0,6
201300035682,0013-06-13 08:10:00,13,6,13,8,10,780,551,RD 308,,,Plein jour,Hors agglomération,Hors intersection,Normale,Trois véhicules et plus - en chaîne,,,,,,,,,,,1,1,1,1.0,4
201300035683,0013-06-22 00:45:00,13,6,22,0,45,780,551,RN 184,,,Nuit avec éclairage non allumé,Hors agglomération,Hors intersection,Pluie forte,Deux véhicules - arrière,,,,,,,,,,,4,1,1,3.0,2
201300035684,0013-06-24 21:55:00,13,6,24,21,55,780,551,RTE CENTRALE,,,Plein jour,Hors agglomération,Hors intersection,Normale,Autre collision,,,,,,,,,,,1,1,1,1.0,6
201300035685,0013-07-07 19:30:00,13,7,7,19,30,780,551,RD 308,,,Plein jour,Hors agglomération,Hors intersection,Normale,Deux véhicules - côté,,,,,,,,,,,1,1,1,1.0,3
201300035686,0013-07-20 10:15:00,13,7,20,10,15,780,551,"15 bis, VIEILLE BUTTE (D",,,Plein jour,En agglomération,Hors intersection,Normale,Autre collision,,,,,,,,,,,1,2,1,1.0,6
201300035687,0013-07-20 23:00:00,13,7,20,23,0,780,551,RN 184,,,Nuit sans éclairage public,Hors agglomération,Hors intersection,Normale,Autre collision,,,,,,,,,,,3,1,1,1.0,6
201300035688,0013-08-24 02:55:00,13,8,24,2,55,780,551,RN 184,,,Nuit sans éclairage public,En agglomération,Intersection en T,Normale,Deux véhicules - côté,,,,,,,,,,,3,2,3,1.0,3
201300035689,0013-07-01 19:35:00,13,7,1,19,35,780,133,MANTES (RTE DE),,,Plein jour,Hors agglomération,Intersection en T,Normale,Deux véhicules - côté,,,,,,,,,,,1,1,3,1.0,3
201300035690,0013-11-21 17:45:00,13,11,21,17,45,780,481,"1, TOUS SECTEURS LE PECQ",,,Nuit sans éclairage public,En agglomération,Passage à niveau,Pluie légère,Autre collision,,,,,,,,,,,3,2,8,2.0,6
201300035691,0013-01-14 13:20:00,13,1,14,13,20,780,586,BD DE BEZONS/BAUDIN,48.94307,2.18088,Plein jour,En agglomération,Intersection en T,Normale,Autre collision,,,,,,,,,,,1,2,3,1.0,6
201300035692,0013-01-11 19:10:00,13,1,11,19,10,780,586,AV CLEMENCEAU/ST EXUPERY,48.94254,2.19416,Nuit avec éclairage allumé,En agglomération,Intersection en X,Pluie légère,Autre collision,,,,,,,,,,,5,2,2,2.0,6
201300035693,0013-01-14 12:20:00,13,1,14,12,20,780,586,AV REPUBLIQUE/DIXMUDE,48.93376,2.15121,Plein jour,En agglomération,Intersection en X,Normale,Deux véhicules - côté,,,,,,,,,,,1,2,2,1.0,3
201300035694,0013-01-18 09:15:00,13,1,18,9,15,780,586,77 AV DE LA REPUBLIQUE,48.9351,2.15334,Plein jour,En agglomération,Hors intersection,Normale,Deux véhicules - côté,,,,,,,,,,,1,2,1,1.0,3
201300035695,0013-02-06 07:30:00,13,2,6,7,30,780,586,R CHAMPS DE MARS/MERMOZ,48.94469,2.17256,Nuit avec éclairage allumé,En agglomération,Intersection en Y,Pluie légère,Autre collision,,,,,,,,,,,5,2,4,2.0,6
201300035696,0013-02-18 08:45:00,13,2,18,8,45,780,586,R VERDUN/FRANCKLIN,48.93085,2.15581,Plein jour,En agglomération,Intersection en T,Temps éblouissant,Deux véhicules - côté,,,,,,,,,,,1,2,3,7.0,3
201300035697,0013-04-16 17:20:00,13,4,16,17,20,780,586,"42, STALINGRAD",,,Plein jour,En agglomération,Hors intersection,Normale,Autre collision,,,,,,,,,,,1,2,1,1.0,6
201300035698,0013-02-25 11:45:00,13,2,25,11,45,780,586,RUELLE REINE,48.94617,2.17174,Plein jour,En agglomération,Hors intersection,Pluie légère,Autre collision,,,,,,,,,,,1,2,1,2.0,6
201300035699,0013-02-20 10:40:00,13,2,20,10,40,950,18,RTE DE PONTOISE,48.9461,2.2062,Plein jour,En agglomération,Intersection en X,Normale,Deux véhicules - côté,,,,,,,,,,,1,2,2,1.0,3
201300035700,0013-06-05 17:25:00,13,6,5,17,25,780,586,"140, AV REPUBLIQUE",,,Plein jour,En agglomération,Hors intersection,Normale,Autre collision,,,,,,,,,,,1,2,1,1.0,6
201300035701,0013-05-17 21:55:00,13,5,17,21,55,780,586,M BERTEAUX,,,Nuit avec éclairage allumé,En agglomération,Intersection en X,Normale,Deux véhicules - côté,,,,,,,,,,,5,2,2,1.0,3
201300035702,0013-04-13 14:45:00,13,4,13,14,45,780,586,Gal de Gaulle / Bezons,,,Plein jour,En agglomération,Intersection en X,Normale,Deux véhicules - côté,,,,,,,,,,,1,2,2,1.0,3
201300035703,0013-06-23 07:10:00,13,6,23,7,10,780,586,"n?ant, ROOSEVELT (PRESID",,,Plein jour,En agglomération,Intersection en X,Normale,Sans collision,,,,,,,,,,,1,2,2,1.0,7
201300035704,0013-08-03 17:30:00,13,8,3,17,30,780,586,"0, FLORIAN",,,Plein jour,En agglomération,Hors intersection,Temps éblouissant,Sans collision,,,,,,,,,,,1,2,1,7.0,7
201300035705,0013-08-12 21:30:00,13,8,12,21,30,780,586,"159, CLEMENCEAU (G.)",,,Plein jour,En agglomération,Intersection en T,Normale,Sans collision,,,,,,,,,,,1,2,3,1.0,7