accident_id,datetime,annee,mois,jour,heure,minute,departement,commune_insee,adresse,latitude,longitude,luminosite,agglomeration,intersection,meteo,collision,nb_vehicules,nb_usagers,nb_indemnes,nb_tues,nb_blesses_hosp,nb_blesses_legers,age_cond_1,age_cond_2,veh_type_cond_1,veh_type_cond_2,lum_code,agg_code,int_code,atm_code,col_code
201300036085,0013-11-15 09:30:00,13,11,15,9,30,800,21,"146,RUE JEAN MOULIN",49.87971,2.27532,Plein jour,En agglomération,Hors intersection,Normale,Trois véhicules et plus - en chaîne,,,,,,,,,,,1,2,1,1.0,4
201300036086,0013-11-21 17:25:00,13,11,21,17,25,800,21,"360,RUE D' ABBEVILLE",,,Nuit avec éclairage allumé,En agglomération,Hors intersection,Normale,Autre collision,,,,,,,,,,,5,2,1,1.0,6
201300036087,0013-11-15 15:10:00,13,11,15,15,10,800,21,PLACE DE GORLITZ,49.87163,2.31925,Plein jour,En agglomération,Hors intersection,Normale,Autre collision,,,,,,,,,,,1,2,1,1.0,6
201300036088,0013-11-18 15:55:00,13,11,18,15,55,800,21,"101,AV. ROGER DUMOULIN",,,Plein jour,En agglomération,Hors intersection,Normale,Deux véhicules - arrière,,,,,,,,,,,1,2,1,1.0,2
201300036089,0013-11-22 09:05:00,13,11,22,9,5,800,21,"518, QUATORZE JUILLET 17",49.87771,2.28278,Plein jour,En agglomération,Hors intersection,Normale,Trois véhicules et plus - en chaîne,,,,,,,,,,,1,2,1,1.0,4
201300036090,0013-11-23 21:00:00,13,11,23,21,0,800,21,AV QUATORZE JUILLET 1789,49.8773,2.28273,Nuit avec éclairage allumé,En agglomération,Hors intersection,Normale,Deux véhicules - côté,,,,,,,,,,,5,2,1,1.0,3
201300036091,0013-11-26 16:20:00,13,11,26,16,20,800,21,"384,RUE SAINT FUSCIEN",49.87406,2.30653,Plein jour,En agglomération,Hors intersection,Temps couvert,Autre collision,,,,,,,,,,,1,2,1,8.0,6
201300036092,0013-11-25 08:30:00,13,11,25,8,30,800,21,MAIL ALBERT 1ER,49.88855,2.30299,Plein jour,En agglomération,Intersection en X,Normale,Autre collision,,,,,,,,,,,1,2,2,1.0,6
201300036093,0013-12-01 00:01:00,13,12,1,0,1,800,21,RN 1,,,Nuit avec éclairage non allumé,Hors agglomération,Hors intersection,Pluie légère,Autre collision,,,,,,,,,,,4,1,1,2.0,6
201300036094,0013-12-02 08:15:00,13,12,2,8,15,800,21,"6,BOULEVARD CARNOT",49.89061,2.29028,Crépuscule ou aube,En agglomération,Hors intersection,Normale,Autre collision,,,,,,,,,,,2,2,1,1.0,6
201300036095,0013-11-30 15:40:00,13,11,30,15,40,800,379,ROUTE DE ST QUENTIN,,,Plein jour,En agglomération,Hors intersection,Normale,Deux véhicules - arrière,,,,,,,,,,,1,2,1,1.0,2
201300036096,0013-11-30 17:35:00,13,11,30,17,35,800,21,63 AVENUE ROGER DUMOULIN,,,Nuit avec éclairage allumé,En agglomération,Hors intersection,Normale,Deux véhicules - côté,,,,,,,,,,,5,2,1,1.0,3
201300036097,0013-12-04 19:00:00,13,12,4,19,0,800,21,AV. 14 JUILLET 1789,49.87548,2.28212,Nuit avec éclairage allumé,En agglomération,Giratoire,Pluie légère,Deux véhicules - côté,,,,,,,,,,,5,2,6,2.0,3
201300036098,0013-12-07 10:50:00,13,12,7,10,50,800,21,RUE LE GRECO,49.92403,2.30313,Plein jour,En agglomération,Hors intersection,Normale,Deux véhicules - côté,,,,,,,,,,,1,2,1,1.0,3
201300036099,0013-12-07 14:25:00,13,12,7,14,25,800,725,AVENUE DES FACULTES,49.87068,2.26216,Plein jour,En agglomération,Intersection en X,Normale,Deux véhicules - côté,,,,,,,,,,,1,2,2,1.0,3
201300036100,0013-12-10 12:00:00,13,12,10,12,0,800,21,RUE CHARLES DE FOUCAULD,49.88922,2.30566,Plein jour,En agglomération,Hors intersection,Normale,Deux véhicules - arrière,,,,,,,,,,,1,2,1,1.0,2
201300036101,0013-12-11 16:15:00,13,12,11,16,15,800,21,"75,RUE ROBERT LE COQ",49.90046,2.26913,Plein jour,En agglomération,Hors intersection,Normale,Deux véhicules - frontale,,,,,,,,,,,1,2,1,1.0,1
201300036102,0013-12-11 13:40:00,13,12,11,13,40,800,21,RUE D' AUSTRALIE,49.90492,2.27347,Plein jour,En agglomération,Hors intersection,Normale,Deux véhicules - côté,,,,,,,,,,,1,2,1,1.0,3
201300036103,0013-12-11 15:00:00,13,12,11,15,0,800,21,RUE PIERRE ROLLIN,49.87665,2.31308,Plein jour,En agglomération,Hors intersection,Normale,Deux véhicules - arrière,,,,,,,,,,,1,2,1,1.0,2
201300036104,0013-12-09 17:30:00,13,12,9,17,30,800,21,"199,CHAUSSEE JULES FERRY",49.88154,2.32953,Nuit sans éclairage public,En agglomération,Hors intersection,Normale,Autre collision,,,,,,,,,,,3,2,1,1.0,6
201300036105,0013-12-12 17:45:00,13,12,12,17,45,800,21,"1,RUE CONDORCET",49.8766,2.32614,Nuit sans éclairage public,En agglomération,Hors intersection,Normale,Autre collision,,,,,,,,,,,3,2,1,1.0,6
201300036106,0013-12-13 08:00:00,13,12,13,8,0,800,21,AV. PIERRE MENDES FRANCE,49.9016,2.28416,Nuit avec éclairage allumé,En agglomération,Intersection en X,Normale,Autre collision,,,,,,,,,,,5,2,2,1.0,6
201300036107,0013-12-16 10:40:00,13,12,16,10,40,800,21,BOULEVARD DE FEDERES,49.89695,2.28272,Plein jour,En agglomération,Hors intersection,Normale,Deux véhicules - côté,,,,,,,,,,,1,2,1,1.0,3
201300036108,0013-12-16 14:30:00,13,12,16,14,30,800,256,"592,AVENUE LOUIS PASTEUR",,,Plein jour,En agglomération,Hors intersection,Normale,Deux véhicules - arrière,,,,,,,,,,,1,2,1,1.0,2
201300036109,0013-12-16 18:40:00,13,12,16,18,40,800,725,"14,AVENUE JEAN JAURES",49.86845,2.24121,Nuit avec éclairage allumé,En agglomération,Hors intersection,Normale,Deux véhicules - côté,,,,,,,,,,,5,2,1,1.0,3
201300036110,0013-12-13 08:45:00,13,12,13,8,45,800,730,,,,Plein jour,Hors agglomération,Hors intersection,Brouillard / fumée,Deux véhicules - frontale,,,,,,,,,,,1,1,1,5.0,1
201300036111,0013-12-18 16:40:00,13,12,18,16,40,800,21,"69,RUE DE VIGNACOURT",49.90567,2.28953,Crépuscule ou aube,En agglomération,Hors intersection,Normale,Deux véhicules - frontale,,,,,,,,,,,2,2,1,1.0,1
201300036112,0013-12-23 23:30:00,13,12,23,23,30,800,21,"2, RUE DU GRAND MARAIS",49.91965,2.26897,Nuit avec éclairage allumé,En agglomération,Hors intersection,Normale,Deux véhicules - côté,,,,,,,,,,,5,2,1,1.0,3
201300036113,0013-12-21 18:15:00,13,12,21,18,15,800,489,RUE PASTEUR,49.86766,2.3524,Nuit avec éclairage allumé,En agglomération,Hors intersection,Normale,Autre collision,,,,,,,,,,,5,2,1,1.0,6
201300036114,0013-12-20 08:55:00,13,12,20,8,55,800,21,"4,RUE JEAN CATELAS",49.89444,2.29237,Plein jour,En agglomération,Hors intersection,Normale,Deux véhicules - arrière,,,,,,,,,,,1,2,1,1.0,2
201300036115,0013-12-25 03:45:00,13,12,25,3,45,800,21,"72,RUE JULES BARNI",49.88737,2.31503,Nuit avec éclairage allumé,En agglomération,Hors intersection,Normale,Autre collision,,,,,,,,,,,5,2,1,1.0,6
201300036116,0013-12-24 18:30:00,13,12,24,18,30,800,21,PLACE VOGEL,49.8979,2.29544,Nuit avec éclairage allumé,En agglomération,Hors intersection,Pluie légère,Autre collision,,,,,,,,,,,5,2,1,2.0,6
201300036117,0013-12-29 17:35:00,13,12,29,17,35,800,21,AVENUE DE L' EUROPE,49.91593,2.30307,Nuit avec éclairage allumé,En agglomération,Hors intersection,Normale,Deux véhicules - arrière,,,,,,,,,,,5,2,1,1.0,2
201300036118,0013-12-27 19:40:00,13,12,27,19,40,800,21,"1,RUE WATTEAU",49.91362,2.30162,Nuit avec éclairage allumé,En agglomération,Hors intersection,Pluie légère,Autre collision,,,,,,,,,,,5,2,1,2.0,6
201300036119,0013-12-27 15:45:00,13,12,27,15,45,800,21,"89,RUE SAINT MAURICE",49.90444,2.2879,Plein jour,En agglomération,Hors intersection,Pluie légère,Autre collision,,,,,,,,,,,1,2,1,2.0,6
201300036120,0013-03-09 13:25:00,13,3,9,13,25,810,4,THOMAS (AV ALBERT),43.9504,2.15345,Plein jour,En agglomération,Hors intersection,Normale,Deux véhicules - côté,,,,,,,,,,,1,2,1,1.0,3
201300036121,0013-05-30 11:20:00,13,5,30,11,20,810,4,THOMAS (AV ALBERT),,,Plein jour,En agglomération,Hors intersection,Temps couvert,Deux véhicules - frontale,,,,,,,,,,,1,2,1,8.0,1
201300036122,0013-06-07 10:50:00,13,6,7,10,50,810,4,CORDES (RTE DE),,,Plein jour,En agglomération,Hors intersection,Normale,Deux véhicules - côté,,,,,,,,,,,1,2,1,1.0,3
201300036123,0013-06-23 17:30:00,13,6,23,17,30,810,18,30 route de la Longagne,,,Plein jour,En agglomération,Hors intersection,Normale,Sans collision,,,,,,,,,,,1,2,1,1.0,7
201300036124,0013-07-07 08:45:00,13,7,7,8,45,810,4,CARNOT (BD),,,Plein jour,En agglomération,Hors intersection,Normale,Autre collision,,,,,,,,,,,1,2,1,1.0,6
201300036125,0013-07-24 10:10:00,13,7,24,10,10,810,18,FOUN DEL BAYLE ( ROUTE D,,,Plein jour,Hors agglomération,Hors intersection,Normale,Deux véhicules - frontale,,,,,,,,,,,1,1,1,1.0,1
201300036126,0013-10-11 11:58:00,13,10,11,11,58,810,4,BRUS (ET IMP DES),,,Plein jour,En agglomération,Autre intersection,Normale,Autre collision,,,,,,,,,,,1,2,9,1.0,6
201300036127,0013-11-22 15:05:00,13,11,22,15,5,810,4,CORDES (RTE DE),,,Plein jour,Hors agglomération,Hors intersection,Pluie légère,Autre collision,,,,,,,,,,,1,1,1,2.0,6
201300036128,0013-11-29 08:36:00,13,11,29,8,36,810,4,RINALDI,,,Plein jour,En agglomération,Hors intersection,Normale,Autre collision,,,,,,,,,,,1,2,1,1.0,6
201300036129,0013-08-20 09:30:00,13,8,20,9,30,810,60,", GAMBETTA  ( PLACE )",,,Plein jour,En agglomération,Hors intersection,Normale,Autre collision,,,,,,,,,,,1,2,1,1.0,6
201300036130,0013-10-30 16:55:00,13,10,30,16,55,810,60,"5, NECKARSULM (AV. DE)",,,Plein jour,En agglomération,Hors intersection,Normale,Sans collision,,,,,,,,,,,1,2,1,1.0,7
201300036131,0013-12-02 18:30:00,13,12,2,18,30,810,60,VENTE ( CHEMIN DE LA ),,,Plein jour,En agglomération,Intersection en X,Normale,Deux véhicules - côté,,,,,,,,,,,1,2,2,1.0,3
201300036132,0013-12-13 18:15:00,13,12,13,18,15,810,60,NECKARSULM (AV. DE),,,Nuit avec éclairage allumé,En agglomération,Hors intersection,Normale,Autre collision,,,,,,,,,,,5,2,1,1.0,6
201300036133,0013-01-23 21:00:00,13,1,23,21,0,810,65,LAVAUR RD 112 (RTE DE),43.6154,2.18202,Nuit sans éclairage public,Hors agglomération,Intersection en T,Pluie légère,Deux véhicules - côté,,,,,,,,,,,3,1,3,2.0,3
201300036134,0013-01-23 22:15:00,13,1,23,22,15,810,65,"12, LACGER (RUE CHANOINE",,,Nuit avec éclairage allumé,En agglomération,Hors intersection,Pluie légère,Sans collision,,,,,,,,,,,5,2,1,2.0,7
201300036135,0013-02-17 09:00:00,13,2,17,9,0,810,65,"67, SICARDENS BAS (CR 63",43.6212,2.22305,Plein jour,En agglomération,Intersection en T,Normale,Deux véhicules - arrière,,,,,,,,,,,1,2,3,1.0,2
201300036136,0013-03-28 17:15:00,13,3,28,17,15,810,65,ALBI (RD612 - RTE D'),43.6592,2.22102,Plein jour,Hors agglomération,Intersection en T,Normale,Deux véhicules - côté,,,,,,,,,,,1,1,3,1.0,3
201300036137,0013-06-01 02:10:00,13,6,1,2,10,810,65,"34, GIRAUD (BD GENERAL)",,,Nuit avec éclairage allumé,En agglomération,Hors intersection,Normale,Sans collision,,,,,,,,,,,5,2,1,1.0,7
201300036138,0013-07-19 12:15:00,13,7,19,12,15,810,65,ROCADE SUD (ROC),,,Plein jour,Hors agglomération,Hors intersection,Normale,Deux véhicules - arrière,,,,,,,,,,,1,1,1,1.0,2
201300036139,0013-08-03 16:30:00,13,8,3,16,30,810,65,LAVAUR RD 112 (AVENUE DE,,,Plein jour,En agglomération,Intersection en T,Normale,Deux véhicules - côté,,,,,,,,,,,1,2,3,1.0,3
201300036140,0013-09-08 07:45:00,13,9,8,7,45,810,65,ALSACE LORRAINE (PLACE),,,Crépuscule ou aube,En agglomération,Intersection en X,Normale,Deux véhicules - côté,,,,,,,,,,,2,2,2,1.0,3
201300036141,0013-02-05 17:45:00,13,2,5,17,45,810,21,RUE DE LA FR?GATE,43.5026,2.36581,Crépuscule ou aube,En agglomération,Intersection en X,Pluie légère,Deux véhicules - côté,,,,,,,,,,,2,2,2,2.0,3
201300036142,0013-02-18 08:50:00,13,2,18,8,50,810,163,RUE PAUL BRENAC,43.4902,2.37546,Plein jour,En agglomération,Intersection en T,Normale,Autre collision,,,,,,,,,,,1,2,3,1.0,6
201300036143,0013-02-21 19:00:00,13,2,21,19,0,810,163,"XXX, FOCH",,,Nuit avec éclairage allumé,En agglomération,Hors intersection,Normale,Autre collision,,,,,,,,,,,5,2,1,1.0,6
201300036144,0013-05-12 17:30:00,13,5,12,17,30,810,163,JUIN (MARECHAL),,,Plein jour,En agglomération,Hors intersection,Normale,Autre collision,,,,,,,,,,,1,2,1,1.0,6
201300036145,0013-06-15 18:15:00,13,6,15,18,15,810,21,THORE,,,Plein jour,En agglomération,Hors intersection,Normale,Sans collision,,,,,,,,,,,1,2,1,1.0,7
201300036146,0013-07-17 20:25:00,13,7,17,20,25,810,163,"XXX, MONTAGNES (LAC DES)",,,Plein jour,Hors agglomération,Hors intersection,Normale,Sans collision,,,,,,,,,,,1,1,1,1.0,7
201300036147,0013-07-01 19:00:00,13,7,1,19,0,810,21,"XXX, CD 612",,,Plein jour,En agglomération,Hors intersection,Normale,Deux véhicules - arrière,,,,,,,,,,,1,2,1,1.0,2
201300036148,0013-08-04 17:50:00,13,8,4,17,50,810,163,"xxx, GUYNEMER (GEORGES)",,,Plein jour,En agglomération,Intersection en X,Normale,Deux véhicules - côté,,,,,,,,,,,1,2,2,1.0,3
201300036149,0013-10-01 12:45:00,13,10,1,12,45,810,163,"06, FOCH",,,Plein jour,En agglomération,Hors intersection,Normale,Autre collision,,,,,,,,,,,1,2,1,1.0,6
201300036150,0013-10-27 10:55:00,13,10,27,10,55,810,21,"xxx, PREMIERE ARMEE FRAN",,,Plein jour,En agglomération,Hors intersection,Normale,Autre collision,,,,,,,,,,,1,2,1,1.0,6
201300036151,0013-10-30 18:25:00,13,10,30,18,25,810,163,"10, MERMOZ (JEAN)",,,Nuit avec éclairage allumé,En agglomération,Hors intersection,Normale,Deux véhicules - arrière,,,,,,,,,,,5,2,1,1.0,2
201300036152,0013-11-22 17:50:00,13,11,22,17,50,810,163,"xxx, GALIBERT-FERRET",,,Nuit avec éclairage allumé,En agglomération,Hors intersection,Pluie forte,Autre collision,,,,,,,,,,,5,2,1,3.0,6
201300036153,0013-12-06 18:15:00,13,12,6,18,15,810,163,RICHARDE,,,Crépuscule ou aube,En agglomération,Hors intersection,Pluie légère,Autre collision,,,,,,,,,,,2,2,1,2.0,6
201300036154,0013-01-24 08:25:00,13,1,24,8,25,820,33,"0, DE GAULE (du G?n?ral)",,,Plein jour,En agglomération,Place,Normale,Deux véhicules - côté,,,,,,,,,,,1,2,7,1.0,3
201300036155,0013-02-01 01:15:00,13,2,1,1,15,820,33,"2955, RN 113",,,Nuit sans éclairage public,En agglomération,Hors intersection,Normale,Autre collision,,,,,,,,,,,3,2,1,1.0,6
201300036156,0013-02-22 17:40:00,13,2,22,17,40,820,33,"0, CD 72",44.0869,1.1356,Plein jour,Hors agglomération,Hors intersection,Normale,Deux véhicules - frontale,,,,,,,,,,,1,1,1,1.0,1
201300036157,0013-04-20 19:15:00,13,4,20,19,15,820,33,COURBIEU NORD OUEST,,,Plein jour,En agglomération,Hors intersection,Normale,Deux véhicules - arrière,,,,,,,,,,,1,2,1,1.0,2
201300036158,0013-04-25 11:50:00,13,4,25,11,50,820,33,"1953, VC 01",,,Plein jour,Hors agglomération,Hors intersection,Normale,Deux véhicules - côté,,,,,,,,,,,1,1,1,1.0,3
201300036159,0013-06-13 01:09:00,13,6,13,1,9,820,33,RN 113,,,Nuit sans éclairage public,Hors agglomération,Hors intersection,Normale,Deux véhicules - arrière,,,,,,,,,,,3,1,1,1.0,2
201300036160,0013-07-03 01:10:00,13,7,3,1,10,820,33,RIOU TORD (le),,,Nuit avec éclairage allumé,En agglomération,Hors intersection,Normale,Autre collision,,,,,,,,,,,5,2,1,1.0,6
201300036161,0013-08-05 16:45:00,13,8,5,16,45,820,33,LECLERC (du Mar?chal),,,Plein jour,En agglomération,Intersection en T,Normale,Trois véhicules et plus - collisions multiples,,,,,,,,,,,1,2,3,1.0,5
201300036162,0013-08-07 17:20:00,13,8,7,17,20,820,33,CARREL,,,Plein jour,Hors agglomération,Intersection en Y,Normale,Deux véhicules - côté,,,,,,,,,,,1,1,4,1.0,3
201300036163,0013-10-17 13:35:00,13,10,17,13,35,820,33,CD 12,,,Plein jour,Hors agglomération,Hors intersection,Normale,Deux véhicules - frontale,,,,,,,,,,,1,1,1,1.0,1
201300036164,0013-10-30 15:00:00,13,10,30,15,0,820,33,POMMES,,,Plein jour,Hors agglomération,Hors intersection,Normale,Deux véhicules - côté,,,,,,,,,,,1,1,1,1.0,3
201300036165,0013-11-12 18:45:00,13,11,12,18,45,820,33,"3731, CD 958",,,Nuit sans éclairage public,Hors agglomération,Hors intersection,Temps couvert,Trois véhicules et plus - en chaîne,,,,,,,,,,,3,1,1,8.0,4
201300036166,0013-01-14 11:04:00,13,1,14,11,4,820,121,"NC, giratoire Dompeyre",44.0272,1.34443,Plein jour,En agglomération,Giratoire,Normale,Deux véhicules - côté,,,,,,,,,,,1,2,6,1.0,3
201300036167,0013-01-09 09:05:00,13,1,9,9,5,820,121,"1051, ROUTE DE CASTELSAR",44.0163,1.30895,Plein jour,Hors agglomération,Hors intersection,Normale,Trois véhicules et plus - collisions multiples,,,,,,,,,,,1,1,1,1.0,5
201300036168,0013-01-18 19:50:00,13,1,18,19,50,820,121,"NC, GIRATOIRE CAF",44.019,1.35964,Nuit avec éclairage allumé,En agglomération,Giratoire,Pluie légère,Deux véhicules - côté,,,,,,,,,,,5,2,6,2.0,3
201300036169,0013-01-22 14:34:00,13,1,22,14,34,820,121,"17, GAMBETTA (AVENUE)",,,Plein jour,En agglomération,Hors intersection,Normale,Deux véhicules - côté,,,,,,,,,,,1,2,1,1.0,3
201300036170,0013-01-20 02:05:00,13,1,20,2,5,820,121,"NC, CLADEL (RUE LEON)",44.0223,1.35558,Nuit avec éclairage non allumé,En agglomération,Intersection en X,Normale,Deux véhicules - côté,,,,,,,,,,,4,2,2,1.0,3
201300036171,0013-01-01 16:00:00,13,1,1,16,0,820,121,"NC, SAINT-NAUPHARY D 999",43.998,1.38102,Plein jour,Hors agglomération,Hors intersection,Normale,Sans collision,,,,,,,,,,,1,1,1,1.0,7
201300036172,0013-01-18 08:00:00,13,1,18,8,0,820,121,"570, RAMIEROU (RUE DU)",43.9905,1.39155,Crépuscule ou aube,En agglomération,Intersection en X,Normale,Autre collision,,,,,,,,,,,2,2,2,1.0,6
201300036173,0013-01-30 19:10:00,13,1,30,19,10,820,121,A 20 ECHANGEUR 61 Z.I. N,,,Nuit sans éclairage public,Hors agglomération,Hors intersection,Normale,Trois véhicules et plus - collisions multiples,,,,,,,,,,,3,1,1,1.0,5
201300036174,0013-02-05 18:20:00,13,2,5,18,20,820,121,"NC, BICENTENAIRE ( carre",,,Crépuscule ou aube,En agglomération,Giratoire,Pluie légère,Deux véhicules - côté,,,,,,,,,,,2,2,6,2.0,3
201300036175,0013-02-06 15:54:00,13,2,6,15,54,820,121,"NC, LAMOTHE (CHEMIN DE)",,,Plein jour,En agglomération,Intersection en X,Normale,Deux véhicules - côté,,,,,,,,,,,1,2,2,1.0,3
201300036176,0013-02-06 21:20:00,13,2,6,21,20,820,121,"NC, ARDUS (AVENUE D')",,,Nuit avec éclairage allumé,En agglomération,Intersection en T,Normale,Deux véhicules - côté,,,,,,,,,,,5,2,3,1.0,3
201300036177,0013-02-18 10:15:00,13,2,18,10,15,820,121,"1350, SAINT-ETIENNE DE T",,,Plein jour,Hors agglomération,Hors intersection,Normale,Deux véhicules - frontale,,,,,,,,,,,1,1,1,1.0,1
201300036178,0013-02-19 19:25:00,13,2,19,19,25,820,121,"NC, ABBAYE (RUE DE L')",,,Nuit avec éclairage allumé,En agglomération,Intersection en X,Normale,Deux véhicules - côté,,,,,,,,,,,5,2,2,1.0,3
201300036179,0013-03-11 12:50:00,13,3,11,12,50,820,121,"NC, VIGNARNAUD (ROUTE DE",,,Plein jour,Hors agglomération,Intersection en T,Temps éblouissant,Deux véhicules - côté,,,,,,,,,,,1,1,3,7.0,3
201300036180,0013-03-15 11:32:00,13,3,15,11,32,820,121,"2, GAMBETTA (AVENUE)",,,Plein jour,En agglomération,Intersection en T,Normale,Autre collision,,,,,,,,,,,1,2,3,1.0,6
201300036181,0013-03-20 21:35:00,13,3,20,21,35,820,121,"nc, ABBAYE (RUE DE L')",,,Nuit avec éclairage allumé,En agglomération,Hors intersection,Normale,Deux véhicules - côté,,,,,,,,,,,5,2,1,1.0,3
201300036182,0013-03-25 22:30:00,13,3,25,22,30,820,121,VIEUX (PONT),,,Nuit avec éclairage allumé,En agglomération,Hors intersection,Normale,Deux véhicules - arrière,,,,,,,,,,,5,2,1,1.0,2
201300036183,0013-03-30 17:10:00,13,3,30,17,10,820,121,"614, ROUTE DE CASTELSARR",44.0155,1.31343,Plein jour,Hors agglomération,Hors intersection,Temps éblouissant,Autre collision,,,,,,,,,,,1,1,1,7.0,6
201300036184,0013-03-31 20:05:00,13,3,31,20,5,820,121,"1365, ALBEFEUILLE D 72 (",44.0273,1.31479,Plein jour,Hors agglomération,Hors intersection,Normale,Autre collision,,,,,,,,,,,1,1,1,1.0,6
201300036185,0013-03-28 13:10:00,13,3,28,13,10,820,121,"nc, ALLENDE (RUE DU PRES",44.0236,1.36189,Plein jour,En agglomération,Intersection en T,Pluie légère,Sans collision,,,,,,,,,,,1,2,3,2.0,7
201300036186,0013-05-19 17:30:00,13,5,19,17,30,820,121,"NC, FONNEUVE (AVENUE DE)",,,Plein jour,En agglomération,Intersection en X,Normale,Deux véhicules - côté,,,,,,,,,,,1,2,2,1.0,3
201300036187,0013-06-25 16:35:00,13,6,25,16,35,820,121,"1435, VITARELLE (ROUTE D",,,Plein jour,Hors agglomération,Hors intersection,Temps éblouissant,Deux véhicules - frontale,,,,,,,,,,,1,1,1,7.0,1
201300036188,0013-06-28 03:08:00,13,6,28,3,8,820,121,"100, NEGREPELISSE (AVENU",,,Nuit avec éclairage allumé,En agglomération,Hors intersection,Normale,Autre collision,,,,,,,,,,,5,2,1,1.0,6
201300036189,0013-07-09 15:30:00,13,7,9,15,30,820,121,"NC, FAU (ROUTE DU)",,,Plein jour,Hors agglomération,Hors intersection,Normale,Deux véhicules - frontale,,,,,,,,,,,1,1,1,1.0,1
201300036190,0013-07-17 08:35:00,13,7,17,8,35,820,121,"485, SAINT-NAUPHARY D 99",,,Plein jour,Hors agglomération,Hors intersection,Normale,Deux véhicules - arrière,,,,,,,,,,,1,1,1,1.0,2
201300036191,0013-07-17 10:10:00,13,7,17,10,10,820,121,", 11EME REGIMENT D'INFAN",,,Plein jour,En agglomération,Hors intersection,Normale,Autre collision,,,,,,,,,,,1,2,1,1.0,6
201300036192,0013-08-11 03:40:00,13,8,11,3,40,820,121,"NC, VITARELLE (ROUTE DE",,,Nuit sans éclairage public,Hors agglomération,Hors intersection,Normale,Sans collision,,,,,,,,,,,3,1,1,1.0,7
201300036193,0013-08-13 09:40:00,13,8,13,9,40,820,121,"14, all?e de l'empereur",,,Plein jour,En agglomération,Intersection en X,Normale,Autre collision,,,,,,,,,,,1,2,2,1.0,6
201300036194,0013-08-14 18:20:00,13,8,14,18,20,820,121,AUTOROUTE A 20,,,Plein jour,Hors agglomération,Autre intersection,Normale,Deux véhicules - arrière,,,,,,,,,,,1,1,9,1.0,2
201300036195,0013-08-14 20:35:00,13,8,14,20,35,820,121,"42, 10EME DRAGONS (AVENU",,,Plein jour,En agglomération,Hors intersection,Temps éblouissant,Autre collision,,,,,,,,,,,1,2,1,7.0,6
201300036196,0013-08-16 11:15:00,13,8,16,11,15,820,121,"46, 11EME REGIMENT D'INF",,,Plein jour,En agglomération,Hors intersection,Normale,Autre collision,,,,,,,,,,,1,2,1,1.0,6
201300036197,0013-08-23 09:55:00,13,8,23,9,55,820,121,"15, ALLENDE (RUE DU PRES",,,Plein jour,En agglomération,Hors intersection,Normale,Deux véhicules - côté,,,,,,,,,,,1,2,1,1.0,3
201300036198,0013-08-27 17:53:00,13,8,27,17,53,820,121,"NC, FONNEUVE (AVENUE DE)",,,Plein jour,En agglomération,Intersection en X,Normale,Deux véhicules - côté,,,,,,,,,,,1,2,2,1.0,3
201300036199,0013-08-28 18:10:00,13,8,28,18,10,820,121,"970, TOULOUSE (AVENUE DE",,,Plein jour,En agglomération,Hors intersection,Normale,Deux véhicules - côté,,,,,,,,,,,1,2,1,1.0,3
201300036200,0013-09-03 08:02:00,13,9,3,8,2,820,121,"26, VOLTAIRE (RUE)",,,Plein jour,En agglomération,Intersection en X,Normale,Autre collision,,,,,,,,,,,1,2,2,1.0,6
201300036201,0013-09-03 19:30:00,13,9,3,19,30,820,121,"84, LAFON (RUE DU PASTEU",,,Plein jour,En agglomération,Hors intersection,Normale,Autre collision,,,,,,,,,,,1,2,1,1.0,6
201300036202,0013-09-04 14:41:00,13,9,4,14,41,820,121,"NC, SAPIAC (PONT)",,,Plein jour,En agglomération,Intersection en Y,Normale,Deux véhicules - frontale,,,,,,,,,,,1,2,4,1.0,1
201300036203,0013-09-11 15:35:00,13,9,11,15,35,820,121,"750, DOUMERC (BOULEVARD",,,Plein jour,En agglomération,Hors intersection,Normale,Autre collision,,,,,,,,,,,1,2,1,1.0,6
201300036204,0013-09-25 10:30:00,13,9,25,10,30,820,121,"NC, GUIBERT (PLACE)",,,Plein jour,En agglomération,Intersection en X,Temps éblouissant,Deux véhicules - côté,,,,,,,,,,,1,2,2,7.0,3
201300036205,0013-09-26 09:45:00,13,9,26,9,45,820,121,"NC, ALLENDE (RUE DU PRES",,,Plein jour,En agglomération,Intersection en T,Normale,Deux véhicules - côté,,,,,,,,,,,1,2,3,1.0,3
201300036206,0013-09-30 17:10:00,13,9,30,17,10,820,121,"1, MONTMURAT (QUAI DE)",,,Plein jour,En agglomération,Place,Normale,Deux véhicules - côté,,,,,,,,,,,1,2,7,1.0,3
201300036207,0013-10-02 14:00:00,13,10,2,14,0,820,121,"NC, NEGREPELISSE (AVENUE",,,Plein jour,En agglomération,Intersection en T,Normale,Deux véhicules - côté,,,,,,,,,,,1,2,3,1.0,3
201300036208,0013-10-02 17:08:00,13,10,2,17,8,820,121,"267, MONTECH (AVENUE DE)",,,Plein jour,En agglomération,Hors intersection,Normale,Deux véhicules - frontale,,,,,,,,,,,1,2,1,1.0,1
201300036209,0013-10-04 09:55:00,13,10,4,9,55,820,121,"nc, TASSIGNY ( rond poin",,,Plein jour,En agglomération,Giratoire,Pluie forte,Sans collision,,,,,,,,,,,1,2,6,3.0,7
201300036210,0013-10-05 13:50:00,13,10,5,13,50,820,121,"1650, FAU (ROUTE DU)",,,Plein jour,Hors agglomération,Hors intersection,Normale,Deux véhicules - frontale,,,,,,,,,,,1,1,1,1.0,1