accident_id,datetime,annee,mois,jour,heure,minute,departement,commune_insee,adresse,latitude,longitude,luminosite,agglomeration,intersection,meteo,collision,nb_vehicules,nb_usagers,nb_indemnes,nb_tues,nb_blesses_hosp,nb_blesses_legers,age_cond_1,age_cond_2,veh_type_cond_1,veh_type_cond_2,lum_code,agg_code,int_code,atm_code,col_code
201300036211,0013-10-07 08:00:00,13,10,7,8,0,820,121,SAINT-ETIENNE DE TULMONT,,,Plein jour,Hors agglomération,Hors intersection,Normale,Deux véhicules - arrière,,,,,,,,,,,1,1,1,1.0,2
201300036212,0013-10-13 17:00:00,13,10,13,17,0,820,121,"NC, CHANTILLY (BOULEVARD",,,Plein jour,En agglomération,Hors intersection,Normale,Deux véhicules - côté,,,,,,,,,,,1,2,1,1.0,3
201300036213,0013-10-14 17:30:00,13,10,14,17,30,820,121,"1522, CHAUBART (CHEMIN D",,,Plein jour,Hors agglomération,Hors intersection,Normale,Autre collision,,,,,,,,,,,1,1,1,1.0,6
201300036214,0013-10-19 05:00:00,13,10,19,5,0,820,121,"8, MONTMURAT (QUAI DE)",,,Nuit avec éclairage allumé,En agglomération,Hors intersection,Normale,Autre collision,,,,,,,,,,,5,2,1,1.0,6
201300036215,0013-10-17 18:35:00,13,10,17,18,35,820,121,CHAMPFLEURY (CHEMIN DE),,,Plein jour,Hors agglomération,Intersection en T,Normale,Sans collision,,,,,,,,,,,1,1,3,1.0,7
201300036216,0013-10-26 15:00:00,13,10,26,15,0,820,121,"74, GAMBETTA (AVENUE)",,,Plein jour,En agglomération,Hors intersection,Normale,Autre collision,,,,,,,,,,,1,2,1,1.0,6
201300036217,0013-10-30 18:20:00,13,10,30,18,20,820,121,"970, DUNANT (AVENUE HENR",,,Nuit avec éclairage allumé,En agglomération,Hors intersection,Normale,Deux véhicules - côté,,,,,,,,,,,5,2,1,1.0,3
201300036218,0013-11-12 13:30:00,13,11,12,13,30,820,121,"1500, LEOJAC D 70 (ROUTE",,,Plein jour,Hors agglomération,Hors intersection,Normale,Deux véhicules - frontale,,,,,,,,,,,1,1,1,1.0,1
201300036219,0013-11-18 22:10:00,13,11,18,22,10,820,121,ROUTE DE CASTELSARRASIN,,,Nuit avec éclairage non allumé,En agglomération,Intersection en X,Normale,Deux véhicules - côté,,,,,,,,,,,4,2,2,1.0,3
201300036220,0013-10-31 17:45:00,13,10,31,17,45,820,121,"10, GARRISSON (BOULEVARD",,,Crépuscule ou aube,En agglomération,Hors intersection,Normale,Autre collision,,,,,,,,,,,2,2,1,1.0,6
201300036221,0013-11-20 07:50:00,13,11,20,7,50,820,121,"0, CHAMIER (AVENUE)",,,Nuit avec éclairage allumé,En agglomération,Hors intersection,Normale,Deux véhicules - côté,,,,,,,,,,,5,2,1,1.0,3
201300036222,0013-11-27 22:10:00,13,11,27,22,10,820,121,"nc, TOULOUSE (AVENUE DE)",,,Nuit avec éclairage allumé,En agglomération,Hors intersection,Normale,Deux véhicules - côté,,,,,,,,,,,5,2,1,1.0,3
201300036223,0013-11-28 23:15:00,13,11,28,23,15,820,121,"4370, AUCH (ROUTE D')",,,Nuit sans éclairage public,Hors agglomération,Hors intersection,Normale,Autre collision,,,,,,,,,,,3,1,1,1.0,6
201300036224,0013-11-28 09:00:00,13,11,28,9,0,820,121,"NC, MARGUE (CHEMIN DE LA",,,Plein jour,Hors agglomération,Intersection en T,Normale,Deux véhicules - côté,,,,,,,,,,,1,1,3,1.0,3
201300036225,0013-12-06 13:45:00,13,12,6,13,45,820,121,"40, CHARLES DE GAULLE (a",,,Plein jour,En agglomération,Hors intersection,Normale,Autre collision,,,,,,,,,,,1,2,1,1.0,6
201300036226,0013-12-23 10:15:00,13,12,23,10,15,820,121,"NC, parking leclerc sapi",,,Plein jour,En agglomération,Hors intersection,Temps éblouissant,Autre collision,,,,,,,,,,,1,2,1,7.0,6
201300036227,0013-01-12 15:00:00,13,1,12,15,0,830,50,"75, QUATRE SEPTEMBRE( AV",,,Plein jour,En agglomération,Intersection en T,Normale,Deux véhicules - côté,,,,,,,,,,,1,2,3,1.0,3
201300036228,0013-01-14 10:55:00,13,1,14,10,55,830,50,"2185, GRASSE(AVENUE DE)",,,Plein jour,Hors agglomération,Hors intersection,Normale,Deux véhicules - frontale,,,,,,,,,,,1,1,1,1.0,1
201300036229,0013-01-14 18:10:00,13,1,14,18,10,830,50,JUIN( AVENUE DU MARECHAL,,,Nuit avec éclairage allumé,En agglomération,Hors intersection,Normale,Autre collision,,,,,,,,,,,5,2,1,1.0,6
201300036230,0013-01-31 08:35:00,13,1,31,8,35,830,50,PREMIERE ARMEE(AVENUE DE,43.53198,6.47265,Plein jour,En agglomération,Hors intersection,Normale,Autre collision,,,,,,,,,,,1,2,1,1.0,6
201300036231,0013-02-02 13:40:00,13,2,2,13,40,830,50,FREINET(PLACE CELESTIN),,,Plein jour,En agglomération,Hors intersection,Normale,Deux véhicules - côté,,,,,,,,,,,1,2,1,1.0,3
201300036232,0013-02-14 08:55:00,13,2,14,8,55,830,50,"890, ALLENDE (avenue Sal",,,Plein jour,Hors agglomération,Hors intersection,Temps éblouissant,Deux véhicules - arrière,,,,,,,,,,,1,1,1,7.0,2
201300036233,0013-03-29 23:50:00,13,3,29,23,50,830,50,SALAMANDRIER(BOULEVARD),43.52656,6.45512,Nuit avec éclairage allumé,En agglomération,Hors intersection,Normale,Autre collision,,,,,,,,,,,5,2,1,1.0,6
201300036234,0013-05-07 07:25:00,13,5,7,7,25,830,50,"1, RD 54",,,Plein jour,Hors agglomération,Intersection en T,Normale,Deux véhicules - côté,,,,,,,,,,,1,1,3,1.0,3
201300036235,0013-05-13 11:45:00,13,5,13,11,45,830,50,TUTTLINGEN(AVENUE DE),,,Plein jour,En agglomération,Intersection en T,Normale,Deux véhicules - côté,,,,,,,,,,,1,2,3,1.0,3
201300036236,0013-06-28 16:55:00,13,6,28,16,55,830,50,"912, SCAMARONI(AVENUE FR",,,Plein jour,Hors agglomération,Hors intersection,Normale,Deux véhicules - frontale,,,,,,,,,,,1,1,1,1.0,1
201300036237,0013-07-04 07:00:00,13,7,4,7,0,830,50,"279, ALLENDE (avenue Sal",,,Plein jour,Hors agglomération,Hors intersection,Normale,Deux véhicules - arrière,,,,,,,,,,,1,1,1,1.0,2
201300036238,0013-07-13 17:40:00,13,7,13,17,40,830,50,GRANDE ARMEE(AVENUE DE L,,,Plein jour,En agglomération,Giratoire,Normale,Deux véhicules - côté,,,,,,,,,,,1,2,6,1.0,3
201300036239,0013-07-21 09:55:00,13,7,21,9,55,830,50,BROSSOLETTE(AVENUE  PIER,,,Plein jour,En agglomération,Hors intersection,Temps éblouissant,Autre collision,,,,,,,,,,,1,2,1,7.0,6
201300036240,0013-07-26 20:25:00,13,7,26,20,25,830,50,"602, GALLIENI( AVENUE DU",,,Plein jour,En agglomération,Hors intersection,Normale,Deux véhicules - côté,,,,,,,,,,,1,2,1,1.0,3
201300036241,0013-08-12 23:00:00,13,8,12,23,0,830,141,RD 1555 (DRAGUIGNAN/ LE,,,Nuit avec éclairage allumé,En agglomération,Autre intersection,Normale,Autre collision,,,,,,,,,,,5,2,9,1.0,6
201300036242,0013-08-12 16:20:00,13,8,12,16,20,830,141,RD 1555 (DRAGUIGNAN/ LE,,,Plein jour,Hors agglomération,Hors intersection,Normale,Deux véhicules - arrière,,,,,,,,,,,1,1,1,1.0,2
201300036243,0013-08-20 16:58:00,13,8,20,16,58,830,141,"1, ARCS(ROUTE DES)",,,Plein jour,En agglomération,Hors intersection,Normale,Trois véhicules et plus - collisions multiples,,,,,,,,,,,1,2,1,1.0,5
201300036244,0013-08-22 16:30:00,13,8,22,16,30,830,50,GAMBETTA(AVENUE  LEON),,,Plein jour,Hors agglomération,Intersection en X,Normale,Deux véhicules - côté,,,,,,,,,,,1,1,2,1.0,3
201300036245,0013-09-06 07:40:00,13,9,6,7,40,830,50,BLUM(BOULEVARD LEON),43.52815,6.04809,Plein jour,En agglomération,Hors intersection,Normale,Sans collision,,,,,,,,,,,1,2,1,1.0,7
201300036246,0013-09-01 20:50:00,13,9,1,20,50,830,50,"12, CARNOT(AVENUE LAZARE",43.53197,6.47071,Nuit avec éclairage allumé,En agglomération,Hors intersection,Normale,Deux véhicules - côté,,,,,,,,,,,5,2,1,1.0,3
201300036247,0013-10-07 19:10:00,13,10,7,19,10,830,50,"236, JUIN( AVENUE DU MAR",,,Nuit avec éclairage allumé,En agglomération,Hors intersection,Pluie légère,Autre collision,,,,,,,,,,,5,2,1,2.0,6
201300036248,0013-10-19 14:25:00,13,10,19,14,25,830,50,AV QUATRE SEPTEMBRE,43.53562,6.45829,Plein jour,En agglomération,Intersection en T,Normale,Deux véhicules - côté,,,,,,,,,,,1,2,3,1.0,3
201300036249,0013-10-23 18:05:00,13,10,23,18,5,830,50,DE GAULLE(AVENUE CHARLES,,,Plein jour,En agglomération,Hors intersection,Normale,Trois véhicules et plus - en chaîne,,,,,,,,,,,1,2,1,1.0,4
201300036250,0013-10-24 18:05:00,13,10,24,18,5,830,50,"11, ENDRONNES(RUE DES)",43.53675,6.46416,Plein jour,En agglomération,Hors intersection,Normale,Autre collision,,,,,,,,,,,1,2,1,1.0,6
201300036251,0013-10-26 14:15:00,13,10,26,14,15,830,50,"16, CLEMENCEAU(BOULEVARD",43.53679,6.46357,Plein jour,En agglomération,Hors intersection,Normale,Autre collision,,,,,,,,,,,1,2,1,1.0,6
201300036252,0013-10-28 09:20:00,13,10,28,9,20,830,50,BLUM(BOULEVARD LEON),43.52841,6.47938,Plein jour,En agglomération,Intersection en T,Normale,Deux véhicules - frontale,,,,,,,,,,,1,2,3,1.0,1
201300036253,0013-11-02 21:15:00,13,11,2,21,15,830,50,DE GAULLE(AVENUE CHARLES,,,Nuit avec éclairage allumé,En agglomération,Hors intersection,Normale,Deux véhicules - arrière,,,,,,,,,,,5,2,1,1.0,2
201300036254,0013-11-09 14:40:00,13,11,9,14,40,830,50,"358, MONTFERRAT(AVENUE D",43.54195,6.46056,Plein jour,En agglomération,Hors intersection,Normale,Deux véhicules - côté,,,,,,,,,,,1,2,1,1.0,3
201300036255,0013-10-30 17:55:00,13,10,30,17,55,830,50,MERMOZ(BOULEVARD JEAN),43.5207,6.4687,Plein jour,En agglomération,Hors intersection,Normale,Trois véhicules et plus - en chaîne,,,,,,,,,,,1,2,1,1.0,4
201300036256,0013-12-21 15:25:00,13,12,21,15,25,830,118,RUE MARIUS ALLONGUE,,,Plein jour,En agglomération,Intersection en Y,Pluie légère,Sans collision,,,,,,,,,,,1,2,4,2.0,7
201300036257,0013-12-19 16:55:00,13,12,19,16,55,830,61,"178, RUE GALLIENI",43.42619,6.76278,Crépuscule ou aube,En agglomération,Giratoire,Pluie légère,Autre collision,,,,,,,,,,,2,2,6,2.0,6
201300036258,0013-01-22 09:35:00,13,1,22,9,35,830,118,"53, AVENUE GAL LECLERC",43.4266,6.76833,Plein jour,En agglomération,Hors intersection,Temps éblouissant,Autre collision,,,,,,,,,,,1,2,1,7.0,6
201300036259,0013-01-23 22:20:00,13,1,23,22,20,830,61,AV DU MARECHAL LECLERC,43.42912,6.76199,Nuit avec éclairage allumé,En agglomération,Hors intersection,Temps couvert,Deux véhicules - arrière,,,,,,,,,,,5,2,1,8.0,2
201300036260,0013-02-01 17:25:00,13,2,1,17,25,830,61,"0, D37",,,Plein jour,Hors agglomération,Hors intersection,Normale,Deux véhicules - côté,,,,,,,,,,,1,1,1,1.0,3
201300036261,0013-02-15 17:23:00,13,2,15,17,23,830,61,RUE JEAN JAURES,43.4336,6.73606,Plein jour,En agglomération,Hors intersection,Normale,Autre collision,,,,,,,,,,,1,2,1,1.0,6
201300036262,0013-02-21 11:50:00,13,2,21,11,50,830,118,"0, PROMENADE R.COTY",,,Plein jour,En agglomération,Hors intersection,Normale,Autre collision,,,,,,,,,,,1,2,1,1.0,6
201300036263,0013-03-28 10:50:00,13,3,28,10,50,830,118,AVENUE DU GRATADIS,,,Plein jour,En agglomération,Hors intersection,Pluie légère,Autre collision,,,,,,,,,,,1,2,1,2.0,6
201300036264,0013-03-09 01:25:00,13,3,9,1,25,830,118,"0, ROUTE DES GOLFS",43.45138,6.81538,Nuit sans éclairage public,Hors agglomération,Hors intersection,Pluie légère,Sans collision,,,,,,,,,,,3,1,1,2.0,7
201300036265,0013-04-13 13:00:00,13,4,13,13,0,830,61,"93, BD  DE SEVERIN",,,Plein jour,En agglomération,Hors intersection,Normale,Deux véhicules - arrière,,,,,,,,,,,1,2,1,1.0,2
201300036266,0013-04-20 14:40:00,13,4,20,14,40,830,61,RN7,,,Plein jour,Hors agglomération,Hors intersection,Normale,Deux véhicules - frontale,,,,,,,,,,,1,1,1,1.0,1
201300036267,0013-05-08 10:00:00,13,5,8,10,0,830,61,RUE JEAN CARRARA,43.42413,6.7309,Plein jour,En agglomération,Giratoire,Normale,Deux véhicules - arrière,,,,,,,,,,,1,2,6,1.0,2
201300036268,0013-05-15 08:30:00,13,5,15,8,30,830,61,CD 4,,,Plein jour,Hors agglomération,Hors intersection,Normale,Sans collision,,,,,,,,,,,1,1,1,1.0,7
201300036269,0013-05-23 14:15:00,13,5,23,14,15,830,118,"366, AVENUE DE VALESCURE",43.43977,6.76745,Plein jour,En agglomération,Hors intersection,Normale,Autre collision,,,,,,,,,,,1,2,1,1.0,6
201300036270,0013-05-25 20:20:00,13,5,25,20,20,830,61,"693, RUE DU MALBOUSQUET",43.45726,6.72016,Nuit avec éclairage allumé,En agglomération,Hors intersection,Normale,Autre collision,,,,,,,,,,,5,2,1,1.0,6
201300036271,0013-05-03 15:00:00,13,5,3,15,0,830,61,RUE JOSEPH AUBENAS,43.43413,6.73395,Plein jour,En agglomération,Hors intersection,Normale,Deux véhicules - côté,,,,,,,,,,,1,2,1,1.0,3
201300036272,0013-05-27 19:00:00,13,5,27,19,0,830,61,"0, RN98 ST AYGULF",,,Plein jour,Hors agglomération,Hors intersection,Normale,Trois véhicules et plus - collisions multiples,,,,,,,,,,,1,1,1,1.0,5
201300036273,0013-05-31 07:20:00,13,5,31,7,20,830,61,"111, RUE VAUVENARGUES",43.38727,6.72241,Plein jour,En agglomération,Hors intersection,Normale,Autre collision,,,,,,,,,,,1,2,1,1.0,6
201300036274,0013-05-30 10:15:00,13,5,30,10,15,830,61,AV DU GEN J. CALLIES,,,Plein jour,Hors agglomération,Hors intersection,Normale,Autre collision,,,,,,,,,,,1,1,1,1.0,6
201300036275,0013-06-02 01:35:00,13,6,2,1,35,830,61,"79, Bd de la Liberation",43.42468,6.76041,Nuit avec éclairage allumé,En agglomération,Hors intersection,Normale,Autre collision,,,,,,,,,,,5,2,1,1.0,6
201300036276,0013-05-01 16:35:00,13,5,1,16,35,830,61,"155, AV DU G de  GAULLE",43.43251,6.73337,Plein jour,En agglomération,Hors intersection,Normale,Autre collision,,,,,,,,,,,1,2,1,1.0,6
201300036277,0013-06-04 19:15:00,13,6,4,19,15,830,61,"2705, AV DE LA CORNICHE",,,Plein jour,Hors agglomération,Hors intersection,Normale,Deux véhicules - frontale,,,,,,,,,,,1,1,1,1.0,1
201300036278,0013-05-31 17:40:00,13,5,31,17,40,830,118,"92, AVENUE DES ARENES",43.42808,6.76736,Plein jour,En agglomération,Hors intersection,Normale,Autre collision,,,,,,,,,,,1,2,1,1.0,6
201300036279,0013-06-15 00:20:00,13,6,15,0,20,830,118,"0, BOULEVARD DE LA TRENT",,,Nuit avec éclairage allumé,En agglomération,Hors intersection,Normale,Autre collision,,,,,,,,,,,5,2,1,1.0,6
201300036280,0013-06-23 11:50:00,13,6,23,11,50,830,118,"0, BOULEVARD DE LA PLAGE",,,Plein jour,En agglomération,Hors intersection,Normale,Deux véhicules - côté,,,,,,,,,,,1,2,1,1.0,3
201300036281,0013-05-24 07:30:00,13,5,24,7,30,830,118,"105, AVENUE DU PARADIS",43.43543,6.85857,Plein jour,En agglomération,Hors intersection,Normale,Deux véhicules - frontale,,,,,,,,,,,1,2,1,1.0,1
201300036282,0013-07-01 17:00:00,13,7,1,17,0,830,61,"0, CD 4",,,Plein jour,En agglomération,Hors intersection,Normale,Deux véhicules - côté,,,,,,,,,,,1,2,1,1.0,3
201300036283,0013-06-09 12:40:00,13,6,9,12,40,830,61,ROND-POINT DE L'EUROPE,,,Plein jour,En agglomération,Hors intersection,Normale,Deux véhicules - côté,,,,,,,,,,,1,2,1,1.0,3
201300036284,0013-07-18 11:45:00,13,7,18,11,45,830,118,"350, AVENUE GENERAL LECL",43.42835,6.76534,Plein jour,En agglomération,Intersection en X,Normale,Deux véhicules - côté,,,,,,,,,,,1,2,2,1.0,3
201300036285,0013-07-26 16:40:00,13,7,26,16,40,830,61,"0, RN98 ST AYGULF",,,Plein jour,Hors agglomération,Hors intersection,Normale,Autre collision,,,,,,,,,,,1,1,1,1.0,6
201300036286,0013-08-01 10:50:00,13,8,1,10,50,830,61,"301, AVENUE DU HUIT MAI",43.43261,6.72514,Plein jour,En agglomération,Hors intersection,Normale,Deux véhicules - côté,,,,,,,,,,,1,2,1,1.0,3
201300036287,0013-08-02 08:25:00,13,8,2,8,25,830,61,D7,,,Plein jour,Hors agglomération,Hors intersection,Normale,Deux véhicules - frontale,,,,,,,,,,,1,1,1,1.0,1
201300036288,0013-08-08 09:00:00,13,8,8,9,0,830,118,"0, AVENUE DU GRATADIS",,,Plein jour,En agglomération,Hors intersection,Pluie légère,Autre collision,,,,,,,,,,,1,2,1,2.0,6
201300036289,0013-08-16 14:10:00,13,8,16,14,10,830,61,RN7,,,Plein jour,Hors agglomération,Hors intersection,Normale,Deux véhicules - frontale,,,,,,,,,,,1,1,1,1.0,1
201300036290,0013-08-24 13:00:00,13,8,24,13,0,830,61,"2275, RUE DES COMBATTANT",43.46621,6.72371,Plein jour,En agglomération,Intersection en Y,Normale,Deux véhicules - côté,,,,,,,,,,,1,2,4,1.0,3
201300036291,0013-07-29 14:22:00,13,7,29,14,22,830,118,"0, PROMENADE RENE COTY",,,Plein jour,En agglomération,Autre intersection,Normale,Autre collision,,,,,,,,,,,1,2,9,1.0,6
201300036292,0013-08-28 10:47:00,13,8,28,10,47,830,61,ROND-POINT DE L'AERON,,,Plein jour,En agglomération,Hors intersection,Normale,Deux véhicules - côté,,,,,,,,,,,1,2,1,1.0,3
201300036293,0013-08-07 19:45:00,13,8,7,19,45,830,118,AVENUE DES GOLFS,43.45392,6.80569,Plein jour,En agglomération,Hors intersection,Normale,Autre collision,,,,,,,,,,,1,2,1,1.0,6
201300036294,0013-08-28 14:40:00,13,8,28,14,40,830,118,AVENUE DE VALESCURE,43.45091,6.8088,Plein jour,En agglomération,Hors intersection,Normale,Autre collision,,,,,,,,,,,1,2,1,1.0,6
201300036295,0013-09-24 13:00:00,13,9,24,13,0,830,118,BOULEVARD JEAN MOULIN,43.42783,6.77903,Plein jour,En agglomération,Hors intersection,Normale,Deux véhicules - arrière,,,,,,,,,,,1,2,1,1.0,2
201300036296,0013-09-25 11:50:00,13,9,25,11,50,830,61,RN7,,,Plein jour,Hors agglomération,Autre intersection,Normale,Deux véhicules - côté,,,,,,,,,,,1,1,9,1.0,3
201300036297,0013-09-28 13:10:00,13,9,28,13,10,830,61,D4,,,Plein jour,Hors agglomération,Hors intersection,Normale,Deux véhicules - arrière,,,,,,,,,,,1,1,1,1.0,2
201300036298,0013-09-28 23:00:00,13,9,28,23,0,830,118,"0, ROUTE DE SAINT-BARTH?",,,Nuit sans éclairage public,Hors agglomération,Hors intersection,Normale,Autre collision,,,,,,,,,,,3,1,1,1.0,6
201300036299,0013-09-16 07:35:00,13,9,16,7,35,830,61,RUE DES COMBATTANTS D'A.,,,Plein jour,En agglomération,Intersection en T,Normale,Autre collision,,,,,,,,,,,1,2,3,1.0,6
201300036300,0013-10-20 01:20:00,13,10,20,1,20,830,118,"0, BOULEVARD JEAN MOULIN",43.4274,6.78291,Nuit avec éclairage allumé,En agglomération,Hors intersection,Normale,Deux véhicules - frontale,,,,,,,,,,,5,2,1,1.0,1
201300036301,0013-10-17 09:55:00,13,10,17,9,55,830,61,BOULEVARD DE LA MER,,,Plein jour,En agglomération,Intersection en T,Normale,Trois véhicules et plus - collisions multiples,,,,,,,,,,,1,2,3,1.0,5
201300036302,0013-09-20 19:15:00,13,9,20,19,15,830,118,"0, RUE ANTOINE BARRIERE",43.42228,6.77039,Nuit avec éclairage allumé,En agglomération,Hors intersection,Normale,Sans collision,,,,,,,,,,,5,2,1,1.0,7
201300036303,0013-11-15 22:25:00,13,11,15,22,25,830,61,"0, RN7",,,Nuit sans éclairage public,En agglomération,Hors intersection,Normale,Trois véhicules et plus - en chaîne,,,,,,,,,,,3,2,1,1.0,4
201300036304,0013-11-13 16:20:00,13,11,13,16,20,830,118,"173, QUAI ALBERT 1ER",43.42256,6.76595,Plein jour,En agglomération,Hors intersection,Normale,Autre collision,,,,,,,,,,,1,2,1,1.0,6
201300036305,0013-11-06 15:15:00,13,11,6,15,15,830,61,RN98 ST AYGULF,,,Plein jour,En agglomération,Giratoire,Normale,Deux véhicules - côté,,,,,,,,,,,1,2,6,1.0,3
201300036306,0013-11-22 17:40:00,13,11,22,17,40,830,61,"XXX, CD8",,,Nuit sans éclairage public,Hors agglomération,Intersection en T,Pluie légère,Autre collision,,,,,,,,,,,3,1,3,2.0,6
201300036307,0013-11-25 17:25:00,13,11,25,17,25,830,61,RN7,,,Nuit sans éclairage public,Hors agglomération,Hors intersection,Normale,Deux véhicules - côté,,,,,,,,,,,3,1,1,1.0,3
201300036308,0013-11-27 11:40:00,13,11,27,11,40,830,61,AVENUE DE PORT-FR?JUS,43.42365,6.74903,Plein jour,En agglomération,Intersection en T,Normale,Deux véhicules - frontale,,,,,,,,,,,1,2,3,1.0,1
201300036309,0013-10-10 12:45:00,13,10,10,12,45,830,61,"0, RN7",,,Plein jour,Hors agglomération,Intersection en X,Normale,Deux véhicules - côté,,,,,,,,,,,1,1,2,1.0,3
201300036310,0013-10-26 13:30:00,13,10,26,13,30,830,118,"1, BD EUGENE BRIEUX",,,Plein jour,Hors agglomération,Hors intersection,Normale,Autre collision,,,,,,,,,,,1,1,1,1.0,6
201300036311,0013-11-12 18:00:00,13,11,12,18,0,830,61,PLACE VERNET,43.4343,6.73806,Nuit avec éclairage allumé,En agglomération,Intersection en T,Normale,Deux véhicules - côté,,,,,,,,,,,5,2,3,1.0,3
201300036312,0013-11-29 08:55:00,13,11,29,8,55,830,118,"97, AVENUE GENERAL LECLE",43.42737,6.76701,Plein jour,En agglomération,Hors intersection,Normale,Autre collision,,,,,,,,,,,1,2,1,1.0,6
201300036313,0013-01-06 05:30:00,13,1,6,5,30,830,69,GODILLOT  ( AVENUE ALEXI,,,Nuit avec éclairage allumé,En agglomération,Giratoire,Normale,Autre collision,,,,,,,,,,,5,2,6,1.0,6
201300036314,0013-01-06 17:50:00,13,1,6,17,50,830,69,FRONT DE MER (BOULEVARD),,,Crépuscule ou aube,Hors agglomération,Intersection en T,Normale,Deux véhicules - côté,,,,,,,,,,,2,1,3,1.0,3
201300036315,0013-01-16 21:15:00,13,1,16,21,15,830,69,BEAUREGARD (AV ANDREE-DA,43.11763,6.1263,Nuit avec éclairage allumé,En agglomération,Giratoire,Normale,Deux véhicules - côté,,,,,,,,,,,5,2,6,1.0,3
201300036316,0013-01-17 22:15:00,13,1,17,22,15,830,34,,,,Nuit avec éclairage allumé,En agglomération,Giratoire,Normale,Autre collision,,,,,,,,,,,5,2,6,1.0,6
201300036317,0013-01-19 13:15:00,13,1,19,13,15,830,69,FERRARI (RUE SOLDAT),43.11701,6.13462,Plein jour,En agglomération,Giratoire,Pluie légère,Deux véhicules - côté,,,,,,,,,,,1,2,6,2.0,3
201300036318,0013-02-06 19:10:00,13,2,6,19,10,830,69,GODILLOT  ( AVENUE ALEXI,,,Nuit avec éclairage allumé,En agglomération,Giratoire,Normale,Sans collision,,,,,,,,,,,5,2,6,1.0,7
201300036319,0013-02-04 07:35:00,13,2,4,7,35,830,69,NICE (ROUTE DE),,,Crépuscule ou aube,Hors agglomération,Intersection en T,Normale,Deux véhicules - côté,,,,,,,,,,,2,1,3,1.0,3
201300036320,0013-03-26 18:00:00,13,3,26,18,0,830,69,PIERREFEU (ROUTE DE) RD,,,Plein jour,Hors agglomération,Hors intersection,Normale,Deux véhicules - côté,,,,,,,,,,,1,1,1,1.0,3
201300036321,0013-04-01 17:00:00,13,4,1,17,0,830,69,PEUPLIERS ( RUE DES ),43.12395,6.11184,Crépuscule ou aube,En agglomération,Intersection en T,Pluie légère,Deux véhicules - côté,,,,,,,,,,,2,2,3,2.0,3
201300036322,0013-04-09 21:00:00,13,4,9,21,0,830,69,"1100, TOULON RD 46 ( ROU",43.12598,6.09325,Nuit sans éclairage public,Hors agglomération,Intersection en T,Normale,Deux véhicules - côté,,,,,,,,,,,3,1,3,1.0,3
201300036323,0013-04-12 02:15:00,13,4,12,2,15,830,69,AEROPORT (AVENUE DE L'),,,Nuit avec éclairage allumé,En agglomération,Hors intersection,Pluie légère,Deux véhicules - arrière,,,,,,,,,,,5,2,1,2.0,2
201300036324,0013-04-21 10:15:00,13,4,21,10,15,830,69,GODILLOT  ( AVENUE ALEXI,,,Plein jour,En agglomération,Hors intersection,Normale,Deux véhicules - côté,,,,,,,,,,,1,2,1,1.0,3
201300036325,0013-04-28 10:50:00,13,4,28,10,50,830,69,PIERREFEU (ROUTE DE) RD,,,Plein jour,Hors agglomération,Hors intersection,Pluie légère,Deux véhicules - frontale,,,,,,,,,,,1,1,1,2.0,1
201300036326,0013-04-29 02:50:00,13,4,29,2,50,830,69,ARROMANCHES ( ROND POINT,,,Nuit avec éclairage allumé,En agglomération,Giratoire,Pluie légère,Sans collision,,,,,,,,,,,5,2,6,2.0,7
201300036327,0013-05-08 21:10:00,13,5,8,21,10,830,69,OLBIA  (VOIE),,,Nuit avec éclairage allumé,En agglomération,Intersection en X,Normale,Deux véhicules - côté,,,,,,,,,,,5,2,2,1.0,3
201300036328,0013-05-12 14:50:00,13,5,12,14,50,830,69,CRAU (ROUTE DE LA ),,,Plein jour,En agglomération,Hors intersection,Normale,Autre collision,,,,,,,,,,,1,2,1,1.0,6
201300036329,0013-05-17 07:50:00,13,5,17,7,50,830,69,"1300, LOUBES (ROUTE DES)",,,Plein jour,Hors agglomération,Hors intersection,Normale,Deux véhicules - côté,,,,,,,,,,,1,1,1,1.0,3
201300036330,0013-05-26 02:23:00,13,5,26,2,23,830,69,"601,  MARAIS (ROUTE DES)",43.07998,6.1279,Nuit sans éclairage public,Hors agglomération,Hors intersection,Normale,Autre collision,,,,,,,,,,,3,1,1,1.0,6
201300036331,0013-05-31 01:42:00,13,5,31,1,42,830,69,"833, GIENS (ROUTE DE )",,,Nuit avec éclairage allumé,Hors agglomération,Hors intersection,Normale,Autre collision,,,,,,,,,,,5,1,1,1.0,6
201300036332,0013-06-15 23:55:00,13,6,15,23,55,830,69,"1, GIENS (ROUTE DE )",,,Nuit avec éclairage allumé,En agglomération,Hors intersection,Normale,Deux véhicules - frontale,,,,,,,,,,,5,2,1,1.0,1
201300036333,0013-06-22 01:15:00,13,6,22,1,15,830,69,FRONT DE MER (BOULEVARD),,,Nuit sans éclairage public,Hors agglomération,Hors intersection,Normale,Deux véhicules - arrière,,,,,,,,,,,3,1,1,1.0,2
201300036334,0013-06-23 16:05:00,13,6,23,16,5,830,69,ALMANARRE (ROUTE DE L'),,,Plein jour,Hors agglomération,Hors intersection,Normale,Deux véhicules - frontale,,,,,,,,,,,1,1,1,1.0,1
201300036335,0013-06-23 14:00:00,13,6,23,14,0,830,69,FRONT DE MER (BOULEVARD),,,Plein jour,Hors agglomération,Intersection en T,Normale,Deux véhicules - côté,,,,,,,,,,,1,1,3,1.0,3
201300036336,0013-06-29 23:03:00,13,6,29,23,3,830,69,"1209, SAINT LAZARE ( CHE",43.11776,6.16593,Nuit sans éclairage public,Hors agglomération,Hors intersection,Normale,Sans collision,,,,,,,,,,,3,1,1,1.0,7