accident_id,datetime,annee,mois,jour,heure,minute,departement,commune_insee,adresse,latitude,longitude,luminosite,agglomeration,intersection,meteo,collision,nb_vehicules,nb_usagers,nb_indemnes,nb_tues,nb_blesses_hosp,nb_blesses_legers,age_cond_1,age_cond_2,veh_type_cond_1,veh_type_cond_2,lum_code,agg_code,int_code,atm_code,col_code
201300036462,0013-01-11 15:50:00,13,1,11,15,50,830,137,FILS MARESCOT (AVE DES),,,Plein jour,En agglomération,Intersection en T,Normale,Autre collision,,,,,,,,,,,1,2,3,1.0,6
201300036463,0013-01-31 20:30:00,13,1,31,20,30,830,137,DESCARTES (RUE / AVE),43.12718,5.89431,Nuit avec éclairage allumé,En agglomération,Hors intersection,Normale,Deux véhicules - côté,,,,,,,,,,,5,2,1,1.0,3
201300036464,0013-02-03 14:48:00,13,2,3,14,48,830,90,"d62, GORGES (ROUTE DES)",,,Plein jour,Hors agglomération,Hors intersection,Normale,Deux véhicules - frontale,,,,,,,,,,,1,1,1,1.0,1
201300036465,0013-02-02 19:45:00,13,2,2,19,45,830,144,GRAND VAR (CENTRE COMMER,43.14284,6.01591,Nuit avec éclairage allumé,En agglomération,Hors intersection,Normale,Deux véhicules - côté,,,,,,,,,,,5,2,1,1.0,3
201300036466,0013-02-05 11:18:00,13,2,5,11,18,830,137,LECLERC (AVE GENERAL),,,Plein jour,En agglomération,Hors intersection,Normale,Autre collision,,,,,,,,,,,1,2,1,1.0,6
201300036467,0013-02-07 08:30:00,13,2,7,8,30,830,62,"73, DAUPHINE (IMPASSE DU",43.13,6.02592,Plein jour,En agglomération,Hors intersection,Vent fort / tempête,Sans collision,,,,,,,,,,,1,2,1,6.0,7
201300036468,0013-01-09 09:00:00,13,1,9,9,0,830,137,BROSSET (BD GENERAL),,,Plein jour,En agglomération,Hors intersection,Normale,Deux véhicules - côté,,,,,,,,,,,1,2,1,1.0,3
201300036469,0013-02-06 19:15:00,13,2,6,19,15,830,90,"0, CAPELLANE (ROND POINT",43.12296,5.84798,Nuit avec éclairage allumé,En agglomération,Hors intersection,Normale,Deux véhicules - arrière,,,,,,,,,,,5,2,1,1.0,2
201300036470,0013-02-09 08:50:00,13,2,9,8,50,830,144,UNIVERSITE (AVE DE L'),43.13762,6.01063,Plein jour,En agglomération,Hors intersection,Normale,Autre collision,,,,,,,,,,,1,2,1,1.0,6
201300036471,0013-02-10 06:15:00,13,2,10,6,15,830,144,BIGUE (CAR),,,Nuit avec éclairage allumé,En agglomération,Hors intersection,Normale,Autre collision,,,,,,,,,,,5,2,1,1.0,6
201300036472,0013-01-29 18:20:00,13,1,29,18,20,830,137,"239, BRIAND (AVE ARISTID",,,Nuit avec éclairage allumé,En agglomération,Hors intersection,Normale,Deux véhicules - frontale,,,,,,,,,,,5,2,1,1.0,1
201300036473,0013-02-01 13:15:00,13,2,1,13,15,830,137,"190, OLLIVIER (RUE EMILE",,,Plein jour,En agglomération,Hors intersection,Normale,Autre collision,,,,,,,,,,,1,2,1,1.0,6
201300036474,0013-02-07 17:25:00,13,2,7,17,25,830,137,VALETTE ( ANCIEN chemin),43.13553,5.9741,Crépuscule ou aube,En agglomération,Hors intersection,Normale,Deux véhicules - côté,,,,,,,,,,,2,2,1,1.0,3
201300036475,0013-02-23 05:25:00,13,2,23,5,25,830,137,"0, STRASBOURG (BD DE )",,,Nuit avec éclairage allumé,En agglomération,Hors intersection,Normale,Trois véhicules et plus - en chaîne,,,,,,,,,,,5,2,1,1.0,4
201300036476,0013-01-28 16:40:00,13,1,28,16,40,830,137,"32, ESCAILLON (BD DE L')",43.12875,5.89059,Plein jour,En agglomération,Intersection en Y,Normale,Deux véhicules - côté,,,,,,,,,,,1,2,4,1.0,3
201300036477,0013-02-08 20:10:00,13,2,8,20,10,830,62,1E BAT INF DU PACIFIQUE,,,Nuit sans éclairage public,En agglomération,Intersection en X,Normale,Deux véhicules - côté,,,,,,,,,,,3,2,2,1.0,3
201300036478,0013-02-11 07:15:00,13,2,11,7,15,830,137,PEZOUS (RUE / AVE JEAN),43.13369,5.92641,Plein jour,En agglomération,Hors intersection,Pluie forte,Deux véhicules - arrière,,,,,,,,,,,1,2,1,3.0,2
201300036479,0013-02-20 12:20:00,13,2,20,12,20,830,62,"83, PERI (AVENUE GABRIEL",43.12476,6.0096,Plein jour,En agglomération,Hors intersection,Normale,Autre collision,,,,,,,,,,,1,2,1,1.0,6
201300036480,0013-02-24 22:15:00,13,2,24,22,15,830,137,"0, BON RENCONTRE (ROND P",43.12806,5.90708,Nuit avec éclairage allumé,En agglomération,Giratoire,Normale,Deux véhicules - côté,,,,,,,,,,,5,2,6,1.0,3
201300036481,0013-02-04 10:45:00,13,2,4,10,45,830,103,"17, SALVATTE (IMPASSE DE",43.16747,5.92347,Plein jour,En agglomération,Intersection en T,Normale,Deux véhicules - côté,,,,,,,,,,,1,2,3,1.0,3
201300036482,0013-02-26 09:05:00,13,2,26,9,5,830,98,DE LATTRE (BD DE TASSIGN,,,Plein jour,En agglomération,Intersection en T,Normale,Deux véhicules - côté,,,,,,,,,,,1,2,3,1.0,3
201300036483,0013-03-01 17:35:00,13,3,1,17,35,830,137,PRUNEAU (AVE GENERAL),43.12032,5.95418,Plein jour,En agglomération,Hors intersection,Normale,Deux véhicules - côté,,,,,,,,,,,1,2,1,1.0,3
201300036484,0013-03-02 10:45:00,13,3,2,10,45,830,144,"0, LECLERC (BD MARECHAL)",43.13616,5.98589,Plein jour,En agglomération,Hors intersection,Normale,Autre collision,,,,,,,,,,,1,2,1,1.0,6
201300036485,0013-03-03 12:10:00,13,3,3,12,10,830,62,"640, RABASSON (CHEMIN DE",43.12782,6.02281,Plein jour,En agglomération,Hors intersection,Normale,Deux véhicules - côté,,,,,,,,,,,1,2,1,1.0,3
201300036486,0013-03-05 17:38:00,13,3,5,17,38,830,90,MONNET (AVE JEAN),,,Plein jour,Hors agglomération,Hors intersection,Normale,Trois véhicules et plus - collisions multiples,,,,,,,,,,,1,1,1,1.0,5
201300036487,0013-03-02 17:20:00,13,3,2,17,20,830,137,"0, VAUBAN (AVE)",43.12618,5.92875,Plein jour,En agglomération,Hors intersection,Normale,Autre collision,,,,,,,,,,,1,2,1,1.0,6
201300036488,0013-03-03 13:05:00,13,3,3,13,5,830,137,"57, CAMUS (AVE ALBERT)",43.13448,5.88237,Plein jour,En agglomération,Hors intersection,Normale,Deux véhicules - côté,,,,,,,,,,,1,2,1,1.0,3
201300036489,0013-03-05 11:30:00,13,3,5,11,30,830,137,"0, DARDANELLES (AVE DES)",43.1284,5.92421,Plein jour,En agglomération,Hors intersection,Pluie légère,Deux véhicules - arrière,,,,,,,,,,,1,2,1,2.0,2
201300036490,0013-03-09 11:50:00,13,3,9,11,50,830,137,"60, CUZIN (AVE FRANCOIS)",43.12169,5.94203,Plein jour,En agglomération,Hors intersection,Normale,Deux véhicules - côté,,,,,,,,,,,1,2,1,1.0,3
201300036491,0013-03-15 15:25:00,13,3,15,15,25,830,137,"23, TESSE (BD DE)",43.12782,5.92987,Plein jour,En agglomération,Hors intersection,Normale,Autre collision,,,,,,,,,,,1,2,1,1.0,6
201300036492,0013-03-14 09:30:00,13,3,14,9,30,830,90,"0, GARE (ROUTE DE LA)",43.12349,5.83041,Plein jour,En agglomération,Hors intersection,Normale,Deux véhicules - frontale,,,,,,,,,,,1,2,1,1.0,1
201300036493,0013-03-15 10:00:00,13,3,15,10,0,830,137,LACORDAIRE (RUE / TRAV),43.13186,5.91712,Plein jour,En agglomération,Hors intersection,Normale,Autre collision,,,,,,,,,,,1,2,1,1.0,6
201300036494,0013-03-16 16:30:00,13,3,16,16,30,830,137,"0, SAINTE GERMAINE (RUE)",43.1242,5.9481,Plein jour,En agglomération,Intersection en X,Normale,Deux véhicules - côté,,,,,,,,,,,1,2,2,1.0,3
201300036495,0013-03-22 16:00:00,13,3,22,16,0,830,137,"220, MICHELETC (BD JULES",43.11504,5.94536,Plein jour,En agglomération,Hors intersection,Normale,Autre collision,,,,,,,,,,,1,2,1,1.0,6
201300036496,0013-03-23 21:30:00,13,3,23,21,30,830,144,"1, LAVOISIER (AVE)",43.1389,5.9994,Nuit avec éclairage allumé,En agglomération,Hors intersection,Pluie légère,Autre collision,,,,,,,,,,,5,2,1,2.0,6
201300036497,0013-03-28 10:30:00,13,3,28,10,30,830,137,"242, CHARLEUX (AVE JULES",,,Plein jour,En agglomération,Hors intersection,Pluie légère,Deux véhicules - arrière,,,,,,,,,,,1,2,1,2.0,2
201300036498,0013-04-03 07:40:00,13,4,3,7,40,830,137,PICOT (AVE DU COLONEL),,,Plein jour,En agglomération,Hors intersection,Normale,Deux véhicules - côté,,,,,,,,,,,1,2,1,1.0,3
201300036499,0013-03-10 16:35:00,13,3,10,16,35,830,90,SANARY (ROUTE DE),,,Plein jour,Hors agglomération,Hors intersection,Normale,Trois véhicules et plus - collisions multiples,,,,,,,,,,,1,1,1,1.0,5
201300036500,0013-04-09 16:15:00,13,4,9,16,15,830,90,"0, FAVEYROLLES (ROUTE DE",,,Plein jour,Hors agglomération,Autre intersection,Normale,Trois véhicules et plus - collisions multiples,,,,,,,,,,,1,1,9,1.0,5
201300036501,0013-04-06 22:00:00,13,4,6,22,0,830,137,"167, BROSSET (BD GENERAL",,,Nuit avec éclairage allumé,En agglomération,Intersection en T,Pluie légère,Deux véhicules - côté,,,,,,,,,,,5,2,3,2.0,3
201300036502,0013-04-09 16:30:00,13,4,9,16,30,830,137,"0, CAMUS (AVE ALBERT)",43.13387,5.88204,Plein jour,En agglomération,Hors intersection,Normale,Deux véhicules - côté,,,,,,,,,,,1,2,1,1.0,3
201300036503,0013-04-11 15:30:00,13,4,11,15,30,830,137,BIR-HAKEIM (ROND POINT),43.12135,5.94041,Plein jour,En agglomération,Giratoire,Normale,Deux véhicules - côté,,,,,,,,,,,1,2,6,1.0,3
201300036504,0013-03-25 14:40:00,13,3,25,14,40,830,137,DARDANELLES (AVE DES),43.12844,5.92437,Plein jour,En agglomération,Hors intersection,Normale,Autre collision,,,,,,,,,,,1,2,1,1.0,6
201300036505,0013-04-09 09:05:00,13,4,9,9,5,830,62,"0, PREMIER (BAT.INF.DU P",,,Plein jour,En agglomération,Hors intersection,Normale,Deux véhicules - arrière,,,,,,,,,,,1,2,1,1.0,2
201300036506,0013-04-16 16:40:00,13,4,16,16,40,830,137,FABRE (PROMENADE HENRI),43.1077,5.95005,Plein jour,En agglomération,Hors intersection,Normale,Autre collision,,,,,,,,,,,1,2,1,1.0,6
201300036507,0013-04-18 08:30:00,13,4,18,8,30,830,137,SCARONNE (ROND POINT G.J,43.13557,5.97751,Plein jour,En agglomération,Giratoire,Normale,Deux véhicules - côté,,,,,,,,,,,1,2,6,1.0,3
201300036508,0013-04-18 16:40:00,13,4,18,16,40,830,62,"0, L'HERMINIER (AVENUE J",43.12853,6.02,Plein jour,En agglomération,Giratoire,Normale,Deux véhicules - côté,,,,,,,,,,,1,2,6,1.0,3
201300036509,0013-04-09 16:35:00,13,4,9,16,35,830,137,MALON (AVE BENOIT),43.12284,5.95534,Plein jour,En agglomération,Intersection en X,Normale,Deux véhicules - côté,,,,,,,,,,,1,2,2,1.0,3
201300036510,0013-04-16 15:55:00,13,4,16,15,55,830,62,ROUTE NATIONALE 98,,,Plein jour,En agglomération,Intersection en T,Normale,Deux véhicules - côté,,,,,,,,,,,1,2,3,1.0,3
201300036511,0013-04-17 11:40:00,13,4,17,11,40,830,137,"929, BRIAND (AVE ARISTID",,,Plein jour,En agglomération,Hors intersection,Normale,Deux véhicules - arrière,,,,,,,,,,,1,2,1,1.0,2
201300036512,0013-04-23 10:15:00,13,4,23,10,15,830,98,"350, PREMIERE (D.F.L)",43.1069,6.01862,Plein jour,En agglomération,Hors intersection,Normale,Autre collision,,,,,,,,,,,1,2,1,1.0,6
201300036513,0013-04-19 16:55:00,13,4,19,16,55,830,144,"240, VALERY (AVE PAUL)",43.12846,5.98846,Plein jour,En agglomération,Hors intersection,Pluie légère,Autre collision,,,,,,,,,,,1,2,1,2.0,6
201300036514,0013-04-20 18:20:00,13,4,20,18,20,830,137,"430, GOURAUD (AVE GENERA",,,Plein jour,En agglomération,Hors intersection,Pluie légère,Deux véhicules - arrière,,,,,,,,,,,1,2,1,2.0,2
201300036515,0013-04-22 11:30:00,13,4,22,11,30,830,62,DRAGUIGNAN (AVENUE DE),,,Plein jour,En agglomération,Intersection en X,Normale,Deux véhicules - côté,,,,,,,,,,,1,2,2,1.0,3
201300036516,0013-05-02 16:00:00,13,5,2,16,0,830,137,"0, REVEL (RUE)",43.12656,5.92706,Plein jour,En agglomération,Hors intersection,Normale,Autre collision,,,,,,,,,,,1,2,1,1.0,6
201300036517,0013-04-28 15:15:00,13,4,28,15,15,830,62,"21, MANDELA (AVENUE NELS",43.12813,6.01937,Plein jour,En agglomération,Hors intersection,Normale,Sans collision,,,,,,,,,,,1,2,1,1.0,7
201300036518,0013-05-06 14:00:00,13,5,6,14,0,830,62,PREM BAT.INF.DU PACIF,43.13179,6.01576,Plein jour,En agglomération,Hors intersection,Normale,Autre collision,,,,,,,,,,,1,2,1,1.0,6
201300036519,0013-04-12 09:05:00,13,4,12,9,5,830,137,DEMOCRATIE (BD DE LA),43.12594,5.93875,Plein jour,En agglomération,Hors intersection,Normale,Trois véhicules et plus - en chaîne,,,,,,,,,,,1,2,1,1.0,4
201300036520,0013-04-24 18:00:00,13,4,24,18,0,830,137,"600, ARMARIS (BD DES)",43.12356,5.982,Plein jour,En agglomération,Hors intersection,Normale,Trois véhicules et plus - en chaîne,,,,,,,,,,,1,2,1,1.0,4
201300036521,0013-05-10 16:50:00,13,5,10,16,50,830,137,"57, Bd BAZEILLES",43.11282,5.93922,Plein jour,En agglomération,Intersection en T,Normale,Autre collision,,,,,,,,,,,1,2,3,1.0,6
201300036522,0013-05-02 16:25:00,13,5,2,16,25,830,98,"0, GANZIN (AVENUE DE)",,,Plein jour,En agglomération,Hors intersection,Temps couvert,Deux véhicules - arrière,,,,,,,,,,,1,2,1,8.0,2
201300036523,0013-05-11 13:15:00,13,5,11,13,15,830,62,"298, GANCE (AVENUE ABEL)",,,Plein jour,En agglomération,Hors intersection,Normale,Autre collision,,,,,,,,,,,1,2,1,1.0,6
201300036524,0013-05-02 08:00:00,13,5,2,8,0,830,137,ROUTES (AVE DES),,,Plein jour,En agglomération,Intersection en T,Normale,Autre collision,,,,,,,,,,,1,2,3,1.0,6
201300036525,0013-05-03 10:45:00,13,5,3,10,45,830,90,SEYNE (ROUTE DE LA),,,Plein jour,En agglomération,Hors intersection,Normale,Trois véhicules et plus - collisions multiples,,,,,,,,,,,1,2,1,1.0,5
201300036526,0013-05-06 17:45:00,13,5,6,17,45,830,137,"65, AVE FOCH",43.12641,5.92479,Plein jour,En agglomération,Hors intersection,Normale,Deux véhicules - arrière,,,,,,,,,,,1,2,1,1.0,2
201300036527,0013-05-09 11:15:00,13,5,9,11,15,830,137,15EME CORPS (AVE DU),43.12304,6.14433,Plein jour,En agglomération,Hors intersection,Normale,Autre collision,,,,,,,,,,,1,2,1,1.0,6
201300036528,0013-05-12 16:10:00,13,5,12,16,10,830,90,SANARY (ROUTE DE),,,Plein jour,Hors agglomération,Hors intersection,Normale,Deux véhicules - arrière,,,,,,,,,,,1,1,1,1.0,2
201300036529,0013-05-14 21:40:00,13,5,14,21,40,830,137,57 AVE JOSEPH GASQUET,,,Nuit avec éclairage allumé,En agglomération,Hors intersection,Pluie légère,Deux véhicules - arrière,,,,,,,,,,,5,2,1,2.0,2
201300036530,0013-04-26 16:10:00,13,4,26,16,10,830,137,PERI  (PLACE GABRIEL),43.12618,5.92583,Plein jour,En agglomération,Intersection en X,Normale,Deux véhicules - côté,,,,,,,,,,,1,2,2,1.0,3
201300036531,0013-04-16 10:30:00,13,4,16,10,30,830,90,"0, SANARY (ROUTE DE)",,,Plein jour,Hors agglomération,Hors intersection,Normale,Deux véhicules - côté,,,,,,,,,,,1,1,1,1.0,3
201300036532,0013-05-21 18:35:00,13,5,21,18,35,830,144,GIRAUD (AVE),43.13496,5.98141,Plein jour,En agglomération,Hors intersection,Normale,Autre collision,,,,,,,,,,,1,2,1,1.0,6
201300036533,0013-05-10 18:30:00,13,5,10,18,30,830,137,"1167, RESISTANCE (AVE /",43.11376,5.95785,Plein jour,En agglomération,Hors intersection,Normale,Autre collision,,,,,,,,,,,1,2,1,1.0,6
201300036534,0013-05-22 16:45:00,13,5,22,16,45,830,137,PICOT (AVE DU COLONEL),,,Plein jour,En agglomération,Hors intersection,Normale,Deux véhicules - côté,,,,,,,,,,,1,2,1,1.0,3
201300036535,0013-05-23 16:30:00,13,5,23,16,30,830,137,"51, PONT DE BOIS (CHEMIN",43.13135,5.90509,Plein jour,En agglomération,Intersection en T,Normale,Deux véhicules - côté,,,,,,,,,,,1,2,3,1.0,3
201300036536,0013-05-25 04:00:00,13,5,25,4,0,830,137,"827, MISTRAL (ALLEE / LI",,,Nuit avec éclairage allumé,En agglomération,Hors intersection,Normale,Autre collision,,,,,,,,,,,5,2,1,1.0,6
201300036537,0013-05-24 17:10:00,13,5,24,17,10,830,137,"363, PICOT (AVE DU COLON",,,Plein jour,En agglomération,Hors intersection,Normale,Autre collision,,,,,,,,,,,1,2,1,1.0,6
201300036538,0013-05-27 13:20:00,13,5,27,13,20,830,137,CLEMENCEAU (BD GEORGES),,,Plein jour,En agglomération,Hors intersection,Normale,Autre collision,,,,,,,,,,,1,2,1,1.0,6
201300036539,0013-05-28 07:45:00,13,5,28,7,45,830,137,LAINDET LALONDE (RUE),43.12104,5.93524,Plein jour,En agglomération,Intersection en X,Temps couvert,Deux véhicules - côté,,,,,,,,,,,1,2,2,8.0,3
201300036540,0013-05-25 11:10:00,13,5,25,11,10,830,62,DUCLOS (AVENUE JACQUES),43.12046,6.01121,Plein jour,En agglomération,Intersection en X,Normale,Deux véhicules - côté,,,,,,,,,,,1,2,2,1.0,3
201300036541,0013-05-29 12:50:00,13,5,29,12,50,830,137,ARMARIS (BD DES),43.12794,5.9817,Plein jour,En agglomération,Hors intersection,Normale,Deux véhicules - frontale,,,,,,,,,,,1,2,1,1.0,1
201300036542,0013-05-30 15:45:00,13,5,30,15,45,830,62,"121, DELAGE (RUE MARC)",43.12493,6.00753,Plein jour,En agglomération,Hors intersection,Normale,Deux véhicules - côté,,,,,,,,,,,1,2,1,1.0,3
201300036543,0013-06-02 15:15:00,13,6,2,15,15,830,144,LIBERATION (AVE DE LA),,,Plein jour,En agglomération,Intersection en X,Normale,Deux véhicules - arrière,,,,,,,,,,,1,2,2,1.0,2
201300036544,0013-05-31 19:00:00,13,5,31,19,0,830,137,"256, 15EME CORPS (AVE DU",43.12851,5.91443,Plein jour,En agglomération,Hors intersection,Normale,Autre collision,,,,,,,,,,,1,2,1,1.0,6
201300036545,0013-06-02 19:08:00,13,6,2,19,8,830,137,HERRIOT (AVE EDOUARD),,,Plein jour,En agglomération,Hors intersection,Normale,Deux véhicules - côté,,,,,,,,,,,1,2,1,1.0,3
201300036546,0013-06-06 13:30:00,13,6,6,13,30,830,137,"48, STRASBOURG (BD DE )",,,Plein jour,En agglomération,Hors intersection,Normale,Autre collision,,,,,,,,,,,1,2,1,1.0,6
201300036547,0013-06-06 17:00:00,13,6,6,17,0,830,62,MAILLOT (ALLEE ARISTIDE),43.1279,6.01333,Plein jour,En agglomération,Hors intersection,Normale,Autre collision,,,,,,,,,,,1,2,1,1.0,6
201300036548,0013-06-07 09:00:00,13,6,7,9,0,830,137,VERT COTEAU (AVE DU),43.12565,5.94588,Plein jour,En agglomération,Intersection en X,Normale,Deux véhicules - côté,,,,,,,,,,,1,2,2,1.0,3
201300036549,0013-06-05 22:30:00,13,6,5,22,30,830,137,"1, IMPASSE HONORE",43.12441,5.95446,Nuit avec éclairage non allumé,En agglomération,Intersection en X,Normale,Deux véhicules - côté,,,,,,,,,,,4,2,2,1.0,3
201300036550,0013-05-29 18:10:00,13,5,29,18,10,830,90,"0, MONNET (AVE JEAN)",,,Plein jour,Hors agglomération,Autre intersection,Temps éblouissant,Trois véhicules et plus - collisions multiples,,,,,,,,,,,1,1,9,7.0,5
201300036551,0013-06-08 20:50:00,13,6,8,20,50,830,98,BROSSET (AVENUE DU GEN),,,Nuit avec éclairage allumé,En agglomération,Intersection en T,Normale,Deux véhicules - arrière,,,,,,,,,,,5,2,3,1.0,2
201300036552,0013-06-12 23:00:00,13,6,12,23,0,830,98,RAIMU (AVENUE),43.10666,6.01655,Nuit avec éclairage allumé,En agglomération,Hors intersection,Normale,Deux véhicules - côté,,,,,,,,,,,5,2,1,1.0,3
201300036553,0013-06-14 22:50:00,13,6,14,22,50,830,137,"0, REPUBLIQUE (AVE DE LA",43.11894,5.9348,Nuit avec éclairage allumé,En agglomération,Intersection en T,Normale,Autre collision,,,,,,,,,,,5,2,3,1.0,6
201300036554,0013-06-17 08:55:00,13,6,17,8,55,830,62,HOUOT (AVENUE CDT),,,Plein jour,En agglomération,Hors intersection,Normale,Autre collision,,,,,,,,,,,1,2,1,1.0,6
201300036555,0013-06-14 23:40:00,13,6,14,23,40,830,137,RESISTANCE (AVE / IMP DE,43.11836,5.94593,Nuit avec éclairage allumé,En agglomération,Intersection en X,Normale,Deux véhicules - côté,,,,,,,,,,,5,2,2,1.0,3
201300036556,0013-06-13 10:45:00,13,6,13,10,45,830,137,FONTAN (AVE DU DOCTEUR),,,Plein jour,En agglomération,Hors intersection,Normale,Deux véhicules - arrière,,,,,,,,,,,1,2,1,1.0,2
201300036557,0013-06-13 13:00:00,13,6,13,13,0,830,137,MISSIESSY (HLM),43.12645,5.90769,Plein jour,En agglomération,Hors intersection,Normale,Autre collision,,,,,,,,,,,1,2,1,1.0,6
201300036558,0013-06-15 11:30:00,13,6,15,11,30,830,137,BROSSET (BD GENERAL),43.12823,5.90602,Plein jour,En agglomération,Intersection en T,Normale,Autre collision,,,,,,,,,,,1,2,3,1.0,6
201300036559,0013-06-17 17:00:00,13,6,17,17,0,830,137,GROIGNARD (AVE),,,Plein jour,En agglomération,Intersection en X,Normale,Autre collision,,,,,,,,,,,1,2,2,1.0,6
201300036560,0013-06-18 13:50:00,13,6,18,13,50,830,137,DE LATTRE DE TASS. (Av),43.11532,5.93843,Plein jour,En agglomération,Hors intersection,Normale,Autre collision,,,,,,,,,,,1,2,1,1.0,6
201300036561,0013-06-18 18:40:00,13,6,18,18,40,830,137,"785, FORGENTIER (CHEMIN",43.13706,5.89736,Plein jour,En agglomération,Hors intersection,Normale,Deux véhicules - arrière,,,,,,,,,,,1,2,1,1.0,2
201300036562,0013-06-30 06:25:00,13,6,30,6,25,830,137,"0, FOCH (AVE DU MARECHAL",43.12652,5.92423,Plein jour,En agglomération,Hors intersection,Normale,Autre collision,,,,,,,,,,,1,2,1,1.0,6
201300036563,0013-06-20 17:20:00,13,6,20,17,20,830,137,PICOT (AVE DU COLONEL),,,Plein jour,En agglomération,Intersection en T,Normale,Deux véhicules - côté,,,,,,,,,,,1,2,3,1.0,3
201300036564,0013-06-30 23:00:00,13,6,30,23,0,830,137,RESISTANCE (AVE / IMP DE,,,Nuit avec éclairage allumé,En agglomération,Intersection en X,Normale,Deux véhicules - côté,,,,,,,,,,,5,2,2,1.0,3
201300036565,0013-06-24 07:50:00,13,6,24,7,50,830,137,"298, FABRE (BD HENRI)",43.11865,5.94487,Plein jour,En agglomération,Hors intersection,Normale,Deux véhicules - côté,,,,,,,,,,,1,2,1,1.0,3
201300036566,0013-06-24 11:35:00,13,6,24,11,35,830,137,JOFFRE (BD MARECHAL),,,Plein jour,En agglomération,Intersection en X,Normale,Deux véhicules - côté,,,,,,,,,,,1,2,2,1.0,3
201300036567,0013-06-28 22:03:00,13,6,28,22,3,830,137,SAINT ROCH (AVE),,,Nuit avec éclairage allumé,En agglomération,Hors intersection,Normale,Deux véhicules - côté,,,,,,,,,,,5,2,1,1.0,3
201300036568,0013-07-04 18:55:00,13,7,4,18,55,830,137,RESISTANCE (AVE / IMP DE,43.11375,5.95811,Plein jour,Hors agglomération,Hors intersection,Normale,Autre collision,,,,,,,,,,,1,1,1,1.0,6
201300036569,0013-07-07 16:00:00,13,7,7,16,0,830,137,BONAPARTE (ROND POINT DU,43.11779,5.93584,Plein jour,En agglomération,Hors intersection,Normale,Autre collision,,,,,,,,,,,1,2,1,1.0,6
201300036570,0013-07-08 08:40:00,13,7,8,8,40,830,62,INDOCHINE (rond point),43.13084,6.02308,Plein jour,En agglomération,Giratoire,Normale,Deux véhicules - côté,,,,,,,,,,,1,2,6,1.0,3
201300036571,0013-06-28 11:10:00,13,6,28,11,10,830,137,VAL D'ARDENE (ROUTE DU),,,Plein jour,En agglomération,Hors intersection,Normale,Deux véhicules - frontale,,,,,,,,,,,1,2,1,1.0,1
201300036572,0013-07-08 10:55:00,13,7,8,10,55,830,137,DE LATTRE DE TASSIGNY (A,43.11419,5.93934,Plein jour,En agglomération,Hors intersection,Normale,Autre collision,,,,,,,,,,,1,2,1,1.0,6
201300036573,0013-07-01 11:45:00,13,7,1,11,45,830,137,"273, HERRIOT (AVE EDOUAR",,,Plein jour,En agglomération,Hors intersection,Normale,Autre collision,,,,,,,,,,,1,2,1,1.0,6
201300036574,0013-07-04 12:20:00,13,7,4,12,20,830,137,"485, BRIAND (AVE ARISTID",,,Plein jour,En agglomération,Hors intersection,Normale,Autre collision,,,,,,,,,,,1,2,1,1.0,6
201300036575,0013-07-14 04:30:00,13,7,14,4,30,830,137,"343, VICTOIRE 8 MAI 45",43.13146,5.93056,Nuit avec éclairage allumé,En agglomération,Hors intersection,Normale,Trois véhicules et plus - collisions multiples,,,,,,,,,,,5,2,1,1.0,5
201300036576,0013-07-18 20:45:00,13,7,18,20,45,830,62,RABASSON (CHEMIN DE),43.12617,6.01724,Plein jour,En agglomération,Hors intersection,Normale,Sans collision,,,,,,,,,,,1,2,1,1.0,7
201300036577,0013-07-05 02:55:00,13,7,5,2,55,830,137,MALON (AVE BENOIT),43.12187,5.9556,Nuit avec éclairage allumé,En agglomération,Intersection en X,Normale,Deux véhicules - côté,,,,,,,,,,,5,2,2,1.0,3
201300036578,0013-07-11 08:15:00,13,7,11,8,15,830,144,LECLERC (BD MARECHAL),,,Plein jour,En agglomération,Hors intersection,Normale,Deux véhicules - côté,,,,,,,,,,,1,2,1,1.0,3
201300036579,0013-07-12 20:00:00,13,7,12,20,0,830,137,PICOT (AVE DU COLONEL),,,Plein jour,En agglomération,Intersection en T,Normale,Deux véhicules - côté,,,,,,,,,,,1,2,3,1.0,3
201300036580,0013-07-19 11:45:00,13,7,19,11,45,830,144,"0, NEEL (Rue Louis)",43.14035,6.00967,Plein jour,En agglomération,Intersection en T,Normale,Deux véhicules - côté,,,,,,,,,,,1,2,3,1.0,3
201300036581,0013-07-18 02:21:00,13,7,18,2,21,830,137,"171, VERT COTEAU (AVE DU",43.12528,5.943,Nuit avec éclairage allumé,En agglomération,Hors intersection,Normale,Sans collision,,,,,,,,,,,5,2,1,1.0,7
201300036582,0013-07-24 20:00:00,13,7,24,20,0,830,144,PASTEUR (AVE),43.13482,5.98309,Plein jour,En agglomération,Hors intersection,Normale,Deux véhicules - côté,,,,,,,,,,,1,2,1,1.0,3
201300036583,0013-07-25 23:30:00,13,7,25,23,30,830,137,MER (CHEMIN DE LA),43.10821,5.97983,Nuit sans éclairage public,En agglomération,Hors intersection,Normale,Autre collision,,,,,,,,,,,3,2,1,1.0,6
201300036584,0013-07-20 10:00:00,13,7,20,10,0,830,137,"0, NICOLAS (BD COMMANDAN",43.1267,5.93539,Plein jour,En agglomération,Hors intersection,Normale,Trois véhicules et plus - en chaîne,,,,,,,,,,,1,2,1,1.0,4