accident_id,datetime,annee,mois,jour,heure,minute,departement,commune_insee,adresse,latitude,longitude,luminosite,agglomeration,intersection,meteo,collision,nb_vehicules,nb_usagers,nb_indemnes,nb_tues,nb_blesses_hosp,nb_blesses_legers,age_cond_1,age_cond_2,veh_type_cond_1,veh_type_cond_2,lum_code,agg_code,int_code,atm_code,col_code
201300036964,0013-05-23 01:15:00,13,5,23,1,15,860,157,RN 147,,,Nuit sans éclairage public,Hors agglomération,Hors intersection,Normale,Deux véhicules - arrière,,,,,,,,,,,3,1,1,1.0,2
201300036965,0013-05-23 13:30:00,13,5,23,13,30,860,194,"., NORTHAMPTON (AVENUE D",,,Plein jour,En agglomération,Giratoire,Normale,Deux véhicules - côté,,,,,,,,,,,1,2,6,1.0,3
201300036966,0013-05-24 23:25:00,13,5,24,23,25,860,194,EUROPE (AVENUE DE L'),,,Nuit avec éclairage allumé,En agglomération,Intersection en X,Normale,Deux véhicules - côté,,,,,,,,,,,5,2,2,1.0,3
201300036967,0013-06-01 06:15:00,13,6,1,6,15,860,194,CHARLES MARTEL (PLACE),,,Crépuscule ou aube,En agglomération,Place,Normale,Autre collision,,,,,,,,,,,2,2,7,1.0,6
201300036968,0013-06-03 09:10:00,13,6,3,9,10,860,157,"14, CHAUVIGNY (ROUTE DE)",,,Plein jour,En agglomération,Hors intersection,Normale,Trois véhicules et plus - collisions multiples,,,,,,,,,,,1,2,1,1.0,5
201300036969,0013-06-05 14:35:00,13,6,5,14,35,860,41,RN 147 BUXEROLLES,,,Plein jour,Hors agglomération,Hors intersection,Normale,Deux véhicules - arrière,,,,,,,,,,,1,1,1,1.0,2
201300036970,0013-06-05 18:30:00,13,6,5,18,30,860,194,"., NIMEGUE (RUE DE)",,,Plein jour,En agglomération,Intersection en T,Normale,Deux véhicules - côté,,,,,,,,,,,1,2,3,1.0,3
201300036971,0013-06-07 11:00:00,13,6,7,11,0,860,194,"0, JEAN JAURES (RUE)",,,Plein jour,En agglomération,Intersection en X,Temps éblouissant,Autre collision,,,,,,,,,,,1,2,2,7.0,6
201300036972,0013-06-10 16:45:00,13,6,10,16,45,860,157,LIMOGES (ROUTE DE),,,Plein jour,Hors agglomération,Hors intersection,Normale,Autre collision,,,,,,,,,,,1,1,1,1.0,6
201300036973,0013-06-11 16:10:00,13,6,11,16,10,860,194,"1, PIQUETTERIE (RUE DE L",,,Plein jour,En agglomération,Hors intersection,Normale,Deux véhicules - frontale,,,,,,,,,,,1,2,1,1.0,1
201300036974,0013-06-17 01:25:00,13,6,17,1,25,860,194,"162, BONNES (ROUTE DE)",,,Nuit avec éclairage allumé,En agglomération,Hors intersection,Normale,Autre collision,,,,,,,,,,,5,2,1,1.0,6
201300036975,0013-06-17 13:50:00,13,6,17,13,50,860,194,GIBAUDERIE (RUE DE LA),,,Plein jour,En agglomération,Giratoire,Normale,Deux véhicules - côté,,,,,,,,,,,1,2,6,1.0,3
201300036976,0013-06-18 09:25:00,13,6,18,9,25,860,214,"6, CHANTEJEAU (RUE DE)",,,Plein jour,En agglomération,Hors intersection,Pluie forte,Autre collision,,,,,,,,,,,1,2,1,3.0,6
201300036977,0013-06-18 12:00:00,13,6,18,12,0,860,194,"54, NANTES (AVENUE DE)",,,Plein jour,En agglomération,Hors intersection,Pluie forte,Sans collision,,,,,,,,,,,1,2,1,3.0,7
201300036978,0013-06-24 07:35:00,13,6,24,7,35,860,214,"., HAUTS DE LA CHAUME (A",,,Plein jour,En agglomération,Intersection en X,Normale,Deux véhicules - côté,,,,,,,,,,,1,2,2,1.0,3
201300036979,0013-06-26 09:10:00,13,6,26,9,10,860,194,EUROPE (AVENUE DE L'),,,Plein jour,En agglomération,Intersection en X,Normale,Deux véhicules - arrière,,,,,,,,,,,1,2,2,1.0,2
201300036980,0013-07-02 19:15:00,13,7,2,19,15,860,194,8 MAI 1945 (AVENUE DU),,,Plein jour,En agglomération,Giratoire,Normale,Deux véhicules - côté,,,,,,,,,,,1,2,6,1.0,3
201300036981,0013-07-03 09:00:00,13,7,3,9,0,860,157,LIMOGES (ROUTE DE),,,Plein jour,Hors agglomération,Hors intersection,Normale,Deux véhicules - arrière,,,,,,,,,,,1,1,1,1.0,2
201300036982,0013-07-03 15:10:00,13,7,3,15,10,860,194,"221, FAUBOURG PONT NEUF",,,Plein jour,En agglomération,Hors intersection,Normale,Trois véhicules et plus - en chaîne,,,,,,,,,,,1,2,1,1.0,4
201300036983,0013-07-03 20:15:00,13,7,3,20,15,860,214,ROCADE SUD EST (RD 162),,,Crépuscule ou aube,En agglomération,Hors intersection,Normale,Deux véhicules - arrière,,,,,,,,,,,2,2,1,1.0,2
201300036984,0013-07-05 09:30:00,13,7,5,9,30,860,158,RICHELIEU (RUE DE),,,Plein jour,Hors agglomération,Intersection en X,Normale,Deux véhicules - côté,,,,,,,,,,,1,1,2,1.0,3
201300036985,0013-07-09 17:30:00,13,7,9,17,30,860,194,GRAND RUE (RUE),,,Plein jour,En agglomération,Hors intersection,Normale,Sans collision,,,,,,,,,,,1,2,1,1.0,7
201300036986,0013-07-12 12:25:00,13,7,12,12,25,860,157,RN 147,,,Plein jour,En agglomération,Hors intersection,Normale,Deux véhicules - arrière,,,,,,,,,,,1,2,1,1.0,2
201300036987,0013-07-18 10:55:00,13,7,18,10,55,860,194,"25, QUINCAY (RUE DE)",,,Plein jour,En agglomération,Hors intersection,Temps éblouissant,Autre collision,,,,,,,,,,,1,2,1,7.0,6
201300036988,0013-07-18 19:40:00,13,7,18,19,40,860,27,FORET (ROUTE DE LA),,,Plein jour,Hors agglomération,Intersection en X,Normale,Deux véhicules - côté,,,,,,,,,,,1,1,2,1.0,3
201300036989,0013-07-19 10:25:00,13,7,19,10,25,860,194,"0, DEUX COMMUNES (RUE DE",,,Plein jour,En agglomération,Intersection en X,Normale,Deux véhicules - côté,,,,,,,,,,,1,2,2,1.0,3
201300036990,0013-07-22 01:50:00,13,7,22,1,50,860,194,FRANCOIS ALBERT (BOULEVA,,,Nuit avec éclairage allumé,En agglomération,Hors intersection,Normale,Autre collision,,,,,,,,,,,5,2,1,1.0,6
201300036991,0013-07-22 10:45:00,13,7,22,10,45,860,194,PAILLERIE (RUE DE LA),,,Plein jour,En agglomération,Intersection en X,Normale,Deux véhicules - côté,,,,,,,,,,,1,2,2,1.0,3
201300036992,0013-07-23 12:32:00,13,7,23,12,32,860,194,IASSY (AVENUE DE),,,Plein jour,En agglomération,Intersection en T,Pluie légère,Deux véhicules - côté,,,,,,,,,,,1,2,3,2.0,3
201300036993,0013-07-25 22:05:00,13,7,25,22,5,860,194,JACQUES COEUR (AVENUE),,,Nuit avec éclairage allumé,En agglomération,Intersection en X,Normale,Deux véhicules - côté,,,,,,,,,,,5,2,2,1.0,3
201300036994,0013-07-28 18:25:00,13,7,28,18,25,860,194,"., FAUBOURG SAINT CYPRIE",,,Plein jour,En agglomération,Giratoire,Normale,Deux véhicules - côté,,,,,,,,,,,1,2,6,1.0,3
201300036995,0013-07-30 10:00:00,13,7,30,10,0,860,157,LIMOGES (ROUTE DE),,,Plein jour,Hors agglomération,Intersection en X,Normale,Deux véhicules - côté,,,,,,,,,,,1,1,2,1.0,3
201300036996,0013-07-30 16:10:00,13,7,30,16,10,860,133,RN.10,,,Plein jour,Hors agglomération,Hors intersection,Normale,Deux véhicules - arrière,,,,,,,,,,,1,1,1,1.0,2
201300036997,0013-07-30 17:15:00,13,7,30,17,15,860,158,LIMBRE (RUE DE),,,Plein jour,Hors agglomération,Hors intersection,Normale,Autre collision,,,,,,,,,,,1,1,1,1.0,6
201300036998,0013-08-01 21:55:00,13,8,1,21,55,860,194,PARTHENAY (Rte de) (RD 3,,,Nuit sans éclairage public,En agglomération,Intersection en T,Normale,Deux véhicules - côté,,,,,,,,,,,3,2,3,1.0,3
201300036999,0013-08-02 12:55:00,13,8,2,12,55,860,194,"28, COURONNERIES (RUE DE",,,Plein jour,En agglomération,Hors intersection,Normale,Autre collision,,,,,,,,,,,1,2,1,1.0,6
201300037000,0013-08-02 16:40:00,13,8,2,16,40,860,214,ROCADE SUD EST (RD 162),,,Plein jour,En agglomération,Hors intersection,Normale,Trois véhicules et plus - collisions multiples,,,,,,,,,,,1,2,1,1.0,5
201300037001,0013-08-04 13:00:00,13,8,4,13,0,860,157,NOUAILLE (ROUTE DE),,,Plein jour,Hors agglomération,Intersection en T,Normale,Sans collision,,,,,,,,,,,1,1,3,1.0,7
201300037002,0013-08-04 13:15:00,13,8,4,13,15,860,157,NOUAILLE (ROUTE DE),,,Plein jour,Hors agglomération,Intersection en T,Normale,Deux véhicules - côté,,,,,,,,,,,1,1,3,1.0,3
201300037003,0013-08-07 19:25:00,13,8,7,19,25,860,194,JOHN KENNEDY (AVENUE),,,Plein jour,En agglomération,Hors intersection,Normale,Deux véhicules - arrière,,,,,,,,,,,1,2,1,1.0,2
201300037004,0013-08-17 20:30:00,13,8,17,20,30,860,194,"250, 8 MAI 1945 (AVENUE",,,Crépuscule ou aube,En agglomération,Hors intersection,Normale,Deux véhicules - côté,,,,,,,,,,,2,2,1,1.0,3
201300037005,0013-08-21 08:05:00,13,8,21,8,5,860,41,"39, DEUX COMMUNES (RUE D",,,Plein jour,En agglomération,Intersection en T,Normale,Deux véhicules - côté,,,,,,,,,,,1,2,3,1.0,3
201300037006,0013-08-21 16:05:00,13,8,21,16,5,860,194,"2, INTENDANT LE NAIN (RU",,,Plein jour,En agglomération,Intersection en X,Normale,Autre collision,,,,,,,,,,,1,2,2,1.0,6
201300037007,0013-08-22 02:05:00,13,8,22,2,5,860,194,ROCADE OUEST (RD 910),,,Nuit sans éclairage public,Hors agglomération,Hors intersection,Normale,Autre collision,,,,,,,,,,,3,1,1,1.0,6
201300037008,0013-08-22 08:30:00,13,8,22,8,30,860,214,"208, GENCAY (ROUTE DE)",,,Plein jour,En agglomération,Giratoire,Normale,Trois véhicules et plus - en chaîne,,,,,,,,,,,1,2,6,1.0,4
201300037009,0013-08-24 03:30:00,13,8,24,3,30,860,194,PARTHENAY (Rte de) (RD 3,,,Nuit sans éclairage public,En agglomération,Hors intersection,Normale,Sans collision,,,,,,,,,,,3,2,1,1.0,7
201300037010,0013-08-31 19:35:00,13,8,31,19,35,860,194,"42, CHASSEIGNE (BOULEVAR",,,Plein jour,En agglomération,Hors intersection,Normale,Autre collision,,,,,,,,,,,1,2,1,1.0,6
201300037011,0013-09-01 21:10:00,13,9,1,21,10,860,194,"1, MONTAIGNE (RUE)",,,Nuit avec éclairage allumé,En agglomération,Hors intersection,Normale,Autre collision,,,,,,,,,,,5,2,1,1.0,6
201300037012,0013-09-03 17:25:00,13,9,3,17,25,860,194,"85, LIBERATION (AVENUE D",,,Plein jour,En agglomération,Hors intersection,Normale,Deux véhicules - côté,,,,,,,,,,,1,2,1,1.0,3
201300037013,0013-09-03 21:15:00,13,9,3,21,15,860,214,"., POITIERS (ROUTE DE)",,,Nuit avec éclairage allumé,En agglomération,Intersection en Y,Normale,Autre collision,,,,,,,,,,,5,2,4,1.0,6
201300037014,0013-09-06 21:25:00,13,9,6,21,25,860,41,"0, LIBERTE (AVENUE DE LA",,,Nuit avec éclairage allumé,Hors agglomération,Hors intersection,Normale,Autre collision,,,,,,,,,,,5,1,1,1.0,6
201300037015,0013-09-10 18:50:00,13,9,10,18,50,860,194,"147 bis, NOUAILLE (ROUTE",,,Plein jour,En agglomération,Hors intersection,Normale,Deux véhicules - côté,,,,,,,,,,,1,2,1,1.0,3
201300037016,0013-09-10 19:20:00,13,9,10,19,20,860,194,"., RECTEUR PINEAU (AVENU",,,Plein jour,En agglomération,Intersection en X,Normale,Autre collision,,,,,,,,,,,1,2,2,1.0,6
201300037017,0013-09-12 11:15:00,13,9,12,11,15,860,158,147 (ROUTE NATIONALE),,,Plein jour,Hors agglomération,Hors intersection,Normale,Deux véhicules - arrière,,,,,,,,,,,1,1,1,1.0,2
201300037018,0013-09-14 17:40:00,13,9,14,17,40,860,194,11 NOVEMBRE (AVENUE DU),,,Plein jour,En agglomération,Intersection en X,Pluie forte,Trois véhicules et plus - en chaîne,,,,,,,,,,,1,2,2,3.0,4
201300037019,0013-09-15 21:30:00,13,9,15,21,30,860,194,"., GENCAY (ROUTE DE)",,,Nuit avec éclairage allumé,En agglomération,Intersection en T,Normale,Deux véhicules - côté,,,,,,,,,,,5,2,3,1.0,3
201300037020,0013-09-15 20:30:00,13,9,15,20,30,860,194,NORTHAMPTON (AVENUE DE),,,Nuit avec éclairage allumé,En agglomération,Hors intersection,Normale,Autre collision,,,,,,,,,,,5,2,1,1.0,6
201300037021,0013-09-14 14:40:00,13,9,14,14,40,860,214,GENCAY (ROUTE DE),,,Plein jour,En agglomération,Hors intersection,Pluie légère,Autre collision,,,,,,,,,,,1,2,1,2.0,6
201300037022,0013-09-16 18:20:00,13,9,16,18,20,860,194,"., SANS CULOTTES (RUE DE",,,Plein jour,En agglomération,Intersection en T,Normale,Deux véhicules - côté,,,,,,,,,,,1,2,3,1.0,3
201300037023,0013-09-18 07:35:00,13,9,18,7,35,860,194,SAINT JUST (BOULEVARD),,,Nuit avec éclairage non allumé,En agglomération,Intersection en T,Pluie légère,Deux véhicules - côté,,,,,,,,,,,4,2,3,2.0,3
201300037024,0013-09-19 17:30:00,13,9,19,17,30,860,194,"9, NORTHAMPTON (AVENUE D",,,Plein jour,En agglomération,Hors intersection,Normale,Trois véhicules et plus - en chaîne,,,,,,,,,,,1,2,1,1.0,4
201300037025,0013-09-24 08:45:00,13,9,24,8,45,860,214,11 NOVEMBRE (AVENUE DU),,,Plein jour,En agglomération,Intersection en T,Normale,Deux véhicules - côté,,,,,,,,,,,1,2,3,1.0,3
201300037026,0013-09-25 17:10:00,13,9,25,17,10,860,194,PAILLERIE (RUE DE LA),,,Plein jour,En agglomération,Intersection en X,Normale,Trois véhicules et plus - collisions multiples,,,,,,,,,,,1,2,2,1.0,5
201300037027,0013-09-26 18:00:00,13,9,26,18,0,860,194,RAOUL FOLLEREAU (RUE),,,Plein jour,En agglomération,Intersection en X,Normale,Deux véhicules - côté,,,,,,,,,,,1,2,2,1.0,3
201300037028,0013-09-27 08:10:00,13,9,27,8,10,860,194,PAILLERIE (RUE DE LA),,,Plein jour,En agglomération,Intersection en X,Normale,Deux véhicules - côté,,,,,,,,,,,1,2,2,1.0,3
201300037029,0013-09-27 09:05:00,13,9,27,9,5,860,194,"126, BUGELLERIE (RUE DE",,,Plein jour,En agglomération,Hors intersection,Normale,Deux véhicules - côté,,,,,,,,,,,1,2,1,1.0,3
201300037030,0013-09-27 17:50:00,13,9,27,17,50,860,194,"16, PONT SAINT CYPRIEN (",,,Plein jour,En agglomération,Hors intersection,Normale,Deux véhicules - côté,,,,,,,,,,,1,2,1,1.0,3
201300037031,0013-09-29 19:30:00,13,9,29,19,30,860,194,BRETELLE SORTIE N147/D3,,,Nuit sans éclairage public,Hors agglomération,Hors intersection,Pluie forte,Deux véhicules - arrière,,,,,,,,,,,3,1,1,3.0,2
201300037032,0013-09-30 21:25:00,13,9,30,21,25,860,194,"0, NANTES (AVENUE DE)",,,Nuit avec éclairage allumé,En agglomération,Intersection en T,Normale,Deux véhicules - côté,,,,,,,,,,,5,2,3,1.0,3
201300037033,0013-10-01 19:20:00,13,10,1,19,20,860,194,"57, GANTERIE (RUE DE LA)",,,Crépuscule ou aube,En agglomération,Hors intersection,Normale,Autre collision,,,,,,,,,,,2,2,1,1.0,6
201300037034,0013-10-04 07:25:00,13,10,4,7,25,860,158,"., LOGE (AVENUE DE LA)",,,Nuit avec éclairage allumé,En agglomération,Hors intersection,Normale,Deux véhicules - côté,,,,,,,,,,,5,2,1,1.0,3
201300037035,0013-10-04 17:20:00,13,10,4,17,20,860,158,RN.147,,,Plein jour,Hors agglomération,Hors intersection,Pluie légère,Deux véhicules - côté,,,,,,,,,,,1,1,1,2.0,3
201300037036,0013-10-07 13:30:00,13,10,7,13,30,860,158,RN.149,,,Plein jour,Hors agglomération,Giratoire,Normale,Deux véhicules - arrière,,,,,,,,,,,1,1,6,1.0,2
201300037037,0013-10-09 20:30:00,13,10,9,20,30,860,194,"18, MONTMIDI (RUE DE)",,,Nuit avec éclairage allumé,En agglomération,Hors intersection,Normale,Deux véhicules - frontale,,,,,,,,,,,5,2,1,1.0,1
201300037038,0013-10-10 17:25:00,13,10,10,17,25,860,157,"0, SAVIGNY (ROUTE DE )",,,Plein jour,Hors agglomération,Hors intersection,Normale,Trois véhicules et plus - collisions multiples,,,,,,,,,,,1,1,1,1.0,5
201300037039,0013-10-13 10:00:00,13,10,13,10,0,860,158,RD 347,,,Plein jour,Hors agglomération,Hors intersection,Brouillard / fumée,Autre collision,,,,,,,,,,,1,1,1,5.0,6
201300037040,0013-10-16 17:10:00,13,10,16,17,10,860,194,BOULEVARD  PONT JOUBERT,,,Plein jour,En agglomération,Intersection en X,Normale,Deux véhicules - côté,,,,,,,,,,,1,2,2,1.0,3
201300037041,0013-10-20 13:55:00,13,10,20,13,55,860,194,ROCADE OUEST (RD 910),,,Plein jour,En agglomération,Intersection en X,Normale,Deux véhicules - côté,,,,,,,,,,,1,2,2,1.0,3
201300037042,0013-10-21 18:45:00,13,10,21,18,45,860,194,CHARLES VII (PLACE),,,Plein jour,En agglomération,Intersection en X,Normale,Deux véhicules - côté,,,,,,,,,,,1,2,2,1.0,3
201300037043,0013-10-24 15:30:00,13,10,24,15,30,860,41,RUE DE LA VINCENDERIE,,,Plein jour,En agglomération,Intersection en T,Normale,Deux véhicules - côté,,,,,,,,,,,1,2,3,1.0,3
201300037044,0013-10-24 20:20:00,13,10,24,20,20,860,194,ROCADE OUEST (RD 910),,,Nuit avec éclairage allumé,En agglomération,Intersection en X,Normale,Deux véhicules - côté,,,,,,,,,,,5,2,2,1.0,3
201300037045,0013-10-26 17:25:00,13,10,26,17,25,860,194,ROCADE EST (RD 162),,,Plein jour,En agglomération,Intersection en X,Normale,Deux véhicules - côté,,,,,,,,,,,1,2,2,1.0,3
201300037046,0013-10-26 20:00:00,13,10,26,20,0,860,194,BOULEVARD CHASSEIGNE,,,Nuit avec éclairage allumé,En agglomération,Hors intersection,Normale,Deux véhicules - côté,,,,,,,,,,,5,2,1,1.0,3
201300037047,0013-10-28 09:45:00,13,10,28,9,45,860,194,JOHN KENNEDY (AVENUE),,,Plein jour,En agglomération,Hors intersection,Normale,Deux véhicules - arrière,,,,,,,,,,,1,2,1,1.0,2
201300037048,0013-10-30 12:15:00,13,10,30,12,15,860,214,11 NOVEMBRE (AVENUE DU),,,Plein jour,En agglomération,Hors intersection,Normale,Trois véhicules et plus - en chaîne,,,,,,,,,,,1,2,1,1.0,4
201300037049,0013-11-02 21:25:00,13,11,2,21,25,860,194,ANDRE MALRAUX (VOIE),,,Nuit avec éclairage allumé,En agglomération,Hors intersection,Pluie légère,Autre collision,,,,,,,,,,,5,2,1,2.0,6
201300037050,0013-11-03 00:55:00,13,11,3,0,55,860,194,ROCADE EST (RD 162),,,Nuit avec éclairage allumé,En agglomération,Intersection en X,Pluie légère,Deux véhicules - côté,,,,,,,,,,,5,2,2,2.0,3
201300037051,0013-11-05 19:10:00,13,11,5,19,10,860,194,"., SAVARI (BOULEVARD)",,,Nuit avec éclairage allumé,En agglomération,Intersection en T,Normale,Deux véhicules - côté,,,,,,,,,,,5,2,3,1.0,3
201300037052,0013-11-06 05:15:00,13,11,6,5,15,860,194,JOHN KENNEDY (AVENUE),,,Nuit avec éclairage allumé,En agglomération,Intersection en X,Pluie légère,Autre collision,,,,,,,,,,,5,2,2,2.0,6
201300037053,0013-11-08 10:40:00,13,11,8,10,40,860,194,ROCADE OUEST (RD 910),,,Plein jour,Hors agglomération,Hors intersection,Pluie légère,Autre collision,,,,,,,,,,,1,1,1,2.0,6
201300037054,0013-11-11 16:40:00,13,11,11,16,40,860,194,PONT ACHARD (BOULEVARD),,,Plein jour,En agglomération,Intersection en T,Normale,Deux véhicules - côté,,,,,,,,,,,1,2,3,1.0,3
201300037055,0013-11-12 15:55:00,13,11,12,15,55,860,194,MARECHAL FOCH (RUE DU),,,Plein jour,En agglomération,Intersection en X,Normale,Deux véhicules - côté,,,,,,,,,,,1,2,2,1.0,3
201300037056,0013-11-12 18:15:00,13,11,12,18,15,860,194,"191, FAUBOURG PONT NEUF",,,Nuit avec éclairage allumé,En agglomération,Hors intersection,Pluie légère,Autre collision,,,,,,,,,,,5,2,1,2.0,6
201300037057,0013-11-14 09:40:00,13,11,14,9,40,860,194,"24, BAJON (BOULEVARD)",,,Plein jour,En agglomération,Hors intersection,Normale,Sans collision,,,,,,,,,,,1,2,1,1.0,7
201300037058,0013-11-15 11:25:00,13,11,15,11,25,860,27,"5, CHARLES DE GAULLE (AV",,,Plein jour,En agglomération,Hors intersection,Pluie légère,Autre collision,,,,,,,,,,,1,2,1,2.0,6
201300037059,0013-11-18 14:15:00,13,11,18,14,15,860,157,"227, NOUAILLE (ROUTE DE)",,,Plein jour,Hors agglomération,Hors intersection,Normale,Autre collision,,,,,,,,,,,1,1,1,1.0,6
201300037060,0013-11-19 15:10:00,13,11,19,15,10,860,194,NANTES (AVENUE DE),,,Plein jour,En agglomération,Intersection en X,Normale,Deux véhicules - côté,,,,,,,,,,,1,2,2,1.0,3
201300037061,0013-11-20 02:30:00,13,11,20,2,30,860,194,"., LATTRE DE TASSIGNY (B",,,Nuit avec éclairage allumé,En agglomération,Intersection en T,Normale,Autre collision,,,,,,,,,,,5,2,3,1.0,6
201300037062,0013-11-20 11:00:00,13,11,20,11,0,860,194,"1, CARMES (RUE DES)",,,Plein jour,En agglomération,Hors intersection,Normale,Sans collision,,,,,,,,,,,1,2,1,1.0,7
201300037063,0013-11-20 22:35:00,13,11,20,22,35,860,158,RICHELIEU (RUE DE),,,Nuit sans éclairage public,Hors agglomération,Hors intersection,Pluie légère,Sans collision,,,,,,,,,,,3,1,1,2.0,7
201300037064,0013-11-21 07:55:00,13,11,21,7,55,860,194,"., RUE JEAN CARBONNIER",,,Crépuscule ou aube,En agglomération,Giratoire,Pluie légère,Autre collision,,,,,,,,,,,2,2,6,2.0,6
201300037065,0013-11-21 17:40:00,13,11,21,17,40,860,194,"0, NANTES (AVENUE DE)",,,Nuit avec éclairage allumé,En agglomération,Hors intersection,Pluie légère,Deux véhicules - côté,,,,,,,,,,,5,2,1,2.0,3
201300037066,0013-11-21 18:10:00,13,11,21,18,10,860,194,"28, JEANNE D'ARC (BOULEV",,,Nuit avec éclairage allumé,En agglomération,Hors intersection,Pluie légère,Autre collision,,,,,,,,,,,5,2,1,2.0,6
201300037067,0013-11-29 08:10:00,13,11,29,8,10,860,194,ROCADE OUEST (RD 910),,,Crépuscule ou aube,En agglomération,Giratoire,Normale,Deux véhicules - côté,,,,,,,,,,,2,2,6,1.0,3
201300037068,0013-11-28 17:15:00,13,11,28,17,15,860,194,"0, NORTHAMPTON (AVENUE D",,,Nuit avec éclairage allumé,En agglomération,Intersection en T,Normale,Deux véhicules - côté,,,,,,,,,,,5,2,3,1.0,3
201300037069,0013-11-30 21:55:00,13,11,30,21,55,860,41,"76, VALLEE (ROUTE DE LA)",,,Nuit avec éclairage allumé,En agglomération,Hors intersection,Normale,Autre collision,,,,,,,,,,,5,2,1,1.0,6
201300037070,0013-12-03 18:30:00,13,12,3,18,30,860,194,"2, GENCAY (ROUTE DE)",,,Nuit avec éclairage allumé,En agglomération,Giratoire,Normale,Autre collision,,,,,,,,,,,5,2,6,1.0,6
201300037071,0013-12-04 16:35:00,13,12,4,16,35,860,158,RICHELIEU (RUE DE),,,Crépuscule ou aube,Hors agglomération,Hors intersection,Normale,Deux véhicules - arrière,,,,,,,,,,,2,1,1,1.0,2
201300037072,0013-12-05 16:10:00,13,12,5,16,10,860,194,"20, AVIATION (RUE DE L')",,,Plein jour,En agglomération,Hors intersection,Normale,Autre collision,,,,,,,,,,,1,2,1,1.0,6
201300037073,0013-12-06 21:00:00,13,12,6,21,0,860,214,RTE DE GENCAY/D162,,,Nuit avec éclairage allumé,En agglomération,Intersection en X,Normale,Deux véhicules - frontale,,,,,,,,,,,5,2,2,1.0,1
201300037074,0013-12-07 23:40:00,13,12,7,23,40,860,194,"94, PLATEAU DES GLIERES",,,Nuit avec éclairage allumé,En agglomération,Hors intersection,Normale,Autre collision,,,,,,,,,,,5,2,1,1.0,6
201300037075,0013-12-09 18:20:00,13,12,9,18,20,860,194,LIBERATION (AVENUE DE LA,,,Nuit avec éclairage allumé,En agglomération,Intersection en T,Normale,Deux véhicules - côté,,,,,,,,,,,5,2,3,1.0,3
201300037076,0013-12-11 07:22:00,13,12,11,7,22,860,194,RECTEUR PINEAU (AVENUE),,,Crépuscule ou aube,En agglomération,Hors intersection,Normale,Sans collision,,,,,,,,,,,2,2,1,1.0,7
201300037077,0013-12-12 13:20:00,13,12,12,13,20,860,194,ANDRE MALRAUX (VOIE),,,Plein jour,En agglomération,Hors intersection,Normale,Autre collision,,,,,,,,,,,1,2,1,1.0,6
201300037078,0013-12-13 08:10:00,13,12,13,8,10,860,41,RN 147 BUXEROLLES,,,Crépuscule ou aube,Hors agglomération,Hors intersection,Autre,Autre collision,,,,,,,,,,,2,1,1,9.0,6
201300037079,0013-12-13 08:00:00,13,12,13,8,0,860,41,RN 147 BUXEROLLES,,,Crépuscule ou aube,Hors agglomération,Hors intersection,Brouillard / fumée,Deux véhicules - arrière,,,,,,,,,,,2,1,1,5.0,2
201300037080,0013-12-14 10:40:00,13,12,14,10,40,860,157,RN 147,,,Plein jour,En agglomération,Intersection en X,Brouillard / fumée,Deux véhicules - côté,,,,,,,,,,,1,2,2,5.0,3
201300037081,0013-12-15 01:20:00,13,12,15,1,20,860,158,RD 910,,,Nuit avec éclairage non allumé,Hors agglomération,Hors intersection,Normale,Autre collision,,,,,,,,,,,4,1,1,1.0,6
201300037082,0013-12-16 19:10:00,13,12,16,19,10,860,214,11 NOVEMBRE (AVENUE DU),,,Nuit avec éclairage allumé,En agglomération,Intersection en X,Normale,Autre collision,,,,,,,,,,,5,2,2,1.0,6
201300037083,0013-12-19 16:45:00,13,12,19,16,45,860,194,"0, PORTEAU (RUE DU)",,,Plein jour,En agglomération,Intersection en Y,Normale,Deux véhicules - côté,,,,,,,,,,,1,2,4,1.0,3
201300037084,0013-12-20 11:55:00,13,12,20,11,55,860,158,"34BIS, POITIERS (RUE DE)",,,Plein jour,En agglomération,Hors intersection,Normale,Deux véhicules - arrière,,,,,,,,,,,1,2,1,1.0,2
201300037085,0013-12-21 14:45:00,13,12,21,14,45,860,214,"0, GENCAY (ROUTE DE)",,,Plein jour,Hors agglomération,Hors intersection,Normale,Autre collision,,,,,,,,,,,1,1,1,1.0,6
201300037086,0013-12-23 10:45:00,13,12,23,10,45,860,214,ROCADE SUD EST (RD 162),,,Plein jour,En agglomération,Intersection en X,Normale,Trois véhicules et plus - en chaîne,,,,,,,,,,,1,2,2,1.0,4
201300037087,0013-12-28 22:35:00,13,12,28,22,35,860,158,POITIERS (RUE DE),,,Nuit avec éclairage allumé,En agglomération,Intersection en T,Pluie légère,Sans collision,,,,,,,,,,,5,2,3,2.0,7
201300037088,0013-12-29 10:05:00,13,12,29,10,5,860,133,POITIERS (AVENUE DE),,,Plein jour,Hors agglomération,Hors intersection,Normale,Deux véhicules - frontale,,,,,,,,,,,1,1,1,1.0,1
201300037089,0013-12-31 12:15:00,13,12,31,12,15,860,194,EUROPE (AVENUE DE L'),,,Plein jour,En agglomération,Intersection en X,Normale,Deux véhicules - côté,,,,,,,,,,,1,2,2,1.0,3
201300037090,0013-12-31 18:10:00,13,12,31,18,10,860,194,PONT JOUBERT (BOULEVARD),,,Nuit avec éclairage allumé,En agglomération,Intersection en T,Pluie forte,Deux véhicules - côté,,,,,,,,,,,5,2,3,3.0,3