accident_id,datetime,annee,mois,jour,heure,minute,departement,commune_insee,adresse,latitude,longitude,luminosite,agglomeration,intersection,meteo,collision,nb_vehicules,nb_usagers,nb_indemnes,nb_tues,nb_blesses_hosp,nb_blesses_legers,age_cond_1,age_cond_2,veh_type_cond_1,veh_type_cond_2,lum_code,agg_code,int_code,atm_code,col_code
201300037091,0013-01-01 15:10:00,13,1,1,15,10,870,85,"0, AUTOROUTE A20",,,Plein jour,Hors agglomération,Hors intersection,Normale,Autre collision,,,,,,,,,,,1,1,1,1.0,6
201300037092,0013-01-02 12:36:00,13,1,2,12,36,870,85,"0, VIGENAL (BOULEVARD DU",,,Plein jour,En agglomération,Intersection en T,Normale,Deux véhicules - côté,,,,,,,,,,,1,2,3,1.0,3
201300037093,0013-01-05 14:46:00,13,1,5,14,46,870,85,"0, CURIE  (RUE PIERRE ET",,,Plein jour,En agglomération,Hors intersection,Normale,Autre collision,,,,,,,,,,,1,2,1,1.0,6
201300037094,0013-01-05 13:01:00,13,1,5,13,1,870,85,"88 BIS, BRIAND (RUE ARIS",,,Plein jour,En agglomération,Hors intersection,Normale,Autre collision,,,,,,,,,,,1,2,1,1.0,6
201300037095,0013-01-05 16:51:00,13,1,5,16,51,870,85,"8, Georges GUINGOUIN(rue",,,Plein jour,En agglomération,Hors intersection,Normale,Deux véhicules - arrière,,,,,,,,,,,1,2,1,1.0,2
201300037096,0013-01-07 04:50:00,13,1,7,4,50,870,50,"78, GARDE (RUE DE LA)",,,Nuit sans éclairage public,Hors agglomération,Hors intersection,Brouillard / fumée,Autre collision,,,,,,,,,,,3,1,1,5.0,6
201300037097,0013-01-07 18:33:00,13,1,7,18,33,870,50,"15, VIGNES (RUE DES)",,,Nuit avec éclairage allumé,En agglomération,Hors intersection,Brouillard / fumée,Autre collision,,,,,,,,,,,5,2,1,5.0,6
201300037098,0013-01-08 17:23:00,13,1,8,17,23,870,85,"13, PETINIAUD BEAUPEYRAT",,,Plein jour,En agglomération,Hors intersection,Pluie légère,Autre collision,,,,,,,,,,,1,2,1,2.0,6
201300037099,0013-01-10 02:14:00,13,1,10,2,14,870,85,"2, BAUDIN ( AVENUE) (VC)",,,Nuit avec éclairage allumé,En agglomération,Hors intersection,Normale,Deux véhicules - arrière,,,,,,,,,,,5,2,1,1.0,2
201300037100,0013-01-10 08:29:00,13,1,10,8,29,870,85,"11, CHURCHILL WINSTON (P",,,Plein jour,En agglomération,Hors intersection,Pluie légère,Autre collision,,,,,,,,,,,1,2,1,2.0,6
201300037101,0013-01-10 23:54:00,13,1,10,23,54,870,85,BAUDIN (AVENUE) ( RN21),,,Nuit avec éclairage allumé,Hors agglomération,Hors intersection,Normale,Autre collision,,,,,,,,,,,5,1,1,1.0,6
201300037102,0013-01-11 19:06:00,13,1,11,19,6,870,85,"0, CAMBUSES (Avenue des)",,,Nuit avec éclairage allumé,En agglomération,Intersection en T,Normale,Deux véhicules - côté,,,,,,,,,,,5,2,3,1.0,3
201300037103,0013-01-12 17:57:00,13,1,12,17,57,870,114,"07, DE-GAULLE (AVENUE DU",,,Nuit avec éclairage allumé,En agglomération,Hors intersection,Pluie légère,Autre collision,,,,,,,,,,,5,2,1,2.0,6
201300037104,0013-01-13 18:50:00,13,1,13,18,50,870,85,"21, REVOLUTION (AVENUE D",,,Nuit avec éclairage allumé,En agglomération,Hors intersection,Normale,Deux véhicules - arrière,,,,,,,,,,,5,2,1,1.0,2
201300037105,0013-01-17 11:00:00,13,1,17,11,0,870,85,"0, BASTIAT (RUE FREDERIC",,,Plein jour,En agglomération,Hors intersection,Normale,Deux véhicules - arrière,,,,,,,,,,,1,2,1,1.0,2
201300037106,0013-01-17 11:43:00,13,1,17,11,43,870,85,"23, PUY LAS RODAS (RUE D",,,Plein jour,En agglomération,Hors intersection,Normale,Autre collision,,,,,,,,,,,1,2,1,1.0,6
201300037107,0013-01-19 19:59:00,13,1,19,19,59,870,65,"0, LEGRAND (RUE FREDERIC",,,Nuit avec éclairage allumé,En agglomération,Hors intersection,Pluie légère,Deux véhicules - côté,,,,,,,,,,,5,2,1,2.0,3
201300037108,0013-01-22 07:50:00,13,1,22,7,50,870,85,"0, ESSARTS (RUE DES)",,,Nuit avec éclairage allumé,En agglomération,Intersection en T,Normale,Deux véhicules - côté,,,,,,,,,,,5,2,3,1.0,3
201300037109,0013-01-22 10:05:00,13,1,22,10,5,870,85,"221, PERRIN (RUE FRANCOI",,,Plein jour,En agglomération,Hors intersection,Pluie légère,Autre collision,,,,,,,,,,,1,2,1,2.0,6
201300037110,0013-01-22 08:53:00,13,1,22,8,53,870,85,D20,,,Plein jour,En agglomération,Hors intersection,Normale,Autre collision,,,,,,,,,,,1,2,1,1.0,6
201300037111,0013-01-27 16:41:00,13,1,27,16,41,870,85,"0, VIGENAL (BOULEVARD DU",,,Plein jour,En agglomération,Intersection en T,Pluie légère,Deux véhicules - côté,,,,,,,,,,,1,2,3,2.0,3
201300037112,0013-01-28 07:53:00,13,1,28,7,53,870,85,"81, KENNEDY (AVENUE DU P",,,Nuit avec éclairage allumé,En agglomération,Hors intersection,Pluie légère,Deux véhicules - côté,,,,,,,,,,,5,2,1,2.0,3
201300037113,0013-01-29 10:02:00,13,1,29,10,2,870,85,"0, FEYTIAT (RUE DE)",,,Plein jour,En agglomération,Hors intersection,Normale,Deux véhicules - arrière,,,,,,,,,,,1,2,1,1.0,2
201300037114,0013-01-30 18:04:00,13,1,30,18,4,870,85,"0, JOFFRE (RUE DU MARECH",,,Nuit avec éclairage allumé,En agglomération,Hors intersection,Pluie légère,Autre collision,,,,,,,,,,,5,2,1,2.0,6
201300037115,0013-01-31 08:13:00,13,1,31,8,13,870,85,"0, FRACHON ( ave Benoit)",,,Plein jour,En agglomération,Hors intersection,Pluie légère,Deux véhicules - arrière,,,,,,,,,,,1,2,1,2.0,2
201300037116,0013-02-01 12:10:00,13,2,1,12,10,870,50,GARE (AVENUE DE LA) RD12,,,Plein jour,En agglomération,Hors intersection,Pluie forte,Deux véhicules - arrière,,,,,,,,,,,1,2,1,3.0,2
201300037117,0013-02-04 08:51:00,13,2,4,8,51,870,85,"0, AUTOROUTE A20",,,Plein jour,Hors agglomération,Hors intersection,Pluie légère,Autre collision,,,,,,,,,,,1,1,1,2.0,6
201300037118,0013-02-04 09:58:00,13,2,4,9,58,870,85,"70, DUMONT (RUE HENRI)",,,Plein jour,En agglomération,Intersection en X,Pluie légère,Autre collision,,,,,,,,,,,1,2,2,2.0,6
201300037119,0013-02-04 17:01:00,13,2,4,17,1,870,85,AUTOROUTE A20,,,Plein jour,Hors agglomération,Intersection en X,Pluie légère,Autre collision,,,,,,,,,,,1,1,2,2.0,6
201300037120,0013-02-06 16:02:00,13,2,6,16,2,870,85,"0, BETOULLE (PLACE LEON)",,,Plein jour,En agglomération,Hors intersection,Pluie légère,Deux véhicules - côté,,,,,,,,,,,1,2,1,2.0,3
201300037121,0013-02-08 18:17:00,13,2,8,18,17,870,113,"35, MOULIN (AVENUE JEAN)",,,Nuit avec éclairage allumé,En agglomération,Intersection en T,Normale,Deux véhicules - côté,,,,,,,,,,,5,2,3,1.0,3
201300037122,0013-02-09 20:10:00,13,2,9,20,10,870,85,"58, BEAUBREUIL (AVENUE D",,,Nuit avec éclairage allumé,En agglomération,Hors intersection,Neige / grêle,Autre collision,,,,,,,,,,,5,2,1,4.0,6
201300037123,0013-02-15 12:57:00,13,2,15,12,57,870,85,"54, MONTJOVIS (AVENUE)",,,Plein jour,En agglomération,Intersection en X,Normale,Deux véhicules - côté,,,,,,,,,,,1,2,2,1.0,3
201300037124,0013-02-19 09:48:00,13,2,19,9,48,870,65,"09, VALIN (AVENUE MARTIA",,,Plein jour,En agglomération,Hors intersection,Normale,Deux véhicules - arrière,,,,,,,,,,,1,2,1,1.0,2
201300037125,0013-02-22 20:02:00,13,2,22,20,2,870,85,"113, DUTREIX (RUE ARMAND",,,Nuit avec éclairage allumé,En agglomération,Intersection en T,Normale,Deux véhicules - frontale,,,,,,,,,,,5,2,3,1.0,1
201300037126,0013-02-23 18:16:00,13,2,23,18,16,870,85,"28, VIGENAL (BOULEVARD D",,,Plein jour,En agglomération,Intersection en T,Neige / grêle,Deux véhicules - côté,,,,,,,,,,,1,2,3,4.0,3
201300037127,0013-02-24 22:15:00,13,2,24,22,15,870,85,"0, SCHUMAN (BOULEVARD RO",,,Nuit avec éclairage allumé,En agglomération,Hors intersection,Neige / grêle,Autre collision,,,,,,,,,,,5,2,1,4.0,6
201300037128,0013-02-25 11:54:00,13,2,25,11,54,870,85,"2, CARNOT (BOULEVARD)",,,Plein jour,En agglomération,Hors intersection,Neige / grêle,Autre collision,,,,,,,,,,,1,2,1,4.0,6
201300037129,0013-02-26 08:44:00,13,2,26,8,44,870,85,"0, AUTOROUTE A20",,,Plein jour,Hors agglomération,Hors intersection,Normale,Deux véhicules - arrière,,,,,,,,,,,1,1,1,1.0,2
201300037130,0013-02-26 18:59:00,13,2,26,18,59,870,85,AUTOROUTE A20,,,Nuit avec éclairage allumé,Hors agglomération,Hors intersection,Normale,Deux véhicules - arrière,,,,,,,,,,,5,1,1,1.0,2
201300037131,0013-02-27 16:05:00,13,2,27,16,5,870,85,"11, LANSECOT (RUE)",,,Plein jour,En agglomération,Hors intersection,Normale,Autre collision,,,,,,,,,,,1,2,1,1.0,6
201300037132,0013-02-27 15:10:00,13,2,27,15,10,870,75,"0, VC18 (rte de THIAS)",,,Plein jour,Hors agglomération,Hors intersection,Normale,Autre collision,,,,,,,,,,,1,1,1,1.0,6
201300037133,0013-02-28 19:50:00,13,2,28,19,50,870,85,"68, LEGENDRE (RUE CHARLE",,,Nuit avec éclairage allumé,En agglomération,Hors intersection,Normale,Autre collision,,,,,,,,,,,5,2,1,1.0,6
201300037134,0013-03-02 22:34:00,13,3,2,22,34,870,85,FRACHON ( ave Benoit),,,Nuit avec éclairage allumé,En agglomération,Intersection en X,Normale,Deux véhicules - côté,,,,,,,,,,,5,2,2,1.0,3
201300037135,0013-03-03 20:41:00,13,3,3,20,41,870,85,RD941 (OUEST),,,Nuit sans éclairage public,Hors agglomération,Hors intersection,Normale,Deux véhicules - arrière,,,,,,,,,,,3,1,1,1.0,2
201300037136,0013-03-04 18:21:00,13,3,4,18,21,870,65,"5, VIEUX CREZIN (RUE DU)",,,Plein jour,En agglomération,Hors intersection,Normale,Deux véhicules - côté,,,,,,,,,,,1,2,1,1.0,3
201300037137,0013-03-06 13:53:00,13,3,6,13,53,870,85,"79, PERRIN (RUE FRANCOIS",,,Plein jour,En agglomération,Hors intersection,Pluie légère,Autre collision,,,,,,,,,,,1,2,1,2.0,6
201300037138,0013-03-08 17:50:00,13,3,8,17,50,870,85,"0, SCHUMAN (BOULEVARD RO",,,Nuit avec éclairage allumé,En agglomération,Hors intersection,Pluie légère,Autre collision,,,,,,,,,,,5,2,1,2.0,6
201300037139,0013-03-09 15:30:00,13,3,9,15,30,870,114,PRESSEMANE (AVENUE ADRIE,,,Plein jour,Hors agglomération,Hors intersection,Normale,Autre collision,,,,,,,,,,,1,1,1,1.0,6
201300037140,0013-03-09 17:33:00,13,3,9,17,33,870,85,"0, KING (AVENUE MARTIN L",,,Plein jour,En agglomération,Intersection en T,Normale,Deux véhicules - côté,,,,,,,,,,,1,2,3,1.0,3
201300037141,0013-03-12 08:26:00,13,3,12,8,26,870,85,"0, BEAUBLANC (BOULEVARD",,,Plein jour,En agglomération,Hors intersection,Pluie légère,Deux véhicules - arrière,,,,,,,,,,,1,2,1,2.0,2
201300037142,0013-03-13 14:01:00,13,3,13,14,1,870,85,"0, LEOBARDY (AVE DU PROF",,,Plein jour,En agglomération,Intersection en T,Normale,Deux véhicules - côté,,,,,,,,,,,1,2,3,1.0,3
201300037143,0013-03-15 14:10:00,13,3,15,14,10,870,85,"167, PERRIN (RUE FRANCOI",,,Plein jour,En agglomération,Hors intersection,Normale,Autre collision,,,,,,,,,,,1,2,1,1.0,6
201300037144,0013-03-22 23:00:00,13,3,22,23,0,870,85,MAS-BOUYOL  (CITE ET BOU,,,Nuit avec éclairage allumé,En agglomération,Hors intersection,Normale,Deux véhicules - côté,,,,,,,,,,,5,2,1,1.0,3
201300037145,0013-03-25 19:55:00,13,3,25,19,55,870,85,AUTOROUTE A20,,,Nuit sans éclairage public,Hors agglomération,Hors intersection,Normale,Autre collision,,,,,,,,,,,3,1,1,1.0,6
201300037146,0013-03-26 12:19:00,13,3,26,12,19,870,85,"07, LIBERATION (AVENUE D",,,Plein jour,En agglomération,Hors intersection,Normale,Deux véhicules - côté,,,,,,,,,,,1,2,1,1.0,3
201300037147,0013-04-02 10:41:00,13,4,2,10,41,870,85,"6, MENIEUX (RUE DU LIEUT",,,Plein jour,En agglomération,Hors intersection,Normale,Autre collision,,,,,,,,,,,1,2,1,1.0,6
201300037148,0013-04-03 13:50:00,13,4,3,13,50,870,48,"0, NEXON (ROUTE DE)",,,Plein jour,Hors agglomération,Intersection en T,Normale,Deux véhicules - côté,,,,,,,,,,,1,1,3,1.0,3
201300037149,0013-04-03 17:15:00,13,4,3,17,15,870,85,"0, MONTARAUDS (RUE DES)",,,Plein jour,En agglomération,Intersection en X,Normale,Deux véhicules - côté,,,,,,,,,,,1,2,2,1.0,3
201300037150,0013-04-03 19:26:00,13,4,3,19,26,870,75,"0, CHATEAU (AVENUE DU)",,,Plein jour,En agglomération,Hors intersection,Normale,Autre collision,,,,,,,,,,,1,2,1,1.0,6
201300037151,0013-04-04 17:16:00,13,4,4,17,16,870,85,PORT DU NAVEIX (RUE DU),,,Plein jour,En agglomération,Hors intersection,Pluie légère,Autre collision,,,,,,,,,,,1,2,1,2.0,6
201300037152,0013-04-04 19:18:00,13,4,4,19,18,870,85,AUTOROUTE A20,,,Plein jour,Hors agglomération,Hors intersection,Pluie légère,Autre collision,,,,,,,,,,,1,1,1,2.0,6
201300037153,0013-04-05 14:26:00,13,4,5,14,26,870,85,"14, LECLERC (AVENUE DU G",,,Plein jour,En agglomération,Hors intersection,Normale,Deux véhicules - arrière,,,,,,,,,,,1,2,1,1.0,2
201300037154,0013-04-05 15:41:00,13,4,5,15,41,870,85,"40, PERRIN (RUE FRANCOIS",,,Plein jour,En agglomération,Hors intersection,Normale,Autre collision,,,,,,,,,,,1,2,1,1.0,6
201300037155,0013-04-05 17:12:00,13,4,5,17,12,870,85,"53, REVOLUTION (AVENUE D",,,Plein jour,En agglomération,Hors intersection,Normale,Deux véhicules - côté,,,,,,,,,,,1,2,1,1.0,3
201300037156,0013-04-06 21:26:00,13,4,6,21,26,870,85,"49, GARIBALDI (AVENUE)",,,Nuit avec éclairage allumé,En agglomération,Hors intersection,Normale,Deux véhicules - côté,,,,,,,,,,,5,2,1,1.0,3
201300037157,0013-04-07 23:19:00,13,4,7,23,19,870,85,MAS-BOUYOL  (CITE ET BOU,,,Nuit avec éclairage allumé,En agglomération,Hors intersection,Normale,Autre collision,,,,,,,,,,,5,2,1,1.0,6
201300037158,0013-04-11 17:20:00,13,4,11,17,20,870,85,"0, BROGLIE (AVENUE LOUIS",,,Plein jour,En agglomération,Hors intersection,Pluie forte,Autre collision,,,,,,,,,,,1,2,1,3.0,6
201300037159,0013-04-12 13:05:00,13,4,12,13,5,870,85,"93, LABUSSIERE (AVENUE E",,,Plein jour,En agglomération,Intersection en X,Pluie légère,Deux véhicules - côté,,,,,,,,,,,1,2,2,2.0,3
201300037160,0013-04-12 18:50:00,13,4,12,18,50,870,85,"79, VARLIN (RUE EUGENE)",,,Plein jour,En agglomération,Intersection en X,Normale,Deux véhicules - côté,,,,,,,,,,,1,2,2,1.0,3
201300037161,0013-04-13 17:35:00,13,4,13,17,35,870,85,"30, SILVESTRE (RUE CHARL",,,Plein jour,En agglomération,Intersection en X,Normale,Trois véhicules et plus - collisions multiples,,,,,,,,,,,1,2,2,1.0,5
201300037162,0013-04-18 10:44:00,13,4,18,10,44,870,85,"155, PERRIN (RUE FRANCOI",,,Plein jour,En agglomération,Hors intersection,Normale,Autre collision,,,,,,,,,,,1,2,1,1.0,6
201300037163,0013-04-19 17:16:00,13,4,19,17,16,870,85,"10, JOURDAN (PLACE)",,,Plein jour,En agglomération,Hors intersection,Normale,Autre collision,,,,,,,,,,,1,2,1,1.0,6
201300037164,0013-04-22 08:50:00,13,4,22,8,50,870,65,"33, VALIN (AVENUE MARTIA",,,Plein jour,En agglomération,Hors intersection,Normale,Autre collision,,,,,,,,,,,1,2,1,1.0,6
201300037165,0013-04-22 17:17:00,13,4,22,17,17,870,85,"46, PISSARO (RUE CAMILLE",,,Plein jour,En agglomération,Hors intersection,Normale,Autre collision,,,,,,,,,,,1,2,1,1.0,6
201300037166,0013-04-25 16:39:00,13,4,25,16,39,870,85,"22, VERDUN (RUE DE)",,,Plein jour,En agglomération,Hors intersection,Normale,Deux véhicules - frontale,,,,,,,,,,,1,2,1,1.0,1
201300037167,0013-04-29 12:26:00,13,4,29,12,26,870,85,"0, FOCH (RUE DU MARECHAL",,,Plein jour,En agglomération,Autre intersection,Normale,Autre collision,,,,,,,,,,,1,2,9,1.0,6
201300037168,0013-04-30 08:08:00,13,4,30,8,8,870,50,"0, LIMOGES (AVENUE DE)",,,Plein jour,En agglomération,Hors intersection,Pluie légère,Deux véhicules - côté,,,,,,,,,,,1,2,1,2.0,3
201300037169,0013-05-02 07:50:00,13,5,2,7,50,870,85,AUTOROUTE A20,,,Plein jour,Hors agglomération,Hors intersection,Pluie forte,Autre collision,,,,,,,,,,,1,1,1,3.0,6
201300037170,0013-05-03 11:26:00,13,5,3,11,26,870,85,"76, ISLE (RUE D')",,,Plein jour,En agglomération,Intersection en T,Normale,Deux véhicules - côté,,,,,,,,,,,1,2,3,1.0,3
201300037171,0013-05-06 11:56:00,13,5,6,11,56,870,85,"0, MAS-BOUYOL  (CITE ET",,,Plein jour,En agglomération,Hors intersection,Normale,Deux véhicules - arrière,,,,,,,,,,,1,2,1,1.0,2
201300037172,0013-05-08 16:00:00,13,5,8,16,0,870,85,"02, DONZELOT (RUE)",,,Plein jour,En agglomération,Intersection en X,Normale,Deux véhicules - côté,,,,,,,,,,,1,2,2,1.0,3
201300037173,0013-05-11 10:26:00,13,5,11,10,26,870,113,CARNOT (AVENUE SADI),,,Plein jour,En agglomération,Hors intersection,Normale,Deux véhicules - arrière,,,,,,,,,,,1,2,1,1.0,2
201300037174,0013-05-11 07:44:00,13,5,11,7,44,870,113,"8, MITTERRAND (AVENUE FR",,,Crépuscule ou aube,Hors agglomération,Hors intersection,Normale,Autre collision,,,,,,,,,,,2,1,1,1.0,6
201300037175,0013-05-11 15:04:00,13,5,11,15,4,870,85,RN520,,,Plein jour,Hors agglomération,Hors intersection,Normale,Deux véhicules - frontale,,,,,,,,,,,1,1,1,1.0,1
201300037176,0013-05-12 08:16:00,13,5,12,8,16,870,48,"0, RD 32",,,Plein jour,Hors agglomération,Hors intersection,Pluie légère,Autre collision,,,,,,,,,,,1,1,1,2.0,6
201300037177,0013-05-13 18:08:00,13,5,13,18,8,870,85,ORADOUR SUR GLANE (CARRE,,,Plein jour,En agglomération,Hors intersection,Normale,Deux véhicules - côté,,,,,,,,,,,1,2,1,1.0,3
201300037178,0013-05-15 10:32:00,13,5,15,10,32,870,114,"72, BLUM (AVENUE LEON-)",,,Plein jour,En agglomération,Intersection en X,Normale,Deux véhicules - côté,,,,,,,,,,,1,2,2,1.0,3
201300037179,0013-05-15 13:53:00,13,5,15,13,53,870,85,"0, LARREY (AVENUE DOMINI",,,Plein jour,En agglomération,Autre intersection,Normale,Autre collision,,,,,,,,,,,1,2,9,1.0,6
201300037180,0013-05-16 07:50:00,13,5,16,7,50,870,114,"50, PALAIS-SUR-VIENNE (A",,,Crépuscule ou aube,Hors agglomération,Hors intersection,Normale,Autre collision,,,,,,,,,,,2,1,1,1.0,6
201300037181,0013-05-16 08:15:00,13,5,16,8,15,870,85,"1, SOUCIS (RUE DES)",,,Plein jour,En agglomération,Hors intersection,Normale,Autre collision,,,,,,,,,,,1,2,1,1.0,6
201300037182,0013-05-17 08:32:00,13,5,17,8,32,870,85,"179, VANTEAUX (BOULEVARD",,,Plein jour,En agglomération,Intersection en X,Normale,Autre collision,,,,,,,,,,,1,2,2,1.0,6
201300037183,0013-05-17 18:05:00,13,5,17,18,5,870,85,"24, BEL AIR (BOULEVARD D",,,Plein jour,En agglomération,Hors intersection,Normale,Autre collision,,,,,,,,,,,1,2,1,1.0,6
201300037184,0013-05-18 09:45:00,13,5,18,9,45,870,48,"04, CHAMBON (LIEU DIT LE",,,Plein jour,Hors agglomération,Hors intersection,Pluie légère,Autre collision,,,,,,,,,,,1,1,1,2.0,6
201300037185,0013-05-18 10:49:00,13,5,18,10,49,870,85,AUTOROUTE A20,,,Plein jour,Hors agglomération,Hors intersection,Pluie forte,Autre collision,,,,,,,,,,,1,1,1,3.0,6
201300037186,0013-05-18 13:15:00,13,5,18,13,15,870,85,"0, BROGLIE (AVENUE LOUIS",,,Plein jour,En agglomération,Hors intersection,Pluie légère,Deux véhicules - arrière,,,,,,,,,,,1,2,1,2.0,2
201300037187,0013-05-20 12:29:00,13,5,20,12,29,870,85,AUTOROUTE A20,,,Plein jour,Hors agglomération,Hors intersection,Pluie légère,Autre collision,,,,,,,,,,,1,1,1,2.0,6
201300037188,0013-05-20 14:29:00,13,5,20,14,29,870,50,"0, LIMOGES (AVENUE DE)",,,Plein jour,En agglomération,Hors intersection,Pluie forte,Autre collision,,,,,,,,,,,1,2,1,3.0,6
201300037189,0013-05-21 17:02:00,13,5,21,17,2,870,85,"0, ARMAND (AVE Z.A.C",,,Plein jour,En agglomération,Autre intersection,Pluie légère,Deux véhicules - arrière,,,,,,,,,,,1,2,9,2.0,2
201300037190,0013-05-22 15:38:00,13,5,22,15,38,870,85,"11, CHURCHILL WINSTON (P",,,Plein jour,En agglomération,Hors intersection,Normale,Autre collision,,,,,,,,,,,1,2,1,1.0,6
201300037191,0013-05-23 09:59:00,13,5,23,9,59,870,85,BEL AIR (BOULEVARD DE),,,Plein jour,En agglomération,Hors intersection,Normale,Autre collision,,,,,,,,,,,1,2,1,1.0,6
201300037192,0013-05-24 08:30:00,13,5,24,8,30,870,85,"319, BAUDIN ( AVENUE) (V",,,Plein jour,En agglomération,Hors intersection,Normale,Trois véhicules et plus - en chaîne,,,,,,,,,,,1,2,1,1.0,4
201300037193,0013-05-27 12:45:00,13,5,27,12,45,870,50,RN520 (COUZEIX),,,Plein jour,Hors agglomération,Hors intersection,Normale,Deux véhicules - frontale,,,,,,,,,,,1,1,1,1.0,1
201300037194,0013-05-27 13:15:00,13,5,27,13,15,870,85,"196, BELLAC (RUE DE)",,,Plein jour,En agglomération,Hors intersection,Pluie légère,Autre collision,,,,,,,,,,,1,2,1,2.0,6
201300037195,0013-05-27 19:51:00,13,5,27,19,51,870,85,"0, CARNOT (PLACE SADI)",,,Plein jour,En agglomération,Hors intersection,Normale,Autre collision,,,,,,,,,,,1,2,1,1.0,6
201300037196,0013-05-28 08:39:00,13,5,28,8,39,870,48,"0, NEXON (ROUTE DE)",,,Plein jour,Hors agglomération,Hors intersection,Normale,Trois véhicules et plus - en chaîne,,,,,,,,,,,1,1,1,1.0,4
201300037197,0013-05-28 13:50:00,13,5,28,13,50,870,85,SCHUMAN (BOULEVARD ROBER,,,Plein jour,En agglomération,Hors intersection,Pluie légère,Autre collision,,,,,,,,,,,1,2,1,2.0,6
201300037198,0013-05-28 15:52:00,13,5,28,15,52,870,85,"79, LATTRE-DE-TASSIGNY (",,,Plein jour,En agglomération,Hors intersection,Pluie forte,Autre collision,,,,,,,,,,,1,2,1,3.0,6
201300037199,0013-05-29 12:28:00,13,5,29,12,28,870,85,"53, PECHIERAS (RUE RENE)",,,Plein jour,En agglomération,Hors intersection,Pluie légère,Autre collision,,,,,,,,,,,1,2,1,2.0,6
201300037200,0013-05-29 17:56:00,13,5,29,17,56,870,85,"0, JOURDAN (PLACE)",,,Crépuscule ou aube,En agglomération,Intersection en T,Pluie légère,Deux véhicules - côté,,,,,,,,,,,2,2,3,2.0,3
201300037201,0013-05-30 09:06:00,13,5,30,9,6,870,114,"68, BLUM (AVENUE LEON-)",,,Plein jour,En agglomération,Intersection en X,Normale,Autre collision,,,,,,,,,,,1,2,2,1.0,6
201300037202,0013-05-30 12:35:00,13,5,30,12,35,870,85,"0, ORADOUR SUR GLANE (CA",,,Plein jour,En agglomération,Hors intersection,Pluie légère,Autre collision,,,,,,,,,,,1,2,1,2.0,6
201300037203,0013-05-31 17:55:00,13,5,31,17,55,870,75,"06, COUERASSAS (RUE DE)",,,Plein jour,Hors agglomération,Intersection en T,Normale,Autre collision,,,,,,,,,,,1,1,3,1.0,6
201300037204,0013-05-31 21:58:00,13,5,31,21,58,870,65,MOISSAGUET (LIEU-DIT),,,Nuit avec éclairage allumé,Hors agglomération,Hors intersection,Normale,Autre collision,,,,,,,,,,,5,1,1,1.0,6
201300037205,0013-06-03 10:25:00,13,6,3,10,25,870,85,"28, MAS-LOUBIER (RUE DU)",,,Plein jour,En agglomération,Hors intersection,Normale,Autre collision,,,,,,,,,,,1,2,1,1.0,6
201300037206,0013-06-03 17:06:00,13,6,3,17,6,870,114,"50, CARNOT (AVENUE PRESI",,,Plein jour,En agglomération,Hors intersection,Normale,Trois véhicules et plus - en chaîne,,,,,,,,,,,1,2,1,1.0,4
201300037207,0013-06-04 11:36:00,13,6,4,11,36,870,85,"26, GARIBALDI (AVENUE)",,,Plein jour,En agglomération,Intersection en X,Normale,Autre collision,,,,,,,,,,,1,2,2,1.0,6
201300037208,0013-06-05 10:47:00,13,6,5,10,47,870,85,AUTOROUTE A20,,,Plein jour,Hors agglomération,Hors intersection,Normale,Trois véhicules et plus - collisions multiples,,,,,,,,,,,1,1,1,1.0,5
201300037209,0013-06-07 15:43:00,13,6,7,15,43,870,85,"184, CASSEAUX (AVE DES)",,,Plein jour,En agglomération,Intersection en T,Normale,Autre collision,,,,,,,,,,,1,2,3,1.0,6
201300037210,0013-06-08 13:48:00,13,6,8,13,48,870,85,ESSARTS (RUE DES),,,Plein jour,Hors agglomération,Hors intersection,Pluie légère,Deux véhicules - frontale,,,,,,,,,,,1,1,1,2.0,1
201300037211,0013-06-08 15:37:00,13,6,8,15,37,870,85,"4, AMPHITHEATRE (RUE DE)",,,Plein jour,En agglomération,Hors intersection,Pluie légère,Deux véhicules - côté,,,,,,,,,,,1,2,1,2.0,3
201300037212,0013-06-09 00:41:00,13,6,9,0,41,870,85,"39, FEYTIAT (RUE DE)",,,Nuit avec éclairage allumé,En agglomération,Hors intersection,Normale,Autre collision,,,,,,,,,,,5,2,1,1.0,6
201300037213,0013-06-09 12:37:00,13,6,9,12,37,870,85,"71, CHINCHAUVAUD (RUE DU",,,Plein jour,En agglomération,Intersection en X,Normale,Deux véhicules - côté,,,,,,,,,,,1,2,2,1.0,3
201300037214,0013-06-12 15:17:00,13,6,12,15,17,870,85,"6, CARMES (PLACE DES)",,,Plein jour,En agglomération,Hors intersection,Normale,Autre collision,,,,,,,,,,,1,2,1,1.0,6
201300037215,0013-06-12 17:06:00,13,6,12,17,6,870,85,"07, GARIBALDI (AVENUE)",,,Plein jour,En agglomération,Hors intersection,Normale,Deux véhicules - arrière,,,,,,,,,,,1,2,1,1.0,2
201300037216,0013-06-13 13:22:00,13,6,13,13,22,870,65,LEGRAND (RUE FREDERIC-),,,Plein jour,En agglomération,Hors intersection,Pluie forte,Autre collision,,,,,,,,,,,1,2,1,3.0,6
201300037217,0013-06-13 16:58:00,13,6,13,16,58,870,85,AUTOROUTE A20,,,Plein jour,Hors agglomération,Hors intersection,Pluie forte,Deux véhicules - arrière,,,,,,,,,,,1,1,1,3.0,2
201300037218,0013-06-14 13:59:00,13,6,14,13,59,870,85,"0, MAS-GIGOU (RUE DU)",,,Plein jour,En agglomération,Hors intersection,Normale,Deux véhicules - arrière,,,,,,,,,,,1,2,1,1.0,2
201300037219,0013-06-15 05:00:00,13,6,15,5,0,870,75,"0, BALEZY (ROUTE DE)",,,Plein jour,Hors agglomération,Hors intersection,Normale,Autre collision,,,,,,,,,,,1,1,1,1.0,6