accident_id,datetime,annee,mois,jour,heure,minute,departement,commune_insee,adresse,latitude,longitude,luminosite,agglomeration,intersection,meteo,collision,nb_vehicules,nb_usagers,nb_indemnes,nb_tues,nb_blesses_hosp,nb_blesses_legers,age_cond_1,age_cond_2,veh_type_cond_1,veh_type_cond_2,lum_code,agg_code,int_code,atm_code,col_code
201300037861,0013-03-14 10:05:00,13,3,14,10,5,910,174,"01, LECOUILLARD (bouleva",,,Plein jour,En agglomération,Hors intersection,Normale,Deux véhicules - arrière,,,,,,,,,,,1,2,1,1.0,2
201300037862,0013-03-12 17:00:00,13,3,12,17,0,910,174,"1, WALDECK ROUSSEAU(RUE)",,,Plein jour,En agglomération,Hors intersection,Normale,Trois véhicules et plus - en chaîne,,,,,,,,,,,1,2,1,1.0,4
201300037863,0013-05-17 11:30:00,13,5,17,11,30,910,174,"3, strathkelvin (avenue",,,Plein jour,Hors agglomération,Hors intersection,Normale,Autre collision,,,,,,,,,,,1,1,1,1.0,6
201300037864,0013-05-23 19:45:00,13,5,23,19,45,910,174,"1, JEAN JAURES (BOULEVAR",,,Crépuscule ou aube,En agglomération,Intersection en X,Normale,Deux véhicules - côté,,,,,,,,,,,2,2,2,1.0,3
201300037865,0013-04-26 21:10:00,13,4,26,21,10,910,174,"1, 08 MAI 1945 (AVENUE)",,,Crépuscule ou aube,En agglomération,Hors intersection,Pluie légère,Trois véhicules et plus - en chaîne,,,,,,,,,,,2,2,1,2.0,4
201300037866,0013-04-27 12:45:00,13,4,27,12,45,910,174,strathkelvin (avenue de,,,Plein jour,En agglomération,Hors intersection,Normale,Autre collision,,,,,,,,,,,1,2,1,1.0,6
201300037867,0013-05-22 18:00:00,13,5,22,18,0,910,174,"33, 08 MAI 1945 (AVENUE)",,,Plein jour,En agglomération,Hors intersection,Normale,Deux véhicules - côté,,,,,,,,,,,1,2,1,1.0,3
201300037868,0013-03-19 18:25:00,13,3,19,18,25,910,174,CARNOT(AVENUE),,,Plein jour,En agglomération,Hors intersection,Normale,Deux véhicules - arrière,,,,,,,,,,,1,2,1,1.0,2
201300037869,0013-06-04 14:05:00,13,6,4,14,5,910,174,champlouis,,,Plein jour,En agglomération,Hors intersection,Normale,Autre collision,,,,,,,,,,,1,2,1,1.0,6
201300037870,0013-07-04 14:05:00,13,7,4,14,5,910,174,champlouis,,,Plein jour,En agglomération,Hors intersection,Normale,Autre collision,,,,,,,,,,,1,2,1,1.0,6
201300037871,0013-07-02 08:35:00,13,7,2,8,35,910,174,"28, WALDECK ROUSSEAU(RUE",,,Plein jour,En agglomération,Autre intersection,Normale,Deux véhicules - arrière,,,,,,,,,,,1,2,9,1.0,2
201300037872,0013-07-13 19:10:00,13,7,13,19,10,910,174,"61, MARECHAL DE LATTRE D",,,Plein jour,En agglomération,Hors intersection,Normale,Autre collision,,,,,,,,,,,1,2,1,1.0,6
201300037873,0013-08-08 18:20:00,13,8,8,18,20,910,174,"2, LEON CASSE(PLACE)",,,Plein jour,En agglomération,Hors intersection,Normale,Deux véhicules - arrière,,,,,,,,,,,1,2,1,1.0,2
201300037874,0013-08-08 09:50:00,13,8,8,9,50,910,174,"65, PARIS (RUE)",,,Plein jour,En agglomération,Hors intersection,Normale,Deux véhicules - côté,,,,,,,,,,,1,2,1,1.0,3
201300037875,0013-05-11 15:05:00,13,5,11,15,5,910,174,"51, BERT(RUE PAUL)",,,Plein jour,En agglomération,Hors intersection,Normale,Sans collision,,,,,,,,,,,1,2,1,1.0,7
201300037876,0013-09-07 14:40:00,13,9,7,14,40,910,174,Emile ZOLA (rue),,,Plein jour,En agglomération,Intersection en T,Normale,Deux véhicules - côté,,,,,,,,,,,1,2,3,1.0,3
201300037877,0013-08-29 08:30:00,13,8,29,8,30,910,174,"01, JEAN JAURES (BOULEVA",,,Plein jour,En agglomération,Hors intersection,Normale,Deux véhicules - arrière,,,,,,,,,,,1,2,1,1.0,2
201300037878,0013-05-06 20:45:00,13,5,6,20,45,910,174,LA NACELLE (rue),,,Plein jour,En agglomération,Intersection en T,Normale,Deux véhicules - côté,,,,,,,,,,,1,2,3,1.0,3
201300037879,0013-09-14 08:25:00,13,9,14,8,25,910,174,"01, JEAN JAURES (BOULEVA",,,Plein jour,En agglomération,Autre intersection,Pluie légère,Autre collision,,,,,,,,,,,1,2,9,2.0,6
201300037880,0013-09-16 18:55:00,13,9,16,18,55,910,174,"07, BERT(RUE PAUL)",,,Plein jour,En agglomération,Hors intersection,Pluie forte,Sans collision,,,,,,,,,,,1,2,1,3.0,7
201300037881,0013-05-28 19:00:00,13,5,28,19,0,910,174,PAPETERIE(RUE),,,Plein jour,En agglomération,Intersection en T,Normale,Deux véhicules - côté,,,,,,,,,,,1,2,3,1.0,3
201300037882,0013-10-05 19:00:00,13,10,5,19,0,910,174,JEAN JAURES (BOULEVARD,,,Plein jour,En agglomération,Hors intersection,Normale,Trois véhicules et plus - en chaîne,,,,,,,,,,,1,2,1,1.0,4
201300037883,0013-07-08 17:00:00,13,7,8,17,0,910,174,"1, MAINTENANT(RUE PAUL)",,,Plein jour,Hors agglomération,Hors intersection,Normale,Autre collision,,,,,,,,,,,1,1,1,1.0,6
201300037884,0013-07-11 13:10:00,13,7,11,13,10,910,174,"17, COMBES MARNES(BOULEV",,,Plein jour,En agglomération,Hors intersection,Normale,Deux véhicules - arrière,,,,,,,,,,,1,2,1,1.0,2
201300037885,0013-10-09 21:09:00,13,10,9,21,9,910,174,Emile ZOLA (rue),,,Crépuscule ou aube,En agglomération,Intersection en T,Pluie légère,Autre collision,,,,,,,,,,,2,2,3,2.0,6
201300037886,0013-06-25 10:15:00,13,6,25,10,15,910,174,FERAY ( rue ),,,Plein jour,En agglomération,Hors intersection,Normale,Autre collision,,,,,,,,,,,1,2,1,1.0,6
201300037887,0013-08-20 17:20:00,13,8,20,17,20,910,174,"25, JOHN KENNEDY (BOULEV",,,Plein jour,En agglomération,Hors intersection,Normale,Deux véhicules - côté,,,,,,,,,,,1,2,1,1.0,3
201300037888,0013-08-30 20:35:00,13,8,30,20,35,910,174,"30, strathkelvin (avenue",,,Plein jour,En agglomération,Hors intersection,Normale,Autre collision,,,,,,,,,,,1,2,1,1.0,6
201300037889,0013-09-15 13:35:00,13,9,15,13,35,910,174,PRESIDENT ALLENDE (RUE D,,,Plein jour,En agglomération,Intersection en X,Normale,Deux véhicules - côté,,,,,,,,,,,1,2,2,1.0,3
201300037890,0013-11-06 17:00:00,13,11,6,17,0,910,174,"73, PRESIDENT ALLENDE (A",,,Plein jour,En agglomération,Hors intersection,Temps couvert,Autre collision,,,,,,,,,,,1,2,1,8.0,6
201300037891,0013-09-04 11:40:00,13,9,4,11,40,910,174,"1, CRETE ( Boulevard)",,,Plein jour,En agglomération,Intersection en T,Normale,Autre collision,,,,,,,,,,,1,2,3,1.0,6
201300037892,0013-10-18 15:15:00,13,10,18,15,15,910,174,"1, RUE GUSTAVE EIFFEL",,,Plein jour,En agglomération,Intersection en T,Normale,Deux véhicules - côté,,,,,,,,,,,1,2,3,1.0,3
201300037893,0013-09-02 20:00:00,13,9,2,20,0,910,174,RUE GEORGES LE DU,,,Plein jour,En agglomération,Intersection en T,Normale,Deux véhicules - arrière,,,,,,,,,,,1,2,3,1.0,2
201300037894,0013-11-27 16:10:00,13,11,27,16,10,910,174,"40, APPORT PARIS (QUAI)",,,Plein jour,En agglomération,Autre intersection,Normale,Autre collision,,,,,,,,,,,1,2,9,1.0,6
201300037895,0013-11-21 08:30:00,13,11,21,8,30,910,174,"84, BOURGOIN(QUAI)",,,Plein jour,En agglomération,Hors intersection,Normale,Deux véhicules - arrière,,,,,,,,,,,1,2,1,1.0,2
201300037896,0013-12-17 11:25:00,13,12,17,11,25,910,174,"52, PARIS (RUE)",,,Plein jour,En agglomération,Hors intersection,Normale,Deux véhicules - arrière,,,,,,,,,,,1,2,1,1.0,2
201300037897,0013-11-30 18:10:00,13,11,30,18,10,910,174,"43, PARIS (RUE)",,,Nuit avec éclairage allumé,En agglomération,Hors intersection,Normale,Autre collision,,,,,,,,,,,5,2,1,1.0,6
201300037898,0013-01-06 12:30:00,13,1,6,12,30,910,201,HENRI BARBUSSE (AVENUE),,,Plein jour,En agglomération,Hors intersection,Temps couvert,Deux véhicules - arrière,,,,,,,,,,,1,2,1,8.0,2
201300037899,0013-01-09 07:40:00,13,1,9,7,40,910,657,TOURELLE (AVENUE DE LA ),,,Crépuscule ou aube,En agglomération,Intersection en T,Temps couvert,Trois véhicules et plus - collisions multiples,,,,,,,,,,,2,2,3,8.0,5
201300037900,0013-01-09 19:40:00,13,1,9,19,40,910,201,HENRI BARBUSSE(AVENUE,,,Nuit avec éclairage allumé,En agglomération,Intersection en X,Normale,Autre collision,,,,,,,,,,,5,2,2,1.0,6
201300037901,0013-01-11 07:45:00,13,1,11,7,45,910,201,HENRI BARBUSSE(AVENUE,,,Crépuscule ou aube,En agglomération,Intersection en X,Normale,Deux véhicules - côté,,,,,,,,,,,2,2,2,1.0,3
201300037902,0013-02-01 14:00:00,13,2,1,14,0,910,657,COTE D'OR (RUE DE LA),,,Plein jour,En agglomération,Hors intersection,Pluie légère,Deux véhicules - côté,,,,,,,,,,,1,2,1,2.0,3
201300037903,0013-01-28 18:25:00,13,1,28,18,25,910,201,HENRI BARBUSSE(BOULEVARD,,,Nuit avec éclairage allumé,En agglomération,Hors intersection,Normale,Deux véhicules - arrière,,,,,,,,,,,5,2,1,1.0,2
201300037904,0013-02-05 07:30:00,13,2,5,7,30,910,657,PASTEUR (RUE),,,Nuit sans éclairage public,En agglomération,Intersection en X,Pluie légère,Deux véhicules - côté,,,,,,,,,,,3,2,2,2.0,3
201300037905,0013-12-31 12:20:00,13,12,31,12,20,910,201,PIERRE BROSSOLETTE (RUE),,,Plein jour,En agglomération,Intersection en X,Normale,Deux véhicules - arrière,,,,,,,,,,,1,2,2,1.0,2
201300037906,0013-02-09 14:45:00,13,2,9,14,45,910,201,HENRI BARBUSSE(BOULEVARD,,,Plein jour,En agglomération,Hors intersection,Pluie légère,Autre collision,,,,,,,,,,,1,2,1,2.0,6
201300037907,0013-02-13 17:30:00,13,2,13,17,30,910,201,HENRI BARBUSSE(BOULEVARD,,,Plein jour,En agglomération,Intersection en X,Pluie légère,Deux véhicules - côté,,,,,,,,,,,1,2,2,2.0,3
201300037908,0013-02-16 13:30:00,13,2,16,13,30,910,201,GENERAL DE GAULLE(BOULEV,,,Plein jour,En agglomération,Hors intersection,Normale,Autre collision,,,,,,,,,,,1,2,1,1.0,6
201300037909,0013-02-17 12:55:00,13,2,17,12,55,910,201,GENERAL DE GAULLE(BOULEV,,,Plein jour,En agglomération,Intersection en T,Normale,Deux véhicules - côté,,,,,,,,,,,1,2,3,1.0,3
201300037910,0013-01-12 13:10:00,13,1,12,13,10,910,657,TOURELLE (AVENUE DE LA ),,,Plein jour,En agglomération,Hors intersection,Normale,Deux véhicules - arrière,,,,,,,,,,,1,2,1,1.0,2
201300037911,0013-01-14 16:40:00,13,1,14,16,40,910,201,HENRI BARBUSSE(AVENUE,,,Plein jour,En agglomération,Hors intersection,Normale,Trois véhicules et plus - collisions multiples,,,,,,,,,,,1,2,1,1.0,5
201300037912,0013-01-15 22:40:00,13,1,15,22,40,910,201,HENRI BARBUSSE(AVENUE,,,Nuit sans éclairage public,En agglomération,Hors intersection,Normale,Autre collision,,,,,,,,,,,3,2,1,1.0,6
201300037913,0013-01-23 17:10:00,13,1,23,17,10,910,657,HENRI BARBUSSE (AVENUE),,,Plein jour,En agglomération,Hors intersection,Normale,Deux véhicules - côté,,,,,,,,,,,1,2,1,1.0,3
201300037914,0013-03-06 18:20:00,13,3,6,18,20,910,657,FREDERIC JOLIOT CURIE (A,,,Plein jour,En agglomération,Hors intersection,Normale,Autre collision,,,,,,,,,,,1,2,1,1.0,6
201300037915,0013-03-08 21:00:00,13,3,8,21,0,910,201,PIERRE BROSSOLETTE (RUE),,,Nuit avec éclairage allumé,En agglomération,Hors intersection,Normale,Deux véhicules - arrière,,,,,,,,,,,5,2,1,1.0,2
201300037916,0013-02-23 14:30:00,13,2,23,14,30,910,657,GAULOIS (RUE DES ),,,Plein jour,En agglomération,Hors intersection,Normale,Deux véhicules - frontale,,,,,,,,,,,1,2,1,1.0,1
201300037917,0013-02-28 08:40:00,13,2,28,8,40,910,201,GENERAL DE GAULLE(BOULEV,,,Plein jour,En agglomération,Hors intersection,Pluie légère,Deux véhicules - arrière,,,,,,,,,,,1,2,1,2.0,2
201300037918,0013-04-05 11:25:00,13,4,5,11,25,910,657,TOURELLE (AVENUE DE LA ),,,Plein jour,En agglomération,Intersection en T,Normale,Deux véhicules - côté,,,,,,,,,,,1,2,3,1.0,3
201300037919,0013-04-06 16:30:00,13,4,6,16,30,910,657,EDELWEISS (RUE DES),,,Plein jour,En agglomération,Hors intersection,Normale,Deux véhicules - côté,,,,,,,,,,,1,2,1,1.0,3
201300037920,0013-04-23 17:40:00,13,4,23,17,40,910,657,CONCORDE (AVENUE),,,Plein jour,En agglomération,Hors intersection,Normale,Autre collision,,,,,,,,,,,1,2,1,1.0,6
201300037921,0013-04-05 18:05:00,13,4,5,18,5,910,201,"149ter, HENRI BARBUSSE(A",,,Plein jour,En agglomération,Hors intersection,Normale,Deux véhicules - côté,,,,,,,,,,,1,2,1,1.0,3
201300037922,0013-04-09 13:30:00,13,4,9,13,30,910,201,HENRI BARBUSSE(AVENUE,,,Plein jour,En agglomération,Hors intersection,Pluie légère,Trois véhicules et plus - collisions multiples,,,,,,,,,,,1,2,1,2.0,5
201300037923,0013-04-12 08:30:00,13,4,12,8,30,910,201,POIREE (RUE DE LA ),,,Plein jour,En agglomération,Hors intersection,Temps couvert,Autre collision,,,,,,,,,,,1,2,1,8.0,6
201300037924,0013-04-16 14:50:00,13,4,16,14,50,910,657,HENRI CHARON (AVENUE),,,Plein jour,En agglomération,Hors intersection,Normale,Deux véhicules - côté,,,,,,,,,,,1,2,1,1.0,3
201300037925,0013-04-21 11:05:00,13,4,21,11,5,910,657,HENRI BARBUSSE (AVENUE),,,Plein jour,En agglomération,Hors intersection,Normale,Deux véhicules - côté,,,,,,,,,,,1,2,1,1.0,3
201300037926,0013-04-21 14:40:00,13,4,21,14,40,910,657,ANEMONES (RUE DES ),,,Plein jour,En agglomération,Hors intersection,Normale,Autre collision,,,,,,,,,,,1,2,1,1.0,6
201300037927,0013-03-22 18:50:00,13,3,22,18,50,910,201,HENRI BARBUSSE(AV,,,Plein jour,En agglomération,Intersection en T,Normale,Deux véhicules - côté,,,,,,,,,,,1,2,3,1.0,3
201300037928,0013-03-27 13:40:00,13,3,27,13,40,910,201,GENERAL DE GAULLE(BOULEV,,,Plein jour,En agglomération,Intersection en X,Normale,Deux véhicules - arrière,,,,,,,,,,,1,2,2,1.0,2
201300037929,0013-04-26 07:25:00,13,4,26,7,25,910,201,FERDINAND BUISSON(RUE),,,Nuit avec éclairage allumé,En agglomération,Hors intersection,Normale,Deux véhicules - frontale,,,,,,,,,,,5,2,1,1.0,1
201300037930,0013-04-25 01:25:00,13,4,25,1,25,910,657,ARBRE DE LA LIBERTE (PLA,,,Nuit sans éclairage public,En agglomération,Hors intersection,Normale,Autre collision,,,,,,,,,,,3,2,1,1.0,6
201300037931,0013-04-27 19:30:00,13,4,27,19,30,910,657,CONCORDE (AVENUE),,,Plein jour,En agglomération,Hors intersection,Autre,Deux véhicules - frontale,,,,,,,,,,,1,2,1,9.0,1
201300037932,0013-04-27 02:30:00,13,4,27,2,30,910,201,EUROPE(AVENUE DE L'),,,Nuit avec éclairage allumé,En agglomération,Hors intersection,Autre,Autre collision,,,,,,,,,,,5,2,1,9.0,6
201300037933,0013-05-10 20:05:00,13,5,10,20,5,910,657,JULES VERNE (RUE),,,Plein jour,En agglomération,Intersection en X,Normale,Deux véhicules - côté,,,,,,,,,,,1,2,2,1.0,3
201300037934,0013-05-16 01:07:00,13,5,16,1,7,910,657,MAX D'ORMOY (RUE),,,Nuit sans éclairage public,En agglomération,Hors intersection,Pluie légère,Autre collision,,,,,,,,,,,3,2,1,2.0,6
201300037935,0013-05-16 19:45:00,13,5,16,19,45,910,201,CHATILLON(RUE DE ),,,Plein jour,En agglomération,Intersection en X,Normale,Deux véhicules - frontale,,,,,,,,,,,1,2,2,1.0,1
201300037936,0013-05-24 19:45:00,13,5,24,19,45,910,201,PIERRE BROSSOLETTE (RUE),,,Crépuscule ou aube,En agglomération,Intersection en T,Normale,Deux véhicules - côté,,,,,,,,,,,2,2,3,1.0,3
201300037937,0013-06-06 08:00:00,13,6,6,8,0,910,201,ALPHONSE DAUDET(RUE),,,Plein jour,En agglomération,Intersection en X,Normale,Autre collision,,,,,,,,,,,1,2,2,1.0,6
201300037938,0013-06-06 17:35:00,13,6,6,17,35,910,657,TOURELLE (AVENUE DE LA ),,,Plein jour,En agglomération,Hors intersection,Normale,Deux véhicules - arrière,,,,,,,,,,,1,2,1,1.0,2
201300037939,0013-06-09 19:55:00,13,6,9,19,55,910,201,PIERRE BROSSOLETTE (RUE),,,Crépuscule ou aube,En agglomération,Intersection en X,Normale,Deux véhicules - côté,,,,,,,,,,,2,2,2,1.0,3
201300037940,0013-05-05 19:25:00,13,5,5,19,25,910,657,HENRI BARBUSSE (AVENUE),,,Crépuscule ou aube,En agglomération,Intersection en T,Normale,Deux véhicules - côté,,,,,,,,,,,2,2,3,1.0,3
201300037941,0013-06-16 17:50:00,13,6,16,17,50,910,201,BAC DE RIS(CHEMIN DU),,,Plein jour,En agglomération,Hors intersection,Normale,Deux véhicules - côté,,,,,,,,,,,1,2,1,1.0,3
201300037942,0013-06-25 23:00:00,13,6,25,23,0,910,657,EUGENE VARLIN (RUE),,,Nuit avec éclairage allumé,En agglomération,Intersection en X,Normale,Deux véhicules - côté,,,,,,,,,,,5,2,2,1.0,3
201300037943,0013-05-25 16:20:00,13,5,25,16,20,910,201,HENRI BARBUSSE(BOULEVARD,,,Plein jour,En agglomération,Hors intersection,Normale,Deux véhicules - frontale,,,,,,,,,,,1,2,1,1.0,1
201300037944,0013-05-25 19:10:00,13,5,25,19,10,910,657,HENRI BARBUSSE (AVENUE),,,Plein jour,En agglomération,Intersection en T,Normale,Deux véhicules - côté,,,,,,,,,,,1,2,3,1.0,3
201300037945,0013-05-27 18:15:00,13,5,27,18,15,910,201,RIS (RUE DE),,,Plein jour,En agglomération,Hors intersection,Normale,Autre collision,,,,,,,,,,,1,2,1,1.0,6
201300037946,0013-07-08 21:10:00,13,7,8,21,10,910,657,HENRI BARBUSSE (AVENUE),,,Plein jour,En agglomération,Intersection en T,Normale,Autre collision,,,,,,,,,,,1,2,3,1.0,6
201300037947,0013-06-18 12:00:00,13,6,18,12,0,910,657,MARECHAL LECLERC (RUE) C,,,Plein jour,En agglomération,Intersection en T,Normale,Deux véhicules - côté,,,,,,,,,,,1,2,3,1.0,3
201300037948,0013-07-17 16:30:00,13,7,17,16,30,910,657,FREDERIC JOLIOT CURIE (A,,,Plein jour,En agglomération,Intersection en T,Normale,Deux véhicules - côté,,,,,,,,,,,1,2,3,1.0,3
201300037949,0013-07-21 09:30:00,13,7,21,9,30,910,201,HENRI BARBUSSE(AV,,,Plein jour,En agglomération,Hors intersection,Normale,Autre collision,,,,,,,,,,,1,2,1,1.0,6
201300037950,0013-07-21 20:00:00,13,7,21,20,0,910,201,HENRI BARBUSSE(BOULEVARD,,,Plein jour,En agglomération,Hors intersection,Normale,Deux véhicules - arrière,,,,,,,,,,,1,2,1,1.0,2
201300037951,0013-08-08 16:20:00,13,8,8,16,20,910,201,EUGENE DELACROIX(AVENUE),,,Plein jour,En agglomération,Hors intersection,Normale,Autre collision,,,,,,,,,,,1,2,1,1.0,6
201300037952,0013-08-09 17:25:00,13,8,9,17,25,910,657,HENRI BARBUSSE(AV),,,Plein jour,En agglomération,Intersection en X,Normale,Deux véhicules - côté,,,,,,,,,,,1,2,2,1.0,3
201300037953,0013-08-16 14:00:00,13,8,16,14,0,910,201,EUGENE DELACROIX(AVENUE),,,Plein jour,En agglomération,Hors intersection,Normale,Autre collision,,,,,,,,,,,1,2,1,1.0,6
201300037954,0013-08-28 00:35:00,13,8,28,0,35,910,657,JULES VERNE (RUE),,,Nuit avec éclairage allumé,En agglomération,Hors intersection,Normale,Autre collision,,,,,,,,,,,5,2,1,1.0,6
201300037955,0013-09-05 17:40:00,13,9,5,17,40,910,201,JACQUELINE JEUNON(RUE),,,Plein jour,En agglomération,Intersection en X,Normale,Deux véhicules - côté,,,,,,,,,,,1,2,2,1.0,3
201300037956,0013-09-18 14:50:00,13,9,18,14,50,910,657,HENRI DUVERNOIS (RUE),,,Plein jour,En agglomération,Intersection en X,Pluie légère,Deux véhicules - frontale,,,,,,,,,,,1,2,2,2.0,1
201300037957,0013-09-24 16:45:00,13,9,24,16,45,910,201,DOCTEUR FRANCOIS(RUE DU),,,Plein jour,En agglomération,Hors intersection,Normale,Autre collision,,,,,,,,,,,1,2,1,1.0,6
201300037958,0013-09-24 19:35:00,13,9,24,19,35,910,201,CHEMIN(RUE DU),,,Plein jour,En agglomération,Intersection en X,Normale,Deux véhicules - côté,,,,,,,,,,,1,2,2,1.0,3
201300037959,0013-09-25 08:00:00,13,9,25,8,0,910,201,PONT 1ER ARMEE FRANCAISE,,,Plein jour,En agglomération,Hors intersection,Normale,Deux véhicules - arrière,,,,,,,,,,,1,2,1,1.0,2
201300037960,0013-09-27 12:10:00,13,9,27,12,10,910,201,HENRI BARBUSSE(av,,,Plein jour,En agglomération,Hors intersection,Normale,Deux véhicules - côté,,,,,,,,,,,1,2,1,1.0,3
201300037961,0013-10-03 01:30:00,13,10,3,1,30,910,657,HENRI BARBUSSE (AVENUE),,,Nuit avec éclairage allumé,En agglomération,Hors intersection,Normale,Deux véhicules - côté,,,,,,,,,,,5,2,1,1.0,3
201300037962,0013-10-02 18:30:00,13,10,2,18,30,910,657,PAUL VAILLANT COUTURIER,,,Plein jour,En agglomération,Intersection en X,Normale,Trois véhicules et plus - collisions multiples,,,,,,,,,,,1,2,2,1.0,5
201300037963,0013-10-10 06:50:00,13,10,10,6,50,910,201,PIERRE BROSSOLETTE (RUE),,,Nuit avec éclairage allumé,En agglomération,Intersection en X,Normale,Autre collision,,,,,,,,,,,5,2,2,1.0,6
201300037964,0013-10-14 09:07:00,13,10,14,9,7,910,657,CHATEAU (RUE DU),,,Plein jour,En agglomération,Hors intersection,Pluie légère,Autre collision,,,,,,,,,,,1,2,1,2.0,6
201300037965,0013-10-16 23:05:00,13,10,16,23,5,910,657,LONGUERAIE (RUE DE LA ),,,Nuit sans éclairage public,En agglomération,Hors intersection,Pluie légère,Autre collision,,,,,,,,,,,3,2,1,2.0,6
201300037966,0013-10-25 16:40:00,13,10,25,16,40,910,201,EUROPE(AVENUE DE L'),,,Plein jour,En agglomération,Intersection en X,Normale,Autre collision,,,,,,,,,,,1,2,2,1.0,6
201300037967,0013-10-31 11:45:00,13,10,31,11,45,910,657,HENRI BARBUSSE (AVENUE),,,Plein jour,En agglomération,Intersection en X,Normale,Trois véhicules et plus - en chaîne,,,,,,,,,,,1,2,2,1.0,4
201300037968,0013-11-01 11:20:00,13,11,1,11,20,910,657,FREDERIC JOLIOT CURIE (A,,,Plein jour,En agglomération,Intersection en X,Normale,Autre collision,,,,,,,,,,,1,2,2,1.0,6
201300037969,0013-11-04 19:15:00,13,11,4,19,15,910,201,REPUBLIQUE (PLACE DE LA),,,Nuit avec éclairage allumé,En agglomération,Autre intersection,Autre,Deux véhicules - frontale,,,,,,,,,,,5,2,9,9.0,1
201300037970,0013-11-13 11:45:00,13,11,13,11,45,910,201,HENRI BARBUSSE(BOULEVARD,,,Plein jour,En agglomération,Hors intersection,Pluie légère,Autre collision,,,,,,,,,,,1,2,1,2.0,6
201300037971,0013-11-13 19:00:00,13,11,13,19,0,910,657,HENRI BARBUSSE (AVENUE),,,Nuit avec éclairage allumé,En agglomération,Hors intersection,Normale,Autre collision,,,,,,,,,,,5,2,1,1.0,6
201300037972,0013-11-21 08:35:00,13,11,21,8,35,910,201,ALPHONSE DAUDET(RUE),,,Plein jour,En agglomération,Hors intersection,Pluie légère,Deux véhicules - arrière,,,,,,,,,,,1,2,1,2.0,2
201300037973,0013-12-05 16:45:00,13,12,5,16,45,910,201,HENRI BARBUSSE(AV,,,Plein jour,En agglomération,Hors intersection,Normale,Deux véhicules - arrière,,,,,,,,,,,1,2,1,1.0,2
201300037974,0013-12-19 10:28:00,13,12,19,10,28,910,201,HENRI BARBUSSE(AVENUE,,,Plein jour,En agglomération,Hors intersection,Autre,Autre collision,,,,,,,,,,,1,2,1,9.0,6
201300037975,0013-12-27 22:30:00,13,12,27,22,30,910,657,HENRI BARBUSSE(BOULEVARD,,,Nuit avec éclairage allumé,En agglomération,Intersection en X,Pluie légère,Autre collision,,,,,,,,,,,5,2,2,2.0,6
201300037976,0013-01-01 07:20:00,13,1,1,7,20,910,433,BLANCHE (ROUTE),,,Nuit avec éclairage allumé,Hors agglomération,Hors intersection,Normale,Deux véhicules - frontale,,,,,,,,,,,5,1,1,1.0,1
201300037977,0013-01-01 22:30:00,13,1,1,22,30,910,469,R BOIS DES ROCHES,,,Nuit avec éclairage allumé,En agglomération,Hors intersection,Normale,Autre collision,,,,,,,,,,,5,2,1,1.0,6
201300037978,0013-01-03 17:00:00,13,1,3,17,0,910,433,CD 837,,,Nuit sans éclairage public,Hors agglomération,Hors intersection,Pluie légère,Autre collision,,,,,,,,,,,3,1,1,2.0,6
201300037979,0013-01-05 15:20:00,13,1,5,15,20,910,223,LECLERC (PARKING),,,Plein jour,En agglomération,Hors intersection,Normale,Autre collision,,,,,,,,,,,1,2,1,1.0,6
201300037980,0013-01-10 00:01:00,13,1,10,0,1,910,223,"117-119, SAINT MICHEL (B",,,Nuit avec éclairage allumé,Hors agglomération,Hors intersection,Normale,Sans collision,,,,,,,,,,,5,1,1,1.0,7
201300037981,0013-01-15 09:10:00,13,1,15,9,10,910,223,ROMAINE (VOIE),,,Plein jour,En agglomération,Hors intersection,Temps couvert,Sans collision,,,,,,,,,,,1,2,1,8.0,7
201300037982,0013-01-16 12:32:00,13,1,16,12,32,910,223,BRIERES LES SCELLES (,,,Plein jour,En agglomération,Hors intersection,Normale,Deux véhicules - côté,,,,,,,,,,,1,2,1,1.0,3
201300037983,0013-01-23 14:45:00,13,1,23,14,45,910,223,"1, BONNEVAUX (AVENUE DE)",,,Plein jour,En agglomération,Hors intersection,Normale,Sans collision,,,,,,,,,,,1,2,1,1.0,7
201300037984,0013-01-28 07:40:00,13,1,28,7,40,910,223,C.D. 21,,,Nuit sans éclairage public,Hors agglomération,Hors intersection,Normale,Deux véhicules - frontale,,,,,,,,,,,3,1,1,1.0,1
201300037985,0013-02-07 07:35:00,13,2,7,7,35,910,223,"21, MAI 1945 (AVENUE DU",,,Nuit avec éclairage allumé,En agglomération,Hors intersection,Normale,Autre collision,,,,,,,,,,,5,2,1,1.0,6
201300037986,0013-02-08 07:50:00,13,2,8,7,50,910,223,R.N.20,,,Crépuscule ou aube,Hors agglomération,Hors intersection,Normale,Autre collision,,,,,,,,,,,2,1,1,1.0,6
201300037987,0013-02-11 08:09:00,13,2,11,8,9,910,223,MAI 1945 (AVENUE,,,Plein jour,En agglomération,Hors intersection,Pluie légère,Autre collision,,,,,,,,,,,1,2,1,2.0,6
201300037988,0013-02-11 16:25:00,13,2,11,16,25,910,433,GENERAL DE GAULLE (AVENU,,,Plein jour,En agglomération,Intersection en T,Normale,Deux véhicules - côté,,,,,,,,,,,1,2,3,1.0,3
201300037989,0013-02-15 08:10:00,13,2,15,8,10,910,223,"97, REPUBLIQUE (RUE DE L",,,Plein jour,En agglomération,Hors intersection,Normale,Deux véhicules - arrière,,,,,,,,,,,1,2,1,1.0,2