accident_id,datetime,annee,mois,jour,heure,minute,departement,commune_insee,adresse,latitude,longitude,luminosite,agglomeration,intersection,meteo,collision,nb_vehicules,nb_usagers,nb_indemnes,nb_tues,nb_blesses_hosp,nb_blesses_legers,age_cond_1,age_cond_2,veh_type_cond_1,veh_type_cond_2,lum_code,agg_code,int_code,atm_code,col_code
201300038897,0013-02-06 09:50:00,13,2,6,9,50,920,71,CAMBERWELL (AVENUE DE),,,Plein jour,En agglomération,Hors intersection,Pluie légère,Autre collision,,,,,,,,,,,1,2,1,2.0,6
201300038898,0013-02-06 14:00:00,13,2,6,14,0,920,19,"221, LECLERC DIVISION (A",,,Plein jour,En agglomération,Intersection en T,Normale,Autre collision,,,,,,,,,,,1,2,3,1.0,6
201300038899,0013-03-01 08:05:00,13,3,1,8,5,920,19,CLEMENT JEAN BAPTISTE (R,,,Plein jour,En agglomération,Hors intersection,Normale,Autre collision,,,,,,,,,,,1,2,1,1.0,6
201300038900,0013-03-07 21:50:00,13,3,7,21,50,920,19,"281, DIVISION LECLERC (A",,,Nuit avec éclairage allumé,En agglomération,Hors intersection,Normale,Deux véhicules - côté,,,,,,,,,,,5,2,1,1.0,3
201300038901,0013-03-16 12:20:00,13,3,16,12,20,920,19,"281, DIVISION LECLERC (A",,,Plein jour,En agglomération,Hors intersection,Normale,Deux véhicules - côté,,,,,,,,,,,1,2,1,1.0,3
201300038902,0013-03-21 11:20:00,13,3,21,11,20,920,19,"254/359, DIVISION LECLER",,,Plein jour,En agglomération,Intersection en X,Normale,Autre collision,,,,,,,,,,,1,2,2,1.0,6
201300038903,0013-03-25 15:30:00,13,3,25,15,30,920,19,"436, DIVISION LECLERC (A",,,Plein jour,En agglomération,Hors intersection,Normale,Autre collision,,,,,,,,,,,1,2,1,1.0,6
201300038904,0013-04-03 21:15:00,13,4,3,21,15,920,32,FOCH MARECHAL (AVENUE DU,,,Nuit avec éclairage allumé,En agglomération,Intersection en T,Normale,Deux véhicules - arrière,,,,,,,,,,,5,2,3,1.0,2
201300038905,0013-04-10 11:45:00,13,4,10,11,45,920,19,"57, LONGUET CHARLES (RUE",,,Plein jour,En agglomération,Hors intersection,Normale,Autre collision,,,,,,,,,,,1,2,1,1.0,6
201300038906,0013-04-13 10:45:00,13,4,13,10,45,920,19,"5, FRERES MONTGOLFIERS (",,,Plein jour,En agglomération,Hors intersection,Neige / grêle,Autre collision,,,,,,,,,,,1,2,1,4.0,6
201300038907,0013-04-15 15:00:00,13,4,15,15,0,920,71,"158, GENERAL LECLERC (AV",,,Plein jour,En agglomération,Hors intersection,Normale,Autre collision,,,,,,,,,,,1,2,1,1.0,6
201300038908,0013-05-15 09:00:00,13,5,15,9,0,920,32,CARNOT (PLACE),,,Plein jour,En agglomération,Intersection à plus de 4 branches,Normale,Autre collision,,,,,,,,,,,1,2,5,1.0,6
201300038909,0013-05-28 08:25:00,13,5,28,8,25,920,19,"128, SALENGRO ROGER (RUE",,,Plein jour,En agglomération,Hors intersection,Pluie légère,Autre collision,,,,,,,,,,,1,2,1,2.0,6
201300038910,0013-06-01 12:15:00,13,6,1,12,15,920,71,AVENUE JEAN PERRIN,,,Plein jour,En agglomération,Intersection en T,Normale,Deux véhicules - côté,,,,,,,,,,,1,2,3,1.0,3
201300038911,0013-06-02 05:55:00,13,6,2,5,55,920,19,"10, LONGUET CHARLES (RUE",,,Crépuscule ou aube,En agglomération,Hors intersection,Normale,Sans collision,,,,,,,,,,,2,2,1,1.0,7
201300038912,0013-06-08 17:05:00,13,6,8,17,5,920,19,"440, DIVISION LECLERC (A",,,Plein jour,En agglomération,Hors intersection,Temps éblouissant,Autre collision,,,,,,,,,,,1,2,1,7.0,6
201300038913,0013-06-17 13:50:00,13,6,17,13,50,920,19,", LECLERC DIVISION (AVEN",,,Plein jour,En agglomération,Hors intersection,Normale,Sans collision,,,,,,,,,,,1,2,1,1.0,7
201300038914,0013-07-03 21:35:00,13,7,3,21,35,920,71,"86, BOUR5G LA REINE (AVE",,,Crépuscule ou aube,En agglomération,Hors intersection,Normale,Trois véhicules et plus - en chaîne,,,,,,,,,,,2,2,1,1.0,4
201300038915,0013-07-11 08:30:00,13,7,11,8,30,920,19,", 11 NOVEMBRE 1918 (CARR",,,Plein jour,En agglomération,Hors intersection,Normale,Sans collision,,,,,,,,,,,1,2,1,1.0,7
201300038916,0013-07-14 20:30:00,13,7,14,20,30,920,32,"7, DOLIVET J ET M (AVENU",,,Crépuscule ou aube,En agglomération,Hors intersection,Normale,Deux véhicules - arrière,,,,,,,,,,,2,2,1,1.0,2
201300038917,0013-08-18 05:45:00,13,8,18,5,45,920,19,"404, DIVISION LECLERC (A",,,Nuit avec éclairage allumé,En agglomération,Intersection en X,Normale,Deux véhicules - côté,,,,,,,,,,,5,2,2,1.0,3
201300038918,0013-08-19 08:25:00,13,8,19,8,25,920,19,"01, BREGUET (ALLEE)",,,Plein jour,En agglomération,Intersection en T,Normale,Autre collision,,,,,,,,,,,1,2,3,1.0,6
201300038919,0013-08-24 02:35:00,13,8,24,2,35,920,32,"9, LAURENT REMI (RUE)",,,Nuit avec éclairage allumé,En agglomération,Hors intersection,Normale,Autre collision,,,,,,,,,,,5,2,1,1.0,6
201300038920,0013-09-14 16:40:00,13,9,14,16,40,920,19,BOURSIDIERE (ROUTE DE LA,,,Plein jour,En agglomération,Hors intersection,Pluie légère,Sans collision,,,,,,,,,,,1,2,1,2.0,7
201300038921,0013-09-24 16:30:00,13,9,24,16,30,920,19,"299, LECLERC DIVISION (A",,,Plein jour,En agglomération,Hors intersection,Normale,Autre collision,,,,,,,,,,,1,2,1,1.0,6
201300038922,0013-09-30 11:25:00,13,9,30,11,25,920,71,HUGO VICTOR (RUE),,,Plein jour,En agglomération,Intersection en T,Normale,Autre collision,,,,,,,,,,,1,2,3,1.0,6
201300038923,0013-10-01 11:40:00,13,10,1,11,40,920,19,"59, LONGUET JEAN (RUE)",,,Plein jour,En agglomération,Hors intersection,Normale,Autre collision,,,,,,,,,,,1,2,1,1.0,6
201300038924,0013-10-08 11:30:00,13,10,8,11,30,920,19,ALLENDE SALVATOR (CARREF,,,Plein jour,En agglomération,Giratoire,Normale,Deux véhicules - côté,,,,,,,,,,,1,2,6,1.0,3
201300038925,0013-10-10 17:10:00,13,10,10,17,10,920,71,"1, CAUCHY (AVENUE)",,,Plein jour,En agglomération,Hors intersection,Normale,Deux véhicules - côté,,,,,,,,,,,1,2,1,1.0,3
201300038926,0013-10-14 08:50:00,13,10,14,8,50,920,32,DOLIVET J ET M (AVENUE),,,Plein jour,En agglomération,Intersection en T,Temps éblouissant,Deux véhicules - côté,,,,,,,,,,,1,2,3,7.0,3
201300038927,0013-11-03 02:20:00,13,11,3,2,20,920,71,"46, LYCEE (RUE DU)",,,Nuit avec éclairage allumé,En agglomération,Hors intersection,Normale,Autre collision,,,,,,,,,,,5,2,1,1.0,6
201300038928,0013-11-14 07:40:00,13,11,14,7,40,920,19,"59, LONGUET JEAN (RUE)",,,Plein jour,En agglomération,Autre intersection,Normale,Autre collision,,,,,,,,,,,1,2,9,1.0,6
201300038929,0013-11-22 07:50:00,13,11,22,7,50,920,32,"2, PETIT ANTOINE (RUE)",,,Plein jour,En agglomération,Hors intersection,Normale,Autre collision,,,,,,,,,,,1,2,1,1.0,6
201300038930,0013-11-23 12:25:00,13,11,23,12,25,920,19,"20, JUSTICE (CHEMIN)",,,Plein jour,En agglomération,Hors intersection,Normale,Autre collision,,,,,,,,,,,1,2,1,1.0,6
201300038931,0013-11-26 19:45:00,13,11,26,19,45,920,71,"138, HOUDAN (RUE)",,,Nuit avec éclairage allumé,En agglomération,Hors intersection,Normale,Sans collision,,,,,,,,,,,5,2,1,1.0,7
201300038932,0013-12-10 09:15:00,13,12,10,9,15,920,19,"17, DIVISION LECLERC (AV",,,Plein jour,En agglomération,Hors intersection,Normale,Deux véhicules - côté,,,,,,,,,,,1,2,1,1.0,3
201300038933,0013-12-10 10:45:00,13,12,10,10,45,920,19,"137, DIVISION LECLERC (A",,,Plein jour,En agglomération,Hors intersection,Normale,Autre collision,,,,,,,,,,,1,2,1,1.0,6
201300038934,0013-12-11 18:00:00,13,12,11,18,0,920,19,"341, DIVISION LECLERC (A",,,Nuit avec éclairage allumé,En agglomération,Hors intersection,Normale,Trois véhicules et plus - en chaîne,,,,,,,,,,,5,2,1,1.0,4
201300038935,0013-12-14 15:00:00,13,12,14,15,0,920,19,DIVISION LECLERC (AVENUE,,,Plein jour,En agglomération,Hors intersection,Normale,Autre collision,,,,,,,,,,,1,2,1,1.0,6
201300038936,0013-01-04 12:15:00,13,1,4,12,15,920,60,"148, RESISTANCE (AVENUE",,,Plein jour,En agglomération,Hors intersection,Normale,Deux véhicules - côté,,,,,,,,,,,1,2,1,1.0,3
201300038937,0013-12-20 10:48:00,13,12,20,10,48,920,60,"133, RESISTANCE (AVENUE",,,Plein jour,En agglomération,Hors intersection,Autre,Autre collision,,,,,,,,,,,1,2,1,9.0,6
201300038938,0013-12-31 08:40:00,13,12,31,8,40,920,60,"73, RESISTANCE (AVENUE D",,,Crépuscule ou aube,En agglomération,Hors intersection,Pluie légère,Autre collision,,,,,,,,,,,2,2,1,2.0,6
201300038939,0013-12-31 19:20:00,13,12,31,19,20,920,23,"., VICTOR HUGO (AVENUE)",,,Nuit avec éclairage allumé,En agglomération,Intersection en X,Pluie légère,Autre collision,,,,,,,,,,,5,2,2,2.0,6
201300038940,0013-12-23 16:30:00,13,12,23,16,30,920,23,"27, PAUL VAILLANT COUTUR",,,Plein jour,En agglomération,Hors intersection,Normale,Autre collision,,,,,,,,,,,1,2,1,1.0,6
201300038941,0013-01-16 14:15:00,13,1,16,14,15,920,23,"05, PIERRE ET MARIE CURI",,,Plein jour,En agglomération,Hors intersection,Normale,Autre collision,,,,,,,,,,,1,2,1,1.0,6
201300038942,0013-01-17 10:00:00,13,1,17,10,0,920,60,"., ARISTIDE BRIAND (AVEN",,,Plein jour,En agglomération,Intersection en T,Normale,Sans collision,,,,,,,,,,,1,2,3,1.0,7
201300038943,0013-01-18 15:30:00,13,1,18,15,30,920,23,"., CHEMIN VERT (RUE DU)",,,Plein jour,En agglomération,Intersection en X,Normale,Deux véhicules - côté,,,,,,,,,,,1,2,2,1.0,3
201300038944,0013-01-22 18:50:00,13,1,22,18,50,920,23,"., DENIS GOGUE (RUE)",,,Nuit avec éclairage allumé,En agglomération,Hors intersection,Normale,Autre collision,,,,,,,,,,,5,2,1,1.0,6
201300038945,0013-01-22 16:50:00,13,1,22,16,50,920,23,"159, JEAN JAURES (AVENUE",,,Plein jour,En agglomération,Hors intersection,Neige / grêle,Autre collision,,,,,,,,,,,1,2,1,4.0,6
201300038946,0013-01-22 16:10:00,13,1,22,16,10,920,23,"., DUFFAUT (RUE)",,,Plein jour,En agglomération,Intersection en T,Normale,Deux véhicules - côté,,,,,,,,,,,1,2,3,1.0,3
201300038947,0013-01-25 08:45:00,13,1,25,8,45,920,23,"1, PETIT CLAMART (ROND P",,,Plein jour,En agglomération,Hors intersection,Normale,Autre collision,,,,,,,,,,,1,2,1,1.0,6
201300038948,0013-01-26 20:50:00,13,1,26,20,50,920,23,"., JEAN JAURES (AVENUE)",,,Nuit avec éclairage allumé,En agglomération,Intersection en X,Normale,Deux véhicules - côté,,,,,,,,,,,5,2,2,1.0,3
201300038949,0013-01-30 19:45:00,13,1,30,19,45,920,23,"., SCHNEIDER (AVENUE)",,,Nuit avec éclairage allumé,En agglomération,Intersection en T,Normale,Deux véhicules - côté,,,,,,,,,,,5,2,3,1.0,3
201300038950,0013-02-01 12:20:00,13,2,1,12,20,920,23,"., PORTE DE TRIVAUX (RUE",,,Plein jour,En agglomération,Intersection en T,Pluie forte,Deux véhicules - arrière,,,,,,,,,,,1,2,3,3.0,2
201300038951,0013-02-01 21:00:00,13,2,1,21,0,920,60,"20, LEON BLUM (AVENUE) (",,,Nuit avec éclairage allumé,En agglomération,Hors intersection,Normale,Deux véhicules - côté,,,,,,,,,,,5,2,1,1.0,3
201300038952,0013-02-02 07:05:00,13,2,2,7,5,920,23,"., JEAN BAPTISTE CLEMENT",,,Nuit avec éclairage allumé,En agglomération,Intersection en X,Pluie légère,Deux véhicules - côté,,,,,,,,,,,5,2,2,2.0,3
201300038953,0013-02-06 18:25:00,13,2,6,18,25,920,60,"138, RESISTANCE (AVENUE",,,Nuit avec éclairage allumé,En agglomération,Hors intersection,Pluie légère,Deux véhicules - côté,,,,,,,,,,,5,2,1,2.0,3
201300038954,0013-02-06 13:15:00,13,2,6,13,15,920,23,"38, PORTE DE TRIVAUX (RU",,,Plein jour,En agglomération,Hors intersection,Normale,Sans collision,,,,,,,,,,,1,2,1,1.0,7
201300038955,0013-02-11 09:50:00,13,2,11,9,50,920,23,"., HENRI BARBUSSE (AVENU",,,Plein jour,En agglomération,Intersection en X,Normale,Deux véhicules - côté,,,,,,,,,,,1,2,2,1.0,3
201300038956,0013-02-14 08:20:00,13,2,14,8,20,920,60,"48, LOUP PENDU (RUE DU)",,,Plein jour,En agglomération,Hors intersection,Pluie légère,Trois véhicules et plus - en chaîne,,,,,,,,,,,1,2,1,2.0,4
201300038957,0013-02-15 15:15:00,13,2,15,15,15,920,23,"186, GENERAL DE GAULLE (",,,Plein jour,En agglomération,Hors intersection,Normale,Autre collision,,,,,,,,,,,1,2,1,1.0,6
201300038958,0013-02-15 09:45:00,13,2,15,9,45,920,23,"41, PORTE DE TRIVAUX (RU",,,Nuit avec éclairage allumé,En agglomération,Hors intersection,Normale,Sans collision,,,,,,,,,,,5,2,1,1.0,7
201300038959,0013-02-25 10:50:00,13,2,25,10,50,920,23,"364, GENERAL DE GAULLE (",,,Plein jour,En agglomération,Hors intersection,Neige / grêle,Sans collision,,,,,,,,,,,1,2,1,4.0,7
201300038960,0013-02-26 11:32:00,13,2,26,11,32,920,23,"2, MARQUIS (PLACE) N?1 E",,,Plein jour,En agglomération,Hors intersection,Normale,Deux véhicules - arrière,,,,,,,,,,,1,2,1,1.0,2
201300038961,0013-02-27 07:50:00,13,2,27,7,50,920,60,"., CHARLES DE GAULLE (AV",,,Plein jour,En agglomération,Intersection en X,Pluie légère,Deux véhicules - côté,,,,,,,,,,,1,2,2,2.0,3
201300038962,0013-03-04 02:00:00,13,3,4,2,0,920,23,"., CLAUDE TREBIGNAUD (AV",,,Nuit avec éclairage allumé,En agglomération,Hors intersection,Normale,Autre collision,,,,,,,,,,,5,2,1,1.0,6
201300038963,0013-03-04 17:45:00,13,3,4,17,45,920,23,"0, GARDE (PLACE DU) S101",,,Plein jour,En agglomération,Giratoire,Normale,Deux véhicules - côté,,,,,,,,,,,1,2,6,1.0,3
201300038964,0013-03-05 17:05:00,13,3,5,17,5,920,23,"., PORTE DE TRIVAUX (RUE",,,Plein jour,En agglomération,Hors intersection,Normale,Deux véhicules - côté,,,,,,,,,,,1,2,1,1.0,3
201300038965,0013-03-19 19:00:00,13,3,19,19,0,920,23,PORTE DE TRIVAUX (RUE DE,,,Nuit avec éclairage allumé,En agglomération,Intersection en T,Pluie forte,Deux véhicules - côté,,,,,,,,,,,5,2,3,3.0,3
201300038966,0013-03-22 14:20:00,13,3,22,14,20,920,60,"134, RESISTANCE (AVENUE",,,Plein jour,En agglomération,Hors intersection,Normale,Deux véhicules - côté,,,,,,,,,,,1,2,1,1.0,3
201300038967,0013-03-25 09:05:00,13,3,25,9,5,920,23,"., HENRI BARBUSSE (AVENU",,,Plein jour,En agglomération,Hors intersection,Normale,Autre collision,,,,,,,,,,,1,2,1,1.0,6
201300038968,0013-04-01 16:35:00,13,4,1,16,35,920,23,"333, GENERAL DE GAULLE (",,,Plein jour,En agglomération,Hors intersection,Normale,Autre collision,,,,,,,,,,,1,2,1,1.0,6
201300038969,0013-04-01 14:00:00,13,4,1,14,0,920,23,"., PETIT CLAMART (ROND P",,,Plein jour,En agglomération,Hors intersection,Normale,Deux véhicules - côté,,,,,,,,,,,1,2,1,1.0,3
201300038970,0013-03-30 22:40:00,13,3,30,22,40,920,23,"., CLAUDE TREBIGNAUD (AV",,,Nuit avec éclairage allumé,En agglomération,Hors intersection,Normale,Deux véhicules - frontale,,,,,,,,,,,5,2,1,1.0,1
201300038971,0013-04-17 22:00:00,13,4,17,22,0,920,60,"., PAUL LANGEVIN (AVENUE",,,Nuit avec éclairage allumé,En agglomération,Intersection en T,Normale,Autre collision,,,,,,,,,,,5,2,3,1.0,6
201300038972,0013-04-20 20:00:00,13,4,20,20,0,920,23,GENERAL DE GAULLE (AVENU,,,Plein jour,En agglomération,Hors intersection,Pluie légère,Deux véhicules - côté,,,,,,,,,,,1,2,1,2.0,3
201300038973,0013-04-19 19:50:00,13,4,19,19,50,920,23,PAVE BLANC (ROUTE DU) N?,,,Plein jour,En agglomération,Hors intersection,Normale,Autre collision,,,,,,,,,,,1,2,1,1.0,6
201300038974,0013-04-25 15:55:00,13,4,25,15,55,920,23,"177, PORTE DE TRIVAUX (R",,,Plein jour,En agglomération,Hors intersection,Normale,Deux véhicules - côté,,,,,,,,,,,1,2,1,1.0,3
201300038975,0013-05-11 00:55:00,13,5,11,0,55,920,23,"1, BIEVRES (RUE DE)",,,Nuit avec éclairage allumé,En agglomération,Hors intersection,Normale,Sans collision,,,,,,,,,,,5,2,1,1.0,7
201300038976,0013-05-07 09:30:00,13,5,7,9,30,920,60,"., CHARLES DE GAULLE (AV",,,Plein jour,En agglomération,Intersection en X,Normale,Deux véhicules - côté,,,,,,,,,,,1,2,2,1.0,3
201300038977,0013-05-31 17:15:00,13,5,31,17,15,920,23,"., PORTE DE TRIVAUX (RUE",,,Plein jour,En agglomération,Intersection en X,Normale,Deux véhicules - arrière,,,,,,,,,,,1,2,2,1.0,2
201300038978,0013-06-03 17:47:00,13,6,3,17,47,920,23,"12, VANVES (RUE DE)",,,Plein jour,En agglomération,Hors intersection,Normale,Autre collision,,,,,,,,,,,1,2,1,1.0,6
201300038979,0013-06-05 21:20:00,13,6,5,21,20,920,60,"0, ARISTIDE BRIAND (AVEN",,,Crépuscule ou aube,En agglomération,Hors intersection,Normale,Autre collision,,,,,,,,,,,2,2,1,1.0,6
201300038980,0013-06-07 11:45:00,13,6,7,11,45,920,23,"0, HENRI BARBUSSE (AVENU",,,Plein jour,En agglomération,Hors intersection,Normale,Trois véhicules et plus - en chaîne,,,,,,,,,,,1,2,1,1.0,4
201300038981,0013-06-07 12:40:00,13,6,7,12,40,920,23,"0, PRESIDENT ROOSEVELT (",,,Plein jour,En agglomération,Intersection en T,Normale,Deux véhicules - côté,,,,,,,,,,,1,2,3,1.0,3
201300038982,0013-06-08 13:25:00,13,6,8,13,25,920,23,"., GENERAL DE GAULLE (AV",,,Plein jour,En agglomération,Intersection en T,Normale,Deux véhicules - côté,,,,,,,,,,,1,2,3,1.0,3
201300038983,0013-06-07 19:50:00,13,6,7,19,50,920,60,"., CHARLES DE GAULLE (AV",,,Plein jour,En agglomération,Hors intersection,Normale,Deux véhicules - arrière,,,,,,,,,,,1,2,1,1.0,2
201300038984,0013-06-17 10:00:00,13,6,17,10,0,920,60,"., PAUL LANGEVIN (AVENUE",,,Plein jour,En agglomération,Intersection en X,Pluie forte,Deux véhicules - côté,,,,,,,,,,,1,2,2,3.0,3
201300038985,0013-06-19 10:20:00,13,6,19,10,20,920,23,"126, PORTE DE TRIVAUX (R",,,Plein jour,En agglomération,Hors intersection,Pluie légère,Trois véhicules et plus - en chaîne,,,,,,,,,,,1,2,1,2.0,4
201300038986,0013-06-23 22:20:00,13,6,23,22,20,920,23,"0, VERSAILLES (RUE DE) N",,,Plein jour,En agglomération,Hors intersection,Normale,Autre collision,,,,,,,,,,,1,2,1,1.0,6
201300038987,0013-06-21 19:45:00,13,6,21,19,45,920,60,"2, RESISTANCE (AVENUE DE",,,Plein jour,En agglomération,Hors intersection,Normale,Autre collision,,,,,,,,,,,1,2,1,1.0,6
201300038988,0013-06-25 14:40:00,13,6,25,14,40,920,60,"0, PAUL LANGEVIN (AVENUE",,,Plein jour,En agglomération,Giratoire,Normale,Deux véhicules - côté,,,,,,,,,,,1,2,6,1.0,3
201300038989,0013-06-26 18:55:00,13,6,26,18,55,920,60,"0, PAUL LANGEVIN (AVENUE",,,Plein jour,En agglomération,Intersection en X,Normale,Deux véhicules - côté,,,,,,,,,,,1,2,2,1.0,3
201300038990,0013-06-30 20:10:00,13,6,30,20,10,920,23,"0, LIEUTENANT RAOUL BATA",,,Plein jour,En agglomération,Hors intersection,Normale,Sans collision,,,,,,,,,,,1,2,1,1.0,7
201300038991,0013-07-05 19:30:00,13,7,5,19,30,920,23,"0, JEAN JAURES (AVENUE)",,,Plein jour,En agglomération,Hors intersection,Normale,Autre collision,,,,,,,,,,,1,2,1,1.0,6
201300038992,0013-07-08 02:00:00,13,7,8,2,0,920,23,"204, HENRI BARBUSSE (AVE",,,Nuit avec éclairage allumé,En agglomération,Hors intersection,Normale,Autre collision,,,,,,,,,,,5,2,1,1.0,6
201300038993,0013-07-15 05:00:00,13,7,15,5,0,920,23,"161, JEAN JAURES (AVENUE",,,Nuit avec éclairage allumé,En agglomération,Hors intersection,Normale,Sans collision,,,,,,,,,,,5,2,1,1.0,7
201300038994,0013-07-16 19:40:00,13,7,16,19,40,920,23,"., PORTE DE TRIVAUX (RUE",,,Plein jour,En agglomération,Intersection en T,Normale,Trois véhicules et plus - collisions multiples,,,,,,,,,,,1,2,3,1.0,5
201300038995,0013-07-17 15:15:00,13,7,17,15,15,920,23,"., PETIT CLAMART (ROND P",,,Plein jour,En agglomération,Hors intersection,Normale,Deux véhicules - côté,,,,,,,,,,,1,2,1,1.0,3
201300038996,0013-07-19 09:00:00,13,7,19,9,0,920,23,"., PAUL ANDRILLON (RUE)",,,Plein jour,En agglomération,Intersection en T,Normale,Deux véhicules - côté,,,,,,,,,,,1,2,3,1.0,3
201300038997,0013-07-21 17:50:00,13,7,21,17,50,920,23,"49, GENERAL DE GAULLE (A",,,Plein jour,En agglomération,Hors intersection,Normale,Deux véhicules - côté,,,,,,,,,,,1,2,1,1.0,3
201300038998,0013-07-23 08:10:00,13,7,23,8,10,920,23,"540, GENERAL DE GAULLE (",,,Plein jour,En agglomération,Hors intersection,Normale,Deux véhicules - côté,,,,,,,,,,,1,2,1,1.0,3
201300038999,0013-07-18 06:55:00,13,7,18,6,55,920,23,"471, GENERAL DE GAULLE (",,,Plein jour,En agglomération,Hors intersection,Normale,Deux véhicules - arrière,,,,,,,,,,,1,2,1,1.0,2
201300039000,0013-08-06 07:05:00,13,8,6,7,5,920,23,"287, GENERAL DE GAULLE (",,,Plein jour,En agglomération,Intersection en X,Temps éblouissant,Deux véhicules - côté,,,,,,,,,,,1,2,2,7.0,3
201300039001,0013-07-30 11:55:00,13,7,30,11,55,920,23,"166, GENERAL DE GAULLE (",,,Plein jour,En agglomération,Hors intersection,Normale,Deux véhicules - côté,,,,,,,,,,,1,2,1,1.0,3
201300039002,0013-08-10 12:30:00,13,8,10,12,30,920,60,"., PAUL RIVET (RUE) COTE",,,Plein jour,En agglomération,Hors intersection,Normale,Autre collision,,,,,,,,,,,1,2,1,1.0,6
201300039003,0013-08-16 09:25:00,13,8,16,9,25,920,60,"67, PLESSIS (AVENUE DU)",,,Plein jour,En agglomération,Hors intersection,Normale,Autre collision,,,,,,,,,,,1,2,1,1.0,6
201300039004,0013-09-02 21:20:00,13,9,2,21,20,920,23,FLEURY (RUE DE),,,Crépuscule ou aube,En agglomération,Intersection en X,Normale,Deux véhicules - côté,,,,,,,,,,,2,2,2,1.0,3
201300039005,0013-09-03 17:08:00,13,9,3,17,8,920,23,"0, PORTE DE TRIVAUX (RUE",,,Plein jour,En agglomération,Hors intersection,Normale,Deux véhicules - frontale,,,,,,,,,,,1,2,1,1.0,1
201300039006,0013-09-03 14:00:00,13,9,3,14,0,920,23,"50, PIERRE BROSSOLETTE (",,,Plein jour,En agglomération,Hors intersection,Normale,Autre collision,,,,,,,,,,,1,2,1,1.0,6
201300039007,0013-09-08 20:55:00,13,9,8,20,55,920,23,"., GENERAL DE GAULLE (AV",,,Nuit avec éclairage allumé,En agglomération,Hors intersection,Normale,Autre collision,,,,,,,,,,,5,2,1,1.0,6
201300039008,0013-09-07 17:15:00,13,9,7,17,15,920,60,"., RESISTANCE (PLACE DE",,,Plein jour,En agglomération,Giratoire,Normale,Deux véhicules - côté,,,,,,,,,,,1,2,6,1.0,3
201300039009,0013-09-08 19:55:00,13,9,8,19,55,920,23,"., GENERAL DE GAULLE (AV",,,Crépuscule ou aube,En agglomération,Intersection en X,Normale,Deux véhicules - côté,,,,,,,,,,,2,2,2,1.0,3
201300039010,0013-09-07 23:40:00,13,9,7,23,40,920,23,"., CLOS MONTHODON (RUE D",,,Nuit avec éclairage allumé,En agglomération,Intersection en T,Normale,Deux véhicules - côté,,,,,,,,,,,5,2,3,1.0,3
201300039011,0013-09-08 12:30:00,13,9,8,12,30,920,23,"426, GENERAL DE GAULLE (",,,Plein jour,En agglomération,Hors intersection,Normale,Deux véhicules - arrière,,,,,,,,,,,1,2,1,1.0,2
201300039012,0013-09-09 07:35:00,13,9,9,7,35,920,23,"., PETIT CLAMART (ROND P",,,Plein jour,En agglomération,Hors intersection,Normale,Deux véhicules - côté,,,,,,,,,,,1,2,1,1.0,3
201300039013,0013-09-13 16:22:00,13,9,13,16,22,920,23,"135, GENERAL DE GAULLE (",,,Plein jour,En agglomération,Hors intersection,Temps couvert,Autre collision,,,,,,,,,,,1,2,1,8.0,6
201300039014,0013-09-13 12:20:00,13,9,13,12,20,920,23,"., PORTE DE TRIVAUX (RUE",,,Plein jour,En agglomération,Hors intersection,Pluie légère,Autre collision,,,,,,,,,,,1,2,1,2.0,6
201300039015,0013-09-22 20:30:00,13,9,22,20,30,920,23,"0, BIEVRES (RUE DE)",,,Nuit sans éclairage public,En agglomération,Hors intersection,Normale,Sans collision,,,,,,,,,,,3,2,1,1.0,7
201300039016,0013-09-26 18:35:00,13,9,26,18,35,920,23,"197, VICTOR HUGO (AVENUE",,,Plein jour,En agglomération,Hors intersection,Normale,Deux véhicules - arrière,,,,,,,,,,,1,2,1,1.0,2
201300039017,0013-09-19 18:45:00,13,9,19,18,45,920,23,"0, HENRI BARBUSSE (AVENU",,,Plein jour,En agglomération,Intersection en X,Normale,Deux véhicules - arrière,,,,,,,,,,,1,2,2,1.0,2
201300039018,0013-09-27 17:10:00,13,9,27,17,10,920,60,PAUL LANGEVIN (AVENUE) (,,,Plein jour,En agglomération,Intersection en X,Normale,Deux véhicules - côté,,,,,,,,,,,1,2,2,1.0,3
201300039019,0013-09-27 19:50:00,13,9,27,19,50,920,23,"., PETIT CLAMART (ROND P",,,Nuit avec éclairage allumé,En agglomération,Autre intersection,Normale,Trois véhicules et plus - collisions multiples,,,,,,,,,,,5,2,9,1.0,5
201300039020,0013-10-02 17:50:00,13,10,2,17,50,920,23,"329, GENERAL DE GAULLE (",,,Plein jour,En agglomération,Hors intersection,Normale,Deux véhicules - côté,,,,,,,,,,,1,2,1,1.0,3
201300039021,0013-10-04 20:00:00,13,10,4,20,0,920,23,"., CLAUDE TREBIGNAUD (AV",,,Nuit avec éclairage allumé,En agglomération,Hors intersection,Normale,Trois véhicules et plus - collisions multiples,,,,,,,,,,,5,2,1,1.0,5
201300039022,0013-10-17 10:40:00,13,10,17,10,40,920,23,GROUX (IMPASSE DES),,,Plein jour,En agglomération,Intersection en T,Normale,Deux véhicules - côté,,,,,,,,,,,1,2,3,1.0,3
201300039023,0013-10-18 18:00:00,13,10,18,18,0,920,23,FLEURY (RUE DE),,,Plein jour,En agglomération,Intersection en X,Normale,Deux véhicules - côté,,,,,,,,,,,1,2,2,1.0,3
201300039024,0013-10-18 19:00:00,13,10,18,19,0,920,60,"0, RESISTANCE (PLACE DE",,,Plein jour,En agglomération,Hors intersection,Normale,Autre collision,,,,,,,,,,,1,2,1,1.0,6