accident_id,datetime,annee,mois,jour,heure,minute,departement,commune_insee,adresse,latitude,longitude,luminosite,agglomeration,intersection,meteo,collision,nb_vehicules,nb_usagers,nb_indemnes,nb_tues,nb_blesses_hosp,nb_blesses_legers,age_cond_1,age_cond_2,veh_type_cond_1,veh_type_cond_2,lum_code,agg_code,int_code,atm_code,col_code
201300039025,0013-10-30 10:45:00,13,10,30,10,45,920,60,"26, EDOUARD HERRIOT (AVE",,,Plein jour,En agglomération,Hors intersection,Normale,Autre collision,,,,,,,,,,,1,2,1,1.0,6
201300039026,0013-11-03 16:30:00,13,11,3,16,30,920,60,"., PAUL RIVET (RUE) COTE",,,Plein jour,En agglomération,Hors intersection,Normale,Deux véhicules - arrière,,,,,,,,,,,1,2,1,1.0,2
201300039027,0013-11-06 17:45:00,13,11,6,17,45,920,23,"191, JEAN JAURES (AVENUE",,,Nuit avec éclairage allumé,En agglomération,Hors intersection,Normale,Deux véhicules - côté,,,,,,,,,,,5,2,1,1.0,3
201300039028,0013-11-07 19:55:00,13,11,7,19,55,920,23,"75, HENRI BARBUSSE (AVEN",,,Nuit avec éclairage allumé,En agglomération,Hors intersection,Pluie forte,Autre collision,,,,,,,,,,,5,2,1,3.0,6
201300039029,0013-11-09 12:05:00,13,11,9,12,5,920,23,"78, GENERAL EISENHOWER (",,,Plein jour,En agglomération,Hors intersection,Normale,Trois véhicules et plus - collisions multiples,,,,,,,,,,,1,2,1,1.0,5
201300039030,0013-11-12 19:00:00,13,11,12,19,0,920,23,GENERAL DE GAULLE (AV DU,,,Nuit sans éclairage public,En agglomération,Hors intersection,Pluie légère,Deux véhicules - côté,,,,,,,,,,,3,2,1,2.0,3
201300039031,0013-11-14 18:10:00,13,11,14,18,10,920,23,GENERAL DE GAULLE (AV DU,,,Nuit avec éclairage allumé,En agglomération,Intersection en X,Pluie légère,Deux véhicules - côté,,,,,,,,,,,5,2,2,2.0,3
201300039032,0013-11-14 19:40:00,13,11,14,19,40,920,23,GENERAL DE GAULLE (AV DU,,,Nuit avec éclairage allumé,En agglomération,Intersection en X,Pluie légère,Deux véhicules - côté,,,,,,,,,,,5,2,2,2.0,3
201300039033,0013-11-19 16:50:00,13,11,19,16,50,920,23,"., CHATEAU (RUE DU)",,,Crépuscule ou aube,En agglomération,Intersection en T,Normale,Autre collision,,,,,,,,,,,2,2,3,1.0,6
201300039034,0013-11-20 09:55:00,13,11,20,9,55,920,23,"504, GENERAL DE GAULLE (",,,Plein jour,En agglomération,Hors intersection,Normale,Deux véhicules - côté,,,,,,,,,,,1,2,1,1.0,3
201300039035,0013-11-20 15:40:00,13,11,20,15,40,920,60,"46, CHARLES DE GAULLE (A",,,Plein jour,En agglomération,Intersection en T,Normale,Autre collision,,,,,,,,,,,1,2,3,1.0,6
201300039036,0013-11-26 08:10:00,13,11,26,8,10,920,23,"58, HENRI BARBUSSE (AVEN",,,Plein jour,En agglomération,Hors intersection,Normale,Trois véhicules et plus - en chaîne,,,,,,,,,,,1,2,1,1.0,4
201300039037,0013-11-27 14:25:00,13,11,27,14,25,920,60,CHARLES DE GAULLE (AVENU,,,Plein jour,En agglomération,Hors intersection,Normale,Autre collision,,,,,,,,,,,1,2,1,1.0,6
201300039038,0013-11-29 16:40:00,13,11,29,16,40,920,23,SAVOIE (RUE DE),,,Plein jour,En agglomération,Hors intersection,Pluie légère,Sans collision,,,,,,,,,,,1,2,1,2.0,7
201300039039,0013-11-30 16:00:00,13,11,30,16,0,920,60,PAUL LANGEVIN (AVENUE) (,,,Plein jour,En agglomération,Intersection en X,Normale,Deux véhicules - côté,,,,,,,,,,,1,2,2,1.0,3
201300039040,0013-12-04 23:05:00,13,12,4,23,5,920,23,"11, CHEMIN VERT (RUE DU)",,,Nuit avec éclairage allumé,En agglomération,Hors intersection,Pluie légère,Sans collision,,,,,,,,,,,5,2,1,2.0,7
201300039041,0013-12-06 18:30:00,13,12,6,18,30,920,23,"., PETIT CLAMART (ROND P",,,Nuit sans éclairage public,En agglomération,Hors intersection,Normale,Trois véhicules et plus - en chaîne,,,,,,,,,,,3,2,1,1.0,4
201300039042,0013-12-10 00:25:00,13,12,10,0,25,920,23,REPUBLIQUE (AVENUE DE LA,,,Nuit avec éclairage allumé,En agglomération,Hors intersection,Normale,Autre collision,,,,,,,,,,,5,2,1,1.0,6
201300039043,0013-12-10 06:50:00,13,12,10,6,50,920,23,PETIT CLAMART (ROND POIN,,,Nuit avec éclairage allumé,En agglomération,Hors intersection,Normale,Trois véhicules et plus - collisions multiples,,,,,,,,,,,5,2,1,1.0,5
201300039044,0013-12-10 06:45:00,13,12,10,6,45,920,23,"., PETIT CLAMART (ROND P",,,Nuit avec éclairage allumé,En agglomération,Hors intersection,Normale,Sans collision,,,,,,,,,,,5,2,1,1.0,7
201300039045,0013-12-10 11:54:00,13,12,10,11,54,920,60,DENIS PAPIN (AVENUE),,,Plein jour,En agglomération,Hors intersection,Normale,Autre collision,,,,,,,,,,,1,2,1,1.0,6
201300039046,0013-12-11 10:15:00,13,12,11,10,15,920,23,"93, LAZARE CARNOT (RUE)",,,Plein jour,En agglomération,Intersection en T,Normale,Sans collision,,,,,,,,,,,1,2,3,1.0,7
201300039047,0013-12-11 09:25:00,13,12,11,9,25,920,23,"72, CHATILLON (RUE DE)",,,Crépuscule ou aube,En agglomération,Hors intersection,Normale,Sans collision,,,,,,,,,,,2,2,1,1.0,7
201300039048,0013-12-13 18:20:00,13,12,13,18,20,920,23,"541, GENERAL DE GAULLE (",,,Nuit avec éclairage allumé,En agglomération,Hors intersection,Normale,Autre collision,,,,,,,,,,,5,2,1,1.0,6
201300039049,0013-12-18 14:55:00,13,12,18,14,55,920,23,CLAUDE TREBIGNAUD (AVENU,,,Plein jour,En agglomération,Hors intersection,Normale,Autre collision,,,,,,,,,,,1,2,1,1.0,6
201300039050,0013-12-16 17:46:00,13,12,16,17,46,920,23,CLAUDE TREBIGNAUD (AVENU,,,Crépuscule ou aube,En agglomération,Hors intersection,Normale,Deux véhicules - côté,,,,,,,,,,,2,2,1,1.0,3
201300039051,0013-11-26 18:20:00,13,11,26,18,20,920,24,"37, VICTOR HUGO (BD)",,,Crépuscule ou aube,En agglomération,Hors intersection,Normale,Autre collision,,,,,,,,,,,2,2,1,1.0,6
201300039052,0013-01-01 04:35:00,13,1,1,4,35,920,24,"1, PORT (RUE DU)",,,Nuit avec éclairage allumé,En agglomération,Giratoire,Pluie légère,Autre collision,,,,,,,,,,,5,2,6,2.0,6
201300039053,0013-01-17 08:30:00,13,1,17,8,30,920,24,"52, PIERRE BEREGOVOY (RU",,,Crépuscule ou aube,En agglomération,Hors intersection,Normale,Deux véhicules - côté,,,,,,,,,,,2,2,1,1.0,3
201300039054,0013-01-25 23:55:00,13,1,25,23,55,920,24,"15, JEAN JAURES (BD) DE",,,Nuit avec éclairage allumé,En agglomération,Intersection en X,Autre,Autre collision,,,,,,,,,,,5,2,2,9.0,6
201300039055,0013-01-30 09:00:00,13,1,30,9,0,920,24,"22, GENERAL ROGUET (RUE",,,Plein jour,En agglomération,Intersection en T,Normale,Deux véhicules - côté,,,,,,,,,,,1,2,3,1.0,3
201300039056,0013-02-01 10:05:00,13,2,1,10,5,920,24,"1, PIERRE DREYFUS (RUE)",,,Plein jour,En agglomération,Hors intersection,Normale,Autre collision,,,,,,,,,,,1,2,1,1.0,6
201300039057,0013-12-24 09:15:00,13,12,24,9,15,920,24,"54, CLICHY (QUAI DE) DE",,,Plein jour,En agglomération,Hors intersection,Normale,Sans collision,,,,,,,,,,,1,2,1,1.0,7
201300039058,0013-02-04 16:55:00,13,2,4,16,55,920,24,"65, MARTRE (RUE) DE (59",,,Plein jour,En agglomération,Hors intersection,Normale,Sans collision,,,,,,,,,,,1,2,1,1.0,7
201300039059,0013-02-05 07:40:00,13,2,5,7,40,920,24,"17, ANATOLE FRANCE (RUE)",,,Crépuscule ou aube,En agglomération,Hors intersection,Normale,Autre collision,,,,,,,,,,,2,2,1,1.0,6
201300039060,0013-02-05 17:15:00,13,2,5,17,15,920,24,"71, VICTOR HUGO (BD)",,,Plein jour,En agglomération,Intersection en T,Normale,Deux véhicules - côté,,,,,,,,,,,1,2,3,1.0,3
201300039061,0013-02-06 10:00:00,13,2,6,10,0,920,24,"84, GENERAL ROGUET (RUE",,,Plein jour,En agglomération,Hors intersection,Normale,Deux véhicules - côté,,,,,,,,,,,1,2,1,1.0,3
201300039062,0013-02-06 14:30:00,13,2,6,14,30,920,24,"100, GENERAL LECLERC (RU",,,Plein jour,En agglomération,Intersection en T,Normale,Deux véhicules - côté,,,,,,,,,,,1,2,3,1.0,3
201300039063,0013-02-11 19:00:00,13,2,11,19,0,920,24,"18, JEAN JAURES (BD) DE",,,Nuit avec éclairage allumé,En agglomération,Hors intersection,Normale,Sans collision,,,,,,,,,,,5,2,1,1.0,7
201300039064,0013-01-11 08:00:00,13,1,11,8,0,920,24,"116, GENERAL LECLERC (RU",,,Crépuscule ou aube,En agglomération,Intersection en T,Normale,Deux véhicules - côté,,,,,,,,,,,2,2,3,1.0,3
201300039065,0013-01-11 13:50:00,13,1,11,13,50,920,24,"80, MARTRE (RUE) DE (59",,,Plein jour,En agglomération,Hors intersection,Normale,Autre collision,,,,,,,,,,,1,2,1,1.0,6
201300039066,0013-01-12 14:30:00,13,1,12,14,30,920,24,"1, REPUBLIQUE (PLACE DE",,,Plein jour,En agglomération,Giratoire,Normale,Sans collision,,,,,,,,,,,1,2,6,1.0,7
201300039067,0013-02-22 12:00:00,13,2,22,12,0,920,24,"9, GENERAL LECLERC (BD D",,,Plein jour,En agglomération,Intersection en T,Normale,Autre collision,,,,,,,,,,,1,2,3,1.0,6
201300039068,0013-02-22 14:00:00,13,2,22,14,0,920,24,"200, CLICHY (QUAI DE) DE",,,Plein jour,En agglomération,Intersection en T,Normale,Deux véhicules - frontale,,,,,,,,,,,1,2,3,1.0,1
201300039069,0013-02-25 12:25:00,13,2,25,12,25,920,24,"90, GENERAL ROGUET (RUE",,,Plein jour,En agglomération,Hors intersection,Autre,Trois véhicules et plus - collisions multiples,,,,,,,,,,,1,2,1,9.0,5
201300039070,0013-02-28 18:10:00,13,2,28,18,10,920,24,"83, JEAN JAURES (BD) DE",,,Plein jour,En agglomération,Hors intersection,Normale,Sans collision,,,,,,,,,,,1,2,1,1.0,7
201300039071,0013-02-28 20:05:00,13,2,28,20,5,920,24,"123, VICTOR HUGO (BD)",,,Nuit avec éclairage allumé,En agglomération,Hors intersection,Normale,Sans collision,,,,,,,,,,,5,2,1,1.0,7
201300039072,0013-02-28 19:40:00,13,2,28,19,40,920,24,"112, VICTOR HUGO (BD)",,,Nuit avec éclairage allumé,En agglomération,Hors intersection,Normale,Deux véhicules - côté,,,,,,,,,,,5,2,1,1.0,3
201300039073,0013-03-05 18:15:00,13,3,5,18,15,920,24,"82, PARIS (RUE DE) DE (5",,,Plein jour,En agglomération,Hors intersection,Normale,Autre collision,,,,,,,,,,,1,2,1,1.0,6
201300039074,0013-01-31 09:20:00,13,1,31,9,20,920,24,"83, VICTOR HUGO (BD)",,,Plein jour,En agglomération,Hors intersection,Autre,Deux véhicules - frontale,,,,,,,,,,,1,2,1,9.0,1
201300039075,0013-03-14 20:00:00,13,3,14,20,0,920,24,"62, GENERAL ROGUET (RUE",,,Crépuscule ou aube,En agglomération,Intersection en X,Normale,Deux véhicules - côté,,,,,,,,,,,2,2,2,1.0,3
201300039076,0013-03-06 17:30:00,13,3,6,17,30,920,24,"83, VICTOR HUGO (BD)",,,Plein jour,En agglomération,Intersection en T,Normale,Deux véhicules - côté,,,,,,,,,,,1,2,3,1.0,3
201300039077,0013-03-04 17:05:00,13,3,4,17,5,920,24,"57-86, GENERAL ROGUET (R",,,Plein jour,En agglomération,Hors intersection,Normale,Deux véhicules - côté,,,,,,,,,,,1,2,1,1.0,3
201300039078,0013-03-19 16:15:00,13,3,19,16,15,920,24,"13, BELFORT (RUE DE)",,,Plein jour,En agglomération,Intersection en T,Normale,Autre collision,,,,,,,,,,,1,2,3,1.0,6
201300039079,0013-03-20 21:30:00,13,3,20,21,30,920,24,"21/41, MARTRE DE (4 A 54",,,Nuit avec éclairage allumé,En agglomération,Hors intersection,Normale,Deux véhicules - côté,,,,,,,,,,,5,2,1,1.0,3
201300039080,0013-03-26 17:50:00,13,3,26,17,50,920,24,"34, PARIS (RUE DE) DE (1",,,Plein jour,En agglomération,Hors intersection,Normale,Deux véhicules - côté,,,,,,,,,,,1,2,1,1.0,3
201300039081,0013-03-17 02:22:00,13,3,17,2,22,920,24,"7, GEORGES BOISSEAU (RUE",,,Nuit avec éclairage allumé,En agglomération,Intersection en X,Normale,Deux véhicules - côté,,,,,,,,,,,5,2,2,1.0,3
201300039082,0013-03-25 14:30:00,13,3,25,14,30,920,24,"5, HUIT MAI 1945 (RUE DU",,,Plein jour,En agglomération,Hors intersection,Normale,Deux véhicules - arrière,,,,,,,,,,,1,2,1,1.0,2
201300039083,0013-04-03 14:10:00,13,4,3,14,10,920,24,"90, GENERAL ROGUET (RUE",,,Plein jour,En agglomération,Hors intersection,Normale,Deux véhicules - côté,,,,,,,,,,,1,2,1,1.0,3
201300039084,0013-04-06 10:40:00,13,4,6,10,40,920,24,"52, JEAN JAURES (BD) DE",,,Plein jour,En agglomération,Hors intersection,Normale,Trois véhicules et plus - en chaîne,,,,,,,,,,,1,2,1,1.0,4
201300039085,0013-04-10 15:10:00,13,4,10,15,10,920,24,"103, JEAN JAURES (BD) DE",,,Plein jour,En agglomération,Intersection en T,Normale,Autre collision,,,,,,,,,,,1,2,3,1.0,6
201300039086,0013-03-24 13:40:00,13,3,24,13,40,920,24,"58, CLICHY (QUAI DE) DE",,,Plein jour,En agglomération,Hors intersection,Normale,Deux véhicules - arrière,,,,,,,,,,,1,2,1,1.0,2
201300039087,0013-04-24 20:30:00,13,4,24,20,30,920,24,"140, MARTRE (RUE) DE (11",,,Crépuscule ou aube,En agglomération,Hors intersection,Normale,Deux véhicules - arrière,,,,,,,,,,,2,2,1,1.0,2
201300039088,0013-04-19 09:30:00,13,4,19,9,30,920,24,"76, VICTOR HUGO (BD)",,,Plein jour,En agglomération,Hors intersection,Normale,Deux véhicules - arrière,,,,,,,,,,,1,2,1,1.0,2
201300039089,0013-04-19 11:55:00,13,4,19,11,55,920,24,"200, CLICHY (QUAI DE) DE",,,Plein jour,En agglomération,Intersection en T,Normale,Deux véhicules - frontale,,,,,,,,,,,1,2,3,1.0,1
201300039090,0013-04-22 09:40:00,13,4,22,9,40,920,24,"42, VICTOR HUGO (BD)",,,Plein jour,En agglomération,Hors intersection,Normale,Autre collision,,,,,,,,,,,1,2,1,1.0,6
201300039091,0013-04-28 19:10:00,13,4,28,19,10,920,24,"36, JEAN JAURES (BD) DE",,,Plein jour,En agglomération,Hors intersection,Normale,Deux véhicules - côté,,,,,,,,,,,1,2,1,1.0,3
201300039092,0013-04-28 15:50:00,13,4,28,15,50,920,24,"95, BOULEVARD JEAN JAURE",,,Plein jour,En agglomération,Hors intersection,Normale,Deux véhicules - côté,,,,,,,,,,,1,2,1,1.0,3
201300039093,0013-04-23 23:45:00,13,4,23,23,45,920,24,"8 - 60, CLICHY (QUAI DE)",,,Nuit avec éclairage allumé,En agglomération,Hors intersection,Normale,Deux véhicules - arrière,,,,,,,,,,,5,2,1,1.0,2
201300039094,0013-04-30 19:00:00,13,4,30,19,0,920,24,"22, GENERAL ROGUET (RUE",,,Plein jour,En agglomération,Intersection en T,Pluie légère,Deux véhicules - côté,,,,,,,,,,,1,2,3,2.0,3
201300039095,0013-05-03 22:00:00,13,5,3,22,0,920,24,"134, JEAN JAURES (BD) DE",,,Plein jour,Hors agglomération,Hors intersection,Normale,Autre collision,,,,,,,,,,,1,1,1,1.0,6
201300039096,0013-05-11 12:20:00,13,5,11,12,20,920,24,"98, VICTOR HUGO (BD)",,,Plein jour,En agglomération,Intersection en T,Normale,Autre collision,,,,,,,,,,,1,2,3,1.0,6
201300039097,0013-05-14 23:20:00,13,5,14,23,20,920,24,"120, MARTRE (RUE) DE (59",,,Nuit avec éclairage allumé,En agglomération,Intersection en X,Normale,Sans collision,,,,,,,,,,,5,2,2,1.0,7
201300039098,0013-05-21 09:30:00,13,5,21,9,30,920,24,"1, MOZART (RUE)",,,Plein jour,En agglomération,Intersection en T,Normale,Autre collision,,,,,,,,,,,1,2,3,1.0,6
201300039099,0013-05-24 15:40:00,13,5,24,15,40,920,24,"57, VICTOR HUGO (BD)",,,Plein jour,En agglomération,Intersection en T,Pluie légère,Deux véhicules - côté,,,,,,,,,,,1,2,3,2.0,3
201300039100,0013-06-09 01:45:00,13,6,9,1,45,920,24,"138, JEAN JAURES (BD) DE",,,Nuit avec éclairage allumé,En agglomération,Hors intersection,Normale,Autre collision,,,,,,,,,,,5,2,1,1.0,6
201300039101,0013-06-17 01:15:00,13,6,17,1,15,920,24,"37, JEAN JAURES (BD) DE",,,Nuit avec éclairage allumé,En agglomération,Hors intersection,Normale,Sans collision,,,,,,,,,,,5,2,1,1.0,7
201300039102,0013-06-09 21:40:00,13,6,9,21,40,920,24,"1, HUIT MAI 1945 (RUE DU",,,Plein jour,En agglomération,Hors intersection,Normale,Sans collision,,,,,,,,,,,1,2,1,1.0,7
201300039103,0013-06-16 17:35:00,13,6,16,17,35,920,24,"22, GENERAL ROGUET (RUE",,,Plein jour,En agglomération,Intersection en T,Normale,Autre collision,,,,,,,,,,,1,2,3,1.0,6
201300039104,0013-06-20 09:00:00,13,6,20,9,0,920,24,"200, CLICHY (QUAI DE) DE",,,Plein jour,En agglomération,Intersection en T,Normale,Trois véhicules et plus - en chaîne,,,,,,,,,,,1,2,3,1.0,4
201300039105,0013-06-20 08:50:00,13,6,20,8,50,920,24,"90, GENERAL ROGUET (RUE",,,Plein jour,En agglomération,Hors intersection,Normale,Autre collision,,,,,,,,,,,1,2,1,1.0,6
201300039106,0013-06-20 15:30:00,13,6,20,15,30,920,24,"87, VICTOR HUGO (BD)",,,Plein jour,En agglomération,Intersection en T,Normale,Deux véhicules - côté,,,,,,,,,,,1,2,3,1.0,3
201300039107,0013-07-02 18:57:00,13,7,2,18,57,920,24,"200, CLICHY (QUAI DE) DE",,,Plein jour,En agglomération,Intersection en T,Normale,Deux véhicules - arrière,,,,,,,,,,,1,2,3,1.0,2
201300039108,0013-07-01 13:30:00,13,7,1,13,30,920,24,"5, HUIT MAI 1945 (RUE DU",,,Plein jour,En agglomération,Intersection en X,Normale,Deux véhicules - côté,,,,,,,,,,,1,2,2,1.0,3
201300039109,0013-07-09 15:05:00,13,7,9,15,5,920,24,"62, JEAN JAURES (BD) DE",,,Plein jour,En agglomération,Intersection en X,Normale,Autre collision,,,,,,,,,,,1,2,2,1.0,6
201300039110,0013-07-12 07:10:00,13,7,12,7,10,920,24,"40, GENERAL LECLERC (BD",,,Plein jour,En agglomération,Intersection en X,Normale,Deux véhicules - côté,,,,,,,,,,,1,2,2,1.0,3
201300039111,0013-07-14 11:40:00,13,7,14,11,40,920,24,"6, DOCTEUR EMILE ROUX (R",,,Plein jour,En agglomération,Hors intersection,Normale,Autre collision,,,,,,,,,,,1,2,1,1.0,6
201300039112,0013-07-16 14:55:00,13,7,16,14,55,920,24,"57, GEORGES BOISSEAU (RU",,,Plein jour,En agglomération,Intersection en X,Normale,Deux véhicules - côté,,,,,,,,,,,1,2,2,1.0,3
201300039113,0013-07-19 23:30:00,13,7,19,23,30,920,24,"28, LANDY (RUE DU) DE (1",,,Nuit avec éclairage allumé,En agglomération,Hors intersection,Normale,Autre collision,,,,,,,,,,,5,2,1,1.0,6
201300039114,0013-07-25 19:55:00,13,7,25,19,55,920,24,"112, VICTOR HUGO (BD)",,,Plein jour,En agglomération,Intersection en T,Normale,Deux véhicules - côté,,,,,,,,,,,1,2,3,1.0,3
201300039115,0013-07-28 11:05:00,13,7,28,11,5,920,24,JEAN JAURES (BD) DE (1 A,,,Plein jour,En agglomération,Intersection en X,Normale,Autre collision,,,,,,,,,,,1,2,2,1.0,6
201300039116,0013-07-31 10:00:00,13,7,31,10,0,920,24,"96, MARTRE (RUE) DE (111",,,Plein jour,En agglomération,Intersection en X,Normale,Deux véhicules - côté,,,,,,,,,,,1,2,2,1.0,3
201300039117,0013-08-02 17:30:00,13,8,2,17,30,920,24,JEAN JAURES (BD) DE (1 A,,,Plein jour,En agglomération,Hors intersection,Normale,Autre collision,,,,,,,,,,,1,2,1,1.0,6
201300039118,0013-08-04 06:25:00,13,8,4,6,25,920,24,"42, GENERAL ROGUET (RUE",,,Crépuscule ou aube,En agglomération,Intersection en X,Normale,Deux véhicules - arrière,,,,,,,,,,,2,2,2,1.0,2
201300039119,0013-08-01 18:40:00,13,8,1,18,40,920,24,"86, MARTRE (RUE) DE (59",,,Plein jour,En agglomération,Hors intersection,Normale,Autre collision,,,,,,,,,,,1,2,1,1.0,6
201300039120,0013-08-10 18:45:00,13,8,10,18,45,920,24,"169, VICTOR HUGO (BD)",,,Plein jour,En agglomération,Intersection en Y,Normale,Deux véhicules - côté,,,,,,,,,,,1,2,4,1.0,3
201300039121,0013-08-14 13:15:00,13,8,14,13,15,920,24,"60, MARTRE (RUE) DE (59",,,Plein jour,En agglomération,Autre intersection,Normale,Deux véhicules - arrière,,,,,,,,,,,1,2,9,1.0,2
201300039122,0013-08-20 21:10:00,13,8,20,21,10,920,24,"31 - 33, PARIS (RUE DE)",,,Crépuscule ou aube,En agglomération,Hors intersection,Normale,Sans collision,,,,,,,,,,,2,2,1,1.0,7
201300039123,0013-08-23 09:15:00,13,8,23,9,15,920,24,"92, VICTOR HUGO (BD)",,,Plein jour,En agglomération,Hors intersection,Temps éblouissant,Autre collision,,,,,,,,,,,1,2,1,7.0,6
201300039124,0013-09-03 19:00:00,13,9,3,19,0,920,24,"6, FOURNIER (RUE)",,,Nuit avec éclairage allumé,En agglomération,Intersection en T,Normale,Deux véhicules - côté,,,,,,,,,,,5,2,3,1.0,3
201300039125,0013-09-04 15:20:00,13,9,4,15,20,920,24,"95, VICTOR HUGO (BD)",,,Plein jour,En agglomération,Intersection en X,Normale,Deux véhicules - côté,,,,,,,,,,,1,2,2,1.0,3
201300039126,0013-09-24 19:30:00,13,9,24,19,30,920,24,"2, ASNIERES (ROUTE D')",,,Plein jour,En agglomération,Intersection en Y,Normale,Deux véhicules - côté,,,,,,,,,,,1,2,4,1.0,3
201300039127,0013-09-26 22:30:00,13,9,26,22,30,920,24,"54, MARTRE DE (4 A 54)",,,Nuit avec éclairage allumé,En agglomération,Intersection en X,Normale,Deux véhicules - arrière,,,,,,,,,,,5,2,2,1.0,2
201300039128,0013-10-03 13:00:00,13,10,3,13,0,920,24,"80, GENERAL LECLERC (RUE",,,Plein jour,En agglomération,Intersection en X,Normale,Autre collision,,,,,,,,,,,1,2,2,1.0,6
201300039129,0013-10-08 12:00:00,13,10,8,12,0,920,24,"1, CLICHY (QUAI DE) DE (",,,Plein jour,En agglomération,Intersection en X,Normale,Deux véhicules - côté,,,,,,,,,,,1,2,2,1.0,3
201300039130,0013-10-11 16:05:00,13,10,11,16,5,920,24,"5, GENNEVILLIERS (PONT D",,,Plein jour,En agglomération,Hors intersection,Normale,Deux véhicules - arrière,,,,,,,,,,,1,2,1,1.0,2
201300039131,0013-09-18 18:00:00,13,9,18,18,0,920,24,"9, GENERAL LECLERC (BD D",,,Crépuscule ou aube,En agglomération,Hors intersection,Normale,Sans collision,,,,,,,,,,,2,2,1,1.0,7
201300039132,0013-10-09 17:45:00,13,10,9,17,45,920,24,"61, HENRI BARBUSSE (RUE)",,,Crépuscule ou aube,En agglomération,Hors intersection,Normale,Deux véhicules - côté,,,,,,,,,,,2,2,1,1.0,3
201300039133,0013-10-14 17:55:00,13,10,14,17,55,920,24,"24, GENERAL ROGUET (RUE",,,Plein jour,En agglomération,Intersection en T,Normale,Sans collision,,,,,,,,,,,1,2,3,1.0,7
201300039134,0013-10-16 13:45:00,13,10,16,13,45,920,24,"7, VICTOR HUGO (BD)",,,Plein jour,En agglomération,Intersection en X,Normale,Deux véhicules - frontale,,,,,,,,,,,1,2,2,1.0,1
201300039135,0013-10-17 12:40:00,13,10,17,12,40,920,24,"40, MARTRE DE (4 A 54)",,,Plein jour,En agglomération,Hors intersection,Normale,Deux véhicules - côté,,,,,,,,,,,1,2,1,1.0,3
201300039136,0013-09-18 09:35:00,13,9,18,9,35,920,24,"39, LEON GAMBETTA (ALLEE",,,Plein jour,En agglomération,Intersection en X,Normale,Deux véhicules - frontale,,,,,,,,,,,1,2,2,1.0,1
201300039137,0013-09-30 09:13:00,13,9,30,9,13,920,24,"43, JEAN JAURES (BD) DE",,,Crépuscule ou aube,En agglomération,Hors intersection,Normale,Deux véhicules - côté,,,,,,,,,,,2,2,1,1.0,3
201300039138,0013-10-29 11:30:00,13,10,29,11,30,920,24,"101, VICTOR HUGO (BD)",,,Plein jour,En agglomération,Hors intersection,Normale,Autre collision,,,,,,,,,,,1,2,1,1.0,6
201300039139,0013-10-19 22:00:00,13,10,19,22,0,920,24,"73, VICTOR HUGO (BD)",,,Nuit avec éclairage allumé,En agglomération,Intersection en T,Normale,Deux véhicules - côté,,,,,,,,,,,5,2,3,1.0,3
201300039140,0013-10-28 09:50:00,13,10,28,9,50,920,24,"46, HENRI BARBUSSE (RUE)",,,Plein jour,Hors agglomération,Intersection en X,Normale,Autre collision,,,,,,,,,,,1,1,2,1.0,6
201300039141,0013-10-29 19:05:00,13,10,29,19,5,920,24,"69, HENRI BARBUSSE (RUE)",,,Nuit avec éclairage allumé,En agglomération,Intersection en X,Normale,Deux véhicules - frontale,,,,,,,,,,,5,2,2,1.0,1
201300039142,0013-10-31 17:35:00,13,10,31,17,35,920,24,"46, GENERAL ROGUET (RUE",,,Crépuscule ou aube,En agglomération,Intersection en X,Normale,Sans collision,,,,,,,,,,,2,2,2,1.0,7
201300039143,0013-11-06 18:20:00,13,11,6,18,20,920,24,"32, VICTOR HUGO (BD)",,,Nuit avec éclairage allumé,En agglomération,Hors intersection,Normale,Trois véhicules et plus - collisions multiples,,,,,,,,,,,5,2,1,1.0,5
201300039144,0013-11-10 06:30:00,13,11,10,6,30,920,24,"62, MARTRE (RUE) DE (59",,,Crépuscule ou aube,En agglomération,Intersection en X,Normale,Autre collision,,,,,,,,,,,2,2,2,1.0,6
201300039145,0013-11-13 22:30:00,13,11,13,22,30,920,24,"2, GENERAL ROGUET (RUE D",,,Nuit avec éclairage allumé,En agglomération,Giratoire,Normale,Autre collision,,,,,,,,,,,5,2,6,1.0,6
201300039146,0013-11-14 19:40:00,13,11,14,19,40,920,24,"64, VICTOR HUGO (BD)",,,Nuit avec éclairage allumé,En agglomération,Intersection en X,Normale,Deux véhicules - côté,,,,,,,,,,,5,2,2,1.0,3
201300039147,0013-11-15 18:20:00,13,11,15,18,20,920,24,"81, HENRI BARBUSSE (RUE)",,,Nuit avec éclairage allumé,En agglomération,Intersection en X,Pluie légère,Trois véhicules et plus - collisions multiples,,,,,,,,,,,5,2,2,2.0,5
201300039148,0013-11-07 09:20:00,13,11,7,9,20,920,24,"135, HENRI BARBUSSE (RUE",,,Plein jour,En agglomération,Intersection en X,Normale,Deux véhicules - frontale,,,,,,,,,,,1,2,2,1.0,1
201300039149,0013-11-27 18:26:00,13,11,27,18,26,920,24,"117, GENERAL LECLERC (RU",,,Plein jour,En agglomération,Hors intersection,Normale,Autre collision,,,,,,,,,,,1,2,1,1.0,6
201300039150,0013-12-04 09:40:00,13,12,4,9,40,920,24,"10, LANDY (RUE DU) DE (1",,,Plein jour,En agglomération,Intersection en T,Normale,Autre collision,,,,,,,,,,,1,2,3,1.0,6
201300039151,0013-12-04 13:50:00,13,12,4,13,50,920,24,CLICHY (QUAI DE) DE (8 A,,,Plein jour,En agglomération,Intersection en X,Normale,Autre collision,,,,,,,,,,,1,2,2,1.0,6
201300039152,0013-12-04 17:50:00,13,12,4,17,50,920,24,"53, MADAME DE SANZILLON",,,Plein jour,En agglomération,Intersection en T,Normale,Autre collision,,,,,,,,,,,1,2,3,1.0,6