accident_id,datetime,annee,mois,jour,heure,minute,departement,commune_insee,adresse,latitude,longitude,luminosite,agglomeration,intersection,meteo,collision,nb_vehicules,nb_usagers,nb_indemnes,nb_tues,nb_blesses_hosp,nb_blesses_legers,age_cond_1,age_cond_2,veh_type_cond_1,veh_type_cond_2,lum_code,agg_code,int_code,atm_code,col_code
201300039540,0013-06-16 18:15:00,13,6,16,18,15,920,40,"11, GENERAL LECLERC (DU)",,,Plein jour,Hors agglomération,Hors intersection,Normale,Deux véhicules - arrière,,,,,,,,,,,1,1,1,1.0,2
201300039541,0013-06-14 19:00:00,13,6,14,19,0,920,40,"3, ROUGET DE L'ISLE",,,Plein jour,En agglomération,Hors intersection,Normale,Deux véhicules - côté,,,,,,,,,,,1,2,1,1.0,3
201300039542,0013-06-19 16:30:00,13,6,19,16,30,920,40,"33, JEAN-PIERRE TIMBAUD",,,Plein jour,En agglomération,Hors intersection,Normale,Deux véhicules - côté,,,,,,,,,,,1,2,1,1.0,3
201300039543,0013-06-25 09:50:00,13,6,25,9,50,920,40,"3, SAINTE LUCIE (ALLEE)",,,Plein jour,En agglomération,Hors intersection,Autre,Autre collision,,,,,,,,,,,1,2,1,9.0,6
201300039544,0013-07-02 19:30:00,13,7,2,19,30,920,40,"18 TER, RODIN (BOULEVARD",,,Crépuscule ou aube,En agglomération,Hors intersection,Temps couvert,Deux véhicules - arrière,,,,,,,,,,,2,2,1,8.0,2
201300039545,0013-07-08 08:25:00,13,7,8,8,25,920,40,"63, VICTOR CRESSON (AVEN",,,Plein jour,En agglomération,Hors intersection,Normale,Autre collision,,,,,,,,,,,1,2,1,1.0,6
201300039546,0013-07-15 20:05:00,13,7,15,20,5,920,40,"58, EGALITE ( DE L')",,,Plein jour,En agglomération,Hors intersection,Normale,Deux véhicules - côté,,,,,,,,,,,1,2,1,1.0,3
201300039547,0013-07-23 17:40:00,13,7,23,17,40,920,40,"50, GALLIENI (BOULEVARD)",,,Plein jour,En agglomération,Hors intersection,Normale,Deux véhicules - côté,,,,,,,,,,,1,2,1,1.0,3
201300039548,0013-07-26 07:00:00,13,7,26,7,0,920,40,"32, GALLIENI (BOULEVARD)",,,Crépuscule ou aube,En agglomération,Hors intersection,Pluie forte,Autre collision,,,,,,,,,,,2,2,1,3.0,6
201300039549,0013-07-31 18:20:00,13,7,31,18,20,920,40,"33, ARISTIDE BRIAND",,,Plein jour,En agglomération,Hors intersection,Normale,Trois véhicules et plus - en chaîne,,,,,,,,,,,1,2,1,1.0,4
201300039550,0013-08-01 12:30:00,13,8,1,12,30,920,40,"161, JEAN JACQUES ROUSSE",,,Plein jour,En agglomération,Hors intersection,Normale,Deux véhicules - arrière,,,,,,,,,,,1,2,1,1.0,2
201300039551,0013-09-02 08:50:00,13,9,2,8,50,920,40,"XX, GENERAL LECLERC",,,Plein jour,En agglomération,Intersection en T,Normale,Deux véhicules - côté,,,,,,,,,,,1,2,3,1.0,3
201300039552,0013-09-04 10:05:00,13,9,4,10,5,920,40,"10, JEAN JAURES (AVENUE)",,,Plein jour,En agglomération,Hors intersection,Normale,Deux véhicules - côté,,,,,,,,,,,1,2,1,1.0,3
201300039553,0013-09-05 12:45:00,13,9,5,12,45,920,40,"XX, CAMILLE DESMOULINS",,,Plein jour,En agglomération,Intersection en X,Normale,Deux véhicules - côté,,,,,,,,,,,1,2,2,1.0,3
201300039554,0013-09-04 15:20:00,13,9,4,15,20,920,40,"XX, TELLES DE LA POTERIE",,,Plein jour,En agglomération,Intersection en T,Normale,Sans collision,,,,,,,,,,,1,2,3,1.0,7
201300039555,0013-09-05 15:30:00,13,9,5,15,30,920,40,"28, VICTOR CRESSON (AVEN",,,Plein jour,En agglomération,Hors intersection,Normale,Autre collision,,,,,,,,,,,1,2,1,1.0,6
201300039556,0013-09-09 20:30:00,13,9,9,20,30,920,40,"xx, GENERAL LECLERC",,,Nuit avec éclairage allumé,En agglomération,Intersection en X,Temps couvert,Deux véhicules - côté,,,,,,,,,,,5,2,2,8.0,3
201300039557,0013-09-13 07:50:00,13,9,13,7,50,920,40,"75, GALLIENI (BOULEVARD)",,,Plein jour,En agglomération,Hors intersection,Pluie légère,Autre collision,,,,,,,,,,,1,2,1,2.0,6
201300039558,0013-09-13 09:25:00,13,9,13,9,25,920,40,"21, GAMBETTA (BOULEVARD)",,,Plein jour,En agglomération,Hors intersection,Pluie légère,Autre collision,,,,,,,,,,,1,2,1,2.0,6
201300039559,0013-09-13 11:00:00,13,9,13,11,0,920,40,"1, REPUBLIQUE (AVENUE DE",,,Plein jour,En agglomération,Hors intersection,Pluie légère,Autre collision,,,,,,,,,,,1,2,1,2.0,6
201300039560,0013-09-22 19:45:00,13,9,22,19,45,920,40,"XX, GALLIENI (BOULEVARD)",,,Nuit avec éclairage allumé,En agglomération,Intersection en X,Normale,Deux véhicules - côté,,,,,,,,,,,5,2,2,1.0,3
201300039561,0013-09-17 18:40:00,13,9,17,18,40,920,40,"6, LEON BLUM (PLACE)",,,Plein jour,En agglomération,Hors intersection,Pluie légère,Autre collision,,,,,,,,,,,1,2,1,2.0,6
201300039562,0013-09-19 08:20:00,13,9,19,8,20,920,40,"68/70, RODIN (BOULEVARD)",,,Plein jour,En agglomération,Hors intersection,Normale,Deux véhicules - côté,,,,,,,,,,,1,2,1,1.0,3
201300039563,0013-09-20 20:15:00,13,9,20,20,15,920,40,"39, PDT ROOSEVELT (QUAI",,,Nuit avec éclairage allumé,En agglomération,Hors intersection,Normale,Trois véhicules et plus - en chaîne,,,,,,,,,,,5,2,1,1.0,4
201300039564,0013-09-25 09:30:00,13,9,25,9,30,920,40,"172, STALINGRAD (QUAI DE",,,Plein jour,En agglomération,Hors intersection,Normale,Deux véhicules - arrière,,,,,,,,,,,1,2,1,1.0,2
201300039565,0013-09-25 16:00:00,13,9,25,16,0,920,40,"XX, VICTOR CRESSON (AVEN",,,Plein jour,En agglomération,Intersection en X,Normale,Autre collision,,,,,,,,,,,1,2,2,1.0,6
201300039566,0013-09-25 16:20:00,13,9,25,16,20,920,40,ILES (BOULEVARD DES),,,Plein jour,En agglomération,Hors intersection,Normale,Autre collision,,,,,,,,,,,1,2,1,1.0,6
201300039567,0013-09-28 07:10:00,13,9,28,7,10,920,40,FRERES VOISIN (BOULEVARD,,,Crépuscule ou aube,En agglomération,Intersection en T,Pluie légère,Deux véhicules - côté,,,,,,,,,,,2,2,3,2.0,3
201300039568,0013-09-28 11:30:00,13,9,28,11,30,920,40,"XX, PAIX (AVENUE DE LA)",,,Plein jour,En agglomération,Intersection en X,Normale,Deux véhicules - frontale,,,,,,,,,,,1,2,2,1.0,1
201300039569,0013-10-07 21:00:00,13,10,7,21,0,920,40,"65, GENERAL LECLERC (DU)",,,Nuit avec éclairage allumé,En agglomération,Hors intersection,Normale,Deux véhicules - côté,,,,,,,,,,,5,2,1,1.0,3
201300039570,0013-10-15 07:20:00,13,10,15,7,20,920,40,"XX, GARIBALDI (BOULEVARD",,,Nuit avec éclairage allumé,En agglomération,Intersection en X,Normale,Sans collision,,,,,,,,,,,5,2,2,1.0,7
201300039571,0013-10-17 08:15:00,13,10,17,8,15,920,40,"30, GALLIENI (BOULEVARD)",,,Plein jour,En agglomération,Hors intersection,Normale,Deux véhicules - côté,,,,,,,,,,,1,2,1,1.0,3
201300039572,0013-10-17 12:40:00,13,10,17,12,40,920,40,VAUDETARD,,,Plein jour,En agglomération,Intersection en X,Normale,Autre collision,,,,,,,,,,,1,2,2,1.0,6
201300039573,0013-10-24 08:10:00,13,10,24,8,10,920,40,"2, DOCTEUR LOMBARD (DU)",,,Crépuscule ou aube,En agglomération,Hors intersection,Normale,Sans collision,,,,,,,,,,,2,2,1,1.0,7
201300039574,0013-10-22 17:00:00,13,10,22,17,0,920,40,"XX, PAIX (AVENUE DE LA)",,,Plein jour,En agglomération,Intersection en X,Pluie légère,Deux véhicules - côté,,,,,,,,,,,1,2,2,2.0,3
201300039575,0013-10-31 00:01:00,13,10,31,0,1,920,40,"115, RODIN (BOULEVARD)",,,Nuit avec éclairage allumé,En agglomération,Hors intersection,Normale,Autre collision,,,,,,,,,,,5,2,1,1.0,6
201300039576,0013-11-04 08:40:00,13,11,4,8,40,920,40,"113, VERDUN (AVENUE DE)",,,Plein jour,En agglomération,Hors intersection,Normale,Autre collision,,,,,,,,,,,1,2,1,1.0,6
201300039577,0013-11-08 10:55:00,13,11,8,10,55,920,40,"18, BOURGAIN (AVENE)",,,Plein jour,En agglomération,Hors intersection,Pluie légère,Deux véhicules - arrière,,,,,,,,,,,1,2,1,2.0,2
201300039578,0013-12-31 08:55:00,13,12,31,8,55,920,40,"02, PAUL-VAILLANT COUTUR",,,Plein jour,En agglomération,Hors intersection,Normale,Autre collision,,,,,,,,,,,1,2,1,1.0,6
201300039579,0013-11-20 18:00:00,13,11,20,18,0,920,40,"28, GAMBETTA (BOULEVARD)",,,Nuit avec éclairage allumé,En agglomération,Hors intersection,Pluie légère,Autre collision,,,,,,,,,,,5,2,1,2.0,6
201300039580,0013-11-18 17:30:00,13,11,18,17,30,920,40,"35, VICTOR CRESSON (AVEN",,,Nuit avec éclairage allumé,En agglomération,Hors intersection,Normale,Deux véhicules - côté,,,,,,,,,,,5,2,1,1.0,3
201300039581,0013-11-27 07:20:00,13,11,27,7,20,920,40,"XX, GAMBETTA (BOULEVARD)",,,Crépuscule ou aube,En agglomération,Hors intersection,Normale,Trois véhicules et plus - collisions multiples,,,,,,,,,,,2,2,1,1.0,5
201300039582,0013-12-02 19:00:00,13,12,2,19,0,920,40,"6 bis, QUATRE SEPTEMBRE",,,Nuit avec éclairage allumé,En agglomération,Hors intersection,Normale,Autre collision,,,,,,,,,,,5,2,1,1.0,6
201300039583,0013-12-02 14:05:00,13,12,2,14,5,920,40,"xx, VICTOR HUGO (ROND-PO",,,Plein jour,En agglomération,Giratoire,Normale,Autre collision,,,,,,,,,,,1,2,6,1.0,6
201300039584,0013-11-28 18:40:00,13,11,28,18,40,920,40,"xx, GABRIEL PERI",,,Nuit avec éclairage allumé,En agglomération,Hors intersection,Pluie légère,Sans collision,,,,,,,,,,,5,2,1,2.0,7
201300039585,0013-12-16 20:25:00,13,12,16,20,25,920,40,"190, STALINGRAD (QUAI DE",,,Nuit avec éclairage allumé,En agglomération,Hors intersection,Normale,Autre collision,,,,,,,,,,,5,2,1,1.0,6
201300039586,0013-12-10 09:00:00,13,12,10,9,0,920,40,"xx, LEON BLUM (PLACE)",,,Plein jour,En agglomération,Intersection en T,Normale,Deux véhicules - arrière,,,,,,,,,,,1,2,3,1.0,2
201300039587,0013-12-12 18:20:00,13,12,12,18,20,920,40,"xx, GOUVERNEUR GAL EBOUE",,,Nuit avec éclairage allumé,En agglomération,Intersection en X,Normale,Deux véhicules - côté,,,,,,,,,,,5,2,2,1.0,3
201300039588,0013-12-09 20:30:00,13,12,9,20,30,920,40,"xx, GALLIENI (BOULEVARD)",,,Nuit avec éclairage allumé,En agglomération,Intersection en X,Normale,Deux véhicules - côté,,,,,,,,,,,5,2,2,1.0,3
201300039589,0013-12-20 08:15:00,13,12,20,8,15,920,40,"xx, CAMILLE DESMOULINS",,,Plein jour,En agglomération,Intersection en X,Normale,Autre collision,,,,,,,,,,,1,2,2,1.0,6
201300039590,0013-12-22 05:40:00,13,12,22,5,40,920,40,"141, RODIN (BOULEVARD)",,,Nuit avec éclairage allumé,En agglomération,Hors intersection,Pluie légère,Autre collision,,,,,,,,,,,5,2,1,2.0,6
201300039591,0013-01-03 11:30:00,13,1,3,11,30,920,44,"54, VILLIERS(RUE DE)  54",,,Plein jour,En agglomération,Intersection à plus de 4 branches,Normale,Deux véhicules - arrière,,,,,,,,,,,1,2,5,1.0,2
201300039592,0013-11-20 13:45:00,13,11,20,13,45,920,44,"99, DANTON(RUE)75A123 ET",,,Plein jour,En agglomération,Hors intersection,Normale,Sans collision,,,,,,,,,,,1,2,1,1.0,7
201300039593,0013-01-07 12:25:00,13,1,7,12,25,920,44,"16, MATHILDE GIRAULT (RU",,,Plein jour,En agglomération,Intersection en T,Normale,Deux véhicules - côté,,,,,,,,,,,1,2,3,1.0,3
201300039594,0013-01-14 06:50:00,13,1,14,6,50,920,44,"02, MICHELET(QUAI) 2 A 3",,,Nuit avec éclairage allumé,En agglomération,Hors intersection,Normale,Autre collision,,,,,,,,,,,5,2,1,1.0,6
201300039595,0013-01-16 10:25:00,13,1,16,10,25,920,44,"140, ARISTIDE BRIAND(RUE",,,Plein jour,En agglomération,Hors intersection,Normale,Autre collision,,,,,,,,,,,1,2,1,1.0,6
201300039596,0013-01-15 12:40:00,13,1,15,12,40,920,44,"56, VILLIERS(RUE DE)  54",,,Plein jour,En agglomération,Hors intersection,Neige / grêle,Autre collision,,,,,,,,,,,1,2,1,4.0,6
201300039597,0013-01-18 14:00:00,13,1,18,14,0,920,44,"78, J. GUESDES(RUE)103A1",,,Plein jour,En agglomération,Intersection en X,Normale,Deux véhicules - côté,,,,,,,,,,,1,2,2,1.0,3
201300039598,0013-01-19 18:45:00,13,1,19,18,45,920,44,"23, ALSACE (RUE) N?19 +",,,Crépuscule ou aube,En agglomération,Hors intersection,Pluie légère,Sans collision,,,,,,,,,,,2,2,1,2.0,7
201300039599,0013-01-24 13:45:00,13,1,24,13,45,920,44,"32, MICHELET (QUAI) 32 A",,,Plein jour,En agglomération,Hors intersection,Normale,Sans collision,,,,,,,,,,,1,2,1,1.0,7
201300039600,0013-02-01 14:45:00,13,2,1,14,45,920,44,"105, LOUIS ROUQUIER (RUE",,,Plein jour,En agglomération,Hors intersection,Normale,Autre collision,,,,,,,,,,,1,2,1,1.0,6
201300039601,0013-02-05 12:40:00,13,2,5,12,40,920,44,"113, JEAN JAURES(RUE)101",,,Plein jour,En agglomération,Intersection en X,Normale,Deux véhicules - côté,,,,,,,,,,,1,2,2,1.0,3
201300039602,0013-02-06 16:52:00,13,2,6,16,52,920,44,"3, GABRIEL PERI(RUE) 1A2",,,Plein jour,En agglomération,Hors intersection,Normale,Autre collision,,,,,,,,,,,1,2,1,1.0,6
201300039603,0013-02-10 14:00:00,13,2,10,14,0,920,44,"54, ARISTIDE BRIAND(RUE)",,,Plein jour,En agglomération,Intersection en X,Pluie légère,Deux véhicules - côté,,,,,,,,,,,1,2,2,2.0,3
201300039604,0013-02-15 10:25:00,13,2,15,10,25,920,44,"105, P.V.COUTURIER(RUE)8",,,Plein jour,En agglomération,Intersection en Y,Pluie légère,Deux véhicules - côté,,,,,,,,,,,1,2,4,2.0,3
201300039605,0013-02-16 11:55:00,13,2,16,11,55,920,44,"2, ANTONIN RAYNAUD(RUE)",,,Plein jour,En agglomération,Hors intersection,Normale,Autre collision,,,,,,,,,,,1,2,1,1.0,6
201300039606,0013-02-27 12:25:00,13,2,27,12,25,920,44,"97, JEAN JAURES(RUE) 57A",,,Plein jour,En agglomération,Hors intersection,Normale,Sans collision,,,,,,,,,,,1,2,1,1.0,7
201300039607,0013-03-04 14:00:00,13,3,4,14,0,920,44,"18, VILLIERS(RUE DE)  2A",,,Plein jour,En agglomération,Hors intersection,Normale,Deux véhicules - côté,,,,,,,,,,,1,2,1,1.0,3
201300039608,0013-03-04 14:50:00,13,3,4,14,50,920,44,"81, LOUIS ROUQUIER(RUE)4",,,Plein jour,En agglomération,Intersection en X,Normale,Autre collision,,,,,,,,,,,1,2,2,1.0,6
201300039609,0013-03-14 17:50:00,13,3,14,17,50,920,44,"69, VIC. HUGO(RUE)069A07",,,Crépuscule ou aube,En agglomération,Hors intersection,Normale,Autre collision,,,,,,,,,,,2,2,1,1.0,6
201300039610,0013-03-05 08:35:00,13,3,5,8,35,920,44,VIC. HUGO(RUE)077A089 ET,,,Plein jour,En agglomération,Intersection en X,Normale,Autre collision,,,,,,,,,,,1,2,2,1.0,6
201300039611,0013-03-10 18:25:00,13,3,10,18,25,920,44,"5, JEAN GABIN(RUE)",,,Plein jour,En agglomération,Hors intersection,Normale,Autre collision,,,,,,,,,,,1,2,1,1.0,6
201300039612,0013-03-10 19:00:00,13,3,10,19,0,920,44,"28, GEO.POMPIDOU(AVE) 21",,,Plein jour,En agglomération,Intersection en X,Normale,Autre collision,,,,,,,,,,,1,2,2,1.0,6
201300039613,0013-03-19 12:00:00,13,3,19,12,0,920,44,"93, ARISTIDE BRIAND(RUE)",,,Plein jour,En agglomération,Hors intersection,Normale,Autre collision,,,,,,,,,,,1,2,1,1.0,6
201300039614,0013-03-22 23:15:00,13,3,22,23,15,920,44,"38, GABRIEL PERI(RUE) 25",,,Nuit avec éclairage non allumé,En agglomération,Intersection en X,Normale,Deux véhicules - côté,,,,,,,,,,,4,2,2,1.0,3
201300039615,0013-03-24 12:00:00,13,3,24,12,0,920,44,"117, VIC. HUGO(RUE)091A1",,,Plein jour,En agglomération,Intersection en Y,Normale,Deux véhicules - côté,,,,,,,,,,,1,2,4,1.0,3
201300039616,0013-04-03 18:00:00,13,4,3,18,0,920,44,"154, DANTON(RUE)75A123 E",,,Plein jour,En agglomération,Hors intersection,Normale,Deux véhicules - arrière,,,,,,,,,,,1,2,1,1.0,2
201300039617,0013-04-08 07:40:00,13,4,8,7,40,920,44,"49, KLEBER (RUE)",,,Plein jour,En agglomération,Intersection en T,Normale,Sans collision,,,,,,,,,,,1,2,3,1.0,7
201300039618,0013-04-10 09:00:00,13,4,10,9,0,920,44,"13, ALSACE (RUE) N?1 A 1",,,Plein jour,En agglomération,Hors intersection,Normale,Deux véhicules - arrière,,,,,,,,,,,1,2,1,1.0,2
201300039619,0013-04-25 09:15:00,13,4,25,9,15,920,44,"25, DANTON(RUE)125+ ET 1",,,Plein jour,En agglomération,Intersection en X,Normale,Autre collision,,,,,,,,,,,1,2,2,1.0,6
201300039620,0013-04-13 09:15:00,13,4,13,9,15,920,44,"132, PDTWILSOO(RUE)151A1",,,Plein jour,En agglomération,Intersection en X,Normale,Autre collision,,,,,,,,,,,1,2,2,1.0,6
201300039621,0013-04-28 12:00:00,13,4,28,12,0,920,44,"77, VOLTAIRE(RUE)53A81 E",,,Plein jour,En agglomération,Hors intersection,Normale,Autre collision,,,,,,,,,,,1,2,1,1.0,6
201300039622,0013-04-26 20:40:00,13,4,26,20,40,920,44,"110, VIC. HUGO(RUE)091A1",,,Crépuscule ou aube,En agglomération,Intersection en T,Normale,Deux véhicules - côté,,,,,,,,,,,2,2,3,1.0,3
201300039623,0013-05-27 16:50:00,13,5,27,16,50,920,44,"18, ANA. FRANCE(RUE)1A75",,,Plein jour,En agglomération,Hors intersection,Normale,Autre collision,,,,,,,,,,,1,2,1,1.0,6
201300039624,0013-04-30 13:10:00,13,4,30,13,10,920,44,"56, VOLTAIRE(RUE)53A81 E",,,Plein jour,En agglomération,Hors intersection,Normale,Deux véhicules - côté,,,,,,,,,,,1,2,1,1.0,3
201300039625,0013-05-23 17:30:00,13,5,23,17,30,920,44,"18, ALSACE (RUE) N?1 A 1",,,Plein jour,En agglomération,Intersection en X,Normale,Autre collision,,,,,,,,,,,1,2,2,1.0,6
201300039626,0013-06-03 18:55:00,13,6,3,18,55,920,44,"7, KLEBER (RUE)",,,Crépuscule ou aube,En agglomération,Intersection en X,Normale,Deux véhicules - côté,,,,,,,,,,,2,2,2,1.0,3
201300039627,0013-06-06 00:10:00,13,6,6,0,10,920,44,"1, HENRI BARBUSSE (PLACE",,,Nuit avec éclairage allumé,En agglomération,Hors intersection,Normale,Autre collision,,,,,,,,,,,5,2,1,1.0,6
201300039628,0013-06-10 14:20:00,13,6,10,14,20,920,44,"120, VIC. HUGO(RUE)091A1",,,Plein jour,En agglomération,Hors intersection,Normale,Deux véhicules - arrière,,,,,,,,,,,1,2,1,1.0,2
201300039629,0013-06-20 10:00:00,13,6,20,10,0,920,44,"7, GEO.POMPIDOU(AVE) 1A1",,,Plein jour,En agglomération,Hors intersection,Normale,Autre collision,,,,,,,,,,,1,2,1,1.0,6
201300039630,0013-06-20 14:35:00,13,6,20,14,35,920,44,"78, MARIUS AUFAN(RUE) 1A",,,Plein jour,En agglomération,Intersection en X,Normale,Deux véhicules - côté,,,,,,,,,,,1,2,2,1.0,3
201300039631,0013-06-08 13:40:00,13,6,8,13,40,920,44,"34, ARISTIDE BRIAND(RUE)",,,Plein jour,En agglomération,Intersection en X,Normale,Deux véhicules - côté,,,,,,,,,,,1,2,2,1.0,3
201300039632,0013-06-29 03:36:00,13,6,29,3,36,920,44,"18, BINEAU (BOULEVARD)",,,Nuit avec éclairage allumé,En agglomération,Hors intersection,Normale,Deux véhicules - côté,,,,,,,,,,,5,2,1,1.0,3
201300039633,0013-07-01 15:30:00,13,7,1,15,30,920,44,"58, VIC. HUGO(RUE)001A06",,,Plein jour,En agglomération,Hors intersection,Normale,Autre collision,,,,,,,,,,,1,2,1,1.0,6
201300039634,0013-07-02 19:00:00,13,7,2,19,0,920,44,"9, LORRAINE (RUE DE)",,,Plein jour,En agglomération,Hors intersection,Normale,Autre collision,,,,,,,,,,,1,2,1,1.0,6
201300039635,0013-07-07 00:40:00,13,7,7,0,40,920,44,"26, P.V.COUTURIER(RUE)1A",,,Nuit avec éclairage allumé,En agglomération,Hors intersection,Normale,Autre collision,,,,,,,,,,,5,2,1,1.0,6
201300039636,0013-07-08 09:25:00,13,7,8,9,25,920,44,"39, DEGUINGAND(RUE)",,,Plein jour,En agglomération,Intersection en T,Normale,Autre collision,,,,,,,,,,,1,2,3,1.0,6
201300039637,0013-07-15 13:10:00,13,7,15,13,10,920,44,"78, VIC. HUGO(RUE)077A08",,,Plein jour,En agglomération,Hors intersection,Normale,Deux véhicules - côté,,,,,,,,,,,1,2,1,1.0,3
201300039638,0013-06-08 02:00:00,13,6,8,2,0,920,44,"25, VOLTAIRE(RUE)1A51 ET",,,Nuit avec éclairage allumé,En agglomération,Hors intersection,Normale,Deux véhicules - arrière,,,,,,,,,,,5,2,1,1.0,2
201300039639,0013-06-05 20:00:00,13,6,5,20,0,920,44,MARIUS AUFAN(RUE) 1A67 E,,,Plein jour,En agglomération,Intersection en X,Normale,Deux véhicules - côté,,,,,,,,,,,1,2,2,1.0,3
201300039640,0013-07-20 18:15:00,13,7,20,18,15,920,44,"40, PDT WILSON(RUE)23A49",,,Plein jour,En agglomération,Hors intersection,Normale,Autre collision,,,,,,,,,,,1,2,1,1.0,6
201300039641,0013-07-30 19:45:00,13,7,30,19,45,920,44,"46, GABRIEL PERI(RUE) 25",,,Plein jour,En agglomération,Hors intersection,Normale,Autre collision,,,,,,,,,,,1,2,1,1.0,6
201300039642,0013-08-03 04:40:00,13,8,3,4,40,920,44,"160, VIC. HUGO(RUE)115A1",,,Nuit avec éclairage allumé,En agglomération,Hors intersection,Normale,Sans collision,,,,,,,,,,,5,2,1,1.0,7
201300039643,0013-07-07 17:10:00,13,7,7,17,10,920,44,"64, J. GUESDE(RUE)25A57",,,Plein jour,En agglomération,Intersection en X,Normale,Deux véhicules - côté,,,,,,,,,,,1,2,2,1.0,3
201300039644,0013-09-04 09:20:00,13,9,4,9,20,920,44,"126, ARISTIDE BRIAND(RUE",,,Plein jour,En agglomération,Hors intersection,Normale,Autre collision,,,,,,,,,,,1,2,1,1.0,6
201300039645,0013-09-09 17:40:00,13,9,9,17,40,920,44,"86, PDT WILSON(RUE) 2A24",,,Plein jour,En agglomération,Intersection en X,Pluie légère,Deux véhicules - côté,,,,,,,,,,,1,2,2,2.0,3
201300039646,0013-09-12 14:00:00,13,9,12,14,0,920,44,"55, VOLTAIRE(RUE)53A81 E",,,Plein jour,En agglomération,Hors intersection,Normale,Sans collision,,,,,,,,,,,1,2,1,1.0,7
201300039647,0013-09-11 13:35:00,13,9,11,13,35,920,44,"36, ALSACE (RUE) N?19 +",,,Plein jour,Hors agglomération,Autre intersection,Autre,Autre collision,,,,,,,,,,,1,1,9,9.0,6
201300039648,0013-08-26 23:10:00,13,8,26,23,10,920,44,"160, VIC. HUGO(RUE)115A1",,,Nuit avec éclairage allumé,En agglomération,Hors intersection,Normale,Autre collision,,,,,,,,,,,5,2,1,1.0,6
201300039649,0013-09-23 13:05:00,13,9,23,13,5,920,44,"21, BAUDIN (RUE) 1A25 ET",,,Plein jour,En agglomération,Hors intersection,Normale,Autre collision,,,,,,,,,,,1,2,1,1.0,6
201300039650,0013-09-25 11:05:00,13,9,25,11,5,920,44,"29, CARNOT(RUE) 43A71 ET",,,Plein jour,En agglomération,Hors intersection,Normale,Autre collision,,,,,,,,,,,1,2,1,1.0,6
201300039651,0013-10-01 12:40:00,13,10,1,12,40,920,44,"147, ANA.FRANCE(RUE) 141",,,Plein jour,En agglomération,Intersection en X,Normale,Autre collision,,,,,,,,,,,1,2,2,1.0,6
201300039652,0013-10-11 12:40:00,13,10,11,12,40,920,44,"147, ANA.FRANCE(RUE) 141",,,Plein jour,En agglomération,Intersection en X,Normale,Autre collision,,,,,,,,,,,1,2,2,1.0,6
201300039653,0013-10-10 17:15:00,13,10,10,17,15,920,44,"42, LOUIS ROUQUIER(RUE)",,,Plein jour,En agglomération,Hors intersection,Pluie légère,Autre collision,,,,,,,,,,,1,2,1,2.0,6
201300039654,0013-10-11 20:00:00,13,10,11,20,0,920,44,"90, VIC. HUGO(RUE)077A08",,,Crépuscule ou aube,En agglomération,Intersection à plus de 4 branches,Normale,Deux véhicules - frontale,,,,,,,,,,,2,2,5,1.0,1
201300039655,0013-10-12 12:45:00,13,10,12,12,45,920,44,"34, TREBOIS(RUE)",,,Plein jour,En agglomération,Intersection en X,Normale,Deux véhicules - arrière,,,,,,,,,,,1,2,2,1.0,2
201300039656,0013-11-03 14:25:00,13,11,3,14,25,920,44,"143, ANA.FRANCE(RUE) 141",,,Plein jour,En agglomération,Intersection en X,Normale,Deux véhicules - frontale,,,,,,,,,,,1,2,2,1.0,1
201300039657,0013-11-05 09:00:00,13,11,5,9,0,920,44,"90, MICHELET (QUAI) 58 A",,,Plein jour,En agglomération,Giratoire,Normale,Deux véhicules - côté,,,,,,,,,,,1,2,6,1.0,3
201300039658,0013-11-05 15:05:00,13,11,5,15,5,920,44,"93, ANA.FRANCE(RUE)77A13",,,Plein jour,En agglomération,Hors intersection,Pluie légère,Sans collision,,,,,,,,,,,1,2,1,2.0,7
201300039659,0013-10-19 16:00:00,13,10,19,16,0,920,44,JEAN JAURES(RUE) 57A99 E,,,Plein jour,En agglomération,Intersection en T,Normale,Autre collision,,,,,,,,,,,1,2,3,1.0,6
201300039660,0013-10-24 15:15:00,13,10,24,15,15,920,44,"107, PDT WILSON(RUE)77A1",,,Plein jour,En agglomération,Intersection en X,Normale,Autre collision,,,,,,,,,,,1,2,2,1.0,6
201300039661,0013-11-20 17:10:00,13,11,20,17,10,920,44,"15, P.V.COUTURIER(RUE)1A",,,Crépuscule ou aube,En agglomération,Hors intersection,Normale,Autre collision,,,,,,,,,,,2,2,1,1.0,6
201300039662,0013-12-04 22:30:00,13,12,4,22,30,920,44,"41, LOUISE MICHEL(RUE) 4",,,Nuit avec éclairage allumé,En agglomération,Intersection en X,Normale,Deux véhicules - côté,,,,,,,,,,,5,2,2,1.0,3
201300039663,0013-12-09 20:15:00,13,12,9,20,15,920,44,"34, RIVAY(RUE)25A39 ET 2",,,Nuit avec éclairage allumé,En agglomération,Intersection en X,Normale,Deux véhicules - côté,,,,,,,,,,,5,2,2,1.0,3
201300039664,0013-12-09 23:00:00,13,12,9,23,0,920,44,"84, BAUDIN (RUE) 27A83 E",,,Nuit avec éclairage allumé,En agglomération,Intersection en X,Normale,Sans collision,,,,,,,,,,,5,2,2,1.0,7
201300039665,0013-12-11 22:00:00,13,12,11,22,0,920,44,"31, ERNEST COGNACQ(RUE)",,,Crépuscule ou aube,En agglomération,Hors intersection,Normale,Autre collision,,,,,,,,,,,2,2,1,1.0,6
201300039666,0013-12-16 19:45:00,13,12,16,19,45,920,44,"52, ARISTIDE BRIAND(RUE)",,,Nuit avec éclairage allumé,En agglomération,Intersection en X,Normale,Autre collision,,,,,,,,,,,5,2,2,1.0,6
201300039667,0013-11-25 14:40:00,13,11,25,14,40,920,44,"27, ARISTIDE BRIAND(RUE)",,,Plein jour,En agglomération,Hors intersection,Normale,Autre collision,,,,,,,,,,,1,2,1,1.0,6
201300039668,0013-12-03 17:50:00,13,12,3,17,50,920,44,"79, VIC. HUGO(RUE)069A07",,,Plein jour,En agglomération,Intersection en X,Normale,Deux véhicules - côté,,,,,,,,,,,1,2,2,1.0,3