accident_id,datetime,annee,mois,jour,heure,minute,departement,commune_insee,adresse,latitude,longitude,luminosite,agglomeration,intersection,meteo,collision,nb_vehicules,nb_usagers,nb_indemnes,nb_tues,nb_blesses_hosp,nb_blesses_legers,age_cond_1,age_cond_2,veh_type_cond_1,veh_type_cond_2,lum_code,agg_code,int_code,atm_code,col_code
201300039669,0013-01-07 12:15:00,13,1,7,12,15,920,48,GENERAL GALLIENI (AVENUE,,,Plein jour,En agglomération,Intersection en X,Normale,Deux véhicules - côté,,,,,,,,,,,1,2,2,1.0,3
201300039670,0013-01-08 08:20:00,13,1,8,8,20,920,48,"08, BEL AIR (RUE DU)",,,Plein jour,En agglomération,Intersection en T,Normale,Autre collision,,,,,,,,,,,1,2,3,1.0,6
201300039671,0013-01-26 16:40:00,13,1,26,16,40,920,48,"11, PARIS (RUE DE) N? 1",,,Plein jour,En agglomération,Intersection en T,Normale,Autre collision,,,,,,,,,,,1,2,3,1.0,6
201300039672,0013-01-25 19:15:00,13,1,25,19,15,920,48,"60, BELGIQUE (RUE DE LA)",,,Nuit avec éclairage allumé,En agglomération,Intersection en X,Normale,Deux véhicules - arrière,,,,,,,,,,,5,2,2,1.0,2
201300039673,0013-01-29 22:40:00,13,1,29,22,40,920,48,"., TRIVAUX (AVENUE DE) N",,,Nuit avec éclairage allumé,En agglomération,Hors intersection,Pluie légère,Autre collision,,,,,,,,,,,5,2,1,2.0,6
201300039674,0013-02-10 10:00:00,13,2,10,10,0,920,48,"., ETANG DE TRIVAUX (ROU",,,Plein jour,Hors agglomération,Hors intersection,Pluie légère,Autre collision,,,,,,,,,,,1,1,1,2.0,6
201300039675,0013-02-18 20:00:00,13,2,18,20,0,920,48,"02, ONZE NOVEMBRE 1918 (",,,Nuit avec éclairage allumé,En agglomération,Intersection en X,Normale,Deux véhicules - côté,,,,,,,,,,,5,2,2,1.0,3
201300039676,0013-01-17 08:00:00,13,1,17,8,0,920,48,"05, PARIS (RUE DE) N? 1",,,Plein jour,En agglomération,Intersection en T,Normale,Deux véhicules - côté,,,,,,,,,,,1,2,3,1.0,3
201300039677,0013-02-27 09:35:00,13,2,27,9,35,920,48,"37, GENERAL GALLIENI (AV",,,Plein jour,En agglomération,Hors intersection,Normale,Autre collision,,,,,,,,,,,1,2,1,1.0,6
201300039678,0013-03-19 09:00:00,13,3,19,9,0,920,48,"36bis, GARDES (ROUTE DES",,,Plein jour,En agglomération,Intersection en X,Normale,Autre collision,,,,,,,,,,,1,2,2,1.0,6
201300039679,0013-03-18 05:50:00,13,3,18,5,50,920,48,"., GENERAL DE GAULLE (AV",,,Nuit avec éclairage allumé,En agglomération,Place,Normale,Autre collision,,,,,,,,,,,5,2,7,1.0,6
201300039680,0013-04-03 11:45:00,13,4,3,11,45,920,48,"05, VAUGIRARD (ROUTE DE)",,,Plein jour,En agglomération,Hors intersection,Normale,Autre collision,,,,,,,,,,,1,2,1,1.0,6
201300039681,0013-04-18 18:00:00,13,4,18,18,0,920,48,"., REPUBLIQUE (RUE DE LA",,,Plein jour,En agglomération,Intersection en X,Normale,Deux véhicules - frontale,,,,,,,,,,,1,2,2,1.0,1
201300039682,0013-04-12 08:35:00,13,4,12,8,35,920,48,"., JEAN JAURES (AVENUE)",,,Plein jour,En agglomération,Giratoire,Normale,Autre collision,,,,,,,,,,,1,2,6,1.0,6
201300039683,0013-05-03 09:10:00,13,5,3,9,10,920,48,"12, PEPINIERE (RUE DE LA",,,Plein jour,En agglomération,Hors intersection,Normale,Autre collision,,,,,,,,,,,1,2,1,1.0,6
201300039684,0013-05-13 14:00:00,13,5,13,14,0,920,48,"05, ROBERT SCHUMAN (AVEN",,,Plein jour,En agglomération,Hors intersection,Normale,Autre collision,,,,,,,,,,,1,2,1,1.0,6
201300039685,0013-05-25 19:40:00,13,5,25,19,40,920,48,"., COLONEL MORAINE (ROUT",,,Plein jour,En agglomération,Intersection en X,Normale,Deux véhicules - arrière,,,,,,,,,,,1,2,2,1.0,2
201300039686,0013-05-29 19:20:00,13,5,29,19,20,920,48,"05, PEPINIERE (RUE DE LA",,,Crépuscule ou aube,En agglomération,Hors intersection,Normale,Deux véhicules - arrière,,,,,,,,,,,2,2,1,1.0,2
201300039687,0013-06-03 10:30:00,13,6,3,10,30,920,48,"12, PEPINIERE (RUE DE LA",,,Plein jour,En agglomération,Hors intersection,Normale,Autre collision,,,,,,,,,,,1,2,1,1.0,6
201300039688,0013-06-08 12:25:00,13,6,8,12,25,920,48,"18, REPUBLIQUE (RUE DE L",,,Plein jour,En agglomération,Intersection en T,Normale,Autre collision,,,,,,,,,,,1,2,3,1.0,6
201300039689,0013-06-04 16:35:00,13,6,4,16,35,920,48,TERRE NEUVE (RUE),,,Plein jour,En agglomération,Intersection en X,Normale,Autre collision,,,,,,,,,,,1,2,2,1.0,6
201300039690,0013-06-24 19:45:00,13,6,24,19,45,920,48,"43, GENERAL DE GAULLE (A",,,Plein jour,En agglomération,Hors intersection,Normale,Autre collision,,,,,,,,,,,1,2,1,1.0,6
201300039691,0013-07-05 19:45:00,13,7,5,19,45,920,48,JACQUEMINOT (AVENUE) N?1,,,Plein jour,En agglomération,Intersection en X,Normale,Deux véhicules - frontale,,,,,,,,,,,1,2,2,1.0,1
201300039692,0013-12-11 13:10:00,13,12,11,13,10,920,48,"11, PIERRES (RUE DES)",,,Plein jour,Hors agglomération,Hors intersection,Normale,Sans collision,,,,,,,,,,,1,1,1,1.0,7
201300039693,0013-07-24 19:05:00,13,7,24,19,5,920,48,"., LE CORBEILLER (AVENUE",,,Plein jour,En agglomération,Intersection en X,Normale,Deux véhicules - côté,,,,,,,,,,,1,2,2,1.0,3
201300039694,0013-07-27 16:05:00,13,7,27,16,5,920,48,"08, TRIVAUX (AVENUE DE)",,,Plein jour,En agglomération,Hors intersection,Normale,Autre collision,,,,,,,,,,,1,2,1,1.0,6
201300039695,0013-08-23 12:45:00,13,8,23,12,45,920,48,"., SIX FRERES (CARREFOUR",,,Plein jour,Hors agglomération,Intersection en X,Normale,Deux véhicules - côté,,,,,,,,,,,1,1,2,1.0,3
201300039696,0013-08-31 20:55:00,13,8,31,20,55,920,48,"01, rue du P?re BROTTIER",,,Crépuscule ou aube,En agglomération,Hors intersection,Normale,Autre collision,,,,,,,,,,,2,2,1,1.0,6
201300039697,0013-08-30 00:40:00,13,8,30,0,40,920,48,"., MORANE SAULNIER (AVEN",,,Nuit avec éclairage allumé,En agglomération,Intersection en T,Normale,Autre collision,,,,,,,,,,,5,2,3,1.0,6
201300039698,0013-09-17 10:30:00,13,9,17,10,30,920,48,"., TERRE NEUVE (RUE)",,,Plein jour,En agglomération,Intersection en T,Normale,Deux véhicules - côté,,,,,,,,,,,1,2,3,1.0,3
201300039699,0013-09-20 12:15:00,13,9,20,12,15,920,48,"., GENERAL DE GAULLE (AV",,,Plein jour,En agglomération,Intersection en T,Normale,Deux véhicules - côté,,,,,,,,,,,1,2,3,1.0,3
201300039700,0013-08-01 18:00:00,13,8,1,18,0,920,48,"., TRIVAUX (AVENUE DE) N",,,Plein jour,Hors agglomération,Hors intersection,Normale,Sans collision,,,,,,,,,,,1,1,1,1.0,7
201300039701,0013-10-16 16:45:00,13,10,16,16,45,920,48,"., VAUGIRARD (ROUTE DE)",,,Plein jour,Hors agglomération,Hors intersection,Normale,Autre collision,,,,,,,,,,,1,1,1,1.0,6
201300039702,0013-10-18 20:10:00,13,10,18,20,10,920,48,"35, VAUGIRARD (ROUTE DE)",,,Nuit avec éclairage allumé,En agglomération,Intersection en T,Normale,Deux véhicules - côté,,,,,,,,,,,5,2,3,1.0,3
201300039703,0013-10-18 17:40:00,13,10,18,17,40,920,48,"., LE CORBEILLER (AVENUE",,,Plein jour,En agglomération,Intersection en X,Normale,Deux véhicules - arrière,,,,,,,,,,,1,2,2,1.0,2
201300039704,0013-10-22 20:05:00,13,10,22,20,5,920,48,"., VAUGIRARD (ROUTE DE)",,,Nuit avec éclairage allumé,En agglomération,Intersection en T,Pluie légère,Autre collision,,,,,,,,,,,5,2,3,2.0,6
201300039705,0013-10-28 12:45:00,13,10,28,12,45,920,48,"., TRIVAUX (AVENUE DE) N",,,Plein jour,Hors agglomération,Hors intersection,Normale,Autre collision,,,,,,,,,,,1,1,1,1.0,6
201300039706,0013-10-30 20:30:00,13,10,30,20,30,920,48,"., MAL DE LATTRE DE TASS",,,Nuit avec éclairage allumé,En agglomération,Intersection en T,Normale,Deux véhicules - côté,,,,,,,,,,,5,2,3,1.0,3
201300039707,0013-11-07 16:45:00,13,11,7,16,45,920,48,"., CHARLES DESVERGNES (R",,,Plein jour,En agglomération,Intersection en T,Pluie légère,Autre collision,,,,,,,,,,,1,2,3,2.0,6
201300039708,0013-11-07 20:30:00,13,11,7,20,30,920,48,"., MARECHAL LECLERC (AVE",,,Nuit avec éclairage allumé,En agglomération,Intersection en T,Pluie légère,Deux véhicules - arrière,,,,,,,,,,,5,2,3,2.0,2
201300039709,0013-11-13 17:35:00,13,11,13,17,35,920,48,"., GENERAL GALLIENI (AVE",,,Crépuscule ou aube,En agglomération,Intersection en X,Normale,Autre collision,,,,,,,,,,,2,2,2,1.0,6
201300039710,0013-11-16 19:30:00,13,11,16,19,30,920,48,"89, GARDES (ROUTE DES) N",,,Nuit avec éclairage allumé,En agglomération,Hors intersection,Normale,Deux véhicules - côté,,,,,,,,,,,5,2,1,1.0,3
201300039711,0013-12-28 18:30:00,13,12,28,18,30,920,48,"., GENERAL DE GAULLE (AV",,,Plein jour,En agglomération,Giratoire,Normale,Autre collision,,,,,,,,,,,1,2,6,1.0,6
201300039712,0013-12-16 19:40:00,13,12,16,19,40,920,48,"02, VERRERIE (RUE DE LA)",,,Nuit avec éclairage allumé,En agglomération,Hors intersection,Normale,Sans collision,,,,,,,,,,,5,2,1,1.0,7
201300039713,0013-12-03 15:30:00,13,12,3,15,30,920,48,"., TERRE NEUVE (RUE)",,,Plein jour,Hors agglomération,Intersection en T,Normale,Deux véhicules - arrière,,,,,,,,,,,1,1,3,1.0,2
201300039714,0013-12-24 09:30:00,13,12,24,9,30,920,48,"., ROUTE DES BOIS BLANCS",,,Plein jour,Hors agglomération,Hors intersection,Normale,Sans collision,,,,,,,,,,,1,1,1,1.0,7
201300039715,0013-01-02 10:30:00,13,1,2,10,30,920,20,FRANCE RUE ANATOLE,,,Plein jour,En agglomération,Hors intersection,Normale,Autre collision,,,,,,,,,,,1,2,1,1.0,6
201300039716,0013-01-03 12:10:00,13,1,3,12,10,920,49,"71, ARNOUX AVENUE MAURIC",,,Plein jour,En agglomération,Hors intersection,Pluie légère,Deux véhicules - arrière,,,,,,,,,,,1,2,1,2.0,2
201300039717,0013-01-08 13:15:00,13,1,8,13,15,920,49,"15, PERI RUE GABRIEL N?1",,,Plein jour,En agglomération,Hors intersection,Normale,Autre collision,,,,,,,,,,,1,2,1,1.0,6
201300039718,0013-01-10 08:00:00,13,1,10,8,0,920,20,"9, LIBERTE BOULEVARD DE",,,Plein jour,En agglomération,Hors intersection,Pluie légère,Deux véhicules - côté,,,,,,,,,,,1,2,1,2.0,3
201300039719,0013-01-11 08:10:00,13,1,11,8,10,920,49,"53, GAMBETTA AVENUE LEON",,,Crépuscule ou aube,En agglomération,Hors intersection,Temps couvert,Autre collision,,,,,,,,,,,2,2,1,8.0,6
201300039720,0013-01-11 18:00:00,13,1,11,18,0,920,20,"103, PARIS AVENUE DE N?",,,Crépuscule ou aube,En agglomération,Hors intersection,Normale,Autre collision,,,,,,,,,,,2,2,1,1.0,6
201300039721,0013-01-11 19:50:00,13,1,11,19,50,920,20,"53, PERRIERE AVENUE CLEM",,,Nuit avec éclairage allumé,En agglomération,Hors intersection,Pluie légère,Sans collision,,,,,,,,,,,5,2,1,2.0,7
201300039722,0013-01-12 06:42:00,13,1,12,6,42,920,49,SALENGRO RUE ROGER AUTRE,,,Nuit avec éclairage allumé,En agglomération,Intersection en X,Pluie légère,Autre collision,,,,,,,,,,,5,2,2,2.0,6
201300039723,0013-01-16 09:30:00,13,1,16,9,30,920,49,"103, PERI RUE GABRIEL AU",,,Plein jour,En agglomération,Hors intersection,Neige / grêle,Autre collision,,,,,,,,,,,1,2,1,4.0,6
201300039724,0013-01-17 20:20:00,13,1,17,20,20,920,20,"115, VERDUN AVENUE DE AU",,,Nuit avec éclairage allumé,En agglomération,Intersection en T,Normale,Deux véhicules - côté,,,,,,,,,,,5,2,3,1.0,3
201300039725,0013-01-23 21:40:00,13,1,23,21,40,920,49,BROSSOLETTE AVENUE PIERR,,,Nuit avec éclairage allumé,En agglomération,Intersection en T,Normale,Deux véhicules - côté,,,,,,,,,,,5,2,3,1.0,3
201300039726,0013-01-27 15:30:00,13,1,27,15,30,920,20,"77, PARIS AVENUE DE N?2",,,Plein jour,En agglomération,Hors intersection,Normale,Autre collision,,,,,,,,,,,1,2,1,1.0,6
201300039727,0013-01-28 07:50:00,13,1,28,7,50,920,20,PARIS AVENUE DE N? IMPAI,,,Crépuscule ou aube,En agglomération,Intersection en X,Temps couvert,Autre collision,,,,,,,,,,,2,2,2,8.0,6
201300039728,0013-01-29 07:00:00,13,1,29,7,0,920,20,REPUBLIQUE AV. N?1 A 25,,,Nuit avec éclairage allumé,En agglomération,Intersection en X,Pluie forte,Deux véhicules - côté,,,,,,,,,,,5,2,2,3.0,3
201300039729,0013-01-31 08:20:00,13,1,31,8,20,920,20,"200, PARIS AVENUE DE N?8",,,Plein jour,En agglomération,Hors intersection,Normale,Autre collision,,,,,,,,,,,1,2,1,1.0,6
201300039730,0013-02-05 08:20:00,13,2,5,8,20,920,49,"56, ARNOUX AVENUE MAURIC",,,Plein jour,En agglomération,Intersection en T,Pluie légère,Autre collision,,,,,,,,,,,1,2,3,2.0,6
201300039731,0013-02-06 17:30:00,13,2,6,17,30,920,20,"25, PARIS AVENUE DE N? I",,,Plein jour,En agglomération,Autre intersection,Normale,Deux véhicules - côté,,,,,,,,,,,1,2,9,1.0,3
201300039732,0013-02-06 23:40:00,13,2,6,23,40,920,20,REPUBLIQUE AV. AUTRES N?,,,Nuit avec éclairage allumé,En agglomération,Giratoire,Pluie légère,Deux véhicules - frontale,,,,,,,,,,,5,2,6,2.0,1
201300039733,0013-02-07 11:05:00,13,2,7,11,5,920,49,VERDIER AVENUE AUTRES N?,,,Plein jour,En agglomération,Intersection en X,Normale,Autre collision,,,,,,,,,,,1,2,2,1.0,6
201300039734,0013-02-07 16:55:00,13,2,7,16,55,920,20,"32, REPUBLIQUE AV. N?1 A",,,Plein jour,En agglomération,Hors intersection,Temps couvert,Deux véhicules - côté,,,,,,,,,,,1,2,1,8.0,3
201300039735,0013-02-08 08:25:00,13,2,8,8,25,920,20,"38, FONTENAY RUE DE AUTR",,,Plein jour,En agglomération,Hors intersection,Pluie légère,Deux véhicules - côté,,,,,,,,,,,1,2,1,2.0,3
201300039736,0013-02-11 18:40:00,13,2,11,18,40,920,49,"250, DORMOY AVENUE MARX",,,Nuit avec éclairage non allumé,En agglomération,Hors intersection,Normale,Autre collision,,,,,,,,,,,4,2,1,1.0,6
201300039737,0013-02-11 08:35:00,13,2,11,8,35,920,20,"94, LIBERTE BOULEVARD DE",,,Plein jour,Hors agglomération,Hors intersection,Pluie légère,Deux véhicules - côté,,,,,,,,,,,1,1,1,2.0,3
201300039738,0013-02-14 07:50:00,13,2,14,7,50,920,20,MARCEAU RUE,,,Plein jour,En agglomération,Hors intersection,Autre,Sans collision,,,,,,,,,,,1,2,1,9.0,7
201300039739,0013-02-15 14:00:00,13,2,15,14,0,920,49,"119, BRIAND AVENUE ARIST",,,Plein jour,En agglomération,Hors intersection,Neige / grêle,Autre collision,,,,,,,,,,,1,2,1,4.0,6
201300039740,0013-02-21 13:35:00,13,2,21,13,35,920,20,"184, PARIS AVENUE DE N?8",,,Plein jour,En agglomération,Hors intersection,Normale,Autre collision,,,,,,,,,,,1,2,1,1.0,6
201300039741,0013-02-25 15:00:00,13,2,25,15,0,920,49,"64, BROSSOLETTE AVENUE P",,,Plein jour,En agglomération,Hors intersection,Neige / grêle,Autre collision,,,,,,,,,,,1,2,1,4.0,6
201300039742,0013-02-26 20:45:00,13,2,26,20,45,920,20,"44, VANVES BOULEVARD DE",,,Nuit avec éclairage allumé,En agglomération,Intersection en T,Normale,Deux véhicules - arrière,,,,,,,,,,,5,2,3,1.0,2
201300039743,0013-03-02 16:50:00,13,3,2,16,50,920,20,REPUBLIQUE AV. AUTRES N?,,,Plein jour,En agglomération,Hors intersection,Normale,Sans collision,,,,,,,,,,,1,2,1,1.0,7
201300039744,0013-03-04 14:55:00,13,3,4,14,55,920,20,"67, BROSSOLETTE RUE PIER",,,Plein jour,En agglomération,Hors intersection,Normale,Sans collision,,,,,,,,,,,1,2,1,1.0,7
201300039745,0013-03-05 07:22:00,13,3,5,7,22,920,20,"151, PARIS AVENUE DE N?",,,Plein jour,En agglomération,Intersection en X,Normale,Deux véhicules - côté,,,,,,,,,,,1,2,2,1.0,3
201300039746,0013-03-05 12:00:00,13,3,5,12,0,920,20,"36, PERROTIN RUE",,,Plein jour,En agglomération,Hors intersection,Normale,Autre collision,,,,,,,,,,,1,2,1,1.0,6
201300039747,0013-03-05 15:35:00,13,3,5,15,35,920,49,ARNOUX AVENUE MAURICE AU,,,Plein jour,En agglomération,Intersection en T,Normale,Deux véhicules - côté,,,,,,,,,,,1,2,3,1.0,3
201300039748,0013-03-14 16:55:00,13,3,14,16,55,920,49,"43, REPUBLIQUE AVENUE DE",,,Plein jour,En agglomération,Intersection à plus de 4 branches,Normale,Autre collision,,,,,,,,,,,1,2,5,1.0,6
201300039749,0013-03-09 17:20:00,13,3,9,17,20,920,20,VEDRINES RUE JULES,,,Plein jour,En agglomération,Intersection en X,Normale,Autre collision,,,,,,,,,,,1,2,2,1.0,6
201300039750,0013-03-20 14:30:00,13,3,20,14,30,920,49,"43, REPUBLIQUE AVENUE DE",,,Plein jour,En agglomération,Intersection en T,Normale,Deux véhicules - côté,,,,,,,,,,,1,2,3,1.0,3
201300039751,0013-03-22 08:55:00,13,3,22,8,55,920,20,"28, GAY-LUSSAC RUE N? PA",,,Plein jour,En agglomération,Hors intersection,Normale,Sans collision,,,,,,,,,,,1,2,1,1.0,7
201300039752,0013-03-22 20:30:00,13,3,22,20,30,920,49,"79, BROSSOLETTE AVENUE P",,,Nuit avec éclairage allumé,En agglomération,Hors intersection,Normale,Autre collision,,,,,,,,,,,5,2,1,1.0,6
201300039753,0013-03-25 11:45:00,13,3,25,11,45,920,49,BROSSOLETTE AVENUE PIERR,,,Plein jour,En agglomération,Hors intersection,Normale,Deux véhicules - côté,,,,,,,,,,,1,2,1,1.0,3
201300039754,0013-03-26 11:25:00,13,3,26,11,25,920,20,"49, PARIS AVENUE DE N? I",,,Plein jour,En agglomération,Intersection en T,Normale,Autre collision,,,,,,,,,,,1,2,3,1.0,6
201300039755,0013-03-26 14:20:00,13,3,26,14,20,920,49,BARBES RUE,,,Plein jour,En agglomération,Intersection en X,Normale,Deux véhicules - côté,,,,,,,,,,,1,2,2,1.0,3
201300039756,0013-03-28 18:00:00,13,3,28,18,0,920,49,"58, PERI RUE GABRIEL N?3",,,Plein jour,En agglomération,Hors intersection,Normale,Autre collision,,,,,,,,,,,1,2,1,1.0,6
201300039757,0013-03-28 18:00:00,13,3,28,18,0,920,49,"56, BRIAND AVENUE ARISTI",,,Plein jour,En agglomération,Hors intersection,Normale,Deux véhicules - côté,,,,,,,,,,,1,2,1,1.0,3
201300039758,0013-03-29 16:25:00,13,3,29,16,25,920,20,8 MAI 45 CARREFOUR DU,,,Plein jour,En agglomération,Place,Normale,Deux véhicules - côté,,,,,,,,,,,1,2,7,1.0,3
201300039759,0013-03-30 20:00:00,13,3,30,20,0,920,49,BROSSOLETTE AVENUE PIERR,,,Nuit avec éclairage allumé,En agglomération,Intersection en X,Normale,Deux véhicules - côté,,,,,,,,,,,5,2,2,1.0,3
201300039760,0013-03-31 03:35:00,13,3,31,3,35,920,20,"15, PIERRELAIS RUE DES",,,Nuit avec éclairage allumé,En agglomération,Hors intersection,Normale,Sans collision,,,,,,,,,,,5,2,1,1.0,7
201300039761,0013-04-03 16:25:00,13,4,3,16,25,920,20,"12, VANVES BOULEVARD DE",,,Plein jour,En agglomération,Hors intersection,Normale,Autre collision,,,,,,,,,,,1,2,1,1.0,6
201300039762,0013-04-03 16:52:00,13,4,3,16,52,920,49,"112, JAURES AVENUE JEAN",,,Plein jour,En agglomération,Hors intersection,Normale,Autre collision,,,,,,,,,,,1,2,1,1.0,6
201300039763,0013-04-09 11:40:00,13,4,9,11,40,920,49,"48, CARVES RUE",,,Plein jour,En agglomération,Hors intersection,Normale,Sans collision,,,,,,,,,,,1,2,1,1.0,7
201300039764,0013-04-09 15:45:00,13,4,9,15,45,920,49,"56, BRIAND AVENUE ARISTI",,,Plein jour,En agglomération,Autre intersection,Pluie légère,Deux véhicules - côté,,,,,,,,,,,1,2,9,2.0,3
201300039765,0013-04-10 19:25:00,13,4,10,19,25,920,20,"53, LIBERTE BOULEVARD DE",,,Plein jour,En agglomération,Intersection en X,Pluie légère,Autre collision,,,,,,,,,,,1,2,2,2.0,6
201300039766,0013-04-10 22:50:00,13,4,10,22,50,920,49,"105, BRIAND AVENUE ARIST",,,Nuit avec éclairage allumé,En agglomération,Hors intersection,Pluie forte,Autre collision,,,,,,,,,,,5,2,1,3.0,6
201300039767,0013-04-10 09:20:00,13,4,10,9,20,920,49,"205, BROSSOLETTE AVENUE",,,Plein jour,En agglomération,Hors intersection,Pluie légère,Autre collision,,,,,,,,,,,1,2,1,2.0,6
201300039768,0013-04-24 11:35:00,13,4,24,11,35,920,20,"6, PERI RUE GABRIEL",,,Plein jour,En agglomération,Hors intersection,Normale,Autre collision,,,,,,,,,,,1,2,1,1.0,6
201300039769,0013-04-26 08:35:00,13,4,26,8,35,920,20,"105, VERDUN AVENUE DE AU",,,Plein jour,En agglomération,Hors intersection,Normale,Deux véhicules - frontale,,,,,,,,,,,1,2,1,1.0,1
201300039770,0013-04-29 17:30:00,13,4,29,17,30,920,20,LIBERTE BOULEVARD DE LA,,,Plein jour,En agglomération,Intersection en X,Normale,Deux véhicules - frontale,,,,,,,,,,,1,2,2,1.0,1
201300039771,0013-04-30 19:15:00,13,4,30,19,15,920,49,BRIAND AVENUE ARISTIDE N,,,Plein jour,En agglomération,Hors intersection,Pluie légère,Deux véhicules - arrière,,,,,,,,,,,1,2,1,2.0,2
201300039772,0013-05-05 12:30:00,13,5,5,12,30,920,49,"53, BRIAND AVENUE ARISTI",,,Plein jour,En agglomération,Intersection en X,Normale,Deux véhicules - côté,,,,,,,,,,,1,2,2,1.0,3
201300039773,0013-05-13 08:46:00,13,5,13,8,46,920,49,BROSSOLETTE AVENUE PIERR,,,Plein jour,En agglomération,Intersection en X,Normale,Deux véhicules - côté,,,,,,,,,,,1,2,2,1.0,3
201300039774,0013-05-13 18:00:00,13,5,13,18,0,920,20,GATINOT RUE HENRI,,,Plein jour,En agglomération,Hors intersection,Normale,Autre collision,,,,,,,,,,,1,2,1,1.0,6
201300039775,0013-05-16 08:15:00,13,5,16,8,15,920,20,"13, CHARTRES RUE DE",,,Plein jour,En agglomération,Hors intersection,Pluie légère,Autre collision,,,,,,,,,,,1,2,1,2.0,6
201300039776,0013-05-24 07:50:00,13,5,24,7,50,920,49,DORMOY AVENUE MARX N?2 A,,,Plein jour,En agglomération,Intersection en T,Normale,Deux véhicules - côté,,,,,,,,,,,1,2,3,1.0,3
201300039777,0013-05-24 22:50:00,13,5,24,22,50,920,49,BRIAND AVENUE ARISTIDE N,,,Nuit avec éclairage allumé,En agglomération,Hors intersection,Pluie légère,Autre collision,,,,,,,,,,,5,2,1,2.0,6
201300039778,0013-05-25 04:10:00,13,5,25,4,10,920,20,"92, LIBERTE BOULEVARD DE",,,Nuit avec éclairage allumé,En agglomération,Hors intersection,Pluie légère,Autre collision,,,,,,,,,,,5,2,1,2.0,6
201300039779,0013-06-06 20:08:00,13,6,6,20,8,920,20,"47, PIERRELAIS RUE DES",,,Crépuscule ou aube,En agglomération,Hors intersection,Normale,Autre collision,,,,,,,,,,,2,2,1,1.0,6
201300039780,0013-06-12 17:15:00,13,6,12,17,15,920,20,PARIS AVENUE DE N? IMPAI,,,Plein jour,En agglomération,Intersection en X,Normale,Deux véhicules - côté,,,,,,,,,,,1,2,2,1.0,3
201300039781,0013-06-14 10:05:00,13,6,14,10,5,920,20,PARIS AVENUE DE N? IMPAI,,,Plein jour,En agglomération,Intersection en X,Normale,Deux véhicules - côté,,,,,,,,,,,1,2,2,1.0,3
201300039782,0013-06-16 13:00:00,13,6,16,13,0,920,49,"62, LECLERC PLACE DU GEN",,,Plein jour,En agglomération,Hors intersection,Normale,Deux véhicules - frontale,,,,,,,,,,,1,2,1,1.0,1
201300039783,0013-06-20 01:15:00,13,6,20,1,15,920,20,"167, PARIS AVENUE DE N?",,,Nuit avec éclairage allumé,En agglomération,Hors intersection,Pluie forte,Autre collision,,,,,,,,,,,5,2,1,3.0,6
201300039784,0013-06-20 09:15:00,13,6,20,9,15,920,20,"14, SEMARD RUE P. N?1 A",,,Plein jour,En agglomération,Hors intersection,Normale,Deux véhicules - côté,,,,,,,,,,,1,2,1,1.0,3
201300039785,0013-06-23 11:50:00,13,6,23,11,50,920,49,"82, BRIAND AVENUE ARISTI",,,Plein jour,En agglomération,Hors intersection,Normale,Autre collision,,,,,,,,,,,1,2,1,1.0,6
201300039786,0013-06-21 19:20:00,13,6,21,19,20,920,49,JAURES AVENUE JEAN N?52,,,Plein jour,En agglomération,Hors intersection,Normale,Deux véhicules - arrière,,,,,,,,,,,1,2,1,1.0,2
201300039787,0013-06-25 11:15:00,13,6,25,11,15,920,20,"58, DEFORGES RUE ETIENNE",,,Plein jour,En agglomération,Intersection en X,Normale,Deux véhicules - côté,,,,,,,,,,,1,2,2,1.0,3
201300039788,0013-06-26 10:05:00,13,6,26,10,5,920,49,BRIAND AVENUE ARISTIDE A,,,Plein jour,En agglomération,Hors intersection,Normale,Deux véhicules - arrière,,,,,,,,,,,1,2,1,1.0,2
201300039789,0013-07-03 12:40:00,13,7,3,12,40,920,49,"58, PERI RUE GABRIEL AUT",,,Plein jour,En agglomération,Hors intersection,Normale,Autre collision,,,,,,,,,,,1,2,1,1.0,6
201300039790,0013-07-06 13:50:00,13,7,6,13,50,920,20,VERDUN AVENUE DE AUTRES,,,Plein jour,En agglomération,Intersection en X,Normale,Deux véhicules - côté,,,,,,,,,,,1,2,2,1.0,3
201300039791,0013-07-10 10:35:00,13,7,10,10,35,920,20,"83, PAIX AVENUE DE LA  A",,,Plein jour,En agglomération,Intersection en T,Normale,Deux véhicules - côté,,,,,,,,,,,1,2,3,1.0,3
201300039792,0013-07-15 12:15:00,13,7,15,12,15,920,49,"97, BRIAND AVENUE ARISTI",,,Plein jour,En agglomération,Hors intersection,Normale,Autre collision,,,,,,,,,,,1,2,1,1.0,6
201300039793,0013-07-15 15:55:00,13,7,15,15,55,920,20,PERROTIN RUE,,,Plein jour,En agglomération,Hors intersection,Normale,Trois véhicules et plus - collisions multiples,,,,,,,,,,,1,2,1,1.0,5
201300039794,0013-07-17 08:45:00,13,7,17,8,45,920,20,"222, PARIS AVENUE DE N?8",,,Plein jour,En agglomération,Hors intersection,Normale,Sans collision,,,,,,,,,,,1,2,1,1.0,7
201300039795,0013-07-20 00:15:00,13,7,20,0,15,920,20,"169, PARIS AVENUE DE N?",,,Nuit avec éclairage allumé,En agglomération,Hors intersection,Normale,Autre collision,,,,,,,,,,,5,2,1,1.0,6
201300039796,0013-07-21 10:15:00,13,7,21,10,15,920,49,"33, VERDUN AVENUE DE",,,Plein jour,En agglomération,Hors intersection,Normale,Autre collision,,,,,,,,,,,1,2,1,1.0,6
201300039797,0013-07-21 19:00:00,13,7,21,19,0,920,20,"57, BOIN RUE JEAN",,,Plein jour,En agglomération,Hors intersection,Normale,Autre collision,,,,,,,,,,,1,2,1,1.0,6