accident_id,datetime,annee,mois,jour,heure,minute,departement,commune_insee,adresse,latitude,longitude,luminosite,agglomeration,intersection,meteo,collision,nb_vehicules,nb_usagers,nb_indemnes,nb_tues,nb_blesses_hosp,nb_blesses_legers,age_cond_1,age_cond_2,veh_type_cond_1,veh_type_cond_2,lum_code,agg_code,int_code,atm_code,col_code
201300040056,0013-05-26 15:05:00,13,5,26,15,5,920,51,"68bis, MAURICE BARRES (B",,,Plein jour,En agglomération,Hors intersection,Normale,Deux véhicules - côté,,,,,,,,,,,1,2,1,1.0,3
201300040057,0013-05-27 08:45:00,13,5,27,8,45,920,51,"165, BINEAU (BOULEVARD,",,,Plein jour,En agglomération,Hors intersection,Normale,Deux véhicules - arrière,,,,,,,,,,,1,2,1,1.0,2
201300040058,0013-05-30 22:00:00,13,5,30,22,0,920,51,"54, BINEAU (BOULEVARD, N",,,Nuit avec éclairage allumé,En agglomération,Hors intersection,Pluie forte,Autre collision,,,,,,,,,,,5,2,1,3.0,6
201300040059,0013-05-31 18:50:00,13,5,31,18,50,920,51,"35, CHEZY (RUE DE, N? 21",,,Plein jour,En agglomération,Hors intersection,Normale,Deux véhicules - côté,,,,,,,,,,,1,2,1,1.0,3
201300040060,0013-06-01 02:00:00,13,6,1,2,0,920,51,"217, BINEAU (BOULEVARD,",,,Nuit avec éclairage allumé,En agglomération,Hors intersection,Normale,Deux véhicules - arrière,,,,,,,,,,,5,2,1,1.0,2
201300040061,0013-06-09 11:45:00,13,6,9,11,45,920,51,"11, PAUL DEROULEDE (RUE)",,,Plein jour,En agglomération,Hors intersection,Normale,Autre collision,,,,,,,,,,,1,2,1,1.0,6
201300040062,0013-06-09 18:40:00,13,6,9,18,40,920,51,"71, CHARLES DE GAULLE (A",,,Plein jour,En agglomération,Hors intersection,Pluie légère,Deux véhicules - arrière,,,,,,,,,,,1,2,1,2.0,2
201300040063,0013-06-10 21:05:00,13,6,10,21,5,920,51,"199, CHARLES DE GAULLE (",,,Crépuscule ou aube,En agglomération,Hors intersection,Normale,Autre collision,,,,,,,,,,,2,2,1,1.0,6
201300040064,0013-06-10 14:40:00,13,6,10,14,40,920,51,"71, CHARLES DE GAULLE (A",,,Plein jour,En agglomération,Hors intersection,Normale,Deux véhicules - arrière,,,,,,,,,,,1,2,1,1.0,2
201300040065,0013-06-14 14:20:00,13,6,14,14,20,920,51,"132, CHARLES DE GAULLE (",,,Plein jour,En agglomération,Hors intersection,Normale,Deux véhicules - arrière,,,,,,,,,,,1,2,1,1.0,2
201300040066,0013-06-26 10:40:00,13,6,26,10,40,920,51,"90, VICTOR HUGO (BOULEVA",,,Plein jour,En agglomération,Hors intersection,Normale,Autre collision,,,,,,,,,,,1,2,1,1.0,6
201300040067,0013-05-27 15:50:00,13,5,27,15,50,920,51,"64, BINEAU (BOULEVARD, N",,,Plein jour,En agglomération,Hors intersection,Normale,Deux véhicules - arrière,,,,,,,,,,,1,2,1,1.0,2
201300040068,0013-07-08 12:05:00,13,7,8,12,5,920,51,"62, CHARLES DE GAULLE (A",,,Plein jour,En agglomération,Hors intersection,Normale,Deux véhicules - arrière,,,,,,,,,,,1,2,1,1.0,2
201300040069,0013-06-22 03:20:00,13,6,22,3,20,920,51,"113, GENERAL KOENIG (BOU",,,Nuit avec éclairage allumé,En agglomération,Hors intersection,Normale,Autre collision,,,,,,,,,,,5,2,1,1.0,6
201300040070,0013-06-04 09:25:00,13,6,4,9,25,920,51,"20, PAUL CHATROUSSE (RUE",,,Plein jour,En agglomération,Hors intersection,Normale,Autre collision,,,,,,,,,,,1,2,1,1.0,6
201300040071,0013-06-06 09:45:00,13,6,6,9,45,920,51,"115, CHARLES DE GAULLE (",,,Plein jour,En agglomération,Hors intersection,Normale,Trois véhicules et plus - collisions multiples,,,,,,,,,,,1,2,1,1.0,5
201300040072,0013-06-06 17:00:00,13,6,6,17,0,920,51,"37bis, VILLIERS (RUE DE,",,,Plein jour,En agglomération,Hors intersection,Normale,Autre collision,,,,,,,,,,,1,2,1,1.0,6
201300040073,0013-06-11 17:00:00,13,6,11,17,0,920,51,"90, CHARLES DE GAULLE (A",,,Plein jour,En agglomération,Hors intersection,Normale,Autre collision,,,,,,,,,,,1,2,1,1.0,6
201300040074,0013-06-12 07:50:00,13,6,12,7,50,920,51,"195, BINEAU (BOULEVARD,",,,Plein jour,En agglomération,Hors intersection,Normale,Autre collision,,,,,,,,,,,1,2,1,1.0,6
201300040075,0013-07-24 05:00:00,13,7,24,5,0,920,51,"120, MAURICE BARRES (BOU",,,Nuit avec éclairage allumé,En agglomération,Hors intersection,Temps couvert,Autre collision,,,,,,,,,,,5,2,1,8.0,6
201300040076,0013-07-22 16:50:00,13,7,22,16,50,920,51,"13, RICHARD WALLACE (BOU",,,Plein jour,En agglomération,Hors intersection,Normale,Autre collision,,,,,,,,,,,1,2,1,1.0,6
201300040077,0013-08-03 09:30:00,13,8,3,9,30,920,51,"162, BINEAU (BOULEVARD,",,,Plein jour,En agglomération,Hors intersection,Normale,Autre collision,,,,,,,,,,,1,2,1,1.0,6
201300040078,0013-06-21 07:40:00,13,6,21,7,40,920,51,"3, PARMENTIER (PLACE)",,,Plein jour,En agglomération,Hors intersection,Normale,Autre collision,,,,,,,,,,,1,2,1,1.0,6
201300040079,0013-06-28 17:05:00,13,6,28,17,5,920,51,"9B ? 13, RICHARD WALLACE",,,Plein jour,En agglomération,Hors intersection,Normale,Deux véhicules - côté,,,,,,,,,,,1,2,1,1.0,3
201300040080,0013-07-03 11:50:00,13,7,3,11,50,920,51,"55, VICTOR HUGO (BOULEVA",,,Plein jour,En agglomération,Hors intersection,Temps couvert,Deux véhicules - côté,,,,,,,,,,,1,2,1,8.0,3
201300040081,0013-07-11 16:30:00,13,7,11,16,30,920,51,"29, VILLIERS (RUE DE, N?",,,Plein jour,En agglomération,Hors intersection,Normale,Autre collision,,,,,,,,,,,1,2,1,1.0,6
201300040082,0013-07-12 12:21:00,13,7,12,12,21,920,51,"36, CHARLES DE GAULLE (A",,,Plein jour,En agglomération,Hors intersection,Normale,Autre collision,,,,,,,,,,,1,2,1,1.0,6
201300040083,0013-07-08 12:50:00,13,7,8,12,50,920,51,"127, CHARLES DE GAULLE (",,,Plein jour,En agglomération,Hors intersection,Normale,Deux véhicules - arrière,,,,,,,,,,,1,2,1,1.0,2
201300040084,0013-07-11 20:15:00,13,7,11,20,15,920,51,"26, CHATEAU (BOULEVARD D",,,Plein jour,En agglomération,Hors intersection,Normale,Deux véhicules - côté,,,,,,,,,,,1,2,1,1.0,3
201300040085,0013-07-15 20:05:00,13,7,15,20,5,920,51,"06, MAILLOT (BOULEVARD)",,,Plein jour,En agglomération,Hors intersection,Normale,Autre collision,,,,,,,,,,,1,2,1,1.0,6
201300040086,0013-08-21 18:00:00,13,8,21,18,0,920,51,"122, CHARLES DE GAULLE (",,,Plein jour,En agglomération,Hors intersection,Normale,Deux véhicules - côté,,,,,,,,,,,1,2,1,1.0,3
201300040087,0013-10-07 15:45:00,13,10,7,15,45,920,51,"67, GEORGES SEURAT (BOUL",,,Plein jour,En agglomération,Hors intersection,Normale,Deux véhicules - arrière,,,,,,,,,,,1,2,1,1.0,2
201300040088,0013-08-20 12:30:00,13,8,20,12,30,920,51,"201, CHARLES DE GAULLE (",,,Crépuscule ou aube,En agglomération,Hors intersection,Normale,Deux véhicules - côté,,,,,,,,,,,2,2,1,1.0,3
201300040089,0013-10-13 13:20:00,13,10,13,13,20,920,51,"41, CHARLES DE GAULLE (A",,,Plein jour,En agglomération,Hors intersection,Normale,Deux véhicules - arrière,,,,,,,,,,,1,2,1,1.0,2
201300040090,0013-07-17 07:50:00,13,7,17,7,50,920,51,"199, CHARLES DE GAULLE (",,,Plein jour,En agglomération,Hors intersection,Normale,Deux véhicules - arrière,,,,,,,,,,,1,2,1,1.0,2
201300040091,0013-07-17 22:30:00,13,7,17,22,30,920,51,"68, MAURICE BARRES (BOUL",,,Nuit avec éclairage allumé,En agglomération,Hors intersection,Normale,Autre collision,,,,,,,,,,,5,2,1,1.0,6
201300040092,0013-07-16 08:30:00,13,7,16,8,30,920,51,"18, CHARLES DE GAULLE (A",,,Plein jour,En agglomération,Hors intersection,Normale,Deux véhicules - côté,,,,,,,,,,,1,2,1,1.0,3
201300040093,0013-07-28 17:25:00,13,7,28,17,25,920,51,"60, MAURICE BARRES (BOUL",,,Plein jour,En agglomération,Hors intersection,Normale,Deux véhicules - côté,,,,,,,,,,,1,2,1,1.0,3
201300040094,0013-07-17 12:55:00,13,7,17,12,55,920,51,"134, BINEAU (BOULEVARD,",,,Plein jour,En agglomération,Hors intersection,Normale,Deux véhicules - côté,,,,,,,,,,,1,2,1,1.0,3
201300040095,0013-07-16 09:30:00,13,7,16,9,30,920,51,"04, MADRID (AVENUE DE)",,,Plein jour,En agglomération,Hors intersection,Normale,Autre collision,,,,,,,,,,,1,2,1,1.0,6
201300040096,0013-08-02 20:30:00,13,8,2,20,30,920,51,"204, BINEAU (BOULEVARD,",,,Plein jour,En agglomération,Hors intersection,Normale,Sans collision,,,,,,,,,,,1,2,1,1.0,7
201300040097,0013-08-12 19:30:00,13,8,12,19,30,920,51,"92, BINEAU (BOULEVARD, N",,,Plein jour,En agglomération,Hors intersection,Temps éblouissant,Autre collision,,,,,,,,,,,1,2,1,7.0,6
201300040098,0013-08-07 10:45:00,13,8,7,10,45,920,51,"79?81, BINEAU (BOULEVARD",,,Plein jour,En agglomération,Intersection en X,Pluie légère,Deux véhicules - côté,,,,,,,,,,,1,2,2,2.0,3
201300040099,0013-11-14 19:45:00,13,11,14,19,45,920,51,"02, JACQUES DULUD (RUE)",,,Nuit avec éclairage allumé,En agglomération,Intersection en Y,Normale,Autre collision,,,,,,,,,,,5,2,4,1.0,6
201300040100,0013-09-20 02:50:00,13,9,20,2,50,920,51,"23, GENERAL KOENIG (BOUL",,,Nuit avec éclairage allumé,En agglomération,Hors intersection,Normale,Sans collision,,,,,,,,,,,5,2,1,1.0,7
201300040101,0013-10-02 16:55:00,13,10,2,16,55,920,51,"146, CHARLES DE GAULLE (",,,Plein jour,En agglomération,Hors intersection,Normale,Autre collision,,,,,,,,,,,1,2,1,1.0,6
201300040102,0013-09-04 19:38:00,13,9,4,19,38,920,51,"28, YBRY (RUE)",,,Plein jour,En agglomération,Hors intersection,Normale,Autre collision,,,,,,,,,,,1,2,1,1.0,6
201300040103,0013-10-11 01:55:00,13,10,11,1,55,920,51,"105, CHARLES DE GAULLE (",,,Nuit avec éclairage allumé,En agglomération,Hors intersection,Normale,Deux véhicules - côté,,,,,,,,,,,5,2,1,1.0,3
201300040104,0013-09-10 22:10:00,13,9,10,22,10,920,51,"79, BINEAU (BOULEVARD, N",,,Nuit avec éclairage allumé,En agglomération,Intersection en X,Normale,Autre collision,,,,,,,,,,,5,2,2,1.0,6
201300040105,0013-09-02 13:10:00,13,9,2,13,10,920,51,"36, INKERMANN (BOULEVARD",,,Plein jour,En agglomération,Intersection en X,Normale,Autre collision,,,,,,,,,,,1,2,2,1.0,6
201300040106,0013-10-19 07:45:00,13,10,19,7,45,920,51,"182, BINEAU (BOULEVARD,",,,Crépuscule ou aube,En agglomération,Hors intersection,Normale,Trois véhicules et plus - en chaîne,,,,,,,,,,,2,2,1,1.0,4
201300040107,0013-09-28 12:40:00,13,9,28,12,40,920,51,"66, BOURDON (BOULEVARD)",,,Plein jour,En agglomération,Intersection en T,Normale,Deux véhicules - côté,,,,,,,,,,,1,2,3,1.0,3
201300040108,0013-10-24 17:45:00,13,10,24,17,45,920,51,"76, ROULE (AVENUE DU, N?",,,Plein jour,En agglomération,Hors intersection,Normale,Trois véhicules et plus - en chaîne,,,,,,,,,,,1,2,1,1.0,4
201300040109,0013-09-12 03:00:00,13,9,12,3,0,920,51,"25, MONTROSIER (RUE)",,,Nuit avec éclairage allumé,En agglomération,Hors intersection,Normale,Autre collision,,,,,,,,,,,5,2,1,1.0,6
201300040110,0013-09-10 19:05:00,13,9,10,19,5,920,51,"83, LONGCHAMP (RUE DE)",,,Plein jour,En agglomération,Hors intersection,Normale,Sans collision,,,,,,,,,,,1,2,1,1.0,7
201300040111,0013-10-29 10:58:00,13,10,29,10,58,920,51,"43, CHARTRES (RUE DE )",,,Plein jour,En agglomération,Hors intersection,Normale,Autre collision,,,,,,,,,,,1,2,1,1.0,6
201300040112,0013-11-06 19:00:00,13,11,6,19,0,920,51,"182, BINEAU (BOULEVARD,",,,Nuit avec éclairage allumé,En agglomération,Hors intersection,Normale,Deux véhicules - côté,,,,,,,,,,,5,2,1,1.0,3
201300040113,0013-11-06 08:20:00,13,11,6,8,20,920,51,"72?80, CHARLES DE GAULLE",,,Plein jour,En agglomération,Hors intersection,Pluie légère,Deux véhicules - côté,,,,,,,,,,,1,2,1,2.0,3
201300040114,0013-09-17 19:00:00,13,9,17,19,0,920,51,"97, ROULE (AVENUE DU, N?",,,Crépuscule ou aube,En agglomération,Hors intersection,Pluie forte,Autre collision,,,,,,,,,,,2,2,1,3.0,6
201300040115,0013-09-24 13:00:00,13,9,24,13,0,920,51,"89, BINEAU (BOULEVARD, N",,,Plein jour,En agglomération,Hors intersection,Normale,Autre collision,,,,,,,,,,,1,2,1,1.0,6
201300040116,0013-11-06 12:00:00,13,11,6,12,0,920,51,"2, SABLONS (BOULEVARD DE",,,Plein jour,En agglomération,Intersection en X,Normale,Deux véhicules - côté,,,,,,,,,,,1,2,2,1.0,3
201300040117,0013-10-07 17:45:00,13,10,7,17,45,920,51,"23, VILLIERS (RUE DE, N?",,,Plein jour,En agglomération,Hors intersection,Normale,Autre collision,,,,,,,,,,,1,2,1,1.0,6
201300040118,0013-10-09 16:20:00,13,10,9,16,20,920,51,"37, GENERAL LECLERC (BOU",,,Plein jour,En agglomération,Hors intersection,Temps couvert,Deux véhicules - arrière,,,,,,,,,,,1,2,1,8.0,2
201300040119,0013-11-27 18:45:00,13,11,27,18,45,920,51,"19, ANCELLE (RUE)",,,Nuit avec éclairage allumé,En agglomération,Intersection en X,Normale,Autre collision,,,,,,,,,,,5,2,2,1.0,6
201300040120,0013-10-04 20:00:00,13,10,4,20,0,920,51,"125, GENERAL KOENIG (BOU",,,Nuit avec éclairage allumé,En agglomération,Hors intersection,Normale,Deux véhicules - arrière,,,,,,,,,,,5,2,1,1.0,2
201300040121,0013-10-15 19:10:00,13,10,15,19,10,920,51,"145, ROULE (AVENUE DU, N",,,Crépuscule ou aube,En agglomération,Hors intersection,Normale,Autre collision,,,,,,,,,,,2,2,1,1.0,6
201300040122,0013-11-30 13:40:00,13,11,30,13,40,920,51,"195, BINEAU (BOULEVARD,",,,Plein jour,En agglomération,Hors intersection,Normale,Deux véhicules - arrière,,,,,,,,,,,1,2,1,1.0,2
201300040123,0013-10-16 12:30:00,13,10,16,12,30,920,51,"35, SAUSSAYE (BOULEVARD",,,Plein jour,En agglomération,Hors intersection,Normale,Autre collision,,,,,,,,,,,1,2,1,1.0,6
201300040124,0013-10-16 19:40:00,13,10,16,19,40,920,51,"18, CHATEAU (BOULEVARD D",,,Nuit avec éclairage allumé,En agglomération,Intersection en X,Pluie légère,Deux véhicules - côté,,,,,,,,,,,5,2,2,2.0,3
201300040125,0013-10-23 21:05:00,13,10,23,21,5,920,51,"31, GENERAL KOENIG (BOUL",,,Nuit avec éclairage allumé,En agglomération,Hors intersection,Normale,Autre collision,,,,,,,,,,,5,2,1,1.0,6
201300040126,0013-10-25 19:05:00,13,10,25,19,5,920,51,"135, ACHILLE PERETTI (AV",,,Nuit avec éclairage allumé,En agglomération,Intersection en X,Pluie légère,Deux véhicules - côté,,,,,,,,,,,5,2,2,2.0,3
201300040127,0013-10-29 23:15:00,13,10,29,23,15,920,51,"10, MADRID (AVENUE DE)",,,Nuit avec éclairage allumé,En agglomération,Hors intersection,Temps couvert,Deux véhicules - côté,,,,,,,,,,,5,2,1,8.0,3
201300040128,0013-10-21 12:50:00,13,10,21,12,50,920,51,"68, GENERAL KOENIG (BOUL",,,Plein jour,En agglomération,Hors intersection,Normale,Deux véhicules - arrière,,,,,,,,,,,1,2,1,1.0,2
201300040129,0013-11-19 12:50:00,13,11,19,12,50,920,51,"68, GENERAL KOENIG (BOUL",,,Plein jour,En agglomération,Hors intersection,Normale,Deux véhicules - arrière,,,,,,,,,,,1,2,1,1.0,2
201300040130,0013-12-05 18:10:00,13,12,5,18,10,920,51,"221, CHARLES DE GAULLE (",,,Nuit avec éclairage non allumé,En agglomération,Hors intersection,Normale,Deux véhicules - arrière,,,,,,,,,,,4,2,1,1.0,2
201300040131,0013-12-06 16:50:00,13,12,6,16,50,920,51,"47, ROULE (AVENUE DU, N?",,,Plein jour,En agglomération,Hors intersection,Normale,Sans collision,,,,,,,,,,,1,2,1,1.0,7
201300040132,0013-12-06 08:40:00,13,12,6,8,40,920,51,"15, HOTEL DE VILLE (RUE",,,Plein jour,En agglomération,Hors intersection,Normale,Sans collision,,,,,,,,,,,1,2,1,1.0,7
201300040133,0013-11-06 10:10:00,13,11,6,10,10,920,51,"217, BINEAU (BOULEVARD,",,,Plein jour,En agglomération,Intersection en X,Temps couvert,Sans collision,,,,,,,,,,,1,2,2,8.0,7
201300040134,0013-11-08 13:50:00,13,11,8,13,50,920,51,"6, SABLONS (BOULEVARD DE",,,Plein jour,En agglomération,Hors intersection,Pluie légère,Deux véhicules - arrière,,,,,,,,,,,1,2,1,2.0,2
201300040135,0013-11-15 08:35:00,13,11,15,8,35,920,51,"face au 25, RICHARD WALL",,,Plein jour,En agglomération,Hors intersection,Normale,Trois véhicules et plus - en chaîne,,,,,,,,,,,1,2,1,1.0,4
201300040136,0013-12-16 15:15:00,13,12,16,15,15,920,51,"36, GENERAL LECLERC (BOU",,,Plein jour,En agglomération,Hors intersection,Normale,Autre collision,,,,,,,,,,,1,2,1,1.0,6
201300040137,0013-01-02 18:40:00,13,1,2,18,40,920,51,CHATEAU (BOULEVARD DU),,,Nuit avec éclairage allumé,En agglomération,Hors intersection,Normale,Sans collision,,,,,,,,,,,5,2,1,1.0,7
201300040138,0013-01-03 21:10:00,13,1,3,21,10,920,62,", WALLACE (BD RICHARD) D",,,Nuit avec éclairage allumé,En agglomération,Intersection en T,Pluie légère,Deux véhicules - côté,,,,,,,,,,,5,2,3,2.0,3
201300040139,0013-01-05 22:25:00,13,1,5,22,25,920,51,rue Victor Hugo,,,Nuit avec éclairage allumé,En agglomération,Intersection en T,Normale,Deux véhicules - frontale,,,,,,,,,,,5,2,3,1.0,1
201300040140,0013-01-09 18:00:00,13,1,9,18,0,920,62,"34, DE DION BOUTON (QUAI",,,Nuit avec éclairage allumé,En agglomération,Hors intersection,Pluie légère,Sans collision,,,,,,,,,,,5,2,1,2.0,7
201300040141,0013-01-16 09:20:00,13,1,16,9,20,920,62,WALLACE (BD RICHARD) DU,,,Plein jour,En agglomération,Intersection en T,Temps éblouissant,Sans collision,,,,,,,,,,,1,2,3,7.0,7
201300040142,0013-02-11 07:13:00,13,2,11,7,13,920,62,"76, WALLACE (BD RICHARD)",,,Crépuscule ou aube,En agglomération,Intersection en T,Pluie légère,Deux véhicules - frontale,,,,,,,,,,,2,2,3,2.0,1
201300040143,0013-02-21 10:50:00,13,2,21,10,50,920,62,"30, DE DION BOUTON (QUAI",,,Plein jour,En agglomération,Hors intersection,Normale,Autre collision,,,,,,,,,,,1,2,1,1.0,6
201300040144,0013-02-24 12:18:00,13,2,24,12,18,920,62,"28, WALLACE (BD RICHARD)",,,Plein jour,En agglomération,Intersection en T,Temps couvert,Deux véhicules - côté,,,,,,,,,,,1,2,3,8.0,3
201300040145,0013-02-27 09:10:00,13,2,27,9,10,920,62,", GENERAL DE GAULLE (AV)",,,Plein jour,En agglomération,Hors intersection,Temps couvert,Sans collision,,,,,,,,,,,1,2,1,8.0,7
201300040146,0013-02-27 12:10:00,13,2,27,12,10,920,62,"69, CONTRE ALLEE GENERAL",,,Plein jour,En agglomération,Hors intersection,Temps couvert,Sans collision,,,,,,,,,,,1,2,1,8.0,7
201300040147,0013-03-01 13:05:00,13,3,1,13,5,920,62,"47, JACOTOT (RUE MARIUS)",,,Plein jour,En agglomération,Intersection en T,Normale,Sans collision,,,,,,,,,,,1,2,3,1.0,7
201300040148,0013-03-08 19:00:00,13,3,8,19,0,920,62,"69, GENERAL DE GAULLE (A",,,Nuit avec éclairage allumé,En agglomération,Hors intersection,Pluie légère,Deux véhicules - arrière,,,,,,,,,,,5,2,1,2.0,2
201300040149,0013-03-22 16:30:00,13,3,22,16,30,920,62,"86, GENERAL DE GAULLE (A",,,Plein jour,En agglomération,Hors intersection,Normale,Sans collision,,,,,,,,,,,1,2,1,1.0,7
201300040150,0013-03-25 09:15:00,13,3,25,9,15,920,62,"2, WALLACE (BD RICHARD)",,,Plein jour,En agglomération,Hors intersection,Normale,Deux véhicules - côté,,,,,,,,,,,1,2,1,1.0,3
201300040151,0013-03-26 11:50:00,13,3,26,11,50,920,62,MALON (RUE  BENOIT) DU 3,,,Plein jour,En agglomération,Intersection en T,Normale,Deux véhicules - côté,,,,,,,,,,,1,2,3,1.0,3
201300040152,0013-03-26 15:50:00,13,3,26,15,50,920,62,"10, VOLTAIRE (RUE)",,,Plein jour,En agglomération,Intersection en T,Normale,Deux véhicules - arrière,,,,,,,,,,,1,2,3,1.0,2
201300040153,0013-03-28 08:40:00,13,3,28,8,40,920,62,"71, GENERAL DE GAULLE (A",,,Crépuscule ou aube,En agglomération,Intersection en T,Normale,Deux véhicules - arrière,,,,,,,,,,,2,2,3,1.0,2
201300040154,0013-04-02 11:00:00,13,4,2,11,0,920,62,DE DION BOUTON (QUAI) DU,,,Plein jour,En agglomération,Intersection en T,Normale,Deux véhicules - frontale,,,,,,,,,,,1,2,3,1.0,1
201300040155,0013-04-03 12:40:00,13,4,3,12,40,920,62,"12, FUSILLES DE LA RESIS",,,Plein jour,En agglomération,Hors intersection,Normale,Deux véhicules - arrière,,,,,,,,,,,1,2,1,1.0,2
201300040156,0013-04-12 17:30:00,13,4,12,17,30,920,62,"58, DE DION BOUTON (QUAI",,,Plein jour,En agglomération,Hors intersection,Normale,Deux véhicules - côté,,,,,,,,,,,1,2,1,1.0,3
201300040157,0013-04-17 08:50:00,13,4,17,8,50,920,62,"26/30, FRANCE (RUE ANATO",,,Plein jour,En agglomération,Hors intersection,Normale,Deux véhicules - côté,,,,,,,,,,,1,2,1,1.0,3
201300040158,0013-04-19 01:50:00,13,4,19,1,50,920,62,"39bis, ROUSSELLE (RUE)",,,Nuit avec éclairage allumé,En agglomération,Hors intersection,Normale,Sans collision,,,,,,,,,,,5,2,1,1.0,7
201300040159,0013-04-22 13:30:00,13,4,22,13,30,920,62,"26, VOILIN (RUE LUCIEN)",,,Plein jour,En agglomération,Intersection en T,Normale,Sans collision,,,,,,,,,,,1,2,3,1.0,7
201300040160,0013-04-22 18:30:00,13,4,22,18,30,920,62,BERGERES (RD-PT DES) DU,,,Plein jour,En agglomération,Intersection en T,Normale,Deux véhicules - arrière,,,,,,,,,,,1,2,3,1.0,2
201300040161,0013-04-26 19:10:00,13,4,26,19,10,920,62,"50, WALLACE (BD RICHARD)",,,Plein jour,En agglomération,Hors intersection,Normale,Sans collision,,,,,,,,,,,1,2,1,1.0,7
201300040162,0013-05-18 16:00:00,13,5,18,16,0,920,62,"49, WALLACE (BD RICHARD)",,,Plein jour,En agglomération,Hors intersection,Temps couvert,Autre collision,,,,,,,,,,,1,2,1,8.0,6
201300040163,0013-05-30 08:20:00,13,5,30,8,20,920,62,"95, ROSIERS (RUE DES) N?",,,Plein jour,En agglomération,Hors intersection,Pluie légère,Autre collision,,,,,,,,,,,1,2,1,2.0,6
201300040164,0013-06-06 14:25:00,13,6,6,14,25,920,62,"109, JAURES (RUE JEAN) D",,,Plein jour,En agglomération,Intersection en T,Normale,Autre collision,,,,,,,,,,,1,2,3,1.0,6
201300040165,0013-06-17 18:30:00,13,6,17,18,30,920,62,"58, DE DION BOUTON (QUAI",,,Plein jour,En agglomération,Hors intersection,Normale,Trois véhicules et plus - collisions multiples,,,,,,,,,,,1,2,1,1.0,5
201300040166,0013-06-25 18:05:00,13,6,25,18,5,920,62,"114, JAURES (RUE JEAN) D",,,Plein jour,En agglomération,Intersection en T,Normale,Autre collision,,,,,,,,,,,1,2,3,1.0,6
201300040167,0013-06-25 17:45:00,13,6,25,17,45,920,62,"1bis, WALLACE (BD RICHAR",,,Plein jour,En agglomération,Intersection en T,Normale,Deux véhicules - côté,,,,,,,,,,,1,2,3,1.0,3
201300040168,0013-07-04 08:40:00,13,7,4,8,40,920,62,"5bis, FUSILLES DE LA RES",,,Plein jour,En agglomération,Hors intersection,Normale,Autre collision,,,,,,,,,,,1,2,1,1.0,6
201300040169,0013-07-08 12:50:00,13,7,8,12,50,920,62,DE DION BOUTON (QUAI) DU,,,Plein jour,En agglomération,Intersection en T,Normale,Sans collision,,,,,,,,,,,1,2,3,1.0,7
201300040170,0013-07-11 20:10:00,13,7,11,20,10,920,62,"128, PDT WILSON (Avenue)",,,Plein jour,En agglomération,Hors intersection,Normale,Autre collision,,,,,,,,,,,1,2,1,1.0,6
201300040171,0013-07-12 18:00:00,13,7,12,18,0,920,62,CONTRE ALLEE GENERAL DE,,,Plein jour,En agglomération,Hors intersection,Normale,Deux véhicules - frontale,,,,,,,,,,,1,2,1,1.0,1
201300040172,0013-07-17 20:20:00,13,7,17,20,20,920,62,WALLACE (BD RICHARD) DU,,,Plein jour,En agglomération,Intersection en T,Normale,Deux véhicules - côté,,,,,,,,,,,1,2,3,1.0,3
201300040173,0013-09-05 03:50:00,13,9,5,3,50,920,62,"03, PARMENTIER (RUE)",,,Nuit avec éclairage allumé,En agglomération,Hors intersection,Normale,Autre collision,,,,,,,,,,,5,2,1,1.0,6
201300040174,0013-09-07 12:25:00,13,9,7,12,25,920,62,"35, GODEFROY (RUE) DU 19",,,Plein jour,En agglomération,Hors intersection,Normale,Autre collision,,,,,,,,,,,1,2,1,1.0,6
201300040175,0013-09-12 22:15:00,13,9,12,22,15,920,62,"146, REPUBLIQUE (RUE DE",,,Nuit sans éclairage public,En agglomération,Hors intersection,Normale,Autre collision,,,,,,,,,,,3,2,1,1.0,6
201300040176,0013-09-13 15:05:00,13,9,13,15,5,920,62,"13, DE DION BOUTON (QUAI",,,Plein jour,En agglomération,Hors intersection,Normale,Sans collision,,,,,,,,,,,1,2,1,1.0,7
201300040177,0013-09-18 20:05:00,13,9,18,20,5,920,62,"34, DE DION BOUTON (QUAI",,,Nuit avec éclairage allumé,En agglomération,Hors intersection,Normale,Trois véhicules et plus - collisions multiples,,,,,,,,,,,5,2,1,1.0,5
201300040178,0013-08-16 19:05:00,13,8,16,19,5,920,62,"101, GENERAL DE GAULLE (",,,Plein jour,En agglomération,Hors intersection,Normale,Sans collision,,,,,,,,,,,1,2,1,1.0,7
201300040179,0013-10-07 17:35:00,13,10,7,17,35,920,62,SOLJENITSYNE  (BD ALEXAN,,,Crépuscule ou aube,En agglomération,Intersection en T,Normale,Autre collision,,,,,,,,,,,2,2,3,1.0,6
201300040180,0013-10-10 15:00:00,13,10,10,15,0,920,62,"63, DE DION BOUTON (QUAI",,,Plein jour,En agglomération,Intersection en T,Normale,Deux véhicules - côté,,,,,,,,,,,1,2,3,1.0,3
201300040181,0013-10-23 14:05:00,13,10,23,14,5,920,62,"79, REPUBLIQUE (RUE DE L",,,Plein jour,En agglomération,Intersection en T,Normale,Autre collision,,,,,,,,,,,1,2,3,1.0,6
201300040182,0013-10-26 00:45:00,13,10,26,0,45,920,62,"55, DE DION BOUTON (QUAI",,,Nuit avec éclairage allumé,En agglomération,Hors intersection,Normale,Deux véhicules - arrière,,,,,,,,,,,5,2,1,1.0,2