accident_id,datetime,annee,mois,jour,heure,minute,departement,commune_insee,adresse,latitude,longitude,luminosite,agglomeration,intersection,meteo,collision,nb_vehicules,nb_usagers,nb_indemnes,nb_tues,nb_blesses_hosp,nb_blesses_legers,age_cond_1,age_cond_2,veh_type_cond_1,veh_type_cond_2,lum_code,agg_code,int_code,atm_code,col_code
201300040312,0013-01-26 21:50:00,13,1,26,21,50,920,64,"30, PASTEUR",,,Plein jour,En agglomération,Giratoire,Normale,Deux véhicules - côté,,,,,,,,,,,1,2,6,1.0,3
201300040313,0013-01-28 16:50:00,13,1,28,16,50,920,64,"35, DAILLY",,,Plein jour,En agglomération,Hors intersection,Normale,Autre collision,,,,,,,,,,,1,2,1,1.0,6
201300040314,0013-02-11 08:46:00,13,2,11,8,46,920,33,PORTE JAUNE,,,Plein jour,En agglomération,Intersection en X,Pluie forte,Deux véhicules - côté,,,,,,,,,,,1,2,2,3.0,3
201300040315,0013-02-12 08:56:00,13,2,12,8,56,920,64,"60 BIS, REPUBLIQUE",,,Plein jour,En agglomération,Hors intersection,Normale,Sans collision,,,,,,,,,,,1,2,1,1.0,7
201300040316,0013-02-13 09:51:00,13,2,13,9,51,920,64,CARNOT,,,Plein jour,En agglomération,Hors intersection,Normale,Deux véhicules - côté,,,,,,,,,,,1,2,1,1.0,3
201300040317,0013-02-27 07:25:00,13,2,27,7,25,920,64,"02, GOUNOD",,,Crépuscule ou aube,En agglomération,Hors intersection,Autre,Sans collision,,,,,,,,,,,2,2,1,9.0,7
201300040318,0013-03-07 13:30:00,13,3,7,13,30,920,64,"30, PASTEUR",,,Plein jour,En agglomération,Hors intersection,Pluie légère,Deux véhicules - côté,,,,,,,,,,,1,2,1,2.0,3
201300040319,0013-03-10 18:00:00,13,3,10,18,0,920,76,CHASSE ROYALE,,,Plein jour,En agglomération,Hors intersection,Normale,Autre collision,,,,,,,,,,,1,2,1,1.0,6
201300040320,0013-03-15 15:35:00,13,3,15,15,35,920,33,SAINT LOUIS,,,Plein jour,En agglomération,Place,Normale,Autre collision,,,,,,,,,,,1,2,7,1.0,6
201300040321,0013-03-24 12:45:00,13,3,24,12,45,920,47,"01 BIS, REPUBLIQUE",,,Plein jour,En agglomération,Autre intersection,Normale,Autre collision,,,,,,,,,,,1,2,9,1.0,6
201300040322,0013-03-08 16:30:00,13,3,8,16,30,920,33,"157, BUZENVAL",,,Plein jour,En agglomération,Hors intersection,Normale,Deux véhicules - côté,,,,,,,,,,,1,2,1,1.0,3
201300040323,0013-03-30 01:00:00,13,3,30,1,0,920,64,REPUBLIQUE,,,Nuit avec éclairage allumé,En agglomération,Autre intersection,Normale,Deux véhicules - côté,,,,,,,,,,,5,2,9,1.0,3
201300040324,0013-04-02 09:10:00,13,4,2,9,10,920,64,PLACE CLEMENCEAU,,,Plein jour,En agglomération,Place,Normale,Deux véhicules - côté,,,,,,,,,,,1,2,7,1.0,3
201300040325,0013-04-02 18:20:00,13,4,2,18,20,920,33,DOCTEUR DEBAT,,,Plein jour,En agglomération,Autre intersection,Normale,Deux véhicules - côté,,,,,,,,,,,1,2,9,1.0,3
201300040326,0013-04-02 20:15:00,13,4,2,20,15,920,64,PLACE CLEMENCEAU,,,Plein jour,En agglomération,Hors intersection,Normale,Sans collision,,,,,,,,,,,1,2,1,1.0,7
201300040327,0013-04-03 09:55:00,13,4,3,9,55,920,64,ST CLOUD,,,Plein jour,En agglomération,Place,Normale,Deux véhicules - côté,,,,,,,,,,,1,2,7,1.0,3
201300040328,0013-04-08 19:50:00,13,4,8,19,50,920,64,ALEXANDRE COUTUREAU,,,Crépuscule ou aube,En agglomération,Hors intersection,Normale,Autre collision,,,,,,,,,,,2,2,1,1.0,6
201300040329,0013-04-11 18:00:00,13,4,11,18,0,920,64,"17, MONT VALERIEN",,,Plein jour,En agglomération,Hors intersection,Normale,Sans collision,,,,,,,,,,,1,2,1,1.0,7
201300040330,0013-04-17 17:50:00,13,4,17,17,50,920,47,JARDY,,,Plein jour,En agglomération,Hors intersection,Normale,Trois véhicules et plus - collisions multiples,,,,,,,,,,,1,2,1,1.0,5
201300040331,0013-04-18 09:40:00,13,4,18,9,40,920,64,"65, MARCEL DASSAULT",,,Plein jour,En agglomération,Autre intersection,Normale,Deux véhicules - côté,,,,,,,,,,,1,2,9,1.0,3
201300040332,0013-04-18 19:05:00,13,4,18,19,5,920,64,PORTE JAUNE,,,Plein jour,En agglomération,Intersection en T,Normale,Deux véhicules - arrière,,,,,,,,,,,1,2,3,1.0,2
201300040333,0013-04-21 17:40:00,13,4,21,17,40,920,64,MARECHAL JUIN,,,Plein jour,En agglomération,Hors intersection,Normale,Deux véhicules - côté,,,,,,,,,,,1,2,1,1.0,3
201300040334,0013-04-23 20:00:00,13,4,23,20,0,920,76,CHASSE ROYALE,,,Plein jour,En agglomération,Hors intersection,Normale,Deux véhicules - côté,,,,,,,,,,,1,2,1,1.0,3
201300040335,0013-04-29 10:00:00,13,4,29,10,0,920,64,"05, LOUIS LOUCHEUR",,,Plein jour,En agglomération,Hors intersection,Normale,Deux véhicules - côté,,,,,,,,,,,1,2,1,1.0,3
201300040336,0013-05-02 01:30:00,13,5,2,1,30,920,64,MARECHAL JUIN,,,Nuit sans éclairage public,En agglomération,Hors intersection,Pluie légère,Autre collision,,,,,,,,,,,3,2,1,2.0,6
201300040337,0013-05-07 16:25:00,13,5,7,16,25,920,64,MARCEL DASSAULT,,,Plein jour,En agglomération,Intersection en T,Normale,Deux véhicules - côté,,,,,,,,,,,1,2,3,1.0,3
201300040338,0013-05-10 16:50:00,13,5,10,16,50,920,33,GENERAL DE GAULLE,,,Plein jour,En agglomération,Hors intersection,Normale,Deux véhicules - arrière,,,,,,,,,,,1,2,1,1.0,2
201300040339,0013-05-15 15:15:00,13,5,15,15,15,920,64,"18bis, CARNOT",,,Plein jour,En agglomération,Hors intersection,Normale,Sans collision,,,,,,,,,,,1,2,1,1.0,7
201300040340,0013-05-20 21:15:00,13,5,20,21,15,920,64,MAGENTA PLACE,,,Nuit avec éclairage allumé,En agglomération,Giratoire,Pluie forte,Deux véhicules - côté,,,,,,,,,,,5,2,6,3.0,3
201300040341,0013-05-21 19:20:00,13,5,21,19,20,920,47,JARDY,,,Plein jour,En agglomération,Hors intersection,Temps couvert,Deux véhicules - arrière,,,,,,,,,,,1,2,1,8.0,2
201300040342,0013-05-24 14:55:00,13,5,24,14,55,920,64,PLACE CLEMENCEAU,,,Plein jour,En agglomération,Hors intersection,Normale,Sans collision,,,,,,,,,,,1,2,1,1.0,7
201300040343,0013-05-24 20:20:00,13,5,24,20,20,920,64,MARCEL DASSAULT,,,Plein jour,En agglomération,Intersection en T,Normale,Deux véhicules - côté,,,,,,,,,,,1,2,3,1.0,3
201300040344,0013-05-27 12:50:00,13,5,27,12,50,920,76,PUITS,,,Plein jour,En agglomération,Intersection en Y,Normale,Deux véhicules - côté,,,,,,,,,,,1,2,4,1.0,3
201300040345,0013-06-01 01:15:00,13,6,1,1,15,920,33,"132 BIS, PORTE JAUNE",,,Nuit avec éclairage allumé,En agglomération,Hors intersection,Normale,Sans collision,,,,,,,,,,,5,2,1,1.0,7
201300040346,0013-06-05 11:50:00,13,6,5,11,50,920,64,PASTEUR,,,Plein jour,En agglomération,Hors intersection,Normale,Autre collision,,,,,,,,,,,1,2,1,1.0,6
201300040347,0013-06-10 08:40:00,13,6,10,8,40,920,64,"13, SENARD",,,Plein jour,En agglomération,Hors intersection,Normale,Autre collision,,,,,,,,,,,1,2,1,1.0,6
201300040348,0013-06-12 14:55:00,13,6,12,14,55,920,47,JARDY,,,Plein jour,En agglomération,Intersection en T,Normale,Autre collision,,,,,,,,,,,1,2,3,1.0,6
201300040349,0013-06-13 16:05:00,13,6,13,16,5,920,64,"1200, MARCEL DASSAULT",,,Plein jour,En agglomération,Hors intersection,Pluie légère,Sans collision,,,,,,,,,,,1,2,1,2.0,7
201300040350,0013-06-11 18:30:00,13,6,11,18,30,920,64,"42, DAILLY",,,Plein jour,En agglomération,Hors intersection,Normale,Deux véhicules - arrière,,,,,,,,,,,1,2,1,1.0,2
201300040351,0013-06-16 18:10:00,13,6,16,18,10,920,64,PARC SAINT CLOUD,,,Plein jour,Hors agglomération,Hors intersection,Normale,Deux véhicules - frontale,,,,,,,,,,,1,1,1,1.0,1
201300040352,0013-06-18 16:40:00,13,6,18,16,40,920,33,SYLVAIN VIGNERAS,,,Plein jour,En agglomération,Intersection en T,Normale,Sans collision,,,,,,,,,,,1,2,3,1.0,7
201300040353,0013-06-19 14:45:00,13,6,19,14,45,920,64,SENARD,,,Plein jour,En agglomération,Autre intersection,Normale,Autre collision,,,,,,,,,,,1,2,9,1.0,6
201300040354,0013-06-20 12:20:00,13,6,20,12,20,920,33,"71, SURESNES",,,Plein jour,En agglomération,Intersection en Y,Pluie légère,Deux véhicules - côté,,,,,,,,,,,1,2,4,2.0,3
201300040355,0013-06-21 15:20:00,13,6,21,15,20,920,47,JARDY,,,Plein jour,En agglomération,Hors intersection,Normale,Autre collision,,,,,,,,,,,1,2,1,1.0,6
201300040356,0013-06-21 21:50:00,13,6,21,21,50,920,64,PERSCHEZ,,,Crépuscule ou aube,En agglomération,Intersection en T,Normale,Deux véhicules - côté,,,,,,,,,,,2,2,3,1.0,3
201300040357,0013-06-24 14:20:00,13,6,24,14,20,920,64,DAILLY,,,Plein jour,En agglomération,Intersection en X,Normale,Deux véhicules - frontale,,,,,,,,,,,1,2,2,1.0,1
201300040358,0013-06-25 09:18:00,13,6,25,9,18,920,64,"34, GOUNOD",,,Plein jour,En agglomération,Hors intersection,Normale,Deux véhicules - arrière,,,,,,,,,,,1,2,1,1.0,2
201300040359,0013-07-04 17:20:00,13,7,4,17,20,920,64,CARNOT,,,Plein jour,En agglomération,Hors intersection,Normale,Autre collision,,,,,,,,,,,1,2,1,1.0,6
201300040360,0013-07-09 15:45:00,13,7,9,15,45,920,64,"119, REPUBLIQUE",,,Plein jour,En agglomération,Hors intersection,Normale,Deux véhicules - côté,,,,,,,,,,,1,2,1,1.0,3
201300040361,0013-07-10 18:50:00,13,7,10,18,50,920,33,"153, GRANDE RUE",,,Plein jour,En agglomération,Hors intersection,Normale,Autre collision,,,,,,,,,,,1,2,1,1.0,6
201300040362,0013-07-12 00:40:00,13,7,12,0,40,920,64,DAILLY,,,Nuit avec éclairage allumé,En agglomération,Hors intersection,Normale,Deux véhicules - côté,,,,,,,,,,,5,2,1,1.0,3
201300040363,0013-07-12 15:20:00,13,7,12,15,20,920,64,"21, GOUNOD",,,Plein jour,En agglomération,Hors intersection,Normale,Deux véhicules - côté,,,,,,,,,,,1,2,1,1.0,3
201300040364,0013-07-21 19:40:00,13,7,21,19,40,920,64,"27, DAILLY",,,Plein jour,En agglomération,Hors intersection,Normale,Sans collision,,,,,,,,,,,1,2,1,1.0,7
201300040365,0013-07-24 05:50:00,13,7,24,5,50,920,64,"62, MARCEL DASSAULT",,,Crépuscule ou aube,En agglomération,Hors intersection,Pluie légère,Trois véhicules et plus - en chaîne,,,,,,,,,,,2,2,1,2.0,4
201300040366,0013-07-25 17:00:00,13,7,25,17,0,920,64,"0, MARCEL DASSAULT",,,Plein jour,En agglomération,Hors intersection,Normale,Trois véhicules et plus - en chaîne,,,,,,,,,,,1,2,1,1.0,4
201300040367,0013-07-30 17:00:00,13,7,30,17,0,920,64,"0, PARC SAINT CLOUD",,,Plein jour,Hors agglomération,Hors intersection,Temps couvert,Autre collision,,,,,,,,,,,1,1,1,8.0,6
201300040368,0013-08-06 00:55:00,13,8,6,0,55,920,64,"0, MARECHAL JUIN",,,Nuit sans éclairage public,En agglomération,Hors intersection,Normale,Sans collision,,,,,,,,,,,3,2,1,1.0,7
201300040369,0013-08-21 11:25:00,13,8,21,11,25,920,76,"84, REPUBLIQUE",,,Plein jour,En agglomération,Intersection en T,Normale,Sans collision,,,,,,,,,,,1,2,3,1.0,7
201300040370,0013-08-23 18:25:00,13,8,23,18,25,920,64,"44, MARCEL DASSAULT",,,Plein jour,En agglomération,Hors intersection,Normale,Deux véhicules - côté,,,,,,,,,,,1,2,1,1.0,3
201300040371,0013-08-30 18:25:00,13,8,30,18,25,920,33,RAYMOND POINCARE,,,Plein jour,En agglomération,Intersection en X,Normale,Deux véhicules - côté,,,,,,,,,,,1,2,2,1.0,3
201300040372,0013-08-30 18:15:00,13,8,30,18,15,920,64,"0, MARECHAL JUIN",,,Plein jour,En agglomération,Hors intersection,Normale,Deux véhicules - arrière,,,,,,,,,,,1,2,1,1.0,2
201300040373,0013-09-06 00:45:00,13,9,6,0,45,920,64,"FACE 31, CALVAIRE",,,Nuit avec éclairage allumé,En agglomération,Hors intersection,Normale,Autre collision,,,,,,,,,,,5,2,1,1.0,6
201300040374,0013-09-09 20:10:00,13,9,9,20,10,920,47,"03, RAYMOND POINCARE",,,Nuit sans éclairage public,Hors agglomération,Hors intersection,Pluie légère,Sans collision,,,,,,,,,,,3,1,1,2.0,7
201300040375,0013-09-10 08:25:00,13,9,10,8,25,920,76,"FACE 43, REPUBLIQUE",,,Plein jour,En agglomération,Hors intersection,Normale,Deux véhicules - côté,,,,,,,,,,,1,2,1,1.0,3
201300040376,0013-09-10 19:20:00,13,9,10,19,20,920,64,PASTEUR,,,Plein jour,En agglomération,Intersection en T,Normale,Deux véhicules - côté,,,,,,,,,,,1,2,3,1.0,3
201300040377,0013-09-12 08:30:00,13,9,12,8,30,920,33,"161, PORTE JAUNE",,,Plein jour,En agglomération,Hors intersection,Normale,Autre collision,,,,,,,,,,,1,2,1,1.0,6
201300040378,0013-09-12 18:40:00,13,9,12,18,40,920,64,"0, REPUBLIQUE",,,Crépuscule ou aube,En agglomération,Intersection en X,Pluie légère,Deux véhicules - arrière,,,,,,,,,,,2,2,2,2.0,2
201300040379,0013-09-17 09:25:00,13,9,17,9,25,920,64,"47, MARCEL DASSAULT",,,Plein jour,En agglomération,Intersection en T,Normale,Deux véhicules - arrière,,,,,,,,,,,1,2,3,1.0,2
201300040380,0013-09-24 08:20:00,13,9,24,8,20,920,64,MARECHAL FOCH,,,Plein jour,En agglomération,Hors intersection,Normale,Deux véhicules - côté,,,,,,,,,,,1,2,1,1.0,3
201300040381,0013-09-26 08:30:00,13,9,26,8,30,920,64,"12, DAILLY",,,Plein jour,En agglomération,Hors intersection,Normale,Autre collision,,,,,,,,,,,1,2,1,1.0,6
201300040382,0013-09-27 00:40:00,13,9,27,0,40,920,64,"7, DAILLY",,,Nuit avec éclairage allumé,En agglomération,Hors intersection,Normale,Deux véhicules - côté,,,,,,,,,,,5,2,1,1.0,3
201300040383,0013-09-27 13:45:00,13,9,27,13,45,920,47,JARDY,,,Plein jour,En agglomération,Autre intersection,Normale,Deux véhicules - frontale,,,,,,,,,,,1,2,9,1.0,1
201300040384,0013-09-27 16:55:00,13,9,27,16,55,920,64,DAILLY,,,Plein jour,En agglomération,Hors intersection,Normale,Deux véhicules - côté,,,,,,,,,,,1,2,1,1.0,3
201300040385,0013-09-27 18:40:00,13,9,27,18,40,920,64,"33, REPUBLIQUE",,,Plein jour,En agglomération,Hors intersection,Normale,Sans collision,,,,,,,,,,,1,2,1,1.0,7
201300040386,0013-10-01 16:00:00,13,10,1,16,0,920,64,"09, DAILLY",,,Plein jour,En agglomération,Hors intersection,Normale,Autre collision,,,,,,,,,,,1,2,1,1.0,6
201300040387,0013-10-04 10:15:00,13,10,4,10,15,920,64,"39, SENARD",,,Plein jour,En agglomération,Hors intersection,Normale,Deux véhicules - côté,,,,,,,,,,,1,2,1,1.0,3
201300040388,0013-10-04 10:50:00,13,10,4,10,50,920,64,CARNOT,,,Plein jour,En agglomération,Hors intersection,Normale,Trois véhicules et plus - en chaîne,,,,,,,,,,,1,2,1,1.0,4
201300040389,0013-10-05 16:45:00,13,10,5,16,45,920,33,"109, BUZENVAL",,,Plein jour,En agglomération,Hors intersection,Normale,Autre collision,,,,,,,,,,,1,2,1,1.0,6
201300040390,0013-10-07 17:55:00,13,10,7,17,55,920,64,CAMP CANADIEN,,,Plein jour,En agglomération,Intersection en T,Normale,Deux véhicules - arrière,,,,,,,,,,,1,2,3,1.0,2
201300040391,0013-10-08 16:30:00,13,10,8,16,30,920,33,GENERAL DE GAULLE,,,Plein jour,En agglomération,Intersection en T,Normale,Deux véhicules - côté,,,,,,,,,,,1,2,3,1.0,3
201300040392,0013-10-08 18:40:00,13,10,8,18,40,920,76,CHASSE ROYALE,,,Crépuscule ou aube,En agglomération,Hors intersection,Normale,Sans collision,,,,,,,,,,,2,2,1,1.0,7
201300040393,0013-10-09 08:50:00,13,10,9,8,50,920,47,"0, JARDY",,,Plein jour,En agglomération,Intersection en X,Normale,Deux véhicules - côté,,,,,,,,,,,1,2,2,1.0,3
201300040394,0013-10-10 17:50:00,13,10,10,17,50,920,33,"33, PORTE JAUNE",,,Plein jour,En agglomération,Hors intersection,Temps couvert,Autre collision,,,,,,,,,,,1,2,1,8.0,6
201300040395,0013-10-13 05:45:00,13,10,13,5,45,920,33,"163 BIS, PORTE JAUNE",,,Nuit avec éclairage allumé,En agglomération,Hors intersection,Normale,Autre collision,,,,,,,,,,,5,2,1,1.0,6
201300040396,0013-10-18 17:55:00,13,10,18,17,55,920,64,"42, REPUBLIQUE",,,Plein jour,En agglomération,Hors intersection,Normale,Autre collision,,,,,,,,,,,1,2,1,1.0,6
201300040397,0013-10-21 08:40:00,13,10,21,8,40,920,76,"105, REPUBLIQUE",,,Plein jour,En agglomération,Autre intersection,Pluie légère,Autre collision,,,,,,,,,,,1,2,9,2.0,6
201300040398,0013-10-27 12:55:00,13,10,27,12,55,920,64,"1363, MARCEL DASSAULT",,,Plein jour,En agglomération,Hors intersection,Normale,Trois véhicules et plus - en chaîne,,,,,,,,,,,1,2,1,1.0,4
201300040399,0013-10-30 06:30:00,13,10,30,6,30,920,47,JARDY,,,Nuit avec éclairage allumé,En agglomération,Hors intersection,Normale,Deux véhicules - côté,,,,,,,,,,,5,2,1,1.0,3
201300040400,0013-11-07 08:25:00,13,11,7,8,25,920,64,MARCEL DASSAULT,,,Plein jour,En agglomération,Hors intersection,Normale,Deux véhicules - côté,,,,,,,,,,,1,2,1,1.0,3
201300040401,0013-11-07 09:00:00,13,11,7,9,0,920,76,", NAPOLEON III",,,Plein jour,En agglomération,Hors intersection,Normale,Deux véhicules - côté,,,,,,,,,,,1,2,1,1.0,3
201300040402,0013-11-11 07:40:00,13,11,11,7,40,920,33,"155, BUZENVAL",,,Plein jour,En agglomération,Hors intersection,Normale,Deux véhicules - côté,,,,,,,,,,,1,2,1,1.0,3
201300040403,0013-11-12 14:40:00,13,11,12,14,40,920,64,"113, MARECHAL FOCH",,,Plein jour,En agglomération,Hors intersection,Normale,Autre collision,,,,,,,,,,,1,2,1,1.0,6
201300040404,0013-11-13 14:30:00,13,11,13,14,30,920,64,"73, MARCEL DASSAULT",,,Plein jour,En agglomération,Hors intersection,Pluie légère,Trois véhicules et plus - en chaîne,,,,,,,,,,,1,2,1,2.0,4
201300040405,0013-11-12 18:10:00,13,11,12,18,10,920,33,"12, ATHIME RUE",,,Nuit avec éclairage allumé,En agglomération,Hors intersection,Pluie légère,Autre collision,,,,,,,,,,,5,2,1,2.0,6
201300040406,0013-11-13 16:50:00,13,11,13,16,50,920,64,MONT VALERIEN,,,Plein jour,En agglomération,Hors intersection,Normale,Deux véhicules - arrière,,,,,,,,,,,1,2,1,1.0,2
201300040407,0013-11-13 19:20:00,13,11,13,19,20,920,64,PALAIS,,,Nuit avec éclairage allumé,En agglomération,Hors intersection,Normale,Sans collision,,,,,,,,,,,5,2,1,1.0,7
201300040408,0013-11-17 01:25:00,13,11,17,1,25,920,47,JARDY,,,Nuit avec éclairage allumé,En agglomération,Hors intersection,Normale,Deux véhicules - frontale,,,,,,,,,,,5,2,1,1.0,1
201300040409,0013-11-18 09:00:00,13,11,18,9,0,920,64,"05, DAILLY",,,Plein jour,En agglomération,Hors intersection,Normale,Autre collision,,,,,,,,,,,1,2,1,1.0,6
201300040410,0013-11-19 19:05:00,13,11,19,19,5,920,64,"30, PASTEUR",,,Nuit avec éclairage allumé,En agglomération,Hors intersection,Normale,Deux véhicules - côté,,,,,,,,,,,5,2,1,1.0,3
201300040411,0013-11-19 19:40:00,13,11,19,19,40,920,64,"1, pont de saint-cloud",,,Nuit avec éclairage allumé,En agglomération,Hors intersection,Normale,Sans collision,,,,,,,,,,,5,2,1,1.0,7
201300040412,0013-11-20 08:20:00,13,11,20,8,20,920,33,"VV 101-111, BUZENVAL",,,Plein jour,En agglomération,Hors intersection,Normale,Sans collision,,,,,,,,,,,1,2,1,1.0,7
201300040413,0013-11-20 15:05:00,13,11,20,15,5,920,33,BREZIN,,,Plein jour,En agglomération,Hors intersection,Pluie légère,Deux véhicules - côté,,,,,,,,,,,1,2,1,2.0,3
201300040414,0013-11-23 20:00:00,13,11,23,20,0,920,64,"110, MARECHAL FOCH",,,Nuit avec éclairage allumé,En agglomération,Hors intersection,Normale,Sans collision,,,,,,,,,,,5,2,1,1.0,7
201300040415,0013-11-26 15:20:00,13,11,26,15,20,920,33,"58, DIX NEUF JANVIER",,,Plein jour,En agglomération,Hors intersection,Normale,Deux véhicules - côté,,,,,,,,,,,1,2,1,1.0,3
201300040416,0013-11-28 13:05:00,13,11,28,13,5,920,64,REPUBLIQUE,,,Plein jour,En agglomération,Intersection en X,Normale,Deux véhicules - côté,,,,,,,,,,,1,2,2,1.0,3
201300040417,0013-12-04 17:50:00,13,12,4,17,50,920,64,"22, DAILLY",,,Nuit avec éclairage allumé,En agglomération,Hors intersection,Normale,Deux véhicules - côté,,,,,,,,,,,5,2,1,1.0,3
201300040418,0013-12-06 07:50:00,13,12,6,7,50,920,64,"07/18, PASTEUR",,,Crépuscule ou aube,En agglomération,Hors intersection,Normale,Deux véhicules - côté,,,,,,,,,,,2,2,1,1.0,3
201300040419,0013-12-08 15:50:00,13,12,8,15,50,920,64,FRANCIS CHAVETON,,,Plein jour,En agglomération,Intersection en Y,Normale,Autre collision,,,,,,,,,,,1,2,4,1.0,6
201300040420,0013-12-19 08:20:00,13,12,19,8,20,920,64,"134 BIS, PORTE JAUNE",,,Plein jour,En agglomération,Intersection en T,Normale,Sans collision,,,,,,,,,,,1,2,3,1.0,7
201300040421,0013-12-29 15:40:00,13,12,29,15,40,920,64,MARECHAL JUIN,,,Plein jour,En agglomération,Autre intersection,Normale,Deux véhicules - arrière,,,,,,,,,,,1,2,9,1.0,2
201300040422,0013-12-29 20:05:00,13,12,29,20,5,920,33,"35, FREDERIC CLEMENT",,,Nuit avec éclairage allumé,En agglomération,Hors intersection,Normale,Sans collision,,,,,,,,,,,5,2,1,1.0,7
201300040423,0013-12-31 12:00:00,13,12,31,12,0,920,64,MARECHAL JUIN,,,Plein jour,En agglomération,Hors intersection,Pluie légère,Deux véhicules - arrière,,,,,,,,,,,1,2,1,2.0,2
201300040424,0013-01-01 10:00:00,13,1,1,10,0,920,72,"., SEVRES (PONT DE)",,,Plein jour,En agglomération,Hors intersection,Pluie légère,Autre collision,,,,,,,,,,,1,2,1,2.0,6
201300040425,0013-01-01 11:30:00,13,1,1,11,30,920,72,"., SEVRES (PONT DE)",,,Plein jour,En agglomération,Hors intersection,Pluie légère,Autre collision,,,,,,,,,,,1,2,1,2.0,6
201300040426,0013-01-03 21:50:00,13,1,3,21,50,920,72,"., SEVRES (PONT DE)",,,Nuit avec éclairage non allumé,En agglomération,Hors intersection,Pluie légère,Deux véhicules - arrière,,,,,,,,,,,4,2,1,2.0,2
201300040427,0013-01-02 12:10:00,13,1,2,12,10,920,22,"2133, SALENGRO (AVENUE R",,,Plein jour,En agglomération,Intersection en T,Normale,Deux véhicules - côté,,,,,,,,,,,1,2,3,1.0,3
201300040428,0013-01-05 17:30:00,13,1,5,17,30,920,72,"., GRANDE RUE",,,Plein jour,En agglomération,Hors intersection,Normale,Autre collision,,,,,,,,,,,1,2,1,1.0,6
201300040429,0013-01-11 06:50:00,13,1,11,6,50,920,72,"., SEVRES (PONT DE)",,,Crépuscule ou aube,En agglomération,Hors intersection,Pluie légère,Deux véhicules - côté,,,,,,,,,,,2,2,1,2.0,3
201300040430,0013-01-14 11:50:00,13,1,14,11,50,920,72,"., MANUFACTURE NATIONALE",,,Plein jour,En agglomération,Hors intersection,Normale,Deux véhicules - arrière,,,,,,,,,,,1,2,1,1.0,2
201300040431,0013-01-17 07:30:00,13,1,17,7,30,920,77,"01, MARNES (RUE DE)",,,Crépuscule ou aube,En agglomération,Hors intersection,Normale,Autre collision,,,,,,,,,,,2,2,1,1.0,6
201300040432,0013-01-18 08:00:00,13,1,18,8,0,920,77,"., MARNES (RUE DE)",,,Crépuscule ou aube,En agglomération,Intersection en T,Normale,Autre collision,,,,,,,,,,,2,2,3,1.0,6
201300040433,0013-02-07 14:01:00,13,2,7,14,1,920,72,"24, TROYON (RUE)",,,Plein jour,En agglomération,Hors intersection,Normale,Deux véhicules - côté,,,,,,,,,,,1,2,1,1.0,3
201300040434,0013-02-12 13:51:00,13,2,12,13,51,920,77,"48-50, VERSAILLES (RUE D",,,Plein jour,En agglomération,Hors intersection,Normale,Autre collision,,,,,,,,,,,1,2,1,1.0,6
201300040435,0013-02-13 07:55:00,13,2,13,7,55,920,72,"., GRANDE RUE",,,Plein jour,En agglomération,Intersection en X,Normale,Deux véhicules - côté,,,,,,,,,,,1,2,2,1.0,3
201300040436,0013-02-18 00:20:00,13,2,18,0,20,920,22,"., PAVE DES GARDES (ROUT",,,Nuit avec éclairage allumé,En agglomération,Intersection en T,Normale,Deux véhicules - côté,,,,,,,,,,,5,2,3,1.0,3
201300040437,0013-02-19 08:17:00,13,2,19,8,17,920,72,8 MAI 1945 (RUE DU),,,Plein jour,En agglomération,Giratoire,Normale,Sans collision,,,,,,,,,,,1,2,6,1.0,7
201300040438,0013-02-28 20:40:00,13,2,28,20,40,920,22,"., PAVE DES GARDES (ROUT",,,Nuit avec éclairage allumé,En agglomération,Intersection en X,Normale,Deux véhicules - côté,,,,,,,,,,,5,2,2,1.0,3
201300040439,0013-03-07 16:55:00,13,3,7,16,55,920,72,"02, EUROPE (AVENUE DE L'",,,Plein jour,En agglomération,Hors intersection,Normale,Autre collision,,,,,,,,,,,1,2,1,1.0,6
201300040440,0013-03-09 22:50:00,13,3,9,22,50,920,72,"02, TROYON (RUE)",,,Nuit avec éclairage allumé,En agglomération,Hors intersection,Normale,Deux véhicules - arrière,,,,,,,,,,,5,2,1,1.0,2
201300040441,0013-03-15 08:15:00,13,3,15,8,15,920,77,"14, SEVRES (RUE DE)",,,Plein jour,En agglomération,Hors intersection,Normale,Sans collision,,,,,,,,,,,1,2,1,1.0,7
201300040442,0013-03-21 07:40:00,13,3,21,7,40,920,72,"77, BRANCAS (RUE)",,,Plein jour,En agglomération,Hors intersection,Normale,Autre collision,,,,,,,,,,,1,2,1,1.0,6
201300040443,0013-03-27 10:30:00,13,3,27,10,30,920,72,"27, EUROPE (AVENUE DE L'",,,Plein jour,En agglomération,Hors intersection,Normale,Deux véhicules - arrière,,,,,,,,,,,1,2,1,1.0,2
201300040444,0013-04-12 18:45:00,13,4,12,18,45,920,22,"., BOISSIER (AVENUE GAST",,,Plein jour,En agglomération,Intersection en X,Pluie légère,Deux véhicules - côté,,,,,,,,,,,1,2,2,2.0,3
201300040445,0013-04-18 13:10:00,13,4,18,13,10,920,72,"19, VILLE D'AVRAY (RUE D",,,Plein jour,En agglomération,Hors intersection,Normale,Deux véhicules - arrière,,,,,,,,,,,1,2,1,1.0,2
201300040446,0013-04-23 17:30:00,13,4,23,17,30,920,77,"01, MARNES (RUE DE)",,,Plein jour,En agglomération,Hors intersection,Normale,Autre collision,,,,,,,,,,,1,2,1,1.0,6
201300040447,0013-04-25 14:00:00,13,4,25,14,0,920,72,"., CHEVIRON (RUE DU PARC",,,Plein jour,En agglomération,Intersection en T,Normale,Autre collision,,,,,,,,,,,1,2,3,1.0,6