accident_id,datetime,annee,mois,jour,heure,minute,departement,commune_insee,adresse,latitude,longitude,luminosite,agglomeration,intersection,meteo,collision,nb_vehicules,nb_usagers,nb_indemnes,nb_tues,nb_blesses_hosp,nb_blesses_legers,age_cond_1,age_cond_2,veh_type_cond_1,veh_type_cond_2,lum_code,agg_code,int_code,atm_code,col_code
201300040448,0013-04-26 16:20:00,13,4,26,16,20,920,72,"., VILLE D'AVRAY (RUE DE",,,Plein jour,En agglomération,Hors intersection,Pluie légère,Deux véhicules - arrière,,,,,,,,,,,1,2,1,2.0,2
201300040449,0013-05-07 21:45:00,13,5,7,21,45,920,72,"01, GRANDE RUE",,,Nuit avec éclairage allumé,En agglomération,Hors intersection,Normale,Autre collision,,,,,,,,,,,5,2,1,1.0,6
201300040450,0013-05-14 17:30:00,13,5,14,17,30,920,77,"59, ST CLOUD (RUE DE)",,,Plein jour,En agglomération,Hors intersection,Normale,Deux véhicules - côté,,,,,,,,,,,1,2,1,1.0,3
201300040451,0013-05-17 02:10:00,13,5,17,2,10,920,72,"15-17, GRANDE RUE",,,Nuit avec éclairage allumé,En agglomération,Hors intersection,Normale,Sans collision,,,,,,,,,,,5,2,1,1.0,7
201300040452,0013-05-21 09:05:00,13,5,21,9,5,920,77,"41, SEVRES (RUE DE)",,,Plein jour,En agglomération,Hors intersection,Pluie forte,Sans collision,,,,,,,,,,,1,2,1,3.0,7
201300040453,0013-05-29 10:10:00,13,5,29,10,10,920,22,SALENGRO (AVENUE ROGER),,,Plein jour,En agglomération,Hors intersection,Normale,Autre collision,,,,,,,,,,,1,2,1,1.0,6
201300040454,0013-05-30 22:35:00,13,5,30,22,35,920,22,"23, REPUBLIQUE (BOULEVAR",,,Nuit avec éclairage allumé,En agglomération,Hors intersection,Pluie légère,Autre collision,,,,,,,,,,,5,2,1,2.0,6
201300040455,0013-06-04 11:55:00,13,6,4,11,55,920,22,"144, SALENGRO (AVENUE RO",,,Plein jour,En agglomération,Hors intersection,Normale,Autre collision,,,,,,,,,,,1,2,1,1.0,6
201300040456,0013-06-08 14:35:00,13,6,8,14,35,920,77,"119, VERSAILLES (RUE DE)",,,Plein jour,En agglomération,Hors intersection,Normale,Autre collision,,,,,,,,,,,1,2,1,1.0,6
201300040457,0013-06-12 14:10:00,13,6,12,14,10,920,72,"., SEE (AVENUE CAMILLE)",,,Plein jour,En agglomération,Hors intersection,Normale,Autre collision,,,,,,,,,,,1,2,1,1.0,6
201300040458,0013-06-14 20:35:00,13,6,14,20,35,920,22,"1467, SALENGRO (AVENUE R",,,Plein jour,En agglomération,Hors intersection,Normale,Deux véhicules - côté,,,,,,,,,,,1,2,1,1.0,3
201300040459,0013-06-15 13:50:00,13,6,15,13,50,920,72,"109, VILLE D'AVRAY (RUE",,,Plein jour,En agglomération,Hors intersection,Normale,Sans collision,,,,,,,,,,,1,2,1,1.0,7
201300040460,0013-06-16 12:30:00,13,6,16,12,30,920,72,"3, GRANDE RUE",,,Plein jour,En agglomération,Hors intersection,Normale,Deux véhicules - côté,,,,,,,,,,,1,2,1,1.0,3
201300040461,0013-06-22 09:50:00,13,6,22,9,50,920,22,"2129, SALENGRO (AVENUE R",,,Plein jour,En agglomération,Hors intersection,Normale,Deux véhicules - côté,,,,,,,,,,,1,2,1,1.0,3
201300040462,0013-06-22 11:15:00,13,6,22,11,15,920,72,"., LECOINTRE (RUE)",,,Plein jour,En agglomération,Hors intersection,Normale,Autre collision,,,,,,,,,,,1,2,1,1.0,6
201300040463,0013-06-22 21:20:00,13,6,22,21,20,920,22,"990, SALENGRO (AVENUE RO",,,Plein jour,En agglomération,Hors intersection,Normale,Deux véhicules - arrière,,,,,,,,,,,1,2,1,1.0,2
201300040464,0013-07-06 16:30:00,13,7,6,16,30,920,72,"02, TROYON (RUE)",,,Plein jour,En agglomération,Hors intersection,Normale,Sans collision,,,,,,,,,,,1,2,1,1.0,7
201300040465,0013-07-09 19:35:00,13,7,9,19,35,920,72,"., LECLERC (AVENUE DE LA",,,Plein jour,En agglomération,Giratoire,Normale,Deux véhicules - côté,,,,,,,,,,,1,2,6,1.0,3
201300040466,0013-07-11 17:40:00,13,7,11,17,40,920,77,"9, SEVRES (RUE DE)",,,Plein jour,En agglomération,Hors intersection,Normale,Autre collision,,,,,,,,,,,1,2,1,1.0,6
201300040467,0013-07-24 05:55:00,13,7,24,5,55,920,72,"., FONTAINES (RUE DES)",,,Plein jour,En agglomération,Hors intersection,Normale,Sans collision,,,,,,,,,,,1,2,1,1.0,7
201300040468,0013-07-25 14:30:00,13,7,25,14,30,920,72,"., SAINT CLOUD (RUE DE)",,,Plein jour,En agglomération,Hors intersection,Normale,Deux véhicules - arrière,,,,,,,,,,,1,2,1,1.0,2
201300040469,0013-07-31 22:09:00,13,7,31,22,9,920,22,"996, SALENGRO (AVENUE RO",,,Crépuscule ou aube,En agglomération,Hors intersection,Normale,Deux véhicules - côté,,,,,,,,,,,2,2,1,1.0,3
201300040470,0013-08-01 10:10:00,13,8,1,10,10,920,22,"1737, SALENGRO (AVENUE R",,,Plein jour,En agglomération,Hors intersection,Normale,Deux véhicules - arrière,,,,,,,,,,,1,2,1,1.0,2
201300040471,0013-08-03 16:50:00,13,8,3,16,50,920,72,"., PAVE DES GARDES (ROUT",,,Plein jour,En agglomération,Hors intersection,Normale,Autre collision,,,,,,,,,,,1,2,1,1.0,6
201300040472,0013-08-07 07:40:00,13,8,7,7,40,920,77,"3, DESVALLIERES (CHEMIN)",,,Crépuscule ou aube,En agglomération,Hors intersection,Pluie forte,Autre collision,,,,,,,,,,,2,2,1,3.0,6
201300040473,0013-08-12 11:50:00,13,8,12,11,50,920,72,"., TROYON (RUE)",,,Plein jour,En agglomération,Hors intersection,Normale,Trois véhicules et plus - en chaîne,,,,,,,,,,,1,2,1,1.0,4
201300040474,0013-08-30 10:45:00,13,8,30,10,45,920,77,"., SEVRES (RUE DE)",,,Plein jour,En agglomération,Intersection en X,Normale,Autre collision,,,,,,,,,,,1,2,2,1.0,6
201300040475,0013-09-05 08:40:00,13,9,5,8,40,920,72,"10, EUROPE (AVENUE DE L'",,,Plein jour,En agglomération,Hors intersection,Normale,Autre collision,,,,,,,,,,,1,2,1,1.0,6
201300040476,0013-09-09 08:25:00,13,9,9,8,25,920,77,"199, VERSAILLES (RUE DE)",,,Plein jour,En agglomération,Hors intersection,Normale,Autre collision,,,,,,,,,,,1,2,1,1.0,6
201300040477,0013-09-13 17:45:00,13,9,13,17,45,920,72,"114, VILLE D'AVRAY (RUE",,,Plein jour,En agglomération,Hors intersection,Pluie légère,Deux véhicules - arrière,,,,,,,,,,,1,2,1,2.0,2
201300040478,0013-09-25 21:20:00,13,9,25,21,20,920,77,"., SEVRES (RUE DE)",,,Plein jour,En agglomération,Intersection en X,Normale,Sans collision,,,,,,,,,,,1,2,2,1.0,7
201300040479,0013-09-29 01:05:00,13,9,29,1,5,920,72,"01, GRANDE RUE",,,Nuit avec éclairage allumé,En agglomération,Hors intersection,Pluie légère,Sans collision,,,,,,,,,,,5,2,1,2.0,7
201300040480,0013-10-01 08:45:00,13,10,1,8,45,920,72,"., PAVE DES GARDES (ROUT",,,Plein jour,En agglomération,Hors intersection,Normale,Autre collision,,,,,,,,,,,1,2,1,1.0,6
201300040481,0013-10-07 09:45:00,13,10,7,9,45,920,72,"34, RENAN (RUE ERNEST)",,,Plein jour,En agglomération,Hors intersection,Normale,Deux véhicules - côté,,,,,,,,,,,1,2,1,1.0,3
201300040482,0013-10-13 21:05:00,13,10,13,21,5,920,22,"7, SALENGRO (AVENUE ROGE",,,Nuit avec éclairage allumé,En agglomération,Hors intersection,Normale,Sans collision,,,,,,,,,,,5,2,1,1.0,7
201300040483,0013-10-20 18:05:00,13,10,20,18,5,920,77,"., SEVRES (RUE DE)",,,Plein jour,En agglomération,Intersection en T,Pluie forte,Deux véhicules - côté,,,,,,,,,,,1,2,3,3.0,3
201300040484,0013-11-05 16:45:00,13,11,5,16,45,920,22,"21, FRANCE (RUE ANATOLE)",,,Plein jour,En agglomération,Hors intersection,Pluie légère,Autre collision,,,,,,,,,,,1,2,1,2.0,6
201300040485,0013-10-30 19:25:00,13,10,30,19,25,920,72,"., SAINT CLOUD (RUE DE)",,,Nuit avec éclairage allumé,En agglomération,Hors intersection,Normale,Deux véhicules - arrière,,,,,,,,,,,5,2,1,1.0,2
201300040486,0013-11-10 15:30:00,13,11,10,15,30,920,77,"13, DESVALLIERES (CHEMIN",,,Plein jour,En agglomération,Intersection en T,Normale,Autre collision,,,,,,,,,,,1,2,3,1.0,6
201300040487,0013-11-11 01:45:00,13,11,11,1,45,920,72,"01, GRANDE RUE",,,Nuit avec éclairage allumé,En agglomération,Hors intersection,Normale,Deux véhicules - arrière,,,,,,,,,,,5,2,1,1.0,2
201300040488,0013-11-15 08:05:00,13,11,15,8,5,920,77,"01, MARNES (RUE DE)",,,Plein jour,En agglomération,Hors intersection,Pluie légère,Deux véhicules - côté,,,,,,,,,,,1,2,1,2.0,3
201300040489,0013-11-20 17:20:00,13,11,20,17,20,920,22,"2237, SALENGRO (AVENUE R",,,Nuit avec éclairage allumé,En agglomération,Hors intersection,Pluie forte,Deux véhicules - côté,,,,,,,,,,,5,2,1,3.0,3
201300040490,0013-11-20 19:10:00,13,11,20,19,10,920,22,"., CARNOT (RUE)",,,Nuit avec éclairage allumé,En agglomération,Hors intersection,Pluie forte,Deux véhicules - arrière,,,,,,,,,,,5,2,1,3.0,2
201300040491,0013-11-20 19:20:00,13,11,20,19,20,920,77,"02, BALZAC (AVENUE DE)",,,Nuit avec éclairage allumé,En agglomération,Hors intersection,Pluie légère,Deux véhicules - arrière,,,,,,,,,,,5,2,1,2.0,2
201300040492,0013-11-26 08:00:00,13,11,26,8,0,920,22,"22, FRANCE (RUE ANATOLE)",,,Plein jour,En agglomération,Hors intersection,Normale,Autre collision,,,,,,,,,,,1,2,1,1.0,6
201300040493,0013-12-07 13:05:00,13,12,7,13,5,920,77,"., LAROCHE (PLACE CHARLE",,,Plein jour,En agglomération,Intersection en X,Normale,Deux véhicules - côté,,,,,,,,,,,1,2,2,1.0,3
201300040494,0013-12-08 16:15:00,13,12,8,16,15,920,22,SALENGRO (AVENUE ROGER),,,Plein jour,En agglomération,Hors intersection,Normale,Sans collision,,,,,,,,,,,1,2,1,1.0,7
201300040495,0013-12-11 18:00:00,13,12,11,18,0,920,22,"706, SALENGRO (AVENUE RO",,,Nuit avec éclairage allumé,En agglomération,Hors intersection,Normale,Deux véhicules - côté,,,,,,,,,,,5,2,1,1.0,3
201300040496,0013-12-16 17:25:00,13,12,16,17,25,920,77,SEVRES (RUE DE),,,Nuit avec éclairage allumé,En agglomération,Intersection en X,Normale,Deux véhicules - côté,,,,,,,,,,,5,2,2,1.0,3
201300040497,0013-12-22 19:50:00,13,12,22,19,50,920,72,"., MANUFACTURE NATIONALE",,,Nuit sans éclairage public,En agglomération,Hors intersection,Normale,Deux véhicules - arrière,,,,,,,,,,,3,2,1,1.0,2
201300040498,0013-01-03 13:50:00,13,1,3,13,50,920,73,"04, VAL D'OR (RUE DU)",,,Plein jour,En agglomération,Intersection en T,Pluie légère,Autre collision,,,,,,,,,,,1,2,3,2.0,6
201300040499,0013-01-05 19:40:00,13,1,5,19,40,920,64,"272, REPUBLIQUE (Bouleva",,,Nuit avec éclairage allumé,En agglomération,Hors intersection,Pluie légère,Autre collision,,,,,,,,,,,5,2,1,2.0,6
201300040500,0013-01-08 18:00:00,13,1,8,18,0,920,73,"7, DASSAULT (QUAI MARCEL",,,Nuit avec éclairage allumé,En agglomération,Intersection en T,Normale,Deux véhicules - côté,,,,,,,,,,,5,2,3,1.0,3
201300040501,0013-01-13 14:25:00,13,1,13,14,25,920,73,"1, JAURES (AVENUE JEAN)",,,Plein jour,En agglomération,Hors intersection,Normale,Autre collision,,,,,,,,,,,1,2,1,1.0,6
201300040502,0013-01-17 09:40:00,13,1,17,9,40,920,73,"17, SELLIER (BOULEVARD H",,,Plein jour,En agglomération,Intersection en X,Normale,Deux véhicules - arrière,,,,,,,,,,,1,2,2,1.0,2
201300040503,0013-01-22 21:30:00,13,1,22,21,30,920,73,"10, MONGE (RUE MARCEL)",,,Nuit avec éclairage allumé,En agglomération,Hors intersection,Pluie légère,Sans collision,,,,,,,,,,,5,2,1,2.0,7
201300040504,0013-01-23 23:05:00,13,1,23,23,5,920,73,"32, SELLIER (BOULEVARD H",,,Nuit avec éclairage allumé,En agglomération,Intersection en T,Normale,Deux véhicules - côté,,,,,,,,,,,5,2,3,1.0,3
201300040505,0013-01-28 23:15:00,13,1,28,23,15,920,73,"72, CHERCHEVETS (RUE DES",,,Nuit avec éclairage allumé,En agglomération,Hors intersection,Normale,Sans collision,,,,,,,,,,,5,2,1,1.0,7
201300040506,0013-02-01 14:10:00,13,2,1,14,10,920,73,"53, SELLIER (BOULEVARD H",,,Plein jour,En agglomération,Hors intersection,Pluie légère,Trois véhicules et plus - en chaîne,,,,,,,,,,,1,2,1,2.0,4
201300040507,0013-02-07 07:55:00,13,2,7,7,55,920,73,"35, JAURES (AVENUE JEAN)",,,Plein jour,En agglomération,Intersection en T,Normale,Autre collision,,,,,,,,,,,1,2,3,1.0,6
201300040508,0013-02-16 21:55:00,13,2,16,21,55,920,73,"42, CHENES (RUE DES)",,,Nuit avec éclairage allumé,En agglomération,Intersection en X,Normale,Deux véhicules - côté,,,,,,,,,,,5,2,2,1.0,3
201300040509,0013-02-22 10:45:00,13,2,22,10,45,920,73,"24, GALLIENI (QUAI)",,,Plein jour,En agglomération,Hors intersection,Vent fort / tempête,Deux véhicules - côté,,,,,,,,,,,1,2,1,6.0,3
201300040510,0013-02-25 20:50:00,13,2,25,20,50,920,73,"37, DANTON (RUE)",,,Nuit avec éclairage allumé,En agglomération,Intersection en X,Neige / grêle,Sans collision,,,,,,,,,,,5,2,2,4.0,7
201300040511,0013-03-16 16:50:00,13,3,16,16,50,920,73,"83, VERDUN (RUE DE)",,,Plein jour,En agglomération,Hors intersection,Normale,Sans collision,,,,,,,,,,,1,2,1,1.0,7
201300040512,0013-03-18 06:10:00,13,3,18,6,10,920,73,"10, BLUM (QUAI LEON)",,,Crépuscule ou aube,En agglomération,Hors intersection,Normale,Deux véhicules - arrière,,,,,,,,,,,2,2,1,1.0,2
201300040513,0013-03-18 18:20:00,13,3,18,18,20,920,73,"15, GARIBALDI (RUE)",,,Plein jour,En agglomération,Hors intersection,Pluie légère,Deux véhicules - frontale,,,,,,,,,,,1,2,1,2.0,1
201300040514,0013-03-21 09:20:00,13,3,21,9,20,920,73,"2, GALLIENI (QUAI)",,,Plein jour,En agglomération,Intersection en T,Normale,Deux véhicules - côté,,,,,,,,,,,1,2,3,1.0,3
201300040515,0013-03-23 15:20:00,13,3,23,15,20,920,73,"60, DE LATTRE DE TASSIGN",,,Plein jour,En agglomération,Hors intersection,Normale,Deux véhicules - arrière,,,,,,,,,,,1,2,1,1.0,2
201300040516,0013-03-26 11:15:00,13,3,26,11,15,920,73,"4, MALON (RUE BENOIT)",,,Plein jour,En agglomération,Hors intersection,Normale,Autre collision,,,,,,,,,,,1,2,1,1.0,6
201300040517,0013-04-03 13:30:00,13,4,3,13,30,920,73,"34, ROUSSEAU (RUE JEAN-J",,,Plein jour,En agglomération,Hors intersection,Normale,Autre collision,,,,,,,,,,,1,2,1,1.0,6
201300040518,0013-04-27 19:35:00,13,4,27,19,35,920,73,"1, MAZARYK (PLACE JEAN)",,,Plein jour,En agglomération,Hors intersection,Normale,Autre collision,,,,,,,,,,,1,2,1,1.0,6
201300040519,0013-04-29 13:30:00,13,4,29,13,30,920,73,"57, SELLIER (BOULEVARD H",,,Plein jour,En agglomération,Hors intersection,Normale,Trois véhicules et plus - en chaîne,,,,,,,,,,,1,2,1,1.0,4
201300040520,0013-05-05 14:25:00,13,5,5,14,25,920,73,"33, GALLIENI (QUAI)",,,Plein jour,En agglomération,Intersection en T,Normale,Deux véhicules - côté,,,,,,,,,,,1,2,3,1.0,3
201300040521,0013-05-16 20:15:00,13,5,16,20,15,920,73,"39, DE LATTRE DE TASSIGN",,,Plein jour,En agglomération,Intersection en X,Normale,Deux véhicules - côté,,,,,,,,,,,1,2,2,1.0,3
201300040522,0013-05-28 09:30:00,13,5,28,9,30,920,73,"2, PORT-AUX-VINS (RUE DU",,,Plein jour,En agglomération,Hors intersection,Normale,Autre collision,,,,,,,,,,,1,2,1,1.0,6
201300040523,0013-05-30 20:00:00,13,5,30,20,0,920,73,"03, ROTHSCHILD (RUE SALO",,,Plein jour,En agglomération,Hors intersection,Pluie forte,Sans collision,,,,,,,,,,,1,2,1,3.0,7
201300040524,0013-06-01 18:05:00,13,6,1,18,5,920,73,"17, SELLIER (BOULEVARD H",,,Plein jour,En agglomération,Intersection en T,Normale,Autre collision,,,,,,,,,,,1,2,3,1.0,6
201300040525,0013-06-05 12:20:00,13,6,5,12,20,920,73,"12, BRIAND (BOULEVARD AR",,,Plein jour,En agglomération,Intersection en T,Normale,Deux véhicules - côté,,,,,,,,,,,1,2,3,1.0,3
201300040526,0013-06-09 01:05:00,13,6,9,1,5,920,73,"22, GALLIENI (QUAI)",,,Nuit avec éclairage allumé,En agglomération,Hors intersection,Normale,Deux véhicules - arrière,,,,,,,,,,,5,2,1,1.0,2
201300040527,0013-06-11 10:10:00,13,6,11,10,10,920,73,"31, GALLIENI (QUAI)",,,Plein jour,En agglomération,Hors intersection,Normale,Trois véhicules et plus - collisions multiples,,,,,,,,,,,1,2,1,1.0,5
201300040528,0013-06-14 12:10:00,13,6,14,12,10,920,73,"9, SELLIER (BOULEVARD HE",,,Plein jour,En agglomération,Hors intersection,Normale,Autre collision,,,,,,,,,,,1,2,1,1.0,6
201300040529,0013-06-15 19:55:00,13,6,15,19,55,920,73,"27, MOULINEAUX (RUE DES)",,,Plein jour,En agglomération,Hors intersection,Normale,Sans collision,,,,,,,,,,,1,2,1,1.0,7
201300040530,0013-06-20 18:15:00,13,6,20,18,15,920,73,"120, CARNOT (RUE)",,,Plein jour,En agglomération,Hors intersection,Normale,Deux véhicules - côté,,,,,,,,,,,1,2,1,1.0,3
201300040531,0013-06-21 16:25:00,13,6,21,16,25,920,73,"143, SELLIER (BOULEVARD",,,Plein jour,En agglomération,Hors intersection,Normale,Sans collision,,,,,,,,,,,1,2,1,1.0,7
201300040532,0013-07-04 12:50:00,13,7,4,12,50,920,73,"138, SELLIER (BOULEVARD",,,Plein jour,En agglomération,Hors intersection,Normale,Autre collision,,,,,,,,,,,1,2,1,1.0,6
201300040533,0013-07-06 06:45:00,13,7,6,6,45,920,73,"100, SELLIER (BOULEVARD",,,Plein jour,En agglomération,Hors intersection,Normale,Autre collision,,,,,,,,,,,1,2,1,1.0,6
201300040534,0013-07-12 21:45:00,13,7,12,21,45,920,73,"25, GAMBETTA (RUE)",,,Nuit avec éclairage allumé,En agglomération,Hors intersection,Normale,Deux véhicules - arrière,,,,,,,,,,,5,2,1,1.0,2
201300040535,0013-07-17 09:15:00,13,7,17,9,15,920,73,"69, BAS ROGERS (RUE DES)",,,Plein jour,En agglomération,Hors intersection,Normale,Deux véhicules - côté,,,,,,,,,,,1,2,1,1.0,3
201300040536,0013-07-26 08:00:00,13,7,26,8,0,920,73,"35, VOLTAIRE (RUE)",,,Plein jour,En agglomération,Intersection en T,Pluie légère,Deux véhicules - arrière,,,,,,,,,,,1,2,3,2.0,2
201300040537,0013-08-04 01:10:00,13,8,4,1,10,920,73,"174, SELLIER (BOULEVARD",,,Nuit avec éclairage allumé,En agglomération,Intersection en T,Normale,Deux véhicules - côté,,,,,,,,,,,5,2,3,1.0,3
201300040538,0013-08-23 09:00:00,13,8,23,9,0,920,73,"6, JAURES (AVENUE JEAN)",,,Plein jour,En agglomération,Hors intersection,Normale,Deux véhicules - côté,,,,,,,,,,,1,2,1,1.0,3
201300040539,0013-09-12 12:00:00,13,9,12,12,0,920,73,"19, PROCESSION (RUE DE L",,,Plein jour,En agglomération,Hors intersection,Normale,Autre collision,,,,,,,,,,,1,2,1,1.0,6
201300040540,0013-09-17 08:45:00,13,9,17,8,45,920,73,"69, SELLIER (BOULEVARD H",,,Plein jour,En agglomération,Hors intersection,Pluie légère,Sans collision,,,,,,,,,,,1,2,1,2.0,7
201300040541,0013-09-19 17:55:00,13,9,19,17,55,920,73,"21, JAURES (AVENUE JEAN)",,,Plein jour,En agglomération,Hors intersection,Normale,Autre collision,,,,,,,,,,,1,2,1,1.0,6
201300040542,0013-09-26 19:05:00,13,9,26,19,5,920,73,"19, SELLIER (BOULEVARD H",,,Plein jour,En agglomération,Intersection en T,Normale,Deux véhicules - côté,,,,,,,,,,,1,2,3,1.0,3
201300040543,0013-10-02 07:45:00,13,10,2,7,45,920,73,"12, LOUCHEUR (BOULEVARD",,,Crépuscule ou aube,En agglomération,Hors intersection,Normale,Deux véhicules - arrière,,,,,,,,,,,2,2,1,1.0,2
201300040544,0013-10-04 12:45:00,13,10,4,12,45,920,73,"12, SELLIER (BOULEVARD H",,,Plein jour,En agglomération,Hors intersection,Normale,Deux véhicules - côté,,,,,,,,,,,1,2,1,1.0,3
201300040545,0013-10-05 20:40:00,13,10,5,20,40,920,73,MALON (RUE BENOIT),,,Nuit avec éclairage allumé,En agglomération,Intersection en T,Normale,Deux véhicules - côté,,,,,,,,,,,5,2,3,1.0,3
201300040546,0013-10-08 17:15:00,13,10,8,17,15,920,73,"22, GALLIENI (QUAI)",,,Plein jour,En agglomération,Hors intersection,Normale,Trois véhicules et plus - collisions multiples,,,,,,,,,,,1,2,1,1.0,5
201300040547,0013-10-09 16:55:00,13,10,9,16,55,920,73,"49, CARON (RUE ALBERT)",,,Plein jour,En agglomération,Intersection en T,Pluie légère,Deux véhicules - côté,,,,,,,,,,,1,2,3,2.0,3
201300040548,0013-10-09 17:50:00,13,10,9,17,50,920,73,"40, SELLIER (BOULEVARD H",,,Plein jour,En agglomération,Intersection en T,Pluie forte,Sans collision,,,,,,,,,,,1,2,3,3.0,7
201300040549,0013-10-15 09:45:00,13,10,15,9,45,920,73,"13, GALLIENI (QUAI)",,,Plein jour,En agglomération,Intersection en T,Normale,Deux véhicules - côté,,,,,,,,,,,1,2,3,1.0,3
201300040550,0013-10-22 08:55:00,13,10,22,8,55,920,73,"19, FUSILLES DE LA RESIS",,,Plein jour,En agglomération,Hors intersection,Normale,Deux véhicules - côté,,,,,,,,,,,1,2,1,1.0,3
201300040551,0013-10-23 16:50:00,13,10,23,16,50,920,73,"132, SELLIER (BOULEVARD",,,Plein jour,En agglomération,Intersection en T,Normale,Deux véhicules - côté,,,,,,,,,,,1,2,3,1.0,3
201300040552,0013-11-03 02:35:00,13,11,3,2,35,920,73,"132, SELLIER (BOULEVARD",,,Nuit avec éclairage allumé,En agglomération,Hors intersection,Normale,Autre collision,,,,,,,,,,,5,2,1,1.0,6
201300040553,0013-11-05 18:05:00,13,11,5,18,5,920,73,SELLIER (BOULEVARD HENRI,,,Crépuscule ou aube,En agglomération,Hors intersection,Pluie légère,Sans collision,,,,,,,,,,,2,2,1,2.0,7
201300040554,0013-11-08 07:40:00,13,11,8,7,40,920,73,FECHERAY (RUE DU),,,Crépuscule ou aube,En agglomération,Intersection en T,Pluie légère,Deux véhicules - côté,,,,,,,,,,,2,2,3,2.0,3
201300040555,0013-11-08 09:20:00,13,11,8,9,20,920,73,"135, SELLIER (BOULEVARD",,,Plein jour,En agglomération,Hors intersection,Pluie légère,Deux véhicules - arrière,,,,,,,,,,,1,2,1,2.0,2
201300040556,0013-11-10 21:45:00,13,11,10,21,45,920,73,"75, DE LATTRE DE TASSIGN",,,Nuit avec éclairage allumé,En agglomération,Hors intersection,Normale,Deux véhicules - côté,,,,,,,,,,,5,2,1,1.0,3
201300040557,0013-11-13 08:55:00,13,11,13,8,55,920,73,"70, PROCESSION (RUE DE L",,,Plein jour,En agglomération,Intersection en X,Normale,Autre collision,,,,,,,,,,,1,2,2,1.0,6
201300040558,0013-11-30 13:00:00,13,11,30,13,0,920,73,"12, VERDUN (RUE DE)",,,Plein jour,En agglomération,Hors intersection,Normale,Deux véhicules - arrière,,,,,,,,,,,1,2,1,1.0,2
201300040559,0013-12-03 18:05:00,13,12,3,18,5,920,73,"0, PROCESSION (RUE DE LA",,,Nuit sans éclairage public,En agglomération,Hors intersection,Normale,Deux véhicules - frontale,,,,,,,,,,,3,2,1,1.0,1
201300040560,0013-12-04 09:10:00,13,12,4,9,10,920,73,"18, RATRAIT (RUE DU)",,,Plein jour,En agglomération,Hors intersection,Normale,Autre collision,,,,,,,,,,,1,2,1,1.0,6
201300040561,0013-12-04 16:30:00,13,12,4,16,30,920,73,"37, LIBERTE (RUE DE LA)",,,Crépuscule ou aube,En agglomération,Intersection en T,Normale,Deux véhicules - côté,,,,,,,,,,,2,2,3,1.0,3
201300040562,0013-12-12 20:05:00,13,12,12,20,5,920,73,"152, SELLIER (BOULEVARD",,,Nuit avec éclairage allumé,En agglomération,Hors intersection,Normale,Deux véhicules - côté,,,,,,,,,,,5,2,1,1.0,3
201300040563,0013-12-19 18:40:00,13,12,19,18,40,920,73,"22, ROTHSCHILD (RUE SALO",,,Nuit avec éclairage allumé,En agglomération,Hors intersection,Normale,Deux véhicules - côté,,,,,,,,,,,5,2,1,1.0,3
201300040564,0013-01-13 20:30:00,13,1,13,20,30,920,46,"., GABRIEL PERI",,,Nuit avec éclairage allumé,En agglomération,Intersection en X,Pluie légère,Deux véhicules - côté,,,,,,,,,,,5,2,2,2.0,3
201300040565,0013-01-16 13:25:00,13,1,16,13,25,920,75,JULLIEN (RUE),,,Plein jour,En agglomération,Intersection en T,Normale,Autre collision,,,,,,,,,,,1,2,3,1.0,6
201300040566,0013-02-05 21:55:00,13,2,5,21,55,920,46,"14, AVAULEE (RUE)",,,Nuit avec éclairage allumé,En agglomération,Hors intersection,Normale,Autre collision,,,,,,,,,,,5,2,1,1.0,6
201300040567,0013-02-09 15:30:00,13,2,9,15,30,920,46,"29, GABRIEL CRIE (RUE)",,,Plein jour,En agglomération,Intersection en T,Normale,Autre collision,,,,,,,,,,,1,2,3,1.0,6
201300040568,0013-02-11 14:00:00,13,2,11,14,0,920,75,"10, LARMEROUX (RUE)",,,Plein jour,En agglomération,Hors intersection,Normale,Deux véhicules - côté,,,,,,,,,,,1,2,1,1.0,3
201300040569,0013-02-12 15:30:00,13,2,12,15,30,920,75,"., CARREFOUR DE L'INSURR",,,Plein jour,En agglomération,Giratoire,Normale,Deux véhicules - côté,,,,,,,,,,,1,2,6,1.0,3
201300040570,0013-02-20 09:25:00,13,2,20,9,25,920,46,"21, DE STALINGRAD",,,Plein jour,En agglomération,Intersection en T,Normale,Deux véhicules - côté,,,,,,,,,,,1,2,3,1.0,3
201300040571,0013-03-05 07:50:00,13,3,5,7,50,920,75,"., ALBERT CULOT (PLACE)",,,Plein jour,En agglomération,Place,Normale,Sans collision,,,,,,,,,,,1,2,7,1.0,7
201300040572,0013-03-08 05:00:00,13,3,8,5,0,920,46,"46, AVAULEE (RUE)",,,Nuit avec éclairage allumé,En agglomération,Hors intersection,Pluie légère,Sans collision,,,,,,,,,,,5,2,1,2.0,7
201300040573,0013-03-29 08:30:00,13,3,29,8,30,920,46,"., CLOS MONTHOLON (PLACE",,,Plein jour,En agglomération,Hors intersection,Normale,Deux véhicules - arrière,,,,,,,,,,,1,2,1,1.0,2
201300040574,0013-03-30 17:20:00,13,3,30,17,20,920,46,"., youri GAGARINE (rond",,,Plein jour,En agglomération,Giratoire,Normale,Autre collision,,,,,,,,,,,1,2,6,1.0,6
201300040575,0013-04-12 15:00:00,13,4,12,15,0,920,46,"34, Paul vaillant coutur",,,Plein jour,En agglomération,Hors intersection,Normale,Autre collision,,,,,,,,,,,1,2,1,1.0,6
201300040576,0013-04-17 16:45:00,13,4,17,16,45,920,46,"50, PAUL BERT (RUE)",,,Plein jour,En agglomération,Hors intersection,Normale,Autre collision,,,,,,,,,,,1,2,1,1.0,6