accident_id,datetime,annee,mois,jour,heure,minute,departement,commune_insee,adresse,latitude,longitude,luminosite,agglomeration,intersection,meteo,collision,nb_vehicules,nb_usagers,nb_indemnes,nb_tues,nb_blesses_hosp,nb_blesses_legers,age_cond_1,age_cond_2,veh_type_cond_1,veh_type_cond_2,lum_code,agg_code,int_code,atm_code,col_code
201300040577,0013-04-21 12:50:00,13,4,21,12,50,920,46,"143, GABRIEL PERI (BOULE",,,Plein jour,En agglomération,Hors intersection,Normale,Autre collision,,,,,,,,,,,1,2,1,1.0,6
201300040578,0013-04-21 00:10:00,13,4,21,0,10,920,46,"84, CAMELINAT",,,Nuit avec éclairage allumé,En agglomération,Hors intersection,Normale,Deux véhicules - côté,,,,,,,,,,,5,2,1,1.0,3
201300040579,0013-04-24 20:15:00,13,4,24,20,15,920,46,"28, DE STALINGRAD",,,Nuit avec éclairage allumé,En agglomération,Hors intersection,Normale,Deux véhicules - arrière,,,,,,,,,,,5,2,1,1.0,2
201300040580,0013-04-26 16:45:00,13,4,26,16,45,920,46,"., EUGENE VARLIN",,,Plein jour,En agglomération,Intersection en X,Pluie légère,Deux véhicules - côté,,,,,,,,,,,1,2,2,2.0,3
201300040581,0013-05-15 09:40:00,13,5,15,9,40,920,75,"18, LARMEROUX (RUE)",,,Plein jour,En agglomération,Hors intersection,Normale,Autre collision,,,,,,,,,,,1,2,1,1.0,6
201300040582,0013-05-16 15:35:00,13,5,16,15,35,920,46,"., ETIENNE DOLET (RUE)",,,Plein jour,En agglomération,Intersection en T,Pluie légère,Autre collision,,,,,,,,,,,1,2,3,2.0,6
201300040583,0013-05-16 19:25:00,13,5,16,19,25,920,46,"64, GABRIEL PERI (BOULEV",,,Plein jour,En agglomération,Hors intersection,Normale,Autre collision,,,,,,,,,,,1,2,1,1.0,6
201300040584,0013-06-04 14:05:00,13,6,4,14,5,920,75,"., EUGENE VARLIN (RUE)",,,Plein jour,En agglomération,Intersection en X,Normale,Sans collision,,,,,,,,,,,1,2,2,1.0,7
201300040585,0013-05-29 20:00:00,13,5,29,20,0,920,75,"108, VICTOR HUGO (AVENUE",,,Crépuscule ou aube,En agglomération,Hors intersection,Normale,Deux véhicules - côté,,,,,,,,,,,2,2,1,1.0,3
201300040586,0013-06-12 19:50:00,13,6,12,19,50,920,46,"25, DE STALINGRAD",,,Plein jour,En agglomération,Hors intersection,Normale,Autre collision,,,,,,,,,,,1,2,1,1.0,6
201300040587,0013-06-13 16:00:00,13,6,13,16,0,920,75,"26, Antoine Fratacci",,,Plein jour,En agglomération,Hors intersection,Normale,Autre collision,,,,,,,,,,,1,2,1,1.0,6
201300040588,0013-06-14 10:05:00,13,6,14,10,5,920,46,"38, PIERRE BROSSOLETTE",,,Plein jour,En agglomération,Hors intersection,Normale,Deux véhicules - côté,,,,,,,,,,,1,2,1,1.0,3
201300040589,0013-06-21 00:30:00,13,6,21,0,30,920,46,"., PIERRE BROSSOLETTE",,,Nuit avec éclairage allumé,En agglomération,Intersection en X,Pluie légère,Deux véhicules - côté,,,,,,,,,,,5,2,2,2.0,3
201300040590,0013-06-21 13:50:00,13,6,21,13,50,920,46,"., CAMELINAT",,,Plein jour,En agglomération,Intersection en X,Temps couvert,Deux véhicules - côté,,,,,,,,,,,1,2,2,8.0,3
201300040591,0013-06-19 14:10:00,13,6,19,14,10,920,75,"55, RAYMOND MARCHERON (R",,,Plein jour,Hors agglomération,Giratoire,Normale,Autre collision,,,,,,,,,,,1,1,6,1.0,6
201300040592,0013-07-03 15:40:00,13,7,3,15,40,920,75,"., LARMEROUX (RUE)",,,Plein jour,En agglomération,Intersection à plus de 4 branches,Normale,Autre collision,,,,,,,,,,,1,2,5,1.0,6
201300040593,0013-07-17 22:10:00,13,7,17,22,10,920,46,"., CLOS MONTHOLON (PLACE",,,Nuit avec éclairage allumé,En agglomération,Place,Normale,Deux véhicules - côté,,,,,,,,,,,5,2,7,1.0,3
201300040594,0013-07-24 19:20:00,13,7,24,19,20,920,46,"2, PIERRE BROSSOLETTE",,,Plein jour,En agglomération,Hors intersection,Normale,Sans collision,,,,,,,,,,,1,2,1,1.0,7
201300040595,0013-07-28 16:00:00,13,7,28,16,0,920,75,"., CARREFOUR DE L'INSURR",,,Plein jour,En agglomération,Giratoire,Normale,Autre collision,,,,,,,,,,,1,2,6,1.0,6
201300040596,0013-07-29 19:10:00,13,7,29,19,10,920,46,"., CAMELINAT",,,Crépuscule ou aube,En agglomération,Intersection en X,Pluie légère,Autre collision,,,,,,,,,,,2,2,2,2.0,6
201300040597,0013-07-31 15:05:00,13,7,31,15,5,920,46,"136, GABRIEL PERI (BOULE",,,Plein jour,En agglomération,Hors intersection,Normale,Autre collision,,,,,,,,,,,1,2,1,1.0,6
201300040598,0013-08-06 15:55:00,13,8,6,15,55,920,46,"., SALVADOR ALLENDE (RUE",,,Plein jour,En agglomération,Intersection en T,Normale,Autre collision,,,,,,,,,,,1,2,3,1.0,6
201300040599,0013-08-06 19:10:00,13,8,6,19,10,920,46,"2-4, PIERRE BROSSOLETTE",,,Plein jour,En agglomération,Hors intersection,Normale,Autre collision,,,,,,,,,,,1,2,1,1.0,6
201300040600,0013-08-18 19:45:00,13,8,18,19,45,920,75,"04, SADI CARNOT (RUE)",,,Crépuscule ou aube,En agglomération,Hors intersection,Normale,Autre collision,,,,,,,,,,,2,2,1,1.0,6
201300040601,0013-08-31 11:05:00,13,8,31,11,5,920,75,"., DE GAULLE (AVENUE DU",,,Plein jour,En agglomération,Intersection en X,Normale,Deux véhicules - côté,,,,,,,,,,,1,2,2,1.0,3
201300040602,0013-09-07 15:55:00,13,9,7,15,55,920,46,"75, PIERRE LAROUSSE (AVE",,,Plein jour,En agglomération,Intersection en X,Normale,Autre collision,,,,,,,,,,,1,2,2,1.0,6
201300040603,0013-09-13 09:00:00,13,9,13,9,0,920,75,"51, LYCEE (BOULEVARD DU)",,,Plein jour,En agglomération,Hors intersection,Pluie légère,Deux véhicules - côté,,,,,,,,,,,1,2,1,2.0,3
201300040604,0013-09-19 17:10:00,13,9,19,17,10,920,46,"., PIERRE BROSSOLETTE",,,Plein jour,En agglomération,Intersection en T,Normale,Sans collision,,,,,,,,,,,1,2,3,1.0,7
201300040605,0013-09-21 06:25:00,13,9,21,6,25,920,46,"., HENRI BARBUSSE (ROND",,,Nuit avec éclairage allumé,En agglomération,Giratoire,Normale,Sans collision,,,,,,,,,,,5,2,6,1.0,7
201300040606,0013-09-24 12:00:00,13,9,24,12,0,920,46,"112, CAMELINAT",,,Plein jour,En agglomération,Intersection en X,Normale,Deux véhicules - arrière,,,,,,,,,,,1,2,2,1.0,2
201300040607,0013-09-24 19:25:00,13,9,24,19,25,920,75,"18, Antoine Fratacci",,,Crépuscule ou aube,En agglomération,Hors intersection,Normale,Deux véhicules - côté,,,,,,,,,,,2,2,1,1.0,3
201300040608,0013-09-25 16:25:00,13,9,25,16,25,920,46,"., PIERRE BROSSOLETTE",,,Plein jour,En agglomération,Intersection en X,Normale,Deux véhicules - côté,,,,,,,,,,,1,2,2,1.0,3
201300040609,0013-09-28 19:20:00,13,9,28,19,20,920,46,"130, PIERRE BROSSOLETTE",,,Nuit avec éclairage allumé,En agglomération,Intersection en X,Normale,Autre collision,,,,,,,,,,,5,2,2,1.0,6
201300040610,0013-09-30 17:00:00,13,9,30,17,0,920,46,"40, PIERRE VALETTE (RUE)",,,Plein jour,En agglomération,Hors intersection,Normale,Autre collision,,,,,,,,,,,1,2,1,1.0,6
201300040611,0013-10-01 09:10:00,13,10,1,9,10,920,46,"., FRERES VIGOUROUX (RUE",,,Plein jour,En agglomération,Intersection en X,Normale,Deux véhicules - côté,,,,,,,,,,,1,2,2,1.0,3
201300040612,0013-10-03 08:20:00,13,10,3,8,20,920,46,"., GABRIEL PERI (BOULEVA",,,Plein jour,En agglomération,Intersection en X,Normale,Deux véhicules - arrière,,,,,,,,,,,1,2,2,1.0,2
201300040613,0013-10-08 14:50:00,13,10,8,14,50,920,75,"40, JEAN BLEUZEN (RUE)",,,Plein jour,En agglomération,Hors intersection,Normale,Trois véhicules et plus - collisions multiples,,,,,,,,,,,1,2,1,1.0,5
201300040614,0013-10-10 19:00:00,13,10,10,19,0,920,46,"., DOUZE FEVRIER 1934 (A",,,Nuit avec éclairage allumé,En agglomération,Intersection en X,Pluie légère,Autre collision,,,,,,,,,,,5,2,2,2.0,6
201300040615,0013-10-10 17:15:00,13,10,10,17,15,920,46,"9, FABIEN (BOULEVARD DU",,,Plein jour,En agglomération,Hors intersection,Normale,Deux véhicules - arrière,,,,,,,,,,,1,2,1,1.0,2
201300040616,0013-10-12 16:45:00,13,10,12,16,45,920,46,"19, ETIENNE DOLET (RUE)",,,Plein jour,En agglomération,Intersection en X,Normale,Deux véhicules - côté,,,,,,,,,,,1,2,2,1.0,3
201300040617,0013-10-19 23:00:00,13,10,19,23,0,920,46,"164, CAMELINAT",,,Nuit avec éclairage allumé,En agglomération,Hors intersection,Normale,Deux véhicules - arrière,,,,,,,,,,,5,2,1,1.0,2
201300040618,0013-10-22 19:30:00,13,10,22,19,30,920,75,"38, RAYMOND MARCHERON (R",,,Nuit avec éclairage allumé,En agglomération,Intersection en X,Pluie légère,Autre collision,,,,,,,,,,,5,2,2,2.0,6
201300040619,0013-11-01 14:10:00,13,11,1,14,10,920,46,"., GABRIEL PERI (BOULEVA",,,Plein jour,En agglomération,Intersection en T,Pluie légère,Sans collision,,,,,,,,,,,1,2,3,2.0,7
201300040620,0013-11-02 18:15:00,13,11,2,18,15,920,46,"11, FABIEN (BOULEVARD DU",,,Nuit avec éclairage allumé,En agglomération,Hors intersection,Normale,Trois véhicules et plus - en chaîne,,,,,,,,,,,5,2,1,1.0,4
201300040621,0013-11-03 19:00:00,13,11,3,19,0,920,46,", AVAULEE (RUE)",,,Nuit avec éclairage allumé,En agglomération,Intersection en X,Normale,Autre collision,,,,,,,,,,,5,2,2,1.0,6
201300040622,0013-11-04 08:30:00,13,11,4,8,30,920,75,"., CARREFOUR DE L'INSURR",,,Plein jour,En agglomération,Giratoire,Pluie forte,Deux véhicules - côté,,,,,,,,,,,1,2,6,3.0,3
201300040623,0013-11-05 07:20:00,13,11,5,7,20,920,75,"3, JEAN JAURES (RUE)",,,Nuit avec éclairage allumé,En agglomération,Hors intersection,Pluie légère,Deux véhicules - côté,,,,,,,,,,,5,2,1,2.0,3
201300040624,0013-11-08 09:25:00,13,11,8,9,25,920,75,"22, RAYMOND MARCHERON (R",,,Plein jour,En agglomération,Intersection en T,Pluie forte,Autre collision,,,,,,,,,,,1,2,3,3.0,6
201300040625,0013-11-10 16:30:00,13,11,10,16,30,920,75,"., DE GAULLE (AVENUE DU",,,Plein jour,En agglomération,Intersection à plus de 4 branches,Normale,Deux véhicules - côté,,,,,,,,,,,1,2,5,1.0,3
201300040626,0013-11-18 18:10:00,13,11,18,18,10,920,75,"., GAUDRAY (RUE)",,,Crépuscule ou aube,En agglomération,Intersection en X,Normale,Sans collision,,,,,,,,,,,2,2,2,1.0,7
201300040627,0013-11-18 15:05:00,13,11,18,15,5,920,46,"., GABRIEL PERI",,,Plein jour,En agglomération,Intersection en X,Normale,Autre collision,,,,,,,,,,,1,2,2,1.0,6
201300040628,0013-11-19 10:05:00,13,11,19,10,5,920,46,"., GABRIEL PERI (BOULEVA",,,Plein jour,En agglomération,Intersection en X,Pluie légère,Autre collision,,,,,,,,,,,1,2,2,2.0,6
201300040629,0013-11-20 11:30:00,13,11,20,11,30,920,46,"53, DE STALINGRAD",,,Plein jour,En agglomération,Hors intersection,Normale,Autre collision,,,,,,,,,,,1,2,1,1.0,6
201300040630,0013-11-29 21:00:00,13,11,29,21,0,920,75,"108, SADI CARNOT (RUE)",,,Nuit avec éclairage allumé,En agglomération,Hors intersection,Normale,Autre collision,,,,,,,,,,,5,2,1,1.0,6
201300040631,0013-12-04 19:35:00,13,12,4,19,35,920,75,"., JEAN BLEUZEN (RUE)",,,Nuit avec éclairage allumé,En agglomération,Intersection en T,Normale,Deux véhicules - côté,,,,,,,,,,,5,2,3,1.0,3
201300040632,0013-12-06 17:00:00,13,12,6,17,0,920,75,"., EUGENE BAUDOIN (RUE)",,,Crépuscule ou aube,En agglomération,Intersection à plus de 4 branches,Normale,Deux véhicules - côté,,,,,,,,,,,2,2,5,1.0,3
201300040633,0013-12-19 13:20:00,13,12,19,13,20,920,46,"40, Paul vaillant coutur",,,Plein jour,En agglomération,Hors intersection,Pluie légère,Autre collision,,,,,,,,,,,1,2,1,2.0,6
201300040634,0013-12-20 17:40:00,13,12,20,17,40,920,46,"28, DE STALINGRAD",,,Crépuscule ou aube,En agglomération,Hors intersection,Normale,Sans collision,,,,,,,,,,,2,2,1,1.0,7
201300040635,0013-01-03 20:00:00,13,1,3,20,0,920,78,CHARLES DE GAULLE (BD)(7,,,Nuit avec éclairage allumé,En agglomération,Hors intersection,Pluie légère,Deux véhicules - arrière,,,,,,,,,,,5,2,1,2.0,2
201300040636,0013-01-04 22:00:00,13,1,4,22,0,920,78,"17/33, JEAN JAURES (RUE)",,,Nuit avec éclairage allumé,En agglomération,Hors intersection,Normale,Sans collision,,,,,,,,,,,5,2,1,1.0,7
201300040637,0013-01-14 17:20:00,13,1,14,17,20,920,78,"270, CHARLES DE GAULLE (",,,Nuit avec éclairage allumé,En agglomération,Hors intersection,Normale,Autre collision,,,,,,,,,,,5,2,1,1.0,6
201300040638,0013-01-24 18:15:00,13,1,24,18,15,920,78,VIEUX CHEMIN DE ST DENIS,,,Nuit avec éclairage allumé,En agglomération,Intersection en T,Normale,Deux véhicules - côté,,,,,,,,,,,5,2,3,1.0,3
201300040639,0013-02-08 08:50:00,13,2,8,8,50,920,78,"0, VERDUN (AVENUE) (PAIR",,,Plein jour,En agglomération,Hors intersection,Normale,Autre collision,,,,,,,,,,,1,2,1,1.0,6
201300040640,0013-02-11 13:25:00,13,2,11,13,25,920,78,"06, PHILIPPE LEBON (AVEN",,,Plein jour,En agglomération,Hors intersection,Normale,Autre collision,,,,,,,,,,,1,2,1,1.0,6
201300040641,0013-02-12 11:23:00,13,2,12,11,23,920,78,"0, FOND DE LA NOUE (RUE)",,,Plein jour,En agglomération,Autre intersection,Pluie légère,Autre collision,,,,,,,,,,,1,2,9,2.0,6
201300040642,0013-03-01 22:00:00,13,3,1,22,0,920,78,"8, BONGARDE (RUE)",,,Nuit avec éclairage allumé,En agglomération,Hors intersection,Neige / grêle,Autre collision,,,,,,,,,,,5,2,1,4.0,6
201300040643,0013-03-11 13:10:00,13,3,11,13,10,920,78,GALLIENI (BD) (1 A 79 ET,,,Plein jour,En agglomération,Hors intersection,Autre,Deux véhicules - côté,,,,,,,,,,,1,2,1,9.0,3
201300040644,0013-04-05 14:10:00,13,4,5,14,10,920,78,VERDUN (AVENUE) (IMPAIRS,,,Plein jour,Hors agglomération,Intersection en T,Normale,Sans collision,,,,,,,,,,,1,1,3,1.0,7
201300040645,0013-05-26 06:00:00,13,5,26,6,0,920,78,"1, VERDUN (AVENUE) (IMPA",,,Crépuscule ou aube,En agglomération,Intersection en X,Normale,Sans collision,,,,,,,,,,,2,2,2,1.0,7
201300040646,0013-06-22 18:25:00,13,6,22,18,25,920,78,"NR, MARECHAL DELATTRE DE",,,Plein jour,En agglomération,Hors intersection,Normale,Autre collision,,,,,,,,,,,1,2,1,1.0,6
201300040647,0013-07-21 21:35:00,13,7,21,21,35,920,78,"0, ACACIAS (ALLEE)",,,Plein jour,En agglomération,Intersection en T,Normale,Sans collision,,,,,,,,,,,1,2,3,1.0,7
201300040648,0013-07-25 12:10:00,13,7,25,12,10,920,78,"0, JEAN MERMOZ (AVENUE)",,,Plein jour,En agglomération,Hors intersection,Normale,Deux véhicules - côté,,,,,,,,,,,1,2,1,1.0,3
201300040649,0013-07-29 21:40:00,13,7,29,21,40,920,78,"154, GALLIENI (BD) (154",,,Nuit avec éclairage allumé,En agglomération,Intersection en T,Pluie légère,Deux véhicules - frontale,,,,,,,,,,,5,2,3,2.0,1
201300040650,0013-07-31 19:45:00,13,7,31,19,45,920,78,"44, LONGUE BERTRANE (RUE",,,Plein jour,En agglomération,Hors intersection,Normale,Autre collision,,,,,,,,,,,1,2,1,1.0,6
201300040651,0013-09-03 19:00:00,13,9,3,19,0,920,78,"1, VERDUN (AVENUE) (IMPA",,,Plein jour,En agglomération,Intersection en X,Normale,Deux véhicules - côté,,,,,,,,,,,1,2,2,1.0,3
201300040652,0013-09-03 19:35:00,13,9,3,19,35,920,78,LONGUE BERTRANE (RUE),,,Plein jour,En agglomération,Hors intersection,Normale,Deux véhicules - côté,,,,,,,,,,,1,2,1,1.0,3
201300040653,0013-09-07 12:45:00,13,9,7,12,45,920,78,"0, CHARLES DE GAULLE (BD",,,Plein jour,En agglomération,Intersection en X,Normale,Deux véhicules - côté,,,,,,,,,,,1,2,2,1.0,3
201300040654,0013-09-10 09:30:00,13,9,10,9,30,920,78,"54, JEAN MOULIN (AVENUE)",,,Plein jour,En agglomération,Hors intersection,Normale,Autre collision,,,,,,,,,,,1,2,1,1.0,6
201300040655,0013-09-19 03:20:00,13,9,19,3,20,920,78,"16, JEAN JAURES (RUE) (N",,,Nuit avec éclairage allumé,En agglomération,Hors intersection,Normale,Autre collision,,,,,,,,,,,5,2,1,1.0,6
201300040656,0013-09-28 22:20:00,13,9,28,22,20,920,78,"154, GALLIENI (BD) (154",,,Nuit avec éclairage allumé,En agglomération,Intersection en T,Normale,Deux véhicules - frontale,,,,,,,,,,,5,2,3,1.0,1
201300040657,0013-10-05 18:50:00,13,10,5,18,50,920,78,"0, MARECHAL LECLERC (AVE",,,Nuit avec éclairage allumé,En agglomération,Intersection en T,Normale,Trois véhicules et plus - en chaîne,,,,,,,,,,,5,2,3,1.0,4
201300040658,0013-10-21 15:20:00,13,10,21,15,20,920,78,"68, VERDUN (AVENUE) (N?",,,Plein jour,En agglomération,Hors intersection,Normale,Trois véhicules et plus - en chaîne,,,,,,,,,,,1,2,1,1.0,4
201300040659,0013-11-08 21:40:00,13,11,8,21,40,920,78,"42, LONGUE BERTRANE (RUE",,,Nuit avec éclairage allumé,En agglomération,Hors intersection,Normale,Deux véhicules - côté,,,,,,,,,,,5,2,1,1.0,3
201300040660,0013-11-09 11:10:00,13,11,9,11,10,920,78,"44, 8 MAI 1945 (RUE)",,,Plein jour,En agglomération,Hors intersection,Normale,Autre collision,,,,,,,,,,,1,2,1,1.0,6
201300040661,0013-11-17 04:10:00,13,11,17,4,10,920,78,"0, ALBERT CAMUS (SQUARE)",,,Nuit avec éclairage allumé,En agglomération,Hors intersection,Normale,Sans collision,,,,,,,,,,,5,2,1,1.0,7
201300040662,0013-11-21 08:35:00,13,11,21,8,35,920,78,"52, MARECHAL LECLERC (AV",,,Plein jour,En agglomération,Hors intersection,Pluie légère,Deux véhicules - arrière,,,,,,,,,,,1,2,1,2.0,2
201300040663,0013-12-07 11:30:00,13,12,7,11,30,920,78,"0, VERDUN (AVENUE) (PAIR",,,Plein jour,En agglomération,Intersection en T,Normale,Trois véhicules et plus - collisions multiples,,,,,,,,,,,1,2,3,1.0,5
201300040664,0013-12-08 21:00:00,13,12,8,21,0,920,78,"12, VERDUN (AVENUE) (PAI",,,Nuit avec éclairage allumé,En agglomération,Hors intersection,Normale,Autre collision,,,,,,,,,,,5,2,1,1.0,6
201300040665,0013-12-17 12:30:00,13,12,17,12,30,920,78,"137, GALLIENI (BD) (109",,,Plein jour,En agglomération,Hors intersection,Normale,Autre collision,,,,,,,,,,,1,2,1,1.0,6
201300040666,0013-01-11 17:50:00,13,1,11,17,50,920,62,"01, RUE PIERRE GAUDIN",,,Nuit avec éclairage allumé,En agglomération,Hors intersection,Normale,Sans collision,,,,,,,,,,,5,2,1,1.0,7
201300040667,0013-01-18 09:15:00,13,1,18,9,15,920,26,"9, ANDRE PROTHIN (AVENUE",,,Crépuscule ou aube,En agglomération,Intersection en T,Normale,Sans collision,,,,,,,,,,,2,2,3,1.0,7
201300040668,0013-01-29 15:45:00,13,1,29,15,45,920,26,"1, COUPOLE-REGNAULT (PAR",,,Plein jour,En agglomération,Hors intersection,Normale,Sans collision,,,,,,,,,,,1,2,1,1.0,7
201300040669,0013-02-07 07:55:00,13,2,7,7,55,920,62,"1, PERRONET NORD ET SUD",,,Nuit avec éclairage allumé,En agglomération,Hors intersection,Pluie légère,Autre collision,,,,,,,,,,,5,2,1,2.0,6
201300040670,0013-02-08 21:00:00,13,2,8,21,0,920,26,"1, DIVISION LECLERC (AVE",,,Nuit sans éclairage public,En agglomération,Hors intersection,Pluie légère,Sans collision,,,,,,,,,,,3,2,1,2.0,7
201300040671,0013-02-14 05:10:00,13,2,14,5,10,920,26,"2, BOULEVARD DE NEUILLY",,,Nuit avec éclairage allumé,En agglomération,Hors intersection,Neige / grêle,Sans collision,,,,,,,,,,,5,2,1,4.0,7
201300040672,0013-03-23 11:20:00,13,3,23,11,20,920,62,BOULEVARD CIRCULAIRE,,,Plein jour,En agglomération,Intersection en X,Normale,Deux véhicules - côté,,,,,,,,,,,1,2,2,1.0,3
201300040673,0013-03-31 06:35:00,13,3,31,6,35,920,26,"1, BOULEVARD CIRCULAIRE",,,Nuit avec éclairage allumé,En agglomération,Intersection en X,Normale,Deux véhicules - arrière,,,,,,,,,,,5,2,2,1.0,2
201300040674,0013-04-12 15:40:00,13,4,12,15,40,920,26,"1, DEFENSE (ROND POINT D",,,Plein jour,En agglomération,Hors intersection,Normale,Deux véhicules - arrière,,,,,,,,,,,1,2,1,1.0,2
201300040675,0013-04-20 09:10:00,13,4,20,9,10,920,62,"20, JEAN MOULIN (AVENUE)",,,Plein jour,En agglomération,Hors intersection,Normale,Sans collision,,,,,,,,,,,1,2,1,1.0,7
201300040676,0013-04-29 16:55:00,13,4,29,16,55,920,62,"1, GENERAL DE GAULLE (AV",,,Plein jour,En agglomération,Intersection en X,Normale,Deux véhicules - arrière,,,,,,,,,,,1,2,2,1.0,2
201300040677,0013-04-29 16:00:00,13,4,29,16,0,920,26,"1, BOULEVARD CIRCULAIRE",,,Plein jour,En agglomération,Hors intersection,Normale,Deux véhicules - arrière,,,,,,,,,,,1,2,1,1.0,2
201300040678,0013-05-07 07:20:00,13,5,7,7,20,920,26,"2, BOULEVARD DE NEUILLY",,,Nuit avec éclairage allumé,En agglomération,Hors intersection,Normale,Autre collision,,,,,,,,,,,5,2,1,1.0,6
201300040679,0013-05-15 06:35:00,13,5,15,6,35,920,26,"1, BOULEVARD CIRCULAIRE",,,Plein jour,En agglomération,Intersection en X,Normale,Deux véhicules - côté,,,,,,,,,,,1,2,2,1.0,3
201300040680,0013-05-16 17:48:00,13,5,16,17,48,920,62,"12, GENERAL DE GAULLE (A",,,Plein jour,En agglomération,Hors intersection,Normale,Autre collision,,,,,,,,,,,1,2,1,1.0,6
201300040681,0013-05-25 15:22:00,13,5,25,15,22,920,62,"30, GENERAL DE GAULLE (A",,,Plein jour,En agglomération,Hors intersection,Normale,Autre collision,,,,,,,,,,,1,2,1,1.0,6
201300040682,0013-04-30 10:50:00,13,4,30,10,50,920,62,DOUCES (VOIE DES),,,Plein jour,En agglomération,Hors intersection,Normale,Autre collision,,,,,,,,,,,1,2,1,1.0,6
201300040683,0013-07-01 17:50:00,13,7,1,17,50,920,62,"1, BOULEVARD CIRCULAIRE",,,Plein jour,En agglomération,Hors intersection,Normale,Deux véhicules - côté,,,,,,,,,,,1,2,1,1.0,3
201300040684,0013-07-02 11:15:00,13,7,2,11,15,920,26,"1, BOULEVARD CIRCULAIRE",,,Plein jour,En agglomération,Intersection en X,Normale,Deux véhicules - côté,,,,,,,,,,,1,2,2,1.0,3
201300040685,0013-09-10 17:30:00,13,9,10,17,30,920,26,"1, DIVISION LECLERC (AVE",,,Plein jour,En agglomération,Intersection en X,Normale,Autre collision,,,,,,,,,,,1,2,2,1.0,6
201300040686,0013-09-14 10:10:00,13,9,14,10,10,920,26,DES BATISSEURS (VOIE),,,Plein jour,En agglomération,Hors intersection,Pluie légère,Autre collision,,,,,,,,,,,1,2,1,2.0,6
201300040687,0013-09-25 12:07:00,13,9,25,12,7,920,62,BOULEVARD CIRCULAIRE,,,Plein jour,En agglomération,Autre intersection,Normale,Deux véhicules - côté,,,,,,,,,,,1,2,9,1.0,3
201300040688,0013-10-14 20:30:00,13,10,14,20,30,920,26,"12, BOULEVARD CIRCULAIRE",,,Nuit avec éclairage allumé,En agglomération,Intersection en X,Pluie légère,Trois véhicules et plus - en chaîne,,,,,,,,,,,5,2,2,2.0,4
201300040689,0013-11-13 16:55:00,13,11,13,16,55,920,26,"1, BOULEVARD CIRCULAIRE",,,Plein jour,En agglomération,Intersection en T,Normale,Autre collision,,,,,,,,,,,1,2,3,1.0,6
201300040690,0013-11-13 17:45:00,13,11,13,17,45,920,26,"1, BOULEVARD CIRCULAIRE",,,Crépuscule ou aube,En agglomération,Intersection en T,Normale,Deux véhicules - arrière,,,,,,,,,,,2,2,3,1.0,2
201300040691,0013-12-11 14:50:00,13,12,11,14,50,920,26,BOULEVARD CIRCULAIRE,,,Plein jour,En agglomération,Hors intersection,Normale,Trois véhicules et plus - en chaîne,,,,,,,,,,,1,2,1,1.0,4
201300040692,0013-12-17 17:35:00,13,12,17,17,35,920,62,"1, VALMY (COURS)",,,Nuit avec éclairage allumé,En agglomération,Hors intersection,Normale,Sans collision,,,,,,,,,,,5,2,1,1.0,7
201300040693,0013-12-24 19:10:00,13,12,24,19,10,920,26,"1, DIVISION LECLERC (AVE",,,Nuit avec éclairage allumé,En agglomération,Hors intersection,Vent fort / tempête,Sans collision,,,,,,,,,,,5,2,1,6.0,7
201300040694,0013-12-22 12:00:00,13,12,22,12,0,920,26,"09, ANDRE PROTHIN (AVENU",,,Plein jour,En agglomération,Hors intersection,Pluie légère,Sans collision,,,,,,,,,,,1,2,1,2.0,7
201300040695,0013-01-01 09:45:00,13,1,1,9,45,930,1,"174, ANATOLE FRANCE (BLD",,,Plein jour,En agglomération,Intersection en X,Normale,Deux véhicules - arrière,,,,,,,,,,,1,2,2,1.0,2
201300040696,0013-01-04 12:40:00,13,1,4,12,40,930,1,"173, VICTOR HUGO (AVE)",,,Plein jour,En agglomération,Hors intersection,Normale,Deux véhicules - arrière,,,,,,,,,,,1,2,1,1.0,2
201300040697,0013-01-09 00:01:00,13,1,9,0,1,930,1,VICTOR HUGO (AVE)  => 12,,,Nuit avec éclairage allumé,En agglomération,Intersection en X,Normale,Deux véhicules - côté,,,,,,,,,,,5,2,2,1.0,3
201300040698,0013-01-11 09:45:00,13,1,11,9,45,930,1,"105, SAINT DENIS (RUE DE",,,Plein jour,En agglomération,Hors intersection,Normale,Sans collision,,,,,,,,,,,1,2,1,1.0,7
201300040699,0013-01-12 05:20:00,13,1,12,5,20,930,1,"45, PRESIDENT ROOSEVELT",,,Nuit avec éclairage allumé,En agglomération,Hors intersection,Normale,Trois véhicules et plus - collisions multiples,,,,,,,,,,,5,2,1,1.0,5
201300040700,0013-01-18 21:45:00,13,1,18,21,45,930,1,"62 BIS, HEURTAULT (RUE)",,,Nuit avec éclairage allumé,En agglomération,Hors intersection,Neige / grêle,Deux véhicules - arrière,,,,,,,,,,,5,2,1,4.0,2
201300040701,0013-01-21 16:25:00,13,1,21,16,25,930,1,"104, VICTOR HUGO (AVE)",,,Plein jour,En agglomération,Hors intersection,Neige / grêle,Autre collision,,,,,,,,,,,1,2,1,4.0,6
201300040702,0013-01-29 08:00:00,13,1,29,8,0,930,1,VICTOR HUGO (AVE)  N? 16,,,Plein jour,En agglomération,Hors intersection,Pluie forte,Deux véhicules - côté,,,,,,,,,,,1,2,1,3.0,3
201300040703,0013-02-01 15:55:00,13,2,1,15,55,930,1,"88, FELIX FAURE (BLD)  =",,,Plein jour,En agglomération,Hors intersection,Temps couvert,Autre collision,,,,,,,,,,,1,2,1,8.0,6