accident_id,datetime,annee,mois,jour,heure,minute,departement,commune_insee,adresse,latitude,longitude,luminosite,agglomeration,intersection,meteo,collision,nb_vehicules,nb_usagers,nb_indemnes,nb_tues,nb_blesses_hosp,nb_blesses_legers,age_cond_1,age_cond_2,veh_type_cond_1,veh_type_cond_2,lum_code,agg_code,int_code,atm_code,col_code
201300040704,0013-02-04 08:10:00,13,2,4,8,10,930,1,"03, FORT (METRO)",,,Plein jour,En agglomération,Hors intersection,Pluie légère,Autre collision,,,,,,,,,,,1,2,1,2.0,6
201300040705,0013-02-04 14:45:00,13,2,4,14,45,930,1,"2, PORT (RUE DU)  (PAIR)",,,Plein jour,En agglomération,Intersection en X,Normale,Autre collision,,,,,,,,,,,1,2,2,1.0,6
201300040706,0013-02-06 08:40:00,13,2,6,8,40,930,1,"213, JEAN JAURES  (AVE)",,,Crépuscule ou aube,En agglomération,Hors intersection,Pluie légère,Autre collision,,,,,,,,,,,2,2,1,2.0,6
201300040707,0013-02-09 08:00:00,13,2,9,8,0,930,1,"88, REPUBLIQUE (AVE DE L",,,Crépuscule ou aube,En agglomération,Hors intersection,Pluie légère,Autre collision,,,,,,,,,,,2,2,1,2.0,6
201300040708,0013-02-11 16:15:00,13,2,11,16,15,930,1,"192, ANDRE KARMAN (RUE)",,,Plein jour,En agglomération,Hors intersection,Normale,Autre collision,,,,,,,,,,,1,2,1,1.0,6
201300040709,0013-02-12 07:30:00,13,2,12,7,30,930,1,"59, JEAN JAURES (AVE) 55",,,Crépuscule ou aube,En agglomération,Hors intersection,Pluie légère,Deux véhicules - arrière,,,,,,,,,,,2,2,1,2.0,2
201300040710,0013-02-13 07:40:00,13,2,13,7,40,930,1,DANIELLE CASANOVA (RUE),,,Crépuscule ou aube,En agglomération,Hors intersection,Normale,Autre collision,,,,,,,,,,,2,2,1,1.0,6
201300040711,0013-02-13 13:40:00,13,2,13,13,40,930,1,"01, HAUT DE SAINT DENIS",,,Plein jour,En agglomération,Intersection en Y,Normale,Sans collision,,,,,,,,,,,1,2,4,1.0,7
201300040712,0013-02-15 12:10:00,13,2,15,12,10,930,1,"82-84, SADI CARNOT (RUE)",,,Plein jour,En agglomération,Hors intersection,Normale,Autre collision,,,,,,,,,,,1,2,1,1.0,6
201300040713,0013-02-15 13:00:00,13,2,15,13,0,930,1,"213TER, JEAN JAURES  (AV",,,Plein jour,En agglomération,Intersection en X,Normale,Autre collision,,,,,,,,,,,1,2,2,1.0,6
201300040714,0013-02-18 07:55:00,13,2,18,7,55,930,1,BORDIER (RUE)  => 10/11,,,Plein jour,En agglomération,Intersection en X,Normale,Deux véhicules - côté,,,,,,,,,,,1,2,2,1.0,3
201300040715,0013-02-19 20:15:00,13,2,19,20,15,930,1,"1, EDOUARD POISSON  (RUE",,,Nuit avec éclairage allumé,En agglomération,Hors intersection,Normale,Trois véhicules et plus - en chaîne,,,,,,,,,,,5,2,1,1.0,4
201300040716,0013-02-20 11:45:00,13,2,20,11,45,930,1,"51, PRESLES (RUE DE)",,,Plein jour,En agglomération,Hors intersection,Normale,Autre collision,,,,,,,,,,,1,2,1,1.0,6
201300040717,0013-02-21 13:15:00,13,2,21,13,15,930,1,PONT BLANC.CHARLES TILLO,,,Plein jour,En agglomération,Intersection en T,Normale,Deux véhicules - côté,,,,,,,,,,,1,2,3,1.0,3
201300040718,0013-02-28 07:20:00,13,2,28,7,20,930,1,"203, JEAN JAURES  (AVE)",,,Crépuscule ou aube,En agglomération,Hors intersection,Normale,Autre collision,,,,,,,,,,,2,2,1,1.0,6
201300040719,0013-03-01 09:00:00,13,3,1,9,0,930,1,"60, PRESIDENT ROOSEVELT",,,Plein jour,En agglomération,Hors intersection,Normale,Sans collision,,,,,,,,,,,1,2,1,1.0,7
201300040720,0013-03-05 20:20:00,13,3,5,20,20,930,1,"118, VICTOR HUGO (AVE)",,,Nuit avec éclairage allumé,En agglomération,Intersection en T,Normale,Deux véhicules - côté,,,,,,,,,,,5,2,3,1.0,3
201300040721,0013-03-07 17:30:00,13,3,7,17,30,930,1,"54, PRESIDENT ROOSEVELT",,,Plein jour,En agglomération,Hors intersection,Normale,Autre collision,,,,,,,,,,,1,2,1,1.0,6
201300040722,0013-03-08 16:30:00,13,3,8,16,30,930,1,1 REPUBLIQUE (AVE DE LA,,,Plein jour,En agglomération,Intersection en X,Temps couvert,Deux véhicules - côté,,,,,,,,,,,1,2,2,8.0,3
201300040723,0013-03-10 13:20:00,13,3,10,13,20,930,1,"57, HAIE COQ (RUE DE LA",,,Plein jour,En agglomération,Intersection en T,Normale,Deux véhicules - côté,,,,,,,,,,,1,2,3,1.0,3
201300040724,0013-03-11 08:50:00,13,3,11,8,50,930,1,"59, SAINT DENIS (RUE DE)",,,Plein jour,En agglomération,Hors intersection,Pluie légère,Autre collision,,,,,,,,,,,1,2,1,2.0,6
201300040725,0013-03-11 14:40:00,13,3,11,14,40,930,1,"75, FELIX FAURE (BLD)  =",,,Plein jour,En agglomération,Hors intersection,Normale,Deux véhicules - côté,,,,,,,,,,,1,2,1,1.0,3
201300040726,0013-03-14 17:00:00,13,3,14,17,0,930,1,PORT (RUE DU)  (PAIR),,,Plein jour,En agglomération,Intersection en X,Normale,Deux véhicules - côté,,,,,,,,,,,1,2,2,1.0,3
201300040727,0013-03-14 19:05:00,13,3,14,19,5,930,1,"10, LONG-SENTIER (RUE DU",,,Nuit sans éclairage public,En agglomération,Hors intersection,Temps couvert,Autre collision,,,,,,,,,,,3,2,1,8.0,6
201300040728,0013-03-16 22:30:00,13,3,16,22,30,930,1,"57, ANATOLE FRANCE  (BLD",,,Nuit avec éclairage allumé,En agglomération,Intersection en X,Pluie légère,Deux véhicules - côté,,,,,,,,,,,5,2,2,2.0,3
201300040729,0013-03-19 00:40:00,13,3,19,0,40,930,1,"60, ANATOLE FRANCE (BLD)",,,Nuit avec éclairage allumé,En agglomération,Intersection en X,Pluie légère,Deux véhicules - arrière,,,,,,,,,,,5,2,2,2.0,2
201300040730,0013-03-21 22:10:00,13,3,21,22,10,930,1,"95, JEAN JAURES (AVE) 55",,,Nuit avec éclairage allumé,En agglomération,Hors intersection,Pluie légère,Deux véhicules - arrière,,,,,,,,,,,5,2,1,2.0,2
201300040731,0013-03-21 16:35:00,13,3,21,16,35,930,1,"88-90, PRESIDENT ROOSEVE",,,Plein jour,En agglomération,Intersection en T,Normale,Autre collision,,,,,,,,,,,1,2,3,1.0,6
201300040732,0013-03-24 11:20:00,13,3,24,11,20,930,1,"66, LANDY (RUE DU) 34/29",,,Plein jour,En agglomération,Hors intersection,Normale,Deux véhicules - arrière,,,,,,,,,,,1,2,1,1.0,2
201300040733,0013-03-27 08:00:00,13,3,27,8,0,930,1,"46, FELIX FAURE (BLD) =>",,,Plein jour,En agglomération,Intersection en X,Normale,Deux véhicules - frontale,,,,,,,,,,,1,2,2,1.0,1
201300040734,0013-04-03 12:40:00,13,4,3,12,40,930,1,"49, PRESIDENT ROOSEVELT",,,Plein jour,En agglomération,Hors intersection,Normale,Autre collision,,,,,,,,,,,1,2,1,1.0,6
201300040735,0013-04-04 11:40:00,13,4,4,11,40,930,1,"15, ANATOLE FRANCE  (BLD",,,Plein jour,En agglomération,Hors intersection,Normale,Autre collision,,,,,,,,,,,1,2,1,1.0,6
201300040736,0013-04-04 13:30:00,13,4,4,13,30,930,1,"02, ANATOLE FRANCE (BLD)",,,Plein jour,En agglomération,Intersection en X,Normale,Autre collision,,,,,,,,,,,1,2,2,1.0,6
201300040737,0013-04-05 13:15:00,13,4,5,13,15,930,1,"33, PONT BLANC.CHARLES T",,,Plein jour,En agglomération,Hors intersection,Normale,Autre collision,,,,,,,,,,,1,2,1,1.0,6
201300040738,0013-04-09 14:15:00,13,4,9,14,15,930,1,"175, VICTOR HUGO (AVE)",,,Plein jour,En agglomération,Hors intersection,Pluie légère,Deux véhicules - frontale,,,,,,,,,,,1,2,1,2.0,1
201300040739,0013-04-13 00:28:00,13,4,13,0,28,930,1,"29, PONT BLANC.CHARLES T",,,Nuit avec éclairage allumé,En agglomération,Hors intersection,Pluie légère,Deux véhicules - arrière,,,,,,,,,,,5,2,1,2.0,2
201300040740,0013-04-15 13:30:00,13,4,15,13,30,930,1,"10, LANDY (RUE DU) => 16",,,Plein jour,En agglomération,Hors intersection,Normale,Autre collision,,,,,,,,,,,1,2,1,1.0,6
201300040741,0013-04-17 16:50:00,13,4,17,16,50,930,1,"193, JEAN JAURES  (AVE)",,,Plein jour,En agglomération,Hors intersection,Normale,Deux véhicules - côté,,,,,,,,,,,1,2,1,1.0,3
201300040742,0013-04-18 21:15:00,13,4,18,21,15,930,1,"1, REPUBLIQUE (AVE DE LA",,,Crépuscule ou aube,En agglomération,Hors intersection,Normale,Autre collision,,,,,,,,,,,2,2,1,1.0,6
201300040743,0013-04-19 19:04:00,13,4,19,19,4,930,1,"27, HAUT DE SAINT DENIS",,,Plein jour,En agglomération,Hors intersection,Normale,Autre collision,,,,,,,,,,,1,2,1,1.0,6
201300040744,0013-05-02 08:00:00,13,5,2,8,0,930,1,"148, LEOPOLD RECHOSSIERE",,,Plein jour,En agglomération,Hors intersection,Normale,Autre collision,,,,,,,,,,,1,2,1,1.0,6
201300040745,0013-05-05 12:30:00,13,5,5,12,30,930,1,"193, JEAN JAURES  (AVE)",,,Plein jour,En agglomération,Hors intersection,Normale,Deux véhicules - arrière,,,,,,,,,,,1,2,1,1.0,2
201300040746,0013-05-11 15:55:00,13,5,11,15,55,930,1,"134, HENRI BARBUSSE (RUE",,,Plein jour,En agglomération,Hors intersection,Normale,Autre collision,,,,,,,,,,,1,2,1,1.0,6
201300040747,0013-05-11 20:35:00,13,5,11,20,35,930,1,"1, FONTAINEBLEAU (ALLEE",,,Crépuscule ou aube,En agglomération,Hors intersection,Normale,Sans collision,,,,,,,,,,,2,2,1,1.0,7
201300040748,0013-05-04 12:30:00,13,5,4,12,30,930,1,"59, VICTOR HUGO (AVE)  =",,,Plein jour,En agglomération,Hors intersection,Normale,Deux véhicules - côté,,,,,,,,,,,1,2,1,1.0,3
201300040749,0013-06-06 08:20:00,13,6,6,8,20,930,1,NOYERS (RUE DES)  => 17/,,,Plein jour,En agglomération,Intersection en X,Normale,Deux véhicules - côté,,,,,,,,,,,1,2,2,1.0,3
201300040750,0013-06-11 10:00:00,13,6,11,10,0,930,1,"2, FERRAGUS (RUE)  => 5/",,,Plein jour,En agglomération,Intersection en T,Normale,Deux véhicules - côté,,,,,,,,,,,1,2,3,1.0,3
201300040751,0013-06-11 17:15:00,13,6,11,17,15,930,1,"25 BIS, ANATOLE FRANCE",,,Plein jour,En agglomération,Hors intersection,Normale,Autre collision,,,,,,,,,,,1,2,1,1.0,6
201300040752,0013-06-12 12:20:00,13,6,12,12,20,930,1,"197, VICTOR HUGO (AVE)",,,Plein jour,En agglomération,Hors intersection,Normale,Autre collision,,,,,,,,,,,1,2,1,1.0,6
201300040753,0013-06-14 07:55:00,13,6,14,7,55,930,1,"95, JEAN JAURES (AVE) 55",,,Plein jour,En agglomération,Hors intersection,Normale,Autre collision,,,,,,,,,,,1,2,1,1.0,6
201300040754,0013-06-15 22:45:00,13,6,15,22,45,930,1,LECUYER (RUE),,,Nuit avec éclairage allumé,En agglomération,Hors intersection,Normale,Autre collision,,,,,,,,,,,5,2,1,1.0,6
201300040755,0013-06-16 16:33:00,13,6,16,16,33,930,1,"31, DANIELLE CASANOVA (R",,,Plein jour,En agglomération,Hors intersection,Normale,Autre collision,,,,,,,,,,,1,2,1,1.0,6
201300040756,0013-06-18 19:50:00,13,6,18,19,50,930,1,"130, LEOPOLD RECHOSSIERE",,,Plein jour,En agglomération,Intersection en T,Normale,Deux véhicules - côté,,,,,,,,,,,1,2,3,1.0,3
201300040757,0013-06-19 08:20:00,13,6,19,8,20,930,1,"27, REPUBLIQUE (AVE DE L",,,Plein jour,En agglomération,Hors intersection,Pluie légère,Autre collision,,,,,,,,,,,1,2,1,2.0,6
201300040758,0013-06-19 17:30:00,13,6,19,17,30,930,1,"185, JEAN JAURES  (AVE)",,,Plein jour,En agglomération,Intersection en T,Pluie forte,Deux véhicules - côté,,,,,,,,,,,1,2,3,3.0,3
201300040759,0013-06-20 11:00:00,13,6,20,11,0,930,1,"01, PRESIDENT ROOSEVELT",,,Plein jour,En agglomération,Hors intersection,Normale,Autre collision,,,,,,,,,,,1,2,1,1.0,6
201300040760,0013-06-21 08:50:00,13,6,21,8,50,930,1,"47, REPUBLIQUE (AVE DE L",,,Plein jour,En agglomération,Hors intersection,Pluie légère,Deux véhicules - côté,,,,,,,,,,,1,2,1,2.0,3
201300040761,0013-06-25 06:50:00,13,6,25,6,50,930,1,"174, JEAN JAURES  (AVE)",,,Crépuscule ou aube,En agglomération,Hors intersection,Normale,Trois véhicules et plus - en chaîne,,,,,,,,,,,2,2,1,1.0,4
201300040762,0013-06-25 16:10:00,13,6,25,16,10,930,1,"82, FELIX FAURE (BLD)  =",,,Plein jour,En agglomération,Hors intersection,Normale,Deux véhicules - côté,,,,,,,,,,,1,2,1,1.0,3
201300040763,0013-06-25 17:45:00,13,6,25,17,45,930,1,"10, ALFRED JARRY (RUE)",,,Plein jour,En agglomération,Hors intersection,Normale,Autre collision,,,,,,,,,,,1,2,1,1.0,6
201300040764,0013-06-28 18:05:00,13,6,28,18,5,930,1,"62, SAINT DENIS (RUE DE)",,,Plein jour,En agglomération,Hors intersection,Normale,Trois véhicules et plus - collisions multiples,,,,,,,,,,,1,2,1,1.0,5
201300040765,0013-06-29 20:45:00,13,6,29,20,45,930,1,"22, MOTTE (RUE DE LA)",,,Plein jour,En agglomération,Hors intersection,Normale,Deux véhicules - frontale,,,,,,,,,,,1,2,1,1.0,1
201300040766,0013-07-03 16:55:00,13,7,3,16,55,930,1,"185, JEAN JAURES  (AVE)",,,Plein jour,En agglomération,Hors intersection,Normale,Deux véhicules - côté,,,,,,,,,,,1,2,1,1.0,3
201300040767,0013-07-08 13:40:00,13,7,8,13,40,930,1,ANDRE KARMAN (RUE)  138/,,,Plein jour,En agglomération,Intersection en T,Normale,Autre collision,,,,,,,,,,,1,2,3,1.0,6
201300040768,0013-07-08 14:58:00,13,7,8,14,58,930,1,"106, REPUBLIQUE (AVE DE",,,Plein jour,En agglomération,Hors intersection,Normale,Autre collision,,,,,,,,,,,1,2,1,1.0,6
201300040769,0013-07-09 12:10:00,13,7,9,12,10,930,1,VICTOR HUGO (AVE)  131 A,,,Plein jour,En agglomération,Hors intersection,Normale,Autre collision,,,,,,,,,,,1,2,1,1.0,6
201300040770,0013-07-09 12:20:00,13,7,9,12,20,930,1,"20, PRESIDENT ROOSEVELT",,,Plein jour,En agglomération,Intersection en T,Normale,Deux véhicules - côté,,,,,,,,,,,1,2,3,1.0,3
201300040771,0013-07-11 07:25:00,13,7,11,7,25,930,1,01 BERNARD ET MAZOYER (,,,Plein jour,En agglomération,Hors intersection,Normale,Deux véhicules - arrière,,,,,,,,,,,1,2,1,1.0,2
201300040772,0013-07-11 18:35:00,13,7,11,18,35,930,1,"45-47, VICTOR HUGO (AVE)",,,Plein jour,En agglomération,Hors intersection,Normale,Autre collision,,,,,,,,,,,1,2,1,1.0,6
201300040773,0013-07-15 15:40:00,13,7,15,15,40,930,1,"80, PONT BLANC.CHARLES T",,,Plein jour,En agglomération,Hors intersection,Normale,Autre collision,,,,,,,,,,,1,2,1,1.0,6
201300040774,0013-07-16 16:30:00,13,7,16,16,30,930,1,"21, REPUBLIQUE (AVE DE L",,,Plein jour,En agglomération,Hors intersection,Normale,Deux véhicules - côté,,,,,,,,,,,1,2,1,1.0,3
201300040775,0013-07-17 19:05:00,13,7,17,19,5,930,1,"68, HEMET (RUE) (PAIR)",,,Plein jour,En agglomération,Hors intersection,Normale,Autre collision,,,,,,,,,,,1,2,1,1.0,6
201300040776,0013-07-19 06:55:00,13,7,19,6,55,930,1,MAIRIE (PLACE DE LA),,,Plein jour,En agglomération,Hors intersection,Normale,Deux véhicules - côté,,,,,,,,,,,1,2,1,1.0,3
201300040777,0013-07-22 12:20:00,13,7,22,12,20,930,1,", GARDINOUX (RUE DES)",,,Plein jour,En agglomération,Intersection en X,Normale,Autre collision,,,,,,,,,,,1,2,2,1.0,6
201300040778,0013-07-22 16:40:00,13,7,22,16,40,930,1,"1, EMILE DUBOIS (RUE)",,,Plein jour,En agglomération,Hors intersection,Normale,Autre collision,,,,,,,,,,,1,2,1,1.0,6
201300040779,0013-07-24 10:30:00,13,7,24,10,30,930,1,JEAN JAURES (AVE) 55 A 1,,,Plein jour,En agglomération,Intersection en T,Normale,Deux véhicules - côté,,,,,,,,,,,1,2,3,1.0,3
201300040780,0013-07-31 17:50:00,13,7,31,17,50,930,1,LUCIEN LEFRANC (QUAI),,,Plein jour,En agglomération,Intersection en X,Normale,Deux véhicules - arrière,,,,,,,,,,,1,2,2,1.0,2
201300040781,0013-07-31 21:55:00,13,7,31,21,55,930,1,ADRIEN AGNES (QUAI),,,Nuit avec éclairage allumé,En agglomération,Intersection en T,Normale,Deux véhicules - arrière,,,,,,,,,,,5,2,3,1.0,2
201300040782,0013-08-02 15:30:00,13,8,2,15,30,930,1,"45, VICTOR HUGO (AVE)  =",,,Plein jour,En agglomération,Intersection en X,Normale,Deux véhicules - côté,,,,,,,,,,,1,2,2,1.0,3
201300040783,0013-08-03 19:50:00,13,8,3,19,50,930,1,"88, REPUBLIQUE (AVE DE L",,,Plein jour,En agglomération,Hors intersection,Normale,Deux véhicules - côté,,,,,,,,,,,1,2,1,1.0,3
201300040784,0013-08-05 18:20:00,13,8,5,18,20,930,1,BERGERIES (RUE DES),,,Plein jour,En agglomération,Giratoire,Normale,Deux véhicules - arrière,,,,,,,,,,,1,2,6,1.0,2
201300040785,0013-08-06 11:00:00,13,8,6,11,0,930,1,"156, VICTOR HUGO (AVE)",,,Plein jour,En agglomération,Hors intersection,Normale,Deux véhicules - côté,,,,,,,,,,,1,2,1,1.0,3
201300040786,0013-08-13 18:35:00,13,8,13,18,35,930,1,"93, REPUBLIQUE (AVE DE L",,,Plein jour,En agglomération,Hors intersection,Normale,Autre collision,,,,,,,,,,,1,2,1,1.0,6
201300040787,0013-08-17 14:10:00,13,8,17,14,10,930,1,"28, CITES (RUE DES)  =>",,,Plein jour,En agglomération,Intersection en X,Normale,Deux véhicules - côté,,,,,,,,,,,1,2,2,1.0,3
201300040788,0013-08-17 18:10:00,13,8,17,18,10,930,1,"136, REPUBLIQUE (AVE DE",,,Plein jour,En agglomération,Hors intersection,Normale,Sans collision,,,,,,,,,,,1,2,1,1.0,7
201300040789,0013-08-20 06:15:00,13,8,20,6,15,930,1,77 JEAN JAURES (AVE) 55,,,Plein jour,En agglomération,Hors intersection,Normale,Deux véhicules - côté,,,,,,,,,,,1,2,1,1.0,3
201300040790,0013-08-26 14:30:00,13,8,26,14,30,930,1,"11, PILIER (RUE DU)",,,Plein jour,En agglomération,Hors intersection,Normale,Autre collision,,,,,,,,,,,1,2,1,1.0,6
201300040791,0013-09-02 07:30:00,13,9,2,7,30,930,1,"166, DANIELLE CASANOVA (",,,Plein jour,En agglomération,Intersection en X,Normale,Deux véhicules - côté,,,,,,,,,,,1,2,2,1.0,3
201300040792,0013-09-05 21:20:00,13,9,5,21,20,930,1,"87, EDOUARD VAILLANT (BL",,,Nuit avec éclairage allumé,En agglomération,Hors intersection,Normale,Autre collision,,,,,,,,,,,5,2,1,1.0,6
201300040793,0013-09-09 12:00:00,13,9,9,12,0,930,1,36 ANATOLE FRANCE (BLD),,,Plein jour,En agglomération,Hors intersection,Pluie forte,Autre collision,,,,,,,,,,,1,2,1,3.0,6
201300040794,0013-09-10 10:00:00,13,9,10,10,0,930,1,"1, PRESIDENT ROOSEVELT (",,,Plein jour,En agglomération,Hors intersection,Normale,Autre collision,,,,,,,,,,,1,2,1,1.0,6
201300040795,0013-09-20 08:30:00,13,9,20,8,30,930,1,"184, CITES (RUE DES)  12",,,Plein jour,En agglomération,Hors intersection,Normale,Autre collision,,,,,,,,,,,1,2,1,1.0,6
201300040796,0013-09-20 07:50:00,13,9,20,7,50,930,1,"120, FELIX FAURE (BLD) 1",,,Plein jour,En agglomération,Intersection en T,Normale,Deux véhicules - côté,,,,,,,,,,,1,2,3,1.0,3
201300040797,0013-09-22 11:00:00,13,9,22,11,0,930,1,"28, SAINT DENIS (RUE DE)",,,Plein jour,En agglomération,Hors intersection,Normale,Autre collision,,,,,,,,,,,1,2,1,1.0,6
201300040798,0013-09-23 09:15:00,13,9,23,9,15,930,1,REPUBLIQUE (AVE DE LA ),,,Plein jour,En agglomération,Hors intersection,Normale,Autre collision,,,,,,,,,,,1,2,1,1.0,6
201300040799,0013-09-24 19:15:00,13,9,24,19,15,930,1,"3, LANDY (RUE DU) => 16/",,,Crépuscule ou aube,En agglomération,Hors intersection,Normale,Deux véhicules - côté,,,,,,,,,,,2,2,1,1.0,3
201300040800,0013-09-25 13:10:00,13,9,25,13,10,930,1,"76, REPUBLIQUE (AVE DE L",,,Plein jour,En agglomération,Hors intersection,Normale,Deux véhicules - côté,,,,,,,,,,,1,2,1,1.0,3
201300040801,0013-09-25 16:30:00,13,9,25,16,30,930,1,26 HENRI BARBUSSE (RUE),,,Plein jour,En agglomération,Hors intersection,Normale,Autre collision,,,,,,,,,,,1,2,1,1.0,6
201300040802,0013-10-01 17:20:00,13,10,1,17,20,930,1,"100, VICTOR HUGO (AVE)",,,Plein jour,En agglomération,Hors intersection,Normale,Deux véhicules - côté,,,,,,,,,,,1,2,1,1.0,3
201300040803,0013-10-02 11:30:00,13,10,2,11,30,930,1,", FELIX FAURE (BLD)  =>",,,Plein jour,En agglomération,Hors intersection,Normale,Deux véhicules - arrière,,,,,,,,,,,1,2,1,1.0,2
201300040804,0013-10-03 10:35:00,13,10,3,10,35,930,1,"60, PRESIDENT ROOSEVELT",,,Plein jour,En agglomération,Hors intersection,Normale,Trois véhicules et plus - collisions multiples,,,,,,,,,,,1,2,1,1.0,5
201300040805,0013-10-04 19:40:00,13,10,4,19,40,930,1,"191, JEAN JAURES  (AVE)",,,Nuit avec éclairage allumé,En agglomération,Hors intersection,Normale,Trois véhicules et plus - collisions multiples,,,,,,,,,,,5,2,1,1.0,5
201300040806,0013-10-06 14:10:00,13,10,6,14,10,930,1,ANDRE KARMAN (RUE)  => 1,,,Plein jour,En agglomération,Intersection en X,Normale,Deux véhicules - côté,,,,,,,,,,,1,2,2,1.0,3
201300040807,0013-10-09 23:40:00,13,10,9,23,40,930,1,REPUBLIQUE (AVE DE LA ),,,Nuit avec éclairage allumé,En agglomération,Hors intersection,Normale,Autre collision,,,,,,,,,,,5,2,1,1.0,6
201300040808,0013-10-12 09:15:00,13,10,12,9,15,930,1,"57, ANATOLE FRANCE  (BLD",,,Plein jour,En agglomération,Intersection en X,Normale,Deux véhicules - côté,,,,,,,,,,,1,2,2,1.0,3
201300040809,0013-10-23 17:40:00,13,10,23,17,40,930,1,"98, VICTOR HUGO (AVE)  =",,,Plein jour,En agglomération,Hors intersection,Normale,Autre collision,,,,,,,,,,,1,2,1,1.0,6
201300040810,0013-10-24 17:00:00,13,10,24,17,0,930,1,"1, VALMY (RUE DE)",,,Plein jour,En agglomération,Hors intersection,Normale,Autre collision,,,,,,,,,,,1,2,1,1.0,6
201300040811,0013-10-24 18:25:00,13,10,24,18,25,930,1,"x, VICTOR HUGO (AVE)  =>",,,Plein jour,En agglomération,Intersection en X,Normale,Deux véhicules - arrière,,,,,,,,,,,1,2,2,1.0,2
201300040812,0013-10-24 22:20:00,13,10,24,22,20,930,1,"122, VICTOR HUGO (AVE)",,,Nuit avec éclairage allumé,En agglomération,Intersection en T,Normale,Deux véhicules - côté,,,,,,,,,,,5,2,3,1.0,3
201300040813,0013-10-25 09:45:00,13,10,25,9,45,930,1,"50, HEURTAULT (RUE)",,,Plein jour,En agglomération,Hors intersection,Normale,Autre collision,,,,,,,,,,,1,2,1,1.0,6
201300040814,0013-10-29 17:50:00,13,10,29,17,50,930,1,1 PORT (RUE DU)  (IMPAI,,,Plein jour,En agglomération,Intersection en X,Normale,Deux véhicules - côté,,,,,,,,,,,1,2,2,1.0,3
201300040815,0013-10-31 02:50:00,13,10,31,2,50,930,1,", JEAN JAURES  (AVE)  15",,,Nuit avec éclairage allumé,En agglomération,Intersection en T,Normale,Deux véhicules - arrière,,,,,,,,,,,5,2,3,1.0,2
201300040816,0013-11-01 21:20:00,13,11,1,21,20,930,1,"78, FELIX FAURE (BLD) =>",,,Nuit avec éclairage allumé,En agglomération,Hors intersection,Pluie forte,Sans collision,,,,,,,,,,,5,2,1,3.0,7
201300040817,0013-11-04 17:00:00,13,11,4,17,0,930,1,"3, FERRAGUS (RUE)  7/8 =",,,Plein jour,En agglomération,Hors intersection,Normale,Autre collision,,,,,,,,,,,1,2,1,1.0,6
201300040818,0013-11-06 17:10:00,13,11,6,17,10,930,1,"120, HELENE COCHENNEC (R",,,Crépuscule ou aube,En agglomération,Hors intersection,Pluie légère,Autre collision,,,,,,,,,,,2,2,1,2.0,6
201300040819,0013-11-12 08:00:00,13,11,12,8,0,930,1,20 COURNEUVE (RUE DE LA,,,Plein jour,En agglomération,Hors intersection,Normale,Autre collision,,,,,,,,,,,1,2,1,1.0,6
201300040820,0013-11-14 10:20:00,13,11,14,10,20,930,1,55 FELIX FAURE (BLD) =>,,,Plein jour,En agglomération,Hors intersection,Pluie légère,Autre collision,,,,,,,,,,,1,2,1,2.0,6
201300040821,0013-11-18 12:10:00,13,11,18,12,10,930,1,75 REPUBLIQUE (AVE DE L,,,Plein jour,En agglomération,Hors intersection,Normale,Autre collision,,,,,,,,,,,1,2,1,1.0,6
201300040822,0013-11-20 19:55:00,13,11,20,19,55,930,1,"73, JEAN JAURES (AVE) 55",,,Nuit avec éclairage allumé,En agglomération,Hors intersection,Pluie légère,Deux véhicules - arrière,,,,,,,,,,,5,2,1,2.0,2
201300040823,0013-11-21 09:00:00,13,11,21,9,0,930,1,"1, LAUTREAMONT (RUE)",,,Plein jour,En agglomération,Hors intersection,Pluie légère,Deux véhicules - arrière,,,,,,,,,,,1,2,1,2.0,2
201300040824,0013-11-25 11:30:00,13,11,25,11,30,930,1,GARDINOUX (RUE DES),,,Plein jour,En agglomération,Intersection à plus de 4 branches,Normale,Deux véhicules - frontale,,,,,,,,,,,1,2,5,1.0,1
201300040825,0013-11-26 15:05:00,13,11,26,15,5,930,1,"10, REPUBLIQUE (AVE DE L",,,Plein jour,En agglomération,Intersection en Y,Normale,Deux véhicules - côté,,,,,,,,,,,1,2,4,1.0,3
201300040826,0013-11-29 05:55:00,13,11,29,5,55,930,1,CITES (RUE DES)  93/100,,,Nuit avec éclairage allumé,En agglomération,Intersection en X,Normale,Deux véhicules - côté,,,,,,,,,,,5,2,2,1.0,3
201300040827,0013-11-29 11:15:00,13,11,29,11,15,930,1,"239, JEAN JAURES (AVE)",,,Plein jour,En agglomération,Hors intersection,Normale,Autre collision,,,,,,,,,,,1,2,1,1.0,6
201300040828,0013-11-30 02:35:00,13,11,30,2,35,930,1,"131, JEAN JAURES (AVE)",,,Nuit avec éclairage allumé,En agglomération,Intersection en T,Normale,Deux véhicules - arrière,,,,,,,,,,,5,2,3,1.0,2
201300040829,0013-12-03 15:45:00,13,12,3,15,45,930,1,6 HENRI MANIGART (RUE),,,Plein jour,En agglomération,Hors intersection,Normale,Autre collision,,,,,,,,,,,1,2,1,1.0,6
201300040830,0013-12-11 19:15:00,13,12,11,19,15,930,1,"8, GARDINOUX (RUE DES)",,,Nuit avec éclairage allumé,En agglomération,Hors intersection,Normale,Deux véhicules - côté,,,,,,,,,,,5,2,1,1.0,3
201300040831,0013-12-18 14:40:00,13,12,18,14,40,930,1,47 REPUBLIQUE (AVE DE L,,,Plein jour,En agglomération,Hors intersection,Normale,Autre collision,,,,,,,,,,,1,2,1,1.0,6
201300040832,0013-12-21 05:50:00,13,12,21,5,50,930,1,EDOUARD POISSON  (RUE) (,,,Nuit avec éclairage allumé,En agglomération,Intersection en T,Normale,Autre collision,,,,,,,,,,,5,2,3,1.0,6
201300040833,0013-12-21 13:40:00,13,12,21,13,40,930,1,REPUBLIQUE (AVE DE LA ),,,Plein jour,En agglomération,Intersection en T,Normale,Deux véhicules - côté,,,,,,,,,,,1,2,3,1.0,3