accident_id,datetime,annee,mois,jour,heure,minute,departement,commune_insee,adresse,latitude,longitude,luminosite,agglomeration,intersection,meteo,collision,nb_vehicules,nb_usagers,nb_indemnes,nb_tues,nb_blesses_hosp,nb_blesses_legers,age_cond_1,age_cond_2,veh_type_cond_1,veh_type_cond_2,lum_code,agg_code,int_code,atm_code,col_code
201300040834,0013-12-23 14:20:00,13,12,23,14,20,930,1,DANIELLE CASANOVA (RUE),,,Plein jour,En agglomération,Hors intersection,Normale,Autre collision,,,,,,,,,,,1,2,1,1.0,6
201300040835,0013-12-23 17:45:00,13,12,23,17,45,930,1,WALDECK ROCHET (RUE),,,Nuit avec éclairage allumé,En agglomération,Hors intersection,Vent fort / tempête,Autre collision,,,,,,,,,,,5,2,1,6.0,6
201300040836,0013-12-27 23:00:00,13,12,27,23,0,930,1,"38, HEMET (RUE) (PAIR)",,,Nuit avec éclairage allumé,En agglomération,Hors intersection,Pluie légère,Autre collision,,,,,,,,,,,5,2,1,2.0,6
201300040837,0013-01-01 07:30:00,13,1,1,7,30,930,5,EUROPE (CARREFOUR DE L'),,,Nuit avec éclairage allumé,En agglomération,Giratoire,Normale,Trois véhicules et plus - collisions multiples,,,,,,,,,,,5,2,6,1.0,5
201300040838,0013-01-17 17:10:00,13,1,17,17,10,930,71,"33, LEON JOUHAUX (AVENU",,,Plein jour,En agglomération,Hors intersection,Normale,Deux véhicules - côté,,,,,,,,,,,1,2,1,1.0,3
201300040839,0013-01-02 13:50:00,13,1,2,13,50,930,5,ROBERT BREMOND (RUE),,,Plein jour,Hors agglomération,Hors intersection,Normale,Deux véhicules - côté,,,,,,,,,,,1,1,1,1.0,3
201300040840,0013-02-20 18:10:00,13,2,20,18,10,930,71,"100, AULNAY (RUE D')",,,Crépuscule ou aube,En agglomération,Hors intersection,Normale,Deux véhicules - arrière,,,,,,,,,,,2,2,1,1.0,2
201300040841,0013-01-03 20:20:00,13,1,3,20,20,930,5,IRENE ET FREDERIC JOLIOT,,,Nuit avec éclairage allumé,En agglomération,Hors intersection,Pluie légère,Deux véhicules - côté,,,,,,,,,,,5,2,1,2.0,3
201300040842,0013-03-14 13:30:00,13,3,14,13,30,930,71,"10, MARCHE (AVENUE DU)",,,Plein jour,En agglomération,Hors intersection,Normale,Autre collision,,,,,,,,,,,1,2,1,1.0,6
201300040843,0013-01-03 23:30:00,13,1,3,23,30,930,5,FRANCOIS MASSE (RUE),,,Nuit avec éclairage allumé,En agglomération,Intersection en T,Normale,Deux véhicules - côté,,,,,,,,,,,5,2,3,1.0,3
201300040844,0013-01-04 14:30:00,13,1,4,14,30,930,5,"NEANT, PARINOR",,,Plein jour,En agglomération,Hors intersection,Normale,Autre collision,,,,,,,,,,,1,2,1,1.0,6
201300040845,0013-03-25 17:20:00,13,3,25,17,20,930,71,GENERAL LECLERC (AVENUE,,,Plein jour,En agglomération,Hors intersection,Normale,Autre collision,,,,,,,,,,,1,2,1,1.0,6
201300040846,0013-01-06 22:35:00,13,1,6,22,35,930,5,"16, JEAN CHARCOT [CD115]",,,Nuit avec éclairage allumé,En agglomération,Hors intersection,Pluie légère,Autre collision,,,,,,,,,,,5,2,1,2.0,6
201300040847,0013-03-29 11:50:00,13,3,29,11,50,930,71,GARE (RUE DE LA),,,Plein jour,En agglomération,Hors intersection,Normale,Autre collision,,,,,,,,,,,1,2,1,1.0,6
201300040848,0013-01-12 12:45:00,13,1,12,12,45,930,5,MARC CHAGALL (BOULEVARD),,,Plein jour,En agglomération,Intersection en T,Pluie légère,Deux véhicules - côté,,,,,,,,,,,1,2,3,2.0,3
201300040849,0013-04-01 16:15:00,13,4,1,16,15,930,71,0 PETITS PONTS (ROUTE D,,,Plein jour,En agglomération,Hors intersection,Normale,Autre collision,,,,,,,,,,,1,2,1,1.0,6
201300040850,0013-01-12 14:00:00,13,1,12,14,0,930,5,GEORGES BRAQUE (BOULEVAR,,,Plein jour,En agglomération,Hors intersection,Pluie légère,Deux véhicules - arrière,,,,,,,,,,,1,2,1,2.0,2
201300040851,0013-04-05 16:00:00,13,4,5,16,0,930,71,"18, AULNAY (BOULEVARD D'",,,Plein jour,En agglomération,Hors intersection,Normale,Autre collision,,,,,,,,,,,1,2,1,1.0,6
201300040852,0013-01-14 16:00:00,13,1,14,16,0,930,5,RAOUL DUFY (AVENUE),,,Nuit avec éclairage allumé,En agglomération,Hors intersection,Normale,Deux véhicules - arrière,,,,,,,,,,,5,2,1,1.0,2
201300040853,0013-01-17 21:00:00,13,1,17,21,0,930,5,BERTEAUX (RUE),,,Nuit avec éclairage allumé,En agglomération,Intersection en T,Normale,Autre collision,,,,,,,,,,,5,2,3,1.0,6
201300040854,0013-04-15 11:00:00,13,4,15,11,0,930,71,1 GABRIEL PERI (RUE),,,Plein jour,En agglomération,Intersection en T,Pluie légère,Autre collision,,,,,,,,,,,1,2,3,2.0,6
201300040855,0013-01-21 18:45:00,13,1,21,18,45,930,5,PAUL CEZANNE (RUE),,,Nuit avec éclairage allumé,En agglomération,Hors intersection,Neige / grêle,Autre collision,,,,,,,,,,,5,2,1,4.0,6
201300040856,0013-04-16 18:00:00,13,4,16,18,0,930,71,"13, CHARLES CONRAD (RUE)",,,Plein jour,En agglomération,Hors intersection,Normale,Trois véhicules et plus - en chaîne,,,,,,,,,,,1,2,1,1.0,4
201300040857,0013-04-23 18:45:00,13,4,23,18,45,930,71,PEUPLIERS (ALLEE DES),,,Plein jour,En agglomération,Hors intersection,Normale,Deux véhicules - arrière,,,,,,,,,,,1,2,1,1.0,2
201300040858,0013-01-24 13:20:00,13,1,24,13,20,930,5,AMBOURGET (RUE),,,Plein jour,En agglomération,Hors intersection,Normale,Autre collision,,,,,,,,,,,1,2,1,1.0,6
201300040859,0013-01-25 17:30:00,13,1,25,17,30,930,5,CHARLES DE GAULLE [CD115,,,Nuit avec éclairage allumé,En agglomération,Hors intersection,Normale,Autre collision,,,,,,,,,,,5,2,1,1.0,6
201300040860,0013-04-27 09:45:00,13,4,27,9,45,930,71,"1, GUY CAM (RUE)",,,Plein jour,En agglomération,Hors intersection,Normale,Deux véhicules - côté,,,,,,,,,,,1,2,1,1.0,3
201300040861,0013-05-02 19:30:00,13,5,2,19,30,930,71,"8, SAVIGNY (CHEMIN DE)",,,Plein jour,En agglomération,Hors intersection,Normale,Deux véhicules - côté,,,,,,,,,,,1,2,1,1.0,3
201300040862,0013-01-31 21:34:00,13,1,31,21,34,930,5,JACQUES DUCLOS [CD44] (R,,,Nuit avec éclairage allumé,En agglomération,Intersection en X,Normale,Deux véhicules - arrière,,,,,,,,,,,5,2,2,1.0,2
201300040863,0013-05-05 18:40:00,13,5,5,18,40,930,71,"26, GAMBETTA (AVENUE)",,,Plein jour,En agglomération,Intersection en X,Normale,Deux véhicules - côté,,,,,,,,,,,1,2,2,1.0,3
201300040864,0013-05-09 13:10:00,13,5,9,13,10,930,71,"1, BALLANGER ROBERT (AVE",,,Plein jour,En agglomération,Intersection en T,Normale,Autre collision,,,,,,,,,,,1,2,3,1.0,6
201300040865,0013-02-04 01:04:00,13,2,4,1,4,930,5,WALDECK ROUSSEAU (RUE),,,Nuit avec éclairage allumé,En agglomération,Intersection en X,Pluie légère,Deux véhicules - côté,,,,,,,,,,,5,2,2,2.0,3
201300040866,0013-05-14 14:30:00,13,5,14,14,30,930,71,GENERAL LECLERC (AVENUE,,,Plein jour,En agglomération,Hors intersection,Normale,Deux véhicules - arrière,,,,,,,,,,,1,2,1,1.0,2
201300040867,0013-02-05 08:30:00,13,2,5,8,30,930,5,PREFET CHALEIL (CD44) (R,,,Plein jour,En agglomération,Intersection en X,Pluie légère,Autre collision,,,,,,,,,,,1,2,2,2.0,6
201300040868,0013-05-17 16:30:00,13,5,17,16,30,930,71,PIERRE BROSSOLETTE (RUE),,,Plein jour,En agglomération,Intersection en X,Normale,Autre collision,,,,,,,,,,,1,2,2,1.0,6
201300040869,0013-02-05 16:00:00,13,2,5,16,0,930,5,CLEMENT ADER (RUE),,,Plein jour,En agglomération,Giratoire,Normale,Deux véhicules - côté,,,,,,,,,,,1,2,6,1.0,3
201300040870,0013-02-06 17:40:00,13,2,6,17,40,930,5,LELIEVRE (AVENUE),,,Plein jour,En agglomération,Hors intersection,Normale,Deux véhicules - frontale,,,,,,,,,,,1,2,1,1.0,1
201300040871,0013-05-16 16:10:00,13,5,16,16,10,930,71,SALVADOR ALLENDE (AVENUE,,,Plein jour,En agglomération,Hors intersection,Temps couvert,Autre collision,,,,,,,,,,,1,2,1,8.0,6
201300040872,0013-05-31 17:00:00,13,5,31,17,0,930,71,"33, LUCIEN SAMPAIX (RUE)",,,Plein jour,En agglomération,Hors intersection,Normale,Deux véhicules - côté,,,,,,,,,,,1,2,1,1.0,3
201300040873,0013-06-05 13:10:00,13,6,5,13,10,930,71,"1, GABRIEL PERI (RUE)",,,Plein jour,En agglomération,Intersection en T,Normale,Deux véhicules - côté,,,,,,,,,,,1,2,3,1.0,3
201300040874,0013-02-18 08:25:00,13,2,18,8,25,930,5,HOTEL DE VILLE (BOULEVAR,,,Plein jour,En agglomération,Intersection en T,Normale,Deux véhicules - côté,,,,,,,,,,,1,2,3,1.0,3
201300040875,0013-02-20 18:00:00,13,2,20,18,0,930,5,"1, AULNES (RUE DES)",,,Crépuscule ou aube,En agglomération,Hors intersection,Normale,Autre collision,,,,,,,,,,,2,2,1,1.0,6
201300040876,0013-06-12 19:00:00,13,6,12,19,0,930,71,BOUGAINVILLE (ALLEE),,,Plein jour,En agglomération,Hors intersection,Normale,Deux véhicules - côté,,,,,,,,,,,1,2,1,1.0,3
201300040877,0013-02-21 19:00:00,13,2,21,19,0,930,5,PASCAL LECOINTRE (RUE),,,Nuit avec éclairage allumé,En agglomération,Intersection en T,Normale,Deux véhicules - côté,,,,,,,,,,,5,2,3,1.0,3
201300040878,0013-06-15 18:20:00,13,6,15,18,20,930,71,VICTOR HUGO (AVENUE),,,Plein jour,En agglomération,Hors intersection,Normale,Autre collision,,,,,,,,,,,1,2,1,1.0,6
201300040879,0013-02-25 09:25:00,13,2,25,9,25,930,5,"97, JACQUES DUCLOS [CD44",,,Plein jour,En agglomération,Intersection en X,Neige / grêle,Autre collision,,,,,,,,,,,1,2,2,4.0,6
201300040880,0013-02-25 11:40:00,13,2,25,11,40,930,5,CHARLES FLOQUET (BOULEVA,,,Plein jour,En agglomération,Intersection en X,Normale,Autre collision,,,,,,,,,,,1,2,2,1.0,6
201300040881,0013-06-20 13:40:00,13,6,20,13,40,930,71,PEUPLIERS (ALLEE DES),,,Plein jour,En agglomération,Intersection en X,Normale,Deux véhicules - côté,,,,,,,,,,,1,2,2,1.0,3
201300040882,0013-03-17 06:15:00,13,3,17,6,15,930,5,ORLEANS (RUE D'),,,Crépuscule ou aube,En agglomération,Intersection en X,Pluie légère,Autre collision,,,,,,,,,,,2,2,2,2.0,6
201300040883,0013-07-05 15:50:00,13,7,5,15,50,930,71,RAOUL DAUTRY (AVENUE),,,Plein jour,En agglomération,Hors intersection,Normale,Deux véhicules - côté,,,,,,,,,,,1,2,1,1.0,3
201300040884,0013-03-27 20:50:00,13,3,27,20,50,930,5,AMBROISE PARE (RUE),,,Nuit sans éclairage public,En agglomération,Intersection en X,Normale,Deux véhicules - côté,,,,,,,,,,,3,2,2,1.0,3
201300040885,0013-03-28 10:40:00,13,3,28,10,40,930,5,ROISSY EN FRANCE [CR N9],,,Plein jour,En agglomération,Intersection en X,Normale,Deux véhicules - côté,,,,,,,,,,,1,2,2,1.0,3
201300040886,0013-07-15 00:30:00,13,7,15,0,30,930,71,"79, AULNAY (RUE D')",,,Nuit avec éclairage allumé,En agglomération,Hors intersection,Normale,Deux véhicules - côté,,,,,,,,,,,5,2,1,1.0,3
201300040887,0013-07-16 17:30:00,13,7,16,17,30,930,71,"1, LIVRY (AVENUE DE)",,,Plein jour,En agglomération,Intersection en X,Normale,Deux véhicules - côté,,,,,,,,,,,1,2,2,1.0,3
201300040888,0013-04-07 20:10:00,13,4,7,20,10,930,5,MITRY [CD115] (ROUTE DE),,,Plein jour,En agglomération,Hors intersection,Normale,Deux véhicules - arrière,,,,,,,,,,,1,2,1,1.0,2
201300040889,0013-07-16 20:50:00,13,7,16,20,50,930,71,"06, EST (RUE DE L')",,,Plein jour,En agglomération,Hors intersection,Normale,Autre collision,,,,,,,,,,,1,2,1,1.0,6
201300040890,0013-04-11 18:05:00,13,4,11,18,5,930,5,MUN (AVENUE DE),,,Plein jour,En agglomération,Intersection en X,Normale,Deux véhicules - côté,,,,,,,,,,,1,2,2,1.0,3
201300040891,0013-04-14 14:30:00,13,4,14,14,30,930,5,EDGAR DEGAS (RUE),,,Plein jour,En agglomération,Hors intersection,Normale,Sans collision,,,,,,,,,,,1,2,1,1.0,7
201300040892,0013-04-14 17:20:00,13,4,14,17,20,930,5,RAOUL DUFY (AVENUE),,,Plein jour,En agglomération,Hors intersection,Normale,Sans collision,,,,,,,,,,,1,2,1,1.0,7
201300040893,0013-04-18 16:35:00,13,4,18,16,35,930,5,"36, JACQUES DUCLOS [CD44",,,Plein jour,En agglomération,Hors intersection,Normale,Autre collision,,,,,,,,,,,1,2,1,1.0,6
201300040894,0013-04-21 19:00:00,13,4,21,19,0,930,5,POMEREU (AVENUE DE),,,Plein jour,En agglomération,Intersection en X,Normale,Deux véhicules - côté,,,,,,,,,,,1,2,2,1.0,3
201300040895,0013-08-18 20:45:00,13,8,18,20,45,930,71,ALFRED NOBEL (AVENUE),,,Crépuscule ou aube,En agglomération,Hors intersection,Pluie légère,Autre collision,,,,,,,,,,,2,2,1,2.0,6
201300040896,0013-04-23 18:20:00,13,4,23,18,20,930,5,RAOUL DUFY (AVENUE),,,Plein jour,En agglomération,Hors intersection,Normale,Deux véhicules - arrière,,,,,,,,,,,1,2,1,1.0,2
201300040897,0013-09-09 11:30:00,13,9,9,11,30,930,71,"1, COMMANDANT CHARCOT (A",,,Plein jour,En agglomération,Intersection en X,Pluie légère,Deux véhicules - côté,,,,,,,,,,,1,2,2,2.0,3
201300040898,0013-04-24 13:00:00,13,4,24,13,0,930,5,BLAISE PASCAL (RUE),,,Plein jour,En agglomération,Hors intersection,Normale,Autre collision,,,,,,,,,,,1,2,1,1.0,6
201300040899,0013-10-01 15:00:00,13,10,1,15,0,930,71,0 HENRI BECQUEREL (RUE),,,Plein jour,En agglomération,Hors intersection,Normale,Deux véhicules - arrière,,,,,,,,,,,1,2,1,1.0,2
201300040900,0013-04-27 09:20:00,13,4,27,9,20,930,5,72 MITRY [CD115] (ROUTE,,,Plein jour,En agglomération,Hors intersection,Normale,Sans collision,,,,,,,,,,,1,2,1,1.0,7
201300040901,0013-10-04 20:00:00,13,10,4,20,0,930,71,PEUPLIERS (ALLEE DES),,,Nuit avec éclairage allumé,En agglomération,Hors intersection,Normale,Deux véhicules - frontale,,,,,,,,,,,5,2,1,1.0,1
201300040902,0013-05-03 16:05:00,13,5,3,16,5,930,5,LOUIS ARMAND (CARREFOUR),,,Plein jour,En agglomération,Hors intersection,Normale,Deux véhicules - arrière,,,,,,,,,,,1,2,1,1.0,2
201300040903,0013-05-06 09:30:00,13,5,6,9,30,930,5,"23, ROMAIN ROLLAND (AVEN",,,Plein jour,En agglomération,Hors intersection,Pluie légère,Autre collision,,,,,,,,,,,1,2,1,2.0,6
201300040904,0013-05-10 22:00:00,13,5,10,22,0,930,5,", BLAISE PASCAL (RUE)",,,Nuit avec éclairage allumé,En agglomération,Hors intersection,Normale,Autre collision,,,,,,,,,,,5,2,1,1.0,6
201300040905,0013-05-11 14:00:00,13,5,11,14,0,930,5,"23, HOTEL DE VILLE (BOUL",,,Plein jour,En agglomération,Hors intersection,Normale,Autre collision,,,,,,,,,,,1,2,1,1.0,6
201300040906,0013-05-22 20:00:00,13,5,22,20,0,930,5,SAVIGNY (AVENUE DE),,,Plein jour,En agglomération,Hors intersection,Normale,Deux véhicules - frontale,,,,,,,,,,,1,2,1,1.0,1
201300040907,0013-05-23 11:35:00,13,5,23,11,35,930,5,PAUL CEZANNE (RUE),,,Plein jour,En agglomération,Intersection en X,Normale,Deux véhicules - côté,,,,,,,,,,,1,2,2,1.0,3
201300040908,0013-11-08 18:30:00,13,11,8,18,30,930,71,"24, LIVRY (AVENUE DE)",,,Nuit avec éclairage allumé,En agglomération,Intersection en T,Pluie légère,Deux véhicules - frontale,,,,,,,,,,,5,2,3,2.0,1
201300040909,0013-05-24 15:50:00,13,5,24,15,50,930,5,"39, JULES PRINCET [CD115",,,Plein jour,En agglomération,Hors intersection,Pluie forte,Autre collision,,,,,,,,,,,1,2,1,3.0,6
201300040910,0013-11-13 06:50:00,13,11,13,6,50,930,71,JEAN MOULIN (CARREFOUR),,,Nuit avec éclairage allumé,En agglomération,Hors intersection,Normale,Autre collision,,,,,,,,,,,5,2,1,1.0,6
201300040911,0013-05-24 19:30:00,13,5,24,19,30,930,5,CHARLES DE GAULLE [CD115,,,Plein jour,En agglomération,Place,Normale,Deux véhicules - côté,,,,,,,,,,,1,2,7,1.0,3
201300040912,0013-11-27 12:40:00,13,11,27,12,40,930,71,45 HENRI BARBUSSE (AVEN,,,Plein jour,En agglomération,Intersection en T,Normale,Deux véhicules - arrière,,,,,,,,,,,1,2,3,1.0,2
201300040913,0013-05-24 21:40:00,13,5,24,21,40,930,5,", MARC CHAGALL (BOULEVAR",,,Nuit avec éclairage allumé,En agglomération,Hors intersection,Temps couvert,Deux véhicules - arrière,,,,,,,,,,,5,2,1,8.0,2
201300040914,0013-11-28 11:45:00,13,11,28,11,45,930,71,0 LIVRY (AVENUE DE),,,Plein jour,En agglomération,Intersection en T,Normale,Deux véhicules - côté,,,,,,,,,,,1,2,3,1.0,3
201300040915,0013-05-28 13:30:00,13,5,28,13,30,930,5,HOTEL DE VILLE (BOULEVAR,,,Plein jour,En agglomération,Hors intersection,Pluie légère,Autre collision,,,,,,,,,,,1,2,1,2.0,6
201300040916,0013-12-20 13:30:00,13,12,20,13,30,930,71,"0, WESTINGHOUSE (BOULEVA",,,Plein jour,En agglomération,Intersection en X,Normale,Autre collision,,,,,,,,,,,1,2,2,1.0,6
201300040917,0013-05-30 14:40:00,13,5,30,14,40,930,5,MITRY [CD115] (ROUTE DE),,,Plein jour,En agglomération,Hors intersection,Temps couvert,Deux véhicules - arrière,,,,,,,,,,,1,2,1,8.0,2
201300040918,0013-06-05 16:45:00,13,6,5,16,45,930,5,DOCTEUR ROUX (RUE DU),,,Plein jour,En agglomération,Hors intersection,Normale,Autre collision,,,,,,,,,,,1,2,1,1.0,6
201300040919,0013-06-05 21:00:00,13,6,5,21,0,930,5,"3, VIENNE (ALLEE DE)",,,Plein jour,En agglomération,Hors intersection,Normale,Autre collision,,,,,,,,,,,1,2,1,1.0,6
201300040920,0013-06-10 19:10:00,13,6,10,19,10,930,5,GEORGES BRAQUE (BOULEVAR,,,Plein jour,En agglomération,Hors intersection,Normale,Deux véhicules - côté,,,,,,,,,,,1,2,1,1.0,3
201300040921,0013-06-11 10:00:00,13,6,11,10,0,930,5,GENERAL GALLIENI (BOULEV,,,Plein jour,En agglomération,Hors intersection,Normale,Deux véhicules - côté,,,,,,,,,,,1,2,1,1.0,3
201300040922,0013-06-16 12:00:00,13,6,16,12,0,930,5,"30, MOULIN DE LA VILLE (",,,Plein jour,En agglomération,Hors intersection,Normale,Autre collision,,,,,,,,,,,1,2,1,1.0,6
201300040923,0013-06-18 13:45:00,13,6,18,13,45,930,5,OLIVIERS (RUE DES),,,Plein jour,En agglomération,Intersection en X,Normale,Trois véhicules et plus - collisions multiples,,,,,,,,,,,1,2,2,1.0,5
201300040924,0013-06-18 14:40:00,13,6,18,14,40,930,5,MARCEL SEMBAT (RUE),,,Plein jour,En agglomération,Intersection en X,Normale,Deux véhicules - côté,,,,,,,,,,,1,2,2,1.0,3
201300040925,0013-06-18 17:30:00,13,6,18,17,30,930,5,"01, MARECHAL JUIN (AVENU",,,Plein jour,En agglomération,Hors intersection,Normale,Autre collision,,,,,,,,,,,1,2,1,1.0,6
201300040926,0013-06-20 10:30:00,13,6,20,10,30,930,5,CHARLES DE GAULLE [CD115,,,Plein jour,En agglomération,Giratoire,Temps couvert,Deux véhicules - côté,,,,,,,,,,,1,2,6,8.0,3
201300040927,0013-06-21 19:45:00,13,6,21,19,45,930,5,"11, GENERAL LECLERC (PLA",,,Plein jour,En agglomération,Hors intersection,Normale,Autre collision,,,,,,,,,,,1,2,1,1.0,6
201300040928,0013-06-25 21:00:00,13,6,25,21,0,930,5,EDGAR DEGAS (RUE),,,Nuit avec éclairage allumé,En agglomération,Hors intersection,Normale,Deux véhicules - frontale,,,,,,,,,,,5,2,1,1.0,1
201300040929,0013-06-27 17:00:00,13,6,27,17,0,930,5,MARC CHAGALL (BOULEVARD),,,Plein jour,En agglomération,Hors intersection,Normale,Autre collision,,,,,,,,,,,1,2,1,1.0,6
201300040930,0013-06-28 10:20:00,13,6,28,10,20,930,5,ANDRE CITROEN (BOULEVARD,,,Plein jour,En agglomération,Hors intersection,Pluie légère,Sans collision,,,,,,,,,,,1,2,1,2.0,7
201300040931,0013-07-04 23:36:00,13,7,4,23,36,930,5,"24, JULES PRINCET [CD115",,,Nuit avec éclairage allumé,En agglomération,Hors intersection,Normale,Deux véhicules - côté,,,,,,,,,,,5,2,1,1.0,3
201300040932,0013-07-06 14:15:00,13,7,6,14,15,930,5,LOUIS ARMAND (CARREFOUR),,,Plein jour,En agglomération,Hors intersection,Normale,Autre collision,,,,,,,,,,,1,2,1,1.0,6
201300040933,0013-07-07 22:50:00,13,7,7,22,50,930,5,JEAN JAURES (AVENUE),,,Nuit avec éclairage allumé,En agglomération,Intersection en X,Autre,Deux véhicules - côté,,,,,,,,,,,5,2,2,9.0,3
201300040934,0013-07-11 20:00:00,13,7,11,20,0,930,5,"04, GROS PEUPLIER (AVENU",,,Plein jour,En agglomération,Hors intersection,Normale,Deux véhicules - côté,,,,,,,,,,,1,2,1,1.0,3
201300040935,0013-07-12 12:55:00,13,7,12,12,55,930,5,GASPARD MONGE (RUE),,,Plein jour,En agglomération,Hors intersection,Normale,Autre collision,,,,,,,,,,,1,2,1,1.0,6
201300040936,0013-07-12 23:35:00,13,7,12,23,35,930,5,GEORGES BRAQUE (BOULEVAR,,,Nuit avec éclairage allumé,En agglomération,Hors intersection,Normale,Deux véhicules - arrière,,,,,,,,,,,5,2,1,1.0,2
201300040937,0013-07-18 18:20:00,13,7,18,18,20,930,5,"36, JULES PRINCET [CD115",,,Plein jour,En agglomération,Hors intersection,Normale,Trois véhicules et plus - en chaîne,,,,,,,,,,,1,2,1,1.0,4
201300040938,0013-07-19 18:50:00,13,7,19,18,50,930,5,JULES PRINCET [CD115] (R,,,Plein jour,En agglomération,Hors intersection,Normale,Deux véhicules - arrière,,,,,,,,,,,1,2,1,1.0,2
201300040939,0013-07-25 12:00:00,13,7,25,12,0,930,5,PIMODAN (RUE DE),,,Plein jour,En agglomération,Intersection en T,Normale,Deux véhicules - côté,,,,,,,,,,,1,2,3,1.0,3
201300040940,0013-07-29 15:10:00,13,7,29,15,10,930,5,SUZANNE LENGLEN (AVENUE),,,Plein jour,En agglomération,Hors intersection,Normale,Deux véhicules - côté,,,,,,,,,,,1,2,1,1.0,3
201300040941,0013-08-02 17:45:00,13,8,2,17,45,930,5,SUZANNE LENGLEN (AVENUE),,,Plein jour,En agglomération,Hors intersection,Normale,Autre collision,,,,,,,,,,,1,2,1,1.0,6
201300040942,0013-08-04 07:25:00,13,8,4,7,25,930,5,JULES VALLES (RUE),,,Plein jour,En agglomération,Hors intersection,Normale,Deux véhicules - côté,,,,,,,,,,,1,2,1,1.0,3
201300040943,0013-08-18 20:15:00,13,8,18,20,15,930,5,CHARLES GOUPPY (RUE),,,Plein jour,En agglomération,Intersection en T,Normale,Deux véhicules - arrière,,,,,,,,,,,1,2,3,1.0,2
201300040944,0013-08-20 21:35:00,13,8,20,21,35,930,5,"NEANT, RAOUL DUFY (AVENU",,,Nuit avec éclairage allumé,En agglomération,Intersection en T,Normale,Deux véhicules - arrière,,,,,,,,,,,5,2,3,1.0,2
201300040945,0013-08-22 20:00:00,13,8,22,20,0,930,5,"6, JULES PRINCET [CD115]",,,Plein jour,En agglomération,Hors intersection,Normale,Deux véhicules - côté,,,,,,,,,,,1,2,1,1.0,3
201300040946,0013-08-25 01:25:00,13,8,25,1,25,930,5,OLIVIERS (RUE DES),,,Nuit avec éclairage allumé,En agglomération,Hors intersection,Pluie forte,Deux véhicules - côté,,,,,,,,,,,5,2,1,3.0,3
201300040947,0013-08-31 08:10:00,13,8,31,8,10,930,5,", JULES PRINCET [CD115]",,,Plein jour,En agglomération,Intersection en X,Pluie légère,Deux véhicules - côté,,,,,,,,,,,1,2,2,2.0,3
201300040948,0013-08-31 19:30:00,13,8,31,19,30,930,5,MADRID (RUE DE),,,Plein jour,En agglomération,Intersection en X,Normale,Autre collision,,,,,,,,,,,1,2,2,1.0,6
201300040949,0013-09-06 13:15:00,13,9,6,13,15,930,5,ROISSY EN FRANCE [CR N9],,,Plein jour,En agglomération,Intersection en X,Normale,Deux véhicules - côté,,,,,,,,,,,1,2,2,1.0,3
201300040950,0013-09-08 18:10:00,13,9,8,18,10,930,5,JEAN CHARCOT [CD115] (RU,,,Plein jour,En agglomération,Intersection en T,Normale,Deux véhicules - côté,,,,,,,,,,,1,2,3,1.0,3
201300040951,0013-09-10 08:00:00,13,9,10,8,0,930,5,MOULIN DE LA VILLE (CHEM,,,Plein jour,En agglomération,Hors intersection,Normale,Deux véhicules - frontale,,,,,,,,,,,1,2,1,1.0,1
201300040952,0013-09-10 17:30:00,13,9,10,17,30,930,5,CLAUDE DEBUSSY (RUE),,,Plein jour,En agglomération,Hors intersection,Normale,Autre collision,,,,,,,,,,,1,2,1,1.0,6
201300040953,0013-09-11 13:30:00,13,9,11,13,30,930,5,ROBERT SCHUMAN (CARREFOU,,,Plein jour,En agglomération,Hors intersection,Normale,Deux véhicules - arrière,,,,,,,,,,,1,2,1,1.0,2
201300040954,0013-09-12 14:20:00,13,9,12,14,20,930,5,"NEANT, MARC CHAGALL (BOU",,,Plein jour,En agglomération,Hors intersection,Normale,Autre collision,,,,,,,,,,,1,2,1,1.0,6
201300040955,0013-09-15 13:45:00,13,9,15,13,45,930,5,MARC CHAGALL (BOULEVARD),,,Plein jour,En agglomération,Hors intersection,Normale,Deux véhicules - côté,,,,,,,,,,,1,2,1,1.0,3
201300040956,0013-09-19 12:30:00,13,9,19,12,30,930,5,SEVRAN (CD44) (RUE DE),,,Plein jour,En agglomération,Hors intersection,Normale,Autre collision,,,,,,,,,,,1,2,1,1.0,6
201300040957,0013-09-22 13:15:00,13,9,22,13,15,930,5,RAOUL DUFY (AVENUE),,,Plein jour,En agglomération,Hors intersection,Pluie légère,Autre collision,,,,,,,,,,,1,2,1,2.0,6
201300040958,0013-09-23 20:30:00,13,9,23,20,30,930,5,COTTAGE (AVENUE DU),,,Nuit avec éclairage allumé,En agglomération,Intersection en T,Normale,Deux véhicules - côté,,,,,,,,,,,5,2,3,1.0,3
201300040959,0013-09-26 07:30:00,13,9,26,7,30,930,5,"1, JULES VALLES (RUE)",,,Plein jour,En agglomération,Intersection en T,Normale,Autre collision,,,,,,,,,,,1,2,3,1.0,6
201300040960,0013-09-26 09:40:00,13,9,26,9,40,930,5,ANDRE CITROEN (BOULEVARD,,,Plein jour,En agglomération,Hors intersection,Normale,Deux véhicules - arrière,,,,,,,,,,,1,2,1,1.0,2
201300040961,0013-09-27 11:45:00,13,9,27,11,45,930,5,MARC CHAGALL (BOULEVARD),,,Plein jour,En agglomération,Autre intersection,Normale,Deux véhicules - côté,,,,,,,,,,,1,2,9,1.0,3
201300040962,0013-09-29 16:00:00,13,9,29,16,0,930,5,WALDECK ROUSSEAU (RUE),,,Plein jour,En agglomération,Hors intersection,Normale,Autre collision,,,,,,,,,,,1,2,1,1.0,6
201300040963,0013-09-29 21:40:00,13,9,29,21,40,930,5,MITRY [CD115] (ROUTE DE),,,Nuit avec éclairage allumé,En agglomération,Hors intersection,Pluie légère,Autre collision,,,,,,,,,,,5,2,1,2.0,6