accident_id,datetime,annee,mois,jour,heure,minute,departement,commune_insee,adresse,latitude,longitude,luminosite,agglomeration,intersection,meteo,collision,nb_vehicules,nb_usagers,nb_indemnes,nb_tues,nb_blesses_hosp,nb_blesses_legers,age_cond_1,age_cond_2,veh_type_cond_1,veh_type_cond_2,lum_code,agg_code,int_code,atm_code,col_code
201300040964,0013-10-05 15:40:00,13,10,5,15,40,930,5,DOCTEUR GARASSE (RUE DU),,,Plein jour,En agglomération,Hors intersection,Normale,Autre collision,,,,,,,,,,,1,2,1,1.0,6
201300040965,0013-10-05 21:40:00,13,10,5,21,40,930,5,"41, MOULIN DE LA VILLE (",,,Nuit avec éclairage allumé,En agglomération,Intersection en T,Normale,Deux véhicules - côté,,,,,,,,,,,5,2,3,1.0,3
201300040966,0013-10-07 17:55:00,13,10,7,17,55,930,5,"7-9, MARCO POLO (RUE)",,,Plein jour,En agglomération,Hors intersection,Normale,Autre collision,,,,,,,,,,,1,2,1,1.0,6
201300040967,0013-10-08 16:15:00,13,10,8,16,15,930,5,ANDRE CITROEN (BOULEVARD,,,Plein jour,En agglomération,Hors intersection,Normale,Trois véhicules et plus - en chaîne,,,,,,,,,,,1,2,1,1.0,4
201300040968,0013-10-09 09:36:00,13,10,9,9,36,930,5,LELIEVRE (AVENUE),,,Plein jour,En agglomération,Intersection en X,Normale,Deux véhicules - côté,,,,,,,,,,,1,2,2,1.0,3
201300040969,0013-10-11 16:00:00,13,10,11,16,0,930,5,GARONOR,,,Plein jour,En agglomération,Autre intersection,Temps couvert,Deux véhicules - côté,,,,,,,,,,,1,2,9,8.0,3
201300040970,0013-10-13 01:55:00,13,10,13,1,55,930,5,", BRUNETIERE (RUE)",,,Nuit avec éclairage allumé,En agglomération,Hors intersection,Normale,Autre collision,,,,,,,,,,,5,2,1,1.0,6
201300040971,0013-10-16 05:10:00,13,10,16,5,10,930,5,CHARLES DE GAULLE [CD115,,,Nuit avec éclairage non allumé,En agglomération,Hors intersection,Normale,Deux véhicules - côté,,,,,,,,,,,4,2,1,1.0,3
201300040972,0013-10-16 20:30:00,13,10,16,20,30,930,5,AMBROISE PARE (RUE),,,Nuit avec éclairage allumé,En agglomération,Intersection en T,Pluie légère,Autre collision,,,,,,,,,,,5,2,3,2.0,6
201300040973,0013-10-17 16:25:00,13,10,17,16,25,930,5,ANDRE CITROEN (BOULEVARD,,,Plein jour,En agglomération,Hors intersection,Normale,Autre collision,,,,,,,,,,,1,2,1,1.0,6
201300040974,0013-10-17 16:35:00,13,10,17,16,35,930,5,JEAN BART (ALLEE),,,Plein jour,En agglomération,Hors intersection,Normale,Autre collision,,,,,,,,,,,1,2,1,1.0,6
201300040975,0013-10-17 17:15:00,13,10,17,17,15,930,5,JEAN CHARCOT [CD115] (RU,,,Plein jour,En agglomération,Hors intersection,Normale,Deux véhicules - côté,,,,,,,,,,,1,2,1,1.0,3
201300040976,0013-10-18 10:15:00,13,10,18,10,15,930,5,JACQUES DUCLOS [CD44] (R,,,Plein jour,En agglomération,Hors intersection,Normale,Deux véhicules - côté,,,,,,,,,,,1,2,1,1.0,3
201300040977,0013-10-19 10:30:00,13,10,19,10,30,930,5,DEUX PONTS (RUE DES),,,Plein jour,En agglomération,Hors intersection,Temps couvert,Deux véhicules - arrière,,,,,,,,,,,1,2,1,8.0,2
201300040978,0013-10-23 19:45:00,13,10,23,19,45,930,5,RAOUL DUFY (AVENUE),,,Nuit avec éclairage allumé,En agglomération,Giratoire,Normale,Deux véhicules - côté,,,,,,,,,,,5,2,6,1.0,3
201300040979,0013-10-23 20:05:00,13,10,23,20,5,930,5,CHARLES-GOUPPY (RUE),,,Nuit avec éclairage allumé,En agglomération,Hors intersection,Normale,Autre collision,,,,,,,,,,,5,2,1,1.0,6
201300040980,0013-10-25 16:50:00,13,10,25,16,50,930,5,"114, MITRY [CD115] (RUE",,,Plein jour,En agglomération,Hors intersection,Pluie légère,Deux véhicules - arrière,,,,,,,,,,,1,2,1,2.0,2
201300040981,0013-10-28 07:30:00,13,10,28,7,30,930,5,ANATOLE FRANCE (AVENUE),,,Plein jour,En agglomération,Hors intersection,Pluie légère,Autre collision,,,,,,,,,,,1,2,1,2.0,6
201300040982,0013-10-31 19:35:00,13,10,31,19,35,930,5,"44, PASCAL LECOINTRE (RU",,,Nuit avec éclairage allumé,En agglomération,Hors intersection,Pluie légère,Autre collision,,,,,,,,,,,5,2,1,2.0,6
201300040983,0013-11-01 17:40:00,13,11,1,17,40,930,5,"01, STRASBOURG (BOULEVAR",,,Nuit avec éclairage allumé,En agglomération,Hors intersection,Pluie légère,Deux véhicules - arrière,,,,,,,,,,,5,2,1,2.0,2
201300040984,0013-11-03 17:15:00,13,11,3,17,15,930,5,16 JEAN CHARCOT [CD115],,,Crépuscule ou aube,En agglomération,Hors intersection,Normale,Autre collision,,,,,,,,,,,2,2,1,1.0,6
201300040985,0013-11-05 20:00:00,13,11,5,20,0,930,5,MUN (AVENUE DE),,,Nuit avec éclairage allumé,En agglomération,Intersection en X,Normale,Deux véhicules - côté,,,,,,,,,,,5,2,2,1.0,3
201300040986,0013-11-07 07:39:00,13,11,7,7,39,930,5,"neant, JEAN CHARCOT [CD1",,,Plein jour,En agglomération,Intersection en T,Normale,Deux véhicules - côté,,,,,,,,,,,1,2,3,1.0,3
201300040987,0013-11-07 17:50:00,13,11,7,17,50,930,5,SAVIGNY (AVENUE DE),,,Nuit avec éclairage allumé,En agglomération,Hors intersection,Pluie légère,Autre collision,,,,,,,,,,,5,2,1,2.0,6
201300040988,0013-11-15 12:30:00,13,11,15,12,30,930,5,JOSEPH MARIE JACQUARD (R,,,Plein jour,En agglomération,Hors intersection,Normale,Deux véhicules - côté,,,,,,,,,,,1,2,1,1.0,3
201300040989,0013-11-21 07:40:00,13,11,21,7,40,930,5,"95, JACQUES DUCLOS [CD44",,,Plein jour,En agglomération,Hors intersection,Pluie légère,Autre collision,,,,,,,,,,,1,2,1,2.0,6
201300040990,0013-11-27 14:30:00,13,11,27,14,30,930,5,GEORGES BRAQUE (BOULEVAR,,,Plein jour,En agglomération,Hors intersection,Normale,Sans collision,,,,,,,,,,,1,2,1,1.0,7
201300040991,0013-11-29 19:30:00,13,11,29,19,30,930,5,ANATOLE FRANCE (AVENUE),,,Nuit avec éclairage allumé,En agglomération,Hors intersection,Pluie légère,Deux véhicules - frontale,,,,,,,,,,,5,2,1,2.0,1
201300040992,0013-12-06 16:30:00,13,12,6,16,30,930,5,"10, HENRI MATISSE (RUE)",,,Nuit avec éclairage allumé,En agglomération,Hors intersection,Normale,Autre collision,,,,,,,,,,,5,2,1,1.0,6
201300040993,0013-12-06 19:00:00,13,12,6,19,0,930,5,"117, MITRY [CD115] (RUE",,,Nuit avec éclairage allumé,En agglomération,Intersection en X,Normale,Deux véhicules - côté,,,,,,,,,,,5,2,2,1.0,3
201300040994,0013-12-14 18:20:00,13,12,14,18,20,930,5,MOULIN DE LA VILLE (CHEM,,,Nuit avec éclairage allumé,En agglomération,Intersection en T,Normale,Deux véhicules - côté,,,,,,,,,,,5,2,3,1.0,3
201300040995,0013-12-18 11:03:00,13,12,18,11,3,930,5,MOULIN DE LA VILLE (CHEM,,,Plein jour,En agglomération,Hors intersection,Normale,Autre collision,,,,,,,,,,,1,2,1,1.0,6
201300040996,0013-12-19 07:10:00,13,12,19,7,10,930,5,ANDRE CITROEN (BOULEVARD,,,Nuit avec éclairage allumé,En agglomération,Hors intersection,Pluie légère,Sans collision,,,,,,,,,,,5,2,1,2.0,7
201300040997,0013-12-19 15:05:00,13,12,19,15,5,930,5,"1, LOUIS COUTANT (RUE)",,,Plein jour,En agglomération,Intersection en T,Normale,Autre collision,,,,,,,,,,,1,2,3,1.0,6
201300040998,0013-12-20 19:00:00,13,12,20,19,0,930,5,SAVIGNY (AVENUE DE),,,Nuit avec éclairage allumé,En agglomération,Intersection en X,Normale,Deux véhicules - côté,,,,,,,,,,,5,2,2,1.0,3
201300040999,0013-12-20 21:45:00,13,12,20,21,45,930,5,MARC CHAGALL (BOULEVARD),,,Nuit avec éclairage allumé,Hors agglomération,Autre intersection,Normale,Deux véhicules - côté,,,,,,,,,,,5,1,9,1.0,3
201300041000,0013-12-25 18:10:00,13,12,25,18,10,930,5,GENERAL GALLIENI (BOULEV,,,Nuit avec éclairage allumé,En agglomération,Intersection en T,Normale,Deux véhicules - arrière,,,,,,,,,,,5,2,3,1.0,2
201300041001,0013-04-16 08:00:00,13,4,16,8,0,930,71,"0, DUMONT D'URVILLE (AVE",,,Plein jour,En agglomération,Intersection en T,Normale,Deux véhicules - arrière,,,,,,,,,,,1,2,3,1.0,2
201300041002,0013-01-01 19:30:00,13,1,1,19,30,930,7,8 MAI 45 (AVENUE DU 1 AU,,,Crépuscule ou aube,En agglomération,Hors intersection,Normale,Deux véhicules - côté,,,,,,,,,,,2,2,1,1.0,3
201300041003,0013-01-01 16:30:00,13,1,1,16,30,930,7,JEAN CATELAS (AVENUE),,,Plein jour,En agglomération,Intersection en X,Pluie légère,Deux véhicules - côté,,,,,,,,,,,1,2,2,2.0,3
201300041004,0013-01-14 17:15:00,13,1,14,17,15,930,7,"67, DIVISION LECLERC (AV",,,Nuit sans éclairage public,En agglomération,Hors intersection,Normale,Deux véhicules - côté,,,,,,,,,,,3,2,1,1.0,3
201300041005,0013-01-15 19:13:00,13,1,15,19,13,930,7,CHARLES FLOQUET (AVENUE),,,Nuit avec éclairage allumé,En agglomération,Autre intersection,Normale,Deux véhicules - frontale,,,,,,,,,,,5,2,9,1.0,1
201300041006,0013-01-25 10:55:00,13,1,25,10,55,930,7,VICTOR HUGO (RUE),,,Plein jour,En agglomération,Intersection en X,Normale,Autre collision,,,,,,,,,,,1,2,2,1.0,6
201300041007,0013-01-31 14:05:00,13,1,31,14,5,930,7,"100, ""HENRI BARBUSSE (AV",,,Plein jour,En agglomération,Hors intersection,Pluie légère,Autre collision,,,,,,,,,,,1,2,1,2.0,6
201300041008,0013-02-01 13:55:00,13,2,1,13,55,930,7,ALBERT EINSTEIN (aVENUE),,,Plein jour,En agglomération,Hors intersection,Pluie légère,Deux véhicules - arrière,,,,,,,,,,,1,2,1,2.0,2
201300041009,0013-02-07 17:50:00,13,2,7,17,50,930,7,DESCARTES (AVENUE DU,,,Plein jour,En agglomération,Autre intersection,Normale,Autre collision,,,,,,,,,,,1,2,9,1.0,6
201300041010,0013-02-09 20:15:00,13,2,9,20,15,930,7,GILBERT DRU (RUE),,,Nuit avec éclairage allumé,En agglomération,Intersection en T,Normale,Autre collision,,,,,,,,,,,5,2,3,1.0,6
201300041011,0013-02-14 06:40:00,13,2,14,6,40,930,7,ARISTIDE BRIAND (AVENUE,,,Nuit avec éclairage allumé,En agglomération,Hors intersection,Pluie légère,Deux véhicules - frontale,,,,,,,,,,,5,2,1,2.0,1
201300041012,0013-02-18 15:05:00,13,2,18,15,5,930,7,"104, HENRI BARBUSSE (AVE",,,Plein jour,En agglomération,Intersection en T,Normale,Deux véhicules - côté,,,,,,,,,,,1,2,3,1.0,3
201300041013,0013-02-24 17:50:00,13,2,24,17,50,930,7,DIVISION LECLERC (ROND-P,,,Plein jour,En agglomération,Hors intersection,Pluie légère,Autre collision,,,,,,,,,,,1,2,1,2.0,6
201300041014,0013-03-31 21:20:00,13,3,31,21,20,930,7,8 MAI 45 (AVENUE DU 184,,,Nuit avec éclairage allumé,En agglomération,Hors intersection,Normale,Deux véhicules - côté,,,,,,,,,,,5,2,1,1.0,3
201300041015,0013-04-02 09:00:00,13,4,2,9,0,930,7,ABBE NIORT (RUE DE L'),,,Plein jour,En agglomération,Hors intersection,Normale,Autre collision,,,,,,,,,,,1,2,1,1.0,6
201300041016,0013-04-06 12:23:00,13,4,6,12,23,930,7,"""PAUL VAILLANT COUTURIER",,,Plein jour,En agglomération,Hors intersection,Normale,Autre collision,,,,,,,,,,,1,2,1,1.0,6
201300041017,0013-04-07 20:30:00,13,4,7,20,30,930,7,GILBERT DRU (RUE),,,Plein jour,En agglomération,Hors intersection,Normale,Autre collision,,,,,,,,,,,1,2,1,1.0,6
201300041018,0013-04-11 06:50:00,13,4,11,6,50,930,7,"38, LEO DELIBES (RUE)",,,Plein jour,En agglomération,Hors intersection,Normale,Autre collision,,,,,,,,,,,1,2,1,1.0,6
201300041019,0013-04-18 19:40:00,13,4,18,19,40,930,7,"""DESCARTES (AVENUE """"DU",,,Plein jour,En agglomération,Hors intersection,Normale,Trois véhicules et plus - en chaîne,,,,,,,,,,,1,2,1,1.0,4
201300041020,0013-06-01 14:15:00,13,6,1,14,15,930,7,"131, DE LA REPUBLIQUE (A",,,Plein jour,En agglomération,Hors intersection,Normale,Deux véhicules - côté,,,,,,,,,,,1,2,1,1.0,3
201300041021,0013-06-05 08:45:00,13,6,5,8,45,930,7,192 PAUL VAILLANT COUT,,,Plein jour,En agglomération,Hors intersection,Normale,Autre collision,,,,,,,,,,,1,2,1,1.0,6
201300041022,0013-06-06 17:45:00,13,6,6,17,45,930,7,"1, MARECHAL GALLIENI (AV",,,Plein jour,En agglomération,Hors intersection,Normale,Deux véhicules - arrière,,,,,,,,,,,1,2,1,1.0,2
201300041023,0013-06-07 09:05:00,13,6,7,9,5,930,7,HENRI DUQUENNE (PLACE),,,Plein jour,En agglomération,Giratoire,Temps éblouissant,Sans collision,,,,,,,,,,,1,2,6,7.0,7
201300041024,0013-06-08 12:20:00,13,6,8,12,20,930,7,"42, ""PAUL VAILLANT COUTU",,,Plein jour,En agglomération,Hors intersection,Normale,Trois véhicules et plus - en chaîne,,,,,,,,,,,1,2,1,1.0,4
201300041025,0013-06-12 09:45:00,13,6,12,9,45,930,7,"00, MASCOTTES (RUE DES)",,,Plein jour,En agglomération,Intersection en X,Normale,Deux véhicules - côté,,,,,,,,,,,1,2,2,1.0,3
201300041026,0013-06-14 08:51:00,13,6,14,8,51,930,7,MARCEL CACHIN (ECOLE MAT,,,Plein jour,En agglomération,Autre intersection,Normale,Autre collision,,,,,,,,,,,1,2,9,1.0,6
201300041027,0013-06-14 09:05:00,13,6,14,9,5,930,7,GAMBETTA (AVENUE),,,Plein jour,En agglomération,Hors intersection,Normale,Deux véhicules - frontale,,,,,,,,,,,1,2,1,1.0,1
201300041028,0013-07-05 19:05:00,13,7,5,19,5,930,7,CHARLES FLOQUET (AVENUE),,,Plein jour,En agglomération,Hors intersection,Normale,Trois véhicules et plus - en chaîne,,,,,,,,,,,1,2,1,1.0,4
201300041029,0013-07-07 23:30:00,13,7,7,23,30,930,7,DE LA REPUBLIQUE (AVENUE,,,Nuit avec éclairage allumé,En agglomération,Hors intersection,Normale,Deux véhicules - côté,,,,,,,,,,,5,2,1,1.0,3
201300041030,0013-07-12 13:45:00,13,7,12,13,45,930,7,JACQUES DECOUR (BOULEVAR,,,Plein jour,En agglomération,Hors intersection,Normale,Autre collision,,,,,,,,,,,1,2,1,1.0,6
201300041031,0013-07-15 20:49:00,13,7,15,20,49,930,7,PAIX (AVENUE DE LA),,,Plein jour,En agglomération,Intersection en X,Normale,Deux véhicules - côté,,,,,,,,,,,1,2,2,1.0,3
201300041032,0013-07-25 14:35:00,13,7,25,14,35,930,7,"19, ""REPUBLIQUE (AVENUE",,,Plein jour,En agglomération,Intersection en T,Normale,Autre collision,,,,,,,,,,,1,2,3,1.0,6
201300041033,0013-07-26 15:10:00,13,7,26,15,10,930,7,GAMBETTA (AVENUE),,,Plein jour,En agglomération,Hors intersection,Normale,Autre collision,,,,,,,,,,,1,2,1,1.0,6
201300041034,0013-08-10 15:45:00,13,8,10,15,45,930,7,"79, ""HENRI BARBUSSE (AVE",,,Plein jour,En agglomération,Intersection en X,Normale,Deux véhicules - côté,,,,,,,,,,,1,2,2,1.0,3
201300041035,0013-08-25 17:00:00,13,8,25,17,0,930,7,"13, ""PIERRE SEMARD (RUE",,,Plein jour,En agglomération,Hors intersection,Pluie légère,Sans collision,,,,,,,,,,,1,2,1,2.0,7
201300041036,0013-09-04 17:00:00,13,9,4,17,0,930,7,"10, ALFRED CHOQUET (RUE)",,,Plein jour,En agglomération,Autre intersection,Normale,Sans collision,,,,,,,,,,,1,2,9,1.0,7
201300041037,0013-09-08 13:50:00,13,9,8,13,50,930,7,"01, ARISTIDE BRIAND (AVE",,,Plein jour,En agglomération,Intersection en T,Normale,Autre collision,,,,,,,,,,,1,2,3,1.0,6
201300041038,0013-09-11 17:55:00,13,9,11,17,55,930,7,PROFESSEUR FLEMING (AVEN,,,Plein jour,En agglomération,Intersection en X,Normale,Deux véhicules - côté,,,,,,,,,,,1,2,2,1.0,3
201300041039,0013-09-12 00:01:00,13,9,12,0,1,930,7,SURCOUF (AVENUE),,,Nuit avec éclairage allumé,En agglomération,Intersection en X,Normale,Deux véhicules - frontale,,,,,,,,,,,5,2,2,1.0,1
201300041040,0013-09-17 13:00:00,13,9,17,13,0,930,7,"1, PABLO NERUDA (ROND-PO",,,Plein jour,En agglomération,Giratoire,Normale,Deux véhicules - côté,,,,,,,,,,,1,2,6,1.0,3
201300041041,0013-09-17 15:00:00,13,9,17,15,0,930,7,PABLO NERUDA (ROND-POINT,,,Plein jour,En agglomération,Giratoire,Normale,Deux véhicules - côté,,,,,,,,,,,1,2,6,1.0,3
201300041042,0013-09-22 11:10:00,13,9,22,11,10,930,7,"1, ""PAUL VAILLANT COUTUR",,,Plein jour,En agglomération,Intersection en X,Normale,Autre collision,,,,,,,,,,,1,2,2,1.0,6
201300041043,0013-09-30 19:20:00,13,9,30,19,20,930,7,"120, ""PAUL VAILLANT COUT",,,Crépuscule ou aube,En agglomération,Hors intersection,Normale,Autre collision,,,,,,,,,,,2,2,1,1.0,6
201300041044,0013-10-02 21:00:00,13,10,2,21,0,930,7,"""DESCARTES (AVENUE """"DU",,,Nuit avec éclairage allumé,En agglomération,Hors intersection,Normale,Sans collision,,,,,,,,,,,5,2,1,1.0,7
201300041045,0013-10-11 13:20:00,13,10,11,13,20,930,7,58 VLADIMIR I. LENINE (,,,Plein jour,En agglomération,Hors intersection,Pluie légère,Autre collision,,,,,,,,,,,1,2,1,2.0,6
201300041046,0013-10-11 14:10:00,13,10,11,14,10,930,7,GARE SNCF,,,Plein jour,En agglomération,Hors intersection,Normale,Autre collision,,,,,,,,,,,1,2,1,1.0,6
201300041047,0013-10-18 00:30:00,13,10,18,0,30,930,7,PROFESSEUR LANGEVIN (R,,,Nuit avec éclairage allumé,En agglomération,Intersection en X,Normale,Deux véhicules - côté,,,,,,,,,,,5,2,2,1.0,3
201300041048,0013-10-28 00:01:00,13,10,28,0,1,930,7,JACQUES DECOUR (BOULEVAR,,,Nuit avec éclairage allumé,En agglomération,Hors intersection,Pluie légère,Autre collision,,,,,,,,,,,5,2,1,2.0,6
201300041049,0013-11-07 12:40:00,13,11,7,12,40,930,7,"90, ""PAUL VAILLANT COUTU",,,Plein jour,En agglomération,Hors intersection,Normale,Trois véhicules et plus - collisions multiples,,,,,,,,,,,1,2,1,1.0,5
201300041050,0013-12-11 11:37:00,13,12,11,11,37,930,7,"131, CHARLES FLOQUET (AV",,,Plein jour,En agglomération,Hors intersection,Normale,Autre collision,,,,,,,,,,,1,2,1,1.0,6
201300041051,0013-12-14 10:45:00,13,12,14,10,45,930,7,VEUVE BOUQUIN (AVENUE),,,Plein jour,En agglomération,Hors intersection,Normale,Deux véhicules - côté,,,,,,,,,,,1,2,1,1.0,3
201300041052,0013-12-15 11:10:00,13,12,15,11,10,930,7,"192, PAUL VAILLANT COUT",,,Plein jour,En agglomération,Hors intersection,Normale,Autre collision,,,,,,,,,,,1,2,1,1.0,6
201300041053,0013-01-05 22:00:00,13,1,5,22,0,930,8,VAILLANT COUTURIER (AVEN,,,Nuit avec éclairage allumé,En agglomération,Hors intersection,Pluie légère,Deux véhicules - arrière,,,,,,,,,,,5,2,1,2.0,2
201300041054,0013-01-15 07:30:00,13,1,15,7,30,930,8,PARIS (RUE DE),,,Crépuscule ou aube,En agglomération,Hors intersection,Neige / grêle,Trois véhicules et plus - en chaîne,,,,,,,,,,,2,2,1,4.0,4
201300041055,0013-01-21 20:00:00,13,1,21,20,0,930,8,"144, BARBUSSE (AVENUE HE",,,Nuit avec éclairage allumé,En agglomération,Hors intersection,Pluie légère,Deux véhicules - côté,,,,,,,,,,,5,2,1,2.0,3
201300041056,0013-01-22 17:15:00,13,1,22,17,15,930,8,STALINGRAD (RUE DE) A10,,,Plein jour,En agglomération,Hors intersection,Temps couvert,Sans collision,,,,,,,,,,,1,2,1,8.0,7
201300041057,0013-01-24 00:25:00,13,1,24,0,25,930,8,MENDES DES CARMES (RUE),,,Nuit avec éclairage allumé,En agglomération,Hors intersection,Autre,Autre collision,,,,,,,,,,,5,2,1,9.0,6
201300041058,0013-01-24 08:15:00,13,1,24,8,15,930,8,"19, ETOILE (RUE DE L')",,,Plein jour,En agglomération,Hors intersection,Temps couvert,Autre collision,,,,,,,,,,,1,2,1,8.0,6
201300041059,0013-01-26 12:20:00,13,1,26,12,20,930,8,"108, VAILLANT (AVENUE ED",,,Plein jour,En agglomération,Hors intersection,Temps couvert,Autre collision,,,,,,,,,,,1,2,1,8.0,6
201300041060,0013-02-01 06:45:00,13,2,1,6,45,930,8,FOLIE (CARREFOUR DE LA),,,Crépuscule ou aube,En agglomération,Hors intersection,Pluie forte,Autre collision,,,,,,,,,,,2,2,1,3.0,6
201300041061,0013-02-01 15:55:00,13,2,1,15,55,930,8,90 GAUTIER (RUE HENRI),,,Plein jour,En agglomération,Hors intersection,Pluie légère,Deux véhicules - arrière,,,,,,,,,,,1,2,1,2.0,2
201300041062,0013-02-07 09:25:00,13,2,7,9,25,930,8,GREGOIRE (PLACE DE L'ABB,,,Plein jour,En agglomération,Intersection à plus de 4 branches,Pluie légère,Sans collision,,,,,,,,,,,1,2,5,2.0,7
201300041063,0013-02-13 15:45:00,13,2,13,15,45,930,8,"64, ARAGON (AVENUE LOUIS",,,Plein jour,En agglomération,Hors intersection,Normale,Deux véhicules - arrière,,,,,,,,,,,1,2,1,1.0,2
201300041064,0013-02-23 00:45:00,13,2,23,0,45,930,8,BARBUSSE (AVENUE HENRI),,,Nuit avec éclairage allumé,En agglomération,Intersection en T,Normale,Autre collision,,,,,,,,,,,5,2,3,1.0,6
201300041065,0013-02-25 17:00:00,13,2,25,17,0,930,8,BARBUSSE (AVENUE HENRI),,,Plein jour,En agglomération,Hors intersection,Neige / grêle,Autre collision,,,,,,,,,,,1,2,1,4.0,6
201300041066,0013-03-10 18:40:00,13,3,10,18,40,930,8,VAILLANT COUTURIER (AVEN,,,Crépuscule ou aube,Hors agglomération,Hors intersection,Normale,Deux véhicules - frontale,,,,,,,,,,,2,1,1,1.0,1
201300041067,0013-03-11 09:40:00,13,3,11,9,40,930,8,"24, GAUTIER (RUE HENRI)",,,Plein jour,En agglomération,Intersection en T,Pluie légère,Deux véhicules - frontale,,,,,,,,,,,1,2,3,2.0,1
201300041068,0013-03-14 10:40:00,13,3,14,10,40,930,8,VAILLANT COUTURIER (AVEN,,,Plein jour,En agglomération,Hors intersection,Normale,Autre collision,,,,,,,,,,,1,2,1,1.0,6
201300041069,0013-03-18 13:40:00,13,3,18,13,40,930,8,"105, PARIS (RUE DE)",,,Plein jour,En agglomération,Hors intersection,Pluie légère,Deux véhicules - arrière,,,,,,,,,,,1,2,1,2.0,2
201300041070,0013-03-19 20:20:00,13,3,19,20,20,930,8,"2, CARENCY (RUE DE)",,,Nuit avec éclairage allumé,En agglomération,Hors intersection,Pluie forte,Autre collision,,,,,,,,,,,5,2,1,3.0,6
201300041071,0013-03-22 16:30:00,13,3,22,16,30,930,8,"44, CACHIN (RUE MARCEL)",,,Plein jour,En agglomération,Intersection en X,Normale,Autre collision,,,,,,,,,,,1,2,2,1.0,6
201300041072,0013-04-11 18:20:00,13,4,11,18,20,930,8,MICHEL (RUE),,,Plein jour,En agglomération,Intersection en T,Normale,Deux véhicules - côté,,,,,,,,,,,1,2,3,1.0,3
201300041073,0013-04-12 16:20:00,13,4,12,16,20,930,8,VAILLANT COUTURIER (AVEN,,,Plein jour,En agglomération,Intersection en X,Temps couvert,Deux véhicules - côté,,,,,,,,,,,1,2,2,8.0,3
201300041074,0013-04-14 06:42:00,13,4,14,6,42,930,8,"47, PARIS (RUE DE)",,,Plein jour,En agglomération,Hors intersection,Normale,Deux véhicules - arrière,,,,,,,,,,,1,2,1,1.0,2
201300041075,0013-04-15 17:00:00,13,4,15,17,0,930,8,GREGOIRE (PLACE DE L'ABB,,,Plein jour,En agglomération,Place,Normale,Autre collision,,,,,,,,,,,1,2,7,1.0,6
201300041076,0013-04-17 08:30:00,13,4,17,8,30,930,8,"IGNOREE, CAMIER (RUE REN",,,Plein jour,En agglomération,Intersection en T,Normale,Autre collision,,,,,,,,,,,1,2,3,1.0,6
201300041077,0013-04-23 14:10:00,13,4,23,14,10,930,8,"45 / 49, BABEUF (RUE)",,,Plein jour,En agglomération,Hors intersection,Normale,Deux véhicules - frontale,,,,,,,,,,,1,2,1,1.0,1
201300041078,0013-04-25 21:05:00,13,4,25,21,5,930,8,"121, VAILLANT (AVENUE ED",,,Nuit avec éclairage allumé,En agglomération,Hors intersection,Normale,Autre collision,,,,,,,,,,,5,2,1,1.0,6
201300041079,0013-04-29 19:30:00,13,4,29,19,30,930,8,VAILLANT COUTURIER (AVEN,,,Plein jour,En agglomération,Hors intersection,Normale,Trois véhicules et plus - en chaîne,,,,,,,,,,,1,2,1,1.0,4
201300041080,0013-04-30 17:20:00,13,4,30,17,20,930,8,"28, VARLIN (RUE EUGENE)",,,Plein jour,En agglomération,Intersection en T,Pluie légère,Deux véhicules - côté,,,,,,,,,,,1,2,3,2.0,3
201300041081,0013-06-01 17:40:00,13,6,1,17,40,930,8,STALINGRAD (RUE DE) A10,,,Plein jour,En agglomération,Hors intersection,Normale,Deux véhicules - côté,,,,,,,,,,,1,2,1,1.0,3
201300041082,0013-06-04 17:50:00,13,6,4,17,50,930,8,"43, CARENCY (RUE DE)",,,Plein jour,En agglomération,Hors intersection,Normale,Autre collision,,,,,,,,,,,1,2,1,1.0,6
201300041083,0013-06-05 07:35:00,13,6,5,7,35,930,8,SEMARD (AVENUE PIERRE),,,Plein jour,En agglomération,Hors intersection,Normale,Autre collision,,,,,,,,,,,1,2,1,1.0,6
201300041084,0013-06-07 16:40:00,13,6,7,16,40,930,8,LATERAL (CHEMIN),,,Plein jour,En agglomération,Hors intersection,Normale,Sans collision,,,,,,,,,,,1,2,1,1.0,7
201300041085,0013-06-16 13:55:00,13,6,16,13,55,930,8,"4-8, RENARD (RUE EDOUARD",,,Plein jour,En agglomération,Passage à niveau,Normale,Autre collision,,,,,,,,,,,1,2,8,1.0,6
201300041086,0013-06-17 19:15:00,13,6,17,19,15,930,8,JAURES (AVENUE JEAN),,,Crépuscule ou aube,En agglomération,Giratoire,Pluie légère,Deux véhicules - arrière,,,,,,,,,,,2,2,6,2.0,2
201300041087,0013-06-19 00:25:00,13,6,19,0,25,930,8,VAILLANT COUTURIER (AVEN,,,Nuit avec éclairage allumé,En agglomération,Hors intersection,Normale,Trois véhicules et plus - en chaîne,,,,,,,,,,,5,2,1,1.0,4
201300041088,0013-06-21 17:20:00,13,6,21,17,20,930,8,CONVENTION (AVENUE DE LA,,,Plein jour,En agglomération,Hors intersection,Normale,Autre collision,,,,,,,,,,,1,2,1,1.0,6
201300041089,0013-06-27 17:55:00,13,6,27,17,55,930,8,STALINGRAD (RUE DE) A10,,,Plein jour,En agglomération,Giratoire,Normale,Deux véhicules - côté,,,,,,,,,,,1,2,6,1.0,3
201300041090,0013-07-04 11:30:00,13,7,4,11,30,930,8,BERGERE (RUE DE LA),,,Plein jour,En agglomération,Hors intersection,Normale,Autre collision,,,,,,,,,,,1,2,1,1.0,6
201300041091,0013-07-04 17:21:00,13,7,4,17,21,930,8,"27, LENINE (BOULEVARD)",,,Plein jour,En agglomération,Hors intersection,Normale,Autre collision,,,,,,,,,,,1,2,1,1.0,6
201300041092,0013-07-10 18:05:00,13,7,10,18,5,930,8,LEPETIT VERGEAT (RUE),,,Plein jour,En agglomération,Hors intersection,Normale,Autre collision,,,,,,,,,,,1,2,1,1.0,6