accident_id,datetime,annee,mois,jour,heure,minute,departement,commune_insee,adresse,latitude,longitude,luminosite,agglomeration,intersection,meteo,collision,nb_vehicules,nb_usagers,nb_indemnes,nb_tues,nb_blesses_hosp,nb_blesses_legers,age_cond_1,age_cond_2,veh_type_cond_1,veh_type_cond_2,lum_code,agg_code,int_code,atm_code,col_code
201300041093,0013-07-11 17:25:00,13,7,11,17,25,930,8,"34, DEVIATION (RUE DE LA",,,Plein jour,En agglomération,Hors intersection,Normale,Deux véhicules - côté,,,,,,,,,,,1,2,1,1.0,3
201300041094,0013-07-18 21:30:00,13,7,18,21,30,930,8,JAURES (AVENUE JEAN),,,Plein jour,En agglomération,Passage à niveau,Normale,Sans collision,,,,,,,,,,,1,2,8,1.0,7
201300041095,0013-07-19 15:40:00,13,7,19,15,40,930,8,SEMARD (RUE PIERRE),,,Plein jour,En agglomération,Hors intersection,Normale,Autre collision,,,,,,,,,,,1,2,1,1.0,6
201300041096,0013-07-19 22:15:00,13,7,19,22,15,930,8,"111, BARBUSSE (AVENUE HE",,,Nuit avec éclairage non allumé,En agglomération,Intersection en T,Normale,Deux véhicules - côté,,,,,,,,,,,4,2,3,1.0,3
201300041097,0013-07-25 12:00:00,13,7,25,12,0,930,8,PLACE SAINT JUSTE,,,Plein jour,En agglomération,Giratoire,Normale,Deux véhicules - côté,,,,,,,,,,,1,2,6,1.0,3
201300041098,0013-07-25 15:00:00,13,7,25,15,0,930,8,", VAILLANT COUTURIER (AV",,,Plein jour,En agglomération,Hors intersection,Normale,Deux véhicules - côté,,,,,,,,,,,1,2,1,1.0,3
201300041099,0013-08-19 00:15:00,13,8,19,0,15,930,8,JAURES (AVENUE JEAN),,,Nuit avec éclairage allumé,En agglomération,Intersection à plus de 4 branches,Pluie légère,Deux véhicules - côté,,,,,,,,,,,5,2,5,2.0,3
201300041100,0013-08-19 10:50:00,13,8,19,10,50,930,8,PLACE SAINT JUSTE,,,Plein jour,En agglomération,Hors intersection,Normale,Deux véhicules - arrière,,,,,,,,,,,1,2,1,1.0,2
201300041101,0013-08-22 14:15:00,13,8,22,14,15,930,8,SEMARD (AVENUE PIERRE),,,Plein jour,En agglomération,Passage à niveau,Normale,Autre collision,,,,,,,,,,,1,2,8,1.0,6
201300041102,0013-08-23 09:30:00,13,8,23,9,30,930,8,"90-92, RENARD (RUE EDOUA",,,Plein jour,En agglomération,Autre intersection,Normale,Deux véhicules - frontale,,,,,,,,,,,1,2,9,1.0,1
201300041103,0013-08-27 02:10:00,13,8,27,2,10,930,8,VAILLANT COUTURIER (AVEN,,,Nuit avec éclairage allumé,En agglomération,Autre intersection,Pluie légère,Deux véhicules - côté,,,,,,,,,,,5,2,9,2.0,3
201300041104,0013-09-02 18:25:00,13,9,2,18,25,930,8,VAILLANT (AVENUE EDOUARD,,,Plein jour,En agglomération,Hors intersection,Normale,Deux véhicules - côté,,,,,,,,,,,1,2,1,1.0,3
201300041105,0013-09-04 16:35:00,13,9,4,16,35,930,8,"1, JAURES (AVENUE JEAN)",,,Plein jour,En agglomération,Hors intersection,Normale,Autre collision,,,,,,,,,,,1,2,1,1.0,6
201300041106,0013-09-09 20:25:00,13,9,9,20,25,930,8,BARBUSSE (AVENUE HENRI),,,Nuit avec éclairage allumé,En agglomération,Intersection en X,Pluie légère,Trois véhicules et plus - en chaîne,,,,,,,,,,,5,2,2,2.0,4
201300041107,0013-09-13 15:41:00,13,9,13,15,41,930,8,ROSTAND (PROMENADE JEAN),,,Plein jour,En agglomération,Hors intersection,Pluie légère,Autre collision,,,,,,,,,,,1,2,1,2.0,6
201300041108,0013-09-14 18:00:00,13,9,14,18,0,930,8,VAILLANT COUTURIER (AVEN,,,Plein jour,En agglomération,Hors intersection,Pluie forte,Deux véhicules - arrière,,,,,,,,,,,1,2,1,3.0,2
201300041109,0013-09-19 22:10:00,13,9,19,22,10,930,8,"352, VAILLANT COUTURIER",,,Nuit sans éclairage public,En agglomération,Hors intersection,Normale,Deux véhicules - arrière,,,,,,,,,,,3,2,1,1.0,2
201300041110,0013-09-26 17:16:00,13,9,26,17,16,930,8,"75, BARBUSSE (AVENUE HEN",,,Plein jour,En agglomération,Intersection en T,Normale,Deux véhicules - côté,,,,,,,,,,,1,2,3,1.0,3
201300041111,0013-09-27 16:57:00,13,9,27,16,57,930,8,"412, VAILLANT COUTURIER",,,Plein jour,En agglomération,Intersection en Y,Normale,Trois véhicules et plus - collisions multiples,,,,,,,,,,,1,2,4,1.0,5
201300041112,0013-10-02 08:00:00,13,10,2,8,0,930,8,", ROSTAND (PROMENADE JEA",,,Crépuscule ou aube,En agglomération,Hors intersection,Normale,Autre collision,,,,,,,,,,,2,2,1,1.0,6
201300041113,0013-10-02 12:50:00,13,10,2,12,50,930,8,"14, STALINGRAD (RUE DE)",,,Plein jour,En agglomération,Hors intersection,Normale,Deux véhicules - côté,,,,,,,,,,,1,2,1,1.0,3
201300041114,0013-10-02 16:10:00,13,10,2,16,10,930,8,RACINE (RUE),,,Plein jour,En agglomération,Intersection en X,Normale,Deux véhicules - côté,,,,,,,,,,,1,2,2,1.0,3
201300041115,0013-10-09 12:00:00,13,10,9,12,0,930,8,ILLUSTRATION (AVENUE DE,,,Plein jour,En agglomération,Hors intersection,Pluie légère,Autre collision,,,,,,,,,,,1,2,1,2.0,6
201300041116,0013-10-11 09:10:00,13,10,11,9,10,930,8,BARBUSSE (AVENUE HENRI),,,Plein jour,En agglomération,Hors intersection,Pluie légère,Deux véhicules - arrière,,,,,,,,,,,1,2,1,2.0,2
201300041117,0013-10-16 22:20:00,13,10,16,22,20,930,8,"42, NOZIERES (RUE HENRI)",,,Nuit avec éclairage non allumé,En agglomération,Intersection en X,Pluie légère,Deux véhicules - arrière,,,,,,,,,,,4,2,2,2.0,2
201300041118,0013-10-23 16:10:00,13,10,23,16,10,930,8,"39, GAUTIER (RUE HENRI)",,,Plein jour,En agglomération,Hors intersection,Normale,Deux véhicules - côté,,,,,,,,,,,1,2,1,1.0,3
201300041119,0013-10-24 19:15:00,13,10,24,19,15,930,8,ALLENDE (AVE DU P. SALVA,,,Plein jour,En agglomération,Passage à niveau,Normale,Deux véhicules - côté,,,,,,,,,,,1,2,8,1.0,3
201300041120,0013-10-25 09:45:00,13,10,25,9,45,930,8,VAILLANT COUTURIER (AVEN,,,Plein jour,En agglomération,Hors intersection,Pluie légère,Deux véhicules - côté,,,,,,,,,,,1,2,1,2.0,3
201300041121,0013-10-28 16:40:00,13,10,28,16,40,930,8,PARIS (RUE DE),,,Plein jour,En agglomération,Hors intersection,Temps éblouissant,Autre collision,,,,,,,,,,,1,2,1,7.0,6
201300041122,0013-11-01 20:40:00,13,11,1,20,40,930,8,VAILLANT COUTURIER (AVEN,,,Nuit avec éclairage allumé,En agglomération,Autre intersection,Pluie forte,Deux véhicules - arrière,,,,,,,,,,,5,2,9,3.0,2
201300041123,0013-11-04 19:15:00,13,11,4,19,15,930,8,VAILLANT COUTURIER (AVEN,,,Nuit avec éclairage allumé,En agglomération,Hors intersection,Normale,Deux véhicules - arrière,,,,,,,,,,,5,2,1,1.0,2
201300041124,0013-11-08 10:30:00,13,11,8,10,30,930,8,MOSCOU (RUE DE),,,Plein jour,En agglomération,Intersection en X,Normale,Deux véhicules - côté,,,,,,,,,,,1,2,2,1.0,3
201300041125,0013-11-08 18:30:00,13,11,8,18,30,930,8,SEMARD (RUE PIERRE),,,Nuit avec éclairage allumé,En agglomération,Intersection en T,Pluie légère,Deux véhicules - côté,,,,,,,,,,,5,2,3,2.0,3
201300041126,0013-11-13 15:30:00,13,11,13,15,30,930,8,VAILLANT COUTURIER (AVEN,,,Plein jour,En agglomération,Hors intersection,Normale,Trois véhicules et plus - en chaîne,,,,,,,,,,,1,2,1,1.0,4
201300041127,0013-11-14 15:25:00,13,11,14,15,25,930,8,VAILLANT COUTURIER (AVEN,,,Plein jour,En agglomération,Hors intersection,Temps couvert,Autre collision,,,,,,,,,,,1,2,1,8.0,6
201300041128,0013-12-10 20:00:00,13,12,10,20,0,930,8,"221, JAURES (AVENUE JEAN",,,Nuit avec éclairage allumé,En agglomération,Hors intersection,Normale,Autre collision,,,,,,,,,,,5,2,1,1.0,6
201300041129,0013-12-11 20:30:00,13,12,11,20,30,930,8,"442, VAILLANT COUTURIER",,,Nuit avec éclairage allumé,En agglomération,Hors intersection,Normale,Trois véhicules et plus - en chaîne,,,,,,,,,,,5,2,1,1.0,4
201300041130,0013-12-12 13:15:00,13,12,12,13,15,930,8,VAILLANT COUTURIER (AVEN,,,Plein jour,En agglomération,Giratoire,Normale,Autre collision,,,,,,,,,,,1,2,6,1.0,6
201300041131,0013-12-13 09:28:00,13,12,13,9,28,930,8,REPUBLIQUE (RUE DE LA),,,Plein jour,En agglomération,Hors intersection,Normale,Autre collision,,,,,,,,,,,1,2,1,1.0,6
201300041132,0013-12-17 13:50:00,13,12,17,13,50,930,8,GAGARINE (AVENUE YOURI),,,Plein jour,En agglomération,Hors intersection,Normale,Trois véhicules et plus - en chaîne,,,,,,,,,,,1,2,1,1.0,4
201300041133,0013-12-20 17:30:00,13,12,20,17,30,930,8,ALLENDE (AVE DU P. SALVA,,,Nuit avec éclairage allumé,En agglomération,Passage à niveau,Normale,Autre collision,,,,,,,,,,,5,2,8,1.0,6
201300041134,0013-12-30 05:20:00,13,12,30,5,20,930,8,"26, ETOILE (RUE DE L')",,,Nuit avec éclairage allumé,En agglomération,Giratoire,Normale,Autre collision,,,,,,,,,,,5,2,6,1.0,6
201300041135,0013-12-30 08:50:00,13,12,30,8,50,930,8,PICASSO (RUE PABLO),,,Plein jour,En agglomération,Hors intersection,Normale,Deux véhicules - côté,,,,,,,,,,,1,2,1,1.0,3
201300041136,0013-01-11 12:30:00,13,1,11,12,30,930,10,"54, BELFORT (AV. DE)",,,Plein jour,En agglomération,Hors intersection,Normale,Sans collision,,,,,,,,,,,1,2,1,1.0,7
201300041137,0013-01-14 20:10:00,13,1,14,20,10,930,57,"2, MONTYON (AL.) 1 A 74",,,Nuit avec éclairage allumé,En agglomération,Hors intersection,Neige / grêle,Deux véhicules - côté,,,,,,,,,,,5,2,1,4.0,3
201300041138,0013-01-13 16:10:00,13,1,13,16,10,930,10,"65, VAILLANT (RUE EDOUAR",,,Plein jour,En agglomération,Hors intersection,Normale,Autre collision,,,,,,,,,,,1,2,1,1.0,6
201300041139,0013-01-19 11:25:00,13,1,19,11,25,930,10,PONT (CHEM. DU),,,Plein jour,En agglomération,Hors intersection,Neige / grêle,Deux véhicules - côté,,,,,,,,,,,1,2,1,4.0,3
201300041140,0013-01-29 11:00:00,13,1,29,11,0,930,57,"ignore, BRIAND ( AV. ARI",,,Plein jour,En agglomération,Intersection en T,Pluie forte,Deux véhicules - côté,,,,,,,,,,,1,2,3,3.0,3
201300041141,0013-02-01 20:20:00,13,2,1,20,20,930,57,"06, BRIAND (AV. ARISTIDE",,,Nuit avec éclairage allumé,En agglomération,Hors intersection,Temps couvert,Autre collision,,,,,,,,,,,5,2,1,8.0,6
201300041142,0013-02-08 18:10:00,13,2,8,18,10,930,57,"100, JAURES (AV. JEAN) 7",,,Nuit avec éclairage allumé,En agglomération,Hors intersection,Pluie légère,Autre collision,,,,,,,,,,,5,2,1,2.0,6
201300041143,0013-02-10 18:45:00,13,2,10,18,45,930,10,"03, GALLIENI (AV.) DE 98",,,Nuit avec éclairage allumé,En agglomération,Intersection à plus de 4 branches,Neige / grêle,Autre collision,,,,,,,,,,,5,2,5,4.0,6
201300041144,0013-02-13 10:20:00,13,2,13,10,20,930,57,FABIEN ( AL. DU COLONEL),,,Plein jour,En agglomération,Intersection en T,Temps couvert,Autre collision,,,,,,,,,,,1,2,3,8.0,6
201300041145,0013-02-14 20:30:00,13,2,14,20,30,930,10,"96, FRANCE (AV. ANATOLE)",,,Nuit avec éclairage allumé,En agglomération,Hors intersection,Pluie légère,Autre collision,,,,,,,,,,,5,2,1,2.0,6
201300041146,0013-02-21 11:50:00,13,2,21,11,50,930,10,"IGNORE, VAILLANT (RUE DU",,,Plein jour,En agglomération,Intersection en X,Normale,Autre collision,,,,,,,,,,,1,2,2,1.0,6
201300041147,0013-03-08 16:50:00,13,3,8,16,50,930,10,CARNOT (AV) DE 1 A 57,,,Plein jour,En agglomération,Intersection en T,Normale,Deux véhicules - frontale,,,,,,,,,,,1,2,3,1.0,1
201300041148,0013-03-14 00:45:00,13,3,14,0,45,930,57,", BRIAND ( AV. ARISTIDE)",,,Nuit avec éclairage allumé,En agglomération,Intersection en X,Autre,Deux véhicules - côté,,,,,,,,,,,5,2,2,9.0,3
201300041149,0013-03-14 03:40:00,13,3,14,3,40,930,57,116 JAURES (AV. JEAN) 1,,,Nuit avec éclairage allumé,En agglomération,Hors intersection,Autre,Deux véhicules - côté,,,,,,,,,,,5,2,1,9.0,3
201300041150,0013-03-15 09:05:00,13,3,15,9,5,930,57,1 BRIAND ( AV. ARISTIDE,,,Plein jour,En agglomération,Hors intersection,Normale,Deux véhicules - côté,,,,,,,,,,,1,2,1,1.0,3
201300041151,0013-03-17 05:55:00,13,3,17,5,55,930,10,52 GALLIENI (AV.) DE 2,,,Nuit avec éclairage allumé,En agglomération,Hors intersection,Temps couvert,Autre collision,,,,,,,,,,,5,2,1,8.0,6
201300041152,0013-03-21 09:25:00,13,3,21,9,25,930,10,33 BLANQUI (R. LOUIS-AU,,,Plein jour,En agglomération,Hors intersection,Pluie légère,Autre collision,,,,,,,,,,,1,2,1,2.0,6
201300041153,0013-03-22 08:35:00,13,3,22,8,35,930,10,DORMOY (AV. MARX) DE 2 A,,,Plein jour,En agglomération,Intersection en T,Normale,Autre collision,,,,,,,,,,,1,2,3,1.0,6
201300041154,0013-03-27 10:30:00,13,3,27,10,30,930,10,GALLIENI (AV.) DE 98 A 1,,,Plein jour,En agglomération,Hors intersection,Normale,Trois véhicules et plus - collisions multiples,,,,,,,,,,,1,2,1,1.0,5
201300041155,0013-03-31 23:30:00,13,3,31,23,30,930,10,GALLIENI (AV.) DE 177 A,,,Nuit avec éclairage allumé,En agglomération,Intersection en X,Normale,Deux véhicules - côté,,,,,,,,,,,5,2,2,1.0,3
201300041156,0013-04-02 16:50:00,13,4,2,16,50,930,57,"144, JAURES (AV. JEAN) 1",,,Plein jour,En agglomération,Hors intersection,Normale,Autre collision,,,,,,,,,,,1,2,1,1.0,6
201300041157,0013-04-05 08:00:00,13,4,5,8,0,930,10,"1, BARBUSSE (AV. HENRI)",,,Plein jour,En agglomération,Place,Pluie légère,Autre collision,,,,,,,,,,,1,2,7,2.0,6
201300041158,0013-04-07 06:35:00,13,4,7,6,35,930,10,"230, VAILLANT (RUE EDOUA",,,Crépuscule ou aube,En agglomération,Intersection en T,Normale,Trois véhicules et plus - collisions multiples,,,,,,,,,,,2,2,3,1.0,5
201300041159,0013-04-08 16:05:00,13,4,8,16,5,930,57,BRIAND (AV. ARISTIDE) 2,,,Plein jour,En agglomération,Intersection en T,Normale,Deux véhicules - arrière,,,,,,,,,,,1,2,3,1.0,2
201300041160,0013-04-18 08:40:00,13,4,18,8,40,930,57,"3, BRIAND ( AV. ARISTIDE",,,Plein jour,En agglomération,Hors intersection,Normale,Deux véhicules - arrière,,,,,,,,,,,1,2,1,1.0,2
201300041161,0013-04-18 10:00:00,13,4,18,10,0,930,10,VARAGNAT (AVENUE HENRI),,,Plein jour,En agglomération,Intersection en Y,Normale,Trois véhicules et plus - collisions multiples,,,,,,,,,,,1,2,4,1.0,5
201300041162,0013-04-21 01:55:00,13,4,21,1,55,930,57,BRIAND (AV. ARISTIDE) 2.,,,Nuit avec éclairage allumé,En agglomération,Intersection en T,Normale,Deux véhicules - côté,,,,,,,,,,,5,2,3,1.0,3
201300041163,0013-04-21 19:05:00,13,4,21,19,5,930,10,"9, BLUM (AV. LEON)",,,Plein jour,En agglomération,Hors intersection,Normale,Autre collision,,,,,,,,,,,1,2,1,1.0,6
201300041164,0013-04-22 20:35:00,13,4,22,20,35,930,57,THOMAS (AV. ALBERT),,,Crépuscule ou aube,En agglomération,Hors intersection,Normale,Autre collision,,,,,,,,,,,2,2,1,1.0,6
201300041165,0013-04-24 08:15:00,13,4,24,8,15,930,57,ZOLA (AL. EMILE),,,Plein jour,En agglomération,Giratoire,Normale,Sans collision,,,,,,,,,,,1,2,6,1.0,7
201300041166,0013-04-24 16:00:00,13,4,24,16,0,930,10,FERRY (RUE JULES),,,Plein jour,En agglomération,Intersection en T,Temps éblouissant,Deux véhicules - côté,,,,,,,,,,,1,2,3,7.0,3
201300041167,0013-04-25 18:00:00,13,4,25,18,0,930,57,CLOCHER D' AULNAY (AL. D,,,Plein jour,En agglomération,Intersection en T,Normale,Deux véhicules - côté,,,,,,,,,,,1,2,3,1.0,3
201300041168,0013-04-29 10:20:00,13,4,29,10,20,930,10,RAOUL (RUE),,,Plein jour,En agglomération,Intersection en X,Normale,Deux véhicules - côté,,,,,,,,,,,1,2,2,1.0,3
201300041169,0013-04-29 11:00:00,13,4,29,11,0,930,10,PASTEUR (AV.),,,Plein jour,En agglomération,Hors intersection,Normale,Autre collision,,,,,,,,,,,1,2,1,1.0,6
201300041170,0013-05-03 14:55:00,13,5,3,14,55,930,57,BRIAND (AV. ARISTIDE) 21,,,Plein jour,En agglomération,Hors intersection,Normale,Autre collision,,,,,,,,,,,1,2,1,1.0,6
201300041171,0013-05-03 16:55:00,13,5,3,16,55,930,10,QUATORZE-JUILLET (AV. DU,,,Plein jour,En agglomération,Intersection en T,Normale,Deux véhicules - côté,,,,,,,,,,,1,2,3,1.0,3
201300041172,0013-05-05 00:25:00,13,5,5,0,25,930,57,BRIAND ( AV.  ARISTIDE),,,Nuit avec éclairage allumé,En agglomération,Hors intersection,Normale,Deux véhicules - arrière,,,,,,,,,,,5,2,1,1.0,2
201300041173,0013-05-07 16:00:00,13,5,7,16,0,930,57,"29, BRIAND ( AV. ARISTID",,,Plein jour,En agglomération,Hors intersection,Normale,Autre collision,,,,,,,,,,,1,2,1,1.0,6
201300041174,0013-05-12 09:55:00,13,5,12,9,55,930,10,"188, BLANQUI (R. LOUIS-A",,,Plein jour,En agglomération,Hors intersection,Normale,Autre collision,,,,,,,,,,,1,2,1,1.0,6
201300041175,0013-05-13 18:40:00,13,5,13,18,40,930,10,"62 bis, VILLEMOMBLE (RTE",,,Plein jour,En agglomération,Hors intersection,Normale,Autre collision,,,,,,,,,,,1,2,1,1.0,6
201300041176,0013-05-18 15:35:00,13,5,18,15,35,930,10,"90, GALLIENI (AV.) DE 2",,,Plein jour,En agglomération,Hors intersection,Temps couvert,Trois véhicules et plus - en chaîne,,,,,,,,,,,1,2,1,8.0,4
201300041177,0013-05-22 13:30:00,13,5,22,13,30,930,10,PASTEUR (AV.),,,Plein jour,En agglomération,Hors intersection,Pluie légère,Autre collision,,,,,,,,,,,1,2,1,2.0,6
201300041178,0013-05-24 12:25:00,13,5,24,12,25,930,57,FABIEN ( AL. DU COLONEL),,,Plein jour,En agglomération,Hors intersection,Pluie légère,Autre collision,,,,,,,,,,,1,2,1,2.0,6
201300041179,0013-05-27 17:50:00,13,5,27,17,50,930,10,PASTEUR (AV.),,,Plein jour,En agglomération,Hors intersection,Normale,Autre collision,,,,,,,,,,,1,2,1,1.0,6
201300041180,0013-05-28 12:00:00,13,5,28,12,0,930,10,"02, MOULIN (AV. JEAN) CO",,,Plein jour,En agglomération,Intersection en X,Pluie forte,Autre collision,,,,,,,,,,,1,2,2,3.0,6
201300041181,0013-05-28 14:46:00,13,5,28,14,46,930,10,", GALLIENI (AV.) DE 2 A",,,Plein jour,En agglomération,Intersection en Y,Pluie légère,Deux véhicules - côté,,,,,,,,,,,1,2,4,2.0,3
201300041182,0013-05-29 20:10:00,13,5,29,20,10,930,57,"72, THOMAS (AV. ALBERT)",,,Crépuscule ou aube,En agglomération,Hors intersection,Normale,Autre collision,,,,,,,,,,,2,2,1,1.0,6
201300041183,0013-05-30 17:30:00,13,5,30,17,30,930,10,GALLIENI (AV.) DE 1 A 10,,,Plein jour,Hors agglomération,Intersection en T,Pluie forte,Autre collision,,,,,,,,,,,1,1,3,3.0,6
201300041184,0013-05-31 18:35:00,13,5,31,18,35,930,10,GALLIENI (AV.) DE 98 A 1,,,Plein jour,En agglomération,Hors intersection,Normale,Deux véhicules - côté,,,,,,,,,,,1,2,1,1.0,3
201300041185,0013-06-01 12:00:00,13,6,1,12,0,930,57,MONTYON (AL.) 1 A 74,,,Plein jour,En agglomération,Intersection en X,Normale,Deux véhicules - côté,,,,,,,,,,,1,2,2,1.0,3
201300041186,0013-06-02 12:10:00,13,6,2,12,10,930,10,AULNAY (ROUTE) DE 47 A 1,,,Plein jour,En agglomération,Hors intersection,Normale,Deux véhicules - côté,,,,,,,,,,,1,2,1,1.0,3
201300041187,0013-06-04 08:55:00,13,6,4,8,55,930,10,BAUDIN (RUE) DE 115 A FI,,,Plein jour,Hors agglomération,Intersection en X,Normale,Deux véhicules - frontale,,,,,,,,,,,1,1,2,1.0,1
201300041188,0013-06-04 19:20:00,13,6,4,19,20,930,10,"53, GALLIENI (AV.) CONFO",,,Plein jour,En agglomération,Autre intersection,Normale,Autre collision,,,,,,,,,,,1,2,9,1.0,6
201300041189,0013-06-06 18:05:00,13,6,6,18,5,930,10,"12, COURTS SILLONS (AL.",,,Plein jour,En agglomération,Hors intersection,Normale,Sans collision,,,,,,,,,,,1,2,1,1.0,7
201300041190,0013-06-10 20:15:00,13,6,10,20,15,930,10,REPUBLIQUE (AV. DE LA) 5,,,Plein jour,En agglomération,Hors intersection,Normale,Autre collision,,,,,,,,,,,1,2,1,1.0,6
201300041191,0013-06-14 18:14:00,13,6,14,18,14,930,57,", MONTYON (AL.) 1 A 74",,,Plein jour,En agglomération,Autre intersection,Normale,Autre collision,,,,,,,,,,,1,2,9,1.0,6
201300041192,0013-06-28 08:30:00,13,6,28,8,30,930,57,BRIAND (AV. ARISTIDE) 2A,,,Plein jour,En agglomération,Hors intersection,Temps couvert,Deux véhicules - arrière,,,,,,,,,,,1,2,1,8.0,2
201300041193,0013-07-05 10:30:00,13,7,5,10,30,930,57,ROBILLARD (AL.),,,Plein jour,En agglomération,Autre intersection,Normale,Deux véhicules - côté,,,,,,,,,,,1,2,9,1.0,3
201300041194,0013-07-07 03:25:00,13,7,7,3,25,930,10,"22, JARDINIERE (AL. DE L",,,Nuit avec éclairage allumé,En agglomération,Hors intersection,Normale,Autre collision,,,,,,,,,,,5,2,1,1.0,6
201300041195,0013-07-12 16:00:00,13,7,12,16,0,930,10,VAILLANT (RUE EDOUARD) 1,,,Plein jour,En agglomération,Intersection en T,Normale,Deux véhicules - côté,,,,,,,,,,,1,2,3,1.0,3
201300041196,0013-07-17 13:00:00,13,7,17,13,0,930,10,GALLIENI (AV.) DE 1 A,,,Plein jour,En agglomération,Hors intersection,Autre,Autre collision,,,,,,,,,,,1,2,1,9.0,6
201300041197,0013-07-20 14:15:00,13,7,20,14,15,930,10,"27, SALENGRO (RUE ROGER)",,,Plein jour,En agglomération,Hors intersection,Normale,Autre collision,,,,,,,,,,,1,2,1,1.0,6
201300041198,0013-07-22 18:50:00,13,7,22,18,50,930,10,44 GROSLAY (CHEM. DE),,,Plein jour,En agglomération,Intersection en Y,Normale,Deux véhicules - côté,,,,,,,,,,,1,2,4,1.0,3
201300041199,0013-07-24 19:00:00,13,7,24,19,0,930,10,BUISSON (AV. SUZANNE),,,Plein jour,En agglomération,Hors intersection,Temps éblouissant,Deux véhicules - côté,,,,,,,,,,,1,2,1,7.0,3
201300041200,0013-07-26 10:15:00,13,7,26,10,15,930,57,", CHEVALIER DE LA BARRE",,,Plein jour,En agglomération,Intersection en X,Temps couvert,Autre collision,,,,,,,,,,,1,2,2,8.0,6
201300041201,0013-07-26 22:55:00,13,7,26,22,55,930,10,"33, BLANQUI (R. LOUIS-AU",,,Nuit sans éclairage public,En agglomération,Hors intersection,Normale,Autre collision,,,,,,,,,,,3,2,1,1.0,6
201300041202,0013-08-02 13:50:00,13,8,2,13,50,930,10,JAURES (RUE JEAN) DE 25,,,Plein jour,En agglomération,Intersection en T,Normale,Deux véhicules - frontale,,,,,,,,,,,1,2,3,1.0,1
201300041203,0013-08-16 17:10:00,13,8,16,17,10,930,10,"IGNORE, GALLIENI (AV.) D",,,Plein jour,En agglomération,Hors intersection,Normale,Autre collision,,,,,,,,,,,1,2,1,1.0,6
201300041204,0013-08-20 11:30:00,13,8,20,11,30,930,57,"106, BRIAND (AV. ARISTID",,,Plein jour,En agglomération,Hors intersection,Normale,Deux véhicules - arrière,,,,,,,,,,,1,2,1,1.0,2
201300041205,0013-08-21 21:45:00,13,8,21,21,45,930,57,48 HUGO (AV. VICTOR),,,Nuit avec éclairage allumé,En agglomération,Hors intersection,Normale,Deux véhicules - côté,,,,,,,,,,,5,2,1,1.0,3
201300041206,0013-08-24 01:45:00,13,8,24,1,45,930,57,"44 C, ROBILLARD (AL.)",,,Nuit avec éclairage allumé,En agglomération,Hors intersection,Normale,Autre collision,,,,,,,,,,,5,2,1,1.0,6
201300041207,0013-08-24 20:05:00,13,8,24,20,5,930,10,"120, GROSLAY (CHEM. DE)",,,Plein jour,En agglomération,Hors intersection,Temps couvert,Deux véhicules - arrière,,,,,,,,,,,1,2,1,8.0,2
201300041208,0013-08-28 11:05:00,13,8,28,11,5,930,10,"IGNORE, DOLET (RUE ETIEN",,,Plein jour,En agglomération,Hors intersection,Normale,Deux véhicules - côté,,,,,,,,,,,1,2,1,1.0,3
201300041209,0013-09-01 18:00:00,13,9,1,18,0,930,10,53 LATERAL (CHEM.),,,Plein jour,En agglomération,Hors intersection,Normale,Autre collision,,,,,,,,,,,1,2,1,1.0,6
201300041210,0013-09-09 08:45:00,13,9,9,8,45,930,10,"52, GALLIENI (AV.) DE 2",,,Plein jour,En agglomération,Hors intersection,Normale,Deux véhicules - côté,,,,,,,,,,,1,2,1,1.0,3
201300041211,0013-09-09 19:55:00,13,9,9,19,55,930,10,SAKHAROV (RUE ANDREI),,,Crépuscule ou aube,En agglomération,Hors intersection,Normale,Deux véhicules - arrière,,,,,,,,,,,2,2,1,1.0,2
201300041212,0013-09-13 20:20:00,13,9,13,20,20,930,10,"74, BLANQUI (R. LOUIS-AU",,,Nuit avec éclairage allumé,En agglomération,Hors intersection,Pluie légère,Deux véhicules - frontale,,,,,,,,,,,5,2,1,2.0,1
201300041213,0013-09-19 17:30:00,13,9,19,17,30,930,10,SAKHAROV (RUE ANDREI),,,Plein jour,En agglomération,Hors intersection,Normale,Autre collision,,,,,,,,,,,1,2,1,1.0,6
201300041214,0013-10-03 08:45:00,13,10,3,8,45,930,10,LYSSANDRE (PL. GEORGES),,,Plein jour,En agglomération,Place,Normale,Autre collision,,,,,,,,,,,1,2,7,1.0,6
201300041215,0013-10-06 14:15:00,13,10,6,14,15,930,57,1 MONTYON (AL.) 1 A 74,,,Plein jour,En agglomération,Autre intersection,Normale,Deux véhicules - frontale,,,,,,,,,,,1,2,9,1.0,1
201300041216,0013-10-07 09:45:00,13,10,7,9,45,930,10,113 BARBUSSE (AV. HENRI,,,Plein jour,En agglomération,Hors intersection,Normale,Deux véhicules - arrière,,,,,,,,,,,1,2,1,1.0,2
201300041217,0013-10-06 23:45:00,13,10,6,23,45,930,10,3 BLUM (AV. LEON),,,Nuit avec éclairage allumé,En agglomération,Hors intersection,Normale,Deux véhicules - frontale,,,,,,,,,,,5,2,1,1.0,1
201300041218,0013-10-13 19:50:00,13,10,13,19,50,930,57,BRIAND ( AV.  ARISTIDE),,,Nuit avec éclairage allumé,En agglomération,Hors intersection,Normale,Deux véhicules - arrière,,,,,,,,,,,5,2,1,1.0,2
201300041219,0013-11-03 13:30:00,13,11,3,13,30,930,57,31 MONTYON (AL.) 1 A 74,,,Plein jour,En agglomération,Intersection à plus de 4 branches,Normale,Deux véhicules - frontale,,,,,,,,,,,1,2,5,1.0,1
201300041220,0013-11-04 20:07:00,13,11,4,20,7,930,10,25 POLISSARD (RUE AUGUS,,,Nuit avec éclairage allumé,En agglomération,Hors intersection,Normale,Deux véhicules - frontale,,,,,,,,,,,5,2,1,1.0,1
201300041221,0013-11-06 14:30:00,13,11,6,14,30,930,10,SOLIDARITE-(RUE DE LA),,,Plein jour,En agglomération,Intersection en X,Temps couvert,Deux véhicules - côté,,,,,,,,,,,1,2,2,8.0,3