accident_id,datetime,annee,mois,jour,heure,minute,departement,commune_insee,adresse,latitude,longitude,luminosite,agglomeration,intersection,meteo,collision,nb_vehicules,nb_usagers,nb_indemnes,nb_tues,nb_blesses_hosp,nb_blesses_legers,age_cond_1,age_cond_2,veh_type_cond_1,veh_type_cond_2,lum_code,agg_code,int_code,atm_code,col_code
201300041480,0013-12-03 10:45:00,13,12,3,10,45,930,29,"127, HENRI BARBUSSE (AVE",,,Plein jour,En agglomération,Hors intersection,Normale,Autre collision,,,,,,,,,,,1,2,1,1.0,6
201300041481,0013-12-05 07:05:00,13,12,5,7,5,930,29,", JEAN JAURES (AVENUE) N",,,Crépuscule ou aube,En agglomération,Intersection en X,Normale,Deux véhicules - côté,,,,,,,,,,,2,2,2,1.0,3
201300041482,0013-12-07 20:37:00,13,12,7,20,37,930,29,STALINGRAD (DE),,,Nuit avec éclairage allumé,En agglomération,Autre intersection,Normale,Deux véhicules - côté,,,,,,,,,,,5,2,9,1.0,3
201300041483,0013-12-13 22:15:00,13,12,13,22,15,930,29,"83, STATION (DE LA)",,,Nuit avec éclairage allumé,En agglomération,Hors intersection,Pluie légère,Deux véhicules - frontale,,,,,,,,,,,5,2,1,2.0,1
201300041484,0013-12-15 17:30:00,13,12,15,17,30,930,29,65 LIBERTE (DE LA),,,Nuit avec éclairage allumé,En agglomération,Intersection en T,Normale,Deux véhicules - côté,,,,,,,,,,,5,2,3,1.0,3
201300041485,0013-12-21 13:55:00,13,12,21,13,55,930,29,SADI CARNOT,,,Plein jour,En agglomération,Hors intersection,Normale,Deux véhicules - côté,,,,,,,,,,,1,2,1,1.0,3
201300041486,0013-12-24 19:00:00,13,12,24,19,0,930,29,PAUL VAILLANT COUTURIER,,,Nuit avec éclairage allumé,En agglomération,Intersection en T,Pluie légère,Autre collision,,,,,,,,,,,5,2,3,2.0,6
201300041487,0013-12-30 06:50:00,13,12,30,6,50,930,29,"50, ANATOLE FRANCE",,,Nuit avec éclairage allumé,En agglomération,Hors intersection,Normale,Autre collision,,,,,,,,,,,5,2,1,1.0,6
201300041488,0013-01-02 12:30:00,13,1,2,12,30,930,31,"00, GALLIENI (AVENUE)",,,Plein jour,En agglomération,Hors intersection,Normale,Autre collision,,,,,,,,,,,1,2,1,1.0,6
201300041489,0013-01-09 18:45:00,13,1,9,18,45,930,31,"49bis, FOCH (BOULEVARD)",,,Nuit avec éclairage allumé,En agglomération,Hors intersection,Pluie légère,Deux véhicules - côté,,,,,,,,,,,5,2,1,2.0,3
201300041490,0013-01-19 12:50:00,13,1,19,12,50,930,79,"30, GASTON NOREUX",,,Plein jour,En agglomération,Hors intersection,Neige / grêle,Autre collision,,,,,,,,,,,1,2,1,4.0,6
201300041491,0013-01-27 22:15:00,13,1,27,22,15,930,31,"00, DE LATTRE DE TASSIGN",,,Nuit avec éclairage allumé,En agglomération,Hors intersection,Normale,Deux véhicules - côté,,,,,,,,,,,5,2,1,1.0,3
201300041492,0013-01-30 08:45:00,13,1,30,8,45,930,31,"00, FELIX MERLIN",,,Plein jour,En agglomération,Intersection en X,Pluie légère,Deux véhicules - côté,,,,,,,,,,,1,2,2,2.0,3
201300041493,0013-02-05 11:25:00,13,2,5,11,25,930,31,"61, GALLIENI (AVENUE)",,,Plein jour,En agglomération,Hors intersection,Normale,Deux véhicules - côté,,,,,,,,,,,1,2,1,1.0,3
201300041494,0013-02-11 18:05:00,13,2,11,18,5,930,31,"57, FOCH (BOULEVARD)",,,Crépuscule ou aube,En agglomération,Hors intersection,Normale,Autre collision,,,,,,,,,,,2,2,1,1.0,6
201300041495,0013-02-18 09:20:00,13,2,18,9,20,930,31,"00, FOCH (BOULEVARD)",,,Plein jour,En agglomération,Hors intersection,Normale,Deux véhicules - côté,,,,,,,,,,,1,2,1,1.0,3
201300041496,0013-02-19 12:35:00,13,2,19,12,35,930,31,"00, BEATUS (RUE DES)",,,Plein jour,En agglomération,Hors intersection,Normale,Autre collision,,,,,,,,,,,1,2,1,1.0,6
201300041497,0013-02-26 12:50:00,13,2,26,12,50,930,79,"132, JEAN BAPTISTE CLEME",,,Plein jour,En agglomération,Hors intersection,Normale,Autre collision,,,,,,,,,,,1,2,1,1.0,6
201300041498,0013-02-26 21:30:00,13,2,26,21,30,930,31,"27, MARSEILLE (RUE DE)",,,Nuit avec éclairage allumé,En agglomération,Hors intersection,Normale,Autre collision,,,,,,,,,,,5,2,1,1.0,6
201300041499,0013-02-28 13:25:00,13,2,28,13,25,930,31,"24, REPUBLIQUE (AVENUE)",,,Plein jour,En agglomération,Autre intersection,Normale,Autre collision,,,,,,,,,,,1,2,9,1.0,6
201300041500,0013-03-16 18:25:00,13,3,16,18,25,930,31,"34, fELIX MERLIN",,,Plein jour,En agglomération,Hors intersection,Pluie légère,Autre collision,,,,,,,,,,,1,2,1,2.0,6
201300041501,0013-03-18 07:00:00,13,3,18,7,0,930,79,"00, CLAUDE DEBUSSY",,,Plein jour,En agglomération,Giratoire,Normale,Autre collision,,,,,,,,,,,1,2,6,1.0,6
201300041502,0013-03-26 19:15:00,13,3,26,19,15,930,31,"00, MARNE (AVENUE DE LA)",,,Nuit avec éclairage non allumé,En agglomération,Hors intersection,Normale,Autre collision,,,,,,,,,,,4,2,1,1.0,6
201300041503,0013-03-31 18:45:00,13,3,31,18,45,930,31,00 JOFFRE (AVENUE),,,Plein jour,En agglomération,Hors intersection,Normale,Deux véhicules - côté,,,,,,,,,,,1,2,1,1.0,3
201300041504,0013-04-01 15:10:00,13,4,1,15,10,930,79,"46, RAYMOND BROSSE",,,Plein jour,En agglomération,Hors intersection,Normale,Deux véhicules - côté,,,,,,,,,,,1,2,1,1.0,3
201300041505,0013-04-01 23:00:00,13,4,1,23,0,930,31,"00, LEON BLUM (AVENUE)",,,Nuit avec éclairage allumé,En agglomération,Autre intersection,Normale,Autre collision,,,,,,,,,,,5,2,9,1.0,6
201300041506,0013-04-03 16:20:00,13,4,3,16,20,930,31,"70, ARGENTEUIL (ROUTE D'",,,Plein jour,En agglomération,Hors intersection,Normale,Autre collision,,,,,,,,,,,1,2,1,1.0,6
201300041507,0013-04-05 07:25:00,13,4,5,7,25,930,31,FELIX MERLIN,,,Crépuscule ou aube,En agglomération,Hors intersection,Pluie légère,Autre collision,,,,,,,,,,,2,2,1,2.0,6
201300041508,0013-04-13 12:05:00,13,4,13,12,5,930,79,EDOUARD VAILLANT,,,Plein jour,En agglomération,Hors intersection,Normale,Deux véhicules - côté,,,,,,,,,,,1,2,1,1.0,3
201300041509,0013-04-14 14:00:00,13,4,14,14,0,930,79,"2/4, SAINT LEU (ROUTE)",,,Plein jour,En agglomération,Hors intersection,Normale,Deux véhicules - côté,,,,,,,,,,,1,2,1,1.0,3
201300041510,0013-04-17 09:25:00,13,4,17,9,25,930,31,"44, JOFFRE (AVENUE)",,,Plein jour,En agglomération,Intersection en T,Normale,Deux véhicules - côté,,,,,,,,,,,1,2,3,1.0,3
201300041511,0013-04-19 14:00:00,13,4,19,14,0,930,79,"00, MAURICE PAILLARD",,,Plein jour,En agglomération,Hors intersection,Pluie légère,Deux véhicules - arrière,,,,,,,,,,,1,2,1,2.0,2
201300041512,0013-04-19 20:10:00,13,4,19,20,10,930,31,"77, FELIX MERLINs",,,Crépuscule ou aube,En agglomération,Intersection en T,Normale,Autre collision,,,,,,,,,,,2,2,3,1.0,6
201300041513,0013-05-06 19:35:00,13,5,6,19,35,930,31,"59, ARGENTEUIL (ROUTE D'",,,Plein jour,En agglomération,Hors intersection,Normale,Autre collision,,,,,,,,,,,1,2,1,1.0,6
201300041514,0013-05-06 19:20:00,13,5,6,19,20,930,31,"00, MARNE (AVENUE DE LA)",,,Plein jour,En agglomération,Intersection en T,Normale,Autre collision,,,,,,,,,,,1,2,3,1.0,6
201300041515,0013-05-09 16:20:00,13,5,9,16,20,930,31,"95, SAINT LEU (ROUTE DE)",,,Plein jour,En agglomération,Hors intersection,Normale,Deux véhicules - arrière,,,,,,,,,,,1,2,1,1.0,2
201300041516,0013-05-16 18:25:00,13,5,16,18,25,930,31,"46, FOCH (BOULEVARD)",,,Plein jour,En agglomération,Hors intersection,Normale,Autre collision,,,,,,,,,,,1,2,1,1.0,6
201300041517,0013-05-20 21:50:00,13,5,20,21,50,930,79,"00, SAINT LEU (ROUTE)",,,Nuit avec éclairage allumé,En agglomération,Hors intersection,Pluie forte,Deux véhicules - arrière,,,,,,,,,,,5,2,1,3.0,2
201300041518,0013-05-24 11:00:00,13,5,24,11,0,930,31,"00, MOBILES (CARREFOUR D",,,Plein jour,En agglomération,Hors intersection,Pluie forte,Deux véhicules - côté,,,,,,,,,,,1,2,1,3.0,3
201300041519,0013-06-01 06:45:00,13,6,1,6,45,930,79,"107, DIVISION LECLERC (A",,,Plein jour,En agglomération,Hors intersection,Normale,Autre collision,,,,,,,,,,,1,2,1,1.0,6
201300041520,0013-06-06 07:30:00,13,6,6,7,30,930,31,"48, JOFFRE (AVENUE)",,,Plein jour,En agglomération,Intersection en T,Normale,Deux véhicules - côté,,,,,,,,,,,1,2,3,1.0,3
201300041521,0013-06-06 17:00:00,13,6,6,17,0,930,31,"133, SAINT LEU (ROUTE DE",,,Plein jour,En agglomération,Intersection en T,Normale,Sans collision,,,,,,,,,,,1,2,3,1.0,7
201300041522,0013-06-12 09:20:00,13,6,12,9,20,930,79,"14, MAURICE PAILLARD",,,Plein jour,En agglomération,Hors intersection,Normale,Deux véhicules - frontale,,,,,,,,,,,1,2,1,1.0,1
201300041523,0013-06-20 19:00:00,13,6,20,19,0,930,79,"00, JEAN BAPTISTE cLEMEN",,,Plein jour,En agglomération,Hors intersection,Normale,Sans collision,,,,,,,,,,,1,2,1,1.0,7
201300041524,0013-06-22 11:30:00,13,6,22,11,30,930,31,"00, FOCH (BOULEVARD)",,,Plein jour,En agglomération,Intersection en T,Pluie légère,Deux véhicules - côté,,,,,,,,,,,1,2,3,2.0,3
201300041525,0013-06-24 03:10:00,13,6,24,3,10,930,31,"00, ENGHIEN (AV D')",,,Nuit avec éclairage allumé,En agglomération,Intersection en X,Normale,Deux véhicules - côté,,,,,,,,,,,5,2,2,1.0,3
201300041526,0013-06-24 11:05:00,13,6,24,11,5,930,31,"00, JEAN JAURES (AVENUE)",,,Plein jour,En agglomération,Hors intersection,Normale,Autre collision,,,,,,,,,,,1,2,1,1.0,6
201300041527,0013-06-27 08:20:00,13,6,27,8,20,930,79,"32, SAINT LEU (ROUTE)",,,Plein jour,En agglomération,Hors intersection,Pluie légère,Deux véhicules - côté,,,,,,,,,,,1,2,1,2.0,3
201300041528,0013-06-28 11:00:00,13,6,28,11,0,930,31,"00, SAINT LEU (ROUTE DE)",,,Plein jour,En agglomération,Intersection en T,Pluie légère,Deux véhicules - côté,,,,,,,,,,,1,2,3,2.0,3
201300041529,0013-07-05 20:30:00,13,7,5,20,30,930,31,"44, JOFFRE (AVENUE)",,,Plein jour,En agglomération,Intersection en X,Normale,Deux véhicules - côté,,,,,,,,,,,1,2,2,1.0,3
201300041530,0013-07-09 19:30:00,13,7,9,19,30,930,79,"195, DIVISION LECLERC (A",,,Plein jour,En agglomération,Hors intersection,Normale,Deux véhicules - frontale,,,,,,,,,,,1,2,1,1.0,1
201300041531,0013-07-11 20:30:00,13,7,11,20,30,930,31,5 BREST (DE),,,Plein jour,En agglomération,Hors intersection,Normale,Autre collision,,,,,,,,,,,1,2,1,1.0,6
201300041532,0013-07-13 13:00:00,13,7,13,13,0,930,79,SAINT LEU (ROUTE),,,Plein jour,En agglomération,Hors intersection,Normale,Deux véhicules - arrière,,,,,,,,,,,1,2,1,1.0,2
201300041533,0013-07-13 23:25:00,13,7,13,23,25,930,31,ENGHIEN (AV D'),,,Nuit avec éclairage allumé,En agglomération,Hors intersection,Normale,Trois véhicules et plus - collisions multiples,,,,,,,,,,,5,2,1,1.0,5
201300041534,0013-07-16 13:20:00,13,7,16,13,20,930,31,"10, PIERRE CURIE (RUE)",,,Plein jour,En agglomération,Hors intersection,Normale,Deux véhicules - frontale,,,,,,,,,,,1,2,1,1.0,1
201300041535,0013-07-22 10:35:00,13,7,22,10,35,930,79,"00, ROGER SALENGRO",,,Plein jour,En agglomération,Intersection en X,Normale,Deux véhicules - côté,,,,,,,,,,,1,2,2,1.0,3
201300041536,0013-07-24 16:30:00,13,7,24,16,30,930,31,"215, SAINT LEU (ROUTE DE",,,Plein jour,En agglomération,Hors intersection,Normale,Deux véhicules - côté,,,,,,,,,,,1,2,1,1.0,3
201300041537,0013-07-27 11:35:00,13,7,27,11,35,930,31,PRESLES (RUE DES),,,Plein jour,En agglomération,Intersection en T,Normale,Sans collision,,,,,,,,,,,1,2,3,1.0,7
201300041538,0013-08-05 19:50:00,13,8,5,19,50,930,31,JARROW (AVENUE DE),,,Plein jour,En agglomération,Intersection en T,Normale,Deux véhicules - côté,,,,,,,,,,,1,2,3,1.0,3
201300041539,0013-08-22 13:40:00,13,8,22,13,40,930,79,"52, SAINT LEU (ROUTE)",,,Plein jour,En agglomération,Hors intersection,Normale,Autre collision,,,,,,,,,,,1,2,1,1.0,6
201300041540,0013-08-27 17:15:00,13,8,27,17,15,930,31,GALLIENI (AVENUE),,,Plein jour,En agglomération,Intersection en T,Normale,Deux véhicules - arrière,,,,,,,,,,,1,2,3,1.0,2
201300041541,0013-09-03 15:20:00,13,9,3,15,20,930,31,CHEMIN VERT,,,Plein jour,En agglomération,Intersection en Y,Normale,Deux véhicules - arrière,,,,,,,,,,,1,2,4,1.0,2
201300041542,0013-09-05 19:30:00,13,9,5,19,30,930,31,"74, MARNE (AVENUE DE LA)",,,Plein jour,En agglomération,Hors intersection,Normale,Deux véhicules - arrière,,,,,,,,,,,1,2,1,1.0,2
201300041543,0013-09-17 21:00:00,13,9,17,21,0,930,79,"00, 19 mars 1962 (rue du",,,Nuit avec éclairage allumé,En agglomération,Intersection en X,Pluie légère,Deux véhicules - côté,,,,,,,,,,,5,2,2,2.0,3
201300041544,0013-09-26 08:10:00,13,9,26,8,10,930,31,"241, SAINT LEU (ROUTE DE",,,Plein jour,En agglomération,Hors intersection,Normale,Autre collision,,,,,,,,,,,1,2,1,1.0,6
201300041545,0013-09-28 14:15:00,13,9,28,14,15,930,31,"114, PARIS (RUE DE)",,,Plein jour,En agglomération,Hors intersection,Normale,Trois véhicules et plus - en chaîne,,,,,,,,,,,1,2,1,1.0,4
201300041546,0013-09-29 06:30:00,13,9,29,6,30,930,31,"00, DE LATTRE DE TASSIGN",,,Crépuscule ou aube,En agglomération,Intersection en Y,Pluie légère,Deux véhicules - côté,,,,,,,,,,,2,2,4,2.0,3
201300041547,0013-09-29 19:50:00,13,9,29,19,50,930,31,"09-13, SOUPIRS (CHEMIN D",,,Nuit sans éclairage public,En agglomération,Hors intersection,Pluie légère,Autre collision,,,,,,,,,,,3,2,1,2.0,6
201300041548,0013-10-06 02:20:00,13,10,6,2,20,930,31,"00, ARGENTEUIL (ROUTE D'",,,Nuit avec éclairage allumé,En agglomération,Intersection en T,Normale,Deux véhicules - frontale,,,,,,,,,,,5,2,3,1.0,1
201300041549,0013-10-09 06:20:00,13,10,9,6,20,930,31,"65, MARNE (AVENUE DE LA)",,,Nuit avec éclairage allumé,En agglomération,Intersection en T,Normale,Autre collision,,,,,,,,,,,5,2,3,1.0,6
201300041550,0013-10-09 08:25:00,13,10,9,8,25,930,79,"58, SAINT LEU (ROUTE)",,,Crépuscule ou aube,En agglomération,Intersection en T,Temps couvert,Deux véhicules - côté,,,,,,,,,,,2,2,3,8.0,3
201300041551,0013-10-23 19:55:00,13,10,23,19,55,930,31,"103, REPUBLIQUE (AVENUE)",,,Nuit avec éclairage allumé,En agglomération,Intersection en T,Normale,Trois véhicules et plus - collisions multiples,,,,,,,,,,,5,2,3,1.0,5
201300041552,0013-10-26 11:06:00,13,10,26,11,6,930,31,"143, ENGHIEN (AV D')",,,Plein jour,En agglomération,Hors intersection,Normale,Autre collision,,,,,,,,,,,1,2,1,1.0,6
201300041553,0013-10-30 17:20:00,13,10,30,17,20,930,31,"00, SAINT LEU (ROUTE DE)",,,Crépuscule ou aube,En agglomération,Hors intersection,Normale,Trois véhicules et plus - collisions multiples,,,,,,,,,,,2,2,1,1.0,5
201300041554,0013-11-03 17:45:00,13,11,3,17,45,930,31,"07, SAINT LEU (ROUTE DE)",,,Nuit avec éclairage allumé,En agglomération,Hors intersection,Normale,Deux véhicules - côté,,,,,,,,,,,5,2,1,1.0,3
201300041555,0013-11-08 19:25:00,13,11,8,19,25,930,31,"00, SAINT LEU (ROUTE DE)",,,Nuit avec éclairage allumé,En agglomération,Intersection en T,Normale,Deux véhicules - côté,,,,,,,,,,,5,2,3,1.0,3
201300041556,0013-11-13 19:05:00,13,11,13,19,5,930,79,00 JEAN BAPTISTE CLEMEN,,,Nuit avec éclairage allumé,En agglomération,Hors intersection,Normale,Autre collision,,,,,,,,,,,5,2,1,1.0,6
201300041557,0013-11-18 09:10:00,13,11,18,9,10,930,31,"0, CLAUDE DEBUSSY",,,Plein jour,En agglomération,Hors intersection,Normale,Autre collision,,,,,,,,,,,1,2,1,1.0,6
201300041558,0013-11-18 14:25:00,13,11,18,14,25,930,31,"8, DE LATTRE DE TASSIGNY",,,Plein jour,En agglomération,Intersection en T,Normale,Autre collision,,,,,,,,,,,1,2,3,1.0,6
201300041559,0013-11-22 12:25:00,13,11,22,12,25,930,31,124 JOFFRE (AVENUE),,,Plein jour,En agglomération,Hors intersection,Normale,Autre collision,,,,,,,,,,,1,2,1,1.0,6
201300041560,0013-11-27 13:30:00,13,11,27,13,30,930,31,"50, FELIX MERLIN",,,Plein jour,En agglomération,Hors intersection,Normale,Autre collision,,,,,,,,,,,1,2,1,1.0,6
201300041561,0013-11-28 18:15:00,13,11,28,18,15,930,31,"00, DE LATTRE DE TASSIGN",,,Nuit avec éclairage allumé,En agglomération,Autre intersection,Pluie légère,Autre collision,,,,,,,,,,,5,2,9,2.0,6
201300041562,0013-11-29 16:55:00,13,11,29,16,55,930,31,"26, SAINT LEU (ROUTE DE)",,,Nuit avec éclairage allumé,En agglomération,Intersection en T,Pluie légère,Deux véhicules - côté,,,,,,,,,,,5,2,3,2.0,3
201300041563,0013-12-03 14:45:00,13,12,3,14,45,930,79,"00, JEAN BAPTISTE CLEMEN",,,Plein jour,En agglomération,Hors intersection,Normale,Deux véhicules - frontale,,,,,,,,,,,1,2,1,1.0,1
201300041564,0013-12-06 15:40:00,13,12,6,15,40,930,31,"00, PARIS (RUE DE)",,,Plein jour,En agglomération,Hors intersection,Normale,Deux véhicules - côté,,,,,,,,,,,1,2,1,1.0,3
201300041565,0013-12-11 07:42:00,13,12,11,7,42,930,31,"00, REPUBLIQUE (AVENUE)",,,Plein jour,En agglomération,Hors intersection,Normale,Deux véhicules - arrière,,,,,,,,,,,1,2,1,1.0,2
201300041566,0013-12-19 18:25:00,13,12,19,18,25,930,31,"22, PARIS (RUE DE)",,,Nuit avec éclairage allumé,En agglomération,Hors intersection,Normale,Deux véhicules - côté,,,,,,,,,,,5,2,1,1.0,3
201300041567,0013-12-19 18:30:00,13,12,19,18,30,930,31,"34, CDT LOUIS BOUCHET (A",,,Crépuscule ou aube,En agglomération,Hors intersection,Normale,Autre collision,,,,,,,,,,,2,2,1,1.0,6
201300041568,0013-12-24 15:10:00,13,12,24,15,10,930,31,"00, JEAN JAURES (AVENUE)",,,Plein jour,En agglomération,Intersection en X,Vent fort / tempête,Autre collision,,,,,,,,,,,1,2,2,6.0,6
201300041569,0013-12-29 18:15:00,13,12,29,18,15,930,31,"00, SAINT LEU (ROUTE DE)",,,Nuit avec éclairage allumé,En agglomération,Intersection en T,Normale,Deux véhicules - côté,,,,,,,,,,,5,2,3,1.0,3
201300041570,0013-12-29 20:05:00,13,12,29,20,5,930,31,"04, FOCH (BOULEVARD)",,,Nuit avec éclairage allumé,En agglomération,Hors intersection,Normale,Deux véhicules - arrière,,,,,,,,,,,5,2,1,1.0,2
201300041571,0013-01-25 13:30:00,13,1,25,13,30,930,32,GAY     (ALLEE),,,Plein jour,En agglomération,Intersection en X,Normale,Deux véhicules - côté,,,,,,,,,,,1,2,2,1.0,3
201300041572,0013-01-28 09:47:00,13,1,28,9,47,930,32,CHEVREFEUILLES    (AVENU,,,Plein jour,En agglomération,Intersection en X,Normale,Deux véhicules - côté,,,,,,,,,,,1,2,2,1.0,3
201300041573,0013-01-28 11:50:00,13,1,28,11,50,930,32,"02, JULES GUESDES  (RUE,",,,Plein jour,En agglomération,Hors intersection,Normale,Autre collision,,,,,,,,,,,1,2,1,1.0,6
201300041574,0013-01-29 18:45:00,13,1,29,18,45,930,32,MONTGUICHET  (CHEMIN DE),,,Nuit avec éclairage allumé,En agglomération,Intersection en T,Pluie légère,Autre collision,,,,,,,,,,,5,2,3,2.0,6
201300041575,0013-02-16 04:20:00,13,2,16,4,20,930,32,"1, ABBAYE   (AVENUE DE L",,,Nuit avec éclairage allumé,En agglomération,Hors intersection,Normale,Autre collision,,,,,,,,,,,5,2,1,1.0,6
201300041576,0013-02-24 15:05:00,13,2,24,15,5,930,32,PAUL VAILLANT COUTURIER,,,Plein jour,En agglomération,Intersection en X,Neige / grêle,Trois véhicules et plus - collisions multiples,,,,,,,,,,,1,2,2,4.0,5
201300041577,0013-02-26 17:00:00,13,2,26,17,0,930,32,SEPT ILES (DOMAINE DES),,,Plein jour,En agglomération,Hors intersection,Normale,Autre collision,,,,,,,,,,,1,2,1,1.0,6
201300041578,0013-03-05 13:45:00,13,3,5,13,45,930,32,JEAN JAURES (AVENUE),,,Plein jour,En agglomération,Hors intersection,Normale,Deux véhicules - côté,,,,,,,,,,,1,2,1,1.0,3
201300041579,0013-03-15 11:10:00,13,3,15,11,10,930,32,EUGENIE    (ALLEE),,,Plein jour,En agglomération,Intersection en X,Normale,Deux véhicules - côté,,,,,,,,,,,1,2,2,1.0,3
201300041580,0013-03-21 08:35:00,13,3,21,8,35,930,32,"JULES GUESDES  (RUE, DU",,,Plein jour,En agglomération,Hors intersection,Normale,Deux véhicules - côté,,,,,,,,,,,1,2,1,1.0,3
201300041581,0013-03-21 19:40:00,13,3,21,19,40,930,32,ARISTIDE BRIAND (RUE),,,Nuit avec éclairage allumé,En agglomération,Intersection en X,Normale,Deux véhicules - côté,,,,,,,,,,,5,2,2,1.0,3
201300041582,0013-03-23 16:30:00,13,3,23,16,30,930,32,"5, HORLOGE   (ALLEE DE L",,,Plein jour,En agglomération,Hors intersection,Normale,Deux véhicules - frontale,,,,,,,,,,,1,2,1,1.0,1
201300041583,0013-03-26 17:30:00,13,3,26,17,30,930,32,"06, REGLEY  (RUE)",,,Plein jour,En agglomération,Intersection en X,Normale,Deux véhicules - côté,,,,,,,,,,,1,2,2,1.0,3
201300041584,0013-03-28 18:10:00,13,3,28,18,10,930,32,"11, GEORGES GUYONNET  (A",,,Plein jour,En agglomération,Hors intersection,Normale,Autre collision,,,,,,,,,,,1,2,1,1.0,6
201300041585,0013-04-18 15:15:00,13,4,18,15,15,930,32,"13, HAUTE CARRIERE   (RU",,,Plein jour,En agglomération,Hors intersection,Normale,Autre collision,,,,,,,,,,,1,2,1,1.0,6
201300041586,0013-04-26 18:00:00,13,4,26,18,0,930,32,HAUTE CARRIERE   (RUE DE,,,Plein jour,En agglomération,Giratoire,Pluie légère,Autre collision,,,,,,,,,,,1,2,6,2.0,6
201300041587,0013-04-26 18:35:00,13,4,26,18,35,930,32,HENRI BARBUSSE   (AVENUE,,,Plein jour,En agglomération,Intersection en T,Pluie légère,Deux véhicules - côté,,,,,,,,,,,1,2,3,2.0,3
201300041588,0013-04-29 16:20:00,13,4,29,16,20,930,32,"2, GEORGES POMPIDOU    (",,,Plein jour,En agglomération,Hors intersection,Normale,Deux véhicules - arrière,,,,,,,,,,,1,2,1,1.0,2
201300041589,0013-05-22 16:15:00,13,5,22,16,15,930,32,"30 bis, ROGER SALENGRO",,,Plein jour,En agglomération,Hors intersection,Normale,Autre collision,,,,,,,,,,,1,2,1,1.0,6
201300041590,0013-05-27 16:00:00,13,5,27,16,0,930,32,JEAN JAURES (AVENUE),,,Plein jour,En agglomération,Intersection en X,Normale,Trois véhicules et plus - collisions multiples,,,,,,,,,,,1,2,2,1.0,5
201300041591,0013-06-07 10:00:00,13,6,7,10,0,930,32,"33, JEAN JAURES (AVENUE)",,,Plein jour,En agglomération,Autre intersection,Normale,Autre collision,,,,,,,,,,,1,2,9,1.0,6
201300041592,0013-06-07 12:40:00,13,6,7,12,40,930,32,MONTFERMEIL   (ALLEE DE),,,Plein jour,En agglomération,Hors intersection,Temps éblouissant,Deux véhicules - frontale,,,,,,,,,,,1,2,1,7.0,1
201300041593,0013-06-07 19:25:00,13,6,7,19,25,930,32,PEUPLIERS  (RUE DES),,,Plein jour,En agglomération,Hors intersection,Normale,Deux véhicules - côté,,,,,,,,,,,1,2,1,1.0,3
201300041594,0013-06-15 23:15:00,13,6,15,23,15,930,32,JEAN STEPHAN   (RUE),,,Nuit avec éclairage allumé,En agglomération,Intersection en X,Normale,Deux véhicules - côté,,,,,,,,,,,5,2,2,1.0,3
201300041595,0013-06-27 19:40:00,13,6,27,19,40,930,32,MONTGUICHET  (CHEMIN DE),,,Plein jour,En agglomération,Intersection en T,Normale,Deux véhicules - côté,,,,,,,,,,,1,2,3,1.0,3
201300041596,0013-07-12 15:00:00,13,7,12,15,0,930,32,"171, PAUL VAILLANT COUTU",,,Plein jour,En agglomération,Hors intersection,Normale,Autre collision,,,,,,,,,,,1,2,1,1.0,6
201300041597,0013-07-21 19:40:00,13,7,21,19,40,930,32,GEORGES POMPIDOU    (AVE,,,Plein jour,En agglomération,Intersection en X,Normale,Deux véhicules - côté,,,,,,,,,,,1,2,2,1.0,3
201300041598,0013-08-03 17:15:00,13,8,3,17,15,930,32,"1, PAUL VAILLANT COUTURI",,,Plein jour,En agglomération,Intersection en T,Normale,Deux véhicules - côté,,,,,,,,,,,1,2,3,1.0,3
201300041599,0013-08-05 09:25:00,13,8,5,9,25,930,32,"22, JEAN JAURES (AVENUE)",,,Plein jour,En agglomération,Hors intersection,Normale,Deux véhicules - arrière,,,,,,,,,,,1,2,1,1.0,2
201300041600,0013-08-13 10:30:00,13,8,13,10,30,930,32,"98, JULES GUESDES  (RUE,",,,Plein jour,En agglomération,Intersection en T,Normale,Trois véhicules et plus - collisions multiples,,,,,,,,,,,1,2,3,1.0,5
201300041601,0013-08-17 03:00:00,13,8,17,3,0,930,32,"35, HENRI MAILLARD  (RUE",,,Nuit avec éclairage allumé,En agglomération,Hors intersection,Normale,Autre collision,,,,,,,,,,,5,2,1,1.0,6
201300041602,0013-08-19 18:30:00,13,8,19,18,30,930,32,"36, JEAN JAURES (AVENUE)",,,Plein jour,En agglomération,Intersection en T,Normale,Autre collision,,,,,,,,,,,1,2,3,1.0,6
201300041603,0013-09-01 00:30:00,13,9,1,0,30,930,32,", ARISTIDE BRIAND (RUE)",,,Nuit avec éclairage allumé,En agglomération,Hors intersection,Normale,Autre collision,,,,,,,,,,,5,2,1,1.0,6
201300041604,0013-09-14 16:05:00,13,9,14,16,5,930,32,"40, JEAN JAURES (AVENUE)",,,Plein jour,En agglomération,Hors intersection,Pluie légère,Autre collision,,,,,,,,,,,1,2,1,2.0,6
201300041605,0013-10-07 19:50:00,13,10,7,19,50,930,32,"45, JEAN MOULIN  (RUE)",,,Crépuscule ou aube,En agglomération,Hors intersection,Normale,Deux véhicules - côté,,,,,,,,,,,2,2,1,1.0,3
201300041606,0013-10-08 20:08:00,13,10,8,20,8,930,32,"136, JULES GUESDES  (RUE",,,Nuit avec éclairage allumé,En agglomération,Intersection en T,Normale,Deux véhicules - côté,,,,,,,,,,,5,2,3,1.0,3
201300041607,0013-10-09 16:00:00,13,10,9,16,0,930,32,"55, JEAN JAURES (AVENUE)",,,Plein jour,En agglomération,Intersection en T,Pluie légère,Deux véhicules - côté,,,,,,,,,,,1,2,3,2.0,3