accident_id,datetime,annee,mois,jour,heure,minute,departement,commune_insee,adresse,latitude,longitude,luminosite,agglomeration,intersection,meteo,collision,nb_vehicules,nb_usagers,nb_indemnes,nb_tues,nb_blesses_hosp,nb_blesses_legers,age_cond_1,age_cond_2,veh_type_cond_1,veh_type_cond_2,lum_code,agg_code,int_code,atm_code,col_code
201300041608,0013-10-10 06:05:00,13,10,10,6,5,930,32,"2 bis, GEORGES POMPIDOU",,,Crépuscule ou aube,En agglomération,Intersection en X,Normale,Deux véhicules - côté,,,,,,,,,,,2,2,2,1.0,3
201300041609,0013-11-05 12:50:00,13,11,5,12,50,930,32,PAUL VAILLANT COUTURIER,,,Plein jour,En agglomération,Hors intersection,Pluie légère,Trois véhicules et plus - en chaîne,,,,,,,,,,,1,2,1,2.0,4
201300041610,0013-11-08 16:30:00,13,11,8,16,30,930,32,"52, MARRONNIERS   (AVENU",,,Plein jour,En agglomération,Hors intersection,Pluie légère,Deux véhicules - côté,,,,,,,,,,,1,2,1,2.0,3
201300041611,0013-11-19 15:00:00,13,11,19,15,0,930,32,"99, DIX NEUF MARS   (RUE",,,Plein jour,En agglomération,Hors intersection,Normale,Autre collision,,,,,,,,,,,1,2,1,1.0,6
201300041612,0013-11-24 21:25:00,13,11,24,21,25,930,32,PAUL VAILLANT COUTURIER,,,Nuit avec éclairage allumé,En agglomération,Intersection en X,Normale,Autre collision,,,,,,,,,,,5,2,2,1.0,6
201300041613,0013-11-26 13:35:00,13,11,26,13,35,930,32,"2, VERSAILLES (AVENUE DE",,,Plein jour,En agglomération,Intersection en T,Normale,Autre collision,,,,,,,,,,,1,2,3,1.0,6
201300041614,0013-12-09 13:40:00,13,12,9,13,40,930,32,"2, ABBESSES  (CHEMIN D'A",,,Plein jour,En agglomération,Hors intersection,Normale,Autre collision,,,,,,,,,,,1,2,1,1.0,6
201300041615,0013-12-29 18:50:00,13,12,29,18,50,930,32,PARIS  (RUE DE),,,Nuit avec éclairage allumé,En agglomération,Intersection en T,Normale,Deux véhicules - côté,,,,,,,,,,,5,2,3,1.0,3
201300041616,0013-01-04 22:50:00,13,1,4,22,50,930,63,"94, BRANLY BD EDOUARD",,,Nuit avec éclairage non allumé,En agglomération,Intersection en X,Normale,Autre collision,,,,,,,,,,,4,2,2,1.0,6
201300041617,0013-01-04 22:50:00,13,1,4,22,50,930,63,BRANLY BD EDOUARD,,,Nuit avec éclairage allumé,En agglomération,Intersection en Y,Normale,Deux véhicules - côté,,,,,,,,,,,5,2,4,1.0,3
201300041618,0013-01-05 18:50:00,13,1,5,18,50,930,63,"85, BARBUSSE HENRI BOULE",,,Nuit avec éclairage allumé,En agglomération,Hors intersection,Normale,Deux véhicules - arrière,,,,,,,,,,,5,2,1,1.0,2
201300041619,0013-01-07 18:30:00,13,1,7,18,30,930,63,"49, JAURES RUE JEAN",,,Nuit avec éclairage allumé,En agglomération,Hors intersection,Normale,Autre collision,,,,,,,,,,,5,2,1,1.0,6
201300041620,0013-01-08 19:30:00,13,1,8,19,30,930,63,BERLIOZ AVENUE,,,Nuit avec éclairage allumé,En agglomération,Hors intersection,Normale,Deux véhicules - côté,,,,,,,,,,,5,2,1,1.0,3
201300041621,0013-01-11 17:15:00,13,1,11,17,15,930,45,"5, LIBERTE BD DE LA",,,Crépuscule ou aube,En agglomération,Intersection en X,Normale,Deux véhicules - côté,,,,,,,,,,,2,2,2,1.0,3
201300041622,0013-01-12 11:10:00,13,1,12,11,10,930,45,PARIS RUE DE,,,Plein jour,En agglomération,Hors intersection,Pluie légère,Sans collision,,,,,,,,,,,1,2,1,2.0,7
201300041623,0013-01-23 09:05:00,13,1,23,9,5,930,6,"59, GAL DE GAULLE AV. DU",,,Plein jour,En agglomération,Hors intersection,Temps couvert,Deux véhicules - côté,,,,,,,,,,,1,2,1,8.0,3
201300041624,0013-01-23 18:30:00,13,1,23,18,30,930,45,"40, PARIS RUE DE",,,Nuit avec éclairage allumé,En agglomération,Hors intersection,Normale,Autre collision,,,,,,,,,,,5,2,1,1.0,6
201300041625,0013-01-24 07:55:00,13,1,24,7,55,930,6,"64, VAILLANT EDOUARD RUE",,,Crépuscule ou aube,En agglomération,Hors intersection,Normale,Autre collision,,,,,,,,,,,2,2,1,1.0,6
201300041626,0013-01-28 11:10:00,13,1,28,11,10,930,61,"20, AUDRY COLETTE RUE",,,Plein jour,En agglomération,Hors intersection,Normale,Autre collision,,,,,,,,,,,1,2,1,1.0,6
201300041627,0013-01-29 07:50:00,13,1,29,7,50,930,63,ETHIS RUE MARCEL,,,Nuit avec éclairage allumé,En agglomération,Intersection en X,Pluie légère,Autre collision,,,,,,,,,,,5,2,2,2.0,6
201300041628,0013-01-30 16:45:00,13,1,30,16,45,930,45,PARIS RUE DE,,,Plein jour,En agglomération,Hors intersection,Normale,Deux véhicules - côté,,,,,,,,,,,1,2,1,1.0,3
201300041629,0013-02-06 08:30:00,13,2,6,8,30,930,61,"07, PERI GABRIEL RUE",,,Plein jour,En agglomération,Hors intersection,Pluie légère,Deux véhicules - côté,,,,,,,,,,,1,2,1,2.0,3
201300041630,0013-02-07 14:40:00,13,2,7,14,40,930,45,"114, PARIS RUE DE",,,Plein jour,En agglomération,Hors intersection,Normale,Autre collision,,,,,,,,,,,1,2,1,1.0,6
201300041631,0013-02-08 17:20:00,13,2,8,17,20,930,63,"1, CALMETTE RUE DU DOCTE",,,Plein jour,En agglomération,Intersection en T,Normale,Deux véhicules - côté,,,,,,,,,,,1,2,3,1.0,3
201300041632,0013-02-09 15:30:00,13,2,9,15,30,930,6,"77, GAMBETTA AV.",,,Plein jour,En agglomération,Intersection en X,Normale,Deux véhicules - côté,,,,,,,,,,,1,2,2,1.0,3
201300041633,0013-02-13 11:00:00,13,2,13,11,0,930,6,AVENIR IMP DE L',,,Plein jour,En agglomération,Intersection en Y,Normale,Deux véhicules - côté,,,,,,,,,,,1,2,4,1.0,3
201300041634,0013-02-14 23:50:00,13,2,14,23,50,930,61,"1, JOINEAU ANDRE RUE",,,Nuit avec éclairage allumé,En agglomération,Intersection en T,Normale,Autre collision,,,,,,,,,,,5,2,3,1.0,6
201300041635,0013-02-15 08:45:00,13,2,15,8,45,930,45,PASTEUR AV.,,,Plein jour,En agglomération,Intersection en Y,Temps couvert,Deux véhicules - côté,,,,,,,,,,,1,2,4,8.0,3
201300041636,0013-02-15 14:20:00,13,2,15,14,20,930,45,"141, PARIS RUE DE",,,Plein jour,En agglomération,Hors intersection,Normale,Deux véhicules - côté,,,,,,,,,,,1,2,1,1.0,3
201300041637,0013-02-15 19:00:00,13,2,15,19,0,930,63,"1, METZ AVENUE DE",,,Nuit avec éclairage allumé,En agglomération,Hors intersection,Normale,Autre collision,,,,,,,,,,,5,2,1,1.0,6
201300041638,0013-02-19 23:10:00,13,2,19,23,10,930,6,"93, GIRARDOT RUE",,,Nuit avec éclairage allumé,En agglomération,Hors intersection,Normale,Autre collision,,,,,,,,,,,5,2,1,1.0,6
201300041639,0013-02-26 19:20:00,13,2,26,19,20,930,63,"1, LENINE AVENUE",,,Nuit avec éclairage allumé,En agglomération,Hors intersection,Normale,Deux véhicules - côté,,,,,,,,,,,5,2,1,1.0,3
201300041640,0013-02-26 19:50:00,13,2,26,19,50,930,45,"1, LECLERC BOULEVARD DU",,,Nuit avec éclairage allumé,En agglomération,Hors intersection,Normale,Autre collision,,,,,,,,,,,5,2,1,1.0,6
201300041641,0013-02-28 13:30:00,13,2,28,13,30,930,45,"1, JAURES BD JEAN",,,Plein jour,En agglomération,Hors intersection,Normale,Autre collision,,,,,,,,,,,1,2,1,1.0,6
201300041642,0013-03-08 09:30:00,13,3,8,9,30,930,6,"123, GAMBETTA AV.",,,Plein jour,En agglomération,Hors intersection,Temps couvert,Deux véhicules - côté,,,,,,,,,,,1,2,1,8.0,3
201300041643,0013-03-26 11:50:00,13,3,26,11,50,930,6,"44, REPUBLIQUE AVENUE DE",,,Plein jour,En agglomération,Hors intersection,Normale,Deux véhicules - côté,,,,,,,,,,,1,2,1,1.0,3
201300041644,0013-04-01 16:00:00,13,4,1,16,0,930,63,"159, NOISY ROUTE DE",,,Plein jour,En agglomération,Hors intersection,Normale,Deux véhicules - côté,,,,,,,,,,,1,2,1,1.0,3
201300041645,0013-04-04 12:50:00,13,4,4,12,50,930,6,GAL LECLERC AV. DU,,,Plein jour,En agglomération,Hors intersection,Temps couvert,Autre collision,,,,,,,,,,,1,2,1,8.0,6
201300041646,0013-04-07 00:40:00,13,4,7,0,40,930,6,LAHAYE ADELAIDE RUE,,,Nuit avec éclairage allumé,En agglomération,Intersection en X,Normale,Autre collision,,,,,,,,,,,5,2,2,1.0,6
201300041647,0013-04-07 21:10:00,13,4,7,21,10,930,6,CAPSULERIE RUE DE LA,,,Crépuscule ou aube,En agglomération,Autre intersection,Normale,Deux véhicules - côté,,,,,,,,,,,2,2,9,1.0,3
201300041648,0013-04-10 19:20:00,13,4,10,19,20,930,6,"20, LAHAYE ADELAIDE RUE",,,Crépuscule ou aube,En agglomération,Hors intersection,Pluie légère,Autre collision,,,,,,,,,,,2,2,1,2.0,6
201300041649,0013-04-13 11:25:00,13,4,13,11,25,930,6,GAL DE GAULLE AV. DU,,,Plein jour,Hors agglomération,Intersection en X,Normale,Autre collision,,,,,,,,,,,1,1,2,1.0,6
201300041650,0013-04-17 15:10:00,13,4,17,15,10,930,6,REPUBLIQUE AVENUE DE LA,,,Plein jour,En agglomération,Intersection en X,Normale,Deux véhicules - côté,,,,,,,,,,,1,2,2,1.0,3
201300041651,0013-04-25 20:30:00,13,4,25,20,30,930,6,"58, RASPAIL AVENUE",,,Crépuscule ou aube,En agglomération,Hors intersection,Normale,Deux véhicules - frontale,,,,,,,,,,,2,2,1,1.0,1
201300041652,0013-05-02 18:15:00,13,5,2,18,15,930,6,"19, VAILLONT EDOUARD RUE",,,Plein jour,En agglomération,Hors intersection,Normale,Deux véhicules - côté,,,,,,,,,,,1,2,1,1.0,3
201300041653,0013-05-03 15:20:00,13,5,3,15,20,930,45,"1, ONZE NOVEMBRE 1918 RU",,,Plein jour,En agglomération,Hors intersection,Normale,Autre collision,,,,,,,,,,,1,2,1,1.0,6
201300041654,0013-05-03 18:45:00,13,5,3,18,45,930,6,THOMAS RUE DU LIEUTENANT,,,Plein jour,Hors agglomération,Intersection en X,Normale,Autre collision,,,,,,,,,,,1,1,2,1.0,6
201300041655,0013-05-11 19:00:00,13,5,11,19,0,930,63,VAILLANT-COUTURIER AV.P,,,Crépuscule ou aube,En agglomération,Intersection en T,Normale,Deux véhicules - côté,,,,,,,,,,,2,2,3,1.0,3
201300041656,0013-05-12 11:40:00,13,5,12,11,40,930,45,42 JUIN AVENUE DU MAREC,,,Plein jour,En agglomération,Hors intersection,Normale,Deux véhicules - arrière,,,,,,,,,,,1,2,1,1.0,2
201300041657,0013-05-17 17:00:00,13,5,17,17,0,930,63,JAURES RUE JEAN,,,Plein jour,En agglomération,Intersection en T,Normale,Autre collision,,,,,,,,,,,1,2,3,1.0,6
201300041658,0013-05-18 18:45:00,13,5,18,18,45,930,63,GRAVIERS RUE DES,,,Plein jour,En agglomération,Hors intersection,Pluie légère,Autre collision,,,,,,,,,,,1,2,1,2.0,6
201300041659,0013-05-23 15:30:00,13,5,23,15,30,930,6,"34, REPUBLIQUE AVENUE DE",,,Crépuscule ou aube,En agglomération,Intersection en X,Pluie légère,Deux véhicules - frontale,,,,,,,,,,,2,2,2,2.0,1
201300041660,0013-05-25 22:15:00,13,5,25,22,15,930,63,"74, MONTREUIL ROUTE DE",,,Crépuscule ou aube,En agglomération,Hors intersection,Normale,Trois véhicules et plus - en chaîne,,,,,,,,,,,2,2,1,1.0,4
201300041661,0013-05-28 09:15:00,13,5,28,9,15,930,61,"14, PERI GABRIEL RUE",,,Plein jour,En agglomération,Hors intersection,Normale,Autre collision,,,,,,,,,,,1,2,1,1.0,6
201300041662,0013-06-06 00:55:00,13,6,6,0,55,930,63,BARBUSSE HENRI BOULEVARD,,,Nuit avec éclairage allumé,En agglomération,Intersection en X,Normale,Deux véhicules - frontale,,,,,,,,,,,5,2,2,1.0,1
201300041663,0013-06-21 03:45:00,13,6,21,3,45,930,6,DHUYS AV DE LA,,,Nuit avec éclairage allumé,En agglomération,Intersection en T,Pluie légère,Sans collision,,,,,,,,,,,5,2,3,2.0,7
201300041664,0013-06-25 19:00:00,13,6,25,19,0,930,63,"173, NOISY ROUTE DE",,,Plein jour,En agglomération,Intersection en X,Normale,Sans collision,,,,,,,,,,,1,2,2,1.0,7
201300041665,0013-06-28 16:35:00,13,6,28,16,35,930,63,"71, BRANLY BD EDOUARD",,,Plein jour,En agglomération,Hors intersection,Pluie légère,Deux véhicules - arrière,,,,,,,,,,,1,2,1,2.0,2
201300041666,0013-06-29 21:30:00,13,6,29,21,30,930,63,", NOISY ROUTE DE",,,Plein jour,En agglomération,Hors intersection,Normale,Deux véhicules - côté,,,,,,,,,,,1,2,1,1.0,3
201300041667,0013-06-30 20:40:00,13,6,30,20,40,930,6,"193, ROBESPIERRE RUE",,,Crépuscule ou aube,En agglomération,Hors intersection,Normale,Autre collision,,,,,,,,,,,2,2,1,1.0,6
201300041668,0013-07-01 21:00:00,13,7,1,21,0,930,6,"109, STALINGRAD AV.",,,Plein jour,En agglomération,Autre intersection,Normale,Deux véhicules - côté,,,,,,,,,,,1,2,9,1.0,3
201300041669,0013-07-03 13:35:00,13,7,3,13,35,930,6,GALLIENI  AV.,,,Plein jour,En agglomération,Intersection en T,Temps couvert,Deux véhicules - frontale,,,,,,,,,,,1,2,3,8.0,1
201300041670,0013-07-09 17:30:00,13,7,9,17,30,930,63,"1, MONTREUIL ROUTE DE",,,Plein jour,En agglomération,Hors intersection,Normale,Autre collision,,,,,,,,,,,1,2,1,1.0,6
201300041671,0013-07-14 21:40:00,13,7,14,21,40,930,63,DOUMER AVENUE PAUL,,,Crépuscule ou aube,En agglomération,Hors intersection,Normale,Autre collision,,,,,,,,,,,2,2,1,1.0,6
201300041672,0013-07-15 19:05:00,13,7,15,19,5,930,6,"50, LENINE RUE",,,Plein jour,En agglomération,Hors intersection,Normale,Autre collision,,,,,,,,,,,1,2,1,1.0,6
201300041673,0013-07-17 11:00:00,13,7,17,11,0,930,45,"2, PRE SAINT GERVAIS RUE",,,Plein jour,En agglomération,Intersection en X,Normale,Deux véhicules - côté,,,,,,,,,,,1,2,2,1.0,3
201300041674,0013-07-20 13:40:00,13,7,20,13,40,930,6,"161/163, GALLIENI  AV.",,,Plein jour,En agglomération,Hors intersection,Normale,Deux véhicules - côté,,,,,,,,,,,1,2,1,1.0,3
201300041675,0013-07-27 22:50:00,13,7,27,22,50,930,63,ALLENDE PLACE DU PDT SAL,,,Nuit avec éclairage allumé,En agglomération,Place,Normale,Autre collision,,,,,,,,,,,5,2,7,1.0,6
201300041676,0013-07-29 17:40:00,13,7,29,17,40,930,63,CITE MARCEL CACHIN,,,Plein jour,En agglomération,Hors intersection,Normale,Autre collision,,,,,,,,,,,1,2,1,1.0,6
201300041677,0013-08-02 15:20:00,13,8,2,15,20,930,61,"02, BELVEDERE AVENUE DU",,,Plein jour,En agglomération,Hors intersection,Normale,Autre collision,,,,,,,,,,,1,2,1,1.0,6
201300041678,0013-08-04 12:30:00,13,8,4,12,30,930,6,JAURES JEAN RUE,,,Plein jour,En agglomération,Hors intersection,Normale,Autre collision,,,,,,,,,,,1,2,1,1.0,6
201300041679,0013-08-11 00:01:00,13,8,11,0,1,930,63,"01, KERAUTRET AVENUE PIE",,,Nuit avec éclairage allumé,En agglomération,Place,Normale,Deux véhicules - côté,,,,,,,,,,,5,2,7,1.0,3
201300041680,0013-08-16 13:55:00,13,8,16,13,55,930,6,VAILLANT EDOUARD RUE,,,Plein jour,En agglomération,Intersection en T,Normale,Deux véhicules - arrière,,,,,,,,,,,1,2,3,1.0,2
201300041681,0013-08-29 20:40:00,13,8,29,20,40,930,45,PARIS RUE DE,,,Crépuscule ou aube,En agglomération,Autre intersection,Normale,Sans collision,,,,,,,,,,,2,2,9,1.0,7
201300041682,0013-09-02 08:15:00,13,9,2,8,15,930,6,"17, CAPSULERIE RUE DE LA",,,Plein jour,En agglomération,Hors intersection,Normale,Autre collision,,,,,,,,,,,1,2,1,1.0,6
201300041683,0013-09-05 16:00:00,13,9,5,16,0,930,6,STALINGRAD AV.,,,Plein jour,En agglomération,Intersection en X,Normale,Deux véhicules - côté,,,,,,,,,,,1,2,2,1.0,3
201300041684,0013-09-08 12:35:00,13,9,8,12,35,930,6,GAMBETTA AV.,,,Plein jour,En agglomération,Intersection en X,Normale,Deux véhicules - côté,,,,,,,,,,,1,2,2,1.0,3
201300041685,0013-09-10 18:30:00,13,9,10,18,30,930,45,"114, PARIS RUE DE",,,Plein jour,En agglomération,Intersection en T,Normale,Sans collision,,,,,,,,,,,1,2,3,1.0,7
201300041686,0013-09-24 08:30:00,13,9,24,8,30,930,6,"28, GAL DE GAULLE AV. DU",,,Plein jour,En agglomération,Hors intersection,Normale,Autre collision,,,,,,,,,,,1,2,1,1.0,6
201300041687,0013-09-27 10:10:00,13,9,27,10,10,930,6,"35, REPUBLIQUE AVENUE DE",,,Plein jour,En agglomération,Intersection en X,Normale,Deux véhicules - côté,,,,,,,,,,,1,2,2,1.0,3
201300041688,0013-10-04 17:40:00,13,10,4,17,40,930,6,"1, GALLIENI  AV.",,,Plein jour,Hors agglomération,Hors intersection,Normale,Autre collision,,,,,,,,,,,1,1,1,1.0,6
201300041689,0013-10-07 18:10:00,13,10,7,18,10,930,63,"68, JAURES RUE JEAN",,,Plein jour,En agglomération,Hors intersection,Normale,Deux véhicules - arrière,,,,,,,,,,,1,2,1,1.0,2
201300041690,0013-10-10 10:00:00,13,10,10,10,0,930,6,"1, LA NOUE ET PARC",,,Plein jour,En agglomération,Hors intersection,Normale,Autre collision,,,,,,,,,,,1,2,1,1.0,6
201300041691,0013-10-10 20:40:00,13,10,10,20,40,930,45,"23, LECLERC BOULEVARD DU",,,Nuit avec éclairage allumé,En agglomération,Hors intersection,Pluie légère,Autre collision,,,,,,,,,,,5,2,1,2.0,6
201300041692,0013-10-11 16:35:00,13,10,11,16,35,930,63,"05, VAILLANT-COUTURIER A",,,Plein jour,En agglomération,Intersection en X,Normale,Autre collision,,,,,,,,,,,1,2,2,1.0,6
201300041693,0013-10-13 19:04:00,13,10,13,19,4,930,6,"38, RASPAIL AVENUE",,,Nuit avec éclairage allumé,En agglomération,Hors intersection,Normale,Autre collision,,,,,,,,,,,5,2,1,1.0,6
201300041694,0013-10-14 10:25:00,13,10,14,10,25,930,45,"1, BRUYERES RUE DES",,,Plein jour,En agglomération,Intersection en X,Normale,Deux véhicules - côté,,,,,,,,,,,1,2,2,1.0,3
201300041695,0013-10-16 16:50:00,13,10,16,16,50,930,6,"63, GAMBETTA AV.",,,Plein jour,En agglomération,Hors intersection,Pluie légère,Deux véhicules - frontale,,,,,,,,,,,1,2,1,2.0,1
201300041696,0013-10-25 10:00:00,13,10,25,10,0,930,61,"01, PERI GABRIEL RUE",,,Plein jour,En agglomération,Intersection en X,Normale,Deux véhicules - côté,,,,,,,,,,,1,2,2,1.0,3
201300041697,0013-10-28 13:30:00,13,10,28,13,30,930,6,"01, GAL DE GAULLE AV. DU",,,Plein jour,En agglomération,Hors intersection,Normale,Autre collision,,,,,,,,,,,1,2,1,1.0,6
201300041698,0013-10-29 22:00:00,13,10,29,22,0,930,6,"144, STALINGRAD AV.",,,Nuit avec éclairage allumé,En agglomération,Intersection en X,Normale,Deux véhicules - côté,,,,,,,,,,,5,2,2,1.0,3
201300041699,0013-10-30 06:30:00,13,10,30,6,30,930,6,"66, RASPAIL AVENUE",,,Nuit avec éclairage allumé,En agglomération,Intersection en X,Normale,Deux véhicules - frontale,,,,,,,,,,,5,2,2,1.0,1
201300041700,0013-10-30 17:20:00,13,10,30,17,20,930,45,"55/57, PARIS RUE DE",,,Plein jour,En agglomération,Hors intersection,Normale,Autre collision,,,,,,,,,,,1,2,1,1.0,6
201300041701,0013-10-30 20:40:00,13,10,30,20,40,930,6,"155, PASTEUR AV.",,,Nuit avec éclairage allumé,En agglomération,Intersection à plus de 4 branches,Normale,Deux véhicules - côté,,,,,,,,,,,5,2,5,1.0,3
201300041702,0013-11-03 16:50:00,13,11,3,16,50,930,45,"75, PARIS RUE DE",,,Crépuscule ou aube,En agglomération,Intersection en X,Normale,Sans collision,,,,,,,,,,,2,2,2,1.0,7
201300041703,0013-11-08 19:50:00,13,11,8,19,50,930,6,49 STALINGRAD AV.,,,Nuit avec éclairage allumé,En agglomération,Intersection en T,Pluie légère,Autre collision,,,,,,,,,,,5,2,3,2.0,6
201300041704,0013-11-19 19:15:00,13,11,19,19,15,930,6,GAMBETTA AV.,,,Nuit sans éclairage public,En agglomération,Intersection en Y,Normale,Autre collision,,,,,,,,,,,3,2,4,1.0,6
201300041705,0013-11-20 03:55:00,13,11,20,3,55,930,6,GAL DE GAULLE AV. DU,,,Nuit avec éclairage allumé,En agglomération,Hors intersection,Normale,Autre collision,,,,,,,,,,,5,2,1,1.0,6
201300041706,0013-11-24 19:05:00,13,11,24,19,5,930,63,"8, MARCEL ETIENNE RUE",,,Nuit avec éclairage allumé,En agglomération,Intersection en T,Normale,Autre collision,,,,,,,,,,,5,2,3,1.0,6
201300041707,0013-12-02 09:20:00,13,12,2,9,20,930,6,"45, GAL DE GAULLE AV. DU",,,Plein jour,En agglomération,Hors intersection,Normale,Autre collision,,,,,,,,,,,1,2,1,1.0,6
201300041708,0013-12-05 12:15:00,13,12,5,12,15,930,45,"40, JUIN AVENUE DU MAREC",,,Plein jour,En agglomération,Hors intersection,Normale,Autre collision,,,,,,,,,,,1,2,1,1.0,6
201300041709,0013-12-09 15:00:00,13,12,9,15,0,930,63,111ter LENINE AVENUE,,,Plein jour,En agglomération,Intersection en X,Normale,Deux véhicules - frontale,,,,,,,,,,,1,2,2,1.0,1
201300041710,0013-12-10 18:30:00,13,12,10,18,30,930,63,REPUBLIQUE RUE DE LA,,,Nuit avec éclairage allumé,En agglomération,Intersection en X,Normale,Autre collision,,,,,,,,,,,5,2,2,1.0,6
201300041711,0013-12-11 09:10:00,13,12,11,9,10,930,63,CALMETTE RUE DU DOCTEUR,,,Plein jour,En agglomération,Hors intersection,Normale,Sans collision,,,,,,,,,,,1,2,1,1.0,7
201300041712,0013-12-11 14:00:00,13,12,11,14,0,930,6,GAMBETTA AV.,,,Plein jour,En agglomération,Intersection en T,Temps couvert,Deux véhicules - côté,,,,,,,,,,,1,2,3,8.0,3
201300041713,0013-12-13 01:05:00,13,12,13,1,5,930,6,"3, FIORENTINO RUE DE SES",,,Nuit avec éclairage allumé,En agglomération,Hors intersection,Normale,Deux véhicules - côté,,,,,,,,,,,5,2,1,1.0,3
201300041714,0013-12-22 05:45:00,13,12,22,5,45,930,63,BARBUSSE HENRI BOULEVARD,,,Nuit avec éclairage allumé,En agglomération,Intersection à plus de 4 branches,Pluie légère,Deux véhicules - côté,,,,,,,,,,,5,2,5,2.0,3
201300041715,0013-12-22 13:50:00,13,12,22,13,50,930,63,METZ AVENUE DE,,,Plein jour,En agglomération,Hors intersection,Temps couvert,Deux véhicules - arrière,,,,,,,,,,,1,2,1,8.0,2
201300041716,0013-10-27 02:50:00,13,10,27,2,50,930,6,REPUBLIQUE AVENUE DE LA,,,Nuit avec éclairage allumé,En agglomération,Intersection en Y,Normale,Autre collision,,,,,,,,,,,5,2,4,1.0,6
201300041717,0013-09-06 08:55:00,13,9,6,8,55,930,6,MALMAISON RUE,,,Plein jour,En agglomération,Hors intersection,Normale,Autre collision,,,,,,,,,,,1,2,1,1.0,6
201300041718,0013-07-09 21:00:00,13,7,9,21,0,930,45,"2, PAUL DE KOCK AV.",,,Crépuscule ou aube,En agglomération,Intersection en Y,Normale,Deux véhicules - frontale,,,,,,,,,,,2,2,4,1.0,1
201300041719,0013-11-24 14:00:00,13,11,24,14,0,930,6,HORNET JEANNE,,,Plein jour,En agglomération,Hors intersection,Temps couvert,Deux véhicules - côté,,,,,,,,,,,1,2,1,8.0,3
201300041720,0013-01-10 12:00:00,13,1,10,12,0,930,46,"25, GAMBETTA AVENUE",,,Plein jour,En agglomération,Hors intersection,Temps couvert,Deux véhicules - frontale,,,,,,,,,,,1,2,1,8.0,1
201300041721,0013-01-11 00:20:00,13,1,11,0,20,930,74,BOUCHER RUE ALEXANDRE,,,Nuit avec éclairage allumé,En agglomération,Intersection en X,Pluie légère,Deux véhicules - côté,,,,,,,,,,,5,2,2,2.0,3
201300041722,0013-01-12 17:40:00,13,1,12,17,40,930,46,CONSUL GENERAL NORDLING,,,Nuit avec éclairage allumé,En agglomération,Hors intersection,Normale,Deux véhicules - arrière,,,,,,,,,,,5,2,1,1.0,2
201300041723,0013-01-25 23:30:00,13,1,25,23,30,930,46,"75, CONSUL GENERAL NORDL",,,Nuit avec éclairage allumé,En agglomération,Intersection en X,Autre,Deux véhicules - côté,,,,,,,,,,,5,2,2,9.0,3
201300041724,0013-01-28 16:00:00,13,1,28,16,0,930,74,MEAUX RUE DE,,,Plein jour,En agglomération,Intersection en X,Normale,Deux véhicules - côté,,,,,,,,,,,1,2,2,1.0,3
201300041725,0013-01-30 15:55:00,13,1,30,15,55,930,46,EST ALLEE DE L',,,Plein jour,En agglomération,Hors intersection,Normale,Sans collision,,,,,,,,,,,1,2,1,1.0,7
201300041726,0013-02-12 04:15:00,13,2,12,4,15,930,46,EUROPE BOULEVARD DE L',,,Nuit avec éclairage allumé,En agglomération,Intersection en X,Temps couvert,Autre collision,,,,,,,,,,,5,2,2,8.0,6
201300041727,0013-02-14 19:50:00,13,2,14,19,50,930,46,"32, JEAN MOULIN BOULEVAR",,,Nuit sans éclairage public,En agglomération,Intersection en X,Normale,Deux véhicules - côté,,,,,,,,,,,3,2,2,1.0,3
201300041728,0013-02-21 09:10:00,13,2,21,9,10,930,46,"41, LEON BLUM CITE",,,Plein jour,En agglomération,Hors intersection,Normale,Autre collision,,,,,,,,,,,1,2,1,1.0,6
201300041729,0013-02-23 17:43:00,13,2,23,17,43,930,46,", REPUBLIQUE AVENUE DE L",,,Plein jour,En agglomération,Intersection en X,Neige / grêle,Deux véhicules - côté,,,,,,,,,,,1,2,2,4.0,3
201300041730,0013-02-26 08:10:00,13,2,26,8,10,930,46,"10, MARECHAL LECLERC AVE",,,Plein jour,En agglomération,Intersection en T,Temps couvert,Autre collision,,,,,,,,,,,1,2,3,8.0,6
201300041731,0013-03-09 17:40:00,13,3,9,17,40,930,74,Route Nationale 3,,,Plein jour,Hors agglomération,Hors intersection,Normale,Deux véhicules - côté,,,,,,,,,,,1,1,1,1.0,3
201300041732,0013-03-13 06:15:00,13,3,13,6,15,930,74,DE GAULLE AVENUE DU GENE,,,Plein jour,En agglomération,Hors intersection,Neige / grêle,Deux véhicules - arrière,,,,,,,,,,,1,2,1,4.0,2
201300041733,0013-03-13 23:50:00,13,3,13,23,50,930,46,"32, ANTOINE DE ST EXUPER",,,Nuit avec éclairage allumé,En agglomération,Hors intersection,Temps couvert,Sans collision,,,,,,,,,,,5,2,1,8.0,7
201300041734,0013-03-14 08:30:00,13,3,14,8,30,930,46,ARISTIDE BRIAND AVENUE,,,Plein jour,En agglomération,Intersection en X,Normale,Deux véhicules - côté,,,,,,,,,,,1,2,2,1.0,3
201300041735,0013-03-17 11:00:00,13,3,17,11,0,930,46,JEAN BAPTISTE CLEMENT RU,,,Plein jour,En agglomération,Intersection en X,Temps couvert,Deux véhicules - côté,,,,,,,,,,,1,2,2,8.0,3
201300041736,0013-03-18 17:35:00,13,3,18,17,35,930,46,LEO LAGRANGE AVENUE,,,Plein jour,En agglomération,Intersection en X,Normale,Deux véhicules - côté,,,,,,,,,,,1,2,2,1.0,3
201300041737,0013-03-23 19:05:00,13,3,23,19,5,930,15,BOIS DE BERNOUILLE ROUTE,,,Nuit sans éclairage public,En agglomération,Hors intersection,Normale,Trois véhicules et plus - collisions multiples,,,,,,,,,,,3,2,1,1.0,5