accident_id,datetime,annee,mois,jour,heure,minute,departement,commune_insee,adresse,latitude,longitude,luminosite,agglomeration,intersection,meteo,collision,nb_vehicules,nb_usagers,nb_indemnes,nb_tues,nb_blesses_hosp,nb_blesses_legers,age_cond_1,age_cond_2,veh_type_cond_1,veh_type_cond_2,lum_code,agg_code,int_code,atm_code,col_code
201300041868,0013-06-12 19:40:00,13,6,12,19,40,930,48,23 STALINGRAD (RUE DE),,,Plein jour,En agglomération,Hors intersection,Normale,Autre collision,,,,,,,,,,,1,2,1,1.0,6
201300041869,0013-06-09 18:15:00,13,6,9,18,15,930,48,84 SUZANNE MARTORELL (A,,,Plein jour,En agglomération,Hors intersection,Normale,Autre collision,,,,,,,,,,,1,2,1,1.0,6
201300041870,0013-06-25 14:40:00,13,6,25,14,40,930,48,", MICHELET (RUE)",,,Plein jour,En agglomération,Hors intersection,Normale,Autre collision,,,,,,,,,,,1,2,1,1.0,6
201300041871,0013-06-20 20:50:00,13,6,20,20,50,930,48,"127, HENRI BARBUSSE (BOU",,,Plein jour,En agglomération,Intersection en T,Normale,Deux véhicules - arrière,,,,,,,,,,,1,2,3,1.0,2
201300041872,0013-06-26 14:55:00,13,6,26,14,55,930,48,"03, JEAN MOULIN (AVENUE)",,,Plein jour,En agglomération,Hors intersection,Normale,Autre collision,,,,,,,,,,,1,2,1,1.0,6
201300041873,0013-06-26 19:37:00,13,6,26,19,37,930,48,"10, FERDINAND (AVENUE)",,,Plein jour,En agglomération,Intersection en X,Normale,Autre collision,,,,,,,,,,,1,2,2,1.0,6
201300041874,0013-06-27 00:25:00,13,6,27,0,25,930,48,67 REPUBLIQUE (RUE DE L,,,Nuit avec éclairage allumé,En agglomération,Hors intersection,Normale,Deux véhicules - côté,,,,,,,,,,,5,2,1,1.0,3
201300041875,0013-06-28 18:50:00,13,6,28,18,50,930,48,PAUL VAILLANT COUTURIER,,,Plein jour,En agglomération,Autre intersection,Normale,Deux véhicules - côté,,,,,,,,,,,1,2,9,1.0,3
201300041876,0013-07-01 08:20:00,13,7,1,8,20,930,48,"217, ETIENNE MARCEL (RUE",,,Plein jour,En agglomération,Hors intersection,Normale,Autre collision,,,,,,,,,,,1,2,1,1.0,6
201300041877,0013-07-03 08:15:00,13,7,3,8,15,930,48,"04, WALWEIN (AVENUE)",,,Plein jour,En agglomération,Hors intersection,Pluie légère,Autre collision,,,,,,,,,,,1,2,1,2.0,6
201300041878,0013-07-05 19:55:00,13,7,5,19,55,930,48,"3, ARISTIDE BRIAND (BOUL",,,Plein jour,En agglomération,Hors intersection,Normale,Deux véhicules - côté,,,,,,,,,,,1,2,1,1.0,3
201300041879,0013-07-08 15:55:00,13,7,8,15,55,930,48,FERDINAND (AVENUE),,,Plein jour,En agglomération,Intersection en X,Normale,Trois véhicules et plus - collisions multiples,,,,,,,,,,,1,2,2,1.0,5
201300041880,0013-07-09 10:30:00,13,7,9,10,30,930,48,", RUFFINS (RUE DES)",,,Plein jour,En agglomération,Intersection en X,Normale,Autre collision,,,,,,,,,,,1,2,2,1.0,6
201300041881,0013-07-12 10:00:00,13,7,12,10,0,930,48,"273, VICTOR HUGO S5 (AVE",,,Plein jour,En agglomération,Hors intersection,Normale,Autre collision,,,,,,,,,,,1,2,1,1.0,6
201300041882,0013-07-22 20:30:00,13,7,22,20,30,930,48,"209, ROSNY (RUE DE)",,,Plein jour,En agglomération,Hors intersection,Normale,Autre collision,,,,,,,,,,,1,2,1,1.0,6
201300041883,0013-07-30 13:10:00,13,7,30,13,10,930,48,"128, ARISTIDE BRIAND (BO",,,Plein jour,En agglomération,Hors intersection,Normale,Deux véhicules - côté,,,,,,,,,,,1,2,1,1.0,3
201300041884,0013-08-17 17:30:00,13,8,17,17,30,930,48,PARIS (RUE DE),,,Plein jour,En agglomération,Hors intersection,Normale,Autre collision,,,,,,,,,,,1,2,1,1.0,6
201300041885,0013-08-19 10:45:00,13,8,19,10,45,930,48,"20, PRESIDENT WILSON (AV",,,Plein jour,En agglomération,Hors intersection,Normale,Sans collision,,,,,,,,,,,1,2,1,1.0,7
201300041886,0013-08-22 22:07:00,13,8,22,22,7,930,48,THEOPHILE SUEUR (BOULEVA,,,Nuit avec éclairage allumé,En agglomération,Autre intersection,Normale,Sans collision,,,,,,,,,,,5,2,9,1.0,7
201300041887,0013-08-25 15:45:00,13,8,25,15,45,930,48,PASTEUR S3 (AVENUE),,,Plein jour,En agglomération,Intersection en X,Pluie forte,Deux véhicules - côté,,,,,,,,,,,1,2,2,3.0,3
201300041888,0013-09-03 21:30:00,13,9,3,21,30,930,48,116 R DE LAGNY,,,Nuit avec éclairage allumé,En agglomération,Hors intersection,Normale,Deux véhicules - côté,,,,,,,,,,,5,2,1,1.0,3
201300041889,0013-09-04 08:15:00,13,9,4,8,15,930,48,"149, ROSNY (RUE DE)",,,Plein jour,En agglomération,Hors intersection,Normale,Deux véhicules - arrière,,,,,,,,,,,1,2,1,1.0,2
201300041890,0013-09-04 19:00:00,13,9,4,19,0,930,48,GROSEILLERS (RUE DES),,,Plein jour,En agglomération,Intersection en X,Normale,Autre collision,,,,,,,,,,,1,2,2,1.0,6
201300041891,0013-09-10 10:20:00,13,9,10,10,20,930,48,HENRI BARBUSSE (BOULEVAR,,,Plein jour,En agglomération,Autre intersection,Normale,Deux véhicules - frontale,,,,,,,,,,,1,2,9,1.0,1
201300041892,0013-09-11 10:20:00,13,9,11,10,20,930,48,ARISTIDE BRIAND (BOULEVA,,,Plein jour,En agglomération,Intersection en X,Normale,Deux véhicules - côté,,,,,,,,,,,1,2,2,1.0,3
201300041893,0013-09-13 09:15:00,13,9,13,9,15,930,48,GABRIEL PERI S2 (AVENUE),,,Plein jour,En agglomération,Intersection en X,Normale,Deux véhicules - côté,,,,,,,,,,,1,2,2,1.0,3
201300041894,0013-09-14 22:45:00,13,9,14,22,45,930,48,JACQUES DUCLOS (RUE),,,Nuit avec éclairage allumé,En agglomération,Intersection en X,Pluie forte,Deux véhicules - côté,,,,,,,,,,,5,2,2,3.0,3
201300041895,0013-09-21 13:40:00,13,9,21,13,40,930,48,THEOPHILE SUEUR (BOULEVA,,,Plein jour,En agglomération,Intersection en T,Normale,Deux véhicules - côté,,,,,,,,,,,1,2,3,1.0,3
201300041896,0013-09-22 04:05:00,13,9,22,4,5,930,48,"50, CHANZY (BOULEVARD)",,,Nuit avec éclairage allumé,En agglomération,Intersection en T,Normale,Deux véhicules - frontale,,,,,,,,,,,5,2,3,1.0,1
201300041897,0013-09-26 12:55:00,13,9,26,12,55,930,48,"48, PARIS (RUE DE)",,,Plein jour,En agglomération,Place,Normale,Autre collision,,,,,,,,,,,1,2,7,1.0,6
201300041898,0013-09-28 14:00:00,13,9,28,14,0,930,48,"274, ROSNY (RUE DE)",,,Plein jour,En agglomération,Giratoire,Normale,Deux véhicules - côté,,,,,,,,,,,1,2,6,1.0,3
201300041899,0013-09-30 09:40:00,13,9,30,9,40,930,48,GABRIEL PERI (AVENUE),,,Plein jour,En agglomération,Intersection en X,Temps couvert,Deux véhicules - frontale,,,,,,,,,,,1,2,2,8.0,1
201300041900,0013-09-30 14:40:00,13,9,30,14,40,930,48,"62, FRANKLIN (RUE)",,,Plein jour,En agglomération,Autre intersection,Normale,Deux véhicules - arrière,,,,,,,,,,,1,2,9,1.0,2
201300041901,0013-10-01 16:00:00,13,10,1,16,0,930,48,"97, PARIS (RUE DE)",,,Plein jour,En agglomération,Hors intersection,Normale,Trois véhicules et plus - collisions multiples,,,,,,,,,,,1,2,1,1.0,5
201300041902,0013-10-03 15:20:00,13,10,3,15,20,930,48,GABRIEL PERI (AVENUE),,,Plein jour,En agglomération,Intersection en X,Pluie légère,Deux véhicules - côté,,,,,,,,,,,1,2,2,2.0,3
201300041903,0013-10-04 22:40:00,13,10,4,22,40,930,48,ARMAND CARREL (RUE),,,Nuit avec éclairage allumé,En agglomération,Intersection en X,Normale,Deux véhicules - côté,,,,,,,,,,,5,2,2,1.0,3
201300041904,0013-10-05 01:20:00,13,10,5,1,20,930,48,"273, ROSNY (RUE DE)",,,Nuit avec éclairage allumé,En agglomération,Hors intersection,Normale,Deux véhicules - côté,,,,,,,,,,,5,2,1,1.0,3
201300041905,0013-10-08 13:00:00,13,10,8,13,0,930,48,PARIS (RUE DE),,,Plein jour,En agglomération,Hors intersection,Normale,Deux véhicules - côté,,,,,,,,,,,1,2,1,1.0,3
201300041906,0013-10-10 13:15:00,13,10,10,13,15,930,48,"6, ROSNY (RUE DE)",,,Plein jour,En agglomération,Hors intersection,Pluie légère,Autre collision,,,,,,,,,,,1,2,1,2.0,6
201300041907,0013-10-13 23:45:00,13,10,13,23,45,930,48,PARIS (RUE DE),,,Nuit avec éclairage allumé,En agglomération,Intersection en X,Normale,Deux véhicules - côté,,,,,,,,,,,5,2,2,1.0,3
201300041908,0013-10-24 11:00:00,13,10,24,11,0,930,48,EUGENE VARLIN (RUE),,,Plein jour,En agglomération,Hors intersection,Normale,Trois véhicules et plus - collisions multiples,,,,,,,,,,,1,2,1,1.0,5
201300041909,0013-10-26 10:50:00,13,10,26,10,50,930,48,LEO LAGRANGE (AVENUE),,,Plein jour,En agglomération,Intersection en X,Pluie légère,Deux véhicules - côté,,,,,,,,,,,1,2,2,2.0,3
201300041910,0013-10-31 19:40:00,13,10,31,19,40,930,48,PARMENTIER (RUE),,,Nuit avec éclairage allumé,En agglomération,Intersection en Y,Normale,Autre collision,,,,,,,,,,,5,2,4,1.0,6
201300041911,0013-11-04 16:50:00,13,11,4,16,50,930,48,"49, REPUBLIQUE (RUE DE L",,,Plein jour,En agglomération,Intersection en X,Normale,Autre collision,,,,,,,,,,,1,2,2,1.0,6
201300041912,0013-11-04 18:38:00,13,11,4,18,38,930,48,GENERAL DE GAULE (PLACE,,,Nuit avec éclairage allumé,En agglomération,Place,Normale,Trois véhicules et plus - en chaîne,,,,,,,,,,,5,2,7,1.0,4
201300041913,0013-11-09 09:30:00,13,11,9,9,30,930,48,RESISTANCE (AVENUE DE LA,,,Plein jour,En agglomération,Intersection en X,Normale,Deux véhicules - frontale,,,,,,,,,,,1,2,2,1.0,1
201300041914,0013-11-09 16:25:00,13,11,9,16,25,930,48,GABRIEL PERI (AVENUE),,,Plein jour,En agglomération,Intersection en X,Pluie légère,Deux véhicules - côté,,,,,,,,,,,1,2,2,2.0,3
201300041915,0013-11-15 06:55:00,13,11,15,6,55,930,48,ROSIERS (RUE DES),,,Crépuscule ou aube,En agglomération,Intersection en T,Pluie légère,Trois véhicules et plus - en chaîne,,,,,,,,,,,2,2,3,2.0,4
201300041916,0013-11-18 14:55:00,13,11,18,14,55,930,48,"305, ROSNY S4 (RUE DE)",,,Plein jour,En agglomération,Intersection en X,Temps couvert,Autre collision,,,,,,,,,,,1,2,2,8.0,6
201300041917,0013-11-18 18:15:00,13,11,18,18,15,930,48,"31, THEOPHILE SUEUR (BOU",,,Nuit avec éclairage allumé,En agglomération,Intersection en T,Normale,Autre collision,,,,,,,,,,,5,2,3,1.0,6
201300041918,0013-11-21 08:45:00,13,11,21,8,45,930,48,PASTEUR S3 (AVENUE),,,Plein jour,En agglomération,Intersection en X,Pluie légère,Deux véhicules - côté,,,,,,,,,,,1,2,2,2.0,3
201300041919,0013-11-22 15:00:00,13,11,22,15,0,930,48,"116, HENRI BARBUSSE (BOU",,,Plein jour,En agglomération,Hors intersection,Normale,Autre collision,,,,,,,,,,,1,2,1,1.0,6
201300041920,0013-11-22 19:15:00,13,11,22,19,15,930,48,ROSNY (RUE DE),,,Crépuscule ou aube,En agglomération,Intersection en X,Normale,Autre collision,,,,,,,,,,,2,2,2,1.0,6
201300041921,0013-11-23 15:45:00,13,11,23,15,45,930,48,"51, DESIRE PREAUX (RUE)",,,Plein jour,En agglomération,Intersection en X,Normale,Deux véhicules - côté,,,,,,,,,,,1,2,2,1.0,3
201300041922,0013-12-01 11:30:00,13,12,1,11,30,930,48,CUVIER (RUE),,,Plein jour,En agglomération,Intersection en X,Temps couvert,Trois véhicules et plus - collisions multiples,,,,,,,,,,,1,2,2,8.0,5
201300041923,0013-12-04 18:10:00,13,12,4,18,10,930,48,"38, PAUL VAILLANT COUTUR",,,Nuit avec éclairage allumé,En agglomération,Hors intersection,Normale,Autre collision,,,,,,,,,,,5,2,1,1.0,6
201300041924,0013-12-05 12:50:00,13,12,5,12,50,930,48,"13, ARISTIDE BRIAND (BOU",,,Plein jour,En agglomération,Hors intersection,Normale,Deux véhicules - côté,,,,,,,,,,,1,2,1,1.0,3
201300041925,0013-12-08 18:25:00,13,12,8,18,25,930,48,"14, EPERNONS (RUE DES)",,,Nuit avec éclairage allumé,En agglomération,Hors intersection,Temps couvert,Autre collision,,,,,,,,,,,5,2,1,8.0,6
201300041926,0013-12-09 14:50:00,13,12,9,14,50,930,48,"34, RESISTANCE (AVENUE D",,,Plein jour,En agglomération,Hors intersection,Normale,Deux véhicules - frontale,,,,,,,,,,,1,2,1,1.0,1
201300041927,0013-12-10 15:10:00,13,12,10,15,10,930,48,THEOPHILE SUEUR (BOULEVA,,,Plein jour,En agglomération,Intersection en X,Normale,Autre collision,,,,,,,,,,,1,2,2,1.0,6
201300041928,0013-12-11 09:50:00,13,12,11,9,50,930,48,"50, HENRI WALLON (RUE)",,,Plein jour,En agglomération,Hors intersection,Normale,Autre collision,,,,,,,,,,,1,2,1,1.0,6
201300041929,0013-12-12 16:45:00,13,12,12,16,45,930,48,PIERRE DE MONTREUIL (RUE,,,Crépuscule ou aube,En agglomération,Intersection en X,Normale,Deux véhicules - côté,,,,,,,,,,,2,2,2,1.0,3
201300041930,0013-12-13 11:40:00,13,12,13,11,40,930,48,"31, VINCENNES (RUE DE)",,,Plein jour,En agglomération,Hors intersection,Normale,Autre collision,,,,,,,,,,,1,2,1,1.0,6
201300041931,0013-12-16 10:00:00,13,12,16,10,0,930,48,THEOPHILE SUEUR (BOULEVA,,,Plein jour,En agglomération,Hors intersection,Normale,Deux véhicules - côté,,,,,,,,,,,1,2,1,1.0,3
201300041932,0013-12-16 14:55:00,13,12,16,14,55,930,48,"01, PAUL DOUMER (RUE)",,,Plein jour,En agglomération,Hors intersection,Normale,Autre collision,,,,,,,,,,,1,2,1,1.0,6
201300041933,0013-12-19 20:10:00,13,12,19,20,10,930,48,JEAN MOULIN (AVENUE),,,Nuit avec éclairage allumé,En agglomération,Hors intersection,Normale,Trois véhicules et plus - en chaîne,,,,,,,,,,,5,2,1,1.0,4
201300041934,0013-12-20 10:00:00,13,12,20,10,0,930,48,"54, PARIS (RUE DE)",,,Plein jour,En agglomération,Hors intersection,Normale,Autre collision,,,,,,,,,,,1,2,1,1.0,6
201300041935,0013-12-21 14:40:00,13,12,21,14,40,930,48,"72, THEOPHILE SUEUR (BOU",,,Plein jour,En agglomération,Hors intersection,Normale,Autre collision,,,,,,,,,,,1,2,1,1.0,6
201300041936,0013-12-31 02:20:00,13,12,31,2,20,930,48,"52, COLONEL FABIEN (AVEN",,,Nuit avec éclairage allumé,En agglomération,Hors intersection,Normale,Autre collision,,,,,,,,,,,5,2,1,1.0,6
201300041937,0013-01-07 08:10:00,13,1,7,8,10,930,50,LOUIS VANNINI (RUE),,,Nuit avec éclairage non allumé,En agglomération,Intersection en X,Normale,Deux véhicules - frontale,,,,,,,,,,,4,2,2,1.0,1
201300041938,0013-01-28 18:20:00,13,1,28,18,20,930,49,"16, DANIEL PERDRIGE (AVE",,,Nuit avec éclairage allumé,En agglomération,Intersection en X,Normale,Autre collision,,,,,,,,,,,5,2,2,1.0,6
201300041939,0013-01-29 20:30:00,13,1,29,20,30,930,50,PAUL DOUMER (RUE),,,Nuit avec éclairage allumé,En agglomération,Intersection en T,Pluie légère,Deux véhicules - côté,,,,,,,,,,,5,2,3,2.0,3
201300041940,0013-02-11 17:40:00,13,2,11,17,40,930,50,PAUL ET CAMILLE THOMOUX,,,Plein jour,En agglomération,Hors intersection,Normale,Deux véhicules - côté,,,,,,,,,,,1,2,1,1.0,3
201300041941,0013-02-12 13:54:00,13,2,12,13,54,930,50,"1-9, MARECHAL FOCH (AVEN",,,Plein jour,En agglomération,Hors intersection,Temps couvert,Deux véhicules - côté,,,,,,,,,,,1,2,1,8.0,3
201300041942,0013-02-15 22:35:00,13,2,15,22,35,930,50,"421, HUIT MAI 1945",,,Nuit avec éclairage allumé,En agglomération,Hors intersection,Normale,Deux véhicules - frontale,,,,,,,,,,,5,2,1,1.0,1
201300041943,0013-02-20 12:30:00,13,2,20,12,30,930,50,JEAN JAURES (AVENUE) COT,,,Plein jour,En agglomération,Hors intersection,Normale,Trois véhicules et plus - en chaîne,,,,,,,,,,,1,2,1,1.0,4
201300041944,0013-02-27 10:20:00,13,2,27,10,20,930,50,"230, PAUL ET CAMILLE THO",,,Plein jour,En agglomération,Hors intersection,Normale,Deux véhicules - arrière,,,,,,,,,,,1,2,1,1.0,2
201300041945,0013-02-28 21:00:00,13,2,28,21,0,930,50,DESCARTES (AVENUE),,,Nuit avec éclairage allumé,En agglomération,Intersection en T,Normale,Deux véhicules - côté,,,,,,,,,,,5,2,3,1.0,3
201300041946,0013-03-08 14:00:00,13,3,8,14,0,930,50,MARECHAL FOCH (AVENUE) C,,,Plein jour,En agglomération,Intersection en T,Pluie légère,Deux véhicules - arrière,,,,,,,,,,,1,2,3,2.0,2
201300041947,0013-03-09 20:00:00,13,3,9,20,0,930,49,GENERAL DE GAULLE (RUE),,,Nuit avec éclairage allumé,En agglomération,Hors intersection,Normale,Deux véhicules - côté,,,,,,,,,,,5,2,1,1.0,3
201300041948,0013-03-17 11:50:00,13,3,17,11,50,930,50,"26, PAUL DOUMER (RUE)",,,Plein jour,En agglomération,Hors intersection,Normale,Autre collision,,,,,,,,,,,1,2,1,1.0,6
201300041949,0013-03-18 14:15:00,13,3,18,14,15,930,49,STALINGRAD (PLACE),,,Plein jour,En agglomération,Hors intersection,Normale,Autre collision,,,,,,,,,,,1,2,1,1.0,6
201300041950,0013-03-18 17:30:00,13,3,18,17,30,930,50,PAUL ET CAMILLE THOMOUX,,,Plein jour,En agglomération,Hors intersection,Normale,Autre collision,,,,,,,,,,,1,2,1,1.0,6
201300041951,0013-04-03 12:45:00,13,4,3,12,45,930,50,"29, MARECHAL FOCH (AVENU",,,Plein jour,En agglomération,Hors intersection,Normale,Deux véhicules - arrière,,,,,,,,,,,1,2,1,1.0,2
201300041952,0013-04-15 12:00:00,13,4,15,12,0,930,50,"108, PAUL VAILLANT COUTU",,,Plein jour,En agglomération,Hors intersection,Pluie légère,Autre collision,,,,,,,,,,,1,2,1,2.0,6
201300041953,0013-04-18 10:00:00,13,4,18,10,0,930,49,", FAIDHERBE (RUE)",,,Plein jour,En agglomération,Hors intersection,Normale,Autre collision,,,,,,,,,,,1,2,1,1.0,6
201300041954,0013-04-21 01:15:00,13,4,21,1,15,930,50,PAUL DOUMER (RUE),,,Nuit avec éclairage allumé,En agglomération,Intersection en X,Normale,Deux véhicules - côté,,,,,,,,,,,5,2,2,1.0,3
201300041955,0013-04-29 07:35:00,13,4,29,7,35,930,50,PAUL DOUMER (RUE),,,Plein jour,En agglomération,Hors intersection,Normale,Deux véhicules - arrière,,,,,,,,,,,1,2,1,1.0,2
201300041956,0013-05-04 16:00:00,13,5,4,16,0,930,50,FERDINAND BUISSON (RUE),,,Plein jour,En agglomération,Hors intersection,Normale,Deux véhicules - frontale,,,,,,,,,,,1,2,1,1.0,1
201300041957,0013-05-22 18:05:00,13,5,22,18,5,930,50,PAUL ET CAMILLE THOMOUX,,,Plein jour,En agglomération,Hors intersection,Normale,Trois véhicules et plus - collisions multiples,,,,,,,,,,,1,2,1,1.0,5
201300041958,0013-05-25 10:35:00,13,5,25,10,35,930,50,"1-9, MARECHAL FOCH (AVEN",,,Plein jour,En agglomération,Hors intersection,Normale,Deux véhicules - arrière,,,,,,,,,,,1,2,1,1.0,2
201300041959,0013-06-01 00:20:00,13,6,1,0,20,930,50,"186, PAUL ET CAMILLE THO",,,Nuit avec éclairage allumé,En agglomération,Intersection en T,Normale,Autre collision,,,,,,,,,,,5,2,3,1.0,6
201300041960,0013-05-31 18:00:00,13,5,31,18,0,930,49,MEAUX (CHEMIN),,,Plein jour,En agglomération,Intersection en T,Normale,Trois véhicules et plus - collisions multiples,,,,,,,,,,,1,2,3,1.0,5
201300041961,0013-06-02 02:20:00,13,6,2,2,20,930,50,"104, PAUL VAILLANT COUTU",,,Nuit avec éclairage allumé,En agglomération,Intersection en X,Normale,Autre collision,,,,,,,,,,,5,2,2,1.0,6
201300041962,0013-05-25 23:40:00,13,5,25,23,40,930,50,ONZE NOVEMBRE (RUE),,,Nuit avec éclairage allumé,En agglomération,Intersection en X,Normale,Deux véhicules - côté,,,,,,,,,,,5,2,2,1.0,3
201300041963,0013-06-08 23:10:00,13,6,8,23,10,930,50,"36, GENERAL DE GAULLE (A",,,Nuit avec éclairage allumé,En agglomération,Hors intersection,Temps couvert,Autre collision,,,,,,,,,,,5,2,1,8.0,6
201300041964,0013-06-17 15:30:00,13,6,17,15,30,930,50,"37, CARNOT (BOULEVARD)",,,Plein jour,En agglomération,Hors intersection,Normale,Autre collision,,,,,,,,,,,1,2,1,1.0,6
201300041965,0013-06-29 16:30:00,13,6,29,16,30,930,49,POULET LANGLET (RUE),,,Plein jour,En agglomération,Intersection en T,Normale,Deux véhicules - côté,,,,,,,,,,,1,2,3,1.0,3
201300041966,0013-07-03 07:30:00,13,7,3,7,30,930,50,FERDINAND BUISSON (RUE),,,Plein jour,En agglomération,Intersection en T,Pluie légère,Deux véhicules - côté,,,,,,,,,,,1,2,3,2.0,3
201300041967,0013-07-07 19:00:00,13,7,7,19,0,930,50,ROUSSILLON (RUE),,,Plein jour,En agglomération,Hors intersection,Normale,Deux véhicules - arrière,,,,,,,,,,,1,2,1,1.0,2
201300041968,0013-07-09 19:35:00,13,7,9,19,35,930,50,MAURICE BERTEAUX (BOULEV,,,Plein jour,En agglomération,Hors intersection,Normale,Autre collision,,,,,,,,,,,1,2,1,1.0,6
201300041969,0013-07-11 00:30:00,13,7,11,0,30,930,49,32 GALLIENI (BOULEVARD),,,Nuit avec éclairage allumé,En agglomération,Hors intersection,Normale,Deux véhicules - côté,,,,,,,,,,,5,2,1,1.0,3
201300041970,0013-07-24 19:40:00,13,7,24,19,40,930,49,"22, GALLIENI (BOULEVARD)",,,Plein jour,En agglomération,Hors intersection,Normale,Autre collision,,,,,,,,,,,1,2,1,1.0,6
201300041971,0013-07-25 12:10:00,13,7,25,12,10,930,50,"29, PAUL ET CAMILLE THOM",,,Plein jour,En agglomération,Hors intersection,Normale,Autre collision,,,,,,,,,,,1,2,1,1.0,6
201300041972,0013-08-01 15:05:00,13,8,1,15,5,930,50,MARECHAL FOCH (AVENUE) C,,,Plein jour,En agglomération,Hors intersection,Normale,Deux véhicules - côté,,,,,,,,,,,1,2,1,1.0,3
201300041973,0013-08-05 19:30:00,13,8,5,19,30,930,49,34 BOIS D'AVRON (RUE),,,Plein jour,En agglomération,Hors intersection,Normale,Deux véhicules - frontale,,,,,,,,,,,1,2,1,1.0,1
201300041974,0013-08-07 13:30:00,13,8,7,13,30,930,49,MEAUX (CHEMIN),,,Plein jour,En agglomération,Intersection en T,Pluie légère,Deux véhicules - côté,,,,,,,,,,,1,2,3,2.0,3
201300041975,0013-08-09 16:10:00,13,8,9,16,10,930,50,"29, MARECHAL FOCH (AVENU",,,Plein jour,En agglomération,Hors intersection,Normale,Deux véhicules - côté,,,,,,,,,,,1,2,1,1.0,3
201300041976,0013-08-10 22:30:00,13,8,10,22,30,930,50,HUIT MAI 1945,,,Nuit avec éclairage allumé,En agglomération,Intersection en T,Normale,Deux véhicules - côté,,,,,,,,,,,5,2,3,1.0,3
201300041977,0013-08-28 19:00:00,13,8,28,19,0,930,49,GALLIENI (BOULEVARD),,,Crépuscule ou aube,En agglomération,Hors intersection,Normale,Autre collision,,,,,,,,,,,2,2,1,1.0,6
201300041978,0013-09-17 16:00:00,13,9,17,16,0,930,49,", GALLIENI (BOULEVARD)",,,Plein jour,En agglomération,Hors intersection,Normale,Autre collision,,,,,,,,,,,1,2,1,1.0,6
201300041979,0013-09-29 00:30:00,13,9,29,0,30,930,49,FAIDHERBE (RUE),,,Nuit avec éclairage allumé,En agglomération,Intersection en T,Pluie forte,Autre collision,,,,,,,,,,,5,2,3,3.0,6
201300041980,0013-08-26 19:00:00,13,8,26,19,0,930,49,"02, HERBIERS (RUE)",,,Plein jour,En agglomération,Hors intersection,Normale,Autre collision,,,,,,,,,,,1,2,1,1.0,6
201300041981,0013-09-05 07:40:00,13,9,5,7,40,930,50,VILLEMOMBLE (ROUTE),,,Plein jour,En agglomération,Intersection en T,Normale,Deux véhicules - côté,,,,,,,,,,,1,2,3,1.0,3
201300041982,0013-09-05 16:10:00,13,9,5,16,10,930,49,PAUL LETOMBE (RUE),,,Plein jour,En agglomération,Hors intersection,Normale,Autre collision,,,,,,,,,,,1,2,1,1.0,6
201300041983,0013-09-07 20:25:00,13,9,7,20,25,930,50,ROBERT SCHUMANN (AVENUE),,,Crépuscule ou aube,En agglomération,Hors intersection,Normale,Autre collision,,,,,,,,,,,2,2,1,1.0,6
201300041984,0013-09-28 15:40:00,13,9,28,15,40,930,50,MARECHAL FOCH (AVENUE) C,,,Plein jour,En agglomération,Autre intersection,Normale,Deux véhicules - côté,,,,,,,,,,,1,2,9,1.0,3
201300041985,0013-10-08 08:55:00,13,10,8,8,55,930,50,LOUIS ARMAND (RUE),,,Plein jour,En agglomération,Hors intersection,Normale,Deux véhicules - côté,,,,,,,,,,,1,2,1,1.0,3
201300041986,0013-10-15 16:50:00,13,10,15,16,50,930,50,JEAN JAURES (AVENUE) COT,,,Plein jour,En agglomération,Hors intersection,Normale,Deux véhicules - arrière,,,,,,,,,,,1,2,1,1.0,2
201300041987,0013-10-16 12:35:00,13,10,16,12,35,930,50,FERDINAND BUISSON (RUE),,,Plein jour,En agglomération,Hors intersection,Normale,Sans collision,,,,,,,,,,,1,2,1,1.0,7
201300041988,0013-10-17 19:05:00,13,10,17,19,5,930,50,WINSTON CHURCHILL (AVENU,,,Nuit avec éclairage allumé,En agglomération,Hors intersection,Normale,Autre collision,,,,,,,,,,,5,2,1,1.0,6
201300041989,0013-10-26 06:30:00,13,10,26,6,30,930,50,PAUL ET CAMILLE THOMOUX,,,Nuit avec éclairage allumé,En agglomération,Hors intersection,Normale,Deux véhicules - côté,,,,,,,,,,,5,2,1,1.0,3
201300041990,0013-10-19 19:50:00,13,10,19,19,50,930,50,PAUL ET CAMILLE THOMOUX,,,Nuit avec éclairage allumé,En agglomération,Intersection en X,Normale,Autre collision,,,,,,,,,,,5,2,2,1.0,6
201300041991,0013-10-23 14:25:00,13,10,23,14,25,930,50,"221, PAUL ET CAMILLE THO",,,Plein jour,En agglomération,Hors intersection,Normale,Autre collision,,,,,,,,,,,1,2,1,1.0,6
201300041992,0013-11-11 04:50:00,13,11,11,4,50,930,50,FRERES LUMIERE (RUE),,,Nuit avec éclairage allumé,Hors agglomération,Hors intersection,Temps couvert,Deux véhicules - frontale,,,,,,,,,,,5,1,1,8.0,1
201300041993,0013-11-24 19:45:00,13,11,24,19,45,930,49,VICTOR HUGO (RUE) EGL ST,,,Nuit avec éclairage allumé,En agglomération,Intersection à plus de 4 branches,Normale,Deux véhicules - côté,,,,,,,,,,,5,2,5,1.0,3
201300041994,0013-12-08 18:50:00,13,12,8,18,50,930,50,ALOUETTES (RUE),,,Crépuscule ou aube,Hors agglomération,Hors intersection,Normale,Autre collision,,,,,,,,,,,2,1,1,1.0,6
201300041995,0013-12-14 10:00:00,13,12,14,10,0,930,49,MARECHAL FOCH (AVENUE) P,,,Plein jour,En agglomération,Intersection en X,Normale,Autre collision,,,,,,,,,,,1,2,2,1.0,6
201300041996,0013-12-19 16:10:00,13,12,19,16,10,930,50,LEON BLUM (AVENUE),,,Plein jour,En agglomération,Hors intersection,Normale,Autre collision,,,,,,,,,,,1,2,1,1.0,6