accident_id,datetime,annee,mois,jour,heure,minute,departement,commune_insee,adresse,latitude,longitude,luminosite,agglomeration,intersection,meteo,collision,nb_vehicules,nb_usagers,nb_indemnes,nb_tues,nb_blesses_hosp,nb_blesses_legers,age_cond_1,age_cond_2,veh_type_cond_1,veh_type_cond_2,lum_code,agg_code,int_code,atm_code,col_code
201300042515,0013-04-18 16:35:00,13,4,18,16,35,930,70,REPUBLIQUE (PL DE LA),,,Plein jour,En agglomération,Place,Normale,Sans collision,,,,,,,,,,,1,2,7,1.0,7
201300042516,0013-04-18 22:20:00,13,4,18,22,20,930,70,"30, DOCTEUR BAUER(RUE DU",,,Nuit avec éclairage allumé,En agglomération,Autre intersection,Normale,Autre collision,,,,,,,,,,,5,2,9,1.0,6
201300042517,0013-04-28 11:40:00,13,4,28,11,40,930,70,"124, MICHELET(AV):N?1AU",,,Plein jour,En agglomération,Hors intersection,Normale,Deux véhicules - côté,,,,,,,,,,,1,2,1,1.0,3
201300042518,0013-04-29 11:30:00,13,4,29,11,30,930,70,"43, GABRIEL-PERI (AV)",,,Plein jour,En agglomération,Hors intersection,Normale,Deux véhicules - frontale,,,,,,,,,,,1,2,1,1.0,1
201300042519,0013-03-21 23:45:00,13,3,21,23,45,930,70,"25, ENTREPOTS (RUE DES)",,,Nuit avec éclairage allumé,En agglomération,Hors intersection,Normale,Autre collision,,,,,,,,,,,5,2,1,1.0,6
201300042520,0013-05-05 15:00:00,13,5,5,15,0,930,70,"100, VICTOR-HUGO (BD)",,,Plein jour,En agglomération,Autre intersection,Normale,Deux véhicules - côté,,,,,,,,,,,1,2,9,1.0,3
201300042521,0013-05-25 17:50:00,13,5,25,17,50,930,70,86 GABRIEL-PERI (AV),,,Plein jour,En agglomération,Hors intersection,Normale,Deux véhicules - frontale,,,,,,,,,,,1,2,1,1.0,1
201300042522,0013-05-26 08:55:00,13,5,26,8,55,930,70,ROSIERS(DES) :N? 1 AU 59,,,Plein jour,En agglomération,Intersection en X,Normale,Deux véhicules - côté,,,,,,,,,,,1,2,2,1.0,3
201300042523,0013-06-14 15:45:00,13,6,14,15,45,930,70,DOCTEUR BAUER(RUE DU) :N,,,Plein jour,En agglomération,Hors intersection,Normale,Autre collision,,,,,,,,,,,1,2,1,1.0,6
201300042524,0013-06-07 00:10:00,13,6,7,0,10,930,70,"59, ALBERT-DHALENNE (RUE",,,Nuit avec éclairage allumé,En agglomération,Intersection en T,Normale,Deux véhicules - côté,,,,,,,,,,,5,2,3,1.0,3
201300042525,0013-06-08 20:15:00,13,6,8,20,15,930,70,"46, MATHIEU(RUE)",,,Plein jour,En agglomération,Hors intersection,Normale,Deux véhicules - côté,,,,,,,,,,,1,2,1,1.0,3
201300042526,0013-06-10 19:20:00,13,6,10,19,20,930,70,PIERRE(RUE),,,Plein jour,En agglomération,Intersection en T,Normale,Sans collision,,,,,,,,,,,1,2,3,1.0,7
201300042527,0013-06-16 12:40:00,13,6,16,12,40,930,70,"2, CAPITAINE GLARNER (PL",,,Plein jour,En agglomération,Hors intersection,Normale,Deux véhicules - côté,,,,,,,,,,,1,2,1,1.0,3
201300042528,0013-06-17 19:20:00,13,6,17,19,20,930,70,"06, JEAN-JAURES (BD)",,,Plein jour,En agglomération,Hors intersection,Normale,Autre collision,,,,,,,,,,,1,2,1,1.0,6
201300042529,0013-06-18 20:15:00,13,6,18,20,15,930,70,"61, MICHELET (AVE) : DU",,,Plein jour,En agglomération,Hors intersection,Normale,Deux véhicules - côté,,,,,,,,,,,1,2,1,1.0,3
201300042530,0013-06-19 19:35:00,13,6,19,19,35,930,70,"27, PAUL-BERT(RUE)",,,Plein jour,En agglomération,Intersection en X,Temps couvert,Deux véhicules - côté,,,,,,,,,,,1,2,2,8.0,3
201300042531,0013-06-01 01:30:00,13,6,1,1,30,930,70,GABRIEL-PERI (AV),,,Nuit avec éclairage allumé,En agglomération,Hors intersection,Normale,Deux véhicules - arrière,,,,,,,,,,,5,2,1,1.0,2
201300042532,0013-06-22 17:15:00,13,6,22,17,15,930,70,"17 bis, BACHELET (RUE AL",,,Plein jour,En agglomération,Hors intersection,Temps couvert,Deux véhicules - côté,,,,,,,,,,,1,2,1,8.0,3
201300042533,0013-06-26 21:20:00,13,6,26,21,20,930,70,REPUBLIQUE (PL DE LA),,,Plein jour,En agglomération,Place,Normale,Deux véhicules - côté,,,,,,,,,,,1,2,7,1.0,3
201300042534,0013-07-03 08:00:00,13,7,3,8,0,930,70,"139, MICHELET (AVE) : DU",,,Plein jour,En agglomération,Intersection en Y,Pluie légère,Sans collision,,,,,,,,,,,1,2,4,2.0,7
201300042535,0013-07-04 04:40:00,13,7,4,4,40,930,70,"13, GABRIEL-PERI (AV)",,,Nuit avec éclairage allumé,En agglomération,Hors intersection,Normale,Deux véhicules - arrière,,,,,,,,,,,5,2,1,1.0,2
201300042536,0013-07-06 13:40:00,13,7,6,13,40,930,70,1 PROFESSEUR-GOSSET,,,Plein jour,En agglomération,Hors intersection,Normale,Autre collision,,,,,,,,,,,1,2,1,1.0,6
201300042537,0013-07-10 02:00:00,13,7,10,2,0,930,70,"1, SEINE (QUAI DE)",,,Nuit avec éclairage non allumé,En agglomération,Hors intersection,Normale,Autre collision,,,,,,,,,,,4,2,1,1.0,6
201300042538,0013-07-12 09:30:00,13,7,12,9,30,930,70,"70, GABRIEL-PERI (AV)",,,Plein jour,En agglomération,Hors intersection,Normale,Deux véhicules - côté,,,,,,,,,,,1,2,1,1.0,3
201300042539,0013-07-15 19:10:00,13,7,15,19,10,930,70,"10, CAPITAINE-GLARNER (A",,,Plein jour,En agglomération,Hors intersection,Normale,Deux véhicules - côté,,,,,,,,,,,1,2,1,1.0,3
201300042540,0013-07-24 05:20:00,13,7,24,5,20,930,70,"36, SEINE (QUAI DE)",,,Crépuscule ou aube,En agglomération,Hors intersection,Temps couvert,Deux véhicules - frontale,,,,,,,,,,,2,2,1,8.0,1
201300042541,0013-07-26 10:05:00,13,7,26,10,5,930,70,"57, GABRIEL-PERI (AV)",,,Plein jour,En agglomération,Hors intersection,Pluie légère,Autre collision,,,,,,,,,,,1,2,1,2.0,6
201300042542,0013-08-01 17:00:00,13,8,1,17,0,930,70,"6, REPUBLIQUE (PL DE LA)",,,Plein jour,En agglomération,Intersection en Y,Normale,Deux véhicules - arrière,,,,,,,,,,,1,2,4,1.0,2
201300042543,0013-08-08 08:40:00,13,8,8,8,40,930,70,7 SAINT-DENIS(RUE),,,Plein jour,En agglomération,Hors intersection,Normale,Sans collision,,,,,,,,,,,1,2,1,1.0,7
201300042544,0013-07-25 00:05:00,13,7,25,0,5,930,70,GABRIEL-PERI (AV),,,Nuit sans éclairage public,En agglomération,Intersection en Y,Normale,Autre collision,,,,,,,,,,,3,2,4,1.0,6
201300042545,0013-08-16 15:05:00,13,8,16,15,5,930,70,"61, ADRIEN-LESESNE (RUE)",,,Plein jour,En agglomération,Intersection en T,Normale,Deux véhicules - côté,,,,,,,,,,,1,2,3,1.0,3
201300042546,0013-08-19 22:55:00,13,8,19,22,55,930,70,SEINE (QUAI DE),,,Nuit sans éclairage public,En agglomération,Hors intersection,Normale,Sans collision,,,,,,,,,,,3,2,1,1.0,7
201300042547,0013-09-02 16:00:00,13,9,2,16,0,930,70,"01, ALBERT-DHALENNE (RUE",,,Plein jour,En agglomération,Hors intersection,Normale,Deux véhicules - côté,,,,,,,,,,,1,2,1,1.0,3
201300042548,0013-09-03 20:30:00,13,9,3,20,30,930,70,"92, DOCTEUR BAUER(RUE DU",,,Plein jour,En agglomération,Hors intersection,Normale,Autre collision,,,,,,,,,,,1,2,1,1.0,6
201300042549,0013-09-04 09:00:00,13,9,4,9,0,930,70,75 GABRIEL-PERI (AV),,,Plein jour,En agglomération,Hors intersection,Normale,Sans collision,,,,,,,,,,,1,2,1,1.0,7
201300042550,0013-09-10 22:35:00,13,9,10,22,35,930,70,"144, GABRIEL-PERI (AV)",,,Nuit avec éclairage allumé,En agglomération,Hors intersection,Normale,Deux véhicules - côté,,,,,,,,,,,5,2,1,1.0,3
201300042551,0013-09-12 17:25:00,13,9,12,17,25,930,70,GABRIEL-PERI (AV),,,Plein jour,En agglomération,Intersection en T,Pluie légère,Deux véhicules - arrière,,,,,,,,,,,1,2,3,2.0,2
201300042552,0013-09-15 23:00:00,13,9,15,23,0,930,70,DULCIE SEPTEMBER (RUE),,,Nuit avec éclairage allumé,En agglomération,Intersection en X,Pluie légère,Autre collision,,,,,,,,,,,5,2,2,2.0,6
201300042553,0013-09-16 15:30:00,13,9,16,15,30,930,70,"81, ALBERT-DHALENNE (RUE",,,Plein jour,En agglomération,Hors intersection,Pluie légère,Deux véhicules - côté,,,,,,,,,,,1,2,1,2.0,3
201300042554,0013-09-17 12:30:00,13,9,17,12,30,930,70,"89, VICTOR-HUGO (BD)",,,Plein jour,En agglomération,Intersection en X,Normale,Deux véhicules - côté,,,,,,,,,,,1,2,2,1.0,3
201300042555,0013-09-20 16:50:00,13,9,20,16,50,930,70,"15, GABRIEL-PERI (AV)",,,Plein jour,En agglomération,Hors intersection,Normale,Autre collision,,,,,,,,,,,1,2,1,1.0,6
201300042556,0013-10-02 15:10:00,13,10,2,15,10,930,70,VICTOR-HUGO (BD),,,Plein jour,En agglomération,Hors intersection,Normale,Deux véhicules - côté,,,,,,,,,,,1,2,1,1.0,3
201300042557,0013-10-03 12:20:00,13,10,3,12,20,930,70,"80, ROSIERS(DES) : APRES",,,Plein jour,En agglomération,Hors intersection,Normale,Autre collision,,,,,,,,,,,1,2,1,1.0,6
201300042558,0013-10-03 15:50:00,13,10,3,15,50,930,70,VICTOR-HUGO (BD),,,Plein jour,En agglomération,Hors intersection,Normale,Autre collision,,,,,,,,,,,1,2,1,1.0,6
201300042559,0013-10-10 07:55:00,13,10,10,7,55,930,70,CAPITAINE-GLARNER (AV),,,Crépuscule ou aube,En agglomération,Hors intersection,Normale,Trois véhicules et plus - collisions multiples,,,,,,,,,,,2,2,1,1.0,5
201300042560,0013-10-15 18:00:00,13,10,15,18,0,930,70,ALBERT-DHALENNE (RUE),,,Plein jour,En agglomération,Intersection en X,Normale,Deux véhicules - frontale,,,,,,,,,,,1,2,2,1.0,1
201300042561,0013-10-03 22:30:00,13,10,3,22,30,930,70,SAINT-DENIS(RUE),,,Nuit avec éclairage allumé,En agglomération,Intersection en X,Pluie légère,Deux véhicules - frontale,,,,,,,,,,,5,2,2,2.0,1
201300042562,0013-10-15 16:33:00,13,10,15,16,33,930,70,"42, KLEBER(RUE)",,,Plein jour,En agglomération,Hors intersection,Normale,Autre collision,,,,,,,,,,,1,2,1,1.0,6
201300042563,0013-11-05 07:55:00,13,11,5,7,55,930,70,MICHELET(AV):N?1AU 103,,,Plein jour,En agglomération,Intersection en T,Pluie légère,Deux véhicules - côté,,,,,,,,,,,1,2,3,2.0,3
201300042564,0013-11-05 10:20:00,13,11,5,10,20,930,70,"9, MICHELET (AVE) : DU 1",,,Plein jour,En agglomération,Hors intersection,Pluie légère,Deux véhicules - côté,,,,,,,,,,,1,2,1,2.0,3
201300042565,0013-11-05 16:50:00,13,11,5,16,50,930,70,BERT (RUE PAUL),,,Crépuscule ou aube,En agglomération,Intersection en X,Pluie légère,Autre collision,,,,,,,,,,,2,2,2,2.0,6
201300042566,0013-11-08 11:35:00,13,11,8,11,35,930,70,"10, FRUCTIDOR(RUE)",,,Plein jour,En agglomération,Hors intersection,Pluie légère,Deux véhicules - côté,,,,,,,,,,,1,2,1,2.0,3
201300042567,0013-11-13 19:35:00,13,11,13,19,35,930,70,JEAN-JAURES (BD),,,Nuit avec éclairage non allumé,En agglomération,Hors intersection,Normale,Autre collision,,,,,,,,,,,4,2,1,1.0,6
201300042568,0013-11-14 11:40:00,13,11,14,11,40,930,70,"94, VICTOR-HUGO (BD)",,,Plein jour,En agglomération,Hors intersection,Pluie légère,Deux véhicules - arrière,,,,,,,,,,,1,2,1,2.0,2
201300042569,0013-11-20 18:00:00,13,11,20,18,0,930,70,"16, GABRIEL-PERI (AV)",,,Nuit avec éclairage allumé,En agglomération,Hors intersection,Pluie forte,Autre collision,,,,,,,,,,,5,2,1,3.0,6
201300042570,0013-11-20 18:00:00,13,11,20,18,0,930,70,"1, SAINT-DENIS(RUE)",,,Nuit avec éclairage allumé,En agglomération,Hors intersection,Pluie légère,Sans collision,,,,,,,,,,,5,2,1,2.0,7
201300042571,0013-11-20 18:10:00,13,11,20,18,10,930,70,"136, GABRIEL-PERI (AV)",,,Nuit avec éclairage non allumé,En agglomération,Hors intersection,Pluie forte,Autre collision,,,,,,,,,,,4,2,1,3.0,6
201300042572,0013-11-20 21:15:00,13,11,20,21,15,930,70,"116, GABRIEL-PERI (AV)",,,Nuit avec éclairage allumé,En agglomération,Intersection en Y,Pluie légère,Autre collision,,,,,,,,,,,5,2,4,2.0,6
201300042573,0013-11-22 22:30:00,13,11,22,22,30,930,70,"1, MICHELET (AVE) : DU 1",,,Nuit avec éclairage allumé,En agglomération,Intersection en X,Normale,Deux véhicules - côté,,,,,,,,,,,5,2,2,1.0,3
201300042574,0013-11-24 19:30:00,13,11,24,19,30,930,70,"127, VICTOR-HUGO (BD)",,,Nuit avec éclairage allumé,En agglomération,Hors intersection,Normale,Deux véhicules - côté,,,,,,,,,,,5,2,1,1.0,3
201300042575,0013-11-28 08:50:00,13,11,28,8,50,930,70,"89, ARDOIN(RUE)",,,Plein jour,En agglomération,Hors intersection,Normale,Deux véhicules - côté,,,,,,,,,,,1,2,1,1.0,3
201300042576,0013-11-29 18:25:00,13,11,29,18,25,930,70,"66, JEAN-JAURES (BD)",,,Nuit avec éclairage allumé,En agglomération,Hors intersection,Pluie légère,Autre collision,,,,,,,,,,,5,2,1,2.0,6
201300042577,0013-12-15 15:45:00,13,12,15,15,45,930,70,VICTOR-HUGO (BD),,,Plein jour,En agglomération,Hors intersection,Temps éblouissant,Deux véhicules - côté,,,,,,,,,,,1,2,1,7.0,3
201300042578,0013-12-17 18:50:00,13,12,17,18,50,930,70,32 GODILLOT(RUE),,,Crépuscule ou aube,En agglomération,Hors intersection,Normale,Autre collision,,,,,,,,,,,2,2,1,1.0,6
201300042579,0013-12-18 13:45:00,13,12,18,13,45,930,70,SEINE (QUAI DE),,,Plein jour,En agglomération,Hors intersection,Normale,Deux véhicules - côté,,,,,,,,,,,1,2,1,1.0,3
201300042580,0013-12-18 19:00:00,13,12,18,19,0,930,70,"61, MICHELET(AV):N?1AU 1",,,Crépuscule ou aube,En agglomération,Hors intersection,Normale,Deux véhicules - côté,,,,,,,,,,,2,2,1,1.0,3
201300042581,0013-12-19 09:10:00,13,12,19,9,10,930,70,SAINT-DENIS(RUE),,,Plein jour,En agglomération,Hors intersection,Normale,Autre collision,,,,,,,,,,,1,2,1,1.0,6
201300042582,0013-12-19 13:00:00,13,12,19,13,0,930,70,"1, VICTOR-HUGO (BD)",,,Plein jour,En agglomération,Intersection en T,Pluie légère,Deux véhicules - côté,,,,,,,,,,,1,2,3,2.0,3
201300042583,0013-12-19 19:30:00,13,12,19,19,30,930,70,"45, MICHELET (AVE) : DU",,,Nuit avec éclairage allumé,En agglomération,Hors intersection,Normale,Deux véhicules - côté,,,,,,,,,,,5,2,1,1.0,3
201300042584,0013-12-29 20:15:00,13,12,29,20,15,930,70,"45, DEBAIN(RUE)",,,Nuit avec éclairage allumé,En agglomération,Hors intersection,Normale,Autre collision,,,,,,,,,,,5,2,1,1.0,6
201300042585,0013-12-30 20:25:00,13,12,30,20,25,930,70,JEAN-JAURES (BD),,,Nuit avec éclairage allumé,En agglomération,Intersection en X,Pluie légère,Deux véhicules - côté,,,,,,,,,,,5,2,2,2.0,3
201300042586,0013-04-06 17:20:00,13,4,6,17,20,930,71,68 AULNAY (RUE D'),,,Plein jour,En agglomération,Hors intersection,Normale,Deux véhicules - côté,,,,,,,,,,,1,2,1,1.0,3
201300042587,0013-04-26 15:05:00,13,4,26,15,5,930,71,JEAN MOULIN (AVENUE),,,Plein jour,En agglomération,Hors intersection,Normale,Sans collision,,,,,,,,,,,1,2,1,1.0,7
201300042588,0013-01-27 17:00:00,13,1,27,17,0,930,5,RAOUL DUFY (AVENUE),,,Plein jour,En agglomération,Hors intersection,Pluie légère,Trois véhicules et plus - en chaîne,,,,,,,,,,,1,2,1,2.0,4
201300042589,0013-02-09 22:15:00,13,2,9,22,15,930,5,GENERAL DE GAULLE (PLACE,,,Nuit avec éclairage allumé,En agglomération,Hors intersection,Normale,Autre collision,,,,,,,,,,,5,2,1,1.0,6
201300042590,0013-02-15 14:30:00,13,2,15,14,30,930,5,"04, JULIEN MIRA (RUE)",,,Plein jour,En agglomération,Hors intersection,Normale,Autre collision,,,,,,,,,,,1,2,1,1.0,6
201300042591,0013-02-17 17:30:00,13,2,17,17,30,930,5,GENERAL GALLIENI (BOULEV,,,Plein jour,En agglomération,Hors intersection,Normale,Deux véhicules - côté,,,,,,,,,,,1,2,1,1.0,3
201300042592,0013-06-16 16:30:00,13,6,16,16,30,930,71,"2, LEON JOUHAUX (AVENUE)",,,Plein jour,En agglomération,Hors intersection,Normale,Autre collision,,,,,,,,,,,1,2,1,1.0,6
201300042593,0013-06-21 18:00:00,13,6,21,18,0,930,71,86 LIVRY (AVENUE DE),,,Plein jour,En agglomération,Intersection en T,Normale,Deux véhicules - côté,,,,,,,,,,,1,2,3,1.0,3
201300042594,0013-07-12 14:50:00,13,7,12,14,50,930,71,HENRI BARBUSSE (AVENUE),,,Plein jour,En agglomération,Hors intersection,Normale,Deux véhicules - frontale,,,,,,,,,,,1,2,1,1.0,1
201300042595,0013-07-17 21:50:00,13,7,17,21,50,930,71,1 SALVADOR ALLENDE (AVE,,,Plein jour,En agglomération,Intersection en T,Normale,Autre collision,,,,,,,,,,,1,2,3,1.0,6
201300042596,0013-07-26 02:55:00,13,7,26,2,55,930,71,19 MARS 1962 (CARREFOUR,,,Nuit avec éclairage allumé,En agglomération,Intersection en X,Normale,Deux véhicules - côté,,,,,,,,,,,5,2,2,1.0,3
201300042597,0013-07-27 13:00:00,13,7,27,13,0,930,71,MARCHE (AVENUE DU),,,Plein jour,En agglomération,Hors intersection,Normale,Autre collision,,,,,,,,,,,1,2,1,1.0,6
201300042598,0013-05-18 21:00:00,13,5,18,21,0,930,5,CHARLES GOUPPY (RUE),,,Nuit avec éclairage allumé,En agglomération,Hors intersection,Pluie légère,Autre collision,,,,,,,,,,,5,2,1,2.0,6
201300042599,0013-11-08 17:20:00,13,11,8,17,20,930,71,"0, AULNAY (RUE D')",,,Crépuscule ou aube,En agglomération,Hors intersection,Pluie légère,Deux véhicules - côté,,,,,,,,,,,2,2,1,2.0,3
201300042600,0013-11-17 22:15:00,13,11,17,22,15,930,71,0 HOCHE (AVENUE),,,Nuit avec éclairage allumé,En agglomération,Hors intersection,Normale,Autre collision,,,,,,,,,,,5,2,1,1.0,6
201300042601,0013-12-24 11:10:00,13,12,24,11,10,930,71,"0, LIVRY (AVENUE DE)",,,Plein jour,En agglomération,Intersection en T,Pluie forte,Deux véhicules - côté,,,,,,,,,,,1,2,3,3.0,3
201300042602,0013-06-01 16:35:00,13,6,1,16,35,930,5,AUGUSTE RENOIR (RUE),,,Plein jour,En agglomération,Intersection en X,Normale,Deux véhicules - côté,,,,,,,,,,,1,2,2,1.0,3
201300042603,0013-06-12 19:00:00,13,6,12,19,0,930,5,EDGAR DEGAS (RUE),,,Plein jour,En agglomération,Hors intersection,Normale,Deux véhicules - côté,,,,,,,,,,,1,2,1,1.0,3
201300042604,0013-06-22 14:50:00,13,6,22,14,50,930,5,"16, STRASBOURG (BOULEVAR",,,Plein jour,En agglomération,Intersection en X,Normale,Deux véhicules - côté,,,,,,,,,,,1,2,2,1.0,3
201300042605,0013-06-25 08:25:00,13,6,25,8,25,930,5,DIDEROT (RUE),,,Plein jour,En agglomération,Intersection en X,Normale,Deux véhicules - côté,,,,,,,,,,,1,2,2,1.0,3
201300042606,0013-07-01 08:35:00,13,7,1,8,35,930,5,SUZANNE LENGLEN (AVENUE),,,Plein jour,En agglomération,Hors intersection,Normale,Deux véhicules - côté,,,,,,,,,,,1,2,1,1.0,3
201300042607,0013-07-01 18:30:00,13,7,1,18,30,930,5,", BLAISE PASCAL (RUE)",,,Plein jour,En agglomération,Hors intersection,Normale,Sans collision,,,,,,,,,,,1,2,1,1.0,7
201300042608,0013-07-08 15:00:00,13,7,8,15,0,930,5,EUROPE (CARREFOUR DE L'),,,Plein jour,En agglomération,Hors intersection,Normale,Deux véhicules - côté,,,,,,,,,,,1,2,1,1.0,3
201300042609,0013-07-10 19:28:00,13,7,10,19,28,930,5,CHARLES DE GAULLE [CD115,,,Plein jour,En agglomération,Intersection en X,Normale,Deux véhicules - côté,,,,,,,,,,,1,2,2,1.0,3
201300042610,0013-07-12 16:00:00,13,7,12,16,0,930,5,MARC CHAGALL (BOULEVARD),,,Plein jour,En agglomération,Hors intersection,Normale,Autre collision,,,,,,,,,,,1,2,1,1.0,6
201300042611,0013-07-20 05:25:00,13,7,20,5,25,930,5,EDGAR DEGAS (MAIRIE),,,Crépuscule ou aube,En agglomération,Intersection en X,Normale,Deux véhicules - côté,,,,,,,,,,,2,2,2,1.0,3
201300042612,0013-07-26 01:00:00,13,7,26,1,0,930,5,ANDRE CITROEN (BOULEVARD,,,Nuit avec éclairage allumé,En agglomération,Hors intersection,Normale,Sans collision,,,,,,,,,,,5,2,1,1.0,7
201300042613,0013-07-29 22:35:00,13,7,29,22,35,930,5,PAUL CEZANNE (RUE),,,Nuit avec éclairage allumé,En agglomération,Giratoire,Autre,Trois véhicules et plus - en chaîne,,,,,,,,,,,5,2,6,9.0,4
201300042614,0013-08-01 16:55:00,13,8,1,16,55,930,5,ROBERT SCHUMAN (CARREFOU,,,Plein jour,En agglomération,Giratoire,Normale,Deux véhicules - côté,,,,,,,,,,,1,2,6,1.0,3
201300042615,0013-08-08 10:40:00,13,8,8,10,40,930,5,JEAN MARIE ROUS (ALLEE),,,Plein jour,En agglomération,Intersection en T,Normale,Autre collision,,,,,,,,,,,1,2,3,1.0,6
201300042616,0013-08-19 18:04:00,13,8,19,18,4,930,5,PAUL CEZANNE (RUE),,,Plein jour,Hors agglomération,Intersection en X,Normale,Deux véhicules - frontale,,,,,,,,,,,1,1,2,1.0,1
201300042617,0013-08-20 13:15:00,13,8,20,13,15,930,5,PAUL CEZANNE (RUE),,,Plein jour,En agglomération,Hors intersection,Normale,Deux véhicules - frontale,,,,,,,,,,,1,2,1,1.0,1
201300042618,0013-05-29 10:00:00,13,5,29,10,0,930,71,Che de savigny,,,Plein jour,En agglomération,Hors intersection,,Autre collision,,,,,,,,,,,1,2,1,,6
201300042619,0013-01-09 19:40:00,13,1,9,19,40,930,72,"1, PAUL VAILLANT COUTURI",,,Nuit avec éclairage allumé,En agglomération,Hors intersection,Pluie forte,Autre collision,,,,,,,,,,,5,2,1,3.0,6
201300042620,0013-12-10 09:50:00,13,12,10,9,50,930,72,"00, MAXIME GORKI (BOULEV",,,Plein jour,En agglomération,Hors intersection,Normale,Autre collision,,,,,,,,,,,1,2,1,1.0,6
201300042621,0013-01-11 17:15:00,13,1,11,17,15,930,59,"00, JULES CHATENAY (RUE)",,,Plein jour,En agglomération,Hors intersection,Normale,Autre collision,,,,,,,,,,,1,2,1,1.0,6
201300042622,0013-12-01 20:00:00,13,12,1,20,0,930,72,"00, MARCEL CACHIN (AVENU",,,Nuit avec éclairage allumé,En agglomération,Hors intersection,Normale,Deux véhicules - arrière,,,,,,,,,,,5,2,1,1.0,2
201300042623,0013-01-28 12:00:00,13,1,28,12,0,930,59,"00, NUNGESSER ET COLI (A",,,Plein jour,En agglomération,Intersection en T,Normale,Autre collision,,,,,,,,,,,1,2,3,1.0,6
201300042624,0013-01-14 15:05:00,13,1,14,15,5,930,72,"47, MARCEL CACHIN (AVENU",,,Plein jour,En agglomération,Hors intersection,Normale,Trois véhicules et plus - en chaîne,,,,,,,,,,,1,2,1,1.0,4
201300042625,0013-05-06 00:55:00,13,5,6,0,55,930,72,"00, JEAN JAURES (iMPASSE",,,Nuit avec éclairage allumé,En agglomération,Hors intersection,Normale,Sans collision,,,,,,,,,,,5,2,1,1.0,7
201300042626,0013-05-03 19:45:00,13,5,3,19,45,930,59,"24, PARIS (RUE DE)",,,Plein jour,En agglomération,Hors intersection,Normale,Autre collision,,,,,,,,,,,1,2,1,1.0,6
201300042627,0013-05-29 17:50:00,13,5,29,17,50,930,72,"0, STALINGRAD (AVENUE DE",,,Plein jour,En agglomération,Autre intersection,Normale,Autre collision,,,,,,,,,,,1,2,9,1.0,6
201300042628,0013-06-21 08:50:00,13,6,21,8,50,930,59,"41, CHARLES DE GAULLE (B",,,Plein jour,En agglomération,Intersection en X,Pluie légère,Deux véhicules - côté,,,,,,,,,,,1,2,2,2.0,3
201300042629,0013-06-22 18:00:00,13,6,22,18,0,930,72,"0, LOUIS BORDES (RUE)",,,Plein jour,En agglomération,Intersection en X,Normale,Autre collision,,,,,,,,,,,1,2,2,1.0,6
201300042630,0013-05-24 17:10:00,13,5,24,17,10,930,59,"0, LEDRU ROLLIN (AVENUE)",,,Plein jour,En agglomération,Hors intersection,Temps couvert,Autre collision,,,,,,,,,,,1,2,1,8.0,6
201300042631,0013-06-19 17:00:00,13,6,19,17,0,930,72,"0, CHARLES PEGUY (RUE)",,,Plein jour,En agglomération,Hors intersection,Normale,Sans collision,,,,,,,,,,,1,2,1,1.0,7
201300042632,0013-07-22 20:50:00,13,7,22,20,50,930,72,"0, FRANCOIS BEGUE (AVENU",,,Nuit avec éclairage allumé,En agglomération,Hors intersection,Normale,Autre collision,,,,,,,,,,,5,2,1,1.0,6
201300042633,0013-09-19 08:40:00,13,9,19,8,40,930,59,"171, ELYSEE RECLUS (AVEN",,,Plein jour,En agglomération,Intersection en X,Normale,Trois véhicules et plus - collisions multiples,,,,,,,,,,,1,2,2,1.0,5
201300042634,0013-09-11 18:00:00,13,9,11,18,0,930,72,"0, STALINGRAD (AVENUE DE",,,Plein jour,En agglomération,Hors intersection,Normale,Autre collision,,,,,,,,,,,1,2,1,1.0,6
201300042635,0013-10-04 07:55:00,13,10,4,7,55,930,72,"80, MAXIME GORKI (BOULEV",,,Plein jour,En agglomération,Hors intersection,Normale,Autre collision,,,,,,,,,,,1,2,1,1.0,6
201300042636,0013-10-23 20:50:00,13,10,23,20,50,930,72,"33, MARCEL CACHIN (AVENU",,,Nuit avec éclairage allumé,En agglomération,Hors intersection,Normale,Autre collision,,,,,,,,,,,5,2,1,1.0,6
201300042637,0013-10-18 16:30:00,13,10,18,16,30,930,72,"0, LOUIS BORDES (RUE)",,,Plein jour,En agglomération,Hors intersection,Normale,Autre collision,,,,,,,,,,,1,2,1,1.0,6
201300042638,0013-11-08 11:20:00,13,11,8,11,20,930,72,"0, STALINGRAD (AVENUE DE",,,Plein jour,En agglomération,Hors intersection,Pluie légère,Deux véhicules - arrière,,,,,,,,,,,1,2,1,2.0,2
201300042639,0013-11-08 18:05:00,13,11,8,18,5,930,59,"00, LENINE (AVENUE) N?36",,,Nuit avec éclairage allumé,En agglomération,Hors intersection,Temps couvert,Deux véhicules - côté,,,,,,,,,,,5,2,1,8.0,3
201300042640,0013-11-29 08:00:00,13,11,29,8,0,930,59,"00, LAENNEC (AVENUE)",,,Plein jour,En agglomération,Intersection en Y,Temps couvert,Deux véhicules - côté,,,,,,,,,,,1,2,4,8.0,3
201300042641,0013-12-25 07:00:00,13,12,25,7,0,930,72,"00, ARISTIDE BRIAND (AVE",,,Nuit avec éclairage allumé,En agglomération,Hors intersection,Normale,Deux véhicules - arrière,,,,,,,,,,,5,2,1,1.0,2
201300042642,0013-12-29 13:30:00,13,12,29,13,30,930,72,"7, STALINGRAD (AVENUE DE",,,Plein jour,En agglomération,Hors intersection,Normale,Autre collision,,,,,,,,,,,1,2,1,1.0,6
201300042643,0013-02-21 15:10:00,13,2,21,15,10,930,59,"0, MARRONNIERS (ALLEE)",,,Plein jour,En agglomération,Hors intersection,Normale,Autre collision,,,,,,,,,,,1,2,1,1.0,6