accident_id,datetime,annee,mois,jour,heure,minute,departement,commune_insee,adresse,latitude,longitude,luminosite,agglomeration,intersection,meteo,collision,nb_vehicules,nb_usagers,nb_indemnes,nb_tues,nb_blesses_hosp,nb_blesses_legers,age_cond_1,age_cond_2,veh_type_cond_1,veh_type_cond_2,lum_code,agg_code,int_code,atm_code,col_code
201300042644,0013-03-29 10:20:00,13,3,29,10,20,930,72,"00, MAXIME GORKI (BOULEV",,,Plein jour,En agglomération,Hors intersection,Normale,Deux véhicules - côté,,,,,,,,,,,1,2,1,1.0,3
201300042645,0013-04-15 15:00:00,13,4,15,15,0,930,72,"80, MAXIME GORKI (BOULEV",,,Plein jour,En agglomération,Passage à niveau,Normale,Deux véhicules - côté,,,,,,,,,,,1,2,8,1.0,3
201300042646,0013-04-19 10:20:00,13,4,19,10,20,930,72,"15, ARISTIDE BRIAND (AVE",,,Plein jour,En agglomération,Intersection en T,Normale,Deux véhicules - côté,,,,,,,,,,,1,2,3,1.0,3
201300042647,0013-11-19 13:10:00,13,11,19,13,10,930,59,"0, NUNGESSER ET COLI (AV",,,Plein jour,En agglomération,Hors intersection,Normale,Autre collision,,,,,,,,,,,1,2,1,1.0,6
201300042648,0013-05-05 17:45:00,13,5,5,17,45,930,72,"1, LOUIS BORDES (RUE)",,,Plein jour,En agglomération,Hors intersection,Normale,Autre collision,,,,,,,,,,,1,2,1,1.0,6
201300042649,0013-07-24 15:55:00,13,7,24,15,55,930,59,"0, CHARLES DE GAULLE (BO",,,Plein jour,En agglomération,Hors intersection,Normale,Deux véhicules - côté,,,,,,,,,,,1,2,1,1.0,3
201300042650,0013-07-04 17:30:00,13,7,4,17,30,930,72,"0, LOUIS BORDES (RUE)",,,Plein jour,En agglomération,Hors intersection,Normale,Autre collision,,,,,,,,,,,1,2,1,1.0,6
201300042651,0013-07-13 20:40:00,13,7,13,20,40,930,72,"0, NELSON MANDELA (AVENU",,,Plein jour,En agglomération,Intersection en X,Normale,Deux véhicules - côté,,,,,,,,,,,1,2,2,1.0,3
201300042652,0013-10-23 22:30:00,13,10,23,22,30,930,72,"26, PIERRE DE GEYTER (RU",,,Nuit avec éclairage allumé,En agglomération,Intersection en X,Normale,Deux véhicules - côté,,,,,,,,,,,5,2,2,1.0,3
201300042653,0013-07-28 15:20:00,13,7,28,15,20,930,59,"0, ALBERT FRANCON (RUE)",,,Plein jour,En agglomération,Intersection en T,Normale,Deux véhicules - côté,,,,,,,,,,,1,2,3,1.0,3
201300042654,0013-10-24 15:05:00,13,10,24,15,5,930,72,"0, MAXIME GORKI (BOULEVA",,,Plein jour,En agglomération,Hors intersection,Normale,Deux véhicules - côté,,,,,,,,,,,1,2,1,1.0,3
201300042655,0013-11-11 16:20:00,13,11,11,16,20,930,72,"0, MAXIME GORKI (BOULEVA",,,Plein jour,En agglomération,Intersection en X,Normale,Autre collision,,,,,,,,,,,1,2,2,1.0,6
201300042656,0013-10-22 22:45:00,13,10,22,22,45,930,59,"0, LENINE (AVENUE) N?2A3",,,Nuit sans éclairage public,En agglomération,Intersection en X,Normale,Deux véhicules - côté,,,,,,,,,,,3,2,2,1.0,3
201300042657,0013-11-21 19:00:00,13,11,21,19,0,930,72,"0, MARCEL CACHIN (AVENUE",,,Crépuscule ou aube,En agglomération,Intersection en Y,Temps couvert,Deux véhicules - arrière,,,,,,,,,,,2,2,4,8.0,2
201300042658,0013-01-31 14:40:00,13,1,31,14,40,930,78,CLEMENCEAU (AVENUE GEORG,,,Plein jour,En agglomération,Hors intersection,Normale,Deux véhicules - côté,,,,,,,,,,,1,2,1,1.0,3
201300042659,0013-02-01 09:30:00,13,2,1,9,30,930,73,SARRAULT (AVENUE ALBERT),,,Plein jour,En agglomération,Intersection en T,Pluie légère,Deux véhicules - côté,,,,,,,,,,,1,2,3,2.0,3
201300042660,0013-02-04 07:15:00,13,2,4,7,15,930,73,RESISTANCE (RUE DE LA),,,Nuit sans éclairage public,En agglomération,Hors intersection,Normale,Autre collision,,,,,,,,,,,3,2,1,1.0,6
201300042661,0013-02-06 09:40:00,13,2,6,9,40,930,78,CLEMENCEAU (AVENUE GEORG,,,Plein jour,En agglomération,Giratoire,Pluie légère,Autre collision,,,,,,,,,,,1,2,6,2.0,6
201300042662,0013-02-06 12:50:00,13,2,6,12,50,930,78,BEREGOVOY (AVENUE),,,Plein jour,En agglomération,Intersection en X,Normale,Deux véhicules - côté,,,,,,,,,,,1,2,2,1.0,3
201300042663,0013-02-14 07:10:00,13,2,14,7,10,930,78,VAUBAN (AVENUE),,,Crépuscule ou aube,En agglomération,Hors intersection,Pluie légère,Deux véhicules - arrière,,,,,,,,,,,2,2,1,2.0,2
201300042664,0013-02-18 09:20:00,13,2,18,9,20,930,73,VACHES (CHEMIN DES),,,Plein jour,En agglomération,Hors intersection,Normale,Sans collision,,,,,,,,,,,1,2,1,1.0,7
201300042665,0013-02-20 07:40:00,13,2,20,7,40,930,78,VAUBAN (AVENUE),,,Plein jour,Hors agglomération,Giratoire,Normale,Autre collision,,,,,,,,,,,1,1,6,1.0,6
201300042666,0013-02-21 07:50:00,13,2,21,7,50,930,78,DE GAULLE (AVENUE CHARLE,,,Plein jour,En agglomération,Intersection en T,Normale,Deux véhicules - côté,,,,,,,,,,,1,2,3,1.0,3
201300042667,0013-04-05 08:30:00,13,4,5,8,30,930,78,PONT DES MARAIS (CHEMIN,,,Plein jour,En agglomération,Intersection en T,Pluie légère,Autre collision,,,,,,,,,,,1,2,3,2.0,6
201300042668,0013-04-05 10:10:00,13,4,5,10,10,930,73,BERGER (RUE GILBERT),,,Plein jour,En agglomération,Hors intersection,Normale,Autre collision,,,,,,,,,,,1,2,1,1.0,6
201300042669,0013-04-07 18:10:00,13,4,7,18,10,930,78,SAUSSET (AVENUE DU),,,Plein jour,En agglomération,Giratoire,Normale,Deux véhicules - côté,,,,,,,,,,,1,2,6,1.0,3
201300042670,0013-04-07 18:25:00,13,4,7,18,25,930,73,PETITS PONTS (ROUTE DES),,,Plein jour,En agglomération,Intersection en X,Normale,Deux véhicules - côté,,,,,,,,,,,1,2,2,1.0,3
201300042671,0013-04-14 17:55:00,13,4,14,17,55,930,73,ARGONNE (RUE D'),,,Plein jour,En agglomération,Intersection en X,Normale,Deux véhicules - côté,,,,,,,,,,,1,2,2,1.0,3
201300042672,0013-05-03 13:20:00,13,5,3,13,20,930,73,"23, ROISSY (ROUTE DE)",,,Plein jour,En agglomération,Hors intersection,Normale,Deux véhicules - frontale,,,,,,,,,,,1,2,1,1.0,1
201300042673,0013-05-05 19:30:00,13,5,5,19,30,930,73,"84, ALSACE (RUE D')",,,Plein jour,En agglomération,Hors intersection,Normale,Autre collision,,,,,,,,,,,1,2,1,1.0,6
201300042674,0013-05-09 13:00:00,13,5,9,13,0,930,78,REPUBLIQUE (aVENUE DE-LA,,,Plein jour,En agglomération,Hors intersection,Normale,Autre collision,,,,,,,,,,,1,2,1,1.0,6
201300042675,0013-05-10 01:35:00,13,5,10,1,35,930,78,DELATTRE DE TASSIGNY (AV,,,Nuit avec éclairage allumé,En agglomération,Hors intersection,Normale,Deux véhicules - frontale,,,,,,,,,,,5,2,1,1.0,1
201300042676,0013-05-13 18:05:00,13,5,13,18,5,930,78,CHEMIN DEPARTEMENTAL,,,Plein jour,En agglomération,Hors intersection,Normale,Deux véhicules - côté,,,,,,,,,,,1,2,1,1.0,3
201300042677,0013-05-15 07:00:00,13,5,15,7,0,930,78,CHEMIN DEPARTEMENTAL,,,Plein jour,En agglomération,Hors intersection,Pluie légère,Trois véhicules et plus - en chaîne,,,,,,,,,,,1,2,1,2.0,4
201300042678,0013-06-04 13:00:00,13,6,4,13,0,930,78,"239, BALLANGER (BD ROBER",,,Plein jour,En agglomération,Hors intersection,Normale,Autre collision,,,,,,,,,,,1,2,1,1.0,6
201300042679,0013-06-14 18:50:00,13,6,14,18,50,930,78,EUROPE (AVENUE DE L'),,,Plein jour,En agglomération,Hors intersection,Normale,Sans collision,,,,,,,,,,,1,2,1,1.0,7
201300042680,0013-06-15 15:30:00,13,6,15,15,30,930,78,DE GAULLE (AVENUE CHARLE,,,Plein jour,En agglomération,Intersection en T,Normale,Autre collision,,,,,,,,,,,1,2,3,1.0,6
201300042681,0013-06-20 15:45:00,13,6,20,15,45,930,73,PAIX (AVENUE DE LA),,,Plein jour,En agglomération,Hors intersection,Normale,Deux véhicules - frontale,,,,,,,,,,,1,2,1,1.0,1
201300042682,0013-06-22 14:30:00,13,6,22,14,30,930,78,", PARC EXPO",,,Plein jour,Hors agglomération,Hors intersection,Pluie légère,Autre collision,,,,,,,,,,,1,1,1,2.0,6
201300042683,0013-06-27 18:05:00,13,6,27,18,5,930,73,BERGER (RUE GILBERT),,,Plein jour,En agglomération,Hors intersection,Normale,Autre collision,,,,,,,,,,,1,2,1,1.0,6
201300042684,0013-06-21 17:55:00,13,6,21,17,55,930,78,PREVERT (RUE JACQUES),,,Plein jour,En agglomération,Intersection en T,Normale,Deux véhicules - côté,,,,,,,,,,,1,2,3,1.0,3
201300042685,0013-06-30 20:00:00,13,6,30,20,0,930,78,BALLANGER (BD ROBERT),,,Plein jour,En agglomération,Giratoire,Normale,Deux véhicules - côté,,,,,,,,,,,1,2,6,1.0,3
201300042686,0013-07-06 15:30:00,13,7,6,15,30,930,78,VAUBAN (AVENUE),,,Plein jour,En agglomération,Hors intersection,Normale,Deux véhicules - frontale,,,,,,,,,,,1,2,1,1.0,1
201300042687,0013-07-06 15:25:00,13,7,6,15,25,930,78,NATIONS (AVENUE DES),,,Plein jour,Hors agglomération,Giratoire,Normale,Deux véhicules - côté,,,,,,,,,,,1,1,6,1.0,3
201300042688,0013-07-08 08:00:00,13,7,8,8,0,930,73,"62, FARMAN (RUE HENRI)",,,Plein jour,En agglomération,Hors intersection,Normale,Deux véhicules - côté,,,,,,,,,,,1,2,1,1.0,3
201300042689,0013-07-15 17:30:00,13,7,15,17,30,930,73,RESISTANCE (RUE DE LA),,,Plein jour,En agglomération,Hors intersection,Normale,Deux véhicules - côté,,,,,,,,,,,1,2,1,1.0,3
201300042690,0013-07-20 15:00:00,13,7,20,15,0,930,78,REVE (AVENUE DU),,,Plein jour,En agglomération,Intersection en X,Normale,Deux véhicules - côté,,,,,,,,,,,1,2,2,1.0,3
201300042691,0013-07-23 16:00:00,13,7,23,16,0,930,73,VAILLANT (BOULEVARD CHAR,,,Plein jour,En agglomération,Hors intersection,Normale,Autre collision,,,,,,,,,,,1,2,1,1.0,6
201300042692,0013-07-24 16:15:00,13,7,24,16,15,930,73,RESISTANCE (RUE DE LA),,,Plein jour,En agglomération,Intersection en X,Normale,Deux véhicules - côté,,,,,,,,,,,1,2,2,1.0,3
201300042693,0013-07-24 19:00:00,13,7,24,19,0,930,73,"46, MOZART (AVENUE)",,,Plein jour,En agglomération,Hors intersection,Normale,Trois véhicules et plus - collisions multiples,,,,,,,,,,,1,2,1,1.0,5
201300042694,0013-08-01 20:35:00,13,8,1,20,35,930,78,CLEMENCEAU (AVENUE GEORG,,,Plein jour,En agglomération,Giratoire,Normale,Deux véhicules - arrière,,,,,,,,,,,1,2,6,1.0,2
201300042695,0013-08-04 20:05:00,13,8,4,20,5,930,78,CLEMENCEAU (AVENUE GEORG,,,Plein jour,En agglomération,Intersection en X,Normale,Deux véhicules - côté,,,,,,,,,,,1,2,2,1.0,3
201300042696,0013-08-05 08:15:00,13,8,5,8,15,930,78,DAMBEL (AVENUE EMILE),,,Plein jour,En agglomération,Hors intersection,Normale,Trois véhicules et plus - collisions multiples,,,,,,,,,,,1,2,1,1.0,5
201300042697,0013-08-06 06:20:00,13,8,6,6,20,930,73,LENINE (BOULEVARD),,,Plein jour,En agglomération,Hors intersection,Normale,Autre collision,,,,,,,,,,,1,2,1,1.0,6
201300042698,0013-08-08 17:45:00,13,8,8,17,45,930,73,HENRI IV (AVENUE),,,Plein jour,En agglomération,Intersection en T,Normale,Deux véhicules - côté,,,,,,,,,,,1,2,3,1.0,3
201300042699,0013-08-08 17:15:00,13,8,8,17,15,930,78,CHEMIN DEPARTEMENTAL,,,Plein jour,En agglomération,Hors intersection,Normale,Trois véhicules et plus - en chaîne,,,,,,,,,,,1,2,1,1.0,4
201300042700,0013-08-23 12:40:00,13,8,23,12,40,930,78,BEREGOVOY (AVENUE),,,Plein jour,En agglomération,Intersection en X,Normale,Deux véhicules - côté,,,,,,,,,,,1,2,2,1.0,3
201300042701,0013-09-01 13:35:00,13,9,1,13,35,930,73,"00, RESISTANCE (RUE DE L",,,Plein jour,En agglomération,Giratoire,Normale,Sans collision,,,,,,,,,,,1,2,6,1.0,7
201300042702,0013-09-02 18:07:00,13,9,2,18,7,930,78,GARE (AVENUE DE LA),,,Plein jour,En agglomération,Hors intersection,Normale,Autre collision,,,,,,,,,,,1,2,1,1.0,6
201300042703,0013-09-03 19:10:00,13,9,3,19,10,930,78,"28, EGLISE (RUE DE L')",,,Plein jour,En agglomération,Hors intersection,Normale,Deux véhicules - frontale,,,,,,,,,,,1,2,1,1.0,1
201300042704,0013-09-04 18:50:00,13,9,4,18,50,930,78,"58, ALLENDE (AVENUE SALV",,,Plein jour,En agglomération,Hors intersection,Normale,Deux véhicules - côté,,,,,,,,,,,1,2,1,1.0,3
201300042705,0013-09-05 14:45:00,13,9,5,14,45,930,73,ROISSY (ROUTE DE),,,Plein jour,En agglomération,Hors intersection,Normale,Trois véhicules et plus - en chaîne,,,,,,,,,,,1,2,1,1.0,4
201300042706,0013-09-05 18:00:00,13,9,5,18,0,930,73,"4 bis, ROISSY (ROUTE DE)",,,Plein jour,En agglomération,Hors intersection,Normale,Trois véhicules et plus - en chaîne,,,,,,,,,,,1,2,1,1.0,4
201300042707,0013-09-09 11:45:00,13,9,9,11,45,930,78,EGLISE (RUE DE L'),,,Plein jour,En agglomération,Hors intersection,Pluie forte,Deux véhicules - côté,,,,,,,,,,,1,2,1,3.0,3
201300042708,0013-09-12 20:25:00,13,9,12,20,25,930,78,VAUBAN (AVENUE),,,Crépuscule ou aube,En agglomération,Giratoire,Normale,Deux véhicules - arrière,,,,,,,,,,,2,2,6,1.0,2
201300042709,0013-09-14 20:30:00,13,9,14,20,30,930,78,CLEMENCEAU (AVENUE GEORG,,,Nuit avec éclairage allumé,En agglomération,Intersection en X,Pluie légère,Trois véhicules et plus - collisions multiples,,,,,,,,,,,5,2,2,2.0,5
201300042710,0013-09-15 13:20:00,13,9,15,13,20,930,78,CLEMENCEAU (AVENUE GEORG,,,Plein jour,En agglomération,Hors intersection,Normale,Deux véhicules - arrière,,,,,,,,,,,1,2,1,1.0,2
201300042711,0013-09-15 13:45:00,13,9,15,13,45,930,78,KLEE (RUE PAUL),,,Plein jour,En agglomération,Hors intersection,Normale,Deux véhicules - côté,,,,,,,,,,,1,2,1,1.0,3
201300042712,0013-09-17 19:40:00,13,9,17,19,40,930,78,BALLANGER (BD ROBERT),,,Plein jour,En agglomération,Giratoire,Pluie légère,Deux véhicules - arrière,,,,,,,,,,,1,2,6,2.0,2
201300042713,0013-09-18 15:50:00,13,9,18,15,50,930,78,BALLANGER (BD ROBERT),,,Plein jour,En agglomération,Hors intersection,Pluie légère,Deux véhicules - côté,,,,,,,,,,,1,2,1,2.0,3
201300042714,0013-09-19 15:35:00,13,9,19,15,35,930,78,CLEMENCEAU (AVENUE GEORG,,,Plein jour,En agglomération,Intersection en X,Normale,Autre collision,,,,,,,,,,,1,2,2,1.0,6
201300042715,0013-09-21 04:20:00,13,9,21,4,20,930,78,CLEMENCEAU (AVENUE GEORG,,,Nuit avec éclairage allumé,En agglomération,Intersection en X,Temps couvert,Deux véhicules - arrière,,,,,,,,,,,5,2,2,8.0,2
201300042716,0013-09-21 20:00:00,13,9,21,20,0,930,73,PAIX (AVENUE DE LA),,,Nuit avec éclairage allumé,En agglomération,Intersection en T,Normale,Deux véhicules - côté,,,,,,,,,,,5,2,3,1.0,3
201300042717,0013-09-22 17:30:00,13,9,22,17,30,930,78,PLAINE (AVENUE DE LA),,,Plein jour,En agglomération,Hors intersection,Normale,Trois véhicules et plus - en chaîne,,,,,,,,,,,1,2,1,1.0,4
201300042718,0013-09-24 10:00:00,13,9,24,10,0,930,78,", PLAINE DE FRANCE (AVEN",,,Plein jour,En agglomération,Hors intersection,Normale,Deux véhicules - arrière,,,,,,,,,,,1,2,1,1.0,2
201300042719,0013-10-02 19:40:00,13,10,2,19,40,930,78,"04, LECLERC (AVENUE DU G",,,Nuit avec éclairage allumé,En agglomération,Hors intersection,Normale,Autre collision,,,,,,,,,,,5,2,1,1.0,6
201300042720,0013-10-05 20:15:00,13,10,5,20,15,930,78,SAUSSET (AVENUE DU),,,Nuit avec éclairage allumé,En agglomération,Hors intersection,Normale,Autre collision,,,,,,,,,,,5,2,1,1.0,6
201300042721,0013-10-07 17:10:00,13,10,7,17,10,930,78,CLEMENCEAU (AVENUE GEORG,,,Plein jour,En agglomération,Hors intersection,Normale,Deux véhicules - côté,,,,,,,,,,,1,2,1,1.0,3
201300042722,0013-10-08 09:30:00,13,10,8,9,30,930,78,MONTCALM (AVENUE),,,Plein jour,En agglomération,Intersection en T,Normale,Deux véhicules - côté,,,,,,,,,,,1,2,3,1.0,3
201300042723,0013-10-09 14:55:00,13,10,9,14,55,930,78,CHEMIN DEPARTEMENTAL,,,Plein jour,Hors agglomération,Hors intersection,Pluie légère,Deux véhicules - arrière,,,,,,,,,,,1,1,1,2.0,2
201300042724,0013-10-12 18:20:00,13,10,12,18,20,930,78,CHEMIN DEPARTEMENTAL,,,Plein jour,Hors agglomération,Hors intersection,Normale,Deux véhicules - côté,,,,,,,,,,,1,1,1,1.0,3
201300042725,0013-10-14 14:40:00,13,10,14,14,40,930,78,CLEMENCEAU (AVENUE GEORG,,,Plein jour,En agglomération,Intersection à plus de 4 branches,Normale,Deux véhicules - côté,,,,,,,,,,,1,2,5,1.0,3
201300042726,0013-10-15 17:30:00,13,10,15,17,30,930,78,CLEMENCEAU (AVENUE GEORG,,,Plein jour,En agglomération,Intersection à plus de 4 branches,Normale,Deux véhicules - frontale,,,,,,,,,,,1,2,5,1.0,1
201300042727,0013-10-25 18:30:00,13,10,25,18,30,930,73,FRANCE (RUE ANATOLE),,,Nuit avec éclairage allumé,En agglomération,Intersection en T,Pluie légère,Deux véhicules - côté,,,,,,,,,,,5,2,3,2.0,3
201300042728,0013-10-31 09:10:00,13,10,31,9,10,930,73,BERGER (RUE GILBERT),,,Plein jour,En agglomération,Giratoire,Normale,Deux véhicules - côté,,,,,,,,,,,1,2,6,1.0,3
201300042729,0013-11-02 10:48:00,13,11,2,10,48,930,78,00 DE GAULLE (AVENUE CH,,,Plein jour,En agglomération,Hors intersection,Normale,Autre collision,,,,,,,,,,,1,2,1,1.0,6
201300042730,0013-11-07 23:25:00,13,11,7,23,25,930,78,BALLANGER (BD ROBERT),,,Nuit avec éclairage allumé,En agglomération,Intersection en X,Pluie légère,Deux véhicules - côté,,,,,,,,,,,5,2,2,2.0,3
201300042731,0013-11-04 11:50:00,13,11,4,11,50,930,78,VILLENEUVE (AVENUE DE,,,Plein jour,En agglomération,Intersection en X,Pluie forte,Deux véhicules - côté,,,,,,,,,,,1,2,2,3.0,3
201300042732,0013-11-10 06:15:00,13,11,10,6,15,930,78,VAUBAN (AVENUE),,,Nuit sans éclairage public,En agglomération,Hors intersection,Pluie légère,Autre collision,,,,,,,,,,,3,2,1,2.0,6
201300042733,0013-11-10 16:30:00,13,11,10,16,30,930,73,PARC (AVENUE DU),,,Plein jour,En agglomération,Intersection en T,Normale,Deux véhicules - côté,,,,,,,,,,,1,2,3,1.0,3
201300042734,0013-11-13 03:30:00,13,11,13,3,30,930,78,TREMBLAY (ROUTE DE),,,Nuit sans éclairage public,En agglomération,Hors intersection,Normale,Autre collision,,,,,,,,,,,3,2,1,1.0,6
201300042735,0013-11-13 03:30:00,13,11,13,3,30,930,78,CLEMENCEAU (AVENUE GEORG,,,Nuit avec éclairage allumé,En agglomération,Hors intersection,Pluie légère,Autre collision,,,,,,,,,,,5,2,1,2.0,6
201300042736,0013-11-14 06:50:00,13,11,14,6,50,930,78,BALLANGER (BD ROBERT),,,Nuit avec éclairage allumé,En agglomération,Intersection en X,Normale,Deux véhicules - côté,,,,,,,,,,,5,2,2,1.0,3
201300042737,0013-11-20 08:30:00,13,11,20,8,30,930,78,"139, BALLANGER (BD ROBER",,,Plein jour,En agglomération,Intersection en X,Normale,Deux véhicules - côté,,,,,,,,,,,1,2,2,1.0,3
201300042738,0013-11-22 12:10:00,13,11,22,12,10,930,73,", ROISSY (ROUTE DE)",,,Plein jour,En agglomération,Hors intersection,Normale,Sans collision,,,,,,,,,,,1,2,1,1.0,7
201300042739,0013-11-26 13:55:00,13,11,26,13,55,930,78,BANCS PUBLICS (RUE DES),,,Plein jour,En agglomération,Hors intersection,Normale,Deux véhicules - arrière,,,,,,,,,,,1,2,1,1.0,2
201300042740,0013-11-27 20:45:00,13,11,27,20,45,930,73,ROISSY (ROUTE DE),,,Nuit sans éclairage public,En agglomération,Intersection à plus de 4 branches,Normale,Deux véhicules - côté,,,,,,,,,,,3,2,5,1.0,3
201300042741,0013-11-28 09:10:00,13,11,28,9,10,930,78,"1, CLEMENCEAU (AVENUE GE",,,Plein jour,En agglomération,Hors intersection,Normale,Deux véhicules - arrière,,,,,,,,,,,1,2,1,1.0,2
201300042742,0013-11-28 10:00:00,13,11,28,10,0,930,73,PASTEUR (AVENUE),,,Plein jour,En agglomération,Intersection en X,Normale,Autre collision,,,,,,,,,,,1,2,2,1.0,6
201300042743,0013-11-28 15:35:00,13,11,28,15,35,930,78,CHEMIN DEPARTEMENTAL,,,Plein jour,Hors agglomération,Hors intersection,Pluie légère,Deux véhicules - arrière,,,,,,,,,,,1,1,1,2.0,2
201300042744,0013-11-30 16:00:00,13,11,30,16,0,930,78,BALLANGER (BD ROBERT),,,Plein jour,En agglomération,Hors intersection,Normale,Trois véhicules et plus - en chaîne,,,,,,,,,,,1,2,1,1.0,4
201300042745,0013-12-07 15:50:00,13,12,7,15,50,930,78,GUYNEMER (AVENUE),,,Plein jour,En agglomération,Intersection en X,Normale,Deux véhicules - côté,,,,,,,,,,,1,2,2,1.0,3
201300042746,0013-12-10 17:30:00,13,12,10,17,30,930,78,CLEMENCEAU (AVENUE GEORG,,,Nuit avec éclairage allumé,En agglomération,Intersection en X,Normale,Deux véhicules - côté,,,,,,,,,,,5,2,2,1.0,3
201300042747,0013-12-11 16:10:00,13,12,11,16,10,930,78,CHEMIN DEPARTEMENTAL,,,Plein jour,En agglomération,Hors intersection,Normale,Autre collision,,,,,,,,,,,1,2,1,1.0,6
201300042748,0013-12-11 17:35:00,13,12,11,17,35,930,78,GARE (PLACE DE LA),,,Crépuscule ou aube,En agglomération,Hors intersection,Autre,Autre collision,,,,,,,,,,,2,2,1,9.0,6
201300042749,0013-12-11 21:50:00,13,12,11,21,50,930,78,VAUBAN (AVENUE),,,Nuit avec éclairage allumé,En agglomération,Hors intersection,Normale,Sans collision,,,,,,,,,,,5,2,1,1.0,7
201300042750,0013-12-12 11:50:00,13,12,12,11,50,930,78,CLEMENCEAU (AVENUE GEORG,,,Plein jour,En agglomération,Giratoire,Normale,Autre collision,,,,,,,,,,,1,2,6,1.0,6
201300042751,0013-12-12 16:10:00,13,12,12,16,10,930,73,RESISTANCE (RUE DE LA),,,Plein jour,En agglomération,Passage à niveau,Normale,Autre collision,,,,,,,,,,,1,2,8,1.0,6
201300042752,0013-05-30 08:45:00,13,5,30,8,45,940,2,VERDUN (R DE),,,Plein jour,En agglomération,Hors intersection,Pluie légère,Autre collision,,,,,,,,,,,1,2,1,2.0,6
201300042753,0013-05-29 18:40:00,13,5,29,18,40,940,2,"4, VILLIERS (SEN DE)",,,Plein jour,En agglomération,Hors intersection,Normale,Autre collision,,,,,,,,,,,1,2,1,1.0,6
201300042754,0013-06-04 08:20:00,13,6,4,8,20,940,2,", PORT A L ANGLAIS (R DU",,,Plein jour,En agglomération,Hors intersection,Normale,Deux véhicules - arrière,,,,,,,,,,,1,2,1,1.0,2
201300042755,0013-01-08 09:55:00,13,1,8,9,55,940,2,VICTOR HUGO (R),,,Plein jour,En agglomération,Intersection en X,Normale,Deux véhicules - côté,,,,,,,,,,,1,2,2,1.0,3
201300042756,0013-06-06 14:05:00,13,6,6,14,5,940,2,DE GAULLE/VERON,,,Plein jour,En agglomération,Intersection en X,Normale,Autre collision,,,,,,,,,,,1,2,2,1.0,6
201300042757,0013-06-06 19:00:00,13,6,6,19,0,940,2,EMILE ZOLA (R),,,Plein jour,En agglomération,Intersection en T,Normale,Deux véhicules - côté,,,,,,,,,,,1,2,3,1.0,3
201300042758,0013-01-11 07:55:00,13,1,11,7,55,940,2,"16, GENERAL CHARLES DE G",,,Nuit avec éclairage allumé,En agglomération,Intersection en T,Normale,Autre collision,,,,,,,,,,,5,2,3,1.0,6
201300042759,0013-01-14 22:20:00,13,1,14,22,20,940,2,"108 TER, VERON (R)",,,Nuit avec éclairage allumé,En agglomération,Hors intersection,Neige / grêle,Deux véhicules - côté,,,,,,,,,,,5,2,1,4.0,3
201300042760,0013-06-14 10:40:00,13,6,14,10,40,940,2,JEAN BAPTISTE CLEMENT (Q,,,Plein jour,En agglomération,Intersection en T,Normale,Deux véhicules - côté,,,,,,,,,,,1,2,3,1.0,3
201300042761,0013-06-22 12:55:00,13,6,22,12,55,940,2,ETIENNE DOLET (R),,,Plein jour,En agglomération,Hors intersection,Normale,Autre collision,,,,,,,,,,,1,2,1,1.0,6
201300042762,0013-07-04 23:30:00,13,7,4,23,30,940,2,RASPAIL (R),,,Nuit avec éclairage allumé,En agglomération,Intersection en X,Normale,Deux véhicules - côté,,,,,,,,,,,5,2,2,1.0,3
201300042763,0013-07-09 22:05:00,13,7,9,22,5,940,2,EMILE ZOLA (R),,,Plein jour,En agglomération,Hors intersection,Normale,Autre collision,,,,,,,,,,,1,2,1,1.0,6
201300042764,0013-07-18 07:25:00,13,7,18,7,25,940,2,CARNOT (BD),,,Plein jour,En agglomération,Intersection en T,Normale,Deux véhicules - côté,,,,,,,,,,,1,2,3,1.0,3
201300042765,0013-02-11 11:30:00,13,2,11,11,30,940,2,"02, BLANQUI (QU)",,,Plein jour,En agglomération,Hors intersection,Temps couvert,Deux véhicules - côté,,,,,,,,,,,1,2,1,8.0,3
201300042766,0013-02-13 16:00:00,13,2,13,16,0,940,2,"2, REVOLUTION (QU DE LA)",,,Plein jour,En agglomération,Hors intersection,Normale,Autre collision,,,,,,,,,,,1,2,1,1.0,6
201300042767,0013-02-20 18:40:00,13,2,20,18,40,940,2,"44, VICTOR HUGO (R)",,,Nuit avec éclairage allumé,En agglomération,Hors intersection,Normale,Autre collision,,,,,,,,,,,5,2,1,1.0,6
201300042768,0013-02-20 20:20:00,13,2,20,20,20,940,2,VERDUN (R DE),,,Nuit avec éclairage allumé,En agglomération,Passage à niveau,Normale,Autre collision,,,,,,,,,,,5,2,8,1.0,6
201300042769,0013-02-22 07:25:00,13,2,22,7,25,940,2,EMILE ZOLA (R),,,Nuit avec éclairage allumé,En agglomération,Intersection en X,Temps couvert,Deux véhicules - frontale,,,,,,,,,,,5,2,2,8.0,1
201300042770,0013-08-24 17:50:00,13,8,24,17,50,940,2,"1, BLANQUI (QU)",,,Plein jour,En agglomération,Intersection en X,Temps couvert,Deux véhicules - côté,,,,,,,,,,,1,2,2,8.0,3
201300042771,0013-03-08 13:05:00,13,3,8,13,5,940,2,"195, GENERAL LECLERC (AV",,,Plein jour,En agglomération,Hors intersection,Pluie légère,Deux véhicules - côté,,,,,,,,,,,1,2,1,2.0,3
201300042772,0013-09-01 12:15:00,13,9,1,12,15,940,2,VAILLANT COUTURIER (R),,,Plein jour,En agglomération,Hors intersection,Normale,Deux véhicules - côté,,,,,,,,,,,1,2,1,1.0,3
201300042773,0013-03-20 16:10:00,13,3,20,16,10,940,2,CARNOT (BD),,,Plein jour,En agglomération,Intersection en X,Normale,Autre collision,,,,,,,,,,,1,2,2,1.0,6
201300042774,0013-09-11 07:15:00,13,9,11,7,15,940,2,"16, LATERAL (CHE)",,,Crépuscule ou aube,En agglomération,Hors intersection,Normale,Autre collision,,,,,,,,,,,2,2,1,1.0,6