accident_id,datetime,annee,mois,jour,heure,minute,departement,commune_insee,adresse,latitude,longitude,luminosite,agglomeration,intersection,meteo,collision,nb_vehicules,nb_usagers,nb_indemnes,nb_tues,nb_blesses_hosp,nb_blesses_legers,age_cond_1,age_cond_2,veh_type_cond_1,veh_type_cond_2,lum_code,agg_code,int_code,atm_code,col_code
201300042775,0013-03-30 13:00:00,13,3,30,13,0,940,2,LATERAL (CHE),,,Plein jour,En agglomération,Intersection en X,Normale,Deux véhicules - côté,,,,,,,,,,,1,2,2,1.0,3
201300042776,0013-09-27 18:05:00,13,9,27,18,5,940,2,"97, ETIENNE DOLET/CARPE",,,Plein jour,En agglomération,Intersection en T,Normale,Deux véhicules - côté,,,,,,,,,,,1,2,3,1.0,3
201300042777,0013-04-12 20:00:00,13,4,12,20,0,940,2,J B CLEMENT/PERCHE,,,Crépuscule ou aube,En agglomération,Intersection en T,Normale,Deux véhicules - arrière,,,,,,,,,,,2,2,3,1.0,2
201300042778,0013-04-26 09:45:00,13,4,26,9,45,940,2,"92, VERON (R)",,,Plein jour,En agglomération,Hors intersection,Normale,Autre collision,,,,,,,,,,,1,2,1,1.0,6
201300042779,0013-04-29 10:35:00,13,4,29,10,35,940,2,LATERAL (CHE),,,Plein jour,En agglomération,Hors intersection,Normale,Deux véhicules - frontale,,,,,,,,,,,1,2,1,1.0,1
201300042780,0013-10-22 12:45:00,13,10,22,12,45,940,2,"1, VOLTAIRE (R)",,,Plein jour,En agglomération,Intersection en T,Normale,Autre collision,,,,,,,,,,,1,2,3,1.0,6
201300042781,0013-05-05 20:10:00,13,5,5,20,10,940,2,BLANQUI (QU),,,Plein jour,En agglomération,Intersection en X,Normale,Deux véhicules - côté,,,,,,,,,,,1,2,2,1.0,3
201300042782,0013-05-08 18:40:00,13,5,8,18,40,940,2,"37, EMILE ZOLA (R)",,,Plein jour,En agglomération,Intersection en X,Normale,Autre collision,,,,,,,,,,,1,2,2,1.0,6
201300042783,0013-10-30 10:25:00,13,10,30,10,25,940,2,BLANQUI (QU),,,Plein jour,En agglomération,Autre intersection,Normale,Deux véhicules - côté,,,,,,,,,,,1,2,9,1.0,3
201300042784,0013-05-12 22:10:00,13,5,12,22,10,940,2,"85, VERON (R)",,,Nuit avec éclairage allumé,En agglomération,Hors intersection,Pluie légère,Deux véhicules - côté,,,,,,,,,,,5,2,1,2.0,3
201300042785,0013-11-05 13:50:00,13,11,5,13,50,940,2,EMILE ZOLA (R),,,Plein jour,En agglomération,Intersection en T,Pluie légère,Deux véhicules - côté,,,,,,,,,,,1,2,3,2.0,3
201300042786,0013-05-20 17:45:00,13,5,20,17,45,940,2,CAMELIAS (R DES),,,Plein jour,En agglomération,Intersection en X,Pluie légère,Deux véhicules - côté,,,,,,,,,,,1,2,2,2.0,3
201300042787,0013-11-10 22:35:00,13,11,10,22,35,940,2,"105, VAILLANT COUTURIER",,,Nuit avec éclairage allumé,En agglomération,Intersection en X,Normale,Deux véhicules - côté,,,,,,,,,,,5,2,2,1.0,3
201300042788,0013-11-12 09:55:00,13,11,12,9,55,940,2,VAILLANT COUTURIER (R),,,Plein jour,En agglomération,Intersection en X,Pluie légère,Deux véhicules - côté,,,,,,,,,,,1,2,2,2.0,3
201300042789,0013-11-13 07:00:00,13,11,13,7,0,940,2,JEAN BAPTISTE CLEMENT (Q,,,Nuit avec éclairage allumé,En agglomération,Intersection en X,Pluie légère,Deux véhicules - côté,,,,,,,,,,,5,2,2,2.0,3
201300042790,0013-11-18 11:40:00,13,11,18,11,40,940,2,"61, SEINE (R DE)",,,Plein jour,En agglomération,Hors intersection,Temps couvert,Deux véhicules - frontale,,,,,,,,,,,1,2,1,8.0,1
201300042791,0013-11-22 16:15:00,13,11,22,16,15,940,2,"37, MARGUERITES (R DES)",,,Plein jour,En agglomération,Intersection en T,Normale,Deux véhicules - côté,,,,,,,,,,,1,2,3,1.0,3
201300042792,0013-11-29 16:30:00,13,11,29,16,30,940,2,SEINE (R DE),,,Plein jour,En agglomération,Intersection en X,Pluie légère,Autre collision,,,,,,,,,,,1,2,2,2.0,6
201300042793,0013-10-01 10:45:00,13,10,1,10,45,940,2,BLANQUI (QU),,,Plein jour,En agglomération,Intersection en T,Normale,Deux véhicules - côté,,,,,,,,,,,1,2,3,1.0,3
201300042794,0013-10-02 08:45:00,13,10,2,8,45,940,2,BLANQUI (QU),,,Plein jour,En agglomération,Intersection en X,Normale,Trois véhicules et plus - collisions multiples,,,,,,,,,,,1,2,2,1.0,5
201300042795,0013-12-02 00:40:00,13,12,2,0,40,940,2,"26, BLANQUI (QU)",,,Nuit avec éclairage allumé,En agglomération,Hors intersection,Normale,Autre collision,,,,,,,,,,,5,2,1,1.0,6
201300042796,0013-12-03 07:55:00,13,12,3,7,55,940,2,"1, PORT A L ANGLAIS (R D",,,Plein jour,En agglomération,Hors intersection,Normale,Deux véhicules - arrière,,,,,,,,,,,1,2,1,1.0,2
201300042797,0013-12-24 16:40:00,13,12,24,16,40,940,2,"153, VAILLANT COUTURIER",,,Crépuscule ou aube,En agglomération,Hors intersection,Pluie légère,Autre collision,,,,,,,,,,,2,2,1,2.0,6
201300042798,0013-12-28 21:55:00,13,12,28,21,55,940,2,ETIENNE DOLET (R),,,Nuit avec éclairage allumé,En agglomération,Intersection en X,Normale,Deux véhicules - frontale,,,,,,,,,,,5,2,2,1.0,1
201300042799,0013-02-10 05:00:00,13,2,10,5,0,940,71,"75, GENERAL LECLERC (R D",,,Nuit avec éclairage allumé,En agglomération,Autre intersection,Autre,Autre collision,,,,,,,,,,,5,2,9,9.0,6
201300042800,0013-10-02 18:20:00,13,10,2,18,20,940,4,GEORGES BRASSENS (AV),,,Plein jour,En agglomération,Hors intersection,Normale,Sans collision,,,,,,,,,,,1,2,1,1.0,7
201300042801,0013-10-05 02:03:00,13,10,5,2,3,940,4,AV DU GENERAL LECLERC,48.7548,2.50557,Nuit sans éclairage public,En agglomération,Hors intersection,Normale,Sans collision,,,,,,,,,,,3,2,1,1.0,7
201300042802,0013-10-08 18:35:00,13,10,8,18,35,940,75,LIEUTENANT DAGORNO (R DU,,,Plein jour,En agglomération,Autre intersection,Normale,Autre collision,,,,,,,,,,,1,2,9,1.0,6
201300042803,0013-09-30 08:10:00,13,9,30,8,10,940,47,"66, PAUL DOUMER (R)",,,Plein jour,En agglomération,Intersection en T,Normale,Deux véhicules - frontale,,,,,,,,,,,1,2,3,1.0,1
201300042804,0013-10-15 10:55:00,13,10,15,10,55,940,4,"0, SUCY (R DE)",,,Plein jour,En agglomération,Intersection en Y,Temps couvert,Deux véhicules - côté,,,,,,,,,,,1,2,4,8.0,3
201300042805,0013-01-25 06:55:00,13,1,25,6,55,940,71,PIERRE SEMARD (R),,,Nuit avec éclairage non allumé,En agglomération,Hors intersection,Normale,Autre collision,,,,,,,,,,,4,2,1,1.0,6
201300042806,0013-01-04 17:20:00,13,1,4,17,20,940,4,LECLERC/ALLEE DES FFI,48.7544,2.506,Nuit avec éclairage allumé,En agglomération,Intersection en T,Normale,Deux véhicules - frontale,,,,,,,,,,,5,2,3,1.0,1
201300042807,0013-11-04 09:30:00,13,11,4,9,30,940,4,LECLERC/BREVANNES,48.7494,2.5084,Plein jour,En agglomération,Intersection en X,Pluie légère,Deux véhicules - arrière,,,,,,,,,,,1,2,2,2.0,2
201300042808,0013-11-05 15:10:00,13,11,5,15,10,940,71,BOISSY (R DE),,,Plein jour,En agglomération,Hors intersection,Pluie légère,Autre collision,,,,,,,,,,,1,2,1,2.0,6
201300042809,0013-01-07 19:12:00,13,1,7,19,12,940,4,"04, LACHARRIERE.(RUE DU",,,Nuit avec éclairage allumé,En agglomération,Intersection en T,Normale,Deux véhicules - arrière,,,,,,,,,,,5,2,3,1.0,2
201300042810,0013-11-08 08:05:00,13,11,8,8,5,940,4,AV DU GENERAL LECLERC,48.7506,2.5075,Crépuscule ou aube,En agglomération,Hors intersection,Pluie légère,Sans collision,,,,,,,,,,,2,2,1,2.0,7
201300042811,0013-11-09 09:45:00,13,11,9,9,45,940,71,MARECHAL DE LATTRE DE TA,,,Plein jour,En agglomération,Hors intersection,Normale,Deux véhicules - frontale,,,,,,,,,,,1,2,1,1.0,1
201300042812,0013-11-10 06:20:00,13,11,10,6,20,940,75,"00, ETOILE (R DE L)",,,Nuit avec éclairage allumé,En agglomération,Hors intersection,Pluie légère,Deux véhicules - côté,,,,,,,,,,,5,2,1,2.0,3
201300042813,0013-11-21 17:55:00,13,11,21,17,55,940,44,"00, VERDUN (AV DE)",,,Crépuscule ou aube,En agglomération,Hors intersection,Pluie légère,Deux véhicules - côté,,,,,,,,,,,2,2,1,2.0,3
201300042814,0013-11-18 15:35:00,13,11,18,15,35,940,71,"00, GEORGES POMPIDOU (AV",,,Plein jour,En agglomération,Hors intersection,Normale,Deux véhicules - côté,,,,,,,,,,,1,2,1,1.0,3
201300042815,0013-01-14 07:25:00,13,1,14,7,25,940,4,DE LATTRE DE TASSIGNY,48.7384,2.51714,Crépuscule ou aube,Hors agglomération,Hors intersection,Normale,Sans collision,,,,,,,,,,,2,1,1,1.0,7
201300042816,0013-01-14 08:30:00,13,1,14,8,30,940,71,"04, BERGES (ALL DES)",,,Plein jour,En agglomération,Hors intersection,Normale,Deux véhicules - côté,,,,,,,,,,,1,2,1,1.0,3
201300042817,0013-01-17 17:50:00,13,1,17,17,50,940,71,"1 et 3, CHAMPIGNY (R DE)",,,Nuit avec éclairage allumé,En agglomération,Hors intersection,Normale,Autre collision,,,,,,,,,,,5,2,1,1.0,6
201300042818,0013-01-19 12:00:00,13,1,19,12,0,940,71,MARAIS (CHE DES),,,Plein jour,En agglomération,Hors intersection,Neige / grêle,Deux véhicules - frontale,,,,,,,,,,,1,2,1,4.0,1
201300042819,0013-11-19 09:40:00,13,11,19,9,40,940,71,"8, MAURICE BERTEAUX (R)",,,Plein jour,En agglomération,Hors intersection,Pluie légère,Autre collision,,,,,,,,,,,1,2,1,2.0,6
201300042820,0013-01-20 20:20:00,13,1,20,20,20,940,75,"16, MANDRES (R DE)",,,Nuit avec éclairage allumé,En agglomération,Hors intersection,Neige / grêle,Deux véhicules - frontale,,,,,,,,,,,5,2,1,4.0,1
201300042821,0013-01-24 08:35:00,13,1,24,8,35,940,44,AV DU GENERAL LECLERC,48.7453,2.51129,Plein jour,En agglomération,Hors intersection,Temps couvert,Trois véhicules et plus - collisions multiples,,,,,,,,,,,1,2,1,8.0,5
201300042822,0013-01-24 13:20:00,13,1,24,13,20,940,71,"17, HENRI HOUPIED (R)",,,Plein jour,En agglomération,Hors intersection,Normale,Sans collision,,,,,,,,,,,1,2,1,1.0,7
201300042823,0013-01-25 16:40:00,13,1,25,16,40,940,4,"25, SUCY (R DE)",,,Plein jour,En agglomération,Hors intersection,Normale,Autre collision,,,,,,,,,,,1,2,1,1.0,6
201300042824,0013-01-26 18:00:00,13,1,26,18,0,940,44,PASTEUR (R),,,Plein jour,En agglomération,Hors intersection,Normale,Deux véhicules - frontale,,,,,,,,,,,1,2,1,1.0,1
201300042825,0013-11-26 16:30:00,13,11,26,16,30,940,4,CHARLES DE GAULLE (AV),,,Plein jour,En agglomération,Hors intersection,Normale,Autre collision,,,,,,,,,,,1,2,1,1.0,6
201300042826,0013-11-26 18:00:00,13,11,26,18,0,940,4,AV DU GENERAL LECLERC,48.7596,2.49965,Nuit sans éclairage public,En agglomération,Hors intersection,Normale,Deux véhicules - arrière,,,,,,,,,,,3,2,1,1.0,2
201300042827,0013-01-27 20:50:00,13,1,27,20,50,940,47,"46, BRIE (R DE)",,,Nuit avec éclairage allumé,En agglomération,Hors intersection,Normale,Autre collision,,,,,,,,,,,5,2,1,1.0,6
201300042828,0013-11-29 09:10:00,13,11,29,9,10,940,71,"5, GARE (PL DE LA)",,,Plein jour,En agglomération,Hors intersection,Normale,Autre collision,,,,,,,,,,,1,2,1,1.0,6
201300042829,0013-02-01 10:00:00,13,2,1,10,0,940,71,"35 bis, GENERAL LECLERC",,,Plein jour,En agglomération,Intersection en T,Pluie légère,Autre collision,,,,,,,,,,,1,2,3,2.0,6
201300042830,0013-02-02 19:40:00,13,2,2,19,40,940,75,"19, RTE DE LA GRANGE",48.7339,2.51826,Nuit avec éclairage allumé,En agglomération,Hors intersection,Autre,Deux véhicules - frontale,,,,,,,,,,,5,2,1,9.0,1
201300042831,0013-02-04 09:00:00,13,2,4,9,0,940,71,GENERAL LECLERC (R DU),,,Plein jour,En agglomération,Intersection en T,Normale,Deux véhicules - côté,,,,,,,,,,,1,2,3,1.0,3
201300042832,0013-12-04 11:25:00,13,12,4,11,25,940,71,"1, NOYERS (ALL DES)",,,Plein jour,En agglomération,Hors intersection,Normale,Deux véhicules - côté,,,,,,,,,,,1,2,1,1.0,3
201300042833,0013-12-07 14:00:00,13,12,7,14,0,940,4,AV DU GENERAL LECLERC,48.7569,2.5045,Plein jour,En agglomération,Hors intersection,Normale,Autre collision,,,,,,,,,,,1,2,1,1.0,6
201300042834,0013-02-08 08:00:00,13,2,8,8,0,940,4,"170, ROYALE (R)",,,Crépuscule ou aube,En agglomération,Hors intersection,Temps couvert,Sans collision,,,,,,,,,,,2,2,1,8.0,7
201300042835,0013-02-08 15:20:00,13,2,8,15,20,940,44,"55, VALENTON (AV DE)",,,Plein jour,En agglomération,Hors intersection,Normale,Deux véhicules - côté,,,,,,,,,,,1,2,1,1.0,3
201300042836,0013-02-09 20:15:00,13,2,9,20,15,940,75,MANDRES (R DE),,,Nuit avec éclairage allumé,En agglomération,Intersection en T,Normale,Deux véhicules - côté,,,,,,,,,,,5,2,3,1.0,3
201300042837,0013-12-09 13:50:00,13,12,9,13,50,940,75,TASSIGNY/CAVAILLES,48.7313,2.52392,Plein jour,En agglomération,Intersection en Y,Normale,Sans collision,,,,,,,,,,,1,2,4,1.0,7
201300042838,0013-02-09 18:15:00,13,2,9,18,15,940,4,"0.000, PROCESSION (R DE",,,Nuit avec éclairage allumé,En agglomération,Intersection en X,Normale,Autre collision,,,,,,,,,,,5,2,2,1.0,6
201300042839,0013-12-12 20:45:00,13,12,12,20,45,940,75,TASSIGNY/DAGORNO,48.7275,2.53101,Nuit avec éclairage allumé,En agglomération,Intersection en T,Normale,Deux véhicules - côté,,,,,,,,,,,5,2,3,1.0,3
201300042840,0013-12-13 11:30:00,13,12,13,11,30,940,71,"13, MAURICE BERTEAUX (R)",,,Plein jour,En agglomération,Hors intersection,Normale,Autre collision,,,,,,,,,,,1,2,1,1.0,6
201300042841,0013-12-16 08:45:00,13,12,16,8,45,940,44,"22, HENRI BARBUSSE (R)",,,Plein jour,En agglomération,Autre intersection,Normale,Autre collision,,,,,,,,,,,1,2,9,1.0,6
201300042842,0013-02-16 18:00:00,13,2,16,18,0,940,4,"10, AV CHARLES DE GAULLE",48.7539,2.49835,Crépuscule ou aube,En agglomération,Hors intersection,Normale,Deux véhicules - arrière,,,,,,,,,,,2,2,1,1.0,2
201300042843,0013-02-16 12:20:00,13,2,16,12,20,940,75,DE LATTRE DE TASSIGNY,48.7361,2.51887,Plein jour,En agglomération,Hors intersection,Normale,Deux véhicules - arrière,,,,,,,,,,,1,2,1,1.0,2
201300042844,0013-07-14 06:00:00,13,7,14,6,0,940,75,"69, MANDRES (R DE)",,,Plein jour,En agglomération,Hors intersection,Normale,Autre collision,,,,,,,,,,,1,2,1,1.0,6
201300042845,0013-12-17 11:45:00,13,12,17,11,45,940,44,"24, SABLIERE (AV DE LA)",,,Plein jour,En agglomération,Hors intersection,Normale,Autre collision,,,,,,,,,,,1,2,1,1.0,6
201300042846,0013-02-17 07:30:00,13,2,17,7,30,940,75,TASSIGNY/CAVAILLES,48.7313,2.52392,Crépuscule ou aube,En agglomération,Intersection en T,Brouillard / fumée,Deux véhicules - arrière,,,,,,,,,,,2,2,3,5.0,2
201300042847,0013-02-18 18:40:00,13,2,18,18,40,940,44,"20, DESCARTES (AV)",,,Nuit avec éclairage allumé,En agglomération,Intersection en T,Normale,Deux véhicules - côté,,,,,,,,,,,5,2,3,1.0,3
201300042848,0013-02-18 13:55:00,13,2,18,13,55,940,71,QUEUE EN BRIE (RTE DE LA,,,Plein jour,En agglomération,Intersection en X,Normale,Deux véhicules - côté,,,,,,,,,,,1,2,2,1.0,3
201300042849,0013-12-19 09:55:00,13,12,19,9,55,940,44,PIARD (R),,,Plein jour,En agglomération,Giratoire,Normale,Deux véhicules - arrière,,,,,,,,,,,1,2,6,1.0,2
201300042850,0013-12-19 19:40:00,13,12,19,19,40,940,48,RTE DE PARIS,48.7271,2.55345,Nuit sans éclairage public,Hors agglomération,Hors intersection,Normale,Deux véhicules - frontale,,,,,,,,,,,3,1,1,1.0,1
201300042851,0013-12-20 09:30:00,13,12,20,9,30,940,75,MANDRES (R DE),,,Plein jour,En agglomération,Intersection en T,Temps éblouissant,Autre collision,,,,,,,,,,,1,2,3,7.0,6
201300042852,0013-12-20 12:00:00,13,12,20,12,0,940,4,"50, GEORGES PICOT (R)",,,Plein jour,En agglomération,Hors intersection,Normale,Deux véhicules - frontale,,,,,,,,,,,1,2,1,1.0,1
201300042853,0013-12-21 11:35:00,13,12,21,11,35,940,44,"16, GABRIEL PERI (AV)",,,Plein jour,En agglomération,Hors intersection,Normale,Trois véhicules et plus - en chaîne,,,,,,,,,,,1,2,1,1.0,4
201300042854,0013-12-22 22:45:00,13,12,22,22,45,940,75,AV DU MARECHAL DE LATTRE,48.7343,2.52052,Nuit avec éclairage allumé,En agglomération,Hors intersection,Temps couvert,Autre collision,,,,,,,,,,,5,2,1,8.0,6
201300042855,0013-02-27 10:05:00,13,2,27,10,5,940,71,"0.000, PARIS (R DE)",,,Plein jour,En agglomération,Hors intersection,Normale,Deux véhicules - côté,,,,,,,,,,,1,2,1,1.0,3
201300042856,0013-02-27 16:40:00,13,2,27,16,40,940,4,VALENTON (R DE),,,Plein jour,En agglomération,Autre intersection,Normale,Autre collision,,,,,,,,,,,1,2,9,1.0,6
201300042857,0013-02-28 08:50:00,13,2,28,8,50,940,71,MAROLLES (RTE DE),,,Plein jour,En agglomération,Giratoire,Normale,Sans collision,,,,,,,,,,,1,2,6,1.0,7
201300042858,0013-04-16 17:50:00,13,4,16,17,50,940,44,"55, VALENTON (AV DE)",,,Plein jour,En agglomération,Hors intersection,Normale,Autre collision,,,,,,,,,,,1,2,1,1.0,6
201300042859,0013-03-01 10:20:00,13,3,1,10,20,940,71,CHAMPS SAINT DENIS (R DE,,,Plein jour,En agglomération,Intersection en Y,Normale,Autre collision,,,,,,,,,,,1,2,4,1.0,6
201300042860,0013-03-03 23:50:00,13,3,3,23,50,940,4,"34, GENERAL LECLERC (AV",,,Nuit avec éclairage allumé,En agglomération,Intersection en X,Normale,Deux véhicules - côté,,,,,,,,,,,5,2,2,1.0,3
201300042861,0013-03-07 21:10:00,13,3,7,21,10,940,75,MARECHAL DELATTRE DE TAS,,,Nuit avec éclairage allumé,Hors agglomération,Intersection en T,Normale,Autre collision,,,,,,,,,,,5,1,3,1.0,6
201300042862,0013-03-09 08:47:00,13,3,9,8,47,940,71,"00, MAURICE BERTEAUX (R)",,,Plein jour,En agglomération,Hors intersection,Normale,Autre collision,,,,,,,,,,,1,2,1,1.0,6
201300042863,0013-10-03 16:30:00,13,10,3,16,30,940,71,"39, ALBERT DRU (R)",,,Plein jour,En agglomération,Hors intersection,Normale,Autre collision,,,,,,,,,,,1,2,1,1.0,6
201300042864,0013-10-03 17:55:00,13,10,3,17,55,940,4,LECLERC/CHIROL,48.7516,2.50682,Plein jour,En agglomération,Intersection en Y,Normale,Deux véhicules - côté,,,,,,,,,,,1,2,4,1.0,3
201300042865,0013-03-16 07:10:00,13,3,16,7,10,940,71,"36, PONT DE CHENNEVIERES",,,Crépuscule ou aube,En agglomération,Hors intersection,Normale,Autre collision,,,,,,,,,,,2,2,1,1.0,6
201300042866,0013-03-20 13:00:00,13,3,20,13,0,940,71,MAURICE BERTEAUX (R),,,Plein jour,En agglomération,Hors intersection,Normale,Deux véhicules - arrière,,,,,,,,,,,1,2,1,1.0,2
201300042867,0013-03-25 07:00:00,13,3,25,7,0,940,4,GENERAL LECLERC (AV DU),,,Crépuscule ou aube,En agglomération,Hors intersection,Normale,Trois véhicules et plus - collisions multiples,,,,,,,,,,,2,2,1,1.0,5
201300042868,0013-03-25 16:35:00,13,3,25,16,35,940,56,BRIE COMTE ROBERT (RTE D,,,Plein jour,En agglomération,Hors intersection,Normale,Deux véhicules - arrière,,,,,,,,,,,1,2,1,1.0,2
201300042869,0013-04-03 21:00:00,13,4,3,21,0,940,71,"1ter, PARIS (R DE)",,,Nuit avec éclairage allumé,En agglomération,Hors intersection,Normale,Trois véhicules et plus - collisions multiples,,,,,,,,,,,5,2,1,1.0,5
201300042870,0013-04-04 08:15:00,13,4,4,8,15,940,71,GEORGES POMPIDOU (AV),,,Plein jour,En agglomération,Hors intersection,Normale,Deux véhicules - côté,,,,,,,,,,,1,2,1,1.0,3
201300042871,0013-04-04 20:10:00,13,4,4,20,10,940,4,LECLERC/DE GAULLE,48.7591,2.50051,Nuit avec éclairage allumé,En agglomération,Intersection en T,Normale,Deux véhicules - arrière,,,,,,,,,,,5,2,3,1.0,2
201300042872,0013-11-04 10:15:00,13,11,4,10,15,940,44,DESCARTES (AV),,,Plein jour,Hors agglomération,Hors intersection,Pluie légère,Deux véhicules - frontale,,,,,,,,,,,1,1,1,2.0,1
201300042873,0013-04-12 08:30:00,13,4,12,8,30,940,71,PARIS (R DE),,,Plein jour,En agglomération,Hors intersection,Temps couvert,Deux véhicules - frontale,,,,,,,,,,,1,2,1,8.0,1
201300042874,0013-04-14 10:00:00,13,4,14,10,0,940,75,"82, LIEUTENANT DAGORNO (",,,Plein jour,En agglomération,Hors intersection,Normale,Deux véhicules - côté,,,,,,,,,,,1,2,1,1.0,3
201300042875,0013-04-17 08:00:00,13,4,17,8,0,940,71,WINSTON CHURCHILL (R),,,Plein jour,En agglomération,Hors intersection,Normale,Autre collision,,,,,,,,,,,1,2,1,1.0,6
201300042876,0013-04-17 21:55:00,13,4,17,21,55,940,4,"2, 8 MAI 1945 (AV DU)",,,Nuit avec éclairage allumé,En agglomération,Intersection en T,Normale,Deux véhicules - arrière,,,,,,,,,,,5,2,3,1.0,2
201300042877,0013-04-21 11:00:00,13,4,21,11,0,940,75,TASSIGNY/DAGORNO,48.7275,2.53101,Plein jour,En agglomération,Intersection en T,Normale,Deux véhicules - arrière,,,,,,,,,,,1,2,3,1.0,2
201300042878,0013-04-23 09:40:00,13,4,23,9,40,940,71,QUEUE EN BRIE (RTE DE LA,,,Plein jour,En agglomération,Giratoire,Normale,Sans collision,,,,,,,,,,,1,2,6,1.0,7
201300042879,0013-04-25 07:50:00,13,4,25,7,50,940,71,GENERAL LECLERC (R DU),,,Plein jour,En agglomération,Hors intersection,Normale,Deux véhicules - arrière,,,,,,,,,,,1,2,1,1.0,2
201300042880,0013-04-25 09:55:00,13,4,25,9,55,940,71,GENERAL LECLERC (R DU),,,Plein jour,En agglomération,Giratoire,Normale,Deux véhicules - côté,,,,,,,,,,,1,2,6,1.0,3
201300042881,0013-07-11 22:30:00,13,7,11,22,30,940,71,"44, WINSTON CHURCHILL (R",,,Crépuscule ou aube,En agglomération,Giratoire,Normale,Deux véhicules - côté,,,,,,,,,,,2,2,6,1.0,3
201300042882,0013-07-25 21:00:00,13,7,25,21,0,940,71,CHE DES MARAIS,48.7662,2.5036,Crépuscule ou aube,En agglomération,Hors intersection,Normale,Autre collision,,,,,,,,,,,2,2,1,1.0,6
201300042883,0013-01-25 16:30:00,13,1,25,16,30,940,71,GEORGES POMPIDOU (AV),,,Plein jour,En agglomération,Hors intersection,Normale,Autre collision,,,,,,,,,,,1,2,1,1.0,6
201300042884,0013-05-04 17:15:00,13,5,4,17,15,940,4,LECLERC/DE GAULLE,48.7551,2.50528,Plein jour,En agglomération,Intersection en T,Normale,Deux véhicules - frontale,,,,,,,,,,,1,2,3,1.0,1
201300042885,0013-05-04 19:00:00,13,5,4,19,0,940,44,"9, AUVERGNE (R D)",,,Plein jour,En agglomération,Hors intersection,Normale,Autre collision,,,,,,,,,,,1,2,1,1.0,6
201300042886,0013-05-07 20:00:00,13,5,7,20,0,940,44,"18, JEAN MONNET (R)",,,Crépuscule ou aube,Hors agglomération,Hors intersection,Normale,Trois véhicules et plus - en chaîne,,,,,,,,,,,2,1,1,1.0,4
201300042887,0013-09-25 08:30:00,13,9,25,8,30,940,4,VALENTON (R DE),,,Plein jour,En agglomération,Intersection en T,Normale,Deux véhicules - frontale,,,,,,,,,,,1,2,3,1.0,1
201300042888,0013-05-10 14:45:00,13,5,10,14,45,940,4,"10, HUIT MAI 1945 (R DU)",,,Plein jour,En agglomération,Hors intersection,Normale,Deux véhicules - frontale,,,,,,,,,,,1,2,1,1.0,1
201300042889,0013-05-10 21:00:00,13,5,10,21,0,940,71,"103, BOISSY (R DE)",,,Plein jour,En agglomération,Intersection en T,Normale,Deux véhicules - côté,,,,,,,,,,,1,2,3,1.0,3
201300042890,0013-11-25 07:40:00,13,11,25,7,40,940,71,PARIS (R DE),,,Crépuscule ou aube,En agglomération,Hors intersection,Normale,Trois véhicules et plus - collisions multiples,,,,,,,,,,,2,2,1,1.0,5
201300042891,0013-05-14 17:55:00,13,5,14,17,55,940,71,"00, PARIS (R DE)",,,Plein jour,En agglomération,Hors intersection,Normale,Sans collision,,,,,,,,,,,1,2,1,1.0,7
201300042892,0013-05-14 19:20:00,13,5,14,19,20,940,4,LECLERC/PRESSOIRS,48.7515,2.50692,Plein jour,En agglomération,Intersection en X,Normale,Autre collision,,,,,,,,,,,1,2,2,1.0,6
201300042893,0013-05-15 09:15:00,13,5,15,9,15,940,75,TASSIGNY/GRANGE,48.7344,2.52044,Plein jour,En agglomération,Intersection en T,Normale,Deux véhicules - arrière,,,,,,,,,,,1,2,3,1.0,2
201300042894,0013-05-21 14:10:00,13,5,21,14,10,940,75,REVEILLON (R DE),,,Plein jour,En agglomération,Hors intersection,Pluie légère,Autre collision,,,,,,,,,,,1,2,1,2.0,6
201300042895,0013-05-22 12:40:00,13,5,22,12,40,940,71,QUEUE EN BRIE (RTE DE LA,,,Plein jour,En agglomération,Giratoire,Normale,Deux véhicules - côté,,,,,,,,,,,1,2,6,1.0,3
201300042896,0013-05-23 16:15:00,13,5,23,16,15,940,44,ALBERT GARRY (R),,,Plein jour,En agglomération,Hors intersection,Normale,Autre collision,,,,,,,,,,,1,2,1,1.0,6
201300042897,0013-05-24 17:10:00,13,5,24,17,10,940,44,ALBERT GARRY (R),,,Plein jour,En agglomération,Hors intersection,Pluie légère,Sans collision,,,,,,,,,,,1,2,1,2.0,7
201300042898,0013-05-26 03:15:00,13,5,26,3,15,940,4,LECLERC/FFI,48.7544,2.506,Nuit avec éclairage allumé,En agglomération,Intersection en T,Normale,Deux véhicules - côté,,,,,,,,,,,5,2,3,1.0,3
201300042899,0013-05-26 20:15:00,13,5,26,20,15,940,75,"4, LIEUTENANT DAGORNO (R",,,Plein jour,En agglomération,Hors intersection,Normale,Autre collision,,,,,,,,,,,1,2,1,1.0,6
201300042900,0013-05-06 21:40:00,13,5,6,21,40,940,44,"27, PRESIDENT WILSON (AV",,,Nuit avec éclairage allumé,En agglomération,Hors intersection,Normale,Autre collision,,,,,,,,,,,5,2,1,1.0,6
201300042901,0013-06-06 09:30:00,13,6,6,9,30,940,75,DE LATTRE DE TASSIGNY,48.7274,2.53309,Plein jour,Hors agglomération,Hors intersection,Normale,Sans collision,,,,,,,,,,,1,1,1,1.0,7
201300042902,0013-06-07 10:00:00,13,6,7,10,0,940,71,PIERRE SEMARD (R),,,Plein jour,En agglomération,Intersection en X,Normale,Deux véhicules - côté,,,,,,,,,,,1,2,2,1.0,3
201300042903,0013-06-08 13:00:00,13,6,8,13,0,940,44,"16, DESCARTES (AV)",,,Plein jour,En agglomération,Hors intersection,Normale,Sans collision,,,,,,,,,,,1,2,1,1.0,7