accident_id,datetime,annee,mois,jour,heure,minute,departement,commune_insee,adresse,latitude,longitude,luminosite,agglomeration,intersection,meteo,collision,nb_vehicules,nb_usagers,nb_indemnes,nb_tues,nb_blesses_hosp,nb_blesses_legers,age_cond_1,age_cond_2,veh_type_cond_1,veh_type_cond_2,lum_code,agg_code,int_code,atm_code,col_code
201300043035,0013-09-16 16:40:00,13,9,16,16,40,940,17,LOUIS TALAMONI (R),,,Plein jour,En agglomération,Hors intersection,Normale,Autre collision,,,,,,,,,,,1,2,1,1.0,6
201300043036,0013-09-18 13:45:00,13,9,18,13,45,940,17,GENERAL DE GAULLE (AV DU,,,Plein jour,En agglomération,Hors intersection,Normale,Trois véhicules et plus - collisions multiples,,,,,,,,,,,1,2,1,1.0,5
201300043037,0013-09-22 16:20:00,13,9,22,16,20,940,17,BERNAU (R DE),,,Plein jour,En agglomération,Hors intersection,Normale,Deux véhicules - arrière,,,,,,,,,,,1,2,1,1.0,2
201300043038,0013-09-23 22:40:00,13,9,23,22,40,940,17,HENRI BARBUSSE (R),,,Nuit avec éclairage allumé,En agglomération,Intersection en X,Normale,Deux véhicules - côté,,,,,,,,,,,5,2,2,1.0,3
201300043039,0013-09-24 17:00:00,13,9,24,17,0,940,17,STALINGRAD (BD DE),,,Plein jour,En agglomération,Hors intersection,Normale,Deux véhicules - côté,,,,,,,,,,,1,2,1,1.0,3
201300043040,0013-09-24 18:20:00,13,9,24,18,20,940,17,"89, SALVADOR ALLENDE (AV",,,Plein jour,En agglomération,Hors intersection,Normale,Autre collision,,,,,,,,,,,1,2,1,1.0,6
201300043041,0013-09-27 20:15:00,13,9,27,20,15,940,17,STALINGRAD (BD DE),,,Nuit avec éclairage allumé,En agglomération,Intersection en T,Normale,Deux véhicules - côté,,,,,,,,,,,5,2,3,1.0,3
201300043042,0013-09-28 22:50:00,13,9,28,22,50,940,17,GAITE (R DE LA),,,Nuit avec éclairage allumé,En agglomération,Hors intersection,Normale,Autre collision,,,,,,,,,,,5,2,1,1.0,6
201300043043,0013-10-06 12:00:00,13,10,6,12,0,940,17,MARX DORMOY (AV),,,Plein jour,En agglomération,Hors intersection,Normale,Deux véhicules - côté,,,,,,,,,,,1,2,1,1.0,3
201300043044,0013-10-07 23:50:00,13,10,7,23,50,940,17,"21, BOIS L ABBE (R DU)",,,Nuit avec éclairage allumé,En agglomération,Giratoire,Normale,Deux véhicules - arrière,,,,,,,,,,,5,2,6,1.0,2
201300043045,0013-10-12 17:30:00,13,10,12,17,30,940,17,"315, GENERAL DE GAULLE (",,,Plein jour,En agglomération,Hors intersection,Normale,Deux véhicules - côté,,,,,,,,,,,1,2,1,1.0,3
201300043046,0013-10-26 12:00:00,13,10,26,12,0,940,17,ALBERT THOMAS (R),,,Plein jour,En agglomération,Hors intersection,Pluie légère,Autre collision,,,,,,,,,,,1,2,1,2.0,6
201300043047,0013-10-26 12:50:00,13,10,26,12,50,940,17,HENRI BARBUSSE (R),,,Plein jour,En agglomération,Intersection en X,Pluie légère,Deux véhicules - côté,,,,,,,,,,,1,2,2,2.0,3
201300043048,0013-11-06 18:30:00,13,11,6,18,30,940,17,"272, MAURICE THOREZ (AV)",,,Nuit avec éclairage allumé,En agglomération,Hors intersection,Normale,Deux véhicules - côté,,,,,,,,,,,5,2,1,1.0,3
201300043049,0013-11-07 16:50:00,13,11,7,16,50,940,17,LOUIS TALAMONI (R),,,Plein jour,En agglomération,Intersection en X,Normale,Autre collision,,,,,,,,,,,1,2,2,1.0,6
201300043050,0013-11-20 07:10:00,13,11,20,7,10,940,17,MUSSELBURGH (R DE),,,Plein jour,En agglomération,Hors intersection,Normale,Deux véhicules - côté,,,,,,,,,,,1,2,1,1.0,3
201300043051,0013-11-25 13:30:00,13,11,25,13,30,940,17,GENERAL DE GAULLE (AV DU,,,Plein jour,En agglomération,Intersection en X,Normale,Deux véhicules - côté,,,,,,,,,,,1,2,2,1.0,3
201300043052,0013-11-28 15:50:00,13,11,28,15,50,940,17,"192, MAURICE THOREZ (AV)",,,Plein jour,En agglomération,Hors intersection,Normale,Deux véhicules - arrière,,,,,,,,,,,1,2,1,1.0,2
201300043053,0013-12-02 14:45:00,13,12,2,14,45,940,17,JACK GOUREVITCH (AV),,,Plein jour,En agglomération,Hors intersection,Normale,Deux véhicules - arrière,,,,,,,,,,,1,2,1,1.0,2
201300043054,0013-12-14 18:45:00,13,12,14,18,45,940,17,", REPUBLIQUE (AV DE LA)",,,Nuit avec éclairage allumé,En agglomération,Hors intersection,Normale,Autre collision,,,,,,,,,,,5,2,1,1.0,6
201300043055,0013-12-19 08:00:00,13,12,19,8,0,940,17,JEAN JAURES (R),,,Nuit avec éclairage allumé,En agglomération,Intersection en X,Pluie légère,Deux véhicules - frontale,,,,,,,,,,,5,2,2,2.0,1
201300043056,0013-12-21 18:00:00,13,12,21,18,0,940,17,"26, LOUIS TALAMONI (R)",,,Nuit sans éclairage public,En agglomération,Hors intersection,Normale,Autre collision,,,,,,,,,,,3,2,1,1.0,6
201300043057,0013-01-03 21:00:00,13,1,3,21,0,940,18,PARIS (R DE),,,Nuit avec éclairage allumé,En agglomération,Intersection en T,Temps couvert,Deux véhicules - côté,,,,,,,,,,,5,2,3,8.0,3
201300043058,0013-06-04 10:00:00,13,6,4,10,0,940,18,VICTOR HUGO (R),,,Plein jour,En agglomération,Hors intersection,Normale,Deux véhicules - arrière,,,,,,,,,,,1,2,1,1.0,2
201300043059,0013-06-05 19:00:00,13,6,5,19,0,940,18,"7, BERCY (QU DE)",,,Plein jour,En agglomération,Hors intersection,Normale,Sans collision,,,,,,,,,,,1,2,1,1.0,7
201300043060,0013-01-12 14:25:00,13,1,12,14,25,940,18,"10, ALFRED SAVOURE (R)",,,Plein jour,En agglomération,Hors intersection,Pluie légère,Autre collision,,,,,,,,,,,1,2,1,2.0,6
201300043061,0013-06-07 14:45:00,13,6,7,14,45,940,18,ILE MARTINET,,,Plein jour,En agglomération,Hors intersection,Normale,Autre collision,,,,,,,,,,,1,2,1,1.0,6
201300043062,0013-01-22 13:40:00,13,1,22,13,40,940,18,"26, R VICTOR HUGO",,,Plein jour,En agglomération,Hors intersection,Pluie légère,Deux véhicules - arrière,,,,,,,,,,,1,2,1,2.0,2
201300043063,0013-06-16 10:45:00,13,6,16,10,45,940,18,"133 bis, PARIS (R DE)",,,Plein jour,En agglomération,Hors intersection,Normale,Autre collision,,,,,,,,,,,1,2,1,1.0,6
201300043064,0013-06-19 17:45:00,13,6,19,17,45,940,18,"63, GRAVELLE (AV DE)",,,Plein jour,En agglomération,Hors intersection,Pluie forte,Deux véhicules - côté,,,,,,,,,,,1,2,1,3.0,3
201300043065,0013-02-02 19:55:00,13,2,2,19,55,940,18,BERCY (QU DE),,,Nuit sans éclairage public,En agglomération,Hors intersection,Normale,Deux véhicules - arrière,,,,,,,,,,,3,2,1,1.0,2
201300043066,0013-06-25 08:30:00,13,6,25,8,30,940,18,CARRIERES (QU DES),,,Plein jour,En agglomération,Intersection en T,Normale,Deux véhicules - frontale,,,,,,,,,,,1,2,3,1.0,1
201300043067,0013-02-05 15:45:00,13,2,5,15,45,940,69,"34 bis, MARECHAL LECLERC",,,Plein jour,En agglomération,Hors intersection,Normale,Autre collision,,,,,,,,,,,1,2,1,1.0,6
201300043068,0013-02-08 07:15:00,13,2,8,7,15,940,18,PONT (R DU),,,Crépuscule ou aube,En agglomération,Intersection en X,Temps couvert,Deux véhicules - côté,,,,,,,,,,,2,2,2,8.0,3
201300043069,0013-06-30 10:43:00,13,6,30,10,43,940,18,GRAVELLE (AV DE),,,Plein jour,En agglomération,Intersection en T,Normale,Deux véhicules - côté,,,,,,,,,,,1,2,3,1.0,3
201300043070,0013-07-01 12:20:00,13,7,1,12,20,940,18,"145 bis, R DE PARIS",,,Plein jour,En agglomération,Hors intersection,Normale,Autre collision,,,,,,,,,,,1,2,1,1.0,6
201300043071,0013-07-07 01:30:00,13,7,7,1,30,940,18,R ARTHUR CROQUETTE,,,Nuit avec éclairage allumé,En agglomération,Hors intersection,Normale,Sans collision,,,,,,,,,,,5,2,1,1.0,7
201300043072,0013-02-18 17:05:00,13,2,18,17,5,940,18,CAMILLE MOUQUET (R),,,Plein jour,En agglomération,Intersection en X,Normale,Sans collision,,,,,,,,,,,1,2,2,1.0,7
201300043073,0013-07-12 15:40:00,13,7,12,15,40,940,18,"85, PARIS (R DE)",,,Plein jour,En agglomération,Hors intersection,Normale,Autre collision,,,,,,,,,,,1,2,1,1.0,6
201300043074,0013-07-12 20:35:00,13,7,12,20,35,940,18,CARRIERES (QU DES),,,Plein jour,En agglomération,Hors intersection,Normale,Autre collision,,,,,,,,,,,1,2,1,1.0,6
201300043075,0013-07-14 18:35:00,13,7,14,18,35,940,69,"2, SAINT MAURICE DU VALA",,,Plein jour,En agglomération,Hors intersection,Normale,Deux véhicules - arrière,,,,,,,,,,,1,2,1,1.0,2
201300043076,0013-02-28 09:40:00,13,2,28,9,40,940,18,CARRIERES (QU DES),,,Plein jour,En agglomération,Giratoire,Normale,Sans collision,,,,,,,,,,,1,2,6,1.0,7
201300043077,0013-03-04 21:25:00,13,3,4,21,25,940,69,"51, VAL D OSNE (R DU)",,,Nuit avec éclairage allumé,En agglomération,Hors intersection,Normale,Autre collision,,,,,,,,,,,5,2,1,1.0,6
201300043078,0013-03-06 21:15:00,13,3,6,21,15,940,69,MARECHAL DE LATTRE DE TA,,,Nuit avec éclairage allumé,En agglomération,Hors intersection,Normale,Deux véhicules - arrière,,,,,,,,,,,5,2,1,1.0,2
201300043079,0013-03-07 17:55:00,13,3,7,17,55,940,69,"145, MARECHAL LECLERC (R",,,Plein jour,En agglomération,Hors intersection,Normale,Deux véhicules - arrière,,,,,,,,,,,1,2,1,1.0,2
201300043080,0013-03-16 08:10:00,13,3,16,8,10,940,69,"176, MARECHAL LECLERC (R",,,Plein jour,En agglomération,Hors intersection,Normale,Trois véhicules et plus - collisions multiples,,,,,,,,,,,1,2,1,1.0,5
201300043081,0013-03-16 13:00:00,13,3,16,13,0,940,18,"2/4, L'EUROPE (PL DE)",,,Plein jour,En agglomération,Hors intersection,Normale,Autre collision,,,,,,,,,,,1,2,1,1.0,6
201300043082,0013-08-05 18:45:00,13,8,5,18,45,940,69,"178, MARECHAL LECLERC (R",,,Plein jour,En agglomération,Hors intersection,Normale,Deux véhicules - côté,,,,,,,,,,,1,2,1,1.0,3
201300043083,0013-03-19 07:50:00,13,3,19,7,50,940,69,"128, MARECHAL LECLERC (R",,,Plein jour,En agglomération,Hors intersection,Normale,Deux véhicules - frontale,,,,,,,,,,,1,2,1,1.0,1
201300043084,0013-03-19 23:35:00,13,3,19,23,35,940,18,"150, PARIS (R DE)",,,Nuit avec éclairage allumé,En agglomération,Intersection en X,Pluie légère,Deux véhicules - côté,,,,,,,,,,,5,2,2,2.0,3
201300043085,0013-03-23 13:10:00,13,3,23,13,10,940,69,MARECHAL LECLERC (R DU),,,Plein jour,En agglomération,Autre intersection,Normale,Deux véhicules - arrière,,,,,,,,,,,1,2,9,1.0,2
201300043086,0013-03-23 18:10:00,13,3,23,18,10,940,69,"5bis, REPUBLIQUE (QU DE",,,Plein jour,En agglomération,Hors intersection,Normale,Autre collision,,,,,,,,,,,1,2,1,1.0,6
201300043087,0013-08-14 11:40:00,13,8,14,11,40,940,18,BERCY - PTE DE BERCY (QU,,,Plein jour,En agglomération,Intersection en T,Normale,Deux véhicules - côté,,,,,,,,,,,1,2,3,1.0,3
201300043088,0013-03-30 03:50:00,13,3,30,3,50,940,18,"43/45, PARIS (R DE)",,,Nuit avec éclairage allumé,En agglomération,Hors intersection,Normale,Sans collision,,,,,,,,,,,5,2,1,1.0,7
201300043089,0013-08-21 04:00:00,13,8,21,4,0,940,69,MARECHAL LECLERC (R DU),,,Nuit avec éclairage allumé,En agglomération,Hors intersection,Normale,Sans collision,,,,,,,,,,,5,2,1,1.0,7
201300043090,0013-08-21 13:05:00,13,8,21,13,5,940,18,CARRIERES (QU DES),,,Plein jour,En agglomération,Hors intersection,Normale,Deux véhicules - côté,,,,,,,,,,,1,2,1,1.0,3
201300043091,0013-04-03 09:15:00,13,4,3,9,15,940,69,GRAVELLE (AV DE),,,Plein jour,En agglomération,Intersection en X,Normale,Deux véhicules - côté,,,,,,,,,,,1,2,2,1.0,3
201300043092,0013-04-14 18:50:00,13,4,14,18,50,940,69,"105, GRAVELLE (AV DE)",,,Plein jour,En agglomération,Hors intersection,Normale,Autre collision,,,,,,,,,,,1,2,1,1.0,6
201300043093,0013-04-27 11:20:00,13,4,27,11,20,940,18,"1, REPUBLIQUE (R DE LA)",,,Plein jour,En agglomération,Intersection en T,Temps couvert,Trois véhicules et plus - collisions multiples,,,,,,,,,,,1,2,3,8.0,5
201300043094,0013-04-27 16:20:00,13,4,27,16,20,940,18,GABRIELLE (R),,,Plein jour,En agglomération,Intersection en X,Normale,Deux véhicules - côté,,,,,,,,,,,1,2,2,1.0,3
201300043095,0013-05-03 12:00:00,13,5,3,12,0,940,18,"14, GRAVELLE (AV DE)",,,Plein jour,En agglomération,Hors intersection,Normale,Autre collision,,,,,,,,,,,1,2,1,1.0,6
201300043096,0013-09-14 14:45:00,13,9,14,14,45,940,69,REPUBLIQUE (QU DE LA),,,Plein jour,En agglomération,Hors intersection,Pluie légère,Autre collision,,,,,,,,,,,1,2,1,2.0,6
201300043097,0013-05-17 15:30:00,13,5,17,15,30,940,18,BERCY (QU DE),,,Plein jour,En agglomération,Intersection en T,Normale,Autre collision,,,,,,,,,,,1,2,3,1.0,6
201300043098,0013-05-22 00:35:00,13,5,22,0,35,940,18,"58, PARIS (R DE)",,,Nuit avec éclairage allumé,En agglomération,Hors intersection,Pluie légère,Sans collision,,,,,,,,,,,5,2,1,2.0,7
201300043099,0013-05-22 13:50:00,13,5,22,13,50,940,18,"20 bis, CARRIERES (QU DE",,,Plein jour,En agglomération,Hors intersection,Normale,Trois véhicules et plus - en chaîne,,,,,,,,,,,1,2,1,1.0,4
201300043100,0013-05-28 08:35:00,13,5,28,8,35,940,69,"5bis, REPUBLIQUE (QU DE",,,Plein jour,En agglomération,Hors intersection,Pluie légère,Deux véhicules - frontale,,,,,,,,,,,1,2,1,2.0,1
201300043101,0013-10-08 14:00:00,13,10,8,14,0,940,18,"14, ARCHEVECHE (R DE L)",,,Plein jour,En agglomération,Hors intersection,Normale,Autre collision,,,,,,,,,,,1,2,1,1.0,6
201300043102,0013-10-08 19:00:00,13,10,8,19,0,940,18,"24, CARRIERES (QU DES)",,,Plein jour,En agglomération,Intersection en X,Normale,Deux véhicules - arrière,,,,,,,,,,,1,2,2,1.0,2
201300043103,0013-10-12 10:40:00,13,10,12,10,40,940,69,"133, MARECHAL LECLERC (R",,,Plein jour,En agglomération,Hors intersection,Normale,Autre collision,,,,,,,,,,,1,2,1,1.0,6
201300043104,0013-10-22 10:00:00,13,10,22,10,0,940,69,"32, MARECHAL DE LATTRE D",,,Plein jour,En agglomération,Hors intersection,Normale,Autre collision,,,,,,,,,,,1,2,1,1.0,6
201300043105,0013-11-06 17:00:00,13,11,6,17,0,940,18,"115bis, PARIS (R DE)",,,Crépuscule ou aube,En agglomération,Hors intersection,Normale,Autre collision,,,,,,,,,,,2,2,1,1.0,6
201300043106,0013-11-08 19:40:00,13,11,8,19,40,940,69,SAINT MAURICE DU VALAIS,,,Nuit avec éclairage allumé,Hors agglomération,Hors intersection,Pluie légère,Deux véhicules - côté,,,,,,,,,,,5,1,1,2.0,3
201300043107,0013-11-10 17:50:00,13,11,10,17,50,940,69,"14, CANADIENS (AV DES)",,,Nuit avec éclairage allumé,En agglomération,Intersection en T,Normale,Deux véhicules - côté,,,,,,,,,,,5,2,3,1.0,3
201300043108,0013-11-17 18:55:00,13,11,17,18,55,940,18,"18, GRAVELLE (AV DE)",,,Nuit avec éclairage allumé,En agglomération,Hors intersection,Normale,Deux véhicules - côté,,,,,,,,,,,5,2,1,1.0,3
201300043109,0013-12-13 00:45:00,13,12,13,0,45,940,18,"16, VERDUN (R DE)",,,Nuit avec éclairage allumé,En agglomération,Intersection en X,Normale,Deux véhicules - côté,,,,,,,,,,,5,2,2,1.0,3
201300043110,0013-12-24 10:22:00,13,12,24,10,22,940,69,EPINETTES (R DES),,,Plein jour,En agglomération,Intersection en T,Pluie légère,Autre collision,,,,,,,,,,,1,2,3,2.0,6
201300043111,0013-06-25 00:25:00,13,6,25,0,25,940,18,PARIS (R DE),,,Nuit avec éclairage allumé,En agglomération,Autre intersection,Normale,Deux véhicules - frontale,,,,,,,,,,,5,2,9,1.0,1
201300043112,0013-07-31 19:45:00,13,7,31,19,45,940,18,ARCADE (R DE L),,,Plein jour,En agglomération,Hors intersection,Normale,Autre collision,,,,,,,,,,,1,2,1,1.0,6
201300043113,0013-01-03 08:15:00,13,1,3,8,15,940,79,BISHOP'S STORDFORD (BD D,,,Crépuscule ou aube,En agglomération,Intersection en X,Pluie légère,Deux véhicules - côté,,,,,,,,,,,2,2,2,2.0,3
201300043114,0013-01-09 17:55:00,13,1,9,17,55,940,19,"27, SUCY (R DE)",,,Nuit sans éclairage public,En agglomération,Hors intersection,Pluie légère,Deux véhicules - côté,,,,,,,,,,,3,2,1,2.0,3
201300043115,0013-01-14 12:30:00,13,1,14,12,30,940,19,L'HIPPODROME (AV DE),,,Plein jour,En agglomération,Intersection en X,Normale,Autre collision,,,,,,,,,,,1,2,2,1.0,6
201300043116,0013-01-14 18:15:00,13,1,14,18,15,940,55,"11, GENERAL DE GAULLE (A",,,Nuit avec éclairage allumé,En agglomération,Hors intersection,Temps couvert,Autre collision,,,,,,,,,,,5,2,1,8.0,6
201300043117,0013-01-15 08:50:00,13,1,15,8,50,940,59,HUGUENOTS (AV DES),,,Crépuscule ou aube,En agglomération,Intersection en X,Neige / grêle,Deux véhicules - côté,,,,,,,,,,,2,2,2,4.0,3
201300043118,0013-02-11 17:15:00,13,2,11,17,15,940,59,"54, ARDOUIN (AV)",,,Plein jour,En agglomération,Hors intersection,Normale,Autre collision,,,,,,,,,,,1,2,1,1.0,6
201300043119,0013-02-14 08:20:00,13,2,14,8,20,940,79,BRY (RTE DE),,,Plein jour,Hors agglomération,Hors intersection,Pluie légère,Autre collision,,,,,,,,,,,1,1,1,2.0,6
201300043120,0013-02-16 10:55:00,13,2,16,10,55,940,79,"40, GENERAL DE GAULLE (R",,,Plein jour,En agglomération,Hors intersection,Normale,Autre collision,,,,,,,,,,,1,2,1,1.0,6
201300043121,0013-02-17 02:25:00,13,2,17,2,25,940,55,"21, ANATOLE FRANCE (R)",,,Nuit avec éclairage allumé,En agglomération,Hors intersection,Normale,Deux véhicules - côté,,,,,,,,,,,5,2,1,1.0,3
201300043122,0013-02-21 08:35:00,13,2,21,8,35,940,19,"69, ARISTIDE BRIAND (R)",,,Plein jour,En agglomération,Hors intersection,Normale,Deux véhicules - côté,,,,,,,,,,,1,2,1,1.0,3
201300043123,0013-02-21 17:45:00,13,2,21,17,45,940,55,PROVINS (RTE DE),,,Plein jour,En agglomération,Hors intersection,Normale,Deux véhicules - côté,,,,,,,,,,,1,2,1,1.0,3
201300043124,0013-02-21 17:00:00,13,2,21,17,0,940,79,NOISY/MONTRICHARD,,,Plein jour,En agglomération,Intersection en X,Normale,Deux véhicules - frontale,,,,,,,,,,,1,2,2,1.0,1
201300043125,0013-02-28 16:45:00,13,2,28,16,45,940,55,GEORGES GUYNEMER (R),,,Plein jour,En agglomération,Hors intersection,Normale,Autre collision,,,,,,,,,,,1,2,1,1.0,6
201300043126,0013-03-01 22:20:00,13,3,1,22,20,940,59,LEFEBVRE (AV),,,Nuit avec éclairage allumé,Hors agglomération,Hors intersection,Normale,Sans collision,,,,,,,,,,,5,1,1,1.0,7
201300043127,0013-03-09 00:25:00,13,3,9,0,25,940,60,CHAMPLAIN (CUVETTE DE),,,Nuit sans éclairage public,Hors agglomération,Hors intersection,Pluie légère,Autre collision,,,,,,,,,,,3,1,1,2.0,6
201300043128,0013-03-19 10:40:00,13,3,19,10,40,940,79,JEAN JAURES (R),,,Plein jour,En agglomération,Hors intersection,Normale,Deux véhicules - côté,,,,,,,,,,,1,2,1,1.0,3
201300043129,0013-03-20 09:50:00,13,3,20,9,50,940,79,"07, GENERAL DE GAULLE (R",,,Plein jour,En agglomération,Hors intersection,Normale,Autre collision,,,,,,,,,,,1,2,1,1.0,6
201300043130,0013-03-21 22:15:00,13,3,21,22,15,940,60,GEORGES POMPIDOU (AV),,,Nuit avec éclairage allumé,En agglomération,Intersection en X,Pluie légère,Deux véhicules - arrière,,,,,,,,,,,5,2,2,2.0,2
201300043131,0013-03-22 12:10:00,13,3,22,12,10,940,55,OLIVIER D ORMESSON (AV),,,Plein jour,En agglomération,Hors intersection,Normale,Autre collision,,,,,,,,,,,1,2,1,1.0,6
201300043132,0013-03-29 11:30:00,13,3,29,11,30,940,19,BORDES/SONNETTES,,,Plein jour,En agglomération,Intersection en T,Normale,Deux véhicules - frontale,,,,,,,,,,,1,2,3,1.0,1
201300043133,0013-03-29 15:40:00,13,3,29,15,40,940,55,PINCE VENT (AV DE),,,Plein jour,En agglomération,Place,Normale,Autre collision,,,,,,,,,,,1,2,7,1.0,6
201300043134,0013-03-30 11:56:00,13,3,30,11,56,940,60,"15, MARECHAL HORTIER (AV",,,Plein jour,En agglomération,Hors intersection,Normale,Autre collision,,,,,,,,,,,1,2,1,1.0,6
201300043135,0013-04-02 15:15:00,13,4,2,15,15,940,79,"119, GENERAL DE GAULLE (",,,Plein jour,En agglomération,Hors intersection,Normale,Deux véhicules - arrière,,,,,,,,,,,1,2,1,1.0,2
201300043136,0013-04-02 15:50:00,13,4,2,15,50,940,19,LIBERATION (RTE DE LA),,,Plein jour,En agglomération,Intersection en X,Normale,Deux véhicules - côté,,,,,,,,,,,1,2,2,1.0,3
201300043137,0013-04-06 12:00:00,13,4,6,12,0,940,53,GRANDE RUE PIERRE MENDES,,,Plein jour,En agglomération,Intersection en X,Normale,Deux véhicules - côté,,,,,,,,,,,1,2,2,1.0,3
201300043138,0013-04-07 10:35:00,13,4,7,10,35,940,59,GENERAL DE GAULLE (AV DU,,,Plein jour,En agglomération,Hors intersection,Normale,Autre collision,,,,,,,,,,,1,2,1,1.0,6
201300043139,0013-04-09 19:50:00,13,4,9,19,50,940,19,LIBERATION (RTE DE LA),,,Plein jour,En agglomération,Giratoire,Pluie légère,Deux véhicules - côté,,,,,,,,,,,1,2,6,2.0,3
201300043140,0013-04-10 11:45:00,13,4,10,11,45,940,19,RABELAIS (R),,,Plein jour,En agglomération,Hors intersection,Normale,Autre collision,,,,,,,,,,,1,2,1,1.0,6
201300043141,0013-04-16 22:15:00,13,4,16,22,15,940,19,"82 bis, CHAMPIGNY (R DE)",,,Nuit avec éclairage allumé,En agglomération,Hors intersection,Normale,Autre collision,,,,,,,,,,,5,2,1,1.0,6
201300043142,0013-04-18 19:03:00,13,4,18,19,3,940,19,CHIROL (R),,,Plein jour,En agglomération,Intersection en Y,Normale,Deux véhicules - côté,,,,,,,,,,,1,2,4,1.0,3
201300043143,0013-04-25 11:45:00,13,4,25,11,45,940,79,"39, FRIEDBERG (BD DE)",,,Plein jour,En agglomération,Intersection en X,Normale,Autre collision,,,,,,,,,,,1,2,2,1.0,6
201300043144,0013-05-01 00:15:00,13,5,1,0,15,940,59,DAME BLANCHE (AV DE LA),,,Nuit avec éclairage allumé,En agglomération,Intersection en X,Pluie légère,Deux véhicules - côté,,,,,,,,,,,5,2,2,2.0,3
201300043145,0013-05-02 17:15:00,13,5,2,17,15,940,55,"97, GENERAL DE GAULLE (A",,,Plein jour,En agglomération,Hors intersection,Normale,Autre collision,,,,,,,,,,,1,2,1,1.0,6
201300043146,0013-05-06 07:45:00,13,5,6,7,45,940,55,PROVINS (RTE DE),,,Plein jour,En agglomération,Hors intersection,Normale,Deux véhicules - côté,,,,,,,,,,,1,2,1,1.0,3
201300043147,0013-05-07 05:20:00,13,5,7,5,20,940,60,"28, JEAN JAURES (R)",,,Nuit avec éclairage allumé,En agglomération,Intersection en T,Normale,Deux véhicules - côté,,,,,,,,,,,5,2,3,1.0,3
201300043148,0013-05-11 18:50:00,13,5,11,18,50,940,19,MARECHAL LECLERC (AV DU),,,Plein jour,En agglomération,Intersection à plus de 4 branches,Normale,Deux véhicules - côté,,,,,,,,,,,1,2,5,1.0,3
201300043149,0013-05-18 11:20:00,13,5,18,11,20,940,55,CANTOUX (R DES),,,Plein jour,En agglomération,Intersection en X,Normale,Deux véhicules - côté,,,,,,,,,,,1,2,2,1.0,3
201300043150,0013-05-20 08:00:00,13,5,20,8,0,940,53,"17, GENERAL DE GAULLE (R",,,Plein jour,En agglomération,Hors intersection,Pluie légère,Deux véhicules - frontale,,,,,,,,,,,1,2,1,2.0,1
201300043151,0013-05-24 12:00:00,13,5,24,12,0,940,19,"20, FUSILLES DE CHATEAUB",,,Plein jour,En agglomération,Hors intersection,Pluie forte,Deux véhicules - frontale,,,,,,,,,,,1,2,1,3.0,1
201300043152,0013-05-24 16:30:00,13,5,24,16,30,940,19,LIBERATION - CAR DE PINC,,,Plein jour,En agglomération,Hors intersection,Pluie forte,Trois véhicules et plus - collisions multiples,,,,,,,,,,,1,2,1,3.0,5
201300043153,0013-05-27 12:40:00,13,5,27,12,40,940,19,LIBERATION (RTE DE LA),,,Plein jour,En agglomération,Intersection en X,Normale,Deux véhicules - arrière,,,,,,,,,,,1,2,2,1.0,2
201300043154,0013-05-27 18:40:00,13,5,27,18,40,940,79,JEAN JAURES (R),,,Plein jour,En agglomération,Hors intersection,Normale,Deux véhicules - arrière,,,,,,,,,,,1,2,1,1.0,2
201300043155,0013-05-30 08:30:00,13,5,30,8,30,940,55,BELVEDERE (R DU),,,Plein jour,En agglomération,Intersection à plus de 4 branches,Pluie légère,Deux véhicules - côté,,,,,,,,,,,1,2,5,2.0,3
201300043156,0013-05-31 15:00:00,13,5,31,15,0,940,79,"72, FRIEDBERG (BD DE)",,,Plein jour,En agglomération,Hors intersection,Temps couvert,Autre collision,,,,,,,,,,,1,2,1,8.0,6
201300043157,0013-06-03 21:55:00,13,6,3,21,55,940,79,"13 BIS, GENERAL LECLERC",,,Nuit avec éclairage allumé,En agglomération,Hors intersection,Normale,Autre collision,,,,,,,,,,,5,2,1,1.0,6
201300043158,0013-06-04 12:15:00,13,6,4,12,15,940,19,"15, HENRI PEUTEUIL (R)",,,Plein jour,En agglomération,Hors intersection,Normale,Deux véhicules - côté,,,,,,,,,,,1,2,1,1.0,3
201300043159,0013-06-07 17:25:00,13,6,7,17,25,940,79,"2, FRIEDBERG (BD DE)",,,Plein jour,En agglomération,Autre intersection,Normale,Autre collision,,,,,,,,,,,1,2,9,1.0,6
201300043160,0013-06-09 16:00:00,13,6,9,16,0,940,19,"35, EDMOND (AV)",,,Plein jour,En agglomération,Hors intersection,Pluie légère,Deux véhicules - côté,,,,,,,,,,,1,2,1,2.0,3
201300043161,0013-06-10 18:45:00,13,6,10,18,45,940,79,MONNET/BELL,,,Plein jour,En agglomération,Intersection en X,Normale,Deux véhicules - arrière,,,,,,,,,,,1,2,2,1.0,2
201300043162,0013-06-11 04:40:00,13,6,11,4,40,940,55,"47, OLIVIER D ORMESSON (",,,Nuit avec éclairage allumé,En agglomération,Autre intersection,Normale,Deux véhicules - côté,,,,,,,,,,,5,2,9,1.0,3
201300043163,0013-06-13 21:15:00,13,6,13,21,15,940,59,"32, ARDOUIN (AV)",,,Crépuscule ou aube,En agglomération,Hors intersection,Temps couvert,Deux véhicules - côté,,,,,,,,,,,2,2,1,8.0,3
201300043164,0013-06-18 20:00:00,13,6,18,20,0,940,19,SUCY (R DE),,,Plein jour,En agglomération,Intersection en T,Normale,Deux véhicules - côté,,,,,,,,,,,1,2,3,1.0,3