accident_id,datetime,annee,mois,jour,heure,minute,departement,commune_insee,adresse,latitude,longitude,luminosite,agglomeration,intersection,meteo,collision,nb_vehicules,nb_usagers,nb_indemnes,nb_tues,nb_blesses_hosp,nb_blesses_legers,age_cond_1,age_cond_2,veh_type_cond_1,veh_type_cond_2,lum_code,agg_code,int_code,atm_code,col_code
201300043165,0013-06-20 10:30:00,13,6,20,10,30,940,79,HENRI DUNANT (AV),,,Plein jour,En agglomération,Hors intersection,Pluie légère,Autre collision,,,,,,,,,,,1,2,1,2.0,6
201300043166,0013-06-21 07:00:00,13,6,21,7,0,940,59,"153, MARECHALE (AV DE LA",,,Plein jour,En agglomération,Intersection en T,Temps couvert,Deux véhicules - côté,,,,,,,,,,,1,2,3,8.0,3
201300043167,0013-06-21 07:50:00,13,6,21,7,50,940,55,OLIVIER D ORMESSON (AV),,,Plein jour,En agglomération,Intersection en X,Normale,Deux véhicules - côté,,,,,,,,,,,1,2,2,1.0,3
201300043168,0013-06-21 12:10:00,13,6,21,12,10,940,60,NOISEAU (RTE DE),,,Plein jour,Hors agglomération,Hors intersection,Normale,Trois véhicules et plus - collisions multiples,,,,,,,,,,,1,1,1,1.0,5
201300043169,0013-06-25 16:10:00,13,6,25,16,10,940,55,CANTOUX (R DES),,,Plein jour,En agglomération,Intersection en X,Normale,Deux véhicules - côté,,,,,,,,,,,1,2,2,1.0,3
201300043170,0013-06-04 15:00:00,13,6,4,15,0,940,19,L'HIPPODROME (AV DE),,,Plein jour,En agglomération,Giratoire,Normale,Deux véhicules - arrière,,,,,,,,,,,1,2,6,1.0,2
201300043171,0013-06-28 12:20:00,13,6,28,12,20,940,19,"48, ARISTIDE BRIAND (R)",,,Plein jour,En agglomération,Hors intersection,Pluie légère,Deux véhicules - côté,,,,,,,,,,,1,2,1,2.0,3
201300043172,0013-06-29 13:06:00,13,6,29,13,6,940,59,"123, MAURICE BERTEAUX (A",,,Plein jour,En agglomération,Hors intersection,Normale,Trois véhicules et plus - en chaîne,,,,,,,,,,,1,2,1,1.0,4
201300043173,0013-07-08 19:00:00,13,7,8,19,0,940,19,"57, ARISTIDE BRIAND (R)",,,Plein jour,En agglomération,Hors intersection,Normale,Deux véhicules - arrière,,,,,,,,,,,1,2,1,1.0,2
201300043174,0013-07-09 16:50:00,13,7,9,16,50,940,79,JEAN MONNET (BD),,,Plein jour,En agglomération,Intersection en X,Normale,Deux véhicules - côté,,,,,,,,,,,1,2,2,1.0,3
201300043175,0013-07-11 20:10:00,13,7,11,20,10,940,19,SUCY (R DE),,,Plein jour,En agglomération,Intersection en Y,Normale,Deux véhicules - côté,,,,,,,,,,,1,2,4,1.0,3
201300043176,0013-07-13 13:20:00,13,7,13,13,20,940,60,"46, GENERAL DE GAULLE (R",,,Plein jour,En agglomération,Hors intersection,Normale,Deux véhicules - arrière,,,,,,,,,,,1,2,1,1.0,2
201300043177,0013-07-17 08:00:00,13,7,17,8,0,940,59,JEAN CLAUDE DELUBAC (AV),,,Plein jour,En agglomération,Giratoire,Normale,Deux véhicules - côté,,,,,,,,,,,1,2,6,1.0,3
201300043178,0013-07-19 20:05:00,13,7,19,20,5,940,60,COMBAULT (RTE DE),,,Plein jour,En agglomération,Hors intersection,Normale,Deux véhicules - côté,,,,,,,,,,,1,2,1,1.0,3
201300043179,0013-07-20 14:50:00,13,7,20,14,50,940,19,ALEXANDRE FOURNY (R),,,Plein jour,En agglomération,Intersection en X,Normale,Deux véhicules - frontale,,,,,,,,,,,1,2,2,1.0,1
201300043180,0013-07-28 03:40:00,13,7,28,3,40,940,59,DAME BLANCHE (AV DE LA),,,Nuit avec éclairage allumé,En agglomération,Intersection en X,Normale,Deux véhicules - côté,,,,,,,,,,,5,2,2,1.0,3
201300043181,0013-08-14 23:20:00,13,8,14,23,20,940,79,GENERAL LECLERC (R DU),,,Nuit avec éclairage allumé,En agglomération,Intersection en T,Normale,Deux véhicules - côté,,,,,,,,,,,5,2,3,1.0,3
201300043182,0013-06-27 17:25:00,13,6,27,17,25,940,60,FRERES LUMIERES (R DES),,,Plein jour,En agglomération,Hors intersection,Normale,Autre collision,,,,,,,,,,,1,2,1,1.0,6
201300043183,0013-08-27 08:40:00,13,8,27,8,40,940,79,HAUTE FUTAIE (AV DE LA),,,Plein jour,En agglomération,Intersection en X,Normale,Deux véhicules - côté,,,,,,,,,,,1,2,2,1.0,3
201300043184,0013-08-27 12:40:00,13,8,27,12,40,940,55,"85, PROVINS (RTE DE)",,,Plein jour,En agglomération,Hors intersection,Normale,Deux véhicules - côté,,,,,,,,,,,1,2,1,1.0,3
201300043185,0013-09-04 08:05:00,13,9,4,8,5,940,59,"37, MAURICE BERTEAUX (AV",,,Plein jour,En agglomération,Intersection en T,Normale,Trois véhicules et plus - collisions multiples,,,,,,,,,,,1,2,3,1.0,5
201300043186,0013-09-04 20:15:00,13,9,4,20,15,940,79,"17, GENERAL DE GAULLE (R",,,Plein jour,En agglomération,Hors intersection,Normale,Deux véhicules - frontale,,,,,,,,,,,1,2,1,1.0,1
201300043187,0013-09-05 06:20:00,13,9,5,6,20,940,55,"19, ONZE NOVEMBRE (R DU)",,,Nuit avec éclairage allumé,En agglomération,Hors intersection,Normale,Autre collision,,,,,,,,,,,5,2,1,1.0,6
201300043188,0013-09-07 16:50:00,13,9,7,16,50,940,79,PIERRE SEMARD (PL),,,Plein jour,En agglomération,Hors intersection,Normale,Deux véhicules - arrière,,,,,,,,,,,1,2,1,1.0,2
201300043189,0013-09-12 16:20:00,13,9,12,16,20,940,19,PLESSIS (RTE DU),,,Plein jour,En agglomération,Hors intersection,Normale,Deux véhicules - arrière,,,,,,,,,,,1,2,1,1.0,2
201300043190,0013-09-13 21:35:00,13,9,13,21,35,940,55,"14, PROVINS (RTE DE)",,,Nuit avec éclairage non allumé,En agglomération,Hors intersection,Pluie légère,Deux véhicules - côté,,,,,,,,,,,4,2,1,2.0,3
201300043191,0013-09-14 18:30:00,13,9,14,18,30,940,79,GENERAL DE GAULLE (R DU),,,Plein jour,En agglomération,Intersection en X,Pluie légère,Deux véhicules - côté,,,,,,,,,,,1,2,2,2.0,3
201300043192,0013-09-19 16:20:00,13,9,19,16,20,940,19,PINCE VENT (AV DE),,,Plein jour,En agglomération,Hors intersection,Normale,Deux véhicules - côté,,,,,,,,,,,1,2,1,1.0,3
201300043193,0013-09-24 16:15:00,13,9,24,16,15,940,19,"31, CHAMPIGNY (R DE)",,,Plein jour,En agglomération,Hors intersection,Normale,Autre collision,,,,,,,,,,,1,2,1,1.0,6
201300043194,0013-09-26 17:15:00,13,9,26,17,15,940,19,"100, ARISTIDE BRIAND (R)",,,Plein jour,En agglomération,Hors intersection,Normale,Deux véhicules - côté,,,,,,,,,,,1,2,1,1.0,3
201300043195,0013-10-01 12:20:00,13,10,1,12,20,940,59,MAURICE BERTEAUX (AV),,,Plein jour,En agglomération,Intersection en X,Normale,Sans collision,,,,,,,,,,,1,2,2,1.0,7
201300043196,0013-10-04 20:18:00,13,10,4,20,18,940,79,JEAN JAURES (R),,,Nuit avec éclairage allumé,En agglomération,Intersection en T,Normale,Deux véhicules - côté,,,,,,,,,,,5,2,3,1.0,3
201300043197,0013-10-05 17:15:00,13,10,5,17,15,940,60,CHAMPLAIN (CUVETTE DE),,,Plein jour,En agglomération,Hors intersection,Normale,Deux véhicules - arrière,,,,,,,,,,,1,2,1,1.0,2
201300043198,0013-10-06 18:45:00,13,10,6,18,45,940,60,GENERAL DE GAULLE (R DU),,,Plein jour,En agglomération,Hors intersection,Temps couvert,Sans collision,,,,,,,,,,,1,2,1,8.0,7
201300043199,0013-10-11 09:10:00,13,10,11,9,10,940,79,COMBAULT (RTE DE),,,Plein jour,En agglomération,Hors intersection,Pluie légère,Deux véhicules - côté,,,,,,,,,,,1,2,1,2.0,3
201300043200,0013-10-14 07:50:00,13,10,14,7,50,940,60,LOUIS ARAGON (R),,,Plein jour,En agglomération,Intersection en X,Normale,Autre collision,,,,,,,,,,,1,2,2,1.0,6
201300043201,0013-10-16 09:30:00,13,10,16,9,30,940,59,HUGUENOTS (AV DES),,,Plein jour,En agglomération,Intersection en X,Temps couvert,Deux véhicules - côté,,,,,,,,,,,1,2,2,8.0,3
201300043202,0013-10-22 11:40:00,13,10,22,11,40,940,60,"34, GENERAL DE GAULLE (R",,,Plein jour,En agglomération,Hors intersection,Normale,Trois véhicules et plus - collisions multiples,,,,,,,,,,,1,2,1,1.0,5
201300043203,0013-10-26 11:20:00,13,10,26,11,20,940,19,LIBERATION (RTE DE LA),,,Plein jour,En agglomération,Intersection en T,Pluie légère,Deux véhicules - côté,,,,,,,,,,,1,2,3,2.0,3
201300043204,0013-10-28 16:20:00,13,10,28,16,20,940,79,SANCHO PANCA (IMP),,,Plein jour,En agglomération,Hors intersection,Normale,Autre collision,,,,,,,,,,,1,2,1,1.0,6
201300043205,0013-10-29 17:25:00,13,10,29,17,25,940,59,"57, MAURICE BERTEAUX (AV",,,Plein jour,En agglomération,Intersection en X,Normale,Deux véhicules - côté,,,,,,,,,,,1,2,2,1.0,3
201300043206,0013-10-31 14:55:00,13,10,31,14,55,940,55,MAURICE SCHUMAN,,,Plein jour,En agglomération,Intersection en Y,Normale,Autre collision,,,,,,,,,,,1,2,4,1.0,6
201300043207,0013-10-31 16:50:00,13,10,31,16,50,940,59,"18, COEUILLY (AV DE)",,,Plein jour,En agglomération,Hors intersection,Normale,Autre collision,,,,,,,,,,,1,2,1,1.0,6
201300043208,0013-11-02 09:25:00,13,11,2,9,25,940,79,GENERAL DE GAULLE (R DU),,,Plein jour,En agglomération,Intersection en T,Pluie légère,Deux véhicules - côté,,,,,,,,,,,1,2,3,2.0,3
201300043209,0013-11-05 08:55:00,13,11,5,8,55,940,59,MAURICE BERTEAUX (AV),,,Plein jour,En agglomération,Intersection en X,Pluie forte,Sans collision,,,,,,,,,,,1,2,2,3.0,7
201300043210,0013-11-08 08:10:00,13,11,8,8,10,940,55,PINCE VENT (AV DE),,,Plein jour,En agglomération,Intersection en T,Pluie légère,Deux véhicules - côté,,,,,,,,,,,1,2,3,2.0,3
201300043211,0013-11-14 13:00:00,13,11,14,13,0,940,19,"37, LIBERATION (RTE DE L",,,Plein jour,En agglomération,Intersection en X,Pluie forte,Deux véhicules - côté,,,,,,,,,,,1,2,2,3.0,3
201300043212,0013-11-18 11:50:00,13,11,18,11,50,940,59,"08, GENERAL LECLERC (AV",,,Plein jour,En agglomération,Hors intersection,Normale,Autre collision,,,,,,,,,,,1,2,1,1.0,6
201300043213,0013-11-27 13:15:00,13,11,27,13,15,940,19,LIBERATION (RTE DE LA),,,Plein jour,En agglomération,Intersection en X,Normale,Deux véhicules - côté,,,,,,,,,,,1,2,2,1.0,3
201300043214,0013-12-02 14:55:00,13,12,2,14,55,940,19,FUSILLES DE CHATEAUBRIAN,,,Plein jour,En agglomération,Intersection en T,Normale,Deux véhicules - côté,,,,,,,,,,,1,2,3,1.0,3
201300043215,0013-12-02 22:55:00,13,12,2,22,55,940,53,"40, GRANDE RUE PIERRE ME",,,Nuit sans éclairage public,En agglomération,Hors intersection,Normale,Deux véhicules - côté,,,,,,,,,,,3,2,1,1.0,3
201300043216,0013-12-09 09:10:00,13,12,9,9,10,940,59,MARBEAU (AV),,,Plein jour,En agglomération,Intersection en X,Normale,Deux véhicules - côté,,,,,,,,,,,1,2,2,1.0,3
201300043217,0013-12-13 14:22:00,13,12,13,14,22,940,19,"2, LIBERATION (RTE DE LA",,,Plein jour,En agglomération,Hors intersection,Normale,Deux véhicules - côté,,,,,,,,,,,1,2,1,1.0,3
201300043218,0013-12-18 08:00:00,13,12,18,8,0,940,60,JEAN RACINE (R),,,Nuit avec éclairage allumé,En agglomération,Hors intersection,Normale,Autre collision,,,,,,,,,,,5,2,1,1.0,6
201300043219,0013-12-20 08:15:00,13,12,20,8,15,940,55,"85, JULES GUESDE (R)",,,Plein jour,En agglomération,Hors intersection,Normale,Autre collision,,,,,,,,,,,1,2,1,1.0,6
201300043220,0013-12-20 17:50:00,13,12,20,17,50,940,55,NON DENOMMEE (VOI),,,Nuit avec éclairage allumé,En agglomération,Intersection en X,Normale,Trois véhicules et plus - en chaîne,,,,,,,,,,,5,2,2,1.0,4
201300043221,0013-12-22 09:30:00,13,12,22,9,30,940,53,GRANDE RUE PIERRE MENDES,,,Plein jour,En agglomération,Intersection en X,Pluie légère,Deux véhicules - côté,,,,,,,,,,,1,2,2,2.0,3
201300043222,0013-12-24 19:35:00,13,12,24,19,35,940,79,JEAN JAURES (R),,,Nuit avec éclairage allumé,En agglomération,Intersection en T,Pluie légère,Deux véhicules - côté,,,,,,,,,,,5,2,3,2.0,3
201300043223,0013-12-27 09:15:00,13,12,27,9,15,940,55,PINCE VENT - CAR DE PINC,,,Plein jour,En agglomération,Giratoire,Pluie légère,Deux véhicules - côté,,,,,,,,,,,1,2,6,2.0,3
201300043224,0013-12-27 15:57:00,13,12,27,15,57,940,59,GONZALVE (AV),,,Plein jour,En agglomération,Hors intersection,Temps couvert,Autre collision,,,,,,,,,,,1,2,1,8.0,6
201300043225,0013-12-27 19:40:00,13,12,27,19,40,940,79,JEAN JAURES (R),,,Nuit avec éclairage allumé,En agglomération,Hors intersection,Pluie légère,Autre collision,,,,,,,,,,,5,2,1,2.0,6
201300043226,0013-08-17 06:40:00,13,8,17,6,40,940,22,LUGO (AV DE),,,Crépuscule ou aube,En agglomération,Intersection en X,Normale,Autre collision,,,,,,,,,,,2,2,2,1.0,6
201300043227,0013-12-16 23:55:00,13,12,16,23,55,940,22,"3, PRESIDENT ROOSEVELT (",,,Nuit avec éclairage allumé,En agglomération,Hors intersection,Normale,Autre collision,,,,,,,,,,,5,2,1,1.0,6
201300043228,0013-08-18 19:50:00,13,8,18,19,50,940,22,STALINGRAD (BD DE),,,Crépuscule ou aube,En agglomération,Intersection en X,Normale,Deux véhicules - côté,,,,,,,,,,,2,2,2,1.0,3
201300043229,0013-01-25 07:55:00,13,1,25,7,55,940,22,STALINGRAD (BD DE),,,Plein jour,En agglomération,Intersection en T,Normale,Deux véhicules - côté,,,,,,,,,,,1,2,3,1.0,3
201300043230,0013-08-20 09:05:00,13,8,20,9,5,940,22,A J GABRIEL (ALL),,,Plein jour,En agglomération,Hors intersection,Normale,Autre collision,,,,,,,,,,,1,2,1,1.0,6
201300043231,0013-04-28 15:15:00,13,4,28,15,15,940,54,COMMERCE (R DU),,,Plein jour,En agglomération,Intersection en T,Normale,Autre collision,,,,,,,,,,,1,2,3,1.0,6
201300043232,0013-12-19 13:25:00,13,12,19,13,25,940,54,REPUBLIQUE (AV DE LA),,,Plein jour,En agglomération,Intersection en X,Normale,Deux véhicules - côté,,,,,,,,,,,1,2,2,1.0,3
201300043233,0013-03-18 09:00:00,13,3,18,9,0,940,22,"86, STALINGRAD (BD DE)",,,Plein jour,En agglomération,Hors intersection,Normale,Deux véhicules - arrière,,,,,,,,,,,1,2,1,1.0,2
201300043234,0013-08-24 18:50:00,13,8,24,18,50,940,22,"25, GAMBETTA (AV)",,,Plein jour,En agglomération,Autre intersection,Normale,Autre collision,,,,,,,,,,,1,2,9,1.0,6
201300043235,0013-05-05 04:30:00,13,5,5,4,30,940,81,A86,48.7734,2.40314,Nuit avec éclairage allumé,Hors agglomération,Hors intersection,Normale,Deux véhicules - arrière,,,,,,,,,,,5,1,1,1.0,2
201300043236,0013-03-31 22:15:00,13,3,31,22,15,940,22,"04, JEAN JAURES (R)",,,Nuit avec éclairage allumé,En agglomération,Hors intersection,Normale,Autre collision,,,,,,,,,,,5,2,1,1.0,6
201300043237,0013-08-28 16:25:00,13,8,28,16,25,940,54,BAS MARIN (R DU),,,Plein jour,En agglomération,Intersection en X,Normale,Deux véhicules - côté,,,,,,,,,,,1,2,2,1.0,3
201300043238,0013-05-06 13:30:00,13,5,6,13,30,940,22,STALINGRAD (BD DE),,,Plein jour,En agglomération,Intersection en X,Normale,Deux véhicules - côté,,,,,,,,,,,1,2,2,1.0,3
201300043239,0013-12-28 10:30:00,13,12,28,10,30,940,22,FOUR (R DU),,,Plein jour,En agglomération,Hors intersection,Normale,Sans collision,,,,,,,,,,,1,2,1,1.0,7
201300043240,0013-08-29 19:00:00,13,8,29,19,0,940,22,VILLENEUVE ST GEORGES (A,,,Plein jour,En agglomération,Hors intersection,Normale,Deux véhicules - arrière,,,,,,,,,,,1,2,1,1.0,2
201300043241,0013-05-09 13:25:00,13,5,9,13,25,940,22,ANATOLE FRANCE (AV),,,Plein jour,En agglomération,Hors intersection,Normale,Autre collision,,,,,,,,,,,1,2,1,1.0,6
201300043242,0013-05-11 05:05:00,13,5,11,5,5,940,22,LUGO (AV DE),,,Nuit avec éclairage allumé,En agglomération,Intersection en X,Normale,Deux véhicules - côté,,,,,,,,,,,5,2,2,1.0,3
201300043243,0013-12-31 16:20:00,13,12,31,16,20,940,54,"22, JEAN MERMOZ (R)",,,Plein jour,En agglomération,Hors intersection,Normale,Autre collision,,,,,,,,,,,1,2,1,1.0,6
201300043244,0013-05-13 16:50:00,13,5,13,16,50,940,54,VICTOIRE (AV DE LA),,,Plein jour,En agglomération,Hors intersection,Normale,Sans collision,,,,,,,,,,,1,2,1,1.0,7
201300043245,0013-09-05 10:00:00,13,9,5,10,0,940,22,WALDECK ROUSSEAU (R),,,Plein jour,En agglomération,Hors intersection,Normale,Autre collision,,,,,,,,,,,1,2,1,1.0,6
201300043246,0013-09-06 18:10:00,13,9,6,18,10,940,22,DOCTEUR ROUX (R DU),,,Plein jour,En agglomération,Hors intersection,Normale,Autre collision,,,,,,,,,,,1,2,1,1.0,6
201300043247,0013-01-18 21:20:00,13,1,18,21,20,940,22,VICTOR HUGO (AV),,,Nuit avec éclairage allumé,En agglomération,Hors intersection,Neige / grêle,Deux véhicules - arrière,,,,,,,,,,,5,2,1,4.0,2
201300043248,0013-09-09 12:35:00,13,9,9,12,35,940,22,LEON GOURDAULT (AV),,,Plein jour,En agglomération,Hors intersection,Pluie légère,Deux véhicules - côté,,,,,,,,,,,1,2,1,2.0,3
201300043249,0013-08-31 04:40:00,13,8,31,4,40,940,54,MARCEL CACHIN (AV),,,Nuit avec éclairage allumé,En agglomération,Hors intersection,Normale,Deux véhicules - arrière,,,,,,,,,,,5,2,1,1.0,2
201300043250,0013-10-14 12:35:00,13,10,14,12,35,940,22,"10, ALFORTVILLE (AV D)",,,Plein jour,En agglomération,Hors intersection,Normale,Deux véhicules - arrière,,,,,,,,,,,1,2,1,1.0,2
201300043251,0013-08-28 19:05:00,13,8,28,19,5,940,54,VICTOIRE/COUTURIER,,,Plein jour,En agglomération,Intersection en X,Normale,Deux véhicules - côté,,,,,,,,,,,1,2,2,1.0,3
201300043252,0013-09-20 16:45:00,13,9,20,16,45,940,54,MARCEL CACHIN (AV),,,Plein jour,En agglomération,Hors intersection,Normale,Autre collision,,,,,,,,,,,1,2,1,1.0,6
201300043253,0013-11-18 08:50:00,13,11,18,8,50,940,22,ALFORTVILLE (AV D),,,Plein jour,En agglomération,Hors intersection,Normale,Autre collision,,,,,,,,,,,1,2,1,1.0,6
201300043254,0013-12-03 08:25:00,13,12,3,8,25,940,22,"12, LEON GOURDAULT (AV)",,,Plein jour,En agglomération,Hors intersection,Normale,Trois véhicules et plus - collisions multiples,,,,,,,,,,,1,2,1,1.0,5
201300043255,0013-04-30 19:05:00,13,4,30,19,5,940,22,JEAN JAURES (R),,,Plein jour,En agglomération,Intersection en X,Normale,Autre collision,,,,,,,,,,,1,2,2,1.0,6
201300043256,0013-02-05 11:15:00,13,2,5,11,15,940,22,LUGO (AV DE),,,Plein jour,Hors agglomération,Hors intersection,Temps couvert,Trois véhicules et plus - en chaîne,,,,,,,,,,,1,1,1,8.0,4
201300043257,0013-06-01 10:45:00,13,6,1,10,45,940,22,"34, AUGUSTE BLANQUI (R)",,,Plein jour,En agglomération,Hors intersection,Normale,Autre collision,,,,,,,,,,,1,2,1,1.0,6
201300043258,0013-02-07 18:30:00,13,2,7,18,30,940,22,YOURI GAGARINE (AV),,,Nuit avec éclairage allumé,En agglomération,Intersection en X,Normale,Deux véhicules - côté,,,,,,,,,,,5,2,2,1.0,3
201300043259,0013-05-10 11:30:00,13,5,10,11,30,940,22,LOUISE MICHEL (R),,,Plein jour,En agglomération,Hors intersection,Normale,Autre collision,,,,,,,,,,,1,2,1,1.0,6
201300043260,0013-09-27 14:35:00,13,9,27,14,35,940,22,"30, EPARGNE (R DE L)",,,Plein jour,En agglomération,Hors intersection,Normale,Autre collision,,,,,,,,,,,1,2,1,1.0,6
201300043261,0013-06-03 07:20:00,13,6,3,7,20,940,22,"22-26, LUGO (AV DE)",,,Plein jour,En agglomération,Hors intersection,Normale,Autre collision,,,,,,,,,,,1,2,1,1.0,6
201300043262,0013-06-04 16:15:00,13,6,4,16,15,940,54,MARTYRS DE CHATEAUBRIANT,,,Plein jour,En agglomération,Hors intersection,Normale,Autre collision,,,,,,,,,,,1,2,1,1.0,6
201300043263,0013-10-01 07:15:00,13,10,1,7,15,940,54,CHARLES TILLON (route),,,Crépuscule ou aube,En agglomération,Hors intersection,Normale,Autre collision,,,,,,,,,,,2,2,1,1.0,6
201300043264,0013-02-12 16:25:00,13,2,12,16,25,940,22,YVES LEGER (R),,,Plein jour,En agglomération,Hors intersection,Temps couvert,Autre collision,,,,,,,,,,,1,2,1,8.0,6
201300043265,0013-10-04 07:30:00,13,10,4,7,30,940,54,BAS MARIN (R DU),,,Crépuscule ou aube,En agglomération,Autre intersection,Normale,Deux véhicules - arrière,,,,,,,,,,,2,2,9,1.0,2
201300043266,0013-10-04 19:00:00,13,10,4,19,0,940,22,"28, VICTOR HUGO (AV)",,,Nuit avec éclairage allumé,En agglomération,Hors intersection,Normale,Deux véhicules - arrière,,,,,,,,,,,5,2,1,1.0,2
201300043267,0013-06-10 08:20:00,13,6,10,8,20,940,54,VICTOIRE (AV DE LA),,,Plein jour,En agglomération,Intersection en X,Normale,Deux véhicules - côté,,,,,,,,,,,1,2,2,1.0,3
201300043268,0013-02-18 11:20:00,13,2,18,11,20,940,54,VICTOIRE (AV DE LA),,,Plein jour,En agglomération,Hors intersection,Normale,Autre collision,,,,,,,,,,,1,2,1,1.0,6
201300043269,0013-06-12 11:40:00,13,6,12,11,40,940,22,"60, VICTOR HUGO (AV)",,,Plein jour,En agglomération,Autre intersection,Temps couvert,Deux véhicules - côté,,,,,,,,,,,1,2,9,8.0,3
201300043270,0013-10-09 20:00:00,13,10,9,20,0,940,81,A86,48.7734,2.40309,Nuit sans éclairage public,Hors agglomération,Hors intersection,Pluie légère,Deux véhicules - arrière,,,,,,,,,,,3,1,1,2.0,2
201300043271,0013-06-16 15:10:00,13,6,16,15,10,940,22,"43, TRAVERSIERE (R)",,,Plein jour,En agglomération,Hors intersection,Normale,Autre collision,,,,,,,,,,,1,2,1,1.0,6
201300043272,0013-10-12 15:50:00,13,10,12,15,50,940,54,SAULES (VOI DES),,,Plein jour,En agglomération,Hors intersection,Normale,Trois véhicules et plus - collisions multiples,,,,,,,,,,,1,2,1,1.0,5
201300043273,0013-06-18 17:10:00,13,6,18,17,10,940,54,VICTOIRE (AV DE LA),,,Plein jour,En agglomération,Intersection en X,Normale,Deux véhicules - côté,,,,,,,,,,,1,2,2,1.0,3
201300043274,0013-10-17 05:25:00,13,10,17,5,25,940,22,GAMBETTA (AV),,,Nuit avec éclairage allumé,En agglomération,Intersection en X,Pluie légère,Deux véhicules - côté,,,,,,,,,,,5,2,2,2.0,3
201300043275,0013-10-20 12:05:00,13,10,20,12,5,940,22,VICTOR HUGO (AV),,,Plein jour,En agglomération,Hors intersection,Pluie légère,Deux véhicules - côté,,,,,,,,,,,1,2,1,2.0,3
201300043276,0013-10-20 22:00:00,13,10,20,22,0,940,22,VICTOR HUGO (AV),,,Nuit avec éclairage allumé,En agglomération,Intersection en X,Temps couvert,Trois véhicules et plus - en chaîne,,,,,,,,,,,5,2,2,8.0,4
201300043277,0013-10-21 12:45:00,13,10,21,12,45,940,22,"20, FOUR (R DU)",,,Plein jour,En agglomération,Hors intersection,Normale,Autre collision,,,,,,,,,,,1,2,1,1.0,6
201300043278,0013-03-04 17:50:00,13,3,4,17,50,940,22,CHOISY (RTE DE),,,Plein jour,En agglomération,Hors intersection,Normale,Deux véhicules - côté,,,,,,,,,,,1,2,1,1.0,3
201300043279,0013-03-06 17:35:00,13,3,6,17,35,940,54,ADRIEN RAYNAL (AV),,,Plein jour,En agglomération,Intersection en T,Normale,Deux véhicules - côté,,,,,,,,,,,1,2,3,1.0,3
201300043280,0013-07-01 17:40:00,13,7,1,17,40,940,22,"59, DOCTEUR ROUX (R DU)",,,Plein jour,En agglomération,Hors intersection,Normale,Autre collision,,,,,,,,,,,1,2,1,1.0,6
201300043281,0013-07-02 11:40:00,13,7,2,11,40,940,54,"93, VICTOIRE (AV DE LA)",,,Plein jour,En agglomération,Hors intersection,Normale,Deux véhicules - côté,,,,,,,,,,,1,2,1,1.0,3
201300043282,0013-07-02 15:25:00,13,7,2,15,25,940,22,"2, GAMBETTA (AV)",,,Plein jour,En agglomération,Hors intersection,Normale,Autre collision,,,,,,,,,,,1,2,1,1.0,6
201300043283,0013-10-31 15:00:00,13,10,31,15,0,940,54,MARCEL CACHIN (AV),,,Plein jour,En agglomération,Intersection en T,Temps couvert,Deux véhicules - arrière,,,,,,,,,,,1,2,3,8.0,2
201300043284,0013-07-06 19:05:00,13,7,6,19,5,940,54,"20, ADRIEN RAYNAL (AV)",,,Plein jour,En agglomération,Hors intersection,Normale,Sans collision,,,,,,,,,,,1,2,1,1.0,7
201300043285,0013-11-06 09:10:00,13,11,6,9,10,940,22,"115, ALFORTVILLE (AV D)",,,Plein jour,En agglomération,Hors intersection,Temps couvert,Deux véhicules - arrière,,,,,,,,,,,1,2,1,8.0,2
201300043286,0013-03-22 09:13:00,13,3,22,9,13,940,22,ANATOLE FRANCE (AV),,,Plein jour,En agglomération,Hors intersection,Normale,Deux véhicules - côté,,,,,,,,,,,1,2,1,1.0,3
201300043287,0013-11-08 20:00:00,13,11,8,20,0,940,22,JEAN JAURES (R),,,Nuit avec éclairage allumé,En agglomération,Hors intersection,Pluie légère,Sans collision,,,,,,,,,,,5,2,1,2.0,7
201300043288,0013-11-09 17:30:00,13,11,9,17,30,940,54,MARTYRS DE CHATEAUBRIANT,,,Nuit avec éclairage allumé,En agglomération,Hors intersection,Pluie légère,Autre collision,,,,,,,,,,,5,2,1,2.0,6
201300043289,0013-03-24 18:45:00,13,3,24,18,45,940,22,GAMBETTA (AV),,,Crépuscule ou aube,En agglomération,Hors intersection,Normale,Autre collision,,,,,,,,,,,2,2,1,1.0,6
201300043290,0013-03-25 16:49:00,13,3,25,16,49,940,22,"30, LEON GOURDAULT (AV)",,,Plein jour,En agglomération,Hors intersection,Normale,Deux véhicules - côté,,,,,,,,,,,1,2,1,1.0,3
201300043291,0013-11-14 06:35:00,13,11,14,6,35,940,54,MARTYRS DE CHATEAUBRIANT,,,Nuit avec éclairage allumé,En agglomération,Place,Normale,Autre collision,,,,,,,,,,,5,2,7,1.0,6
201300043292,0013-07-18 14:30:00,13,7,18,14,30,940,22,CHRISTOPHE COLOMB (R),,,Plein jour,En agglomération,Intersection en X,Normale,Autre collision,,,,,,,,,,,1,2,2,1.0,6
201300043293,0013-03-31 11:20:00,13,3,31,11,20,940,22,"54, STALINGRAD (BD DE)",,,Plein jour,En agglomération,Hors intersection,Normale,Deux véhicules - côté,,,,,,,,,,,1,2,1,1.0,3
201300043294,0013-03-31 16:15:00,13,3,31,16,15,940,22,VICTOR HUGO (AV),,,Plein jour,En agglomération,Hors intersection,Normale,Deux véhicules - côté,,,,,,,,,,,1,2,1,1.0,3
201300043295,0013-11-18 15:50:00,13,11,18,15,50,940,54,"68, ADRIEN RAYNAL (AV)",,,Plein jour,En agglomération,Hors intersection,Normale,Autre collision,,,,,,,,,,,1,2,1,1.0,6