accident_id,datetime,annee,mois,jour,heure,minute,departement,commune_insee,adresse,latitude,longitude,luminosite,agglomeration,intersection,meteo,collision,nb_vehicules,nb_usagers,nb_indemnes,nb_tues,nb_blesses_hosp,nb_blesses_legers,age_cond_1,age_cond_2,veh_type_cond_1,veh_type_cond_2,lum_code,agg_code,int_code,atm_code,col_code
201300043296,0013-03-31 20:50:00,13,3,31,20,50,940,22,VICTOR HUGO (AV),,,Nuit avec éclairage allumé,En agglomération,Hors intersection,Normale,Deux véhicules - côté,,,,,,,,,,,5,2,1,1.0,3
201300043297,0013-07-20 21:45:00,13,7,20,21,45,940,22,"126, STALINGRAD (BD DE)",,,Nuit avec éclairage allumé,En agglomération,Hors intersection,Normale,Deux véhicules - côté,,,,,,,,,,,5,2,1,1.0,3
201300043298,0013-04-02 13:40:00,13,4,2,13,40,940,22,ROBERT PEARY (R),,,Plein jour,En agglomération,Hors intersection,Normale,Autre collision,,,,,,,,,,,1,2,1,1.0,6
201300043299,0013-07-23 13:45:00,13,7,23,13,45,940,22,ALFORTVILLE (AV D),,,Plein jour,En agglomération,Intersection en T,Pluie légère,Deux véhicules - côté,,,,,,,,,,,1,2,3,2.0,3
201300043300,0013-07-23 20:50:00,13,7,23,20,50,940,22,STALINGRAD (BD DE),,,Crépuscule ou aube,En agglomération,Hors intersection,Normale,Deux véhicules - côté,,,,,,,,,,,2,2,1,1.0,3
201300043301,0013-11-21 18:50:00,13,11,21,18,50,940,22,"147, MARECHAL DE LATTRE",,,Nuit avec éclairage allumé,En agglomération,Hors intersection,Pluie légère,Autre collision,,,,,,,,,,,5,2,1,2.0,6
201300043302,0013-11-22 15:00:00,13,11,22,15,0,940,22,"20, REPUBLIQUE (AV DE LA",,,Plein jour,En agglomération,Intersection en T,Temps couvert,Deux véhicules - arrière,,,,,,,,,,,1,2,3,8.0,2
201300043303,0013-11-22 18:20:00,13,11,22,18,20,940,54,"7, VICTOIRE (AV DE LA)",,,Nuit avec éclairage allumé,En agglomération,Hors intersection,Normale,Autre collision,,,,,,,,,,,5,2,1,1.0,6
201300043304,0013-07-26 11:00:00,13,7,26,11,0,940,22,"01, AV ANATOLE FRANCE",48.7652,2.40948,Plein jour,En agglomération,Hors intersection,Normale,Autre collision,,,,,,,,,,,1,2,1,1.0,6
201300043305,0013-04-06 16:00:00,13,4,6,16,0,940,54,BAS MARIN (R DU),,,Plein jour,En agglomération,Intersection en T,Normale,Deux véhicules - côté,,,,,,,,,,,1,2,3,1.0,3
201300043306,0013-07-26 20:35:00,13,7,26,20,35,940,22,ROUGET DE LISLE (R),,,Plein jour,En agglomération,Hors intersection,Normale,Autre collision,,,,,,,,,,,1,2,1,1.0,6
201300043307,0013-11-25 22:30:00,13,11,25,22,30,940,22,ROUGET DE LISLE (R),,,Nuit avec éclairage allumé,En agglomération,Intersection en X,Normale,Deux véhicules - côté,,,,,,,,,,,5,2,2,1.0,3
201300043308,0013-11-27 12:15:00,13,11,27,12,15,940,22,"43, LUGO (AV DE)",,,Plein jour,En agglomération,Hors intersection,Normale,Autre collision,,,,,,,,,,,1,2,1,1.0,6
201300043309,0013-04-12 18:10:00,13,4,12,18,10,940,54,MARCEL CACHIN (AV),,,Plein jour,En agglomération,Hors intersection,Pluie légère,Deux véhicules - arrière,,,,,,,,,,,1,2,1,2.0,2
201300043310,0013-08-01 18:45:00,13,8,1,18,45,940,22,LUGO (AV DE),,,Plein jour,En agglomération,Intersection en T,Temps éblouissant,Autre collision,,,,,,,,,,,1,2,3,7.0,6
201300043311,0013-12-02 10:00:00,13,12,2,10,0,940,22,JEAN JAURES (R),,,Plein jour,En agglomération,Autre intersection,Normale,Deux véhicules - côté,,,,,,,,,,,1,2,9,1.0,3
201300043312,0013-12-04 11:50:00,13,12,4,11,50,940,22,"206 BIS, PARIS (R DE)",,,Plein jour,En agglomération,Intersection en T,Normale,Deux véhicules - arrière,,,,,,,,,,,1,2,3,1.0,2
201300043313,0013-04-18 18:40:00,13,4,18,18,40,940,22,VICTOR HUGO (AV),,,Plein jour,En agglomération,Place,Normale,Autre collision,,,,,,,,,,,1,2,7,1.0,6
201300043314,0013-12-08 13:20:00,13,12,8,13,20,940,22,"02, LEON GOURDAULT (AV)",,,Plein jour,En agglomération,Hors intersection,Normale,Autre collision,,,,,,,,,,,1,2,1,1.0,6
201300043315,0013-12-09 08:00:00,13,12,9,8,0,940,22,"21, ANATOLE FRANCE (AV)",,,Plein jour,En agglomération,Hors intersection,Normale,Deux véhicules - côté,,,,,,,,,,,1,2,1,1.0,3
201300043316,0013-08-09 12:00:00,13,8,9,12,0,940,54,BAS MARIN (R DU),,,Plein jour,En agglomération,Hors intersection,Normale,Deux véhicules - arrière,,,,,,,,,,,1,2,1,1.0,2
201300043317,0013-08-12 17:50:00,13,8,12,17,50,940,22,HUIT MAI 1945 (AV DU),,,Plein jour,En agglomération,Intersection en T,Normale,Deux véhicules - arrière,,,,,,,,,,,1,2,3,1.0,2
201300043318,0013-04-25 07:20:00,13,4,25,7,20,940,73,"130, LATTRE DE TASSIGNY",48.7533,2.40552,Plein jour,En agglomération,Hors intersection,Normale,Autre collision,,,,,,,,,,,1,2,1,1.0,6
201300043319,0013-01-03 11:00:00,13,1,3,11,0,940,28,AV DU MARECHAL FOCH,48.7811,2.43754,Plein jour,En agglomération,Hors intersection,Pluie légère,Deux véhicules - arrière,,,,,,,,,,,1,2,1,2.0,2
201300043320,0013-01-07 19:00:00,13,1,7,19,0,940,11,"0, CHOISY.(AVENUE DE)",,,Nuit sans éclairage public,En agglomération,Hors intersection,Normale,Autre collision,,,,,,,,,,,3,2,1,1.0,6
201300043321,0013-01-08 12:35:00,13,1,8,12,35,940,28,"40, PORTE DINER.(RUE DU)",,,Plein jour,En agglomération,Hors intersection,Normale,Autre collision,,,,,,,,,,,1,2,1,1.0,6
201300043322,0013-01-14 05:00:00,13,1,14,5,0,940,28,"NC, HALPERN.(AVENUE BERN",,,Nuit avec éclairage allumé,En agglomération,Hors intersection,Autre,Autre collision,,,,,,,,,,,5,2,1,9.0,6
201300043323,0013-01-09 20:00:00,13,1,9,20,0,940,28,CAR POMPADOUR,48.7746,2.43934,Nuit sans éclairage public,En agglomération,Giratoire,Normale,Autre collision,,,,,,,,,,,3,2,6,1.0,6
201300043324,0013-01-16 14:05:00,13,1,16,14,5,940,28,"0, GAULLE(AVENUE DU GENE",,,Plein jour,En agglomération,Intersection en T,Normale,Deux véhicules - côté,,,,,,,,,,,1,2,3,1.0,3
201300043325,0013-01-15 08:00:00,13,1,15,8,0,940,28,"0, GAULLE(AVENUE DU GENE",,,Crépuscule ou aube,En agglomération,Hors intersection,Pluie légère,Deux véhicules - côté,,,,,,,,,,,2,2,1,2.0,3
201300043326,0013-01-14 19:10:00,13,1,14,19,10,940,28,"0, PARIS.(RUE DE)",,,Plein jour,En agglomération,Hors intersection,Normale,Autre collision,,,,,,,,,,,1,2,1,1.0,6
201300043327,0013-01-22 16:50:00,13,1,22,16,50,940,28,"0, ARCOS.(RUE RENE)",,,Plein jour,En agglomération,Intersection en X,Normale,Autre collision,,,,,,,,,,,1,2,2,1.0,6
201300043328,0013-01-26 18:00:00,13,1,26,18,0,940,11,"40, COLONEL FABIEN(RUE D",,,Nuit avec éclairage allumé,En agglomération,Hors intersection,Normale,Deux véhicules - arrière,,,,,,,,,,,5,2,1,1.0,2
201300043329,0013-01-26 19:10:00,13,1,26,19,10,940,11,"02, STAINS(ROUTE DE)",,,Nuit avec éclairage allumé,En agglomération,Hors intersection,Normale,Deux véhicules - arrière,,,,,,,,,,,5,2,1,1.0,2
201300043330,0013-01-28 17:15:00,13,1,28,17,15,940,28,"0, CHOISY(ROUTE DE)",,,Crépuscule ou aube,En agglomération,Hors intersection,Normale,Autre collision,,,,,,,,,,,2,2,1,1.0,6
201300043331,0013-01-30 08:43:00,13,1,30,8,43,940,28,"0, CASALIS.(AVE DU DR PA",,,Plein jour,En agglomération,Hors intersection,Pluie légère,Autre collision,,,,,,,,,,,1,2,1,2.0,6
201300043332,0013-02-01 17:10:00,13,2,1,17,10,940,28,"0, CHAMPEVAL(AVE JEAN-BA",,,Crépuscule ou aube,En agglomération,Intersection en T,Normale,Deux véhicules - côté,,,,,,,,,,,2,2,3,1.0,3
201300043333,0013-02-03 16:30:00,13,2,3,16,30,940,28,"0, SATIE.(RUE ERIK)",,,Plein jour,En agglomération,Hors intersection,Normale,Autre collision,,,,,,,,,,,1,2,1,1.0,6
201300043334,0013-02-02 00:05:00,13,2,2,0,5,940,28,"0, CHOISY(ROUTE DE)",,,Nuit avec éclairage allumé,En agglomération,Hors intersection,Normale,Trois véhicules et plus - en chaîne,,,,,,,,,,,5,2,1,1.0,4
201300043335,0013-01-31 15:25:00,13,1,31,15,25,940,28,"0, CHOISY(ROUTE DE)",,,Plein jour,En agglomération,Hors intersection,Normale,Deux véhicules - arrière,,,,,,,,,,,1,2,1,1.0,2
201300043336,0013-02-05 11:10:00,13,2,5,11,10,940,11,"49, MOULIN BATEAU.(RUE D",,,Plein jour,En agglomération,Hors intersection,Normale,Deux véhicules - arrière,,,,,,,,,,,1,2,1,1.0,2
201300043337,0013-02-06 09:15:00,13,2,6,9,15,940,28,"24, BLEUETS(RUE DES)",,,Plein jour,En agglomération,Hors intersection,Normale,Autre collision,,,,,,,,,,,1,2,1,1.0,6
201300043338,0013-02-09 16:30:00,13,2,9,16,30,940,11,"NC, COLONEL FABIEN(RUE D",,,Plein jour,En agglomération,Hors intersection,Pluie légère,Autre collision,,,,,,,,,,,1,2,1,2.0,6
201300043339,0013-02-11 17:15:00,13,2,11,17,15,940,28,"0, VERDUN.(AVENUE DE)",,,Plein jour,En agglomération,Hors intersection,Normale,Deux véhicules - côté,,,,,,,,,,,1,2,1,1.0,3
201300043340,0013-02-11 18:10:00,13,2,11,18,10,940,28,"66, MECHES.(RUE DES)",,,Plein jour,En agglomération,Hors intersection,Normale,Deux véhicules - arrière,,,,,,,,,,,1,2,1,1.0,2
201300043341,0013-02-13 09:45:00,13,2,13,9,45,940,28,"NC, LAFERRIERE(AVENUE)",,,Plein jour,En agglomération,Hors intersection,Normale,Autre collision,,,,,,,,,,,1,2,1,1.0,6
201300043342,0013-02-13 12:45:00,13,2,13,12,45,940,28,"NC, ARCOS.(RUE RENE)",,,Plein jour,En agglomération,Hors intersection,Normale,Deux véhicules - côté,,,,,,,,,,,1,2,1,1.0,3
201300043343,0013-02-16 03:40:00,13,2,16,3,40,940,28,"0, LECLERC.(RUE DU GENER",,,Nuit sans éclairage public,En agglomération,Hors intersection,Normale,Autre collision,,,,,,,,,,,3,2,1,1.0,6
201300043344,0013-02-16 14:10:00,13,2,16,14,10,940,28,"0, BOEUFS(CHEMIN DES)",,,Plein jour,En agglomération,Hors intersection,Normale,Autre collision,,,,,,,,,,,1,2,1,1.0,6
201300043345,0013-02-16 18:25:00,13,2,16,18,25,940,28,"NC, FRANCE LIBRE(AVENUE",,,Crépuscule ou aube,En agglomération,Hors intersection,Normale,Autre collision,,,,,,,,,,,2,2,1,1.0,6
201300043346,0013-02-17 15:30:00,13,2,17,15,30,940,28,"0, SAVAR.(RUE JULIETTE)",,,Plein jour,En agglomération,Hors intersection,Normale,Deux véhicules - arrière,,,,,,,,,,,1,2,1,1.0,2
201300043347,0013-02-18 17:30:00,13,2,18,17,30,940,28,"0, LAFERRIERE(AVENUE)",,,Plein jour,En agglomération,Hors intersection,Normale,Autre collision,,,,,,,,,,,1,2,1,1.0,6
201300043348,0013-02-22 11:20:00,13,2,22,11,20,940,28,"0, CHOISY(ROUTE DE)",,,Plein jour,En agglomération,Hors intersection,Normale,Deux véhicules - arrière,,,,,,,,,,,1,2,1,1.0,2
201300043349,0013-02-24 01:50:00,13,2,24,1,50,940,28,"0, BROSSOLETTE(AVENUE PI",,,Nuit avec éclairage allumé,En agglomération,Hors intersection,Neige / grêle,Sans collision,,,,,,,,,,,5,2,1,4.0,7
201300043350,0013-03-01 01:10:00,13,3,1,1,10,940,28,"0, GAULLE(AVENUE DU GENE",,,Nuit avec éclairage allumé,Hors agglomération,Hors intersection,Normale,Autre collision,,,,,,,,,,,5,1,1,1.0,6
201300043351,0013-03-01 18:30:00,13,3,1,18,30,940,28,"NC, COMPAGNONS DE LA LIB",,,Plein jour,En agglomération,Hors intersection,Normale,Deux véhicules - arrière,,,,,,,,,,,1,2,1,1.0,2
201300043352,0013-03-02 19:50:00,13,3,2,19,50,940,11,"0, RHIN ET DANUBE(RUE DU",,,Nuit avec éclairage allumé,En agglomération,Hors intersection,Normale,Trois véhicules et plus - en chaîne,,,,,,,,,,,5,2,1,1.0,4
201300043353,0013-03-01 23:40:00,13,3,1,23,40,940,28,"136, LECLERC.(RUE DU GEN",,,Nuit avec éclairage allumé,En agglomération,Hors intersection,Normale,Deux véhicules - arrière,,,,,,,,,,,5,2,1,1.0,2
201300043354,0013-03-05 14:50:00,13,3,5,14,50,940,28,"0, CHOISY(ROUTE DE)",,,Plein jour,En agglomération,Hors intersection,Normale,Deux véhicules - côté,,,,,,,,,,,1,2,1,1.0,3
201300043355,0013-03-07 22:30:00,13,3,7,22,30,940,11,"0, BOISSY.(AVENUE DE)",,,Nuit avec éclairage allumé,En agglomération,Hors intersection,Normale,Deux véhicules - côté,,,,,,,,,,,5,2,1,1.0,3
201300043356,0013-03-15 18:15:00,13,3,15,18,15,940,28,"0, CLOS DE VOUGEOT.(RUE",,,Plein jour,En agglomération,Hors intersection,Normale,Autre collision,,,,,,,,,,,1,2,1,1.0,6
201300043357,0013-03-20 21:00:00,13,3,20,21,0,940,28,"0, CHOISY(ROUTE DE)",,,Nuit avec éclairage allumé,En agglomération,Hors intersection,Normale,Deux véhicules - côté,,,,,,,,,,,5,2,1,1.0,3
201300043358,0013-03-22 11:10:00,13,3,22,11,10,940,28,"2BIS, TASSIGNY(AVE DU MA",,,Plein jour,En agglomération,Hors intersection,Normale,Autre collision,,,,,,,,,,,1,2,1,1.0,6
201300043359,0013-04-03 17:15:00,13,4,3,17,15,940,28,"32, LACHARRIERE.(RUE DU",,,Plein jour,En agglomération,Hors intersection,Normale,Autre collision,,,,,,,,,,,1,2,1,1.0,6
201300043360,0013-04-06 15:45:00,13,4,6,15,45,940,28,"0, MESLY.(RUE DE)",,,Plein jour,En agglomération,Intersection en T,Normale,Autre collision,,,,,,,,,,,1,2,3,1.0,6
201300043361,0013-04-08 00:15:00,13,4,8,0,15,940,28,"0, SAVAR.(RUE JULIETTE)",,,Nuit sans éclairage public,En agglomération,Hors intersection,Normale,Autre collision,,,,,,,,,,,3,2,1,1.0,6
201300043362,0013-04-06 13:50:00,13,4,6,13,50,940,28,"0, OUDRY.(BOULVARD JEAN",,,Plein jour,En agglomération,Intersection en T,Normale,Deux véhicules - côté,,,,,,,,,,,1,2,3,1.0,3
201300043363,0013-04-10 08:45:00,13,4,10,8,45,940,11,"120, PARIS(AVENUE DE)",,,Plein jour,En agglomération,Hors intersection,Normale,Deux véhicules - côté,,,,,,,,,,,1,2,1,1.0,3
201300043364,0013-04-10 17:15:00,13,4,10,17,15,940,28,"8, SARRAIL.(RUE DU GENER",,,Plein jour,En agglomération,Hors intersection,Normale,Deux véhicules - arrière,,,,,,,,,,,1,2,1,1.0,2
201300043365,0013-04-11 15:45:00,13,4,11,15,45,940,28,"NR, MATISSE(RUE HENRI)",,,Plein jour,En agglomération,Hors intersection,Normale,Deux véhicules - arrière,,,,,,,,,,,1,2,1,1.0,2
201300043366,0013-04-17 08:45:00,13,4,17,8,45,940,11,"0, ROSTAND.(RUE JEAN)",,,Plein jour,En agglomération,Hors intersection,Normale,Autre collision,,,,,,,,,,,1,2,1,1.0,6
201300043367,0013-04-17 10:26:00,13,4,17,10,26,940,28,"0, SAINT-ELOI.(RUE)",,,Plein jour,En agglomération,Hors intersection,Normale,Autre collision,,,,,,,,,,,1,2,1,1.0,6
201300043368,0013-04-18 21:50:00,13,4,18,21,50,940,28,"0, CHOISY(ROUTE DE)",,,Nuit sans éclairage public,En agglomération,Hors intersection,Normale,Deux véhicules - côté,,,,,,,,,,,3,2,1,1.0,3
201300043369,0013-04-18 14:30:00,13,4,18,14,30,940,28,HALPERN.(AVENUE BERNARD),,,Plein jour,En agglomération,Hors intersection,Normale,Deux véhicules - côté,,,,,,,,,,,1,2,1,1.0,3
201300043370,0013-04-18 17:35:00,13,4,18,17,35,940,28,CHOISY/FOCH,48.7746,2.43934,Plein jour,En agglomération,Giratoire,Normale,Deux véhicules - côté,,,,,,,,,,,1,2,6,1.0,3
201300043371,0013-04-19 08:15:00,13,4,19,8,15,940,28,"2, MATISSE(RUE HENRI)",,,Plein jour,En agglomération,Hors intersection,Normale,Autre collision,,,,,,,,,,,1,2,1,1.0,6
201300043372,0013-04-22 13:30:00,13,4,22,13,30,940,28,"100, SAVAR.(RUE JULIETTE",,,Plein jour,En agglomération,Hors intersection,Normale,Deux véhicules - arrière,,,,,,,,,,,1,2,1,1.0,2
201300043373,0013-04-22 15:20:00,13,4,22,15,20,940,11,"116, PARIS(AVENUE DE)",,,Plein jour,En agglomération,Hors intersection,Normale,Deux véhicules - arrière,,,,,,,,,,,1,2,1,1.0,2
201300043374,0013-04-23 14:10:00,13,4,23,14,10,940,28,"0, POMPADOUR(ROUTE DE LA",,,Plein jour,En agglomération,Hors intersection,Normale,Deux véhicules - arrière,,,,,,,,,,,1,2,1,1.0,2
201300043375,0013-04-25 12:15:00,13,4,25,12,15,940,28,"0, CHOISY(ROUTE DE)",,,Plein jour,En agglomération,Hors intersection,Normale,Deux véhicules - arrière,,,,,,,,,,,1,2,1,1.0,2
201300043376,0013-04-29 09:00:00,13,4,29,9,0,940,28,"NC, MOULIN(RUE DU)",,,Plein jour,En agglomération,Hors intersection,Normale,Deux véhicules - côté,,,,,,,,,,,1,2,1,1.0,3
201300043377,0013-04-28 20:30:00,13,4,28,20,30,940,28,"46, TASSIGNY(AVE DU MARE",,,Plein jour,En agglomération,Hors intersection,Normale,Deux véhicules - côté,,,,,,,,,,,1,2,1,1.0,3
201300043378,0013-05-06 15:30:00,13,5,6,15,30,940,11,AV DE BOISSY,48.7612,2.49689,Plein jour,En agglomération,Hors intersection,Normale,Deux véhicules - arrière,,,,,,,,,,,1,2,1,1.0,2
201300043379,0013-05-09 01:25:00,13,5,9,1,25,940,28,"4, SCHOELCHER(RUE VICTOR",,,Nuit sans éclairage public,En agglomération,Hors intersection,Normale,Sans collision,,,,,,,,,,,3,2,1,1.0,7
201300043380,0013-05-10 13:45:00,13,5,10,13,45,940,11,"0, PARIS(AVENUE DE)",,,Plein jour,En agglomération,Giratoire,Normale,Autre collision,,,,,,,,,,,1,2,6,1.0,6
201300043381,0013-05-12 13:55:00,13,5,12,13,55,940,28,"0, TASSIGNY(AVE DU MAREC",,,Plein jour,En agglomération,Hors intersection,Normale,Autre collision,,,,,,,,,,,1,2,1,1.0,6
201300043382,0013-05-12 22:50:00,13,5,12,22,50,940,11,"0, PARIS(AVENUE DE)",,,Nuit avec éclairage allumé,En agglomération,Hors intersection,Pluie légère,Autre collision,,,,,,,,,,,5,2,1,2.0,6
201300043383,0013-05-12 22:00:00,13,5,12,22,0,940,28,"0, VERDUN.(AVENUE DE)",,,Nuit avec éclairage allumé,En agglomération,Autre intersection,Pluie légère,Deux véhicules - côté,,,,,,,,,,,5,2,9,2.0,3
201300043384,0013-05-15 12:00:00,13,5,15,12,0,940,11,"NC, ROSTAND.(RUE JEAN)",,,Plein jour,En agglomération,Hors intersection,Normale,Deux véhicules - arrière,,,,,,,,,,,1,2,1,1.0,2
201300043385,0013-05-17 08:22:00,13,5,17,8,22,940,28,"nc, CHOISY(ROUTE DE)",,,Plein jour,En agglomération,Hors intersection,Normale,Deux véhicules - arrière,,,,,,,,,,,1,2,1,1.0,2
201300043386,0013-05-20 17:50:00,13,5,20,17,50,940,28,"96, TASSIGNY(AVE DU MARE",,,Plein jour,En agglomération,Hors intersection,Normale,Autre collision,,,,,,,,,,,1,2,1,1.0,6
201300043387,0013-05-21 16:35:00,13,5,21,16,35,940,28,CHOISY/FOCH,48.7746,2.43934,Plein jour,En agglomération,Giratoire,Normale,Deux véhicules - côté,,,,,,,,,,,1,2,6,1.0,3
201300043388,0013-05-21 11:00:00,13,5,21,11,0,940,28,"0, LECLERC.(RUE DU GENER",,,Plein jour,En agglomération,Hors intersection,Normale,Deux véhicules - arrière,,,,,,,,,,,1,2,1,1.0,2
201300043389,0013-05-21 10:30:00,13,5,21,10,30,940,28,"0, CHOISY(ROUTE DE)",,,Plein jour,En agglomération,Hors intersection,Pluie légère,Deux véhicules - arrière,,,,,,,,,,,1,2,1,2.0,2
201300043390,0013-05-22 18:10:00,13,5,22,18,10,940,28,"0, TASSIGNY(AVE DU MAREC",,,Plein jour,En agglomération,Hors intersection,Normale,Autre collision,,,,,,,,,,,1,2,1,1.0,6
201300043391,0013-05-18 03:15:00,13,5,18,3,15,940,28,"NC, FOCH(AVENUE DU MAREC",,,Nuit avec éclairage allumé,En agglomération,Hors intersection,Normale,Trois véhicules et plus - en chaîne,,,,,,,,,,,5,2,1,1.0,4
201300043392,0013-05-28 10:45:00,13,5,28,10,45,940,28,"59, CASALIS.(AVE DU DR P",,,Plein jour,En agglomération,Hors intersection,Normale,Autre collision,,,,,,,,,,,1,2,1,1.0,6
201300043393,0013-05-28 16:40:00,13,5,28,16,40,940,28,"0, SAVAR.(RUE JULIETTE)",,,Plein jour,En agglomération,Hors intersection,Normale,Autre collision,,,,,,,,,,,1,2,1,1.0,6
201300043394,0013-05-29 13:50:00,13,5,29,13,50,940,28,"0, ECHAT(RUE DE L')",,,Plein jour,En agglomération,Hors intersection,Normale,Autre collision,,,,,,,,,,,1,2,1,1.0,6
201300043395,0013-05-30 08:00:00,13,5,30,8,0,940,28,"0, MITTERAND (Rue Fran?o",,,Plein jour,En agglomération,Hors intersection,Pluie légère,Autre collision,,,,,,,,,,,1,2,1,2.0,6
201300043396,0013-05-31 13:15:00,13,5,31,13,15,940,11,"0, MARRONNIERS.(AVENUE D",,,Plein jour,En agglomération,Hors intersection,Normale,Autre collision,,,,,,,,,,,1,2,1,1.0,6
201300043397,0013-05-31 17:10:00,13,5,31,17,10,940,28,"0, GAULLE(AVENUE DU GENE",,,Plein jour,En agglomération,Hors intersection,Normale,Autre collision,,,,,,,,,,,1,2,1,1.0,6
201300043398,0013-06-05 17:00:00,13,6,5,17,0,940,11,"0, SEMARD(RUE PIERRE)",,,Plein jour,En agglomération,Hors intersection,Normale,Deux véhicules - arrière,,,,,,,,,,,1,2,1,1.0,2
201300043399,0013-06-08 09:40:00,13,6,8,9,40,940,28,"NC, LECLERC.(RUE DU GENE",,,Plein jour,En agglomération,Hors intersection,Normale,Deux véhicules - arrière,,,,,,,,,,,1,2,1,1.0,2
201300043400,0013-06-08 07:35:00,13,6,8,7,35,940,28,AV DU MARECHAL FOCH,48.7728,2.43967,Plein jour,En agglomération,Hors intersection,Normale,Deux véhicules - côté,,,,,,,,,,,1,2,1,1.0,3
201300043401,0013-06-09 04:05:00,13,6,9,4,5,940,28,"65, R SAINT-SIMON",48.7946,2.44543,Nuit avec éclairage allumé,En agglomération,Hors intersection,Pluie légère,Autre collision,,,,,,,,,,,5,2,1,2.0,6
201300043402,0013-06-07 09:10:00,13,6,7,9,10,940,11,"09, CHOISY.(AVENUE DE)",,,Plein jour,En agglomération,Hors intersection,Normale,Autre collision,,,,,,,,,,,1,2,1,1.0,6
201300043403,0013-06-13 16:20:00,13,6,13,16,20,940,28,"0, BROSSOLETTE(AVENUE PI",,,Plein jour,En agglomération,Intersection en T,Pluie légère,Deux véhicules - côté,,,,,,,,,,,1,2,3,2.0,3
201300043404,0013-06-16 04:30:00,13,6,16,4,30,940,28,CHOISY/FOCH,48.774,2.43915,Crépuscule ou aube,Hors agglomération,Giratoire,Normale,Deux véhicules - côté,,,,,,,,,,,2,1,6,1.0,3
201300043405,0013-06-17 08:40:00,13,6,17,8,40,940,28,"0, SULLY(RUE MAXILIEN DE",,,Plein jour,En agglomération,Hors intersection,Normale,Autre collision,,,,,,,,,,,1,2,1,1.0,6
201300043406,0013-06-17 19:30:00,13,6,17,19,30,940,28,FOCH/SEGUIN,,,Plein jour,En agglomération,Giratoire,Pluie légère,Deux véhicules - arrière,,,,,,,,,,,1,2,6,2.0,2
201300043407,0013-06-16 02:25:00,13,6,16,2,25,940,28,CHOISY/FOCH,48.7746,2.43934,Nuit sans éclairage public,Hors agglomération,Giratoire,Normale,Deux véhicules - arrière,,,,,,,,,,,3,1,6,1.0,2
201300043408,0013-06-18 16:30:00,13,6,18,16,30,940,28,FOCH/FONTAINE ST CHRISTO,48.7802,2.43777,Plein jour,En agglomération,Intersection en X,Normale,Trois véhicules et plus - collisions multiples,,,,,,,,,,,1,2,2,1.0,5
201300043409,0013-06-18 18:50:00,13,6,18,18,50,940,28,"NC, VERDUN.(AVENUE DE)",,,Plein jour,En agglomération,Hors intersection,Normale,Deux véhicules - arrière,,,,,,,,,,,1,2,1,1.0,2
201300043410,0013-06-19 08:30:00,13,6,19,8,30,940,28,"77, PARIS.(RUE DE)",,,Plein jour,En agglomération,Hors intersection,Pluie forte,Trois véhicules et plus - en chaîne,,,,,,,,,,,1,2,1,3.0,4
201300043411,0013-06-21 22:30:00,13,6,21,22,30,940,28,"0, CHOISY(ROUTE DE)",,,Nuit avec éclairage allumé,En agglomération,Hors intersection,Normale,Deux véhicules - côté,,,,,,,,,,,5,2,1,1.0,3
201300043412,0013-06-23 12:00:00,13,6,23,12,0,940,28,"0, CHOISY(ROUTE DE)",,,Plein jour,En agglomération,Hors intersection,Normale,Autre collision,,,,,,,,,,,1,2,1,1.0,6
201300043413,0013-06-22 06:50:00,13,6,22,6,50,940,28,"0, VASCO DE GAMA (R)",,,Plein jour,En agglomération,Hors intersection,Normale,Autre collision,,,,,,,,,,,1,2,1,1.0,6
201300043414,0013-06-23 19:00:00,13,6,23,19,0,940,11,"0, OUEST(ROUTE DE L')",,,Plein jour,En agglomération,Hors intersection,Normale,Autre collision,,,,,,,,,,,1,2,1,1.0,6
201300043415,0013-06-23 18:00:00,13,6,23,18,0,940,28,"0, GAULLE(AVENUE DU GENE",,,Plein jour,En agglomération,Hors intersection,Normale,Autre collision,,,,,,,,,,,1,2,1,1.0,6
201300043416,0013-06-25 03:10:00,13,6,25,3,10,940,28,"0, ARCOS.(RUE RENE)",,,Nuit avec éclairage allumé,En agglomération,Hors intersection,Normale,Deux véhicules - côté,,,,,,,,,,,5,2,1,1.0,3
201300043417,0013-06-25 19:30:00,13,6,25,19,30,940,11,"0, ROSTAND.(RUE JEAN)",,,Plein jour,En agglomération,Hors intersection,Normale,Deux véhicules - côté,,,,,,,,,,,1,2,1,1.0,3
201300043418,0013-06-26 11:50:00,13,6,26,11,50,940,28,CHOISY/CHOISY,,,Plein jour,En agglomération,Giratoire,Normale,Autre collision,,,,,,,,,,,1,2,6,1.0,6
201300043419,0013-06-26 20:50:00,13,6,26,20,50,940,28,"0, FRANCE LIBRE(AVENUE D",,,Plein jour,En agglomération,Hors intersection,Normale,Autre collision,,,,,,,,,,,1,2,1,1.0,6
201300043420,0013-06-28 10:30:00,13,6,28,10,30,940,28,"97, LAFERRIERE(AVENUE)",,,Plein jour,En agglomération,Hors intersection,Normale,Autre collision,,,,,,,,,,,1,2,1,1.0,6
201300043421,0013-06-28 11:20:00,13,6,28,11,20,940,28,"30, FRANCE LIBRE(AVENUE",,,Plein jour,En agglomération,Hors intersection,Normale,Deux véhicules - arrière,,,,,,,,,,,1,2,1,1.0,2
201300043422,0013-06-28 11:30:00,13,6,28,11,30,940,28,"NR, CASALIS.(AVE DU DR P",,,Plein jour,En agglomération,Hors intersection,Normale,Autre collision,,,,,,,,,,,1,2,1,1.0,6
201300043423,0013-06-30 00:55:00,13,6,30,0,55,940,28,"NC, COMPAGNONS DE LA LIB",,,Nuit avec éclairage allumé,En agglomération,Hors intersection,Normale,Deux véhicules - arrière,,,,,,,,,,,5,2,1,1.0,2
201300043424,0013-06-30 15:45:00,13,6,30,15,45,940,11,"NC, GROSS(RUE AUGUSTE)",,,Plein jour,En agglomération,Hors intersection,Normale,Deux véhicules - côté,,,,,,,,,,,1,2,1,1.0,3