accident_id,datetime,annee,mois,jour,heure,minute,departement,commune_insee,adresse,latitude,longitude,luminosite,agglomeration,intersection,meteo,collision,nb_vehicules,nb_usagers,nb_indemnes,nb_tues,nb_blesses_hosp,nb_blesses_legers,age_cond_1,age_cond_2,veh_type_cond_1,veh_type_cond_2,lum_code,agg_code,int_code,atm_code,col_code
201300044072,0013-10-29 18:30:00,13,10,29,18,30,940,46,"., JEAN JAURES (R)",,,Crépuscule ou aube,En agglomération,Hors intersection,Normale,Autre collision,,,,,,,,,,,2,2,1,1.0,6
201300044073,0013-10-17 10:30:00,13,10,17,10,30,940,46,"02, GENERAL LECLERC (AV",,,Plein jour,En agglomération,Hors intersection,Normale,Autre collision,,,,,,,,,,,1,2,1,1.0,6
201300044074,0013-12-09 12:30:00,13,12,9,12,30,940,46,"6/8, DIX HUIT JUIN 1940",,,Plein jour,En agglomération,Hors intersection,Normale,Autre collision,,,,,,,,,,,1,2,1,1.0,6
201300044075,0013-08-24 22:30:00,13,8,24,22,30,940,46,"., BELFORT (R DE)",,,Nuit avec éclairage allumé,En agglomération,Intersection en X,Normale,Deux véhicules - côté,,,,,,,,,,,5,2,2,1.0,3
201300044076,0013-08-14 22:20:00,13,8,14,22,20,940,46,"., GENERAL LECLERC (AV D",,,Nuit avec éclairage allumé,En agglomération,Hors intersection,Normale,Deux véhicules - côté,,,,,,,,,,,5,2,1,1.0,3
201300044077,0013-06-10 19:00:00,13,6,10,19,0,940,46,"., REPUBLIQUE (AV DE LA)",,,Plein jour,En agglomération,Hors intersection,Temps couvert,Autre collision,,,,,,,,,,,1,2,1,8.0,6
201300044078,0013-09-12 14:45:00,13,9,12,14,45,940,46,"105bis, JEAN JAURES (R)",,,Plein jour,En agglomération,Hors intersection,Normale,Autre collision,,,,,,,,,,,1,2,1,1.0,6
201300044079,0013-12-17 14:35:00,13,12,17,14,35,940,46,"02, EUGENE RENAULT (R)",,,Plein jour,En agglomération,Hors intersection,Normale,Deux véhicules - côté,,,,,,,,,,,1,2,1,1.0,3
201300044080,0013-12-24 13:35:00,13,12,24,13,35,940,46,"., GEORGES CLEMENCEAU (A",,,Plein jour,En agglomération,Hors intersection,Normale,Autre collision,,,,,,,,,,,1,2,1,1.0,6
201300044081,0013-12-24 17:10:00,13,12,24,17,10,940,46,"33, REPUBLIQUE (AV DE LA",,,Nuit avec éclairage allumé,En agglomération,Hors intersection,Pluie légère,Autre collision,,,,,,,,,,,5,2,1,2.0,6
201300044082,0013-12-28 18:40:00,13,12,28,18,40,940,46,"., REPUBLIQUE (AV DE LA)",,,Nuit avec éclairage allumé,En agglomération,Intersection en X,Normale,Deux véhicules - côté,,,,,,,,,,,5,2,2,1.0,3
201300044083,0013-01-02 14:00:00,13,1,2,14,0,940,52,STRASBOURG (BD DE),,,Plein jour,En agglomération,Hors intersection,Normale,Deux véhicules - arrière,,,,,,,,,,,1,2,1,1.0,2
201300044084,0013-01-08 08:30:00,13,1,8,8,30,940,52,STRASBOURG (BD DE),,,Plein jour,En agglomération,Hors intersection,Normale,Deux véhicules - côté,,,,,,,,,,,1,2,1,1.0,3
201300044085,0013-01-11 08:15:00,13,1,11,8,15,940,15,FOUR (R DU),,,Crépuscule ou aube,En agglomération,Hors intersection,Normale,Autre collision,,,,,,,,,,,2,2,1,1.0,6
201300044086,0013-01-12 11:55:00,13,1,12,11,55,940,15,"64, GENERAL LECLERC (AV)",,,Plein jour,En agglomération,Hors intersection,Pluie légère,Trois véhicules et plus - collisions multiples,,,,,,,,,,,1,2,1,2.0,5
201300044087,0013-06-29 22:45:00,13,6,29,22,45,940,15,GEORGES CLEMENCEAU (AV),,,Nuit avec éclairage allumé,En agglomération,Intersection en X,Normale,Deux véhicules - côté,,,,,,,,,,,5,2,2,1.0,3
201300044088,0013-01-17 22:15:00,13,1,17,22,15,940,52,STRASBOURG (BD DE),,,Nuit avec éclairage allumé,En agglomération,Intersection en X,Autre,Deux véhicules - côté,,,,,,,,,,,5,2,2,9.0,3
201300044089,0013-01-21 12:20:00,13,1,21,12,20,940,52,ARMISTICE (R DE L),,,Plein jour,En agglomération,Hors intersection,Neige / grêle,Autre collision,,,,,,,,,,,1,2,1,4.0,6
201300044090,0013-01-26 11:50:00,13,1,26,11,50,940,42,"8, JAMIN (AV)",,,Plein jour,En agglomération,Hors intersection,Normale,Autre collision,,,,,,,,,,,1,2,1,1.0,6
201300044091,0013-01-26 21:45:00,13,1,26,21,45,940,58,"112, GENERAL DE GAULLE (",,,Nuit avec éclairage allumé,En agglomération,Hors intersection,Normale,Deux véhicules - côté,,,,,,,,,,,5,2,1,1.0,3
201300044092,0013-01-29 10:45:00,13,1,29,10,45,940,52,STRASBOURG/ANQUETIL,,,Plein jour,En agglomération,Intersection en T,Pluie légère,Deux véhicules - arrière,,,,,,,,,,,1,2,3,2.0,2
201300044093,0013-01-31 12:30:00,13,1,31,12,30,940,15,GEORGES MELIES (BD),,,Plein jour,En agglomération,Intersection en X,Normale,Deux véhicules - côté,,,,,,,,,,,1,2,2,1.0,3
201300044094,0013-11-25 07:00:00,13,11,25,7,0,940,58,"189, ALSACE LORRAINE (BD",,,Crépuscule ou aube,En agglomération,Hors intersection,Normale,Deux véhicules - côté,,,,,,,,,,,2,2,1,1.0,3
201300044095,0013-11-25 14:10:00,13,11,25,14,10,940,42,PARIS (R DE),,,Plein jour,En agglomération,Hors intersection,Normale,Deux véhicules - côté,,,,,,,,,,,1,2,1,1.0,3
201300044096,0013-02-06 11:50:00,13,2,6,11,50,940,58,"2 bis, FONTENAY (BD DE)",,,Plein jour,En agglomération,Hors intersection,Normale,Autre collision,,,,,,,,,,,1,2,1,1.0,6
201300044097,0013-02-11 15:40:00,13,2,11,15,40,940,58,"260, PIERRE BROSSOLETTE",,,Plein jour,En agglomération,Autre intersection,Normale,Deux véhicules - arrière,,,,,,,,,,,1,2,9,1.0,2
201300044098,0013-02-14 19:50:00,13,2,14,19,50,940,58,"106 bis, PIERRE BROSSOLE",,,Nuit avec éclairage allumé,Hors agglomération,Intersection en T,Autre,Deux véhicules - arrière,,,,,,,,,,,5,1,3,9.0,2
201300044099,0013-02-21 09:35:00,13,2,21,9,35,940,42,GENERAL GALLIENI - PONT,,,Plein jour,En agglomération,Hors intersection,Normale,Deux véhicules - côté,,,,,,,,,,,1,2,1,1.0,3
201300044100,0013-03-02 11:35:00,13,3,2,11,35,940,52,WATTEAU (AV),,,Plein jour,En agglomération,Hors intersection,Normale,Deux véhicules - côté,,,,,,,,,,,1,2,1,1.0,3
201300044101,0013-03-06 06:45:00,13,3,6,6,45,940,52,MARRONIERS (AV DES),,,Nuit sans éclairage public,En agglomération,Intersection en X,Normale,Autre collision,,,,,,,,,,,3,2,2,1.0,6
201300044102,0013-03-09 14:05:00,13,3,9,14,5,940,42,GENERAL GALLIENI - PONT,,,Plein jour,En agglomération,Autre intersection,Normale,Trois véhicules et plus - en chaîne,,,,,,,,,,,1,2,9,1.0,4
201300044103,0013-03-12 06:55:00,13,3,12,6,55,940,15,FRERES LUMIERE (AV DES),,,Plein jour,Hors agglomération,Hors intersection,Neige / grêle,Deux véhicules - frontale,,,,,,,,,,,1,1,1,4.0,1
201300044104,0013-12-10 14:30:00,13,12,10,14,30,940,52,JACQUES KABLE (R),,,Plein jour,En agglomération,Intersection en X,Temps éblouissant,Autre collision,,,,,,,,,,,1,2,2,7.0,6
201300044105,0013-03-15 12:00:00,13,3,15,12,0,940,52,"107, CHARLES DE GAULLE (",,,Plein jour,En agglomération,Hors intersection,Normale,Deux véhicules - arrière,,,,,,,,,,,1,2,1,1.0,2
201300044106,0013-12-11 12:50:00,13,12,11,12,50,940,52,CHARLES DE GAULLE (GRAND,,,Plein jour,En agglomération,Hors intersection,Normale,Autre collision,,,,,,,,,,,1,2,1,1.0,6
201300044107,0013-12-11 16:30:00,13,12,11,16,30,940,52,JOINVILLE (AV DE),,,Crépuscule ou aube,Hors agglomération,Hors intersection,Normale,Autre collision,,,,,,,,,,,2,1,1,1.0,6
201300044108,0013-03-18 10:25:00,13,3,18,10,25,940,52,"144, STRASBOURG (BD DE)",,,Plein jour,En agglomération,Intersection en T,Normale,Autre collision,,,,,,,,,,,1,2,3,1.0,6
201300044109,0013-03-21 15:40:00,13,3,21,15,40,940,58,ALSACE LORRAINE (BD D),,,Plein jour,En agglomération,Intersection en T,Normale,Autre collision,,,,,,,,,,,1,2,3,1.0,6
201300044110,0013-03-21 17:00:00,13,3,21,17,0,940,52,"158, CHARLES DE GAULLE (",,,Plein jour,En agglomération,Hors intersection,Normale,Autre collision,,,,,,,,,,,1,2,1,1.0,6
201300044111,0013-12-13 15:40:00,13,12,13,15,40,940,42,EUROPE (BD DE L),,,Plein jour,En agglomération,Intersection en X,Normale,Deux véhicules - côté,,,,,,,,,,,1,2,2,1.0,3
201300044112,0013-12-14 12:30:00,13,12,14,12,30,940,52,"30, CHARLES DE GAULLE (G",,,Plein jour,En agglomération,Hors intersection,Normale,Deux véhicules - côté,,,,,,,,,,,1,2,1,1.0,3
201300044113,0013-12-14 15:40:00,13,12,14,15,40,940,42,VERDUN (PL DE),,,Plein jour,En agglomération,Place,Normale,Deux véhicules - arrière,,,,,,,,,,,1,2,7,1.0,2
201300044114,0013-03-29 17:00:00,13,3,29,17,0,940,15,"27, MESANGES (R DES)",,,Plein jour,En agglomération,Hors intersection,Normale,Autre collision,,,,,,,,,,,1,2,1,1.0,6
201300044115,0013-04-03 16:50:00,13,4,3,16,50,940,42,PARIS (R DE),,,Plein jour,En agglomération,Hors intersection,Normale,Autre collision,,,,,,,,,,,1,2,1,1.0,6
201300044116,0013-12-18 16:20:00,13,12,18,16,20,940,42,"2, BARRAGE (QU DU)",,,Plein jour,Hors agglomération,Hors intersection,Normale,Autre collision,,,,,,,,,,,1,1,1,1.0,6
201300044117,0013-04-05 17:15:00,13,4,5,17,15,940,15,"44, GENERAL LECLERC (AV)",,,Plein jour,En agglomération,Hors intersection,Normale,Trois véhicules et plus - collisions multiples,,,,,,,,,,,1,2,1,1.0,5
201300044118,0013-04-05 18:15:00,13,4,5,18,15,940,52,"143, STRASBOURG (BD DE)",,,Plein jour,En agglomération,Hors intersection,Normale,Deux véhicules - côté,,,,,,,,,,,1,2,1,1.0,3
201300044119,0013-12-20 20:05:00,13,12,20,20,5,940,42,CANADIENS (AV DES),,,Nuit avec éclairage allumé,En agglomération,Hors intersection,Normale,Autre collision,,,,,,,,,,,5,2,1,1.0,6
201300044120,0013-04-10 16:15:00,13,4,10,16,15,940,58,LATERALE AU VIADUC (R),,,Plein jour,En agglomération,Intersection en X,Normale,Deux véhicules - côté,,,,,,,,,,,1,2,2,1.0,3
201300044121,0013-04-12 16:05:00,13,4,12,16,5,940,58,"59, GENERAL DE GAULLE (A",,,Plein jour,En agglomération,Hors intersection,Pluie forte,Autre collision,,,,,,,,,,,1,2,1,3.0,6
201300044122,0013-04-12 21:10:00,13,4,12,21,10,940,42,PRESIDENT JOHN KENNEDY (,,,Nuit avec éclairage allumé,En agglomération,Intersection en X,Normale,Deux véhicules - frontale,,,,,,,,,,,5,2,2,1.0,1
201300044123,0013-04-14 18:20:00,13,4,14,18,20,940,15,FOUR (R DU),,,Plein jour,En agglomération,Intersection en X,Normale,Deux véhicules - côté,,,,,,,,,,,1,2,2,1.0,3
201300044124,0013-12-23 14:00:00,13,12,23,14,0,940,52,"14, CHARLES DE GAULLE (G",,,Plein jour,En agglomération,Hors intersection,Normale,Deux véhicules - arrière,,,,,,,,,,,1,2,1,1.0,2
201300044125,0013-04-15 20:30:00,13,4,15,20,30,940,42,BIR HAKEIM (QU DE),,,Plein jour,En agglomération,Hors intersection,Normale,Deux véhicules - frontale,,,,,,,,,,,1,2,1,1.0,1
201300044126,0013-04-18 08:00:00,13,4,18,8,0,940,42,ELYSEE (R DE L),,,Plein jour,En agglomération,Intersection en T,Normale,Deux véhicules - côté,,,,,,,,,,,1,2,3,1.0,3
201300044127,0013-04-20 03:20:00,13,4,20,3,20,940,1,BD ALBERT 1ER,,,Nuit avec éclairage allumé,En agglomération,Hors intersection,Normale,Deux véhicules - côté,,,,,,,,,,,5,2,1,1.0,3
201300044128,0013-04-22 09:50:00,13,4,22,9,50,940,58,FOCH (BD),,,Plein jour,En agglomération,Hors intersection,Normale,Autre collision,,,,,,,,,,,1,2,1,1.0,6
201300044129,0013-12-27 18:10:00,13,12,27,18,10,940,58,"32, GENERAL DE GAULLE (A",,,Nuit avec éclairage allumé,En agglomération,Hors intersection,Pluie légère,Autre collision,,,,,,,,,,,5,2,1,2.0,6
201300044130,0013-04-27 18:30:00,13,4,27,18,30,940,58,MARECHAL JOFFRE (AV DU),,,Plein jour,En agglomération,Autre intersection,Temps couvert,Deux véhicules - côté,,,,,,,,,,,1,2,9,8.0,3
201300044131,0013-04-30 16:45:00,13,4,30,16,45,940,52,PONT DE NOGENT,,,Plein jour,Hors agglomération,Hors intersection,Pluie légère,Trois véhicules et plus - collisions multiples,,,,,,,,,,,1,1,1,2.0,5
201300044132,0013-12-31 15:25:00,13,12,31,15,25,940,58,STATION (R DE LA),,,Plein jour,En agglomération,Hors intersection,Normale,Autre collision,,,,,,,,,,,1,2,1,1.0,6
201300044133,0013-05-15 18:15:00,13,5,15,18,15,940,15,GEORGES MELIES (BD),,,Plein jour,En agglomération,Hors intersection,Normale,Autre collision,,,,,,,,,,,1,2,1,1.0,6
201300044134,0013-05-19 18:10:00,13,5,19,18,10,940,58,LEDRU ROLLIN (AV),,,Plein jour,En agglomération,Intersection en T,Pluie forte,Deux véhicules - arrière,,,,,,,,,,,1,2,3,3.0,2
201300044135,0013-05-17 14:40:00,13,5,17,14,40,940,52,"101B, THEODORE HONORE (R",,,Plein jour,En agglomération,Hors intersection,Normale,Autre collision,,,,,,,,,,,1,2,1,1.0,6
201300044136,0013-05-21 09:45:00,13,5,21,9,45,940,58,NANCY (R DE),,,Plein jour,En agglomération,Hors intersection,Pluie légère,Autre collision,,,,,,,,,,,1,2,1,2.0,6
201300044137,0013-06-04 09:00:00,13,6,4,9,0,940,42,"28, GENERAL GALLIENI (AV",,,Plein jour,En agglomération,Hors intersection,Normale,Deux véhicules - arrière,,,,,,,,,,,1,2,1,1.0,2
201300044138,0013-06-05 08:30:00,13,6,5,8,30,940,58,GENERAL DE GAULLE (AV DU,,,Plein jour,En agglomération,Intersection en T,Normale,Deux véhicules - côté,,,,,,,,,,,1,2,3,1.0,3
201300044139,0013-06-07 17:20:00,13,6,7,17,20,940,58,"29, JULES FERRY (R)",,,Plein jour,En agglomération,Hors intersection,Normale,Autre collision,,,,,,,,,,,1,2,1,1.0,6
201300044140,0013-06-07 18:30:00,13,6,7,18,30,940,42,GENERAL GALLIENI - PONT,,,Plein jour,En agglomération,Hors intersection,Normale,Deux véhicules - arrière,,,,,,,,,,,1,2,1,1.0,2
201300044141,0013-06-10 19:40:00,13,6,10,19,40,940,42,GALLIENI/FOCH,,,Plein jour,En agglomération,Intersection à plus de 4 branches,Normale,Autre collision,,,,,,,,,,,1,2,5,1.0,6
201300044142,0013-06-11 07:35:00,13,6,11,7,35,940,52,JACQUES KABLE (R),,,Plein jour,En agglomération,Intersection en T,Normale,Deux véhicules - côté,,,,,,,,,,,1,2,3,1.0,3
201300044143,0013-06-13 19:45:00,13,6,13,19,45,940,15,GEORGES MELIES (BD),,,Plein jour,Hors agglomération,Autre intersection,Normale,Autre collision,,,,,,,,,,,1,1,9,1.0,6
201300044144,0013-06-19 15:40:00,13,6,19,15,40,940,58,LIBERTE (BD DE LA),,,Plein jour,En agglomération,Intersection en X,Normale,Deux véhicules - côté,,,,,,,,,,,1,2,2,1.0,3
201300044145,0013-06-19 15:15:00,13,6,19,15,15,940,58,"35, FOCH (BD)",,,Plein jour,En agglomération,Intersection en X,Normale,Deux véhicules - côté,,,,,,,,,,,1,2,2,1.0,3
201300044146,0013-06-19 20:15:00,13,6,19,20,15,940,52,STRASBOURG (BD DE),,,Plein jour,En agglomération,Hors intersection,Pluie forte,Deux véhicules - arrière,,,,,,,,,,,1,2,1,3.0,2
201300044147,0013-06-21 17:30:00,13,6,21,17,30,940,52,STRASBOURG (BD DE),,,Plein jour,En agglomération,Hors intersection,Normale,Deux véhicules - arrière,,,,,,,,,,,1,2,1,1.0,2
201300044148,0013-06-25 15:50:00,13,6,25,15,50,940,42,"21, MARECHAL LECLERC (BD",,,Plein jour,En agglomération,Hors intersection,Normale,Deux véhicules - arrière,,,,,,,,,,,1,2,1,1.0,2
201300044149,0013-07-02 10:45:00,13,7,2,10,45,940,42,MARCEAU (AV),,,Plein jour,En agglomération,Intersection en X,Normale,Deux véhicules - côté,,,,,,,,,,,1,2,2,1.0,3
201300044150,0013-07-05 19:20:00,13,7,5,19,20,940,52,LIEUTENANT OHRESSER (R D,,,Plein jour,En agglomération,Intersection en X,Normale,Autre collision,,,,,,,,,,,1,2,2,1.0,6
201300044151,0013-07-08 10:30:00,13,7,8,10,30,940,42,"12, CANADIENS (AV DES)",,,Plein jour,En agglomération,Hors intersection,Normale,Deux véhicules - côté,,,,,,,,,,,1,2,1,1.0,3
201300044152,0013-07-10 16:35:00,13,7,10,16,35,940,58,GENERAL LECLERC (PLACE),,,Plein jour,En agglomération,Hors intersection,Normale,Deux véhicules - côté,,,,,,,,,,,1,2,1,1.0,3
201300044153,0013-07-10 22:30:00,13,7,10,22,30,940,52,"2, JACQUES KABLE (R)",,,Nuit avec éclairage allumé,En agglomération,Hors intersection,Normale,Deux véhicules - côté,,,,,,,,,,,5,2,1,1.0,3
201300044154,0013-07-12 08:00:00,13,7,12,8,0,940,58,ALSACE LORRAINE,,,Plein jour,En agglomération,Intersection en X,Normale,Deux véhicules - côté,,,,,,,,,,,1,2,2,1.0,3
201300044155,0013-07-14 16:00:00,13,7,14,16,0,940,15,"54, AV DE RIGNY",,,Plein jour,En agglomération,Hors intersection,Normale,Deux véhicules - frontale,,,,,,,,,,,1,2,1,1.0,1
201300044156,0013-07-15 17:30:00,13,7,15,17,30,940,52,"95, STRASBOURG (BD DE)",,,Plein jour,En agglomération,Intersection en X,Normale,Autre collision,,,,,,,,,,,1,2,2,1.0,6
201300044157,0013-07-16 11:46:00,13,7,16,11,46,940,52,"10, STRASBOURG (BD DE)",,,Plein jour,En agglomération,Hors intersection,Normale,Deux véhicules - arrière,,,,,,,,,,,1,2,1,1.0,2
201300044158,0013-07-17 18:35:00,13,7,17,18,35,940,52,ALBERT 1ER/DE GAULLE,,,Plein jour,En agglomération,Intersection en X,Normale,Trois véhicules et plus - collisions multiples,,,,,,,,,,,1,2,2,1.0,5
201300044159,0013-07-18 13:00:00,13,7,18,13,0,940,42,CHARLES FLOQUET (AV),,,Plein jour,En agglomération,Intersection en X,Normale,Deux véhicules - frontale,,,,,,,,,,,1,2,2,1.0,1
201300044160,0013-07-21 09:10:00,13,7,21,9,10,940,58,"89, ARTOIS (QU D)",,,Plein jour,En agglomération,Hors intersection,Normale,Deux véhicules - frontale,,,,,,,,,,,1,2,1,1.0,1
201300044161,0013-07-29 17:42:00,13,7,29,17,42,940,42,GENERAL GALLIENI (AV DU),,,Plein jour,En agglomération,Place,Normale,Deux véhicules - côté,,,,,,,,,,,1,2,7,1.0,3
201300044162,0013-08-01 23:35:00,13,8,1,23,35,940,42,CANADIENS/VALAIS,,,Nuit avec éclairage allumé,En agglomération,Intersection en X,Normale,Deux véhicules - arrière,,,,,,,,,,,5,2,2,1.0,2
201300044163,0013-08-03 22:40:00,13,8,3,22,40,940,58,"106 bis, PIERRE BROSSOLE",,,Nuit avec éclairage allumé,En agglomération,Intersection en X,Normale,Deux véhicules - côté,,,,,,,,,,,5,2,2,1.0,3
201300044164,0013-08-05 10:00:00,13,8,5,10,0,940,58,DE GAULLE/POINCARE,,,Plein jour,En agglomération,Giratoire,Normale,Deux véhicules - côté,,,,,,,,,,,1,2,6,1.0,3
201300044165,0013-08-09 18:00:00,13,8,9,18,0,940,42,KENNEDY/VALAIS,,,Plein jour,En agglomération,Intersection en X,Normale,Deux véhicules - côté,,,,,,,,,,,1,2,2,1.0,3
201300044166,0013-08-13 19:15:00,13,8,13,19,15,940,15,BD GEORGES MELIES,,,Plein jour,En agglomération,Hors intersection,Normale,Deux véhicules - côté,,,,,,,,,,,1,2,1,1.0,3
201300044167,0013-08-22 18:50:00,13,8,22,18,50,940,15,"15, R DU 2 DECEMBRE 1870",,,Plein jour,En agglomération,Hors intersection,Normale,Deux véhicules - arrière,,,,,,,,,,,1,2,1,1.0,2
201300044168,0013-08-23 17:45:00,13,8,23,17,45,940,42,"19/21, QU DE MARNE",,,Plein jour,En agglomération,Hors intersection,Normale,Deux véhicules - frontale,,,,,,,,,,,1,2,1,1.0,1
201300044169,0013-08-28 09:30:00,13,8,28,9,30,940,52,AV DE LA BELLE GABRIELLE,,,Plein jour,En agglomération,Hors intersection,Normale,Deux véhicules - frontale,,,,,,,,,,,1,2,1,1.0,1
201300044170,0013-08-31 18:40:00,13,8,31,18,40,940,52,STRASBOURG/MANESSIER,,,Plein jour,En agglomération,Intersection en T,Normale,Deux véhicules - arrière,,,,,,,,,,,1,2,3,1.0,2
201300044171,0013-09-03 17:30:00,13,9,3,17,30,940,52,"23, STRASBOURG (BD DE)",,,Plein jour,En agglomération,Hors intersection,Temps éblouissant,Autre collision,,,,,,,,,,,1,2,1,7.0,6
201300044172,0013-09-04 07:40:00,13,9,4,7,40,940,58,PIERRE BROSSOLETTE (AV),,,Plein jour,En agglomération,Hors intersection,Normale,Deux véhicules - côté,,,,,,,,,,,1,2,1,1.0,3
201300044173,0013-09-04 18:30:00,13,9,4,18,30,940,15,"1, LOUIS FERBER (QU)",,,Plein jour,Hors agglomération,Intersection en T,Normale,Deux véhicules - côté,,,,,,,,,,,1,1,3,1.0,3
201300044174,0013-09-07 09:05:00,13,9,7,9,5,940,52,PASTEUR (R),,,Plein jour,En agglomération,Intersection en T,Normale,Autre collision,,,,,,,,,,,1,2,3,1.0,6
201300044175,0013-09-09 10:00:00,13,9,9,10,0,940,58,PIERRE BROSSOLETTE (AV),,,Plein jour,En agglomération,Intersection en X,Temps couvert,Deux véhicules - côté,,,,,,,,,,,1,2,2,8.0,3
201300044176,0013-09-11 12:40:00,13,9,11,12,40,940,58,"12, GENERAL DE GAULLE (A",,,Plein jour,En agglomération,Hors intersection,Temps couvert,Deux véhicules - arrière,,,,,,,,,,,1,2,1,8.0,2
201300044177,0013-09-13 08:50:00,13,9,13,8,50,940,15,"66, PASTEUR (BD)",,,Plein jour,En agglomération,Hors intersection,Normale,Autre collision,,,,,,,,,,,1,2,1,1.0,6
201300044178,0013-09-13 21:00:00,13,9,13,21,0,940,52,COULMIERS (R DE),,,Nuit avec éclairage allumé,En agglomération,Intersection en T,Temps couvert,Autre collision,,,,,,,,,,,5,2,3,8.0,6
201300044179,0013-09-14 18:45:00,13,9,14,18,45,940,52,JACQUES KABLE (R),,,Plein jour,En agglomération,Hors intersection,Pluie forte,Autre collision,,,,,,,,,,,1,2,1,3.0,6
201300044180,0013-09-16 16:00:00,13,9,16,16,0,940,52,"3, CHARLES DE GAULLE (GR",,,Plein jour,En agglomération,Hors intersection,Pluie légère,Deux véhicules - côté,,,,,,,,,,,1,2,1,2.0,3
201300044181,0013-09-17 17:40:00,13,9,17,17,40,940,58,"154 bis, PIERRE BROSSOLE",,,Plein jour,En agglomération,Hors intersection,Pluie légère,Deux véhicules - frontale,,,,,,,,,,,1,2,1,2.0,1
201300044182,0013-09-19 13:49:00,13,9,19,13,49,940,42,VERDUN (PL DE),,,Plein jour,En agglomération,Hors intersection,Normale,Autre collision,,,,,,,,,,,1,2,1,1.0,6
201300044183,0013-09-21 10:10:00,13,9,21,10,10,940,58,"38 T, STATION (R DE LA)",,,Plein jour,En agglomération,Hors intersection,Normale,Autre collision,,,,,,,,,,,1,2,1,1.0,6
201300044184,0013-09-21 02:20:00,13,9,21,2,20,940,52,MARECHAL FRANCHET D ESPE,,,Nuit avec éclairage allumé,En agglomération,Hors intersection,Normale,Deux véhicules - côté,,,,,,,,,,,5,2,1,1.0,3
201300044185,0013-09-20 01:00:00,13,9,20,1,0,940,52,ALBERT 1ER (BD),,,Nuit avec éclairage allumé,En agglomération,Hors intersection,Normale,Trois véhicules et plus - en chaîne,,,,,,,,,,,5,2,1,1.0,4
201300044186,0013-09-24 17:15:00,13,9,24,17,15,940,15,RIGNY (AV DE),,,Plein jour,En agglomération,Hors intersection,Normale,Autre collision,,,,,,,,,,,1,2,1,1.0,6
201300044187,0013-09-24 18:45:00,13,9,24,18,45,940,52,BELLE GABRIELLE (AV DE L,,,Plein jour,En agglomération,Hors intersection,Normale,Deux véhicules - frontale,,,,,,,,,,,1,2,1,1.0,1
201300044188,0013-10-01 17:00:00,13,10,1,17,0,940,58,ALSACE LORRAINE (BD D),,,Plein jour,En agglomération,Giratoire,Normale,Deux véhicules - côté,,,,,,,,,,,1,2,6,1.0,3
201300044189,0013-10-04 16:45:00,13,10,4,16,45,940,15,"11, 2 DECEMBRE 1870 (R D",,,Plein jour,En agglomération,Hors intersection,Normale,Autre collision,,,,,,,,,,,1,2,1,1.0,6
201300044190,0013-10-08 07:25:00,13,10,8,7,25,940,58,"144, HUIT MAI 1945 (AV D",,,Plein jour,En agglomération,Hors intersection,Normale,Deux véhicules - côté,,,,,,,,,,,1,2,1,1.0,3
201300044191,0013-10-11 07:50:00,13,10,11,7,50,940,52,JOINVILLE (AV DE),,,Crépuscule ou aube,En agglomération,Hors intersection,Pluie légère,Autre collision,,,,,,,,,,,2,2,1,2.0,6
201300044192,0013-10-13 12:50:00,13,10,13,12,50,940,42,GENERAL GALLIENI - PONT,,,Plein jour,En agglomération,Hors intersection,Normale,Deux véhicules - côté,,,,,,,,,,,1,2,1,1.0,3
201300044193,0013-10-15 08:15:00,13,10,15,8,15,940,52,"80, STRASBOURG (BD DE)",,,Plein jour,En agglomération,Hors intersection,Normale,Deux véhicules - arrière,,,,,,,,,,,1,2,1,1.0,2
201300044194,0013-10-16 18:15:00,13,10,16,18,15,940,15,PASTEUR (BD),,,Nuit avec éclairage allumé,En agglomération,Hors intersection,Pluie légère,Deux véhicules - arrière,,,,,,,,,,,5,2,1,2.0,2
201300044195,0013-10-27 13:15:00,13,10,27,13,15,940,52,JOINVILLE (AV DE),,,Plein jour,En agglomération,Hors intersection,Normale,Autre collision,,,,,,,,,,,1,2,1,1.0,6
201300044196,0013-11-11 12:30:00,13,11,11,12,30,940,15,"16, RIGNY (AV DE)",,,Plein jour,En agglomération,Hors intersection,Normale,Autre collision,,,,,,,,,,,1,2,1,1.0,6
201300044197,0013-11-12 14:00:00,13,11,12,14,0,940,58,"217, PIERRE BROSSOLETTE",,,Plein jour,En agglomération,Hors intersection,Pluie légère,Deux véhicules - arrière,,,,,,,,,,,1,2,1,2.0,2
201300044198,0013-11-13 11:25:00,13,11,13,11,25,940,58,LEDRU ROLLIN (AV),,,Plein jour,En agglomération,Intersection en X,Normale,Autre collision,,,,,,,,,,,1,2,2,1.0,6
201300044199,0013-10-29 23:01:00,13,10,29,23,1,940,58,"113, LEDRU ROLLIN (IMP)",,,Nuit avec éclairage allumé,En agglomération,Hors intersection,Normale,Deux véhicules - côté,,,,,,,,,,,5,2,1,1.0,3
201300044200,0013-06-03 18:30:00,13,6,3,18,30,940,68,"117, BAC (AV DU)",,,Plein jour,En agglomération,Hors intersection,Normale,Autre collision,,,,,,,,,,,1,2,1,1.0,6
201300044201,0013-06-04 11:45:00,13,6,4,11,45,940,68,MARNE (BD DE LA),,,Plein jour,En agglomération,Hors intersection,Normale,Deux véhicules - côté,,,,,,,,,,,1,2,1,1.0,3