accident_id,datetime,annee,mois,jour,heure,minute,departement,commune_insee,adresse,latitude,longitude,luminosite,agglomeration,intersection,meteo,collision,nb_vehicules,nb_usagers,nb_indemnes,nb_tues,nb_blesses_hosp,nb_blesses_legers,age_cond_1,age_cond_2,veh_type_cond_1,veh_type_cond_2,lum_code,agg_code,int_code,atm_code,col_code
201300044332,0013-03-17 18:43:00,13,3,17,18,43,940,74,RU DE GIRONDE (AV DU),,,Nuit avec éclairage allumé,En agglomération,Hors intersection,Neige / grêle,Deux véhicules - côté,,,,,,,,,,,5,2,1,4.0,3
201300044333,0013-03-20 08:00:00,13,3,20,8,0,940,77,"21, PAUL PAINLEVE (AV)",,,Plein jour,En agglomération,Hors intersection,Normale,Autre collision,,,,,,,,,,,1,2,1,1.0,6
201300044334,0013-03-26 07:25:00,13,3,26,7,25,940,78,PL PIERRE SEMARD,48.7304,2.44686,Plein jour,En agglomération,Hors intersection,Normale,Autre collision,,,,,,,,,,,1,2,1,1.0,6
201300044335,0013-03-28 13:30:00,13,3,28,13,30,940,78,CHENES (R DES),,,Plein jour,En agglomération,Hors intersection,Normale,Autre collision,,,,,,,,,,,1,2,1,1.0,6
201300044336,0013-04-11 09:00:00,13,4,11,9,0,940,74,"1, RU DE GIRONDE (AV DU)",,,Plein jour,En agglomération,Hors intersection,Normale,Autre collision,,,,,,,,,,,1,2,1,1.0,6
201300044337,0013-04-05 17:20:00,13,4,5,17,20,940,74,"25, COLONEL FABIEN (R)",,,Plein jour,En agglomération,Hors intersection,Normale,Autre collision,,,,,,,,,,,1,2,1,1.0,6
201300044338,0013-04-12 15:35:00,13,4,12,15,35,940,74,"173, DIVISION GENERAL LE",,,Plein jour,En agglomération,Hors intersection,Pluie légère,Autre collision,,,,,,,,,,,1,2,1,2.0,6
201300044339,0013-04-16 16:05:00,13,4,16,16,5,940,78,PRESIDENT JOHN FITZGERAL,,,Plein jour,En agglomération,Hors intersection,Normale,Deux véhicules - côté,,,,,,,,,,,1,2,1,1.0,3
201300044340,0013-04-17 21:20:00,13,4,17,21,20,940,77,"18, LE FOLL (AV)",,,Nuit avec éclairage allumé,En agglomération,Hors intersection,Normale,Sans collision,,,,,,,,,,,5,2,1,1.0,7
201300044341,0013-04-18 17:20:00,13,4,18,17,20,940,74,"1, GUY MOQUET (AV)",,,Plein jour,En agglomération,Intersection en T,Normale,Deux véhicules - côté,,,,,,,,,,,1,2,3,1.0,3
201300044342,0013-05-23 11:00:00,13,5,23,11,0,940,78,8 MAI 1945/SEMARD,48.7294,2.44678,Plein jour,En agglomération,Intersection en Y,Normale,Deux véhicules - côté,,,,,,,,,,,1,2,4,1.0,3
201300044343,0013-05-17 18:45:00,13,5,17,18,45,940,1,"3, FOULLON (rue)",,,Plein jour,En agglomération,Intersection en Y,Normale,Deux véhicules - côté,,,,,,,,,,,1,2,4,1.0,3
201300044344,0013-04-16 12:45:00,13,4,16,12,45,940,77,"3, VOEUX SAINT GEORGES (",,,Plein jour,En agglomération,Hors intersection,Normale,Deux véhicules - côté,,,,,,,,,,,1,2,1,1.0,3
201300044345,0013-04-20 12:10:00,13,4,20,12,10,940,78,AV DE L'APPEL DU 18 JUIN,48.7562,2.44397,Plein jour,En agglomération,Hors intersection,Normale,Trois véhicules et plus - en chaîne,,,,,,,,,,,1,2,1,1.0,4
201300044346,0013-04-23 11:05:00,13,4,23,11,5,940,74,RU DE GIRONDE (AV DU),,,Plein jour,En agglomération,Hors intersection,Normale,Sans collision,,,,,,,,,,,1,2,1,1.0,7
201300044347,0013-04-19 22:30:00,13,4,19,22,30,940,78,"14, PL PIERRE SEMARD",48.7294,2.44676,Nuit avec éclairage allumé,En agglomération,Hors intersection,Pluie légère,Autre collision,,,,,,,,,,,5,2,1,2.0,6
201300044348,0013-04-20 20:46:00,13,4,20,20,46,940,78,8 MAI 45/PONT VILLENEUVE,48.7276,2.44561,Nuit avec éclairage non allumé,En agglomération,Intersection en T,Normale,Deux véhicules - côté,,,,,,,,,,,4,2,3,1.0,3
201300044349,0013-04-25 15:00:00,13,4,25,15,0,940,78,"47, CLEMENT ADER (R)",,,Plein jour,En agglomération,Hors intersection,Normale,Trois véhicules et plus - collisions multiples,,,,,,,,,,,1,2,1,1.0,5
201300044350,0013-05-07 21:00:00,13,5,7,21,0,940,78,"1, AV DE CHOISY",48.7449,2.43818,Nuit avec éclairage allumé,En agglomération,Hors intersection,Normale,Autre collision,,,,,,,,,,,5,2,1,1.0,6
201300044351,0013-05-24 09:00:00,13,5,24,9,0,940,78,PARIS/BERLIOZ,48.7459,2.44662,Plein jour,En agglomération,Intersection à plus de 4 branches,Normale,Deux véhicules - arrière,,,,,,,,,,,1,2,5,1.0,2
201300044352,0013-05-25 22:15:00,13,5,25,22,15,940,78,PARIS/CHOISY,48.7356,2.44665,Nuit avec éclairage allumé,En agglomération,Intersection en X,Normale,Deux véhicules - côté,,,,,,,,,,,5,2,2,1.0,3
201300044353,0013-05-28 12:30:00,13,5,28,12,30,940,78,"154, NON DENOMMEE (VOI)",,,Plein jour,En agglomération,Hors intersection,Normale,Deux véhicules - côté,,,,,,,,,,,1,2,1,1.0,3
201300044354,0013-05-13 23:25:00,13,5,13,23,25,940,78,WINSTON CHURCHILL (AV),,,Nuit avec éclairage allumé,En agglomération,Hors intersection,Normale,Deux véhicules - arrière,,,,,,,,,,,5,2,1,1.0,2
201300044355,0013-05-30 09:20:00,13,5,30,9,20,940,78,"27, ANATOLE FRANCE (AV)",,,Plein jour,En agglomération,Hors intersection,Pluie légère,Autre collision,,,,,,,,,,,1,2,1,2.0,6
201300044356,0013-06-02 14:45:00,13,6,2,14,45,940,78,"24, PETIT PRE (R DU)",,,Plein jour,En agglomération,Hors intersection,Normale,Sans collision,,,,,,,,,,,1,2,1,1.0,7
201300044357,0013-06-05 07:40:00,13,6,5,7,40,940,78,AV DU 8 MAI 1945.,48.7265,2.44475,Plein jour,En agglomération,Hors intersection,Normale,Trois véhicules et plus - collisions multiples,,,,,,,,,,,1,2,1,1.0,5
201300044358,0013-06-14 14:30:00,13,6,14,14,30,940,78,R DE PARIS,48.7308,2.44685,Plein jour,En agglomération,Hors intersection,Normale,Deux véhicules - arrière,,,,,,,,,,,1,2,1,1.0,2
201300044359,0013-06-18 11:05:00,13,6,18,11,5,940,78,"158, R DE PARIS",48.7359,2.44682,Plein jour,En agglomération,Hors intersection,Normale,Autre collision,,,,,,,,,,,1,2,1,1.0,6
201300044360,0013-06-20 13:00:00,13,6,20,13,0,940,77,"1, HUIT MAI 1945 (R DU)",,,Plein jour,En agglomération,Hors intersection,Normale,Autre collision,,,,,,,,,,,1,2,1,1.0,6
201300044361,0013-05-18 09:25:00,13,5,18,9,25,940,78,8 MAI 1945,48.7302,2.44687,Plein jour,En agglomération,Hors intersection,Normale,Trois véhicules et plus - en chaîne,,,,,,,,,,,1,2,1,1.0,4
201300044362,0013-06-17 14:50:00,13,6,17,14,50,940,78,"23, HENRI JANIN (R)",,,Plein jour,En agglomération,Hors intersection,Normale,Autre collision,,,,,,,,,,,1,2,1,1.0,6
201300044363,0013-06-22 21:10:00,13,6,22,21,10,940,78,"174, R DE PARIS",48.7377,2.44682,Crépuscule ou aube,En agglomération,Hors intersection,Normale,Autre collision,,,,,,,,,,,2,2,1,1.0,6
201300044364,0013-06-06 16:05:00,13,6,6,16,5,940,78,8 MAI 1945/MELUN,48.7245,2.44508,Plein jour,En agglomération,Intersection en X,Temps éblouissant,Deux véhicules - frontale,,,,,,,,,,,1,2,2,7.0,1
201300044365,0013-06-26 20:30:00,13,6,26,20,30,940,78,"10, BEAUREGARD (R DE)",,,Plein jour,En agglomération,Hors intersection,Normale,Deux véhicules - frontale,,,,,,,,,,,1,2,1,1.0,1
201300044366,0013-05-24 16:05:00,13,5,24,16,5,940,77,"1, REPUBLIQUE (AV DE LA)",,,Plein jour,En agglomération,Hors intersection,Pluie légère,Autre collision,,,,,,,,,,,1,2,1,2.0,6
201300044367,0013-06-29 10:30:00,13,6,29,10,30,940,74,"34, JULIEN DURANTON (ave",,,Plein jour,En agglomération,Hors intersection,Normale,Trois véhicules et plus - en chaîne,,,,,,,,,,,1,2,1,1.0,4
201300044368,0013-06-28 22:30:00,13,6,28,22,30,940,78,"100, PARIS/MARNE",48.7311,2.44682,Nuit avec éclairage allumé,En agglomération,Intersection en T,Normale,Autre collision,,,,,,,,,,,5,2,3,1.0,6
201300044369,0013-07-02 10:45:00,13,7,2,10,45,940,78,"158, PARIS/CHOISY",48.7356,2.44665,Plein jour,En agglomération,Intersection en X,Normale,Deux véhicules - arrière,,,,,,,,,,,1,2,2,1.0,2
201300044370,0013-05-16 17:00:00,13,5,16,17,0,940,77,PASTEUR / NICOT,,,Plein jour,En agglomération,Intersection en X,Normale,Autre collision,,,,,,,,,,,1,2,2,1.0,6
201300044371,0013-05-13 23:30:00,13,5,13,23,30,940,78,"1, BRICQUEBEC (R DE)",,,Nuit avec éclairage allumé,En agglomération,Hors intersection,Normale,Deux véhicules - frontale,,,,,,,,,,,5,2,1,1.0,1
201300044372,0013-07-06 18:40:00,13,7,6,18,40,940,74,"6, COLONEL FABIEN (R)",,,Plein jour,En agglomération,Hors intersection,Normale,Autre collision,,,,,,,,,,,1,2,1,1.0,6
201300044373,0013-06-28 11:20:00,13,6,28,11,20,940,74,"116, RU DE GIRONDE (AV D",,,Plein jour,En agglomération,Hors intersection,Normale,Deux véhicules - arrière,,,,,,,,,,,1,2,1,1.0,2
201300044374,0013-07-08 13:10:00,13,7,8,13,10,940,77,GENERAL DE GAULLE (R DU),,,Plein jour,En agglomération,Hors intersection,Normale,Deux véhicules - côté,,,,,,,,,,,1,2,1,1.0,3
201300044375,0013-07-03 07:50:00,13,7,3,7,50,940,74,"1, JULIEN DURANTON (aven",,,Plein jour,En agglomération,Hors intersection,Pluie légère,Autre collision,,,,,,,,,,,1,2,1,2.0,6
201300044376,0013-06-13 15:30:00,13,6,13,15,30,940,77,"1, ALEXANDRE RIBOT (R)",,,Plein jour,En agglomération,Intersection en X,Pluie légère,Deux véhicules - côté,,,,,,,,,,,1,2,2,2.0,3
201300044377,0013-06-24 09:20:00,13,6,24,9,20,940,77,"30BIS, EUGENE NICOT (R)",,,Plein jour,En agglomération,Intersection en X,Normale,Autre collision,,,,,,,,,,,1,2,2,1.0,6
201300044378,0013-07-11 13:00:00,13,7,11,13,0,940,74,"40, JULIEN DURANTON (ave",,,Plein jour,En agglomération,Hors intersection,Normale,Deux véhicules - arrière,,,,,,,,,,,1,2,1,1.0,2
201300044379,0013-07-03 19:20:00,13,7,3,19,20,940,77,"11, COLONEL FABIEN(RUE)",,,Plein jour,En agglomération,Hors intersection,Temps couvert,Autre collision,,,,,,,,,,,1,2,1,8.0,6
201300044380,0013-06-27 01:00:00,13,6,27,1,0,940,78,8 MAI 45/PONT VILLENEUVE,48.7276,2.44561,Nuit avec éclairage allumé,En agglomération,Intersection en T,Normale,Deux véhicules - côté,,,,,,,,,,,5,2,3,1.0,3
201300044381,0013-07-18 20:20:00,13,7,18,20,20,940,78,PONT VILLENEUVE/8 MAI 45,48.7276,2.44561,Plein jour,En agglomération,Intersection en T,Pluie légère,Sans collision,,,,,,,,,,,1,2,3,2.0,7
201300044382,0013-07-19 10:25:00,13,7,19,10,25,940,78,"107, ANATOLE FRANCE (AV)",,,Plein jour,En agglomération,Hors intersection,Normale,Autre collision,,,,,,,,,,,1,2,1,1.0,6
201300044383,0013-07-22 18:00:00,13,7,22,18,0,940,1,"01, VILLENEUVE (route de",,,Plein jour,En agglomération,Intersection en X,Normale,Deux véhicules - côté,,,,,,,,,,,1,2,2,1.0,3
201300044384,0013-07-23 14:20:00,13,7,23,14,20,940,78,"140, CHOISY (AV DE)",,,Plein jour,En agglomération,Hors intersection,Pluie légère,Autre collision,,,,,,,,,,,1,2,1,2.0,6
201300044385,0013-08-28 14:15:00,13,8,28,14,15,940,77,LE FOLL (AV),,,Plein jour,En agglomération,Hors intersection,Normale,Trois véhicules et plus - en chaîne,,,,,,,,,,,1,2,1,1.0,4
201300044386,0013-06-28 13:05:00,13,6,28,13,5,940,77,"0,  FRONT DE SEINE",,,Plein jour,En agglomération,Hors intersection,Temps couvert,Deux véhicules - frontale,,,,,,,,,,,1,2,1,8.0,1
201300044387,0013-07-26 19:30:00,13,7,26,19,30,940,77,VERDUN (COUR DE),,,Plein jour,En agglomération,Hors intersection,Normale,Deux véhicules - arrière,,,,,,,,,,,1,2,1,1.0,2
201300044388,0013-07-27 14:52:00,13,7,27,14,52,940,78,"160, PARIS/CHOISY",48.7356,2.44665,Plein jour,En agglomération,Intersection en X,Normale,Trois véhicules et plus - en chaîne,,,,,,,,,,,1,2,2,1.0,4
201300044389,0013-07-31 13:40:00,13,7,31,13,40,940,78,MELUN/BELLE PLACE,48.7241,2.44478,Plein jour,En agglomération,Intersection en T,Normale,Trois véhicules et plus - en chaîne,,,,,,,,,,,1,2,3,1.0,4
201300044390,0013-07-24 18:10:00,13,7,24,18,10,940,78,R DE PARIS,48.7304,2.44686,Plein jour,En agglomération,Hors intersection,Normale,Autre collision,,,,,,,,,,,1,2,1,1.0,6
201300044391,0013-06-17 15:00:00,13,6,17,15,0,940,74,"45, RU DE GIRONDE (AV DU",,,Plein jour,En agglomération,Hors intersection,Normale,Autre collision,,,,,,,,,,,1,2,1,1.0,6
201300044392,0013-08-02 17:10:00,13,8,2,17,10,940,78,WINSTON CHURCHILL (AV),,,Plein jour,En agglomération,Hors intersection,Normale,Deux véhicules - côté,,,,,,,,,,,1,2,1,1.0,3
201300044393,0013-08-05 12:30:00,13,8,5,12,30,940,74,"46, COLONEL FABIEN (R)",,,Plein jour,En agglomération,Hors intersection,Normale,Autre collision,,,,,,,,,,,1,2,1,1.0,6
201300044394,0013-07-08 08:10:00,13,7,8,8,10,940,74,"., JULIEN DURANTON (aven",,,Plein jour,En agglomération,Hors intersection,Normale,Deux véhicules - côté,,,,,,,,,,,1,2,1,1.0,3
201300044395,0013-08-09 07:40:00,13,8,9,7,40,940,78,AV DU 8 MAI 1945,48.7303,2.44687,Plein jour,En agglomération,Hors intersection,Normale,Deux véhicules - côté,,,,,,,,,,,1,2,1,1.0,3
201300044396,0013-08-15 14:15:00,13,8,15,14,15,940,78,PARIS/ORME SAINTE MARIE,48.739,2.44684,Plein jour,En agglomération,Intersection en T,Temps éblouissant,Deux véhicules - côté,,,,,,,,,,,1,2,3,7.0,3
201300044397,0013-08-16 09:00:00,13,8,16,9,0,940,78,"52, CHOISY (AV DE)",,,Plein jour,En agglomération,Hors intersection,Normale,Autre collision,,,,,,,,,,,1,2,1,1.0,6
201300044398,0013-08-16 19:55:00,13,8,16,19,55,940,78,PARIS/CHURCHILL,48.7551,2.44413,Plein jour,En agglomération,Intersection en Y,Normale,Trois véhicules et plus - en chaîne,,,,,,,,,,,1,2,4,1.0,4
201300044399,0013-08-27 17:05:00,13,8,27,17,5,940,78,"08, CHENES (R DES)",,,Plein jour,En agglomération,Hors intersection,Normale,Sans collision,,,,,,,,,,,1,2,1,1.0,7
201300044400,0013-08-29 15:15:00,13,8,29,15,15,940,78,AV DE L'APPEL DU 18 JUIN,48.7303,2.44686,Plein jour,En agglomération,Hors intersection,Normale,Autre collision,,,,,,,,,,,1,2,1,1.0,6
201300044401,0013-09-03 11:30:00,13,9,3,11,30,940,77,"13, HENRI GILBERT (AV)",,,Plein jour,En agglomération,Hors intersection,Normale,Autre collision,,,,,,,,,,,1,2,1,1.0,6
201300044402,0013-09-05 18:45:00,13,9,5,18,45,940,78,"11, CARNOT (AV)",,,Plein jour,En agglomération,Hors intersection,Normale,Autre collision,,,,,,,,,,,1,2,1,1.0,6
201300044403,0013-09-06 16:10:00,13,9,6,16,10,940,78,PONT VILLENEUVE/8 MAI 45,48.7276,2.44561,Plein jour,En agglomération,Intersection en T,Normale,Deux véhicules - frontale,,,,,,,,,,,1,2,3,1.0,1
201300044404,0013-09-08 13:41:00,13,9,8,13,41,940,78,"26, CARNOT (AV)",,,Plein jour,En agglomération,Hors intersection,Normale,Autre collision,,,,,,,,,,,1,2,1,1.0,6
201300044405,0013-08-29 14:15:00,13,8,29,14,15,940,74,"9, SALVADOR ALLENDE (AV)",,,Plein jour,En agglomération,Hors intersection,Normale,Deux véhicules - côté,,,,,,,,,,,1,2,1,1.0,3
201300044406,0013-09-09 16:35:00,13,9,9,16,35,940,77,"24, MARECHAL FOCH (R DU)",,,Plein jour,En agglomération,Hors intersection,Pluie légère,Autre collision,,,,,,,,,,,1,2,1,2.0,6
201300044407,0013-09-10 10:55:00,13,9,10,10,55,940,77,"5, EUGENIE LE GUILLERMIC",,,Plein jour,En agglomération,Hors intersection,Pluie légère,Deux véhicules - côté,,,,,,,,,,,1,2,1,2.0,3
201300044408,0013-09-10 18:50:00,13,9,10,18,50,940,78,PARIS/ORME SAINTE-MARIE,48.739,2.44684,Plein jour,En agglomération,Intersection en T,Temps couvert,Deux véhicules - côté,,,,,,,,,,,1,2,3,8.0,3
201300044409,0013-09-14 11:00:00,13,9,14,11,0,940,77,"29, LE FOLL (AV)",,,Plein jour,En agglomération,Hors intersection,Pluie légère,Sans collision,,,,,,,,,,,1,2,1,2.0,7
201300044410,0013-09-17 19:50:00,13,9,17,19,50,940,78,"42, VOLTAIRE (R)",,,Nuit avec éclairage allumé,En agglomération,Intersection en X,Pluie légère,Deux véhicules - côté,,,,,,,,,,,5,2,2,2.0,3
201300044411,0013-09-24 13:50:00,13,9,24,13,50,940,78,"22, HENRI LEDUC (R)",,,Plein jour,En agglomération,Hors intersection,Normale,Deux véhicules - côté,,,,,,,,,,,1,2,1,1.0,3
201300044412,0013-09-24 16:10:00,13,9,24,16,10,940,1,"25, PASTEUR( quai)",,,Plein jour,En agglomération,Hors intersection,Normale,Sans collision,,,,,,,,,,,1,2,1,1.0,7
201300044413,0013-09-28 02:47:00,13,9,28,2,47,940,78,"54, TILLEULS (R DES)",,,Nuit avec éclairage allumé,En agglomération,Intersection en X,Normale,Deux véhicules - côté,,,,,,,,,,,5,2,2,1.0,3
201300044414,0013-09-23 19:20:00,13,9,23,19,20,940,78,"40, PRESIDENT JOHN FITZG",,,Crépuscule ou aube,En agglomération,Hors intersection,Normale,Sans collision,,,,,,,,,,,2,2,1,1.0,7
201300044415,0013-10-03 16:35:00,13,10,3,16,35,940,78,"43, EUROPE (AV DE L)",,,Plein jour,En agglomération,Hors intersection,Pluie légère,Deux véhicules - côté,,,,,,,,,,,1,2,1,2.0,3
201300044416,0013-10-04 08:40:00,13,10,4,8,40,940,77,"62, PAUL BERT (R)",,,Plein jour,En agglomération,Hors intersection,Temps couvert,Autre collision,,,,,,,,,,,1,2,1,8.0,6
201300044417,0013-10-05 18:40:00,13,10,5,18,40,940,78,CHURCHILL/SAINT-EXUPERY,48.7541,2.44868,Crépuscule ou aube,En agglomération,Intersection en T,Normale,Deux véhicules - côté,,,,,,,,,,,2,2,3,1.0,3
201300044418,0013-10-06 07:05:00,13,10,6,7,5,940,74,CHAMP SAINT-JULIEN (AV D,,,Nuit avec éclairage allumé,En agglomération,Hors intersection,Normale,Autre collision,,,,,,,,,,,5,2,1,1.0,6
201300044419,0013-10-06 15:10:00,13,10,6,15,10,940,78,PARIS/BERLIOZ,48.7459,2.44662,Plein jour,En agglomération,Intersection en T,Normale,Deux véhicules - arrière,,,,,,,,,,,1,2,3,1.0,2
201300044420,0013-10-10 07:25:00,13,10,10,7,25,940,1,"3, DE GAULLE (rue du G?n",,,Crépuscule ou aube,En agglomération,Hors intersection,Temps couvert,Autre collision,,,,,,,,,,,2,2,1,8.0,6
201300044421,0013-09-29 21:00:00,13,9,29,21,0,940,78,8 MAI 1945/PIERRE SEMARD,48.7294,2.44678,Nuit avec éclairage allumé,Hors agglomération,Intersection en Y,Autre,Deux véhicules - côté,,,,,,,,,,,5,1,4,9.0,3
201300044422,0013-10-12 22:10:00,13,10,12,22,10,940,74,"01, FERME (COUR DE LA)",,,Nuit avec éclairage allumé,En agglomération,Hors intersection,Normale,Trois véhicules et plus - collisions multiples,,,,,,,,,,,5,2,1,1.0,5
201300044423,0013-10-15 21:30:00,13,10,15,21,30,940,78,AV DU 8 MAI 1945,48.7301,2.44688,Nuit avec éclairage allumé,En agglomération,Hors intersection,Normale,Autre collision,,,,,,,,,,,5,2,1,1.0,6
201300044424,0013-09-11 04:45:00,13,9,11,4,45,940,74,"34, LOUIS ARMAND (R)",,,Nuit avec éclairage allumé,En agglomération,Hors intersection,Pluie légère,Deux véhicules - côté,,,,,,,,,,,5,2,1,2.0,3
201300044425,0013-10-18 07:20:00,13,10,18,7,20,940,78,"09, CHOISY (AV DE)",,,Crépuscule ou aube,En agglomération,Hors intersection,Normale,Deux véhicules - côté,,,,,,,,,,,2,2,1,1.0,3
201300044426,0013-10-23 11:55:00,13,10,23,11,55,940,74,"181, DIVISION GENERAL LE",,,Plein jour,En agglomération,Hors intersection,Normale,Sans collision,,,,,,,,,,,1,2,1,1.0,7
201300044427,0013-10-28 11:15:00,13,10,28,11,15,940,74,"10, COLONEL FABIEN (R)",,,Plein jour,En agglomération,Hors intersection,Pluie légère,Deux véhicules - côté,,,,,,,,,,,1,2,1,2.0,3
201300044428,0013-10-30 21:32:00,13,10,30,21,32,940,77,LE FOLL (AV),,,Nuit avec éclairage allumé,En agglomération,Intersection en X,Normale,Deux véhicules - côté,,,,,,,,,,,5,2,2,1.0,3
201300044429,0013-11-05 08:30:00,13,11,5,8,30,940,77,REPUBLIQUE (AV DE LA),,,Plein jour,En agglomération,Giratoire,Pluie légère,Deux véhicules - côté,,,,,,,,,,,1,2,6,2.0,3
201300044430,0013-11-06 08:25:00,13,11,6,8,25,940,78,"85, PRESIDENT JOHN FITZG",,,Plein jour,En agglomération,Intersection en T,Normale,Deux véhicules - côté,,,,,,,,,,,1,2,3,1.0,3
201300044431,0013-11-06 14:00:00,13,11,6,14,0,940,78,"7, GEORGES PICOT (R)",,,Plein jour,En agglomération,Hors intersection,Normale,Deux véhicules - arrière,,,,,,,,,,,1,2,1,1.0,2
201300044432,0013-11-07 08:50:00,13,11,7,8,50,940,78,"117 bis, CHOISY (AV DE)",,,Plein jour,En agglomération,Intersection en T,Normale,Deux véhicules - côté,,,,,,,,,,,1,2,3,1.0,3
201300044433,0013-11-07 12:50:00,13,11,7,12,50,940,78,"85, ANATOLE FRANCE (AV)",,,Plein jour,En agglomération,Intersection en T,Normale,Deux véhicules - côté,,,,,,,,,,,1,2,3,1.0,3
201300044434,0013-11-07 13:19:00,13,11,7,13,19,940,77,"105, LE FOLL (AV)",,,Plein jour,En agglomération,Hors intersection,Normale,Autre collision,,,,,,,,,,,1,2,1,1.0,6
201300044435,0013-11-08 05:50:00,13,11,8,5,50,940,78,PARIS/CHOISY,48.7356,2.44665,Nuit avec éclairage allumé,En agglomération,Intersection en X,Pluie légère,Deux véhicules - arrière,,,,,,,,,,,5,2,2,2.0,2
201300044436,0013-11-08 18:05:00,13,11,8,18,5,940,77,"29, PASTEUR (AV)",,,Nuit avec éclairage allumé,En agglomération,Intersection en X,Normale,Autre collision,,,,,,,,,,,5,2,2,1.0,6
201300044437,0013-11-10 06:40:00,13,11,10,6,40,940,78,PARIS/MARNE,48.7311,2.44682,Nuit avec éclairage allumé,En agglomération,Intersection en T,Pluie légère,Trois véhicules et plus - en chaîne,,,,,,,,,,,5,2,3,2.0,4
201300044438,0013-11-11 18:25:00,13,11,11,18,25,940,77,LAMARTINE (R),,,Nuit avec éclairage allumé,En agglomération,Hors intersection,Normale,Deux véhicules - côté,,,,,,,,,,,5,2,1,1.0,3
201300044439,0013-11-28 08:00:00,13,11,28,8,0,940,78,PARIS/DUNANT,48.7322,2.44684,Plein jour,En agglomération,Intersection en T,Normale,Autre collision,,,,,,,,,,,1,2,3,1.0,6
201300044440,0013-12-01 02:20:00,13,12,1,2,20,940,1,"1 bis, QUAI MAGNE",,,Nuit avec éclairage allumé,En agglomération,Hors intersection,Normale,Autre collision,,,,,,,,,,,5,2,1,1.0,6
201300044441,0013-11-28 08:30:00,13,11,28,8,30,940,78,"29, ANATOLE FRANCE (AV)",,,Nuit avec éclairage allumé,En agglomération,Hors intersection,Normale,Sans collision,,,,,,,,,,,5,2,1,1.0,7
201300044442,0013-12-02 14:30:00,13,12,2,14,30,940,78,"12, HENRI JANIN (R)",,,Plein jour,En agglomération,Hors intersection,Normale,Deux véhicules - côté,,,,,,,,,,,1,2,1,1.0,3
201300044443,0013-12-06 23:30:00,13,12,6,23,30,940,78,PARIS/DUNANT,48.7322,2.44684,Nuit avec éclairage allumé,En agglomération,Intersection en T,Normale,Autre collision,,,,,,,,,,,5,2,3,1.0,6
201300044444,0013-12-08 12:50:00,13,12,8,12,50,940,78,EASTLEIGH (AV DE),,,Plein jour,En agglomération,Intersection en X,Normale,Deux véhicules - côté,,,,,,,,,,,1,2,2,1.0,3
201300044445,0013-12-09 04:50:00,13,12,9,4,50,940,74,CHAMP SAINT-JULIEN (AV D,,,Nuit avec éclairage allumé,En agglomération,Giratoire,Normale,Deux véhicules - arrière,,,,,,,,,,,5,2,6,1.0,2
201300044446,0013-12-09 12:40:00,13,12,9,12,40,940,78,"04, R DE PARIS/GERVAIS",48.7253,2.44583,Plein jour,En agglomération,Intersection en X,Normale,Deux véhicules - arrière,,,,,,,,,,,1,2,2,1.0,2
201300044447,0013-12-10 08:00:00,13,12,10,8,0,940,74,FERME DE L HOPITAL (CHE,,,Plein jour,En agglomération,Intersection en T,Normale,Deux véhicules - côté,,,,,,,,,,,1,2,3,1.0,3
201300044448,0013-12-13 13:12:00,13,12,13,13,12,940,77,"59, DOCTEUR CALMETTE (RU",,,Plein jour,En agglomération,Hors intersection,Normale,Deux véhicules - côté,,,,,,,,,,,1,2,1,1.0,3
201300044449,0013-12-13 19:20:00,13,12,13,19,20,940,78,"17 bis, FRANCIS MARTIN (",,,Nuit avec éclairage allumé,En agglomération,Hors intersection,Pluie légère,Autre collision,,,,,,,,,,,5,2,1,2.0,6
201300044450,0013-12-15 12:15:00,13,12,15,12,15,940,74,"1, SABLONNIERE (R DE LA)",,,Plein jour,En agglomération,Hors intersection,Normale,Autre collision,,,,,,,,,,,1,2,1,1.0,6
201300044451,0013-12-15 13:35:00,13,12,15,13,35,940,78,"90, VALENTON (AV DE)",,,Plein jour,En agglomération,Hors intersection,Normale,Deux véhicules - côté,,,,,,,,,,,1,2,1,1.0,3
201300044452,0013-12-16 16:09:00,13,12,16,16,9,940,78,"100, PARIS/MARNE",48.7311,2.44682,Plein jour,En agglomération,Intersection en X,Normale,Autre collision,,,,,,,,,,,1,2,2,1.0,6
201300044453,0013-12-17 17:05:00,13,12,17,17,5,940,77,"5, JEAN MARIE POULMARCH",,,Crépuscule ou aube,En agglomération,Hors intersection,Normale,Sans collision,,,,,,,,,,,2,2,1,1.0,7
201300044454,0013-12-30 15:42:00,13,12,30,15,42,940,78,VILLENEUVE LE ROI (PONT,,,Plein jour,En agglomération,Hors intersection,Pluie légère,Sans collision,,,,,,,,,,,1,2,1,2.0,7
201300044455,0013-12-18 16:08:00,13,12,18,16,8,940,74,"., JULIEN DURANTON (aven",,,Plein jour,En agglomération,Hors intersection,Normale,Deux véhicules - côté,,,,,,,,,,,1,2,1,1.0,3
201300044456,0013-12-18 17:55:00,13,12,18,17,55,940,74,JULIEN DURANTON (avenue),,,Nuit avec éclairage allumé,En agglomération,Hors intersection,Normale,Trois véhicules et plus - en chaîne,,,,,,,,,,,5,2,1,1.0,4
201300044457,0013-12-20 20:15:00,13,12,20,20,15,940,77,"., VERDUN (COUR DE)",,,Nuit avec éclairage allumé,En agglomération,Hors intersection,Normale,Deux véhicules - côté,,,,,,,,,,,5,2,1,1.0,3
201300044458,0013-12-22 11:35:00,13,12,22,11,35,940,78,AV DU 8 MAI 1945,48.7265,2.44474,Plein jour,En agglomération,Hors intersection,Pluie légère,Trois véhicules et plus - collisions multiples,,,,,,,,,,,1,2,1,2.0,5