accident_id,datetime,annee,mois,jour,heure,minute,departement,commune_insee,adresse,latitude,longitude,luminosite,agglomeration,intersection,meteo,collision,nb_vehicules,nb_usagers,nb_indemnes,nb_tues,nb_blesses_hosp,nb_blesses_legers,age_cond_1,age_cond_2,veh_type_cond_1,veh_type_cond_2,lum_code,agg_code,int_code,atm_code,col_code
201300044589,0013-07-08 15:20:00,13,7,8,15,20,940,81,"13, YOURI GAGARINE (AV)",,,Plein jour,En agglomération,Hors intersection,Normale,Deux véhicules - arrière,,,,,,,,,,,1,2,1,1.0,2
201300044590,0013-07-10 19:00:00,13,7,10,19,0,940,81,"20, VERTE (R)",,,Plein jour,En agglomération,Hors intersection,Normale,Autre collision,,,,,,,,,,,1,2,1,1.0,6
201300044591,0013-07-13 12:20:00,13,7,13,12,20,940,81,PORT A L ANGLAIS (R DU),,,Plein jour,En agglomération,Hors intersection,Normale,Deux véhicules - arrière,,,,,,,,,,,1,2,1,1.0,2
201300044592,0013-07-15 14:00:00,13,7,15,14,0,940,81,LEMERLE VETTER (AV),,,Plein jour,En agglomération,Intersection en X,Normale,Deux véhicules - frontale,,,,,,,,,,,1,2,2,1.0,1
201300044593,0013-07-17 21:40:00,13,7,17,21,40,940,81,"06, ALBERT THOMAS (AV)",,,Crépuscule ou aube,En agglomération,Autre intersection,Normale,Autre collision,,,,,,,,,,,2,2,9,1.0,6
201300044594,0013-07-18 17:15:00,13,7,18,17,15,940,81,MOULIN DE SAQUET (AV DU),,,Plein jour,En agglomération,Intersection en T,Normale,Autre collision,,,,,,,,,,,1,2,3,1.0,6
201300044595,0013-07-21 23:20:00,13,7,21,23,20,940,81,JEAN JAURES (AV),,,Nuit avec éclairage allumé,En agglomération,Intersection en X,Normale,Deux véhicules - côté,,,,,,,,,,,5,2,2,1.0,3
201300044596,0013-07-21 21:20:00,13,7,21,21,20,940,81,"07, ABBE ROGER DERRY (AV",,,Crépuscule ou aube,En agglomération,Hors intersection,Normale,Deux véhicules - côté,,,,,,,,,,,2,2,1,1.0,3
201300044597,0013-07-22 08:30:00,13,7,22,8,30,940,81,PRESIDENT SALVADOR ALLEN,,,Plein jour,En agglomération,Hors intersection,Normale,Autre collision,,,,,,,,,,,1,2,1,1.0,6
201300044598,0013-07-25 08:08:00,13,7,25,8,8,940,81,AV DU 8 MAI 1945/CHOISY,48.7849,2.40015,Plein jour,En agglomération,Intersection en T,Normale,Autre collision,,,,,,,,,,,1,2,3,1.0,6
201300044599,0013-07-27 17:15:00,13,7,27,17,15,940,81,"99, STALINGRAD (BD DE)",,,Plein jour,En agglomération,Hors intersection,Normale,Trois véhicules et plus - en chaîne,,,,,,,,,,,1,2,1,1.0,4
201300044600,0013-07-27 23:40:00,13,7,27,23,40,940,81,"48, GERMAIN DEFRESNE (R)",,,Nuit sans éclairage public,En agglomération,Hors intersection,Normale,Autre collision,,,,,,,,,,,3,2,1,1.0,6
201300044601,0013-07-30 19:05:00,13,7,30,19,5,940,81,"14, CAMILLE BLANC (R)",,,Plein jour,En agglomération,Hors intersection,Normale,Autre collision,,,,,,,,,,,1,2,1,1.0,6
201300044602,0013-08-02 19:30:00,13,8,2,19,30,940,81,"43, REPUBLIQUE (AV DE LA",,,Plein jour,En agglomération,Intersection en T,Normale,Deux véhicules - côté,,,,,,,,,,,1,2,3,1.0,3
201300044603,0013-08-02 23:00:00,13,8,2,23,0,940,81,"23, ANATOLE FRANCE (AV)",,,Nuit avec éclairage allumé,En agglomération,Hors intersection,Normale,Deux véhicules - côté,,,,,,,,,,,5,2,1,1.0,3
201300044604,0013-08-03 21:15:00,13,8,3,21,15,940,81,"03, ABBE ROGER DERRY (AV",,,Nuit avec éclairage allumé,En agglomération,Hors intersection,Normale,Autre collision,,,,,,,,,,,5,2,1,1.0,6
201300044605,0013-08-05 08:55:00,13,8,5,8,55,940,81,"107, JULES GUESDE (QU)",,,Plein jour,En agglomération,Hors intersection,Normale,Autre collision,,,,,,,,,,,1,2,1,1.0,6
201300044606,0013-08-05 21:22:00,13,8,5,21,22,940,81,STALINGRAD (BD DE),,,Plein jour,En agglomération,Intersection en X,Normale,Deux véhicules - côté,,,,,,,,,,,1,2,2,1.0,3
201300044607,0013-08-06 12:35:00,13,8,6,12,35,940,81,"62/64, PAUL VAILLANT COU",,,Plein jour,En agglomération,Hors intersection,Normale,Autre collision,,,,,,,,,,,1,2,1,1.0,6
201300044608,0013-08-09 15:00:00,13,8,9,15,0,940,81,"10, PRESIDENT SALVADOR A",,,Plein jour,En agglomération,Hors intersection,Normale,Trois véhicules et plus - en chaîne,,,,,,,,,,,1,2,1,1.0,4
201300044609,0013-08-17 17:07:00,13,8,17,17,7,940,81,AV SALVADOR ALLENDE,,,Plein jour,En agglomération,Hors intersection,Normale,Sans collision,,,,,,,,,,,1,2,1,1.0,7
201300044610,0013-08-18 14:30:00,13,8,18,14,30,940,81,CAMILLE GROULT (R),,,Plein jour,En agglomération,Hors intersection,Normale,Autre collision,,,,,,,,,,,1,2,1,1.0,6
201300044611,0013-08-19 17:55:00,13,8,19,17,55,940,81,"9, ABBE ROGER DERRY (AV",,,Plein jour,En agglomération,Intersection en T,Normale,Deux véhicules - côté,,,,,,,,,,,1,2,3,1.0,3
201300044612,0013-08-20 16:20:00,13,8,20,16,20,940,81,"28, R ELSA TRIOLET",,,Plein jour,En agglomération,Hors intersection,Normale,Autre collision,,,,,,,,,,,1,2,1,1.0,6
201300044613,0013-08-21 10:40:00,13,8,21,10,40,940,81,"230, GABRIEL PERI (R)",,,Plein jour,En agglomération,Hors intersection,Normale,Autre collision,,,,,,,,,,,1,2,1,1.0,6
201300044614,0013-08-31 21:35:00,13,8,31,21,35,940,81,GAGARINE/ABBE DERRY,,,Nuit avec éclairage allumé,En agglomération,Intersection en X,Normale,Deux véhicules - côté,,,,,,,,,,,5,2,2,1.0,3
201300044615,0013-09-02 13:50:00,13,9,2,13,50,940,81,"21, GROUPE MANOUCHIAN (A",,,Plein jour,En agglomération,Hors intersection,Normale,Autre collision,,,,,,,,,,,1,2,1,1.0,6
201300044616,0013-09-08 09:50:00,13,9,8,9,50,940,81,"Angle, CAMILLE BLANC (R)",,,Plein jour,En agglomération,Intersection en T,Normale,Autre collision,,,,,,,,,,,1,2,3,1.0,6
201300044617,0013-09-09 17:15:00,13,9,9,17,15,940,81,A86,48.7744,2.40674,Plein jour,Hors agglomération,Hors intersection,Normale,Sans collision,,,,,,,,,,,1,1,1,1.0,7
201300044618,0013-09-10 13:25:00,13,9,10,13,25,940,81,"5, GENERAL LECLERC (AV D",,,Plein jour,En agglomération,Hors intersection,Normale,Autre collision,,,,,,,,,,,1,2,1,1.0,6
201300044619,0013-09-11 15:45:00,13,9,11,15,45,940,81,"40-62, GENERAL MALLERET",,,Plein jour,En agglomération,Hors intersection,Normale,Autre collision,,,,,,,,,,,1,2,1,1.0,6
201300044620,0013-09-15 20:30:00,13,9,15,20,30,940,81,"112, GROUPE MANOUCHIAN (",,,Nuit avec éclairage allumé,En agglomération,Hors intersection,Normale,Autre collision,,,,,,,,,,,5,2,1,1.0,6
201300044621,0013-09-16 13:30:00,13,9,16,13,30,940,81,MARGUERITES (R DES),,,Plein jour,En agglomération,Intersection en X,Normale,Deux véhicules - côté,,,,,,,,,,,1,2,2,1.0,3
201300044622,0013-09-19 09:20:00,13,9,19,9,20,940,81,JULES GUESDE (QU),,,Plein jour,En agglomération,Intersection en X,Normale,Deux véhicules - côté,,,,,,,,,,,1,2,2,1.0,3
201300044623,0013-09-21 09:05:00,13,9,21,9,5,940,81,"4, EDOUARD TIL (R)",,,Plein jour,En agglomération,Intersection en T,Normale,Deux véhicules - côté,,,,,,,,,,,1,2,3,1.0,3
201300044624,0013-09-24 12:30:00,13,9,24,12,30,940,81,ANATOLE FRANCE (AV),,,Plein jour,En agglomération,Intersection en Y,Normale,Deux véhicules - frontale,,,,,,,,,,,1,2,4,1.0,1
201300044625,0013-09-25 08:20:00,13,9,25,8,20,940,81,"1, YOURI GAGARINE (AV)",,,Plein jour,En agglomération,Intersection en X,Normale,Deux véhicules - côté,,,,,,,,,,,1,2,2,1.0,3
201300044626,0013-09-27 21:15:00,13,9,27,21,15,940,81,PAUL VAILLANT COUTURIER,,,Nuit avec éclairage allumé,En agglomération,Autre intersection,Normale,Deux véhicules - côté,,,,,,,,,,,5,2,9,1.0,3
201300044627,0013-10-02 12:55:00,13,10,2,12,55,940,81,"99, ROUGET DE L ISLE (AV",,,Plein jour,En agglomération,Hors intersection,Normale,Trois véhicules et plus - collisions multiples,,,,,,,,,,,1,2,1,1.0,5
201300044628,0013-10-03 07:05:00,13,10,3,7,5,940,81,"161, ROUGET DE L ISLE (A",,,Nuit avec éclairage allumé,En agglomération,Hors intersection,Normale,Autre collision,,,,,,,,,,,5,2,1,1.0,6
201300044629,0013-10-05 11:45:00,13,10,5,11,45,940,81,"4, PRESIDENT SALVADOR AL",,,Plein jour,En agglomération,Hors intersection,Normale,Autre collision,,,,,,,,,,,1,2,1,1.0,6
201300044630,0013-10-06 13:45:00,13,10,6,13,45,940,81,PRESIDENT SALVADOR ALLEN,,,Plein jour,En agglomération,Intersection en X,Normale,Autre collision,,,,,,,,,,,1,2,2,1.0,6
201300044631,0013-10-07 10:00:00,13,10,7,10,0,940,81,ALBERT EINSTEIN (R),,,Plein jour,En agglomération,Hors intersection,Normale,Autre collision,,,,,,,,,,,1,2,1,1.0,6
201300044632,0013-10-10 15:50:00,13,10,10,15,50,940,81,A86,48.7734,2.40308,Plein jour,Hors agglomération,Hors intersection,Normale,Trois véhicules et plus - en chaîne,,,,,,,,,,,1,1,1,1.0,4
201300044633,0013-10-15 13:05:00,13,10,15,13,5,940,81,GROUPE MANOUCHIAN (AV DU,,,Plein jour,En agglomération,Intersection en T,Normale,Deux véhicules - côté,,,,,,,,,,,1,2,3,1.0,3
201300044634,0013-10-16 17:50:00,13,10,16,17,50,940,81,"Angle, GROUPE MANOUCHIAN",,,Plein jour,En agglomération,Intersection en X,Temps couvert,Deux véhicules - côté,,,,,,,,,,,1,2,2,8.0,3
201300044635,0013-10-18 17:30:00,13,10,18,17,30,940,81,"150, GABRIEL PERI (R)",,,Plein jour,En agglomération,Intersection en T,Normale,Deux véhicules - côté,,,,,,,,,,,1,2,3,1.0,3
201300044636,0013-10-23 11:50:00,13,10,23,11,50,940,81,"60, GUY MOQUET (AV)",,,Plein jour,En agglomération,Hors intersection,Normale,Autre collision,,,,,,,,,,,1,2,1,1.0,6
201300044637,0013-10-31 19:10:00,13,10,31,19,10,940,81,"71, MOULIN DE SAQUET (AV",,,Nuit avec éclairage allumé,En agglomération,Hors intersection,Normale,Sans collision,,,,,,,,,,,5,2,1,1.0,7
201300044638,0013-11-01 11:45:00,13,11,1,11,45,940,81,"25, DALOU (R)",,,Plein jour,En agglomération,Hors intersection,Pluie légère,Deux véhicules - côté,,,,,,,,,,,1,2,1,2.0,3
201300044639,0013-11-03 10:05:00,13,11,3,10,5,940,81,ERNEST HAVET (AV),,,Plein jour,En agglomération,Giratoire,Normale,Autre collision,,,,,,,,,,,1,2,6,1.0,6
201300044640,0013-11-05 08:40:00,13,11,5,8,40,940,81,"60, PAUL VAILLANT COUTUR",,,Plein jour,En agglomération,Hors intersection,Pluie forte,Autre collision,,,,,,,,,,,1,2,1,3.0,6
201300044641,0013-11-06 08:10:00,13,11,6,8,10,940,81,"24, ABBE ROGER DERRY (AV",,,Plein jour,En agglomération,Hors intersection,Normale,Autre collision,,,,,,,,,,,1,2,1,1.0,6
201300044642,0013-11-07 13:10:00,13,11,7,13,10,940,81,JEAN JAURES (AV),,,Plein jour,En agglomération,Intersection en X,Normale,Deux véhicules - côté,,,,,,,,,,,1,2,2,1.0,3
201300044643,0013-11-12 14:30:00,13,11,12,14,30,940,81,"A86, BRETELLE A86",48.7735,2.4038,Plein jour,Hors agglomération,Hors intersection,Pluie forte,Deux véhicules - arrière,,,,,,,,,,,1,1,1,3.0,2
201300044644,0013-11-17 22:35:00,13,11,17,22,35,940,81,EDOUARD TREMBLAY (R),,,Nuit avec éclairage allumé,En agglomération,Intersection en X,Normale,Autre collision,,,,,,,,,,,5,2,2,1.0,6
201300044645,0013-11-18 23:15:00,13,11,18,23,15,940,81,"157, PAUL VAILLANT COUTU",,,Nuit avec éclairage allumé,En agglomération,Intersection en Y,Normale,Autre collision,,,,,,,,,,,5,2,4,1.0,6
201300044646,0013-11-19 06:05:00,13,11,19,6,5,940,81,JULES GUESDE (QU),,,Nuit avec éclairage allumé,En agglomération,Intersection en X,Normale,Deux véhicules - côté,,,,,,,,,,,5,2,2,1.0,3
201300044647,0013-11-19 14:10:00,13,11,19,14,10,940,81,STALINGRAD (BD DE),,,Plein jour,En agglomération,Hors intersection,Normale,Deux véhicules - côté,,,,,,,,,,,1,2,1,1.0,3
201300044648,0013-11-19 18:35:00,13,11,19,18,35,940,81,"170, GABRIEL PERI (R)",,,Nuit avec éclairage allumé,En agglomération,Intersection en X,Normale,Autre collision,,,,,,,,,,,5,2,2,1.0,6
201300044649,0013-11-20 12:00:00,13,11,20,12,0,940,81,PRESIDENT SALVADOR ALLEN,,,Plein jour,En agglomération,Intersection en T,Normale,Deux véhicules - arrière,,,,,,,,,,,1,2,3,1.0,2
201300044650,0013-11-25 13:15:00,13,11,25,13,15,940,81,"97, PAUL VAILLANT COUTUR",,,Plein jour,En agglomération,Hors intersection,Normale,Autre collision,,,,,,,,,,,1,2,1,1.0,6
201300044651,0013-12-01 17:45:00,13,12,1,17,45,940,81,JULES GUESDE (QU),,,Nuit avec éclairage non allumé,En agglomération,Intersection en X,Normale,Deux véhicules - côté,,,,,,,,,,,4,2,2,1.0,3
201300044652,0013-12-02 18:00:00,13,12,2,18,0,940,81,"Angle, CHAMPILLION (R)",,,Nuit avec éclairage allumé,En agglomération,Hors intersection,Normale,Autre collision,,,,,,,,,,,5,2,1,1.0,6
201300044653,0013-12-03 13:05:00,13,12,3,13,5,940,81,"69, MOULIN DE SAQUET (AV",,,Plein jour,En agglomération,Hors intersection,Normale,Autre collision,,,,,,,,,,,1,2,1,1.0,6
201300044654,0013-12-06 13:20:00,13,12,6,13,20,940,81,"17, VOLTAIRE (R)",,,Plein jour,En agglomération,Hors intersection,Normale,Autre collision,,,,,,,,,,,1,2,1,1.0,6
201300044655,0013-12-11 11:15:00,13,12,11,11,15,940,81,"Entr?e, HENRI BARBUSSE (",,,Plein jour,En agglomération,Intersection en X,Normale,Deux véhicules - arrière,,,,,,,,,,,1,2,2,1.0,2
201300044656,0013-12-18 17:45:00,13,12,18,17,45,940,81,"14, ABBE ROGER DERRY (AV",,,Nuit avec éclairage allumé,En agglomération,Hors intersection,Normale,Sans collision,,,,,,,,,,,5,2,1,1.0,7
201300044657,0013-12-19 08:10:00,13,12,19,8,10,940,81,"Angle, JEAN JAURES (AV)",,,Nuit sans éclairage public,En agglomération,Hors intersection,Pluie légère,Autre collision,,,,,,,,,,,3,2,1,2.0,6
201300044658,0013-12-21 18:30:00,13,12,21,18,30,940,81,"Angle, EUGENE PELLETAN -",,,Nuit avec éclairage allumé,En agglomération,Giratoire,Normale,Sans collision,,,,,,,,,,,5,2,6,1.0,7
201300044659,0013-12-22 13:10:00,13,12,22,13,10,940,81,"14,AV DU GENERAL LECLERC",,,Plein jour,En agglomération,Hors intersection,Pluie légère,Autre collision,,,,,,,,,,,1,2,1,2.0,6
201300044660,0013-12-27 07:35:00,13,12,27,7,35,940,81,"01, YOURI GAGARINE (AV)",,,Nuit avec éclairage allumé,En agglomération,Intersection en X,Temps couvert,Deux véhicules - arrière,,,,,,,,,,,5,2,2,8.0,2
201300044661,0013-12-29 05:40:00,13,12,29,5,40,940,81,COLONEL FABIEN (AV DU),,,Nuit avec éclairage allumé,En agglomération,Intersection en T,Pluie légère,Deux véhicules - arrière,,,,,,,,,,,5,2,3,2.0,2
201300044662,0013-07-08 19:10:00,13,7,8,19,10,940,81,"00, ERNEST HAVET (AV)",,,Plein jour,En agglomération,Hors intersection,Normale,Autre collision,,,,,,,,,,,1,2,1,1.0,6
201300044663,0013-01-02 16:00:00,13,1,2,16,0,950,176,BD JOFFRE,48.9634,2.2009,Plein jour,En agglomération,Intersection en X,Normale,Deux véhicules - côté,,,,,,,,,,,1,2,2,1.0,3
201300044664,0013-01-08 18:50:00,13,1,8,18,50,950,18,BD DU GENERAL LECLERC,48.9399,2.2282,Nuit avec éclairage allumé,En agglomération,Intersection en X,Normale,Deux véhicules - côté,,,,,,,,,,,5,2,2,1.0,3
201300044665,0013-01-10 08:15:00,13,1,10,8,15,950,18,BD HELOISE,48.9383,2.2466,Plein jour,En agglomération,Hors intersection,Normale,Deux véhicules - côté,,,,,,,,,,,1,2,1,1.0,3
201300044666,0013-01-15 15:50:00,13,1,15,15,50,950,176,R EMY-LES-PRES,48.9719,2.2039,Plein jour,En agglomération,Hors intersection,Temps couvert,Autre collision,,,,,,,,,,,1,2,1,8.0,6
201300044667,0013-01-18 07:00:00,13,1,18,7,0,950,18,R P.VAILLANT COUTURIER,48.9431,2.2486,Crépuscule ou aube,En agglomération,Hors intersection,Neige / grêle,Sans collision,,,,,,,,,,,2,2,1,4.0,7
201300044668,0013-01-15 17:00:00,13,1,15,17,0,950,18,R A.G BELIN,48.9475,2.2442,Nuit avec éclairage allumé,En agglomération,Intersection en X,Normale,Autre collision,,,,,,,,,,,5,2,2,1.0,6
201300044669,0013-01-18 11:50:00,13,1,18,11,50,950,18,R DE ROCHEFORT,48.9391,2.2164,Plein jour,En agglomération,Intersection en X,Normale,Autre collision,,,,,,,,,,,1,2,2,1.0,6
201300044670,0013-01-25 13:15:00,13,1,25,13,15,950,18,AV GABRIEL PERI,48.9455,2.2497,Plein jour,En agglomération,Intersection en X,Normale,Autre collision,,,,,,,,,,,1,2,2,1.0,6
201300044671,0013-01-28 09:20:00,13,1,28,9,20,950,582,BD MAURICE BERTEAUX,48.9685,2.2666,Plein jour,En agglomération,Intersection en T,Normale,Deux véhicules - côté,,,,,,,,,,,1,2,3,1.0,3
201300044672,0013-01-28 09:15:00,13,1,28,9,15,950,18,AV DE STALINGRAD,48.9549,2.2741,Plein jour,En agglomération,Hors intersection,Pluie légère,Deux véhicules - côté,,,,,,,,,,,1,2,1,2.0,3
201300044673,0013-01-28 14:20:00,13,1,28,14,20,950,18,RTE DE PONTOISE,48.9469,2.2062,Plein jour,En agglomération,Hors intersection,Normale,Trois véhicules et plus - en chaîne,,,,,,,,,,,1,2,1,1.0,4
201300044674,0013-01-29 19:35:00,13,1,29,19,35,950,18,R GAMBETTA,48.9511,2.2577,Nuit sans éclairage public,En agglomération,Hors intersection,Pluie légère,Deux véhicules - côté,,,,,,,,,,,3,2,1,2.0,3
201300044675,0013-01-30 14:45:00,13,1,30,14,45,950,18,R HENRI BARBUSSE,48.9383,2.2422,Plein jour,En agglomération,Hors intersection,Normale,Autre collision,,,,,,,,,,,1,2,1,1.0,6
201300044676,0013-01-29 07:29:00,13,1,29,7,29,950,18,BD JEAN ALLEMANE,48.9524,2.2539,Crépuscule ou aube,En agglomération,Intersection en T,Normale,Deux véhicules - côté,,,,,,,,,,,2,2,3,1.0,3
201300044677,0013-01-30 17:55:00,13,1,30,17,55,950,18,QU DE BEZONS,48.9368,2.2456,Nuit avec éclairage allumé,Hors agglomération,Intersection en T,Normale,Deux véhicules - arrière,,,,,,,,,,,5,1,3,1.0,2
201300044678,0013-02-04 09:56:00,13,2,4,9,56,950,582,BD GAMBETTA,49.9748,2.2496,Plein jour,En agglomération,Hors intersection,Pluie légère,Deux véhicules - arrière,,,,,,,,,,,1,2,1,2.0,2
201300044679,0013-02-11 08:00:00,13,2,11,8,0,950,18,BD LEON FEIX,48.9482,2.2519,Plein jour,En agglomération,Intersection en X,Pluie légère,Autre collision,,,,,,,,,,,1,2,2,2.0,6
201300044680,0013-02-14 07:40:00,13,2,14,7,40,950,18,R DE CALAIS,48.9442,2.2451,Nuit avec éclairage allumé,En agglomération,Intersection en X,Pluie légère,Autre collision,,,,,,,,,,,5,2,2,2.0,6
201300044681,0013-02-15 10:46:00,13,2,15,10,46,950,18,R MICHELET,48.9482,2.2519,Plein jour,En agglomération,Intersection en X,Normale,Deux véhicules - côté,,,,,,,,,,,1,2,2,1.0,3
201300044682,0013-02-16 09:25:00,13,2,16,9,25,950,18,AV DE VERDUN,48.9516,2.2437,Plein jour,En agglomération,Intersection en Y,Normale,Deux véhicules - côté,,,,,,,,,,,1,2,4,1.0,3
201300044683,0013-02-17 16:35:00,13,2,17,16,35,950,18,AV DE VERDUN,48.9548,2.2423,Plein jour,En agglomération,Intersection en X,Normale,Autre collision,,,,,,,,,,,1,2,2,1.0,6
201300044684,0013-02-20 00:05:00,13,2,20,0,5,950,18,BD DE LA RESISTANCE,48.9502,2.2263,Nuit avec éclairage allumé,En agglomération,Hors intersection,Normale,Autre collision,,,,,,,,,,,5,2,1,1.0,6
201300044685,0013-02-23 00:05:00,13,2,23,0,5,950,18,PL DU ONZE NOVEMBRE,48.9354,2.2387,Nuit avec éclairage allumé,En agglomération,Place,Normale,Deux véhicules - côté,,,,,,,,,,,5,2,7,1.0,3
201300044686,0013-02-22 20:30:00,13,2,22,20,30,950,18,BD JEAN ALLEMANE,48.9559,2.2557,Nuit avec éclairage allumé,En agglomération,Hors intersection,Normale,Deux véhicules - côté,,,,,,,,,,,5,2,1,1.0,3
201300044687,0013-02-23 11:00:00,13,2,23,11,0,950,18,AV JEAN JAURES,48.9404,2.2249,Plein jour,En agglomération,Hors intersection,Normale,Autre collision,,,,,,,,,,,1,2,1,1.0,6
201300044688,0013-02-22 07:05:00,13,2,22,7,5,950,18,BD MARCEAU GUILLOT,48.9551,2.2527,Nuit avec éclairage allumé,En agglomération,Intersection en T,Normale,Deux véhicules - côté,,,,,,,,,,,5,2,3,1.0,3
201300044689,0013-02-26 23:34:00,13,2,26,23,34,950,18,R MICHELET,48.9482,2.2519,Nuit avec éclairage allumé,En agglomération,Intersection en X,Pluie légère,Deux véhicules - côté,,,,,,,,,,,5,2,2,2.0,3
201300044690,0013-02-28 14:45:00,13,2,28,14,45,950,582,BD CHARLES DE GAULLE,48.9728,2.2546,Plein jour,En agglomération,Hors intersection,Temps couvert,Deux véhicules - côté,,,,,,,,,,,1,2,1,8.0,3
201300044691,0013-03-01 16:25:00,13,3,1,16,25,950,18,R DES BUCHETTES,48.9503,2.2623,Plein jour,En agglomération,Intersection en X,Normale,Deux véhicules - côté,,,,,,,,,,,1,2,2,1.0,3
201300044692,0013-03-02 14:00:00,13,3,2,14,0,950,176,AV GEORGES CLEMENCEAU,48.9579,2.2394,Plein jour,En agglomération,Hors intersection,Normale,Trois véhicules et plus - en chaîne,,,,,,,,,,,1,2,1,1.0,4
201300044693,0013-03-05 18:31:00,13,3,5,18,31,950,18,R D'ARRAS,48.9584,2.2811,Nuit avec éclairage allumé,En agglomération,Hors intersection,Normale,Autre collision,,,,,,,,,,,5,2,1,1.0,6
201300044694,0013-03-07 11:10:00,13,3,7,11,10,950,18,R HENRI BARBUSSE,48.9336,2.2337,Plein jour,En agglomération,Hors intersection,Normale,Deux véhicules - côté,,,,,,,,,,,1,2,1,1.0,3
201300044695,0013-03-13 16:45:00,13,3,13,16,45,950,176,AV DE LA LIBERATION,48.9734,2.1985,Plein jour,En agglomération,Hors intersection,Normale,Autre collision,,,,,,,,,,,1,2,1,1.0,6
201300044696,0013-03-20 16:15:00,13,3,20,16,15,950,18,RTE DE PONTOISE,48.9465,2.2062,Plein jour,En agglomération,Intersection en T,Normale,Deux véhicules - côté,,,,,,,,,,,1,2,3,1.0,3
201300044697,0013-03-20 18:30:00,13,3,20,18,30,950,18,R DANIELLE CASANOVA,48.9296,2.2264,Plein jour,En agglomération,Hors intersection,Normale,Deux véhicules - côté,,,,,,,,,,,1,2,1,1.0,3
201300044698,0013-04-02 19:25:00,13,4,2,19,25,950,18,AV JEAN JAURES,48.9402,2.2258,Plein jour,En agglomération,Intersection en X,Normale,Autre collision,,,,,,,,,,,1,2,2,1.0,6
201300044699,0013-04-08 09:30:00,13,4,8,9,30,950,18,BD MAURICE BERTEAUX,48.9482,2.2548,Plein jour,En agglomération,Hors intersection,Normale,Deux véhicules - arrière,,,,,,,,,,,1,2,1,1.0,2
201300044700,0013-04-09 13:25:00,13,4,9,13,25,950,18,R DU PERREUX,48.9445,2.2258,Plein jour,En agglomération,Hors intersection,Pluie légère,Autre collision,,,,,,,,,,,1,2,1,2.0,6
201300044701,0013-04-09 14:00:00,13,4,9,14,0,950,18,AV JEAN JAURES,48.9407,2.2202,Plein jour,En agglomération,Hors intersection,Pluie légère,Deux véhicules - arrière,,,,,,,,,,,1,2,1,2.0,2
201300044702,0013-04-06 14:25:00,13,4,6,14,25,950,18,AV GABRIELPERI,48.9429,2.2522,Plein jour,En agglomération,Hors intersection,Normale,Deux véhicules - arrière,,,,,,,,,,,1,2,1,1.0,2
201300044703,0013-04-12 21:35:00,13,4,12,21,35,950,18,BD GENERAL LECLERC,48.9457,2.2334,Nuit avec éclairage allumé,En agglomération,Intersection en X,Pluie légère,Deux véhicules - côté,,,,,,,,,,,5,2,2,2.0,3
201300044704,0013-04-08 12:15:00,13,4,8,12,15,950,18,AV DU MARECHAL FOCH,48.9466,2.2568,Plein jour,En agglomération,Intersection en T,Normale,Autre collision,,,,,,,,,,,1,2,3,1.0,6
201300044705,0013-04-16 14:30:00,13,4,16,14,30,950,18,PL DU ONZE NOVEMBRE,48.9361,2.2382,Plein jour,En agglomération,Intersection en X,Normale,Autre collision,,,,,,,,,,,1,2,2,1.0,6
201300044706,0013-04-20 20:49:00,13,4,20,20,49,950,18,RTE D'ENGHIEN,48.9575,2.2877,Nuit avec éclairage allumé,En agglomération,Intersection en Y,Normale,Deux véhicules - côté,,,,,,,,,,,5,2,4,1.0,3
201300044707,0013-04-21 12:40:00,13,4,21,12,40,950,18,AV GABRIEL PERI,48.9421,2.2531,Plein jour,En agglomération,Intersection en X,Normale,Deux véhicules - arrière,,,,,,,,,,,1,2,2,1.0,2
201300044708,0013-04-23 13:30:00,13,4,23,13,30,950,18,R DE CHANCONNET,48.9397,2.2365,Plein jour,En agglomération,Hors intersection,Normale,Autre collision,,,,,,,,,,,1,2,1,1.0,6
201300044709,0013-04-26 08:00:00,13,4,26,8,0,950,18,R ALFRED COLLAS,48.9416,2.2516,Plein jour,En agglomération,Intersection en T,Normale,Autre collision,,,,,,,,,,,1,2,3,1.0,6
201300044710,0013-05-01 14:45:00,13,5,1,14,45,950,18,AV GABRIEL PERI,48.9438,2.2513,Plein jour,En agglomération,Hors intersection,Normale,Deux véhicules - arrière,,,,,,,,,,,1,2,1,1.0,2
201300044711,0013-04-30 16:15:00,13,4,30,16,15,950,176,BD GEORGES CLEMENCEAU,48.9726,2.1904,Plein jour,En agglomération,Intersection en X,Normale,Deux véhicules - côté,,,,,,,,,,,1,2,2,1.0,3
201300044712,0013-05-03 15:10:00,13,5,3,15,10,950,18,R FERDINAND BERTHOUD,48.9371,2.2342,Plein jour,En agglomération,Hors intersection,Normale,Autre collision,,,,,,,,,,,1,2,1,1.0,6
201300044713,0013-05-04 12:25:00,13,5,4,12,25,950,176,BD JOFFRE,48.9634,2.2008,Plein jour,En agglomération,Intersection en X,Normale,Deux véhicules - côté,,,,,,,,,,,1,2,2,1.0,3
201300044714,0013-05-05 19:40:00,13,5,5,19,40,950,18,R JEAN LURCAT,48.9514,2.2292,Plein jour,En agglomération,Intersection en T,Normale,Autre collision,,,,,,,,,,,1,2,3,1.0,6
201300044715,0013-05-07 16:45:00,13,5,7,16,45,950,18,R D'EPINAY,48.9546,2.2845,Plein jour,En agglomération,Intersection en X,Normale,Deux véhicules - côté,,,,,,,,,,,1,2,2,1.0,3
201300044716,0013-05-11 11:25:00,13,5,11,11,25,950,176,RTE STRATEGIQUE,48.9841,2.1994,Plein jour,En agglomération,Hors intersection,Normale,Deux véhicules - frontale,,,,,,,,,,,1,2,1,1.0,1