accident_id,datetime,annee,mois,jour,heure,minute,departement,commune_insee,adresse,latitude,longitude,luminosite,agglomeration,intersection,meteo,collision,nb_vehicules,nb_usagers,nb_indemnes,nb_tues,nb_blesses_hosp,nb_blesses_legers,age_cond_1,age_cond_2,veh_type_cond_1,veh_type_cond_2,lum_code,agg_code,int_code,atm_code,col_code
201300044842,0013-09-13 17:45:00,13,9,13,17,45,950,127,BD DE L'OISE,49.0455,2.0687,Plein jour,En agglomération,Hors intersection,Pluie légère,Autre collision,,,,,,,,,,,1,2,1,2.0,6
201300044843,0013-09-29 23:30:00,13,9,29,23,30,950,572,R DU MAIL,49.0489,2.1078,Nuit avec éclairage allumé,En agglomération,Intersection en X,Pluie légère,Autre collision,,,,,,,,,,,5,2,2,2.0,6
201300044844,0013-10-09 21:50:00,13,10,9,21,50,950,218,BD JACQUES DUCLOS,49.0133,2.0899,Nuit avec éclairage allumé,Hors agglomération,Intersection en X,Normale,Deux véhicules - côté,,,,,,,,,,,5,1,2,1.0,3
201300044845,0013-10-12 16:30:00,13,10,12,16,30,950,127,BD DU PORT,49.0374,2.0729,Plein jour,En agglomération,Intersection en X,Normale,Deux véhicules - côté,,,,,,,,,,,1,2,2,1.0,3
201300044846,0013-10-16 22:00:00,13,10,16,22,0,950,218,BD JACQUES DUCLOS,49.0164,2.09249,Nuit sans éclairage public,En agglomération,Hors intersection,Pluie légère,Deux véhicules - arrière,,,,,,,,,,,3,2,1,2.0,2
201300044847,0013-10-20 12:15:00,13,10,20,12,15,950,572,R DE PARIS,49.0308,2.1288,Plein jour,En agglomération,Hors intersection,Normale,Deux véhicules - arrière,,,,,,,,,,,1,2,1,1.0,2
201300044848,0013-10-23 20:55:00,13,10,23,20,55,950,127,BD DES EXPLORATEURS,49.0529,2.0104,Nuit avec éclairage allumé,En agglomération,Hors intersection,Pluie légère,Deux véhicules - côté,,,,,,,,,,,5,2,1,2.0,3
201300044849,0013-10-26 04:10:00,13,10,26,4,10,950,218,R DES PINSONS,49.0194,2.0939,Nuit avec éclairage allumé,En agglomération,Hors intersection,Pluie légère,Autre collision,,,,,,,,,,,5,2,1,2.0,6
201300044850,0013-11-01 23:15:00,13,11,1,23,15,950,500,CHEMIN DE LA PELOUSE,49.0409,2.0968,Nuit avec éclairage allumé,En agglomération,Hors intersection,Pluie forte,Sans collision,,,,,,,,,,,5,2,1,3.0,7
201300044851,0013-11-13 08:50:00,13,11,13,8,50,950,127,AV DU PARC,49.0333,2.0729,Plein jour,En agglomération,Hors intersection,Temps éblouissant,Autre collision,,,,,,,,,,,1,2,1,7.0,6
201300044852,0013-11-19 10:00:00,13,11,19,10,0,950,127,AV DU NORD,49.0431,2.0609,Plein jour,En agglomération,Hors intersection,Normale,Autre collision,,,,,,,,,,,1,2,1,1.0,6
201300044853,0013-12-04 13:50:00,13,12,4,13,50,950,572,AV DU FOND DE VAUX,49.0545,2.1462,Plein jour,En agglomération,Hors intersection,Normale,Deux véhicules - côté,,,,,,,,,,,1,2,1,1.0,3
201300044854,0013-12-06 21:35:00,13,12,6,21,35,950,500,R DE GISORS,49.0536,2.09379,Nuit avec éclairage allumé,En agglomération,Hors intersection,Normale,Autre collision,,,,,,,,,,,5,2,1,1.0,6
201300044855,0013-12-15 23:20:00,13,12,15,23,20,950,572,R DE PARIS,49.0364,2.1214,Nuit avec éclairage allumé,Hors agglomération,Hors intersection,Normale,Deux véhicules - côté,,,,,,,,,,,5,1,1,1.0,3
201300044856,0013-12-19 04:30:00,13,12,19,4,30,950,476,RN 14,49.0565,2.0472,Nuit sans éclairage public,Hors agglomération,Hors intersection,Pluie légère,Sans collision,,,,,,,,,,,3,1,1,2.0,7
201300044857,0013-01-17 08:45:00,13,1,17,8,45,950,476,CHE DES HAYETTES,49.0676,2.0888,Plein jour,En agglomération,Hors intersection,Normale,Autre collision,,,,,,,,,,,1,2,1,1.0,6
201300044858,0013-01-26 23:25:00,13,1,26,23,25,950,127,R DE VAUREAL,49.0417,2.0433,Nuit avec éclairage non allumé,En agglomération,Hors intersection,Normale,Deux véhicules - frontale,,,,,,,,,,,4,2,1,1.0,1
201300044859,0013-01-27 21:25:00,13,1,27,21,25,950,500,BD JACQUES TETE,49.0633,2.1024,Nuit sans éclairage public,Hors agglomération,Hors intersection,Pluie légère,Autre collision,,,,,,,,,,,3,1,1,2.0,6
201300044860,0013-01-26 18:30:00,13,1,26,18,30,950,218,BD JACQUES DUCLOS,49.0163,2.09269,Nuit sans éclairage public,Hors agglomération,Hors intersection,Normale,Deux véhicules - côté,,,,,,,,,,,3,1,1,1.0,3
201300044861,0013-02-23 18:00:00,13,2,23,18,0,950,500,CHSEE JULES CESAR,49.0458,2.0856,Crépuscule ou aube,En agglomération,Hors intersection,Normale,Deux véhicules - arrière,,,,,,,,,,,2,2,1,1.0,2
201300044862,0013-03-01 03:30:00,13,3,1,3,30,950,127,R DE VAUREAL,49.0431,2.05419,Nuit avec éclairage allumé,En agglomération,Hors intersection,Temps couvert,Autre collision,,,,,,,,,,,5,2,1,8.0,6
201300044863,0013-03-07 21:27:00,13,3,7,21,27,950,218,BD JACQUES DUCLOS,49.0256,2.1035,Nuit sans éclairage public,Hors agglomération,Hors intersection,Normale,Autre collision,,,,,,,,,,,3,1,1,1.0,6
201300044864,0013-03-17 00:19:00,13,3,17,0,19,950,500,QUAI DU POTHUIS,49.0489,2.1019,Nuit avec éclairage allumé,En agglomération,Hors intersection,Pluie légère,Deux véhicules - frontale,,,,,,,,,,,5,2,1,2.0,1
201300044865,0013-04-11 14:55:00,13,4,11,14,55,950,476,R DES PATIS,49.0539,2.0739,Plein jour,En agglomération,Hors intersection,Normale,Autre collision,,,,,,,,,,,1,2,1,1.0,6
201300044866,0013-05-19 13:50:00,13,5,19,13,50,950,127,R DE LA JUSTICE MAUVE,49.0459,2.0646,Plein jour,En agglomération,Hors intersection,Normale,Autre collision,,,,,,,,,,,1,2,1,1.0,6
201300044867,0013-04-20 12:30:00,13,4,20,12,30,950,476,AV DE BOISSY-L'AILLERIE,49.0614,2.0651,Plein jour,En agglomération,Hors intersection,Normale,Deux véhicules - frontale,,,,,,,,,,,1,2,1,1.0,1
201300044868,0013-04-21 14:10:00,13,4,21,14,10,950,500,AV REDOUANE BOUGARA,49.0613,2.09019,Plein jour,En agglomération,Hors intersection,Temps éblouissant,Autre collision,,,,,,,,,,,1,2,1,7.0,6
201300044869,0013-05-24 11:40:00,13,5,24,11,40,950,476,AV DE BOISSY  L'AILLERIE,49.0611,2.0661,Plein jour,En agglomération,Giratoire,Pluie légère,Autre collision,,,,,,,,,,,1,2,6,2.0,6
201300044870,0013-05-26 02:45:00,13,5,26,2,45,950,127,RN 14,,,Nuit sans éclairage public,Hors agglomération,Hors intersection,Normale,Trois véhicules et plus - en chaîne,,,,,,,,,,,3,1,1,1.0,4
201300044871,0013-06-22 21:35:00,13,6,22,21,35,950,127,R DU CAPITAINE NEMO,49.0489,2.0057,Crépuscule ou aube,En agglomération,Hors intersection,Temps couvert,Autre collision,,,,,,,,,,,2,2,1,8.0,6
201300044872,0013-07-19 22:55:00,13,7,19,22,55,950,476,RD 915,49.0616,2.0853,Nuit avec éclairage allumé,Hors agglomération,Hors intersection,Normale,Autre collision,,,,,,,,,,,5,1,1,1.0,6
201300044873,0013-07-19 20:30:00,13,7,19,20,30,950,127,PL DU HAUT DE GENCY,49.0462,2.0455,Plein jour,En agglomération,Place,Normale,Autre collision,,,,,,,,,,,1,2,7,1.0,6
201300044874,0013-07-21 23:27:00,13,7,21,23,27,950,127,AV DE LA CONSTELLATION,49.0491,2.03129,Nuit avec éclairage allumé,En agglomération,Hors intersection,Normale,Autre collision,,,,,,,,,,,5,2,1,1.0,6
201300044875,0013-07-12 10:00:00,13,7,12,10,0,950,127,BD DU PORT,49.0381,2.0745,Plein jour,En agglomération,Hors intersection,Normale,Deux véhicules - côté,,,,,,,,,,,1,2,1,1.0,3
201300044876,0013-08-10 20:55:00,13,8,10,20,55,950,500,AV MARECHAL DE LATTRE,49.0484,2.0823,Plein jour,En agglomération,Hors intersection,Normale,Autre collision,,,,,,,,,,,1,2,1,1.0,6
201300044877,0013-09-09 09:40:00,13,9,9,9,40,950,572,R DU PARC,49.0418,2.1119,Plein jour,En agglomération,Giratoire,Normale,Deux véhicules - côté,,,,,,,,,,,1,2,6,1.0,3
201300044878,0013-01-08 08:45:00,13,1,8,8,45,950,427,AV MAURICE UTRILLO,48.9739,2.3493,Crépuscule ou aube,En agglomération,Hors intersection,Normale,Autre collision,,,,,,,,,,,2,2,1,1.0,6
201300044879,0013-12-14 19:00:00,13,12,14,19,0,950,288,RTE DE CALAIS,48.9854,2.3614,Nuit avec éclairage allumé,En agglomération,Hors intersection,Normale,Trois véhicules et plus - en chaîne,,,,,,,,,,,5,2,1,1.0,4
201300044880,0013-02-11 09:20:00,13,2,11,9,20,950,427,AV  MAURICE UTRILLO,48.9772,2.3559,Plein jour,En agglomération,Hors intersection,Normale,Deux véhicules - côté,,,,,,,,,,,1,2,1,1.0,3
201300044881,0013-02-11 11:45:00,13,2,11,11,45,950,197,R DU MOUTIER,48.9721,2.3231,Plein jour,En agglomération,Hors intersection,Normale,Autre collision,,,,,,,,,,,1,2,1,1.0,6
201300044882,0013-02-05 16:25:00,13,2,5,16,25,950,288,R DOCTEUR GOLDSTEIN,48.9878,2.3541,Plein jour,En agglomération,Hors intersection,Normale,Autre collision,,,,,,,,,,,1,2,1,1.0,6
201300044883,0013-03-08 21:30:00,13,3,8,21,30,950,427,AV GENERAL DE GAULLE,48.9741,2.3477,Nuit avec éclairage allumé,En agglomération,Hors intersection,Normale,Deux véhicules - arrière,,,,,,,,,,,5,2,1,1.0,2
201300044884,0013-03-22 19:15:00,13,3,22,19,15,950,427,RTE DE CALAIS,48.9774,2.3646,Crépuscule ou aube,En agglomération,Hors intersection,Pluie légère,Autre collision,,,,,,,,,,,2,2,1,2.0,6
201300044885,0013-04-24 08:50:00,13,4,24,8,50,950,197,BD DE MONTMORENCY,48.9711,2.3166,Plein jour,En agglomération,Hors intersection,Normale,Autre collision,,,,,,,,,,,1,2,1,1.0,6
201300044886,0013-05-20 20:45:00,13,5,20,20,45,950,288,RTE DE CALAIS,48.9848,2.3617,Nuit avec éclairage allumé,En agglomération,Hors intersection,Normale,Deux véhicules - arrière,,,,,,,,,,,5,2,1,1.0,2
201300044887,0013-06-21 17:00:00,13,6,21,17,0,950,288,PL DE LA LIBERATION,48.9867,2.3445,Plein jour,En agglomération,Hors intersection,Normale,Autre collision,,,,,,,,,,,1,2,1,1.0,6
201300044888,0013-06-09 18:30:00,13,6,9,18,30,950,197,RTE DE SAINT DENIS,48.9597,2.3275,Plein jour,En agglomération,Hors intersection,Pluie légère,Deux véhicules - arrière,,,,,,,,,,,1,2,1,2.0,2
201300044889,0013-06-08 19:40:00,13,6,8,19,40,950,197,RTE DE SAINT DENIS,48.9598,2.3273,Plein jour,En agglomération,Hors intersection,Normale,Autre collision,,,,,,,,,,,1,2,1,1.0,6
201300044890,0013-08-05 13:50:00,13,8,5,13,50,950,288,RTE PARIS à CALAIS,48.9849,2.3617,Plein jour,En agglomération,Hors intersection,Normale,Deux véhicules - arrière,,,,,,,,,,,1,2,1,1.0,2
201300044891,0013-08-26 16:40:00,13,8,26,16,40,950,197,R BOURGEOIS,48.9799,2.3277,Plein jour,En agglomération,Hors intersection,Normale,Deux véhicules - côté,,,,,,,,,,,1,2,1,1.0,3
201300044892,0013-08-29 22:15:00,13,8,29,22,15,950,427,R ROBERT FOULON,48.9724,2.3483,Plein jour,En agglomération,Intersection en X,Normale,Deux véhicules - côté,,,,,,,,,,,1,2,2,1.0,3
201300044893,0013-09-07 03:00:00,13,9,7,3,0,950,197,AV DIVISION LECLERC,48.9672,2.3173,Nuit avec éclairage allumé,En agglomération,Place,Normale,Autre collision,,,,,,,,,,,5,2,7,1.0,6
201300044894,0013-08-23 10:05:00,13,8,23,10,5,950,197,R DU CHATEAU,48.9669,2.3177,Plein jour,En agglomération,Hors intersection,Normale,Autre collision,,,,,,,,,,,1,2,1,1.0,6
201300044895,0013-10-21 08:10:00,13,10,21,8,10,950,427,R D'EPINAY,48.9692,2.3406,Plein jour,En agglomération,Hors intersection,Normale,Deux véhicules - côté,,,,,,,,,,,1,2,1,1.0,3
201300044896,0013-10-10 16:10:00,13,10,10,16,10,950,197,R DE LA FONTAINE DU GUE,48.9748,2.3329,Plein jour,En agglomération,Hors intersection,Normale,Autre collision,,,,,,,,,,,1,2,1,1.0,6
201300044897,0013-10-19 08:10:00,13,10,19,8,10,950,197,AV  MARECHAL FOCH,48.9653,2.3194,Plein jour,En agglomération,Hors intersection,Normale,Autre collision,,,,,,,,,,,1,2,1,1.0,6
201300044898,0013-10-11 08:30:00,13,10,11,8,30,950,197,AV DE LDIVISION LECLERC,48.9658,2.3189,Crépuscule ou aube,En agglomération,Hors intersection,Normale,Deux véhicules - côté,,,,,,,,,,,2,2,1,1.0,3
201300044899,0013-11-21 20:00:00,13,11,21,20,0,950,197,AV DE LA GARE,48.9749,2.3391,Nuit avec éclairage allumé,En agglomération,Intersection en X,Pluie légère,Autre collision,,,,,,,,,,,5,2,2,2.0,6
201300044900,0013-11-26 19:30:00,13,11,26,19,30,950,427,R JULES FERRY,48.9678,2.3425,Nuit avec éclairage allumé,En agglomération,Hors intersection,Normale,Deux véhicules - frontale,,,,,,,,,,,5,2,1,1.0,1
201300044901,0013-11-09 11:30:00,13,11,9,11,30,950,197,AV DIVISION LECLERC,48.9693,2.3141,Plein jour,En agglomération,Hors intersection,Normale,Deux véhicules - côté,,,,,,,,,,,1,2,1,1.0,3
201300044902,0013-12-06 16:20:00,13,12,6,16,20,950,288,R DE SARCELLES,48.9841,2.3662,Plein jour,En agglomération,Hors intersection,Normale,Deux véhicules - frontale,,,,,,,,,,,1,2,1,1.0,1
201300044903,0013-01-10 09:50:00,13,1,10,9,50,950,210,R DU GENERAL DE GAULLE,48.9702,2.3064,Plein jour,En agglomération,Hors intersection,Pluie légère,Deux véhicules - frontale,,,,,,,,,,,1,2,1,2.0,1
201300044904,0013-01-28 10:30:00,13,1,28,10,30,950,369,R EUGENE  LEGENDRE,48.9983,2.2915,Plein jour,En agglomération,Hors intersection,Normale,Deux véhicules - frontale,,,,,,,,,,,1,2,1,1.0,1
201300044905,0013-02-04 12:10:00,13,2,4,12,10,950,555,R DU PICOLO,48.9686,2.2791,Plein jour,En agglomération,Hors intersection,Normale,Autre collision,,,,,,,,,,,1,2,1,1.0,6
201300044906,0013-07-02 21:40:00,13,7,2,21,40,950,14,RTE DE BERCHERE,49.0117,2.3049,Plein jour,Hors agglomération,Intersection en X,Normale,Deux véhicules - côté,,,,,,,,,,,1,1,2,1.0,3
201300044907,0013-09-08 19:25:00,13,9,8,19,25,950,210,R DU MARCHE,48.9695,2.3109,Plein jour,En agglomération,Hors intersection,Normale,Autre collision,,,,,,,,,,,1,2,1,1.0,6
201300044908,0013-01-14 11:50:00,13,1,14,11,50,950,219,R DU SYNDICAT,48.9939,2.2497,Plein jour,En agglomération,Hors intersection,Normale,Trois véhicules et plus - collisions multiples,,,,,,,,,,,1,2,1,1.0,5
201300044909,0013-01-16 11:45:00,13,1,16,11,45,950,252,AV DES MARAIS,48.9982,2.2187,Plein jour,En agglomération,Hors intersection,Normale,Deux véhicules - côté,,,,,,,,,,,1,2,1,1.0,3
201300044910,0013-01-17 00:05:00,13,1,17,0,5,950,252,CHE DE CORMEILLES,48.9768,2.2246,Nuit sans éclairage public,Hors agglomération,Hors intersection,Normale,Sans collision,,,,,,,,,,,3,1,1,1.0,7
201300044911,0013-01-25 18:00:00,13,1,25,18,0,950,252,BD DU BEL-AIR,48.9874,2.2334,Nuit avec éclairage allumé,En agglomération,Intersection en Y,Normale,Deux véhicules - côté,,,,,,,,,,,5,2,4,1.0,3
201300044912,0013-01-29 17:30:00,13,1,29,17,30,950,252,ALL JUDIC,48.9954,2.2261,Plein jour,En agglomération,Hors intersection,Pluie légère,Autre collision,,,,,,,,,,,1,2,1,2.0,6
201300044913,0013-02-01 12:00:00,13,2,1,12,0,950,252,BD MAURICE BERTEAUX,48.9846,2.2269,Plein jour,En agglomération,Hors intersection,Pluie légère,Autre collision,,,,,,,,,,,1,2,1,2.0,6
201300044914,0013-02-01 12:50:00,13,2,1,12,50,950,574,AV DU GENERAL LECLERC,49.0083,2.2566,Plein jour,En agglomération,Hors intersection,Pluie légère,Autre collision,,,,,,,,,,,1,2,1,2.0,6
201300044915,0013-02-14 20:15:00,13,2,14,20,15,950,219,R DU 18 JUIN,48.9925,2.2486,Nuit avec éclairage allumé,En agglomération,Giratoire,Pluie légère,Deux véhicules - côté,,,,,,,,,,,5,2,6,2.0,3
201300044916,0013-02-16 12:35:00,13,2,16,12,35,950,203,AV KELLERMANN,48.9775,2.2915,Plein jour,En agglomération,Hors intersection,Normale,Deux véhicules - côté,,,,,,,,,,,1,2,1,1.0,3
201300044917,0013-02-18 16:10:00,13,2,18,16,10,950,203,R JEAN JACQUES ROUSSEAU,48.9947,2.2801,Plein jour,En agglomération,Hors intersection,Normale,Autre collision,,,,,,,,,,,1,2,1,1.0,6
201300044918,0013-02-22 12:10:00,13,2,22,12,10,950,252,R DE L'EPINE GUYON,48.9941,2.2242,Plein jour,En agglomération,Hors intersection,Normale,Autre collision,,,,,,,,,,,1,2,1,1.0,6
201300044919,0013-03-03 18:30:00,13,3,3,18,30,950,219,R LOUIS SAVOIE,48.9913,2.2586,Crépuscule ou aube,En agglomération,Hors intersection,Normale,Autre collision,,,,,,,,,,,2,2,1,1.0,6
201300044920,0013-03-12 13:25:00,13,3,12,13,25,950,203,AV DE PARIS,48.9927,2.2838,Plein jour,En agglomération,Intersection en T,Neige / grêle,Deux véhicules - côté,,,,,,,,,,,1,2,3,4.0,3
201300044921,0013-03-16 06:55:00,13,3,16,6,55,950,219,R DU GENERAL DECAEN,48.9813,2.2511,Crépuscule ou aube,En agglomération,Hors intersection,Normale,Autre collision,,,,,,,,,,,2,2,1,1.0,6
201300044922,0013-04-02 10:25:00,13,4,2,10,25,950,426,BD ARMAND HAYEM,49.0071,2.2812,Plein jour,En agglomération,Intersection en Y,Normale,Deux véhicules - frontale,,,,,,,,,,,1,2,4,1.0,1
201300044923,0013-04-02 18:40:00,13,4,2,18,40,950,252,R DU CHEMIN NEUF,48.9799,2.2342,Plein jour,En agglomération,Hors intersection,Normale,Autre collision,,,,,,,,,,,1,2,1,1.0,6
201300044924,0013-04-11 11:25:00,13,4,11,11,25,950,574,R AUGUSTE REY,49.0145,2.2706,Plein jour,En agglomération,Intersection en T,Normale,Autre collision,,,,,,,,,,,1,2,3,1.0,6
201300044925,0013-04-17 14:10:00,13,4,17,14,10,950,252,AV DES MARAIS,48.9916,2.2225,Plein jour,En agglomération,Hors intersection,Normale,Autre collision,,,,,,,,,,,1,2,1,1.0,6
201300044926,0013-04-17 15:30:00,13,4,17,15,30,950,219,R DU 18 JUIN,48.9921,2.2499,Plein jour,En agglomération,Hors intersection,Temps éblouissant,Autre collision,,,,,,,,,,,1,2,1,7.0,6
201300044927,0013-04-19 04:50:00,13,4,19,4,50,950,203,AV VOLTAIRE,48.9935,2.2812,Nuit avec éclairage allumé,En agglomération,Hors intersection,Normale,Autre collision,,,,,,,,,,,5,2,1,1.0,6
201300044928,0013-04-21 20:20:00,13,4,21,20,20,950,491,R GABRIEL PERI,49.0017,2.2384,Plein jour,En agglomération,Hors intersection,Normale,Deux véhicules - frontale,,,,,,,,,,,1,2,1,1.0,1
201300044929,0013-04-23 15:45:00,13,4,23,15,45,950,426,RTE DE PARIS,49.0175,2.2894,Plein jour,Hors agglomération,Hors intersection,Normale,Deux véhicules - arrière,,,,,,,,,,,1,1,1,1.0,2
201300044930,0013-04-24 17:00:00,13,4,24,17,0,950,203,R DESIRE BERTRAND,48.9901,2.2821,Plein jour,En agglomération,Hors intersection,Normale,Autre collision,,,,,,,,,,,1,2,1,1.0,6
201300044931,0013-04-25 07:45:00,13,4,25,7,45,950,426,BD ARMAND HAYEM,49.0067,2.2815,Plein jour,En agglomération,Intersection en T,Normale,Deux véhicules - côté,,,,,,,,,,,1,2,3,1.0,3
201300044932,0013-04-25 13:20:00,13,4,25,13,20,950,252,AV DES MARAIS,48.9887,2.2206,Plein jour,En agglomération,Hors intersection,Temps éblouissant,Autre collision,,,,,,,,,,,1,2,1,7.0,6
201300044933,0013-04-27 14:20:00,13,4,27,14,20,950,203,AV DU GENERAL LECLERC,48.9819,2.2712,Plein jour,En agglomération,Hors intersection,Normale,Deux véhicules - côté,,,,,,,,,,,1,2,1,1.0,3
201300044934,0013-04-29 19:50:00,13,4,29,19,50,950,203,R DE MONTMORENCY,49.0041,2.2795,Plein jour,En agglomération,Intersection en T,Normale,Deux véhicules - côté,,,,,,,,,,,1,2,3,1.0,3
201300044935,0013-04-30 19:10:00,13,4,30,19,10,950,252,R DU GENERAL LECLERC,48.9878,2.2095,Plein jour,En agglomération,Hors intersection,Pluie légère,Sans collision,,,,,,,,,,,1,2,1,2.0,7
201300044936,0013-05-04 00:35:00,13,5,4,0,35,950,203,AV KELLERMANN,48.9819,2.2929,Nuit avec éclairage allumé,En agglomération,Hors intersection,Normale,Autre collision,,,,,,,,,,,5,2,1,1.0,6
201300044937,0013-05-07 12:45:00,13,5,7,12,45,950,252,R DU GENERAL LECLERC,48.9885,2.2076,Plein jour,En agglomération,Hors intersection,Temps éblouissant,Deux véhicules - arrière,,,,,,,,,,,1,2,1,7.0,2
201300044938,0013-05-19 17:00:00,13,5,19,17,0,950,426,R DE PARIS,49.0215,2.2937,Plein jour,Hors agglomération,Hors intersection,Pluie légère,Autre collision,,,,,,,,,,,1,1,1,2.0,6
201300044939,0013-05-27 17:15:00,13,5,27,17,15,950,252,R DU CHEMIN NEUF,48.9775,2.2286,Plein jour,Hors agglomération,Hors intersection,Normale,Deux véhicules - frontale,,,,,,,,,,,1,1,1,1.0,1
201300044940,0013-06-07 00:30:00,13,6,7,0,30,950,252,R DE PARIS,48.9802,2.2351,Nuit avec éclairage allumé,En agglomération,Intersection en X,Normale,Deux véhicules - côté,,,,,,,,,,,5,2,2,1.0,3
201300044941,0013-06-07 12:45:00,13,6,7,12,45,950,203,AV VOLTAIRE,48.9934,2.2813,Plein jour,En agglomération,Hors intersection,Normale,Deux véhicules - côté,,,,,,,,,,,1,2,1,1.0,3
201300044942,0013-06-10 18:20:00,13,6,10,18,20,950,219,R DE SANNOIS,48.9849,2.2564,Plein jour,En agglomération,Hors intersection,Normale,Deux véhicules - arrière,,,,,,,,,,,1,2,1,1.0,2
201300044943,0013-06-16 08:55:00,13,6,16,8,55,950,219,AV DU GENERAL LECLERC,48.9805,2.2704,Plein jour,En agglomération,Hors intersection,Normale,Deux véhicules - côté,,,,,,,,,,,1,2,1,1.0,3
201300044944,0013-06-17 12:38:00,13,6,17,12,38,950,219,R DE LA REPUBLIQUE,48.9882,2.2616,Plein jour,En agglomération,Intersection en T,Normale,Autre collision,,,,,,,,,,,1,2,3,1.0,6
201300044945,0013-06-27 20:15:00,13,6,27,20,15,950,219,R DU STAND,48.9961,2.2529,Plein jour,En agglomération,Hors intersection,Normale,Autre collision,,,,,,,,,,,1,2,1,1.0,6
201300044946,0013-06-28 09:20:00,13,6,28,9,20,950,203,AV DU GENERAL LECLERC,48.9912,2.2749,Plein jour,En agglomération,Hors intersection,Pluie légère,Deux véhicules - côté,,,,,,,,,,,1,2,1,2.0,3
201300044947,0013-07-02 20:00:00,13,7,2,20,0,950,252,BD TOUSSAINT LUCAS,48.9885,2.2281,Plein jour,En agglomération,Intersection en T,Normale,Deux véhicules - côté,,,,,,,,,,,1,2,3,1.0,3
201300044948,0013-07-09 14:55:00,13,7,9,14,55,950,203,AV MATLOCK,48.9936,2.2744,Plein jour,En agglomération,Giratoire,Normale,Autre collision,,,,,,,,,,,1,2,6,1.0,6
201300044949,0013-07-21 01:35:00,13,7,21,1,35,950,203,AV DE PARIS,48.9933,2.2819,Nuit avec éclairage allumé,En agglomération,Giratoire,Normale,Sans collision,,,,,,,,,,,5,2,6,1.0,7
201300044950,0013-07-21 19:05:00,13,7,21,19,5,950,203,BD DE LA REPUBLIQUE,48.9868,2.2794,Plein jour,En agglomération,Intersection en X,Normale,Deux véhicules - côté,,,,,,,,,,,1,2,2,1.0,3
201300044951,0013-07-31 07:49:00,13,7,31,7,49,950,574,AV DU GENERAL LECLERC,49.0062,2.2585,Plein jour,En agglomération,Intersection en X,Normale,Deux véhicules - frontale,,,,,,,,,,,1,2,2,1.0,1
201300044952,0013-08-01 17:30:00,13,8,1,17,30,950,426,BD ARMAND HAYEM,49.0165,2.2811,Plein jour,En agglomération,Hors intersection,Normale,Deux véhicules - arrière,,,,,,,,,,,1,2,1,1.0,2
201300044953,0013-08-17 19:20:00,13,8,17,19,20,950,219,R DU STAND,48.9979,2.2475,Plein jour,En agglomération,Intersection en T,Normale,Deux véhicules - côté,,,,,,,,,,,1,2,3,1.0,3
201300044954,0013-08-19 15:15:00,13,8,19,15,15,950,252,R DU GENERAL LECLERC,48.9847,2.2256,Plein jour,En agglomération,Intersection en T,Normale,Deux véhicules - côté,,,,,,,,,,,1,2,3,1.0,3
201300044955,0013-08-22 06:45:00,13,8,22,6,45,950,203,PL DU SOUVENIR FRANCAIS,48.9934,2.2746,Crépuscule ou aube,En agglomération,Giratoire,Normale,Deux véhicules - côté,,,,,,,,,,,2,2,6,1.0,3
201300044956,0013-08-27 18:30:00,13,8,27,18,30,950,203,BD DE LA REPUBLIQUE,48.9875,2.2787,Plein jour,En agglomération,Intersection en X,Normale,Deux véhicules - côté,,,,,,,,,,,1,2,2,1.0,3
201300044957,0013-08-27 21:10:00,13,8,27,21,10,950,252,CHAUSSEE JULES CESAR,49.0017,2.2202,Nuit avec éclairage allumé,En agglomération,Hors intersection,Normale,Deux véhicules - frontale,,,,,,,,,,,5,2,1,1.0,1
201300044958,0013-08-30 12:55:00,13,8,30,12,55,950,252,CHE DE LA MARE EPINEUSE,48.9913,2.2064,Plein jour,En agglomération,Intersection en T,Normale,Deux véhicules - côté,,,,,,,,,,,1,2,3,1.0,3
201300044959,0013-09-02 15:25:00,13,9,2,15,25,950,203,AV ALBERT 1er,48.9918,2.2802,Plein jour,En agglomération,Giratoire,Normale,Deux véhicules - côté,,,,,,,,,,,1,2,6,1.0,3
201300044960,0013-09-05 12:30:00,13,9,5,12,30,950,574,R HECTOR CARLIN,48.9999,2.2602,Plein jour,En agglomération,Hors intersection,Normale,Autre collision,,,,,,,,,,,1,2,1,1.0,6
201300044961,0013-09-15 07:10:00,13,9,15,7,10,950,219,R DU STAND,48.9947,2.2561,Crépuscule ou aube,En agglomération,Hors intersection,Normale,Trois véhicules et plus - en chaîne,,,,,,,,,,,2,2,1,1.0,4
201300044962,0013-09-20 08:50:00,13,9,20,8,50,950,203,R DES ROBINETTES,48.9887,2.2666,Plein jour,En agglomération,Intersection en X,Normale,Deux véhicules - côté,,,,,,,,,,,1,2,2,1.0,3
201300044963,0013-09-21 02:40:00,13,9,21,2,40,950,252,BD DU BEL-AIR,48.9875,2.2333,Nuit avec éclairage allumé,En agglomération,Hors intersection,Normale,Deux véhicules - arrière,,,,,,,,,,,5,2,1,1.0,2
201300044964,0013-09-21 14:20:00,13,9,21,14,20,950,219,ALL MANON DES SOURCES,48.9839,2.4545,Plein jour,En agglomération,Hors intersection,Normale,Deux véhicules - arrière,,,,,,,,,,,1,2,1,1.0,2
201300044965,0013-09-24 08:30:00,13,9,24,8,30,950,252,BD DU BEL-AIR,48.9867,2.2352,Plein jour,En agglomération,Hors intersection,Normale,Autre collision,,,,,,,,,,,1,2,1,1.0,6