accident_id,datetime,annee,mois,jour,heure,minute,departement,commune_insee,adresse,latitude,longitude,luminosite,agglomeration,intersection,meteo,collision,nb_vehicules,nb_usagers,nb_indemnes,nb_tues,nb_blesses_hosp,nb_blesses_legers,age_cond_1,age_cond_2,veh_type_cond_1,veh_type_cond_2,lum_code,agg_code,int_code,atm_code,col_code
201300044966,0013-09-25 18:50:00,13,9,25,18,50,950,574,RTE DE MONTMORENCY,49.0069,2.2717,Plein jour,En agglomération,Hors intersection,Normale,Deux véhicules - côté,,,,,,,,,,,1,2,1,1.0,3
201300044967,0013-09-25 17:33:00,13,9,25,17,33,950,219,AV DU GENERAL LECLERC,48.9809,2.2705,Plein jour,En agglomération,Hors intersection,Normale,Sans collision,,,,,,,,,,,1,2,1,1.0,7
201300044968,0013-09-26 11:20:00,13,9,26,11,20,950,219,AV GEORGES POMPIDOU,48.9864,2.2475,Plein jour,En agglomération,Hors intersection,Normale,Deux véhicules - côté,,,,,,,,,,,1,2,1,1.0,3
201300044969,0013-10-03 09:00:00,13,10,3,9,0,950,252,R CHARLES BURGER,48.9938,2.2346,Plein jour,En agglomération,Hors intersection,Normale,Autre collision,,,,,,,,,,,1,2,1,1.0,6
201300044970,0013-10-04 08:30:00,13,10,4,8,30,950,203,CARREFOUR CHARLES DE GAU,48.9946,2.2755,Plein jour,En agglomération,Hors intersection,Normale,Deux véhicules - côté,,,,,,,,,,,1,2,1,1.0,3
201300044971,0013-10-07 11:30:00,13,10,7,11,30,950,203,AV MATLOCK,48.9946,2.2753,Plein jour,En agglomération,Giratoire,Normale,Deux véhicules - côté,,,,,,,,,,,1,2,6,1.0,3
201300044972,0013-10-08 09:15:00,13,10,8,9,15,950,252,R HENRI BARBUSSE,48.9939,2.2334,Plein jour,En agglomération,Hors intersection,Normale,Autre collision,,,,,,,,,,,1,2,1,1.0,6
201300044973,0013-10-08 16:55:00,13,10,8,16,55,950,491,R CHARLES DE GAULLE,49.0009,2.2358,Plein jour,En agglomération,Hors intersection,Normale,Deux véhicules - côté,,,,,,,,,,,1,2,1,1.0,3
201300044974,0013-10-08 22:20:00,13,10,8,22,20,950,203,RTE DE MARGENCY,48.9934,2.2818,Nuit avec éclairage allumé,En agglomération,Giratoire,Normale,Deux véhicules - côté,,,,,,,,,,,5,2,6,1.0,3
201300044975,0013-10-13 06:00:00,13,10,13,6,0,950,252,BD RHIN ET DANUBE,48.9908,2.2269,Nuit avec éclairage allumé,En agglomération,Hors intersection,Normale,Autre collision,,,,,,,,,,,5,2,1,1.0,6
201300044976,0013-10-15 08:16:00,13,10,15,8,16,950,426,RTE DE PARIS,49.0179,2.2899,Plein jour,Hors agglomération,Hors intersection,Temps couvert,Sans collision,,,,,,,,,,,1,1,1,8.0,7
201300044977,0013-10-17 18:30:00,13,10,17,18,30,950,203,R DU GENERAL LECLERC,48.9868,2.2733,Crépuscule ou aube,En agglomération,Hors intersection,Normale,Autre collision,,,,,,,,,,,2,2,1,1.0,6
201300044978,0013-10-18 16:15:00,13,10,18,16,15,950,203,R DE LA PLAINE,49.0062,2.2727,Plein jour,En agglomération,Hors intersection,Normale,Autre collision,,,,,,,,,,,1,2,1,1.0,6
201300044979,0013-10-22 18:15:00,13,10,22,18,15,950,219,R DE STALINGRAD,48.9865,2.2569,Crépuscule ou aube,En agglomération,Hors intersection,Pluie légère,Deux véhicules - côté,,,,,,,,,,,2,2,1,2.0,3
201300044980,0013-10-26 10:00:00,13,10,26,10,0,950,574,R  MAIGNAN LARIVIERE,49.0164,2.2641,Plein jour,Hors agglomération,Hors intersection,Temps couvert,Autre collision,,,,,,,,,,,1,1,1,8.0,6
201300044981,0013-10-26 19:00:00,13,10,26,19,0,950,491,R CHARLES DE GAULLE,49.0041,2.2398,Nuit avec éclairage allumé,En agglomération,Intersection en X,Normale,Deux véhicules - côté,,,,,,,,,,,5,2,2,1.0,3
201300044982,0013-10-29 19:30:00,13,10,29,19,30,950,252,R LEONCE BOURLIAGUET,48.9859,2.2387,Nuit avec éclairage allumé,En agglomération,Hors intersection,Normale,Autre collision,,,,,,,,,,,5,2,1,1.0,6
201300044983,0013-10-31 09:45:00,13,10,31,9,45,950,252,R MARECHAL FOCH,48.9845,2.2283,Plein jour,En agglomération,Hors intersection,Normale,Autre collision,,,,,,,,,,,1,2,1,1.0,6
201300044984,0013-11-01 12:20:00,13,11,1,12,20,950,203,RTE DE MARGENCY,48.9935,2.2819,Plein jour,En agglomération,Giratoire,Pluie légère,Autre collision,,,,,,,,,,,1,2,6,2.0,6
201300044985,0013-11-05 08:30:00,13,11,5,8,30,950,582,AV DE SABERNAUDE,48.9796,2.2447,Plein jour,En agglomération,Intersection en X,Pluie légère,Deux véhicules - côté,,,,,,,,,,,1,2,2,2.0,3
201300044986,0013-11-05 11:40:00,13,11,5,11,40,950,252,R  ANDRE CITROEN,48.9913,2.2065,Plein jour,En agglomération,Hors intersection,Pluie légère,Autre collision,,,,,,,,,,,1,2,1,2.0,6
201300044987,0013-11-07 07:34:00,13,11,7,7,34,950,491,R GABRIEL PERI,49.0012,2.2399,Plein jour,En agglomération,Hors intersection,Normale,Deux véhicules - arrière,,,,,,,,,,,1,2,1,1.0,2
201300044988,0013-11-11 11:00:00,13,11,11,11,0,950,203,AV VOLTAIRE,48.9949,2.2761,Plein jour,En agglomération,Hors intersection,Normale,Deux véhicules - côté,,,,,,,,,,,1,2,1,1.0,3
201300044989,0013-11-11 18:28:00,13,11,11,18,28,950,203,AV DE PARIS,48.9924,2.2844,Nuit avec éclairage allumé,En agglomération,Intersection en T,Normale,Deux véhicules - frontale,,,,,,,,,,,5,2,3,1.0,1
201300044990,0013-11-11 23:25:00,13,11,11,23,25,950,203,AV VOLTAIRE,48.9949,2.2754,Nuit avec éclairage allumé,En agglomération,Giratoire,Normale,Deux véhicules - côté,,,,,,,,,,,5,2,6,1.0,3
201300044991,0013-11-14 14:25:00,13,11,14,14,25,950,203,R GABRIEL PERI,48.9924,2.2804,Plein jour,En agglomération,Hors intersection,Pluie légère,Autre collision,,,,,,,,,,,1,2,1,2.0,6
201300044992,0013-11-14 19:55:00,13,11,14,19,55,950,252,BD RHIN ET DANUBE,48.9928,2.2199,Nuit avec éclairage allumé,En agglomération,Hors intersection,Pluie légère,Deux véhicules - côté,,,,,,,,,,,5,2,1,2.0,3
201300044993,0013-11-23 18:40:00,13,11,23,18,40,950,203,AV DU GENERAL LECLERC,48.9905,2.2749,Nuit avec éclairage allumé,En agglomération,Hors intersection,Temps couvert,Deux véhicules - frontale,,,,,,,,,,,5,2,1,8.0,1
201300044994,0013-11-25 18:15:00,13,11,25,18,15,950,219,R SAINT FLAIVE,48.9886,2.2598,Nuit avec éclairage allumé,En agglomération,Hors intersection,Normale,Autre collision,,,,,,,,,,,5,2,1,1.0,6
201300044995,0013-11-27 09:00:00,13,11,27,9,0,950,252,CH JULES CESAR,48.9949,2.2412,Plein jour,En agglomération,Hors intersection,Normale,Autre collision,,,,,,,,,,,1,2,1,1.0,6
201300044996,0013-11-27 17:10:00,13,11,27,17,10,950,219,RTE DE SAINT LEU,48.9962,2.2551,Nuit avec éclairage allumé,En agglomération,Intersection en T,Normale,Autre collision,,,,,,,,,,,5,2,3,1.0,6
201300044997,0013-11-29 06:15:00,13,11,29,6,15,950,252,R GENERAL LECLERC,48.9839,2.2279,Nuit avec éclairage allumé,En agglomération,Hors intersection,Normale,Autre collision,,,,,,,,,,,5,2,1,1.0,6
201300044998,0013-12-01 11:20:00,13,12,1,11,20,950,203,RTE DE MONTLIGNON,48.9994,2.2776,Plein jour,En agglomération,Hors intersection,Normale,Deux véhicules - côté,,,,,,,,,,,1,2,1,1.0,3
201300044999,0013-12-04 08:20:00,13,12,4,8,20,950,203,PL ARISTIDE BRIAND,48.9915,2.2747,Plein jour,En agglomération,Giratoire,Normale,Deux véhicules - côté,,,,,,,,,,,1,2,6,1.0,3
201300045000,0013-12-09 09:15:00,13,12,9,9,15,950,491,R ANDRE ALEXOPOULOS,49.0004,2.2341,Plein jour,En agglomération,Hors intersection,Normale,Autre collision,,,,,,,,,,,1,2,1,1.0,6
201300045001,0013-12-11 18:20:00,13,12,11,18,20,950,203,AV DE L'EUROPE,48.9916,2.2753,Crépuscule ou aube,En agglomération,Hors intersection,Normale,Autre collision,,,,,,,,,,,2,2,1,1.0,6
201300045002,0013-12-14 14:55:00,13,12,14,14,55,950,219,R DE SANNOIS,48.9848,2.2564,Plein jour,En agglomération,Hors intersection,Normale,Autre collision,,,,,,,,,,,1,2,1,1.0,6
201300045003,0013-12-19 18:10:00,13,12,19,18,10,950,203,AV DU GENERAL LECLERC,48.9912,2.2749,Nuit avec éclairage allumé,En agglomération,Hors intersection,Normale,Autre collision,,,,,,,,,,,5,2,1,1.0,6
201300045004,0013-12-24 18:51:00,13,12,24,18,51,950,203,RTE DE SAINT LEU,48.9975,2.2687,Nuit sans éclairage public,En agglomération,Hors intersection,Pluie légère,Autre collision,,,,,,,,,,,3,2,1,2.0,6
201300045005,0013-01-16 17:45:00,13,1,16,17,45,950,219,R DE LA PETITE BAPAUME,48.9925,2.2556,Nuit avec éclairage allumé,En agglomération,Hors intersection,Temps couvert,Autre collision,,,,,,,,,,,5,2,1,8.0,6
201300045006,0013-03-07 14:35:00,13,3,7,14,35,950,219,RTE DE SAINT LEU,48.9976,2.2538,Plein jour,En agglomération,Giratoire,Normale,Deux véhicules - côté,,,,,,,,,,,1,2,6,1.0,3
201300045007,0013-04-04 09:25:00,13,4,4,9,25,950,574,AV GENERAL LECLERC,49.0084,2.2564,Plein jour,En agglomération,Hors intersection,Normale,Autre collision,,,,,,,,,,,1,2,1,1.0,6
201300045008,0013-08-06 11:45:00,13,8,6,11,45,950,219,R DU STAND,48.9978,2.2483,Plein jour,Hors agglomération,Hors intersection,Normale,Deux véhicules - côté,,,,,,,,,,,1,1,1,1.0,3
201300045009,0013-08-14 17:10:00,13,8,14,17,10,950,252,R DU GENERAL LECLERC,48.9842,2.2268,Plein jour,En agglomération,Hors intersection,Normale,Deux véhicules - côté,,,,,,,,,,,1,2,1,1.0,3
201300045010,0013-02-01 13:15:00,13,2,1,13,15,950,426,BD ARMAND HAYEM,49.0114,2.2812,Plein jour,En agglomération,Intersection en X,Pluie légère,Deux véhicules - côté,,,,,,,,,,,1,2,2,2.0,3
201300045011,0013-09-02 19:45:00,13,9,2,19,45,950,203,AV DE L'EUROPE,48.9915,2.2754,Plein jour,En agglomération,Hors intersection,Normale,Autre collision,,,,,,,,,,,1,2,1,1.0,6
201300045012,0013-01-05 09:45:00,13,1,5,9,45,950,268,AV DU HUIT MAI 1945,48.9741,2.4052,Plein jour,En agglomération,Hors intersection,Normale,Autre collision,,,,,,,,,,,1,2,1,1.0,6
201300045013,0013-05-17 10:20:00,13,5,17,10,20,950,268,AV GENERAL DE GAULLE,48.9758,2.3957,Plein jour,En agglomération,Intersection en X,Normale,Autre collision,,,,,,,,,,,1,2,2,1.0,6
201300045014,0013-03-01 12:00:00,13,3,1,12,0,950,268,BD DE LA MUETTE,48.9745,2.4166,Plein jour,En agglomération,Hors intersection,Normale,Autre collision,,,,,,,,,,,1,2,1,1.0,6
201300045015,0013-04-07 14:30:00,13,4,7,14,30,950,268,R PIERRE DE RONSARD,48.9716,2.3945,Plein jour,En agglomération,Hors intersection,Normale,Autre collision,,,,,,,,,,,1,2,1,1.0,6
201300045016,0013-12-07 07:15:00,13,12,7,7,15,950,268,AV DE  STALINGRAD,48.9596,2.3989,Crépuscule ou aube,En agglomération,Intersection en T,Pluie légère,Autre collision,,,,,,,,,,,2,2,3,2.0,6
201300045017,0013-01-31 10:50:00,13,1,31,10,50,950,268,BD DE LA MUETTE,48.9759,2.4152,Plein jour,En agglomération,Hors intersection,Temps couvert,Autre collision,,,,,,,,,,,1,2,1,8.0,6
201300045018,0013-02-11 13:50:00,13,2,11,13,50,950,268,BD DE LA MUETTE,48.9771,2.4128,Plein jour,En agglomération,Hors intersection,Temps couvert,Deux véhicules - côté,,,,,,,,,,,1,2,1,8.0,3
201300045019,0013-02-27 10:45:00,13,2,27,10,45,950,268,R ANDRE LE NOTRE,48.9717,2.3991,Plein jour,En agglomération,Intersection en X,Pluie légère,Autre collision,,,,,,,,,,,1,2,2,2.0,6
201300045020,0013-03-21 17:35:00,13,3,21,17,35,950,268,AV DU HUIT MAI 1945,48.9744,2.4067,Plein jour,En agglomération,Intersection en Y,Temps couvert,Deux véhicules - côté,,,,,,,,,,,1,2,4,8.0,3
201300045021,0013-03-19 07:35:00,13,3,19,7,35,950,268,AV GENERAL DE GAULLE,48.9767,2.3918,Plein jour,En agglomération,Hors intersection,Normale,Autre collision,,,,,,,,,,,1,2,1,1.0,6
201300045022,0013-04-26 09:30:00,13,4,26,9,30,950,268,BD DE LA MUETTE,48.9751,2.4158,Plein jour,En agglomération,Hors intersection,Normale,Deux véhicules - arrière,,,,,,,,,,,1,2,1,1.0,2
201300045023,0013-06-17 05:20:00,13,6,17,5,20,950,268,RD 84A,48.9602,2.4037,Nuit sans éclairage public,Hors agglomération,Hors intersection,Normale,Autre collision,,,,,,,,,,,3,1,1,1.0,6
201300045024,0013-08-12 16:05:00,13,8,12,16,5,950,268,AV FRANCOIS MITTERRAND,48.9731,2.3978,Plein jour,En agglomération,Intersection en X,Normale,Deux véhicules - côté,,,,,,,,,,,1,2,2,1.0,3
201300045025,0013-11-24 14:50:00,13,11,24,14,50,950,268,BD DE LA MUETTE,48.9742,2.4171,Plein jour,En agglomération,Hors intersection,Normale,Deux véhicules - côté,,,,,,,,,,,1,2,1,1.0,3
201300045026,0013-11-09 20:15:00,13,11,9,20,15,950,268,AV GENERAL DE GAULLE,48.9664,2.4093,Nuit avec éclairage allumé,En agglomération,Intersection en X,Pluie légère,Deux véhicules - côté,,,,,,,,,,,5,2,2,2.0,3
201300045027,0013-12-19 05:50:00,13,12,19,5,50,950,268,R DANIELLE CASANOVA,48.9705,2.3894,Nuit avec éclairage allumé,En agglomération,Intersection en X,Pluie légère,Deux véhicules - côté,,,,,,,,,,,5,2,2,2.0,3
201300045028,0013-01-01 01:10:00,13,1,1,1,10,950,268,AV FRANCOIS MITTERRAND,48.9731,2.3978,Nuit avec éclairage allumé,En agglomération,Intersection en X,Pluie légère,Deux véhicules - côté,,,,,,,,,,,5,2,2,2.0,3
201300045029,0013-02-15 07:25:00,13,2,15,7,25,950,280,R AMBROISE CROIZAT,49.0227,2.4513,Crépuscule ou aube,Hors agglomération,Hors intersection,Pluie légère,Deux véhicules - arrière,,,,,,,,,,,2,1,1,2.0,2
201300045030,0013-03-09 17:25:00,13,3,9,17,25,950,280,BD ROGER SALENGRO,49.0386,2.4672,Plein jour,En agglomération,Hors intersection,Normale,Autre collision,,,,,,,,,,,1,2,1,1.0,6
201300045031,0013-01-10 19:00:00,13,1,10,19,0,950,277,AV GABRIEL PERI,48.9919,2.4293,Nuit avec éclairage allumé,En agglomération,Hors intersection,Pluie légère,Autre collision,,,,,,,,,,,5,2,1,2.0,6
201300045032,0013-01-14 13:30:00,13,1,14,13,30,950,277,NUNGESSER ET COLI,48.9807,2.4472,Plein jour,En agglomération,Hors intersection,Normale,Deux véhicules - arrière,,,,,,,,,,,1,2,1,1.0,2
201300045033,0013-02-04 08:40:00,13,2,4,8,40,950,280,AV ALBERT SARRAUT,49.0312,2.4593,Plein jour,En agglomération,Hors intersection,Pluie légère,Autre collision,,,,,,,,,,,1,2,1,2.0,6
201300045034,0013-02-06 18:20:00,13,2,6,18,20,950,280,AV DE LA GARE,49.0194,2.4659,Nuit avec éclairage allumé,En agglomération,Giratoire,Pluie légère,Autre collision,,,,,,,,,,,5,2,6,2.0,6
201300045035,0013-02-23 11:35:00,13,2,23,11,35,950,277,R D'ARSONVAL,48.9853,2.4594,Plein jour,En agglomération,Intersection en X,Normale,Deux véhicules - côté,,,,,,,,,,,1,2,2,1.0,3
201300045036,0013-03-23 23:35:00,13,3,23,23,35,950,277,RTE PARIS à SENLIS,48.9849,2.4707,Nuit sans éclairage public,Hors agglomération,Hors intersection,Normale,Deux véhicules - arrière,,,,,,,,,,,3,1,1,1.0,2
201300045037,0013-08-29 18:30:00,13,8,29,18,30,950,277,AV DES BLEUETS,48.9975,2.4271,Plein jour,En agglomération,Hors intersection,Normale,Autre collision,,,,,,,,,,,1,2,1,1.0,6
201300045038,0013-11-24 16:00:00,13,11,24,16,0,950,280,AV ALBERT SARRAUT,49.0321,2.4588,Plein jour,En agglomération,Intersection en X,Pluie légère,Deux véhicules - côté,,,,,,,,,,,1,2,2,2.0,3
201300045039,0013-12-12 14:49:00,13,12,12,14,49,950,19,R JEAN LAUGERE,48.9956,2.4179,Plein jour,En agglomération,Hors intersection,Normale,Deux véhicules - côté,,,,,,,,,,,1,2,1,1.0,3
201300045040,0013-06-10 21:46:00,13,6,10,21,46,950,280,R ROBERT PELTIER,49.0356,2.4604,Nuit avec éclairage allumé,En agglomération,Intersection en X,Normale,Deux véhicules - côté,,,,,,,,,,,5,2,2,1.0,3
201300045041,0013-07-07 21:41:00,13,7,7,21,41,950,277,AV ARISTIDE BRIAND,49.0008,2.4248,Plein jour,En agglomération,Hors intersection,Normale,Autre collision,,,,,,,,,,,1,2,1,1.0,6
201300045042,0013-11-13 19:30:00,13,11,13,19,30,950,277,RTE DE L'EUROPE,48.9848,2.4733,Crépuscule ou aube,Hors agglomération,Hors intersection,Normale,Autre collision,,,,,,,,,,,2,1,1,1.0,6
201300045043,0013-04-23 17:25:00,13,4,23,17,25,950,277,R D'ARNOUVILLE,48.9839,2.4383,Plein jour,En agglomération,Hors intersection,Normale,Autre collision,,,,,,,,,,,1,2,1,1.0,6
201300045044,0013-04-23 19:00:00,13,4,23,19,0,950,280,R ROMY SCHNEIDER,49.0283,2.4527,Plein jour,En agglomération,Hors intersection,Normale,Deux véhicules - côté,,,,,,,,,,,1,2,1,1.0,3
201300045045,0013-07-12 20:35:00,13,7,12,20,35,950,280,AV ALBERT SARRAUT,49.0319,2.4589,Plein jour,En agglomération,Hors intersection,Normale,Deux véhicules - côté,,,,,,,,,,,1,2,1,1.0,3
201300045046,0013-05-13 10:15:00,13,5,13,10,15,950,280,AV DES DEMOISELLES,49.0259,2.4553,Plein jour,En agglomération,Hors intersection,Normale,Deux véhicules - arrière,,,,,,,,,,,1,2,1,1.0,2
201300045047,0013-05-26 08:40:00,13,5,26,8,40,950,19,R DU MARCHE,48.9931,2.4132,Plein jour,En agglomération,Hors intersection,Normale,Autre collision,,,,,,,,,,,1,2,1,1.0,6
201300045048,0013-06-02 14:25:00,13,6,2,14,25,950,280,AV ALBERT SARRAUT,49.0325,2.4586,Plein jour,En agglomération,Hors intersection,Normale,Deux véhicules - côté,,,,,,,,,,,1,2,1,1.0,3
201300045049,0013-07-19 19:10:00,13,7,19,19,10,950,280,R YVES FARGES,49.0342,2.4528,Plein jour,En agglomération,Hors intersection,Normale,Autre collision,,,,,,,,,,,1,2,1,1.0,6
201300045050,0013-07-24 20:10:00,13,7,24,20,10,950,277,AV ALEXANDRE GASSIEN,48.9999,2.4272,Plein jour,En agglomération,Hors intersection,Normale,Autre collision,,,,,,,,,,,1,2,1,1.0,6
201300045051,0013-07-29 16:00:00,13,7,29,16,0,950,277,RD 317,48.9729,2.4598,Plein jour,Hors agglomération,Hors intersection,Normale,Autre collision,,,,,,,,,,,1,1,1,1.0,6
201300045052,0013-09-03 19:00:00,13,9,3,19,0,950,277,AV GABRIEL PERI,48.9931,2.4265,Plein jour,En agglomération,Hors intersection,Normale,Deux véhicules - côté,,,,,,,,,,,1,2,1,1.0,3
201300045053,0013-09-14 15:00:00,13,9,14,15,0,950,277,R ALBERT DROUHOT,48.9894,2.4464,Plein jour,En agglomération,Hors intersection,Normale,Autre collision,,,,,,,,,,,1,2,1,1.0,6
201300045054,0013-09-20 18:45:00,13,9,20,18,45,950,280,R RAYMOND LAPCHIN,49.0294,2.4732,Plein jour,En agglomération,Hors intersection,Normale,Autre collision,,,,,,,,,,,1,2,1,1.0,6
201300045055,0013-09-28 22:59:00,13,9,28,22,59,950,88,RTE DES  FLANDRES,48.9579,2.4466,Nuit avec éclairage allumé,Hors agglomération,Hors intersection,Pluie forte,Autre collision,,,,,,,,,,,5,1,1,3.0,6
201300045056,0013-10-15 21:05:00,13,10,15,21,5,950,19,PL GABRIEL PERI,48.9859,2.4194,Nuit avec éclairage allumé,En agglomération,Giratoire,Normale,Deux véhicules - arrière,,,,,,,,,,,5,2,6,1.0,2
201300045057,0013-10-16 16:55:00,13,10,16,16,55,950,280,AV ALBERT SARRAUT,49.0323,2.4586,Plein jour,En agglomération,Hors intersection,Pluie légère,Sans collision,,,,,,,,,,,1,2,1,2.0,7
201300045058,0013-10-16 22:44:00,13,10,16,22,44,950,277,RTE DE L'EUROPE,48.9789,2.4653,Nuit avec éclairage allumé,En agglomération,Hors intersection,Pluie légère,Deux véhicules - arrière,,,,,,,,,,,5,2,1,2.0,2
201300045059,0013-10-17 08:15:00,13,10,17,8,15,950,280,AV ALBERT SARRAUT,49.0307,2.4596,Plein jour,En agglomération,Hors intersection,Normale,Autre collision,,,,,,,,,,,1,2,1,1.0,6
201300045060,0013-11-23 11:00:00,13,11,23,11,0,950,280,R SIMON BOLIVAR,49.0341,2.4748,Plein jour,En agglomération,Hors intersection,Normale,Autre collision,,,,,,,,,,,1,2,1,1.0,6
201300045061,0013-12-03 09:44:00,13,12,3,9,44,950,19,AV DU COTTAGE,48.9862,2.4126,Plein jour,En agglomération,Hors intersection,Normale,Autre collision,,,,,,,,,,,1,2,1,1.0,6
201300045062,0013-12-15 16:40:00,13,12,15,16,40,950,280,R JULIAN GRIMAU,49.0397,2.4603,Crépuscule ou aube,En agglomération,Hors intersection,Normale,Deux véhicules - frontale,,,,,,,,,,,2,2,1,1.0,1
201300045063,0013-12-31 12:34:00,13,12,31,12,34,950,277,R ALBERT DROUHOT,48.9895,2.4464,Plein jour,En agglomération,Hors intersection,Normale,Deux véhicules - côté,,,,,,,,,,,1,2,1,1.0,3
201300045064,0013-01-03 18:32:00,13,1,3,18,32,950,257,QUAI DE SEINE,48.9777,2.1757,Nuit avec éclairage allumé,En agglomération,Hors intersection,Normale,Autre collision,,,,,,,,,,,5,2,1,1.0,6
201300045065,0013-01-10 08:15:00,13,1,10,8,15,950,424,CHE DE LA MARE EPINEUSE,48.9914,2.2064,Crépuscule ou aube,En agglomération,Hors intersection,Pluie légère,Deux véhicules - côté,,,,,,,,,,,2,2,1,2.0,3
201300045066,0013-01-18 14:10:00,13,1,18,14,10,950,424,R DU PANORAMA,48.9822,2.1858,Plein jour,En agglomération,Intersection en T,Normale,Deux véhicules - côté,,,,,,,,,,,1,2,3,1.0,3
201300045067,0013-01-21 19:10:00,13,1,21,19,10,950,306,R DU PORT AUX VINS,48.9881,2.1671,Crépuscule ou aube,En agglomération,Intersection en X,Normale,Deux véhicules - arrière,,,,,,,,,,,2,2,2,1.0,2
201300045068,0013-02-14 08:35:00,13,2,14,8,35,950,306,R DE CONFLANS,48.9989,2.1519,Plein jour,En agglomération,Hors intersection,Pluie légère,Autre collision,,,,,,,,,,,1,2,1,2.0,6
201300045069,0013-03-11 16:30:00,13,3,11,16,30,950,424,R VINGT QUATRE ARPENTS,48.9986,2.1991,Plein jour,En agglomération,Hors intersection,Normale,Autre collision,,,,,,,,,,,1,2,1,1.0,6
201300045070,0013-03-20 10:00:00,13,3,20,10,0,950,306,BD DU HAVRE,49.0096,2.1655,Plein jour,Hors agglomération,Hors intersection,Pluie légère,Autre collision,,,,,,,,,,,1,1,1,2.0,6
201300045071,0013-03-23 16:50:00,13,3,23,16,50,950,424,R ALFRED DE VIGNY,48.9963,2.1971,Plein jour,En agglomération,Hors intersection,Normale,Deux véhicules - côté,,,,,,,,,,,1,2,1,1.0,3
201300045072,0013-04-06 16:40:00,13,4,6,16,40,950,306,MAIL DES COPISTES,48.9986,2.1879,Plein jour,En agglomération,Hors intersection,Normale,Autre collision,,,,,,,,,,,1,2,1,1.0,6
201300045073,0013-05-03 14:20:00,13,5,3,14,20,950,306,BD DU HAVRE,49.0031,2.1775,Plein jour,En agglomération,Giratoire,Normale,Autre collision,,,,,,,,,,,1,2,6,1.0,6
201300045074,0013-05-06 06:50:00,13,5,6,6,50,950,257,BD DE PONTOISE,48.9799,2.1828,Plein jour,En agglomération,Hors intersection,Normale,Autre collision,,,,,,,,,,,1,2,1,1.0,6
201300045075,0013-06-08 14:40:00,13,6,8,14,40,950,306,ALL DE L'ESCAPADE,49.0143,2.1281,Plein jour,En agglomération,Hors intersection,Normale,Autre collision,,,,,,,,,,,1,2,1,1.0,6
201300045076,0013-06-14 18:34:00,13,6,14,18,34,950,306,AV DE LA LIBERATION,49.0056,2.1934,Plein jour,En agglomération,Hors intersection,Normale,Deux véhicules - côté,,,,,,,,,,,1,2,1,1.0,3
201300045077,0013-06-18 19:40:00,13,6,18,19,40,950,424,R PAUL CEZANNE,48.9974,2.1972,Plein jour,En agglomération,Hors intersection,Normale,Autre collision,,,,,,,,,,,1,2,1,1.0,6
201300045078,0013-06-24 10:25:00,13,6,24,10,25,950,306,RTE DE CONFLANS,49.0041,2.1303,Plein jour,En agglomération,Hors intersection,Normale,Autre collision,,,,,,,,,,,1,2,1,1.0,6
201300045079,0013-07-16 15:15:00,13,7,16,15,15,950,306,R EMILE ZOLA,48.9961,2.1529,Plein jour,En agglomération,Hors intersection,Normale,Autre collision,,,,,,,,,,,1,2,1,1.0,6
201300045080,0013-07-19 18:20:00,13,7,19,18,20,950,424,GRANDE RUE,48.9851,2.1884,Plein jour,En agglomération,Hors intersection,Normale,Deux véhicules - côté,,,,,,,,,,,1,2,1,1.0,3
201300045081,0013-07-21 18:20:00,13,7,21,18,20,950,306,R DE PONTOISE,48.9965,2.1631,Plein jour,En agglomération,Hors intersection,Normale,Autre collision,,,,,,,,,,,1,2,1,1.0,6
201300045082,0013-09-13 14:30:00,13,9,13,14,30,950,424,AV ARISTIDE MAILLOL,48.9957,2.1987,Plein jour,En agglomération,Hors intersection,Pluie légère,Deux véhicules - frontale,,,,,,,,,,,1,2,1,2.0,1
201300045083,0013-09-20 14:10:00,13,9,20,14,10,950,424,BD VICTOR BORDIER,48.9952,2.1927,Plein jour,En agglomération,Hors intersection,Normale,Deux véhicules - côté,,,,,,,,,,,1,2,1,1.0,3
201300045084,0013-09-10 14:10:00,13,9,10,14,10,950,424,BD VICTOR BORDIER,48.9904,2.2029,Plein jour,En agglomération,Hors intersection,Normale,Deux véhicules - arrière,,,,,,,,,,,1,2,1,1.0,2
201300045085,0013-09-23 18:40:00,13,9,23,18,40,950,306,MAIL DES COPISTES,48.9991,2.1881,Plein jour,En agglomération,Hors intersection,Normale,Deux véhicules - côté,,,,,,,,,,,1,2,1,1.0,3
201300045086,0013-09-28 14:16:00,13,9,28,14,16,950,424,ALL WATTEAU,49.0001,2.2004,Plein jour,En agglomération,Hors intersection,Normale,Deux véhicules - frontale,,,,,,,,,,,1,2,1,1.0,1
201300045087,0013-10-02 18:36:00,13,10,2,18,36,950,306,RTE DE PIERRELAYE,49.0027,2.1579,Plein jour,En agglomération,Hors intersection,Normale,Autre collision,,,,,,,,,,,1,2,1,1.0,6
201300045088,0013-10-06 11:50:00,13,10,6,11,50,950,424,BD DE PONTOISE,48.9911,2.1819,Plein jour,En agglomération,Hors intersection,Normale,Trois véhicules et plus - collisions multiples,,,,,,,,,,,1,2,1,1.0,5
201300045089,0013-11-07 18:40:00,13,11,7,18,40,950,306,BD OSCAR THEVENIN,48.9905,2.1625,Nuit avec éclairage allumé,En agglomération,Hors intersection,Pluie légère,Autre collision,,,,,,,,,,,5,2,1,2.0,6
201300045090,0013-12-05 16:25:00,13,12,5,16,25,950,306,R DE LA  MARNE,48.9988,2.1783,Plein jour,En agglomération,Hors intersection,Normale,Autre collision,,,,,,,,,,,1,2,1,1.0,6