accident_id,datetime,annee,mois,jour,heure,minute,departement,commune_insee,adresse,latitude,longitude,luminosite,agglomeration,intersection,meteo,collision,nb_vehicules,nb_usagers,nb_indemnes,nb_tues,nb_blesses_hosp,nb_blesses_legers,age_cond_1,age_cond_2,veh_type_cond_1,veh_type_cond_2,lum_code,agg_code,int_code,atm_code,col_code
201300045215,0013-10-09 12:20:00,13,10,9,12,20,201,4,Rte de Mezzavia,41.94726,8.76263,Plein jour,En agglomération,Hors intersection,Normale,Deux véhicules - côté,,,,,,,,,,,1,2,1,1.0,3
201300045216,0013-10-10 13:20:00,13,10,10,13,20,201,4,6 QUAI   NAPOLEON,41.91816,8.73991,Plein jour,En agglomération,Hors intersection,Normale,Autre collision,,,,,,,,,,,1,2,1,1.0,6
201300045217,0013-10-14 23:15:00,13,10,14,23,15,201,4,Cr NAPOLEON  R FREDIANI,41.92311,8.73766,Nuit avec éclairage allumé,En agglomération,Intersection en T,Normale,Deux véhicules - frontale,,,,,,,,,,,5,2,3,1.0,1
201300045218,0013-10-17 18:50:00,13,10,17,18,50,201,4,Rte de Mezzavia,41.94758,8.76342,Crépuscule ou aube,Hors agglomération,Intersection en T,Normale,Deux véhicules - arrière,,,,,,,,,,,2,1,3,1.0,2
201300045219,0013-10-19 15:50:00,13,10,19,15,50,201,4,Av de la Grande Armée,41.92694,8.72989,Plein jour,En agglomération,Hors intersection,Normale,Deux véhicules - côté,,,,,,,,,,,1,2,1,1.0,3
201300045220,0013-10-21 01:30:00,13,10,21,1,30,201,4,Chm de CANDIA,41.93621,8.74708,Nuit avec éclairage allumé,En agglomération,Hors intersection,Normale,Sans collision,,,,,,,,,,,5,2,1,1.0,7
201300045221,0013-10-24 20:35:00,13,10,24,20,35,201,4,20000,41.92492,8.73897,Nuit avec éclairage allumé,En agglomération,Hors intersection,Normale,Autre collision,,,,,,,,,,,5,2,1,1.0,6
201300045222,0013-10-25 19:55:00,13,10,25,19,55,201,4,Cr NAPOLEON,41.92499,8.73802,Nuit avec éclairage allumé,En agglomération,Autre intersection,Normale,Autre collision,,,,,,,,,,,5,2,9,1.0,6
201300045223,0013-11-01 15:25:00,13,11,1,15,25,201,4,Cr NAPOLEON,41.9323,8.74069,Plein jour,En agglomération,Hors intersection,Normale,Autre collision,,,,,,,,,,,1,2,1,1.0,6
201300045224,0013-11-05 09:22:00,13,11,5,9,22,201,4,N 194,41.94856,8.76602,Plein jour,En agglomération,Hors intersection,Normale,Sans collision,,,,,,,,,,,1,2,1,1.0,7
201300045225,0013-11-11 05:20:00,13,11,11,5,20,201,4,Bd Sampiero,41.92674,8.73884,Nuit avec éclairage allumé,En agglomération,Giratoire,Normale,Autre collision,,,,,,,,,,,5,2,6,1.0,6
201300045226,0013-11-15 18:05:00,13,11,15,18,5,201,4,Chm d'APPIETO,41.95751,8.77945,Nuit avec éclairage allumé,Hors agglomération,Hors intersection,Normale,Sans collision,,,,,,,,,,,5,1,1,1.0,7
201300045227,0013-11-19 08:10:00,13,11,19,8,10,201,4,Bd louis Campi,41.94331,8.75344,Plein jour,En agglomération,Hors intersection,Normale,Deux véhicules - côté,,,,,,,,,,,1,2,1,1.0,3
201300045228,0013-11-19 19:45:00,13,11,19,19,45,201,4,Av Beverini Vico,41.92644,8.73794,Nuit avec éclairage allumé,En agglomération,Intersection en T,Normale,Deux véhicules - côté,,,,,,,,,,,5,2,3,1.0,3
201300045229,0013-11-21 19:30:00,13,11,21,19,30,201,4,97 Cr NAPOLEON,41.93019,8.73926,Nuit avec éclairage allumé,En agglomération,Hors intersection,Normale,Deux véhicules - arrière,,,,,,,,,,,5,2,1,1.0,2
201300045230,0013-11-28 15:15:00,13,11,28,15,15,201,4,N 193,41.92711,8.77918,Plein jour,Hors agglomération,Giratoire,Normale,Deux véhicules - côté,,,,,,,,,,,1,1,6,1.0,3
201300045231,0013-12-11 15:15:00,13,12,11,15,15,201,4,Cr Prince IMPERIAL,41.93417,8.74881,Plein jour,En agglomération,Hors intersection,Normale,Autre collision,,,,,,,,,,,1,2,1,1.0,6
201300045232,0013-12-22 00:05:00,13,12,22,0,5,201,4,Bd ALBERT 1ER,41.91269,8.72368,Nuit avec éclairage allumé,En agglomération,Autre intersection,Normale,Deux véhicules - côté,,,,,,,,,,,5,2,9,1.0,3
201300045233,0013-12-27 23:45:00,13,12,27,23,45,201,4,Cr NAPOLEON,41.93183,8.74002,Nuit avec éclairage non allumé,En agglomération,Hors intersection,Normale,Autre collision,,,,,,,,,,,4,2,1,1.0,6
201300045234,0013-12-28 00:15:00,13,12,28,0,15,201,4,Cr Napoleon,41.92329,8.73766,Nuit avec éclairage allumé,En agglomération,Hors intersection,Normale,Deux véhicules - frontale,,,,,,,,,,,5,2,1,1.0,1
201300045235,0013-12-31 13:02:00,13,12,31,13,2,201,4,Rte de Mezzavia,41.95089,8.77273,Plein jour,En agglomération,Hors intersection,Normale,Trois véhicules et plus - en chaîne,,,,,,,,,,,1,2,1,1.0,4
201300045236,0013-12-31 18:53:00,13,12,31,18,53,201,4,Av de PARIS,41.91862,8.73692,Nuit avec éclairage allumé,En agglomération,Intersection en X,Normale,Deux véhicules - côté,,,,,,,,,,,5,2,2,1.0,3
201300045237,0013-01-19 02:55:00,13,1,19,2,55,690,381,"1, PAIX (DE LA)",,,Nuit avec éclairage allumé,En agglomération,Hors intersection,Pluie légère,Autre collision,,,,,,,,,,,5,2,1,2.0,6
201300045238,0013-01-28 09:00:00,13,1,28,9,0,690,381,"11, PECHERIE (DE LA)",,,Plein jour,En agglomération,Hors intersection,Temps couvert,Deux véhicules - arrière,,,,,,,,,,,1,2,1,8.0,2
201300045239,0013-02-09 15:55:00,13,2,9,15,55,690,381,"00, ALGERIE (D')",,,Plein jour,En agglomération,Intersection en X,Neige / grêle,Deux véhicules - côté,,,,,,,,,,,1,2,2,4.0,3
201300045240,0013-02-09 03:20:00,13,2,9,3,20,690,381,"00, ANDRE LASSAGNE",,,Nuit avec éclairage allumé,En agglomération,Hors intersection,Normale,Deux véhicules - arrière,,,,,,,,,,,5,2,1,1.0,2
201300045241,0013-03-09 17:30:00,13,3,9,17,30,690,381,QUAI ANDRE LASSAGNE,,,Plein jour,En agglomération,Hors intersection,Normale,Trois véhicules et plus - en chaîne,,,,,,,,,,,1,2,1,1.0,4
201300045242,0013-03-17 02:20:00,13,3,17,2,20,690,381,"1, JEAN MOULIN",,,Nuit avec éclairage allumé,En agglomération,Intersection en X,Vent fort / tempête,Deux véhicules - côté,,,,,,,,,,,5,2,2,6.0,3
201300045243,0013-03-25 09:00:00,13,3,25,9,0,690,381,ANDRE LASSAGNE,,,Plein jour,En agglomération,Hors intersection,Normale,Deux véhicules - côté,,,,,,,,,,,1,2,1,1.0,3
201300045244,0013-04-16 19:25:00,13,4,16,19,25,690,381,PLACE DE LA COMEDIE,,,Plein jour,En agglomération,Place,Normale,Deux véhicules - côté,,,,,,,,,,,1,2,7,1.0,3
201300045245,0013-04-27 10:00:00,13,4,27,10,0,690,381,ROYALE,,,Plein jour,En agglomération,Intersection en X,Pluie légère,Deux véhicules - côté,,,,,,,,,,,1,2,2,2.0,3
201300045246,0013-04-22 22:05:00,13,4,22,22,5,690,381,JEAN MOULIN,,,Nuit avec éclairage allumé,En agglomération,Intersection en X,Normale,Deux véhicules - côté,,,,,,,,,,,5,2,2,1.0,3
201300045247,0013-05-27 08:45:00,13,5,27,8,45,690,381,"112, BOULEVARD DE LA CRO",,,Plein jour,En agglomération,Intersection en T,Normale,Autre collision,,,,,,,,,,,1,2,3,1.0,6
201300045248,0013-05-30 10:05:00,13,5,30,10,5,690,381,"13, RUE TERME",,,Plein jour,En agglomération,Hors intersection,Pluie légère,Deux véhicules - arrière,,,,,,,,,,,1,2,1,2.0,2
201300045249,0013-06-05 18:10:00,13,6,5,18,10,690,381,"11, CROIX PAQUET",,,Plein jour,En agglomération,Hors intersection,Normale,Autre collision,,,,,,,,,,,1,2,1,1.0,6
201300045250,0013-06-07 09:10:00,13,6,7,9,10,690,381,"10, PRESIDENT EDOUARD HE",,,Plein jour,En agglomération,Intersection en X,Normale,Deux véhicules - côté,,,,,,,,,,,1,2,2,1.0,3
201300045251,0013-06-11 00:40:00,13,6,11,0,40,690,381,"26, MARTINIERE (DE LA)",,,Nuit avec éclairage allumé,En agglomération,Hors intersection,Normale,Deux véhicules - côté,,,,,,,,,,,5,2,1,1.0,3
201300045252,0013-06-11 17:50:00,13,6,11,17,50,690,381,"21, TOURETTE (DE LA)",,,Plein jour,En agglomération,Hors intersection,Normale,Autre collision,,,,,,,,,,,1,2,1,1.0,6
201300045253,0013-06-15 01:50:00,13,6,15,1,50,690,381,"000000000, PLACE TOLOZAN",,,Nuit avec éclairage allumé,En agglomération,Intersection en X,Normale,Autre collision,,,,,,,,,,,5,2,2,1.0,6
201300045254,0013-08-05 13:00:00,13,8,5,13,0,690,381,"31, RENE LEYNAUD",,,Plein jour,En agglomération,Hors intersection,Normale,Autre collision,,,,,,,,,,,1,2,1,1.0,6
201300045255,0013-06-29 01:30:00,13,6,29,1,30,690,381,"29, RUE DE LA MARTINIERE",,,Nuit avec éclairage allumé,En agglomération,Intersection en X,Normale,Autre collision,,,,,,,,,,,5,2,2,1.0,6
201300045256,0013-07-14 23:20:00,13,7,14,23,20,690,381,"30, MONTEE SAINT SEBASTI",,,Nuit avec éclairage allumé,En agglomération,Hors intersection,Normale,Deux véhicules - arrière,,,,,,,,,,,5,2,1,1.0,2
201300045257,0013-07-18 21:00:00,13,7,18,21,0,690,381,"61, QUAI SAINT VINCENT",,,Plein jour,En agglomération,Hors intersection,Pluie légère,Autre collision,,,,,,,,,,,1,2,1,2.0,6
201300045258,0013-08-26 08:30:00,13,8,26,8,30,690,381,"13 Bis, JEAN MOULIN",,,Plein jour,En agglomération,Hors intersection,Normale,Trois véhicules et plus - en chaîne,,,,,,,,,,,1,2,1,1.0,4
201300045259,0013-09-13 12:00:00,13,9,13,12,0,690,381,"12, RUE DE CRIMEE",,,Plein jour,En agglomération,Hors intersection,Normale,Autre collision,,,,,,,,,,,1,2,1,1.0,6
201300045260,0013-09-19 16:40:00,13,9,19,16,40,690,381,"46, QUAI SAINT VINCENT",,,Plein jour,En agglomération,Hors intersection,Normale,Deux véhicules - côté,,,,,,,,,,,1,2,1,1.0,3
201300045261,0013-09-23 17:10:00,13,9,23,17,10,690,381,"SANS, ROZIER",,,Plein jour,En agglomération,Intersection en X,Normale,Autre collision,,,,,,,,,,,1,2,2,1.0,6
201300045262,0013-10-02 19:05:00,13,10,2,19,5,690,381,COURS GENERAL GIRAUD,,,Crépuscule ou aube,En agglomération,Hors intersection,Normale,Autre collision,,,,,,,,,,,2,2,1,1.0,6
201300045263,0013-10-16 07:40:00,13,10,16,7,40,690,381,TOLOZAN,,,Plein jour,En agglomération,Intersection en T,Normale,Autre collision,,,,,,,,,,,1,2,3,1.0,6
201300045264,0013-10-20 01:55:00,13,10,20,1,55,690,381,"9, PLATIERE (DE LA)",,,Nuit avec éclairage allumé,En agglomération,Intersection en X,Normale,Deux véhicules - côté,,,,,,,,,,,5,2,2,1.0,3
201300045265,0013-10-24 22:35:00,13,10,24,22,35,690,381,"33, COURS GENERAL GIRAUD",,,Nuit avec éclairage allumé,En agglomération,Hors intersection,Normale,Deux véhicules - frontale,,,,,,,,,,,5,2,1,1.0,1
201300045266,0013-10-27 08:56:00,13,10,27,8,56,690,381,"60, QUAI SAINT VINCENT",,,Plein jour,En agglomération,Hors intersection,Temps éblouissant,Sans collision,,,,,,,,,,,1,2,1,7.0,7
201300045267,0013-10-31 15:40:00,13,10,31,15,40,690,381,"14, PECHERIE (DE LA)",,,Plein jour,En agglomération,Hors intersection,Normale,Autre collision,,,,,,,,,,,1,2,1,1.0,6
201300045268,0013-11-01 17:30:00,13,11,1,17,30,690,381,"13, RUE TERME",,,Nuit avec éclairage allumé,En agglomération,Hors intersection,Normale,Autre collision,,,,,,,,,,,5,2,1,1.0,6
201300045269,0013-11-12 10:45:00,13,11,12,10,45,690,381,"20, ANNONCIADE (DE L')",,,Plein jour,En agglomération,Hors intersection,Normale,Deux véhicules - côté,,,,,,,,,,,1,2,1,1.0,3
201300045270,0013-11-15 11:10:00,13,11,15,11,10,690,381,"8, ALGERIE (D')",,,Plein jour,En agglomération,Hors intersection,Pluie légère,Autre collision,,,,,,,,,,,1,2,1,2.0,6
201300045271,0013-11-20 15:50:00,13,11,20,15,50,690,381,"12, JEAN MOULIN",,,Plein jour,En agglomération,Hors intersection,Pluie légère,Autre collision,,,,,,,,,,,1,2,1,2.0,6
201300045272,0013-11-23 15:50:00,13,11,23,15,50,690,381,"51, BON PASTEUR (DU)",,,Plein jour,En agglomération,Intersection en X,Normale,Deux véhicules - côté,,,,,,,,,,,1,2,2,1.0,3
201300045273,0013-11-29 23:35:00,13,11,29,23,35,690,381,"14, ANDRE LASSAGNE",,,Nuit avec éclairage allumé,En agglomération,Hors intersection,Pluie légère,Autre collision,,,,,,,,,,,5,2,1,2.0,6
201300045274,0013-12-15 03:30:00,13,12,15,3,30,690,381,"1, JEAN MOULIN",,,Nuit avec éclairage allumé,En agglomération,Hors intersection,Brouillard / fumée,Deux véhicules - côté,,,,,,,,,,,5,2,1,5.0,3
201300045275,0013-12-28 17:00:00,13,12,28,17,0,690,381,"126, BOULEVARD DE LA CRO",,,Nuit avec éclairage allumé,En agglomération,Hors intersection,Normale,Autre collision,,,,,,,,,,,5,2,1,1.0,6
201300045276,0013-11-28 12:20:00,13,11,28,12,20,690,381,"12, GENERAL GIRAUD (DU)",,,Plein jour,En agglomération,Hors intersection,Normale,Sans collision,,,,,,,,,,,1,2,1,1.0,7
201300045277,0013-01-01 00:20:00,13,1,1,0,20,770,294,A104,,,Nuit sans éclairage public,Hors agglomération,Hors intersection,Pluie légère,Autre collision,,,,,,,,,,,3,1,1,2.0,6
201300045278,0013-01-01 02:20:00,13,1,1,2,20,940,46,A86 INT,48.8158,2.45013,Nuit avec éclairage allumé,Hors agglomération,Hors intersection,Pluie légère,Autre collision,,,,,,,,,,,5,1,1,2.0,6
201300045279,0013-01-01 03:10:00,13,1,1,3,10,940,73,A86 INT,48.769,2.3792,Nuit avec éclairage allumé,Hors agglomération,Hors intersection,Pluie légère,Autre collision,,,,,,,,,,,5,1,1,2.0,6
201300045280,0013-01-01 09:10:00,13,1,1,9,10,940,73,A86 INT,48.7625,2.38143,Crépuscule ou aube,Hors agglomération,Hors intersection,Normale,Deux véhicules - arrière,,,,,,,,,,,2,1,1,1.0,2
201300045281,0013-01-01 10:30:00,13,1,1,10,30,770,373,RN104,,,Plein jour,Hors agglomération,Hors intersection,Temps couvert,Sans collision,,,,,,,,,,,1,1,1,8.0,7
201300045282,0013-01-01 20:05:00,13,1,1,20,5,940,69,A4,48.8174,2.42482,Nuit avec éclairage allumé,Hors agglomération,Hors intersection,Normale,Autre collision,,,,,,,,,,,5,1,1,1.0,6
201300045283,0013-01-02 08:00:00,13,1,2,8,0,940,18,A4,48.8178,2.41389,Crépuscule ou aube,Hors agglomération,Hors intersection,Normale,Trois véhicules et plus - collisions multiples,,,,,,,,,,,2,1,1,1.0,5
201300045284,0013-01-03 09:45:00,13,1,3,9,45,940,17,A4,48.8279,2.50451,Plein jour,Hors agglomération,Hors intersection,Normale,Deux véhicules - côté,,,,,,,,,,,1,1,1,1.0,3
201300045285,0013-01-03 14:05:00,13,1,3,14,5,940,28,RN406.W,48.7762,2.4422,Plein jour,Hors agglomération,Hors intersection,Temps couvert,Autre collision,,,,,,,,,,,1,1,1,8.0,6
201300045286,0013-01-03 18:25:00,13,1,3,18,25,930,51,A4,48.8356,2.56443,Crépuscule ou aube,Hors agglomération,Hors intersection,Pluie légère,Trois véhicules et plus - collisions multiples,,,,,,,,,,,2,1,1,2.0,5
201300045287,0013-01-05 02:15:00,13,1,5,2,15,940,69,A4,48.8165,2.45016,Nuit avec éclairage allumé,Hors agglomération,Hors intersection,Normale,Deux véhicules - arrière,,,,,,,,,,,5,1,1,1.0,2
201300045288,0013-01-08 17:50:00,13,1,8,17,50,770,294,A104,,,Nuit sans éclairage public,Hors agglomération,Hors intersection,Normale,Deux véhicules - arrière,,,,,,,,,,,3,1,1,1.0,2
201300045289,0013-01-08 18:31:00,13,1,8,18,31,940,28,A86 EXT,48.7761,2.43095,Nuit avec éclairage non allumé,Hors agglomération,Hors intersection,Normale,Trois véhicules et plus - collisions multiples,,,,,,,,,,,4,1,1,1.0,5
201300045290,0013-01-10 07:20:00,13,1,10,7,20,770,249,RN104,,,Nuit sans éclairage public,Hors agglomération,Hors intersection,Pluie légère,Trois véhicules et plus - collisions multiples,,,,,,,,,,,3,1,1,2.0,5
201300045291,0013-01-10 09:25:00,13,1,10,9,25,940,69,A86 EXT,48.8162,2.45238,Plein jour,Hors agglomération,Hors intersection,Temps couvert,Deux véhicules - arrière,,,,,,,,,,,1,1,1,8.0,2
201300045292,0013-01-10 17:05:00,13,1,10,17,5,940,44,RN406.Y,48.7577,2.47072,Crépuscule ou aube,Hors agglomération,Hors intersection,Pluie légère,Autre collision,,,,,,,,,,,2,1,1,2.0,6
201300045293,0013-01-10 19:10:00,13,1,10,19,10,770,514,A104,,,Nuit sans éclairage public,Hors agglomération,Hors intersection,Pluie légère,Deux véhicules - arrière,,,,,,,,,,,3,1,1,2.0,2
201300045294,0013-01-10 22:00:00,13,1,10,22,0,770,337,RN104,,,Nuit sans éclairage public,Hors agglomération,Hors intersection,Normale,Trois véhicules et plus - collisions multiples,,,,,,,,,,,3,1,1,1.0,5
201300045295,0013-01-11 04:55:00,13,1,11,4,55,940,79,A4,48.8358,2.53972,Nuit avec éclairage non allumé,Hors agglomération,Hors intersection,Pluie légère,Autre collision,,,,,,,,,,,4,1,1,2.0,6
201300045296,0013-01-14 08:40:00,13,1,14,8,40,770,53,RN104,,,Plein jour,Hors agglomération,Hors intersection,Normale,Sans collision,,,,,,,,,,,1,1,1,1.0,7
201300045297,0013-01-14 09:00:00,13,1,14,9,0,940,73,A86 INT,48.7536,2.37899,Plein jour,Hors agglomération,Hors intersection,Normale,Deux véhicules - arrière,,,,,,,,,,,1,1,1,1.0,2
201300045298,0013-01-16 07:50:00,13,1,16,7,50,770,514,A104,,,Plein jour,Hors agglomération,Hors intersection,Normale,Trois véhicules et plus - en chaîne,,,,,,,,,,,1,1,1,1.0,4
201300045299,0013-01-18 18:00:00,13,1,18,18,0,770,237,A4,,,Crépuscule ou aube,Hors agglomération,Hors intersection,Temps couvert,Autre collision,,,,,,,,,,,2,1,1,8.0,6
201300045300,0013-01-18 19:45:00,13,1,18,19,45,770,146,A4.Y,,,Nuit avec éclairage allumé,Hors agglomération,Hors intersection,Neige / grêle,Sans collision,,,,,,,,,,,5,1,1,4.0,7
201300045301,0013-01-20 05:55:00,13,1,20,5,55,770,450,RN104,,,Nuit sans éclairage public,Hors agglomération,Hors intersection,Neige / grêle,Deux véhicules - côté,,,,,,,,,,,3,1,1,4.0,3
201300045302,0013-01-21 19:30:00,13,1,21,19,30,940,28,A86 EXT,48.7844,2.44057,Nuit avec éclairage non allumé,Hors agglomération,Hors intersection,Neige / grêle,Trois véhicules et plus - collisions multiples,,,,,,,,,,,4,1,1,4.0,5
201300045303,0013-01-22 08:10:00,13,1,22,8,10,940,17,A4,48.8265,2.51831,Plein jour,Hors agglomération,Hors intersection,Autre,Trois véhicules et plus - collisions multiples,,,,,,,,,,,1,1,1,9.0,5
201300045304,0013-01-24 08:30:00,13,1,24,8,30,940,69,A4,48.8174,2.4293,Plein jour,Hors agglomération,Hors intersection,Pluie légère,Deux véhicules - côté,,,,,,,,,,,1,1,1,2.0,3
201300045305,0013-01-24 17:15:00,13,1,24,17,15,750,112,A4,,,Plein jour,Hors agglomération,Hors intersection,Normale,Deux véhicules - arrière,,,,,,,,,,,1,1,1,1.0,2
201300045306,0013-01-27 01:00:00,13,1,27,1,0,930,51,A4,48.836,2.55642,Nuit avec éclairage allumé,Hors agglomération,Hors intersection,Normale,Trois véhicules et plus - collisions multiples,,,,,,,,,,,5,1,1,1.0,5
201300045307,0013-01-29 07:40:00,13,1,29,7,40,770,363,A104,,,Crépuscule ou aube,Hors agglomération,Hors intersection,Pluie légère,Deux véhicules - côté,,,,,,,,,,,2,1,1,2.0,3
201300045308,0013-01-30 10:00:00,13,1,30,10,0,940,44,RN406.Y,48.7577,2.47072,Plein jour,Hors agglomération,Hors intersection,Pluie légère,Deux véhicules - côté,,,,,,,,,,,1,1,1,2.0,3
201300045309,0013-01-30 10:00:00,13,1,30,10,0,770,121,A104,,,Plein jour,Hors agglomération,Hors intersection,Normale,Deux véhicules - arrière,,,,,,,,,,,1,1,1,1.0,2
201300045310,0013-01-31 07:35:00,13,1,31,7,35,770,294,A104,,,Crépuscule ou aube,Hors agglomération,Hors intersection,Normale,Autre collision,,,,,,,,,,,2,1,1,1.0,6
201300045311,0013-01-31 10:15:00,13,1,31,10,15,770,169,A4.Y,,,Plein jour,Hors agglomération,Hors intersection,Normale,Deux véhicules - côté,,,,,,,,,,,1,1,1,1.0,3
201300045312,0013-01-31 16:20:00,13,1,31,16,20,940,17,A4,48.8268,2.52359,Plein jour,Hors agglomération,Hors intersection,Pluie légère,Trois véhicules et plus - en chaîne,,,,,,,,,,,1,1,1,2.0,4
201300045313,0013-01-31 19:30:00,13,1,31,19,30,750,112,A4,,,Nuit sans éclairage public,Hors agglomération,Hors intersection,Normale,Sans collision,,,,,,,,,,,3,1,1,1.0,7
201300045314,0013-02-01 13:52:00,13,2,1,13,52,940,33,A86.INT,48.8593,2.48616,Plein jour,Hors agglomération,Hors intersection,Pluie légère,Trois véhicules et plus - collisions multiples,,,,,,,,,,,1,1,1,2.0,5
201300045315,0013-02-02 05:40:00,13,2,2,5,40,940,69,A4,48.8173,2.42928,Nuit avec éclairage allumé,Hors agglomération,Hors intersection,Normale,Deux véhicules - arrière,,,,,,,,,,,5,1,1,1.0,2
201300045316,0013-02-02 05:50:00,13,2,2,5,50,940,69,A4,48.8173,2.42928,Nuit avec éclairage allumé,Hors agglomération,Hors intersection,Normale,Deux véhicules - arrière,,,,,,,,,,,5,1,1,1.0,2
201300045317,0013-02-02 06:40:00,13,2,2,6,40,940,69,A4,48.8174,2.4293,Nuit avec éclairage allumé,Hors agglomération,Hors intersection,Normale,Deux véhicules - arrière,,,,,,,,,,,5,1,1,1.0,2
201300045318,0013-02-02 06:50:00,13,2,2,6,50,940,18,A4,48.8187,2.40833,Nuit avec éclairage allumé,Hors agglomération,Hors intersection,Normale,Trois véhicules et plus - en chaîne,,,,,,,,,,,5,1,1,1.0,4
201300045319,0013-02-04 13:30:00,13,2,4,13,30,770,121,A104,,,Plein jour,Hors agglomération,Hors intersection,Pluie légère,Sans collision,,,,,,,,,,,1,1,1,2.0,7
201300045320,0013-02-04 14:30:00,13,2,4,14,30,940,52,A86 INT,48.8454,2.49196,Plein jour,Hors agglomération,Hors intersection,Pluie légère,Deux véhicules - arrière,,,,,,,,,,,1,1,1,2.0,2
201300045321,0013-02-05 17:05:00,13,2,5,17,5,770,294,A104,,,Plein jour,Hors agglomération,Hors intersection,Temps couvert,Deux véhicules - côté,,,,,,,,,,,1,1,1,8.0,3
201300045322,0013-02-06 13:35:00,13,2,6,13,35,940,69,A4,48.817,2.4461,Plein jour,Hors agglomération,Hors intersection,Normale,Sans collision,,,,,,,,,,,1,1,1,1.0,7
201300045323,0013-02-07 09:30:00,13,2,7,9,30,940,69,A4,48.8166,2.45027,Plein jour,Hors agglomération,Hors intersection,Normale,Deux véhicules - côté,,,,,,,,,,,1,1,1,1.0,3
201300045324,0013-02-08 10:15:00,13,2,8,10,15,940,52,A86 INT,48.8427,2.49262,Nuit avec éclairage allumé,Hors agglomération,Hors intersection,Normale,Trois véhicules et plus - collisions multiples,,,,,,,,,,,5,1,1,1.0,5
201300045325,0013-02-11 15:45:00,13,2,11,15,45,770,122,A5b,,,Plein jour,Hors agglomération,Hors intersection,Normale,Autre collision,,,,,,,,,,,1,1,1,1.0,6
201300045326,0013-02-11 18:30:00,13,2,11,18,30,770,372,A104,,,Nuit sans éclairage public,Hors agglomération,Hors intersection,Temps couvert,Trois véhicules et plus - collisions multiples,,,,,,,,,,,3,1,1,8.0,5
201300045327,0013-02-12 17:05:00,13,2,12,17,5,770,122,RN104,,,Plein jour,Hors agglomération,Hors intersection,Normale,Deux véhicules - côté,,,,,,,,,,,1,1,1,1.0,3
201300045328,0013-02-13 07:30:00,13,2,13,7,30,770,53,RN104,,,Crépuscule ou aube,Hors agglomération,Hors intersection,Normale,Sans collision,,,,,,,,,,,2,1,1,1.0,7
201300045329,0013-02-15 17:05:00,13,2,15,17,5,940,42,A4,48.8285,2.4766,Plein jour,Hors agglomération,Hors intersection,Normale,Deux véhicules - arrière,,,,,,,,,,,1,1,1,1.0,2
201300045330,0013-02-18 09:30:00,13,2,18,9,30,770,294,A104,,,Plein jour,Hors agglomération,Hors intersection,Normale,Deux véhicules - arrière,,,,,,,,,,,1,1,1,1.0,2
201300045331,0013-02-19 07:10:00,13,2,19,7,10,770,249,RN104,,,Plein jour,Hors agglomération,Hors intersection,Normale,Trois véhicules et plus - en chaîne,,,,,,,,,,,1,1,1,1.0,4
201300045332,0013-02-21 08:40:00,13,2,21,8,40,930,51,A4,,,Plein jour,Hors agglomération,Hors intersection,Normale,Trois véhicules et plus - collisions multiples,,,,,,,,,,,1,1,1,1.0,5
201300045333,0013-02-21 08:50:00,13,2,21,8,50,770,373,RN104,,,Plein jour,Hors agglomération,Hors intersection,Normale,Trois véhicules et plus - en chaîne,,,,,,,,,,,1,1,1,1.0,4
201300045334,0013-02-22 16:40:00,13,2,22,16,40,770,258,A4.W,,,Plein jour,Hors agglomération,Hors intersection,Normale,Trois véhicules et plus - collisions multiples,,,,,,,,,,,1,1,1,1.0,5
201300045335,0013-02-25 13:00:00,13,2,25,13,0,940,33,A86.INT,48.8489,2.49074,Plein jour,Hors agglomération,Hors intersection,Pluie légère,Deux véhicules - arrière,,,,,,,,,,,1,1,1,2.0,2
201300045336,0013-02-26 21:15:00,13,2,26,21,15,770,373,RN104,,,Nuit sans éclairage public,Hors agglomération,Hors intersection,Normale,Deux véhicules - côté,,,,,,,,,,,3,1,1,1.0,3
201300045337,0013-02-27 10:20:00,13,2,27,10,20,940,73,A86 INT,48.7592,2.38355,Plein jour,Hors agglomération,Hors intersection,Normale,Sans collision,,,,,,,,,,,1,1,1,1.0,7
201300045338,0013-02-27 18:30:00,13,2,27,18,30,770,146,A4.Y,,,Nuit sans éclairage public,Hors agglomération,Hors intersection,Normale,Trois véhicules et plus - en chaîne,,,,,,,,,,,3,1,1,1.0,4
201300045339,0013-03-01 00:45:00,13,3,1,0,45,940,69,A4,48.8173,2.43928,Nuit avec éclairage allumé,Hors agglomération,Hors intersection,Normale,Deux véhicules - côté,,,,,,,,,,,5,1,1,1.0,3
201300045340,0013-03-01 06:50:00,13,3,1,6,50,770,249,RN104,,,Nuit sans éclairage public,Hors agglomération,Hors intersection,Normale,Sans collision,,,,,,,,,,,3,1,1,1.0,7
201300045341,0013-03-02 14:05:00,13,3,2,14,5,940,17,A4,48.8297,2.49792,Plein jour,Hors agglomération,Hors intersection,Normale,Deux véhicules - arrière,,,,,,,,,,,1,1,1,1.0,2
201300045342,0013-03-03 05:10:00,13,3,3,5,10,770,373,RN104,,,Nuit sans éclairage public,Hors agglomération,Hors intersection,Normale,Sans collision,,,,,,,,,,,3,1,1,1.0,7