accident_id,datetime,annee,mois,jour,heure,minute,departement,commune_insee,adresse,latitude,longitude,luminosite,agglomeration,intersection,meteo,collision,nb_vehicules,nb_usagers,nb_indemnes,nb_tues,nb_blesses_hosp,nb_blesses_legers,age_cond_1,age_cond_2,veh_type_cond_1,veh_type_cond_2,lum_code,agg_code,int_code,atm_code,col_code
201300045476,0013-06-25 17:20:00,13,6,25,17,20,770,122,RN104,,,Plein jour,Hors agglomération,Hors intersection,Normale,Trois véhicules et plus - collisions multiples,,,,,,,,,,,1,1,1,1.0,5
201300045477,0013-06-26 09:00:00,13,6,26,9,0,940,69,A4,48.8172,2.44333,Plein jour,Hors agglomération,Hors intersection,Normale,Deux véhicules - arrière,,,,,,,,,,,1,1,1,1.0,2
201300045478,0013-06-26 09:45:00,13,6,26,9,45,770,258,A4.W,,,Plein jour,Hors agglomération,Hors intersection,Normale,Deux véhicules - arrière,,,,,,,,,,,1,1,1,1.0,2
201300045479,0013-06-26 16:45:00,13,6,26,16,45,940,28,A86 INT,48.7941,2.44161,Plein jour,Hors agglomération,Hors intersection,Normale,Deux véhicules - côté,,,,,,,,,,,1,1,1,1.0,3
201300045480,0013-06-26 18:10:00,13,6,26,18,10,940,28,A86 EXT,48.78,2.44119,Plein jour,Hors agglomération,Hors intersection,Normale,Sans collision,,,,,,,,,,,1,1,1,1.0,7
201300045481,0013-06-28 18:50:00,13,6,28,18,50,770,169,RN104,,,Plein jour,Hors agglomération,Hors intersection,Normale,Deux véhicules - côté,,,,,,,,,,,1,1,1,1.0,3
201300045482,0013-06-27 08:40:00,13,6,27,8,40,770,249,RN104,,,Plein jour,Hors agglomération,Hors intersection,Normale,Deux véhicules - arrière,,,,,,,,,,,1,1,1,1.0,2
201300045483,0013-06-28 00:45:00,13,6,28,0,45,770,514,A104,,,Nuit sans éclairage public,Hors agglomération,Hors intersection,Normale,Deux véhicules - arrière,,,,,,,,,,,3,1,1,1.0,2
201300045484,0013-06-28 15:40:00,13,6,28,15,40,940,22,A86 EXT,48.7754,2.41278,Plein jour,Hors agglomération,Hors intersection,Normale,Deux véhicules - arrière,,,,,,,,,,,1,1,1,1.0,2
201300045485,0013-06-28 16:30:00,13,6,28,16,30,770,373,RN104,,,Plein jour,Hors agglomération,Hors intersection,Normale,Trois véhicules et plus - en chaîne,,,,,,,,,,,1,1,1,1.0,4
201300045486,0013-06-29 09:40:00,13,6,29,9,40,770,373,RN104,,,Plein jour,Hors agglomération,Hors intersection,Pluie légère,Deux véhicules - côté,,,,,,,,,,,1,1,1,2.0,3
201300045487,0013-06-29 18:50:00,13,6,29,18,50,770,258,A4.W,,,Plein jour,Hors agglomération,Hors intersection,Normale,Deux véhicules - côté,,,,,,,,,,,1,1,1,1.0,3
201300045488,0013-06-30 02:10:00,13,6,30,2,10,940,15,A4,48.8313,2.53079,Nuit sans éclairage public,Hors agglomération,Hors intersection,Normale,Autre collision,,,,,,,,,,,3,1,1,1.0,6
201300045489,0013-06-30 05:15:00,13,6,30,5,15,770,373,RN104,,,Crépuscule ou aube,Hors agglomération,Hors intersection,Normale,Sans collision,,,,,,,,,,,2,1,1,1.0,7
201300045490,0013-07-01 10:00:00,13,7,1,10,0,940,42,A4,48.8288,2.47729,Plein jour,Hors agglomération,Hors intersection,Normale,Deux véhicules - arrière,,,,,,,,,,,1,1,1,1.0,2
201300045491,0013-07-01 10:15:00,13,7,1,10,15,940,69,A86 EXT,48.8165,2.45348,Plein jour,Hors agglomération,Hors intersection,Normale,Deux véhicules - côté,,,,,,,,,,,1,1,1,1.0,3
201300045492,0013-07-01 20:40:00,13,7,1,20,40,770,468,A4.W,,,Plein jour,Hors agglomération,Hors intersection,Normale,Deux véhicules - côté,,,,,,,,,,,1,1,1,1.0,3
201300045493,0013-07-01 21:10:00,13,7,1,21,10,940,58,A86.EXT,48.8475,2.49197,Nuit avec éclairage allumé,Hors agglomération,Hors intersection,Normale,Deux véhicules - côté,,,,,,,,,,,5,1,1,1.0,3
201300045494,0013-07-01 21:50:00,13,7,1,21,50,770,372,A104,,,Nuit sans éclairage public,Hors agglomération,Hors intersection,Normale,Trois véhicules et plus - en chaîne,,,,,,,,,,,3,1,1,1.0,4
201300045495,0013-07-03 08:30:00,13,7,3,8,30,940,69,A86 EXT,48.8159,2.45134,Plein jour,Hors agglomération,Hors intersection,Normale,Deux véhicules - arrière,,,,,,,,,,,1,1,1,1.0,2
201300045496,0013-07-03 15:00:00,13,7,3,15,0,770,372,A104,,,Plein jour,Hors agglomération,Hors intersection,Normale,Sans collision,,,,,,,,,,,1,1,1,1.0,7
201300045497,0013-07-05 18:20:00,13,7,5,18,20,940,46,A86 INT,48.8081,2.44878,Plein jour,Hors agglomération,Hors intersection,Normale,Trois véhicules et plus - collisions multiples,,,,,,,,,,,1,1,1,1.0,5
201300045498,0013-07-05 22:35:00,13,7,5,22,35,770,122,RN104,,,Nuit sans éclairage public,Hors agglomération,Hors intersection,Normale,Autre collision,,,,,,,,,,,3,1,1,1.0,6
201300045499,0013-07-06 17:30:00,13,7,6,17,30,940,52,A86 INT,48.8463,2.49165,Plein jour,Hors agglomération,Hors intersection,Normale,Deux véhicules - arrière,,,,,,,,,,,1,1,1,1.0,2
201300045500,0013-07-06 19:40:00,13,7,6,19,40,770,258,A4.W,,,Plein jour,Hors agglomération,Hors intersection,Normale,Autre collision,,,,,,,,,,,1,1,1,1.0,6
201300045501,0013-07-06 22:20:00,13,7,6,22,20,770,58,A4,,,Nuit sans éclairage public,Hors agglomération,Autre intersection,Normale,Deux véhicules - arrière,,,,,,,,,,,3,1,9,1.0,2
201300045502,0013-07-07 06:20:00,13,7,7,6,20,940,52,A4,48.8266,2.46607,Crépuscule ou aube,Hors agglomération,Hors intersection,Normale,Autre collision,,,,,,,,,,,2,1,1,1.0,6
201300045503,0013-07-07 13:00:00,13,7,7,13,0,940,73,A86 INT,48.7557,2.38301,Plein jour,Hors agglomération,Hors intersection,Normale,Deux véhicules - arrière,,,,,,,,,,,1,1,1,1.0,2
201300045504,0013-07-07 20:00:00,13,7,7,20,0,940,17,A4,48.8265,2.51832,Plein jour,Hors agglomération,Hors intersection,Normale,Trois véhicules et plus - en chaîne,,,,,,,,,,,1,1,1,1.0,4
201300045505,0013-07-07 21:20:00,13,7,7,21,20,770,258,A4.Y,,,Nuit avec éclairage non allumé,Hors agglomération,Hors intersection,Normale,Trois véhicules et plus - collisions multiples,,,,,,,,,,,4,1,1,1.0,5
201300045506,0013-07-08 12:15:00,13,7,8,12,15,940,73,A86 INT,48.7703,2.38298,Plein jour,Hors agglomération,Hors intersection,Temps éblouissant,Trois véhicules et plus - en chaîne,,,,,,,,,,,1,1,1,7.0,4
201300045507,0013-07-11 14:25:00,13,7,11,14,25,770,363,A104,,,Plein jour,Hors agglomération,Hors intersection,Temps éblouissant,Trois véhicules et plus - collisions multiples,,,,,,,,,,,1,1,1,7.0,5
201300045508,0013-07-12 10:30:00,13,7,12,10,30,940,18,A4,48.8189,2.40856,Plein jour,Hors agglomération,Hors intersection,Normale,Deux véhicules - côté,,,,,,,,,,,1,1,1,1.0,3
201300045509,0013-07-12 12:20:00,13,7,12,12,20,940,17,A4,48.8301,2.49661,Plein jour,Hors agglomération,Hors intersection,Normale,Deux véhicules - arrière,,,,,,,,,,,1,1,1,1.0,2
201300045510,0013-07-12 19:10:00,13,7,12,19,10,770,373,RN104,,,Plein jour,Hors agglomération,Hors intersection,Normale,Trois véhicules et plus - en chaîne,,,,,,,,,,,1,1,1,1.0,4
201300045511,0013-07-12 20:10:00,13,7,12,20,10,940,73,A86 INT,48.7707,2.3856,Plein jour,Hors agglomération,Hors intersection,Normale,Deux véhicules - côté,,,,,,,,,,,1,1,1,1.0,3
201300045512,0013-07-12 21:00:00,13,7,12,21,0,940,17,A4,48.8279,2.50451,Plein jour,Hors agglomération,Hors intersection,Normale,Trois véhicules et plus - en chaîne,,,,,,,,,,,1,1,1,1.0,4
201300045513,0013-07-12 22:55:00,13,7,12,22,55,770,468,A104,,,Nuit sans éclairage public,Hors agglomération,Hors intersection,Normale,Deux véhicules - côté,,,,,,,,,,,3,1,1,1.0,3
201300045514,0013-07-15 08:55:00,13,7,15,8,55,940,18,A4,48.8177,2.41664,Plein jour,Hors agglomération,Hors intersection,Normale,Deux véhicules - arrière,,,,,,,,,,,1,1,1,1.0,2
201300045515,0013-07-15 08:30:00,13,7,15,8,30,940,73,A86 EXT,48.7665,2.37882,Plein jour,Hors agglomération,Hors intersection,Normale,Trois véhicules et plus - collisions multiples,,,,,,,,,,,1,1,1,1.0,5
201300045516,0013-07-15 09:25:00,13,7,15,9,25,940,18,A4,48.8175,2.41476,Plein jour,Hors agglomération,Hors intersection,Normale,Autre collision,,,,,,,,,,,1,1,1,1.0,6
201300045517,0013-07-16 13:25:00,13,7,16,13,25,940,65,A86 INT,48.7544,2.34971,Plein jour,Hors agglomération,Hors intersection,Normale,Deux véhicules - arrière,,,,,,,,,,,1,1,1,1.0,2
201300045518,0013-07-16 14:30:00,13,7,16,14,30,940,11,RN406.W,48.7588,2.48214,Plein jour,Hors agglomération,Hors intersection,Normale,Sans collision,,,,,,,,,,,1,1,1,1.0,7
201300045519,0013-07-16 19:15:00,13,7,16,19,15,940,52,A86 INT,48.8427,2.49262,Plein jour,Hors agglomération,Hors intersection,Normale,Deux véhicules - côté,,,,,,,,,,,1,1,1,1.0,3
201300045520,0013-07-17 12:40:00,13,7,17,12,40,940,17,A4,48.827,2.51136,Plein jour,Hors agglomération,Hors intersection,Normale,Trois véhicules et plus - en chaîne,,,,,,,,,,,1,1,1,1.0,4
201300045521,0013-07-19 17:25:00,13,7,19,17,25,770,169,RN104,,,Plein jour,Hors agglomération,Hors intersection,Normale,Trois véhicules et plus - collisions multiples,,,,,,,,,,,1,1,1,1.0,5
201300045522,0013-07-20 12:24:00,13,7,20,12,24,770,438,A104,,,Plein jour,Hors agglomération,Hors intersection,Normale,Deux véhicules - arrière,,,,,,,,,,,1,1,1,1.0,2
201300045523,0013-07-20 19:45:00,13,7,20,19,45,940,17,A4,48.8264,2.51811,Plein jour,Hors agglomération,Hors intersection,Normale,Trois véhicules et plus - en chaîne,,,,,,,,,,,1,1,1,1.0,4
201300045524,0013-07-23 18:45:00,13,7,23,18,45,770,373,RN104,,,Plein jour,Hors agglomération,Hors intersection,Normale,Sans collision,,,,,,,,,,,1,1,1,1.0,7
201300045525,0013-07-25 07:00:00,13,7,25,7,0,940,22,A86 INT,48.7765,2.42023,Plein jour,Hors agglomération,Hors intersection,Normale,Deux véhicules - côté,,,,,,,,,,,1,1,1,1.0,3
201300045526,0013-07-25 08:15:00,13,7,25,8,15,940,79,A4,48.833,2.53379,Plein jour,Hors agglomération,Hors intersection,Normale,Deux véhicules - côté,,,,,,,,,,,1,1,1,1.0,3
201300045527,0013-07-25 13:00:00,13,7,25,13,0,940,17,A4,48.8286,2.50177,Plein jour,Hors agglomération,Hors intersection,Normale,Deux véhicules - arrière,,,,,,,,,,,1,1,1,1.0,2
201300045528,0013-07-25 15:45:00,13,7,25,15,45,750,112,A4,,,Plein jour,Hors agglomération,Hors intersection,Normale,Deux véhicules - arrière,,,,,,,,,,,1,1,1,1.0,2
201300045529,0013-07-25 16:44:00,13,7,25,16,44,940,28,A86 EXT,48.7788,2.44114,Plein jour,Hors agglomération,Hors intersection,Normale,Deux véhicules - côté,,,,,,,,,,,1,1,1,1.0,3
201300045530,0013-07-25 18:45:00,13,7,25,18,45,770,169,RN104,,,Plein jour,Hors agglomération,Hors intersection,Normale,Deux véhicules - côté,,,,,,,,,,,1,1,1,1.0,3
201300045531,0013-07-26 08:55:00,13,7,26,8,55,770,18,A4,,,Plein jour,Hors agglomération,Hors intersection,Normale,Deux véhicules - arrière,,,,,,,,,,,1,1,1,1.0,2
201300045532,0013-07-26 16:15:00,13,7,26,16,15,940,17,A4,48.8279,2.50423,Plein jour,Hors agglomération,Hors intersection,Normale,Sans collision,,,,,,,,,,,1,1,1,1.0,7
201300045533,0013-08-01 20:40:00,13,8,1,20,40,770,169,RN104,,,Plein jour,Hors agglomération,Hors intersection,Normale,Autre collision,,,,,,,,,,,1,1,1,1.0,6
201300045534,0013-08-02 08:40:00,13,8,2,8,40,770,438,A104,,,Plein jour,Hors agglomération,Hors intersection,Normale,Deux véhicules - côté,,,,,,,,,,,1,1,1,1.0,3
201300045535,0013-08-02 17:45:00,13,8,2,17,45,940,33,A86.INT,48.8579,2.48727,Plein jour,Hors agglomération,Hors intersection,Normale,Trois véhicules et plus - collisions multiples,,,,,,,,,,,1,1,1,1.0,5
201300045536,0013-08-02 19:40:00,13,8,2,19,40,940,52,A86 INT,48.8457,2.49187,Crépuscule ou aube,Hors agglomération,Hors intersection,Normale,Trois véhicules et plus - collisions multiples,,,,,,,,,,,2,1,1,1.0,5
201300045537,0013-08-03 08:00:00,13,8,3,8,0,940,18,A4,48.8175,2.41528,Plein jour,Hors agglomération,Hors intersection,Normale,Trois véhicules et plus - collisions multiples,,,,,,,,,,,1,1,1,1.0,5
201300045538,0013-08-05 18:10:00,13,8,5,18,10,940,33,A86.INT,48.8572,2.48765,Plein jour,Hors agglomération,Hors intersection,Normale,Deux véhicules - arrière,,,,,,,,,,,1,1,1,1.0,2
201300045539,0013-08-07 13:30:00,13,8,7,13,30,940,44,RN406.W,48.7582,2.4706,Plein jour,Hors agglomération,Hors intersection,Pluie légère,Trois véhicules et plus - en chaîne,,,,,,,,,,,1,1,1,2.0,4
201300045540,0013-08-08 08:20:00,13,8,8,8,20,940,74,RN406.W,48.7692,2.45008,Plein jour,Hors agglomération,Hors intersection,Normale,Sans collision,,,,,,,,,,,1,1,1,1.0,7
201300045541,0013-08-12 08:00:00,13,8,12,8,0,940,33,A86.INT,48.848,2.49106,Plein jour,Hors agglomération,Hors intersection,Normale,Deux véhicules - arrière,,,,,,,,,,,1,1,1,1.0,2
201300045542,0013-08-12 12:20:00,13,8,12,12,20,770,122,RN104,,,Plein jour,Hors agglomération,Hors intersection,Normale,Deux véhicules - arrière,,,,,,,,,,,1,1,1,1.0,2
201300045543,0013-08-14 22:20:00,13,8,14,22,20,940,28,A86 EXT,48.776,2.42818,Nuit avec éclairage allumé,Hors agglomération,Hors intersection,Normale,Trois véhicules et plus - en chaîne,,,,,,,,,,,5,1,1,1.0,4
201300045544,0013-08-20 19:13:00,13,8,20,19,13,940,81,A86 EXT,48.7739,2.40371,Plein jour,Hors agglomération,Hors intersection,Normale,Sans collision,,,,,,,,,,,1,1,1,1.0,7
201300045545,0013-08-25 16:00:00,13,8,25,16,0,770,450,RN104,,,Plein jour,Hors agglomération,Hors intersection,Pluie légère,Sans collision,,,,,,,,,,,1,1,1,2.0,7
201300045546,0013-08-26 18:10:00,13,8,26,18,10,940,28,RN406.W,48.7722,2.44654,Plein jour,Hors agglomération,Hors intersection,Normale,Sans collision,,,,,,,,,,,1,1,1,1.0,7
201300045547,0013-08-27 12:15:00,13,8,27,12,15,940,42,A4,48.8285,2.47644,Plein jour,Hors agglomération,Hors intersection,Pluie légère,Sans collision,,,,,,,,,,,1,1,1,2.0,7
201300045548,0013-08-28 09:55:00,13,8,28,9,55,770,373,RN104,,,Plein jour,Hors agglomération,Hors intersection,Normale,Trois véhicules et plus - en chaîne,,,,,,,,,,,1,1,1,1.0,4
201300045549,0013-08-30 09:30:00,13,8,30,9,30,940,17,A4,48.8267,2.51471,Plein jour,Hors agglomération,Hors intersection,Normale,Trois véhicules et plus - en chaîne,,,,,,,,,,,1,1,1,1.0,4
201300045550,0013-08-31 17:30:00,13,8,31,17,30,770,373,RN104,,,Plein jour,Hors agglomération,Hors intersection,Normale,Deux véhicules - côté,,,,,,,,,,,1,1,1,1.0,3
201300045551,0013-09-01 17:05:00,13,9,1,17,5,940,69,A86 EXT,48.8158,2.45117,Plein jour,Hors agglomération,Hors intersection,Normale,Deux véhicules - côté,,,,,,,,,,,1,1,1,1.0,3
201300045552,0013-09-02 10:00:00,13,9,2,10,0,770,373,RN104,,,Plein jour,Hors agglomération,Hors intersection,Normale,Sans collision,,,,,,,,,,,1,1,1,1.0,7
201300045553,0013-09-03 08:00:00,13,9,3,8,0,940,65,A86 INT,48.7538,2.35499,Plein jour,Hors agglomération,Hors intersection,Normale,Deux véhicules - côté,,,,,,,,,,,1,1,1,1.0,3
201300045554,0013-09-03 18:15:00,13,9,3,18,15,770,169,A4.Y,,,Plein jour,Hors agglomération,Hors intersection,Normale,Sans collision,,,,,,,,,,,1,1,1,1.0,7
201300045555,0013-09-05 19:30:00,13,9,5,19,30,770,258,A4.W,,,Plein jour,Hors agglomération,Hors intersection,Temps éblouissant,Sans collision,,,,,,,,,,,1,1,1,7.0,7
201300045556,0013-09-06 15:30:00,13,9,6,15,30,770,373,RN104,,,Plein jour,Hors agglomération,Hors intersection,Normale,Autre collision,,,,,,,,,,,1,1,1,1.0,6
201300045557,0013-09-07 06:15:00,13,9,7,6,15,940,28,A86 EXT,48.776,2.42823,Nuit sans éclairage public,Hors agglomération,Hors intersection,Normale,Deux véhicules - arrière,,,,,,,,,,,3,1,1,1.0,2
201300045558,0013-09-07 13:45:00,13,9,7,13,45,940,81,A86 EXT,48.7749,2.41148,Plein jour,Hors agglomération,Hors intersection,Normale,Trois véhicules et plus - collisions multiples,,,,,,,,,,,1,1,1,1.0,5
201300045559,0013-09-08 00:15:00,13,9,8,0,15,940,42,A4,48.8284,2.47585,Nuit sans éclairage public,Hors agglomération,Hors intersection,Normale,Trois véhicules et plus - collisions multiples,,,,,,,,,,,3,1,1,1.0,5
201300045560,0013-09-09 11:50:00,13,9,9,11,50,940,17,A4,48.827,2.51036,Plein jour,Hors agglomération,Hors intersection,Normale,Deux véhicules - arrière,,,,,,,,,,,1,1,1,1.0,2
201300045561,0013-09-09 17:45:00,13,9,9,17,45,770,373,RN104,,,Plein jour,Hors agglomération,Hors intersection,Pluie légère,Deux véhicules - arrière,,,,,,,,,,,1,1,1,2.0,2
201300045562,0013-09-11 18:10:00,13,9,11,18,10,940,73,A86 EXT,48.7726,2.3979,Plein jour,Hors agglomération,Hors intersection,Temps couvert,Deux véhicules - côté,,,,,,,,,,,1,1,1,8.0,3
201300045563,0013-09-11 18:50:00,13,9,11,18,50,940,46,A86 EXT,48.8151,2.44989,Plein jour,Hors agglomération,Hors intersection,Normale,Deux véhicules - côté,,,,,,,,,,,1,1,1,1.0,3
201300045564,0013-09-12 10:15:00,13,9,12,10,15,940,73,A86 INT,48.7726,2.3978,Plein jour,Hors agglomération,Hors intersection,Temps couvert,Deux véhicules - arrière,,,,,,,,,,,1,1,1,8.0,2
201300045565,0013-09-12 09:47:00,13,9,12,9,47,770,373,RN104,,,Plein jour,Hors agglomération,Hors intersection,Normale,Deux véhicules - côté,,,,,,,,,,,1,1,1,1.0,3
201300045566,0013-09-13 04:10:00,13,9,13,4,10,770,121,A4,,,Nuit avec éclairage non allumé,Hors agglomération,Hors intersection,Normale,Autre collision,,,,,,,,,,,4,1,1,1.0,6
201300045567,0013-09-14 04:25:00,13,9,14,4,25,750,112,A4,,,Nuit sans éclairage public,Hors agglomération,Hors intersection,Pluie légère,Deux véhicules - côté,,,,,,,,,,,3,1,1,2.0,3
201300045568,0013-09-14 14:00:00,13,9,14,14,0,940,44,RN406.W,48.7582,2.47065,Plein jour,Hors agglomération,Hors intersection,Pluie légère,Autre collision,,,,,,,,,,,1,1,1,2.0,6
201300045569,0013-09-15 07:15:00,13,9,15,7,15,770,121,A104,,,Plein jour,Hors agglomération,Hors intersection,Normale,Trois véhicules et plus - collisions multiples,,,,,,,,,,,1,1,1,1.0,5
201300045570,0013-09-16 07:40:00,13,9,16,7,40,770,373,RN104,,,Plein jour,Hors agglomération,Hors intersection,Pluie légère,Autre collision,,,,,,,,,,,1,1,1,2.0,6
201300045571,0013-09-16 15:03:00,13,9,16,15,3,940,28,A86 INT,48.7794,2.44092,Plein jour,Hors agglomération,Hors intersection,Normale,Sans collision,,,,,,,,,,,1,1,1,1.0,7
201300045572,0013-09-16 18:00:00,13,9,16,18,0,940,81,A86 INT,48.7742,2.4083,Plein jour,Hors agglomération,Hors intersection,Pluie légère,Deux véhicules - arrière,,,,,,,,,,,1,1,1,2.0,2
201300045573,0013-09-16 18:55:00,13,9,16,18,55,940,73,A86 EXT,48.7538,2.36992,Plein jour,Hors agglomération,Hors intersection,Pluie forte,Sans collision,,,,,,,,,,,1,1,1,3.0,7
201300045574,0013-09-16 20:30:00,13,9,16,20,30,930,51,A4,48.8357,2.56309,Nuit sans éclairage public,Hors agglomération,Hors intersection,Pluie légère,Deux véhicules - arrière,,,,,,,,,,,3,1,1,2.0,2
201300045575,0013-09-17 07:15:00,13,9,17,7,15,940,73,A86 INT,48.7589,2.38365,Plein jour,Hors agglomération,Hors intersection,Normale,Deux véhicules - arrière,,,,,,,,,,,1,1,1,1.0,2
201300045576,0013-09-18 10:20:00,13,9,18,10,20,940,33,A86.INT,48.8609,2.48438,Plein jour,Hors agglomération,Hors intersection,Normale,Deux véhicules - arrière,,,,,,,,,,,1,1,1,1.0,2
201300045577,0013-09-18 18:00:00,13,9,18,18,0,940,22,A86 EXT,48.7763,2.42293,Plein jour,Hors agglomération,Hors intersection,Pluie légère,Sans collision,,,,,,,,,,,1,1,1,2.0,7
201300045578,0013-09-18 20:20:00,13,9,18,20,20,940,42,A4,48.8276,2.47043,Crépuscule ou aube,Hors agglomération,Hors intersection,Normale,Trois véhicules et plus - en chaîne,,,,,,,,,,,2,1,1,1.0,4
201300045579,0013-09-20 12:00:00,13,9,20,12,0,940,28,A86 INT,48.7764,2.4318,Plein jour,Hors agglomération,Hors intersection,Normale,Trois véhicules et plus - collisions multiples,,,,,,,,,,,1,1,1,1.0,5
201300045580,0013-09-21 07:00:00,13,9,21,7,0,770,146,A4.Y,,,Crépuscule ou aube,Hors agglomération,Hors intersection,Normale,Deux véhicules - arrière,,,,,,,,,,,2,1,1,1.0,2
201300045581,0013-09-21 14:30:00,13,9,21,14,30,770,53,RN104,,,Plein jour,Hors agglomération,Hors intersection,Normale,Autre collision,,,,,,,,,,,1,1,1,1.0,6
201300045582,0013-09-22 11:47:00,13,9,22,11,47,940,69,A4,48.8172,2.44334,Plein jour,Hors agglomération,Hors intersection,Normale,Deux véhicules - arrière,,,,,,,,,,,1,1,1,1.0,2
201300045583,0013-09-23 00:05:00,13,9,23,0,5,770,121,A4,,,Nuit sans éclairage public,Hors agglomération,Hors intersection,Normale,Sans collision,,,,,,,,,,,3,1,1,1.0,7
201300045584,0013-09-22 07:00:00,13,9,22,7,0,770,438,A104,,,Nuit sans éclairage public,Hors agglomération,Hors intersection,Normale,Deux véhicules - frontale,,,,,,,,,,,3,1,1,1.0,1
201300045585,0013-09-23 15:35:00,13,9,23,15,35,770,121,A104,,,Plein jour,Hors agglomération,Hors intersection,Normale,Deux véhicules - côté,,,,,,,,,,,1,1,1,1.0,3
201300045586,0013-09-23 20:30:00,13,9,23,20,30,770,258,A4.Y,,,Nuit sans éclairage public,Hors agglomération,Hors intersection,Normale,Trois véhicules et plus - en chaîne,,,,,,,,,,,3,1,1,1.0,4
201300045587,0013-09-24 07:10:00,13,9,24,7,10,770,337,A4,,,Plein jour,Hors agglomération,Hors intersection,Normale,Deux véhicules - côté,,,,,,,,,,,1,1,1,1.0,3
201300045588,0013-09-24 23:50:00,13,9,24,23,50,940,17,A4,48.8268,2.51242,Nuit avec éclairage allumé,Hors agglomération,Hors intersection,Normale,Autre collision,,,,,,,,,,,5,1,1,1.0,6
201300045589,0013-09-25 13:00:00,13,9,25,13,0,940,69,A4,48.8164,2.44561,Plein jour,Hors agglomération,Hors intersection,Normale,Trois véhicules et plus - collisions multiples,,,,,,,,,,,1,1,1,1.0,5
201300045590,0013-09-25 21:10:00,13,9,25,21,10,940,33,A86.EXT,48.8578,2.48833,Nuit sans éclairage public,Hors agglomération,Hors intersection,Normale,Deux véhicules - côté,,,,,,,,,,,3,1,1,1.0,3
201300045591,0013-09-27 21:00:00,13,9,27,21,0,750,112,A4,,,Nuit avec éclairage allumé,Hors agglomération,Hors intersection,Pluie légère,Trois véhicules et plus - collisions multiples,,,,,,,,,,,5,1,1,2.0,5
201300045592,0013-09-28 09:00:00,13,9,28,9,0,770,175,RN104,,,Plein jour,Hors agglomération,Hors intersection,Temps couvert,Sans collision,,,,,,,,,,,1,1,1,8.0,7
201300045593,0013-09-30 19:05:00,13,9,30,19,5,940,28,A86 EXT,48.8021,2.44786,Plein jour,Hors agglomération,Hors intersection,Normale,Trois véhicules et plus - collisions multiples,,,,,,,,,,,1,1,1,1.0,5
201300045594,0013-10-02 07:30:00,13,10,2,7,30,940,46,A86 EXT,48.8099,2.44903,Nuit sans éclairage public,Hors agglomération,Hors intersection,Normale,Trois véhicules et plus - en chaîne,,,,,,,,,,,3,1,1,1.0,4
201300045595,0013-10-02 07:30:00,13,10,2,7,30,940,73,A86 INT,48.7596,2.38339,Plein jour,Hors agglomération,Hors intersection,Normale,Deux véhicules - arrière,,,,,,,,,,,1,1,1,1.0,2
201300045596,0013-10-03 08:30:00,13,10,3,8,30,930,51,A4,,,Plein jour,Hors agglomération,Hors intersection,Normale,Deux véhicules - arrière,,,,,,,,,,,1,1,1,1.0,2
201300045597,0013-10-03 10:00:00,13,10,3,10,0,940,22,A86 INT,48.7741,2.40501,Plein jour,Hors agglomération,Hors intersection,Normale,Deux véhicules - côté,,,,,,,,,,,1,1,1,1.0,3
201300045598,0013-10-03 18:00:00,13,10,3,18,0,770,372,A104,,,Plein jour,Hors agglomération,Hors intersection,Normale,Trois véhicules et plus - en chaîne,,,,,,,,,,,1,1,1,1.0,4
201300045599,0013-10-04 08:30:00,13,10,4,8,30,940,17,A4,48.8278,2.50588,Plein jour,Hors agglomération,Hors intersection,Normale,Trois véhicules et plus - collisions multiples,,,,,,,,,,,1,1,1,1.0,5
201300045600,0013-10-04 09:15:00,13,10,4,9,15,770,294,A104,,,Plein jour,Hors agglomération,Hors intersection,Pluie légère,Deux véhicules - côté,,,,,,,,,,,1,1,1,2.0,3
201300045601,0013-10-05 09:00:00,13,10,5,9,0,770,169,A4.Y,,,Plein jour,Hors agglomération,Hors intersection,Normale,Autre collision,,,,,,,,,,,1,1,1,1.0,6
201300045602,0013-10-06 07:00:00,13,10,6,7,0,770,294,A104,,,Nuit sans éclairage public,Hors agglomération,Hors intersection,Normale,Trois véhicules et plus - collisions multiples,,,,,,,,,,,3,1,1,1.0,5
201300045603,0013-10-07 07:30:00,13,10,7,7,30,940,17,A4,48.8279,2.50451,Plein jour,Hors agglomération,Hors intersection,Normale,Deux véhicules - côté,,,,,,,,,,,1,1,1,1.0,3
201300045604,0013-10-07 23:40:00,13,10,7,23,40,770,438,A104,,,Nuit sans éclairage public,Hors agglomération,Hors intersection,Normale,Autre collision,,,,,,,,,,,3,1,1,1.0,6
201300045605,0013-10-08 15:10:00,13,10,8,15,10,770,373,RN104,,,Plein jour,Hors agglomération,Hors intersection,Normale,Trois véhicules et plus - en chaîne,,,,,,,,,,,1,1,1,1.0,4
201300045606,0013-10-08 17:45:00,13,10,8,17,45,940,28,A86 INT,48.7765,2.43609,Plein jour,Hors agglomération,Hors intersection,Normale,Autre collision,,,,,,,,,,,1,1,1,1.0,6
201300045607,0013-10-08 19:30:00,13,10,8,19,30,940,46,A86 INT,48.8054,2.44854,Nuit avec éclairage allumé,Hors agglomération,Hors intersection,Normale,Deux véhicules - arrière,,,,,,,,,,,5,1,1,1.0,2