accident_id,datetime,annee,mois,jour,heure,minute,departement,commune_insee,adresse,latitude,longitude,luminosite,agglomeration,intersection,meteo,collision,nb_vehicules,nb_usagers,nb_indemnes,nb_tues,nb_blesses_hosp,nb_blesses_legers,age_cond_1,age_cond_2,veh_type_cond_1,veh_type_cond_2,lum_code,agg_code,int_code,atm_code,col_code
201300046121,0013-05-27 09:20:00,13,5,27,9,20,920,78,AUTOROUTE A86,,,Plein jour,Hors agglomération,Hors intersection,Normale,Deux véhicules - arrière,,,,,,,,,,,1,1,1,1.0,2
201300046122,0013-05-27 10:30:00,13,5,27,10,30,930,39,AUTOROUTE A86-,48.9267,2.33675,Plein jour,Hors agglomération,Hors intersection,Normale,Deux véhicules - arrière,,,,,,,,,,,1,1,1,1.0,2
201300046123,0013-05-28 00:05:00,13,5,28,0,5,930,66,AUTOROUTE A1-,48.9339,2.3844,Nuit sans éclairage public,Hors agglomération,Hors intersection,Normale,Sans collision,,,,,,,,,,,3,1,1,1.0,7
201300046124,0013-05-28 10:20:00,13,5,28,10,20,950,582,A15,,,Plein jour,Hors agglomération,Hors intersection,Pluie légère,Sans collision,,,,,,,,,,,1,1,1,2.0,7
201300046125,0013-05-28 18:18:00,13,5,28,18,18,930,63,AUTOROUTE A3-,48.8758,2.44149,Plein jour,Hors agglomération,Hors intersection,Pluie légère,Deux véhicules - côté,,,,,,,,,,,1,1,1,2.0,3
201300046126,0013-05-29 08:40:00,13,5,29,8,40,930,66,AUTOROUTE A86-,48.9223,2.35873,Plein jour,Hors agglomération,Hors intersection,Normale,Deux véhicules - arrière,,,,,,,,,,,1,1,1,1.0,2
201300046127,0013-05-29 06:45:00,13,5,29,6,45,930,5,AUTOROUTE A3-,48.9655,2.47467,Plein jour,Hors agglomération,Hors intersection,Normale,Sans collision,,,,,,,,,,,1,1,1,1.0,7
201300046128,0013-05-29 18:30:00,13,5,29,18,30,930,8,AUTOROUTE A86-,,,Plein jour,Hors agglomération,Hors intersection,Temps couvert,Autre collision,,,,,,,,,,,1,1,1,8.0,6
201300046129,0013-05-29 19:20:00,13,5,29,19,20,930,6,AUTOROUTE A3-,48.8645,2.41293,Plein jour,Hors agglomération,Hors intersection,Normale,Autre collision,,,,,,,,,,,1,1,1,1.0,6
201300046130,0013-05-30 09:30:00,13,5,30,9,30,930,10,AUTOROUTE A3-,48.8893,2.47381,Plein jour,Hors agglomération,Hors intersection,Normale,Deux véhicules - arrière,,,,,,,,,,,1,1,1,1.0,2
201300046131,0013-05-30 17:45:00,13,5,30,17,45,930,27,AUTOROUTE A86-,,,Plein jour,Hors agglomération,Hors intersection,Pluie forte,Autre collision,,,,,,,,,,,1,1,1,3.0,6
201300046132,0013-05-30 18:08:00,13,5,30,18,8,950,394,ROUTE NATIONALE 184,,,Plein jour,Hors agglomération,Hors intersection,Pluie légère,Autre collision,,,,,,,,,,,1,1,1,2.0,6
201300046133,0013-05-30 19:20:00,13,5,30,19,20,950,18,A15,,,Plein jour,Hors agglomération,Hors intersection,Pluie légère,Deux véhicules - côté,,,,,,,,,,,1,1,1,2.0,3
201300046134,0013-05-31 09:45:00,13,5,31,9,45,930,8,AUTOROUTE A86-,,,Plein jour,Hors agglomération,Hors intersection,Normale,Autre collision,,,,,,,,,,,1,1,1,1.0,6
201300046135,0013-05-31 17:00:00,13,5,31,17,0,930,29,AUTOROUTE A86-,48.9259,2.42274,Plein jour,Hors agglomération,Hors intersection,Normale,Deux véhicules - arrière,,,,,,,,,,,1,1,1,1.0,2
201300046136,0013-06-01 14:15:00,13,6,1,14,15,930,78,AUTOROUTE A104,48.9664,2.51483,Plein jour,Hors agglomération,Hors intersection,Normale,Sans collision,,,,,,,,,,,1,1,1,1.0,7
201300046137,0013-06-02 04:05:00,13,6,2,4,5,950,306,A15,,,Nuit sans éclairage public,Hors agglomération,Hors intersection,Normale,Autre collision,,,,,,,,,,,3,1,1,1.0,6
201300046138,0013-06-02 07:55:00,13,6,2,7,55,930,66,AUTOROUTE A1,48.9166,2.35776,Plein jour,Hors agglomération,Hors intersection,Normale,Trois véhicules et plus - collisions multiples,,,,,,,,,,,1,1,1,1.0,5
201300046139,0013-06-02 16:25:00,13,6,2,16,25,950,306,A15,,,Plein jour,Hors agglomération,Hors intersection,Normale,Deux véhicules - arrière,,,,,,,,,,,1,1,1,1.0,2
201300046140,0013-06-03 00:45:00,13,6,3,0,45,950,527,AUTOROUTE A3,,,Nuit sans éclairage public,Hors agglomération,Hors intersection,Normale,Deux véhicules - arrière,,,,,,,,,,,3,1,1,1.0,2
201300046141,0013-06-03 09:10:00,13,6,3,9,10,930,53,AUTOROUTE A3,48.8839,2.4664,Plein jour,Hors agglomération,Hors intersection,Normale,Deux véhicules - côté,,,,,,,,,,,1,1,1,1.0,3
201300046142,0013-06-04 14:15:00,13,6,4,14,15,950,241,RN 104,,,Plein jour,Hors agglomération,Hors intersection,Normale,Sans collision,,,,,,,,,,,1,1,1,1.0,7
201300046143,0013-06-04 18:45:00,13,6,4,18,45,950,563,A115,,,Plein jour,Hors agglomération,Hors intersection,Temps éblouissant,Autre collision,,,,,,,,,,,1,1,1,7.0,6
201300046144,0013-06-04 19:15:00,13,6,4,19,15,930,27,AUTOROUTE A86,48.9234,2.38362,Plein jour,Hors agglomération,Hors intersection,Normale,Deux véhicules - arrière,,,,,,,,,,,1,1,1,1.0,2
201300046145,0013-06-04 22:30:00,13,6,4,22,30,930,64,AUTOROUTE A86,48.8709,2.4822,Nuit sans éclairage public,Hors agglomération,Hors intersection,Normale,Deux véhicules - côté,,,,,,,,,,,3,1,1,1.0,3
201300046146,0013-06-05 08:55:00,13,6,5,8,55,950,582,BD INTERCOMMUNAL PARISIS,48.9648,2.2697,Plein jour,Hors agglomération,Hors intersection,Normale,Deux véhicules - arrière,,,,,,,,,,,1,1,1,1.0,2
201300046147,0013-06-05 11:00:00,13,6,5,11,0,930,78,AUTOROUTE A104,48.9644,2.55317,Plein jour,Hors agglomération,Hors intersection,Normale,Deux véhicules - arrière,,,,,,,,,,,1,1,1,1.0,2
201300046148,0013-06-05 12:35:00,13,6,5,12,35,950,424,A15,,,Plein jour,Hors agglomération,Hors intersection,Normale,Sans collision,,,,,,,,,,,1,1,1,1.0,7
201300046149,0013-06-06 07:30:00,13,6,6,7,30,930,48,AUTOROUTE A3,48.8731,2.43544,Plein jour,Hors agglomération,Hors intersection,Normale,Trois véhicules et plus - en chaîne,,,,,,,,,,,1,1,1,1.0,4
201300046150,0013-06-06 15:20:00,13,6,6,15,20,950,241,RN 104,,,Plein jour,Hors agglomération,Hors intersection,Temps éblouissant,Trois véhicules et plus - collisions multiples,,,,,,,,,,,1,1,1,7.0,5
201300046151,0013-06-07 03:20:00,13,6,7,3,20,930,66,AUTOROUTE A1,48.9234,2.35708,Nuit sans éclairage public,Hors agglomération,Hors intersection,Normale,Autre collision,,,,,,,,,,,3,1,1,1.0,6
201300046152,0013-06-07 08:00:00,13,6,7,8,0,930,66,AUTOROUTE A86,48.9217,2.36558,Plein jour,Hors agglomération,Hors intersection,Normale,Autre collision,,,,,,,,,,,1,1,1,1.0,6
201300046153,0013-06-07 17:45:00,13,6,7,17,45,930,63,AUTOROUTE A3,48.8747,2.43926,Plein jour,Hors agglomération,Hors intersection,Normale,Autre collision,,,,,,,,,,,1,1,1,1.0,6
201300046154,0013-06-07 21:50:00,13,6,7,21,50,930,53,AUTOROUTE A3,48.8839,2.46134,Plein jour,Hors agglomération,Hors intersection,Normale,Autre collision,,,,,,,,,,,1,1,1,1.0,6
201300046155,0013-06-08 02:00:00,13,6,8,2,0,950,252,A115,,,Nuit avec éclairage non allumé,Hors agglomération,Hors intersection,Normale,Autre collision,,,,,,,,,,,4,1,1,1.0,6
201300046156,0013-06-08 17:45:00,13,6,8,17,45,930,78,AUTOROUTE A104,48.9613,2.54373,Plein jour,Hors agglomération,Hors intersection,Normale,Trois véhicules et plus - en chaîne,,,,,,,,,,,1,1,1,1.0,4
201300046157,0013-06-08 20:40:00,13,6,8,20,40,950,18,A15,,,Plein jour,Hors agglomération,Hors intersection,Normale,Trois véhicules et plus - en chaîne,,,,,,,,,,,1,1,1,1.0,4
201300046158,0013-06-09 04:15:00,13,6,9,4,15,930,5,AUTOROUTE A1,48.9606,2.46797,Nuit avec éclairage allumé,Hors agglomération,Hors intersection,Normale,Deux véhicules - arrière,,,,,,,,,,,5,1,1,1.0,2
201300046159,0013-06-09 07:00:00,13,6,9,7,0,950,394,ROUTE NATIONALE 184,,,Crépuscule ou aube,Hors agglomération,Hors intersection,Pluie légère,Sans collision,,,,,,,,,,,2,1,1,2.0,7
201300046160,0013-06-09 12:35:00,13,6,9,12,35,950,277,BD INTERCOMMUNAL PARISIS,48.9752,2.4848,Plein jour,Hors agglomération,Hors intersection,Normale,Autre collision,,,,,,,,,,,1,1,1,1.0,6
201300046161,0013-06-10 00:20:00,13,6,10,0,20,930,5,AUTOROUTE A1,48.9607,2.46789,Nuit sans éclairage public,Hors agglomération,Hors intersection,Pluie légère,Autre collision,,,,,,,,,,,3,1,1,2.0,6
201300046162,0013-06-10 19:30:00,13,6,10,19,30,930,8,AUTOROUTE A86,48.8989,2.46927,Plein jour,Hors agglomération,Hors intersection,Normale,Sans collision,,,,,,,,,,,1,1,1,1.0,7
201300046163,0013-06-11 07:15:00,13,6,11,7,15,930,64,AUTOROUTE A86,48.8787,2.4764,Plein jour,Hors agglomération,Hors intersection,Normale,Trois véhicules et plus - en chaîne,,,,,,,,,,,1,1,1,1.0,4
201300046164,0013-06-11 09:10:00,13,6,11,9,10,950,256,ROUTE NATIONALE 184,,,Plein jour,Hors agglomération,Hors intersection,Normale,Deux véhicules - arrière,,,,,,,,,,,1,1,1,1.0,2
201300046165,0013-06-11 11:00:00,13,6,11,11,0,930,53,AUTOROUTE A103,48.91,2.35809,Plein jour,Hors agglomération,Hors intersection,Normale,Sans collision,,,,,,,,,,,1,1,1,1.0,7
201300046166,0013-06-11 12:30:00,13,6,11,12,30,950,252,A15,,,Plein jour,Hors agglomération,Hors intersection,Normale,Sans collision,,,,,,,,,,,1,1,1,1.0,7
201300046167,0013-06-12 07:10:00,13,6,12,7,10,930,29,AUTOROUTE A86,48.9261,2.4224,Plein jour,Hors agglomération,Hors intersection,Normale,Deux véhicules - côté,,,,,,,,,,,1,1,1,1.0,3
201300046168,0013-06-12 16:00:00,13,6,12,16,0,950,277,A104,48.9732,2.4885,Plein jour,Hors agglomération,Hors intersection,Pluie légère,Sans collision,,,,,,,,,,,1,1,1,2.0,7
201300046169,0013-06-12 18:30:00,13,6,12,18,30,950,60,A115,,,Plein jour,Hors agglomération,Hors intersection,Normale,Sans collision,,,,,,,,,,,1,1,1,1.0,7
201300046170,0013-06-13 16:45:00,13,6,13,16,45,950,527,AUTOROUTE A1,,,Plein jour,Hors agglomération,Hors intersection,Pluie forte,Autre collision,,,,,,,,,,,1,1,1,3.0,6
201300046171,0013-06-13 20:10:00,13,6,13,20,10,950,572,ROUTE NATIONALE 184,,,Plein jour,Hors agglomération,Hors intersection,Normale,Autre collision,,,,,,,,,,,1,1,1,1.0,6
201300046172,0013-06-14 07:50:00,13,6,14,7,50,950,241,RN 104,,,Crépuscule ou aube,Hors agglomération,Hors intersection,Normale,Autre collision,,,,,,,,,,,2,1,1,1.0,6
201300046173,0013-06-14 15:25:00,13,6,14,15,25,930,64,AUTOROUTE A3,48.8839,2.46681,Plein jour,Hors agglomération,Hors intersection,Normale,Trois véhicules et plus - collisions multiples,,,,,,,,,,,1,1,1,1.0,5
201300046174,0013-06-14 19:00:00,13,6,14,19,0,930,27,AUTOROUTE A1,48.934,2.38476,Plein jour,Hors agglomération,Hors intersection,Normale,Deux véhicules - côté,,,,,,,,,,,1,1,1,1.0,3
201300046175,0013-06-14 19:00:00,13,6,14,19,0,950,582,A15,,,Plein jour,Hors agglomération,Hors intersection,Normale,Deux véhicules - arrière,,,,,,,,,,,1,1,1,1.0,2
201300046176,0013-06-14 20:40:00,13,6,14,20,40,950,18,A15,,,Plein jour,Hors agglomération,Hors intersection,Normale,Deux véhicules - arrière,,,,,,,,,,,1,1,1,1.0,2
201300046177,0013-06-15 00:50:00,13,6,15,0,50,930,64,AUTOROUTE A86,48.8836,2.47155,Nuit sans éclairage public,Hors agglomération,Hors intersection,Normale,Deux véhicules - arrière,,,,,,,,,,,3,1,1,1.0,2
201300046178,0013-06-15 01:30:00,13,6,15,1,30,930,66,AUTOROUTE A1,48.9339,2.3839,Nuit avec éclairage allumé,Hors agglomération,Hors intersection,Normale,Deux véhicules - arrière,,,,,,,,,,,5,1,1,1.0,2
201300046179,0013-06-14 16:00:00,13,6,14,16,0,930,7,AUTOROUTE A1,48.9474,2.44358,Plein jour,Hors agglomération,Hors intersection,Normale,Autre collision,,,,,,,,,,,1,1,1,1.0,6
201300046180,0013-06-15 20:15:00,13,6,15,20,15,950,277,AUTOROUTE A104,48.9735,2.4858,Plein jour,Hors agglomération,Hors intersection,Normale,Deux véhicules - arrière,,,,,,,,,,,1,1,1,1.0,2
201300046181,0013-06-16 06:20:00,13,6,16,6,20,930,66,AUTOROUTE A1,48.9043,2.35848,Plein jour,Hors agglomération,Hors intersection,Normale,Autre collision,,,,,,,,,,,1,1,1,1.0,6
201300046182,0013-06-16 09:55:00,13,6,16,9,55,920,36,AUTOROUTE A15,,,Plein jour,Hors agglomération,Hors intersection,Normale,Trois véhicules et plus - en chaîne,,,,,,,,,,,1,1,1,1.0,4
201300046183,0013-06-16 11:10:00,13,6,16,11,10,950,394,ROUTE NATIONALE 184,,,Plein jour,Hors agglomération,Hors intersection,Normale,Autre collision,,,,,,,,,,,1,1,1,1.0,6
201300046184,0013-06-16 12:45:00,13,6,16,12,45,930,66,AUTOROUTE A86,48.9221,2.35877,Plein jour,Hors agglomération,Hors intersection,Normale,Autre collision,,,,,,,,,,,1,1,1,1.0,6
201300046185,0013-06-16 20:10:00,13,6,16,20,10,930,5,AUTOROUTE A3,48.9459,2.47642,Plein jour,Hors agglomération,Hors intersection,Normale,Deux véhicules - arrière,,,,,,,,,,,1,1,1,1.0,2
201300046186,0013-06-18 06:15:00,13,6,18,6,15,950,582,A15,,,Plein jour,Hors agglomération,Hors intersection,Normale,Trois véhicules et plus - en chaîne,,,,,,,,,,,1,1,1,1.0,4
201300046187,0013-06-18 09:30:00,13,6,18,9,30,950,219,A115,,,Plein jour,Hors agglomération,Hors intersection,Normale,Deux véhicules - arrière,,,,,,,,,,,1,1,1,1.0,2
201300046188,0013-06-18 10:45:00,13,6,18,10,45,930,27,AUTOROUTE A1,48.9345,2.39758,Plein jour,Hors agglomération,Hors intersection,Normale,Autre collision,,,,,,,,,,,1,1,1,1.0,6
201300046189,0013-06-18 17:30:00,13,6,18,17,30,930,29,AUTOROUTE A86,48.9236,2.42681,Plein jour,Hors agglomération,Hors intersection,Normale,Deux véhicules - arrière,,,,,,,,,,,1,1,1,1.0,2
201300046190,0013-06-19 09:30:00,13,6,19,9,30,930,10,AUTOROUTE A3,48.8893,2.47381,Plein jour,Hors agglomération,Hors intersection,Pluie légère,Autre collision,,,,,,,,,,,1,1,1,2.0,6
201300046191,0013-06-19 12:55:00,13,6,19,12,55,950,527,AUTOROUTE A3,,,Plein jour,Hors agglomération,Hors intersection,Normale,Autre collision,,,,,,,,,,,1,1,1,1.0,6
201300046192,0013-06-20 05:00:00,13,6,20,5,0,950,582,A115,,,Nuit sans éclairage public,Hors agglomération,Hors intersection,Pluie légère,Autre collision,,,,,,,,,,,3,1,1,2.0,6
201300046193,0013-06-20 09:25:00,13,6,20,9,25,950,252,A15,,,Plein jour,Hors agglomération,Hors intersection,Pluie légère,Trois véhicules et plus - en chaîne,,,,,,,,,,,1,1,1,2.0,4
201300046194,0013-06-20 10:20:00,13,6,20,10,20,950,491,A115,,,Plein jour,Hors agglomération,Hors intersection,Normale,Deux véhicules - côté,,,,,,,,,,,1,1,1,1.0,3
201300046195,0013-06-21 09:15:00,13,6,21,9,15,950,28,RN 104,,,Plein jour,Hors agglomération,Hors intersection,Normale,Deux véhicules - côté,,,,,,,,,,,1,1,1,1.0,3
201300046196,0013-06-21 17:25:00,13,6,21,17,25,930,66,AUTOROUTE A1,48.9317,2.37055,Plein jour,Hors agglomération,Hors intersection,Normale,Autre collision,,,,,,,,,,,1,1,1,1.0,6
201300046197,0013-06-22 16:20:00,13,6,22,16,20,950,306,A15,,,Plein jour,Hors agglomération,Hors intersection,Normale,Deux véhicules - arrière,,,,,,,,,,,1,1,1,1.0,2
201300046198,0013-06-24 08:00:00,13,6,24,8,0,930,27,AUTOROUTE A86,48.9281,2.41126,Plein jour,Hors agglomération,Hors intersection,Normale,Deux véhicules - arrière,,,,,,,,,,,1,1,1,1.0,2
201300046199,0013-06-25 14:00:00,13,6,25,14,0,930,66,AUTOROUTE A1,48.9339,2.3839,Plein jour,Hors agglomération,Hors intersection,Normale,Trois véhicules et plus - en chaîne,,,,,,,,,,,1,1,1,1.0,4
201300046200,0013-06-25 17:45:00,13,6,25,17,45,950,241,RN 104,,,Plein jour,Hors agglomération,Hors intersection,Normale,Deux véhicules - arrière,,,,,,,,,,,1,1,1,1.0,2
201300046201,0013-06-26 08:00:00,13,6,26,8,0,930,8,AUTOROUTE A86,48.8932,2.47265,Plein jour,Hors agglomération,Hors intersection,Normale,Autre collision,,,,,,,,,,,1,1,1,1.0,6
201300046202,0013-06-26 13:30:00,13,6,26,13,30,950,604,AUTOROUTE A1,,,Plein jour,Hors agglomération,Hors intersection,Normale,Trois véhicules et plus - en chaîne,,,,,,,,,,,1,1,1,1.0,4
201300046203,0013-06-26 17:20:00,13,6,26,17,20,930,27,AUTOROUTE A1,48.9349,2.40025,Plein jour,Hors agglomération,Hors intersection,Normale,Deux véhicules - côté,,,,,,,,,,,1,1,1,1.0,3
201300046204,0013-06-26 20:30:00,13,6,26,20,30,930,78,AUTOROUTE A104,48.965,2.51808,Plein jour,Hors agglomération,Hors intersection,Normale,Deux véhicules - côté,,,,,,,,,,,1,1,1,1.0,3
201300046205,0013-06-27 03:00:00,13,6,27,3,0,930,78,AUTOROUTE A104,48.9604,2.52598,Nuit avec éclairage non allumé,Hors agglomération,Hors intersection,Normale,Sans collision,,,,,,,,,,,4,1,1,1.0,7
201300046206,0013-06-27 08:15:00,13,6,27,8,15,930,5,AUTOROUTE A1,48.9669,2.47762,Plein jour,Hors agglomération,Hors intersection,Pluie légère,Sans collision,,,,,,,,,,,1,1,1,2.0,7
201300046207,0013-06-28 07:30:00,13,6,28,7,30,930,53,AUTOROUTE A86,48.8892,2.47413,Plein jour,Hors agglomération,Hors intersection,Pluie légère,Deux véhicules - côté,,,,,,,,,,,1,1,1,2.0,3
201300046208,0013-06-28 11:10:00,13,6,28,11,10,950,394,A115,,,Plein jour,Hors agglomération,Hors intersection,Pluie légère,Sans collision,,,,,,,,,,,1,1,1,2.0,7
201300046209,0013-06-28 15:48:00,13,6,28,15,48,930,78,AUTOROUTE A104,48.9611,2.54339,Plein jour,Hors agglomération,Hors intersection,Normale,Autre collision,,,,,,,,,,,1,1,1,1.0,6
201300046210,0013-06-28 18:00:00,13,6,28,18,0,950,527,AUTOROUTE A3,,,Plein jour,Hors agglomération,Hors intersection,Temps couvert,Trois véhicules et plus - en chaîne,,,,,,,,,,,1,1,1,8.0,4
201300046211,0013-06-29 07:30:00,13,6,29,7,30,950,241,RN 104,,,Plein jour,Hors agglomération,Hors intersection,Pluie légère,Sans collision,,,,,,,,,,,1,1,1,2.0,7
201300046212,0013-06-29 15:00:00,13,6,29,15,0,950,18,A15,,,Plein jour,Hors agglomération,Hors intersection,Normale,Deux véhicules - arrière,,,,,,,,,,,1,1,1,1.0,2
201300046213,0013-06-29 19:45:00,13,6,29,19,45,930,10,AUTOROUTE A3,48.8893,2.47381,Plein jour,Hors agglomération,Hors intersection,Normale,Autre collision,,,,,,,,,,,1,1,1,1.0,6
201300046214,0013-06-29 20:30:00,13,6,29,20,30,920,36,AUTOROUTE A15,,,Plein jour,Hors agglomération,Hors intersection,Normale,Deux véhicules - côté,,,,,,,,,,,1,1,1,1.0,3
201300046215,0013-06-30 12:55:00,13,6,30,12,55,930,63,AUTOROUTE A3,48.8785,2.44671,Plein jour,Hors agglomération,Hors intersection,Normale,Deux véhicules - arrière,,,,,,,,,,,1,1,1,1.0,2
201300046216,0013-07-01 00:01:00,13,7,1,0,1,930,64,AUTOROUTE A86,,,Nuit avec éclairage non allumé,Hors agglomération,Hors intersection,Normale,Deux véhicules - arrière,,,,,,,,,,,4,1,1,1.0,2
201300046217,0013-07-01 07:00:00,13,7,1,7,0,930,6,AUTOROUTE A3,48.8664,2.41321,Plein jour,Hors agglomération,Hors intersection,Normale,Autre collision,,,,,,,,,,,1,1,1,1.0,6
201300046218,0013-07-01 16:15:00,13,7,1,16,15,950,277,AUTOROUTE A104,48.9735,2.4858,Plein jour,Hors agglomération,Hors intersection,Normale,Trois véhicules et plus - en chaîne,,,,,,,,,,,1,1,1,1.0,4
201300046219,0013-07-01 19:00:00,13,7,1,19,0,950,500,A15,,,Plein jour,Hors agglomération,Hors intersection,Normale,Trois véhicules et plus - en chaîne,,,,,,,,,,,1,1,1,1.0,4
201300046220,0013-07-02 10:00:00,13,7,2,10,0,600,505,AUTOROUTE A1,,,Plein jour,Hors agglomération,Hors intersection,Normale,Sans collision,,,,,,,,,,,1,1,1,1.0,7
201300046221,0013-07-02 12:00:00,13,7,2,12,0,950,678,RN 104,,,Plein jour,Hors agglomération,Hors intersection,Normale,Deux véhicules - côté,,,,,,,,,,,1,1,1,1.0,3
201300046222,0013-07-02 18:00:00,13,7,2,18,0,930,10,AUTOROUTE A3,48.8893,2.47381,Plein jour,Hors agglomération,Hors intersection,Normale,Deux véhicules - côté,,,,,,,,,,,1,1,1,1.0,3
201300046223,0013-07-04 09:30:00,13,7,4,9,30,930,6,AUTOROUTE A3,48.8694,2.42943,Plein jour,Hors agglomération,Hors intersection,Normale,Deux véhicules - côté,,,,,,,,,,,1,1,1,1.0,3
201300046224,0013-07-04 14:00:00,13,7,4,14,0,930,10,AUTOROUTE A86,48.8913,2.47295,Plein jour,Hors agglomération,Hors intersection,Normale,Deux véhicules - côté,,,,,,,,,,,1,1,1,1.0,3
201300046225,0013-07-04 17:20:00,13,7,4,17,20,930,6,AUTOROUTE A3,48.8657,2.41854,Plein jour,Hors agglomération,Hors intersection,Normale,Deux véhicules - côté,,,,,,,,,,,1,1,1,1.0,3
201300046226,0013-07-04 19:05:00,13,7,4,19,5,930,6,AUTOROUTE A3,48.8658,2.41719,Plein jour,Hors agglomération,Hors intersection,Normale,Deux véhicules - côté,,,,,,,,,,,1,1,1,1.0,3
201300046227,0013-07-05 18:10:00,13,7,5,18,10,930,27,AUTOROUTE A86,48.9273,2.41922,Plein jour,Hors agglomération,Hors intersection,Normale,Deux véhicules - arrière,,,,,,,,,,,1,1,1,1.0,2
201300046228,0013-07-06 18:30:00,13,7,6,18,30,930,66,AUTOROUTE A1,48.9193,2.35757,Plein jour,Hors agglomération,Hors intersection,Normale,Deux véhicules - arrière,,,,,,,,,,,1,1,1,1.0,2
201300046229,0013-07-07 01:45:00,13,7,7,1,45,950,582,A15,,,Nuit sans éclairage public,Hors agglomération,Hors intersection,Normale,Autre collision,,,,,,,,,,,3,1,1,1.0,6
201300046230,0013-07-05 14:10:00,13,7,5,14,10,930,10,AUTOROUTE A3,48.8895,2.47391,Plein jour,Hors agglomération,Hors intersection,Normale,Deux véhicules - côté,,,,,,,,,,,1,1,1,1.0,3
201300046231,0013-07-07 14:00:00,13,7,7,14,0,930,7,AUTOROUTE A1,48.9484,2.44515,Plein jour,Hors agglomération,Hors intersection,Normale,Trois véhicules et plus - en chaîne,,,,,,,,,,,1,1,1,1.0,4
201300046232,0013-07-07 15:20:00,13,7,7,15,20,930,64,AUTOROUTE A86,48.8709,2.4822,Plein jour,Hors agglomération,Hors intersection,Normale,Deux véhicules - côté,,,,,,,,,,,1,1,1,1.0,3
201300046233,0013-07-07 18:00:00,13,7,7,18,0,930,73,AUTOROUTE A104,48.9702,2.57042,Plein jour,Hors agglomération,Hors intersection,Normale,Deux véhicules - arrière,,,,,,,,,,,1,1,1,1.0,2
201300046234,0013-07-07 21:15:00,13,7,7,21,15,930,5,AUTOROUTE A1,48.967,2.4775,Plein jour,Hors agglomération,Hors intersection,Normale,Autre collision,,,,,,,,,,,1,1,1,1.0,6
201300046235,0013-07-08 08:00:00,13,7,8,8,0,950,582,BD INTERCOMMUNAL PARISIS,48.9647,2.2694,Plein jour,Hors agglomération,Hors intersection,Normale,Trois véhicules et plus - en chaîne,,,,,,,,,,,1,1,1,1.0,4
201300046236,0013-07-08 11:00:00,13,7,8,11,0,930,5,AUTOROUTE A3,,,Plein jour,Hors agglomération,Hors intersection,Normale,Deux véhicules - côté,,,,,,,,,,,1,1,1,1.0,3
201300046237,0013-07-08 20:55:00,13,7,8,20,55,930,8,AUTOROUTE A86,48.8976,2.46936,Plein jour,Hors agglomération,Hors intersection,Normale,Deux véhicules - côté,,,,,,,,,,,1,1,1,1.0,3
201300046238,0013-07-09 12:35:00,13,7,9,12,35,950,351,RN 104,,,Plein jour,Hors agglomération,Hors intersection,Normale,Deux véhicules - arrière,,,,,,,,,,,1,1,1,1.0,2
201300046239,0013-07-09 16:45:00,13,7,9,16,45,930,27,AUTOROUTE A86,48.9256,2.39692,Plein jour,Hors agglomération,Hors intersection,Normale,Sans collision,,,,,,,,,,,1,1,1,1.0,7
201300046240,0013-07-09 18:44:00,13,7,9,18,44,930,8,AUTOROUTE A86,48.8939,2.47179,Plein jour,Hors agglomération,Hors intersection,Normale,Deux véhicules - arrière,,,,,,,,,,,1,1,1,1.0,2
201300046241,0013-07-10 09:30:00,13,7,10,9,30,930,29,AUTOROUTE A86,48.9188,2.42869,Plein jour,Hors agglomération,Hors intersection,Normale,Deux véhicules - côté,,,,,,,,,,,1,1,1,1.0,3
201300046242,0013-07-10 11:00:00,13,7,10,11,0,930,63,AUTOROUTE A3,48.8785,2.44671,Plein jour,Hors agglomération,Hors intersection,Normale,Deux véhicules - arrière,,,,,,,,,,,1,1,1,1.0,2
201300046243,0013-07-10 14:20:00,13,7,10,14,20,930,5,AUTOROUTE A3,48.9573,2.47324,Plein jour,Hors agglomération,Hors intersection,Normale,Deux véhicules - arrière,,,,,,,,,,,1,1,1,1.0,2
201300046244,0013-07-10 18:00:00,13,7,10,18,0,930,64,AUTOROUTE A86,48.8839,2.46943,Plein jour,Hors agglomération,Hors intersection,Normale,Autre collision,,,,,,,,,,,1,1,1,1.0,6
201300046245,0013-07-11 07:40:00,13,7,11,7,40,930,63,AUTOROUTE A3,48.8809,2.45252,Plein jour,Hors agglomération,Hors intersection,Normale,Deux véhicules - côté,,,,,,,,,,,1,1,1,1.0,3
201300046246,0013-07-11 11:30:00,13,7,11,11,30,930,5,AUTOROUTE A3,48.9463,2.47621,Plein jour,Hors agglomération,Hors intersection,Normale,Deux véhicules - côté,,,,,,,,,,,1,1,1,1.0,3
201300046247,0013-07-11 17:30:00,13,7,11,17,30,930,64,AUTOROUTE A86,48.8839,2.46943,Plein jour,Hors agglomération,Hors intersection,Normale,Sans collision,,,,,,,,,,,1,1,1,1.0,7
201300046248,0013-07-11 07:23:00,13,7,11,7,23,950,582,A15,,,Plein jour,Hors agglomération,Hors intersection,Normale,Autre collision,,,,,,,,,,,1,1,1,1.0,6
201300046249,0013-07-12 10:15:00,13,7,12,10,15,930,10,AUTOROUTE A3,48.8895,2.47391,Plein jour,Hors agglomération,Hors intersection,Normale,Deux véhicules - arrière,,,,,,,,,,,1,1,1,1.0,2
201300046250,0013-07-12 12:15:00,13,7,12,12,15,930,6,AUTOROUTE A3,48.8657,2.41854,Plein jour,Hors agglomération,Hors intersection,Normale,Trois véhicules et plus - collisions multiples,,,,,,,,,,,1,1,1,1.0,5