accident_id,datetime,annee,mois,jour,heure,minute,departement,commune_insee,adresse,latitude,longitude,luminosite,agglomeration,intersection,meteo,collision,nb_vehicules,nb_usagers,nb_indemnes,nb_tues,nb_blesses_hosp,nb_blesses_legers,age_cond_1,age_cond_2,veh_type_cond_1,veh_type_cond_2,lum_code,agg_code,int_code,atm_code,col_code
201300046251,0013-07-13 01:00:00,13,7,13,1,0,930,66,AUTOROUTE A1,48.9303,2.36476,Nuit avec éclairage non allumé,Hors agglomération,Hors intersection,Normale,Sans collision,,,,,,,,,,,4,1,1,1.0,7
201300046252,0013-07-13 09:30:00,13,7,13,9,30,950,42,RN 104,,,Plein jour,Hors agglomération,Hors intersection,Normale,Autre collision,,,,,,,,,,,1,1,1,1.0,6
201300046253,0013-07-13 14:05:00,13,7,13,14,5,950,607,A115,,,Plein jour,Hors agglomération,Hors intersection,Normale,Deux véhicules - arrière,,,,,,,,,,,1,1,1,1.0,2
201300046254,0013-07-13 23:05:00,13,7,13,23,5,950,394,RN 184,,,Nuit avec éclairage non allumé,Hors agglomération,Hors intersection,Normale,Deux véhicules - arrière,,,,,,,,,,,4,1,1,1.0,2
201300046255,0013-07-14 08:15:00,13,7,14,8,15,600,631,AUTOROUTE A1,,,Crépuscule ou aube,Hors agglomération,Hors intersection,Normale,Sans collision,,,,,,,,,,,2,1,1,1.0,7
201300046256,0013-07-14 21:15:00,13,7,14,21,15,930,66,AUTOROUTE A1,48.9079,2.35826,Crépuscule ou aube,Hors agglomération,Hors intersection,Normale,Sans collision,,,,,,,,,,,2,1,1,1.0,7
201300046257,0013-07-16 08:53:00,13,7,16,8,53,950,488,A15,,,Plein jour,Hors agglomération,Hors intersection,Normale,Deux véhicules - côté,,,,,,,,,,,1,1,1,1.0,3
201300046258,0013-07-16 17:00:00,13,7,16,17,0,950,252,A15,,,Plein jour,Hors agglomération,Hors intersection,Normale,Deux véhicules - côté,,,,,,,,,,,1,1,1,1.0,3
201300046259,0013-07-16 17:10:00,13,7,16,17,10,930,66,AUTOROUTE A1,48.928,2.35755,Plein jour,Hors agglomération,Hors intersection,Normale,Autre collision,,,,,,,,,,,1,1,1,1.0,6
201300046260,0013-07-17 18:30:00,13,7,17,18,30,930,6,AUTOROUTE A3,48.8699,2.43032,Plein jour,Hors agglomération,Hors intersection,Normale,Sans collision,,,,,,,,,,,1,1,1,1.0,7
201300046261,0013-07-17 10:10:00,13,7,17,10,10,930,6,AUTOROUTE A3,48.8701,2.4303,Plein jour,Hors agglomération,Hors intersection,Normale,Trois véhicules et plus - en chaîne,,,,,,,,,,,1,1,1,1.0,4
201300046262,0013-07-17 12:10:00,13,7,17,12,10,930,6,AUTOROUTE A3,48.868,2.42761,Plein jour,Hors agglomération,Hors intersection,Normale,Deux véhicules - côté,,,,,,,,,,,1,1,1,1.0,3
201300046263,0013-07-17 16:45:00,13,7,17,16,45,930,8,AUTOROUTE A86,48.9086,2.45013,Plein jour,Hors agglomération,Hors intersection,Normale,Autre collision,,,,,,,,,,,1,1,1,1.0,6
201300046264,0013-07-17 23:30:00,13,7,17,23,30,930,53,AUTOROUTE A3,48.8814,2.45383,Nuit sans éclairage public,Hors agglomération,Hors intersection,Normale,Trois véhicules et plus - en chaîne,,,,,,,,,,,3,1,1,1.0,4
201300046265,0013-07-18 11:00:00,13,7,18,11,0,950,678,RN 184,,,Plein jour,Hors agglomération,Hors intersection,Normale,Deux véhicules - côté,,,,,,,,,,,1,1,1,1.0,3
201300046266,0013-07-19 07:45:00,13,7,19,7,45,950,582,A15,,,Plein jour,Hors agglomération,Hors intersection,Normale,Deux véhicules - côté,,,,,,,,,,,1,1,1,1.0,3
201300046267,0013-07-19 07:40:00,13,7,19,7,40,950,18,A15,,,Plein jour,Hors agglomération,Hors intersection,Normale,Trois véhicules et plus - en chaîne,,,,,,,,,,,1,1,1,1.0,4
201300046268,0013-07-19 14:50:00,13,7,19,14,50,950,277,A104,48.9728,2.4872,Plein jour,Hors agglomération,Hors intersection,Normale,Deux véhicules - côté,,,,,,,,,,,1,1,1,1.0,3
201300046269,0013-07-19 17:45:00,13,7,19,17,45,950,500,A15,,,Plein jour,Hors agglomération,Hors intersection,Normale,Trois véhicules et plus - en chaîne,,,,,,,,,,,1,1,1,1.0,4
201300046270,0013-07-20 04:00:00,13,7,20,4,0,930,53,AUTOROUTE A3,48.8839,2.46134,Nuit avec éclairage non allumé,Hors agglomération,Hors intersection,Normale,Sans collision,,,,,,,,,,,4,1,1,1.0,7
201300046271,0013-07-22 09:40:00,13,7,22,9,40,930,63,AUTOROUTE A3,48.8809,2.45252,Plein jour,Hors agglomération,Hors intersection,Normale,Deux véhicules - côté,,,,,,,,,,,1,1,1,1.0,3
201300046272,0013-07-22 18:00:00,13,7,22,18,0,930,7,AUTOROUTE A1,48.9436,2.436,Plein jour,Hors agglomération,Hors intersection,Normale,Trois véhicules et plus - en chaîne,,,,,,,,,,,1,1,1,1.0,4
201300046273,0013-07-23 09:45:00,13,7,23,9,45,930,64,AUTOROUTE A86,48.8709,2.4822,Plein jour,Hors agglomération,Hors intersection,Normale,Trois véhicules et plus - en chaîne,,,,,,,,,,,1,1,1,1.0,4
201300046274,0013-07-23 21:20:00,13,7,23,21,20,930,53,AUTOROUTE A86,48.8893,2.47362,Nuit sans éclairage public,Hors agglomération,Hors intersection,Normale,Deux véhicules - arrière,,,,,,,,,,,3,1,1,1.0,2
201300046275,0013-07-23 19:00:00,13,7,23,19,0,930,27,AUTOROUTE A86,48.9236,2.38346,Plein jour,Hors agglomération,Hors intersection,Normale,Autre collision,,,,,,,,,,,1,1,1,1.0,6
201300046276,0013-07-23 20:45:00,13,7,23,20,45,930,66,AUTOROUTE A86,48.9221,2.35877,Plein jour,Hors agglomération,Hors intersection,Normale,Deux véhicules - frontale,,,,,,,,,,,1,1,1,1.0,1
201300046277,0013-07-24 08:15:00,13,7,24,8,15,950,604,AUTOROUTE A1,,,Plein jour,Hors agglomération,Hors intersection,Normale,Autre collision,,,,,,,,,,,1,1,1,1.0,6
201300046278,0013-07-24 17:00:00,13,7,24,17,0,950,527,AUTOROUTE A1,,,Plein jour,Hors agglomération,Hors intersection,Normale,Deux véhicules - arrière,,,,,,,,,,,1,1,1,1.0,2
201300046279,0013-07-25 10:00:00,13,7,25,10,0,950,394,ROUTE NATIONALE 184,,,Plein jour,Hors agglomération,Hors intersection,Normale,Sans collision,,,,,,,,,,,1,1,1,1.0,7
201300046280,0013-07-25 12:25:00,13,7,25,12,25,950,582,A15,,,Plein jour,Hors agglomération,Hors intersection,Normale,Deux véhicules - arrière,,,,,,,,,,,1,1,1,1.0,2
201300046281,0013-07-25 12:50:00,13,7,25,12,50,950,582,A15,,,Plein jour,Hors agglomération,Hors intersection,Normale,Deux véhicules - arrière,,,,,,,,,,,1,1,1,1.0,2
201300046282,0013-07-25 13:20:00,13,7,25,13,20,930,66,AUTOROUTE A1,48.9303,2.36536,Plein jour,Hors agglomération,Hors intersection,Normale,Trois véhicules et plus - en chaîne,,,,,,,,,,,1,1,1,1.0,4
201300046283,0013-07-26 10:30:00,13,7,26,10,30,930,64,AUTOROUTE A86,48.8839,2.46943,Plein jour,Hors agglomération,Hors intersection,Normale,Sans collision,,,,,,,,,,,1,1,1,1.0,7
201300046284,0013-07-26 10:00:00,13,7,26,10,0,950,394,A115,,,Plein jour,Hors agglomération,Hors intersection,Normale,Autre collision,,,,,,,,,,,1,1,1,1.0,6
201300046285,0013-07-27 08:00:00,13,7,27,8,0,950,252,A115,,,Crépuscule ou aube,Hors agglomération,Hors intersection,Pluie légère,Deux véhicules - arrière,,,,,,,,,,,2,1,1,2.0,2
201300046286,0013-07-27 09:30:00,13,7,27,9,30,930,27,AUTOROUTE A1,48.9345,2.39758,Plein jour,Hors agglomération,Hors intersection,Normale,Sans collision,,,,,,,,,,,1,1,1,1.0,7
201300046287,0013-07-27 09:35:00,13,7,27,9,35,950,394,A115,,,Plein jour,Hors agglomération,Hors intersection,Normale,Trois véhicules et plus - en chaîne,,,,,,,,,,,1,1,1,1.0,4
201300046288,0013-07-27 10:10:00,13,7,27,10,10,950,394,A 115,,,Plein jour,Hors agglomération,Hors intersection,Normale,Autre collision,,,,,,,,,,,1,1,1,1.0,6
201300046289,0013-07-27 14:50:00,13,7,27,14,50,950,60,A115,,,Plein jour,Hors agglomération,Hors intersection,Normale,Autre collision,,,,,,,,,,,1,1,1,1.0,6
201300046290,0013-07-29 08:45:00,13,7,29,8,45,930,66,AUTOROUTE A1,48.9281,2.35794,Plein jour,Hors agglomération,Hors intersection,Normale,Autre collision,,,,,,,,,,,1,1,1,1.0,6
201300046291,0013-07-29 18:45:00,13,7,29,18,45,950,572,A15,,,Plein jour,Hors agglomération,Hors intersection,Normale,Deux véhicules - arrière,,,,,,,,,,,1,1,1,1.0,2
201300046292,0013-07-30 00:30:00,13,7,30,0,30,950,488,A 15,,,Nuit avec éclairage non allumé,Hors agglomération,Hors intersection,Pluie légère,Autre collision,,,,,,,,,,,4,1,1,2.0,6
201300046293,0013-07-30 12:30:00,13,7,30,12,30,950,277,A 104,48.9728,2.4872,Plein jour,Hors agglomération,Hors intersection,Normale,Autre collision,,,,,,,,,,,1,1,1,1.0,6
201300046294,0013-07-30 16:45:00,13,7,30,16,45,950,488,A15,,,Plein jour,Hors agglomération,Hors intersection,Pluie légère,Sans collision,,,,,,,,,,,1,1,1,2.0,7
201300046295,0013-07-30 17:45:00,13,7,30,17,45,930,8,AUTOROUTE A86,48.9123,2.43767,Plein jour,Hors agglomération,Hors intersection,Normale,Deux véhicules - côté,,,,,,,,,,,1,1,1,1.0,3
201300046296,0013-07-30 21:00:00,13,7,30,21,0,930,5,AUTOROUTE A3,48.9519,2.47409,Crépuscule ou aube,Hors agglomération,Hors intersection,Normale,Deux véhicules - arrière,,,,,,,,,,,2,1,1,1.0,2
201300046297,0013-07-31 15:55:00,13,7,31,15,55,950,252,A15,,,Plein jour,Hors agglomération,Hors intersection,Normale,Trois véhicules et plus - collisions multiples,,,,,,,,,,,1,1,1,1.0,5
201300046298,0013-07-31 18:40:00,13,7,31,18,40,930,63,AUTOROUTE A3,48.8785,2.44671,Plein jour,Hors agglomération,Hors intersection,Normale,Deux véhicules - arrière,,,,,,,,,,,1,1,1,1.0,2
201300046299,0013-07-31 18:20:00,13,7,31,18,20,930,13,AUTOROUTE A1,48.9388,2.41706,Plein jour,Hors agglomération,Hors intersection,Normale,Trois véhicules et plus - en chaîne,,,,,,,,,,,1,1,1,1.0,4
201300046300,0013-12-20 23:45:00,13,12,20,23,45,930,27,AUTOROUTE A1,48.9339,2.38445,Nuit avec éclairage non allumé,Hors agglomération,Hors intersection,Normale,Autre collision,,,,,,,,,,,4,1,1,1.0,6
201300046301,0013-08-01 10:30:00,13,8,1,10,30,920,36,AUTOROUTE A86,,,Plein jour,Hors agglomération,Hors intersection,Normale,Deux véhicules - côté,,,,,,,,,,,1,1,1,1.0,3
201300046302,0013-08-01 15:00:00,13,8,1,15,0,930,5,AUTOROUTE A3,48.951,2.47438,Plein jour,Hors agglomération,Hors intersection,Normale,Deux véhicules - arrière,,,,,,,,,,,1,1,1,1.0,2
201300046303,0013-08-02 14:30:00,13,8,2,14,30,950,241,RN 104,,,Plein jour,Hors agglomération,Hors intersection,Normale,Autre collision,,,,,,,,,,,1,1,1,1.0,6
201300046304,0013-08-02 16:30:00,13,8,2,16,30,930,63,AUTOROUTE A3,48.8747,2.43926,Plein jour,Hors agglomération,Hors intersection,Normale,Trois véhicules et plus - en chaîne,,,,,,,,,,,1,1,1,1.0,4
201300046305,0013-08-02 17:30:00,13,8,2,17,30,930,53,AUTOROUTE A3,48.8837,2.46726,Plein jour,Hors agglomération,Hors intersection,Normale,Autre collision,,,,,,,,,,,1,1,1,1.0,6
201300046306,0013-08-02 19:00:00,13,8,2,19,0,930,66,AUTOROUTE A1,48.9293,2.36153,Plein jour,Hors agglomération,Hors intersection,Normale,Sans collision,,,,,,,,,,,1,1,1,1.0,7
201300046307,0013-08-03 17:05:00,13,8,3,17,5,950,277,A1,,,Plein jour,Hors agglomération,Hors intersection,Normale,Autre collision,,,,,,,,,,,1,1,1,1.0,6
201300046308,0013-08-05 11:15:00,13,8,5,11,15,920,78,AUTOROUTE A86,,,Plein jour,Hors agglomération,Hors intersection,Normale,Autre collision,,,,,,,,,,,1,1,1,1.0,6
201300046309,0013-08-06 04:50:00,13,8,6,4,50,930,78,AUTOROUTE A104,48.9621,2.54609,Nuit sans éclairage public,Hors agglomération,Hors intersection,Normale,Autre collision,,,,,,,,,,,3,1,1,1.0,6
201300046310,0013-08-06 16:00:00,13,8,6,16,0,950,527,A3,,,Plein jour,Hors agglomération,Hors intersection,Normale,Autre collision,,,,,,,,,,,1,1,1,1.0,6
201300046311,0013-08-06 19:55:00,13,8,6,19,55,930,1,AUTOROUTE A86,48.9219,2.37785,Plein jour,Hors agglomération,Hors intersection,Normale,Deux véhicules - côté,,,,,,,,,,,1,1,1,1.0,3
201300046312,0013-08-07 04:20:00,13,8,7,4,20,930,5,AUTOROUTE A1,48.9651,2.47467,Nuit sans éclairage public,Hors agglomération,Hors intersection,Normale,Sans collision,,,,,,,,,,,3,1,1,1.0,7
201300046313,0013-08-07 13:00:00,13,8,7,13,0,950,256,A115,,,Plein jour,Hors agglomération,Hors intersection,Normale,Deux véhicules - côté,,,,,,,,,,,1,1,1,1.0,3
201300046314,0013-08-07 21:50:00,13,8,7,21,50,930,64,AUTOROUTE A103,,,Nuit sans éclairage public,Hors agglomération,Hors intersection,Normale,Sans collision,,,,,,,,,,,3,1,1,1.0,7
201300046315,0013-08-10 04:40:00,13,8,10,4,40,950,607,A115,,,Nuit sans éclairage public,Hors agglomération,Hors intersection,Normale,Autre collision,,,,,,,,,,,3,1,1,1.0,6
201300046316,0013-08-10 23:45:00,13,8,10,23,45,950,252,A115,,,Nuit avec éclairage non allumé,Hors agglomération,Hors intersection,Normale,Deux véhicules - côté,,,,,,,,,,,4,1,1,1.0,3
201300046317,0013-08-12 12:35:00,13,8,12,12,35,930,1,AUTOROUTE A86,48.9208,2.37196,Plein jour,Hors agglomération,Hors intersection,Normale,Deux véhicules - arrière,,,,,,,,,,,1,1,1,1.0,2
201300046318,0013-08-13 16:45:00,13,8,13,16,45,930,53,AUTOROUTE A86,48.8875,2.47427,Plein jour,Hors agglomération,Hors intersection,Normale,Sans collision,,,,,,,,,,,1,1,1,1.0,7
201300046319,0013-08-14 10:50:00,13,8,14,10,50,930,27,AUTOROUTE A86,48.9236,2.38346,Plein jour,Hors agglomération,Hors intersection,Normale,Deux véhicules - côté,,,,,,,,,,,1,1,1,1.0,3
201300046320,0013-08-17 14:00:00,13,8,17,14,0,920,36,AUTOROUTE A15,,,Plein jour,Hors agglomération,Hors intersection,Normale,Autre collision,,,,,,,,,,,1,1,1,1.0,6
201300046321,0013-08-18 03:05:00,13,8,18,3,5,950,277,AUTOROUTE A104,48.9732,2.4901,Nuit avec éclairage non allumé,Hors agglomération,Hors intersection,Pluie légère,Autre collision,,,,,,,,,,,4,1,1,2.0,6
201300046322,0013-08-18 21:40:00,13,8,18,21,40,920,36,AUTOROUTE A15,,,Nuit avec éclairage non allumé,Hors agglomération,Hors intersection,Pluie forte,Autre collision,,,,,,,,,,,4,1,1,3.0,6
201300046323,0013-08-19 07:10:00,13,8,19,7,10,930,5,AUTOROUTE A1,48.9606,2.46797,Plein jour,Hors agglomération,Hors intersection,Normale,Deux véhicules - arrière,,,,,,,,,,,1,1,1,1.0,2
201300046324,0013-08-25 08:15:00,13,8,25,8,15,930,73,AUTOROUTE A104,48.9677,2.56311,Plein jour,Hors agglomération,Hors intersection,Normale,Deux véhicules - arrière,,,,,,,,,,,1,1,1,1.0,2
201300046325,0013-08-20 10:15:00,13,8,20,10,15,920,36,AUTOROUTE A15,,,Plein jour,Hors agglomération,Hors intersection,Normale,Deux véhicules - côté,,,,,,,,,,,1,1,1,1.0,3
201300046326,0013-08-20 10:30:00,13,8,20,10,30,950,572,A15,,,Plein jour,Hors agglomération,Hors intersection,Normale,Sans collision,,,,,,,,,,,1,1,1,1.0,7
201300046327,0013-08-20 13:05:00,13,8,20,13,5,950,252,A15,,,Plein jour,Hors agglomération,Hors intersection,Normale,Autre collision,,,,,,,,,,,1,1,1,1.0,6
201300046328,0013-08-23 18:10:00,13,8,23,18,10,930,78,AUTOROUTE A104,48.9611,2.52518,Plein jour,Hors agglomération,Hors intersection,Normale,Autre collision,,,,,,,,,,,1,1,1,1.0,6
201300046329,0013-08-24 11:16:00,13,8,24,11,16,930,10,AUTOROUTE A3,,,Plein jour,Hors agglomération,Hors intersection,Pluie légère,Autre collision,,,,,,,,,,,1,1,1,2.0,6
201300046330,0013-08-25 03:45:00,13,8,25,3,45,950,306,A15,,,Nuit sans éclairage public,Hors agglomération,Hors intersection,Pluie forte,Deux véhicules - arrière,,,,,,,,,,,3,1,1,3.0,2
201300046331,0013-08-25 10:45:00,13,8,25,10,45,920,36,AUTOROUTE A15,,,Plein jour,Hors agglomération,Hors intersection,Pluie légère,Autre collision,,,,,,,,,,,1,1,1,2.0,6
201300046332,0013-08-25 12:00:00,13,8,25,12,0,930,10,AUTOROUTE A3,48.8895,2.47391,Plein jour,Hors agglomération,Hors intersection,Pluie forte,Trois véhicules et plus - en chaîne,,,,,,,,,,,1,1,1,3.0,4
201300046333,0013-08-25 13:30:00,13,8,25,13,30,950,582,A15,,,Plein jour,Hors agglomération,Hors intersection,Pluie légère,Sans collision,,,,,,,,,,,1,1,1,2.0,7
201300046334,0013-08-25 13:30:00,13,8,25,13,30,930,1,AUTOROUTE A86,48.9209,2.37332,Plein jour,Hors agglomération,Hors intersection,Pluie forte,Deux véhicules - arrière,,,,,,,,,,,1,1,1,3.0,2
201300046335,0013-08-25 13:40:00,13,8,25,13,40,950,582,A15,,,Plein jour,Hors agglomération,Hors intersection,Pluie légère,Deux véhicules - arrière,,,,,,,,,,,1,1,1,2.0,2
201300046336,0013-08-25 14:00:00,13,8,25,14,0,950,582,A15,,,Plein jour,Hors agglomération,Hors intersection,Pluie légère,Deux véhicules - arrière,,,,,,,,,,,1,1,1,2.0,2
201300046337,0013-08-25 16:00:00,13,8,25,16,0,930,1,AUTOROUTE A86,48.9208,2.37196,Plein jour,Hors agglomération,Hors intersection,Pluie forte,Sans collision,,,,,,,,,,,1,1,1,3.0,7
201300046338,0013-08-25 16:30:00,13,8,25,16,30,950,212,AUTOROUTE A1,,,Plein jour,Hors agglomération,Hors intersection,Pluie légère,Autre collision,,,,,,,,,,,1,1,1,2.0,6
201300046339,0013-08-25 17:15:00,13,8,25,17,15,920,78,AUTOROUTE A86,,,Plein jour,Hors agglomération,Hors intersection,Pluie légère,Deux véhicules - arrière,,,,,,,,,,,1,1,1,2.0,2
201300046340,0013-08-25 17:30:00,13,8,25,17,30,950,18,AUTOROUTE A15,,,Plein jour,Hors agglomération,Hors intersection,Pluie légère,Autre collision,,,,,,,,,,,1,1,1,2.0,6
201300046341,0013-08-25 18:00:00,13,8,25,18,0,920,78,AUTOROUTE A86,,,Plein jour,Hors agglomération,Hors intersection,Pluie légère,Sans collision,,,,,,,,,,,1,1,1,2.0,7
201300046342,0013-08-25 18:30:00,13,8,25,18,30,950,394,A115,,,Plein jour,Hors agglomération,Hors intersection,Pluie légère,Deux véhicules - côté,,,,,,,,,,,1,1,1,2.0,3
201300046343,0013-08-25 19:30:00,13,8,25,19,30,950,582,A15,,,Plein jour,Hors agglomération,Hors intersection,Pluie légère,Sans collision,,,,,,,,,,,1,1,1,2.0,7
201300046344,0013-08-25 20:20:00,13,8,25,20,20,950,394,A115,,,Plein jour,Hors agglomération,Hors intersection,Pluie légère,Autre collision,,,,,,,,,,,1,1,1,2.0,6
201300046345,0013-08-25 20:40:00,13,8,25,20,40,930,27,AUTOROUTE A1,48.9372,2.40984,Nuit sans éclairage public,Hors agglomération,Hors intersection,Normale,Autre collision,,,,,,,,,,,3,1,1,1.0,6
201300046346,0013-08-26 13:40:00,13,8,26,13,40,930,7,AUTOROUTE A1,48.9467,2.44198,Plein jour,Hors agglomération,Hors intersection,Normale,Sans collision,,,,,,,,,,,1,1,1,1.0,7
201300046347,0013-08-28 13:40:00,13,8,28,13,40,930,78,AUTOROUTE A104,48.959,2.53523,Plein jour,Hors agglomération,Hors intersection,Normale,Sans collision,,,,,,,,,,,1,1,1,1.0,7
201300046348,0013-08-29 18:30:00,13,8,29,18,30,930,66,AUTOROUTE A86,48.922,2.36417,Plein jour,Hors agglomération,Hors intersection,Normale,Autre collision,,,,,,,,,,,1,1,1,1.0,6
201300046349,0013-08-30 10:00:00,13,8,30,10,0,950,252,AUTOROUTE A15,,,Plein jour,Hors agglomération,Hors intersection,Normale,Trois véhicules et plus - en chaîne,,,,,,,,,,,1,1,1,1.0,4
201300046350,0013-08-30 14:15:00,13,8,30,14,15,930,64,AUTOROUTE A86,48.8839,2.46943,Plein jour,Hors agglomération,Hors intersection,Normale,Trois véhicules et plus - en chaîne,,,,,,,,,,,1,1,1,1.0,4
201300046351,0013-08-31 02:45:00,13,8,31,2,45,930,66,AUTOROUTE A1,48.93,2.3641,Nuit sans éclairage public,Hors agglomération,Hors intersection,Normale,Sans collision,,,,,,,,,,,3,1,1,1.0,7
201300046352,0013-08-31 19:55:00,13,8,31,19,55,930,27,AUTOROUTE A86,48.8723,2.48106,Plein jour,Hors agglomération,Hors intersection,Normale,Deux véhicules - arrière,,,,,,,,,,,1,1,1,1.0,2
201300046353,0013-09-01 17:20:00,13,9,1,17,20,930,6,AUTOROUTE A3,48.8669,2.42545,Plein jour,Hors agglomération,Hors intersection,Normale,Trois véhicules et plus - en chaîne,,,,,,,,,,,1,1,1,1.0,4
201300046354,0013-09-01 20:35:00,13,9,1,20,35,950,424,AUTOROUTE A15,,,Nuit sans éclairage public,Hors agglomération,Hors intersection,Normale,Autre collision,,,,,,,,,,,3,1,1,1.0,6
201300046355,0013-09-02 07:00:00,13,9,2,7,0,930,66,AUTOROUTE A1,48.9103,2.35806,Crépuscule ou aube,Hors agglomération,Hors intersection,Normale,Trois véhicules et plus - en chaîne,,,,,,,,,,,2,1,1,1.0,4
201300046356,0013-09-02 07:00:00,13,9,2,7,0,950,678,ROUTE NATIONALE 184,,,Crépuscule ou aube,Hors agglomération,Hors intersection,Normale,Deux véhicules - arrière,,,,,,,,,,,2,1,1,1.0,2
201300046357,0013-09-02 12:00:00,13,9,2,12,0,930,8,AUTOROUTE A86,48.8986,2.46958,Plein jour,Hors agglomération,Hors intersection,Normale,Deux véhicules - arrière,,,,,,,,,,,1,1,1,1.0,2
201300046358,0013-09-02 12:50:00,13,9,2,12,50,930,63,AUTOROUTE A3,48.88,2.4502,Plein jour,Hors agglomération,Hors intersection,Normale,Deux véhicules - arrière,,,,,,,,,,,1,1,1,1.0,2
201300046359,0013-09-03 03:00:00,13,9,3,3,0,930,5,AUTOROUTE A1,48.9606,2.46797,Nuit avec éclairage non allumé,Hors agglomération,Hors intersection,Normale,Autre collision,,,,,,,,,,,4,1,1,1.0,6
201300046360,0013-09-03 08:47:00,13,9,3,8,47,950,18,AUTOROUTE A15,,,Plein jour,Hors agglomération,Hors intersection,Normale,Sans collision,,,,,,,,,,,1,1,1,1.0,7
201300046361,0013-09-03 16:00:00,13,9,3,16,0,930,53,AUTOROUTE A3,48.8815,2.45406,Plein jour,Hors agglomération,Hors intersection,Normale,Autre collision,,,,,,,,,,,1,1,1,1.0,6
201300046362,0013-09-03 18:45:00,13,9,3,18,45,930,10,AUTOROUTE A3,48.8893,2.47381,Plein jour,Hors agglomération,Hors intersection,Normale,Trois véhicules et plus - en chaîne,,,,,,,,,,,1,1,1,1.0,4
201300046363,0013-09-04 01:30:00,13,9,4,1,30,930,5,AUTOROUTE A3,,,Nuit sans éclairage public,Hors agglomération,Hors intersection,Normale,Sans collision,,,,,,,,,,,3,1,1,1.0,7
201300046364,0013-09-04 09:15:00,13,9,4,9,15,600,494,AUTOROUTE A1,,,Plein jour,Hors agglomération,Hors intersection,Normale,Sans collision,,,,,,,,,,,1,1,1,1.0,7
201300046365,0013-09-04 08:15:00,13,9,4,8,15,950,42,RN 104,,,Plein jour,Hors agglomération,Hors intersection,Normale,Autre collision,,,,,,,,,,,1,1,1,1.0,6
201300046366,0013-09-04 18:20:00,13,9,4,18,20,950,218,AUTOROUTE A15,,,Plein jour,Hors agglomération,Hors intersection,Normale,Deux véhicules - arrière,,,,,,,,,,,1,1,1,1.0,2
201300046367,0013-09-05 15:39:00,13,9,5,15,39,930,66,AUTOROUTE A1,48.9193,2.35757,Plein jour,Hors agglomération,Hors intersection,Normale,Trois véhicules et plus - en chaîne,,,,,,,,,,,1,1,1,1.0,4
201300046368,0013-09-05 17:45:00,13,9,5,17,45,930,8,AUTOROUTE A86,48.8989,2.46927,Plein jour,Hors agglomération,Hors intersection,Normale,Deux véhicules - côté,,,,,,,,,,,1,1,1,1.0,3
201300046369,0013-09-06 11:00:00,13,9,6,11,0,930,27,AUTOROUTE A1,48.9345,2.39758,Plein jour,Hors agglomération,Hors intersection,Normale,Autre collision,,,,,,,,,,,1,1,1,1.0,6
201300046370,0013-09-06 11:15:00,13,9,6,11,15,950,18,AUTOROUTE A15,,,Plein jour,Hors agglomération,Hors intersection,Pluie forte,Sans collision,,,,,,,,,,,1,1,1,3.0,7
201300046371,0013-09-06 12:00:00,13,9,6,12,0,950,527,AUTOROUTE A3,,,Plein jour,Hors agglomération,Hors intersection,Pluie forte,Autre collision,,,,,,,,,,,1,1,1,3.0,6
201300046372,0013-09-06 12:58:00,13,9,6,12,58,950,527,AUTOROUTE A3,,,Plein jour,Hors agglomération,Hors intersection,Pluie forte,Autre collision,,,,,,,,,,,1,1,1,3.0,6
201300046373,0013-09-06 16:40:00,13,9,6,16,40,930,8,AUTOROUTE A86,48.9086,2.45013,Plein jour,Hors agglomération,Hors intersection,Normale,Trois véhicules et plus - collisions multiples,,,,,,,,,,,1,1,1,1.0,5
201300046374,0013-09-07 05:35:00,13,9,7,5,35,950,351,RN 104,,,Crépuscule ou aube,Hors agglomération,Hors intersection,Normale,Trois véhicules et plus - en chaîne,,,,,,,,,,,2,1,1,1.0,4
201300046375,0013-09-07 06:00:00,13,9,7,6,0,930,27,AUTOROUTE A1,48.9345,2.39693,Nuit sans éclairage public,Hors agglomération,Hors intersection,Normale,Autre collision,,,,,,,,,,,3,1,1,1.0,6
201300046376,0013-09-08 16:55:00,13,9,8,16,55,930,5,AUTOROUTE A3,48.9472,2.47579,Plein jour,Hors agglomération,Hors intersection,Normale,Autre collision,,,,,,,,,,,1,1,1,1.0,6
201300046377,0013-09-08 16:55:00,13,9,8,16,55,930,66,AUTOROUTE A1,48.9238,2.35723,Plein jour,Hors agglomération,Hors intersection,Normale,Trois véhicules et plus - en chaîne,,,,,,,,,,,1,1,1,1.0,4
201300046378,0013-09-08 19:45:00,13,9,8,19,45,950,277,AUTOROUTE A1,,,Plein jour,Hors agglomération,Hors intersection,Normale,Deux véhicules - arrière,,,,,,,,,,,1,1,1,1.0,2
201300046379,0013-09-08 21:20:00,13,9,8,21,20,950,252,AUTOROUTE A15,,,Nuit avec éclairage non allumé,Hors agglomération,Hors intersection,Normale,Deux véhicules - arrière,,,,,,,,,,,4,1,1,1.0,2
201300046380,0013-09-19 12:00:00,13,9,19,12,0,950,572,ROUTE NATIONALE 184,,,Plein jour,Hors agglomération,Hors intersection,Normale,Autre collision,,,,,,,,,,,1,1,1,1.0,6
201300046381,0013-09-09 10:50:00,13,9,9,10,50,950,256,ROUTE NATIONALE 184,,,Plein jour,Hors agglomération,Hors intersection,Pluie légère,Autre collision,,,,,,,,,,,1,1,1,2.0,6
201300046382,0013-09-09 18:45:00,13,9,9,18,45,950,218,AUTOROUTE A15,,,Plein jour,Hors agglomération,Hors intersection,Pluie légère,Sans collision,,,,,,,,,,,1,1,1,2.0,7