accident_id,datetime,annee,mois,jour,heure,minute,departement,commune_insee,adresse,latitude,longitude,luminosite,agglomeration,intersection,meteo,collision,nb_vehicules,nb_usagers,nb_indemnes,nb_tues,nb_blesses_hosp,nb_blesses_legers,age_cond_1,age_cond_2,veh_type_cond_1,veh_type_cond_2,lum_code,agg_code,int_code,atm_code,col_code
201300046637,0013-11-19 06:45:00,13,11,19,6,45,950,18,AUTOROUTE A15,,,Nuit sans éclairage public,Hors agglomération,Hors intersection,Normale,Deux véhicules - côté,,,,,,,,,,,3,1,1,1.0,3
201300046638,0013-11-19 08:30:00,13,11,19,8,30,930,64,AUTOROUTE A86,48.8866,2.47381,Plein jour,Hors agglomération,Hors intersection,Pluie légère,Autre collision,,,,,,,,,,,1,1,1,2.0,6
201300046639,0013-11-20 08:00:00,13,11,20,8,0,930,64,AUTOROUTE A86,48.8682,2.482,Crépuscule ou aube,Hors agglomération,Hors intersection,Normale,Deux véhicules - côté,,,,,,,,,,,2,1,1,1.0,3
201300046640,0013-11-20 08:50:00,13,11,20,8,50,950,306,AUTOROUTE A15,,,Plein jour,Hors agglomération,Hors intersection,Normale,Autre collision,,,,,,,,,,,1,1,1,1.0,6
201300046641,0013-11-20 10:00:00,13,11,20,10,0,930,66,AUTOROUTE A1,48.9287,2.35897,Plein jour,Hors agglomération,Hors intersection,Normale,Autre collision,,,,,,,,,,,1,1,1,1.0,6
201300046642,0013-11-20 18:00:00,13,11,20,18,0,930,13,AUTOROUTE A1,48.9428,2.43374,Plein jour,Hors agglomération,Hors intersection,Pluie forte,Autre collision,,,,,,,,,,,1,1,1,3.0,6
201300046643,0013-11-21 06:40:00,13,11,21,6,40,950,42,RN 104,,,Plein jour,Hors agglomération,Hors intersection,Normale,Deux véhicules - arrière,,,,,,,,,,,1,1,1,1.0,2
201300046644,0013-11-21 06:30:00,13,11,21,6,30,930,78,AUTOROUTE A104,48.9582,2.53141,Nuit sans éclairage public,Hors agglomération,Hors intersection,Temps couvert,Deux véhicules - arrière,,,,,,,,,,,3,1,1,8.0,2
201300046645,0013-11-21 17:30:00,13,11,21,17,30,950,365,RN 104,,,Plein jour,Hors agglomération,Hors intersection,Normale,Deux véhicules - arrière,,,,,,,,,,,1,1,1,1.0,2
201300046646,0013-11-21 21:45:00,13,11,21,21,45,950,18,AUTOROUTE A15,,,Nuit sans éclairage public,Hors agglomération,Hors intersection,Normale,Sans collision,,,,,,,,,,,3,1,1,1.0,7
201300046647,0013-11-22 14:10:00,13,11,22,14,10,930,8,AUTOROUTE A86,48.8989,2.46927,Plein jour,Hors agglomération,Hors intersection,Normale,Trois véhicules et plus - collisions multiples,,,,,,,,,,,1,1,1,1.0,5
201300046648,0013-11-23 23:20:00,13,11,23,23,20,930,66,AUTOROUTE A1,48.93,2.3641,Nuit sans éclairage public,Hors agglomération,Hors intersection,Normale,Trois véhicules et plus - collisions multiples,,,,,,,,,,,3,1,1,1.0,5
201300046649,0013-11-24 00:45:00,13,11,24,0,45,930,66,AUTOROUTE A1,48.9175,2.35768,Nuit avec éclairage allumé,Hors agglomération,Hors intersection,Normale,Deux véhicules - arrière,,,,,,,,,,,5,1,1,1.0,2
201300046650,0013-11-24 03:25:00,13,11,24,3,25,930,63,AUTOROUTE A3,48.881,2.45292,Nuit avec éclairage non allumé,Hors agglomération,Hors intersection,Normale,Deux véhicules - arrière,,,,,,,,,,,4,1,1,1.0,2
201300046651,0013-11-24 11:30:00,13,11,24,11,30,950,18,AUTOROUTE A15,,,Plein jour,Hors agglomération,Hors intersection,Normale,Sans collision,,,,,,,,,,,1,1,1,1.0,7
201300046652,0013-11-24 16:00:00,13,11,24,16,0,930,53,AUTOROUTE A3,48.8839,2.46502,Plein jour,Hors agglomération,Hors intersection,Normale,Trois véhicules et plus - collisions multiples,,,,,,,,,,,1,1,1,1.0,5
201300046653,0013-11-24 18:15:00,13,11,24,18,15,930,10,AUTOROUTE A3,48.8866,2.47348,Nuit sans éclairage public,Hors agglomération,Hors intersection,Normale,Deux véhicules - arrière,,,,,,,,,,,3,1,1,1.0,2
201300046654,0013-11-24 22:35:00,13,11,24,22,35,930,27,AUTOROUTE A1,48.9346,2.3973,Nuit avec éclairage non allumé,Hors agglomération,Autre intersection,Normale,Deux véhicules - arrière,,,,,,,,,,,4,1,9,1.0,2
201300046655,0013-11-26 10:45:00,13,11,26,10,45,920,36,AUTOROUTE A15,,,Plein jour,Hors agglomération,Hors intersection,Normale,Deux véhicules - arrière,,,,,,,,,,,1,1,1,1.0,2
201300046656,0013-11-26 14:00:00,13,11,26,14,0,950,527,AUTOROUTE A3,,,Plein jour,Hors agglomération,Hors intersection,Normale,Deux véhicules - côté,,,,,,,,,,,1,1,1,1.0,3
201300046657,0013-11-27 07:15:00,13,11,27,7,15,930,6,AUTOROUTE A3,48.866,2.41584,Crépuscule ou aube,Hors agglomération,Hors intersection,Normale,Deux véhicules - arrière,,,,,,,,,,,2,1,1,1.0,2
201300046658,0013-11-27 16:45:00,13,11,27,16,45,930,53,AUTOROUTE A3,48.8838,2.46682,Plein jour,Hors agglomération,Hors intersection,Normale,Deux véhicules - côté,,,,,,,,,,,1,1,1,1.0,3
201300046659,0013-11-28 09:00:00,13,11,28,9,0,950,394,AUTOROUTE A115,,,Plein jour,Hors agglomération,Hors intersection,Normale,Deux véhicules - arrière,,,,,,,,,,,1,1,1,1.0,2
201300046660,0013-11-28 09:00:00,13,11,28,9,0,950,18,AUTOROUTE A15,,,Plein jour,Hors agglomération,Hors intersection,Normale,Sans collision,,,,,,,,,,,1,1,1,1.0,7
201300046661,0013-11-28 15:15:00,13,11,28,15,15,950,527,AUTOROUTE A1,,,Plein jour,Hors agglomération,Hors intersection,Normale,Autre collision,,,,,,,,,,,1,1,1,1.0,6
201300046662,0013-11-28 15:45:00,13,11,28,15,45,930,53,AUTOROUTE A3,48.8838,2.46682,Plein jour,Hors agglomération,Hors intersection,Normale,Autre collision,,,,,,,,,,,1,1,1,1.0,6
201300046663,0013-11-28 18:30:00,13,11,28,18,30,930,1,AUTOROUTE A86,48.9217,2.36558,Nuit sans éclairage public,Hors agglomération,Hors intersection,Pluie légère,Deux véhicules - arrière,,,,,,,,,,,3,1,1,2.0,2
201300046664,0013-11-20 18:30:00,13,11,20,18,30,950,527,AUTOROUTE A3,,,Nuit sans éclairage public,Hors agglomération,Hors intersection,Normale,Deux véhicules - côté,,,,,,,,,,,3,1,1,1.0,3
201300046665,0013-11-28 19:20:00,13,11,28,19,20,930,66,AUTOROUTE A1,48.9225,2.35711,Nuit sans éclairage public,Hors agglomération,Hors intersection,Normale,Deux véhicules - côté,,,,,,,,,,,3,1,1,1.0,3
201300046666,0013-11-28 19:30:00,13,11,28,19,30,930,10,AUTOROUTE A3,48.8897,2.47385,Nuit sans éclairage public,Hors agglomération,Hors intersection,Normale,Sans collision,,,,,,,,,,,3,1,1,1.0,7
201300046667,0013-11-28 20:10:00,13,11,28,20,10,950,582,AUTOROUTE A15,,,Nuit sans éclairage public,Hors agglomération,Hors intersection,Normale,Deux véhicules - arrière,,,,,,,,,,,3,1,1,1.0,2
201300046668,0013-11-29 07:15:00,13,11,29,7,15,930,10,AUTOROUTE A86,48.8955,2.47053,Nuit avec éclairage non allumé,Hors agglomération,Hors intersection,Normale,Deux véhicules - côté,,,,,,,,,,,4,1,1,1.0,3
201300046669,0013-11-29 16:30:00,13,11,29,16,30,930,53,AUTOROUTE A3,48.8835,2.45834,Crépuscule ou aube,Hors agglomération,Hors intersection,Pluie légère,Autre collision,,,,,,,,,,,2,1,1,2.0,6
201300046670,0013-11-29 21:30:00,13,11,29,21,30,950,18,AUTOROUTE A15,,,Nuit avec éclairage non allumé,Hors agglomération,Hors intersection,Normale,Deux véhicules - arrière,,,,,,,,,,,4,1,1,1.0,2
201300046671,0013-11-29 23:20:00,13,11,29,23,20,930,66,AUTOROUTE A1,48.9238,2.35723,Nuit avec éclairage non allumé,Hors agglomération,Hors intersection,Normale,Sans collision,,,,,,,,,,,4,1,1,1.0,7
201300046672,0013-11-30 05:30:00,13,11,30,5,30,930,66,AUTOROUTE A1,48.9157,2.35783,Nuit avec éclairage allumé,Hors agglomération,Hors intersection,Normale,Deux véhicules - arrière,,,,,,,,,,,5,1,1,1.0,2
201300046673,0013-12-02 12:00:00,13,12,2,12,0,930,64,AUTOROUTE A86,48.8784,2.47678,Plein jour,Hors agglomération,Hors intersection,Normale,Trois véhicules et plus - collisions multiples,,,,,,,,,,,1,1,1,1.0,5
201300046674,0013-12-03 06:45:00,13,12,3,6,45,930,66,AUTOROUTE A1,48.9061,2.35836,Nuit sans éclairage public,Hors agglomération,Hors intersection,Normale,Trois véhicules et plus - en chaîne,,,,,,,,,,,3,1,1,1.0,4
201300046675,0013-12-03 21:05:00,13,12,3,21,5,930,10,AUTOROUTE A86,48.8922,2.47263,Nuit sans éclairage public,Hors agglomération,Hors intersection,Normale,Autre collision,,,,,,,,,,,3,1,1,1.0,6
201300046676,0013-12-04 07:45:00,13,12,4,7,45,930,53,AUTOROUTE A3,48.8838,2.46682,Crépuscule ou aube,Hors agglomération,Hors intersection,Normale,Deux véhicules - côté,,,,,,,,,,,2,1,1,1.0,3
201300046677,0013-12-04 09:10:00,13,12,4,9,10,950,582,AUTOROUTE A15,,,Plein jour,Hors agglomération,Hors intersection,Normale,Deux véhicules - côté,,,,,,,,,,,1,1,1,1.0,3
201300046678,0013-12-05 14:45:00,13,12,5,14,45,950,277,AUTOROUTE A1,,,Plein jour,Hors agglomération,Hors intersection,Normale,Deux véhicules - côté,,,,,,,,,,,1,1,1,1.0,3
201300046679,0013-12-05 18:45:00,13,12,5,18,45,930,64,AUTOROUTE A86,48.8867,2.47349,Plein jour,Hors agglomération,Hors intersection,Normale,Trois véhicules et plus - en chaîne,,,,,,,,,,,1,1,1,1.0,4
201300046680,0013-12-07 09:38:00,13,12,7,9,38,950,394,AUTOROUTE A115,,,Plein jour,Hors agglomération,Hors intersection,Pluie légère,Autre collision,,,,,,,,,,,1,1,1,2.0,6
201300046681,0013-12-07 18:45:00,13,12,7,18,45,930,13,AUTOROUTE A1,48.939,2.4174,Nuit sans éclairage public,Hors agglomération,Hors intersection,Normale,Deux véhicules - arrière,,,,,,,,,,,3,1,1,1.0,2
201300046682,0013-12-07 20:20:00,13,12,7,20,20,950,394,ROUTE NATIONALE 184,,,Nuit sans éclairage public,Hors agglomération,Hors intersection,Normale,Autre collision,,,,,,,,,,,3,1,1,1.0,6
201300046683,0013-12-07 20:45:00,13,12,7,20,45,950,60,AUTOROUTE A115,,,Nuit sans éclairage public,Hors agglomération,Hors intersection,Normale,Sans collision,,,,,,,,,,,3,1,1,1.0,7
201300046684,0013-12-09 07:15:00,13,12,9,7,15,950,18,AUTOROUTE A15,,,Crépuscule ou aube,Hors agglomération,Hors intersection,Normale,Autre collision,,,,,,,,,,,2,1,1,1.0,6
201300046685,0013-12-06 20:00:00,13,12,6,20,0,930,6,AUTOROUTE A3,48.865,2.41607,Nuit sans éclairage public,Hors agglomération,Hors intersection,Normale,Deux véhicules - arrière,,,,,,,,,,,3,1,1,1.0,2
201300046686,0013-12-09 11:40:00,13,12,9,11,40,950,572,ROUTE NATIONALE 184,,,Plein jour,Hors agglomération,Hors intersection,Normale,Deux véhicules - côté,,,,,,,,,,,1,1,1,1.0,3
201300046687,0013-12-09 12:45:00,13,12,9,12,45,930,66,AUTOROUTE A1,48.9238,2.35723,Plein jour,Hors agglomération,Hors intersection,Normale,Deux véhicules - arrière,,,,,,,,,,,1,1,1,1.0,2
201300046688,0013-12-09 13:30:00,13,12,9,13,30,930,66,AUTOROUTE A1,48.9103,2.35824,Plein jour,Hors agglomération,Hors intersection,Normale,Trois véhicules et plus - collisions multiples,,,,,,,,,,,1,1,1,1.0,5
201300046689,0013-12-10 06:00:00,13,12,10,6,0,920,36,AUTOROUTE A15,,,Crépuscule ou aube,Hors agglomération,Hors intersection,Normale,Deux véhicules - côté,,,,,,,,,,,2,1,1,1.0,3
201300046690,0013-12-10 07:35:00,13,12,10,7,35,950,219,AUTOROUTE A115,,,Plein jour,Hors agglomération,Hors intersection,Normale,Deux véhicules - côté,,,,,,,,,,,1,1,1,1.0,3
201300046691,0013-12-10 09:45:00,13,12,10,9,45,950,488,AUTOROUTE A15,,,Plein jour,Hors agglomération,Hors intersection,Normale,Deux véhicules - arrière,,,,,,,,,,,1,1,1,1.0,2
201300046692,0013-12-11 06:20:00,13,12,11,6,20,920,36,AUTOROUTE A15,,,Nuit sans éclairage public,Hors agglomération,Hors intersection,Normale,Trois véhicules et plus - en chaîne,,,,,,,,,,,3,1,1,1.0,4
201300046693,0013-12-11 08:15:00,13,12,11,8,15,930,5,AUTOROUTE A3,48.9591,2.47329,Crépuscule ou aube,Hors agglomération,Hors intersection,Normale,Deux véhicules - côté,,,,,,,,,,,2,1,1,1.0,3
201300046694,0013-12-11 12:00:00,13,12,11,12,0,950,277,AUTOROUTE A3,,,Plein jour,Hors agglomération,Hors intersection,Normale,Trois véhicules et plus - en chaîne,,,,,,,,,,,1,1,1,1.0,4
201300046695,0013-12-12 09:20:00,13,12,12,9,20,950,277,AUTOROUTE A104,48.9739,2.4877,Plein jour,Hors agglomération,Hors intersection,Normale,Deux véhicules - arrière,,,,,,,,,,,1,1,1,1.0,2
201300046696,0013-12-12 10:20:00,13,12,12,10,20,930,64,AUTOROUTE A86,48.8809,2.47506,Plein jour,Hors agglomération,Hors intersection,Normale,Trois véhicules et plus - collisions multiples,,,,,,,,,,,1,1,1,1.0,5
201300046697,0013-12-12 18:15:00,13,12,12,18,15,920,36,AUTOROUTE A86,,,Nuit sans éclairage public,Hors agglomération,Hors intersection,Normale,Deux véhicules - côté,,,,,,,,,,,3,1,1,1.0,3
201300046698,0013-12-12 20:50:00,13,12,12,20,50,930,53,AUTOROUTE A103,48.91,2.35825,Nuit avec éclairage non allumé,Hors agglomération,Hors intersection,Normale,Deux véhicules - arrière,,,,,,,,,,,4,1,1,1.0,2
201300046699,0013-12-13 11:00:00,13,12,13,11,0,920,36,AUTOROUTE A15,,,Plein jour,Hors agglomération,Hors intersection,Normale,Deux véhicules - arrière,,,,,,,,,,,1,1,1,1.0,2
201300046700,0013-12-14 01:55:00,13,12,14,1,55,950,42,RN 104,,,Nuit sans éclairage public,Hors agglomération,Hors intersection,Pluie légère,Autre collision,,,,,,,,,,,3,1,1,2.0,6
201300046701,0013-12-14 11:00:00,13,12,14,11,0,930,66,AUTOROUTE A1,48.9317,2.37055,Plein jour,Hors agglomération,Hors intersection,Normale,Autre collision,,,,,,,,,,,1,1,1,1.0,6
201300046702,0013-12-14 12:20:00,13,12,14,12,20,930,64,AUTOROUTE A103,48.8867,2.47932,Plein jour,Hors agglomération,Hors intersection,Normale,Sans collision,,,,,,,,,,,1,1,1,1.0,7
201300046703,0013-12-14 16:00:00,13,12,14,16,0,930,48,AUTOROUTE A3,48.872,2.43323,Plein jour,Hors agglomération,Hors intersection,Normale,Deux véhicules - arrière,,,,,,,,,,,1,1,1,1.0,2
201300046704,0013-12-14 21:45:00,13,12,14,21,45,950,203,BD INTERCOMUNAL PARISIS,48.9773,2.2866,Crépuscule ou aube,Hors agglomération,Hors intersection,Normale,Autre collision,,,,,,,,,,,2,1,1,1.0,6
201300046705,0013-12-16 08:45:00,13,12,16,8,45,930,64,AUTOROUTE A86,48.8723,2.48106,Plein jour,Hors agglomération,Hors intersection,Normale,Autre collision,,,,,,,,,,,1,1,1,1.0,6
201300046706,0013-12-16 20:00:00,13,12,16,20,0,930,78,AUTOROUTE A104,48.9604,2.52598,Nuit sans éclairage public,Hors agglomération,Hors intersection,Normale,Autre collision,,,,,,,,,,,3,1,1,1.0,6
201300046707,0013-12-16 22:00:00,13,12,16,22,0,920,78,AUTOROUTE A86,,,Nuit sans éclairage public,Hors agglomération,Hors intersection,Normale,Autre collision,,,,,,,,,,,3,1,1,1.0,6
201300046708,0013-12-18 11:00:00,13,12,18,11,0,930,66,AUTOROUTE A1,48.9256,2.35703,Plein jour,Hors agglomération,Hors intersection,Normale,Deux véhicules - côté,,,,,,,,,,,1,1,1,1.0,3
201300046709,0013-12-18 13:00:00,13,12,18,13,0,930,27,AUTOROUTE A86,48.9282,2.41686,Plein jour,Hors agglomération,Hors intersection,Normale,Deux véhicules - côté,,,,,,,,,,,1,1,1,1.0,3
201300046710,0013-12-18 18:00:00,13,12,18,18,0,950,675,AUTOROUTE A1,,,Nuit sans éclairage public,Hors agglomération,Hors intersection,Normale,Trois véhicules et plus - en chaîne,,,,,,,,,,,3,1,1,1.0,4
201300046711,0013-12-18 20:45:00,13,12,18,20,45,930,66,AUTOROUTE A1,48.919,2.35742,Nuit avec éclairage non allumé,Hors agglomération,Hors intersection,Normale,Trois véhicules et plus - en chaîne,,,,,,,,,,,4,1,1,1.0,4
201300046712,0013-12-19 08:15:00,13,12,19,8,15,950,488,AUTOROUTE A15,,,Crépuscule ou aube,Hors agglomération,Hors intersection,Pluie légère,Trois véhicules et plus - en chaîne,,,,,,,,,,,2,1,1,2.0,4
201300046713,0013-12-19 08:45:00,13,12,19,8,45,950,212,RN 104,,,Plein jour,Hors agglomération,Hors intersection,Normale,Trois véhicules et plus - en chaîne,,,,,,,,,,,1,1,1,1.0,4
201300046714,0013-12-19 08:30:00,13,12,19,8,30,950,176,AUTOROUTE A15,,,Plein jour,Hors agglomération,Hors intersection,Normale,Deux véhicules - arrière,,,,,,,,,,,1,1,1,1.0,2
201300046715,0013-12-19 15:00:00,13,12,19,15,0,930,64,AUTOROUTE A103,48.8868,2.47723,Plein jour,Hors agglomération,Hors intersection,Normale,Sans collision,,,,,,,,,,,1,1,1,1.0,7
201300046716,0013-12-19 19:50:00,13,12,19,19,50,930,7,AUTOROUTE A3,48.9319,2.48086,Nuit sans éclairage public,Hors agglomération,Hors intersection,Normale,Sans collision,,,,,,,,,,,3,1,1,1.0,7
201300046717,0013-12-20 12:40:00,13,12,20,12,40,930,64,AUTOROUTE A3,48.8839,2.46681,Plein jour,Hors agglomération,Hors intersection,Normale,Trois véhicules et plus - en chaîne,,,,,,,,,,,1,1,1,1.0,4
201300046718,0013-12-22 05:10:00,13,12,22,5,10,930,1,AUTOROUTE A86,48.9217,2.37721,Nuit avec éclairage allumé,Hors agglomération,Hors intersection,Pluie légère,Deux véhicules - arrière,,,,,,,,,,,5,1,1,2.0,2
201300046719,0013-12-22 10:00:00,13,12,22,10,0,950,527,AUTOROUTE A1,,,Plein jour,Hors agglomération,Hors intersection,Pluie légère,Autre collision,,,,,,,,,,,1,1,1,2.0,6
201300046720,0013-12-22 12:00:00,13,12,22,12,0,950,394,AUTOROUTE A115,,,Plein jour,Hors agglomération,Hors intersection,Pluie légère,Autre collision,,,,,,,,,,,1,1,1,2.0,6
201300046721,0013-12-22 14:45:00,13,12,22,14,45,950,277,AUTOROUTE A104,48.9731,2.4879,Plein jour,Hors agglomération,Hors intersection,Normale,Autre collision,,,,,,,,,,,1,1,1,1.0,6
201300046722,0013-12-22 16:40:00,13,12,22,16,40,950,394,ROUTE NATIONALE 184,,,Plein jour,Hors agglomération,Hors intersection,Normale,Sans collision,,,,,,,,,,,1,1,1,1.0,7
201300046723,0013-12-22 19:35:00,13,12,22,19,35,950,527,AUTOROUTE A3,,,Nuit sans éclairage public,Hors agglomération,Hors intersection,Normale,Deux véhicules - arrière,,,,,,,,,,,3,1,1,1.0,2
201300046724,0013-12-23 22:00:00,13,12,23,22,0,930,78,AUTOROUTE A104,48.9644,2.51991,Nuit avec éclairage non allumé,Hors agglomération,Hors intersection,Normale,Autre collision,,,,,,,,,,,4,1,1,1.0,6
201300046725,0013-12-22 22:35:00,13,12,22,22,35,930,5,AUTOROUTE A3,48.9647,2.47429,Nuit sans éclairage public,Hors agglomération,Hors intersection,Normale,Autre collision,,,,,,,,,,,3,1,1,1.0,6
201300046726,0013-12-23 23:00:00,13,12,23,23,0,930,27,AUTOROUTE A1,48.9345,2.39758,Nuit avec éclairage non allumé,Hors agglomération,Hors intersection,Normale,Autre collision,,,,,,,,,,,4,1,1,1.0,6
201300046727,0013-12-23 01:05:00,13,12,23,1,5,950,527,AUTOROUTE A3,,,Nuit sans éclairage public,Hors agglomération,Hors intersection,Normale,Deux véhicules - arrière,,,,,,,,,,,3,1,1,1.0,2
201300046728,0013-12-24 08:00:00,13,12,24,8,0,950,394,AUTOROUTE A115,,,Crépuscule ou aube,Hors agglomération,Hors intersection,Pluie légère,Deux véhicules - arrière,,,,,,,,,,,2,1,1,2.0,2
201300046729,0013-12-24 12:20:00,13,12,24,12,20,930,66,AUTOROUTE A1,48.9317,2.37055,Plein jour,Hors agglomération,Hors intersection,Pluie légère,Autre collision,,,,,,,,,,,1,1,1,2.0,6
201300046730,0013-12-24 13:20:00,13,12,24,13,20,930,27,AUTOROUTE A86,48.9283,2.41258,Plein jour,Hors agglomération,Hors intersection,Pluie légère,Autre collision,,,,,,,,,,,1,1,1,2.0,6
201300046731,0013-12-24 22:00:00,13,12,24,22,0,930,27,AUTOROUTE A86,48.9234,2.38362,Nuit sans éclairage public,Hors agglomération,Hors intersection,Pluie forte,Sans collision,,,,,,,,,,,3,1,1,3.0,7
201300046732,0013-12-25 04:30:00,13,12,25,4,30,930,64,AUTOROUTE A86,48.8836,2.47155,Nuit sans éclairage public,Hors agglomération,Hors intersection,Normale,Deux véhicules - arrière,,,,,,,,,,,3,1,1,1.0,2
201300046733,0013-12-25 20:00:00,13,12,25,20,0,930,10,AUTOROUTE A3,48.8893,2.47381,Nuit sans éclairage public,Hors agglomération,Hors intersection,Pluie légère,Trois véhicules et plus - en chaîne,,,,,,,,,,,3,1,1,2.0,4
201300046734,0013-12-26 15:40:00,13,12,26,15,40,930,27,AUTOROUTE A86,48.9284,2.41555,Plein jour,Hors agglomération,Hors intersection,Normale,Deux véhicules - arrière,,,,,,,,,,,1,1,1,1.0,2
201300046735,0013-12-26 18:40:00,13,12,26,18,40,930,27,AUTOROUTE A86,48.9263,2.4215,Nuit avec éclairage allumé,Hors agglomération,Hors intersection,Normale,Deux véhicules - arrière,,,,,,,,,,,5,1,1,1.0,2
201300046736,0013-12-26 23:50:00,13,12,26,23,50,950,277,AUTOROUTE A104,48.9733,2.4854,Nuit avec éclairage non allumé,Hors agglomération,Hors intersection,Normale,Deux véhicules - arrière,,,,,,,,,,,4,1,1,1.0,2
201300046737,0013-12-27 02:15:00,13,12,27,2,15,950,252,AUTOROUTE A15,,,Nuit sans éclairage public,Hors agglomération,Hors intersection,Pluie légère,Autre collision,,,,,,,,,,,3,1,1,2.0,6
201300046738,0013-12-27 12:00:00,13,12,27,12,0,950,18,AUTOROUTE A15,,,Plein jour,Hors agglomération,Hors intersection,Normale,Autre collision,,,,,,,,,,,1,1,1,1.0,6
201300046739,0013-12-27 20:20:00,13,12,27,20,20,930,66,AUTOROUTE A1,48.9079,2.35826,Nuit sans éclairage public,Hors agglomération,Hors intersection,Pluie légère,Trois véhicules et plus - collisions multiples,,,,,,,,,,,3,1,1,2.0,5
201300046740,0013-12-28 09:20:00,13,12,28,9,20,950,582,AUTOROUTE A115,,,Plein jour,Hors agglomération,Hors intersection,Pluie légère,Deux véhicules - arrière,,,,,,,,,,,1,1,1,2.0,2
201300046741,0013-12-28 09:30:00,13,12,28,9,30,950,394,AUTOROUTE A115,,,Plein jour,Hors agglomération,Hors intersection,Normale,Autre collision,,,,,,,,,,,1,1,1,1.0,6
201300046742,0013-12-28 10:20:00,13,12,28,10,20,930,53,AUTOROUTE A103,48.9061,2.35855,Plein jour,Hors agglomération,Hors intersection,Pluie légère,Autre collision,,,,,,,,,,,1,1,1,2.0,6
201300046743,0013-12-28 13:25:00,13,12,28,13,25,930,27,AUTOROUTE A86,48.9285,2.41392,Plein jour,Hors agglomération,Hors intersection,Pluie légère,Autre collision,,,,,,,,,,,1,1,1,2.0,6
201300046744,0013-12-29 06:20:00,13,12,29,6,20,950,678,ROUTE NATIONALE 184,,,Nuit sans éclairage public,Hors agglomération,Hors intersection,Pluie légère,Autre collision,,,,,,,,,,,3,1,1,2.0,6
201300046745,0013-12-27 14:50:00,13,12,27,14,50,950,678,ROUTE NATIONALE 184,,,Plein jour,Hors agglomération,Hors intersection,Normale,Trois véhicules et plus - collisions multiples,,,,,,,,,,,1,1,1,1.0,5
201300046746,0013-12-30 19:11:00,13,12,30,19,11,930,1,AUTOROUTE A86,48.9208,2.37196,Nuit sans éclairage public,Hors agglomération,Hors intersection,Normale,Sans collision,,,,,,,,,,,3,1,1,1.0,7
201300046747,0013-12-31 16:00:00,13,12,31,16,0,930,5,AUTOROUTE A1,48.9607,2.46789,Plein jour,Hors agglomération,Hors intersection,Normale,Trois véhicules et plus - en chaîne,,,,,,,,,,,1,1,1,1.0,4
201300046748,0013-12-31 22:25:00,13,12,31,22,25,930,78,AUTOROUTE A104,48.9651,2.51829,Nuit avec éclairage non allumé,Hors agglomération,Hors intersection,Normale,Trois véhicules et plus - collisions multiples,,,,,,,,,,,4,1,1,1.0,5
201300046749,0013-12-31 23:59:00,13,12,31,23,59,950,582,BD INTERCOMUNAL PARISIS,48.9679,2.2744,Nuit avec éclairage allumé,Hors agglomération,Hors intersection,Normale,Autre collision,,,,,,,,,,,5,1,1,1.0,6
201300046750,0013-12-05 21:40:00,13,12,5,21,40,930,10,"07.300, AUTOROUTE A3",,,Nuit sans éclairage public,Hors agglomération,Hors intersection,Normale,Deux véhicules - côté,,,,,,,,,,,3,1,1,1.0,3
201300046751,0013-01-06 07:05:00,13,1,6,7,5,930,8,A86 - BOBIGNY_CREATION,48.9132,2.43525,Nuit sans éclairage public,Hors agglomération,Hors intersection,Pluie légère,Autre collision,,,,,,,,,,,3,1,1,2.0,6
201300046752,0013-01-02 14:55:00,13,1,2,14,55,780,291,A13,,,Plein jour,Hors agglomération,Hors intersection,Normale,Autre collision,,,,,,,,,,,1,1,1,1.0,6
201300046753,0013-01-04 06:45:00,13,1,4,6,45,920,48,N118,,,Crépuscule ou aube,Hors agglomération,Hors intersection,Pluie légère,Autre collision,,,,,,,,,,,2,1,1,2.0,6
201300046754,0013-01-05 08:18:00,13,1,5,8,18,780,545,RN12,,,Crépuscule ou aube,Hors agglomération,Hors intersection,Temps couvert,Autre collision,,,,,,,,,,,2,1,1,8.0,6
201300046755,0013-01-08 09:13:00,13,1,8,9,13,920,50,A14,,,Plein jour,Hors agglomération,Hors intersection,Normale,Deux véhicules - côté,,,,,,,,,,,1,1,1,1.0,3
201300046756,0013-01-08 13:29:00,13,1,8,13,29,780,646,RN12,,,Plein jour,Hors agglomération,Hors intersection,Temps couvert,Autre collision,,,,,,,,,,,1,1,1,8.0,6
201300046757,0013-01-10 08:30:00,13,1,10,8,30,920,72,N118,,,Nuit avec éclairage non allumé,Hors agglomération,Hors intersection,Pluie légère,Trois véhicules et plus - en chaîne,,,,,,,,,,,4,1,1,2.0,4
201300046758,0013-01-11 20:05:00,13,1,11,20,5,780,490,RN12 INT,,,Nuit sans éclairage public,Hors agglomération,Hors intersection,Pluie légère,Sans collision,,,,,,,,,,,3,1,1,2.0,7
201300046759,0013-01-12 13:40:00,13,1,12,13,40,780,571,A13,,,Plein jour,Hors agglomération,Hors intersection,Pluie légère,Sans collision,,,,,,,,,,,1,1,1,2.0,7
201300046760,0013-01-12 14:01:00,13,1,12,14,1,780,43,A12 Y,,,Plein jour,Hors agglomération,Hors intersection,Pluie légère,Autre collision,,,,,,,,,,,1,1,1,2.0,6
201300046761,0013-01-12 16:40:00,13,1,12,16,40,780,73,RN12 INT,,,Plein jour,Hors agglomération,Hors intersection,Pluie légère,Sans collision,,,,,,,,,,,1,1,1,2.0,7