accident_id,datetime,annee,mois,jour,heure,minute,departement,commune_insee,adresse,latitude,longitude,luminosite,agglomeration,intersection,meteo,collision,nb_vehicules,nb_usagers,nb_indemnes,nb_tues,nb_blesses_hosp,nb_blesses_legers,age_cond_1,age_cond_2,veh_type_cond_1,veh_type_cond_2,lum_code,agg_code,int_code,atm_code,col_code
201300046762,0013-01-13 05:00:00,13,1,13,5,0,780,545,A12 Y,,,Nuit sans éclairage public,Hors agglomération,Hors intersection,Temps couvert,Trois véhicules et plus - collisions multiples,,,,,,,,,,,3,1,1,8.0,5
201300046763,0013-01-13 13:23:00,13,1,13,13,23,780,90,A13,,,Plein jour,Hors agglomération,Hors intersection,Temps couvert,Autre collision,,,,,,,,,,,1,1,1,8.0,6
201300046764,0013-01-13 20:15:00,13,1,13,20,15,920,25,A86,,,Nuit sans éclairage public,Hors agglomération,Hors intersection,Pluie légère,Autre collision,,,,,,,,,,,3,1,1,2.0,6
201300046765,0013-01-15 09:30:00,13,1,15,9,30,920,12,A13,,,Plein jour,Hors agglomération,Hors intersection,Pluie légère,Deux véhicules - arrière,,,,,,,,,,,1,1,1,2.0,2
201300046766,0013-01-16 14:40:00,13,1,16,14,40,780,140,A13,,,Plein jour,Hors agglomération,Hors intersection,Normale,Deux véhicules - côté,,,,,,,,,,,1,1,1,1.0,3
201300046767,0013-01-16 17:45:00,13,1,16,17,45,920,23,RN186,,,Plein jour,Hors agglomération,Hors intersection,Normale,Trois véhicules et plus - en chaîne,,,,,,,,,,,1,1,1,1.0,4
201300046768,0013-01-17 06:30:00,13,1,17,6,30,920,62,RN1013,,,Nuit avec éclairage allumé,Hors agglomération,Hors intersection,Normale,Deux véhicules - arrière,,,,,,,,,,,5,1,1,1.0,2
201300046769,0013-01-17 18:00:00,13,1,17,18,0,780,126,A13,,,Nuit sans éclairage public,Hors agglomération,Hors intersection,Normale,Deux véhicules - arrière,,,,,,,,,,,3,1,1,1.0,2
201300046770,0013-01-18 01:00:00,13,1,18,1,0,780,322,RN12,,,Nuit sans éclairage public,Hors agglomération,Hors intersection,Normale,Autre collision,,,,,,,,,,,3,1,1,1.0,6
201300046771,0013-01-18 05:25:00,13,1,18,5,25,780,238,A13,,,Nuit sans éclairage public,Hors agglomération,Hors intersection,Normale,Deux véhicules - arrière,,,,,,,,,,,3,1,1,1.0,2
201300046772,0013-01-18 13:00:00,13,1,18,13,0,920,50,A86,,,Plein jour,Hors agglomération,Hors intersection,Normale,Trois véhicules et plus - collisions multiples,,,,,,,,,,,1,1,1,1.0,5
201300046773,0013-01-18 19:50:00,13,1,18,19,50,780,217,A13,,,Nuit sans éclairage public,Hors agglomération,Hors intersection,Neige / grêle,Deux véhicules - arrière,,,,,,,,,,,3,1,1,4.0,2
201300046774,0013-01-19 03:03:00,13,1,19,3,3,780,43,A13Y,,,Nuit avec éclairage non allumé,Hors agglomération,Hors intersection,Neige / grêle,Deux véhicules - côté,,,,,,,,,,,4,1,1,4.0,3
201300046775,0013-01-19 21:05:00,13,1,19,21,5,780,126,A13,,,Nuit sans éclairage public,Hors agglomération,Hors intersection,Neige / grêle,Autre collision,,,,,,,,,,,3,1,1,4.0,6
201300046776,0013-01-24 16:40:00,13,1,24,16,40,780,571,A13,,,Plein jour,Hors agglomération,Hors intersection,Temps couvert,Deux véhicules - arrière,,,,,,,,,,,1,1,1,8.0,2
201300046777,0013-01-25 22:40:00,13,1,25,22,40,780,43,A12 W,,,Nuit sans éclairage public,Hors agglomération,Hors intersection,Normale,Trois véhicules et plus - en chaîne,,,,,,,,,,,3,1,1,1.0,4
201300046778,0013-01-27 20:45:00,13,1,27,20,45,920,23,RN385,,,Nuit avec éclairage allumé,Hors agglomération,Hors intersection,Normale,Autre collision,,,,,,,,,,,5,1,1,1.0,6
201300046779,0013-01-30 08:45:00,13,1,30,8,45,920,36,A86,,,Plein jour,Hors agglomération,Hors intersection,Pluie légère,Trois véhicules et plus - collisions multiples,,,,,,,,,,,1,1,1,2.0,5
201300046780,0013-01-30 09:08:00,13,1,30,9,8,920,36,A86,,,Plein jour,Hors agglomération,Hors intersection,Pluie légère,Deux véhicules - arrière,,,,,,,,,,,1,1,1,2.0,2
201300046781,0013-01-31 18:40:00,13,1,31,18,40,780,43,A12 W,,,Nuit avec éclairage non allumé,Hors agglomération,Hors intersection,Normale,Deux véhicules - arrière,,,,,,,,,,,4,1,1,1.0,2
201300046782,0013-02-01 08:00:00,13,2,1,8,0,780,158,A13,,,Nuit avec éclairage non allumé,Hors agglomération,Hors intersection,Pluie légère,Deux véhicules - arrière,,,,,,,,,,,4,1,1,2.0,2
201300046783,0013-02-01 14:30:00,13,2,1,14,30,920,36,A86,,,Plein jour,Hors agglomération,Hors intersection,Pluie légère,Deux véhicules - côté,,,,,,,,,,,1,1,1,2.0,3
201300046784,0013-02-03 16:57:00,13,2,3,16,57,920,76,A13,,,Plein jour,Hors agglomération,Hors intersection,Normale,Trois véhicules et plus - collisions multiples,,,,,,,,,,,1,1,1,1.0,5
201300046785,0013-02-03 19:15:00,13,2,3,19,15,920,36,A86,,,Crépuscule ou aube,Hors agglomération,Hors intersection,Normale,Trois véhicules et plus - collisions multiples,,,,,,,,,,,2,1,1,1.0,5
201300046786,0013-02-04 18:45:00,13,2,4,18,45,780,640,A86 INT,,,Nuit sans éclairage public,Hors agglomération,Hors intersection,Normale,Deux véhicules - côté,,,,,,,,,,,3,1,1,1.0,3
201300046787,0013-02-05 12:20:00,13,2,5,12,20,920,25,A86,,,Plein jour,Hors agglomération,Hors intersection,Normale,Sans collision,,,,,,,,,,,1,1,1,1.0,7
201300046788,0013-02-06 09:00:00,13,2,6,9,0,780,117,RN12,,,Plein jour,Hors agglomération,Hors intersection,Pluie légère,Deux véhicules - côté,,,,,,,,,,,1,1,1,2.0,3
201300046789,0013-02-09 16:30:00,13,2,9,16,30,920,25,A86,,,Plein jour,Hors agglomération,Hors intersection,Normale,Sans collision,,,,,,,,,,,1,1,1,1.0,7
201300046790,0013-02-10 15:11:00,13,2,10,15,11,780,640,N118,,,Plein jour,Hors agglomération,Hors intersection,Neige / grêle,Autre collision,,,,,,,,,,,1,1,1,4.0,6
201300046791,0013-02-11 09:00:00,13,2,11,9,0,920,47,A13,,,Plein jour,Hors agglomération,Hors intersection,Pluie légère,Trois véhicules et plus - collisions multiples,,,,,,,,,,,1,1,1,2.0,5
201300046792,0013-02-12 08:00:00,13,2,12,8,0,920,64,A13,,,Crépuscule ou aube,Hors agglomération,Hors intersection,Temps couvert,Trois véhicules et plus - en chaîne,,,,,,,,,,,2,1,1,8.0,4
201300046793,0013-02-13 18:15:00,13,2,13,18,15,780,362,A13,,,Nuit avec éclairage allumé,Hors agglomération,Hors intersection,Normale,Trois véhicules et plus - collisions multiples,,,,,,,,,,,5,1,1,1.0,5
201300046794,0013-02-14 08:00:00,13,2,14,8,0,920,64,A13,,,Plein jour,Hors agglomération,Hors intersection,Pluie légère,Deux véhicules - arrière,,,,,,,,,,,1,1,1,2.0,2
201300046795,0013-02-14 23:00:00,13,2,14,23,0,920,36,A86,,,Nuit avec éclairage non allumé,Hors agglomération,Autre intersection,Normale,Sans collision,,,,,,,,,,,4,1,9,1.0,7
201300046796,0013-02-18 07:30:00,13,2,18,7,30,920,48,N118,,,Plein jour,Hors agglomération,Hors intersection,Normale,Deux véhicules - côté,,,,,,,,,,,1,1,1,1.0,3
201300046797,0013-02-18 10:30:00,13,2,18,10,30,780,217,A13,,,Plein jour,Hors agglomération,Hors intersection,Normale,Deux véhicules - arrière,,,,,,,,,,,1,1,1,1.0,2
201300046798,0013-02-18 18:10:00,13,2,18,18,10,920,62,A14,,,Crépuscule ou aube,Hors agglomération,Hors intersection,Normale,Deux véhicules - arrière,,,,,,,,,,,2,1,1,1.0,2
201300046799,0013-02-20 09:35:00,13,2,20,9,35,920,64,A13,,,Plein jour,Hors agglomération,Hors intersection,Normale,Trois véhicules et plus - en chaîne,,,,,,,,,,,1,1,1,1.0,4
201300046800,0013-02-21 10:00:00,13,2,21,10,0,920,50,A86,,,Plein jour,Hors agglomération,Hors intersection,Normale,Autre collision,,,,,,,,,,,1,1,1,1.0,6
201300046801,0013-02-21 12:00:00,13,2,21,12,0,780,117,RN12,,,Plein jour,Hors agglomération,Hors intersection,Normale,Trois véhicules et plus - en chaîne,,,,,,,,,,,1,1,1,1.0,4
201300046802,0013-02-22 05:35:00,13,2,22,5,35,920,72,N118,,,Nuit sans éclairage public,Hors agglomération,Hors intersection,Normale,Deux véhicules - arrière,,,,,,,,,,,3,1,1,1.0,2
201300046803,0013-02-22 10:30:00,13,2,22,10,30,920,48,N118,,,Plein jour,Hors agglomération,Hors intersection,Normale,Deux véhicules - côté,,,,,,,,,,,1,1,1,1.0,3
201300046804,0013-02-24 05:55:00,13,2,24,5,55,780,431,A13,,,Nuit sans éclairage public,Hors agglomération,Hors intersection,Neige / grêle,Autre collision,,,,,,,,,,,3,1,1,4.0,6
201300046805,0013-02-24 06:30:00,13,2,24,6,30,780,490,RN12 INT,,,Nuit sans éclairage public,Hors agglomération,Hors intersection,Neige / grêle,Deux véhicules - côté,,,,,,,,,,,3,1,1,4.0,3
201300046806,0013-02-25 09:30:00,13,2,25,9,30,920,60,RN385,,,Plein jour,Hors agglomération,Hors intersection,Neige / grêle,Sans collision,,,,,,,,,,,1,1,1,4.0,7
201300046807,0013-02-25 19:35:00,13,2,25,19,35,920,36,A86,,,Nuit avec éclairage allumé,Hors agglomération,Hors intersection,Pluie légère,Sans collision,,,,,,,,,,,5,1,1,2.0,7
201300046808,0013-02-26 07:54:00,13,2,26,7,54,780,423,RN12,,,Crépuscule ou aube,Hors agglomération,Hors intersection,Temps couvert,Autre collision,,,,,,,,,,,2,1,1,8.0,6
201300046809,0013-02-26 09:15:00,13,2,26,9,15,780,646,RN12,,,Plein jour,Hors agglomération,Hors intersection,Temps couvert,Trois véhicules et plus - en chaîne,,,,,,,,,,,1,1,1,8.0,4
201300046810,0013-02-27 17:50:00,13,2,27,17,50,780,362,A13,,,Plein jour,Hors agglomération,Autre intersection,Normale,Trois véhicules et plus - en chaîne,,,,,,,,,,,1,1,9,1.0,4
201300046811,0013-02-27 08:35:00,13,2,27,8,35,920,36,A86,,,Plein jour,Hors agglomération,Hors intersection,Temps couvert,Deux véhicules - côté,,,,,,,,,,,1,1,1,8.0,3
201300046812,0013-02-28 07:50:00,13,2,28,7,50,780,640,A86 INT,,,Plein jour,Hors agglomération,Hors intersection,Normale,Deux véhicules - côté,,,,,,,,,,,1,1,1,1.0,3
201300046813,0013-02-28 21:50:00,13,2,28,21,50,920,62,RN1014 W,,,Nuit avec éclairage allumé,Hors agglomération,Intersection en Y,Normale,Deux véhicules - côté,,,,,,,,,,,5,1,4,1.0,3
201300046814,0013-03-02 12:30:00,13,3,2,12,30,780,423,RN12,,,Plein jour,Hors agglomération,Hors intersection,Normale,Sans collision,,,,,,,,,,,1,1,1,1.0,7
201300046815,0013-03-02 20:05:00,13,3,2,20,5,920,50,A86,,,Nuit avec éclairage allumé,Hors agglomération,Hors intersection,Normale,Sans collision,,,,,,,,,,,5,1,1,1.0,7
201300046816,0013-03-05 14:00:00,13,3,5,14,0,780,490,RN12 EXT,,,Plein jour,Hors agglomération,Hors intersection,Normale,Sans collision,,,,,,,,,,,1,1,1,1.0,7
201300046817,0013-03-05 14:50:00,13,3,5,14,50,920,50,A86,,,Plein jour,Hors agglomération,Hors intersection,Normale,Sans collision,,,,,,,,,,,1,1,1,1.0,7
201300046818,0013-03-05 16:10:00,13,3,5,16,10,920,50,A14,,,Plein jour,Hors agglomération,Hors intersection,Normale,Sans collision,,,,,,,,,,,1,1,1,1.0,7
201300046819,0013-03-08 07:40:00,13,3,8,7,40,780,322,RN12 EXT,,,Plein jour,Hors agglomération,Hors intersection,Pluie légère,Deux véhicules - arrière,,,,,,,,,,,1,1,1,2.0,2
201300046820,0013-03-09 06:20:00,13,3,9,6,20,780,90,A13,,,Nuit sans éclairage public,Hors agglomération,Hors intersection,Normale,Trois véhicules et plus - collisions multiples,,,,,,,,,,,3,1,1,1.0,5
201300046821,0013-03-09 07:30:00,13,3,9,7,30,780,291,A13,,,Crépuscule ou aube,Hors agglomération,Hors intersection,Normale,Trois véhicules et plus - en chaîne,,,,,,,,,,,2,1,1,1.0,4
201300046822,0013-03-09 15:40:00,13,3,9,15,40,920,36,A86,,,Plein jour,Hors agglomération,Hors intersection,Normale,Deux véhicules - arrière,,,,,,,,,,,1,1,1,1.0,2
201300046823,0013-03-10 13:37:00,13,3,10,13,37,780,423,A12 Y,,,Plein jour,Hors agglomération,Hors intersection,Normale,Autre collision,,,,,,,,,,,1,1,1,1.0,6
201300046824,0013-03-11 05:35:00,13,3,11,5,35,780,498,A13,,,Nuit avec éclairage allumé,Hors agglomération,Hors intersection,Neige / grêle,Autre collision,,,,,,,,,,,5,1,1,4.0,6
201300046825,0013-03-11 21:45:00,13,3,11,21,45,780,431,A13,,,Nuit avec éclairage allumé,Hors agglomération,Hors intersection,Neige / grêle,Sans collision,,,,,,,,,,,5,1,1,4.0,7
201300046826,0013-03-12 05:10:00,13,3,12,5,10,920,12,A13,,,Nuit avec éclairage allumé,Hors agglomération,Hors intersection,Neige / grêle,Sans collision,,,,,,,,,,,5,1,1,4.0,7
201300046827,0013-03-12 05:00:00,13,3,12,5,0,780,73,NON UTILISEE,,,Nuit sans éclairage public,Hors agglomération,Hors intersection,Neige / grêle,Autre collision,,,,,,,,,,,3,1,1,4.0,6
201300046828,0013-03-12 08:50:00,13,3,12,8,50,780,423,RN12,,,Plein jour,Hors agglomération,Hors intersection,Neige / grêle,Autre collision,,,,,,,,,,,1,1,1,4.0,6
201300046829,0013-03-13 08:30:00,13,3,13,8,30,780,431,A13,,,Plein jour,Hors agglomération,Hors intersection,Neige / grêle,Autre collision,,,,,,,,,,,1,1,1,4.0,6
201300046830,0013-03-13 23:00:00,13,3,13,23,0,780,165,RN12 INT,,,Nuit sans éclairage public,Hors agglomération,Hors intersection,Normale,Deux véhicules - côté,,,,,,,,,,,3,1,1,1.0,3
201300046831,0013-03-16 17:51:00,13,3,16,17,51,920,25,A86,,,Plein jour,Hors agglomération,Hors intersection,Normale,Trois véhicules et plus - en chaîne,,,,,,,,,,,1,1,1,1.0,4
201300046832,0013-03-17 17:47:00,13,3,17,17,47,780,321,RN12 INT,,,Plein jour,Hors agglomération,Hors intersection,Pluie forte,Autre collision,,,,,,,,,,,1,1,1,3.0,6
201300046833,0013-03-17 17:47:00,13,3,17,17,47,920,64,A13,,,Plein jour,Hors agglomération,Hors intersection,Pluie forte,Trois véhicules et plus - en chaîne,,,,,,,,,,,1,1,1,3.0,4
201300046834,0013-03-20 08:45:00,13,3,20,8,45,780,640,A86 EXT,,,Plein jour,Hors agglomération,Hors intersection,Normale,Deux véhicules - arrière,,,,,,,,,,,1,1,1,1.0,2
201300046835,0013-03-20 18:05:00,13,3,20,18,5,780,117,RN12,,,Plein jour,Hors agglomération,Hors intersection,Normale,Deux véhicules - arrière,,,,,,,,,,,1,1,1,1.0,2
201300046836,0013-03-21 07:23:00,13,3,21,7,23,780,423,RN12,,,Plein jour,Hors agglomération,Hors intersection,Normale,Deux véhicules - arrière,,,,,,,,,,,1,1,1,1.0,2
201300046837,0013-03-21 16:48:00,13,3,21,16,48,780,133,A13,,,Plein jour,Hors agglomération,Hors intersection,Temps couvert,Trois véhicules et plus - collisions multiples,,,,,,,,,,,1,1,1,8.0,5
201300046838,0013-03-25 09:30:00,13,3,25,9,30,750,116,A13W,,,Plein jour,Hors agglomération,Hors intersection,Normale,Trois véhicules et plus - en chaîne,,,,,,,,,,,1,1,1,1.0,4
201300046839,0013-03-25 09:45:00,13,3,25,9,45,780,672,A13,,,Plein jour,Hors agglomération,Hors intersection,Normale,Trois véhicules et plus - collisions multiples,,,,,,,,,,,1,1,1,1.0,5
201300046840,0013-03-25 14:10:00,13,3,25,14,10,920,63,A86,,,Plein jour,Hors agglomération,Hors intersection,Normale,Sans collision,,,,,,,,,,,1,1,1,1.0,7
201300046841,0013-03-26 09:08:00,13,3,26,9,8,920,76,A13,,,Plein jour,Hors agglomération,Hors intersection,Normale,Deux véhicules - arrière,,,,,,,,,,,1,1,1,1.0,2
201300046842,0013-03-27 15:13:00,13,3,27,15,13,920,50,A86,,,Plein jour,Hors agglomération,Hors intersection,Normale,Autre collision,,,,,,,,,,,1,1,1,1.0,6
201300046843,0013-03-28 10:40:00,13,3,28,10,40,780,90,A13,,,Plein jour,Hors agglomération,Hors intersection,Temps couvert,Autre collision,,,,,,,,,,,1,1,1,8.0,6
201300046844,0013-03-29 07:28:00,13,3,29,7,28,780,646,RN12,,,Plein jour,Hors agglomération,Hors intersection,Normale,Deux véhicules - arrière,,,,,,,,,,,1,1,1,1.0,2
201300046845,0013-03-29 16:10:00,13,3,29,16,10,920,64,A13,,,Plein jour,Hors agglomération,Hors intersection,Normale,Trois véhicules et plus - collisions multiples,,,,,,,,,,,1,1,1,1.0,5
201300046846,0013-04-01 12:50:00,13,4,1,12,50,920,64,A13,,,Plein jour,Hors agglomération,Hors intersection,Normale,Trois véhicules et plus - collisions multiples,,,,,,,,,,,1,1,1,1.0,5
201300046847,0013-04-01 13:15:00,13,4,1,13,15,920,47,A13,,,Plein jour,Hors agglomération,Hors intersection,Normale,Deux véhicules - arrière,,,,,,,,,,,1,1,1,1.0,2
201300046848,0013-04-01 14:55:00,13,4,1,14,55,780,133,A13,,,Plein jour,Hors agglomération,Hors intersection,Normale,Trois véhicules et plus - en chaîne,,,,,,,,,,,1,1,1,1.0,4
201300046849,0013-04-04 09:25:00,13,4,4,9,25,920,50,A86,,,Plein jour,Hors agglomération,Hors intersection,Normale,Deux véhicules - côté,,,,,,,,,,,1,1,1,1.0,3
201300046850,0013-04-04 20:10:00,13,4,4,20,10,780,672,A13,,,Nuit sans éclairage public,Hors agglomération,Hors intersection,Pluie légère,Sans collision,,,,,,,,,,,3,1,1,2.0,7
201300046851,0013-04-06 05:05:00,13,4,6,5,5,920,47,A13,,,Nuit avec éclairage non allumé,Hors agglomération,Hors intersection,Normale,Trois véhicules et plus - collisions multiples,,,,,,,,,,,4,1,1,1.0,5
201300046852,0013-04-06 23:00:00,13,4,6,23,0,780,297,RN12,,,Nuit avec éclairage non allumé,Hors agglomération,Hors intersection,Normale,Sans collision,,,,,,,,,,,4,1,1,1.0,7
201300046853,0013-04-07 03:30:00,13,4,7,3,30,780,322,RN12,,,Nuit avec éclairage non allumé,Hors agglomération,Hors intersection,Normale,Autre collision,,,,,,,,,,,4,1,1,1.0,6
201300046854,0013-04-08 06:05:00,13,4,8,6,5,780,646,RN12,,,Nuit sans éclairage public,Hors agglomération,Hors intersection,Normale,Autre collision,,,,,,,,,,,3,1,1,1.0,6
201300046855,0013-04-08 17:57:00,13,4,8,17,57,780,571,A13,,,Plein jour,Hors agglomération,Hors intersection,Temps couvert,Trois véhicules et plus - collisions multiples,,,,,,,,,,,1,1,1,8.0,5
201300046856,0013-04-08 19:12:00,13,4,8,19,12,780,423,RN12,,,Plein jour,Hors agglomération,Hors intersection,Normale,Deux véhicules - côté,,,,,,,,,,,1,1,1,1.0,3
201300046857,0013-04-09 15:20:00,13,4,9,15,20,780,140,A13,,,Plein jour,Hors agglomération,Hors intersection,Pluie forte,Trois véhicules et plus - collisions multiples,,,,,,,,,,,1,1,1,3.0,5
201300046858,0013-04-09 17:00:00,13,4,9,17,0,920,36,A86,,,Plein jour,Hors agglomération,Hors intersection,Normale,Sans collision,,,,,,,,,,,1,1,1,1.0,7
201300046859,0013-04-09 19:40:00,13,4,9,19,40,780,524,A13,,,Crépuscule ou aube,Hors agglomération,Hors intersection,Pluie légère,Trois véhicules et plus - en chaîne,,,,,,,,,,,2,1,1,2.0,4
201300046860,0013-04-09 19:40:00,13,4,9,19,40,920,64,A13,,,Plein jour,Hors agglomération,Hors intersection,Normale,Deux véhicules - arrière,,,,,,,,,,,1,1,1,1.0,2
201300046861,0013-04-10 16:55:00,13,4,10,16,55,920,50,A86,,,Plein jour,Hors agglomération,Hors intersection,Temps couvert,Trois véhicules et plus - collisions multiples,,,,,,,,,,,1,1,1,8.0,5
201300046862,0013-04-10 17:30:00,13,4,10,17,30,780,498,A13,,,Plein jour,Hors agglomération,Hors intersection,Pluie légère,Deux véhicules - côté,,,,,,,,,,,1,1,1,2.0,3
201300046863,0013-04-11 10:30:00,13,4,11,10,30,780,423,RN12 EXT,,,Plein jour,Hors agglomération,Hors intersection,Temps couvert,Trois véhicules et plus - collisions multiples,,,,,,,,,,,1,1,1,8.0,5
201300046864,0013-04-11 17:40:00,13,4,11,17,40,750,116,A13Y,,,Plein jour,Hors agglomération,Hors intersection,Normale,Sans collision,,,,,,,,,,,1,1,1,1.0,7
201300046865,0013-04-12 07:05:00,13,4,12,7,5,920,47,A13,,,Crépuscule ou aube,Hors agglomération,Hors intersection,Normale,Deux véhicules - côté,,,,,,,,,,,2,1,1,1.0,3
201300046866,0013-04-12 07:25:00,13,4,12,7,25,920,48,N118,,,Plein jour,Hors agglomération,Hors intersection,Normale,Deux véhicules - côté,,,,,,,,,,,1,1,1,1.0,3
201300046867,0013-04-12 10:00:00,13,4,12,10,0,920,51,RN13,,,Plein jour,Hors agglomération,Hors intersection,Pluie légère,Deux véhicules - arrière,,,,,,,,,,,1,1,1,2.0,2
201300046868,0013-04-12 17:45:00,13,4,12,17,45,780,297,RN12,,,Plein jour,Hors agglomération,Hors intersection,Normale,Deux véhicules - arrière,,,,,,,,,,,1,1,1,1.0,2
201300046869,0013-04-14 17:45:00,13,4,14,17,45,780,545,A12 Y,,,Plein jour,Hors agglomération,Hors intersection,Normale,Deux véhicules - arrière,,,,,,,,,,,1,1,1,1.0,2
201300046870,0013-04-15 08:40:00,13,4,15,8,40,780,117,RN12,,,Plein jour,Hors agglomération,Hors intersection,Normale,Deux véhicules - côté,,,,,,,,,,,1,1,1,1.0,3
201300046871,0013-04-15 09:35:00,13,4,15,9,35,920,51,RN13,,,Plein jour,Hors agglomération,Hors intersection,Pluie légère,Deux véhicules - arrière,,,,,,,,,,,1,1,1,2.0,2
201300046872,0013-04-15 09:20:00,13,4,15,9,20,780,646,RN12,,,Plein jour,Hors agglomération,Hors intersection,Pluie légère,Trois véhicules et plus - en chaîne,,,,,,,,,,,1,1,1,2.0,4
201300046873,0013-04-15 12:00:00,13,4,15,12,0,780,402,A13,,,Plein jour,Hors agglomération,Hors intersection,Normale,Sans collision,,,,,,,,,,,1,1,1,1.0,7
201300046874,0013-04-15 17:00:00,13,4,15,17,0,920,36,A86,,,Plein jour,Hors agglomération,Hors intersection,Normale,Deux véhicules - côté,,,,,,,,,,,1,1,1,1.0,3
201300046875,0013-04-16 08:43:00,13,4,16,8,43,780,43,A13W,,,Plein jour,Hors agglomération,Hors intersection,Normale,Deux véhicules - côté,,,,,,,,,,,1,1,1,1.0,3
201300046876,0013-04-13 21:00:00,13,4,13,21,0,780,242,A12 Y,,,Nuit sans éclairage public,Hors agglomération,Hors intersection,Normale,Sans collision,,,,,,,,,,,3,1,1,1.0,7
201300046877,0013-04-17 08:40:00,13,4,17,8,40,780,640,A86 EXT,,,Plein jour,Hors agglomération,Hors intersection,Normale,Autre collision,,,,,,,,,,,1,1,1,1.0,6
201300046878,0013-04-17 09:05:00,13,4,17,9,5,780,640,N118,,,Plein jour,Hors agglomération,Hors intersection,Normale,Deux véhicules - arrière,,,,,,,,,,,1,1,1,1.0,2
201300046879,0013-04-18 21:50:00,13,4,18,21,50,780,423,RN12,,,Nuit sans éclairage public,Hors agglomération,Hors intersection,Normale,Deux véhicules - côté,,,,,,,,,,,3,1,1,1.0,3
201300046880,0013-04-18 08:40:00,13,4,18,8,40,780,524,A13,,,Plein jour,Hors agglomération,Hors intersection,Normale,Deux véhicules - arrière,,,,,,,,,,,1,1,1,1.0,2
201300046881,0013-04-18 09:00:00,13,4,18,9,0,920,12,A13,,,Plein jour,Hors agglomération,Hors intersection,Normale,Deux véhicules - frontale,,,,,,,,,,,1,1,1,1.0,1
201300046882,0013-04-18 11:40:00,13,4,18,11,40,780,431,A13,,,Plein jour,Hors agglomération,Hors intersection,Normale,Sans collision,,,,,,,,,,,1,1,1,1.0,7
201300046883,0013-04-18 14:05:00,13,4,18,14,5,780,29,A13W,,,Plein jour,Hors agglomération,Hors intersection,Normale,Sans collision,,,,,,,,,,,1,1,1,1.0,7
201300046884,0013-04-18 18:40:00,13,4,18,18,40,780,571,A13,,,Plein jour,Hors agglomération,Hors intersection,Normale,Autre collision,,,,,,,,,,,1,1,1,1.0,6
201300046885,0013-04-19 15:15:00,13,4,19,15,15,780,217,A13,,,Plein jour,Hors agglomération,Hors intersection,Pluie légère,Sans collision,,,,,,,,,,,1,1,1,2.0,7
201300046886,0013-04-21 06:40:00,13,4,21,6,40,920,25,A86,,,Plein jour,Hors agglomération,Hors intersection,Normale,Autre collision,,,,,,,,,,,1,1,1,1.0,6
201300046887,0013-04-21 13:35:00,13,4,21,13,35,780,646,RN12,,,Plein jour,Hors agglomération,Hors intersection,Temps éblouissant,Sans collision,,,,,,,,,,,1,1,1,7.0,7
201300046888,0013-04-22 01:05:00,13,4,22,1,5,780,362,A13,,,Nuit avec éclairage allumé,Hors agglomération,Hors intersection,Normale,Autre collision,,,,,,,,,,,5,1,1,1.0,6
201300046889,0013-04-23 09:35:00,13,4,23,9,35,920,50,A86,,,Plein jour,Hors agglomération,Hors intersection,Normale,Deux véhicules - arrière,,,,,,,,,,,1,1,1,1.0,2
201300046890,0013-04-23 16:00:00,13,4,23,16,0,780,640,N118,,,Plein jour,Hors agglomération,Hors intersection,Normale,Sans collision,,,,,,,,,,,1,1,1,1.0,7
201300046891,0013-04-23 18:15:00,13,4,23,18,15,920,36,A86,,,Plein jour,Hors agglomération,Hors intersection,Normale,Deux véhicules - arrière,,,,,,,,,,,1,1,1,1.0,2
201300046892,0013-04-24 17:40:00,13,4,24,17,40,920,50,A14,,,Nuit avec éclairage allumé,Hors agglomération,Hors intersection,Normale,Deux véhicules - arrière,,,,,,,,,,,5,1,1,1.0,2
201300046893,0013-04-24 17:55:00,13,4,24,17,55,920,36,A86,,,Plein jour,Hors agglomération,Hors intersection,Normale,Deux véhicules - côté,,,,,,,,,,,1,1,1,1.0,3
201300046894,0013-04-24 19:20:00,13,4,24,19,20,920,36,A86,,,Plein jour,Hors agglomération,Hors intersection,Normale,Trois véhicules et plus - en chaîne,,,,,,,,,,,1,1,1,1.0,4
201300046895,0013-04-25 01:35:00,13,4,25,1,35,920,25,A86,,,Nuit avec éclairage non allumé,Hors agglomération,Hors intersection,Normale,Deux véhicules - côté,,,,,,,,,,,4,1,1,1.0,3
201300046896,0013-04-25 08:40:00,13,4,25,8,40,920,72,N118,,,Plein jour,Hors agglomération,Hors intersection,Normale,Deux véhicules - côté,,,,,,,,,,,1,1,1,1.0,3
201300046897,0013-04-25 09:45:00,13,4,25,9,45,920,36,A86,,,Plein jour,Hors agglomération,Hors intersection,Normale,Deux véhicules - côté,,,,,,,,,,,1,1,1,1.0,3
201300046898,0013-04-25 11:30:00,13,4,25,11,30,920,47,A13,,,Plein jour,Hors agglomération,Hors intersection,Normale,Deux véhicules - côté,,,,,,,,,,,1,1,1,1.0,3