accident_id,datetime,annee,mois,jour,heure,minute,departement,commune_insee,adresse,latitude,longitude,luminosite,agglomeration,intersection,meteo,collision,nb_vehicules,nb_usagers,nb_indemnes,nb_tues,nb_blesses_hosp,nb_blesses_legers,age_cond_1,age_cond_2,veh_type_cond_1,veh_type_cond_2,lum_code,agg_code,int_code,atm_code,col_code
201300047445,0013-03-11 18:45:00,13,3,11,18,45,770,251,AUTOROUTE A5A,,,Crépuscule ou aube,Hors agglomération,Hors intersection,Pluie légère,Deux véhicules - arrière,,,,,,,,,,,2,1,1,2.0,2
201300047446,0013-03-12 13:45:00,13,3,12,13,45,910,136,AUTOROUTE A10,,,Plein jour,Hors agglomération,Hors intersection,Neige / grêle,Trois véhicules et plus - en chaîne,,,,,,,,,,,1,1,1,4.0,4
201300047447,0013-03-12 15:30:00,13,3,12,15,30,910,661,AUTOROUTE A10,,,Plein jour,Hors agglomération,Hors intersection,Neige / grêle,Deux véhicules - arrière,,,,,,,,,,,1,1,1,4.0,2
201300047448,0013-03-14 11:00:00,13,3,14,11,0,910,689,AUTOROUTE A6A,,,Plein jour,Hors agglomération,Hors intersection,Normale,Sans collision,,,,,,,,,,,1,1,1,1.0,7
201300047449,0013-03-17 14:15:00,13,3,17,14,15,940,43,A6B,48.8158,2.3563,Plein jour,Hors agglomération,Hors intersection,Pluie légère,Autre collision,,,,,,,,,,,1,1,1,2.0,6
201300047450,0013-03-17 18:20:00,13,3,17,18,20,920,2,AUTOROUTE A10,,,Crépuscule ou aube,Hors agglomération,Hors intersection,Pluie légère,Deux véhicules - arrière,,,,,,,,,,,2,1,1,2.0,2
201300047451,0013-03-19 22:55:00,13,3,19,22,55,940,43,A6B,48.8135,2.35448,Nuit avec éclairage allumé,Hors agglomération,Hors intersection,Pluie légère,Autre collision,,,,,,,,,,,5,1,1,2.0,6
201300047452,0013-03-20 07:55:00,13,3,20,7,55,910,589,AUTOROUTE A6,,,Plein jour,Hors agglomération,Hors intersection,Temps couvert,Deux véhicules - côté,,,,,,,,,,,1,1,1,8.0,3
201300047453,0013-03-20 08:45:00,13,3,20,8,45,940,34,A86,48.7598,2.3217,Plein jour,Hors agglomération,Hors intersection,Normale,Trois véhicules et plus - en chaîne,,,,,,,,,,,1,1,1,1.0,4
201300047454,0013-03-21 07:30:00,13,3,21,7,30,910,521,AUTOROUTE A6,,,Plein jour,Hors agglomération,Hors intersection,Normale,Sans collision,,,,,,,,,,,1,1,1,1.0,7
201300047455,0013-03-21 08:12:00,13,3,21,8,12,910,534,RN 118,,,Plein jour,Hors agglomération,Hors intersection,Normale,Deux véhicules - arrière,,,,,,,,,,,1,1,1,1.0,2
201300047456,0013-03-22 20:53:00,13,3,22,20,53,940,21,A6B,48.767,2.34266,Nuit avec éclairage allumé,Hors agglomération,Hors intersection,Normale,Deux véhicules - arrière,,,,,,,,,,,5,1,1,1.0,2
201300047457,0013-03-23 06:35:00,13,3,23,6,35,910,161,AUTOROUTE A6,,,Crépuscule ou aube,Hors agglomération,Hors intersection,Normale,Sans collision,,,,,,,,,,,2,1,1,1.0,7
201300047458,0013-03-25 05:55:00,13,3,25,5,55,910,363,RN 118,,,Nuit sans éclairage public,Hors agglomération,Hors intersection,Normale,Sans collision,,,,,,,,,,,3,1,1,1.0,7
201300047459,0013-03-25 16:30:00,13,3,25,16,30,910,340,AUTOROUTE A6,,,Plein jour,Hors agglomération,Hors intersection,Normale,Trois véhicules et plus - en chaîne,,,,,,,,,,,1,1,1,1.0,4
201300047460,0013-03-25 21:00:00,13,3,25,21,0,910,377,AUTOROUTE A10,,,Nuit sans éclairage public,Hors agglomération,Hors intersection,Normale,Trois véhicules et plus - collisions multiples,,,,,,,,,,,3,1,1,1.0,5
201300047461,0013-03-30 16:35:00,13,3,30,16,35,910,161,AUTOROUTE A6,,,Plein jour,Hors agglomération,Hors intersection,Normale,Autre collision,,,,,,,,,,,1,1,1,1.0,6
201300047462,0013-04-01 11:35:00,13,4,1,11,35,910,589,AUTOROUTE A6,,,Plein jour,Hors agglomération,Hors intersection,Normale,Trois véhicules et plus - en chaîne,,,,,,,,,,,1,1,1,1.0,4
201300047463,0013-04-01 16:08:00,13,4,1,16,8,910,64,RN 118,,,Plein jour,Hors agglomération,Hors intersection,Normale,Sans collision,,,,,,,,,,,1,1,1,1.0,7
201300047464,0013-04-02 09:25:00,13,4,2,9,25,910,534,RN 118,,,Plein jour,Hors agglomération,Hors intersection,Normale,Deux véhicules - côté,,,,,,,,,,,1,1,1,1.0,3
201300047465,0013-04-02 19:13:00,13,4,2,19,13,910,235,RN 104,,,Plein jour,Hors agglomération,Hors intersection,Normale,Deux véhicules - côté,,,,,,,,,,,1,1,1,1.0,3
201300047466,0013-04-03 05:30:00,13,4,3,5,30,920,2,AUTOROUTE A10,,,Plein jour,Hors agglomération,Hors intersection,Normale,Deux véhicules - côté,,,,,,,,,,,1,1,1,1.0,3
201300047467,0013-04-04 16:26:00,13,4,4,16,26,910,161,AUTOROUTE A126,,,Plein jour,Hors agglomération,Hors intersection,Pluie légère,Deux véhicules - côté,,,,,,,,,,,1,1,1,2.0,3
201300047468,0013-04-05 08:25:00,13,4,5,8,25,910,434,AUTOROUTE A6,,,Plein jour,Hors agglomération,Hors intersection,Pluie légère,Deux véhicules - arrière,,,,,,,,,,,1,1,1,2.0,2
201300047469,0013-04-05 09:45:00,13,4,5,9,45,910,339,RN 104,,,Plein jour,Hors agglomération,Hors intersection,Pluie légère,Trois véhicules et plus - en chaîne,,,,,,,,,,,1,1,1,2.0,4
201300047470,0013-04-05 17:20:00,13,4,5,17,20,910,434,AUTOROUTE A6,,,Plein jour,Hors agglomération,Hors intersection,Normale,Deux véhicules - côté,,,,,,,,,,,1,1,1,1.0,3
201300047471,0013-04-07 18:48:00,13,4,7,18,48,910,589,AUTOROUTE A6,,,Plein jour,Hors agglomération,Hors intersection,Normale,Trois véhicules et plus - en chaîne,,,,,,,,,,,1,1,1,1.0,4
201300047472,0013-04-08 08:30:00,13,4,8,8,30,940,43,A6B,48.8086,2.34824,Plein jour,Hors agglomération,Hors intersection,Normale,Trois véhicules et plus - collisions multiples,,,,,,,,,,,1,1,1,1.0,5
201300047473,0013-04-08 09:30:00,13,4,8,9,30,940,34,A86,48.7571,2.33022,Plein jour,Hors agglomération,Hors intersection,Normale,Deux véhicules - arrière,,,,,,,,,,,1,1,1,1.0,2
201300047474,0013-04-08 17:15:00,13,4,8,17,15,910,216,AUTOROUTE A6,,,Plein jour,Hors agglomération,Hors intersection,Normale,Autre collision,,,,,,,,,,,1,1,1,1.0,6
201300047475,0013-04-09 06:23:00,13,4,9,6,23,940,38,A6A,48.7872,2.34534,Nuit avec éclairage allumé,Hors agglomération,Hors intersection,Pluie forte,Sans collision,,,,,,,,,,,5,1,1,3.0,7
201300047476,0013-04-09 12:00:00,13,4,9,12,0,910,689,AUTOROUTE A10,,,Plein jour,Hors agglomération,Hors intersection,Temps couvert,Trois véhicules et plus - en chaîne,,,,,,,,,,,1,1,1,8.0,4
201300047477,0013-04-09 19:30:00,13,4,9,19,30,910,182,RN 104,,,Plein jour,Hors agglomération,Hors intersection,Pluie légère,Trois véhicules et plus - collisions multiples,,,,,,,,,,,1,1,1,2.0,5
201300047478,0013-04-09 20:04:00,13,4,9,20,4,910,521,RN 104,,,Crépuscule ou aube,Hors agglomération,Hors intersection,Temps couvert,Deux véhicules - arrière,,,,,,,,,,,2,1,1,8.0,2
201300047479,0013-04-10 08:00:00,13,4,10,8,0,910,64,RN 118,,,Plein jour,Hors agglomération,Hors intersection,Temps couvert,Deux véhicules - côté,,,,,,,,,,,1,1,1,8.0,3
201300047480,0013-04-10 08:58:00,13,4,10,8,58,940,38,A6B,48.7909,2.34394,Plein jour,Hors agglomération,Hors intersection,Normale,Deux véhicules - côté,,,,,,,,,,,1,1,1,1.0,3
201300047481,0013-04-11 11:03:00,13,4,11,11,3,770,251,AUTOROUTE A5A,,,Plein jour,Hors agglomération,Hors intersection,Normale,Sans collision,,,,,,,,,,,1,1,1,1.0,7
201300047482,0013-04-12 09:19:00,13,4,12,9,19,920,2,AUTOROUTE A86,,,Plein jour,Hors agglomération,Hors intersection,Pluie légère,Deux véhicules - arrière,,,,,,,,,,,1,1,1,2.0,2
201300047483,0013-04-12 15:10:00,13,4,12,15,10,940,34,A86,48.7582,2.32649,Plein jour,Hors agglomération,Hors intersection,Pluie légère,Trois véhicules et plus - en chaîne,,,,,,,,,,,1,1,1,2.0,4
201300047484,0013-04-12 16:15:00,13,4,12,16,15,940,34,A86,48.7563,2.33269,Plein jour,Hors agglomération,Hors intersection,Pluie forte,Deux véhicules - côté,,,,,,,,,,,1,1,1,3.0,3
201300047485,0013-04-15 07:25:00,13,4,15,7,25,940,76,A6B,48.7875,2.34579,Plein jour,Hors agglomération,Hors intersection,Pluie légère,Deux véhicules - côté,,,,,,,,,,,1,1,1,2.0,3
201300047486,0013-04-15 19:24:00,13,4,15,19,24,940,43,A6B,48.8134,2.35431,Plein jour,Hors agglomération,Hors intersection,Normale,Sans collision,,,,,,,,,,,1,1,1,1.0,7
201300047487,0013-04-16 13:30:00,13,4,16,13,30,940,76,A6B,48.7915,2.3446,Plein jour,Hors agglomération,Hors intersection,Normale,Deux véhicules - côté,,,,,,,,,,,1,1,1,1.0,3
201300047488,0013-04-16 19:06:00,13,4,16,19,6,910,161,AUTOROUTE A6,,,Plein jour,Hors agglomération,Hors intersection,Normale,Deux véhicules - côté,,,,,,,,,,,1,1,1,1.0,3
201300047489,0013-04-17 11:00:00,13,4,17,11,0,910,312,RD 444,,,Plein jour,Hors agglomération,Hors intersection,Normale,Deux véhicules - arrière,,,,,,,,,,,1,1,1,1.0,2
201300047490,0013-04-17 11:11:00,13,4,17,11,11,910,182,RN 104,,,Plein jour,Hors agglomération,Hors intersection,Normale,Sans collision,,,,,,,,,,,1,1,1,1.0,7
201300047491,0013-04-17 18:00:00,13,4,17,18,0,910,182,AUTOROUTE A6,,,Plein jour,Hors agglomération,Hors intersection,Normale,Trois véhicules et plus - en chaîne,,,,,,,,,,,1,1,1,1.0,4
201300047492,0013-04-19 16:49:00,13,4,19,16,49,910,161,AUTOROUTE A126,,,Plein jour,Hors agglomération,Hors intersection,Temps couvert,Deux véhicules - côté,,,,,,,,,,,1,1,1,8.0,3
201300047493,0013-04-19 17:45:00,13,4,19,17,45,910,659,AUTOROUTE A6,,,Plein jour,Hors agglomération,Hors intersection,Normale,Trois véhicules et plus - collisions multiples,,,,,,,,,,,1,1,1,1.0,5
201300047494,0013-04-20 03:51:00,13,4,20,3,51,910,377,RN20,,,Nuit avec éclairage allumé,Hors agglomération,Hors intersection,Normale,Trois véhicules et plus - en chaîne,,,,,,,,,,,5,1,1,1.0,4
201300047495,0013-04-21 12:24:00,13,4,21,12,24,920,2,AUTOROUTE A86,,,Plein jour,Hors agglomération,Hors intersection,Normale,Trois véhicules et plus - en chaîne,,,,,,,,,,,1,1,1,1.0,4
201300047496,0013-04-21 15:49:00,13,4,21,15,49,910,521,AUTOROUTE A6,,,Plein jour,Hors agglomération,Hors intersection,Normale,Deux véhicules - côté,,,,,,,,,,,1,1,1,1.0,3
201300047497,0013-04-22 08:05:00,13,4,22,8,5,910,216,AUTOROUTE A6,,,Plein jour,Hors agglomération,Hors intersection,Normale,Deux véhicules - arrière,,,,,,,,,,,1,1,1,1.0,2
201300047498,0013-04-23 11:19:00,13,4,23,11,19,910,477,AUTOROUTE A126,,,Plein jour,Hors agglomération,Hors intersection,Normale,Sans collision,,,,,,,,,,,1,1,1,1.0,7
201300047499,0013-04-23 17:55:00,13,4,23,17,55,940,16,A6A,48.7977,2.34367,Plein jour,Hors agglomération,Hors intersection,Normale,Deux véhicules - arrière,,,,,,,,,,,1,1,1,1.0,2
201300047500,0013-04-24 01:14:00,13,4,24,1,14,910,136,AUTOROUTE A10,,,Nuit sans éclairage public,Hors agglomération,Hors intersection,Normale,Sans collision,,,,,,,,,,,3,1,1,1.0,7
201300047501,0013-04-24 07:57:00,13,4,24,7,57,910,661,AUTOROUTE A10,,,Plein jour,Hors agglomération,Hors intersection,Normale,Deux véhicules - côté,,,,,,,,,,,1,1,1,1.0,3
201300047502,0013-04-24 07:57:00,13,4,24,7,57,910,549,RN 104,,,Plein jour,Hors agglomération,Hors intersection,Normale,Deux véhicules - arrière,,,,,,,,,,,1,1,1,1.0,2
201300047503,0013-04-24 16:20:00,13,4,24,16,20,910,161,AUTOROUTE A6,,,Plein jour,Hors agglomération,Hors intersection,Normale,Trois véhicules et plus - en chaîne,,,,,,,,,,,1,1,1,1.0,4
201300047504,0013-04-25 08:20:00,13,4,25,8,20,920,2,AUTOROUTE A10,,,Plein jour,Hors agglomération,Hors intersection,Normale,Deux véhicules - arrière,,,,,,,,,,,1,1,1,1.0,2
201300047505,0013-04-25 08:40:00,13,4,25,8,40,940,38,A6A,48.7872,2.34533,Plein jour,Hors agglomération,Hors intersection,Normale,Deux véhicules - arrière,,,,,,,,,,,1,1,1,1.0,2
201300047506,0013-04-25 13:45:00,13,4,25,13,45,910,687,AUTOROUTE A6,,,Plein jour,Hors agglomération,Hors intersection,Normale,Trois véhicules et plus - collisions multiples,,,,,,,,,,,1,1,1,1.0,5
201300047507,0013-04-25 18:45:00,13,4,25,18,45,910,174,RN 104,,,Plein jour,Hors agglomération,Hors intersection,Normale,Autre collision,,,,,,,,,,,1,1,1,1.0,6
201300047508,0013-04-29 09:37:00,13,4,29,9,37,910,161,AUTOROUTE A6,,,Plein jour,Hors agglomération,Hors intersection,Normale,Deux véhicules - arrière,,,,,,,,,,,1,1,1,1.0,2
201300047509,0013-04-30 09:52:00,13,4,30,9,52,940,65,A86,48.7555,2.34389,Plein jour,Hors agglomération,Hors intersection,Normale,Sans collision,,,,,,,,,,,1,1,1,1.0,7
201300047510,0013-05-01 16:18:00,13,5,1,16,18,940,37,A6B,48.8065,2.34597,Plein jour,Hors agglomération,Hors intersection,Pluie légère,Deux véhicules - arrière,,,,,,,,,,,1,1,1,2.0,2
201300047511,0013-05-01 18:08:00,13,5,1,18,8,910,174,RN 104,,,Plein jour,Hors agglomération,Hors intersection,Pluie légère,Deux véhicules - côté,,,,,,,,,,,1,1,1,2.0,3
201300047512,0013-05-02 09:10:00,13,5,2,9,10,770,251,AUTOROUTE A5A,,,Plein jour,Hors agglomération,Hors intersection,Normale,Sans collision,,,,,,,,,,,1,1,1,1.0,7
201300047513,0013-05-03 07:03:00,13,5,3,7,3,910,553,RN 104,,,Plein jour,Hors agglomération,Hors intersection,Normale,Autre collision,,,,,,,,,,,1,1,1,1.0,6
201300047514,0013-05-03 21:18:00,13,5,3,21,18,940,21,A6A,48.7663,2.34366,Nuit sans éclairage public,Hors agglomération,Hors intersection,Normale,Deux véhicules - côté,,,,,,,,,,,3,1,1,1.0,3
201300047515,0013-05-07 17:52:00,13,5,7,17,52,940,21,A6A,48.7643,2.34239,Plein jour,Hors agglomération,Hors intersection,Normale,Autre collision,,,,,,,,,,,1,1,1,1.0,6
201300047516,0013-05-09 19:51:00,13,5,9,19,51,920,2,AUTOROUTE A10,,,Plein jour,Hors agglomération,Hors intersection,Normale,Deux véhicules - arrière,,,,,,,,,,,1,1,1,1.0,2
201300047517,0013-05-10 09:05:00,13,5,10,9,5,940,65,A106,48.7536,2.35263,Plein jour,Hors agglomération,Hors intersection,Normale,Deux véhicules - côté,,,,,,,,,,,1,1,1,1.0,3
201300047518,0013-05-12 14:30:00,13,5,12,14,30,910,689,AUTOROUTE A6A,,,Plein jour,Hors agglomération,Hors intersection,Normale,Sans collision,,,,,,,,,,,1,1,1,1.0,7
201300047519,0013-05-12 17:30:00,13,5,12,17,30,910,689,AUTOROUTE A6B,,,Plein jour,Hors agglomération,Hors intersection,Normale,Trois véhicules et plus - en chaîne,,,,,,,,,,,1,1,1,1.0,4
201300047520,0013-05-12 17:40:00,13,5,12,17,40,910,37,AUTOROUTE A6,,,Plein jour,Hors agglomération,Hors intersection,Normale,Deux véhicules - côté,,,,,,,,,,,1,1,1,1.0,3
201300047521,0013-05-12 22:22:00,13,5,12,22,22,770,495,AUTOROUTE A5A,,,Nuit sans éclairage public,Hors agglomération,Hors intersection,Pluie légère,Sans collision,,,,,,,,,,,3,1,1,2.0,7
201300047522,0013-05-14 08:55:00,13,5,14,8,55,910,161,AUTOROUTE A6,,,Plein jour,Hors agglomération,Hors intersection,Normale,Trois véhicules et plus - en chaîne,,,,,,,,,,,1,1,1,1.0,4
201300047523,0013-05-14 19:02:00,13,5,14,19,2,910,340,AUTOROUTE A6,,,Plein jour,Hors agglomération,Hors intersection,Normale,Deux véhicules - arrière,,,,,,,,,,,1,1,1,1.0,2
201300047524,0013-05-15 05:56:00,13,5,15,5,56,940,34,A86,48.7563,2.33941,Crépuscule ou aube,Hors agglomération,Hors intersection,Normale,Deux véhicules - arrière,,,,,,,,,,,2,1,1,1.0,2
201300047525,0013-05-15 08:44:00,13,5,15,8,44,910,345,AUTOROUTE A6,,,Plein jour,Hors agglomération,Hors intersection,Normale,Trois véhicules et plus - en chaîne,,,,,,,,,,,1,1,1,1.0,4
201300047526,0013-05-16 15:39:00,13,5,16,15,39,910,689,AUTOROUTE A6,,,Plein jour,Hors agglomération,Hors intersection,Pluie légère,Trois véhicules et plus - en chaîne,,,,,,,,,,,1,1,1,2.0,4
201300047527,0013-05-16 16:23:00,13,5,16,16,23,920,2,AUTOROUTE A6,,,Plein jour,Hors agglomération,Hors intersection,Normale,Deux véhicules - arrière,,,,,,,,,,,1,1,1,1.0,2
201300047528,0013-05-16 17:19:00,13,5,16,17,19,910,64,RN 118,,,Plein jour,Hors agglomération,Hors intersection,Normale,Deux véhicules - arrière,,,,,,,,,,,1,1,1,1.0,2
201300047529,0013-05-18 21:05:00,13,5,18,21,5,920,2,AUTOROUTE A86,,,Crépuscule ou aube,Hors agglomération,Hors intersection,Pluie légère,Sans collision,,,,,,,,,,,2,1,1,2.0,7
201300047530,0013-05-18 21:40:00,13,5,18,21,40,940,34,A86,48.7563,2.3394,Nuit avec éclairage allumé,Hors agglomération,Hors intersection,Temps couvert,Autre collision,,,,,,,,,,,5,1,1,8.0,6
201300047531,0013-05-19 04:50:00,13,5,19,4,50,910,216,AUTOROUTE A6,,,Nuit sans éclairage public,Hors agglomération,Hors intersection,Normale,Autre collision,,,,,,,,,,,3,1,1,1.0,6
201300047532,0013-05-19 07:50:00,13,5,19,7,50,940,38,A6A,48.7898,2.34403,Plein jour,Hors agglomération,Hors intersection,Normale,Deux véhicules - côté,,,,,,,,,,,1,1,1,1.0,3
201300047533,0013-05-20 08:00:00,13,5,20,8,0,910,174,RN 104,,,Plein jour,Hors agglomération,Hors intersection,Temps couvert,Sans collision,,,,,,,,,,,1,1,1,8.0,7
201300047534,0013-05-20 14:50:00,13,5,20,14,50,910,235,RN 104,,,Plein jour,Hors agglomération,Hors intersection,Pluie légère,Deux véhicules - arrière,,,,,,,,,,,1,1,1,2.0,2
201300047535,0013-05-20 15:39:00,13,5,20,15,39,910,161,AUTOROUTE A126,,,Plein jour,Hors agglomération,Hors intersection,Normale,Deux véhicules - côté,,,,,,,,,,,1,1,1,1.0,3
201300047536,0013-05-20 20:30:00,13,5,20,20,30,910,363,RN 104,,,Crépuscule ou aube,Hors agglomération,Hors intersection,Pluie légère,Sans collision,,,,,,,,,,,2,1,1,2.0,7
201300047537,0013-05-21 11:35:00,13,5,21,11,35,910,136,A10 PARIS / RN188 PROVIN,,,Plein jour,Hors agglomération,Hors intersection,Normale,Trois véhicules et plus - en chaîne,,,,,,,,,,,1,1,1,1.0,4
201300047538,0013-05-21 17:53:00,13,5,21,17,53,940,38,A6B,48.7901,2.34388,Plein jour,Hors agglomération,Hors intersection,Normale,Trois véhicules et plus - collisions multiples,,,,,,,,,,,1,1,1,1.0,5
201300047539,0013-05-23 06:44:00,13,5,23,6,44,910,179,RN 337,,,Plein jour,Hors agglomération,Hors intersection,Normale,Sans collision,,,,,,,,,,,1,1,1,1.0,7
201300047540,0013-05-23 18:30:00,13,5,23,18,30,940,34,A86,48.7556,2.33654,Plein jour,Hors agglomération,Hors intersection,Temps couvert,Deux véhicules - arrière,,,,,,,,,,,1,1,1,8.0,2
201300047541,0013-05-24 10:48:00,13,5,24,10,48,940,43,A6B,48.8146,2.35565,Plein jour,Hors agglomération,Hors intersection,Pluie légère,Deux véhicules - arrière,,,,,,,,,,,1,1,1,2.0,2
201300047542,0013-05-27 06:16:00,13,5,27,6,16,910,659,AUTOROUTE A6,,,Plein jour,Hors agglomération,Hors intersection,Normale,Deux véhicules - arrière,,,,,,,,,,,1,1,1,1.0,2
201300047543,0013-05-27 09:52:00,13,5,27,9,52,910,347,RN 104,,,Plein jour,Hors agglomération,Hors intersection,Normale,Deux véhicules - arrière,,,,,,,,,,,1,1,1,1.0,2
201300047544,0013-05-27 11:35:00,13,5,27,11,35,910,468,AUTOROUTE A6,,,Plein jour,Hors agglomération,Hors intersection,Normale,Trois véhicules et plus - en chaîne,,,,,,,,,,,1,1,1,1.0,4
201300047545,0013-05-27 13:38:00,13,5,27,13,38,940,3,A6A,48.8128,2.33637,Plein jour,Hors agglomération,Hors intersection,Normale,Sans collision,,,,,,,,,,,1,1,1,1.0,7
201300047546,0013-05-28 08:42:00,13,5,28,8,42,910,363,RN 104,,,Plein jour,Hors agglomération,Hors intersection,Normale,Deux véhicules - arrière,,,,,,,,,,,1,1,1,1.0,2
201300047547,0013-05-29 07:53:00,13,5,29,7,53,940,34,A6A,48.7501,2.32874,Plein jour,Hors agglomération,Hors intersection,Normale,Deux véhicules - côté,,,,,,,,,,,1,1,1,1.0,3
201300047548,0013-05-29 08:43:00,13,5,29,8,43,940,34,A86,48.7614,2.31621,Plein jour,Hors agglomération,Hors intersection,Normale,Deux véhicules - côté,,,,,,,,,,,1,1,1,1.0,3
201300047549,0013-05-29 09:14:00,13,5,29,9,14,940,38,A6B,48.7881,2.34546,Plein jour,Hors agglomération,Hors intersection,Normale,Deux véhicules - côté,,,,,,,,,,,1,1,1,1.0,3
201300047550,0013-05-29 19:05:00,13,5,29,19,5,920,19,RN 385,,,Plein jour,Hors agglomération,Hors intersection,Normale,Deux véhicules - arrière,,,,,,,,,,,1,1,1,1.0,2
201300047551,0013-05-30 07:55:00,13,5,30,7,55,910,103,RN 104,,,Plein jour,Hors agglomération,Hors intersection,Pluie légère,Deux véhicules - côté,,,,,,,,,,,1,1,1,2.0,3
201300047552,0013-05-30 20:40:00,13,5,30,20,40,910,689,AUTOROUTE A6A,,,Plein jour,Hors agglomération,Hors intersection,Temps couvert,Deux véhicules - arrière,,,,,,,,,,,1,1,1,8.0,2
201300047553,0013-05-31 17:34:00,13,5,31,17,34,910,339,RN 104,,,Plein jour,Hors agglomération,Hors intersection,Normale,Autre collision,,,,,,,,,,,1,1,1,1.0,6
201300047554,0013-05-31 19:31:00,13,5,31,19,31,910,589,AUTOROUTE A6,,,Plein jour,Hors agglomération,Hors intersection,Normale,Deux véhicules - arrière,,,,,,,,,,,1,1,1,1.0,2
201300047555,0013-06-02 18:48:00,13,6,2,18,48,910,179,RN 337,,,Plein jour,Hors agglomération,Hors intersection,Normale,Autre collision,,,,,,,,,,,1,1,1,1.0,6
201300047556,0013-06-03 16:50:00,13,6,3,16,50,940,3,AUTOROUTE A6B,48.8004,2.34377,Plein jour,Hors agglomération,Hors intersection,Normale,Sans collision,,,,,,,,,,,1,1,1,1.0,7
201300047557,0013-06-04 07:50:00,13,6,4,7,50,910,347,RN 104,,,Plein jour,Hors agglomération,Hors intersection,Normale,Deux véhicules - arrière,,,,,,,,,,,1,1,1,1.0,2
201300047558,0013-06-04 14:20:00,13,6,4,14,20,910,377,AUTOROUTE A10,,,Plein jour,Hors agglomération,Hors intersection,Normale,Deux véhicules - arrière,,,,,,,,,,,1,1,1,1.0,2
201300047559,0013-06-04 15:05:00,13,6,4,15,5,910,689,AUTOROUTE A6B,,,Plein jour,Hors agglomération,Hors intersection,Normale,Deux véhicules - côté,,,,,,,,,,,1,1,1,1.0,3
201300047560,0013-06-05 10:16:00,13,6,5,10,16,910,687,AUTOROUTE A6,,,Plein jour,Hors agglomération,Hors intersection,Normale,Trois véhicules et plus - en chaîne,,,,,,,,,,,1,1,1,1.0,4
201300047561,0013-06-05 17:30:00,13,6,5,17,30,770,251,AUTOROUTE A5A,,,Plein jour,Hors agglomération,Hors intersection,Normale,Sans collision,,,,,,,,,,,1,1,1,1.0,7
201300047562,0013-06-06 07:34:00,13,6,6,7,34,940,21,AUTOROUTE A6A,,,Plein jour,Hors agglomération,Hors intersection,Normale,Trois véhicules et plus - collisions multiples,,,,,,,,,,,1,1,1,1.0,5
201300047563,0013-06-06 09:00:00,13,6,6,9,0,910,312,RD 444,,,Plein jour,Hors agglomération,Hors intersection,Normale,Deux véhicules - côté,,,,,,,,,,,1,1,1,1.0,3
201300047564,0013-06-07 12:50:00,13,6,7,12,50,940,3,AUTOROUTE A6A,48.802,2.34196,Plein jour,Hors agglomération,Hors intersection,Normale,Sans collision,,,,,,,,,,,1,1,1,1.0,7
201300047565,0013-06-07 18:25:00,13,6,7,18,25,940,38,AUTOROUTE A6B,48.788,2.34554,Plein jour,Hors agglomération,Hors intersection,Normale,Trois véhicules et plus - collisions multiples,,,,,,,,,,,1,1,1,1.0,5
201300047566,0013-06-09 11:54:00,13,6,9,11,54,910,339,RN 104,,,Plein jour,Hors agglomération,Hors intersection,Normale,Deux véhicules - côté,,,,,,,,,,,1,1,1,1.0,3
201300047567,0013-06-10 08:02:00,13,6,10,8,2,920,2,AUTOROUTE A86,,,Plein jour,Hors agglomération,Hors intersection,Normale,Trois véhicules et plus - collisions multiples,,,,,,,,,,,1,1,1,1.0,5
201300047568,0013-06-10 08:53:00,13,6,10,8,53,910,589,AUTOROUTE A6,,,Plein jour,Hors agglomération,Hors intersection,Normale,Deux véhicules - arrière,,,,,,,,,,,1,1,1,1.0,2
201300047569,0013-06-10 09:05:00,13,6,10,9,5,910,377,AUTOROUTE A10,,,Plein jour,Hors agglomération,Hors intersection,Normale,Sans collision,,,,,,,,,,,1,1,1,1.0,7
201300047570,0013-06-11 07:05:00,13,6,11,7,5,920,2,AUTOROUTE A86,,,Plein jour,Hors agglomération,Hors intersection,Normale,Deux véhicules - côté,,,,,,,,,,,1,1,1,1.0,3
201300047571,0013-06-11 19:00:00,13,6,11,19,0,940,21,AUTOROUTE A6A,48.7597,2.33811,Plein jour,Hors agglomération,Hors intersection,Pluie légère,Sans collision,,,,,,,,,,,1,1,1,2.0,7
201300047572,0013-06-12 16:23:00,13,6,12,16,23,910,161,AUTOROUTE A6,,,Plein jour,Hors agglomération,Hors intersection,Temps couvert,Deux véhicules - arrière,,,,,,,,,,,1,1,1,8.0,2
201300047573,0013-06-12 19:25:00,13,6,12,19,25,910,549,RN 104,,,Plein jour,Hors agglomération,Hors intersection,Normale,Deux véhicules - côté,,,,,,,,,,,1,1,1,1.0,3
201300047574,0013-06-13 15:28:00,13,6,13,15,28,910,339,RN 104,,,Plein jour,Hors agglomération,Hors intersection,Pluie forte,Trois véhicules et plus - en chaîne,,,,,,,,,,,1,1,1,3.0,4
201300047575,0013-06-14 06:30:00,13,6,14,6,30,910,570,RN 104,,,Plein jour,Hors agglomération,Hors intersection,Normale,Autre collision,,,,,,,,,,,1,1,1,1.0,6
201300047576,0013-06-14 08:10:00,13,6,14,8,10,940,34,AUTOROUTE A86,48.7582,2.3265,Plein jour,Hors agglomération,Hors intersection,Normale,Deux véhicules - arrière,,,,,,,,,,,1,1,1,1.0,2
201300047577,0013-06-14 19:57:00,13,6,14,19,57,910,434,AUTOROUTE A6,,,Plein jour,Hors agglomération,Hors intersection,Normale,Deux véhicules - arrière,,,,,,,,,,,1,1,1,1.0,2
201300047578,0013-06-17 09:57:00,13,6,17,9,57,910,174,AUTOROUTE A6,,,Plein jour,Hors agglomération,Hors intersection,Pluie forte,Trois véhicules et plus - en chaîne,,,,,,,,,,,1,1,1,3.0,4