accident_id,datetime,annee,mois,jour,heure,minute,departement,commune_insee,adresse,latitude,longitude,luminosite,agglomeration,intersection,meteo,collision,nb_vehicules,nb_usagers,nb_indemnes,nb_tues,nb_blesses_hosp,nb_blesses_legers,age_cond_1,age_cond_2,veh_type_cond_1,veh_type_cond_2,lum_code,agg_code,int_code,atm_code,col_code
201300047712,0013-09-07 00:29:00,13,9,7,0,29,910,377,RD 188,,,Nuit avec éclairage allumé,Hors agglomération,Hors intersection,Normale,Sans collision,,,,,,,,,,,5,1,1,1.0,7
201300047713,0013-09-07 20:36:00,13,9,7,20,36,910,216,AUTOROUTE A6,,,Nuit sans éclairage public,Hors agglomération,Hors intersection,Normale,Deux véhicules - côté,,,,,,,,,,,3,1,1,1.0,3
201300047714,0013-09-09 07:45:00,13,9,9,7,45,920,2,AUTOROUTE A10,,,Plein jour,Hors agglomération,Hors intersection,Normale,Deux véhicules - arrière,,,,,,,,,,,1,1,1,1.0,2
201300047715,0013-09-09 15:45:00,13,9,9,15,45,920,2,AUTOROUTE A10,,,Plein jour,Hors agglomération,Hors intersection,Pluie légère,Deux véhicules - côté,,,,,,,,,,,1,1,1,2.0,3
201300047716,0013-09-09 16:30:00,13,9,9,16,30,940,21,AUTOROUTE A6B,48.7599,2.33844,Plein jour,Hors agglomération,Hors intersection,Pluie légère,Deux véhicules - frontale,,,,,,,,,,,1,1,1,2.0,1
201300047717,0013-09-10 07:45:00,13,9,10,7,45,910,161,AUTOROUTE A6,,,Plein jour,Hors agglomération,Hors intersection,Normale,Sans collision,,,,,,,,,,,1,1,1,1.0,7
201300047718,0013-09-10 13:54:00,13,9,10,13,54,910,161,AUTOROUTE A6,,,Plein jour,Hors agglomération,Hors intersection,Normale,Sans collision,,,,,,,,,,,1,1,1,1.0,7
201300047719,0013-09-10 17:12:00,13,9,10,17,12,910,136,AUTOROUTE A126,,,Plein jour,Hors agglomération,Hors intersection,Normale,Deux véhicules - côté,,,,,,,,,,,1,1,1,1.0,3
201300047720,0013-09-11 07:20:00,13,9,11,7,20,940,76,AUTOROUTE A6B,48.7875,2.34579,Plein jour,Hors agglomération,Hors intersection,Normale,Deux véhicules - côté,,,,,,,,,,,1,1,1,1.0,3
201300047721,0013-09-12 07:38:00,13,9,12,7,38,910,521,AUTOROUTE A6,,,Plein jour,Hors agglomération,Hors intersection,Pluie légère,Deux véhicules - côté,,,,,,,,,,,1,1,1,2.0,3
201300047722,0013-09-13 20:58:00,13,9,13,20,58,940,38,AUTOROUTE A6A,48.7885,2.34453,Nuit avec éclairage allumé,Hors agglomération,Hors intersection,Pluie légère,Autre collision,,,,,,,,,,,5,1,1,2.0,6
201300047723,0013-09-14 14:35:00,13,9,14,14,35,910,136,AUTOROUTE A10,,,Plein jour,Hors agglomération,Hors intersection,Pluie légère,Trois véhicules et plus - en chaîne,,,,,,,,,,,1,1,1,2.0,4
201300047724,0013-09-14 23:30:00,13,9,14,23,30,940,34,AUTOROUTE A86,48.762,2.31445,Nuit sans éclairage public,Hors agglomération,Hors intersection,Pluie légère,Deux véhicules - côté,,,,,,,,,,,3,1,1,2.0,3
201300047725,0013-09-15 07:08:00,13,9,15,7,8,910,64,RN 118,,,Plein jour,Hors agglomération,Hors intersection,Normale,Autre collision,,,,,,,,,,,1,1,1,1.0,6
201300047726,0013-09-15 09:10:00,13,9,15,9,10,910,340,RN 104,,,Plein jour,Hors agglomération,Hors intersection,Normale,Trois véhicules et plus - collisions multiples,,,,,,,,,,,1,1,1,1.0,5
201300047727,0013-09-15 21:10:00,13,9,15,21,10,940,43,AUTOROUTE A6B,48.8046,2.34451,Nuit avec éclairage allumé,Hors agglomération,Hors intersection,Normale,Trois véhicules et plus - collisions multiples,,,,,,,,,,,5,1,1,1.0,5
201300047728,0013-09-15 21:45:00,13,9,15,21,45,910,174,RN 104,,,Nuit avec éclairage allumé,Hors agglomération,Hors intersection,Normale,Sans collision,,,,,,,,,,,5,1,1,1.0,7
201300047729,0013-09-17 07:50:00,13,9,17,7,50,940,76,AUTOROUTE A6B,48.7876,2.34575,Plein jour,Hors agglomération,Hors intersection,Normale,Deux véhicules - côté,,,,,,,,,,,1,1,1,1.0,3
201300047730,0013-09-17 09:00:00,13,9,17,9,0,910,136,AUTOROUTE A10,,,Plein jour,Hors agglomération,Hors intersection,Normale,Deux véhicules - côté,,,,,,,,,,,1,1,1,1.0,3
201300047731,0013-09-17 08:52:00,13,9,17,8,52,910,340,RN 104,,,Plein jour,Hors agglomération,Hors intersection,Normale,Deux véhicules - arrière,,,,,,,,,,,1,1,1,1.0,2
201300047732,0013-09-18 10:00:00,13,9,18,10,0,940,43,AUTOROUTE A6B,48.807,2.34672,Plein jour,Hors agglomération,Hors intersection,Normale,Deux véhicules - côté,,,,,,,,,,,1,1,1,1.0,3
201300047733,0013-09-19 10:25:00,13,9,19,10,25,910,689,AUTOROUTE A6A,,,Plein jour,Hors agglomération,Hors intersection,Normale,Deux véhicules - côté,,,,,,,,,,,1,1,1,1.0,3
201300047734,0013-09-18 19:37:00,13,9,18,19,37,940,38,AUTOROUTE A6A,48.7871,2.34538,Plein jour,Hors agglomération,Hors intersection,Normale,Sans collision,,,,,,,,,,,1,1,1,1.0,7
201300047735,0013-09-18 20:45:00,13,9,18,20,45,940,21,AUTOROUTE A6B,48.7611,2.33902,Plein jour,Hors agglomération,Hors intersection,Normale,Deux véhicules - arrière,,,,,,,,,,,1,1,1,1.0,2
201300047736,0013-09-19 17:27:00,13,9,19,17,27,940,76,AUTOROUTE A6B,48.7912,2.34455,Plein jour,Hors agglomération,Hors intersection,Normale,Deux véhicules - côté,,,,,,,,,,,1,1,1,1.0,3
201300047737,0013-09-19 17:59:00,13,9,19,17,59,910,161,AUTOROUTE A6,,,Plein jour,Hors agglomération,Hors intersection,Normale,Deux véhicules - côté,,,,,,,,,,,1,1,1,1.0,3
201300047738,0013-09-20 10:47:00,13,9,20,10,47,940,38,AUTOROUTE A6B,48.7874,2.34482,Plein jour,Hors agglomération,Hors intersection,Normale,Sans collision,,,,,,,,,,,1,1,1,1.0,7
201300047739,0013-09-20 12:53:00,13,9,20,12,53,940,38,AUTOROUTE A6B,48.7873,2.34487,Plein jour,Hors agglomération,Hors intersection,Normale,Trois véhicules et plus - en chaîne,,,,,,,,,,,1,1,1,1.0,4
201300047740,0013-09-20 18:55:00,13,9,20,18,55,910,64,RN 118,,,Plein jour,Hors agglomération,Hors intersection,Normale,Deux véhicules - côté,,,,,,,,,,,1,1,1,1.0,3
201300047741,0013-09-21 15:30:00,13,9,21,15,30,940,34,AUTOROUTE A86,48.761,2.31808,Plein jour,Hors agglomération,Hors intersection,Normale,Deux véhicules - arrière,,,,,,,,,,,1,1,1,1.0,2
201300047742,0013-09-21 19:30:00,13,9,21,19,30,910,182,RN 104,,,Plein jour,Hors agglomération,Hors intersection,Normale,Sans collision,,,,,,,,,,,1,1,1,1.0,7
201300047743,0013-09-22 09:30:00,13,9,22,9,30,910,434,AUTOROUTE A6,,,Plein jour,Hors agglomération,Hors intersection,Normale,Sans collision,,,,,,,,,,,1,1,1,1.0,7
201300047744,0013-09-23 07:10:00,13,9,23,7,10,910,534,RN 118,,,Plein jour,Hors agglomération,Hors intersection,Normale,Deux véhicules - côté,,,,,,,,,,,1,1,1,1.0,3
201300047745,0013-09-23 18:03:00,13,9,23,18,3,910,589,AUTOROUTE A6,,,Plein jour,Hors agglomération,Hors intersection,Normale,Deux véhicules - arrière,,,,,,,,,,,1,1,1,1.0,2
201300047746,0013-09-23 19:55:00,13,9,23,19,55,910,312,RD 444,,,Crépuscule ou aube,Hors agglomération,Hors intersection,Normale,Deux véhicules - côté,,,,,,,,,,,2,1,1,1.0,3
201300047747,0013-09-24 19:27:00,13,9,24,19,27,910,64,RN 118,,,Plein jour,Hors agglomération,Hors intersection,Normale,Deux véhicules - arrière,,,,,,,,,,,1,1,1,1.0,2
201300047748,0013-09-25 11:55:00,13,9,25,11,55,940,34,AUTOROUTE A6B,48.753,2.33159,Plein jour,Hors agglomération,Hors intersection,Normale,Deux véhicules - arrière,,,,,,,,,,,1,1,1,1.0,2
201300047749,0013-09-26 18:50:00,13,9,26,18,50,920,2,AUTOROUTE A86,,,Plein jour,Hors agglomération,Hors intersection,Normale,Trois véhicules et plus - collisions multiples,,,,,,,,,,,1,1,1,1.0,5
201300047750,0013-09-26 18:30:00,13,9,26,18,30,920,2,AUTOROUTE A86,,,Plein jour,Hors agglomération,Hors intersection,Normale,Deux véhicules - côté,,,,,,,,,,,1,1,1,1.0,3
201300047751,0013-09-26 18:40:00,13,9,26,18,40,910,521,AUTOROUTE A6,,,Plein jour,Hors agglomération,Hors intersection,Normale,Deux véhicules - arrière,,,,,,,,,,,1,1,1,1.0,2
201300047752,0013-09-26 23:30:00,13,9,26,23,30,910,689,AUTOROUTE A6B,,,Nuit sans éclairage public,Hors agglomération,Hors intersection,Normale,Deux véhicules - arrière,,,,,,,,,,,3,1,1,1.0,2
201300047753,0013-09-28 07:40:00,13,9,28,7,40,940,43,AUTOROUTE A6B,48.8103,2.34982,Plein jour,Hors agglomération,Hors intersection,Normale,Sans collision,,,,,,,,,,,1,1,1,1.0,7
201300047754,0013-09-29 02:30:00,13,9,29,2,30,910,340,AUTOROUTE A6,,,Nuit sans éclairage public,Hors agglomération,Hors intersection,Pluie légère,Deux véhicules - côté,,,,,,,,,,,3,1,1,2.0,3
201300047755,0013-09-29 18:03:00,13,9,29,18,3,940,34,AUTOROUTE A86,48.7616,2.31562,Plein jour,Hors agglomération,Hors intersection,Pluie légère,Trois véhicules et plus - en chaîne,,,,,,,,,,,1,1,1,2.0,4
201300047756,0013-09-29 23:15:00,13,9,29,23,15,910,64,RN 118,,,Nuit sans éclairage public,Hors agglomération,Hors intersection,Pluie légère,Sans collision,,,,,,,,,,,3,1,1,2.0,7
201300047757,0013-09-30 07:30:00,13,9,30,7,30,940,38,AUTOROUTE A6A,48.7907,2.34425,Plein jour,Hors agglomération,Hors intersection,Normale,Trois véhicules et plus - collisions multiples,,,,,,,,,,,1,1,1,1.0,5
201300047758,0013-09-30 09:40:00,13,9,30,9,40,910,286,AUTOROUTE A6,,,Plein jour,Hors agglomération,Hors intersection,Normale,Deux véhicules - côté,,,,,,,,,,,1,1,1,1.0,3
201300047759,0013-09-30 14:08:00,13,9,30,14,8,910,136,RD 188,,,Plein jour,Hors agglomération,Hors intersection,Normale,Trois véhicules et plus - en chaîne,,,,,,,,,,,1,1,1,1.0,4
201300047760,0013-10-01 07:57:00,13,10,1,7,57,910,161,AUTOROUTE A6,,,Plein jour,Hors agglomération,Hors intersection,Normale,Sans collision,,,,,,,,,,,1,1,1,1.0,7
201300047761,0013-10-02 17:30:00,13,10,2,17,30,910,549,RN 104,,,Plein jour,Hors agglomération,Hors intersection,Normale,Autre collision,,,,,,,,,,,1,1,1,1.0,6
201300047762,0013-10-02 23:15:00,13,10,2,23,15,910,434,AUTOROUTE A6,,,Nuit sans éclairage public,Hors agglomération,Hors intersection,Normale,Sans collision,,,,,,,,,,,3,1,1,1.0,7
201300047763,0013-10-04 01:40:00,13,10,4,1,40,940,34,AUTOROUTE A6B,48.7569,2.33512,Nuit sans éclairage public,Hors agglomération,Hors intersection,Normale,Deux véhicules - arrière,,,,,,,,,,,3,1,1,1.0,2
201300047764,0013-10-04 08:45:00,13,10,4,8,45,910,363,RN 104,,,Plein jour,Hors agglomération,Hors intersection,Normale,Deux véhicules - côté,,,,,,,,,,,1,1,1,1.0,3
201300047765,0013-10-04 09:15:00,13,10,4,9,15,910,521,AUTOROUTE A6,,,Plein jour,Hors agglomération,Hors intersection,Normale,Deux véhicules - arrière,,,,,,,,,,,1,1,1,1.0,2
201300047766,0013-10-04 16:45:00,13,10,4,16,45,910,659,AUTOROUTE A6,,,Plein jour,Hors agglomération,Hors intersection,Normale,Deux véhicules - côté,,,,,,,,,,,1,1,1,1.0,3
201300047767,0013-10-04 20:46:00,13,10,4,20,46,910,666,RD 118,,,Nuit sans éclairage public,Hors agglomération,Hors intersection,Normale,Trois véhicules et plus - en chaîne,,,,,,,,,,,3,1,1,1.0,4
201300047768,0013-10-05 12:10:00,13,10,5,12,10,910,64,RN 118,,,Plein jour,Hors agglomération,Hors intersection,Normale,Trois véhicules et plus - en chaîne,,,,,,,,,,,1,1,1,1.0,4
201300047769,0013-10-05 17:57:00,13,10,5,17,57,910,363,RN 104,,,Plein jour,Hors agglomération,Hors intersection,Normale,Sans collision,,,,,,,,,,,1,1,1,1.0,7
201300047770,0013-10-07 08:05:00,13,10,7,8,5,910,228,AUTOROUTE A6,,,Plein jour,Hors agglomération,Hors intersection,Normale,Deux véhicules - arrière,,,,,,,,,,,1,1,1,1.0,2
201300047771,0013-10-07 08:24:00,13,10,7,8,24,910,432,AUTOROUTE A6,,,Plein jour,Hors agglomération,Hors intersection,Normale,Autre collision,,,,,,,,,,,1,1,1,1.0,6
201300047772,0013-10-07 17:54:00,13,10,7,17,54,910,235,RN 104,,,Plein jour,Hors agglomération,Hors intersection,Normale,Deux véhicules - arrière,,,,,,,,,,,1,1,1,1.0,2
201300047773,0013-10-08 08:10:00,13,10,8,8,10,910,521,AUTOROUTE A6,,,Plein jour,Hors agglomération,Hors intersection,Normale,Deux véhicules - côté,,,,,,,,,,,1,1,1,1.0,3
201300047774,0013-10-10 08:15:00,13,10,10,8,15,910,377,AUTOROUTE A10,,,Plein jour,Hors agglomération,Hors intersection,Pluie légère,Sans collision,,,,,,,,,,,1,1,1,2.0,7
201300047775,0013-10-10 08:30:00,13,10,10,8,30,910,521,AUTOROUTE A6,,,Plein jour,Hors agglomération,Hors intersection,Pluie légère,Trois véhicules et plus - en chaîne,,,,,,,,,,,1,1,1,2.0,4
201300047776,0013-10-10 08:25:00,13,10,10,8,25,910,377,AUTOROUTE A10,,,Plein jour,Hors agglomération,Hors intersection,Pluie légère,Deux véhicules - arrière,,,,,,,,,,,1,1,1,2.0,2
201300047777,0013-10-10 08:40:00,13,10,10,8,40,910,174,RN 104,,,Plein jour,Hors agglomération,Hors intersection,Pluie légère,Trois véhicules et plus - en chaîne,,,,,,,,,,,1,1,1,2.0,4
201300047778,0013-10-11 00:56:00,13,10,11,0,56,910,659,AUTOROUTE A6,,,Nuit sans éclairage public,Hors agglomération,Hors intersection,Pluie légère,Sans collision,,,,,,,,,,,3,1,1,2.0,7
201300047779,0013-10-11 07:50:00,13,10,11,7,50,910,689,AUTOROUTE A6A,,,Plein jour,Hors agglomération,Hors intersection,Pluie légère,Trois véhicules et plus - collisions multiples,,,,,,,,,,,1,1,1,2.0,5
201300047780,0013-10-11 08:30:00,13,10,11,8,30,940,65,AUTOROUTE A86,48.7555,2.34366,Crépuscule ou aube,Hors agglomération,Hors intersection,Pluie légère,Trois véhicules et plus - collisions multiples,,,,,,,,,,,2,1,1,2.0,5
201300047781,0013-10-11 09:00:00,13,10,11,9,0,910,661,AUTOROUTE A10,,,Plein jour,Hors agglomération,Hors intersection,Pluie légère,Trois véhicules et plus - collisions multiples,,,,,,,,,,,1,1,1,2.0,5
201300047782,0013-10-11 13:15:00,13,10,11,13,15,910,689,AUTOROUTE A6A,,,Plein jour,Hors agglomération,Hors intersection,Pluie légère,Sans collision,,,,,,,,,,,1,1,1,2.0,7
201300047783,0013-10-12 07:25:00,13,10,12,7,25,910,589,AUTOROUTE A6,,,Crépuscule ou aube,Hors agglomération,Hors intersection,Pluie légère,Deux véhicules - arrière,,,,,,,,,,,2,1,1,2.0,2
201300047784,0013-10-13 08:40:00,13,10,13,8,40,910,37,AUTOROUTE A6,,,Plein jour,Hors agglomération,Hors intersection,Normale,Deux véhicules - côté,,,,,,,,,,,1,1,1,1.0,3
201300047785,0013-10-14 07:39:00,13,10,14,7,39,910,161,AUTOROUTE A6,,,Crépuscule ou aube,Hors agglomération,Hors intersection,Normale,Deux véhicules - côté,,,,,,,,,,,2,1,1,1.0,3
201300047786,0013-10-14 08:15:00,13,10,14,8,15,910,345,AUTOROUTE A6,,,Plein jour,Hors agglomération,Hors intersection,Normale,Deux véhicules - côté,,,,,,,,,,,1,1,1,1.0,3
201300047787,0013-10-15 06:51:00,13,10,15,6,51,910,286,AUTOROUTE A6,,,Crépuscule ou aube,Hors agglomération,Hors intersection,Normale,Deux véhicules - côté,,,,,,,,,,,2,1,1,1.0,3
201300047788,0013-10-15 09:00:00,13,10,15,9,0,910,161,AUTOROUTE A6,,,Plein jour,Hors agglomération,Hors intersection,Pluie légère,Trois véhicules et plus - en chaîne,,,,,,,,,,,1,1,1,2.0,4
201300047789,0013-10-15 14:45:00,13,10,15,14,45,910,692,RN 118,,,Plein jour,Hors agglomération,Hors intersection,Pluie légère,Autre collision,,,,,,,,,,,1,1,1,2.0,6
201300047790,0013-10-17 18:00:00,13,10,17,18,0,910,161,AUTOROUTE A126,,,Plein jour,Hors agglomération,Hors intersection,Pluie légère,Deux véhicules - côté,,,,,,,,,,,1,1,1,2.0,3
201300047791,0013-10-15 15:50:00,13,10,15,15,50,910,363,RN 104,,,Plein jour,Hors agglomération,Hors intersection,Pluie légère,Deux véhicules - arrière,,,,,,,,,,,1,1,1,2.0,2
201300047792,0013-10-16 05:40:00,13,10,16,5,40,940,34,AUTOROUTE A86,48.7565,2.33408,Plein jour,Hors agglomération,Hors intersection,Pluie légère,Deux véhicules - côté,,,,,,,,,,,1,1,1,2.0,3
201300047793,0013-10-16 08:50:00,13,10,16,8,50,910,339,RN 104,,,Plein jour,Hors agglomération,Hors intersection,Pluie légère,Trois véhicules et plus - en chaîne,,,,,,,,,,,1,1,1,2.0,4
201300047794,0013-10-16 16:30:00,13,10,16,16,30,910,64,RN 118,,,Plein jour,Hors agglomération,Hors intersection,Pluie légère,Trois véhicules et plus - collisions multiples,,,,,,,,,,,1,1,1,2.0,5
201300047795,0013-10-16 17:00:00,13,10,16,17,0,910,179,AUTOROUTE A6,,,Plein jour,Hors agglomération,Hors intersection,Pluie légère,Autre collision,,,,,,,,,,,1,1,1,2.0,6
201300047796,0013-10-16 18:40:00,13,10,16,18,40,910,589,AUTOROUTE A6,,,Crépuscule ou aube,Hors agglomération,Hors intersection,Pluie légère,Trois véhicules et plus - en chaîne,,,,,,,,,,,2,1,1,2.0,4
201300047797,0013-10-19 07:10:00,13,10,19,7,10,910,216,AUTOROUTE A6,,,Nuit sans éclairage public,Hors agglomération,Hors intersection,Normale,Autre collision,,,,,,,,,,,3,1,1,1.0,6
201300047798,0013-10-20 06:34:00,13,10,20,6,34,910,377,RN20,,,Nuit avec éclairage non allumé,Hors agglomération,Hors intersection,Temps couvert,Deux véhicules - arrière,,,,,,,,,,,4,1,1,8.0,2
201300047799,0013-10-20 14:00:00,13,10,20,14,0,910,363,AUTOROUTE A10,,,Plein jour,Hors agglomération,Hors intersection,Temps couvert,Deux véhicules - côté,,,,,,,,,,,1,1,1,8.0,3
201300047800,0013-10-21 08:58:00,13,10,21,8,58,910,363,RN 104,,,Plein jour,Hors agglomération,Hors intersection,Normale,Deux véhicules - côté,,,,,,,,,,,1,1,1,1.0,3
201300047801,0013-10-21 10:18:00,13,10,21,10,18,910,377,AUTOROUTE A10,,,Plein jour,Hors agglomération,Hors intersection,Normale,Deux véhicules - côté,,,,,,,,,,,1,1,1,1.0,3
201300047802,0013-10-21 17:30:00,13,10,21,17,30,910,286,RD 310,,,Plein jour,Hors agglomération,Hors intersection,Normale,Deux véhicules - arrière,,,,,,,,,,,1,1,1,1.0,2
201300047803,0013-10-21 18:00:00,13,10,21,18,0,910,345,AUTOROUTE A6,,,Plein jour,Hors agglomération,Hors intersection,Normale,Trois véhicules et plus - collisions multiples,,,,,,,,,,,1,1,1,1.0,5
201300047804,0013-10-21 22:58:00,13,10,21,22,58,910,182,RN 104,,,Nuit sans éclairage public,Hors agglomération,Hors intersection,Autre,Deux véhicules - arrière,,,,,,,,,,,3,1,1,9.0,2
201300047805,0013-10-22 07:45:00,13,10,22,7,45,910,689,AUTOROUTE A6A,,,Plein jour,Hors agglomération,Hors intersection,Normale,Deux véhicules - côté,,,,,,,,,,,1,1,1,1.0,3
201300047806,0013-10-23 08:25:00,13,10,23,8,25,920,2,AUTOROUTE A86,,,Plein jour,Hors agglomération,Hors intersection,Normale,Trois véhicules et plus - collisions multiples,,,,,,,,,,,1,1,1,1.0,5
201300047807,0013-10-23 11:05:00,13,10,23,11,5,910,687,AUTOROUTE A6,,,Plein jour,Hors agglomération,Hors intersection,Normale,Trois véhicules et plus - en chaîne,,,,,,,,,,,1,1,1,1.0,4
201300047808,0013-10-24 16:52:00,13,10,24,16,52,920,2,AUTOROUTE A86,,,Plein jour,Hors agglomération,Hors intersection,Normale,Trois véhicules et plus - collisions multiples,,,,,,,,,,,1,1,1,1.0,5
201300047809,0013-10-23 18:14:00,13,10,23,18,14,910,161,AUTOROUTE A6,,,Plein jour,Hors agglomération,Hors intersection,Normale,Trois véhicules et plus - en chaîne,,,,,,,,,,,1,1,1,1.0,4
201300047810,0013-10-23 18:30:00,13,10,23,18,30,940,38,AUTOROUTE A6B,48.7875,2.34579,Plein jour,Hors agglomération,Hors intersection,Normale,Trois véhicules et plus - collisions multiples,,,,,,,,,,,1,1,1,1.0,5
201300047811,0013-10-23 21:53:00,13,10,23,21,53,910,570,RN 104,,,Nuit sans éclairage public,Hors agglomération,Hors intersection,Normale,Autre collision,,,,,,,,,,,3,1,1,1.0,6
201300047812,0013-10-24 17:32:00,13,10,24,17,32,910,689,AUTOROUTE A10,,,Plein jour,Hors agglomération,Hors intersection,Normale,Deux véhicules - côté,,,,,,,,,,,1,1,1,1.0,3
201300047813,0013-10-24 18:39:00,13,10,24,18,39,910,340,AUTOROUTE A6,,,Nuit sans éclairage public,Hors agglomération,Hors intersection,Normale,Trois véhicules et plus - collisions multiples,,,,,,,,,,,3,1,1,1.0,5
201300047814,0013-10-24 20:00:00,13,10,24,20,0,910,174,RN 104,,,Nuit avec éclairage allumé,Hors agglomération,Hors intersection,Normale,Deux véhicules - arrière,,,,,,,,,,,5,1,1,1.0,2
201300047815,0013-10-24 23:38:00,13,10,24,23,38,940,38,AUTOROUTE A6B,48.7724,2.34594,Nuit avec éclairage allumé,Hors agglomération,Hors intersection,Normale,Deux véhicules - arrière,,,,,,,,,,,5,1,1,1.0,2
201300047816,0013-10-25 07:50:00,13,10,25,7,50,910,521,RN 104,,,Plein jour,Hors agglomération,Hors intersection,Pluie légère,Sans collision,,,,,,,,,,,1,1,1,2.0,7
201300047817,0013-10-25 08:25:00,13,10,25,8,25,910,553,RN 104,,,Plein jour,Hors agglomération,Hors intersection,Pluie légère,Deux véhicules - arrière,,,,,,,,,,,1,1,1,2.0,2
201300047818,0013-10-25 18:55:00,13,10,25,18,55,910,64,RN 118,,,Plein jour,Hors agglomération,Hors intersection,Pluie légère,Deux véhicules - arrière,,,,,,,,,,,1,1,1,2.0,2
201300047819,0013-10-26 09:47:00,13,10,26,9,47,910,617,RN 104 INT / A5A PROVINC,,,Plein jour,Hors agglomération,Hors intersection,Pluie légère,Sans collision,,,,,,,,,,,1,1,1,2.0,7
201300047820,0013-10-27 11:38:00,13,10,27,11,38,910,521,RN 440,,,Plein jour,Hors agglomération,Hors intersection,Pluie légère,Sans collision,,,,,,,,,,,1,1,1,2.0,7
201300047821,0013-10-27 20:55:00,13,10,27,20,55,910,103,RN 104,,,Nuit avec éclairage allumé,Hors agglomération,Hors intersection,Pluie légère,Deux véhicules - arrière,,,,,,,,,,,5,1,1,2.0,2
201300047822,0013-10-27 22:00:00,13,10,27,22,0,910,471,RN 118,,,Nuit avec éclairage allumé,Hors agglomération,Hors intersection,Pluie forte,Autre collision,,,,,,,,,,,5,1,1,3.0,6
201300047823,0013-10-28 10:15:00,13,10,28,10,15,770,251,AUTOROUTE A5A,,,Plein jour,Hors agglomération,Hors intersection,Pluie légère,Deux véhicules - arrière,,,,,,,,,,,1,1,1,2.0,2
201300047824,0013-10-27 10:50:00,13,10,27,10,50,910,521,RN 104,,,Plein jour,Hors agglomération,Hors intersection,Pluie légère,Deux véhicules - côté,,,,,,,,,,,1,1,1,2.0,3
201300047825,0013-10-28 11:15:00,13,10,28,11,15,920,2,AUTOROUTE A10,,,Plein jour,Hors agglomération,Hors intersection,Pluie légère,Trois véhicules et plus - en chaîne,,,,,,,,,,,1,1,1,2.0,4
201300047826,0013-10-29 08:55:00,13,10,29,8,55,940,34,AUTOROUTE A6A,48.7567,2.3349,Plein jour,Hors agglomération,Hors intersection,Normale,Deux véhicules - côté,,,,,,,,,,,1,1,1,1.0,3
201300047827,0013-10-29 15:28:00,13,10,29,15,28,940,43,AUTOROUTE A6B,48.8151,2.35595,Plein jour,Hors agglomération,Hors intersection,Normale,Sans collision,,,,,,,,,,,1,1,1,1.0,7
201300047828,0013-10-30 15:37:00,13,10,30,15,37,910,363,RN 104,,,Plein jour,Hors agglomération,Hors intersection,Normale,Deux véhicules - côté,,,,,,,,,,,1,1,1,1.0,3
201300047829,0013-10-31 19:42:00,13,10,31,19,42,910,521,AUTOROUTE A6,,,Nuit sans éclairage public,Hors agglomération,Hors intersection,Normale,Deux véhicules - arrière,,,,,,,,,,,3,1,1,1.0,2
201300047830,0013-10-31 11:13:00,13,10,31,11,13,940,3,AUTOROUTE A6A,48.8064,2.34154,Plein jour,Hors agglomération,Hors intersection,Normale,Trois véhicules et plus - en chaîne,,,,,,,,,,,1,1,1,1.0,4
201300047831,0013-10-31 19:08:00,13,10,31,19,8,940,38,AUTOROUTE A6B,48.7874,2.34482,Nuit sans éclairage public,Hors agglomération,Hors intersection,Normale,Trois véhicules et plus - collisions multiples,,,,,,,,,,,3,1,1,1.0,5
201300047832,0013-10-31 19:53:00,13,10,31,19,53,910,136,AUTOROUTE A10,,,Nuit sans éclairage public,Hors agglomération,Hors intersection,Pluie légère,Trois véhicules et plus - en chaîne,,,,,,,,,,,3,1,1,2.0,4
201300047833,0013-11-01 15:15:00,13,11,1,15,15,910,64,RN 118,,,Plein jour,Hors agglomération,Hors intersection,Pluie légère,Autre collision,,,,,,,,,,,1,1,1,2.0,6
201300047834,0013-11-02 06:27:00,13,11,2,6,27,940,34,AUTOROUTE A86,48.7558,2.33785,Nuit avec éclairage allumé,Hors agglomération,Hors intersection,Pluie légère,Autre collision,,,,,,,,,,,5,1,1,2.0,6
201300047835,0013-11-02 07:18:00,13,11,2,7,18,940,34,AUTOROUTE A86,48.7557,2.33722,Crépuscule ou aube,Hors agglomération,Hors intersection,Pluie légère,Trois véhicules et plus - collisions multiples,,,,,,,,,,,2,1,1,2.0,5
201300047836,0013-11-02 10:03:00,13,11,2,10,3,940,34,AUTOROUTE A86,48.7602,2.32049,Plein jour,Hors agglomération,Hors intersection,Normale,Autre collision,,,,,,,,,,,1,1,1,1.0,6
201300047837,0013-11-02 15:20:00,13,11,2,15,20,940,65,AUTOROUTE A86,48.7553,2.34453,Plein jour,Hors agglomération,Hors intersection,Normale,Sans collision,,,,,,,,,,,1,1,1,1.0,7
201300047838,0013-11-03 02:00:00,13,11,3,2,0,940,34,AUTOROUTE A86,48.7601,2.32074,Nuit sans éclairage public,Hors agglomération,Hors intersection,Temps couvert,Autre collision,,,,,,,,,,,3,1,1,8.0,6
201300047839,0013-11-03 12:00:00,13,11,3,12,0,940,3,AUTOROUTE A6B,48.8008,2.34372,Plein jour,Hors agglomération,Hors intersection,Normale,Trois véhicules et plus - en chaîne,,,,,,,,,,,1,1,1,1.0,4
201300047840,0013-11-04 09:05:00,13,11,4,9,5,910,432,AUTOROUTE A6,,,Plein jour,Hors agglomération,Hors intersection,Pluie forte,Deux véhicules - côté,,,,,,,,,,,1,1,1,3.0,3