accident_id,datetime,annee,mois,jour,heure,minute,departement,commune_insee,adresse,latitude,longitude,luminosite,agglomeration,intersection,meteo,collision,nb_vehicules,nb_usagers,nb_indemnes,nb_tues,nb_blesses_hosp,nb_blesses_legers,age_cond_1,age_cond_2,veh_type_cond_1,veh_type_cond_2,lum_code,agg_code,int_code,atm_code,col_code
201300048098,0013-12-13 07:11:00,13,12,13,7,11,202,37,"SANS, TOUTES RUES",,,Nuit avec éclairage allumé,En agglomération,Hors intersection,Normale,Deux véhicules - arrière,,,,,,,,,,,5,2,1,1.0,2
201300048099,0013-12-16 15:55:00,13,12,16,15,55,202,37,"SANS, TOUTES RUES",,,Nuit avec éclairage allumé,Hors agglomération,Hors intersection,Normale,Deux véhicules - frontale,,,,,,,,,,,5,1,1,1.0,1
201300048100,0013-12-17 10:50:00,13,12,17,10,50,202,33,"SANS, FRONT DE MER - ROU",,,Plein jour,En agglomération,Hors intersection,Normale,Deux véhicules - arrière,,,,,,,,,,,1,2,1,1.0,2
201300048101,0013-12-17 09:47:00,13,12,17,9,47,202,33,"SANS, ROUTE ROYALE",,,Plein jour,En agglomération,Hors intersection,Normale,Autre collision,,,,,,,,,,,1,2,1,1.0,6
201300048102,0013-12-17 09:54:00,13,12,17,9,54,202,33,"12, VEZZANI - RUE CESAR",,,Plein jour,En agglomération,Hors intersection,Normale,Deux véhicules - arrière,,,,,,,,,,,1,2,1,1.0,2
201300048103,0013-12-27 10:52:00,13,12,27,10,52,202,33,"SANS, FRONT DE MER - ROU",,,Plein jour,Hors agglomération,Hors intersection,Normale,Deux véhicules - arrière,,,,,,,,,,,1,1,1,1.0,2
201300048104,0013-12-27 14:51:00,13,12,27,14,51,202,33,"SANS, ROUTE ROYALE",,,Plein jour,En agglomération,Hors intersection,Normale,Autre collision,,,,,,,,,,,1,2,1,1.0,6
201300048105,0013-12-28 17:05:00,13,12,28,17,5,202,33,"SANS, VEZZANI - RUE CESA",,,Plein jour,En agglomération,Hors intersection,Normale,Autre collision,,,,,,,,,,,1,2,1,1.0,6
201300048106,0013-12-28 15:00:00,13,12,28,15,0,202,33,"5, SARI - AV EMILE",,,Plein jour,En agglomération,Hors intersection,Normale,Deux véhicules - côté,,,,,,,,,,,1,2,1,1.0,3
201300048107,0013-12-31 21:24:00,13,12,31,21,24,202,33,"sans, MIOT - RUE",,,Nuit avec éclairage allumé,En agglomération,Hors intersection,Normale,Autre collision,,,,,,,,,,,5,2,1,1.0,6
201300048108,0013-01-09 23:10:00,13,1,9,23,10,690,382,"27, COURS SUCHET",,,Nuit avec éclairage allumé,En agglomération,Hors intersection,Normale,Deux véhicules - côté,,,,,,,,,,,5,2,1,1.0,3
201300048109,0013-01-11 14:30:00,13,1,11,14,30,690,382,"14, COURS DE VERDUN PERR",,,Plein jour,En agglomération,Hors intersection,Normale,Autre collision,,,,,,,,,,,1,2,1,1.0,6
201300048110,0013-01-18 02:00:00,13,1,18,2,0,690,382,TREMIE 2 DU CENTRE D ECH,,,Nuit avec éclairage allumé,Hors agglomération,Hors intersection,Normale,Autre collision,,,,,,,,,,,5,1,1,1.0,6
201300048111,0013-01-19 01:30:00,13,1,19,1,30,690,382,"85, CHARLEMAGNE",,,Nuit avec éclairage allumé,En agglomération,Hors intersection,Pluie légère,Trois véhicules et plus - en chaîne,,,,,,,,,,,5,2,1,2.0,4
201300048112,0013-01-09 07:45:00,13,1,9,7,45,690,382,GRENETTE,,,Crépuscule ou aube,En agglomération,Hors intersection,Normale,Autre collision,,,,,,,,,,,2,2,1,1.0,6
201300048113,0013-02-14 14:40:00,13,2,14,14,40,690,382,GRENETTE,,,Plein jour,En agglomération,Intersection en X,Normale,Autre collision,,,,,,,,,,,1,2,2,1.0,6
201300048114,0013-02-01 15:25:00,13,2,1,15,25,690,382,"59, RUE PRESIDENT EDOUAR",,,Plein jour,En agglomération,Hors intersection,Normale,Sans collision,,,,,,,,,,,1,2,1,1.0,7
201300048115,0013-02-13 10:45:00,13,2,13,10,45,690,382,"3, RUE PAUL MONTROCHET",,,Plein jour,En agglomération,Hors intersection,Normale,Sans collision,,,,,,,,,,,1,2,1,1.0,7
201300048116,0013-02-14 17:00:00,13,2,14,17,0,690,382,RUE PAUL MONTROCHET,,,Plein jour,En agglomération,Intersection en T,Pluie légère,Autre collision,,,,,,,,,,,1,2,3,2.0,6
201300048117,0013-02-17 02:10:00,13,2,17,2,10,690,382,"12, QUAI JULES COURMONT",,,Nuit avec éclairage allumé,En agglomération,Hors intersection,Normale,Autre collision,,,,,,,,,,,5,2,1,1.0,6
201300048118,0013-02-19 10:45:00,13,2,19,10,45,690,382,"58, COURS CHARLEMAGNE",,,Plein jour,En agglomération,Hors intersection,Normale,Autre collision,,,,,,,,,,,1,2,1,1.0,6
201300048119,0013-02-20 13:55:00,13,2,20,13,55,690,382,RUE PAUL MONTROCHET,,,Plein jour,En agglomération,Hors intersection,Normale,Trois véhicules et plus - collisions multiples,,,,,,,,,,,1,2,1,1.0,5
201300048120,0013-02-26 14:10:00,13,2,26,14,10,690,382,"11, QUAI DES CELESTINS",,,Plein jour,En agglomération,Hors intersection,Normale,Deux véhicules - arrière,,,,,,,,,,,1,2,1,1.0,2
201300048121,0013-02-28 18:50:00,13,2,28,18,50,690,382,LAFAYETTE,,,Nuit avec éclairage allumé,En agglomération,Hors intersection,Normale,Deux véhicules - arrière,,,,,,,,,,,5,2,1,1.0,2
201300048122,0013-03-16 16:55:00,13,3,16,16,55,690,382,"12, JULES COURMONT",,,Plein jour,En agglomération,Hors intersection,Normale,Autre collision,,,,,,,,,,,1,2,1,1.0,6
201300048123,0013-04-01 23:00:00,13,4,1,23,0,690,382,"32, PERRACHE",,,Nuit avec éclairage allumé,En agglomération,Hors intersection,Normale,Autre collision,,,,,,,,,,,5,2,1,1.0,6
201300048124,0013-04-03 22:20:00,13,4,3,22,20,690,382,"20, REPUBLIQUE (DE LA)",,,Nuit avec éclairage allumé,En agglomération,Hors intersection,Normale,Autre collision,,,,,,,,,,,5,2,1,1.0,6
201300048125,0013-04-05 17:30:00,13,4,5,17,30,690,382,"44, DOCTEUR GAILLETON (D",,,Plein jour,En agglomération,Hors intersection,Pluie légère,Trois véhicules et plus - en chaîne,,,,,,,,,,,1,2,1,2.0,4
201300048126,0013-04-13 19:15:00,13,4,13,19,15,690,382,DELANDINE,,,Plein jour,En agglomération,Intersection en X,Normale,Autre collision,,,,,,,,,,,1,2,2,1.0,6
201300048127,0013-04-12 00:05:00,13,4,12,0,5,690,382,"13, JULES COURMONT",,,Nuit avec éclairage allumé,En agglomération,Intersection en X,Pluie légère,Deux véhicules - côté,,,,,,,,,,,5,2,2,2.0,3
201300048128,0013-04-23 15:15:00,13,4,23,15,15,690,382,"38, RUE DES REMPARTS D A",,,Plein jour,En agglomération,Hors intersection,Normale,Autre collision,,,,,,,,,,,1,2,1,1.0,6
201300048129,0013-04-23 15:30:00,13,4,23,15,30,690,382,"190, CHARLEMAGNE",,,Plein jour,En agglomération,Hors intersection,Normale,Trois véhicules et plus - en chaîne,,,,,,,,,,,1,2,1,1.0,4
201300048130,0013-04-21 02:40:00,13,4,21,2,40,690,382,"40, RAMBAUD",,,Nuit avec éclairage allumé,En agglomération,Hors intersection,Normale,Sans collision,,,,,,,,,,,5,2,1,1.0,7
201300048131,0013-05-17 18:40:00,13,5,17,18,40,690,382,"face 12, QUAI JULES COUR",,,Plein jour,En agglomération,Hors intersection,Pluie légère,Autre collision,,,,,,,,,,,1,2,1,2.0,6
201300048132,0013-05-19 04:40:00,13,5,19,4,40,690,382,COURS SUCHET,,,Nuit avec éclairage allumé,En agglomération,Intersection en X,Normale,Autre collision,,,,,,,,,,,5,2,2,1.0,6
201300048133,0013-05-06 09:05:00,13,5,6,9,5,690,382,"01, QUAI JULES COURMONT",,,Plein jour,En agglomération,Autre intersection,Normale,Deux véhicules - arrière,,,,,,,,,,,1,2,9,1.0,2
201300048134,0013-05-09 21:00:00,13,5,9,21,0,690,382,DOCTEUR GAILLETON (DU),,,Nuit avec éclairage allumé,En agglomération,Hors intersection,Normale,Autre collision,,,,,,,,,,,5,2,1,1.0,6
201300048135,0013-05-08 18:45:00,13,5,8,18,45,690,382,"11, QUAI DES CELESTINS",,,Plein jour,En agglomération,Hors intersection,Pluie légère,Autre collision,,,,,,,,,,,1,2,1,2.0,6
201300048136,0013-05-16 18:45:00,13,5,16,18,45,690,382,PERRACHE,,,Plein jour,En agglomération,Hors intersection,Pluie légère,Trois véhicules et plus - en chaîne,,,,,,,,,,,1,2,1,2.0,4
201300048137,0013-05-18 03:00:00,13,5,18,3,0,690,382,"45, DOCTEUR GAILLETON (D",,,Nuit avec éclairage allumé,En agglomération,Hors intersection,Normale,Autre collision,,,,,,,,,,,5,2,1,1.0,6
201300048138,0013-05-22 15:05:00,13,5,22,15,5,690,382,"10, MARECHAL JOFFRE (DU)",,,Plein jour,En agglomération,Hors intersection,Normale,Deux véhicules - côté,,,,,,,,,,,1,2,1,1.0,3
201300048139,0013-05-25 23:30:00,13,5,25,23,30,690,382,RUE VUILLERME,,,Nuit avec éclairage allumé,En agglomération,Hors intersection,Normale,Autre collision,,,,,,,,,,,5,2,1,1.0,6
201300048140,0013-05-29 17:10:00,13,5,29,17,10,690,382,"1, JULES COURMONT",,,Plein jour,En agglomération,Hors intersection,Pluie forte,Deux véhicules - côté,,,,,,,,,,,1,2,1,3.0,3
201300048141,0013-05-31 08:50:00,13,5,31,8,50,690,382,"16, RUE THOMASSIN",,,Plein jour,En agglomération,Intersection en T,Normale,Deux véhicules - côté,,,,,,,,,,,1,2,3,1.0,3
201300048142,0013-06-01 14:40:00,13,6,1,14,40,690,382,"27, JEAN MOULIN",,,Plein jour,En agglomération,Intersection en X,Normale,Autre collision,,,,,,,,,,,1,2,2,1.0,6
201300048143,0013-06-05 09:30:00,13,6,5,9,30,690,382,"81, CHARLEMAGNE",,,Plein jour,En agglomération,Intersection en X,Normale,Deux véhicules - côté,,,,,,,,,,,1,2,2,1.0,3
201300048144,0013-06-23 16:00:00,13,6,23,16,0,690,382,"00, tr?mie n?2",,,Plein jour,En agglomération,Hors intersection,Normale,Sans collision,,,,,,,,,,,1,2,1,1.0,7
201300048145,0013-06-25 20:55:00,13,6,25,20,55,690,382,"27, JEAN MOULIN",,,Plein jour,En agglomération,Hors intersection,Normale,Deux véhicules - côté,,,,,,,,,,,1,2,1,1.0,3
201300048146,0013-06-29 00:35:00,13,6,29,0,35,690,382,"00, QUAI JULES COURMONT",,,Nuit avec éclairage allumé,En agglomération,Intersection en X,Normale,Deux véhicules - arrière,,,,,,,,,,,5,2,2,1.0,2
201300048147,0013-06-30 12:00:00,13,6,30,12,0,690,382,"12, QUAI PERRACHE",,,Plein jour,En agglomération,Intersection en T,Normale,Deux véhicules - arrière,,,,,,,,,,,1,2,3,1.0,2
201300048148,0013-06-30 18:45:00,13,6,30,18,45,690,382,"04, PLACE CARNOT",,,Plein jour,En agglomération,Hors intersection,Normale,Trois véhicules et plus - collisions multiples,,,,,,,,,,,1,2,1,1.0,5
201300048149,0013-06-29 11:45:00,13,6,29,11,45,690,382,"face au 2, PLACE DES COR",,,Plein jour,En agglomération,Intersection en T,Pluie légère,Deux véhicules - côté,,,,,,,,,,,1,2,3,2.0,3
201300048150,0013-07-02 18:40:00,13,7,2,18,40,690,382,"22, GRENETTE",,,Plein jour,En agglomération,Hors intersection,Normale,Autre collision,,,,,,,,,,,1,2,1,1.0,6
201300048151,0013-07-03 17:27:00,13,7,3,17,27,690,382,"11, BELLECOUR",,,Plein jour,En agglomération,Hors intersection,Normale,Autre collision,,,,,,,,,,,1,2,1,1.0,6
201300048152,0013-07-05 18:25:00,13,7,5,18,25,690,382,"2, QUAI SAINT ANTOINE",,,Plein jour,En agglomération,Hors intersection,Normale,Autre collision,,,,,,,,,,,1,2,1,1.0,6
201300048153,0013-07-20 23:00:00,13,7,20,23,0,690,382,"13, JULES COURMONT",,,Nuit avec éclairage allumé,En agglomération,Hors intersection,Normale,Autre collision,,,,,,,,,,,5,2,1,1.0,6
201300048154,0013-07-21 18:07:00,13,7,21,18,7,690,382,REPUBLIQUE (DE LA),,,Plein jour,En agglomération,Intersection en T,Normale,Deux véhicules - côté,,,,,,,,,,,1,2,3,1.0,3
201300048155,0013-07-12 03:40:00,13,7,12,3,40,690,382,PERRACHE,,,Nuit avec éclairage allumé,En agglomération,Hors intersection,Normale,Autre collision,,,,,,,,,,,5,2,1,1.0,6
201300048156,0013-07-24 10:30:00,13,7,24,10,30,690,382,QUAI PERRACHE,,,Plein jour,En agglomération,Intersection en T,Normale,Deux véhicules - frontale,,,,,,,,,,,1,2,3,1.0,1
201300048157,0013-07-24 16:30:00,13,7,24,16,30,690,382,QUAI RAMBAUD,,,Plein jour,En agglomération,Hors intersection,Normale,Autre collision,,,,,,,,,,,1,2,1,1.0,6
201300048158,0013-07-30 12:25:00,13,7,30,12,25,690,382,"27, JEAN MOULIN",,,Plein jour,En agglomération,Hors intersection,Normale,Autre collision,,,,,,,,,,,1,2,1,1.0,6
201300048159,0013-07-24 13:15:00,13,7,24,13,15,690,382,"16, RUE VICTOR HUGO",,,Plein jour,En agglomération,Hors intersection,Normale,Autre collision,,,,,,,,,,,1,2,1,1.0,6
201300048160,0013-08-01 17:15:00,13,8,1,17,15,690,382,RUE DELANDINE,,,Plein jour,En agglomération,Intersection en X,Normale,Deux véhicules - côté,,,,,,,,,,,1,2,2,1.0,3
201300048161,0013-08-01 23:50:00,13,8,1,23,50,690,382,"27, TILSITT",,,Nuit avec éclairage allumé,En agglomération,Hors intersection,Normale,Autre collision,,,,,,,,,,,5,2,1,1.0,6
201300048162,0013-08-03 11:00:00,13,8,3,11,0,690,382,JULES COURMONT,,,Plein jour,En agglomération,Hors intersection,Normale,Deux véhicules - côté,,,,,,,,,,,1,2,1,1.0,3
201300048163,0013-08-03 11:55:00,13,8,3,11,55,690,382,"8, RAMBAUD",,,Plein jour,En agglomération,Hors intersection,Normale,Autre collision,,,,,,,,,,,1,2,1,1.0,6
201300048164,0013-08-04 11:45:00,13,8,4,11,45,690,382,"9, PERRACHE",,,Plein jour,En agglomération,Hors intersection,Normale,Autre collision,,,,,,,,,,,1,2,1,1.0,6
201300048165,0013-08-30 15:30:00,13,8,30,15,30,690,382,JULES COURMONT,,,Plein jour,En agglomération,Intersection à plus de 4 branches,Normale,Deux véhicules - côté,,,,,,,,,,,1,2,5,1.0,3
201300048166,0013-09-05 12:50:00,13,9,5,12,50,690,382,JULES COURMONT,,,Plein jour,En agglomération,Hors intersection,Normale,Trois véhicules et plus - en chaîne,,,,,,,,,,,1,2,1,1.0,4
201300048167,0013-09-06 18:30:00,13,9,6,18,30,690,382,"73, PRESIDENT EDOUARD HE",,,Plein jour,En agglomération,Hors intersection,Normale,Autre collision,,,,,,,,,,,1,2,1,1.0,6
201300048168,0013-09-12 18:55:00,13,9,12,18,55,690,382,CASIMIR PERIER,,,Plein jour,En agglomération,Intersection en X,Normale,Deux véhicules - côté,,,,,,,,,,,1,2,2,1.0,3
201300048169,0013-09-01 04:45:00,13,9,1,4,45,690,382,"1, TILSITT",,,Nuit avec éclairage allumé,En agglomération,Intersection en X,Normale,Deux véhicules - côté,,,,,,,,,,,5,2,2,1.0,3
201300048170,0013-09-20 21:00:00,13,9,20,21,0,690,382,GALLIENI,,,Nuit avec éclairage allumé,En agglomération,Hors intersection,Normale,Deux véhicules - côté,,,,,,,,,,,5,2,1,1.0,3
201300048171,0013-09-21 22:00:00,13,9,21,22,0,690,382,"34, RUE VAUBECOUR",,,Nuit avec éclairage allumé,En agglomération,Hors intersection,Normale,Autre collision,,,,,,,,,,,5,2,1,1.0,6
201300048172,0013-10-10 15:55:00,13,10,10,15,55,690,382,"10, CONDE (DE)",,,Plein jour,En agglomération,Intersection en X,Normale,Deux véhicules - côté,,,,,,,,,,,1,2,2,1.0,3
201300048173,0013-09-25 07:31:00,13,9,25,7,31,690,382,PONT GALLIENI,,,Plein jour,En agglomération,Hors intersection,Normale,Autre collision,,,,,,,,,,,1,2,1,1.0,6
201300048174,0013-10-18 03:50:00,13,10,18,3,50,690,382,"60, JULES COURMONT",,,Nuit avec éclairage allumé,En agglomération,Hors intersection,Normale,Autre collision,,,,,,,,,,,5,2,1,1.0,6
201300048175,0013-11-16 20:05:00,13,11,16,20,5,690,382,"12, MARECHAL JOFFRE (DU)",,,Nuit avec éclairage allumé,En agglomération,Hors intersection,Normale,Autre collision,,,,,,,,,,,5,2,1,1.0,6
201300048176,0013-11-28 01:40:00,13,11,28,1,40,690,382,QUAI DOCTEUR GAILLETON,,,Nuit avec éclairage allumé,En agglomération,Hors intersection,Normale,Autre collision,,,,,,,,,,,5,2,1,1.0,6
201300048177,0013-11-30 13:00:00,13,11,30,13,0,690,382,"3, RUE ANTOINE DE SAINT",,,Plein jour,En agglomération,Hors intersection,Normale,Autre collision,,,,,,,,,,,1,2,1,1.0,6
201300048178,0013-12-01 08:50:00,13,12,1,8,50,690,382,"22, BAYARD",,,Plein jour,En agglomération,Intersection en X,Normale,Deux véhicules - côté,,,,,,,,,,,1,2,2,1.0,3
201300048179,0013-12-10 07:55:00,13,12,10,7,55,690,382,"21, JEAN MOULIN",,,Plein jour,En agglomération,Hors intersection,Brouillard / fumée,Deux véhicules - arrière,,,,,,,,,,,1,2,1,5.0,2
201300048180,0013-12-13 01:15:00,13,12,13,1,15,690,382,"1, QUAI JULES COURMONT",,,Nuit avec éclairage allumé,En agglomération,Hors intersection,Normale,Autre collision,,,,,,,,,,,5,2,1,1.0,6
201300048181,0013-12-17 15:10:00,13,12,17,15,10,690,382,QUAI DOCTEUR GAILLETON,,,Plein jour,En agglomération,Hors intersection,Temps éblouissant,Autre collision,,,,,,,,,,,1,2,1,7.0,6
201300048182,0013-12-19 07:00:00,13,12,19,7,0,690,382,QUAI DOCTEUR GAILLETON,,,Nuit avec éclairage allumé,En agglomération,Hors intersection,Pluie légère,Autre collision,,,,,,,,,,,5,2,1,2.0,6
201300048183,0013-12-20 00:30:00,13,12,20,0,30,690,382,"40, RAMBAUD",,,Nuit avec éclairage allumé,En agglomération,Hors intersection,Pluie légère,Autre collision,,,,,,,,,,,5,2,1,2.0,6
201300048184,0013-12-22 18:50:00,13,12,22,18,50,690,382,QUAI DOCTEUR GAILLETON,,,Nuit avec éclairage allumé,En agglomération,Hors intersection,Normale,Deux véhicules - arrière,,,,,,,,,,,5,2,1,1.0,2
201300048185,0013-01-01 06:00:00,13,1,1,6,0,620,274,AUTOROUTE A1,,,Nuit avec éclairage non allumé,Hors agglomération,Hors intersection,Pluie légère,Autre collision,,,,,,,,,,,4,1,1,2.0,6
201300048186,0013-01-02 13:15:00,13,1,2,13,15,590,507,AUTOROUTE A1,,,Plein jour,Hors agglomération,Hors intersection,Normale,Sans collision,,,,,,,,,,,1,1,1,1.0,7
201300048187,0013-01-03 14:10:00,13,1,3,14,10,620,587,AUTOROUTE A21,,,Plein jour,Hors agglomération,Hors intersection,Normale,Sans collision,,,,,,,,,,,1,1,1,1.0,7
201300048188,0013-01-03 19:10:00,13,1,3,19,10,590,532,AUTOROUTE A16,50.95861,2.15931,Nuit sans éclairage public,Hors agglomération,Hors intersection,Pluie légère,Trois véhicules et plus - collisions multiples,,,,,,,,,,,3,1,1,2.0,5
201300048189,0013-01-13 05:30:00,13,1,13,5,30,620,498,AUTOROUTE A21,,,Nuit avec éclairage allumé,Hors agglomération,Hors intersection,Pluie légère,Autre collision,,,,,,,,,,,5,1,1,2.0,6
201300048190,0013-01-16 12:50:00,13,1,16,12,50,590,43,AUTOROUTE A25,,,Plein jour,Hors agglomération,Hors intersection,Pluie légère,Trois véhicules et plus - en chaîne,,,,,,,,,,,1,1,1,2.0,4
201300048191,0013-02-02 11:45:00,13,2,2,11,45,620,427,AUTOROUTE A21,,,Plein jour,Hors agglomération,Hors intersection,Normale,Sans collision,,,,,,,,,,,1,1,1,1.0,7
201300048192,0013-02-09 18:00:00,13,2,9,18,0,620,748,AUTOROUTE A16,,,Nuit sans éclairage public,Hors agglomération,Hors intersection,Pluie légère,Sans collision,,,,,,,,,,,3,1,1,2.0,7
201300048193,0013-02-11 07:50:00,13,2,11,7,50,620,510,AUTOROUTE A21,,,Plein jour,Hors agglomération,Hors intersection,Normale,Deux véhicules - côté,,,,,,,,,,,1,1,1,1.0,3
201300048194,0013-02-12 06:00:00,13,2,12,6,0,620,186,AUTOROUTE A21,,,Nuit sans éclairage public,Hors agglomération,Hors intersection,Temps couvert,Deux véhicules - côté,,,,,,,,,,,3,1,1,8.0,3
201300048195,0013-02-12 14:00:00,13,2,12,14,0,590,646,ROUTE NATIONALE 356,,,Plein jour,Hors agglomération,Hors intersection,Normale,Trois véhicules et plus - collisions multiples,,,,,,,,,,,1,1,1,1.0,5
201300048196,0013-02-15 03:20:00,13,2,15,3,20,590,343,AUTOROUTE A1,,,Nuit avec éclairage allumé,Hors agglomération,Hors intersection,Temps couvert,Sans collision,,,,,,,,,,,5,1,1,8.0,7
201300048197,0013-02-15 20:10:00,13,2,15,20,10,590,350,ROUTE NATIONALE 356,,,Nuit avec éclairage allumé,Hors agglomération,Hors intersection,Normale,Deux véhicules - arrière,,,,,,,,,,,5,1,1,1.0,2
201300048198,0013-03-01 12:45:00,13,3,1,12,45,590,82,ROUTE NATIONALE 225,,,Plein jour,Hors agglomération,Hors intersection,Normale,Deux véhicules - arrière,,,,,,,,,,,1,1,1,1.0,2
201300048199,0013-03-01 19:30:00,13,3,1,19,30,590,462,AUTOROUTE A1,,,Crépuscule ou aube,Hors agglomération,Hors intersection,Normale,Deux véhicules - arrière,,,,,,,,,,,2,1,1,1.0,2
201300048200,0013-03-11 20:30:00,13,3,11,20,30,590,146,AUTOROUTE A27,,,Nuit sans éclairage public,Hors agglomération,Hors intersection,Neige / grêle,Trois véhicules et plus - collisions multiples,,,,,,,,,,,3,1,1,4.0,5
201300048201,0013-03-12 14:00:00,13,3,12,14,0,590,124,AUTOROUTE A27,,,Plein jour,Hors agglomération,Hors intersection,Neige / grêle,Deux véhicules - arrière,,,,,,,,,,,1,1,1,4.0,2
201300048202,0013-03-17 18:00:00,13,3,17,18,0,590,350,AUTOROUTE A25,,,Plein jour,Hors agglomération,Hors intersection,Pluie légère,Sans collision,,,,,,,,,,,1,1,1,2.0,7
201300048203,0013-03-22 12:45:00,13,3,22,12,45,590,196,AUTOROUTE A25,,,Plein jour,Hors agglomération,Hors intersection,Normale,Deux véhicules - arrière,,,,,,,,,,,1,1,1,1.0,2
201300048204,0013-03-22 21:00:00,13,3,22,21,0,590,234,AUTOROUTE A21,,,Nuit sans éclairage public,Hors agglomération,Hors intersection,Temps couvert,Deux véhicules - arrière,,,,,,,,,,,3,1,1,8.0,2
201300048205,0013-03-27 14:00:00,13,3,27,14,0,590,378,ROUTE NATIONALE 356,,,Plein jour,Hors agglomération,Hors intersection,Normale,Trois véhicules et plus - en chaîne,,,,,,,,,,,1,1,1,1.0,4
201300048206,0013-04-02 09:00:00,13,4,2,9,0,590,278,ROUTE NATIONALE 41,,,Plein jour,Hors agglomération,Hors intersection,Temps éblouissant,Sans collision,,,,,,,,,,,1,1,1,7.0,7
201300048207,0013-04-05 16:20:00,13,4,5,16,20,590,155,AUTOROUTE A16,,,Plein jour,Hors agglomération,Hors intersection,Normale,Deux véhicules - côté,,,,,,,,,,,1,1,1,1.0,3
201300048208,0013-04-08 04:00:00,13,4,8,4,0,590,260,AUTOROUTE A16,,,Nuit sans éclairage public,Hors agglomération,Hors intersection,Normale,Deux véhicules - frontale,,,,,,,,,,,3,1,1,1.0,1
201300048209,0013-04-10 13:30:00,13,4,10,13,30,590,179,AUTOROUTE A 21,,,Plein jour,Hors agglomération,Hors intersection,Pluie légère,Sans collision,,,,,,,,,,,1,1,1,2.0,7
201300048210,0013-04-13 17:30:00,13,4,13,17,30,590,82,ROUTE NATIONALE 225,,,Plein jour,Hors agglomération,Hors intersection,Pluie légère,Trois véhicules et plus - en chaîne,,,,,,,,,,,1,1,1,2.0,4
201300048211,0013-04-14 01:00:00,13,4,14,1,0,590,585,AUTOROUTE A1,,,Nuit avec éclairage allumé,Hors agglomération,Hors intersection,Pluie légère,Trois véhicules et plus - en chaîne,,,,,,,,,,,5,1,1,2.0,4
201300048212,0013-04-25 14:20:00,13,4,25,14,20,590,205,AUTOROUTE A 21,,,Plein jour,Hors agglomération,Hors intersection,Normale,Autre collision,,,,,,,,,,,1,1,1,1.0,6
201300048213,0013-05-01 00:45:00,13,5,1,0,45,620,528,AUTOROUTE A21,,,Nuit sans éclairage public,Hors agglomération,Hors intersection,Normale,Autre collision,,,,,,,,,,,3,1,1,1.0,6
201300048214,0013-05-01 20:00:00,13,5,1,20,0,590,350,ROUTE NATIONALE 356,,,Plein jour,Hors agglomération,Hors intersection,Normale,Autre collision,,,,,,,,,,,1,1,1,1.0,6
201300048215,0013-05-07 12:20:00,13,5,7,12,20,620,193,AUTOROUTE A16,,,Plein jour,Hors agglomération,Hors intersection,Normale,Sans collision,,,,,,,,,,,1,1,1,1.0,7
201300048216,0013-05-16 09:20:00,13,5,16,9,20,590,343,ROUTE NATIONALE 227,,,Plein jour,Hors agglomération,Hors intersection,Pluie légère,Autre collision,,,,,,,,,,,1,1,1,2.0,6
201300048217,0013-05-16 17:45:00,13,5,16,17,45,590,507,AUTOROUTE A1,,,Plein jour,Hors agglomération,Hors intersection,Pluie légère,Deux véhicules - côté,,,,,,,,,,,1,1,1,2.0,3
201300048218,0013-05-16 19:10:00,13,5,16,19,10,620,193,AUTOROUTE A16,50.93665,1.85233,Nuit sans éclairage public,Hors agglomération,Hors intersection,Normale,Trois véhicules et plus - collisions multiples,,,,,,,,,,,3,1,1,1.0,5
201300048219,0013-05-19 04:10:00,13,5,19,4,10,590,491,AUTOROUTE A23,,,Nuit sans éclairage public,Hors agglomération,Hors intersection,Normale,Deux véhicules - arrière,,,,,,,,,,,3,1,1,1.0,2
201300048220,0013-05-23 09:09:00,13,5,23,9,9,620,637,AUTOROUTE A1,,,Plein jour,Hors agglomération,Autre intersection,Normale,Deux véhicules - arrière,,,,,,,,,,,1,1,9,1.0,2
201300048221,0013-05-25 19:20:00,13,5,25,19,20,590,9,AUTOROUTE A22,,,Plein jour,Hors agglomération,Hors intersection,Normale,Deux véhicules - côté,,,,,,,,,,,1,1,1,1.0,3
201300048222,0013-05-23 09:30:00,13,5,23,9,30,620,637,AUTOROUTE A1,,,Plein jour,Hors agglomération,Hors intersection,Pluie légère,Deux véhicules - arrière,,,,,,,,,,,1,1,1,2.0,2
201300048223,0013-06-07 10:00:00,13,6,7,10,0,590,288,AUTOROUTE A2,,,Plein jour,Hors agglomération,Hors intersection,Normale,Autre collision,,,,,,,,,,,1,1,1,1.0,6
201300048224,0013-06-19 11:55:00,13,6,19,11,55,590,143,AUTOROUTE A25,,,Plein jour,Hors agglomération,Hors intersection,Pluie légère,Autre collision,,,,,,,,,,,1,1,1,2.0,6
201300048225,0013-06-24 05:00:00,13,6,24,5,0,590,479,AUTOROUTE A2,,,Crépuscule ou aube,Hors agglomération,Hors intersection,Temps couvert,Sans collision,,,,,,,,,,,2,1,1,8.0,7
201300048226,0013-07-05 10:50:00,13,7,5,10,50,590,350,ROUTE NATIONALE 356,,,Plein jour,Hors agglomération,Hors intersection,Normale,Deux véhicules - arrière,,,,,,,,,,,1,1,1,1.0,2
201300048227,0013-07-06 11:30:00,13,7,6,11,30,620,274,AUTOROUTE A21,,,Plein jour,Hors agglomération,Hors intersection,Normale,Autre collision,,,,,,,,,,,1,1,1,1.0,6