accident_id,datetime,annee,mois,jour,heure,minute,departement,commune_insee,adresse,latitude,longitude,luminosite,agglomeration,intersection,meteo,collision,nb_vehicules,nb_usagers,nb_indemnes,nb_tues,nb_blesses_hosp,nb_blesses_legers,age_cond_1,age_cond_2,veh_type_cond_1,veh_type_cond_2,lum_code,agg_code,int_code,atm_code,col_code
201300048228,0013-07-08 08:15:00,13,7,8,8,15,590,350,AUTOROUTE A25,,,Plein jour,Hors agglomération,Hors intersection,Normale,Deux véhicules - arrière,,,,,,,,,,,1,1,1,1.0,2
201300048229,0013-07-12 23:55:00,13,7,12,23,55,620,193,AUTOROUTE A16,,,Nuit sans éclairage public,Hors agglomération,Hors intersection,Normale,Deux véhicules - arrière,,,,,,,,,,,3,1,1,1.0,2
201300048230,0013-07-18 14:35:00,13,7,18,14,35,590,350,ROUTE NATIONALE 356,50.62744,3.08324,Plein jour,Hors agglomération,Hors intersection,Temps éblouissant,Autre collision,,,,,,,,,,,1,1,1,7.0,6
201300048231,0013-07-20 03:10:00,13,7,20,3,10,620,351,AUTOROUTE A21,,,Nuit avec éclairage allumé,Hors agglomération,Hors intersection,Normale,Autre collision,,,,,,,,,,,5,1,1,1.0,6
201300048232,0013-07-25 20:25:00,13,7,25,20,25,590,350,ROUTE NATIONALE 356,,,Nuit sans éclairage public,Hors agglomération,Hors intersection,Normale,Sans collision,,,,,,,,,,,3,1,1,1.0,7
201300048233,0013-07-28 17:00:00,13,7,28,17,0,590,646,ROUTE DEPARTEMENTALE 656,,,Plein jour,Hors agglomération,Hors intersection,Normale,Sans collision,,,,,,,,,,,1,1,1,1.0,7
201300048234,0013-08-01 21:05:00,13,8,1,21,5,590,456,AUTOROUTE A 21,50.38083,3.22936,Plein jour,Hors agglomération,Hors intersection,Normale,Sans collision,,,,,,,,,,,1,1,1,1.0,7
201300048235,0013-08-02 19:00:00,13,8,2,19,0,590,350,AUTOROUTE A1,,,Plein jour,Hors agglomération,Hors intersection,Normale,Deux véhicules - côté,,,,,,,,,,,1,1,1,1.0,3
201300048236,0013-08-03 05:10:00,13,8,3,5,10,620,628,AUTOROUTE A21,,,Nuit avec éclairage allumé,Hors agglomération,Hors intersection,Normale,Deux véhicules - arrière,,,,,,,,,,,5,1,1,1.0,2
201300048237,0013-08-07 00:10:00,13,8,7,0,10,620,852,AUTOROUTE A16,,,Nuit sans éclairage public,Hors agglomération,Hors intersection,Normale,Autre collision,,,,,,,,,,,3,1,1,1.0,6
201300048238,0013-08-16 09:30:00,13,8,16,9,30,590,599,ROUTE DEPARTEMENTALE 656,,,Plein jour,Hors agglomération,Hors intersection,Normale,Sans collision,,,,,,,,,,,1,1,1,1.0,7
201300048239,0013-08-20 18:35:00,13,8,20,18,35,590,508,AUTOROUTE A22,,,Plein jour,Hors agglomération,Hors intersection,Normale,Autre collision,,,,,,,,,,,1,1,1,1.0,6
201300048240,0013-08-21 20:30:00,13,8,21,20,30,590,410,ROUTE NATIONALE 356,,,Crépuscule ou aube,Hors agglomération,Hors intersection,Normale,Autre collision,,,,,,,,,,,2,1,1,1.0,6
201300048241,0013-08-22 12:00:00,13,8,22,12,0,590,491,AUTOROUTE A23,,,Crépuscule ou aube,Hors agglomération,Hors intersection,Normale,Autre collision,,,,,,,,,,,2,1,1,1.0,6
201300048242,0013-08-23 18:40:00,13,8,23,18,40,620,748,AUTOROUTE A16,,,Plein jour,Hors agglomération,Hors intersection,Normale,Sans collision,,,,,,,,,,,1,1,1,1.0,7
201300048243,0013-08-27 18:20:00,13,8,27,18,20,590,378,AUTOROUTE A22,,,Plein jour,Hors agglomération,Hors intersection,Normale,Deux véhicules - côté,,,,,,,,,,,1,1,1,1.0,3
201300048244,0013-08-28 12:45:00,13,8,28,12,45,590,507,AUTOROUTE A1,,,Plein jour,Hors agglomération,Hors intersection,Normale,Autre collision,,,,,,,,,,,1,1,1,1.0,6
201300048245,0013-08-28 18:00:00,13,8,28,18,0,590,155,AUTOROUTE A16,,,Plein jour,Hors agglomération,Hors intersection,Normale,Autre collision,,,,,,,,,,,1,1,1,1.0,6
201300048246,0013-08-30 10:15:00,13,8,30,10,15,590,508,AUTOROUTE A22,,,Plein jour,Hors agglomération,Hors intersection,Normale,Sans collision,,,,,,,,,,,1,1,1,1.0,7
201300048247,0013-09-02 13:15:00,13,9,2,13,15,590,360,AUTOROUTE A25,,,Plein jour,Hors agglomération,Hors intersection,Normale,Autre collision,,,,,,,,,,,1,1,1,1.0,6
201300048248,0013-09-02 14:57:00,13,9,2,14,57,590,90,AUTOROUTE A22,,,Plein jour,Hors agglomération,Hors intersection,Normale,Autre collision,,,,,,,,,,,1,1,1,1.0,6
201300048249,0013-09-03 13:20:00,13,9,3,13,20,620,528,AUTOROUTE A21,,,Plein jour,Hors agglomération,Hors intersection,Normale,Deux véhicules - côté,,,,,,,,,,,1,1,1,1.0,3
201300048250,0013-09-05 17:00:00,13,9,5,17,0,590,9,AUTOROUTE A22,,,Plein jour,Hors agglomération,Hors intersection,Normale,Autre collision,,,,,,,,,,,1,1,1,1.0,6
201300048251,0013-09-07 10:10:00,13,9,7,10,10,590,343,AUTOROUTE A1,,,Plein jour,Hors agglomération,Hors intersection,Normale,Autre collision,,,,,,,,,,,1,1,1,1.0,6
201300048252,0013-09-08 07:30:00,13,9,8,7,30,590,9,AUTOROUTE A22,,,Plein jour,Hors agglomération,Hors intersection,Normale,Sans collision,,,,,,,,,,,1,1,1,1.0,7
201300048253,0013-09-09 16:15:00,13,9,9,16,15,590,179,AUTOROUTE A2,,,Plein jour,Hors agglomération,Hors intersection,Pluie légère,Sans collision,,,,,,,,,,,1,1,1,2.0,7
201300048254,0013-09-11 14:30:00,13,9,11,14,30,590,9,ROUTE NATIONALE 227,,,Plein jour,Hors agglomération,Hors intersection,Pluie légère,Autre collision,,,,,,,,,,,1,1,1,2.0,6
201300048255,0013-09-14 20:20:00,13,9,14,20,20,590,195,ROUTE DEPARTEMENTALE 652,,,Nuit sans éclairage public,Hors agglomération,Hors intersection,Autre,Autre collision,,,,,,,,,,,3,1,1,9.0,6
201300048256,0013-09-17 21:10:00,13,9,17,21,10,590,646,ROUTE DEPARTEMENTALE 656,,,Nuit avec éclairage allumé,Hors agglomération,Hors intersection,Pluie légère,Autre collision,,,,,,,,,,,5,1,1,2.0,6
201300048257,0013-09-18 13:40:00,13,9,18,13,40,590,350,ROUTE NATIONALE 356,,,Plein jour,Hors agglomération,Hors intersection,Normale,Deux véhicules - côté,,,,,,,,,,,1,1,1,1.0,3
201300048258,0013-09-20 07:10:00,13,9,20,7,10,590,43,AUTOROUTE A25,,,Plein jour,Hors agglomération,Hors intersection,Normale,Deux véhicules - arrière,,,,,,,,,,,1,1,1,1.0,2
201300048259,0013-09-20 09:00:00,13,9,20,9,0,590,90,ROUTE DEPARTEMENTALE 652,,,Plein jour,Hors agglomération,Hors intersection,Autre,Deux véhicules - côté,,,,,,,,,,,1,1,1,9.0,3
201300048260,0013-09-24 07:45:00,13,9,24,7,45,590,196,AUTOROUTE A25,,,Crépuscule ou aube,Hors agglomération,Hors intersection,Normale,Trois véhicules et plus - en chaîne,,,,,,,,,,,2,1,1,1.0,4
201300048261,0013-09-28 19:30:00,13,9,28,19,30,590,32,AUTOROUTE A2,,,Plein jour,Hors agglomération,Hors intersection,Normale,Autre collision,,,,,,,,,,,1,1,1,1.0,6
201300048262,0013-09-30 01:20:00,13,9,30,1,20,590,507,AUTOROUTE A1,,,Nuit avec éclairage non allumé,Hors agglomération,Hors intersection,Normale,Autre collision,,,,,,,,,,,4,1,1,1.0,6
201300048263,0013-09-30 15:15:00,13,9,30,15,15,590,378,AUTOROUTE A22,,,Plein jour,Hors agglomération,Hors intersection,Normale,Autre collision,,,,,,,,,,,1,1,1,1.0,6
201300048264,0013-10-02 07:45:00,13,10,2,7,45,590,123,AUTOROUTE A1,,,Crépuscule ou aube,Hors agglomération,Hors intersection,Normale,Autre collision,,,,,,,,,,,2,1,1,1.0,6
201300048265,0013-10-03 21:20:00,13,10,3,21,20,590,256,AUTOROUTE A23,,,Nuit avec éclairage allumé,Hors agglomération,Hors intersection,Normale,Deux véhicules - arrière,,,,,,,,,,,5,1,1,1.0,2
201300048266,0013-10-07 02:27:00,13,10,7,2,27,590,378,AUTOROUTE A22,,,Nuit avec éclairage non allumé,Hors agglomération,Hors intersection,Normale,Deux véhicules - frontale,,,,,,,,,,,4,1,1,1.0,1
201300048267,0013-10-09 02:30:00,13,10,9,2,30,590,313,AUTOROUTE A2,,,Nuit sans éclairage public,Hors agglomération,Hors intersection,Normale,Autre collision,,,,,,,,,,,3,1,1,1.0,6
201300048268,0013-10-11 05:15:00,13,10,11,5,15,620,771,AUTOROUTE A21,,,Nuit avec éclairage allumé,Hors agglomération,Hors intersection,Temps couvert,Autre collision,,,,,,,,,,,5,1,1,8.0,6
201300048269,0013-10-11 10:15:00,13,10,11,10,15,590,215,AUTOROUTE A2,,,Plein jour,Hors agglomération,Hors intersection,Normale,Deux véhicules - côté,,,,,,,,,,,1,1,1,1.0,3
201300048270,0013-10-11 17:15:00,13,10,11,17,15,590,80,AUTOROUTE A23,,,Plein jour,Hors agglomération,Hors intersection,Normale,Autre collision,,,,,,,,,,,1,1,1,1.0,6
201300048271,0013-10-16 13:50:00,13,10,16,13,50,620,907,AUTOROUTE A1,,,Plein jour,Hors agglomération,Hors intersection,Normale,Deux véhicules - côté,,,,,,,,,,,1,1,1,1.0,3
201300048272,0013-10-16 18:15:00,13,10,16,18,15,590,574,AUTOROUTE A 21,,,Plein jour,Hors agglomération,Hors intersection,Pluie forte,Autre collision,,,,,,,,,,,1,1,1,3.0,6
201300048273,0013-10-17 18:45:00,13,10,17,18,45,590,340,AUTOROUTE A16,,,Plein jour,Hors agglomération,Hors intersection,Normale,Deux véhicules - arrière,,,,,,,,,,,1,1,1,1.0,2
201300048274,0013-10-25 17:30:00,13,10,25,17,30,590,564,AUTOROUTE A2,,,Plein jour,Hors agglomération,Hors intersection,Pluie légère,Trois véhicules et plus - en chaîne,,,,,,,,,,,1,1,1,2.0,4
201300048275,0013-10-26 01:50:00,13,10,26,1,50,590,179,AUTOROUTE A2,,,Nuit sans éclairage public,Hors agglomération,Hors intersection,Temps couvert,Deux véhicules - arrière,,,,,,,,,,,3,1,1,8.0,2
201300048276,0013-10-26 17:45:00,13,10,26,17,45,590,566,AUTOROUTE A25,,,Plein jour,Hors agglomération,Hors intersection,Normale,Sans collision,,,,,,,,,,,1,1,1,1.0,7
201300048277,0013-10-27 00:05:00,13,10,27,0,5,590,462,AUTOROUTE A1,,,Nuit sans éclairage public,Hors agglomération,Hors intersection,Normale,Deux véhicules - arrière,,,,,,,,,,,3,1,1,1.0,2
201300048278,0013-11-01 13:40:00,13,11,1,13,40,590,378,AUTOROUTE A22,,,Plein jour,Hors agglomération,Hors intersection,Normale,Deux véhicules - arrière,,,,,,,,,,,1,1,1,1.0,2
201300048279,0013-11-02 17:00:00,13,11,2,17,0,590,350,AUTOROUTE A25,,,Plein jour,Hors agglomération,Hors intersection,Normale,Deux véhicules - arrière,,,,,,,,,,,1,1,1,1.0,2
201300048280,0013-11-03 12:15:00,13,11,3,12,15,620,498,AUTOROUTE A21,,,Plein jour,Hors agglomération,Hors intersection,Vent fort / tempête,Autre collision,,,,,,,,,,,1,1,1,6.0,6
201300048281,0013-11-03 23:00:00,13,11,3,23,0,620,498,AUTOROUTE A21,,,Nuit avec éclairage allumé,Hors agglomération,Hors intersection,Pluie forte,Autre collision,,,,,,,,,,,5,1,1,3.0,6
201300048282,0013-11-12 22:15:00,13,11,12,22,15,590,401,AUTOROUTE A25,,,Nuit sans éclairage public,Hors agglomération,Hors intersection,Normale,Trois véhicules et plus - en chaîne,,,,,,,,,,,3,1,1,1.0,4
201300048283,0013-11-13 08:45:00,13,11,13,8,45,590,401,AUTOROUTE A25,,,Plein jour,Hors agglomération,Hors intersection,Normale,Trois véhicules et plus - en chaîne,,,,,,,,,,,1,1,1,1.0,4
201300048284,0013-11-13 17:10:00,13,11,13,17,10,620,274,AUTOROUTE A21,,,Crépuscule ou aube,Hors agglomération,Hors intersection,Normale,Trois véhicules et plus - en chaîne,,,,,,,,,,,2,1,1,1.0,4
201300048285,0013-11-13 18:15:00,13,11,13,18,15,590,350,ROUTE NATIONALE 356,,,Nuit sans éclairage public,Hors agglomération,Hors intersection,Normale,Trois véhicules et plus - en chaîne,,,,,,,,,,,3,1,1,1.0,4
201300048286,0013-11-14 13:10:00,13,11,14,13,10,620,274,AUTOROUTE A21,50.43183,2.98135,Plein jour,Hors agglomération,Hors intersection,Normale,Deux véhicules - arrière,,,,,,,,,,,1,1,1,1.0,2
201300048287,0013-11-19 18:15:00,13,11,19,18,15,620,274,AUTOROUTE A1,,,Nuit avec éclairage non allumé,Hors agglomération,Hors intersection,Temps couvert,Trois véhicules et plus - collisions multiples,,,,,,,,,,,4,1,1,8.0,5
201300048288,0013-11-21 01:00:00,13,11,21,1,0,590,574,AUTOROUTE A 21,,,Nuit sans éclairage public,Hors agglomération,Hors intersection,Brouillard / fumée,Deux véhicules - arrière,,,,,,,,,,,3,1,1,5.0,2
201300048289,0013-11-21 11:40:00,13,11,21,11,40,620,498,AUTOROUTE A211,,,Plein jour,Hors agglomération,Hors intersection,Normale,Autre collision,,,,,,,,,,,1,1,1,1.0,6
201300048290,0013-11-24 04:40:00,13,11,24,4,40,590,195,AUTOROUTE A25,,,Nuit avec éclairage allumé,Hors agglomération,Hors intersection,Normale,Autre collision,,,,,,,,,,,5,1,1,1.0,6
201300048291,0013-11-24 19:20:00,13,11,24,19,20,590,260,AUTOROUTE A16,,,Nuit sans éclairage public,Hors agglomération,Hors intersection,Pluie légère,Autre collision,,,,,,,,,,,3,1,1,2.0,6
201300048292,0013-11-29 15:40:00,13,11,29,15,40,590,155,AUTOROUTE A16,,,Plein jour,Hors agglomération,Hors intersection,Normale,Deux véhicules - côté,,,,,,,,,,,1,1,1,1.0,3
201300048293,0013-11-30 08:50:00,13,11,30,8,50,590,401,AUTOROUTE A25,,,Plein jour,Hors agglomération,Hors intersection,Normale,Autre collision,,,,,,,,,,,1,1,1,1.0,6
201300048294,0013-11-30 19:00:00,13,11,30,19,0,590,606,AUTOROUTE A23,,,Nuit sans éclairage public,Hors agglomération,Hors intersection,Pluie légère,Deux véhicules - côté,,,,,,,,,,,3,1,1,2.0,3
201300048295,0013-12-04 18:55:00,13,12,4,18,55,590,646,AUTOROUTE A22,,,Nuit avec éclairage allumé,Hors agglomération,Hors intersection,Pluie légère,Trois véhicules et plus - collisions multiples,,,,,,,,,,,5,1,1,2.0,5
201300048296,0013-12-09 00:01:00,13,12,9,0,1,590,636,ROUTE DEPARTEMENTALE 652,,,Nuit sans éclairage public,Hors agglomération,Hors intersection,Normale,Autre collision,,,,,,,,,,,3,1,1,1.0,6
201300048297,0013-12-09 17:03:00,13,12,9,17,3,590,9,ROUTE NATIONALE 227,,,Nuit avec éclairage allumé,Hors agglomération,Hors intersection,Normale,Sans collision,,,,,,,,,,,5,1,1,1.0,7
201300048298,0013-12-09 21:20:00,13,12,9,21,20,590,378,AUTOROUTE A22,,,Nuit sans éclairage public,Hors agglomération,Hors intersection,Normale,Trois véhicules et plus - en chaîne,,,,,,,,,,,3,1,1,1.0,4
201300048299,0013-12-19 10:15:00,13,12,19,10,15,590,258,AUTOROUTE A23,,,Plein jour,Hors agglomération,Hors intersection,Normale,Deux véhicules - arrière,,,,,,,,,,,1,1,1,1.0,2
201300048300,0013-12-19 14:20:00,13,12,19,14,20,590,143,AUTOROUTE A25,,,Plein jour,Hors agglomération,Hors intersection,Normale,Autre collision,,,,,,,,,,,1,1,1,1.0,6
201300048301,0013-12-19 19:30:00,13,12,19,19,30,590,359,AUTOROUTE A16,,,Nuit sans éclairage public,Hors agglomération,Hors intersection,Normale,Autre collision,,,,,,,,,,,3,1,1,1.0,6
201300048302,0013-12-20 16:45:00,13,12,20,16,45,590,646,ROUTE NATIONALE 356,,,Plein jour,Hors agglomération,Hors intersection,Normale,Autre collision,,,,,,,,,,,1,1,1,1.0,6
201300048303,0013-12-22 10:40:00,13,12,22,10,40,620,766,AUTOROUTE A16,,,Plein jour,Hors agglomération,Hors intersection,Vent fort / tempête,Autre collision,,,,,,,,,,,1,1,1,6.0,6
201300048304,0013-12-24 17:00:00,13,12,24,17,0,590,586,AUTOROUTE A23,,,Nuit sans éclairage public,Hors agglomération,Hors intersection,Pluie forte,Autre collision,,,,,,,,,,,3,1,1,3.0,6
201300048305,0013-12-26 09:45:00,13,12,26,9,45,590,234,AUTOROUTE A21,,,Plein jour,Hors agglomération,Hors intersection,Normale,Autre collision,,,,,,,,,,,1,1,1,1.0,6
201300048306,0013-12-26 14:15:00,13,12,26,14,15,590,350,AUTOROUTE A25,,,Plein jour,Hors agglomération,Hors intersection,Normale,Deux véhicules - côté,,,,,,,,,,,1,1,1,1.0,3
201300048307,0013-12-28 11:00:00,13,12,28,11,0,590,646,ROUTE DEPARTEMENTALE 656,,,Plein jour,Hors agglomération,Hors intersection,Normale,Deux véhicules - arrière,,,,,,,,,,,1,1,1,1.0,2
201300048308,0013-12-29 04:30:00,13,12,29,4,30,590,195,ROUTE DEPARTEMENTALE 652,,,Nuit sans éclairage public,Hors agglomération,Hors intersection,Normale,Autre collision,,,,,,,,,,,3,1,1,1.0,6
201300048309,0013-01-04 10:50:00,13,1,4,10,50,690,386,"41, AVENUE MARECHAL FOCH",,,Plein jour,En agglomération,Hors intersection,Pluie légère,Autre collision,,,,,,,,,,,1,2,1,2.0,6
201300048310,0013-01-05 19:45:00,13,1,5,19,45,690,383,"ignore, RUE DE LA VILLET",,,Nuit avec éclairage non allumé,En agglomération,Intersection en X,Normale,Deux véhicules - frontale,,,,,,,,,,,4,2,2,1.0,1
201300048311,0013-01-09 08:15:00,13,1,9,8,15,690,386,"1, QUAI CHARLES DE GAULL",,,Plein jour,En agglomération,Hors intersection,Normale,Deux véhicules - arrière,,,,,,,,,,,1,2,1,1.0,2
201300048312,0013-01-09 17:50:00,13,1,9,17,50,690,383,"1, COURS GAMBETTA",,,Nuit avec éclairage allumé,En agglomération,Intersection en X,Normale,Deux véhicules - côté,,,,,,,,,,,5,2,2,1.0,3
201300048313,0013-02-05 17:55:00,13,2,5,17,55,690,385,"62, AVENUE DU POINT DU J",,,Crépuscule ou aube,En agglomération,Intersection en T,Pluie forte,Autre collision,,,,,,,,,,,2,2,3,3.0,6
201300048314,0013-01-14 20:40:00,13,1,14,20,40,690,383,RUE PAUL BERT,,,Nuit avec éclairage allumé,En agglomération,Intersection en X,Normale,Deux véhicules - frontale,,,,,,,,,,,5,2,2,1.0,1
201300048315,0013-02-12 12:25:00,13,2,12,12,25,690,385,"153, AVENUE BARTHELEMY B",,,Plein jour,En agglomération,Hors intersection,Pluie légère,Autre collision,,,,,,,,,,,1,2,1,2.0,6
201300048316,0013-01-16 12:35:00,13,1,16,12,35,690,386,"31, COURS VITTON",,,Plein jour,En agglomération,Hors intersection,Normale,Autre collision,,,,,,,,,,,1,2,1,1.0,6
201300048317,0013-02-13 16:55:00,13,2,13,16,55,690,385,"15, QUAI FULCHIRON",,,Plein jour,En agglomération,Hors intersection,Normale,Autre collision,,,,,,,,,,,1,2,1,1.0,6
201300048318,0013-01-18 07:40:00,13,1,18,7,40,690,383,"0, BOULEVARD MARIUS VIVI",,,Nuit avec éclairage allumé,En agglomération,Intersection en X,Normale,Autre collision,,,,,,,,,,,5,2,2,1.0,6
201300048319,0013-01-18 07:50:00,13,1,18,7,50,690,383,"0, COURS EUGENIE",,,Crépuscule ou aube,En agglomération,Intersection en X,Normale,Deux véhicules - côté,,,,,,,,,,,2,2,2,1.0,3
201300048320,0013-01-22 16:40:00,13,1,22,16,40,690,386,"IGNORE, COURS LAFAYETTE",,,Plein jour,En agglomération,Intersection en X,Normale,Deux véhicules - côté,,,,,,,,,,,1,2,2,1.0,3
201300048321,0013-01-24 22:30:00,13,1,24,22,30,690,386,"0, RUE CURTELIN",,,Nuit avec éclairage allumé,En agglomération,Intersection en X,Normale,Deux véhicules - côté,,,,,,,,,,,5,2,2,1.0,3
201300048322,0013-01-23 14:35:00,13,1,23,14,35,690,386,"00, RUE BERANGER",,,Plein jour,En agglomération,Intersection en T,Normale,Deux véhicules - côté,,,,,,,,,,,1,2,3,1.0,3
201300048323,0013-01-26 19:10:00,13,1,26,19,10,690,383,"236, COURS LAFAYETTE",,,Nuit avec éclairage allumé,En agglomération,Hors intersection,Normale,Autre collision,,,,,,,,,,,5,2,1,1.0,6
201300048324,0013-01-28 12:00:00,13,1,28,12,0,690,383,RUE JULIEN,,,Plein jour,En agglomération,Intersection en X,Pluie légère,Deux véhicules - côté,,,,,,,,,,,1,2,2,2.0,3
201300048325,0013-02-01 08:30:00,13,2,1,8,30,690,383,"02, ROUTE DE GENAS",,,Plein jour,En agglomération,Hors intersection,Normale,Autre collision,,,,,,,,,,,1,2,1,1.0,6
201300048326,0013-02-02 13:10:00,13,2,2,13,10,690,383,"IGNORE, COURS GAMBETTA",,,Plein jour,En agglomération,Intersection en X,Normale,Deux véhicules - côté,,,,,,,,,,,1,2,2,1.0,3
201300048327,0013-02-04 12:00:00,13,2,4,12,0,690,386,"152, RUE DUGUESCLIN",,,Plein jour,En agglomération,Hors intersection,Temps couvert,Autre collision,,,,,,,,,,,1,2,1,8.0,6
201300048328,0013-02-04 19:10:00,13,2,4,19,10,690,383,"290, RUE GARIBALDI",,,Nuit avec éclairage allumé,En agglomération,Hors intersection,Pluie légère,Autre collision,,,,,,,,,,,5,2,1,2.0,6
201300048329,0013-02-01 12:40:00,13,2,1,12,40,690,383,"56, AVENUE ROCKEFELLER",,,Plein jour,En agglomération,Hors intersection,Temps couvert,Autre collision,,,,,,,,,,,1,2,1,8.0,6
201300048330,0013-02-02 12:20:00,13,2,2,12,20,690,386,RUE DUGUESCLIN,,,Plein jour,En agglomération,Intersection en X,Normale,Deux véhicules - côté,,,,,,,,,,,1,2,2,1.0,3
201300048331,0013-02-06 18:05:00,13,2,6,18,5,690,383,"0, BOULEVARD MARIUS VIVI",,,Nuit avec éclairage allumé,En agglomération,Intersection en X,Pluie légère,Autre collision,,,,,,,,,,,5,2,2,2.0,6
201300048332,0013-02-08 08:55:00,13,2,8,8,55,690,386,"119, COURS LAFAYETTE",,,Plein jour,En agglomération,Hors intersection,Normale,Autre collision,,,,,,,,,,,1,2,1,1.0,6
201300048333,0013-02-12 17:50:00,13,2,12,17,50,690,383,"0, COURS DE LA LIBERTE",,,Nuit avec éclairage allumé,En agglomération,Intersection en X,Pluie légère,Deux véhicules - côté,,,,,,,,,,,5,2,2,2.0,3
201300048334,0013-02-15 08:10:00,13,2,15,8,10,690,386,"ignore, BOULEVARD DES BR",,,Plein jour,En agglomération,Intersection en T,Normale,Deux véhicules - côté,,,,,,,,,,,1,2,3,1.0,3
201300048335,0013-02-15 10:20:00,13,2,15,10,20,690,386,"42, COURS VITTON",,,Plein jour,En agglomération,Hors intersection,Normale,Deux véhicules - arrière,,,,,,,,,,,1,2,1,1.0,2
201300048336,0013-02-20 13:05:00,13,2,20,13,5,690,383,"22, AVENUE GEORGES POMPI",,,Plein jour,En agglomération,Hors intersection,Normale,Deux véhicules - frontale,,,,,,,,,,,1,2,1,1.0,1
201300048337,0013-02-23 00:55:00,13,2,23,0,55,690,383,RUE DUGUESCLIN,,,Nuit avec éclairage allumé,En agglomération,Intersection en X,Normale,Autre collision,,,,,,,,,,,5,2,2,1.0,6
201300048338,0013-02-26 19:40:00,13,2,26,19,40,690,386,RUE CUVIER,,,Nuit avec éclairage allumé,En agglomération,Intersection en X,Normale,Deux véhicules - côté,,,,,,,,,,,5,2,2,1.0,3
201300048339,0013-02-27 16:30:00,13,2,27,16,30,690,386,"0, COURS LAFAYETTE",,,Plein jour,En agglomération,Intersection en X,Normale,Autre collision,,,,,,,,,,,1,2,2,1.0,6
201300048340,0013-02-27 12:00:00,13,2,27,12,0,690,383,"01, COURS RICHARD VITTON",,,Plein jour,En agglomération,Hors intersection,Normale,Trois véhicules et plus - en chaîne,,,,,,,,,,,1,2,1,1.0,4
201300048341,0013-03-03 09:45:00,13,3,3,9,45,690,386,"0, COURS LAFAYETTE",,,Plein jour,En agglomération,Intersection en X,Normale,Autre collision,,,,,,,,,,,1,2,2,1.0,6
201300048342,0013-03-05 17:00:00,13,3,5,17,0,690,383,"IGNORE, RUE DU LAC",,,Plein jour,En agglomération,Intersection en X,Normale,Deux véhicules - côté,,,,,,,,,,,1,2,2,1.0,3
201300048343,0013-03-05 20:10:00,13,3,5,20,10,690,383,"0, PLACE DE LA FERRANDIE",,,Nuit avec éclairage allumé,En agglomération,Intersection en Y,Normale,Autre collision,,,,,,,,,,,5,2,4,1.0,6
201300048344,0013-03-08 10:40:00,13,3,8,10,40,690,383,RUE DU DAUPHINE,,,Plein jour,En agglomération,Intersection en T,Normale,Autre collision,,,,,,,,,,,1,2,3,1.0,6
201300048345,0013-03-07 15:10:00,13,3,7,15,10,690,383,AVENUE GEORGES POMPIDOU,,,Plein jour,En agglomération,Hors intersection,Normale,Autre collision,,,,,,,,,,,1,2,1,1.0,6
201300048346,0013-03-09 16:50:00,13,3,9,16,50,690,383,"0, RUE DE LA PART DIEU",,,Plein jour,En agglomération,Intersection en X,Normale,Deux véhicules - côté,,,,,,,,,,,1,2,2,1.0,3
201300048347,0013-03-09 19:20:00,13,3,9,19,20,690,383,COURS GAMBETTA,,,Nuit avec éclairage allumé,En agglomération,Intersection en X,Normale,Deux véhicules - côté,,,,,,,,,,,5,2,2,1.0,3
201300048348,0013-03-11 13:40:00,13,3,11,13,40,690,383,"0, RUE SAINT MAXIMIN",,,Plein jour,En agglomération,Intersection en X,Normale,Deux véhicules - côté,,,,,,,,,,,1,2,2,1.0,3
201300048349,0013-03-11 13:45:00,13,3,11,13,45,690,383,"IGNORE, RUE DE BONNEL",,,Plein jour,En agglomération,Intersection en X,Normale,Deux véhicules - côté,,,,,,,,,,,1,2,2,1.0,3
201300048350,0013-03-11 18:00:00,13,3,11,18,0,690,383,"79, RUE BARABAN",,,Plein jour,En agglomération,Hors intersection,Normale,Deux véhicules - côté,,,,,,,,,,,1,2,1,1.0,3
201300048351,0013-03-12 15:00:00,13,3,12,15,0,690,386,COURS VITTON,,,Plein jour,En agglomération,Hors intersection,Normale,Autre collision,,,,,,,,,,,1,2,1,1.0,6
201300048352,0013-03-14 13:00:00,13,3,14,13,0,690,383,RUE BONNAND,,,Plein jour,En agglomération,Hors intersection,Normale,Trois véhicules et plus - en chaîne,,,,,,,,,,,1,2,1,1.0,4
201300048353,0013-03-15 17:45:00,13,3,15,17,45,690,383,"0, AVENUE FELIX FAURE",,,Plein jour,En agglomération,Intersection en X,Normale,Deux véhicules - côté,,,,,,,,,,,1,2,2,1.0,3
201300048354,0013-03-18 14:20:00,13,3,18,14,20,690,383,"68, RUE FERDINAND BUISSO",,,Plein jour,En agglomération,Hors intersection,Temps couvert,Deux véhicules - arrière,,,,,,,,,,,1,2,1,8.0,2
201300048355,0013-03-29 04:20:00,13,3,29,4,20,690,386,"6, PLACE JULES FERRY",,,Nuit avec éclairage allumé,En agglomération,Hors intersection,Temps couvert,Deux véhicules - côté,,,,,,,,,,,5,2,1,8.0,3
201300048356,0013-03-30 20:30:00,13,3,30,20,30,690,386,"ignor?, COURS VITTON",,,Nuit avec éclairage allumé,En agglomération,Intersection en T,Pluie forte,Deux véhicules - côté,,,,,,,,,,,5,2,3,3.0,3
201300048357,0013-04-06 13:15:00,13,4,6,13,15,690,383,"8, RUE AIME COLLOMB",,,Plein jour,En agglomération,Hors intersection,Normale,Autre collision,,,,,,,,,,,1,2,1,1.0,6