accident_id,datetime,annee,mois,jour,heure,minute,departement,commune_insee,adresse,latitude,longitude,luminosite,agglomeration,intersection,meteo,collision,nb_vehicules,nb_usagers,nb_indemnes,nb_tues,nb_blesses_hosp,nb_blesses_legers,age_cond_1,age_cond_2,veh_type_cond_1,veh_type_cond_2,lum_code,agg_code,int_code,atm_code,col_code
201300048358,0013-04-04 16:20:00,13,4,4,16,20,690,383,"0, BOULEVARD MARIUS VIVI",,,Plein jour,En agglomération,Intersection en T,Normale,Deux véhicules - frontale,,,,,,,,,,,1,2,3,1.0,1
201300048359,0013-04-08 11:20:00,13,4,8,11,20,690,386,"ignore, RUE GERMAIN",,,Plein jour,En agglomération,Intersection en T,Pluie légère,Deux véhicules - côté,,,,,,,,,,,1,2,3,2.0,3
201300048360,0013-04-10 21:25:00,13,4,10,21,25,690,383,RUE DU DAUPHINE,,,Nuit avec éclairage allumé,En agglomération,Intersection en X,Pluie légère,Deux véhicules - frontale,,,,,,,,,,,5,2,2,2.0,1
201300048361,0013-04-12 17:00:00,13,4,12,17,0,690,383,"37, AVENUE FELIX FAURE",,,Plein jour,En agglomération,Hors intersection,Pluie légère,Sans collision,,,,,,,,,,,1,2,1,2.0,7
201300048362,0013-04-13 00:35:00,13,4,13,0,35,690,386,"0, QUAI GENERAL SARRAIL",,,Nuit avec éclairage allumé,En agglomération,Intersection en T,Normale,Autre collision,,,,,,,,,,,5,2,3,1.0,6
201300048363,0013-04-13 04:30:00,13,4,13,4,30,690,383,"0, RUE VENDOME",,,Nuit avec éclairage allumé,En agglomération,Intersection en X,Normale,Deux véhicules - côté,,,,,,,,,,,5,2,2,1.0,3
201300048364,0013-04-16 16:30:00,13,4,16,16,30,690,386,"0, RUE GARIBALDI",,,Plein jour,En agglomération,Intersection en X,Normale,Deux véhicules - côté,,,,,,,,,,,1,2,2,1.0,3
201300048365,0013-04-16 19:55:00,13,4,16,19,55,690,383,"8, RUE OMER LOUIS",,,Plein jour,En agglomération,Hors intersection,Normale,Autre collision,,,,,,,,,,,1,2,1,1.0,6
201300048366,0013-04-03 20:30:00,13,4,3,20,30,690,386,"30, QUAI CHARLES DE GAUL",,,Nuit avec éclairage allumé,En agglomération,Hors intersection,Normale,Autre collision,,,,,,,,,,,5,2,1,1.0,6
201300048367,0013-04-13 15:00:00,13,4,13,15,0,690,383,"26, RUE BONNAND",,,Plein jour,En agglomération,Hors intersection,Normale,Autre collision,,,,,,,,,,,1,2,1,1.0,6
201300048368,0013-04-17 12:35:00,13,4,17,12,35,690,383,"83, COURS ALBERT THOMAS",,,Plein jour,En agglomération,Hors intersection,Normale,Deux véhicules - côté,,,,,,,,,,,1,2,1,1.0,3
201300048369,0013-04-18 16:50:00,13,4,18,16,50,690,386,"00, AVENUE MARECHAL DE S",,,Plein jour,En agglomération,Intersection en X,Normale,Autre collision,,,,,,,,,,,1,2,2,1.0,6
201300048370,0013-04-19 09:40:00,13,4,19,9,40,690,383,"05, COURS ALBERT THOMAS",,,Plein jour,En agglomération,Hors intersection,Pluie légère,Deux véhicules - arrière,,,,,,,,,,,1,2,1,2.0,2
201300048371,0013-04-09 22:30:00,13,4,9,22,30,690,383,"IGNORE, PLACE ANTONIN JU",,,Nuit avec éclairage allumé,En agglomération,Hors intersection,Normale,Deux véhicules - côté,,,,,,,,,,,5,2,1,1.0,3
201300048372,0013-04-25 12:15:00,13,4,25,12,15,690,383,"49, AVENUE LACASSAGNE",,,Plein jour,En agglomération,Hors intersection,Normale,Deux véhicules - arrière,,,,,,,,,,,1,2,1,1.0,2
201300048373,0013-04-25 22:25:00,13,4,25,22,25,690,386,"0, RUE TETE D OR",,,Nuit avec éclairage allumé,En agglomération,Intersection en X,Normale,Autre collision,,,,,,,,,,,5,2,2,1.0,6
201300048374,0013-04-28 22:40:00,13,4,28,22,40,690,386,"184, COURS LAFAYETTE",,,Nuit avec éclairage allumé,En agglomération,Hors intersection,Pluie légère,Autre collision,,,,,,,,,,,5,2,1,2.0,6
201300048375,0013-04-29 08:15:00,13,4,29,8,15,690,386,RUE NOTRE DAME,,,Plein jour,En agglomération,Intersection en X,Pluie légère,Autre collision,,,,,,,,,,,1,2,2,2.0,6
201300048376,0013-05-02 09:15:00,13,5,2,9,15,690,383,RUE DOCTEUR PAUL DIDAY,,,Plein jour,En agglomération,Hors intersection,Temps couvert,Autre collision,,,,,,,,,,,1,2,1,8.0,6
201300048377,0013-05-02 15:40:00,13,5,2,15,40,690,386,"1, AVENUE DE GRANDE BRET",,,Plein jour,En agglomération,Hors intersection,Normale,Deux véhicules - arrière,,,,,,,,,,,1,2,1,1.0,2
201300048378,0013-05-07 16:45:00,13,5,7,16,45,690,386,"0, RUE FENELON",,,Plein jour,En agglomération,Intersection en X,Normale,Autre collision,,,,,,,,,,,1,2,2,1.0,6
201300048379,0013-05-11 18:05:00,13,5,11,18,5,690,386,"ignore, RUE TETE D OR",,,Plein jour,En agglomération,Intersection en X,Normale,Deux véhicules - frontale,,,,,,,,,,,1,2,2,1.0,1
201300048380,0013-05-14 13:45:00,13,5,14,13,45,690,383,"83, BOULEVARD MARIUS VIV",,,Plein jour,En agglomération,Hors intersection,Normale,Trois véhicules et plus - en chaîne,,,,,,,,,,,1,2,1,1.0,4
201300048381,0013-05-16 15:45:00,13,5,16,15,45,690,383,AVENUE GEORGES POMPIDOU,,,Plein jour,En agglomération,Intersection en X,Pluie légère,Deux véhicules - côté,,,,,,,,,,,1,2,2,2.0,3
201300048382,0013-05-21 12:05:00,13,5,21,12,5,690,386,"89, RUE DE CREQUI",,,Plein jour,En agglomération,Intersection en X,Normale,Autre collision,,,,,,,,,,,1,2,2,1.0,6
201300048383,0013-05-24 13:45:00,13,5,24,13,45,690,386,"07, COURS FRANKLIN ROOSE",,,Plein jour,En agglomération,Hors intersection,Normale,Autre collision,,,,,,,,,,,1,2,1,1.0,6
201300048384,0013-05-24 15:30:00,13,5,24,15,30,690,383,BOULEVARD MARIUS VIVIER,,,Plein jour,En agglomération,Intersection en T,Normale,Deux véhicules - côté,,,,,,,,,,,1,2,3,1.0,3
201300048385,0013-05-24 18:40:00,13,5,24,18,40,690,383,"IGNORE, RUE PAUL BERT",,,Plein jour,En agglomération,Hors intersection,Normale,Deux véhicules - côté,,,,,,,,,,,1,2,1,1.0,3
201300048386,0013-05-27 14:30:00,13,5,27,14,30,690,383,AVENUE LACASSAGNE,,,Plein jour,En agglomération,Hors intersection,Normale,Deux véhicules - côté,,,,,,,,,,,1,2,1,1.0,3
201300048387,0013-05-28 10:10:00,13,5,28,10,10,690,383,"0, RUE GUY",,,Plein jour,En agglomération,Intersection en T,Temps couvert,Autre collision,,,,,,,,,,,1,2,3,8.0,6
201300048388,0013-05-30 13:00:00,13,5,30,13,0,690,383,"00, BOULEVARD MARIUS VIV",,,Plein jour,En agglomération,Intersection en T,Pluie légère,Autre collision,,,,,,,,,,,1,2,3,2.0,6
201300048389,0013-05-30 15:25:00,13,5,30,15,25,690,386,"143, AVENUE THIERS",,,Plein jour,En agglomération,Hors intersection,Pluie légère,Autre collision,,,,,,,,,,,1,2,1,2.0,6
201300048390,0013-05-30 16:50:00,13,5,30,16,50,690,383,RUE DE LA VILLETTE,,,Plein jour,En agglomération,Hors intersection,Normale,Autre collision,,,,,,,,,,,1,2,1,1.0,6
201300048391,0013-05-31 17:35:00,13,5,31,17,35,690,383,"0, RUE BELLECOMBE",,,Plein jour,En agglomération,Intersection en X,Pluie légère,Autre collision,,,,,,,,,,,1,2,2,2.0,6
201300048392,0013-06-03 10:30:00,13,6,3,10,30,690,386,"81, BOULEVARD STALINGRAD",,,Plein jour,En agglomération,Hors intersection,Normale,Trois véhicules et plus - en chaîne,,,,,,,,,,,1,2,1,1.0,4
201300048393,0013-06-03 11:00:00,13,6,3,11,0,690,383,"0, AVENUE LACASSAGNE",,,Plein jour,En agglomération,Intersection en X,Normale,Deux véhicules - côté,,,,,,,,,,,1,2,2,1.0,3
201300048394,0013-06-03 21:15:00,13,6,3,21,15,690,386,"8, PLACE MARECHAL LYAUTE",,,Nuit avec éclairage allumé,En agglomération,Autre intersection,Normale,Autre collision,,,,,,,,,,,5,2,9,1.0,6
201300048395,0013-06-05 16:10:00,13,6,5,16,10,690,383,"186, COURS LAFAYETTE",,,Plein jour,En agglomération,Hors intersection,Normale,Autre collision,,,,,,,,,,,1,2,1,1.0,6
201300048396,0013-06-05 19:25:00,13,6,5,19,25,690,386,"24, BOULEVARD DES BELGES",,,Plein jour,En agglomération,Hors intersection,Normale,Trois véhicules et plus - en chaîne,,,,,,,,,,,1,2,1,1.0,4
201300048397,0013-06-05 22:00:00,13,6,5,22,0,690,383,"196, AVENUE FELIX FAURE",,,Nuit avec éclairage allumé,En agglomération,Hors intersection,Normale,Deux véhicules - côté,,,,,,,,,,,5,2,1,1.0,3
201300048398,0013-06-07 00:10:00,13,6,7,0,10,690,383,"165, AVENUE FELIX FAURE",,,Nuit avec éclairage allumé,En agglomération,Hors intersection,Normale,Deux véhicules - arrière,,,,,,,,,,,5,2,1,1.0,2
201300048399,0013-06-11 11:00:00,13,6,11,11,0,690,386,"0, RUE CUVIER",,,Plein jour,En agglomération,Intersection en X,Normale,Deux véhicules - côté,,,,,,,,,,,1,2,2,1.0,3
201300048400,0013-06-11 18:00:00,13,6,11,18,0,690,383,RUE DUGUESCLIN,,,Plein jour,En agglomération,Intersection en X,Normale,Autre collision,,,,,,,,,,,1,2,2,1.0,6
201300048401,0013-06-13 11:55:00,13,6,13,11,55,690,386,"0, AVENUE THIERS",,,Plein jour,En agglomération,Intersection en X,Normale,Deux véhicules - côté,,,,,,,,,,,1,2,2,1.0,3
201300048402,0013-06-13 18:45:00,13,6,13,18,45,690,383,"56, COURS GAMBETTA",,,Plein jour,En agglomération,Hors intersection,Pluie légère,Autre collision,,,,,,,,,,,1,2,1,2.0,6
201300048403,0013-06-13 19:45:00,13,6,13,19,45,690,383,"246, COURS LAFAYETTE",,,Plein jour,En agglomération,Intersection en X,Pluie forte,Autre collision,,,,,,,,,,,1,2,2,3.0,6
201300048404,0013-06-14 15:50:00,13,6,14,15,50,690,383,"49, AVENUE MARECHAL DE S",,,Plein jour,En agglomération,Hors intersection,Normale,Autre collision,,,,,,,,,,,1,2,1,1.0,6
201300048405,0013-06-18 16:15:00,13,6,18,16,15,690,383,"86, COURS EUGENIE",,,Plein jour,En agglomération,Hors intersection,Normale,Trois véhicules et plus - en chaîne,,,,,,,,,,,1,2,1,1.0,4
201300048406,0013-06-19 14:00:00,13,6,19,14,0,690,386,"30, QUAI CHARLES DE GAUL",,,Plein jour,En agglomération,Hors intersection,Normale,Sans collision,,,,,,,,,,,1,2,1,1.0,7
201300048407,0013-06-18 19:15:00,13,6,18,19,15,690,386,"288, COURS LAFAYETTE",,,Plein jour,En agglomération,Intersection en X,Normale,Autre collision,,,,,,,,,,,1,2,2,1.0,6
201300048408,0013-06-26 15:10:00,13,6,26,15,10,690,383,"290, RUE GARIBALDI",,,Plein jour,En agglomération,Hors intersection,Normale,Autre collision,,,,,,,,,,,1,2,1,1.0,6
201300048409,0013-06-26 16:30:00,13,6,26,16,30,690,386,"0, RUE TETE D OR",,,Plein jour,En agglomération,Intersection en X,Temps éblouissant,Deux véhicules - côté,,,,,,,,,,,1,2,2,7.0,3
201300048410,0013-06-19 10:50:00,13,6,19,10,50,690,386,"10, QUAI GENERAL SARRAIL",,,Plein jour,En agglomération,Hors intersection,Normale,Autre collision,,,,,,,,,,,1,2,1,1.0,6
201300048411,0013-06-30 03:20:00,13,6,30,3,20,690,383,RUE SERVIENT,,,Nuit avec éclairage allumé,En agglomération,Intersection en X,Normale,Deux véhicules - côté,,,,,,,,,,,5,2,2,1.0,3
201300048412,0013-07-01 18:00:00,13,7,1,18,0,690,383,"0, RUE PAUL BERT",,,Plein jour,En agglomération,Intersection en X,Normale,Autre collision,,,,,,,,,,,1,2,2,1.0,6
201300048413,0013-07-02 13:15:00,13,7,2,13,15,690,386,"00, COURS VITTON",,,Plein jour,En agglomération,Intersection en X,Normale,Deux véhicules - côté,,,,,,,,,,,1,2,2,1.0,3
201300048414,0013-07-04 19:05:00,13,7,4,19,5,690,386,"2, PLACE MARECHAL LYAUTE",,,Plein jour,En agglomération,Hors intersection,Normale,Trois véhicules et plus - collisions multiples,,,,,,,,,,,1,2,1,1.0,5
201300048415,0013-07-01 09:40:00,13,7,1,9,40,690,386,AVENUE DE GRANDE BRETAGN,,,Plein jour,En agglomération,Hors intersection,Normale,Deux véhicules - côté,,,,,,,,,,,1,2,1,1.0,3
201300048416,0013-07-02 15:40:00,13,7,2,15,40,690,383,"0, RUE DE LA VILLETTE",,,Plein jour,En agglomération,Intersection en X,Normale,Autre collision,,,,,,,,,,,1,2,2,1.0,6
201300048417,0013-07-04 19:05:00,13,7,4,19,5,690,386,"00, RUE VAUBAN",,,Plein jour,En agglomération,Intersection en X,Normale,Deux véhicules - côté,,,,,,,,,,,1,2,2,1.0,3
201300048418,0013-07-05 13:05:00,13,7,5,13,5,690,383,"0, RUE CHAPONNAY",,,Plein jour,En agglomération,Intersection en X,Normale,Deux véhicules - côté,,,,,,,,,,,1,2,2,1.0,3
201300048419,0013-07-06 03:50:00,13,7,6,3,50,690,386,"122, RUE VAUBAN",,,Nuit avec éclairage allumé,En agglomération,Hors intersection,Normale,Autre collision,,,,,,,,,,,5,2,1,1.0,6
201300048420,0013-07-10 12:00:00,13,7,10,12,0,690,383,"0, RUE DE CREQUI",,,Plein jour,En agglomération,Intersection en X,Normale,Autre collision,,,,,,,,,,,1,2,2,1.0,6
201300048421,0013-07-12 02:00:00,13,7,12,2,0,690,386,"00, PONT WINSTON CHURCHI",,,Nuit avec éclairage allumé,En agglomération,Hors intersection,Normale,Deux véhicules - arrière,,,,,,,,,,,5,2,1,1.0,2
201300048422,0013-07-12 09:00:00,13,7,12,9,0,690,386,"0, AVENUE MARECHAL DE SA",,,Plein jour,En agglomération,Intersection en X,Normale,Autre collision,,,,,,,,,,,1,2,2,1.0,6
201300048423,0013-07-12 12:15:00,13,7,12,12,15,690,383,QUAI VICTOR AUGAGNEUR,,,Plein jour,En agglomération,Intersection à plus de 4 branches,Normale,Deux véhicules - arrière,,,,,,,,,,,1,2,5,1.0,2
201300048424,0013-07-15 19:50:00,13,7,15,19,50,690,383,"0, RUE CHAPONNAY",,,Plein jour,En agglomération,Intersection en X,Normale,Deux véhicules - côté,,,,,,,,,,,1,2,2,1.0,3
201300048425,0013-07-15 16:15:00,13,7,15,16,15,690,386,"00, RUE DE GENEVE",,,Plein jour,En agglomération,Intersection en T,Normale,Deux véhicules - côté,,,,,,,,,,,1,2,3,1.0,3
201300048426,0013-07-16 18:45:00,13,7,16,18,45,690,383,"72, AVENUE MARECHAL DE S",,,Plein jour,En agglomération,Hors intersection,Normale,Deux véhicules - côté,,,,,,,,,,,1,2,1,1.0,3
201300048427,0013-07-16 18:05:00,13,7,16,18,5,690,383,RUE DE LA PART DIEU,,,Plein jour,En agglomération,Intersection en X,Normale,Deux véhicules - frontale,,,,,,,,,,,1,2,2,1.0,1
201300048428,0013-07-22 17:50:00,13,7,22,17,50,690,386,"25, BOULEVARD DES BROTTE",,,Plein jour,En agglomération,Hors intersection,Normale,Deux véhicules - arrière,,,,,,,,,,,1,2,1,1.0,2
201300048429,0013-07-23 12:20:00,13,7,23,12,20,690,383,"00, RUE PASCAL",,,Plein jour,En agglomération,Intersection en X,Normale,Deux véhicules - côté,,,,,,,,,,,1,2,2,1.0,3
201300048430,0013-07-23 12:30:00,13,7,23,12,30,690,386,"0, COURS VITTON",,,Plein jour,En agglomération,Hors intersection,Normale,Autre collision,,,,,,,,,,,1,2,1,1.0,6
201300048431,0013-07-25 10:10:00,13,7,25,10,10,690,386,"4, AVENUE MARECHAL DE SA",,,Plein jour,En agglomération,Hors intersection,Normale,Autre collision,,,,,,,,,,,1,2,1,1.0,6
201300048432,0013-07-26 10:05:00,13,7,26,10,5,690,383,"0, AVENUE MARECHAL DE SA",,,Plein jour,En agglomération,Intersection en X,Normale,Deux véhicules - côté,,,,,,,,,,,1,2,2,1.0,3
201300048433,0013-07-26 17:30:00,13,7,26,17,30,690,383,"64, RUE DE BONNEL",,,Plein jour,En agglomération,Hors intersection,Normale,Deux véhicules - côté,,,,,,,,,,,1,2,1,1.0,3
201300048434,0013-07-29 15:10:00,13,7,29,15,10,690,386,"0, COURS LAFAYETTE",,,Plein jour,En agglomération,Intersection en X,Normale,Deux véhicules - côté,,,,,,,,,,,1,2,2,1.0,3
201300048435,0013-07-31 14:15:00,13,7,31,14,15,690,386,COURS LAFAYETTE,,,Plein jour,En agglomération,Intersection en X,Normale,Deux véhicules - côté,,,,,,,,,,,1,2,2,1.0,3
201300048436,0013-07-30 12:35:00,13,7,30,12,35,690,383,"0, AVENUE GEORGES POMPID",,,Plein jour,En agglomération,Intersection en X,Normale,Deux véhicules - côté,,,,,,,,,,,1,2,2,1.0,3
201300048437,0013-06-28 14:00:00,13,6,28,14,0,690,383,"00, AVENUE FELIX FAURE",,,Plein jour,En agglomération,Hors intersection,Pluie légère,Deux véhicules - côté,,,,,,,,,,,1,2,1,2.0,3
201300048438,0013-08-05 01:00:00,13,8,5,1,0,690,383,"0, COURS GAMBETTA",,,Nuit avec éclairage allumé,En agglomération,Intersection en X,Normale,Deux véhicules - côté,,,,,,,,,,,5,2,2,1.0,3
201300048439,0013-07-29 10:35:00,13,7,29,10,35,690,383,AVENUE FELIX FAURE,,,Plein jour,En agglomération,Hors intersection,Normale,Trois véhicules et plus - en chaîne,,,,,,,,,,,1,2,1,1.0,4
201300048440,0013-08-08 12:35:00,13,8,8,12,35,690,383,"0, RUE DES TUILIERS",,,Plein jour,En agglomération,Intersection en X,Pluie forte,Deux véhicules - côté,,,,,,,,,,,1,2,2,3.0,3
201300048441,0013-08-04 12:35:00,13,8,4,12,35,690,383,"00, COURS GAMBETTA",,,Plein jour,En agglomération,Intersection en X,Normale,Deux véhicules - côté,,,,,,,,,,,1,2,2,1.0,3
201300048442,0013-08-08 16:40:00,13,8,8,16,40,690,383,"47, AVENUE FELIX FAURE",,,Plein jour,En agglomération,Hors intersection,Pluie légère,Sans collision,,,,,,,,,,,1,2,1,2.0,7
201300048443,0013-08-20 08:20:00,13,8,20,8,20,690,386,"42, RUE DE SEZE",,,Plein jour,En agglomération,Intersection en X,Normale,Deux véhicules - côté,,,,,,,,,,,1,2,2,1.0,3
201300048444,0013-08-20 14:50:00,13,8,20,14,50,690,383,AVENUE LACASSAGNE,,,Plein jour,En agglomération,Hors intersection,Normale,Autre collision,,,,,,,,,,,1,2,1,1.0,6
201300048445,0013-08-12 12:00:00,13,8,12,12,0,690,386,"66, RUE TRONCHET",,,Plein jour,En agglomération,Hors intersection,Normale,Autre collision,,,,,,,,,,,1,2,1,1.0,6
201300048446,0013-08-24 02:35:00,13,8,24,2,35,690,386,"39, BOULEVARD DES BELGES",,,Nuit avec éclairage allumé,En agglomération,Hors intersection,Normale,Autre collision,,,,,,,,,,,5,2,1,1.0,6
201300048447,0013-08-26 19:00:00,13,8,26,19,0,690,383,"0, AVENUE ROCKEFELLER",,,Plein jour,En agglomération,Hors intersection,Normale,Trois véhicules et plus - collisions multiples,,,,,,,,,,,1,2,1,1.0,5
201300048448,0013-08-27 13:35:00,13,8,27,13,35,690,386,COURS VITTON,,,Plein jour,En agglomération,Intersection en X,Pluie légère,Autre collision,,,,,,,,,,,1,2,2,2.0,6
201300048449,0013-08-27 17:20:00,13,8,27,17,20,690,383,"26, COURS ALBERT THOMAS",,,Plein jour,En agglomération,Hors intersection,Normale,Autre collision,,,,,,,,,,,1,2,1,1.0,6
201300048450,0013-08-27 12:55:00,13,8,27,12,55,690,386,"0, RUE DUQUESNE",,,Plein jour,En agglomération,Intersection en X,Pluie légère,Deux véhicules - côté,,,,,,,,,,,1,2,2,2.0,3
201300048451,0013-08-30 15:20:00,13,8,30,15,20,690,386,"126, RUE VAUBAN",,,Plein jour,En agglomération,Hors intersection,Normale,Autre collision,,,,,,,,,,,1,2,1,1.0,6
201300048452,0013-09-02 10:25:00,13,9,2,10,25,690,383,"15, RUE DU DAUPHINE",,,Plein jour,En agglomération,Hors intersection,Normale,Autre collision,,,,,,,,,,,1,2,1,1.0,6
201300048453,0013-09-02 17:50:00,13,9,2,17,50,690,383,"17, AVENUE MARECHAL DE S",,,Plein jour,En agglomération,Hors intersection,Normale,Deux véhicules - côté,,,,,,,,,,,1,2,1,1.0,3
201300048454,0013-09-05 15:50:00,13,9,5,15,50,690,383,"65, BOULEVARD MARIUS VIV",,,Plein jour,En agglomération,Hors intersection,Normale,Deux véhicules - arrière,,,,,,,,,,,1,2,1,1.0,2
201300048455,0013-09-06 13:50:00,13,9,6,13,50,690,383,"18, BOULEVARD PINEL",,,Plein jour,En agglomération,Hors intersection,Normale,Autre collision,,,,,,,,,,,1,2,1,1.0,6
201300048456,0013-09-07 16:35:00,13,9,7,16,35,690,383,"0, QUAI VICTOR AUGAGNEUR",,,Plein jour,En agglomération,Hors intersection,Normale,Autre collision,,,,,,,,,,,1,2,1,1.0,6
201300048457,0013-09-09 12:10:00,13,9,9,12,10,690,383,"85, BOULEVARD MARIUS VIV",,,Plein jour,En agglomération,Hors intersection,Normale,Deux véhicules - arrière,,,,,,,,,,,1,2,1,1.0,2
201300048458,0013-09-04 06:55:00,13,9,4,6,55,690,386,RUE DUQUESNE,,,Crépuscule ou aube,En agglomération,Intersection en X,Normale,Deux véhicules - côté,,,,,,,,,,,2,2,2,1.0,3
201300048459,0013-09-04 18:20:00,13,9,4,18,20,690,383,"0, RUE FIOL",,,Plein jour,En agglomération,Intersection en T,Normale,Autre collision,,,,,,,,,,,1,2,3,1.0,6
201300048460,0013-09-09 10:45:00,13,9,9,10,45,690,386,"00, RUE CUVIER",,,Plein jour,En agglomération,Intersection en X,Normale,Autre collision,,,,,,,,,,,1,2,2,1.0,6
201300048461,0013-09-09 15:10:00,13,9,9,15,10,690,383,"35, AVENUE FELIX FAURE",,,Plein jour,En agglomération,Hors intersection,Normale,Trois véhicules et plus - en chaîne,,,,,,,,,,,1,2,1,1.0,4
201300048462,0013-09-10 09:00:00,13,9,10,9,0,690,383,"200, AVENUE LACASSAGNE",,,Plein jour,En agglomération,Hors intersection,Normale,Sans collision,,,,,,,,,,,1,2,1,1.0,7
201300048463,0013-09-11 13:10:00,13,9,11,13,10,690,383,"222, RUE DE CREQUI",,,Plein jour,En agglomération,Hors intersection,Normale,Deux véhicules - côté,,,,,,,,,,,1,2,1,1.0,3
201300048464,0013-09-11 09:50:00,13,9,11,9,50,690,383,"16, QUAI VICTOR AUGAGNEU",,,Plein jour,En agglomération,Hors intersection,Normale,Autre collision,,,,,,,,,,,1,2,1,1.0,6
201300048465,0013-09-11 10:30:00,13,9,11,10,30,690,383,"199, RUE DE BONNEL",,,Plein jour,En agglomération,Hors intersection,Normale,Sans collision,,,,,,,,,,,1,2,1,1.0,7
201300048466,0013-09-12 15:45:00,13,9,12,15,45,690,386,"0, COURS LAFAYETTE",,,Plein jour,En agglomération,Hors intersection,Normale,Autre collision,,,,,,,,,,,1,2,1,1.0,6
201300048467,0013-09-09 15:30:00,13,9,9,15,30,690,386,"18, AVENUE VERGUIN",,,Plein jour,En agglomération,Intersection en X,Normale,Deux véhicules - côté,,,,,,,,,,,1,2,2,1.0,3
201300048468,0013-09-13 18:20:00,13,9,13,18,20,690,386,RUE DE SEZE,,,Plein jour,En agglomération,Intersection en T,Normale,Deux véhicules - côté,,,,,,,,,,,1,2,3,1.0,3
201300048469,0013-09-15 11:05:00,13,9,15,11,5,690,383,COURS LAFAYETTE,,,Plein jour,En agglomération,Intersection en X,Normale,Deux véhicules - côté,,,,,,,,,,,1,2,2,1.0,3
201300048470,0013-09-19 17:35:00,13,9,19,17,35,690,386,"10, QUAI CHARLES DE GAUL",,,Plein jour,En agglomération,Intersection en T,Normale,Deux véhicules - côté,,,,,,,,,,,1,2,3,1.0,3
201300048471,0013-09-19 18:45:00,13,9,19,18,45,690,386,"110, COURS VITTON",,,Plein jour,En agglomération,Hors intersection,Normale,Autre collision,,,,,,,,,,,1,2,1,1.0,6
201300048472,0013-09-22 20:25:00,13,9,22,20,25,690,383,"22, QUAI VICTOR AUGAGNEU",,,Nuit avec éclairage allumé,En agglomération,Hors intersection,Normale,Autre collision,,,,,,,,,,,5,2,1,1.0,6
201300048473,0013-09-23 12:25:00,13,9,23,12,25,690,386,AVENUE VERGUIN,,,Plein jour,En agglomération,Hors intersection,Normale,Autre collision,,,,,,,,,,,1,2,1,1.0,6
201300048474,0013-09-25 14:20:00,13,9,25,14,20,690,383,"132, AVENUE MARECHAL DE",,,Plein jour,En agglomération,Hors intersection,Normale,Deux véhicules - arrière,,,,,,,,,,,1,2,1,1.0,2
201300048475,0013-09-24 19:00:00,13,9,24,19,0,690,383,"00, AVENUE MARECHAL DE S",,,Crépuscule ou aube,En agglomération,Intersection en X,Normale,Deux véhicules - côté,,,,,,,,,,,2,2,2,1.0,3
201300048476,0013-07-29 15:20:00,13,7,29,15,20,690,383,"0, RUE DE LA VILLETTE",,,Plein jour,En agglomération,Intersection en X,Normale,Deux véhicules - côté,,,,,,,,,,,1,2,2,1.0,3
201300048477,0013-09-01 20:50:00,13,9,1,20,50,690,386,"10, QUAI CHARLES DE GAUL",,,Nuit avec éclairage allumé,En agglomération,Hors intersection,Normale,Deux véhicules - arrière,,,,,,,,,,,5,2,1,1.0,2
201300048478,0013-09-26 14:45:00,13,9,26,14,45,690,386,"141, RUE VAUBAN",,,Plein jour,En agglomération,Intersection en X,Normale,Deux véhicules - côté,,,,,,,,,,,1,2,2,1.0,3
201300048479,0013-09-28 19:55:00,13,9,28,19,55,690,383,"168-170, AVENUE FELIX FA",,,Plein jour,En agglomération,Hors intersection,Normale,Trois véhicules et plus - collisions multiples,,,,,,,,,,,1,2,1,1.0,5
201300048480,0013-09-28 21:55:00,13,9,28,21,55,690,386,"0, RUE CUVIER",,,Nuit avec éclairage allumé,En agglomération,Intersection en X,Normale,Deux véhicules - côté,,,,,,,,,,,5,2,2,1.0,3
201300048481,0013-09-29 12:10:00,13,9,29,12,10,690,383,"00, AVENUE GEORGES POMPI",,,Plein jour,En agglomération,Hors intersection,Pluie légère,Deux véhicules - arrière,,,,,,,,,,,1,2,1,2.0,2
201300048482,0013-09-30 22:00:00,13,9,30,22,0,690,386,"71, RUE BUGEAUD",,,Nuit avec éclairage allumé,En agglomération,Hors intersection,Normale,Deux véhicules - arrière,,,,,,,,,,,5,2,1,1.0,2
201300048483,0013-09-24 07:45:00,13,9,24,7,45,690,383,"43, COURS GAMBETTA",,,Plein jour,En agglomération,Hors intersection,Normale,Deux véhicules - arrière,,,,,,,,,,,1,2,1,1.0,2
201300048484,0013-10-03 09:15:00,13,10,3,9,15,690,383,"119, COURS LAFAYETTE",,,Plein jour,En agglomération,Hors intersection,Normale,Deux véhicules - arrière,,,,,,,,,,,1,2,1,1.0,2
201300048485,0013-10-04 11:35:00,13,10,4,11,35,690,383,"0, COURS DE LA LIBERTE",,,Plein jour,En agglomération,Intersection en X,Normale,Autre collision,,,,,,,,,,,1,2,2,1.0,6
201300048486,0013-10-07 14:54:00,13,10,7,14,54,690,383,"0, COURS EUGENIE",,,Plein jour,En agglomération,Intersection en X,Normale,Deux véhicules - côté,,,,,,,,,,,1,2,2,1.0,3
201300048487,0013-10-08 18:30:00,13,10,8,18,30,690,386,"0, COURS FRANKLIN ROOSEV",,,Crépuscule ou aube,En agglomération,Hors intersection,Normale,Deux véhicules - côté,,,,,,,,,,,2,2,1,1.0,3