accident_id,datetime,annee,mois,jour,heure,minute,departement,commune_insee,adresse,latitude,longitude,luminosite,agglomeration,intersection,meteo,collision,nb_vehicules,nb_usagers,nb_indemnes,nb_tues,nb_blesses_hosp,nb_blesses_legers,age_cond_1,age_cond_2,veh_type_cond_1,veh_type_cond_2,lum_code,agg_code,int_code,atm_code,col_code
201300048616,0013-04-08 16:15:00,13,4,8,16,15,330,96,AUTOROUTE A 10,,,Plein jour,Hors agglomération,Hors intersection,Pluie légère,Deux véhicules - arrière,,,,,,,,,,,1,1,1,2.0,2
201300048617,0013-04-09 09:15:00,13,4,9,9,15,330,90,AUTOROUTE A 63,,,Plein jour,Hors agglomération,Hors intersection,Pluie légère,Trois véhicules et plus - collisions multiples,,,,,,,,,,,1,1,1,2.0,5
201300048618,0013-04-11 15:20:00,13,4,11,15,20,330,39,ROUTE NATIONALE 230,,,Plein jour,Hors agglomération,Hors intersection,Pluie légère,Autre collision,,,,,,,,,,,1,1,1,2.0,6
201300048619,0013-04-11 22:30:00,13,4,11,22,30,330,63,ROCADE A 630,,,Nuit avec éclairage allumé,Hors agglomération,Hors intersection,Normale,Deux véhicules - arrière,,,,,,,,,,,5,1,1,1.0,2
201300048620,0013-04-16 06:15:00,13,4,16,6,15,330,397,AUTOROUTE A 10,,,Nuit avec éclairage allumé,Hors agglomération,Hors intersection,Normale,Autre collision,,,,,,,,,,,5,1,1,1.0,6
201300048621,0013-04-16 19:05:00,13,4,16,19,5,330,75,ROCADE A 630,,,Plein jour,Hors agglomération,Hors intersection,Normale,Trois véhicules et plus - en chaîne,,,,,,,,,,,1,1,1,1.0,4
201300048622,0013-04-17 09:20:00,13,4,17,9,20,330,162,ROCADE A 630,,,Plein jour,Hors agglomération,Hors intersection,Normale,Trois véhicules et plus - collisions multiples,,,,,,,,,,,1,1,1,1.0,5
201300048623,0013-04-21 22:05:00,13,4,21,22,5,330,63,ROCADE A 630,,,Nuit avec éclairage allumé,Hors agglomération,Hors intersection,Normale,Autre collision,,,,,,,,,,,5,1,1,1.0,6
201300048624,0013-04-24 11:15:00,13,4,24,11,15,330,119,ROUTE NATIONALE 230,,,Plein jour,Hors agglomération,Hors intersection,Normale,Trois véhicules et plus - collisions multiples,,,,,,,,,,,1,1,1,1.0,5
201300048625,0013-04-24 16:10:00,13,4,24,16,10,330,281,ROCADE A 630,,,Plein jour,Hors agglomération,Hors intersection,Normale,Autre collision,,,,,,,,,,,1,1,1,1.0,6
201300048626,0013-04-24 16:35:00,13,4,24,16,35,330,550,ROCADE A 630,,,Plein jour,Hors agglomération,Hors intersection,Normale,Autre collision,,,,,,,,,,,1,1,1,1.0,6
201300048627,0013-04-25 10:15:00,13,4,25,10,15,330,75,ROCADE A 630,,,Plein jour,Hors agglomération,Hors intersection,Normale,Trois véhicules et plus - en chaîne,,,,,,,,,,,1,1,1,1.0,4
201300048628,0013-04-25 18:20:00,13,4,25,18,20,330,281,ROCADE A 630,,,Plein jour,Hors agglomération,Hors intersection,Normale,Sans collision,,,,,,,,,,,1,1,1,1.0,7
201300048629,0013-04-26 15:55:00,13,4,26,15,55,330,192,ROCADE A 630,,,Plein jour,Hors agglomération,Hors intersection,Pluie légère,Trois véhicules et plus - collisions multiples,,,,,,,,,,,1,1,1,2.0,5
201300048630,0013-04-26 19:15:00,13,4,26,19,15,330,487,AUTOROUTE A 10,,,Plein jour,Hors agglomération,Hors intersection,Pluie légère,Autre collision,,,,,,,,,,,1,1,1,2.0,6
201300048631,0013-04-30 07:55:00,13,4,30,7,55,330,249,ROCADE A 630,,,Plein jour,Hors agglomération,Hors intersection,Pluie légère,Autre collision,,,,,,,,,,,1,1,1,2.0,6
201300048632,0013-05-01 07:05:00,13,5,1,7,5,330,249,ROUTE NATIONALE 230,,,Crépuscule ou aube,Hors agglomération,Hors intersection,Normale,Autre collision,,,,,,,,,,,2,1,1,1.0,6
201300048633,0013-05-01 15:10:00,13,5,1,15,10,330,63,ROCADE A 630,,,Plein jour,Hors agglomération,Hors intersection,Pluie légère,Autre collision,,,,,,,,,,,1,1,1,2.0,6
201300048634,0013-05-01 22:15:00,13,5,1,22,15,330,249,ROUTE NATIONALE 230,,,Nuit avec éclairage allumé,Hors agglomération,Hors intersection,Pluie légère,Trois véhicules et plus - collisions multiples,,,,,,,,,,,5,1,1,2.0,5
201300048635,0013-05-02 17:17:00,13,5,2,17,17,330,39,ROCADE A 630,,,Plein jour,Hors agglomération,Hors intersection,Pluie légère,Trois véhicules et plus - en chaîne,,,,,,,,,,,1,1,1,2.0,4
201300048636,0013-05-02 17:58:00,13,5,2,17,58,330,318,ROCADE A 630,,,Plein jour,Hors agglomération,Hors intersection,Pluie légère,Autre collision,,,,,,,,,,,1,1,1,2.0,6
201300048637,0013-05-03 00:40:00,13,5,3,0,40,330,39,ROCADE A 631,,,Nuit avec éclairage allumé,Hors agglomération,Hors intersection,Pluie légère,Autre collision,,,,,,,,,,,5,1,1,2.0,6
201300048638,0013-05-09 12:05:00,13,5,9,12,5,330,80,AUTOROUTE A 62,,,Plein jour,Hors agglomération,Hors intersection,Pluie légère,Autre collision,,,,,,,,,,,1,1,1,2.0,6
201300048639,0013-05-09 16:40:00,13,5,9,16,40,330,39,ROCADE A 630,,,Plein jour,Hors agglomération,Hors intersection,Pluie légère,Trois véhicules et plus - collisions multiples,,,,,,,,,,,1,1,1,2.0,5
201300048640,0013-05-09 19:35:00,13,5,9,19,35,330,119,ROUTE NATIONALE 230,,,Plein jour,Hors agglomération,Hors intersection,Pluie légère,Trois véhicules et plus - collisions multiples,,,,,,,,,,,1,1,1,2.0,5
201300048641,0013-05-09 20:00:00,13,5,9,20,0,330,39,ROCADE A 630,,,Plein jour,Hors agglomération,Hors intersection,Pluie légère,Autre collision,,,,,,,,,,,1,1,1,2.0,6
201300048642,0013-05-11 17:10:00,13,5,11,17,10,330,192,ROCADE A 630,,,Plein jour,Hors agglomération,Hors intersection,Normale,Autre collision,,,,,,,,,,,1,1,1,1.0,6
201300048643,0013-05-12 10:25:00,13,5,12,10,25,330,39,ROCADE A 630,,,Plein jour,Hors agglomération,Hors intersection,Pluie légère,Autre collision,,,,,,,,,,,1,1,1,2.0,6
201300048644,0013-05-14 19:00:00,13,5,14,19,0,330,249,ROCADE A 630,,,Plein jour,Hors agglomération,Hors intersection,Normale,Deux véhicules - côté,,,,,,,,,,,1,1,1,1.0,3
201300048645,0013-05-15 17:50:00,13,5,15,17,50,330,318,ROCADE A 630,,,Plein jour,Hors agglomération,Hors intersection,Normale,Deux véhicules - arrière,,,,,,,,,,,1,1,1,1.0,2
201300048646,0013-05-15 19:40:00,13,5,15,19,40,330,281,ROCADE A 630,,,Plein jour,Hors agglomération,Hors intersection,Temps couvert,Autre collision,,,,,,,,,,,1,1,1,8.0,6
201300048647,0013-05-16 09:10:00,13,5,16,9,10,330,75,ROCADE A 630,,,Plein jour,Hors agglomération,Hors intersection,Normale,Autre collision,,,,,,,,,,,1,1,1,1.0,6
201300048648,0013-05-18 21:15:00,13,5,18,21,15,330,39,ROCADE A 630,,,Crépuscule ou aube,Hors agglomération,Hors intersection,Pluie légère,Deux véhicules - côté,,,,,,,,,,,2,1,1,2.0,3
201300048649,0013-05-21 07:00:00,13,5,21,7,0,330,23,AUTOROUTE A 62,,,Plein jour,Hors agglomération,Hors intersection,Pluie légère,Trois véhicules et plus - en chaîne,,,,,,,,,,,1,1,1,2.0,4
201300048650,0013-05-21 10:30:00,13,5,21,10,30,330,249,ROCADE A 630,,,Plein jour,Hors agglomération,Hors intersection,Pluie légère,Autre collision,,,,,,,,,,,1,1,1,2.0,6
201300048651,0013-05-24 17:15:00,13,5,24,17,15,330,192,ROCADE A 630,,,Plein jour,Hors agglomération,Hors intersection,Normale,Deux véhicules - arrière,,,,,,,,,,,1,1,1,1.0,2
201300048652,0013-05-26 19:30:00,13,5,26,19,30,330,167,ROUTE NATIONALE 230,,,Plein jour,Hors agglomération,Hors intersection,Normale,Autre collision,,,,,,,,,,,1,1,1,1.0,6
201300048653,0013-05-30 08:05:00,13,5,30,8,5,330,167,ROUTE NATIONALE 230,,,Plein jour,Hors agglomération,Hors intersection,Pluie légère,Autre collision,,,,,,,,,,,1,1,1,2.0,6
201300048654,0013-06-02 19:00:00,13,6,2,19,0,330,90,AUTOROUTE A 63,,,Plein jour,Hors agglomération,Hors intersection,Normale,Trois véhicules et plus - en chaîne,,,,,,,,,,,1,1,1,1.0,4
201300048655,0013-06-10 07:00:00,13,6,10,7,0,330,550,ROCADE A 630,,,Plein jour,Hors agglomération,Hors intersection,Normale,Trois véhicules et plus - en chaîne,,,,,,,,,,,1,1,1,1.0,4
201300048656,0013-06-15 15:15:00,13,6,15,15,15,330,318,ROCADE A 630,,,Plein jour,Hors agglomération,Hors intersection,Normale,Sans collision,,,,,,,,,,,1,1,1,1.0,7
201300048657,0013-06-19 15:40:00,13,6,19,15,40,330,65,ROUTE NATIONALE 230,,,Plein jour,Hors agglomération,Hors intersection,Pluie forte,Deux véhicules - côté,,,,,,,,,,,1,1,1,3.0,3
201300048658,0013-06-20 12:55:00,13,6,20,12,55,330,318,ROCADE A 630,,,Plein jour,Hors agglomération,Hors intersection,Pluie légère,Trois véhicules et plus - collisions multiples,,,,,,,,,,,1,1,1,2.0,5
201300048659,0013-06-21 02:00:00,13,6,21,2,0,330,119,ROUTE NATIONALE 230,,,Nuit avec éclairage allumé,Hors agglomération,Hors intersection,Pluie légère,Autre collision,,,,,,,,,,,5,1,1,2.0,6
201300048660,0013-06-21 16:40:00,13,6,21,16,40,330,96,AUTOROUTE A 10,,,Plein jour,Hors agglomération,Hors intersection,Pluie légère,Trois véhicules et plus - en chaîne,,,,,,,,,,,1,1,1,2.0,4
201300048661,0013-06-21 18:20:00,13,6,21,18,20,330,249,ROUTE NATIONALE 230,,,Plein jour,Hors agglomération,Hors intersection,Pluie légère,Deux véhicules - arrière,,,,,,,,,,,1,1,1,2.0,2
201300048662,0013-06-25 07:40:00,13,6,25,7,40,330,397,AUTOROUTE A 10,,,Plein jour,Hors agglomération,Hors intersection,Normale,Deux véhicules - arrière,,,,,,,,,,,1,1,1,1.0,2
201300048663,0013-06-27 09:05:00,13,6,27,9,5,330,249,ROUTE NATIONALE 230,,,Plein jour,Hors agglomération,Hors intersection,Normale,Autre collision,,,,,,,,,,,1,1,1,1.0,6
201300048664,0013-06-27 19:15:00,13,6,27,19,15,330,80,AUTOROUTE A 62,,,Plein jour,Hors agglomération,Hors intersection,Normale,Autre collision,,,,,,,,,,,1,1,1,1.0,6
201300048665,0013-06-27 20:10:00,13,6,27,20,10,330,162,ROCADE A 630,,,Nuit avec éclairage allumé,Hors agglomération,Hors intersection,Normale,Deux véhicules - arrière,,,,,,,,,,,5,1,1,1.0,2
201300048666,0013-06-28 17:20:00,13,6,28,17,20,330,63,ROCADE A 630,,,Plein jour,Hors agglomération,Hors intersection,Normale,Deux véhicules - arrière,,,,,,,,,,,1,1,1,1.0,2
201300048667,0013-06-28 17:50:00,13,6,28,17,50,330,550,ROCADE A 630,,,Plein jour,Hors agglomération,Hors intersection,Normale,Deux véhicules - arrière,,,,,,,,,,,1,1,1,1.0,2
201300048668,0013-06-28 18:25:00,13,6,28,18,25,330,162,ROCADE A 630,,,Plein jour,Hors agglomération,Hors intersection,Normale,Trois véhicules et plus - collisions multiples,,,,,,,,,,,1,1,1,1.0,5
201300048669,0013-06-28 20:10:00,13,6,28,20,10,330,39,ROCADE A 630,,,Plein jour,Hors agglomération,Hors intersection,Normale,Autre collision,,,,,,,,,,,1,1,1,1.0,6
201300048670,0013-06-28 23:55:00,13,6,28,23,55,330,249,ROUTE NATIONALE 230,,,Nuit sans éclairage public,Hors agglomération,Hors intersection,Normale,Autre collision,,,,,,,,,,,3,1,1,1.0,6
201300048671,0013-06-29 19:40:00,13,6,29,19,40,330,550,ROCADE A 630,,,Plein jour,Hors agglomération,Hors intersection,Pluie légère,Sans collision,,,,,,,,,,,1,1,1,2.0,7
201300048672,0013-07-04 20:50:00,13,7,4,20,50,330,318,ROCADE A 630,,,Plein jour,Hors agglomération,Hors intersection,Normale,Autre collision,,,,,,,,,,,1,1,1,1.0,6
201300048673,0013-07-06 12:05:00,13,7,6,12,5,330,366,AUTOROUTE A 10,,,Plein jour,Hors agglomération,Hors intersection,Normale,Trois véhicules et plus - en chaîne,,,,,,,,,,,1,1,1,1.0,4
201300048674,0013-07-06 19:00:00,13,7,6,19,0,330,318,ROCADE A 630,,,Plein jour,Hors agglomération,Hors intersection,Normale,Autre collision,,,,,,,,,,,1,1,1,1.0,6
201300048675,0013-07-07 06:57:00,13,7,7,6,57,330,75,ROCADE A 630,,,Plein jour,Hors agglomération,Hors intersection,Normale,Autre collision,,,,,,,,,,,1,1,1,1.0,6
201300048676,0013-07-08 10:30:00,13,7,8,10,30,330,318,ROCADE A 630,,,Plein jour,Hors agglomération,Hors intersection,Normale,Sans collision,,,,,,,,,,,1,1,1,1.0,7
201300048677,0013-07-08 14:50:00,13,7,8,14,50,330,249,ROCADE A 630,,,Plein jour,Hors agglomération,Hors intersection,Normale,Trois véhicules et plus - en chaîne,,,,,,,,,,,1,1,1,1.0,4
201300048678,0013-07-12 08:40:00,13,7,12,8,40,330,63,ROCADE A 630,,,Plein jour,Hors agglomération,Hors intersection,Normale,Deux véhicules - côté,,,,,,,,,,,1,1,1,1.0,3
201300048679,0013-07-12 16:40:00,13,7,12,16,40,330,192,AUTOROUTE A 63,,,Plein jour,Hors agglomération,Hors intersection,Normale,Deux véhicules - arrière,,,,,,,,,,,1,1,1,1.0,2
201300048680,0013-07-16 17:50:00,13,7,16,17,50,330,75,ROCADE A 630,,,Plein jour,Hors agglomération,Hors intersection,Normale,Deux véhicules - côté,,,,,,,,,,,1,1,1,1.0,3
201300048681,0013-07-18 17:30:00,13,7,18,17,30,330,550,ROCADE A 630,,,Plein jour,Hors agglomération,Hors intersection,Normale,Autre collision,,,,,,,,,,,1,1,1,1.0,6
201300048682,0013-07-23 13:10:00,13,7,23,13,10,330,192,AUTOROUTE A 63,,,Plein jour,Hors agglomération,Hors intersection,Normale,Deux véhicules - côté,,,,,,,,,,,1,1,1,1.0,3
201300048683,0013-07-26 15:30:00,13,7,26,15,30,330,249,ROCADE A 630,,,Plein jour,Hors agglomération,Hors intersection,Normale,Autre collision,,,,,,,,,,,1,1,1,1.0,6
201300048684,0013-07-27 06:20:00,13,7,27,6,20,330,96,AUTOROUTE A 10,,,Plein jour,Hors agglomération,Hors intersection,Normale,Autre collision,,,,,,,,,,,1,1,1,1.0,6
201300048685,0013-07-27 10:25:00,13,7,27,10,25,330,122,AUTOROUTE A 63,,,Plein jour,Hors agglomération,Hors intersection,Normale,Autre collision,,,,,,,,,,,1,1,1,1.0,6
201300048686,0013-07-28 10:50:00,13,7,28,10,50,330,397,AUTOROUTE A 10,,,Plein jour,Hors agglomération,Hors intersection,Normale,Deux véhicules - arrière,,,,,,,,,,,1,1,1,1.0,2
201300048687,0013-07-28 17:22:00,13,7,28,17,22,330,192,AUTOROUTE A 63,,,Plein jour,Hors agglomération,Hors intersection,Normale,Autre collision,,,,,,,,,,,1,1,1,1.0,6
201300048688,0013-07-30 10:17:00,13,7,30,10,17,330,366,AUTOROUTE A 10,,,Plein jour,Hors agglomération,Hors intersection,Normale,Autre collision,,,,,,,,,,,1,1,1,1.0,6
201300048689,0013-07-30 19:05:00,13,7,30,19,5,330,550,ROCADE A 630,,,Plein jour,Hors agglomération,Hors intersection,Normale,Autre collision,,,,,,,,,,,1,1,1,1.0,6
201300048690,0013-08-03 00:35:00,13,8,3,0,35,330,550,ROCADE A 630,,,Nuit avec éclairage allumé,Hors agglomération,Hors intersection,Pluie légère,Autre collision,,,,,,,,,,,5,1,1,2.0,6
201300048691,0013-08-03 16:30:00,13,8,3,16,30,330,553,AUTOROUTE A 10,,,Plein jour,Hors agglomération,Hors intersection,Normale,Autre collision,,,,,,,,,,,1,1,1,1.0,6
201300048692,0013-08-05 12:35:00,13,8,5,12,35,330,553,AUTOROUTE A 10,,,Plein jour,Hors agglomération,Hors intersection,Normale,Autre collision,,,,,,,,,,,1,1,1,1.0,6
201300048693,0013-08-07 14:30:00,13,8,7,14,30,330,122,AUTOROUTE A 63,,,Plein jour,Hors agglomération,Hors intersection,Pluie légère,Autre collision,,,,,,,,,,,1,1,1,2.0,6
201300048694,0013-08-07 17:40:00,13,8,7,17,40,330,366,AUTOROUTE A 10,,,Plein jour,Hors agglomération,Hors intersection,Pluie légère,Autre collision,,,,,,,,,,,1,1,1,2.0,6
201300048695,0013-08-10 19:30:00,13,8,10,19,30,330,122,AUTOROUTE A 63,,,Plein jour,Hors agglomération,Hors intersection,Normale,Sans collision,,,,,,,,,,,1,1,1,1.0,7
201300048696,0013-08-16 20:50:00,13,8,16,20,50,330,281,ROCADE A 630,,,Plein jour,Hors agglomération,Hors intersection,Normale,Deux véhicules - côté,,,,,,,,,,,1,1,1,1.0,3
201300048697,0013-08-17 13:55:00,13,8,17,13,55,330,119,ROUTE NATIONALE 230,,,Plein jour,Hors agglomération,Hors intersection,Normale,Trois véhicules et plus - en chaîne,,,,,,,,,,,1,1,1,1.0,4
201300048698,0013-08-22 15:40:00,13,8,22,15,40,330,122,AUTOROUTE A 63,,,Plein jour,Hors agglomération,Hors intersection,Normale,Deux véhicules - arrière,,,,,,,,,,,1,1,1,1.0,2
201300048699,0013-08-24 04:30:00,13,8,24,4,30,330,39,ROCADE A 630,,,Nuit sans éclairage public,Hors agglomération,Hors intersection,Normale,Sans collision,,,,,,,,,,,3,1,1,1.0,7
201300048700,0013-08-24 13:00:00,13,8,24,13,0,330,162,ROCADE A 630,,,Plein jour,Hors agglomération,Hors intersection,Normale,Deux véhicules - arrière,,,,,,,,,,,1,1,1,1.0,2
201300048701,0013-08-30 14:20:00,13,8,30,14,20,330,80,AUTOROUTE A 62,,,Plein jour,Hors agglomération,Hors intersection,Normale,Deux véhicules - arrière,,,,,,,,,,,1,1,1,1.0,2
201300048702,0013-08-31 17:45:00,13,8,31,17,45,330,143,AUTOROUTE A 10,,,Plein jour,Hors agglomération,Hors intersection,Normale,Autre collision,,,,,,,,,,,1,1,1,1.0,6
201300048703,0013-09-02 13:45:00,13,9,2,13,45,330,192,ROCADE A 630,,,Plein jour,Hors agglomération,Hors intersection,Normale,Autre collision,,,,,,,,,,,1,1,1,1.0,6
201300048704,0013-09-03 14:55:00,13,9,3,14,55,330,318,ROCADE A 630,,,Plein jour,Hors agglomération,Hors intersection,Normale,Autre collision,,,,,,,,,,,1,1,1,1.0,6
201300048705,0013-09-05 23:40:00,13,9,5,23,40,330,119,ROUTE NATIONALE 230,,,Nuit sans éclairage public,Hors agglomération,Hors intersection,Normale,Autre collision,,,,,,,,,,,3,1,1,1.0,6
201300048706,0013-09-07 13:10:00,13,9,7,13,10,330,249,ROCADE A 630,,,Plein jour,Hors agglomération,Hors intersection,Pluie légère,Autre collision,,,,,,,,,,,1,1,1,2.0,6
201300048707,0013-09-08 21:25:00,13,9,8,21,25,330,96,AUTOROUTE A 10,,,Nuit avec éclairage allumé,Hors agglomération,Hors intersection,Normale,Autre collision,,,,,,,,,,,5,1,1,1.0,6
201300048708,0013-09-09 17:10:00,13,9,9,17,10,330,397,AUTOROUTE A 10,,,Plein jour,Hors agglomération,Hors intersection,Pluie légère,Deux véhicules - arrière,,,,,,,,,,,1,1,1,2.0,2
201300048709,0013-09-11 18:00:00,13,9,11,18,0,330,281,ROCADE A 630,,,Plein jour,Hors agglomération,Hors intersection,Normale,Autre collision,,,,,,,,,,,1,1,1,1.0,6
201300048710,0013-09-13 16:55:00,13,9,13,16,55,330,65,ROUTE NATIONALE 230,,,Plein jour,Hors agglomération,Hors intersection,Normale,Autre collision,,,,,,,,,,,1,1,1,1.0,6
201300048711,0013-09-16 09:33:00,13,9,16,9,33,330,162,ROCADE A 630,,,Plein jour,Hors agglomération,Hors intersection,Pluie légère,Autre collision,,,,,,,,,,,1,1,1,2.0,6
201300048712,0013-09-16 09:36:00,13,9,16,9,36,330,65,ROUTE NATIONALE 230,,,Plein jour,Hors agglomération,Hors intersection,Pluie légère,Autre collision,,,,,,,,,,,1,1,1,2.0,6
201300048713,0013-09-16 11:23:00,13,9,16,11,23,330,249,ROCADE A 630,,,Plein jour,Hors agglomération,Hors intersection,Pluie légère,Autre collision,,,,,,,,,,,1,1,1,2.0,6
201300048714,0013-09-16 13:15:00,13,9,16,13,15,330,249,ROCADE A 630,,,Plein jour,Hors agglomération,Hors intersection,Pluie légère,Autre collision,,,,,,,,,,,1,1,1,2.0,6
201300048715,0013-09-18 16:55:00,13,9,18,16,55,330,249,ROCADE A 630,,,Plein jour,Hors agglomération,Hors intersection,Pluie forte,Autre collision,,,,,,,,,,,1,1,1,3.0,6
201300048716,0013-09-18 16:56:00,13,9,18,16,56,330,249,ROCADE A 630,,,Plein jour,Hors agglomération,Hors intersection,Pluie légère,Autre collision,,,,,,,,,,,1,1,1,2.0,6
201300048717,0013-09-18 19:10:00,13,9,18,19,10,330,249,ROCADE A 630,,,Plein jour,Hors agglomération,Hors intersection,Pluie légère,Autre collision,,,,,,,,,,,1,1,1,2.0,6
201300048718,0013-09-19 09:20:00,13,9,19,9,20,330,162,ROCADE A 630,,,Plein jour,Hors agglomération,Hors intersection,Normale,Deux véhicules - côté,,,,,,,,,,,1,1,1,1.0,3
201300048719,0013-09-20 16:05:00,13,9,20,16,5,330,318,ROCADE A 630,,,Plein jour,Hors agglomération,Hors intersection,Normale,Autre collision,,,,,,,,,,,1,1,1,1.0,6
201300048720,0013-09-21 17:30:00,13,9,21,17,30,330,96,AUTOROUTE A 10,,,Plein jour,Hors agglomération,Hors intersection,Normale,Autre collision,,,,,,,,,,,1,1,1,1.0,6
201300048721,0013-09-23 07:50:00,13,9,23,7,50,330,167,ROUTE NATIONALE 230,,,Plein jour,Hors agglomération,Hors intersection,Normale,Autre collision,,,,,,,,,,,1,1,1,1.0,6
201300048722,0013-09-23 09:30:00,13,9,23,9,30,330,80,AUTOROUTE A 62,,,Plein jour,Hors agglomération,Hors intersection,Normale,Autre collision,,,,,,,,,,,1,1,1,1.0,6
201300048723,0013-09-14 21:20:00,13,9,14,21,20,330,318,ROCADE A 630,,,Nuit avec éclairage allumé,Hors agglomération,Hors intersection,Normale,Autre collision,,,,,,,,,,,5,1,1,1.0,6
201300048724,0013-09-26 07:50:00,13,9,26,7,50,330,75,ROCADE A 630,,,Nuit avec éclairage allumé,Hors agglomération,Hors intersection,Normale,Autre collision,,,,,,,,,,,5,1,1,1.0,6
201300048725,0013-09-26 09:00:00,13,9,26,9,0,330,162,ROCADE A 630,,,Plein jour,Hors agglomération,Hors intersection,Normale,Trois véhicules et plus - en chaîne,,,,,,,,,,,1,1,1,1.0,4
201300048726,0013-09-27 07:40:00,13,9,27,7,40,330,318,ROCADE A 630,,,Crépuscule ou aube,Hors agglomération,Hors intersection,Normale,Autre collision,,,,,,,,,,,2,1,1,1.0,6
201300048727,0013-09-30 18:35:00,13,9,30,18,35,330,63,ROCADE A 630,,,Plein jour,Hors agglomération,Hors intersection,Pluie légère,Autre collision,,,,,,,,,,,1,1,1,2.0,6
201300048728,0013-10-04 18:00:00,13,10,4,18,0,330,318,ROCADE A 630,,,Plein jour,Hors agglomération,Hors intersection,Pluie forte,Sans collision,,,,,,,,,,,1,1,1,3.0,7
201300048729,0013-10-04 18:05:00,13,10,4,18,5,330,318,ROCADE A 630,,,Plein jour,Hors agglomération,Hors intersection,Pluie forte,Sans collision,,,,,,,,,,,1,1,1,3.0,7
201300048730,0013-10-07 17:30:00,13,10,7,17,30,330,249,ROCADE A 630,,,Plein jour,Hors agglomération,Hors intersection,Normale,Deux véhicules - arrière,,,,,,,,,,,1,1,1,1.0,2
201300048731,0013-10-07 18:25:00,13,10,7,18,25,330,318,ROCADE A 630,,,Plein jour,Hors agglomération,Hors intersection,Normale,Autre collision,,,,,,,,,,,1,1,1,1.0,6
201300048732,0013-10-08 10:40:00,13,10,8,10,40,330,96,AUTOROUTE A 10,,,Plein jour,Hors agglomération,Hors intersection,Normale,Deux véhicules - côté,,,,,,,,,,,1,1,1,1.0,3
201300048733,0013-10-12 01:50:00,13,10,12,1,50,330,23,AUTOROUTE A 62,,,Nuit sans éclairage public,Hors agglomération,Hors intersection,Temps couvert,Autre collision,,,,,,,,,,,3,1,1,8.0,6
201300048734,0013-10-12 08:35:00,13,10,12,8,35,330,249,ROCADE A 630,,,Plein jour,Hors agglomération,Hors intersection,Pluie légère,Deux véhicules - arrière,,,,,,,,,,,1,1,1,2.0,2
201300048735,0013-10-15 08:55:00,13,10,15,8,55,330,487,AUTOROUTE A 10,,,Plein jour,Hors agglomération,Hors intersection,Pluie légère,Autre collision,,,,,,,,,,,1,1,1,2.0,6
201300048736,0013-10-14 08:25:00,13,10,14,8,25,330,39,ROCADE A 630,,,Plein jour,Hors agglomération,Hors intersection,Normale,Autre collision,,,,,,,,,,,1,1,1,1.0,6
201300048737,0013-10-18 15:10:00,13,10,18,15,10,330,65,ROUTE NATIONALE 230,,,Plein jour,Hors agglomération,Hors intersection,Normale,Trois véhicules et plus - collisions multiples,,,,,,,,,,,1,1,1,1.0,5
201300048738,0013-10-18 16:00:00,13,10,18,16,0,330,550,ROCADE A 630,,,Plein jour,Hors agglomération,Hors intersection,Normale,Deux véhicules - arrière,,,,,,,,,,,1,1,1,1.0,2
201300048739,0013-10-18 22:05:00,13,10,18,22,5,330,75,ROCADE A 630,,,Nuit avec éclairage non allumé,Hors agglomération,Hors intersection,Normale,Autre collision,,,,,,,,,,,4,1,1,1.0,6
201300048740,0013-10-25 05:20:00,13,10,25,5,20,330,448,AUTOROUTE A 62,,,Nuit avec éclairage non allumé,Hors agglomération,Hors intersection,Pluie légère,Autre collision,,,,,,,,,,,4,1,1,2.0,6
201300048741,0013-10-25 08:20:00,13,10,25,8,20,330,39,ROCADE A 631,,,Crépuscule ou aube,Hors agglomération,Hors intersection,Pluie légère,Trois véhicules et plus - en chaîne,,,,,,,,,,,2,1,1,2.0,4
201300048742,0013-10-25 16:30:00,13,10,25,16,30,330,249,ROCADE A 630,,,Plein jour,Hors agglomération,Hors intersection,Pluie légère,Autre collision,,,,,,,,,,,1,1,1,2.0,6
201300048743,0013-10-25 16:55:00,13,10,25,16,55,330,249,ROCADE A 630,,,Plein jour,Hors agglomération,Hors intersection,Pluie légère,Autre collision,,,,,,,,,,,1,1,1,2.0,6
201300048744,0013-10-25 19:50:00,13,10,25,19,50,330,80,AUTOROUTE A 62,,,Nuit sans éclairage public,Hors agglomération,Hors intersection,Pluie légère,Autre collision,,,,,,,,,,,3,1,1,2.0,6
201300048745,0013-10-30 11:50:00,13,10,30,11,50,330,162,ROCADE A 630,,,Plein jour,Hors agglomération,Hors intersection,Normale,Autre collision,,,,,,,,,,,1,1,1,1.0,6
201300048746,0013-10-31 06:35:00,13,10,31,6,35,330,318,AUTOROUTE A 63,,,Nuit avec éclairage allumé,Hors agglomération,Hors intersection,Normale,Autre collision,,,,,,,,,,,5,1,1,1.0,6
201300048747,0013-10-31 18:45:00,13,10,31,18,45,330,550,ROCADE A 630,,,Nuit avec éclairage allumé,Hors agglomération,Hors intersection,Normale,Autre collision,,,,,,,,,,,5,1,1,1.0,6
201300048748,0013-10-31 19:23:00,13,10,31,19,23,330,550,ROCADE A 630,,,Nuit avec éclairage allumé,Hors agglomération,Hors intersection,Normale,Trois véhicules et plus - en chaîne,,,,,,,,,,,5,1,1,1.0,4
201300048749,0013-11-01 21:50:00,13,11,1,21,50,330,90,AUTOROUTE A 63,,,Nuit avec éclairage allumé,Hors agglomération,Hors intersection,Pluie légère,Autre collision,,,,,,,,,,,5,1,1,2.0,6