accident_id,datetime,annee,mois,jour,heure,minute,departement,commune_insee,adresse,latitude,longitude,luminosite,agglomeration,intersection,meteo,collision,nb_vehicules,nb_usagers,nb_indemnes,nb_tues,nb_blesses_hosp,nb_blesses_legers,age_cond_1,age_cond_2,veh_type_cond_1,veh_type_cond_2,lum_code,agg_code,int_code,atm_code,col_code
201300048750,0013-11-02 18:10:00,13,11,2,18,10,330,39,ROCADE A 631,,,Nuit avec éclairage allumé,Hors agglomération,Hors intersection,Pluie légère,Autre collision,,,,,,,,,,,5,1,1,2.0,6
201300048751,0013-11-02 19:06:00,13,11,2,19,6,330,63,ROCADE A 630,,,Nuit avec éclairage allumé,Hors agglomération,Hors intersection,Pluie légère,Autre collision,,,,,,,,,,,5,1,1,2.0,6
201300048752,0013-11-07 07:45:00,13,11,7,7,45,330,397,AUTOROUTE A 10,,,Plein jour,Hors agglomération,Hors intersection,Pluie légère,Autre collision,,,,,,,,,,,1,1,1,2.0,6
201300048753,0013-11-07 09:10:00,13,11,7,9,10,330,90,AUTOROUTE A 63,,,Plein jour,Hors agglomération,Hors intersection,Autre,Autre collision,,,,,,,,,,,1,1,1,9.0,6
201300048754,0013-11-07 10:00:00,13,11,7,10,0,330,192,ROCADE A 630,,,Plein jour,Hors agglomération,Hors intersection,Pluie légère,Deux véhicules - arrière,,,,,,,,,,,1,1,1,2.0,2
201300048755,0013-11-08 16:45:00,13,11,8,16,45,330,249,ROCADE A 630,,,Plein jour,Hors agglomération,Hors intersection,Pluie légère,Autre collision,,,,,,,,,,,1,1,1,2.0,6
201300048756,0013-11-08 19:15:00,13,11,8,19,15,330,249,ROCADE A 630,,,Nuit avec éclairage allumé,Hors agglomération,Hors intersection,Pluie légère,Autre collision,,,,,,,,,,,5,1,1,2.0,6
201300048757,0013-11-10 11:10:00,13,11,10,11,10,330,249,ROCADE A 630,,,Plein jour,Hors agglomération,Hors intersection,Pluie légère,Autre collision,,,,,,,,,,,1,1,1,2.0,6
201300048758,0013-11-10 11:20:00,13,11,10,11,20,330,39,ROCADE A 631,,,Plein jour,Hors agglomération,Hors intersection,Pluie légère,Autre collision,,,,,,,,,,,1,1,1,2.0,6
201300048759,0013-11-10 14:55:00,13,11,10,14,55,330,65,ROUTE NATIONALE 230,,,Plein jour,Hors agglomération,Hors intersection,Pluie légère,Deux véhicules - côté,,,,,,,,,,,1,1,1,2.0,3
201300048760,0013-11-11 11:25:00,13,11,11,11,25,330,39,ROCADE A 630,,,Plein jour,Hors agglomération,Hors intersection,Normale,Autre collision,,,,,,,,,,,1,1,1,1.0,6
201300048761,0013-11-11 17:55:00,13,11,11,17,55,330,39,ROCADE A 631,,,Nuit avec éclairage allumé,Hors agglomération,Hors intersection,Pluie légère,Autre collision,,,,,,,,,,,5,1,1,2.0,6
201300048762,0013-11-12 10:10:00,13,11,12,10,10,330,75,ROCADE A 630,,,Plein jour,Hors agglomération,Hors intersection,Pluie légère,Autre collision,,,,,,,,,,,1,1,1,2.0,6
201300048763,0013-11-12 10:10:00,13,11,12,10,10,330,75,ROCADE A 630,,,Plein jour,Hors agglomération,Hors intersection,Pluie légère,Autre collision,,,,,,,,,,,1,1,1,2.0,6
201300048764,0013-11-12 13:05:00,13,11,12,13,5,330,80,AUTOROUTE A 62,,,Plein jour,Hors agglomération,Hors intersection,Pluie légère,Autre collision,,,,,,,,,,,1,1,1,2.0,6
201300048765,0013-11-14 07:00:00,13,11,14,7,0,330,192,ROCADE A 630,,,Nuit avec éclairage non allumé,Hors agglomération,Hors intersection,Normale,Autre collision,,,,,,,,,,,4,1,1,1.0,6
201300048766,0013-11-14 14:20:00,13,11,14,14,20,330,65,ROUTE NATIONALE 230,,,Plein jour,Hors agglomération,Hors intersection,Normale,Deux véhicules - côté,,,,,,,,,,,1,1,1,1.0,3
201300048767,0013-11-14 14:20:00,13,11,14,14,20,330,318,ROCADE A 630,,,Plein jour,Hors agglomération,Hors intersection,Normale,Autre collision,,,,,,,,,,,1,1,1,1.0,6
201300048768,0013-11-15 07:35:00,13,11,15,7,35,330,65,ROUTE NATIONALE 230,,,Crépuscule ou aube,Hors agglomération,Hors intersection,Normale,Autre collision,,,,,,,,,,,2,1,1,1.0,6
201300048769,0013-11-18 08:35:00,13,11,18,8,35,330,119,ROUTE NATIONALE 230,,,Plein jour,Hors agglomération,Hors intersection,Normale,Autre collision,,,,,,,,,,,1,1,1,1.0,6
201300048770,0013-11-19 17:45:00,13,11,19,17,45,330,318,ROCADE A 630,,,Crépuscule ou aube,Hors agglomération,Hors intersection,Pluie légère,Autre collision,,,,,,,,,,,2,1,1,2.0,6
201300048771,0013-11-19 07:35:00,13,11,19,7,35,330,397,AUTOROUTE A 10,,,Crépuscule ou aube,Hors agglomération,Hors intersection,Normale,Autre collision,,,,,,,,,,,2,1,1,1.0,6
201300048772,0013-11-20 07:18:00,13,11,20,7,18,330,167,ROUTE NATIONALE 230,,,Nuit avec éclairage allumé,Hors agglomération,Hors intersection,Normale,Autre collision,,,,,,,,,,,5,1,1,1.0,6
201300048773,0013-11-20 07:30:00,13,11,20,7,30,330,162,ROCADE A 630,,,Nuit avec éclairage allumé,Hors agglomération,Hors intersection,Normale,Trois véhicules et plus - en chaîne,,,,,,,,,,,5,1,1,1.0,4
201300048774,0013-11-21 13:40:00,13,11,21,13,40,330,249,ROCADE A 630,,,Plein jour,Hors agglomération,Hors intersection,Pluie légère,Autre collision,,,,,,,,,,,1,1,1,2.0,6
201300048775,0013-11-22 07:15:00,13,11,22,7,15,330,249,AUTOROUTE A 10,,,Nuit sans éclairage public,Hors agglomération,Hors intersection,Normale,Deux véhicules - arrière,,,,,,,,,,,3,1,1,1.0,2
201300048776,0013-11-24 15:35:00,13,11,24,15,35,330,249,ROUTE NATIONALE 230,,,Plein jour,Hors agglomération,Hors intersection,Normale,Autre collision,,,,,,,,,,,1,1,1,1.0,6
201300048777,0013-11-24 17:30:00,13,11,24,17,30,330,96,AUTOROUTE A 10,,,Crépuscule ou aube,Hors agglomération,Hors intersection,Normale,Autre collision,,,,,,,,,,,2,1,1,1.0,6
201300048778,0013-11-25 07:40:00,13,11,25,7,40,330,550,AUTOROUTE A 62,,,Nuit avec éclairage non allumé,Hors agglomération,Hors intersection,Normale,Autre collision,,,,,,,,,,,4,1,1,1.0,6
201300048779,0013-11-25 16:10:00,13,11,25,16,10,330,39,ROCADE A 630,,,Plein jour,Hors agglomération,Hors intersection,Normale,Autre collision,,,,,,,,,,,1,1,1,1.0,6
201300048780,0013-11-27 08:20:00,13,11,27,8,20,330,281,ROCADE A 630,,,Plein jour,Hors agglomération,Hors intersection,Normale,Autre collision,,,,,,,,,,,1,1,1,1.0,6
201300048781,0013-11-28 09:30:00,13,11,28,9,30,330,80,AUTOROUTE A 62,,,Plein jour,Hors agglomération,Hors intersection,Normale,Autre collision,,,,,,,,,,,1,1,1,1.0,6
201300048782,0013-11-30 19:35:00,13,11,30,19,35,330,63,ROCADE A 630,,,Nuit avec éclairage allumé,Hors agglomération,Hors intersection,Normale,Autre collision,,,,,,,,,,,5,1,1,1.0,6
201300048783,0013-12-04 08:15:00,13,12,4,8,15,330,550,ROCADE A 630,,,Plein jour,Hors agglomération,Hors intersection,Normale,Autre collision,,,,,,,,,,,1,1,1,1.0,6
201300048784,0013-12-04 08:45:00,13,12,4,8,45,330,65,ROUTE NATIONALE 230,,,Plein jour,Hors agglomération,Hors intersection,Normale,Autre collision,,,,,,,,,,,1,1,1,1.0,6
201300048785,0013-12-05 06:25:00,13,12,5,6,25,330,80,AUTOROUTE A 62,,,Crépuscule ou aube,Hors agglomération,Hors intersection,Normale,Autre collision,,,,,,,,,,,2,1,1,1.0,6
201300048786,0013-12-05 09:00:00,13,12,5,9,0,330,90,AUTOROUTE A 63,,,Plein jour,Hors agglomération,Hors intersection,Normale,Deux véhicules - arrière,,,,,,,,,,,1,1,1,1.0,2
201300048787,0013-12-09 16:25:00,13,12,9,16,25,330,249,ROCADE A 630,,,Plein jour,Hors agglomération,Hors intersection,Normale,Deux véhicules - arrière,,,,,,,,,,,1,1,1,1.0,2
201300048788,0013-12-10 07:00:00,13,12,10,7,0,330,366,AUTOROUTE A 10,,,Nuit sans éclairage public,Hors agglomération,Hors intersection,Normale,Sans collision,,,,,,,,,,,3,1,1,1.0,7
201300048789,0013-12-12 10:25:00,13,12,12,10,25,330,143,AUTOROUTE A 10,,,Plein jour,Hors agglomération,Hors intersection,Normale,Autre collision,,,,,,,,,,,1,1,1,1.0,6
201300048790,0013-12-13 08:10:00,13,12,13,8,10,330,167,ROUTE NATIONALE 230,,,Crépuscule ou aube,Hors agglomération,Hors intersection,Normale,Autre collision,,,,,,,,,,,2,1,1,1.0,6
201300048791,0013-12-14 09:30:00,13,12,14,9,30,330,63,ROCADE A 630,,,Plein jour,Hors agglomération,Hors intersection,Brouillard / fumée,Autre collision,,,,,,,,,,,1,1,1,5.0,6
201300048792,0013-12-15 19:15:00,13,12,15,19,15,330,249,ROCADE A 630,,,Nuit avec éclairage allumé,Hors agglomération,Hors intersection,Normale,Autre collision,,,,,,,,,,,5,1,1,1.0,6
201300048793,0013-12-16 15:30:00,13,12,16,15,30,330,122,AUTOROUTE A 63,,,Plein jour,Hors agglomération,Hors intersection,Normale,Autre collision,,,,,,,,,,,1,1,1,1.0,6
201300048794,0013-12-16 18:25:00,13,12,16,18,25,330,366,AUTOROUTE A 10,,,Nuit avec éclairage allumé,Hors agglomération,Hors intersection,Normale,Trois véhicules et plus - en chaîne,,,,,,,,,,,5,1,1,1.0,4
201300048795,0013-12-14 17:50:00,13,12,14,17,50,330,192,ROCADE A 630,,,Plein jour,Hors agglomération,Hors intersection,Pluie légère,Autre collision,,,,,,,,,,,1,1,1,2.0,6
201300048796,0013-12-20 07:55:00,13,12,20,7,55,330,448,AUTOROUTE A 62,,,Nuit avec éclairage non allumé,Hors agglomération,Hors intersection,Normale,Autre collision,,,,,,,,,,,4,1,1,1.0,6
201300048797,0013-12-21 15:00:00,13,12,21,15,0,330,249,ROUTE NATIONALE 230,,,Plein jour,Hors agglomération,Hors intersection,Normale,Autre collision,,,,,,,,,,,1,1,1,1.0,6
201300048798,0013-12-21 19:50:00,13,12,21,19,50,330,80,AUTOROUTE A 62,,,Nuit sans éclairage public,Hors agglomération,Hors intersection,Normale,Deux véhicules - côté,,,,,,,,,,,3,1,1,1.0,3
201300048799,0013-12-21 20:05:00,13,12,21,20,5,330,39,ROCADE A 630,,,Nuit avec éclairage allumé,Hors agglomération,Hors intersection,Normale,Autre collision,,,,,,,,,,,5,1,1,1.0,6
201300048800,0013-12-23 14:50:00,13,12,23,14,50,330,550,ROCADE A 630,,,Plein jour,Hors agglomération,Hors intersection,Normale,Deux véhicules - arrière,,,,,,,,,,,1,1,1,1.0,2
201300048801,0013-12-26 03:00:00,13,12,26,3,0,330,366,AUTOROUTE A 10,,,Nuit avec éclairage non allumé,Hors agglomération,Hors intersection,Pluie forte,Deux véhicules - arrière,,,,,,,,,,,4,1,1,3.0,2
201300048802,0013-12-31 20:55:00,13,12,31,20,55,330,80,AUTOROUTE A 62,,,Nuit sans éclairage public,Hors agglomération,Hors intersection,Pluie légère,Autre collision,,,,,,,,,,,3,1,1,2.0,6
201300048803,0013-01-10 10:55:00,13,1,10,10,55,690,385,"45, CHEMIN DE CHOULANS",,,Plein jour,En agglomération,Hors intersection,Pluie légère,Sans collision,,,,,,,,,,,1,2,1,2.0,7
201300048804,0013-01-16 12:45:00,13,1,16,12,45,690,385,"101, CHEMIN DE CHOULANS",,,Plein jour,En agglomération,Hors intersection,Autre,Sans collision,,,,,,,,,,,1,2,1,9.0,7
201300048805,0013-01-23 15:00:00,13,1,23,15,0,690,385,"18, RUE DE TOURVIELLE",,,Plein jour,En agglomération,Hors intersection,Normale,Autre collision,,,,,,,,,,,1,2,1,1.0,6
201300048806,0013-02-16 11:30:00,13,2,16,11,30,690,385,RUE COMMANDANT CHARCOT,,,Plein jour,En agglomération,Hors intersection,Normale,Deux véhicules - arrière,,,,,,,,,,,1,2,1,1.0,2
201300048807,0013-03-24 00:25:00,13,3,24,0,25,690,385,"23, AVENUE DU POINT DU J",,,Nuit avec éclairage allumé,En agglomération,Hors intersection,Pluie légère,Autre collision,,,,,,,,,,,5,2,1,2.0,6
201300048808,0013-03-26 10:10:00,13,3,26,10,10,690,385,"38, MONTEE SAINT BARTHEL",,,Plein jour,En agglomération,Hors intersection,Normale,Autre collision,,,,,,,,,,,1,2,1,1.0,6
201300048809,0013-04-01 16:10:00,13,4,1,16,10,690,385,MONTEE DU CHEMIN NEUF,,,Plein jour,En agglomération,Hors intersection,Normale,Trois véhicules et plus - collisions multiples,,,,,,,,,,,1,2,1,1.0,5
201300048810,0013-04-10 12:10:00,13,4,10,12,10,690,385,"81, AVENUE DU POINT DU J",,,Plein jour,En agglomération,Hors intersection,Normale,Deux véhicules - côté,,,,,,,,,,,1,2,1,1.0,3
201300048811,0013-04-14 12:10:00,13,4,14,12,10,690,385,"39, RUE DE LA GARDE",,,Plein jour,En agglomération,Hors intersection,Normale,Autre collision,,,,,,,,,,,1,2,1,1.0,6
201300048812,0013-04-29 16:55:00,13,4,29,16,55,690,385,"2, RUE OCTAVIO MEY",,,Plein jour,En agglomération,Intersection en X,Pluie forte,Autre collision,,,,,,,,,,,1,2,2,3.0,6
201300048813,0013-05-07 16:32:00,13,5,7,16,32,690,385,"8, QUAI DES ETROITS",,,Plein jour,En agglomération,Hors intersection,Normale,Deux véhicules - côté,,,,,,,,,,,1,2,1,1.0,3
201300048814,0013-05-12 11:30:00,13,5,12,11,30,690,385,"10, AVENUE DE MENIVAL",,,Plein jour,En agglomération,Hors intersection,Normale,Autre collision,,,,,,,,,,,1,2,1,1.0,6
201300048815,0013-05-16 15:45:00,13,5,16,15,45,690,385,"50, RUE JOLIOT CURIE",,,Plein jour,En agglomération,Hors intersection,Pluie forte,Sans collision,,,,,,,,,,,1,2,1,3.0,7
201300048816,0013-05-17 07:45:00,13,5,17,7,45,690,385,"13, RUE DE LA BOMBARDE",,,Plein jour,En agglomération,Intersection en X,Temps couvert,Autre collision,,,,,,,,,,,1,2,2,8.0,6
201300048817,0013-05-28 12:40:00,13,5,28,12,40,690,385,"177, RUE JOLIOT CURIE",,,Plein jour,En agglomération,Hors intersection,Pluie légère,Deux véhicules - côté,,,,,,,,,,,1,2,1,2.0,3
201300048818,0013-07-09 18:10:00,13,7,9,18,10,690,385,"58, QUAI PIERRE SCIZE",,,Plein jour,En agglomération,Hors intersection,Normale,Deux véhicules - frontale,,,,,,,,,,,1,2,1,1.0,1
201300048819,0013-06-07 08:10:00,13,6,7,8,10,690,385,"43, RUE COMMANDANT CHARC",,,Plein jour,Hors agglomération,Hors intersection,Normale,Deux véhicules - côté,,,,,,,,,,,1,1,1,1.0,3
201300048820,0013-06-11 12:45:00,13,6,11,12,45,690,385,"191, CHEMIN DE CHOULANS",,,Plein jour,En agglomération,Hors intersection,Normale,Autre collision,,,,,,,,,,,1,2,1,1.0,6
201300048821,0013-06-17 08:57:00,13,6,17,8,57,690,385,"3, RUE JEAN PREVOST",,,Plein jour,En agglomération,Intersection en Y,Normale,Autre collision,,,,,,,,,,,1,2,4,1.0,6
201300048822,0013-06-19 08:00:00,13,6,19,8,0,690,385,"13, QUAI ROMAIN ROLLAND",,,Plein jour,En agglomération,Hors intersection,Normale,Autre collision,,,,,,,,,,,1,2,1,1.0,6
201300048823,0013-07-02 23:30:00,13,7,2,23,30,690,385,"162, CHEMIN DE CHOULANS",,,Nuit avec éclairage allumé,En agglomération,Hors intersection,Temps couvert,Deux véhicules - arrière,,,,,,,,,,,5,2,1,8.0,2
201300048824,0013-07-03 20:50:00,13,7,3,20,50,690,385,"173, AVENUE BARTHELEMY B",,,Crépuscule ou aube,En agglomération,Hors intersection,Pluie forte,Deux véhicules - côté,,,,,,,,,,,2,2,1,3.0,3
201300048825,0013-07-24 18:40:00,13,7,24,18,40,690,385,"77, QUAI PIERRE SCIZE",,,Plein jour,En agglomération,Hors intersection,Normale,Deux véhicules - frontale,,,,,,,,,,,1,2,1,1.0,1
201300048826,0013-07-25 18:20:00,13,7,25,18,20,690,385,"1, AVENUE DE LA PREMIERE",,,Plein jour,En agglomération,Hors intersection,Normale,Trois véhicules et plus - en chaîne,,,,,,,,,,,1,2,1,1.0,4
201300048827,0013-07-26 16:10:00,13,7,26,16,10,690,385,"77, QUAI PIERRE SCIZE",,,Plein jour,En agglomération,Hors intersection,Normale,Deux véhicules - frontale,,,,,,,,,,,1,2,1,1.0,1
201300048828,0013-08-02 15:30:00,13,8,2,15,30,690,385,"28-36, RUE ROGER RADISSO",,,Plein jour,En agglomération,Hors intersection,Temps éblouissant,Deux véhicules - côté,,,,,,,,,,,1,2,1,7.0,3
201300048829,0013-08-03 18:45:00,13,8,3,18,45,690,385,PONT KITCHENER MARCHAND,,,Plein jour,En agglomération,Intersection en Y,Normale,Deux véhicules - côté,,,,,,,,,,,1,2,4,1.0,3
201300048830,0013-08-15 19:30:00,13,8,15,19,30,690,385,"215, AVENUE BARTHELEMY B",,,Plein jour,En agglomération,Hors intersection,Normale,Deux véhicules - côté,,,,,,,,,,,1,2,1,1.0,3
201300048831,0013-09-03 22:20:00,13,9,3,22,20,690,385,"27, AVENUE DU POINT DU J",,,Nuit avec éclairage allumé,En agglomération,Hors intersection,Normale,Autre collision,,,,,,,,,,,5,2,1,1.0,6
201300048832,0013-09-04 07:40:00,13,9,4,7,40,690,385,"160, RUE COMMANDANT CHAR",,,Plein jour,En agglomération,Intersection en T,Normale,Autre collision,,,,,,,,,,,1,2,3,1.0,6
201300048833,0013-09-10 09:00:00,13,9,10,9,0,690,385,"6, AVENUE GENERAL EISENH",,,Plein jour,En agglomération,Hors intersection,Normale,Deux véhicules - côté,,,,,,,,,,,1,2,1,1.0,3
201300048834,0013-09-10 18:00:00,13,9,10,18,0,690,385,"192, AVENUE BARTHELEMY B",,,Plein jour,En agglomération,Hors intersection,Normale,Autre collision,,,,,,,,,,,1,2,1,1.0,6
201300048835,0013-10-11 11:20:00,13,10,11,11,20,690,385,"21, AVENUE DU POINT DU J",,,Plein jour,En agglomération,Hors intersection,Normale,Autre collision,,,,,,,,,,,1,2,1,1.0,6
201300048836,0013-09-21 19:20:00,13,9,21,19,20,690,385,"5, PLACE ABBE LARUE",,,Crépuscule ou aube,En agglomération,Hors intersection,Normale,Autre collision,,,,,,,,,,,2,2,1,1.0,6
201300048837,0013-09-22 16:20:00,13,9,22,16,20,690,385,"60, CHEMIN DE CHOULANS",,,Plein jour,En agglomération,Hors intersection,Normale,Deux véhicules - côté,,,,,,,,,,,1,2,1,1.0,3
201300048838,0013-09-25 14:40:00,13,9,25,14,40,690,385,"84, RUE COMMANDANT CHARC",,,Plein jour,En agglomération,Hors intersection,Normale,Deux véhicules - côté,,,,,,,,,,,1,2,1,1.0,3
201300048839,0013-09-26 20:00:00,13,9,26,20,0,690,385,"86, RUE COMMANDANT CHARC",,,Nuit avec éclairage allumé,En agglomération,Hors intersection,Normale,Autre collision,,,,,,,,,,,5,2,1,1.0,6
201300048840,0013-10-12 09:20:00,13,10,12,9,20,690,385,"2, RUE DE LA QUARANTAINE",,,Plein jour,En agglomération,Hors intersection,Normale,Autre collision,,,,,,,,,,,1,2,1,1.0,6
201300048841,0013-10-18 18:05:00,13,10,18,18,5,690,385,"6, RUE DE L ANTIQUAILLE",,,Crépuscule ou aube,En agglomération,Hors intersection,Normale,Autre collision,,,,,,,,,,,2,2,1,1.0,6
201300048842,0013-10-29 17:40:00,13,10,29,17,40,690,385,"4, MONTEE DES EPIES",,,Nuit avec éclairage allumé,En agglomération,Hors intersection,Normale,Autre collision,,,,,,,,,,,5,2,1,1.0,6
201300048843,0013-11-07 13:10:00,13,11,7,13,10,690,385,"33, CHEMIN DE CHOULANS",,,Plein jour,En agglomération,Hors intersection,Normale,Autre collision,,,,,,,,,,,1,2,1,1.0,6
201300048844,0013-11-20 18:00:00,13,11,20,18,0,690,385,"191, CHEMIN DE CHOULANS",,,Nuit avec éclairage allumé,En agglomération,Hors intersection,Autre,Autre collision,,,,,,,,,,,5,2,1,9.0,6
201300048845,0013-11-29 14:10:00,13,11,29,14,10,690,385,"42, AVENUE GENERAL EISEN",,,Plein jour,En agglomération,Hors intersection,Normale,Autre collision,,,,,,,,,,,1,2,1,1.0,6
201300048846,0013-11-22 10:50:00,13,11,22,10,50,690,385,RUE MAURICE BELLEMAIN,,,Plein jour,En agglomération,Intersection en X,Pluie légère,Autre collision,,,,,,,,,,,1,2,2,2.0,6
201300048847,0013-12-05 07:35:00,13,12,5,7,35,690,385,"1, RUE DE L ANTIQUAILLE",,,Crépuscule ou aube,En agglomération,Hors intersection,Normale,Deux véhicules - côté,,,,,,,,,,,2,2,1,1.0,3
201300048848,0013-12-21 21:45:00,13,12,21,21,45,690,385,"85, QUAI PIERRE SCIZE",,,Nuit avec éclairage allumé,En agglomération,Hors intersection,Normale,Autre collision,,,,,,,,,,,5,2,1,1.0,6
201300048849,0013-01-08 18:10:00,13,1,8,18,10,670,118,Autoroute A.351,,,Nuit sans éclairage public,Hors agglomération,Hors intersection,Normale,Deux véhicules - arrière,,,,,,,,,,,3,1,1,1.0,2
201300048850,0013-01-12 17:05:00,13,1,12,17,5,670,309,Autoroute A.4,,,Nuit sans éclairage public,Hors agglomération,Hors intersection,Normale,Trois véhicules et plus - collisions multiples,,,,,,,,,,,3,1,1,1.0,5
201300048851,0013-01-26 06:10:00,13,1,26,6,10,670,482,Autoroute A.351,,,Nuit sans éclairage public,Hors agglomération,Hors intersection,Normale,Deux véhicules - arrière,,,,,,,,,,,3,1,1,1.0,2
201300048852,0013-02-25 14:45:00,13,2,25,14,45,670,389,Autoroute A.4,,,Plein jour,Hors agglomération,Hors intersection,Temps couvert,Sans collision,,,,,,,,,,,1,1,1,8.0,7
201300048853,0013-03-20 19:30:00,13,3,20,19,30,670,365,Autoroute A.35,,,Nuit avec éclairage non allumé,Hors agglomération,Hors intersection,Temps couvert,Deux véhicules - côté,,,,,,,,,,,4,1,1,8.0,3
201300048854,0013-04-04 12:10:00,13,4,4,12,10,670,447,Autoroute A.4,,,Plein jour,Hors agglomération,Hors intersection,Normale,Trois véhicules et plus - collisions multiples,,,,,,,,,,,1,1,1,1.0,5
201300048855,0013-04-12 17:00:00,13,4,12,17,0,670,365,Autoroute A.35,,,Plein jour,Hors agglomération,Hors intersection,Normale,Trois véhicules et plus - en chaîne,,,,,,,,,,,1,1,1,1.0,4
201300048856,0013-04-17 00:30:00,13,4,17,0,30,670,482,Autoroute A.351,,,Nuit sans éclairage public,Hors agglomération,Hors intersection,Normale,Deux véhicules - côté,,,,,,,,,,,3,1,1,1.0,3
201300048857,0013-05-10 12:05:00,13,5,10,12,5,670,49,Autoroute A.35,,,Plein jour,Hors agglomération,Hors intersection,Normale,Trois véhicules et plus - collisions multiples,,,,,,,,,,,1,1,1,1.0,5
201300048858,0013-06-06 13:35:00,13,6,6,13,35,670,447,Autoroute A.4,,,Plein jour,Hors agglomération,Hors intersection,Normale,Deux véhicules - côté,,,,,,,,,,,1,1,1,1.0,3
201300048859,0013-06-19 14:50:00,13,6,19,14,50,670,482,Autoroute A.35,,,Plein jour,Hors agglomération,Hors intersection,Normale,Autre collision,,,,,,,,,,,1,1,1,1.0,6
201300048860,0013-07-02 16:20:00,13,7,2,16,20,670,482,Autoroute A.35,,,Plein jour,Hors agglomération,Hors intersection,Normale,Deux véhicules - côté,,,,,,,,,,,1,1,1,1.0,3
201300048861,0013-07-03 20:25:00,13,7,3,20,25,670,218,Nationale 353,,,Crépuscule ou aube,Hors agglomération,Hors intersection,Normale,Autre collision,,,,,,,,,,,2,1,1,1.0,6
201300048862,0013-07-07 19:05:00,13,7,7,19,5,670,482,Autoroute A.351,,,Plein jour,Hors agglomération,Hors intersection,Normale,Sans collision,,,,,,,,,,,1,1,1,1.0,7
201300048863,0013-07-17 18:35:00,13,7,17,18,35,670,152,Autoroute A.35,,,Plein jour,Hors agglomération,Hors intersection,Normale,Deux véhicules - arrière,,,,,,,,,,,1,1,1,1.0,2
201300048864,0013-08-30 16:40:00,13,8,30,16,40,670,389,Autoroute A.4,,,Plein jour,Hors agglomération,Hors intersection,Normale,Deux véhicules - arrière,,,,,,,,,,,1,1,1,1.0,2
201300048865,0013-09-27 15:50:00,13,9,27,15,50,670,365,Autoroute A.35,,,Plein jour,Hors agglomération,Hors intersection,Normale,Deux véhicules - côté,,,,,,,,,,,1,1,1,1.0,3
201300048866,0013-10-01 22:45:00,13,10,1,22,45,670,482,Autoroute A.35,,,Nuit sans éclairage public,Hors agglomération,Hors intersection,Normale,Sans collision,,,,,,,,,,,3,1,1,1.0,7
201300048867,0013-10-06 11:40:00,13,10,6,11,40,670,152,Route Nationale 83,,,Plein jour,Hors agglomération,Hors intersection,Pluie légère,Deux véhicules - arrière,,,,,,,,,,,1,1,1,2.0,2
201300048868,0013-10-25 08:10:00,13,10,25,8,10,670,365,Autoroute A.35,,,Plein jour,Hors agglomération,Hors intersection,Normale,Deux véhicules - côté,,,,,,,,,,,1,1,1,1.0,3
201300048869,0013-11-04 16:45:00,13,11,4,16,45,670,447,Autoroute A.4,,,Plein jour,Hors agglomération,Hors intersection,Normale,Deux véhicules - côté,,,,,,,,,,,1,1,1,1.0,3
201300048870,0013-12-20 15:50:00,13,12,20,15,50,670,482,Autoroute A.35,,,Plein jour,Hors agglomération,Hors intersection,Normale,Deux véhicules - arrière,,,,,,,,,,,1,1,1,1.0,2
201300048871,0013-02-03 03:00:00,13,2,3,3,0,540,462,Autoroute A 33,48.60296,6.33348,Nuit avec éclairage allumé,Hors agglomération,Hors intersection,Normale,Autre collision,,,,,,,,,,,5,1,1,1.0,6
201300048872,0013-02-15 15:10:00,13,2,15,15,10,540,462,Autoroute A 33,48.61723,6.3171,Plein jour,Hors agglomération,Hors intersection,Normale,Deux véhicules - arrière,,,,,,,,,,,1,1,1,1.0,2
201300048873,0013-02-18 12:56:00,13,2,18,12,56,540,528,Autoroute A 31,48.65617,5.89666,Plein jour,Hors agglomération,Hors intersection,Normale,Deux véhicules - côté,,,,,,,,,,,1,1,1,1.0,3
201300048874,0013-03-30 16:20:00,13,3,30,16,20,540,304,Autoroute A 33,48.6809,6.11907,Plein jour,Hors agglomération,Hors intersection,Normale,Deux véhicules - côté,,,,,,,,,,,1,1,1,1.0,3
201300048875,0013-06-28 05:45:00,13,6,28,5,45,540,27,Autoroute A 31,48.88835,6.09848,Crépuscule ou aube,Hors agglomération,Hors intersection,Normale,Sans collision,,,,,,,,,,,2,1,1,1.0,7
201300048876,0013-05-09 20:48:00,13,5,9,20,48,540,462,Autoroute A 33,,,Nuit sans éclairage public,Hors agglomération,Hors intersection,Normale,Deux véhicules - côté,,,,,,,,,,,3,1,1,1.0,3
201300048877,0013-03-12 06:40:00,13,3,12,6,40,540,357,Autoroute A 31,48.72049,6.1675,Crépuscule ou aube,Hors agglomération,Hors intersection,Pluie légère,Deux véhicules - côté,,,,,,,,,,,2,1,1,2.0,3
201300048878,0013-05-29 04:50:00,13,5,29,4,50,540,328,Autoroute A 330,48.60994,6.17593,Crépuscule ou aube,Hors agglomération,Hors intersection,Normale,Sans collision,,,,,,,,,,,2,1,1,1.0,7
201300048879,0013-06-17 07:40:00,13,6,17,7,40,540,571,Autoroute A 33,48.61859,6.25017,Plein jour,Hors agglomération,Hors intersection,Normale,Trois véhicules et plus - en chaîne,,,,,,,,,,,1,1,1,1.0,4