accident_id,datetime,annee,mois,jour,heure,minute,departement,commune_insee,adresse,latitude,longitude,luminosite,agglomeration,intersection,meteo,collision,nb_vehicules,nb_usagers,nb_indemnes,nb_tues,nb_blesses_hosp,nb_blesses_legers,age_cond_1,age_cond_2,veh_type_cond_1,veh_type_cond_2,lum_code,agg_code,int_code,atm_code,col_code
201300048880,0013-06-20 09:10:00,13,6,20,9,10,540,571,Autoroute A 33,48.61851,6.27175,Plein jour,Hors agglomération,Hors intersection,Pluie légère,Deux véhicules - arrière,,,,,,,,,,,1,1,1,2.0,2
201300048881,0013-08-10 21:45:00,13,8,10,21,45,540,150,Autoroute A 31,48.77252,6.14348,Nuit sans éclairage public,Hors agglomération,Hors intersection,Normale,Deux véhicules - arrière,,,,,,,,,,,3,1,1,1.0,2
201300048882,0013-09-09 08:10:00,13,9,9,8,10,540,571,Autoroute A 33,48.61854,6.25669,Plein jour,Hors agglomération,Hors intersection,Normale,Trois véhicules et plus - en chaîne,,,,,,,,,,,1,1,1,1.0,4
201300048883,0013-09-24 08:00:00,13,9,24,8,0,540,232,Autoroute A 31,48.68856,5.99516,Plein jour,Hors agglomération,Hors intersection,Brouillard / fumée,Autre collision,,,,,,,,,,,1,1,1,5.0,6
201300048884,0013-10-20 21:35:00,13,10,20,21,35,540,431,Autoroute  A 313,48.8962,6.07257,Nuit sans éclairage public,Hors agglomération,Hors intersection,Normale,Deux véhicules - côté,,,,,,,,,,,3,1,1,1.0,3
201300048885,0013-10-23 15:45:00,13,10,23,15,45,540,115,Autoroute A 31,48.69407,6.09782,Plein jour,Hors agglomération,Hors intersection,Normale,Deux véhicules - côté,,,,,,,,,,,1,1,1,1.0,3
201300048886,0013-12-11 17:15:00,13,12,11,17,15,540,304,Autoroute A 31,48.70064,6.1246,Plein jour,Hors agglomération,Hors intersection,Normale,Deux véhicules - arrière,,,,,,,,,,,1,1,1,1.0,2
201300048887,0013-12-16 14:25:00,13,12,16,14,25,540,91,Autoroute A 31,48.94834,6.11199,Plein jour,Hors agglomération,Hors intersection,Normale,Sans collision,,,,,,,,,,,1,1,1,1.0,7
201300048888,0013-12-20 06:03:00,13,12,20,6,3,540,232,Autoroute A 31,48.6819,5.94326,Nuit sans éclairage public,Hors agglomération,Hors intersection,Normale,Deux véhicules - côté,,,,,,,,,,,3,1,1,1.0,3
201300048889,0013-01-06 08:35:00,13,1,6,8,35,570,663,Autoroute A31,,,Plein jour,Hors agglomération,Hors intersection,Temps couvert,Autre collision,,,,,,,,,,,1,1,1,8.0,6
201300048890,0013-01-07 08:08:00,13,1,7,8,8,570,283,Autoroute A31,,,Crépuscule ou aube,Hors agglomération,Hors intersection,Normale,Deux véhicules - arrière,,,,,,,,,,,2,1,1,1.0,2
201300048891,0013-01-10 19:30:00,13,1,10,19,30,570,447,RN 431,,,Nuit sans éclairage public,Hors agglomération,Hors intersection,Temps couvert,Autre collision,,,,,,,,,,,3,1,1,8.0,6
201300048892,0013-01-15 05:25:00,13,1,15,5,25,570,445,Autoroute A31,,,Nuit sans éclairage public,Hors agglomération,Hors intersection,Neige / grêle,Sans collision,,,,,,,,,,,3,1,1,4.0,7
201300048893,0013-02-08 08:30:00,13,2,8,8,30,570,463,RN 431,,,Plein jour,Hors agglomération,Hors intersection,Temps couvert,Trois véhicules et plus - en chaîne,,,,,,,,,,,1,1,1,8.0,4
201300048894,0013-02-19 23:10:00,13,2,19,23,10,570,534,RN 431,,,Nuit sans éclairage public,Hors agglomération,Hors intersection,Normale,Sans collision,,,,,,,,,,,3,1,1,1.0,7
201300048895,0013-03-23 15:40:00,13,3,23,15,40,570,39,RN 431,,,Plein jour,Hors agglomération,Hors intersection,Normale,Autre collision,,,,,,,,,,,1,1,1,1.0,6
201300048896,0013-03-24 09:45:00,13,3,24,9,45,570,194,Autoroute A31,,,Plein jour,Hors agglomération,Hors intersection,Temps couvert,Autre collision,,,,,,,,,,,1,1,1,8.0,6
201300048897,0013-03-30 01:53:00,13,3,30,1,53,570,463,Autoroute A31,,,Nuit sans éclairage public,Hors agglomération,Hors intersection,Normale,Deux véhicules - côté,,,,,,,,,,,3,1,1,1.0,3
201300048898,0013-05-27 12:00:00,13,5,27,12,0,570,751,Autoroute A31,,,Plein jour,Hors agglomération,Hors intersection,Normale,Autre collision,,,,,,,,,,,1,1,1,1.0,6
201300048899,0013-05-29 10:15:00,13,5,29,10,15,570,303,Autoroute A31,,,Plein jour,Hors agglomération,Hors intersection,Normale,Autre collision,,,,,,,,,,,1,1,1,1.0,6
201300048900,0013-06-18 17:55:00,13,6,18,17,55,570,672,Autoroute A31,,,Plein jour,Hors agglomération,Hors intersection,Normale,Deux véhicules - arrière,,,,,,,,,,,1,1,1,1.0,2
201300048901,0013-06-23 15:10:00,13,6,23,15,10,570,474,Autoroute A31,,,Plein jour,Hors agglomération,Hors intersection,Normale,Autre collision,,,,,,,,,,,1,1,1,1.0,6
201300048902,0013-07-04 19:30:00,13,7,4,19,30,570,452,Autoroute A31,,,Plein jour,Hors agglomération,Hors intersection,Normale,Deux véhicules - arrière,,,,,,,,,,,1,1,1,1.0,2
201300048903,0013-07-20 13:28:00,13,7,20,13,28,570,303,Autoroute A31,,,Plein jour,Hors agglomération,Hors intersection,Normale,Trois véhicules et plus - en chaîne,,,,,,,,,,,1,1,1,1.0,4
201300048904,0013-09-06 02:25:00,13,9,6,2,25,570,474,Autoroute A31,,,Nuit sans éclairage public,Hors agglomération,Hors intersection,Normale,Sans collision,,,,,,,,,,,3,1,1,1.0,7
201300048905,0013-09-23 15:05:00,13,9,23,15,5,570,663,Autoroute A31,,,Plein jour,Hors agglomération,Hors intersection,Normale,Deux véhicules - frontale,,,,,,,,,,,1,1,1,1.0,1
201300048906,0013-10-05 20:00:00,13,10,5,20,0,570,666,Autoroute A31,,,Nuit sans éclairage public,Hors agglomération,Hors intersection,Pluie forte,Deux véhicules - côté,,,,,,,,,,,3,1,1,3.0,3
201300048907,0013-11-02 14:30:00,13,11,2,14,30,570,666,Autoroute A31,,,Plein jour,Hors agglomération,Hors intersection,Pluie forte,Deux véhicules - côté,,,,,,,,,,,1,1,1,3.0,3
201300048908,0013-11-09 04:25:00,13,11,9,4,25,570,269,Autoroute A31,,,Nuit sans éclairage public,Hors agglomération,Hors intersection,Normale,Autre collision,,,,,,,,,,,3,1,1,1.0,6
201300048909,0013-11-10 04:20:00,13,11,10,4,20,570,96,Autoroute A30,,,Nuit sans éclairage public,Hors agglomération,Hors intersection,Normale,Sans collision,,,,,,,,,,,3,1,1,1.0,7
201300048910,0013-11-30 15:55:00,13,11,30,15,55,570,463,Autoroute A31,,,Plein jour,Hors agglomération,Hors intersection,Normale,Deux véhicules - côté,,,,,,,,,,,1,1,1,1.0,3
201300048911,0013-12-04 17:53:00,13,12,4,17,53,570,269,Autoroute  A31,,,Nuit sans éclairage public,Hors agglomération,Hors intersection,Normale,Sans collision,,,,,,,,,,,3,1,1,1.0,7
201300048912,0013-12-12 01:50:00,13,12,12,1,50,570,463,RN  431,,,Nuit sans éclairage public,Hors agglomération,Hors intersection,Normale,Autre collision,,,,,,,,,,,3,1,1,1.0,6
201300048913,0013-12-22 06:00:00,13,12,22,6,0,570,552,RN  431,,,Nuit sans éclairage public,Hors agglomération,Hors intersection,Normale,Deux véhicules - arrière,,,,,,,,,,,3,1,1,1.0,2
201300048914,0013-12-27 18:15:00,13,12,27,18,15,570,356,Autoroute  A31,,,Nuit sans éclairage public,Hors agglomération,Hors intersection,Normale,Sans collision,,,,,,,,,,,3,1,1,1.0,7
201300048915,0013-01-08 07:40:00,13,1,8,7,40,690,387,RUE LAMOTHE,,,Crépuscule ou aube,En agglomération,Intersection en X,Normale,Deux véhicules - arrière,,,,,,,,,,,2,2,2,1.0,2
201300048916,0013-01-12 14:00:00,13,1,12,14,0,690,387,"7, AVENUE JEAN JAURES",,,Plein jour,En agglomération,Hors intersection,Normale,Deux véhicules - arrière,,,,,,,,,,,1,2,1,1.0,2
201300048917,0013-01-22 08:25:00,13,1,22,8,25,690,387,"302-304, RUE GARIBALDI",,,Plein jour,En agglomération,Hors intersection,Normale,Deux véhicules - arrière,,,,,,,,,,,1,2,1,1.0,2
201300048918,0013-01-22 12:15:00,13,1,22,12,15,690,387,"24, RUE DE GERLAND",,,Plein jour,En agglomération,Intersection en X,Normale,Deux véhicules - côté,,,,,,,,,,,1,2,2,1.0,3
201300048919,0013-01-31 05:35:00,13,1,31,5,35,690,387,"43, RUE CHEVREUL",,,Nuit avec éclairage allumé,En agglomération,Intersection en X,Normale,Deux véhicules - côté,,,,,,,,,,,5,2,2,1.0,3
201300048920,0013-01-29 08:00:00,13,1,29,8,0,690,387,"0, RUE DE LA MADELEINE",,,Plein jour,En agglomération,Autre intersection,Normale,Autre collision,,,,,,,,,,,1,2,9,1.0,6
201300048921,0013-01-10 08:50:00,13,1,10,8,50,690,387,RUE DE GERLAND,,,Plein jour,En agglomération,Hors intersection,Pluie légère,Autre collision,,,,,,,,,,,1,2,1,2.0,6
201300048922,0013-01-24 14:50:00,13,1,24,14,50,690,387,"IGNORE, RUE RENAN",,,Plein jour,En agglomération,Intersection en T,Normale,Deux véhicules - côté,,,,,,,,,,,1,2,3,1.0,3
201300048923,0013-02-01 07:15:00,13,2,1,7,15,690,387,"152, BOULEVARD YVES FARG",,,Nuit avec éclairage allumé,En agglomération,Hors intersection,Pluie légère,Autre collision,,,,,,,,,,,5,2,1,2.0,6
201300048924,0013-02-04 10:50:00,13,2,4,10,50,690,387,"0, RUE BANCEL",,,Plein jour,En agglomération,Intersection en X,Pluie légère,Deux véhicules - frontale,,,,,,,,,,,1,2,2,2.0,1
201300048925,0013-02-11 12:10:00,13,2,11,12,10,690,387,"0, AVENUE JEAN JAURES",,,Plein jour,En agglomération,Intersection en X,Pluie légère,Autre collision,,,,,,,,,,,1,2,2,2.0,6
201300048926,0013-02-19 19:15:00,13,2,19,19,15,690,387,"ignore, AVENUE JEAN JAUR",,,Nuit avec éclairage allumé,En agglomération,Intersection en X,Normale,Deux véhicules - côté,,,,,,,,,,,5,2,2,1.0,3
201300048927,0013-02-21 15:45:00,13,2,21,15,45,690,387,"0, RUE CREUZET",,,Plein jour,En agglomération,Intersection en X,Normale,Deux véhicules - arrière,,,,,,,,,,,1,2,2,1.0,2
201300048928,0013-02-23 02:50:00,13,2,23,2,50,690,387,"25, RUE BECHEVELIN",,,Nuit avec éclairage allumé,En agglomération,Hors intersection,Normale,Sans collision,,,,,,,,,,,5,2,1,1.0,7
201300048929,0013-03-02 13:20:00,13,3,2,13,20,690,387,RUE RAULIN,,,Plein jour,En agglomération,Intersection en X,Temps couvert,Deux véhicules - côté,,,,,,,,,,,1,2,2,8.0,3
201300048930,0013-02-26 05:45:00,13,2,26,5,45,690,387,RUE SEBASTIEN GRYPHE,,,Nuit avec éclairage allumé,En agglomération,Intersection en X,Normale,Autre collision,,,,,,,,,,,5,2,2,1.0,6
201300048931,0013-03-05 00:30:00,13,3,5,0,30,690,387,"02, RUE DE GERLAND",,,Nuit avec éclairage allumé,En agglomération,Hors intersection,Normale,Autre collision,,,,,,,,,,,5,2,1,1.0,6
201300048932,0013-03-11 21:35:00,13,3,11,21,35,690,387,"0, RUE DE L UNIVERSITE",,,Nuit avec éclairage allumé,En agglomération,Intersection en X,Normale,Deux véhicules - côté,,,,,,,,,,,5,2,2,1.0,3
201300048933,0013-01-27 20:50:00,13,1,27,20,50,690,387,AVENUE TONY GARNIER,,,Nuit avec éclairage allumé,En agglomération,Hors intersection,Pluie forte,Autre collision,,,,,,,,,,,5,2,1,3.0,6
201300048934,0013-03-12 00:10:00,13,3,12,0,10,690,387,"ignore, AVENUE LECLERC",,,Nuit avec éclairage allumé,En agglomération,Intersection en X,Normale,Deux véhicules - côté,,,,,,,,,,,5,2,2,1.0,3
201300048935,0013-03-14 14:20:00,13,3,14,14,20,690,387,"0, AVENUE JEAN JAURES",,,Plein jour,En agglomération,Intersection en X,Normale,Deux véhicules - arrière,,,,,,,,,,,1,2,2,1.0,2
201300048936,0013-03-17 00:40:00,13,3,17,0,40,690,387,COURS GAMBETTA,,,Nuit avec éclairage allumé,En agglomération,Hors intersection,Vent fort / tempête,Autre collision,,,,,,,,,,,5,2,1,6.0,6
201300048937,0013-03-14 20:20:00,13,3,14,20,20,690,387,"2, RUE CHALLEMEL LACOUR",,,Nuit avec éclairage allumé,En agglomération,Intersection en T,Normale,Autre collision,,,,,,,,,,,5,2,3,1.0,6
201300048938,0013-03-15 00:35:00,13,3,15,0,35,690,387,"1, RUE DE L UNIVERSITE",,,Nuit avec éclairage allumé,En agglomération,Hors intersection,Temps couvert,Sans collision,,,,,,,,,,,5,2,1,8.0,7
201300048939,0013-03-20 18:30:00,13,3,20,18,30,690,387,PLACE RASPAIL,,,Plein jour,En agglomération,Intersection en T,Normale,Autre collision,,,,,,,,,,,1,2,3,1.0,6
201300048940,0013-03-22 18:38:00,13,3,22,18,38,690,387,"0, RUE DE GERLAND",,,Plein jour,En agglomération,Intersection en X,Normale,Deux véhicules - côté,,,,,,,,,,,1,2,2,1.0,3
201300048941,0013-04-03 20:45:00,13,4,3,20,45,690,387,"0, AVENUE JEAN JAURES",,,Nuit avec éclairage allumé,En agglomération,Intersection en X,Normale,Deux véhicules - côté,,,,,,,,,,,5,2,2,1.0,3
201300048942,0013-04-07 19:35:00,13,4,7,19,35,690,387,"5, COURS GAMBETTA",,,Nuit avec éclairage allumé,En agglomération,Hors intersection,Normale,Autre collision,,,,,,,,,,,5,2,1,1.0,6
201300048943,0013-04-07 20:15:00,13,4,7,20,15,690,387,RUE ANDRE BOLLIER,,,Crépuscule ou aube,En agglomération,Hors intersection,Normale,Autre collision,,,,,,,,,,,2,2,1,1.0,6
201300048944,0013-04-16 16:12:00,13,4,16,16,12,690,387,"0, RUE CHEVREUL",,,Plein jour,En agglomération,Intersection en X,Normale,Deux véhicules - côté,,,,,,,,,,,1,2,2,1.0,3
201300048945,0013-04-10 19:30:00,13,4,10,19,30,690,387,RUE SAINT MICHEL,,,Nuit avec éclairage allumé,Hors agglomération,Intersection en X,Normale,Deux véhicules - côté,,,,,,,,,,,5,1,2,1.0,3
201300048946,0013-04-13 23:30:00,13,4,13,23,30,690,387,"35, AVENUE DEBOURG",,,Nuit avec éclairage allumé,En agglomération,Hors intersection,Normale,Sans collision,,,,,,,,,,,5,2,1,1.0,7
201300048947,0013-04-16 07:30:00,13,4,16,7,30,690,387,"191, AVENUE BERTHELOT",,,Plein jour,En agglomération,Hors intersection,Normale,Autre collision,,,,,,,,,,,1,2,1,1.0,6
201300048948,0013-04-14 13:45:00,13,4,14,13,45,690,387,"47, RUE DE GERLAND",,,Plein jour,En agglomération,Hors intersection,Normale,Deux véhicules - frontale,,,,,,,,,,,1,2,1,1.0,1
201300048949,0013-04-09 22:20:00,13,4,9,22,20,690,387,"0, AVENUE JEAN JAURES",,,Nuit avec éclairage allumé,En agglomération,Intersection en X,Normale,Autre collision,,,,,,,,,,,5,2,2,1.0,6
201300048950,0013-04-12 12:40:00,13,4,12,12,40,690,387,"6, RUE DE L UNIVERSITE",,,Plein jour,En agglomération,Hors intersection,Normale,Autre collision,,,,,,,,,,,1,2,1,1.0,6
201300048951,0013-04-12 17:10:00,13,4,12,17,10,690,387,RUE RAOUL SERVANT,,,Plein jour,En agglomération,Intersection en T,Normale,Deux véhicules - côté,,,,,,,,,,,1,2,3,1.0,3
201300048952,0013-04-16 17:25:00,13,4,16,17,25,690,387,"2, QUAI CLAUDE BERNARD",,,Plein jour,En agglomération,Intersection en T,Normale,Deux véhicules - côté,,,,,,,,,,,1,2,3,1.0,3
201300048953,0013-04-18 07:10:00,13,4,18,7,10,690,387,"10, RUE DE LA MADELEINE",,,Plein jour,En agglomération,Hors intersection,Normale,Deux véhicules - côté,,,,,,,,,,,1,2,1,1.0,3
201300048954,0013-04-15 09:15:00,13,4,15,9,15,690,387,"103, RUE SEBASTIEN GRYPH",,,Plein jour,En agglomération,Hors intersection,Normale,Deux véhicules - côté,,,,,,,,,,,1,2,1,1.0,3
201300048955,0013-04-23 21:10:00,13,4,23,21,10,690,387,"ignore, RUE RAULIN",,,Nuit avec éclairage allumé,En agglomération,Intersection en X,Normale,Deux véhicules - côté,,,,,,,,,,,5,2,2,1.0,3
201300048956,0013-04-24 19:15:00,13,4,24,19,15,690,387,"52, RUE CHALLEMEL LACOUR",,,Plein jour,En agglomération,Hors intersection,Normale,Deux véhicules - arrière,,,,,,,,,,,1,2,1,1.0,2
201300048957,0013-05-01 14:10:00,13,5,1,14,10,690,387,"IGNORE, RUE CREUZET",,,Plein jour,En agglomération,Intersection en X,Normale,Deux véhicules - côté,,,,,,,,,,,1,2,2,1.0,3
201300048958,0013-05-03 15:50:00,13,5,3,15,50,690,387,AVENUE LECLERC,,,Plein jour,En agglomération,Hors intersection,Normale,Deux véhicules - arrière,,,,,,,,,,,1,2,1,1.0,2
201300048959,0013-05-05 03:10:00,13,5,5,3,10,690,387,"174, RUE DE GERLAND",,,Nuit avec éclairage allumé,En agglomération,Intersection en X,Normale,Deux véhicules - arrière,,,,,,,,,,,5,2,2,1.0,2
201300048960,0013-05-05 16:20:00,13,5,5,16,20,690,387,"0, AVENUE LECLERC",,,Plein jour,En agglomération,Hors intersection,Normale,Deux véhicules - arrière,,,,,,,,,,,1,2,1,1.0,2
201300048961,0013-05-16 16:05:00,13,5,16,16,5,690,387,"205, AVENUE JEAN JAURES",,,Plein jour,En agglomération,Intersection en X,Pluie légère,Deux véhicules - côté,,,,,,,,,,,1,2,2,2.0,3
201300048962,0013-05-18 15:00:00,13,5,18,15,0,690,387,"ignore, AVENUE JEAN JAUR",,,Plein jour,En agglomération,Intersection en X,Normale,Trois véhicules et plus - collisions multiples,,,,,,,,,,,1,2,2,1.0,5
201300048963,0013-05-26 06:20:00,13,5,26,6,20,690,387,"50, AVENUE TONY GARNIER",,,Plein jour,En agglomération,Hors intersection,Normale,Autre collision,,,,,,,,,,,1,2,1,1.0,6
201300048964,0013-05-16 17:15:00,13,5,16,17,15,690,387,RUE DE LA THIBAUDIERE,,,Plein jour,En agglomération,Intersection en X,Normale,Deux véhicules - côté,,,,,,,,,,,1,2,2,1.0,3
201300048965,0013-05-24 08:10:00,13,5,24,8,10,690,387,"20, RUE CROIX BARRET",,,Plein jour,En agglomération,Hors intersection,Normale,Deux véhicules - arrière,,,,,,,,,,,1,2,1,1.0,2
201300048966,0013-05-31 12:00:00,13,5,31,12,0,690,387,"04, RUE MATHIEU VARILLE",,,Plein jour,En agglomération,Hors intersection,Pluie légère,Sans collision,,,,,,,,,,,1,2,1,2.0,7
201300048967,0013-05-28 08:20:00,13,5,28,8,20,690,387,"0, AVENUE TONY GARNIER",,,Plein jour,En agglomération,Intersection en X,Normale,Deux véhicules - côté,,,,,,,,,,,1,2,2,1.0,3
201300048968,0013-05-31 15:50:00,13,5,31,15,50,690,387,RUE DE L UNIVERSITE,,,Plein jour,En agglomération,Intersection en X,Pluie légère,Deux véhicules - côté,,,,,,,,,,,1,2,2,2.0,3
201300048969,0013-06-06 11:20:00,13,6,6,11,20,690,387,"0, AVENUE JEAN JAURES",,,Plein jour,En agglomération,Intersection en X,Normale,Deux véhicules - côté,,,,,,,,,,,1,2,2,1.0,3
201300048970,0013-06-07 13:00:00,13,6,7,13,0,690,387,"0, RUE DE GERLAND",,,Plein jour,En agglomération,Intersection en X,Temps éblouissant,Deux véhicules - côté,,,,,,,,,,,1,2,2,7.0,3
201300048971,0013-06-11 09:05:00,13,6,11,9,5,690,387,"00, RUE MARC BLOCH",,,Plein jour,En agglomération,Intersection en X,Normale,Deux véhicules - arrière,,,,,,,,,,,1,2,2,1.0,2
201300048972,0013-06-12 13:40:00,13,6,12,13,40,690,387,"312, RUE GARIBALDI",,,Plein jour,En agglomération,Hors intersection,Normale,Autre collision,,,,,,,,,,,1,2,1,1.0,6
201300048973,0013-06-14 08:50:00,13,6,14,8,50,690,387,"51, RUE DOMER",,,Plein jour,En agglomération,Hors intersection,Normale,Deux véhicules - côté,,,,,,,,,,,1,2,1,1.0,3
201300048974,0013-06-15 16:15:00,13,6,15,16,15,690,387,"38, AVENUE JEAN JAURES",,,Plein jour,En agglomération,Intersection en X,Normale,Deux véhicules - arrière,,,,,,,,,,,1,2,2,1.0,2
201300048975,0013-06-14 11:05:00,13,6,14,11,5,690,387,"76, BOULEVARD DES TCHECO",,,Plein jour,En agglomération,Hors intersection,Normale,Sans collision,,,,,,,,,,,1,2,1,1.0,7
201300048976,0013-06-16 20:30:00,13,6,16,20,30,690,387,"0, RUE DE MARSEILLE",,,Crépuscule ou aube,En agglomération,Intersection en X,Vent fort / tempête,Deux véhicules - côté,,,,,,,,,,,2,2,2,6.0,3
201300048977,0013-06-19 14:45:00,13,6,19,14,45,690,387,PONT GALLIENI,,,Plein jour,En agglomération,Intersection à plus de 4 branches,Normale,Deux véhicules - côté,,,,,,,,,,,1,2,5,1.0,3
201300048978,0013-06-20 17:45:00,13,6,20,17,45,690,387,RUE D ANVERS,,,Plein jour,En agglomération,Intersection en X,Normale,Deux véhicules - côté,,,,,,,,,,,1,2,2,1.0,3
201300048979,0013-06-21 06:30:00,13,6,21,6,30,690,387,"20, AVENUE LECLERC",,,Crépuscule ou aube,En agglomération,Hors intersection,Normale,Deux véhicules - arrière,,,,,,,,,,,2,2,1,1.0,2
201300048980,0013-05-28 08:50:00,13,5,28,8,50,690,387,"106, AVENUE JEAN JAURES",,,Plein jour,En agglomération,Hors intersection,Normale,Deux véhicules - côté,,,,,,,,,,,1,2,1,1.0,3
201300048981,0013-06-27 09:10:00,13,6,27,9,10,690,387,RUE GARIBALDI,,,Plein jour,En agglomération,Hors intersection,Temps couvert,Deux véhicules - côté,,,,,,,,,,,1,2,1,8.0,3
201300048982,0013-06-27 11:00:00,13,6,27,11,0,690,387,"0, RUE DE LA THIBAUDIERE",,,Plein jour,En agglomération,Intersection en X,Normale,Sans collision,,,,,,,,,,,1,2,2,1.0,7
201300048983,0013-06-30 19:35:00,13,6,30,19,35,690,387,"00, AVENUE DU CHATEAU DE",,,Plein jour,En agglomération,Intersection en T,Normale,Deux véhicules - côté,,,,,,,,,,,1,2,3,1.0,3
201300048984,0013-07-11 17:10:00,13,7,11,17,10,690,387,"0, QUAI CLAUDE BERNARD",,,Plein jour,En agglomération,Hors intersection,Normale,Autre collision,,,,,,,,,,,1,2,1,1.0,6
201300048985,0013-07-12 11:25:00,13,7,12,11,25,690,387,"12, COURS GAMBETTA",,,Plein jour,En agglomération,Hors intersection,Normale,Sans collision,,,,,,,,,,,1,2,1,1.0,7
201300048986,0013-07-13 09:00:00,13,7,13,9,0,690,387,"118, COURS GAMBETTA",,,Plein jour,En agglomération,Hors intersection,Normale,Autre collision,,,,,,,,,,,1,2,1,1.0,6
201300048987,0013-07-15 17:55:00,13,7,15,17,55,690,387,"10, AVENUE LECLERC",,,Plein jour,En agglomération,Hors intersection,Normale,Deux véhicules - arrière,,,,,,,,,,,1,2,1,1.0,2
201300048988,0013-07-17 08:45:00,13,7,17,8,45,690,387,"0, BOULEVARD YVES FARGE",,,Plein jour,En agglomération,Intersection en Y,Normale,Deux véhicules - côté,,,,,,,,,,,1,2,4,1.0,3
201300048989,0013-07-18 09:30:00,13,7,18,9,30,690,387,PONT PASTEUR,,,Plein jour,En agglomération,Intersection en X,Pluie forte,Autre collision,,,,,,,,,,,1,2,2,3.0,6
201300048990,0013-07-19 03:30:00,13,7,19,3,30,690,387,"0, RUE DU VERCORS",,,Nuit avec éclairage allumé,En agglomération,Intersection en X,Normale,Autre collision,,,,,,,,,,,5,2,2,1.0,6
201300048991,0013-07-24 17:00:00,13,7,24,17,0,690,387,"00, RUE LORTET",,,Plein jour,En agglomération,Intersection en T,Normale,Deux véhicules - côté,,,,,,,,,,,1,2,3,1.0,3
201300048992,0013-07-20 16:00:00,13,7,20,16,0,690,387,"0, QUAI CLAUDE BERNARD",,,Plein jour,En agglomération,Hors intersection,Normale,Autre collision,,,,,,,,,,,1,2,1,1.0,6
201300048993,0013-07-31 20:20:00,13,7,31,20,20,690,387,"1, AVENUE BERTHELOT",,,Plein jour,En agglomération,Hors intersection,Normale,Deux véhicules - côté,,,,,,,,,,,1,2,1,1.0,3
201300048994,0013-08-11 21:05:00,13,8,11,21,5,690,387,"176, RUE DE GERLAND",,,Crépuscule ou aube,En agglomération,Hors intersection,Normale,Autre collision,,,,,,,,,,,2,2,1,1.0,6
201300048995,0013-08-10 00:40:00,13,8,10,0,40,690,387,"0, AVENUE TONY GARNIER",,,Nuit avec éclairage allumé,En agglomération,Hors intersection,Normale,Autre collision,,,,,,,,,,,5,2,1,1.0,6
201300048996,0013-08-10 07:55:00,13,8,10,7,55,690,387,"00, AVENUE DEBOURG",,,Plein jour,En agglomération,Intersection en X,Normale,Deux véhicules - côté,,,,,,,,,,,1,2,2,1.0,3
201300048997,0013-08-11 14:40:00,13,8,11,14,40,690,387,"0, ALLEE PIERRE DE COUBE",,,Plein jour,En agglomération,Hors intersection,Normale,Sans collision,,,,,,,,,,,1,2,1,1.0,7
201300048998,0013-08-18 04:18:00,13,8,18,4,18,690,387,"52, RUE DE L EPARGNE",,,Nuit avec éclairage allumé,En agglomération,Hors intersection,Normale,Autre collision,,,,,,,,,,,5,2,1,1.0,6
201300048999,0013-08-22 20:00:00,13,8,22,20,0,690,387,ROUTE DE VIENNE,,,Plein jour,En agglomération,Intersection en T,Normale,Autre collision,,,,,,,,,,,1,2,3,1.0,6
201300049000,0013-09-01 17:55:00,13,9,1,17,55,690,387,"169, AVENUE BERTHELOT",,,Plein jour,En agglomération,Hors intersection,Normale,Autre collision,,,,,,,,,,,1,2,1,1.0,6
201300049001,0013-09-09 16:45:00,13,9,9,16,45,690,387,"0, RUE MONTESQUIEU",,,Plein jour,En agglomération,Intersection en X,Normale,Deux véhicules - côté,,,,,,,,,,,1,2,2,1.0,3
201300049002,0013-09-09 18:25:00,13,9,9,18,25,690,387,"61, AVENUE TONY GARNIER",,,Plein jour,En agglomération,Hors intersection,Normale,Trois véhicules et plus - en chaîne,,,,,,,,,,,1,2,1,1.0,4
201300049003,0013-09-15 17:00:00,13,9,15,17,0,690,387,"0, RUE DE LA THIBAUDIERE",,,Plein jour,En agglomération,Intersection en X,Normale,Deux véhicules - côté,,,,,,,,,,,1,2,2,1.0,3
201300049004,0013-09-23 12:50:00,13,9,23,12,50,690,387,"190, AVENUE JEAN JAURES",,,Plein jour,En agglomération,Hors intersection,Normale,Autre collision,,,,,,,,,,,1,2,1,1.0,6
201300049005,0013-09-15 07:45:00,13,9,15,7,45,690,387,BOULEVARD CHAMBAUD DE LA,,,Plein jour,En agglomération,Hors intersection,Pluie légère,Deux véhicules - arrière,,,,,,,,,,,1,2,1,2.0,2
201300049006,0013-09-20 16:30:00,13,9,20,16,30,690,387,"0, RUE DE GERLAND",,,Plein jour,En agglomération,Intersection en X,Normale,Deux véhicules - côté,,,,,,,,,,,1,2,2,1.0,3
201300049007,0013-09-17 18:25:00,13,9,17,18,25,690,387,RUE SAINT LAZARE,,,Plein jour,En agglomération,Intersection à plus de 4 branches,Normale,Deux véhicules - côté,,,,,,,,,,,1,2,5,1.0,3
201300049008,0013-09-23 15:45:00,13,9,23,15,45,690,387,"0, AVENUE DU PONT PASTEU",,,Plein jour,En agglomération,Hors intersection,Normale,Deux véhicules - côté,,,,,,,,,,,1,2,1,1.0,3