accident_id,datetime,annee,mois,jour,heure,minute,departement,commune_insee,adresse,latitude,longitude,luminosite,agglomeration,intersection,meteo,collision,nb_vehicules,nb_usagers,nb_indemnes,nb_tues,nb_blesses_hosp,nb_blesses_legers,age_cond_1,age_cond_2,veh_type_cond_1,veh_type_cond_2,lum_code,agg_code,int_code,atm_code,col_code
201300049137,0013-10-26 00:50:00,13,10,26,0,50,690,388,"229, AVENUE GENERAL FRER",,,Nuit avec éclairage allumé,En agglomération,Intersection en T,Vent fort / tempête,Deux véhicules - côté,,,,,,,,,,,5,2,3,6.0,3
201300049138,0013-11-12 16:20:00,13,11,12,16,20,690,388,"0, RUE ANTOINE LUMIERE",,,Plein jour,En agglomération,Intersection en X,Normale,Autre collision,,,,,,,,,,,1,2,2,1.0,6
201300049139,0013-10-12 02:15:00,13,10,12,2,15,690,388,"0, RUE PHILIPPE FABIA",,,Nuit avec éclairage allumé,En agglomération,Hors intersection,Normale,Sans collision,,,,,,,,,,,5,2,1,1.0,7
201300049140,0013-10-26 18:30:00,13,10,26,18,30,690,388,"134, ROUTE DE VIENNE",,,Crépuscule ou aube,En agglomération,Hors intersection,Normale,Autre collision,,,,,,,,,,,2,2,1,1.0,6
201300049141,0013-10-28 13:15:00,13,10,28,13,15,690,388,"6, RUE HUGUES GUERIN",,,Plein jour,En agglomération,Hors intersection,Normale,Deux véhicules - côté,,,,,,,,,,,1,2,1,1.0,3
201300049142,0013-10-30 18:25:00,13,10,30,18,25,690,388,AVENUE JEAN MERMOZ,,,Plein jour,En agglomération,Intersection en X,Normale,Deux véhicules - côté,,,,,,,,,,,1,2,2,1.0,3
201300049143,0013-10-24 18:45:00,13,10,24,18,45,690,388,AVENUE JEAN MERMOZ,,,Nuit avec éclairage allumé,En agglomération,Intersection en T,Normale,Deux véhicules - côté,,,,,,,,,,,5,2,3,1.0,3
201300049144,0013-11-04 18:30:00,13,11,4,18,30,690,388,"0, AVENUE PAUL SANTY",,,Nuit avec éclairage allumé,En agglomération,Intersection en X,Normale,Deux véhicules - côté,,,,,,,,,,,5,2,2,1.0,3
201300049145,0013-10-25 10:45:00,13,10,25,10,45,690,388,"7, RUE PAUL CAZENEUVE",,,Plein jour,En agglomération,Hors intersection,Normale,Autre collision,,,,,,,,,,,1,2,1,1.0,6
201300049146,0013-11-05 20:26:00,13,11,5,20,26,690,388,"34, RUE PIERRE DELORE",,,Nuit avec éclairage allumé,En agglomération,Hors intersection,Normale,Deux véhicules - côté,,,,,,,,,,,5,2,1,1.0,3
201300049147,0013-11-18 09:50:00,13,11,18,9,50,690,388,BOULEVARD JEAN XXIII,,,Plein jour,En agglomération,Hors intersection,Normale,Deux véhicules - côté,,,,,,,,,,,1,2,1,1.0,3
201300049148,0013-11-12 14:10:00,13,11,12,14,10,690,388,"0, AVENUE JEAN MERMOZ",,,Plein jour,En agglomération,Intersection en X,Normale,Deux véhicules - côté,,,,,,,,,,,1,2,2,1.0,3
201300049149,0013-11-14 16:20:00,13,11,14,16,20,690,388,"0, RUE VILLON",,,Plein jour,En agglomération,Intersection en T,Pluie légère,Autre collision,,,,,,,,,,,1,2,3,2.0,6
201300049150,0013-11-14 17:40:00,13,11,14,17,40,690,388,"67, BOULEVARD DES ETATS",,,Nuit avec éclairage allumé,En agglomération,Hors intersection,Pluie légère,Autre collision,,,,,,,,,,,5,2,1,2.0,6
201300049151,0013-11-14 17:47:00,13,11,14,17,47,690,388,"58, BOULEVARD JEAN XXIII",,,Nuit avec éclairage allumé,En agglomération,Hors intersection,Pluie légère,Autre collision,,,,,,,,,,,5,2,1,2.0,6
201300049152,0013-11-19 14:45:00,13,11,19,14,45,690,388,"105, AVENUE PAUL SANTY",,,Plein jour,En agglomération,Hors intersection,Pluie légère,Deux véhicules - côté,,,,,,,,,,,1,2,1,2.0,3
201300049153,0013-11-22 07:20:00,13,11,22,7,20,690,388,"49, RUE JEAN SARRAZIN",,,Crépuscule ou aube,En agglomération,Hors intersection,Normale,Autre collision,,,,,,,,,,,2,2,1,1.0,6
201300049154,0013-11-27 15:40:00,13,11,27,15,40,690,388,"76, RUE PIERRE DELORE",,,Plein jour,En agglomération,Hors intersection,Normale,Deux véhicules - côté,,,,,,,,,,,1,2,1,1.0,3
201300049155,0013-12-01 21:15:00,13,12,1,21,15,690,388,"0, RUE MARYSE BASTIE",,,Nuit avec éclairage allumé,En agglomération,Intersection en X,Normale,Deux véhicules - côté,,,,,,,,,,,5,2,2,1.0,3
201300049156,0013-12-02 07:10:00,13,12,2,7,10,690,388,"09, RUE PIERRE VERGER",,,Crépuscule ou aube,En agglomération,Hors intersection,Normale,Autre collision,,,,,,,,,,,2,2,1,1.0,6
201300049157,0013-12-03 14:20:00,13,12,3,14,20,690,388,RUE DENIS,,,Plein jour,En agglomération,Hors intersection,Normale,Autre collision,,,,,,,,,,,1,2,1,1.0,6
201300049158,0013-12-04 15:50:00,13,12,4,15,50,690,388,"136, RUE CHALLEMEL LACOU",,,Plein jour,En agglomération,Hors intersection,Normale,Autre collision,,,,,,,,,,,1,2,1,1.0,6
201300049159,0013-12-15 06:05:00,13,12,15,6,5,690,388,"0, RUE MARIUS BERLIET",,,Nuit avec éclairage allumé,En agglomération,Intersection en X,Brouillard / fumée,Deux véhicules - côté,,,,,,,,,,,5,2,2,5.0,3
201300049160,0013-09-09 18:35:00,13,9,9,18,35,690,388,RUE DES HERIDEAUX,,,Plein jour,En agglomération,Intersection en X,Normale,Autre collision,,,,,,,,,,,1,2,2,1.0,6
201300049161,0013-12-19 09:00:00,13,12,19,9,0,690,387,"0, AVENUE BERTHELOT",,,Plein jour,En agglomération,Intersection en X,Normale,Deux véhicules - côté,,,,,,,,,,,1,2,2,1.0,3
201300049162,0013-12-18 17:20:00,13,12,18,17,20,690,388,"32, AVENUE JEAN MERMOZ",,,Nuit avec éclairage allumé,En agglomération,Hors intersection,Normale,Autre collision,,,,,,,,,,,5,2,1,1.0,6
201300049163,0013-12-22 15:00:00,13,12,22,15,0,690,388,"8, AVENUE DES FRERES LUM",,,Plein jour,En agglomération,Hors intersection,Normale,Autre collision,,,,,,,,,,,1,2,1,1.0,6
201300049164,0013-12-31 10:15:00,13,12,31,10,15,690,388,BOULEVARD JEAN XXIII,,,Plein jour,En agglomération,Hors intersection,Normale,Sans collision,,,,,,,,,,,1,2,1,1.0,7
201300049165,0013-01-01 20:37:00,13,1,1,20,37,420,218,RN488,45.44172,4.43522,Nuit avec éclairage non allumé,Hors agglomération,Hors intersection,Normale,Sans collision,,,,,,,,,,,4,1,1,1.0,7
201300049166,0013-01-08 09:30:00,13,1,8,9,30,420,218,RN88,45.43363,4.42322,Plein jour,Hors agglomération,Hors intersection,Normale,Deux véhicules - arrière,,,,,,,,,,,1,1,1,1.0,2
201300049167,0013-01-27 04:35:00,13,1,27,4,35,420,110,A47,45.49503,4.55473,Nuit sans éclairage public,Hors agglomération,Hors intersection,Normale,Autre collision,,,,,,,,,,,3,1,1,1.0,6
201300049168,0013-01-31 13:45:00,13,1,31,13,45,420,218,RN88,45.41986,4.40986,Plein jour,Hors agglomération,Hors intersection,Normale,Trois véhicules et plus - en chaîne,,,,,,,,,,,1,1,1,1.0,4
201300049169,0013-02-21 15:27:00,13,2,21,15,27,420,218,RN88,45.41546,4.40459,Plein jour,Hors agglomération,Hors intersection,Normale,Trois véhicules et plus - collisions multiples,,,,,,,,,,,1,1,1,1.0,5
201300049170,0013-02-26 02:20:00,13,2,26,2,20,690,236,A47,,,Nuit sans éclairage public,Hors agglomération,Hors intersection,Normale,Autre collision,,,,,,,,,,,3,1,1,1.0,6
201300049171,0013-03-10 02:30:00,13,3,10,2,30,690,91,A47,,,Nuit sans éclairage public,Hors agglomération,Hors intersection,Normale,Autre collision,,,,,,,,,,,3,1,1,1.0,6
201300049172,0013-03-28 17:45:00,13,3,28,17,45,420,110,A47,45.4941,4.5475,Plein jour,Hors agglomération,Hors intersection,Pluie légère,Sans collision,,,,,,,,,,,1,1,1,2.0,7
201300049173,0013-04-09 14:35:00,13,4,9,14,35,420,207,A47,45.48966,4.51094,Plein jour,Hors agglomération,Hors intersection,Normale,Autre collision,,,,,,,,,,,1,1,1,1.0,6
201300049174,0013-04-14 23:25:00,13,4,14,23,25,420,218,RN88,45.43648,4.44016,Nuit sans éclairage public,Hors agglomération,Hors intersection,Normale,Autre collision,,,,,,,,,,,3,1,1,1.0,6
201300049175,0013-04-15 07:45:00,13,4,15,7,45,420,103,A47,45.50644,4.5684,Plein jour,Hors agglomération,Hors intersection,Normale,Deux véhicules - arrière,,,,,,,,,,,1,1,1,1.0,2
201300049176,0013-05-02 10:25:00,13,5,2,10,25,420,218,A72,45.43736,4.43346,Plein jour,Hors agglomération,Hors intersection,Normale,Deux véhicules - arrière,,,,,,,,,,,1,1,1,1.0,2
201300049177,0013-05-09 01:50:00,13,5,9,1,50,690,91,A47,,,Nuit sans éclairage public,Hors agglomération,Hors intersection,Pluie légère,Trois véhicules et plus - collisions multiples,,,,,,,,,,,3,1,1,2.0,5
201300049178,0013-05-23 08:20:00,13,5,23,8,20,420,218,RN88,45.41986,4.4098,Plein jour,Hors agglomération,Hors intersection,Normale,Deux véhicules - arrière,,,,,,,,,,,1,1,1,1.0,2
201300049179,0013-06-07 23:07:00,13,6,7,23,7,420,186,A47,45.53854,4.63934,Nuit sans éclairage public,Hors agglomération,Hors intersection,Normale,Deux véhicules - frontale,,,,,,,,,,,3,1,1,1.0,1
201300049180,0013-07-02 13:35:00,13,7,2,13,35,690,91,A47,,,Plein jour,Hors agglomération,Hors intersection,Normale,Deux véhicules - arrière,,,,,,,,,,,1,1,1,1.0,2
201300049181,0013-07-07 03:43:00,13,7,7,3,43,420,44,RN88,45.39598,4.34474,Nuit sans éclairage public,Hors agglomération,Hors intersection,Normale,Sans collision,,,,,,,,,,,3,1,1,1.0,7
201300049182,0013-07-12 19:45:00,13,7,12,19,45,420,183,RN88,45.40147,4.3704,Plein jour,Hors agglomération,Hors intersection,Normale,Autre collision,,,,,,,,,,,1,1,1,1.0,6
201300049183,0013-07-14 04:30:00,13,7,14,4,30,420,307,A47,45.55119,4.68081,Nuit sans éclairage public,Hors agglomération,Hors intersection,Normale,Deux véhicules - arrière,,,,,,,,,,,3,1,1,1.0,2
201300049184,0013-07-08 19:45:00,13,7,8,19,45,420,110,A47,45.49438,4.55364,Plein jour,Hors agglomération,Hors intersection,Normale,Deux véhicules - côté,,,,,,,,,,,1,1,1,1.0,3
201300049185,0013-07-19 08:25:00,13,7,19,8,25,420,123,A47,45.517,4.58705,Plein jour,Hors agglomération,Hors intersection,Normale,Autre collision,,,,,,,,,,,1,1,1,1.0,6
201300049186,0013-07-19 10:40:00,13,7,19,10,40,420,330,A72,45.47379,4.36184,Plein jour,Hors agglomération,Hors intersection,Normale,Deux véhicules - arrière,,,,,,,,,,,1,1,1,1.0,2
201300049187,0013-07-20 14:05:00,13,7,20,14,5,420,225,A47,45.51803,4.59039,Plein jour,Hors agglomération,Hors intersection,Normale,Deux véhicules - arrière,,,,,,,,,,,1,1,1,1.0,2
201300049188,0013-07-26 13:35:00,13,7,26,13,35,420,103,A47,45.49601,4.55671,Plein jour,Hors agglomération,Hors intersection,Normale,Autre collision,,,,,,,,,,,1,1,1,1.0,6
201300049189,0013-08-08 14:15:00,13,8,8,14,15,420,207,RN88 DECROISSANT,45.43634,4.49343,Plein jour,Hors agglomération,Hors intersection,Pluie forte,Autre collision,,,,,,,,,,,1,1,1,3.0,6
201300049190,0013-08-08 17:00:00,13,8,8,17,0,420,186,A47,45.54006,4.64239,Plein jour,Hors agglomération,Hors intersection,Normale,Sans collision,,,,,,,,,,,1,1,1,1.0,7
201300049191,0013-08-22 16:25:00,13,8,22,16,25,420,218,RN88,45.41092,4.39815,Plein jour,Hors agglomération,Hors intersection,Normale,Deux véhicules - côté,,,,,,,,,,,1,1,1,1.0,3
201300049192,0013-08-28 15:40:00,13,8,28,15,40,420,207,A47,45.49163,4.51786,Plein jour,Hors agglomération,Intersection en X,Normale,Deux véhicules - côté,,,,,,,,,,,1,1,2,1.0,3
201300049193,0013-09-12 22:25:00,13,9,12,22,25,420,218,RN88,45.40774,4.3885,Nuit sans éclairage public,Hors agglomération,Hors intersection,Normale,Deux véhicules - frontale,,,,,,,,,,,3,1,1,1.0,1
201300049194,0013-09-24 08:50:00,13,9,24,8,50,420,186,A47,45.54066,4.6435,Plein jour,Hors agglomération,Hors intersection,Normale,Deux véhicules - côté,,,,,,,,,,,1,1,1,1.0,3
201300049195,0013-10-06 14:48:00,13,10,6,14,48,420,218,A72,45.46404,4.38334,Plein jour,Hors agglomération,Hors intersection,Normale,Autre collision,,,,,,,,,,,1,1,1,1.0,6
201300049196,0013-10-07 17:10:00,13,10,7,17,10,420,218,RN88,45.4148,4.40362,Plein jour,Hors agglomération,Hors intersection,Normale,Deux véhicules - arrière,,,,,,,,,,,1,1,1,1.0,2
201300049197,0013-10-14 19:20:00,13,10,14,19,20,420,218,RN88,45.434,4.4288,Crépuscule ou aube,Hors agglomération,Hors intersection,Normale,Deux véhicules - côté,,,,,,,,,,,2,1,1,1.0,3
201300049198,0013-10-17 08:30:00,13,10,17,8,30,420,44,RN88,45.39705,4.35352,Plein jour,Hors agglomération,Hors intersection,Normale,Deux véhicules - arrière,,,,,,,,,,,1,1,1,1.0,2
201300049199,0013-10-18 16:15:00,13,10,18,16,15,420,5,A72,45.52957,4.28561,Plein jour,Hors agglomération,Hors intersection,Normale,Deux véhicules - arrière,,,,,,,,,,,1,1,1,1.0,2
201300049200,0013-10-13 03:40:00,13,10,13,3,40,420,237,A72,45.4351,4.43163,Nuit sans éclairage public,Hors agglomération,Hors intersection,Temps couvert,Sans collision,,,,,,,,,,,3,1,1,8.0,7
201300049201,0013-10-19 20:00:00,13,10,19,20,0,420,97,A72,45.49758,4.31356,Nuit sans éclairage public,Hors agglomération,Hors intersection,Normale,Trois véhicules et plus - collisions multiples,,,,,,,,,,,3,1,1,1.0,5
201300049202,0013-10-28 13:00:00,13,10,28,13,0,420,103,A47,45.50255,4.56479,Plein jour,Hors agglomération,Hors intersection,Normale,Autre collision,,,,,,,,,,,1,1,1,1.0,6
201300049203,0013-10-30 18:15:00,13,10,30,18,15,420,218,RN88,45.41607,4.40541,Nuit sans éclairage public,Hors agglomération,Hors intersection,Normale,Autre collision,,,,,,,,,,,3,1,1,1.0,6
201300049204,0013-10-31 04:05:00,13,10,31,4,5,420,218,A72,45.45528,4.41235,Nuit sans éclairage public,Hors agglomération,Hors intersection,Normale,Sans collision,,,,,,,,,,,3,1,1,1.0,7
201300049205,0013-10-30 14:45:00,13,10,30,14,45,420,218,RN88,45.42193,4.41211,Plein jour,Hors agglomération,Hors intersection,Normale,Deux véhicules - côté,,,,,,,,,,,1,1,1,1.0,3
201300049206,0013-10-31 17:15:00,13,10,31,17,15,420,218,A72,45.45572,4.41156,Plein jour,Hors agglomération,Hors intersection,Normale,Sans collision,,,,,,,,,,,1,1,1,1.0,7
201300049207,0013-11-02 12:00:00,13,11,2,12,0,420,97,A72,45.48393,4.33465,Plein jour,Hors agglomération,Hors intersection,Normale,Trois véhicules et plus - en chaîne,,,,,,,,,,,1,1,1,1.0,4
201300049208,0013-11-06 14:55:00,13,11,6,14,55,420,218,RN88,45.43434,4.42956,Plein jour,Hors agglomération,Hors intersection,Normale,Deux véhicules - arrière,,,,,,,,,,,1,1,1,1.0,2
201300049209,0013-11-11 00:30:00,13,11,11,0,30,420,110,A47,45.4942,4.54433,Nuit sans éclairage public,Hors agglomération,Hors intersection,Normale,Autre collision,,,,,,,,,,,3,1,1,1.0,6
201300049210,0013-11-11 16:40:00,13,11,11,16,40,420,44,RN88,45.39562,4.34297,Plein jour,Hors agglomération,Hors intersection,Normale,Trois véhicules et plus - collisions multiples,,,,,,,,,,,1,1,1,1.0,5
201300049211,0013-11-13 18:15:00,13,11,13,18,15,420,218,A72,45.46004,4.40453,Nuit avec éclairage allumé,Hors agglomération,Hors intersection,Normale,Trois véhicules et plus - en chaîne,,,,,,,,,,,5,1,1,1.0,4
201300049212,0013-12-09 20:20:00,13,12,9,20,20,420,95,RN88,45.37737,4.27188,Nuit sans éclairage public,Hors agglomération,Hors intersection,Normale,Sans collision,,,,,,,,,,,3,1,1,1.0,7
201300049213,0013-12-14 17:30:00,13,12,14,17,30,420,110,A47,45.49402,4.54814,Nuit sans éclairage public,Hors agglomération,Hors intersection,Normale,Deux véhicules - côté,,,,,,,,,,,3,1,1,1.0,3
201300049214,0013-12-17 17:25:00,13,12,17,17,25,420,218,RN88,45.43689,4.44747,Nuit sans éclairage public,Hors agglomération,Hors intersection,Normale,Deux véhicules - arrière,,,,,,,,,,,3,1,1,1.0,2
201300049215,0013-12-25 19:00:00,13,12,25,19,0,690,91,A47,,,Nuit sans éclairage public,Hors agglomération,Hors intersection,Normale,Deux véhicules - arrière,,,,,,,,,,,3,1,1,1.0,2
201300049216,0013-12-28 03:15:00,13,12,28,3,15,420,97,A72,45.52235,4.29127,Nuit sans éclairage public,Hors agglomération,Hors intersection,Normale,Autre collision,,,,,,,,,,,3,1,1,1.0,6
201300049217,0013-01-01 03:00:00,13,1,1,3,0,380,544,D10407  PR 0001+1810,45.5362,4.86981,Nuit avec éclairage allumé,Hors agglomération,Intersection en T,Normale,Deux véhicules - arrière,,,,,,,,,,,5,1,3,1.0,2
201300049218,0013-01-02 16:35:00,13,1,2,16,35,690,266,RD383   3.750 A 7.640,,,Plein jour,Hors agglomération,Hors intersection,Normale,Sans collision,,,,,,,,,,,1,1,1,1.0,7
201300049219,0013-01-04 07:30:00,13,1,4,7,30,690,296,A7   10.992 A 13.970,,,Crépuscule ou aube,Hors agglomération,Hors intersection,Pluie légère,Sans collision,,,,,,,,,,,2,1,1,2.0,7
201300049220,0013-01-05 11:50:00,13,1,5,11,50,690,29,RD383   7.640 A 11.044,,,Plein jour,Hors agglomération,Hors intersection,Pluie légère,Sans collision,,,,,,,,,,,1,1,1,2.0,7
201300049221,0013-01-04 13:50:00,13,1,4,13,50,690,290,RN346   38.960 A 40.883,,,Plein jour,Hors agglomération,Hors intersection,Pluie légère,Trois véhicules et plus - en chaîne,,,,,,,,,,,1,1,1,2.0,4
201300049222,0013-01-04 18:40:00,13,1,4,18,40,690,29,A43   0.550 A 3.353,,,Nuit avec éclairage allumé,Hors agglomération,Hors intersection,Normale,Trois véhicules et plus - en chaîne,,,,,,,,,,,5,1,1,1.0,4
201300049223,0013-01-04 12:40:00,13,1,4,12,40,690,271,RN346   34.850 A 36.215,,,Plein jour,Hors agglomération,Hors intersection,Pluie légère,Autre collision,,,,,,,,,,,1,1,1,2.0,6
201300049224,0013-01-05 12:20:00,13,1,5,12,20,690,266,RD383   3.750 A 7.640,,,Plein jour,Hors agglomération,Hors intersection,Normale,Trois véhicules et plus - en chaîne,,,,,,,,,,,1,1,1,1.0,4
201300049225,0013-01-08 17:00:00,13,1,8,17,0,690,286,A46N   19.955 A 25.180,,,Crépuscule ou aube,Hors agglomération,Hors intersection,Normale,Sans collision,,,,,,,,,,,2,1,1,1.0,7
201300049226,0013-01-09 07:30:00,13,1,9,7,30,690,29,RD383   7.640 A 11.044,,,Nuit sans éclairage public,Hors agglomération,Hors intersection,Normale,Sans collision,,,,,,,,,,,3,1,1,1.0,7
201300049227,0013-01-09 08:30:00,13,1,9,8,30,690,388,RD383   11.460 A 11.750,,,Plein jour,Hors agglomération,Hors intersection,Normale,Deux véhicules - arrière,,,,,,,,,,,1,1,1,1.0,2
201300049228,0013-01-09 18:40:00,13,1,9,18,40,690,152,A7   4.270 A 7.000,,,Nuit sans éclairage public,Hors agglomération,Hors intersection,Normale,Deux véhicules - arrière,,,,,,,,,,,3,1,1,1.0,2
201300049229,0013-01-10 11:30:00,13,1,10,11,30,690,382,A7   0.000 A 2.278,,,Plein jour,Hors agglomération,Hors intersection,Pluie légère,Deux véhicules - arrière,,,,,,,,,,,1,1,1,2.0,2
201300049230,0013-01-10 13:50:00,13,1,10,13,50,690,256,A42     0.560 A 4.020,,,Plein jour,Hors agglomération,Hors intersection,Pluie légère,Sans collision,,,,,,,,,,,1,1,1,2.0,7
201300049231,0013-01-10 14:50:00,13,1,10,14,50,690,382,A7   0.000 A 2.278,,,Plein jour,Hors agglomération,Hors intersection,Pluie forte,Autre collision,,,,,,,,,,,1,1,1,3.0,6
201300049232,0013-01-11 12:45:00,13,1,11,12,45,690,29,A43   0.550 A 3.353,,,Plein jour,Hors agglomération,Hors intersection,Pluie légère,Sans collision,,,,,,,,,,,1,1,1,2.0,7
201300049233,0013-01-11 13:30:00,13,1,11,13,30,380,87,A7 PK0020+0600,45.5753,4.80662,Plein jour,Hors agglomération,Hors intersection,Normale,Deux véhicules - côté,,,,,,,,,,,1,1,1,1.0,3
201300049234,0013-01-12 13:30:00,13,1,12,13,30,380,544,N407   0.000 A 2.331,45.5415,4.85285,Plein jour,Hors agglomération,Intersection en T,Normale,Deux véhicules - arrière,,,,,,,,,,,1,1,3,1.0,2
201300049235,0013-01-12 18:00:00,13,1,12,18,0,690,117,A6   439.400 A 442.500,,,Nuit sans éclairage public,Hors agglomération,Hors intersection,Normale,Deux véhicules - côté,,,,,,,,,,,3,1,1,1.0,3
201300049236,0013-01-14 08:20:00,13,1,14,8,20,690,149,A7   3.690 A 4.270,,,Plein jour,Hors agglomération,Hors intersection,Temps couvert,Deux véhicules - côté,,,,,,,,,,,1,1,1,8.0,3
201300049237,0013-01-15 06:25:00,13,1,15,6,25,690,290,A43   3.865 A 9.894,,,Nuit avec éclairage non allumé,Hors agglomération,Hors intersection,Neige / grêle,Trois véhicules et plus - collisions multiples,,,,,,,,,,,4,1,1,4.0,5
201300049238,0013-01-15 19:35:00,13,1,15,19,35,690,29,RD383   7.640 A 11.044,,,Nuit avec éclairage non allumé,Hors agglomération,Hors intersection,Pluie légère,Deux véhicules - côté,,,,,,,,,,,4,1,1,2.0,3
201300049239,0013-01-18 22:45:00,13,1,18,22,45,690,117,A6   439.400 A 442.500,,,Nuit sans éclairage public,Hors agglomération,Hors intersection,Neige / grêle,Deux véhicules - arrière,,,,,,,,,,,3,1,1,4.0,2
201300049240,0013-01-18 23:20:00,13,1,18,23,20,690,297,A7   15.770 A 20.110,,,Nuit avec éclairage non allumé,Hors agglomération,Hors intersection,Autre,Deux véhicules - côté,,,,,,,,,,,4,1,1,9.0,3
201300049241,0013-01-19 21:20:00,13,1,19,21,20,690,142,A7   2.278 A 3.690,,,Nuit avec éclairage allumé,Hors agglomération,Hors intersection,Temps couvert,Sans collision,,,,,,,,,,,5,1,1,8.0,7
201300049242,0013-01-20 02:50:00,13,1,20,2,50,690,199,A7   7.000 A 8.630,,,Nuit avec éclairage allumé,Hors agglomération,Hors intersection,Pluie légère,Sans collision,,,,,,,,,,,5,1,1,2.0,7
201300049243,0013-01-20 08:00:00,13,1,20,8,0,690,152,A7   4.270 A 7.000,,,Plein jour,Hors agglomération,Hors intersection,Normale,Autre collision,,,,,,,,,,,1,1,1,1.0,6
201300049244,0013-01-20 22:40:00,13,1,20,22,40,690,277,RN346   36.215 A 38.000,,,Nuit sans éclairage public,Hors agglomération,Hors intersection,Pluie légère,Sans collision,,,,,,,,,,,3,1,1,2.0,7
201300049245,0013-01-21 18:25:00,13,1,21,18,25,380,544,A7N PK 0026+0300,45.5438,4.84387,Nuit sans éclairage public,Hors agglomération,Intersection en Y,Normale,Deux véhicules - arrière,,,,,,,,,,,3,1,4,1.0,2
201300049246,0013-01-21 20:30:00,13,1,21,20,30,690,259,RD383   11.750 A 14.250,,,Nuit avec éclairage allumé,Hors agglomération,Hors intersection,Normale,Autre collision,,,,,,,,,,,5,1,1,1.0,6
201300049247,0013-01-22 17:55:00,13,1,22,17,55,10,376,A42   8.310 A 9.500,45.8178,4.98518,Crépuscule ou aube,Hors agglomération,Hors intersection,Normale,Deux véhicules - frontale,,,,,,,,,,,2,1,1,1.0,1
201300049248,0013-01-23 08:30:00,13,1,23,8,30,690,199,RD383   14.250 A 18.000,,,Plein jour,Hors agglomération,Hors intersection,Normale,Deux véhicules - arrière,,,,,,,,,,,1,1,1,1.0,2
201300049249,0013-01-24 07:20:00,13,1,24,7,20,690,271,RN346   34.850 A 36.215,,,Nuit sans éclairage public,Hors agglomération,Hors intersection,Temps couvert,Autre collision,,,,,,,,,,,3,1,1,8.0,6
201300049250,0013-01-27 19:40:00,13,1,27,19,40,690,152,A450   0.000 A 1.090,,,Nuit avec éclairage allumé,Hors agglomération,Hors intersection,Pluie légère,Autre collision,,,,,,,,,,,5,1,1,2.0,6
201300049251,0013-01-28 07:10:00,13,1,28,7,10,380,544,"29, RN7   5.180 A 10.000",45.5193,4.86552,Crépuscule ou aube,Hors agglomération,Hors intersection,Brouillard / fumée,Autre collision,,,,,,,,,,,2,1,1,5.0,6
201300049252,0013-01-29 08:50:00,13,1,29,8,50,690,288,A432,,,Plein jour,Hors agglomération,Hors intersection,Normale,Trois véhicules et plus - en chaîne,,,,,,,,,,,1,1,1,1.0,4
201300049253,0013-01-29 08:50:00,13,1,29,8,50,690,288,A432,,,Plein jour,Hors agglomération,Hors intersection,Normale,Autre collision,,,,,,,,,,,1,1,1,1.0,6
201300049254,0013-01-29 19:10:00,13,1,29,19,10,690,290,RN346   38.960 A 40.883,,,Nuit avec éclairage allumé,Hors agglomération,Hors intersection,Normale,Deux véhicules - côté,,,,,,,,,,,5,1,1,1.0,3
201300049255,0013-02-03 02:45:00,13,2,3,2,45,380,336,A7N PK 0035+0600,45.4798,4.83317,Nuit sans éclairage public,Hors agglomération,Hors intersection,Vent fort / tempête,Sans collision,,,,,,,,,,,3,1,1,6.0,7
201300049256,0013-02-03 06:50:00,13,2,3,6,50,690,72,A6   445.323 A 447.390,,,Nuit sans éclairage public,Hors agglomération,Hors intersection,Normale,Deux véhicules - arrière,,,,,,,,,,,3,1,1,1.0,2
201300049257,0013-02-10 06:00:00,13,2,10,6,0,690,266,RD383   3.750 A 7.640,,,Nuit avec éclairage non allumé,Hors agglomération,Hors intersection,Normale,Sans collision,,,,,,,,,,,4,1,1,1.0,7
201300049258,0013-02-10 17:10:00,13,2,10,17,10,380,544,N407   0.000 A 2.331,45.5395,4.86051,Plein jour,Hors agglomération,Hors intersection,Pluie légère,Deux véhicules - arrière,,,,,,,,,,,1,1,1,2.0,2
201300049259,0013-02-12 09:40:00,13,2,12,9,40,690,297,A47   0.000  A 1.657,,,Plein jour,Hors agglomération,Hors intersection,Pluie légère,Deux véhicules - côté,,,,,,,,,,,1,1,1,2.0,3
201300049260,0013-02-15 05:40:00,13,2,15,5,40,10,105,A46N 13.378 A 14.305,45.9018,4.87495,Nuit sans éclairage public,Hors agglomération,Hors intersection,Normale,Sans collision,,,,,,,,,,,3,1,1,1.0,7
201300049261,0013-02-15 06:40:00,13,2,15,6,40,10,43,A42 9.900 A 11.118,45.825,5.00878,Nuit avec éclairage allumé,Hors agglomération,Hors intersection,Autre,Autre collision,,,,,,,,,,,5,1,1,9.0,6
201300049262,0013-02-15 17:30:00,13,2,15,17,30,690,199,RD383   14.250 A 18.000,,,Plein jour,Hors agglomération,Hors intersection,Normale,Deux véhicules - arrière,,,,,,,,,,,1,1,1,1.0,2