accident_id,datetime,annee,mois,jour,heure,minute,departement,commune_insee,adresse,latitude,longitude,luminosite,agglomeration,intersection,meteo,collision,nb_vehicules,nb_usagers,nb_indemnes,nb_tues,nb_blesses_hosp,nb_blesses_legers,age_cond_1,age_cond_2,veh_type_cond_1,veh_type_cond_2,lum_code,agg_code,int_code,atm_code,col_code
201300049387,0013-06-17 18:30:00,13,6,17,18,30,690,256,A42     0.560 A 4.020,,,Plein jour,Hors agglomération,Hors intersection,Normale,Autre collision,,,,,,,,,,,1,1,1,1.0,6
201300049388,0013-06-20 17:05:00,13,6,20,17,5,690,29,RD383   7.640 A 11.044,,,Plein jour,Hors agglomération,Hors intersection,Normale,Deux véhicules - arrière,,,,,,,,,,,1,1,1,1.0,2
201300049389,0013-06-21 06:10:00,13,6,21,6,10,690,277,RN346   36.215 A 38.000,,,Plein jour,Hors agglomération,Hors intersection,Normale,Trois véhicules et plus - collisions multiples,,,,,,,,,,,1,1,1,1.0,5
201300049390,0013-06-21 09:00:00,13,6,21,9,0,690,297,A47,,,Plein jour,Hors agglomération,Hors intersection,Normale,Trois véhicules et plus - collisions multiples,,,,,,,,,,,1,1,1,1.0,5
201300049391,0013-06-24 06:00:00,13,6,24,6,0,690,152,A7   4.270 A 7.000,,,Plein jour,Hors agglomération,Hors intersection,Normale,Deux véhicules - côté,,,,,,,,,,,1,1,1,1.0,3
201300049392,0013-06-24 09:08:00,13,6,24,9,8,690,81,BPNL   34.000 A 34.614,,,Nuit avec éclairage non allumé,Hors agglomération,Hors intersection,Normale,Deux véhicules - côté,,,,,,,,,,,4,1,1,1.0,3
201300049393,0013-06-27 13:20:00,13,6,27,13,20,380,87,A7   20.110 A 22.950,,,Plein jour,Hors agglomération,Hors intersection,Normale,Deux véhicules - arrière,,,,,,,,,,,1,1,1,1.0,2
201300049394,0013-06-28 07:10:00,13,6,28,7,10,690,266,RD383   3.750 A 7.640,,,Plein jour,Hors agglomération,Autre intersection,Pluie légère,Trois véhicules et plus - en chaîne,,,,,,,,,,,1,1,9,2.0,4
201300049395,0013-06-28 08:20:00,13,6,28,8,20,690,256,A42     0.560 A 4.020,,,Plein jour,Hors agglomération,Hors intersection,Pluie légère,Deux véhicules - arrière,,,,,,,,,,,1,1,1,2.0,2
201300049396,0013-06-29 11:45:00,13,6,29,11,45,690,275,RN346   29.300 A 34.350,,,Plein jour,Hors agglomération,Hors intersection,Pluie forte,Trois véhicules et plus - en chaîne,,,,,,,,,,,1,1,1,3.0,4
201300049397,0013-06-29 15:15:00,13,6,29,15,15,690,199,RD383   14.250 A 18.000,,,Plein jour,Hors agglomération,Hors intersection,Pluie légère,Sans collision,,,,,,,,,,,1,1,1,2.0,7
201300049398,0013-06-29 15:10:00,13,6,29,15,10,690,290,A43   3.865 A 9.894,,,Plein jour,Hors agglomération,Hors intersection,Normale,Trois véhicules et plus - en chaîne,,,,,,,,,,,1,1,1,1.0,4
201300049399,0013-06-29 17:15:00,13,6,29,17,15,690,199,RD383   14.250 A 18.000,,,Plein jour,Hors agglomération,Hors intersection,Normale,Sans collision,,,,,,,,,,,1,1,1,1.0,7
201300049400,0013-06-30 03:10:00,13,6,30,3,10,380,544,N407   0.000 A 2.331,,,Nuit avec éclairage allumé,Hors agglomération,Hors intersection,Normale,Sans collision,,,,,,,,,,,5,1,1,1.0,7
201300049401,0013-07-01 12:20:00,13,7,1,12,20,690,81,A6   449.510 A 451.640,,,Plein jour,Hors agglomération,Hors intersection,Normale,Sans collision,,,,,,,,,,,1,1,1,1.0,7
201300049402,0013-07-02 16:40:00,13,7,2,16,40,690,29,A43   0.550 A 3.353,,,Plein jour,Hors agglomération,Hors intersection,Normale,Trois véhicules et plus - en chaîne,,,,,,,,,,,1,1,1,1.0,4
201300049403,0013-07-03 08:20:00,13,7,3,8,20,690,29,RD383   7.640 A 11.044,,,Plein jour,Hors agglomération,Hors intersection,Pluie légère,Sans collision,,,,,,,,,,,1,1,1,2.0,7
201300049404,0013-07-03 08:40:00,13,7,3,8,40,380,544,A7   25.770 A 27.460,,,Plein jour,Hors agglomération,Hors intersection,Normale,Sans collision,,,,,,,,,,,1,1,1,1.0,7
201300049405,0013-07-05 18:45:00,13,7,5,18,45,690,256,A42     0.560 A 4.020,,,Plein jour,Hors agglomération,Hors intersection,Normale,Trois véhicules et plus - en chaîne,,,,,,,,,,,1,1,1,1.0,4
201300049406,0013-07-06 17:43:00,13,7,6,17,43,690,382,A7   0.000 A 2.278,,,Plein jour,Hors agglomération,Hors intersection,Normale,Autre collision,,,,,,,,,,,1,1,1,1.0,6
201300049407,0013-07-01 10:50:00,13,7,1,10,50,690,290,RN346   38.960 A 40.883,,,Plein jour,Hors agglomération,Hors intersection,Normale,Deux véhicules - arrière,,,,,,,,,,,1,1,1,1.0,2
201300049408,0013-07-09 16:45:00,13,7,9,16,45,690,72,A6   445.323 A 447.390,,,Plein jour,Hors agglomération,Hors intersection,Normale,Trois véhicules et plus - en chaîne,,,,,,,,,,,1,1,1,1.0,4
201300049409,0013-07-11 02:38:00,13,7,11,2,38,690,275,RN346   29.300 A 34.350,,,Nuit sans éclairage public,Hors agglomération,Hors intersection,Normale,Trois véhicules et plus - en chaîne,,,,,,,,,,,3,1,1,1.0,4
201300049410,0013-07-05 15:00:00,13,7,5,15,0,690,116,A6   442.500 A 445.030,,,Plein jour,Hors agglomération,Hors intersection,Normale,Deux véhicules - arrière,,,,,,,,,,,1,1,1,1.0,2
201300049411,0013-07-11 17:15:00,13,7,11,17,15,690,277,RN346   36.215 A 38.000,,,Plein jour,Hors agglomération,Hors intersection,Normale,Deux véhicules - arrière,,,,,,,,,,,1,1,1,1.0,2
201300049412,0013-07-12 12:30:00,13,7,12,12,30,690,256,BPNL  1.893 A 2.321,,,Plein jour,Hors agglomération,Hors intersection,Normale,Sans collision,,,,,,,,,,,1,1,1,1.0,7
201300049413,0013-07-13 06:30:00,13,7,13,6,30,690,296,A7   10.992 A 13.970,,,Plein jour,Hors agglomération,Hors intersection,Normale,Deux véhicules - arrière,,,,,,,,,,,1,1,1,1.0,2
201300049414,0013-07-14 19:35:00,13,7,14,19,35,380,449,A43   18.875 A 21.100,,,Plein jour,Hors agglomération,Hors intersection,Normale,Deux véhicules - arrière,,,,,,,,,,,1,1,1,1.0,2
201300049415,0013-07-07 15:05:00,13,7,7,15,5,10,249,A42   6.290 A 8.310,45.8164,4.97492,Plein jour,Hors agglomération,Hors intersection,Normale,Deux véhicules - arrière,,,,,,,,,,,1,1,1,1.0,2
201300049416,0013-07-16 10:25:00,13,7,16,10,25,690,272,A46S   57.400 A 61.010,,,Plein jour,Hors agglomération,Hors intersection,Normale,Trois véhicules et plus - en chaîne,,,,,,,,,,,1,1,1,1.0,4
201300049417,0013-07-17 14:05:00,13,7,17,14,5,690,115,A6   427.300 A 428.640,,,Plein jour,Hors agglomération,Hors intersection,Normale,Autre collision,,,,,,,,,,,1,1,1,1.0,6
201300049418,0013-07-19 09:45:00,13,7,19,9,45,10,248,A46N   14.305 A 17.210,45.8914,4.89138,Plein jour,Hors agglomération,Hors intersection,Normale,Deux véhicules - arrière,,,,,,,,,,,1,1,1,1.0,2
201300049419,0013-07-19 10:05:00,13,7,19,10,5,690,199,RD383   14.250 A 18.000,,,Plein jour,Hors agglomération,Autre intersection,Normale,Autre collision,,,,,,,,,,,1,1,9,1.0,6
201300049420,0013-07-20 04:50:00,13,7,20,4,50,690,204,A450   1.740 A 5.100,,,Nuit avec éclairage non allumé,Hors agglomération,Hors intersection,Normale,Deux véhicules - arrière,,,,,,,,,,,4,1,1,1.0,2
201300049421,0013-07-20 12:00:00,13,7,20,12,0,690,295,A46S   53.980 A 57.400,,,Plein jour,Hors agglomération,Hors intersection,Normale,Autre collision,,,,,,,,,,,1,1,1,1.0,6
201300049422,0013-06-27 19:10:00,13,6,27,19,10,690,142,A7   2.278 A 3.690,,,Plein jour,Hors agglomération,Hors intersection,Normale,Deux véhicules - arrière,,,,,,,,,,,1,1,1,1.0,2
201300049423,0013-07-21 20:00:00,13,7,21,20,0,690,199,RD383   14.250 A 18.000,,,Plein jour,Hors agglomération,Hors intersection,Normale,Sans collision,,,,,,,,,,,1,1,1,1.0,7
201300049424,0013-07-24 18:05:00,13,7,24,18,5,690,270,A46S   47.880 A 49.160,,,Plein jour,Hors agglomération,Hors intersection,Temps éblouissant,Deux véhicules - côté,,,,,,,,,,,1,1,1,7.0,3
201300049425,0013-07-25 12:16:00,13,7,25,12,16,690,288,A43   13.029 A 15.971,,,Plein jour,Hors agglomération,Hors intersection,Normale,Trois véhicules et plus - collisions multiples,,,,,,,,,,,1,1,1,1.0,5
201300049426,0013-07-25 17:45:00,13,7,25,17,45,690,29,RD383   7.640 A 11.044,,,Plein jour,Hors agglomération,Hors intersection,Normale,Deux véhicules - arrière,,,,,,,,,,,1,1,1,1.0,2
201300049427,0013-07-26 16:50:00,13,7,26,16,50,690,81,A6   449.510 A 451.640,,,Plein jour,Hors agglomération,Hors intersection,Normale,Sans collision,,,,,,,,,,,1,1,1,1.0,7
201300049428,0013-07-28 16:15:00,13,7,28,16,15,690,189,A7   28.860 A 29.920,,,Plein jour,Hors agglomération,Hors intersection,Pluie forte,Sans collision,,,,,,,,,,,1,1,1,3.0,7
201300049429,0013-07-28 17:30:00,13,7,28,17,30,690,199,RD383   14.250 A 18.000,,,Plein jour,Hors agglomération,Hors intersection,Pluie légère,Autre collision,,,,,,,,,,,1,1,1,2.0,6
201300049430,0013-07-30 17:45:00,13,7,30,17,45,690,283,A46S   43.680 A 47.880,,,Plein jour,Hors agglomération,Hors intersection,Normale,Deux véhicules - arrière,,,,,,,,,,,1,1,1,1.0,2
201300049431,0013-08-01 15:01:00,13,8,1,15,1,690,27,A450   5.100 A 7.285,,,Plein jour,Hors agglomération,Hors intersection,Normale,Deux véhicules - frontale,,,,,,,,,,,1,1,1,1.0,1
201300049432,0013-08-02 17:00:00,13,8,2,17,0,690,382,A7   0.000 A 2.278,,,Plein jour,Hors agglomération,Hors intersection,Normale,Trois véhicules et plus - collisions multiples,,,,,,,,,,,1,1,1,1.0,5
201300049433,0013-08-02 20:40:00,13,8,2,20,40,380,544,N407   0.000 A 2.331,,,Plein jour,Hors agglomération,Intersection en T,Normale,Sans collision,,,,,,,,,,,1,1,3,1.0,7
201300049434,0013-08-07 12:00:00,13,8,7,12,0,690,277,RN346   36.215 A 38.000,,,Plein jour,Hors agglomération,Hors intersection,Normale,Autre collision,,,,,,,,,,,1,1,1,1.0,6
201300049435,0013-08-08 15:12:00,13,8,8,15,12,690,297,A47,,,Plein jour,Hors agglomération,Hors intersection,Pluie forte,Sans collision,,,,,,,,,,,1,1,1,3.0,7
201300049436,0013-08-09 08:30:00,13,8,9,8,30,690,297,A47,,,Plein jour,Hors agglomération,Hors intersection,Normale,Deux véhicules - côté,,,,,,,,,,,1,1,1,1.0,3
201300049437,0013-08-14 10:10:00,13,8,14,10,10,690,389,BPNL   34.614 A 36.285,,,Plein jour,Hors agglomération,Hors intersection,Normale,Trois véhicules et plus - en chaîne,,,,,,,,,,,1,1,1,1.0,4
201300049438,0013-08-14 19:40:00,13,8,14,19,40,690,389,BPNL   34.614 A 36.285,,,Plein jour,Hors agglomération,Hors intersection,Normale,Sans collision,,,,,,,,,,,1,1,1,1.0,7
201300049439,0013-08-14 23:10:00,13,8,14,23,10,380,184,A43   15.971 A 18.875,,,Nuit sans éclairage public,Hors agglomération,Hors intersection,Normale,Deux véhicules - arrière,,,,,,,,,,,3,1,1,1.0,2
201300049440,0013-08-15 14:30:00,13,8,15,14,30,380,544,A7   25.770 A 27.460,,,Plein jour,Hors agglomération,Hors intersection,Normale,Autre collision,,,,,,,,,,,1,1,1,1.0,6
201300049441,0013-08-15 22:45:00,13,8,15,22,45,690,266,BPNL   1.165 A 1.893,,,Nuit avec éclairage allumé,Hors agglomération,Hors intersection,Normale,Deux véhicules - arrière,,,,,,,,,,,5,1,1,1.0,2
201300049442,0013-08-15 20:15:00,13,8,15,20,15,690,149,A7   3.690 A 4.270,,,Plein jour,Hors agglomération,Hors intersection,Normale,Deux véhicules - arrière,,,,,,,,,,,1,1,1,1.0,2
201300049443,0013-08-22 18:00:00,13,8,22,18,0,690,272,A46S   57.400 A 61.010,,,Plein jour,Hors agglomération,Hors intersection,Normale,Deux véhicules - côté,,,,,,,,,,,1,1,1,1.0,3
201300049444,0013-08-24 20:30:00,13,8,24,20,30,690,282,RD302   0.000 A 4.000,,,Crépuscule ou aube,Hors agglomération,Hors intersection,Pluie forte,Sans collision,,,,,,,,,,,2,1,1,3.0,7
201300049445,0013-08-24 21:20:00,13,8,24,21,20,690,290,A46S   40.883 A 43.680,,,Nuit sans éclairage public,Hors agglomération,Hors intersection,Pluie forte,Autre collision,,,,,,,,,,,3,1,1,3.0,6
201300049446,0013-08-26 18:00:00,13,8,26,18,0,690,272,A46S   57.400 A 61.010,,,Plein jour,Hors agglomération,Autre intersection,Normale,Deux véhicules - côté,,,,,,,,,,,1,1,9,1.0,3
201300049447,0013-08-27 08:25:00,13,8,27,8,25,690,266,RD383   3.750 A 7.640,,,Plein jour,Hors agglomération,Hors intersection,Pluie légère,Autre collision,,,,,,,,,,,1,1,1,2.0,6
201300049448,0013-08-26 08:30:00,13,8,26,8,30,690,266,BPNL   1.165 A 1.893,,,Plein jour,Hors agglomération,Hors intersection,Normale,Autre collision,,,,,,,,,,,1,1,1,1.0,6
201300049449,0013-08-27 19:50:00,13,8,27,19,50,690,29,RD383   7.640 A 11.044,,,Plein jour,Hors agglomération,Hors intersection,Pluie légère,Sans collision,,,,,,,,,,,1,1,1,2.0,7
201300049450,0013-08-29 05:55:00,13,8,29,5,55,690,388,RD383   11.460 A 11.750,,,Nuit avec éclairage allumé,Hors agglomération,Hors intersection,Normale,Autre collision,,,,,,,,,,,5,1,1,1.0,6
201300049451,0013-08-29 23:00:00,13,8,29,23,0,690,297,A47,,,Nuit sans éclairage public,Hors agglomération,Hors intersection,Normale,Deux véhicules - arrière,,,,,,,,,,,3,1,1,1.0,2
201300049452,0013-07-11 23:20:00,13,7,11,23,20,690,273,BUS (RD301)   4.470 A 7.,,,Nuit sans éclairage public,Hors agglomération,Hors intersection,Normale,Deux véhicules - arrière,,,,,,,,,,,3,1,1,1.0,2
201300049453,0013-08-31 01:40:00,13,8,31,1,40,690,81,A6   448.490 A 449.450,,,Nuit sans éclairage public,Hors agglomération,Hors intersection,Normale,Deux véhicules - arrière,,,,,,,,,,,3,1,1,1.0,2
201300049454,0013-08-31 19:00:00,13,8,31,19,0,690,295,A46S   53.980 A 57.400,,,Plein jour,Hors agglomération,Hors intersection,Normale,Sans collision,,,,,,,,,,,1,1,1,1.0,7
201300049455,0013-09-02 11:05:00,13,9,2,11,5,690,72,A6   445.030 A 445.323,,,Crépuscule ou aube,Hors agglomération,Hors intersection,Normale,Trois véhicules et plus - en chaîne,,,,,,,,,,,2,1,1,1.0,4
201300049456,0013-09-06 00:04:00,13,9,6,0,4,690,290,A43   3.865 A 9.894,,,Nuit sans éclairage public,Hors agglomération,Hors intersection,Normale,Deux véhicules - arrière,,,,,,,,,,,3,1,1,1.0,2
201300049457,0013-09-07 10:30:00,13,9,7,10,30,690,259,RD383   11.750 A 14.250,,,Plein jour,Hors agglomération,Hors intersection,Pluie légère,Sans collision,,,,,,,,,,,1,1,1,2.0,7
201300049458,0013-09-08 05:35:00,13,9,8,5,35,690,275,RN346   29.300 A 34.350,,,Nuit sans éclairage public,Hors agglomération,Hors intersection,Pluie légère,Trois véhicules et plus - en chaîne,,,,,,,,,,,3,1,1,2.0,4
201300049459,0013-09-08 18:30:00,13,9,8,18,30,690,199,A7   7.000 A 8.630,,,Plein jour,Hors agglomération,Hors intersection,Pluie légère,Trois véhicules et plus - collisions multiples,,,,,,,,,,,1,1,1,2.0,5
201300049460,0013-09-08 18:45:00,13,9,8,18,45,10,43,A42   9.500 A 9.720,,,Plein jour,Hors agglomération,Hors intersection,Pluie légère,Sans collision,,,,,,,,,,,1,1,1,2.0,7
201300049461,0013-09-08 20:00:00,13,9,8,20,0,690,282,RD302   0.400 A 4.620,,,Nuit sans éclairage public,Hors agglomération,Autre intersection,Normale,Sans collision,,,,,,,,,,,3,1,9,1.0,7
201300049462,0013-09-09 21:30:00,13,9,9,21,30,690,29,A43   0.550 A 3.353,,,Nuit avec éclairage allumé,Hors agglomération,Hors intersection,Normale,Deux véhicules - arrière,,,,,,,,,,,5,1,1,1.0,2
201300049463,0013-09-10 16:10:00,13,9,10,16,10,690,290,A43   3.865 A 9.894,,,Plein jour,Hors agglomération,Hors intersection,Normale,Autre collision,,,,,,,,,,,1,1,1,1.0,6
201300049464,0013-09-11 18:20:00,13,9,11,18,20,10,376,A42   8.310 A 9.500,,,Plein jour,Hors agglomération,Hors intersection,Temps couvert,Sans collision,,,,,,,,,,,1,1,1,8.0,7
201300049465,0013-09-12 18:15:00,13,9,12,18,15,690,256,A42     0.560 A 4.020,,,Plein jour,Hors agglomération,Hors intersection,Normale,Deux véhicules - arrière,,,,,,,,,,,1,1,1,1.0,2
201300049466,0013-09-13 16:20:00,13,9,13,16,20,690,288,A43   13.029 A 15.971,,,Plein jour,Hors agglomération,Hors intersection,Normale,Sans collision,,,,,,,,,,,1,1,1,1.0,7
201300049467,0013-09-13 18:00:00,13,9,13,18,0,690,29,RD383,,,Plein jour,Hors agglomération,Hors intersection,Normale,Trois véhicules et plus - en chaîne,,,,,,,,,,,1,1,1,1.0,4
201300049468,0013-09-14 14:53:00,13,9,14,14,53,690,81,A6   449.510 A 451.640,,,Plein jour,Hors agglomération,Hors intersection,Normale,Sans collision,,,,,,,,,,,1,1,1,1.0,7
201300049469,0013-09-14 17:15:00,13,9,14,17,15,690,266,RD383   3.750 A 7.640,,,Plein jour,Hors agglomération,Hors intersection,Normale,Deux véhicules - arrière,,,,,,,,,,,1,1,1,1.0,2
201300049470,0013-09-14 18:17:00,13,9,14,18,17,690,266,RD383   1.165 A 1.893,,,Plein jour,Hors agglomération,Hors intersection,Normale,Deux véhicules - arrière,,,,,,,,,,,1,1,1,1.0,2
201300049471,0013-09-15 02:00:00,13,9,15,2,0,380,336,A7   32.870 A 35.680,,,Nuit avec éclairage non allumé,Hors agglomération,Hors intersection,Pluie légère,Trois véhicules et plus - collisions multiples,,,,,,,,,,,4,1,1,2.0,5
201300049472,0013-09-16 19:45:00,13,9,16,19,45,690,256,A42     0.560 A 4.020,,,Crépuscule ou aube,Hors agglomération,Hors intersection,Normale,Sans collision,,,,,,,,,,,2,1,1,1.0,7
201300049473,0013-09-18 17:40:00,13,9,18,17,40,690,297,A7   15.770 A 20.110,,,Plein jour,Hors agglomération,Hors intersection,Normale,Trois véhicules et plus - en chaîne,,,,,,,,,,,1,1,1,1.0,4
201300049474,0013-09-19 09:10:00,13,9,19,9,10,690,297,A47   0.000  A 1.657,,,Plein jour,Hors agglomération,Hors intersection,Normale,Deux véhicules - arrière,,,,,,,,,,,1,1,1,1.0,2
201300049475,0013-09-19 17:15:00,13,9,19,17,15,690,256,A42     0.560 A 4.020,,,Plein jour,Hors agglomération,Hors intersection,Normale,Trois véhicules et plus - collisions multiples,,,,,,,,,,,1,1,1,1.0,5
201300049476,0013-09-20 17:52:00,13,9,20,17,52,690,72,A6   445.323 A 447.390,,,Plein jour,Hors agglomération,Hors intersection,Normale,Deux véhicules - arrière,,,,,,,,,,,1,1,1,1.0,2
201300049477,0013-09-24 08:40:00,13,9,24,8,40,690,290,A43   3.865 A 9.894,,,Plein jour,Hors agglomération,Hors intersection,Normale,Trois véhicules et plus - en chaîne,,,,,,,,,,,1,1,1,1.0,4
201300049478,0013-09-26 14:20:00,13,9,26,14,20,380,544,RN7   5.180 A 10.000,,,Plein jour,Hors agglomération,Hors intersection,Normale,Deux véhicules - arrière,,,,,,,,,,,1,1,1,1.0,2
201300049479,0013-09-27 06:30:00,13,9,27,6,30,690,199,RD383   14.250 A 18.000,,,Nuit avec éclairage allumé,Hors agglomération,Hors intersection,Normale,Deux véhicules - arrière,,,,,,,,,,,5,1,1,1.0,2
201300049480,0013-09-27 04:50:00,13,9,27,4,50,690,72,A6   445.323 A 447.390,,,Nuit sans éclairage public,Hors agglomération,Hors intersection,Normale,Autre collision,,,,,,,,,,,3,1,1,1.0,6
201300049481,0013-09-27 10:20:00,13,9,27,10,20,690,278,A46N   12.680 A 13.378,,,Plein jour,Hors agglomération,Hors intersection,Normale,Trois véhicules et plus - collisions multiples,,,,,,,,,,,1,1,1,1.0,5
201300049482,0013-09-27 18:50:00,13,9,27,18,50,690,266,RD383   3.750 A 7.640,,,Plein jour,Hors agglomération,Hors intersection,Normale,Trois véhicules et plus - en chaîne,,,,,,,,,,,1,1,1,1.0,4
201300049483,0013-09-28 23:30:00,13,9,28,23,30,690,295,A46S   53.980 A 57.400,,,Nuit sans éclairage public,Hors agglomération,Hors intersection,Normale,Deux véhicules - frontale,,,,,,,,,,,3,1,1,1.0,1
201300049484,0013-09-29 05:30:00,13,9,29,5,30,690,256,RN346  S/N   25.686 A 29,,,Nuit avec éclairage non allumé,Hors agglomération,Hors intersection,Pluie forte,Deux véhicules - côté,,,,,,,,,,,4,1,1,3.0,3
201300049485,0013-09-29 14:05:00,13,9,29,14,5,380,336,A7   32.870 A 35.680,,,Plein jour,Hors agglomération,Hors intersection,Normale,Trois véhicules et plus - en chaîne,,,,,,,,,,,1,1,1,1.0,4
201300049486,0013-09-29 16:40:00,13,9,29,16,40,690,199,RD383   14.250 A 18.000,,,Plein jour,Hors agglomération,Hors intersection,Pluie légère,Sans collision,,,,,,,,,,,1,1,1,2.0,7
201300049487,0013-09-30 09:30:00,13,9,30,9,30,690,296,A7   10.992 A 13.970,,,Plein jour,Hors agglomération,Hors intersection,Temps couvert,Trois véhicules et plus - en chaîne,,,,,,,,,,,1,1,1,8.0,4
201300049488,0013-09-30 12:15:00,13,9,30,12,15,380,544,"17, RN7   5.180 A 10.000",,,Plein jour,Hors agglomération,Hors intersection,Normale,Deux véhicules - arrière,,,,,,,,,,,1,1,1,1.0,2
201300049489,0013-10-02 16:50:00,13,10,2,16,50,690,199,RD383   14.250 A 18.000,,,Plein jour,Hors agglomération,Hors intersection,Normale,Deux véhicules - arrière,,,,,,,,,,,1,1,1,1.0,2
201300049490,0013-10-02 21:05:00,13,10,2,21,5,690,266,RD383   3.750 A 7.640,,,Nuit avec éclairage allumé,Hors agglomération,Hors intersection,Normale,Deux véhicules - arrière,,,,,,,,,,,5,1,1,1.0,2
201300049491,0013-10-03 14:25:00,13,10,3,14,25,690,72,A6   445.323 A 447.390,,,Plein jour,Hors agglomération,Hors intersection,Normale,Deux véhicules - arrière,,,,,,,,,,,1,1,1,1.0,2
201300049492,0013-10-04 20:05:00,13,10,4,20,5,690,125,A6   437.840 A 439.400,,,Nuit sans éclairage public,Hors agglomération,Hors intersection,Pluie légère,Trois véhicules et plus - collisions multiples,,,,,,,,,,,3,1,1,2.0,5
201300049493,0013-10-05 01:40:00,13,10,5,1,40,690,256,A42     0.560 A 4.020,,,Nuit sans éclairage public,Hors agglomération,Hors intersection,Pluie légère,Deux véhicules - arrière,,,,,,,,,,,3,1,1,2.0,2
201300049494,0013-10-05 08:40:00,13,10,5,8,40,690,266,RD383   3.750 A 7.640,,,Plein jour,Hors agglomération,Hors intersection,Normale,Sans collision,,,,,,,,,,,1,1,1,1.0,7
201300049495,0013-10-06 15:50:00,13,10,6,15,50,690,29,RD383   7.640 A 11.044,,,Plein jour,Hors agglomération,Hors intersection,Normale,Deux véhicules - arrière,,,,,,,,,,,1,1,1,1.0,2
201300049496,0013-10-09 13:00:00,13,10,9,13,0,690,125,A6   437.840 A 439.400,,,Plein jour,Hors agglomération,Hors intersection,Normale,Deux véhicules - côté,,,,,,,,,,,1,1,1,1.0,3
201300049497,0013-10-10 17:35:00,13,10,10,17,35,690,199,RD383   14.250 A 18.000,,,Plein jour,Hors agglomération,Hors intersection,Normale,Deux véhicules - côté,,,,,,,,,,,1,1,1,1.0,3
201300049498,0013-10-11 00:30:00,13,10,11,0,30,690,199,RD383   14.250 A 18.000,,,Nuit avec éclairage allumé,Hors agglomération,Hors intersection,Pluie légère,Sans collision,,,,,,,,,,,5,1,1,2.0,7
201300049499,0013-10-11 15:34:00,13,10,11,15,34,690,389,A6   451.790 A 453.400,,,Plein jour,Hors agglomération,Hors intersection,Normale,Autre collision,,,,,,,,,,,1,1,1,1.0,6
201300049500,0013-10-14 17:45:00,13,10,14,17,45,690,266,RD383   3.750 A 7.640,,,Plein jour,Hors agglomération,Hors intersection,Normale,Trois véhicules et plus - en chaîne,,,,,,,,,,,1,1,1,1.0,4
201300049501,0013-10-11 16:30:00,13,10,11,16,30,690,389,BPNL   34.614 A 36.285,,,Plein jour,Hors agglomération,Hors intersection,Normale,Trois véhicules et plus - en chaîne,,,,,,,,,,,1,1,1,1.0,4
201300049502,0013-10-15 07:25:00,13,10,15,7,25,690,272,A46S   57.400 A 61.010,,,Crépuscule ou aube,Hors agglomération,Hors intersection,Normale,Deux véhicules - côté,,,,,,,,,,,2,1,1,1.0,3
201300049503,0013-10-15 23:03:00,13,10,15,23,3,690,34,RD383   0.000 A 1.165,,,Nuit avec éclairage allumé,Hors agglomération,Hors intersection,Pluie légère,Autre collision,,,,,,,,,,,5,1,1,2.0,6
201300049504,0013-10-16 16:30:00,13,10,16,16,30,690,9,", A6   428.880 A 431.800",,,Plein jour,Hors agglomération,Hors intersection,Normale,Autre collision,,,,,,,,,,,1,1,1,1.0,6
201300049505,0013-10-17 20:05:00,13,10,17,20,5,690,266,RD383   1.165 A 1.893,,,Nuit avec éclairage allumé,Hors agglomération,Hors intersection,Normale,Trois véhicules et plus - en chaîne,,,,,,,,,,,5,1,1,1.0,4
201300049506,0013-10-18 08:50:00,13,10,18,8,50,690,287,A43   9.894 A 13.029,,,Plein jour,Hors agglomération,Hors intersection,Normale,Trois véhicules et plus - en chaîne,,,,,,,,,,,1,1,1,1.0,4
201300049507,0013-10-18 16:30:00,13,10,18,16,30,690,27,A450   5.100 A 7.285,,,Plein jour,Hors agglomération,Hors intersection,Normale,Deux véhicules - côté,,,,,,,,,,,1,1,1,1.0,3
201300049508,0013-10-18 19:10:00,13,10,18,19,10,690,163,A46N   2.930 A 7.065,,,Nuit sans éclairage public,Hors agglomération,Hors intersection,Normale,Deux véhicules - arrière,,,,,,,,,,,3,1,1,1.0,2
201300049509,0013-10-20 16:05:00,13,10,20,16,5,690,256,A42     0.560 A 4.020,,,Plein jour,Hors agglomération,Hors intersection,Normale,Autre collision,,,,,,,,,,,1,1,1,1.0,6
201300049510,0013-10-20 17:15:00,13,10,20,17,15,380,336,A7   32.870 A 35.680,,,Plein jour,Hors agglomération,Hors intersection,Normale,Sans collision,,,,,,,,,,,1,1,1,1.0,7
201300049511,0013-10-21 11:55:00,13,10,21,11,55,690,286,A46N   S/N   25.680 A 25,,,Plein jour,Hors agglomération,Hors intersection,Normale,Deux véhicules - arrière,,,,,,,,,,,1,1,1,1.0,2
201300049512,0013-10-21 19:00:00,13,10,21,19,0,10,249,A42   6.290 A 8.310,,,Nuit sans éclairage public,Hors agglomération,Hors intersection,Normale,Trois véhicules et plus - en chaîne,,,,,,,,,,,3,1,1,1.0,4