accident_id,datetime,annee,mois,jour,heure,minute,departement,commune_insee,adresse,latitude,longitude,luminosite,agglomeration,intersection,meteo,collision,nb_vehicules,nb_usagers,nb_indemnes,nb_tues,nb_blesses_hosp,nb_blesses_legers,age_cond_1,age_cond_2,veh_type_cond_1,veh_type_cond_2,lum_code,agg_code,int_code,atm_code,col_code
201300050144,0013-11-01 01:00:00,13,11,1,1,0,130,211,A50-Sens Aubagne vers*Ma,,,Nuit sans éclairage public,Hors agglomération,Hors intersection,Normale,Sans collision,,,,,,,,,,,3,1,1,1.0,7
201300050145,0013-11-02 03:30:00,13,11,2,3,30,130,56,A55-Sens Marseille*vers,,,Nuit sans éclairage public,Hors agglomération,Hors intersection,Normale,Autre collision,,,,,,,,,,,3,1,1,1.0,6
201300050146,0013-11-03 15:50:00,13,11,3,15,50,130,5,A50-Sens Aubagne vers*Ma,,,Plein jour,Hors agglomération,Hors intersection,Normale,Deux véhicules - côté,,,,,,,,,,,1,1,1,1.0,3
201300050147,0013-11-04 13:00:00,13,11,4,13,0,130,215,A55-Sens Marseille*vers,,,Plein jour,Hors agglomération,Hors intersection,Pluie légère,Autre collision,,,,,,,,,,,1,1,1,2.0,6
201300050148,0013-11-06 10:15:00,13,11,6,10,15,130,33,A55-Sens Marseille*vers,,,Plein jour,Hors agglomération,Hors intersection,Normale,Deux véhicules - côté,,,,,,,,,,,1,1,1,1.0,3
201300050149,0013-11-10 05:30:00,13,11,10,5,30,130,5,A50-Sens Marseille*vers,,,Nuit sans éclairage public,Hors agglomération,Hors intersection,Pluie légère,Deux véhicules - arrière,,,,,,,,,,,3,1,1,2.0,2
201300050150,0013-11-27 17:30:00,13,11,27,17,30,130,202,A55-Sens Martigues vers,,,Crépuscule ou aube,Hors agglomération,Hors intersection,Normale,Deux véhicules - arrière,,,,,,,,,,,2,1,1,1.0,2
201300050151,0013-11-30 15:00:00,13,11,30,15,0,130,215,A7-Sens Marseille vers L,,,Plein jour,Hors agglomération,Hors intersection,Normale,Deux véhicules - arrière,,,,,,,,,,,1,1,1,1.0,2
201300050152,0013-11-30 17:20:00,13,11,30,17,20,130,214,A7-Sens Lyon vers Marsei,,,Nuit sans éclairage public,Hors agglomération,Hors intersection,Pluie légère,Trois véhicules et plus - en chaîne,,,,,,,,,,,3,1,1,2.0,4
201300050153,0013-12-03 14:05:00,13,12,3,14,5,130,1,A51-Sens Aix en Provence,,,Plein jour,Hors agglomération,Hors intersection,Normale,Trois véhicules et plus - en chaîne,,,,,,,,,,,1,1,1,1.0,4
201300050154,0013-12-10 08:45:00,13,12,10,8,45,130,207,Tunnel Prado Car?nage,,,Plein jour,Hors agglomération,Hors intersection,Normale,Autre collision,,,,,,,,,,,1,1,1,1.0,6
201300050155,0013-12-13 20:00:00,13,12,13,20,0,130,1,A51-Sens Marseille vers,,,Nuit sans éclairage public,Hors agglomération,Hors intersection,Normale,Deux véhicules - arrière,,,,,,,,,,,3,1,1,1.0,2
201300050156,0013-12-18 21:22:00,13,12,18,21,22,130,215,A7-Sens Lyon vers Marsei,,,Nuit sans éclairage public,Hors agglomération,Hors intersection,Normale,Trois véhicules et plus - en chaîne,,,,,,,,,,,3,1,1,1.0,4
201300050157,0013-12-21 16:00:00,13,12,21,16,0,130,55,A50-Sens Aubagne vers Ma,,,Plein jour,Hors agglomération,Hors intersection,Normale,Sans collision,,,,,,,,,,,1,1,1,1.0,7
201300050158,0013-12-24 16:30:00,13,12,24,16,30,130,56,A55-Sens Martigues vers,,,Plein jour,Hors agglomération,Hors intersection,Normale,Trois véhicules et plus - en chaîne,,,,,,,,,,,1,1,1,1.0,4
201300050159,0013-12-25 16:30:00,13,12,25,16,30,130,202,A55-Sens Martigues vers,,,Plein jour,Hors agglomération,Hors intersection,Pluie forte,Autre collision,,,,,,,,,,,1,1,1,3.0,6
201300050160,0013-01-05 15:30:00,13,1,5,15,30,750,101,"26, SOUTERRAIN TUILERIES",,,Plein jour,En agglomération,Hors intersection,Normale,Deux véhicules - arrière,,,,,,,,,,,1,2,1,1.0,2
201300050161,0013-01-15 15:00:00,13,1,15,15,0,750,101,"12, QUAI FRANCOIS MITTER",,,Plein jour,En agglomération,Intersection en T,Pluie légère,Deux véhicules - arrière,,,,,,,,,,,1,2,3,2.0,2
201300050162,0013-01-18 17:40:00,13,1,18,17,40,750,101,QUAI DES TUILERIES,,,Nuit avec éclairage allumé,En agglomération,Hors intersection,Neige / grêle,Deux véhicules - arrière,,,,,,,,,,,5,2,1,4.0,2
201300050163,0013-01-19 15:09:00,13,1,19,15,9,750,101,"47, RUE BERGER",,,Plein jour,En agglomération,Intersection en T,Neige / grêle,Deux véhicules - arrière,,,,,,,,,,,1,2,3,4.0,2
201300050164,0013-01-21 14:20:00,13,1,21,14,20,750,101,"2, QUAI DE LA MEGISSERIE",,,Plein jour,En agglomération,Place,Neige / grêle,Deux véhicules - arrière,,,,,,,,,,,1,2,7,4.0,2
201300050165,0013-01-24 18:45:00,13,1,24,18,45,750,101,QUAI DES ORFEVRES,,,Nuit avec éclairage allumé,En agglomération,Intersection en X,Normale,Deux véhicules - côté,,,,,,,,,,,5,2,2,1.0,3
201300050166,0013-01-25 07:30:00,13,1,25,7,30,750,101,"2, RUE DE ROHAN",,,Crépuscule ou aube,En agglomération,Intersection en X,Normale,Autre collision,,,,,,,,,,,2,2,2,1.0,6
201300050167,0013-01-28 08:55:00,13,1,28,8,55,750,101,BOULEVARD DE SEBASTOPOL,,,Plein jour,En agglomération,Intersection à plus de 4 branches,Normale,Deux véhicules - côté,,,,,,,,,,,1,2,5,1.0,3
201300050168,0013-01-31 14:15:00,13,1,31,14,15,750,101,"334, RUE SAINT HONORE",,,Plein jour,En agglomération,Intersection en X,Pluie légère,Deux véhicules - côté,,,,,,,,,,,1,2,2,2.0,3
201300050169,0013-02-04 12:50:00,13,2,4,12,50,750,101,"9, RUE DU LOUVRE",,,Plein jour,En agglomération,Intersection en T,Pluie légère,Autre collision,,,,,,,,,,,1,2,3,2.0,6
201300050170,0013-02-06 09:40:00,13,2,6,9,40,750,101,"01, QUAI FRANCOIS MITTER",,,Plein jour,En agglomération,Intersection en T,Normale,Deux véhicules - arrière,,,,,,,,,,,1,2,3,1.0,2
201300050171,0013-02-06 22:40:00,13,2,6,22,40,750,101,"146, RUE DE RIVOLI",,,Nuit avec éclairage allumé,En agglomération,Hors intersection,Pluie légère,Deux véhicules - côté,,,,,,,,,,,5,2,1,2.0,3
201300050172,0013-02-07 07:55:00,13,2,7,7,55,750,101,"1, QUAI DES TUILERIES",,,Plein jour,En agglomération,Intersection en X,Normale,Deux véhicules - arrière,,,,,,,,,,,1,2,2,1.0,2
201300050173,0013-02-07 14:05:00,13,2,7,14,5,750,101,"192, RUE DE RIVOLI",,,Plein jour,En agglomération,Intersection en X,Temps couvert,Autre collision,,,,,,,,,,,1,2,2,8.0,6
201300050174,0013-02-07 13:15:00,13,2,7,13,15,750,101,"2, BOULEVARD DU PALAIS",,,Plein jour,En agglomération,Intersection en X,Normale,Deux véhicules - côté,,,,,,,,,,,1,2,2,1.0,3
201300050175,0013-02-11 02:20:00,13,2,11,2,20,750,101,"0, RUE DE RIVOLI",,,Nuit avec éclairage allumé,En agglomération,Intersection en T,Pluie légère,Autre collision,,,,,,,,,,,5,2,3,2.0,6
201300050176,0013-02-11 19:45:00,13,2,11,19,45,750,101,"12, QUAI DE LA MEGISSERI",,,Nuit avec éclairage allumé,En agglomération,Intersection en T,Normale,Deux véhicules - côté,,,,,,,,,,,5,2,3,1.0,3
201300050177,0013-02-14 05:55:00,13,2,14,5,55,750,101,"128, RUE DE RIVOLI",,,Nuit avec éclairage allumé,En agglomération,Intersection en X,Temps couvert,Deux véhicules - côté,,,,,,,,,,,5,2,2,8.0,3
201300050178,0013-02-15 20:27:00,13,2,15,20,27,750,101,"23, BOULEVARD DE SEBASTO",,,Nuit avec éclairage allumé,En agglomération,Intersection en X,Normale,Deux véhicules - côté,,,,,,,,,,,5,2,2,1.0,3
201300050179,0013-02-17 17:20:00,13,2,17,17,20,750,101,"10, QUAI FRANCOIS MITTER",,,Plein jour,En agglomération,Hors intersection,Normale,Deux véhicules - arrière,,,,,,,,,,,1,2,1,1.0,2
201300050180,0013-02-19 09:29:00,13,2,19,9,29,750,101,"248, RUE DE RIVOLI",,,Plein jour,En agglomération,Intersection en T,Normale,Deux véhicules - arrière,,,,,,,,,,,1,2,3,1.0,2
201300050181,0013-02-25 11:40:00,13,2,25,11,40,750,101,"12, QUAI FRANCOIS MITTER",,,Plein jour,En agglomération,Intersection en X,Neige / grêle,Autre collision,,,,,,,,,,,1,2,2,4.0,6
201300050182,0013-02-28 17:25:00,13,2,28,17,25,750,101,SOUTERRAIN TUILERIES,,,Plein jour,En agglomération,Hors intersection,Normale,Deux véhicules - arrière,,,,,,,,,,,1,2,1,1.0,2
201300050183,0013-03-01 17:10:00,13,3,1,17,10,750,101,"0, RUE ETIENNE MARCEL",,,Plein jour,En agglomération,Intersection en X,Normale,Deux véhicules - arrière,,,,,,,,,,,1,2,2,1.0,2
201300050184,0013-03-05 17:45:00,13,3,5,17,45,750,101,"10, QUAI FRANCOIS MITTER",,,Plein jour,En agglomération,Hors intersection,Normale,Deux véhicules - arrière,,,,,,,,,,,1,2,1,1.0,2
201300050185,0013-03-08 13:50:00,13,3,8,13,50,750,101,PLACE DU CHATELET,,,Plein jour,En agglomération,Place,Pluie légère,Autre collision,,,,,,,,,,,1,2,7,2.0,6
201300050186,0013-03-14 15:15:00,13,3,14,15,15,750,101,"12, AVENUE VICTORIA",,,Plein jour,En agglomération,Intersection en X,Normale,Deux véhicules - côté,,,,,,,,,,,1,2,2,1.0,3
201300050187,0013-03-15 10:00:00,13,3,15,10,0,750,101,"1, QUAI DES TUILERIES",,,Plein jour,En agglomération,Hors intersection,Normale,Deux véhicules - côté,,,,,,,,,,,1,2,1,1.0,3
201300050188,0013-03-16 14:50:00,13,3,16,14,50,750,101,"210, RUE DE RIVOLI",,,Plein jour,En agglomération,Intersection en T,Normale,Deux véhicules - côté,,,,,,,,,,,1,2,3,1.0,3
201300050189,0013-03-21 19:15:00,13,3,21,19,15,750,101,"216, RUE DE RIVOLI",,,Nuit avec éclairage allumé,En agglomération,Intersection en T,Normale,Autre collision,,,,,,,,,,,5,2,3,1.0,6
201300050190,0013-03-25 20:30:00,13,3,25,20,30,750,101,SOUTERRAIN BOUCLE SAINT,,,Nuit avec éclairage allumé,En agglomération,Hors intersection,Normale,Autre collision,,,,,,,,,,,5,2,1,1.0,6
201300050191,0013-03-26 00:40:00,13,3,26,0,40,750,101,AVENUE DE L OPERA,,,Nuit avec éclairage allumé,En agglomération,Intersection à plus de 4 branches,Normale,Deux véhicules - côté,,,,,,,,,,,5,2,5,1.0,3
201300050192,0013-03-27 12:20:00,13,3,27,12,20,750,101,"26, PLACE VENDOME",,,Plein jour,En agglomération,Hors intersection,Normale,Sans collision,,,,,,,,,,,1,2,1,1.0,7
201300050193,0013-03-30 16:20:00,13,3,30,16,20,750,101,"55, RUE DE RIVOLI",,,Plein jour,En agglomération,Hors intersection,Normale,Deux véhicules - côté,,,,,,,,,,,1,2,1,1.0,3
201300050194,0013-04-02 10:13:00,13,4,2,10,13,750,101,"172, RUE DE RIVOLI",,,Plein jour,En agglomération,Place,Normale,Trois véhicules et plus - en chaîne,,,,,,,,,,,1,2,7,1.0,4
201300050195,0013-04-16 11:00:00,13,4,16,11,0,750,101,SOUTERRAIN TRANSIT HALLE,,,Plein jour,En agglomération,Hors intersection,Normale,Autre collision,,,,,,,,,,,1,2,1,1.0,6
201300050196,0013-04-16 12:10:00,13,4,16,12,10,750,101,"02, RUE DE L AMIRAL DE C",,,Plein jour,En agglomération,Place,Normale,Deux véhicules - arrière,,,,,,,,,,,1,2,7,1.0,2
201300050197,0013-04-18 18:30:00,13,4,18,18,30,750,101,QUAI DES TUILERIES,,,Plein jour,En agglomération,Intersection en X,Normale,Deux véhicules - arrière,,,,,,,,,,,1,2,2,1.0,2
201300050198,0013-04-19 12:30:00,13,4,19,12,30,750,111,"94, BOULEVARD BEAUMARCHA",,,Plein jour,En agglomération,Intersection en X,Normale,Deux véhicules - arrière,,,,,,,,,,,1,2,2,1.0,2
201300050199,0013-04-20 15:06:00,13,4,20,15,6,750,101,"194 bis, RUE DE RIVOLI",,,Plein jour,En agglomération,Intersection en T,Normale,Autre collision,,,,,,,,,,,1,2,3,1.0,6
201300050200,0013-04-22 18:40:00,13,4,22,18,40,750,101,"59, BOULEVARD DE SEBASTO",,,Plein jour,En agglomération,Intersection en T,Normale,Deux véhicules - arrière,,,,,,,,,,,1,2,3,1.0,2
201300050201,0013-04-23 10:50:00,13,4,23,10,50,750,101,"45, RUE DE RIVOLI",,,Plein jour,En agglomération,Intersection à plus de 4 branches,Normale,Autre collision,,,,,,,,,,,1,2,5,1.0,6
201300050202,0013-04-30 16:10:00,13,4,30,16,10,750,101,RUE CAMBON,,,Plein jour,En agglomération,Intersection en X,Normale,Autre collision,,,,,,,,,,,1,2,2,1.0,6
201300050203,0013-05-01 00:45:00,13,5,1,0,45,750,101,QUAI DES TUILERIES,,,Nuit avec éclairage allumé,En agglomération,Hors intersection,Normale,Autre collision,,,,,,,,,,,5,2,1,1.0,6
201300050204,0013-05-02 20:35:00,13,5,2,20,35,750,101,"174, RUE DE RIVOLI",,,Plein jour,En agglomération,Intersection en X,Normale,Deux véhicules - côté,,,,,,,,,,,1,2,2,1.0,3
201300050205,0013-05-08 02:15:00,13,5,8,2,15,750,101,"65, BOULEVARD DE SEBASTO",,,Nuit sans éclairage public,En agglomération,Intersection en X,Normale,Autre collision,,,,,,,,,,,3,2,2,1.0,6
201300050206,0013-05-11 23:10:00,13,5,11,23,10,750,101,RUE SAINT HONORE,,,Nuit avec éclairage allumé,En agglomération,Hors intersection,Pluie légère,Deux véhicules - arrière,,,,,,,,,,,5,2,1,2.0,2
201300050207,0013-05-15 09:50:00,13,5,15,9,50,750,101,"1, BOULEVARD DE SEBASTOP",,,Plein jour,En agglomération,Intersection à plus de 4 branches,Normale,Autre collision,,,,,,,,,,,1,2,5,1.0,6
201300050208,0013-05-15 18:55:00,13,5,15,18,55,750,109,"53, RUE RICHER",,,Plein jour,En agglomération,Intersection à plus de 4 branches,Normale,Autre collision,,,,,,,,,,,1,2,5,1.0,6
201300050209,0013-05-17 03:20:00,13,5,17,3,20,750,101,"1, BOULEVARD DE SEBASTOP",,,Nuit avec éclairage allumé,En agglomération,Intersection à plus de 4 branches,Normale,Autre collision,,,,,,,,,,,5,2,5,1.0,6
201300050210,0013-05-17 16:45:00,13,5,17,16,45,750,101,"16, RUE DU LOUVRE",,,Plein jour,En agglomération,Intersection en X,Normale,Autre collision,,,,,,,,,,,1,2,2,1.0,6
201300050211,0013-05-21 16:50:00,13,5,21,16,50,750,101,"09, RUE DES PYRAMIDES",,,Plein jour,En agglomération,Intersection en X,Temps couvert,Autre collision,,,,,,,,,,,1,2,2,8.0,6
201300050212,0013-05-28 13:00:00,13,5,28,13,0,750,101,RUE DU LOUVRE,,,Plein jour,En agglomération,Place,Pluie légère,Deux véhicules - arrière,,,,,,,,,,,1,2,7,2.0,2
201300050213,0013-05-30 17:25:00,13,5,30,17,25,750,101,"1, QUAI FRANCOIS MITTERR",,,Plein jour,En agglomération,Intersection en X,Normale,Deux véhicules - arrière,,,,,,,,,,,1,2,2,1.0,2
201300050214,0013-05-30 16:40:00,13,5,30,16,40,750,101,"3, RUE DE VALOIS",,,Plein jour,En agglomération,Intersection en T,Pluie légère,Autre collision,,,,,,,,,,,1,2,3,2.0,6
201300050215,0013-06-01 15:40:00,13,6,1,15,40,750,101,"10, QUAI FRANCOIS MITTER",,,Plein jour,En agglomération,Intersection en X,Normale,Sans collision,,,,,,,,,,,1,2,2,1.0,7
201300050216,0013-06-03 21:20:00,13,6,3,21,20,750,101,QUAI DU LOUVRE,,,Plein jour,En agglomération,Hors intersection,Normale,Autre collision,,,,,,,,,,,1,2,1,1.0,6
201300050217,0013-06-06 18:20:00,13,6,6,18,20,750,101,RUE DE RIVOLI,,,Plein jour,En agglomération,Place,Normale,Deux véhicules - arrière,,,,,,,,,,,1,2,7,1.0,2
201300050218,0013-06-07 07:55:00,13,6,7,7,55,750,101,"10, QUAI FRANCOIS MITTER",,,Plein jour,En agglomération,Intersection en X,Normale,Deux véhicules - arrière,,,,,,,,,,,1,2,2,1.0,2
201300050219,0013-06-08 02:40:00,13,6,8,2,40,750,101,"10, RUE BAILLEUL",,,Nuit avec éclairage allumé,En agglomération,Intersection en T,Normale,Autre collision,,,,,,,,,,,5,2,3,1.0,6
201300050220,0013-06-08 15:00:00,13,6,8,15,0,750,101,"269, RUE SAINT HONORE",,,Plein jour,En agglomération,Intersection en X,Normale,Deux véhicules - côté,,,,,,,,,,,1,2,2,1.0,3
201300050221,0013-06-09 16:00:00,13,6,9,16,0,750,101,"61, BOULEVARD DE SEBASTO",,,Plein jour,En agglomération,Intersection en X,Pluie légère,Trois véhicules et plus - collisions multiples,,,,,,,,,,,1,2,2,2.0,5
201300050222,0013-06-12 14:30:00,13,6,12,14,30,750,101,"202, RUE SAINT HONORE",,,Plein jour,En agglomération,Intersection en X,Temps couvert,Autre collision,,,,,,,,,,,1,2,2,8.0,6
201300050223,0013-06-12 16:00:00,13,6,12,16,0,750,101,BOULEVARD DU PALAIS,,,Plein jour,En agglomération,Hors intersection,Normale,Autre collision,,,,,,,,,,,1,2,1,1.0,6
201300050224,0013-06-13 10:45:00,13,6,13,10,45,750,101,"99, RUE DE RIVOLI",,,Plein jour,En agglomération,Intersection à plus de 4 branches,Pluie légère,Deux véhicules - côté,,,,,,,,,,,1,2,5,2.0,3
201300050225,0013-06-14 19:00:00,13,6,14,19,0,750,101,"4, BOULEVARD DU PALAIS",,,Plein jour,En agglomération,Intersection en X,Normale,Autre collision,,,,,,,,,,,1,2,2,1.0,6
201300050226,0013-06-15 01:50:00,13,6,15,1,50,750,102,"13, RUE ETIENNE MARCEL",,,Nuit avec éclairage allumé,En agglomération,Intersection à plus de 4 branches,Normale,Deux véhicules - côté,,,,,,,,,,,5,2,5,1.0,3
201300050227,0013-06-20 14:00:00,13,6,20,14,0,750,101,"271, RUE SAINT HONORE",,,Plein jour,En agglomération,Intersection en X,Normale,Deux véhicules - arrière,,,,,,,,,,,1,2,2,1.0,2
201300050228,0013-06-24 16:15:00,13,6,24,16,15,750,101,"189, RUE SAINT HONORE",,,Plein jour,En agglomération,Intersection en X,Normale,Autre collision,,,,,,,,,,,1,2,2,1.0,6
201300050229,0013-07-02 14:45:00,13,7,2,14,45,750,101,"194, RUE DE RIVOLI",,,Plein jour,En agglomération,Intersection en T,Normale,Deux véhicules - arrière,,,,,,,,,,,1,2,3,1.0,2
201300050230,0013-07-06 16:50:00,13,7,6,16,50,750,101,"25, BOULEVARD DE SEBASTO",,,Plein jour,En agglomération,Intersection en X,Normale,Autre collision,,,,,,,,,,,1,2,2,1.0,6
201300050231,0013-07-07 17:25:00,13,7,7,17,25,750,101,QUAI DES TUILERIES,,,Plein jour,En agglomération,Hors intersection,Normale,Sans collision,,,,,,,,,,,1,2,1,1.0,7
201300050232,0013-07-11 18:30:00,13,7,11,18,30,750,109,"47, BOULEVARD DE ROCHECH",,,Plein jour,En agglomération,Intersection en X,Normale,Autre collision,,,,,,,,,,,1,2,2,1.0,6
201300050233,0013-07-15 08:50:00,13,7,15,8,50,750,101,"1, QUAI DE LA MEGISSERIE",,,Plein jour,En agglomération,Place,Normale,Trois véhicules et plus - en chaîne,,,,,,,,,,,1,2,7,1.0,4
201300050234,0013-07-16 13:50:00,13,7,16,13,50,750,101,RUE DE RIVOLI,,,Plein jour,En agglomération,Intersection à plus de 4 branches,Normale,Autre collision,,,,,,,,,,,1,2,5,1.0,6
201300050235,0013-07-16 13:50:00,13,7,16,13,50,750,101,"8, BOULEVARD DU PALAIS",,,Plein jour,En agglomération,Hors intersection,Normale,Autre collision,,,,,,,,,,,1,2,1,1.0,6
201300050236,0013-07-17 10:40:00,13,7,17,10,40,750,101,QUAI FRANCOIS MITTERRAND,,,Plein jour,En agglomération,Hors intersection,Normale,Autre collision,,,,,,,,,,,1,2,1,1.0,6
201300050237,0013-07-19 15:25:00,13,7,19,15,25,750,101,QUAI FRANCOIS MITTERRAND,,,Plein jour,En agglomération,Intersection en T,Normale,Deux véhicules - côté,,,,,,,,,,,1,2,3,1.0,3
201300050238,0013-07-19 18:10:00,13,7,19,18,10,750,101,"9, AVENUE DE L OPERA",,,Plein jour,En agglomération,Intersection en X,Normale,Autre collision,,,,,,,,,,,1,2,2,1.0,6
201300050239,0013-07-22 19:00:00,13,7,22,19,0,750,101,"10, BOULEVARD DU PALAIS",,,Plein jour,En agglomération,Hors intersection,Normale,Autre collision,,,,,,,,,,,1,2,1,1.0,6
201300050240,0013-07-23 17:55:00,13,7,23,17,55,750,101,"70, RUE JEAN JACQUES ROU",,,Plein jour,En agglomération,Hors intersection,Normale,Deux véhicules - arrière,,,,,,,,,,,1,2,1,1.0,2
201300050241,0013-07-26 10:57:00,13,7,26,10,57,750,101,"172, RUE DE RIVOLI",,,Plein jour,En agglomération,Place,Normale,Deux véhicules - arrière,,,,,,,,,,,1,2,7,1.0,2
201300050242,0013-07-29 10:15:00,13,7,29,10,15,750,101,"9, BOULEVARD DE SEBASTOP",,,Plein jour,En agglomération,Intersection à plus de 4 branches,Normale,Deux véhicules - côté,,,,,,,,,,,1,2,5,1.0,3
201300050243,0013-07-30 09:45:00,13,7,30,9,45,750,101,"184, RUE DE RIVOLI",,,Plein jour,En agglomération,Intersection en T,Normale,Trois véhicules et plus - en chaîne,,,,,,,,,,,1,2,3,1.0,4
201300050244,0013-07-31 14:50:00,13,7,31,14,50,750,101,"48, RUE CROIX DES PETITS",,,Plein jour,En agglomération,Intersection en X,Normale,Deux véhicules - côté,,,,,,,,,,,1,2,2,1.0,3
201300050245,0013-07-31 14:55:00,13,7,31,14,55,750,101,"4, BOULEVARD DU PALAIS",,,Plein jour,En agglomération,Hors intersection,Normale,Autre collision,,,,,,,,,,,1,2,1,1.0,6
201300050246,0013-07-31 19:10:00,13,7,31,19,10,750,101,"112, RUE SAINT HONORE",,,Plein jour,En agglomération,Hors intersection,Normale,Autre collision,,,,,,,,,,,1,2,1,1.0,6
201300050247,0013-08-03 02:30:00,13,8,3,2,30,750,101,"1, BOULEVARD DE SEBASTOP",,,Nuit avec éclairage allumé,En agglomération,Intersection à plus de 4 branches,Normale,Deux véhicules - côté,,,,,,,,,,,5,2,5,1.0,3
201300050248,0013-08-03 17:25:00,13,8,3,17,25,750,101,"5, RUE DE CASTIGLIONE",,,Plein jour,En agglomération,Intersection en X,Normale,Deux véhicules - côté,,,,,,,,,,,1,2,2,1.0,3
201300050249,0013-08-05 01:00:00,13,8,5,1,0,750,101,RUE DU PONT NEUF,,,Nuit avec éclairage allumé,En agglomération,Intersection en X,Normale,Deux véhicules - côté,,,,,,,,,,,5,2,2,1.0,3
201300050250,0013-08-11 00:40:00,13,8,11,0,40,750,101,"63, RUE DE RIVOLI",,,Nuit avec éclairage allumé,En agglomération,Intersection en T,Normale,Deux véhicules - arrière,,,,,,,,,,,5,2,3,1.0,2
201300050251,0013-08-12 12:35:00,13,8,12,12,35,750,101,"232, RUE DE RIVOLI",,,Plein jour,En agglomération,Intersection en T,Normale,Sans collision,,,,,,,,,,,1,2,3,1.0,7
201300050252,0013-08-16 15:15:00,13,8,16,15,15,750,101,"8, QUAI DE LA MEGISSERIE",,,Plein jour,En agglomération,Intersection en T,Normale,Trois véhicules et plus - en chaîne,,,,,,,,,,,1,2,3,1.0,4
201300050253,0013-08-20 22:10:00,13,8,20,22,10,750,101,"5, RUE SAINT ROCH",,,Nuit avec éclairage allumé,En agglomération,Hors intersection,Normale,Autre collision,,,,,,,,,,,5,2,1,1.0,6
201300050254,0013-08-22 18:25:00,13,8,22,18,25,750,101,"12, QUAI DE LA MEGISSERI",,,Plein jour,En agglomération,Intersection en T,Normale,Trois véhicules et plus - en chaîne,,,,,,,,,,,1,2,3,1.0,4
201300050255,0013-08-23 10:50:00,13,8,23,10,50,750,101,"1, PLACE DU CARROUSEL",,,Plein jour,En agglomération,Hors intersection,Normale,Autre collision,,,,,,,,,,,1,2,1,1.0,6
201300050256,0013-08-26 13:45:00,13,8,26,13,45,750,101,"99, RUE DE RIVOLI",,,Plein jour,En agglomération,Intersection en X,Normale,Deux véhicules - côté,,,,,,,,,,,1,2,2,1.0,3
201300050257,0013-08-27 14:05:00,13,8,27,14,5,750,101,RUE SAINT HONORE,,,Crépuscule ou aube,En agglomération,Intersection en T,Normale,Deux véhicules - côté,,,,,,,,,,,2,2,3,1.0,3
201300050258,0013-08-27 14:45:00,13,8,27,14,45,750,101,"41, RUE ETIENNE MARCEL",,,Plein jour,En agglomération,Intersection à plus de 4 branches,Normale,Autre collision,,,,,,,,,,,1,2,5,1.0,6
201300050259,0013-08-27 22:05:00,13,8,27,22,5,750,101,VOIE GEORGES POMPIDOU,,,Nuit avec éclairage allumé,En agglomération,Hors intersection,Normale,Deux véhicules - arrière,,,,,,,,,,,5,2,1,1.0,2
201300050260,0013-08-28 12:40:00,13,8,28,12,40,750,101,"2, RUE DE L AMIRAL DE CO",,,Plein jour,En agglomération,Intersection en T,Normale,Deux véhicules - côté,,,,,,,,,,,1,2,3,1.0,3
201300050261,0013-08-31 19:05:00,13,8,31,19,5,750,101,"1, BOULEVARD DE LA MADEL",,,Plein jour,En agglomération,Intersection à plus de 4 branches,Normale,Autre collision,,,,,,,,,,,1,2,5,1.0,6
201300050262,0013-09-01 05:40:00,13,9,1,5,40,750,101,VOIE GEORGES POMPIDOU,,,Crépuscule ou aube,En agglomération,Hors intersection,Normale,Autre collision,,,,,,,,,,,2,2,1,1.0,6
201300050263,0013-09-01 13:45:00,13,9,1,13,45,750,101,"40, RUE DU LOUVRE",,,Plein jour,En agglomération,Intersection en X,Normale,Deux véhicules - côté,,,,,,,,,,,1,2,2,1.0,3
201300050264,0013-09-02 11:15:00,13,9,2,11,15,750,101,"00, SOUTERRAIN TUILERIES",,,Plein jour,En agglomération,Hors intersection,Normale,Autre collision,,,,,,,,,,,1,2,1,1.0,6
201300050265,0013-09-02 15:30:00,13,9,2,15,30,750,101,"194, RUE DE RIVOLI",,,Plein jour,En agglomération,Intersection à plus de 4 branches,Normale,Deux véhicules - côté,,,,,,,,,,,1,2,5,1.0,3
201300050266,0013-09-04 10:15:00,13,9,4,10,15,750,101,"192, RUE DE RIVOLI",,,Plein jour,En agglomération,Intersection en X,Normale,Deux véhicules - arrière,,,,,,,,,,,1,2,2,1.0,2
201300050267,0013-09-04 11:00:00,13,9,4,11,0,750,101,"0, QUAI FRANCOIS MITTERR",,,Plein jour,En agglomération,Hors intersection,Normale,Deux véhicules - arrière,,,,,,,,,,,1,2,1,1.0,2
201300050268,0013-09-06 15:35:00,13,9,6,15,35,750,101,"154, RUE DE RIVOLI",,,Plein jour,En agglomération,Intersection en X,Normale,Autre collision,,,,,,,,,,,1,2,2,1.0,6
201300050269,0013-09-09 18:45:00,13,9,9,18,45,750,101,"1, PLACE DU CHATELET",,,Plein jour,En agglomération,Place,Temps couvert,Deux véhicules - arrière,,,,,,,,,,,1,2,7,8.0,2
201300050270,0013-09-10 09:15:00,13,9,10,9,15,750,101,"10, RUE DU LOUVRE",,,Plein jour,En agglomération,Intersection en T,Normale,Autre collision,,,,,,,,,,,1,2,3,1.0,6
201300050271,0013-09-10 15:15:00,13,9,10,15,15,750,101,"162, RUE DE RIVOLI",,,Plein jour,En agglomération,Intersection en T,Normale,Deux véhicules - côté,,,,,,,,,,,1,2,3,1.0,3