accident_id,datetime,annee,mois,jour,heure,minute,departement,commune_insee,adresse,latitude,longitude,luminosite,agglomeration,intersection,meteo,collision,nb_vehicules,nb_usagers,nb_indemnes,nb_tues,nb_blesses_hosp,nb_blesses_legers,age_cond_1,age_cond_2,veh_type_cond_1,veh_type_cond_2,lum_code,agg_code,int_code,atm_code,col_code
201300050272,0013-09-18 15:25:00,13,9,18,15,25,750,101,QUAI FRANCOIS MITTERRAND,,,Plein jour,En agglomération,Hors intersection,Pluie forte,Deux véhicules - côté,,,,,,,,,,,1,2,1,3.0,3
201300050273,0013-09-24 11:20:00,13,9,24,11,20,750,101,"194, RUE DE RIVOLI",,,Plein jour,En agglomération,Hors intersection,Normale,Autre collision,,,,,,,,,,,1,2,1,1.0,6
201300050274,0013-09-25 18:15:00,13,9,25,18,15,750,101,"19, RUE SAINT GERMAIN L",,,Plein jour,En agglomération,Hors intersection,Normale,Autre collision,,,,,,,,,,,1,2,1,1.0,6
201300050275,0013-09-25 17:10:00,13,9,25,17,10,750,101,SOUTERRAIN LEMONNIER,,,Nuit avec éclairage allumé,En agglomération,Hors intersection,Normale,Autre collision,,,,,,,,,,,5,2,1,1.0,6
201300050276,0013-09-28 10:00:00,13,9,28,10,0,750,101,"1, PLACE DU CARROUSEL",,,Plein jour,En agglomération,Hors intersection,Pluie légère,Sans collision,,,,,,,,,,,1,2,1,2.0,7
201300050277,0013-09-28 18:30:00,13,9,28,18,30,750,101,"15, BOULEVARD DE LA MADE",,,Crépuscule ou aube,En agglomération,Hors intersection,Normale,Deux véhicules - frontale,,,,,,,,,,,2,2,1,1.0,1
201300050278,0013-09-29 04:50:00,13,9,29,4,50,750,101,"22, AVENUE DE L OPERA",,,Nuit avec éclairage allumé,En agglomération,Hors intersection,Normale,Deux véhicules - arrière,,,,,,,,,,,5,2,1,1.0,2
201300050279,0013-10-04 07:55:00,13,10,4,7,55,750,101,"252, RUE DE RIVOLI",,,Crépuscule ou aube,En agglomération,Intersection en T,Normale,Deux véhicules - arrière,,,,,,,,,,,2,2,3,1.0,2
201300050280,0013-10-07 11:50:00,13,10,7,11,50,750,101,"252, RUE DE RIVOLI",,,Plein jour,En agglomération,Intersection en T,Normale,Sans collision,,,,,,,,,,,1,2,3,1.0,7
201300050281,0013-10-09 09:25:00,13,10,9,9,25,750,101,"251, RUE SAINT HONORE",,,Plein jour,En agglomération,Hors intersection,Pluie légère,Deux véhicules - côté,,,,,,,,,,,1,2,1,2.0,3
201300050282,0013-10-11 11:15:00,13,10,11,11,15,750,101,"04, AVENUE DE L OPERA",,,Plein jour,En agglomération,Place,Pluie légère,Deux véhicules - côté,,,,,,,,,,,1,2,7,2.0,3
201300050283,0013-10-11 18:00:00,13,10,11,18,0,750,101,"1, QUAI DES TUILERIES",,,Plein jour,En agglomération,Intersection en Y,Normale,Autre collision,,,,,,,,,,,1,2,4,1.0,6
201300050284,0013-10-12 16:40:00,13,10,12,16,40,750,101,SOUTERRAIN TUILERIES,,,Plein jour,En agglomération,Intersection en Y,Temps couvert,Autre collision,,,,,,,,,,,1,2,4,8.0,6
201300050285,0013-10-13 16:15:00,13,10,13,16,15,750,101,"17, RUE ETIENNE MARCEL",,,Plein jour,En agglomération,Intersection en X,Normale,Deux véhicules - arrière,,,,,,,,,,,1,2,2,1.0,2
201300050286,0013-10-15 18:30:00,13,10,15,18,30,750,101,QUAI DES TUILERIES,,,Nuit avec éclairage allumé,En agglomération,Hors intersection,Normale,Deux véhicules - arrière,,,,,,,,,,,5,2,1,1.0,2
201300050287,0013-10-15 19:35:00,13,10,15,19,35,750,101,QUAI FRANCOIS MITTERRAND,,,Crépuscule ou aube,En agglomération,Hors intersection,Vent fort / tempête,Sans collision,,,,,,,,,,,2,2,1,6.0,7
201300050288,0013-10-15 22:20:00,13,10,15,22,20,750,101,RUE DE CASTIGLIONE,,,Nuit avec éclairage allumé,En agglomération,Intersection en X,Normale,Deux véhicules - côté,,,,,,,,,,,5,2,2,1.0,3
201300050289,0013-10-16 19:00:00,13,10,16,19,0,750,101,PLACE VENDOME,,,Crépuscule ou aube,En agglomération,Place,Pluie légère,Sans collision,,,,,,,,,,,2,2,7,2.0,7
201300050290,0013-10-17 09:10:00,13,10,17,9,10,750,101,QUAI DES TUILERIES,,,Plein jour,En agglomération,Hors intersection,Normale,Deux véhicules - côté,,,,,,,,,,,1,2,1,1.0,3
201300050291,0013-10-21 14:45:00,13,10,21,14,45,750,101,"253, RUE SAINT HONORE",,,Plein jour,En agglomération,Hors intersection,Normale,Sans collision,,,,,,,,,,,1,2,1,1.0,7
201300050292,0013-10-22 23:00:00,13,10,22,23,0,750,101,VOIE GEORGES POMPIDOU,,,Nuit avec éclairage allumé,En agglomération,Hors intersection,Normale,Sans collision,,,,,,,,,,,5,2,1,1.0,7
201300050293,0013-10-24 14:20:00,13,10,24,14,20,750,101,"146, RUE DE RIVOLI",,,Plein jour,En agglomération,Intersection en X,Normale,Autre collision,,,,,,,,,,,1,2,2,1.0,6
201300050294,0013-10-25 08:15:00,13,10,25,8,15,750,101,"85, RUE DE RIVOLI",,,Plein jour,En agglomération,Intersection en X,Pluie légère,Sans collision,,,,,,,,,,,1,2,2,2.0,7
201300050295,0013-10-25 15:50:00,13,10,25,15,50,750,101,"93, RUE DE RIVOLI",,,Plein jour,En agglomération,Place,Normale,Autre collision,,,,,,,,,,,1,2,7,1.0,6
201300050296,0013-10-26 14:40:00,13,10,26,14,40,750,101,"158, RUE DE RIVOLI",,,Plein jour,En agglomération,Intersection en T,Normale,Deux véhicules - côté,,,,,,,,,,,1,2,3,1.0,3
201300050297,0013-10-27 11:30:00,13,10,27,11,30,750,101,"65, RUE DE RIVOLI",,,Plein jour,En agglomération,Intersection en T,Normale,Sans collision,,,,,,,,,,,1,2,3,1.0,7
201300050298,0013-10-28 18:10:00,13,10,28,18,10,750,101,"20, RUE DU LOUVRE",,,Nuit avec éclairage allumé,En agglomération,Intersection en X,Normale,Autre collision,,,,,,,,,,,5,2,2,1.0,6
201300050299,0013-10-29 01:10:00,13,10,29,1,10,750,101,"29, BOULEVARD DE SEBASTO",,,Nuit avec éclairage allumé,En agglomération,Intersection en T,Normale,Deux véhicules - arrière,,,,,,,,,,,5,2,3,1.0,2
201300050300,0013-10-29 23:00:00,13,10,29,23,0,750,101,"22, AVENUE DE L OPERA",,,Nuit avec éclairage allumé,En agglomération,Intersection à plus de 4 branches,Normale,Autre collision,,,,,,,,,,,5,2,5,1.0,6
201300050301,0013-10-31 12:15:00,13,10,31,12,15,750,101,RUE DE L AMIRAL DE COLIG,,,Plein jour,En agglomération,Place,Normale,Deux véhicules - arrière,,,,,,,,,,,1,2,7,1.0,2
201300050302,0013-11-01 17:45:00,13,11,1,17,45,750,101,"5, RUE DE VALOIS",,,Nuit avec éclairage allumé,En agglomération,Intersection en T,Pluie légère,Autre collision,,,,,,,,,,,5,2,3,2.0,6
201300050303,0013-11-02 19:00:00,13,11,2,19,0,750,101,"04, QUAI FRANCOIS MITTER",,,Nuit avec éclairage allumé,En agglomération,Intersection en T,Normale,Autre collision,,,,,,,,,,,5,2,3,1.0,6
201300050304,0013-11-03 11:50:00,13,11,3,11,50,750,101,QUAI FRANCOIS MITTERRAND,,,Plein jour,En agglomération,Intersection en T,Normale,Deux véhicules - côté,,,,,,,,,,,1,2,3,1.0,3
201300050305,0013-11-06 08:23:00,13,11,6,8,23,750,101,"33, RUE SAINT HONORE",,,Plein jour,En agglomération,Intersection en T,Pluie légère,Autre collision,,,,,,,,,,,1,2,3,2.0,6
201300050306,0013-11-06 18:00:00,13,11,6,18,0,750,101,"2, RUE DE L AMIRAL DE CO",,,Nuit avec éclairage allumé,En agglomération,Place,Normale,Deux véhicules - arrière,,,,,,,,,,,5,2,7,1.0,2
201300050307,0013-11-06 21:30:00,13,11,6,21,30,750,101,"158, RUE DE RIVOLI",,,Nuit avec éclairage allumé,En agglomération,Intersection en X,Autre,Autre collision,,,,,,,,,,,5,2,2,9.0,6
201300050308,0013-11-09 01:20:00,13,11,9,1,20,750,101,RUE BERGER,,,Nuit avec éclairage allumé,En agglomération,Intersection en Y,Normale,Autre collision,,,,,,,,,,,5,2,4,1.0,6
201300050309,0013-11-09 12:35:00,13,11,9,12,35,750,101,"1, PLACE DU CARROUSEL",,,Plein jour,En agglomération,Hors intersection,Normale,Sans collision,,,,,,,,,,,1,2,1,1.0,7
201300050310,0013-11-11 15:35:00,13,11,11,15,35,750,101,", QUAI DE LA MEGISSERIE",,,Plein jour,En agglomération,Intersection en T,Normale,Deux véhicules - côté,,,,,,,,,,,1,2,3,1.0,3
201300050311,0013-11-12 11:45:00,13,11,12,11,45,750,101,"40, RUE DU LOUVRE",,,Plein jour,En agglomération,Intersection en X,Pluie légère,Deux véhicules - côté,,,,,,,,,,,1,2,2,2.0,3
201300050312,0013-11-12 16:15:00,13,11,12,16,15,750,101,AVENUE GENERAL LEMONNIER,,,Plein jour,En agglomération,Intersection en T,Pluie légère,Autre collision,,,,,,,,,,,1,2,3,2.0,6
201300050313,0013-11-14 13:05:00,13,11,14,13,5,750,101,"06, BOULEVARD DU PALAIS",,,Plein jour,En agglomération,Hors intersection,Pluie forte,Sans collision,,,,,,,,,,,1,2,1,3.0,7
201300050314,0013-11-15 10:55:00,13,11,15,10,55,750,101,"29, BOULEVARD DE SEBASTO",,,Plein jour,En agglomération,Hors intersection,Normale,Deux véhicules - côté,,,,,,,,,,,1,2,1,1.0,3
201300050315,0013-11-15 17:45:00,13,11,15,17,45,750,101,"3, AVENUE DE L OPERA",,,Nuit avec éclairage allumé,En agglomération,Place,Normale,Autre collision,,,,,,,,,,,5,2,7,1.0,6
201300050316,0013-11-20 15:30:00,13,11,20,15,30,750,101,"21, BOULEVARD DE LA MADE",,,Plein jour,En agglomération,Hors intersection,Pluie légère,Deux véhicules - côté,,,,,,,,,,,1,2,1,2.0,3
201300050317,0013-11-21 19:50:00,13,11,21,19,50,750,104,"21, RUE DE RIVOLI",,,Nuit avec éclairage allumé,En agglomération,Intersection en X,Pluie légère,Deux véhicules - arrière,,,,,,,,,,,5,2,2,2.0,2
201300050318,0013-11-22 19:35:00,13,11,22,19,35,750,101,"20, AVENUE VICTORIA",,,Nuit avec éclairage allumé,En agglomération,Hors intersection,Normale,Deux véhicules - arrière,,,,,,,,,,,5,2,1,1.0,2
201300050319,0013-11-23 15:55:00,13,11,23,15,55,750,101,"168, RUE DE RIVOLI",,,Crépuscule ou aube,En agglomération,Hors intersection,Normale,Trois véhicules et plus - en chaîne,,,,,,,,,,,2,2,1,1.0,4
201300050320,0013-11-28 09:15:00,13,11,28,9,15,750,101,"25, RUE MOLIERE",,,Plein jour,En agglomération,Intersection en X,Normale,Deux véhicules - côté,,,,,,,,,,,1,2,2,1.0,3
201300050321,0013-11-29 07:20:00,13,11,29,7,20,750,101,"162, RUE DE RIVOLI",,,Crépuscule ou aube,En agglomération,Intersection en T,Normale,Trois véhicules et plus - en chaîne,,,,,,,,,,,2,2,3,1.0,4
201300050322,0013-12-01 20:25:00,13,12,1,20,25,750,101,"1, PONT DU CARROUSEL",,,Nuit avec éclairage allumé,En agglomération,Intersection en X,Normale,Autre collision,,,,,,,,,,,5,2,2,1.0,6
201300050323,0013-12-02 16:20:00,13,12,2,16,20,750,101,"57, RUE DE RIVOLI",,,Plein jour,En agglomération,Intersection en T,Normale,Autre collision,,,,,,,,,,,1,2,3,1.0,6
201300050324,0013-12-03 15:00:00,13,12,3,15,0,750,101,"47, RUE DES PETITS CHAMP",,,Plein jour,En agglomération,Intersection en X,Normale,Deux véhicules - côté,,,,,,,,,,,1,2,2,1.0,3
201300050325,0013-12-09 09:50:00,13,12,9,9,50,750,101,"11, RUE DE L ECHELLE",,,Plein jour,En agglomération,Hors intersection,Normale,Sans collision,,,,,,,,,,,1,2,1,1.0,7
201300050326,0013-12-10 12:40:00,13,12,10,12,40,750,101,"169, RUE SAINT HONORE",,,Plein jour,En agglomération,Place,Normale,Autre collision,,,,,,,,,,,1,2,7,1.0,6
201300050327,0013-12-10 15:00:00,13,12,10,15,0,750,101,"2, RUE DE RICHELIEU",,,Plein jour,En agglomération,Place,Normale,Deux véhicules - arrière,,,,,,,,,,,1,2,7,1.0,2
201300050328,0013-12-13 13:30:00,13,12,13,13,30,750,101,QUAI DE LA MEGISSERIE,,,Plein jour,En agglomération,Intersection à plus de 4 branches,Normale,Autre collision,,,,,,,,,,,1,2,5,1.0,6
201300050329,0013-12-13 18:10:00,13,12,13,18,10,750,101,QUAI DES TUILERIES,,,Nuit avec éclairage allumé,En agglomération,Hors intersection,Temps couvert,Autre collision,,,,,,,,,,,5,2,1,8.0,6
201300050330,0013-12-15 13:30:00,13,12,15,13,30,750,109,"86, RUE SAINT LAZARE",,,Plein jour,En agglomération,Hors intersection,Normale,Autre collision,,,,,,,,,,,1,2,1,1.0,6
201300050331,0013-12-19 14:30:00,13,12,19,14,30,750,101,"01, PLACE DU CARROUSEL",,,Plein jour,En agglomération,Intersection en X,Normale,Autre collision,,,,,,,,,,,1,2,2,1.0,6
201300050332,0013-12-20 15:50:00,13,12,20,15,50,750,101,"3, RUE DES PYRAMIDES",,,Plein jour,En agglomération,Hors intersection,Normale,Deux véhicules - côté,,,,,,,,,,,1,2,1,1.0,3
201300050333,0013-12-21 00:30:00,13,12,21,0,30,750,101,SOUTERRAIN PONT NEUF,,,Nuit avec éclairage allumé,En agglomération,Hors intersection,Normale,Sans collision,,,,,,,,,,,5,2,1,1.0,7
201300050334,0013-12-21 00:45:00,13,12,21,0,45,750,101,"174, RUE DE RIVOLI",,,Nuit avec éclairage allumé,En agglomération,Hors intersection,Normale,Deux véhicules - arrière,,,,,,,,,,,5,2,1,1.0,2
201300050335,0013-12-21 17:30:00,13,12,21,17,30,750,101,"91, RUE DE RIVOLI",,,Nuit avec éclairage allumé,En agglomération,Intersection en T,Normale,Trois véhicules et plus - en chaîne,,,,,,,,,,,5,2,3,1.0,4
201300050336,0013-12-22 20:30:00,13,12,22,20,30,750,109,"66, RUE LA FAYETTE",,,Nuit avec éclairage allumé,En agglomération,Intersection en X,Pluie légère,Sans collision,,,,,,,,,,,5,2,2,2.0,7
201300050337,0013-12-23 11:50:00,13,12,23,11,50,750,101,QUAI DES TUILERIES,,,Plein jour,En agglomération,Hors intersection,Normale,Sans collision,,,,,,,,,,,1,2,1,1.0,7
201300050338,0013-12-23 13:30:00,13,12,23,13,30,750,101,"16, RUE SAINT GERMAIN L",,,Plein jour,En agglomération,Intersection en X,Temps couvert,Deux véhicules - côté,,,,,,,,,,,1,2,2,8.0,3
201300050339,0013-12-24 16:55:00,13,12,24,16,55,750,101,"33, RUE BERGER",,,Nuit avec éclairage allumé,En agglomération,Intersection en X,Pluie légère,Autre collision,,,,,,,,,,,5,2,2,2.0,6
201300050340,0013-01-01 02:00:00,13,1,1,2,0,750,102,"41, AVENUE DE L OPERA",,,Nuit avec éclairage allumé,En agglomération,Intersection à plus de 4 branches,Pluie forte,Autre collision,,,,,,,,,,,5,2,5,3.0,6
201300050341,0013-01-05 01:20:00,13,1,5,1,20,750,102,"01, BOULEVARD SAINT DENI",,,Nuit avec éclairage allumé,En agglomération,Intersection en X,Normale,Deux véhicules - côté,,,,,,,,,,,5,2,2,1.0,3
201300050342,0013-01-11 20:35:00,13,1,11,20,35,750,102,"134, RUE REAUMUR",,,Nuit avec éclairage allumé,En agglomération,Intersection en X,Pluie légère,Autre collision,,,,,,,,,,,5,2,2,2.0,6
201300050343,0013-01-14 15:10:00,13,1,14,15,10,750,102,RUE DES FILLES SAINT THO,,,Plein jour,En agglomération,Intersection en X,Normale,Deux véhicules - côté,,,,,,,,,,,1,2,2,1.0,3
201300050344,0013-01-12 22:10:00,13,1,12,22,10,750,101,"1, PLACE DU LOUVRE",,,Nuit avec éclairage allumé,En agglomération,Place,Normale,Deux véhicules - côté,,,,,,,,,,,5,2,7,1.0,3
201300050345,0013-01-15 22:55:00,13,1,15,22,55,750,102,"8, RUE DE LA PAIX",,,Nuit avec éclairage allumé,En agglomération,Hors intersection,Pluie légère,Deux véhicules - côté,,,,,,,,,,,5,2,1,2.0,3
201300050346,0013-01-17 09:05:00,13,1,17,9,5,750,102,"54, RUE DU LOUVRE",,,Plein jour,En agglomération,Intersection en X,Normale,Autre collision,,,,,,,,,,,1,2,2,1.0,6
201300050347,0013-01-28 11:35:00,13,1,28,11,35,750,102,"132, RUE MONTMARTRE",,,Plein jour,En agglomération,Intersection en X,Normale,Autre collision,,,,,,,,,,,1,2,2,1.0,6
201300050348,0013-01-31 09:40:00,13,1,31,9,40,750,102,"151, RUE MONTMARTRE",,,Plein jour,En agglomération,Intersection en Y,Normale,Autre collision,,,,,,,,,,,1,2,4,1.0,6
201300050349,0013-01-31 19:55:00,13,1,31,19,55,750,102,"59, RUE REAUMUR",,,Nuit avec éclairage allumé,En agglomération,Intersection à plus de 4 branches,Normale,Deux véhicules - côté,,,,,,,,,,,5,2,5,1.0,3
201300050350,0013-02-02 12:32:00,13,2,2,12,32,750,102,BOULEVARD DE SEBASTOPOL,,,Plein jour,En agglomération,Intersection en X,Normale,Deux véhicules - côté,,,,,,,,,,,1,2,2,1.0,3
201300050351,0013-02-06 14:20:00,13,2,6,14,20,750,102,"38, AVENUE DE L OPERA",,,Plein jour,En agglomération,Intersection en X,Normale,Deux véhicules - arrière,,,,,,,,,,,1,2,2,1.0,2
201300050352,0013-02-07 15:40:00,13,2,7,15,40,750,102,"16, RUE DU SENTIER",,,Plein jour,En agglomération,Intersection en X,Normale,Deux véhicules - côté,,,,,,,,,,,1,2,2,1.0,3
201300050353,0013-02-07 18:45:00,13,2,7,18,45,750,102,"127, RUE MONTMARTRE",,,Nuit avec éclairage allumé,En agglomération,Intersection en T,Normale,Autre collision,,,,,,,,,,,5,2,3,1.0,6
201300050354,0013-02-10 11:45:00,13,2,10,11,45,750,102,RUE DE HANOVRE,,,Plein jour,En agglomération,Intersection en X,Normale,Deux véhicules - côté,,,,,,,,,,,1,2,2,1.0,3
201300050355,0013-02-11 14:45:00,13,2,11,14,45,750,102,"132, RUE REAUMUR",,,Plein jour,En agglomération,Intersection en X,Normale,Autre collision,,,,,,,,,,,1,2,2,1.0,6
201300050356,0013-02-11 23:20:00,13,2,11,23,20,750,102,"34, RUE DU QUATRE SEPTEM",,,Nuit avec éclairage allumé,En agglomération,Place,Normale,Deux véhicules - côté,,,,,,,,,,,5,2,7,1.0,3
201300050357,0013-02-18 12:15:00,13,2,18,12,15,750,102,"3, RUE VIVIENNE",,,Plein jour,En agglomération,Hors intersection,Normale,Autre collision,,,,,,,,,,,1,2,1,1.0,6
201300050358,0013-02-20 08:10:00,13,2,20,8,10,750,102,"62, RUE DE RICHELIEU",,,Plein jour,En agglomération,Intersection en X,Normale,Autre collision,,,,,,,,,,,1,2,2,1.0,6
201300050359,0013-02-22 20:20:00,13,2,22,20,20,750,102,"24, RUE DANIELLE CASANOV",,,Nuit avec éclairage allumé,En agglomération,Hors intersection,Neige / grêle,Deux véhicules - arrière,,,,,,,,,,,5,2,1,4.0,2
201300050360,0013-02-23 02:30:00,13,2,23,2,30,750,102,BOULEVARD DE SEBASTOPOL,,,Nuit avec éclairage allumé,En agglomération,Intersection en X,Normale,Deux véhicules - arrière,,,,,,,,,,,5,2,2,1.0,2
201300050361,0013-02-25 09:45:00,13,2,25,9,45,750,102,"39, AVENUE DE L OPERA",,,Plein jour,En agglomération,Hors intersection,Pluie légère,Deux véhicules - arrière,,,,,,,,,,,1,2,1,2.0,2
201300050362,0013-02-28 19:45:00,13,2,28,19,45,750,102,"33, RUE DU QUATRE SEPTEM",,,Nuit avec éclairage allumé,En agglomération,Intersection en X,Pluie légère,Deux véhicules - arrière,,,,,,,,,,,5,2,2,2.0,2
201300050363,0013-03-04 20:25:00,13,3,4,20,25,750,102,"80, RUE REAUMUR",,,Nuit avec éclairage allumé,En agglomération,Intersection en X,Normale,Deux véhicules - arrière,,,,,,,,,,,5,2,2,1.0,2
201300050364,0013-03-08 17:00:00,13,3,8,17,0,750,109,"03, PLACE DE L OPERA",,,Plein jour,En agglomération,Place,Temps couvert,Autre collision,,,,,,,,,,,1,2,7,8.0,6
201300050365,0013-03-11 20:15:00,13,3,11,20,15,750,102,"1, BOULEVARD DE BONNE NO",,,Nuit avec éclairage allumé,En agglomération,Hors intersection,Pluie forte,Autre collision,,,,,,,,,,,5,2,1,3.0,6
201300050366,0013-03-24 00:01:00,13,3,24,0,1,750,102,PLACE DE L OPERA,,,Nuit avec éclairage allumé,En agglomération,Place,Normale,Deux véhicules - côté,,,,,,,,,,,5,2,7,1.0,3
201300050367,0013-03-26 10:55:00,13,3,26,10,55,750,102,"17, RUE D ANTIN",,,Plein jour,En agglomération,Hors intersection,Normale,Autre collision,,,,,,,,,,,1,2,1,1.0,6
201300050368,0013-03-27 13:45:00,13,3,27,13,45,750,102,"11, BOULEVARD DES CAPUCI",,,Plein jour,En agglomération,Place,Normale,Deux véhicules - côté,,,,,,,,,,,1,2,7,1.0,3
201300050369,0013-03-27 13:40:00,13,3,27,13,40,750,110,"14, BOULEVARD DE BONNE N",,,Plein jour,En agglomération,Intersection en T,Normale,Deux véhicules - côté,,,,,,,,,,,1,2,3,1.0,3
201300050370,0013-03-29 23:10:00,13,3,29,23,10,750,102,RUE MONTMARTRE,,,Nuit avec éclairage allumé,En agglomération,Intersection en X,Normale,Deux véhicules - côté,,,,,,,,,,,5,2,2,1.0,3
201300050371,0013-04-01 09:40:00,13,4,1,9,40,750,102,"01, PLACE DE LA BOURSE",,,Plein jour,En agglomération,Place,Temps éblouissant,Sans collision,,,,,,,,,,,1,2,7,7.0,7
201300050372,0013-04-02 17:55:00,13,4,2,17,55,750,102,RUE DAUNOU,,,Plein jour,En agglomération,Hors intersection,Normale,Autre collision,,,,,,,,,,,1,2,1,1.0,6
201300050373,0013-04-06 06:35:00,13,4,6,6,35,750,102,"17, BOULEVARD DES CAPUCI",,,Nuit avec éclairage allumé,En agglomération,Place,Normale,Deux véhicules - arrière,,,,,,,,,,,5,2,7,1.0,2
201300050374,0013-04-10 02:26:00,13,4,10,2,26,750,102,"19, BOULEVARD DES CAPUCI",,,Nuit avec éclairage allumé,En agglomération,Place,Pluie légère,Deux véhicules - arrière,,,,,,,,,,,5,2,7,2.0,2
201300050375,0013-04-11 11:30:00,13,4,11,11,30,750,102,"37, RUE DU LOUVRE",,,Plein jour,En agglomération,Intersection en X,Normale,Deux véhicules - côté,,,,,,,,,,,1,2,2,1.0,3
201300050376,0013-04-12 03:50:00,13,4,12,3,50,750,102,RUE MONTMARTRE,,,Nuit avec éclairage allumé,En agglomération,Hors intersection,Normale,Sans collision,,,,,,,,,,,5,2,1,1.0,7
201300050377,0013-04-16 15:45:00,13,4,16,15,45,750,102,"11, BOULEVARD MONTMARTRE",,,Plein jour,En agglomération,Hors intersection,Normale,Trois véhicules et plus - collisions multiples,,,,,,,,,,,1,2,1,1.0,5
201300050378,0013-04-23 18:30:00,13,4,23,18,30,750,102,"15, RUE VIVIENNE",,,Plein jour,En agglomération,Hors intersection,Normale,Deux véhicules - arrière,,,,,,,,,,,1,2,1,1.0,2
201300050379,0013-04-26 15:12:00,13,4,26,15,12,750,102,"44, RUE NOTRE DAME DES V",,,Plein jour,En agglomération,Hors intersection,Normale,Deux véhicules - côté,,,,,,,,,,,1,2,1,1.0,3
201300050380,0013-04-29 09:40:00,13,4,29,9,40,750,102,"44, RUE NOTRE DAME DES V",,,Plein jour,En agglomération,Hors intersection,Normale,Autre collision,,,,,,,,,,,1,2,1,1.0,6
201300050381,0013-05-03 18:10:00,13,5,3,18,10,750,102,"21, RUE DE LA PAIX",,,Plein jour,En agglomération,Hors intersection,Normale,Autre collision,,,,,,,,,,,1,2,1,1.0,6
201300050382,0013-05-06 16:45:00,13,5,6,16,45,750,102,"04, PLACE DE L OPERA",,,Plein jour,En agglomération,Place,Temps couvert,Deux véhicules - côté,,,,,,,,,,,1,2,7,8.0,3
201300050383,0013-05-07 09:00:00,13,5,7,9,0,750,102,"29, BOULEVARD DES ITALIE",,,Plein jour,En agglomération,Intersection à plus de 4 branches,Normale,Autre collision,,,,,,,,,,,1,2,5,1.0,6
201300050384,0013-05-12 20:10:00,13,5,12,20,10,750,102,RUE ETIENNE MARCEL,,,Plein jour,En agglomération,Intersection en X,Pluie légère,Deux véhicules - côté,,,,,,,,,,,1,2,2,2.0,3
201300050385,0013-05-14 15:50:00,13,5,14,15,50,750,102,"110, RUE REAUMUR",,,Plein jour,En agglomération,Intersection en X,Normale,Autre collision,,,,,,,,,,,1,2,2,1.0,6
201300050386,0013-05-16 14:35:00,13,5,16,14,35,750,102,"41, RUE DE PALESTRO",,,Plein jour,En agglomération,Intersection en T,Temps couvert,Autre collision,,,,,,,,,,,1,2,3,8.0,6
201300050387,0013-05-23 13:15:00,13,5,23,13,15,750,102,"19, BOULEVARD DES ITALIE",,,Plein jour,En agglomération,Hors intersection,Temps couvert,Autre collision,,,,,,,,,,,1,2,1,8.0,6
201300050388,0013-05-28 09:40:00,13,5,28,9,40,750,102,"29, RUE VIVIENNE",,,Plein jour,En agglomération,Intersection en T,Pluie légère,Autre collision,,,,,,,,,,,1,2,3,2.0,6
201300050389,0013-05-28 13:30:00,13,5,28,13,30,750,102,"2, PLACE DE L OPERA",,,Plein jour,En agglomération,Place,Pluie légère,Deux véhicules - côté,,,,,,,,,,,1,2,7,2.0,3
201300050390,0013-05-29 10:00:00,13,5,29,10,0,750,102,"55, RUE MONTMARTRE",,,Plein jour,En agglomération,Intersection en T,Normale,Autre collision,,,,,,,,,,,1,2,3,1.0,6
201300050391,0013-05-31 10:30:00,13,5,31,10,30,750,102,"44, RUE ETIENNE MARCEL",,,Plein jour,En agglomération,Intersection en X,Temps couvert,Deux véhicules - arrière,,,,,,,,,,,1,2,2,8.0,2
201300050392,0013-06-03 06:30:00,13,6,3,6,30,750,102,"06, RUE DES PETITS CHAMP",,,Plein jour,En agglomération,Intersection en T,Normale,Autre collision,,,,,,,,,,,1,2,3,1.0,6
201300050393,0013-06-05 16:55:00,13,6,5,16,55,750,102,"202, RUE SAINT DENIS",,,Plein jour,En agglomération,Intersection en X,Normale,Autre collision,,,,,,,,,,,1,2,2,1.0,6
201300050394,0013-06-06 15:50:00,13,6,6,15,50,750,102,"71, BOULEVARD DE SEBASTO",,,Plein jour,En agglomération,Intersection en X,Normale,Autre collision,,,,,,,,,,,1,2,2,1.0,6
201300050395,0013-06-08 12:20:00,13,6,8,12,20,750,102,"31, BOULEVARD DES ITALIE",,,Plein jour,En agglomération,Intersection à plus de 4 branches,Normale,Deux véhicules - côté,,,,,,,,,,,1,2,5,1.0,3
201300050396,0013-06-09 07:20:00,13,6,9,7,20,750,103,"21, PLACE DES VOSGES",,,Crépuscule ou aube,En agglomération,Place,Pluie légère,Autre collision,,,,,,,,,,,2,2,7,2.0,6
201300050397,0013-06-16 17:50:00,13,6,16,17,50,750,102,"38, RUE DES PETITS CHAMP",,,Plein jour,En agglomération,Intersection en T,Normale,Autre collision,,,,,,,,,,,1,2,3,1.0,6
201300050398,0013-06-16 20:25:00,13,6,16,20,25,750,102,"61-63, RUE REAUMUR",,,Plein jour,En agglomération,Intersection en X,Normale,Deux véhicules - arrière,,,,,,,,,,,1,2,2,1.0,2
201300050399,0013-06-20 10:00:00,13,6,20,10,0,750,102,"132, RUE MONTMARTRE",,,Plein jour,En agglomération,Hors intersection,Normale,Autre collision,,,,,,,,,,,1,2,1,1.0,6
201300050400,0013-07-01 18:10:00,13,7,1,18,10,750,102,"31, BOULEVARD DE BONNE N",,,Plein jour,En agglomération,Intersection en T,Normale,Deux véhicules - côté,,,,,,,,,,,1,2,3,1.0,3