accident_id,datetime,annee,mois,jour,heure,minute,departement,commune_insee,adresse,latitude,longitude,luminosite,agglomeration,intersection,meteo,collision,nb_vehicules,nb_usagers,nb_indemnes,nb_tues,nb_blesses_hosp,nb_blesses_legers,age_cond_1,age_cond_2,veh_type_cond_1,veh_type_cond_2,lum_code,agg_code,int_code,atm_code,col_code
201300050529,0013-08-16 16:50:00,13,8,16,16,50,750,103,"23, PLACE DE LA REPUBLIQ",,,Plein jour,En agglomération,Place,Normale,Sans collision,,,,,,,,,,,1,2,7,1.0,7
201300050530,0013-08-23 17:40:00,13,8,23,17,40,750,103,"339, RUE SAINT MARTIN",,,Plein jour,En agglomération,Intersection en X,Normale,Deux véhicules - arrière,,,,,,,,,,,1,2,2,1.0,2
201300050531,0013-08-24 12:00:00,13,8,24,12,0,750,103,"324, RUE SAINT MARTIN",,,Plein jour,En agglomération,Intersection en X,Normale,Sans collision,,,,,,,,,,,1,2,2,1.0,7
201300050532,0013-08-27 19:00:00,13,8,27,19,0,750,103,"205, RUE DU TEMPLE",,,Plein jour,En agglomération,Place,Normale,Autre collision,,,,,,,,,,,1,2,7,1.0,6
201300050533,0013-09-02 14:05:00,13,9,2,14,5,750,103,"57, RUE DE TURBIGO",,,Plein jour,En agglomération,Intersection en X,Normale,Autre collision,,,,,,,,,,,1,2,2,1.0,6
201300050534,0013-09-05 10:55:00,13,9,5,10,55,750,103,"65, RUE DES ARCHIVES",,,Plein jour,En agglomération,Hors intersection,Normale,Deux véhicules - arrière,,,,,,,,,,,1,2,1,1.0,2
201300050535,0013-09-07 14:00:00,13,9,7,14,0,750,103,"37, BOULEVARD DU TEMPLE",,,Plein jour,En agglomération,Hors intersection,Normale,Deux véhicules - arrière,,,,,,,,,,,1,2,1,1.0,2
201300050536,0013-09-08 04:45:00,13,9,8,4,45,750,103,"110, BOULEVARD DE SEBAST",,,Nuit avec éclairage allumé,En agglomération,Intersection en X,Normale,Deux véhicules - arrière,,,,,,,,,,,5,2,2,1.0,2
201300050537,0013-09-08 09:35:00,13,9,8,9,35,750,103,"58, RUE RAMBUTEAU",,,Plein jour,En agglomération,Intersection en X,Normale,Autre collision,,,,,,,,,,,1,2,2,1.0,6
201300050538,0013-09-09 20:00:00,13,9,9,20,0,750,103,"83, RUE DE TURENNE",,,Nuit avec éclairage allumé,En agglomération,Intersection en T,Pluie légère,Deux véhicules - arrière,,,,,,,,,,,5,2,3,2.0,2
201300050539,0013-09-10 16:40:00,13,9,10,16,40,750,103,"22, RUE SAINT GILLES",,,Plein jour,En agglomération,Intersection en T,Pluie légère,Autre collision,,,,,,,,,,,1,2,3,2.0,6
201300050540,0013-09-13 14:10:00,13,9,13,14,10,750,103,"94, RUE DE TURENNE",,,Plein jour,En agglomération,Intersection à plus de 4 branches,Pluie légère,Sans collision,,,,,,,,,,,1,2,5,2.0,7
201300050541,0013-09-13 16:00:00,13,9,13,16,0,750,103,"12, RUE DE BRETAGNE",,,Plein jour,En agglomération,Intersection en X,Pluie légère,Deux véhicules - arrière,,,,,,,,,,,1,2,2,2.0,2
201300050542,0013-09-17 15:40:00,13,9,17,15,40,750,103,"95, RUE VIEILLE DU TEMPL",,,Plein jour,En agglomération,Hors intersection,Normale,Sans collision,,,,,,,,,,,1,2,1,1.0,7
201300050543,0013-09-19 14:55:00,13,9,19,14,55,750,103,"11, BOULEVARD DU TEMPLE",,,Plein jour,En agglomération,Hors intersection,Normale,Trois véhicules et plus - en chaîne,,,,,,,,,,,1,2,1,1.0,4
201300050544,0013-09-19 22:00:00,13,9,19,22,0,750,103,"12, RUE COMMINES",,,Nuit avec éclairage allumé,En agglomération,Hors intersection,Normale,Deux véhicules - arrière,,,,,,,,,,,5,2,1,1.0,2
201300050545,0013-09-22 09:10:00,13,9,22,9,10,750,103,"10, RUE DES QUATRE FILS",,,Plein jour,En agglomération,Intersection en T,Normale,Sans collision,,,,,,,,,,,1,2,3,1.0,7
201300050546,0013-09-22 21:10:00,13,9,22,21,10,750,103,"11, BOULEVARD DES FILLES",,,Nuit avec éclairage allumé,En agglomération,Intersection en X,Normale,Autre collision,,,,,,,,,,,5,2,2,1.0,6
201300050547,0013-09-26 13:50:00,13,9,26,13,50,750,103,"6, RUE DE THORIGNY",,,Plein jour,En agglomération,Hors intersection,Normale,Autre collision,,,,,,,,,,,1,2,1,1.0,6
201300050548,0013-09-27 02:50:00,13,9,27,2,50,750,111,"47, BOULEVARD BEAUMARCHA",,,Nuit avec éclairage allumé,En agglomération,Intersection en T,Normale,Autre collision,,,,,,,,,,,5,2,3,1.0,6
201300050549,0013-09-27 17:35:00,13,9,27,17,35,750,103,"34, RUE DE TURENNE",,,Plein jour,En agglomération,Hors intersection,Normale,Deux véhicules - côté,,,,,,,,,,,1,2,1,1.0,3
201300050550,0013-09-29 19:10:00,13,9,29,19,10,750,103,"37, BOULEVARD SAINT MART",,,Plein jour,En agglomération,Hors intersection,Temps couvert,Autre collision,,,,,,,,,,,1,2,1,8.0,6
201300050551,0013-09-30 02:58:00,13,9,30,2,58,750,103,"72, RUE DE TURBIGO",,,Nuit avec éclairage allumé,En agglomération,Intersection en X,Normale,Deux véhicules - arrière,,,,,,,,,,,5,2,2,1.0,2
201300050552,0013-10-03 08:30:00,13,10,3,8,30,750,103,"09, BOULEVARD SAINT DENI",,,Plein jour,En agglomération,Hors intersection,Normale,Autre collision,,,,,,,,,,,1,2,1,1.0,6
201300050553,0013-10-03 20:30:00,13,10,3,20,30,750,104,"20, RUE BEAUBOURG",,,Nuit avec éclairage allumé,En agglomération,Intersection en X,Pluie légère,Autre collision,,,,,,,,,,,5,2,2,2.0,6
201300050554,0013-10-04 12:20:00,13,10,4,12,20,750,103,"43, RUE REAUMUR",,,Plein jour,En agglomération,Intersection en X,Normale,Autre collision,,,,,,,,,,,1,2,2,1.0,6
201300050555,0013-10-05 18:20:00,13,10,5,18,20,750,103,"78, RUE DES ARCHIVES",,,Plein jour,En agglomération,Intersection en X,Pluie légère,Sans collision,,,,,,,,,,,1,2,2,2.0,7
201300050556,0013-10-09 08:40:00,13,10,9,8,40,750,103,"15, PLACE DE LA REPUBLIQ",,,Plein jour,En agglomération,Place,Normale,Deux véhicules - côté,,,,,,,,,,,1,2,7,1.0,3
201300050557,0013-10-19 21:05:00,13,10,19,21,5,750,103,RUE REAUMUR,,,Nuit avec éclairage allumé,En agglomération,Intersection à plus de 4 branches,Normale,Deux véhicules - côté,,,,,,,,,,,5,2,5,1.0,3
201300050558,0013-10-29 12:15:00,13,10,29,12,15,750,103,"5, RUE DU GRENIER SAINT",,,Plein jour,En agglomération,Hors intersection,Normale,Deux véhicules - côté,,,,,,,,,,,1,2,1,1.0,3
201300050559,0013-10-30 13:15:00,13,10,30,13,15,750,103,"13, BOULEVARD DES FILLES",,,Plein jour,En agglomération,Intersection en X,Normale,Deux véhicules - arrière,,,,,,,,,,,1,2,2,1.0,2
201300050560,0013-11-01 04:50:00,13,11,1,4,50,750,103,"03, BOULEVARD SAINT MART",,,Nuit avec éclairage allumé,En agglomération,Hors intersection,Pluie légère,Sans collision,,,,,,,,,,,5,2,1,2.0,7
201300050561,0013-11-04 17:50:00,13,11,4,17,50,750,103,"117, RUE DU TEMPLE",,,Nuit avec éclairage allumé,En agglomération,Hors intersection,Normale,Sans collision,,,,,,,,,,,5,2,1,1.0,7
201300050562,0013-11-09 12:15:00,13,11,9,12,15,750,103,"23, BOULEVARD DU TEMPLE",,,Plein jour,En agglomération,Hors intersection,Pluie légère,Deux véhicules - côté,,,,,,,,,,,1,2,1,2.0,3
201300050563,0013-11-09 20:30:00,13,11,9,20,30,750,103,"67, RUE BEAUBOURG",,,Nuit avec éclairage allumé,En agglomération,Intersection en X,Normale,Sans collision,,,,,,,,,,,5,2,2,1.0,7
201300050564,0013-11-12 12:20:00,13,11,12,12,20,750,102,"29, RUE DE TURBIGO",,,Plein jour,En agglomération,Intersection en T,Pluie légère,Deux véhicules - côté,,,,,,,,,,,1,2,3,2.0,3
201300050565,0013-11-13 01:05:00,13,11,13,1,5,750,103,"1, RUE PAYENNE",,,Nuit avec éclairage allumé,En agglomération,Intersection en X,Pluie légère,Deux véhicules - côté,,,,,,,,,,,5,2,2,2.0,3
201300050566,0013-11-13 20:00:00,13,11,13,20,0,750,103,"230, RUE SAINT MARTIN",,,Nuit avec éclairage allumé,En agglomération,Intersection en T,Normale,Deux véhicules - côté,,,,,,,,,,,5,2,3,1.0,3
201300050567,0013-11-14 15:10:00,13,11,14,15,10,750,103,"03, BOULEVARD SAINT MART",,,Plein jour,En agglomération,Hors intersection,Pluie légère,Sans collision,,,,,,,,,,,1,2,1,2.0,7
201300050568,0013-11-16 02:15:00,13,11,16,2,15,750,103,"90, BOULEVARD DE SEBASTO",,,Nuit avec éclairage allumé,En agglomération,Intersection en X,Normale,Deux véhicules - côté,,,,,,,,,,,5,2,2,1.0,3
201300050569,0013-11-20 11:40:00,13,11,20,11,40,750,109,"17, RUE D AUMALE",,,Plein jour,En agglomération,Intersection en T,Temps couvert,Autre collision,,,,,,,,,,,1,2,3,8.0,6
201300050570,0013-11-20 16:15:00,13,11,20,16,15,750,109,"52, RUE DE DOUAI",,,Crépuscule ou aube,En agglomération,Intersection en X,Pluie forte,Deux véhicules - côté,,,,,,,,,,,2,2,2,3.0,3
201300050571,0013-11-21 14:15:00,13,11,21,14,15,750,103,"1bis, RUE SAINT GILLES",,,Plein jour,En agglomération,Intersection en X,Normale,Deux véhicules - côté,,,,,,,,,,,1,2,2,1.0,3
201300050572,0013-11-23 00:01:00,13,11,23,0,1,750,103,"21, PLACE DE LA REPUBLIQ",,,Nuit avec éclairage allumé,En agglomération,Place,Normale,Deux véhicules - frontale,,,,,,,,,,,5,2,7,1.0,1
201300050573,0013-11-26 11:10:00,13,11,26,11,10,750,102,"8, RUE ETIENNE MARCEL",,,Plein jour,En agglomération,Intersection en T,Temps couvert,Deux véhicules - côté,,,,,,,,,,,1,2,3,8.0,3
201300050574,0013-11-30 00:01:00,13,11,30,0,1,750,104,"41, RUE FRANCOIS MIRON",,,Nuit avec éclairage allumé,En agglomération,Hors intersection,Temps couvert,Autre collision,,,,,,,,,,,5,2,1,8.0,6
201300050575,0013-11-30 02:25:00,13,11,30,2,25,750,103,"109, RUE QUINCAMPOIX",,,Nuit avec éclairage allumé,En agglomération,Hors intersection,Temps couvert,Autre collision,,,,,,,,,,,5,2,1,8.0,6
201300050576,0013-12-04 10:30:00,13,12,4,10,30,750,103,"1, RUE DU PARC ROYAL",,,Plein jour,En agglomération,Intersection en X,Normale,Autre collision,,,,,,,,,,,1,2,2,1.0,6
201300050577,0013-12-06 19:25:00,13,12,6,19,25,750,103,"3, PLACE DE LA REPUBLIQU",,,Nuit avec éclairage allumé,En agglomération,Place,Normale,Autre collision,,,,,,,,,,,5,2,7,1.0,6
201300050578,0013-12-11 15:10:00,13,12,11,15,10,750,103,"34, RUE DE TURENNE",,,Plein jour,En agglomération,Intersection en T,Normale,Autre collision,,,,,,,,,,,1,2,3,1.0,6
201300050579,0013-12-14 17:30:00,13,12,14,17,30,750,103,"58, RUE RAMBUTEAU",,,Nuit avec éclairage allumé,En agglomération,Hors intersection,Normale,Autre collision,,,,,,,,,,,5,2,1,1.0,6
201300050580,0013-12-16 09:45:00,13,12,16,9,45,750,103,"03, PLACE DE LA REPUBLIQ",,,Plein jour,En agglomération,Place,Normale,Deux véhicules - arrière,,,,,,,,,,,1,2,7,1.0,2
201300050581,0013-12-16 12:40:00,13,12,16,12,40,750,103,"17, BOULEVARD DU TEMPLE",,,Plein jour,En agglomération,Intersection en X,Normale,Autre collision,,,,,,,,,,,1,2,2,1.0,6
201300050582,0013-12-16 19:45:00,13,12,16,19,45,750,103,"106, RUE DU TEMPLE",,,Nuit avec éclairage allumé,En agglomération,Intersection en T,Normale,Autre collision,,,,,,,,,,,5,2,3,1.0,6
201300050583,0013-12-17 12:05:00,13,12,17,12,5,750,103,"57, RUE DE TURBIGO",,,Plein jour,En agglomération,Intersection à plus de 4 branches,Normale,Autre collision,,,,,,,,,,,1,2,5,1.0,6
201300050584,0013-12-17 19:15:00,13,12,17,19,15,750,103,"43, RUE DE TURENNE",,,Nuit avec éclairage allumé,En agglomération,Hors intersection,Normale,Autre collision,,,,,,,,,,,5,2,1,1.0,6
201300050585,0013-12-19 18:50:00,13,12,19,18,50,750,103,"93, RUE DE TURENNE",,,Nuit avec éclairage allumé,En agglomération,Intersection en X,Normale,Deux véhicules - côté,,,,,,,,,,,5,2,2,1.0,3
201300050586,0013-12-21 22:40:00,13,12,21,22,40,750,103,"64, RUE REAUMUR",,,Nuit avec éclairage allumé,En agglomération,Intersection en X,Pluie légère,Deux véhicules - côté,,,,,,,,,,,5,2,2,2.0,3
201300050587,0013-12-22 16:35:00,13,12,22,16,35,750,103,"105, BOULEVARD BEAUMARCH",,,Nuit avec éclairage allumé,En agglomération,Hors intersection,Pluie légère,Autre collision,,,,,,,,,,,5,2,1,2.0,6
201300050588,0013-01-05 05:40:00,13,1,5,5,40,750,104,RUE DE LOBAU,,,Nuit avec éclairage allumé,En agglomération,Intersection à plus de 4 branches,Normale,Autre collision,,,,,,,,,,,5,2,5,1.0,6
201300050589,0013-01-06 15:00:00,13,1,6,15,0,750,104,"2, PLACE DU CHATELET",,,Plein jour,En agglomération,Place,Temps couvert,Deux véhicules - côté,,,,,,,,,,,1,2,7,8.0,3
201300050590,0013-01-10 17:35:00,13,1,10,17,35,750,104,"39, RUE SAINT ANTOINE",,,Nuit avec éclairage allumé,En agglomération,Intersection en X,Pluie légère,Autre collision,,,,,,,,,,,5,2,2,2.0,6
201300050591,0013-01-11 17:30:00,13,1,11,17,30,750,104,"29 bis, RUE DES FRANCS B",,,Nuit avec éclairage allumé,En agglomération,Hors intersection,Normale,Autre collision,,,,,,,,,,,5,2,1,1.0,6
201300050592,0013-01-16 15:55:00,13,1,16,15,55,750,104,"45, RUE FRANCOIS MIRON",,,Plein jour,En agglomération,Intersection en T,Temps couvert,Deux véhicules - côté,,,,,,,,,,,1,2,3,8.0,3
201300050593,0013-01-26 07:10:00,13,1,26,7,10,750,104,"39, BOULEVARD BOURDON",,,Nuit avec éclairage allumé,En agglomération,Intersection en T,Normale,Autre collision,,,,,,,,,,,5,2,3,1.0,6
201300050594,0013-01-28 19:30:00,13,1,28,19,30,750,104,VOIE GEORGES POMPIDOU,,,Nuit avec éclairage allumé,En agglomération,Intersection en Y,Normale,Autre collision,,,,,,,,,,,5,2,4,1.0,6
201300050595,0013-01-29 08:05:00,13,1,29,8,5,750,104,"03, PLACE DE LA BASTILLE",,,Crépuscule ou aube,En agglomération,Place,Pluie légère,Deux véhicules - côté,,,,,,,,,,,2,2,7,2.0,3
201300050596,0013-02-01 03:20:00,13,2,1,3,20,750,104,"4, BOULEVARD DE SEBASTOP",,,Nuit avec éclairage allumé,En agglomération,Intersection en T,Pluie légère,Autre collision,,,,,,,,,,,5,2,3,2.0,6
201300050597,0013-02-03 20:29:00,13,2,3,20,29,750,104,QUAI DE L HOTEL DE VILLE,,,Nuit avec éclairage allumé,En agglomération,Hors intersection,Pluie légère,Autre collision,,,,,,,,,,,5,2,1,2.0,6
201300050598,0013-02-04 11:25:00,13,2,4,11,25,750,104,"29, RUE DES ARCHIVES",,,Plein jour,En agglomération,Intersection en X,Pluie légère,Sans collision,,,,,,,,,,,1,2,2,2.0,7
201300050599,0013-02-05 11:55:00,13,2,5,11,55,750,104,"96, RUE DE RIVOLI",,,Plein jour,En agglomération,Intersection à plus de 4 branches,Normale,Deux véhicules - arrière,,,,,,,,,,,1,2,5,1.0,2
201300050600,0013-02-07 12:45:00,13,2,7,12,45,750,104,QUAI DE L HOTEL DE VILLE,,,Plein jour,En agglomération,Intersection en X,Normale,Sans collision,,,,,,,,,,,1,2,2,1.0,7
201300050601,0013-02-10 05:00:00,13,2,10,5,0,750,104,RUE DU RENARD,,,Nuit avec éclairage allumé,En agglomération,Intersection en Y,Normale,Autre collision,,,,,,,,,,,5,2,4,1.0,6
201300050602,0013-02-13 10:15:00,13,2,13,10,15,750,104,"33, RUE DE RIVOLI",,,Plein jour,En agglomération,Hors intersection,Normale,Autre collision,,,,,,,,,,,1,2,1,1.0,6
201300050603,0013-02-15 09:10:00,13,2,15,9,10,750,104,PLACE DE LA BASTILLE,,,Plein jour,En agglomération,Place,Normale,Sans collision,,,,,,,,,,,1,2,7,1.0,7
201300050604,0013-02-15 12:45:00,13,2,15,12,45,750,104,"40, QUAI DES CELESTINS",,,Plein jour,En agglomération,Hors intersection,Normale,Autre collision,,,,,,,,,,,1,2,1,1.0,6
201300050605,0013-02-19 10:55:00,13,2,19,10,55,750,103,"7, PLACE DE LA REPUBLIQU",,,Plein jour,En agglomération,Hors intersection,Normale,Sans collision,,,,,,,,,,,1,2,1,1.0,7
201300050606,0013-02-20 17:20:00,13,2,20,17,20,750,104,"24, RUE SAINT ANTOINE",,,Plein jour,En agglomération,Intersection en X,Normale,Deux véhicules - arrière,,,,,,,,,,,1,2,2,1.0,2
201300050607,0013-02-26 20:30:00,13,2,26,20,30,750,104,"20, RUE BEAUBOURG",,,Nuit avec éclairage allumé,En agglomération,Intersection en X,Normale,Autre collision,,,,,,,,,,,5,2,2,1.0,6
201300050608,0013-02-27 17:20:00,13,2,27,17,20,750,104,"20, RUE DE TURENNE",,,Plein jour,En agglomération,Hors intersection,Normale,Autre collision,,,,,,,,,,,1,2,1,1.0,6
201300050609,0013-03-03 16:50:00,13,3,3,16,50,750,104,"1, RUE SAINT ANTOINE",,,Plein jour,En agglomération,Place,Normale,Autre collision,,,,,,,,,,,1,2,7,1.0,6
201300050610,0013-03-03 18:20:00,13,3,3,18,20,750,104,RUE DE RIVOLI,,,Nuit avec éclairage allumé,En agglomération,Intersection en T,Normale,Deux véhicules - arrière,,,,,,,,,,,5,2,3,1.0,2
201300050611,0013-03-04 16:40:00,13,3,4,16,40,750,104,"86, RUE SAINT ANTOINE",,,Plein jour,En agglomération,Intersection en X,Normale,Deux véhicules - côté,,,,,,,,,,,1,2,2,1.0,3
201300050612,0013-03-09 02:35:00,13,3,9,2,35,750,104,"23, RUE DU RENARD",,,Nuit avec éclairage allumé,En agglomération,Intersection en Y,Normale,Autre collision,,,,,,,,,,,5,2,4,1.0,6
201300050613,0013-03-11 20:15:00,13,3,11,20,15,750,104,"4, RUE DE LOBAU",,,Nuit avec éclairage allumé,En agglomération,Hors intersection,Pluie forte,Deux véhicules - arrière,,,,,,,,,,,5,2,1,3.0,2
201300050614,0013-03-12 15:30:00,13,3,12,15,30,750,104,"4, QUAI DES CELESTINS",,,Plein jour,En agglomération,Hors intersection,Neige / grêle,Autre collision,,,,,,,,,,,1,2,1,4.0,6
201300050615,0013-03-12 20:30:00,13,3,12,20,30,750,104,"113, RUE SAINT ANTOINE",,,Nuit avec éclairage allumé,En agglomération,Intersection en T,Neige / grêle,Autre collision,,,,,,,,,,,5,2,3,4.0,6
201300050616,0013-03-14 03:45:00,13,3,14,3,45,750,104,"2, RUE DE RIVOLI",,,Nuit avec éclairage allumé,En agglomération,Intersection en X,Normale,Autre collision,,,,,,,,,,,5,2,2,1.0,6
201300050617,0013-03-14 08:15:00,13,3,14,8,15,750,104,"2, RUE BEAUBOURG",,,Plein jour,En agglomération,Intersection en T,Normale,Autre collision,,,,,,,,,,,1,2,3,1.0,6
201300050618,0013-03-15 16:45:00,13,3,15,16,45,750,104,"02, BOULEVARD MORLAND",,,Plein jour,En agglomération,Intersection en X,Normale,Deux véhicules - côté,,,,,,,,,,,1,2,2,1.0,3
201300050619,0013-03-20 09:20:00,13,3,20,9,20,750,104,"21, BOULEVARD MORLAND",,,Plein jour,En agglomération,Intersection en X,Normale,Deux véhicules - arrière,,,,,,,,,,,1,2,2,1.0,2
201300050620,0013-03-23 23:50:00,13,3,23,23,50,750,104,BOULEVARD DE SEBASTOPOL,,,Nuit avec éclairage allumé,En agglomération,Intersection à plus de 4 branches,Normale,Deux véhicules - côté,,,,,,,,,,,5,2,5,1.0,3
201300050621,0013-03-28 09:40:00,13,3,28,9,40,750,104,"6, RUE SAINT ANTOINE",,,Plein jour,En agglomération,Intersection en T,Normale,Sans collision,,,,,,,,,,,1,2,3,1.0,7
201300050622,0013-04-02 15:40:00,13,4,2,15,40,750,104,"33, BOULEVARD BOURDON",,,Plein jour,En agglomération,Intersection en T,Normale,Deux véhicules - côté,,,,,,,,,,,1,2,3,1.0,3
201300050623,0013-04-06 00:01:00,13,4,6,0,1,750,101,"59, BOULEVARD DE SEBASTO",,,Nuit avec éclairage allumé,En agglomération,Intersection en T,Normale,Deux véhicules - arrière,,,,,,,,,,,5,2,3,1.0,2
201300050624,0013-04-07 02:30:00,13,4,7,2,30,750,104,RUE DE RIVOLI,,,Nuit avec éclairage allumé,En agglomération,Intersection en T,Normale,Autre collision,,,,,,,,,,,5,2,3,1.0,6
201300050625,0013-04-08 21:50:00,13,4,8,21,50,750,104,VOIE GEORGES POMPIDOU,,,Nuit avec éclairage allumé,En agglomération,Hors intersection,Autre,Autre collision,,,,,,,,,,,5,2,1,9.0,6
201300050626,0013-04-10 08:10:00,13,4,10,8,10,750,104,"25, RUE DE RIVOLI",,,Plein jour,En agglomération,Intersection en X,Pluie légère,Autre collision,,,,,,,,,,,1,2,2,2.0,6
201300050627,0013-04-11 16:15:00,13,4,11,16,15,750,104,"40, RUE DE RIVOLI",,,Plein jour,En agglomération,Hors intersection,Pluie légère,Trois véhicules et plus - en chaîne,,,,,,,,,,,1,2,1,2.0,4
201300050628,0013-04-12 15:00:00,13,4,12,15,0,750,104,"05, BOULEVARD HENRI IV",,,Plein jour,En agglomération,Intersection à plus de 4 branches,Normale,Autre collision,,,,,,,,,,,1,2,5,1.0,6
201300050629,0013-04-13 00:55:00,13,4,13,0,55,750,104,RUE PAVEE,,,Nuit avec éclairage allumé,En agglomération,Intersection en X,Normale,Deux véhicules - côté,,,,,,,,,,,5,2,2,1.0,3
201300050630,0013-04-13 01:00:00,13,4,13,1,0,750,104,QUAI DE L HOTEL DE VILLE,,,Nuit avec éclairage allumé,En agglomération,Intersection à plus de 4 branches,Normale,Autre collision,,,,,,,,,,,5,2,5,1.0,6
201300050631,0013-04-19 09:15:00,13,4,19,9,15,750,104,"3, PLACE DE LA BASTILLE",,,Plein jour,En agglomération,Place,Normale,Trois véhicules et plus - en chaîne,,,,,,,,,,,1,2,7,1.0,4
201300050632,0013-04-25 07:40:00,13,4,25,7,40,750,104,PLACE DE LA BASTILLE,,,Plein jour,En agglomération,Place,Normale,Deux véhicules - côté,,,,,,,,,,,1,2,7,1.0,3
201300050633,0013-04-27 13:50:00,13,4,27,13,50,750,101,"65, RUE SAINT HONORE",,,Plein jour,En agglomération,Intersection en X,Normale,Autre collision,,,,,,,,,,,1,2,2,1.0,6
201300050634,0013-04-28 19:55:00,13,4,28,19,55,750,104,"04, RUE DE RIVOLI",,,Plein jour,En agglomération,Hors intersection,Normale,Deux véhicules - côté,,,,,,,,,,,1,2,1,1.0,3
201300050635,0013-04-29 15:16:00,13,4,29,15,16,750,104,"34, BOULEVARD HENRI IV",,,Plein jour,En agglomération,Intersection en X,Normale,Deux véhicules - arrière,,,,,,,,,,,1,2,2,1.0,2
201300050636,0013-05-02 15:35:00,13,5,2,15,35,750,101,"9, BOULEVARD DE SEBASTOP",,,Plein jour,En agglomération,Intersection en T,Normale,Autre collision,,,,,,,,,,,1,2,3,1.0,6
201300050637,0013-05-15 10:50:00,13,5,15,10,50,750,104,"15, AVENUE VICTORIA",,,Plein jour,En agglomération,Intersection en T,Normale,Deux véhicules - côté,,,,,,,,,,,1,2,3,1.0,3
201300050638,0013-05-15 17:50:00,13,5,15,17,50,750,104,RUE MORNAY,,,Plein jour,En agglomération,Intersection en X,Normale,Deux véhicules - côté,,,,,,,,,,,1,2,2,1.0,3
201300050639,0013-05-22 09:25:00,13,5,22,9,25,750,104,QUAI DE L HOTEL DE VILLE,,,Plein jour,En agglomération,Hors intersection,Normale,Deux véhicules - arrière,,,,,,,,,,,1,2,1,1.0,2
201300050640,0013-05-22 14:45:00,13,5,22,14,45,750,104,"66, RUE SAINT ANTOINE",,,Plein jour,En agglomération,Hors intersection,Normale,Deux véhicules - côté,,,,,,,,,,,1,2,1,1.0,3
201300050641,0013-05-31 00:15:00,13,5,31,0,15,750,104,"16, QUAI DE GESVRES",,,Nuit avec éclairage allumé,En agglomération,Place,Pluie légère,Sans collision,,,,,,,,,,,5,2,7,2.0,7
201300050642,0013-06-01 14:30:00,13,6,1,14,30,750,104,PONT PETIT PONT,,,Plein jour,En agglomération,Intersection en T,Normale,Autre collision,,,,,,,,,,,1,2,3,1.0,6
201300050643,0013-06-02 08:45:00,13,6,2,8,45,750,104,"02, VOIE GEORGES POMPIDO",,,Plein jour,En agglomération,Hors intersection,Normale,Autre collision,,,,,,,,,,,1,2,1,1.0,6
201300050644,0013-06-04 12:00:00,13,6,4,12,0,750,104,"35, RUE DE RIVOLI",,,Plein jour,En agglomération,Intersection en X,Normale,Autre collision,,,,,,,,,,,1,2,2,1.0,6
201300050645,0013-06-04 15:00:00,13,6,4,15,0,750,104,"03, RUE DE TURENNE",,,Plein jour,En agglomération,Intersection en T,Normale,Deux véhicules - arrière,,,,,,,,,,,1,2,3,1.0,2
201300050646,0013-06-04 19:00:00,13,6,4,19,0,750,104,"11, RUE DU TEMPLE",,,Plein jour,En agglomération,Intersection en X,Normale,Deux véhicules - côté,,,,,,,,,,,1,2,2,1.0,3
201300050647,0013-06-05 22:40:00,13,6,5,22,40,750,104,"21, RUE DES TOURNELLES",,,Nuit avec éclairage allumé,En agglomération,Hors intersection,Normale,Deux véhicules - côté,,,,,,,,,,,5,2,1,1.0,3
201300050648,0013-06-07 16:30:00,13,6,7,16,30,750,104,"11, BOULEVARD BOURDON",,,Plein jour,En agglomération,Hors intersection,Normale,Deux véhicules - côté,,,,,,,,,,,1,2,1,1.0,3
201300050649,0013-06-07 20:30:00,13,6,7,20,30,750,104,"11, BOULEVARD DU PALAIS",,,Plein jour,En agglomération,Intersection en X,Normale,Autre collision,,,,,,,,,,,1,2,2,1.0,6
201300050650,0013-06-08 15:30:00,13,6,8,15,30,750,104,"16, BOULEVARD DE SEBASTO",,,Plein jour,En agglomération,Hors intersection,Normale,Deux véhicules - arrière,,,,,,,,,,,1,2,1,1.0,2
201300050651,0013-06-09 16:15:00,13,6,9,16,15,750,104,"5, RUE DE LA CERISAIE",,,Plein jour,En agglomération,Intersection en X,Normale,Autre collision,,,,,,,,,,,1,2,2,1.0,6
201300050652,0013-06-12 11:20:00,13,6,12,11,20,750,104,"15, RUE DU RENARD",,,Plein jour,En agglomération,Intersection en X,Normale,Autre collision,,,,,,,,,,,1,2,2,1.0,6
201300050653,0013-06-12 14:15:00,13,6,12,14,15,750,104,"6, QUAI DES CELESTINS",,,Plein jour,En agglomération,Hors intersection,Temps couvert,Deux véhicules - côté,,,,,,,,,,,1,2,1,8.0,3
201300050654,0013-06-13 10:00:00,13,6,13,10,0,750,104,"25, BOULEVARD BEAUMARCHA",,,Plein jour,En agglomération,Hors intersection,Temps couvert,Deux véhicules - côté,,,,,,,,,,,1,2,1,8.0,3
201300050655,0013-06-14 21:50:00,13,6,14,21,50,750,104,BOULEVARD DE SEBASTOPOL,,,Nuit avec éclairage allumé,En agglomération,Intersection en T,Normale,Deux véhicules - côté,,,,,,,,,,,5,2,3,1.0,3
201300050656,0013-06-17 18:00:00,13,6,17,18,0,750,104,"/, QUAI DE GESVRES",,,Plein jour,En agglomération,Intersection en X,Pluie forte,Deux véhicules - arrière,,,,,,,,,,,1,2,2,3.0,2
201300050657,0013-06-25 20:20:00,13,6,25,20,20,750,104,"20, RUE DU RENARD",,,Plein jour,En agglomération,Intersection en T,Normale,Deux véhicules - arrière,,,,,,,,,,,1,2,3,1.0,2