accident_id,datetime,annee,mois,jour,heure,minute,departement,commune_insee,adresse,latitude,longitude,luminosite,agglomeration,intersection,meteo,collision,nb_vehicules,nb_usagers,nb_indemnes,nb_tues,nb_blesses_hosp,nb_blesses_legers,age_cond_1,age_cond_2,veh_type_cond_1,veh_type_cond_2,lum_code,agg_code,int_code,atm_code,col_code
201300050658,0013-06-25 20:00:00,13,6,25,20,0,750,104,"2, QUAI DE GESVRES",,,Plein jour,En agglomération,Place,Normale,Autre collision,,,,,,,,,,,1,2,7,1.0,6
201300050659,0013-06-26 23:10:00,13,6,26,23,10,750,104,"42, BOULEVARD HENRI IV",,,Nuit avec éclairage allumé,En agglomération,Intersection en X,Normale,Autre collision,,,,,,,,,,,5,2,2,1.0,6
201300050660,0013-06-29 05:15:00,13,6,29,5,15,750,104,"27, BOULEVARD BOURDON",,,Nuit avec éclairage non allumé,En agglomération,Intersection en T,Normale,Autre collision,,,,,,,,,,,4,2,3,1.0,6
201300050661,0013-06-26 13:50:00,13,6,26,13,50,750,103,"33, BOULEVARD BEAUMARCHA",,,Plein jour,En agglomération,Intersection en X,Normale,Deux véhicules - arrière,,,,,,,,,,,1,2,2,1.0,2
201300050662,0013-07-05 01:15:00,13,7,5,1,15,750,104,PONT DE SULLY,,,Nuit avec éclairage allumé,En agglomération,Intersection en X,Normale,Deux véhicules - côté,,,,,,,,,,,5,2,2,1.0,3
201300050663,0013-07-08 21:10:00,13,7,8,21,10,750,104,PONT NOTRE DAME,,,Crépuscule ou aube,En agglomération,Hors intersection,Normale,Deux véhicules - côté,,,,,,,,,,,2,2,1,1.0,3
201300050664,0013-07-14 02:50:00,13,7,14,2,50,750,104,"74, RUE DE RIVOLI",,,Nuit avec éclairage allumé,En agglomération,Intersection en X,Normale,Autre collision,,,,,,,,,,,5,2,2,1.0,6
201300050665,0013-07-16 13:20:00,13,7,16,13,20,750,104,"16, RUE CHANOINESSE",,,Plein jour,En agglomération,Hors intersection,Normale,Autre collision,,,,,,,,,,,1,2,1,1.0,6
201300050666,0013-07-18 15:00:00,13,7,18,15,0,750,104,RUE DE RIVOLI,,,Plein jour,En agglomération,Intersection en X,Normale,Autre collision,,,,,,,,,,,1,2,2,1.0,6
201300050667,0013-07-18 22:59:00,13,7,18,22,59,750,104,RUE MALHER,,,Nuit avec éclairage allumé,En agglomération,Intersection en T,Normale,Deux véhicules - côté,,,,,,,,,,,5,2,3,1.0,3
201300050668,0013-07-20 15:30:00,13,7,20,15,30,750,104,"29, BOULEVARD BEAUMARCHA",,,Plein jour,En agglomération,Intersection en T,Normale,Deux véhicules - arrière,,,,,,,,,,,1,2,3,1.0,2
201300050669,0013-07-22 18:05:00,13,7,22,18,5,750,104,"04, BOULEVARD DE SEBASTO",,,Plein jour,En agglomération,Intersection en T,Normale,Sans collision,,,,,,,,,,,1,2,3,1.0,7
201300050670,0013-07-28 09:35:00,13,7,28,9,35,750,104,"14, BOULEVARD HENRI IV",,,Plein jour,En agglomération,Hors intersection,Normale,Autre collision,,,,,,,,,,,1,2,1,1.0,6
201300050671,0013-07-31 09:20:00,13,7,31,9,20,750,104,"1, QUAI AUX FLEURS",,,Plein jour,En agglomération,Intersection en X,Normale,Deux véhicules - arrière,,,,,,,,,,,1,2,2,1.0,2
201300050672,0013-08-04 23:30:00,13,8,4,23,30,750,101,SOUTERRAIN TRANSIT HALLE,,,Nuit avec éclairage allumé,En agglomération,Hors intersection,Normale,Sans collision,,,,,,,,,,,5,2,1,1.0,7
201300050673,0013-08-07 18:10:00,13,8,7,18,10,750,104,"2, QUAI DES CELESTINS",,,Plein jour,En agglomération,Intersection à plus de 4 branches,Normale,Sans collision,,,,,,,,,,,1,2,5,1.0,7
201300050674,0013-08-13 05:25:00,13,8,13,5,25,750,104,QUAI DE L HOTEL DE VILLE,,,Nuit avec éclairage allumé,En agglomération,Intersection en T,Normale,Autre collision,,,,,,,,,,,5,2,3,1.0,6
201300050675,0013-08-13 14:10:00,13,8,13,14,10,750,104,"76, RUE DE RIVOLI",,,Plein jour,En agglomération,Hors intersection,Normale,Autre collision,,,,,,,,,,,1,2,1,1.0,6
201300050676,0013-08-20 13:35:00,13,8,20,13,35,750,104,"11, AVENUE VICTORIA",,,Plein jour,En agglomération,Intersection en X,Normale,Deux véhicules - côté,,,,,,,,,,,1,2,2,1.0,3
201300050677,0013-08-21 19:05:00,13,8,21,19,5,750,104,"44, RUE DE RIVOLI",,,Plein jour,En agglomération,Intersection en T,Normale,Deux véhicules - côté,,,,,,,,,,,1,2,3,1.0,3
201300050678,0013-08-22 08:00:00,13,8,22,8,0,750,104,"03, BOULEVARD BEAUMARCHA",,,Plein jour,En agglomération,Place,Normale,Autre collision,,,,,,,,,,,1,2,7,1.0,6
201300050679,0013-08-24 08:25:00,13,8,24,8,25,750,104,"66, RUE DE RIVOLI",,,Plein jour,En agglomération,Intersection en T,Normale,Deux véhicules - côté,,,,,,,,,,,1,2,3,1.0,3
201300050680,0013-08-25 02:10:00,13,8,25,2,10,750,104,QUAI DE L HOTEL DE VILLE,,,Nuit avec éclairage allumé,En agglomération,Hors intersection,Pluie forte,Autre collision,,,,,,,,,,,5,2,1,3.0,6
201300050681,0013-08-30 14:45:00,13,8,30,14,45,750,104,"51, RUE VIEILLE DU TEMPL",,,Plein jour,En agglomération,Intersection en X,Normale,Deux véhicules - côté,,,,,,,,,,,1,2,2,1.0,3
201300050682,0013-09-01 00:25:00,13,9,1,0,25,750,104,"52, RUE DE RIVOLI",,,Nuit avec éclairage allumé,En agglomération,Intersection en X,Normale,Deux véhicules - côté,,,,,,,,,,,5,2,2,1.0,3
201300050683,0013-09-04 12:00:00,13,9,4,12,0,750,104,"15, RUE D ARCOLE",,,Plein jour,En agglomération,Intersection en X,Normale,Deux véhicules - côté,,,,,,,,,,,1,2,2,1.0,3
201300050684,0013-09-05 11:45:00,13,9,5,11,45,750,104,"1, QUAI DE L HOTEL DE VI",,,Plein jour,En agglomération,Intersection à plus de 4 branches,Normale,Deux véhicules - arrière,,,,,,,,,,,1,2,5,1.0,2
201300050685,0013-09-09 16:52:00,13,9,9,16,52,750,104,"4, RUE DE LOBAU",,,Plein jour,En agglomération,Hors intersection,Pluie légère,Autre collision,,,,,,,,,,,1,2,1,2.0,6
201300050686,0013-09-10 01:10:00,13,9,10,1,10,750,104,"10, BOULEVARD DE SEBASTO",,,Nuit sans éclairage public,En agglomération,Intersection à plus de 4 branches,Normale,Deux véhicules - côté,,,,,,,,,,,3,2,5,1.0,3
201300050687,0013-09-12 20:42:00,13,9,12,20,42,750,104,"44, RUE DE RIVOLI",,,Nuit avec éclairage allumé,En agglomération,Hors intersection,Normale,Autre collision,,,,,,,,,,,5,2,1,1.0,6
201300050688,0013-09-13 17:15:00,13,9,13,17,15,750,104,"16, QUAI DE GESVRES",,,Plein jour,En agglomération,Hors intersection,Pluie légère,Deux véhicules - côté,,,,,,,,,,,1,2,1,2.0,3
201300050689,0013-09-16 19:00:00,13,9,16,19,0,750,104,"33, BOULEVARD BOURDON",,,Plein jour,En agglomération,Intersection en T,Pluie forte,Deux véhicules - arrière,,,,,,,,,,,1,2,3,3.0,2
201300050690,0013-09-20 15:05:00,13,9,20,15,5,750,104,"23, BOULEVARD BEAUMARCHA",,,Plein jour,En agglomération,Hors intersection,Normale,Sans collision,,,,,,,,,,,1,2,1,1.0,7
201300050691,0013-09-21 02:00:00,13,9,21,2,0,750,104,"88, RUE DE RIVOLI",,,Nuit avec éclairage allumé,En agglomération,Intersection en X,Normale,Sans collision,,,,,,,,,,,5,2,2,1.0,7
201300050692,0013-09-21 14:23:00,13,9,21,14,23,750,104,"2, RUE DES TOURNELLES",,,Plein jour,En agglomération,Hors intersection,Normale,Deux véhicules - arrière,,,,,,,,,,,1,2,1,1.0,2
201300050693,0013-09-21 16:00:00,13,9,21,16,0,750,101,BOULEVARD DE SEBASTOPOL,,,Plein jour,En agglomération,Intersection en X,Normale,Autre collision,,,,,,,,,,,1,2,2,1.0,6
201300050694,0013-09-30 13:40:00,13,9,30,13,40,750,104,"2, BOULEVARD HENRI IV",,,Plein jour,En agglomération,Intersection en X,Normale,Deux véhicules - côté,,,,,,,,,,,1,2,2,1.0,3
201300050695,0013-10-02 08:20:00,13,10,2,8,20,750,104,"40, RUE VIEILLE DU TEMPL",,,Plein jour,En agglomération,Intersection en X,Normale,Autre collision,,,,,,,,,,,1,2,2,1.0,6
201300050696,0013-10-06 19:00:00,13,10,6,19,0,750,104,"23, BOULEVARD BEAUMARCHA",,,Crépuscule ou aube,En agglomération,Hors intersection,Normale,Deux véhicules - côté,,,,,,,,,,,2,2,1,1.0,3
201300050697,0013-10-11 12:30:00,13,10,11,12,30,750,104,"4 bis, BOULEVARD MORLAND",,,Plein jour,En agglomération,Hors intersection,Pluie légère,Deux véhicules - côté,,,,,,,,,,,1,2,1,2.0,3
201300050698,0013-10-13 09:15:00,13,10,13,9,15,750,104,"7, BOULEVARD DE SEBASTOP",,,Plein jour,En agglomération,Intersection en X,Normale,Deux véhicules - arrière,,,,,,,,,,,1,2,2,1.0,2
201300050699,0013-10-14 00:23:00,13,10,14,0,23,750,104,"5, RUE DE LOBAU",,,Nuit avec éclairage allumé,En agglomération,Hors intersection,Normale,Autre collision,,,,,,,,,,,5,2,1,1.0,6
201300050700,0013-10-15 07:50:00,13,10,15,7,50,750,104,RUE AUBRY LE BOUCHER,,,Crépuscule ou aube,En agglomération,Intersection en X,Normale,Deux véhicules - côté,,,,,,,,,,,2,2,2,1.0,3
201300050701,0013-10-15 18:45:00,13,10,15,18,45,750,104,"25, PLACE DES VOSGES",,,Nuit avec éclairage allumé,En agglomération,Intersection en T,Normale,Deux véhicules - côté,,,,,,,,,,,5,2,3,1.0,3
201300050702,0013-10-16 08:00:00,13,10,16,8,0,750,104,"17, BOULEVARD MORLAND",,,Crépuscule ou aube,En agglomération,Hors intersection,Normale,Autre collision,,,,,,,,,,,2,2,1,1.0,6
201300050703,0013-10-21 14:25:00,13,10,21,14,25,750,104,"60, QUAI DE L HOTEL DE V",,,Plein jour,En agglomération,Intersection en X,Pluie légère,Sans collision,,,,,,,,,,,1,2,2,2.0,7
201300050704,0013-10-21 16:00:00,13,10,21,16,0,750,104,"33, BOULEVARD BOURDON",,,Plein jour,En agglomération,Intersection en X,Normale,Deux véhicules - côté,,,,,,,,,,,1,2,2,1.0,3
201300050705,0013-10-22 16:15:00,13,10,22,16,15,750,104,"4, BOULEVARD DE SEBASTOP",,,Plein jour,En agglomération,Intersection en X,Normale,Deux véhicules - côté,,,,,,,,,,,1,2,2,1.0,3
201300050706,0013-10-25 19:15:00,13,10,25,19,15,750,104,"1, RUE DE RIVOLI",,,Nuit avec éclairage allumé,En agglomération,Intersection en X,Pluie légère,Autre collision,,,,,,,,,,,5,2,2,2.0,6
201300050707,0013-10-26 10:25:00,13,10,26,10,25,750,104,"76, RUE DE RIVOLI",,,Plein jour,En agglomération,Hors intersection,Normale,Autre collision,,,,,,,,,,,1,2,1,1.0,6
201300050708,0013-10-26 18:20:00,13,10,26,18,20,750,104,"16, QUAI DE GESVRES",,,Plein jour,En agglomération,Place,Normale,Autre collision,,,,,,,,,,,1,2,7,1.0,6
201300050709,0013-10-27 02:25:00,13,10,27,2,25,750,104,"14, BOULEVARD DE SEBASTO",,,Nuit avec éclairage allumé,En agglomération,Intersection en X,Normale,Autre collision,,,,,,,,,,,5,2,2,1.0,6
201300050710,0013-10-30 11:00:00,13,10,30,11,0,750,104,"22, QUAI DES CELESTINS",,,Plein jour,En agglomération,Intersection en T,Normale,Deux véhicules - côté,,,,,,,,,,,1,2,3,1.0,3
201300050711,0013-10-30 12:48:00,13,10,30,12,48,750,104,"28, BOULEVARD DE SEBASTO",,,Plein jour,En agglomération,Hors intersection,Normale,Deux véhicules - côté,,,,,,,,,,,1,2,1,1.0,3
201300050712,0013-10-31 09:45:00,13,10,31,9,45,750,104,QUAI DE L HOTEL DE VILLE,,,Plein jour,En agglomération,Intersection en X,Normale,Deux véhicules - côté,,,,,,,,,,,1,2,2,1.0,3
201300050713,0013-11-02 14:15:00,13,11,2,14,15,750,104,"08, QUAI DE GESVRES",,,Plein jour,En agglomération,Hors intersection,Pluie légère,Deux véhicules - arrière,,,,,,,,,,,1,2,1,2.0,2
201300050714,0013-11-08 16:00:00,13,11,8,16,0,750,104,"64, RUE DE RIVOLI",,,Plein jour,En agglomération,Intersection en T,Normale,Deux véhicules - arrière,,,,,,,,,,,1,2,3,1.0,2
201300050715,0013-11-08 21:00:00,13,11,8,21,0,750,104,PLACE DE LA BASTILLE,,,Nuit avec éclairage allumé,En agglomération,Place,Pluie légère,Deux véhicules - côté,,,,,,,,,,,5,2,7,2.0,3
201300050716,0013-11-09 18:50:00,13,11,9,18,50,750,104,"8, RUE DE RIVOLI",,,Nuit avec éclairage allumé,En agglomération,Hors intersection,Normale,Deux véhicules - arrière,,,,,,,,,,,5,2,1,1.0,2
201300050717,0013-11-11 14:24:00,13,11,11,14,24,750,104,RUE SAINT ANTOINE,,,Plein jour,En agglomération,Intersection en X,Normale,Deux véhicules - arrière,,,,,,,,,,,1,2,2,1.0,2
201300050718,0013-11-18 11:40:00,13,11,18,11,40,750,109,RUE DE ROCHECHOUART,,,Plein jour,En agglomération,Intersection en X,Temps couvert,Deux véhicules - côté,,,,,,,,,,,1,2,2,8.0,3
201300050719,0013-11-18 20:20:00,13,11,18,20,20,750,104,BOULEVARD HENRI IV,,,Nuit avec éclairage allumé,En agglomération,Intersection en X,Normale,Deux véhicules - côté,,,,,,,,,,,5,2,2,1.0,3
201300050720,0013-11-21 08:55:00,13,11,21,8,55,750,104,QUAI AUX FLEURS,,,Plein jour,En agglomération,Intersection en X,Pluie légère,Autre collision,,,,,,,,,,,1,2,2,2.0,6
201300050721,0013-11-26 15:55:00,13,11,26,15,55,750,104,"21, RUE DES ARCHIVES",,,Plein jour,En agglomération,Intersection en X,Temps couvert,Deux véhicules - arrière,,,,,,,,,,,1,2,2,8.0,2
201300050722,0013-11-27 07:25:00,13,11,27,7,25,750,104,"05, BOULEVARD HENRI IV",,,Nuit avec éclairage allumé,En agglomération,Intersection en T,Normale,Autre collision,,,,,,,,,,,5,2,3,1.0,6
201300050723,0013-11-28 10:57:00,13,11,28,10,57,750,104,"4, RUE DES BARRES",,,Plein jour,En agglomération,Hors intersection,Normale,Autre collision,,,,,,,,,,,1,2,1,1.0,6
201300050724,0013-11-28 15:45:00,13,11,28,15,45,750,104,"02, RUE BEAUBOURG",,,Plein jour,En agglomération,Intersection en T,Temps couvert,Deux véhicules - côté,,,,,,,,,,,1,2,3,8.0,3
201300050725,0013-11-28 16:25:00,13,11,28,16,25,750,104,"28, RUE DE RIVOLI",,,Plein jour,En agglomération,Hors intersection,Temps couvert,Autre collision,,,,,,,,,,,1,2,1,8.0,6
201300050726,0013-12-01 21:50:00,13,12,1,21,50,750,104,"9, RUE DES ARCHIVES",,,Nuit avec éclairage allumé,En agglomération,Intersection en X,Normale,Deux véhicules - côté,,,,,,,,,,,5,2,2,1.0,3
201300050727,0013-12-04 08:50:00,13,12,4,8,50,750,104,"40, BOULEVARD DE SEBASTO",,,Plein jour,En agglomération,Intersection en X,Normale,Autre collision,,,,,,,,,,,1,2,2,1.0,6
201300050728,0013-12-04 14:50:00,13,12,4,14,50,750,104,PLACE DE LA BASTILLE,,,Plein jour,En agglomération,Place,Normale,Deux véhicules - côté,,,,,,,,,,,1,2,7,1.0,3
201300050729,0013-12-05 11:15:00,13,12,5,11,15,750,104,"82, RUE SAINT ANTOINE",,,Plein jour,En agglomération,Intersection en X,Normale,Autre collision,,,,,,,,,,,1,2,2,1.0,6
201300050730,0013-12-06 23:15:00,13,12,6,23,15,750,104,"29, BOULEVARD BEAUMARCHA",,,Nuit avec éclairage allumé,En agglomération,Intersection en X,Normale,Deux véhicules - côté,,,,,,,,,,,5,2,2,1.0,3
201300050731,0013-12-11 09:45:00,13,12,11,9,45,750,104,"2, QUAI DES CELESTINS",,,Plein jour,En agglomération,Intersection en X,Normale,Deux véhicules - côté,,,,,,,,,,,1,2,2,1.0,3
201300050732,0013-12-12 15:05:00,13,12,12,15,5,750,104,PONT DE LA TOURNELLE,,,Plein jour,En agglomération,Intersection en X,Normale,Autre collision,,,,,,,,,,,1,2,2,1.0,6
201300050733,0013-12-12 22:52:00,13,12,12,22,52,750,104,"10, RUE DU RENARD",,,Nuit avec éclairage allumé,En agglomération,Intersection en T,Normale,Autre collision,,,,,,,,,,,5,2,3,1.0,6
201300050734,0013-12-12 13:25:00,13,12,12,13,25,750,104,"52, RUE DES ARCHIVES",,,Plein jour,En agglomération,Hors intersection,Normale,Deux véhicules - côté,,,,,,,,,,,1,2,1,1.0,3
201300050735,0013-12-19 19:45:00,13,12,19,19,45,750,104,RUE DE RIVOLI,,,Nuit avec éclairage allumé,En agglomération,Intersection en X,Normale,Deux véhicules - côté,,,,,,,,,,,5,2,2,1.0,3
201300050736,0013-12-21 17:40:00,13,12,21,17,40,750,104,"46, QUAI DES CELESTINS",,,Nuit avec éclairage allumé,En agglomération,Intersection en X,Normale,Deux véhicules - frontale,,,,,,,,,,,5,2,2,1.0,1
201300050737,0013-12-26 20:00:00,13,12,26,20,0,750,103,"28, RUE DE TURBIGO",,,Nuit avec éclairage allumé,En agglomération,Intersection en X,Normale,Autre collision,,,,,,,,,,,5,2,2,1.0,6
201300050738,0013-12-30 17:34:00,13,12,30,17,34,750,104,"2, RUE DE LOBAU",,,Crépuscule ou aube,En agglomération,Intersection en X,Pluie légère,Autre collision,,,,,,,,,,,2,2,2,2.0,6
201300050739,0013-12-30 21:55:00,13,12,30,21,55,750,104,RUE SAINT MARTIN,,,Nuit avec éclairage allumé,En agglomération,Intersection en X,Normale,Deux véhicules - côté,,,,,,,,,,,5,2,2,1.0,3
201300050740,0013-12-31 18:50:00,13,12,31,18,50,750,109,"1, RUE LAFFITTE",,,Nuit avec éclairage allumé,En agglomération,Intersection en X,Pluie légère,Autre collision,,,,,,,,,,,5,2,2,2.0,6
201300050741,0013-01-01 02:36:00,13,1,1,2,36,750,105,"14, BOULEVARD DE PORT RO",,,Nuit avec éclairage allumé,En agglomération,Intersection en X,Pluie légère,Autre collision,,,,,,,,,,,5,2,2,2.0,6
201300050742,0013-01-10 09:23:00,13,1,10,9,23,750,105,"22, BOULEVARD SAINT MICH",,,Plein jour,En agglomération,Intersection en X,Normale,Sans collision,,,,,,,,,,,1,2,2,1.0,7
201300050743,0013-01-10 15:35:00,13,1,10,15,35,750,105,"12, PLACE DU PANTHEON",,,Plein jour,En agglomération,Hors intersection,Pluie légère,Deux véhicules - côté,,,,,,,,,,,1,2,1,2.0,3
201300050744,0013-01-10 16:05:00,13,1,10,16,5,750,105,"26, BOULEVARD SAINT GERM",,,Plein jour,En agglomération,Intersection en X,Pluie légère,Deux véhicules - arrière,,,,,,,,,,,1,2,2,2.0,2
201300050745,0013-01-14 13:25:00,13,1,14,13,25,750,105,"1, QUAI SAINT MICHEL",,,Plein jour,En agglomération,Intersection à plus de 4 branches,Normale,Deux véhicules - côté,,,,,,,,,,,1,2,5,1.0,3
201300050746,0013-01-17 10:15:00,13,1,17,10,15,750,105,"20, RUE DE L ESTRAPADE",,,Plein jour,En agglomération,Intersection en X,Normale,Autre collision,,,,,,,,,,,1,2,2,1.0,6
201300050747,0013-01-23 15:56:00,13,1,23,15,56,750,105,"74, BOULEVARD DE PORT RO",,,Plein jour,En agglomération,Hors intersection,Normale,Deux véhicules - côté,,,,,,,,,,,1,2,1,1.0,3
201300050748,0013-01-28 11:55:00,13,1,28,11,55,750,105,"14, RUE MONGE",,,Plein jour,En agglomération,Intersection à plus de 4 branches,Normale,Autre collision,,,,,,,,,,,1,2,5,1.0,6
201300050749,0013-01-29 02:10:00,13,1,29,2,10,750,105,"07, RUE LAGRANGE",,,Nuit avec éclairage allumé,En agglomération,Intersection en Y,Pluie légère,Sans collision,,,,,,,,,,,5,2,4,2.0,7
201300050750,0013-01-30 14:05:00,13,1,30,14,5,750,105,"20, RUE MONGE",,,Plein jour,En agglomération,Hors intersection,Pluie légère,Autre collision,,,,,,,,,,,1,2,1,2.0,6
201300050751,0013-01-30 16:50:00,13,1,30,16,50,750,105,"70, BOULEVARD SAINT MARC",,,Plein jour,En agglomération,Intersection en T,Normale,Autre collision,,,,,,,,,,,1,2,3,1.0,6
201300050752,0013-01-31 04:40:00,13,1,31,4,40,750,105,"38, RUE SAINT JACQUES",,,Nuit avec éclairage non allumé,En agglomération,Intersection en X,Normale,Deux véhicules - côté,,,,,,,,,,,4,2,2,1.0,3
201300050753,0013-01-31 15:10:00,13,1,31,15,10,750,105,"9, RUE SOUFFLOT",,,Plein jour,En agglomération,Intersection en X,Pluie légère,Autre collision,,,,,,,,,,,1,2,2,2.0,6
201300050754,0013-02-02 20:50:00,13,2,2,20,50,750,105,"87, BOULEVARD DE PORT RO",,,Nuit avec éclairage allumé,En agglomération,Hors intersection,Pluie légère,Sans collision,,,,,,,,,,,5,2,1,2.0,7
201300050755,0013-02-03 20:35:00,13,2,3,20,35,750,105,"66, BOULEVARD DE PORT RO",,,Nuit avec éclairage allumé,En agglomération,Hors intersection,Pluie légère,Deux véhicules - arrière,,,,,,,,,,,5,2,1,2.0,2
201300050756,0013-02-04 17:05:00,13,2,4,17,5,750,105,PONT DE SULLY,,,Plein jour,En agglomération,Hors intersection,Normale,Deux véhicules - côté,,,,,,,,,,,1,2,1,1.0,3
201300050757,0013-02-05 16:55:00,13,2,5,16,55,750,105,"20, BOULEVARD DE PORT RO",,,Plein jour,En agglomération,Intersection en X,Normale,Deux véhicules - côté,,,,,,,,,,,1,2,2,1.0,3
201300050758,0013-02-06 22:24:00,13,2,6,22,24,750,105,"23, QUAI SAINT BERNARD",,,Nuit avec éclairage allumé,En agglomération,Hors intersection,Pluie légère,Deux véhicules - côté,,,,,,,,,,,5,2,1,2.0,3
201300050759,0013-02-07 12:45:00,13,2,7,12,45,750,105,"89, BOULEVARD SAINT MICH",,,Plein jour,En agglomération,Hors intersection,Normale,Autre collision,,,,,,,,,,,1,2,1,1.0,6
201300050760,0013-02-12 23:35:00,13,2,12,23,35,750,105,"96, BOULEVARD DE PORT RO",,,Nuit avec éclairage allumé,En agglomération,Intersection en X,Normale,Deux véhicules - côté,,,,,,,,,,,5,2,2,1.0,3
201300050761,0013-02-13 15:50:00,13,2,13,15,50,750,105,"133, BOULEVARD SAINT MIC",,,Plein jour,En agglomération,Intersection en X,Normale,Autre collision,,,,,,,,,,,1,2,2,1.0,6
201300050762,0013-02-16 14:33:00,13,2,16,14,33,750,105,"221, RUE SAINT JACQUES",,,Plein jour,En agglomération,Hors intersection,Normale,Sans collision,,,,,,,,,,,1,2,1,1.0,7
201300050763,0013-02-17 02:43:00,13,2,17,2,43,750,105,"33, BOULEVARD SAINT GERM",,,Nuit avec éclairage allumé,En agglomération,Intersection en X,Normale,Deux véhicules - côté,,,,,,,,,,,5,2,2,1.0,3
201300050764,0013-02-18 08:40:00,13,2,18,8,40,750,105,"23, RUE SOUFFLOT",,,Plein jour,En agglomération,Intersection en X,Normale,Deux véhicules - arrière,,,,,,,,,,,1,2,2,1.0,2
201300050765,0013-02-18 12:10:00,13,2,18,12,10,750,105,"12bis, AVENUE DES GOBELI",,,Plein jour,En agglomération,Hors intersection,Normale,Deux véhicules - côté,,,,,,,,,,,1,2,1,1.0,3
201300050766,0013-02-19 10:40:00,13,2,19,10,40,750,105,"55, RUE SAINT JACQUES",,,Plein jour,En agglomération,Hors intersection,Normale,Autre collision,,,,,,,,,,,1,2,1,1.0,6
201300050767,0013-02-21 09:15:00,13,2,21,9,15,750,105,"2, RUE BUFFON",,,Plein jour,En agglomération,Intersection en Y,Normale,Sans collision,,,,,,,,,,,1,2,4,1.0,7
201300050768,0013-02-22 13:44:00,13,2,22,13,44,750,105,AVENUE DES GOBELINS,,,Plein jour,En agglomération,Intersection en X,Normale,Deux véhicules - côté,,,,,,,,,,,1,2,2,1.0,3
201300050769,0013-02-23 16:32:00,13,2,23,16,32,750,105,"72, RUE MOUFFETARD",,,Plein jour,En agglomération,Hors intersection,Neige / grêle,Autre collision,,,,,,,,,,,1,2,1,4.0,6
201300050770,0013-02-23 13:50:00,13,2,23,13,50,750,105,"63, RUE CLAUDE BERNARD",,,Plein jour,En agglomération,Hors intersection,Normale,Deux véhicules - arrière,,,,,,,,,,,1,2,1,1.0,2
201300050771,0013-02-24 12:00:00,13,2,24,12,0,750,105,"19, QUAI DE LA TOURNELLE",,,Plein jour,En agglomération,Intersection en X,Neige / grêle,Autre collision,,,,,,,,,,,1,2,2,4.0,6
201300050772,0013-03-06 19:20:00,13,3,6,19,20,750,105,"137, BOULEVARD SAINT MIC",,,Nuit avec éclairage allumé,En agglomération,Intersection en X,Pluie légère,Autre collision,,,,,,,,,,,5,2,2,2.0,6
201300050773,0013-03-09 22:14:00,13,3,9,22,14,750,105,"36, RUE DES ECOLES",,,Nuit avec éclairage allumé,En agglomération,Hors intersection,Normale,Autre collision,,,,,,,,,,,5,2,1,1.0,6
201300050774,0013-03-08 18:10:00,13,3,8,18,10,750,105,"702, RUE MONGE",,,Nuit avec éclairage allumé,En agglomération,Intersection à plus de 4 branches,Brouillard / fumée,Sans collision,,,,,,,,,,,5,2,5,5.0,7
201300050775,0013-03-22 00:35:00,13,3,22,0,35,750,105,"25, QUAI DE LA TOURNELLE",,,Nuit avec éclairage allumé,En agglomération,Hors intersection,Normale,Autre collision,,,,,,,,,,,5,2,1,1.0,6
201300050776,0013-03-23 17:00:00,13,3,23,17,0,750,105,"47 ter, BOULEVARD SAINT",,,Plein jour,En agglomération,Place,Normale,Deux véhicules - arrière,,,,,,,,,,,1,2,7,1.0,2
201300050777,0013-03-25 12:30:00,13,3,25,12,30,750,105,"53, RUE HENRI BARBUSSE",,,Plein jour,En agglomération,Intersection en X,Normale,Autre collision,,,,,,,,,,,1,2,2,1.0,6
201300050778,0013-03-29 19:30:00,13,3,29,19,30,750,105,"2, BOULEVARD DE L HOPITA",,,Nuit avec éclairage allumé,En agglomération,Intersection en Y,Normale,Deux véhicules - côté,,,,,,,,,,,5,2,4,1.0,3
201300050779,0013-04-02 19:48:00,13,4,2,19,48,750,105,"125, RUE SAINT JACQUES",,,Crépuscule ou aube,En agglomération,Intersection en X,Normale,Deux véhicules - arrière,,,,,,,,,,,2,2,2,1.0,2
201300050780,0013-04-06 00:35:00,13,4,6,0,35,750,105,"7, AVENUE DES GOBELINS",,,Nuit avec éclairage allumé,En agglomération,Intersection en T,Normale,Autre collision,,,,,,,,,,,5,2,3,1.0,6
201300050781,0013-04-06 15:25:00,13,4,6,15,25,750,105,"4, RUE DES FOSSES SAINT",,,Plein jour,En agglomération,Hors intersection,Normale,Autre collision,,,,,,,,,,,1,2,1,1.0,6
201300050782,0013-04-07 22:05:00,13,4,7,22,5,750,105,"61, BOULEVARD SAINT MICH",,,Nuit avec éclairage allumé,En agglomération,Intersection en Y,Normale,Autre collision,,,,,,,,,,,5,2,4,1.0,6
201300050783,0013-04-09 12:52:00,13,4,9,12,52,750,106,BOULEVARD SAINT MICHEL,,,Plein jour,En agglomération,Intersection à plus de 4 branches,Pluie légère,Deux véhicules - frontale,,,,,,,,,,,1,2,5,2.0,1
201300050784,0013-04-09 17:40:00,13,4,9,17,40,750,105,"3, PLACE DU PUITS DE L E",,,Plein jour,En agglomération,Hors intersection,Pluie légère,Deux véhicules - arrière,,,,,,,,,,,1,2,1,2.0,2
201300050785,0013-04-09 21:30:00,13,4,9,21,30,750,105,RUE CLAUDE BERNARD,,,Nuit avec éclairage allumé,En agglomération,Intersection en X,Normale,Deux véhicules - frontale,,,,,,,,,,,5,2,2,1.0,1