accident_id,datetime,annee,mois,jour,heure,minute,departement,commune_insee,adresse,latitude,longitude,luminosite,agglomeration,intersection,meteo,collision,nb_vehicules,nb_usagers,nb_indemnes,nb_tues,nb_blesses_hosp,nb_blesses_legers,age_cond_1,age_cond_2,veh_type_cond_1,veh_type_cond_2,lum_code,agg_code,int_code,atm_code,col_code
201300050786,0013-04-10 16:45:00,13,4,10,16,45,750,105,QUAI SAINT BERNARD,,,Plein jour,En agglomération,Intersection en X,Pluie légère,Deux véhicules - côté,,,,,,,,,,,1,2,2,2.0,3
201300050787,0013-04-12 20:25:00,13,4,12,20,25,750,113,"0, BOULEVARD PERIPHERIQU",,,Crépuscule ou aube,En agglomération,Hors intersection,Pluie légère,Deux véhicules - arrière,,,,,,,,,,,2,2,1,2.0,2
201300050788,0013-04-13 17:25:00,13,4,13,17,25,750,105,"21, BOULEVARD SAINT GERM",,,Plein jour,En agglomération,Intersection en X,Pluie légère,Autre collision,,,,,,,,,,,1,2,2,2.0,6
201300050789,0013-04-14 13:50:00,13,4,14,13,50,750,105,"7, RUE LAGRANGE",,,Plein jour,En agglomération,Intersection en Y,Temps éblouissant,Autre collision,,,,,,,,,,,1,2,4,7.0,6
201300050790,0013-04-17 20:09:00,13,4,17,20,9,750,105,"73, BOULEVARD SAINT GERM",,,Plein jour,En agglomération,Intersection à plus de 4 branches,Normale,Sans collision,,,,,,,,,,,1,2,5,1.0,7
201300050791,0013-04-20 13:50:00,13,4,20,13,50,750,105,RUE GAY LUSSAC,,,Plein jour,En agglomération,Intersection en X,Normale,Autre collision,,,,,,,,,,,1,2,2,1.0,6
201300050792,0013-04-20 14:20:00,13,4,20,14,20,750,105,"77 bis, RUE MONGE",,,Plein jour,En agglomération,Intersection en X,Normale,Autre collision,,,,,,,,,,,1,2,2,1.0,6
201300050793,0013-04-22 14:27:00,13,4,22,14,27,750,105,"74, BOULEVARD DE PORT RO",,,Plein jour,En agglomération,Hors intersection,Normale,Deux véhicules - côté,,,,,,,,,,,1,2,1,1.0,3
201300050794,0013-04-22 18:35:00,13,4,22,18,35,750,105,"24, BOULEVARD DE L HOPIT",,,Plein jour,En agglomération,Intersection en Y,Normale,Sans collision,,,,,,,,,,,1,2,4,1.0,7
201300050795,0013-04-25 18:30:00,13,4,25,18,30,750,105,"4, RUE DU PETIT PONT",,,Plein jour,En agglomération,Hors intersection,Normale,Autre collision,,,,,,,,,,,1,2,1,1.0,6
201300050796,0013-04-25 22:20:00,13,4,25,22,20,750,113,RUE DE TOLBIAC,,,Nuit avec éclairage allumé,En agglomération,Intersection à plus de 4 branches,Normale,Deux véhicules - côté,,,,,,,,,,,5,2,5,1.0,3
201300050797,0013-04-26 15:05:00,13,4,26,15,5,750,105,RUE BUFFON,,,Plein jour,En agglomération,Hors intersection,Normale,Deux véhicules - côté,,,,,,,,,,,1,2,1,1.0,3
201300050798,0013-04-26 16:25:00,13,4,26,16,25,750,105,"30, RUE SAINT JACQUES",,,Plein jour,En agglomération,Hors intersection,Pluie légère,Sans collision,,,,,,,,,,,1,2,1,2.0,7
201300050799,0013-04-26 19:16:00,13,4,26,19,16,750,105,"82, RUE MONGE",,,Plein jour,En agglomération,Intersection en X,Pluie légère,Autre collision,,,,,,,,,,,1,2,2,2.0,6
201300050800,0013-04-26 19:04:00,13,4,26,19,4,750,105,"1, RUE SOUFFLOT",,,Plein jour,En agglomération,Place,Pluie légère,Autre collision,,,,,,,,,,,1,2,7,2.0,6
201300050801,0013-04-28 11:20:00,13,4,28,11,20,750,105,"45, RUE JUSSIEU",,,Plein jour,En agglomération,Intersection en T,Normale,Deux véhicules - côté,,,,,,,,,,,1,2,3,1.0,3
201300050802,0013-04-30 17:45:00,13,4,30,17,45,750,105,"46, BOULEVARD SAINT GERM",,,Plein jour,En agglomération,Intersection en X,Pluie légère,Sans collision,,,,,,,,,,,1,2,2,2.0,7
201300050803,0013-05-03 10:00:00,13,5,3,10,0,750,105,BOULEVARD SAINT MARCEL,,,Plein jour,En agglomération,Hors intersection,Normale,Deux véhicules - côté,,,,,,,,,,,1,2,1,1.0,3
201300050804,0013-05-05 02:55:00,13,5,5,2,55,750,105,"67, BOULEVARD SAINT GERM",,,Nuit avec éclairage allumé,En agglomération,Intersection à plus de 4 branches,Normale,Autre collision,,,,,,,,,,,5,2,5,1.0,6
201300050805,0013-05-06 12:55:00,13,5,6,12,55,750,105,"34, RUE LHOMOND",,,Plein jour,En agglomération,Intersection en X,Pluie légère,Deux véhicules - côté,,,,,,,,,,,1,2,2,2.0,3
201300050806,0013-05-06 12:59:00,13,5,6,12,59,750,105,"01, RUE SOUFFLOT",,,Plein jour,En agglomération,Place,Normale,Deux véhicules - côté,,,,,,,,,,,1,2,7,1.0,3
201300050807,0013-05-07 14:10:00,13,5,7,14,10,750,105,"69, BOULEVARD SAINT GERM",,,Plein jour,En agglomération,Intersection à plus de 4 branches,Normale,Autre collision,,,,,,,,,,,1,2,5,1.0,6
201300050808,0013-05-07 15:51:00,13,5,7,15,51,750,105,"93, RUE MONGE",,,Plein jour,En agglomération,Intersection en T,Normale,Autre collision,,,,,,,,,,,1,2,3,1.0,6
201300050809,0013-05-16 09:01:00,13,5,16,9,1,750,105,"02, RUE DES ECOLES",,,Plein jour,En agglomération,Intersection en X,Pluie légère,Autre collision,,,,,,,,,,,1,2,2,2.0,6
201300050810,0013-05-19 14:15:00,13,5,19,14,15,750,105,"104, RUE MONGE",,,Plein jour,En agglomération,Intersection à plus de 4 branches,Normale,Deux véhicules - côté,,,,,,,,,,,1,2,5,1.0,3
201300050811,0013-05-19 13:35:00,13,5,19,13,35,750,105,"55, RUE GEOFFROY SAINT H",,,Plein jour,En agglomération,Hors intersection,Normale,Autre collision,,,,,,,,,,,1,2,1,1.0,6
201300050812,0013-05-22 21:05:00,13,5,22,21,5,750,105,RUE SAINT JACQUES,,,Nuit sans éclairage public,En agglomération,Intersection en X,Temps couvert,Deux véhicules - côté,,,,,,,,,,,3,2,2,8.0,3
201300050813,0013-05-27 19:40:00,13,5,27,19,40,750,105,"74, RUE MONGE",,,Plein jour,En agglomération,Place,Normale,Autre collision,,,,,,,,,,,1,2,7,1.0,6
201300050814,0013-05-28 13:11:00,13,5,28,13,11,750,105,"22bis, BOULEVARD SAINT M",,,Plein jour,En agglomération,Hors intersection,Pluie légère,Deux véhicules - côté,,,,,,,,,,,1,2,1,2.0,3
201300050815,0013-05-28 13:55:00,13,5,28,13,55,750,105,"79, RUE MONGE",,,Plein jour,En agglomération,Intersection en X,Pluie légère,Deux véhicules - côté,,,,,,,,,,,1,2,2,2.0,3
201300050816,0013-05-30 18:15:00,13,5,30,18,15,750,105,"7, PLACE VALHUBERT",,,Plein jour,En agglomération,Place,Pluie forte,Autre collision,,,,,,,,,,,1,2,7,3.0,6
201300050817,0013-05-31 18:20:00,13,5,31,18,20,750,105,"82, BOULEVARD SAINT MARC",,,Plein jour,En agglomération,Hors intersection,Normale,Trois véhicules et plus - collisions multiples,,,,,,,,,,,1,2,1,1.0,5
201300050818,0013-06-01 01:35:00,13,6,1,1,35,750,105,"42, RUE DES FOSSES SAINT",,,Nuit avec éclairage allumé,En agglomération,Hors intersection,Normale,Deux véhicules - frontale,,,,,,,,,,,5,2,1,1.0,1
201300050819,0013-06-03 14:00:00,13,6,3,14,0,750,105,"25, RUE D ULM",,,Plein jour,En agglomération,Hors intersection,Normale,Autre collision,,,,,,,,,,,1,2,1,1.0,6
201300050820,0013-06-04 19:06:00,13,6,4,19,6,750,105,"31, RUE MONGE",,,Plein jour,En agglomération,Intersection à plus de 4 branches,Normale,Autre collision,,,,,,,,,,,1,2,5,1.0,6
201300050821,0013-06-06 16:20:00,13,6,6,16,20,750,105,"26, BOULEVARD SAINT GERM",,,Plein jour,En agglomération,Intersection en X,Normale,Autre collision,,,,,,,,,,,1,2,2,1.0,6
201300050822,0013-06-12 19:22:00,13,6,12,19,22,750,105,"212, RUE SAINT JACQUES",,,Plein jour,En agglomération,Intersection en T,Normale,Deux véhicules - côté,,,,,,,,,,,1,2,3,1.0,3
201300050823,0013-06-14 07:15:00,13,6,14,7,15,750,105,"53, RUE DU CARDINAL LEMO",,,Plein jour,En agglomération,Intersection à plus de 4 branches,Normale,Autre collision,,,,,,,,,,,1,2,5,1.0,6
201300050824,0013-06-19 22:23:00,13,6,19,22,23,750,105,"179, RUE SAINT JACQUES",,,Nuit avec éclairage allumé,En agglomération,Intersection en T,Normale,Autre collision,,,,,,,,,,,5,2,3,1.0,6
201300050825,0013-06-21 02:20:00,13,6,21,2,20,750,105,"12, BOULEVARD DE L HOPIT",,,Nuit avec éclairage allumé,En agglomération,Intersection en X,Pluie forte,Autre collision,,,,,,,,,,,5,2,2,3.0,6
201300050826,0013-06-23 19:20:00,13,6,23,19,20,750,105,"7, RUE DE LA SORBONNE",,,Plein jour,En agglomération,Hors intersection,Pluie légère,Autre collision,,,,,,,,,,,1,2,1,2.0,6
201300050827,0013-06-24 15:10:00,13,6,24,15,10,750,105,"33, PLACE MAUBERT",,,Plein jour,En agglomération,Place,Normale,Deux véhicules - arrière,,,,,,,,,,,1,2,7,1.0,2
201300050828,0013-06-24 20:40:00,13,6,24,20,40,750,105,"61, RUE CLAUDE BERNARD",,,Crépuscule ou aube,En agglomération,Hors intersection,Normale,Deux véhicules - frontale,,,,,,,,,,,2,2,1,1.0,1
201300050829,0013-06-25 22:51:00,13,6,25,22,51,750,106,"147, BOULEVARD RASPAIL",,,Nuit avec éclairage allumé,En agglomération,Intersection en X,Normale,Autre collision,,,,,,,,,,,5,2,2,1.0,6
201300050830,0013-06-25 09:32:00,13,6,25,9,32,750,105,"32, RUE DE L ARBALETE",,,Plein jour,En agglomération,Hors intersection,Temps couvert,Autre collision,,,,,,,,,,,1,2,1,8.0,6
201300050831,0013-06-25 10:25:00,13,6,25,10,25,750,105,"12, RUE DU CARDINAL LEMO",,,Plein jour,En agglomération,Hors intersection,Normale,Deux véhicules - arrière,,,,,,,,,,,1,2,1,1.0,2
201300050832,0013-06-26 12:18:00,13,6,26,12,18,750,105,"314, RUE SAINT JACQUES",,,Plein jour,En agglomération,Hors intersection,Normale,Deux véhicules - arrière,,,,,,,,,,,1,2,1,1.0,2
201300050833,0013-07-01 06:40:00,13,7,1,6,40,750,105,RUE DES CARMES,,,Plein jour,En agglomération,Intersection en T,Normale,Autre collision,,,,,,,,,,,1,2,3,1.0,6
201300050834,0013-07-01 18:00:00,13,7,1,18,0,750,105,"36, BOULEVARD SAINT MARC",,,Plein jour,En agglomération,Hors intersection,Normale,Autre collision,,,,,,,,,,,1,2,1,1.0,6
201300050835,0013-07-02 16:35:00,13,7,2,16,35,750,105,"14, BOULEVARD SAINT GERM",,,Plein jour,En agglomération,Intersection en X,Normale,Deux véhicules - côté,,,,,,,,,,,1,2,2,1.0,3
201300050836,0013-07-07 14:15:00,13,7,7,14,15,750,105,RUE MONGE,,,Plein jour,En agglomération,Intersection en X,Normale,Deux véhicules - côté,,,,,,,,,,,1,2,2,1.0,3
201300050837,0013-07-07 20:38:00,13,7,7,20,38,750,105,RUE SAINT JACQUES,,,Plein jour,En agglomération,Place,Normale,Deux véhicules - côté,,,,,,,,,,,1,2,7,1.0,3
201300050838,0013-07-08 18:20:00,13,7,8,18,20,750,105,"30, RUE BERTHOLLET",,,Plein jour,En agglomération,Hors intersection,Normale,Deux véhicules - côté,,,,,,,,,,,1,2,1,1.0,3
201300050839,0013-07-10 11:27:00,13,7,10,11,27,750,105,"9, QUAI SAINT BERNARD",,,Plein jour,En agglomération,Hors intersection,Normale,Autre collision,,,,,,,,,,,1,2,1,1.0,6
201300050840,0013-07-13 17:25:00,13,7,13,17,25,750,105,"101, RUE MONGE",,,Plein jour,En agglomération,Intersection à plus de 4 branches,Normale,Sans collision,,,,,,,,,,,1,2,5,1.0,7
201300050841,0013-07-17 23:30:00,13,7,17,23,30,750,105,"33, RUE DES ECOLES",,,Nuit avec éclairage allumé,En agglomération,Hors intersection,Normale,Autre collision,,,,,,,,,,,5,2,1,1.0,6
201300050842,0013-07-18 14:30:00,13,7,18,14,30,750,105,"107, BOULEVARD SAINT MIC",,,Plein jour,En agglomération,Intersection en X,Normale,Deux véhicules - côté,,,,,,,,,,,1,2,2,1.0,3
201300050843,0013-07-19 18:24:00,13,7,19,18,24,750,105,"3, QUAI SAINT MICHEL",,,Plein jour,En agglomération,Intersection en X,Normale,Autre collision,,,,,,,,,,,1,2,2,1.0,6
201300050844,0013-07-21 16:45:00,13,7,21,16,45,750,105,BOULEVARD SAINT MICHEL,,,Plein jour,En agglomération,Intersection en X,Normale,Deux véhicules - arrière,,,,,,,,,,,1,2,2,1.0,2
201300050845,0013-07-23 10:32:00,13,7,23,10,32,750,105,"64, BOULEVARD DE PORT RO",,,Plein jour,En agglomération,Hors intersection,Normale,Deux véhicules - arrière,,,,,,,,,,,1,2,1,1.0,2
201300050846,0013-07-25 17:19:00,13,7,25,17,19,750,105,"14 bis, BOULEVARD DE L H",,,Plein jour,En agglomération,Intersection à plus de 4 branches,Normale,Deux véhicules - arrière,,,,,,,,,,,1,2,5,1.0,2
201300050847,0013-07-29 06:50:00,13,7,29,6,50,750,105,"18, BOULEVARD DE L HOPIT",,,Plein jour,En agglomération,Intersection en X,Normale,Autre collision,,,,,,,,,,,1,2,2,1.0,6
201300050848,0013-07-31 09:23:00,13,7,31,9,23,750,105,"35, RUE JUSSIEU",,,Plein jour,En agglomération,Hors intersection,Normale,Deux véhicules - arrière,,,,,,,,,,,1,2,1,1.0,2
201300050849,0013-08-01 12:50:00,13,8,1,12,50,750,105,"37, RUE CLAUDE BERNARD.",,,Plein jour,En agglomération,Intersection en X,Normale,Deux véhicules - côté,,,,,,,,,,,1,2,2,1.0,3
201300050850,0013-08-01 19:50:00,13,8,1,19,50,750,105,"17, RUE MONGE",,,Plein jour,En agglomération,Intersection à plus de 4 branches,Normale,Autre collision,,,,,,,,,,,1,2,5,1.0,6
201300050851,0013-08-03 11:20:00,13,8,3,11,20,750,105,BOULEVARD SAINT MICHEL,,,Plein jour,En agglomération,Intersection en X,Normale,Deux véhicules - côté,,,,,,,,,,,1,2,2,1.0,3
201300050852,0013-08-04 10:31:00,13,8,4,10,31,750,105,"63, BOULEVARD SAINT MICH",,,Plein jour,En agglomération,Intersection en X,Normale,Trois véhicules et plus - en chaîne,,,,,,,,,,,1,2,2,1.0,4
201300050853,0013-08-22 13:10:00,13,8,22,13,10,750,105,"263, RUE SAINT JACQUES",,,Plein jour,En agglomération,Intersection en X,Normale,Deux véhicules - côté,,,,,,,,,,,1,2,2,1.0,3
201300050854,0013-08-30 09:25:00,13,8,30,9,25,750,105,"37, QUAI DE LA TOURNELLE",,,Plein jour,En agglomération,Hors intersection,Normale,Deux véhicules - côté,,,,,,,,,,,1,2,1,1.0,3
201300050855,0013-08-31 20:20:00,13,8,31,20,20,750,105,"100, BOULEVARD SAINT GER",,,Nuit sans éclairage public,En agglomération,Intersection en X,Normale,Deux véhicules - arrière,,,,,,,,,,,3,2,2,1.0,2
201300050856,0013-09-09 07:00:00,13,9,9,7,0,750,105,"1, QUAI SAINT MICHEL",,,Crépuscule ou aube,En agglomération,Intersection en X,Normale,Autre collision,,,,,,,,,,,2,2,2,1.0,6
201300050857,0013-09-14 06:45:00,13,9,14,6,45,750,105,"296, RUE SAINT JACQUES",,,Nuit avec éclairage allumé,En agglomération,Intersection en T,Pluie légère,Sans collision,,,,,,,,,,,5,2,3,2.0,7
201300050858,0013-09-16 09:40:00,13,9,16,9,40,750,105,"1, RUE SAINT JACQUES",,,Plein jour,En agglomération,Intersection en X,Normale,Autre collision,,,,,,,,,,,1,2,2,1.0,6
201300050859,0013-09-16 13:30:00,13,9,16,13,30,750,105,"14, RUE DU CARDINAL LEMO",,,Plein jour,En agglomération,Hors intersection,Normale,Deux véhicules - arrière,,,,,,,,,,,1,2,1,1.0,2
201300050860,0013-09-16 17:55:00,13,9,16,17,55,750,105,BOULEVARD SAINT MARCEL,,,Plein jour,En agglomération,Intersection en T,Pluie légère,Deux véhicules - côté,,,,,,,,,,,1,2,3,2.0,3
201300050861,0013-09-19 20:35:00,13,9,19,20,35,750,105,"15, RUE DES FEUILLANTINE",,,Nuit avec éclairage allumé,En agglomération,Intersection en X,Normale,Deux véhicules - côté,,,,,,,,,,,5,2,2,1.0,3
201300050862,0013-09-21 02:25:00,13,9,21,2,25,750,105,"01, RUE MONGE",,,Nuit avec éclairage allumé,En agglomération,Hors intersection,Normale,Autre collision,,,,,,,,,,,5,2,1,1.0,6
201300050863,0013-09-22 22:05:00,13,9,22,22,5,750,105,"92, BOULEVARD SAINT MARC",,,Nuit avec éclairage allumé,En agglomération,Intersection à plus de 4 branches,Normale,Autre collision,,,,,,,,,,,5,2,5,1.0,6
201300050864,0013-09-23 13:25:00,13,9,23,13,25,750,105,"113, RUE MONGE",,,Plein jour,En agglomération,Intersection à plus de 4 branches,Normale,Deux véhicules - côté,,,,,,,,,,,1,2,5,1.0,3
201300050865,0013-09-26 18:25:00,13,9,26,18,25,750,105,"36, RUE GEOFFROY SAINT H",,,Plein jour,En agglomération,Intersection en T,Normale,Autre collision,,,,,,,,,,,1,2,3,1.0,6
201300050866,0013-09-27 03:44:00,13,9,27,3,44,750,106,"95, BOULEVARD SAINT GERM",,,Nuit avec éclairage allumé,En agglomération,Hors intersection,Normale,Autre collision,,,,,,,,,,,5,2,1,1.0,6
201300050867,0013-09-27 23:25:00,13,9,27,23,25,750,105,"2, PLACE MONGE",,,Nuit avec éclairage allumé,En agglomération,Place,Normale,Sans collision,,,,,,,,,,,5,2,7,1.0,7
201300050868,0013-09-28 01:10:00,13,9,28,1,10,750,105,"139, BOULEVARD SAINT MIC",,,Nuit avec éclairage allumé,En agglomération,Intersection en X,Temps couvert,Autre collision,,,,,,,,,,,5,2,2,8.0,6
201300050869,0013-09-28 21:00:00,13,9,28,21,0,750,105,BOULEVARD SAINT GERMAIN,,,Nuit avec éclairage allumé,En agglomération,Intersection en X,Normale,Autre collision,,,,,,,,,,,5,2,2,1.0,6
201300050870,0013-09-29 18:45:00,13,9,29,18,45,750,105,"14 bis, BOULEVARD DE L H",,,Crépuscule ou aube,En agglomération,Intersection à plus de 4 branches,Pluie légère,Sans collision,,,,,,,,,,,2,2,5,2.0,7
201300050871,0013-09-30 11:15:00,13,9,30,11,15,750,105,BOULEVARD DE PORT ROYAL,,,Plein jour,En agglomération,Hors intersection,Normale,Autre collision,,,,,,,,,,,1,2,1,1.0,6
201300050872,0013-09-30 16:35:00,13,9,30,16,35,750,105,"137, BOULEVARD SAINT MIC",,,Plein jour,En agglomération,Hors intersection,Normale,Autre collision,,,,,,,,,,,1,2,1,1.0,6
201300050873,0013-10-01 15:40:00,13,10,1,15,40,750,105,"17, RUE HENRI BARBUSSE",,,Plein jour,En agglomération,Hors intersection,Normale,Autre collision,,,,,,,,,,,1,2,1,1.0,6
201300050874,0013-10-05 01:50:00,13,10,5,1,50,750,105,"74, BOULEVARD SAINT MARC",,,Nuit avec éclairage allumé,En agglomération,Hors intersection,Normale,Autre collision,,,,,,,,,,,5,2,1,1.0,6
201300050875,0013-10-06 05:50:00,13,10,6,5,50,750,105,"2, PLACE DU PETIT PONT",,,Nuit avec éclairage allumé,En agglomération,Intersection en X,Normale,Deux véhicules - côté,,,,,,,,,,,5,2,2,1.0,3
201300050876,0013-10-08 08:50:00,13,10,8,8,50,750,105,"03, RUE DU FER A MOULIN",,,Plein jour,En agglomération,Hors intersection,Normale,Deux véhicules - côté,,,,,,,,,,,1,2,1,1.0,3
201300050877,0013-10-09 17:40:00,13,10,9,17,40,750,105,"4, RUE DES FOSSES SAINT",,,Crépuscule ou aube,En agglomération,Intersection en T,Pluie légère,Autre collision,,,,,,,,,,,2,2,3,2.0,6
201300050878,0013-10-09 20:20:00,13,10,9,20,20,750,105,"47, BOULEVARD SAINT MICH",,,Nuit avec éclairage allumé,En agglomération,Place,Pluie légère,Autre collision,,,,,,,,,,,5,2,7,2.0,6
201300050879,0013-10-11 19:08:00,13,10,11,19,8,750,105,"56, RUE SAINT JACQUES",,,Crépuscule ou aube,En agglomération,Intersection en X,Temps couvert,Deux véhicules - côté,,,,,,,,,,,2,2,2,8.0,3
201300050880,0013-10-12 11:29:00,13,10,12,11,29,750,105,"37, RUE MONGE",,,Plein jour,En agglomération,Hors intersection,Normale,Deux véhicules - côté,,,,,,,,,,,1,2,1,1.0,3
201300050881,0013-10-14 18:35:00,13,10,14,18,35,750,105,"39, RUE LINNE",,,Crépuscule ou aube,En agglomération,Intersection en Y,Normale,Autre collision,,,,,,,,,,,2,2,4,1.0,6
201300050882,0013-10-18 15:55:00,13,10,18,15,55,750,105,"24, RUE MONGE",,,Plein jour,En agglomération,Intersection en X,Normale,Deux véhicules - côté,,,,,,,,,,,1,2,2,1.0,3
201300050883,0013-10-19 22:18:00,13,10,19,22,18,750,105,BOULEVARD SAINT MICHEL,,,Nuit avec éclairage allumé,En agglomération,Intersection en X,Normale,Deux véhicules - côté,,,,,,,,,,,5,2,2,1.0,3
201300050884,0013-10-21 15:00:00,13,10,21,15,0,750,105,"84, BOULEVARD DE PORT RO",,,Plein jour,En agglomération,Intersection en X,Temps couvert,Deux véhicules - arrière,,,,,,,,,,,1,2,2,8.0,2
201300050885,0013-10-23 19:00:00,13,10,23,19,0,750,105,"18, RUE DES FOSSES SAINT",,,Crépuscule ou aube,En agglomération,Hors intersection,Normale,Deux véhicules - arrière,,,,,,,,,,,2,2,1,1.0,2
201300050886,0013-10-25 14:25:00,13,10,25,14,25,750,105,"09, QUAI SAINT BERNARD",,,Plein jour,En agglomération,Intersection en X,Temps couvert,Autre collision,,,,,,,,,,,1,2,2,8.0,6
201300050887,0013-10-26 13:00:00,13,10,26,13,0,750,105,"71, BOULEVARD SAINT MICH",,,Plein jour,En agglomération,Intersection en T,Normale,Autre collision,,,,,,,,,,,1,2,3,1.0,6
201300050888,0013-10-26 16:20:00,13,10,26,16,20,750,105,"43, QUAI DE LA TOURNELLE",,,Plein jour,En agglomération,Intersection en T,Normale,Trois véhicules et plus - collisions multiples,,,,,,,,,,,1,2,3,1.0,5
201300050889,0013-10-28 19:03:00,13,10,28,19,3,750,105,"79, RUE MONGE",,,Nuit avec éclairage allumé,En agglomération,Intersection en X,Normale,Deux véhicules - côté,,,,,,,,,,,5,2,2,1.0,3
201300050890,0013-10-29 18:46:00,13,10,29,18,46,750,105,"86, BOULEVARD DE PORT RO",,,Nuit avec éclairage allumé,En agglomération,Intersection en X,Normale,Deux véhicules - frontale,,,,,,,,,,,5,2,2,1.0,1
201300050891,0013-10-31 12:00:00,13,10,31,12,0,750,105,"19, QUAI DE LA TOURNELLE",,,Plein jour,En agglomération,Intersection en X,Normale,Deux véhicules - côté,,,,,,,,,,,1,2,2,1.0,3
201300050892,0013-11-02 19:45:00,13,11,2,19,45,750,106,"79, RUE DE RENNES",,,Nuit avec éclairage allumé,En agglomération,Intersection en T,Pluie légère,Autre collision,,,,,,,,,,,5,2,3,2.0,6
201300050893,0013-11-02 20:28:00,13,11,2,20,28,750,105,"23, AVENUE DES GOBELINS",,,Nuit avec éclairage allumé,En agglomération,Intersection à plus de 4 branches,Pluie légère,Autre collision,,,,,,,,,,,5,2,5,2.0,6
201300050894,0013-11-09 21:44:00,13,11,9,21,44,750,105,"137, BOULEVARD SAINT MIC",,,Nuit avec éclairage allumé,En agglomération,Intersection en X,Normale,Autre collision,,,,,,,,,,,5,2,2,1.0,6
201300050895,0013-11-12 11:35:00,13,11,12,11,35,750,105,"77bis, RUE MONGE",,,Plein jour,En agglomération,Place,Pluie légère,Deux véhicules - arrière,,,,,,,,,,,1,2,7,2.0,2
201300050896,0013-11-13 19:40:00,13,11,13,19,40,750,105,"93, BOULEVARD DE PORT RO",,,Nuit avec éclairage allumé,En agglomération,Hors intersection,Normale,Autre collision,,,,,,,,,,,5,2,1,1.0,6
201300050897,0013-11-14 13:30:00,13,11,14,13,30,750,105,"46, RUE DES FOSSES SAINT",,,Plein jour,En agglomération,Intersection en T,Pluie légère,Autre collision,,,,,,,,,,,1,2,3,2.0,6
201300050898,0013-11-18 12:05:00,13,11,18,12,5,750,105,"66, RUE MONGE",,,Plein jour,En agglomération,Intersection en X,Normale,Autre collision,,,,,,,,,,,1,2,2,1.0,6
201300050899,0013-11-20 19:35:00,13,11,20,19,35,750,105,"31, AVENUE GEORGES BERNA",,,Nuit avec éclairage allumé,En agglomération,Intersection à plus de 4 branches,Pluie légère,Autre collision,,,,,,,,,,,5,2,5,2.0,6
201300050900,0013-11-21 15:20:00,13,11,21,15,20,750,105,"3, QUAI SAINT MICHEL",,,Plein jour,En agglomération,Hors intersection,Temps couvert,Deux véhicules - arrière,,,,,,,,,,,1,2,1,8.0,2
201300050901,0013-11-21 17:15:00,13,11,21,17,15,750,105,"93, BOULEVARD DE PORT RO",,,Nuit avec éclairage allumé,En agglomération,Hors intersection,Pluie légère,Autre collision,,,,,,,,,,,5,2,1,2.0,6
201300050902,0013-11-21 18:55:00,13,11,21,18,55,750,105,"9, BOULEVARD SAINT MICHE",,,Nuit avec éclairage allumé,En agglomération,Hors intersection,Pluie légère,Deux véhicules - côté,,,,,,,,,,,5,2,1,2.0,3
201300050903,0013-11-22 00:46:00,13,11,22,0,46,750,105,BOULEVARD DE PORT ROYAL,,,Nuit avec éclairage allumé,En agglomération,Intersection à plus de 4 branches,Normale,Deux véhicules - côté,,,,,,,,,,,5,2,5,1.0,3
201300050904,0013-11-22 20:15:00,13,11,22,20,15,750,113,RUE DU JAVELOT,,,Nuit avec éclairage allumé,En agglomération,Intersection en Y,Normale,Sans collision,,,,,,,,,,,5,2,4,1.0,7
201300050905,0013-11-24 18:45:00,13,11,24,18,45,750,105,"17, RUE GAY LUSSAC",,,Nuit avec éclairage allumé,En agglomération,Hors intersection,Normale,Deux véhicules - côté,,,,,,,,,,,5,2,1,1.0,3
201300050906,0013-11-26 20:10:00,13,11,26,20,10,750,113,"13, RUE BAUDRICOURT",,,Nuit avec éclairage allumé,En agglomération,Hors intersection,Normale,Sans collision,,,,,,,,,,,5,2,1,1.0,7
201300050907,0013-11-30 17:30:00,13,11,30,17,30,750,105,"63, BOULEVARD SAINT GERM",,,Nuit avec éclairage allumé,En agglomération,Intersection en T,Normale,Deux véhicules - arrière,,,,,,,,,,,5,2,3,1.0,2
201300050908,0013-12-02 16:58:00,13,12,2,16,58,750,105,"0, RUE MONGE",,,Plein jour,En agglomération,Intersection en X,Normale,Trois véhicules et plus - collisions multiples,,,,,,,,,,,1,2,2,1.0,5
201300050909,0013-12-03 08:30:00,13,12,3,8,30,750,105,"69, BOULEVARD SAINT MICH",,,Plein jour,En agglomération,Intersection en X,Normale,Autre collision,,,,,,,,,,,1,2,2,1.0,6
201300050910,0013-12-06 09:30:00,13,12,6,9,30,750,105,"1, PLACE SAINT MICHEL",,,Plein jour,En agglomération,Place,Normale,Deux véhicules - arrière,,,,,,,,,,,1,2,7,1.0,2
201300050911,0013-12-08 20:45:00,13,12,8,20,45,750,113,"33, BOULEVARD KELLERMANN",,,Nuit avec éclairage allumé,En agglomération,Intersection à plus de 4 branches,Normale,Autre collision,,,,,,,,,,,5,2,5,1.0,6
201300050912,0013-12-19 15:15:00,13,12,19,15,15,750,105,"82, BOULEVARD SAINT MARC",,,Plein jour,En agglomération,Intersection en T,Normale,Autre collision,,,,,,,,,,,1,2,3,1.0,6