accident_id,datetime,annee,mois,jour,heure,minute,departement,commune_insee,adresse,latitude,longitude,luminosite,agglomeration,intersection,meteo,collision,nb_vehicules,nb_usagers,nb_indemnes,nb_tues,nb_blesses_hosp,nb_blesses_legers,age_cond_1,age_cond_2,veh_type_cond_1,veh_type_cond_2,lum_code,agg_code,int_code,atm_code,col_code
201300050913,0013-12-20 19:25:00,13,12,20,19,25,750,106,"86, BOULEVARD SAINT MICH",,,Nuit avec éclairage allumé,En agglomération,Hors intersection,Normale,Deux véhicules - côté,,,,,,,,,,,5,2,1,1.0,3
201300050914,0013-12-22 15:49:00,13,12,22,15,49,750,113,BOULEVARD PERIPHERIQUE I,,,Plein jour,En agglomération,Hors intersection,Pluie légère,Sans collision,,,,,,,,,,,1,2,1,2.0,7
201300050915,0013-12-27 11:15:00,13,12,27,11,15,750,105,"15, RUE MONGE",,,Plein jour,En agglomération,Intersection en X,Pluie légère,Sans collision,,,,,,,,,,,1,2,2,2.0,7
201300050916,0013-12-28 02:10:00,13,12,28,2,10,750,105,"32, RUE SAINT JACQUES",,,Nuit avec éclairage allumé,En agglomération,Intersection à plus de 4 branches,Pluie légère,Deux véhicules - frontale,,,,,,,,,,,5,2,5,2.0,1
201300050917,0013-01-01 05:15:00,13,1,1,5,15,750,113,"5, BOULEVARD DE L HOPITA",,,Nuit avec éclairage allumé,En agglomération,Intersection en T,Pluie forte,Autre collision,,,,,,,,,,,5,2,3,3.0,6
201300050918,0013-01-01 09:20:00,13,1,1,9,20,750,106,"175, BOULEVARD SAINT GER",,,Plein jour,En agglomération,Intersection en X,Pluie légère,Deux véhicules - côté,,,,,,,,,,,1,2,2,2.0,3
201300050919,0013-01-01 21:00:00,13,1,1,21,0,750,106,"97, RUE DE SEINE",,,Nuit avec éclairage allumé,En agglomération,Intersection en X,Autre,Deux véhicules - côté,,,,,,,,,,,5,2,2,9.0,3
201300050920,0013-01-02 22:45:00,13,1,2,22,45,750,106,"155 bis, RUE DE RENNES",,,Nuit avec éclairage allumé,En agglomération,Hors intersection,Normale,Autre collision,,,,,,,,,,,5,2,1,1.0,6
201300050921,0013-01-09 10:05:00,13,1,9,10,5,750,106,"87, RUE DE RENNES",,,Plein jour,En agglomération,Intersection en Y,Normale,Autre collision,,,,,,,,,,,1,2,4,1.0,6
201300050922,0013-01-11 02:00:00,13,1,11,2,0,750,106,"08, RUE SAINT PLACIDE",,,Nuit avec éclairage allumé,En agglomération,Hors intersection,Pluie légère,Sans collision,,,,,,,,,,,5,2,1,2.0,7
201300050923,0013-01-12 12:25:00,13,1,12,12,25,750,106,"43, RUE DE VAUGIRARD",,,Plein jour,En agglomération,Intersection en X,Pluie légère,Autre collision,,,,,,,,,,,1,2,2,2.0,6
201300050924,0013-01-17 15:30:00,13,1,17,15,30,750,106,"120, BOULEVARD SAINT GER",,,Plein jour,En agglomération,Intersection à plus de 4 branches,Normale,Sans collision,,,,,,,,,,,1,2,5,1.0,7
201300050925,0013-01-18 08:50:00,13,1,18,8,50,750,106,"121, BOULEVARD RASPAIL",,,Plein jour,En agglomération,Intersection en X,Temps couvert,Sans collision,,,,,,,,,,,1,2,2,8.0,7
201300050926,0013-01-25 10:23:00,13,1,25,10,23,750,106,"17, RUE SEGUIER",,,Plein jour,En agglomération,Hors intersection,Normale,Autre collision,,,,,,,,,,,1,2,1,1.0,6
201300050927,0013-01-27 16:05:00,13,1,27,16,5,750,106,"139, BOULEVARD RASPAIL",,,Plein jour,En agglomération,Intersection en X,Temps couvert,Deux véhicules - côté,,,,,,,,,,,1,2,2,8.0,3
201300050928,0013-01-28 07:45:00,13,1,28,7,45,750,106,"11, QUAI DE CONTI",,,Crépuscule ou aube,En agglomération,Intersection à plus de 4 branches,Normale,Sans collision,,,,,,,,,,,2,2,5,1.0,7
201300050929,0013-02-02 16:00:00,13,2,2,16,0,750,106,"53 bis, QUAI DES GRANDS",,,Plein jour,En agglomération,Intersection en T,Normale,Sans collision,,,,,,,,,,,1,2,3,1.0,7
201300050930,0013-02-08 19:25:00,13,2,8,19,25,750,106,"4, CARREFOUR ODEON",,,Nuit avec éclairage allumé,En agglomération,Intersection en Y,Vent fort / tempête,Autre collision,,,,,,,,,,,5,2,4,6.0,6
201300050931,0013-02-17 00:55:00,13,2,17,0,55,750,106,"156, BOULEVARD SAINT GER",,,Nuit avec éclairage allumé,En agglomération,Intersection en Y,Normale,Autre collision,,,,,,,,,,,5,2,4,1.0,6
201300050932,0013-02-28 02:05:00,13,2,28,2,5,750,106,"71, BOULEVARD RASPAIL",,,Nuit avec éclairage allumé,En agglomération,Hors intersection,Normale,Sans collision,,,,,,,,,,,5,2,1,1.0,7
201300050933,0013-03-08 18:25:00,13,3,8,18,25,750,106,"112, RUE DE RENNES",,,Crépuscule ou aube,En agglomération,Intersection à plus de 4 branches,Pluie légère,Deux véhicules - côté,,,,,,,,,,,2,2,5,2.0,3
201300050934,0013-03-15 12:28:00,13,3,15,12,28,750,106,"86, RUE DE SEVRES",,,Plein jour,En agglomération,Hors intersection,Normale,Autre collision,,,,,,,,,,,1,2,1,1.0,6
201300050935,0013-03-18 12:10:00,13,3,18,12,10,750,106,"19, RUE DE VAUGIRARD",,,Plein jour,En agglomération,Hors intersection,Pluie légère,Sans collision,,,,,,,,,,,1,2,1,2.0,7
201300050936,0013-03-19 18:38:00,13,3,19,18,38,750,106,"2, PLACE MICHEL DEBRE",,,Plein jour,En agglomération,Intersection à plus de 4 branches,Normale,Deux véhicules - côté,,,,,,,,,,,1,2,5,1.0,3
201300050937,0013-03-21 13:26:00,13,3,21,13,26,750,106,"30, RUE SAINT BENOIT",,,Plein jour,En agglomération,Intersection en T,Pluie légère,Autre collision,,,,,,,,,,,1,2,3,2.0,6
201300050938,0013-03-21 17:10:00,13,3,21,17,10,750,106,"03 bis, RUE DE L EPERON",,,Plein jour,En agglomération,Intersection en T,Normale,Autre collision,,,,,,,,,,,1,2,3,1.0,6
201300050939,0013-03-28 21:32:00,13,3,28,21,32,750,106,"17, RUE DE VAUGIRARD",,,Nuit avec éclairage allumé,En agglomération,Intersection en T,Normale,Sans collision,,,,,,,,,,,5,2,3,1.0,7
201300050940,0013-03-29 14:13:00,13,3,29,14,13,750,106,"69, RUE DE VAUGIRARD",,,Plein jour,En agglomération,Intersection en T,Normale,Deux véhicules - côté,,,,,,,,,,,1,2,3,1.0,3
201300050941,0013-04-05 13:20:00,13,4,5,13,20,750,106,"83, BOULEVARD SAINT GERM",,,Plein jour,En agglomération,Intersection en X,Normale,Deux véhicules - côté,,,,,,,,,,,1,2,2,1.0,3
201300050942,0013-04-05 15:10:00,13,4,5,15,10,750,106,"9, PLACE SAINT ANDRE DES",,,Plein jour,En agglomération,Place,Normale,Deux véhicules - arrière,,,,,,,,,,,1,2,7,1.0,2
201300050943,0013-04-07 05:00:00,13,4,7,5,0,750,113,BOULEVARD VINCENT AURIOL,,,Nuit avec éclairage allumé,En agglomération,Intersection à plus de 4 branches,Normale,Deux véhicules - côté,,,,,,,,,,,5,2,5,1.0,3
201300050944,0013-04-11 21:10:00,13,4,11,21,10,750,106,"15Bis, RUE DE VAUGIRARD",,,Nuit avec éclairage allumé,En agglomération,Hors intersection,Pluie légère,Autre collision,,,,,,,,,,,5,2,1,2.0,6
201300050945,0013-04-12 20:55:00,13,4,12,20,55,750,106,"27, BOULEVARD DU MONTPAR",,,Nuit avec éclairage allumé,En agglomération,Intersection à plus de 4 branches,Normale,Sans collision,,,,,,,,,,,5,2,5,1.0,7
201300050946,0013-04-15 10:35:00,13,4,15,10,35,750,106,"8, BOULEVARD SAINT MICHE",,,Plein jour,En agglomération,Intersection en X,Temps couvert,Autre collision,,,,,,,,,,,1,2,2,8.0,6
201300050947,0013-04-15 17:50:00,13,4,15,17,50,750,106,"30, BOULEVARD SAINT MICH",,,Plein jour,En agglomération,Intersection à plus de 4 branches,Normale,Autre collision,,,,,,,,,,,1,2,5,1.0,6
201300050948,0013-04-20 14:30:00,13,4,20,14,30,750,106,"64, BOULEVARD SAINT MICH",,,Plein jour,En agglomération,Hors intersection,Normale,Autre collision,,,,,,,,,,,1,2,1,1.0,6
201300050949,0013-04-20 17:50:00,13,4,20,17,50,750,106,"128, RUE DE RENNES",,,Plein jour,En agglomération,Hors intersection,Normale,Autre collision,,,,,,,,,,,1,2,1,1.0,6
201300050950,0013-04-22 09:50:00,13,4,22,9,50,750,106,"25, BOULEVARD DU MONTPAR",,,Plein jour,En agglomération,Intersection à plus de 4 branches,Normale,Deux véhicules - côté,,,,,,,,,,,1,2,5,1.0,3
201300050951,0013-04-25 16:45:00,13,4,25,16,45,750,106,"90, RUE D ASSAS",,,Plein jour,En agglomération,Hors intersection,Normale,Deux véhicules - côté,,,,,,,,,,,1,2,1,1.0,3
201300050952,0013-04-25 22:20:00,13,4,25,22,20,750,106,"18, RUE VAVIN",,,Nuit avec éclairage allumé,En agglomération,Intersection à plus de 4 branches,Normale,Sans collision,,,,,,,,,,,5,2,5,1.0,7
201300050953,0013-04-29 07:25:00,13,4,29,7,25,750,106,"23, QUAI DE CONTI",,,Plein jour,En agglomération,Intersection en T,Normale,Deux véhicules - arrière,,,,,,,,,,,1,2,3,1.0,2
201300050954,0013-05-02 16:30:00,13,5,2,16,30,750,106,"35, RUE NOTRE DAME DES C",,,Plein jour,En agglomération,Place,Normale,Sans collision,,,,,,,,,,,1,2,7,1.0,7
201300050955,0013-05-03 09:35:00,13,5,3,9,35,750,106,"7, QUAI DE CONTI",,,Plein jour,En agglomération,Intersection en T,Normale,Deux véhicules - côté,,,,,,,,,,,1,2,3,1.0,3
201300050956,0013-05-03 18:50:00,13,5,3,18,50,750,106,"4, RUE DE BUCI",,,Plein jour,En agglomération,Intersection en T,Normale,Autre collision,,,,,,,,,,,1,2,3,1.0,6
201300050957,0013-05-03 13:40:00,13,5,3,13,40,750,106,"85, BOULEVARD SAINT GERM",,,Plein jour,En agglomération,Intersection en X,Normale,Autre collision,,,,,,,,,,,1,2,2,1.0,6
201300050958,0013-05-04 21:50:00,13,5,4,21,50,750,106,RUE VAVIN,,,Nuit avec éclairage allumé,En agglomération,Intersection à plus de 4 branches,Normale,Deux véhicules - côté,,,,,,,,,,,5,2,5,1.0,3
201300050959,0013-05-06 17:15:00,13,5,6,17,15,750,106,"171, RUE DE RENNES",,,Plein jour,En agglomération,Place,Normale,Autre collision,,,,,,,,,,,1,2,7,1.0,6
201300050960,0013-05-13 20:35:00,13,5,13,20,35,750,106,"156, BOULEVARD SAINT GER",,,Plein jour,En agglomération,Place,Normale,Autre collision,,,,,,,,,,,1,2,7,1.0,6
201300050961,0013-05-15 09:05:00,13,5,15,9,5,750,106,"18, BOULEVARD SAINT MICH",,,Plein jour,En agglomération,Intersection en T,Normale,Deux véhicules - côté,,,,,,,,,,,1,2,3,1.0,3
201300050962,0013-05-16 08:50:00,13,5,16,8,50,750,106,"19, RUE DE VAUGIRARD",,,Plein jour,En agglomération,Intersection en T,Pluie légère,Sans collision,,,,,,,,,,,1,2,3,2.0,7
201300050963,0013-05-20 10:20:00,13,5,20,10,20,750,106,RUE GARANCIERE,,,Plein jour,En agglomération,Intersection en T,Pluie légère,Autre collision,,,,,,,,,,,1,2,3,2.0,6
201300050964,0013-05-22 11:05:00,13,5,22,11,5,750,106,"15, RUE DU FOUR",,,Plein jour,En agglomération,Intersection en T,Normale,Autre collision,,,,,,,,,,,1,2,3,1.0,6
201300050965,0013-05-25 15:15:00,13,5,25,15,15,750,106,"68, RUE DE VAUGIRARD",,,Plein jour,En agglomération,Intersection en X,Pluie forte,Deux véhicules - frontale,,,,,,,,,,,1,2,2,3.0,1
201300050966,0013-05-29 11:10:00,13,5,29,11,10,750,106,QUAI DES GRANDS AUGUSTIN,,,Plein jour,En agglomération,Intersection en T,Normale,Deux véhicules - côté,,,,,,,,,,,1,2,3,1.0,3
201300050967,0013-06-03 14:25:00,13,6,3,14,25,750,106,"16, RUE SAINT PLACIDE",,,Plein jour,En agglomération,Hors intersection,Normale,Deux véhicules - côté,,,,,,,,,,,1,2,1,1.0,3
201300050968,0013-06-03 16:10:00,13,6,3,16,10,750,106,"09, QUAI MALAQUAIS",,,Plein jour,En agglomération,Intersection à plus de 4 branches,Normale,Deux véhicules - côté,,,,,,,,,,,1,2,5,1.0,3
201300050969,0013-06-04 20:50:00,13,6,4,20,50,750,106,RUE DE RENNES,,,Plein jour,En agglomération,Intersection en Y,Normale,Deux véhicules - côté,,,,,,,,,,,1,2,4,1.0,3
201300050970,0013-06-05 18:20:00,13,6,5,18,20,750,106,"68, RUE DE RENNES",,,Plein jour,En agglomération,Hors intersection,Normale,Autre collision,,,,,,,,,,,1,2,1,1.0,6
201300050971,0013-06-09 02:00:00,13,6,9,2,0,750,106,"89, BOULEVARD DU MONTPAR",,,Nuit avec éclairage allumé,En agglomération,Intersection en X,Normale,Deux véhicules - côté,,,,,,,,,,,5,2,2,1.0,3
201300050972,0013-06-14 15:35:00,13,6,14,15,35,750,106,BOULEVARD SAINT GERMAIN,,,Plein jour,En agglomération,Place,Normale,Deux véhicules - arrière,,,,,,,,,,,1,2,7,1.0,2
201300050973,0013-06-19 09:30:00,13,6,19,9,30,750,105,"2, BOULEVARD SAINT MICHE",,,Plein jour,En agglomération,Intersection en X,Normale,Deux véhicules - arrière,,,,,,,,,,,1,2,2,1.0,2
201300050974,0013-06-20 11:00:00,13,6,20,11,0,750,106,"1, RUE DE TOURNON",,,Plein jour,En agglomération,Intersection en X,Pluie légère,Deux véhicules - arrière,,,,,,,,,,,1,2,2,2.0,2
201300050975,0013-06-23 16:40:00,13,6,23,16,40,750,106,"13, QUAI DE CONTI",,,Plein jour,En agglomération,Intersection en T,Normale,Autre collision,,,,,,,,,,,1,2,3,1.0,6
201300050976,0013-06-24 15:00:00,13,6,24,15,0,750,106,"24, RUE DAUPHINE",,,Plein jour,En agglomération,Intersection en T,Normale,Autre collision,,,,,,,,,,,1,2,3,1.0,6
201300050977,0013-06-25 19:45:00,13,6,25,19,45,750,106,"20, BOULEVARD SAINT MICH",,,Plein jour,En agglomération,Intersection en T,Normale,Deux véhicules - arrière,,,,,,,,,,,1,2,3,1.0,2
201300050978,0013-06-26 15:40:00,13,6,26,15,40,750,106,"53, RUE DU FOUR",,,Plein jour,En agglomération,Hors intersection,Normale,Autre collision,,,,,,,,,,,1,2,1,1.0,6
201300050979,0013-06-27 13:30:00,13,6,27,13,30,750,106,"145, BOULEVARD SAINT GER",,,Plein jour,En agglomération,Place,Normale,Deux véhicules - arrière,,,,,,,,,,,1,2,7,1.0,2
201300050980,0013-06-27 15:00:00,13,6,27,15,0,750,106,"28, RUE DE VAUGIRARD",,,Plein jour,En agglomération,Intersection en X,Normale,Deux véhicules - frontale,,,,,,,,,,,1,2,2,1.0,1
201300050981,0013-06-28 16:17:00,13,6,28,16,17,750,106,"2, PLACE SAINT MICHEL",,,Plein jour,En agglomération,Place,Normale,Deux véhicules - arrière,,,,,,,,,,,1,2,7,1.0,2
201300050982,0013-06-29 17:30:00,13,6,29,17,30,750,106,"53, RUE DE RENNES",,,Plein jour,En agglomération,Intersection en X,Normale,Deux véhicules - côté,,,,,,,,,,,1,2,2,1.0,3
201300050983,0013-07-01 01:05:00,13,7,1,1,5,750,106,"25, RUE DES GRANDS AUGUS",,,Nuit avec éclairage allumé,En agglomération,Hors intersection,Normale,Deux véhicules - côté,,,,,,,,,,,5,2,1,1.0,3
201300050984,0013-07-01 12:50:00,13,7,1,12,50,750,106,"57, RUE DE RENNES",,,Plein jour,En agglomération,Intersection à plus de 4 branches,Normale,Autre collision,,,,,,,,,,,1,2,5,1.0,6
201300050985,0013-07-13 00:25:00,13,7,13,0,25,750,106,"87, BOULEVARD DU MONTPAR",,,Nuit avec éclairage allumé,En agglomération,Intersection en X,Normale,Deux véhicules - côté,,,,,,,,,,,5,2,2,1.0,3
201300050986,0013-07-14 17:50:00,13,7,14,17,50,750,106,"9, RUE DE MEDICIS",,,Plein jour,En agglomération,Hors intersection,Normale,Autre collision,,,,,,,,,,,1,2,1,1.0,6
201300050987,0013-07-15 00:15:00,13,7,15,0,15,750,106,"150, RUE DE RENNES",,,Nuit avec éclairage allumé,En agglomération,Intersection en Y,Normale,Sans collision,,,,,,,,,,,5,2,4,1.0,7
201300050988,0013-07-16 12:15:00,13,7,16,12,15,750,106,"63, RUE DE VAUGIRARD",,,Plein jour,En agglomération,Intersection à plus de 4 branches,Normale,Autre collision,,,,,,,,,,,1,2,5,1.0,6
201300050989,0013-07-16 18:55:00,13,7,16,18,55,750,106,"51, RUE MAZARINE",,,Plein jour,En agglomération,Intersection à plus de 4 branches,Normale,Autre collision,,,,,,,,,,,1,2,5,1.0,6
201300050990,0013-07-18 23:45:00,13,7,18,23,45,750,113,"17, AVENUE CLAUDE REGAUD",,,Nuit avec éclairage allumé,En agglomération,Intersection en X,Normale,Deux véhicules - arrière,,,,,,,,,,,5,2,2,1.0,2
201300050991,0013-07-19 16:50:00,13,7,19,16,50,750,106,BOULEVARD RASPAIL,,,Plein jour,En agglomération,Intersection en T,Normale,Deux véhicules - côté,,,,,,,,,,,1,2,3,1.0,3
201300050992,0013-07-20 00:58:00,13,7,20,0,58,750,106,"172, BOULEVARD SAINT GER",,,Nuit avec éclairage non allumé,En agglomération,Hors intersection,Normale,Autre collision,,,,,,,,,,,4,2,1,1.0,6
201300050993,0013-07-22 13:05:00,13,7,22,13,5,750,106,"11, RUE DE BUCI",,,Plein jour,En agglomération,Hors intersection,Normale,Autre collision,,,,,,,,,,,1,2,1,1.0,6
201300050994,0013-07-26 17:25:00,13,7,26,17,25,750,106,"145, RUE DE RENNES",,,Plein jour,En agglomération,Hors intersection,Normale,Deux véhicules - arrière,,,,,,,,,,,1,2,1,1.0,2
201300050995,0013-07-26 20:20:00,13,7,26,20,20,750,106,"112, RUE DE RENNES",,,Plein jour,En agglomération,Intersection en X,Normale,Deux véhicules - côté,,,,,,,,,,,1,2,2,1.0,3
201300050996,0013-08-02 10:50:00,13,8,2,10,50,750,106,"149, BOULEVARD SAINT GER",,,Plein jour,En agglomération,Place,Normale,Deux véhicules - côté,,,,,,,,,,,1,2,7,1.0,3
201300050997,0013-08-05 14:55:00,13,8,5,14,55,750,106,"11, QUAI DE CONTI",,,Plein jour,En agglomération,Intersection en T,Temps couvert,Autre collision,,,,,,,,,,,1,2,3,8.0,6
201300050998,0013-08-05 16:20:00,13,8,5,16,20,750,106,"19, BOULEVARD DU MONTPAR",,,Plein jour,En agglomération,Intersection en X,Temps couvert,Autre collision,,,,,,,,,,,1,2,2,8.0,6
201300050999,0013-08-07 20:30:00,13,8,7,20,30,750,106,"117, RUE DE RENNES",,,Crépuscule ou aube,En agglomération,Intersection à plus de 4 branches,Normale,Deux véhicules - côté,,,,,,,,,,,2,2,5,1.0,3
201300051000,0013-08-08 12:55:00,13,8,8,12,55,750,106,"71, BOULEVARD DU MONTPAR",,,Plein jour,En agglomération,Place,Normale,Autre collision,,,,,,,,,,,1,2,7,1.0,6
201300051001,0013-08-08 15:08:00,13,8,8,15,8,750,106,"126, BOULEVARD RASPAIL",,,Plein jour,En agglomération,Hors intersection,Normale,Autre collision,,,,,,,,,,,1,2,1,1.0,6
201300051002,0013-08-11 17:47:00,13,8,11,17,47,750,106,"91, BOULEVARD SAINT GERM",,,Plein jour,En agglomération,Place,Normale,Autre collision,,,,,,,,,,,1,2,7,1.0,6
201300051003,0013-08-22 19:55:00,13,8,22,19,55,750,106,"132, RUE DE VAUGIRARD",,,Plein jour,En agglomération,Intersection à plus de 4 branches,Normale,Autre collision,,,,,,,,,,,1,2,5,1.0,6
201300051004,0013-08-25 01:50:00,13,8,25,1,50,750,105,"2, BOULEVARD SAINT MICHE",,,Nuit avec éclairage allumé,En agglomération,Intersection à plus de 4 branches,Pluie légère,Deux véhicules - côté,,,,,,,,,,,5,2,5,2.0,3
201300051005,0013-08-27 14:35:00,13,8,27,14,35,750,106,"138, BOULEVARD RASPAIL",,,Plein jour,En agglomération,Hors intersection,Normale,Sans collision,,,,,,,,,,,1,2,1,1.0,7
201300051006,0013-09-01 14:00:00,13,9,1,14,0,750,106,"53, RUE DES SAINTS PERES",,,Plein jour,En agglomération,Hors intersection,Normale,Autre collision,,,,,,,,,,,1,2,1,1.0,6
201300051007,0013-09-04 10:25:00,13,9,4,10,25,750,106,"27, BOULEVARD DU MONTPAR",,,Plein jour,En agglomération,Intersection à plus de 4 branches,Normale,Autre collision,,,,,,,,,,,1,2,5,1.0,6
201300051008,0013-09-08 06:40:00,13,9,8,6,40,750,106,"151B, RUE DE RENNES",,,Nuit avec éclairage allumé,En agglomération,Hors intersection,Normale,Autre collision,,,,,,,,,,,5,2,1,1.0,6
201300051009,0013-09-08 16:45:00,13,9,8,16,45,750,106,"13, QUAI MALAQUAIS",,,Plein jour,En agglomération,Hors intersection,Pluie légère,Deux véhicules - arrière,,,,,,,,,,,1,2,1,2.0,2
201300051010,0013-09-13 18:50:00,13,9,13,18,50,750,106,"76, RUE D ASSAS",,,Nuit avec éclairage allumé,En agglomération,Intersection en Y,Normale,Deux véhicules - côté,,,,,,,,,,,5,2,4,1.0,3
201300051011,0013-09-17 23:08:00,13,9,17,23,8,750,106,"122, BOULEVARD SAINT GER",,,Nuit avec éclairage allumé,En agglomération,Intersection en X,Pluie légère,Sans collision,,,,,,,,,,,5,2,2,2.0,7
201300051012,0013-09-18 02:25:00,13,9,18,2,25,750,106,"146, BOULEVARD SAINT GER",,,Nuit avec éclairage allumé,En agglomération,Intersection en X,Pluie légère,Deux véhicules - côté,,,,,,,,,,,5,2,2,2.0,3
201300051013,0013-09-20 14:13:00,13,9,20,14,13,750,106,"6, BOULEVARD SAINT MICHE",,,Plein jour,En agglomération,Intersection en X,Normale,Deux véhicules - arrière,,,,,,,,,,,1,2,2,1.0,2
201300051014,0013-09-20 17:20:00,13,9,20,17,20,750,106,"55, RUE DE SEVRES",,,Plein jour,En agglomération,Intersection en X,Normale,Deux véhicules - côté,,,,,,,,,,,1,2,2,1.0,3
201300051015,0013-09-22 18:25:00,13,9,22,18,25,750,106,"4, PLACE DE L ODEON",,,Plein jour,En agglomération,Place,Temps couvert,Deux véhicules - côté,,,,,,,,,,,1,2,7,8.0,3
201300051016,0013-09-24 13:03:00,13,9,24,13,3,750,106,"24, RUE DE VAUGIRARD",,,Plein jour,En agglomération,Hors intersection,Normale,Trois véhicules et plus - en chaîne,,,,,,,,,,,1,2,1,1.0,4
201300051017,0013-09-25 06:30:00,13,9,25,6,30,750,106,"19, BOULEVARD DU MONTPAR",,,Crépuscule ou aube,En agglomération,Intersection en X,Normale,Deux véhicules - arrière,,,,,,,,,,,2,2,2,1.0,2
201300051018,0013-09-25 13:05:00,13,9,25,13,5,750,106,"102, RUE DE VAUGIRARD",,,Plein jour,En agglomération,Intersection en X,Normale,Deux véhicules - arrière,,,,,,,,,,,1,2,2,1.0,2
201300051019,0013-09-26 12:20:00,13,9,26,12,20,750,106,"101, BOULEVARD DU MONTPA",,,Plein jour,En agglomération,Intersection en T,Normale,Autre collision,,,,,,,,,,,1,2,3,1.0,6
201300051020,0013-09-27 20:20:00,13,9,27,20,20,750,106,"9, RUE DES QUATRE VENTS",,,Nuit avec éclairage allumé,En agglomération,Hors intersection,Normale,Sans collision,,,,,,,,,,,5,2,1,1.0,7
201300051021,0013-10-01 12:05:00,13,10,1,12,5,750,106,BOULEVARD SAINT GERMAIN,,,Plein jour,En agglomération,Place,Normale,Deux véhicules - côté,,,,,,,,,,,1,2,7,1.0,3
201300051022,0013-10-03 14:05:00,13,10,3,14,5,750,106,"05, QUAI DE CONTI",,,Plein jour,En agglomération,Intersection en T,Normale,Sans collision,,,,,,,,,,,1,2,3,1.0,7
201300051023,0013-10-03 21:23:00,13,10,3,21,23,750,105,"49, RUE MONGE",,,Nuit avec éclairage allumé,En agglomération,Hors intersection,Pluie légère,Autre collision,,,,,,,,,,,5,2,1,2.0,6
201300051024,0013-10-04 08:40:00,13,10,4,8,40,750,106,"135, BOULEVARD DU MONTPA",,,Plein jour,En agglomération,Intersection en T,Temps couvert,Sans collision,,,,,,,,,,,1,2,3,8.0,7
201300051025,0013-10-04 21:58:00,13,10,4,21,58,750,106,"1, PONT SAINT MICHEL",,,Nuit avec éclairage allumé,En agglomération,Intersection à plus de 4 branches,Normale,Autre collision,,,,,,,,,,,5,2,5,1.0,6
201300051026,0013-10-11 19:45:00,13,10,11,19,45,750,106,RUE DE RENNES,,,Nuit avec éclairage allumé,En agglomération,Hors intersection,Normale,Deux véhicules - côté,,,,,,,,,,,5,2,1,1.0,3
201300051027,0013-10-12 04:47:00,13,10,12,4,47,750,106,"47, RUE DE VAUGIRARD",,,Nuit avec éclairage allumé,En agglomération,Intersection en X,Normale,Autre collision,,,,,,,,,,,5,2,2,1.0,6
201300051028,0013-10-14 06:30:00,13,10,14,6,30,750,106,"73, RUE DE SEVRES",,,Plein jour,En agglomération,Intersection en T,Normale,Deux véhicules - frontale,,,,,,,,,,,1,2,3,1.0,1
201300051029,0013-10-16 12:40:00,13,10,16,12,40,750,106,"122, BOULEVARD SAINT GER",,,Plein jour,En agglomération,Intersection en X,Pluie légère,Autre collision,,,,,,,,,,,1,2,2,2.0,6
201300051030,0013-10-16 15:55:00,13,10,16,15,55,750,106,"82, BOULEVARD RASPAIL",,,Plein jour,En agglomération,Intersection en X,Pluie forte,Deux véhicules - côté,,,,,,,,,,,1,2,2,3.0,3
201300051031,0013-10-18 18:20:00,13,10,18,18,20,750,106,"133, BOULEVARD DU MONTPA",,,Crépuscule ou aube,En agglomération,Hors intersection,Normale,Deux véhicules - côté,,,,,,,,,,,2,2,1,1.0,3
201300051032,0013-10-19 19:05:00,13,10,19,19,5,750,106,"20, BOULEVARD SAINT MICH",,,Nuit avec éclairage allumé,En agglomération,Hors intersection,Normale,Autre collision,,,,,,,,,,,5,2,1,1.0,6
201300051033,0013-10-21 15:15:00,13,10,21,15,15,750,106,"8, RUE DE L ECOLE DE MED",,,Plein jour,En agglomération,Hors intersection,Normale,Sans collision,,,,,,,,,,,1,2,1,1.0,7
201300051034,0013-10-23 10:15:00,13,10,23,10,15,750,106,"117, BOULEVARD DU MONTPA",,,Plein jour,En agglomération,Intersection à plus de 4 branches,Normale,Autre collision,,,,,,,,,,,1,2,5,1.0,6
201300051035,0013-10-24 01:19:00,13,10,24,1,19,750,106,"1, QUAI DE CONTI",,,Nuit avec éclairage allumé,En agglomération,Intersection en Y,Normale,Deux véhicules - côté,,,,,,,,,,,5,2,4,1.0,3
201300051036,0013-10-25 08:49:00,13,10,25,8,49,750,106,BOULEVARD DU MONTPARNASS,,,Plein jour,En agglomération,Intersection en X,Temps couvert,Deux véhicules - arrière,,,,,,,,,,,1,2,2,8.0,2
201300051037,0013-10-25 19:20:00,13,10,25,19,20,750,106,"33, QUAI DES GRANDS AUGU",,,Nuit avec éclairage allumé,En agglomération,Intersection en T,Pluie légère,Autre collision,,,,,,,,,,,5,2,3,2.0,6
201300051038,0013-10-25 18:50:00,13,10,25,18,50,750,106,"4, PLACE EDMOND ROSTAND",,,Nuit avec éclairage allumé,En agglomération,Place,Pluie légère,Deux véhicules - côté,,,,,,,,,,,5,2,7,2.0,3
201300051039,0013-10-25 18:15:00,13,10,25,18,15,750,106,"25, QUAI DES GRANDS AUGU",,,Crépuscule ou aube,En agglomération,Intersection en T,Pluie légère,Deux véhicules - côté,,,,,,,,,,,2,2,3,2.0,3
201300051040,0013-10-26 18:20:00,13,10,26,18,20,750,106,"22, BOULEVARD SAINT MICH",,,Crépuscule ou aube,En agglomération,Hors intersection,Pluie légère,Sans collision,,,,,,,,,,,2,2,1,2.0,7