accident_id,datetime,annee,mois,jour,heure,minute,departement,commune_insee,adresse,latitude,longitude,luminosite,agglomeration,intersection,meteo,collision,nb_vehicules,nb_usagers,nb_indemnes,nb_tues,nb_blesses_hosp,nb_blesses_legers,age_cond_1,age_cond_2,veh_type_cond_1,veh_type_cond_2,lum_code,agg_code,int_code,atm_code,col_code
201300051168,0013-06-27 11:45:00,13,6,27,11,45,750,107,"41, RUE DE LILLE",,,Plein jour,En agglomération,Hors intersection,Normale,Deux véhicules - arrière,,,,,,,,,,,1,2,1,1.0,2
201300051169,0013-06-28 09:20:00,13,6,28,9,20,750,107,"29, RUE DU BAC",,,Plein jour,En agglomération,Intersection en X,Pluie légère,Deux véhicules - arrière,,,,,,,,,,,1,2,2,2.0,2
201300051170,0013-06-30 07:15:00,13,6,30,7,15,750,107,"05, QUAI ANATOLE FRANCE",,,Plein jour,En agglomération,Intersection en Y,Normale,Sans collision,,,,,,,,,,,1,2,4,1.0,7
201300051171,0013-07-07 01:45:00,13,7,7,1,45,750,107,"33, QUAI D ORSAY",,,Nuit sans éclairage public,En agglomération,Intersection à plus de 4 branches,Normale,Autre collision,,,,,,,,,,,3,2,5,1.0,6
201300051172,0013-07-07 13:40:00,13,7,7,13,40,750,107,"39, QUAI D ORSAY",,,Plein jour,En agglomération,Place,Temps éblouissant,Deux véhicules - côté,,,,,,,,,,,1,2,7,7.0,3
201300051173,0013-07-07 19:20:00,13,7,7,19,20,750,107,"128, RUE DE L UNIVERSITE",,,Plein jour,En agglomération,Hors intersection,Normale,Sans collision,,,,,,,,,,,1,2,1,1.0,7
201300051174,0013-07-08 09:55:00,13,7,8,9,55,750,107,QUAI BRANLY,,,Plein jour,En agglomération,Intersection à plus de 4 branches,Normale,Sans collision,,,,,,,,,,,1,2,5,1.0,7
201300051175,0013-07-09 12:30:00,13,7,9,12,30,750,107,"5, QUAI VOLTAIRE",,,Plein jour,En agglomération,Intersection en T,Normale,Deux véhicules - côté,,,,,,,,,,,1,2,3,1.0,3
201300051176,0013-07-10 09:25:00,13,7,10,9,25,750,107,"75, RUE DE VARENNE",,,Plein jour,En agglomération,Intersection en T,Normale,Autre collision,,,,,,,,,,,1,2,3,1.0,6
201300051177,0013-07-10 15:05:00,13,7,10,15,5,750,107,"40, RUE DE SEVRES",,,Plein jour,En agglomération,Hors intersection,Normale,Autre collision,,,,,,,,,,,1,2,1,1.0,6
201300051178,0013-07-11 16:30:00,13,7,11,16,30,750,107,"135, RUE DE GRENELLE",,,Plein jour,En agglomération,Intersection en T,Normale,Autre collision,,,,,,,,,,,1,2,3,1.0,6
201300051179,0013-07-13 05:00:00,13,7,13,5,0,750,107,"35, RUE DU BAC",,,Nuit avec éclairage allumé,En agglomération,Intersection en X,Normale,Autre collision,,,,,,,,,,,5,2,2,1.0,6
201300051180,0013-07-14 06:40:00,13,7,14,6,40,750,107,"57, QUAI D ORSAY",,,Plein jour,En agglomération,Intersection en T,Normale,Deux véhicules - côté,,,,,,,,,,,1,2,3,1.0,3
201300051181,0013-07-18 16:45:00,13,7,18,16,45,750,107,"34, BOULEVARD DES INVALI",,,Plein jour,En agglomération,Intersection en X,Normale,Deux véhicules - arrière,,,,,,,,,,,1,2,2,1.0,2
201300051182,0013-07-18 19:50:00,13,7,18,19,50,750,107,AVENUE DU MARECHAL GALLI,,,Plein jour,En agglomération,Intersection en X,Normale,Deux véhicules - côté,,,,,,,,,,,1,2,2,1.0,3
201300051183,0013-07-25 04:45:00,13,7,25,4,45,750,107,"1, PLACE JOFFRE",,,Nuit avec éclairage allumé,En agglomération,Intersection en T,Normale,Sans collision,,,,,,,,,,,5,2,3,1.0,7
201300051184,0013-07-26 19:00:00,13,7,26,19,0,750,107,"37, QUAI D ORSAY",,,Plein jour,En agglomération,Hors intersection,Normale,Deux véhicules - arrière,,,,,,,,,,,1,2,1,1.0,2
201300051185,0013-07-28 14:15:00,13,7,28,14,15,750,107,RUE DE BOURGOGNE,,,Plein jour,En agglomération,Intersection en X,Normale,Deux véhicules - côté,,,,,,,,,,,1,2,2,1.0,3
201300051186,0013-07-30 17:30:00,13,7,30,17,30,750,107,"13, BOULEVARD RASPAIL",,,Plein jour,En agglomération,Intersection à plus de 4 branches,Normale,Deux véhicules - côté,,,,,,,,,,,1,2,5,1.0,3
201300051187,0013-08-01 11:10:00,13,8,1,11,10,750,107,"131, AVENUE DE SUFFREN",,,Plein jour,En agglomération,Intersection en X,Normale,Sans collision,,,,,,,,,,,1,2,2,1.0,7
201300051188,0013-08-13 13:50:00,13,8,13,13,50,750,107,QUAI BRANLY,,,Plein jour,En agglomération,Hors intersection,Normale,Trois véhicules et plus - en chaîne,,,,,,,,,,,1,2,1,1.0,4
201300051189,0013-08-19 15:40:00,13,8,19,15,40,750,107,RUE DE VARENNE,,,Plein jour,En agglomération,Intersection en X,Normale,Deux véhicules - côté,,,,,,,,,,,1,2,2,1.0,3
201300051190,0013-08-23 16:30:00,13,8,23,16,30,750,107,QUAI D ORSAY,,,Plein jour,En agglomération,Intersection en X,Normale,Deux véhicules - arrière,,,,,,,,,,,1,2,2,1.0,2
201300051191,0013-08-25 15:15:00,13,8,25,15,15,750,107,"7, AVENUE DE LA BOURDONN",,,Plein jour,En agglomération,Intersection en T,Pluie légère,Deux véhicules - côté,,,,,,,,,,,1,2,3,2.0,3
201300051192,0013-08-27 17:15:00,13,8,27,17,15,750,107,BOULEVARD RASPAIL,,,Plein jour,En agglomération,Intersection en X,Normale,Autre collision,,,,,,,,,,,1,2,2,1.0,6
201300051193,0013-08-31 17:00:00,13,8,31,17,0,750,107,"241, BOULEVARD SAINT GER",,,Plein jour,En agglomération,Hors intersection,Normale,Deux véhicules - arrière,,,,,,,,,,,1,2,1,1.0,2
201300051194,0013-09-04 12:30:00,13,9,4,12,30,750,107,"79, QUAI D ORSAY",,,Plein jour,En agglomération,Hors intersection,Normale,Sans collision,,,,,,,,,,,1,2,1,1.0,7
201300051195,0013-09-06 01:45:00,13,9,6,1,45,750,107,QUAI BRANLY,,,Nuit avec éclairage allumé,En agglomération,Intersection à plus de 4 branches,Normale,Autre collision,,,,,,,,,,,5,2,5,1.0,6
201300051196,0013-09-06 12:30:00,13,9,6,12,30,750,107,"71, QUAI BRANLY",,,Plein jour,En agglomération,Intersection à plus de 4 branches,Pluie légère,Deux véhicules - côté,,,,,,,,,,,1,2,5,2.0,3
201300051197,0013-09-07 09:50:00,13,9,7,9,50,750,107,"70, RUE DU BAC",,,Plein jour,En agglomération,Hors intersection,Normale,Deux véhicules - arrière,,,,,,,,,,,1,2,1,1.0,2
201300051198,0013-09-09 09:15:00,13,9,9,9,15,750,107,"256, BOULEVARD SAINT GER",,,Plein jour,En agglomération,Intersection en X,Normale,Deux véhicules - côté,,,,,,,,,,,1,2,2,1.0,3
201300051199,0013-09-10 12:35:00,13,9,10,12,35,750,107,"32, RUE FABERT",,,Plein jour,En agglomération,Intersection en X,Normale,Deux véhicules - côté,,,,,,,,,,,1,2,2,1.0,3
201300051200,0013-09-11 18:35:00,13,9,11,18,35,750,107,"01, PLACE DU PRESIDENT M",,,Plein jour,En agglomération,Place,Normale,Autre collision,,,,,,,,,,,1,2,7,1.0,6
201300051201,0013-09-12 11:10:00,13,9,12,11,10,750,107,"27, RUE DU CHAMP DE MARS",,,Plein jour,En agglomération,Hors intersection,Normale,Deux véhicules - arrière,,,,,,,,,,,1,2,1,1.0,2
201300051202,0013-09-17 17:45:00,13,9,17,17,45,750,107,"XVII7747, AVENUE DU MARE",,,Plein jour,En agglomération,Intersection en X,Pluie légère,Deux véhicules - frontale,,,,,,,,,,,1,2,2,2.0,1
201300051203,0013-09-19 08:40:00,13,9,19,8,40,750,107,"117, RUE DE L UNIVERSITE",,,Plein jour,En agglomération,Intersection en X,Normale,Deux véhicules - côté,,,,,,,,,,,1,2,2,1.0,3
201300051204,0013-09-19 17:40:00,13,9,19,17,40,750,107,ROND POINT DU BLEUET DE,,,Plein jour,En agglomération,Hors intersection,Normale,Sans collision,,,,,,,,,,,1,2,1,1.0,7
201300051205,0013-09-20 00:55:00,13,9,20,0,55,750,107,"46, BOULEVARD RASPAIL",,,Nuit avec éclairage allumé,En agglomération,Intersection en X,Temps couvert,Autre collision,,,,,,,,,,,5,2,2,8.0,6
201300051206,0013-09-22 04:55:00,13,9,22,4,55,750,107,"288, BOULEVARD SAINT GER",,,Nuit avec éclairage allumé,En agglomération,Intersection en X,Normale,Autre collision,,,,,,,,,,,5,2,2,1.0,6
201300051207,0013-09-23 09:00:00,13,9,23,9,0,750,107,"78, RUE DE VARENNE",,,Plein jour,En agglomération,Intersection en T,Normale,Deux véhicules - côté,,,,,,,,,,,1,2,3,1.0,3
201300051208,0013-09-23 23:50:00,13,9,23,23,50,750,107,QUAI D ORSAY,,,Nuit avec éclairage allumé,En agglomération,Intersection à plus de 4 branches,Normale,Deux véhicules - arrière,,,,,,,,,,,5,2,5,1.0,2
201300051209,0013-09-25 19:50:00,13,9,25,19,50,750,107,"32, RUE DE VARENNE",,,Nuit avec éclairage allumé,En agglomération,Hors intersection,Normale,Deux véhicules - arrière,,,,,,,,,,,5,2,1,1.0,2
201300051210,0013-09-28 09:00:00,13,9,28,9,0,750,107,AVENUE DE TOURVILLE,,,Plein jour,En agglomération,Intersection en T,Temps couvert,Autre collision,,,,,,,,,,,1,2,3,8.0,6
201300051211,0013-09-29 20:20:00,13,9,29,20,20,750,107,"42, QUAI BRANLY",,,Nuit avec éclairage allumé,En agglomération,Intersection à plus de 4 branches,Pluie légère,Autre collision,,,,,,,,,,,5,2,5,2.0,6
201300051212,0013-09-30 10:15:00,13,9,30,10,15,750,107,"103 bis, RUE DE GRENELLE",,,Plein jour,En agglomération,Intersection en T,Normale,Sans collision,,,,,,,,,,,1,2,3,1.0,7
201300051213,0013-09-30 15:05:00,13,9,30,15,5,750,107,"45, AVENUE BOSQUET",,,Plein jour,En agglomération,Hors intersection,Normale,Deux véhicules - arrière,,,,,,,,,,,1,2,1,1.0,2
201300051214,0013-09-30 22:10:00,13,9,30,22,10,750,107,"01, QUAI VOLTAIRE",,,Nuit avec éclairage allumé,En agglomération,Intersection en T,Normale,Sans collision,,,,,,,,,,,5,2,3,1.0,7
201300051215,0013-10-03 15:50:00,13,10,3,15,50,750,107,AVENUE DU MARECHAL GALLI,,,Plein jour,En agglomération,Intersection en X,Pluie légère,Deux véhicules - frontale,,,,,,,,,,,1,2,2,2.0,1
201300051216,0013-10-06 04:35:00,13,10,6,4,35,750,107,PLACE HENRY DE MONTHERLA,,,Nuit sans éclairage public,En agglomération,Place,Normale,Autre collision,,,,,,,,,,,3,2,7,1.0,6
201300051217,0013-10-08 10:05:00,13,10,8,10,5,750,107,"55, AVENUE BOSQUET",,,Plein jour,En agglomération,Hors intersection,Normale,Autre collision,,,,,,,,,,,1,2,1,1.0,6
201300051218,0013-10-11 07:30:00,13,10,11,7,30,750,107,QUAI BRANLY,,,Nuit avec éclairage allumé,En agglomération,Intersection en X,Pluie légère,Autre collision,,,,,,,,,,,5,2,2,2.0,6
201300051219,0013-10-11 09:00:00,13,10,11,9,0,750,108,PONT DE LA CONCORDE,,,Plein jour,En agglomération,Intersection en X,Temps couvert,Deux véhicules - arrière,,,,,,,,,,,1,2,2,8.0,2
201300051220,0013-10-13 11:20:00,13,10,13,11,20,750,107,"27, AVENUE DE LA MOTTE P",,,Plein jour,En agglomération,Hors intersection,Normale,Deux véhicules - frontale,,,,,,,,,,,1,2,1,1.0,1
201300051221,0013-10-14 09:30:00,13,10,14,9,30,750,107,"01, QUAI VOLTAIRE",,,Plein jour,En agglomération,Intersection en X,Normale,Deux véhicules - arrière,,,,,,,,,,,1,2,2,1.0,2
201300051222,0013-10-20 02:52:00,13,10,20,2,52,750,107,"50, RUE FABERT",,,Nuit avec éclairage allumé,En agglomération,Intersection à plus de 4 branches,Normale,Autre collision,,,,,,,,,,,5,2,5,1.0,6
201300051223,0013-10-20 03:15:00,13,10,20,3,15,750,107,"280, BOULEVARD SAINT GER",,,Nuit avec éclairage allumé,En agglomération,Intersection en X,Normale,Autre collision,,,,,,,,,,,5,2,2,1.0,6
201300051224,0013-10-20 09:10:00,13,10,20,9,10,750,107,"11, AVENUE DE LOWENDAL",,,Plein jour,En agglomération,Place,Pluie légère,Autre collision,,,,,,,,,,,1,2,7,2.0,6
201300051225,0013-10-22 18:40:00,13,10,22,18,40,750,107,"13, PLACE JOFFRE",,,Nuit avec éclairage allumé,En agglomération,Hors intersection,Temps couvert,Sans collision,,,,,,,,,,,5,2,1,8.0,7
201300051226,0013-10-23 18:40:00,13,10,23,18,40,750,107,"77, RUE DE VARENNE",,,Nuit avec éclairage allumé,En agglomération,Hors intersection,Normale,Autre collision,,,,,,,,,,,5,2,1,1.0,6
201300051227,0013-10-24 16:10:00,13,10,24,16,10,750,107,"33, QUAI D ORSAY",,,Plein jour,En agglomération,Intersection à plus de 4 branches,Normale,Deux véhicules - côté,,,,,,,,,,,1,2,5,1.0,3
201300051228,0013-10-24 19:00:00,13,10,24,19,0,750,107,"2, PLACE JOFFRE",,,Crépuscule ou aube,En agglomération,Place,Normale,Autre collision,,,,,,,,,,,2,2,7,1.0,6
201300051229,0013-10-27 22:55:00,13,10,27,22,55,750,107,PLACE PIERRE LAROQUE,,,Nuit avec éclairage allumé,En agglomération,Intersection en X,Normale,Autre collision,,,,,,,,,,,5,2,2,1.0,6
201300051230,0013-10-27 02:50:00,13,10,27,2,50,750,107,"14 bis, RUE OUDINOT",,,Nuit avec éclairage allumé,En agglomération,Intersection en T,Normale,Autre collision,,,,,,,,,,,5,2,3,1.0,6
201300051231,0013-11-04 17:10:00,13,11,4,17,10,750,107,"01, PLACE EL SALVADOR",,,Nuit avec éclairage allumé,En agglomération,Place,Normale,Deux véhicules - côté,,,,,,,,,,,5,2,7,1.0,3
201300051232,0013-11-06 09:30:00,13,11,6,9,30,750,107,"88 BIS, BOULEVARD DE LA",,,Plein jour,En agglomération,Hors intersection,Temps couvert,Sans collision,,,,,,,,,,,1,2,1,8.0,7
201300051233,0013-11-12 08:10:00,13,11,12,8,10,750,107,"18, AVENUE DE VILLARS",,,Plein jour,En agglomération,Intersection en X,Pluie légère,Autre collision,,,,,,,,,,,1,2,2,2.0,6
201300051234,0013-11-12 09:10:00,13,11,12,9,10,750,107,BOULEVARD DES INVALIDES,,,Plein jour,En agglomération,Intersection à plus de 4 branches,Pluie légère,Deux véhicules - arrière,,,,,,,,,,,1,2,5,2.0,2
201300051235,0013-11-12 20:20:00,13,11,12,20,20,750,107,QUAI BRANLY,,,Nuit avec éclairage allumé,En agglomération,Hors intersection,Pluie légère,Autre collision,,,,,,,,,,,5,2,1,2.0,6
201300051236,0013-11-13 15:35:00,13,11,13,15,35,750,107,"47, QUAI BRANLY",,,Plein jour,En agglomération,Hors intersection,Normale,Trois véhicules et plus - en chaîne,,,,,,,,,,,1,2,1,1.0,4
201300051237,0013-11-13 22:25:00,13,11,13,22,25,750,107,"1bis, AVENUE DE LOWENDAL",,,Nuit sans éclairage public,En agglomération,Intersection en T,Normale,Deux véhicules - arrière,,,,,,,,,,,3,2,3,1.0,2
201300051238,0013-11-15 09:35:00,13,11,15,9,35,750,107,"5, QUAI ANATOLE FRANCE",,,Plein jour,En agglomération,Intersection en Y,Temps couvert,Deux véhicules - côté,,,,,,,,,,,1,2,4,8.0,3
201300051239,0013-11-15 22:30:00,13,11,15,22,30,750,107,"47, AVENUE DE SUFFREN",,,Nuit avec éclairage allumé,En agglomération,Intersection en T,Normale,Deux véhicules - côté,,,,,,,,,,,5,2,3,1.0,3
201300051240,0013-11-18 15:25:00,13,11,18,15,25,750,107,PLACE LE CORBUSIER,,,Plein jour,En agglomération,Place,Normale,Deux véhicules - côté,,,,,,,,,,,1,2,7,1.0,3
201300051241,0013-11-20 09:00:00,13,11,20,9,0,750,107,PLACE VAUBAN,,,Plein jour,En agglomération,Place,Normale,Deux véhicules - côté,,,,,,,,,,,1,2,7,1.0,3
201300051242,0013-11-20 11:55:00,13,11,20,11,55,750,107,"36, RUE DU BAC",,,Plein jour,En agglomération,Hors intersection,Normale,Deux véhicules - arrière,,,,,,,,,,,1,2,1,1.0,2
201300051243,0013-11-20 12:35:00,13,11,20,12,35,750,107,"27, QUAI BRANLY",,,Plein jour,En agglomération,Hors intersection,Normale,Autre collision,,,,,,,,,,,1,2,1,1.0,6
201300051244,0013-11-20 14:55:00,13,11,20,14,55,750,107,ROND POINT DU BLEUET DE,,,Plein jour,En agglomération,Place,Pluie légère,Autre collision,,,,,,,,,,,1,2,7,2.0,6
201300051245,0013-11-20 17:55:00,13,11,20,17,55,750,107,"1, AVENUE SULLY PRUDHOMM",,,Nuit avec éclairage allumé,En agglomération,Intersection en T,Pluie légère,Autre collision,,,,,,,,,,,5,2,3,2.0,6
201300051246,0013-11-21 16:35:00,13,11,21,16,35,750,107,"142, RUE DU BAC",,,Plein jour,En agglomération,Hors intersection,Pluie légère,Autre collision,,,,,,,,,,,1,2,1,2.0,6
201300051247,0013-11-22 17:25:00,13,11,22,17,25,750,107,"3, AVENUE DE LOWENDAL",,,Nuit sans éclairage public,En agglomération,Hors intersection,Normale,Sans collision,,,,,,,,,,,3,2,1,1.0,7
201300051248,0013-11-25 09:35:00,13,11,25,9,35,750,107,RUE DE SEVRES,,,Plein jour,En agglomération,Intersection en T,Normale,Sans collision,,,,,,,,,,,1,2,3,1.0,7
201300051249,0013-11-27 08:55:00,13,11,27,8,55,750,107,"53, QUAI D ORSAY",,,Plein jour,En agglomération,Intersection en T,Normale,Deux véhicules - arrière,,,,,,,,,,,1,2,3,1.0,2
201300051250,0013-11-27 08:55:00,13,11,27,8,55,750,107,"9, BOULEVARD RASPAIL",,,Plein jour,En agglomération,Intersection en X,Normale,Autre collision,,,,,,,,,,,1,2,2,1.0,6
201300051251,0013-11-28 00:01:00,13,11,28,0,1,750,107,QUAI D ORSAY,,,Nuit avec éclairage allumé,En agglomération,Intersection en T,Normale,Deux véhicules - côté,,,,,,,,,,,5,2,3,1.0,3
201300051252,0013-11-29 19:10:00,13,11,29,19,10,750,107,QUAI D ORSAY,,,Nuit avec éclairage allumé,En agglomération,Intersection en X,Pluie légère,Deux véhicules - côté,,,,,,,,,,,5,2,2,2.0,3
201300051253,0013-12-02 12:25:00,13,12,2,12,25,750,107,"58, BOULEVARD DE LA TOUR",,,Plein jour,En agglomération,Intersection en X,Normale,Deux véhicules - côté,,,,,,,,,,,1,2,2,1.0,3
201300051254,0013-12-04 10:00:00,13,12,4,10,0,750,107,"11, AVENUE DE SEGUR",,,Plein jour,En agglomération,Intersection en Y,Normale,Deux véhicules - côté,,,,,,,,,,,1,2,4,1.0,3
201300051255,0013-12-14 17:15:00,13,12,14,17,15,750,107,QUAI D ORSAY,,,Nuit avec éclairage allumé,En agglomération,Intersection en T,Normale,Deux véhicules - arrière,,,,,,,,,,,5,2,3,1.0,2
201300051256,0013-12-15 01:39:00,13,12,15,1,39,750,107,QUAI D ORSAY,,,Nuit avec éclairage allumé,En agglomération,Hors intersection,Normale,Sans collision,,,,,,,,,,,5,2,1,1.0,7
201300051257,0013-12-16 12:40:00,13,12,16,12,40,750,107,RUE DE SEVRES,,,Plein jour,En agglomération,Place,Normale,Deux véhicules - arrière,,,,,,,,,,,1,2,7,1.0,2
201300051258,0013-12-16 15:30:00,13,12,16,15,30,750,107,"34, RUE VANEAU",,,Plein jour,En agglomération,Hors intersection,Normale,Deux véhicules - arrière,,,,,,,,,,,1,2,1,1.0,2
201300051259,0013-12-16 16:07:00,13,12,16,16,7,750,107,RUE DES SAINTS PERES,,,Plein jour,En agglomération,Intersection en X,Normale,Deux véhicules - côté,,,,,,,,,,,1,2,2,1.0,3
201300051260,0013-12-18 13:20:00,13,12,18,13,20,750,107,"2, RUE SEDILLOT",,,Plein jour,En agglomération,Intersection en X,Normale,Autre collision,,,,,,,,,,,1,2,2,1.0,6
201300051261,0013-12-18 14:05:00,13,12,18,14,5,750,107,"152, RUE DE GRENELLE",,,Plein jour,En agglomération,Intersection en X,Normale,Autre collision,,,,,,,,,,,1,2,2,1.0,6
201300051262,0013-12-20 16:30:00,13,12,20,16,30,750,107,"01, PLACE DE L ECOLE MIL",,,Plein jour,En agglomération,Place,Normale,Deux véhicules - côté,,,,,,,,,,,1,2,7,1.0,3
201300051263,0013-12-20 16:20:00,13,12,20,16,20,750,107,"129, RUE DE GRENELLE",,,Plein jour,En agglomération,Place,Normale,Deux véhicules - côté,,,,,,,,,,,1,2,7,1.0,3
201300051264,0013-12-24 01:50:00,13,12,24,1,50,750,107,"1, QUAI D ORSAY",,,Nuit avec éclairage allumé,En agglomération,Intersection à plus de 4 branches,Pluie légère,Deux véhicules - côté,,,,,,,,,,,5,2,5,2.0,3
201300051265,0013-12-24 11:40:00,13,12,24,11,40,750,107,"95, RUE DU BAC",,,Plein jour,En agglomération,Hors intersection,Pluie forte,Autre collision,,,,,,,,,,,1,2,1,3.0,6
201300051266,0013-12-28 04:55:00,13,12,28,4,55,750,107,"12, AVENUE DE LOWENDAL",,,Nuit avec éclairage allumé,En agglomération,Intersection en X,Pluie légère,Deux véhicules - côté,,,,,,,,,,,5,2,2,2.0,3
201300051267,0013-12-28 16:55:00,13,12,28,16,55,750,107,RUE DE VARENNE,,,Crépuscule ou aube,En agglomération,Intersection en T,Normale,Deux véhicules - côté,,,,,,,,,,,2,2,3,1.0,3
201300051268,0013-01-01 04:00:00,13,1,1,4,0,750,108,"142, BOULEVARD HAUSSMANN",,,Nuit avec éclairage allumé,En agglomération,Intersection en T,Pluie forte,Deux véhicules - côté,,,,,,,,,,,5,2,3,3.0,3
201300051269,0013-01-01 03:05:00,13,1,1,3,5,750,108,PLACE DE LA CONCORDE,,,Nuit avec éclairage allumé,En agglomération,Place,Pluie légère,Autre collision,,,,,,,,,,,5,2,7,2.0,6
201300051270,0013-01-02 23:00:00,13,1,2,23,0,750,108,AVENUE DES CHAMPS ELYSEE,,,Nuit avec éclairage allumé,En agglomération,Hors intersection,Pluie légère,Sans collision,,,,,,,,,,,5,2,1,2.0,7
201300051271,0013-01-03 00:01:00,13,1,3,0,1,750,108,"64, RUE DE COURCELLES",,,Nuit avec éclairage allumé,En agglomération,Hors intersection,Pluie légère,Deux véhicules - côté,,,,,,,,,,,5,2,1,2.0,3
201300051272,0013-01-04 19:20:00,13,1,4,19,20,750,108,"122, RUE DU FAUBOURG SAI",,,Nuit avec éclairage allumé,En agglomération,Hors intersection,Normale,Deux véhicules - arrière,,,,,,,,,,,5,2,1,1.0,2
201300051273,0013-01-09 19:10:00,13,1,9,19,10,750,108,"122, BOULEVARD HAUSSMANN",,,Nuit avec éclairage allumé,En agglomération,Hors intersection,Pluie légère,Sans collision,,,,,,,,,,,5,2,1,2.0,7
201300051274,0013-01-10 07:55:00,13,1,10,7,55,750,108,"34, AVENUE MARCEAU",,,Plein jour,En agglomération,Place,Pluie légère,Autre collision,,,,,,,,,,,1,2,7,2.0,6
201300051275,0013-01-10 18:30:00,13,1,10,18,30,750,108,COURS LA REINE,,,Nuit avec éclairage allumé,En agglomération,Intersection en Y,Pluie légère,Autre collision,,,,,,,,,,,5,2,4,2.0,6
201300051276,0013-01-11 00:20:00,13,1,11,0,20,750,108,"4, PLACE DE LA CONCORDE",,,Nuit avec éclairage allumé,En agglomération,Place,Pluie légère,Sans collision,,,,,,,,,,,5,2,7,2.0,7
201300051277,0013-01-11 12:11:00,13,1,11,12,11,750,108,"101, AVENUE DES CHAMPS E",,,Plein jour,En agglomération,Intersection en X,Normale,Deux véhicules - arrière,,,,,,,,,,,1,2,2,1.0,2
201300051278,0013-01-12 18:25:00,13,1,12,18,25,750,108,"1, RUE DU HAVRE",,,Nuit avec éclairage allumé,En agglomération,Intersection à plus de 4 branches,Normale,Autre collision,,,,,,,,,,,5,2,5,1.0,6
201300051279,0013-01-13 18:30:00,13,1,13,18,30,750,108,"133, AVENUE DES CHAMPS E",,,Nuit avec éclairage allumé,En agglomération,Place,Pluie légère,Autre collision,,,,,,,,,,,5,2,7,2.0,6
201300051280,0013-01-14 11:30:00,13,1,14,11,30,750,108,"17, BOULEVARD DES BATIGN",,,Plein jour,En agglomération,Intersection en T,Normale,Sans collision,,,,,,,,,,,1,2,3,1.0,7
201300051281,0013-01-15 21:30:00,13,1,15,21,30,750,108,"166, BOULEVARD HAUSSMANN",,,Nuit avec éclairage allumé,En agglomération,Intersection en X,Neige / grêle,Deux véhicules - arrière,,,,,,,,,,,5,2,2,4.0,2
201300051282,0013-01-19 21:00:00,13,1,19,21,0,750,108,PLACE SAINT AUGUSTIN,,,Nuit avec éclairage allumé,En agglomération,Intersection à plus de 4 branches,Normale,Sans collision,,,,,,,,,,,5,2,5,1.0,7
201300051283,0013-01-20 02:35:00,13,1,20,2,35,750,108,AVENUE DES CHAMPS ELYSEE,,,Nuit avec éclairage allumé,En agglomération,Hors intersection,Neige / grêle,Deux véhicules - frontale,,,,,,,,,,,5,2,1,4.0,1
201300051284,0013-01-19 23:38:00,13,1,19,23,38,750,108,"51, AVENUE GEORGE V",,,Nuit avec éclairage allumé,En agglomération,Intersection en X,Neige / grêle,Autre collision,,,,,,,,,,,5,2,2,4.0,6
201300051285,0013-01-23 07:20:00,13,1,23,7,20,750,108,"39, AVENUE DES CHAMPS EL",,,Nuit avec éclairage allumé,En agglomération,Intersection en X,Pluie légère,Deux véhicules - arrière,,,,,,,,,,,5,2,2,2.0,2
201300051286,0013-01-23 08:10:00,13,1,23,8,10,750,108,"33, BOULEVARD DE COURCEL",,,Plein jour,En agglomération,Intersection en X,Normale,Deux véhicules - côté,,,,,,,,,,,1,2,2,1.0,3
201300051287,0013-01-25 15:10:00,13,1,25,15,10,750,108,PLACE CHARLES DE GAULLE,,,Plein jour,En agglomération,Place,Normale,Deux véhicules - côté,,,,,,,,,,,1,2,7,1.0,3
201300051288,0013-01-26 18:20:00,13,1,26,18,20,750,116,"31, BOULEVARD SUCHET",,,Nuit avec éclairage allumé,En agglomération,Hors intersection,Normale,Deux véhicules - côté,,,,,,,,,,,5,2,1,1.0,3
201300051289,0013-01-26 19:15:00,13,1,26,19,15,750,108,"5, BOULEVARD MALESHERBES",,,Nuit avec éclairage allumé,En agglomération,Hors intersection,Normale,Deux véhicules - côté,,,,,,,,,,,5,2,1,1.0,3
201300051290,0013-01-26 21:12:00,13,1,26,21,12,750,108,AVENUE DES CHAMPS ELYSEE,,,Nuit avec éclairage allumé,En agglomération,Intersection en T,Normale,Trois véhicules et plus - en chaîne,,,,,,,,,,,5,2,3,1.0,4
201300051291,0013-01-29 12:45:00,13,1,29,12,45,750,108,"11, RUE DE LA PEPINIERE",,,Plein jour,En agglomération,Intersection en X,Pluie légère,Trois véhicules et plus - en chaîne,,,,,,,,,,,1,2,2,2.0,4
201300051292,0013-01-29 19:00:00,13,1,29,19,0,750,108,RUE D ASTORG,,,Nuit avec éclairage allumé,En agglomération,Intersection en X,Normale,Autre collision,,,,,,,,,,,5,2,2,1.0,6
201300051293,0013-01-30 13:00:00,13,1,30,13,0,750,108,"47, AVENUE DE FRIEDLAND",,,Plein jour,En agglomération,Intersection en X,Pluie légère,Deux véhicules - arrière,,,,,,,,,,,1,2,2,2.0,2
201300051294,0013-02-03 20:25:00,13,2,3,20,25,750,108,AVENUE MATIGNON,,,Nuit avec éclairage allumé,En agglomération,Hors intersection,Pluie légère,Deux véhicules - côté,,,,,,,,,,,5,2,1,2.0,3
201300051295,0013-02-03 21:10:00,13,2,3,21,10,750,108,"2, AVENUE DE MARIGNY",,,Nuit avec éclairage allumé,En agglomération,Intersection en X,Pluie légère,Deux véhicules - arrière,,,,,,,,,,,5,2,2,2.0,2