accident_id,datetime,annee,mois,jour,heure,minute,departement,commune_insee,adresse,latitude,longitude,luminosite,agglomeration,intersection,meteo,collision,nb_vehicules,nb_usagers,nb_indemnes,nb_tues,nb_blesses_hosp,nb_blesses_legers,age_cond_1,age_cond_2,veh_type_cond_1,veh_type_cond_2,lum_code,agg_code,int_code,atm_code,col_code
201300051296,0013-02-04 14:25:00,13,2,4,14,25,750,108,VOIE GEORGES POMPIDOU,,,Plein jour,En agglomération,Hors intersection,Normale,Deux véhicules - arrière,,,,,,,,,,,1,2,1,1.0,2
201300051297,0013-02-04 21:10:00,13,2,4,21,10,750,108,"02, RUE LA BOETIE",,,Nuit avec éclairage allumé,En agglomération,Place,Normale,Autre collision,,,,,,,,,,,5,2,7,1.0,6
201300051298,0013-02-05 21:30:00,13,2,5,21,30,750,108,"6, AVENUE DELCASSE",,,Nuit avec éclairage allumé,En agglomération,Hors intersection,Normale,Autre collision,,,,,,,,,,,5,2,1,1.0,6
201300051299,0013-02-06 09:30:00,13,2,6,9,30,750,108,"27, AVENUE DE FRIEDLAND",,,Plein jour,En agglomération,Intersection en X,Normale,Sans collision,,,,,,,,,,,1,2,2,1.0,7
201300051300,0013-02-07 10:00:00,13,2,7,10,0,750,108,"1, AVENUE CESAR CAIRE",,,Plein jour,En agglomération,Hors intersection,Normale,Autre collision,,,,,,,,,,,1,2,1,1.0,6
201300051301,0013-02-07 10:00:00,13,2,7,10,0,750,108,"6, RUE ARSENE HOUSSAYE",,,Plein jour,En agglomération,Intersection en T,Autre,Deux véhicules - côté,,,,,,,,,,,1,2,3,9.0,3
201300051302,0013-02-07 13:15:00,13,2,7,13,15,750,108,PONT ALEXANDRE III,,,Plein jour,En agglomération,Intersection en X,Temps couvert,Deux véhicules - côté,,,,,,,,,,,1,2,2,8.0,3
201300051303,0013-02-09 00:40:00,13,2,9,0,40,750,108,PLACE DE LA CONCORDE,,,Nuit avec éclairage allumé,En agglomération,Place,Normale,Deux véhicules - côté,,,,,,,,,,,5,2,7,1.0,3
201300051304,0013-02-09 19:00:00,13,2,9,19,0,750,108,"418, RUE SAINT HONORE",,,Nuit avec éclairage allumé,En agglomération,Hors intersection,Normale,Autre collision,,,,,,,,,,,5,2,1,1.0,6
201300051305,0013-02-11 05:34:00,13,2,11,5,34,750,108,"113, BOULEVARD HAUSSMANN",,,Nuit avec éclairage allumé,En agglomération,Intersection à plus de 4 branches,Pluie légère,Deux véhicules - côté,,,,,,,,,,,5,2,5,2.0,3
201300051306,0013-02-11 06:50:00,13,2,11,6,50,750,108,PLACE DE LA CONCORDE,,,Nuit avec éclairage allumé,En agglomération,Place,Pluie légère,Deux véhicules - côté,,,,,,,,,,,5,2,7,2.0,3
201300051307,0013-02-11 14:00:00,13,2,11,14,0,750,108,AVENUE DES CHAMPS ELYSEE,,,Plein jour,En agglomération,Intersection en T,Normale,Autre collision,,,,,,,,,,,1,2,3,1.0,6
201300051308,0013-02-11 17:10:00,13,2,11,17,10,750,108,RUE DE MIROMESNIL,,,Plein jour,En agglomération,Intersection à plus de 4 branches,Normale,Deux véhicules - côté,,,,,,,,,,,1,2,5,1.0,3
201300051309,0013-02-12 01:40:00,13,2,12,1,40,750,108,"116, AVENUE DES CHAMPS E",,,Nuit avec éclairage allumé,En agglomération,Intersection en X,Normale,Deux véhicules - côté,,,,,,,,,,,5,2,2,1.0,3
201300051310,0013-02-14 12:10:00,13,2,14,12,10,750,108,"08, AVENUE MONTAIGNE",,,Plein jour,En agglomération,Hors intersection,Pluie légère,Autre collision,,,,,,,,,,,1,2,1,2.0,6
201300051311,0013-02-14 13:30:00,13,2,14,13,30,750,108,"20, AVENUE DES CHAMPS EL",,,Plein jour,En agglomération,Intersection à plus de 4 branches,Pluie légère,Autre collision,,,,,,,,,,,1,2,5,2.0,6
201300051312,0013-02-14 14:15:00,13,2,14,14,15,750,108,BOULEVARD DE COURCELLES,,,Plein jour,En agglomération,Intersection à plus de 4 branches,Pluie légère,Deux véhicules - arrière,,,,,,,,,,,1,2,5,2.0,2
201300051313,0013-02-14 16:10:00,13,2,14,16,10,750,108,"63, BOULEVARD MALESHERBE",,,Plein jour,En agglomération,Hors intersection,Pluie légère,Deux véhicules - côté,,,,,,,,,,,1,2,1,2.0,3
201300051314,0013-02-17 02:00:00,13,2,17,2,0,750,108,"122, AVENUE DES CHAMPS E",,,Nuit avec éclairage allumé,En agglomération,Hors intersection,Normale,Autre collision,,,,,,,,,,,5,2,1,1.0,6
201300051315,0013-02-19 12:42:00,13,2,19,12,42,750,108,"102, AVENUE DES CHAMPS E",,,Plein jour,En agglomération,Intersection en X,Normale,Autre collision,,,,,,,,,,,1,2,2,1.0,6
201300051316,0013-02-19 13:20:00,13,2,19,13,20,750,108,COURS ALBERT 1ER,,,Plein jour,En agglomération,Hors intersection,Normale,Deux véhicules - côté,,,,,,,,,,,1,2,1,1.0,3
201300051317,0013-02-21 09:30:00,13,2,21,9,30,750,108,"26, AVENUE DES CHAMPS EL",,,Plein jour,En agglomération,Hors intersection,Normale,Deux véhicules - arrière,,,,,,,,,,,1,2,1,1.0,2
201300051318,0013-02-21 13:15:00,13,2,21,13,15,750,108,VOIE GEORGES POMPIDOU,,,Plein jour,En agglomération,Hors intersection,Normale,Trois véhicules et plus - en chaîne,,,,,,,,,,,1,2,1,1.0,4
201300051319,0013-02-21 14:27:00,13,2,21,14,27,750,108,"4TER, AVENUE HOCHE",,,Plein jour,En agglomération,Hors intersection,Normale,Autre collision,,,,,,,,,,,1,2,1,1.0,6
201300051320,0013-02-21 16:00:00,13,2,21,16,0,750,108,"0, VOIE GEORGES POMPIDOU",,,Plein jour,En agglomération,Hors intersection,Normale,Deux véhicules - arrière,,,,,,,,,,,1,2,1,1.0,2
201300051321,0013-02-22 22:20:00,13,2,22,22,20,750,108,"20, AVENUE DE MESSINE",,,Nuit avec éclairage allumé,En agglomération,Hors intersection,Normale,Deux véhicules - arrière,,,,,,,,,,,5,2,1,1.0,2
201300051322,0013-02-25 19:10:00,13,2,25,19,10,750,108,COURS ALBERT 1ER,,,Nuit avec éclairage allumé,En agglomération,Hors intersection,Pluie légère,Sans collision,,,,,,,,,,,5,2,1,2.0,7
201300051323,0013-02-26 09:40:00,13,2,26,9,40,750,108,"39, RUE FRANCOIS 1ER",,,Plein jour,En agglomération,Intersection en X,Normale,Autre collision,,,,,,,,,,,1,2,2,1.0,6
201300051324,0013-02-26 10:45:00,13,2,26,10,45,750,108,"16, RUE MONTALIVET",,,Plein jour,En agglomération,Hors intersection,Normale,Autre collision,,,,,,,,,,,1,2,1,1.0,6
201300051325,0013-02-27 18:00:00,13,2,27,18,0,750,108,"133, AVENUE DES CHAMPS E",,,Plein jour,En agglomération,Intersection en X,Normale,Sans collision,,,,,,,,,,,1,2,2,1.0,7
201300051326,0013-03-05 19:50:00,13,3,5,19,50,750,108,"40, RUE DE COURCELLES",,,Nuit avec éclairage allumé,En agglomération,Hors intersection,Normale,Deux véhicules - côté,,,,,,,,,,,5,2,1,1.0,3
201300051327,0013-03-06 08:10:00,13,3,6,8,10,750,108,RUE DE COURCELLES,,,Plein jour,En agglomération,Intersection en Y,Normale,Deux véhicules - côté,,,,,,,,,,,1,2,4,1.0,3
201300051328,0013-03-07 12:30:00,13,3,7,12,30,750,108,"75, RUE DU FAUBOURG SAIN",,,Plein jour,En agglomération,Intersection en X,Normale,Deux véhicules - arrière,,,,,,,,,,,1,2,2,1.0,2
201300051329,0013-03-07 19:00:00,13,3,7,19,0,750,108,RUE DE LA PEPINIERE,,,Plein jour,En agglomération,Hors intersection,Normale,Deux véhicules - côté,,,,,,,,,,,1,2,1,1.0,3
201300051330,0013-03-08 15:20:00,13,3,8,15,20,750,108,"27, AVENUE DES CHAMPS EL",,,Plein jour,En agglomération,Hors intersection,Pluie légère,Sans collision,,,,,,,,,,,1,2,1,2.0,7
201300051331,0013-03-09 01:30:00,13,3,9,1,30,750,108,PLACE CHARLES DE GAULLE,,,Nuit avec éclairage allumé,En agglomération,Place,Normale,Autre collision,,,,,,,,,,,5,2,7,1.0,6
201300051332,0013-03-08 14:00:00,13,3,8,14,0,750,108,AVENUE DE FRIEDLAND,,,Plein jour,En agglomération,Place,Pluie légère,Autre collision,,,,,,,,,,,1,2,7,2.0,6
201300051333,0013-03-09 21:00:00,13,3,9,21,0,750,116,"21, RUE MICHEL ANGE",,,Nuit avec éclairage allumé,En agglomération,Hors intersection,Normale,Autre collision,,,,,,,,,,,5,2,1,1.0,6
201300051334,0013-03-13 21:10:00,13,3,13,21,10,750,108,"8, AVENUE MONTAIGNE",,,Nuit avec éclairage allumé,En agglomération,Intersection en T,Normale,Deux véhicules - côté,,,,,,,,,,,5,2,3,1.0,3
201300051335,0013-03-14 11:20:00,13,3,14,11,20,750,108,"56, RUE DE MIROMESNIL",,,Plein jour,En agglomération,Intersection en X,Normale,Autre collision,,,,,,,,,,,1,2,2,1.0,6
201300051336,0013-03-15 14:55:00,13,3,15,14,55,750,108,"25, AVENUE HOCHE",,,Plein jour,En agglomération,Intersection en X,Normale,Deux véhicules - frontale,,,,,,,,,,,1,2,2,1.0,1
201300051337,0013-03-15 21:50:00,13,3,15,21,50,750,108,"29, RUE DE COURCELLES",,,Nuit avec éclairage allumé,En agglomération,Hors intersection,Normale,Deux véhicules - côté,,,,,,,,,,,5,2,1,1.0,3
201300051338,0013-03-16 19:00:00,13,3,16,19,0,750,108,PLACE DE LA CONCORDE,,,Nuit avec éclairage allumé,En agglomération,Place,Pluie légère,Autre collision,,,,,,,,,,,5,2,7,2.0,6
201300051339,0013-03-17 12:20:00,13,3,17,12,20,750,117,BOULEVARD MALESHERBES,,,Plein jour,En agglomération,Intersection en X,Normale,Deux véhicules - côté,,,,,,,,,,,1,2,2,1.0,3
201300051340,0013-03-18 11:35:00,13,3,18,11,35,750,108,"59, RUE DE ROME",,,Plein jour,En agglomération,Intersection à plus de 4 branches,Normale,Autre collision,,,,,,,,,,,1,2,5,1.0,6
201300051341,0013-03-19 11:15:00,13,3,19,11,15,750,108,"108, AVENUE DES CHAMPS E",,,Plein jour,En agglomération,Intersection en X,Normale,Deux véhicules - arrière,,,,,,,,,,,1,2,2,1.0,2
201300051342,0013-03-20 17:35:00,13,3,20,17,35,750,108,AVENUE DES CHAMPS ELYSEE,,,Plein jour,En agglomération,Place,Normale,Deux véhicules - arrière,,,,,,,,,,,1,2,7,1.0,2
201300051343,0013-03-21 04:50:00,13,3,21,4,50,750,108,"126, BOULEVARD HAUSSMANN",,,Nuit avec éclairage allumé,En agglomération,Hors intersection,Normale,Deux véhicules - frontale,,,,,,,,,,,5,2,1,1.0,1
201300051344,0013-03-21 12:30:00,13,3,21,12,30,750,108,"19, AVENUE DE FRIEDLAND",,,Plein jour,En agglomération,Intersection en T,Normale,Sans collision,,,,,,,,,,,1,2,3,1.0,7
201300051345,0013-03-21 20:30:00,13,3,21,20,30,750,116,ALLEE DE LONGCHAMP,,,Nuit avec éclairage allumé,En agglomération,Hors intersection,Pluie légère,Deux véhicules - côté,,,,,,,,,,,5,2,1,2.0,3
201300051346,0013-03-22 23:15:00,13,3,22,23,15,750,108,AVENUE WINSTON CHURCHILL,,,Nuit avec éclairage allumé,En agglomération,Intersection en X,Normale,Deux véhicules - arrière,,,,,,,,,,,5,2,2,1.0,2
201300051347,0013-03-23 11:10:00,13,3,23,11,10,750,108,"132, BOULEVARD HAUSSMANN",,,Plein jour,En agglomération,Intersection en Y,Normale,Deux véhicules - côté,,,,,,,,,,,1,2,4,1.0,3
201300051348,0013-03-25 17:15:00,13,3,25,17,15,750,108,"01, RUE DE MOSCOU",,,Plein jour,En agglomération,Intersection à plus de 4 branches,Normale,Autre collision,,,,,,,,,,,1,2,5,1.0,6
201300051349,0013-03-27 19:20:00,13,3,27,19,20,750,108,"2, PLACE DES TERNES",,,Nuit avec éclairage allumé,En agglomération,Hors intersection,Normale,Autre collision,,,,,,,,,,,5,2,1,1.0,6
201300051350,0013-03-27 20:00:00,13,3,27,20,0,750,108,PLACE CHARLES DE GAULLE,,,Nuit avec éclairage allumé,En agglomération,Place,Normale,Deux véhicules - côté,,,,,,,,,,,5,2,7,1.0,3
201300051351,0013-03-28 16:25:00,13,3,28,16,25,750,108,"29, RUE DU ROCHER",,,Plein jour,En agglomération,Intersection à plus de 4 branches,Normale,Autre collision,,,,,,,,,,,1,2,5,1.0,6
201300051352,0013-03-28 23:15:00,13,3,28,23,15,750,108,"77, RUE DE COURCELLES",,,Nuit avec éclairage allumé,En agglomération,Intersection à plus de 4 branches,Normale,Deux véhicules - côté,,,,,,,,,,,5,2,5,1.0,3
201300051353,0013-03-30 00:01:00,13,3,30,0,1,750,108,"12, AVENUE GEORGE V",,,Nuit avec éclairage allumé,En agglomération,Hors intersection,Normale,Sans collision,,,,,,,,,,,5,2,1,1.0,7
201300051354,0013-03-30 08:15:00,13,3,30,8,15,750,108,"41, AVENUE MONTAIGNE",,,Plein jour,En agglomération,Intersection en X,Temps couvert,Deux véhicules - arrière,,,,,,,,,,,1,2,2,8.0,2
201300051355,0013-03-30 13:00:00,13,3,30,13,0,750,108,"29, RUE LA BOETIE",,,Plein jour,En agglomération,Intersection en X,Temps couvert,Deux véhicules - côté,,,,,,,,,,,1,2,2,8.0,3
201300051356,0013-04-01 18:15:00,13,4,1,18,15,750,108,"10, RUE VERNET",,,Plein jour,En agglomération,Intersection en X,Normale,Deux véhicules - côté,,,,,,,,,,,1,2,2,1.0,3
201300051357,0013-04-02 18:50:00,13,4,2,18,50,750,108,AVENUE HOCHE,,,Plein jour,En agglomération,Hors intersection,Normale,Deux véhicules - côté,,,,,,,,,,,1,2,1,1.0,3
201300051358,0013-04-03 23:25:00,13,4,3,23,25,750,108,"113, BOULEVARD HAUSSMANN",,,Nuit avec éclairage allumé,En agglomération,Intersection à plus de 4 branches,Normale,Autre collision,,,,,,,,,,,5,2,5,1.0,6
201300051359,0013-04-04 09:30:00,13,4,4,9,30,750,108,PLACE DE LA CONCORDE,,,Plein jour,En agglomération,Place,Normale,Trois véhicules et plus - collisions multiples,,,,,,,,,,,1,2,7,1.0,5
201300051360,0013-04-03 21:50:00,13,4,3,21,50,750,108,"1, RUE DE LISBONNE",,,Nuit avec éclairage allumé,En agglomération,Intersection en X,Normale,Deux véhicules - côté,,,,,,,,,,,5,2,2,1.0,3
201300051361,0013-04-04 18:45:00,13,4,4,18,45,750,108,"4, RUE DE ROME",,,Plein jour,En agglomération,Intersection en T,Normale,Autre collision,,,,,,,,,,,1,2,3,1.0,6
201300051362,0013-04-07 03:32:00,13,4,7,3,32,750,108,RUE DE LA PEPINIERE,,,Nuit avec éclairage non allumé,En agglomération,Hors intersection,Normale,Autre collision,,,,,,,,,,,4,2,1,1.0,6
201300051363,0013-04-07 08:25:00,13,4,7,8,25,750,108,"12, PLACE DE LA MADELEIN",,,Plein jour,En agglomération,Place,Normale,Deux véhicules - arrière,,,,,,,,,,,1,2,7,1.0,2
201300051364,0013-04-07 15:00:00,13,4,7,15,0,750,108,PLACE DE LA CONCORDE,,,Plein jour,En agglomération,Place,Normale,Deux véhicules - côté,,,,,,,,,,,1,2,7,1.0,3
201300051365,0013-04-08 09:10:00,13,4,8,9,10,750,108,AVENUE WINSTON CHURCHILL,,,Plein jour,En agglomération,Hors intersection,Normale,Deux véhicules - arrière,,,,,,,,,,,1,2,1,1.0,2
201300051366,0013-04-09 18:00:00,13,4,9,18,0,750,116,VOIE GEORGES POMPIDOU,,,Plein jour,En agglomération,Hors intersection,Pluie légère,Sans collision,,,,,,,,,,,1,2,1,2.0,7
201300051367,0013-04-09 19:30:00,13,4,9,19,30,750,108,PLACE DE LA CONCORDE,,,Plein jour,En agglomération,Place,Normale,Sans collision,,,,,,,,,,,1,2,7,1.0,7
201300051368,0013-04-09 19:30:00,13,4,9,19,30,750,108,"0, RUE DE NAPLES",,,Plein jour,En agglomération,Intersection en X,Temps couvert,Deux véhicules - côté,,,,,,,,,,,1,2,2,8.0,3
201300051369,0013-04-10 14:12:00,13,4,10,14,12,750,108,PLACE DE LA CONCORDE,,,Plein jour,En agglomération,Place,Temps couvert,Deux véhicules - côté,,,,,,,,,,,1,2,7,8.0,3
201300051370,0013-04-10 18:12:00,13,4,10,18,12,750,108,"91, RUE DU FAUBOURG SAIN",,,Plein jour,En agglomération,Intersection à plus de 4 branches,Pluie légère,Autre collision,,,,,,,,,,,1,2,5,2.0,6
201300051371,0013-04-10 21:00:00,13,4,10,21,0,750,108,"12, AVENUE PERCIER",,,Nuit avec éclairage allumé,En agglomération,Intersection en T,Pluie légère,Sans collision,,,,,,,,,,,5,2,3,2.0,7
201300051372,0013-04-11 16:45:00,13,4,11,16,45,750,108,RUE ROYALE,,,Plein jour,En agglomération,Place,Pluie légère,Deux véhicules - arrière,,,,,,,,,,,1,2,7,2.0,2
201300051373,0013-04-12 01:00:00,13,4,12,1,0,750,108,RUE DE ROME,,,Nuit avec éclairage allumé,En agglomération,Intersection à plus de 4 branches,Normale,Autre collision,,,,,,,,,,,5,2,5,1.0,6
201300051374,0013-04-12 16:15:00,13,4,12,16,15,750,108,"55, BOULEVARD HAUSSMANN",,,Plein jour,En agglomération,Intersection à plus de 4 branches,Temps couvert,Autre collision,,,,,,,,,,,1,2,5,8.0,6
201300051375,0013-04-13 02:30:00,13,4,13,2,30,750,108,VOIE GEORGES POMPIDOU,,,Nuit avec éclairage allumé,En agglomération,Hors intersection,Normale,Autre collision,,,,,,,,,,,5,2,1,1.0,6
201300051376,0013-04-13 21:33:00,13,4,13,21,33,750,108,"59, BOULEVARD HAUSSMANN",,,Nuit avec éclairage allumé,En agglomération,Intersection en Y,Pluie forte,Sans collision,,,,,,,,,,,5,2,4,3.0,7
201300051377,0013-04-14 10:25:00,13,4,14,10,25,750,108,"75, AVENUE DES CHAMPS EL",,,Plein jour,En agglomération,Hors intersection,Normale,Autre collision,,,,,,,,,,,1,2,1,1.0,6
201300051378,0013-04-14 16:50:00,13,4,14,16,50,750,108,VOIE GEORGES POMPIDOU,,,Plein jour,En agglomération,Intersection en Y,Normale,Deux véhicules - arrière,,,,,,,,,,,1,2,4,1.0,2
201300051379,0013-04-15 01:00:00,13,4,15,1,0,750,108,COURS LA REINE,,,Nuit avec éclairage allumé,En agglomération,Intersection en Y,Normale,Autre collision,,,,,,,,,,,5,2,4,1.0,6
201300051380,0013-04-15 06:15:00,13,4,15,6,15,750,108,"159, BOULEVARD HAUSSMANN",,,Nuit avec éclairage allumé,En agglomération,Intersection en X,Normale,Autre collision,,,,,,,,,,,5,2,2,1.0,6
201300051381,0013-04-15 15:05:00,13,4,15,15,5,750,108,"34, RUE PASQUIER",,,Plein jour,En agglomération,Intersection en X,Normale,Deux véhicules - côté,,,,,,,,,,,1,2,2,1.0,3
201300051382,0013-04-15 21:15:00,13,4,15,21,15,750,108,"18, AVENUE HOCHE",,,Nuit avec éclairage allumé,En agglomération,Intersection à plus de 4 branches,Normale,Deux véhicules - côté,,,,,,,,,,,5,2,5,1.0,3
201300051383,0013-04-16 21:35:00,13,4,16,21,35,750,108,"1, PLACE CLEMENCEAU",,,Crépuscule ou aube,En agglomération,Place,Normale,Autre collision,,,,,,,,,,,2,2,7,1.0,6
201300051384,0013-04-18 13:30:00,13,4,18,13,30,750,108,RUE DU FAUBOURG SAINT HO,,,Plein jour,En agglomération,Intersection en X,Normale,Autre collision,,,,,,,,,,,1,2,2,1.0,6
201300051385,0013-04-19 11:42:00,13,4,19,11,42,750,108,"82, RUE DE ROME",,,Plein jour,En agglomération,Hors intersection,Normale,Autre collision,,,,,,,,,,,1,2,1,1.0,6
201300051386,0013-04-19 17:30:00,13,4,19,17,30,750,108,VOIE GEORGES POMPIDOU,,,Plein jour,En agglomération,Hors intersection,Normale,Trois véhicules et plus - en chaîne,,,,,,,,,,,1,2,1,1.0,4
201300051387,0013-04-21 01:55:00,13,4,21,1,55,750,108,PLACE DE LA CONCORDE,,,Nuit avec éclairage allumé,En agglomération,Place,Normale,Deux véhicules - côté,,,,,,,,,,,5,2,7,1.0,3
201300051388,0013-04-21 16:00:00,13,4,21,16,0,750,108,"18, AVENUE HOCHE",,,Plein jour,En agglomération,Intersection à plus de 4 branches,Normale,Autre collision,,,,,,,,,,,1,2,5,1.0,6
201300051389,0013-04-22 10:15:00,13,4,22,10,15,750,108,AVENUE DES CHAMPS ELYSEE,,,Plein jour,En agglomération,Place,Normale,Deux véhicules - arrière,,,,,,,,,,,1,2,7,1.0,2
201300051390,0013-04-22 15:10:00,13,4,22,15,10,750,108,"19, RUE TRONCHET",,,Plein jour,En agglomération,Intersection en T,Normale,Autre collision,,,,,,,,,,,1,2,3,1.0,6
201300051391,0013-04-22 15:55:00,13,4,22,15,55,750,108,"158, BOULEVARD HAUSSMANN",,,Plein jour,En agglomération,Hors intersection,Normale,Deux véhicules - côté,,,,,,,,,,,1,2,1,1.0,3
201300051392,0013-04-22 13:50:00,13,4,22,13,50,750,108,"36, AVENUE MARCEAU",,,Plein jour,En agglomération,Hors intersection,Normale,Autre collision,,,,,,,,,,,1,2,1,1.0,6
201300051393,0013-04-25 14:55:00,13,4,25,14,55,750,108,"11, RUE DE ROME",,,Plein jour,En agglomération,Intersection en X,Normale,Deux véhicules - côté,,,,,,,,,,,1,2,2,1.0,3
201300051394,0013-04-26 03:00:00,13,4,26,3,0,750,108,"4, PLACE DE LA CONCORDE",,,Nuit avec éclairage allumé,En agglomération,Place,Normale,Deux véhicules - côté,,,,,,,,,,,5,2,7,1.0,3
201300051395,0013-04-30 11:50:00,13,4,30,11,50,750,108,"36, RUE DE COURCELLES",,,Plein jour,En agglomération,Intersection en T,Normale,Deux véhicules - arrière,,,,,,,,,,,1,2,3,1.0,2
201300051396,0013-04-30 20:10:00,13,4,30,20,10,750,108,VOIE GEORGES POMPIDOU,,,Plein jour,En agglomération,Hors intersection,Pluie légère,Deux véhicules - côté,,,,,,,,,,,1,2,1,2.0,3
201300051397,0013-05-01 04:10:00,13,5,1,4,10,750,108,"130, RUE DU FAUBOURG SAI",,,Nuit avec éclairage allumé,En agglomération,Intersection à plus de 4 branches,Normale,Autre collision,,,,,,,,,,,5,2,5,1.0,6
201300051398,0013-05-02 08:30:00,13,5,2,8,30,750,108,PLACE DE LA CONCORDE,,,Plein jour,En agglomération,Place,Temps couvert,Deux véhicules - côté,,,,,,,,,,,1,2,7,8.0,3
201300051399,0013-05-04 20:10:00,13,5,4,20,10,750,108,"54, RUE DE ROME",,,Plein jour,En agglomération,Intersection à plus de 4 branches,Normale,Autre collision,,,,,,,,,,,1,2,5,1.0,6
201300051400,0013-05-06 10:45:00,13,5,6,10,45,750,108,AVENUE DES CHAMPS ELYSEE,,,Plein jour,En agglomération,Hors intersection,Pluie forte,Sans collision,,,,,,,,,,,1,2,1,3.0,7
201300051401,0013-05-07 14:00:00,13,5,7,14,0,750,108,"106, RUE D AMSTERDAM",,,Plein jour,En agglomération,Place,Normale,Autre collision,,,,,,,,,,,1,2,7,1.0,6
201300051402,0013-05-10 00:30:00,13,5,10,0,30,750,108,"7, RUE DU HAVRE",,,Nuit avec éclairage allumé,En agglomération,Intersection en T,Normale,Deux véhicules - côté,,,,,,,,,,,5,2,3,1.0,3
201300051403,0013-05-11 03:15:00,13,5,11,3,15,750,108,AVENUE DES CHAMPS ELYSEE,,,Nuit avec éclairage allumé,En agglomération,Hors intersection,Normale,Autre collision,,,,,,,,,,,5,2,1,1.0,6
201300051404,0013-05-11 21:50:00,13,5,11,21,50,750,108,AVENUE DE MARIGNY,,,Nuit avec éclairage allumé,En agglomération,Intersection en T,Pluie légère,Deux véhicules - frontale,,,,,,,,,,,5,2,3,2.0,1
201300051405,0013-05-12 05:10:00,13,5,12,5,10,750,108,"43, AVENUE FRANKLIN D RO",,,Nuit avec éclairage non allumé,En agglomération,Place,Normale,Autre collision,,,,,,,,,,,4,2,7,1.0,6
201300051406,0013-05-12 17:15:00,13,5,12,17,15,750,108,"52, AVENUE HOCHE",,,Plein jour,En agglomération,Intersection en X,Normale,Deux véhicules - côté,,,,,,,,,,,1,2,2,1.0,3
201300051407,0013-05-13 08:45:00,13,5,13,8,45,750,117,"17, PLACE DE LA PORTE DE",,,Plein jour,En agglomération,Hors intersection,Normale,Deux véhicules - côté,,,,,,,,,,,1,2,1,1.0,3
201300051408,0013-05-13 20:00:00,13,5,13,20,0,750,108,"27, AVENUE DES CHAMPS EL",,,Plein jour,En agglomération,Hors intersection,Normale,Autre collision,,,,,,,,,,,1,2,1,1.0,6
201300051409,0013-05-14 10:00:00,13,5,14,10,0,750,108,AVENUE DE MARIGNY,,,Plein jour,En agglomération,Intersection en X,Normale,Deux véhicules - côté,,,,,,,,,,,1,2,2,1.0,3
201300051410,0013-05-14 12:20:00,13,5,14,12,20,750,108,"71, RUE DE COURCELLES",,,Plein jour,En agglomération,Hors intersection,Normale,Trois véhicules et plus - en chaîne,,,,,,,,,,,1,2,1,1.0,4
201300051411,0013-05-14 13:10:00,13,5,14,13,10,750,108,"41, AVENUE FRANKLIN D RO",,,Plein jour,En agglomération,Hors intersection,Normale,Trois véhicules et plus - en chaîne,,,,,,,,,,,1,2,1,1.0,4
201300051412,0013-05-15 12:30:00,13,5,15,12,30,750,108,"93, AVENUE DES CHAMPS EL",,,Plein jour,En agglomération,Intersection en X,Normale,Sans collision,,,,,,,,,,,1,2,2,1.0,7
201300051413,0013-05-15 14:35:00,13,5,15,14,35,750,108,"28, AVENUE DE FRIEDLAND",,,Plein jour,En agglomération,Intersection en Y,Normale,Deux véhicules - arrière,,,,,,,,,,,1,2,4,1.0,2
201300051414,0013-05-15 17:20:00,13,5,15,17,20,750,108,"38, AVENUE DE WAGRAM",,,Plein jour,En agglomération,Hors intersection,Normale,Autre collision,,,,,,,,,,,1,2,1,1.0,6
201300051415,0013-05-16 15:30:00,13,5,16,15,30,750,108,"33, BOULEVARD DE COURCEL",,,Plein jour,En agglomération,Hors intersection,Normale,Deux véhicules - côté,,,,,,,,,,,1,2,1,1.0,3
201300051416,0013-05-16 16:15:00,13,5,16,16,15,750,108,"22, RUE FRANCOIS 1ER",,,Plein jour,En agglomération,Hors intersection,Pluie forte,Deux véhicules - côté,,,,,,,,,,,1,2,1,3.0,3
201300051417,0013-05-16 16:30:00,13,5,16,16,30,750,108,"15, RUE DE MADRID",,,Plein jour,En agglomération,Intersection à plus de 4 branches,Pluie forte,Deux véhicules - côté,,,,,,,,,,,1,2,5,3.0,3
201300051418,0013-05-16 18:20:00,13,5,16,18,20,750,108,"37, AVENUE DES CHAMPS EL",,,Plein jour,En agglomération,Intersection en X,Normale,Autre collision,,,,,,,,,,,1,2,2,1.0,6
201300051419,0013-05-16 13:15:00,13,5,16,13,15,750,108,"01, RUE DE LA PEPINIERE",,,Plein jour,En agglomération,Intersection à plus de 4 branches,Pluie légère,Deux véhicules - côté,,,,,,,,,,,1,2,5,2.0,3
201300051420,0013-05-17 09:00:00,13,5,17,9,0,750,108,"9, AVENUE GEORGE V",,,Plein jour,En agglomération,Intersection en Y,Normale,Autre collision,,,,,,,,,,,1,2,4,1.0,6
201300051421,0013-05-18 19:45:00,13,5,18,19,45,750,108,"21, RUE DE CONSTANTINOPL",,,Crépuscule ou aube,En agglomération,Intersection en Y,Pluie forte,Deux véhicules - arrière,,,,,,,,,,,2,2,4,3.0,2
201300051422,0013-05-20 00:10:00,13,5,20,0,10,750,117,"22, AVENUE DE WAGRAM",,,Nuit avec éclairage allumé,En agglomération,Intersection en Y,Pluie forte,Deux véhicules - côté,,,,,,,,,,,5,2,4,3.0,3
201300051423,0013-05-20 16:45:00,13,5,20,16,45,750,108,AVENUE DES CHAMPS ELYSEE,,,Crépuscule ou aube,En agglomération,Place,Pluie forte,Deux véhicules - côté,,,,,,,,,,,2,2,7,3.0,3