accident_id,datetime,annee,mois,jour,heure,minute,departement,commune_insee,adresse,latitude,longitude,luminosite,agglomeration,intersection,meteo,collision,nb_vehicules,nb_usagers,nb_indemnes,nb_tues,nb_blesses_hosp,nb_blesses_legers,age_cond_1,age_cond_2,veh_type_cond_1,veh_type_cond_2,lum_code,agg_code,int_code,atm_code,col_code
201300051424,0013-05-21 09:30:00,13,5,21,9,30,750,108,PLACE CLEMENCEAU,,,Plein jour,En agglomération,Place,Pluie forte,Sans collision,,,,,,,,,,,1,2,7,3.0,7
201300051425,0013-05-21 09:32:00,13,5,21,9,32,750,108,"07, AVENUE DELCASSE",,,Plein jour,En agglomération,Hors intersection,Pluie légère,Autre collision,,,,,,,,,,,1,2,1,2.0,6
201300051426,0013-05-22 04:00:00,13,5,22,4,0,750,108,"41, AVENUE PIERRE 1ER DE",,,Nuit avec éclairage allumé,En agglomération,Intersection en X,Normale,Autre collision,,,,,,,,,,,5,2,2,1.0,6
201300051427,0013-05-22 11:45:00,13,5,22,11,45,750,108,"17, AVENUE GEORGE V",,,Plein jour,En agglomération,Intersection en Y,Normale,Deux véhicules - côté,,,,,,,,,,,1,2,4,1.0,3
201300051428,0013-05-22 17:46:00,13,5,22,17,46,750,108,"101, BOULEVARD MALESHERB",,,Plein jour,En agglomération,Intersection en X,Normale,Autre collision,,,,,,,,,,,1,2,2,1.0,6
201300051429,0013-05-24 12:15:00,13,5,24,12,15,750,108,RUE DE LONDRES,,,Plein jour,En agglomération,Hors intersection,Pluie légère,Autre collision,,,,,,,,,,,1,2,1,2.0,6
201300051430,0013-05-24 15:30:00,13,5,24,15,30,750,108,"55, BOULEVARD MALESHERBE",,,Plein jour,En agglomération,Intersection en X,Pluie légère,Autre collision,,,,,,,,,,,1,2,2,2.0,6
201300051431,0013-05-25 16:20:00,13,5,25,16,20,750,108,"42, AVENUE DE FRIEDLAND",,,Plein jour,En agglomération,Hors intersection,Normale,Deux véhicules - arrière,,,,,,,,,,,1,2,1,1.0,2
201300051432,0013-05-27 09:10:00,13,5,27,9,10,750,108,"24, AVENUE DES CHAMPS EL",,,Plein jour,En agglomération,Hors intersection,Normale,Deux véhicules - arrière,,,,,,,,,,,1,2,1,1.0,2
201300051433,0013-05-28 00:15:00,13,5,28,0,15,750,108,AVENUE DES CHAMPS ELYSEE,,,Nuit avec éclairage allumé,En agglomération,Intersection en X,Normale,Trois véhicules et plus - en chaîne,,,,,,,,,,,5,2,2,1.0,4
201300051434,0013-05-28 11:30:00,13,5,28,11,30,750,108,"41, AVENUE HOCHE",,,Plein jour,En agglomération,Hors intersection,Pluie légère,Autre collision,,,,,,,,,,,1,2,1,2.0,6
201300051435,0013-05-28 19:20:00,13,5,28,19,20,750,108,"3, PLACE DE LA MADELEINE",,,Plein jour,En agglomération,Place,Normale,Deux véhicules - arrière,,,,,,,,,,,1,2,7,1.0,2
201300051436,0013-05-29 18:10:00,13,5,29,18,10,750,108,"40, AVENUE DE FRIEDLAND",,,Plein jour,En agglomération,Intersection en X,Normale,Deux véhicules - côté,,,,,,,,,,,1,2,2,1.0,3
201300051437,0013-05-30 06:45:00,13,5,30,6,45,750,108,PLACE CHARLES DE GAULLE,,,Plein jour,En agglomération,Place,Pluie forte,Deux véhicules - arrière,,,,,,,,,,,1,2,7,3.0,2
201300051438,0013-05-30 19:15:00,13,5,30,19,15,750,108,"1, PLACE DU GENERAL BROC",,,Plein jour,En agglomération,Place,Pluie légère,Sans collision,,,,,,,,,,,1,2,7,2.0,7
201300051439,0013-06-03 13:55:00,13,6,3,13,55,750,108,RUE ROYALE,,,Plein jour,En agglomération,Hors intersection,Normale,Deux véhicules - arrière,,,,,,,,,,,1,2,1,1.0,2
201300051440,0013-06-03 17:30:00,13,6,3,17,30,750,108,"34, AVENUE MARCEAU",,,Plein jour,En agglomération,Intersection à plus de 4 branches,Normale,Autre collision,,,,,,,,,,,1,2,5,1.0,6
201300051441,0013-06-04 10:30:00,13,6,4,10,30,750,108,"11, RUE CLAPEYRON",,,Plein jour,En agglomération,Hors intersection,Normale,Deux véhicules - côté,,,,,,,,,,,1,2,1,1.0,3
201300051442,0013-06-04 17:50:00,13,6,4,17,50,750,108,"11, AVENUE GEORGE V",,,Plein jour,En agglomération,Intersection en Y,Normale,Deux véhicules - côté,,,,,,,,,,,1,2,4,1.0,3
201300051443,0013-06-05 09:17:00,13,6,5,9,17,750,108,"1, PLACE CHARLES DE GAUL",,,Plein jour,En agglomération,Place,Normale,Autre collision,,,,,,,,,,,1,2,7,1.0,6
201300051444,0013-06-05 11:20:00,13,6,5,11,20,750,101,PLACE DE LA CONCORDE,,,Plein jour,En agglomération,Place,Normale,Autre collision,,,,,,,,,,,1,2,7,1.0,6
201300051445,0013-06-07 14:50:00,13,6,7,14,50,750,108,"5, RUE DE NAPLES",,,Plein jour,En agglomération,Intersection en X,Normale,Autre collision,,,,,,,,,,,1,2,2,1.0,6
201300051446,0013-06-09 07:30:00,13,6,9,7,30,750,108,PLACE DE LA CONCORDE,,,Plein jour,En agglomération,Hors intersection,Pluie légère,Autre collision,,,,,,,,,,,1,2,1,2.0,6
201300051447,0013-06-10 17:40:00,13,6,10,17,40,750,108,"184, BOULEVARD HAUSSMANN",,,Plein jour,En agglomération,Hors intersection,Normale,Deux véhicules - arrière,,,,,,,,,,,1,2,1,1.0,2
201300051448,0013-06-11 12:00:00,13,6,11,12,0,750,108,"35, RUE D AMSTERDAM",,,Plein jour,En agglomération,Hors intersection,Normale,Deux véhicules - côté,,,,,,,,,,,1,2,1,1.0,3
201300051449,0013-06-12 15:15:00,13,6,12,15,15,750,108,"50, RUE DE ROME",,,Plein jour,En agglomération,Intersection en X,Normale,Autre collision,,,,,,,,,,,1,2,2,1.0,6
201300051450,0013-06-12 21:15:00,13,6,12,21,15,750,108,"29, AVENUE DE FRIEDLAND",,,Crépuscule ou aube,En agglomération,Intersection en X,Normale,Deux véhicules - côté,,,,,,,,,,,2,2,2,1.0,3
201300051451,0013-06-14 19:30:00,13,6,14,19,30,750,108,PLACE DE LA CONCORDE,,,Plein jour,En agglomération,Place,Normale,Trois véhicules et plus - collisions multiples,,,,,,,,,,,1,2,7,1.0,5
201300051452,0013-06-17 15:30:00,13,6,17,15,30,750,108,"2, PLACE DE RIO DE JANEI",,,Plein jour,En agglomération,Place,Normale,Deux véhicules - frontale,,,,,,,,,,,1,2,7,1.0,1
201300051453,0013-06-15 21:00:00,13,6,15,21,0,750,108,"45, RUE LA BOETIE",,,Plein jour,En agglomération,Intersection en X,Normale,Autre collision,,,,,,,,,,,1,2,2,1.0,6
201300051454,0013-06-19 16:10:00,13,6,19,16,10,750,108,AVENUE DES CHAMPS ELYSEE,,,Plein jour,En agglomération,Intersection en T,Normale,Deux véhicules - arrière,,,,,,,,,,,1,2,3,1.0,2
201300051455,0013-06-20 08:30:00,13,6,20,8,30,750,108,"121, BOULEVARD MALESHERB",,,Plein jour,En agglomération,Intersection en X,Temps couvert,Sans collision,,,,,,,,,,,1,2,2,8.0,7
201300051456,0013-06-20 07:45:00,13,6,20,7,45,750,108,"62, BOULEVARD MALESHERBE",,,Plein jour,En agglomération,Intersection en X,Pluie légère,Deux véhicules - frontale,,,,,,,,,,,1,2,2,2.0,1
201300051457,0013-06-20 11:15:00,13,6,20,11,15,750,108,AVENUE DES CHAMPS ELYSEE,,,Plein jour,En agglomération,Intersection en X,Temps couvert,Deux véhicules - côté,,,,,,,,,,,1,2,2,8.0,3
201300051458,0013-06-20 13:35:00,13,6,20,13,35,750,108,"29, RUE DE LA PEPINIERE",,,Plein jour,En agglomération,Place,Normale,Sans collision,,,,,,,,,,,1,2,7,1.0,7
201300051459,0013-06-20 15:05:00,13,6,20,15,5,750,108,"34, RUE DE ROME",,,Plein jour,En agglomération,Intersection en T,Normale,Autre collision,,,,,,,,,,,1,2,3,1.0,6
201300051460,0013-06-21 08:25:00,13,6,21,8,25,750,108,"27, AVENUE DES CHAMPS EL",,,Plein jour,En agglomération,Hors intersection,Normale,Autre collision,,,,,,,,,,,1,2,1,1.0,6
201300051461,0013-06-21 18:20:00,13,6,21,18,20,750,108,AVENUE WINSTON CHURCHILL,,,Plein jour,En agglomération,Place,Normale,Deux véhicules - arrière,,,,,,,,,,,1,2,7,1.0,2
201300051462,0013-06-24 11:35:00,13,6,24,11,35,750,108,RUE DE ROME,,,Plein jour,En agglomération,Intersection en X,Normale,Deux véhicules - arrière,,,,,,,,,,,1,2,2,1.0,2
201300051463,0013-06-25 01:00:00,13,6,25,1,0,750,108,"71/73, AVENUE DES CHAMPS",,,Nuit avec éclairage allumé,En agglomération,Intersection en T,Normale,Deux véhicules - arrière,,,,,,,,,,,5,2,3,1.0,2
201300051464,0013-06-25 16:40:00,13,6,25,16,40,750,108,"9, RUE DE VIENNE",,,Plein jour,En agglomération,Intersection à plus de 4 branches,Pluie forte,Autre collision,,,,,,,,,,,1,2,5,3.0,6
201300051465,0013-06-26 14:42:00,13,6,26,14,42,750,108,"4, PLACE DE LA CONCORDE",,,Plein jour,En agglomération,Place,Normale,Deux véhicules - côté,,,,,,,,,,,1,2,7,1.0,3
201300051466,0013-06-27 08:25:00,13,6,27,8,25,750,108,"21, AVENUE DE FRIEDLAND",,,Plein jour,En agglomération,Intersection en Y,Pluie légère,Deux véhicules - frontale,,,,,,,,,,,1,2,4,2.0,1
201300051467,0013-06-27 16:40:00,13,6,27,16,40,750,108,PLACE DE LA CONCORDE,,,Plein jour,En agglomération,Place,Normale,Deux véhicules - arrière,,,,,,,,,,,1,2,7,1.0,2
201300051468,0013-06-27 20:45:00,13,6,27,20,45,750,108,AVENUE DES CHAMPS ELYSEE,,,Plein jour,En agglomération,Place,Normale,Sans collision,,,,,,,,,,,1,2,7,1.0,7
201300051469,0013-06-28 07:20:00,13,6,28,7,20,750,108,"123, BOULEVARD HAUSSMANN",,,Plein jour,En agglomération,Intersection en T,Pluie légère,Deux véhicules - arrière,,,,,,,,,,,1,2,3,2.0,2
201300051470,0013-06-28 23:00:00,13,6,28,23,0,750,108,"2, PLACE DE LA CONCORDE",,,Nuit avec éclairage allumé,En agglomération,Place,Pluie légère,Autre collision,,,,,,,,,,,5,2,7,2.0,6
201300051471,0013-06-29 08:35:00,13,6,29,8,35,750,108,AVENUE DES CHAMPS ELYSEE,,,Plein jour,En agglomération,Hors intersection,Pluie légère,Autre collision,,,,,,,,,,,1,2,1,2.0,6
201300051472,0013-06-29 18:35:00,13,6,29,18,35,750,108,AVENUE DES CHAMPS ELYSEE,,,Plein jour,En agglomération,Place,Normale,Autre collision,,,,,,,,,,,1,2,7,1.0,6
201300051473,0013-06-30 08:30:00,13,6,30,8,30,750,108,PLACE DE LA CONCORDE,,,Plein jour,En agglomération,Hors intersection,Normale,Deux véhicules - arrière,,,,,,,,,,,1,2,1,1.0,2
201300051474,0013-06-30 21:00:00,13,6,30,21,0,750,101,"1, RUE SAINT FLORENTIN",,,Plein jour,En agglomération,Intersection en X,Normale,Autre collision,,,,,,,,,,,1,2,2,1.0,6
201300051475,0013-07-01 10:45:00,13,7,1,10,45,750,108,"1, AVENUE HOCHE",,,Plein jour,En agglomération,Intersection à plus de 4 branches,Normale,Deux véhicules - côté,,,,,,,,,,,1,2,5,1.0,3
201300051476,0013-07-02 11:50:00,13,7,2,11,50,750,108,AVENUE WINSTON CHURCHILL,,,Plein jour,En agglomération,Hors intersection,Normale,Deux véhicules - côté,,,,,,,,,,,1,2,1,1.0,3
201300051477,0013-07-01 21:50:00,13,7,1,21,50,750,108,"5, RUE CHAUVEAU LAGARDE",,,Crépuscule ou aube,En agglomération,Intersection en X,Normale,Deux véhicules - côté,,,,,,,,,,,2,2,2,1.0,3
201300051478,0013-07-02 19:50:00,13,7,2,19,50,750,108,"63, BOULEVARD DES BATIGN",,,Plein jour,En agglomération,Intersection à plus de 4 branches,Normale,Deux véhicules - côté,,,,,,,,,,,1,2,5,1.0,3
201300051479,0013-07-03 13:05:00,13,7,3,13,5,750,108,"16, AVENUE DE FRIEDLAND",,,Plein jour,En agglomération,Intersection en X,Normale,Deux véhicules - côté,,,,,,,,,,,1,2,2,1.0,3
201300051480,0013-07-03 15:00:00,13,7,3,15,0,750,108,PONT DES INVALIDES,,,Plein jour,En agglomération,Place,Normale,Deux véhicules - côté,,,,,,,,,,,1,2,7,1.0,3
201300051481,0013-07-04 09:00:00,13,7,4,9,0,750,108,"92, BOULEVARD MALESHERBE",,,Plein jour,En agglomération,Intersection en T,Normale,Deux véhicules - côté,,,,,,,,,,,1,2,3,1.0,3
201300051482,0013-07-05 10:20:00,13,7,5,10,20,750,108,"21, RUE ROYALE",,,Plein jour,En agglomération,Intersection en X,Normale,Deux véhicules - arrière,,,,,,,,,,,1,2,2,1.0,2
201300051483,0013-07-05 15:00:00,13,7,5,15,0,750,108,PLACE DE LA CONCORDE,,,Plein jour,En agglomération,Place,Normale,Autre collision,,,,,,,,,,,1,2,7,1.0,6
201300051484,0013-07-06 13:45:00,13,7,6,13,45,750,108,"24, RUE DE VIENNE",,,Plein jour,En agglomération,Intersection en X,Normale,Deux véhicules - arrière,,,,,,,,,,,1,2,2,1.0,2
201300051485,0013-07-06 16:30:00,13,7,6,16,30,750,108,"16, PLACE DE LA MADELEIN",,,Plein jour,En agglomération,Place,Normale,Autre collision,,,,,,,,,,,1,2,7,1.0,6
201300051486,0013-07-08 09:40:00,13,7,8,9,40,750,108,"8, BOULEVARD MALESHERBES",,,Plein jour,En agglomération,Intersection en X,Normale,Deux véhicules - côté,,,,,,,,,,,1,2,2,1.0,3
201300051487,0013-07-08 17:45:00,13,7,8,17,45,750,108,"68, RUE DE ROME",,,Plein jour,En agglomération,Intersection en T,Normale,Autre collision,,,,,,,,,,,1,2,3,1.0,6
201300051488,0013-07-08 20:30:00,13,7,8,20,30,750,108,RUE DE VIENNE,,,Plein jour,En agglomération,Place,Normale,Autre collision,,,,,,,,,,,1,2,7,1.0,6
201300051489,0013-07-09 09:10:00,13,7,9,9,10,750,108,"51-57, RUE DE COURCELLES",,,Plein jour,En agglomération,Hors intersection,Normale,Autre collision,,,,,,,,,,,1,2,1,1.0,6
201300051490,0013-07-09 16:35:00,13,7,9,16,35,750,108,"6, RUE MARBEUF",,,Plein jour,En agglomération,Intersection en X,Normale,Deux véhicules - côté,,,,,,,,,,,1,2,2,1.0,3
201300051491,0013-07-09 20:45:00,13,7,9,20,45,750,108,"64, AVENUE HOCHE",,,Plein jour,En agglomération,Intersection en X,Normale,Deux véhicules - côté,,,,,,,,,,,1,2,2,1.0,3
201300051492,0013-07-10 09:15:00,13,7,10,9,15,750,108,"3, ROND POINT CHAMPS ELY",,,Plein jour,En agglomération,Place,Normale,Deux véhicules - côté,,,,,,,,,,,1,2,7,1.0,3
201300051493,0013-07-10 15:00:00,13,7,10,15,0,750,108,"9, AVENUE GEORGE V",,,Plein jour,En agglomération,Intersection en Y,Normale,Deux véhicules - côté,,,,,,,,,,,1,2,4,1.0,3
201300051494,0013-07-10 15:50:00,13,7,10,15,50,750,108,"29, RUE FRANCOIS 1ER",,,Plein jour,En agglomération,Intersection en T,Normale,Autre collision,,,,,,,,,,,1,2,3,1.0,6
201300051495,0013-07-10 15:20:00,13,7,10,15,20,750,108,"67, RUE DU ROCHER",,,Plein jour,En agglomération,Intersection en T,Normale,Deux véhicules - arrière,,,,,,,,,,,1,2,3,1.0,2
201300051496,0013-07-11 08:45:00,13,7,11,8,45,750,108,"23, AVENUE DE MESSINE",,,Plein jour,En agglomération,Intersection en T,Normale,Deux véhicules - côté,,,,,,,,,,,1,2,3,1.0,3
201300051497,0013-07-11 13:50:00,13,7,11,13,50,750,108,"3, PLACE DE LA CONCORDE",,,Plein jour,En agglomération,Place,Normale,Deux véhicules - arrière,,,,,,,,,,,1,2,7,1.0,2
201300051498,0013-07-11 17:30:00,13,7,11,17,30,750,108,"11, RUE ROYALE",,,Plein jour,En agglomération,Hors intersection,Normale,Deux véhicules - arrière,,,,,,,,,,,1,2,1,1.0,2
201300051499,0013-07-12 08:35:00,13,7,12,8,35,750,108,"1, RUE DE ROME",,,Plein jour,En agglomération,Intersection en Y,Normale,Autre collision,,,,,,,,,,,1,2,4,1.0,6
201300051500,0013-07-12 13:00:00,13,7,12,13,0,750,108,"46, RUE LA BOETIE",,,Plein jour,En agglomération,Hors intersection,Normale,Deux véhicules - côté,,,,,,,,,,,1,2,1,1.0,3
201300051501,0013-07-11 20:10:00,13,7,11,20,10,750,108,"26, AVENUE DES CHAMPS EL",,,Plein jour,En agglomération,Hors intersection,Normale,Deux véhicules - arrière,,,,,,,,,,,1,2,1,1.0,2
201300051502,0013-07-14 13:30:00,13,7,14,13,30,750,108,ROND POINT CHAMPS ELYSEE,,,Plein jour,En agglomération,Place,Normale,Autre collision,,,,,,,,,,,1,2,7,1.0,6
201300051503,0013-07-14 23:25:00,13,7,14,23,25,750,108,"109, AVENUE DES CHAMPS E",,,Nuit avec éclairage allumé,En agglomération,Hors intersection,Normale,Autre collision,,,,,,,,,,,5,2,1,1.0,6
201300051504,0013-07-15 12:30:00,13,7,15,12,30,750,108,PLACE DE LA CONCORDE,,,Plein jour,En agglomération,Intersection à plus de 4 branches,Normale,Deux véhicules - côté,,,,,,,,,,,1,2,5,1.0,3
201300051505,0013-07-15 18:00:00,13,7,15,18,0,750,108,RUE DE ROME,,,Plein jour,En agglomération,Intersection en X,Normale,Deux véhicules - côté,,,,,,,,,,,1,2,2,1.0,3
201300051506,0013-07-16 09:35:00,13,7,16,9,35,750,108,"09, RUE DE LA TREMOILLE",,,Plein jour,En agglomération,Intersection en T,Normale,Autre collision,,,,,,,,,,,1,2,3,1.0,6
201300051507,0013-07-16 18:40:00,13,7,16,18,40,750,108,"10, RUE DE VIENNE",,,Plein jour,En agglomération,Intersection en Y,Normale,Autre collision,,,,,,,,,,,1,2,4,1.0,6
201300051508,0013-07-17 17:00:00,13,7,17,17,0,750,108,AVENUE WINSTON CHURCHILL,,,Plein jour,En agglomération,Place,Normale,Deux véhicules - arrière,,,,,,,,,,,1,2,7,1.0,2
201300051509,0013-07-19 13:40:00,13,7,19,13,40,750,108,"48, BOULEVARD MALESHERBE",,,Plein jour,En agglomération,Intersection en X,Normale,Deux véhicules - frontale,,,,,,,,,,,1,2,2,1.0,1
201300051510,0013-07-20 09:00:00,13,7,20,9,0,750,108,RUE ROYALE,,,Plein jour,En agglomération,Intersection en T,Normale,Deux véhicules - arrière,,,,,,,,,,,1,2,3,1.0,2
201300051511,0013-07-21 17:04:00,13,7,21,17,4,750,108,"37, RUE TRONCHET",,,Plein jour,En agglomération,Intersection à plus de 4 branches,Normale,Autre collision,,,,,,,,,,,1,2,5,1.0,6
201300051512,0013-07-22 16:00:00,13,7,22,16,0,750,108,"34, AVENUE DE MESSINE",,,Plein jour,En agglomération,Hors intersection,Normale,Deux véhicules - arrière,,,,,,,,,,,1,2,1,1.0,2
201300051513,0013-07-23 14:00:00,13,7,23,14,0,750,108,"43 bis, BOULEVARD DES BA",,,Plein jour,En agglomération,Hors intersection,Pluie forte,Autre collision,,,,,,,,,,,1,2,1,3.0,6
201300051514,0013-07-25 17:30:00,13,7,25,17,30,750,108,"153, BOULEVARD HAUSSMANN",,,Plein jour,En agglomération,Hors intersection,Pluie légère,Deux véhicules - côté,,,,,,,,,,,1,2,1,2.0,3
201300051515,0013-07-26 02:35:00,13,7,26,2,35,750,108,"41, RUE DES MATHURINS",,,Nuit avec éclairage allumé,En agglomération,Intersection en X,Normale,Deux véhicules - côté,,,,,,,,,,,5,2,2,1.0,3
201300051516,0013-07-29 12:20:00,13,7,29,12,20,750,108,"101, AVENUE DES CHAMPS E",,,Plein jour,En agglomération,Intersection en X,Normale,Trois véhicules et plus - en chaîne,,,,,,,,,,,1,2,2,1.0,4
201300051517,0013-07-29 15:15:00,13,7,29,15,15,750,108,PLACE DE CLICHY,,,Plein jour,En agglomération,Place,Normale,Deux véhicules - côté,,,,,,,,,,,1,2,7,1.0,3
201300051518,0013-07-29 13:00:00,13,7,29,13,0,750,108,ROND POINT CHAMPS ELYSEE,,,Plein jour,En agglomération,Place,Normale,Deux véhicules - arrière,,,,,,,,,,,1,2,7,1.0,2
201300051519,0013-08-01 14:15:00,13,8,1,14,15,750,108,AVENUE DES CHAMPS ELYSEE,,,Plein jour,En agglomération,Hors intersection,Normale,Sans collision,,,,,,,,,,,1,2,1,1.0,7
201300051520,0013-08-01 21:00:00,13,8,1,21,0,750,108,PLACE DU CANADA,,,Crépuscule ou aube,En agglomération,Place,Normale,Deux véhicules - côté,,,,,,,,,,,2,2,7,1.0,3
201300051521,0013-08-02 15:30:00,13,8,2,15,30,750,108,"140, RUE DU FAUBOURG SAI",,,Plein jour,En agglomération,Hors intersection,Normale,Autre collision,,,,,,,,,,,1,2,1,1.0,6
201300051522,0013-08-02 17:30:00,13,8,2,17,30,750,108,"60, AVENUE MONTAIGNE",,,Plein jour,En agglomération,Place,Normale,Autre collision,,,,,,,,,,,1,2,7,1.0,6
201300051523,0013-08-06 17:00:00,13,8,6,17,0,750,108,"15, RUE DE ROME",,,Plein jour,En agglomération,Intersection à plus de 4 branches,Normale,Autre collision,,,,,,,,,,,1,2,5,1.0,6
201300051524,0013-08-06 23:00:00,13,8,6,23,0,750,108,AVENUE DES CHAMPS ELYSEE,,,Nuit avec éclairage allumé,En agglomération,Hors intersection,Normale,Deux véhicules - arrière,,,,,,,,,,,5,2,1,1.0,2
201300051525,0013-08-07 02:30:00,13,8,7,2,30,750,108,AVENUE WINSTON CHURCHILL,,,Nuit avec éclairage allumé,En agglomération,Hors intersection,Normale,Autre collision,,,,,,,,,,,5,2,1,1.0,6
201300051526,0013-08-08 09:04:00,13,8,8,9,4,750,108,"4, PLACE DE LA CONCORDE",,,Plein jour,En agglomération,Place,Normale,Deux véhicules - côté,,,,,,,,,,,1,2,7,1.0,3
201300051527,0013-08-10 01:00:00,13,8,10,1,0,750,108,"76, AVENUE DES CHAMPS EL",,,Nuit avec éclairage allumé,En agglomération,Intersection en T,Normale,Deux véhicules - côté,,,,,,,,,,,5,2,3,1.0,3
201300051528,0013-08-10 14:25:00,13,8,10,14,25,750,108,"117, AVENUE DES CHAMPS E",,,Plein jour,En agglomération,Intersection en X,Normale,Autre collision,,,,,,,,,,,1,2,2,1.0,6
201300051529,0013-08-12 09:40:00,13,8,12,9,40,750,108,"5, PLACE SAINT AUGUSTIN",,,Plein jour,En agglomération,Place,Normale,Deux véhicules - arrière,,,,,,,,,,,1,2,7,1.0,2
201300051530,0013-08-12 16:30:00,13,8,12,16,30,750,101,"02, PLACE DE LA CONCORDE",,,Plein jour,En agglomération,Hors intersection,Normale,Deux véhicules - arrière,,,,,,,,,,,1,2,1,1.0,2
201300051531,0013-08-14 15:05:00,13,8,14,15,5,750,108,COURS LA REINE,,,Plein jour,En agglomération,Intersection à plus de 4 branches,Normale,Deux véhicules - côté,,,,,,,,,,,1,2,5,1.0,3
201300051532,0013-08-15 19:10:00,13,8,15,19,10,750,108,"119, AVENUE DES CHAMPS E",,,Plein jour,En agglomération,Hors intersection,Normale,Trois véhicules et plus - en chaîne,,,,,,,,,,,1,2,1,1.0,4
201300051533,0013-08-16 10:20:00,13,8,16,10,20,750,108,"32, AVENUE MONTAIGNE",,,Plein jour,En agglomération,Intersection en X,Normale,Deux véhicules - côté,,,,,,,,,,,1,2,2,1.0,3
201300051534,0013-08-18 19:45:00,13,8,18,19,45,750,116,AVENUE DE NEW YORK,,,Plein jour,En agglomération,Hors intersection,Normale,Deux véhicules - arrière,,,,,,,,,,,1,2,1,1.0,2
201300051535,0013-08-19 04:20:00,13,8,19,4,20,750,108,ROND POINT CHAMPS ELYSEE,,,Nuit avec éclairage allumé,En agglomération,Place,Normale,Deux véhicules - côté,,,,,,,,,,,5,2,7,1.0,3
201300051536,0013-08-20 10:30:00,13,8,20,10,30,750,108,PLACE DE L EUROPE,,,Plein jour,En agglomération,Place,Normale,Sans collision,,,,,,,,,,,1,2,7,1.0,7
201300051537,0013-08-20 15:15:00,13,8,20,15,15,750,108,PLACE DES TERNES,,,Plein jour,En agglomération,Place,Normale,Deux véhicules - arrière,,,,,,,,,,,1,2,7,1.0,2
201300051538,0013-08-21 12:00:00,13,8,21,12,0,750,108,"113, RUE DU FAUBOURG SAI",,,Plein jour,En agglomération,Intersection en X,Normale,Deux véhicules - frontale,,,,,,,,,,,1,2,2,1.0,1
201300051539,0013-08-23 16:20:00,13,8,23,16,20,750,108,"116, AVENUE DES CHAMPS E",,,Plein jour,En agglomération,Intersection en X,Normale,Deux véhicules - arrière,,,,,,,,,,,1,2,2,1.0,2
201300051540,0013-08-23 17:25:00,13,8,23,17,25,750,108,"32, AVENUE DE FRIEDLAND",,,Plein jour,En agglomération,Intersection en X,Normale,Deux véhicules - arrière,,,,,,,,,,,1,2,2,1.0,2
201300051541,0013-08-23 20:20:00,13,8,23,20,20,750,108,PLACE CHARLES DE GAULLE,,,Plein jour,En agglomération,Place,Normale,Deux véhicules - arrière,,,,,,,,,,,1,2,7,1.0,2
201300051542,0013-08-25 01:50:00,13,8,25,1,50,750,108,RUE DE ROME,,,Nuit avec éclairage allumé,En agglomération,Intersection en T,Pluie légère,Deux véhicules - frontale,,,,,,,,,,,5,2,3,2.0,1
201300051543,0013-08-25 02:01:00,13,8,25,2,1,750,108,BOULEVARD DE COURCELLES,,,Nuit avec éclairage allumé,En agglomération,Intersection à plus de 4 branches,Pluie forte,Trois véhicules et plus - collisions multiples,,,,,,,,,,,5,2,5,3.0,5
201300051544,0013-08-25 17:35:00,13,8,25,17,35,750,108,PLACE DE LA CONCORDE,,,Crépuscule ou aube,En agglomération,Place,Pluie légère,Deux véhicules - côté,,,,,,,,,,,2,2,7,2.0,3
201300051545,0013-08-27 00:20:00,13,8,27,0,20,750,108,"40, AVENUE DES CHAMPS EL",,,Nuit avec éclairage allumé,En agglomération,Hors intersection,Normale,Sans collision,,,,,,,,,,,5,2,1,1.0,7
201300051546,0013-08-28 09:10:00,13,8,28,9,10,750,108,"11, PLACE SAINT AUGUSTIN",,,Plein jour,En agglomération,Place,Normale,Deux véhicules - côté,,,,,,,,,,,1,2,7,1.0,3
201300051547,0013-08-29 15:00:00,13,8,29,15,0,750,108,"133, AVENUE DES CHAMPS E",,,Plein jour,En agglomération,Hors intersection,Normale,Autre collision,,,,,,,,,,,1,2,1,1.0,6
201300051548,0013-08-30 23:05:00,13,8,30,23,5,750,108,"41, AVENUE DES CHAMPS EL",,,Nuit avec éclairage allumé,En agglomération,Hors intersection,Normale,Autre collision,,,,,,,,,,,5,2,1,1.0,6
201300051549,0013-08-31 01:50:00,13,8,31,1,50,750,108,PLACE DE LA CONCORDE,,,Nuit avec éclairage allumé,En agglomération,Place,Normale,Deux véhicules - côté,,,,,,,,,,,5,2,7,1.0,3
201300051550,0013-08-31 13:45:00,13,8,31,13,45,750,108,PLACE DES TERNES,,,Plein jour,En agglomération,Place,Normale,Deux véhicules - côté,,,,,,,,,,,1,2,7,1.0,3
201300051551,0013-09-01 06:10:00,13,9,1,6,10,750,108,"44, AVENUE DES CHAMPS EL",,,Nuit avec éclairage allumé,En agglomération,Hors intersection,Normale,Autre collision,,,,,,,,,,,5,2,1,1.0,6
201300051552,0013-09-02 21:15:00,13,9,2,21,15,750,108,"84, AVENUE DES CHAMPS EL",,,Nuit avec éclairage allumé,En agglomération,Intersection en T,Normale,Autre collision,,,,,,,,,,,5,2,3,1.0,6
201300051553,0013-09-03 22:15:00,13,9,3,22,15,750,108,"28, RUE DE PONTHIEU",,,Nuit avec éclairage allumé,En agglomération,Intersection en X,Normale,Deux véhicules - côté,,,,,,,,,,,5,2,2,1.0,3
201300051554,0013-09-04 18:00:00,13,9,4,18,0,750,108,"52, RUE FRANCOIS 1ER",,,Plein jour,En agglomération,Intersection en X,Temps éblouissant,Trois véhicules et plus - en chaîne,,,,,,,,,,,1,2,2,7.0,4
201300051555,0013-09-04 19:25:00,13,9,4,19,25,750,108,"5, PLACE DE L ALMA",,,Plein jour,En agglomération,Place,Normale,Deux véhicules - côté,,,,,,,,,,,1,2,7,1.0,3