accident_id,datetime,annee,mois,jour,heure,minute,departement,commune_insee,adresse,latitude,longitude,luminosite,agglomeration,intersection,meteo,collision,nb_vehicules,nb_usagers,nb_indemnes,nb_tues,nb_blesses_hosp,nb_blesses_legers,age_cond_1,age_cond_2,veh_type_cond_1,veh_type_cond_2,lum_code,agg_code,int_code,atm_code,col_code
201300051683,0013-12-22 01:30:00,13,12,22,1,30,750,108,ROND POINT CHAMPS ELYSEE,,,Nuit avec éclairage allumé,En agglomération,Place,Normale,Trois véhicules et plus - en chaîne,,,,,,,,,,,5,2,7,1.0,4
201300051684,0013-12-22 17:15:00,13,12,22,17,15,750,108,"33, AVENUE DES CHAMPS EL",,,Nuit avec éclairage allumé,En agglomération,Intersection en X,Pluie légère,Autre collision,,,,,,,,,,,5,2,2,2.0,6
201300051685,0013-12-24 09:50:00,13,12,24,9,50,750,116,"39, AVENUE MARCEAU",,,Plein jour,En agglomération,Intersection en X,Vent fort / tempête,Sans collision,,,,,,,,,,,1,2,2,6.0,7
201300051686,0013-12-24 16:10:00,13,12,24,16,10,750,108,"45, RUE DE LONDRES",,,Crépuscule ou aube,En agglomération,Hors intersection,Pluie forte,Autre collision,,,,,,,,,,,2,2,1,3.0,6
201300051687,0013-12-26 15:30:00,13,12,26,15,30,750,108,"134, BOULEVARD HAUSSMANN",,,Plein jour,En agglomération,Intersection en T,Normale,Deux véhicules - côté,,,,,,,,,,,1,2,3,1.0,3
201300051688,0013-12-28 01:20:00,13,12,28,1,20,750,108,COURS LA REINE,,,Nuit avec éclairage allumé,En agglomération,Intersection à plus de 4 branches,Pluie forte,Deux véhicules - côté,,,,,,,,,,,5,2,5,3.0,3
201300051689,0013-12-28 04:40:00,13,12,28,4,40,750,108,COURS ALBERT 1ER,,,Nuit avec éclairage allumé,En agglomération,Hors intersection,Pluie forte,Autre collision,,,,,,,,,,,5,2,1,3.0,6
201300051690,0013-12-28 12:50:00,13,12,28,12,50,750,108,"3, PLACE DE LA CONCORDE",,,Plein jour,En agglomération,Place,Normale,Deux véhicules - côté,,,,,,,,,,,1,2,7,1.0,3
201300051691,0013-12-29 20:10:00,13,12,29,20,10,750,108,"48, RUE DE LONDRES",,,Nuit avec éclairage allumé,En agglomération,Hors intersection,Normale,Sans collision,,,,,,,,,,,5,2,1,1.0,7
201300051692,0013-12-30 12:10:00,13,12,30,12,10,750,108,"11, RUE TRONCHET",,,Plein jour,En agglomération,Hors intersection,Normale,Deux véhicules - côté,,,,,,,,,,,1,2,1,1.0,3
201300051693,0013-12-30 18:00:00,13,12,30,18,0,750,108,"121, BOULEVARD MALESHERB",,,Nuit avec éclairage allumé,En agglomération,Intersection en X,Pluie légère,Deux véhicules - arrière,,,,,,,,,,,5,2,2,2.0,2
201300051694,0013-12-31 10:00:00,13,12,31,10,0,750,108,"07, RUE ROQUEPINE",,,Plein jour,En agglomération,Intersection en X,Normale,Deux véhicules - côté,,,,,,,,,,,1,2,2,1.0,3
201300051695,0013-12-31 14:10:00,13,12,31,14,10,750,108,"24, RUE DU FAUBOURG SAIN",,,Plein jour,En agglomération,Intersection en X,Normale,Deux véhicules - côté,,,,,,,,,,,1,2,2,1.0,3
201300051696,0013-01-02 06:40:00,13,1,2,6,40,750,109,BOULEVARD POISSONNIERE,,,Nuit avec éclairage allumé,En agglomération,Intersection en X,Normale,Deux véhicules - côté,,,,,,,,,,,5,2,2,1.0,3
201300051697,0013-01-07 08:30:00,13,1,7,8,30,750,109,BOULEVARD DE CLICHY,,,Plein jour,En agglomération,Intersection en T,Normale,Autre collision,,,,,,,,,,,1,2,3,1.0,6
201300051698,0013-01-08 09:20:00,13,1,8,9,20,750,109,"2, RUE DE MOGADOR",,,Plein jour,En agglomération,Intersection en X,Normale,Autre collision,,,,,,,,,,,1,2,2,1.0,6
201300051699,0013-01-09 00:29:00,13,1,9,0,29,750,109,"76, RUE DE DUNKERQUE",,,Nuit avec éclairage allumé,En agglomération,Intersection en X,Normale,Autre collision,,,,,,,,,,,5,2,2,1.0,6
201300051700,0013-01-09 11:11:00,13,1,9,11,11,750,109,"43, RUE DE PROVENCE",,,Plein jour,En agglomération,Intersection en X,Normale,Deux véhicules - côté,,,,,,,,,,,1,2,2,1.0,3
201300051701,0013-01-10 14:09:00,13,1,10,14,9,750,109,"76, RUE DE ROCHECHOUART",,,Plein jour,En agglomération,Intersection à plus de 4 branches,Pluie légère,Autre collision,,,,,,,,,,,1,2,5,2.0,6
201300051702,0013-01-17 16:48:00,13,1,17,16,48,750,109,"5, RUE ROUGEMONT",,,Plein jour,En agglomération,Hors intersection,Normale,Autre collision,,,,,,,,,,,1,2,1,1.0,6
201300051703,0013-01-16 23:45:00,13,1,16,23,45,750,109,"14, RUE CLAUZEL",,,Nuit avec éclairage allumé,En agglomération,Hors intersection,Normale,Sans collision,,,,,,,,,,,5,2,1,1.0,7
201300051704,0013-01-18 01:00:00,13,1,18,1,0,750,109,"02, BOULEVARD HAUSSMANN",,,Nuit avec éclairage allumé,En agglomération,Intersection à plus de 4 branches,Normale,Sans collision,,,,,,,,,,,5,2,5,1.0,7
201300051705,0013-01-18 14:05:00,13,1,18,14,5,750,109,PLACE PIGALLE,,,Plein jour,En agglomération,Place,Normale,Autre collision,,,,,,,,,,,1,2,7,1.0,6
201300051706,0013-01-24 20:10:00,13,1,24,20,10,750,109,"17, BOULEVARD DE ROCHECH",,,Nuit avec éclairage allumé,En agglomération,Hors intersection,Normale,Autre collision,,,,,,,,,,,5,2,1,1.0,6
201300051707,0013-01-25 15:20:00,13,1,25,15,20,750,109,"16, RUE DE MOGADOR",,,Plein jour,En agglomération,Intersection en X,Normale,Autre collision,,,,,,,,,,,1,2,2,1.0,6
201300051708,0013-01-25 21:30:00,13,1,25,21,30,750,102,BOULEVARD DES CAPUCINES,,,Nuit avec éclairage allumé,En agglomération,Place,Normale,Trois véhicules et plus - collisions multiples,,,,,,,,,,,5,2,7,1.0,5
201300051709,0013-01-26 20:55:00,13,1,26,20,55,750,109,"20, RUE D AMSTERDAM",,,Nuit avec éclairage allumé,En agglomération,Hors intersection,Normale,Autre collision,,,,,,,,,,,5,2,1,1.0,6
201300051710,0013-01-29 21:20:00,13,1,29,21,20,750,109,BOULEVARD DE ROCHECHOUAR,,,Nuit avec éclairage allumé,En agglomération,Place,Temps couvert,Sans collision,,,,,,,,,,,5,2,7,8.0,7
201300051711,0013-01-30 18:20:00,13,1,30,18,20,750,109,"02, RUE BERGERE",,,Crépuscule ou aube,En agglomération,Intersection en X,Normale,Autre collision,,,,,,,,,,,2,2,2,1.0,6
201300051712,0013-01-31 19:00:00,13,1,31,19,0,750,109,"40, RUE BALLU",,,Nuit avec éclairage allumé,En agglomération,Intersection en Y,Normale,Autre collision,,,,,,,,,,,5,2,4,1.0,6
201300051713,0013-02-01 19:20:00,13,2,1,19,20,750,116,AVENUE HENRI MARTIN,,,Nuit avec éclairage allumé,En agglomération,Intersection en X,Normale,Autre collision,,,,,,,,,,,5,2,2,1.0,6
201300051714,0013-02-07 07:40:00,13,2,7,7,40,750,109,"61, RUE LA FAYETTE",,,Crépuscule ou aube,En agglomération,Intersection en X,Pluie légère,Deux véhicules - côté,,,,,,,,,,,2,2,2,2.0,3
201300051715,0013-02-07 09:15:00,13,2,7,9,15,750,102,"05, BOULEVARD DES ITALIE",,,Plein jour,En agglomération,Hors intersection,Normale,Deux véhicules - arrière,,,,,,,,,,,1,2,1,1.0,2
201300051716,0013-02-08 09:30:00,13,2,8,9,30,750,109,"40, BOULEVARD HAUSSMANN",,,Plein jour,En agglomération,Intersection à plus de 4 branches,Normale,Autre collision,,,,,,,,,,,1,2,5,1.0,6
201300051717,0013-02-09 10:00:00,13,2,9,10,0,750,109,"1, RUE DE MAUBEUGE",,,Plein jour,En agglomération,Place,Normale,Autre collision,,,,,,,,,,,1,2,7,1.0,6
201300051718,0013-02-12 12:05:00,13,2,12,12,5,750,109,"92, RUE SAINT LAZARE",,,Plein jour,En agglomération,Intersection en T,Normale,Deux véhicules - côté,,,,,,,,,,,1,2,3,1.0,3
201300051719,0013-02-12 19:35:00,13,2,12,19,35,750,109,"4, RUE DU FAUBOURG MONTM",,,Nuit avec éclairage allumé,En agglomération,Hors intersection,Normale,Autre collision,,,,,,,,,,,5,2,1,1.0,6
201300051720,0013-02-13 11:25:00,13,2,13,11,25,750,109,"28, RUE BLANCHE",,,Plein jour,En agglomération,Hors intersection,Normale,Sans collision,,,,,,,,,,,1,2,1,1.0,7
201300051721,0013-02-21 14:40:00,13,2,21,14,40,750,109,"2, RUE HALEVY",,,Plein jour,En agglomération,Place,Normale,Autre collision,,,,,,,,,,,1,2,7,1.0,6
201300051722,0013-02-26 14:05:00,13,2,26,14,5,750,109,"14, RUE BERGERE",,,Plein jour,En agglomération,Hors intersection,Normale,Deux véhicules - arrière,,,,,,,,,,,1,2,1,1.0,2
201300051723,0013-02-26 22:50:00,13,2,26,22,50,750,109,"41, RUE DE ROCHECHOUART",,,Nuit avec éclairage allumé,En agglomération,Intersection en X,Normale,Deux véhicules - côté,,,,,,,,,,,5,2,2,1.0,3
201300051724,0013-02-23 20:00:00,13,2,23,20,0,750,109,"75 bis, BOULEVARD DE CLI",,,Crépuscule ou aube,En agglomération,Intersection en T,Temps couvert,Deux véhicules - côté,,,,,,,,,,,2,2,3,8.0,3
201300051725,0013-02-28 19:55:00,13,2,28,19,55,750,109,"12, BOULEVARD DE LA MADE",,,Nuit avec éclairage allumé,En agglomération,Intersection en Y,Normale,Deux véhicules - arrière,,,,,,,,,,,5,2,4,1.0,2
201300051726,0013-03-01 06:15:00,13,3,1,6,15,750,109,"54 bis, RUE DE CLICHY",,,Nuit avec éclairage allumé,En agglomération,Intersection en T,Normale,Deux véhicules - arrière,,,,,,,,,,,5,2,3,1.0,2
201300051727,0013-03-09 17:50:00,13,3,9,17,50,750,109,"107, RUE SAINT LAZARE",,,Plein jour,En agglomération,Hors intersection,Normale,Autre collision,,,,,,,,,,,1,2,1,1.0,6
201300051728,0013-03-09 22:20:00,13,3,9,22,20,750,109,"38, RUE NOTRE DAME DE LO",,,Nuit avec éclairage allumé,En agglomération,Intersection à plus de 4 branches,Normale,Sans collision,,,,,,,,,,,5,2,5,1.0,7
201300051729,0013-03-11 10:15:00,13,3,11,10,15,750,109,"16, BOULEVARD MONTMARTRE",,,Plein jour,En agglomération,Hors intersection,Pluie légère,Deux véhicules - côté,,,,,,,,,,,1,2,1,2.0,3
201300051730,0013-03-13 18:08:00,13,3,13,18,8,750,109,"13, RUE DE MONTYON",,,Plein jour,En agglomération,Hors intersection,Temps couvert,Autre collision,,,,,,,,,,,1,2,1,8.0,6
201300051731,0013-03-14 20:25:00,13,3,14,20,25,750,109,"19, BOULEVARD DE CLICHY",,,Nuit avec éclairage allumé,En agglomération,Place,Normale,Trois véhicules et plus - en chaîne,,,,,,,,,,,5,2,7,1.0,4
201300051732,0013-03-15 08:55:00,13,3,15,8,55,750,109,"24, RUE SAINT LAZARE",,,Plein jour,En agglomération,Intersection en X,Normale,Sans collision,,,,,,,,,,,1,2,2,1.0,7
201300051733,0013-03-15 10:10:00,13,3,15,10,10,750,109,BOULEVARD HAUSSMANN,,,Plein jour,En agglomération,Intersection à plus de 4 branches,Normale,Deux véhicules - arrière,,,,,,,,,,,1,2,5,1.0,2
201300051734,0013-03-15 13:25:00,13,3,15,13,25,750,109,"12, BOULEVARD DES CAPUCI",,,Plein jour,En agglomération,Place,Normale,Autre collision,,,,,,,,,,,1,2,7,1.0,6
201300051735,0013-03-22 16:15:00,13,3,22,16,15,750,109,"40, BOULEVARD HAUSSMANN",,,Plein jour,En agglomération,Intersection à plus de 4 branches,Normale,Deux véhicules - arrière,,,,,,,,,,,1,2,5,1.0,2
201300051736,0013-03-25 14:35:00,13,3,25,14,35,750,109,"40, RUE DE CHATEAUDUN",,,Plein jour,En agglomération,Intersection en X,Normale,Autre collision,,,,,,,,,,,1,2,2,1.0,6
201300051737,0013-03-26 10:55:00,13,3,26,10,55,750,109,"52, RUE DE CHATEAUDUN",,,Plein jour,En agglomération,Hors intersection,Normale,Autre collision,,,,,,,,,,,1,2,1,1.0,6
201300051738,0013-03-26 17:50:00,13,3,26,17,50,750,109,"45, BOULEVARD DE ROCHECH",,,Plein jour,En agglomération,Hors intersection,Temps couvert,Autre collision,,,,,,,,,,,1,2,1,8.0,6
201300051739,0013-03-29 01:05:00,13,3,29,1,5,750,109,"57, BOULEVARD DE ROCHECH",,,Nuit avec éclairage allumé,En agglomération,Intersection en T,Normale,Autre collision,,,,,,,,,,,5,2,3,1.0,6
201300051740,0013-03-30 23:40:00,13,3,30,23,40,750,109,"18, RUE CLAUZEL",,,Nuit avec éclairage allumé,En agglomération,Hors intersection,Normale,Sans collision,,,,,,,,,,,5,2,1,1.0,7
201300051741,0013-04-02 17:30:00,13,4,2,17,30,750,109,"23, BOULEVARD HAUSSMANN",,,Plein jour,En agglomération,Intersection à plus de 4 branches,Normale,Deux véhicules - côté,,,,,,,,,,,1,2,5,1.0,3
201300051742,0013-04-04 18:15:00,13,4,4,18,15,750,109,"1, RUE DE PROVENCE",,,Plein jour,En agglomération,Intersection à plus de 4 branches,Pluie légère,Deux véhicules - côté,,,,,,,,,,,1,2,5,2.0,3
201300051743,0013-04-06 10:15:00,13,4,6,10,15,750,109,"8, BOULEVARD HAUSSMANN",,,Plein jour,En agglomération,Intersection en X,Normale,Deux véhicules - côté,,,,,,,,,,,1,2,2,1.0,3
201300051744,0013-04-08 17:50:00,13,4,8,17,50,750,109,"39, BOULEVARD DE CLICHY",,,Plein jour,En agglomération,Hors intersection,Normale,Autre collision,,,,,,,,,,,1,2,1,1.0,6
201300051745,0013-04-10 19:50:00,13,4,10,19,50,750,109,"16, BOULEVARD POISSONNIE",,,Nuit avec éclairage allumé,En agglomération,Intersection en T,Pluie légère,Sans collision,,,,,,,,,,,5,2,3,2.0,7
201300051746,0013-04-12 17:40:00,13,4,12,17,40,750,109,"02, PLACE CHARLES GARNIE",,,Plein jour,En agglomération,Place,Pluie forte,Deux véhicules - arrière,,,,,,,,,,,1,2,7,3.0,2
201300051747,0013-04-15 08:50:00,13,4,15,8,50,750,109,"21, RUE DU FAUBOURG MONT",,,Plein jour,En agglomération,Intersection à plus de 4 branches,Pluie légère,Autre collision,,,,,,,,,,,1,2,5,2.0,6
201300051748,0013-04-17 12:57:00,13,4,17,12,57,750,109,"1, RUE AUBER",,,Plein jour,En agglomération,Place,Normale,Autre collision,,,,,,,,,,,1,2,7,1.0,6
201300051749,0013-04-17 15:10:00,13,4,17,15,10,750,109,"24, RUE DE TREVISE",,,Plein jour,En agglomération,Intersection en X,Normale,Autre collision,,,,,,,,,,,1,2,2,1.0,6
201300051750,0013-04-17 15:15:00,13,4,17,15,15,750,109,RUE AUBER,,,Plein jour,En agglomération,Intersection à plus de 4 branches,Normale,Deux véhicules - côté,,,,,,,,,,,1,2,5,1.0,3
201300051751,0013-04-22 19:15:00,13,4,22,19,15,750,109,"22, RUE DE LONDRES",,,Plein jour,En agglomération,Hors intersection,Normale,Trois véhicules et plus - en chaîne,,,,,,,,,,,1,2,1,1.0,4
201300051752,0013-04-24 17:45:00,13,4,24,17,45,750,109,"17, RUE DE ROCHECHOUART",,,Plein jour,En agglomération,Intersection en T,Normale,Autre collision,,,,,,,,,,,1,2,3,1.0,6
201300051753,0013-04-26 17:03:00,13,4,26,17,3,750,109,"19, RUE SCRIBE",,,Plein jour,En agglomération,Place,Pluie légère,Autre collision,,,,,,,,,,,1,2,7,2.0,6
201300051754,0013-04-29 15:15:00,13,4,29,15,15,750,109,"16, RUE HENRY MONNIER",,,Plein jour,En agglomération,Intersection en T,Normale,Autre collision,,,,,,,,,,,1,2,3,1.0,6
201300051755,0013-05-01 16:15:00,13,5,1,16,15,750,109,RUE LA FAYETTE,,,Plein jour,En agglomération,Intersection en T,Temps couvert,Deux véhicules - côté,,,,,,,,,,,1,2,3,8.0,3
201300051756,0013-05-02 10:35:00,13,5,2,10,35,750,109,"3, BOULEVARD HAUSSMANN",,,Plein jour,En agglomération,Intersection en X,Normale,Deux véhicules - côté,,,,,,,,,,,1,2,2,1.0,3
201300051757,0013-05-02 18:15:00,13,5,2,18,15,750,109,RUE CHORON,,,Plein jour,En agglomération,Hors intersection,Normale,Autre collision,,,,,,,,,,,1,2,1,1.0,6
201300051758,0013-05-06 16:53:00,13,5,6,16,53,750,109,"63, BOULEVARD DE ROCHECH",,,Plein jour,En agglomération,Intersection à plus de 4 branches,Normale,Deux véhicules - côté,,,,,,,,,,,1,2,5,1.0,3
201300051759,0013-05-12 00:15:00,13,5,12,0,15,750,109,"08, RUE DE LA CHAUSSEE D",,,Nuit avec éclairage allumé,En agglomération,Intersection en Y,Normale,Deux véhicules - côté,,,,,,,,,,,5,2,4,1.0,3
201300051760,0013-05-13 19:00:00,13,5,13,19,0,750,109,"27, RUE DE ROCHECHOUART",,,Plein jour,En agglomération,Intersection à plus de 4 branches,Normale,Deux véhicules - côté,,,,,,,,,,,1,2,5,1.0,3
201300051761,0013-05-14 15:40:00,13,5,14,15,40,750,109,"57, RUE DE LA CHAUSSEE D",,,Plein jour,En agglomération,Place,Normale,Autre collision,,,,,,,,,,,1,2,7,1.0,6
201300051762,0013-05-15 00:55:00,13,5,15,0,55,750,102,"3, BOULEVARD MONTMARTRE",,,Nuit avec éclairage allumé,En agglomération,Intersection en X,Temps couvert,Sans collision,,,,,,,,,,,5,2,2,8.0,7
201300051763,0013-05-16 06:58:00,13,5,16,6,58,750,109,"32, RUE DE LA ROCHEFOUCA",,,Crépuscule ou aube,En agglomération,Intersection en X,Normale,Deux véhicules - côté,,,,,,,,,,,2,2,2,1.0,3
201300051764,0013-05-16 12:15:00,13,5,16,12,15,750,109,"43, RUE LE PELETIER",,,Plein jour,En agglomération,Intersection en X,Normale,Deux véhicules - côté,,,,,,,,,,,1,2,2,1.0,3
201300051765,0013-05-17 18:35:00,13,5,17,18,35,750,109,"4, RUE TURGOT",,,Plein jour,En agglomération,Intersection à plus de 4 branches,Normale,Autre collision,,,,,,,,,,,1,2,5,1.0,6
201300051766,0013-05-20 23:40:00,13,5,20,23,40,750,109,"01, RUE MAYRAN",,,Nuit avec éclairage allumé,En agglomération,Intersection à plus de 4 branches,Pluie légère,Autre collision,,,,,,,,,,,5,2,5,2.0,6
201300051767,0013-05-21 18:30:00,13,5,21,18,30,750,102,"28, AVENUE DE L OPERA",,,Plein jour,En agglomération,Intersection à plus de 4 branches,Normale,Deux véhicules - côté,,,,,,,,,,,1,2,5,1.0,3
201300051768,0013-05-23 14:25:00,13,5,23,14,25,750,109,"29, RUE DROUOT",,,Plein jour,En agglomération,Intersection à plus de 4 branches,Normale,Deux véhicules - côté,,,,,,,,,,,1,2,5,1.0,3
201300051769,0013-05-24 03:12:00,13,5,24,3,12,750,109,"8, BOULEVARD MONTMARTRE",,,Nuit avec éclairage allumé,En agglomération,Hors intersection,Normale,Trois véhicules et plus - collisions multiples,,,,,,,,,,,5,2,1,1.0,5
201300051770,0013-05-25 11:15:00,13,5,25,11,15,750,109,"36, RUE VICTOR MASSE",,,Plein jour,En agglomération,Hors intersection,Normale,Trois véhicules et plus - collisions multiples,,,,,,,,,,,1,2,1,1.0,5
201300051771,0013-05-24 22:00:00,13,5,24,22,0,750,109,"15, BOULEVARD DE CLICHY",,,Nuit avec éclairage allumé,En agglomération,Place,Pluie légère,Autre collision,,,,,,,,,,,5,2,7,2.0,6
201300051772,0013-05-25 20:00:00,13,5,25,20,0,750,109,"127, RUE DU FAUBOURG POI",,,Plein jour,En agglomération,Intersection en X,Pluie légère,Autre collision,,,,,,,,,,,1,2,2,2.0,6
201300051773,0013-05-26 09:30:00,13,5,26,9,30,750,109,PLACE DE CLICHY,,,Plein jour,En agglomération,Place,Normale,Deux véhicules - arrière,,,,,,,,,,,1,2,7,1.0,2
201300051774,0013-05-27 12:10:00,13,5,27,12,10,750,109,"53, RUE DE CHATEAUDUN",,,Plein jour,En agglomération,Hors intersection,Normale,Deux véhicules - arrière,,,,,,,,,,,1,2,1,1.0,2
201300051775,0013-05-27 16:30:00,13,5,27,16,30,750,109,RUE LA FAYETTE,,,Plein jour,En agglomération,Intersection à plus de 4 branches,Normale,Autre collision,,,,,,,,,,,1,2,5,1.0,6
201300051776,0013-05-29 14:00:00,13,5,29,14,0,750,109,"75, RUE SAINT LAZARE",,,Plein jour,En agglomération,Place,Normale,Autre collision,,,,,,,,,,,1,2,7,1.0,6
201300051777,0013-05-29 17:30:00,13,5,29,17,30,750,109,"14, BOULEVARD HAUSSMANN",,,Plein jour,En agglomération,Intersection en X,Normale,Deux véhicules - côté,,,,,,,,,,,1,2,2,1.0,3
201300051778,0013-06-03 11:50:00,13,6,3,11,50,750,101,"52, RUE DU LOUVRE",,,Plein jour,En agglomération,Intersection en X,Normale,Deux véhicules - côté,,,,,,,,,,,1,2,2,1.0,3
201300051779,0013-06-09 16:08:00,13,6,9,16,8,750,109,"46, RUE DE ROCHECHOUART",,,Plein jour,En agglomération,Intersection à plus de 4 branches,Pluie légère,Sans collision,,,,,,,,,,,1,2,5,2.0,7
201300051780,0013-06-10 11:00:00,13,6,10,11,0,750,109,"20, RUE LAMARTINE",,,Plein jour,En agglomération,Intersection en X,Normale,Autre collision,,,,,,,,,,,1,2,2,1.0,6
201300051781,0013-06-13 20:00:00,13,6,13,20,0,750,109,RUE DE ROCHECHOUART,,,Plein jour,En agglomération,Intersection à plus de 4 branches,Normale,Deux véhicules - côté,,,,,,,,,,,1,2,5,1.0,3
201300051782,0013-06-14 20:00:00,13,6,14,20,0,750,109,"46, RUE DE TREVISE",,,Crépuscule ou aube,En agglomération,Intersection en X,Normale,Deux véhicules - côté,,,,,,,,,,,2,2,2,1.0,3
201300051783,0013-06-15 05:25:00,13,6,15,5,25,750,109,"41, RUE DE CHATEAUDUN",,,Nuit avec éclairage allumé,En agglomération,Intersection en X,Normale,Deux véhicules - côté,,,,,,,,,,,5,2,2,1.0,3
201300051784,0013-06-15 16:15:00,13,6,15,16,15,750,109,"42, RUE DE LA CHAUSSEE D",,,Plein jour,En agglomération,Hors intersection,Normale,Autre collision,,,,,,,,,,,1,2,1,1.0,6
201300051785,0013-06-17 09:50:00,13,6,17,9,50,750,109,"30, BOULEVARD DES CAPUCI",,,Plein jour,En agglomération,Intersection à plus de 4 branches,Pluie forte,Deux véhicules - frontale,,,,,,,,,,,1,2,5,3.0,1
201300051786,0013-06-18 15:54:00,13,6,18,15,54,750,109,"20, RUE DE MOGADOR",,,Plein jour,En agglomération,Intersection en X,Normale,Autre collision,,,,,,,,,,,1,2,2,1.0,6
201300051787,0013-06-21 13:35:00,13,6,21,13,35,750,109,"21, RUE DE CLICHY",,,Plein jour,En agglomération,Intersection en T,Normale,Autre collision,,,,,,,,,,,1,2,3,1.0,6
201300051788,0013-06-21 19:42:00,13,6,21,19,42,750,109,"13, RUE DE CHATEAUDUN",,,Plein jour,En agglomération,Intersection en X,Normale,Deux véhicules - côté,,,,,,,,,,,1,2,2,1.0,3
201300051789,0013-06-23 12:20:00,13,6,23,12,20,750,101,RUE THERESE,,,Plein jour,En agglomération,Intersection en T,Normale,Deux véhicules - côté,,,,,,,,,,,1,2,3,1.0,3
201300051790,0013-06-25 23:15:00,13,6,25,23,15,750,109,"2, RUE HENRY MONNIER",,,Nuit avec éclairage allumé,En agglomération,Intersection à plus de 4 branches,Normale,Deux véhicules - côté,,,,,,,,,,,5,2,5,1.0,3
201300051791,0013-06-26 08:13:00,13,6,26,8,13,750,109,"15, BOULEVARD DE CLICHY",,,Plein jour,En agglomération,Place,Normale,Deux véhicules - côté,,,,,,,,,,,1,2,7,1.0,3
201300051792,0013-06-26 09:02:00,13,6,26,9,2,750,109,"8, BOULEVARD DE LA MADEL",,,Plein jour,En agglomération,Intersection en T,Normale,Autre collision,,,,,,,,,,,1,2,3,1.0,6
201300051793,0013-06-27 21:00:00,13,6,27,21,0,750,109,"47, RUE SAINT GEORGES",,,Plein jour,En agglomération,Intersection en T,Normale,Deux véhicules - arrière,,,,,,,,,,,1,2,3,1.0,2
201300051794,0013-06-30 15:30:00,13,6,30,15,30,750,109,"10, PLACE D ANVERS",,,Plein jour,En agglomération,Intersection à plus de 4 branches,Normale,Autre collision,,,,,,,,,,,1,2,5,1.0,6
201300051795,0013-07-01 17:30:00,13,7,1,17,30,750,109,"43, RUE LE PELETIER",,,Plein jour,En agglomération,Intersection en X,Normale,Sans collision,,,,,,,,,,,1,2,2,1.0,7
201300051796,0013-07-03 09:45:00,13,7,3,9,45,750,109,"75, BOULEVARD DE CLICHY",,,Plein jour,En agglomération,Intersection en T,Pluie légère,Deux véhicules - arrière,,,,,,,,,,,1,2,3,2.0,2
201300051797,0013-07-03 21:25:00,13,7,3,21,25,750,109,"12, BOULEVARD DES CAPUCI",,,Plein jour,En agglomération,Place,Normale,Autre collision,,,,,,,,,,,1,2,7,1.0,6
201300051798,0013-07-06 09:39:00,13,7,6,9,39,750,109,"02, BOULEVARD MONTMARTRE",,,Plein jour,En agglomération,Intersection en X,Normale,Deux véhicules - côté,,,,,,,,,,,1,2,2,1.0,3
201300051799,0013-07-09 16:37:00,13,7,9,16,37,750,109,"54, RUE DE CLICHY",,,Plein jour,En agglomération,Intersection en T,Normale,Autre collision,,,,,,,,,,,1,2,3,1.0,6
201300051800,0013-07-09 13:45:00,13,7,9,13,45,750,109,"73, RUE SAINT LAZARE",,,Plein jour,En agglomération,Intersection à plus de 4 branches,Normale,Autre collision,,,,,,,,,,,1,2,5,1.0,6
201300051801,0013-07-09 21:15:00,13,7,9,21,15,750,109,"2, BOULEVARD DE LA MADEL",,,Nuit avec éclairage allumé,En agglomération,Intersection à plus de 4 branches,Normale,Deux véhicules - arrière,,,,,,,,,,,5,2,5,1.0,2
201300051802,0013-07-12 10:00:00,13,7,12,10,0,750,109,"57, RUE DE LA CHAUSSEE D",,,Plein jour,En agglomération,Place,Normale,Autre collision,,,,,,,,,,,1,2,7,1.0,6
201300051803,0013-07-15 16:55:00,13,7,15,16,55,750,109,"3, RUE AUBER",,,Plein jour,En agglomération,Place,Normale,Deux véhicules - côté,,,,,,,,,,,1,2,7,1.0,3
201300051804,0013-07-11 05:52:00,13,7,11,5,52,750,109,"20, RUE DE MOGADOR",,,Nuit avec éclairage allumé,En agglomération,Intersection en X,Normale,Deux véhicules - côté,,,,,,,,,,,5,2,2,1.0,3
201300051805,0013-07-19 15:15:00,13,7,19,15,15,750,109,"12, BOULEVARD DES CAPUCI",,,Plein jour,En agglomération,Place,Normale,Autre collision,,,,,,,,,,,1,2,7,1.0,6
201300051806,0013-07-19 21:42:00,13,7,19,21,42,750,109,"1, PLACE D ESTIENNE D OR",,,Crépuscule ou aube,En agglomération,Place,Normale,Autre collision,,,,,,,,,,,2,2,7,1.0,6
201300051807,0013-07-22 16:28:00,13,7,22,16,28,750,109,"49, RUE BLANCHE",,,Plein jour,En agglomération,Hors intersection,Normale,Deux véhicules - arrière,,,,,,,,,,,1,2,1,1.0,2
201300051808,0013-07-22 15:45:00,13,7,22,15,45,750,109,PLACE BLANCHE,,,Plein jour,En agglomération,Place,Normale,Deux véhicules - arrière,,,,,,,,,,,1,2,7,1.0,2
201300051809,0013-07-23 02:35:00,13,7,23,2,35,750,109,"73, BOULEVARD DE CLICHY",,,Nuit avec éclairage allumé,En agglomération,Hors intersection,Normale,Autre collision,,,,,,,,,,,5,2,1,1.0,6
201300051810,0013-07-25 14:10:00,13,7,25,14,10,750,109,"8, PLACE DE L OPERA",,,Plein jour,En agglomération,Place,Normale,Autre collision,,,,,,,,,,,1,2,7,1.0,6
201300051811,0013-07-29 01:40:00,13,7,29,1,40,750,109,"11, BOULEVARD DE CLICHY",,,Nuit avec éclairage allumé,En agglomération,Intersection en T,Normale,Autre collision,,,,,,,,,,,5,2,3,1.0,6