accident_id,datetime,annee,mois,jour,heure,minute,departement,commune_insee,adresse,latitude,longitude,luminosite,agglomeration,intersection,meteo,collision,nb_vehicules,nb_usagers,nb_indemnes,nb_tues,nb_blesses_hosp,nb_blesses_legers,age_cond_1,age_cond_2,veh_type_cond_1,veh_type_cond_2,lum_code,agg_code,int_code,atm_code,col_code
201300051812,0013-07-29 20:05:00,13,7,29,20,5,750,109,"2, RUE AUBER",,,Plein jour,En agglomération,Place,Normale,Autre collision,,,,,,,,,,,1,2,7,1.0,6
201300051813,0013-08-06 09:55:00,13,8,6,9,55,750,109,PLACE DE L OPERA,,,Plein jour,En agglomération,Place,Normale,Deux véhicules - côté,,,,,,,,,,,1,2,7,1.0,3
201300051814,0013-08-08 02:40:00,13,8,8,2,40,750,109,"65, RUE JEAN BAPTISTE PI",,,Nuit avec éclairage allumé,En agglomération,Intersection à plus de 4 branches,Normale,Deux véhicules - côté,,,,,,,,,,,5,2,5,1.0,3
201300051815,0013-08-13 08:30:00,13,8,13,8,30,750,109,"15, RUE LA FAYETTE",,,Plein jour,En agglomération,Intersection en T,Normale,Deux véhicules - côté,,,,,,,,,,,1,2,3,1.0,3
201300051816,0013-08-17 18:50:00,13,8,17,18,50,750,109,"35, RUE LAMARTINE",,,Plein jour,En agglomération,Intersection en T,Normale,Deux véhicules - côté,,,,,,,,,,,1,2,3,1.0,3
201300051817,0013-08-19 18:35:00,13,8,19,18,35,750,109,"92, RUE LA FAYETTE",,,Plein jour,En agglomération,Hors intersection,Normale,Deux véhicules - côté,,,,,,,,,,,1,2,1,1.0,3
201300051818,0013-08-22 13:35:00,13,8,22,13,35,750,109,"73, RUE SAINT LAZARE",,,Plein jour,En agglomération,Place,Normale,Autre collision,,,,,,,,,,,1,2,7,1.0,6
201300051819,0013-08-23 15:25:00,13,8,23,15,25,750,109,"8, RUE HALEVY",,,Plein jour,En agglomération,Hors intersection,Normale,Autre collision,,,,,,,,,,,1,2,1,1.0,6
201300051820,0013-08-30 10:40:00,13,8,30,10,40,750,109,"13, RUE DE MOGADOR",,,Plein jour,En agglomération,Intersection en X,Normale,Trois véhicules et plus - collisions multiples,,,,,,,,,,,1,2,2,1.0,5
201300051821,0013-09-03 08:25:00,13,9,3,8,25,750,109,"8, PLACE DE L OPERA",,,Plein jour,En agglomération,Place,Normale,Deux véhicules - côté,,,,,,,,,,,1,2,7,1.0,3
201300051822,0013-09-04 18:50:00,13,9,4,18,50,750,109,"2, BOULEVARD DES ITALIEN",,,Plein jour,En agglomération,Intersection à plus de 4 branches,Normale,Sans collision,,,,,,,,,,,1,2,5,1.0,7
201300051823,0013-09-04 13:50:00,13,9,4,13,50,750,109,"6, RUE BLANCHE",,,Plein jour,En agglomération,Place,Normale,Autre collision,,,,,,,,,,,1,2,7,1.0,6
201300051824,0013-09-10 15:35:00,13,9,10,15,35,750,109,"1, RUE BALLU",,,Plein jour,En agglomération,Intersection en T,Pluie légère,Autre collision,,,,,,,,,,,1,2,3,2.0,6
201300051825,0013-09-11 21:20:00,13,9,11,21,20,750,109,"46, RUE DU FAUBOURG MONT",,,Nuit avec éclairage allumé,En agglomération,Intersection en Y,Normale,Autre collision,,,,,,,,,,,5,2,4,1.0,6
201300051826,0013-09-12 21:30:00,13,9,12,21,30,750,109,"14, RUE CLAUZEL",,,Nuit avec éclairage allumé,En agglomération,Hors intersection,Temps couvert,Sans collision,,,,,,,,,,,5,2,1,8.0,7
201300051827,0013-09-14 20:20:00,13,9,14,20,20,750,109,"5, RUE DU CONSERVATOIRE",,,Nuit avec éclairage allumé,En agglomération,Intersection en X,Pluie forte,Autre collision,,,,,,,,,,,5,2,2,3.0,6
201300051828,0013-09-19 14:35:00,13,9,19,14,35,750,109,"7, RUE DE LA TOUR D AUVE",,,Plein jour,En agglomération,Hors intersection,Normale,Deux véhicules - arrière,,,,,,,,,,,1,2,1,1.0,2
201300051829,0013-09-19 20:20:00,13,9,19,20,20,750,109,"88, RUE LA FAYETTE",,,Nuit avec éclairage allumé,En agglomération,Intersection en X,Temps couvert,Deux véhicules - côté,,,,,,,,,,,5,2,2,8.0,3
201300051830,0013-09-19 21:45:00,13,9,19,21,45,750,109,BOULEVARD HAUSSMANN,,,Nuit avec éclairage allumé,En agglomération,Intersection en X,Normale,Deux véhicules - côté,,,,,,,,,,,5,2,2,1.0,3
201300051831,0013-09-22 22:45:00,13,9,22,22,45,750,109,"75bis, BOULEVARD DE CLIC",,,Nuit avec éclairage allumé,En agglomération,Intersection en T,Normale,Autre collision,,,,,,,,,,,5,2,3,1.0,6
201300051832,0013-09-24 09:50:00,13,9,24,9,50,750,109,"38, RUE DE CHATEAUDUN",,,Plein jour,En agglomération,Intersection en X,Normale,Deux véhicules - côté,,,,,,,,,,,1,2,2,1.0,3
201300051833,0013-09-24 12:09:00,13,9,24,12,9,750,109,"7, RUE DE MAUBEUGE",,,Plein jour,En agglomération,Intersection en X,Normale,Sans collision,,,,,,,,,,,1,2,2,1.0,7
201300051834,0013-09-27 10:05:00,13,9,27,10,5,750,109,"20, BOULEVARD MONTMARTRE",,,Plein jour,En agglomération,Hors intersection,Normale,Deux véhicules - côté,,,,,,,,,,,1,2,1,1.0,3
201300051835,0013-09-27 21:30:00,13,9,27,21,30,750,109,"31 bis, RUE BERGERE",,,Nuit avec éclairage allumé,En agglomération,Hors intersection,Normale,Autre collision,,,,,,,,,,,5,2,1,1.0,6
201300051836,0013-09-28 21:15:00,13,9,28,21,15,750,109,"8, PLACE DE L OPERA",,,Nuit avec éclairage allumé,En agglomération,Place,Normale,Autre collision,,,,,,,,,,,5,2,7,1.0,6
201300051837,0013-09-30 18:45:00,13,9,30,18,45,750,109,AVENUE TRUDAINE,,,Plein jour,En agglomération,Intersection à plus de 4 branches,Normale,Deux véhicules - côté,,,,,,,,,,,1,2,5,1.0,3
201300051838,0013-10-03 09:57:00,13,10,3,9,57,750,102,"17, BOULEVARD POISSONNIE",,,Plein jour,En agglomération,Hors intersection,Normale,Deux véhicules - arrière,,,,,,,,,,,1,2,1,1.0,2
201300051839,0013-10-06 10:20:00,13,10,6,10,20,750,109,"17, RUE LAFFITTE",,,Plein jour,En agglomération,Intersection en T,Normale,Deux véhicules - côté,,,,,,,,,,,1,2,3,1.0,3
201300051840,0013-10-07 06:23:00,13,10,7,6,23,750,109,"88, RUE LA FAYETTE",,,Nuit avec éclairage allumé,En agglomération,Hors intersection,Normale,Autre collision,,,,,,,,,,,5,2,1,1.0,6
201300051841,0013-10-07 09:50:00,13,10,7,9,50,750,109,"43, RUE RICHER",,,Plein jour,En agglomération,Hors intersection,Normale,Deux véhicules - arrière,,,,,,,,,,,1,2,1,1.0,2
201300051842,0013-10-10 12:20:00,13,10,10,12,20,750,109,"43, RUE DE LIEGE",,,Plein jour,En agglomération,Intersection en T,Normale,Trois véhicules et plus - en chaîne,,,,,,,,,,,1,2,3,1.0,4
201300051843,0013-10-11 10:55:00,13,10,11,10,55,750,109,"29, BOULEVARD HAUSSMANN",,,Plein jour,En agglomération,Hors intersection,Pluie légère,Deux véhicules - côté,,,,,,,,,,,1,2,1,2.0,3
201300051844,0013-10-11 14:30:00,13,10,11,14,30,750,109,"28, BOULEVARD POISSONNIE",,,Plein jour,En agglomération,Hors intersection,Normale,Deux véhicules - arrière,,,,,,,,,,,1,2,1,1.0,2
201300051845,0013-10-11 21:20:00,13,10,11,21,20,750,109,"39, BOULEVARD DE ROCHECH",,,Nuit avec éclairage allumé,En agglomération,Place,Normale,Autre collision,,,,,,,,,,,5,2,7,1.0,6
201300051846,0013-10-12 01:35:00,13,10,12,1,35,750,109,"17, BOULEVARD HAUSSMANN",,,Nuit avec éclairage allumé,En agglomération,Place,Normale,Autre collision,,,,,,,,,,,5,2,7,1.0,6
201300051847,0013-10-16 08:40:00,13,10,16,8,40,750,109,"99, RUE SAINT LAZARE",,,Plein jour,En agglomération,Hors intersection,Normale,Deux véhicules - arrière,,,,,,,,,,,1,2,1,1.0,2
201300051848,0013-10-17 09:44:00,13,10,17,9,44,750,109,BOULEVARD MONTMARTRE,,,Plein jour,En agglomération,Intersection en X,Normale,Deux véhicules - côté,,,,,,,,,,,1,2,2,1.0,3
201300051849,0013-10-17 15:05:00,13,10,17,15,5,750,109,"21, RUE GERANDO",,,Plein jour,En agglomération,Hors intersection,Normale,Sans collision,,,,,,,,,,,1,2,1,1.0,7
201300051850,0013-10-22 20:36:00,13,10,22,20,36,750,109,"36, RUE LA FAYETTE",,,Nuit avec éclairage allumé,En agglomération,Intersection en T,Temps couvert,Autre collision,,,,,,,,,,,5,2,3,8.0,6
201300051851,0013-10-23 15:20:00,13,10,23,15,20,750,109,BOULEVARD HAUSSMANN,,,Plein jour,En agglomération,Hors intersection,Normale,Autre collision,,,,,,,,,,,1,2,1,1.0,6
201300051852,0013-10-24 08:35:00,13,10,24,8,35,750,109,"15, RUE SAINT LAZARE",,,Plein jour,En agglomération,Intersection en X,Normale,Deux véhicules - côté,,,,,,,,,,,1,2,2,1.0,3
201300051853,0013-10-28 09:15:00,13,10,28,9,15,750,109,"20, BOULEVARD MONTMARTRE",,,Plein jour,En agglomération,Intersection à plus de 4 branches,Temps couvert,Deux véhicules - arrière,,,,,,,,,,,1,2,5,8.0,2
201300051854,0013-10-29 09:30:00,13,10,29,9,30,750,109,"15, RUE DE CHATEAUDUN",,,Plein jour,En agglomération,Place,Normale,Deux véhicules - arrière,,,,,,,,,,,1,2,7,1.0,2
201300051855,0013-10-30 12:30:00,13,10,30,12,30,750,109,"23, RUE SAULNIER",,,Plein jour,En agglomération,Hors intersection,Normale,Autre collision,,,,,,,,,,,1,2,1,1.0,6
201300051856,0013-10-31 07:25:00,13,10,31,7,25,750,109,"6, BOULEVARD DES CAPUCIN",,,Crépuscule ou aube,En agglomération,Place,Normale,Autre collision,,,,,,,,,,,2,2,7,1.0,6
201300051857,0013-11-02 14:35:00,13,11,2,14,35,750,109,"61, RUE DE MAUBEUGE",,,Plein jour,En agglomération,Intersection à plus de 4 branches,Normale,Deux véhicules - arrière,,,,,,,,,,,1,2,5,1.0,2
201300051858,0013-11-04 07:16:00,13,11,4,7,16,750,109,"5, BOULEVARD DE CLICHY",,,Plein jour,En agglomération,Hors intersection,Normale,Autre collision,,,,,,,,,,,1,2,1,1.0,6
201300051859,0013-11-07 12:35:00,13,11,7,12,35,750,109,"02, RUE AUBER",,,Plein jour,En agglomération,Place,Temps couvert,Autre collision,,,,,,,,,,,1,2,7,8.0,6
201300051860,0013-11-08 16:55:00,13,11,8,16,55,750,109,"41, BOULEVARD HAUSSMANN",,,Nuit avec éclairage allumé,En agglomération,Intersection en T,Pluie légère,Autre collision,,,,,,,,,,,5,2,3,2.0,6
201300051861,0013-11-09 01:15:00,13,11,9,1,15,750,109,"77, BOULEVARD DE CLICHY",,,Nuit avec éclairage allumé,En agglomération,Hors intersection,Normale,Autre collision,,,,,,,,,,,5,2,1,1.0,6
201300051862,0013-11-11 04:45:00,13,11,11,4,45,750,109,RUE DE CHATEAUDUN,,,Nuit avec éclairage allumé,En agglomération,Intersection en X,Normale,Deux véhicules - côté,,,,,,,,,,,5,2,2,1.0,3
201300051863,0013-11-10 20:15:00,13,11,10,20,15,750,117,"113, AVENUE DE LA PORTE",,,Nuit avec éclairage allumé,En agglomération,Intersection en X,Normale,Deux véhicules - arrière,,,,,,,,,,,5,2,2,1.0,2
201300051864,0013-11-12 09:10:00,13,11,12,9,10,750,109,"54, RUE D AMSTERDAM",,,Plein jour,En agglomération,Hors intersection,Pluie légère,Deux véhicules - arrière,,,,,,,,,,,1,2,1,2.0,2
201300051865,0013-11-13 11:50:00,13,11,13,11,50,750,109,"17, RUE CADET",,,Plein jour,En agglomération,Intersection en T,Normale,Autre collision,,,,,,,,,,,1,2,3,1.0,6
201300051866,0013-11-13 21:55:00,13,11,13,21,55,750,109,"15, RUE DE CHATEAUDUN",,,Nuit avec éclairage allumé,En agglomération,Intersection en T,Normale,Sans collision,,,,,,,,,,,5,2,3,1.0,7
201300051867,0013-11-15 13:40:00,13,11,15,13,40,750,109,"1, RUE JEAN BAPTISTE PIG",,,Plein jour,En agglomération,Intersection à plus de 4 branches,Normale,Autre collision,,,,,,,,,,,1,2,5,1.0,6
201300051868,0013-11-16 03:55:00,13,11,16,3,55,750,104,"3, RUE DU RENARD",,,Nuit avec éclairage allumé,En agglomération,Intersection en X,Normale,Autre collision,,,,,,,,,,,5,2,2,1.0,6
201300051869,0013-11-16 10:10:00,13,11,16,10,10,750,109,"12, BOULEVARD POISSONNIE",,,Plein jour,En agglomération,Hors intersection,Normale,Deux véhicules - côté,,,,,,,,,,,1,2,1,1.0,3
201300051870,0013-11-16 19:05:00,13,11,16,19,5,750,109,"0, RUE DE ROCHECHOUART",,,Nuit avec éclairage allumé,En agglomération,Intersection en X,Normale,Autre collision,,,,,,,,,,,5,2,2,1.0,6
201300051871,0013-11-19 02:00:00,13,11,19,2,0,750,109,"6, PLACE DE CLICHY",,,Nuit avec éclairage allumé,En agglomération,Hors intersection,Normale,Autre collision,,,,,,,,,,,5,2,1,1.0,6
201300051872,0013-11-21 08:15:00,13,11,21,8,15,750,109,"1, RUE AUBER",,,Plein jour,En agglomération,Place,Pluie légère,Autre collision,,,,,,,,,,,1,2,7,2.0,6
201300051873,0013-11-22 23:30:00,13,11,22,23,30,750,109,RUE DE ROCHECHOUART,,,Nuit avec éclairage allumé,En agglomération,Intersection en X,Normale,Deux véhicules - côté,,,,,,,,,,,5,2,2,1.0,3
201300051874,0013-11-21 17:25:00,13,11,21,17,25,750,109,"53, AVENUE TRUDAINE",,,Crépuscule ou aube,En agglomération,Intersection en X,Pluie légère,Autre collision,,,,,,,,,,,2,2,2,2.0,6
201300051875,0013-11-25 11:20:00,13,11,25,11,20,750,108,"2, AVENUE DE MARIGNY",,,Plein jour,En agglomération,Intersection en X,Normale,Deux véhicules - côté,,,,,,,,,,,1,2,2,1.0,3
201300051876,0013-11-26 18:05:00,13,11,26,18,5,750,109,"23, BOULEVARD DE CLICHY",,,Nuit avec éclairage allumé,En agglomération,Hors intersection,Normale,Sans collision,,,,,,,,,,,5,2,1,1.0,7
201300051877,0013-11-29 00:01:00,13,11,29,0,1,750,109,"3, PLACE LILI BOULANGER",,,Nuit avec éclairage allumé,En agglomération,Intersection en X,Normale,Deux véhicules - côté,,,,,,,,,,,5,2,2,1.0,3
201300051878,0013-11-30 13:25:00,13,11,30,13,25,750,109,"91, RUE LA FAYETTE",,,Plein jour,En agglomération,Intersection en X,Normale,Deux véhicules - côté,,,,,,,,,,,1,2,2,1.0,3
201300051879,0013-12-02 14:30:00,13,12,2,14,30,750,109,"40, BOULEVARD HAUSSMANN",,,Plein jour,En agglomération,Intersection à plus de 4 branches,Normale,Autre collision,,,,,,,,,,,1,2,5,1.0,6
201300051880,0013-12-04 20:10:00,13,12,4,20,10,750,109,"35, RUE BLANCHE",,,Nuit avec éclairage allumé,En agglomération,Intersection en X,Normale,Sans collision,,,,,,,,,,,5,2,2,1.0,7
201300051881,0013-12-04 23:30:00,13,12,4,23,30,750,109,"82, RUE DE CLICHY",,,Nuit avec éclairage allumé,En agglomération,Place,Pluie légère,Deux véhicules - côté,,,,,,,,,,,5,2,7,2.0,3
201300051882,0013-12-06 15:10:00,13,12,6,15,10,750,109,"49, BOULEVARD HAUSSMANN",,,Plein jour,En agglomération,Intersection en X,Normale,Autre collision,,,,,,,,,,,1,2,2,1.0,6
201300051883,0013-12-10 14:45:00,13,12,10,14,45,750,109,"13, RUE RICHER",,,Plein jour,En agglomération,Intersection en X,Normale,Deux véhicules - côté,,,,,,,,,,,1,2,2,1.0,3
201300051884,0013-12-11 09:35:00,13,12,11,9,35,750,109,"4, RUE HALEVY",,,Plein jour,En agglomération,Hors intersection,Normale,Deux véhicules - arrière,,,,,,,,,,,1,2,1,1.0,2
201300051885,0013-12-12 15:00:00,13,12,12,15,0,750,109,"121, RUE DU FAUBOURG POI",,,Plein jour,En agglomération,Hors intersection,Normale,Autre collision,,,,,,,,,,,1,2,1,1.0,6
201300051886,0013-12-14 15:00:00,13,12,14,15,0,750,109,"10, RUE DE CAUMARTIN",,,Plein jour,En agglomération,Hors intersection,Normale,Deux véhicules - côté,,,,,,,,,,,1,2,1,1.0,3
201300051887,0013-12-16 22:10:00,13,12,16,22,10,750,109,"46, BOULEVARD HAUSSMANN",,,Nuit avec éclairage allumé,En agglomération,Intersection en X,Normale,Deux véhicules - arrière,,,,,,,,,,,5,2,2,1.0,2
201300051888,0013-12-17 14:10:00,13,12,17,14,10,750,109,"14, RUE D AMSTERDAM",,,Plein jour,En agglomération,Hors intersection,Normale,Deux véhicules - côté,,,,,,,,,,,1,2,1,1.0,3
201300051889,0013-12-20 02:15:00,13,12,20,2,15,750,109,"41, RUE PIERRE FONTAINE",,,Nuit avec éclairage allumé,En agglomération,Hors intersection,Normale,Sans collision,,,,,,,,,,,5,2,1,1.0,7
201300051890,0013-12-21 18:30:00,13,12,21,18,30,750,109,BOULEVARD HAUSSMANN,,,Nuit avec éclairage allumé,En agglomération,Intersection en X,Normale,Deux véhicules - arrière,,,,,,,,,,,5,2,2,1.0,2
201300051891,0013-12-23 11:15:00,13,12,23,11,15,750,109,"86, RUE DE DUNKERQUE",,,Plein jour,En agglomération,Intersection à plus de 4 branches,Normale,Deux véhicules - côté,,,,,,,,,,,1,2,5,1.0,3
201300051892,0013-12-29 16:10:00,13,12,29,16,10,750,109,"10, BOULEVARD POISSONNIE",,,Plein jour,En agglomération,Hors intersection,Normale,Deux véhicules - arrière,,,,,,,,,,,1,2,1,1.0,2
201300051893,0013-12-30 07:55:00,13,12,30,7,55,750,109,"15, RUE SAINT LAZARE",,,Crépuscule ou aube,En agglomération,Intersection en X,Normale,Autre collision,,,,,,,,,,,2,2,2,1.0,6
201300051894,0013-01-01 01:30:00,13,1,1,1,30,750,110,"13, BOULEVARD DE MAGENTA",,,Nuit avec éclairage allumé,En agglomération,Hors intersection,Pluie légère,Autre collision,,,,,,,,,,,5,2,1,2.0,6
201300051895,0013-01-02 19:45:00,13,1,2,19,45,750,110,"70, RUE DU FAUBOURG SAIN",,,Nuit avec éclairage allumé,En agglomération,Intersection en X,Normale,Autre collision,,,,,,,,,,,5,2,2,1.0,6
201300051896,0013-01-09 11:15:00,13,1,9,11,15,750,110,"72, BOULEVARD DE STRASBO",,,Plein jour,En agglomération,Intersection à plus de 4 branches,Normale,Sans collision,,,,,,,,,,,1,2,5,1.0,7
201300051897,0013-01-09 17:30:00,13,1,9,17,30,750,110,"37, AVENUE CLAUDE VELLEF",,,Nuit avec éclairage allumé,En agglomération,Intersection en Y,Pluie légère,Autre collision,,,,,,,,,,,5,2,4,2.0,6
201300051898,0013-01-10 18:05:00,13,1,10,18,5,750,110,"10, BOULEVARD DE MAGENTA",,,Nuit avec éclairage allumé,En agglomération,Hors intersection,Pluie légère,Autre collision,,,,,,,,,,,5,2,1,2.0,6
201300051899,0013-01-10 21:05:00,13,1,10,21,5,750,110,"2, BOULEVARD SAINT DENIS",,,Nuit avec éclairage allumé,En agglomération,Intersection à plus de 4 branches,Temps couvert,Deux véhicules - côté,,,,,,,,,,,5,2,5,8.0,3
201300051900,0013-01-11 20:15:00,13,1,11,20,15,750,110,"51, BOULEVARD DE MAGENTA",,,Nuit avec éclairage allumé,En agglomération,Intersection à plus de 4 branches,Normale,Autre collision,,,,,,,,,,,5,2,5,1.0,6
201300051901,0013-01-12 16:15:00,13,1,12,16,15,750,110,"127, BOULEVARD DE MAGENT",,,Plein jour,En agglomération,Place,Temps couvert,Autre collision,,,,,,,,,,,1,2,7,8.0,6
201300051902,0013-01-13 14:05:00,13,1,13,14,5,750,110,"15, AVENUE CLAUDE VELLEF",,,Plein jour,En agglomération,Intersection en X,Temps couvert,Deux véhicules - côté,,,,,,,,,,,1,2,2,8.0,3
201300051903,0013-01-14 11:40:00,13,1,14,11,40,750,110,"38, RUE DE LA GRANGE AUX",,,Plein jour,En agglomération,Intersection en T,Normale,Deux véhicules - arrière,,,,,,,,,,,1,2,3,1.0,2
201300051904,0013-01-15 08:00:00,13,1,15,8,0,750,110,"78, BOULEVARD DE MAGENTA",,,Nuit avec éclairage allumé,En agglomération,Intersection en Y,Pluie légère,Deux véhicules - côté,,,,,,,,,,,5,2,4,2.0,3
201300051905,0013-01-15 10:30:00,13,1,15,10,30,750,110,"8, AVENUE RICHERAND",,,Plein jour,En agglomération,Intersection en T,Pluie légère,Deux véhicules - côté,,,,,,,,,,,1,2,3,2.0,3
201300051906,0013-01-15 12:55:00,13,1,15,12,55,750,110,"14, BOULEVARD DE BONNE N",,,Plein jour,En agglomération,Intersection en T,Pluie légère,Autre collision,,,,,,,,,,,1,2,3,2.0,6
201300051907,0013-01-15 14:30:00,13,1,15,14,30,750,110,"20, RUE DES ECLUSES SAIN",,,Plein jour,En agglomération,Hors intersection,Pluie légère,Deux véhicules - côté,,,,,,,,,,,1,2,1,2.0,3
201300051908,0013-01-15 20:30:00,13,1,15,20,30,750,110,"1, RUE DU FAUBOURG SAINT",,,Nuit avec éclairage allumé,En agglomération,Intersection à plus de 4 branches,Neige / grêle,Autre collision,,,,,,,,,,,5,2,5,4.0,6
201300051909,0013-01-17 11:00:00,13,1,17,11,0,750,110,RUE EUGENE VARLIN,,,Plein jour,En agglomération,Intersection en X,Normale,Deux véhicules - côté,,,,,,,,,,,1,2,2,1.0,3
201300051910,0013-01-17 14:50:00,13,1,17,14,50,750,110,"05, RUE D HAUTEVILLE",,,Plein jour,En agglomération,Hors intersection,Normale,Autre collision,,,,,,,,,,,1,2,1,1.0,6
201300051911,0013-01-17 02:20:00,13,1,17,2,20,750,110,"80, QUAI DE JEMMAPES",,,Nuit avec éclairage allumé,En agglomération,Hors intersection,Normale,Autre collision,,,,,,,,,,,5,2,1,1.0,6
201300051912,0013-01-19 02:10:00,13,1,19,2,10,750,110,"206, RUE LA FAYETTE",,,Nuit avec éclairage allumé,En agglomération,Intersection en X,Neige / grêle,Sans collision,,,,,,,,,,,5,2,2,4.0,7
201300051913,0013-01-21 18:00:00,13,1,21,18,0,750,110,"204, RUE LA FAYETTE",,,Nuit sans éclairage public,En agglomération,Intersection en X,Neige / grêle,Autre collision,,,,,,,,,,,3,2,2,4.0,6
201300051914,0013-01-22 21:00:00,13,1,22,21,0,750,110,"92, BOULEVARD DE MAGENTA",,,Nuit avec éclairage allumé,En agglomération,Intersection en X,Pluie légère,Sans collision,,,,,,,,,,,5,2,2,2.0,7
201300051915,0013-01-23 10:40:00,13,1,23,10,40,750,110,"164, BOULEVARD DE MAGENT",,,Plein jour,En agglomération,Hors intersection,Normale,Deux véhicules - côté,,,,,,,,,,,1,2,1,1.0,3
201300051916,0013-01-25 16:00:00,13,1,25,16,0,750,110,"21, BOULEVARD DE MAGENTA",,,Plein jour,En agglomération,Intersection en Y,Temps couvert,Deux véhicules - côté,,,,,,,,,,,1,2,4,8.0,3
201300051917,0013-01-28 16:10:00,13,1,28,16,10,750,110,"99, BOULEVARD DE MAGENTA",,,Plein jour,En agglomération,Hors intersection,Normale,Autre collision,,,,,,,,,,,1,2,1,1.0,6
201300051918,0013-01-29 06:35:00,13,1,29,6,35,750,110,"114, BOULEVARD DE MAGENT",,,Nuit avec éclairage allumé,En agglomération,Hors intersection,Pluie légère,Autre collision,,,,,,,,,,,5,2,1,2.0,6
201300051919,0013-01-29 10:40:00,13,1,29,10,40,750,110,"245, RUE LA FAYETTE",,,Plein jour,En agglomération,Intersection à plus de 4 branches,Pluie légère,Autre collision,,,,,,,,,,,1,2,5,2.0,6
201300051920,0013-01-30 08:20:00,13,1,30,8,20,750,110,"233, RUE DU FAUBOURG SAI",,,Plein jour,En agglomération,Hors intersection,Pluie légère,Deux véhicules - côté,,,,,,,,,,,1,2,1,2.0,3
201300051921,0013-01-30 14:20:00,13,1,30,14,20,750,110,"93, RUE SAINT MAUR",,,Plein jour,En agglomération,Intersection en X,Normale,Deux véhicules - côté,,,,,,,,,,,1,2,2,1.0,3
201300051922,0013-02-01 07:30:00,13,2,1,7,30,750,110,"119, RUE LA FAYETTE",,,Nuit avec éclairage allumé,En agglomération,Hors intersection,Pluie légère,Autre collision,,,,,,,,,,,5,2,1,2.0,6
201300051923,0013-02-02 18:50:00,13,2,2,18,50,750,110,"131, BOULEVARD DE LA VIL",,,Nuit avec éclairage allumé,En agglomération,Intersection en T,Temps couvert,Deux véhicules - côté,,,,,,,,,,,5,2,3,8.0,3
201300051924,0013-02-02 21:15:00,13,2,2,21,15,750,110,"38, QUAI DE JEMMAPES",,,Nuit avec éclairage allumé,En agglomération,Intersection en X,Normale,Autre collision,,,,,,,,,,,5,2,2,1.0,6
201300051925,0013-02-03 13:00:00,13,2,3,13,0,750,110,"147, RUE DU FAUBOURG SAI",,,Plein jour,En agglomération,Hors intersection,Normale,Deux véhicules - arrière,,,,,,,,,,,1,2,1,1.0,2
201300051926,0013-02-03 22:15:00,13,2,3,22,15,750,110,"114, BOULEVARD DE MAGENT",,,Nuit avec éclairage allumé,En agglomération,Hors intersection,Pluie légère,Autre collision,,,,,,,,,,,5,2,1,2.0,6
201300051927,0013-02-04 09:00:00,13,2,4,9,0,750,110,"26, AVENUE CLAUDE VELLEF",,,Plein jour,En agglomération,Hors intersection,Pluie légère,Autre collision,,,,,,,,,,,1,2,1,2.0,6
201300051928,0013-01-28 11:05:00,13,1,28,11,5,750,110,"37, RUE DE LA GRANGE AUX",,,Plein jour,En agglomération,Hors intersection,Normale,Sans collision,,,,,,,,,,,1,2,1,1.0,7
201300051929,0013-02-05 20:00:00,13,2,5,20,0,750,110,"28, BOULEVARD DE BONNE N",,,Nuit avec éclairage allumé,En agglomération,Hors intersection,Normale,Deux véhicules - côté,,,,,,,,,,,5,2,1,1.0,3
201300051930,0013-02-07 14:15:00,13,2,7,14,15,750,110,"5, RUE DE ROCROY",,,Plein jour,En agglomération,Intersection en X,Normale,Autre collision,,,,,,,,,,,1,2,2,1.0,6
201300051931,0013-02-07 23:20:00,13,2,7,23,20,750,110,"151, BOULEVARD DE MAGENT",,,Nuit avec éclairage allumé,En agglomération,Hors intersection,Pluie légère,Autre collision,,,,,,,,,,,5,2,1,2.0,6
201300051932,0013-02-10 19:20:00,13,2,10,19,20,750,110,"151, BOULEVARD DE MAGENT",,,Nuit avec éclairage allumé,En agglomération,Hors intersection,Neige / grêle,Autre collision,,,,,,,,,,,5,2,1,4.0,6
201300051933,0013-02-12 15:00:00,13,2,12,15,0,750,110,"226, RUE DU FAUBOURG SAI",,,Plein jour,En agglomération,Hors intersection,Normale,Autre collision,,,,,,,,,,,1,2,1,1.0,6
201300051934,0013-02-13 15:40:00,13,2,13,15,40,750,110,"63, BOULEVARD DE MAGENTA",,,Plein jour,En agglomération,Intersection à plus de 4 branches,Normale,Autre collision,,,,,,,,,,,1,2,5,1.0,6
201300051935,0013-02-14 17:25:00,13,2,14,17,25,750,110,"127, RUE LA FAYETTE",,,Plein jour,En agglomération,Place,Normale,Deux véhicules - côté,,,,,,,,,,,1,2,7,1.0,3
201300051936,0013-02-18 13:20:00,13,2,18,13,20,750,110,"18, CITE D HAUTEVILLE",,,Plein jour,En agglomération,Intersection en X,Normale,Autre collision,,,,,,,,,,,1,2,2,1.0,6
201300051937,0013-02-19 09:35:00,13,2,19,9,35,750,110,"13, RUE YVES TOUDIC",,,Plein jour,En agglomération,Intersection à plus de 4 branches,Normale,Deux véhicules - arrière,,,,,,,,,,,1,2,5,1.0,2
201300051938,0013-02-21 06:30:00,13,2,21,6,30,750,118,"15, BOULEVARD NEY",,,Nuit avec éclairage allumé,En agglomération,Hors intersection,Normale,Deux véhicules - arrière,,,,,,,,,,,5,2,1,1.0,2