accident_id,datetime,annee,mois,jour,heure,minute,departement,commune_insee,adresse,latitude,longitude,luminosite,agglomeration,intersection,meteo,collision,nb_vehicules,nb_usagers,nb_indemnes,nb_tues,nb_blesses_hosp,nb_blesses_legers,age_cond_1,age_cond_2,veh_type_cond_1,veh_type_cond_2,lum_code,agg_code,int_code,atm_code,col_code
201300052319,0013-05-15 09:20:00,13,5,15,9,20,750,111,"25, RUE LEON FROT",,,Plein jour,En agglomération,Hors intersection,Normale,Deux véhicules - arrière,,,,,,,,,,,1,2,1,1.0,2
201300052320,0013-05-15 14:25:00,13,5,15,14,25,750,111,"62, BOULEVARD BEAUMARCHA",,,Plein jour,En agglomération,Hors intersection,Normale,Deux véhicules - côté,,,,,,,,,,,1,2,1,1.0,3
201300052321,0013-05-16 20:00:00,13,5,16,20,0,750,111,"43, RUE FAIDHERBE",,,Plein jour,En agglomération,Intersection en T,Normale,Deux véhicules - côté,,,,,,,,,,,1,2,3,1.0,3
201300052322,0013-05-17 00:55:00,13,5,17,0,55,750,111,AVENUE DE LA REPUBLIQUE,,,Nuit avec éclairage allumé,En agglomération,Intersection en Y,Normale,Autre collision,,,,,,,,,,,5,2,4,1.0,6
201300052323,0013-05-17 14:50:00,13,5,17,14,50,750,111,"159, BOULEVARD VOLTAIRE",,,Plein jour,En agglomération,Hors intersection,Normale,Deux véhicules - côté,,,,,,,,,,,1,2,1,1.0,3
201300052324,0013-05-18 11:45:00,13,5,18,11,45,750,111,"138, BOULEVARD RICHARD L",,,Plein jour,En agglomération,Intersection en X,Normale,Deux véhicules - arrière,,,,,,,,,,,1,2,2,1.0,2
201300052325,0013-05-18 21:55:00,13,5,18,21,55,750,111,"175, RUE DU FAUBOURG SAI",,,Nuit avec éclairage allumé,En agglomération,Hors intersection,Normale,Deux véhicules - arrière,,,,,,,,,,,5,2,1,1.0,2
201300052326,0013-05-19 21:20:00,13,5,19,21,20,750,111,"160, RUE DE CHARONNE",,,Nuit avec éclairage allumé,En agglomération,Intersection en X,Pluie forte,Autre collision,,,,,,,,,,,5,2,2,3.0,6
201300052327,0013-05-20 17:30:00,13,5,20,17,30,750,111,"174 bis, BOULEVARD VOLTA",,,Plein jour,En agglomération,Intersection en X,Pluie légère,Deux véhicules - côté,,,,,,,,,,,1,2,2,2.0,3
201300052328,0013-05-20 23:20:00,13,5,20,23,20,750,111,"2, AVENUE PHILIPPE AUGUS",,,Nuit avec éclairage allumé,En agglomération,Place,Pluie légère,Autre collision,,,,,,,,,,,5,2,7,2.0,6
201300052329,0013-05-21 08:35:00,13,5,21,8,35,750,111,"4, RUE JEAN PIERRE TIMBA",,,Plein jour,En agglomération,Intersection en X,Pluie légère,Deux véhicules - côté,,,,,,,,,,,1,2,2,2.0,3
201300052330,0013-05-21 18:57:00,13,5,21,18,57,750,111,"103, AVENUE LEDRU ROLLIN",,,Plein jour,En agglomération,Intersection en X,Normale,Autre collision,,,,,,,,,,,1,2,2,1.0,6
201300052331,0013-05-21 20:55:00,13,5,21,20,55,750,111,"3, RUE SERVAN",,,Crépuscule ou aube,En agglomération,Intersection en T,Normale,Autre collision,,,,,,,,,,,2,2,3,1.0,6
201300052332,0013-05-22 18:15:00,13,5,22,18,15,750,111,"51, BOULEVARD DE MENILMO",,,Plein jour,En agglomération,Hors intersection,Normale,Trois véhicules et plus - en chaîne,,,,,,,,,,,1,2,1,1.0,4
201300052333,0013-05-22 23:00:00,13,5,22,23,0,750,111,"45, BOULEVARD VOLTAIRE",,,Nuit avec éclairage allumé,En agglomération,Intersection à plus de 4 branches,Normale,Deux véhicules - côté,,,,,,,,,,,5,2,5,1.0,3
201300052334,0013-05-23 23:25:00,13,5,23,23,25,750,111,"28, RUE OBERKAMPF",,,Nuit avec éclairage allumé,En agglomération,Intersection en X,Normale,Deux véhicules - côté,,,,,,,,,,,5,2,2,1.0,3
201300052335,0013-05-24 14:15:00,13,5,24,14,15,750,111,"42Bis, BOULEVARD RICHARD",,,Plein jour,En agglomération,Intersection à plus de 4 branches,Pluie forte,Deux véhicules - côté,,,,,,,,,,,1,2,5,3.0,3
201300052336,0013-05-24 19:40:00,13,5,24,19,40,750,111,"41, AVENUE DE LA REPUBLI",,,Plein jour,En agglomération,Intersection à plus de 4 branches,Pluie légère,Autre collision,,,,,,,,,,,1,2,5,2.0,6
201300052337,0013-05-25 00:10:00,13,5,25,0,10,750,111,"163, RUE SAINT MAUR",,,Nuit avec éclairage allumé,En agglomération,Intersection en X,Normale,Autre collision,,,,,,,,,,,5,2,2,1.0,6
201300052338,0013-05-25 02:00:00,13,5,25,2,0,750,111,"81, RUE DU FAUBOURG SAIN",,,Nuit avec éclairage allumé,En agglomération,Hors intersection,Normale,Deux véhicules - frontale,,,,,,,,,,,5,2,1,1.0,1
201300052339,0013-05-25 10:00:00,13,5,25,10,0,750,111,"102, BOULEVARD VOLTAIRE",,,Plein jour,En agglomération,Intersection en X,Normale,Deux véhicules - arrière,,,,,,,,,,,1,2,2,1.0,2
201300052340,0013-05-27 11:30:00,13,5,27,11,30,750,111,"10, RUE DU COMMANDANT LA",,,Plein jour,En agglomération,Hors intersection,Normale,Autre collision,,,,,,,,,,,1,2,1,1.0,6
201300052341,0013-05-28 16:55:00,13,5,28,16,55,750,111,"179, BOULEVARD VOLTAIRE",,,Plein jour,En agglomération,Hors intersection,Normale,Deux véhicules - arrière,,,,,,,,,,,1,2,1,1.0,2
201300052342,0013-05-29 17:50:00,13,5,29,17,50,750,111,"67, RUE SAINT MAUR",,,Plein jour,En agglomération,Intersection en X,Normale,Autre collision,,,,,,,,,,,1,2,2,1.0,6
201300052343,0013-05-29 20:50:00,13,5,29,20,50,750,111,"60, BOULEVARD RICHARD LE",,,Crépuscule ou aube,En agglomération,Hors intersection,Pluie forte,Autre collision,,,,,,,,,,,2,2,1,3.0,6
201300052344,0013-05-31 14:50:00,13,5,31,14,50,750,111,"170, RUE DE CHARONNE",,,Plein jour,En agglomération,Hors intersection,Normale,Sans collision,,,,,,,,,,,1,2,1,1.0,7
201300052345,0013-05-31 14:00:00,13,5,31,14,0,750,111,"78, RUE SAINT MAUR",,,Plein jour,En agglomération,Intersection en X,Normale,Deux véhicules - côté,,,,,,,,,,,1,2,2,1.0,3
201300052346,0013-05-31 16:20:00,13,5,31,16,20,750,111,"14, PLACE DE LA BASTILLE",,,Plein jour,En agglomération,Place,Normale,Autre collision,,,,,,,,,,,1,2,7,1.0,6
201300052347,0013-06-01 01:20:00,13,6,1,1,20,750,111,"90, BOULEVARD VOLTAIRE",,,Nuit avec éclairage allumé,En agglomération,Hors intersection,Normale,Autre collision,,,,,,,,,,,5,2,1,1.0,6
201300052348,0013-06-03 09:00:00,13,6,3,9,0,750,111,"136, AVENUE PARMENTIER",,,Plein jour,En agglomération,Intersection en T,Normale,Deux véhicules - côté,,,,,,,,,,,1,2,3,1.0,3
201300052349,0013-06-04 13:30:00,13,6,4,13,30,750,111,"86, BOULEVARD VOLTAIRE",,,Plein jour,En agglomération,Intersection en T,Normale,Autre collision,,,,,,,,,,,1,2,3,1.0,6
201300052350,0013-06-05 08:05:00,13,6,5,8,5,750,111,"56, RUE DE LA FONTAINE A",,,Plein jour,En agglomération,Hors intersection,Normale,Autre collision,,,,,,,,,,,1,2,1,1.0,6
201300052351,0013-06-05 09:10:00,13,6,5,9,10,750,111,"46, RUE JEAN PIERRE TIMB",,,Plein jour,En agglomération,Intersection en X,Normale,Deux véhicules - côté,,,,,,,,,,,1,2,2,1.0,3
201300052352,0013-06-05 08:40:00,13,6,5,8,40,750,111,"12, BOULEVARD RICHARD LE",,,Plein jour,En agglomération,Hors intersection,Normale,Sans collision,,,,,,,,,,,1,2,1,1.0,7
201300052353,0013-06-06 14:20:00,13,6,6,14,20,750,111,"68, RUE DE LA FOLIE REGN",,,Plein jour,En agglomération,Intersection en X,Normale,Autre collision,,,,,,,,,,,1,2,2,1.0,6
201300052354,0013-06-08 17:55:00,13,6,8,17,55,750,111,"123-125, AVENUE PHILIPPE",,,Plein jour,En agglomération,Hors intersection,Normale,Deux véhicules - côté,,,,,,,,,,,1,2,1,1.0,3
201300052355,0013-06-09 18:00:00,13,6,9,18,0,750,111,"8, RUE BREGUET",,,Plein jour,En agglomération,Hors intersection,Pluie légère,Deux véhicules - côté,,,,,,,,,,,1,2,1,2.0,3
201300052356,0013-06-10 08:50:00,13,6,10,8,50,750,111,"133, RUE DU FAUBOURG SAI",,,Plein jour,En agglomération,Intersection en X,Normale,Deux véhicules - arrière,,,,,,,,,,,1,2,2,1.0,2
201300052357,0013-06-10 11:35:00,13,6,10,11,35,750,111,"71, RUE SERVAN",,,Plein jour,En agglomération,Intersection à plus de 4 branches,Normale,Autre collision,,,,,,,,,,,1,2,5,1.0,6
201300052358,0013-06-10 14:30:00,13,6,10,14,30,750,111,"13, AVENUE DE TAILLEBOUR",,,Plein jour,En agglomération,Place,Normale,Deux véhicules - côté,,,,,,,,,,,1,2,7,1.0,3
201300052359,0013-06-11 20:15:00,13,6,11,20,15,750,111,"83, BOULEVARD DE MENILMO",,,Plein jour,En agglomération,Intersection en T,Normale,Deux véhicules - côté,,,,,,,,,,,1,2,3,1.0,3
201300052360,0013-06-11 23:05:00,13,6,11,23,5,750,111,"183, RUE DE CHARONNE",,,Nuit avec éclairage allumé,En agglomération,Intersection en T,Normale,Autre collision,,,,,,,,,,,5,2,3,1.0,6
201300052361,0013-06-12 11:00:00,13,6,12,11,0,750,111,"125bis, AVENUE PARMENTIE",,,Plein jour,En agglomération,Intersection en T,Pluie légère,Autre collision,,,,,,,,,,,1,2,3,2.0,6
201300052362,0013-06-12 20:00:00,13,6,12,20,0,750,111,"10, AVENUE PARMENTIER",,,Plein jour,En agglomération,Intersection en T,Normale,Autre collision,,,,,,,,,,,1,2,3,1.0,6
201300052363,0013-06-12 18:30:00,13,6,12,18,30,750,111,"3, RUE RAMPON",,,Plein jour,En agglomération,Intersection en X,Normale,Deux véhicules - côté,,,,,,,,,,,1,2,2,1.0,3
201300052364,0013-06-13 17:45:00,13,6,13,17,45,750,111,"180, RUE DE CHARONNE",,,Plein jour,En agglomération,Hors intersection,Temps couvert,Autre collision,,,,,,,,,,,1,2,1,8.0,6
201300052365,0013-06-13 17:50:00,13,6,13,17,50,750,111,"122, BOULEVARD VOLTAIRE",,,Plein jour,En agglomération,Intersection en X,Normale,Deux véhicules - arrière,,,,,,,,,,,1,2,2,1.0,2
201300052366,0013-06-13 20:30:00,13,6,13,20,30,750,111,"130, BOULEVARD VOLTAIRE",,,Plein jour,En agglomération,Place,Normale,Deux véhicules - côté,,,,,,,,,,,1,2,7,1.0,3
201300052367,0013-06-14 15:30:00,13,6,14,15,30,750,111,"62, AVENUE PHILIPPE AUGU",,,Plein jour,En agglomération,Intersection en X,Normale,Deux véhicules - côté,,,,,,,,,,,1,2,2,1.0,3
201300052368,0013-06-14 17:40:00,13,6,14,17,40,750,111,"08, AVENUE PARMENTIER",,,Plein jour,En agglomération,Intersection en T,Normale,Autre collision,,,,,,,,,,,1,2,3,1.0,6
201300052369,0013-06-15 22:50:00,13,6,15,22,50,750,111,"184, BOULEVARD VOLTAIRE",,,Nuit avec éclairage allumé,En agglomération,Intersection en X,Normale,Deux véhicules - côté,,,,,,,,,,,5,2,2,1.0,3
201300052370,0013-06-16 00:01:00,13,6,16,0,1,750,111,AVENUE PHILIPPE AUGUSTE,,,Nuit avec éclairage allumé,En agglomération,Intersection en X,Normale,Deux véhicules - côté,,,,,,,,,,,5,2,2,1.0,3
201300052371,0013-06-17 09:35:00,13,6,17,9,35,750,111,"67, AVENUE PARMENTIER",,,Plein jour,En agglomération,Intersection en T,Pluie forte,Deux véhicules - arrière,,,,,,,,,,,1,2,3,3.0,2
201300052372,0013-06-17 12:20:00,13,6,17,12,20,750,111,"43, BOULEVARD VOLTAIRE",,,Plein jour,En agglomération,Intersection en X,Normale,Autre collision,,,,,,,,,,,1,2,2,1.0,6
201300052373,0013-06-18 09:20:00,13,6,18,9,20,750,111,"16, RUE LEON FROT",,,Crépuscule ou aube,En agglomération,Hors intersection,Normale,Deux véhicules - arrière,,,,,,,,,,,2,2,1,1.0,2
201300052374,0013-06-18 17:50:00,13,6,18,17,50,750,111,"15, RUE LOUIS BONNET",,,Plein jour,En agglomération,Intersection en X,Normale,Autre collision,,,,,,,,,,,1,2,2,1.0,6
201300052375,0013-06-20 13:14:00,13,6,20,13,14,750,111,"35, AVENUE PARMENTIER",,,Plein jour,En agglomération,Hors intersection,Normale,Deux véhicules - arrière,,,,,,,,,,,1,2,1,1.0,2
201300052376,0013-06-20 20:10:00,13,6,20,20,10,750,111,"7, PLACE DE LA NATION",,,Crépuscule ou aube,En agglomération,Intersection en X,Normale,Deux véhicules - côté,,,,,,,,,,,2,2,2,1.0,3
201300052377,0013-06-21 15:35:00,13,6,21,15,35,750,111,"1, AVENUE PARMENTIER",,,Plein jour,En agglomération,Place,Normale,Trois véhicules et plus - en chaîne,,,,,,,,,,,1,2,7,1.0,4
201300052378,0013-06-22 02:20:00,13,6,22,2,20,750,111,"14, RUE FAIDHERBE",,,Nuit avec éclairage allumé,En agglomération,Intersection en T,Normale,Deux véhicules - arrière,,,,,,,,,,,5,2,3,1.0,2
201300052379,0013-06-22 21:00:00,13,6,22,21,0,750,111,"133, AVENUE PARMENTIER",,,Plein jour,En agglomération,Hors intersection,Normale,Autre collision,,,,,,,,,,,1,2,1,1.0,6
201300052380,0013-06-24 12:00:00,13,6,24,12,0,750,111,"92, AVENUE PHILIPPE AUGU",,,Plein jour,En agglomération,Hors intersection,Normale,Deux véhicules - arrière,,,,,,,,,,,1,2,1,1.0,2
201300052381,0013-06-25 16:00:00,13,6,25,16,0,750,111,"89, RUE DU FAUBOURG SAIN",,,Plein jour,En agglomération,Hors intersection,Normale,Autre collision,,,,,,,,,,,1,2,1,1.0,6
201300052382,0013-06-26 12:10:00,13,6,26,12,10,750,111,"121, RUE DU FAUBOURG SAI",,,Plein jour,En agglomération,Hors intersection,Normale,Autre collision,,,,,,,,,,,1,2,1,1.0,6
201300052383,0013-06-26 10:50:00,13,6,26,10,50,750,111,BOULEVARD VOLTAIRE,,,Plein jour,En agglomération,Intersection en T,Normale,Deux véhicules - arrière,,,,,,,,,,,1,2,3,1.0,2
201300052384,0013-06-26 19:54:00,13,6,26,19,54,750,111,"95, RUE DU FAUBOURG SAIN",,,Plein jour,En agglomération,Hors intersection,Normale,Deux véhicules - côté,,,,,,,,,,,1,2,1,1.0,3
201300052385,0013-06-27 07:55:00,13,6,27,7,55,750,111,"59, BOULEVARD DE CHARONN",,,Plein jour,En agglomération,Hors intersection,Pluie légère,Sans collision,,,,,,,,,,,1,2,1,2.0,7
201300052386,0013-06-27 12:40:00,13,6,27,12,40,750,111,"89, RUE DE LA ROQUETTE",,,Plein jour,En agglomération,Hors intersection,Normale,Autre collision,,,,,,,,,,,1,2,1,1.0,6
201300052387,0013-06-28 00:40:00,13,6,28,0,40,750,111,RUE DU FAUBOURG SAINT AN,,,Nuit avec éclairage allumé,En agglomération,Intersection en T,Normale,Deux véhicules - arrière,,,,,,,,,,,5,2,3,1.0,2
201300052388,0013-06-28 08:45:00,13,6,28,8,45,750,111,"15, AVENUE DE LA REPUBLI",,,Plein jour,En agglomération,Intersection en X,Pluie légère,Sans collision,,,,,,,,,,,1,2,2,2.0,7
201300052389,0013-06-28 13:15:00,13,6,28,13,15,750,111,"277, RUE DU FAUBOURG SAI",,,Plein jour,En agglomération,Hors intersection,Normale,Deux véhicules - arrière,,,,,,,,,,,1,2,1,1.0,2
201300052390,0013-06-28 17:25:00,13,6,28,17,25,750,111,"85, BOULEVARD RICHARD LE",,,Plein jour,En agglomération,Intersection en X,Normale,Deux véhicules - côté,,,,,,,,,,,1,2,2,1.0,3
201300052391,0013-06-29 17:00:00,13,6,29,17,0,750,111,"23, BOULEVARD RICHARD LE",,,Plein jour,En agglomération,Hors intersection,Normale,Autre collision,,,,,,,,,,,1,2,1,1.0,6
201300052392,0013-06-29 21:00:00,13,6,29,21,0,750,111,"50, AVENUE DE LA REPUBLI",,,Plein jour,En agglomération,Hors intersection,Normale,Autre collision,,,,,,,,,,,1,2,1,1.0,6
201300052393,0013-06-29 21:20:00,13,6,29,21,20,750,111,"1, RUE RAMPON",,,Plein jour,En agglomération,Intersection en X,Normale,Autre collision,,,,,,,,,,,1,2,2,1.0,6
201300052394,0013-06-30 20:00:00,13,6,30,20,0,750,111,"38, RUE SAINT MAUR",,,Plein jour,En agglomération,Intersection en T,Normale,Autre collision,,,,,,,,,,,1,2,3,1.0,6
201300052395,0013-07-01 08:55:00,13,7,1,8,55,750,111,"0, RUE DE CHARONNE",,,Plein jour,En agglomération,Intersection en X,Normale,Deux véhicules - côté,,,,,,,,,,,1,2,2,1.0,3
201300052396,0013-07-01 09:20:00,13,7,1,9,20,750,111,"32, RUE FAIDHERBE",,,Plein jour,En agglomération,Intersection en X,Normale,Autre collision,,,,,,,,,,,1,2,2,1.0,6
201300052397,0013-07-01 22:20:00,13,7,1,22,20,750,111,"149, BOULEVARD DE CHARON",,,Nuit avec éclairage allumé,En agglomération,Intersection en X,Normale,Autre collision,,,,,,,,,,,5,2,2,1.0,6
201300052398,0013-07-02 14:00:00,13,7,2,14,0,750,111,"89, BOULEVARD VOLTAIRE",,,Plein jour,En agglomération,Intersection en X,Normale,Deux véhicules - côté,,,,,,,,,,,1,2,2,1.0,3
201300052399,0013-07-03 09:15:00,13,7,3,9,15,750,111,"5, RUE LEON FROT",,,Plein jour,En agglomération,Hors intersection,Normale,Autre collision,,,,,,,,,,,1,2,1,1.0,6
201300052400,0013-07-03 18:15:00,13,7,3,18,15,750,111,"16, RUE MORET",,,Plein jour,En agglomération,Hors intersection,Normale,Autre collision,,,,,,,,,,,1,2,1,1.0,6
201300052401,0013-07-04 09:45:00,13,7,4,9,45,750,111,"60, BOULEVARD BEAUMARCHA",,,Plein jour,En agglomération,Intersection en X,Normale,Autre collision,,,,,,,,,,,1,2,2,1.0,6
201300052402,0013-07-04 12:45:00,13,7,4,12,45,750,111,"11, PLACE DE LA NATION",,,Plein jour,En agglomération,Place,Normale,Deux véhicules - côté,,,,,,,,,,,1,2,7,1.0,3
201300052403,0013-07-05 13:45:00,13,7,5,13,45,750,120,"93, COURS DE VINCENNES",,,Plein jour,En agglomération,Intersection en T,Normale,Autre collision,,,,,,,,,,,1,2,3,1.0,6
201300052404,0013-07-05 21:10:00,13,7,5,21,10,750,111,"153, RUE SAINT MAUR",,,Plein jour,En agglomération,Intersection en X,Normale,Deux véhicules - côté,,,,,,,,,,,1,2,2,1.0,3
201300052405,0013-07-07 20:37:00,13,7,7,20,37,750,120,"612, BOULEVARD DE BELLEV",,,Plein jour,En agglomération,Intersection en X,Normale,Deux véhicules - côté,,,,,,,,,,,1,2,2,1.0,3
201300052406,0013-07-08 00:15:00,13,7,8,0,15,750,111,"2, RUE DE LA PRESENTATIO",,,Nuit avec éclairage allumé,En agglomération,Intersection en X,Normale,Deux véhicules - côté,,,,,,,,,,,5,2,2,1.0,3
201300052407,0013-07-08 11:35:00,13,7,8,11,35,750,111,"40, AVENUE DE LA REPUBLI",,,Plein jour,En agglomération,Hors intersection,Normale,Deux véhicules - arrière,,,,,,,,,,,1,2,1,1.0,2
201300052408,0013-07-08 21:25:00,13,7,8,21,25,750,111,"54, BOULEVARD BEAUMARCHA",,,Plein jour,En agglomération,Intersection en X,Normale,Deux véhicules - côté,,,,,,,,,,,1,2,2,1.0,3
201300052409,0013-07-09 10:45:00,13,7,9,10,45,750,111,"205, BOULEVARD VOLTAIRE",,,Plein jour,En agglomération,Intersection en X,Normale,Deux véhicules - côté,,,,,,,,,,,1,2,2,1.0,3
201300052410,0013-07-10 06:20:00,13,7,10,6,20,750,111,"113, BOULEVARD VOLTAIRE",,,Plein jour,En agglomération,Intersection en Y,Normale,Autre collision,,,,,,,,,,,1,2,4,1.0,6
201300052411,0013-07-10 13:00:00,13,7,10,13,0,750,111,"10, RUE RAMPON",,,Plein jour,En agglomération,Intersection en X,Normale,Deux véhicules - côté,,,,,,,,,,,1,2,2,1.0,3
201300052412,0013-07-10 20:20:00,13,7,10,20,20,750,111,"79, AVENUE DE LA REPUBLI",,,Plein jour,En agglomération,Intersection en T,Normale,Deux véhicules - côté,,,,,,,,,,,1,2,3,1.0,3
201300052413,0013-07-11 11:10:00,13,7,11,11,10,750,111,"127, RUE DU FAUBOURG SAI",,,Plein jour,En agglomération,Intersection en T,Normale,Trois véhicules et plus - collisions multiples,,,,,,,,,,,1,2,3,1.0,5
201300052414,0013-07-11 12:35:00,13,7,11,12,35,750,111,"156, RUE DE CHARONNE",,,Plein jour,En agglomération,Hors intersection,Normale,Sans collision,,,,,,,,,,,1,2,1,1.0,7
201300052415,0013-07-11 17:35:00,13,7,11,17,35,750,111,"134, BOULEVARD VOLTAIRE",,,Plein jour,En agglomération,Hors intersection,Normale,Autre collision,,,,,,,,,,,1,2,1,1.0,6
201300052416,0013-07-12 03:55:00,13,7,12,3,55,750,111,"67, BOULEVARD DE BELLEVI",,,Nuit avec éclairage allumé,En agglomération,Hors intersection,Normale,Deux véhicules - arrière,,,,,,,,,,,5,2,1,1.0,2
201300052417,0013-07-12 17:00:00,13,7,12,17,0,750,111,"50, AVENUE PARMENTIER",,,Plein jour,En agglomération,Intersection en X,Normale,Deux véhicules - côté,,,,,,,,,,,1,2,2,1.0,3
201300052418,0013-07-13 14:10:00,13,7,13,14,10,750,120,"1, BOULEVARD DE MENILMON",,,Plein jour,En agglomération,Intersection à plus de 4 branches,Normale,Deux véhicules - côté,,,,,,,,,,,1,2,5,1.0,3
201300052419,0013-07-13 16:20:00,13,7,13,16,20,750,111,"136, RUE DE LA ROQUETTE",,,Plein jour,En agglomération,Place,Normale,Autre collision,,,,,,,,,,,1,2,7,1.0,6
201300052420,0013-07-13 19:35:00,13,7,13,19,35,750,111,"8, AVENUE DE LA REPUBLIQ",,,Plein jour,En agglomération,Hors intersection,Normale,Autre collision,,,,,,,,,,,1,2,1,1.0,6
201300052421,0013-07-14 20:55:00,13,7,14,20,55,750,111,"101, RUE JEAN PIERRE TIM",,,Plein jour,En agglomération,Hors intersection,Normale,Autre collision,,,,,,,,,,,1,2,1,1.0,6
201300052422,0013-07-15 17:00:00,13,7,15,17,0,750,111,"1540, BOULEVARD VOLTAIRE",,,Plein jour,En agglomération,Intersection en X,Normale,Autre collision,,,,,,,,,,,1,2,2,1.0,6
201300052423,0013-07-15 16:35:00,13,7,15,16,35,750,111,"264, BOULEVARD VOLTAIRE",,,Plein jour,En agglomération,Intersection à plus de 4 branches,Normale,Autre collision,,,,,,,,,,,1,2,5,1.0,6
201300052424,0013-07-16 03:00:00,13,7,16,3,0,750,111,"101, BOULEVARD RICHARD L",,,Nuit avec éclairage allumé,En agglomération,Intersection à plus de 4 branches,Normale,Deux véhicules - côté,,,,,,,,,,,5,2,5,1.0,3
201300052425,0013-07-16 11:05:00,13,7,16,11,5,750,111,"39, BOULEVARD DE BELLEVI",,,Plein jour,En agglomération,Hors intersection,Normale,Sans collision,,,,,,,,,,,1,2,1,1.0,7
201300052426,0013-07-17 00:01:00,13,7,17,0,1,750,111,BOULEVARD VOLTAIRE,,,Nuit avec éclairage allumé,En agglomération,Intersection en X,Normale,Deux véhicules - côté,,,,,,,,,,,5,2,2,1.0,3
201300052427,0013-07-18 03:15:00,13,7,18,3,15,750,111,RUE DU MOULIN JOLY,,,Nuit avec éclairage allumé,En agglomération,Intersection en X,Normale,Deux véhicules - côté,,,,,,,,,,,5,2,2,1.0,3
201300052428,0013-07-18 11:00:00,13,7,18,11,0,750,111,"48, RUE DE MALTE",,,Plein jour,En agglomération,Intersection en X,Normale,Autre collision,,,,,,,,,,,1,2,2,1.0,6
201300052429,0013-07-18 14:20:00,13,7,18,14,20,750,111,"133, RUE DE LA ROQUETTE",,,Plein jour,En agglomération,Intersection en X,Normale,Autre collision,,,,,,,,,,,1,2,2,1.0,6
201300052430,0013-07-19 08:50:00,13,7,19,8,50,750,111,"138, RUE DE LA ROQUETTE",,,Plein jour,En agglomération,Place,Normale,Deux véhicules - arrière,,,,,,,,,,,1,2,7,1.0,2
201300052431,0013-07-19 10:20:00,13,7,19,10,20,750,111,"243, BOULEVARD VOLTAIRE",,,Plein jour,En agglomération,Intersection en T,Normale,Deux véhicules - arrière,,,,,,,,,,,1,2,3,1.0,2
201300052432,0013-07-19 11:45:00,13,7,19,11,45,750,111,"96, RUE SAINT MAUR",,,Plein jour,En agglomération,Hors intersection,Normale,Autre collision,,,,,,,,,,,1,2,1,1.0,6
201300052433,0013-07-20 01:10:00,13,7,20,1,10,750,111,"161, BOULEVARD VOLTAIRE",,,Nuit avec éclairage allumé,En agglomération,Intersection en X,Normale,Deux véhicules - côté,,,,,,,,,,,5,2,2,1.0,3
201300052434,0013-07-20 19:35:00,13,7,20,19,35,750,111,"180, RUE DE CHARONNE",,,Plein jour,En agglomération,Intersection en X,Normale,Deux véhicules - côté,,,,,,,,,,,1,2,2,1.0,3
201300052435,0013-07-20 22:05:00,13,7,20,22,5,750,111,"90bis, AVENUE DE LA REPU",,,Nuit avec éclairage allumé,En agglomération,Intersection à plus de 4 branches,Normale,Autre collision,,,,,,,,,,,5,2,5,1.0,6
201300052436,0013-07-23 16:45:00,13,7,23,16,45,750,111,"40, AVENUE DE LA REPUBLI",,,Crépuscule ou aube,En agglomération,Hors intersection,Normale,Sans collision,,,,,,,,,,,2,2,1,1.0,7
201300052437,0013-07-26 14:55:00,13,7,26,14,55,750,112,"19, RUE DU FAUBOURG SAIN",,,Plein jour,En agglomération,Hors intersection,Normale,Autre collision,,,,,,,,,,,1,2,1,1.0,6
201300052438,0013-07-29 18:25:00,13,7,29,18,25,750,111,"43, AVENUE PHILIPPE AUGU",,,Plein jour,En agglomération,Intersection en T,Normale,Deux véhicules - côté,,,,,,,,,,,1,2,3,1.0,3
201300052439,0013-07-30 12:40:00,13,7,30,12,40,750,111,"19, RUE TROUSSEAU",,,Plein jour,En agglomération,Hors intersection,Normale,Deux véhicules - arrière,,,,,,,,,,,1,2,1,1.0,2
201300052440,0013-07-30 14:30:00,13,7,30,14,30,750,111,"125, BOULEVARD DE MENILM",,,Plein jour,En agglomération,Hors intersection,Normale,Autre collision,,,,,,,,,,,1,2,1,1.0,6
201300052441,0013-07-31 11:10:00,13,7,31,11,10,750,111,"20, RUE PAUL BERT",,,Plein jour,En agglomération,Hors intersection,Normale,Deux véhicules - arrière,,,,,,,,,,,1,2,1,1.0,2
201300052442,0013-07-31 19:50:00,13,7,31,19,50,750,120,"8, BOULEVARD DE CHARONNE",,,Plein jour,En agglomération,Hors intersection,Normale,Autre collision,,,,,,,,,,,1,2,1,1.0,6
201300052443,0013-08-04 18:40:00,13,8,4,18,40,750,112,"280, RUE DU FAUBOURG SAI",,,Plein jour,En agglomération,Place,Normale,Deux véhicules - côté,,,,,,,,,,,1,2,7,1.0,3
201300052444,0013-08-09 07:50:00,13,8,9,7,50,750,111,"189, BOULEVARD VOLTAIRE",,,Plein jour,En agglomération,Hors intersection,Normale,Deux véhicules - côté,,,,,,,,,,,1,2,1,1.0,3
201300052445,0013-08-10 00:45:00,13,8,10,0,45,750,110,"27, RUE DU FAUBOURG DU T",,,Nuit avec éclairage allumé,En agglomération,Intersection en X,Normale,Autre collision,,,,,,,,,,,5,2,2,1.0,6
201300052446,0013-08-11 00:55:00,13,8,11,0,55,750,111,"34, RUE DE LA FOLIE REGN",,,Nuit avec éclairage allumé,En agglomération,Intersection en T,Normale,Autre collision,,,,,,,,,,,5,2,3,1.0,6
201300052447,0013-08-11 18:00:00,13,8,11,18,0,750,111,"161, RUE DE CHARONNE",,,Plein jour,En agglomération,Hors intersection,Normale,Autre collision,,,,,,,,,,,1,2,1,1.0,6