accident_id,datetime,annee,mois,jour,heure,minute,departement,commune_insee,adresse,latitude,longitude,luminosite,agglomeration,intersection,meteo,collision,nb_vehicules,nb_usagers,nb_indemnes,nb_tues,nb_blesses_hosp,nb_blesses_legers,age_cond_1,age_cond_2,veh_type_cond_1,veh_type_cond_2,lum_code,agg_code,int_code,atm_code,col_code
201300052448,0013-08-13 20:35:00,13,8,13,20,35,750,111,"06, PLACE DE LA BASTILLE",,,Crépuscule ou aube,En agglomération,Place,Normale,Deux véhicules - côté,,,,,,,,,,,2,2,7,1.0,3
201300052449,0013-08-14 19:00:00,13,8,14,19,0,750,111,"127, RUE DE CHARONNE",,,Plein jour,En agglomération,Intersection en X,Normale,Autre collision,,,,,,,,,,,1,2,2,1.0,6
201300052450,0013-08-16 13:45:00,13,8,16,13,45,750,111,"118, RUE DE MONTREUIL",,,Plein jour,En agglomération,Intersection en X,Normale,Autre collision,,,,,,,,,,,1,2,2,1.0,6
201300052451,0013-08-19 00:20:00,13,8,19,0,20,750,111,"17, PLACE DE LA NATION",,,Nuit avec éclairage allumé,En agglomération,Place,Pluie légère,Deux véhicules - côté,,,,,,,,,,,5,2,7,2.0,3
201300052452,0013-08-18 23:05:00,13,8,18,23,5,750,111,"23, BOULEVARD VOLTAIRE",,,Nuit avec éclairage allumé,En agglomération,Intersection en X,Normale,Deux véhicules - arrière,,,,,,,,,,,5,2,2,1.0,2
201300052453,0013-08-18 23:00:00,13,8,18,23,0,750,111,"4, PLACE LEON BLUM",,,Nuit avec éclairage allumé,En agglomération,Place,Pluie légère,Sans collision,,,,,,,,,,,5,2,7,2.0,7
201300052454,0013-08-19 02:00:00,13,8,19,2,0,750,111,"65, BOULEVARD RICHARD LE",,,Nuit avec éclairage allumé,En agglomération,Intersection en Y,Temps couvert,Sans collision,,,,,,,,,,,5,2,4,8.0,7
201300052455,0013-08-23 11:50:00,13,8,23,11,50,750,111,"37, AVENUE DE LA REPUBLI",,,Plein jour,En agglomération,Hors intersection,Normale,Deux véhicules - arrière,,,,,,,,,,,1,2,1,1.0,2
201300052456,0013-08-24 03:50:00,13,8,24,3,50,750,111,"112, BOULEVARD RICHARD L",,,Nuit avec éclairage allumé,En agglomération,Intersection à plus de 4 branches,Normale,Deux véhicules - arrière,,,,,,,,,,,5,2,5,1.0,2
201300052457,0013-08-27 16:55:00,13,8,27,16,55,750,111,"63, AVENUE PHILIPPE AUGU",,,Plein jour,En agglomération,Intersection en X,Temps couvert,Autre collision,,,,,,,,,,,1,2,2,8.0,6
201300052458,0013-08-29 17:45:00,13,8,29,17,45,750,111,"154, RUE DU CHEMIN VERT",,,Plein jour,En agglomération,Intersection à plus de 4 branches,Normale,Deux véhicules - côté,,,,,,,,,,,1,2,5,1.0,3
201300052459,0013-09-02 23:20:00,13,9,2,23,20,750,111,"129, BOULEVARD DE MENILM",,,Nuit avec éclairage allumé,En agglomération,Hors intersection,Normale,Sans collision,,,,,,,,,,,5,2,1,1.0,7
201300052460,0013-09-02 13:10:00,13,9,2,13,10,750,111,"2, AVENUE DE TAILLEBOURG",,,Plein jour,En agglomération,Place,Normale,Autre collision,,,,,,,,,,,1,2,7,1.0,6
201300052461,0013-09-02 14:45:00,13,9,2,14,45,750,111,"29, AVENUE PHILIPPE AUGU",,,Plein jour,En agglomération,Hors intersection,Normale,Deux véhicules - côté,,,,,,,,,,,1,2,1,1.0,3
201300052462,0013-09-03 22:10:00,13,9,3,22,10,750,111,"102, BOULEVARD VOLTAIRE",,,Nuit avec éclairage allumé,En agglomération,Intersection en X,Normale,Autre collision,,,,,,,,,,,5,2,2,1.0,6
201300052463,0013-09-03 07:55:00,13,9,3,7,55,750,111,"287, RUE DU FAUBOURG SAI",,,Plein jour,En agglomération,Intersection en X,Normale,Deux véhicules - côté,,,,,,,,,,,1,2,2,1.0,3
201300052464,0013-09-04 19:35:00,13,9,4,19,35,750,111,"93, AVENUE LEDRU ROLLIN",,,Plein jour,En agglomération,Hors intersection,Normale,Autre collision,,,,,,,,,,,1,2,1,1.0,6
201300052465,0013-09-05 14:10:00,13,9,5,14,10,750,111,"11, RUE DARBOY",,,Plein jour,En agglomération,Intersection en X,Temps éblouissant,Deux véhicules - côté,,,,,,,,,,,1,2,2,7.0,3
201300052466,0013-09-05 20:35:00,13,9,5,20,35,750,111,"7, PLACE DE LA NATION",,,Nuit avec éclairage allumé,En agglomération,Place,Normale,Deux véhicules - côté,,,,,,,,,,,5,2,7,1.0,3
201300052467,0013-09-06 12:00:00,13,9,6,12,0,750,111,"73, BOULEVARD VOLTAIRE",,,Plein jour,En agglomération,Intersection en T,Pluie forte,Deux véhicules - arrière,,,,,,,,,,,1,2,3,3.0,2
201300052468,0013-09-07 02:35:00,13,9,7,2,35,750,111,AVENUE DE LA REPUBLIQUE,,,Nuit avec éclairage allumé,En agglomération,Intersection en X,Normale,Sans collision,,,,,,,,,,,5,2,2,1.0,7
201300052469,0013-09-07 13:20:00,13,9,7,13,20,750,111,"48, AVENUE DE LA REPUBLI",,,Plein jour,En agglomération,Intersection à plus de 4 branches,Normale,Deux véhicules - arrière,,,,,,,,,,,1,2,5,1.0,2
201300052470,0013-09-08 02:10:00,13,9,8,2,10,750,111,"12, BOULEVARD VOLTAIRE",,,Nuit avec éclairage allumé,En agglomération,Hors intersection,Normale,Autre collision,,,,,,,,,,,5,2,1,1.0,6
201300052471,0013-09-09 15:30:00,13,9,9,15,30,750,111,"96, AVENUE PHILIPPE AUGU",,,Plein jour,En agglomération,Intersection en X,Pluie légère,Autre collision,,,,,,,,,,,1,2,2,2.0,6
201300052472,0013-09-09 22:10:00,13,9,9,22,10,750,111,"/, RUE OBERKAMPF",,,Nuit avec éclairage allumé,En agglomération,Intersection en X,Normale,Deux véhicules - côté,,,,,,,,,,,5,2,2,1.0,3
201300052473,0013-09-10 11:50:00,13,9,10,11,50,750,111,"71-73, BOULEVARD VOLTAIR",,,Plein jour,En agglomération,Intersection à plus de 4 branches,Normale,Autre collision,,,,,,,,,,,1,2,5,1.0,6
201300052474,0013-09-10 18:40:00,13,9,10,18,40,750,111,"38 BIS, AVENUE DE LA REP",,,Plein jour,En agglomération,Hors intersection,Normale,Autre collision,,,,,,,,,,,1,2,1,1.0,6
201300052475,0013-09-11 09:05:00,13,9,11,9,5,750,111,"54, BOULEVARD DU TEMPLE",,,Plein jour,En agglomération,Hors intersection,Normale,Deux véhicules - côté,,,,,,,,,,,1,2,1,1.0,3
201300052476,0013-09-12 14:35:00,13,9,12,14,35,750,111,"53, BOULEVARD VOLTAIRE",,,Plein jour,En agglomération,Intersection à plus de 4 branches,Normale,Deux véhicules - frontale,,,,,,,,,,,1,2,5,1.0,1
201300052477,0013-09-12 14:20:00,13,9,12,14,20,750,111,"122, AVENUE DE LA REPUBL",,,Plein jour,En agglomération,Intersection en T,Normale,Deux véhicules - arrière,,,,,,,,,,,1,2,3,1.0,2
201300052478,0013-09-13 08:30:00,13,9,13,8,30,750,111,"42, RUE DE MALTE",,,Plein jour,En agglomération,Intersection en X,Normale,Deux véhicules - côté,,,,,,,,,,,1,2,2,1.0,3
201300052479,0013-09-13 14:06:00,13,9,13,14,6,750,111,"158, RUE DE LA ROQUETTE",,,Plein jour,En agglomération,Intersection en X,Pluie légère,Deux véhicules - arrière,,,,,,,,,,,1,2,2,2.0,2
201300052480,0013-09-14 01:50:00,13,9,14,1,50,750,111,"52, RUE GODEFROY CAVAIGN",,,Nuit avec éclairage allumé,En agglomération,Hors intersection,Pluie légère,Sans collision,,,,,,,,,,,5,2,1,2.0,7
201300052481,0013-09-14 17:45:00,13,9,14,17,45,750,111,"99, RUE DU FAUBOURG SAIN",,,Plein jour,En agglomération,Intersection à plus de 4 branches,Pluie légère,Deux véhicules - côté,,,,,,,,,,,1,2,5,2.0,3
201300052482,0013-09-16 09:00:00,13,9,16,9,0,750,111,"27, PASSAGE SAINT AMBROI",,,Plein jour,En agglomération,Intersection en X,Normale,Deux véhicules - côté,,,,,,,,,,,1,2,2,1.0,3
201300052483,0013-09-16 17:10:00,13,9,16,17,10,750,111,"61 bis, RUE DE LA ROQUET",,,Plein jour,En agglomération,Hors intersection,Normale,Deux véhicules - arrière,,,,,,,,,,,1,2,1,1.0,2
201300052484,0013-09-17 11:30:00,13,9,17,11,30,750,111,"45, RUE DU CHEMIN VERT",,,Plein jour,En agglomération,Intersection en T,Normale,Autre collision,,,,,,,,,,,1,2,3,1.0,6
201300052485,0013-09-19 19:50:00,13,9,19,19,50,750,111,"55, BOULEVARD DE MENILMO",,,Nuit avec éclairage allumé,En agglomération,Hors intersection,Normale,Autre collision,,,,,,,,,,,5,2,1,1.0,6
201300052486,0013-09-20 06:15:00,13,9,20,6,15,750,111,AVENUE DE LA REPUBLIQUE,,,Crépuscule ou aube,En agglomération,Intersection en X,Normale,Deux véhicules - côté,,,,,,,,,,,2,2,2,1.0,3
201300052487,0013-09-19 17:35:00,13,9,19,17,35,750,111,"81, RUE DU FAUBOURG SAIN",,,Plein jour,En agglomération,Hors intersection,Normale,Deux véhicules - arrière,,,,,,,,,,,1,2,1,1.0,2
201300052488,0013-09-21 01:30:00,13,9,21,1,30,750,111,RUE DE LAPPE,,,Nuit avec éclairage allumé,En agglomération,Hors intersection,Normale,Autre collision,,,,,,,,,,,5,2,1,1.0,6
201300052489,0013-09-21 09:30:00,13,9,21,9,30,750,111,"235, BOULEVARD VOLTAIRE",,,Plein jour,En agglomération,Hors intersection,Normale,Deux véhicules - côté,,,,,,,,,,,1,2,1,1.0,3
201300052490,0013-09-24 08:55:00,13,9,24,8,55,750,111,"23, RUE DU FAUBOURG SAIN",,,Plein jour,En agglomération,Intersection en T,Normale,Deux véhicules - côté,,,,,,,,,,,1,2,3,1.0,3
201300052491,0013-09-24 09:30:00,13,9,24,9,30,750,111,"91, AVENUE DE LA REPUBLI",,,Plein jour,En agglomération,Intersection en T,Normale,Deux véhicules - arrière,,,,,,,,,,,1,2,3,1.0,2
201300052492,0013-09-24 15:05:00,13,9,24,15,5,750,111,"1, CITE GRISET",,,Plein jour,En agglomération,Hors intersection,Normale,Autre collision,,,,,,,,,,,1,2,1,1.0,6
201300052493,0013-09-26 12:00:00,13,9,26,12,0,750,111,"88, AVENUE PARMENTIER",,,Plein jour,En agglomération,Intersection en X,Normale,Deux véhicules - côté,,,,,,,,,,,1,2,2,1.0,3
201300052494,0013-09-27 09:00:00,13,9,27,9,0,750,111,"8, BOULEVARD DU TEMPLE",,,Plein jour,En agglomération,Hors intersection,Normale,Autre collision,,,,,,,,,,,1,2,1,1.0,6
201300052495,0013-09-27 10:00:00,13,9,27,10,0,750,111,"11, AVENUE PHILIPPE AUGU",,,Plein jour,En agglomération,Hors intersection,Normale,Deux véhicules - côté,,,,,,,,,,,1,2,1,1.0,3
201300052496,0013-09-27 13:05:00,13,9,27,13,5,750,111,"101, BOULEVARD RICHARD L",,,Plein jour,En agglomération,Intersection à plus de 4 branches,Normale,Deux véhicules - côté,,,,,,,,,,,1,2,5,1.0,3
201300052497,0013-09-27 14:15:00,13,9,27,14,15,750,111,"3, PLACE DE LA NATION",,,Plein jour,En agglomération,Place,Normale,Deux véhicules - arrière,,,,,,,,,,,1,2,7,1.0,2
201300052498,0013-09-27 20:10:00,13,9,27,20,10,750,111,"37, BOULEVARD VOLTAIRE",,,Nuit avec éclairage allumé,En agglomération,Intersection en X,Normale,Deux véhicules - côté,,,,,,,,,,,5,2,2,1.0,3
201300052499,0013-09-28 16:30:00,13,9,28,16,30,750,111,"180, RUE DE CHARONNE",,,Plein jour,En agglomération,Hors intersection,Normale,Sans collision,,,,,,,,,,,1,2,1,1.0,7
201300052500,0013-09-29 20:33:00,13,9,29,20,33,750,111,"33, RUE LEON FROT",,,Nuit avec éclairage allumé,En agglomération,Intersection en X,Temps couvert,Deux véhicules - côté,,,,,,,,,,,5,2,2,8.0,3
201300052501,0013-09-29 22:02:00,13,9,29,22,2,750,111,"170, RUE DE LA ROQUETTE",,,Nuit avec éclairage allumé,En agglomération,Intersection en T,Normale,Deux véhicules - côté,,,,,,,,,,,5,2,3,1.0,3
201300052502,0013-09-29 22:40:00,13,9,29,22,40,750,111,"0, AVENUE PHILIPPE AUGUS",,,Nuit avec éclairage allumé,En agglomération,Place,Normale,Deux véhicules - côté,,,,,,,,,,,5,2,7,1.0,3
201300052503,0013-10-01 10:10:00,13,10,1,10,10,750,111,"59, RUE DU FAUBOURG SAIN",,,Plein jour,En agglomération,Intersection en T,Normale,Deux véhicules - côté,,,,,,,,,,,1,2,3,1.0,3
201300052504,0013-10-01 15:30:00,13,10,1,15,30,750,111,"12, PLACE DE LA BASTILLE",,,Plein jour,En agglomération,Place,Pluie légère,Deux véhicules - côté,,,,,,,,,,,1,2,7,2.0,3
201300052505,0013-10-03 16:31:00,13,10,3,16,31,750,111,"71, RUE DU CHEMIN VERT",,,Plein jour,En agglomération,Hors intersection,Pluie légère,Sans collision,,,,,,,,,,,1,2,1,2.0,7
201300052506,0013-10-03 14:50:00,13,10,3,14,50,750,111,"11, AVENUE DE BOUVINES",,,Plein jour,En agglomération,Intersection en T,Pluie forte,Deux véhicules - arrière,,,,,,,,,,,1,2,3,3.0,2
201300052507,0013-10-03 19:10:00,13,10,3,19,10,750,111,"108, AVENUE LEDRU ROLLIN",,,Crépuscule ou aube,En agglomération,Intersection en X,Normale,Trois véhicules et plus - en chaîne,,,,,,,,,,,2,2,2,1.0,4
201300052508,0013-10-07 00:40:00,13,10,7,0,40,750,111,"130, BOULEVARD VOLTAIRE",,,Nuit avec éclairage allumé,En agglomération,Place,Normale,Autre collision,,,,,,,,,,,5,2,7,1.0,6
201300052509,0013-10-08 13:15:00,13,10,8,13,15,750,111,"42, RUE DE MALTE",,,Plein jour,En agglomération,Intersection en X,Normale,Deux véhicules - côté,,,,,,,,,,,1,2,2,1.0,3
201300052510,0013-10-09 10:15:00,13,10,9,10,15,750,111,"232, BOULEVARD VOLTAIRE",,,Plein jour,En agglomération,Intersection en T,Normale,Autre collision,,,,,,,,,,,1,2,3,1.0,6
201300052511,0013-10-09 10:30:00,13,10,9,10,30,750,111,"125, RUE DU CHEMIN VERT",,,Plein jour,En agglomération,Hors intersection,Normale,Autre collision,,,,,,,,,,,1,2,1,1.0,6
201300052512,0013-10-10 03:00:00,13,10,10,3,0,750,111,"34, AVENUE PHILIPPE AUGU",,,Nuit avec éclairage allumé,En agglomération,Hors intersection,Pluie légère,Autre collision,,,,,,,,,,,5,2,1,2.0,6
201300052513,0013-10-10 15:00:00,13,10,10,15,0,750,111,"39, RUE FAIDHERBE",,,Plein jour,En agglomération,Intersection en Y,Normale,Autre collision,,,,,,,,,,,1,2,4,1.0,6
201300052514,0013-10-10 17:00:00,13,10,10,17,0,750,111,"46, METRO ALEXANDRE DUMA",,,Plein jour,En agglomération,Intersection en X,Normale,Autre collision,,,,,,,,,,,1,2,2,1.0,6
201300052515,0013-10-10 17:35:00,13,10,10,17,35,750,111,"8, PLACE LEON BLUM",,,Plein jour,En agglomération,Place,Normale,Autre collision,,,,,,,,,,,1,2,7,1.0,6
201300052516,0013-10-11 20:30:00,13,10,11,20,30,750,111,BOULEVARD VOLTAIRE,,,Nuit avec éclairage allumé,En agglomération,Hors intersection,Normale,Autre collision,,,,,,,,,,,5,2,1,1.0,6
201300052517,0013-10-12 00:30:00,13,10,12,0,30,750,111,RUE SAINT MAUR,,,Nuit avec éclairage allumé,En agglomération,Intersection en X,Pluie légère,Deux véhicules - côté,,,,,,,,,,,5,2,2,2.0,3
201300052518,0013-10-12 05:05:00,13,10,12,5,5,750,111,"101, RUE DE CHARONNE",,,Nuit avec éclairage allumé,En agglomération,Hors intersection,Normale,Autre collision,,,,,,,,,,,5,2,1,1.0,6
201300052519,0013-10-13 04:05:00,13,10,13,4,5,750,111,"48, BOULEVARD VOLTAIRE",,,Nuit avec éclairage allumé,En agglomération,Hors intersection,Normale,Deux véhicules - arrière,,,,,,,,,,,5,2,1,1.0,2
201300052520,0013-10-13 05:30:00,13,10,13,5,30,750,111,"15, BOULEVARD RICHARD LE",,,Nuit avec éclairage allumé,En agglomération,Hors intersection,Normale,Autre collision,,,,,,,,,,,5,2,1,1.0,6
201300052521,0013-10-15 03:10:00,13,10,15,3,10,750,111,"26, RUE SEDAINE",,,Nuit avec éclairage allumé,En agglomération,Intersection en X,Normale,Autre collision,,,,,,,,,,,5,2,2,1.0,6
201300052522,0013-10-15 07:45:00,13,10,15,7,45,750,111,"20, RUE MORET",,,Plein jour,En agglomération,Hors intersection,Normale,Deux véhicules - arrière,,,,,,,,,,,1,2,1,1.0,2
201300052523,0013-10-15 19:05:00,13,10,15,19,5,750,111,"16, RUE BREGUET",,,Nuit sans éclairage public,En agglomération,Intersection en X,Normale,Deux véhicules - côté,,,,,,,,,,,3,2,2,1.0,3
201300052524,0013-10-16 16:45:00,13,10,16,16,45,750,111,"3, BOULEVARD VOLTAIRE",,,Plein jour,En agglomération,Hors intersection,Pluie légère,Trois véhicules et plus - collisions multiples,,,,,,,,,,,1,2,1,2.0,5
201300052525,0013-10-16 17:10:00,13,10,16,17,10,750,111,"48, AVENUE PARMENTIER",,,Plein jour,En agglomération,Intersection en X,Pluie légère,Sans collision,,,,,,,,,,,1,2,2,2.0,7
201300052526,0013-10-17 10:00:00,13,10,17,10,0,750,111,"2, BOULEVARD BEAUMARCHAI",,,Plein jour,En agglomération,Place,Normale,Deux véhicules - côté,,,,,,,,,,,1,2,7,1.0,3
201300052527,0013-10-19 12:50:00,13,10,19,12,50,750,111,"94, BOULEVARD BEAUMARCHA",,,Plein jour,En agglomération,Intersection en T,Normale,Autre collision,,,,,,,,,,,1,2,3,1.0,6
201300052528,0013-10-19 15:40:00,13,10,19,15,40,750,111,"17, BOULEVARD DES FILLES",,,Plein jour,En agglomération,Intersection en X,Normale,Deux véhicules - côté,,,,,,,,,,,1,2,2,1.0,3
201300052529,0013-10-19 15:30:00,13,10,19,15,30,750,111,"175, RUE DE CHARONNE",,,Plein jour,En agglomération,Hors intersection,Normale,Deux véhicules - arrière,,,,,,,,,,,1,2,1,1.0,2
201300052530,0013-10-20 06:45:00,13,10,20,6,45,750,111,"76, RUE DU CHEMIN VERT",,,Nuit avec éclairage allumé,En agglomération,Intersection en X,Temps couvert,Autre collision,,,,,,,,,,,5,2,2,8.0,6
201300052531,0013-10-21 15:20:00,13,10,21,15,20,750,111,"254, BOULEVARD VOLTAIRE",,,Plein jour,En agglomération,Hors intersection,Normale,Autre collision,,,,,,,,,,,1,2,1,1.0,6
201300052532,0013-10-21 17:40:00,13,10,21,17,40,750,111,"228, BOULEVARD VOLTAIRE",,,Plein jour,En agglomération,Intersection en X,Normale,Deux véhicules - côté,,,,,,,,,,,1,2,2,1.0,3
201300052533,0013-10-22 03:00:00,13,10,22,3,0,750,111,"101, BOULEVARD RICHARD L",,,Nuit avec éclairage allumé,En agglomération,Intersection en X,Normale,Autre collision,,,,,,,,,,,5,2,2,1.0,6
201300052534,0013-10-22 15:00:00,13,10,22,15,0,750,111,"064, BOULEVARD VOLTAIRE",,,Plein jour,En agglomération,Hors intersection,Normale,Sans collision,,,,,,,,,,,1,2,1,1.0,7
201300052535,0013-10-23 11:00:00,13,10,23,11,0,750,111,"230, BOULEVARD VOLTAIRE",,,Plein jour,En agglomération,Intersection en T,Normale,Deux véhicules - côté,,,,,,,,,,,1,2,3,1.0,3
201300052536,0013-10-23 19:35:00,13,10,23,19,35,750,111,"46, AVENUE LEDRU ROLLIN",,,Nuit avec éclairage allumé,En agglomération,Hors intersection,Normale,Deux véhicules - arrière,,,,,,,,,,,5,2,1,1.0,2
201300052537,0013-10-25 23:30:00,13,10,25,23,30,750,111,"124, BOULEVARD VOLTAIRE",,,Nuit avec éclairage allumé,En agglomération,Intersection en X,Pluie légère,Sans collision,,,,,,,,,,,5,2,2,2.0,7
201300052538,0013-10-28 09:15:00,13,10,28,9,15,750,111,"12, PLACE DE LA BASTILLE",,,Plein jour,En agglomération,Place,Pluie légère,Autre collision,,,,,,,,,,,1,2,7,2.0,6
201300052539,0013-10-28 15:20:00,13,10,28,15,20,750,111,"10, PLACE DE LA REPUBLIQ",,,Plein jour,En agglomération,Intersection en T,Normale,Deux véhicules - côté,,,,,,,,,,,1,2,3,1.0,3
201300052540,0013-10-29 14:45:00,13,10,29,14,45,750,111,"1, PLACE DE LA NATION",,,Plein jour,En agglomération,Place,Normale,Autre collision,,,,,,,,,,,1,2,7,1.0,6
201300052541,0013-10-29 15:40:00,13,10,29,15,40,750,111,"0, BOULEVARD VOLTAIRE",,,Plein jour,En agglomération,Intersection en T,Normale,Deux véhicules - frontale,,,,,,,,,,,1,2,3,1.0,1
201300052542,0013-10-29 19:45:00,13,10,29,19,45,750,111,"90, BOULEVARD VOLTAIRE",,,Nuit avec éclairage allumé,En agglomération,Hors intersection,Normale,Autre collision,,,,,,,,,,,5,2,1,1.0,6
201300052543,0013-10-30 09:10:00,13,10,30,9,10,750,111,"130, BOULEVARD VOLTAIRE",,,Plein jour,En agglomération,Hors intersection,Temps éblouissant,Autre collision,,,,,,,,,,,1,2,1,7.0,6
201300052544,0013-11-02 23:30:00,13,11,2,23,30,750,112,PLACE DE LA NATION,,,Nuit avec éclairage allumé,En agglomération,Place,Pluie légère,Deux véhicules - côté,,,,,,,,,,,5,2,7,2.0,3
201300052545,0013-11-05 09:20:00,13,11,5,9,20,750,111,"167, RUE DU FAUBOURG SAI",,,Plein jour,En agglomération,Intersection en T,Pluie forte,Deux véhicules - côté,,,,,,,,,,,1,2,3,3.0,3
201300052546,0013-11-06 15:30:00,13,11,6,15,30,750,111,"24, AVENUE DE LA REPUBLI",,,Plein jour,En agglomération,Intersection en X,Normale,Deux véhicules - côté,,,,,,,,,,,1,2,2,1.0,3
201300052547,0013-11-06 19:10:00,13,11,6,19,10,750,111,"85, BOULEVARD RICHARD LE",,,Nuit avec éclairage allumé,En agglomération,Intersection en X,Normale,Autre collision,,,,,,,,,,,5,2,2,1.0,6
201300052548,0013-11-08 00:50:00,13,11,8,0,50,750,111,"20, BOULEVARD RICHARD LE",,,Nuit avec éclairage allumé,En agglomération,Intersection en X,Pluie légère,Autre collision,,,,,,,,,,,5,2,2,2.0,6
201300052549,0013-11-09 10:00:00,13,11,9,10,0,750,111,"41, RUE OBERKAMPF",,,Plein jour,En agglomération,Intersection en X,Normale,Deux véhicules - côté,,,,,,,,,,,1,2,2,1.0,3
201300052550,0013-11-09 22:25:00,13,11,9,22,25,750,111,"12, BOULEVARD RICHARD LE",,,Nuit avec éclairage allumé,En agglomération,Place,Normale,Deux véhicules - côté,,,,,,,,,,,5,2,7,1.0,3
201300052551,0013-11-12 16:10:00,13,11,12,16,10,750,111,"87, RUE DE CHARONNE",,,Crépuscule ou aube,En agglomération,Intersection en T,Pluie légère,Deux véhicules - arrière,,,,,,,,,,,2,2,3,2.0,2
201300052552,0013-11-12 23:40:00,13,11,12,23,40,750,111,RUE DE LA ROQUETTE,,,Nuit avec éclairage allumé,En agglomération,Intersection en T,Pluie légère,Deux véhicules - côté,,,,,,,,,,,5,2,3,2.0,3
201300052553,0013-11-13 14:30:00,13,11,13,14,30,750,111,"80, RUE OBERKAMPF",,,Plein jour,En agglomération,Hors intersection,Normale,Deux véhicules - arrière,,,,,,,,,,,1,2,1,1.0,2
201300052554,0013-11-14 08:00:00,13,11,14,8,0,750,111,"69, BOULEVARD VOLTAIRE",,,Plein jour,En agglomération,Hors intersection,Pluie légère,Deux véhicules - arrière,,,,,,,,,,,1,2,1,2.0,2
201300052555,0013-11-19 00:05:00,13,11,19,0,5,750,111,"73, BOULEVARD DE BELLEVI",,,Nuit avec éclairage allumé,En agglomération,Intersection en X,Normale,Deux véhicules - arrière,,,,,,,,,,,5,2,2,1.0,2
201300052556,0013-11-19 08:20:00,13,11,19,8,20,750,111,"73, BOULEVARD VOLTAIRE",,,Crépuscule ou aube,En agglomération,Intersection en T,Pluie légère,Deux véhicules - côté,,,,,,,,,,,2,2,3,2.0,3
201300052557,0013-11-19 17:55:00,13,11,19,17,55,750,111,"70, RUE DU CHEMIN VERT",,,Nuit avec éclairage allumé,En agglomération,Hors intersection,Normale,Deux véhicules - arrière,,,,,,,,,,,5,2,1,1.0,2
201300052558,0013-11-23 01:45:00,13,11,23,1,45,750,111,"83, RUE DU FAUBOURG SAIN",,,Nuit avec éclairage allumé,En agglomération,Intersection en X,Normale,Deux véhicules - arrière,,,,,,,,,,,5,2,2,1.0,2
201300052559,0013-11-26 08:50:00,13,11,26,8,50,750,111,"21, RUE POPINCOURT",,,Plein jour,En agglomération,Intersection en X,Normale,Autre collision,,,,,,,,,,,1,2,2,1.0,6
201300052560,0013-11-26 12:50:00,13,11,26,12,50,750,111,BOULEVARD BEAUMARCHAIS,,,Plein jour,En agglomération,Hors intersection,Normale,Deux véhicules - arrière,,,,,,,,,,,1,2,1,1.0,2
201300052561,0013-11-28 09:25:00,13,11,28,9,25,750,111,PLACE DE LA BASTILLE,,,Plein jour,En agglomération,Place,Normale,Sans collision,,,,,,,,,,,1,2,7,1.0,7
201300052562,0013-11-28 17:30:00,13,11,28,17,30,750,111,"48, AVENUE DE LA REPUBLI",,,Nuit avec éclairage allumé,En agglomération,Intersection en X,Normale,Deux véhicules - arrière,,,,,,,,,,,5,2,2,1.0,2
201300052563,0013-12-02 18:30:00,13,12,2,18,30,750,111,"4, PLACE DE LA REPUBLIQU",,,Nuit avec éclairage allumé,En agglomération,Place,Normale,Autre collision,,,,,,,,,,,5,2,7,1.0,6
201300052564,0013-12-02 22:25:00,13,12,2,22,25,750,111,BOULEVARD VOLTAIRE,,,Nuit avec éclairage allumé,En agglomération,Intersection en X,Normale,Deux véhicules - frontale,,,,,,,,,,,5,2,2,1.0,1
201300052565,0013-12-04 14:00:00,13,12,4,14,0,750,111,"124, BOULEVARD VOLTAIRE",,,Plein jour,En agglomération,Intersection en X,Normale,Autre collision,,,,,,,,,,,1,2,2,1.0,6
201300052566,0013-12-05 09:30:00,13,12,5,9,30,750,111,"49, AVENUE PARMENTIER",,,Plein jour,En agglomération,Intersection en T,Normale,Deux véhicules - arrière,,,,,,,,,,,1,2,3,1.0,2
201300052567,0013-12-05 23:50:00,13,12,5,23,50,750,111,"237, RUE DU FAUBOURG SAI",,,Nuit avec éclairage allumé,En agglomération,Intersection à plus de 4 branches,Pluie légère,Deux véhicules - arrière,,,,,,,,,,,5,2,5,2.0,2
201300052568,0013-12-06 00:30:00,13,12,6,0,30,750,111,"130, RUE DE LA ROQUETTE",,,Nuit avec éclairage allumé,En agglomération,Intersection à plus de 4 branches,Pluie légère,Autre collision,,,,,,,,,,,5,2,5,2.0,6
201300052569,0013-12-06 08:30:00,13,12,6,8,30,750,111,"49, AVENUE DE LA REPUBLI",,,Plein jour,En agglomération,Hors intersection,Normale,Deux véhicules - côté,,,,,,,,,,,1,2,1,1.0,3
201300052570,0013-12-07 04:00:00,13,12,7,4,0,750,111,"79, AVENUE DE LA REPUBLI",,,Nuit avec éclairage allumé,En agglomération,Intersection en T,Pluie légère,Autre collision,,,,,,,,,,,5,2,3,2.0,6
201300052571,0013-12-07 15:25:00,13,12,7,15,25,750,112,"4, PLACE DE LA NATION",,,Plein jour,En agglomération,Place,Normale,Deux véhicules - côté,,,,,,,,,,,1,2,7,1.0,3
201300052572,0013-12-07 20:50:00,13,12,7,20,50,750,111,"74, BOULEVARD VOLTAIRE",,,Nuit avec éclairage allumé,En agglomération,Intersection en T,Normale,Deux véhicules - côté,,,,,,,,,,,5,2,3,1.0,3
201300052573,0013-12-10 20:00:00,13,12,10,20,0,750,111,"43, BOULEVARD VOLTAIRE",,,Nuit avec éclairage allumé,En agglomération,Intersection en X,Normale,Deux véhicules - frontale,,,,,,,,,,,5,2,2,1.0,1