accident_id,datetime,annee,mois,jour,heure,minute,departement,commune_insee,adresse,latitude,longitude,luminosite,agglomeration,intersection,meteo,collision,nb_vehicules,nb_usagers,nb_indemnes,nb_tues,nb_blesses_hosp,nb_blesses_legers,age_cond_1,age_cond_2,veh_type_cond_1,veh_type_cond_2,lum_code,agg_code,int_code,atm_code,col_code
201300052574,0013-12-12 18:50:00,13,12,12,18,50,750,111,"197, BOULEVARD VOLTAIRE",,,Nuit avec éclairage allumé,En agglomération,Intersection en Y,Normale,Deux véhicules - frontale,,,,,,,,,,,5,2,4,1.0,1
201300052575,0013-12-13 09:15:00,13,12,13,9,15,750,111,"59, BOULEVARD DE BELLEVI",,,Plein jour,En agglomération,Intersection en X,Temps couvert,Sans collision,,,,,,,,,,,1,2,2,8.0,7
201300052576,0013-12-13 11:15:00,13,12,13,11,15,750,111,"63, RUE SAINT MAUR",,,Plein jour,En agglomération,Intersection en T,Normale,Deux véhicules - côté,,,,,,,,,,,1,2,3,1.0,3
201300052577,0013-12-14 00:30:00,13,12,14,0,30,750,111,PLACE DE LA NATION,,,Nuit sans éclairage public,En agglomération,Place,Pluie légère,Autre collision,,,,,,,,,,,3,2,7,2.0,6
201300052578,0013-12-15 15:50:00,13,12,15,15,50,750,111,"15, AVENUE DE LA REPUBLI",,,Crépuscule ou aube,En agglomération,Intersection en X,Normale,Deux véhicules - arrière,,,,,,,,,,,2,2,2,1.0,2
201300052579,0013-12-17 11:00:00,13,12,17,11,0,750,111,"66, RUE DE LA ROQUETTE",,,Plein jour,En agglomération,Intersection en T,Normale,Sans collision,,,,,,,,,,,1,2,3,1.0,7
201300052580,0013-12-19 07:00:00,13,12,19,7,0,750,111,"101, BOULEVARD RICHARD L",,,Crépuscule ou aube,En agglomération,Intersection en X,Normale,Deux véhicules - côté,,,,,,,,,,,2,2,2,1.0,3
201300052581,0013-12-20 10:30:00,13,12,20,10,30,750,111,"149, RUE DE CHARONNE",,,Plein jour,En agglomération,Hors intersection,Normale,Deux véhicules - côté,,,,,,,,,,,1,2,1,1.0,3
201300052582,0013-12-20 16:30:00,13,12,20,16,30,750,111,"2, RUE DE LA PRESENTATIO",,,Plein jour,En agglomération,Intersection en X,Normale,Deux véhicules - côté,,,,,,,,,,,1,2,2,1.0,3
201300052583,0013-12-22 17:15:00,13,12,22,17,15,750,111,"208, RUE DE LA ROQUETTE",,,Nuit avec éclairage allumé,En agglomération,Intersection à plus de 4 branches,Pluie légère,Autre collision,,,,,,,,,,,5,2,5,2.0,6
201300052584,0013-12-23 13:55:00,13,12,23,13,55,750,111,"142, AVENUE PARMENTIER",,,Plein jour,En agglomération,Intersection en T,Normale,Deux véhicules - côté,,,,,,,,,,,1,2,3,1.0,3
201300052585,0013-12-25 20:20:00,13,12,25,20,20,750,111,"2, BOULEVARD BEAUMARCHAI",,,Nuit avec éclairage allumé,En agglomération,Place,Pluie forte,Trois véhicules et plus - en chaîne,,,,,,,,,,,5,2,7,3.0,4
201300052586,0013-01-01 00:20:00,13,1,1,0,20,750,112,PLACE DE LA BASTILLE,,,Nuit avec éclairage allumé,En agglomération,Place,Pluie légère,Autre collision,,,,,,,,,,,5,2,7,2.0,6
201300052587,0013-01-02 16:20:00,13,1,2,16,20,750,112,BOULEVARD PONIATOWSKI,,,Crépuscule ou aube,En agglomération,Intersection en Y,Normale,Deux véhicules - côté,,,,,,,,,,,2,2,4,1.0,3
201300052588,0013-01-01 03:50:00,13,1,1,3,50,750,112,AVENUE DES CANADIENS,,,Nuit avec éclairage allumé,En agglomération,Hors intersection,Pluie forte,Autre collision,,,,,,,,,,,5,2,1,3.0,6
201300052589,0013-01-03 23:15:00,13,1,3,23,15,750,112,"162, BOULEVARD DIDEROT",,,Nuit avec éclairage allumé,En agglomération,Hors intersection,Pluie légère,Deux véhicules - côté,,,,,,,,,,,5,2,1,2.0,3
201300052590,0013-01-04 20:35:00,13,1,4,20,35,750,112,"89 ter, RUE DE CHARENTON",,,Nuit avec éclairage allumé,En agglomération,Intersection en T,Normale,Autre collision,,,,,,,,,,,5,2,3,1.0,6
201300052591,0013-01-05 18:30:00,13,1,5,18,30,750,112,"128, BOULEVARD DIDEROT",,,Nuit avec éclairage allumé,En agglomération,Hors intersection,Normale,Deux véhicules - côté,,,,,,,,,,,5,2,1,1.0,3
201300052592,0013-01-07 12:10:00,13,1,7,12,10,750,112,"14, RUE ROTTEMBOURG",,,Plein jour,En agglomération,Intersection en X,Normale,Autre collision,,,,,,,,,,,1,2,2,1.0,6
201300052593,0013-01-09 09:45:00,13,1,9,9,45,750,112,"86, AVENUE DE SAINT MAND",,,Plein jour,En agglomération,Intersection en Y,Pluie légère,Deux véhicules - côté,,,,,,,,,,,1,2,4,2.0,3
201300052594,0013-01-10 16:30:00,13,1,10,16,30,750,112,AVENUE DAUMESNIL,,,Plein jour,En agglomération,Intersection à plus de 4 branches,Pluie légère,Deux véhicules - côté,,,,,,,,,,,1,2,5,2.0,3
201300052595,0013-01-11 08:45:00,13,1,11,8,45,750,112,"118, RUE DE LYON",,,Plein jour,En agglomération,Intersection en T,Normale,Autre collision,,,,,,,,,,,1,2,3,1.0,6
201300052596,0013-01-11 11:45:00,13,1,11,11,45,750,112,"241, QUAI DE BERCY",,,Plein jour,En agglomération,Hors intersection,Normale,Autre collision,,,,,,,,,,,1,2,1,1.0,6
201300052597,0013-01-12 11:00:00,13,1,12,11,0,750,112,"35, RUE DE REUILLY",,,Plein jour,En agglomération,Intersection en X,Normale,Autre collision,,,,,,,,,,,1,2,2,1.0,6
201300052598,0013-01-12 10:30:00,13,1,12,10,30,750,112,RUE DU GENERAL DE LANGLE,,,Plein jour,En agglomération,Intersection en Y,Pluie légère,Deux véhicules - côté,,,,,,,,,,,1,2,4,2.0,3
201300052599,0013-01-13 05:40:00,13,1,13,5,40,750,112,"face  163, RUE DU FAUBOU",,,Nuit avec éclairage allumé,En agglomération,Hors intersection,Normale,Autre collision,,,,,,,,,,,5,2,1,1.0,6
201300052600,0013-01-12 11:40:00,13,1,12,11,40,750,112,"20, BOULEVARD PONIATOWSK",,,Plein jour,En agglomération,Intersection à plus de 4 branches,Pluie légère,Deux véhicules - côté,,,,,,,,,,,1,2,5,2.0,3
201300052601,0013-01-13 19:40:00,13,1,13,19,40,750,112,RUE LEGRAVEREND,,,Nuit avec éclairage allumé,En agglomération,Intersection en T,Pluie légère,Autre collision,,,,,,,,,,,5,2,3,2.0,6
201300052602,0013-01-14 20:00:00,13,1,14,20,0,750,112,"198, RUE DU FAUBOURG SAI",,,Nuit avec éclairage allumé,En agglomération,Intersection à plus de 4 branches,Neige / grêle,Sans collision,,,,,,,,,,,5,2,5,4.0,7
201300052603,0013-01-16 09:40:00,13,1,16,9,40,750,112,"101, AVENUE DE SAINT MAN",,,Plein jour,En agglomération,Intersection en T,Autre,Deux véhicules - arrière,,,,,,,,,,,1,2,3,9.0,2
201300052604,0013-01-14 22:50:00,13,1,14,22,50,750,112,AVENUE DAUMESNIL,,,Nuit avec éclairage allumé,En agglomération,Hors intersection,Pluie légère,Autre collision,,,,,,,,,,,5,2,1,2.0,6
201300052605,0013-01-22 19:00:00,13,1,22,19,0,750,112,"1, RUE DE PICPUS",,,Nuit avec éclairage allumé,En agglomération,Intersection à plus de 4 branches,Temps couvert,Autre collision,,,,,,,,,,,5,2,5,8.0,6
201300052606,0013-01-22 19:27:00,13,1,22,19,27,750,112,"127, RUE DE REUILLY",,,Nuit avec éclairage allumé,En agglomération,Place,Normale,Autre collision,,,,,,,,,,,5,2,7,1.0,6
201300052607,0013-01-23 22:35:00,13,1,23,22,35,750,112,"192, AVENUE DAUMESNIL",,,Nuit avec éclairage allumé,En agglomération,Intersection en T,Normale,Deux véhicules - côté,,,,,,,,,,,5,2,3,1.0,3
201300052608,0013-01-26 12:20:00,13,1,26,12,20,750,112,"77, AVENUE DAUMESNIL",,,Plein jour,En agglomération,Intersection en X,Temps couvert,Deux véhicules - côté,,,,,,,,,,,1,2,2,8.0,3
201300052609,0013-01-28 18:30:00,13,1,28,18,30,750,112,RUE JOSEPH KESSEL,,,Nuit avec éclairage allumé,En agglomération,Intersection à plus de 4 branches,Normale,Deux véhicules - arrière,,,,,,,,,,,5,2,5,1.0,2
201300052610,0013-01-28 19:00:00,13,1,28,19,0,750,112,"0, QUAI DE BERCY",,,Nuit avec éclairage allumé,En agglomération,Hors intersection,Normale,Deux véhicules - arrière,,,,,,,,,,,5,2,1,1.0,2
201300052611,0013-01-29 11:45:00,13,1,29,11,45,750,112,BOULEVARD DE BERCY,,,Plein jour,En agglomération,Intersection à plus de 4 branches,Normale,Deux véhicules - arrière,,,,,,,,,,,1,2,5,1.0,2
201300052612,0013-01-30 07:50:00,13,1,30,7,50,750,112,"108, COURS DE VINCENNES",,,Crépuscule ou aube,En agglomération,Hors intersection,Pluie légère,Autre collision,,,,,,,,,,,2,2,1,2.0,6
201300052613,0013-01-30 11:20:00,13,1,30,11,20,750,112,"82, AVENUE LEDRU ROLLIN",,,Plein jour,En agglomération,Hors intersection,Pluie légère,Autre collision,,,,,,,,,,,1,2,1,2.0,6
201300052614,0013-01-30 18:20:00,13,1,30,18,20,750,112,"272, AVENUE DAUMESNIL",,,Nuit avec éclairage allumé,En agglomération,Hors intersection,Normale,Deux véhicules - côté,,,,,,,,,,,5,2,1,1.0,3
201300052615,0013-01-31 07:15:00,13,1,31,7,15,750,112,AVENUE DU GENERAL MICHEL,,,Crépuscule ou aube,En agglomération,Intersection en X,Normale,Deux véhicules - arrière,,,,,,,,,,,2,2,2,1.0,2
201300052616,0013-01-31 16:45:00,13,1,31,16,45,750,112,"1, PLACE EDOUARD RENARD",,,Crépuscule ou aube,En agglomération,Place,Normale,Sans collision,,,,,,,,,,,2,2,7,1.0,7
201300052617,0013-02-02 05:45:00,13,2,2,5,45,750,112,RUE JOSEPH KESSEL,,,Nuit avec éclairage allumé,En agglomération,Intersection en X,Normale,Autre collision,,,,,,,,,,,5,2,2,1.0,6
201300052618,0013-02-02 17:05:00,13,2,2,17,5,750,112,QUAI DE BERCY,,,Nuit avec éclairage non allumé,En agglomération,Hors intersection,Neige / grêle,Deux véhicules - arrière,,,,,,,,,,,4,2,1,4.0,2
201300052619,0013-02-02 19:45:00,13,2,2,19,45,750,112,"93, RUE DE REUILLY",,,Nuit avec éclairage allumé,En agglomération,Intersection en X,Pluie légère,Autre collision,,,,,,,,,,,5,2,2,2.0,6
201300052620,0013-02-02 19:10:00,13,2,2,19,10,750,112,"69, RUE DE LYON",,,Nuit avec éclairage allumé,En agglomération,Hors intersection,Pluie légère,Autre collision,,,,,,,,,,,5,2,1,2.0,6
201300052621,0013-02-03 16:20:00,13,2,3,16,20,750,112,"8, BOULEVARD DE LA BASTI",,,Plein jour,En agglomération,Hors intersection,Temps couvert,Autre collision,,,,,,,,,,,1,2,1,8.0,6
201300052622,0013-02-03 22:50:00,13,2,3,22,50,750,112,RUE DU FAUBOURG SAINT AN,,,Nuit avec éclairage allumé,En agglomération,Intersection en T,Pluie forte,Autre collision,,,,,,,,,,,5,2,3,3.0,6
201300052623,0013-01-31 18:30:00,13,1,31,18,30,750,112,"0, AVENUE DE GRAVELLE",,,Crépuscule ou aube,En agglomération,Hors intersection,Pluie légère,Trois véhicules et plus - collisions multiples,,,,,,,,,,,2,2,1,2.0,5
201300052624,0013-02-05 09:25:00,13,2,5,9,25,750,112,"1, PLACE FELIX EBOUE",,,Plein jour,En agglomération,Place,Pluie légère,Sans collision,,,,,,,,,,,1,2,7,2.0,7
201300052625,0013-02-05 09:05:00,13,2,5,9,5,750,112,AVENUE DU TREMBLAY,,,Plein jour,En agglomération,Hors intersection,Pluie légère,Deux véhicules - côté,,,,,,,,,,,1,2,1,2.0,3
201300052626,0013-02-06 07:50:00,13,2,6,7,50,750,112,"58, AVENUE LEDRU ROLLIN",,,Crépuscule ou aube,En agglomération,Intersection en X,Pluie légère,Autre collision,,,,,,,,,,,2,2,2,2.0,6
201300052627,0013-02-06 07:50:00,13,2,6,7,50,750,112,"35, AVENUE COURTELINE",,,Plein jour,En agglomération,Intersection en T,Pluie légère,Autre collision,,,,,,,,,,,1,2,3,2.0,6
201300052628,0013-02-06 19:45:00,13,2,6,19,45,750,112,"80, AVENUE DE SAINT MAND",,,Nuit avec éclairage allumé,En agglomération,Intersection en T,Normale,Deux véhicules - côté,,,,,,,,,,,5,2,3,1.0,3
201300052629,0013-02-08 19:40:00,13,2,8,19,40,750,112,"148, RUE DU FAUBOURG SAI",,,Nuit avec éclairage allumé,En agglomération,Intersection en T,Pluie légère,Autre collision,,,,,,,,,,,5,2,3,2.0,6
201300052630,0013-02-09 06:30:00,13,2,9,6,30,750,112,RUE JOSEPH KESSEL,,,Nuit avec éclairage allumé,En agglomération,Intersection en X,Neige / grêle,Trois véhicules et plus - collisions multiples,,,,,,,,,,,5,2,2,4.0,5
201300052631,0013-02-10 20:15:00,13,2,10,20,15,750,112,RUE DE CHARENTON,,,Nuit avec éclairage allumé,En agglomération,Intersection en X,Pluie légère,Sans collision,,,,,,,,,,,5,2,2,2.0,7
201300052632,0013-02-12 09:45:00,13,2,12,9,45,750,112,"84, BOULEVARD DE REUILLY",,,Plein jour,En agglomération,Intersection à plus de 4 branches,Pluie légère,Autre collision,,,,,,,,,,,1,2,5,2.0,6
201300052633,0013-02-12 12:50:00,13,2,12,12,50,750,112,"13, BOULEVARD DIDEROT",,,Plein jour,En agglomération,Intersection à plus de 4 branches,Pluie légère,Deux véhicules - arrière,,,,,,,,,,,1,2,5,2.0,2
201300052634,0013-02-13 09:25:00,13,2,13,9,25,750,112,RUE DE CHARENTON,,,Plein jour,En agglomération,Intersection en X,Normale,Autre collision,,,,,,,,,,,1,2,2,1.0,6
201300052635,0013-02-13 11:30:00,13,2,13,11,30,750,112,"1, ROUTE DU PESAGE",,,Plein jour,En agglomération,Intersection en Y,Normale,Autre collision,,,,,,,,,,,1,2,4,1.0,6
201300052636,0013-02-15 00:01:00,13,2,15,0,1,750,112,"58, RUE DU FAUBOURG SAIN",,,Nuit avec éclairage allumé,En agglomération,Hors intersection,Pluie légère,Autre collision,,,,,,,,,,,5,2,1,2.0,6
201300052637,0013-02-15 19:45:00,13,2,15,19,45,750,112,AVENUE DAUMESNIL,,,Nuit sans éclairage public,En agglomération,Intersection en Y,Normale,Deux véhicules - arrière,,,,,,,,,,,3,2,4,1.0,2
201300052638,0013-02-15 19:00:00,13,2,15,19,0,750,112,"70, RUE DE PICPUS",,,Nuit avec éclairage allumé,En agglomération,Intersection en X,Normale,Autre collision,,,,,,,,,,,5,2,2,1.0,6
201300052639,0013-02-15 05:00:00,13,2,15,5,0,750,112,AUTOROUTE A4,,,Nuit avec éclairage allumé,En agglomération,Hors intersection,Normale,Autre collision,,,,,,,,,,,5,2,1,1.0,6
201300052640,0013-02-17 00:10:00,13,2,17,0,10,750,112,"110, COURS DE VINCENNES",,,Nuit avec éclairage allumé,En agglomération,Hors intersection,Normale,Autre collision,,,,,,,,,,,5,2,1,1.0,6
201300052641,0013-02-17 13:35:00,13,2,17,13,35,750,112,"52, BOULEVARD DIDEROT",,,Plein jour,En agglomération,Intersection en Y,Normale,Deux véhicules - côté,,,,,,,,,,,1,2,4,1.0,3
201300052642,0013-02-17 21:00:00,13,2,17,21,0,750,112,"248, RUE DU FAUBOURG SAI",,,Nuit avec éclairage allumé,En agglomération,Intersection en X,Normale,Autre collision,,,,,,,,,,,5,2,2,1.0,6
201300052643,0013-02-16 21:00:00,13,2,16,21,0,750,112,QUAI DE BERCY,,,Nuit avec éclairage allumé,En agglomération,Intersection en X,Normale,Sans collision,,,,,,,,,,,5,2,2,1.0,7
201300052644,0013-02-21 07:40:00,13,2,21,7,40,750,112,AVENUE DAUMESNIL,,,Plein jour,En agglomération,Intersection en X,Normale,Sans collision,,,,,,,,,,,1,2,2,1.0,7
201300052645,0013-02-22 19:30:00,13,2,22,19,30,750,112,"282, AVENUE DAUMESNIL",,,Nuit avec éclairage allumé,En agglomération,Hors intersection,Normale,Autre collision,,,,,,,,,,,5,2,1,1.0,6
201300052646,0013-02-23 05:50:00,13,2,23,5,50,750,120,"6, AVENUE DE LA PORTE DE",,,Nuit avec éclairage allumé,En agglomération,Hors intersection,Normale,Autre collision,,,,,,,,,,,5,2,1,1.0,6
201300052647,0013-02-26 14:45:00,13,2,26,14,45,750,112,PLACE DE LA BASTILLE,,,Plein jour,En agglomération,Place,Normale,Autre collision,,,,,,,,,,,1,2,7,1.0,6
201300052648,0013-02-27 08:20:00,13,2,27,8,20,750,112,AVENUE DE LA PORTE DE CH,,,Plein jour,En agglomération,Hors intersection,Pluie légère,Deux véhicules - arrière,,,,,,,,,,,1,2,1,2.0,2
201300052649,0013-02-28 18:50:00,13,2,28,18,50,750,112,"35, RUE PROUDHON",,,Nuit avec éclairage allumé,En agglomération,Hors intersection,Normale,Deux véhicules - frontale,,,,,,,,,,,5,2,1,1.0,1
201300052650,0013-02-28 19:30:00,13,2,28,19,30,750,112,"123, AVENUE DU GENERAL M",,,Nuit avec éclairage allumé,En agglomération,Hors intersection,Pluie légère,Trois véhicules et plus - en chaîne,,,,,,,,,,,5,2,1,2.0,4
201300052651,0013-03-01 09:00:00,13,3,1,9,0,750,112,"86, QUAI DE LA RAPEE",,,Plein jour,En agglomération,Intersection à plus de 4 branches,Normale,Deux véhicules - arrière,,,,,,,,,,,1,2,5,1.0,2
201300052652,0013-03-02 16:20:00,13,3,2,16,20,750,112,AVENUE DE NOGENT,,,Plein jour,En agglomération,Hors intersection,Normale,Autre collision,,,,,,,,,,,1,2,1,1.0,6
201300052653,0013-03-03 09:40:00,13,3,3,9,40,750,112,"122, AVENUE DE GRAVELLE",,,Plein jour,En agglomération,Hors intersection,Normale,Deux véhicules - arrière,,,,,,,,,,,1,2,1,1.0,2
201300052654,0013-03-03 15:30:00,13,3,3,15,30,750,112,AVENUE DE GRAVELLE,,,Plein jour,En agglomération,Intersection en T,Normale,Deux véhicules - frontale,,,,,,,,,,,1,2,3,1.0,1
201300052655,0013-03-04 06:35:00,13,3,4,6,35,750,112,"190, RUE DE BERCY",,,Crépuscule ou aube,En agglomération,Intersection en X,Normale,Autre collision,,,,,,,,,,,2,2,2,1.0,6
201300052656,0013-03-04 12:00:00,13,3,4,12,0,750,112,"256, AVENUE DAUMESNIL",,,Plein jour,En agglomération,Intersection en X,Normale,Autre collision,,,,,,,,,,,1,2,2,1.0,6
201300052657,0013-03-04 19:05:00,13,3,4,19,5,750,112,"61, AVENUE DAUMESNIL",,,Nuit avec éclairage allumé,En agglomération,Hors intersection,Normale,Autre collision,,,,,,,,,,,5,2,1,1.0,6
201300052658,0013-03-04 22:08:00,13,3,4,22,8,750,112,"0, AVENUE DAUMESNIL",,,Nuit avec éclairage allumé,En agglomération,Hors intersection,Normale,Autre collision,,,,,,,,,,,5,2,1,1.0,6
201300052659,0013-03-05 12:00:00,13,3,5,12,0,750,112,QUAI DE BERCY,,,Plein jour,En agglomération,Intersection en Y,Normale,Deux véhicules - côté,,,,,,,,,,,1,2,4,1.0,3
201300052660,0013-03-06 17:30:00,13,3,6,17,30,750,112,"120, COURS DE VINCENNES",,,Plein jour,En agglomération,Intersection en X,Normale,Autre collision,,,,,,,,,,,1,2,2,1.0,6
201300052661,0013-03-07 10:40:00,13,3,7,10,40,750,112,"6, RUE LOUIS BRAILLE",,,Plein jour,En agglomération,Hors intersection,Normale,Autre collision,,,,,,,,,,,1,2,1,1.0,6
201300052662,0013-03-07 15:45:00,13,3,7,15,45,750,112,"98bis, COURS DE VINCENNE",,,Plein jour,En agglomération,Hors intersection,Normale,Deux véhicules - côté,,,,,,,,,,,1,2,1,1.0,3
201300052663,0013-03-07 19:45:00,13,3,7,19,45,750,112,"80, COURS DE VINCENNES",,,Nuit avec éclairage allumé,En agglomération,Intersection en X,Normale,Deux véhicules - côté,,,,,,,,,,,5,2,2,1.0,3
201300052664,0013-03-08 15:20:00,13,3,8,15,20,750,112,"22, PLACE DE LA NATION",,,Plein jour,En agglomération,Place,Normale,Deux véhicules - côté,,,,,,,,,,,1,2,7,1.0,3
201300052665,0013-03-08 22:20:00,13,3,8,22,20,750,112,RUE ROBERT ETLIN,,,Nuit avec éclairage allumé,En agglomération,Hors intersection,Normale,Autre collision,,,,,,,,,,,5,2,1,1.0,6
201300052666,0013-03-09 14:00:00,13,3,9,14,0,750,112,", RUE ROBERT ETLIN",,,Plein jour,En agglomération,Giratoire,Normale,Sans collision,,,,,,,,,,,1,2,6,1.0,7
201300052667,0013-03-11 15:25:00,13,3,11,15,25,750,112,"2, AVENUE DE CORBERA",,,Plein jour,En agglomération,Intersection en T,Pluie légère,Autre collision,,,,,,,,,,,1,2,3,2.0,6
201300052668,0013-03-14 07:00:00,13,3,14,7,0,750,112,"28, RUE TAINE",,,Plein jour,En agglomération,Hors intersection,Normale,Deux véhicules - arrière,,,,,,,,,,,1,2,1,1.0,2
201300052669,0013-03-16 07:30:00,13,3,16,7,30,750,112,"00, AVENUE DE GRAVELLE",,,Crépuscule ou aube,En agglomération,Hors intersection,Normale,Autre collision,,,,,,,,,,,2,2,1,1.0,6
201300052670,0013-03-17 10:45:00,13,3,17,10,45,750,112,"263, AVENUE DAUMESNIL",,,Plein jour,En agglomération,Hors intersection,Normale,Deux véhicules - côté,,,,,,,,,,,1,2,1,1.0,3
201300052671,0013-03-18 18:10:00,13,3,18,18,10,750,112,"55, GARE DE LYON",,,Plein jour,En agglomération,Hors intersection,Pluie légère,Autre collision,,,,,,,,,,,1,2,1,2.0,6
201300052672,0013-03-19 22:50:00,13,3,19,22,50,750,112,QUAI DE BERCY,,,Nuit avec éclairage allumé,En agglomération,Intersection en Y,Pluie légère,Trois véhicules et plus - en chaîne,,,,,,,,,,,5,2,4,2.0,4
201300052673,0013-03-20 18:45:00,13,3,20,18,45,750,112,"21, RUE LOUIS BRAILLE",,,Plein jour,En agglomération,Intersection en X,Normale,Autre collision,,,,,,,,,,,1,2,2,1.0,6
201300052674,0013-03-21 18:00:00,13,3,21,18,0,750,112,"237, RUE DE CHARENTON",,,Plein jour,En agglomération,Intersection en X,Normale,Autre collision,,,,,,,,,,,1,2,2,1.0,6
201300052675,0013-03-22 19:50:00,13,3,22,19,50,750,112,AUTOROUTE A4,,,Nuit avec éclairage allumé,En agglomération,Hors intersection,Normale,Deux véhicules - arrière,,,,,,,,,,,5,2,1,1.0,2
201300052676,0013-03-22 21:05:00,13,3,22,21,5,750,112,"102, AVENUE DE SAINT MAN",,,Nuit avec éclairage allumé,En agglomération,Hors intersection,Normale,Autre collision,,,,,,,,,,,5,2,1,1.0,6
201300052677,0013-03-25 21:00:00,13,3,25,21,0,750,112,"75, BOULEVARD SOULT",,,Nuit avec éclairage allumé,En agglomération,Hors intersection,Normale,Autre collision,,,,,,,,,,,5,2,1,1.0,6
201300052678,0013-03-26 20:00:00,13,3,26,20,0,750,112,ESPLANADE SAINT LOUIS,,,Nuit avec éclairage allumé,En agglomération,Hors intersection,Normale,Deux véhicules - côté,,,,,,,,,,,5,2,1,1.0,3
201300052679,0013-03-27 11:50:00,13,3,27,11,50,750,112,"10, RUE DE PICPUS",,,Plein jour,En agglomération,Intersection en X,Normale,Deux véhicules - côté,,,,,,,,,,,1,2,2,1.0,3
201300052680,0013-03-29 08:25:00,13,3,29,8,25,750,112,AVENUE DU TREMBLAY,,,Plein jour,En agglomération,Intersection en X,Normale,Deux véhicules - côté,,,,,,,,,,,1,2,2,1.0,3
201300052681,0013-03-29 18:00:00,13,3,29,18,0,750,112,"22, BOULEVARD DE LA BAST",,,Plein jour,En agglomération,Intersection en Y,Normale,Deux véhicules - arrière,,,,,,,,,,,1,2,4,1.0,2
201300052682,0013-03-31 06:47:00,13,3,31,6,47,750,112,QUAI DE BERCY,,,Crépuscule ou aube,En agglomération,Intersection en Y,Normale,Autre collision,,,,,,,,,,,2,2,4,1.0,6
201300052683,0013-04-03 14:15:00,13,4,3,14,15,750,112,AVENUE DE NOGENT,,,Plein jour,En agglomération,Intersection à plus de 4 branches,Normale,Autre collision,,,,,,,,,,,1,2,5,1.0,6
201300052684,0013-04-03 14:30:00,13,4,3,14,30,750,112,"70, BOULEVARD DE REUILLY",,,Crépuscule ou aube,En agglomération,Hors intersection,Normale,Deux véhicules - arrière,,,,,,,,,,,2,2,1,1.0,2
201300052685,0013-04-03 18:00:00,13,4,3,18,0,750,112,AVENUE DAUMESNIL,,,Plein jour,En agglomération,Intersection en X,Normale,Deux véhicules - côté,,,,,,,,,,,1,2,2,1.0,3
201300052686,0013-04-09 11:10:00,13,4,9,11,10,750,112,"2, AVENUE LEDRU ROLLIN",,,Plein jour,En agglomération,Intersection en X,Temps couvert,Deux véhicules - arrière,,,,,,,,,,,1,2,2,8.0,2
201300052687,0013-04-09 20:00:00,13,4,9,20,0,750,112,"/, ROUTE DE CEINTURE DU",,,Plein jour,En agglomération,Hors intersection,Normale,Deux véhicules - arrière,,,,,,,,,,,1,2,1,1.0,2
201300052688,0013-04-11 01:10:00,13,4,11,1,10,750,112,"157, RUE DE CHARENTON",,,Nuit avec éclairage allumé,En agglomération,Place,Pluie légère,Autre collision,,,,,,,,,,,5,2,7,2.0,6
201300052689,0013-04-12 13:00:00,13,4,12,13,0,750,112,"190, RUE DE BERCY",,,Plein jour,En agglomération,Intersection à plus de 4 branches,Normale,Deux véhicules - côté,,,,,,,,,,,1,2,5,1.0,3
201300052690,0013-04-12 19:15:00,13,4,12,19,15,750,112,AVENUE LEDRU ROLLIN,,,Plein jour,En agglomération,Intersection en X,Pluie légère,Autre collision,,,,,,,,,,,1,2,2,2.0,6
201300052691,0013-04-14 19:30:00,13,4,14,19,30,750,112,ROUTE DE LA PYRAMIDE,,,Plein jour,En agglomération,Hors intersection,Normale,Deux véhicules - côté,,,,,,,,,,,1,2,1,1.0,3
201300052692,0013-04-15 18:00:00,13,4,15,18,0,750,112,"90, AVENUE DE SAINT MAND",,,Plein jour,En agglomération,Intersection à plus de 4 branches,Normale,Deux véhicules - arrière,,,,,,,,,,,1,2,5,1.0,2
201300052693,0013-04-17 09:10:00,13,4,17,9,10,750,112,"1, ROUTE ROYALE DE BEAUT",,,Plein jour,En agglomération,Place,Normale,Deux véhicules - arrière,,,,,,,,,,,1,2,7,1.0,2
201300052694,0013-04-17 09:45:00,13,4,17,9,45,750,112,"63, AVENUE LEDRU ROLLIN",,,Plein jour,En agglomération,Hors intersection,Normale,Deux véhicules - arrière,,,,,,,,,,,1,2,1,1.0,2
201300052695,0013-04-17 16:20:00,13,4,17,16,20,750,112,"203, AVENUE DAUMESNIL",,,Plein jour,En agglomération,Hors intersection,Normale,Deux véhicules - arrière,,,,,,,,,,,1,2,1,1.0,2
201300052696,0013-04-18 09:55:00,13,4,18,9,55,750,112,"52, RUE DE WATTIGNIES",,,Plein jour,En agglomération,Hors intersection,Normale,Autre collision,,,,,,,,,,,1,2,1,1.0,6
201300052697,0013-04-18 17:50:00,13,4,18,17,50,750,112,ROUTE DE CEINTURE DU LAC,,,Plein jour,En agglomération,Hors intersection,Normale,Deux véhicules - arrière,,,,,,,,,,,1,2,1,1.0,2
201300052698,0013-04-18 23:10:00,13,4,18,23,10,750,112,RUE DE RAMBOUILLET,,,Nuit avec éclairage allumé,En agglomération,Intersection en T,Normale,Deux véhicules - frontale,,,,,,,,,,,5,2,3,1.0,1
201300052699,0013-04-19 10:35:00,13,4,19,10,35,750,112,AVENUE DE NOGENT,,,Plein jour,En agglomération,Intersection en X,Normale,Deux véhicules - côté,,,,,,,,,,,1,2,2,1.0,3
201300052700,0013-04-19 12:00:00,13,4,19,12,0,750,112,"91, RUE DE CHARENTON",,,Plein jour,En agglomération,Intersection en T,Normale,Autre collision,,,,,,,,,,,1,2,3,1.0,6