accident_id,datetime,annee,mois,jour,heure,minute,departement,commune_insee,adresse,latitude,longitude,luminosite,agglomeration,intersection,meteo,collision,nb_vehicules,nb_usagers,nb_indemnes,nb_tues,nb_blesses_hosp,nb_blesses_legers,age_cond_1,age_cond_2,veh_type_cond_1,veh_type_cond_2,lum_code,agg_code,int_code,atm_code,col_code
201300052701,0013-04-20 02:10:00,13,4,20,2,10,750,112,ROUTE DE LA PYRAMIDE,,,Nuit avec éclairage allumé,En agglomération,Hors intersection,Normale,Deux véhicules - côté,,,,,,,,,,,5,2,1,1.0,3
201300052702,0013-04-20 09:30:00,13,4,20,9,30,750,112,"69, AVENUE DE SAINT MAND",,,Plein jour,En agglomération,Intersection à plus de 4 branches,Normale,Deux véhicules - côté,,,,,,,,,,,1,2,5,1.0,3
201300052703,0013-04-21 11:10:00,13,4,21,11,10,750,112,ROUTE DU PESAGE,,,Plein jour,En agglomération,Intersection en T,Normale,Sans collision,,,,,,,,,,,1,2,3,1.0,7
201300052704,0013-04-22 17:30:00,13,4,22,17,30,750,112,"17, RUE DU SAHEL",,,Plein jour,En agglomération,Hors intersection,Normale,Deux véhicules - côté,,,,,,,,,,,1,2,1,1.0,3
201300052705,0013-04-22 17:45:00,13,4,22,17,45,750,112,QUAI DE LA RAPEE,,,Plein jour,En agglomération,Hors intersection,Normale,Autre collision,,,,,,,,,,,1,2,1,1.0,6
201300052706,0013-04-24 18:35:00,13,4,24,18,35,750,112,"61, RUE DE BERCY",,,Plein jour,En agglomération,Hors intersection,Normale,Autre collision,,,,,,,,,,,1,2,1,1.0,6
201300052707,0013-04-25 10:25:00,13,4,25,10,25,750,112,"189, RUE DE CHARENTON",,,Plein jour,En agglomération,Hors intersection,Normale,Autre collision,,,,,,,,,,,1,2,1,1.0,6
201300052708,0013-04-26 15:05:00,13,4,26,15,5,750,112,"22, AVENUE DAUMESNIL",,,Plein jour,En agglomération,Hors intersection,Normale,Deux véhicules - arrière,,,,,,,,,,,1,2,1,1.0,2
201300052709,0013-04-27 18:00:00,13,4,27,18,0,750,112,AVENUE DE SAINT MAURICE,,,Plein jour,En agglomération,Hors intersection,Normale,Deux véhicules - côté,,,,,,,,,,,1,2,1,1.0,3
201300052710,0013-04-29 10:50:00,13,4,29,10,50,750,112,"28, RUE BISCORNET",,,Plein jour,En agglomération,Intersection en Y,Normale,Autre collision,,,,,,,,,,,1,2,4,1.0,6
201300052711,0013-04-30 06:50:00,13,4,30,6,50,750,112,"43, AVENUE DAUMESNIL   S",,,Plein jour,En agglomération,Intersection en X,Normale,Deux véhicules - côté,,,,,,,,,,,1,2,2,1.0,3
201300052712,0013-04-30 08:41:00,13,4,30,8,41,750,112,AVENUE DAUMESNIL,,,Plein jour,En agglomération,Intersection en T,Normale,Sans collision,,,,,,,,,,,1,2,3,1.0,7
201300052713,0013-04-30 11:00:00,13,4,30,11,0,750,112,"50, QUAI DE LA RAPEE",,,Plein jour,En agglomération,Hors intersection,Normale,Deux véhicules - arrière,,,,,,,,,,,1,2,1,1.0,2
201300052714,0013-05-01 08:30:00,13,5,1,8,30,750,112,QUAI DE LA RAPEE,,,Plein jour,En agglomération,Hors intersection,Normale,Autre collision,,,,,,,,,,,1,2,1,1.0,6
201300052715,0013-05-01 22:30:00,13,5,1,22,30,750,112,BOULEVARD DE BERCY,,,Nuit avec éclairage allumé,En agglomération,Intersection en T,Pluie légère,Sans collision,,,,,,,,,,,5,2,3,2.0,7
201300052716,0013-05-02 08:45:00,13,5,2,8,45,750,112,"88, QUAI DE LA RAPEE",,,Plein jour,En agglomération,Hors intersection,Normale,Deux véhicules - arrière,,,,,,,,,,,1,2,1,1.0,2
201300052717,0013-05-05 12:15:00,13,5,5,12,15,750,112,BOULEVARD DIDEROT,,,Plein jour,En agglomération,Intersection en X,Normale,Deux véhicules - côté,,,,,,,,,,,1,2,2,1.0,3
201300052718,0013-05-07 15:30:00,13,5,7,15,30,750,112,"82, RUE DU FAUBOURG SAIN",,,Plein jour,En agglomération,Hors intersection,Normale,Autre collision,,,,,,,,,,,1,2,1,1.0,6
201300052719,0013-05-07 12:50:00,13,5,7,12,50,750,112,"12, RUE ABEL",,,Plein jour,En agglomération,Intersection en Y,Normale,Autre collision,,,,,,,,,,,1,2,4,1.0,6
201300052720,0013-05-09 13:00:00,13,5,9,13,0,750,112,"40, AVENUE DAUMESNIL",,,Plein jour,En agglomération,Intersection en X,Normale,Autre collision,,,,,,,,,,,1,2,2,1.0,6
201300052721,0013-05-10 17:30:00,13,5,10,17,30,750,112,AVENUE DAUMESNIL,,,Plein jour,En agglomération,Place,Normale,Autre collision,,,,,,,,,,,1,2,7,1.0,6
201300052722,0013-05-10 23:40:00,13,5,10,23,40,750,112,"135, AVENUE DAUMESNIL",,,Nuit avec éclairage allumé,En agglomération,Hors intersection,Normale,Autre collision,,,,,,,,,,,5,2,1,1.0,6
201300052723,0013-05-12 16:00:00,13,5,12,16,0,750,112,"1, ROUTE DE BOURDON",,,Plein jour,En agglomération,Place,Normale,Deux véhicules - arrière,,,,,,,,,,,1,2,7,1.0,2
201300052724,0013-05-13 16:50:00,13,5,13,16,50,750,112,"280, RUE DU FAUBOURG SAI",,,Plein jour,En agglomération,Place,Normale,Autre collision,,,,,,,,,,,1,2,7,1.0,6
201300052725,0013-05-14 01:15:00,13,5,14,1,15,750,104,PLACE DE LA BASTILLE,,,Nuit avec éclairage allumé,En agglomération,Place,Normale,Deux véhicules - côté,,,,,,,,,,,5,2,7,1.0,3
201300052726,0013-05-14 21:15:00,13,5,14,21,15,750,112,AVENUE DAUMESNIL,,,Crépuscule ou aube,En agglomération,Intersection en X,Normale,Deux véhicules - arrière,,,,,,,,,,,2,2,2,1.0,2
201300052727,0013-05-15 07:20:00,13,5,15,7,20,750,104,PLACE DE LA BASTILLE,,,Plein jour,En agglomération,Place,Pluie légère,Autre collision,,,,,,,,,,,1,2,7,2.0,6
201300052728,0013-05-16 06:00:00,13,5,16,6,0,750,112,"10, RUE DE DIJON",,,Crépuscule ou aube,En agglomération,Intersection en X,Pluie légère,Deux véhicules - côté,,,,,,,,,,,2,2,2,2.0,3
201300052729,0013-05-16 19:00:00,13,5,16,19,0,750,112,PONT D AUSTERLITZ,,,Plein jour,En agglomération,Hors intersection,Normale,Autre collision,,,,,,,,,,,1,2,1,1.0,6
201300052730,0013-05-18 07:15:00,13,5,18,7,15,750,112,"78, QUAI DE LA RAPEE",,,Plein jour,En agglomération,Hors intersection,Normale,Autre collision,,,,,,,,,,,1,2,1,1.0,6
201300052731,0013-05-19 02:07:00,13,5,19,2,7,750,112,BOULEVARD PONIATOWSKI,,,Nuit avec éclairage allumé,En agglomération,Intersection à plus de 4 branches,Normale,Deux véhicules - côté,,,,,,,,,,,5,2,5,1.0,3
201300052732,0013-05-22 11:00:00,13,5,22,11,0,750,112,"4bis, RUE DE LYON",,,Plein jour,En agglomération,Intersection à plus de 4 branches,Temps éblouissant,Autre collision,,,,,,,,,,,1,2,5,7.0,6
201300052733,0013-05-22 13:00:00,13,5,22,13,0,750,112,"55, AVENUE DAUMESNIL",,,Plein jour,En agglomération,Intersection en T,Normale,Autre collision,,,,,,,,,,,1,2,3,1.0,6
201300052734,0013-05-23 07:15:00,13,5,23,7,15,750,112,"31, RUE BARON LE ROY",,,Plein jour,En agglomération,Intersection en T,Normale,Deux véhicules - côté,,,,,,,,,,,1,2,3,1.0,3
201300052735,0013-05-24 08:10:00,13,5,24,8,10,750,112,ROUTE DE LA PYRAMIDE,,,Plein jour,En agglomération,Place,Normale,Deux véhicules - côté,,,,,,,,,,,1,2,7,1.0,3
201300052736,0013-05-25 01:05:00,13,5,25,1,5,750,112,"4, PLACE DE LA NATION",,,Nuit avec éclairage allumé,En agglomération,Place,Normale,Sans collision,,,,,,,,,,,5,2,7,1.0,7
201300052737,0013-05-25 23:00:00,13,5,25,23,0,750,112,"8, AVENUE DORIAN",,,Nuit avec éclairage allumé,En agglomération,Hors intersection,Normale,Deux véhicules - côté,,,,,,,,,,,5,2,1,1.0,3
201300052738,0013-05-26 09:00:00,13,5,26,9,0,750,112,"102, QUAI DE LA RAPEE",,,Plein jour,En agglomération,Intersection en Y,Normale,Deux véhicules - côté,,,,,,,,,,,1,2,4,1.0,3
201300052739,0013-05-27 01:05:00,13,5,27,1,5,750,112,AVENUE DAUMESNIL,,,Nuit avec éclairage allumé,En agglomération,Hors intersection,Normale,Autre collision,,,,,,,,,,,5,2,1,1.0,6
201300052740,0013-05-27 11:00:00,13,5,27,11,0,750,111,"6, RUE RAMPON",,,Plein jour,En agglomération,Intersection en X,Normale,Deux véhicules - côté,,,,,,,,,,,1,2,2,1.0,3
201300052741,0013-05-29 13:00:00,13,5,29,13,0,750,112,"60, COURS DE VINCENNES",,,Plein jour,En agglomération,Hors intersection,Normale,Autre collision,,,,,,,,,,,1,2,1,1.0,6
201300052742,0013-05-29 22:15:00,13,5,29,22,15,750,112,"124, AVENUE DAUMESNIL",,,Nuit avec éclairage allumé,En agglomération,Hors intersection,Normale,Autre collision,,,,,,,,,,,5,2,1,1.0,6
201300052743,0013-05-27 21:40:00,13,5,27,21,40,750,112,"17, RUE TAINE",,,Nuit avec éclairage allumé,En agglomération,Hors intersection,Normale,Autre collision,,,,,,,,,,,5,2,1,1.0,6
201300052744,0013-05-31 11:10:00,13,5,31,11,10,750,112,PLACE DE LA BASTILLE,,,Plein jour,En agglomération,Hors intersection,Normale,Deux véhicules - côté,,,,,,,,,,,1,2,1,1.0,3
201300052745,0013-06-01 10:00:00,13,6,1,10,0,750,112,ROUTE ROYALE DE BEAUTE,,,Plein jour,En agglomération,Hors intersection,Normale,Deux véhicules - côté,,,,,,,,,,,1,2,1,1.0,3
201300052746,0013-06-02 18:00:00,13,6,2,18,0,750,112,ROUTE DE LA DEMI LUNE,,,Plein jour,En agglomération,Hors intersection,Normale,Deux véhicules - frontale,,,,,,,,,,,1,2,1,1.0,1
201300052747,0013-06-03 07:45:00,13,6,3,7,45,750,112,"02, PLACE DE LA NATION",,,Plein jour,En agglomération,Place,Normale,Autre collision,,,,,,,,,,,1,2,7,1.0,6
201300052748,0013-06-03 10:00:00,13,6,3,10,0,750,112,AVENUE DAUMESNIL,,,Plein jour,En agglomération,Intersection en Y,Normale,Deux véhicules - côté,,,,,,,,,,,1,2,4,1.0,3
201300052749,0013-06-04 07:25:00,13,6,4,7,25,750,112,ROUTE DE LA PYRAMIDE,,,Crépuscule ou aube,En agglomération,Hors intersection,Normale,Deux véhicules - frontale,,,,,,,,,,,2,2,1,1.0,1
201300052750,0013-06-04 11:55:00,13,6,4,11,55,750,112,"20, RUE CHARLES BAUDELAI",,,Plein jour,En agglomération,Intersection en X,Normale,Autre collision,,,,,,,,,,,1,2,2,1.0,6
201300052751,0013-06-05 12:25:00,13,6,5,12,25,750,112,"20, PLACE DE LA NATION",,,Plein jour,En agglomération,Place,Normale,Autre collision,,,,,,,,,,,1,2,7,1.0,6
201300052752,0013-06-06 10:30:00,13,6,6,10,30,750,112,ROUTE DE CEINTURE DU LAC,,,Plein jour,En agglomération,Place,Normale,Deux véhicules - côté,,,,,,,,,,,1,2,7,1.0,3
201300052753,0013-06-06 17:30:00,13,6,6,17,30,750,112,AVENUE DE GRAVELLE,,,Plein jour,En agglomération,Hors intersection,Normale,Autre collision,,,,,,,,,,,1,2,1,1.0,6
201300052754,0013-06-08 01:20:00,13,6,8,1,20,750,112,"26, RUE CHALIGNY",,,Nuit avec éclairage allumé,En agglomération,Intersection en X,Normale,Autre collision,,,,,,,,,,,5,2,2,1.0,6
201300052755,0013-06-08 21:50:00,13,6,8,21,50,750,112,"132, BOULEVARD DIDEROT",,,Nuit avec éclairage allumé,En agglomération,Intersection en X,Normale,Deux véhicules - côté,,,,,,,,,,,5,2,2,1.0,3
201300052756,0013-06-10 08:30:00,13,6,10,8,30,750,112,BOULEVARD DE LA GUYANE,,,Plein jour,En agglomération,Hors intersection,Temps couvert,Deux véhicules - côté,,,,,,,,,,,1,2,1,8.0,3
201300052757,0013-06-12 11:05:00,13,6,12,11,5,750,112,"51, BOULEVARD DIDEROT",,,Plein jour,En agglomération,Intersection en X,Normale,Deux véhicules - côté,,,,,,,,,,,1,2,2,1.0,3
201300052758,0013-06-12 19:40:00,13,6,12,19,40,750,112,BOULEVARD PERIPHERIQUE,,,Crépuscule ou aube,En agglomération,Hors intersection,Normale,Deux véhicules - côté,,,,,,,,,,,2,2,1,1.0,3
201300052759,0013-06-13 11:40:00,13,6,13,11,40,750,112,"85, BOULEVARD DIDEROT",,,Plein jour,En agglomération,Hors intersection,Normale,Deux véhicules - côté,,,,,,,,,,,1,2,1,1.0,3
201300052760,0013-06-13 20:30:00,13,6,13,20,30,750,112,BOULEVARD DIDEROT,,,Crépuscule ou aube,En agglomération,Intersection en X,Normale,Deux véhicules - côté,,,,,,,,,,,2,2,2,1.0,3
201300052761,0013-06-14 13:32:00,13,6,14,13,32,750,112,"30, RUE CLAUDE DECAEN",,,Plein jour,En agglomération,Hors intersection,Normale,Autre collision,,,,,,,,,,,1,2,1,1.0,6
201300052762,0013-06-15 12:30:00,13,6,15,12,30,750,112,AVENUE DAUMESNIL,,,Plein jour,En agglomération,Hors intersection,Normale,Sans collision,,,,,,,,,,,1,2,1,1.0,7
201300052763,0013-06-16 16:25:00,13,6,16,16,25,750,112,"3, RUE RONDELET",,,Plein jour,En agglomération,Hors intersection,Normale,Autre collision,,,,,,,,,,,1,2,1,1.0,6
201300052764,0013-06-18 09:40:00,13,6,18,9,40,750,112,"125, RUE DE REUILLY",,,Plein jour,En agglomération,Hors intersection,Normale,Autre collision,,,,,,,,,,,1,2,1,1.0,6
201300052765,0013-06-18 17:35:00,13,6,18,17,35,750,112,QUAI DE BERCY,,,Plein jour,En agglomération,Hors intersection,Normale,Deux véhicules - frontale,,,,,,,,,,,1,2,1,1.0,1
201300052766,0013-06-19 09:05:00,13,6,19,9,5,750,112,"52, RUE DE WATTIGNIES",,,Plein jour,En agglomération,Intersection en T,Pluie légère,Autre collision,,,,,,,,,,,1,2,3,2.0,6
201300052767,0013-06-19 09:20:00,13,6,19,9,20,750,112,AVENUE DE SAINT MANDE,,,Plein jour,En agglomération,Intersection en X,Normale,Deux véhicules - frontale,,,,,,,,,,,1,2,2,1.0,1
201300052768,0013-06-19 14:20:00,13,6,19,14,20,750,112,PONT D AUSTERLITZ,,,Plein jour,En agglomération,Hors intersection,Normale,Deux véhicules - arrière,,,,,,,,,,,1,2,1,1.0,2
201300052769,0013-06-19 21:00:00,13,6,19,21,0,750,112,"92, QUAI DE BERCY",,,Plein jour,En agglomération,Intersection en X,Normale,Autre collision,,,,,,,,,,,1,2,2,1.0,6
201300052770,0013-06-19 23:50:00,13,6,19,23,50,750,112,RUE DE CHARENTON,,,Nuit avec éclairage allumé,En agglomération,Intersection en T,Normale,Deux véhicules - frontale,,,,,,,,,,,5,2,3,1.0,1
201300052771,0013-06-20 09:50:00,13,6,20,9,50,750,112,"11, RUE DE WATTIGNIES",,,Plein jour,En agglomération,Hors intersection,Normale,Sans collision,,,,,,,,,,,1,2,1,1.0,7
201300052772,0013-06-21 17:10:00,13,6,21,17,10,750,112,RUE VAN GOGH,,,Plein jour,En agglomération,Hors intersection,Normale,Trois véhicules et plus - collisions multiples,,,,,,,,,,,1,2,1,1.0,5
201300052773,0013-06-24 16:30:00,13,6,24,16,30,750,112,RUE DE LYON,,,Plein jour,En agglomération,Hors intersection,Normale,Autre collision,,,,,,,,,,,1,2,1,1.0,6
201300052774,0013-06-26 11:25:00,13,6,26,11,25,750,112,"13, AVENUE DAUMESNIL",,,Plein jour,En agglomération,Intersection en X,Normale,Deux véhicules - arrière,,,,,,,,,,,1,2,2,1.0,2
201300052775,0013-06-27 14:45:00,13,6,27,14,45,750,112,"82, COURS DE VINCENNES",,,Plein jour,En agglomération,Hors intersection,Normale,Autre collision,,,,,,,,,,,1,2,1,1.0,6
201300052776,0013-06-27 21:15:00,13,6,27,21,15,750,112,RUE DU FAUBOURG SAINT AN,,,Crépuscule ou aube,En agglomération,Intersection à plus de 4 branches,Normale,Deux véhicules - arrière,,,,,,,,,,,2,2,5,1.0,2
201300052777,0013-06-28 11:40:00,13,6,28,11,40,750,112,"., RUE DE RAMBOUILLET",,,Plein jour,En agglomération,Hors intersection,Pluie légère,Sans collision,,,,,,,,,,,1,2,1,2.0,7
201300052778,0013-07-02 11:00:00,13,7,2,11,0,750,112,"37, RUE DE REUILLY",,,Crépuscule ou aube,En agglomération,Intersection en T,Normale,Deux véhicules - côté,,,,,,,,,,,2,2,3,1.0,3
201300052779,0013-07-03 08:50:00,13,7,3,8,50,750,112,"101, AVENUE DE SAINT MAN",,,Plein jour,En agglomération,Intersection en T,Normale,Autre collision,,,,,,,,,,,1,2,3,1.0,6
201300052780,0013-07-03 20:10:00,13,7,3,20,10,750,112,"128, AVENUE DAUMESNIL",,,Crépuscule ou aube,En agglomération,Intersection en X,Pluie légère,Autre collision,,,,,,,,,,,2,2,2,2.0,6
201300052781,0013-07-05 19:00:00,13,7,5,19,0,750,112,RUE JOSEPH KESSEL,,,Plein jour,En agglomération,Intersection à plus de 4 branches,Normale,Deux véhicules - côté,,,,,,,,,,,1,2,5,1.0,3
201300052782,0013-07-06 05:15:00,13,7,6,5,15,750,112,QUAI DE BERCY,,,Nuit avec éclairage allumé,En agglomération,Hors intersection,Normale,Autre collision,,,,,,,,,,,5,2,1,1.0,6
201300052783,0013-07-07 12:20:00,13,7,7,12,20,750,112,QUAI DE LA RAPEE,,,Plein jour,En agglomération,Hors intersection,Normale,Deux véhicules - côté,,,,,,,,,,,1,2,1,1.0,3
201300052784,0013-07-08 16:00:00,13,7,8,16,0,750,112,BOULEVARD PERIPHERIQUE,,,Plein jour,En agglomération,Hors intersection,Normale,Sans collision,,,,,,,,,,,1,2,1,1.0,7
201300052785,0013-07-09 04:00:00,13,7,9,4,0,750,112,RUE PAUL HENRI GRAUWIN,,,Nuit avec éclairage allumé,En agglomération,Hors intersection,Normale,Autre collision,,,,,,,,,,,5,2,1,1.0,6
201300052786,0013-07-09 06:45:00,13,7,9,6,45,750,112,AVENUE DES CANADIENS,,,Plein jour,En agglomération,Intersection en T,Normale,Trois véhicules et plus - en chaîne,,,,,,,,,,,1,2,3,1.0,4
201300052787,0013-07-10 17:00:00,13,7,10,17,0,750,112,"72-74, QUAI DE LA RAPEE",,,Plein jour,En agglomération,Hors intersection,Normale,Sans collision,,,,,,,,,,,1,2,1,1.0,7
201300052788,0013-07-10 19:30:00,13,7,10,19,30,750,112,ROUTE DES FORTIFICATIONS,,,Plein jour,En agglomération,Hors intersection,Normale,Deux véhicules - côté,,,,,,,,,,,1,2,1,1.0,3
201300052789,0013-07-12 09:50:00,13,7,12,9,50,750,112,QUAI DE BERCY,,,Plein jour,En agglomération,Hors intersection,Normale,Deux véhicules - côté,,,,,,,,,,,1,2,1,1.0,3
201300052790,0013-07-12 18:25:00,13,7,12,18,25,750,112,"68, AVENUE DAUMESNIL",,,Plein jour,En agglomération,Intersection en T,Normale,Autre collision,,,,,,,,,,,1,2,3,1.0,6
201300052791,0013-07-13 08:00:00,13,7,13,8,0,750,112,ROUTE DE LA TOURELLE,,,Plein jour,En agglomération,Intersection en Y,Normale,Deux véhicules - côté,,,,,,,,,,,1,2,4,1.0,3
201300052792,0013-07-15 16:50:00,13,7,15,16,50,750,112,"., AVENUE DE GRAVELLE",,,Plein jour,En agglomération,Intersection en Y,Normale,Deux véhicules - frontale,,,,,,,,,,,1,2,4,1.0,1
201300052793,0013-07-16 13:40:00,13,7,16,13,40,750,112,"40, BOULEVARD DE BERCY",,,Plein jour,En agglomération,Intersection à plus de 4 branches,Normale,Autre collision,,,,,,,,,,,1,2,5,1.0,6
201300052794,0013-07-16 23:15:00,13,7,16,23,15,750,112,BOULEVARD SOULT,,,Nuit sans éclairage public,En agglomération,Intersection en X,Normale,Deux véhicules - côté,,,,,,,,,,,3,2,2,1.0,3
201300052795,0013-07-17 16:35:00,13,7,17,16,35,750,112,"182, RUE DU FAUBOURG SAI",,,Plein jour,En agglomération,Place,Normale,Sans collision,,,,,,,,,,,1,2,7,1.0,7
201300052796,0013-07-18 20:15:00,13,7,18,20,15,750,112,PLACE DE LA NATION,,,Plein jour,En agglomération,Place,Normale,Deux véhicules - côté,,,,,,,,,,,1,2,7,1.0,3
201300052797,0013-07-20 17:45:00,13,7,20,17,45,750,112,"267, AVENUE DAUMESNIL",,,Plein jour,En agglomération,Hors intersection,Normale,Sans collision,,,,,,,,,,,1,2,1,1.0,7
201300052798,0013-07-20 22:30:00,13,7,20,22,30,750,112,RUE DU FAUBOURG SAINT AN,,,Nuit avec éclairage allumé,En agglomération,Intersection en X,Normale,Deux véhicules - côté,,,,,,,,,,,5,2,2,1.0,3
201300052799,0013-07-22 20:15:00,13,7,22,20,15,750,112,"11, RUE TAINE",,,Plein jour,En agglomération,Hors intersection,Normale,Deux véhicules - arrière,,,,,,,,,,,1,2,1,1.0,2
201300052800,0013-07-23 18:50:00,13,7,23,18,50,750,112,"275, RUE DE CHARENTON",,,Plein jour,En agglomération,Hors intersection,Normale,Sans collision,,,,,,,,,,,1,2,1,1.0,7
201300052801,0013-07-24 17:00:00,13,7,24,17,0,750,112,"254, AVENUE DAUMESNIL",,,Plein jour,En agglomération,Hors intersection,Normale,Sans collision,,,,,,,,,,,1,2,1,1.0,7
201300052802,0013-07-24 22:15:00,13,7,24,22,15,750,112,"210, RUE DE CHARENTON",,,Nuit avec éclairage allumé,En agglomération,Intersection en T,Normale,Deux véhicules - arrière,,,,,,,,,,,5,2,3,1.0,2
201300052803,0013-07-25 18:16:00,13,7,25,18,16,750,112,"68, RUE DU FAUBOURG SAIN",,,Plein jour,En agglomération,Hors intersection,Normale,Autre collision,,,,,,,,,,,1,2,1,1.0,6
201300052804,0013-07-25 20:30:00,13,7,25,20,30,750,112,"27, RUE CHALIGNY",,,Plein jour,En agglomération,Hors intersection,Normale,Autre collision,,,,,,,,,,,1,2,1,1.0,6
201300052805,0013-07-27 17:05:00,13,7,27,17,5,750,112,PLACE DE LA NATION,,,Plein jour,En agglomération,Place,Normale,Autre collision,,,,,,,,,,,1,2,7,1.0,6
201300052806,0013-07-28 03:55:00,13,7,28,3,55,750,112,ROUTE DE LA PYRAMIDE,,,Nuit avec éclairage allumé,En agglomération,Place,Normale,Autre collision,,,,,,,,,,,5,2,7,1.0,6
201300052807,0013-07-28 20:49:00,13,7,28,20,49,750,112,PONT D AUSTERLITZ,,,Plein jour,En agglomération,Hors intersection,Normale,Deux véhicules - arrière,,,,,,,,,,,1,2,1,1.0,2
201300052808,0013-07-29 08:30:00,13,7,29,8,30,750,112,RUE DU GENERAL DE LANGLE,,,Plein jour,En agglomération,Intersection en Y,Normale,Deux véhicules - arrière,,,,,,,,,,,1,2,4,1.0,2
201300052809,0013-07-31 18:35:00,13,7,31,18,35,750,112,"48, GARE DE BERCY",,,Plein jour,En agglomération,Intersection en T,Normale,Deux véhicules - frontale,,,,,,,,,,,1,2,3,1.0,1
201300052810,0013-07-31 19:45:00,13,7,31,19,45,750,112,"242, AVENUE DAUMESNIL",,,Plein jour,En agglomération,Hors intersection,Normale,Deux véhicules - côté,,,,,,,,,,,1,2,1,1.0,3
201300052811,0013-07-31 23:40:00,13,7,31,23,40,750,112,PLACE EDOUARD RENARD,,,Nuit avec éclairage allumé,En agglomération,Hors intersection,Normale,Autre collision,,,,,,,,,,,5,2,1,1.0,6
201300052812,0013-08-03 13:20:00,13,8,3,13,20,750,112,"26, PLACE DE LA NATION",,,Plein jour,En agglomération,Place,Normale,Deux véhicules - côté,,,,,,,,,,,1,2,7,1.0,3
201300052813,0013-08-05 12:05:00,13,8,5,12,5,750,112,"12, RUE SIBUET",,,Plein jour,En agglomération,Intersection en T,Normale,Deux véhicules - côté,,,,,,,,,,,1,2,3,1.0,3
201300052814,0013-08-04 19:41:00,13,8,4,19,41,750,112,AVENUE LEDRU ROLLIN,,,Plein jour,En agglomération,Intersection en X,Normale,Sans collision,,,,,,,,,,,1,2,2,1.0,7
201300052815,0013-08-06 13:10:00,13,8,6,13,10,750,112,"15, BOULEVARD CARNOT",,,Plein jour,En agglomération,Intersection à plus de 4 branches,Normale,Autre collision,,,,,,,,,,,1,2,5,1.0,6
201300052816,0013-08-06 15:10:00,13,8,6,15,10,750,112,RUE DE CHARENTON,,,Plein jour,En agglomération,Intersection à plus de 4 branches,Normale,Deux véhicules - côté,,,,,,,,,,,1,2,5,1.0,3
201300052817,0013-08-08 15:25:00,13,8,8,15,25,750,112,"218, AVENUE DAUMESNIL",,,Plein jour,En agglomération,Intersection en T,Normale,Deux véhicules - côté,,,,,,,,,,,1,2,3,1.0,3
201300052818,0013-08-08 16:40:00,13,8,8,16,40,750,112,PLACE DE LA BASTILLE,,,Plein jour,En agglomération,Place,Normale,Deux véhicules - côté,,,,,,,,,,,1,2,7,1.0,3
201300052819,0013-08-08 22:36:00,13,8,8,22,36,750,112,"172, RUE DE CHARENTON",,,Nuit avec éclairage allumé,En agglomération,Intersection en T,Normale,Autre collision,,,,,,,,,,,5,2,3,1.0,6
201300052820,0013-08-10 12:15:00,13,8,10,12,15,750,112,"59, AVENUE LEDRU ROLLIN",,,Plein jour,En agglomération,Hors intersection,Normale,Deux véhicules - côté,,,,,,,,,,,1,2,1,1.0,3
201300052821,0013-08-11 01:30:00,13,8,11,1,30,750,112,"74, RUE DU FAUBOURG SAIN",,,Nuit avec éclairage allumé,En agglomération,Hors intersection,Normale,Autre collision,,,,,,,,,,,5,2,1,1.0,6
201300052822,0013-08-12 06:20:00,13,8,12,6,20,750,112,ROUTE DE LA FERME,,,Crépuscule ou aube,En agglomération,Hors intersection,Normale,Deux véhicules - arrière,,,,,,,,,,,2,2,1,1.0,2
201300052823,0013-08-12 20:40:00,13,8,12,20,40,750,112,"01, PLACE EDOUARD RENARD",,,Plein jour,En agglomération,Place,Normale,Deux véhicules - côté,,,,,,,,,,,1,2,7,1.0,3
201300052824,0013-08-14 16:20:00,13,8,14,16,20,750,112,"210, RUE DE BERCY",,,Plein jour,En agglomération,Intersection à plus de 4 branches,Normale,Deux véhicules - côté,,,,,,,,,,,1,2,5,1.0,3
201300052825,0013-08-15 16:00:00,13,8,15,16,0,750,112,"16, PLACE DE LA NATION",,,Plein jour,En agglomération,Place,Normale,Autre collision,,,,,,,,,,,1,2,7,1.0,6
201300052826,0013-08-17 08:05:00,13,8,17,8,5,750,112,"6, RUE DE LYON",,,Plein jour,En agglomération,Intersection à plus de 4 branches,Normale,Autre collision,,,,,,,,,,,1,2,5,1.0,6
201300052827,0013-08-18 22:20:00,13,8,18,22,20,750,112,"21 ter, BOULEVARD DIDERO",,,Nuit avec éclairage allumé,En agglomération,Intersection en T,Normale,Autre collision,,,,,,,,,,,5,2,3,1.0,6
201300052828,0013-08-19 17:15:00,13,8,19,17,15,750,112,"295, AVENUE DAUMESNIL",,,Plein jour,En agglomération,Intersection en Y,Normale,Deux véhicules - arrière,,,,,,,,,,,1,2,4,1.0,2
201300052829,0013-08-21 20:25:00,13,8,21,20,25,750,112,RUE DU RENDEZ VOUS,,,Plein jour,En agglomération,Intersection en X,Normale,Deux véhicules - arrière,,,,,,,,,,,1,2,2,1.0,2
201300052830,0013-08-22 15:20:00,13,8,22,15,20,750,112,"307, RUE DE CHARENTON",,,Plein jour,En agglomération,Hors intersection,Normale,Deux véhicules - frontale,,,,,,,,,,,1,2,1,1.0,1
201300052831,0013-08-23 16:05:00,13,8,23,16,5,750,112,RUE CHRISTIAN DEWET,,,Plein jour,En agglomération,Hors intersection,Normale,Autre collision,,,,,,,,,,,1,2,1,1.0,6
201300052832,0013-08-25 00:45:00,13,8,25,0,45,750,112,AVENUE DAUMESNIL,,,Nuit avec éclairage allumé,En agglomération,Place,Pluie légère,Deux véhicules - arrière,,,,,,,,,,,5,2,7,2.0,2