accident_id,datetime,annee,mois,jour,heure,minute,departement,commune_insee,adresse,latitude,longitude,luminosite,agglomeration,intersection,meteo,collision,nb_vehicules,nb_usagers,nb_indemnes,nb_tues,nb_blesses_hosp,nb_blesses_legers,age_cond_1,age_cond_2,veh_type_cond_1,veh_type_cond_2,lum_code,agg_code,int_code,atm_code,col_code
201300052960,0013-11-28 04:20:00,13,11,28,4,20,750,112,BOULEVARD DE BERCY,,,Nuit avec éclairage allumé,En agglomération,Hors intersection,Normale,Autre collision,,,,,,,,,,,5,2,1,1.0,6
201300052961,0013-11-28 09:05:00,13,11,28,9,5,750,112,AVENUE DAUMESNIL,,,Plein jour,En agglomération,Intersection en T,Normale,Deux véhicules - arrière,,,,,,,,,,,1,2,3,1.0,2
201300052962,0013-11-29 00:20:00,13,11,29,0,20,750,112,"190, RUE DE BERCY",,,Nuit avec éclairage allumé,En agglomération,Intersection en T,Normale,Autre collision,,,,,,,,,,,5,2,3,1.0,6
201300052963,0013-11-29 19:15:00,13,11,29,19,15,750,112,"24, BOULEVARD DE LA BAST",,,Nuit avec éclairage allumé,En agglomération,Intersection en T,Normale,Autre collision,,,,,,,,,,,5,2,3,1.0,6
201300052964,0013-11-29 19:15:00,13,11,29,19,15,750,112,BOULEVARD DIDEROT,,,Nuit avec éclairage allumé,En agglomération,Intersection en X,Normale,Autre collision,,,,,,,,,,,5,2,2,1.0,6
201300052965,0013-11-30 09:30:00,13,11,30,9,30,750,112,"18, AVENUE DE LA PORTE D",,,Plein jour,En agglomération,Hors intersection,Normale,Autre collision,,,,,,,,,,,1,2,1,1.0,6
201300052966,0013-12-01 19:55:00,13,12,1,19,55,750,112,"92, AVENUE DU GENERAL MI",,,Nuit avec éclairage allumé,En agglomération,Intersection en Y,Normale,Autre collision,,,,,,,,,,,5,2,4,1.0,6
201300052967,0013-12-02 12:05:00,13,12,2,12,5,750,112,AVENUE DE JOINVILLE,,,Plein jour,En agglomération,Giratoire,Normale,Deux véhicules - côté,,,,,,,,,,,1,2,6,1.0,3
201300052968,0013-12-02 18:25:00,13,12,2,18,25,750,112,"46, AVENUE DAUMESNIL",,,Nuit avec éclairage allumé,En agglomération,Hors intersection,Normale,Autre collision,,,,,,,,,,,5,2,1,1.0,6
201300052969,0013-12-03 19:10:00,13,12,3,19,10,750,112,AVENUE DE NOGENT,,,Nuit avec éclairage allumé,En agglomération,Hors intersection,Normale,Autre collision,,,,,,,,,,,5,2,1,1.0,6
201300052970,0013-12-03 22:25:00,13,12,3,22,25,750,112,BOULEVARD PONIATOWSKI,,,Nuit avec éclairage allumé,En agglomération,Intersection à plus de 4 branches,Normale,Deux véhicules - côté,,,,,,,,,,,5,2,5,1.0,3
201300052971,0013-12-04 06:45:00,13,12,4,6,45,750,112,"82, RUE DU FAUBOURG SAIN",,,Nuit avec éclairage allumé,En agglomération,Intersection en X,Normale,Deux véhicules - côté,,,,,,,,,,,5,2,2,1.0,3
201300052972,0013-12-05 12:10:00,13,12,5,12,10,750,112,"13, RUE CHALIGNY",,,Plein jour,En agglomération,Hors intersection,Normale,Deux véhicules - arrière,,,,,,,,,,,1,2,1,1.0,2
201300052973,0013-12-05 15:25:00,13,12,5,15,25,750,112,ESPLANADE SAINT LOUIS,,,Plein jour,En agglomération,Place,Normale,Deux véhicules - côté,,,,,,,,,,,1,2,7,1.0,3
201300052974,0013-12-06 10:15:00,13,12,6,10,15,750,112,"88, QUAI DE LA RAPEE",,,Plein jour,En agglomération,Intersection en Y,Normale,Deux véhicules - côté,,,,,,,,,,,1,2,4,1.0,3
201300052975,0013-12-07 00:30:00,13,12,7,0,30,750,112,AVENUE DES MINIMES,,,Nuit avec éclairage allumé,En agglomération,Intersection en T,Normale,Deux véhicules - arrière,,,,,,,,,,,5,2,3,1.0,2
201300052976,0013-12-07 14:15:00,13,12,7,14,15,750,112,"278, AVENUE DAUMESNIL",,,Plein jour,En agglomération,Intersection en X,Normale,Deux véhicules - côté,,,,,,,,,,,1,2,2,1.0,3
201300052977,0013-12-07 14:40:00,13,12,7,14,40,750,112,"2, AVENUE COURTELINE",,,Plein jour,En agglomération,Intersection à plus de 4 branches,Normale,Sans collision,,,,,,,,,,,1,2,5,1.0,7
201300052978,0013-12-08 01:35:00,13,12,8,1,35,750,112,"50, RUE DE CHARENTON",,,Nuit avec éclairage allumé,En agglomération,Intersection en T,Normale,Deux véhicules - arrière,,,,,,,,,,,5,2,3,1.0,2
201300052979,0013-12-11 18:30:00,13,12,11,18,30,750,112,"2, RUE DE RAMBOUILLET",,,Nuit avec éclairage allumé,En agglomération,Intersection en X,Normale,Autre collision,,,,,,,,,,,5,2,2,1.0,6
201300052980,0013-12-13 14:50:00,13,12,13,14,50,750,112,"31, AVENUE DAUMESNIL",,,Plein jour,En agglomération,Hors intersection,Normale,Autre collision,,,,,,,,,,,1,2,1,1.0,6
201300052981,0013-12-13 20:00:00,13,12,13,20,0,750,112,"6, RUE DE LYON",,,Nuit avec éclairage allumé,En agglomération,Intersection en X,Pluie légère,Deux véhicules - côté,,,,,,,,,,,5,2,2,2.0,3
201300052982,0013-12-14 17:15:00,13,12,14,17,15,750,112,"42, AVENUE DE SAINT MAND",,,Nuit avec éclairage allumé,En agglomération,Hors intersection,Normale,Deux véhicules - côté,,,,,,,,,,,5,2,1,1.0,3
201300052983,0013-12-17 15:20:00,13,12,17,15,20,750,112,"20, PLACE DE LA NATION",,,Plein jour,En agglomération,Intersection en X,Normale,Deux véhicules - côté,,,,,,,,,,,1,2,2,1.0,3
201300052984,0013-12-20 04:00:00,13,12,20,4,0,750,112,AVENUE DE GRAVELLE,,,Nuit avec éclairage allumé,En agglomération,Hors intersection,Pluie légère,Sans collision,,,,,,,,,,,5,2,1,2.0,7
201300052985,0013-12-20 17:40:00,13,12,20,17,40,750,112,"88, RUE DE REUILLY",,,Nuit avec éclairage allumé,En agglomération,Hors intersection,Normale,Deux véhicules - côté,,,,,,,,,,,5,2,1,1.0,3
201300052986,0013-12-21 18:00:00,13,12,21,18,0,750,112,"1, RUE DU RENDEZ VOUS",,,Nuit avec éclairage allumé,En agglomération,Hors intersection,Normale,Autre collision,,,,,,,,,,,5,2,1,1.0,6
201300052987,0013-12-25 02:35:00,13,12,25,2,35,750,112,AVENUE DE NOGENT,,,Nuit avec éclairage allumé,En agglomération,Hors intersection,Normale,Sans collision,,,,,,,,,,,5,2,1,1.0,7
201300052988,0013-12-27 23:45:00,13,12,27,23,45,750,112,"1, RUE DE DIJON",,,Nuit avec éclairage allumé,En agglomération,Intersection en X,Pluie légère,Sans collision,,,,,,,,,,,5,2,2,2.0,7
201300052989,0013-12-28 01:25:00,13,12,28,1,25,750,112,PLACE DE LA NATION,,,Nuit avec éclairage allumé,En agglomération,Place,Pluie légère,Deux véhicules - côté,,,,,,,,,,,5,2,7,2.0,3
201300052990,0013-12-30 16:30:00,13,12,30,16,30,750,112,ROUTE DE LA PYRAMIDE,,,Nuit avec éclairage allumé,En agglomération,Place,Pluie légère,Autre collision,,,,,,,,,,,5,2,7,2.0,6
201300052991,0013-01-02 08:30:00,13,1,2,8,30,750,113,"2, BOULEVARD KELLERMANN",,,Plein jour,En agglomération,Intersection à plus de 4 branches,Normale,Deux véhicules - côté,,,,,,,,,,,1,2,5,1.0,3
201300052992,0013-01-02 14:30:00,13,1,2,14,30,750,113,"30, PLACE D ITALIE",,,Plein jour,En agglomération,Place,Normale,Deux véhicules - arrière,,,,,,,,,,,1,2,7,1.0,2
201300052993,0013-01-02 19:30:00,13,1,2,19,30,750,113,PORTE D ITALIE,,,Plein jour,En agglomération,Place,Normale,Deux véhicules - côté,,,,,,,,,,,1,2,7,1.0,3
201300052994,0013-01-03 18:20:00,13,1,3,18,20,750,113,"104, AVENUE D ITALIE",,,Nuit avec éclairage allumé,En agglomération,Intersection en T,Normale,Autre collision,,,,,,,,,,,5,2,3,1.0,6
201300052995,0013-01-05 08:05:00,13,1,5,8,5,750,113,"80, AVENUE D ITALIE",,,Plein jour,En agglomération,Intersection en X,Normale,Deux véhicules - côté,,,,,,,,,,,1,2,2,1.0,3
201300052996,0013-01-05 15:57:00,13,1,5,15,57,750,113,"37-39, RUE DES PEUPLIERS",,,Plein jour,En agglomération,Intersection en T,Normale,Autre collision,,,,,,,,,,,1,2,3,1.0,6
201300052997,0013-01-06 18:05:00,13,1,6,18,5,750,113,BOULEVARD MASSENA,,,Nuit avec éclairage allumé,En agglomération,Intersection à plus de 4 branches,Normale,Sans collision,,,,,,,,,,,5,2,5,1.0,7
201300052998,0013-01-08 17:30:00,13,1,8,17,30,750,113,"1, PLACE PORT AU PRINCE",,,Nuit avec éclairage allumé,En agglomération,Place,Normale,Autre collision,,,,,,,,,,,5,2,7,1.0,6
201300052999,0013-01-09 13:40:00,13,1,9,13,40,750,113,"72, AVENUE DES GOBELINS",,,Plein jour,En agglomération,Hors intersection,Normale,Autre collision,,,,,,,,,,,1,2,1,1.0,6
201300053000,0013-01-10 15:21:00,13,1,10,15,21,750,113,"63, BOULEVARD KELLERMANN",,,Plein jour,En agglomération,Intersection en X,Pluie légère,Autre collision,,,,,,,,,,,1,2,2,2.0,6
201300053001,0013-01-10 18:50:00,13,1,10,18,50,750,113,"77, AVENUE D ITALIE",,,Nuit avec éclairage allumé,En agglomération,Hors intersection,Pluie légère,Deux véhicules - arrière,,,,,,,,,,,5,2,1,2.0,2
201300053002,0013-01-10 19:30:00,13,1,10,19,30,750,113,"8, BOULEVARD AUGUSTE BLA",,,Nuit avec éclairage allumé,En agglomération,Intersection à plus de 4 branches,Pluie légère,Deux véhicules - côté,,,,,,,,,,,5,2,5,2.0,3
201300053003,0013-01-11 11:35:00,13,1,11,11,35,750,113,"10, RUE DE TOLBIAC",,,Plein jour,En agglomération,Intersection en X,Normale,Autre collision,,,,,,,,,,,1,2,2,1.0,6
201300053004,0013-01-13 18:40:00,13,1,13,18,40,750,113,"47, RUE DE TOLBIAC",,,Nuit avec éclairage allumé,En agglomération,Intersection à plus de 4 branches,Pluie forte,Autre collision,,,,,,,,,,,5,2,5,3.0,6
201300053005,0013-01-15 06:32:00,13,1,15,6,32,750,113,BOULEVARD SAINT MARCEL,,,Nuit avec éclairage allumé,En agglomération,Intersection à plus de 4 branches,Normale,Deux véhicules - côté,,,,,,,,,,,5,2,5,1.0,3
201300053006,0013-01-15 21:45:00,13,1,15,21,45,750,113,"36, RUE DU MOULIN DE LA",,,Nuit avec éclairage allumé,En agglomération,Intersection en X,Pluie légère,Autre collision,,,,,,,,,,,5,2,2,2.0,6
201300053007,0013-01-16 14:50:00,13,1,16,14,50,750,113,QUAI FRANCOIS MAURIAC,,,Plein jour,En agglomération,Intersection en X,Normale,Autre collision,,,,,,,,,,,1,2,2,1.0,6
201300053008,0013-01-16 18:15:00,13,1,16,18,15,750,113,BOULEVARD MASSENA,,,Nuit avec éclairage allumé,En agglomération,Intersection en Y,Normale,Autre collision,,,,,,,,,,,5,2,4,1.0,6
201300053009,0013-01-17 15:35:00,13,1,17,15,35,750,113,"100, BOULEVARD AUGUSTE B",,,Plein jour,En agglomération,Intersection à plus de 4 branches,Normale,Deux véhicules - côté,,,,,,,,,,,1,2,5,1.0,3
201300053010,0013-01-17 16:45:00,13,1,17,16,45,750,113,"42, RUE DES PEUPLIERS",,,Crépuscule ou aube,En agglomération,Intersection en Y,Normale,Autre collision,,,,,,,,,,,2,2,4,1.0,6
201300053011,0013-01-23 13:55:00,13,1,23,13,55,750,113,"24, RUE HENRI PAPE",,,Plein jour,En agglomération,Hors intersection,Normale,Deux véhicules - arrière,,,,,,,,,,,1,2,1,1.0,2
201300053012,0013-01-23 18:00:00,13,1,23,18,0,750,113,RUE JEANNE D ARC,,,Nuit avec éclairage allumé,En agglomération,Intersection en T,Autre,Autre collision,,,,,,,,,,,5,2,3,9.0,6
201300053013,0013-01-25 09:00:00,13,1,25,9,0,750,113,"91, RUE BARRAULT",,,Plein jour,En agglomération,Hors intersection,Normale,Deux véhicules - côté,,,,,,,,,,,1,2,1,1.0,3
201300053014,0013-01-28 08:50:00,13,1,28,8,50,750,113,"61, BOULEVARD VINCENT AU",,,Plein jour,En agglomération,Intersection en T,Normale,Deux véhicules - côté,,,,,,,,,,,1,2,3,1.0,3
201300053015,0013-01-28 08:50:00,13,1,28,8,50,750,113,"135, AVENUE D ITALIE",,,Plein jour,En agglomération,Hors intersection,Normale,Trois véhicules et plus - en chaîne,,,,,,,,,,,1,2,1,1.0,4
201300053016,0013-01-29 16:00:00,13,1,29,16,0,750,113,"61, BOULEVARD VINCENT AU",,,Plein jour,En agglomération,Intersection en T,Pluie légère,Deux véhicules - arrière,,,,,,,,,,,1,2,3,2.0,2
201300053017,0013-01-30 16:50:00,13,1,30,16,50,750,113,"161, RUE DE TOLBIAC",,,Plein jour,En agglomération,Intersection en X,Normale,Autre collision,,,,,,,,,,,1,2,2,1.0,6
201300053018,0013-01-31 07:45:00,13,1,31,7,45,750,113,"140, RUE DE TOLBIAC",,,Crépuscule ou aube,En agglomération,Intersection en X,Normale,Autre collision,,,,,,,,,,,2,2,2,1.0,6
201300053019,0013-01-31 19:40:00,13,1,31,19,40,750,113,"65, RUE DE L AMIRAL MOUC",,,Nuit avec éclairage allumé,En agglomération,Intersection à plus de 4 branches,Normale,Sans collision,,,,,,,,,,,5,2,5,1.0,7
201300053020,0013-02-01 07:40:00,13,2,1,7,40,750,113,"68, BOULEVARD ARAGO",,,Nuit avec éclairage allumé,En agglomération,Hors intersection,Pluie légère,Autre collision,,,,,,,,,,,5,2,1,2.0,6
201300053021,0013-02-01 10:45:00,13,2,1,10,45,750,113,"169, BOULEVARD DE L HOPI",,,Plein jour,En agglomération,Hors intersection,Pluie légère,Autre collision,,,,,,,,,,,1,2,1,2.0,6
201300053022,0013-02-02 19:10:00,13,2,2,19,10,750,113,RUE REGNAULT,,,Nuit avec éclairage allumé,En agglomération,Intersection en X,Pluie légère,Autre collision,,,,,,,,,,,5,2,2,2.0,6
201300053023,0013-02-03 13:10:00,13,2,3,13,10,750,113,"110, RUE JEANNE D ARC",,,Plein jour,En agglomération,Hors intersection,Normale,Deux véhicules - côté,,,,,,,,,,,1,2,1,1.0,3
201300053024,0013-02-04 13:00:00,13,2,4,13,0,750,113,"26, RUE REGNAULT",,,Plein jour,En agglomération,Hors intersection,Temps couvert,Autre collision,,,,,,,,,,,1,2,1,8.0,6
201300053025,0013-02-04 14:50:00,13,2,4,14,50,750,113,"7 bis, BOULEVARD DE L HO",,,Plein jour,En agglomération,Intersection en T,Normale,Autre collision,,,,,,,,,,,1,2,3,1.0,6
201300053026,0013-02-05 08:20:00,13,2,5,8,20,750,113,"35, RUE LOUISE WEISS",,,Plein jour,En agglomération,Hors intersection,Normale,Deux véhicules - côté,,,,,,,,,,,1,2,1,1.0,3
201300053027,0013-02-05 12:05:00,13,2,5,12,5,750,113,"28, RUE DU DESSOUS DES B",,,Plein jour,En agglomération,Intersection à plus de 4 branches,Normale,Autre collision,,,,,,,,,,,1,2,5,1.0,6
201300053028,0013-02-06 09:50:00,13,2,6,9,50,750,113,"01, BOULEVARD DE L HOPIT",,,Plein jour,En agglomération,Place,Pluie légère,Autre collision,,,,,,,,,,,1,2,7,2.0,6
201300053029,0013-02-07 08:40:00,13,2,7,8,40,750,113,"55, RUE BAUDRICOURT",,,Plein jour,En agglomération,Hors intersection,Normale,Autre collision,,,,,,,,,,,1,2,1,1.0,6
201300053030,0013-02-07 19:40:00,13,2,7,19,40,750,113,RUE DE LA POTERNE DES PE,,,Nuit avec éclairage allumé,En agglomération,Intersection en X,Normale,Deux véhicules - frontale,,,,,,,,,,,5,2,2,1.0,1
201300053031,0013-02-08 13:00:00,13,2,8,13,0,750,113,BOULEVARD DE L HOPITAL,,,Plein jour,En agglomération,Intersection en X,Normale,Autre collision,,,,,,,,,,,1,2,2,1.0,6
201300053032,0013-02-09 07:10:00,13,2,9,7,10,750,113,"36, QUAI D AUSTERLITZ",,,Nuit avec éclairage allumé,En agglomération,Hors intersection,Pluie légère,Autre collision,,,,,,,,,,,5,2,1,2.0,6
201300053033,0013-02-10 00:01:00,13,2,10,0,1,750,113,"100, BOULEVARD MASSENA",,,Nuit avec éclairage allumé,En agglomération,Hors intersection,Normale,Sans collision,,,,,,,,,,,5,2,1,1.0,7
201300053034,0013-02-11 17:10:00,13,2,11,17,10,750,113,"117, RUE DU CHEVALERET",,,Plein jour,En agglomération,Hors intersection,Normale,Autre collision,,,,,,,,,,,1,2,1,1.0,6
201300053035,0013-02-13 17:00:00,13,2,13,17,0,750,113,"27, AVENUE DE LA PORTE D",,,Plein jour,En agglomération,Intersection en Y,Normale,Autre collision,,,,,,,,,,,1,2,4,1.0,6
201300053036,0013-02-13 18:45:00,13,2,13,18,45,750,113,"6, RUE DE LA POTERNE DES",,,Nuit avec éclairage allumé,En agglomération,Intersection en X,Normale,Autre collision,,,,,,,,,,,5,2,2,1.0,6
201300053037,0013-02-14 10:25:00,13,2,14,10,25,750,113,"73, BOULEVARD MASSENA",,,Plein jour,En agglomération,Hors intersection,Pluie légère,Deux véhicules - arrière,,,,,,,,,,,1,2,1,2.0,2
201300053038,0013-02-15 13:00:00,13,2,15,13,0,750,113,"163, AVENUE D ITALIE",,,Plein jour,En agglomération,Intersection à plus de 4 branches,Normale,Deux véhicules - côté,,,,,,,,,,,1,2,5,1.0,3
201300053039,0013-02-16 02:05:00,13,2,16,2,5,750,113,"9, BOULEVARD DE L HOPITA",,,Nuit avec éclairage allumé,En agglomération,Hors intersection,Normale,Trois véhicules et plus - collisions multiples,,,,,,,,,,,5,2,1,1.0,5
201300053040,0013-02-16 21:25:00,13,2,16,21,25,750,113,"64, AVENUE DES GOBELINS",,,Nuit avec éclairage allumé,En agglomération,Hors intersection,Normale,Autre collision,,,,,,,,,,,5,2,1,1.0,6
201300053041,0013-02-17 06:20:00,13,2,17,6,20,750,113,"50, AVENUE PIERRE MENDES",,,Nuit avec éclairage allumé,En agglomération,Hors intersection,Normale,Autre collision,,,,,,,,,,,5,2,1,1.0,6
201300053042,0013-02-18 21:55:00,13,2,18,21,55,750,113,BOULEVARD KELLERMANN,,,Nuit avec éclairage allumé,En agglomération,Intersection en T,Normale,Autre collision,,,,,,,,,,,5,2,3,1.0,6
201300053043,0013-02-22 10:10:00,13,2,22,10,10,750,113,"42, RUE PASCAL",,,Plein jour,En agglomération,Hors intersection,Normale,Deux véhicules - arrière,,,,,,,,,,,1,2,1,1.0,2
201300053044,0013-02-23 17:05:00,13,2,23,17,5,750,113,"137, AVENUE DE CHOISY",,,Plein jour,En agglomération,Hors intersection,Neige / grêle,Deux véhicules - arrière,,,,,,,,,,,1,2,1,4.0,2
201300053045,0013-02-23 16:55:00,13,2,23,16,55,750,113,"114, BOULEVARD DE L HOPI",,,Plein jour,En agglomération,Hors intersection,Neige / grêle,Deux véhicules - frontale,,,,,,,,,,,1,2,1,4.0,1
201300053046,0013-02-23 23:20:00,13,2,23,23,20,750,113,"185, BOULEVARD VINCENT A",,,Nuit avec éclairage allumé,En agglomération,Hors intersection,Neige / grêle,Sans collision,,,,,,,,,,,5,2,1,4.0,7
201300053047,0013-02-24 20:00:00,13,2,24,20,0,750,113,"100, AVENUE D ITALIE",,,Nuit avec éclairage allumé,En agglomération,Intersection en T,Neige / grêle,Deux véhicules - frontale,,,,,,,,,,,5,2,3,4.0,1
201300053048,0013-02-26 13:40:00,13,2,26,13,40,750,113,"7, BOULEVARD MASSENA",,,Plein jour,En agglomération,Intersection en X,Normale,Deux véhicules - arrière,,,,,,,,,,,1,2,2,1.0,2
201300053049,0013-02-27 11:20:00,13,2,27,11,20,750,113,"12, RUE NEUVE TOLBIAC",,,Plein jour,En agglomération,Intersection en T,Normale,Deux véhicules - côté,,,,,,,,,,,1,2,3,1.0,3
201300053050,0013-02-27 16:25:00,13,2,27,16,25,750,113,"33, RUE VERGNIAUD",,,Plein jour,En agglomération,Hors intersection,Normale,Autre collision,,,,,,,,,,,1,2,1,1.0,6
201300053051,0013-03-01 21:55:00,13,3,1,21,55,750,113,BOULEVARD PERIPHERIQUE,,,Nuit avec éclairage allumé,En agglomération,Hors intersection,Normale,Deux véhicules - côté,,,,,,,,,,,5,2,1,1.0,3
201300053052,0013-03-03 10:10:00,13,3,3,10,10,750,113,"3, PLACE D ITALIE",,,Plein jour,En agglomération,Place,Normale,Deux véhicules - côté,,,,,,,,,,,1,2,7,1.0,3
201300053053,0013-03-08 13:55:00,13,3,8,13,55,750,113,"90, RUE DE TOLBIAC",,,Plein jour,En agglomération,Hors intersection,Pluie légère,Autre collision,,,,,,,,,,,1,2,1,2.0,6
201300053054,0013-03-15 17:56:00,13,3,15,17,56,750,113,"81, BOULEVARD VINCENT AU",,,Plein jour,En agglomération,Intersection en X,Normale,Autre collision,,,,,,,,,,,1,2,2,1.0,6
201300053055,0013-03-17 12:20:00,13,3,17,12,20,750,113,"52, BOULEVARD AUGUSTE BL",,,Plein jour,En agglomération,Intersection en Y,Normale,Autre collision,,,,,,,,,,,1,2,4,1.0,6
201300053056,0013-03-19 15:40:00,13,3,19,15,40,750,113,"120, BOULEVARD VINCENT A",,,Plein jour,En agglomération,Hors intersection,Normale,Sans collision,,,,,,,,,,,1,2,1,1.0,7
201300053057,0013-03-23 13:00:00,13,3,23,13,0,750,113,BOULEVARD PERIPHERIQUE,,,Plein jour,En agglomération,Hors intersection,Temps couvert,Sans collision,,,,,,,,,,,1,2,1,8.0,7
201300053058,0013-03-24 15:10:00,13,3,24,15,10,750,113,"1, RUE DE LA FONTAINE A",,,Plein jour,En agglomération,Hors intersection,Normale,Deux véhicules - arrière,,,,,,,,,,,1,2,1,1.0,2
201300053059,0013-03-25 09:20:00,13,3,25,9,20,750,113,QUAI FRANCOIS MAURIAC,,,Plein jour,En agglomération,Intersection en T,Normale,Deux véhicules - arrière,,,,,,,,,,,1,2,3,1.0,2
201300053060,0013-03-25 16:40:00,13,3,25,16,40,750,113,BOULEVARD SAINT MARCEL,,,Plein jour,En agglomération,Intersection en X,Normale,Autre collision,,,,,,,,,,,1,2,2,1.0,6
201300053061,0013-03-28 15:55:00,13,3,28,15,55,750,113,QUAI D AUSTERLITZ,,,Plein jour,En agglomération,Intersection à plus de 4 branches,Normale,Autre collision,,,,,,,,,,,1,2,5,1.0,6
201300053062,0013-03-29 12:30:00,13,3,29,12,30,750,113,"3, BOULEVARD SAINT MARCE",,,Plein jour,En agglomération,Hors intersection,Normale,Autre collision,,,,,,,,,,,1,2,1,1.0,6
201300053063,0013-03-30 14:10:00,13,3,30,14,10,750,113,"88, RUE JEANNE D ARC",,,Plein jour,En agglomération,Hors intersection,Normale,Deux véhicules - arrière,,,,,,,,,,,1,2,1,1.0,2
201300053064,0013-04-02 01:00:00,13,4,2,1,0,750,113,BOULEVARD PERIPHERIQUE,,,Nuit avec éclairage allumé,En agglomération,Hors intersection,Normale,Autre collision,,,,,,,,,,,5,2,1,1.0,6
201300053065,0013-04-06 03:45:00,13,4,6,3,45,750,113,QUAI D IVRY,,,Nuit avec éclairage allumé,En agglomération,Intersection en X,Normale,Autre collision,,,,,,,,,,,5,2,2,1.0,6
201300053066,0013-04-06 11:50:00,13,4,6,11,50,750,113,"55, AVENUE D ITALIE",,,Plein jour,En agglomération,Intersection en X,Normale,Autre collision,,,,,,,,,,,1,2,2,1.0,6
201300053067,0013-04-07 00:15:00,13,4,7,0,15,750,113,"38, BOULEVARD VINCENT AU",,,Nuit avec éclairage allumé,En agglomération,Hors intersection,Normale,Deux véhicules - arrière,,,,,,,,,,,5,2,1,1.0,2
201300053068,0013-04-07 03:20:00,13,4,7,3,20,750,113,QUAI D AUSTERLITZ,,,Nuit avec éclairage allumé,En agglomération,Hors intersection,Normale,Autre collision,,,,,,,,,,,5,2,1,1.0,6
201300053069,0013-04-09 10:55:00,13,4,9,10,55,750,113,"207, AVENUE DE CHOISY",,,Plein jour,En agglomération,Hors intersection,Normale,Autre collision,,,,,,,,,,,1,2,1,1.0,6
201300053070,0013-04-09 11:50:00,13,4,9,11,50,750,113,"15, RUE RENE GOSCINNY",,,Plein jour,En agglomération,Hors intersection,Pluie légère,Autre collision,,,,,,,,,,,1,2,1,2.0,6
201300053071,0013-04-11 16:35:00,13,4,11,16,35,750,113,PLACE COLUCHE,,,Plein jour,En agglomération,Intersection à plus de 4 branches,Pluie légère,Autre collision,,,,,,,,,,,1,2,5,2.0,6
201300053072,0013-04-12 15:30:00,13,4,12,15,30,750,113,"2, RUE JEAN BAPTISTE BER",,,Plein jour,En agglomération,Intersection en Y,Pluie forte,Deux véhicules - côté,,,,,,,,,,,1,2,4,3.0,3
201300053073,0013-04-12 15:20:00,13,4,12,15,20,750,113,AVENUE DE LA PORTE D ITA,,,Plein jour,En agglomération,Intersection en X,Pluie légère,Deux véhicules - côté,,,,,,,,,,,1,2,2,2.0,3
201300053074,0013-04-13 19:30:00,13,4,13,19,30,750,113,"60, RUE JEANNE D ARC",,,Plein jour,En agglomération,Hors intersection,Pluie forte,Autre collision,,,,,,,,,,,1,2,1,3.0,6
201300053075,0013-04-16 09:40:00,13,4,16,9,40,750,113,AVENUE DE LA PORTE D ITA,,,Plein jour,En agglomération,Intersection à plus de 4 branches,Normale,Autre collision,,,,,,,,,,,1,2,5,1.0,6
201300053076,0013-04-16 16:10:00,13,4,16,16,10,750,113,"24, RUE HENRI PAPE",,,Plein jour,En agglomération,Hors intersection,Normale,Sans collision,,,,,,,,,,,1,2,1,1.0,7
201300053077,0013-04-17 20:30:00,13,4,17,20,30,750,113,"., PORTE D IVRY",,,Nuit avec éclairage allumé,En agglomération,Hors intersection,Normale,Deux véhicules - côté,,,,,,,,,,,5,2,1,1.0,3
201300053078,0013-04-18 11:45:00,13,4,18,11,45,750,113,"116, BOULEVARD DE L HOPI",,,Plein jour,En agglomération,Hors intersection,Normale,Deux véhicules - arrière,,,,,,,,,,,1,2,1,1.0,2
201300053079,0013-04-18 16:30:00,13,4,18,16,30,750,113,"01, QUAI FRANCOIS MAURIA",,,Plein jour,En agglomération,Intersection en X,Normale,Deux véhicules - frontale,,,,,,,,,,,1,2,2,1.0,1
201300053080,0013-04-19 05:00:00,13,4,19,5,0,750,113,"66, AVENUE DES GOBELINS",,,Nuit avec éclairage allumé,En agglomération,Intersection en X,Normale,Autre collision,,,,,,,,,,,5,2,2,1.0,6
201300053081,0013-04-19 07:25:00,13,4,19,7,25,750,113,"42, BOULEVARD MASSENA",,,Plein jour,En agglomération,Intersection en X,Normale,Autre collision,,,,,,,,,,,1,2,2,1.0,6
201300053082,0013-04-19 17:20:00,13,4,19,17,20,750,113,"87, QUAI DE LA GARE",,,Plein jour,En agglomération,Intersection à plus de 4 branches,Normale,Deux véhicules - côté,,,,,,,,,,,1,2,5,1.0,3
201300053083,0013-04-21 22:45:00,13,4,21,22,45,750,113,"90, BOULEVARD VINCENT AU",,,Nuit avec éclairage allumé,En agglomération,Intersection à plus de 4 branches,Normale,Deux véhicules - côté,,,,,,,,,,,5,2,5,1.0,3
201300053084,0013-04-22 17:30:00,13,4,22,17,30,750,113,"85, RUE BOBILLOT",,,Plein jour,En agglomération,Hors intersection,Normale,Deux véhicules - côté,,,,,,,,,,,1,2,1,1.0,3
201300053085,0013-04-25 23:00:00,13,4,25,23,0,750,113,"14, RUE DU VAL DE MARNE",,,Nuit avec éclairage allumé,En agglomération,Hors intersection,Normale,Autre collision,,,,,,,,,,,5,2,1,1.0,6
201300053086,0013-04-26 15:05:00,13,4,26,15,5,750,113,"39, RUE BRUNESEAU",,,Plein jour,En agglomération,Intersection en Y,Temps couvert,Deux véhicules - côté,,,,,,,,,,,1,2,4,8.0,3