accident_id,datetime,annee,mois,jour,heure,minute,departement,commune_insee,adresse,latitude,longitude,luminosite,agglomeration,intersection,meteo,collision,nb_vehicules,nb_usagers,nb_indemnes,nb_tues,nb_blesses_hosp,nb_blesses_legers,age_cond_1,age_cond_2,veh_type_cond_1,veh_type_cond_2,lum_code,agg_code,int_code,atm_code,col_code
201300053600,0013-11-19 22:00:00,13,11,19,22,0,750,114,"25, RUE JEAN ZAY",,,Nuit avec éclairage allumé,En agglomération,Intersection en X,Pluie légère,Deux véhicules - arrière,,,,,,,,,,,5,2,2,2.0,2
201300053601,0013-11-22 09:15:00,13,11,22,9,15,750,114,"100, BOULEVARD ARAGO",,,Plein jour,En agglomération,Hors intersection,Normale,Deux véhicules - côté,,,,,,,,,,,1,2,1,1.0,3
201300053602,0013-11-25 19:20:00,13,11,25,19,20,750,115,"70, BOULEVARD DU MONTPAR",,,Nuit avec éclairage allumé,En agglomération,Place,Normale,Autre collision,,,,,,,,,,,5,2,7,1.0,6
201300053603,0013-11-26 12:10:00,13,11,26,12,10,750,114,"63, RUE DES PLANTES",,,Plein jour,En agglomération,Hors intersection,Normale,Autre collision,,,,,,,,,,,1,2,1,1.0,6
201300053604,0013-11-27 20:25:00,13,11,27,20,25,750,114,"84, RUE DIDOT",,,Nuit avec éclairage non allumé,En agglomération,Intersection en T,Normale,Deux véhicules - côté,,,,,,,,,,,4,2,3,1.0,3
201300053605,0013-11-28 15:10:00,13,11,28,15,10,750,112,"13, BOULEVARD PONIATOWSK",,,Plein jour,En agglomération,Hors intersection,Normale,Sans collision,,,,,,,,,,,1,2,1,1.0,7
201300053606,0013-11-28 16:20:00,13,11,28,16,20,750,114,"224, AVENUE DU MAINE",,,Crépuscule ou aube,En agglomération,Hors intersection,Pluie légère,Autre collision,,,,,,,,,,,2,2,1,2.0,6
201300053607,0013-11-29 20:32:00,13,11,29,20,32,750,114,"113, RUE D ALESIA",,,Nuit avec éclairage allumé,En agglomération,Intersection en T,Pluie légère,Autre collision,,,,,,,,,,,5,2,3,2.0,6
201300053608,0013-11-30 21:20:00,13,11,30,21,20,750,114,"15, AVENUE DU GENERAL LE",,,Nuit avec éclairage non allumé,En agglomération,Intersection en T,Normale,Autre collision,,,,,,,,,,,4,2,3,1.0,6
201300053609,0013-12-02 17:05:00,13,12,2,17,5,750,114,"61, BOULEVARD SAINT JACQ",,,Nuit avec éclairage allumé,En agglomération,Intersection en X,Normale,Autre collision,,,,,,,,,,,5,2,2,1.0,6
201300053610,0013-12-03 15:15:00,13,12,3,15,15,750,114,"170, RUE D ALESIA",,,Plein jour,En agglomération,Intersection en X,Normale,Autre collision,,,,,,,,,,,1,2,2,1.0,6
201300053611,0013-12-05 10:10:00,13,12,5,10,10,750,114,"63, AVENUE DENFERT ROCHE",,,Plein jour,En agglomération,Intersection en T,Normale,Deux véhicules - arrière,,,,,,,,,,,1,2,3,1.0,2
201300053612,0013-12-06 17:45:00,13,12,6,17,45,750,114,"79, AVENUE DENFERT ROCHE",,,Nuit avec éclairage allumé,En agglomération,Hors intersection,Normale,Autre collision,,,,,,,,,,,5,2,1,1.0,6
201300053613,0013-12-07 13:15:00,13,12,7,13,15,750,114,"134, AVENUE DU GENERAL L",,,Plein jour,En agglomération,Hors intersection,Normale,Autre collision,,,,,,,,,,,1,2,1,1.0,6
201300053614,0013-12-07 23:00:00,13,12,7,23,0,750,114,"7, RUE DESPREZ",,,Nuit avec éclairage allumé,En agglomération,Intersection en X,Normale,Sans collision,,,,,,,,,,,5,2,2,1.0,7
201300053615,0013-12-08 13:35:00,13,12,8,13,35,750,114,BOULEVARD PERIPHERIQUE,,,Plein jour,En agglomération,Hors intersection,Normale,Autre collision,,,,,,,,,,,1,2,1,1.0,6
201300053616,0013-12-10 12:50:00,13,12,10,12,50,750,106,"3, QUAI VOLTAIRE",,,Plein jour,En agglomération,Intersection en T,Normale,Deux véhicules - arrière,,,,,,,,,,,1,2,3,1.0,2
201300053617,0013-12-12 09:25:00,13,12,12,9,25,750,114,"19, RUE D ODESSA",,,Plein jour,En agglomération,Hors intersection,Normale,Deux véhicules - arrière,,,,,,,,,,,1,2,1,1.0,2
201300053618,0013-12-12 11:15:00,13,12,12,11,15,750,114,"102, BOULEVARD ARAGO",,,Plein jour,En agglomération,Hors intersection,Normale,Sans collision,,,,,,,,,,,1,2,1,1.0,7
201300053619,0013-12-12 12:20:00,13,12,12,12,20,750,114,RUE JULIA BARTET,,,Plein jour,En agglomération,Intersection en X,Normale,Deux véhicules - côté,,,,,,,,,,,1,2,2,1.0,3
201300053620,0013-12-14 15:55:00,13,12,14,15,55,750,114,"189, AVENUE DU MAINE",,,Plein jour,En agglomération,Hors intersection,Temps couvert,Autre collision,,,,,,,,,,,1,2,1,8.0,6
201300053621,0013-12-16 20:10:00,13,12,16,20,10,750,114,"25, AVENUE DE LA PORTE D",,,Nuit avec éclairage allumé,En agglomération,Hors intersection,Normale,Sans collision,,,,,,,,,,,5,2,1,1.0,7
201300053622,0013-12-20 16:00:00,13,12,20,16,0,750,114,"1bis, BOULEVARD EDGAR QU",,,Crépuscule ou aube,En agglomération,Intersection en T,Temps éblouissant,Autre collision,,,,,,,,,,,2,2,3,7.0,6
201300053623,0013-12-23 14:40:00,13,12,23,14,40,750,114,"2, RUE POINSOT",,,Plein jour,En agglomération,Intersection en Y,Normale,Autre collision,,,,,,,,,,,1,2,4,1.0,6
201300053624,0013-12-24 08:30:00,13,12,24,8,30,750,114,"8, AVENUE RENE COTY",,,Plein jour,En agglomération,Hors intersection,Pluie légère,Autre collision,,,,,,,,,,,1,2,1,2.0,6
201300053625,0013-12-24 16:00:00,13,12,24,16,0,750,114,"25, RUE DU DEPART",,,Plein jour,En agglomération,Intersection à plus de 4 branches,Pluie forte,Autre collision,,,,,,,,,,,1,2,5,3.0,6
201300053626,0013-12-24 17:47:00,13,12,24,17,47,750,114,"141, AVENUE DU MAINE",,,Nuit avec éclairage allumé,En agglomération,Intersection en T,Pluie légère,Deux véhicules - côté,,,,,,,,,,,5,2,3,2.0,3
201300053627,0013-12-25 02:00:00,13,12,25,2,0,750,114,"133, RUE DE LA SANTE",,,Nuit avec éclairage allumé,En agglomération,Hors intersection,Pluie légère,Autre collision,,,,,,,,,,,5,2,1,2.0,6
201300053628,0013-12-25 20:55:00,13,12,25,20,55,750,114,"121, AVENUE DU GENERAL L",,,Nuit avec éclairage non allumé,En agglomération,Hors intersection,Pluie légère,Deux véhicules - côté,,,,,,,,,,,4,2,1,2.0,3
201300053629,0013-12-31 12:15:00,13,12,31,12,15,750,114,"139, AVENUE DU MAINE",,,Plein jour,En agglomération,Intersection en Y,Pluie légère,Deux véhicules - côté,,,,,,,,,,,1,2,4,2.0,3
201300053630,0013-01-02 16:45:00,13,1,2,16,45,750,115,"35, RUE DE LA CROIX NIVE",,,Plein jour,En agglomération,Intersection en T,Normale,Deux véhicules - côté,,,,,,,,,,,1,2,3,1.0,3
201300053631,0013-01-04 08:00:00,13,1,4,8,0,750,115,"33, RUE LINOIS",,,Nuit avec éclairage allumé,En agglomération,Intersection en X,Normale,Autre collision,,,,,,,,,,,5,2,2,1.0,6
201300053632,0013-01-10 14:00:00,13,1,10,14,0,750,115,"11, AVENUE DU MAINE",,,Plein jour,En agglomération,Intersection en Y,Pluie légère,Sans collision,,,,,,,,,,,1,2,4,2.0,7
201300053633,0013-01-10 15:35:00,13,1,10,15,35,750,115,"3, RUE BALARD",,,Plein jour,En agglomération,Place,Pluie légère,Deux véhicules - arrière,,,,,,,,,,,1,2,7,2.0,2
201300053634,0013-01-11 18:30:00,13,1,11,18,30,750,115,"24-26, RUE LOUIS ARMAND",,,Nuit avec éclairage allumé,En agglomération,Hors intersection,Pluie légère,Sans collision,,,,,,,,,,,5,2,1,2.0,7
201300053635,0013-01-11 19:40:00,13,1,11,19,40,750,115,"21, AVENUE DU MAINE",,,Nuit avec éclairage allumé,En agglomération,Intersection en T,Pluie légère,Deux véhicules - côté,,,,,,,,,,,5,2,3,2.0,3
201300053636,0013-01-13 19:35:00,13,1,13,19,35,750,115,"15, RUE DE LA CONVENTION",,,Nuit sans éclairage public,En agglomération,Hors intersection,Pluie légère,Autre collision,,,,,,,,,,,3,2,1,2.0,6
201300053637,0013-01-16 09:45:00,13,1,16,9,45,750,115,AVENUE DE LA PORTE DE LA,,,Plein jour,En agglomération,Intersection à plus de 4 branches,Neige / grêle,Sans collision,,,,,,,,,,,1,2,5,4.0,7
201300053638,0013-01-16 15:35:00,13,1,16,15,35,750,115,"176, RUE DE LA CONVENTIO",,,Plein jour,En agglomération,Intersection en T,Normale,Autre collision,,,,,,,,,,,1,2,3,1.0,6
201300053639,0013-01-19 07:25:00,13,1,19,7,25,750,115,"230, RUE LECOURBE",,,Nuit avec éclairage allumé,En agglomération,Hors intersection,Neige / grêle,Sans collision,,,,,,,,,,,5,2,1,4.0,7
201300053640,0013-01-22 22:00:00,13,1,22,22,0,750,115,"1, AVENUE DE LA PORTE BR",,,Nuit avec éclairage allumé,En agglomération,Intersection à plus de 4 branches,Pluie légère,Autre collision,,,,,,,,,,,5,2,5,2.0,6
201300053641,0013-01-23 07:50:00,13,1,23,7,50,750,115,"25, RUE DE VOUILLE",,,Crépuscule ou aube,En agglomération,Intersection en X,Normale,Autre collision,,,,,,,,,,,2,2,2,1.0,6
201300053642,0013-01-24 09:50:00,13,1,24,9,50,750,115,"45, AVENUE FELIX FAURE",,,Plein jour,En agglomération,Intersection en X,Normale,Deux véhicules - côté,,,,,,,,,,,1,2,2,1.0,3
201300053643,0013-01-24 15:30:00,13,1,24,15,30,750,115,"35, BOULEVARD DE VAUGIRA",,,Plein jour,En agglomération,Hors intersection,Normale,Autre collision,,,,,,,,,,,1,2,1,1.0,6
201300053644,0013-01-24 18:20:00,13,1,24,18,20,750,115,"165, RUE DE LA CONVENTIO",,,Nuit avec éclairage allumé,En agglomération,Intersection en T,Normale,Autre collision,,,,,,,,,,,5,2,3,1.0,6
201300053645,0013-01-26 05:50:00,13,1,26,5,50,750,115,AVENUE DE SUFFREN,,,Nuit avec éclairage allumé,En agglomération,Intersection en X,Normale,Deux véhicules - côté,,,,,,,,,,,5,2,2,1.0,3
201300053646,0013-01-26 17:53:00,13,1,26,17,53,750,115,"52, AVENUE DE LA MOTTE P",,,Nuit avec éclairage allumé,En agglomération,Hors intersection,Normale,Sans collision,,,,,,,,,,,5,2,1,1.0,7
201300053647,0013-01-27 02:50:00,13,1,27,2,50,750,115,"52, BOULEVARD DE VAUGIRA",,,Nuit avec éclairage allumé,En agglomération,Hors intersection,Normale,Autre collision,,,,,,,,,,,5,2,1,1.0,6
201300053648,0013-01-27 19:15:00,13,1,27,19,15,750,115,"30, RUE DE L EGLISE",,,Nuit avec éclairage allumé,En agglomération,Intersection en X,Normale,Deux véhicules - côté,,,,,,,,,,,5,2,2,1.0,3
201300053649,0013-01-28 15:50:00,13,1,28,15,50,750,115,RUE LACORDAIRE,,,Plein jour,En agglomération,Intersection en X,Normale,Deux véhicules - côté,,,,,,,,,,,1,2,2,1.0,3
201300053650,0013-01-30 01:15:00,13,1,30,1,15,750,115,BOULEVARD GENERAL MARTIA,,,Nuit avec éclairage allumé,En agglomération,Intersection à plus de 4 branches,Pluie légère,Autre collision,,,,,,,,,,,5,2,5,2.0,6
201300053651,0013-01-30 11:50:00,13,1,30,11,50,750,115,RUE LOUIS ARMAND,,,Plein jour,En agglomération,Hors intersection,Pluie forte,Autre collision,,,,,,,,,,,1,2,1,3.0,6
201300053652,0013-01-30 14:45:00,13,1,30,14,45,750,115,"152, RUE DE LA CONVENTIO",,,Plein jour,En agglomération,Intersection à plus de 4 branches,Temps couvert,Sans collision,,,,,,,,,,,1,2,5,8.0,7
201300053653,0013-01-31 12:55:00,13,1,31,12,55,750,115,"14, RUE OLIVIER DE SERRE",,,Plein jour,En agglomération,Intersection en X,Normale,Autre collision,,,,,,,,,,,1,2,2,1.0,6
201300053654,0013-02-02 17:20:00,13,2,2,17,20,750,115,RUE PETEL,,,Nuit sans éclairage public,En agglomération,Intersection en X,Pluie forte,Deux véhicules - côté,,,,,,,,,,,3,2,2,3.0,3
201300053655,0013-02-04 15:25:00,13,2,4,15,25,750,115,"1, RUE BALARD",,,Plein jour,En agglomération,Place,Temps couvert,Deux véhicules - côté,,,,,,,,,,,1,2,7,8.0,3
201300053656,0013-02-04 19:45:00,13,2,4,19,45,750,116,BOULEVARD PERIPHERIQUE I,,,Nuit avec éclairage allumé,En agglomération,Hors intersection,Normale,Deux véhicules - côté,,,,,,,,,,,5,2,1,1.0,3
201300053657,0013-02-07 09:10:00,13,2,7,9,10,750,115,"81, RUE FALGUIERE",,,Plein jour,En agglomération,Hors intersection,Normale,Autre collision,,,,,,,,,,,1,2,1,1.0,6
201300053658,0013-02-10 00:40:00,13,2,10,0,40,750,115,RUE DE VAUGIRARD,,,Nuit avec éclairage allumé,En agglomération,Intersection en X,Normale,Autre collision,,,,,,,,,,,5,2,2,1.0,6
201300053659,0013-02-12 10:30:00,13,2,12,10,30,750,115,"165, RUE DE LA CONVENTIO",,,Plein jour,En agglomération,Hors intersection,Temps couvert,Autre collision,,,,,,,,,,,1,2,1,8.0,6
201300053660,0013-02-13 10:35:00,13,2,13,10,35,750,115,"182, RUE DE LA CONVENTIO",,,Plein jour,En agglomération,Intersection en X,Normale,Autre collision,,,,,,,,,,,1,2,2,1.0,6
201300053661,0013-02-14 19:00:00,13,2,14,19,0,750,115,"352, RUE DE VAUGIRARD",,,Nuit avec éclairage allumé,En agglomération,Intersection en X,Pluie légère,Deux véhicules - côté,,,,,,,,,,,5,2,2,2.0,3
201300053662,0013-02-15 12:55:00,13,2,15,12,55,750,115,"200, RUE LECOURBE",,,Plein jour,En agglomération,Intersection en X,Normale,Deux véhicules - côté,,,,,,,,,,,1,2,2,1.0,3
201300053663,0013-02-15 16:00:00,13,2,15,16,0,750,115,"2, BOULEVARD DE GRENELLE",,,Plein jour,En agglomération,Hors intersection,Normale,Autre collision,,,,,,,,,,,1,2,1,1.0,6
201300053664,0013-02-15 15:40:00,13,2,15,15,40,750,115,"27, AVENUE FELIX FAURE",,,Plein jour,En agglomération,Hors intersection,Normale,Deux véhicules - côté,,,,,,,,,,,1,2,1,1.0,3
201300053665,0013-02-15 14:10:00,13,2,15,14,10,750,115,"32, BOULEVARD DU MONTPAR",,,Plein jour,En agglomération,Intersection en X,Normale,Autre collision,,,,,,,,,,,1,2,2,1.0,6
201300053666,0013-02-18 09:15:00,13,2,18,9,15,750,115,"132, RUE SAINT CHARLES",,,Plein jour,En agglomération,Hors intersection,Normale,Autre collision,,,,,,,,,,,1,2,1,1.0,6
201300053667,0013-02-18 12:30:00,13,2,18,12,30,750,115,RUE DE L AMIRAL ROUSSIN,,,Plein jour,En agglomération,Intersection en X,Normale,Autre collision,,,,,,,,,,,1,2,2,1.0,6
201300053668,0013-02-19 10:25:00,13,2,19,10,25,750,115,"252, RUE DE LA CONVENTIO",,,Plein jour,En agglomération,Intersection à plus de 4 branches,Normale,Autre collision,,,,,,,,,,,1,2,5,1.0,6
201300053669,0013-02-19 15:30:00,13,2,19,15,30,750,115,"154, RUE LECOURBE",,,Plein jour,En agglomération,Intersection en X,Normale,Autre collision,,,,,,,,,,,1,2,2,1.0,6
201300053670,0013-02-21 13:40:00,13,2,21,13,40,750,115,"250, RUE DE VAUGIRARD",,,Plein jour,En agglomération,Hors intersection,Normale,Deux véhicules - côté,,,,,,,,,,,1,2,1,1.0,3
201300053671,0013-02-25 11:05:00,13,2,25,11,5,750,115,"32, RUE DU DOCTEUR FINLA",,,Plein jour,En agglomération,Intersection en X,Normale,Autre collision,,,,,,,,,,,1,2,2,1.0,6
201300053672,0013-02-25 13:10:00,13,2,25,13,10,750,115,"27, BOULEVARD VICTOR",,,Plein jour,En agglomération,Intersection en X,Temps couvert,Deux véhicules - frontale,,,,,,,,,,,1,2,2,8.0,1
201300053673,0013-02-25 19:45:00,13,2,25,19,45,750,115,"347, RUE LECOURBE",,,Nuit avec éclairage allumé,En agglomération,Intersection en X,Pluie légère,Autre collision,,,,,,,,,,,5,2,2,2.0,6
201300053674,0013-03-01 20:40:00,13,3,1,20,40,750,115,"355, RUE LECOURBE",,,Nuit avec éclairage allumé,En agglomération,Hors intersection,Normale,Deux véhicules - côté,,,,,,,,,,,5,2,1,1.0,3
201300053675,0013-03-03 02:15:00,13,3,3,2,15,750,115,RUE DE VOUILLE,,,Nuit avec éclairage allumé,En agglomération,Intersection en X,Normale,Deux véhicules - côté,,,,,,,,,,,5,2,2,1.0,3
201300053676,0013-03-04 08:45:00,13,3,4,8,45,750,115,"33, BOULEVARD DE GRENELL",,,Plein jour,En agglomération,Intersection en X,Normale,Sans collision,,,,,,,,,,,1,2,2,1.0,7
201300053677,0013-03-04 11:58:00,13,3,4,11,58,750,115,BOULEVARD LEFEBVRE,,,Plein jour,En agglomération,Intersection en X,Normale,Deux véhicules - frontale,,,,,,,,,,,1,2,2,1.0,1
201300053678,0013-03-04 13:10:00,13,3,4,13,10,750,115,BOULEVARD DE GRENELLE,,,Plein jour,En agglomération,Intersection en X,Normale,Deux véhicules - arrière,,,,,,,,,,,1,2,2,1.0,2
201300053679,0013-03-05 08:30:00,13,3,5,8,30,750,115,"15, RUE VALENTIN HAUY",,,Plein jour,En agglomération,Hors intersection,Normale,Autre collision,,,,,,,,,,,1,2,1,1.0,6
201300053680,0013-03-05 08:55:00,13,3,5,8,55,750,115,"1, BOULEVARD LEFEBVRE",,,Plein jour,En agglomération,Place,Normale,Autre collision,,,,,,,,,,,1,2,7,1.0,6
201300053681,0013-03-06 17:20:00,13,3,6,17,20,750,115,"195, RUE DE VAUGIRARD",,,Plein jour,En agglomération,Intersection en T,Normale,Autre collision,,,,,,,,,,,1,2,3,1.0,6
201300053682,0013-03-08 12:00:00,13,3,8,12,0,750,115,"51, RUE DU THEATRE",,,Plein jour,En agglomération,Intersection en T,Pluie légère,Autre collision,,,,,,,,,,,1,2,3,2.0,6
201300053683,0013-03-08 19:30:00,13,3,8,19,30,750,115,"68, RUE LECOURBE",,,Nuit avec éclairage allumé,En agglomération,Intersection en T,Pluie légère,Autre collision,,,,,,,,,,,5,2,3,2.0,6
201300053684,0013-03-13 14:20:00,13,3,13,14,20,750,115,"239, RUE SAINT CHARLES",,,Plein jour,En agglomération,Hors intersection,Normale,Autre collision,,,,,,,,,,,1,2,1,1.0,6
201300053685,0013-03-20 11:15:00,13,3,20,11,15,750,115,PLACE DES INSURGES DE VA,,,Plein jour,En agglomération,Intersection en T,Normale,Sans collision,,,,,,,,,,,1,2,3,1.0,7
201300053686,0013-03-21 10:55:00,13,3,21,10,55,750,115,"241, RUE DE LA CROIX NIV",,,Plein jour,En agglomération,Intersection en Y,Normale,Deux véhicules - côté,,,,,,,,,,,1,2,4,1.0,3
201300053687,0013-03-23 21:50:00,13,3,23,21,50,750,115,"1, RUE DE JAVEL",,,Nuit avec éclairage non allumé,En agglomération,Intersection en T,Normale,Deux véhicules - arrière,,,,,,,,,,,4,2,3,1.0,2
201300053688,0013-03-24 00:40:00,13,3,24,0,40,750,115,"232, RUE DE VAUGIRARD",,,Nuit avec éclairage allumé,En agglomération,Intersection en X,Normale,Autre collision,,,,,,,,,,,5,2,2,1.0,6
201300053689,0013-03-25 10:30:00,13,3,25,10,30,750,115,"19, RUE DE L ABBE GROULT",,,Plein jour,En agglomération,Intersection en X,Normale,Deux véhicules - arrière,,,,,,,,,,,1,2,2,1.0,2
201300053690,0013-03-27 11:45:00,13,3,27,11,45,750,115,"08., AVENUE DU MAINE",,,Plein jour,En agglomération,Hors intersection,Normale,Autre collision,,,,,,,,,,,1,2,1,1.0,6
201300053691,0013-03-28 11:35:00,13,3,28,11,35,750,107,"33, QUAI D ORSAY",,,Plein jour,En agglomération,Intersection à plus de 4 branches,Temps couvert,Deux véhicules - côté,,,,,,,,,,,1,2,5,8.0,3
201300053692,0013-03-31 12:55:00,13,3,31,12,55,750,115,"1, RUE LECOURBE",,,Plein jour,En agglomération,Intersection à plus de 4 branches,Normale,Deux véhicules - côté,,,,,,,,,,,1,2,5,1.0,3
201300053693,0013-04-02 18:55:00,13,4,2,18,55,750,107,"36, AVENUE BOSQUET",,,Plein jour,En agglomération,Intersection en X,Normale,Autre collision,,,,,,,,,,,1,2,2,1.0,6
201300053694,0013-04-06 10:30:00,13,4,6,10,30,750,115,"81, RUE DE LA CROIX NIVE",,,Plein jour,En agglomération,Intersection à plus de 4 branches,Normale,Autre collision,,,,,,,,,,,1,2,5,1.0,6
201300053695,0013-04-07 12:20:00,13,4,7,12,20,750,115,"319, RUE DE VAUGIRARD",,,Plein jour,En agglomération,Intersection en X,Normale,Autre collision,,,,,,,,,,,1,2,2,1.0,6
201300053696,0013-04-10 12:40:00,13,4,10,12,40,750,115,"12, RUE PETEL",,,Plein jour,En agglomération,Hors intersection,Normale,Autre collision,,,,,,,,,,,1,2,1,1.0,6
201300053697,0013-04-10 19:30:00,13,4,10,19,30,750,115,RUE DE LA CONVENTION,,,Crépuscule ou aube,En agglomération,Intersection en X,Pluie légère,Deux véhicules - côté,,,,,,,,,,,2,2,2,2.0,3
201300053698,0013-04-11 08:50:00,13,4,11,8,50,750,115,"285, RUE DE VAUGIRARD",,,Plein jour,En agglomération,Hors intersection,Normale,Autre collision,,,,,,,,,,,1,2,1,1.0,6
201300053699,0013-04-11 10:00:00,13,4,11,10,0,750,115,"74, RUE DU THEATRE",,,Plein jour,En agglomération,Hors intersection,Normale,Deux véhicules - arrière,,,,,,,,,,,1,2,1,1.0,2
201300053700,0013-04-12 21:15:00,13,4,12,21,15,750,115,"47, RUE DE LA CONVENTION",,,Nuit sans éclairage public,En agglomération,Intersection en X,Normale,Deux véhicules - côté,,,,,,,,,,,3,2,2,1.0,3
201300053701,0013-04-16 10:15:00,13,4,16,10,15,750,115,"4, RUE ERNEST HEMINGWAY",,,Plein jour,En agglomération,Hors intersection,Normale,Autre collision,,,,,,,,,,,1,2,1,1.0,6
201300053702,0013-04-16 17:25:00,13,4,16,17,25,750,115,"30, BOULEVARD DE VAUGIRA",,,Plein jour,En agglomération,Hors intersection,Normale,Deux véhicules - côté,,,,,,,,,,,1,2,1,1.0,3
201300053703,0013-04-16 22:40:00,13,4,16,22,40,750,115,"87, QUAI ANDRE CITROEN",,,Nuit avec éclairage allumé,En agglomération,Hors intersection,Normale,Autre collision,,,,,,,,,,,5,2,1,1.0,6
201300053704,0013-04-17 17:25:00,13,4,17,17,25,750,115,"02, RUE JACQUES BAUDRY",,,Plein jour,En agglomération,Hors intersection,Normale,Autre collision,,,,,,,,,,,1,2,1,1.0,6
201300053705,0013-04-20 11:35:00,13,4,20,11,35,750,115,"18, BOULEVARD DE GRENELL",,,Plein jour,En agglomération,Hors intersection,Normale,Deux véhicules - côté,,,,,,,,,,,1,2,1,1.0,3
201300053706,0013-04-20 12:10:00,13,4,20,12,10,750,115,"19, AVENUE DU MAINE",,,Plein jour,En agglomération,Hors intersection,Normale,Deux véhicules - côté,,,,,,,,,,,1,2,1,1.0,3
201300053707,0013-04-20 11:30:00,13,4,20,11,30,750,115,"52, AVENUE EMILE ZOLA",,,Plein jour,En agglomération,Intersection en X,Normale,Autre collision,,,,,,,,,,,1,2,2,1.0,6
201300053708,0013-04-21 23:30:00,13,4,21,23,30,750,115,AVENUE DE LA PORTE DE SE,,,Nuit avec éclairage allumé,En agglomération,Hors intersection,Normale,Deux véhicules - arrière,,,,,,,,,,,5,2,1,1.0,2
201300053709,0013-04-22 16:20:00,13,4,22,16,20,750,115,"19, RUE PLUMET",,,Plein jour,En agglomération,Intersection en X,Normale,Deux véhicules - côté,,,,,,,,,,,1,2,2,1.0,3
201300053710,0013-04-22 21:10:00,13,4,22,21,10,750,115,"08, RUE PERIGNON",,,Nuit avec éclairage allumé,En agglomération,Hors intersection,Normale,Autre collision,,,,,,,,,,,5,2,1,1.0,6
201300053711,0013-04-20 22:15:00,13,4,20,22,15,750,115,"50, RUE DE LA CONVENTION",,,Nuit avec éclairage allumé,En agglomération,Intersection en X,Normale,Deux véhicules - côté,,,,,,,,,,,5,2,2,1.0,3
201300053712,0013-04-25 08:50:00,13,4,25,8,50,750,115,"21, RUE LEON LHERMITTE",,,Plein jour,En agglomération,Intersection en X,Normale,Autre collision,,,,,,,,,,,1,2,2,1.0,6
201300053713,0013-04-25 14:15:00,13,4,25,14,15,750,115,"53, QUAI DE GRENELLE",,,Plein jour,En agglomération,Hors intersection,Normale,Autre collision,,,,,,,,,,,1,2,1,1.0,6
201300053714,0013-04-26 12:55:00,13,4,26,12,55,750,115,PLACE CHARLES VALLIN,,,Plein jour,En agglomération,Place,Normale,Deux véhicules - arrière,,,,,,,,,,,1,2,7,1.0,2
201300053715,0013-04-26 17:15:00,13,4,26,17,15,750,115,"197, RUE DE LA CROIX NIV",,,Plein jour,En agglomération,Intersection en X,Pluie légère,Deux véhicules - arrière,,,,,,,,,,,1,2,2,2.0,2
201300053716,0013-05-03 12:15:00,13,5,3,12,15,750,115,"13, RUE NELATON",,,Plein jour,En agglomération,Hors intersection,Normale,Autre collision,,,,,,,,,,,1,2,1,1.0,6
201300053717,0013-05-02 20:15:00,13,5,2,20,15,750,115,"321, RUE LECOURBE",,,Plein jour,En agglomération,Intersection en T,Normale,Deux véhicules - arrière,,,,,,,,,,,1,2,3,1.0,2
201300053718,0013-05-04 13:30:00,13,5,4,13,30,750,115,"105, RUE LECOURBE",,,Plein jour,En agglomération,Intersection à plus de 4 branches,Normale,Deux véhicules - arrière,,,,,,,,,,,1,2,5,1.0,2
201300053719,0013-05-04 22:50:00,13,5,4,22,50,750,115,"50, AVENUE DE LA MOTTE P",,,Nuit avec éclairage allumé,En agglomération,Hors intersection,Normale,Deux véhicules - côté,,,,,,,,,,,5,2,1,1.0,3
201300053720,0013-05-05 12:00:00,13,5,5,12,0,750,115,QUAI ANDRE CITROEN,,,Plein jour,En agglomération,Intersection en T,Normale,Autre collision,,,,,,,,,,,1,2,3,1.0,6
201300053721,0013-05-06 13:20:00,13,5,6,13,20,750,115,"116, BOULEVARD DE GRENEL",,,Plein jour,En agglomération,Hors intersection,Pluie légère,Autre collision,,,,,,,,,,,1,2,1,2.0,6
201300053722,0013-05-07 07:15:00,13,5,7,7,15,750,115,"88, AVENUE DE SUFFREN",,,Plein jour,En agglomération,Intersection en Y,Normale,Autre collision,,,,,,,,,,,1,2,4,1.0,6
201300053723,0013-05-14 11:55:00,13,5,14,11,55,750,115,PLACE DE LA REPUBLIQUE D,,,Plein jour,En agglomération,Hors intersection,Normale,Trois véhicules et plus - en chaîne,,,,,,,,,,,1,2,1,1.0,4
201300053724,0013-05-17 16:20:00,13,5,17,16,20,750,115,"320, RUE LECOURBE",,,Plein jour,En agglomération,Hors intersection,Normale,Deux véhicules - arrière,,,,,,,,,,,1,2,1,1.0,2
201300053725,0013-05-19 00:38:00,13,5,19,0,38,750,115,"94, AVENUE DE SUFFREN",,,Nuit avec éclairage allumé,En agglomération,Intersection en T,Temps couvert,Deux véhicules - côté,,,,,,,,,,,5,2,3,8.0,3
201300053726,0013-05-20 20:40:00,13,5,20,20,40,750,115,"36, RUE DE DANTZIG",,,Nuit avec éclairage allumé,En agglomération,Intersection en X,Pluie forte,Autre collision,,,,,,,,,,,5,2,2,3.0,6
201300053727,0013-05-21 14:25:00,13,5,21,14,25,750,115,"28, RUE LABROUSTE",,,Plein jour,En agglomération,Hors intersection,Normale,Autre collision,,,,,,,,,,,1,2,1,1.0,6