accident_id,datetime,annee,mois,jour,heure,minute,departement,commune_insee,adresse,latitude,longitude,luminosite,agglomeration,intersection,meteo,collision,nb_vehicules,nb_usagers,nb_indemnes,nb_tues,nb_blesses_hosp,nb_blesses_legers,age_cond_1,age_cond_2,veh_type_cond_1,veh_type_cond_2,lum_code,agg_code,int_code,atm_code,col_code
201300053728,0013-05-21 23:00:00,13,5,21,23,0,750,115,"22, RUE DE L ABBE GROULT",,,Nuit avec éclairage allumé,En agglomération,Intersection en X,Normale,Deux véhicules - côté,,,,,,,,,,,5,2,2,1.0,3
201300053729,0013-05-22 11:55:00,13,5,22,11,55,750,115,"17, BOULEVARD GARIBALDI",,,Plein jour,En agglomération,Hors intersection,Normale,Sans collision,,,,,,,,,,,1,2,1,1.0,7
201300053730,0013-05-23 19:40:00,13,5,23,19,40,750,115,QUAI BRANLY,,,Crépuscule ou aube,En agglomération,Hors intersection,Pluie légère,Autre collision,,,,,,,,,,,2,2,1,2.0,6
201300053731,0013-05-24 12:25:00,13,5,24,12,25,750,115,"47, RUE DE LOURMEL",,,Plein jour,En agglomération,Hors intersection,Pluie légère,Autre collision,,,,,,,,,,,1,2,1,2.0,6
201300053732,0013-05-24 19:40:00,13,5,24,19,40,750,115,"79, RUE CAMBRONNE",,,Plein jour,En agglomération,Hors intersection,Pluie légère,Autre collision,,,,,,,,,,,1,2,1,2.0,6
201300053733,0013-05-25 20:15:00,13,5,25,20,15,750,115,"136, AVENUE DE SUFFREN",,,Plein jour,En agglomération,Hors intersection,Normale,Deux véhicules - côté,,,,,,,,,,,1,2,1,1.0,3
201300053734,0013-05-26 18:55:00,13,5,26,18,55,750,115,AVENUE DE LA PORTE BRANC,,,Plein jour,En agglomération,Intersection en Y,Normale,Deux véhicules - côté,,,,,,,,,,,1,2,4,1.0,3
201300053735,0013-05-26 19:45:00,13,5,26,19,45,750,115,"15, RUE DE LA CONVENTION",,,Plein jour,En agglomération,Intersection en X,Normale,Autre collision,,,,,,,,,,,1,2,2,1.0,6
201300053736,0013-05-27 10:00:00,13,5,27,10,0,750,115,"55, AVENUE EMILE ZOLA",,,Plein jour,En agglomération,Hors intersection,Normale,Deux véhicules - arrière,,,,,,,,,,,1,2,1,1.0,2
201300053737,0013-05-29 12:50:00,13,5,29,12,50,750,115,AVENUE DE LA PORTE BRANC,,,Plein jour,En agglomération,Intersection en Y,Normale,Deux véhicules - côté,,,,,,,,,,,1,2,4,1.0,3
201300053738,0013-05-30 13:10:00,13,5,30,13,10,750,115,"23, RUE DE CRONSTADT",,,Plein jour,En agglomération,Hors intersection,Pluie légère,Deux véhicules - côté,,,,,,,,,,,1,2,1,2.0,3
201300053739,0013-05-30 21:40:00,13,5,30,21,40,750,115,"149, RUE DE SEVRES",,,Nuit avec éclairage allumé,En agglomération,Hors intersection,Pluie forte,Deux véhicules - arrière,,,,,,,,,,,5,2,1,3.0,2
201300053740,0013-05-31 16:45:00,13,5,31,16,45,750,115,"9, BOULEVARD DE GRENELLE",,,Plein jour,En agglomération,Hors intersection,Normale,Autre collision,,,,,,,,,,,1,2,1,1.0,6
201300053741,0013-05-31 19:50:00,13,5,31,19,50,750,114,BOULEVARD PERIPHERIQUE E,,,Plein jour,En agglomération,Hors intersection,Normale,Autre collision,,,,,,,,,,,1,2,1,1.0,6
201300053742,0013-05-31 20:35:00,13,5,31,20,35,750,115,"146, RUE DE LA CROIX NIV",,,Plein jour,En agglomération,Intersection en T,Normale,Deux véhicules - frontale,,,,,,,,,,,1,2,3,1.0,1
201300053743,0013-05-31 23:35:00,13,5,31,23,35,750,115,"1, RUE CAMBRONNE",,,Nuit sans éclairage public,En agglomération,Place,Normale,Autre collision,,,,,,,,,,,3,2,7,1.0,6
201300053744,0013-06-01 16:00:00,13,6,1,16,0,750,115,"61, RUE DES MORILLONS",,,Plein jour,En agglomération,Hors intersection,Normale,Autre collision,,,,,,,,,,,1,2,1,1.0,6
201300053745,0013-06-03 09:20:00,13,6,3,9,20,750,115,"103, QUAI BRANLY",,,Plein jour,En agglomération,Hors intersection,Normale,Deux véhicules - côté,,,,,,,,,,,1,2,1,1.0,3
201300053746,0013-06-03 11:50:00,13,6,3,11,50,750,115,"XV-14868, QUAI D ISSY LE",,,Plein jour,En agglomération,Intersection en X,Normale,Deux véhicules - côté,,,,,,,,,,,1,2,2,1.0,3
201300053747,0013-06-03 14:15:00,13,6,3,14,15,750,115,RUE DU THEATRE,,,Plein jour,En agglomération,Intersection en X,Normale,Autre collision,,,,,,,,,,,1,2,2,1.0,6
201300053748,0013-06-04 11:05:00,13,6,4,11,5,750,115,"83, RUE DE LA CONVENTION",,,Plein jour,En agglomération,Intersection en X,Normale,Autre collision,,,,,,,,,,,1,2,2,1.0,6
201300053749,0013-06-04 19:35:00,13,6,4,19,35,750,115,"2, RUE DE LA CROIX NIVER",,,Plein jour,En agglomération,Place,Normale,Autre collision,,,,,,,,,,,1,2,7,1.0,6
201300053750,0013-06-05 15:00:00,13,6,5,15,0,750,115,"11, BOULEVARD DE GRENELL",,,Plein jour,En agglomération,Hors intersection,Normale,Trois véhicules et plus - en chaîne,,,,,,,,,,,1,2,1,1.0,4
201300053751,0013-06-05 16:30:00,13,6,5,16,30,750,115,"25, RUE DE L ARRIVEE",,,Plein jour,En agglomération,Hors intersection,Normale,Deux véhicules - arrière,,,,,,,,,,,1,2,1,1.0,2
201300053752,0013-06-07 14:20:00,13,6,7,14,20,750,115,"7, ROND POINT DU PONT MI",,,Plein jour,En agglomération,Place,Normale,Deux véhicules - côté,,,,,,,,,,,1,2,7,1.0,3
201300053753,0013-06-09 05:05:00,13,6,9,5,5,750,115,BOULEVARD GENERAL MARTIA,,,Crépuscule ou aube,En agglomération,Intersection en X,Pluie légère,Autre collision,,,,,,,,,,,2,2,2,2.0,6
201300053754,0013-06-09 13:50:00,13,6,9,13,50,750,115,"401, RUE DE VAUGIRARD",,,Plein jour,En agglomération,Intersection en T,Temps couvert,Deux véhicules - côté,,,,,,,,,,,1,2,3,8.0,3
201300053755,0013-06-10 13:10:00,13,6,10,13,10,750,115,"13, BOULEVARD GARIBALDI",,,Plein jour,En agglomération,Hors intersection,Normale,Deux véhicules - côté,,,,,,,,,,,1,2,1,1.0,3
201300053756,0013-06-10 17:40:00,13,6,10,17,40,750,115,"01, AVENUE DE SUFFREN",,,Plein jour,En agglomération,Intersection en X,Normale,Deux véhicules - frontale,,,,,,,,,,,1,2,2,1.0,1
201300053757,0013-06-12 21:35:00,13,6,12,21,35,750,115,"37, RUE CAMBRONNE",,,Nuit avec éclairage allumé,En agglomération,Intersection en T,Normale,Autre collision,,,,,,,,,,,5,2,3,1.0,6
201300053758,0013-06-13 11:20:00,13,6,13,11,20,750,115,"22, RUE BLOMET",,,Plein jour,En agglomération,Hors intersection,Pluie légère,Autre collision,,,,,,,,,,,1,2,1,2.0,6
201300053759,0013-06-13 18:10:00,13,6,13,18,10,750,115,"202, RUE DE LA CONVENTIO",,,Plein jour,En agglomération,Hors intersection,Normale,Deux véhicules - côté,,,,,,,,,,,1,2,1,1.0,3
201300053760,0013-06-14 18:05:00,13,6,14,18,5,750,115,"14, RUE DU COMMERCE",,,Plein jour,En agglomération,Hors intersection,Normale,Autre collision,,,,,,,,,,,1,2,1,1.0,6
201300053761,0013-06-15 03:23:00,13,6,15,3,23,750,115,"316, RUE DE VAUGIRARD",,,Nuit avec éclairage allumé,En agglomération,Intersection en X,Normale,Autre collision,,,,,,,,,,,5,2,2,1.0,6
201300053762,0013-06-17 09:30:00,13,6,17,9,30,750,115,"12, RUE DU HAMEAU",,,Plein jour,En agglomération,Hors intersection,Pluie forte,Autre collision,,,,,,,,,,,1,2,1,3.0,6
201300053763,0013-06-17 15:40:00,13,6,17,15,40,750,115,"27, RUE CAUCHY",,,Plein jour,En agglomération,Intersection en T,Normale,Autre collision,,,,,,,,,,,1,2,3,1.0,6
201300053764,0013-06-18 11:25:00,13,6,18,11,25,750,115,"61, BOULEVARD DE GRENELL",,,Plein jour,En agglomération,Intersection à plus de 4 branches,Normale,Autre collision,,,,,,,,,,,1,2,5,1.0,6
201300053765,0013-06-18 20:40:00,13,6,18,20,40,750,115,"21, RUE DU HAMEAU",,,Plein jour,En agglomération,Intersection en T,Normale,Deux véhicules - côté,,,,,,,,,,,1,2,3,1.0,3
201300053766,0013-06-20 16:50:00,13,6,20,16,50,750,115,"79, RUE SAINT CHARLES",,,Plein jour,En agglomération,Intersection en T,Normale,Autre collision,,,,,,,,,,,1,2,3,1.0,6
201300053767,0013-06-21 19:55:00,13,6,21,19,55,750,115,AVENUE DE LA PORTE BRANC,,,Plein jour,En agglomération,Intersection en X,Normale,Deux véhicules - frontale,,,,,,,,,,,1,2,2,1.0,1
201300053768,0013-06-22 13:15:00,13,6,22,13,15,750,115,AVENUE DE LA PORTE DE SE,,,Plein jour,En agglomération,Hors intersection,Normale,Sans collision,,,,,,,,,,,1,2,1,1.0,7
201300053769,0013-06-22 16:40:00,13,6,22,16,40,750,115,"10, RUE LOUIS VICAT",,,Plein jour,En agglomération,Place,Normale,Deux véhicules - arrière,,,,,,,,,,,1,2,7,1.0,2
201300053770,0013-06-24 19:10:00,13,6,24,19,10,750,115,"34, BOULEVARD DE VAUGIRA",,,Plein jour,En agglomération,Hors intersection,Normale,Sans collision,,,,,,,,,,,1,2,1,1.0,7
201300053771,0013-06-25 00:35:00,13,6,25,0,35,750,115,QUAI ANDRE CITROEN,,,Nuit avec éclairage allumé,En agglomération,Intersection en X,Normale,Deux véhicules - arrière,,,,,,,,,,,5,2,2,1.0,2
201300053772,0013-06-25 17:50:00,13,6,25,17,50,750,115,"74, RUE BALARD",,,Plein jour,En agglomération,Hors intersection,Normale,Autre collision,,,,,,,,,,,1,2,1,1.0,6
201300053773,0013-06-25 19:45:00,13,6,25,19,45,750,115,"52, RUE D ORADOUR SUR GL",,,Plein jour,En agglomération,Hors intersection,Normale,Autre collision,,,,,,,,,,,1,2,1,1.0,6
201300053774,0013-06-26 18:45:00,13,6,26,18,45,750,115,"82, RUE DESNOUETTES",,,Plein jour,En agglomération,Intersection en T,Normale,Autre collision,,,,,,,,,,,1,2,3,1.0,6
201300053775,0013-06-27 09:25:00,13,6,27,9,25,750,115,"181, RUE SAINT CHARLES",,,Plein jour,En agglomération,Hors intersection,Pluie légère,Autre collision,,,,,,,,,,,1,2,1,2.0,6
201300053776,0013-06-27 10:00:00,13,6,27,10,0,750,115,"196, RUE DE LA CONVENTIO",,,Plein jour,En agglomération,Hors intersection,Normale,Autre collision,,,,,,,,,,,1,2,1,1.0,6
201300053777,0013-06-28 13:25:00,13,6,28,13,25,750,115,RUE LOUIS VICAT,,,Plein jour,En agglomération,Intersection à plus de 4 branches,Normale,Autre collision,,,,,,,,,,,1,2,5,1.0,6
201300053778,0013-06-29 03:00:00,13,6,29,3,0,750,115,PLACE RAOUL DAUTRY,,,Nuit avec éclairage allumé,En agglomération,Hors intersection,Temps couvert,Autre collision,,,,,,,,,,,5,2,1,8.0,6
201300053779,0013-06-30 18:30:00,13,6,30,18,30,750,115,"2, AVENUE DE LA PORTE BR",,,Plein jour,En agglomération,Intersection en X,Normale,Deux véhicules - côté,,,,,,,,,,,1,2,2,1.0,3
201300053780,0013-07-02 09:05:00,13,7,2,9,5,750,115,"28/32, BOULEVARD DE GREN",,,Plein jour,En agglomération,Intersection en X,Normale,Autre collision,,,,,,,,,,,1,2,2,1.0,6
201300053781,0013-07-02 16:20:00,13,7,2,16,20,750,115,PLACE DES INSURGES DE VA,,,Plein jour,En agglomération,Intersection en Y,Normale,Deux véhicules - côté,,,,,,,,,,,1,2,4,1.0,3
201300053782,0013-07-03 10:30:00,13,7,3,10,30,750,115,"29, RUE MATHURIN REGNIER",,,Plein jour,En agglomération,Hors intersection,Normale,Autre collision,,,,,,,,,,,1,2,1,1.0,6
201300053783,0013-07-07 12:00:00,13,7,7,12,0,750,115,"11, BOULEVARD GARIBALDI",,,Plein jour,En agglomération,Hors intersection,Normale,Deux véhicules - côté,,,,,,,,,,,1,2,1,1.0,3
201300053784,0013-07-08 03:28:00,13,7,8,3,28,750,115,"12, RUE D ORADOUR SUR GL",,,Nuit avec éclairage allumé,En agglomération,Hors intersection,Normale,Deux véhicules - arrière,,,,,,,,,,,5,2,1,1.0,2
201300053785,0013-07-08 09:50:00,13,7,8,9,50,750,115,BOULEVARD GENERAL MARTIA,,,Plein jour,En agglomération,Intersection à plus de 4 branches,Normale,Deux véhicules - côté,,,,,,,,,,,1,2,5,1.0,3
201300053786,0013-07-09 19:00:00,13,7,9,19,0,750,115,"151, RUE DE JAVEL",,,Plein jour,En agglomération,Intersection en X,Normale,Deux véhicules - côté,,,,,,,,,,,1,2,2,1.0,3
201300053787,0013-07-10 17:50:00,13,7,10,17,50,750,115,"1, QUAI DE GRENELLE",,,Plein jour,En agglomération,Intersection à plus de 4 branches,Normale,Deux véhicules - côté,,,,,,,,,,,1,2,5,1.0,3
201300053788,0013-07-10 19:30:00,13,7,10,19,30,750,115,"88, AVENUE DE SUFFREN",,,Plein jour,En agglomération,Hors intersection,Normale,Deux véhicules - côté,,,,,,,,,,,1,2,1,1.0,3
201300053789,0013-07-12 11:30:00,13,7,12,11,30,750,115,"115, RUE DE LA CROIX NIV",,,Plein jour,En agglomération,Intersection en X,Normale,Autre collision,,,,,,,,,,,1,2,2,1.0,6
201300053790,0013-07-12 16:00:00,13,7,12,16,0,750,115,"32, BOULEVARD DU MONTPAR",,,Plein jour,En agglomération,Intersection en X,Normale,Autre collision,,,,,,,,,,,1,2,2,1.0,6
201300053791,0013-07-12 18:20:00,13,7,12,18,20,750,115,"46, RUE DE DANTZIG",,,Plein jour,En agglomération,Intersection en T,Normale,Sans collision,,,,,,,,,,,1,2,3,1.0,7
201300053792,0013-07-12 21:30:00,13,7,12,21,30,750,115,"70, RUE LECOURBE",,,Plein jour,En agglomération,Intersection en T,Normale,Autre collision,,,,,,,,,,,1,2,3,1.0,6
201300053793,0013-07-15 16:30:00,13,7,15,16,30,750,115,"23, RUE JUGE",,,Plein jour,En agglomération,Intersection en Y,Normale,Autre collision,,,,,,,,,,,1,2,4,1.0,6
201300053794,0013-06-25 14:15:00,13,6,25,14,15,750,115,"84, RUE DES ENTREPRENEUR",,,Plein jour,En agglomération,Hors intersection,Normale,Autre collision,,,,,,,,,,,1,2,1,1.0,6
201300053795,0013-07-16 15:30:00,13,7,16,15,30,750,115,"18, RUE DOMBASLE",,,Plein jour,En agglomération,Intersection en X,Normale,Autre collision,,,,,,,,,,,1,2,2,1.0,6
201300053796,0013-07-19 16:50:00,13,7,19,16,50,750,115,"250, RUE DE LA CONVENTIO",,,Plein jour,En agglomération,Hors intersection,Normale,Deux véhicules - côté,,,,,,,,,,,1,2,1,1.0,3
201300053797,0013-07-19 17:15:00,13,7,19,17,15,750,115,"6, RUE DE LA CROIX NIVER",,,Plein jour,En agglomération,Hors intersection,Normale,Autre collision,,,,,,,,,,,1,2,1,1.0,6
201300053798,0013-07-23 14:00:00,13,7,23,14,0,750,115,"83, RUE DE LA CONVENTION",,,Plein jour,En agglomération,Intersection en X,Pluie légère,Autre collision,,,,,,,,,,,1,2,2,2.0,6
201300053799,0013-07-23 15:00:00,13,7,23,15,0,750,115,"41, RUE DES MORILLONS",,,Plein jour,En agglomération,Hors intersection,Pluie légère,Deux véhicules - arrière,,,,,,,,,,,1,2,1,2.0,2
201300053800,0013-07-24 19:20:00,13,7,24,19,20,750,115,"19, RUE ANDRE GIDE",,,Plein jour,En agglomération,Hors intersection,Normale,Autre collision,,,,,,,,,,,1,2,1,1.0,6
201300053801,0013-07-25 12:30:00,13,7,25,12,30,750,115,"89, BOULEVARD PASTEUR",,,Plein jour,En agglomération,Intersection à plus de 4 branches,Normale,Autre collision,,,,,,,,,,,1,2,5,1.0,6
201300053802,0013-07-25 20:10:00,13,7,25,20,10,750,115,"340, RUE DE VAUGIRARD",,,Plein jour,En agglomération,Hors intersection,Normale,Autre collision,,,,,,,,,,,1,2,1,1.0,6
201300053803,0013-07-26 21:20:00,13,7,26,21,20,750,115,"22, RUE JEAN DAUDIN",,,Crépuscule ou aube,En agglomération,Intersection en T,Normale,Autre collision,,,,,,,,,,,2,2,3,1.0,6
201300053804,0013-07-27 13:25:00,13,7,27,13,25,750,115,"01, RUE DE LA CONVENTION",,,Plein jour,En agglomération,Place,Normale,Deux véhicules - côté,,,,,,,,,,,1,2,7,1.0,3
201300053805,0013-07-29 03:03:00,13,7,29,3,3,750,115,"32, BOULEVARD VICTOR",,,Nuit avec éclairage allumé,En agglomération,Intersection en X,Normale,Deux véhicules - arrière,,,,,,,,,,,5,2,2,1.0,2
201300053806,0013-07-29 17:30:00,13,7,29,17,30,750,115,QUAI BRANLY,,,Plein jour,Hors agglomération,Place,Normale,Deux véhicules - côté,,,,,,,,,,,1,1,7,1.0,3
201300053807,0013-07-30 07:15:00,13,7,30,7,15,750,115,QUAI D ISSY LES MOULINEA,,,Plein jour,En agglomération,Intersection en Y,Normale,Sans collision,,,,,,,,,,,1,2,4,1.0,7
201300053808,0013-07-31 21:20:00,13,7,31,21,20,750,115,"75, RUE DE LA CONVENTION",,,Nuit sans éclairage public,En agglomération,Hors intersection,Normale,Autre collision,,,,,,,,,,,3,2,1,1.0,6
201300053809,0013-07-31 21:00:00,13,7,31,21,0,750,115,"58, BOULEVARD GARIBALDI",,,Nuit avec éclairage allumé,En agglomération,Intersection en Y,Normale,Deux véhicules - côté,,,,,,,,,,,5,2,4,1.0,3
201300053810,0013-08-01 14:30:00,13,8,1,14,30,750,115,"9, PLACE ADOLPHE CHERIOU",,,Plein jour,En agglomération,Hors intersection,Normale,Autre collision,,,,,,,,,,,1,2,1,1.0,6
201300053811,0013-08-01 20:25:00,13,8,1,20,25,750,115,"50, BOULEVARD LEFEBVRE",,,Plein jour,En agglomération,Hors intersection,Normale,Deux véhicules - arrière,,,,,,,,,,,1,2,1,1.0,2
201300053812,0013-08-02 09:45:00,13,8,2,9,45,750,115,"28, BOULEVARD DE GRENELL",,,Plein jour,En agglomération,Intersection en X,Normale,Autre collision,,,,,,,,,,,1,2,2,1.0,6
201300053813,0013-08-02 20:50:00,13,8,2,20,50,750,115,"51, BOULEVARD LEFEBVRE",,,Plein jour,En agglomération,Intersection à plus de 4 branches,Normale,Autre collision,,,,,,,,,,,1,2,5,1.0,6
201300053814,0013-08-07 10:15:00,13,8,7,10,15,750,115,"121, RUE DE LA CONVENTIO",,,Plein jour,En agglomération,Intersection en T,Pluie forte,Deux véhicules - côté,,,,,,,,,,,1,2,3,3.0,3
201300053815,0013-08-08 09:15:00,13,8,8,9,15,750,115,"195, RUE DE VAUGIRARD",,,Plein jour,En agglomération,Intersection en T,Normale,Deux véhicules - côté,,,,,,,,,,,1,2,3,1.0,3
201300053816,0013-08-09 20:00:00,13,8,9,20,0,750,115,"1, SOUS STATION SNCF QUA",,,Plein jour,En agglomération,Intersection en Y,Normale,Deux véhicules - côté,,,,,,,,,,,1,2,4,1.0,3
201300053817,0013-08-11 12:45:00,13,8,11,12,45,750,115,"219, RUE DE LA CROIX NIV",,,Plein jour,En agglomération,Hors intersection,Normale,Deux véhicules - arrière,,,,,,,,,,,1,2,1,1.0,2
201300053818,0013-08-17 13:05:00,13,8,17,13,5,750,115,"111, RUE DE LA CROIX NIV",,,Plein jour,En agglomération,Intersection en X,Normale,Deux véhicules - côté,,,,,,,,,,,1,2,2,1.0,3
201300053819,0013-08-17 15:55:00,13,8,17,15,55,750,115,"48, BOULEVARD GARIBALDI",,,Plein jour,En agglomération,Intersection en Y,Normale,Deux véhicules - côté,,,,,,,,,,,1,2,4,1.0,3
201300053820,0013-08-17 19:15:00,13,8,17,19,15,750,115,PORT DE JAVEL,,,Plein jour,En agglomération,Hors intersection,Normale,Autre collision,,,,,,,,,,,1,2,1,1.0,6
201300053821,0013-08-19 18:55:00,13,8,19,18,55,750,115,"115, RUE DE VAUGIRARD",,,Plein jour,En agglomération,Hors intersection,Normale,Autre collision,,,,,,,,,,,1,2,1,1.0,6
201300053822,0013-08-20 18:25:00,13,8,20,18,25,750,115,"38, RUE LINOIS",,,Plein jour,En agglomération,Intersection en X,Normale,Deux véhicules - frontale,,,,,,,,,,,1,2,2,1.0,1
201300053823,0013-08-21 17:30:00,13,8,21,17,30,750,115,RUE FERDINAND FABRE,,,Plein jour,En agglomération,Intersection en X,Temps éblouissant,Autre collision,,,,,,,,,,,1,2,2,7.0,6
201300053824,0013-08-21 18:40:00,13,8,21,18,40,750,114,BOULEVARD PERIPHERIQUE,,,Plein jour,En agglomération,Hors intersection,Normale,Deux véhicules - côté,,,,,,,,,,,1,2,1,1.0,3
201300053825,0013-08-23 12:35:00,13,8,23,12,35,750,115,"103, RUE CAMBRONNE",,,Plein jour,En agglomération,Intersection en X,Normale,Autre collision,,,,,,,,,,,1,2,2,1.0,6
201300053826,0013-08-23 19:55:00,13,8,23,19,55,750,115,BOULEVARD PERIPHERIQUE I,,,Crépuscule ou aube,En agglomération,Hors intersection,Normale,Trois véhicules et plus - en chaîne,,,,,,,,,,,2,2,1,1.0,4
201300053827,0013-08-25 10:45:00,13,8,25,10,45,750,115,"272, RUE LECOURBE",,,Plein jour,En agglomération,Hors intersection,Pluie forte,Deux véhicules - côté,,,,,,,,,,,1,2,1,3.0,3
201300053828,0013-08-28 15:40:00,13,8,28,15,40,750,115,"19, RUE LOUIS VICAT",,,Plein jour,En agglomération,Hors intersection,Normale,Trois véhicules et plus - en chaîne,,,,,,,,,,,1,2,1,1.0,4
201300053829,0013-08-28 20:10:00,13,8,28,20,10,750,115,"33, BOULEVARD GENERAL MA",,,Crépuscule ou aube,En agglomération,Hors intersection,Normale,Deux véhicules - côté,,,,,,,,,,,2,2,1,1.0,3
201300053830,0013-08-31 10:05:00,13,8,31,10,5,750,115,QUAI BRANLY,,,Plein jour,En agglomération,Hors intersection,Normale,Autre collision,,,,,,,,,,,1,2,1,1.0,6
201300053831,0013-08-31 05:10:00,13,8,31,5,10,750,115,"18, BOULEVARD DE GRENELL",,,Nuit avec éclairage allumé,En agglomération,Hors intersection,Normale,Autre collision,,,,,,,,,,,5,2,1,1.0,6
201300053832,0013-09-01 04:10:00,13,9,1,4,10,750,115,RUE DE VAUGIRARD,,,Nuit avec éclairage allumé,En agglomération,Intersection en T,Normale,Sans collision,,,,,,,,,,,5,2,3,1.0,7
201300053833,0013-08-31 22:00:00,13,8,31,22,0,750,115,"115, RUE SAINT CHARLES",,,Nuit avec éclairage allumé,En agglomération,Intersection en X,Normale,Deux véhicules - côté,,,,,,,,,,,5,2,2,1.0,3
201300053834,0013-09-02 08:40:00,13,9,2,8,40,750,115,PLACE DES INSURGES DE VA,,,Plein jour,En agglomération,Place,Normale,Deux véhicules - côté,,,,,,,,,,,1,2,7,1.0,3
201300053835,0013-09-03 06:45:00,13,9,3,6,45,750,115,"4, RUE LOUIS ARMAND",,,Plein jour,En agglomération,Hors intersection,Normale,Autre collision,,,,,,,,,,,1,2,1,1.0,6
201300053836,0013-09-03 09:30:00,13,9,3,9,30,750,115,"69, BOULEVARD DE GRENELL",,,Plein jour,En agglomération,Hors intersection,Normale,Autre collision,,,,,,,,,,,1,2,1,1.0,6
201300053837,0013-09-04 14:45:00,13,9,4,14,45,750,115,"8, RUE DE LOURMEL",,,Plein jour,En agglomération,Intersection en X,Normale,Deux véhicules - côté,,,,,,,,,,,1,2,2,1.0,3
201300053838,0013-09-04 16:15:00,13,9,4,16,15,750,115,"119, RUE DE LA CONVENTIO",,,Plein jour,En agglomération,Intersection en T,Normale,Autre collision,,,,,,,,,,,1,2,3,1.0,6
201300053839,0013-09-05 20:45:00,13,9,5,20,45,750,115,"298, RUE DE VAUGIRARD",,,Nuit avec éclairage allumé,En agglomération,Intersection en X,Normale,Autre collision,,,,,,,,,,,5,2,2,1.0,6
201300053840,0013-09-06 08:05:00,13,9,6,8,5,750,115,"30, RUE DU DEPART",,,Plein jour,En agglomération,Hors intersection,Normale,Autre collision,,,,,,,,,,,1,2,1,1.0,6
201300053841,0013-09-06 10:05:00,13,9,6,10,5,750,115,"44, AVENUE FELIX FAURE",,,Plein jour,En agglomération,Intersection en X,Pluie légère,Deux véhicules - côté,,,,,,,,,,,1,2,2,2.0,3
201300053842,0013-09-07 18:50:00,13,9,7,18,50,750,115,"32, BOULEVARD DE VAUGIRA",,,Crépuscule ou aube,En agglomération,Hors intersection,Normale,Deux véhicules - arrière,,,,,,,,,,,2,2,1,1.0,2
201300053843,0013-09-09 18:30:00,13,9,9,18,30,750,115,"23, RUE DE VOUILLE",,,Plein jour,En agglomération,Hors intersection,Pluie légère,Autre collision,,,,,,,,,,,1,2,1,2.0,6
201300053844,0013-09-09 19:20:00,13,9,9,19,20,750,115,"24, RUE DES VOLONTAIRES",,,Plein jour,En agglomération,Hors intersection,Normale,Deux véhicules - arrière,,,,,,,,,,,1,2,1,1.0,2
201300053845,0013-09-10 01:15:00,13,9,10,1,15,750,115,"92,94, BOULEVARD LEFEBVR",,,Nuit avec éclairage allumé,En agglomération,Intersection en X,Pluie légère,Autre collision,,,,,,,,,,,5,2,2,2.0,6
201300053846,0013-09-10 16:25:00,13,9,10,16,25,750,115,"190, RUE DE LA CONVENTIO",,,Plein jour,En agglomération,Hors intersection,Normale,Autre collision,,,,,,,,,,,1,2,1,1.0,6
201300053847,0013-09-10 18:30:00,13,9,10,18,30,750,115,"29, RUE CAMBRONNE",,,Plein jour,En agglomération,Intersection en T,Normale,Deux véhicules - côté,,,,,,,,,,,1,2,3,1.0,3
201300053848,0013-09-11 09:25:00,13,9,11,9,25,750,115,QUAI D ISSY LES MOULINEA,,,Plein jour,En agglomération,Hors intersection,Normale,Sans collision,,,,,,,,,,,1,2,1,1.0,7
201300053849,0013-09-11 19:15:00,13,9,11,19,15,750,115,PLACE CAMBRONNE,,,Crépuscule ou aube,En agglomération,Place,Normale,Deux véhicules - côté,,,,,,,,,,,2,2,7,1.0,3
201300053850,0013-09-13 18:30:00,13,9,13,18,30,750,115,"38, BOULEVARD DU MONTPAR",,,Plein jour,En agglomération,Intersection à plus de 4 branches,Pluie légère,Deux véhicules - côté,,,,,,,,,,,1,2,5,2.0,3
201300053851,0013-09-14 17:00:00,13,9,14,17,0,750,115,"1, RUE DE L AMIRAL ROUSS",,,Plein jour,En agglomération,Intersection en X,Pluie légère,Autre collision,,,,,,,,,,,1,2,2,2.0,6
201300053852,0013-09-16 06:00:00,13,9,16,6,0,750,115,"85, RUE DE LA CONVENTION",,,Crépuscule ou aube,En agglomération,Intersection en X,Pluie légère,Deux véhicules - côté,,,,,,,,,,,2,2,2,2.0,3
201300053853,0013-09-16 10:15:00,13,9,16,10,15,750,115,QUAI ANDRE CITROEN,,,Plein jour,En agglomération,Hors intersection,Normale,Deux véhicules - arrière,,,,,,,,,,,1,2,1,1.0,2
201300053854,0013-09-16 22:30:00,13,9,16,22,30,750,115,"55, QUAI DE GRENELLE",,,Nuit sans éclairage public,En agglomération,Intersection en X,Temps couvert,Autre collision,,,,,,,,,,,3,2,2,8.0,6
201300053855,0013-09-17 19:40:00,13,9,17,19,40,750,115,"262, RUE DE VAUGIRARD",,,Nuit avec éclairage allumé,En agglomération,Intersection en T,Pluie légère,Autre collision,,,,,,,,,,,5,2,3,2.0,6
201300053856,0013-09-18 14:05:00,13,9,18,14,5,750,115,"10, PLACE DES CINQ MARTY",,,Plein jour,En agglomération,Intersection en T,Pluie légère,Autre collision,,,,,,,,,,,1,2,3,2.0,6
201300053857,0013-09-18 17:10:00,13,9,18,17,10,750,115,QUAI D ISSY LES MOULINEA,,,Plein jour,En agglomération,Intersection en X,Pluie forte,Deux véhicules - côté,,,,,,,,,,,1,2,2,3.0,3