accident_id,datetime,annee,mois,jour,heure,minute,departement,commune_insee,adresse,latitude,longitude,luminosite,agglomeration,intersection,meteo,collision,nb_vehicules,nb_usagers,nb_indemnes,nb_tues,nb_blesses_hosp,nb_blesses_legers,age_cond_1,age_cond_2,veh_type_cond_1,veh_type_cond_2,lum_code,agg_code,int_code,atm_code,col_code
201300053985,0013-01-14 01:40:00,13,1,14,1,40,750,116,"45, AVENUE GEORGES MANDE",,,Nuit avec éclairage allumé,En agglomération,Intersection en X,Normale,Sans collision,,,,,,,,,,,5,2,2,1.0,7
201300053986,0013-01-14 19:45:00,13,1,14,19,45,750,116,"19, RUE BOISSIERE",,,Nuit avec éclairage allumé,En agglomération,Hors intersection,Neige / grêle,Autre collision,,,,,,,,,,,5,2,1,4.0,6
201300053987,0013-01-16 08:50:00,13,1,16,8,50,750,116,"5118, AVENUE KLEBER",,,Plein jour,En agglomération,Place,Autre,Autre collision,,,,,,,,,,,1,2,7,9.0,6
201300053988,0013-01-16 19:00:00,13,1,16,19,0,750,116,AVENUE KLEBER,,,Nuit avec éclairage allumé,En agglomération,Hors intersection,Normale,Sans collision,,,,,,,,,,,5,2,1,1.0,7
201300053989,0013-01-17 15:20:00,13,1,17,15,20,750,116,"inconnue, BOULEVARD PERI",,,Plein jour,En agglomération,Hors intersection,Normale,Deux véhicules - arrière,,,,,,,,,,,1,2,1,1.0,2
201300053990,0013-01-18 01:25:00,13,1,18,1,25,750,116,PORTE DE SAINT CLOUD,,,Nuit avec éclairage allumé,En agglomération,Intersection en X,Normale,Trois véhicules et plus - en chaîne,,,,,,,,,,,5,2,2,1.0,4
201300053991,0013-01-19 02:55:00,13,1,19,2,55,750,116,ECHANGEUR MUETTE,,,Nuit sans éclairage public,En agglomération,Intersection en X,Neige / grêle,Autre collision,,,,,,,,,,,3,2,2,4.0,6
201300053992,0013-01-18 20:00:00,13,1,18,20,0,750,116,ALLEE DE LONGCHAMP,,,Nuit avec éclairage allumé,En agglomération,Hors intersection,Neige / grêle,Deux véhicules - arrière,,,,,,,,,,,5,2,1,4.0,2
201300053993,0013-01-16 13:55:00,13,1,16,13,55,750,116,"01, PLACE DU TROCADERO",,,Plein jour,En agglomération,Place,Normale,Autre collision,,,,,,,,,,,1,2,7,1.0,6
201300053994,0013-01-23 10:45:00,13,1,23,10,45,750,116,"62, AVENUE THEOPHILE GAU",,,Plein jour,En agglomération,Intersection à plus de 4 branches,Normale,Autre collision,,,,,,,,,,,1,2,5,1.0,6
201300053995,0013-01-23 23:15:00,13,1,23,23,15,750,117,RUE DU CAPORAL PEUGEOT,,,Nuit avec éclairage allumé,En agglomération,Intersection en Y,Pluie légère,Autre collision,,,,,,,,,,,5,2,4,2.0,6
201300053996,0013-01-25 08:55:00,13,1,25,8,55,750,116,"1, AVENUE RAYMOND POINCA",,,Plein jour,En agglomération,Place,Normale,Deux véhicules - arrière,,,,,,,,,,,1,2,7,1.0,2
201300053997,0013-01-25 16:30:00,13,1,25,16,30,750,116,PLACE DU TROCADERO,,,Plein jour,En agglomération,Place,Normale,Deux véhicules - côté,,,,,,,,,,,1,2,7,1.0,3
201300053998,0013-01-27 11:00:00,13,1,27,11,0,750,116,RUE LARGILLIERE,,,Plein jour,En agglomération,Intersection en X,Pluie légère,Autre collision,,,,,,,,,,,1,2,2,2.0,6
201300053999,0013-01-27 11:55:00,13,1,27,11,55,750,116,PLACE TATTEGRAIN,,,Plein jour,En agglomération,Place,Temps couvert,Autre collision,,,,,,,,,,,1,2,7,8.0,6
201300054000,0013-01-28 15:00:00,13,1,28,15,0,750,116,"44, AVENUE VICTOR HUGO",,,Plein jour,En agglomération,Intersection en T,Normale,Sans collision,,,,,,,,,,,1,2,3,1.0,7
201300054001,0013-01-28 22:10:00,13,1,28,22,10,750,116,"43, AVENUE DE LA GRANDE",,,Nuit avec éclairage allumé,En agglomération,Place,Pluie légère,Autre collision,,,,,,,,,,,5,2,7,2.0,6
201300054002,0013-01-29 09:45:00,13,1,29,9,45,750,116,QUAI SAINT EXUPERY,,,Plein jour,En agglomération,Hors intersection,Pluie légère,Deux véhicules - côté,,,,,,,,,,,1,2,1,2.0,3
201300054003,0013-01-29 18:01:00,13,1,29,18,1,750,116,"65, AVENUE DE LA GRANDE",,,Nuit avec éclairage allumé,En agglomération,Hors intersection,Pluie légère,Sans collision,,,,,,,,,,,5,2,1,2.0,7
201300054004,0013-01-29 21:50:00,13,1,29,21,50,750,116,PLACE CHARLES DE GAULLE,,,Nuit avec éclairage allumé,En agglomération,Place,Normale,Deux véhicules - côté,,,,,,,,,,,5,2,7,1.0,3
201300054005,0013-02-01 09:30:00,13,2,1,9,30,750,116,AVENUE EDOUARD VAILLANT,,,Plein jour,En agglomération,Hors intersection,Normale,Deux véhicules - arrière,,,,,,,,,,,1,2,1,1.0,2
201300054006,0013-02-01 13:15:00,13,2,1,13,15,750,116,PLACE DU MARECHAL DE LAT,,,Plein jour,En agglomération,Place,Temps couvert,Deux véhicules - côté,,,,,,,,,,,1,2,7,8.0,3
201300054007,0013-02-02 17:15:00,13,2,2,17,15,750,116,ROUTE DE LA PTE DES SABL,,,Plein jour,En agglomération,Hors intersection,Pluie légère,Deux véhicules - côté,,,,,,,,,,,1,2,1,2.0,3
201300054008,0013-02-02 05:10:00,13,2,2,5,10,750,116,AVENUE EDOUARD VAILLANT,,,Nuit avec éclairage allumé,En agglomération,Intersection en Y,Normale,Autre collision,,,,,,,,,,,5,2,4,1.0,6
201300054009,0013-02-03 21:20:00,13,2,3,21,20,750,116,BOULEVARD DE BEAUSEJOUR,,,Nuit avec éclairage allumé,En agglomération,Intersection en T,Pluie forte,Autre collision,,,,,,,,,,,5,2,3,3.0,6
201300054010,0013-02-03 21:45:00,13,2,3,21,45,750,116,ALLEE DE LA REINE MARGUE,,,Nuit avec éclairage allumé,En agglomération,Hors intersection,Pluie forte,Deux véhicules - côté,,,,,,,,,,,5,2,1,3.0,3
201300054011,0013-02-05 13:15:00,13,2,5,13,15,750,116,ROUTE DES MOULINS,,,Plein jour,En agglomération,Intersection en Y,Normale,Autre collision,,,,,,,,,,,1,2,4,1.0,6
201300054012,0013-02-06 10:35:00,13,2,6,10,35,750,116,"2, AVENUE VICTOR HUGO",,,Plein jour,En agglomération,Place,Normale,Deux véhicules - arrière,,,,,,,,,,,1,2,7,1.0,2
201300054013,0013-02-07 19:15:00,13,2,7,19,15,750,116,"49, BOULEVARD DE BEAUSEJ",,,Nuit sans éclairage public,En agglomération,Hors intersection,Normale,Autre collision,,,,,,,,,,,3,2,1,1.0,6
201300054014,0013-02-08 01:45:00,13,2,8,1,45,750,116,AVENUE KLEBER,,,Nuit avec éclairage allumé,En agglomération,Hors intersection,Pluie légère,Deux véhicules - frontale,,,,,,,,,,,5,2,1,2.0,1
201300054015,0013-02-08 11:45:00,13,2,8,11,45,750,116,"6, PLACE D IENA",,,Plein jour,En agglomération,Place,Normale,Deux véhicules - côté,,,,,,,,,,,1,2,7,1.0,3
201300054016,0013-02-09 12:00:00,13,2,9,12,0,750,116,"2, RUE BOIS LE VENT",,,Plein jour,En agglomération,Place,Pluie légère,Autre collision,,,,,,,,,,,1,2,7,2.0,6
201300054017,0013-02-09 17:00:00,13,2,9,17,0,750,116,"119, AVENUE DE VERSAILLE",,,Plein jour,En agglomération,Hors intersection,Normale,Deux véhicules - côté,,,,,,,,,,,1,2,1,1.0,3
201300054018,0013-02-14 18:45:00,13,2,14,18,45,750,116,"23, BOULEVARD SUCHET",,,Nuit avec éclairage allumé,En agglomération,Hors intersection,Pluie légère,Autre collision,,,,,,,,,,,5,2,1,2.0,6
201300054019,0013-02-14 19:45:00,13,2,14,19,45,750,116,BOULEVARD MURAT,,,Nuit avec éclairage allumé,En agglomération,Intersection en X,Temps couvert,Deux véhicules - côté,,,,,,,,,,,5,2,2,8.0,3
201300054020,0013-02-15 14:40:00,13,2,15,14,40,750,116,ROUTE DE LA MUETTE A NEU,,,Plein jour,En agglomération,Place,Normale,Autre collision,,,,,,,,,,,1,2,7,1.0,6
201300054021,0013-02-18 22:30:00,13,2,18,22,30,750,116,AVENUE RAYMOND POINCARE,,,Nuit avec éclairage allumé,En agglomération,Intersection en X,Normale,Deux véhicules - arrière,,,,,,,,,,,5,2,2,1.0,2
201300054022,0013-02-20 10:30:00,13,2,20,10,30,750,116,"132, AVENUE VICTOR HUGO",,,Plein jour,En agglomération,Hors intersection,Normale,Deux véhicules - arrière,,,,,,,,,,,1,2,1,1.0,2
201300054023,0013-02-20 17:35:00,13,2,20,17,35,750,116,PLACE DE LA PORTE MAILLO,,,Crépuscule ou aube,En agglomération,Hors intersection,Normale,Autre collision,,,,,,,,,,,2,2,1,1.0,6
201300054024,0013-02-20 18:50:00,13,2,20,18,50,750,116,PLACE D AUTEUIL,,,Nuit avec éclairage allumé,En agglomération,Hors intersection,Normale,Deux véhicules - arrière,,,,,,,,,,,5,2,1,1.0,2
201300054025,0013-02-21 12:30:00,13,2,21,12,30,750,116,"36, AVENUE RAYMOND POINC",,,Plein jour,En agglomération,Hors intersection,Normale,Deux véhicules - arrière,,,,,,,,,,,1,2,1,1.0,2
201300054026,0013-02-18 23:20:00,13,2,18,23,20,750,116,PLACE CHARLES DE GAULLE,,,Nuit avec éclairage allumé,En agglomération,Place,Normale,Deux véhicules - côté,,,,,,,,,,,5,2,7,1.0,3
201300054027,0013-02-22 09:10:00,13,2,22,9,10,750,116,ROUTE DE LA PTE DES SABL,,,Plein jour,En agglomération,Hors intersection,Neige / grêle,Sans collision,,,,,,,,,,,1,2,1,4.0,7
201300054028,0013-02-22 18:30:00,13,2,22,18,30,750,116,"25, AVENUE PAUL DOUMER",,,Nuit avec éclairage allumé,En agglomération,Intersection en X,Normale,Autre collision,,,,,,,,,,,5,2,2,1.0,6
201300054029,0013-02-25 18:15:00,13,2,25,18,15,750,116,"61, AVENUE GEORGES MANDE",,,Nuit avec éclairage allumé,En agglomération,Intersection en Y,Neige / grêle,Autre collision,,,,,,,,,,,5,2,4,4.0,6
201300054030,0013-02-27 08:45:00,13,2,27,8,45,750,116,AVENUE FOCH,,,Plein jour,En agglomération,Intersection en X,Normale,Autre collision,,,,,,,,,,,1,2,2,1.0,6
201300054031,0013-02-27 19:40:00,13,2,27,19,40,750,116,RUE HENRY DE LA VAULX,,,Nuit avec éclairage allumé,En agglomération,Hors intersection,Pluie légère,Sans collision,,,,,,,,,,,5,2,1,2.0,7
201300054032,0013-02-27 20:45:00,13,2,27,20,45,750,116,ALLEE DE LONGCHAMP,,,Nuit avec éclairage allumé,En agglomération,Intersection en X,Pluie légère,Autre collision,,,,,,,,,,,5,2,2,2.0,6
201300054033,0013-02-28 18:50:00,13,2,28,18,50,750,116,ALLEE DU BORD DE L EAU,,,Nuit avec éclairage allumé,En agglomération,Hors intersection,Normale,Autre collision,,,,,,,,,,,5,2,1,1.0,6
201300054034,0013-03-01 17:20:00,13,3,1,17,20,750,116,"13, RUE DES BELLES FEUIL",,,Plein jour,En agglomération,Hors intersection,Normale,Autre collision,,,,,,,,,,,1,2,1,1.0,6
201300054035,0013-03-04 15:40:00,13,3,4,15,40,750,116,RUE POUSSIN,,,Plein jour,En agglomération,Intersection en T,Normale,Deux véhicules - arrière,,,,,,,,,,,1,2,3,1.0,2
201300054036,0013-03-06 02:50:00,13,3,6,2,50,750,116,ROUTE DE LA PTE DAUPHINE,,,Nuit avec éclairage allumé,En agglomération,Hors intersection,Normale,Autre collision,,,,,,,,,,,5,2,1,1.0,6
201300054037,0013-03-06 18:55:00,13,3,6,18,55,750,116,"38, AVENUE DE VERSAILLES",,,Nuit avec éclairage allumé,En agglomération,Hors intersection,Pluie légère,Autre collision,,,,,,,,,,,5,2,1,2.0,6
201300054038,0013-03-06 21:50:00,13,3,6,21,50,750,116,"50, AVENUE FOCH",,,Nuit avec éclairage allumé,En agglomération,Intersection en X,Normale,Deux véhicules - arrière,,,,,,,,,,,5,2,2,1.0,2
201300054039,0013-03-06 22:20:00,13,3,6,22,20,750,116,"39, RUE MOLITOR",,,Nuit avec éclairage allumé,En agglomération,Intersection en X,Normale,Autre collision,,,,,,,,,,,5,2,2,1.0,6
201300054040,0013-03-07 17:30:00,13,3,7,17,30,750,116,"9 bis, BOULEVARD MURAT",,,Plein jour,En agglomération,Hors intersection,Normale,Autre collision,,,,,,,,,,,1,2,1,1.0,6
201300054041,0013-03-08 09:00:00,13,3,8,9,0,750,116,"190, AVENUE DE VERSAILLE",,,Plein jour,En agglomération,Intersection en Y,Normale,Deux véhicules - côté,,,,,,,,,,,1,2,4,1.0,3
201300054042,0013-03-09 19:55:00,13,3,9,19,55,750,116,AVENUE FERDINAND BUISSON,,,Nuit avec éclairage allumé,En agglomération,Intersection en X,Normale,Deux véhicules - arrière,,,,,,,,,,,5,2,2,1.0,2
201300054043,0013-03-09 20:30:00,13,3,9,20,30,750,116,"50, QUAI LOUIS BLERIOT",,,Nuit avec éclairage allumé,En agglomération,Hors intersection,Normale,Autre collision,,,,,,,,,,,5,2,1,1.0,6
201300054044,0013-03-10 19:05:00,13,3,10,19,5,750,116,"32, RUE AMIRAL HAMELIN",,,Nuit sans éclairage public,En agglomération,Hors intersection,Normale,Sans collision,,,,,,,,,,,3,2,1,1.0,7
201300054045,0013-03-11 11:20:00,13,3,11,11,20,750,116,"173, AVENUE VICTOR HUGO",,,Plein jour,En agglomération,Hors intersection,Normale,Deux véhicules - arrière,,,,,,,,,,,1,2,1,1.0,2
201300054046,0013-03-13 18:15:00,13,3,13,18,15,750,116,"61, RUE D AUTEUIL",,,Crépuscule ou aube,En agglomération,Intersection en Y,Normale,Autre collision,,,,,,,,,,,2,2,4,1.0,6
201300054047,0013-03-14 09:15:00,13,3,14,9,15,750,116,AVENUE DE LA PORTE D AUT,,,Plein jour,En agglomération,Intersection en T,Normale,Sans collision,,,,,,,,,,,1,2,3,1.0,7
201300054048,0013-03-14 14:30:00,13,3,14,14,30,750,116,"39, AVENUE MARCEAU",,,Plein jour,En agglomération,Intersection en X,Normale,Deux véhicules - côté,,,,,,,,,,,1,2,2,1.0,3
201300054049,0013-03-15 13:05:00,13,3,15,13,5,750,116,"48, AVENUE RAYMOND POINC",,,Plein jour,En agglomération,Hors intersection,Normale,Autre collision,,,,,,,,,,,1,2,1,1.0,6
201300054050,0013-03-15 19:05:00,13,3,15,19,5,750,116,PLACE DE VARSOVIE,,,Crépuscule ou aube,En agglomération,Place,Normale,Deux véhicules - frontale,,,,,,,,,,,2,2,7,1.0,1
201300054051,0013-03-16 02:10:00,13,3,16,2,10,750,116,BOULEVARD SUCHET,,,Nuit avec éclairage allumé,En agglomération,Intersection en X,Normale,Autre collision,,,,,,,,,,,5,2,2,1.0,6
201300054052,0013-03-18 11:00:00,13,3,18,11,0,750,108,PLACE DE L ALMA,,,Plein jour,En agglomération,Intersection en X,Normale,Deux véhicules - côté,,,,,,,,,,,1,2,2,1.0,3
201300054053,0013-03-18 17:30:00,13,3,18,17,30,750,116,AVENUE DE NEW YORK,,,Plein jour,En agglomération,Hors intersection,Normale,Autre collision,,,,,,,,,,,1,2,1,1.0,6
201300054054,0013-03-18 17:45:00,13,3,18,17,45,750,116,ALLEE DU BORD DE L EAU,,,Plein jour,En agglomération,Hors intersection,Normale,Deux véhicules - côté,,,,,,,,,,,1,2,1,1.0,3
201300054055,0013-03-18 22:10:00,13,3,18,22,10,750,116,AVENUE RAYMOND POINCARE,,,Nuit avec éclairage allumé,En agglomération,Place,Pluie forte,Autre collision,,,,,,,,,,,5,2,7,3.0,6
201300054056,0013-03-19 19:30:00,13,3,19,19,30,750,116,"43, AVENUE BUGEAUD",,,Crépuscule ou aube,En agglomération,Hors intersection,Pluie forte,Sans collision,,,,,,,,,,,2,2,1,3.0,7
201300054057,0013-03-20 20:40:00,13,3,20,20,40,750,116,PLACE DU MARECHAL DE LAT,,,Nuit avec éclairage allumé,En agglomération,Place,Normale,Deux véhicules - côté,,,,,,,,,,,5,2,7,1.0,3
201300054058,0013-03-21 20:00:00,13,3,21,20,0,750,116,BOULEVARD PERIPHERIQUE,,,Nuit avec éclairage allumé,En agglomération,Hors intersection,Pluie légère,Autre collision,,,,,,,,,,,5,2,1,2.0,6
201300054059,0013-03-21 21:00:00,13,3,21,21,0,750,116,"1, AVENUE DE LA GRANDE A",,,Nuit avec éclairage allumé,En agglomération,Place,Pluie légère,Trois véhicules et plus - collisions multiples,,,,,,,,,,,5,2,7,2.0,5
201300054060,0013-03-23 10:35:00,13,3,23,10,35,750,116,"15, RUE BOISSIERE",,,Plein jour,En agglomération,Hors intersection,Normale,Deux véhicules - frontale,,,,,,,,,,,1,2,1,1.0,1
201300054061,0013-03-24 13:30:00,13,3,24,13,30,750,116,AVENUE GEORGES MANDEL,,,Plein jour,En agglomération,Intersection en T,Normale,Deux véhicules - arrière,,,,,,,,,,,1,2,3,1.0,2
201300054062,0013-03-25 09:25:00,13,3,25,9,25,750,116,"15, AVENUE D IENA",,,Plein jour,En agglomération,Hors intersection,Normale,Autre collision,,,,,,,,,,,1,2,1,1.0,6
201300054063,0013-03-26 17:00:00,13,3,26,17,0,750,116,PLACE DE LA PORTE MAILLO,,,Plein jour,En agglomération,Hors intersection,Temps couvert,Deux véhicules - arrière,,,,,,,,,,,1,2,1,8.0,2
201300054064,0013-03-27 08:50:00,13,3,27,8,50,750,116,"4, RUE ALFRED BRUNEAU",,,Plein jour,En agglomération,Hors intersection,Normale,Autre collision,,,,,,,,,,,1,2,1,1.0,6
201300054065,0013-03-27 15:10:00,13,3,27,15,10,750,116,"110, AVENUE KLEBER",,,Plein jour,En agglomération,Hors intersection,Normale,Deux véhicules - côté,,,,,,,,,,,1,2,1,1.0,3
201300054066,0013-03-28 08:30:00,13,3,28,8,30,750,116,"35, RUE JEAN DE LA FONTA",,,Plein jour,En agglomération,Intersection en T,Temps couvert,Deux véhicules - côté,,,,,,,,,,,1,2,3,8.0,3
201300054067,0013-03-29 22:00:00,13,3,29,22,0,750,116,AVENUE EDOUARD VAILLANT,,,Nuit avec éclairage allumé,En agglomération,Intersection en X,Normale,Autre collision,,,,,,,,,,,5,2,2,1.0,6
201300054068,0013-03-30 13:45:00,13,3,30,13,45,750,116,"88, RUE DE LONGCHAMP",,,Plein jour,En agglomération,Hors intersection,Normale,Autre collision,,,,,,,,,,,1,2,1,1.0,6
201300054069,0013-04-02 09:10:00,13,4,2,9,10,750,116,"71, AVENUE KLEBER",,,Plein jour,En agglomération,Hors intersection,Normale,Deux véhicules - côté,,,,,,,,,,,1,2,1,1.0,3
201300054070,0013-04-02 20:10:00,13,4,2,20,10,750,116,ROUTE DE SEVRES A NEUILL,,,Plein jour,En agglomération,Hors intersection,Normale,Sans collision,,,,,,,,,,,1,2,1,1.0,7
201300054071,0013-04-04 22:40:00,13,4,4,22,40,750,116,ALLEE DE LONGCHAMP,,,Nuit avec éclairage allumé,En agglomération,Intersection en Y,Normale,Deux véhicules - côté,,,,,,,,,,,5,2,4,1.0,3
201300054072,0013-04-05 15:00:00,13,4,5,15,0,750,116,"61, BOULEVARD DE BEAUSEJ",,,Plein jour,En agglomération,Intersection en Y,Normale,Autre collision,,,,,,,,,,,1,2,4,1.0,6
201300054073,0013-04-07 11:20:00,13,4,7,11,20,750,116,"25, RUE RAYNOUARD",,,Plein jour,En agglomération,Intersection en T,Normale,Autre collision,,,,,,,,,,,1,2,3,1.0,6
201300054074,0013-04-05 21:20:00,13,4,5,21,20,750,116,RUE DE BOULAINVILLIERS,,,Nuit avec éclairage allumé,En agglomération,Intersection en X,Normale,Deux véhicules - côté,,,,,,,,,,,5,2,2,1.0,3
201300054075,0013-04-09 09:45:00,13,4,9,9,45,750,116,ALLEE DE LA REINE MARGUE,,,Plein jour,En agglomération,Intersection en T,Pluie légère,Deux véhicules - frontale,,,,,,,,,,,1,2,3,2.0,1
201300054076,0013-04-10 13:20:00,13,4,10,13,20,750,116,BOULEVARD PERIPHERIQUE I,,,Plein jour,En agglomération,Hors intersection,Pluie forte,Trois véhicules et plus - en chaîne,,,,,,,,,,,1,2,1,3.0,4
201300054077,0013-04-10 22:10:00,13,4,10,22,10,750,116,PLACE DE LA PORTE DE SAI,,,Nuit avec éclairage allumé,En agglomération,Place,Pluie forte,Deux véhicules - côté,,,,,,,,,,,5,2,7,3.0,3
201300054078,0013-04-11 10:15:00,13,4,11,10,15,750,116,"21, AVENUE DU PRESIDENT",,,Plein jour,En agglomération,Place,Normale,Deux véhicules - arrière,,,,,,,,,,,1,2,7,1.0,2
201300054079,0013-04-14 18:30:00,13,4,14,18,30,750,116,AVENUE DE L HIPPODROME,,,Plein jour,En agglomération,Hors intersection,Normale,Deux véhicules - arrière,,,,,,,,,,,1,2,1,1.0,2
201300054080,0013-04-15 11:50:00,13,4,15,11,50,750,116,AVENUE DU MAHATMA GANDHI,,,Plein jour,En agglomération,Intersection en X,Normale,Trois véhicules et plus - en chaîne,,,,,,,,,,,1,2,2,1.0,4
201300054081,0013-04-18 18:15:00,13,4,18,18,15,750,116,"56, AVENUE D IENA",,,Plein jour,En agglomération,Place,Normale,Autre collision,,,,,,,,,,,1,2,7,1.0,6
201300054082,0013-04-19 18:55:00,13,4,19,18,55,750,116,"17, CHAUSSEE LA MUETTE",,,Plein jour,En agglomération,Intersection en Y,Pluie légère,Deux véhicules - côté,,,,,,,,,,,1,2,4,2.0,3
201300054083,0013-04-21 17:25:00,13,4,21,17,25,750,116,ROUTE DE LA MUETTE A NEU,,,Plein jour,En agglomération,Hors intersection,Normale,Autre collision,,,,,,,,,,,1,2,1,1.0,6
201300054084,0013-04-21 20:35:00,13,4,21,20,35,750,116,ALLEE DU BORD DE L EAU,,,Crépuscule ou aube,En agglomération,Intersection en Y,Normale,Autre collision,,,,,,,,,,,2,2,4,1.0,6
201300054085,0013-04-22 02:40:00,13,4,22,2,40,750,116,ALLEE DE LA REINE MARGUE,,,Nuit avec éclairage allumé,En agglomération,Hors intersection,Normale,Autre collision,,,,,,,,,,,5,2,1,1.0,6
201300054086,0013-04-22 19:50:00,13,4,22,19,50,750,116,ROUTE DE SURESNES,,,Plein jour,En agglomération,Hors intersection,Normale,Deux véhicules - côté,,,,,,,,,,,1,2,1,1.0,3
201300054087,0013-04-24 23:44:00,13,4,24,23,44,750,116,"125, AVENUE DE VERSAILLE",,,Nuit avec éclairage allumé,En agglomération,Hors intersection,Normale,Autre collision,,,,,,,,,,,5,2,1,1.0,6
201300054088,0013-04-25 17:30:00,13,4,25,17,30,750,116,ALLEE DE LA REINE MARGUE,,,Plein jour,En agglomération,Hors intersection,Normale,Deux véhicules - côté,,,,,,,,,,,1,2,1,1.0,3
201300054089,0013-04-25 20:00:00,13,4,25,20,0,750,116,ROUTE DES TRIBUNES,,,Plein jour,En agglomération,Hors intersection,Normale,Deux véhicules - côté,,,,,,,,,,,1,2,1,1.0,3
201300054090,0013-04-26 06:05:00,13,4,26,6,5,750,116,ROUTE DES LACS A PASSY,,,Crépuscule ou aube,En agglomération,Intersection à plus de 4 branches,Normale,Deux véhicules - côté,,,,,,,,,,,2,2,5,1.0,3
201300054091,0013-04-26 11:37:00,13,4,26,11,37,750,116,"101, BOULEVARD MURAT",,,Plein jour,En agglomération,Hors intersection,Normale,Deux véhicules - côté,,,,,,,,,,,1,2,1,1.0,3
201300054092,0013-04-26 12:10:00,13,4,26,12,10,750,116,"97, AVENUE RAYMOND POINC",,,Plein jour,En agglomération,Intersection en Y,Normale,Autre collision,,,,,,,,,,,1,2,4,1.0,6
201300054093,0013-04-27 10:00:00,13,4,27,10,0,750,116,"88, AVENUE PAUL DOUMER",,,Plein jour,En agglomération,Hors intersection,Normale,Autre collision,,,,,,,,,,,1,2,1,1.0,6
201300054094,0013-04-27 20:05:00,13,4,27,20,5,750,116,"7bis, RUE DE BOULAINVILL",,,Crépuscule ou aube,En agglomération,Hors intersection,Normale,Autre collision,,,,,,,,,,,2,2,1,1.0,6
201300054095,0013-04-28 00:40:00,13,4,28,0,40,750,116,ALLEE DE LA REINE MARGUE,,,Nuit avec éclairage allumé,En agglomération,Hors intersection,Normale,Deux véhicules - côté,,,,,,,,,,,5,2,1,1.0,3
201300054096,0013-04-29 15:05:00,13,4,29,15,5,750,116,"55, RUE MOLITOR",,,Plein jour,En agglomération,Intersection en X,Normale,Autre collision,,,,,,,,,,,1,2,2,1.0,6
201300054097,0013-04-30 23:30:00,13,4,30,23,30,750,116,CHAUSSEE LA MUETTE,,,Nuit avec éclairage allumé,En agglomération,Intersection à plus de 4 branches,Pluie légère,Sans collision,,,,,,,,,,,5,2,5,2.0,7
201300054098,0013-05-02 07:45:00,13,5,2,7,45,750,116,"16, AVENUE DU PRESIDENT",,,Plein jour,En agglomération,Hors intersection,Normale,Autre collision,,,,,,,,,,,1,2,1,1.0,6
201300054099,0013-05-04 15:15:00,13,5,4,15,15,750,116,"09, PLACE VICTOR HUGO",,,Plein jour,En agglomération,Place,Normale,Deux véhicules - arrière,,,,,,,,,,,1,2,7,1.0,2
201300054100,0013-05-04 18:55:00,13,5,4,18,55,750,116,"13, RUE GROS",,,Plein jour,En agglomération,Hors intersection,Normale,Autre collision,,,,,,,,,,,1,2,1,1.0,6
201300054101,0013-05-05 03:00:00,13,5,5,3,0,750,116,PLACE CLEMENT ADER,,,Nuit avec éclairage allumé,En agglomération,Place,Normale,Deux véhicules - côté,,,,,,,,,,,5,2,7,1.0,3
201300054102,0013-05-06 13:05:00,13,5,6,13,5,750,116,"36, AVENUE DU PRESIDENT",,,Plein jour,En agglomération,Intersection à plus de 4 branches,Pluie légère,Autre collision,,,,,,,,,,,1,2,5,2.0,6
201300054103,0013-05-06 15:10:00,13,5,6,15,10,750,116,ROUTE DE LA PTE DES SABL,,,Plein jour,En agglomération,Intersection en X,Normale,Deux véhicules - côté,,,,,,,,,,,1,2,2,1.0,3
201300054104,0013-05-06 17:10:00,13,5,6,17,10,750,116,RUE FELICIEN DAVID,,,Plein jour,En agglomération,Intersection en X,Normale,Deux véhicules - côté,,,,,,,,,,,1,2,2,1.0,3
201300054105,0013-05-08 18:50:00,13,5,8,18,50,750,116,AVENUE DE L HIPPODROME,,,Plein jour,En agglomération,Hors intersection,Normale,Autre collision,,,,,,,,,,,1,2,1,1.0,6
201300054106,0013-05-09 02:45:00,13,5,9,2,45,750,116,"131, RUE MICHEL ANGE",,,Nuit avec éclairage allumé,En agglomération,Hors intersection,Normale,Autre collision,,,,,,,,,,,5,2,1,1.0,6
201300054107,0013-05-11 12:00:00,13,5,11,12,0,750,116,"11/13, RUE DE BOULAINVIL",,,Plein jour,En agglomération,Hors intersection,Normale,Deux véhicules - côté,,,,,,,,,,,1,2,1,1.0,3
201300054108,0013-05-12 04:50:00,13,5,12,4,50,750,116,ALLEE DE LONGCHAMP,,,Nuit avec éclairage allumé,En agglomération,Hors intersection,Normale,Deux véhicules - côté,,,,,,,,,,,5,2,1,1.0,3
201300054109,0013-05-13 09:40:00,13,5,13,9,40,750,116,"25, RUE DE LONGCHAMP",,,Plein jour,En agglomération,Intersection en T,Normale,Autre collision,,,,,,,,,,,1,2,3,1.0,6
201300054110,0013-05-14 13:50:00,13,5,14,13,50,750,116,"60, BOULEVARD EMILE AUGI",,,Plein jour,En agglomération,Hors intersection,Normale,Deux véhicules - côté,,,,,,,,,,,1,2,1,1.0,3
201300054111,0013-05-15 10:25:00,13,5,15,10,25,750,116,"2, ROUTE DES TRIBUNES",,,Plein jour,En agglomération,Hors intersection,Normale,Deux véhicules - arrière,,,,,,,,,,,1,2,1,1.0,2
201300054112,0013-05-15 18:33:00,13,5,15,18,33,750,116,"213, AVENUE DE VERSAILLE",,,Plein jour,En agglomération,Hors intersection,Normale,Trois véhicules et plus - en chaîne,,,,,,,,,,,1,2,1,1.0,4
201300054113,0013-05-16 08:30:00,13,5,16,8,30,750,116,"02, BOULEVARD DELESSERT",,,Plein jour,En agglomération,Intersection en T,Temps couvert,Deux véhicules - arrière,,,,,,,,,,,1,2,3,8.0,2