accident_id,datetime,annee,mois,jour,heure,minute,departement,commune_insee,adresse,latitude,longitude,luminosite,agglomeration,intersection,meteo,collision,nb_vehicules,nb_usagers,nb_indemnes,nb_tues,nb_blesses_hosp,nb_blesses_legers,age_cond_1,age_cond_2,veh_type_cond_1,veh_type_cond_2,lum_code,agg_code,int_code,atm_code,col_code
201300054244,0013-08-18 17:30:00,13,8,18,17,30,750,116,ALLEE DU BORD DE L EAU,,,Plein jour,En agglomération,Hors intersection,Normale,Autre collision,,,,,,,,,,,1,2,1,1.0,6
201300054245,0013-08-20 17:15:00,13,8,20,17,15,750,116,ALLEE DE LONGCHAMP,,,Plein jour,En agglomération,Intersection en Y,Normale,Deux véhicules - arrière,,,,,,,,,,,1,2,4,1.0,2
201300054246,0013-08-22 17:30:00,13,8,22,17,30,750,116,PLACE DU MARECHAL DE LAT,,,Plein jour,En agglomération,Place,Normale,Sans collision,,,,,,,,,,,1,2,7,1.0,7
201300054247,0013-08-23 12:10:00,13,8,23,12,10,750,116,ROUTE DES TRIBUNES,,,Plein jour,En agglomération,Hors intersection,Normale,Sans collision,,,,,,,,,,,1,2,1,1.0,7
201300054248,0013-08-26 09:00:00,13,8,26,9,0,750,116,AVENUE FOCH,,,Plein jour,En agglomération,Place,Temps couvert,Deux véhicules - arrière,,,,,,,,,,,1,2,7,8.0,2
201300054249,0013-08-26 18:00:00,13,8,26,18,0,750,116,"1, RUE DE L AMIRAL CLOUE",,,Plein jour,En agglomération,Intersection en T,Normale,Autre collision,,,,,,,,,,,1,2,3,1.0,6
201300054250,0013-08-27 00:40:00,13,8,27,0,40,750,116,"18, RUE CORTAMBERT",,,Nuit avec éclairage allumé,En agglomération,Hors intersection,Normale,Sans collision,,,,,,,,,,,5,2,1,1.0,7
201300054251,0013-08-27 18:50:00,13,8,27,18,50,750,116,ROUTE DES TRIBUNES,,,Plein jour,En agglomération,Hors intersection,Normale,Autre collision,,,,,,,,,,,1,2,1,1.0,6
201300054252,0013-08-29 10:00:00,13,8,29,10,0,750,116,"39, AVENUE KLEBER",,,Plein jour,En agglomération,Intersection à plus de 4 branches,Normale,Deux véhicules - côté,,,,,,,,,,,1,2,5,1.0,3
201300054253,0013-08-29 09:10:00,13,8,29,9,10,750,116,BOULEVARD PERIPHERIQUE,,,Plein jour,En agglomération,Hors intersection,Normale,Deux véhicules - côté,,,,,,,,,,,1,2,1,1.0,3
201300054254,0013-08-30 17:15:00,13,8,30,17,15,750,116,"31, RUE DE L ASSOMPTION",,,Plein jour,En agglomération,Intersection à plus de 4 branches,Normale,Autre collision,,,,,,,,,,,1,2,5,1.0,6
201300054255,0013-08-31 16:30:00,13,8,31,16,30,750,116,"142, AVENUE DE VERSAILLE",,,Plein jour,En agglomération,Intersection en T,Normale,Deux véhicules - frontale,,,,,,,,,,,1,2,3,1.0,1
201300054256,0013-08-31 12:30:00,13,8,31,12,30,750,116,AVENUE GEORGES MANDEL,,,Plein jour,En agglomération,Intersection en T,Normale,Deux véhicules - arrière,,,,,,,,,,,1,2,3,1.0,2
201300054257,0013-09-02 09:20:00,13,9,2,9,20,750,116,"59, PLACE DE BARCELONE",,,Plein jour,En agglomération,Place,Normale,Sans collision,,,,,,,,,,,1,2,7,1.0,7
201300054258,0013-09-02 06:45:00,13,9,2,6,45,750,116,ROUTE DE LA PTE DAUPHINE,,,Crépuscule ou aube,En agglomération,Hors intersection,Normale,Autre collision,,,,,,,,,,,2,2,1,1.0,6
201300054259,0013-09-02 10:25:00,13,9,2,10,25,750,116,"56, AVENUE MOZART",,,Plein jour,En agglomération,Intersection en X,Normale,Autre collision,,,,,,,,,,,1,2,2,1.0,6
201300054260,0013-09-02 10:50:00,13,9,2,10,50,750,116,"110, AVENUE RAYMOND POIN",,,Plein jour,En agglomération,Hors intersection,Normale,Autre collision,,,,,,,,,,,1,2,1,1.0,6
201300054261,0013-09-02 14:20:00,13,9,2,14,20,750,116,"80, RUE DE LA TOUR",,,Plein jour,En agglomération,Hors intersection,Normale,Deux véhicules - côté,,,,,,,,,,,1,2,1,1.0,3
201300054262,0013-09-02 16:10:00,13,9,2,16,10,750,116,PLACE DE LA PORTE DE SAI,,,Plein jour,En agglomération,Place,Normale,Autre collision,,,,,,,,,,,1,2,7,1.0,6
201300054263,0013-09-02 19:15:00,13,9,2,19,15,750,116,AVENUE DU PRESIDENT KENN,,,Plein jour,En agglomération,Hors intersection,Normale,Sans collision,,,,,,,,,,,1,2,1,1.0,7
201300054264,0013-09-02 18:45:00,13,9,2,18,45,750,116,"90, AVENUE D IENA",,,Plein jour,En agglomération,Hors intersection,Normale,Autre collision,,,,,,,,,,,1,2,1,1.0,6
201300054265,0013-09-03 15:10:00,13,9,3,15,10,750,116,"15, AVENUE PAUL DOUMER",,,Plein jour,En agglomération,Hors intersection,Normale,Autre collision,,,,,,,,,,,1,2,1,1.0,6
201300054266,0013-09-04 11:45:00,13,9,4,11,45,750,117,"98, AVENUE DE VILLIERS",,,Plein jour,En agglomération,Hors intersection,Normale,Deux véhicules - côté,,,,,,,,,,,1,2,1,1.0,3
201300054267,0013-09-04 16:00:00,13,9,4,16,0,750,116,"24, AVENUE DE NEW YORK",,,Plein jour,En agglomération,Intersection en X,Normale,Autre collision,,,,,,,,,,,1,2,2,1.0,6
201300054268,0013-09-05 12:20:00,13,9,5,12,20,750,116,"32, AVENUE GEORGES MANDE",,,Plein jour,En agglomération,Hors intersection,Normale,Deux véhicules - arrière,,,,,,,,,,,1,2,1,1.0,2
201300054269,0013-09-05 19:45:00,13,9,5,19,45,750,116,AVENUE DE NEUILLY,,,Plein jour,En agglomération,Intersection à plus de 4 branches,Normale,Deux véhicules - côté,,,,,,,,,,,1,2,5,1.0,3
201300054270,0013-09-06 09:50:00,13,9,6,9,50,750,116,"57, AVENUE DE LA GRANDE",,,Plein jour,En agglomération,Hors intersection,Temps couvert,Sans collision,,,,,,,,,,,1,2,1,8.0,7
201300054271,0013-09-06 10:20:00,13,9,6,10,20,750,116,ALLEE DE LA REINE MARGUE,,,Plein jour,En agglomération,Intersection à plus de 4 branches,Pluie forte,Sans collision,,,,,,,,,,,1,2,5,3.0,7
201300054272,0013-09-06 11:20:00,13,9,6,11,20,750,116,"59, AVENUE THEOPHILE GAU",,,Plein jour,En agglomération,Intersection en X,Pluie forte,Autre collision,,,,,,,,,,,1,2,2,3.0,6
201300054273,0013-09-06 12:00:00,13,9,6,12,0,750,116,"152, AVENUE DE MALAKOFF",,,Plein jour,En agglomération,Intersection en T,Normale,Deux véhicules - côté,,,,,,,,,,,1,2,3,1.0,3
201300054274,0013-09-06 13:00:00,13,9,6,13,0,750,116,"89, AVENUE DE LA GRANDE",,,Plein jour,En agglomération,Place,Pluie légère,Sans collision,,,,,,,,,,,1,2,7,2.0,7
201300054275,0013-09-09 08:33:00,13,9,9,8,33,750,116,AVENUE DE VERSAILLES,,,Plein jour,En agglomération,Intersection en X,Normale,Deux véhicules - côté,,,,,,,,,,,1,2,2,1.0,3
201300054276,0013-09-09 14:35:00,13,9,9,14,35,750,116,"32, RUE POUSSIN",,,Plein jour,En agglomération,Hors intersection,Pluie légère,Sans collision,,,,,,,,,,,1,2,1,2.0,7
201300054277,0013-09-09 17:45:00,13,9,9,17,45,750,116,ALLEE DE LA REINE MARGUE,,,Plein jour,En agglomération,Intersection en X,Pluie légère,Sans collision,,,,,,,,,,,1,2,2,2.0,7
201300054278,0013-09-10 09:10:00,13,9,10,9,10,750,116,RUE DES VIGNES,,,Plein jour,En agglomération,Intersection en X,Normale,Autre collision,,,,,,,,,,,1,2,2,1.0,6
201300054279,0013-09-10 15:00:00,13,9,10,15,0,750,116,"420, AVENUE DE NEW YORK",,,Plein jour,En agglomération,Hors intersection,Pluie légère,Autre collision,,,,,,,,,,,1,2,1,2.0,6
201300054280,0013-09-11 23:00:00,13,9,11,23,0,750,116,"55, AVENUE KLEBER",,,Nuit avec éclairage allumé,En agglomération,Intersection en Y,Normale,Autre collision,,,,,,,,,,,5,2,4,1.0,6
201300054281,0013-09-12 08:34:00,13,9,12,8,34,750,116,AVENUE FOCH,,,Plein jour,En agglomération,Intersection à plus de 4 branches,Normale,Autre collision,,,,,,,,,,,1,2,5,1.0,6
201300054282,0013-09-12 18:50:00,13,9,12,18,50,750,116,"193, AVENUE DE VERSAILLE",,,Plein jour,En agglomération,Intersection à plus de 4 branches,Temps couvert,Deux véhicules - arrière,,,,,,,,,,,1,2,5,8.0,2
201300054283,0013-09-13 13:00:00,13,9,13,13,0,750,116,BOULEVARD EXELMANS,,,Plein jour,En agglomération,Intersection en X,Normale,Autre collision,,,,,,,,,,,1,2,2,1.0,6
201300054284,0013-09-13 17:10:00,13,9,13,17,10,750,116,ALLEE DU BORD DE L EAU,,,Plein jour,En agglomération,Intersection en T,Pluie légère,Sans collision,,,,,,,,,,,1,2,3,2.0,7
201300054285,0013-09-14 04:55:00,13,9,14,4,55,750,116,ALLEE DE LA REINE MARGUE,,,Nuit avec éclairage allumé,En agglomération,Intersection en X,Normale,Autre collision,,,,,,,,,,,5,2,2,1.0,6
201300054286,0013-09-14 11:35:00,13,9,14,11,35,750,116,"65, AVENUE FOCH",,,Plein jour,En agglomération,Hors intersection,Pluie légère,Autre collision,,,,,,,,,,,1,2,1,2.0,6
201300054287,0013-09-14 05:30:00,13,9,14,5,30,750,117,"223, RUE DE COURCELLES",,,Nuit avec éclairage allumé,En agglomération,Intersection à plus de 4 branches,Pluie légère,Sans collision,,,,,,,,,,,5,2,5,2.0,7
201300054288,0013-09-15 11:00:00,13,9,15,11,0,750,116,"23, RUE BENJAMIN FRANKLI",,,Plein jour,En agglomération,Intersection en T,Normale,Deux véhicules - côté,,,,,,,,,,,1,2,3,1.0,3
201300054289,0013-09-15 11:45:00,13,9,15,11,45,750,116,ROUTE DES TRIBUNES,,,Plein jour,En agglomération,Hors intersection,Normale,Autre collision,,,,,,,,,,,1,2,1,1.0,6
201300054290,0013-09-15 11:55:00,13,9,15,11,55,750,116,ROUTE DE LA MUETTE A NEU,,,Plein jour,En agglomération,Hors intersection,Normale,Autre collision,,,,,,,,,,,1,2,1,1.0,6
201300054291,0013-09-16 18:15:00,13,9,16,18,15,750,116,BOULEVARD PERIPHERIQUE I,,,Plein jour,En agglomération,Hors intersection,Pluie légère,Trois véhicules et plus - en chaîne,,,,,,,,,,,1,2,1,2.0,4
201300054292,0013-09-16 13:00:00,13,9,16,13,0,750,116,"17, AVENUE KLEBER",,,Plein jour,En agglomération,Intersection en T,Temps couvert,Autre collision,,,,,,,,,,,1,2,3,8.0,6
201300054293,0013-09-17 07:45:00,13,9,17,7,45,750,116,"13, BOULEVARD LANNES",,,Plein jour,En agglomération,Hors intersection,Pluie légère,Deux véhicules - arrière,,,,,,,,,,,1,2,1,2.0,2
201300054294,0013-09-13 13:30:00,13,9,13,13,30,750,116,RUE WILHEM,,,Plein jour,En agglomération,Intersection en X,Pluie légère,Sans collision,,,,,,,,,,,1,2,2,2.0,7
201300054295,0013-09-17 15:00:00,13,9,17,15,0,750,116,AVENUE DE NEW YORK,,,Plein jour,En agglomération,Hors intersection,Normale,Autre collision,,,,,,,,,,,1,2,1,1.0,6
201300054296,0013-09-17 22:25:00,13,9,17,22,25,750,116,BOULEVARD DE L AMIRAL BR,,,Nuit avec éclairage allumé,En agglomération,Intersection à plus de 4 branches,Pluie légère,Deux véhicules - arrière,,,,,,,,,,,5,2,5,2.0,2
201300054297,0013-09-19 09:30:00,13,9,19,9,30,750,116,AVENUE EDOUARD VAILLANT,,,Plein jour,En agglomération,Hors intersection,Normale,Trois véhicules et plus - en chaîne,,,,,,,,,,,1,2,1,1.0,4
201300054298,0013-09-19 13:00:00,13,9,19,13,0,750,116,ALLEE JEAN SABLON,,,Plein jour,En agglomération,Hors intersection,Normale,Autre collision,,,,,,,,,,,1,2,1,1.0,6
201300054299,0013-09-20 10:40:00,13,9,20,10,40,750,116,"1, ROUTE DES TRIBUNES",,,Plein jour,En agglomération,Intersection à plus de 4 branches,Normale,Deux véhicules - côté,,,,,,,,,,,1,2,5,1.0,3
201300054300,0013-09-20 13:50:00,13,9,20,13,50,750,116,AVENUE D IENA,,,Plein jour,En agglomération,Place,Normale,Deux véhicules - côté,,,,,,,,,,,1,2,7,1.0,3
201300054301,0013-09-18 16:10:00,13,9,18,16,10,750,116,AVENUE DU PRESIDENT KENN,,,Plein jour,En agglomération,Intersection en X,Normale,Sans collision,,,,,,,,,,,1,2,2,1.0,7
201300054302,0013-09-22 10:20:00,13,9,22,10,20,750,116,"50, RUE JEAN DE LA FONTA",,,Plein jour,En agglomération,Hors intersection,Normale,Deux véhicules - côté,,,,,,,,,,,1,2,1,1.0,3
201300054303,0013-09-22 23:00:00,13,9,22,23,0,750,116,BOULEVARD SUCHET,,,Nuit avec éclairage allumé,En agglomération,Intersection en T,Normale,Deux véhicules - côté,,,,,,,,,,,5,2,3,1.0,3
201300054304,0013-09-20 21:00:00,13,9,20,21,0,750,116,ALLEE DE LA REINE MARGUE,,,Nuit avec éclairage allumé,En agglomération,Hors intersection,Normale,Deux véhicules - côté,,,,,,,,,,,5,2,1,1.0,3
201300054305,0013-09-23 10:00:00,13,9,23,10,0,750,116,"1, PORTE D AUTEUIL",,,Plein jour,En agglomération,Hors intersection,Normale,Trois véhicules et plus - en chaîne,,,,,,,,,,,1,2,1,1.0,4
201300054306,0013-09-23 15:30:00,13,9,23,15,30,750,116,"1, AVENUE DE L HIPPODROM",,,Plein jour,En agglomération,Place,Normale,Deux véhicules - côté,,,,,,,,,,,1,2,7,1.0,3
201300054307,0013-09-23 19:35:00,13,9,23,19,35,750,116,"42, RUE DE BOULAINVILLIE",,,Crépuscule ou aube,En agglomération,Intersection en Y,Normale,Deux véhicules - côté,,,,,,,,,,,2,2,4,1.0,3
201300054308,0013-09-23 08:45:00,13,9,23,8,45,750,116,BOULEVARD SUCHET,,,Plein jour,En agglomération,Intersection en X,Normale,Deux véhicules - côté,,,,,,,,,,,1,2,2,1.0,3
201300054309,0013-09-23 13:25:00,13,9,23,13,25,750,116,"88, AVENUE KLEBER",,,Plein jour,En agglomération,Hors intersection,Normale,Autre collision,,,,,,,,,,,1,2,1,1.0,6
201300054310,0013-09-23 13:00:00,13,9,23,13,0,750,116,"3, AVENUE DU GENERAL SAR",,,Plein jour,En agglomération,Place,Normale,Autre collision,,,,,,,,,,,1,2,7,1.0,6
201300054311,0013-09-24 17:15:00,13,9,24,17,15,750,116,"4, PLACE DU TROCADERO",,,Plein jour,En agglomération,Place,Normale,Autre collision,,,,,,,,,,,1,2,7,1.0,6
201300054312,0013-09-25 15:30:00,13,9,25,15,30,750,116,"35, RUE MIRABEAU",,,Plein jour,En agglomération,Hors intersection,Normale,Sans collision,,,,,,,,,,,1,2,1,1.0,7
201300054313,0013-09-25 20:00:00,13,9,25,20,0,750,116,"58, AVENUE DE VERSAILLES",,,Nuit avec éclairage allumé,En agglomération,Hors intersection,Normale,Deux véhicules - arrière,,,,,,,,,,,5,2,1,1.0,2
201300054314,0013-09-26 00:50:00,13,9,26,0,50,750,116,"18, AVENUE DU PRESIDENT",,,Nuit avec éclairage allumé,En agglomération,Intersection en T,Pluie légère,Autre collision,,,,,,,,,,,5,2,3,2.0,6
201300054315,0013-09-27 10:35:00,13,9,27,10,35,750,116,ROUTE DE SURESNES,,,Plein jour,En agglomération,Hors intersection,Normale,Deux véhicules - arrière,,,,,,,,,,,1,2,1,1.0,2
201300054316,0013-09-27 15:55:00,13,9,27,15,55,750,116,BOULEVARD LANNES,,,Plein jour,En agglomération,Intersection en T,Normale,Autre collision,,,,,,,,,,,1,2,3,1.0,6
201300054317,0013-09-27 18:55:00,13,9,27,18,55,750,116,"110, AVENUE RAYMOND POIN",,,Plein jour,En agglomération,Hors intersection,Normale,Deux véhicules - arrière,,,,,,,,,,,1,2,1,1.0,2
201300054318,0013-09-27 16:50:00,13,9,27,16,50,750,116,AVENUE DE LA PORTE MOLIT,,,Plein jour,En agglomération,Intersection en Y,Normale,Deux véhicules - côté,,,,,,,,,,,1,2,4,1.0,3
201300054319,0013-09-28 09:10:00,13,9,28,9,10,750,116,AVENUE DE SAINT CLOUD,,,Plein jour,En agglomération,Hors intersection,Normale,Sans collision,,,,,,,,,,,1,2,1,1.0,7
201300054320,0013-09-29 00:10:00,13,9,29,0,10,750,116,"87, BOULEVARD EXELMANS",,,Nuit avec éclairage allumé,En agglomération,Intersection en T,Pluie légère,Deux véhicules - côté,,,,,,,,,,,5,2,3,2.0,3
201300054321,0013-09-29 00:30:00,13,9,29,0,30,750,116,ALLEE DE LONGCHAMP,,,Nuit avec éclairage allumé,En agglomération,Hors intersection,Pluie légère,Autre collision,,,,,,,,,,,5,2,1,2.0,6
201300054322,0013-09-29 17:35:00,13,9,29,17,35,750,116,PLACE DU TROCADERO,,,Plein jour,En agglomération,Place,Normale,Deux véhicules - côté,,,,,,,,,,,1,2,7,1.0,3
201300054323,0013-09-30 03:15:00,13,9,30,3,15,750,116,AVENUE DE SAINT CLOUD,,,Nuit avec éclairage allumé,En agglomération,Hors intersection,Normale,Deux véhicules - arrière,,,,,,,,,,,5,2,1,1.0,2
201300054324,0013-09-30 13:00:00,13,9,30,13,0,750,116,"11, RUE GERICAULT",,,Plein jour,En agglomération,Intersection en T,Normale,Autre collision,,,,,,,,,,,1,2,3,1.0,6
201300054325,0013-10-01 00:15:00,13,10,1,0,15,750,116,ALLEE DE LONGCHAMP,,,Nuit avec éclairage allumé,En agglomération,Intersection en Y,Normale,Sans collision,,,,,,,,,,,5,2,4,1.0,7
201300054326,0013-10-01 17:50:00,13,10,1,17,50,750,116,AVENUE MARCEAU,,,Plein jour,En agglomération,Place,Normale,Deux véhicules - arrière,,,,,,,,,,,1,2,7,1.0,2
201300054327,0013-10-02 14:20:00,13,10,2,14,20,750,116,"83, AVENUE VICTOR HUGO",,,Plein jour,En agglomération,Hors intersection,Normale,Deux véhicules - arrière,,,,,,,,,,,1,2,1,1.0,2
201300054328,0013-10-02 16:20:00,13,10,2,16,20,750,116,"69, AVENUE RAYMOND POINC",,,Plein jour,En agglomération,Hors intersection,Normale,Deux véhicules - côté,,,,,,,,,,,1,2,1,1.0,3
201300054329,0013-10-02 17:30:00,13,10,2,17,30,750,116,"146, RUE DE LONGCHAMP",,,Plein jour,En agglomération,Hors intersection,Normale,Deux véhicules - arrière,,,,,,,,,,,1,2,1,1.0,2
201300054330,0013-10-02 23:20:00,13,10,2,23,20,750,116,ALLEE DES FORTIFICATIONS,,,Nuit avec éclairage allumé,En agglomération,Hors intersection,Normale,Deux véhicules - arrière,,,,,,,,,,,5,2,1,1.0,2
201300054331,0013-10-02 23:50:00,13,10,2,23,50,750,116,ALLEE DE LA REINE MARGUE,,,Nuit avec éclairage allumé,En agglomération,Hors intersection,Normale,Deux véhicules - frontale,,,,,,,,,,,5,2,1,1.0,1
201300054332,0013-10-03 08:55:00,13,10,3,8,55,750,117,AVENUE DE VILLIERS,,,Plein jour,En agglomération,Intersection en X,Normale,Autre collision,,,,,,,,,,,1,2,2,1.0,6
201300054333,0013-10-03 09:50:00,13,10,3,9,50,750,116,BOULEVARD PERIPHERIQUE I,,,Plein jour,En agglomération,Hors intersection,Normale,Deux véhicules - côté,,,,,,,,,,,1,2,1,1.0,3
201300054334,0013-10-04 10:25:00,13,10,4,10,25,750,116,"228, AVENUE DE VERSAILLE",,,Plein jour,En agglomération,Hors intersection,Normale,Autre collision,,,,,,,,,,,1,2,1,1.0,6
201300054335,0013-10-04 09:00:00,13,10,4,9,0,750,116,ROUTE DE LA MUETTE A NEU,,,Plein jour,En agglomération,Intersection en Y,Normale,Trois véhicules et plus - en chaîne,,,,,,,,,,,1,2,4,1.0,4
201300054336,0013-10-04 16:55:00,13,10,4,16,55,750,116,ROUTE DE SEVRES A NEUILL,,,Plein jour,En agglomération,Hors intersection,Normale,Autre collision,,,,,,,,,,,1,2,1,1.0,6
201300054337,0013-10-04 16:45:00,13,10,4,16,45,750,116,"55, AVENUE DE LA GRANDE",,,Plein jour,En agglomération,Hors intersection,Normale,Sans collision,,,,,,,,,,,1,2,1,1.0,7
201300054338,0013-10-05 16:30:00,13,10,5,16,30,750,116,"77, RUE DE L ASSOMPTION",,,Plein jour,En agglomération,Hors intersection,Normale,Deux véhicules - arrière,,,,,,,,,,,1,2,1,1.0,2
201300054339,0013-10-05 13:00:00,13,10,5,13,0,750,116,"0, RUE SPONTINI",,,Plein jour,En agglomération,Intersection en T,Normale,Deux véhicules - côté,,,,,,,,,,,1,2,3,1.0,3
201300054340,0013-10-09 15:00:00,13,10,9,15,0,750,116,"7, AVENUE FOCH",,,Plein jour,En agglomération,Hors intersection,Pluie légère,Deux véhicules - arrière,,,,,,,,,,,1,2,1,2.0,2
201300054341,0013-10-09 15:35:00,13,10,9,15,35,750,116,RUE PIERRE GUERIN,,,Plein jour,En agglomération,Intersection en X,Pluie légère,Autre collision,,,,,,,,,,,1,2,2,2.0,6
201300054342,0013-10-09 17:20:00,13,10,9,17,20,750,116,"120, RUE JEAN DE LA FONT",,,Plein jour,En agglomération,Intersection à plus de 4 branches,Pluie légère,Autre collision,,,,,,,,,,,1,2,5,2.0,6
201300054343,0013-10-09 20:20:00,13,10,9,20,20,750,116,"3, PLACE D IENA",,,Nuit avec éclairage allumé,En agglomération,Place,Autre,Deux véhicules - côté,,,,,,,,,,,5,2,7,9.0,3
201300054344,0013-10-10 11:20:00,13,10,10,11,20,750,116,ROUTE DES TRIBUNES,,,Plein jour,En agglomération,Hors intersection,Temps couvert,Sans collision,,,,,,,,,,,1,2,1,8.0,7
201300054345,0013-10-09 19:00:00,13,10,9,19,0,750,116,"44, AVENUE BUGEAUD",,,Crépuscule ou aube,En agglomération,Place,Normale,Autre collision,,,,,,,,,,,2,2,7,1.0,6
201300054346,0013-10-10 17:25:00,13,10,10,17,25,750,116,"25, BOULEVARD DE L AMIRA",,,Plein jour,En agglomération,Intersection en T,Normale,Autre collision,,,,,,,,,,,1,2,3,1.0,6
201300054347,0013-10-11 00:25:00,13,10,11,0,25,750,116,"10, RUE DE LA POMPE",,,Nuit avec éclairage allumé,En agglomération,Intersection à plus de 4 branches,Normale,Deux véhicules - côté,,,,,,,,,,,5,2,5,1.0,3
201300054348,0013-10-12 16:25:00,13,10,12,16,25,750,116,AVENUE PAUL DOUMER,,,Plein jour,En agglomération,Intersection en X,Normale,Trois véhicules et plus - collisions multiples,,,,,,,,,,,1,2,2,1.0,5
201300054349,0013-10-15 14:25:00,13,10,15,14,25,750,116,"89, AVENUE DE LA GRANDE",,,Plein jour,En agglomération,Place,Normale,Deux véhicules - côté,,,,,,,,,,,1,2,7,1.0,3
201300054350,0013-10-15 21:40:00,13,10,15,21,40,750,116,"36, RUE MICHEL ANGE",,,Nuit avec éclairage allumé,En agglomération,Intersection en X,Normale,Autre collision,,,,,,,,,,,5,2,2,1.0,6
201300054351,0013-10-16 09:45:00,13,10,16,9,45,750,116,ROUTE DE SEVRES A NEUILL,,,Plein jour,En agglomération,Hors intersection,Normale,Deux véhicules - arrière,,,,,,,,,,,1,2,1,1.0,2
201300054352,0013-10-16 20:30:00,13,10,16,20,30,750,116,BOULEVARD EXELMANS,,,Nuit avec éclairage allumé,En agglomération,Intersection en X,Pluie légère,Deux véhicules - côté,,,,,,,,,,,5,2,2,2.0,3
201300054353,0013-10-18 00:25:00,13,10,18,0,25,750,116,PLACE CHARLES DE GAULLE,,,Nuit avec éclairage allumé,En agglomération,Place,Normale,Deux véhicules - côté,,,,,,,,,,,5,2,7,1.0,3
201300054354,0013-10-18 13:05:00,13,10,18,13,5,750,116,PLACE DE COLOMBIE,,,Plein jour,En agglomération,Intersection en X,Normale,Deux véhicules - côté,,,,,,,,,,,1,2,2,1.0,3
201300054355,0013-10-19 10:30:00,13,10,19,10,30,750,116,"0, ROUTE DES TRIBUNES",,,Plein jour,En agglomération,Hors intersection,Normale,Trois véhicules et plus - en chaîne,,,,,,,,,,,1,2,1,1.0,4
201300054356,0013-10-20 11:41:00,13,10,20,11,41,750,116,"116, AVENUE DU PRESIDENT",,,Plein jour,En agglomération,Intersection en T,Normale,Deux véhicules - côté,,,,,,,,,,,1,2,3,1.0,3
201300054357,0013-10-20 17:40:00,13,10,20,17,40,750,116,"110, BOULEVARD EXELMANS",,,Plein jour,En agglomération,Intersection à plus de 4 branches,Pluie forte,Autre collision,,,,,,,,,,,1,2,5,3.0,6
201300054358,0013-10-21 13:30:00,13,10,21,13,30,750,116,"182, QUAI LOUIS BLERIOT",,,Plein jour,En agglomération,Intersection en T,Normale,Deux véhicules - arrière,,,,,,,,,,,1,2,3,1.0,2
201300054359,0013-10-21 18:30:00,13,10,21,18,30,750,116,AVENUE PRUDHON,,,Plein jour,En agglomération,Hors intersection,Normale,Autre collision,,,,,,,,,,,1,2,1,1.0,6
201300054360,0013-10-23 12:30:00,13,10,23,12,30,750,116,"65, AVENUE VICTOR HUGO",,,Plein jour,En agglomération,Intersection en T,Normale,Autre collision,,,,,,,,,,,1,2,3,1.0,6
201300054361,0013-10-23 10:35:00,13,10,23,10,35,750,116,"27, AVENUE PIERRE 1ER DE",,,Plein jour,En agglomération,Intersection en X,Normale,Deux véhicules - arrière,,,,,,,,,,,1,2,2,1.0,2
201300054362,0013-10-23 12:50:00,13,10,23,12,50,750,116,PLACE DE LA PORTE DE SAI,,,Plein jour,En agglomération,Place,Normale,Deux véhicules - côté,,,,,,,,,,,1,2,7,1.0,3
201300054363,0013-10-24 09:54:00,13,10,24,9,54,750,116,BOULEVARD SUCHET,,,Plein jour,En agglomération,Intersection en X,Normale,Deux véhicules - côté,,,,,,,,,,,1,2,2,1.0,3
201300054364,0013-10-24 11:55:00,13,10,24,11,55,750,116,"4, PLACE DU TROCADERO ET",,,Plein jour,En agglomération,Place,Normale,Autre collision,,,,,,,,,,,1,2,7,1.0,6
201300054365,0013-10-24 17:00:00,13,10,24,17,0,750,116,ALLEE DU BORD DE L EAU,,,Plein jour,En agglomération,Hors intersection,Normale,Trois véhicules et plus - en chaîne,,,,,,,,,,,1,2,1,1.0,4
201300054366,0013-10-24 16:53:00,13,10,24,16,53,750,116,"21, AVENUE DE VERSAILLES",,,Plein jour,En agglomération,Intersection en T,Normale,Deux véhicules - côté,,,,,,,,,,,1,2,3,1.0,3
201300054367,0013-10-24 23:20:00,13,10,24,23,20,750,116,ALLEE DE LONGCHAMP,,,Nuit avec éclairage allumé,En agglomération,Intersection en X,Normale,Autre collision,,,,,,,,,,,5,2,2,1.0,6
201300054368,0013-10-25 17:45:00,13,10,25,17,45,750,116,"32, BOULEVARD DE L AMIRA",,,Plein jour,En agglomération,Intersection en X,Pluie légère,Autre collision,,,,,,,,,,,1,2,2,2.0,6
201300054369,0013-10-27 00:45:00,13,10,27,0,45,750,116,ROUTE DE LA PTE DES SABL,,,Nuit avec éclairage allumé,En agglomération,Hors intersection,Normale,Deux véhicules - côté,,,,,,,,,,,5,2,1,1.0,3
201300054370,0013-10-27 22:55:00,13,10,27,22,55,750,116,"37, BOULEVARD SUCHET",,,Nuit avec éclairage allumé,En agglomération,Intersection en X,Pluie forte,Autre collision,,,,,,,,,,,5,2,2,3.0,6
201300054371,0013-10-28 07:00:00,13,10,28,7,0,750,116,"1, PLACE CHARLES DE GAUL",,,Crépuscule ou aube,En agglomération,Place,Pluie légère,Deux véhicules - côté,,,,,,,,,,,2,2,7,2.0,3
201300054372,0013-10-28 06:45:00,13,10,28,6,45,750,116,PLACE CHARLES DE GAULLE,,,Crépuscule ou aube,En agglomération,Place,Pluie légère,Deux véhicules - arrière,,,,,,,,,,,2,2,7,2.0,2
201300054373,0013-10-28 08:20:00,13,10,28,8,20,750,116,"68, AVENUE D IENA",,,Plein jour,En agglomération,Hors intersection,Pluie légère,Sans collision,,,,,,,,,,,1,2,1,2.0,7
201300054374,0013-10-28 11:40:00,13,10,28,11,40,750,116,"205, AVENUE DE VERSAILLE",,,Plein jour,En agglomération,Hors intersection,Normale,Autre collision,,,,,,,,,,,1,2,1,1.0,6