accident_id,datetime,annee,mois,jour,heure,minute,departement,commune_insee,adresse,latitude,longitude,luminosite,agglomeration,intersection,meteo,collision,nb_vehicules,nb_usagers,nb_indemnes,nb_tues,nb_blesses_hosp,nb_blesses_legers,age_cond_1,age_cond_2,veh_type_cond_1,veh_type_cond_2,lum_code,agg_code,int_code,atm_code,col_code
201300054375,0013-10-29 18:00:00,13,10,29,18,0,750,116,BOULEVARD PERIPHERIQUE I,,,Crépuscule ou aube,En agglomération,Intersection en Y,Normale,Deux véhicules - arrière,,,,,,,,,,,2,2,4,1.0,2
201300054376,0013-10-31 06:15:00,13,10,31,6,15,750,116,AVENUE DE LA PORTE DE SA,,,Nuit avec éclairage allumé,En agglomération,Intersection en T,Normale,Autre collision,,,,,,,,,,,5,2,3,1.0,6
201300054377,0013-10-31 10:30:00,13,10,31,10,30,750,116,"49, AVENUE DE LA GRANDE",,,Plein jour,En agglomération,Hors intersection,Normale,Autre collision,,,,,,,,,,,1,2,1,1.0,6
201300054378,0013-10-31 19:30:00,13,10,31,19,30,750,116,"13, AVENUE D EYLAU",,,Nuit avec éclairage allumé,En agglomération,Hors intersection,Pluie légère,Autre collision,,,,,,,,,,,5,2,1,2.0,6
201300054379,0013-11-01 03:55:00,13,11,1,3,55,750,116,"2, PLACE VICTOR HUGO",,,Nuit avec éclairage allumé,En agglomération,Place,Pluie légère,Autre collision,,,,,,,,,,,5,2,7,2.0,6
201300054380,0013-11-01 13:15:00,13,11,1,13,15,750,116,"57 bis, AVENUE THEOPHILE",,,Plein jour,En agglomération,Intersection en T,Pluie légère,Deux véhicules - côté,,,,,,,,,,,1,2,3,2.0,3
201300054381,0013-11-02 06:14:00,13,11,2,6,14,750,116,PONT DE BIR HAKEIM,,,Plein jour,En agglomération,Intersection en X,Pluie légère,Autre collision,,,,,,,,,,,1,2,2,2.0,6
201300054382,0013-11-04 08:40:00,13,11,4,8,40,750,116,VOIE GEORGES POMPIDOU,,,Plein jour,En agglomération,Hors intersection,Temps couvert,Sans collision,,,,,,,,,,,1,2,1,8.0,7
201300054383,0013-11-04 15:05:00,13,11,4,15,5,750,116,"81, BOULEVARD SUCHET",,,Plein jour,En agglomération,Hors intersection,Normale,Deux véhicules - côté,,,,,,,,,,,1,2,1,1.0,3
201300054384,0013-11-04 17:10:00,13,11,4,17,10,750,116,"107, AVENUE VICTOR HUGO",,,Crépuscule ou aube,En agglomération,Intersection en T,Normale,Deux véhicules - côté,,,,,,,,,,,2,2,3,1.0,3
201300054385,0013-11-05 10:30:00,13,11,5,10,30,750,117,"26, AVENUE DE LA GRANDE",,,Plein jour,En agglomération,Hors intersection,Pluie légère,Deux véhicules - arrière,,,,,,,,,,,1,2,1,2.0,2
201300054386,0013-11-05 11:00:00,13,11,5,11,0,750,116,AVENUE D IENA,,,Plein jour,En agglomération,Place,Pluie légère,Sans collision,,,,,,,,,,,1,2,7,2.0,7
201300054387,0013-11-05 14:30:00,13,11,5,14,30,750,116,AVENUE DE NEW YORK,,,Plein jour,En agglomération,Intersection en X,Pluie légère,Autre collision,,,,,,,,,,,1,2,2,2.0,6
201300054388,0013-11-05 16:05:00,13,11,5,16,5,750,116,VOIE GEORGES POMPIDOU,,,Plein jour,En agglomération,Hors intersection,Pluie légère,Trois véhicules et plus - en chaîne,,,,,,,,,,,1,2,1,2.0,4
201300054389,0013-11-05 14:15:00,13,11,5,14,15,750,116,"6, AVENUE KLEBER",,,Plein jour,En agglomération,Hors intersection,Pluie légère,Deux véhicules - côté,,,,,,,,,,,1,2,1,2.0,3
201300054390,0013-11-06 11:00:00,13,11,6,11,0,750,116,"32, AVENUE VICTOR HUGO",,,Plein jour,En agglomération,Hors intersection,Normale,Deux véhicules - côté,,,,,,,,,,,1,2,1,1.0,3
201300054391,0013-11-07 16:50:00,13,11,7,16,50,750,116,"51, AVENUE MARCEAU",,,Plein jour,En agglomération,Intersection en X,Pluie légère,Deux véhicules - arrière,,,,,,,,,,,1,2,2,2.0,2
201300054392,0013-11-07 18:20:00,13,11,7,18,20,750,116,BOULEVARD PERIPHERIQUE E,,,Nuit avec éclairage allumé,En agglomération,Hors intersection,Pluie légère,Trois véhicules et plus - en chaîne,,,,,,,,,,,5,2,1,2.0,4
201300054393,0013-11-08 08:50:00,13,11,8,8,50,750,116,"45, BOULEVARD SUCHET",,,Plein jour,En agglomération,Hors intersection,Pluie légère,Sans collision,,,,,,,,,,,1,2,1,2.0,7
201300054394,0013-11-08 12:40:00,13,11,8,12,40,750,116,RUE LECONTE DE LISLE,,,Plein jour,En agglomération,Intersection en X,Pluie légère,Sans collision,,,,,,,,,,,1,2,2,2.0,7
201300054395,0013-11-08 15:20:00,13,11,8,15,20,750,116,"82, AVENUE KLEBER",,,Plein jour,En agglomération,Intersection en X,Pluie légère,Deux véhicules - arrière,,,,,,,,,,,1,2,2,2.0,2
201300054396,0013-11-08 18:25:00,13,11,8,18,25,750,116,"33, BOULEVARD LANNES",,,Nuit avec éclairage allumé,En agglomération,Intersection en X,Pluie légère,Sans collision,,,,,,,,,,,5,2,2,2.0,7
201300054397,0013-11-08 20:10:00,13,11,8,20,10,750,116,ALLEE DE LA REINE MARGUE,,,Nuit avec éclairage allumé,En agglomération,Intersection en T,Normale,Deux véhicules - côté,,,,,,,,,,,5,2,3,1.0,3
201300054398,0013-11-09 00:25:00,13,11,9,0,25,750,116,BOULEVARD SUCHET,,,Nuit avec éclairage allumé,En agglomération,Intersection en X,Normale,Autre collision,,,,,,,,,,,5,2,2,1.0,6
201300054399,0013-11-09 11:05:00,13,11,9,11,5,750,116,"102, AVENUE DU PRESIDENT",,,Plein jour,En agglomération,Hors intersection,Normale,Autre collision,,,,,,,,,,,1,2,1,1.0,6
201300054400,0013-11-10 14:10:00,13,11,10,14,10,750,116,AVENUE DU MAHATMA GANDHI,,,Plein jour,En agglomération,Intersection en X,Normale,Deux véhicules - frontale,,,,,,,,,,,1,2,2,1.0,1
201300054401,0013-11-11 11:45:00,13,11,11,11,45,750,116,"10, AVENUE DU PRESIDENT",,,Plein jour,En agglomération,Intersection en X,Normale,Deux véhicules - côté,,,,,,,,,,,1,2,2,1.0,3
201300054402,0013-11-11 16:15:00,13,11,11,16,15,750,116,"46, AVENUE D IENA",,,Plein jour,En agglomération,Intersection en X,Normale,Deux véhicules - arrière,,,,,,,,,,,1,2,2,1.0,2
201300054403,0013-11-11 17:45:00,13,11,11,17,45,750,116,ROUTE DES TRIBUNES,,,Nuit sans éclairage public,En agglomération,Hors intersection,Normale,Deux véhicules - côté,,,,,,,,,,,3,2,1,1.0,3
201300054404,0013-11-12 09:55:00,13,11,12,9,55,750,116,"75 bis, AVENUE MARCEAU",,,Plein jour,En agglomération,Hors intersection,Pluie légère,Deux véhicules - côté,,,,,,,,,,,1,2,1,2.0,3
201300054405,0013-11-12 15:00:00,13,11,12,15,0,750,116,"191, BOULEVARD MURAT",,,Plein jour,En agglomération,Intersection en T,Pluie légère,Autre collision,,,,,,,,,,,1,2,3,2.0,6
201300054406,0013-11-14 09:50:00,13,11,14,9,50,750,117,"139, AVENUE DE VILLIERS",,,Plein jour,En agglomération,Hors intersection,Pluie légère,Autre collision,,,,,,,,,,,1,2,1,2.0,6
201300054407,0013-11-13 19:40:00,13,11,13,19,40,750,116,AVENUE DE LA PORTE DE SA,,,Nuit avec éclairage allumé,En agglomération,Place,Normale,Autre collision,,,,,,,,,,,5,2,7,1.0,6
201300054408,0013-11-14 17:45:00,13,11,14,17,45,750,116,BOULEVARD PERIPHERIQUE,,,Nuit avec éclairage allumé,En agglomération,Hors intersection,Pluie légère,Deux véhicules - arrière,,,,,,,,,,,5,2,1,2.0,2
201300054409,0013-11-15 18:20:00,13,11,15,18,20,750,108,AVENUE GABRIEL,,,Nuit avec éclairage allumé,En agglomération,Intersection à plus de 4 branches,Normale,Autre collision,,,,,,,,,,,5,2,5,1.0,6
201300054410,0013-11-16 14:30:00,13,11,16,14,30,750,116,"48, AVENUE VICTOR HUGO",,,Plein jour,En agglomération,Intersection en X,Normale,Autre collision,,,,,,,,,,,1,2,2,1.0,6
201300054411,0013-11-17 13:50:00,13,11,17,13,50,750,116,"39 bis, BOULEVARD EXELMA",,,Plein jour,En agglomération,Intersection en X,Temps couvert,Sans collision,,,,,,,,,,,1,2,2,8.0,7
201300054412,0013-11-17 20:00:00,13,11,17,20,0,750,116,"64, RUE DE LA FAISANDERI",,,Nuit avec éclairage allumé,En agglomération,Hors intersection,Normale,Sans collision,,,,,,,,,,,5,2,1,1.0,7
201300054413,0013-11-18 10:45:00,13,11,18,10,45,750,116,"26, RUE DE L ANNONCIATIO",,,Plein jour,En agglomération,Intersection en T,Normale,Autre collision,,,,,,,,,,,1,2,3,1.0,6
201300054414,0013-11-18 08:40:00,13,11,18,8,40,750,116,"8, AVENUE GORDON BENNETT",,,Plein jour,En agglomération,Hors intersection,Normale,Deux véhicules - frontale,,,,,,,,,,,1,2,1,1.0,1
201300054415,0013-11-19 16:50:00,13,11,19,16,50,750,116,"35, BOULEVARD DE BEAUSEJ",,,Nuit avec éclairage non allumé,En agglomération,Intersection en T,Temps couvert,Autre collision,,,,,,,,,,,4,2,3,8.0,6
201300054416,0013-11-19 23:50:00,13,11,19,23,50,750,116,CHEMIN DE CEINTURE DU LA,,,Nuit avec éclairage allumé,En agglomération,Intersection en X,Normale,Deux véhicules - arrière,,,,,,,,,,,5,2,2,1.0,2
201300054417,0013-11-20 17:05:00,13,11,20,17,5,750,116,"21, AVENUE DE VERSAILLES",,,Nuit avec éclairage allumé,En agglomération,Intersection en T,Pluie légère,Autre collision,,,,,,,,,,,5,2,3,2.0,6
201300054418,0013-11-20 18:40:00,13,11,20,18,40,750,116,"039, AVENUE MARCEAU",,,Nuit avec éclairage allumé,En agglomération,Intersection en X,Pluie forte,Autre collision,,,,,,,,,,,5,2,2,3.0,6
201300054419,0013-11-20 21:10:00,13,11,20,21,10,750,116,"8, BOULEVARD ANDRE MAURO",,,Nuit avec éclairage allumé,En agglomération,Hors intersection,Temps couvert,Sans collision,,,,,,,,,,,5,2,1,8.0,7
201300054420,0013-11-22 08:40:00,13,11,22,8,40,750,116,AVENUE DE L HIPPODROME,,,Plein jour,En agglomération,Hors intersection,Normale,Deux véhicules - côté,,,,,,,,,,,1,2,1,1.0,3
201300054421,0013-11-22 12:30:00,13,11,22,12,30,750,116,"195, AVENUE DE VERSAILLE",,,Plein jour,En agglomération,Hors intersection,Normale,Autre collision,,,,,,,,,,,1,2,1,1.0,6
201300054422,0013-11-25 17:40:00,13,11,25,17,40,750,116,BOULEVARD PERIPHERIQUE E,,,Nuit avec éclairage allumé,En agglomération,Hors intersection,Normale,Deux véhicules - côté,,,,,,,,,,,5,2,1,1.0,3
201300054423,0013-11-27 08:25:00,13,11,27,8,25,750,116,BOULEVARD DE MONTMORENCY,,,Plein jour,En agglomération,Intersection en X,Normale,Deux véhicules - côté,,,,,,,,,,,1,2,2,1.0,3
201300054424,0013-11-27 22:40:00,13,11,27,22,40,750,116,"88, AVENUE KLEBER",,,Nuit avec éclairage allumé,En agglomération,Intersection en T,Normale,Deux véhicules - frontale,,,,,,,,,,,5,2,3,1.0,1
201300054425,0013-11-29 07:30:00,13,11,29,7,30,750,116,"50, RUE MOLITOR",,,Crépuscule ou aube,En agglomération,Hors intersection,Normale,Deux véhicules - côté,,,,,,,,,,,2,2,1,1.0,3
201300054426,0013-11-29 22:00:00,13,11,29,22,0,750,116,"114, AVENUE DE VERSAILLE",,,Nuit avec éclairage allumé,En agglomération,Hors intersection,Pluie légère,Deux véhicules - arrière,,,,,,,,,,,5,2,1,2.0,2
201300054427,0013-11-30 15:20:00,13,11,30,15,20,750,116,"41, BOULEVARD LANNES",,,Plein jour,En agglomération,Hors intersection,Normale,Autre collision,,,,,,,,,,,1,2,1,1.0,6
201300054428,0013-11-30 17:00:00,13,11,30,17,0,750,117,PLACE CHARLES DE GAULLE,,,Nuit avec éclairage allumé,En agglomération,Place,Normale,Deux véhicules - côté,,,,,,,,,,,5,2,7,1.0,3
201300054429,0013-12-01 03:55:00,13,12,1,3,55,750,116,CARREFOUR DE NORVEGE,,,Nuit avec éclairage allumé,En agglomération,Hors intersection,Normale,Sans collision,,,,,,,,,,,5,2,1,1.0,7
201300054430,0013-12-02 08:05:00,13,12,2,8,5,750,116,"47, AVENUE D IENA",,,Plein jour,En agglomération,Hors intersection,Normale,Autre collision,,,,,,,,,,,1,2,1,1.0,6
201300054431,0013-12-02 09:45:00,13,12,2,9,45,750,116,RUE JOSEPH ET MARIE HACK,,,Plein jour,En agglomération,Intersection à plus de 4 branches,Normale,Deux véhicules - côté,,,,,,,,,,,1,2,5,1.0,3
201300054432,0013-12-02 18:30:00,13,12,2,18,30,750,116,AVENUE DES NATIONS UNIES,,,Nuit avec éclairage allumé,En agglomération,Place,Normale,Deux véhicules - frontale,,,,,,,,,,,5,2,7,1.0,1
201300054433,0013-12-03 09:30:00,13,12,3,9,30,750,116,PLACE DU MARECHAL DE LAT,,,Plein jour,En agglomération,Place,Normale,Deux véhicules - côté,,,,,,,,,,,1,2,7,1.0,3
201300054434,0013-12-03 13:30:00,13,12,3,13,30,750,116,"191, BOULEVARD MURAT",,,Plein jour,En agglomération,Intersection en T,Normale,Deux véhicules - côté,,,,,,,,,,,1,2,3,1.0,3
201300054435,0013-12-04 09:50:00,13,12,4,9,50,750,116,RUE WILHEM,,,Plein jour,En agglomération,Intersection en X,Normale,Deux véhicules - arrière,,,,,,,,,,,1,2,2,1.0,2
201300054436,0013-12-04 19:35:00,13,12,4,19,35,750,116,"62, RUE MICHEL ANGE",,,Nuit avec éclairage allumé,En agglomération,Intersection à plus de 4 branches,Normale,Deux véhicules - côté,,,,,,,,,,,5,2,5,1.0,3
201300054437,0013-12-04 21:00:00,13,12,4,21,0,750,116,VOIE GEORGES POMPIDOU,,,Nuit avec éclairage allumé,En agglomération,Hors intersection,Normale,Deux véhicules - côté,,,,,,,,,,,5,2,1,1.0,3
201300054438,0013-12-04 22:17:00,13,12,4,22,17,750,116,AVENUE FOCH,,,Nuit avec éclairage allumé,En agglomération,Hors intersection,Pluie légère,Sans collision,,,,,,,,,,,5,2,1,2.0,7
201300054439,0013-12-05 16:50:00,13,12,5,16,50,750,116,AVENUE D EYLAU,,,Crépuscule ou aube,En agglomération,Place,Normale,Deux véhicules - arrière,,,,,,,,,,,2,2,7,1.0,2
201300054440,0013-12-05 20:00:00,13,12,5,20,0,750,116,"22, AVENUE RAYMOND POINC",,,Nuit avec éclairage allumé,En agglomération,Intersection en X,Normale,Autre collision,,,,,,,,,,,5,2,2,1.0,6
201300054441,0013-12-06 15:00:00,13,12,6,15,0,750,116,ROUTE DE SURESNES,,,Plein jour,En agglomération,Intersection à plus de 4 branches,Normale,Deux véhicules - côté,,,,,,,,,,,1,2,5,1.0,3
201300054442,0013-12-06 20:45:00,13,12,6,20,45,750,116,"9, RUE DE BOULAINVILLIER",,,Nuit avec éclairage allumé,En agglomération,Hors intersection,Normale,Deux véhicules - côté,,,,,,,,,,,5,2,1,1.0,3
201300054443,0013-12-07 16:15:00,13,12,7,16,15,750,116,"38, AVENUE VICTOR HUGO",,,Plein jour,En agglomération,Hors intersection,Normale,Autre collision,,,,,,,,,,,1,2,1,1.0,6
201300054444,0013-12-07 22:40:00,13,12,7,22,40,750,116,ALLEE DE LONGCHAMP,,,Nuit avec éclairage allumé,En agglomération,Hors intersection,Normale,Deux véhicules - côté,,,,,,,,,,,5,2,1,1.0,3
201300054445,0013-12-08 13:20:00,13,12,8,13,20,750,116,ROUTE DE SEVRES A NEUILL,,,Plein jour,En agglomération,Intersection à plus de 4 branches,Normale,Autre collision,,,,,,,,,,,1,2,5,1.0,6
201300054446,0013-12-08 22:07:00,13,12,8,22,7,750,116,"48, RUE RAFFET",,,Nuit avec éclairage allumé,En agglomération,Intersection en X,Normale,Autre collision,,,,,,,,,,,5,2,2,1.0,6
201300054447,0013-12-09 21:30:00,13,12,9,21,30,750,116,PLACE DE LA PORTE MAILLO,,,Nuit avec éclairage allumé,En agglomération,Place,Normale,Autre collision,,,,,,,,,,,5,2,7,1.0,6
201300054448,0013-12-10 12:40:00,13,12,10,12,40,750,116,"82, AVENUE D IENA",,,Plein jour,En agglomération,Intersection en X,Normale,Deux véhicules - côté,,,,,,,,,,,1,2,2,1.0,3
201300054449,0013-12-11 23:15:00,13,12,11,23,15,750,116,"1, RUE DE BOULAINVILLIER",,,Nuit avec éclairage allumé,En agglomération,Intersection en Y,Normale,Deux véhicules - côté,,,,,,,,,,,5,2,4,1.0,3
201300054450,0013-12-12 10:45:00,13,12,12,10,45,750,116,"17, RUE DE LA POMPE",,,Plein jour,En agglomération,Intersection à plus de 4 branches,Normale,Deux véhicules - côté,,,,,,,,,,,1,2,5,1.0,3
201300054451,0013-12-12 12:50:00,13,12,12,12,50,750,116,"4, AVENUE ALBERT DE MUN",,,Plein jour,En agglomération,Intersection en T,Normale,Autre collision,,,,,,,,,,,1,2,3,1.0,6
201300054452,0013-12-12 15:00:00,13,12,12,15,0,750,116,"66, AVENUE KLEBER",,,Plein jour,En agglomération,Intersection en T,Normale,Deux véhicules - arrière,,,,,,,,,,,1,2,3,1.0,2
201300054453,0013-12-12 17:30:00,13,12,12,17,30,750,116,AVENUE DE LA GRANDE ARME,,,Crépuscule ou aube,En agglomération,Place,Normale,Deux véhicules - côté,,,,,,,,,,,2,2,7,1.0,3
201300054454,0013-12-12 19:15:00,13,12,12,19,15,750,116,"131, AVENUE DE VERSAILLE",,,Nuit avec éclairage allumé,En agglomération,Hors intersection,Normale,Deux véhicules - côté,,,,,,,,,,,5,2,1,1.0,3
201300054455,0013-12-13 18:50:00,13,12,13,18,50,750,116,"116, RUE MICHEL ANGE",,,Nuit avec éclairage allumé,En agglomération,Hors intersection,Pluie légère,Autre collision,,,,,,,,,,,5,2,1,2.0,6
201300054456,0013-12-13 19:00:00,13,12,13,19,0,750,116,"102, AVENUE RAYMOND POIN",,,Crépuscule ou aube,En agglomération,Intersection en T,Pluie légère,Deux véhicules - côté,,,,,,,,,,,2,2,3,2.0,3
201300054457,0013-12-13 21:50:00,13,12,13,21,50,750,116,"16, AVENUE THEOPHILE GAU",,,Nuit avec éclairage allumé,En agglomération,Hors intersection,Pluie forte,Autre collision,,,,,,,,,,,5,2,1,3.0,6
201300054458,0013-12-13 22:40:00,13,12,13,22,40,750,116,"79, AVENUE KLEBER",,,Nuit avec éclairage allumé,En agglomération,Intersection à plus de 4 branches,Pluie légère,Autre collision,,,,,,,,,,,5,2,5,2.0,6
201300054459,0013-12-14 02:45:00,13,12,14,2,45,750,116,AVENUE DE L HIPPODROME,,,Nuit avec éclairage allumé,En agglomération,Hors intersection,Pluie légère,Autre collision,,,,,,,,,,,5,2,1,2.0,6
201300054460,0013-12-14 03:30:00,13,12,14,3,30,750,116,"0, PLACE CHARLES DE GAUL",,,Nuit avec éclairage allumé,En agglomération,Place,Pluie légère,Deux véhicules - côté,,,,,,,,,,,5,2,7,2.0,3
201300054461,0013-12-14 16:35:00,13,12,14,16,35,750,116,AVENUE DE NEW YORK,,,Crépuscule ou aube,En agglomération,Hors intersection,Normale,Autre collision,,,,,,,,,,,2,2,1,1.0,6
201300054462,0013-12-13 20:35:00,13,12,13,20,35,750,116,"67, AVENUE KLEBER",,,Nuit avec éclairage allumé,En agglomération,Intersection en T,Pluie légère,Autre collision,,,,,,,,,,,5,2,3,2.0,6
201300054463,0013-12-16 12:20:00,13,12,16,12,20,750,116,"09bis, RUE DE BOULAINVIL",,,Plein jour,En agglomération,Hors intersection,Normale,Deux véhicules - arrière,,,,,,,,,,,1,2,1,1.0,2
201300054464,0013-12-16 19:30:00,13,12,16,19,30,750,116,ALLEE DE LA REINE MARGUE,,,Nuit avec éclairage allumé,En agglomération,Hors intersection,Normale,Deux véhicules - arrière,,,,,,,,,,,5,2,1,1.0,2
201300054465,0013-12-17 16:00:00,13,12,17,16,0,750,116,PLACE DE MEXICO,,,Plein jour,En agglomération,Place,Normale,Autre collision,,,,,,,,,,,1,2,7,1.0,6
201300054466,0013-12-17 19:00:00,13,12,17,19,0,750,116,"XVI-10312, AVENUE DE LA",,,Nuit avec éclairage allumé,En agglomération,Intersection en X,Normale,Deux véhicules - arrière,,,,,,,,,,,5,2,2,1.0,2
201300054467,0013-12-19 11:30:00,13,12,19,11,30,750,116,"78, AVENUE HENRI MARTIN",,,Plein jour,En agglomération,Intersection à plus de 4 branches,Normale,Deux véhicules - frontale,,,,,,,,,,,1,2,5,1.0,1
201300054468,0013-12-19 19:15:00,13,12,19,19,15,750,116,"27, AVENUE D EYLAU",,,Nuit avec éclairage allumé,En agglomération,Hors intersection,Normale,Autre collision,,,,,,,,,,,5,2,1,1.0,6
201300054469,0013-12-20 14:10:00,13,12,20,14,10,750,108,"02, AVENUE MARCEAU",,,Plein jour,En agglomération,Hors intersection,Normale,Autre collision,,,,,,,,,,,1,2,1,1.0,6
201300054470,0013-12-22 20:00:00,13,12,22,20,0,750,117,"192, RUE CARDINET",,,Nuit avec éclairage allumé,En agglomération,Intersection en X,Pluie légère,Autre collision,,,,,,,,,,,5,2,2,2.0,6
201300054471,0013-12-25 22:20:00,13,12,25,22,20,750,116,"16, RUE CHARDON LAGACHE",,,Nuit avec éclairage allumé,En agglomération,Intersection en X,Normale,Sans collision,,,,,,,,,,,5,2,2,1.0,7
201300054472,0013-12-26 13:00:00,13,12,26,13,0,750,116,"15, RUE DE LA POMPE",,,Plein jour,En agglomération,Hors intersection,Temps éblouissant,Autre collision,,,,,,,,,,,1,2,1,7.0,6
201300054473,0013-12-26 18:40:00,13,12,26,18,40,750,116,"10, AVENUE DU PRESIDENT",,,Crépuscule ou aube,En agglomération,Intersection à plus de 4 branches,Normale,Deux véhicules - côté,,,,,,,,,,,2,2,5,1.0,3
201300054474,0013-12-27 19:10:00,13,12,27,19,10,750,116,PLACE DE LA PORTE D AUTE,,,Nuit avec éclairage allumé,En agglomération,Intersection en X,Pluie légère,Sans collision,,,,,,,,,,,5,2,2,2.0,7
201300054475,0013-12-27 18:50:00,13,12,27,18,50,750,116,PLACE DE LA PORTE MAILLO,,,Nuit avec éclairage allumé,En agglomération,Hors intersection,Pluie légère,Sans collision,,,,,,,,,,,5,2,1,2.0,7
201300054476,0013-12-29 04:00:00,13,12,29,4,0,750,116,ALLEE DE LONGCHAMP,,,Nuit avec éclairage allumé,En agglomération,Hors intersection,Normale,Deux véhicules - arrière,,,,,,,,,,,5,2,1,1.0,2
201300054477,0013-02-04 13:00:00,13,2,4,13,0,750,116,BOULEVARD SUCHET,,,Plein jour,En agglomération,Hors intersection,Pluie légère,Sans collision,,,,,,,,,,,1,2,1,2.0,7
201300054478,0013-01-01 18:00:00,13,1,1,18,0,750,117,"77, AVENUE DE VILLIERS",,,Nuit avec éclairage allumé,En agglomération,Intersection en X,Pluie légère,Deux véhicules - côté,,,,,,,,,,,5,2,2,2.0,3
201300054479,0013-12-31 22:50:00,13,12,31,22,50,750,117,", PLACE DU BRESIL",,,Nuit avec éclairage allumé,En agglomération,Place,Normale,Deux véhicules - côté,,,,,,,,,,,5,2,7,1.0,3
201300054480,0013-01-01 21:30:00,13,1,1,21,30,750,116,"25, AVENUE DE NEUILLY",,,Nuit avec éclairage allumé,En agglomération,Place,Normale,Autre collision,,,,,,,,,,,5,2,7,1.0,6
201300054481,0013-01-02 20:45:00,13,1,2,20,45,750,117,"2, PLACE DE LA PORTE MAI",,,Nuit avec éclairage allumé,En agglomération,Place,Normale,Deux véhicules - côté,,,,,,,,,,,5,2,7,1.0,3
201300054482,0013-01-03 11:05:00,13,1,3,11,5,750,117,"138, BOULEVARD PEREIRE",,,Plein jour,En agglomération,Intersection à plus de 4 branches,Pluie légère,Autre collision,,,,,,,,,,,1,2,5,2.0,6
201300054483,0013-01-03 16:45:00,13,1,3,16,45,750,117,"71, AVENUE DE VILLIERS",,,Crépuscule ou aube,En agglomération,Intersection en X,Pluie légère,Sans collision,,,,,,,,,,,2,2,2,2.0,7
201300054484,0013-01-03 18:10:00,13,1,3,18,10,750,117,"67, BOULEVARD BERTHIER",,,Nuit avec éclairage allumé,En agglomération,Hors intersection,Pluie légère,Deux véhicules - côté,,,,,,,,,,,5,2,1,2.0,3
201300054485,0013-01-03 20:00:00,13,1,3,20,0,750,117,"19, AVENUE DE LA PORTE D",,,Nuit avec éclairage allumé,En agglomération,Hors intersection,Normale,Autre collision,,,,,,,,,,,5,2,1,1.0,6
201300054486,0013-01-06 00:35:00,13,1,6,0,35,750,117,"190, AVENUE DE CLICHY",,,Nuit avec éclairage allumé,En agglomération,Hors intersection,Pluie légère,Deux véhicules - côté,,,,,,,,,,,5,2,1,2.0,3
201300054487,0013-01-07 10:55:00,13,1,7,10,55,750,117,"14, RUE THEODULE RIBOT",,,Plein jour,En agglomération,Hors intersection,Normale,Autre collision,,,,,,,,,,,1,2,1,1.0,6
201300054488,0013-01-03 19:00:00,13,1,3,19,0,750,117,"2, AVENUE PAUL ADAM",,,Crépuscule ou aube,En agglomération,Hors intersection,Pluie légère,Autre collision,,,,,,,,,,,2,2,1,2.0,6
201300054489,0013-01-08 10:45:00,13,1,8,10,45,750,117,"32, RUE JACQUES KELLNER",,,Plein jour,En agglomération,Intersection en X,Normale,Autre collision,,,,,,,,,,,1,2,2,1.0,6
201300054490,0013-01-09 07:40:00,13,1,9,7,40,750,117,"55, RUE DES ACACIAS",,,Crépuscule ou aube,En agglomération,Intersection en Y,Normale,Autre collision,,,,,,,,,,,2,2,4,1.0,6
201300054491,0013-01-09 14:10:00,13,1,9,14,10,750,117,"190, AVENUE DE CLICHY",,,Plein jour,En agglomération,Hors intersection,Temps couvert,Deux véhicules - côté,,,,,,,,,,,1,2,1,8.0,3
201300054492,0013-01-09 17:50:00,13,1,9,17,50,750,117,"148, BOULEVARD MALESHERB",,,Nuit avec éclairage allumé,En agglomération,Intersection en T,Pluie légère,Autre collision,,,,,,,,,,,5,2,3,2.0,6
201300054493,0013-01-10 08:25:00,13,1,10,8,25,750,117,"104, BOULEVARD BESSIERES",,,Plein jour,En agglomération,Intersection en T,Pluie légère,Autre collision,,,,,,,,,,,1,2,3,2.0,6
201300054494,0013-01-10 08:35:00,13,1,10,8,35,750,117,BOULEVARD DE COURCELLES,,,Crépuscule ou aube,En agglomération,Place,Pluie légère,Sans collision,,,,,,,,,,,2,2,7,2.0,7
201300054495,0013-01-10 13:15:00,13,1,10,13,15,750,117,"110, RUE DE COURCELLES",,,Plein jour,En agglomération,Intersection en T,Pluie légère,Deux véhicules - côté,,,,,,,,,,,1,2,3,2.0,3
201300054496,0013-01-09 21:50:00,13,1,9,21,50,750,117,AVENUE DE LA PORTE D ASN,,,Nuit avec éclairage allumé,En agglomération,Intersection en Y,Pluie légère,Deux véhicules - côté,,,,,,,,,,,5,2,4,2.0,3
201300054497,0013-01-11 11:30:00,13,1,11,11,30,750,117,"76, AVENUE DES TERNES",,,Plein jour,En agglomération,Intersection en Y,Normale,Deux véhicules - côté,,,,,,,,,,,1,2,4,1.0,3
201300054498,0013-01-11 15:20:00,13,1,11,15,20,750,117,"43, RUE DES ACACIAS",,,Plein jour,En agglomération,Intersection en T,Normale,Deux véhicules - côté,,,,,,,,,,,1,2,3,1.0,3
201300054499,0013-01-11 19:35:00,13,1,11,19,35,750,117,"141, AVENUE DE CLICHY",,,Nuit avec éclairage allumé,En agglomération,Intersection en T,Pluie légère,Autre collision,,,,,,,,,,,5,2,3,2.0,6