accident_id,datetime,annee,mois,jour,heure,minute,departement,commune_insee,adresse,latitude,longitude,luminosite,agglomeration,intersection,meteo,collision,nb_vehicules,nb_usagers,nb_indemnes,nb_tues,nb_blesses_hosp,nb_blesses_legers,age_cond_1,age_cond_2,veh_type_cond_1,veh_type_cond_2,lum_code,agg_code,int_code,atm_code,col_code
201300054500,0013-01-11 13:00:00,13,1,11,13,0,750,117,"24, AVENUE DE LA GRANDE",,,Plein jour,En agglomération,Hors intersection,Normale,Autre collision,,,,,,,,,,,1,2,1,1.0,6
201300054501,0013-01-12 11:05:00,13,1,12,11,5,750,117,"98, AVENUE DE VILLIERS",,,Plein jour,En agglomération,Hors intersection,Pluie légère,Deux véhicules - côté,,,,,,,,,,,1,2,1,2.0,3
201300054502,0013-01-14 20:10:00,13,1,14,20,10,750,117,"180, AVENUE DE CLICHY",,,Nuit avec éclairage allumé,En agglomération,Intersection en T,Neige / grêle,Autre collision,,,,,,,,,,,5,2,3,4.0,6
201300054503,0013-01-15 09:00:00,13,1,15,9,0,750,117,"40, RUE DES BATIGNOLLES",,,Plein jour,En agglomération,Intersection en X,Pluie légère,Deux véhicules - côté,,,,,,,,,,,1,2,2,2.0,3
201300054504,0013-01-16 11:45:00,13,1,16,11,45,750,116,"2, PLACE DE LA PORTE MAI",,,Plein jour,En agglomération,Place,Normale,Deux véhicules - côté,,,,,,,,,,,1,2,7,1.0,3
201300054505,0013-01-16 20:00:00,13,1,16,20,0,750,117,BOULEVARD DE LA SOMME,,,Nuit avec éclairage allumé,En agglomération,Intersection en Y,Normale,Autre collision,,,,,,,,,,,5,2,4,1.0,6
201300054506,0013-01-22 14:05:00,13,1,22,14,5,750,117,"95, RUE TRUFFAUT",,,Plein jour,En agglomération,Intersection en T,Pluie légère,Sans collision,,,,,,,,,,,1,2,3,2.0,7
201300054507,0013-01-23 18:50:00,13,1,23,18,50,750,117,"145, AVENUE DE VILLIERS",,,Nuit avec éclairage allumé,En agglomération,Hors intersection,Normale,Autre collision,,,,,,,,,,,5,2,1,1.0,6
201300054508,0013-01-25 17:45:00,13,1,25,17,45,750,117,"16, PLACE CHARLES FILLIO",,,Nuit avec éclairage non allumé,En agglomération,Place,Normale,Deux véhicules - côté,,,,,,,,,,,4,2,7,1.0,3
201300054509,0013-01-27 06:55:00,13,1,27,6,55,750,117,"160, AVENUE DE CLICHY",,,Nuit avec éclairage allumé,En agglomération,Intersection en X,Normale,Autre collision,,,,,,,,,,,5,2,2,1.0,6
201300054510,0013-01-29 18:20:00,13,1,29,18,20,750,117,AVENUE DE LA PORTE DE CL,,,Nuit avec éclairage allumé,En agglomération,Intersection en Y,Normale,Deux véhicules - côté,,,,,,,,,,,5,2,4,1.0,3
201300054511,0013-01-31 10:00:00,13,1,31,10,0,750,117,"160/162, RUE CARDINET",,,Plein jour,En agglomération,Hors intersection,Normale,Sans collision,,,,,,,,,,,1,2,1,1.0,7
201300054512,0013-01-31 09:05:00,13,1,31,9,5,750,117,"18, AVENUE MAC MAHON",,,Plein jour,En agglomération,Intersection en X,Normale,Deux véhicules - côté,,,,,,,,,,,1,2,2,1.0,3
201300054513,0013-02-02 19:00:00,13,2,2,19,0,750,117,"142, BOULEVARD BERTHIER",,,Nuit avec éclairage allumé,En agglomération,Hors intersection,Pluie légère,Autre collision,,,,,,,,,,,5,2,1,2.0,6
201300054514,0013-02-04 11:20:00,13,2,4,11,20,750,117,"56, BOULEVARD BERTHIER",,,Plein jour,En agglomération,Hors intersection,Pluie légère,Deux véhicules - côté,,,,,,,,,,,1,2,1,2.0,3
201300054515,0013-02-04 14:15:00,13,2,4,14,15,750,117,RUE LA CONDAMINE,,,Plein jour,En agglomération,Intersection en X,Normale,Autre collision,,,,,,,,,,,1,2,2,1.0,6
201300054516,0013-02-04 17:20:00,13,2,4,17,20,750,117,"190, RUE CARDINET",,,Plein jour,En agglomération,Intersection en X,Normale,Autre collision,,,,,,,,,,,1,2,2,1.0,6
201300054517,0013-02-05 09:35:00,13,2,5,9,35,750,117,"07, RUE POUCHET",,,Plein jour,En agglomération,Hors intersection,Pluie légère,Sans collision,,,,,,,,,,,1,2,1,2.0,7
201300054518,0013-02-05 20:10:00,13,2,5,20,10,750,117,"8, RUE JULES BOURDAIS",,,Nuit avec éclairage allumé,En agglomération,Intersection en X,Normale,Sans collision,,,,,,,,,,,5,2,2,1.0,7
201300054519,0013-02-06 12:35:00,13,2,6,12,35,750,117,AVENUE DE SAINT OUEN,,,Plein jour,En agglomération,Intersection à plus de 4 branches,Normale,Autre collision,,,,,,,,,,,1,2,5,1.0,6
201300054520,0013-02-06 15:30:00,13,2,6,15,30,750,117,"1, PLACE PAUL LEAUTAUD",,,Plein jour,En agglomération,Place,Normale,Deux véhicules - côté,,,,,,,,,,,1,2,7,1.0,3
201300054521,0013-02-07 19:15:00,13,2,7,19,15,750,117,"2, BOULEVARD BESSIERES",,,Crépuscule ou aube,En agglomération,Intersection en X,Normale,Autre collision,,,,,,,,,,,2,2,2,1.0,6
201300054522,0013-02-07 20:05:00,13,2,7,20,5,750,117,PLACE DE LA PORTE MAILLO,,,Nuit avec éclairage allumé,En agglomération,Intersection à plus de 4 branches,Normale,Deux véhicules - côté,,,,,,,,,,,5,2,5,1.0,3
201300054523,0013-02-10 00:30:00,13,2,10,0,30,750,117,"25, RUE LA CONDAMINE",,,Nuit avec éclairage allumé,En agglomération,Intersection en X,Normale,Deux véhicules - côté,,,,,,,,,,,5,2,2,1.0,3
201300054524,0013-02-10 05:55:00,13,2,10,5,55,750,117,"6, AVENUE DE LA GRANDE A",,,Nuit avec éclairage allumé,En agglomération,Intersection en X,Pluie légère,Autre collision,,,,,,,,,,,5,2,2,2.0,6
201300054525,0013-02-15 14:50:00,13,2,15,14,50,750,117,"24, RUE GUSTAVE CHARPENT",,,Plein jour,En agglomération,Intersection en Y,Normale,Deux véhicules - arrière,,,,,,,,,,,1,2,4,1.0,2
201300054526,0013-02-15 21:15:00,13,2,15,21,15,750,117,"188, BOULEVARD MALESHERB",,,Nuit avec éclairage allumé,En agglomération,Hors intersection,Normale,Trois véhicules et plus - en chaîne,,,,,,,,,,,5,2,1,1.0,4
201300054527,0013-02-16 02:20:00,13,2,16,2,20,750,117,"2, PLACE DE LA PORTE MAI",,,Nuit avec éclairage allumé,En agglomération,Hors intersection,Normale,Deux véhicules - arrière,,,,,,,,,,,5,2,1,1.0,2
201300054528,0013-02-16 09:45:00,13,2,16,9,45,750,117,"10, RUE FRAGONARD",,,Plein jour,En agglomération,Intersection en T,Normale,Autre collision,,,,,,,,,,,1,2,3,1.0,6
201300054529,0013-02-16 10:10:00,13,2,16,10,10,750,117,"34, AVENUE DE LA PORTE D",,,Plein jour,En agglomération,Intersection en X,Normale,Deux véhicules - côté,,,,,,,,,,,1,2,2,1.0,3
201300054530,0013-02-20 15:20:00,13,2,20,15,20,750,117,"1, AVENUE STEPHANE MALLA",,,Plein jour,En agglomération,Intersection en X,Normale,Deux véhicules - frontale,,,,,,,,,,,1,2,2,1.0,1
201300054531,0013-02-21 09:15:00,13,2,21,9,15,750,117,"174, AVENUE DE CLICHY",,,Plein jour,En agglomération,Intersection en X,Normale,Autre collision,,,,,,,,,,,1,2,2,1.0,6
201300054532,0013-02-22 15:30:00,13,2,22,15,30,750,117,"101, AVENUE DE CLICHY",,,Plein jour,En agglomération,Intersection en T,Normale,Deux véhicules - frontale,,,,,,,,,,,1,2,3,1.0,1
201300054533,0013-02-22 17:00:00,13,2,22,17,0,750,117,"75, AVENUE DE CLICHY",,,Plein jour,En agglomération,Intersection en T,Temps couvert,Deux véhicules - côté,,,,,,,,,,,1,2,3,8.0,3
201300054534,0013-02-22 17:00:00,13,2,22,17,0,750,117,"107, AVENUE DE SAINT OUE",,,Nuit avec éclairage allumé,En agglomération,Hors intersection,Temps couvert,Deux véhicules - côté,,,,,,,,,,,5,2,1,8.0,3
201300054535,0013-02-24 18:50:00,13,2,24,18,50,750,117,"14, AVENUE MAC MAHON",,,Nuit avec éclairage allumé,En agglomération,Intersection en X,Neige / grêle,Autre collision,,,,,,,,,,,5,2,2,4.0,6
201300054536,0013-02-25 19:45:00,13,2,25,19,45,750,117,"6, PLACE GENERAL CATROUX",,,Nuit avec éclairage allumé,En agglomération,Place,Pluie légère,Deux véhicules - frontale,,,,,,,,,,,5,2,7,2.0,1
201300054537,0013-02-27 14:00:00,13,2,27,14,0,750,117,"1, RUE JEAN LECLAIRE",,,Plein jour,En agglomération,Intersection en X,Normale,Autre collision,,,,,,,,,,,1,2,2,1.0,6
201300054538,0013-02-27 16:45:00,13,2,27,16,45,750,117,"05, AVENUE DE LA PORTE D",,,Plein jour,En agglomération,Intersection en X,Normale,Deux véhicules - frontale,,,,,,,,,,,1,2,2,1.0,1
201300054539,0013-03-01 07:35:00,13,3,1,7,35,750,117,"135, RUE DE ROME",,,Crépuscule ou aube,En agglomération,Intersection en X,Normale,Deux véhicules - arrière,,,,,,,,,,,2,2,2,1.0,2
201300054540,0013-03-01 17:20:00,13,3,1,17,20,750,117,"14, RUE GUSTAVE CHARPENT",,,Plein jour,En agglomération,Hors intersection,Normale,Autre collision,,,,,,,,,,,1,2,1,1.0,6
201300054541,0013-03-01 19:00:00,13,3,1,19,0,750,117,"62, AVENUE DES TERNES",,,Nuit avec éclairage allumé,En agglomération,Hors intersection,Normale,Deux véhicules - arrière,,,,,,,,,,,5,2,1,1.0,2
201300054542,0013-03-02 06:50:00,13,3,2,6,50,750,117,"04, AVENUE DE LA GRANDE",,,Crépuscule ou aube,En agglomération,Intersection en X,Normale,Deux véhicules - côté,,,,,,,,,,,2,2,2,1.0,3
201300054543,0013-03-04 12:30:00,13,3,4,12,30,750,117,"1, BOULEVARD PERSHING",,,Plein jour,En agglomération,Intersection à plus de 4 branches,Normale,Deux véhicules - côté,,,,,,,,,,,1,2,5,1.0,3
201300054544,0013-03-06 11:50:00,13,3,6,11,50,750,117,"26, AVENUE DE LA GRANDE",,,Plein jour,En agglomération,Hors intersection,Normale,Deux véhicules - côté,,,,,,,,,,,1,2,1,1.0,3
201300054545,0013-03-06 18:45:00,13,3,6,18,45,750,117,"02, AVENUE DE LA GRANDE",,,Nuit avec éclairage allumé,En agglomération,Intersection en X,Pluie légère,Deux véhicules - arrière,,,,,,,,,,,5,2,2,2.0,2
201300054546,0013-03-06 23:25:00,13,3,6,23,25,750,117,AVENUE DE LA PORTE DES T,,,Nuit avec éclairage allumé,En agglomération,Hors intersection,Normale,Deux véhicules - côté,,,,,,,,,,,5,2,1,1.0,3
201300054547,0013-03-11 22:10:00,13,3,11,22,10,750,117,"275, BOULEVARD PEREIRE",,,Nuit avec éclairage allumé,En agglomération,Hors intersection,Neige / grêle,Sans collision,,,,,,,,,,,5,2,1,4.0,7
201300054548,0013-03-18 09:15:00,13,3,18,9,15,750,117,"148, BOULEVARD MALESHERB",,,Plein jour,En agglomération,Intersection en T,Normale,Deux véhicules - arrière,,,,,,,,,,,1,2,3,1.0,2
201300054549,0013-03-18 19:15:00,13,3,18,19,15,750,117,"/, PLACE CHARLES DE GAUL",,,Plein jour,En agglomération,Place,Normale,Sans collision,,,,,,,,,,,1,2,7,1.0,7
201300054550,0013-03-18 19:15:00,13,3,18,19,15,750,117,BOULEVARD MALESHERBES,,,Nuit avec éclairage allumé,En agglomération,Place,Pluie légère,Autre collision,,,,,,,,,,,5,2,7,2.0,6
201300054551,0013-03-19 12:00:00,13,3,19,12,0,750,117,"178, RUE DE COURCELLES",,,Plein jour,En agglomération,Hors intersection,Normale,Autre collision,,,,,,,,,,,1,2,1,1.0,6
201300054552,0013-03-21 14:45:00,13,3,21,14,45,750,117,"4-10, PLACE DE LA PORTE",,,Plein jour,En agglomération,Place,Normale,Deux véhicules - côté,,,,,,,,,,,1,2,7,1.0,3
201300054553,0013-03-22 09:05:00,13,3,22,9,5,750,117,"27, AVENUE MAC MAHON",,,Plein jour,En agglomération,Intersection en Y,Normale,Deux véhicules - côté,,,,,,,,,,,1,2,4,1.0,3
201300054554,0013-03-24 20:50:00,13,3,24,20,50,750,117,"165, RUE DE ROME",,,Nuit avec éclairage allumé,En agglomération,Intersection en X,Normale,Sans collision,,,,,,,,,,,5,2,2,1.0,7
201300054555,0013-03-26 11:15:00,13,3,26,11,15,750,117,"16, PLACE DE VERDUN",,,Plein jour,En agglomération,Hors intersection,Normale,Sans collision,,,,,,,,,,,1,2,1,1.0,7
201300054556,0013-03-26 15:10:00,13,3,26,15,10,750,117,RUE DE ROME,,,Plein jour,En agglomération,Intersection en X,Normale,Deux véhicules - côté,,,,,,,,,,,1,2,2,1.0,3
201300054557,0013-03-26 16:20:00,13,3,26,16,20,750,117,"145, BOULEVARD MALESHERB",,,Plein jour,En agglomération,Hors intersection,Normale,Autre collision,,,,,,,,,,,1,2,1,1.0,6
201300054558,0013-03-28 15:40:00,13,3,28,15,40,750,117,"74, AVENUE DE CLICHY",,,Plein jour,En agglomération,Intersection en T,Normale,Deux véhicules - côté,,,,,,,,,,,1,2,3,1.0,3
201300054559,0013-03-28 20:55:00,13,3,28,20,55,750,117,"14, RUE D HELIOPOLIS",,,Nuit avec éclairage allumé,En agglomération,Intersection en T,Normale,Deux véhicules - côté,,,,,,,,,,,5,2,3,1.0,3
201300054560,0013-03-29 13:55:00,13,3,29,13,55,750,117,"173, AVENUE DE CLICHY",,,Plein jour,En agglomération,Intersection en T,Normale,Deux véhicules - côté,,,,,,,,,,,1,2,3,1.0,3
201300054561,0013-03-29 14:35:00,13,3,29,14,35,750,117,"30, RUE MARGUERITE LONG",,,Plein jour,En agglomération,Intersection en T,Normale,Sans collision,,,,,,,,,,,1,2,3,1.0,7
201300054562,0013-03-29 18:50:00,13,3,29,18,50,750,117,"69, AVENUE DES TERNES",,,Plein jour,En agglomération,Place,Normale,Autre collision,,,,,,,,,,,1,2,7,1.0,6
201300054563,0013-03-31 13:25:00,13,3,31,13,25,750,117,"205, BOULEVARD MALESHERB",,,Plein jour,En agglomération,Hors intersection,Normale,Deux véhicules - arrière,,,,,,,,,,,1,2,1,1.0,2
201300054564,0013-04-03 18:50:00,13,4,3,18,50,750,117,"7, AVENUE NIEL",,,Plein jour,En agglomération,Intersection à plus de 4 branches,Normale,Autre collision,,,,,,,,,,,1,2,5,1.0,6
201300054565,0013-04-06 13:40:00,13,4,6,13,40,750,117,"1, BOULEVARD PERSHING",,,Plein jour,En agglomération,Intersection à plus de 4 branches,Normale,Deux véhicules - côté,,,,,,,,,,,1,2,5,1.0,3
201300054566,0013-04-07 18:00:00,13,4,7,18,0,750,117,"141, BOULEVARD PEREIRE",,,Plein jour,En agglomération,Intersection à plus de 4 branches,Normale,Autre collision,,,,,,,,,,,1,2,5,1.0,6
201300054567,0013-04-08 09:10:00,13,4,8,9,10,750,117,"19, RUE BROCHANT",,,Plein jour,En agglomération,Intersection en X,Pluie légère,Deux véhicules - côté,,,,,,,,,,,1,2,2,2.0,3
201300054568,0013-04-08 20:15:00,13,4,8,20,15,750,117,"75, AVENUE DE CLICHY",,,Crépuscule ou aube,En agglomération,Intersection en T,Normale,Sans collision,,,,,,,,,,,2,2,3,1.0,7
201300054569,0013-04-09 15:45:00,13,4,9,15,45,750,117,"1, BOULEVARD DU BOIS LE",,,Plein jour,En agglomération,Intersection en T,Pluie légère,Deux véhicules - arrière,,,,,,,,,,,1,2,3,2.0,2
201300054570,0013-04-09 18:00:00,13,4,9,18,0,750,117,"85, AVENUE DE CLICHY",,,Plein jour,En agglomération,Hors intersection,Normale,Deux véhicules - frontale,,,,,,,,,,,1,2,1,1.0,1
201300054571,0013-04-10 11:05:00,13,4,10,11,5,750,117,"124, AVENUE DE VILLIERS",,,Plein jour,En agglomération,Hors intersection,Pluie légère,Deux véhicules - côté,,,,,,,,,,,1,2,1,2.0,3
201300054572,0013-04-11 01:25:00,13,4,11,1,25,750,117,"5, RUE GUTTIN",,,Nuit avec éclairage allumé,En agglomération,Intersection en Y,Pluie légère,Autre collision,,,,,,,,,,,5,2,4,2.0,6
201300054573,0013-04-11 16:40:00,13,4,11,16,40,750,117,"121, AVENUE DE CLICHY",,,Plein jour,En agglomération,Intersection en T,Pluie légère,Autre collision,,,,,,,,,,,1,2,3,2.0,6
201300054574,0013-04-11 16:25:00,13,4,11,16,25,750,117,"62, RUE LAUGIER",,,Plein jour,En agglomération,Intersection en Y,Pluie légère,Deux véhicules - côté,,,,,,,,,,,1,2,4,2.0,3
201300054575,0013-04-12 11:50:00,13,4,12,11,50,750,117,BOULEVARD PERIPHERIQUE,,,Plein jour,En agglomération,Hors intersection,Normale,Deux véhicules - côté,,,,,,,,,,,1,2,1,1.0,3
201300054576,0013-04-12 17:35:00,13,4,12,17,35,750,117,"06, BOULEVARD PERSHING",,,Plein jour,En agglomération,Intersection en Y,Pluie légère,Deux véhicules - arrière,,,,,,,,,,,1,2,4,2.0,2
201300054577,0013-04-14 22:05:00,13,4,14,22,5,750,117,"44, RUE LA CONDAMINE",,,Nuit avec éclairage allumé,En agglomération,Intersection en X,Normale,Sans collision,,,,,,,,,,,5,2,2,1.0,7
201300054578,0013-04-16 09:40:00,13,4,16,9,40,750,117,"3, RUE LEON JOST",,,Plein jour,En agglomération,Hors intersection,Normale,Autre collision,,,,,,,,,,,1,2,1,1.0,6
201300054579,0013-04-16 17:45:00,13,4,16,17,45,750,117,"75 ter, AVENUE DE WAGRAM",,,Plein jour,En agglomération,Intersection en X,Normale,Deux véhicules - arrière,,,,,,,,,,,1,2,2,1.0,2
201300054580,0013-04-18 20:30:00,13,4,18,20,30,750,117,"30 BIS, AVENUE NIEL",,,Nuit avec éclairage allumé,En agglomération,Hors intersection,Normale,Deux véhicules - arrière,,,,,,,,,,,5,2,1,1.0,2
201300054581,0013-04-19 09:15:00,13,4,19,9,15,750,117,"5, PLACE DE WAGRAM",,,Plein jour,En agglomération,Place,Normale,Deux véhicules - côté,,,,,,,,,,,1,2,7,1.0,3
201300054582,0013-04-19 09:00:00,13,4,19,9,0,750,117,"139, AVENUE DE VILLIERS",,,Plein jour,En agglomération,Hors intersection,Normale,Deux véhicules - arrière,,,,,,,,,,,1,2,1,1.0,2
201300054583,0013-04-20 15:10:00,13,4,20,15,10,750,117,"17, RUE GUY MOQUET",,,Plein jour,En agglomération,Intersection en X,Normale,Deux véhicules - côté,,,,,,,,,,,1,2,2,1.0,3
201300054584,0013-04-20 17:13:00,13,4,20,17,13,750,117,"38, BOULEVARD BERTHIER",,,Plein jour,En agglomération,Hors intersection,Normale,Autre collision,,,,,,,,,,,1,2,1,1.0,6
201300054585,0013-04-22 10:00:00,13,4,22,10,0,750,117,"145, RUE DE SAUSSURE",,,Plein jour,En agglomération,Hors intersection,Normale,Sans collision,,,,,,,,,,,1,2,1,1.0,7
201300054586,0013-04-25 09:15:00,13,4,25,9,15,750,117,"9, AVENUE NIEL",,,Plein jour,En agglomération,Intersection à plus de 4 branches,Normale,Deux véhicules - côté,,,,,,,,,,,1,2,5,1.0,3
201300054587,0013-04-25 18:50:00,13,4,25,18,50,750,117,"60, BOULEVARD GOUVION SA",,,Plein jour,En agglomération,Hors intersection,Normale,Autre collision,,,,,,,,,,,1,2,1,1.0,6
201300054588,0013-04-26 13:00:00,13,4,26,13,0,750,117,BOULEVARD PERIPHERIQUE,,,Plein jour,En agglomération,Hors intersection,Normale,Deux véhicules - arrière,,,,,,,,,,,1,2,1,1.0,2
201300054589,0013-04-27 22:05:00,13,4,27,22,5,750,116,PLACE DE LA PORTE MAILLO,,,Nuit avec éclairage allumé,En agglomération,Place,Normale,Deux véhicules - côté,,,,,,,,,,,5,2,7,1.0,3
201300054590,0013-04-29 02:00:00,13,4,29,2,0,750,117,"83, AVENUE NIEL",,,Nuit avec éclairage allumé,En agglomération,Intersection en T,Normale,Autre collision,,,,,,,,,,,5,2,3,1.0,6
201300054591,0013-04-29 14:50:00,13,4,29,14,50,750,117,"2, RUE AUMONT THIEVILLE",,,Plein jour,En agglomération,Intersection en T,Normale,Autre collision,,,,,,,,,,,1,2,3,1.0,6
201300054592,0013-04-29 17:30:00,13,4,29,17,30,750,117,PLACE DE LA REPUBLIQUE D,,,Plein jour,En agglomération,Place,Normale,Deux véhicules - arrière,,,,,,,,,,,1,2,7,1.0,2
201300054593,0013-04-29 20:40:00,13,4,29,20,40,750,117,AVENUE DE LA PORTE D ASN,,,Nuit avec éclairage allumé,En agglomération,Intersection à plus de 4 branches,Normale,Trois véhicules et plus - collisions multiples,,,,,,,,,,,5,2,5,1.0,5
201300054594,0013-05-02 21:50:00,13,5,2,21,50,750,117,"22, AVENUE DE LA GRANDE",,,Nuit avec éclairage allumé,En agglomération,Intersection en T,Normale,Deux véhicules - arrière,,,,,,,,,,,5,2,3,1.0,2
201300054595,0013-05-03 17:35:00,13,5,3,17,35,750,117,"4, BOULEVARD DE REIMS",,,Plein jour,En agglomération,Hors intersection,Normale,Autre collision,,,,,,,,,,,1,2,1,1.0,6
201300054596,0013-05-06 13:10:00,13,5,6,13,10,750,117,"143, AVENUE DE VILLIERS",,,Plein jour,En agglomération,Intersection à plus de 4 branches,Pluie légère,Autre collision,,,,,,,,,,,1,2,5,2.0,6
201300054597,0013-05-06 19:00:00,13,5,6,19,0,750,117,"47, RUE DES BATIGNOLLES",,,Plein jour,En agglomération,Intersection en X,Normale,Deux véhicules - côté,,,,,,,,,,,1,2,2,1.0,3
201300054598,0013-05-07 09:20:00,13,5,7,9,20,750,117,"161, BOULEVARD MALESHERB",,,Plein jour,En agglomération,Intersection en T,Normale,Autre collision,,,,,,,,,,,1,2,3,1.0,6
201300054599,0013-05-09 01:25:00,13,5,9,1,25,750,117,"129, AVENUE DE CLICHY",,,Nuit avec éclairage allumé,En agglomération,Intersection en X,Normale,Deux véhicules - arrière,,,,,,,,,,,5,2,2,1.0,2
201300054600,0013-05-09 13:25:00,13,5,9,13,25,750,117,"16, RUE GUILLAUME TELL",,,Plein jour,En agglomération,Intersection en T,Normale,Sans collision,,,,,,,,,,,1,2,3,1.0,7
201300054601,0013-05-09 17:00:00,13,5,9,17,0,750,117,"32, RUE JACQUES KELLNER",,,Plein jour,En agglomération,Intersection en X,Normale,Deux véhicules - côté,,,,,,,,,,,1,2,2,1.0,3
201300054602,0013-05-10 20:55:00,13,5,10,20,55,750,117,"89, RUE DE ROME",,,Plein jour,En agglomération,Hors intersection,Normale,Deux véhicules - côté,,,,,,,,,,,1,2,1,1.0,3
201300054603,0013-05-11 16:40:00,13,5,11,16,40,750,117,"90, RUE LEGENDRE",,,Plein jour,En agglomération,Intersection en X,Normale,Deux véhicules - côté,,,,,,,,,,,1,2,2,1.0,3
201300054604,0013-05-14 19:10:00,13,5,14,19,10,750,117,"12, AVENUE DE LA PORTE D",,,Plein jour,En agglomération,Intersection en Y,Normale,Autre collision,,,,,,,,,,,1,2,4,1.0,6
201300054605,0013-05-15 12:00:00,13,5,15,12,0,750,117,"79, AVENUE DES TERNES",,,Plein jour,En agglomération,Intersection en Y,Normale,Deux véhicules - côté,,,,,,,,,,,1,2,4,1.0,3
201300054606,0013-05-15 18:15:00,13,5,15,18,15,750,117,"113, AVENUE DE CLICHY",,,Plein jour,En agglomération,Intersection en X,Normale,Autre collision,,,,,,,,,,,1,2,2,1.0,6
201300054607,0013-05-17 19:10:00,13,5,17,19,10,750,117,"22 bis, RUE JOUFFROY D A",,,Plein jour,En agglomération,Hors intersection,Normale,Deux véhicules - arrière,,,,,,,,,,,1,2,1,1.0,2
201300054608,0013-05-19 19:15:00,13,5,19,19,15,750,117,"6, RUE LA CONDAMINE",,,Plein jour,En agglomération,Hors intersection,Pluie légère,Autre collision,,,,,,,,,,,1,2,1,2.0,6
201300054609,0013-05-20 00:35:00,13,5,20,0,35,750,117,AVENUE DE LA PORTE D ASN,,,Nuit avec éclairage allumé,En agglomération,Intersection à plus de 4 branches,Pluie forte,Deux véhicules - côté,,,,,,,,,,,5,2,5,3.0,3
201300054610,0013-05-21 11:00:00,13,5,21,11,0,750,117,"224, RUE DE COURCELLES",,,Plein jour,En agglomération,Intersection en T,Temps couvert,Autre collision,,,,,,,,,,,1,2,3,8.0,6
201300054611,0013-05-21 14:35:00,13,5,21,14,35,750,117,BOULEVARD PERSHING,,,Plein jour,En agglomération,Intersection en Y,Pluie légère,Deux véhicules - côté,,,,,,,,,,,1,2,4,2.0,3
201300054612,0013-05-21 15:20:00,13,5,21,15,20,750,117,"101, RUE DE TOCQUEVILLE",,,Plein jour,En agglomération,Hors intersection,Normale,Autre collision,,,,,,,,,,,1,2,1,1.0,6
201300054613,0013-05-22 22:50:00,13,5,22,22,50,750,117,"168, BOULEVARD MALESHERB",,,Nuit avec éclairage allumé,En agglomération,Intersection en T,Normale,Deux véhicules - arrière,,,,,,,,,,,5,2,3,1.0,2
201300054614,0013-05-23 14:22:00,13,5,23,14,22,750,117,"82, AVENUE DE LA GRANDE",,,Plein jour,En agglomération,Place,Normale,Deux véhicules - côté,,,,,,,,,,,1,2,7,1.0,3
201300054615,0013-05-23 17:00:00,13,5,23,17,0,750,117,"91, RUE DE ROME",,,Plein jour,En agglomération,Intersection en X,Pluie légère,Deux véhicules - arrière,,,,,,,,,,,1,2,2,2.0,2
201300054616,0013-05-23 19:55:00,13,5,23,19,55,750,117,"133, AVENUE DE VILLIERS",,,Crépuscule ou aube,En agglomération,Intersection à plus de 4 branches,Normale,Deux véhicules - côté,,,,,,,,,,,2,2,5,1.0,3
201300054617,0013-05-24 14:30:00,13,5,24,14,30,750,117,"126, BOULEVARD BERTHIER",,,Plein jour,En agglomération,Hors intersection,Pluie légère,Deux véhicules - arrière,,,,,,,,,,,1,2,1,2.0,2
201300054618,0013-05-24 15:30:00,13,5,24,15,30,750,117,"90, BOULEVARD DE COURCEL",,,Plein jour,En agglomération,Hors intersection,Pluie forte,Deux véhicules - côté,,,,,,,,,,,1,2,1,3.0,3
201300054619,0013-05-24 16:45:00,13,5,24,16,45,750,117,"11, AVENUE DE SAINT OUEN",,,Plein jour,En agglomération,Intersection en T,Pluie légère,Deux véhicules - côté,,,,,,,,,,,1,2,3,2.0,3
201300054620,0013-05-24 19:30:00,13,5,24,19,30,750,117,"7, AVENUE DE LA PORTE D",,,Plein jour,En agglomération,Intersection en T,Pluie légère,Sans collision,,,,,,,,,,,1,2,3,2.0,7
201300054621,0013-05-25 03:50:00,13,5,25,3,50,750,117,BOULEVARD BERTHIER,,,Nuit avec éclairage allumé,En agglomération,Giratoire,Pluie légère,Autre collision,,,,,,,,,,,5,2,6,2.0,6
201300054622,0013-05-25 02:15:00,13,5,25,2,15,750,117,"60, RUE DE PRONY",,,Nuit avec éclairage allumé,En agglomération,Hors intersection,Normale,Sans collision,,,,,,,,,,,5,2,1,1.0,7
201300054623,0013-05-26 15:55:00,13,5,26,15,55,750,117,"1 bis, AVENUE MAC MAHON",,,Plein jour,En agglomération,Place,Normale,Trois véhicules et plus - en chaîne,,,,,,,,,,,1,2,7,1.0,4
201300054624,0013-05-26 17:30:00,13,5,26,17,30,750,117,"142, BOULEVARD BERTHIER",,,Plein jour,En agglomération,Hors intersection,Normale,Autre collision,,,,,,,,,,,1,2,1,1.0,6
201300054625,0013-05-28 23:30:00,13,5,28,23,30,750,117,"5, PLACE DE WAGRAM",,,Nuit avec éclairage allumé,En agglomération,Place,Normale,Autre collision,,,,,,,,,,,5,2,7,1.0,6
201300054626,0013-05-29 14:45:00,13,5,29,14,45,750,117,"36, AVENUE NIEL",,,Plein jour,En agglomération,Intersection à plus de 4 branches,Normale,Deux véhicules - arrière,,,,,,,,,,,1,2,5,1.0,2
201300054627,0013-05-30 07:55:00,13,5,30,7,55,750,117,"3, RUE FARADAY",,,Plein jour,En agglomération,Intersection en X,Temps couvert,Autre collision,,,,,,,,,,,1,2,2,8.0,6