accident_id,datetime,annee,mois,jour,heure,minute,departement,commune_insee,adresse,latitude,longitude,luminosite,agglomeration,intersection,meteo,collision,nb_vehicules,nb_usagers,nb_indemnes,nb_tues,nb_blesses_hosp,nb_blesses_legers,age_cond_1,age_cond_2,veh_type_cond_1,veh_type_cond_2,lum_code,agg_code,int_code,atm_code,col_code
201300054882,0013-01-10 15:45:00,13,1,10,15,45,750,118,"62, RUE DE LA CHAPELLE",,,Plein jour,En agglomération,Hors intersection,Pluie légère,Autre collision,,,,,,,,,,,1,2,1,2.0,6
201300054883,0013-01-10 17:45:00,13,1,10,17,45,750,118,RUE ETEX,,,Crépuscule ou aube,En agglomération,Intersection à plus de 4 branches,Normale,Autre collision,,,,,,,,,,,2,2,5,1.0,6
201300054884,0013-01-11 19:50:00,13,1,11,19,50,750,118,"221, RUE CHAMPIONNET",,,Nuit avec éclairage allumé,En agglomération,Intersection en Y,Pluie légère,Autre collision,,,,,,,,,,,5,2,4,2.0,6
201300054885,0013-01-13 00:35:00,13,1,13,0,35,750,118,RUE DES POISSONNIERS,,,Nuit avec éclairage allumé,En agglomération,Hors intersection,Pluie légère,Autre collision,,,,,,,,,,,5,2,1,2.0,6
201300054886,0013-01-15 07:15:00,13,1,15,7,15,750,118,RUE CAULAINCOURT,,,Nuit avec éclairage allumé,En agglomération,Intersection à plus de 4 branches,Neige / grêle,Sans collision,,,,,,,,,,,5,2,5,4.0,7
201300054887,0013-01-18 09:45:00,13,1,18,9,45,750,118,"158, RUE DAMREMONT",,,Plein jour,En agglomération,Intersection à plus de 4 branches,Normale,Deux véhicules - côté,,,,,,,,,,,1,2,5,1.0,3
201300054888,0013-01-18 10:20:00,13,1,18,10,20,750,118,"42, BOULEVARD DE ROCHECH",,,Plein jour,En agglomération,Intersection en X,Temps couvert,Autre collision,,,,,,,,,,,1,2,2,8.0,6
201300054889,0013-01-18 19:20:00,13,1,18,19,20,750,118,"108, BOULEVARD DE CLICHY",,,Nuit avec éclairage allumé,En agglomération,Hors intersection,Neige / grêle,Autre collision,,,,,,,,,,,5,2,1,4.0,6
201300054890,0013-01-22 19:10:00,13,1,22,19,10,750,118,RUE FERDINAND FLOCON,,,Nuit avec éclairage allumé,En agglomération,Intersection à plus de 4 branches,Temps couvert,Trois véhicules et plus - collisions multiples,,,,,,,,,,,5,2,5,8.0,5
201300054891,0013-01-24 12:28:00,13,1,24,12,28,750,118,"25, RUE CUSTINE",,,Plein jour,En agglomération,Intersection à plus de 4 branches,Normale,Deux véhicules - côté,,,,,,,,,,,1,2,5,1.0,3
201300054892,0013-01-27 02:45:00,13,1,27,2,45,750,118,"09, BOULEVARD ORNANO",,,Nuit avec éclairage allumé,En agglomération,Intersection à plus de 4 branches,Normale,Autre collision,,,,,,,,,,,5,2,5,1.0,6
201300054893,0013-01-27 20:05:00,13,1,27,20,5,750,118,"angle, RUE MARX DORMOY",,,Nuit avec éclairage allumé,En agglomération,Intersection en X,Pluie légère,Autre collision,,,,,,,,,,,5,2,2,2.0,6
201300054894,0013-01-28 08:50:00,13,1,28,8,50,750,118,"6, RUE DU PRE",,,Plein jour,En agglomération,Hors intersection,Normale,Autre collision,,,,,,,,,,,1,2,1,1.0,6
201300054895,0013-01-29 16:40:00,13,1,29,16,40,750,118,"13, RUE DE CLIGNANCOURT",,,Plein jour,En agglomération,Intersection en T,Normale,Autre collision,,,,,,,,,,,1,2,3,1.0,6
201300054896,0013-01-29 18:00:00,13,1,29,18,0,750,118,"5, RUE DE L EVANGILE",,,Nuit avec éclairage allumé,En agglomération,Hors intersection,Pluie légère,Autre collision,,,,,,,,,,,5,2,1,2.0,6
201300054897,0013-01-31 05:20:00,13,1,31,5,20,750,118,"68, BOULEVARD BARBES",,,Nuit avec éclairage allumé,En agglomération,Hors intersection,Normale,Autre collision,,,,,,,,,,,5,2,1,1.0,6
201300054898,0013-02-01 18:00:00,13,2,1,18,0,750,118,"39, BOULEVARD BARBES",,,Nuit avec éclairage allumé,En agglomération,Hors intersection,Pluie légère,Autre collision,,,,,,,,,,,5,2,1,2.0,6
201300054899,0013-02-02 07:00:00,13,2,2,7,0,750,118,AVENUE DE LA PORTE DE CL,,,Nuit avec éclairage allumé,En agglomération,Hors intersection,Normale,Autre collision,,,,,,,,,,,5,2,1,1.0,6
201300054900,0013-02-02 11:30:00,13,2,2,11,30,750,118,"27, RUE CUSTINE",,,Plein jour,En agglomération,Intersection à plus de 4 branches,Normale,Deux véhicules - arrière,,,,,,,,,,,1,2,5,1.0,2
201300054901,0013-02-02 18:45:00,13,2,2,18,45,750,118,"3, BOULEVARD BARBES",,,Nuit avec éclairage allumé,En agglomération,Intersection en T,Normale,Deux véhicules - côté,,,,,,,,,,,5,2,3,1.0,3
201300054902,0013-02-04 18:50:00,13,2,4,18,50,750,118,"117, RUE BELLIARD",,,Nuit avec éclairage allumé,En agglomération,Hors intersection,Normale,Autre collision,,,,,,,,,,,5,2,1,1.0,6
201300054903,0013-02-06 22:15:00,13,2,6,22,15,750,118,"46, AVENUE DE CLICHY",,,Nuit avec éclairage allumé,En agglomération,Intersection en T,Pluie légère,Autre collision,,,,,,,,,,,5,2,3,2.0,6
201300054904,0013-02-08 12:20:00,13,2,8,12,20,750,118,"1, RUE DE LA MADONE",,,Plein jour,En agglomération,Intersection en T,Normale,Autre collision,,,,,,,,,,,1,2,3,1.0,6
201300054905,0013-02-08 16:30:00,13,2,8,16,30,750,118,"94, BOULEVARD BARBES",,,Plein jour,En agglomération,Hors intersection,Normale,Deux véhicules - arrière,,,,,,,,,,,1,2,1,1.0,2
201300054906,0013-02-09 13:50:00,13,2,9,13,50,750,118,"33, BOULEVARD BARBES",,,Plein jour,En agglomération,Intersection à plus de 4 branches,Normale,Deux véhicules - côté,,,,,,,,,,,1,2,5,1.0,3
201300054907,0013-02-13 02:20:00,13,2,13,2,20,750,118,RUE VAUVENARGUES,,,Nuit avec éclairage allumé,En agglomération,Intersection à plus de 4 branches,Normale,Deux véhicules - arrière,,,,,,,,,,,5,2,5,1.0,2
201300054908,0013-02-13 19:00:00,13,2,13,19,0,750,118,"30, AVENUE DE LA PORTE D",,,Nuit avec éclairage allumé,En agglomération,Intersection en T,Normale,Deux véhicules - côté,,,,,,,,,,,5,2,3,1.0,3
201300054909,0013-02-14 18:45:00,13,2,14,18,45,750,118,"2, RUE MARX DORMOY",,,Nuit avec éclairage allumé,En agglomération,Place,Normale,Autre collision,,,,,,,,,,,5,2,7,1.0,6
201300054910,0013-02-17 05:45:00,13,2,17,5,45,750,118,BOULEVARD DE CLICHY,,,Nuit avec éclairage allumé,En agglomération,Intersection en Y,Normale,Autre collision,,,,,,,,,,,5,2,4,1.0,6
201300054911,0013-02-19 08:30:00,13,2,19,8,30,750,118,RUE DES POISSONNIERS,,,Plein jour,En agglomération,Intersection en X,Normale,Autre collision,,,,,,,,,,,1,2,2,1.0,6
201300054912,0013-02-19 11:00:00,13,2,19,11,0,750,118,"124, AVENUE DE SAINT OUE",,,Plein jour,En agglomération,Intersection en T,Normale,Deux véhicules - frontale,,,,,,,,,,,1,2,3,1.0,1
201300054913,0013-02-19 14:30:00,13,2,19,14,30,750,118,AVENUE DE LA PORTE DE MO,,,Plein jour,En agglomération,Intersection en T,Normale,Autre collision,,,,,,,,,,,1,2,3,1.0,6
201300054914,0013-02-19 17:00:00,13,2,19,17,0,750,118,"face au 83, RUE DE LA CH",,,Plein jour,En agglomération,Hors intersection,Normale,Autre collision,,,,,,,,,,,1,2,1,1.0,6
201300054915,0013-02-23 08:40:00,13,2,23,8,40,750,118,"100, RUE ORDENER",,,Plein jour,En agglomération,Hors intersection,Normale,Autre collision,,,,,,,,,,,1,2,1,1.0,6
201300054916,0013-02-23 13:15:00,13,2,23,13,15,750,118,"74, RUE ORDENER",,,Plein jour,En agglomération,Hors intersection,Normale,Autre collision,,,,,,,,,,,1,2,1,1.0,6
201300054917,0013-02-23 21:00:00,13,2,23,21,0,750,118,ECHANGEUR CLIGNANCOURT,,,Nuit avec éclairage allumé,En agglomération,Intersection à plus de 4 branches,Normale,Autre collision,,,,,,,,,,,5,2,5,1.0,6
201300054918,0013-02-23 21:25:00,13,2,23,21,25,750,118,"10, RUE DE LA CHAPELLE",,,Nuit avec éclairage allumé,En agglomération,Hors intersection,Normale,Autre collision,,,,,,,,,,,5,2,1,1.0,6
201300054919,0013-02-24 14:00:00,13,2,24,14,0,750,118,"69, RUE ORDENER",,,Plein jour,En agglomération,Hors intersection,Pluie légère,Autre collision,,,,,,,,,,,1,2,1,2.0,6
201300054920,0013-02-24 19:20:00,13,2,24,19,20,750,118,RUE DE L EVANGILE,,,Nuit avec éclairage allumé,En agglomération,Intersection en T,Neige / grêle,Autre collision,,,,,,,,,,,5,2,3,4.0,6
201300054921,0013-02-26 21:50:00,13,2,26,21,50,750,118,"57, RUE DES TROIS FRERES",,,Nuit avec éclairage allumé,En agglomération,Intersection en X,Normale,Deux véhicules - côté,,,,,,,,,,,5,2,2,1.0,3
201300054922,0013-02-27 10:15:00,13,2,27,10,15,750,118,"77, RUE CAULAINCOURT",,,Plein jour,En agglomération,Intersection en X,Normale,Deux véhicules - arrière,,,,,,,,,,,1,2,2,1.0,2
201300054923,0013-02-27 22:40:00,13,2,27,22,40,750,110,"37, BOULEVARD DE LA CHAP",,,Nuit avec éclairage allumé,En agglomération,Intersection en X,Pluie légère,Deux véhicules - arrière,,,,,,,,,,,5,2,2,2.0,2
201300054924,0013-02-28 15:15:00,13,2,28,15,15,750,118,"79, RUE DU MONT CENIS",,,Plein jour,En agglomération,Intersection à plus de 4 branches,Normale,Autre collision,,,,,,,,,,,1,2,5,1.0,6
201300054925,0013-02-28 15:10:00,13,2,28,15,10,750,118,"14, RUE ORDENER",,,Plein jour,En agglomération,Hors intersection,Normale,Autre collision,,,,,,,,,,,1,2,1,1.0,6
201300054926,0013-02-28 18:00:00,13,2,28,18,0,750,118,"56, AVENUE DE CLICHY",,,Nuit avec éclairage allumé,En agglomération,Hors intersection,Normale,Sans collision,,,,,,,,,,,5,2,1,1.0,7
201300054927,0013-03-02 11:30:00,13,3,2,11,30,750,118,BOULEVARD NEY,,,Plein jour,En agglomération,Intersection en X,Normale,Trois véhicules et plus - collisions multiples,,,,,,,,,,,1,2,2,1.0,5
201300054928,0013-03-06 11:15:00,13,3,6,11,15,750,118,"51, BOULEVARD BARBES",,,Plein jour,En agglomération,Hors intersection,Normale,Autre collision,,,,,,,,,,,1,2,1,1.0,6
201300054929,0013-03-08 13:00:00,13,3,8,13,0,750,118,"70, BOULEVARD NEY",,,Plein jour,En agglomération,Hors intersection,Pluie forte,Autre collision,,,,,,,,,,,1,2,1,3.0,6
201300054930,0013-03-10 08:30:00,13,3,10,8,30,750,118,"26, AVENUE DE LA PORTE D",,,Plein jour,En agglomération,Hors intersection,Normale,Deux véhicules - côté,,,,,,,,,,,1,2,1,1.0,3
201300054931,0013-03-11 20:20:00,13,3,11,20,20,750,118,"2, RUE LEIBNIZ",,,Nuit avec éclairage allumé,En agglomération,Intersection en T,Neige / grêle,Autre collision,,,,,,,,,,,5,2,3,4.0,6
201300054932,0013-03-13 15:50:00,13,3,13,15,50,750,118,"83, RUE DAMREMONT",,,Plein jour,En agglomération,Intersection à plus de 4 branches,Temps couvert,Sans collision,,,,,,,,,,,1,2,5,8.0,7
201300054933,0013-03-16 15:05:00,13,3,16,15,5,750,118,RUE ORDENER,,,Plein jour,En agglomération,Intersection en X,Normale,Autre collision,,,,,,,,,,,1,2,2,1.0,6
201300054934,0013-03-17 15:50:00,13,3,17,15,50,750,118,"129, RUE CHAMPIONNET",,,Plein jour,En agglomération,Intersection en X,Pluie légère,Deux véhicules - arrière,,,,,,,,,,,1,2,2,2.0,2
201300054935,0013-03-17 16:50:00,13,3,17,16,50,750,118,"201, RUE CHAMPIONNET",,,Plein jour,En agglomération,Hors intersection,Pluie légère,Deux véhicules - côté,,,,,,,,,,,1,2,1,2.0,3
201300054936,0013-03-19 19:15:00,13,3,19,19,15,750,118,BOULEVARD PERIPHERIQUE E,,,Nuit avec éclairage allumé,En agglomération,Hors intersection,Pluie légère,Deux véhicules - arrière,,,,,,,,,,,5,2,1,2.0,2
201300054937,0013-03-20 11:45:00,13,3,20,11,45,750,118,"46, RUE PAJOL",,,Plein jour,En agglomération,Intersection en X,Normale,Deux véhicules - côté,,,,,,,,,,,1,2,2,1.0,3
201300054938,0013-03-22 16:55:00,13,3,22,16,55,750,118,"122, BOULEVARD DE LA CHA",,,Plein jour,En agglomération,Hors intersection,Normale,Deux véhicules - arrière,,,,,,,,,,,1,2,1,1.0,2
201300054939,0013-03-23 00:01:00,13,3,23,0,1,750,118,RUE DE LA CHAPELLE,,,Nuit avec éclairage allumé,En agglomération,Place,Normale,Deux véhicules - côté,,,,,,,,,,,5,2,7,1.0,3
201300054940,0013-03-23 20:40:00,13,3,23,20,40,750,117,BOULEVARD PERIPHERIQUE,,,Nuit avec éclairage allumé,En agglomération,Hors intersection,Normale,Deux véhicules - côté,,,,,,,,,,,5,2,1,1.0,3
201300054941,0013-03-26 17:15:00,13,3,26,17,15,750,118,"17, RUE CHRISTIANI",,,Plein jour,En agglomération,Hors intersection,Normale,Autre collision,,,,,,,,,,,1,2,1,1.0,6
201300054942,0013-03-26 23:40:00,13,3,26,23,40,750,118,"16, BOULEVARD DE CLICHY",,,Nuit avec éclairage allumé,En agglomération,Hors intersection,Normale,Sans collision,,,,,,,,,,,5,2,1,1.0,7
201300054943,0013-03-28 23:05:00,13,3,28,23,5,750,118,"75, RUE DAMREMONT",,,Nuit avec éclairage allumé,En agglomération,Hors intersection,Normale,Autre collision,,,,,,,,,,,5,2,1,1.0,6
201300054944,0013-03-30 19:00:00,13,3,30,19,0,750,118,"58, RUE HERMEL",,,Crépuscule ou aube,En agglomération,Intersection en X,Normale,Deux véhicules - côté,,,,,,,,,,,2,2,2,1.0,3
201300054945,0013-03-30 23:10:00,13,3,30,23,10,750,118,"58, BOULEVARD DE LA CHAP",,,Nuit avec éclairage allumé,En agglomération,Intersection en T,Normale,Autre collision,,,,,,,,,,,5,2,3,1.0,6
201300054946,0013-03-31 14:45:00,13,3,31,14,45,750,118,AVENUE DE LA PORTE DE CL,,,Plein jour,En agglomération,Intersection en X,Normale,Deux véhicules - côté,,,,,,,,,,,1,2,2,1.0,3
201300054947,0013-04-01 14:05:00,13,4,1,14,5,750,118,BOULEVARD ORNANO,,,Plein jour,En agglomération,Intersection à plus de 4 branches,Normale,Autre collision,,,,,,,,,,,1,2,5,1.0,6
201300054948,0013-04-01 16:45:00,13,4,1,16,45,750,118,"49, RUE BOINOD",,,Plein jour,En agglomération,Intersection à plus de 4 branches,Normale,Sans collision,,,,,,,,,,,1,2,5,1.0,7
201300054949,0013-04-02 02:00:00,13,4,2,2,0,750,118,"67, BOULEVARD NEY",,,Nuit avec éclairage allumé,En agglomération,Hors intersection,Normale,Deux véhicules - côté,,,,,,,,,,,5,2,1,1.0,3
201300054950,0013-04-02 11:20:00,13,4,2,11,20,750,118,"113, RUE ORDENER",,,Plein jour,En agglomération,Place,Normale,Autre collision,,,,,,,,,,,1,2,7,1.0,6
201300054951,0013-04-04 09:09:00,13,4,4,9,9,750,118,"6, RUE TARDIEU",,,Plein jour,En agglomération,Intersection à plus de 4 branches,Temps couvert,Deux véhicules - côté,,,,,,,,,,,1,2,5,8.0,3
201300054952,0013-04-04 01:00:00,13,4,4,1,0,750,118,"51, BOULEVARD BARBES",,,Nuit avec éclairage allumé,En agglomération,Hors intersection,Normale,Autre collision,,,,,,,,,,,5,2,1,1.0,6
201300054953,0013-04-05 11:50:00,13,4,5,11,50,750,118,"58 bis, RUE RAMEY",,,Plein jour,En agglomération,Hors intersection,Normale,Autre collision,,,,,,,,,,,1,2,1,1.0,6
201300054954,0013-04-05 13:05:00,13,4,5,13,5,750,118,", RUE DE CLIGNANCOURT",,,Plein jour,En agglomération,Intersection en X,Normale,Deux véhicules - côté,,,,,,,,,,,1,2,2,1.0,3
201300054955,0013-04-06 08:50:00,13,4,6,8,50,750,118,"50, RUE ORDENER",,,Plein jour,En agglomération,Intersection à plus de 4 branches,Normale,Deux véhicules - côté,,,,,,,,,,,1,2,5,1.0,3
201300054956,0013-04-06 11:15:00,13,4,6,11,15,750,118,"84, RUE DUHESME",,,Plein jour,En agglomération,Intersection à plus de 4 branches,Normale,Autre collision,,,,,,,,,,,1,2,5,1.0,6
201300054957,0013-04-07 17:40:00,13,4,7,17,40,750,118,"60, RUE DE LA CHAPELLE",,,Plein jour,En agglomération,Hors intersection,Normale,Deux véhicules - côté,,,,,,,,,,,1,2,1,1.0,3
201300054958,0013-04-11 10:35:00,13,4,11,10,35,750,118,"2, RUE ORDENER",,,Plein jour,En agglomération,Intersection en X,Normale,Deux véhicules - arrière,,,,,,,,,,,1,2,2,1.0,2
201300054959,0013-04-11 11:35:00,13,4,11,11,35,750,118,"92, BOULEVARD NEY",,,Plein jour,En agglomération,Hors intersection,Normale,Autre collision,,,,,,,,,,,1,2,1,1.0,6
201300054960,0013-04-12 13:20:00,13,4,12,13,20,750,118,"83, RUE DE LA CHAPELLE",,,Plein jour,En agglomération,Hors intersection,Normale,Autre collision,,,,,,,,,,,1,2,1,1.0,6
201300054961,0013-04-12 22:30:00,13,4,12,22,30,750,118,BOULEVARD BARBES,,,Nuit avec éclairage allumé,En agglomération,Hors intersection,Normale,Autre collision,,,,,,,,,,,5,2,1,1.0,6
201300054962,0013-04-13 09:00:00,13,4,13,9,0,750,118,"87, BOULEVARD NEY",,,Plein jour,En agglomération,Intersection en X,Normale,Autre collision,,,,,,,,,,,1,2,2,1.0,6
201300054963,0013-04-16 23:05:00,13,4,16,23,5,750,118,"29, AVENUE DE LA PORTE D",,,Nuit avec éclairage allumé,En agglomération,Hors intersection,Normale,Deux véhicules - arrière,,,,,,,,,,,5,2,1,1.0,2
201300054964,0013-04-18 18:55:00,13,4,18,18,55,750,118,"18, RUE BOUCRY",,,Plein jour,En agglomération,Intersection en X,Normale,Autre collision,,,,,,,,,,,1,2,2,1.0,6
201300054965,0013-04-19 08:40:00,13,4,19,8,40,750,118,"6, RUE ESCLANGON",,,Plein jour,En agglomération,Hors intersection,Normale,Deux véhicules - côté,,,,,,,,,,,1,2,1,1.0,3
201300054966,0013-04-19 16:05:00,13,4,19,16,5,750,118,RUE LETORT,,,Plein jour,En agglomération,Intersection à plus de 4 branches,Pluie légère,Autre collision,,,,,,,,,,,1,2,5,2.0,6
201300054967,0013-04-19 04:45:00,13,4,19,4,45,750,118,RUE CUSTINE,,,Nuit avec éclairage allumé,En agglomération,Intersection à plus de 4 branches,Normale,Deux véhicules - côté,,,,,,,,,,,5,2,5,1.0,3
201300054968,0013-04-20 12:30:00,13,4,20,12,30,750,118,"148, RUE DES POISSONNIER",,,Plein jour,En agglomération,Hors intersection,Normale,Autre collision,,,,,,,,,,,1,2,1,1.0,6
201300054969,0013-04-20 19:50:00,13,4,20,19,50,750,118,"57, BOULEVARD ORNANO",,,Plein jour,En agglomération,Hors intersection,Normale,Deux véhicules - côté,,,,,,,,,,,1,2,1,1.0,3
201300054970,0013-04-21 02:00:00,13,4,21,2,0,750,118,"124, RUE DES POISSONNIER",,,Nuit avec éclairage allumé,En agglomération,Intersection à plus de 4 branches,Normale,Autre collision,,,,,,,,,,,5,2,5,1.0,6
201300054971,0013-04-22 12:45:00,13,4,22,12,45,750,118,"17, RUE DE SOFIA",,,Plein jour,En agglomération,Hors intersection,Normale,Autre collision,,,,,,,,,,,1,2,1,1.0,6
201300054972,0013-04-22 15:00:00,13,4,22,15,0,750,118,"50, RUE ORDENER",,,Plein jour,En agglomération,Intersection à plus de 4 branches,Normale,Deux véhicules - côté,,,,,,,,,,,1,2,5,1.0,3
201300054973,0013-04-24 18:45:00,13,4,24,18,45,750,118,"2, AVENUE DE SAINT OUEN",,,Plein jour,En agglomération,Intersection en Y,Normale,Deux véhicules - côté,,,,,,,,,,,1,2,4,1.0,3
201300054974,0013-04-25 08:20:00,13,4,25,8,20,750,118,"244, RUE MARCADET",,,Plein jour,En agglomération,Intersection à plus de 4 branches,Normale,Deux véhicules - côté,,,,,,,,,,,1,2,5,1.0,3
201300054975,0013-04-25 04:50:00,13,4,25,4,50,750,118,AVENUE DE LA PORTE DE LA,,,Crépuscule ou aube,En agglomération,Hors intersection,Normale,Trois véhicules et plus - en chaîne,,,,,,,,,,,2,2,1,1.0,4
201300054976,0013-04-27 15:30:00,13,4,27,15,30,750,118,"16, RUE DE STEINKERQUE",,,Plein jour,En agglomération,Hors intersection,Normale,Autre collision,,,,,,,,,,,1,2,1,1.0,6
201300054977,0013-04-28 19:10:00,13,4,28,19,10,750,118,"169, RUE MARCADET",,,Plein jour,En agglomération,Hors intersection,Normale,Autre collision,,,,,,,,,,,1,2,1,1.0,6
201300054978,0013-04-30 09:30:00,13,4,30,9,30,750,118,"9, RUE ORDENER",,,Plein jour,En agglomération,Intersection en T,Normale,Deux véhicules - arrière,,,,,,,,,,,1,2,3,1.0,2
201300054979,0013-05-01 04:10:00,13,5,1,4,10,750,118,"5, RUE DE LA CHAPELLE",,,Nuit avec éclairage allumé,En agglomération,Intersection en Y,Pluie légère,Deux véhicules - arrière,,,,,,,,,,,5,2,4,2.0,2
201300054980,0013-05-01 14:50:00,13,5,1,14,50,750,118,"43, BOULEVARD BARBES",,,Plein jour,En agglomération,Intersection en X,Normale,Deux véhicules - côté,,,,,,,,,,,1,2,2,1.0,3
201300054981,0013-05-01 18:00:00,13,5,1,18,0,750,118,BOULEVARD DE LA CHAPELLE,,,Plein jour,En agglomération,Hors intersection,Pluie forte,Autre collision,,,,,,,,,,,1,2,1,3.0,6
201300054982,0013-05-01 18:15:00,13,5,1,18,15,750,118,"1, RUE HERMEL",,,Plein jour,En agglomération,Intersection en X,Pluie forte,Deux véhicules - côté,,,,,,,,,,,1,2,2,3.0,3
201300054983,0013-05-03 20:45:00,13,5,3,20,45,750,118,"105, BOULEVARD NEY",,,Crépuscule ou aube,En agglomération,Intersection en Y,Normale,Sans collision,,,,,,,,,,,2,2,4,1.0,7
201300054984,0013-05-06 01:35:00,13,5,6,1,35,750,118,AVENUE DE LA PORTE DE CL,,,Nuit avec éclairage allumé,En agglomération,Intersection à plus de 4 branches,Normale,Deux véhicules - côté,,,,,,,,,,,5,2,5,1.0,3
201300054985,0013-05-06 10:35:00,13,5,6,10,35,750,118,"12, RUE DE CLIGNANCOURT",,,Plein jour,En agglomération,Intersection en T,Pluie légère,Autre collision,,,,,,,,,,,1,2,3,2.0,6
201300054986,0013-05-06 18:15:00,13,5,6,18,15,750,118,"36, BOULEVARD DE ROCHECH",,,Plein jour,En agglomération,Intersection à plus de 4 branches,Pluie légère,Deux véhicules - côté,,,,,,,,,,,1,2,5,2.0,3
201300054987,0013-05-07 11:35:00,13,5,7,11,35,750,118,"16, RUE MARX DORMOY",,,Plein jour,En agglomération,Hors intersection,Normale,Autre collision,,,,,,,,,,,1,2,1,1.0,6
201300054988,0013-05-08 18:35:00,13,5,8,18,35,750,118,"61, RUE ORDENER",,,Plein jour,En agglomération,Intersection à plus de 4 branches,Normale,Sans collision,,,,,,,,,,,1,2,5,1.0,7
201300054989,0013-05-09 17:00:00,13,5,9,17,0,750,118,"27, BOULEVARD ORNANO",,,Plein jour,En agglomération,Hors intersection,Normale,Autre collision,,,,,,,,,,,1,2,1,1.0,6
201300054990,0013-05-11 07:45:00,13,5,11,7,45,750,118,"72, BOULEVARD DE ROCHECH",,,Plein jour,En agglomération,Intersection en X,Normale,Deux véhicules - arrière,,,,,,,,,,,1,2,2,1.0,2
201300054991,0013-05-11 18:00:00,13,5,11,18,0,750,118,RUE DU DOCTEUR BABINSKI,,,Plein jour,En agglomération,Intersection en T,Normale,Autre collision,,,,,,,,,,,1,2,3,1.0,6
201300054992,0013-05-11 21:00:00,13,5,11,21,0,750,118,"4, RUE CAULAINCOURT",,,Crépuscule ou aube,En agglomération,Hors intersection,Normale,Autre collision,,,,,,,,,,,2,2,1,1.0,6
201300054993,0013-05-11 13:00:00,13,5,11,13,0,750,118,"3, RUE DUC",,,Plein jour,En agglomération,Intersection en X,Normale,Deux véhicules - côté,,,,,,,,,,,1,2,2,1.0,3
201300054994,0013-05-15 07:45:00,13,5,15,7,45,750,118,"55, RUE RAMEY",,,Crépuscule ou aube,En agglomération,Intersection en Y,Normale,Autre collision,,,,,,,,,,,2,2,4,1.0,6
201300054995,0013-05-15 09:15:00,13,5,15,9,15,750,118,"02, BOULEVARD NEY",,,Plein jour,En agglomération,Intersection en X,Normale,Autre collision,,,,,,,,,,,1,2,2,1.0,6
201300054996,0013-05-19 22:40:00,13,5,19,22,40,750,118,"34, RUE DE CLIGNANCOURT",,,Nuit avec éclairage allumé,En agglomération,Intersection en Y,Pluie légère,Deux véhicules - frontale,,,,,,,,,,,5,2,4,2.0,1
201300054997,0013-05-22 12:05:00,13,5,22,12,5,750,118,"103 bis, RUE LAMARCK",,,Plein jour,En agglomération,Intersection en X,Normale,Autre collision,,,,,,,,,,,1,2,2,1.0,6
201300054998,0013-05-24 20:40:00,13,5,24,20,40,750,118,"88, RUE DAMREMONT",,,Crépuscule ou aube,En agglomération,Hors intersection,Pluie légère,Autre collision,,,,,,,,,,,2,2,1,2.0,6
201300054999,0013-05-25 16:10:00,13,5,25,16,10,750,118,"34, RUE DU CHEVALIER DE",,,Plein jour,En agglomération,Intersection en T,Pluie légère,Autre collision,,,,,,,,,,,1,2,3,2.0,6
201300055000,0013-05-26 11:55:00,13,5,26,11,55,750,118,RUE ORDENER,,,Plein jour,En agglomération,Intersection à plus de 4 branches,Normale,Deux véhicules - côté,,,,,,,,,,,1,2,5,1.0,3
201300055001,0013-05-26 20:40:00,13,5,26,20,40,750,118,"47, BOULEVARD ORNANO",,,Plein jour,En agglomération,Hors intersection,Normale,Autre collision,,,,,,,,,,,1,2,1,1.0,6
201300055002,0013-05-28 08:20:00,13,5,28,8,20,750,118,"71, RUE ORDENER",,,Plein jour,En agglomération,Intersection à plus de 4 branches,Normale,Autre collision,,,,,,,,,,,1,2,5,1.0,6
201300055003,0013-05-28 17:40:00,13,5,28,17,40,750,118,"148, RUE DAMREMONT",,,Plein jour,En agglomération,Intersection en X,Normale,Deux véhicules - côté,,,,,,,,,,,1,2,2,1.0,3
201300055004,0013-05-30 02:20:00,13,5,30,2,20,750,118,"6, BOULEVARD ORNANO",,,Nuit avec éclairage allumé,En agglomération,Intersection à plus de 4 branches,Pluie légère,Autre collision,,,,,,,,,,,5,2,5,2.0,6
201300055005,0013-05-30 02:00:00,13,5,30,2,0,750,118,"114, BOULEVARD NEY",,,Nuit avec éclairage allumé,En agglomération,Hors intersection,Pluie forte,Autre collision,,,,,,,,,,,5,2,1,3.0,6
201300055006,0013-06-01 02:20:00,13,6,1,2,20,750,118,"80, BOULEVARD ORNANO",,,Nuit avec éclairage allumé,En agglomération,Intersection en Y,Normale,Deux véhicules - arrière,,,,,,,,,,,5,2,4,1.0,2
201300055007,0013-06-02 10:05:00,13,6,2,10,5,750,118,"24, BOULEVARD DE LA CHAP",,,Plein jour,En agglomération,Place,Normale,Autre collision,,,,,,,,,,,1,2,7,1.0,6
201300055008,0013-06-02 16:00:00,13,6,2,16,0,750,118,"81, RUE DE LA CHAPELLE",,,Plein jour,En agglomération,Intersection en X,Normale,Deux véhicules - arrière,,,,,,,,,,,1,2,2,1.0,2