accident_id,datetime,annee,mois,jour,heure,minute,departement,commune_insee,adresse,latitude,longitude,luminosite,agglomeration,intersection,meteo,collision,nb_vehicules,nb_usagers,nb_indemnes,nb_tues,nb_blesses_hosp,nb_blesses_legers,age_cond_1,age_cond_2,veh_type_cond_1,veh_type_cond_2,lum_code,agg_code,int_code,atm_code,col_code
201300055651,0013-07-01 17:50:00,13,7,1,17,50,750,120,"10, RUE LEON FRAPIE",,,Plein jour,En agglomération,Intersection en T,Normale,Sans collision,,,,,,,,,,,1,2,3,1.0,7
201300055652,0013-07-02 00:35:00,13,7,2,0,35,750,120,"10, AVENUE GAMBETTA",,,Nuit avec éclairage allumé,En agglomération,Hors intersection,Normale,Autre collision,,,,,,,,,,,5,2,1,1.0,6
201300055653,0013-07-03 20:00:00,13,7,3,20,0,750,120,"46, RUE VITRUVE",,,Crépuscule ou aube,En agglomération,Intersection en X,Pluie légère,Deux véhicules - arrière,,,,,,,,,,,2,2,2,2.0,2
201300055654,0013-07-04 14:00:00,13,7,4,14,0,750,120,"21, RUE SAINT FARGEAU",,,Plein jour,En agglomération,Intersection en T,Normale,Autre collision,,,,,,,,,,,1,2,3,1.0,6
201300055655,0013-07-05 12:40:00,13,7,5,12,40,750,120,"0, RUE DU CAPITAINE FERB",,,Plein jour,En agglomération,Intersection à plus de 4 branches,Normale,Deux véhicules - côté,,,,,,,,,,,1,2,5,1.0,3
201300055656,0013-07-07 00:45:00,13,7,7,0,45,750,120,RUE DES GATINES,,,Nuit avec éclairage allumé,En agglomération,Intersection en X,Normale,Deux véhicules - côté,,,,,,,,,,,5,2,2,1.0,3
201300055657,0013-07-08 00:01:00,13,7,8,0,1,750,120,"0, RUE DE MENILMONTANT",,,Nuit avec éclairage allumé,En agglomération,Intersection en T,Normale,Deux véhicules - côté,,,,,,,,,,,5,2,3,1.0,3
201300055658,0013-07-08 14:15:00,13,7,8,14,15,750,120,"20, AVENUE BENOIT FRACHO",,,Plein jour,En agglomération,Hors intersection,Normale,Deux véhicules - côté,,,,,,,,,,,1,2,1,1.0,3
201300055659,0013-07-08 16:00:00,13,7,8,16,0,750,120,"0, RUE SAINT BLAISE",,,Plein jour,En agglomération,Intersection en T,Normale,Autre collision,,,,,,,,,,,1,2,3,1.0,6
201300055660,0013-07-09 10:05:00,13,7,9,10,5,750,120,"0, AVENUE DE LA PORTE DE",,,Plein jour,En agglomération,Intersection à plus de 4 branches,Normale,Deux véhicules - côté,,,,,,,,,,,1,2,5,1.0,3
201300055661,0013-07-09 12:40:00,13,7,9,12,40,750,120,"141 TER, AVENUE GAMBETTA",,,Plein jour,En agglomération,Intersection en X,Normale,Autre collision,,,,,,,,,,,1,2,2,1.0,6
201300055662,0013-07-10 09:45:00,13,7,10,9,45,750,120,"16, AVENUE GAMBETTA",,,Plein jour,En agglomération,Hors intersection,Normale,Sans collision,,,,,,,,,,,1,2,1,1.0,7
201300055663,0013-07-11 16:15:00,13,7,11,16,15,750,120,"14, BOULEVARD DE CHARONN",,,Plein jour,En agglomération,Hors intersection,Normale,Autre collision,,,,,,,,,,,1,2,1,1.0,6
201300055664,0013-07-12 01:35:00,13,7,12,1,35,750,120,AVENUE DE LA PORTE DE MO,,,Nuit avec éclairage allumé,En agglomération,Hors intersection,Normale,Deux véhicules - arrière,,,,,,,,,,,5,2,1,1.0,2
201300055665,0013-07-13 18:20:00,13,7,13,18,20,750,120,"93, RUE PELLEPORT",,,Plein jour,En agglomération,Intersection en T,Normale,Deux véhicules - côté,,,,,,,,,,,1,2,3,1.0,3
201300055666,0013-07-13 20:30:00,13,7,13,20,30,750,120,"3, RUE ROGER BISSIERE",,,Plein jour,En agglomération,Hors intersection,Normale,Autre collision,,,,,,,,,,,1,2,1,1.0,6
201300055667,0013-07-13 20:50:00,13,7,13,20,50,750,120,"40, RUE DE TOURTILLE",,,Plein jour,En agglomération,Hors intersection,Normale,Autre collision,,,,,,,,,,,1,2,1,1.0,6
201300055668,0013-07-14 12:45:00,13,7,14,12,45,750,120,"45, BOULEVARD DAVOUT",,,Plein jour,En agglomération,Hors intersection,Normale,Autre collision,,,,,,,,,,,1,2,1,1.0,6
201300055669,0013-07-14 19:35:00,13,7,14,19,35,750,120,AVENUE IBSEN,,,Plein jour,En agglomération,Intersection en X,Normale,Deux véhicules - arrière,,,,,,,,,,,1,2,2,1.0,2
201300055670,0013-07-15 12:35:00,13,7,15,12,35,750,120,"27, AVENUE GAMBETTA",,,Plein jour,En agglomération,Intersection en T,Normale,Deux véhicules - arrière,,,,,,,,,,,1,2,3,1.0,2
201300055671,0013-07-15 17:45:00,13,7,15,17,45,750,120,"1, RUE HARPIGNIES",,,Plein jour,En agglomération,Intersection en X,Normale,Autre collision,,,,,,,,,,,1,2,2,1.0,6
201300055672,0013-07-16 14:00:00,13,7,16,14,0,750,120,"5, AVENUE DE LA PORTE DE",,,Plein jour,En agglomération,Hors intersection,Normale,Autre collision,,,,,,,,,,,1,2,1,1.0,6
201300055673,0013-07-17 18:00:00,13,7,17,18,0,750,120,"177, BOULEVARD DAVOUT",,,Plein jour,En agglomération,Hors intersection,Normale,Deux véhicules - arrière,,,,,,,,,,,1,2,1,1.0,2
201300055674,0013-07-18 15:55:00,13,7,18,15,55,750,120,"6, RUE BELGRAND",,,Plein jour,En agglomération,Intersection en Y,Normale,Autre collision,,,,,,,,,,,1,2,4,1.0,6
201300055675,0013-07-19 12:15:00,13,7,19,12,15,750,120,PLACE DE LA PORTE DE MON,,,Plein jour,En agglomération,Place,Normale,Deux véhicules - côté,,,,,,,,,,,1,2,7,1.0,3
201300055676,0013-07-22 12:10:00,13,7,22,12,10,750,120,"ANGLE, RUE LE BUA",,,Plein jour,En agglomération,Intersection en T,Normale,Deux véhicules - côté,,,,,,,,,,,1,2,3,1.0,3
201300055677,0013-07-22 20:25:00,13,7,22,20,25,750,120,"64, RUE DE BELLEVILLE",,,Plein jour,En agglomération,Hors intersection,Normale,Autre collision,,,,,,,,,,,1,2,1,1.0,6
201300055678,0013-07-23 18:30:00,13,7,23,18,30,750,120,RUE DE LAGNY,,,Plein jour,En agglomération,Intersection en X,Normale,Deux véhicules - côté,,,,,,,,,,,1,2,2,1.0,3
201300055679,0013-07-24 19:55:00,13,7,24,19,55,750,120,"2, AVENUE DE LA PORTE DE",,,Plein jour,En agglomération,Place,Normale,Sans collision,,,,,,,,,,,1,2,7,1.0,7
201300055680,0013-07-25 16:35:00,13,7,25,16,35,750,120,BOULEVARD PERIPHERIQUE E,,,Plein jour,En agglomération,Hors intersection,Normale,Sans collision,,,,,,,,,,,1,2,1,1.0,7
201300055681,0013-07-26 20:40:00,13,7,26,20,40,750,120,"72, BOULEVARD DAVOUT",,,Plein jour,En agglomération,Intersection en X,Normale,Deux véhicules - frontale,,,,,,,,,,,1,2,2,1.0,1
201300055682,0013-07-28 01:45:00,13,7,28,1,45,750,120,"38, AVENUE GAMBETTA",,,Nuit avec éclairage allumé,En agglomération,Intersection en X,Normale,Deux véhicules - côté,,,,,,,,,,,5,2,2,1.0,3
201300055683,0013-07-29 09:35:00,13,7,29,9,35,750,120,BOULEVARD PERIPHERIQUE I,,,Plein jour,En agglomération,Hors intersection,Normale,Autre collision,,,,,,,,,,,1,2,1,1.0,6
201300055684,0013-07-30 08:50:00,13,7,30,8,50,750,120,"LPXX4943, AVENUE CARTELL",,,Plein jour,En agglomération,Hors intersection,Normale,Deux véhicules - arrière,,,,,,,,,,,1,2,1,1.0,2
201300055685,0013-07-31 12:15:00,13,7,31,12,15,750,120,"0, RUE BELGRAND",,,Plein jour,En agglomération,Intersection en X,Normale,Deux véhicules - côté,,,,,,,,,,,1,2,2,1.0,3
201300055686,0013-07-31 18:00:00,13,7,31,18,0,750,120,"25, BOULEVARD DAVOUT",,,Plein jour,En agglomération,Intersection en X,Normale,Deux véhicules - côté,,,,,,,,,,,1,2,2,1.0,3
201300055687,0013-08-01 15:20:00,13,8,1,15,20,750,120,"0, BOULEVARD DAVOUT",,,Plein jour,En agglomération,Intersection en X,Normale,Deux véhicules - côté,,,,,,,,,,,1,2,2,1.0,3
201300055688,0013-08-02 10:40:00,13,8,2,10,40,750,120,"1, AVENUE DE LA PORTE DE",,,Plein jour,En agglomération,Intersection en X,Normale,Autre collision,,,,,,,,,,,1,2,2,1.0,6
201300055689,0013-08-02 17:55:00,13,8,2,17,55,750,120,"229, RUE DES PYRENEES",,,Plein jour,En agglomération,Hors intersection,Normale,Autre collision,,,,,,,,,,,1,2,1,1.0,6
201300055690,0013-08-02 19:45:00,13,8,2,19,45,750,120,"161, AVENUE GAMBETTA",,,Plein jour,En agglomération,Hors intersection,Normale,Deux véhicules - côté,,,,,,,,,,,1,2,1,1.0,3
201300055691,0013-08-03 20:20:00,13,8,3,20,20,750,120,AVENUE GAMBETTA,,,Plein jour,En agglomération,Intersection en Y,Normale,Deux véhicules - côté,,,,,,,,,,,1,2,4,1.0,3
201300055692,0013-08-04 19:45:00,13,8,4,19,45,750,120,"227, RUE DES PYRENEES",,,Plein jour,En agglomération,Intersection en X,Normale,Autre collision,,,,,,,,,,,1,2,2,1.0,6
201300055693,0013-08-05 18:10:00,13,8,5,18,10,750,120,"10, RUE LEON FRAPIE",,,Plein jour,En agglomération,Intersection en T,Normale,Deux véhicules - arrière,,,,,,,,,,,1,2,3,1.0,2
201300055694,0013-08-05 18:40:00,13,8,5,18,40,750,120,"13, RUE MARYSE HILSZ",,,Plein jour,En agglomération,Intersection en T,Normale,Deux véhicules - côté,,,,,,,,,,,1,2,3,1.0,3
201300055695,0013-08-08 19:35:00,13,8,8,19,35,750,120,"1, PLACE DU MAQUIS DU VE",,,Plein jour,En agglomération,Place,Normale,Autre collision,,,,,,,,,,,1,2,7,1.0,6
201300055696,0013-08-12 07:50:00,13,8,12,7,50,750,120,"0, RUE D AVRON",,,Plein jour,En agglomération,Intersection en T,Normale,Autre collision,,,,,,,,,,,1,2,3,1.0,6
201300055697,0013-08-14 10:25:00,13,8,14,10,25,750,120,"81, RUE DE BAGNOLET",,,Plein jour,En agglomération,Intersection en T,Normale,Autre collision,,,,,,,,,,,1,2,3,1.0,6
201300055698,0013-08-14 14:45:00,13,8,14,14,45,750,120,"140, RUE D AVRON",,,Plein jour,En agglomération,Intersection en T,Normale,Deux véhicules - côté,,,,,,,,,,,1,2,3,1.0,3
201300055699,0013-08-15 18:55:00,13,8,15,18,55,750,120,"0, RUE BELGRAND",,,Plein jour,En agglomération,Intersection en X,Normale,Deux véhicules - côté,,,,,,,,,,,1,2,2,1.0,3
201300055700,0013-08-16 17:10:00,13,8,16,17,10,750,120,"76, RUE DES PYRENEES",,,Plein jour,En agglomération,Intersection en T,Normale,Sans collision,,,,,,,,,,,1,2,3,1.0,7
201300055701,0013-08-18 18:45:00,13,8,18,18,45,750,120,AVENUE CARTELLIER,,,Plein jour,En agglomération,Intersection en Y,Normale,Deux véhicules - côté,,,,,,,,,,,1,2,4,1.0,3
201300055702,0013-08-21 00:01:00,13,8,21,0,1,750,120,"134, RUE DE BELLEVILLE",,,Nuit avec éclairage allumé,En agglomération,Intersection en X,Normale,Deux véhicules - côté,,,,,,,,,,,5,2,2,1.0,3
201300055703,0013-08-21 08:10:00,13,8,21,8,10,750,120,"18, RUE BELGRAND",,,Plein jour,En agglomération,Intersection en X,Normale,Deux véhicules - frontale,,,,,,,,,,,1,2,2,1.0,1
201300055704,0013-08-21 17:30:00,13,8,21,17,30,750,120,"0, AVENUE DE LA PORTE DE",,,Plein jour,En agglomération,Intersection à plus de 4 branches,Normale,Sans collision,,,,,,,,,,,1,2,5,1.0,7
201300055705,0013-08-23 13:10:00,13,8,23,13,10,750,120,"84, RUE DES CASCADES",,,Plein jour,En agglomération,Intersection à plus de 4 branches,Normale,Autre collision,,,,,,,,,,,1,2,5,1.0,6
201300055706,0013-08-26 13:35:00,13,8,26,13,35,750,120,"20, AVENUE BENOIT FRACHO",,,Plein jour,En agglomération,Hors intersection,Normale,Deux véhicules - côté,,,,,,,,,,,1,2,1,1.0,3
201300055707,0013-08-29 11:05:00,13,8,29,11,5,750,120,"4, PLACE GAMBETTA",,,Plein jour,En agglomération,Place,Normale,Deux véhicules - côté,,,,,,,,,,,1,2,7,1.0,3
201300055708,0013-08-30 11:59:00,13,8,30,11,59,750,120,"21, RUE DE BAGNOLET",,,Plein jour,En agglomération,Intersection en T,Normale,Deux véhicules - côté,,,,,,,,,,,1,2,3,1.0,3
201300055709,0013-08-31 07:20:00,13,8,31,7,20,750,120,PLACE DE LA PORTE DE BAG,,,Plein jour,En agglomération,Giratoire,Normale,Deux véhicules - frontale,,,,,,,,,,,1,2,6,1.0,1
201300055710,0013-08-31 10:45:00,13,8,31,10,45,750,112,"0, BOULEVARD SOULT",,,Plein jour,En agglomération,Intersection en X,Normale,Deux véhicules - frontale,,,,,,,,,,,1,2,2,1.0,1
201300055711,0013-08-31 16:00:00,13,8,31,16,0,750,120,", RUE MARYSE HILSZ",,,Plein jour,En agglomération,Hors intersection,Normale,Autre collision,,,,,,,,,,,1,2,1,1.0,6
201300055712,0013-09-01 15:20:00,13,9,1,15,20,750,120,"55, BOULEVARD MORTIER",,,Plein jour,En agglomération,Hors intersection,Normale,Autre collision,,,,,,,,,,,1,2,1,1.0,6
201300055713,0013-09-02 09:10:00,13,9,2,9,10,750,112,"0, BOULEVARD PERIPHERIQU",,,Plein jour,En agglomération,Hors intersection,Normale,Deux véhicules - côté,,,,,,,,,,,1,2,1,1.0,3
201300055714,0013-09-03 12:45:00,13,9,3,12,45,750,120,"32, BOULEVARD DE BELLEVI",,,Plein jour,En agglomération,Hors intersection,Normale,Autre collision,,,,,,,,,,,1,2,1,1.0,6
201300055715,0013-09-04 18:30:00,13,9,4,18,30,750,120,"74, RUE BELGRAND",,,Plein jour,En agglomération,Intersection en X,Normale,Autre collision,,,,,,,,,,,1,2,2,1.0,6
201300055716,0013-09-07 14:25:00,13,9,7,14,25,750,120,RUE MOURAUD,,,Plein jour,En agglomération,Intersection en T,Normale,Autre collision,,,,,,,,,,,1,2,3,1.0,6
201300055717,0013-09-09 15:55:00,13,9,9,15,55,750,120,"146, BOULEVARD DE MENILM",,,Plein jour,En agglomération,Hors intersection,Pluie légère,Autre collision,,,,,,,,,,,1,2,1,2.0,6
201300055718,0013-09-10 14:50:00,13,9,10,14,50,750,120,"4, AVENUE DE LA PORTE DE",,,Plein jour,En agglomération,Intersection en T,Normale,Autre collision,,,,,,,,,,,1,2,3,1.0,6
201300055719,0013-09-11 21:40:00,13,9,11,21,40,750,120,"147, RUE DE BAGNOLET",,,Nuit sans éclairage public,En agglomération,Intersection en T,Normale,Deux véhicules - côté,,,,,,,,,,,3,2,3,1.0,3
201300055720,0013-09-11 05:55:00,13,9,11,5,55,750,120,"50, RUE BELGRAND",,,Nuit avec éclairage allumé,En agglomération,Intersection en X,Pluie légère,Sans collision,,,,,,,,,,,5,2,2,2.0,7
201300055721,0013-09-14 03:52:00,13,9,14,3,52,750,120,"66, RUE DES PYRENEES",,,Nuit avec éclairage allumé,En agglomération,Hors intersection,Pluie légère,Deux véhicules - côté,,,,,,,,,,,5,2,1,2.0,3
201300055722,0013-09-14 11:20:00,13,9,14,11,20,750,120,"15, RUE BELGRAND",,,Plein jour,En agglomération,Intersection en X,Pluie légère,Sans collision,,,,,,,,,,,1,2,2,2.0,7
201300055723,0013-09-15 03:25:00,13,9,15,3,25,750,120,"104, RUE D AVRON",,,Nuit avec éclairage allumé,En agglomération,Intersection en X,Pluie légère,Autre collision,,,,,,,,,,,5,2,2,2.0,6
201300055724,0013-09-15 10:05:00,13,9,15,10,5,750,120,"337, RUE DES PYRENEES",,,Plein jour,En agglomération,Hors intersection,Normale,Autre collision,,,,,,,,,,,1,2,1,1.0,6
201300055725,0013-09-15 13:15:00,13,9,15,13,15,750,120,"41, COURS DE VINCENNES",,,Plein jour,En agglomération,Hors intersection,Normale,Autre collision,,,,,,,,,,,1,2,1,1.0,6
201300055726,0013-09-17 09:25:00,13,9,17,9,25,750,120,"20, AVENUE BENOIT FRACHO",,,Plein jour,En agglomération,Hors intersection,Normale,Deux véhicules - arrière,,,,,,,,,,,1,2,1,1.0,2
201300055727,0013-09-17 23:35:00,13,9,17,23,35,750,120,"49, RUE DES PYRENEES",,,Nuit avec éclairage allumé,En agglomération,Intersection en X,Pluie légère,Deux véhicules - frontale,,,,,,,,,,,5,2,2,2.0,1
201300055728,0013-09-18 23:30:00,13,9,18,23,30,750,120,"0, RUE DES PYRENEES",,,Nuit avec éclairage allumé,En agglomération,Intersection en X,Normale,Deux véhicules - arrière,,,,,,,,,,,5,2,2,1.0,2
201300055729,0013-09-19 10:45:00,13,9,19,10,45,750,120,"145, BOULEVARD DAVOUT",,,Plein jour,En agglomération,Hors intersection,Normale,Autre collision,,,,,,,,,,,1,2,1,1.0,6
201300055730,0013-09-20 16:20:00,13,9,20,16,20,750,120,"0, BOULEVARD PERIPHERIQU",,,Plein jour,En agglomération,Intersection en Y,Normale,Sans collision,,,,,,,,,,,1,2,4,1.0,7
201300055731,0013-09-21 16:15:00,13,9,21,16,15,750,120,"4789, RUE SORBIER",,,Plein jour,En agglomération,Hors intersection,Normale,Autre collision,,,,,,,,,,,1,2,1,1.0,6
201300055732,0013-09-24 16:00:00,13,9,24,16,0,750,112,COURS DE VINCENNES,,,Plein jour,En agglomération,Intersection à plus de 4 branches,Normale,Autre collision,,,,,,,,,,,1,2,5,1.0,6
201300055733,0013-09-25 08:15:00,13,9,25,8,15,750,120,"0, RUE DES GATINES",,,Crépuscule ou aube,En agglomération,Intersection en X,Normale,Autre collision,,,,,,,,,,,2,2,2,1.0,6
201300055734,0013-09-25 13:27:00,13,9,25,13,27,750,120,"1, PLACE OCTAVE CHANUTE",,,Plein jour,En agglomération,Place,Normale,Autre collision,,,,,,,,,,,1,2,7,1.0,6
201300055735,0013-09-25 16:00:00,13,9,25,16,0,750,120,"75, AVENUE GAMBETTA",,,Plein jour,En agglomération,Intersection en X,Normale,Autre collision,,,,,,,,,,,1,2,2,1.0,6
201300055736,0013-09-26 16:45:00,13,9,26,16,45,750,120,"6, RUE EUGENE REISZ",,,Plein jour,En agglomération,Hors intersection,Normale,Autre collision,,,,,,,,,,,1,2,1,1.0,6
201300055737,0013-09-26 23:44:00,13,9,26,23,44,750,120,"47, RUE OLIVIER METRA",,,Nuit avec éclairage allumé,En agglomération,Hors intersection,Normale,Autre collision,,,,,,,,,,,5,2,1,1.0,6
201300055738,0013-09-27 22:10:00,13,9,27,22,10,750,120,"0, RUE DES GRANDS CHAMPS",,,Plein jour,En agglomération,Intersection en X,Normale,Deux véhicules - côté,,,,,,,,,,,1,2,2,1.0,3
201300055739,0013-10-01 00:30:00,13,10,1,0,30,750,120,"168, BOULEVARD MORTIER",,,Nuit avec éclairage allumé,En agglomération,Intersection à plus de 4 branches,Normale,Autre collision,,,,,,,,,,,5,2,5,1.0,6
201300055740,0013-10-03 08:20:00,13,10,3,8,20,750,120,BOULEVARD PERIPHERIQUE,,,Plein jour,En agglomération,Hors intersection,Normale,Deux véhicules - arrière,,,,,,,,,,,1,2,1,1.0,2
201300055741,0013-10-04 13:28:00,13,10,4,13,28,750,120,"0, AVENUE GAMBETTA",,,Plein jour,En agglomération,Place,Normale,Autre collision,,,,,,,,,,,1,2,7,1.0,6
201300055742,0013-10-04 15:30:00,13,10,4,15,30,750,111,"11 bis, PLACE DE LA NATI",,,Plein jour,En agglomération,Place,Normale,Deux véhicules - côté,,,,,,,,,,,1,2,7,1.0,3
201300055743,0013-10-05 03:05:00,13,10,5,3,5,750,120,"95, RUE DE LA CHINE",,,Nuit avec éclairage allumé,En agglomération,Intersection en X,Normale,Autre collision,,,,,,,,,,,5,2,2,1.0,6
201300055744,0013-10-05 21:10:00,13,10,5,21,10,750,120,"6, RUE DE BELLEVILLE",,,Nuit avec éclairage allumé,En agglomération,Hors intersection,Normale,Autre collision,,,,,,,,,,,5,2,1,1.0,6
201300055745,0013-10-05 21:35:00,13,10,5,21,35,750,120,"280, RUE DE BELLEVILLE",,,Nuit avec éclairage allumé,En agglomération,Intersection en X,Normale,Deux véhicules - frontale,,,,,,,,,,,5,2,2,1.0,1
201300055746,0013-10-06 03:15:00,13,10,6,3,15,750,120,"97, RUE DE BAGNOLET",,,Nuit avec éclairage allumé,En agglomération,Intersection en X,Normale,Autre collision,,,,,,,,,,,5,2,2,1.0,6
201300055747,0013-10-08 17:25:00,13,10,8,17,25,750,120,"50, AVENUE DU PROFESSEUR",,,Plein jour,En agglomération,Hors intersection,Normale,Autre collision,,,,,,,,,,,1,2,1,1.0,6
201300055748,0013-10-08 13:50:00,13,10,8,13,50,750,120,"117, RUE DES AMANDIERS",,,Plein jour,En agglomération,Intersection à plus de 4 branches,Normale,Autre collision,,,,,,,,,,,1,2,5,1.0,6
201300055749,0013-10-11 15:41:00,13,10,11,15,41,750,120,"1, PLACE GAMBETTA",,,Plein jour,En agglomération,Place,Normale,Deux véhicules - côté,,,,,,,,,,,1,2,7,1.0,3
201300055750,0013-10-12 11:40:00,13,10,12,11,40,750,120,"156, BOULEVARD DE CHARON",,,Plein jour,En agglomération,Hors intersection,Normale,Autre collision,,,,,,,,,,,1,2,1,1.0,6
201300055751,0013-10-13 17:50:00,13,10,13,17,50,750,120,"17, AVENUE GAMBETTA",,,Plein jour,En agglomération,Hors intersection,Normale,Deux véhicules - arrière,,,,,,,,,,,1,2,1,1.0,2
201300055752,0013-10-14 08:30:00,13,10,14,8,30,750,120,"47, AVENUE GAMBETTA",,,Plein jour,En agglomération,Hors intersection,Normale,Deux véhicules - côté,,,,,,,,,,,1,2,1,1.0,3
201300055753,0013-10-15 17:03:00,13,10,15,17,3,750,120,"395, RUE DES PYRENEES",,,Plein jour,En agglomération,Hors intersection,Normale,Autre collision,,,,,,,,,,,1,2,1,1.0,6
201300055754,0013-10-15 19:00:00,13,10,15,19,0,750,120,RUE DE LA BIDASSOA,,,Nuit sans éclairage public,En agglomération,Intersection en X,Normale,Deux véhicules - côté,,,,,,,,,,,3,2,2,1.0,3
201300055755,0013-10-15 19:50:00,13,10,15,19,50,750,120,"11, RUE DES AMANDIERS",,,Nuit avec éclairage allumé,En agglomération,Intersection en X,Vent fort / tempête,Trois véhicules et plus - en chaîne,,,,,,,,,,,5,2,2,6.0,4
201300055756,0013-10-15 20:55:00,13,10,15,20,55,750,120,"112, RUE DE BELLEVILLE",,,Nuit avec éclairage allumé,En agglomération,Hors intersection,Normale,Autre collision,,,,,,,,,,,5,2,1,1.0,6
201300055757,0013-10-16 06:55:00,13,10,16,6,55,750,120,"0, BOULEVARD PERIPHERIQU",,,Plein jour,En agglomération,Hors intersection,Temps couvert,Deux véhicules - arrière,,,,,,,,,,,1,2,1,8.0,2
201300055758,0013-10-16 13:35:00,13,10,16,13,35,750,120,"60, RUE DE BAGNOLET",,,Plein jour,En agglomération,Intersection en X,Pluie légère,Deux véhicules - côté,,,,,,,,,,,1,2,2,2.0,3
201300055759,0013-10-17 15:45:00,13,10,17,15,45,750,120,"8, RUE DE BELLEVILLE",,,Plein jour,En agglomération,Intersection en T,Normale,Autre collision,,,,,,,,,,,1,2,3,1.0,6
201300055760,0013-10-17 17:40:00,13,10,17,17,40,750,120,"54, RUE BELGRAND",,,Plein jour,En agglomération,Intersection en X,Normale,Autre collision,,,,,,,,,,,1,2,2,1.0,6
201300055761,0013-10-20 02:50:00,13,10,20,2,50,750,120,"15, COURS DE VINCENNES",,,Nuit avec éclairage allumé,En agglomération,Intersection à plus de 4 branches,Normale,Autre collision,,,,,,,,,,,5,2,5,1.0,6
201300055762,0013-10-21 17:20:00,13,10,21,17,20,750,120,"29, RUE HELENE JAKUBOWIC",,,Plein jour,En agglomération,Hors intersection,Pluie légère,Autre collision,,,,,,,,,,,1,2,1,2.0,6
201300055763,0013-10-25 14:05:00,13,10,25,14,5,750,120,"203, AVENUE GAMBETTA",,,Plein jour,En agglomération,Intersection en T,Normale,Deux véhicules - côté,,,,,,,,,,,1,2,3,1.0,3
201300055764,0013-10-26 09:00:00,13,10,26,9,0,750,120,"64, RUE DES ORTEAUX",,,Plein jour,En agglomération,Hors intersection,Temps couvert,Autre collision,,,,,,,,,,,1,2,1,8.0,6
201300055765,0013-10-27 15:00:00,13,10,27,15,0,750,120,"240, RUE DES PYRENEES",,,Plein jour,En agglomération,Intersection à plus de 4 branches,Normale,Deux véhicules - côté,,,,,,,,,,,1,2,5,1.0,3
201300055766,0013-10-27 21:20:00,13,10,27,21,20,750,120,"360, RUE DES PYRENEES",,,Nuit avec éclairage allumé,En agglomération,Intersection à plus de 4 branches,Pluie forte,Autre collision,,,,,,,,,,,5,2,5,3.0,6
201300055767,0013-10-28 09:20:00,13,10,28,9,20,750,120,"0, PLACE DE LA PORTE DE",,,Plein jour,En agglomération,Place,Pluie forte,Sans collision,,,,,,,,,,,1,2,7,3.0,7
201300055768,0013-10-28 11:55:00,13,10,28,11,55,750,120,"S8540, AVENUE DE LA PORT",,,Plein jour,En agglomération,Intersection en X,Normale,Deux véhicules - arrière,,,,,,,,,,,1,2,2,1.0,2
201300055769,0013-10-29 19:25:00,13,10,29,19,25,750,120,BOULEVARD PERIPHERIQUE,,,Nuit sans éclairage public,En agglomération,Intersection en Y,Normale,Deux véhicules - arrière,,,,,,,,,,,3,2,4,1.0,2
201300055770,0013-10-30 08:50:00,13,10,30,8,50,750,120,"19, RUE D AVRON",,,Plein jour,En agglomération,Intersection en T,Normale,Autre collision,,,,,,,,,,,1,2,3,1.0,6
201300055771,0013-10-30 20:55:00,13,10,30,20,55,750,120,BOULEVARD PERIPHERIQUE E,,,Nuit avec éclairage allumé,En agglomération,Hors intersection,Normale,Sans collision,,,,,,,,,,,5,2,1,1.0,7
201300055772,0013-10-31 16:35:00,13,10,31,16,35,750,120,"72, BOULEVARD DAVOUT",,,Plein jour,En agglomération,Intersection en X,Normale,Deux véhicules - côté,,,,,,,,,,,1,2,2,1.0,3
201300055773,0013-11-01 18:35:00,13,11,1,18,35,750,120,PLACE DE LA PORTE DE MON,,,Nuit avec éclairage allumé,En agglomération,Intersection en Y,Pluie légère,Autre collision,,,,,,,,,,,5,2,4,2.0,6
201300055774,0013-11-02 17:20:00,13,11,2,17,20,750,119,"51, RUE DE BELLEVILLE",,,Plein jour,En agglomération,Intersection en T,Pluie légère,Autre collision,,,,,,,,,,,1,2,3,2.0,6
201300055775,0013-11-03 13:30:00,13,11,3,13,30,750,120,"22, AVENUE DU PROFESSEUR",,,Plein jour,En agglomération,Hors intersection,Normale,Autre collision,,,,,,,,,,,1,2,1,1.0,6
201300055776,0013-11-03 23:55:00,13,11,3,23,55,750,120,"0, RUE TOLAIN",,,Nuit avec éclairage allumé,En agglomération,Intersection en T,Pluie forte,Autre collision,,,,,,,,,,,5,2,3,3.0,6
201300055777,0013-11-04 00:22:00,13,11,4,0,22,750,120,"261, BOULEVARD MORTIER",,,Nuit avec éclairage allumé,En agglomération,Intersection à plus de 4 branches,Pluie forte,Deux véhicules - côté,,,,,,,,,,,5,2,5,3.0,3
201300055778,0013-11-04 16:30:00,13,11,4,16,30,750,120,"0, BOULEVARD PERIPHERIQU",,,Plein jour,Hors agglomération,Hors intersection,Normale,Deux véhicules - côté,,,,,,,,,,,1,1,1,1.0,3
201300055779,0013-11-07 05:50:00,13,11,7,5,50,750,120,"49, RUE BELGRAND",,,Nuit avec éclairage allumé,En agglomération,Place,Normale,Deux véhicules - arrière,,,,,,,,,,,5,2,7,1.0,2
201300055780,0013-11-08 15:00:00,13,11,8,15,0,750,120,"79, AVENUE GAMBETTA",,,Plein jour,En agglomération,Place,Pluie légère,Autre collision,,,,,,,,,,,1,2,7,2.0,6