accident_id,datetime,annee,mois,jour,heure,minute,departement,commune_insee,adresse,latitude,longitude,luminosite,agglomeration,intersection,meteo,collision,nb_vehicules,nb_usagers,nb_indemnes,nb_tues,nb_blesses_hosp,nb_blesses_legers,age_cond_1,age_cond_2,veh_type_cond_1,veh_type_cond_2,lum_code,agg_code,int_code,atm_code,col_code
201300055781,0013-11-08 16:15:00,13,11,8,16,15,750,120,"88, RUE PELLEPORT",,,Crépuscule ou aube,En agglomération,Hors intersection,Pluie légère,Autre collision,,,,,,,,,,,2,2,1,2.0,6
201300055782,0013-11-10 02:10:00,13,11,10,2,10,750,120,"360, RUE DES PYRENEES",,,Nuit avec éclairage allumé,En agglomération,Intersection en X,Pluie forte,Deux véhicules - frontale,,,,,,,,,,,5,2,2,3.0,1
201300055783,0013-11-10 09:20:00,13,11,10,9,20,750,120,BOULEVARD DAVOUT,,,Plein jour,En agglomération,Intersection en X,Normale,Autre collision,,,,,,,,,,,1,2,2,1.0,6
201300055784,0013-11-10 22:37:00,13,11,10,22,37,750,120,"0, PORTE DE MONTREUIL",,,Nuit avec éclairage allumé,En agglomération,Place,Normale,Deux véhicules - côté,,,,,,,,,,,5,2,7,1.0,3
201300055785,0013-11-13 16:30:00,13,11,13,16,30,750,120,"106, RUE DE BAGNOLET",,,Plein jour,En agglomération,Intersection en T,Normale,Autre collision,,,,,,,,,,,1,2,3,1.0,6
201300055786,0013-11-14 08:40:00,13,11,14,8,40,750,120,"104, BOULEVARD DE MENILM",,,Plein jour,En agglomération,Intersection en T,Pluie légère,Deux véhicules - côté,,,,,,,,,,,1,2,3,2.0,3
201300055787,0013-11-15 23:25:00,13,11,15,23,25,750,120,"0, AVENUE IBSEN",,,Nuit avec éclairage allumé,En agglomération,Intersection en X,Normale,Deux véhicules - côté,,,,,,,,,,,5,2,2,1.0,3
201300055788,0013-11-19 21:30:00,13,11,19,21,30,750,120,"64, RUE BELGRAND",,,Nuit avec éclairage allumé,En agglomération,Hors intersection,Normale,Trois véhicules et plus - collisions multiples,,,,,,,,,,,5,2,1,1.0,5
201300055789,0013-11-20 09:50:00,13,11,20,9,50,750,120,"0, RUE BELGRAND",,,Plein jour,En agglomération,Intersection en X,Normale,Deux véhicules - côté,,,,,,,,,,,1,2,2,1.0,3
201300055790,0013-11-20 09:25:00,13,11,20,9,25,750,120,"22, AVENUE DU PROFESSEUR",,,Plein jour,En agglomération,Hors intersection,Normale,Autre collision,,,,,,,,,,,1,2,1,1.0,6
201300055791,0013-11-20 14:50:00,13,11,20,14,50,750,120,"109, COURS DE VINCENNES",,,Plein jour,En agglomération,Place,Pluie forte,Trois véhicules et plus - en chaîne,,,,,,,,,,,1,2,7,3.0,4
201300055792,0013-11-20 20:10:00,13,11,20,20,10,750,120,"16, RUE DES PYRENEES",,,Nuit avec éclairage allumé,En agglomération,Intersection en X,Pluie forte,Autre collision,,,,,,,,,,,5,2,2,3.0,6
201300055793,0013-11-21 09:20:00,13,11,21,9,20,750,120,"17, AVENUE GAMBETTA",,,Plein jour,En agglomération,Hors intersection,Temps couvert,Autre collision,,,,,,,,,,,1,2,1,8.0,6
201300055794,0013-11-22 08:20:00,13,11,22,8,20,750,120,"8, RUE DE NOISY LE SEC",,,Plein jour,En agglomération,Intersection en X,Temps couvert,Autre collision,,,,,,,,,,,1,2,2,8.0,6
201300055795,0013-11-22 15:40:00,13,11,22,15,40,750,120,"167, AVENUE GAMBETTA",,,Plein jour,En agglomération,Hors intersection,Normale,Autre collision,,,,,,,,,,,1,2,1,1.0,6
201300055796,0013-11-22 23:15:00,13,11,22,23,15,750,120,"0, AVENUE DE LA PORTE DE",,,Nuit avec éclairage allumé,En agglomération,Intersection en X,Normale,Deux véhicules - côté,,,,,,,,,,,5,2,2,1.0,3
201300055797,0013-11-19 21:50:00,13,11,19,21,50,750,120,"48, RUE DE LA BIDASSOA",,,Nuit avec éclairage allumé,En agglomération,Hors intersection,Normale,Sans collision,,,,,,,,,,,5,2,1,1.0,7
201300055798,0013-11-28 19:10:00,13,11,28,19,10,750,120,"351, RUE DES PYRENEES",,,Nuit avec éclairage allumé,En agglomération,Intersection en X,Pluie légère,Deux véhicules - frontale,,,,,,,,,,,5,2,2,2.0,1
201300055799,0013-11-29 22:45:00,13,11,29,22,45,750,120,"60, RUE DES PYRENEES",,,Nuit avec éclairage allumé,En agglomération,Intersection en X,Pluie légère,Autre collision,,,,,,,,,,,5,2,2,2.0,6
201300055800,0013-12-01 13:30:00,13,12,1,13,30,750,120,"0, BOULEVARD PERIPHERIQU",,,Plein jour,En agglomération,Hors intersection,Normale,Trois véhicules et plus - en chaîne,,,,,,,,,,,1,2,1,1.0,4
201300055801,0013-12-03 11:50:00,13,12,3,11,50,750,120,"66, AVENUE GAMBETTA",,,Plein jour,En agglomération,Hors intersection,Temps couvert,Autre collision,,,,,,,,,,,1,2,1,8.0,6
201300055802,0013-12-03 20:05:00,13,12,3,20,5,750,120,"240, RUE DES PYRENEES",,,Nuit avec éclairage allumé,En agglomération,Intersection à plus de 4 branches,Normale,Deux véhicules - côté,,,,,,,,,,,5,2,5,1.0,3
201300055803,0013-12-04 23:01:00,13,12,4,23,1,750,120,"168, BOULEVARD MORTIER",,,Nuit avec éclairage non allumé,En agglomération,Intersection à plus de 4 branches,Normale,Deux véhicules - côté,,,,,,,,,,,4,2,5,1.0,3
201300055804,0013-12-07 13:00:00,13,12,7,13,0,750,120,"249bis, RUE DES PYRENEES",,,Plein jour,En agglomération,Intersection en T,Normale,Autre collision,,,,,,,,,,,1,2,3,1.0,6
201300055805,0013-12-08 04:55:00,13,12,8,4,55,750,120,RUE LOUIS LUMIERE,,,Nuit avec éclairage allumé,En agglomération,Intersection en X,Normale,Deux véhicules - côté,,,,,,,,,,,5,2,2,1.0,3
201300055806,0013-12-08 13:50:00,13,12,8,13,50,750,120,PORTE DE BAGNOLET,,,Plein jour,En agglomération,Hors intersection,Normale,Deux véhicules - côté,,,,,,,,,,,1,2,1,1.0,3
201300055807,0013-12-09 12:20:00,13,12,9,12,20,750,120,"6, AVENUE GAMBETTA",,,Plein jour,En agglomération,Hors intersection,Normale,Autre collision,,,,,,,,,,,1,2,1,1.0,6
201300055808,0013-12-09 18:50:00,13,12,9,18,50,750,120,"4, RUE BELGRAND",,,Nuit avec éclairage allumé,En agglomération,Hors intersection,Normale,Autre collision,,,,,,,,,,,5,2,1,1.0,6
201300055809,0013-12-12 17:45:00,13,12,12,17,45,750,120,"37, RUE DE LA CHINE",,,Nuit avec éclairage allumé,En agglomération,Hors intersection,Normale,Autre collision,,,,,,,,,,,5,2,1,1.0,6
201300055810,0013-12-13 09:50:00,13,12,13,9,50,750,120,"84, RUE HAXO",,,Plein jour,En agglomération,Intersection en T,Normale,Sans collision,,,,,,,,,,,1,2,3,1.0,7
201300055811,0013-12-12 18:30:00,13,12,12,18,30,750,120,"137, BOULEVARD DAVOUT",,,Nuit avec éclairage allumé,En agglomération,Hors intersection,Normale,Autre collision,,,,,,,,,,,5,2,1,1.0,6
201300055812,0013-12-14 14:45:00,13,12,14,14,45,750,120,"0, RUE DE MENILMONTANT",,,Plein jour,En agglomération,Intersection en X,Pluie légère,Sans collision,,,,,,,,,,,1,2,2,2.0,7
201300055813,0013-12-15 12:50:00,13,12,15,12,50,750,120,"59, RUE SAINT BLAISE",,,Plein jour,En agglomération,Hors intersection,Normale,Deux véhicules - arrière,,,,,,,,,,,1,2,1,1.0,2
201300055814,0013-12-16 17:55:00,13,12,16,17,55,750,120,"20, AVENUE BENOIT FRACHO",,,Nuit sans éclairage public,En agglomération,Hors intersection,Normale,Deux véhicules - arrière,,,,,,,,,,,3,2,1,1.0,2
201300055815,0013-12-16 20:00:00,13,12,16,20,0,750,120,"13, RUE DES GATINES",,,Nuit avec éclairage allumé,En agglomération,Intersection en X,Normale,Autre collision,,,,,,,,,,,5,2,2,1.0,6
201300055816,0013-12-17 16:00:00,13,12,17,16,0,750,120,"42, RUE BELGRAND",,,Plein jour,En agglomération,Intersection en X,Normale,Sans collision,,,,,,,,,,,1,2,2,1.0,7
201300055817,0013-12-18 07:55:00,13,12,18,7,55,750,120,"06, RUE PAGANINI",,,Crépuscule ou aube,En agglomération,Intersection en X,Normale,Autre collision,,,,,,,,,,,2,2,2,1.0,6
201300055818,0013-12-17 16:50:00,13,12,17,16,50,750,120,"195, RUE DES PYRENEES",,,Nuit avec éclairage allumé,En agglomération,Intersection en X,Normale,Autre collision,,,,,,,,,,,5,2,2,1.0,6
201300055819,0013-12-19 17:10:00,13,12,19,17,10,750,120,"ANGLE, BOULEVARD DE BELL",,,Nuit avec éclairage allumé,En agglomération,Intersection en T,Normale,Autre collision,,,,,,,,,,,5,2,3,1.0,6
201300055820,0013-12-19 20:15:00,13,12,19,20,15,750,120,"ANGLE, RUE DES PYRENEES",,,Nuit avec éclairage allumé,En agglomération,Intersection en X,Normale,Trois véhicules et plus - collisions multiples,,,,,,,,,,,5,2,2,1.0,5
201300055821,0013-12-20 03:00:00,13,12,20,3,0,750,120,"47, RUE BELGRAND",,,Nuit avec éclairage allumé,En agglomération,Hors intersection,Pluie légère,Autre collision,,,,,,,,,,,5,2,1,2.0,6
201300055822,0013-12-20 18:05:00,13,12,20,18,5,750,120,"ANGLE, RUE JULIEN LACROI",,,Nuit sans éclairage public,En agglomération,Intersection en X,Normale,Autre collision,,,,,,,,,,,3,2,2,1.0,6
201300055823,0013-12-20 22:00:00,13,12,20,22,0,750,120,"95, RUE D AVRON",,,Nuit avec éclairage allumé,En agglomération,Intersection en X,Normale,Autre collision,,,,,,,,,,,5,2,2,1.0,6
201300055824,0013-12-20 23:18:00,13,12,20,23,18,750,120,"2, RUE DU CAPITAINE FERB",,,Nuit avec éclairage allumé,En agglomération,Intersection en X,Normale,Deux véhicules - côté,,,,,,,,,,,5,2,2,1.0,3
201300055825,0013-12-22 02:24:00,13,12,22,2,24,750,120,"0, AVENUE DU DOCTEUR GLE",,,Nuit avec éclairage allumé,En agglomération,Place,Normale,Deux véhicules - arrière,,,,,,,,,,,5,2,7,1.0,2
201300055826,0013-12-22 13:50:00,13,12,22,13,50,750,120,"74, RUE DES ORTEAUX",,,Plein jour,En agglomération,Hors intersection,Temps couvert,Deux véhicules - côté,,,,,,,,,,,1,2,1,8.0,3
201300055827,0013-12-28 08:50:00,13,12,28,8,50,750,120,"0, BOULEVARD PERIPHERIQU",,,Plein jour,En agglomération,Hors intersection,Pluie légère,Autre collision,,,,,,,,,,,1,2,1,2.0,6
201300055828,0013-12-31 21:50:00,13,12,31,21,50,750,120,"4, AVENUE DE LA PORTE DE",,,Nuit avec éclairage allumé,En agglomération,Hors intersection,Pluie légère,Deux véhicules - arrière,,,,,,,,,,,5,2,1,2.0,2
201300055829,0013-01-03 11:25:00,13,1,3,11,25,750,112,"78, RUE DE REUILLY",,,Plein jour,En agglomération,Intersection en T,Pluie légère,Autre collision,,,,,,,,,,,1,2,3,2.0,6
201300055830,0013-01-06 11:45:00,13,1,6,11,45,750,119,"244, BOULEVARD DE LA VIL",,,Plein jour,En agglomération,Intersection à plus de 4 branches,Normale,Autre collision,,,,,,,,,,,1,2,5,1.0,6
201300055831,0013-01-08 13:45:00,13,1,8,13,45,750,114,"32, RUE REMY DUMONCEL",,,Plein jour,En agglomération,Intersection en T,Pluie légère,Sans collision,,,,,,,,,,,1,2,3,2.0,7
201300055832,0013-01-08 17:40:00,13,1,8,17,40,750,119,BOULEVARD PERIPHERIQUE I,,,Nuit avec éclairage allumé,En agglomération,Hors intersection,Normale,Trois véhicules et plus - en chaîne,,,,,,,,,,,5,2,1,1.0,4
201300055833,0013-01-09 21:24:00,13,1,9,21,24,750,112,"256, AVENUE DAUMESNIL",,,Nuit avec éclairage allumé,En agglomération,Intersection en X,Pluie légère,Autre collision,,,,,,,,,,,5,2,2,2.0,6
201300055834,0013-01-10 12:09:00,13,1,10,12,9,750,104,"96, RUE DE RIVOLI",,,Plein jour,En agglomération,Intersection à plus de 4 branches,Pluie légère,Deux véhicules - côté,,,,,,,,,,,1,2,5,2.0,3
201300055835,0013-01-11 17:40:00,13,1,11,17,40,750,117,BOULEVARD DU FORT DE VAU,,,Nuit avec éclairage allumé,En agglomération,Hors intersection,Normale,Deux véhicules - arrière,,,,,,,,,,,5,2,1,1.0,2
201300055836,0013-01-12 20:00:00,13,1,12,20,0,750,107,"25, BOULEVARD DE LA TOUR",,,Nuit avec éclairage allumé,En agglomération,Intersection en X,Normale,Autre collision,,,,,,,,,,,5,2,2,1.0,6
201300055837,0013-01-14 19:00:00,13,1,14,19,0,750,110,"23, AVENUE CLAUDE VELLEF",,,Nuit avec éclairage allumé,En agglomération,Hors intersection,Neige / grêle,Autre collision,,,,,,,,,,,5,2,1,4.0,6
201300055838,0013-01-17 13:00:00,13,1,17,13,0,750,106,"27, QUAI DES GRANDS AUGU",,,Plein jour,En agglomération,Hors intersection,Normale,Deux véhicules - côté,,,,,,,,,,,1,2,1,1.0,3
201300055839,0013-01-18 19:10:00,13,1,18,19,10,750,101,PONT AU CHANGE,,,Nuit avec éclairage allumé,En agglomération,Hors intersection,Neige / grêle,Deux véhicules - arrière,,,,,,,,,,,5,2,1,4.0,2
201300055840,0013-01-22 15:40:00,13,1,22,15,40,750,114,PLACE DENFERT ROCHEREAU,,,Plein jour,En agglomération,Place,Normale,Deux véhicules - arrière,,,,,,,,,,,1,2,7,1.0,2
201300055841,0013-01-24 09:10:00,13,1,24,9,10,750,110,"123, RUE DU FAUBOURG SAI",,,Plein jour,En agglomération,Hors intersection,Normale,Deux véhicules - arrière,,,,,,,,,,,1,2,1,1.0,2
201300055842,0013-01-26 07:43:00,13,1,26,7,43,750,108,COURS ALBERT 1ER,,,Crépuscule ou aube,En agglomération,Intersection à plus de 4 branches,Normale,Deux véhicules - côté,,,,,,,,,,,2,2,5,1.0,3
201300055843,0013-01-26 18:55:00,13,1,26,18,55,750,103,"33, BOULEVARD BEAUMARCHA",,,Nuit avec éclairage allumé,En agglomération,Hors intersection,Normale,Autre collision,,,,,,,,,,,5,2,1,1.0,6
201300055844,0013-01-27 22:05:00,13,1,27,22,5,750,116,ALLEE DE LA REINE MARGUE,,,Nuit avec éclairage allumé,En agglomération,Hors intersection,Normale,Deux véhicules - côté,,,,,,,,,,,5,2,1,1.0,3
201300055845,0013-01-29 11:55:00,13,1,29,11,55,750,110,BOULEVARD DE STRASBOURG,,,Plein jour,En agglomération,Intersection à plus de 4 branches,Pluie légère,Deux véhicules - côté,,,,,,,,,,,1,2,5,2.0,3
201300055846,0013-01-30 11:45:00,13,1,30,11,45,750,107,"71, QUAI BRANLY",,,Plein jour,En agglomération,Hors intersection,Pluie forte,Deux véhicules - arrière,,,,,,,,,,,1,2,1,3.0,2
201300055847,0013-01-30 12:15:00,13,1,30,12,15,750,108,"04, PLACE DE LA CONCORDE",,,Plein jour,En agglomération,Place,Pluie légère,Autre collision,,,,,,,,,,,1,2,7,2.0,6
201300055848,0013-01-31 08:30:00,13,1,31,8,30,750,111,RUE DU CHEMIN VERT,,,Plein jour,En agglomération,Intersection à plus de 4 branches,Normale,Deux véhicules - côté,,,,,,,,,,,1,2,5,1.0,3
201300055849,0013-02-01 11:50:00,13,2,1,11,50,750,108,"63, RUE DE COURCELLES",,,Plein jour,En agglomération,Hors intersection,Pluie légère,Trois véhicules et plus - en chaîne,,,,,,,,,,,1,2,1,2.0,4
201300055850,0013-02-01 16:30:00,13,2,1,16,30,750,116,PLACE DE LA PORTE MAILLO,,,Plein jour,En agglomération,Place,Normale,Deux véhicules - arrière,,,,,,,,,,,1,2,7,1.0,2
201300055851,0013-02-01 18:38:00,13,2,1,18,38,750,116,ROUTE DE SURESNES,,,Nuit avec éclairage allumé,En agglomération,Intersection en X,Pluie légère,Deux véhicules - côté,,,,,,,,,,,5,2,2,2.0,3
201300055852,0013-02-03 10:25:00,13,2,3,10,25,750,116,AVENUE DU PRESIDENT KENN,,,Plein jour,En agglomération,Intersection en Y,Normale,Autre collision,,,,,,,,,,,1,2,4,1.0,6
201300055853,0013-02-05 07:25:00,13,2,5,7,25,750,106,"17, BOULEVARD DU MONTPAR",,,Nuit avec éclairage allumé,En agglomération,Intersection en X,Pluie forte,Sans collision,,,,,,,,,,,5,2,2,3.0,7
201300055854,0013-02-05 11:15:00,13,2,5,11,15,750,116,"90, AVENUE KLEBER",,,Plein jour,En agglomération,Intersection en T,Normale,Autre collision,,,,,,,,,,,1,2,3,1.0,6
201300055855,0013-02-06 01:35:00,13,2,6,1,35,750,117,BOULEVARD BERTHIER,,,Nuit avec éclairage allumé,En agglomération,Intersection à plus de 4 branches,Pluie forte,Sans collision,,,,,,,,,,,5,2,5,3.0,7
201300055856,0013-02-06 20:05:00,13,2,6,20,5,750,118,"02, AVENUE DE LA PORTE D",,,Nuit avec éclairage allumé,En agglomération,Intersection en X,Normale,Autre collision,,,,,,,,,,,5,2,2,1.0,6
201300055857,0013-02-07 18:20:00,13,2,7,18,20,750,113,"108, AVENUE D IVRY",,,Nuit avec éclairage allumé,En agglomération,Intersection en T,Normale,Deux véhicules - arrière,,,,,,,,,,,5,2,3,1.0,2
201300055858,0013-02-09 10:00:00,13,2,9,10,0,750,116,"77, AVENUE DE VERSAILLES",,,Plein jour,En agglomération,Intersection en T,Temps couvert,Autre collision,,,,,,,,,,,1,2,3,8.0,6
201300055859,0013-02-10 04:40:00,13,2,10,4,40,750,113,PLACE D ITALIE,,,Nuit avec éclairage allumé,En agglomération,Place,Brouillard / fumée,Autre collision,,,,,,,,,,,5,2,7,5.0,6
201300055860,0013-02-10 04:49:00,13,2,10,4,49,750,107,PLACE VAUBAN,,,Nuit avec éclairage allumé,En agglomération,Place,Normale,Deux véhicules - arrière,,,,,,,,,,,5,2,7,1.0,2
201300055861,0013-02-11 13:45:00,13,2,11,13,45,750,112,BOULEVARD DIDEROT,,,Plein jour,En agglomération,Intersection en T,Normale,Deux véhicules - côté,,,,,,,,,,,1,2,3,1.0,3
201300055862,0013-02-15 16:15:00,13,2,15,16,15,750,105,QUAI SAINT BERNARD,,,Plein jour,En agglomération,Hors intersection,Normale,Autre collision,,,,,,,,,,,1,2,1,1.0,6
201300055863,0013-02-15 16:50:00,13,2,15,16,50,750,102,"29, BOULEVARD POISSONNIE",,,Plein jour,En agglomération,Intersection en X,Normale,Deux véhicules - frontale,,,,,,,,,,,1,2,2,1.0,1
201300055864,0013-02-15 21:30:00,13,2,15,21,30,750,117,"85, AVENUE DE WAGRAM",,,Nuit avec éclairage allumé,En agglomération,Intersection à plus de 4 branches,Normale,Sans collision,,,,,,,,,,,5,2,5,1.0,7
201300055865,0013-02-16 13:15:00,13,2,16,13,15,750,117,BOULEVARD GOUVION SAINT,,,Plein jour,En agglomération,Intersection en X,Normale,Deux véhicules - frontale,,,,,,,,,,,1,2,2,1.0,1
201300055866,0013-02-19 00:30:00,13,2,19,0,30,750,116,ROUTE DE L ETOILE,,,Nuit sans éclairage public,En agglomération,Hors intersection,Normale,Sans collision,,,,,,,,,,,3,2,1,1.0,7
201300055867,0013-02-20 16:45:00,13,2,20,16,45,750,119,PLACE DE LA PORTE DE PAN,,,Plein jour,En agglomération,Place,Normale,Deux véhicules - côté,,,,,,,,,,,1,2,7,1.0,3
201300055868,0013-02-22 09:15:00,13,2,22,9,15,750,104,"1, RUE DES NONNAINS D HY",,,Plein jour,En agglomération,Hors intersection,Normale,Deux véhicules - arrière,,,,,,,,,,,1,2,1,1.0,2
201300055869,0013-02-22 14:50:00,13,2,22,14,50,750,116,ALLEE DU BORD DE L EAU,,,Plein jour,En agglomération,Hors intersection,Normale,Deux véhicules - arrière,,,,,,,,,,,1,2,1,1.0,2
201300055870,0013-02-22 17:30:00,13,2,22,17,30,750,117,PLACE DE LA PORTE MAILLO,,,Plein jour,En agglomération,Place,Normale,Deux véhicules - côté,,,,,,,,,,,1,2,7,1.0,3
201300055871,0013-02-25 18:45:00,13,2,25,18,45,750,104,"16, PONT AU CHANGE",,,Nuit avec éclairage allumé,En agglomération,Intersection en X,Pluie légère,Deux véhicules - arrière,,,,,,,,,,,5,2,2,2.0,2
201300055872,0013-02-26 23:38:00,13,2,26,23,38,750,115,RUE LECOURBE,,,Nuit avec éclairage allumé,En agglomération,Intersection en X,Pluie légère,Deux véhicules - frontale,,,,,,,,,,,5,2,2,2.0,1
201300055873,0013-02-27 17:09:00,13,2,27,17,9,750,106,BOULEVARD RASPAIL,,,Crépuscule ou aube,En agglomération,Intersection à plus de 4 branches,Normale,Deux véhicules - arrière,,,,,,,,,,,2,2,5,1.0,2
201300055874,0013-02-28 05:00:00,13,2,28,5,0,750,116,BOULEVARD LANNES,,,Nuit avec éclairage allumé,En agglomération,Intersection en Y,Normale,Autre collision,,,,,,,,,,,5,2,4,1.0,6
201300055875,0013-02-28 13:50:00,13,2,28,13,50,750,102,RUE DU QUATRE SEPTEMBRE,,,Plein jour,En agglomération,Intersection en X,Normale,Deux véhicules - côté,,,,,,,,,,,1,2,2,1.0,3
201300055876,0013-03-01 17:15:00,13,3,1,17,15,750,112,QUAI DE BERCY,,,Crépuscule ou aube,En agglomération,Hors intersection,Normale,Deux véhicules - côté,,,,,,,,,,,2,2,1,1.0,3
201300055877,0013-03-05 11:55:00,13,3,5,11,55,750,116,"58, AVENUE DE VERSAILLES",,,Plein jour,En agglomération,Hors intersection,Normale,Autre collision,,,,,,,,,,,1,2,1,1.0,6
201300055878,0013-03-05 12:27:00,13,3,5,12,27,750,112,"02, AVENUE LEDRU ROLLIN",,,Plein jour,En agglomération,Intersection en X,Normale,Deux véhicules - côté,,,,,,,,,,,1,2,2,1.0,3
201300055879,0013-03-05 13:30:00,13,3,5,13,30,750,114,BOULEVARD PERIPHERIQUE E,,,Plein jour,En agglomération,Intersection en Y,Normale,Trois véhicules et plus - collisions multiples,,,,,,,,,,,1,2,4,1.0,5
201300055880,0013-03-06 17:20:00,13,3,6,17,20,750,119,"96, BOULEVARD SERURIER",,,Plein jour,En agglomération,Intersection en Y,Normale,Autre collision,,,,,,,,,,,1,2,4,1.0,6
201300055881,0013-03-07 12:45:00,13,3,7,12,45,750,106,"7 BIS, RUE DES SAINTS PE",,,Plein jour,En agglomération,Intersection en T,Normale,Autre collision,,,,,,,,,,,1,2,3,1.0,6
201300055882,0013-03-09 06:38:00,13,3,9,6,38,750,117,PLACE DU BRESIL,,,Crépuscule ou aube,En agglomération,Place,Normale,Deux véhicules - côté,,,,,,,,,,,2,2,7,1.0,3
201300055883,0013-03-09 10:35:00,13,3,9,10,35,750,110,"141, RUE LA FAYETTE",,,Plein jour,En agglomération,Intersection en X,Normale,Deux véhicules - frontale,,,,,,,,,,,1,2,2,1.0,1
201300055884,0013-03-10 06:25:00,13,3,10,6,25,750,118,"20, BOULEVARD DE CLICHY",,,Crépuscule ou aube,En agglomération,Place,Normale,Autre collision,,,,,,,,,,,2,2,7,1.0,6
201300055885,0013-03-10 15:40:00,13,3,10,15,40,750,113,"53, AVENUE D ITALIE",,,Plein jour,En agglomération,Hors intersection,Normale,Autre collision,,,,,,,,,,,1,2,1,1.0,6
201300055886,0013-03-14 12:30:00,13,3,14,12,30,750,116,BOULEVARD PERIPHERIQUE E,,,Plein jour,En agglomération,Hors intersection,Normale,Trois véhicules et plus - en chaîne,,,,,,,,,,,1,2,1,1.0,4
201300055887,0013-03-15 00:05:00,13,3,15,0,5,750,113,AVENUE PIERRE DE COUBERT,,,Nuit avec éclairage allumé,En agglomération,Hors intersection,Normale,Trois véhicules et plus - collisions multiples,,,,,,,,,,,5,2,1,1.0,5
201300055888,0013-03-16 15:35:00,13,3,16,15,35,750,110,"145, AVENUE PARMENTIER",,,Plein jour,En agglomération,Intersection en T,Normale,Deux véhicules - arrière,,,,,,,,,,,1,2,3,1.0,2
201300055889,0013-03-17 05:05:00,13,3,17,5,5,750,118,"43, BOULEVARD BARBES",,,Nuit avec éclairage allumé,En agglomération,Intersection en X,Normale,Autre collision,,,,,,,,,,,5,2,2,1.0,6
201300055890,0013-03-19 17:45:00,13,3,19,17,45,750,115,"173, RUE DE VAUGIRARD",,,Plein jour,En agglomération,Hors intersection,Normale,Autre collision,,,,,,,,,,,1,2,1,1.0,6
201300055891,0013-03-19 19:45:00,13,3,19,19,45,750,116,ALLEE DE LA REINE MARGUE,,,Nuit avec éclairage allumé,En agglomération,Hors intersection,Pluie légère,Deux véhicules - côté,,,,,,,,,,,5,2,1,2.0,3
201300055892,0013-03-20 04:40:00,13,3,20,4,40,750,116,VOIE GEORGES POMPIDOU,,,Nuit avec éclairage allumé,En agglomération,Hors intersection,Normale,Autre collision,,,,,,,,,,,5,2,1,1.0,6
201300055893,0013-03-21 07:40:00,13,3,21,7,40,750,105,"0, BOULEVARD SAINT MICHE",,,Plein jour,En agglomération,Intersection en X,Normale,Deux véhicules - côté,,,,,,,,,,,1,2,2,1.0,3
201300055894,0013-03-21 15:30:00,13,3,21,15,30,750,115,QUAI D ISSY LES MOULINEA,,,Plein jour,En agglomération,Hors intersection,Normale,Autre collision,,,,,,,,,,,1,2,1,1.0,6
201300055895,0013-03-23 15:20:00,13,3,23,15,20,750,101,"350, RUE SAINT HONORE",,,Plein jour,En agglomération,Hors intersection,Normale,Deux véhicules - côté,,,,,,,,,,,1,2,1,1.0,3
201300055896,0013-03-27 00:40:00,13,3,27,0,40,750,103,RUE DES ARCHIVES,,,Nuit avec éclairage allumé,En agglomération,Hors intersection,Normale,Deux véhicules - arrière,,,,,,,,,,,5,2,1,1.0,2
201300055897,0013-03-27 14:50:00,13,3,27,14,50,750,118,PORTE D AUBERVILLIERS,,,Plein jour,En agglomération,Hors intersection,Normale,Deux véhicules - arrière,,,,,,,,,,,1,2,1,1.0,2
201300055898,0013-03-27 20:30:00,13,3,27,20,30,750,108,"37, AVENUE DES CHAMPS EL",,,Nuit avec éclairage allumé,En agglomération,Intersection en X,Normale,Sans collision,,,,,,,,,,,5,2,2,1.0,7
201300055899,0013-03-28 08:30:00,13,3,28,8,30,750,112,RUE DU GENERAL DE LANGLE,,,Plein jour,En agglomération,Intersection en Y,Normale,Deux véhicules - côté,,,,,,,,,,,1,2,4,1.0,3
201300055900,0013-03-28 13:30:00,13,3,28,13,30,750,113,"48, RUE DE TOLBIAC",,,Plein jour,En agglomération,Intersection en T,Normale,Autre collision,,,,,,,,,,,1,2,3,1.0,6
201300055901,0013-03-28 17:35:00,13,3,28,17,35,750,107,"89, AVENUE DE LA BOURDON",,,Plein jour,En agglomération,Intersection en Y,Normale,Autre collision,,,,,,,,,,,1,2,4,1.0,6
201300055902,0013-03-29 08:10:00,13,3,29,8,10,750,119,"119, AVENUE DE FLANDRE",,,Plein jour,En agglomération,Hors intersection,Normale,Deux véhicules - côté,,,,,,,,,,,1,2,1,1.0,3
201300055903,0013-03-29 10:25:00,13,3,29,10,25,750,104,"9, RUE DU RENARD",,,Plein jour,En agglomération,Hors intersection,Normale,Sans collision,,,,,,,,,,,1,2,1,1.0,7
201300055904,0013-03-29 18:00:00,13,3,29,18,0,750,116,BOULEVARD PERIPHERIQUE I,,,Plein jour,En agglomération,Hors intersection,Normale,Deux véhicules - arrière,,,,,,,,,,,1,2,1,1.0,2
201300055905,0013-03-31 06:40:00,13,3,31,6,40,750,104,RUE DE LA CITE,,,Plein jour,En agglomération,Intersection en X,Normale,Deux véhicules - côté,,,,,,,,,,,1,2,2,1.0,3
201300055906,0013-03-31 07:00:00,13,3,31,7,0,750,116,"0, BOULEVARD FLANDRIN",,,Plein jour,En agglomération,Intersection en T,Normale,Autre collision,,,,,,,,,,,1,2,3,1.0,6