accident_id,datetime,annee,mois,jour,heure,minute,departement,commune_insee,adresse,latitude,longitude,luminosite,agglomeration,intersection,meteo,collision,nb_vehicules,nb_usagers,nb_indemnes,nb_tues,nb_blesses_hosp,nb_blesses_legers,age_cond_1,age_cond_2,veh_type_cond_1,veh_type_cond_2,lum_code,agg_code,int_code,atm_code,col_code
201300056164,0013-11-22 13:28:00,13,11,22,13,28,750,120,"39, RUE HAXO",,,Plein jour,En agglomération,Intersection en X,Normale,Autre collision,,,,,,,,,,,1,2,2,1.0,6
201300056165,0013-11-22 20:30:00,13,11,22,20,30,750,115,"85, RUE DE LA CROIX NIVE",,,Nuit avec éclairage allumé,En agglomération,Intersection à plus de 4 branches,Normale,Autre collision,,,,,,,,,,,5,2,5,1.0,6
201300056166,0013-11-25 00:05:00,13,11,25,0,5,750,107,"/, PONT DE LA CONCORDE",,,Nuit avec éclairage allumé,En agglomération,Intersection en X,Normale,Deux véhicules - côté,,,,,,,,,,,5,2,2,1.0,3
201300056167,0013-11-25 13:17:00,13,11,25,13,17,750,113,"31, AVENUE PIERRE DE COU",,,Plein jour,En agglomération,Intersection en Y,Normale,Deux véhicules - côté,,,,,,,,,,,1,2,4,1.0,3
201300056168,0013-11-25 14:35:00,13,11,25,14,35,750,116,BOULEVARD PERIPHERIQUE,,,Plein jour,En agglomération,Intersection en Y,Normale,Deux véhicules - arrière,,,,,,,,,,,1,2,4,1.0,2
201300056169,0013-11-27 09:05:00,13,11,27,9,5,750,118,"7, BOULEVARD BARBES",,,Plein jour,En agglomération,Hors intersection,Normale,Deux véhicules - arrière,,,,,,,,,,,1,2,1,1.0,2
201300056170,0013-11-27 18:35:00,13,11,27,18,35,750,120,"34, RUE LEVERT",,,Nuit avec éclairage allumé,En agglomération,Intersection en X,Normale,Deux véhicules - arrière,,,,,,,,,,,5,2,2,1.0,2
201300056171,0013-11-28 22:35:00,13,11,28,22,35,750,108,RUE DE TILSITT,,,Nuit avec éclairage allumé,En agglomération,Intersection en X,Normale,Deux véhicules - côté,,,,,,,,,,,5,2,2,1.0,3
201300056172,0013-11-30 16:55:00,13,11,30,16,55,750,114,"26, RUE VERCINGETORIX",,,Nuit avec éclairage allumé,En agglomération,Intersection en T,Normale,Deux véhicules - arrière,,,,,,,,,,,5,2,3,1.0,2
201300056173,0013-12-04 17:20:00,13,12,4,17,20,750,117,"46, BOULEVARD BESSIERES",,,Nuit avec éclairage allumé,En agglomération,Hors intersection,Normale,Deux véhicules - côté,,,,,,,,,,,5,2,1,1.0,3
201300056174,0013-12-05 03:40:00,13,12,5,3,40,750,109,"80, RUE LA FAYETTE",,,Nuit avec éclairage allumé,En agglomération,Hors intersection,Normale,Autre collision,,,,,,,,,,,5,2,1,1.0,6
201300056175,0013-12-05 23:00:00,13,12,5,23,0,750,112,PORTE DOREE,,,Nuit avec éclairage allumé,En agglomération,Hors intersection,Pluie légère,Deux véhicules - côté,,,,,,,,,,,5,2,1,2.0,3
201300056176,0013-12-06 08:35:00,13,12,6,8,35,750,117,AVENUE DE LA GRANDE ARME,,,Plein jour,En agglomération,Place,Normale,Deux véhicules - côté,,,,,,,,,,,1,2,7,1.0,3
201300056177,0013-12-06 21:55:00,13,12,6,21,55,750,107,"/, PLACE DE L ECOLE MILI",,,Nuit avec éclairage allumé,En agglomération,Place,Normale,Autre collision,,,,,,,,,,,5,2,7,1.0,6
201300056178,0013-12-07 05:00:00,13,12,7,5,0,750,118,BOULEVARD PERIPHERIQUE E,,,Nuit avec éclairage allumé,En agglomération,Hors intersection,Pluie légère,Autre collision,,,,,,,,,,,5,2,1,2.0,6
201300056179,0013-12-07 05:00:00,13,12,7,5,0,750,115,"19, RUE ANDRE GIDE",,,Nuit avec éclairage allumé,En agglomération,Hors intersection,Normale,Sans collision,,,,,,,,,,,5,2,1,1.0,7
201300056180,0013-12-07 06:40:00,13,12,7,6,40,750,114,"19/21, AVENUE DE LA PORT",,,Nuit avec éclairage allumé,En agglomération,Hors intersection,Normale,Sans collision,,,,,,,,,,,5,2,1,1.0,7
201300056181,0013-12-07 12:02:00,13,12,7,12,2,750,112,"127, RUE DE REUILLY",,,Plein jour,En agglomération,Hors intersection,Normale,Autre collision,,,,,,,,,,,1,2,1,1.0,6
201300056182,0013-12-07 21:15:00,13,12,7,21,15,750,118,RUE LEIBNIZ,,,Nuit avec éclairage allumé,En agglomération,Intersection à plus de 4 branches,Normale,Autre collision,,,,,,,,,,,5,2,5,1.0,6
201300056183,0013-12-08 18:50:00,13,12,8,18,50,750,114,BOULEVARD PERIPHERIQUE E,,,Nuit avec éclairage allumé,En agglomération,Hors intersection,Normale,Deux véhicules - arrière,,,,,,,,,,,5,2,1,1.0,2
201300056184,0013-12-09 16:25:00,13,12,9,16,25,750,115,RUE LEONTINE,,,Plein jour,En agglomération,Intersection en X,Normale,Deux véhicules - côté,,,,,,,,,,,1,2,2,1.0,3
201300056185,0013-12-09 19:45:00,13,12,9,19,45,750,116,BOULEVARD PERIPHERIQUE E,,,Nuit avec éclairage allumé,En agglomération,Hors intersection,Normale,Deux véhicules - côté,,,,,,,,,,,5,2,1,1.0,3
201300056186,0013-12-09 23:00:00,13,12,9,23,0,750,116,"4, AVENUE DE VERSAILLES",,,Nuit avec éclairage allumé,En agglomération,Hors intersection,Normale,Autre collision,,,,,,,,,,,5,2,1,1.0,6
201300056187,0013-12-10 15:33:00,13,12,10,15,33,750,117,"29, RUE JOUFFROY D ABBAN",,,Crépuscule ou aube,En agglomération,Intersection en X,Normale,Autre collision,,,,,,,,,,,2,2,2,1.0,6
201300056188,0013-12-10 20:30:00,13,12,10,20,30,750,116,PORTE DAUPHINE,,,Nuit avec éclairage allumé,En agglomération,Hors intersection,Normale,Autre collision,,,,,,,,,,,5,2,1,1.0,6
201300056189,0013-12-11 19:30:00,13,12,11,19,30,750,117,PLACE DE LA REPUBLIQUE D,,,Nuit avec éclairage allumé,En agglomération,Place,Normale,Deux véhicules - côté,,,,,,,,,,,5,2,7,1.0,3
201300056190,0013-12-11 20:30:00,13,12,11,20,30,750,113,"1, QUAI D AUSTERLITZ",,,Nuit avec éclairage allumé,En agglomération,Intersection en X,Normale,Deux véhicules - côté,,,,,,,,,,,5,2,2,1.0,3
201300056191,0013-12-12 15:35:00,13,12,12,15,35,750,107,"34, BOULEVARD DES INVALI",,,Plein jour,En agglomération,Hors intersection,Normale,Autre collision,,,,,,,,,,,1,2,1,1.0,6
201300056192,0013-12-14 03:20:00,13,12,14,3,20,750,107,BOULEVARD DES INVALIDES,,,Nuit avec éclairage allumé,En agglomération,Intersection en X,Normale,Autre collision,,,,,,,,,,,5,2,2,1.0,6
201300056193,0013-12-16 02:00:00,13,12,16,2,0,750,108,AVENUE DE SELVES,,,Nuit avec éclairage allumé,En agglomération,Hors intersection,Normale,Deux véhicules - côté,,,,,,,,,,,5,2,1,1.0,3
201300056194,0013-12-16 20:15:00,13,12,16,20,15,750,105,"11, BOULEVARD SAINT GERM",,,Nuit avec éclairage allumé,En agglomération,Intersection en X,Normale,Deux véhicules - arrière,,,,,,,,,,,5,2,2,1.0,2
201300056195,0013-12-18 10:00:00,13,12,18,10,0,750,118,BOULEVARD DE LA CHAPELLE,,,Plein jour,En agglomération,Intersection en X,Normale,Deux véhicules - côté,,,,,,,,,,,1,2,2,1.0,3
201300056196,0013-12-18 18:15:00,13,12,18,18,15,750,114,BOULEVARD PERIPHERIQUE E,,,Nuit avec éclairage allumé,En agglomération,Hors intersection,Normale,Deux véhicules - arrière,,,,,,,,,,,5,2,1,1.0,2
201300056197,0013-12-19 01:30:00,13,12,19,1,30,750,114,"29, RUE DE LA TOMBE ISSO",,,Nuit avec éclairage allumé,En agglomération,Intersection en T,Pluie légère,Autre collision,,,,,,,,,,,5,2,3,2.0,6
201300056198,0013-12-19 21:05:00,13,12,19,21,5,750,110,"168, RUE LA FAYETTE",,,Nuit avec éclairage allumé,En agglomération,Intersection en T,Normale,Autre collision,,,,,,,,,,,5,2,3,1.0,6
201300056199,0013-12-20 19:20:00,13,12,20,19,20,750,104,PONT DE SULLY,,,Nuit avec éclairage allumé,En agglomération,Hors intersection,Normale,Autre collision,,,,,,,,,,,5,2,1,1.0,6
201300056200,0013-12-21 17:00:00,13,12,21,17,0,750,105,RUE DAUBENTON,,,Nuit avec éclairage allumé,En agglomération,Intersection en X,Normale,Autre collision,,,,,,,,,,,5,2,2,1.0,6
201300056201,0013-12-21 16:40:00,13,12,21,16,40,750,120,"168, BOULEVARD MORTIER",,,Nuit avec éclairage allumé,En agglomération,Hors intersection,Normale,Autre collision,,,,,,,,,,,5,2,1,1.0,6
201300056202,0013-12-23 21:00:00,13,12,23,21,0,750,109,"21, RUE AUBER",,,Nuit avec éclairage allumé,En agglomération,Hors intersection,Normale,Autre collision,,,,,,,,,,,5,2,1,1.0,6
201300056203,0013-12-24 15:47:00,13,12,24,15,47,750,118,BOULEVARD NEY,,,Crépuscule ou aube,En agglomération,Intersection à plus de 4 branches,Normale,Deux véhicules - côté,,,,,,,,,,,2,2,5,1.0,3
201300056204,0013-12-25 06:39:00,13,12,25,6,39,750,112,RUE DE CHARENTON,,,Nuit avec éclairage allumé,En agglomération,Hors intersection,Normale,Sans collision,,,,,,,,,,,5,2,1,1.0,7
201300056205,0013-12-28 21:40:00,13,12,28,21,40,750,108,PLACE DE LA CONCORDE,,,Nuit avec éclairage allumé,En agglomération,Hors intersection,Normale,Sans collision,,,,,,,,,,,5,2,1,1.0,7
201300056206,0013-12-31 00:55:00,13,12,31,0,55,750,111,RUE DE LA ROQUETTE,,,Nuit avec éclairage allumé,En agglomération,Intersection en X,Normale,Deux véhicules - côté,,,,,,,,,,,5,2,2,1.0,3
201300056207,0013-01-01 08:20:00,13,1,1,8,20,750,118,PORTE DE CLIGNANCOURT,,,Crépuscule ou aube,En agglomération,Hors intersection,Normale,Trois véhicules et plus - en chaîne,,,,,,,,,,,2,2,1,1.0,4
201300056208,0013-01-02 19:00:00,13,1,2,19,0,750,117,PORTE DE CLICHY,,,Plein jour,En agglomération,Hors intersection,Normale,Deux véhicules - arrière,,,,,,,,,,,1,2,1,1.0,2
201300056209,0013-01-03 09:30:00,13,1,3,9,30,750,116,PORTE MAILLOT,,,Plein jour,En agglomération,Hors intersection,Pluie légère,Sans collision,,,,,,,,,,,1,2,1,2.0,7
201300056210,0013-01-03 16:50:00,13,1,3,16,50,750,113,PORTE D ITALIE,,,Nuit avec éclairage allumé,En agglomération,Hors intersection,Normale,Deux véhicules - côté,,,,,,,,,,,5,2,1,1.0,3
201300056211,0013-01-03 20:10:00,13,1,3,20,10,750,115,PORTE DE LA PLAINE,,,Nuit avec éclairage allumé,En agglomération,Hors intersection,Pluie légère,Deux véhicules - arrière,,,,,,,,,,,5,2,1,2.0,2
201300056212,0013-01-04 10:55:00,13,1,4,10,55,750,114,PORTE DE CHATILLON,,,Plein jour,En agglomération,Hors intersection,Normale,Deux véhicules - arrière,,,,,,,,,,,1,2,1,1.0,2
201300056213,0013-01-06 06:45:00,13,1,6,6,45,750,112,PORTE DE SAINT MANDE,,,Nuit avec éclairage allumé,En agglomération,Hors intersection,Normale,Autre collision,,,,,,,,,,,5,2,1,1.0,6
201300056214,0013-01-07 18:50:00,13,1,7,18,50,750,116,PORTE DAUPHINE,,,Nuit avec éclairage allumé,En agglomération,Hors intersection,Normale,Sans collision,,,,,,,,,,,5,2,1,1.0,7
201300056215,0013-01-08 07:30:00,13,1,8,7,30,750,116,PORTE D AUTEUIL,,,Crépuscule ou aube,En agglomération,Hors intersection,Normale,Trois véhicules et plus - en chaîne,,,,,,,,,,,2,2,1,1.0,4
201300056216,0013-01-08 16:40:00,13,1,8,16,40,750,120,PORTE DE BAGNOLET,,,Plein jour,En agglomération,Hors intersection,Normale,Deux véhicules - côté,,,,,,,,,,,1,2,1,1.0,3
201300056217,0013-01-09 08:00:00,13,1,9,8,0,750,117,PORTE DE CHAMPERRET,,,Plein jour,En agglomération,Hors intersection,Normale,Deux véhicules - arrière,,,,,,,,,,,1,2,1,1.0,2
201300056218,0013-01-09 14:30:00,13,1,9,14,30,750,120,PORTE DES LILAS,,,Nuit avec éclairage allumé,En agglomération,Hors intersection,Normale,Autre collision,,,,,,,,,,,5,2,1,1.0,6
201300056219,0013-01-09 19:20:00,13,1,9,19,20,750,117,PORTE DE SAINT OUEN,,,Nuit avec éclairage allumé,En agglomération,Hors intersection,Pluie légère,Deux véhicules - côté,,,,,,,,,,,5,2,1,2.0,3
201300056220,0013-01-09 20:00:00,13,1,9,20,0,750,117,PORTE DE SAINT OUEN,,,Nuit avec éclairage allumé,En agglomération,Hors intersection,Pluie forte,Trois véhicules et plus - en chaîne,,,,,,,,,,,5,2,1,3.0,4
201300056221,0013-01-10 07:10:00,13,1,10,7,10,750,112,ECHANGEUR BERCY,,,Nuit avec éclairage allumé,En agglomération,Intersection en Y,Autre,Deux véhicules - côté,,,,,,,,,,,5,2,4,9.0,3
201300056222,0013-01-10 06:20:00,13,1,10,6,20,750,117,PORTE DE CHAMPERRET,,,Nuit avec éclairage allumé,En agglomération,Hors intersection,Normale,Trois véhicules et plus - en chaîne,,,,,,,,,,,5,2,1,1.0,4
201300056223,0013-01-10 08:50:00,13,1,10,8,50,750,114,PORTE DE CHATILLON,,,Plein jour,En agglomération,Hors intersection,Normale,Sans collision,,,,,,,,,,,1,2,1,1.0,7
201300056224,0013-01-11 10:40:00,13,1,11,10,40,750,113,QUAI D IVRY,,,Plein jour,En agglomération,Hors intersection,Normale,Autre collision,,,,,,,,,,,1,2,1,1.0,6
201300056225,0013-01-11 13:15:00,13,1,11,13,15,750,119,PORTE DE PANTIN,,,Plein jour,En agglomération,Hors intersection,Normale,Deux véhicules - arrière,,,,,,,,,,,1,2,1,1.0,2
201300056226,0013-01-14 09:50:00,13,1,14,9,50,750,118,ECHANGEUR CHAPELLE,,,Plein jour,En agglomération,Intersection en Y,Normale,Deux véhicules - arrière,,,,,,,,,,,1,2,4,1.0,2
201300056227,0013-01-15 09:20:00,13,1,15,9,20,750,115,QUAI D ISSY LES MOULINEA,,,Plein jour,En agglomération,Hors intersection,Pluie légère,Sans collision,,,,,,,,,,,1,2,1,2.0,7
201300056228,0013-01-15 09:30:00,13,1,15,9,30,750,114,PORTE DE VANVES,,,Plein jour,En agglomération,Hors intersection,Pluie légère,Deux véhicules - arrière,,,,,,,,,,,1,2,1,2.0,2
201300056229,0013-01-16 12:30:00,13,1,16,12,30,750,116,ECHANGEUR SAINT CLOUD,,,Plein jour,En agglomération,Intersection en Y,Normale,Sans collision,,,,,,,,,,,1,2,4,1.0,7
201300056230,0013-01-16 19:25:00,13,1,16,19,25,750,114,PORTE DE GENTILLY,,,Nuit avec éclairage allumé,En agglomération,Hors intersection,Normale,Trois véhicules et plus - en chaîne,,,,,,,,,,,5,2,1,1.0,4
201300056231,0013-01-17 19:00:00,13,1,17,19,0,750,114,PORTE DE CHATILLON,,,Nuit avec éclairage allumé,En agglomération,Hors intersection,Normale,Sans collision,,,,,,,,,,,5,2,1,1.0,7
201300056232,0013-01-17 18:00:00,13,1,17,18,0,750,117,PORTE DE CHAMPERRET,,,Nuit avec éclairage allumé,En agglomération,Hors intersection,Normale,Deux véhicules - côté,,,,,,,,,,,5,2,1,1.0,3
201300056233,0013-01-18 02:00:00,13,1,18,2,0,750,112,ECHANGEUR BERCY,,,Nuit avec éclairage allumé,En agglomération,Intersection en Y,Normale,Autre collision,,,,,,,,,,,5,2,4,1.0,6
201300056234,0013-01-18 07:50:00,13,1,18,7,50,750,112,ECHANGEUR BERCY,,,Crépuscule ou aube,En agglomération,Intersection en Y,Normale,Deux véhicules - côté,,,,,,,,,,,2,2,4,1.0,3
201300056235,0013-01-22 13:30:00,13,1,22,13,30,750,117,PORTE DE CHAMPERRET,,,Plein jour,En agglomération,Hors intersection,Pluie légère,Deux véhicules - côté,,,,,,,,,,,1,2,1,2.0,3
201300056236,0013-01-23 08:45:00,13,1,23,8,45,750,114,PORTE DE CHATILLON,,,Plein jour,En agglomération,Hors intersection,Normale,Sans collision,,,,,,,,,,,1,2,1,1.0,7
201300056237,0013-01-23 20:20:00,13,1,23,20,20,750,118,PORTE DE LA CHAPELLE,,,Nuit avec éclairage allumé,En agglomération,Hors intersection,Normale,Autre collision,,,,,,,,,,,5,2,1,1.0,6
201300056238,0013-01-24 22:15:00,13,1,24,22,15,750,113,PORTE DE GENTILLY,,,Nuit avec éclairage allumé,En agglomération,Intersection en Y,Normale,Autre collision,,,,,,,,,,,5,2,4,1.0,6
201300056239,0013-01-25 18:10:00,13,1,25,18,10,750,116,ECHANGEUR AUTEUIL,,,Nuit avec éclairage allumé,En agglomération,Hors intersection,Normale,Deux véhicules - côté,,,,,,,,,,,5,2,1,1.0,3
201300056240,0013-01-26 17:45:00,13,1,26,17,45,750,116,PORTE D AUTEUIL,,,Nuit avec éclairage allumé,En agglomération,Hors intersection,Normale,Deux véhicules - arrière,,,,,,,,,,,5,2,1,1.0,2
201300056241,0013-01-27 14:45:00,13,1,27,14,45,750,120,ECHANGEUR BAGNOLET,,,Plein jour,En agglomération,Hors intersection,Normale,Autre collision,,,,,,,,,,,1,2,1,1.0,6
201300056242,0013-01-28 08:45:00,13,1,28,8,45,750,117,PORTE D ASNIERES,,,Plein jour,En agglomération,Hors intersection,Normale,Sans collision,,,,,,,,,,,1,2,1,1.0,7
201300056243,0013-01-28 09:55:00,13,1,28,9,55,750,114,PORTE D ORLEANS,,,Plein jour,En agglomération,Hors intersection,Normale,Deux véhicules - arrière,,,,,,,,,,,1,2,1,1.0,2
201300056244,0013-01-28 11:30:00,13,1,28,11,30,750,119,PORTE D AUBERVILLIERS,,,Plein jour,En agglomération,Hors intersection,Normale,Autre collision,,,,,,,,,,,1,2,1,1.0,6
201300056245,0013-01-30 11:00:00,13,1,30,11,0,750,120,ECHANGEUR BAGNOLET,,,Plein jour,En agglomération,Hors intersection,Normale,Sans collision,,,,,,,,,,,1,2,1,1.0,7
201300056246,0013-01-30 13:00:00,13,1,30,13,0,750,118,PORTE D AUBERVILLIERS,,,Plein jour,En agglomération,Hors intersection,Pluie légère,Deux véhicules - arrière,,,,,,,,,,,1,2,1,2.0,2
201300056247,0013-01-30 23:15:00,13,1,30,23,15,750,117,PORTE MAILLOT,,,Nuit avec éclairage allumé,En agglomération,Hors intersection,Normale,Sans collision,,,,,,,,,,,5,2,1,1.0,7
201300056248,0013-01-31 07:45:00,13,1,31,7,45,750,113,PORTE D IVRY,,,Plein jour,En agglomération,Hors intersection,Normale,Deux véhicules - arrière,,,,,,,,,,,1,2,1,1.0,2
201300056249,0013-01-31 16:20:00,13,1,31,16,20,750,119,PORTE DE LA VILLETTE,,,Plein jour,En agglomération,Hors intersection,Normale,Autre collision,,,,,,,,,,,1,2,1,1.0,6
201300056250,0013-02-04 00:15:00,13,2,4,0,15,750,119,PORTE DES LILAS,,,Nuit avec éclairage allumé,En agglomération,Hors intersection,Pluie légère,Autre collision,,,,,,,,,,,5,2,1,2.0,6
201300056251,0013-02-04 08:40:00,13,2,4,8,40,750,112,PORTE DE VINCENNES,,,Plein jour,En agglomération,Hors intersection,Pluie légère,Sans collision,,,,,,,,,,,1,2,1,2.0,7
201300056252,0013-02-04 10:10:00,13,2,4,10,10,750,113,PORTE D ITALIE,,,Plein jour,En agglomération,Hors intersection,Normale,Autre collision,,,,,,,,,,,1,2,1,1.0,6
201300056253,0013-02-04 14:50:00,13,2,4,14,50,750,119,PORTE DES LILAS,,,Plein jour,En agglomération,Hors intersection,Normale,Sans collision,,,,,,,,,,,1,2,1,1.0,7
201300056254,0013-02-04 18:30:00,13,2,4,18,30,750,117,PORTE D ASNIERES,,,Nuit avec éclairage allumé,En agglomération,Hors intersection,Normale,Autre collision,,,,,,,,,,,5,2,1,1.0,6
201300056255,0013-02-05 10:10:00,13,2,5,10,10,750,117,PORTE DE CHAMPERRET,,,Plein jour,En agglomération,Hors intersection,Normale,Deux véhicules - côté,,,,,,,,,,,1,2,1,1.0,3
201300056256,0013-02-05 10:35:00,13,2,5,10,35,750,119,PORTE DES LILAS,,,Plein jour,En agglomération,Hors intersection,Normale,Deux véhicules - arrière,,,,,,,,,,,1,2,1,1.0,2
201300056257,0013-02-05 17:00:00,13,2,5,17,0,750,114,PORTE D ORLEANS,,,Plein jour,En agglomération,Intersection en Y,Normale,Autre collision,,,,,,,,,,,1,2,4,1.0,6
201300056258,0013-02-07 13:15:00,13,2,7,13,15,750,120,PORTE DE BAGNOLET,,,Plein jour,En agglomération,Intersection en Y,Normale,Autre collision,,,,,,,,,,,1,2,4,1.0,6
201300056259,0013-02-08 06:00:00,13,2,8,6,0,750,117,PORTE DE SAINT OUEN,,,Nuit avec éclairage allumé,En agglomération,Hors intersection,Pluie légère,Deux véhicules - arrière,,,,,,,,,,,5,2,1,2.0,2
201300056260,0013-02-08 08:30:00,13,2,8,8,30,750,113,QUAI D IVRY,,,Plein jour,En agglomération,Hors intersection,Normale,Deux véhicules - arrière,,,,,,,,,,,1,2,1,1.0,2
201300056261,0013-02-08 08:00:00,13,2,8,8,0,750,120,PORTE DE BAGNOLET,,,Plein jour,En agglomération,Hors intersection,Normale,Trois véhicules et plus - en chaîne,,,,,,,,,,,1,2,1,1.0,4
201300056262,0013-02-08 17:44:00,13,2,8,17,44,750,119,PORTE DE LA VILLETTE,,,Plein jour,En agglomération,Hors intersection,Normale,Deux véhicules - côté,,,,,,,,,,,1,2,1,1.0,3
201300056263,0013-02-09 11:05:00,13,2,9,11,5,750,114,PORTE DE CHATILLON,,,Plein jour,En agglomération,Hors intersection,Normale,Trois véhicules et plus - en chaîne,,,,,,,,,,,1,2,1,1.0,4
201300056264,0013-02-10 15:00:00,13,2,10,15,0,750,119,ECHANGEUR AUBERVILLIERS,,,Plein jour,En agglomération,Hors intersection,Neige / grêle,Autre collision,,,,,,,,,,,1,2,1,4.0,6
201300056265,0013-02-11 15:30:00,13,2,11,15,30,750,117,PORTE DE SAINT OUEN,,,Plein jour,En agglomération,Hors intersection,Normale,Deux véhicules - côté,,,,,,,,,,,1,2,1,1.0,3
201300056266,0013-02-11 22:30:00,13,2,11,22,30,750,116,BOULEVARD PERIPHERIQUE I,,,Nuit avec éclairage allumé,En agglomération,Hors intersection,Normale,Autre collision,,,,,,,,,,,5,2,1,1.0,6
201300056267,0013-02-12 08:45:00,13,2,12,8,45,750,112,PORTE DE SAINT MANDE,,,Plein jour,En agglomération,Hors intersection,Pluie légère,Deux véhicules - arrière,,,,,,,,,,,1,2,1,2.0,2
201300056268,0013-02-12 09:40:00,13,2,12,9,40,750,112,PORTE DOREE,,,Plein jour,En agglomération,Hors intersection,Normale,Deux véhicules - arrière,,,,,,,,,,,1,2,1,1.0,2
201300056269,0013-02-14 07:40:00,13,2,14,7,40,750,116,PORTE D AUTEUIL,,,Plein jour,En agglomération,Hors intersection,Pluie légère,Deux véhicules - arrière,,,,,,,,,,,1,2,1,2.0,2
201300056270,0013-02-14 08:15:00,13,2,14,8,15,750,112,PORTE DE VINCENNES,,,Plein jour,En agglomération,Hors intersection,Pluie légère,Sans collision,,,,,,,,,,,1,2,1,2.0,7
201300056271,0013-02-14 18:55:00,13,2,14,18,55,750,113,PORTE D ITALIE,,,Nuit avec éclairage allumé,En agglomération,Hors intersection,Normale,Trois véhicules et plus - en chaîne,,,,,,,,,,,5,2,1,1.0,4
201300056272,0013-02-15 01:15:00,13,2,15,1,15,750,116,BOULEVARD PERIPHERIQUE E,,,Nuit avec éclairage allumé,En agglomération,Hors intersection,Normale,Deux véhicules - arrière,,,,,,,,,,,5,2,1,1.0,2
201300056273,0013-02-15 18:30:00,13,2,15,18,30,750,115,PORTE DE VERSAILLES,,,Nuit avec éclairage allumé,En agglomération,Hors intersection,Normale,Deux véhicules - arrière,,,,,,,,,,,5,2,1,1.0,2
201300056274,0013-02-16 14:10:00,13,2,16,14,10,750,113,QUAI D IVRY,,,Plein jour,En agglomération,Hors intersection,Normale,Trois véhicules et plus - en chaîne,,,,,,,,,,,1,2,1,1.0,4
201300056275,0013-02-16 20:40:00,13,2,16,20,40,750,115,PORTE DE SEVRES,,,Nuit avec éclairage allumé,En agglomération,Hors intersection,Normale,Deux véhicules - arrière,,,,,,,,,,,5,2,1,1.0,2
201300056276,0013-02-17 01:30:00,13,2,17,1,30,750,119,BOULEVARD PERIPHERIQUE I,,,Nuit avec éclairage non allumé,En agglomération,Hors intersection,Normale,Trois véhicules et plus - en chaîne,,,,,,,,,,,4,2,1,1.0,4
201300056277,0013-02-20 01:34:00,13,2,20,1,34,750,118,ECHANGEUR CHAPELLE,,,Nuit avec éclairage allumé,En agglomération,Hors intersection,Normale,Autre collision,,,,,,,,,,,5,2,1,1.0,6
201300056278,0013-02-20 02:25:00,13,2,20,2,25,750,112,ECHANGEUR BERCY,,,Nuit avec éclairage allumé,En agglomération,Hors intersection,Normale,Deux véhicules - arrière,,,,,,,,,,,5,2,1,1.0,2
201300056279,0013-02-20 09:40:00,13,2,20,9,40,750,114,PORTE DE CHATILLON,,,Plein jour,En agglomération,Hors intersection,Normale,Deux véhicules - côté,,,,,,,,,,,1,2,1,1.0,3
201300056280,0013-02-20 10:00:00,13,2,20,10,0,750,118,PORTE DE LA CHAPELLE,,,Plein jour,En agglomération,Hors intersection,Normale,Deux véhicules - arrière,,,,,,,,,,,1,2,1,1.0,2
201300056281,0013-02-20 17:50:00,13,2,20,17,50,750,113,PORTE D ITALIE,,,Crépuscule ou aube,En agglomération,Hors intersection,Normale,Deux véhicules - côté,,,,,,,,,,,2,2,1,1.0,3
201300056282,0013-02-21 00:20:00,13,2,21,0,20,750,113,BOULEVARD PERIPHERIQUE I,,,Nuit avec éclairage allumé,En agglomération,Hors intersection,Normale,Autre collision,,,,,,,,,,,5,2,1,1.0,6
201300056283,0013-02-22 05:58:00,13,2,22,5,58,750,114,PORTE D ORLEANS,,,Nuit avec éclairage allumé,En agglomération,Intersection en Y,Normale,Deux véhicules - côté,,,,,,,,,,,5,2,4,1.0,3
201300056284,0013-02-22 18:40:00,13,2,22,18,40,750,113,PORTE D ITALIE,,,Nuit avec éclairage allumé,En agglomération,Hors intersection,Normale,Deux véhicules - arrière,,,,,,,,,,,5,2,1,1.0,2
201300056285,0013-02-23 01:50:00,13,2,23,1,50,750,112,PORTE DE CHARENTON,,,Nuit avec éclairage allumé,En agglomération,Hors intersection,Normale,Autre collision,,,,,,,,,,,5,2,1,1.0,6
201300056286,0013-02-23 17:35:00,13,2,23,17,35,750,116,PORTE DE SAINT CLOUD,,,Crépuscule ou aube,En agglomération,Hors intersection,Neige / grêle,Deux véhicules - arrière,,,,,,,,,,,2,2,1,4.0,2
201300056287,0013-02-25 07:30:00,13,2,25,7,30,750,118,PORTE DE LA CHAPELLE,,,Nuit avec éclairage allumé,En agglomération,Hors intersection,Neige / grêle,Deux véhicules - arrière,,,,,,,,,,,5,2,1,4.0,2
201300056288,0013-02-26 08:15:00,13,2,26,8,15,750,112,PORTE DOREE,,,Plein jour,En agglomération,Hors intersection,Normale,Trois véhicules et plus - en chaîne,,,,,,,,,,,1,2,1,1.0,4
201300056289,0013-02-26 10:50:00,13,2,26,10,50,750,116,PORTE D AUTEUIL,,,Plein jour,En agglomération,Hors intersection,Normale,Deux véhicules - côté,,,,,,,,,,,1,2,1,1.0,3
201300056290,0013-02-27 16:20:00,13,2,27,16,20,750,119,ECHANGEUR PANTIN,,,Plein jour,En agglomération,Hors intersection,Normale,Deux véhicules - arrière,,,,,,,,,,,1,2,1,1.0,2
201300056291,0013-02-28 09:45:00,13,2,28,9,45,750,118,PORTE DE LA CHAPELLE,,,Plein jour,En agglomération,Hors intersection,Normale,Trois véhicules et plus - en chaîne,,,,,,,,,,,1,2,1,1.0,4