accident_id,datetime,annee,mois,jour,heure,minute,departement,commune_insee,adresse,latitude,longitude,luminosite,agglomeration,intersection,meteo,collision,nb_vehicules,nb_usagers,nb_indemnes,nb_tues,nb_blesses_hosp,nb_blesses_legers,age_cond_1,age_cond_2,veh_type_cond_1,veh_type_cond_2,lum_code,agg_code,int_code,atm_code,col_code
201300056422,0013-05-25 21:14:00,13,5,25,21,14,750,118,PORTE DE LA CHAPELLE,,,Plein jour,En agglomération,Hors intersection,Normale,Trois véhicules et plus - collisions multiples,,,,,,,,,,,1,2,1,1.0,5
201300056423,0013-05-27 06:05:00,13,5,27,6,5,750,118,PORTE DE LA CHAPELLE,,,Crépuscule ou aube,En agglomération,Hors intersection,Normale,Sans collision,,,,,,,,,,,2,2,1,1.0,7
201300056424,0013-05-27 09:10:00,13,5,27,9,10,750,112,PORTE DE CHARENTON,,,Plein jour,En agglomération,Hors intersection,Normale,Trois véhicules et plus - en chaîne,,,,,,,,,,,1,2,1,1.0,4
201300056425,0013-05-27 18:50:00,13,5,27,18,50,750,120,PORTE DE BAGNOLET,,,Plein jour,En agglomération,Hors intersection,Normale,Deux véhicules - arrière,,,,,,,,,,,1,2,1,1.0,2
201300056426,0013-05-28 09:23:00,13,5,28,9,23,750,120,PORTE DES LILAS,,,Plein jour,En agglomération,Hors intersection,Normale,Trois véhicules et plus - en chaîne,,,,,,,,,,,1,2,1,1.0,4
201300056427,0013-05-28 13:30:00,13,5,28,13,30,750,120,PORTE DE VINCENNES,,,Plein jour,En agglomération,Hors intersection,Pluie légère,Sans collision,,,,,,,,,,,1,2,1,2.0,7
201300056428,0013-05-28 16:50:00,13,5,28,16,50,750,119,PORTE DE LA VILLETTE,,,Plein jour,En agglomération,Hors intersection,Normale,Deux véhicules - arrière,,,,,,,,,,,1,2,1,1.0,2
201300056429,0013-05-29 13:00:00,13,5,29,13,0,750,120,PORTE DE MONTREUIL,,,Plein jour,En agglomération,Hors intersection,Normale,Deux véhicules - côté,,,,,,,,,,,1,2,1,1.0,3
201300056430,0013-05-29 17:00:00,13,5,29,17,0,750,116,PORTE DAUPHINE,,,Plein jour,En agglomération,Hors intersection,Normale,Deux véhicules - arrière,,,,,,,,,,,1,2,1,1.0,2
201300056431,0013-05-29 14:35:00,13,5,29,14,35,750,116,ECHANGEUR MUETTE,,,Plein jour,En agglomération,Hors intersection,Normale,Deux véhicules - arrière,,,,,,,,,,,1,2,1,1.0,2
201300056432,0013-05-30 08:45:00,13,5,30,8,45,750,113,PORTE D ITALIE,,,Plein jour,En agglomération,Hors intersection,Pluie légère,Deux véhicules - arrière,,,,,,,,,,,1,2,1,2.0,2
201300056433,0013-05-30 08:45:00,13,5,30,8,45,750,114,PORTE DE CHATILLON,,,Plein jour,En agglomération,Hors intersection,Pluie légère,Trois véhicules et plus - en chaîne,,,,,,,,,,,1,2,1,2.0,4
201300056434,0013-05-30 10:30:00,13,5,30,10,30,750,119,PORTE DES LILAS,,,Plein jour,En agglomération,Hors intersection,Pluie légère,Deux véhicules - arrière,,,,,,,,,,,1,2,1,2.0,2
201300056435,0013-05-30 15:40:00,13,5,30,15,40,750,117,PORTE D ASNIERES,,,Plein jour,En agglomération,Hors intersection,Pluie légère,Deux véhicules - arrière,,,,,,,,,,,1,2,1,2.0,2
201300056436,0013-05-31 15:15:00,13,5,31,15,15,750,114,PORTE DE MONTROUGE,,,Plein jour,En agglomération,Hors intersection,Normale,Deux véhicules - côté,,,,,,,,,,,1,2,1,1.0,3
201300056437,0013-05-31 19:30:00,13,5,31,19,30,750,117,PORTE D ASNIERES,,,Plein jour,Hors agglomération,Hors intersection,Normale,Autre collision,,,,,,,,,,,1,1,1,1.0,6
201300056438,0013-06-02 00:45:00,13,6,2,0,45,750,119,BOULEVARD PERIPHERIQUE I,,,Nuit avec éclairage allumé,En agglomération,Hors intersection,Normale,Autre collision,,,,,,,,,,,5,2,1,1.0,6
201300056439,0013-06-02 13:15:00,13,6,2,13,15,750,113,QUAI D IVRY,,,Plein jour,En agglomération,Hors intersection,Normale,Deux véhicules - arrière,,,,,,,,,,,1,2,1,1.0,2
201300056440,0013-06-04 15:10:00,13,6,4,15,10,750,116,PORTE DAUPHINE,,,Plein jour,En agglomération,Hors intersection,Normale,Deux véhicules - arrière,,,,,,,,,,,1,2,1,1.0,2
201300056441,0013-06-04 18:50:00,13,6,4,18,50,750,113,QUAI D IVRY,,,Plein jour,En agglomération,Hors intersection,Normale,Deux véhicules - côté,,,,,,,,,,,1,2,1,1.0,3
201300056442,0013-06-05 12:30:00,13,6,5,12,30,750,119,PORTE DES LILAS,,,Plein jour,En agglomération,Hors intersection,Normale,Autre collision,,,,,,,,,,,1,2,1,1.0,6
201300056443,0013-06-05 13:00:00,13,6,5,13,0,750,116,PORTE DE PASSY,,,Plein jour,En agglomération,Hors intersection,Normale,Deux véhicules - arrière,,,,,,,,,,,1,2,1,1.0,2
201300056444,0013-06-05 12:45:00,13,6,5,12,45,750,116,PORTE MAILLOT,,,Plein jour,En agglomération,Hors intersection,Normale,Deux véhicules - côté,,,,,,,,,,,1,2,1,1.0,3
201300056445,0013-06-05 22:40:00,13,6,5,22,40,750,117,BOULEVARD PERIPHERIQUE I,,,Nuit avec éclairage allumé,En agglomération,Intersection en Y,Normale,Deux véhicules - côté,,,,,,,,,,,5,2,4,1.0,3
201300056446,0013-06-06 12:45:00,13,6,6,12,45,750,118,PORTE DE CLIGNANCOURT,,,Plein jour,En agglomération,Hors intersection,Normale,Trois véhicules et plus - en chaîne,,,,,,,,,,,1,2,1,1.0,4
201300056447,0013-06-06 20:30:00,13,6,6,20,30,750,116,PORTE DE SAINT CLOUD,,,Plein jour,En agglomération,Hors intersection,Normale,Autre collision,,,,,,,,,,,1,2,1,1.0,6
201300056448,0013-06-07 19:50:00,13,6,7,19,50,750,115,PORTE DE SEVRES,,,Plein jour,En agglomération,Hors intersection,Normale,Autre collision,,,,,,,,,,,1,2,1,1.0,6
201300056449,0013-06-08 09:00:00,13,6,8,9,0,750,118,ECHANGEUR AUBERVILLIERS,,,Plein jour,En agglomération,Intersection en Y,Normale,Deux véhicules - arrière,,,,,,,,,,,1,2,4,1.0,2
201300056450,0013-06-08 15:55:00,13,6,8,15,55,750,116,ECHANGEUR MUETTE,,,Plein jour,En agglomération,Hors intersection,Normale,Trois véhicules et plus - en chaîne,,,,,,,,,,,1,2,1,1.0,4
201300056451,0013-06-10 08:00:00,13,6,10,8,0,750,119,PORTE DE PANTIN,,,Plein jour,En agglomération,Hors intersection,Normale,Deux véhicules - côté,,,,,,,,,,,1,2,1,1.0,3
201300056452,0013-06-10 17:00:00,13,6,10,17,0,750,112,PORTE DE CHARENTON,,,Plein jour,En agglomération,Hors intersection,Normale,Deux véhicules - arrière,,,,,,,,,,,1,2,1,1.0,2
201300056453,0013-06-11 17:55:00,13,6,11,17,55,750,117,PORTE DE CHAMPERRET,,,Plein jour,En agglomération,Hors intersection,Normale,Trois véhicules et plus - en chaîne,,,,,,,,,,,1,2,1,1.0,4
201300056454,0013-06-12 15:30:00,13,6,12,15,30,750,119,PORTE DE PANTIN,,,Plein jour,En agglomération,Hors intersection,Normale,Autre collision,,,,,,,,,,,1,2,1,1.0,6
201300056455,0013-06-12 17:00:00,13,6,12,17,0,750,116,ECHANGEUR MUETTE,,,Plein jour,En agglomération,Hors intersection,Normale,Deux véhicules - côté,,,,,,,,,,,1,2,1,1.0,3
201300056456,0013-06-13 10:00:00,13,6,13,10,0,750,119,PORTE DE PANTIN,,,Plein jour,En agglomération,Hors intersection,Normale,Deux véhicules - côté,,,,,,,,,,,1,2,1,1.0,3
201300056457,0013-06-13 14:10:00,13,6,13,14,10,750,120,PORTE DE VINCENNES,,,Plein jour,En agglomération,Hors intersection,Pluie légère,Autre collision,,,,,,,,,,,1,2,1,2.0,6
201300056458,0013-06-13 15:00:00,13,6,13,15,0,750,114,PORTE DE CHATILLON,,,Plein jour,En agglomération,Hors intersection,Pluie légère,Trois véhicules et plus - en chaîne,,,,,,,,,,,1,2,1,2.0,4
201300056459,0013-06-13 18:45:00,13,6,13,18,45,750,116,ECHANGEUR MUETTE,,,Plein jour,En agglomération,Hors intersection,Normale,Trois véhicules et plus - en chaîne,,,,,,,,,,,1,2,1,1.0,4
201300056460,0013-06-14 11:10:00,13,6,14,11,10,750,120,PORTE DE BAGNOLET,,,Plein jour,En agglomération,Hors intersection,Normale,Deux véhicules - arrière,,,,,,,,,,,1,2,1,1.0,2
201300056461,0013-06-14 15:05:00,13,6,14,15,5,750,115,PORTE DE SEVRES,,,Plein jour,En agglomération,Hors intersection,Normale,Autre collision,,,,,,,,,,,1,2,1,1.0,6
201300056462,0013-06-14 20:30:00,13,6,14,20,30,750,112,PORTE DOREE,,,Crépuscule ou aube,En agglomération,Hors intersection,Normale,Deux véhicules - côté,,,,,,,,,,,2,2,1,1.0,3
201300056463,0013-06-15 05:50:00,13,6,15,5,50,750,120,PORTE DES LILAS,,,Crépuscule ou aube,En agglomération,Hors intersection,Normale,Deux véhicules - arrière,,,,,,,,,,,2,2,1,1.0,2
201300056464,0013-06-15 17:20:00,13,6,15,17,20,750,112,PORTE DE CHARENTON,,,Plein jour,En agglomération,Hors intersection,Normale,Trois véhicules et plus - en chaîne,,,,,,,,,,,1,2,1,1.0,4
201300056465,0013-06-17 08:45:00,13,6,17,8,45,750,113,PORTE DE GENTILLY,,,Plein jour,En agglomération,Hors intersection,Pluie légère,Trois véhicules et plus - en chaîne,,,,,,,,,,,1,2,1,2.0,4
201300056466,0013-06-18 08:50:00,13,6,18,8,50,750,115,PORTE D ISSY,,,Plein jour,En agglomération,Hors intersection,Normale,Trois véhicules et plus - en chaîne,,,,,,,,,,,1,2,1,1.0,4
201300056467,0013-06-18 10:15:00,13,6,18,10,15,750,119,PORTE D AUBERVILLIERS,,,Plein jour,En agglomération,Hors intersection,Normale,Deux véhicules - arrière,,,,,,,,,,,1,2,1,1.0,2
201300056468,0013-06-19 07:45:00,13,6,19,7,45,750,116,PORTE DE PASSY,,,Plein jour,En agglomération,Hors intersection,Pluie forte,Deux véhicules - côté,,,,,,,,,,,1,2,1,3.0,3
201300056469,0013-06-19 15:30:00,13,6,19,15,30,750,115,PORTE D ISSY,,,Plein jour,En agglomération,Hors intersection,Temps couvert,Deux véhicules - arrière,,,,,,,,,,,1,2,1,8.0,2
201300056470,0013-06-21 09:45:00,13,6,21,9,45,750,118,PORTE DE LA CHAPELLE,,,Plein jour,En agglomération,Hors intersection,Normale,Deux véhicules - arrière,,,,,,,,,,,1,2,1,1.0,2
201300056471,0013-06-22 14:40:00,13,6,22,14,40,750,120,PORTE DE MONTREUIL,,,Plein jour,En agglomération,Hors intersection,Normale,Deux véhicules - côté,,,,,,,,,,,1,2,1,1.0,3
201300056472,0013-06-22 17:00:00,13,6,22,17,0,750,119,PORTE DE LA VILLETTE,,,Plein jour,En agglomération,Hors intersection,Normale,Deux véhicules - arrière,,,,,,,,,,,1,2,1,1.0,2
201300056473,0013-06-22 16:45:00,13,6,22,16,45,750,118,PORTE DE LA CHAPELLE,,,Plein jour,En agglomération,Hors intersection,Normale,Trois véhicules et plus - en chaîne,,,,,,,,,,,1,2,1,1.0,4
201300056474,0013-06-24 09:30:00,13,6,24,9,30,750,114,PORTE DE VANVES,,,Plein jour,En agglomération,Hors intersection,Normale,Deux véhicules - arrière,,,,,,,,,,,1,2,1,1.0,2
201300056475,0013-06-25 10:45:00,13,6,25,10,45,750,114,PORTE D ORLEANS,,,Plein jour,En agglomération,Hors intersection,Normale,Deux véhicules - arrière,,,,,,,,,,,1,2,1,1.0,2
201300056476,0013-06-25 18:15:00,13,6,25,18,15,750,119,PORTE D AUBERVILLIERS,,,Plein jour,En agglomération,Hors intersection,Normale,Deux véhicules - arrière,,,,,,,,,,,1,2,1,1.0,2
201300056477,0013-06-26 08:30:00,13,6,26,8,30,750,119,PORTE D AUBERVILLIERS,,,Plein jour,En agglomération,Hors intersection,Normale,Deux véhicules - arrière,,,,,,,,,,,1,2,1,1.0,2
201300056478,0013-06-26 12:30:00,13,6,26,12,30,750,118,PORTE DE LA CHAPELLE,,,Plein jour,En agglomération,Hors intersection,Normale,Deux véhicules - arrière,,,,,,,,,,,1,2,1,1.0,2
201300056479,0013-06-26 10:20:00,13,6,26,10,20,750,113,PORTE D ITALIE,,,Plein jour,En agglomération,Hors intersection,Normale,Deux véhicules - arrière,,,,,,,,,,,1,2,1,1.0,2
201300056480,0013-06-27 18:40:00,13,6,27,18,40,750,118,PORTE D AUBERVILLIERS,,,Plein jour,En agglomération,Hors intersection,Normale,Trois véhicules et plus - en chaîne,,,,,,,,,,,1,2,1,1.0,4
201300056481,0013-06-28 00:20:00,13,6,28,0,20,750,120,BOULEVARD PERIPHERIQUE I,,,Nuit avec éclairage allumé,En agglomération,Hors intersection,Normale,Trois véhicules et plus - en chaîne,,,,,,,,,,,5,2,1,1.0,4
201300056482,0013-06-28 07:50:00,13,6,28,7,50,750,113,QUAI D IVRY,,,Plein jour,En agglomération,Hors intersection,Pluie légère,Trois véhicules et plus - en chaîne,,,,,,,,,,,1,2,1,2.0,4
201300056483,0013-06-28 17:00:00,13,6,28,17,0,750,116,PORTE DAUPHINE,,,Plein jour,En agglomération,Hors intersection,Normale,Deux véhicules - arrière,,,,,,,,,,,1,2,1,1.0,2
201300056484,0013-06-28 18:45:00,13,6,28,18,45,750,117,PORTE D ASNIERES,,,Plein jour,En agglomération,Hors intersection,Normale,Trois véhicules et plus - en chaîne,,,,,,,,,,,1,2,1,1.0,4
201300056485,0013-06-29 12:15:00,13,6,29,12,15,750,117,PORTE MAILLOT,,,Plein jour,En agglomération,Intersection en Y,Normale,Trois véhicules et plus - collisions multiples,,,,,,,,,,,1,2,4,1.0,5
201300056486,0013-06-29 14:25:00,13,6,29,14,25,750,114,PORTE DE VANVES,,,Plein jour,En agglomération,Hors intersection,Normale,Autre collision,,,,,,,,,,,1,2,1,1.0,6
201300056487,0013-06-29 19:00:00,13,6,29,19,0,750,114,ECHANGEUR BRANCION,,,Plein jour,En agglomération,Hors intersection,Normale,Deux véhicules - arrière,,,,,,,,,,,1,2,1,1.0,2
201300056488,0013-06-29 20:45:00,13,6,29,20,45,750,114,ECHANGEUR GENTILLY,,,Crépuscule ou aube,En agglomération,Hors intersection,Normale,Sans collision,,,,,,,,,,,2,2,1,1.0,7
201300056489,0013-06-29 23:30:00,13,6,29,23,30,750,118,BOULEVARD PERIPHERIQUE E,,,Nuit avec éclairage allumé,En agglomération,Hors intersection,Normale,Sans collision,,,,,,,,,,,5,2,1,1.0,7
201300056490,0013-06-30 14:00:00,13,6,30,14,0,750,114,PORTE DE GENTILLY,,,Plein jour,En agglomération,Hors intersection,Normale,Sans collision,,,,,,,,,,,1,2,1,1.0,7
201300056491,0013-07-01 08:20:00,13,7,1,8,20,750,115,PORTE BRANCION,,,Plein jour,En agglomération,Hors intersection,Normale,Deux véhicules - arrière,,,,,,,,,,,1,2,1,1.0,2
201300056492,0013-07-01 07:30:00,13,7,1,7,30,750,117,ECHANGEUR CHAMPERRET,,,Plein jour,En agglomération,Hors intersection,Normale,Deux véhicules - arrière,,,,,,,,,,,1,2,1,1.0,2
201300056493,0013-07-01 18:40:00,13,7,1,18,40,750,115,ECHANGEUR SEVRES,,,Plein jour,En agglomération,Hors intersection,Normale,Trois véhicules et plus - en chaîne,,,,,,,,,,,1,2,1,1.0,4
201300056494,0013-07-01 18:20:00,13,7,1,18,20,750,119,PORTE DE PANTIN,,,Plein jour,En agglomération,Hors intersection,Normale,Trois véhicules et plus - en chaîne,,,,,,,,,,,1,2,1,1.0,4
201300056495,0013-07-03 08:50:00,13,7,3,8,50,750,115,PORTE DE VERSAILLES,,,Plein jour,En agglomération,Hors intersection,Normale,Autre collision,,,,,,,,,,,1,2,1,1.0,6
201300056496,0013-07-04 01:05:00,13,7,4,1,5,750,112,PORTE DE VINCENNES,,,Nuit avec éclairage allumé,En agglomération,Intersection en Y,Normale,Deux véhicules - arrière,,,,,,,,,,,5,2,4,1.0,2
201300056497,0013-07-04 06:35:00,13,7,4,6,35,750,117,PORTE MAILLOT,,,Plein jour,En agglomération,Hors intersection,Normale,Autre collision,,,,,,,,,,,1,2,1,1.0,6
201300056498,0013-07-04 09:00:00,13,7,4,9,0,750,113,PORTE DE GENTILLY,,,Plein jour,En agglomération,Hors intersection,Normale,Deux véhicules - côté,,,,,,,,,,,1,2,1,1.0,3
201300056499,0013-07-04 17:40:00,13,7,4,17,40,750,116,PORTE D AUTEUIL,,,Plein jour,En agglomération,Hors intersection,Normale,Deux véhicules - côté,,,,,,,,,,,1,2,1,1.0,3
201300056500,0013-07-04 23:30:00,13,7,4,23,30,750,119,BOULEVARD PERIPHERIQUE I,,,Nuit sans éclairage public,En agglomération,Intersection en Y,Normale,Autre collision,,,,,,,,,,,3,2,4,1.0,6
201300056501,0013-07-05 08:45:00,13,7,5,8,45,750,117,PORTE DE CLICHY,,,Plein jour,En agglomération,Hors intersection,Normale,Deux véhicules - côté,,,,,,,,,,,1,2,1,1.0,3
201300056502,0013-07-07 20:00:00,13,7,7,20,0,750,112,ECHANGEUR BERCY,,,Plein jour,En agglomération,Hors intersection,Normale,Deux véhicules - côté,,,,,,,,,,,1,2,1,1.0,3
201300056503,0013-07-08 08:45:00,13,7,8,8,45,750,114,PORTE D ORLEANS,,,Plein jour,En agglomération,Hors intersection,Normale,Autre collision,,,,,,,,,,,1,2,1,1.0,6
201300056504,0013-07-08 19:20:00,13,7,8,19,20,750,117,PORTE DE CHAMPERRET,,,Plein jour,En agglomération,Hors intersection,Normale,Autre collision,,,,,,,,,,,1,2,1,1.0,6
201300056505,0013-07-09 07:40:00,13,7,9,7,40,750,119,PORTE DE LA VILLETTE,,,Plein jour,En agglomération,Hors intersection,Normale,Trois véhicules et plus - en chaîne,,,,,,,,,,,1,2,1,1.0,4
201300056506,0013-07-09 12:10:00,13,7,9,12,10,750,113,PORTE D IVRY,,,Plein jour,En agglomération,Hors intersection,Normale,Trois véhicules et plus - en chaîne,,,,,,,,,,,1,2,1,1.0,4
201300056507,0013-07-09 17:20:00,13,7,9,17,20,750,118,PORTE DE CLIGNANCOURT,,,Plein jour,En agglomération,Hors intersection,Normale,Deux véhicules - côté,,,,,,,,,,,1,2,1,1.0,3
201300056508,0013-07-09 19:00:00,13,7,9,19,0,750,120,PORTE DES LILAS,,,Plein jour,En agglomération,Hors intersection,Normale,Deux véhicules - côté,,,,,,,,,,,1,2,1,1.0,3
201300056509,0013-07-10 18:10:00,13,7,10,18,10,750,112,ECHANGEUR BERCY,,,Plein jour,En agglomération,Hors intersection,Normale,Deux véhicules - arrière,,,,,,,,,,,1,2,1,1.0,2
201300056510,0013-07-11 08:00:00,13,7,11,8,0,750,116,PORTE DAUPHINE,,,Plein jour,En agglomération,Hors intersection,Normale,Deux véhicules - arrière,,,,,,,,,,,1,2,1,1.0,2
201300056511,0013-07-11 17:15:00,13,7,11,17,15,750,114,PORTE DE GENTILLY,,,Plein jour,En agglomération,Hors intersection,Normale,Deux véhicules - côté,,,,,,,,,,,1,2,1,1.0,3
201300056512,0013-07-11 17:20:00,13,7,11,17,20,750,116,PORTE DE PASSY,,,Plein jour,En agglomération,Hors intersection,Normale,Deux véhicules - arrière,,,,,,,,,,,1,2,1,1.0,2
201300056513,0013-07-12 08:05:00,13,7,12,8,5,750,116,PORTE DE SAINT CLOUD,,,Plein jour,En agglomération,Hors intersection,Normale,Deux véhicules - côté,,,,,,,,,,,1,2,1,1.0,3
201300056514,0013-07-12 17:00:00,13,7,12,17,0,750,113,PORTE D ITALIE,,,Plein jour,En agglomération,Hors intersection,Normale,Trois véhicules et plus - en chaîne,,,,,,,,,,,1,2,1,1.0,4
201300056515,0013-07-12 23:00:00,13,7,12,23,0,750,113,BOULEVARD PERIPHERIQUE E,,,Nuit avec éclairage allumé,En agglomération,Hors intersection,Normale,Autre collision,,,,,,,,,,,5,2,1,1.0,6
201300056516,0013-07-13 08:50:00,13,7,13,8,50,750,116,ECHANGEUR MAILLOT,,,Plein jour,En agglomération,Hors intersection,Normale,Autre collision,,,,,,,,,,,1,2,1,1.0,6
201300056517,0013-07-14 02:20:00,13,7,14,2,20,750,120,ECHANGEUR BAGNOLET,,,Nuit avec éclairage non allumé,En agglomération,Hors intersection,Normale,Autre collision,,,,,,,,,,,4,2,1,1.0,6
201300056518,0013-07-14 18:55:00,13,7,14,18,55,750,116,PORTE D AUTEUIL,,,Plein jour,En agglomération,Intersection en Y,Normale,Trois véhicules et plus - en chaîne,,,,,,,,,,,1,2,4,1.0,4
201300056519,0013-07-14 22:15:00,13,7,14,22,15,750,116,PORTE D AUTEUIL,,,Nuit avec éclairage allumé,En agglomération,Hors intersection,Normale,Deux véhicules - côté,,,,,,,,,,,5,2,1,1.0,3
201300056520,0013-07-15 08:35:00,13,7,15,8,35,750,114,PORTE D ORLEANS,,,Plein jour,En agglomération,Hors intersection,Normale,Deux véhicules - côté,,,,,,,,,,,1,2,1,1.0,3
201300056521,0013-07-15 10:00:00,13,7,15,10,0,750,119,PORTE DE LA VILLETTE,,,Plein jour,En agglomération,Hors intersection,Normale,Deux véhicules - côté,,,,,,,,,,,1,2,1,1.0,3
201300056522,0013-07-15 10:20:00,13,7,15,10,20,750,113,QUAI D IVRY,,,Plein jour,En agglomération,Hors intersection,Normale,Autre collision,,,,,,,,,,,1,2,1,1.0,6
201300056523,0013-07-15 18:20:00,13,7,15,18,20,750,112,ECHANGEUR BERCY,,,Plein jour,En agglomération,Hors intersection,Normale,Sans collision,,,,,,,,,,,1,2,1,1.0,7
201300056524,0013-07-15 19:30:00,13,7,15,19,30,750,116,PORTE DAUPHINE,,,Plein jour,En agglomération,Hors intersection,Normale,Deux véhicules - arrière,,,,,,,,,,,1,2,1,1.0,2
201300056525,0013-07-16 08:40:00,13,7,16,8,40,750,112,ECHANGEUR BERCY,,,Plein jour,En agglomération,Hors intersection,Normale,Trois véhicules et plus - en chaîne,,,,,,,,,,,1,2,1,1.0,4
201300056526,0013-07-16 16:10:00,13,7,16,16,10,750,120,PORTE DE BAGNOLET,,,Plein jour,En agglomération,Hors intersection,Normale,Deux véhicules - arrière,,,,,,,,,,,1,2,1,1.0,2
201300056527,0013-07-16 19:10:00,13,7,16,19,10,750,117,PORTE DE CLICHY,,,Plein jour,En agglomération,Hors intersection,Normale,Trois véhicules et plus - en chaîne,,,,,,,,,,,1,2,1,1.0,4
201300056528,0013-07-17 15:10:00,13,7,17,15,10,750,112,PORTE DOREE,,,Plein jour,En agglomération,Hors intersection,Normale,Deux véhicules - côté,,,,,,,,,,,1,2,1,1.0,3
201300056529,0013-07-18 14:30:00,13,7,18,14,30,750,118,PORTE DE CLIGNANCOURT,,,Plein jour,En agglomération,Hors intersection,Normale,Deux véhicules - arrière,,,,,,,,,,,1,2,1,1.0,2
201300056530,0013-07-18 19:00:00,13,7,18,19,0,750,113,PONT DE BERCY,,,Plein jour,En agglomération,Hors intersection,Normale,Deux véhicules - arrière,,,,,,,,,,,1,2,1,1.0,2
201300056531,0013-07-19 01:20:00,13,7,19,1,20,750,120,PORTE DE BAGNOLET,,,Nuit avec éclairage allumé,En agglomération,Hors intersection,Normale,Deux véhicules - arrière,,,,,,,,,,,5,2,1,1.0,2
201300056532,0013-07-19 08:10:00,13,7,19,8,10,750,117,ECHANGEUR SAINT OUEN,,,Plein jour,En agglomération,Hors intersection,Pluie légère,Autre collision,,,,,,,,,,,1,2,1,2.0,6
201300056533,0013-07-20 19:00:00,13,7,20,19,0,750,116,PORTE DAUPHINE,,,Plein jour,En agglomération,Hors intersection,Normale,Trois véhicules et plus - en chaîne,,,,,,,,,,,1,2,1,1.0,4
201300056534,0013-07-22 09:45:00,13,7,22,9,45,750,118,PORTE DE SAINT OUEN,,,Plein jour,En agglomération,Hors intersection,Normale,Deux véhicules - arrière,,,,,,,,,,,1,2,1,1.0,2
201300056535,0013-07-22 17:00:00,13,7,22,17,0,750,116,PORTE DE PASSY,,,Plein jour,En agglomération,Hors intersection,Normale,Deux véhicules - côté,,,,,,,,,,,1,2,1,1.0,3
201300056536,0013-07-22 18:45:00,13,7,22,18,45,750,119,PORTE DE LA VILLETTE,,,Plein jour,En agglomération,Hors intersection,Normale,Deux véhicules - arrière,,,,,,,,,,,1,2,1,1.0,2
201300056537,0013-07-24 07:45:00,13,7,24,7,45,750,116,PORT D AUTEUIL,,,Plein jour,En agglomération,Hors intersection,Normale,Trois véhicules et plus - en chaîne,,,,,,,,,,,1,2,1,1.0,4
201300056538,0013-07-24 12:30:00,13,7,24,12,30,750,118,PORTE DE LA CHAPELLE,,,Plein jour,En agglomération,Hors intersection,Normale,Deux véhicules - arrière,,,,,,,,,,,1,2,1,1.0,2
201300056539,0013-07-25 08:15:00,13,7,25,8,15,750,112,ECHANGEUR BERCY,,,Plein jour,En agglomération,Hors intersection,Normale,Trois véhicules et plus - en chaîne,,,,,,,,,,,1,2,1,1.0,4
201300056540,0013-07-26 08:20:00,13,7,26,8,20,750,120,ECHANGEUR BAGNOLET,,,Plein jour,En agglomération,Hors intersection,Pluie légère,Deux véhicules - arrière,,,,,,,,,,,1,2,1,2.0,2
201300056541,0013-07-28 18:30:00,13,7,28,18,30,750,119,PORTE D AUBERVILLIERS,,,Plein jour,En agglomération,Hors intersection,Normale,Deux véhicules - arrière,,,,,,,,,,,1,2,1,1.0,2
201300056542,0013-07-29 11:20:00,13,7,29,11,20,750,116,ECHANGEUR DAUPHINE,,,Plein jour,En agglomération,Hors intersection,Normale,Sans collision,,,,,,,,,,,1,2,1,1.0,7
201300056543,0013-07-30 13:55:00,13,7,30,13,55,750,116,PORTE DE PASSY,,,Plein jour,En agglomération,Hors intersection,Normale,Sans collision,,,,,,,,,,,1,2,1,1.0,7
201300056544,0013-07-31 09:00:00,13,7,31,9,0,750,118,ECHANGEUR CHAPELLE,,,Plein jour,En agglomération,Hors intersection,Normale,Deux véhicules - arrière,,,,,,,,,,,1,2,1,1.0,2
201300056545,0013-07-31 10:50:00,13,7,31,10,50,750,113,QUAI D IVRY,,,Plein jour,En agglomération,Hors intersection,Normale,Deux véhicules - arrière,,,,,,,,,,,1,2,1,1.0,2
201300056546,0013-08-01 08:50:00,13,8,1,8,50,750,116,PORTE D AUTEUIL,,,Plein jour,En agglomération,Hors intersection,Normale,Deux véhicules - côté,,,,,,,,,,,1,2,1,1.0,3
201300056547,0013-08-01 15:25:00,13,8,1,15,25,750,118,PORTE DE LA CHAPELLE,,,Plein jour,En agglomération,Hors intersection,Normale,Trois véhicules et plus - en chaîne,,,,,,,,,,,1,2,1,1.0,4
201300056548,0013-08-01 18:40:00,13,8,1,18,40,750,120,PORTE DE BAGNOLET,,,Plein jour,En agglomération,Hors intersection,Normale,Autre collision,,,,,,,,,,,1,2,1,1.0,6
201300056549,0013-08-01 18:40:00,13,8,1,18,40,750,116,ECHANGEUR MAILLOT,,,Plein jour,En agglomération,Hors intersection,Normale,Trois véhicules et plus - en chaîne,,,,,,,,,,,1,2,1,1.0,4
201300056550,0013-08-02 08:45:00,13,8,2,8,45,750,119,PORTE D AUBERVILLIERS,,,Plein jour,En agglomération,Hors intersection,Normale,Trois véhicules et plus - en chaîne,,,,,,,,,,,1,2,1,1.0,4
201300056551,0013-08-03 20:00:00,13,8,3,20,0,750,118,PORTE DE LA CHAPELLE,,,Plein jour,En agglomération,Intersection en Y,Normale,Sans collision,,,,,,,,,,,1,2,4,1.0,7
201300056552,0013-08-04 12:50:00,13,8,4,12,50,750,119,PORTE DE PANTIN,,,Plein jour,En agglomération,Intersection en Y,Normale,Deux véhicules - arrière,,,,,,,,,,,1,2,4,1.0,2