accident_id,datetime,annee,mois,jour,heure,minute,departement,commune_insee,adresse,latitude,longitude,luminosite,agglomeration,intersection,meteo,collision,nb_vehicules,nb_usagers,nb_indemnes,nb_tues,nb_blesses_hosp,nb_blesses_legers,age_cond_1,age_cond_2,veh_type_cond_1,veh_type_cond_2,lum_code,agg_code,int_code,atm_code,col_code
201300056553,0013-08-05 13:35:00,13,8,5,13,35,750,119,PORTE D AUBERVILLIERS,,,Plein jour,En agglomération,Hors intersection,Normale,Trois véhicules et plus - en chaîne,,,,,,,,,,,1,2,1,1.0,4
201300056554,0013-08-06 17:40:00,13,8,6,17,40,750,115,PORTE DE SEVRES,,,Plein jour,En agglomération,Hors intersection,Normale,Deux véhicules - côté,,,,,,,,,,,1,2,1,1.0,3
201300056555,0013-08-06 16:35:00,13,8,6,16,35,750,118,PORTE DE CLIGNANCOURT,,,Plein jour,En agglomération,Hors intersection,Normale,Trois véhicules et plus - en chaîne,,,,,,,,,,,1,2,1,1.0,4
201300056556,0013-08-07 15:25:00,13,8,7,15,25,750,120,PORTE DE MONTREUIL,,,Plein jour,En agglomération,Intersection en Y,Normale,Deux véhicules - côté,,,,,,,,,,,1,2,4,1.0,3
201300056557,0013-08-08 06:45:00,13,8,8,6,45,750,116,ECHANGEUR MUETTE,,,Crépuscule ou aube,En agglomération,Hors intersection,Normale,Deux véhicules - côté,,,,,,,,,,,2,2,1,1.0,3
201300056558,0013-08-08 13:20:00,13,8,8,13,20,750,118,PORTE DE LA CHAPELLE,,,Plein jour,En agglomération,Hors intersection,Normale,Sans collision,,,,,,,,,,,1,2,1,1.0,7
201300056559,0013-08-08 18:55:00,13,8,8,18,55,750,117,PORTE DE SAINT OUEN,,,Plein jour,En agglomération,Hors intersection,Normale,Deux véhicules - côté,,,,,,,,,,,1,2,1,1.0,3
201300056560,0013-08-08 16:55:00,13,8,8,16,55,750,116,ECHANGEUR MUETTE,,,Plein jour,En agglomération,Hors intersection,Normale,Autre collision,,,,,,,,,,,1,2,1,1.0,6
201300056561,0013-08-09 18:15:00,13,8,9,18,15,750,115,PORTE DE SEVRES,,,Plein jour,En agglomération,Hors intersection,Normale,Deux véhicules - arrière,,,,,,,,,,,1,2,1,1.0,2
201300056562,0013-08-12 18:00:00,13,8,12,18,0,750,117,PORTE DE SAINT OUEN,,,Plein jour,En agglomération,Hors intersection,Normale,Trois véhicules et plus - en chaîne,,,,,,,,,,,1,2,1,1.0,4
201300056563,0013-08-13 15:25:00,13,8,13,15,25,750,120,PORTE DE MONTREUIL,,,Plein jour,En agglomération,Hors intersection,Normale,Trois véhicules et plus - en chaîne,,,,,,,,,,,1,2,1,1.0,4
201300056564,0013-08-15 13:15:00,13,8,15,13,15,750,118,PORTE DE LA CHAPELLE,,,Plein jour,En agglomération,Hors intersection,Normale,Autre collision,,,,,,,,,,,1,2,1,1.0,6
201300056565,0013-08-15 21:50:00,13,8,15,21,50,750,120,PORTE DE BAGNOLET,,,Crépuscule ou aube,En agglomération,Hors intersection,Normale,Trois véhicules et plus - en chaîne,,,,,,,,,,,2,2,1,1.0,4
201300056566,0013-08-16 21:00:00,13,8,16,21,0,750,114,PORTE DE CHATILLON,,,Nuit avec éclairage allumé,Hors agglomération,Intersection en Y,Normale,Autre collision,,,,,,,,,,,5,1,4,1.0,6
201300056567,0013-08-16 21:00:00,13,8,16,21,0,750,119,PORTE DE PANTIN,,,Nuit avec éclairage allumé,En agglomération,Hors intersection,Normale,Sans collision,,,,,,,,,,,5,2,1,1.0,7
201300056568,0013-08-17 10:15:00,13,8,17,10,15,750,118,PORTE D AUBERVILLIERS,,,Plein jour,En agglomération,Intersection en Y,Normale,Autre collision,,,,,,,,,,,1,2,4,1.0,6
201300056569,0013-08-20 11:50:00,13,8,20,11,50,750,119,PORTE DE LA VILLETTE,,,Plein jour,En agglomération,Hors intersection,Normale,Deux véhicules - côté,,,,,,,,,,,1,2,1,1.0,3
201300056570,0013-08-20 18:55:00,13,8,20,18,55,750,118,PORTE DE LA CHAPELLE,,,Crépuscule ou aube,En agglomération,Hors intersection,Normale,Deux véhicules - arrière,,,,,,,,,,,2,2,1,1.0,2
201300056571,0013-08-21 18:00:00,13,8,21,18,0,750,117,PORTE DE CHAMPERRET,,,Plein jour,En agglomération,Hors intersection,Normale,Deux véhicules - arrière,,,,,,,,,,,1,2,1,1.0,2
201300056572,0013-08-22 06:20:00,13,8,22,6,20,750,118,PORTE DE SAINT OUEN,,,Plein jour,En agglomération,Hors intersection,Normale,Trois véhicules et plus - en chaîne,,,,,,,,,,,1,2,1,1.0,4
201300056573,0013-08-23 09:15:00,13,8,23,9,15,750,117,ECHANGEUR MAILLOT,,,Plein jour,En agglomération,Hors intersection,Normale,Trois véhicules et plus - en chaîne,,,,,,,,,,,1,2,1,1.0,4
201300056574,0013-08-23 16:00:00,13,8,23,16,0,750,112,PORTE DE SAINT MANDE,,,Plein jour,En agglomération,Hors intersection,Normale,Trois véhicules et plus - en chaîne,,,,,,,,,,,1,2,1,1.0,4
201300056575,0013-08-23 22:25:00,13,8,23,22,25,750,114,PORTE D ORLEANS,,,Nuit avec éclairage allumé,En agglomération,Intersection en Y,Normale,Trois véhicules et plus - en chaîne,,,,,,,,,,,5,2,4,1.0,4
201300056576,0013-08-26 06:30:00,13,8,26,6,30,750,119,PORTE DE LA VILLETTE,,,Nuit avec éclairage allumé,En agglomération,Hors intersection,Normale,Sans collision,,,,,,,,,,,5,2,1,1.0,7
201300056577,0013-08-26 09:50:00,13,8,26,9,50,750,119,PORTE DE PANTIN,,,Plein jour,En agglomération,Hors intersection,Normale,Sans collision,,,,,,,,,,,1,2,1,1.0,7
201300056578,0013-08-26 10:40:00,13,8,26,10,40,750,120,PORTE DE MONTREUIL,,,Plein jour,En agglomération,Hors intersection,Normale,Trois véhicules et plus - collisions multiples,,,,,,,,,,,1,2,1,1.0,5
201300056579,0013-08-28 17:15:00,13,8,28,17,15,750,114,PORTE DE GENTILLY,,,Plein jour,En agglomération,Hors intersection,Normale,Deux véhicules - côté,,,,,,,,,,,1,2,1,1.0,3
201300056580,0013-08-29 09:02:00,13,8,29,9,2,750,116,PORTE DAUPHINE,,,Plein jour,En agglomération,Hors intersection,Normale,Trois véhicules et plus - en chaîne,,,,,,,,,,,1,2,1,1.0,4
201300056581,0013-08-30 19:45:00,13,8,30,19,45,750,113,QUAI D IVRY,,,Plein jour,En agglomération,Hors intersection,Normale,Trois véhicules et plus - en chaîne,,,,,,,,,,,1,2,1,1.0,4
201300056582,0013-08-31 11:45:00,13,8,31,11,45,750,114,PORTE DE CHATILLON,,,Plein jour,En agglomération,Hors intersection,Normale,Deux véhicules - côté,,,,,,,,,,,1,2,1,1.0,3
201300056583,0013-08-31 11:40:00,13,8,31,11,40,750,115,PORTE DE LA PLAINE,,,Plein jour,En agglomération,Hors intersection,Normale,Trois véhicules et plus - en chaîne,,,,,,,,,,,1,2,1,1.0,4
201300056584,0013-08-31 12:45:00,13,8,31,12,45,750,117,PORTE DE SAINT OUEN,,,Plein jour,En agglomération,Hors intersection,Normale,Deux véhicules - arrière,,,,,,,,,,,1,2,1,1.0,2
201300056585,0013-08-31 17:40:00,13,8,31,17,40,750,120,PORTE DES LILAS,,,Plein jour,En agglomération,Hors intersection,Normale,Deux véhicules - arrière,,,,,,,,,,,1,2,1,1.0,2
201300056586,0013-09-01 01:10:00,13,9,1,1,10,750,117,PORTE MAILLOT,,,Nuit avec éclairage allumé,En agglomération,Hors intersection,Normale,Autre collision,,,,,,,,,,,5,2,1,1.0,6
201300056587,0013-09-01 06:30:00,13,9,1,6,30,750,114,PORTE D ORLEANS,,,Nuit avec éclairage allumé,En agglomération,Hors intersection,Normale,Sans collision,,,,,,,,,,,5,2,1,1.0,7
201300056588,0013-09-01 16:55:00,13,9,1,16,55,750,116,PORTE DE PASSY,,,Plein jour,En agglomération,Hors intersection,Normale,Trois véhicules et plus - en chaîne,,,,,,,,,,,1,2,1,1.0,4
201300056589,0013-09-01 19:45:00,13,9,1,19,45,750,118,PORTE DE CLIGNANCOURT,,,Plein jour,En agglomération,Hors intersection,Normale,Deux véhicules - arrière,,,,,,,,,,,1,2,1,1.0,2
201300056590,0013-09-02 08:45:00,13,9,2,8,45,750,116,PORTE DE SAINT CLOUD,,,Plein jour,En agglomération,Hors intersection,Normale,Sans collision,,,,,,,,,,,1,2,1,1.0,7
201300056591,0013-09-02 09:00:00,13,9,2,9,0,750,119,PORTE DE PANTIN,,,Plein jour,En agglomération,Hors intersection,Normale,Autre collision,,,,,,,,,,,1,2,1,1.0,6
201300056592,0013-09-02 14:05:00,13,9,2,14,5,750,113,PORTE D ITALIE,,,Plein jour,En agglomération,Hors intersection,Normale,Deux véhicules - côté,,,,,,,,,,,1,2,1,1.0,3
201300056593,0013-09-02 14:50:00,13,9,2,14,50,750,116,PORTE D AUTEUIL,,,Plein jour,En agglomération,Intersection en Y,Normale,Deux véhicules - arrière,,,,,,,,,,,1,2,4,1.0,2
201300056594,0013-09-03 12:30:00,13,9,3,12,30,750,117,PORTE DE CLICHY,,,Plein jour,En agglomération,Hors intersection,Normale,Deux véhicules - côté,,,,,,,,,,,1,2,1,1.0,3
201300056595,0013-09-04 08:45:00,13,9,4,8,45,750,119,PORTE D AUBERVILLIERS,,,Plein jour,En agglomération,Hors intersection,Normale,Trois véhicules et plus - en chaîne,,,,,,,,,,,1,2,1,1.0,4
201300056596,0013-09-04 08:45:00,13,9,4,8,45,750,114,PORTE D ORLEANS,,,Plein jour,En agglomération,Hors intersection,Normale,Deux véhicules - arrière,,,,,,,,,,,1,2,1,1.0,2
201300056597,0013-09-04 14:40:00,13,9,4,14,40,750,119,PORTE DU PRE SAINT GERVA,,,Plein jour,En agglomération,Hors intersection,Normale,Autre collision,,,,,,,,,,,1,2,1,1.0,6
201300056598,0013-09-04 14:40:00,13,9,4,14,40,750,113,PORTE D ITALIE,,,Plein jour,En agglomération,Hors intersection,Normale,Deux véhicules - côté,,,,,,,,,,,1,2,1,1.0,3
201300056599,0013-09-04 20:20:00,13,9,4,20,20,750,113,PORTE D ITALIE,,,Plein jour,En agglomération,Hors intersection,Normale,Deux véhicules - arrière,,,,,,,,,,,1,2,1,1.0,2
201300056600,0013-09-04 21:45:00,13,9,4,21,45,750,114,ECHANGEUR CHATILLON,,,Nuit avec éclairage non allumé,En agglomération,Hors intersection,Normale,Trois véhicules et plus - en chaîne,,,,,,,,,,,4,2,1,1.0,4
201300056601,0013-09-05 16:00:00,13,9,5,16,0,750,112,ECHANGEUR BERCY,,,Plein jour,En agglomération,Hors intersection,Normale,Sans collision,,,,,,,,,,,1,2,1,1.0,7
201300056602,0013-09-05 18:15:00,13,9,5,18,15,750,113,PORTE D IVRY,,,Plein jour,En agglomération,Hors intersection,Normale,Deux véhicules - arrière,,,,,,,,,,,1,2,1,1.0,2
201300056603,0013-09-06 09:50:00,13,9,6,9,50,750,113,PORTE D ITALIE,,,Plein jour,En agglomération,Hors intersection,Pluie forte,Sans collision,,,,,,,,,,,1,2,1,3.0,7
201300056604,0013-09-08 06:15:00,13,9,8,6,15,750,119,PORTE DE PANTIN,,,Crépuscule ou aube,En agglomération,Hors intersection,Normale,Autre collision,,,,,,,,,,,2,2,1,1.0,6
201300056605,0013-09-09 11:05:00,13,9,9,11,5,750,117,PORTE DE SAINT OUEN,,,Plein jour,En agglomération,Hors intersection,Normale,Deux véhicules - arrière,,,,,,,,,,,1,2,1,1.0,2
201300056606,0013-09-10 08:50:00,13,9,10,8,50,750,113,QUAI D IVRY,,,Plein jour,En agglomération,Hors intersection,Normale,Deux véhicules - arrière,,,,,,,,,,,1,2,1,1.0,2
201300056607,0013-09-10 09:00:00,13,9,10,9,0,750,116,PORTE DE SAINT CLOUD,,,Plein jour,En agglomération,Hors intersection,Normale,Deux véhicules - côté,,,,,,,,,,,1,2,1,1.0,3
201300056608,0013-09-10 17:10:00,13,9,10,17,10,750,116,PORTE DAUPHINE,,,Plein jour,Hors agglomération,Hors intersection,Normale,Trois véhicules et plus - en chaîne,,,,,,,,,,,1,1,1,1.0,4
201300056609,0013-09-12 17:30:00,13,9,12,17,30,750,114,PORTE DE GENTILLY,,,Plein jour,En agglomération,Hors intersection,Normale,Deux véhicules - côté,,,,,,,,,,,1,2,1,1.0,3
201300056610,0013-09-13 00:25:00,13,9,13,0,25,750,120,BOULEVARD PERIPHERIQUE E,,,Nuit avec éclairage allumé,En agglomération,Hors intersection,Normale,Trois véhicules et plus - en chaîne,,,,,,,,,,,5,2,1,1.0,4
201300056611,0013-09-13 13:55:00,13,9,13,13,55,750,116,PORTE DAUPHINE,,,Plein jour,En agglomération,Hors intersection,Normale,Deux véhicules - côté,,,,,,,,,,,1,2,1,1.0,3
201300056612,0013-09-13 17:20:00,13,9,13,17,20,750,113,QUAI D IVRY,,,Plein jour,En agglomération,Hors intersection,Normale,Deux véhicules - côté,,,,,,,,,,,1,2,1,1.0,3
201300056613,0013-09-13 17:20:00,13,9,13,17,20,750,116,ECHANGEUR SAINT CLOUD,,,Plein jour,En agglomération,Hors intersection,Normale,Deux véhicules - côté,,,,,,,,,,,1,2,1,1.0,3
201300056614,0013-09-14 21:10:00,13,9,14,21,10,750,117,PORTE DE CLICHY,,,Nuit avec éclairage allumé,En agglomération,Hors intersection,Pluie légère,Autre collision,,,,,,,,,,,5,2,1,2.0,6
201300056615,0013-09-14 22:10:00,13,9,14,22,10,750,120,PORTE DE BAGNOLET,,,Nuit avec éclairage allumé,En agglomération,Hors intersection,Pluie forte,Deux véhicules - arrière,,,,,,,,,,,5,2,1,3.0,2
201300056616,0013-09-16 15:10:00,13,9,16,15,10,750,117,PORTE DE CHAMPERRET,,,Plein jour,En agglomération,Hors intersection,Normale,Deux véhicules - côté,,,,,,,,,,,1,2,1,1.0,3
201300056617,0013-09-16 15:15:00,13,9,16,15,15,750,115,PORTE BRANCION,,,Plein jour,En agglomération,Hors intersection,Normale,Trois véhicules et plus - en chaîne,,,,,,,,,,,1,2,1,1.0,4
201300056618,0013-09-16 16:45:00,13,9,16,16,45,750,118,PORTE DE CLIGNANCOURT,,,Plein jour,En agglomération,Hors intersection,Normale,Deux véhicules - arrière,,,,,,,,,,,1,2,1,1.0,2
201300056619,0013-09-17 10:45:00,13,9,17,10,45,750,116,PORTE DE PASSY,,,Plein jour,En agglomération,Intersection en Y,Normale,Trois véhicules et plus - collisions multiples,,,,,,,,,,,1,2,4,1.0,5
201300056620,0013-09-17 14:00:00,13,9,17,14,0,750,113,QUAI D IVRY,,,Plein jour,En agglomération,Hors intersection,Normale,Trois véhicules et plus - en chaîne,,,,,,,,,,,1,2,1,1.0,4
201300056621,0013-09-18 07:45:00,13,9,18,7,45,750,112,PORTE DE CHARENTON,,,Plein jour,En agglomération,Hors intersection,Normale,Deux véhicules - arrière,,,,,,,,,,,1,2,1,1.0,2
201300056622,0013-09-18 09:30:00,13,9,18,9,30,750,116,ECHANGEUR MUETTE,,,Plein jour,En agglomération,Hors intersection,Normale,Deux véhicules - arrière,,,,,,,,,,,1,2,1,1.0,2
201300056623,0013-09-19 13:15:00,13,9,19,13,15,750,120,PORTE DE MONTREUIL,,,Plein jour,En agglomération,Hors intersection,Normale,Deux véhicules - côté,,,,,,,,,,,1,2,1,1.0,3
201300056624,0013-09-19 16:15:00,13,9,19,16,15,750,114,PORTE DE VANVES,,,Plein jour,En agglomération,Hors intersection,Normale,Deux véhicules - arrière,,,,,,,,,,,1,2,1,1.0,2
201300056625,0013-09-20 08:15:00,13,9,20,8,15,750,120,PORTE DE MONTREUIL,,,Plein jour,En agglomération,Hors intersection,Normale,Autre collision,,,,,,,,,,,1,2,1,1.0,6
201300056626,0013-09-20 15:40:00,13,9,20,15,40,750,117,PORTE MAILLOT,,,Plein jour,En agglomération,Hors intersection,Normale,Deux véhicules - arrière,,,,,,,,,,,1,2,1,1.0,2
201300056627,0013-09-20 14:00:00,13,9,20,14,0,750,115,PORTE DE SEVRES,,,Plein jour,En agglomération,Hors intersection,Normale,Deux véhicules - côté,,,,,,,,,,,1,2,1,1.0,3
201300056628,0013-09-21 15:30:00,13,9,21,15,30,750,116,ECHANGEUR MUETTE,,,Plein jour,En agglomération,Hors intersection,Normale,Deux véhicules - arrière,,,,,,,,,,,1,2,1,1.0,2
201300056629,0013-09-21 14:50:00,13,9,21,14,50,750,117,ECHANGEUR SAINT OUEN,,,Plein jour,En agglomération,Hors intersection,Normale,Deux véhicules - arrière,,,,,,,,,,,1,2,1,1.0,2
201300056630,0013-09-23 08:10:00,13,9,23,8,10,750,115,PORTE DE SEVRES,,,Plein jour,En agglomération,Intersection en Y,Normale,Trois véhicules et plus - en chaîne,,,,,,,,,,,1,2,4,1.0,4
201300056631,0013-09-23 20:10:00,13,9,23,20,10,750,120,PORTE DE BAGNOLET,,,Nuit avec éclairage allumé,En agglomération,Hors intersection,Normale,Deux véhicules - arrière,,,,,,,,,,,5,2,1,1.0,2
201300056632,0013-09-24 00:20:00,13,9,24,0,20,750,112,BOULEVARD PERIPHERIQUE I,,,Nuit avec éclairage allumé,En agglomération,Hors intersection,Normale,Autre collision,,,,,,,,,,,5,2,1,1.0,6
201300056633,0013-09-24 08:50:00,13,9,24,8,50,750,117,PORTE DE CHAMPERRET,,,Plein jour,En agglomération,Hors intersection,Normale,Sans collision,,,,,,,,,,,1,2,1,1.0,7
201300056634,0013-09-25 07:45:00,13,9,25,7,45,750,120,PORTE DE VINCENNES,,,Plein jour,En agglomération,Hors intersection,Normale,Deux véhicules - côté,,,,,,,,,,,1,2,1,1.0,3
201300056635,0013-09-25 12:30:00,13,9,25,12,30,750,120,PORTE DE BAGNOLET,,,Plein jour,En agglomération,Hors intersection,Normale,Deux véhicules - arrière,,,,,,,,,,,1,2,1,1.0,2
201300056636,0013-09-25 14:10:00,13,9,25,14,10,750,114,PORTE DE GENTILLY,,,Plein jour,En agglomération,Hors intersection,Normale,Deux véhicules - arrière,,,,,,,,,,,1,2,1,1.0,2
201300056637,0013-09-25 14:20:00,13,9,25,14,20,750,118,ECHANGEUR AUBERVILLIERS,,,Plein jour,En agglomération,Intersection en X,Normale,Deux véhicules - arrière,,,,,,,,,,,1,2,2,1.0,2
201300056638,0013-09-25 15:05:00,13,9,25,15,5,750,118,PORTE DE CLIGNANCOURT,,,Plein jour,En agglomération,Hors intersection,Normale,Trois véhicules et plus - en chaîne,,,,,,,,,,,1,2,1,1.0,4
201300056639,0013-09-25 18:25:00,13,9,25,18,25,750,112,ECHANGEUR BERCY,,,Plein jour,En agglomération,Hors intersection,Normale,Deux véhicules - arrière,,,,,,,,,,,1,2,1,1.0,2
201300056640,0013-09-26 21:10:00,13,9,26,21,10,750,120,PORTE DES LILAS,,,Nuit avec éclairage allumé,En agglomération,Intersection en Y,Normale,Deux véhicules - arrière,,,,,,,,,,,5,2,4,1.0,2
201300056641,0013-09-27 17:40:00,13,9,27,17,40,750,114,PORTE DE CHATILLON,,,Plein jour,En agglomération,Hors intersection,Normale,Deux véhicules - côté,,,,,,,,,,,1,2,1,1.0,3
201300056642,0013-09-28 01:55:00,13,9,28,1,55,750,120,PORTE DE BAGNOLET,,,Nuit sans éclairage public,En agglomération,Hors intersection,Normale,Deux véhicules - arrière,,,,,,,,,,,3,2,1,1.0,2
201300056643,0013-09-29 13:15:00,13,9,29,13,15,750,112,ECHANGEUR BERCY,,,Plein jour,En agglomération,Intersection en Y,Normale,Deux véhicules - arrière,,,,,,,,,,,1,2,4,1.0,2
201300056644,0013-09-29 18:35:00,13,9,29,18,35,750,112,PORTE DE CHARENTON,,,Nuit avec éclairage non allumé,En agglomération,Hors intersection,Pluie légère,Trois véhicules et plus - en chaîne,,,,,,,,,,,4,2,1,2.0,4
201300056645,0013-09-30 08:15:00,13,9,30,8,15,750,115,PORTE DE SEVRES,,,Plein jour,En agglomération,Hors intersection,Normale,Deux véhicules - côté,,,,,,,,,,,1,2,1,1.0,3
201300056646,0013-09-30 09:30:00,13,9,30,9,30,750,114,PORTE DE VANVES,,,Plein jour,En agglomération,Hors intersection,Normale,Deux véhicules - arrière,,,,,,,,,,,1,2,1,1.0,2
201300056647,0013-09-30 07:20:00,13,9,30,7,20,750,116,PORTE DE SAINT CLOUD,,,Plein jour,En agglomération,Hors intersection,Normale,Deux véhicules - arrière,,,,,,,,,,,1,2,1,1.0,2
201300056648,0013-09-30 18:00:00,13,9,30,18,0,750,120,PORTE DE VINCENNES,,,Plein jour,En agglomération,Intersection en Y,Normale,Trois véhicules et plus - en chaîne,,,,,,,,,,,1,2,4,1.0,4
201300056649,0013-10-01 18:00:00,13,10,1,18,0,750,116,PORTE DAUPHINE,,,Plein jour,En agglomération,Hors intersection,Normale,Deux véhicules - arrière,,,,,,,,,,,1,2,1,1.0,2
201300056650,0013-10-02 17:25:00,13,10,2,17,25,750,113,QUAI D IVRY,,,Plein jour,En agglomération,Hors intersection,Normale,Deux véhicules - côté,,,,,,,,,,,1,2,1,1.0,3
201300056651,0013-10-03 08:05:00,13,10,3,8,5,750,116,PORTE D AUTEUIL,,,Plein jour,En agglomération,Hors intersection,Normale,Trois véhicules et plus - collisions multiples,,,,,,,,,,,1,2,1,1.0,5
201300056652,0013-10-03 13:45:00,13,10,3,13,45,750,112,ECHANGEUR BERCY,,,Plein jour,En agglomération,Hors intersection,Normale,Deux véhicules - arrière,,,,,,,,,,,1,2,1,1.0,2
201300056653,0013-10-04 10:10:00,13,10,4,10,10,750,114,PORTE DE VANVES,,,Plein jour,En agglomération,Hors intersection,Normale,Trois véhicules et plus - en chaîne,,,,,,,,,,,1,2,1,1.0,4
201300056654,0013-10-04 13:45:00,13,10,4,13,45,750,117,PORTE DE CHAMPERRET,,,Plein jour,En agglomération,Hors intersection,Normale,Trois véhicules et plus - en chaîne,,,,,,,,,,,1,2,1,1.0,4
201300056655,0013-10-06 12:55:00,13,10,6,12,55,750,113,PORTE D ITALIE,,,Plein jour,En agglomération,Intersection en Y,Normale,Deux véhicules - côté,,,,,,,,,,,1,2,4,1.0,3
201300056656,0013-10-06 16:00:00,13,10,6,16,0,750,116,PORTE DE PASSY,,,Plein jour,En agglomération,Hors intersection,Normale,Deux véhicules - arrière,,,,,,,,,,,1,2,1,1.0,2
201300056657,0013-10-07 19:30:00,13,10,7,19,30,750,120,ECHANGEUR BAGNOLET,,,Nuit avec éclairage allumé,En agglomération,Hors intersection,Normale,Trois véhicules et plus - en chaîne,,,,,,,,,,,5,2,1,1.0,4
201300056658,0013-10-08 08:55:00,13,10,8,8,55,750,117,PORTE DE CHAMPERRET,,,Plein jour,En agglomération,Hors intersection,Normale,Deux véhicules - côté,,,,,,,,,,,1,2,1,1.0,3
201300056659,0013-10-08 19:30:00,13,10,8,19,30,750,114,PORTE DE GENTILLY,,,Nuit avec éclairage allumé,En agglomération,Hors intersection,Normale,Deux véhicules - côté,,,,,,,,,,,5,2,1,1.0,3
201300056660,0013-10-08 13:00:00,13,10,8,13,0,750,117,ECHANGEUR MAILLOT,,,Plein jour,En agglomération,Hors intersection,Normale,Sans collision,,,,,,,,,,,1,2,1,1.0,7
201300056661,0013-10-09 18:20:00,13,10,9,18,20,750,115,PORTE DE SEVRES,,,Crépuscule ou aube,En agglomération,Hors intersection,Pluie légère,Trois véhicules et plus - en chaîne,,,,,,,,,,,2,2,1,2.0,4
201300056662,0013-10-09 23:32:00,13,10,9,23,32,750,116,BOULEVARD PERIPHERIQUE E,,,Nuit avec éclairage allumé,En agglomération,Hors intersection,Normale,Deux véhicules - arrière,,,,,,,,,,,5,2,1,1.0,2
201300056663,0013-10-10 08:00:00,13,10,10,8,0,750,116,ECHANGEUR MAILLOT,,,Plein jour,En agglomération,Intersection en Y,Normale,Deux véhicules - côté,,,,,,,,,,,1,2,4,1.0,3
201300056664,0013-10-11 18:36:00,13,10,11,18,36,750,116,ECHANGEUR MAILLOT,,,Crépuscule ou aube,En agglomération,Hors intersection,Pluie légère,Autre collision,,,,,,,,,,,2,2,1,2.0,6
201300056665,0013-10-13 06:15:00,13,10,13,6,15,750,112,ECHANGEUR BERCY,,,Nuit avec éclairage allumé,En agglomération,Intersection en Y,Normale,Autre collision,,,,,,,,,,,5,2,4,1.0,6
201300056666,0013-10-14 13:50:00,13,10,14,13,50,750,115,QUAI D ISSY LES MOULINEA,,,Plein jour,En agglomération,Hors intersection,Normale,Deux véhicules - côté,,,,,,,,,,,1,2,1,1.0,3
201300056667,0013-10-14 15:50:00,13,10,14,15,50,750,118,PORTE DE LA CHAPELLE,,,Plein jour,En agglomération,Hors intersection,Normale,Deux véhicules - arrière,,,,,,,,,,,1,2,1,1.0,2
201300056668,0013-10-14 21:00:00,13,10,14,21,0,750,115,PORTE DE LA PLAINE,,,Nuit avec éclairage non allumé,En agglomération,Intersection en Y,Normale,Autre collision,,,,,,,,,,,4,2,4,1.0,6
201300056669,0013-10-16 16:50:00,13,10,16,16,50,750,119,PORTE DE PANTIN,,,Plein jour,En agglomération,Hors intersection,Pluie légère,Autre collision,,,,,,,,,,,1,2,1,2.0,6
201300056670,0013-10-16 18:30:00,13,10,16,18,30,750,116,ECHANGEUR MUETTE,,,Plein jour,En agglomération,Hors intersection,Pluie légère,Sans collision,,,,,,,,,,,1,2,1,2.0,7
201300056671,0013-10-16 19:40:00,13,10,16,19,40,750,114,PORTE DE GENTILLY,,,Nuit avec éclairage allumé,En agglomération,Hors intersection,Pluie légère,Deux véhicules - arrière,,,,,,,,,,,5,2,1,2.0,2
201300056672,0013-10-17 02:15:00,13,10,17,2,15,750,116,PORTE DAUPHINE,,,Nuit avec éclairage allumé,En agglomération,Hors intersection,Normale,Deux véhicules - arrière,,,,,,,,,,,5,2,1,1.0,2
201300056673,0013-10-17 16:10:00,13,10,17,16,10,750,115,PORTE DE LA PLAINE,,,Plein jour,En agglomération,Hors intersection,Normale,Autre collision,,,,,,,,,,,1,2,1,1.0,6
201300056674,0013-10-18 08:50:00,13,10,18,8,50,750,120,PORTE DE MONTREUIL,,,Plein jour,En agglomération,Hors intersection,Brouillard / fumée,Deux véhicules - arrière,,,,,,,,,,,1,2,1,5.0,2
201300056675,0013-10-18 18:10:00,13,10,18,18,10,750,117,PORTE DE CHAMPERRET,,,Nuit avec éclairage allumé,En agglomération,Hors intersection,Normale,Trois véhicules et plus - en chaîne,,,,,,,,,,,5,2,1,1.0,4
201300056676,0013-10-19 18:55:00,13,10,19,18,55,750,116,ECHANGEUR MUETTE,,,Crépuscule ou aube,En agglomération,Hors intersection,Normale,Trois véhicules et plus - en chaîne,,,,,,,,,,,2,2,1,1.0,4
201300056677,0013-10-20 09:15:00,13,10,20,9,15,750,120,ECHANGEUR BAGNOLET,,,Plein jour,En agglomération,Hors intersection,Pluie légère,Autre collision,,,,,,,,,,,1,2,1,2.0,6
201300056678,0013-10-20 10:50:00,13,10,20,10,50,750,117,ECHANGEUR MAILLOT,,,Plein jour,En agglomération,Hors intersection,Pluie légère,Autre collision,,,,,,,,,,,1,2,1,2.0,6
201300056679,0013-10-20 18:50:00,13,10,20,18,50,750,116,PORTE DAUPHINE,,,Nuit avec éclairage allumé,En agglomération,Hors intersection,Pluie légère,Deux véhicules - côté,,,,,,,,,,,5,2,1,2.0,3
201300056680,0013-10-21 15:30:00,13,10,21,15,30,750,116,PORTE DAUPHINE,,,Plein jour,En agglomération,Hors intersection,Normale,Deux véhicules - côté,,,,,,,,,,,1,2,1,1.0,3
201300056681,0013-10-22 06:10:00,13,10,22,6,10,750,120,PORTE DE BAGNOLET,,,Nuit avec éclairage allumé,En agglomération,Intersection en Y,Normale,Deux véhicules - arrière,,,,,,,,,,,5,2,4,1.0,2
201300056682,0013-10-23 14:30:00,13,10,23,14,30,750,116,PORTE D AUTEUIL,,,Nuit avec éclairage allumé,En agglomération,Hors intersection,Normale,Deux véhicules - arrière,,,,,,,,,,,5,2,1,1.0,2