accident_id,datetime,annee,mois,jour,heure,minute,departement,commune_insee,adresse,latitude,longitude,luminosite,agglomeration,intersection,meteo,collision,nb_vehicules,nb_usagers,nb_indemnes,nb_tues,nb_blesses_hosp,nb_blesses_legers,age_cond_1,age_cond_2,veh_type_cond_1,veh_type_cond_2,lum_code,agg_code,int_code,atm_code,col_code
201300056683,0013-10-24 10:00:00,13,10,24,10,0,750,115,PORTE DE SEVRES,,,Plein jour,En agglomération,Hors intersection,Normale,Deux véhicules - côté,,,,,,,,,,,1,2,1,1.0,3
201300056684,0013-10-24 22:50:00,13,10,24,22,50,750,116,PORTE DE PASSY,,,Nuit avec éclairage allumé,En agglomération,Hors intersection,Normale,Deux véhicules - côté,,,,,,,,,,,5,2,1,1.0,3
201300056685,0013-10-25 14:50:00,13,10,25,14,50,750,116,PORTE D AUTEUIL,,,Plein jour,En agglomération,Hors intersection,Normale,Trois véhicules et plus - en chaîne,,,,,,,,,,,1,2,1,1.0,4
201300056686,0013-10-25 19:00:00,13,10,25,19,0,750,113,QUAI D IVRY,,,Nuit avec éclairage allumé,En agglomération,Hors intersection,Normale,Deux véhicules - arrière,,,,,,,,,,,5,2,1,1.0,2
201300056687,0013-10-26 19:45:00,13,10,26,19,45,750,120,PORTE DE BAGNOLET,,,Nuit avec éclairage allumé,En agglomération,Hors intersection,Normale,Deux véhicules - arrière,,,,,,,,,,,5,2,1,1.0,2
201300056688,0013-10-27 14:30:00,13,10,27,14,30,750,116,PORTE DE PASSY,,,Plein jour,En agglomération,Hors intersection,Normale,Trois véhicules et plus - en chaîne,,,,,,,,,,,1,2,1,1.0,4
201300056689,0013-10-28 01:30:00,13,10,28,1,30,750,120,BOULEVARD PERIPHERIQUE E,,,Nuit avec éclairage allumé,En agglomération,Hors intersection,Pluie légère,Sans collision,,,,,,,,,,,5,2,1,2.0,7
201300056690,0013-10-28 09:05:00,13,10,28,9,5,750,117,PORTE MAILLOT,,,Plein jour,En agglomération,Hors intersection,Pluie légère,Deux véhicules - arrière,,,,,,,,,,,1,2,1,2.0,2
201300056691,0013-10-28 10:25:00,13,10,28,10,25,750,120,PORTE DE BAGNOLET,,,Plein jour,En agglomération,Hors intersection,Normale,Deux véhicules - arrière,,,,,,,,,,,1,2,1,1.0,2
201300056692,0013-10-28 06:30:00,13,10,28,6,30,750,117,PORTE DES TERNES,,,Plein jour,En agglomération,Hors intersection,Pluie légère,Deux véhicules - arrière,,,,,,,,,,,1,2,1,2.0,2
201300056693,0013-10-28 13:30:00,13,10,28,13,30,750,112,PORTE DE VINCENNES,,,Plein jour,En agglomération,Hors intersection,Normale,Deux véhicules - arrière,,,,,,,,,,,1,2,1,1.0,2
201300056694,0013-10-28 19:05:00,13,10,28,19,5,750,118,PORTE DE LA CHAPELLE,,,Nuit avec éclairage allumé,En agglomération,Hors intersection,Normale,Trois véhicules et plus - en chaîne,,,,,,,,,,,5,2,1,1.0,4
201300056695,0013-10-29 13:45:00,13,10,29,13,45,750,120,PORTE DE BAGNOLET,,,Plein jour,En agglomération,Hors intersection,Normale,Deux véhicules - arrière,,,,,,,,,,,1,2,1,1.0,2
201300056696,0013-10-29 18:20:00,13,10,29,18,20,750,115,ECHANGEUR ISSY,,,Nuit avec éclairage allumé,En agglomération,Intersection en Y,Normale,Trois véhicules et plus - en chaîne,,,,,,,,,,,5,2,4,1.0,4
201300056697,0013-10-29 14:20:00,13,10,29,14,20,750,119,PORTE DE LA VILLETTE,,,Plein jour,En agglomération,Hors intersection,Normale,Deux véhicules - arrière,,,,,,,,,,,1,2,1,1.0,2
201300056698,0013-10-29 16:25:00,13,10,29,16,25,750,118,AVENUE DE LA PORTE DE LA,,,Plein jour,En agglomération,Hors intersection,Normale,Deux véhicules - côté,,,,,,,,,,,1,2,1,1.0,3
201300056699,0013-10-30 14:00:00,13,10,30,14,0,750,117,PORTE MAILLOT,,,Plein jour,En agglomération,Hors intersection,Normale,Deux véhicules - arrière,,,,,,,,,,,1,2,1,1.0,2
201300056700,0013-10-30 19:05:00,13,10,30,19,5,750,117,ECHANGEUR CLICHY,,,Nuit avec éclairage allumé,En agglomération,Hors intersection,Normale,Deux véhicules - arrière,,,,,,,,,,,5,2,1,1.0,2
201300056701,0013-10-30 18:00:00,13,10,30,18,0,750,117,PORTE DE CLICHY,,,Plein jour,En agglomération,Hors intersection,Normale,Deux véhicules - côté,,,,,,,,,,,1,2,1,1.0,3
201300056702,0013-10-31 00:40:00,13,10,31,0,40,750,116,PORTE DE SAINT CLOUD,,,Nuit avec éclairage allumé,En agglomération,Intersection en X,Normale,Deux véhicules - arrière,,,,,,,,,,,5,2,2,1.0,2
201300056703,0013-10-31 08:50:00,13,10,31,8,50,750,120,PORTE DE MONTREUIL,,,Plein jour,En agglomération,Intersection en Y,Normale,Sans collision,,,,,,,,,,,1,2,4,1.0,7
201300056704,0013-10-31 20:40:00,13,10,31,20,40,750,113,PORTE D ITALIE,,,Nuit avec éclairage allumé,En agglomération,Hors intersection,Normale,Deux véhicules - côté,,,,,,,,,,,5,2,1,1.0,3
201300056705,0013-11-01 13:00:00,13,11,1,13,0,750,117,ECHANGEUR MAILLOT,,,Plein jour,En agglomération,Hors intersection,Pluie légère,Autre collision,,,,,,,,,,,1,2,1,2.0,6
201300056706,0013-11-02 13:15:00,13,11,2,13,15,750,116,ECHANGEUR MAILLOT,,,Plein jour,En agglomération,Hors intersection,Pluie légère,Sans collision,,,,,,,,,,,1,2,1,2.0,7
201300056707,0013-11-02 18:30:00,13,11,2,18,30,750,119,PORTE D AUBERVILLIERS,,,Nuit avec éclairage allumé,En agglomération,Hors intersection,Normale,Deux véhicules - arrière,,,,,,,,,,,5,2,1,1.0,2
201300056708,0013-11-02 22:20:00,13,11,2,22,20,750,117,BOULEVARD PERIPHERIQUE E,,,Nuit avec éclairage allumé,En agglomération,Hors intersection,Pluie légère,Autre collision,,,,,,,,,,,5,2,1,2.0,6
201300056709,0013-11-03 05:40:00,13,11,3,5,40,750,113,BOULEVARD PERIPHERIQUE E,,,Nuit sans éclairage public,En agglomération,Intersection en Y,Pluie légère,Deux véhicules - côté,,,,,,,,,,,3,2,4,2.0,3
201300056710,0013-11-03 12:40:00,13,11,3,12,40,750,112,ECHANGEUR BERCY,,,Plein jour,En agglomération,Hors intersection,Normale,Deux véhicules - côté,,,,,,,,,,,1,2,1,1.0,3
201300056711,0013-11-05 15:35:00,13,11,5,15,35,750,120,PORTE DE BAGNOLET,,,Plein jour,En agglomération,Hors intersection,Pluie légère,Trois véhicules et plus - en chaîne,,,,,,,,,,,1,2,1,2.0,4
201300056712,0013-11-05 23:10:00,13,11,5,23,10,750,115,PORTE DE SEVRES,,,Nuit avec éclairage allumé,En agglomération,Hors intersection,Normale,Autre collision,,,,,,,,,,,5,2,1,1.0,6
201300056713,0013-11-06 08:45:00,13,11,6,8,45,750,112,PORTE DOREE,,,Plein jour,En agglomération,Hors intersection,Normale,Trois véhicules et plus - en chaîne,,,,,,,,,,,1,2,1,1.0,4
201300056714,0013-11-06 10:00:00,13,11,6,10,0,750,114,PORTE DE CHATILLON,,,Plein jour,En agglomération,Hors intersection,Pluie légère,Trois véhicules et plus - en chaîne,,,,,,,,,,,1,2,1,2.0,4
201300056715,0013-11-06 17:50:00,13,11,6,17,50,750,120,PORTE DE BAGNOLET,,,Nuit avec éclairage allumé,En agglomération,Hors intersection,Normale,Deux véhicules - arrière,,,,,,,,,,,5,2,1,1.0,2
201300056716,0013-11-06 19:40:00,13,11,6,19,40,750,113,PORTE D ITALIE,,,Nuit avec éclairage allumé,En agglomération,Hors intersection,Normale,Sans collision,,,,,,,,,,,5,2,1,1.0,7
201300056717,0013-11-07 07:50:00,13,11,7,7,50,750,117,PORTE DE CLICHY,,,Plein jour,En agglomération,Hors intersection,Pluie légère,Sans collision,,,,,,,,,,,1,2,1,2.0,7
201300056718,0013-11-07 18:45:00,13,11,7,18,45,750,118,PORTE DE LA CHAPELLE,,,Nuit avec éclairage allumé,En agglomération,Hors intersection,Pluie légère,Trois véhicules et plus - en chaîne,,,,,,,,,,,5,2,1,2.0,4
201300056719,0013-11-08 05:35:00,13,11,8,5,35,750,112,ECHANGEUR BERCY,,,Nuit sans éclairage public,En agglomération,Intersection en Y,Pluie légère,Deux véhicules - côté,,,,,,,,,,,3,2,4,2.0,3
201300056720,0013-11-08 10:35:00,13,11,8,10,35,750,113,QUAI D IVRY,,,Plein jour,En agglomération,Hors intersection,Pluie légère,Trois véhicules et plus - en chaîne,,,,,,,,,,,1,2,1,2.0,4
201300056721,0013-11-08 13:15:00,13,11,8,13,15,750,115,ECHANGEUR BRANCION,,,Plein jour,En agglomération,Hors intersection,Pluie légère,Trois véhicules et plus - en chaîne,,,,,,,,,,,1,2,1,2.0,4
201300056722,0013-11-08 16:45:00,13,11,8,16,45,750,113,QUAI D IVRY,,,Crépuscule ou aube,En agglomération,Hors intersection,Pluie légère,Deux véhicules - arrière,,,,,,,,,,,2,2,1,2.0,2
201300056723,0013-11-08 17:00:00,13,11,8,17,0,750,112,PORTE DOREE,,,Crépuscule ou aube,En agglomération,Hors intersection,Pluie légère,Deux véhicules - côté,,,,,,,,,,,2,2,1,2.0,3
201300056724,0013-11-08 21:25:00,13,11,8,21,25,750,116,ECHANGEUR MUETTE,,,Nuit avec éclairage allumé,En agglomération,Hors intersection,Normale,Deux véhicules - côté,,,,,,,,,,,5,2,1,1.0,3
201300056725,0013-11-09 06:15:00,13,11,9,6,15,750,114,PORTE D ORLEANS,,,Nuit avec éclairage allumé,En agglomération,Hors intersection,Normale,Autre collision,,,,,,,,,,,5,2,1,1.0,6
201300056726,0013-11-10 03:08:00,13,11,10,3,8,750,117,ECHANGEUR MAILLOT,,,Nuit avec éclairage allumé,En agglomération,Hors intersection,Pluie forte,Autre collision,,,,,,,,,,,5,2,1,3.0,6
201300056727,0013-11-10 16:30:00,13,11,10,16,30,750,117,PORTE DE CLICHY,,,Plein jour,En agglomération,Hors intersection,Normale,Deux véhicules - arrière,,,,,,,,,,,1,2,1,1.0,2
201300056728,0013-11-11 18:40:00,13,11,11,18,40,750,120,PORTE DE BAGNOLET,,,Nuit avec éclairage non allumé,En agglomération,Hors intersection,Normale,Deux véhicules - arrière,,,,,,,,,,,4,2,1,1.0,2
201300056729,0013-11-12 00:20:00,13,11,12,0,20,750,117,BOULEVARD PERIPHERIQUE E,,,Nuit avec éclairage allumé,En agglomération,Intersection en Y,Normale,Autre collision,,,,,,,,,,,5,2,4,1.0,6
201300056730,0013-11-12 06:50:00,13,11,12,6,50,750,112,ECHANGEUR BERCY,,,Nuit avec éclairage allumé,En agglomération,Intersection en Y,Normale,Autre collision,,,,,,,,,,,5,2,4,1.0,6
201300056731,0013-11-12 17:10:00,13,11,12,17,10,750,117,PORTE DE CHAMPERRET,,,Crépuscule ou aube,En agglomération,Hors intersection,Pluie légère,Deux véhicules - côté,,,,,,,,,,,2,2,1,2.0,3
201300056732,0013-11-12 20:10:00,13,11,12,20,10,750,120,PORTE DE BAGNOLET,,,Nuit avec éclairage allumé,En agglomération,Hors intersection,Pluie forte,Autre collision,,,,,,,,,,,5,2,1,3.0,6
201300056733,0013-11-13 06:30:00,13,11,13,6,30,750,120,PORTE DE BAGNOLET,,,Nuit avec éclairage allumé,En agglomération,Intersection en Y,Normale,Deux véhicules - côté,,,,,,,,,,,5,2,4,1.0,3
201300056734,0013-11-13 08:00:00,13,11,13,8,0,750,113,PORTE D ITALIE,,,Plein jour,En agglomération,Hors intersection,Normale,Deux véhicules - arrière,,,,,,,,,,,1,2,1,1.0,2
201300056735,0013-11-14 12:45:00,13,11,14,12,45,750,113,PORTE D IVRY,,,Plein jour,En agglomération,Hors intersection,Pluie légère,Deux véhicules - côté,,,,,,,,,,,1,2,1,2.0,3
201300056736,0013-11-14 16:40:00,13,11,14,16,40,750,112,PORTE DE CHARENTON,,,Nuit avec éclairage allumé,En agglomération,Hors intersection,Normale,Deux véhicules - arrière,,,,,,,,,,,5,2,1,1.0,2
201300056737,0013-11-14 21:00:00,13,11,14,21,0,750,112,PORTE DE VINCENNES,,,Nuit avec éclairage allumé,En agglomération,Intersection en Y,Normale,Deux véhicules - arrière,,,,,,,,,,,5,2,4,1.0,2
201300056738,0013-11-15 19:00:00,13,11,15,19,0,750,116,ECHANGEUR MUETTE,,,Nuit avec éclairage allumé,En agglomération,Hors intersection,Normale,Sans collision,,,,,,,,,,,5,2,1,1.0,7
201300056739,0013-11-17 19:05:00,13,11,17,19,5,750,120,PORTE DE VINCENNES,,,Nuit avec éclairage allumé,En agglomération,Hors intersection,Normale,Deux véhicules - arrière,,,,,,,,,,,5,2,1,1.0,2
201300056740,0013-11-18 08:45:00,13,11,18,8,45,750,120,PORTE DES LILAS,,,Plein jour,En agglomération,Hors intersection,Normale,Autre collision,,,,,,,,,,,1,2,1,1.0,6
201300056741,0013-11-19 16:00:00,13,11,19,16,0,750,119,PORTE D AUBERVILLIERS,,,Plein jour,En agglomération,Hors intersection,Normale,Deux véhicules - arrière,,,,,,,,,,,1,2,1,1.0,2
201300056742,0013-11-20 16:45:00,13,11,20,16,45,750,113,PORTE D ITALIE,,,Nuit avec éclairage allumé,En agglomération,Hors intersection,Pluie légère,Trois véhicules et plus - en chaîne,,,,,,,,,,,5,2,1,2.0,4
201300056743,0013-11-21 07:40:00,13,11,21,7,40,750,120,PORTE DE BAGNOLET,,,Nuit avec éclairage allumé,En agglomération,Hors intersection,Pluie légère,Sans collision,,,,,,,,,,,5,2,1,2.0,7
201300056744,0013-11-21 07:50:00,13,11,21,7,50,750,112,PORTE DE VINCENNES,,,Crépuscule ou aube,En agglomération,Hors intersection,Pluie forte,Deux véhicules - arrière,,,,,,,,,,,2,2,1,3.0,2
201300056745,0013-11-22 05:20:00,13,11,22,5,20,750,113,BOULEVARD PERIPHERIQUE I,,,Nuit avec éclairage allumé,En agglomération,Hors intersection,Normale,Autre collision,,,,,,,,,,,5,2,1,1.0,6
201300056746,0013-11-21 18:15:00,13,11,21,18,15,750,118,ECHANGEUR CHAPELLE,,,Nuit avec éclairage allumé,En agglomération,Hors intersection,Pluie légère,Autre collision,,,,,,,,,,,5,2,1,2.0,6
201300056747,0013-11-21 18:00:00,13,11,21,18,0,750,113,QUAI D IVRY,,,Nuit avec éclairage allumé,En agglomération,Hors intersection,Pluie légère,Sans collision,,,,,,,,,,,5,2,1,2.0,7
201300056748,0013-11-22 17:10:00,13,11,22,17,10,750,120,PORTE DE BAGNOLET,,,Crépuscule ou aube,En agglomération,Hors intersection,Normale,Deux véhicules - côté,,,,,,,,,,,2,2,1,1.0,3
201300056749,0013-11-23 20:15:00,13,11,23,20,15,750,113,PORTE D IVRY,,,Nuit avec éclairage allumé,En agglomération,Hors intersection,Normale,Autre collision,,,,,,,,,,,5,2,1,1.0,6
201300056750,0013-11-24 21:05:00,13,11,24,21,5,750,114,PORTE D ORLEANS,,,Nuit avec éclairage allumé,En agglomération,Hors intersection,Normale,Autre collision,,,,,,,,,,,5,2,1,1.0,6
201300056751,0013-11-25 04:10:00,13,11,25,4,10,750,119,PORTE DE LA VILLETTE,,,Nuit avec éclairage allumé,En agglomération,Hors intersection,Normale,Deux véhicules - arrière,,,,,,,,,,,5,2,1,1.0,2
201300056752,0013-11-25 09:40:00,13,11,25,9,40,750,113,PORTE D ITALIE,,,Plein jour,En agglomération,Hors intersection,Normale,Trois véhicules et plus - en chaîne,,,,,,,,,,,1,2,1,1.0,4
201300056753,0013-11-25 13:15:00,13,11,25,13,15,750,118,PORTE D AUBERVILLIERS,,,Plein jour,En agglomération,Hors intersection,Normale,Deux véhicules - arrière,,,,,,,,,,,1,2,1,1.0,2
201300056754,0013-11-26 08:20:00,13,11,26,8,20,750,116,PORTE MAILLOT,,,Plein jour,En agglomération,Hors intersection,Normale,Deux véhicules - arrière,,,,,,,,,,,1,2,1,1.0,2
201300056755,0013-11-26 08:10:00,13,11,26,8,10,750,113,PORTE DE GENTILLY,,,Plein jour,En agglomération,Hors intersection,Normale,Trois véhicules et plus - en chaîne,,,,,,,,,,,1,2,1,1.0,4
201300056756,0013-11-26 16:00:00,13,11,26,16,0,750,118,PORTE D AUBERVILLIERS,,,Plein jour,En agglomération,Hors intersection,Normale,Deux véhicules - côté,,,,,,,,,,,1,2,1,1.0,3
201300056757,0013-11-26 17:25:00,13,11,26,17,25,750,113,PORTE D ITALIE,,,Nuit avec éclairage allumé,En agglomération,Hors intersection,Normale,Deux véhicules - arrière,,,,,,,,,,,5,2,1,1.0,2
201300056758,0013-11-27 09:20:00,13,11,27,9,20,750,117,PORTE MAILLOT,,,Plein jour,En agglomération,Hors intersection,Normale,Deux véhicules - arrière,,,,,,,,,,,1,2,1,1.0,2
201300056759,0013-11-28 15:00:00,13,11,28,15,0,750,120,PORTE DE VINCENNES,,,Plein jour,En agglomération,Hors intersection,Normale,Deux véhicules - côté,,,,,,,,,,,1,2,1,1.0,3
201300056760,0013-11-28 15:45:00,13,11,28,15,45,750,112,ECHANGEUR BERCY,,,Plein jour,En agglomération,Intersection en Y,Normale,Deux véhicules - côté,,,,,,,,,,,1,2,4,1.0,3
201300056761,0013-11-29 12:10:00,13,11,29,12,10,750,118,PORTE DE CLIGNANCOURT,,,Plein jour,En agglomération,Hors intersection,Normale,Sans collision,,,,,,,,,,,1,2,1,1.0,7
201300056762,0013-11-29 17:00:00,13,11,29,17,0,750,116,PORTE DAUPHINE,,,Nuit avec éclairage allumé,En agglomération,Hors intersection,Normale,Trois véhicules et plus - en chaîne,,,,,,,,,,,5,2,1,1.0,4
201300056763,0013-11-30 00:05:00,13,11,30,0,5,750,120,ECHANGEUR BAGNOLET,,,Nuit avec éclairage allumé,En agglomération,Intersection en Y,Normale,Autre collision,,,,,,,,,,,5,2,4,1.0,6
201300056764,0013-11-30 07:00:00,13,11,30,7,0,750,114,ECHANGEUR ORLEANS,,,Nuit avec éclairage allumé,En agglomération,Intersection en Y,Normale,Autre collision,,,,,,,,,,,5,2,4,1.0,6
201300056765,0013-11-30 15:00:00,13,11,30,15,0,750,117,PORTE DE CLICHY,,,Plein jour,En agglomération,Hors intersection,Normale,Trois véhicules et plus - en chaîne,,,,,,,,,,,1,2,1,1.0,4
201300056766,0013-12-01 12:35:00,13,12,1,12,35,750,120,PORTE DE MONTREUIL,,,Plein jour,En agglomération,Hors intersection,Normale,Deux véhicules - arrière,,,,,,,,,,,1,2,1,1.0,2
201300056767,0013-12-01 14:15:00,13,12,1,14,15,750,116,PORTE DE SAINT CLOUD,,,Plein jour,En agglomération,Hors intersection,Normale,Trois véhicules et plus - en chaîne,,,,,,,,,,,1,2,1,1.0,4
201300056768,0013-12-01 19:05:00,13,12,1,19,5,750,117,PORTE DE CLICHY,,,Nuit avec éclairage allumé,En agglomération,Hors intersection,Normale,Deux véhicules - côté,,,,,,,,,,,5,2,1,1.0,3
201300056769,0013-12-03 09:20:00,13,12,3,9,20,750,118,PORTE DE CLIGNANCOURT,,,Plein jour,En agglomération,Hors intersection,Normale,Sans collision,,,,,,,,,,,1,2,1,1.0,7
201300056770,0013-12-03 10:15:00,13,12,3,10,15,750,112,PORTE DE VINCENNES,,,Plein jour,En agglomération,Intersection en Y,Temps éblouissant,Trois véhicules et plus - en chaîne,,,,,,,,,,,1,2,4,7.0,4
201300056771,0013-12-03 08:48:00,13,12,3,8,48,750,118,PORTE DE LA CHAPELLE,,,Plein jour,En agglomération,Hors intersection,Normale,Sans collision,,,,,,,,,,,1,2,1,1.0,7
201300056772,0013-12-03 17:10:00,13,12,3,17,10,750,113,PORTE D ITALIE,,,Nuit avec éclairage allumé,En agglomération,Hors intersection,Normale,Autre collision,,,,,,,,,,,5,2,1,1.0,6
201300056773,0013-12-04 11:40:00,13,12,4,11,40,750,115,PORTE DE SEVRES,,,Plein jour,En agglomération,Intersection en Y,Normale,Autre collision,,,,,,,,,,,1,2,4,1.0,6
201300056774,0013-12-05 08:40:00,13,12,5,8,40,750,117,PORTE D ASNIERES,,,Plein jour,En agglomération,Hors intersection,Normale,Trois véhicules et plus - en chaîne,,,,,,,,,,,1,2,1,1.0,4
201300056775,0013-12-05 13:30:00,13,12,5,13,30,750,113,PORTE D IVRY,,,Plein jour,En agglomération,Hors intersection,Normale,Sans collision,,,,,,,,,,,1,2,1,1.0,7
201300056776,0013-12-05 16:35:00,13,12,5,16,35,750,118,PORTE DE LA CHAPELLE,,,Nuit avec éclairage allumé,En agglomération,Hors intersection,Normale,Deux véhicules - arrière,,,,,,,,,,,5,2,1,1.0,2
201300056777,0013-12-05 18:45:00,13,12,5,18,45,750,117,ECHANGEUR CLICHY,,,Nuit avec éclairage allumé,En agglomération,Hors intersection,Normale,Deux véhicules - arrière,,,,,,,,,,,5,2,1,1.0,2
201300056778,0013-12-06 09:15:00,13,12,6,9,15,750,118,PORTE DE SAINT OUEN,,,Plein jour,En agglomération,Hors intersection,Normale,Trois véhicules et plus - en chaîne,,,,,,,,,,,1,2,1,1.0,4
201300056779,0013-12-06 21:05:00,13,12,6,21,5,750,116,PORT D AUTEUIL,,,Nuit avec éclairage allumé,En agglomération,Intersection en Y,Normale,Deux véhicules - côté,,,,,,,,,,,5,2,4,1.0,3
201300056780,0013-12-07 07:45:00,13,12,7,7,45,750,120,PORTE DE BAGNOLET,,,Plein jour,En agglomération,Hors intersection,Pluie légère,Autre collision,,,,,,,,,,,1,2,1,2.0,6
201300056781,0013-12-07 11:20:00,13,12,7,11,20,750,116,PORTE DE PASSY,,,Nuit avec éclairage allumé,En agglomération,Hors intersection,Pluie légère,Deux véhicules - côté,,,,,,,,,,,5,2,1,2.0,3
201300056782,0013-12-07 18:00:00,13,12,7,18,0,750,116,ECHANGEUR DAUPHINE,,,Nuit avec éclairage allumé,En agglomération,Hors intersection,Normale,Deux véhicules - côté,,,,,,,,,,,5,2,1,1.0,3
201300056783,0013-12-07 20:50:00,13,12,7,20,50,750,112,PORTE DE CHARENTON,,,Nuit avec éclairage allumé,En agglomération,Hors intersection,Normale,Deux véhicules - arrière,,,,,,,,,,,5,2,1,1.0,2
201300056784,0013-12-09 08:15:00,13,12,9,8,15,750,116,ECHANGEUR DAUPHINE,,,Plein jour,En agglomération,Hors intersection,Normale,Autre collision,,,,,,,,,,,1,2,1,1.0,6
201300056785,0013-12-09 10:30:00,13,12,9,10,30,750,120,PORTE DE BAGNOLET,,,Plein jour,En agglomération,Intersection en Y,Normale,Deux véhicules - côté,,,,,,,,,,,1,2,4,1.0,3
201300056786,0013-12-09 15:20:00,13,12,9,15,20,750,117,PORTE D ASNIERES,,,Plein jour,En agglomération,Hors intersection,Normale,Trois véhicules et plus - en chaîne,,,,,,,,,,,1,2,1,1.0,4
201300056787,0013-12-09 19:30:00,13,12,9,19,30,750,117,PORTE DE CHAMPERRET,,,Nuit avec éclairage allumé,En agglomération,Hors intersection,Normale,Trois véhicules et plus - en chaîne,,,,,,,,,,,5,2,1,1.0,4
201300056788,0013-12-10 08:23:00,13,12,10,8,23,750,116,ECHANGEUR AUTEUIL,,,Plein jour,En agglomération,Hors intersection,Normale,Deux véhicules - arrière,,,,,,,,,,,1,2,1,1.0,2
201300056789,0013-12-10 16:35:00,13,12,10,16,35,750,119,PORTE D AUBERVILLIERS,,,Plein jour,En agglomération,Hors intersection,Normale,Deux véhicules - côté,,,,,,,,,,,1,2,1,1.0,3
201300056790,0013-12-11 09:45:00,13,12,11,9,45,750,113,PORTE D IVRY,,,Plein jour,En agglomération,Hors intersection,Normale,Trois véhicules et plus - en chaîne,,,,,,,,,,,1,2,1,1.0,4
201300056791,0013-12-08 12:20:00,13,12,8,12,20,750,113,PORTE D ITALIE,,,Plein jour,En agglomération,Hors intersection,Normale,Trois véhicules et plus - en chaîne,,,,,,,,,,,1,2,1,1.0,4
201300056792,0013-12-12 11:40:00,13,12,12,11,40,750,117,PORTE MAILLOT,,,Plein jour,En agglomération,Hors intersection,Normale,Deux véhicules - côté,,,,,,,,,,,1,2,1,1.0,3
201300056793,0013-12-13 00:40:00,13,12,13,0,40,750,113,BOULEVARD PERIPHERIQUE E,,,Nuit avec éclairage allumé,En agglomération,Hors intersection,Normale,Autre collision,,,,,,,,,,,5,2,1,1.0,6
201300056794,0013-12-13 22:50:00,13,12,13,22,50,750,114,BOULEVARD PERIPHERIQUE I,,,Nuit avec éclairage allumé,En agglomération,Hors intersection,Pluie légère,Sans collision,,,,,,,,,,,5,2,1,2.0,7
201300056795,0013-12-14 05:50:00,13,12,14,5,50,750,117,BOULEVARD PERIPHERIQUE E,,,Nuit avec éclairage allumé,En agglomération,Hors intersection,Normale,Autre collision,,,,,,,,,,,5,2,1,1.0,6
201300056796,0013-12-14 20:45:00,13,12,14,20,45,750,117,PORTE DE CHAMPERRET,,,Nuit sans éclairage public,En agglomération,Hors intersection,Normale,Trois véhicules et plus - en chaîne,,,,,,,,,,,3,2,1,1.0,4
201300056797,0013-12-15 15:50:00,13,12,15,15,50,750,112,PORTE DE VINCENNES,,,Plein jour,En agglomération,Hors intersection,Normale,Trois véhicules et plus - en chaîne,,,,,,,,,,,1,2,1,1.0,4
201300056798,0013-12-16 10:10:00,13,12,16,10,10,750,118,PORTE D AUBERVILLIERS,,,Plein jour,En agglomération,Hors intersection,Normale,Trois véhicules et plus - en chaîne,,,,,,,,,,,1,2,1,1.0,4
201300056799,0013-12-17 07:15:00,13,12,17,7,15,750,118,PORTE DE LA CHAPELLE,,,Crépuscule ou aube,En agglomération,Hors intersection,Normale,Deux véhicules - arrière,,,,,,,,,,,2,2,1,1.0,2
201300056800,0013-12-18 06:15:00,13,12,18,6,15,750,112,PORTE DE VINCENNES,,,Nuit avec éclairage allumé,En agglomération,Hors intersection,Normale,Deux véhicules - arrière,,,,,,,,,,,5,2,1,1.0,2
201300056801,0013-12-18 15:35:00,13,12,18,15,35,750,112,ECHANGEUR BERCY,,,Plein jour,En agglomération,Hors intersection,Normale,Trois véhicules et plus - en chaîne,,,,,,,,,,,1,2,1,1.0,4
201300056802,0013-12-20 08:00:00,13,12,20,8,0,750,112,PORTE DOREE,,,Crépuscule ou aube,En agglomération,Hors intersection,Normale,Trois véhicules et plus - en chaîne,,,,,,,,,,,2,2,1,1.0,4
201300056803,0013-12-20 10:20:00,13,12,20,10,20,750,117,PORTE DE CHAMPERRET,,,Plein jour,En agglomération,Intersection en Y,Normale,Deux véhicules - arrière,,,,,,,,,,,1,2,4,1.0,2
201300056804,0013-12-20 13:10:00,13,12,20,13,10,750,116,PORTE DE PASSY,,,Plein jour,En agglomération,Hors intersection,Temps éblouissant,Autre collision,,,,,,,,,,,1,2,1,7.0,6
201300056805,0013-12-20 17:00:00,13,12,20,17,0,750,118,PORTE DE LA CHAPELLE,,,Crépuscule ou aube,En agglomération,Hors intersection,Normale,Deux véhicules - côté,,,,,,,,,,,2,2,1,1.0,3
201300056806,0013-12-21 07:00:00,13,12,21,7,0,750,115,PORTE DE SEVRES,,,Nuit avec éclairage allumé,En agglomération,Hors intersection,Normale,Deux véhicules - côté,,,,,,,,,,,5,2,1,1.0,3
201300056807,0013-12-22 07:15:00,13,12,22,7,15,750,119,PORTE DU PRE SAINT GERVA,,,Nuit avec éclairage allumé,En agglomération,Intersection en Y,Normale,Autre collision,,,,,,,,,,,5,2,4,1.0,6
201300056808,0013-12-23 06:15:00,13,12,23,6,15,750,112,PORTE DE CHARENTON,,,Nuit avec éclairage allumé,En agglomération,Hors intersection,Normale,Autre collision,,,,,,,,,,,5,2,1,1.0,6
201300056809,0013-12-23 15:00:00,13,12,23,15,0,750,114,PORTE DE VANVES,,,Plein jour,En agglomération,Hors intersection,Normale,Trois véhicules et plus - en chaîne,,,,,,,,,,,1,2,1,1.0,4