accident_id,datetime,annee,mois,jour,heure,minute,departement,commune_insee,adresse,latitude,longitude,luminosite,agglomeration,intersection,meteo,collision,nb_vehicules,nb_usagers,nb_indemnes,nb_tues,nb_blesses_hosp,nb_blesses_legers,age_cond_1,age_cond_2,veh_type_cond_1,veh_type_cond_2,lum_code,agg_code,int_code,atm_code,col_code
201300056810,0013-12-26 18:00:00,13,12,26,18,0,750,114,PORTE DE GENTILLY,,,Nuit avec éclairage allumé,En agglomération,Hors intersection,Normale,Deux véhicules - côté,,,,,,,,,,,5,2,1,1.0,3
201300056811,0013-12-28 19:45:00,13,12,28,19,45,750,117,PORTE DES TERNES,,,Nuit avec éclairage allumé,En agglomération,Intersection en Y,Normale,Sans collision,,,,,,,,,,,5,2,4,1.0,7
201300056812,0013-12-30 19:20:00,13,12,30,19,20,750,112,PONT DE BERCY,,,Nuit sans éclairage public,En agglomération,Hors intersection,Normale,Deux véhicules - arrière,,,,,,,,,,,3,2,1,1.0,2
201300056813,0013-03-18 14:00:00,13,3,18,14,0,972,5,,,,Plein jour,Hors agglomération,Hors intersection,Normale,Deux véhicules - frontale,,,,,,,,,,,1,1,1,1.0,1
201300056814,0013-04-26 15:45:00,13,4,26,15,45,972,34,,,,Plein jour,Hors agglomération,Hors intersection,Normale,Autre collision,,,,,,,,,,,1,1,1,1.0,6
201300056815,0013-05-04 17:45:00,13,5,4,17,45,972,29,x,,,Plein jour,Hors agglomération,Hors intersection,Pluie légère,Deux véhicules - frontale,,,,,,,,,,,1,1,1,2.0,1
201300056816,0013-08-03 16:45:00,13,8,3,16,45,972,34,,,,Plein jour,Hors agglomération,Hors intersection,Normale,Sans collision,,,,,,,,,,,1,1,1,1.0,7
201300056817,0013-08-17 02:45:00,13,8,17,2,45,972,5,,,,Nuit sans éclairage public,Hors agglomération,Hors intersection,Normale,Deux véhicules - frontale,,,,,,,,,,,3,1,1,1.0,1
201300056818,0013-12-05 08:30:00,13,12,5,8,30,972,5,,,,Plein jour,Hors agglomération,Hors intersection,Autre,Autre collision,,,,,,,,,,,1,1,1,9.0,6
201300056819,0013-03-01 18:15:00,13,3,1,18,15,972,24,7 CHEMIN SALUBRE,,,Plein jour,En agglomération,Hors intersection,Normale,Autre collision,,,,,,,,,,,1,2,1,1.0,6
201300056820,0013-06-12 14:30:00,13,6,12,14,30,972,24,,,,Plein jour,Hors agglomération,Hors intersection,Normale,Sans collision,,,,,,,,,,,1,1,1,1.0,7
201300056821,0013-07-30 05:00:00,13,7,30,5,0,972,24,,,,Nuit sans éclairage public,Hors agglomération,Hors intersection,Normale,Deux véhicules - frontale,,,,,,,,,,,3,1,1,1.0,1
201300056822,0013-02-03 19:00:00,13,2,3,19,0,972,18,41 rue Andr? Aliker,,,Nuit avec éclairage allumé,En agglomération,Hors intersection,Normale,Autre collision,,,,,,,,,,,5,2,1,1.0,6
201300056823,0013-04-17 09:30:00,13,4,17,9,30,972,25,rue alfred lacroix,,,Plein jour,En agglomération,Hors intersection,Normale,Deux véhicules - arrière,,,,,,,,,,,1,2,1,1.0,2
201300056824,0013-04-19 21:00:00,13,4,19,21,0,972,19,La Charmeuse,,,Nuit avec éclairage allumé,En agglomération,Hors intersection,Normale,Autre collision,,,,,,,,,,,5,2,1,1.0,6
201300056825,0013-04-27 01:15:00,13,4,27,1,15,972,25,18 rue alfred lacroix,,,Nuit avec éclairage allumé,En agglomération,Hors intersection,Normale,Sans collision,,,,,,,,,,,5,2,1,1.0,7
201300056826,0013-05-08 18:45:00,13,5,8,18,45,972,4,,,,Nuit sans éclairage public,Hors agglomération,Hors intersection,Normale,Deux véhicules - frontale,,,,,,,,,,,3,1,1,1.0,1
201300056827,0013-06-03 12:15:00,13,6,3,12,15,972,4,,,,Plein jour,Hors agglomération,Hors intersection,Pluie légère,Autre collision,,,,,,,,,,,1,1,1,2.0,6
201300056828,0013-10-01 07:00:00,13,10,1,7,0,972,4,,,,Plein jour,En agglomération,Hors intersection,Normale,Deux véhicules - côté,,,,,,,,,,,1,2,1,1.0,3
201300056829,0013-10-29 16:45:00,13,10,29,16,45,972,8,Quartier Lacroix,,,Plein jour,En agglomération,Hors intersection,Normale,Sans collision,,,,,,,,,,,1,2,1,1.0,7
201300056830,0013-11-09 21:00:00,13,11,9,21,0,972,4,,,,Nuit sans éclairage public,Hors agglomération,Hors intersection,Pluie forte,Deux véhicules - frontale,,,,,,,,,,,3,1,1,3.0,1
201300056831,0013-12-19 16:00:00,13,12,19,16,0,972,33,le bourg,,,Plein jour,En agglomération,Hors intersection,Normale,Autre collision,,,,,,,,,,,1,2,1,1.0,6
201300056832,0013-01-20 21:00:00,13,1,20,21,0,972,10,,,,Nuit avec éclairage allumé,Hors agglomération,Hors intersection,Normale,Sans collision,,,,,,,,,,,5,1,1,1.0,7
201300056833,0013-03-17 01:00:00,13,3,17,1,0,972,10,,,,Nuit sans éclairage public,Hors agglomération,Hors intersection,Normale,Deux véhicules - frontale,,,,,,,,,,,3,1,1,1.0,1
201300056834,0013-03-23 11:15:00,13,3,23,11,15,972,10,,,,Plein jour,Hors agglomération,Hors intersection,Normale,Deux véhicules - côté,,,,,,,,,,,1,1,1,1.0,3
201300056835,0013-03-25 06:45:00,13,3,25,6,45,972,10,,,,Plein jour,Hors agglomération,Hors intersection,Normale,Deux véhicules - frontale,,,,,,,,,,,1,1,1,1.0,1
201300056836,0013-04-14 03:15:00,13,4,14,3,15,972,10,,,,Nuit sans éclairage public,Hors agglomération,Hors intersection,Normale,Deux véhicules - frontale,,,,,,,,,,,3,1,1,1.0,1
201300056837,0013-07-21 15:30:00,13,7,21,15,30,972,10,,,,Plein jour,Hors agglomération,Giratoire,Pluie légère,Deux véhicules - côté,,,,,,,,,,,1,1,6,2.0,3
201300056838,0013-08-28 16:45:00,13,8,28,16,45,972,32,Quartierr plaisance,,,Plein jour,En agglomération,Hors intersection,Autre,Sans collision,,,,,,,,,,,1,2,1,9.0,7
201300056839,0013-09-14 01:15:00,13,9,14,1,15,972,10,"RD 29, morne Pitault",,,Nuit sans éclairage public,En agglomération,Hors intersection,Normale,Sans collision,,,,,,,,,,,3,2,1,1.0,7
201300056840,0013-09-28 14:15:00,13,9,28,14,15,972,10,,,,Plein jour,Hors agglomération,Hors intersection,Normale,Autre collision,,,,,,,,,,,1,1,1,1.0,6
201300056841,0013-04-09 11:00:00,13,4,9,11,0,972,20,Avenue  frantz FANON,,,Plein jour,En agglomération,Hors intersection,Normale,Deux véhicules - arrière,,,,,,,,,,,1,2,1,1.0,2
201300056842,0013-07-13 19:00:00,13,7,13,19,0,972,20,,,,Crépuscule ou aube,Hors agglomération,Hors intersection,Normale,Sans collision,,,,,,,,,,,2,1,1,1.0,7
201300056843,0013-07-20 21:00:00,13,7,20,21,0,972,27,,,,Nuit sans éclairage public,Hors agglomération,Hors intersection,Normale,Sans collision,,,,,,,,,,,3,1,1,1.0,7
201300056844,0013-09-09 17:30:00,13,9,9,17,30,972,27,les moubins,,,Plein jour,En agglomération,Hors intersection,Normale,Deux véhicules - côté,,,,,,,,,,,1,2,1,1.0,3
201300056845,0013-09-27 18:30:00,13,9,27,18,30,972,27,,,,Nuit avec éclairage non allumé,Hors agglomération,Hors intersection,Normale,Autre collision,,,,,,,,,,,4,1,1,1.0,6
201300056846,0013-01-22 12:45:00,13,1,22,12,45,972,21,,,,Plein jour,Hors agglomération,Hors intersection,Normale,Deux véhicules - frontale,,,,,,,,,,,1,1,1,1.0,1
201300056847,0013-03-11 18:30:00,13,3,11,18,30,972,30,,,,Nuit sans éclairage public,Hors agglomération,Hors intersection,Normale,Deux véhicules - côté,,,,,,,,,,,3,1,1,1.0,3
201300056848,0013-05-07 18:00:00,13,5,7,18,0,972,30,Avenue des raisiniers,,,Plein jour,En agglomération,Hors intersection,Normale,Deux véhicules - côté,,,,,,,,,,,1,2,1,1.0,3
201300056849,0013-06-09 14:15:00,13,6,9,14,15,972,30,,,,Plein jour,Hors agglomération,Hors intersection,Normale,Autre collision,,,,,,,,,,,1,1,1,1.0,6
201300056850,0013-09-23 17:30:00,13,9,23,17,30,972,30,,,,Plein jour,Hors agglomération,Hors intersection,Normale,Deux véhicules - côté,,,,,,,,,,,1,1,1,1.0,3
201300056851,0013-02-19 19:15:00,13,2,19,19,15,972,22,,,,Nuit sans éclairage public,Hors agglomération,Hors intersection,Normale,Autre collision,,,,,,,,,,,3,1,1,1.0,6
201300056852,0013-06-04 21:00:00,13,6,4,21,0,972,12,,,,Nuit sans éclairage public,Hors agglomération,Hors intersection,Pluie légère,Deux véhicules - frontale,,,,,,,,,,,3,1,1,2.0,1
201300056853,0013-06-07 23:45:00,13,6,7,23,45,972,12,,,,Nuit avec éclairage allumé,Hors agglomération,Hors intersection,Normale,Deux véhicules - arrière,,,,,,,,,,,5,1,1,1.0,2
201300056854,0013-06-26 15:30:00,13,6,26,15,30,972,12,,,,Plein jour,Hors agglomération,Hors intersection,Normale,Deux véhicules - côté,,,,,,,,,,,1,1,1,1.0,3
201300056855,0013-07-29 22:15:00,13,7,29,22,15,972,22,,,,Nuit sans éclairage public,Hors agglomération,Hors intersection,Normale,Deux véhicules - arrière,,,,,,,,,,,3,1,1,1.0,2
201300056856,0013-08-16 09:00:00,13,8,16,9,0,972,12,,,,Plein jour,Hors agglomération,Hors intersection,Normale,Trois véhicules et plus - collisions multiples,,,,,,,,,,,1,1,1,1.0,5
201300056857,0013-08-27 16:30:00,13,8,27,16,30,972,22,quartier lestrade,,,Plein jour,En agglomération,Hors intersection,Normale,Sans collision,,,,,,,,,,,1,2,1,1.0,7
201300056858,0013-10-19 16:00:00,13,10,19,16,0,972,22,RN1,,,Plein jour,En agglomération,Hors intersection,Normale,Trois véhicules et plus - collisions multiples,,,,,,,,,,,1,2,1,1.0,5
201300056859,0013-02-15 15:30:00,13,2,15,15,30,972,28,,,,Plein jour,Hors agglomération,Hors intersection,Normale,Autre collision,,,,,,,,,,,1,1,1,1.0,6
201300056860,0013-03-31 21:30:00,13,3,31,21,30,972,28,Rue source Marie D?au,,,Nuit sans éclairage public,En agglomération,Hors intersection,Normale,Autre collision,,,,,,,,,,,3,2,1,1.0,6
201300056861,0013-04-21 10:30:00,13,4,21,10,30,972,28,,,,Plein jour,Hors agglomération,Hors intersection,Pluie forte,Autre collision,,,,,,,,,,,1,1,1,3.0,6
201300056862,0013-04-22 09:15:00,13,4,22,9,15,972,28,11 rue de Beaufort,,,Plein jour,En agglomération,Hors intersection,Pluie légère,Autre collision,,,,,,,,,,,1,2,1,2.0,6
201300056863,0013-10-06 17:15:00,13,10,6,17,15,972,28,,,,Plein jour,Hors agglomération,Hors intersection,Normale,Deux véhicules - frontale,,,,,,,,,,,1,1,1,1.0,1
201300056864,0013-02-02 19:00:00,13,2,2,19,0,972,1,rue principale,,,Nuit avec éclairage allumé,En agglomération,Hors intersection,Normale,Autre collision,,,,,,,,,,,5,2,1,1.0,6
201300056865,0013-06-09 16:30:00,13,6,9,16,30,972,16,CARREFOUR RD15 ET RN1,,,Plein jour,En agglomération,Intersection en X,Normale,Deux véhicules - côté,,,,,,,,,,,1,2,2,1.0,3
201300056866,0013-10-13 00:01:00,13,10,13,0,1,972,14,,,,Nuit sans éclairage public,Hors agglomération,Hors intersection,Pluie légère,Deux véhicules - frontale,,,,,,,,,,,3,1,1,2.0,1
201300056867,0013-01-11 19:30:00,13,1,11,19,30,971,4,AVENUE DU PERE LABAT,,,Nuit avec éclairage allumé,En agglomération,Hors intersection,Normale,Autre collision,,,,,,,,,,,5,2,1,1.0,6
201300056868,0013-02-06 18:00:00,13,2,6,18,0,971,24,"RN3, premeir plateau",,,Plein jour,En agglomération,Hors intersection,Normale,Trois véhicules et plus - collisions multiples,,,,,,,,,,,1,2,1,1.0,5
201300056869,0013-03-01 20:45:00,13,3,1,20,45,971,24,RN3,,,Nuit avec éclairage non allumé,En agglomération,Hors intersection,Normale,Deux véhicules - côté,,,,,,,,,,,4,2,1,1.0,3
201300056870,0013-04-14 07:30:00,13,4,14,7,30,971,24,,,,Crépuscule ou aube,Hors agglomération,Hors intersection,Normale,Deux véhicules - frontale,,,,,,,,,,,2,1,1,1.0,1
201300056871,0013-05-05 21:00:00,13,5,5,21,0,971,24,0,,,Nuit sans éclairage public,En agglomération,Hors intersection,,Sans collision,,,,,,,,,,,3,2,1,,7
201300056872,0013-05-27 20:00:00,13,5,27,20,0,971,4,route nationale 2,,,Nuit avec éclairage allumé,En agglomération,Hors intersection,Pluie légère,Deux véhicules - frontale,,,,,,,,,,,5,2,1,2.0,1
201300056873,0013-06-30 14:45:00,13,6,30,14,45,971,4,,,,Plein jour,En agglomération,Hors intersection,Normale,Deux véhicules - côté,,,,,,,,,,,1,2,1,1.0,3
201300056874,0013-07-09 14:30:00,13,7,9,14,30,971,4,,,,Plein jour,Hors agglomération,Hors intersection,Pluie légère,Deux véhicules - frontale,,,,,,,,,,,1,1,1,2.0,1
201300056875,0013-07-11 08:45:00,13,7,11,8,45,971,24,,,,Plein jour,En agglomération,Hors intersection,Normale,Deux véhicules - côté,,,,,,,,,,,1,2,1,1.0,3
201300056876,0013-09-26 11:00:00,13,9,26,11,0,971,4,RN2 Avenue Peres Blancs,,,Plein jour,En agglomération,Hors intersection,Normale,Trois véhicules et plus - collisions multiples,,,,,,,,,,,1,2,1,1.0,5
201300056877,0013-06-03 07:45:00,13,6,3,7,45,971,6,,,,Plein jour,Hors agglomération,Intersection en T,Pluie légère,Deux véhicules - côté,,,,,,,,,,,1,1,3,2.0,3
201300056878,0013-06-09 16:15:00,13,6,9,16,15,971,34,,,,Plein jour,Hors agglomération,Hors intersection,Normale,Deux véhicules - frontale,,,,,,,,,,,1,1,1,1.0,1
201300056879,0013-09-09 01:45:00,13,9,9,1,45,971,34,,,,Nuit sans éclairage public,Hors agglomération,Hors intersection,Normale,Sans collision,,,,,,,,,,,3,1,1,1.0,7
201300056880,0013-10-28 08:45:00,13,10,28,8,45,971,34,,,,Plein jour,Hors agglomération,Hors intersection,Normale,Autre collision,,,,,,,,,,,1,1,1,1.0,6
201300056881,0013-11-27 16:30:00,13,11,27,16,30,971,34,chemin du tuf,,,Plein jour,En agglomération,Hors intersection,Normale,Autre collision,,,,,,,,,,,1,2,1,1.0,6
201300056882,0013-12-05 18:30:00,13,12,5,18,30,971,6,,,,Nuit sans éclairage public,Hors agglomération,Hors intersection,Normale,Deux véhicules - côté,,,,,,,,,,,3,1,1,1.0,3
201300056883,0013-09-14 13:00:00,13,9,14,13,0,971,6,,,,Plein jour,Hors agglomération,Hors intersection,Normale,Deux véhicules - frontale,,,,,,,,,,,1,1,1,1.0,1
201300056884,0013-03-22 15:00:00,13,3,22,15,0,971,21,,,,Plein jour,Hors agglomération,Hors intersection,Normale,Deux véhicules - frontale,,,,,,,,,,,1,1,1,1.0,1
201300056885,0013-05-22 09:45:00,13,5,22,9,45,971,21,,,,Plein jour,Hors agglomération,Hors intersection,Pluie forte,Deux véhicules - côté,,,,,,,,,,,1,1,1,3.0,3
201300056886,0013-10-04 18:45:00,13,10,4,18,45,971,21,,,,Nuit sans éclairage public,Hors agglomération,Hors intersection,Normale,Deux véhicules - côté,,,,,,,,,,,3,1,1,1.0,3
201300056887,0013-07-27 14:00:00,13,7,27,14,0,971,11,,,,Plein jour,Hors agglomération,Hors intersection,Normale,Deux véhicules - frontale,,,,,,,,,,,1,1,1,1.0,1
201300056888,0013-02-09 06:15:00,13,2,9,6,15,971,32,,,,Crépuscule ou aube,Hors agglomération,Hors intersection,Normale,Autre collision,,,,,,,,,,,2,1,1,1.0,6
201300056889,0013-03-15 19:45:00,13,3,15,19,45,971,9,Avenue G?n?ral DE GAULLE,,,Nuit avec éclairage allumé,En agglomération,Hors intersection,Normale,Deux véhicules - arrière,,,,,,,,,,,5,2,1,1.0,2
201300056890,0013-04-17 09:45:00,13,4,17,9,45,971,9,,,,Plein jour,Hors agglomération,Hors intersection,Temps couvert,Deux véhicules - arrière,,,,,,,,,,,1,1,1,8.0,2
201300056891,0013-05-03 22:00:00,13,5,3,22,0,971,32,,,,Nuit sans éclairage public,Hors agglomération,Hors intersection,Pluie légère,Deux véhicules - arrière,,,,,,,,,,,3,1,1,2.0,2
201300056892,0013-05-09 05:15:00,13,5,9,5,15,971,33,,,,Crépuscule ou aube,Hors agglomération,Hors intersection,Normale,Autre collision,,,,,,,,,,,2,1,1,1.0,6
201300056893,0013-07-17 11:30:00,13,7,17,11,30,971,33,,,,Plein jour,Hors agglomération,Hors intersection,Normale,Autre collision,,,,,,,,,,,1,1,1,1.0,6
201300056894,0013-12-31 07:00:00,13,12,31,7,0,971,32,Route du bord de mer- D6,,,Nuit avec éclairage allumé,En agglomération,Hors intersection,Normale,Autre collision,,,,,,,,,,,5,2,1,1.0,6
201300056895,0013-02-06 13:15:00,13,2,6,13,15,971,7,,,,Plein jour,Hors agglomération,Hors intersection,Normale,Autre collision,,,,,,,,,,,1,1,1,1.0,6
201300056896,0013-03-02 21:00:00,13,3,2,21,0,971,7,,,,Nuit sans éclairage public,Hors agglomération,Hors intersection,Normale,Autre collision,,,,,,,,,,,3,1,1,1.0,6
201300056897,0013-03-05 16:00:00,13,3,5,16,0,971,7,,,,Plein jour,Hors agglomération,Hors intersection,Normale,Deux véhicules - frontale,,,,,,,,,,,1,1,1,1.0,1
201300056898,0013-03-08 23:30:00,13,3,8,23,30,971,7,,,,Nuit sans éclairage public,Hors agglomération,Hors intersection,Normale,Deux véhicules - frontale,,,,,,,,,,,3,1,1,1.0,1
201300056899,0013-04-01 05:30:00,13,4,1,5,30,971,7,,,,Nuit sans éclairage public,Hors agglomération,Hors intersection,Normale,Autre collision,,,,,,,,,,,3,1,1,1.0,6
201300056900,0013-04-11 18:45:00,13,4,11,18,45,971,7,,,,Crépuscule ou aube,Hors agglomération,Hors intersection,Normale,Deux véhicules - frontale,,,,,,,,,,,2,1,1,1.0,1
201300056901,0013-04-30 12:30:00,13,4,30,12,30,971,7,,,,Plein jour,Hors agglomération,Hors intersection,Normale,Trois véhicules et plus - collisions multiples,,,,,,,,,,,1,1,1,1.0,5
201300056902,0013-05-12 04:30:00,13,5,12,4,30,971,7,,,,Nuit sans éclairage public,Hors agglomération,Hors intersection,Normale,Sans collision,,,,,,,,,,,3,1,1,1.0,7
201300056903,0013-05-27 03:30:00,13,5,27,3,30,971,7,,,,Nuit sans éclairage public,Hors agglomération,Hors intersection,Normale,Sans collision,,,,,,,,,,,3,1,1,1.0,7
201300056904,0013-06-09 16:45:00,13,6,9,16,45,971,7,,,,Plein jour,Hors agglomération,Hors intersection,Normale,Autre collision,,,,,,,,,,,1,1,1,1.0,6
201300056905,0013-07-30 06:45:00,13,7,30,6,45,971,14,,,,Plein jour,Hors agglomération,Hors intersection,Normale,Deux véhicules - frontale,,,,,,,,,,,1,1,1,1.0,1
201300056906,0013-08-12 13:00:00,13,8,12,13,0,971,14,lotissement de l'aiguill,,,Plein jour,En agglomération,Hors intersection,Normale,Autre collision,,,,,,,,,,,1,2,1,1.0,6
201300056907,0013-08-14 07:45:00,13,8,14,7,45,971,7,,,,Plein jour,Hors agglomération,Hors intersection,Normale,Sans collision,,,,,,,,,,,1,1,1,1.0,7
201300056908,0013-08-16 18:45:00,13,8,16,18,45,971,14,,,,Nuit avec éclairage allumé,Hors agglomération,Hors intersection,Pluie légère,Autre collision,,,,,,,,,,,5,1,1,2.0,6
201300056909,0013-09-03 08:30:00,13,9,3,8,30,971,7,,,,Plein jour,Hors agglomération,Hors intersection,Pluie légère,Sans collision,,,,,,,,,,,1,1,1,2.0,7
201300056910,0013-09-13 09:30:00,13,9,13,9,30,971,7,,,,Plein jour,Hors agglomération,Hors intersection,Normale,Deux véhicules - côté,,,,,,,,,,,1,1,1,1.0,3
201300056911,0013-09-20 23:15:00,13,9,20,23,15,971,7,,,,Nuit avec éclairage non allumé,Hors agglomération,Giratoire,Normale,Deux véhicules - frontale,,,,,,,,,,,4,1,6,1.0,1
201300056912,0013-11-16 18:00:00,13,11,16,18,0,971,7,Rue de la Sarde,,,Nuit avec éclairage non allumé,En agglomération,Hors intersection,Normale,Deux véhicules - côté,,,,,,,,,,,4,2,1,1.0,3
201300056913,0013-12-13 12:45:00,13,12,13,12,45,971,7,,,,Plein jour,Hors agglomération,Hors intersection,Normale,Autre collision,,,,,,,,,,,1,1,1,1.0,6
201300056914,0013-12-24 11:00:00,13,12,24,11,0,971,7,,,,Plein jour,Hors agglomération,Hors intersection,Normale,Trois véhicules et plus - collisions multiples,,,,,,,,,,,1,1,1,1.0,5
201300056915,0013-01-03 11:45:00,13,1,3,11,45,971,31,,,,Plein jour,Hors agglomération,Hors intersection,Normale,Sans collision,,,,,,,,,,,1,1,1,1.0,7
201300056916,0013-11-12 07:15:00,13,11,12,7,15,971,30,rue des ?coles,,,Plein jour,En agglomération,Hors intersection,Normale,Autre collision,,,,,,,,,,,1,2,1,1.0,6
201300056917,0013-02-27 00:15:00,13,2,27,0,15,971,15,,,,Nuit avec éclairage allumé,Hors agglomération,Hors intersection,Normale,Sans collision,,,,,,,,,,,5,1,1,1.0,7
201300056918,0013-03-09 19:45:00,13,3,9,19,45,971,15,,,,Nuit avec éclairage allumé,Hors agglomération,Hors intersection,Normale,Deux véhicules - côté,,,,,,,,,,,5,1,1,1.0,3
201300056919,0013-06-15 08:15:00,13,6,15,8,15,971,15,,,,Nuit avec éclairage allumé,Hors agglomération,Hors intersection,Normale,Deux véhicules - frontale,,,,,,,,,,,5,1,1,1.0,1
201300056920,0013-07-14 07:30:00,13,7,14,7,30,971,15,,,,Plein jour,Hors agglomération,Hors intersection,Normale,Deux véhicules - frontale,,,,,,,,,,,1,1,1,1.0,1
201300056921,0013-09-29 13:00:00,13,9,29,13,0,971,15,,,,Plein jour,Hors agglomération,Hors intersection,Normale,Deux véhicules - arrière,,,,,,,,,,,1,1,1,1.0,2
201300056922,0013-10-04 16:30:00,13,10,4,16,30,971,15,,,,Plein jour,En agglomération,Hors intersection,Normale,Deux véhicules - arrière,,,,,,,,,,,1,2,1,1.0,2
201300056923,0013-10-30 10:45:00,13,10,30,10,45,971,15,,,,Plein jour,Hors agglomération,Hors intersection,Normale,Deux véhicules - frontale,,,,,,,,,,,1,1,1,1.0,1
201300056924,0013-11-13 15:00:00,13,11,13,15,0,971,15,,,,Plein jour,Hors agglomération,Hors intersection,Normale,Autre collision,,,,,,,,,,,1,1,1,1.0,6
201300056925,0013-11-30 05:45:00,13,11,30,5,45,971,15,,,,Crépuscule ou aube,Hors agglomération,Hors intersection,Normale,Deux véhicules - frontale,,,,,,,,,,,2,1,1,1.0,1
201300056926,0013-12-05 18:15:00,13,12,5,18,15,971,15,,,,Nuit sans éclairage public,Hors agglomération,Hors intersection,Normale,Deux véhicules - arrière,,,,,,,,,,,3,1,1,1.0,2
201300056927,0013-12-16 14:00:00,13,12,16,14,0,971,15,,,,Plein jour,Hors agglomération,Hors intersection,Pluie légère,Deux véhicules - côté,,,,,,,,,,,1,1,1,2.0,3
201300056928,0013-01-01 06:00:00,13,1,1,6,0,971,18,,,,Crépuscule ou aube,Hors agglomération,Hors intersection,Normale,Sans collision,,,,,,,,,,,2,1,1,1.0,7
201300056929,0013-03-06 05:45:00,13,3,6,5,45,971,18,,,,Nuit sans éclairage public,Hors agglomération,Hors intersection,Normale,Deux véhicules - frontale,,,,,,,,,,,3,1,1,1.0,1
201300056930,0013-03-08 12:00:00,13,3,8,12,0,971,18,,,,Plein jour,Hors agglomération,Hors intersection,Normale,Deux véhicules - frontale,,,,,,,,,,,1,1,1,1.0,1
201300056931,0013-04-30 06:30:00,13,4,30,6,30,971,18,chemin de carr?re,,,Plein jour,En agglomération,Hors intersection,Normale,Autre collision,,,,,,,,,,,1,2,1,1.0,6
201300056932,0013-05-30 06:15:00,13,5,30,6,15,971,18,,,,Plein jour,Hors agglomération,Hors intersection,Normale,Deux véhicules - frontale,,,,,,,,,,,1,1,1,1.0,1
201300056933,0013-06-23 13:00:00,13,6,23,13,0,971,18,,,,Plein jour,Hors agglomération,Hors intersection,Normale,Deux véhicules - frontale,,,,,,,,,,,1,1,1,1.0,1
201300056934,0013-07-11 14:00:00,13,7,11,14,0,971,18,,,,Plein jour,Hors agglomération,Intersection en X,Normale,Deux véhicules - côté,,,,,,,,,,,1,1,2,1.0,3
201300056935,0013-07-23 18:15:00,13,7,23,18,15,971,18,Section BOVIS,,,Plein jour,En agglomération,Hors intersection,Normale,Autre collision,,,,,,,,,,,1,2,1,1.0,6
201300056936,0013-10-27 14:30:00,13,10,27,14,30,971,18,,,,Plein jour,Hors agglomération,Hors intersection,Normale,Deux véhicules - frontale,,,,,,,,,,,1,1,1,1.0,1
201300056937,0013-11-14 22:30:00,13,11,14,22,30,971,18,,,,Nuit sans éclairage public,Hors agglomération,Hors intersection,Normale,Deux véhicules - côté,,,,,,,,,,,3,1,1,1.0,3
201300056938,0013-02-09 21:00:00,13,2,9,21,0,971,29,"RD18, DEsbonnes",,,Nuit sans éclairage public,En agglomération,Hors intersection,Normale,Deux véhicules - côté,,,,,,,,,,,3,2,1,1.0,3
201300056939,0013-02-12 20:30:00,13,2,12,20,30,971,29,,,,Nuit sans éclairage public,Hors agglomération,Hors intersection,Normale,Autre collision,,,,,,,,,,,3,1,1,1.0,6
201300056940,0013-03-05 17:15:00,13,3,5,17,15,971,29,nolivier,,,Plein jour,En agglomération,Hors intersection,Normale,Deux véhicules - côté,,,,,,,,,,,1,2,1,1.0,3
201300056941,0013-03-11 14:30:00,13,3,11,14,30,971,29,,,,Plein jour,Hors agglomération,Hors intersection,Normale,Autre collision,,,,,,,,,,,1,1,1,1.0,6
201300056942,0013-03-23 14:00:00,13,3,23,14,0,971,29,doublon bebel,,,Plein jour,En agglomération,Hors intersection,Normale,Autre collision,,,,,,,,,,,1,2,1,1.0,6
201300056943,0013-03-22 19:30:00,13,3,22,19,30,971,29,la boucan,,,Nuit avec éclairage allumé,En agglomération,Hors intersection,Normale,Deux véhicules - frontale,,,,,,,,,,,5,2,1,1.0,1
201300056944,0013-03-26 12:00:00,13,3,26,12,0,971,29,,,,Plein jour,Hors agglomération,Hors intersection,Normale,Deux véhicules - frontale,,,,,,,,,,,1,1,1,1.0,1
201300056945,0013-04-25 20:30:00,13,4,25,20,30,971,29,Section desbonnes,,,Nuit sans éclairage public,En agglomération,Hors intersection,Pluie légère,Autre collision,,,,,,,,,,,3,2,1,2.0,6
201300056946,0013-05-11 13:15:00,13,5,11,13,15,971,29,,,,Plein jour,Hors agglomération,Hors intersection,Normale,Deux véhicules - frontale,,,,,,,,,,,1,1,1,1.0,1
201300056947,0013-05-18 18:15:00,13,5,18,18,15,971,29,le bourg,,,Crépuscule ou aube,En agglomération,Hors intersection,Normale,Deux véhicules - côté,,,,,,,,,,,2,2,1,1.0,3
201300056948,0013-06-12 06:30:00,13,6,12,6,30,971,29,route de Lima,,,Plein jour,En agglomération,Intersection en T,Normale,Deux véhicules - frontale,,,,,,,,,,,1,2,3,1.0,1
201300056949,0013-06-14 14:30:00,13,6,14,14,30,971,29,,,,Plein jour,Hors agglomération,Hors intersection,Pluie légère,Autre collision,,,,,,,,,,,1,1,1,2.0,6