accident_id,datetime,annee,mois,jour,heure,minute,departement,commune_insee,adresse,latitude,longitude,luminosite,agglomeration,intersection,meteo,collision,nb_vehicules,nb_usagers,nb_indemnes,nb_tues,nb_blesses_hosp,nb_blesses_legers,age_cond_1,age_cond_2,veh_type_cond_1,veh_type_cond_2,lum_code,agg_code,int_code,atm_code,col_code
201300057363,0013-08-17 05:45:00,13,8,17,5,45,972,21,,,,Crépuscule ou aube,Hors agglomération,Hors intersection,Normale,Deux véhicules - frontale,,,,,,,,,,,2,1,1,1.0,1
201300057364,0013-08-19 01:15:00,13,8,19,1,15,972,21,,,,Nuit sans éclairage public,Hors agglomération,Hors intersection,Pluie forte,Deux véhicules - arrière,,,,,,,,,,,3,1,1,3.0,2
201300057365,0013-10-17 12:45:00,13,10,17,12,45,972,21,,,,Plein jour,Hors agglomération,Hors intersection,Normale,Deux véhicules - côté,,,,,,,,,,,1,1,1,1.0,3
201300057366,0013-10-26 05:00:00,13,10,26,5,0,972,21,,,,Crépuscule ou aube,Hors agglomération,Hors intersection,Normale,Autre collision,,,,,,,,,,,2,1,1,1.0,6
201300057367,0013-10-31 10:00:00,13,10,31,10,0,972,31,Rue Imp?ratice Jos?phine,,,Plein jour,En agglomération,Hors intersection,Normale,Autre collision,,,,,,,,,,,1,2,1,1.0,6
201300057368,0013-11-17 13:30:00,13,11,17,13,30,972,21,,,,Plein jour,Hors agglomération,Hors intersection,Normale,Trois véhicules et plus - collisions multiples,,,,,,,,,,,1,1,1,1.0,5
201300057369,0013-12-29 22:15:00,13,12,29,22,15,972,21,,,,Nuit sans éclairage public,Hors agglomération,Hors intersection,Pluie légère,Autre collision,,,,,,,,,,,3,1,1,2.0,6
201300057370,0013-01-09 06:45:00,13,1,9,6,45,972,7,,,,Plein jour,Hors agglomération,Hors intersection,Normale,Deux véhicules - côté,,,,,,,,,,,1,1,1,1.0,3
201300057371,0013-03-09 18:45:00,13,3,9,18,45,972,23,RD6 inter J. FERRY,,,Nuit avec éclairage allumé,En agglomération,Hors intersection,Normale,Deux véhicules - frontale,,,,,,,,,,,5,2,1,1.0,1
201300057372,0013-03-11 17:45:00,13,3,11,17,45,972,7,,,,Plein jour,Hors agglomération,Hors intersection,Normale,Sans collision,,,,,,,,,,,1,1,1,1.0,7
201300057373,0013-03-26 12:30:00,13,3,26,12,30,972,7,AVENUE FRANTZ FANON,,,Plein jour,En agglomération,Hors intersection,Normale,Autre collision,,,,,,,,,,,1,2,1,1.0,6
201300057374,0013-04-12 15:15:00,13,4,12,15,15,972,7,Rue Edgar DUMAUZE,,,Plein jour,En agglomération,Hors intersection,Normale,Autre collision,,,,,,,,,,,1,2,1,1.0,6
201300057375,0013-05-05 08:00:00,13,5,5,8,0,972,7,D4 quartier Morne Vert,,,Plein jour,En agglomération,Hors intersection,Normale,Deux véhicules - frontale,,,,,,,,,,,1,2,1,1.0,1
201300057376,0013-05-11 05:00:00,13,5,11,5,0,972,7,RN5,,,Crépuscule ou aube,En agglomération,Hors intersection,Normale,Autre collision,,,,,,,,,,,2,2,1,1.0,6
201300057377,0013-11-23 22:45:00,13,11,23,22,45,972,7,,,,Nuit sans éclairage public,Hors agglomération,Hors intersection,Normale,Trois véhicules et plus - collisions multiples,,,,,,,,,,,3,1,1,1.0,5
201300057378,0013-03-15 19:00:00,13,3,15,19,0,972,14,14 RUE DES RAMIERS,,,Nuit avec éclairage allumé,En agglomération,Hors intersection,Normale,Deux véhicules - côté,,,,,,,,,,,5,2,1,1.0,3
201300057379,0013-03-17 19:00:00,13,3,17,19,0,972,16,RN1 bourg,,,Nuit avec éclairage allumé,En agglomération,Hors intersection,Normale,Autre collision,,,,,,,,,,,5,2,1,1.0,6
201300057380,0013-02-14 13:45:00,13,2,14,13,45,972,22,,,,Plein jour,Hors agglomération,Hors intersection,Normale,Sans collision,,,,,,,,,,,1,1,1,1.0,7
201300057381,0013-02-21 06:30:00,13,2,21,6,30,972,12,,,,Plein jour,Hors agglomération,Hors intersection,Normale,Deux véhicules - côté,,,,,,,,,,,1,1,1,1.0,3
201300057382,0013-02-25 06:30:00,13,2,25,6,30,972,12,RD 15 - Flamboyant,,,Crépuscule ou aube,En agglomération,Hors intersection,Normale,Autre collision,,,,,,,,,,,2,2,1,1.0,6
201300057383,0013-02-28 19:00:00,13,2,28,19,0,972,22,boulevard Edouard Pid?ry,,,Nuit avec éclairage allumé,En agglomération,Giratoire,Normale,Autre collision,,,,,,,,,,,5,2,6,1.0,6
201300057384,0013-03-09 15:30:00,13,3,9,15,30,972,12,,,,Plein jour,Hors agglomération,Hors intersection,Normale,Deux véhicules - frontale,,,,,,,,,,,1,1,1,1.0,1
201300057385,0013-03-17 21:45:00,13,3,17,21,45,972,22,,,,Nuit avec éclairage allumé,Hors agglomération,Hors intersection,Normale,Deux véhicules - côté,,,,,,,,,,,5,1,1,1.0,3
201300057386,0013-05-02 19:00:00,13,5,2,19,0,972,12,xx,,,Nuit avec éclairage allumé,Hors agglomération,Hors intersection,Normale,Deux véhicules - côté,,,,,,,,,,,5,1,1,1.0,3
201300057387,0013-06-23 03:30:00,13,6,23,3,30,972,22,,,,Nuit sans éclairage public,Hors agglomération,Hors intersection,Normale,Sans collision,,,,,,,,,,,3,1,1,1.0,7
201300057388,0013-09-15 05:30:00,13,9,15,5,30,972,22,,,,Crépuscule ou aube,Hors agglomération,Hors intersection,Pluie légère,Sans collision,,,,,,,,,,,2,1,1,2.0,7
201300057389,0013-10-18 20:15:00,13,10,18,20,15,972,22,Route de Pointe Fort,,,Nuit avec éclairage allumé,En agglomération,Hors intersection,Normale,Deux véhicules - côté,,,,,,,,,,,5,2,1,1.0,3
201300057390,0013-11-07 17:30:00,13,11,7,17,30,972,22,RN 1,,,Nuit sans éclairage public,En agglomération,Hors intersection,Normale,Autre collision,,,,,,,,,,,3,2,1,1.0,6
201300057391,0013-11-11 21:00:00,13,11,11,21,0,972,12,,,,Nuit avec éclairage allumé,Hors agglomération,Hors intersection,Normale,Deux véhicules - frontale,,,,,,,,,,,5,1,1,1.0,1
201300057392,0013-01-01 03:30:00,13,1,1,3,30,974,4,CD Rue raymond Barre,,,Nuit sans éclairage public,En agglomération,Hors intersection,Normale,Deux véhicules - côté,,,,,,,,,,,3,2,1,1.0,3
201300057393,0013-03-16 16:45:00,13,3,16,16,45,974,1,chemin Kerbel,,,Plein jour,En agglomération,Hors intersection,Normale,Autre collision,,,,,,,,,,,1,2,1,1.0,6
201300057394,0013-03-19 10:45:00,13,3,19,10,45,974,4,re du casier rd 11,,,Plein jour,En agglomération,Hors intersection,Normale,Deux véhicules - côté,,,,,,,,,,,1,2,1,1.0,3
201300057395,0013-05-14 12:00:00,13,5,14,12,0,974,4,,,,Plein jour,Hors agglomération,Intersection en T,Normale,Deux véhicules - frontale,,,,,,,,,,,1,1,3,1.0,1
201300057396,0013-05-16 17:15:00,13,5,16,17,15,974,1,rue de l'?glise,,,Plein jour,En agglomération,Hors intersection,Normale,Deux véhicules - côté,,,,,,,,,,,1,2,1,1.0,3
201300057397,0013-09-29 16:00:00,13,9,29,16,0,974,4,avenue Raymond barre,,,Plein jour,En agglomération,Hors intersection,Normale,Autre collision,,,,,,,,,,,1,2,1,1.0,6
201300057398,0013-10-08 15:15:00,13,10,8,15,15,974,4,,,,Plein jour,Hors agglomération,Hors intersection,Normale,Deux véhicules - arrière,,,,,,,,,,,1,1,1,1.0,2
201300057399,0013-12-10 14:30:00,13,12,10,14,30,974,1,,,,Plein jour,Hors agglomération,Hors intersection,Normale,Deux véhicules - arrière,,,,,,,,,,,1,1,1,1.0,2
201300057400,0013-05-03 16:45:00,13,5,3,16,45,974,5,RUE MEZINO,,,Plein jour,Hors agglomération,Hors intersection,Pluie forte,Sans collision,,,,,,,,,,,1,1,1,3.0,7
201300057401,0013-02-10 03:30:00,13,2,10,3,30,974,22,,,,Nuit sans éclairage public,Hors agglomération,Hors intersection,Pluie légère,Deux véhicules - frontale,,,,,,,,,,,3,1,1,2.0,1
201300057402,0013-02-17 01:15:00,13,2,17,1,15,974,22,,,,Nuit sans éclairage public,Hors agglomération,Hors intersection,Normale,Autre collision,,,,,,,,,,,3,1,1,1.0,6
201300057403,0013-05-17 09:00:00,13,5,17,9,0,974,22,54 rue du G?n?ral De Gau,,,Plein jour,En agglomération,Hors intersection,Normale,Deux véhicules - côté,,,,,,,,,,,1,2,1,1.0,3
201300057404,0013-02-05 09:45:00,13,2,5,9,45,971,5,Z.A.  CALBASSIER,,,Plein jour,En agglomération,Hors intersection,Normale,Autre collision,,,,,,,,,,,1,2,1,1.0,6
201300057405,0013-02-07 15:40:00,13,2,7,15,40,971,5,FELIX EBOUE (BOULVARD G.,,,Plein jour,En agglomération,Intersection en X,Normale,Deux véhicules - côté,,,,,,,,,,,1,2,2,1.0,3
201300057406,0013-03-01 17:45:00,13,3,1,17,45,971,5,"00, CHARLES DE GAULLE (B",,,Plein jour,En agglomération,Giratoire,Normale,Deux véhicules - frontale,,,,,,,,,,,1,2,6,1.0,1
201300057407,0013-03-05 12:35:00,13,3,5,12,35,971,5,PERES DOMINICAINS(AVENUE,,,Plein jour,En agglomération,Hors intersection,Normale,Deux véhicules - côté,,,,,,,,,,,1,2,1,1.0,3
201300057408,0013-03-09 22:00:00,13,3,9,22,0,971,5,RN2,,,Nuit avec éclairage allumé,En agglomération,Hors intersection,Normale,Deux véhicules - côté,,,,,,,,,,,5,2,1,1.0,3
201300057409,0013-03-23 23:45:00,13,3,23,23,45,971,5,CHARLES DE GAULLE (BD DU,,,Nuit avec éclairage allumé,En agglomération,Hors intersection,Normale,Deux véhicules - frontale,,,,,,,,,,,5,2,1,1.0,1
201300057410,0013-04-03 20:15:00,13,4,3,20,15,971,5,R.N.3,,,Nuit avec éclairage allumé,En agglomération,Hors intersection,Normale,Sans collision,,,,,,,,,,,5,2,1,1.0,7
201300057411,0013-04-10 10:10:00,13,4,10,10,10,971,5,R.N.3,,,Plein jour,Hors agglomération,Hors intersection,Normale,Deux véhicules - côté,,,,,,,,,,,1,1,1,1.0,3
201300057412,0013-04-17 17:31:00,13,4,17,17,31,971,5,CHARLES DE GAULLE (BOULE,,,Plein jour,En agglomération,Hors intersection,Normale,Deux véhicules - frontale,,,,,,,,,,,1,2,1,1.0,1
201300057413,0013-04-28 07:35:00,13,4,28,7,35,971,5,CHARLES DE GAULLE (BD DU,,,Plein jour,En agglomération,Hors intersection,Normale,Autre collision,,,,,,,,,,,1,2,1,1.0,6
201300057414,0013-05-17 14:55:00,13,5,17,14,55,971,5,ABBE GREGOIRE (AV),,,Plein jour,En agglomération,Hors intersection,Normale,Deux véhicules - frontale,,,,,,,,,,,1,2,1,1.0,1
201300057415,0013-06-01 08:00:00,13,6,1,8,0,971,5,GOUVERNEUR DU LYON (AVE),,,Plein jour,En agglomération,Giratoire,Normale,Deux véhicules - côté,,,,,,,,,,,1,2,6,1.0,3
201300057416,0013-07-26 13:15:00,13,7,26,13,15,971,21,ARLES DE GAULLE (BD DU,,,Plein jour,En agglomération,Hors intersection,,Deux véhicules - côté,,,,,,,,,,,1,2,1,,3
201300057417,0013-08-13 13:55:00,13,8,13,13,55,971,21,LOGNE (ROUTE DE),,,Plein jour,Hors agglomération,Hors intersection,,Deux véhicules - côté,,,,,,,,,,,1,1,1,,3
201300057418,0013-09-06 13:55:00,13,9,6,13,55,971,20,LOGNE (ROUTE DE),,,Plein jour,En agglomération,Hors intersection,,Deux véhicules - côté,,,,,,,,,,,1,2,1,,3
201300057419,0013-09-27 18:30:00,13,9,27,18,30,971,22,LOGNE (ROUTE DE),,,Nuit avec éclairage allumé,Hors agglomération,Intersection en T,Normale,Deux véhicules - côté,,,,,,,,,,,5,1,3,1.0,3
201300057420,0013-09-29 09:00:00,13,9,29,9,0,971,5,MAUCHANAL (RUE),,,Plein jour,En agglomération,Hors intersection,Normale,Autre collision,,,,,,,,,,,1,2,1,1.0,6
201300057421,0013-10-29 12:00:00,13,10,29,12,0,971,5,"05, VICTOR HUGUES (RUE)",,,Plein jour,En agglomération,Hors intersection,Normale,Autre collision,,,,,,,,,,,1,2,1,1.0,6
201300057422,0013-11-08 15:50:00,13,11,8,15,50,971,5,"55, FELIX EBOUE (BOULVAR",,,Plein jour,En agglomération,Hors intersection,Normale,Deux véhicules - arrière,,,,,,,,,,,1,2,1,1.0,2
201300057423,0013-11-12 17:00:00,13,11,12,17,0,971,5,LARDENOY (RUE DE ),,,Plein jour,En agglomération,Hors intersection,Normale,Autre collision,,,,,,,,,,,1,2,1,1.0,6
201300057424,0013-11-17 10:00:00,13,11,17,10,0,971,5,CABRE (RUE DU DOCTEUR),,,Plein jour,En agglomération,Intersection en X,Normale,Deux véhicules - côté,,,,,,,,,,,1,2,2,1.0,3
201300057425,0013-11-22 19:15:00,13,11,22,19,15,971,29,UL LACAVE (AVENUE ),,,Nuit avec éclairage allumé,Hors agglomération,Hors intersection,,Deux véhicules - côté,,,,,,,,,,,5,1,1,,3
201300057426,0013-12-07 22:20:00,13,12,7,22,20,971,5,SIDAMBAROM(AVENUE),,,Nuit avec éclairage allumé,Hors agglomération,Hors intersection,Pluie forte,Autre collision,,,,,,,,,,,5,1,1,3.0,6
201300057427,0013-12-10 16:15:00,13,12,10,16,15,971,5,GASTON FEUILLARD(AVENUE),,,Plein jour,En agglomération,Hors intersection,Normale,Autre collision,,,,,,,,,,,1,2,1,1.0,6
201300057428,0013-01-14 11:00:00,13,1,14,11,0,971,7,DUMANOIR ( ALLEE ),,,Plein jour,En agglomération,Hors intersection,Normale,Deux véhicules - côté,,,,,,,,,,,1,2,1,1.0,3
201300057429,0013-12-22 23:40:00,13,12,22,23,40,971,7,6SAINT RUFF (AVENUE),,,Nuit avec éclairage allumé,En agglomération,Hors intersection,Normale,Autre collision,,,,,,,,,,,5,2,1,1.0,6
201300057430,0013-01-13 11:20:00,13,1,13,11,20,971,7,GERMAIN ST RUF (AVENUE ),,,Plein jour,En agglomération,Hors intersection,Pluie forte,Deux véhicules - côté,,,,,,,,,,,1,2,1,3.0,3
201300057431,0013-01-17 18:30:00,13,1,17,18,30,971,7,DELGRES ( BOULEVARD ),,,Nuit avec éclairage allumé,En agglomération,Intersection en T,Normale,Autre collision,,,,,,,,,,,5,2,3,1.0,6
201300057432,0013-03-15 20:30:00,13,3,15,20,30,971,7,FLAMBOYANTS ( ALLEE DES),,,Nuit avec éclairage allumé,En agglomération,Hors intersection,Normale,Deux véhicules - côté,,,,,,,,,,,5,2,1,1.0,3
201300057433,0013-05-03 19:00:00,13,5,3,19,0,971,7,DELGRES ( BOULEVARD ),,,Nuit avec éclairage allumé,En agglomération,Autre intersection,Normale,Deux véhicules - côté,,,,,,,,,,,5,2,9,1.0,3
201300057434,0013-05-16 19:00:00,13,5,16,19,0,971,7,FLAMBOYANTS ( ALLEE DES,,,Nuit avec éclairage allumé,En agglomération,Intersection en T,Normale,Autre collision,,,,,,,,,,,5,2,3,1.0,6
201300057435,0013-05-17 15:10:00,13,5,17,15,10,971,7,GERARD MARIANNE,,,Plein jour,En agglomération,Intersection en X,Normale,Deux véhicules - frontale,,,,,,,,,,,1,2,2,1.0,1
201300057436,0013-05-17 18:55:00,13,5,17,18,55,971,7,PAUL LACAVE ( AVENUE ),,,Nuit avec éclairage non allumé,En agglomération,Hors intersection,Normale,Deux véhicules - côté,,,,,,,,,,,4,2,1,1.0,3
201300057437,0013-05-21 19:40:00,13,5,21,19,40,971,7,"2, MARQUISAT ( ROUTE DE",,,Nuit avec éclairage allumé,En agglomération,Hors intersection,Normale,Deux véhicules - frontale,,,,,,,,,,,5,2,1,1.0,1
201300057438,0013-07-06 15:00:00,13,7,6,15,0,971,7,MARQUISAT ( ROUTE DE ),,,Plein jour,Hors agglomération,Hors intersection,Normale,Deux véhicules - arrière,,,,,,,,,,,1,1,1,1.0,2
201300057439,0013-08-08 15:55:00,13,8,8,15,55,971,7,PAUL LACAVE ( AVENUE ),,,Plein jour,En agglomération,Hors intersection,Normale,Deux véhicules - côté,,,,,,,,,,,1,2,1,1.0,3
201300057440,0013-08-17 23:50:00,13,8,17,23,50,971,7,7MARQUISAT ( ROUTE DE ),,,Nuit avec éclairage allumé,En agglomération,Hors intersection,Normale,Autre collision,,,,,,,,,,,5,2,1,1.0,6
201300057441,0013-08-18 23:50:00,13,8,18,23,50,971,7,MARQUISAT ( ROUTE DE ),,,Nuit avec éclairage allumé,En agglomération,Hors intersection,Normale,Autre collision,,,,,,,,,,,5,2,1,1.0,6
201300057442,0013-08-17 17:00:00,13,8,17,17,0,971,7,DELGRES ( BOULEVARD ),,,Crépuscule ou aube,En agglomération,Hors intersection,Normale,Autre collision,,,,,,,,,,,2,2,1,1.0,6
201300057443,0013-08-08 11:15:00,13,8,8,11,15,971,7,MARQUISAT ( ROUTE DE ),,,Plein jour,En agglomération,Hors intersection,Normale,Deux véhicules - côté,,,,,,,,,,,1,2,1,1.0,3
201300057444,0013-11-17 13:00:00,13,11,17,13,0,971,7,3GERMAIN ST RUF (AVENUE,,,Plein jour,En agglomération,Intersection en X,Normale,Deux véhicules - frontale,,,,,,,,,,,1,2,2,1.0,1
201300057445,0013-07-25 21:25:00,13,7,25,21,25,971,7,7SAINT RUFF (AVENUE),,,Nuit avec éclairage allumé,En agglomération,Hors intersection,Normale,Autre collision,,,,,,,,,,,5,2,1,1.0,6
201300057446,0013-12-10 16:05:00,13,12,10,16,5,971,7,1SAINT RUFF (AVENUE),,,Plein jour,En agglomération,Intersection en X,Pluie forte,Trois véhicules et plus - collisions multiples,,,,,,,,,,,1,2,2,3.0,5
201300057447,0013-01-02 16:05:00,13,1,2,16,5,971,13,"RN4, Morne Salines",,,Plein jour,Hors agglomération,Intersection en T,Normale,Deux véhicules - côté,,,,,,,,,,,1,1,3,1.0,3
201300057448,0013-01-03 13:30:00,13,1,3,13,30,971,13,"RD 119, GENERAL DE GAULL",,,Plein jour,En agglomération,Intersection en X,Normale,Deux véhicules - côté,,,,,,,,,,,1,2,2,1.0,3
201300057449,0013-02-21 08:00:00,13,2,21,8,0,971,7,3ELIE CHAUFFREIN ( RUE ),,,Plein jour,En agglomération,Hors intersection,Normale,Deux véhicules - frontale,,,,,,,,,,,1,2,1,1.0,1
201300057450,0013-01-06 03:48:00,13,1,6,3,48,971,13,"RN 4, RN4-ROND POINT SAI",,,Nuit avec éclairage allumé,Hors agglomération,Hors intersection,Normale,Autre collision,,,,,,,,,,,5,1,1,1.0,6
201300057451,0013-01-06 19:20:00,13,1,6,19,20,971,20,"RD 103, HOPITAL (BOULEVA",,,Nuit avec éclairage allumé,En agglomération,Hors intersection,Temps couvert,Deux véhicules - côté,,,,,,,,,,,5,2,1,8.0,3
201300057452,0013-01-09 10:10:00,13,1,9,10,10,971,1,"RN 4, CHAUVEL",,,Plein jour,Hors agglomération,Hors intersection,Normale,Deux véhicules - arrière,,,,,,,,,,,1,1,1,1.0,2
201300057453,0013-03-25 18:00:00,13,3,25,18,0,971,7,3GALBAS (CHEMIN DES ),,,Plein jour,En agglomération,Hors intersection,,Deux véhicules - frontale,,,,,,,,,,,1,2,1,,1
201300057454,0013-01-13 18:00:00,13,1,13,18,0,971,1,"RD129, DUGAZON",,,Crépuscule ou aube,En agglomération,Giratoire,Normale,Autre collision,,,,,,,,,,,2,2,6,1.0,6
201300057455,0013-01-13 21:20:00,13,1,13,21,20,971,1,"00, MARECHAL LECLERC",,,Nuit avec éclairage allumé,En agglomération,Intersection en X,Normale,Deux véhicules - côté,,,,,,,,,,,5,2,2,1.0,3
201300057456,0013-01-20 05:30:00,13,1,20,5,30,971,1,"00, ROUTE DE BOULIQUI",,,Crépuscule ou aube,Hors agglomération,Hors intersection,Normale,Deux véhicules - frontale,,,,,,,,,,,2,1,1,1.0,1
201300057457,0013-01-20 16:20:00,13,1,20,16,20,971,13,"RD 119, ROUTE DE PERINET",,,Plein jour,En agglomération,Hors intersection,Normale,Deux véhicules - côté,,,,,,,,,,,1,2,1,1.0,3
201300057458,0013-01-20 22:21:00,13,1,20,22,21,971,20,"00, BD LEGITIMUS",,,Nuit avec éclairage allumé,En agglomération,Passage à niveau,Normale,Autre collision,,,,,,,,,,,5,2,8,1.0,6
201300057459,0013-01-27 16:00:00,13,1,27,16,0,971,1,"00, MAIRIE",,,Plein jour,En agglomération,Intersection en X,Pluie légère,Autre collision,,,,,,,,,,,1,2,2,2.0,6
201300057460,0013-02-01 17:50:00,13,2,1,17,50,971,1,"00, DUGAZON DE BOURGOGNE",,,Plein jour,Hors agglomération,Intersection en T,Normale,Deux véhicules - côté,,,,,,,,,,,1,1,3,1.0,3
201300057461,0013-02-06 18:45:00,13,2,6,18,45,971,13,"RN 4, BAS DU FORT",,,Crépuscule ou aube,Hors agglomération,Hors intersection,Normale,Trois véhicules et plus - en chaîne,,,,,,,,,,,2,1,1,1.0,4
201300057462,0013-02-04 08:35:00,13,2,4,8,35,971,13,"RN 4, RN4 - SECTION RIVI",,,Plein jour,En agglomération,Hors intersection,Normale,Trois véhicules et plus - collisions multiples,,,,,,,,,,,1,2,1,1.0,5
201300057463,0013-02-08 12:05:00,13,2,8,12,5,971,1,"RD 125, GRAND CAMP(SECTI",,,Plein jour,En agglomération,Hors intersection,Normale,Autre collision,,,,,,,,,,,1,2,1,1.0,6
201300057464,0013-02-10 02:25:00,13,2,10,2,25,971,13,"RD 103, SECTION COCOYER",,,Nuit avec éclairage allumé,Hors agglomération,Hors intersection,Normale,Sans collision,,,,,,,,,,,5,1,1,1.0,7
201300057465,0013-02-13 05:20:00,13,2,13,5,20,971,13,"RD 103, SECTION COCOYER",,,Nuit avec éclairage allumé,En agglomération,Hors intersection,Normale,Autre collision,,,,,,,,,,,5,2,1,1.0,6
201300057466,0013-02-14 20:50:00,13,2,14,20,50,971,1,"RN 11, RN11",,,Nuit sans éclairage public,Hors agglomération,Hors intersection,Normale,Autre collision,,,,,,,,,,,3,1,1,1.0,6
201300057467,0013-02-23 09:45:00,13,2,23,9,45,971,13,"RN 4, SECTION MARE-GAILL",,,Plein jour,En agglomération,Hors intersection,Normale,Autre collision,,,,,,,,,,,1,2,1,1.0,6
201300057468,0013-02-28 13:05:00,13,2,28,13,5,971,1,"RD 103, BESSON",,,Plein jour,En agglomération,Hors intersection,Normale,Deux véhicules - arrière,,,,,,,,,,,1,2,1,1.0,2
201300057469,0013-10-29 12:00:00,13,10,29,12,0,971,20,", VICTOR HUGUES (RUE)",,,Plein jour,Hors agglomération,Giratoire,Normale,Autre collision,,,,,,,,,,,1,1,6,1.0,6
201300057470,0013-02-16 19:30:00,13,2,16,19,30,971,1,"RN 5, RN05",,,Nuit sans éclairage public,En agglomération,Hors intersection,Normale,Autre collision,,,,,,,,,,,3,2,1,1.0,6
201300057471,0013-11-08 15:50:00,13,11,8,15,50,971,5,", FELIX EBOUE (BOULVAR",,,Plein jour,Hors agglomération,Hors intersection,Brouillard / fumée,Autre collision,,,,,,,,,,,1,1,1,5.0,6
201300057472,0013-11-12 17:00:00,13,11,12,17,0,971,5,RDENOY (RUE DE ),,,Plein jour,Hors agglomération,Giratoire,,Autre collision,,,,,,,,,,,1,1,6,,6
201300057473,0013-03-07 00:55:00,13,3,7,0,55,971,1,"RD 126, PALAIS ROYAL",,,Nuit sans éclairage public,Hors agglomération,Hors intersection,Normale,Deux véhicules - arrière,,,,,,,,,,,3,1,1,1.0,2
201300057474,0013-03-05 16:55:00,13,3,5,16,55,971,13,"8, GENERAL DE GAULLE (A",,,Plein jour,En agglomération,Hors intersection,Normale,Deux véhicules - côté,,,,,,,,,,,1,2,1,1.0,3
201300057475,0013-11-17 10:00:00,13,11,17,10,0,971,5,CABRE (RUE DU DOCTEUR),,,Plein jour,Hors agglomération,Intersection en T,,Deux véhicules - côté,,,,,,,,,,,1,1,3,,3
201300057476,0013-03-10 19:50:00,13,3,10,19,50,971,1,"RD 101, CHAZEAU",,,Nuit avec éclairage allumé,Hors agglomération,Hors intersection,Normale,Deux véhicules - côté,,,,,,,,,,,5,1,1,1.0,3
201300057477,0013-03-15 13:55:00,13,3,15,13,55,971,1,"00, PETIT PEROU",,,Plein jour,Hors agglomération,Intersection en T,Normale,Autre collision,,,,,,,,,,,1,1,3,1.0,6
201300057478,0013-03-15 17:22:00,13,3,15,17,22,971,1,"00, POINTE D'OR",,,Nuit avec éclairage allumé,En agglomération,Hors intersection,Normale,Autre collision,,,,,,,,,,,5,2,1,1.0,6
201300057479,0013-03-15 20:05:00,13,3,15,20,5,971,20,"RD 103, HOPITAL (BOULEVA",,,Nuit avec éclairage allumé,En agglomération,Intersection en T,Normale,Deux véhicules - côté,,,,,,,,,,,5,2,3,1.0,3
201300057480,0013-03-21 06:30:00,13,3,21,6,30,971,13,"RN 4, SECTION PLIANE",,,Plein jour,En agglomération,Hors intersection,Normale,Deux véhicules - arrière,,,,,,,,,,,1,2,1,1.0,2
201300057481,0013-03-23 22:54:00,13,3,23,22,54,971,20,"00, RAPHAEL CIPOLIN",,,Nuit avec éclairage allumé,En agglomération,Hors intersection,Normale,Autre collision,,,,,,,,,,,5,2,1,1.0,6
201300057482,0013-04-01 18:02:00,13,4,1,18,2,971,1,"RD 129, LACROIX",,,Plein jour,En agglomération,Hors intersection,Normale,Autre collision,,,,,,,,,,,1,2,1,1.0,6
201300057483,0013-04-06 12:10:00,13,4,6,12,10,971,1,"RN 5, HIBISCUS",,,Plein jour,Hors agglomération,Hors intersection,Normale,Autre collision,,,,,,,,,,,1,1,1,1.0,6
201300057484,0013-04-07 18:00:00,13,4,7,18,0,971,1,"00, POINTE D'OR",,,Plein jour,En agglomération,Hors intersection,Normale,Autre collision,,,,,,,,,,,1,2,1,1.0,6
201300057485,0013-04-08 08:20:00,13,4,8,8,20,971,13,"00, Section Port Blanc",,,Plein jour,Hors agglomération,Hors intersection,Normale,Deux véhicules - frontale,,,,,,,,,,,1,1,1,1.0,1
201300057486,0013-04-08 20:00:00,13,4,8,20,0,971,1,"RN 5, DOTHEMARE",,,Nuit avec éclairage non allumé,Hors agglomération,Hors intersection,Normale,Autre collision,,,,,,,,,,,4,1,1,1.0,6
201300057487,0013-04-09 13:00:00,13,4,9,13,0,971,13,"RD 127, MONTAUBAN (SECTE",,,Plein jour,En agglomération,Hors intersection,Normale,Deux véhicules - arrière,,,,,,,,,,,1,2,1,1.0,2
201300057488,0013-04-10 18:45:00,13,4,10,18,45,971,13,"12, MONTAUBAN (SECTEUR)",,,Nuit avec éclairage allumé,En agglomération,Hors intersection,Normale,Autre collision,,,,,,,,,,,5,2,1,1.0,6
201300057489,0013-04-12 08:05:00,13,4,12,8,5,971,1,"RD 129, LOTISSEMENT FARR",,,Plein jour,Hors agglomération,Intersection en T,Normale,Deux véhicules - côté,,,,,,,,,,,1,1,3,1.0,3
201300057490,0013-04-14 12:45:00,13,4,14,12,45,971,1,"RD 125, LE RAIZET(SECTEU",,,Plein jour,En agglomération,Intersection en X,Normale,Deux véhicules - côté,,,,,,,,,,,1,2,2,1.0,3
201300057491,0013-04-13 20:45:00,13,4,13,20,45,971,20,"RD 126, GERTY ARCHIMEDE",,,Nuit sans éclairage public,En agglomération,Hors intersection,Normale,Deux véhicules - frontale,,,,,,,,,,,3,2,1,1.0,1
201300057492,0013-04-14 18:00:00,13,4,14,18,0,971,1,"RD 126, Fr?d?ric JALTON",,,Crépuscule ou aube,En agglomération,Intersection en T,Normale,Deux véhicules - côté,,,,,,,,,,,2,2,3,1.0,3
201300057493,0013-03-28 19:30:00,13,3,28,19,30,971,1,"00, BOZON",,,Nuit avec éclairage non allumé,Hors agglomération,Hors intersection,Normale,Deux véhicules - frontale,,,,,,,,,,,4,1,1,1.0,1
201300057494,0013-04-17 16:03:00,13,4,17,16,3,971,1,"RD 126, Fr?d?ric JALTON",,,Plein jour,En agglomération,Intersection en T,Normale,Deux véhicules - côté,,,,,,,,,,,1,2,3,1.0,3