accident_id,datetime,annee,mois,jour,heure,minute,departement,commune_insee,adresse,latitude,longitude,luminosite,agglomeration,intersection,meteo,collision,nb_vehicules,nb_usagers,nb_indemnes,nb_tues,nb_blesses_hosp,nb_blesses_legers,age_cond_1,age_cond_2,veh_type_cond_1,veh_type_cond_2,lum_code,agg_code,int_code,atm_code,col_code
201300057622,0013-04-27 17:30:00,13,4,27,17,30,972,9,"RN  09, RN9",,,Plein jour,Hors agglomération,Hors intersection,Normale,Sans collision,,,,,,,,,,,1,1,1,1.0,7
201300057623,0013-04-28 20:40:00,13,4,28,20,40,972,9,"Rocade, RD 41",,,Nuit sans éclairage public,En agglomération,Hors intersection,Normale,Autre collision,,,,,,,,,,,3,2,1,1.0,6
201300057624,0013-05-05 02:50:00,13,5,5,2,50,972,9,"Rocade, RD 41",,,Nuit avec éclairage allumé,En agglomération,Hors intersection,Normale,Autre collision,,,,,,,,,,,5,2,1,1.0,6
201300057625,0013-05-06 14:20:00,13,5,6,14,20,972,9,"rd 42, ALFASSA (BOULEVAR",,,Plein jour,En agglomération,Hors intersection,Normale,Autre collision,,,,,,,,,,,1,2,1,1.0,6
201300057626,0013-05-07 16:20:00,13,5,7,16,20,972,9,"RD 52, PASTEUR (AVENUE)",,,Plein jour,En agglomération,Hors intersection,Normale,Autre collision,,,,,,,,,,,1,2,1,1.0,6
201300057627,0013-05-09 10:45:00,13,5,9,10,45,972,9,"Comm, BOIS THIBAULT (CHE",,,Plein jour,Hors agglomération,Intersection en T,Normale,Deux véhicules - côté,,,,,,,,,,,1,1,3,1.0,3
201300057628,0013-05-10 12:55:00,13,5,10,12,55,972,9,"RD 44, REVEREND PERE PIN",,,Plein jour,En agglomération,Hors intersection,Normale,Autre collision,,,,,,,,,,,1,2,1,1.0,6
201300057629,0013-05-10 13:05:00,13,5,10,13,5,972,9,"Comm, BOUILLE (RUE)",,,Plein jour,En agglomération,Hors intersection,Normale,Deux véhicules - côté,,,,,,,,,,,1,2,1,1.0,3
201300057630,0013-05-11 03:45:00,13,5,11,3,45,972,9,"RN03, BALATA (ROUTE DE)",,,Nuit sans éclairage public,Hors agglomération,Hors intersection,Normale,Deux véhicules - frontale,,,,,,,,,,,3,1,1,1.0,1
201300057631,0013-05-16 16:54:00,13,5,16,16,54,972,9,"RN1, MAURICE BISHOP (AVE",,,Plein jour,En agglomération,Hors intersection,Normale,Sans collision,,,,,,,,,,,1,2,1,1.0,7
201300057632,0013-05-18 04:00:00,13,5,18,4,0,972,9,"Comm, JUVENAL LINVAL (RU",,,Nuit avec éclairage allumé,En agglomération,Hors intersection,Temps couvert,Sans collision,,,,,,,,,,,5,2,1,8.0,7
201300057633,0013-05-19 21:15:00,13,5,19,21,15,972,9,"A1, Chateauboeuf  (Pont",,,Nuit avec éclairage allumé,Hors agglomération,Intersection en T,Normale,Deux véhicules - côté,,,,,,,,,,,5,1,3,1.0,3
201300057634,0013-05-21 07:55:00,13,5,21,7,55,972,9,"RD 13, CHATEAUBOEUF (ROU",,,Plein jour,En agglomération,Hors intersection,Pluie légère,Autre collision,,,,,,,,,,,1,2,1,2.0,6
201300057635,0013-05-24 09:20:00,13,5,24,9,20,972,9,"RD13, CHATEAUBOEUF (ROUT",,,Plein jour,En agglomération,Hors intersection,Normale,Autre collision,,,,,,,,,,,1,2,1,1.0,6
201300057636,0013-05-30 10:05:00,13,5,30,10,5,972,9,"RN1, GENERAL DE GAULLE (",,,Plein jour,En agglomération,Hors intersection,Normale,Autre collision,,,,,,,,,,,1,2,1,1.0,6
201300057637,0013-05-31 19:45:00,13,5,31,19,45,972,9,"RD41, RD 41",,,Nuit avec éclairage allumé,En agglomération,Hors intersection,Normale,Autre collision,,,,,,,,,,,5,2,1,1.0,6
201300057638,0013-06-04 13:20:00,13,6,4,13,20,972,9,"RN1, MAURICE BISHOP (AVE",,,Plein jour,En agglomération,Hors intersection,Normale,Deux véhicules - arrière,,,,,,,,,,,1,2,1,1.0,2
201300057639,0013-06-06 12:05:00,13,6,6,12,5,972,9,"Comm, PATRICE LUMUMBA (R",,,Plein jour,En agglomération,Hors intersection,Normale,Deux véhicules - frontale,,,,,,,,,,,1,2,1,1.0,1
201300057640,0013-06-07 11:40:00,13,6,7,11,40,972,9,"RD 45, PROFESSEUR RAYMON",,,Plein jour,Hors agglomération,Hors intersection,Normale,Deux véhicules - côté,,,,,,,,,,,1,1,1,1.0,3
201300057641,0013-06-14 21:55:00,13,6,14,21,55,972,9,"RD13 A, JAMBETTE (ROUTE",,,Nuit avec éclairage allumé,Hors agglomération,Hors intersection,Normale,Deux véhicules - frontale,,,,,,,,,,,5,1,1,1.0,1
201300057642,0013-06-15 17:00:00,13,6,15,17,0,972,9,"RD 13, CHATEAUBOEUF (ROU",,,Plein jour,En agglomération,Hors intersection,Normale,Autre collision,,,,,,,,,,,1,2,1,1.0,6
201300057643,0013-06-16 11:35:00,13,6,16,11,35,972,9,PARADISIERS (AVENUE DES),,,Plein jour,Hors agglomération,Hors intersection,Normale,Sans collision,,,,,,,,,,,1,1,1,1.0,7
201300057644,0013-06-19 21:50:00,13,6,19,21,50,972,9,"Comm, ROBESPIERRE (RUE)",,,Nuit avec éclairage allumé,En agglomération,Intersection en X,Normale,Deux véhicules - côté,,,,,,,,,,,5,2,2,1.0,3
201300057645,0013-06-21 02:15:00,13,6,21,2,15,972,9,"Comm, GEORGES GRATIANT (",,,Nuit sans éclairage public,Hors agglomération,Hors intersection,Normale,Deux véhicules - frontale,,,,,,,,,,,3,1,1,1.0,1
201300057646,0013-06-22 11:00:00,13,6,22,11,0,972,9,"RN1, MAURICE BISHOP (AVE",,,Plein jour,En agglomération,Hors intersection,Normale,Autre collision,,,,,,,,,,,1,2,1,1.0,6
201300057647,0013-06-24 11:25:00,13,6,24,11,25,972,9,"RN1, MAURICE BISHOP (AVE",,,Plein jour,En agglomération,Hors intersection,Normale,Autre collision,,,,,,,,,,,1,2,1,1.0,6
201300057648,0013-06-24 17:00:00,13,6,24,17,0,972,9,"Comm, VICTOR SCHOELCHER",,,Plein jour,En agglomération,Hors intersection,Normale,Autre collision,,,,,,,,,,,1,2,1,1.0,6
201300057649,0013-06-25 09:10:00,13,6,25,9,10,972,9,"Comm, BATTERIE (RUE DE L",,,Plein jour,Hors agglomération,Hors intersection,Normale,Deux véhicules - frontale,,,,,,,,,,,1,1,1,1.0,1
201300057650,0013-07-02 10:25:00,13,7,2,10,25,972,9,"Comm, VICTOR SCHOELCHER",,,Plein jour,En agglomération,Hors intersection,Normale,Autre collision,,,,,,,,,,,1,2,1,1.0,6
201300057651,0013-07-04 23:30:00,13,7,4,23,30,972,9,"RN1, GENERAL DE GAULLE (",,,Nuit avec éclairage allumé,En agglomération,Intersection en X,Normale,Deux véhicules - côté,,,,,,,,,,,5,2,2,1.0,3
201300057652,0013-07-05 20:15:00,13,7,5,20,15,972,9,"RN1, MAURICE BISHOP (AVE",,,Nuit avec éclairage allumé,En agglomération,Hors intersection,Normale,Autre collision,,,,,,,,,,,5,2,1,1.0,6
201300057653,0013-07-07 00:30:00,13,7,7,0,30,972,9,"RN 1, GENERAL DE GAULLE",,,Nuit avec éclairage allumé,En agglomération,Intersection en T,Normale,Deux véhicules - côté,,,,,,,,,,,5,2,3,1.0,3
201300057654,0013-07-12 01:10:00,13,7,12,1,10,972,9,"RD40, SOLEIL LEVANT (BOU",,,Nuit sans éclairage public,Hors agglomération,Hors intersection,Normale,Deux véhicules - frontale,,,,,,,,,,,3,1,1,1.0,1
201300057655,0013-07-12 18:15:00,13,7,12,18,15,972,9,REDOUTE (ROUTE DE LA),,,Crépuscule ou aube,En agglomération,Hors intersection,Normale,Deux véhicules - côté,,,,,,,,,,,2,2,1,1.0,3
201300057656,0013-07-14 10:00:00,13,7,14,10,0,972,9,"RD 49, ENTRAIDE (ROUTE D",,,Plein jour,Hors agglomération,Hors intersection,Normale,Autre collision,,,,,,,,,,,1,1,1,1.0,6
201300057657,0013-07-14 18:00:00,13,7,14,18,0,972,9,"RN9, RN9",,,Plein jour,En agglomération,Hors intersection,Normale,Autre collision,,,,,,,,,,,1,2,1,1.0,6
201300057658,0013-07-15 16:50:00,13,7,15,16,50,972,9,"Comm, TIVOLI (ROUTE DE )",,,Plein jour,Hors agglomération,Hors intersection,Normale,Deux véhicules - frontale,,,,,,,,,,,1,1,1,1.0,1
201300057659,0013-07-26 17:15:00,13,7,26,17,15,972,9,"Comm, AMOURS (RUES DES)",,,Plein jour,Hors agglomération,Hors intersection,Normale,Autre collision,,,,,,,,,,,1,1,1,1.0,6
201300057660,0013-07-27 05:50:00,13,7,27,5,50,972,9,"RD 13 A, JAMBETTE (ROUTE",,,Plein jour,Hors agglomération,Hors intersection,Normale,Autre collision,,,,,,,,,,,1,1,1,1.0,6
201300057661,0013-07-27 15:10:00,13,7,27,15,10,972,9,"RN3, BALATA (ROUTE DE)",,,Plein jour,Hors agglomération,Hors intersection,Normale,Sans collision,,,,,,,,,,,1,1,1,1.0,7
201300057662,0013-07-28 00:01:00,13,7,28,0,1,972,9,"Comm, ERNEST DEPROGE (RU",,,Nuit avec éclairage allumé,En agglomération,Intersection en X,Normale,Deux véhicules - arrière,,,,,,,,,,,5,2,2,1.0,2
201300057663,0013-08-06 12:35:00,13,8,6,12,35,972,9,"RN1, GENERAL DE GAULLE (",,,Plein jour,En agglomération,Hors intersection,Normale,Deux véhicules - côté,,,,,,,,,,,1,2,1,1.0,3
201300057664,0013-08-07 16:30:00,13,8,7,16,30,972,9,"RN1, MAURICE BISHOP (AVE",,,Plein jour,En agglomération,Hors intersection,Normale,Deux véhicules - arrière,,,,,,,,,,,1,2,1,1.0,2
201300057665,0013-08-10 23:45:00,13,8,10,23,45,972,9,"RN3, BALATA (ROUTE DE)",,,Nuit avec éclairage allumé,Hors agglomération,Hors intersection,Normale,Deux véhicules - frontale,,,,,,,,,,,5,1,1,1.0,1
201300057666,0013-08-11 02:10:00,13,8,11,2,10,972,9,"RD 41, RD 41",,,Nuit avec éclairage allumé,En agglomération,Hors intersection,Normale,Autre collision,,,,,,,,,,,5,2,1,1.0,6
201300057667,0013-08-23 19:45:00,13,8,23,19,45,972,9,"RN1, MAURICE BISHOP (AVE",,,Nuit avec éclairage allumé,En agglomération,Hors intersection,Normale,Deux véhicules - arrière,,,,,,,,,,,5,2,1,1.0,2
201300057668,0013-08-24 16:50:00,13,8,24,16,50,972,9,"A1, AUTOROUTE (A1)",,,Plein jour,Hors agglomération,Hors intersection,Normale,Trois véhicules et plus - en chaîne,,,,,,,,,,,1,1,1,1.0,4
201300057669,0013-08-25 15:20:00,13,8,25,15,20,972,9,"Comm, LOUIS DOMERGUE (AV",,,Plein jour,En agglomération,Hors intersection,Normale,Deux véhicules - frontale,,,,,,,,,,,1,2,1,1.0,1
201300057670,0013-08-26 00:55:00,13,8,26,0,55,972,9,"RD13, CHATEAUBOEUF (ROUT",,,Nuit avec éclairage allumé,En agglomération,Hors intersection,Normale,Deux véhicules - arrière,,,,,,,,,,,5,2,1,1.0,2
201300057671,0013-08-26 18:40:00,13,8,26,18,40,972,9,"Comm, Route du port",,,Nuit avec éclairage allumé,En agglomération,Hors intersection,Normale,Autre collision,,,,,,,,,,,5,2,1,1.0,6
201300057672,0013-09-02 07:05:00,13,9,2,7,5,972,9,"RN1, MAURICE BISHOP (AVE",,,Plein jour,En agglomération,Intersection en T,Normale,Deux véhicules - côté,,,,,,,,,,,1,2,3,1.0,3
201300057673,0013-09-02 16:10:00,13,9,2,16,10,972,9,"Comm, LONIS (Emile)",,,Plein jour,En agglomération,Hors intersection,Normale,Deux véhicules - frontale,,,,,,,,,,,1,2,1,1.0,1
201300057674,0013-09-04 08:15:00,13,9,4,8,15,972,9,"RD 43, CONDORCET (AVENUE",,,Plein jour,En agglomération,Hors intersection,Normale,Autre collision,,,,,,,,,,,1,2,1,1.0,6
201300057675,0013-09-04 12:05:00,13,9,4,12,5,972,9,"Comm, FELIX EBOUE (RUE)",,,Plein jour,En agglomération,Hors intersection,Normale,Autre collision,,,,,,,,,,,1,2,1,1.0,6
201300057676,0013-09-06 07:50:00,13,9,6,7,50,972,9,"RD 41, RD 41",,,Plein jour,En agglomération,Hors intersection,Normale,Deux véhicules - arrière,,,,,,,,,,,1,2,1,1.0,2
201300057677,0013-09-10 07:10:00,13,9,10,7,10,972,9,"RN2, MARNE (BOULEVARD DE",,,Plein jour,Hors agglomération,Hors intersection,Normale,Deux véhicules - côté,,,,,,,,,,,1,1,1,1.0,3
201300057678,0013-09-10 12:30:00,13,9,10,12,30,972,9,"RN4, REDOUTE (ROUTE DE L",,,Plein jour,En agglomération,Hors intersection,Normale,Deux véhicules - frontale,,,,,,,,,,,1,2,1,1.0,1
201300057679,0013-09-14 12:25:00,13,9,14,12,25,972,9,"RN4, FOLIE (ROUTE DE LA)",,,Plein jour,En agglomération,Hors intersection,Normale,Autre collision,,,,,,,,,,,1,2,1,1.0,6
201300057680,0013-09-15 12:45:00,13,9,15,12,45,972,9,"RD 48, RELIGIEUSES (ROUT",,,Plein jour,En agglomération,Hors intersection,Normale,Autre collision,,,,,,,,,,,1,2,1,1.0,6
201300057681,0013-09-15 17:45:00,13,9,15,17,45,972,9,"Comm, PAVE (RUE DU)",,,Plein jour,En agglomération,Hors intersection,Normale,Deux véhicules - côté,,,,,,,,,,,1,2,1,1.0,3
201300057682,0013-09-17 11:20:00,13,9,17,11,20,972,9,"RN1, MAURICE BISHOP (AVE",,,Plein jour,En agglomération,Hors intersection,Normale,Autre collision,,,,,,,,,,,1,2,1,1.0,6
201300057683,0013-09-26 12:55:00,13,9,26,12,55,972,9,"RN8, MAURICE BISHOP (AVE",,,Plein jour,En agglomération,Hors intersection,Normale,Autre collision,,,,,,,,,,,1,2,1,1.0,6
201300057684,0013-09-28 09:45:00,13,9,28,9,45,972,9,"RN1, GENERAL DE GAULLE (",,,Plein jour,En agglomération,Hors intersection,Normale,Autre collision,,,,,,,,,,,1,2,1,1.0,6
201300057685,0013-10-01 16:30:00,13,10,1,16,30,972,9,"RD40, SOLEIL LEVANT (BOU",,,Plein jour,En agglomération,Hors intersection,Normale,Autre collision,,,,,,,,,,,1,2,1,1.0,6
201300057686,0013-10-09 19:20:00,13,10,9,19,20,972,9,"RD 40, SOLEIL LEVANT (BO",,,Plein jour,En agglomération,Hors intersection,Normale,Deux véhicules - frontale,,,,,,,,,,,1,2,1,1.0,1
201300057687,0013-10-11 13:40:00,13,10,11,13,40,972,9,"RD 42, BOUILLE (RUE)",,,Plein jour,En agglomération,Intersection en X,Temps couvert,Deux véhicules - côté,,,,,,,,,,,1,2,2,8.0,3
201300057688,0013-10-15 20:50:00,13,10,15,20,50,972,9,"RD 40, SOLEIL LEVANT (BO",,,Nuit avec éclairage allumé,En agglomération,Hors intersection,Normale,Autre collision,,,,,,,,,,,5,2,1,1.0,6
201300057689,0013-10-20 07:30:00,13,10,20,7,30,972,9,"Comm, EAUX DECOUPEES (CH",,,Plein jour,En agglomération,Hors intersection,Normale,Autre collision,,,,,,,,,,,1,2,1,1.0,6
201300057690,0013-10-27 03:20:00,13,10,27,3,20,972,9,"RN2, MARNE (BOULEVARD DE",,,Nuit avec éclairage allumé,En agglomération,Hors intersection,Normale,Autre collision,,,,,,,,,,,5,2,1,1.0,6
201300057691,0013-10-30 12:15:00,13,10,30,12,15,972,9,"Comm, LEONTINE POULET (R",,,Plein jour,En agglomération,Hors intersection,Normale,Sans collision,,,,,,,,,,,1,2,1,1.0,7
201300057692,0013-10-31 16:50:00,13,10,31,16,50,972,9,"RD 48, RELIGIEUSES (ROUT",,,Plein jour,En agglomération,Hors intersection,Normale,Sans collision,,,,,,,,,,,1,2,1,1.0,7
201300057693,0013-11-02 10:15:00,13,11,2,10,15,972,9,ABBE LAVIGNE (AVENUE),,,Plein jour,En agglomération,Hors intersection,Normale,Deux véhicules - arrière,,,,,,,,,,,1,2,1,1.0,2
201300057694,0013-11-06 20:28:00,13,11,6,20,28,972,9,"RN1, MAURICE BISHOP (AVE",,,Nuit avec éclairage allumé,En agglomération,Hors intersection,Normale,Autre collision,,,,,,,,,,,5,2,1,1.0,6
201300057695,0013-11-07 22:05:00,13,11,7,22,5,972,9,"RD 41, RD 41",,,Nuit sans éclairage public,En agglomération,Hors intersection,Normale,Autre collision,,,,,,,,,,,3,2,1,1.0,6
201300057696,0013-11-07 00:01:00,13,11,7,0,1,972,9,"RN4, BALATA (ROUTE DE)",,,Nuit avec éclairage allumé,Hors agglomération,Hors intersection,Normale,Deux véhicules - frontale,,,,,,,,,,,5,1,1,1.0,1
201300057697,0013-11-09 12:45:00,13,11,9,12,45,972,9,"Comm, VICTOR HUGO (RUE)",,,Plein jour,En agglomération,Hors intersection,Normale,Autre collision,,,,,,,,,,,1,2,1,1.0,6
201300057698,0013-11-14 05:25:00,13,11,14,5,25,972,9,"RN3, BALATA (ROUTE DE)",,,Crépuscule ou aube,Hors agglomération,Hors intersection,Normale,Autre collision,,,,,,,,,,,2,1,1,1.0,6
201300057699,0013-11-15 09:40:00,13,11,15,9,40,972,9,"RD 58, GEIRGES PLISSONEA",,,Plein jour,Hors agglomération,Hors intersection,Temps couvert,Autre collision,,,,,,,,,,,1,1,1,8.0,6
201300057700,0013-11-15 13:40:00,13,11,15,13,40,972,9,"Comm, ERNEST LASSUS (RUE",,,Plein jour,En agglomération,Hors intersection,Normale,Autre collision,,,,,,,,,,,1,2,1,1.0,6
201300057701,0013-11-16 11:45:00,13,11,16,11,45,972,9,"Rocade, RD 41",,,Plein jour,En agglomération,Hors intersection,Normale,Deux véhicules - arrière,,,,,,,,,,,1,2,1,1.0,2
201300057702,0013-11-17 21:00:00,13,11,17,21,0,972,9,"13, BOUILLE (RUE)",,,Nuit sans éclairage public,En agglomération,Intersection en T,Normale,Deux véhicules - côté,,,,,,,,,,,3,2,3,1.0,3
201300057703,0013-11-19 13:00:00,13,11,19,13,0,972,9,"RN1, MAURICE BISHOP (AVE",,,Plein jour,En agglomération,Hors intersection,Temps couvert,Autre collision,,,,,,,,,,,1,2,1,8.0,6
201300057704,0013-11-21 13:10:00,13,11,21,13,10,972,9,"RD 40, SOLEIL LEVANT (BO",,,Plein jour,Hors agglomération,Hors intersection,Normale,Autre collision,,,,,,,,,,,1,1,1,1.0,6
201300057705,0013-11-30 12:30:00,13,11,30,12,30,972,9,"RN01, GENERAL DE GAULLE",,,Plein jour,En agglomération,Hors intersection,Normale,Sans collision,,,,,,,,,,,1,2,1,1.0,7
201300057706,0013-12-02 22:35:00,13,12,2,22,35,972,9,"1RD45, PROFESSEUR RAYMON",,,Nuit avec éclairage allumé,En agglomération,Hors intersection,Normale,Deux véhicules - frontale,,,,,,,,,,,5,2,1,1.0,1
201300057707,0013-12-09 13:38:00,13,12,9,13,38,972,9,"6RD 45, DIDIER (CHEMIN D",,,Plein jour,En agglomération,Hors intersection,Normale,Autre collision,,,,,,,,,,,1,2,1,1.0,6
201300057708,0013-12-18 11:30:00,13,12,18,11,30,972,9,"RN2, MARNE (BOULEVARD DE",,,Plein jour,En agglomération,Hors intersection,Normale,Autre collision,,,,,,,,,,,1,2,1,1.0,6
201300057709,0013-12-21 16:48:00,13,12,21,16,48,972,9,"RN1, GENERAL DE GAULLE (",,,Plein jour,En agglomération,Hors intersection,Normale,Autre collision,,,,,,,,,,,1,2,1,1.0,6
201300057710,0013-12-22 17:30:00,13,12,22,17,30,972,9,"RN4, REDOUTE (ROUTE DE L",,,Plein jour,Hors agglomération,Hors intersection,Temps couvert,Sans collision,,,,,,,,,,,1,1,1,8.0,7
201300057711,0013-12-23 08:04:00,13,12,23,8,4,972,9,"RN1, MAURICE BISHOP (AVE",,,Plein jour,En agglomération,Hors intersection,Normale,Autre collision,,,,,,,,,,,1,2,1,1.0,6
201300057712,0013-12-28 21:50:00,13,12,28,21,50,972,9,"RD13, JAMBETTE (ROUTE DE",,,Nuit avec éclairage allumé,Hors agglomération,Hors intersection,Normale,Sans collision,,,,,,,,,,,5,1,1,1.0,7
201300057713,0013-12-31 09:55:00,13,12,31,9,55,972,9,"RN1, MAURICE BISHOP (AVE",,,Plein jour,En agglomération,Hors intersection,Normale,Autre collision,,,,,,,,,,,1,2,1,1.0,6
201300057714,0013-01-07 22:58:00,13,1,7,22,58,972,13,3ROUTE DEPARTEMENTALE 14,,,Nuit sans éclairage public,En agglomération,Hors intersection,Normale,Deux véhicules - frontale,,,,,,,,,,,3,2,1,1.0,1
201300057715,0013-01-08 07:25:00,13,1,8,7,25,972,13,"632, LEOPOLD BISSOL (RUE",,,Plein jour,En agglomération,Intersection en X,Pluie forte,Autre collision,,,,,,,,,,,1,2,2,3.0,6
201300057716,0013-01-08 17:25:00,13,1,8,17,25,972,13,3ROUTE DEPARTEMENTALE 14,,,Plein jour,En agglomération,Hors intersection,Normale,Deux véhicules - frontale,,,,,,,,,,,1,2,1,1.0,1
201300057717,0013-01-09 07:50:00,13,1,9,7,50,972,13,6PAYS MELES,,,Plein jour,En agglomération,Hors intersection,Normale,Deux véhicules - frontale,,,,,,,,,,,1,2,1,1.0,1
201300057718,0013-01-09 17:50:00,13,1,9,17,50,972,13,3ROUTE DEPARTEMENTALE 3,,,Plein jour,En agglomération,Autre intersection,Pluie légère,Deux véhicules - frontale,,,,,,,,,,,1,2,9,2.0,1
201300057719,0013-01-14 00:10:00,13,1,14,0,10,972,13,2ROUTE NATIONALE 5,,,Nuit avec éclairage allumé,En agglomération,Hors intersection,Normale,Deux véhicules - frontale,,,,,,,,,,,5,2,1,1.0,1
201300057720,0013-01-14 01:30:00,13,1,14,1,30,972,13,2AUTOROUTE A1,,,Nuit avec éclairage allumé,Hors agglomération,Hors intersection,Normale,Deux véhicules - frontale,,,,,,,,,,,5,1,1,1.0,1
201300057721,0013-01-19 15:02:00,13,1,19,15,2,972,13,1MORNE PITAULT (ROUTE DE,,,Plein jour,En agglomération,Hors intersection,Normale,Deux véhicules - frontale,,,,,,,,,,,1,2,1,1.0,1
201300057722,0013-01-19 22:50:00,13,1,19,22,50,972,13,6ROUTE DEPARTEMENTALE 3,,,Nuit sans éclairage public,En agglomération,Hors intersection,Normale,Autre collision,,,,,,,,,,,3,2,1,1.0,6
201300057723,0013-01-20 01:15:00,13,1,20,1,15,972,13,3AUTOROUTE A1,,,Nuit sans éclairage public,Hors agglomération,Hors intersection,Normale,Deux véhicules - frontale,,,,,,,,,,,3,1,1,1.0,1
201300057724,0013-01-21 00:01:00,13,1,21,0,1,972,13,1ROUTE DEPARTEMENTALE 3,,,Nuit sans éclairage public,En agglomération,Hors intersection,Normale,Deux véhicules - frontale,,,,,,,,,,,3,2,1,1.0,1
201300057725,0013-01-26 18:30:00,13,1,26,18,30,972,13,2AUTOROUTE A1,,,Crépuscule ou aube,Hors agglomération,Hors intersection,Normale,Deux véhicules - frontale,,,,,,,,,,,2,1,1,1.0,1
201300057726,0013-01-28 20:20:00,13,1,28,20,20,972,13,2ROUTE DEPARTEMENTALE 15,,,Nuit sans éclairage public,En agglomération,Hors intersection,Normale,Deux véhicules - frontale,,,,,,,,,,,3,2,1,1.0,1
201300057727,0013-02-01 06:54:00,13,2,1,6,54,972,13,BASSE GONDEAU (CHEMIN RU,,,Plein jour,Hors agglomération,Hors intersection,Normale,Deux véhicules - frontale,,,,,,,,,,,1,1,1,1.0,1
201300057728,0013-02-05 07:55:00,13,2,5,7,55,972,13,AUTOROUTE A1,,,Plein jour,Hors agglomération,Hors intersection,Normale,Deux véhicules - arrière,,,,,,,,,,,1,1,1,1.0,2
201300057729,0013-02-06 01:59:00,13,2,6,1,59,972,13,GEORGES GRATIANT,,,Nuit avec éclairage allumé,En agglomération,Hors intersection,Normale,Autre collision,,,,,,,,,,,5,2,1,1.0,6
201300057730,0013-02-07 07:29:00,13,2,7,7,29,972,13,AUTOROUTE A1,,,Plein jour,Hors agglomération,Hors intersection,Normale,Deux véhicules - côté,,,,,,,,,,,1,1,1,1.0,3
201300057731,0013-02-08 19:00:00,13,2,8,19,0,972,13,ROUTE DEPARTEMENTALE 15,,,Nuit sans éclairage public,Hors agglomération,Hors intersection,Normale,Deux véhicules - frontale,,,,,,,,,,,3,1,1,1.0,1
201300057732,0013-02-08 23:05:00,13,2,8,23,5,972,13,ROUTE DEPARTEMENTALE 15,,,Nuit sans éclairage public,En agglomération,Hors intersection,Normale,Deux véhicules - frontale,,,,,,,,,,,3,2,1,1.0,1
201300057733,0013-02-11 06:10:00,13,2,11,6,10,972,13,3Z I LA LEZARDE,,,Crépuscule ou aube,Hors agglomération,Hors intersection,Normale,Deux véhicules - frontale,,,,,,,,,,,2,1,1,1.0,1
201300057734,0013-02-11 09:15:00,13,2,11,9,15,972,13,ROUTE NATIONALE 5,,,Plein jour,Hors agglomération,Hors intersection,Normale,Autre collision,,,,,,,,,,,1,1,1,1.0,6
201300057735,0013-02-16 11:45:00,13,2,16,11,45,972,13,ROUTE DEPARTEMENTALE 15,,,Plein jour,Hors agglomération,Hors intersection,Normale,Deux véhicules - frontale,,,,,,,,,,,1,1,1,1.0,1
201300057736,0013-02-18 06:43:00,13,2,18,6,43,972,13,AUTOROUTE A1,,,Plein jour,Hors agglomération,Hors intersection,Normale,Deux véhicules - arrière,,,,,,,,,,,1,1,1,1.0,2
201300057737,0013-02-24 18:35:00,13,2,24,18,35,972,13,3ROUTE NATIONALE 5,,,Plein jour,Hors agglomération,Hors intersection,Normale,Trois véhicules et plus - en chaîne,,,,,,,,,,,1,1,1,1.0,4
201300057738,0013-02-28 07:36:00,13,2,28,7,36,972,13,ROUTE DEPARTEMENTALE 3,,,Plein jour,Hors agglomération,Hors intersection,Normale,Deux véhicules - arrière,,,,,,,,,,,1,1,1,1.0,2
201300057739,0013-03-02 19:35:00,13,3,2,19,35,972,13,ROUTE DEPARTEMENTALE 14,,,Nuit avec éclairage non allumé,Hors agglomération,Hors intersection,Normale,Deux véhicules - arrière,,,,,,,,,,,4,1,1,1.0,2
201300057740,0013-03-02 20:30:00,13,3,2,20,30,972,13,AUTOROUTE A1,,,Nuit avec éclairage allumé,Hors agglomération,Hors intersection,Normale,Deux véhicules - arrière,,,,,,,,,,,5,1,1,1.0,2
201300057741,0013-03-02 21:28:00,13,3,2,21,28,972,13,ROUTE DEPARTEMENTALE 14,,,Nuit avec éclairage non allumé,Hors agglomération,Hors intersection,Normale,Deux véhicules - frontale,,,,,,,,,,,4,1,1,1.0,1
201300057742,0013-03-02 22:23:00,13,3,2,22,23,972,13,ROUTE DEPARTEMENTALE 15,,,Nuit sans éclairage public,Hors agglomération,Hors intersection,Normale,Autre collision,,,,,,,,,,,3,1,1,1.0,6
201300057743,0013-03-04 13:40:00,13,3,4,13,40,972,13,AUTOROUTE A1,,,Plein jour,Hors agglomération,Hors intersection,Normale,Deux véhicules - arrière,,,,,,,,,,,1,1,1,1.0,2
201300057744,0013-03-05 07:00:00,13,3,5,7,0,972,13,ROUTE DEPARTEMENTALE 15,,,Plein jour,Hors agglomération,Hors intersection,Normale,Trois véhicules et plus - en chaîne,,,,,,,,,,,1,1,1,1.0,4
201300057745,0013-03-06 15:25:00,13,3,6,15,25,972,13,ROUTE NATIONALE 1,,,Plein jour,Hors agglomération,Hors intersection,Normale,Deux véhicules - arrière,,,,,,,,,,,1,1,1,1.0,2
201300057746,0013-03-09 22:37:00,13,3,9,22,37,972,13,ROUTE DEPARTEMENTALE 3,,,Plein jour,Hors agglomération,Hors intersection,Normale,Autre collision,,,,,,,,,,,1,1,1,1.0,6
201300057747,0013-03-16 12:40:00,13,3,16,12,40,972,13,ROUTE DEPARTEMENTALE 3 B,,,Plein jour,Hors agglomération,Hors intersection,Normale,Autre collision,,,,,,,,,,,1,1,1,1.0,6
201300057748,0013-03-17 18:45:00,13,3,17,18,45,972,13,AUTOROUTE A1,,,Nuit avec éclairage allumé,Hors agglomération,Hors intersection,Normale,Deux véhicules - côté,,,,,,,,,,,5,1,1,1.0,3
201300057749,0013-03-19 11:30:00,13,3,19,11,30,972,13,"21, SCHOELCHER (RUE)",,,Plein jour,En agglomération,Hors intersection,Normale,Autre collision,,,,,,,,,,,1,2,1,1.0,6