accident_id,datetime,annee,mois,jour,heure,minute,departement,commune_insee,adresse,latitude,longitude,luminosite,agglomeration,intersection,meteo,collision,nb_vehicules,nb_usagers,nb_indemnes,nb_tues,nb_blesses_hosp,nb_blesses_legers,age_cond_1,age_cond_2,veh_type_cond_1,veh_type_cond_2,lum_code,agg_code,int_code,atm_code,col_code
201300057750,0013-03-21 09:36:00,13,3,21,9,36,972,13,AUTOROUTE A1,,,Plein jour,Hors agglomération,Hors intersection,Normale,Trois véhicules et plus - en chaîne,,,,,,,,,,,1,1,1,1.0,4
201300057751,0013-03-22 09:17:00,13,3,22,9,17,972,13,ROUTE DEPARTEMENTALE 14,,,Plein jour,Hors agglomération,Hors intersection,Normale,Autre collision,,,,,,,,,,,1,1,1,1.0,6
201300057752,0013-03-22 15:20:00,13,3,22,15,20,972,13,AUTOROUTE A1,,,Plein jour,Hors agglomération,Hors intersection,Normale,Deux véhicules - côté,,,,,,,,,,,1,1,1,1.0,3
201300057753,0013-03-24 01:53:00,13,3,24,1,53,972,13,ROUTE NATIONALE 1,,,Nuit avec éclairage allumé,Hors agglomération,Hors intersection,Normale,Deux véhicules - côté,,,,,,,,,,,5,1,1,1.0,3
201300057754,0013-04-02 19:50:00,13,4,2,19,50,972,13,ROUTE DEPARTEMENTALE 15,,,Nuit avec éclairage allumé,Hors agglomération,Intersection en T,Normale,Autre collision,,,,,,,,,,,5,1,3,1.0,6
201300057755,0013-04-10 07:10:00,13,4,10,7,10,972,13,AUTOROUTE A1,,,Plein jour,Hors agglomération,Hors intersection,Normale,Trois véhicules et plus - en chaîne,,,,,,,,,,,1,1,1,1.0,4
201300057756,0013-04-24 13:10:00,13,4,24,13,10,972,13,ROUTE DEPARTEMENTALE 15,,,Plein jour,Hors agglomération,Intersection en T,Normale,Deux véhicules - côté,,,,,,,,,,,1,1,3,1.0,3
201300057757,0013-05-05 21:38:00,13,5,5,21,38,972,13,AUTOROUTE A1,,,Nuit sans éclairage public,Hors agglomération,Hors intersection,Normale,Autre collision,,,,,,,,,,,3,1,1,1.0,6
201300057758,0013-05-06 10:38:00,13,5,6,10,38,972,13,Z I LES MANGLES,,,Plein jour,Hors agglomération,Hors intersection,Normale,Autre collision,,,,,,,,,,,1,1,1,1.0,6
201300057759,0013-05-07 05:42:00,13,5,7,5,42,972,13,ROUTE DEPARTEMENTALE 14,,,Crépuscule ou aube,Hors agglomération,Hors intersection,Normale,Deux véhicules - frontale,,,,,,,,,,,2,1,1,1.0,1
201300057760,0013-05-07 09:00:00,13,5,7,9,0,972,13,ROUTE NATIONALE 1,,,Plein jour,Hors agglomération,Hors intersection,Normale,Autre collision,,,,,,,,,,,1,1,1,1.0,6
201300057761,0013-05-25 11:25:00,13,5,25,11,25,972,13,VICTOR LAMON,,,Plein jour,Hors agglomération,Hors intersection,Normale,Autre collision,,,,,,,,,,,1,1,1,1.0,6
201300057762,0013-06-02 10:12:00,13,6,2,10,12,972,13,AUTOROUTE A1,,,Plein jour,Hors agglomération,Hors intersection,Normale,Deux véhicules - arrière,,,,,,,,,,,1,1,1,1.0,2
201300057763,0013-06-07 13:00:00,13,6,7,13,0,972,13,Z I LA LEZARDE,,,Plein jour,Hors agglomération,Hors intersection,Normale,Autre collision,,,,,,,,,,,1,1,1,1.0,6
201300057764,0013-06-15 11:00:00,13,6,15,11,0,972,13,AUTOROUTE A1,,,Plein jour,Hors agglomération,Hors intersection,Normale,Deux véhicules - arrière,,,,,,,,,,,1,1,1,1.0,2
201300057765,0013-06-15 13:35:00,13,6,15,13,35,972,13,AUTOROUTE A1,,,Plein jour,Hors agglomération,Hors intersection,Normale,Deux véhicules - arrière,,,,,,,,,,,1,1,1,1.0,2
201300057766,0013-06-19 17:00:00,13,6,19,17,0,972,13,"3, LA PLAINE PETIT MANOI",,,Plein jour,Hors agglomération,Hors intersection,Normale,Autre collision,,,,,,,,,,,1,1,1,1.0,6
201300057767,0013-06-25 03:15:00,13,6,25,3,15,972,13,ROUTE NATIONALE 5,,,Nuit sans éclairage public,Hors agglomération,Hors intersection,Normale,Autre collision,,,,,,,,,,,3,1,1,1.0,6
201300057768,0013-07-07 06:20:00,13,7,7,6,20,972,13,ROUTE DEPARTEMENTALE 3,,,Crépuscule ou aube,En agglomération,Intersection en X,Normale,Deux véhicules - côté,,,,,,,,,,,2,2,2,1.0,3
201300057769,0013-07-19 00:50:00,13,7,19,0,50,972,13,AUTOROUTE A1,,,Nuit sans éclairage public,Hors agglomération,Hors intersection,Normale,Autre collision,,,,,,,,,,,3,1,1,1.0,6
201300057770,0013-07-27 11:45:00,13,7,27,11,45,972,13,ROUTE DEPARTEMENTALE 15,,,Plein jour,Hors agglomération,Hors intersection,Normale,Autre collision,,,,,,,,,,,1,1,1,1.0,6
201300057771,0013-07-29 08:50:00,13,7,29,8,50,972,13,"4, GEORGES GRATIANT",,,Plein jour,En agglomération,Hors intersection,Pluie légère,Autre collision,,,,,,,,,,,1,2,1,2.0,6
201300057772,0013-08-04 20:45:00,13,8,4,20,45,972,13,ROUTE DEPARTEMENTALE 3,,,Nuit sans éclairage public,Hors agglomération,Hors intersection,Normale,Deux véhicules - côté,,,,,,,,,,,3,1,1,1.0,3
201300057773,0013-08-10 23:00:00,13,8,10,23,0,972,13,"1, DUCHESNES 1",,,Nuit sans éclairage public,Hors agglomération,Hors intersection,Normale,Autre collision,,,,,,,,,,,3,1,1,1.0,6
201300057774,0013-08-11 19:00:00,13,8,11,19,0,972,13,ROUTE NATIONALE 1,,,Nuit sans éclairage public,Hors agglomération,Hors intersection,Normale,Deux véhicules - arrière,,,,,,,,,,,3,1,1,1.0,2
201300057775,0013-08-16 16:30:00,13,8,16,16,30,972,13,ROUTE NATIONALE 1,,,Plein jour,Hors agglomération,Hors intersection,Pluie légère,Trois véhicules et plus - en chaîne,,,,,,,,,,,1,1,1,2.0,4
201300057776,0013-08-22 09:50:00,13,8,22,9,50,972,13,ROUTE DEPARTEMENTALE 3,,,Plein jour,Hors agglomération,Hors intersection,Normale,Deux véhicules - frontale,,,,,,,,,,,1,1,1,1.0,1
201300057777,0013-09-04 18:20:00,13,9,4,18,20,972,13,ROUTE NATIONALE 1,,,Nuit sans éclairage public,Hors agglomération,Hors intersection,Normale,Deux véhicules - côté,,,,,,,,,,,3,1,1,1.0,3
201300057778,0013-09-09 17:35:00,13,9,9,17,35,972,13,MORNE PITAULT (ROUTE DE),,,Crépuscule ou aube,Hors agglomération,Hors intersection,Normale,Autre collision,,,,,,,,,,,2,1,1,1.0,6
201300057779,0013-10-04 16:50:00,13,10,4,16,50,972,13,ROUTE DEPARTEMENTALE 3,,,Plein jour,En agglomération,Hors intersection,Normale,Deux véhicules - côté,,,,,,,,,,,1,2,1,1.0,3
201300057780,0013-10-08 06:00:00,13,10,8,6,0,972,13,ROUTE DEPARTEMENTALE 15,,,Crépuscule ou aube,Hors agglomération,Hors intersection,Normale,Autre collision,,,,,,,,,,,2,1,1,1.0,6
201300057781,0013-10-08 18:42:00,13,10,8,18,42,972,13,ROUTE DEPARTEMENTALE 15,,,Nuit avec éclairage allumé,Hors agglomération,Hors intersection,Normale,Autre collision,,,,,,,,,,,5,1,1,1.0,6
201300057782,0013-10-20 22:03:00,13,10,20,22,3,972,13,AUTOROUTE A1,,,Nuit sans éclairage public,Hors agglomération,Hors intersection,Normale,Trois véhicules et plus - collisions multiples,,,,,,,,,,,3,1,1,1.0,5
201300057783,0013-10-24 06:20:00,13,10,24,6,20,972,13,ROUTE DEPARTEMENTALE 3,,,Plein jour,Hors agglomération,Hors intersection,Normale,Deux véhicules - côté,,,,,,,,,,,1,1,1,1.0,3
201300057784,0013-11-11 04:00:00,13,11,11,4,0,972,13,AUTOROUTE A1,,,Nuit sans éclairage public,Hors agglomération,Hors intersection,Normale,Deux véhicules - arrière,,,,,,,,,,,3,1,1,1.0,2
201300057785,0013-11-24 16:10:00,13,11,24,16,10,972,13,AUTOROUTE A1,,,Plein jour,Hors agglomération,Hors intersection,Normale,Deux véhicules - arrière,,,,,,,,,,,1,1,1,1.0,2
201300057786,0013-12-05 06:38:00,13,12,5,6,38,972,13,ROUTE DEPARTEMENTALE 15,,,Plein jour,Hors agglomération,Hors intersection,Normale,Deux véhicules - côté,,,,,,,,,,,1,1,1,1.0,3
201300057787,0013-12-12 15:24:00,13,12,12,15,24,972,13,"X, ACAJOU PROLONGEE",,,Plein jour,En agglomération,Hors intersection,Normale,Autre collision,,,,,,,,,,,1,2,1,1.0,6
201300057788,0013-12-13 06:45:00,13,12,13,6,45,972,13,MORNE PITAULT (ROUTE DE),,,Plein jour,Hors agglomération,Intersection en T,Normale,Deux véhicules - frontale,,,,,,,,,,,1,1,3,1.0,1
201300057789,0013-12-18 18:20:00,13,12,18,18,20,972,13,ROUTE DEPARTEMENTALE 3,,,Nuit sans éclairage public,Hors agglomération,Hors intersection,Normale,Deux véhicules - frontale,,,,,,,,,,,3,1,1,1.0,1
201300057790,0013-12-27 09:06:00,13,12,27,9,6,972,13,ROUTE DEPARTEMENTALE 15,,,Plein jour,Hors agglomération,Intersection en T,Normale,Deux véhicules - côté,,,,,,,,,,,1,1,3,1.0,3
201300057791,0013-12-30 12:15:00,13,12,30,12,15,972,13,ROUTE DEPARTEMENTALE 15,,,Plein jour,Hors agglomération,Hors intersection,Normale,Autre collision,,,,,,,,,,,1,1,1,1.0,6
201300057792,0013-01-02 07:50:00,13,1,2,7,50,973,2,"23, RABAN (ROUTE DE)",,,Plein jour,En agglomération,Hors intersection,Normale,Autre collision,,,,,,,,,,,1,2,1,1.0,6
201300057793,0013-01-03 01:20:00,13,1,3,1,20,973,2,ROUTE NATIONALE 3,,,Nuit sans éclairage public,Hors agglomération,Hors intersection,Normale,Autre collision,,,,,,,,,,,3,1,1,1.0,6
201300057794,0013-01-05 22:05:00,13,1,5,22,5,973,2,CATAYEE (JUSTIN),,,Nuit avec éclairage allumé,En agglomération,Hors intersection,Normale,Trois véhicules et plus - collisions multiples,,,,,,,,,,,5,2,1,1.0,5
201300057795,0013-01-06 12:21:00,13,1,6,12,21,973,2,"471, BADUEL (ROUTE DE)",,,Plein jour,En agglomération,Hors intersection,Normale,Deux véhicules - côté,,,,,,,,,,,1,2,1,1.0,3
201300057796,0013-01-08 08:15:00,13,1,8,8,15,973,2,"1369, RABAN (ROUTE DE)",,,Plein jour,En agglomération,Hors intersection,Normale,Deux véhicules - frontale,,,,,,,,,,,1,2,1,1.0,1
201300057797,0013-01-11 15:45:00,13,1,11,15,45,973,2,"58, FLAMBOYANTS (RUE DES",,,Plein jour,En agglomération,Hors intersection,Normale,Deux véhicules - côté,,,,,,,,,,,1,2,1,1.0,3
201300057798,0013-01-13 07:00:00,13,1,13,7,0,973,2,"16, MADELEINE (ROUTE DE",,,Plein jour,Hors agglomération,Hors intersection,Normale,Autre collision,,,,,,,,,,,1,1,1,1.0,6
201300057799,0013-01-15 10:55:00,13,1,15,10,55,973,2,TIGRE (ROUTE DU),,,Plein jour,Hors agglomération,Hors intersection,Normale,Sans collision,,,,,,,,,,,1,1,1,1.0,7
201300057800,0013-01-15 20:45:00,13,1,15,20,45,973,2,"150, MONTABO (ROUTE DE)",,,Nuit avec éclairage allumé,En agglomération,Hors intersection,Normale,Deux véhicules - côté,,,,,,,,,,,5,2,1,1.0,3
201300057801,0013-01-18 23:45:00,13,1,18,23,45,973,2,3MONTABO (ROUTE DE) 1,,,Nuit avec éclairage allumé,En agglomération,Intersection en X,Normale,Deux véhicules - frontale,,,,,,,,,,,5,2,2,1.0,1
201300057802,0013-01-20 11:33:00,13,1,20,11,33,973,2,1MARINGOUINS (ROND-POINT,,,Plein jour,Hors agglomération,Giratoire,Vent fort / tempête,Deux véhicules - frontale,,,,,,,,,,,1,1,6,6.0,1
201300057803,0013-01-22 11:25:00,13,1,22,11,25,973,2,"112, SOURCE DE BADUEL (C",,,Plein jour,En agglomération,Hors intersection,,Deux véhicules - frontale,,,,,,,,,,,1,2,1,,1
201300057804,0013-01-24 13:35:00,13,1,24,13,35,973,2,"3150, MONTABO (ROUTE DE)",,,Plein jour,En agglomération,Intersection en T,Pluie forte,Deux véhicules - frontale,,,,,,,,,,,1,2,3,3.0,1
201300057805,0013-01-24 21:30:00,13,1,24,21,30,973,2,"314, CESAIRE (CITE)",,,Nuit avec éclairage allumé,En agglomération,Hors intersection,Normale,Deux véhicules - frontale,,,,,,,,,,,5,2,1,1.0,1
201300057806,0013-01-29 19:08:00,13,1,29,19,8,973,2,"38, RABAN (ROUTE DE)",,,Nuit avec éclairage allumé,En agglomération,Intersection en T,Pluie forte,Deux véhicules - frontale,,,,,,,,,,,5,2,3,3.0,1
201300057807,0013-02-04 07:15:00,13,2,4,7,15,973,2,"30, BADUEL (ROUTE DE)",,,Plein jour,En agglomération,Hors intersection,Pluie légère,Deux véhicules - arrière,,,,,,,,,,,1,2,1,2.0,2
201300057808,0013-02-06 07:40:00,13,2,6,7,40,973,2,"3106, HILAIRE(CHEMIN)",,,Plein jour,Hors agglomération,Intersection en T,Normale,Deux véhicules - côté,,,,,,,,,,,1,1,3,1.0,3
201300057809,0013-02-05 13:29:00,13,2,5,13,29,973,2,"2, MANGO (ROUTE)",,,Plein jour,En agglomération,Hors intersection,Pluie légère,Autre collision,,,,,,,,,,,1,2,1,2.0,6
201300057810,0013-02-06 12:15:00,13,2,6,12,15,973,2,SAINT MARTIN (RESIDENCE),,,Plein jour,Hors agglomération,Hors intersection,Normale,Autre collision,,,,,,,,,,,1,1,1,1.0,6
201300057811,0013-02-16 23:15:00,13,2,16,23,15,973,2,"121, REPUBLIQUE (BD DE L",,,Nuit avec éclairage non allumé,En agglomération,Hors intersection,Normale,Deux véhicules - arrière,,,,,,,,,,,4,2,1,1.0,2
201300057812,0013-02-25 16:17:00,13,2,25,16,17,973,2,"147, ARAGO (FRANCOIS)",,,Plein jour,En agglomération,Hors intersection,Normale,Deux véhicules - arrière,,,,,,,,,,,1,2,1,1.0,2
201300057813,0013-02-26 19:15:00,13,2,26,19,15,973,2,"32, KATOURY (LOTISSEMENT",,,Nuit sans éclairage public,En agglomération,Hors intersection,Normale,Deux véhicules - frontale,,,,,,,,,,,3,2,1,1.0,1
201300057814,0013-02-27 11:45:00,13,2,27,11,45,973,2,"1212, MADELEINE (ROUTE D",,,Plein jour,Hors agglomération,Intersection en X,Pluie forte,Deux véhicules - frontale,,,,,,,,,,,1,1,2,3.0,1
201300057815,0013-03-07 00:40:00,13,3,7,0,40,973,2,"353, LALOUETTE(RUE)",,,Nuit avec éclairage allumé,En agglomération,Hors intersection,Normale,Deux véhicules - frontale,,,,,,,,,,,5,2,1,1.0,1
201300057816,0013-03-10 00:20:00,13,3,10,0,20,973,2,"60, HEDER (AVENUE LEOPOL",,,Nuit avec éclairage allumé,En agglomération,Hors intersection,Normale,Deux véhicules - côté,,,,,,,,,,,5,2,1,1.0,3
201300057817,0013-03-13 14:50:00,13,3,13,14,50,973,2,"31354, BADUEL (ROUTE DE)",,,Plein jour,En agglomération,Intersection en X,Normale,Deux véhicules - frontale,,,,,,,,,,,1,2,2,1.0,1
201300057818,0013-03-19 16:30:00,13,3,19,16,30,973,2,CABASSOU (ROUTE DE),,,Plein jour,En agglomération,Intersection en T,Normale,Deux véhicules - côté,,,,,,,,,,,1,2,3,1.0,3
201300057819,0013-03-21 02:45:00,13,3,21,2,45,973,2,VOLTAIRE(AVENUE),,,Nuit avec éclairage allumé,Hors agglomération,Hors intersection,Normale,Deux véhicules - frontale,,,,,,,,,,,5,1,1,1.0,1
201300057820,0013-03-21 14:05:00,13,3,21,14,5,973,2,"64, JUBELIN (BOULEVARD)",,,Plein jour,En agglomération,Intersection en T,Normale,Autre collision,,,,,,,,,,,1,2,3,1.0,6
201300057821,0013-03-22 20:29:00,13,3,22,20,29,973,2,ROUTE NATIONALE 1,,,Nuit avec éclairage allumé,Hors agglomération,Hors intersection,Pluie légère,Autre collision,,,,,,,,,,,5,1,1,2.0,6
201300057822,0013-03-24 09:25:00,13,3,24,9,25,973,2,ROUTE NATIONALE 1,,,Plein jour,En agglomération,Hors intersection,Normale,Deux véhicules - arrière,,,,,,,,,,,1,2,1,1.0,2
201300057823,0013-03-24 18:44:00,13,3,24,18,44,973,2,"1815, EBOUE (ROCADE FELI",,,Nuit avec éclairage allumé,Hors agglomération,Intersection en X,Normale,Deux véhicules - côté,,,,,,,,,,,5,1,2,1.0,3
201300057824,0013-04-03 18:05:00,13,4,3,18,5,973,2,"9001, FLAMBOYANTS (RUE D",,,Crépuscule ou aube,En agglomération,Hors intersection,Normale,Deux véhicules - côté,,,,,,,,,,,2,2,1,1.0,3
201300057825,0013-04-06 16:10:00,13,4,6,16,10,973,2,"0000, ZEPHIR (ROCADE)",,,Plein jour,Hors agglomération,Hors intersection,Normale,Trois véhicules et plus - en chaîne,,,,,,,,,,,1,1,1,1.0,4
201300057826,0013-04-06 20:20:00,13,4,6,20,20,973,2,"42, DIGUE RONJON",,,Nuit avec éclairage non allumé,En agglomération,Hors intersection,Normale,Deux véhicules - frontale,,,,,,,,,,,4,2,1,1.0,1
201300057827,0013-04-08 04:30:00,13,4,8,4,30,973,2,LIBERTE (AVENUE DE LA),,,Nuit avec éclairage allumé,En agglomération,Hors intersection,Normale,Autre collision,,,,,,,,,,,5,2,1,1.0,6
201300057828,0013-04-10 19:55:00,13,4,10,19,55,973,2,"33, 14 ET 22 JUIN 1962",,,Nuit avec éclairage allumé,En agglomération,Intersection en T,Normale,Deux véhicules - frontale,,,,,,,,,,,5,2,3,1.0,1
201300057829,0013-04-15 21:55:00,13,4,15,21,55,973,2,"1816, MANGO (ROUTE)",,,Nuit avec éclairage allumé,En agglomération,Intersection en X,Normale,Deux véhicules - côté,,,,,,,,,,,5,2,2,1.0,3
201300057830,0013-04-20 11:37:00,13,4,20,11,37,973,2,"1357, MADELEINE (ROUTE D",,,Plein jour,En agglomération,Hors intersection,Pluie légère,Autre collision,,,,,,,,,,,1,2,1,2.0,6
201300057831,0013-04-28 06:30:00,13,4,28,6,30,973,2,"3948, MONTABO (ROUTE DE)",,,Plein jour,En agglomération,Hors intersection,Pluie légère,Autre collision,,,,,,,,,,,1,2,1,2.0,6
201300057832,0013-04-28 21:42:00,13,4,28,21,42,973,2,ROUTE NATIONALE 1,,,Nuit avec éclairage allumé,Hors agglomération,Hors intersection,Pluie légère,Autre collision,,,,,,,,,,,5,1,1,2.0,6
201300057833,0013-05-03 13:04:00,13,5,3,13,4,973,2,"471, BADUEL (ROUTE DE)",,,Plein jour,En agglomération,Hors intersection,Normale,Deux véhicules - côté,,,,,,,,,,,1,2,1,1.0,3
201300057834,0013-05-04 21:15:00,13,5,4,21,15,973,2,"7, JASMIN(LOTISSEMENT)",,,Nuit sans éclairage public,En agglomération,Hors intersection,Normale,Autre collision,,,,,,,,,,,3,2,1,1.0,6
201300057835,0013-05-05 06:15:00,13,5,5,6,15,973,2,"1095, BADUEL (ROUTE DE)",,,Plein jour,En agglomération,Hors intersection,Normale,Autre collision,,,,,,,,,,,1,2,1,1.0,6
201300057836,0013-04-12 19:25:00,13,4,12,19,25,973,2,TROUBIRAN (CHEMIN DE),,,Nuit avec éclairage non allumé,Hors agglomération,Hors intersection,Normale,Deux véhicules - côté,,,,,,,,,,,4,1,1,1.0,3
201300057837,0013-05-27 20:40:00,13,5,27,20,40,973,2,GALMOT (ROND-POINT),,,Nuit avec éclairage allumé,En agglomération,Hors intersection,Normale,Deux véhicules - côté,,,,,,,,,,,5,2,1,1.0,3
201300057838,0013-06-01 17:05:00,13,6,1,17,5,973,2,TIGRE (ROUTE DU),,,Plein jour,Hors agglomération,Hors intersection,Normale,Sans collision,,,,,,,,,,,1,1,1,1.0,7
201300057839,0013-06-03 16:14:00,13,6,3,16,14,973,2,"46, FLAMBOYANTS (RUE DES",,,Plein jour,En agglomération,Hors intersection,Normale,Deux véhicules - frontale,,,,,,,,,,,1,2,1,1.0,1
201300057840,0013-05-18 04:35:00,13,5,18,4,35,973,2,"0, RABAN (ROUTE DE)",,,Nuit sans éclairage public,Hors agglomération,Hors intersection,Normale,Deux véhicules - frontale,,,,,,,,,,,3,1,1,1.0,1
201300057841,0013-04-30 15:00:00,13,4,30,15,0,973,2,MANGO (ROUTE),,,Plein jour,En agglomération,Intersection en T,Normale,Autre collision,,,,,,,,,,,1,2,3,1.0,6
201300057842,0013-03-31 14:00:00,13,3,31,14,0,973,2,REPUBLIQUE (BD DE LA),,,Plein jour,En agglomération,Hors intersection,Normale,Autre collision,,,,,,,,,,,1,2,1,1.0,6
201300057843,0013-06-06 21:55:00,13,6,6,21,55,973,2,"1, ZEPHIR (CITE)",,,Nuit avec éclairage allumé,Hors agglomération,Intersection en T,Normale,Deux véhicules - côté,,,,,,,,,,,5,1,3,1.0,3
201300057844,0013-06-08 04:54:00,13,6,8,4,54,973,2,MONTABO (ROUTE DE) 1,,,Nuit avec éclairage allumé,En agglomération,Intersection en X,Pluie légère,Deux véhicules - côté,,,,,,,,,,,5,2,2,2.0,3
201300057845,0013-06-10 20:14:00,13,6,10,20,14,973,2,"12, BARTHELEMY (RENE)",,,Nuit avec éclairage allumé,En agglomération,Intersection en X,Normale,Deux véhicules - côté,,,,,,,,,,,5,2,2,1.0,3
201300057846,0013-06-10 21:35:00,13,6,10,21,35,973,2,"3191, MONTABO (ROUTE DE)",,,Nuit avec éclairage allumé,En agglomération,Hors intersection,Pluie forte,Deux véhicules - côté,,,,,,,,,,,5,2,1,3.0,3
201300057847,0013-06-11 09:35:00,13,6,11,9,35,973,2,"2788, MADELEINE (ROUTE D",,,Plein jour,En agglomération,Hors intersection,Normale,Deux véhicules - côté,,,,,,,,,,,1,2,1,1.0,3
201300057848,0013-06-14 14:30:00,13,6,14,14,30,973,2,"9001, FLAMBOYANTS (RUE D",,,Plein jour,En agglomération,Hors intersection,Normale,Deux véhicules - arrière,,,,,,,,,,,1,2,1,1.0,2
201300057849,0013-06-14 15:00:00,13,6,14,15,0,973,2,"28, VOLTAIRE(AVENUE)",,,Plein jour,En agglomération,Intersection en X,Normale,Deux véhicules - côté,,,,,,,,,,,1,2,2,1.0,3
201300057850,0013-06-20 16:20:00,13,6,20,16,20,973,2,"599, MADELEINE (ROUTE DE",,,Plein jour,En agglomération,Hors intersection,Normale,Deux véhicules - côté,,,,,,,,,,,1,2,1,1.0,3
201300057851,0013-06-21 00:05:00,13,6,21,0,5,973,2,MONTABO (ROUTE DE) 1,,,Nuit avec éclairage allumé,En agglomération,Intersection en T,Normale,Deux véhicules - arrière,,,,,,,,,,,5,2,3,1.0,2
201300057852,0013-06-22 19:00:00,13,6,22,19,0,973,2,"18, BADUEL (ROUTE DE)",,,Nuit avec éclairage allumé,En agglomération,Hors intersection,Pluie légère,Deux véhicules - côté,,,,,,,,,,,5,2,1,2.0,3
201300057853,0013-06-24 09:36:00,13,6,24,9,36,973,2,"61, LIBERTE (AVENUE DE L",,,Plein jour,En agglomération,Hors intersection,Normale,Deux véhicules - côté,,,,,,,,,,,1,2,1,1.0,3
201300057854,0013-06-11 20:03:00,13,6,11,20,3,973,2,TIGRE (ROUTE DU),,,Nuit avec éclairage allumé,En agglomération,Intersection en T,Normale,Deux véhicules - côté,,,,,,,,,,,5,2,3,1.0,3
201300057855,0013-06-28 04:00:00,13,6,28,4,0,973,2,FELIX EBOUE(ROCADE),,,Nuit avec éclairage allumé,En agglomération,Hors intersection,Normale,Autre collision,,,,,,,,,,,5,2,1,1.0,6
201300057856,0013-06-28 21:25:00,13,6,28,21,25,973,2,BADUEL (ROUTE DE),,,Nuit avec éclairage non allumé,En agglomération,Hors intersection,Temps couvert,Autre collision,,,,,,,,,,,4,2,1,8.0,6
201300057857,0013-06-29 04:00:00,13,6,29,4,0,973,2,"27, HEDER (AVENUE LEOPOL",,,Nuit avec éclairage allumé,Hors agglomération,Intersection en X,Temps couvert,Deux véhicules - côté,,,,,,,,,,,5,1,2,8.0,3
201300057858,0013-06-29 06:45:00,13,6,29,6,45,973,2,FLAMBOYANTS (RUE DES),,,Plein jour,Hors agglomération,Hors intersection,Normale,Deux véhicules - frontale,,,,,,,,,,,1,1,1,1.0,1
201300057859,0013-06-30 19:30:00,13,6,30,19,30,973,2,"2059, MADELEINE (ROUTE D",,,Nuit avec éclairage allumé,En agglomération,Hors intersection,Normale,Deux véhicules - arrière,,,,,,,,,,,5,2,1,1.0,2
201300057860,0013-07-02 14:45:00,13,7,2,14,45,973,2,"2571, MONTABO (ROUTE DE)",,,Plein jour,Hors agglomération,Hors intersection,Normale,Deux véhicules - frontale,,,,,,,,,,,1,1,1,1.0,1
201300057861,0013-07-04 15:25:00,13,7,4,15,25,973,2,TIGRE (ROUTE DU),,,Plein jour,En agglomération,Hors intersection,Normale,Deux véhicules - côté,,,,,,,,,,,1,2,1,1.0,3
201300057862,0013-07-09 14:51:00,13,7,9,14,51,973,2,"2788, MADELEINE (ROUTE D",,,Plein jour,En agglomération,Hors intersection,Normale,Trois véhicules et plus - collisions multiples,,,,,,,,,,,1,2,1,1.0,5
201300057863,0013-07-16 22:20:00,13,7,16,22,20,973,2,ROUTE NATIONALE 3,,,Nuit avec éclairage non allumé,Hors agglomération,Hors intersection,Normale,Deux véhicules - arrière,,,,,,,,,,,4,1,1,1.0,2
201300057864,0013-07-17 12:20:00,13,7,17,12,20,973,2,"3312, BADUEL (ROUTE DE)",,,Plein jour,En agglomération,Hors intersection,Normale,Deux véhicules - arrière,,,,,,,,,,,1,2,1,1.0,2
201300057865,0013-07-21 00:01:00,13,7,21,0,1,973,2,"933, BADUEL (ROUTE DE)",,,Nuit sans éclairage public,En agglomération,Hors intersection,Normale,Autre collision,,,,,,,,,,,3,2,1,1.0,6
201300057866,0013-07-23 09:55:00,13,7,23,9,55,973,2,"1696, BADUEL (ROUTE DE)",,,Plein jour,En agglomération,Hors intersection,Normale,Trois véhicules et plus - en chaîne,,,,,,,,,,,1,2,1,1.0,4
201300057867,0013-07-25 10:26:00,13,7,25,10,26,973,2,"913, BADUEL (ROUTE DE)",,,Plein jour,En agglomération,Hors intersection,Normale,Deux véhicules - arrière,,,,,,,,,,,1,2,1,1.0,2
201300057868,0013-07-26 17:30:00,13,7,26,17,30,973,2,ROUTE NATIONALE 1,,,Plein jour,Hors agglomération,Intersection en Y,Normale,Deux véhicules - côté,,,,,,,,,,,1,1,4,1.0,3
201300057869,0013-07-28 01:35:00,13,7,28,1,35,973,2,CABASSOU (ROUTE DE),,,Nuit avec éclairage allumé,Hors agglomération,Hors intersection,Pluie légère,Sans collision,,,,,,,,,,,5,1,1,2.0,7
201300057870,0013-07-29 21:10:00,13,7,29,21,10,973,2,"41, CESAIRE (CITE)",,,Nuit avec éclairage allumé,Hors agglomération,Intersection en T,Normale,Deux véhicules - côté,,,,,,,,,,,5,1,3,1.0,3
201300057871,0013-07-31 22:40:00,13,7,31,22,40,973,2,FELIX EBOUE(ROCADE),,,Nuit avec éclairage allumé,En agglomération,Intersection en X,Normale,Deux véhicules - côté,,,,,,,,,,,5,2,2,1.0,3
201300057872,0013-07-28 20:20:00,13,7,28,20,20,973,2,"1, TIGRE (ROUTE DU)",,,Nuit avec éclairage allumé,Hors agglomération,Hors intersection,Normale,Autre collision,,,,,,,,,,,5,1,1,1.0,6
201300057873,0013-08-04 03:50:00,13,8,4,3,50,973,2,BADUEL (ROUTE DE),,,Nuit avec éclairage allumé,En agglomération,Hors intersection,Normale,Deux véhicules - frontale,,,,,,,,,,,5,2,1,1.0,1
201300057874,0013-08-11 06:55:00,13,8,11,6,55,973,2,MARINGOUINS (ROND-POINT),,,Plein jour,Hors agglomération,Giratoire,Normale,Deux véhicules - arrière,,,,,,,,,,,1,1,6,1.0,2
201300057875,0013-08-11 12:55:00,13,8,11,12,55,973,2,"383, MANGO (ROUTE)",,,Plein jour,En agglomération,Hors intersection,Normale,Autre collision,,,,,,,,,,,1,2,1,1.0,6
201300057876,0013-08-26 12:20:00,13,8,26,12,20,973,2,"7, REPUBLIQUE (BD DE LA)",,,Plein jour,En agglomération,Hors intersection,Normale,Trois véhicules et plus - collisions multiples,,,,,,,,,,,1,2,1,1.0,5
201300057877,0013-08-26 19:15:00,13,8,26,19,15,973,2,"5, FAUBOURG L'ABRI (CITE",,,Nuit avec éclairage allumé,En agglomération,Hors intersection,Normale,Autre collision,,,,,,,,,,,5,2,1,1.0,6