accident_id,datetime,annee,mois,jour,heure,minute,departement,commune_insee,adresse,latitude,longitude,luminosite,agglomeration,intersection,meteo,collision,nb_vehicules,nb_usagers,nb_indemnes,nb_tues,nb_blesses_hosp,nb_blesses_legers,age_cond_1,age_cond_2,veh_type_cond_1,veh_type_cond_2,lum_code,agg_code,int_code,atm_code,col_code
201300057878,0013-08-28 16:35:00,13,8,28,16,35,973,2,"15, ESTREES (AVENUE D')",,,Plein jour,En agglomération,Hors intersection,Normale,Deux véhicules - côté,,,,,,,,,,,1,2,1,1.0,3
201300057879,0013-09-02 14:50:00,13,9,2,14,50,973,2,"1296, MADELEINE (ROUTE D",,,Plein jour,En agglomération,Hors intersection,Normale,Deux véhicules - côté,,,,,,,,,,,1,2,1,1.0,3
201300057880,0013-09-03 12:35:00,13,9,3,12,35,973,2,"127, CABASSOU (ROUTE DE)",,,Plein jour,Hors agglomération,Intersection en T,Normale,Deux véhicules - côté,,,,,,,,,,,1,1,3,1.0,3
201300057881,0013-09-05 13:20:00,13,9,5,13,20,973,2,"1413, FELIX EBOUE(ROCADE",,,Plein jour,En agglomération,Hors intersection,Normale,Deux véhicules - arrière,,,,,,,,,,,1,2,1,1.0,2
201300057882,0013-09-07 16:00:00,13,9,7,16,0,973,2,"127, CABASSOU (ROUTE DE)",,,Plein jour,En agglomération,Hors intersection,Normale,Deux véhicules - frontale,,,,,,,,,,,1,2,1,1.0,1
201300057883,0013-09-09 01:12:00,13,9,9,1,12,973,2,CABASSOU (ROUTE DE),,,Nuit avec éclairage allumé,En agglomération,Hors intersection,Normale,Autre collision,,,,,,,,,,,5,2,1,1.0,6
201300057884,0013-09-09 09:05:00,13,9,9,9,5,973,2,"2955, BADUEL (ROUTE DE)",,,Plein jour,En agglomération,Hors intersection,Normale,Deux véhicules - côté,,,,,,,,,,,1,2,1,1.0,3
201300057885,0013-09-13 21:10:00,13,9,13,21,10,973,2,"1, FLAMBOYANTS (RUE DES)",,,Nuit avec éclairage allumé,En agglomération,Hors intersection,Normale,Deux véhicules - côté,,,,,,,,,,,5,2,1,1.0,3
201300057886,0013-09-20 08:05:00,13,9,20,8,5,973,2,MIRZA (CITE),,,Plein jour,Hors agglomération,Hors intersection,Normale,Deux véhicules - côté,,,,,,,,,,,1,1,1,1.0,3
201300057887,0013-09-21 19:45:00,13,9,21,19,45,973,2,ESTREES (AVENUE D'),,,Crépuscule ou aube,En agglomération,Hors intersection,Normale,Deux véhicules - frontale,,,,,,,,,,,2,2,1,1.0,1
201300057888,0013-09-21 23:08:00,13,9,21,23,8,973,2,"2407, EBOUE (ROCADE FELI",,,Nuit avec éclairage non allumé,Hors agglomération,Intersection en T,Normale,Deux véhicules - côté,,,,,,,,,,,4,1,3,1.0,3
201300057889,0013-09-23 20:05:00,13,9,23,20,5,973,2,"2, BLANC (LOUIS)",,,Nuit avec éclairage allumé,En agglomération,Intersection en X,Normale,Deux véhicules - côté,,,,,,,,,,,5,2,2,1.0,3
201300057890,0013-09-25 08:00:00,13,9,25,8,0,973,2,"2358, BADUEL (ROUTE DE)",,,Plein jour,En agglomération,Hors intersection,Normale,Trois véhicules et plus - collisions multiples,,,,,,,,,,,1,2,1,1.0,5
201300057891,0013-09-25 15:25:00,13,9,25,15,25,973,2,"1613, RABAN (ROUTE DE)",,,Plein jour,En agglomération,Intersection en T,Normale,Deux véhicules - côté,,,,,,,,,,,1,2,3,1.0,3
201300057892,0013-09-26 15:40:00,13,9,26,15,40,973,2,MARINGOUINS (ROND-POINT),,,Plein jour,Hors agglomération,Giratoire,Normale,Autre collision,,,,,,,,,,,1,1,6,1.0,6
201300057893,0013-09-29 08:15:00,13,9,29,8,15,973,2,"3945, MONTABO (ROUTE DE)",,,Plein jour,Hors agglomération,Hors intersection,Normale,Deux véhicules - arrière,,,,,,,,,,,1,1,1,1.0,2
201300057894,0013-09-30 19:55:00,13,9,30,19,55,973,2,"1789, MADELEINE (ROUTE D",,,Nuit avec éclairage allumé,Hors agglomération,Hors intersection,Normale,Trois véhicules et plus - collisions multiples,,,,,,,,,,,5,1,1,1.0,5
201300057895,0013-10-06 19:45:00,13,10,6,19,45,973,2,"237, MANGO (ROUTE)",,,Nuit avec éclairage allumé,En agglomération,Hors intersection,Normale,Deux véhicules - frontale,,,,,,,,,,,5,2,1,1.0,1
201300057896,0013-10-16 12:20:00,13,10,16,12,20,973,2,"599, MADELEINE (ROUTE DE",,,Plein jour,En agglomération,Hors intersection,Normale,Deux véhicules - côté,,,,,,,,,,,1,2,1,1.0,3
201300057897,0013-10-18 07:50:00,13,10,18,7,50,973,2,"0, LIBERTE (AVENUE DE LA",,,Plein jour,En agglomération,Intersection en T,Normale,Deux véhicules - côté,,,,,,,,,,,1,2,3,1.0,3
201300057898,0013-10-19 15:00:00,13,10,19,15,0,973,2,RABAN (ROUTE DE),,,Plein jour,Hors agglomération,Intersection en T,Normale,Deux véhicules - côté,,,,,,,,,,,1,1,3,1.0,3
201300057899,0013-10-19 21:00:00,13,10,19,21,0,973,2,"1850, MADELEINE (ROUTE D",,,Nuit avec éclairage allumé,Hors agglomération,Hors intersection,Normale,Deux véhicules - côté,,,,,,,,,,,5,1,1,1.0,3
201300057900,0013-10-20 20:05:00,13,10,20,20,5,973,2,MADELEINE (ROUTE DE LA),,,Nuit avec éclairage allumé,En agglomération,Hors intersection,Normale,Deux véhicules - frontale,,,,,,,,,,,5,2,1,1.0,1
201300057901,0013-10-21 02:20:00,13,10,21,2,20,973,2,"2, BRADIN (GONTRAN) CITE",,,Nuit avec éclairage allumé,En agglomération,Hors intersection,Normale,Autre collision,,,,,,,,,,,5,2,1,1.0,6
201300057902,0013-10-26 14:30:00,13,10,26,14,30,973,2,"127, CABASSOU (ROUTE DE)",,,Plein jour,En agglomération,Hors intersection,Normale,Deux véhicules - côté,,,,,,,,,,,1,2,1,1.0,3
201300057903,0013-10-27 15:20:00,13,10,27,15,20,973,2,"2548, BADUEL (ROUTE DE)",,,Plein jour,En agglomération,Hors intersection,Normale,Deux véhicules - côté,,,,,,,,,,,1,2,1,1.0,3
201300057904,0013-10-31 09:45:00,13,10,31,9,45,973,2,ZONE COLLERY I OU II,,,Plein jour,Hors agglomération,Hors intersection,Normale,Deux véhicules - côté,,,,,,,,,,,1,1,1,1.0,3
201300057905,0013-11-11 03:35:00,13,11,11,3,35,973,2,"49, LIBERTE (AVENUE DE L",,,Nuit avec éclairage allumé,En agglomération,Hors intersection,Normale,Sans collision,,,,,,,,,,,5,2,1,1.0,7
201300057906,0013-11-13 18:00:00,13,11,13,18,0,973,2,"0.5, ZEPHIR (ROCADE)",,,Plein jour,En agglomération,Hors intersection,Normale,Deux véhicules - arrière,,,,,,,,,,,1,2,1,1.0,2
201300057907,0013-11-15 02:10:00,13,11,15,2,10,973,2,"08, FLAMBOYANTS (RUE DES",,,Nuit avec éclairage allumé,En agglomération,Hors intersection,Normale,Sans collision,,,,,,,,,,,5,2,1,1.0,7
201300057908,0013-11-15 10:45:00,13,11,15,10,45,973,2,"1361, BADUEL (ROUTE DE)",,,Plein jour,Hors agglomération,Hors intersection,Normale,Deux véhicules - côté,,,,,,,,,,,1,1,1,1.0,3
201300057909,0013-11-24 23:00:00,13,11,24,23,0,973,2,"0, MOLE",,,Nuit avec éclairage allumé,En agglomération,Hors intersection,Normale,Sans collision,,,,,,,,,,,5,2,1,1.0,7
201300057910,0013-11-26 09:30:00,13,11,26,9,30,973,2,MANGO (ROUTE),,,Plein jour,En agglomération,Intersection en Y,Normale,Deux véhicules - côté,,,,,,,,,,,1,2,4,1.0,3
201300057911,0013-11-30 14:18:00,13,11,30,14,18,973,2,"537, BADUEL (ROUTE DE)",,,Plein jour,En agglomération,Hors intersection,Normale,Deux véhicules - côté,,,,,,,,,,,1,2,1,1.0,3
201300057912,0013-12-07 07:40:00,13,12,7,7,40,973,2,"62, BOUDINOT (AUGUSTE) C",,,Plein jour,En agglomération,Hors intersection,Autre,Autre collision,,,,,,,,,,,1,2,1,9.0,6
201300057913,0013-12-07 18:15:00,13,12,7,18,15,973,2,"3650, BADUEL (ROUTE DE)",,,Crépuscule ou aube,En agglomération,Hors intersection,Normale,Deux véhicules - frontale,,,,,,,,,,,2,2,1,1.0,1
201300057914,0013-12-12 06:26:00,13,12,12,6,26,973,2,"556, MONTABO (ROUTE DE)",,,Plein jour,Hors agglomération,Hors intersection,Pluie légère,Deux véhicules - côté,,,,,,,,,,,1,1,1,2.0,3
201300057915,0013-12-14 12:05:00,13,12,14,12,5,973,2,"31, LA ROSERAIE(CITE)",,,Plein jour,Hors agglomération,Hors intersection,Normale,Deux véhicules - côté,,,,,,,,,,,1,1,1,1.0,3
201300057916,0013-12-17 16:00:00,13,12,17,16,0,973,2,"21332, MONTABO (ROUTE DE",,,Plein jour,Hors agglomération,Intersection en T,Pluie forte,Deux véhicules - frontale,,,,,,,,,,,1,1,3,3.0,1
201300057917,0013-10-05 07:10:00,13,10,5,7,10,973,2,BADUEL (ROUTE DE),,,Nuit sans éclairage public,En agglomération,Hors intersection,Normale,Sans collision,,,,,,,,,,,3,2,1,1.0,7
201300057918,0013-12-21 10:20:00,13,12,21,10,20,973,2,3PREVOT (ERNEST),,,Plein jour,En agglomération,Intersection en X,Pluie légère,Deux véhicules - arrière,,,,,,,,,,,1,2,2,2.0,2
201300057919,0013-12-25 07:40:00,13,12,25,7,40,973,2,"238, FLAMBOYANTS (RUE DE",,,Plein jour,Hors agglomération,Hors intersection,Normale,Deux véhicules - côté,,,,,,,,,,,1,1,1,1.0,3
201300057920,0013-12-29 15:40:00,13,12,29,15,40,973,2,ZEPHIR (ROCADE),,,Plein jour,En agglomération,Hors intersection,Normale,Deux véhicules - côté,,,,,,,,,,,1,2,1,1.0,3
201300057921,0013-01-01 03:30:00,13,1,1,3,30,974,7,ROUTE DU SACRE COEUR,,,Nuit sans éclairage public,En agglomération,Hors intersection,Normale,Autre collision,,,,,,,,,,,3,2,1,1.0,6
201300057922,0013-01-01 06:53:00,13,1,1,6,53,974,7,"4, SECTEUR DU PORT",,,Plein jour,Hors agglomération,Hors intersection,Normale,Sans collision,,,,,,,,,,,1,1,1,1.0,7
201300057923,0013-01-14 16:20:00,13,1,14,16,20,974,7,RUE JACQUES PREVERT,,,Plein jour,En agglomération,Hors intersection,Normale,Deux véhicules - arrière,,,,,,,,,,,1,2,1,1.0,2
201300057924,0013-01-14 20:05:00,13,1,14,20,5,974,7,VERGES(AVENUE),,,Nuit avec éclairage non allumé,En agglomération,Hors intersection,Normale,Autre collision,,,,,,,,,,,4,2,1,1.0,6
201300057925,0013-01-25 21:50:00,13,1,25,21,50,974,7,ROND POINT SACRE COEUR,,,Nuit sans éclairage public,Hors agglomération,Giratoire,Normale,Sans collision,,,,,,,,,,,3,1,6,1.0,7
201300057926,0013-02-10 08:35:00,13,2,10,8,35,974,7,ROND POINT DE CAMBAIE,,,Plein jour,En agglomération,Hors intersection,Normale,Sans collision,,,,,,,,,,,1,2,1,1.0,7
201300057927,0013-02-12 19:05:00,13,2,12,19,5,974,7,RUE JACQUES PREVERT,,,Crépuscule ou aube,Hors agglomération,Hors intersection,Normale,Deux véhicules - côté,,,,,,,,,,,2,1,1,1.0,3
201300057928,0013-03-01 00:55:00,13,3,1,0,55,974,7,COMMUNE DE PARIS (AVENUE,,,Nuit avec éclairage allumé,En agglomération,Hors intersection,Normale,Sans collision,,,,,,,,,,,5,2,1,1.0,7
201300057929,0013-03-01 12:20:00,13,3,1,12,20,974,7,rue jesse owens,,,Plein jour,En agglomération,Hors intersection,Normale,Deux véhicules - côté,,,,,,,,,,,1,2,1,1.0,3
201300057930,0013-03-02 22:25:00,13,3,2,22,25,974,7,COMMUNE DE PARIS (AV),,,Nuit avec éclairage allumé,En agglomération,Hors intersection,Normale,Deux véhicules - côté,,,,,,,,,,,5,2,1,1.0,3
201300057931,0013-03-04 13:40:00,13,3,4,13,40,974,7,BANVILLE(RUELLE),,,Plein jour,En agglomération,Hors intersection,Normale,Autre collision,,,,,,,,,,,1,2,1,1.0,6
201300057932,0013-03-04 17:10:00,13,3,4,17,10,974,7,SPENCER HERBERT(RUE),,,Plein jour,En agglomération,Intersection en T,Normale,Autre collision,,,,,,,,,,,1,2,3,1.0,6
201300057933,0013-03-05 13:30:00,13,3,5,13,30,974,7,BD DE LA COMPAGNIE DES I,,,Plein jour,En agglomération,Hors intersection,Normale,Deux véhicules - arrière,,,,,,,,,,,1,2,1,1.0,2
201300057934,0013-03-09 10:23:00,13,3,9,10,23,974,7,MICHEL RENE(RUE),,,Plein jour,En agglomération,Hors intersection,Normale,Autre collision,,,,,,,,,,,1,2,1,1.0,6
201300057935,0013-03-12 08:07:00,13,3,12,8,7,974,7,SAINT PAUL(RUE),,,Plein jour,En agglomération,Intersection en X,Normale,Autre collision,,,,,,,,,,,1,2,2,1.0,6
201300057936,0013-03-14 21:40:00,13,3,14,21,40,974,7,ROUTE DU SACRE COEUR,,,Nuit sans éclairage public,En agglomération,Hors intersection,Normale,Sans collision,,,,,,,,,,,3,2,1,1.0,7
201300057937,0013-03-15 13:00:00,13,3,15,13,0,974,7,19 MARS 1946(AVENUE DU),,,Plein jour,En agglomération,Hors intersection,Normale,Autre collision,,,,,,,,,,,1,2,1,1.0,6
201300057938,0013-03-22 23:00:00,13,3,22,23,0,974,7,ROND POINT SACRE COEUR,,,Nuit sans éclairage public,En agglomération,Hors intersection,Normale,Deux véhicules - côté,,,,,,,,,,,3,2,1,1.0,3
201300057939,0013-04-03 19:20:00,13,4,3,19,20,974,7,CHEMIN DES ANGLAIS,,,Nuit sans éclairage public,Hors agglomération,Hors intersection,Normale,Autre collision,,,,,,,,,,,3,1,1,1.0,6
201300057940,0013-04-04 06:40:00,13,4,4,6,40,974,7,OWENS JAMES,,,Crépuscule ou aube,Hors agglomération,Hors intersection,Normale,Autre collision,,,,,,,,,,,2,1,1,1.0,6
201300057941,0013-04-05 21:45:00,13,4,5,21,45,974,7,ABATTOIR(PLACE),,,Nuit avec éclairage allumé,En agglomération,Hors intersection,Normale,Sans collision,,,,,,,,,,,5,2,1,1.0,7
201300057942,0013-04-09 16:35:00,13,4,9,16,35,974,7,ROND POINT DES DANSEUSES,,,Plein jour,En agglomération,Hors intersection,Normale,Deux véhicules - côté,,,,,,,,,,,1,2,1,1.0,3
201300057943,0013-04-11 12:20:00,13,4,11,12,20,974,7,MONDON (AVENUE),,,Plein jour,En agglomération,Hors intersection,Normale,Deux véhicules - côté,,,,,,,,,,,1,2,1,1.0,3
201300057944,0013-04-12 22:20:00,13,4,12,22,20,974,7,PARIS (AVENUE),,,Nuit avec éclairage allumé,En agglomération,Hors intersection,Normale,Deux véhicules - côté,,,,,,,,,,,5,2,1,1.0,3
201300057945,0013-04-13 20:00:00,13,4,13,20,0,974,7,RUE JEAN MOULIN,,,Nuit sans éclairage public,Hors agglomération,Intersection en X,Normale,Deux véhicules - côté,,,,,,,,,,,3,1,2,1.0,3
201300057946,0013-04-15 15:50:00,13,4,15,15,50,974,7,VOIE PORTUAIRE,,,Plein jour,Hors agglomération,Hors intersection,Normale,Deux véhicules - arrière,,,,,,,,,,,1,1,1,1.0,2
201300057947,0013-04-17 16:45:00,13,4,17,16,45,974,7,BD DE LA COMPAGNIE DES I,,,Plein jour,En agglomération,Hors intersection,Normale,Deux véhicules - côté,,,,,,,,,,,1,2,1,1.0,3
201300057948,0013-04-19 20:00:00,13,4,19,20,0,974,7,SUAREZ ANDRE(RUE),,,Nuit sans éclairage public,En agglomération,Hors intersection,Normale,Autre collision,,,,,,,,,,,3,2,1,1.0,6
201300057949,0013-04-20 21:10:00,13,4,20,21,10,974,7,MASCAREIGNES(BOULEVARD),,,Nuit sans éclairage public,En agglomération,Hors intersection,Normale,Deux véhicules - arrière,,,,,,,,,,,3,2,1,1.0,2
201300057950,0013-04-22 08:10:00,13,4,22,8,10,974,7,ROND POINT TITAN,,,Plein jour,En agglomération,Hors intersection,Normale,Autre collision,,,,,,,,,,,1,2,1,1.0,6
201300057951,0013-04-24 09:15:00,13,4,24,9,15,974,7,BOSSE (RUE),,,Plein jour,En agglomération,Hors intersection,Normale,Autre collision,,,,,,,,,,,1,2,1,1.0,6
201300057952,0013-05-03 16:50:00,13,5,3,16,50,974,7,ROUTE DU SACRE COEUR,,,Plein jour,En agglomération,Hors intersection,Normale,Deux véhicules - arrière,,,,,,,,,,,1,2,1,1.0,2
201300057953,0013-05-09 21:05:00,13,5,9,21,5,974,7,PARIS (AVENUE),,,Nuit avec éclairage allumé,En agglomération,Hors intersection,Normale,Deux véhicules - côté,,,,,,,,,,,5,2,1,1.0,3
201300057954,0013-05-12 15:30:00,13,5,12,15,30,974,7,SUAREZ ANDRE(RUE),,,Plein jour,En agglomération,Hors intersection,Normale,Autre collision,,,,,,,,,,,1,2,1,1.0,6
201300057955,0013-05-17 18:05:00,13,5,17,18,5,974,7,ROUTE NATIONALE N? 1,,,Crépuscule ou aube,Hors agglomération,Hors intersection,Normale,Deux véhicules - côté,,,,,,,,,,,2,1,1,1.0,3
201300057956,0013-05-21 16:50:00,13,5,21,16,50,974,7,ROUTE NATIONALE N? 1,,,Plein jour,Hors agglomération,Hors intersection,Normale,Sans collision,,,,,,,,,,,1,1,1,1.0,7
201300057957,0013-05-25 16:05:00,13,5,25,16,5,974,7,RUE JACQUES DUCLOS,,,Plein jour,En agglomération,Hors intersection,Normale,Autre collision,,,,,,,,,,,1,2,1,1.0,6
201300057958,0013-05-25 20:30:00,13,5,25,20,30,974,7,TAMATAVE (BOULEVARD),,,Nuit sans éclairage public,En agglomération,Hors intersection,Normale,Deux véhicules - côté,,,,,,,,,,,3,2,1,1.0,3
201300057959,0013-05-27 13:10:00,13,5,27,13,10,974,7,SANS SOUCIS(RUE),,,Plein jour,En agglomération,Intersection en X,Normale,Deux véhicules - arrière,,,,,,,,,,,1,2,2,1.0,2
201300057960,0013-06-06 15:15:00,13,6,6,15,15,974,7,ROND POINT DE CAMBAIE,,,Plein jour,En agglomération,Hors intersection,Normale,Autre collision,,,,,,,,,,,1,2,1,1.0,6
201300057961,0013-06-07 20:10:00,13,6,7,20,10,974,7,RUE SULLY PRUD'HOMME,,,Nuit avec éclairage allumé,En agglomération,Hors intersection,Normale,Autre collision,,,,,,,,,,,5,2,1,1.0,6
201300057962,0013-06-10 16:56:00,13,6,10,16,56,974,7,MONDON (AVENUE),,,Plein jour,En agglomération,Hors intersection,Normale,Deux véhicules - arrière,,,,,,,,,,,1,2,1,1.0,2
201300057963,0013-06-12 15:25:00,13,6,12,15,25,974,7,RUE SULLY PRUD'HOMME,,,Plein jour,En agglomération,Hors intersection,Normale,Deux véhicules - côté,,,,,,,,,,,1,2,1,1.0,3
201300057964,0013-06-14 16:06:00,13,6,14,16,6,974,7,08 MARS(RUE DU),,,Plein jour,En agglomération,Hors intersection,Normale,Autre collision,,,,,,,,,,,1,2,1,1.0,6
201300057965,0013-06-17 17:20:00,13,6,17,17,20,974,7,ROND POINT SACRE COEUR,,,Plein jour,En agglomération,Hors intersection,Normale,Deux véhicules - arrière,,,,,,,,,,,1,2,1,1.0,2
201300057966,0013-06-20 18:40:00,13,6,20,18,40,974,7,ROUTE NATIONALE N? 1,,,Nuit sans éclairage public,Hors agglomération,Hors intersection,Normale,Deux véhicules - arrière,,,,,,,,,,,3,1,1,1.0,2
201300057967,0013-06-25 19:20:00,13,6,25,19,20,974,7,SIMON (RUE PERNIC),,,Nuit avec éclairage allumé,En agglomération,Hors intersection,Normale,Deux véhicules - côté,,,,,,,,,,,5,2,1,1.0,3
201300057968,0013-07-06 22:47:00,13,7,6,22,47,974,7,CARPAYE(AVENUE),,,Nuit avec éclairage allumé,En agglomération,Hors intersection,Normale,Deux véhicules - arrière,,,,,,,,,,,5,2,1,1.0,2
201300057969,0013-07-10 09:20:00,13,7,10,9,20,974,7,COMPAGNIE DES INDES,,,Plein jour,En agglomération,Hors intersection,Normale,Deux véhicules - arrière,,,,,,,,,,,1,2,1,1.0,2
201300057970,0013-07-11 06:38:00,13,7,11,6,38,974,7,RUE CHARLES DARWIN,,,Crépuscule ou aube,En agglomération,Hors intersection,Normale,Sans collision,,,,,,,,,,,2,2,1,1.0,7
201300057971,0013-07-15 08:35:00,13,7,15,8,35,974,7,LYON(RUE),20.93729,5.29534,Plein jour,En agglomération,Hors intersection,Normale,Autre collision,,,,,,,,,,,1,2,1,1.0,6
201300057972,0013-07-15 16:45:00,13,7,15,16,45,974,7,VERDUN(BOULEVARD),,,Plein jour,En agglomération,Hors intersection,Normale,Trois véhicules et plus - collisions multiples,,,,,,,,,,,1,2,1,1.0,5
201300057973,0013-07-23 22:55:00,13,7,23,22,55,974,7,ROUTE NATIONALE 1,,,Nuit sans éclairage public,Hors agglomération,Hors intersection,Normale,Deux véhicules - côté,,,,,,,,,,,3,1,1,1.0,3
201300057974,0013-07-30 06:44:00,13,7,30,6,44,974,7,DESMOULINS(RUE),,,Crépuscule ou aube,En agglomération,Hors intersection,Normale,Trois véhicules et plus - collisions multiples,,,,,,,,,,,2,2,1,1.0,5
201300057975,0013-07-30 18:00:00,13,7,30,18,0,974,7,14 JUILLET 1789(AVENUE D,,,Crépuscule ou aube,En agglomération,Hors intersection,Normale,Autre collision,,,,,,,,,,,2,2,1,1.0,6
201300057976,0013-08-06 11:35:00,13,8,6,11,35,974,7,CABRAL(RUE),,,Plein jour,En agglomération,Hors intersection,Normale,Autre collision,,,,,,,,,,,1,2,1,1.0,6
201300057977,0013-08-09 09:30:00,13,8,9,9,30,974,7,DOXILE(RUE),,,Plein jour,En agglomération,Hors intersection,Normale,Autre collision,,,,,,,,,,,1,2,1,1.0,6
201300057978,0013-08-10 00:01:00,13,8,10,0,1,974,7,OWENS JAMES,,,Nuit avec éclairage allumé,En agglomération,Hors intersection,Normale,Sans collision,,,,,,,,,,,5,2,1,1.0,7
201300057979,0013-08-10 19:10:00,13,8,10,19,10,974,7,TOULOUSE(BOULEVARD),,,Nuit avec éclairage allumé,En agglomération,Hors intersection,Normale,Deux véhicules - côté,,,,,,,,,,,5,2,1,1.0,3
201300057980,0013-08-19 20:15:00,13,8,19,20,15,974,7,ROND POINT DE L'OASIS,,,Nuit avec éclairage allumé,En agglomération,Giratoire,Normale,Deux véhicules - côté,,,,,,,,,,,5,2,6,1.0,3
201300057981,0013-08-26 07:30:00,13,8,26,7,30,974,7,DE GAULLE(RUE),,,Plein jour,En agglomération,Hors intersection,Normale,Sans collision,,,,,,,,,,,1,2,1,1.0,7
201300057982,0013-08-28 22:16:00,13,8,28,22,16,974,7,19 MARS 1946 (AVENUE),,,Nuit avec éclairage allumé,En agglomération,Intersection en T,Normale,Deux véhicules - frontale,,,,,,,,,,,5,2,3,1.0,1
201300057983,0013-08-29 16:50:00,13,8,29,16,50,974,7,VERGES(AVENUE),,,Plein jour,En agglomération,Hors intersection,Normale,Autre collision,,,,,,,,,,,1,2,1,1.0,6
201300057984,0013-08-30 15:10:00,13,8,30,15,10,974,7,RUE THEODORE DROUET,,,Plein jour,En agglomération,Hors intersection,Normale,Deux véhicules - côté,,,,,,,,,,,1,2,1,1.0,3
201300057985,0013-09-10 06:25:00,13,9,10,6,25,974,7,RUE JACQUES PREVERT,,,Plein jour,En agglomération,Hors intersection,Normale,Autre collision,,,,,,,,,,,1,2,1,1.0,6
201300057986,0013-09-23 07:11:00,13,9,23,7,11,974,7,OWENS JAMES,,,Plein jour,En agglomération,Hors intersection,Normale,Autre collision,,,,,,,,,,,1,2,1,1.0,6
201300057987,0013-09-29 08:00:00,13,9,29,8,0,974,7,RD PT SACRE COEUR,,,Plein jour,En agglomération,Giratoire,Normale,Deux véhicules - arrière,,,,,,,,,,,1,2,6,1.0,2
201300057988,0013-10-06 02:50:00,13,10,6,2,50,974,7,ROUTE DU SACRE COEUR,,,Nuit sans éclairage public,Hors agglomération,Hors intersection,Normale,Autre collision,,,,,,,,,,,3,1,1,1.0,6
201300057989,0013-10-06 20:40:00,13,10,6,20,40,974,7,"20, CARPAYE(AVENUE)",,,Nuit sans éclairage public,En agglomération,Hors intersection,Normale,Autre collision,,,,,,,,,,,3,2,1,1.0,6
201300057990,0013-10-07 07:00:00,13,10,7,7,0,974,7,ROUTE NATIONALE N? 1,,,Plein jour,Hors agglomération,Hors intersection,Normale,Deux véhicules - côté,,,,,,,,,,,1,1,1,1.0,3
201300057991,0013-10-10 14:40:00,13,10,10,14,40,974,7,RUE JACQUES PREVERT,,,Plein jour,En agglomération,Hors intersection,Normale,Deux véhicules - côté,,,,,,,,,,,1,2,1,1.0,3
201300057992,0013-10-12 14:00:00,13,10,12,14,0,974,7,LILLE (RUE),,,Plein jour,En agglomération,Intersection en X,Normale,Deux véhicules - côté,,,,,,,,,,,1,2,2,1.0,3
201300057993,0013-10-21 19:05:00,13,10,21,19,5,974,7,OWENS JAMES,,,Nuit sans éclairage public,En agglomération,Hors intersection,Normale,Deux véhicules - frontale,,,,,,,,,,,3,2,1,1.0,1
201300057994,0013-10-23 14:15:00,13,10,23,14,15,974,7,"33, RUE JACQUES PREVERT",,,Plein jour,En agglomération,Hors intersection,Normale,Deux véhicules - arrière,,,,,,,,,,,1,2,1,1.0,2
201300057995,0013-10-27 10:23:00,13,10,27,10,23,974,7,CIMENDEF(RUE),,,Plein jour,En agglomération,Hors intersection,Normale,Deux véhicules - côté,,,,,,,,,,,1,2,1,1.0,3
201300057996,0013-10-31 09:00:00,13,10,31,9,0,974,7,"34, MONDON (AVENUE)",,,Plein jour,En agglomération,Hors intersection,Normale,Deux véhicules - côté,,,,,,,,,,,1,2,1,1.0,3
201300057997,0013-11-06 13:10:00,13,11,6,13,10,974,7,ARAGON LOUIS(AVENUE),,,Plein jour,En agglomération,Hors intersection,Normale,Autre collision,,,,,,,,,,,1,2,1,1.0,6
201300057998,0013-11-08 18:15:00,13,11,8,18,15,974,7,ROUTE NATIONALE N? 1,,,Nuit sans éclairage public,Hors agglomération,Hors intersection,Normale,Trois véhicules et plus - en chaîne,,,,,,,,,,,3,1,1,1.0,4
201300057999,0013-11-10 17:15:00,13,11,10,17,15,974,7,RUE JEAN MOULIN,,,Plein jour,En agglomération,Hors intersection,Normale,Deux véhicules - côté,,,,,,,,,,,1,2,1,1.0,3
201300058000,0013-11-12 16:15:00,13,11,12,16,15,974,7,VINCY LEONARD (RUELLE),,,Plein jour,En agglomération,Hors intersection,Normale,Autre collision,,,,,,,,,,,1,2,1,1.0,6
201300058001,0013-11-18 08:15:00,13,11,18,8,15,974,7,LONDRES (RUE),,,Plein jour,En agglomération,Intersection en X,Normale,Deux véhicules - côté,,,,,,,,,,,1,2,2,1.0,3
201300058002,0013-11-18 15:30:00,13,11,18,15,30,974,7,"3, VILLON FRANCOIS(ALLEE",,,Plein jour,En agglomération,Hors intersection,Normale,Autre collision,,,,,,,,,,,1,2,1,1.0,6
201300058003,0013-11-24 19:02:00,13,11,24,19,2,974,7,RUE JACQUES DUCLOS,,,Nuit avec éclairage allumé,En agglomération,Hors intersection,Normale,Deux véhicules - côté,,,,,,,,,,,5,2,1,1.0,3
201300058004,0013-11-26 18:20:00,13,11,26,18,20,974,7,"70, DE GAULLE(RUE)",,,Crépuscule ou aube,En agglomération,Intersection en T,Normale,Autre collision,,,,,,,,,,,2,2,3,1.0,6
201300058005,0013-11-29 12:05:00,13,11,29,12,5,974,7,RUE JACQUES DUCLOS,,,Plein jour,En agglomération,Hors intersection,Normale,Autre collision,,,,,,,,,,,1,2,1,1.0,6
201300058006,0013-12-02 08:25:00,13,12,2,8,25,974,7,ROUTE NATIONALE N? 1,,,Plein jour,Hors agglomération,Hors intersection,Normale,Deux véhicules - arrière,,,,,,,,,,,1,1,1,1.0,2
201300058007,0013-12-03 18:10:00,13,12,3,18,10,974,7,RUE VERLAINE,,,Plein jour,En agglomération,Hors intersection,Normale,Autre collision,,,,,,,,,,,1,2,1,1.0,6
201300058008,0013-12-09 15:40:00,13,12,9,15,40,974,7,ROUTE DU SACRE COEUR,,,Plein jour,En agglomération,Hors intersection,Normale,Deux véhicules - côté,,,,,,,,,,,1,2,1,1.0,3