accident_id,datetime,annee,mois,jour,heure,minute,departement,commune_insee,adresse,latitude,longitude,luminosite,agglomeration,intersection,meteo,collision,nb_vehicules,nb_usagers,nb_indemnes,nb_tues,nb_blesses_hosp,nb_blesses_legers,age_cond_1,age_cond_2,veh_type_cond_1,veh_type_cond_2,lum_code,agg_code,int_code,atm_code,col_code
201300058009,0013-12-10 12:09:00,13,12,10,12,9,974,7,RUE BORIS VIAN,,,Plein jour,En agglomération,Giratoire,Normale,Deux véhicules - côté,,,,,,,,,,,1,2,6,1.0,3
201300058010,0013-12-10 17:00:00,13,12,10,17,0,974,7,COMMUNE DE PARIS (AVENUE,,,Plein jour,En agglomération,Intersection en X,Normale,Deux véhicules - côté,,,,,,,,,,,1,2,2,1.0,3
201300058011,0013-12-14 11:15:00,13,12,14,11,15,974,7,CARPAYE(AVENUE),,,Plein jour,En agglomération,Hors intersection,Normale,Autre collision,,,,,,,,,,,1,2,1,1.0,6
201300058012,0013-12-20 05:00:00,13,12,20,5,0,974,7,FERRY (RUE),,,Crépuscule ou aube,En agglomération,Hors intersection,Normale,Sans collision,,,,,,,,,,,2,2,1,1.0,7
201300058013,0013-12-20 16:50:00,13,12,20,16,50,974,7,OWENS JAMES,,,Plein jour,En agglomération,Hors intersection,Normale,Sans collision,,,,,,,,,,,1,2,1,1.0,7
201300058014,0013-12-22 13:45:00,13,12,22,13,45,974,7,ROUTE DU SACRE COEUR,,,Plein jour,En agglomération,Giratoire,Normale,Deux véhicules - côté,,,,,,,,,,,1,2,6,1.0,3
201300058015,0013-12-25 02:10:00,13,12,25,2,10,974,7,CARPAYE(AVENUE),,,Nuit avec éclairage allumé,En agglomération,Hors intersection,Normale,Autre collision,,,,,,,,,,,5,2,1,1.0,6
201300058016,0013-12-25 03:25:00,13,12,25,3,25,974,7,"48, LENINE (AVENUE)",,,Nuit avec éclairage allumé,En agglomération,Hors intersection,Normale,Autre collision,,,,,,,,,,,5,2,1,1.0,6
201300058017,0013-12-25 21:30:00,13,12,25,21,30,974,7,ROND POINT BUTTE CITRONN,,,Crépuscule ou aube,En agglomération,Hors intersection,Normale,Autre collision,,,,,,,,,,,2,2,1,1.0,6
201300058018,0013-02-04 16:27:00,13,2,4,16,27,974,9,RN2 SENS STE SUZANNE ST,,,Plein jour,Hors agglomération,Hors intersection,Normale,Deux véhicules - arrière,,,,,,,,,,,1,1,1,1.0,2
201300058019,0013-02-11 12:27:00,13,2,11,12,27,974,9,AGENOR (chemin),,,Plein jour,Hors agglomération,Hors intersection,Normale,Autre collision,,,,,,,,,,,1,1,1,1.0,6
201300058020,0013-02-12 19:25:00,13,2,12,19,25,974,9,LACOARET(RUE),,,Nuit sans éclairage public,En agglomération,Hors intersection,Normale,Autre collision,,,,,,,,,,,3,2,1,1.0,6
201300058021,0013-02-16 10:10:00,13,2,16,10,10,974,9,Lefaguyes (chemin),,,Plein jour,En agglomération,Hors intersection,Normale,Autre collision,,,,,,,,,,,1,2,1,1.0,6
201300058022,0013-02-18 07:15:00,13,2,18,7,15,974,9,LACOARET(RUE),,,Plein jour,En agglomération,Hors intersection,Pluie légère,Autre collision,,,,,,,,,,,1,2,1,2.0,6
201300058023,0013-02-18 17:00:00,13,2,18,17,0,974,9,ROCADE SUD(RUE),,,Plein jour,En agglomération,Intersection en T,Pluie légère,Deux véhicules - côté,,,,,,,,,,,1,2,3,2.0,3
201300058024,0013-01-04 21:20:00,13,1,4,21,20,974,9,"5419, ROCADE SUD(RUE)",,,Nuit avec éclairage allumé,En agglomération,Hors intersection,Normale,Autre collision,,,,,,,,,,,5,2,1,1.0,6
201300058025,0013-01-06 15:25:00,13,1,6,15,25,974,9,RN2,,,Plein jour,En agglomération,Hors intersection,Normale,Autre collision,,,,,,,,,,,1,2,1,1.0,6
201300058026,0013-02-19 12:30:00,13,2,19,12,30,974,9,"453, Salazie (route de)",,,Plein jour,Hors agglomération,Hors intersection,Normale,Autre collision,,,,,,,,,,,1,1,1,1.0,6
201300058027,0013-02-27 16:30:00,13,2,27,16,30,974,9,"936, MASCAREIGNES (Avenu",,,Plein jour,En agglomération,Hors intersection,Normale,Deux véhicules - arrière,,,,,,,,,,,1,2,1,1.0,2
201300058028,0013-03-08 14:00:00,13,3,8,14,0,974,9,"0, DIORE(CHEMIN)",,,Plein jour,Hors agglomération,Hors intersection,Normale,Autre collision,,,,,,,,,,,1,1,1,1.0,6
201300058029,0013-03-30 18:10:00,13,3,30,18,10,974,9,CRESSONNIERE (RUE DE LA),,,Crépuscule ou aube,Hors agglomération,Hors intersection,Normale,Deux véhicules - arrière,,,,,,,,,,,2,1,1,1.0,2
201300058030,0013-04-04 05:40:00,13,4,4,5,40,974,9,"0000, Ravine creuse (che",,,Nuit sans éclairage public,En agglomération,Hors intersection,Pluie légère,Deux véhicules - arrière,,,,,,,,,,,3,2,1,2.0,2
201300058031,0013-04-05 13:05:00,13,4,5,13,5,974,9,DE BOURBON(AVENUE),,,Plein jour,Hors agglomération,Hors intersection,Normale,Deux véhicules - arrière,,,,,,,,,,,1,1,1,1.0,2
201300058032,0013-04-13 12:00:00,13,4,13,12,0,974,9,Lefaguyes (chemin),,,Plein jour,En agglomération,Hors intersection,Normale,Deux véhicules - côté,,,,,,,,,,,1,2,1,1.0,3
201300058033,0013-04-16 16:50:00,13,4,16,16,50,974,9,DE BOURBON(AVENUE),55.64823,2.96761,Plein jour,En agglomération,Hors intersection,Normale,Trois véhicules et plus - en chaîne,,,,,,,,,,,1,2,1,1.0,4
201300058034,0013-04-21 15:00:00,13,4,21,15,0,974,9,"001, BRAS DES CHEVRETTES",,,Plein jour,En agglomération,Hors intersection,Normale,Deux véhicules - frontale,,,,,,,,,,,1,2,1,1.0,1
201300058035,0013-04-23 19:30:00,13,4,23,19,30,974,9,ILE DE FRANCE(AVENUE),,,Nuit avec éclairage allumé,En agglomération,Hors intersection,Normale,Deux véhicules - côté,,,,,,,,,,,5,2,1,1.0,3
201300058036,0013-04-28 07:45:00,13,4,28,7,45,974,9,Salazie (route de),,,Plein jour,Hors agglomération,Hors intersection,Normale,Autre collision,,,,,,,,,,,1,1,1,1.0,6
201300058037,0013-04-05 18:30:00,13,4,5,18,30,974,9,"001, DE LA GARE(RUE)",,,Nuit avec éclairage allumé,En agglomération,Hors intersection,Pluie légère,Autre collision,,,,,,,,,,,5,2,1,2.0,6
201300058038,0013-04-29 18:55:00,13,4,29,18,55,974,9,"001, DU PERE REPOND(RUE)",,,Nuit avec éclairage allumé,Hors agglomération,Hors intersection,Normale,Deux véhicules - côté,,,,,,,,,,,5,1,1,1.0,3
201300058039,0013-03-13 17:55:00,13,3,13,17,55,974,9,"001, PARC DU COLOSSE (ru",,,Crépuscule ou aube,Hors agglomération,Hors intersection,Normale,Deux véhicules - frontale,,,,,,,,,,,2,1,1,1.0,1
201300058040,0013-04-10 18:55:00,13,4,10,18,55,974,9,"001, MAUNIER(RUE)",,,Nuit sans éclairage public,Hors agglomération,Hors intersection,Normale,Deux véhicules - arrière,,,,,,,,,,,3,1,1,1.0,2
201300058041,0013-05-03 10:40:00,13,5,3,10,40,974,9,"2005, MINGARD(RUE)",,,Plein jour,En agglomération,Hors intersection,Normale,Autre collision,,,,,,,,,,,1,2,1,1.0,6
201300058042,0013-05-07 19:15:00,13,5,7,19,15,974,9,LETCHIS (RUE),,,Nuit avec éclairage allumé,En agglomération,Hors intersection,Pluie légère,Autre collision,,,,,,,,,,,5,2,1,2.0,6
201300058043,0013-05-08 07:45:00,13,5,8,7,45,974,9,CAMBUSTON (rue de),,,Plein jour,En agglomération,Hors intersection,Normale,Autre collision,,,,,,,,,,,1,2,1,1.0,6
201300058044,0013-05-21 16:30:00,13,5,21,16,30,974,9,"0, LAGOURGUE(CHEMIN)",,,Plein jour,En agglomération,Intersection en T,Normale,Deux véhicules - côté,,,,,,,,,,,1,2,3,1.0,3
201300058045,0013-06-06 17:30:00,13,6,6,17,30,974,9,", RN2 SENS STE SUZANNE S",,,Crépuscule ou aube,Hors agglomération,Hors intersection,Normale,Deux véhicules - côté,,,,,,,,,,,2,1,1,1.0,3
201300058046,0013-06-06 18:15:00,13,6,6,18,15,974,9,"1932, ILE DE FRANCE (AV)",,,Nuit avec éclairage allumé,En agglomération,Hors intersection,Normale,Trois véhicules et plus - collisions multiples,,,,,,,,,,,5,2,1,1.0,5
201300058047,0013-03-09 13:45:00,13,3,9,13,45,974,9,"00, RN2 DIRECTION ST BEN",,,Plein jour,En agglomération,Hors intersection,Normale,Sans collision,,,,,,,,,,,1,2,1,1.0,7
201300058048,0013-03-15 10:40:00,13,3,15,10,40,974,9,"00, Rio (chemin)",,,Plein jour,En agglomération,Intersection en X,Normale,Deux véhicules - côté,,,,,,,,,,,1,2,2,1.0,3
201300058049,0013-06-11 07:40:00,13,6,11,7,40,974,9,ILE DE FRANCE(AVENUE),,,Plein jour,En agglomération,Hors intersection,Normale,Deux véhicules - côté,,,,,,,,,,,1,2,1,1.0,3
201300058050,0013-06-14 20:45:00,13,6,14,20,45,974,9,DE LA GARE(RUE),,,Nuit avec éclairage allumé,En agglomération,Hors intersection,Normale,Deux véhicules - arrière,,,,,,,,,,,5,2,1,1.0,2
201300058051,0013-06-21 17:55:00,13,6,21,17,55,974,9,", BEL OMBRE (chemin)",,,Crépuscule ou aube,En agglomération,Hors intersection,Normale,Deux véhicules - arrière,,,,,,,,,,,2,2,1,1.0,2
201300058052,0013-04-23 17:15:00,13,4,23,17,15,974,9,"1590, ILE DE FRANCE(AVEN",,,Crépuscule ou aube,En agglomération,Hors intersection,Normale,Autre collision,,,,,,,,,,,2,2,1,1.0,6
201300058053,0013-07-22 15:20:00,13,7,22,15,20,974,9,LAGOURGUE(CHEMIN),,,Plein jour,En agglomération,Hors intersection,Temps éblouissant,Trois véhicules et plus - collisions multiples,,,,,,,,,,,1,2,1,7.0,5
201300058054,0013-06-12 19:20:00,13,6,12,19,20,974,9,DE LA GARE(RUE),,,Nuit avec éclairage allumé,En agglomération,Hors intersection,Normale,Sans collision,,,,,,,,,,,5,2,1,1.0,7
201300058055,0013-06-08 14:30:00,13,6,8,14,30,974,9,DE BOURBON(AVENUE),,,Plein jour,En agglomération,Hors intersection,Normale,Trois véhicules et plus - collisions multiples,,,,,,,,,,,1,2,1,1.0,5
201300058056,0013-06-21 09:40:00,13,6,21,9,40,974,9,DE BOURBON(AVENUE),,,Plein jour,En agglomération,Hors intersection,Normale,Trois véhicules et plus - collisions multiples,,,,,,,,,,,1,2,1,1.0,5
201300058057,0013-06-22 11:00:00,13,6,22,11,0,974,9,DE LA GARE(RUE),,,Plein jour,En agglomération,Hors intersection,Normale,Autre collision,,,,,,,,,,,1,2,1,1.0,6
201300058058,0013-06-28 14:15:00,13,6,28,14,15,974,9,DE LA GARE(RUE),,,Plein jour,En agglomération,Hors intersection,Normale,Deux véhicules - arrière,,,,,,,,,,,1,2,1,1.0,2
201300058059,0013-07-28 10:25:00,13,7,28,10,25,974,9,BRAS DES CHEVRETTES (che,,,Plein jour,En agglomération,Hors intersection,Normale,Deux véhicules - côté,,,,,,,,,,,1,2,1,1.0,3
201300058060,0013-07-01 08:00:00,13,7,1,8,0,974,9,PATELIN (chemin),,,Plein jour,En agglomération,Hors intersection,Normale,Autre collision,,,,,,,,,,,1,2,1,1.0,6
201300058061,0013-07-06 12:05:00,13,7,6,12,5,974,9,MAUNIER(RUE),,,Plein jour,En agglomération,Hors intersection,Normale,Sans collision,,,,,,,,,,,1,2,1,1.0,7
201300058062,0013-07-06 18:00:00,13,7,6,18,0,974,9,LAGOURGUE(CHEMIN),,,Crépuscule ou aube,En agglomération,Hors intersection,Normale,Autre collision,,,,,,,,,,,2,2,1,1.0,6
201300058063,0013-07-09 18:55:00,13,7,9,18,55,974,9,MASCAREIGNES (Avenue des,,,Nuit avec éclairage allumé,En agglomération,Hors intersection,Normale,Deux véhicules - arrière,,,,,,,,,,,5,2,1,1.0,2
201300058064,0013-07-10 21:00:00,13,7,10,21,0,974,9,"IGNORE, ILE DE FRANCE(AV",,,Nuit avec éclairage allumé,En agglomération,Hors intersection,Normale,Sans collision,,,,,,,,,,,5,2,1,1.0,7
201300058065,0013-10-02 18:37:00,13,10,2,18,37,974,9,DU CENTRE(CHEMIN),,,Nuit avec éclairage allumé,En agglomération,Hors intersection,Normale,Deux véhicules - arrière,,,,,,,,,,,5,2,1,1.0,2
201300058066,0013-09-29 16:05:00,13,9,29,16,5,974,9,LETCHIS(RUE),,,Plein jour,En agglomération,Hors intersection,Normale,Sans collision,,,,,,,,,,,1,2,1,1.0,7
201300058067,0013-10-15 19:25:00,13,10,15,19,25,974,9,"30, Grand Canal ( chemin",,,Nuit avec éclairage allumé,Hors agglomération,Hors intersection,Normale,Deux véhicules - frontale,,,,,,,,,,,5,1,1,1.0,1
201300058068,0013-10-20 07:15:00,13,10,20,7,15,974,9,"3115, LAGOURGUE(RUE)",,,Plein jour,En agglomération,Hors intersection,Normale,Deux véhicules - côté,,,,,,,,,,,1,2,1,1.0,3
201300058069,0013-10-20 20:00:00,13,10,20,20,0,974,9,"Ignor?, DE LA GARE(RUE)",,,Nuit avec éclairage allumé,En agglomération,Intersection en T,Normale,Deux véhicules - côté,,,,,,,,,,,5,2,3,1.0,3
201300058070,0013-10-29 17:20:00,13,10,29,17,20,974,9,DIORE(CHEMIN),,,Plein jour,Hors agglomération,Hors intersection,Pluie légère,Autre collision,,,,,,,,,,,1,1,1,2.0,6
201300058071,0013-10-29 17:30:00,13,10,29,17,30,974,9,RN2 SENS ST BENOIT ST DE,,,Plein jour,Hors agglomération,Hors intersection,Pluie légère,Deux véhicules - arrière,,,,,,,,,,,1,1,1,2.0,2
201300058072,0013-11-02 07:10:00,13,11,2,7,10,974,9,MASCAREIGNES (Avenue des,,,Plein jour,En agglomération,Hors intersection,Normale,Autre collision,,,,,,,,,,,1,2,1,1.0,6
201300058073,0013-11-05 12:30:00,13,11,5,12,30,974,9,MASCAREIGNES (Avenue des,,,Plein jour,En agglomération,Hors intersection,Autre,Deux véhicules - côté,,,,,,,,,,,1,2,1,9.0,3
201300058074,0013-11-06 15:55:00,13,11,6,15,55,974,9,"516, CRESSONNIERE (rue d",,,Plein jour,Hors agglomération,Hors intersection,Pluie légère,Deux véhicules - frontale,,,,,,,,,,,1,1,1,2.0,1
201300058075,0013-11-29 09:20:00,13,11,29,9,20,974,9,"1500, BEL OMBRE (chemin)",,,Plein jour,Hors agglomération,Hors intersection,Normale,Deux véhicules - côté,,,,,,,,,,,1,1,1,1.0,3
201300058076,0013-12-16 07:45:00,13,12,16,7,45,974,9,"IGNORE, Salazie (route d",,,Plein jour,Hors agglomération,Hors intersection,Autre,Deux véhicules - arrière,,,,,,,,,,,1,1,1,9.0,2
201300058077,0013-12-20 17:00:00,13,12,20,17,0,974,9,"330, MASCAREIGNES (Avenu",,,Plein jour,En agglomération,Intersection en T,Normale,Autre collision,,,,,,,,,,,1,2,3,1.0,6
201300058078,0013-12-20 20:15:00,13,12,20,20,15,974,9,"IGNORE, BRUNET (CHEMIN)",,,Crépuscule ou aube,En agglomération,Intersection en T,Autre,Deux véhicules - côté,,,,,,,,,,,2,2,3,9.0,3
201300058079,0013-12-30 12:10:00,13,12,30,12,10,974,9,"158, MASCAREIGNES Avenue",,,Plein jour,En agglomération,Hors intersection,Autre,Deux véhicules - côté,,,,,,,,,,,1,2,1,9.0,3
201300058080,0013-02-01 06:30:00,13,2,1,6,30,974,9,"491, DE BOURBON(AVENUE)",,,Crépuscule ou aube,En agglomération,Hors intersection,Pluie légère,Deux véhicules - arrière,,,,,,,,,,,2,2,1,2.0,2
201300058081,0013-02-07 14:00:00,13,2,7,14,0,974,9,MASCAREIGNES (AVENUE),,,Plein jour,En agglomération,Hors intersection,Normale,Deux véhicules - frontale,,,,,,,,,,,1,2,1,1.0,1
201300058082,0013-01-07 14:30:00,13,1,7,14,30,974,11,"78, BOIS DE NEFLES (RUE",,,Plein jour,En agglomération,Hors intersection,Normale,Deux véhicules - arrière,,,,,,,,,,,1,2,1,1.0,2
201300058083,0013-01-14 22:35:00,13,1,14,22,35,974,11,LABOURDONNAIS (RUE),,,Nuit avec éclairage allumé,En agglomération,Intersection à plus de 4 branches,Pluie forte,Deux véhicules - côté,,,,,,,,,,,5,2,5,3.0,3
201300058084,0013-01-29 22:00:00,13,1,29,22,0,974,11,JAURES (BLD 1 JEAN),,,Nuit avec éclairage allumé,En agglomération,Hors intersection,Normale,Deux véhicules - frontale,,,,,,,,,,,5,2,1,1.0,1
201300058085,0013-01-31 17:22:00,13,1,31,17,22,974,11,"31, MONTHYON (RUE)",,,Plein jour,En agglomération,Hors intersection,Autre,Autre collision,,,,,,,,,,,1,2,1,9.0,6
201300058086,0013-02-07 01:45:00,13,2,7,1,45,974,11,"6, SAINT-BERNARD (CH DE)",,,Nuit avec éclairage allumé,En agglomération,Hors intersection,Normale,Autre collision,,,,,,,,,,,5,2,1,1.0,6
201300058087,0013-02-01 15:20:00,13,2,1,15,20,974,11,"32, GAULLE (DU GENERAL D",,,Plein jour,En agglomération,Intersection en X,Pluie légère,Deux véhicules - arrière,,,,,,,,,,,1,2,2,2.0,2
201300058088,0013-02-04 08:46:00,13,2,4,8,46,974,11,2LANCASTEL (BOULEVARD),,,Plein jour,En agglomération,Hors intersection,Normale,Deux véhicules - frontale,,,,,,,,,,,1,2,1,1.0,1
201300058089,0013-02-09 01:00:00,13,2,9,1,0,974,11,5 POMPIDOU (AV. GEORGES),,,Nuit avec éclairage allumé,En agglomération,Hors intersection,Normale,Trois véhicules et plus - collisions multiples,,,,,,,,,,,5,2,1,1.0,5
201300058090,0013-02-09 14:05:00,13,2,9,14,5,974,11,3 MARCADET (RUELLE),,,Plein jour,En agglomération,Hors intersection,Autre,Autre collision,,,,,,,,,,,1,2,1,9.0,6
201300058091,0013-02-10 03:27:00,13,2,10,3,27,974,11,LITTORAL (ROUTE 1 DU),,,Nuit sans éclairage public,En agglomération,Hors intersection,Normale,Deux véhicules - arrière,,,,,,,,,,,3,2,1,1.0,2
201300058092,0013-02-12 17:20:00,13,2,12,17,20,974,11,2  RAMBAUD (LEOPOLD),,,Plein jour,En agglomération,Hors intersection,Normale,Deux véhicules - frontale,,,,,,,,,,,1,2,1,1.0,1
201300058093,0013-02-08 08:00:00,13,2,8,8,0,974,11,NOTRE DAME DE LA TRINITE,,,Plein jour,En agglomération,Hors intersection,Normale,Deux véhicules - frontale,,,,,,,,,,,1,2,1,1.0,1
201300058094,0013-02-14 08:05:00,13,2,14,8,5,974,11,1BOYER (ROUTE ANTIDE),,,Plein jour,En agglomération,Hors intersection,Normale,Deux véhicules - frontale,,,,,,,,,,,1,2,1,1.0,1
201300058095,0013-01-10 08:03:00,13,1,10,8,3,974,11,JAURES (BLD 1 JEAN),,,Plein jour,En agglomération,Intersection en X,Normale,Deux véhicules - côté,,,,,,,,,,,1,2,2,1.0,3
201300058096,0013-02-19 16:35:00,13,2,19,16,35,974,11,RUISSEAU DES NOIRS (RUE),,,Plein jour,En agglomération,Hors intersection,Pluie légère,Autre collision,,,,,,,,,,,1,2,1,2.0,6
201300058097,0013-02-28 07:07:00,13,2,28,7,7,974,11,"3, AGATES (ALLEE DES)",,,Plein jour,En agglomération,Hors intersection,Normale,Autre collision,,,,,,,,,,,1,2,1,1.0,6
201300058098,0013-02-28 13:10:00,13,2,28,13,10,974,11,3 LECONTE DE LISLE (AV),,,Plein jour,En agglomération,Hors intersection,Normale,Autre collision,,,,,,,,,,,1,2,1,1.0,6
201300058099,0013-02-28 19:45:00,13,2,28,19,45,974,11,2 JAURES (BLD 1 JEAN),,,Nuit avec éclairage allumé,En agglomération,Hors intersection,Normale,Trois véhicules et plus - collisions multiples,,,,,,,,,,,5,2,1,1.0,5
201300058100,0013-03-02 23:47:00,13,3,2,23,47,974,11,LECONTE DE LISLE (AV),,,Nuit avec éclairage allumé,En agglomération,Intersection à plus de 4 branches,Normale,Deux véhicules - côté,,,,,,,,,,,5,2,5,1.0,3
201300058101,0013-03-10 02:22:00,13,3,10,2,22,974,11,DODU 1 (RUE JULIETTE),,,Nuit avec éclairage allumé,En agglomération,Intersection en X,Normale,Deux véhicules - côté,,,,,,,,,,,5,2,2,1.0,3
201300058102,0013-03-06 14:00:00,13,3,6,14,0,974,11,CHAUDRON  (BLD 1 DU),,,Plein jour,En agglomération,Hors intersection,Normale,Deux véhicules - côté,,,,,,,,,,,1,2,1,1.0,3
201300058103,0013-03-12 17:08:00,13,3,12,17,8,974,11,LAGRANGE (RUE LEO),,,Plein jour,En agglomération,Hors intersection,Normale,Autre collision,,,,,,,,,,,1,2,1,1.0,6
201300058104,0013-03-03 16:08:00,13,3,3,16,8,974,11,"1, VICTOIRE (AVENUE DE L",,,Plein jour,En agglomération,Intersection en X,Normale,Autre collision,,,,,,,,,,,1,2,2,1.0,6
201300058105,0013-03-19 11:35:00,13,3,19,11,35,974,11,ANNE (SAINTE-),,,Plein jour,En agglomération,Intersection en X,Normale,Deux véhicules - côté,,,,,,,,,,,1,2,2,1.0,3
201300058106,0013-03-25 16:23:00,13,3,25,16,23,974,11,COCOTIERS (AVENUE DES),,,Plein jour,En agglomération,Hors intersection,Normale,Autre collision,,,,,,,,,,,1,2,1,1.0,6
201300058107,0013-04-02 08:28:00,13,4,2,8,28,974,11,BOIS DE NEFLES (RUE DU),,,Plein jour,En agglomération,Hors intersection,Temps éblouissant,Autre collision,,,,,,,,,,,1,2,1,7.0,6
201300058108,0013-04-03 17:12:00,13,4,3,17,12,974,11,MONTHYON (RUE),,,Plein jour,En agglomération,Hors intersection,Pluie légère,Autre collision,,,,,,,,,,,1,2,1,2.0,6
201300058109,0013-04-08 16:58:00,13,4,8,16,58,974,11,JAURES (BLD 1 JEAN),,,Plein jour,En agglomération,Hors intersection,Normale,Deux véhicules - côté,,,,,,,,,,,1,2,1,1.0,3
201300058110,0013-04-18 17:55:00,13,4,18,17,55,974,11,"2, MONTHYON (RUE)",,,Plein jour,En agglomération,Intersection en X,Normale,Autre collision,,,,,,,,,,,1,2,2,1.0,6
201300058111,0013-05-18 22:40:00,13,5,18,22,40,974,11,JAURES (BOULEVARD JEAN),,,Nuit avec éclairage allumé,En agglomération,Hors intersection,Normale,Autre collision,,,,,,,,,,,5,2,1,1.0,6
201300058112,0013-04-22 07:53:00,13,4,22,7,53,974,11,NEUF (CHEMIN),,,Plein jour,Hors agglomération,Hors intersection,Temps éblouissant,Autre collision,,,,,,,,,,,1,1,1,7.0,6
201300058113,0013-04-24 08:00:00,13,4,24,8,0,974,11,JAURES (BD JEAN),,,Plein jour,En agglomération,Intersection en X,Normale,Autre collision,,,,,,,,,,,1,2,2,1.0,6
201300058114,0013-04-22 11:40:00,13,4,22,11,40,974,11,MAZAGRAN (RUE),,,Plein jour,En agglomération,Hors intersection,Normale,Deux véhicules - côté,,,,,,,,,,,1,2,1,1.0,3
201300058115,0013-05-08 14:20:00,13,5,8,14,20,974,11,MALRAUX (AVENUE ANDRE),,,Plein jour,En agglomération,Intersection en X,Normale,Autre collision,,,,,,,,,,,1,2,2,1.0,6
201300058116,0013-05-11 05:25:00,13,5,11,5,25,974,11,JAURES (BOULEVARD JEAN),,,Nuit avec éclairage allumé,En agglomération,Hors intersection,Normale,Deux véhicules - côté,,,,,,,,,,,5,2,1,1.0,3
201300058117,0013-04-13 05:20:00,13,4,13,5,20,974,11,RUISSEAU DES NOIRS (RUE),,,Nuit avec éclairage non allumé,En agglomération,Hors intersection,Normale,Deux véhicules - côté,,,,,,,,,,,4,2,1,1.0,3
201300058118,0013-05-21 00:30:00,13,5,21,0,30,974,11,JAURES (BOULEVARD JEAN),,,Nuit avec éclairage allumé,En agglomération,Hors intersection,Normale,Autre collision,,,,,,,,,,,5,2,1,1.0,6
201300058119,0013-05-25 05:20:00,13,5,25,5,20,974,11,LANCASTEL (BOULEVARD),,,Nuit avec éclairage allumé,En agglomération,Hors intersection,Normale,Autre collision,,,,,,,,,,,5,2,1,1.0,6
201300058120,0013-05-17 16:30:00,13,5,17,16,30,974,11,BUREAUX (ALLEE DES),,,Plein jour,En agglomération,Autre intersection,Normale,Deux véhicules - côté,,,,,,,,,,,1,2,9,1.0,3
201300058121,0013-06-03 18:28:00,13,6,3,18,28,974,11,LATTRE DE TASSIGNY (AVEN,,,Crépuscule ou aube,En agglomération,Hors intersection,Normale,Autre collision,,,,,,,,,,,2,2,1,1.0,6
201300058122,0013-06-08 00:45:00,13,6,8,0,45,974,11,RN2/043,,,Nuit avec éclairage allumé,Hors agglomération,Hors intersection,Normale,Deux véhicules - arrière,,,,,,,,,,,5,1,1,1.0,2
201300058123,0013-06-11 01:21:00,13,6,11,1,21,974,11,POMPIDOU (AV GEORGES),,,Nuit avec éclairage allumé,En agglomération,Intersection en T,Normale,Deux véhicules - côté,,,,,,,,,,,5,2,3,1.0,3
201300058124,0013-06-13 06:30:00,13,6,13,6,30,974,11,JAURES (BD JEAN),,,Crépuscule ou aube,En agglomération,Intersection en X,Normale,Autre collision,,,,,,,,,,,2,2,2,1.0,6
201300058125,0013-06-15 02:34:00,13,6,15,2,34,974,11,RN2/092,,,Nuit avec éclairage allumé,Hors agglomération,Intersection en X,Normale,Deux véhicules - côté,,,,,,,,,,,5,1,2,1.0,3
201300058126,0013-06-16 19:50:00,13,6,16,19,50,974,11,LATTRE DE TASSIGNY (AV),,,Crépuscule ou aube,En agglomération,Hors intersection,Normale,Deux véhicules - côté,,,,,,,,,,,2,2,1,1.0,3
201300058127,0013-06-17 21:05:00,13,6,17,21,5,974,11,RN2/043,,,Nuit avec éclairage allumé,Hors agglomération,Hors intersection,Normale,Autre collision,,,,,,,,,,,5,1,1,1.0,6
201300058128,0013-06-19 15:35:00,13,6,19,15,35,974,11,RAMBAUD (LEOPOLD),,,Plein jour,En agglomération,Hors intersection,Normale,Deux véhicules - arrière,,,,,,,,,,,1,2,1,1.0,2
201300058129,0013-06-22 02:05:00,13,6,22,2,5,974,11,DODU 1 (RUE JULIETTE),,,Nuit avec éclairage allumé,En agglomération,Intersection en X,Normale,Deux véhicules - côté,,,,,,,,,,,5,2,2,1.0,3
201300058130,0013-06-23 18:45:00,13,6,23,18,45,974,11,JAURES (BOULEVARD JEAN),,,Nuit avec éclairage allumé,En agglomération,Hors intersection,Normale,Deux véhicules - arrière,,,,,,,,,,,5,2,1,1.0,2
201300058131,0013-06-27 22:00:00,13,6,27,22,0,974,11,BAUHINIAS (CHEMIN DES),,,Nuit avec éclairage allumé,En agglomération,Hors intersection,Normale,Autre collision,,,,,,,,,,,5,2,1,1.0,6
201300058132,0013-06-28 19:50:00,13,6,28,19,50,974,11,PICARDIE (RUE DE LA),,,Nuit sans éclairage public,En agglomération,Hors intersection,Normale,Autre collision,,,,,,,,,,,3,2,1,1.0,6
201300058133,0013-07-02 16:05:00,13,7,2,16,5,974,11,PROVIDENCE (BOULEVARD DE,,,Plein jour,En agglomération,Hors intersection,Normale,Deux véhicules - arrière,,,,,,,,,,,1,2,1,1.0,2
201300058134,0013-07-07 01:00:00,13,7,7,1,0,974,11,PARIS (RUE DE),,,Nuit avec éclairage allumé,En agglomération,Intersection en X,Normale,Deux véhicules - côté,,,,,,,,,,,5,2,2,1.0,3
201300058135,0013-07-07 12:45:00,13,7,7,12,45,974,11,JAURES (BOULEVARD JEAN),,,Plein jour,En agglomération,Intersection en X,Normale,Deux véhicules - côté,,,,,,,,,,,1,2,2,1.0,3
201300058136,0013-07-20 13:40:00,13,7,20,13,40,974,11,EUCALYPTUS (ROUTE DES),,,Plein jour,Hors agglomération,Intersection en Y,Normale,Deux véhicules - frontale,,,,,,,,,,,1,1,4,1.0,1
201300058137,0013-07-17 01:05:00,13,7,17,1,5,974,11,JAURES (BOULEVARD JEAN),,,Nuit avec éclairage allumé,En agglomération,Hors intersection,Normale,Deux véhicules - arrière,,,,,,,,,,,5,2,1,1.0,2